2026-05-29 11:58:55.925027: E external/local_xla/xla/stream_executor/cuda/cuda_fft.cc:467] Unable to register cuFFT factory: Attempting to register factory for plugin cuFFT when one has already been registered
WARNING: All log messages before absl::InitializeLog() is called are written to STDERR
E0000 00:00:1780048736.294900    5958 cuda_dnn.cc:8579] Unable to register cuDNN factory: Attempting to register factory for plugin cuDNN when one has already been registered
E0000 00:00:1780048736.402541    5958 cuda_blas.cc:1407] Unable to register cuBLAS factory: Attempting to register factory for plugin cuBLAS when one has already been registered
W0000 00:00:1780048737.461809    5958 computation_placer.cc:177] computation placer already registered. Please check linkage and avoid linking the same target more than once.
W0000 00:00:1780048737.461854    5958 computation_placer.cc:177] computation placer already registered. Please check linkage and avoid linking the same target more than once.
W0000 00:00:1780048737.461858    5958 computation_placer.cc:177] computation placer already registered. Please check linkage and avoid linking the same target more than once.
W0000 00:00:1780048737.461861    5958 computation_placer.cc:177] computation placer already registered. Please check linkage and avoid linking the same target more than once.
2026-05-29 11:58:57.501529: I tensorflow/core/platform/cpu_feature_guard.cc:210] This TensorFlow binary is optimized to use available CPU instructions in performance-critical operations.
To enable the following instructions: AVX2 FMA, in other operations, rebuild TensorFlow with the appropriate compiler flags.
/home/vangeloz/public/dp-fair-intervention-benchmark/venv/lib/python3.9/site-packages/inFairness/utils/ndcg.py:37: FutureWarning: We've integrated functorch into PyTorch. As the final step of the integration, `functorch.vmap` is deprecated as of PyTorch 2.0 and will be deleted in a future version of PyTorch >= 2.3. Please use `torch.vmap` instead; see the PyTorch 2.0 release notes and/or the `torch.func` migration guide for more details https://pytorch.org/docs/main/func.migrating.html
  vect_normalized_discounted_cumulative_gain = vmap(
/home/vangeloz/public/dp-fair-intervention-benchmark/venv/lib/python3.9/site-packages/inFairness/utils/ndcg.py:48: FutureWarning: We've integrated functorch into PyTorch. As the final step of the integration, `functorch.vmap` is deprecated as of PyTorch 2.0 and will be deleted in a future version of PyTorch >= 2.3. Please use `torch.vmap` instead; see the PyTorch 2.0 release notes and/or the `torch.func` migration guide for more details https://pytorch.org/docs/main/func.migrating.html
  monte_carlo_vect_ndcg = vmap(vect_normalized_discounted_cumulative_gain, in_dims=(0,))
/home/vangeloz/public/dp-fair-intervention-benchmark/venv/lib/python3.9/site-packages/aif360/metrics/dataset_metric.py:82: RuntimeWarning: divide by zero encountered in scalar divide
  return metric_fun(privileged=False) / metric_fun(privileged=True)
/home/vangeloz/public/dp-fair-intervention-benchmark/venv/lib/python3.9/site-packages/sklearn/utils/validation.py:1408: DataConversionWarning: A column-vector y was passed when a 1d array was expected. Please change the shape of y to (n_samples, ), for example using ravel().
  y = column_or_1d(y, warn=True)
/home/vangeloz/public/dp-fair-intervention-benchmark/venv/lib/python3.9/site-packages/aif360/metrics/dataset_metric.py:82: RuntimeWarning: divide by zero encountered in scalar divide
  return metric_fun(privileged=False) / metric_fun(privileged=True)
/home/vangeloz/public/dp-fair-intervention-benchmark/venv/lib/python3.9/site-packages/sklearn/utils/validation.py:1408: DataConversionWarning: A column-vector y was passed when a 1d array was expected. Please change the shape of y to (n_samples, ), for example using ravel().
  y = column_or_1d(y, warn=True)
/home/vangeloz/public/dp-fair-intervention-benchmark/venv/lib/python3.9/site-packages/aif360/metrics/dataset_metric.py:82: RuntimeWarning: divide by zero encountered in scalar divide
  return metric_fun(privileged=False) / metric_fun(privileged=True)
/home/vangeloz/public/dp-fair-intervention-benchmark/venv/lib/python3.9/site-packages/sklearn/utils/validation.py:1408: DataConversionWarning: A column-vector y was passed when a 1d array was expected. Please change the shape of y to (n_samples, ), for example using ravel().
  y = column_or_1d(y, warn=True)
/home/vangeloz/public/dp-fair-intervention-benchmark/venv/lib/python3.9/site-packages/sklearn/preprocessing/_label.py:110: DataConversionWarning: A column-vector y was passed when a 1d array was expected. Please change the shape of y to (n_samples, ), for example using ravel().
  y = column_or_1d(y, warn=True)
/home/vangeloz/public/dp-fair-intervention-benchmark/venv/lib/python3.9/site-packages/sklearn/linear_model/_sag.py:348: ConvergenceWarning: The max_iter was reached which means the coef_ did not converge
  warnings.warn(
/home/vangeloz/public/dp-fair-intervention-benchmark/venv/lib/python3.9/site-packages/sklearn/linear_model/_sag.py:348: ConvergenceWarning: The max_iter was reached which means the coef_ did not converge
  warnings.warn(
/home/vangeloz/public/dp-fair-intervention-benchmark/venv/lib/python3.9/site-packages/sklearn/linear_model/_sag.py:348: ConvergenceWarning: The max_iter was reached which means the coef_ did not converge
  warnings.warn(
/home/vangeloz/public/dp-fair-intervention-benchmark/venv/lib/python3.9/site-packages/sklearn/linear_model/_sag.py:348: ConvergenceWarning: The max_iter was reached which means the coef_ did not converge
  warnings.warn(
/home/vangeloz/public/dp-fair-intervention-benchmark/venv/lib/python3.9/site-packages/sklearn/linear_model/_sag.py:348: ConvergenceWarning: The max_iter was reached which means the coef_ did not converge
  warnings.warn(
/home/vangeloz/public/dp-fair-intervention-benchmark/venv/lib/python3.9/site-packages/sklearn/linear_model/_sag.py:348: ConvergenceWarning: The max_iter was reached which means the coef_ did not converge
  warnings.warn(
/home/vangeloz/public/dp-fair-intervention-benchmark/venv/lib/python3.9/site-packages/sklearn/linear_model/_sag.py:348: ConvergenceWarning: The max_iter was reached which means the coef_ did not converge
  warnings.warn(
/home/vangeloz/public/dp-fair-intervention-benchmark/venv/lib/python3.9/site-packages/sklearn/linear_model/_sag.py:348: ConvergenceWarning: The max_iter was reached which means the coef_ did not converge
  warnings.warn(
/home/vangeloz/public/dp-fair-intervention-benchmark/venv/lib/python3.9/site-packages/sklearn/linear_model/_sag.py:348: ConvergenceWarning: The max_iter was reached which means the coef_ did not converge
  warnings.warn(
/home/vangeloz/public/dp-fair-intervention-benchmark/venv/lib/python3.9/site-packages/sklearn/linear_model/_sag.py:348: ConvergenceWarning: The max_iter was reached which means the coef_ did not converge
  warnings.warn(
/home/vangeloz/public/dp-fair-intervention-benchmark/venv/lib/python3.9/site-packages/sklearn/linear_model/_sag.py:348: ConvergenceWarning: The max_iter was reached which means the coef_ did not converge
  warnings.warn(
/home/vangeloz/public/dp-fair-intervention-benchmark/venv/lib/python3.9/site-packages/sklearn/linear_model/_sag.py:348: ConvergenceWarning: The max_iter was reached which means the coef_ did not converge
  warnings.warn(
/home/vangeloz/public/dp-fair-intervention-benchmark/venv/lib/python3.9/site-packages/sklearn/linear_model/_sag.py:348: ConvergenceWarning: The max_iter was reached which means the coef_ did not converge
  warnings.warn(
/home/vangeloz/public/dp-fair-intervention-benchmark/venv/lib/python3.9/site-packages/sklearn/linear_model/_sag.py:348: ConvergenceWarning: The max_iter was reached which means the coef_ did not converge
  warnings.warn(
/home/vangeloz/public/dp-fair-intervention-benchmark/venv/lib/python3.9/site-packages/sklearn/linear_model/_sag.py:348: ConvergenceWarning: The max_iter was reached which means the coef_ did not converge
  warnings.warn(
/home/vangeloz/public/dp-fair-intervention-benchmark/venv/lib/python3.9/site-packages/sklearn/linear_model/_sag.py:348: ConvergenceWarning: The max_iter was reached which means the coef_ did not converge
  warnings.warn(
/home/vangeloz/public/dp-fair-intervention-benchmark/venv/lib/python3.9/site-packages/sklearn/linear_model/_sag.py:348: ConvergenceWarning: The max_iter was reached which means the coef_ did not converge
  warnings.warn(
/home/vangeloz/public/dp-fair-intervention-benchmark/venv/lib/python3.9/site-packages/sklearn/linear_model/_sag.py:348: ConvergenceWarning: The max_iter was reached which means the coef_ did not converge
  warnings.warn(
/home/vangeloz/public/dp-fair-intervention-benchmark/venv/lib/python3.9/site-packages/aif360/metrics/dataset_metric.py:82: RuntimeWarning: divide by zero encountered in scalar divide
  return metric_fun(privileged=False) / metric_fun(privileged=True)
/home/vangeloz/public/dp-fair-intervention-benchmark/venv/lib/python3.9/site-packages/sklearn/preprocessing/_label.py:110: DataConversionWarning: A column-vector y was passed when a 1d array was expected. Please change the shape of y to (n_samples, ), for example using ravel().
  y = column_or_1d(y, warn=True)
/home/vangeloz/public/dp-fair-intervention-benchmark/venv/lib/python3.9/site-packages/aif360/metrics/dataset_metric.py:82: RuntimeWarning: divide by zero encountered in scalar divide
  return metric_fun(privileged=False) / metric_fun(privileged=True)
/home/vangeloz/public/dp-fair-intervention-benchmark/venv/lib/python3.9/site-packages/aif360/metrics/dataset_metric.py:82: RuntimeWarning: divide by zero encountered in scalar divide
  return metric_fun(privileged=False) / metric_fun(privileged=True)
/home/vangeloz/public/dp-fair-intervention-benchmark/venv/lib/python3.9/site-packages/aif360/metrics/dataset_metric.py:82: RuntimeWarning: divide by zero encountered in scalar divide
  return metric_fun(privileged=False) / metric_fun(privileged=True)
/home/vangeloz/public/dp-fair-intervention-benchmark/venv/lib/python3.9/site-packages/aif360/metrics/dataset_metric.py:82: RuntimeWarning: invalid value encountered in scalar divide
  return metric_fun(privileged=False) / metric_fun(privileged=True)
/home/vangeloz/public/dp-fair-intervention-benchmark/venv/lib/python3.9/site-packages/aif360/metrics/dataset_metric.py:82: RuntimeWarning: divide by zero encountered in scalar divide
  return metric_fun(privileged=False) / metric_fun(privileged=True)
/home/vangeloz/public/dp-fair-intervention-benchmark/venv/lib/python3.9/site-packages/aif360/metrics/dataset_metric.py:82: RuntimeWarning: invalid value encountered in scalar divide
  return metric_fun(privileged=False) / metric_fun(privileged=True)
/home/vangeloz/public/dp-fair-intervention-benchmark/venv/lib/python3.9/site-packages/aif360/metrics/dataset_metric.py:82: RuntimeWarning: divide by zero encountered in scalar divide
  return metric_fun(privileged=False) / metric_fun(privileged=True)
/home/vangeloz/public/dp-fair-intervention-benchmark/venv/lib/python3.9/site-packages/sklearn/utils/validation.py:1408: DataConversionWarning: A column-vector y was passed when a 1d array was expected. Please change the shape of y to (n_samples, ), for example using ravel().
  y = column_or_1d(y, warn=True)
/home/vangeloz/public/dp-fair-intervention-benchmark/venv/lib/python3.9/site-packages/aif360/metrics/dataset_metric.py:82: RuntimeWarning: divide by zero encountered in scalar divide
  return metric_fun(privileged=False) / metric_fun(privileged=True)
/home/vangeloz/public/dp-fair-intervention-benchmark/venv/lib/python3.9/site-packages/sklearn/utils/validation.py:1408: DataConversionWarning: A column-vector y was passed when a 1d array was expected. Please change the shape of y to (n_samples, ), for example using ravel().
  y = column_or_1d(y, warn=True)
/home/vangeloz/public/dp-fair-intervention-benchmark/venv/lib/python3.9/site-packages/aif360/metrics/dataset_metric.py:82: RuntimeWarning: divide by zero encountered in scalar divide
  return metric_fun(privileged=False) / metric_fun(privileged=True)
/home/vangeloz/public/dp-fair-intervention-benchmark/venv/lib/python3.9/site-packages/aif360/metrics/dataset_metric.py:82: RuntimeWarning: invalid value encountered in scalar divide
  return metric_fun(privileged=False) / metric_fun(privileged=True)
/home/vangeloz/public/dp-fair-intervention-benchmark/venv/lib/python3.9/site-packages/sklearn/utils/validation.py:1408: DataConversionWarning: A column-vector y was passed when a 1d array was expected. Please change the shape of y to (n_samples, ), for example using ravel().
  y = column_or_1d(y, warn=True)
/home/vangeloz/public/dp-fair-intervention-benchmark/venv/lib/python3.9/site-packages/sklearn/preprocessing/_label.py:110: DataConversionWarning: A column-vector y was passed when a 1d array was expected. Please change the shape of y to (n_samples, ), for example using ravel().
  y = column_or_1d(y, warn=True)
/home/vangeloz/public/dp-fair-intervention-benchmark/venv/lib/python3.9/site-packages/aif360/metrics/dataset_metric.py:82: RuntimeWarning: divide by zero encountered in scalar divide
  return metric_fun(privileged=False) / metric_fun(privileged=True)
/home/vangeloz/public/dp-fair-intervention-benchmark/venv/lib/python3.9/site-packages/sklearn/preprocessing/_label.py:110: DataConversionWarning: A column-vector y was passed when a 1d array was expected. Please change the shape of y to (n_samples, ), for example using ravel().
  y = column_or_1d(y, warn=True)
/home/vangeloz/public/dp-fair-intervention-benchmark/venv/lib/python3.9/site-packages/aif360/metrics/dataset_metric.py:82: RuntimeWarning: divide by zero encountered in scalar divide
  return metric_fun(privileged=False) / metric_fun(privileged=True)
/home/vangeloz/public/dp-fair-intervention-benchmark/venv/lib/python3.9/site-packages/aif360/metrics/dataset_metric.py:82: RuntimeWarning: divide by zero encountered in scalar divide
  return metric_fun(privileged=False) / metric_fun(privileged=True)
/home/vangeloz/public/dp-fair-intervention-benchmark/venv/lib/python3.9/site-packages/aif360/metrics/dataset_metric.py:82: RuntimeWarning: divide by zero encountered in scalar divide
  return metric_fun(privileged=False) / metric_fun(privileged=True)
/home/vangeloz/public/dp-fair-intervention-benchmark/venv/lib/python3.9/site-packages/aif360/metrics/dataset_metric.py:82: RuntimeWarning: invalid value encountered in scalar divide
  return metric_fun(privileged=False) / metric_fun(privileged=True)
/home/vangeloz/public/dp-fair-intervention-benchmark/venv/lib/python3.9/site-packages/aif360/metrics/dataset_metric.py:82: RuntimeWarning: divide by zero encountered in scalar divide
  return metric_fun(privileged=False) / metric_fun(privileged=True)
/home/vangeloz/public/dp-fair-intervention-benchmark/venv/lib/python3.9/site-packages/aif360/metrics/dataset_metric.py:82: RuntimeWarning: invalid value encountered in scalar divide
  return metric_fun(privileged=False) / metric_fun(privileged=True)
/home/vangeloz/public/dp-fair-intervention-benchmark/venv/lib/python3.9/site-packages/aif360/metrics/dataset_metric.py:82: RuntimeWarning: divide by zero encountered in scalar divide
  return metric_fun(privileged=False) / metric_fun(privileged=True)
/home/vangeloz/public/dp-fair-intervention-benchmark/venv/lib/python3.9/site-packages/aif360/algorithms/preprocessing/reweighing.py:66: RuntimeWarning: invalid value encountered in scalar divide
  self.w_p_fav = n_fav*n_p / (n*n_p_fav)
/home/vangeloz/public/dp-fair-intervention-benchmark/venv/lib/python3.9/site-packages/aif360/algorithms/preprocessing/reweighing.py:67: RuntimeWarning: invalid value encountered in scalar divide
  self.w_p_unfav = n_unfav*n_p / (n*n_p_unfav)
/home/vangeloz/public/dp-fair-intervention-benchmark/venv/lib/python3.9/site-packages/sklearn/utils/validation.py:1408: DataConversionWarning: A column-vector y was passed when a 1d array was expected. Please change the shape of y to (n_samples, ), for example using ravel().
  y = column_or_1d(y, warn=True)
/home/vangeloz/public/dp-fair-intervention-benchmark/venv/lib/python3.9/site-packages/aif360/metrics/dataset_metric.py:82: RuntimeWarning: divide by zero encountered in scalar divide
  return metric_fun(privileged=False) / metric_fun(privileged=True)
/home/vangeloz/public/dp-fair-intervention-benchmark/venv/lib/python3.9/site-packages/sklearn/utils/validation.py:1408: DataConversionWarning: A column-vector y was passed when a 1d array was expected. Please change the shape of y to (n_samples, ), for example using ravel().
  y = column_or_1d(y, warn=True)
/home/vangeloz/public/dp-fair-intervention-benchmark/venv/lib/python3.9/site-packages/aif360/metrics/dataset_metric.py:82: RuntimeWarning: divide by zero encountered in scalar divide
  return metric_fun(privileged=False) / metric_fun(privileged=True)
/home/vangeloz/public/dp-fair-intervention-benchmark/venv/lib/python3.9/site-packages/numpy/core/fromnumeric.py:3504: RuntimeWarning: Mean of empty slice.
  return _methods._mean(a, axis=axis, dtype=dtype,
/home/vangeloz/public/dp-fair-intervention-benchmark/venv/lib/python3.9/site-packages/numpy/core/_methods.py:129: RuntimeWarning: invalid value encountered in scalar divide
  ret = ret.dtype.type(ret / rcount)
/home/vangeloz/public/dp-fair-intervention-benchmark/venv/lib/python3.9/site-packages/numpy/core/_methods.py:121: RuntimeWarning: invalid value encountered in divide
  ret = um.true_divide(
/home/vangeloz/public/dp-fair-intervention-benchmark/venv/lib/python3.9/site-packages/sklearn/utils/validation.py:1408: DataConversionWarning: A column-vector y was passed when a 1d array was expected. Please change the shape of y to (n_samples, ), for example using ravel().
  y = column_or_1d(y, warn=True)
/home/vangeloz/public/dp-fair-intervention-benchmark/venv/lib/python3.9/site-packages/sklearn/preprocessing/_label.py:110: DataConversionWarning: A column-vector y was passed when a 1d array was expected. Please change the shape of y to (n_samples, ), for example using ravel().
  y = column_or_1d(y, warn=True)
/home/vangeloz/public/dp-fair-intervention-benchmark/venv/lib/python3.9/site-packages/aif360/metrics/dataset_metric.py:82: RuntimeWarning: divide by zero encountered in scalar divide
  return metric_fun(privileged=False) / metric_fun(privileged=True)
/home/vangeloz/public/dp-fair-intervention-benchmark/venv/lib/python3.9/site-packages/sklearn/preprocessing/_label.py:110: DataConversionWarning: A column-vector y was passed when a 1d array was expected. Please change the shape of y to (n_samples, ), for example using ravel().
  y = column_or_1d(y, warn=True)
/home/vangeloz/public/dp-fair-intervention-benchmark/venv/lib/python3.9/site-packages/aif360/metrics/dataset_metric.py:82: RuntimeWarning: divide by zero encountered in scalar divide
  return metric_fun(privileged=False) / metric_fun(privileged=True)
/home/vangeloz/public/dp-fair-intervention-benchmark/venv/lib/python3.9/site-packages/aif360/metrics/dataset_metric.py:82: RuntimeWarning: divide by zero encountered in scalar divide
  return metric_fun(privileged=False) / metric_fun(privileged=True)
/home/vangeloz/public/dp-fair-intervention-benchmark/venv/lib/python3.9/site-packages/aif360/metrics/dataset_metric.py:82: RuntimeWarning: divide by zero encountered in scalar divide
  return metric_fun(privileged=False) / metric_fun(privileged=True)
/home/vangeloz/public/dp-fair-intervention-benchmark/venv/lib/python3.9/site-packages/aif360/metrics/dataset_metric.py:82: RuntimeWarning: divide by zero encountered in scalar divide
  return metric_fun(privileged=False) / metric_fun(privileged=True)
/home/vangeloz/public/dp-fair-intervention-benchmark/venv/lib/python3.9/site-packages/sklearn/utils/validation.py:1408: DataConversionWarning: A column-vector y was passed when a 1d array was expected. Please change the shape of y to (n_samples, ), for example using ravel().
  y = column_or_1d(y, warn=True)
/home/vangeloz/public/dp-fair-intervention-benchmark/venv/lib/python3.9/site-packages/aif360/metrics/dataset_metric.py:82: RuntimeWarning: divide by zero encountered in scalar divide
  return metric_fun(privileged=False) / metric_fun(privileged=True)
/home/vangeloz/public/dp-fair-intervention-benchmark/venv/lib/python3.9/site-packages/aif360/metrics/dataset_metric.py:82: RuntimeWarning: invalid value encountered in scalar divide
  return metric_fun(privileged=False) / metric_fun(privileged=True)
/home/vangeloz/public/dp-fair-intervention-benchmark/venv/lib/python3.9/site-packages/sklearn/utils/validation.py:1408: DataConversionWarning: A column-vector y was passed when a 1d array was expected. Please change the shape of y to (n_samples, ), for example using ravel().
  y = column_or_1d(y, warn=True)
/home/vangeloz/public/dp-fair-intervention-benchmark/venv/lib/python3.9/site-packages/aif360/metrics/dataset_metric.py:82: RuntimeWarning: divide by zero encountered in scalar divide
  return metric_fun(privileged=False) / metric_fun(privileged=True)
/home/vangeloz/public/dp-fair-intervention-benchmark/venv/lib/python3.9/site-packages/sklearn/utils/validation.py:1408: DataConversionWarning: A column-vector y was passed when a 1d array was expected. Please change the shape of y to (n_samples, ), for example using ravel().
  y = column_or_1d(y, warn=True)
/home/vangeloz/public/dp-fair-intervention-benchmark/venv/lib/python3.9/site-packages/sklearn/preprocessing/_label.py:110: DataConversionWarning: A column-vector y was passed when a 1d array was expected. Please change the shape of y to (n_samples, ), for example using ravel().
  y = column_or_1d(y, warn=True)
/home/vangeloz/public/dp-fair-intervention-benchmark/venv/lib/python3.9/site-packages/aif360/metrics/dataset_metric.py:82: RuntimeWarning: divide by zero encountered in scalar divide
  return metric_fun(privileged=False) / metric_fun(privileged=True)
/home/vangeloz/public/dp-fair-intervention-benchmark/venv/lib/python3.9/site-packages/sklearn/preprocessing/_label.py:110: DataConversionWarning: A column-vector y was passed when a 1d array was expected. Please change the shape of y to (n_samples, ), for example using ravel().
  y = column_or_1d(y, warn=True)
/home/vangeloz/public/dp-fair-intervention-benchmark/venv/lib/python3.9/site-packages/sklearn/linear_model/_sag.py:348: ConvergenceWarning: The max_iter was reached which means the coef_ did not converge
  warnings.warn(
/home/vangeloz/public/dp-fair-intervention-benchmark/venv/lib/python3.9/site-packages/aif360/metrics/dataset_metric.py:82: RuntimeWarning: divide by zero encountered in scalar divide
  return metric_fun(privileged=False) / metric_fun(privileged=True)
/home/vangeloz/public/dp-fair-intervention-benchmark/venv/lib/python3.9/site-packages/aif360/metrics/dataset_metric.py:82: RuntimeWarning: divide by zero encountered in scalar divide
  return metric_fun(privileged=False) / metric_fun(privileged=True)
/home/vangeloz/public/dp-fair-intervention-benchmark/venv/lib/python3.9/site-packages/aif360/metrics/dataset_metric.py:82: RuntimeWarning: divide by zero encountered in scalar divide
  return metric_fun(privileged=False) / metric_fun(privileged=True)
/home/vangeloz/public/dp-fair-intervention-benchmark/venv/lib/python3.9/site-packages/aif360/metrics/dataset_metric.py:82: RuntimeWarning: invalid value encountered in scalar divide
  return metric_fun(privileged=False) / metric_fun(privileged=True)
/home/vangeloz/public/dp-fair-intervention-benchmark/venv/lib/python3.9/site-packages/aif360/metrics/dataset_metric.py:82: RuntimeWarning: divide by zero encountered in scalar divide
  return metric_fun(privileged=False) / metric_fun(privileged=True)
/home/vangeloz/public/dp-fair-intervention-benchmark/venv/lib/python3.9/site-packages/aif360/metrics/dataset_metric.py:82: RuntimeWarning: invalid value encountered in scalar divide
  return metric_fun(privileged=False) / metric_fun(privileged=True)
/home/vangeloz/public/dp-fair-intervention-benchmark/venv/lib/python3.9/site-packages/aif360/metrics/dataset_metric.py:82: RuntimeWarning: divide by zero encountered in scalar divide
  return metric_fun(privileged=False) / metric_fun(privileged=True)
/home/vangeloz/public/dp-fair-intervention-benchmark/venv/lib/python3.9/site-packages/sklearn/utils/validation.py:1408: DataConversionWarning: A column-vector y was passed when a 1d array was expected. Please change the shape of y to (n_samples, ), for example using ravel().
  y = column_or_1d(y, warn=True)
/home/vangeloz/public/dp-fair-intervention-benchmark/venv/lib/python3.9/site-packages/aif360/metrics/dataset_metric.py:82: RuntimeWarning: divide by zero encountered in scalar divide
  return metric_fun(privileged=False) / metric_fun(privileged=True)
/home/vangeloz/public/dp-fair-intervention-benchmark/venv/lib/python3.9/site-packages/sklearn/utils/validation.py:1408: DataConversionWarning: A column-vector y was passed when a 1d array was expected. Please change the shape of y to (n_samples, ), for example using ravel().
  y = column_or_1d(y, warn=True)
/home/vangeloz/public/dp-fair-intervention-benchmark/venv/lib/python3.9/site-packages/aif360/metrics/dataset_metric.py:82: RuntimeWarning: divide by zero encountered in scalar divide
  return metric_fun(privileged=False) / metric_fun(privileged=True)
/home/vangeloz/public/dp-fair-intervention-benchmark/venv/lib/python3.9/site-packages/sklearn/utils/validation.py:1408: DataConversionWarning: A column-vector y was passed when a 1d array was expected. Please change the shape of y to (n_samples, ), for example using ravel().
  y = column_or_1d(y, warn=True)
/home/vangeloz/public/dp-fair-intervention-benchmark/venv/lib/python3.9/site-packages/sklearn/preprocessing/_label.py:110: DataConversionWarning: A column-vector y was passed when a 1d array was expected. Please change the shape of y to (n_samples, ), for example using ravel().
  y = column_or_1d(y, warn=True)
/home/vangeloz/public/dp-fair-intervention-benchmark/venv/lib/python3.9/site-packages/aif360/metrics/dataset_metric.py:82: RuntimeWarning: divide by zero encountered in scalar divide
  return metric_fun(privileged=False) / metric_fun(privileged=True)
/home/vangeloz/public/dp-fair-intervention-benchmark/venv/lib/python3.9/site-packages/sklearn/preprocessing/_label.py:110: DataConversionWarning: A column-vector y was passed when a 1d array was expected. Please change the shape of y to (n_samples, ), for example using ravel().
  y = column_or_1d(y, warn=True)
/home/vangeloz/public/dp-fair-intervention-benchmark/venv/lib/python3.9/site-packages/sklearn/linear_model/_sag.py:348: ConvergenceWarning: The max_iter was reached which means the coef_ did not converge
  warnings.warn(
/home/vangeloz/public/dp-fair-intervention-benchmark/venv/lib/python3.9/site-packages/aif360/metrics/dataset_metric.py:82: RuntimeWarning: divide by zero encountered in scalar divide
  return metric_fun(privileged=False) / metric_fun(privileged=True)
/home/vangeloz/public/dp-fair-intervention-benchmark/venv/lib/python3.9/site-packages/aif360/metrics/dataset_metric.py:82: RuntimeWarning: divide by zero encountered in scalar divide
  return metric_fun(privileged=False) / metric_fun(privileged=True)
/home/vangeloz/public/dp-fair-intervention-benchmark/venv/lib/python3.9/site-packages/aif360/metrics/dataset_metric.py:82: RuntimeWarning: divide by zero encountered in scalar divide
  return metric_fun(privileged=False) / metric_fun(privileged=True)
/home/vangeloz/public/dp-fair-intervention-benchmark/venv/lib/python3.9/site-packages/aif360/metrics/dataset_metric.py:82: RuntimeWarning: invalid value encountered in scalar divide
  return metric_fun(privileged=False) / metric_fun(privileged=True)
/home/vangeloz/public/dp-fair-intervention-benchmark/venv/lib/python3.9/site-packages/aif360/metrics/dataset_metric.py:82: RuntimeWarning: divide by zero encountered in scalar divide
  return metric_fun(privileged=False) / metric_fun(privileged=True)
/home/vangeloz/public/dp-fair-intervention-benchmark/venv/lib/python3.9/site-packages/aif360/metrics/dataset_metric.py:82: RuntimeWarning: invalid value encountered in scalar divide
  return metric_fun(privileged=False) / metric_fun(privileged=True)
/home/vangeloz/public/dp-fair-intervention-benchmark/venv/lib/python3.9/site-packages/aif360/metrics/dataset_metric.py:82: RuntimeWarning: divide by zero encountered in scalar divide
  return metric_fun(privileged=False) / metric_fun(privileged=True)
/home/vangeloz/public/dp-fair-intervention-benchmark/venv/lib/python3.9/site-packages/sklearn/utils/validation.py:1408: DataConversionWarning: A column-vector y was passed when a 1d array was expected. Please change the shape of y to (n_samples, ), for example using ravel().
  y = column_or_1d(y, warn=True)
/home/vangeloz/public/dp-fair-intervention-benchmark/venv/lib/python3.9/site-packages/aif360/metrics/dataset_metric.py:82: RuntimeWarning: divide by zero encountered in scalar divide
  return metric_fun(privileged=False) / metric_fun(privileged=True)
/home/vangeloz/public/dp-fair-intervention-benchmark/venv/lib/python3.9/site-packages/sklearn/utils/validation.py:1408: DataConversionWarning: A column-vector y was passed when a 1d array was expected. Please change the shape of y to (n_samples, ), for example using ravel().
  y = column_or_1d(y, warn=True)
/home/vangeloz/public/dp-fair-intervention-benchmark/venv/lib/python3.9/site-packages/aif360/metrics/dataset_metric.py:82: RuntimeWarning: divide by zero encountered in scalar divide
  return metric_fun(privileged=False) / metric_fun(privileged=True)
/home/vangeloz/public/dp-fair-intervention-benchmark/venv/lib/python3.9/site-packages/aif360/metrics/dataset_metric.py:82: RuntimeWarning: invalid value encountered in scalar divide
  return metric_fun(privileged=False) / metric_fun(privileged=True)
/home/vangeloz/public/dp-fair-intervention-benchmark/venv/lib/python3.9/site-packages/sklearn/utils/validation.py:1408: DataConversionWarning: A column-vector y was passed when a 1d array was expected. Please change the shape of y to (n_samples, ), for example using ravel().
  y = column_or_1d(y, warn=True)
/home/vangeloz/public/dp-fair-intervention-benchmark/venv/lib/python3.9/site-packages/sklearn/preprocessing/_label.py:110: DataConversionWarning: A column-vector y was passed when a 1d array was expected. Please change the shape of y to (n_samples, ), for example using ravel().
  y = column_or_1d(y, warn=True)
/home/vangeloz/public/dp-fair-intervention-benchmark/venv/lib/python3.9/site-packages/aif360/metrics/dataset_metric.py:82: RuntimeWarning: divide by zero encountered in scalar divide
  return metric_fun(privileged=False) / metric_fun(privileged=True)
/home/vangeloz/public/dp-fair-intervention-benchmark/venv/lib/python3.9/site-packages/sklearn/preprocessing/_label.py:110: DataConversionWarning: A column-vector y was passed when a 1d array was expected. Please change the shape of y to (n_samples, ), for example using ravel().
  y = column_or_1d(y, warn=True)
/home/vangeloz/public/dp-fair-intervention-benchmark/venv/lib/python3.9/site-packages/aif360/metrics/dataset_metric.py:82: RuntimeWarning: divide by zero encountered in scalar divide
  return metric_fun(privileged=False) / metric_fun(privileged=True)
/home/vangeloz/public/dp-fair-intervention-benchmark/venv/lib/python3.9/site-packages/aif360/metrics/dataset_metric.py:82: RuntimeWarning: divide by zero encountered in scalar divide
  return metric_fun(privileged=False) / metric_fun(privileged=True)
/home/vangeloz/public/dp-fair-intervention-benchmark/venv/lib/python3.9/site-packages/aif360/metrics/dataset_metric.py:82: RuntimeWarning: divide by zero encountered in scalar divide
  return metric_fun(privileged=False) / metric_fun(privileged=True)
/home/vangeloz/public/dp-fair-intervention-benchmark/venv/lib/python3.9/site-packages/aif360/metrics/dataset_metric.py:82: RuntimeWarning: invalid value encountered in scalar divide
  return metric_fun(privileged=False) / metric_fun(privileged=True)
/home/vangeloz/public/dp-fair-intervention-benchmark/venv/lib/python3.9/site-packages/aif360/metrics/dataset_metric.py:82: RuntimeWarning: divide by zero encountered in scalar divide
  return metric_fun(privileged=False) / metric_fun(privileged=True)
/home/vangeloz/public/dp-fair-intervention-benchmark/venv/lib/python3.9/site-packages/aif360/metrics/dataset_metric.py:82: RuntimeWarning: invalid value encountered in scalar divide
  return metric_fun(privileged=False) / metric_fun(privileged=True)
/home/vangeloz/public/dp-fair-intervention-benchmark/venv/lib/python3.9/site-packages/aif360/metrics/dataset_metric.py:82: RuntimeWarning: divide by zero encountered in scalar divide
  return metric_fun(privileged=False) / metric_fun(privileged=True)
/home/vangeloz/public/dp-fair-intervention-benchmark/venv/lib/python3.9/site-packages/sklearn/utils/validation.py:1408: DataConversionWarning: A column-vector y was passed when a 1d array was expected. Please change the shape of y to (n_samples, ), for example using ravel().
  y = column_or_1d(y, warn=True)
/home/vangeloz/public/dp-fair-intervention-benchmark/venv/lib/python3.9/site-packages/aif360/metrics/dataset_metric.py:82: RuntimeWarning: divide by zero encountered in scalar divide
  return metric_fun(privileged=False) / metric_fun(privileged=True)
/home/vangeloz/public/dp-fair-intervention-benchmark/venv/lib/python3.9/site-packages/sklearn/utils/validation.py:1408: DataConversionWarning: A column-vector y was passed when a 1d array was expected. Please change the shape of y to (n_samples, ), for example using ravel().
  y = column_or_1d(y, warn=True)
/home/vangeloz/public/dp-fair-intervention-benchmark/venv/lib/python3.9/site-packages/aif360/metrics/dataset_metric.py:82: RuntimeWarning: divide by zero encountered in scalar divide
  return metric_fun(privileged=False) / metric_fun(privileged=True)
/home/vangeloz/public/dp-fair-intervention-benchmark/venv/lib/python3.9/site-packages/aif360/metrics/dataset_metric.py:82: RuntimeWarning: invalid value encountered in scalar divide
  return metric_fun(privileged=False) / metric_fun(privileged=True)
/home/vangeloz/public/dp-fair-intervention-benchmark/venv/lib/python3.9/site-packages/sklearn/utils/validation.py:1408: DataConversionWarning: A column-vector y was passed when a 1d array was expected. Please change the shape of y to (n_samples, ), for example using ravel().
  y = column_or_1d(y, warn=True)
/home/vangeloz/public/dp-fair-intervention-benchmark/venv/lib/python3.9/site-packages/sklearn/preprocessing/_label.py:110: DataConversionWarning: A column-vector y was passed when a 1d array was expected. Please change the shape of y to (n_samples, ), for example using ravel().
  y = column_or_1d(y, warn=True)
/home/vangeloz/public/dp-fair-intervention-benchmark/venv/lib/python3.9/site-packages/aif360/metrics/dataset_metric.py:82: RuntimeWarning: divide by zero encountered in scalar divide
  return metric_fun(privileged=False) / metric_fun(privileged=True)
/home/vangeloz/public/dp-fair-intervention-benchmark/venv/lib/python3.9/site-packages/sklearn/preprocessing/_label.py:110: DataConversionWarning: A column-vector y was passed when a 1d array was expected. Please change the shape of y to (n_samples, ), for example using ravel().
  y = column_or_1d(y, warn=True)
/home/vangeloz/public/dp-fair-intervention-benchmark/venv/lib/python3.9/site-packages/aif360/metrics/dataset_metric.py:82: RuntimeWarning: divide by zero encountered in scalar divide
  return metric_fun(privileged=False) / metric_fun(privileged=True)
/home/vangeloz/public/dp-fair-intervention-benchmark/venv/lib/python3.9/site-packages/aif360/metrics/dataset_metric.py:82: RuntimeWarning: divide by zero encountered in scalar divide
  return metric_fun(privileged=False) / metric_fun(privileged=True)
/home/vangeloz/public/dp-fair-intervention-benchmark/venv/lib/python3.9/site-packages/aif360/metrics/dataset_metric.py:82: RuntimeWarning: divide by zero encountered in scalar divide
  return metric_fun(privileged=False) / metric_fun(privileged=True)
/home/vangeloz/public/dp-fair-intervention-benchmark/venv/lib/python3.9/site-packages/aif360/metrics/dataset_metric.py:82: RuntimeWarning: invalid value encountered in scalar divide
  return metric_fun(privileged=False) / metric_fun(privileged=True)
/home/vangeloz/public/dp-fair-intervention-benchmark/venv/lib/python3.9/site-packages/aif360/metrics/dataset_metric.py:82: RuntimeWarning: divide by zero encountered in scalar divide
  return metric_fun(privileged=False) / metric_fun(privileged=True)
/home/vangeloz/public/dp-fair-intervention-benchmark/venv/lib/python3.9/site-packages/aif360/metrics/dataset_metric.py:82: RuntimeWarning: invalid value encountered in scalar divide
  return metric_fun(privileged=False) / metric_fun(privileged=True)
/home/vangeloz/public/dp-fair-intervention-benchmark/venv/lib/python3.9/site-packages/sklearn/utils/validation.py:1408: DataConversionWarning: A column-vector y was passed when a 1d array was expected. Please change the shape of y to (n_samples, ), for example using ravel().
  y = column_or_1d(y, warn=True)
/home/vangeloz/public/dp-fair-intervention-benchmark/venv/lib/python3.9/site-packages/sklearn/utils/validation.py:1408: DataConversionWarning: A column-vector y was passed when a 1d array was expected. Please change the shape of y to (n_samples, ), for example using ravel().
  y = column_or_1d(y, warn=True)
/home/vangeloz/public/dp-fair-intervention-benchmark/venv/lib/python3.9/site-packages/sklearn/utils/validation.py:1408: DataConversionWarning: A column-vector y was passed when a 1d array was expected. Please change the shape of y to (n_samples, ), for example using ravel().
  y = column_or_1d(y, warn=True)
/home/vangeloz/public/dp-fair-intervention-benchmark/venv/lib/python3.9/site-packages/sklearn/preprocessing/_label.py:110: DataConversionWarning: A column-vector y was passed when a 1d array was expected. Please change the shape of y to (n_samples, ), for example using ravel().
  y = column_or_1d(y, warn=True)
/home/vangeloz/public/dp-fair-intervention-benchmark/venv/lib/python3.9/site-packages/sklearn/linear_model/_sag.py:348: ConvergenceWarning: The max_iter was reached which means the coef_ did not converge
  warnings.warn(
/home/vangeloz/public/dp-fair-intervention-benchmark/venv/lib/python3.9/site-packages/sklearn/linear_model/_sag.py:348: ConvergenceWarning: The max_iter was reached which means the coef_ did not converge
  warnings.warn(
/home/vangeloz/public/dp-fair-intervention-benchmark/venv/lib/python3.9/site-packages/sklearn/linear_model/_sag.py:348: ConvergenceWarning: The max_iter was reached which means the coef_ did not converge
  warnings.warn(
/home/vangeloz/public/dp-fair-intervention-benchmark/venv/lib/python3.9/site-packages/sklearn/linear_model/_sag.py:348: ConvergenceWarning: The max_iter was reached which means the coef_ did not converge
  warnings.warn(
/home/vangeloz/public/dp-fair-intervention-benchmark/venv/lib/python3.9/site-packages/sklearn/linear_model/_sag.py:348: ConvergenceWarning: The max_iter was reached which means the coef_ did not converge
  warnings.warn(
/home/vangeloz/public/dp-fair-intervention-benchmark/venv/lib/python3.9/site-packages/sklearn/linear_model/_sag.py:348: ConvergenceWarning: The max_iter was reached which means the coef_ did not converge
  warnings.warn(
/home/vangeloz/public/dp-fair-intervention-benchmark/venv/lib/python3.9/site-packages/sklearn/linear_model/_sag.py:348: ConvergenceWarning: The max_iter was reached which means the coef_ did not converge
  warnings.warn(
/home/vangeloz/public/dp-fair-intervention-benchmark/venv/lib/python3.9/site-packages/sklearn/linear_model/_sag.py:348: ConvergenceWarning: The max_iter was reached which means the coef_ did not converge
  warnings.warn(
/home/vangeloz/public/dp-fair-intervention-benchmark/venv/lib/python3.9/site-packages/sklearn/linear_model/_sag.py:348: ConvergenceWarning: The max_iter was reached which means the coef_ did not converge
  warnings.warn(
/home/vangeloz/public/dp-fair-intervention-benchmark/venv/lib/python3.9/site-packages/sklearn/linear_model/_sag.py:348: ConvergenceWarning: The max_iter was reached which means the coef_ did not converge
  warnings.warn(
/home/vangeloz/public/dp-fair-intervention-benchmark/venv/lib/python3.9/site-packages/sklearn/linear_model/_sag.py:348: ConvergenceWarning: The max_iter was reached which means the coef_ did not converge
  warnings.warn(
/home/vangeloz/public/dp-fair-intervention-benchmark/venv/lib/python3.9/site-packages/sklearn/linear_model/_sag.py:348: ConvergenceWarning: The max_iter was reached which means the coef_ did not converge
  warnings.warn(
/home/vangeloz/public/dp-fair-intervention-benchmark/venv/lib/python3.9/site-packages/sklearn/linear_model/_sag.py:348: ConvergenceWarning: The max_iter was reached which means the coef_ did not converge
  warnings.warn(
/home/vangeloz/public/dp-fair-intervention-benchmark/venv/lib/python3.9/site-packages/sklearn/linear_model/_sag.py:348: ConvergenceWarning: The max_iter was reached which means the coef_ did not converge
  warnings.warn(
/home/vangeloz/public/dp-fair-intervention-benchmark/venv/lib/python3.9/site-packages/sklearn/linear_model/_sag.py:348: ConvergenceWarning: The max_iter was reached which means the coef_ did not converge
  warnings.warn(
/home/vangeloz/public/dp-fair-intervention-benchmark/venv/lib/python3.9/site-packages/sklearn/preprocessing/_label.py:110: DataConversionWarning: A column-vector y was passed when a 1d array was expected. Please change the shape of y to (n_samples, ), for example using ravel().
  y = column_or_1d(y, warn=True)
/home/vangeloz/public/dp-fair-intervention-benchmark/venv/lib/python3.9/site-packages/aif360/metrics/dataset_metric.py:82: RuntimeWarning: invalid value encountered in scalar divide
  return metric_fun(privileged=False) / metric_fun(privileged=True)
/home/vangeloz/public/dp-fair-intervention-benchmark/venv/lib/python3.9/site-packages/sklearn/utils/validation.py:1408: DataConversionWarning: A column-vector y was passed when a 1d array was expected. Please change the shape of y to (n_samples, ), for example using ravel().
  y = column_or_1d(y, warn=True)
/home/vangeloz/public/dp-fair-intervention-benchmark/venv/lib/python3.9/site-packages/aif360/metrics/dataset_metric.py:82: RuntimeWarning: divide by zero encountered in scalar divide
  return metric_fun(privileged=False) / metric_fun(privileged=True)
/home/vangeloz/public/dp-fair-intervention-benchmark/venv/lib/python3.9/site-packages/sklearn/utils/validation.py:1408: DataConversionWarning: A column-vector y was passed when a 1d array was expected. Please change the shape of y to (n_samples, ), for example using ravel().
  y = column_or_1d(y, warn=True)
/home/vangeloz/public/dp-fair-intervention-benchmark/venv/lib/python3.9/site-packages/sklearn/utils/validation.py:1408: DataConversionWarning: A column-vector y was passed when a 1d array was expected. Please change the shape of y to (n_samples, ), for example using ravel().
  y = column_or_1d(y, warn=True)
/home/vangeloz/public/dp-fair-intervention-benchmark/venv/lib/python3.9/site-packages/sklearn/preprocessing/_label.py:110: DataConversionWarning: A column-vector y was passed when a 1d array was expected. Please change the shape of y to (n_samples, ), for example using ravel().
  y = column_or_1d(y, warn=True)
/home/vangeloz/public/dp-fair-intervention-benchmark/venv/lib/python3.9/site-packages/sklearn/linear_model/_sag.py:348: ConvergenceWarning: The max_iter was reached which means the coef_ did not converge
  warnings.warn(
/home/vangeloz/public/dp-fair-intervention-benchmark/venv/lib/python3.9/site-packages/sklearn/linear_model/_sag.py:348: ConvergenceWarning: The max_iter was reached which means the coef_ did not converge
  warnings.warn(
/home/vangeloz/public/dp-fair-intervention-benchmark/venv/lib/python3.9/site-packages/sklearn/linear_model/_sag.py:348: ConvergenceWarning: The max_iter was reached which means the coef_ did not converge
  warnings.warn(
/home/vangeloz/public/dp-fair-intervention-benchmark/venv/lib/python3.9/site-packages/sklearn/linear_model/_sag.py:348: ConvergenceWarning: The max_iter was reached which means the coef_ did not converge
  warnings.warn(
/home/vangeloz/public/dp-fair-intervention-benchmark/venv/lib/python3.9/site-packages/sklearn/linear_model/_sag.py:348: ConvergenceWarning: The max_iter was reached which means the coef_ did not converge
  warnings.warn(
/home/vangeloz/public/dp-fair-intervention-benchmark/venv/lib/python3.9/site-packages/sklearn/linear_model/_sag.py:348: ConvergenceWarning: The max_iter was reached which means the coef_ did not converge
  warnings.warn(
/home/vangeloz/public/dp-fair-intervention-benchmark/venv/lib/python3.9/site-packages/sklearn/linear_model/_sag.py:348: ConvergenceWarning: The max_iter was reached which means the coef_ did not converge
  warnings.warn(
/home/vangeloz/public/dp-fair-intervention-benchmark/venv/lib/python3.9/site-packages/sklearn/linear_model/_sag.py:348: ConvergenceWarning: The max_iter was reached which means the coef_ did not converge
  warnings.warn(
/home/vangeloz/public/dp-fair-intervention-benchmark/venv/lib/python3.9/site-packages/sklearn/linear_model/_sag.py:348: ConvergenceWarning: The max_iter was reached which means the coef_ did not converge
  warnings.warn(
/home/vangeloz/public/dp-fair-intervention-benchmark/venv/lib/python3.9/site-packages/sklearn/linear_model/_sag.py:348: ConvergenceWarning: The max_iter was reached which means the coef_ did not converge
  warnings.warn(
/home/vangeloz/public/dp-fair-intervention-benchmark/venv/lib/python3.9/site-packages/sklearn/linear_model/_sag.py:348: ConvergenceWarning: The max_iter was reached which means the coef_ did not converge
  warnings.warn(
/home/vangeloz/public/dp-fair-intervention-benchmark/venv/lib/python3.9/site-packages/sklearn/linear_model/_sag.py:348: ConvergenceWarning: The max_iter was reached which means the coef_ did not converge
  warnings.warn(
/home/vangeloz/public/dp-fair-intervention-benchmark/venv/lib/python3.9/site-packages/sklearn/linear_model/_sag.py:348: ConvergenceWarning: The max_iter was reached which means the coef_ did not converge
  warnings.warn(
/home/vangeloz/public/dp-fair-intervention-benchmark/venv/lib/python3.9/site-packages/sklearn/linear_model/_sag.py:348: ConvergenceWarning: The max_iter was reached which means the coef_ did not converge
  warnings.warn(
/home/vangeloz/public/dp-fair-intervention-benchmark/venv/lib/python3.9/site-packages/sklearn/preprocessing/_label.py:110: DataConversionWarning: A column-vector y was passed when a 1d array was expected. Please change the shape of y to (n_samples, ), for example using ravel().
  y = column_or_1d(y, warn=True)
/home/vangeloz/public/dp-fair-intervention-benchmark/venv/lib/python3.9/site-packages/aif360/metrics/dataset_metric.py:82: RuntimeWarning: divide by zero encountered in scalar divide
  return metric_fun(privileged=False) / metric_fun(privileged=True)
/home/vangeloz/public/dp-fair-intervention-benchmark/venv/lib/python3.9/site-packages/aif360/metrics/dataset_metric.py:82: RuntimeWarning: invalid value encountered in scalar divide
  return metric_fun(privileged=False) / metric_fun(privileged=True)
/home/vangeloz/public/dp-fair-intervention-benchmark/venv/lib/python3.9/site-packages/aif360/metrics/dataset_metric.py:82: RuntimeWarning: divide by zero encountered in scalar divide
  return metric_fun(privileged=False) / metric_fun(privileged=True)
/home/vangeloz/public/dp-fair-intervention-benchmark/venv/lib/python3.9/site-packages/sklearn/utils/validation.py:1408: DataConversionWarning: A column-vector y was passed when a 1d array was expected. Please change the shape of y to (n_samples, ), for example using ravel().
  y = column_or_1d(y, warn=True)
/home/vangeloz/public/dp-fair-intervention-benchmark/venv/lib/python3.9/site-packages/aif360/metrics/dataset_metric.py:82: RuntimeWarning: divide by zero encountered in scalar divide
  return metric_fun(privileged=False) / metric_fun(privileged=True)
/home/vangeloz/public/dp-fair-intervention-benchmark/venv/lib/python3.9/site-packages/sklearn/utils/validation.py:1408: DataConversionWarning: A column-vector y was passed when a 1d array was expected. Please change the shape of y to (n_samples, ), for example using ravel().
  y = column_or_1d(y, warn=True)
/home/vangeloz/public/dp-fair-intervention-benchmark/venv/lib/python3.9/site-packages/aif360/metrics/dataset_metric.py:82: RuntimeWarning: divide by zero encountered in scalar divide
  return metric_fun(privileged=False) / metric_fun(privileged=True)
/home/vangeloz/public/dp-fair-intervention-benchmark/venv/lib/python3.9/site-packages/aif360/metrics/dataset_metric.py:82: RuntimeWarning: invalid value encountered in scalar divide
  return metric_fun(privileged=False) / metric_fun(privileged=True)
/home/vangeloz/public/dp-fair-intervention-benchmark/venv/lib/python3.9/site-packages/sklearn/utils/validation.py:1408: DataConversionWarning: A column-vector y was passed when a 1d array was expected. Please change the shape of y to (n_samples, ), for example using ravel().
  y = column_or_1d(y, warn=True)
/home/vangeloz/public/dp-fair-intervention-benchmark/venv/lib/python3.9/site-packages/sklearn/preprocessing/_label.py:110: DataConversionWarning: A column-vector y was passed when a 1d array was expected. Please change the shape of y to (n_samples, ), for example using ravel().
  y = column_or_1d(y, warn=True)
/home/vangeloz/public/dp-fair-intervention-benchmark/venv/lib/python3.9/site-packages/aif360/metrics/dataset_metric.py:82: RuntimeWarning: divide by zero encountered in scalar divide
  return metric_fun(privileged=False) / metric_fun(privileged=True)
/home/vangeloz/public/dp-fair-intervention-benchmark/venv/lib/python3.9/site-packages/sklearn/preprocessing/_label.py:110: DataConversionWarning: A column-vector y was passed when a 1d array was expected. Please change the shape of y to (n_samples, ), for example using ravel().
  y = column_or_1d(y, warn=True)
/home/vangeloz/public/dp-fair-intervention-benchmark/venv/lib/python3.9/site-packages/sklearn/linear_model/_sag.py:348: ConvergenceWarning: The max_iter was reached which means the coef_ did not converge
  warnings.warn(
/home/vangeloz/public/dp-fair-intervention-benchmark/venv/lib/python3.9/site-packages/aif360/metrics/dataset_metric.py:82: RuntimeWarning: divide by zero encountered in scalar divide
  return metric_fun(privileged=False) / metric_fun(privileged=True)
/home/vangeloz/public/dp-fair-intervention-benchmark/venv/lib/python3.9/site-packages/aif360/metrics/dataset_metric.py:82: RuntimeWarning: divide by zero encountered in scalar divide
  return metric_fun(privileged=False) / metric_fun(privileged=True)
/home/vangeloz/public/dp-fair-intervention-benchmark/venv/lib/python3.9/site-packages/aif360/metrics/dataset_metric.py:82: RuntimeWarning: divide by zero encountered in scalar divide
  return metric_fun(privileged=False) / metric_fun(privileged=True)
/home/vangeloz/public/dp-fair-intervention-benchmark/venv/lib/python3.9/site-packages/aif360/metrics/dataset_metric.py:82: RuntimeWarning: invalid value encountered in scalar divide
  return metric_fun(privileged=False) / metric_fun(privileged=True)
/home/vangeloz/public/dp-fair-intervention-benchmark/venv/lib/python3.9/site-packages/aif360/metrics/dataset_metric.py:82: RuntimeWarning: divide by zero encountered in scalar divide
  return metric_fun(privileged=False) / metric_fun(privileged=True)
/home/vangeloz/public/dp-fair-intervention-benchmark/venv/lib/python3.9/site-packages/aif360/metrics/dataset_metric.py:82: RuntimeWarning: invalid value encountered in scalar divide
  return metric_fun(privileged=False) / metric_fun(privileged=True)
/home/vangeloz/public/dp-fair-intervention-benchmark/venv/lib/python3.9/site-packages/aif360/metrics/dataset_metric.py:82: RuntimeWarning: divide by zero encountered in scalar divide
  return metric_fun(privileged=False) / metric_fun(privileged=True)
/home/vangeloz/public/dp-fair-intervention-benchmark/venv/lib/python3.9/site-packages/sklearn/utils/validation.py:1408: DataConversionWarning: A column-vector y was passed when a 1d array was expected. Please change the shape of y to (n_samples, ), for example using ravel().
  y = column_or_1d(y, warn=True)
/home/vangeloz/public/dp-fair-intervention-benchmark/venv/lib/python3.9/site-packages/aif360/metrics/dataset_metric.py:82: RuntimeWarning: divide by zero encountered in scalar divide
  return metric_fun(privileged=False) / metric_fun(privileged=True)
/home/vangeloz/public/dp-fair-intervention-benchmark/venv/lib/python3.9/site-packages/sklearn/utils/validation.py:1408: DataConversionWarning: A column-vector y was passed when a 1d array was expected. Please change the shape of y to (n_samples, ), for example using ravel().
  y = column_or_1d(y, warn=True)
/home/vangeloz/public/dp-fair-intervention-benchmark/venv/lib/python3.9/site-packages/aif360/metrics/dataset_metric.py:82: RuntimeWarning: divide by zero encountered in scalar divide
  return metric_fun(privileged=False) / metric_fun(privileged=True)
/home/vangeloz/public/dp-fair-intervention-benchmark/venv/lib/python3.9/site-packages/sklearn/utils/validation.py:1408: DataConversionWarning: A column-vector y was passed when a 1d array was expected. Please change the shape of y to (n_samples, ), for example using ravel().
  y = column_or_1d(y, warn=True)
/home/vangeloz/public/dp-fair-intervention-benchmark/venv/lib/python3.9/site-packages/sklearn/preprocessing/_label.py:110: DataConversionWarning: A column-vector y was passed when a 1d array was expected. Please change the shape of y to (n_samples, ), for example using ravel().
  y = column_or_1d(y, warn=True)
/home/vangeloz/public/dp-fair-intervention-benchmark/venv/lib/python3.9/site-packages/aif360/metrics/dataset_metric.py:82: RuntimeWarning: divide by zero encountered in scalar divide
  return metric_fun(privileged=False) / metric_fun(privileged=True)
/home/vangeloz/public/dp-fair-intervention-benchmark/venv/lib/python3.9/site-packages/sklearn/preprocessing/_label.py:110: DataConversionWarning: A column-vector y was passed when a 1d array was expected. Please change the shape of y to (n_samples, ), for example using ravel().
  y = column_or_1d(y, warn=True)
/home/vangeloz/public/dp-fair-intervention-benchmark/venv/lib/python3.9/site-packages/aif360/metrics/dataset_metric.py:82: RuntimeWarning: divide by zero encountered in scalar divide
  return metric_fun(privileged=False) / metric_fun(privileged=True)
/home/vangeloz/public/dp-fair-intervention-benchmark/venv/lib/python3.9/site-packages/aif360/metrics/dataset_metric.py:82: RuntimeWarning: divide by zero encountered in scalar divide
  return metric_fun(privileged=False) / metric_fun(privileged=True)
/home/vangeloz/public/dp-fair-intervention-benchmark/venv/lib/python3.9/site-packages/aif360/metrics/dataset_metric.py:82: RuntimeWarning: divide by zero encountered in scalar divide
  return metric_fun(privileged=False) / metric_fun(privileged=True)
/home/vangeloz/public/dp-fair-intervention-benchmark/venv/lib/python3.9/site-packages/aif360/metrics/dataset_metric.py:82: RuntimeWarning: invalid value encountered in scalar divide
  return metric_fun(privileged=False) / metric_fun(privileged=True)
/home/vangeloz/public/dp-fair-intervention-benchmark/venv/lib/python3.9/site-packages/aif360/metrics/dataset_metric.py:82: RuntimeWarning: divide by zero encountered in scalar divide
  return metric_fun(privileged=False) / metric_fun(privileged=True)
/home/vangeloz/public/dp-fair-intervention-benchmark/venv/lib/python3.9/site-packages/aif360/metrics/dataset_metric.py:82: RuntimeWarning: invalid value encountered in scalar divide
  return metric_fun(privileged=False) / metric_fun(privileged=True)
/home/vangeloz/public/dp-fair-intervention-benchmark/venv/lib/python3.9/site-packages/aif360/metrics/dataset_metric.py:82: RuntimeWarning: divide by zero encountered in scalar divide
  return metric_fun(privileged=False) / metric_fun(privileged=True)
/home/vangeloz/public/dp-fair-intervention-benchmark/venv/lib/python3.9/site-packages/sklearn/utils/validation.py:1408: DataConversionWarning: A column-vector y was passed when a 1d array was expected. Please change the shape of y to (n_samples, ), for example using ravel().
  y = column_or_1d(y, warn=True)
/home/vangeloz/public/dp-fair-intervention-benchmark/venv/lib/python3.9/site-packages/aif360/metrics/dataset_metric.py:82: RuntimeWarning: divide by zero encountered in scalar divide
  return metric_fun(privileged=False) / metric_fun(privileged=True)
/home/vangeloz/public/dp-fair-intervention-benchmark/venv/lib/python3.9/site-packages/sklearn/utils/validation.py:1408: DataConversionWarning: A column-vector y was passed when a 1d array was expected. Please change the shape of y to (n_samples, ), for example using ravel().
  y = column_or_1d(y, warn=True)
/home/vangeloz/public/dp-fair-intervention-benchmark/venv/lib/python3.9/site-packages/aif360/metrics/dataset_metric.py:82: RuntimeWarning: divide by zero encountered in scalar divide
  return metric_fun(privileged=False) / metric_fun(privileged=True)
/home/vangeloz/public/dp-fair-intervention-benchmark/venv/lib/python3.9/site-packages/sklearn/utils/validation.py:1408: DataConversionWarning: A column-vector y was passed when a 1d array was expected. Please change the shape of y to (n_samples, ), for example using ravel().
  y = column_or_1d(y, warn=True)
/home/vangeloz/public/dp-fair-intervention-benchmark/venv/lib/python3.9/site-packages/sklearn/preprocessing/_label.py:110: DataConversionWarning: A column-vector y was passed when a 1d array was expected. Please change the shape of y to (n_samples, ), for example using ravel().
  y = column_or_1d(y, warn=True)
/home/vangeloz/public/dp-fair-intervention-benchmark/venv/lib/python3.9/site-packages/aif360/metrics/dataset_metric.py:82: RuntimeWarning: divide by zero encountered in scalar divide
  return metric_fun(privileged=False) / metric_fun(privileged=True)
/home/vangeloz/public/dp-fair-intervention-benchmark/venv/lib/python3.9/site-packages/sklearn/preprocessing/_label.py:110: DataConversionWarning: A column-vector y was passed when a 1d array was expected. Please change the shape of y to (n_samples, ), for example using ravel().
  y = column_or_1d(y, warn=True)
/home/vangeloz/public/dp-fair-intervention-benchmark/venv/lib/python3.9/site-packages/aif360/metrics/dataset_metric.py:82: RuntimeWarning: divide by zero encountered in scalar divide
  return metric_fun(privileged=False) / metric_fun(privileged=True)
/home/vangeloz/public/dp-fair-intervention-benchmark/venv/lib/python3.9/site-packages/aif360/metrics/dataset_metric.py:82: RuntimeWarning: divide by zero encountered in scalar divide
  return metric_fun(privileged=False) / metric_fun(privileged=True)
/home/vangeloz/public/dp-fair-intervention-benchmark/venv/lib/python3.9/site-packages/aif360/metrics/dataset_metric.py:82: RuntimeWarning: divide by zero encountered in scalar divide
  return metric_fun(privileged=False) / metric_fun(privileged=True)
/home/vangeloz/public/dp-fair-intervention-benchmark/venv/lib/python3.9/site-packages/aif360/metrics/dataset_metric.py:82: RuntimeWarning: invalid value encountered in scalar divide
  return metric_fun(privileged=False) / metric_fun(privileged=True)
/home/vangeloz/public/dp-fair-intervention-benchmark/venv/lib/python3.9/site-packages/aif360/metrics/dataset_metric.py:82: RuntimeWarning: divide by zero encountered in scalar divide
  return metric_fun(privileged=False) / metric_fun(privileged=True)
/home/vangeloz/public/dp-fair-intervention-benchmark/venv/lib/python3.9/site-packages/aif360/metrics/dataset_metric.py:82: RuntimeWarning: invalid value encountered in scalar divide
  return metric_fun(privileged=False) / metric_fun(privileged=True)
/home/vangeloz/public/dp-fair-intervention-benchmark/venv/lib/python3.9/site-packages/aif360/metrics/dataset_metric.py:82: RuntimeWarning: divide by zero encountered in scalar divide
  return metric_fun(privileged=False) / metric_fun(privileged=True)
/home/vangeloz/public/dp-fair-intervention-benchmark/venv/lib/python3.9/site-packages/sklearn/utils/validation.py:1408: DataConversionWarning: A column-vector y was passed when a 1d array was expected. Please change the shape of y to (n_samples, ), for example using ravel().
  y = column_or_1d(y, warn=True)
/home/vangeloz/public/dp-fair-intervention-benchmark/venv/lib/python3.9/site-packages/aif360/metrics/dataset_metric.py:82: RuntimeWarning: divide by zero encountered in scalar divide
  return metric_fun(privileged=False) / metric_fun(privileged=True)
/home/vangeloz/public/dp-fair-intervention-benchmark/venv/lib/python3.9/site-packages/sklearn/utils/validation.py:1408: DataConversionWarning: A column-vector y was passed when a 1d array was expected. Please change the shape of y to (n_samples, ), for example using ravel().
  y = column_or_1d(y, warn=True)
/home/vangeloz/public/dp-fair-intervention-benchmark/venv/lib/python3.9/site-packages/aif360/metrics/dataset_metric.py:82: RuntimeWarning: divide by zero encountered in scalar divide
  return metric_fun(privileged=False) / metric_fun(privileged=True)
/home/vangeloz/public/dp-fair-intervention-benchmark/venv/lib/python3.9/site-packages/sklearn/utils/validation.py:1408: DataConversionWarning: A column-vector y was passed when a 1d array was expected. Please change the shape of y to (n_samples, ), for example using ravel().
  y = column_or_1d(y, warn=True)
/home/vangeloz/public/dp-fair-intervention-benchmark/venv/lib/python3.9/site-packages/sklearn/preprocessing/_label.py:110: DataConversionWarning: A column-vector y was passed when a 1d array was expected. Please change the shape of y to (n_samples, ), for example using ravel().
  y = column_or_1d(y, warn=True)
/home/vangeloz/public/dp-fair-intervention-benchmark/venv/lib/python3.9/site-packages/aif360/metrics/dataset_metric.py:82: RuntimeWarning: divide by zero encountered in scalar divide
  return metric_fun(privileged=False) / metric_fun(privileged=True)
/home/vangeloz/public/dp-fair-intervention-benchmark/venv/lib/python3.9/site-packages/sklearn/preprocessing/_label.py:110: DataConversionWarning: A column-vector y was passed when a 1d array was expected. Please change the shape of y to (n_samples, ), for example using ravel().
  y = column_or_1d(y, warn=True)
/home/vangeloz/public/dp-fair-intervention-benchmark/venv/lib/python3.9/site-packages/sklearn/linear_model/_sag.py:348: ConvergenceWarning: The max_iter was reached which means the coef_ did not converge
  warnings.warn(
/home/vangeloz/public/dp-fair-intervention-benchmark/venv/lib/python3.9/site-packages/aif360/metrics/dataset_metric.py:82: RuntimeWarning: divide by zero encountered in scalar divide
  return metric_fun(privileged=False) / metric_fun(privileged=True)
/home/vangeloz/public/dp-fair-intervention-benchmark/venv/lib/python3.9/site-packages/aif360/metrics/dataset_metric.py:82: RuntimeWarning: divide by zero encountered in scalar divide
  return metric_fun(privileged=False) / metric_fun(privileged=True)
/home/vangeloz/public/dp-fair-intervention-benchmark/venv/lib/python3.9/site-packages/aif360/metrics/dataset_metric.py:82: RuntimeWarning: divide by zero encountered in scalar divide
  return metric_fun(privileged=False) / metric_fun(privileged=True)
/home/vangeloz/public/dp-fair-intervention-benchmark/venv/lib/python3.9/site-packages/aif360/metrics/dataset_metric.py:82: RuntimeWarning: invalid value encountered in scalar divide
  return metric_fun(privileged=False) / metric_fun(privileged=True)
/home/vangeloz/public/dp-fair-intervention-benchmark/venv/lib/python3.9/site-packages/aif360/metrics/dataset_metric.py:82: RuntimeWarning: divide by zero encountered in scalar divide
  return metric_fun(privileged=False) / metric_fun(privileged=True)
/home/vangeloz/public/dp-fair-intervention-benchmark/venv/lib/python3.9/site-packages/aif360/metrics/dataset_metric.py:82: RuntimeWarning: invalid value encountered in scalar divide
  return metric_fun(privileged=False) / metric_fun(privileged=True)
/home/vangeloz/public/dp-fair-intervention-benchmark/venv/lib/python3.9/site-packages/sklearn/base.py:1389: DataConversionWarning: A column-vector y was passed when a 1d array was expected. Please change the shape of y to (n_samples,), for example using ravel().
  return fit_method(estimator, *args, **kwargs)
/home/vangeloz/public/dp-fair-intervention-benchmark/venv/lib/python3.9/site-packages/sklearn/base.py:1389: DataConversionWarning: A column-vector y was passed when a 1d array was expected. Please change the shape of y to (n_samples,), for example using ravel().
  return fit_method(estimator, *args, **kwargs)
/home/vangeloz/public/dp-fair-intervention-benchmark/venv/lib/python3.9/site-packages/sklearn/base.py:1389: DataConversionWarning: A column-vector y was passed when a 1d array was expected. Please change the shape of y to (n_samples,), for example using ravel().
  return fit_method(estimator, *args, **kwargs)
/home/vangeloz/public/dp-fair-intervention-benchmark/venv/lib/python3.9/site-packages/sklearn/preprocessing/_label.py:110: DataConversionWarning: A column-vector y was passed when a 1d array was expected. Please change the shape of y to (n_samples, ), for example using ravel().
  y = column_or_1d(y, warn=True)
/home/vangeloz/public/dp-fair-intervention-benchmark/venv/lib/python3.9/site-packages/sklearn/preprocessing/_label.py:110: DataConversionWarning: A column-vector y was passed when a 1d array was expected. Please change the shape of y to (n_samples, ), for example using ravel().
  y = column_or_1d(y, warn=True)
/home/vangeloz/public/dp-fair-intervention-benchmark/venv/lib/python3.9/site-packages/aif360/metrics/dataset_metric.py:82: RuntimeWarning: divide by zero encountered in scalar divide
  return metric_fun(privileged=False) / metric_fun(privileged=True)
/home/vangeloz/public/dp-fair-intervention-benchmark/venv/lib/python3.9/site-packages/aif360/metrics/dataset_metric.py:82: RuntimeWarning: divide by zero encountered in scalar divide
  return metric_fun(privileged=False) / metric_fun(privileged=True)
/home/vangeloz/public/dp-fair-intervention-benchmark/venv/lib/python3.9/site-packages/sklearn/base.py:1389: DataConversionWarning: A column-vector y was passed when a 1d array was expected. Please change the shape of y to (n_samples,), for example using ravel().
  return fit_method(estimator, *args, **kwargs)
/home/vangeloz/public/dp-fair-intervention-benchmark/venv/lib/python3.9/site-packages/sklearn/base.py:1389: DataConversionWarning: A column-vector y was passed when a 1d array was expected. Please change the shape of y to (n_samples,), for example using ravel().
  return fit_method(estimator, *args, **kwargs)
/home/vangeloz/public/dp-fair-intervention-benchmark/venv/lib/python3.9/site-packages/sklearn/base.py:1389: DataConversionWarning: A column-vector y was passed when a 1d array was expected. Please change the shape of y to (n_samples,), for example using ravel().
  return fit_method(estimator, *args, **kwargs)
/home/vangeloz/public/dp-fair-intervention-benchmark/venv/lib/python3.9/site-packages/sklearn/preprocessing/_label.py:110: DataConversionWarning: A column-vector y was passed when a 1d array was expected. Please change the shape of y to (n_samples, ), for example using ravel().
  y = column_or_1d(y, warn=True)
/home/vangeloz/public/dp-fair-intervention-benchmark/venv/lib/python3.9/site-packages/sklearn/preprocessing/_label.py:110: DataConversionWarning: A column-vector y was passed when a 1d array was expected. Please change the shape of y to (n_samples, ), for example using ravel().
  y = column_or_1d(y, warn=True)
/home/vangeloz/public/dp-fair-intervention-benchmark/venv/lib/python3.9/site-packages/aif360/algorithms/preprocessing/reweighing.py:66: RuntimeWarning: invalid value encountered in scalar divide
  self.w_p_fav = n_fav*n_p / (n*n_p_fav)
/home/vangeloz/public/dp-fair-intervention-benchmark/venv/lib/python3.9/site-packages/aif360/algorithms/preprocessing/reweighing.py:67: RuntimeWarning: invalid value encountered in scalar divide
  self.w_p_unfav = n_unfav*n_p / (n*n_p_unfav)
/home/vangeloz/public/dp-fair-intervention-benchmark/venv/lib/python3.9/site-packages/sklearn/base.py:1389: DataConversionWarning: A column-vector y was passed when a 1d array was expected. Please change the shape of y to (n_samples,), for example using ravel().
  return fit_method(estimator, *args, **kwargs)
/home/vangeloz/public/dp-fair-intervention-benchmark/venv/lib/python3.9/site-packages/sklearn/base.py:1389: DataConversionWarning: A column-vector y was passed when a 1d array was expected. Please change the shape of y to (n_samples,), for example using ravel().
  return fit_method(estimator, *args, **kwargs)
/home/vangeloz/public/dp-fair-intervention-benchmark/venv/lib/python3.9/site-packages/numpy/core/fromnumeric.py:3504: RuntimeWarning: Mean of empty slice.
  return _methods._mean(a, axis=axis, dtype=dtype,
/home/vangeloz/public/dp-fair-intervention-benchmark/venv/lib/python3.9/site-packages/numpy/core/_methods.py:129: RuntimeWarning: invalid value encountered in scalar divide
  ret = ret.dtype.type(ret / rcount)
/home/vangeloz/public/dp-fair-intervention-benchmark/venv/lib/python3.9/site-packages/numpy/core/_methods.py:121: RuntimeWarning: invalid value encountered in divide
  ret = um.true_divide(
/home/vangeloz/public/dp-fair-intervention-benchmark/venv/lib/python3.9/site-packages/sklearn/base.py:1389: DataConversionWarning: A column-vector y was passed when a 1d array was expected. Please change the shape of y to (n_samples,), for example using ravel().
  return fit_method(estimator, *args, **kwargs)
/home/vangeloz/public/dp-fair-intervention-benchmark/venv/lib/python3.9/site-packages/sklearn/preprocessing/_label.py:110: DataConversionWarning: A column-vector y was passed when a 1d array was expected. Please change the shape of y to (n_samples, ), for example using ravel().
  y = column_or_1d(y, warn=True)
/home/vangeloz/public/dp-fair-intervention-benchmark/venv/lib/python3.9/site-packages/sklearn/preprocessing/_label.py:110: DataConversionWarning: A column-vector y was passed when a 1d array was expected. Please change the shape of y to (n_samples, ), for example using ravel().
  y = column_or_1d(y, warn=True)
/home/vangeloz/public/dp-fair-intervention-benchmark/venv/lib/python3.9/site-packages/aif360/metrics/dataset_metric.py:82: RuntimeWarning: divide by zero encountered in scalar divide
  return metric_fun(privileged=False) / metric_fun(privileged=True)
/home/vangeloz/public/dp-fair-intervention-benchmark/venv/lib/python3.9/site-packages/sklearn/base.py:1389: DataConversionWarning: A column-vector y was passed when a 1d array was expected. Please change the shape of y to (n_samples,), for example using ravel().
  return fit_method(estimator, *args, **kwargs)
/home/vangeloz/public/dp-fair-intervention-benchmark/venv/lib/python3.9/site-packages/aif360/metrics/dataset_metric.py:82: RuntimeWarning: divide by zero encountered in scalar divide
  return metric_fun(privileged=False) / metric_fun(privileged=True)
/home/vangeloz/public/dp-fair-intervention-benchmark/venv/lib/python3.9/site-packages/sklearn/base.py:1389: DataConversionWarning: A column-vector y was passed when a 1d array was expected. Please change the shape of y to (n_samples,), for example using ravel().
  return fit_method(estimator, *args, **kwargs)
/home/vangeloz/public/dp-fair-intervention-benchmark/venv/lib/python3.9/site-packages/aif360/metrics/dataset_metric.py:82: RuntimeWarning: divide by zero encountered in scalar divide
  return metric_fun(privileged=False) / metric_fun(privileged=True)
/home/vangeloz/public/dp-fair-intervention-benchmark/venv/lib/python3.9/site-packages/sklearn/base.py:1389: DataConversionWarning: A column-vector y was passed when a 1d array was expected. Please change the shape of y to (n_samples,), for example using ravel().
  return fit_method(estimator, *args, **kwargs)
/home/vangeloz/public/dp-fair-intervention-benchmark/venv/lib/python3.9/site-packages/sklearn/preprocessing/_label.py:110: DataConversionWarning: A column-vector y was passed when a 1d array was expected. Please change the shape of y to (n_samples, ), for example using ravel().
  y = column_or_1d(y, warn=True)
/home/vangeloz/public/dp-fair-intervention-benchmark/venv/lib/python3.9/site-packages/aif360/metrics/dataset_metric.py:82: RuntimeWarning: divide by zero encountered in scalar divide
  return metric_fun(privileged=False) / metric_fun(privileged=True)
/home/vangeloz/public/dp-fair-intervention-benchmark/venv/lib/python3.9/site-packages/sklearn/preprocessing/_label.py:110: DataConversionWarning: A column-vector y was passed when a 1d array was expected. Please change the shape of y to (n_samples, ), for example using ravel().
  y = column_or_1d(y, warn=True)
/home/vangeloz/public/dp-fair-intervention-benchmark/venv/lib/python3.9/site-packages/aif360/metrics/dataset_metric.py:82: RuntimeWarning: divide by zero encountered in scalar divide
  return metric_fun(privileged=False) / metric_fun(privileged=True)
/home/vangeloz/public/dp-fair-intervention-benchmark/venv/lib/python3.9/site-packages/aif360/metrics/dataset_metric.py:82: RuntimeWarning: divide by zero encountered in scalar divide
  return metric_fun(privileged=False) / metric_fun(privileged=True)
/home/vangeloz/public/dp-fair-intervention-benchmark/venv/lib/python3.9/site-packages/aif360/metrics/dataset_metric.py:82: RuntimeWarning: divide by zero encountered in scalar divide
  return metric_fun(privileged=False) / metric_fun(privileged=True)
/home/vangeloz/public/dp-fair-intervention-benchmark/venv/lib/python3.9/site-packages/aif360/metrics/dataset_metric.py:82: RuntimeWarning: divide by zero encountered in scalar divide
  return metric_fun(privileged=False) / metric_fun(privileged=True)
/home/vangeloz/public/dp-fair-intervention-benchmark/venv/lib/python3.9/site-packages/aif360/metrics/dataset_metric.py:82: RuntimeWarning: divide by zero encountered in scalar divide
  return metric_fun(privileged=False) / metric_fun(privileged=True)
/home/vangeloz/public/dp-fair-intervention-benchmark/venv/lib/python3.9/site-packages/sklearn/base.py:1389: DataConversionWarning: A column-vector y was passed when a 1d array was expected. Please change the shape of y to (n_samples,), for example using ravel().
  return fit_method(estimator, *args, **kwargs)
/home/vangeloz/public/dp-fair-intervention-benchmark/venv/lib/python3.9/site-packages/aif360/metrics/dataset_metric.py:82: RuntimeWarning: divide by zero encountered in scalar divide
  return metric_fun(privileged=False) / metric_fun(privileged=True)
/home/vangeloz/public/dp-fair-intervention-benchmark/venv/lib/python3.9/site-packages/sklearn/base.py:1389: DataConversionWarning: A column-vector y was passed when a 1d array was expected. Please change the shape of y to (n_samples,), for example using ravel().
  return fit_method(estimator, *args, **kwargs)
/home/vangeloz/public/dp-fair-intervention-benchmark/venv/lib/python3.9/site-packages/aif360/metrics/dataset_metric.py:82: RuntimeWarning: divide by zero encountered in scalar divide
  return metric_fun(privileged=False) / metric_fun(privileged=True)
/home/vangeloz/public/dp-fair-intervention-benchmark/venv/lib/python3.9/site-packages/sklearn/base.py:1389: DataConversionWarning: A column-vector y was passed when a 1d array was expected. Please change the shape of y to (n_samples,), for example using ravel().
  return fit_method(estimator, *args, **kwargs)
/home/vangeloz/public/dp-fair-intervention-benchmark/venv/lib/python3.9/site-packages/sklearn/preprocessing/_label.py:110: DataConversionWarning: A column-vector y was passed when a 1d array was expected. Please change the shape of y to (n_samples, ), for example using ravel().
  y = column_or_1d(y, warn=True)
/home/vangeloz/public/dp-fair-intervention-benchmark/venv/lib/python3.9/site-packages/aif360/metrics/dataset_metric.py:82: RuntimeWarning: divide by zero encountered in scalar divide
  return metric_fun(privileged=False) / metric_fun(privileged=True)
/home/vangeloz/public/dp-fair-intervention-benchmark/venv/lib/python3.9/site-packages/sklearn/preprocessing/_label.py:110: DataConversionWarning: A column-vector y was passed when a 1d array was expected. Please change the shape of y to (n_samples, ), for example using ravel().
  y = column_or_1d(y, warn=True)
/home/vangeloz/public/dp-fair-intervention-benchmark/venv/lib/python3.9/site-packages/aif360/metrics/dataset_metric.py:82: RuntimeWarning: divide by zero encountered in scalar divide
  return metric_fun(privileged=False) / metric_fun(privileged=True)
/home/vangeloz/public/dp-fair-intervention-benchmark/venv/lib/python3.9/site-packages/aif360/metrics/dataset_metric.py:82: RuntimeWarning: divide by zero encountered in scalar divide
  return metric_fun(privileged=False) / metric_fun(privileged=True)
/home/vangeloz/public/dp-fair-intervention-benchmark/venv/lib/python3.9/site-packages/aif360/metrics/dataset_metric.py:82: RuntimeWarning: divide by zero encountered in scalar divide
  return metric_fun(privileged=False) / metric_fun(privileged=True)
/home/vangeloz/public/dp-fair-intervention-benchmark/venv/lib/python3.9/site-packages/aif360/metrics/dataset_metric.py:82: RuntimeWarning: divide by zero encountered in scalar divide
  return metric_fun(privileged=False) / metric_fun(privileged=True)
/home/vangeloz/public/dp-fair-intervention-benchmark/venv/lib/python3.9/site-packages/aif360/metrics/dataset_metric.py:82: RuntimeWarning: invalid value encountered in scalar divide
  return metric_fun(privileged=False) / metric_fun(privileged=True)
/home/vangeloz/public/dp-fair-intervention-benchmark/venv/lib/python3.9/site-packages/sklearn/base.py:1389: DataConversionWarning: A column-vector y was passed when a 1d array was expected. Please change the shape of y to (n_samples,), for example using ravel().
  return fit_method(estimator, *args, **kwargs)
/home/vangeloz/public/dp-fair-intervention-benchmark/venv/lib/python3.9/site-packages/sklearn/base.py:1389: DataConversionWarning: A column-vector y was passed when a 1d array was expected. Please change the shape of y to (n_samples,), for example using ravel().
  return fit_method(estimator, *args, **kwargs)
/home/vangeloz/public/dp-fair-intervention-benchmark/venv/lib/python3.9/site-packages/sklearn/base.py:1389: DataConversionWarning: A column-vector y was passed when a 1d array was expected. Please change the shape of y to (n_samples,), for example using ravel().
  return fit_method(estimator, *args, **kwargs)
/home/vangeloz/public/dp-fair-intervention-benchmark/venv/lib/python3.9/site-packages/sklearn/preprocessing/_label.py:110: DataConversionWarning: A column-vector y was passed when a 1d array was expected. Please change the shape of y to (n_samples, ), for example using ravel().
  y = column_or_1d(y, warn=True)
/home/vangeloz/public/dp-fair-intervention-benchmark/venv/lib/python3.9/site-packages/sklearn/preprocessing/_label.py:110: DataConversionWarning: A column-vector y was passed when a 1d array was expected. Please change the shape of y to (n_samples, ), for example using ravel().
  y = column_or_1d(y, warn=True)
/home/vangeloz/public/dp-fair-intervention-benchmark/venv/lib/python3.9/site-packages/sklearn/base.py:1389: DataConversionWarning: A column-vector y was passed when a 1d array was expected. Please change the shape of y to (n_samples,), for example using ravel().
  return fit_method(estimator, *args, **kwargs)
/home/vangeloz/public/dp-fair-intervention-benchmark/venv/lib/python3.9/site-packages/sklearn/base.py:1389: DataConversionWarning: A column-vector y was passed when a 1d array was expected. Please change the shape of y to (n_samples,), for example using ravel().
  return fit_method(estimator, *args, **kwargs)
/home/vangeloz/public/dp-fair-intervention-benchmark/venv/lib/python3.9/site-packages/sklearn/base.py:1389: DataConversionWarning: A column-vector y was passed when a 1d array was expected. Please change the shape of y to (n_samples,), for example using ravel().
  return fit_method(estimator, *args, **kwargs)
/home/vangeloz/public/dp-fair-intervention-benchmark/venv/lib/python3.9/site-packages/sklearn/preprocessing/_label.py:110: DataConversionWarning: A column-vector y was passed when a 1d array was expected. Please change the shape of y to (n_samples, ), for example using ravel().
  y = column_or_1d(y, warn=True)
/home/vangeloz/public/dp-fair-intervention-benchmark/venv/lib/python3.9/site-packages/sklearn/preprocessing/_label.py:110: DataConversionWarning: A column-vector y was passed when a 1d array was expected. Please change the shape of y to (n_samples, ), for example using ravel().
  y = column_or_1d(y, warn=True)
/home/vangeloz/public/dp-fair-intervention-benchmark/venv/lib/python3.9/site-packages/sklearn/base.py:1389: DataConversionWarning: A column-vector y was passed when a 1d array was expected. Please change the shape of y to (n_samples,), for example using ravel().
  return fit_method(estimator, *args, **kwargs)
/home/vangeloz/public/dp-fair-intervention-benchmark/venv/lib/python3.9/site-packages/sklearn/base.py:1389: DataConversionWarning: A column-vector y was passed when a 1d array was expected. Please change the shape of y to (n_samples,), for example using ravel().
  return fit_method(estimator, *args, **kwargs)
/home/vangeloz/public/dp-fair-intervention-benchmark/venv/lib/python3.9/site-packages/sklearn/base.py:1389: DataConversionWarning: A column-vector y was passed when a 1d array was expected. Please change the shape of y to (n_samples,), for example using ravel().
  return fit_method(estimator, *args, **kwargs)
/home/vangeloz/public/dp-fair-intervention-benchmark/venv/lib/python3.9/site-packages/sklearn/preprocessing/_label.py:110: DataConversionWarning: A column-vector y was passed when a 1d array was expected. Please change the shape of y to (n_samples, ), for example using ravel().
  y = column_or_1d(y, warn=True)
/home/vangeloz/public/dp-fair-intervention-benchmark/venv/lib/python3.9/site-packages/sklearn/preprocessing/_label.py:110: DataConversionWarning: A column-vector y was passed when a 1d array was expected. Please change the shape of y to (n_samples, ), for example using ravel().
  y = column_or_1d(y, warn=True)
/home/vangeloz/public/dp-fair-intervention-benchmark/venv/lib/python3.9/site-packages/sklearn/base.py:1389: DataConversionWarning: A column-vector y was passed when a 1d array was expected. Please change the shape of y to (n_samples,), for example using ravel().
  return fit_method(estimator, *args, **kwargs)
/home/vangeloz/public/dp-fair-intervention-benchmark/venv/lib/python3.9/site-packages/aif360/metrics/dataset_metric.py:82: RuntimeWarning: divide by zero encountered in scalar divide
  return metric_fun(privileged=False) / metric_fun(privileged=True)
/home/vangeloz/public/dp-fair-intervention-benchmark/venv/lib/python3.9/site-packages/sklearn/base.py:1389: DataConversionWarning: A column-vector y was passed when a 1d array was expected. Please change the shape of y to (n_samples,), for example using ravel().
  return fit_method(estimator, *args, **kwargs)
/home/vangeloz/public/dp-fair-intervention-benchmark/venv/lib/python3.9/site-packages/sklearn/base.py:1389: DataConversionWarning: A column-vector y was passed when a 1d array was expected. Please change the shape of y to (n_samples,), for example using ravel().
  return fit_method(estimator, *args, **kwargs)
/home/vangeloz/public/dp-fair-intervention-benchmark/venv/lib/python3.9/site-packages/sklearn/preprocessing/_label.py:110: DataConversionWarning: A column-vector y was passed when a 1d array was expected. Please change the shape of y to (n_samples, ), for example using ravel().
  y = column_or_1d(y, warn=True)
/home/vangeloz/public/dp-fair-intervention-benchmark/venv/lib/python3.9/site-packages/sklearn/preprocessing/_label.py:110: DataConversionWarning: A column-vector y was passed when a 1d array was expected. Please change the shape of y to (n_samples, ), for example using ravel().
  y = column_or_1d(y, warn=True)
/home/vangeloz/public/dp-fair-intervention-benchmark/venv/lib/python3.9/site-packages/aif360/metrics/dataset_metric.py:82: RuntimeWarning: divide by zero encountered in scalar divide
  return metric_fun(privileged=False) / metric_fun(privileged=True)
/home/vangeloz/public/dp-fair-intervention-benchmark/venv/lib/python3.9/site-packages/sklearn/base.py:1389: DataConversionWarning: A column-vector y was passed when a 1d array was expected. Please change the shape of y to (n_samples,), for example using ravel().
  return fit_method(estimator, *args, **kwargs)
/home/vangeloz/public/dp-fair-intervention-benchmark/venv/lib/python3.9/site-packages/sklearn/base.py:1389: DataConversionWarning: A column-vector y was passed when a 1d array was expected. Please change the shape of y to (n_samples,), for example using ravel().
  return fit_method(estimator, *args, **kwargs)
/home/vangeloz/public/dp-fair-intervention-benchmark/venv/lib/python3.9/site-packages/sklearn/base.py:1389: DataConversionWarning: A column-vector y was passed when a 1d array was expected. Please change the shape of y to (n_samples,), for example using ravel().
  return fit_method(estimator, *args, **kwargs)
/home/vangeloz/public/dp-fair-intervention-benchmark/venv/lib/python3.9/site-packages/sklearn/preprocessing/_label.py:110: DataConversionWarning: A column-vector y was passed when a 1d array was expected. Please change the shape of y to (n_samples, ), for example using ravel().
  y = column_or_1d(y, warn=True)
/home/vangeloz/public/dp-fair-intervention-benchmark/venv/lib/python3.9/site-packages/sklearn/preprocessing/_label.py:110: DataConversionWarning: A column-vector y was passed when a 1d array was expected. Please change the shape of y to (n_samples, ), for example using ravel().
  y = column_or_1d(y, warn=True)
/home/vangeloz/public/dp-fair-intervention-benchmark/venv/lib/python3.9/site-packages/aif360/metrics/dataset_metric.py:82: RuntimeWarning: divide by zero encountered in scalar divide
  return metric_fun(privileged=False) / metric_fun(privileged=True)
/home/vangeloz/public/dp-fair-intervention-benchmark/venv/lib/python3.9/site-packages/aif360/metrics/dataset_metric.py:82: RuntimeWarning: invalid value encountered in scalar divide
  return metric_fun(privileged=False) / metric_fun(privileged=True)
/home/vangeloz/public/dp-fair-intervention-benchmark/venv/lib/python3.9/site-packages/sklearn/base.py:1389: DataConversionWarning: A column-vector y was passed when a 1d array was expected. Please change the shape of y to (n_samples,), for example using ravel().
  return fit_method(estimator, *args, **kwargs)
/home/vangeloz/public/dp-fair-intervention-benchmark/venv/lib/python3.9/site-packages/sklearn/base.py:1389: DataConversionWarning: A column-vector y was passed when a 1d array was expected. Please change the shape of y to (n_samples,), for example using ravel().
  return fit_method(estimator, *args, **kwargs)
/home/vangeloz/public/dp-fair-intervention-benchmark/venv/lib/python3.9/site-packages/sklearn/base.py:1389: DataConversionWarning: A column-vector y was passed when a 1d array was expected. Please change the shape of y to (n_samples,), for example using ravel().
  return fit_method(estimator, *args, **kwargs)
/home/vangeloz/public/dp-fair-intervention-benchmark/venv/lib/python3.9/site-packages/sklearn/preprocessing/_label.py:110: DataConversionWarning: A column-vector y was passed when a 1d array was expected. Please change the shape of y to (n_samples, ), for example using ravel().
  y = column_or_1d(y, warn=True)
/home/vangeloz/public/dp-fair-intervention-benchmark/venv/lib/python3.9/site-packages/sklearn/preprocessing/_label.py:110: DataConversionWarning: A column-vector y was passed when a 1d array was expected. Please change the shape of y to (n_samples, ), for example using ravel().
  y = column_or_1d(y, warn=True)
/home/vangeloz/public/dp-fair-intervention-benchmark/venv/lib/python3.9/site-packages/aif360/metrics/dataset_metric.py:82: RuntimeWarning: divide by zero encountered in scalar divide
  return metric_fun(privileged=False) / metric_fun(privileged=True)
/home/vangeloz/public/dp-fair-intervention-benchmark/venv/lib/python3.9/site-packages/sklearn/base.py:1389: DataConversionWarning: A column-vector y was passed when a 1d array was expected. Please change the shape of y to (n_samples,), for example using ravel().
  return fit_method(estimator, *args, **kwargs)
/home/vangeloz/public/dp-fair-intervention-benchmark/venv/lib/python3.9/site-packages/sklearn/base.py:1389: DataConversionWarning: A column-vector y was passed when a 1d array was expected. Please change the shape of y to (n_samples,), for example using ravel().
  return fit_method(estimator, *args, **kwargs)
/home/vangeloz/public/dp-fair-intervention-benchmark/venv/lib/python3.9/site-packages/sklearn/base.py:1389: DataConversionWarning: A column-vector y was passed when a 1d array was expected. Please change the shape of y to (n_samples,), for example using ravel().
  return fit_method(estimator, *args, **kwargs)
/home/vangeloz/public/dp-fair-intervention-benchmark/venv/lib/python3.9/site-packages/sklearn/preprocessing/_label.py:110: DataConversionWarning: A column-vector y was passed when a 1d array was expected. Please change the shape of y to (n_samples, ), for example using ravel().
  y = column_or_1d(y, warn=True)
/home/vangeloz/public/dp-fair-intervention-benchmark/venv/lib/python3.9/site-packages/sklearn/preprocessing/_label.py:110: DataConversionWarning: A column-vector y was passed when a 1d array was expected. Please change the shape of y to (n_samples, ), for example using ravel().
  y = column_or_1d(y, warn=True)
/home/vangeloz/public/dp-fair-intervention-benchmark/venv/lib/python3.9/site-packages/aif360/metrics/dataset_metric.py:82: RuntimeWarning: invalid value encountered in scalar divide
  return metric_fun(privileged=False) / metric_fun(privileged=True)
/home/vangeloz/public/dp-fair-intervention-benchmark/venv/lib/python3.9/site-packages/sklearn/base.py:1389: DataConversionWarning: A column-vector y was passed when a 1d array was expected. Please change the shape of y to (n_samples,), for example using ravel().
  return fit_method(estimator, *args, **kwargs)
/home/vangeloz/public/dp-fair-intervention-benchmark/venv/lib/python3.9/site-packages/sklearn/base.py:1389: DataConversionWarning: A column-vector y was passed when a 1d array was expected. Please change the shape of y to (n_samples,), for example using ravel().
  return fit_method(estimator, *args, **kwargs)
/home/vangeloz/public/dp-fair-intervention-benchmark/venv/lib/python3.9/site-packages/sklearn/base.py:1389: DataConversionWarning: A column-vector y was passed when a 1d array was expected. Please change the shape of y to (n_samples,), for example using ravel().
  return fit_method(estimator, *args, **kwargs)
/home/vangeloz/public/dp-fair-intervention-benchmark/venv/lib/python3.9/site-packages/sklearn/preprocessing/_label.py:110: DataConversionWarning: A column-vector y was passed when a 1d array was expected. Please change the shape of y to (n_samples, ), for example using ravel().
  y = column_or_1d(y, warn=True)
/home/vangeloz/public/dp-fair-intervention-benchmark/venv/lib/python3.9/site-packages/sklearn/preprocessing/_label.py:110: DataConversionWarning: A column-vector y was passed when a 1d array was expected. Please change the shape of y to (n_samples, ), for example using ravel().
  y = column_or_1d(y, warn=True)
/home/vangeloz/public/dp-fair-intervention-benchmark/venv/lib/python3.9/site-packages/aif360/metrics/dataset_metric.py:82: RuntimeWarning: divide by zero encountered in scalar divide
  return metric_fun(privileged=False) / metric_fun(privileged=True)
/home/vangeloz/public/dp-fair-intervention-benchmark/venv/lib/python3.9/site-packages/aif360/metrics/dataset_metric.py:82: RuntimeWarning: divide by zero encountered in scalar divide
  return metric_fun(privileged=False) / metric_fun(privileged=True)
/home/vangeloz/public/dp-fair-intervention-benchmark/venv/lib/python3.9/site-packages/aif360/metrics/dataset_metric.py:82: RuntimeWarning: divide by zero encountered in scalar divide
  return metric_fun(privileged=False) / metric_fun(privileged=True)
/home/vangeloz/public/dp-fair-intervention-benchmark/venv/lib/python3.9/site-packages/aif360/metrics/dataset_metric.py:82: RuntimeWarning: divide by zero encountered in scalar divide
  return metric_fun(privileged=False) / metric_fun(privileged=True)
/home/vangeloz/public/dp-fair-intervention-benchmark/venv/lib/python3.9/site-packages/aif360/metrics/dataset_metric.py:82: RuntimeWarning: invalid value encountered in scalar divide
  return metric_fun(privileged=False) / metric_fun(privileged=True)
/home/vangeloz/public/dp-fair-intervention-benchmark/venv/lib/python3.9/site-packages/sklearn/preprocessing/_label.py:110: DataConversionWarning: A column-vector y was passed when a 1d array was expected. Please change the shape of y to (n_samples, ), for example using ravel().
  y = column_or_1d(y, warn=True)
/home/vangeloz/public/dp-fair-intervention-benchmark/venv/lib/python3.9/site-packages/aif360/metrics/dataset_metric.py:82: RuntimeWarning: divide by zero encountered in scalar divide
  return metric_fun(privileged=False) / metric_fun(privileged=True)
/home/vangeloz/public/dp-fair-intervention-benchmark/venv/lib/python3.9/site-packages/sklearn/preprocessing/_label.py:110: DataConversionWarning: A column-vector y was passed when a 1d array was expected. Please change the shape of y to (n_samples, ), for example using ravel().
  y = column_or_1d(y, warn=True)
/home/vangeloz/public/dp-fair-intervention-benchmark/venv/lib/python3.9/site-packages/aif360/metrics/dataset_metric.py:82: RuntimeWarning: divide by zero encountered in scalar divide
  return metric_fun(privileged=False) / metric_fun(privileged=True)
/home/vangeloz/public/dp-fair-intervention-benchmark/venv/lib/python3.9/site-packages/aif360/metrics/dataset_metric.py:82: RuntimeWarning: divide by zero encountered in scalar divide
  return metric_fun(privileged=False) / metric_fun(privileged=True)
/home/vangeloz/public/dp-fair-intervention-benchmark/venv/lib/python3.9/site-packages/aif360/metrics/dataset_metric.py:82: RuntimeWarning: divide by zero encountered in scalar divide
  return metric_fun(privileged=False) / metric_fun(privileged=True)
/home/vangeloz/public/dp-fair-intervention-benchmark/venv/lib/python3.9/site-packages/aif360/metrics/dataset_metric.py:82: RuntimeWarning: divide by zero encountered in scalar divide
  return metric_fun(privileged=False) / metric_fun(privileged=True)
/home/vangeloz/public/dp-fair-intervention-benchmark/venv/lib/python3.9/site-packages/aif360/metrics/dataset_metric.py:82: RuntimeWarning: invalid value encountered in scalar divide
  return metric_fun(privileged=False) / metric_fun(privileged=True)
/home/vangeloz/public/dp-fair-intervention-benchmark/venv/lib/python3.9/site-packages/sklearn/preprocessing/_label.py:110: DataConversionWarning: A column-vector y was passed when a 1d array was expected. Please change the shape of y to (n_samples, ), for example using ravel().
  y = column_or_1d(y, warn=True)
/home/vangeloz/public/dp-fair-intervention-benchmark/venv/lib/python3.9/site-packages/sklearn/preprocessing/_label.py:110: DataConversionWarning: A column-vector y was passed when a 1d array was expected. Please change the shape of y to (n_samples, ), for example using ravel().
  y = column_or_1d(y, warn=True)
/home/vangeloz/public/dp-fair-intervention-benchmark/venv/lib/python3.9/site-packages/aif360/algorithms/preprocessing/reweighing.py:66: RuntimeWarning: invalid value encountered in scalar divide
  self.w_p_fav = n_fav*n_p / (n*n_p_fav)
/home/vangeloz/public/dp-fair-intervention-benchmark/venv/lib/python3.9/site-packages/aif360/algorithms/preprocessing/reweighing.py:67: RuntimeWarning: invalid value encountered in scalar divide
  self.w_p_unfav = n_unfav*n_p / (n*n_p_unfav)
/home/vangeloz/public/dp-fair-intervention-benchmark/venv/lib/python3.9/site-packages/numpy/core/fromnumeric.py:3504: RuntimeWarning: Mean of empty slice.
  return _methods._mean(a, axis=axis, dtype=dtype,
/home/vangeloz/public/dp-fair-intervention-benchmark/venv/lib/python3.9/site-packages/numpy/core/_methods.py:129: RuntimeWarning: invalid value encountered in scalar divide
  ret = ret.dtype.type(ret / rcount)
/home/vangeloz/public/dp-fair-intervention-benchmark/venv/lib/python3.9/site-packages/numpy/core/_methods.py:121: RuntimeWarning: invalid value encountered in divide
  ret = um.true_divide(
/home/vangeloz/public/dp-fair-intervention-benchmark/venv/lib/python3.9/site-packages/aif360/metrics/dataset_metric.py:82: RuntimeWarning: invalid value encountered in scalar divide
  return metric_fun(privileged=False) / metric_fun(privileged=True)
/home/vangeloz/public/dp-fair-intervention-benchmark/venv/lib/python3.9/site-packages/sklearn/preprocessing/_label.py:110: DataConversionWarning: A column-vector y was passed when a 1d array was expected. Please change the shape of y to (n_samples, ), for example using ravel().
  y = column_or_1d(y, warn=True)
/home/vangeloz/public/dp-fair-intervention-benchmark/venv/lib/python3.9/site-packages/sklearn/preprocessing/_label.py:110: DataConversionWarning: A column-vector y was passed when a 1d array was expected. Please change the shape of y to (n_samples, ), for example using ravel().
  y = column_or_1d(y, warn=True)
/home/vangeloz/public/dp-fair-intervention-benchmark/venv/lib/python3.9/site-packages/aif360/metrics/dataset_metric.py:82: RuntimeWarning: divide by zero encountered in scalar divide
  return metric_fun(privileged=False) / metric_fun(privileged=True)
/home/vangeloz/public/dp-fair-intervention-benchmark/venv/lib/python3.9/site-packages/aif360/metrics/dataset_metric.py:82: RuntimeWarning: divide by zero encountered in scalar divide
  return metric_fun(privileged=False) / metric_fun(privileged=True)
/home/vangeloz/public/dp-fair-intervention-benchmark/venv/lib/python3.9/site-packages/aif360/metrics/dataset_metric.py:82: RuntimeWarning: divide by zero encountered in scalar divide
  return metric_fun(privileged=False) / metric_fun(privileged=True)
/home/vangeloz/public/dp-fair-intervention-benchmark/venv/lib/python3.9/site-packages/aif360/metrics/dataset_metric.py:82: RuntimeWarning: divide by zero encountered in scalar divide
  return metric_fun(privileged=False) / metric_fun(privileged=True)
/home/vangeloz/public/dp-fair-intervention-benchmark/venv/lib/python3.9/site-packages/aif360/metrics/dataset_metric.py:82: RuntimeWarning: invalid value encountered in scalar divide
  return metric_fun(privileged=False) / metric_fun(privileged=True)
/home/vangeloz/public/dp-fair-intervention-benchmark/venv/lib/python3.9/site-packages/sklearn/preprocessing/_label.py:110: DataConversionWarning: A column-vector y was passed when a 1d array was expected. Please change the shape of y to (n_samples, ), for example using ravel().
  y = column_or_1d(y, warn=True)
/home/vangeloz/public/dp-fair-intervention-benchmark/venv/lib/python3.9/site-packages/aif360/metrics/dataset_metric.py:82: RuntimeWarning: divide by zero encountered in scalar divide
  return metric_fun(privileged=False) / metric_fun(privileged=True)
/home/vangeloz/public/dp-fair-intervention-benchmark/venv/lib/python3.9/site-packages/sklearn/preprocessing/_label.py:110: DataConversionWarning: A column-vector y was passed when a 1d array was expected. Please change the shape of y to (n_samples, ), for example using ravel().
  y = column_or_1d(y, warn=True)
/home/vangeloz/public/dp-fair-intervention-benchmark/venv/lib/python3.9/site-packages/aif360/metrics/dataset_metric.py:82: RuntimeWarning: divide by zero encountered in scalar divide
  return metric_fun(privileged=False) / metric_fun(privileged=True)
/home/vangeloz/public/dp-fair-intervention-benchmark/venv/lib/python3.9/site-packages/aif360/metrics/dataset_metric.py:82: RuntimeWarning: divide by zero encountered in scalar divide
  return metric_fun(privileged=False) / metric_fun(privileged=True)
/home/vangeloz/public/dp-fair-intervention-benchmark/venv/lib/python3.9/site-packages/aif360/metrics/dataset_metric.py:82: RuntimeWarning: divide by zero encountered in scalar divide
  return metric_fun(privileged=False) / metric_fun(privileged=True)
/home/vangeloz/public/dp-fair-intervention-benchmark/venv/lib/python3.9/site-packages/aif360/metrics/dataset_metric.py:82: RuntimeWarning: divide by zero encountered in scalar divide
  return metric_fun(privileged=False) / metric_fun(privileged=True)
/home/vangeloz/public/dp-fair-intervention-benchmark/venv/lib/python3.9/site-packages/aif360/metrics/dataset_metric.py:82: RuntimeWarning: divide by zero encountered in scalar divide
  return metric_fun(privileged=False) / metric_fun(privileged=True)
/home/vangeloz/public/dp-fair-intervention-benchmark/venv/lib/python3.9/site-packages/aif360/metrics/dataset_metric.py:82: RuntimeWarning: divide by zero encountered in scalar divide
  return metric_fun(privileged=False) / metric_fun(privileged=True)
/home/vangeloz/public/dp-fair-intervention-benchmark/venv/lib/python3.9/site-packages/aif360/metrics/dataset_metric.py:82: RuntimeWarning: divide by zero encountered in scalar divide
  return metric_fun(privileged=False) / metric_fun(privileged=True)
/home/vangeloz/public/dp-fair-intervention-benchmark/venv/lib/python3.9/site-packages/aif360/metrics/dataset_metric.py:82: RuntimeWarning: divide by zero encountered in scalar divide
  return metric_fun(privileged=False) / metric_fun(privileged=True)
/home/vangeloz/public/dp-fair-intervention-benchmark/venv/lib/python3.9/site-packages/aif360/metrics/dataset_metric.py:82: RuntimeWarning: invalid value encountered in scalar divide
  return metric_fun(privileged=False) / metric_fun(privileged=True)
/home/vangeloz/public/dp-fair-intervention-benchmark/venv/lib/python3.9/site-packages/sklearn/preprocessing/_label.py:110: DataConversionWarning: A column-vector y was passed when a 1d array was expected. Please change the shape of y to (n_samples, ), for example using ravel().
  y = column_or_1d(y, warn=True)
/home/vangeloz/public/dp-fair-intervention-benchmark/venv/lib/python3.9/site-packages/aif360/metrics/dataset_metric.py:82: RuntimeWarning: divide by zero encountered in scalar divide
  return metric_fun(privileged=False) / metric_fun(privileged=True)
/home/vangeloz/public/dp-fair-intervention-benchmark/venv/lib/python3.9/site-packages/sklearn/preprocessing/_label.py:110: DataConversionWarning: A column-vector y was passed when a 1d array was expected. Please change the shape of y to (n_samples, ), for example using ravel().
  y = column_or_1d(y, warn=True)
/home/vangeloz/public/dp-fair-intervention-benchmark/venv/lib/python3.9/site-packages/aif360/metrics/dataset_metric.py:82: RuntimeWarning: divide by zero encountered in scalar divide
  return metric_fun(privileged=False) / metric_fun(privileged=True)
/home/vangeloz/public/dp-fair-intervention-benchmark/venv/lib/python3.9/site-packages/aif360/metrics/dataset_metric.py:82: RuntimeWarning: divide by zero encountered in scalar divide
  return metric_fun(privileged=False) / metric_fun(privileged=True)
/home/vangeloz/public/dp-fair-intervention-benchmark/venv/lib/python3.9/site-packages/aif360/metrics/dataset_metric.py:82: RuntimeWarning: divide by zero encountered in scalar divide
  return metric_fun(privileged=False) / metric_fun(privileged=True)
/home/vangeloz/public/dp-fair-intervention-benchmark/venv/lib/python3.9/site-packages/aif360/metrics/dataset_metric.py:82: RuntimeWarning: divide by zero encountered in scalar divide
  return metric_fun(privileged=False) / metric_fun(privileged=True)
/home/vangeloz/public/dp-fair-intervention-benchmark/venv/lib/python3.9/site-packages/aif360/metrics/dataset_metric.py:82: RuntimeWarning: invalid value encountered in scalar divide
  return metric_fun(privileged=False) / metric_fun(privileged=True)
/home/vangeloz/public/dp-fair-intervention-benchmark/venv/lib/python3.9/site-packages/sklearn/preprocessing/_label.py:110: DataConversionWarning: A column-vector y was passed when a 1d array was expected. Please change the shape of y to (n_samples, ), for example using ravel().
  y = column_or_1d(y, warn=True)
/home/vangeloz/public/dp-fair-intervention-benchmark/venv/lib/python3.9/site-packages/sklearn/preprocessing/_label.py:110: DataConversionWarning: A column-vector y was passed when a 1d array was expected. Please change the shape of y to (n_samples, ), for example using ravel().
  y = column_or_1d(y, warn=True)
/home/vangeloz/public/dp-fair-intervention-benchmark/venv/lib/python3.9/site-packages/aif360/metrics/dataset_metric.py:82: RuntimeWarning: divide by zero encountered in scalar divide
  return metric_fun(privileged=False) / metric_fun(privileged=True)
/home/vangeloz/public/dp-fair-intervention-benchmark/venv/lib/python3.9/site-packages/aif360/metrics/dataset_metric.py:82: RuntimeWarning: divide by zero encountered in scalar divide
  return metric_fun(privileged=False) / metric_fun(privileged=True)
/home/vangeloz/public/dp-fair-intervention-benchmark/venv/lib/python3.9/site-packages/aif360/metrics/dataset_metric.py:82: RuntimeWarning: divide by zero encountered in scalar divide
  return metric_fun(privileged=False) / metric_fun(privileged=True)
/home/vangeloz/public/dp-fair-intervention-benchmark/venv/lib/python3.9/site-packages/aif360/metrics/dataset_metric.py:82: RuntimeWarning: divide by zero encountered in scalar divide
  return metric_fun(privileged=False) / metric_fun(privileged=True)
/home/vangeloz/public/dp-fair-intervention-benchmark/venv/lib/python3.9/site-packages/aif360/metrics/dataset_metric.py:82: RuntimeWarning: invalid value encountered in scalar divide
  return metric_fun(privileged=False) / metric_fun(privileged=True)
/home/vangeloz/public/dp-fair-intervention-benchmark/venv/lib/python3.9/site-packages/sklearn/preprocessing/_label.py:110: DataConversionWarning: A column-vector y was passed when a 1d array was expected. Please change the shape of y to (n_samples, ), for example using ravel().
  y = column_or_1d(y, warn=True)
/home/vangeloz/public/dp-fair-intervention-benchmark/venv/lib/python3.9/site-packages/aif360/metrics/dataset_metric.py:82: RuntimeWarning: divide by zero encountered in scalar divide
  return metric_fun(privileged=False) / metric_fun(privileged=True)
/home/vangeloz/public/dp-fair-intervention-benchmark/venv/lib/python3.9/site-packages/sklearn/preprocessing/_label.py:110: DataConversionWarning: A column-vector y was passed when a 1d array was expected. Please change the shape of y to (n_samples, ), for example using ravel().
  y = column_or_1d(y, warn=True)
/home/vangeloz/public/dp-fair-intervention-benchmark/venv/lib/python3.9/site-packages/aif360/metrics/dataset_metric.py:82: RuntimeWarning: divide by zero encountered in scalar divide
  return metric_fun(privileged=False) / metric_fun(privileged=True)
/home/vangeloz/public/dp-fair-intervention-benchmark/venv/lib/python3.9/site-packages/aif360/metrics/dataset_metric.py:82: RuntimeWarning: divide by zero encountered in scalar divide
  return metric_fun(privileged=False) / metric_fun(privileged=True)
/home/vangeloz/public/dp-fair-intervention-benchmark/venv/lib/python3.9/site-packages/aif360/metrics/dataset_metric.py:82: RuntimeWarning: divide by zero encountered in scalar divide
  return metric_fun(privileged=False) / metric_fun(privileged=True)
/home/vangeloz/public/dp-fair-intervention-benchmark/venv/lib/python3.9/site-packages/aif360/metrics/dataset_metric.py:82: RuntimeWarning: divide by zero encountered in scalar divide
  return metric_fun(privileged=False) / metric_fun(privileged=True)
/home/vangeloz/public/dp-fair-intervention-benchmark/venv/lib/python3.9/site-packages/aif360/metrics/dataset_metric.py:82: RuntimeWarning: invalid value encountered in scalar divide
  return metric_fun(privileged=False) / metric_fun(privileged=True)
/home/vangeloz/public/dp-fair-intervention-benchmark/venv/lib/python3.9/site-packages/sklearn/preprocessing/_label.py:110: DataConversionWarning: A column-vector y was passed when a 1d array was expected. Please change the shape of y to (n_samples, ), for example using ravel().
  y = column_or_1d(y, warn=True)
/home/vangeloz/public/dp-fair-intervention-benchmark/venv/lib/python3.9/site-packages/sklearn/preprocessing/_label.py:110: DataConversionWarning: A column-vector y was passed when a 1d array was expected. Please change the shape of y to (n_samples, ), for example using ravel().
  y = column_or_1d(y, warn=True)
/home/vangeloz/public/dp-fair-intervention-benchmark/venv/lib/python3.9/site-packages/aif360/metrics/dataset_metric.py:82: RuntimeWarning: invalid value encountered in scalar divide
  return metric_fun(privileged=False) / metric_fun(privileged=True)
/home/vangeloz/public/dp-fair-intervention-benchmark/venv/lib/python3.9/site-packages/sklearn/preprocessing/_label.py:110: DataConversionWarning: A column-vector y was passed when a 1d array was expected. Please change the shape of y to (n_samples, ), for example using ravel().
  y = column_or_1d(y, warn=True)
/home/vangeloz/public/dp-fair-intervention-benchmark/venv/lib/python3.9/site-packages/sklearn/preprocessing/_label.py:110: DataConversionWarning: A column-vector y was passed when a 1d array was expected. Please change the shape of y to (n_samples, ), for example using ravel().
  y = column_or_1d(y, warn=True)
/home/vangeloz/public/dp-fair-intervention-benchmark/venv/lib/python3.9/site-packages/aif360/metrics/dataset_metric.py:82: RuntimeWarning: divide by zero encountered in scalar divide
  return metric_fun(privileged=False) / metric_fun(privileged=True)
/home/vangeloz/public/dp-fair-intervention-benchmark/venv/lib/python3.9/site-packages/aif360/metrics/dataset_metric.py:82: RuntimeWarning: divide by zero encountered in scalar divide
  return metric_fun(privileged=False) / metric_fun(privileged=True)
/home/vangeloz/public/dp-fair-intervention-benchmark/venv/lib/python3.9/site-packages/aif360/metrics/dataset_metric.py:82: RuntimeWarning: divide by zero encountered in scalar divide
  return metric_fun(privileged=False) / metric_fun(privileged=True)
/home/vangeloz/public/dp-fair-intervention-benchmark/venv/lib/python3.9/site-packages/aif360/metrics/dataset_metric.py:82: RuntimeWarning: divide by zero encountered in scalar divide
  return metric_fun(privileged=False) / metric_fun(privileged=True)
/home/vangeloz/public/dp-fair-intervention-benchmark/venv/lib/python3.9/site-packages/aif360/metrics/dataset_metric.py:82: RuntimeWarning: invalid value encountered in scalar divide
  return metric_fun(privileged=False) / metric_fun(privileged=True)
/home/vangeloz/public/dp-fair-intervention-benchmark/venv/lib/python3.9/site-packages/sklearn/preprocessing/_label.py:110: DataConversionWarning: A column-vector y was passed when a 1d array was expected. Please change the shape of y to (n_samples, ), for example using ravel().
  y = column_or_1d(y, warn=True)
/home/vangeloz/public/dp-fair-intervention-benchmark/venv/lib/python3.9/site-packages/aif360/metrics/dataset_metric.py:82: RuntimeWarning: divide by zero encountered in scalar divide
  return metric_fun(privileged=False) / metric_fun(privileged=True)
/home/vangeloz/public/dp-fair-intervention-benchmark/venv/lib/python3.9/site-packages/sklearn/preprocessing/_label.py:110: DataConversionWarning: A column-vector y was passed when a 1d array was expected. Please change the shape of y to (n_samples, ), for example using ravel().
  y = column_or_1d(y, warn=True)
/home/vangeloz/public/dp-fair-intervention-benchmark/venv/lib/python3.9/site-packages/aif360/metrics/dataset_metric.py:82: RuntimeWarning: divide by zero encountered in scalar divide
  return metric_fun(privileged=False) / metric_fun(privileged=True)
/home/vangeloz/public/dp-fair-intervention-benchmark/venv/lib/python3.9/site-packages/aif360/metrics/dataset_metric.py:82: RuntimeWarning: divide by zero encountered in scalar divide
  return metric_fun(privileged=False) / metric_fun(privileged=True)
/home/vangeloz/public/dp-fair-intervention-benchmark/venv/lib/python3.9/site-packages/aif360/metrics/dataset_metric.py:82: RuntimeWarning: divide by zero encountered in scalar divide
  return metric_fun(privileged=False) / metric_fun(privileged=True)
/home/vangeloz/public/dp-fair-intervention-benchmark/venv/lib/python3.9/site-packages/aif360/metrics/dataset_metric.py:82: RuntimeWarning: invalid value encountered in scalar divide
  return metric_fun(privileged=False) / metric_fun(privileged=True)
/home/vangeloz/public/dp-fair-intervention-benchmark/venv/lib/python3.9/site-packages/aif360/metrics/dataset_metric.py:82: RuntimeWarning: divide by zero encountered in scalar divide
  return metric_fun(privileged=False) / metric_fun(privileged=True)
/home/vangeloz/public/dp-fair-intervention-benchmark/venv/lib/python3.9/site-packages/aif360/metrics/dataset_metric.py:82: RuntimeWarning: invalid value encountered in scalar divide
  return metric_fun(privileged=False) / metric_fun(privileged=True)
/home/vangeloz/public/dp-fair-intervention-benchmark/venv/lib/python3.9/site-packages/aif360/metrics/dataset_metric.py:82: RuntimeWarning: divide by zero encountered in scalar divide
  return metric_fun(privileged=False) / metric_fun(privileged=True)
/home/vangeloz/public/dp-fair-intervention-benchmark/venv/lib/python3.9/site-packages/aif360/metrics/dataset_metric.py:82: RuntimeWarning: divide by zero encountered in scalar divide
  return metric_fun(privileged=False) / metric_fun(privileged=True)
/home/vangeloz/public/dp-fair-intervention-benchmark/venv/lib/python3.9/site-packages/aif360/metrics/dataset_metric.py:82: RuntimeWarning: divide by zero encountered in scalar divide
  return metric_fun(privileged=False) / metric_fun(privileged=True)
/home/vangeloz/public/dp-fair-intervention-benchmark/venv/lib/python3.9/site-packages/aif360/metrics/dataset_metric.py:82: RuntimeWarning: divide by zero encountered in scalar divide
  return metric_fun(privileged=False) / metric_fun(privileged=True)
/home/vangeloz/public/dp-fair-intervention-benchmark/venv/lib/python3.9/site-packages/aif360/metrics/dataset_metric.py:82: RuntimeWarning: invalid value encountered in scalar divide
  return metric_fun(privileged=False) / metric_fun(privileged=True)
/home/vangeloz/public/dp-fair-intervention-benchmark/venv/lib/python3.9/site-packages/sklearn/preprocessing/_label.py:110: DataConversionWarning: A column-vector y was passed when a 1d array was expected. Please change the shape of y to (n_samples, ), for example using ravel().
  y = column_or_1d(y, warn=True)
/home/vangeloz/public/dp-fair-intervention-benchmark/venv/lib/python3.9/site-packages/aif360/metrics/dataset_metric.py:82: RuntimeWarning: divide by zero encountered in scalar divide
  return metric_fun(privileged=False) / metric_fun(privileged=True)
/home/vangeloz/public/dp-fair-intervention-benchmark/venv/lib/python3.9/site-packages/sklearn/preprocessing/_label.py:110: DataConversionWarning: A column-vector y was passed when a 1d array was expected. Please change the shape of y to (n_samples, ), for example using ravel().
  y = column_or_1d(y, warn=True)
/home/vangeloz/public/dp-fair-intervention-benchmark/venv/lib/python3.9/site-packages/aif360/metrics/dataset_metric.py:82: RuntimeWarning: divide by zero encountered in scalar divide
  return metric_fun(privileged=False) / metric_fun(privileged=True)
/home/vangeloz/public/dp-fair-intervention-benchmark/venv/lib/python3.9/site-packages/aif360/metrics/dataset_metric.py:82: RuntimeWarning: divide by zero encountered in scalar divide
  return metric_fun(privileged=False) / metric_fun(privileged=True)
/home/vangeloz/public/dp-fair-intervention-benchmark/venv/lib/python3.9/site-packages/aif360/metrics/dataset_metric.py:82: RuntimeWarning: divide by zero encountered in scalar divide
  return metric_fun(privileged=False) / metric_fun(privileged=True)
/home/vangeloz/public/dp-fair-intervention-benchmark/venv/lib/python3.9/site-packages/aif360/metrics/dataset_metric.py:82: RuntimeWarning: divide by zero encountered in scalar divide
  return metric_fun(privileged=False) / metric_fun(privileged=True)
/home/vangeloz/public/dp-fair-intervention-benchmark/venv/lib/python3.9/site-packages/aif360/metrics/dataset_metric.py:82: RuntimeWarning: divide by zero encountered in scalar divide
  return metric_fun(privileged=False) / metric_fun(privileged=True)
/home/vangeloz/public/dp-fair-intervention-benchmark/venv/lib/python3.9/site-packages/aif360/metrics/dataset_metric.py:82: RuntimeWarning: divide by zero encountered in scalar divide
  return metric_fun(privileged=False) / metric_fun(privileged=True)
/home/vangeloz/public/dp-fair-intervention-benchmark/venv/lib/python3.9/site-packages/aif360/metrics/dataset_metric.py:82: RuntimeWarning: divide by zero encountered in scalar divide
  return metric_fun(privileged=False) / metric_fun(privileged=True)
/home/vangeloz/public/dp-fair-intervention-benchmark/venv/lib/python3.9/site-packages/aif360/metrics/dataset_metric.py:82: RuntimeWarning: divide by zero encountered in scalar divide
  return metric_fun(privileged=False) / metric_fun(privileged=True)
/home/vangeloz/public/dp-fair-intervention-benchmark/venv/lib/python3.9/site-packages/aif360/metrics/dataset_metric.py:82: RuntimeWarning: invalid value encountered in scalar divide
  return metric_fun(privileged=False) / metric_fun(privileged=True)
/home/vangeloz/public/dp-fair-intervention-benchmark/venv/lib/python3.9/site-packages/sklearn/preprocessing/_label.py:110: DataConversionWarning: A column-vector y was passed when a 1d array was expected. Please change the shape of y to (n_samples, ), for example using ravel().
  y = column_or_1d(y, warn=True)
/home/vangeloz/public/dp-fair-intervention-benchmark/venv/lib/python3.9/site-packages/aif360/metrics/dataset_metric.py:82: RuntimeWarning: divide by zero encountered in scalar divide
  return metric_fun(privileged=False) / metric_fun(privileged=True)
/home/vangeloz/public/dp-fair-intervention-benchmark/venv/lib/python3.9/site-packages/sklearn/preprocessing/_label.py:110: DataConversionWarning: A column-vector y was passed when a 1d array was expected. Please change the shape of y to (n_samples, ), for example using ravel().
  y = column_or_1d(y, warn=True)
/home/vangeloz/public/dp-fair-intervention-benchmark/venv/lib/python3.9/site-packages/aif360/metrics/dataset_metric.py:82: RuntimeWarning: divide by zero encountered in scalar divide
  return metric_fun(privileged=False) / metric_fun(privileged=True)
/home/vangeloz/public/dp-fair-intervention-benchmark/venv/lib/python3.9/site-packages/aif360/metrics/dataset_metric.py:82: RuntimeWarning: divide by zero encountered in scalar divide
  return metric_fun(privileged=False) / metric_fun(privileged=True)
/home/vangeloz/public/dp-fair-intervention-benchmark/venv/lib/python3.9/site-packages/aif360/metrics/dataset_metric.py:82: RuntimeWarning: divide by zero encountered in scalar divide
  return metric_fun(privileged=False) / metric_fun(privileged=True)
/home/vangeloz/public/dp-fair-intervention-benchmark/venv/lib/python3.9/site-packages/aif360/metrics/dataset_metric.py:82: RuntimeWarning: divide by zero encountered in scalar divide
  return metric_fun(privileged=False) / metric_fun(privileged=True)
/home/vangeloz/public/dp-fair-intervention-benchmark/venv/lib/python3.9/site-packages/aif360/metrics/dataset_metric.py:82: RuntimeWarning: divide by zero encountered in scalar divide
  return metric_fun(privileged=False) / metric_fun(privileged=True)
/home/vangeloz/public/dp-fair-intervention-benchmark/venv/lib/python3.9/site-packages/aif360/metrics/dataset_metric.py:82: RuntimeWarning: divide by zero encountered in scalar divide
  return metric_fun(privileged=False) / metric_fun(privileged=True)
/home/vangeloz/public/dp-fair-intervention-benchmark/venv/lib/python3.9/site-packages/aif360/metrics/dataset_metric.py:82: RuntimeWarning: divide by zero encountered in scalar divide
  return metric_fun(privileged=False) / metric_fun(privileged=True)
/home/vangeloz/public/dp-fair-intervention-benchmark/venv/lib/python3.9/site-packages/aif360/metrics/dataset_metric.py:82: RuntimeWarning: divide by zero encountered in scalar divide
  return metric_fun(privileged=False) / metric_fun(privileged=True)
/home/vangeloz/public/dp-fair-intervention-benchmark/venv/lib/python3.9/site-packages/aif360/metrics/dataset_metric.py:82: RuntimeWarning: invalid value encountered in scalar divide
  return metric_fun(privileged=False) / metric_fun(privileged=True)
/home/vangeloz/public/dp-fair-intervention-benchmark/venv/lib/python3.9/site-packages/sklearn/preprocessing/_label.py:110: DataConversionWarning: A column-vector y was passed when a 1d array was expected. Please change the shape of y to (n_samples, ), for example using ravel().
  y = column_or_1d(y, warn=True)
/home/vangeloz/public/dp-fair-intervention-benchmark/venv/lib/python3.9/site-packages/aif360/metrics/dataset_metric.py:82: RuntimeWarning: divide by zero encountered in scalar divide
  return metric_fun(privileged=False) / metric_fun(privileged=True)
/home/vangeloz/public/dp-fair-intervention-benchmark/venv/lib/python3.9/site-packages/sklearn/preprocessing/_label.py:110: DataConversionWarning: A column-vector y was passed when a 1d array was expected. Please change the shape of y to (n_samples, ), for example using ravel().
  y = column_or_1d(y, warn=True)
/home/vangeloz/public/dp-fair-intervention-benchmark/venv/lib/python3.9/site-packages/aif360/metrics/dataset_metric.py:82: RuntimeWarning: divide by zero encountered in scalar divide
  return metric_fun(privileged=False) / metric_fun(privileged=True)
/home/vangeloz/public/dp-fair-intervention-benchmark/venv/lib/python3.9/site-packages/aif360/metrics/dataset_metric.py:82: RuntimeWarning: divide by zero encountered in scalar divide
  return metric_fun(privileged=False) / metric_fun(privileged=True)
/home/vangeloz/public/dp-fair-intervention-benchmark/venv/lib/python3.9/site-packages/aif360/metrics/dataset_metric.py:82: RuntimeWarning: divide by zero encountered in scalar divide
  return metric_fun(privileged=False) / metric_fun(privileged=True)
/home/vangeloz/public/dp-fair-intervention-benchmark/venv/lib/python3.9/site-packages/aif360/metrics/dataset_metric.py:82: RuntimeWarning: divide by zero encountered in scalar divide
  return metric_fun(privileged=False) / metric_fun(privileged=True)
/home/vangeloz/public/dp-fair-intervention-benchmark/venv/lib/python3.9/site-packages/aif360/metrics/dataset_metric.py:82: RuntimeWarning: divide by zero encountered in scalar divide
  return metric_fun(privileged=False) / metric_fun(privileged=True)
/home/vangeloz/public/dp-fair-intervention-benchmark/venv/lib/python3.9/site-packages/aif360/metrics/dataset_metric.py:82: RuntimeWarning: divide by zero encountered in scalar divide
  return metric_fun(privileged=False) / metric_fun(privileged=True)
/home/vangeloz/public/dp-fair-intervention-benchmark/venv/lib/python3.9/site-packages/aif360/metrics/dataset_metric.py:82: RuntimeWarning: divide by zero encountered in scalar divide
  return metric_fun(privileged=False) / metric_fun(privileged=True)
/home/vangeloz/public/dp-fair-intervention-benchmark/venv/lib/python3.9/site-packages/aif360/metrics/dataset_metric.py:82: RuntimeWarning: divide by zero encountered in scalar divide
  return metric_fun(privileged=False) / metric_fun(privileged=True)
/home/vangeloz/public/dp-fair-intervention-benchmark/venv/lib/python3.9/site-packages/aif360/metrics/dataset_metric.py:82: RuntimeWarning: invalid value encountered in scalar divide
  return metric_fun(privileged=False) / metric_fun(privileged=True)
/home/vangeloz/public/dp-fair-intervention-benchmark/venv/lib/python3.9/site-packages/sklearn/preprocessing/_label.py:110: DataConversionWarning: A column-vector y was passed when a 1d array was expected. Please change the shape of y to (n_samples, ), for example using ravel().
  y = column_or_1d(y, warn=True)
/home/vangeloz/public/dp-fair-intervention-benchmark/venv/lib/python3.9/site-packages/aif360/metrics/dataset_metric.py:82: RuntimeWarning: divide by zero encountered in scalar divide
  return metric_fun(privileged=False) / metric_fun(privileged=True)
/home/vangeloz/public/dp-fair-intervention-benchmark/venv/lib/python3.9/site-packages/sklearn/preprocessing/_label.py:110: DataConversionWarning: A column-vector y was passed when a 1d array was expected. Please change the shape of y to (n_samples, ), for example using ravel().
  y = column_or_1d(y, warn=True)
/home/vangeloz/public/dp-fair-intervention-benchmark/venv/lib/python3.9/site-packages/aif360/metrics/dataset_metric.py:82: RuntimeWarning: divide by zero encountered in scalar divide
  return metric_fun(privileged=False) / metric_fun(privileged=True)
/home/vangeloz/public/dp-fair-intervention-benchmark/venv/lib/python3.9/site-packages/aif360/metrics/dataset_metric.py:82: RuntimeWarning: divide by zero encountered in scalar divide
  return metric_fun(privileged=False) / metric_fun(privileged=True)
/home/vangeloz/public/dp-fair-intervention-benchmark/venv/lib/python3.9/site-packages/aif360/metrics/dataset_metric.py:82: RuntimeWarning: divide by zero encountered in scalar divide
  return metric_fun(privileged=False) / metric_fun(privileged=True)
/home/vangeloz/public/dp-fair-intervention-benchmark/venv/lib/python3.9/site-packages/aif360/metrics/dataset_metric.py:82: RuntimeWarning: divide by zero encountered in scalar divide
  return metric_fun(privileged=False) / metric_fun(privileged=True)
/home/vangeloz/public/dp-fair-intervention-benchmark/venv/lib/python3.9/site-packages/aif360/algorithms/preprocessing/reweighing.py:66: RuntimeWarning: invalid value encountered in scalar divide
  self.w_p_fav = n_fav*n_p / (n*n_p_fav)
/home/vangeloz/public/dp-fair-intervention-benchmark/venv/lib/python3.9/site-packages/aif360/algorithms/preprocessing/reweighing.py:67: RuntimeWarning: invalid value encountered in scalar divide
  self.w_p_unfav = n_unfav*n_p / (n*n_p_unfav)
/home/vangeloz/public/dp-fair-intervention-benchmark/venv/lib/python3.9/site-packages/aif360/metrics/dataset_metric.py:82: RuntimeWarning: invalid value encountered in scalar divide
  return metric_fun(privileged=False) / metric_fun(privileged=True)
/home/vangeloz/public/dp-fair-intervention-benchmark/venv/lib/python3.9/site-packages/numpy/core/fromnumeric.py:3504: RuntimeWarning: Mean of empty slice.
  return _methods._mean(a, axis=axis, dtype=dtype,
/home/vangeloz/public/dp-fair-intervention-benchmark/venv/lib/python3.9/site-packages/numpy/core/_methods.py:129: RuntimeWarning: invalid value encountered in scalar divide
  ret = ret.dtype.type(ret / rcount)
/home/vangeloz/public/dp-fair-intervention-benchmark/venv/lib/python3.9/site-packages/numpy/core/_methods.py:121: RuntimeWarning: invalid value encountered in divide
  ret = um.true_divide(
/home/vangeloz/public/dp-fair-intervention-benchmark/venv/lib/python3.9/site-packages/aif360/metrics/dataset_metric.py:82: RuntimeWarning: invalid value encountered in scalar divide
  return metric_fun(privileged=False) / metric_fun(privileged=True)
/home/vangeloz/public/dp-fair-intervention-benchmark/venv/lib/python3.9/site-packages/sklearn/preprocessing/_label.py:110: DataConversionWarning: A column-vector y was passed when a 1d array was expected. Please change the shape of y to (n_samples, ), for example using ravel().
  y = column_or_1d(y, warn=True)
/home/vangeloz/public/dp-fair-intervention-benchmark/venv/lib/python3.9/site-packages/sklearn/preprocessing/_label.py:110: DataConversionWarning: A column-vector y was passed when a 1d array was expected. Please change the shape of y to (n_samples, ), for example using ravel().
  y = column_or_1d(y, warn=True)
/home/vangeloz/public/dp-fair-intervention-benchmark/venv/lib/python3.9/site-packages/aif360/metrics/dataset_metric.py:82: RuntimeWarning: divide by zero encountered in scalar divide
  return metric_fun(privileged=False) / metric_fun(privileged=True)
/home/vangeloz/public/dp-fair-intervention-benchmark/venv/lib/python3.9/site-packages/aif360/metrics/dataset_metric.py:82: RuntimeWarning: divide by zero encountered in scalar divide
  return metric_fun(privileged=False) / metric_fun(privileged=True)
/home/vangeloz/public/dp-fair-intervention-benchmark/venv/lib/python3.9/site-packages/aif360/metrics/dataset_metric.py:82: RuntimeWarning: divide by zero encountered in scalar divide
  return metric_fun(privileged=False) / metric_fun(privileged=True)
/home/vangeloz/public/dp-fair-intervention-benchmark/venv/lib/python3.9/site-packages/aif360/metrics/dataset_metric.py:82: RuntimeWarning: divide by zero encountered in scalar divide
  return metric_fun(privileged=False) / metric_fun(privileged=True)
/home/vangeloz/public/dp-fair-intervention-benchmark/venv/lib/python3.9/site-packages/aif360/metrics/dataset_metric.py:82: RuntimeWarning: invalid value encountered in scalar divide
  return metric_fun(privileged=False) / metric_fun(privileged=True)
/home/vangeloz/public/dp-fair-intervention-benchmark/venv/lib/python3.9/site-packages/sklearn/preprocessing/_label.py:110: DataConversionWarning: A column-vector y was passed when a 1d array was expected. Please change the shape of y to (n_samples, ), for example using ravel().
  y = column_or_1d(y, warn=True)
/home/vangeloz/public/dp-fair-intervention-benchmark/venv/lib/python3.9/site-packages/aif360/metrics/dataset_metric.py:82: RuntimeWarning: divide by zero encountered in scalar divide
  return metric_fun(privileged=False) / metric_fun(privileged=True)
/home/vangeloz/public/dp-fair-intervention-benchmark/venv/lib/python3.9/site-packages/sklearn/preprocessing/_label.py:110: DataConversionWarning: A column-vector y was passed when a 1d array was expected. Please change the shape of y to (n_samples, ), for example using ravel().
  y = column_or_1d(y, warn=True)
/home/vangeloz/public/dp-fair-intervention-benchmark/venv/lib/python3.9/site-packages/aif360/metrics/dataset_metric.py:82: RuntimeWarning: divide by zero encountered in scalar divide
  return metric_fun(privileged=False) / metric_fun(privileged=True)
/home/vangeloz/public/dp-fair-intervention-benchmark/venv/lib/python3.9/site-packages/aif360/metrics/dataset_metric.py:82: RuntimeWarning: divide by zero encountered in scalar divide
  return metric_fun(privileged=False) / metric_fun(privileged=True)
/home/vangeloz/public/dp-fair-intervention-benchmark/venv/lib/python3.9/site-packages/aif360/metrics/dataset_metric.py:82: RuntimeWarning: divide by zero encountered in scalar divide
  return metric_fun(privileged=False) / metric_fun(privileged=True)
/home/vangeloz/public/dp-fair-intervention-benchmark/venv/lib/python3.9/site-packages/aif360/metrics/dataset_metric.py:82: RuntimeWarning: invalid value encountered in scalar divide
  return metric_fun(privileged=False) / metric_fun(privileged=True)
/home/vangeloz/public/dp-fair-intervention-benchmark/venv/lib/python3.9/site-packages/aif360/metrics/dataset_metric.py:82: RuntimeWarning: divide by zero encountered in scalar divide
  return metric_fun(privileged=False) / metric_fun(privileged=True)
/home/vangeloz/public/dp-fair-intervention-benchmark/venv/lib/python3.9/site-packages/aif360/metrics/dataset_metric.py:82: RuntimeWarning: invalid value encountered in scalar divide
  return metric_fun(privileged=False) / metric_fun(privileged=True)
/home/vangeloz/public/dp-fair-intervention-benchmark/venv/lib/python3.9/site-packages/aif360/metrics/dataset_metric.py:82: RuntimeWarning: divide by zero encountered in scalar divide
  return metric_fun(privileged=False) / metric_fun(privileged=True)
/home/vangeloz/public/dp-fair-intervention-benchmark/venv/lib/python3.9/site-packages/aif360/metrics/dataset_metric.py:82: RuntimeWarning: invalid value encountered in scalar divide
  return metric_fun(privileged=False) / metric_fun(privileged=True)
/home/vangeloz/public/dp-fair-intervention-benchmark/venv/lib/python3.9/site-packages/sklearn/preprocessing/_label.py:110: DataConversionWarning: A column-vector y was passed when a 1d array was expected. Please change the shape of y to (n_samples, ), for example using ravel().
  y = column_or_1d(y, warn=True)
/home/vangeloz/public/dp-fair-intervention-benchmark/venv/lib/python3.9/site-packages/sklearn/preprocessing/_label.py:110: DataConversionWarning: A column-vector y was passed when a 1d array was expected. Please change the shape of y to (n_samples, ), for example using ravel().
  y = column_or_1d(y, warn=True)
/home/vangeloz/public/dp-fair-intervention-benchmark/venv/lib/python3.9/site-packages/aif360/metrics/dataset_metric.py:82: RuntimeWarning: invalid value encountered in scalar divide
  return metric_fun(privileged=False) / metric_fun(privileged=True)
/home/vangeloz/public/dp-fair-intervention-benchmark/venv/lib/python3.9/site-packages/sklearn/preprocessing/_label.py:110: DataConversionWarning: A column-vector y was passed when a 1d array was expected. Please change the shape of y to (n_samples, ), for example using ravel().
  y = column_or_1d(y, warn=True)
/home/vangeloz/public/dp-fair-intervention-benchmark/venv/lib/python3.9/site-packages/sklearn/preprocessing/_label.py:110: DataConversionWarning: A column-vector y was passed when a 1d array was expected. Please change the shape of y to (n_samples, ), for example using ravel().
  y = column_or_1d(y, warn=True)
/home/vangeloz/public/dp-fair-intervention-benchmark/venv/lib/python3.9/site-packages/aif360/metrics/dataset_metric.py:82: RuntimeWarning: divide by zero encountered in scalar divide
  return metric_fun(privileged=False) / metric_fun(privileged=True)
/home/vangeloz/public/dp-fair-intervention-benchmark/venv/lib/python3.9/site-packages/aif360/metrics/dataset_metric.py:82: RuntimeWarning: invalid value encountered in scalar divide
  return metric_fun(privileged=False) / metric_fun(privileged=True)
/home/vangeloz/public/dp-fair-intervention-benchmark/venv/lib/python3.9/site-packages/sklearn/preprocessing/_label.py:110: DataConversionWarning: A column-vector y was passed when a 1d array was expected. Please change the shape of y to (n_samples, ), for example using ravel().
  y = column_or_1d(y, warn=True)
/home/vangeloz/public/dp-fair-intervention-benchmark/venv/lib/python3.9/site-packages/sklearn/preprocessing/_label.py:110: DataConversionWarning: A column-vector y was passed when a 1d array was expected. Please change the shape of y to (n_samples, ), for example using ravel().
  y = column_or_1d(y, warn=True)
/home/vangeloz/public/dp-fair-intervention-benchmark/venv/lib/python3.9/site-packages/aif360/metrics/dataset_metric.py:82: RuntimeWarning: divide by zero encountered in scalar divide
  return metric_fun(privileged=False) / metric_fun(privileged=True)
/home/vangeloz/public/dp-fair-intervention-benchmark/venv/lib/python3.9/site-packages/aif360/metrics/dataset_metric.py:82: RuntimeWarning: invalid value encountered in scalar divide
  return metric_fun(privileged=False) / metric_fun(privileged=True)
/home/vangeloz/public/dp-fair-intervention-benchmark/venv/lib/python3.9/site-packages/sklearn/preprocessing/_label.py:110: DataConversionWarning: A column-vector y was passed when a 1d array was expected. Please change the shape of y to (n_samples, ), for example using ravel().
  y = column_or_1d(y, warn=True)
/home/vangeloz/public/dp-fair-intervention-benchmark/venv/lib/python3.9/site-packages/sklearn/preprocessing/_label.py:110: DataConversionWarning: A column-vector y was passed when a 1d array was expected. Please change the shape of y to (n_samples, ), for example using ravel().
  y = column_or_1d(y, warn=True)
/home/vangeloz/public/dp-fair-intervention-benchmark/venv/lib/python3.9/site-packages/aif360/metrics/dataset_metric.py:82: RuntimeWarning: invalid value encountered in scalar divide
  return metric_fun(privileged=False) / metric_fun(privileged=True)
/home/vangeloz/public/dp-fair-intervention-benchmark/venv/lib/python3.9/site-packages/sklearn/preprocessing/_label.py:110: DataConversionWarning: A column-vector y was passed when a 1d array was expected. Please change the shape of y to (n_samples, ), for example using ravel().
  y = column_or_1d(y, warn=True)
/home/vangeloz/public/dp-fair-intervention-benchmark/venv/lib/python3.9/site-packages/sklearn/preprocessing/_label.py:110: DataConversionWarning: A column-vector y was passed when a 1d array was expected. Please change the shape of y to (n_samples, ), for example using ravel().
  y = column_or_1d(y, warn=True)
/home/vangeloz/public/dp-fair-intervention-benchmark/venv/lib/python3.9/site-packages/aif360/metrics/dataset_metric.py:82: RuntimeWarning: invalid value encountered in scalar divide
  return metric_fun(privileged=False) / metric_fun(privileged=True)
/home/vangeloz/public/dp-fair-intervention-benchmark/venv/lib/python3.9/site-packages/sklearn/preprocessing/_label.py:110: DataConversionWarning: A column-vector y was passed when a 1d array was expected. Please change the shape of y to (n_samples, ), for example using ravel().
  y = column_or_1d(y, warn=True)
/home/vangeloz/public/dp-fair-intervention-benchmark/venv/lib/python3.9/site-packages/sklearn/preprocessing/_label.py:110: DataConversionWarning: A column-vector y was passed when a 1d array was expected. Please change the shape of y to (n_samples, ), for example using ravel().
  y = column_or_1d(y, warn=True)
/home/vangeloz/public/dp-fair-intervention-benchmark/venv/lib/python3.9/site-packages/aif360/metrics/dataset_metric.py:82: RuntimeWarning: divide by zero encountered in scalar divide
  return metric_fun(privileged=False) / metric_fun(privileged=True)
/home/vangeloz/public/dp-fair-intervention-benchmark/venv/lib/python3.9/site-packages/aif360/metrics/dataset_metric.py:82: RuntimeWarning: invalid value encountered in scalar divide
  return metric_fun(privileged=False) / metric_fun(privileged=True)
/home/vangeloz/public/dp-fair-intervention-benchmark/venv/lib/python3.9/site-packages/sklearn/preprocessing/_label.py:110: DataConversionWarning: A column-vector y was passed when a 1d array was expected. Please change the shape of y to (n_samples, ), for example using ravel().
  y = column_or_1d(y, warn=True)
/home/vangeloz/public/dp-fair-intervention-benchmark/venv/lib/python3.9/site-packages/sklearn/preprocessing/_label.py:110: DataConversionWarning: A column-vector y was passed when a 1d array was expected. Please change the shape of y to (n_samples, ), for example using ravel().
  y = column_or_1d(y, warn=True)
/home/vangeloz/public/dp-fair-intervention-benchmark/venv/lib/python3.9/site-packages/aif360/metrics/dataset_metric.py:82: RuntimeWarning: divide by zero encountered in scalar divide
  return metric_fun(privileged=False) / metric_fun(privileged=True)
/home/vangeloz/public/dp-fair-intervention-benchmark/venv/lib/python3.9/site-packages/aif360/metrics/dataset_metric.py:82: RuntimeWarning: divide by zero encountered in scalar divide
  return metric_fun(privileged=False) / metric_fun(privileged=True)
/home/vangeloz/public/dp-fair-intervention-benchmark/venv/lib/python3.9/site-packages/aif360/metrics/dataset_metric.py:82: RuntimeWarning: invalid value encountered in scalar divide
  return metric_fun(privileged=False) / metric_fun(privileged=True)
/home/vangeloz/public/dp-fair-intervention-benchmark/venv/lib/python3.9/site-packages/sklearn/preprocessing/_label.py:110: DataConversionWarning: A column-vector y was passed when a 1d array was expected. Please change the shape of y to (n_samples, ), for example using ravel().
  y = column_or_1d(y, warn=True)
/home/vangeloz/public/dp-fair-intervention-benchmark/venv/lib/python3.9/site-packages/aif360/metrics/dataset_metric.py:82: RuntimeWarning: divide by zero encountered in scalar divide
  return metric_fun(privileged=False) / metric_fun(privileged=True)
/home/vangeloz/public/dp-fair-intervention-benchmark/venv/lib/python3.9/site-packages/sklearn/preprocessing/_label.py:110: DataConversionWarning: A column-vector y was passed when a 1d array was expected. Please change the shape of y to (n_samples, ), for example using ravel().
  y = column_or_1d(y, warn=True)
/home/vangeloz/public/dp-fair-intervention-benchmark/venv/lib/python3.9/site-packages/aif360/metrics/dataset_metric.py:82: RuntimeWarning: divide by zero encountered in scalar divide
  return metric_fun(privileged=False) / metric_fun(privileged=True)
/home/vangeloz/public/dp-fair-intervention-benchmark/venv/lib/python3.9/site-packages/aif360/metrics/dataset_metric.py:82: RuntimeWarning: divide by zero encountered in scalar divide
  return metric_fun(privileged=False) / metric_fun(privileged=True)
/home/vangeloz/public/dp-fair-intervention-benchmark/venv/lib/python3.9/site-packages/aif360/metrics/dataset_metric.py:82: RuntimeWarning: divide by zero encountered in scalar divide
  return metric_fun(privileged=False) / metric_fun(privileged=True)
/home/vangeloz/public/dp-fair-intervention-benchmark/venv/lib/python3.9/site-packages/aif360/metrics/dataset_metric.py:82: RuntimeWarning: divide by zero encountered in scalar divide
  return metric_fun(privileged=False) / metric_fun(privileged=True)
/home/vangeloz/public/dp-fair-intervention-benchmark/venv/lib/python3.9/site-packages/aif360/metrics/dataset_metric.py:82: RuntimeWarning: invalid value encountered in scalar divide
  return metric_fun(privileged=False) / metric_fun(privileged=True)
/home/vangeloz/public/dp-fair-intervention-benchmark/venv/lib/python3.9/site-packages/sklearn/preprocessing/_label.py:110: DataConversionWarning: A column-vector y was passed when a 1d array was expected. Please change the shape of y to (n_samples, ), for example using ravel().
  y = column_or_1d(y, warn=True)
/home/vangeloz/public/dp-fair-intervention-benchmark/venv/lib/python3.9/site-packages/aif360/metrics/dataset_metric.py:82: RuntimeWarning: divide by zero encountered in scalar divide
  return metric_fun(privileged=False) / metric_fun(privileged=True)
/home/vangeloz/public/dp-fair-intervention-benchmark/venv/lib/python3.9/site-packages/sklearn/preprocessing/_label.py:110: DataConversionWarning: A column-vector y was passed when a 1d array was expected. Please change the shape of y to (n_samples, ), for example using ravel().
  y = column_or_1d(y, warn=True)
/home/vangeloz/public/dp-fair-intervention-benchmark/venv/lib/python3.9/site-packages/aif360/metrics/dataset_metric.py:82: RuntimeWarning: divide by zero encountered in scalar divide
  return metric_fun(privileged=False) / metric_fun(privileged=True)
/home/vangeloz/public/dp-fair-intervention-benchmark/venv/lib/python3.9/site-packages/aif360/metrics/dataset_metric.py:82: RuntimeWarning: divide by zero encountered in scalar divide
  return metric_fun(privileged=False) / metric_fun(privileged=True)
/home/vangeloz/public/dp-fair-intervention-benchmark/venv/lib/python3.9/site-packages/aif360/metrics/dataset_metric.py:82: RuntimeWarning: divide by zero encountered in scalar divide
  return metric_fun(privileged=False) / metric_fun(privileged=True)
/home/vangeloz/public/dp-fair-intervention-benchmark/venv/lib/python3.9/site-packages/aif360/metrics/dataset_metric.py:82: RuntimeWarning: divide by zero encountered in scalar divide
  return metric_fun(privileged=False) / metric_fun(privileged=True)
/home/vangeloz/public/dp-fair-intervention-benchmark/venv/lib/python3.9/site-packages/aif360/metrics/dataset_metric.py:82: RuntimeWarning: invalid value encountered in scalar divide
  return metric_fun(privileged=False) / metric_fun(privileged=True)
/home/vangeloz/public/dp-fair-intervention-benchmark/venv/lib/python3.9/site-packages/sklearn/preprocessing/_label.py:110: DataConversionWarning: A column-vector y was passed when a 1d array was expected. Please change the shape of y to (n_samples, ), for example using ravel().
  y = column_or_1d(y, warn=True)
/home/vangeloz/public/dp-fair-intervention-benchmark/venv/lib/python3.9/site-packages/sklearn/preprocessing/_label.py:110: DataConversionWarning: A column-vector y was passed when a 1d array was expected. Please change the shape of y to (n_samples, ), for example using ravel().
  y = column_or_1d(y, warn=True)
/home/vangeloz/public/dp-fair-intervention-benchmark/venv/lib/python3.9/site-packages/aif360/metrics/dataset_metric.py:82: RuntimeWarning: divide by zero encountered in scalar divide
  return metric_fun(privileged=False) / metric_fun(privileged=True)
