,AGEP,COW,SCHL,MAR,OCCP,POBP,RELP,WKHP,SEX,RAC1P,PINCP
0,51.0,1.0,16.0,1.0,4,49.0,0.0,50.0,0,1,1
1,37.0,3.0,16.0,1.0,3,110.0,0.0,40.0,1,1,1
2,69.0,1.0,19.0,5.0,-1,55.0,2.0,54.0,1,1,0
3,80.0,3.0,17.0,1.0,0,49.0,1.0,70.0,0,1,0
4,68.0,1.0,21.0,5.0,1,2.0,13.0,16.0,1,1,0
5,57.0,1.0,16.0,5.0,2,215.0,0.0,54.0,1,1,0
6,58.0,1.0,22.0,1.0,0,210.0,0.0,45.0,0,0,1
7,29.0,1.0,22.0,5.0,0,49.0,2.0,88.0,0,1,0
8,73.0,1.0,19.0,1.0,0,12.0,0.0,54.0,0,1,1
9,30.0,1.0,18.0,1.0,2,21.0,1.0,1.0,1,1,1
10,22.0,1.0,18.0,1.0,1,49.0,0.0,54.0,1,1,0
11,78.0,6.0,10.0,1.0,0,206.0,0.0,40.0,0,1,1
12,25.0,1.0,21.0,1.0,0,49.0,1.0,75.0,1,1,0
13,44.0,2.0,19.0,1.0,3,49.0,2.0,20.0,1,1,1
14,69.0,1.0,19.0,1.0,2,49.0,1.0,40.0,1,1,1
15,45.0,1.0,16.0,5.0,3,49.0,2.0,40.0,1,0,0
16,58.0,1.0,16.0,5.0,2,49.0,5.0,34.0,0,1,0
17,55.0,1.0,21.0,1.0,0,53.0,1.0,50.0,1,1,1
18,69.0,4.0,20.0,5.0,2,19.0,2.0,40.0,0,1,0
19,17.0,7.0,16.0,1.0,3,49.0,1.0,20.0,1,1,0
20,54.0,1.0,5.0,5.0,0,116.0,0.0,19.0,0,1,0
21,26.0,1.0,16.0,1.0,4,49.0,1.0,23.0,0,1,1
22,63.0,1.0,18.0,3.0,4,49.0,0.0,40.0,1,1,1
23,47.0,1.0,19.0,3.0,2,49.0,0.0,40.0,0,1,0
24,39.0,3.0,21.0,1.0,0,49.0,1.0,40.0,1,1,1
25,78.0,1.0,20.0,3.0,0,49.0,0.0,41.0,0,0,0
26,76.0,5.0,19.0,4.0,4,54.0,0.0,40.0,1,1,0
27,49.0,2.0,21.0,1.0,0,49.0,0.0,40.0,1,1,1
28,53.0,1.0,24.0,3.0,0,49.0,0.0,40.0,1,1,1
29,25.0,1.0,21.0,1.0,2,362.0,1.0,45.0,1,1,1
30,35.0,5.0,21.0,5.0,0,49.0,2.0,40.0,1,1,0
31,21.0,8.0,18.0,1.0,3,6.0,1.0,45.0,1,1,1
32,25.0,4.0,16.0,5.0,2,49.0,0.0,67.0,1,1,0
33,62.0,2.0,19.0,5.0,3,6.0,16.0,50.0,1,0,1
34,74.0,1.0,21.0,1.0,0,49.0,0.0,40.0,1,1,0
35,68.0,8.0,16.0,1.0,3,126.0,0.0,96.0,1,1,1
36,68.0,1.0,12.0,5.0,0,19.0,2.0,68.0,0,1,1
37,26.0,1.0,18.0,5.0,4,6.0,2.0,20.0,0,1,0
38,80.0,6.0,16.0,1.0,3,44.0,0.0,40.0,0,1,0
39,70.0,4.0,16.0,5.0,1,527.0,4.0,28.0,1,1,0
40,69.0,6.0,19.0,1.0,0,104.0,2.0,34.0,0,1,1
41,50.0,1.0,22.0,1.0,0,49.0,0.0,50.0,0,1,1
42,42.0,3.0,16.0,1.0,4,49.0,0.0,40.0,1,1,1
43,19.0,4.0,22.0,1.0,0,327.0,1.0,45.0,1,1,1
44,83.0,1.0,18.0,1.0,1,242.0,0.0,50.0,1,1,1
45,52.0,1.0,22.0,5.0,0,6.0,16.0,45.0,1,1,0
46,25.0,1.0,19.0,1.0,1,49.0,0.0,20.0,0,1,0
47,77.0,1.0,21.0,5.0,0,49.0,2.0,11.0,1,1,0
48,20.0,1.0,21.0,1.0,0,49.0,0.0,20.0,0,1,1
49,42.0,1.0,18.0,5.0,0,49.0,0.0,37.0,1,1,1
50,65.0,1.0,19.0,1.0,2,49.0,2.0,19.0,0,1,1
51,46.0,1.0,19.0,1.0,3,203.0,5.0,45.0,1,1,1
52,44.0,4.0,19.0,5.0,0,49.0,0.0,40.0,0,1,1
53,86.0,2.0,16.0,1.0,2,49.0,1.0,40.0,1,1,1
54,21.0,1.0,19.0,1.0,0,6.0,0.0,40.0,1,1,1
55,30.0,1.0,19.0,1.0,4,313.0,1.0,40.0,0,1,1
56,20.0,1.0,20.0,5.0,0,49.0,2.0,40.0,0,1,1
57,70.0,1.0,22.0,3.0,2,42.0,14.0,40.0,1,0,1
58,69.0,1.0,19.0,1.0,0,49.0,0.0,40.0,0,1,1
59,71.0,1.0,18.0,1.0,2,6.0,1.0,40.0,0,1,0
60,50.0,1.0,16.0,5.0,3,49.0,0.0,40.0,0,1,1
61,81.0,1.0,16.0,5.0,3,238.0,2.0,40.0,0,1,1
62,21.0,3.0,4.0,1.0,0,49.0,0.0,50.0,1,1,1
63,57.0,1.0,18.0,1.0,0,49.0,0.0,16.0,0,1,0
64,43.0,2.0,7.0,1.0,0,49.0,1.0,13.0,0,1,0
65,57.0,6.0,16.0,3.0,3,49.0,0.0,20.0,0,1,0
66,64.0,1.0,21.0,5.0,2,127.0,2.0,16.0,0,1,0
67,41.0,1.0,21.0,1.0,1,6.0,1.0,11.0,1,1,1
68,19.0,2.0,18.0,3.0,3,49.0,0.0,40.0,1,1,0
69,36.0,7.0,19.0,1.0,3,49.0,1.0,84.0,1,1,0
70,41.0,1.0,22.0,5.0,0,6.0,6.0,56.0,1,1,0
71,71.0,3.0,22.0,1.0,0,49.0,1.0,16.0,1,1,1
72,81.0,5.0,22.0,1.0,0,134.0,1.0,60.0,0,1,1
73,43.0,1.0,15.0,1.0,0,231.0,1.0,40.0,1,1,1
74,44.0,1.0,19.0,1.0,2,442.0,0.0,40.0,1,1,1
75,40.0,1.0,21.0,1.0,0,49.0,0.0,54.0,0,1,1
76,22.0,4.0,20.0,5.0,1,249.0,2.0,75.0,0,1,0
77,18.0,1.0,16.0,1.0,3,66.0,1.0,20.0,1,1,0
78,57.0,3.0,19.0,5.0,-1,49.0,4.0,51.0,1,1,0
79,63.0,1.0,8.0,1.0,0,117.0,1.0,40.0,1,1,1
80,37.0,1.0,19.0,1.0,3,49.0,0.0,45.0,1,1,1
81,74.0,1.0,22.0,1.0,0,6.0,0.0,2.0,0,1,1
82,22.0,2.0,21.0,1.0,0,49.0,0.0,40.0,1,1,1
83,51.0,1.0,19.0,5.0,1,49.0,4.0,28.0,1,1,0
84,65.0,1.0,20.0,1.0,0,468.0,1.0,40.0,0,1,1
85,76.0,1.0,19.0,5.0,2,49.0,0.0,50.0,1,1,1
86,64.0,1.0,19.0,1.0,2,49.0,0.0,50.0,0,1,1
87,53.0,1.0,18.0,5.0,3,49.0,12.0,42.0,0,1,0
88,18.0,8.0,18.0,5.0,1,160.0,3.0,60.0,1,1,0
89,29.0,1.0,16.0,1.0,4,158.0,0.0,65.0,0,1,0
90,70.0,1.0,21.0,5.0,0,49.0,17.0,26.0,1,1,0
91,74.0,1.0,6.0,1.0,0,6.0,0.0,40.0,0,1,1
92,77.0,8.0,21.0,1.0,1,10.0,1.0,46.0,1,1,0
93,53.0,3.0,22.0,1.0,0,55.0,1.0,40.0,1,1,1
94,23.0,1.0,20.0,5.0,2,49.0,2.0,11.0,0,1,0
95,68.0,3.0,19.0,1.0,4,49.0,0.0,40.0,1,1,0
96,82.0,8.0,20.0,1.0,0,23.0,0.0,40.0,0,1,1
97,46.0,1.0,21.0,1.0,2,5.0,1.0,40.0,1,1,1
98,71.0,1.0,18.0,1.0,1,49.0,1.0,99.0,1,1,1
99,33.0,1.0,20.0,3.0,3,427.0,0.0,88.0,0,1,1
100,50.0,8.0,10.0,1.0,4,6.0,0.0,10.0,1,1,1
101,26.0,1.0,21.0,1.0,0,49.0,1.0,45.0,1,1,1
102,21.0,1.0,20.0,3.0,0,6.0,0.0,40.0,1,1,1
103,81.0,1.0,21.0,5.0,0,365.0,10.0,70.0,1,1,0
104,52.0,1.0,21.0,1.0,0,49.0,1.0,45.0,1,1,1
105,38.0,3.0,20.0,3.0,0,2.0,1.0,24.0,1,1,1
106,21.0,1.0,18.0,5.0,2,217.0,5.0,82.0,0,1,0
107,38.0,2.0,21.0,3.0,2,55.0,0.0,67.0,1,0,0
108,17.0,1.0,7.0,3.0,0,49.0,0.0,37.0,1,1,1
109,21.0,1.0,21.0,1.0,0,206.0,0.0,40.0,1,1,1
110,38.0,4.0,22.0,5.0,0,49.0,0.0,26.0,1,1,0
111,44.0,1.0,19.0,5.0,2,372.0,9.0,50.0,0,1,0
112,29.0,7.0,16.0,5.0,3,49.0,12.0,40.0,0,0,1
113,21.0,1.0,16.0,1.0,2,49.0,2.0,40.0,1,1,1
114,28.0,1.0,21.0,1.0,0,49.0,0.0,30.0,1,1,1
115,68.0,1.0,22.0,5.0,0,49.0,6.0,51.0,0,1,0
116,18.0,2.0,13.0,5.0,0,134.0,7.0,1.0,1,1,0
117,58.0,1.0,16.0,1.0,4,49.0,1.0,45.0,1,1,0
118,28.0,1.0,21.0,2.0,1,105.0,2.0,20.0,1,1,0
119,74.0,1.0,22.0,5.0,0,49.0,12.0,40.0,1,1,1
120,26.0,4.0,20.0,1.0,0,8.0,10.0,40.0,0,0,1
121,25.0,1.0,18.0,1.0,1,370.0,0.0,46.0,1,1,0
122,48.0,3.0,21.0,1.0,0,6.0,0.0,35.0,0,1,0
123,40.0,3.0,22.0,1.0,0,49.0,1.0,45.0,0,1,0
124,92.0,2.0,21.0,1.0,0,49.0,0.0,40.0,1,1,1
125,59.0,1.0,21.0,5.0,0,49.0,17.0,27.0,0,0,0
126,74.0,1.0,21.0,1.0,2,54.0,12.0,40.0,0,1,0
127,20.0,1.0,20.0,1.0,2,49.0,1.0,40.0,1,1,0
128,18.0,2.0,20.0,1.0,0,49.0,0.0,40.0,0,1,1
129,36.0,3.0,23.0,1.0,0,49.0,0.0,45.0,1,1,1
130,82.0,1.0,16.0,1.0,4,49.0,1.0,80.0,1,1,0
131,18.0,1.0,21.0,1.0,0,49.0,0.0,49.0,1,1,1
132,83.0,4.0,17.0,5.0,2,368.0,17.0,26.0,0,0,0
133,86.0,1.0,21.0,1.0,0,243.0,1.0,51.0,0,1,0
134,51.0,1.0,21.0,1.0,2,42.0,1.0,33.0,1,1,1
135,21.0,1.0,19.0,1.0,4,47.0,1.0,30.0,0,1,1
136,66.0,1.0,21.0,3.0,0,49.0,0.0,40.0,1,1,1
137,36.0,1.0,20.0,1.0,2,49.0,1.0,40.0,1,1,1
138,70.0,8.0,21.0,5.0,0,363.0,0.0,27.0,1,0,0
139,53.0,1.0,21.0,5.0,0,49.0,13.0,39.0,0,1,0
140,59.0,1.0,21.0,1.0,1,442.0,1.0,40.0,0,1,0
141,77.0,1.0,19.0,2.0,4,49.0,0.0,40.0,1,1,0
142,75.0,1.0,16.0,1.0,2,49.0,1.0,99.0,1,1,0
143,35.0,1.0,16.0,5.0,3,49.0,3.0,68.0,1,1,0
144,20.0,1.0,16.0,5.0,4,49.0,13.0,28.0,0,1,0
145,37.0,1.0,18.0,5.0,0,49.0,2.0,40.0,1,1,1
146,21.0,1.0,22.0,1.0,0,54.0,0.0,40.0,0,1,0
147,50.0,2.0,22.0,1.0,0,49.0,0.0,40.0,1,1,1
148,84.0,4.0,19.0,3.0,1,49.0,0.0,40.0,0,1,0
149,54.0,1.0,21.0,1.0,0,49.0,1.0,9.0,1,1,1
150,81.0,1.0,16.0,1.0,1,228.0,15.0,10.0,1,1,0
151,92.0,1.0,21.0,1.0,0,136.0,1.0,5.0,1,1,1
152,21.0,1.0,21.0,3.0,0,6.0,0.0,56.0,0,1,0
153,31.0,3.0,20.0,5.0,1,49.0,1.0,48.0,0,1,0
154,38.0,1.0,21.0,3.0,0,49.0,0.0,70.0,1,1,0
155,42.0,4.0,22.0,1.0,0,362.0,1.0,40.0,0,1,1
156,69.0,1.0,21.0,1.0,0,49.0,1.0,24.0,1,1,1
157,22.0,3.0,8.0,5.0,-1,203.0,0.0,2.0,0,1,0
158,59.0,1.0,5.0,1.0,0,6.0,0.0,82.0,1,1,1
159,17.0,1.0,16.0,1.0,1,49.0,1.0,84.0,1,1,1
160,50.0,1.0,19.0,1.0,4,523.0,0.0,40.0,1,1,1
161,25.0,1.0,16.0,5.0,4,163.0,4.0,88.0,0,1,0
162,77.0,4.0,20.0,5.0,0,39.0,0.0,40.0,1,1,1
163,36.0,1.0,22.0,5.0,0,449.0,2.0,26.0,0,1,0
164,92.0,1.0,19.0,5.0,3,49.0,2.0,99.0,0,1,0
165,74.0,1.0,18.0,1.0,1,49.0,0.0,2.0,0,0,0
166,86.0,1.0,22.0,1.0,0,6.0,0.0,62.0,1,1,0
167,61.0,1.0,21.0,1.0,1,49.0,0.0,1.0,0,1,0
168,35.0,6.0,7.0,1.0,4,49.0,1.0,40.0,1,1,1
169,81.0,2.0,19.0,1.0,0,6.0,0.0,40.0,1,0,1
170,24.0,1.0,18.0,1.0,3,6.0,0.0,67.0,1,1,0
171,69.0,1.0,19.0,1.0,1,41.0,1.0,40.0,1,1,0
172,45.0,1.0,16.0,1.0,4,6.0,1.0,40.0,0,1,1
173,44.0,1.0,16.0,5.0,1,49.0,14.0,45.0,0,1,0
174,73.0,5.0,19.0,1.0,1,158.0,1.0,40.0,1,1,0
175,20.0,1.0,21.0,5.0,0,49.0,0.0,40.0,0,1,0
176,73.0,5.0,19.0,1.0,3,106.0,0.0,46.0,0,1,0
177,21.0,1.0,21.0,1.0,1,6.0,0.0,20.0,0,1,0
178,21.0,2.0,16.0,1.0,3,6.0,0.0,40.0,0,1,1
179,63.0,3.0,6.0,1.0,0,49.0,2.0,26.0,0,1,1
180,45.0,3.0,20.0,1.0,0,440.0,1.0,50.0,0,1,1
181,60.0,1.0,21.0,1.0,0,49.0,0.0,50.0,1,1,1
182,36.0,1.0,18.0,1.0,1,6.0,0.0,15.0,0,1,0
183,37.0,1.0,16.0,5.0,1,49.0,2.0,20.0,1,1,0
184,17.0,2.0,21.0,1.0,0,49.0,0.0,46.0,0,1,1
185,52.0,7.0,19.0,1.0,4,49.0,1.0,40.0,1,1,1
186,63.0,1.0,16.0,5.0,2,203.0,17.0,40.0,1,1,0
187,20.0,1.0,22.0,1.0,2,49.0,0.0,40.0,1,1,1
188,29.0,1.0,20.0,1.0,0,30.0,0.0,85.0,1,1,1
189,38.0,1.0,19.0,3.0,2,49.0,0.0,35.0,1,1,1
190,77.0,7.0,4.0,2.0,4,49.0,0.0,53.0,0,1,0
191,76.0,3.0,19.0,1.0,3,222.0,2.0,9.0,1,1,0
192,58.0,1.0,22.0,1.0,0,49.0,1.0,40.0,1,0,1
193,79.0,1.0,21.0,1.0,0,49.0,0.0,59.0,1,1,0
194,55.0,1.0,19.0,1.0,4,49.0,1.0,20.0,1,1,0
195,37.0,7.0,19.0,1.0,0,49.0,1.0,54.0,1,1,1
196,87.0,1.0,16.0,1.0,2,6.0,0.0,40.0,0,1,0
197,38.0,1.0,19.0,3.0,2,49.0,0.0,50.0,0,1,1
198,21.0,1.0,21.0,5.0,-1,49.0,2.0,31.0,0,1,0
199,18.0,1.0,19.0,1.0,1,49.0,0.0,40.0,0,1,0
200,57.0,4.0,20.0,5.0,1,49.0,0.0,40.0,1,1,0
201,20.0,7.0,18.0,5.0,5,49.0,6.0,67.0,0,1,0
202,61.0,1.0,16.0,1.0,4,49.0,1.0,20.0,1,1,0
203,66.0,1.0,20.0,1.0,3,60.0,1.0,40.0,0,1,1
204,83.0,3.0,19.0,1.0,0,33.0,1.0,40.0,0,1,1
205,83.0,3.0,18.0,5.0,-1,6.0,7.0,49.0,0,1,0
206,83.0,1.0,16.0,1.0,3,249.0,0.0,50.0,1,1,1
207,22.0,3.0,16.0,3.0,3,49.0,0.0,31.0,1,1,1
208,25.0,1.0,16.0,1.0,1,132.0,0.0,50.0,1,1,0
209,24.0,1.0,19.0,3.0,0,49.0,0.0,9.0,1,1,1
210,86.0,4.0,10.0,1.0,1,49.0,0.0,40.0,0,1,0
211,63.0,4.0,19.0,5.0,2,49.0,2.0,18.0,0,1,0
212,41.0,7.0,21.0,1.0,1,55.0,0.0,51.0,1,1,1
213,83.0,5.0,21.0,1.0,0,41.0,0.0,40.0,0,0,0
214,71.0,2.0,12.0,2.0,0,11.0,2.0,40.0,1,1,1
215,83.0,4.0,19.0,5.0,0,417.0,2.0,23.0,1,0,1
216,82.0,7.0,16.0,1.0,3,6.0,0.0,20.0,0,1,0
217,34.0,1.0,18.0,5.0,5,206.0,2.0,40.0,1,1,0
218,49.0,1.0,18.0,5.0,0,49.0,2.0,48.0,1,1,0
219,77.0,2.0,20.0,3.0,0,49.0,0.0,49.0,1,1,0
220,28.0,1.0,16.0,5.0,2,49.0,2.0,40.0,0,1,0
221,44.0,1.0,21.0,1.0,0,313.0,1.0,17.0,0,1,1
222,25.0,3.0,22.0,1.0,0,527.0,0.0,50.0,1,1,0
223,73.0,4.0,22.0,1.0,0,49.0,0.0,38.0,1,0,0
224,65.0,3.0,21.0,1.0,0,6.0,0.0,40.0,1,0,1
225,43.0,1.0,22.0,1.0,0,4.0,1.0,50.0,1,1,1
226,59.0,7.0,16.0,1.0,4,6.0,0.0,40.0,1,1,1
227,62.0,1.0,16.0,5.0,4,6.0,2.0,40.0,0,0,0
228,30.0,4.0,22.0,1.0,0,37.0,1.0,40.0,1,1,1
229,83.0,1.0,16.0,5.0,2,49.0,0.0,39.0,1,1,0
230,63.0,2.0,19.0,1.0,2,49.0,1.0,40.0,0,1,0
231,61.0,3.0,19.0,1.0,0,117.0,0.0,40.0,1,1,1
232,40.0,6.0,19.0,5.0,0,49.0,1.0,40.0,1,1,0
233,39.0,2.0,21.0,5.0,0,20.0,2.0,88.0,0,1,0
234,83.0,3.0,22.0,1.0,0,49.0,1.0,45.0,0,1,1
235,34.0,8.0,20.0,3.0,3,27.0,0.0,40.0,1,1,1
236,25.0,1.0,16.0,5.0,1,303.0,2.0,40.0,1,1,0
237,30.0,1.0,16.0,1.0,4,49.0,0.0,40.0,1,1,0
238,29.0,1.0,18.0,5.0,1,49.0,2.0,54.0,1,0,0
239,80.0,7.0,16.0,3.0,4,19.0,12.0,18.0,1,1,1
240,21.0,1.0,19.0,1.0,4,360.0,0.0,40.0,0,1,0
241,52.0,1.0,19.0,1.0,2,48.0,0.0,40.0,0,1,0
242,74.0,3.0,22.0,1.0,0,49.0,2.0,38.0,1,0,1
243,55.0,7.0,16.0,1.0,1,49.0,0.0,40.0,1,1,1
244,57.0,4.0,20.0,4.0,2,49.0,0.0,40.0,1,1,0
245,70.0,1.0,20.0,1.0,2,49.0,1.0,5.0,0,1,0
246,87.0,1.0,20.0,1.0,0,16.0,1.0,40.0,1,1,1
247,69.0,1.0,19.0,5.0,4,49.0,16.0,88.0,1,1,0
248,19.0,1.0,20.0,1.0,0,49.0,0.0,65.0,1,1,1
249,56.0,3.0,21.0,1.0,5,49.0,0.0,23.0,0,1,0
250,22.0,1.0,22.0,5.0,2,2.0,7.0,12.0,0,1,0
251,65.0,1.0,19.0,1.0,1,49.0,0.0,53.0,0,1,1
252,74.0,1.0,20.0,1.0,0,6.0,1.0,50.0,1,1,1
253,20.0,1.0,18.0,1.0,2,49.0,0.0,6.0,0,1,0
254,73.0,5.0,18.0,1.0,2,49.0,1.0,40.0,0,1,0
255,38.0,1.0,21.0,3.0,1,15.0,0.0,40.0,0,0,0
256,67.0,1.0,16.0,1.0,2,49.0,0.0,40.0,0,0,0
257,44.0,1.0,21.0,1.0,0,49.0,0.0,50.0,1,1,1
258,55.0,1.0,22.0,1.0,0,49.0,1.0,6.0,0,1,0
259,65.0,1.0,18.0,5.0,1,6.0,2.0,15.0,0,1,0
260,86.0,1.0,22.0,5.0,0,17.0,2.0,40.0,1,1,0
261,25.0,2.0,21.0,5.0,0,49.0,9.0,56.0,0,1,0
262,72.0,3.0,20.0,1.0,1,449.0,0.0,50.0,1,1,1
263,30.0,4.0,20.0,1.0,0,523.0,0.0,50.0,1,1,1
264,21.0,1.0,16.0,3.0,4,18.0,0.0,70.0,0,1,0
265,24.0,1.0,18.0,1.0,0,21.0,0.0,24.0,0,1,1
266,25.0,1.0,19.0,1.0,1,49.0,1.0,42.0,1,1,1
267,49.0,1.0,8.0,5.0,4,49.0,1.0,1.0,0,1,0
268,33.0,7.0,20.0,3.0,3,49.0,0.0,82.0,1,0,1
269,23.0,1.0,16.0,1.0,1,49.0,1.0,40.0,1,0,0
270,69.0,1.0,16.0,1.0,4,6.0,0.0,40.0,1,1,1
271,43.0,3.0,19.0,5.0,5,49.0,0.0,40.0,0,1,0
272,50.0,4.0,19.0,5.0,1,49.0,2.0,8.0,0,0,0
273,21.0,1.0,1.0,5.0,4,6.0,2.0,40.0,1,1,1
274,33.0,1.0,21.0,1.0,0,242.0,1.0,85.0,1,1,1
275,20.0,1.0,22.0,5.0,2,49.0,2.0,40.0,0,1,1
276,36.0,3.0,22.0,5.0,0,527.0,9.0,68.0,0,1,0
277,39.0,4.0,4.0,5.0,2,49.0,2.0,40.0,1,1,0
278,66.0,2.0,17.0,1.0,0,49.0,0.0,40.0,1,1,1
279,78.0,4.0,19.0,1.0,2,523.0,1.0,8.0,0,1,1
280,82.0,1.0,18.0,5.0,5,6.0,7.0,34.0,0,1,0
281,18.0,1.0,19.0,3.0,4,49.0,3.0,40.0,0,0,1
282,59.0,2.0,21.0,5.0,0,49.0,2.0,18.0,1,1,0
283,73.0,1.0,22.0,1.0,0,49.0,0.0,10.0,0,1,1
284,69.0,1.0,19.0,3.0,2,436.0,0.0,40.0,1,1,0
285,63.0,1.0,21.0,5.0,2,49.0,2.0,40.0,1,1,0
286,38.0,1.0,16.0,3.0,1,49.0,0.0,40.0,1,1,1
287,81.0,1.0,16.0,5.0,2,49.0,11.0,40.0,1,0,1
288,60.0,1.0,16.0,5.0,2,442.0,12.0,44.0,0,1,0
289,28.0,1.0,22.0,5.0,0,364.0,0.0,50.0,1,1,1
290,21.0,1.0,22.0,1.0,0,20.0,0.0,40.0,0,1,1
291,51.0,1.0,22.0,3.0,0,15.0,0.0,6.0,0,1,0
292,23.0,7.0,18.0,5.0,-1,6.0,1.0,8.0,0,1,0
293,49.0,1.0,19.0,1.0,4,49.0,0.0,13.0,1,1,0
294,67.0,1.0,20.0,1.0,0,49.0,1.0,43.0,1,1,1
295,25.0,3.0,1.0,1.0,4,49.0,0.0,40.0,1,1,1
296,49.0,1.0,20.0,1.0,3,138.0,1.0,88.0,1,1,1
297,53.0,1.0,18.0,1.0,4,6.0,0.0,41.0,1,1,0
298,21.0,1.0,16.0,1.0,1,41.0,1.0,90.0,0,1,0
299,92.0,8.0,19.0,1.0,3,49.0,0.0,50.0,0,1,1
300,41.0,1.0,19.0,1.0,1,368.0,1.0,20.0,0,0,0
301,32.0,1.0,20.0,5.0,0,365.0,15.0,16.0,1,1,1
302,65.0,1.0,20.0,1.0,2,49.0,1.0,40.0,0,1,1
303,33.0,1.0,21.0,1.0,5,49.0,0.0,68.0,0,1,0
304,18.0,1.0,21.0,1.0,0,150.0,0.0,40.0,1,1,1
305,61.0,2.0,18.0,1.0,0,103.0,2.0,15.0,1,1,1
306,54.0,6.0,21.0,1.0,0,33.0,1.0,57.0,0,1,1
307,50.0,7.0,21.0,5.0,5,501.0,4.0,22.0,0,1,0
308,35.0,1.0,19.0,1.0,2,46.0,2.0,50.0,0,1,0
309,28.0,4.0,21.0,1.0,0,49.0,0.0,10.0,1,1,1
310,83.0,1.0,21.0,1.0,0,49.0,2.0,40.0,1,1,1
311,22.0,1.0,16.0,1.0,3,60.0,1.0,50.0,1,1,1
312,17.0,1.0,21.0,1.0,1,6.0,0.0,68.0,1,1,0
313,64.0,3.0,19.0,1.0,0,6.0,1.0,14.0,0,1,0
314,36.0,2.0,21.0,1.0,0,49.0,0.0,40.0,1,1,1
315,20.0,1.0,9.0,5.0,4,49.0,2.0,20.0,0,1,0
316,21.0,1.0,20.0,5.0,1,158.0,2.0,40.0,1,1,0
317,74.0,3.0,21.0,1.0,0,11.0,0.0,17.0,1,1,1
318,20.0,1.0,21.0,5.0,0,49.0,5.0,40.0,1,1,1
319,58.0,8.0,22.0,1.0,0,6.0,17.0,40.0,0,1,1
320,87.0,1.0,16.0,3.0,4,6.0,0.0,20.0,1,0,0
321,27.0,3.0,21.0,1.0,0,23.0,0.0,40.0,1,1,1
322,35.0,1.0,19.0,5.0,4,49.0,15.0,40.0,1,1,0
323,77.0,7.0,16.0,5.0,4,49.0,2.0,40.0,1,1,0
324,33.0,1.0,16.0,1.0,4,49.0,1.0,45.0,1,1,1
325,70.0,1.0,20.0,1.0,2,527.0,0.0,42.0,0,0,0
326,27.0,1.0,18.0,5.0,-1,49.0,3.0,15.0,1,1,0
327,23.0,3.0,18.0,5.0,3,44.0,12.0,40.0,0,1,0
328,69.0,6.0,20.0,1.0,0,49.0,1.0,40.0,0,1,1
329,25.0,3.0,21.0,5.0,5,49.0,2.0,22.0,1,1,0
330,57.0,3.0,16.0,5.0,3,6.0,2.0,44.0,0,1,0
331,23.0,1.0,4.0,1.0,0,222.0,1.0,40.0,1,1,1
332,32.0,1.0,19.0,1.0,0,49.0,0.0,66.0,1,1,1
333,41.0,3.0,21.0,5.0,5,6.0,10.0,40.0,1,1,0
334,20.0,1.0,13.0,1.0,0,49.0,0.0,3.0,1,1,1
335,74.0,1.0,20.0,1.0,1,66.0,1.0,57.0,1,1,1
336,57.0,1.0,19.0,5.0,3,6.0,15.0,20.0,0,1,0
337,25.0,4.0,6.0,1.0,0,158.0,0.0,2.0,0,1,1
338,65.0,1.0,20.0,1.0,0,49.0,0.0,40.0,1,1,1
339,25.0,1.0,22.0,1.0,0,46.0,1.0,40.0,1,1,1
340,37.0,1.0,19.0,1.0,0,136.0,0.0,40.0,0,1,1
341,25.0,1.0,19.0,1.0,2,49.0,9.0,9.0,0,1,0
342,67.0,1.0,16.0,5.0,4,19.0,13.0,40.0,1,1,0
343,23.0,1.0,19.0,1.0,0,511.0,0.0,40.0,0,1,1
344,32.0,7.0,16.0,3.0,3,49.0,0.0,40.0,1,1,1
345,23.0,1.0,21.0,5.0,2,31.0,2.0,67.0,0,1,0
346,80.0,1.0,21.0,1.0,0,6.0,0.0,28.0,0,1,1
347,75.0,7.0,18.0,5.0,5,49.0,2.0,85.0,1,1,0
348,49.0,4.0,22.0,1.0,0,523.0,0.0,45.0,1,1,1
349,61.0,1.0,19.0,5.0,1,49.0,2.0,40.0,1,1,0
350,25.0,1.0,19.0,1.0,2,49.0,11.0,13.0,0,1,1
351,29.0,1.0,21.0,5.0,1,6.0,2.0,40.0,1,0,0
352,62.0,2.0,16.0,1.0,3,49.0,0.0,30.0,1,1,1
353,18.0,1.0,16.0,1.0,2,229.0,2.0,42.0,1,1,0
354,52.0,4.0,21.0,3.0,0,49.0,0.0,40.0,1,1,1
355,76.0,1.0,20.0,1.0,2,523.0,0.0,40.0,0,1,1
356,19.0,4.0,21.0,1.0,0,49.0,15.0,4.0,1,1,0
357,64.0,1.0,22.0,1.0,0,16.0,0.0,65.0,1,1,1
358,48.0,1.0,21.0,3.0,0,362.0,11.0,88.0,1,0,0
359,70.0,1.0,18.0,1.0,3,511.0,2.0,40.0,1,1,0
360,79.0,1.0,19.0,1.0,0,49.0,0.0,50.0,1,1,1
361,50.0,5.0,21.0,1.0,0,49.0,1.0,45.0,0,1,1
362,77.0,1.0,16.0,1.0,2,205.0,1.0,40.0,0,1,1
363,56.0,1.0,22.0,1.0,0,6.0,0.0,30.0,1,1,1
364,43.0,1.0,20.0,1.0,1,49.0,0.0,40.0,1,1,1
365,47.0,6.0,16.0,1.0,1,49.0,0.0,40.0,0,1,0
366,41.0,1.0,20.0,5.0,2,6.0,14.0,40.0,0,1,0
367,65.0,4.0,20.0,1.0,1,51.0,0.0,40.0,1,1,0
368,76.0,1.0,16.0,1.0,3,49.0,0.0,40.0,1,1,1
369,61.0,4.0,16.0,5.0,1,132.0,2.0,40.0,0,1,0
370,73.0,1.0,16.0,1.0,4,49.0,0.0,65.0,0,1,0
371,31.0,4.0,19.0,1.0,0,49.0,1.0,18.0,0,1,1
372,92.0,1.0,21.0,5.0,-1,49.0,1.0,40.0,0,1,0
373,22.0,1.0,16.0,5.0,2,132.0,2.0,20.0,0,1,0
374,78.0,1.0,16.0,5.0,3,1.0,2.0,45.0,0,1,0
375,56.0,1.0,19.0,1.0,0,49.0,0.0,56.0,1,0,1
376,20.0,1.0,21.0,5.0,0,49.0,7.0,18.0,1,1,0
377,29.0,5.0,19.0,1.0,1,311.0,0.0,36.0,1,1,0
378,92.0,1.0,18.0,1.0,0,49.0,1.0,40.0,1,1,0
379,56.0,2.0,16.0,1.0,3,247.0,1.0,68.0,1,1,1
380,64.0,2.0,5.0,5.0,0,42.0,17.0,80.0,1,1,0
381,78.0,1.0,21.0,1.0,2,49.0,0.0,41.0,0,1,1
382,23.0,1.0,19.0,4.0,2,22.0,0.0,40.0,0,0,0
383,81.0,1.0,20.0,1.0,3,49.0,0.0,45.0,1,1,1
384,20.0,1.0,19.0,1.0,4,49.0,0.0,20.0,0,1,0
385,20.0,1.0,16.0,5.0,2,49.0,2.0,28.0,1,1,0
386,77.0,6.0,19.0,1.0,1,49.0,1.0,40.0,0,1,0
387,33.0,4.0,20.0,1.0,0,49.0,0.0,40.0,1,1,1
388,87.0,3.0,19.0,1.0,3,49.0,0.0,38.0,1,1,0
389,52.0,1.0,20.0,1.0,2,49.0,1.0,45.0,1,1,1
390,83.0,1.0,21.0,5.0,1,49.0,0.0,45.0,1,1,0
391,79.0,1.0,19.0,1.0,1,49.0,0.0,40.0,1,1,0
392,36.0,7.0,18.0,1.0,1,6.0,0.0,57.0,1,1,0
393,36.0,1.0,19.0,1.0,2,6.0,0.0,40.0,1,1,1
394,26.0,1.0,16.0,1.0,2,6.0,1.0,40.0,1,1,0
395,45.0,1.0,22.0,1.0,2,49.0,0.0,18.0,1,1,1
396,61.0,1.0,12.0,1.0,1,17.0,1.0,40.0,0,1,1
397,57.0,3.0,21.0,5.0,0,49.0,0.0,40.0,0,0,1
398,25.0,1.0,19.0,5.0,2,511.0,5.0,13.0,1,1,0
399,29.0,1.0,21.0,3.0,0,235.0,0.0,40.0,0,1,1
400,17.0,1.0,20.0,1.0,1,523.0,1.0,27.0,1,1,0
401,56.0,1.0,16.0,1.0,4,49.0,1.0,41.0,0,0,0
402,31.0,1.0,6.0,5.0,1,6.0,9.0,40.0,0,1,0
403,40.0,1.0,21.0,5.0,0,49.0,12.0,40.0,1,1,0
404,57.0,2.0,16.0,1.0,2,49.0,1.0,53.0,1,1,1
405,19.0,2.0,20.0,1.0,0,41.0,1.0,45.0,1,1,1
406,66.0,1.0,18.0,1.0,0,6.0,1.0,33.0,1,1,0
407,21.0,1.0,7.0,1.0,2,49.0,0.0,40.0,1,1,1
408,65.0,3.0,20.0,5.0,0,9.0,2.0,45.0,1,1,0
409,78.0,1.0,19.0,2.0,2,49.0,0.0,40.0,1,1,0
410,41.0,1.0,16.0,5.0,1,49.0,0.0,20.0,1,1,0
411,47.0,1.0,22.0,5.0,0,436.0,8.0,50.0,0,1,0
412,67.0,2.0,19.0,2.0,0,370.0,0.0,22.0,1,1,0
413,38.0,2.0,21.0,3.0,0,49.0,0.0,40.0,1,0,1
414,42.0,1.0,19.0,1.0,1,311.0,1.0,40.0,0,1,0
415,30.0,3.0,19.0,1.0,0,6.0,0.0,40.0,1,1,1
416,81.0,2.0,18.0,5.0,0,6.0,0.0,40.0,0,0,0
417,52.0,1.0,16.0,1.0,1,49.0,0.0,39.0,0,1,0
418,25.0,2.0,20.0,1.0,2,49.0,0.0,50.0,1,1,1
419,32.0,1.0,21.0,5.0,1,49.0,2.0,15.0,1,1,1
420,20.0,1.0,16.0,5.0,3,49.0,2.0,40.0,0,1,0
421,63.0,5.0,19.0,1.0,4,110.0,1.0,40.0,0,0,0
422,26.0,3.0,24.0,1.0,0,417.0,0.0,40.0,1,0,1
423,40.0,7.0,16.0,1.0,1,49.0,0.0,40.0,1,1,1
424,70.0,7.0,19.0,1.0,3,49.0,0.0,88.0,0,1,0
425,53.0,1.0,20.0,1.0,2,6.0,1.0,40.0,1,1,1
426,34.0,1.0,21.0,1.0,0,41.0,0.0,40.0,1,1,1
427,87.0,1.0,13.0,1.0,0,49.0,1.0,40.0,1,1,1
428,73.0,1.0,19.0,5.0,0,373.0,2.0,67.0,0,1,1
429,92.0,5.0,13.0,1.0,0,49.0,1.0,7.0,0,1,1
430,18.0,1.0,17.0,5.0,1,49.0,14.0,80.0,0,1,0
431,27.0,4.0,19.0,1.0,0,6.0,0.0,40.0,0,1,1
432,71.0,3.0,21.0,1.0,1,49.0,1.0,40.0,0,1,0
433,82.0,1.0,13.0,1.0,0,6.0,1.0,85.0,1,1,0
434,45.0,1.0,16.0,5.0,1,53.0,8.0,38.0,1,0,0
435,41.0,1.0,22.0,1.0,0,49.0,1.0,72.0,1,1,0
436,54.0,1.0,20.0,5.0,0,49.0,2.0,40.0,1,1,1
437,81.0,1.0,16.0,1.0,1,49.0,1.0,40.0,1,1,1
438,17.0,1.0,20.0,5.0,2,49.0,1.0,40.0,1,1,0
439,92.0,1.0,19.0,1.0,4,36.0,1.0,40.0,1,1,1
440,22.0,5.0,16.0,5.0,1,370.0,7.0,17.0,0,1,0
441,28.0,1.0,19.0,1.0,2,49.0,0.0,27.0,0,1,0
442,70.0,1.0,18.0,1.0,-1,313.0,0.0,15.0,1,1,0
443,18.0,1.0,22.0,5.0,0,49.0,7.0,20.0,0,1,0
444,58.0,1.0,20.0,1.0,0,45.0,1.0,36.0,1,0,0
445,30.0,4.0,19.0,1.0,0,49.0,0.0,40.0,1,1,1
446,26.0,1.0,21.0,1.0,1,223.0,0.0,40.0,1,1,0
447,82.0,1.0,16.0,5.0,3,49.0,10.0,40.0,0,1,0
448,43.0,1.0,21.0,5.0,0,23.0,6.0,6.0,1,1,0
449,26.0,1.0,19.0,4.0,2,49.0,0.0,40.0,0,1,0
450,46.0,1.0,18.0,1.0,0,49.0,1.0,40.0,1,1,0
451,22.0,2.0,22.0,5.0,0,49.0,0.0,40.0,1,1,0
452,43.0,1.0,21.0,5.0,0,49.0,2.0,40.0,1,1,0
453,18.0,1.0,21.0,1.0,0,134.0,0.0,50.0,1,1,1
454,53.0,1.0,20.0,1.0,3,49.0,1.0,40.0,0,1,0
455,32.0,7.0,6.0,1.0,4,34.0,14.0,40.0,0,1,0
456,69.0,1.0,13.0,1.0,0,138.0,0.0,35.0,1,1,0
457,30.0,1.0,10.0,5.0,1,49.0,17.0,6.0,0,1,0
458,27.0,1.0,13.0,1.0,0,49.0,0.0,40.0,0,1,1
459,59.0,1.0,19.0,3.0,1,25.0,0.0,57.0,0,1,0
460,21.0,1.0,16.0,1.0,2,6.0,1.0,85.0,0,1,0
461,61.0,1.0,11.0,1.0,0,49.0,1.0,46.0,0,1,1
462,57.0,1.0,19.0,1.0,2,49.0,2.0,40.0,0,1,0
463,67.0,1.0,19.0,1.0,0,49.0,0.0,40.0,0,1,1
464,78.0,3.0,21.0,1.0,0,229.0,0.0,40.0,0,1,1
465,21.0,3.0,21.0,1.0,0,368.0,0.0,45.0,1,1,1
466,55.0,2.0,8.0,1.0,0,49.0,0.0,40.0,0,1,1
467,29.0,1.0,16.0,3.0,1,49.0,0.0,20.0,0,1,0
468,86.0,1.0,19.0,1.0,2,49.0,0.0,50.0,1,1,1
469,20.0,1.0,16.0,1.0,4,49.0,1.0,40.0,1,1,0
470,29.0,1.0,16.0,5.0,1,49.0,0.0,14.0,0,1,0
471,67.0,1.0,20.0,1.0,2,49.0,0.0,34.0,1,1,1
472,22.0,1.0,20.0,3.0,0,49.0,0.0,40.0,1,1,1
473,32.0,4.0,20.0,1.0,2,49.0,1.0,40.0,1,0,1
474,39.0,1.0,20.0,5.0,0,18.0,2.0,20.0,0,1,0
475,37.0,8.0,5.0,1.0,0,20.0,1.0,45.0,1,0,1
476,21.0,1.0,16.0,5.0,4,6.0,2.0,50.0,0,1,0
477,35.0,1.0,19.0,2.0,4,49.0,0.0,40.0,1,1,0
478,23.0,6.0,19.0,5.0,1,49.0,6.0,47.0,0,1,0
479,21.0,5.0,21.0,1.0,1,6.0,1.0,40.0,0,1,1
480,43.0,1.0,17.0,1.0,1,49.0,0.0,28.0,1,1,0
481,42.0,2.0,13.0,1.0,0,49.0,1.0,40.0,1,1,1
482,58.0,4.0,19.0,1.0,1,6.0,1.0,40.0,0,1,0
483,50.0,1.0,19.0,4.0,0,6.0,0.0,40.0,1,0,1
484,67.0,8.0,9.0,1.0,1,203.0,1.0,40.0,1,1,0
485,36.0,3.0,19.0,1.0,3,49.0,1.0,40.0,0,1,0
486,84.0,1.0,16.0,1.0,2,49.0,0.0,40.0,0,1,1
487,28.0,2.0,21.0,1.0,0,49.0,1.0,40.0,1,1,0
488,74.0,1.0,19.0,1.0,4,24.0,0.0,40.0,0,1,1
489,74.0,1.0,16.0,1.0,3,315.0,0.0,40.0,1,1,1
490,59.0,1.0,22.0,5.0,2,6.0,13.0,26.0,0,1,0
491,35.0,1.0,22.0,1.0,2,46.0,1.0,20.0,0,1,0
492,29.0,2.0,16.0,1.0,3,49.0,0.0,20.0,1,1,0
493,63.0,1.0,17.0,1.0,0,49.0,0.0,15.0,1,1,1
494,33.0,4.0,19.0,1.0,2,119.0,14.0,50.0,1,1,1
495,54.0,1.0,16.0,1.0,3,49.0,0.0,51.0,1,1,0
496,21.0,1.0,19.0,1.0,2,150.0,1.0,19.0,0,1,0
497,64.0,3.0,19.0,4.0,3,16.0,0.0,40.0,1,1,0
498,60.0,1.0,16.0,5.0,2,49.0,2.0,20.0,0,1,0
499,70.0,1.0,20.0,1.0,0,49.0,0.0,40.0,0,1,1
500,30.0,1.0,21.0,1.0,0,49.0,0.0,3.0,0,1,0
501,74.0,2.0,19.0,1.0,3,49.0,1.0,40.0,0,1,0
502,31.0,1.0,16.0,1.0,1,49.0,2.0,40.0,0,1,0
503,62.0,1.0,16.0,5.0,2,49.0,2.0,40.0,1,1,1
504,20.0,1.0,16.0,5.0,2,49.0,2.0,50.0,1,1,1
505,60.0,4.0,22.0,1.0,0,372.0,1.0,48.0,1,1,1
506,81.0,1.0,18.0,5.0,3,49.0,11.0,40.0,0,1,0
507,31.0,1.0,19.0,5.0,4,49.0,0.0,20.0,1,1,0
508,37.0,1.0,21.0,5.0,0,49.0,14.0,41.0,1,1,0
509,66.0,7.0,21.0,1.0,1,31.0,0.0,40.0,1,1,0
510,87.0,1.0,19.0,1.0,2,212.0,1.0,29.0,1,1,1
511,66.0,3.0,21.0,1.0,0,49.0,0.0,58.0,0,1,0
512,59.0,1.0,20.0,5.0,1,49.0,13.0,40.0,1,1,0
513,41.0,1.0,16.0,1.0,3,427.0,0.0,9.0,1,1,0
514,84.0,1.0,20.0,1.0,2,49.0,0.0,40.0,1,1,1
515,80.0,1.0,16.0,1.0,2,49.0,0.0,40.0,0,1,1
516,80.0,1.0,21.0,1.0,1,13.0,1.0,58.0,0,1,0
517,30.0,1.0,8.0,1.0,0,49.0,0.0,23.0,0,1,0
518,67.0,1.0,11.0,1.0,0,49.0,1.0,60.0,1,1,1
519,24.0,8.0,19.0,1.0,0,49.0,0.0,42.0,1,1,0
520,38.0,2.0,21.0,3.0,0,12.0,0.0,50.0,1,1,1
521,23.0,1.0,22.0,5.0,0,35.0,2.0,58.0,0,0,0
522,53.0,1.0,21.0,5.0,2,49.0,15.0,31.0,1,1,0
523,18.0,1.0,19.0,1.0,4,368.0,2.0,40.0,0,1,0
524,34.0,1.0,21.0,1.0,1,206.0,0.0,40.0,1,1,0
525,64.0,3.0,21.0,1.0,5,6.0,1.0,23.0,1,1,0
526,64.0,4.0,16.0,5.0,2,5.0,2.0,40.0,0,1,0
527,77.0,7.0,18.0,1.0,3,49.0,0.0,40.0,0,1,0
528,55.0,3.0,22.0,1.0,0,49.0,1.0,26.0,0,0,0
529,74.0,2.0,16.0,1.0,2,49.0,1.0,62.0,1,1,1
530,82.0,8.0,21.0,1.0,0,49.0,1.0,50.0,0,1,1
531,76.0,1.0,19.0,1.0,2,6.0,11.0,33.0,1,1,0
532,29.0,2.0,19.0,1.0,0,49.0,2.0,43.0,1,1,1
533,82.0,1.0,20.0,1.0,0,49.0,1.0,40.0,0,1,0
534,66.0,1.0,19.0,1.0,4,49.0,1.0,20.0,0,1,0
535,74.0,1.0,22.0,1.0,0,49.0,0.0,40.0,1,1,1
536,18.0,1.0,16.0,3.0,4,49.0,10.0,58.0,0,1,1
537,39.0,3.0,21.0,1.0,-1,20.0,0.0,40.0,0,1,0
538,39.0,1.0,18.0,1.0,1,49.0,0.0,88.0,0,1,0
539,42.0,1.0,21.0,1.0,0,417.0,0.0,45.0,1,1,1
540,82.0,7.0,19.0,5.0,3,51.0,2.0,40.0,1,1,0
541,39.0,1.0,14.0,5.0,2,49.0,15.0,53.0,0,1,0
542,35.0,3.0,20.0,1.0,0,49.0,2.0,40.0,0,1,1
543,65.0,1.0,21.0,5.0,1,24.0,5.0,10.0,1,0,0
544,49.0,1.0,22.0,5.0,0,51.0,14.0,14.0,0,0,0
545,47.0,1.0,20.0,1.0,0,49.0,1.0,50.0,1,1,1
546,80.0,1.0,21.0,1.0,0,49.0,0.0,40.0,1,1,1
547,82.0,5.0,8.0,1.0,1,39.0,0.0,85.0,0,1,0
548,30.0,1.0,19.0,1.0,4,6.0,1.0,39.0,1,1,1
549,35.0,1.0,19.0,5.0,4,49.0,2.0,46.0,1,1,0
550,62.0,1.0,19.0,1.0,4,103.0,1.0,56.0,0,1,0
551,69.0,1.0,21.0,5.0,1,49.0,0.0,13.0,0,1,0
552,92.0,2.0,21.0,1.0,0,49.0,2.0,55.0,1,0,0
553,87.0,1.0,5.0,1.0,1,49.0,1.0,14.0,0,1,0
554,20.0,4.0,19.0,5.0,0,49.0,0.0,40.0,0,1,0
555,81.0,1.0,16.0,5.0,3,6.0,2.0,40.0,0,0,1
556,45.0,1.0,19.0,1.0,4,49.0,0.0,57.0,1,1,0
557,73.0,5.0,18.0,5.0,1,49.0,0.0,40.0,0,1,0
558,70.0,2.0,21.0,5.0,0,49.0,17.0,20.0,1,1,0
559,48.0,1.0,19.0,1.0,0,217.0,0.0,40.0,1,1,1
560,82.0,1.0,20.0,5.0,0,49.0,2.0,20.0,0,1,1
561,40.0,4.0,21.0,1.0,0,6.0,1.0,50.0,1,1,1
562,53.0,5.0,16.0,5.0,4,49.0,2.0,20.0,1,1,0
563,80.0,1.0,22.0,1.0,0,49.0,1.0,44.0,0,1,1
564,44.0,3.0,22.0,1.0,0,10.0,0.0,90.0,1,1,1
565,64.0,1.0,19.0,1.0,4,414.0,1.0,50.0,0,0,1
566,30.0,1.0,21.0,1.0,2,31.0,0.0,45.0,1,1,1
567,36.0,1.0,21.0,3.0,2,243.0,12.0,40.0,1,1,1
568,44.0,1.0,21.0,1.0,1,49.0,1.0,13.0,0,0,0
569,25.0,4.0,19.0,1.0,0,23.0,0.0,40.0,0,1,1
570,21.0,8.0,16.0,1.0,2,149.0,1.0,2.0,1,1,1
571,36.0,1.0,21.0,1.0,0,72.0,1.0,40.0,1,1,1
572,92.0,1.0,16.0,5.0,4,11.0,2.0,40.0,1,1,1
573,25.0,1.0,20.0,5.0,2,370.0,2.0,50.0,0,1,0
574,37.0,1.0,19.0,1.0,2,60.0,1.0,48.0,0,1,0
575,58.0,1.0,9.0,1.0,1,49.0,1.0,50.0,0,1,1
576,20.0,1.0,22.0,5.0,0,49.0,2.0,40.0,1,1,1
577,45.0,7.0,21.0,5.0,0,6.0,10.0,40.0,0,1,1
578,81.0,7.0,18.0,1.0,1,49.0,0.0,53.0,0,1,0
579,66.0,1.0,18.0,1.0,2,24.0,16.0,40.0,1,1,1
580,76.0,1.0,19.0,1.0,4,501.0,0.0,15.0,1,1,0
581,46.0,7.0,15.0,1.0,4,49.0,1.0,17.0,0,1,0
582,78.0,1.0,19.0,1.0,0,34.0,0.0,50.0,0,0,1
583,33.0,1.0,10.0,1.0,0,213.0,1.0,40.0,0,1,0
584,27.0,6.0,16.0,5.0,1,49.0,16.0,10.0,0,1,0
585,84.0,1.0,16.0,1.0,1,51.0,2.0,67.0,1,0,0
586,23.0,1.0,18.0,1.0,0,49.0,1.0,40.0,0,1,1
587,56.0,4.0,16.0,1.0,2,49.0,0.0,40.0,0,1,0
588,59.0,7.0,18.0,5.0,5,49.0,13.0,43.0,0,0,0
589,21.0,2.0,21.0,3.0,0,6.0,0.0,50.0,1,1,1
590,44.0,1.0,20.0,1.0,2,442.0,0.0,10.0,1,1,1
591,43.0,4.0,19.0,1.0,1,49.0,0.0,45.0,1,1,1
592,83.0,5.0,21.0,3.0,0,36.0,0.0,50.0,1,1,0
593,30.0,1.0,16.0,1.0,4,240.0,0.0,20.0,1,1,1
594,63.0,1.0,20.0,1.0,3,365.0,1.0,45.0,1,1,1
595,38.0,1.0,23.0,5.0,2,207.0,8.0,43.0,1,1,0
596,38.0,1.0,16.0,3.0,1,49.0,0.0,20.0,1,1,0
597,30.0,6.0,18.0,1.0,1,49.0,1.0,40.0,1,1,0
598,23.0,6.0,15.0,1.0,2,49.0,0.0,40.0,0,1,0
599,44.0,1.0,21.0,1.0,0,49.0,0.0,50.0,1,1,1
600,20.0,4.0,18.0,5.0,1,49.0,2.0,40.0,1,1,0
601,86.0,1.0,21.0,1.0,0,49.0,0.0,40.0,1,0,1
602,30.0,4.0,21.0,3.0,0,49.0,0.0,45.0,0,1,1
603,59.0,3.0,22.0,1.0,0,49.0,0.0,40.0,0,1,1
604,34.0,1.0,19.0,5.0,2,49.0,17.0,50.0,1,1,0
605,29.0,1.0,21.0,5.0,0,49.0,3.0,40.0,1,1,0
606,43.0,1.0,18.0,5.0,4,49.0,2.0,40.0,1,1,0
607,80.0,3.0,19.0,1.0,0,30.0,1.0,40.0,0,1,1
608,75.0,1.0,6.0,1.0,1,49.0,1.0,40.0,0,1,0
609,47.0,1.0,19.0,1.0,2,49.0,0.0,40.0,1,1,1
610,74.0,1.0,16.0,1.0,2,315.0,0.0,15.0,1,1,0
611,81.0,2.0,1.0,1.0,0,49.0,1.0,40.0,0,1,1
612,83.0,8.0,21.0,1.0,0,106.0,0.0,40.0,0,1,1
613,43.0,1.0,7.0,1.0,0,49.0,0.0,20.0,0,1,1
614,67.0,1.0,21.0,3.0,0,311.0,0.0,68.0,1,1,1
615,54.0,1.0,10.0,1.0,1,49.0,1.0,78.0,0,1,0
616,50.0,1.0,16.0,5.0,3,119.0,2.0,40.0,0,1,0
617,34.0,1.0,14.0,1.0,0,49.0,12.0,24.0,0,1,1
618,21.0,3.0,16.0,5.0,3,36.0,8.0,53.0,0,1,0
619,55.0,1.0,19.0,2.0,4,24.0,0.0,25.0,0,1,0
620,22.0,1.0,22.0,1.0,0,373.0,2.0,40.0,0,1,1
621,62.0,4.0,21.0,4.0,5,24.0,0.0,33.0,0,1,0
622,33.0,1.0,16.0,1.0,4,6.0,1.0,40.0,1,1,1
623,86.0,7.0,16.0,5.0,4,49.0,0.0,20.0,1,1,0
624,34.0,6.0,18.0,5.0,3,42.0,14.0,20.0,0,1,0
625,43.0,7.0,20.0,1.0,3,49.0,1.0,40.0,1,1,1
626,33.0,1.0,16.0,5.0,4,6.0,2.0,78.0,1,1,0
627,18.0,3.0,20.0,1.0,0,49.0,1.0,40.0,0,1,1
628,21.0,1.0,19.0,3.0,0,32.0,1.0,88.0,0,1,0
629,73.0,1.0,16.0,5.0,4,49.0,0.0,25.0,1,1,0
630,45.0,1.0,20.0,5.0,2,49.0,0.0,20.0,0,1,0
631,70.0,4.0,19.0,1.0,2,314.0,0.0,13.0,1,1,1
632,21.0,1.0,19.0,5.0,4,6.0,2.0,40.0,0,1,0
633,32.0,1.0,21.0,1.0,0,440.0,0.0,40.0,1,1,0
634,26.0,1.0,20.0,5.0,0,6.0,2.0,20.0,0,1,0
635,80.0,1.0,16.0,5.0,4,49.0,11.0,66.0,0,1,0
636,76.0,4.0,11.0,1.0,1,49.0,1.0,16.0,1,1,0
637,35.0,2.0,22.0,1.0,0,104.0,1.0,43.0,0,1,0
638,29.0,6.0,19.0,1.0,0,49.0,1.0,40.0,0,1,0
639,25.0,1.0,21.0,5.0,2,25.0,2.0,99.0,1,1,0
640,49.0,1.0,18.0,1.0,3,49.0,1.0,33.0,1,1,1
641,76.0,4.0,18.0,5.0,5,16.0,15.0,21.0,1,1,0
642,63.0,1.0,5.0,1.0,0,49.0,1.0,40.0,0,1,1
643,72.0,2.0,22.0,5.0,2,49.0,10.0,40.0,0,1,0
644,47.0,2.0,22.0,1.0,0,365.0,1.0,40.0,1,1,1
645,44.0,1.0,21.0,1.0,0,132.0,0.0,40.0,0,1,1
646,70.0,6.0,19.0,1.0,0,449.0,2.0,3.0,0,1,0
647,51.0,1.0,18.0,1.0,3,4.0,1.0,40.0,0,1,1
648,64.0,3.0,19.0,5.0,0,47.0,0.0,40.0,1,1,1
649,21.0,6.0,16.0,5.0,3,451.0,10.0,26.0,0,1,0
650,77.0,1.0,22.0,1.0,0,49.0,1.0,45.0,0,1,1
651,84.0,1.0,19.0,1.0,2,49.0,0.0,55.0,1,1,1
652,43.0,1.0,11.0,1.0,0,49.0,13.0,40.0,1,1,1
653,62.0,7.0,16.0,1.0,1,6.0,0.0,40.0,1,1,0
654,41.0,1.0,20.0,3.0,2,49.0,0.0,40.0,1,1,1
655,62.0,5.0,21.0,1.0,1,49.0,0.0,1.0,1,1,1
656,56.0,7.0,18.0,1.0,3,49.0,1.0,20.0,1,1,1
657,20.0,1.0,19.0,5.0,2,49.0,3.0,40.0,1,1,1
658,20.0,1.0,16.0,5.0,1,49.0,2.0,40.0,0,1,0
659,48.0,1.0,19.0,5.0,0,39.0,2.0,20.0,1,1,1
660,73.0,4.0,22.0,1.0,0,49.0,0.0,50.0,1,1,1
661,75.0,3.0,21.0,3.0,0,49.0,0.0,40.0,1,1,1
662,21.0,7.0,4.0,5.0,1,6.0,2.0,40.0,1,1,1
663,57.0,3.0,2.0,3.0,0,49.0,0.0,7.0,1,0,1
664,56.0,1.0,16.0,1.0,4,49.0,8.0,30.0,0,1,0
665,36.0,1.0,21.0,1.0,0,6.0,0.0,40.0,1,1,0
666,33.0,1.0,22.0,1.0,0,49.0,11.0,50.0,1,1,1
667,43.0,1.0,16.0,5.0,2,49.0,6.0,99.0,1,1,0
668,76.0,1.0,16.0,1.0,3,49.0,0.0,31.0,1,1,1
669,27.0,1.0,16.0,1.0,2,49.0,0.0,40.0,1,1,1
670,17.0,4.0,10.0,3.0,1,49.0,0.0,30.0,1,1,1
671,50.0,1.0,2.0,3.0,1,332.0,6.0,58.0,1,0,1
672,23.0,1.0,21.0,1.0,-1,49.0,0.0,40.0,1,1,0
673,21.0,1.0,2.0,1.0,4,6.0,0.0,40.0,1,1,1
674,64.0,3.0,19.0,1.0,0,51.0,0.0,40.0,1,1,1
675,63.0,4.0,22.0,1.0,2,18.0,1.0,40.0,1,1,0
676,45.0,1.0,16.0,1.0,2,41.0,1.0,16.0,1,1,1
677,49.0,1.0,17.0,1.0,0,49.0,0.0,33.0,0,1,1
678,79.0,1.0,18.0,1.0,3,49.0,0.0,90.0,0,1,1
679,75.0,1.0,16.0,1.0,4,49.0,0.0,45.0,0,1,1
680,35.0,1.0,16.0,1.0,1,28.0,0.0,40.0,1,1,0
681,23.0,1.0,16.0,1.0,3,224.0,0.0,40.0,1,1,1
682,20.0,1.0,18.0,5.0,4,49.0,0.0,40.0,0,1,0
683,21.0,1.0,20.0,5.0,0,150.0,0.0,5.0,0,1,0
684,21.0,2.0,21.0,1.0,0,416.0,0.0,40.0,0,1,1
685,41.0,6.0,21.0,5.0,0,49.0,3.0,40.0,0,1,1
686,21.0,1.0,22.0,1.0,0,53.0,1.0,45.0,1,1,1
687,58.0,1.0,23.0,5.0,0,238.0,2.0,40.0,0,1,0
688,36.0,1.0,24.0,1.0,2,49.0,1.0,45.0,1,0,1
689,19.0,1.0,22.0,1.0,0,56.0,1.0,40.0,0,1,1
690,55.0,3.0,22.0,1.0,0,49.0,1.0,40.0,0,0,1
691,76.0,1.0,18.0,1.0,3,32.0,3.0,45.0,1,1,1
692,37.0,1.0,20.0,5.0,3,6.0,15.0,50.0,1,1,1
693,26.0,3.0,9.0,5.0,4,49.0,2.0,58.0,1,1,0
694,69.0,1.0,16.0,2.0,3,49.0,0.0,45.0,0,1,0
695,26.0,4.0,19.0,1.0,2,49.0,1.0,50.0,0,1,1
696,25.0,1.0,20.0,1.0,2,49.0,0.0,15.0,0,1,1
697,35.0,1.0,16.0,1.0,4,363.0,1.0,42.0,0,1,0
698,42.0,1.0,19.0,1.0,1,49.0,1.0,6.0,1,1,0
699,25.0,1.0,16.0,5.0,2,49.0,2.0,20.0,1,1,0
700,25.0,1.0,21.0,1.0,0,329.0,1.0,85.0,1,1,1
701,20.0,1.0,20.0,5.0,0,49.0,2.0,11.0,1,1,1
702,77.0,1.0,16.0,1.0,3,49.0,0.0,40.0,1,1,1
703,45.0,1.0,6.0,1.0,4,459.0,5.0,5.0,0,1,0
704,38.0,1.0,19.0,5.0,1,370.0,6.0,88.0,0,1,0
705,82.0,1.0,22.0,1.0,0,49.0,1.0,40.0,1,1,1
706,69.0,1.0,16.0,5.0,3,49.0,0.0,50.0,1,1,1
707,62.0,4.0,21.0,1.0,0,49.0,0.0,40.0,1,1,0
708,48.0,4.0,21.0,1.0,1,469.0,1.0,40.0,0,1,0
709,48.0,1.0,18.0,1.0,4,49.0,0.0,48.0,1,1,0
710,68.0,1.0,5.0,1.0,0,49.0,1.0,24.0,1,1,0
711,21.0,3.0,20.0,1.0,1,12.0,0.0,5.0,1,1,1
712,48.0,1.0,20.0,3.0,0,49.0,4.0,40.0,0,1,0
713,46.0,4.0,16.0,1.0,2,6.0,17.0,40.0,1,1,1
714,18.0,4.0,22.0,1.0,2,6.0,1.0,10.0,0,0,1
715,84.0,1.0,11.0,5.0,4,5.0,0.0,13.0,1,1,0
716,74.0,1.0,20.0,1.0,2,49.0,0.0,40.0,1,1,1
717,58.0,1.0,18.0,1.0,0,303.0,14.0,66.0,0,1,0
718,47.0,1.0,20.0,1.0,1,49.0,0.0,40.0,1,1,1
719,27.0,3.0,23.0,5.0,0,49.0,10.0,65.0,1,1,0
720,43.0,8.0,18.0,1.0,1,138.0,1.0,14.0,1,1,0
721,50.0,4.0,22.0,1.0,0,49.0,0.0,40.0,0,1,1
722,76.0,1.0,16.0,5.0,1,49.0,2.0,40.0,0,0,0
723,25.0,1.0,19.0,5.0,0,16.0,5.0,20.0,0,1,0
724,78.0,1.0,18.0,1.0,3,527.0,1.0,78.0,1,1,1
725,72.0,3.0,19.0,1.0,3,6.0,0.0,45.0,1,1,0
726,32.0,2.0,19.0,5.0,2,148.0,2.0,27.0,1,1,0
727,81.0,1.0,20.0,1.0,3,49.0,0.0,40.0,1,1,1
728,25.0,6.0,21.0,1.0,0,236.0,1.0,45.0,0,1,1
729,69.0,3.0,20.0,1.0,0,49.0,1.0,40.0,0,1,1
730,41.0,4.0,21.0,1.0,2,49.0,1.0,52.0,1,1,0
731,51.0,1.0,21.0,1.0,0,19.0,1.0,45.0,1,1,1
732,39.0,1.0,20.0,1.0,2,49.0,0.0,20.0,0,0,0
733,45.0,1.0,21.0,1.0,0,49.0,0.0,45.0,1,1,1
734,59.0,1.0,16.0,5.0,2,40.0,2.0,5.0,1,1,0
735,28.0,1.0,18.0,1.0,0,27.0,1.0,40.0,1,1,0
736,79.0,7.0,20.0,5.0,1,49.0,13.0,23.0,1,1,0
737,20.0,3.0,21.0,1.0,0,49.0,1.0,50.0,1,1,1
738,24.0,1.0,16.0,3.0,2,49.0,0.0,40.0,1,1,1
739,60.0,1.0,21.0,1.0,2,49.0,1.0,45.0,1,1,1
740,55.0,1.0,21.0,1.0,2,459.0,1.0,20.0,1,1,0
741,81.0,1.0,21.0,1.0,0,364.0,0.0,40.0,0,1,1
742,38.0,1.0,14.0,3.0,2,49.0,10.0,72.0,1,1,0
743,31.0,3.0,20.0,1.0,0,6.0,1.0,36.0,1,1,1
744,58.0,2.0,21.0,3.0,2,49.0,0.0,68.0,1,1,0
745,40.0,2.0,21.0,1.0,0,238.0,0.0,50.0,1,1,0
746,24.0,1.0,21.0,1.0,2,117.0,0.0,48.0,1,1,1
747,21.0,6.0,21.0,5.0,1,6.0,12.0,45.0,1,1,1
748,58.0,1.0,20.0,5.0,1,49.0,0.0,85.0,1,1,0
749,40.0,1.0,18.0,1.0,1,363.0,0.0,40.0,0,1,0
750,75.0,1.0,21.0,1.0,1,49.0,0.0,62.0,0,1,0
751,31.0,1.0,23.0,1.0,2,49.0,1.0,40.0,0,0,0
752,67.0,1.0,16.0,5.0,4,49.0,2.0,40.0,0,1,0
753,60.0,1.0,20.0,1.0,2,49.0,1.0,40.0,1,1,1
754,41.0,4.0,21.0,1.0,0,247.0,0.0,29.0,1,1,1
755,83.0,1.0,16.0,1.0,2,203.0,0.0,40.0,1,1,1
756,22.0,4.0,19.0,1.0,0,469.0,3.0,50.0,0,1,1
757,51.0,1.0,10.0,5.0,0,49.0,17.0,2.0,0,0,0
758,21.0,1.0,16.0,5.0,1,6.0,5.0,40.0,1,1,0
759,54.0,1.0,19.0,5.0,2,49.0,2.0,45.0,0,1,1
760,21.0,1.0,22.0,5.0,2,49.0,2.0,35.0,1,1,0
761,66.0,1.0,16.0,3.0,3,49.0,0.0,40.0,1,1,1
762,39.0,6.0,19.0,1.0,1,448.0,0.0,45.0,1,1,1
763,61.0,1.0,21.0,4.0,2,523.0,0.0,40.0,1,1,0
764,38.0,1.0,21.0,3.0,0,49.0,0.0,54.0,1,1,1
765,17.0,1.0,16.0,5.0,2,49.0,0.0,50.0,1,0,1
766,54.0,1.0,19.0,1.0,4,49.0,0.0,67.0,0,1,0
767,81.0,1.0,16.0,1.0,4,6.0,1.0,40.0,1,1,1
768,82.0,1.0,18.0,1.0,3,49.0,0.0,50.0,0,1,1
769,62.0,1.0,21.0,1.0,0,49.0,0.0,67.0,1,1,1
770,40.0,1.0,19.0,1.0,3,49.0,0.0,40.0,1,1,1
771,54.0,1.0,16.0,1.0,4,210.0,1.0,40.0,1,0,0
772,29.0,6.0,18.0,5.0,0,49.0,2.0,15.0,0,1,1
773,86.0,1.0,16.0,1.0,2,49.0,0.0,40.0,0,1,0
774,64.0,1.0,19.0,5.0,4,49.0,2.0,20.0,0,1,0
775,62.0,6.0,21.0,1.0,0,205.0,1.0,53.0,1,1,1
776,70.0,1.0,22.0,1.0,0,110.0,0.0,40.0,1,1,1
777,18.0,1.0,21.0,1.0,2,49.0,1.0,68.0,1,1,1
778,47.0,8.0,21.0,1.0,0,49.0,1.0,40.0,1,1,1
779,20.0,3.0,16.0,5.0,3,49.0,3.0,32.0,0,1,0
780,25.0,4.0,22.0,1.0,0,49.0,1.0,40.0,1,1,1
781,73.0,1.0,24.0,5.0,4,127.0,2.0,40.0,1,1,0
782,47.0,1.0,14.0,1.0,1,44.0,0.0,33.0,0,0,0
783,82.0,1.0,21.0,5.0,0,49.0,17.0,66.0,0,0,0
784,25.0,1.0,21.0,1.0,0,203.0,0.0,40.0,1,1,1
785,30.0,1.0,19.0,1.0,1,23.0,0.0,40.0,0,1,1
786,25.0,1.0,18.0,1.0,0,49.0,6.0,25.0,0,1,0
787,74.0,1.0,17.0,1.0,0,209.0,0.0,50.0,1,1,1
788,45.0,3.0,19.0,1.0,3,440.0,0.0,34.0,0,1,0
789,79.0,1.0,19.0,5.0,0,49.0,2.0,51.0,1,1,0
790,80.0,1.0,20.0,1.0,0,49.0,1.0,40.0,1,1,1
791,54.0,1.0,21.0,1.0,0,49.0,1.0,50.0,0,1,1
792,19.0,2.0,19.0,5.0,3,6.0,7.0,99.0,1,1,0
793,34.0,3.0,20.0,1.0,0,49.0,0.0,40.0,0,1,1
794,29.0,4.0,21.0,1.0,0,6.0,10.0,40.0,1,0,1
795,21.0,1.0,16.0,5.0,4,313.0,0.0,33.0,0,1,0
796,64.0,3.0,16.0,1.0,3,49.0,0.0,91.0,1,1,0
797,17.0,1.0,21.0,1.0,0,6.0,0.0,45.0,1,1,1
798,43.0,1.0,22.0,5.0,0,314.0,14.0,40.0,0,1,0
799,87.0,1.0,18.0,5.0,3,6.0,0.0,7.0,0,1,0
800,38.0,1.0,16.0,5.0,2,19.0,0.0,40.0,1,0,0
801,55.0,4.0,21.0,1.0,0,49.0,2.0,40.0,1,1,0
802,53.0,7.0,20.0,3.0,3,49.0,0.0,60.0,1,1,0
803,35.0,4.0,18.0,1.0,1,49.0,0.0,45.0,0,1,1
804,40.0,2.0,16.0,1.0,3,49.0,0.0,20.0,0,1,0
805,44.0,1.0,16.0,5.0,4,49.0,0.0,40.0,1,0,0
806,28.0,5.0,16.0,1.0,4,49.0,0.0,20.0,1,1,0
807,73.0,1.0,10.0,5.0,0,235.0,0.0,40.0,0,1,0
808,20.0,1.0,16.0,5.0,4,49.0,6.0,20.0,1,1,0
809,38.0,1.0,16.0,3.0,2,511.0,0.0,40.0,0,1,0
810,76.0,4.0,20.0,1.0,0,49.0,0.0,99.0,1,1,1
811,21.0,2.0,19.0,3.0,3,332.0,0.0,40.0,1,1,0
812,39.0,8.0,20.0,1.0,2,49.0,0.0,58.0,1,1,0
813,57.0,1.0,21.0,5.0,1,49.0,2.0,14.0,1,1,0
814,82.0,2.0,16.0,1.0,2,469.0,1.0,20.0,0,1,0
815,74.0,7.0,19.0,5.0,0,19.0,0.0,35.0,1,1,0
816,80.0,1.0,22.0,3.0,0,6.0,0.0,40.0,0,1,0
817,63.0,3.0,16.0,1.0,4,72.0,1.0,40.0,1,1,0
818,43.0,1.0,8.0,1.0,0,72.0,0.0,57.0,1,1,0
819,58.0,2.0,22.0,1.0,0,6.0,0.0,25.0,1,0,1
820,76.0,8.0,21.0,1.0,0,49.0,0.0,50.0,1,1,1
821,33.0,1.0,21.0,5.0,0,49.0,1.0,50.0,0,1,0
822,32.0,2.0,21.0,1.0,0,6.0,1.0,50.0,0,0,1
823,72.0,2.0,22.0,5.0,0,49.0,2.0,40.0,1,1,1
824,51.0,1.0,16.0,1.0,2,213.0,0.0,20.0,1,1,0
825,69.0,1.0,19.0,1.0,0,49.0,1.0,62.0,0,1,0
826,33.0,5.0,22.0,1.0,0,49.0,1.0,40.0,0,1,1
827,34.0,4.0,19.0,1.0,0,303.0,1.0,40.0,1,1,1
828,44.0,2.0,21.0,1.0,0,469.0,0.0,40.0,1,1,1
829,23.0,1.0,19.0,1.0,1,49.0,1.0,50.0,1,1,0
830,31.0,4.0,21.0,1.0,0,49.0,1.0,28.0,1,1,1
831,59.0,1.0,22.0,1.0,0,49.0,0.0,40.0,1,1,1
832,17.0,3.0,20.0,2.0,0,49.0,2.0,72.0,0,1,0
833,21.0,4.0,19.0,1.0,0,49.0,0.0,40.0,1,1,1
834,36.0,4.0,16.0,1.0,1,449.0,0.0,40.0,0,1,0
835,18.0,1.0,18.0,1.0,1,49.0,1.0,67.0,1,1,1
836,31.0,3.0,18.0,5.0,5,49.0,16.0,40.0,0,1,0
837,46.0,1.0,22.0,1.0,0,49.0,0.0,45.0,1,0,1
838,17.0,1.0,20.0,1.0,2,49.0,1.0,40.0,1,1,0
839,38.0,3.0,21.0,3.0,0,365.0,0.0,40.0,1,1,1
840,21.0,1.0,20.0,1.0,0,49.0,1.0,45.0,1,1,1
841,63.0,2.0,18.0,1.0,0,6.0,0.0,40.0,1,1,1
842,21.0,1.0,22.0,5.0,2,6.0,8.0,67.0,0,1,0
843,41.0,1.0,23.0,3.0,0,22.0,0.0,40.0,0,1,1
844,64.0,5.0,16.0,1.0,3,49.0,0.0,38.0,0,1,0
845,23.0,1.0,18.0,1.0,2,210.0,1.0,40.0,1,1,1
846,52.0,7.0,21.0,5.0,5,49.0,2.0,24.0,0,1,0
847,79.0,3.0,21.0,5.0,1,49.0,7.0,3.0,1,1,0
848,20.0,1.0,19.0,5.0,4,49.0,3.0,57.0,0,1,0
849,84.0,1.0,20.0,1.0,0,49.0,1.0,17.0,1,1,1
850,41.0,1.0,21.0,1.0,2,39.0,5.0,40.0,1,1,1
851,25.0,2.0,11.0,1.0,0,49.0,0.0,56.0,0,1,1
852,57.0,1.0,19.0,5.0,2,449.0,2.0,30.0,0,0,0
853,28.0,1.0,16.0,1.0,4,49.0,0.0,40.0,1,1,1
854,28.0,1.0,19.0,1.0,2,215.0,0.0,40.0,1,1,1
855,23.0,3.0,20.0,1.0,0,49.0,1.0,50.0,0,1,1
856,82.0,6.0,2.0,5.0,1,49.0,16.0,59.0,0,1,0
857,56.0,1.0,18.0,1.0,4,49.0,0.0,66.0,1,1,1
858,21.0,1.0,16.0,5.0,4,440.0,17.0,7.0,0,1,0
859,21.0,1.0,20.0,5.0,0,49.0,1.0,20.0,0,1,0
860,81.0,1.0,16.0,5.0,2,49.0,17.0,80.0,0,1,0
861,92.0,7.0,18.0,5.0,-1,46.0,15.0,40.0,0,1,0
862,49.0,1.0,16.0,1.0,4,49.0,1.0,33.0,1,1,1
863,39.0,1.0,13.0,5.0,2,106.0,17.0,54.0,0,1,0
864,70.0,5.0,22.0,1.0,0,49.0,1.0,88.0,1,1,1
865,63.0,1.0,21.0,1.0,0,49.0,0.0,47.0,1,1,1
866,48.0,1.0,19.0,1.0,1,6.0,1.0,8.0,1,1,0
867,27.0,1.0,16.0,5.0,2,49.0,8.0,99.0,0,1,0
868,45.0,2.0,21.0,5.0,0,370.0,16.0,84.0,0,0,0
869,87.0,4.0,22.0,1.0,0,49.0,1.0,40.0,1,0,1
870,17.0,3.0,16.0,5.0,1,360.0,2.0,20.0,1,1,0
871,65.0,1.0,19.0,1.0,4,24.0,1.0,20.0,0,1,0
872,35.0,1.0,20.0,1.0,2,49.0,0.0,40.0,1,1,0
873,40.0,1.0,19.0,1.0,0,329.0,1.0,50.0,1,0,1
874,76.0,1.0,16.0,5.0,4,412.0,0.0,20.0,1,1,0
875,72.0,5.0,19.0,1.0,0,49.0,1.0,30.0,0,0,1
876,84.0,7.0,18.0,5.0,1,49.0,11.0,40.0,1,1,0
877,68.0,1.0,21.0,1.0,2,49.0,1.0,50.0,1,1,1
878,57.0,4.0,19.0,1.0,2,164.0,0.0,40.0,1,1,1
879,67.0,1.0,19.0,1.0,3,49.0,0.0,40.0,1,1,1
880,34.0,1.0,18.0,1.0,1,235.0,0.0,40.0,0,1,0
881,45.0,2.0,22.0,1.0,0,210.0,1.0,30.0,0,1,0
882,71.0,1.0,21.0,3.0,0,49.0,15.0,40.0,1,1,1
883,20.0,3.0,19.0,5.0,0,49.0,12.0,40.0,0,1,0
884,81.0,2.0,19.0,5.0,3,49.0,2.0,20.0,0,1,0
885,54.0,1.0,23.0,1.0,0,49.0,1.0,40.0,0,1,1
886,41.0,1.0,20.0,5.0,1,49.0,16.0,40.0,1,1,0
887,26.0,1.0,19.0,5.0,4,49.0,13.0,39.0,0,1,0
888,68.0,1.0,18.0,5.0,3,12.0,2.0,70.0,0,1,0
889,87.0,5.0,6.0,1.0,4,49.0,0.0,40.0,1,1,0
890,55.0,1.0,19.0,1.0,2,416.0,0.0,50.0,1,1,1
891,50.0,1.0,23.0,1.0,4,6.0,1.0,40.0,1,1,1
892,62.0,1.0,20.0,5.0,0,49.0,2.0,50.0,1,1,1
893,57.0,1.0,19.0,5.0,0,49.0,5.0,13.0,0,1,0
894,49.0,1.0,22.0,1.0,0,149.0,1.0,20.0,0,1,0
895,73.0,1.0,7.0,1.0,4,49.0,0.0,67.0,0,1,1
896,43.0,3.0,22.0,5.0,0,440.0,2.0,42.0,1,1,0
897,42.0,2.0,21.0,5.0,0,6.0,2.0,40.0,0,1,0
898,54.0,1.0,16.0,1.0,4,49.0,0.0,1.0,0,1,0
899,28.0,4.0,21.0,1.0,0,30.0,1.0,9.0,0,1,1
900,22.0,4.0,19.0,1.0,2,49.0,0.0,40.0,1,1,1
901,60.0,3.0,21.0,1.0,0,49.0,1.0,1.0,0,1,1
902,59.0,1.0,20.0,1.0,1,6.0,0.0,29.0,0,1,0
903,74.0,1.0,21.0,1.0,1,103.0,1.0,40.0,1,0,1
904,50.0,2.0,16.0,1.0,3,49.0,0.0,40.0,0,1,1
905,21.0,4.0,18.0,5.0,5,6.0,13.0,55.0,1,1,0
906,48.0,3.0,21.0,5.0,0,49.0,0.0,40.0,0,1,0
907,66.0,1.0,21.0,1.0,0,49.0,0.0,72.0,1,1,0
908,63.0,1.0,20.0,1.0,1,459.0,0.0,40.0,0,1,0
909,58.0,7.0,19.0,1.0,4,49.0,0.0,40.0,1,1,1
910,50.0,4.0,20.0,1.0,0,6.0,1.0,18.0,1,1,1
911,92.0,1.0,20.0,1.0,2,6.0,0.0,91.0,1,1,0
912,41.0,1.0,22.0,1.0,0,49.0,2.0,72.0,1,1,1
913,37.0,2.0,20.0,1.0,3,49.0,1.0,50.0,0,0,1
914,82.0,1.0,20.0,1.0,2,49.0,0.0,40.0,1,1,0
915,29.0,1.0,21.0,1.0,0,49.0,1.0,40.0,1,1,1
916,18.0,1.0,18.0,1.0,0,49.0,0.0,45.0,0,1,1
917,38.0,2.0,18.0,3.0,2,49.0,5.0,17.0,1,0,1
918,52.0,8.0,20.0,1.0,0,523.0,1.0,31.0,0,1,1
919,21.0,1.0,19.0,1.0,0,6.0,1.0,50.0,0,1,1
920,21.0,3.0,19.0,3.0,1,6.0,0.0,41.0,1,1,1
921,31.0,1.0,19.0,1.0,4,49.0,1.0,50.0,1,1,1
922,23.0,3.0,19.0,5.0,0,49.0,2.0,30.0,1,1,0
923,21.0,1.0,20.0,3.0,2,6.0,0.0,40.0,1,1,1
924,54.0,4.0,21.0,1.0,0,49.0,1.0,40.0,0,1,1
925,17.0,1.0,21.0,1.0,1,72.0,0.0,96.0,1,1,0
926,84.0,1.0,16.0,1.0,4,103.0,1.0,40.0,0,1,0
927,86.0,1.0,19.0,1.0,0,42.0,1.0,45.0,0,1,1
928,39.0,1.0,20.0,1.0,2,49.0,0.0,40.0,1,1,1
929,66.0,4.0,15.0,1.0,0,238.0,0.0,54.0,1,1,0
930,23.0,1.0,17.0,1.0,4,51.0,0.0,45.0,1,1,1
931,26.0,4.0,21.0,5.0,0,49.0,2.0,3.0,1,0,0
932,27.0,4.0,21.0,5.0,0,49.0,7.0,40.0,1,1,0
933,46.0,3.0,22.0,1.0,0,314.0,0.0,7.0,0,1,1
934,80.0,1.0,16.0,1.0,3,49.0,0.0,88.0,0,1,1
935,68.0,1.0,22.0,1.0,2,6.0,1.0,55.0,0,1,0
936,48.0,2.0,22.0,1.0,0,6.0,1.0,45.0,1,1,1
937,36.0,4.0,19.0,1.0,1,6.0,0.0,40.0,1,1,1
938,42.0,4.0,20.0,1.0,2,49.0,0.0,40.0,0,0,1
939,18.0,1.0,19.0,1.0,0,49.0,1.0,20.0,1,1,1
940,60.0,1.0,19.0,1.0,0,235.0,0.0,20.0,0,0,0
941,83.0,1.0,20.0,5.0,2,49.0,2.0,40.0,1,1,1
942,66.0,5.0,21.0,1.0,0,49.0,2.0,20.0,0,1,1
943,42.0,1.0,22.0,5.0,0,49.0,14.0,46.0,0,1,0
944,68.0,1.0,22.0,1.0,2,49.0,1.0,40.0,1,1,0
945,71.0,2.0,22.0,3.0,0,49.0,0.0,40.0,0,0,1
946,47.0,1.0,19.0,5.0,0,49.0,2.0,40.0,1,1,0
947,38.0,1.0,16.0,5.0,4,468.0,12.0,40.0,1,0,1
948,20.0,1.0,18.0,5.0,2,49.0,0.0,32.0,1,1,0
949,71.0,3.0,20.0,1.0,1,49.0,1.0,40.0,1,0,0
950,83.0,1.0,21.0,5.0,2,49.0,2.0,50.0,0,0,0
951,68.0,1.0,18.0,1.0,4,49.0,1.0,40.0,1,1,1
952,61.0,5.0,21.0,5.0,1,243.0,2.0,20.0,0,0,0
953,55.0,1.0,19.0,1.0,0,49.0,1.0,40.0,1,1,1
954,26.0,1.0,21.0,5.0,5,49.0,14.0,40.0,1,1,0
955,45.0,1.0,16.0,5.0,3,49.0,2.0,40.0,1,1,0
956,48.0,1.0,16.0,1.0,2,6.0,0.0,40.0,0,1,1
957,65.0,1.0,21.0,1.0,0,362.0,1.0,45.0,0,1,0
958,21.0,1.0,19.0,5.0,2,6.0,0.0,20.0,1,1,1
959,17.0,1.0,19.0,5.0,3,329.0,2.0,40.0,0,1,0
960,18.0,1.0,24.0,1.0,2,13.0,0.0,50.0,1,1,1
961,42.0,7.0,16.0,1.0,1,451.0,0.0,40.0,0,1,1
962,87.0,1.0,19.0,1.0,1,49.0,1.0,20.0,0,1,0
963,68.0,8.0,20.0,5.0,2,6.0,9.0,6.0,1,1,0
964,71.0,1.0,2.0,3.0,0,49.0,0.0,40.0,1,1,1
965,60.0,3.0,12.0,5.0,0,6.0,13.0,11.0,1,0,0
966,48.0,1.0,21.0,5.0,0,49.0,14.0,40.0,0,0,0
967,54.0,1.0,18.0,1.0,3,49.0,1.0,62.0,1,1,0
968,45.0,1.0,21.0,1.0,0,200.0,1.0,50.0,0,1,1
969,82.0,1.0,21.0,5.0,1,49.0,15.0,4.0,1,1,0
970,29.0,7.0,16.0,3.0,3,162.0,0.0,58.0,1,0,1
971,38.0,4.0,22.0,3.0,0,117.0,0.0,57.0,0,0,1
972,72.0,4.0,21.0,5.0,0,8.0,0.0,50.0,1,1,1
973,71.0,1.0,18.0,1.0,4,49.0,0.0,45.0,0,0,0
974,80.0,1.0,19.0,5.0,0,55.0,3.0,24.0,0,0,0
975,57.0,6.0,21.0,1.0,0,49.0,0.0,88.0,1,1,1
976,35.0,6.0,22.0,5.0,0,149.0,2.0,20.0,0,1,0
977,75.0,1.0,1.0,1.0,1,49.0,1.0,82.0,1,1,0
978,86.0,2.0,15.0,1.0,0,468.0,1.0,29.0,0,1,0
979,27.0,1.0,19.0,1.0,0,6.0,9.0,40.0,0,1,1
980,68.0,1.0,19.0,5.0,2,134.0,2.0,49.0,1,1,0
981,24.0,1.0,19.0,1.0,3,213.0,0.0,33.0,0,1,0
982,48.0,1.0,20.0,1.0,3,240.0,0.0,45.0,1,1,1
983,75.0,1.0,22.0,5.0,0,160.0,2.0,40.0,0,1,0
984,25.0,1.0,19.0,1.0,0,49.0,1.0,45.0,1,1,1
985,38.0,3.0,21.0,3.0,0,49.0,0.0,50.0,1,1,1
986,57.0,3.0,21.0,1.0,0,49.0,0.0,40.0,0,1,1
987,51.0,1.0,19.0,3.0,3,6.0,13.0,20.0,0,1,0
988,56.0,2.0,19.0,5.0,2,49.0,2.0,40.0,1,1,1
989,36.0,3.0,11.0,5.0,0,6.0,2.0,40.0,0,1,0
990,34.0,7.0,16.0,1.0,4,6.0,0.0,16.0,0,1,0
991,92.0,7.0,6.0,1.0,1,312.0,0.0,20.0,0,1,1
992,23.0,1.0,19.0,1.0,1,49.0,1.0,6.0,1,1,0
993,40.0,2.0,22.0,1.0,0,311.0,1.0,40.0,1,1,1
994,55.0,1.0,19.0,1.0,2,414.0,0.0,52.0,1,1,1
995,26.0,1.0,6.0,1.0,1,49.0,1.0,22.0,0,1,0
996,19.0,1.0,21.0,1.0,0,49.0,1.0,40.0,1,1,1
997,27.0,1.0,21.0,1.0,1,49.0,1.0,40.0,0,1,1
998,40.0,1.0,21.0,5.0,1,49.0,2.0,22.0,0,1,0
999,55.0,2.0,22.0,1.0,0,49.0,0.0,40.0,1,1,1
1000,24.0,1.0,16.0,1.0,4,158.0,0.0,40.0,0,1,1
1001,71.0,4.0,24.0,5.0,0,440.0,2.0,45.0,1,1,1
1002,73.0,1.0,19.0,1.0,2,49.0,1.0,40.0,0,1,0
1003,38.0,3.0,19.0,5.0,0,49.0,3.0,40.0,0,0,1
1004,65.0,1.0,16.0,1.0,4,49.0,15.0,40.0,1,1,1
1005,43.0,2.0,20.0,1.0,3,49.0,2.0,72.0,1,1,1
1006,63.0,1.0,9.0,1.0,2,1.0,1.0,40.0,1,1,1
1007,60.0,1.0,19.0,1.0,2,49.0,1.0,40.0,1,1,0
1008,50.0,8.0,21.0,1.0,1,369.0,0.0,80.0,1,1,0
1009,76.0,1.0,4.0,3.0,0,49.0,11.0,40.0,0,0,1
1010,50.0,7.0,16.0,1.0,3,49.0,17.0,6.0,1,1,1
1011,18.0,1.0,9.0,5.0,2,104.0,3.0,59.0,1,1,0
1012,63.0,1.0,6.0,5.0,0,238.0,14.0,20.0,1,1,0
1013,20.0,1.0,18.0,5.0,2,49.0,0.0,20.0,0,1,0
1014,53.0,3.0,20.0,3.0,0,49.0,0.0,18.0,0,1,0
1015,77.0,1.0,22.0,1.0,2,148.0,11.0,38.0,1,1,1
1016,38.0,1.0,16.0,5.0,2,11.0,0.0,40.0,0,0,0
1017,29.0,1.0,4.0,5.0,0,49.0,17.0,50.0,0,1,1
1018,58.0,1.0,19.0,3.0,0,55.0,0.0,40.0,0,1,1
1019,62.0,1.0,9.0,1.0,2,49.0,1.0,70.0,1,1,0
1020,81.0,1.0,19.0,1.0,2,49.0,1.0,31.0,1,1,0
1021,66.0,8.0,19.0,1.0,1,49.0,1.0,40.0,1,1,1
1022,66.0,1.0,23.0,1.0,4,200.0,1.0,96.0,0,1,0
1023,54.0,2.0,19.0,1.0,3,242.0,0.0,45.0,1,1,1
1024,38.0,1.0,24.0,3.0,4,49.0,0.0,8.0,1,0,1
1025,34.0,2.0,21.0,1.0,0,136.0,14.0,27.0,1,1,0
1026,82.0,1.0,9.0,5.0,2,49.0,2.0,8.0,0,1,0
1027,68.0,1.0,16.0,2.0,4,49.0,2.0,50.0,0,1,0
1028,25.0,3.0,18.0,1.0,5,49.0,0.0,20.0,0,1,0
1029,65.0,1.0,2.0,2.0,1,459.0,0.0,25.0,0,1,0
1030,82.0,1.0,18.0,4.0,3,22.0,0.0,75.0,0,1,0
1031,47.0,1.0,19.0,1.0,4,49.0,0.0,40.0,0,1,0
1032,64.0,3.0,19.0,5.0,0,49.0,0.0,20.0,0,1,0
1033,73.0,7.0,18.0,2.0,3,20.0,0.0,60.0,0,1,0
1034,26.0,1.0,15.0,1.0,1,25.0,1.0,40.0,0,1,1
1035,17.0,1.0,20.0,3.0,3,49.0,0.0,40.0,0,1,1
1036,20.0,3.0,18.0,5.0,-1,49.0,0.0,20.0,0,1,0
1037,40.0,1.0,21.0,1.0,2,128.0,1.0,35.0,1,1,1
1038,38.0,1.0,16.0,3.0,4,49.0,0.0,20.0,0,0,0
1039,20.0,1.0,16.0,5.0,3,49.0,10.0,14.0,0,1,1
1040,64.0,1.0,16.0,5.0,4,368.0,0.0,40.0,0,1,0
1041,53.0,1.0,22.0,1.0,0,313.0,0.0,59.0,1,1,1
1042,56.0,2.0,22.0,5.0,2,49.0,2.0,82.0,1,1,0
1043,52.0,1.0,16.0,1.0,3,49.0,0.0,40.0,0,1,0
1044,40.0,1.0,16.0,1.0,4,49.0,1.0,52.0,1,1,1
1045,42.0,1.0,19.0,1.0,3,49.0,1.0,27.0,1,1,1
1046,92.0,8.0,19.0,5.0,0,215.0,0.0,4.0,0,1,0
1047,25.0,1.0,16.0,1.0,1,49.0,1.0,40.0,1,1,0
1048,87.0,4.0,22.0,1.0,2,13.0,0.0,34.0,1,1,0
1049,60.0,4.0,4.0,1.0,0,370.0,0.0,45.0,0,1,1
1050,21.0,1.0,21.0,3.0,-1,60.0,0.0,8.0,1,1,0
1051,18.0,1.0,16.0,1.0,1,49.0,0.0,11.0,1,1,0
1052,80.0,1.0,21.0,5.0,0,49.0,2.0,40.0,0,1,0
1053,31.0,1.0,18.0,3.0,4,49.0,10.0,24.0,0,0,1
1054,26.0,1.0,21.0,3.0,0,49.0,1.0,40.0,0,1,1
1055,84.0,1.0,21.0,1.0,1,49.0,1.0,40.0,0,1,1
1056,30.0,1.0,21.0,1.0,1,45.0,0.0,50.0,1,1,1
1057,38.0,1.0,22.0,5.0,2,49.0,4.0,40.0,1,1,1
1058,54.0,1.0,21.0,1.0,0,49.0,0.0,40.0,0,1,1
1059,24.0,2.0,21.0,1.0,0,49.0,1.0,13.0,0,0,1
1060,35.0,1.0,16.0,4.0,2,49.0,0.0,40.0,1,1,0
1061,17.0,1.0,10.0,5.0,0,448.0,2.0,40.0,1,1,1
1062,84.0,1.0,22.0,3.0,2,49.0,0.0,67.0,0,1,1
1063,39.0,1.0,21.0,1.0,0,160.0,0.0,40.0,1,1,1
1064,50.0,1.0,7.0,1.0,1,217.0,0.0,40.0,0,1,1
1065,86.0,1.0,22.0,3.0,0,51.0,0.0,50.0,1,1,1
1066,86.0,1.0,19.0,2.0,1,6.0,0.0,40.0,0,1,0
1067,20.0,1.0,18.0,5.0,1,49.0,0.0,29.0,0,1,0
1068,41.0,3.0,22.0,1.0,0,49.0,2.0,28.0,1,1,1
1069,67.0,4.0,21.0,1.0,0,49.0,1.0,48.0,1,1,1
1070,26.0,1.0,20.0,1.0,0,49.0,0.0,40.0,0,0,0
1071,44.0,1.0,19.0,1.0,2,49.0,1.0,40.0,0,1,0
1072,39.0,1.0,22.0,1.0,0,501.0,1.0,45.0,1,1,1
1073,43.0,1.0,21.0,1.0,0,49.0,1.0,24.0,0,1,1
1074,38.0,1.0,22.0,3.0,0,215.0,0.0,40.0,0,1,1
1075,86.0,1.0,16.0,1.0,2,149.0,1.0,27.0,1,1,0
1076,34.0,6.0,16.0,1.0,1,37.0,0.0,32.0,1,1,0
1077,39.0,1.0,21.0,1.0,2,6.0,0.0,22.0,1,1,1
1078,75.0,1.0,16.0,1.0,3,49.0,0.0,43.0,1,1,0
1079,60.0,1.0,19.0,5.0,1,49.0,0.0,40.0,1,1,0
1080,62.0,1.0,19.0,1.0,5,249.0,1.0,40.0,0,1,0
1081,56.0,1.0,15.0,1.0,1,36.0,0.0,34.0,0,1,0
1082,35.0,1.0,21.0,5.0,2,54.0,2.0,35.0,0,1,0
1083,49.0,1.0,21.0,1.0,2,49.0,1.0,40.0,0,1,1
1084,50.0,1.0,16.0,5.0,4,60.0,16.0,50.0,0,1,0
1085,53.0,3.0,20.0,1.0,2,49.0,1.0,45.0,1,1,0
1086,55.0,1.0,16.0,1.0,2,6.0,1.0,34.0,1,1,0
1087,36.0,1.0,22.0,1.0,2,6.0,1.0,40.0,1,1,1
1088,50.0,1.0,20.0,3.0,0,18.0,0.0,50.0,1,1,1
1089,76.0,1.0,21.0,1.0,0,49.0,0.0,20.0,0,1,1
1090,23.0,1.0,21.0,1.0,0,126.0,1.0,22.0,0,0,1
1091,30.0,1.0,21.0,1.0,2,49.0,1.0,40.0,1,1,0
1092,62.0,2.0,20.0,1.0,0,26.0,1.0,50.0,0,1,1
1093,72.0,1.0,14.0,4.0,1,49.0,0.0,40.0,0,1,0
1094,27.0,5.0,19.0,1.0,3,412.0,0.0,40.0,0,1,0
1095,43.0,2.0,16.0,5.0,3,137.0,0.0,37.0,0,1,0
1096,50.0,1.0,21.0,1.0,0,49.0,1.0,40.0,1,1,1
1097,20.0,6.0,4.0,5.0,0,49.0,2.0,9.0,1,1,0
1098,38.0,1.0,19.0,3.0,2,49.0,0.0,84.0,1,0,1
1099,73.0,7.0,16.0,1.0,4,49.0,11.0,78.0,1,1,1
1100,31.0,1.0,16.0,3.0,3,49.0,0.0,40.0,1,1,1
1101,74.0,1.0,23.0,1.0,0,49.0,0.0,45.0,1,1,1
1102,52.0,1.0,24.0,1.0,4,301.0,0.0,70.0,0,1,1
1103,71.0,1.0,19.0,1.0,1,209.0,0.0,12.0,1,1,0
1104,18.0,1.0,22.0,1.0,0,49.0,0.0,40.0,1,0,1
1105,28.0,1.0,19.0,3.0,2,49.0,0.0,57.0,0,1,1
1106,37.0,1.0,21.0,1.0,0,6.0,0.0,50.0,0,1,1
1107,45.0,1.0,21.0,1.0,0,49.0,0.0,20.0,0,1,0
1108,28.0,1.0,13.0,1.0,1,49.0,0.0,20.0,0,1,0
1109,66.0,1.0,19.0,1.0,2,21.0,15.0,40.0,1,1,1
1110,75.0,6.0,16.0,1.0,3,222.0,1.0,8.0,1,1,0
1111,27.0,1.0,21.0,5.0,0,440.0,2.0,40.0,1,1,0
1112,50.0,1.0,21.0,1.0,1,49.0,2.0,75.0,1,1,1
1113,92.0,1.0,18.0,1.0,3,49.0,0.0,17.0,0,1,0
1114,31.0,3.0,18.0,1.0,1,469.0,0.0,80.0,0,1,0
1115,27.0,1.0,21.0,5.0,0,49.0,2.0,40.0,1,1,1
1116,61.0,1.0,19.0,5.0,1,49.0,0.0,45.0,1,1,1
1117,42.0,1.0,20.0,1.0,0,49.0,1.0,50.0,0,1,1
1118,80.0,1.0,24.0,5.0,0,49.0,3.0,26.0,1,1,0
1119,23.0,1.0,21.0,1.0,0,49.0,1.0,40.0,0,0,0
1120,37.0,1.0,20.0,1.0,0,245.0,1.0,40.0,0,1,1
1121,38.0,1.0,16.0,5.0,2,49.0,2.0,46.0,0,0,0
1122,63.0,8.0,21.0,5.0,0,49.0,0.0,40.0,0,1,0
1123,25.0,1.0,21.0,1.0,0,116.0,0.0,40.0,0,1,1
1124,25.0,1.0,7.0,1.0,4,49.0,1.0,52.0,1,1,0
1125,42.0,2.0,16.0,1.0,2,49.0,0.0,40.0,0,1,1
1126,19.0,3.0,19.0,1.0,2,34.0,0.0,40.0,1,1,1
1127,69.0,3.0,18.0,4.0,1,49.0,13.0,58.0,0,1,0
1128,70.0,1.0,16.0,1.0,4,449.0,0.0,40.0,1,1,1
1129,53.0,1.0,22.0,1.0,2,23.0,0.0,40.0,1,1,0
1130,37.0,2.0,20.0,1.0,0,25.0,16.0,1.0,0,0,1
1131,55.0,1.0,22.0,1.0,0,372.0,0.0,20.0,1,1,1
1132,76.0,1.0,16.0,1.0,2,417.0,14.0,45.0,1,1,1
1133,34.0,3.0,21.0,5.0,0,53.0,10.0,40.0,0,1,0
1134,36.0,1.0,20.0,5.0,2,49.0,2.0,26.0,1,0,1
1135,36.0,1.0,21.0,1.0,0,110.0,0.0,45.0,1,1,1
1136,62.0,3.0,18.0,1.0,3,224.0,0.0,15.0,1,1,1
1137,49.0,1.0,18.0,1.0,1,49.0,1.0,40.0,0,1,1
1138,61.0,1.0,21.0,1.0,0,49.0,0.0,50.0,0,1,1
1139,63.0,2.0,21.0,5.0,0,22.0,17.0,54.0,1,1,0
1140,63.0,1.0,21.0,1.0,0,49.0,1.0,46.0,1,1,1
1141,35.0,1.0,21.0,5.0,1,205.0,17.0,40.0,1,1,0
1142,55.0,1.0,18.0,1.0,3,138.0,1.0,40.0,1,1,1
1143,44.0,1.0,22.0,1.0,0,28.0,2.0,40.0,0,1,0
1144,55.0,1.0,18.0,5.0,1,49.0,17.0,28.0,1,1,0
1145,82.0,1.0,21.0,3.0,1,49.0,0.0,58.0,0,1,1
1146,35.0,1.0,22.0,5.0,2,49.0,5.0,40.0,0,0,0
1147,20.0,1.0,10.0,5.0,1,49.0,2.0,40.0,1,1,0
1148,46.0,2.0,20.0,1.0,2,2.0,1.0,62.0,1,1,1
1149,51.0,4.0,21.0,1.0,0,49.0,1.0,56.0,1,1,1
1150,61.0,2.0,20.0,1.0,0,451.0,0.0,40.0,1,1,1
1151,67.0,1.0,22.0,1.0,0,49.0,1.0,50.0,0,1,1
1152,69.0,1.0,12.0,5.0,2,49.0,13.0,40.0,1,1,0
1153,22.0,1.0,19.0,1.0,2,373.0,1.0,40.0,1,1,1
1154,63.0,1.0,21.0,5.0,2,49.0,2.0,60.0,1,1,0
1155,18.0,1.0,19.0,5.0,2,49.0,10.0,40.0,0,1,0
1156,18.0,3.0,16.0,5.0,3,49.0,17.0,2.0,1,0,0
1157,29.0,1.0,23.0,1.0,4,49.0,0.0,34.0,0,1,0
1158,36.0,1.0,18.0,1.0,0,45.0,1.0,40.0,0,1,0
1159,38.0,1.0,21.0,5.0,2,527.0,0.0,40.0,1,0,0
1160,55.0,4.0,21.0,1.0,1,110.0,0.0,40.0,0,1,0
1161,79.0,1.0,19.0,3.0,2,49.0,0.0,40.0,0,1,0
1162,57.0,1.0,21.0,5.0,-1,49.0,17.0,72.0,1,1,0
1163,23.0,1.0,14.0,1.0,0,49.0,1.0,50.0,1,1,1
1164,59.0,1.0,16.0,5.0,4,49.0,2.0,88.0,0,1,0
1165,66.0,1.0,20.0,1.0,1,49.0,2.0,80.0,1,1,1
1166,72.0,1.0,19.0,1.0,1,49.0,0.0,40.0,1,1,1
1167,46.0,1.0,18.0,1.0,1,49.0,1.0,7.0,1,0,0
1168,87.0,4.0,21.0,1.0,0,240.0,0.0,50.0,1,1,0
1169,19.0,1.0,18.0,1.0,4,36.0,0.0,59.0,1,1,0
1170,20.0,3.0,19.0,1.0,1,49.0,0.0,84.0,1,1,0
1171,27.0,4.0,21.0,1.0,0,132.0,0.0,35.0,0,1,0
1172,43.0,1.0,21.0,5.0,0,49.0,1.0,20.0,0,0,0
1173,68.0,1.0,21.0,1.0,1,49.0,0.0,8.0,1,1,1
1174,59.0,1.0,21.0,1.0,0,6.0,0.0,40.0,1,1,0
1175,70.0,1.0,21.0,5.0,1,412.0,11.0,29.0,0,0,0
1176,70.0,1.0,21.0,1.0,0,49.0,0.0,62.0,1,1,0
1177,52.0,1.0,16.0,5.0,2,49.0,9.0,45.0,0,1,1
1178,61.0,1.0,19.0,1.0,0,48.0,0.0,50.0,1,1,1
1179,26.0,3.0,22.0,1.0,0,49.0,1.0,50.0,1,1,1
1180,38.0,1.0,19.0,3.0,1,49.0,1.0,16.0,1,0,0
1181,35.0,1.0,21.0,1.0,0,49.0,0.0,18.0,0,1,1
1182,81.0,2.0,16.0,1.0,3,72.0,0.0,20.0,1,1,1
1183,23.0,5.0,16.0,5.0,1,327.0,2.0,20.0,0,1,0
1184,60.0,1.0,16.0,1.0,2,72.0,0.0,35.0,0,1,0
1185,50.0,1.0,16.0,1.0,4,49.0,1.0,40.0,1,1,0
1186,75.0,1.0,21.0,1.0,0,47.0,1.0,45.0,1,1,1
1187,22.0,1.0,16.0,1.0,2,49.0,1.0,75.0,1,1,0
1188,40.0,1.0,21.0,5.0,1,34.0,2.0,55.0,1,1,0
1189,70.0,1.0,22.0,1.0,0,49.0,1.0,14.0,1,1,1
1190,18.0,1.0,19.0,5.0,1,49.0,0.0,58.0,0,1,0
1191,86.0,2.0,22.0,5.0,0,49.0,6.0,45.0,0,1,0
1192,74.0,1.0,21.0,1.0,0,417.0,0.0,40.0,0,1,1
1193,43.0,1.0,21.0,1.0,0,22.0,0.0,40.0,0,1,1
1194,86.0,4.0,21.0,1.0,0,49.0,1.0,60.0,1,1,1
1195,54.0,1.0,16.0,5.0,2,49.0,6.0,16.0,0,1,0
1196,63.0,1.0,19.0,1.0,3,49.0,0.0,40.0,0,1,1
1197,74.0,1.0,15.0,5.0,1,49.0,11.0,40.0,1,1,0
1198,81.0,7.0,18.0,3.0,3,49.0,0.0,45.0,1,1,1
1199,78.0,1.0,9.0,5.0,0,49.0,15.0,12.0,1,1,1
1200,28.0,1.0,16.0,1.0,1,6.0,0.0,40.0,0,1,0
1201,19.0,2.0,20.0,1.0,0,49.0,1.0,54.0,0,1,1
1202,78.0,1.0,4.0,1.0,0,49.0,1.0,40.0,1,1,0
1203,20.0,2.0,22.0,5.0,0,49.0,17.0,40.0,0,1,0
1204,61.0,1.0,19.0,5.0,4,49.0,0.0,70.0,0,1,0
1205,30.0,1.0,16.0,5.0,3,49.0,2.0,37.0,0,1,1
1206,55.0,1.0,19.0,1.0,2,49.0,1.0,10.0,1,1,1
1207,19.0,1.0,21.0,3.0,0,49.0,0.0,40.0,0,1,1
1208,22.0,1.0,16.0,1.0,3,49.0,0.0,66.0,0,1,0
1209,21.0,1.0,19.0,1.0,2,49.0,1.0,40.0,0,1,1
1210,43.0,1.0,21.0,1.0,0,49.0,1.0,40.0,0,1,1
1211,77.0,4.0,22.0,1.0,0,511.0,1.0,57.0,1,1,0
1212,27.0,2.0,21.0,1.0,0,229.0,1.0,40.0,1,1,1
1213,61.0,1.0,19.0,1.0,4,311.0,1.0,65.0,0,1,1
1214,20.0,1.0,19.0,5.0,4,49.0,17.0,2.0,1,1,0
1215,58.0,2.0,9.0,5.0,2,49.0,0.0,40.0,0,0,0
1216,34.0,1.0,7.0,1.0,0,49.0,1.0,40.0,0,1,1
1217,29.0,1.0,19.0,5.0,0,200.0,2.0,80.0,0,1,0
1218,41.0,1.0,19.0,5.0,4,49.0,1.0,4.0,1,1,0
1219,23.0,4.0,6.0,1.0,0,49.0,1.0,40.0,1,1,1
1220,54.0,1.0,19.0,1.0,3,370.0,0.0,14.0,1,1,1
1221,71.0,1.0,21.0,1.0,1,163.0,0.0,20.0,1,1,0
1222,54.0,1.0,17.0,1.0,0,49.0,1.0,20.0,1,1,1
1223,38.0,1.0,16.0,3.0,2,224.0,0.0,65.0,1,0,0
1224,77.0,1.0,16.0,5.0,2,49.0,10.0,42.0,1,1,0
1225,27.0,1.0,13.0,1.0,2,49.0,0.0,40.0,1,1,1
1226,17.0,1.0,16.0,5.0,1,116.0,9.0,47.0,0,1,0
1227,41.0,1.0,21.0,1.0,0,49.0,0.0,40.0,1,1,1
1228,65.0,1.0,19.0,1.0,0,49.0,1.0,40.0,1,1,1
1229,87.0,1.0,17.0,1.0,4,49.0,0.0,54.0,1,1,1
1230,75.0,1.0,19.0,5.0,3,49.0,11.0,47.0,1,1,1
1231,66.0,1.0,21.0,1.0,0,414.0,1.0,54.0,0,1,0
1232,55.0,4.0,24.0,1.0,1,49.0,0.0,59.0,0,0,0
1233,59.0,2.0,20.0,1.0,0,49.0,1.0,40.0,1,1,1
1234,33.0,1.0,18.0,1.0,3,327.0,8.0,19.0,0,1,0
1235,45.0,1.0,20.0,1.0,2,49.0,0.0,54.0,0,1,0
1236,32.0,1.0,16.0,3.0,1,6.0,0.0,40.0,1,1,0
1237,63.0,4.0,18.0,1.0,0,315.0,0.0,40.0,1,1,1
1238,21.0,7.0,16.0,1.0,4,49.0,0.0,40.0,0,1,1
1239,82.0,4.0,21.0,1.0,0,49.0,1.0,50.0,0,1,1
1240,72.0,1.0,21.0,1.0,1,49.0,2.0,40.0,1,1,1
1241,79.0,3.0,22.0,1.0,0,469.0,0.0,40.0,1,1,1
1242,71.0,1.0,21.0,1.0,2,49.0,0.0,40.0,1,1,1
1243,19.0,1.0,22.0,3.0,0,49.0,0.0,40.0,1,1,0
1244,58.0,7.0,20.0,5.0,3,49.0,10.0,40.0,1,1,1
1245,53.0,1.0,19.0,1.0,3,501.0,1.0,16.0,1,0,0
1246,43.0,1.0,19.0,5.0,0,49.0,5.0,40.0,1,1,1
1247,84.0,1.0,21.0,1.0,2,49.0,0.0,50.0,0,0,1
1248,73.0,1.0,18.0,3.0,2,49.0,0.0,40.0,1,1,1
1249,51.0,1.0,21.0,1.0,2,6.0,0.0,40.0,1,1,1
1250,61.0,8.0,22.0,5.0,0,49.0,2.0,50.0,0,1,1
1251,77.0,1.0,21.0,1.0,2,49.0,1.0,20.0,0,1,0
1252,64.0,4.0,21.0,1.0,0,49.0,1.0,40.0,1,1,1
1253,44.0,7.0,19.0,1.0,3,459.0,0.0,20.0,0,0,0
1254,29.0,1.0,7.0,4.0,1,49.0,0.0,40.0,0,1,0
1255,24.0,1.0,21.0,5.0,0,451.0,2.0,40.0,0,0,0
1256,73.0,1.0,19.0,1.0,2,49.0,1.0,45.0,0,1,1
1257,34.0,8.0,16.0,3.0,3,49.0,0.0,31.0,0,1,0
1258,84.0,1.0,8.0,1.0,0,49.0,1.0,50.0,0,1,1
1259,50.0,1.0,14.0,5.0,2,49.0,2.0,68.0,1,1,0
1260,64.0,1.0,18.0,1.0,2,49.0,0.0,40.0,1,1,1
1261,21.0,1.0,20.0,5.0,0,6.0,2.0,20.0,0,1,0
1262,17.0,4.0,21.0,1.0,0,212.0,0.0,40.0,0,1,1
1263,51.0,1.0,16.0,1.0,2,49.0,1.0,40.0,1,1,0
1264,87.0,1.0,19.0,1.0,4,49.0,0.0,40.0,1,1,0
1265,43.0,1.0,19.0,1.0,2,38.0,0.0,40.0,0,1,0
1266,58.0,1.0,16.0,5.0,1,49.0,3.0,66.0,1,1,0
1267,71.0,1.0,16.0,3.0,4,24.0,8.0,45.0,1,1,0
1268,48.0,1.0,16.0,5.0,2,49.0,3.0,35.0,0,0,0
1269,46.0,4.0,19.0,1.0,0,49.0,0.0,53.0,0,1,1
1270,28.0,7.0,16.0,1.0,1,49.0,1.0,40.0,1,1,1
1271,63.0,5.0,16.0,5.0,3,54.0,2.0,50.0,0,1,1
1272,60.0,3.0,23.0,1.0,0,6.0,0.0,23.0,0,1,1
1273,83.0,5.0,19.0,1.0,2,49.0,0.0,40.0,1,1,1
1274,81.0,1.0,20.0,1.0,2,49.0,0.0,50.0,1,1,1
1275,26.0,1.0,19.0,3.0,4,369.0,0.0,45.0,1,1,1
1276,64.0,1.0,19.0,1.0,2,49.0,0.0,36.0,0,0,0
1277,39.0,1.0,16.0,3.0,4,6.0,16.0,50.0,0,1,1
1278,19.0,1.0,21.0,1.0,2,49.0,0.0,40.0,0,1,1
1279,55.0,1.0,16.0,1.0,2,49.0,1.0,45.0,0,1,0
1280,59.0,2.0,20.0,1.0,2,213.0,0.0,68.0,1,1,0
1281,92.0,1.0,21.0,1.0,2,223.0,2.0,40.0,0,1,0
1282,25.0,4.0,16.0,1.0,2,49.0,1.0,40.0,0,1,0
1283,41.0,1.0,16.0,1.0,4,213.0,1.0,70.0,0,1,0
1284,29.0,1.0,16.0,5.0,4,45.0,17.0,45.0,0,1,0
1285,87.0,3.0,19.0,5.0,3,49.0,4.0,40.0,0,1,1
1286,35.0,1.0,16.0,5.0,1,49.0,2.0,40.0,0,1,0
1287,61.0,3.0,21.0,3.0,0,49.0,0.0,45.0,1,1,1
1288,73.0,1.0,20.0,5.0,0,523.0,2.0,47.0,0,1,0
1289,32.0,1.0,19.0,1.0,1,368.0,0.0,40.0,1,1,1
1290,32.0,1.0,22.0,5.0,2,49.0,2.0,67.0,0,1,0
1291,71.0,1.0,16.0,1.0,1,5.0,2.0,11.0,1,1,0
1292,81.0,2.0,19.0,1.0,2,49.0,0.0,40.0,0,1,0
1293,28.0,1.0,4.0,1.0,0,49.0,0.0,40.0,1,1,1
1294,35.0,4.0,21.0,1.0,2,6.0,1.0,50.0,1,1,1
1295,19.0,1.0,19.0,1.0,2,49.0,0.0,40.0,0,1,0
1296,25.0,4.0,22.0,1.0,0,49.0,0.0,40.0,1,1,1
1297,83.0,6.0,20.0,1.0,2,49.0,1.0,40.0,1,1,1
1298,40.0,3.0,22.0,5.0,0,49.0,10.0,12.0,1,1,1
1299,73.0,1.0,15.0,1.0,0,215.0,1.0,40.0,0,1,1
1300,43.0,2.0,16.0,5.0,3,158.0,2.0,23.0,0,1,0
1301,65.0,4.0,19.0,1.0,0,6.0,1.0,45.0,1,1,1
1302,56.0,1.0,12.0,3.0,0,523.0,0.0,43.0,1,1,0
1303,78.0,7.0,21.0,1.0,1,6.0,0.0,20.0,1,1,0
1304,52.0,4.0,20.0,1.0,2,49.0,1.0,40.0,1,1,0
1305,34.0,6.0,18.0,1.0,3,49.0,1.0,8.0,1,1,0
1306,78.0,3.0,22.0,1.0,0,412.0,0.0,40.0,0,1,1
1307,74.0,1.0,16.0,3.0,2,49.0,0.0,15.0,1,1,1
1308,26.0,4.0,19.0,5.0,1,49.0,14.0,40.0,1,1,0
1309,69.0,1.0,21.0,1.0,0,49.0,0.0,40.0,1,1,1
1310,36.0,2.0,21.0,1.0,0,373.0,0.0,58.0,0,1,1
1311,34.0,1.0,20.0,2.0,1,49.0,0.0,40.0,1,1,0
1312,21.0,1.0,22.0,3.0,0,6.0,0.0,45.0,1,1,1
1313,63.0,3.0,18.0,1.0,3,6.0,1.0,40.0,0,0,1
1314,27.0,3.0,21.0,1.0,0,49.0,1.0,20.0,1,1,0
1315,57.0,1.0,16.0,1.0,4,49.0,1.0,40.0,0,1,0
1316,52.0,1.0,21.0,1.0,0,233.0,0.0,40.0,1,1,1
1317,30.0,1.0,19.0,1.0,4,49.0,1.0,34.0,0,1,0
1318,25.0,1.0,21.0,5.0,1,35.0,2.0,46.0,0,1,0
1319,18.0,1.0,16.0,1.0,4,6.0,0.0,40.0,1,1,0
1320,37.0,1.0,19.0,5.0,2,6.0,5.0,40.0,1,1,0
1321,30.0,4.0,21.0,1.0,0,49.0,0.0,45.0,1,0,1
1322,35.0,1.0,21.0,5.0,2,46.0,2.0,40.0,1,1,0
1323,25.0,3.0,18.0,1.0,0,467.0,16.0,45.0,0,1,1
1324,19.0,1.0,18.0,1.0,4,49.0,0.0,40.0,1,1,0
1325,20.0,1.0,1.0,5.0,1,49.0,4.0,65.0,0,1,0
1326,83.0,3.0,22.0,1.0,0,49.0,0.0,40.0,1,1,1
1327,28.0,1.0,16.0,5.0,4,6.0,13.0,84.0,0,1,0
1328,65.0,4.0,16.0,1.0,2,164.0,1.0,40.0,1,0,1
1329,25.0,1.0,16.0,1.0,4,35.0,1.0,40.0,1,1,1
1330,27.0,6.0,21.0,1.0,1,49.0,0.0,54.0,1,1,1
1331,29.0,1.0,21.0,5.0,1,49.0,2.0,56.0,1,1,0
1332,51.0,1.0,6.0,1.0,0,236.0,2.0,40.0,0,1,1
1333,55.0,1.0,21.0,5.0,0,49.0,0.0,19.0,0,1,0
1334,87.0,1.0,21.0,5.0,2,49.0,1.0,20.0,0,1,0
1335,46.0,1.0,9.0,2.0,0,312.0,0.0,68.0,1,1,0
1336,33.0,1.0,16.0,1.0,2,49.0,0.0,4.0,0,1,1
1337,52.0,1.0,18.0,5.0,4,49.0,2.0,68.0,0,1,0
1338,21.0,1.0,21.0,5.0,2,11.0,16.0,40.0,0,1,1
1339,41.0,1.0,16.0,1.0,1,49.0,1.0,20.0,1,1,1
1340,67.0,1.0,21.0,1.0,2,49.0,1.0,50.0,0,1,1
1341,20.0,3.0,18.0,5.0,-1,49.0,0.0,53.0,0,1,0
1342,17.0,1.0,20.0,5.0,2,6.0,0.0,40.0,1,1,0
1343,50.0,3.0,21.0,1.0,0,49.0,0.0,40.0,1,1,1
1344,41.0,1.0,19.0,1.0,3,49.0,0.0,45.0,0,1,1
1345,25.0,2.0,2.0,1.0,0,31.0,1.0,96.0,0,1,0
1346,19.0,4.0,19.0,2.0,1,160.0,0.0,20.0,0,1,0
1347,38.0,2.0,19.0,5.0,0,49.0,2.0,78.0,1,0,0
1348,37.0,2.0,19.0,5.0,0,527.0,0.0,20.0,1,1,0
1349,47.0,4.0,21.0,1.0,2,414.0,0.0,40.0,0,1,0
1350,36.0,1.0,22.0,5.0,2,49.0,4.0,40.0,1,1,0
1351,92.0,1.0,16.0,1.0,3,49.0,0.0,51.0,0,1,1
1352,67.0,1.0,22.0,1.0,0,223.0,1.0,40.0,0,1,1
1353,77.0,1.0,16.0,5.0,4,22.0,2.0,75.0,1,1,0
1354,42.0,1.0,21.0,1.0,0,49.0,0.0,2.0,0,1,0
1355,65.0,1.0,16.0,1.0,1,15.0,0.0,82.0,1,1,1
1356,81.0,1.0,20.0,1.0,1,34.0,1.0,40.0,1,1,1
1357,79.0,1.0,19.0,1.0,2,49.0,17.0,57.0,1,1,0
1358,71.0,3.0,16.0,1.0,3,49.0,0.0,96.0,0,0,0
1359,53.0,1.0,19.0,5.0,4,49.0,0.0,50.0,0,1,0
1360,33.0,1.0,19.0,1.0,2,49.0,1.0,40.0,0,1,1
1361,67.0,1.0,16.0,1.0,2,314.0,1.0,40.0,1,1,1
1362,26.0,1.0,19.0,5.0,4,28.0,2.0,20.0,1,1,0
1363,45.0,1.0,20.0,5.0,2,49.0,15.0,40.0,1,1,1
1364,72.0,1.0,19.0,3.0,2,6.0,0.0,40.0,1,1,1
1365,46.0,1.0,16.0,5.0,3,49.0,0.0,50.0,0,1,0
1366,60.0,1.0,21.0,1.0,0,49.0,1.0,65.0,1,1,1
1367,19.0,1.0,19.0,1.0,3,49.0,0.0,40.0,1,1,0
1368,86.0,3.0,20.0,3.0,0,49.0,0.0,45.0,0,1,1
1369,24.0,1.0,21.0,4.0,5,51.0,2.0,78.0,0,0,0
1370,18.0,8.0,6.0,1.0,2,6.0,0.0,40.0,1,1,1
1371,62.0,8.0,20.0,3.0,0,451.0,0.0,75.0,1,1,1
1372,59.0,1.0,19.0,1.0,0,49.0,0.0,40.0,0,1,1
1373,38.0,2.0,16.0,3.0,3,49.0,0.0,40.0,1,0,1
1374,43.0,1.0,19.0,1.0,4,468.0,1.0,40.0,0,1,0
1375,69.0,1.0,16.0,5.0,1,49.0,9.0,52.0,0,0,0
1376,51.0,1.0,20.0,1.0,3,49.0,1.0,51.0,0,1,0
1377,66.0,1.0,19.0,1.0,0,229.0,1.0,40.0,0,0,0
1378,51.0,3.0,16.0,5.0,2,49.0,2.0,20.0,1,1,0
1379,30.0,1.0,16.0,1.0,1,224.0,0.0,13.0,0,1,1
1380,69.0,2.0,21.0,1.0,2,49.0,0.0,40.0,0,1,0
1381,30.0,1.0,19.0,1.0,4,49.0,2.0,24.0,0,1,0
1382,18.0,1.0,16.0,1.0,3,49.0,0.0,40.0,0,0,1
1383,47.0,1.0,16.0,5.0,3,49.0,14.0,20.0,1,1,0
1384,38.0,1.0,19.0,5.0,2,49.0,2.0,40.0,1,1,0
1385,19.0,1.0,20.0,1.0,2,468.0,0.0,40.0,1,1,0
1386,59.0,5.0,19.0,1.0,0,49.0,1.0,40.0,0,1,1
1387,20.0,4.0,20.0,5.0,0,49.0,2.0,40.0,1,1,0
1388,75.0,1.0,20.0,1.0,1,49.0,1.0,15.0,0,0,0
1389,83.0,1.0,19.0,5.0,4,527.0,2.0,46.0,0,1,0
1390,87.0,3.0,1.0,1.0,0,49.0,2.0,43.0,0,1,0
1391,37.0,5.0,22.0,1.0,2,49.0,0.0,40.0,1,1,1
1392,33.0,4.0,15.0,5.0,1,49.0,0.0,70.0,0,0,0
1393,40.0,3.0,21.0,1.0,0,6.0,0.0,40.0,1,1,1
1394,79.0,1.0,19.0,1.0,2,49.0,0.0,45.0,1,1,1
1395,47.0,2.0,20.0,1.0,0,6.0,1.0,8.0,1,1,1
1396,42.0,1.0,16.0,1.0,2,49.0,15.0,50.0,1,1,1
1397,21.0,6.0,18.0,1.0,0,6.0,2.0,40.0,1,1,1
1398,49.0,1.0,19.0,1.0,4,49.0,1.0,40.0,0,1,0
1399,62.0,1.0,18.0,1.0,4,49.0,1.0,50.0,1,1,1
1400,40.0,1.0,19.0,5.0,2,49.0,5.0,40.0,0,1,0
1401,81.0,2.0,4.0,5.0,0,132.0,2.0,45.0,1,1,1
1402,21.0,8.0,19.0,1.0,3,6.0,1.0,85.0,0,1,1
1403,42.0,1.0,20.0,1.0,2,49.0,0.0,40.0,0,1,1
1404,59.0,1.0,20.0,1.0,0,158.0,0.0,40.0,1,1,0
1405,81.0,2.0,21.0,1.0,0,49.0,0.0,40.0,0,1,1
1406,40.0,2.0,17.0,1.0,0,49.0,0.0,40.0,1,1,1
1407,63.0,1.0,19.0,5.0,4,6.0,2.0,96.0,1,1,0
1408,18.0,1.0,19.0,1.0,2,127.0,0.0,31.0,0,1,0
1409,59.0,1.0,18.0,1.0,4,49.0,0.0,20.0,0,1,0
1410,36.0,3.0,24.0,5.0,0,49.0,2.0,40.0,1,1,0
1411,27.0,1.0,21.0,5.0,0,49.0,8.0,40.0,1,1,0
1412,19.0,5.0,19.0,1.0,0,6.0,0.0,40.0,0,1,1
1413,37.0,1.0,21.0,1.0,0,6.0,1.0,66.0,1,1,1
1414,77.0,2.0,22.0,5.0,0,49.0,2.0,40.0,1,1,1
1415,30.0,4.0,23.0,5.0,2,303.0,2.0,23.0,0,1,0
1416,42.0,8.0,18.0,1.0,1,6.0,0.0,46.0,1,1,1
1417,77.0,1.0,19.0,5.0,2,49.0,3.0,20.0,0,1,0
1418,65.0,1.0,19.0,1.0,4,49.0,1.0,9.0,1,1,1
1419,37.0,8.0,16.0,1.0,1,49.0,1.0,20.0,0,0,0
1420,46.0,1.0,19.0,1.0,0,228.0,1.0,49.0,1,0,0
1421,63.0,1.0,13.0,1.0,4,116.0,1.0,22.0,1,1,0
1422,21.0,1.0,20.0,1.0,0,49.0,1.0,40.0,1,1,1
1423,69.0,3.0,11.0,1.0,0,126.0,0.0,53.0,0,1,1
1424,19.0,1.0,16.0,1.0,3,49.0,0.0,40.0,0,1,0
1425,41.0,5.0,6.0,2.0,1,6.0,0.0,40.0,0,1,0
1426,54.0,1.0,22.0,1.0,0,46.0,0.0,45.0,1,0,1
1427,86.0,5.0,22.0,1.0,0,104.0,0.0,84.0,1,1,1
1428,54.0,8.0,20.0,1.0,3,49.0,0.0,50.0,0,1,1
1429,35.0,1.0,19.0,1.0,2,49.0,0.0,50.0,1,0,1
1430,38.0,1.0,19.0,3.0,0,49.0,0.0,58.0,1,1,0
1431,70.0,1.0,20.0,1.0,0,49.0,1.0,40.0,1,1,0
1432,57.0,1.0,16.0,5.0,4,49.0,0.0,20.0,0,1,0
1433,56.0,1.0,22.0,1.0,0,49.0,1.0,40.0,1,1,1
1434,27.0,8.0,4.0,3.0,1,11.0,0.0,40.0,1,0,1
1435,74.0,1.0,20.0,1.0,0,40.0,1.0,50.0,0,0,1
1436,80.0,3.0,19.0,5.0,3,49.0,16.0,60.0,0,1,0
1437,50.0,1.0,19.0,1.0,2,49.0,0.0,40.0,1,1,1
1438,74.0,1.0,19.0,5.0,4,6.0,2.0,99.0,0,1,0
1439,66.0,1.0,16.0,5.0,1,49.0,14.0,66.0,0,0,0
1440,40.0,1.0,4.0,5.0,1,49.0,2.0,40.0,0,1,0
1441,87.0,1.0,20.0,1.0,2,370.0,0.0,50.0,1,1,1
1442,74.0,1.0,18.0,1.0,3,109.0,1.0,50.0,0,1,1
1443,40.0,1.0,20.0,1.0,0,49.0,1.0,40.0,0,1,0
1444,87.0,1.0,16.0,1.0,1,49.0,1.0,20.0,0,1,0
1445,37.0,1.0,18.0,1.0,4,211.0,0.0,40.0,1,1,1
1446,75.0,1.0,11.0,1.0,4,49.0,1.0,40.0,0,1,0
1447,36.0,5.0,19.0,5.0,1,49.0,12.0,40.0,0,0,0
1448,84.0,3.0,21.0,5.0,0,163.0,9.0,20.0,0,1,0
1449,20.0,1.0,16.0,5.0,4,49.0,10.0,8.0,0,1,0
1450,33.0,3.0,21.0,5.0,0,49.0,11.0,40.0,0,1,0
1451,83.0,1.0,19.0,5.0,2,119.0,2.0,40.0,1,1,1
1452,41.0,1.0,20.0,1.0,2,19.0,0.0,3.0,1,1,1
1453,31.0,1.0,21.0,1.0,0,49.0,0.0,50.0,1,1,1
1454,46.0,1.0,18.0,1.0,3,49.0,0.0,40.0,0,1,1
1455,39.0,2.0,16.0,1.0,2,49.0,1.0,45.0,1,1,1
1456,22.0,1.0,22.0,1.0,0,205.0,0.0,70.0,0,1,1
1457,28.0,1.0,21.0,5.0,1,148.0,2.0,13.0,0,1,0
1458,52.0,3.0,21.0,1.0,0,49.0,0.0,45.0,0,1,1
1459,45.0,1.0,18.0,1.0,0,49.0,0.0,40.0,1,1,0
1460,20.0,1.0,19.0,5.0,0,49.0,6.0,40.0,0,1,0
1461,47.0,1.0,21.0,5.0,1,49.0,0.0,66.0,0,1,0
1462,27.0,5.0,16.0,5.0,4,9.0,1.0,90.0,1,1,0
1463,43.0,1.0,16.0,5.0,2,49.0,12.0,40.0,0,1,0
1464,46.0,4.0,21.0,1.0,0,235.0,1.0,45.0,1,1,1
1465,66.0,1.0,24.0,1.0,0,49.0,1.0,80.0,0,1,1
1466,35.0,2.0,19.0,5.0,3,49.0,0.0,20.0,0,1,0
1467,59.0,1.0,22.0,1.0,0,301.0,1.0,40.0,0,1,1
1468,86.0,4.0,19.0,1.0,1,49.0,1.0,40.0,0,1,1
1469,74.0,5.0,21.0,1.0,0,213.0,1.0,40.0,1,1,1
1470,25.0,3.0,18.0,5.0,0,13.0,2.0,35.0,0,1,0
1471,65.0,4.0,21.0,1.0,0,49.0,1.0,16.0,1,1,1
1472,74.0,5.0,16.0,5.0,1,49.0,2.0,40.0,0,1,0
1473,26.0,1.0,17.0,5.0,2,49.0,11.0,47.0,1,1,0
1474,51.0,1.0,16.0,1.0,4,312.0,0.0,20.0,0,1,0
1475,25.0,1.0,16.0,5.0,4,49.0,7.0,40.0,0,1,0
1476,41.0,1.0,19.0,5.0,0,49.0,2.0,40.0,0,1,0
1477,56.0,1.0,12.0,5.0,4,49.0,0.0,80.0,0,1,1
1478,68.0,1.0,23.0,5.0,4,49.0,2.0,40.0,0,1,0
1479,92.0,1.0,22.0,1.0,2,6.0,0.0,40.0,1,1,1
1480,79.0,3.0,21.0,1.0,1,49.0,1.0,66.0,0,1,0
1481,46.0,1.0,21.0,1.0,1,368.0,7.0,40.0,1,1,1
1482,51.0,1.0,22.0,1.0,0,249.0,1.0,50.0,0,1,1
1483,38.0,4.0,18.0,5.0,2,30.0,7.0,40.0,1,0,0
1484,64.0,1.0,16.0,1.0,2,35.0,1.0,22.0,1,1,0
1485,35.0,2.0,19.0,5.0,2,49.0,9.0,40.0,0,1,0
1486,47.0,3.0,18.0,3.0,4,117.0,14.0,40.0,0,1,0
1487,33.0,1.0,16.0,5.0,4,49.0,2.0,40.0,0,0,0
1488,50.0,1.0,16.0,1.0,4,2.0,0.0,40.0,1,1,1
1489,40.0,1.0,18.0,1.0,1,55.0,0.0,40.0,0,1,0
1490,20.0,1.0,19.0,1.0,3,49.0,1.0,40.0,1,1,1
1491,53.0,8.0,16.0,1.0,1,49.0,1.0,40.0,0,1,0
1492,21.0,1.0,22.0,1.0,0,49.0,1.0,40.0,1,1,1
1493,35.0,1.0,16.0,1.0,1,49.0,0.0,40.0,1,1,1
1494,34.0,1.0,19.0,1.0,2,206.0,0.0,4.0,1,1,0
1495,81.0,1.0,16.0,1.0,4,49.0,0.0,20.0,1,1,0
1496,57.0,2.0,21.0,1.0,0,49.0,0.0,40.0,1,1,1
1497,21.0,1.0,21.0,1.0,2,205.0,1.0,75.0,0,1,0
1498,66.0,1.0,21.0,5.0,1,48.0,0.0,20.0,0,1,0
1499,19.0,5.0,21.0,1.0,0,56.0,1.0,35.0,1,1,1
1500,34.0,1.0,16.0,5.0,2,49.0,1.0,40.0,0,1,0
1501,27.0,1.0,16.0,1.0,4,6.0,0.0,40.0,1,1,0
1502,83.0,1.0,19.0,5.0,3,365.0,12.0,40.0,0,1,0
1503,37.0,1.0,20.0,5.0,1,49.0,2.0,39.0,0,1,0
1504,35.0,1.0,16.0,1.0,4,22.0,0.0,40.0,0,1,0
1505,21.0,1.0,19.0,1.0,4,162.0,0.0,40.0,1,1,1
1506,53.0,2.0,16.0,3.0,3,49.0,0.0,33.0,0,1,0
1507,31.0,1.0,18.0,1.0,2,49.0,0.0,50.0,0,1,1
1508,45.0,4.0,20.0,5.0,2,49.0,0.0,57.0,0,0,0
1509,26.0,1.0,22.0,1.0,2,49.0,1.0,6.0,0,1,0
1510,18.0,3.0,21.0,1.0,0,149.0,0.0,44.0,1,1,1
1511,58.0,1.0,19.0,1.0,2,72.0,2.0,40.0,0,1,1
1512,76.0,1.0,19.0,1.0,2,6.0,1.0,40.0,1,1,1
1513,22.0,1.0,8.0,5.0,1,49.0,10.0,40.0,0,1,0
1514,21.0,1.0,22.0,1.0,0,49.0,0.0,8.0,0,1,1
1515,21.0,1.0,23.0,1.0,4,224.0,0.0,68.0,1,1,1
1516,50.0,1.0,19.0,1.0,1,49.0,0.0,40.0,1,1,1
1517,78.0,1.0,19.0,1.0,4,137.0,0.0,40.0,1,1,1
1518,42.0,2.0,21.0,5.0,0,49.0,2.0,45.0,1,1,1
1519,70.0,3.0,16.0,1.0,4,49.0,0.0,12.0,0,1,0
1520,48.0,5.0,19.0,1.0,3,229.0,8.0,20.0,0,1,0
1521,29.0,1.0,22.0,5.0,2,311.0,17.0,99.0,1,1,1
1522,86.0,1.0,20.0,1.0,2,49.0,1.0,33.0,1,1,1
1523,86.0,1.0,16.0,1.0,3,49.0,1.0,40.0,1,1,1
1524,18.0,1.0,16.0,1.0,3,49.0,1.0,46.0,0,0,1
1525,63.0,1.0,21.0,1.0,2,203.0,1.0,20.0,0,1,0
1526,20.0,1.0,21.0,5.0,2,49.0,11.0,20.0,1,1,0
1527,26.0,1.0,18.0,1.0,0,416.0,0.0,40.0,1,1,1
1528,87.0,3.0,18.0,1.0,1,49.0,1.0,50.0,0,1,1
1529,19.0,1.0,11.0,1.0,1,6.0,0.0,7.0,1,1,1
1530,86.0,1.0,18.0,1.0,2,49.0,1.0,40.0,0,1,0
1531,18.0,1.0,19.0,1.0,2,49.0,0.0,40.0,1,1,1
1532,68.0,1.0,19.0,3.0,4,49.0,0.0,8.0,1,1,1
1533,21.0,1.0,16.0,1.0,2,327.0,1.0,40.0,1,1,1
1534,65.0,1.0,20.0,1.0,2,134.0,1.0,68.0,1,1,1
1535,67.0,1.0,19.0,5.0,2,6.0,2.0,12.0,0,1,0
1536,60.0,1.0,22.0,3.0,0,49.0,3.0,40.0,0,1,1
1537,52.0,1.0,21.0,3.0,0,49.0,0.0,40.0,1,1,1
1538,27.0,1.0,20.0,1.0,2,49.0,0.0,20.0,1,0,1
1539,25.0,1.0,19.0,1.0,5,158.0,0.0,14.0,1,1,0
1540,25.0,1.0,16.0,5.0,3,49.0,3.0,50.0,1,1,1
1541,40.0,1.0,19.0,3.0,2,49.0,0.0,56.0,0,0,0
1542,49.0,1.0,22.0,5.0,2,60.0,17.0,50.0,0,1,1
1543,24.0,2.0,19.0,1.0,2,49.0,0.0,45.0,1,1,1
1544,58.0,1.0,16.0,1.0,2,6.0,17.0,84.0,1,1,1
1545,80.0,1.0,16.0,5.0,2,49.0,14.0,53.0,0,0,0
1546,21.0,1.0,20.0,1.0,1,6.0,1.0,40.0,1,1,1
1547,61.0,1.0,21.0,1.0,0,314.0,1.0,40.0,1,1,1
1548,44.0,1.0,19.0,3.0,0,49.0,1.0,50.0,0,1,1
1549,59.0,3.0,18.0,5.0,0,44.0,2.0,12.0,0,1,0
1550,92.0,1.0,16.0,1.0,3,49.0,1.0,53.0,1,1,1
1551,39.0,1.0,24.0,5.0,0,49.0,0.0,40.0,1,1,0
1552,67.0,1.0,18.0,1.0,4,49.0,1.0,20.0,1,1,0
1553,26.0,1.0,22.0,5.0,0,49.0,2.0,40.0,1,1,0
1554,52.0,1.0,16.0,5.0,4,49.0,10.0,32.0,0,1,0
1555,73.0,1.0,21.0,1.0,0,527.0,0.0,48.0,0,1,0
1556,45.0,1.0,22.0,5.0,2,23.0,10.0,40.0,0,1,0
1557,73.0,3.0,22.0,1.0,0,6.0,0.0,54.0,0,1,0
1558,59.0,1.0,21.0,5.0,0,523.0,2.0,40.0,1,1,1
1559,48.0,1.0,21.0,1.0,0,49.0,1.0,52.0,0,1,1
1560,18.0,2.0,22.0,1.0,0,55.0,1.0,45.0,1,1,1
1561,40.0,1.0,20.0,5.0,2,49.0,2.0,72.0,0,1,0
1562,65.0,1.0,20.0,1.0,3,49.0,1.0,40.0,0,1,0
1563,43.0,3.0,24.0,5.0,0,49.0,15.0,20.0,1,1,0
1564,21.0,1.0,10.0,3.0,2,6.0,0.0,40.0,1,1,1
1565,18.0,2.0,21.0,3.0,0,414.0,0.0,40.0,1,1,1
1566,56.0,1.0,19.0,1.0,3,49.0,1.0,40.0,0,1,0
1567,18.0,1.0,16.0,1.0,3,49.0,0.0,52.0,1,0,0
1568,70.0,1.0,19.0,1.0,1,49.0,1.0,42.0,1,1,1
1569,38.0,1.0,19.0,3.0,2,49.0,0.0,40.0,0,1,0
1570,56.0,1.0,22.0,5.0,0,412.0,9.0,40.0,1,1,1
1571,68.0,1.0,20.0,5.0,1,240.0,0.0,50.0,1,1,1
1572,79.0,1.0,21.0,5.0,1,49.0,4.0,20.0,0,1,0
1573,21.0,6.0,19.0,1.0,1,329.0,1.0,96.0,1,1,0
1574,84.0,5.0,16.0,5.0,1,416.0,2.0,84.0,1,1,0
1575,44.0,5.0,20.0,1.0,1,49.0,14.0,40.0,0,1,1
1576,25.0,1.0,13.0,5.0,1,49.0,14.0,66.0,1,1,0
1577,84.0,4.0,20.0,1.0,0,6.0,1.0,15.0,1,1,1
1578,18.0,1.0,20.0,1.0,2,104.0,0.0,49.0,0,1,0
1579,65.0,1.0,16.0,1.0,3,301.0,1.0,20.0,1,1,0
1580,92.0,1.0,19.0,3.0,2,162.0,0.0,40.0,0,1,1
1581,58.0,3.0,18.0,1.0,5,49.0,0.0,20.0,0,1,0
1582,80.0,1.0,21.0,1.0,2,110.0,1.0,40.0,1,1,0
1583,42.0,1.0,22.0,1.0,0,44.0,1.0,40.0,1,1,0
1584,27.0,3.0,16.0,1.0,3,427.0,17.0,40.0,1,1,0
1585,70.0,1.0,20.0,1.0,2,49.0,1.0,19.0,1,1,0
1586,60.0,1.0,21.0,1.0,2,6.0,15.0,96.0,1,1,1
1587,35.0,6.0,21.0,1.0,0,49.0,0.0,40.0,0,0,1
1588,45.0,1.0,21.0,1.0,0,49.0,0.0,40.0,1,0,1
1589,32.0,4.0,16.0,1.0,2,49.0,0.0,50.0,1,1,1
1590,40.0,6.0,21.0,5.0,0,49.0,6.0,20.0,0,1,0
1591,75.0,7.0,18.0,5.0,-1,49.0,2.0,29.0,1,1,0
1592,64.0,1.0,19.0,1.0,4,49.0,0.0,40.0,1,1,1
1593,38.0,1.0,21.0,3.0,0,49.0,1.0,16.0,1,1,0
1594,81.0,1.0,21.0,5.0,2,49.0,17.0,84.0,1,1,0
1595,31.0,1.0,21.0,5.0,1,26.0,2.0,40.0,1,1,1
1596,52.0,1.0,22.0,1.0,0,372.0,0.0,45.0,0,1,0
1597,43.0,1.0,19.0,5.0,2,49.0,16.0,31.0,1,1,1
1598,18.0,7.0,16.0,1.0,3,137.0,1.0,40.0,1,1,1
1599,47.0,1.0,20.0,5.0,3,6.0,12.0,3.0,0,1,0
1600,65.0,1.0,19.0,1.0,1,103.0,1.0,20.0,0,1,0
1601,33.0,4.0,22.0,5.0,0,332.0,13.0,20.0,0,1,0
1602,58.0,1.0,13.0,1.0,1,6.0,1.0,55.0,0,0,0
1603,80.0,3.0,22.0,1.0,0,49.0,1.0,40.0,1,1,1
1604,65.0,1.0,23.0,5.0,0,451.0,2.0,40.0,1,1,0
1605,20.0,1.0,20.0,5.0,3,49.0,2.0,40.0,0,1,0
1606,54.0,1.0,18.0,1.0,0,440.0,1.0,40.0,1,1,1
1607,31.0,3.0,22.0,1.0,0,49.0,1.0,50.0,1,1,1
1608,21.0,1.0,19.0,1.0,2,6.0,1.0,50.0,0,1,1
1609,60.0,1.0,16.0,1.0,4,323.0,0.0,10.0,0,0,1
1610,86.0,3.0,20.0,1.0,0,207.0,1.0,40.0,1,1,1
1611,45.0,1.0,19.0,1.0,1,49.0,0.0,40.0,0,1,0
1612,69.0,2.0,19.0,5.0,2,49.0,3.0,85.0,0,1,0
1613,72.0,1.0,21.0,1.0,0,6.0,0.0,67.0,0,1,1
1614,57.0,2.0,20.0,1.0,0,49.0,1.0,40.0,0,1,0
1615,22.0,1.0,16.0,5.0,4,49.0,2.0,40.0,1,0,0
1616,84.0,1.0,21.0,1.0,0,49.0,0.0,40.0,0,1,1
1617,55.0,4.0,22.0,1.0,0,315.0,0.0,50.0,1,1,1
1618,18.0,1.0,21.0,5.0,2,49.0,8.0,20.0,1,1,0
1619,80.0,4.0,19.0,1.0,1,138.0,0.0,40.0,1,1,1
1620,27.0,1.0,21.0,3.0,0,49.0,0.0,50.0,1,1,1
1621,28.0,1.0,21.0,1.0,0,49.0,1.0,39.0,0,1,0
1622,25.0,3.0,9.0,1.0,0,49.0,0.0,50.0,0,1,1
1623,58.0,1.0,19.0,1.0,4,66.0,0.0,70.0,0,1,0
1624,80.0,2.0,21.0,1.0,0,24.0,1.0,45.0,1,1,1
1625,34.0,1.0,19.0,1.0,0,468.0,0.0,40.0,0,1,1
1626,47.0,7.0,19.0,1.0,4,49.0,0.0,9.0,0,1,0
1627,31.0,6.0,20.0,5.0,0,49.0,2.0,40.0,0,1,1
1628,63.0,1.0,16.0,1.0,1,6.0,0.0,82.0,0,1,0
1629,78.0,1.0,16.0,2.0,2,49.0,3.0,48.0,1,1,0
1630,64.0,1.0,20.0,1.0,3,164.0,0.0,40.0,0,1,0
1631,25.0,1.0,18.0,1.0,2,49.0,1.0,65.0,0,1,1
1632,54.0,4.0,22.0,5.0,0,49.0,0.0,40.0,1,1,1
1633,77.0,1.0,22.0,5.0,0,303.0,0.0,37.0,0,1,0
1634,18.0,1.0,4.0,5.0,4,313.0,16.0,40.0,0,1,0
1635,53.0,4.0,21.0,1.0,0,49.0,0.0,40.0,1,1,1
1636,63.0,6.0,19.0,1.0,0,315.0,0.0,40.0,0,1,0
1637,75.0,4.0,21.0,1.0,0,242.0,0.0,40.0,1,1,1
1638,69.0,3.0,21.0,1.0,0,49.0,0.0,34.0,0,1,0
1639,49.0,1.0,21.0,1.0,0,49.0,1.0,96.0,1,1,1
1640,62.0,1.0,21.0,3.0,0,49.0,0.0,6.0,0,1,0
1641,64.0,1.0,16.0,1.0,2,49.0,0.0,40.0,0,1,1
1642,38.0,1.0,16.0,5.0,4,49.0,9.0,5.0,0,0,0
1643,76.0,1.0,16.0,1.0,2,49.0,1.0,40.0,1,1,1
1644,30.0,6.0,21.0,1.0,1,49.0,1.0,30.0,1,1,1
1645,44.0,6.0,16.0,1.0,4,11.0,0.0,20.0,1,1,0
1646,37.0,3.0,21.0,5.0,-1,49.0,15.0,85.0,0,1,0
1647,56.0,1.0,21.0,3.0,0,236.0,0.0,54.0,1,1,0
1648,20.0,1.0,19.0,5.0,1,49.0,2.0,20.0,1,1,0
1649,77.0,1.0,18.0,1.0,3,49.0,0.0,82.0,0,1,1
1650,42.0,2.0,20.0,1.0,2,162.0,1.0,50.0,1,1,1
1651,49.0,2.0,2.0,1.0,2,47.0,0.0,40.0,0,1,1
1652,17.0,1.0,21.0,3.0,0,49.0,0.0,40.0,1,1,1
1653,87.0,1.0,21.0,1.0,0,6.0,0.0,20.0,1,1,0
1654,24.0,3.0,19.0,1.0,0,49.0,0.0,51.0,1,1,1
1655,66.0,1.0,21.0,1.0,0,132.0,1.0,9.0,1,1,0
1656,35.0,4.0,21.0,3.0,0,34.0,0.0,50.0,0,1,1
1657,31.0,1.0,18.0,3.0,1,49.0,0.0,78.0,1,1,0
1658,60.0,2.0,16.0,5.0,3,6.0,16.0,43.0,0,0,0
1659,23.0,1.0,16.0,1.0,4,49.0,0.0,40.0,1,1,1
1660,69.0,1.0,21.0,1.0,0,49.0,1.0,40.0,1,1,1
1661,22.0,1.0,21.0,1.0,0,243.0,0.0,40.0,0,1,1
1662,70.0,6.0,20.0,1.0,3,49.0,0.0,50.0,0,1,1
1663,25.0,1.0,20.0,1.0,1,224.0,0.0,40.0,1,1,0
1664,79.0,4.0,22.0,5.0,0,49.0,16.0,40.0,0,1,0
1665,92.0,1.0,22.0,5.0,0,49.0,5.0,40.0,1,1,1
1666,38.0,1.0,22.0,3.0,0,228.0,0.0,37.0,1,1,1
1667,38.0,6.0,23.0,5.0,1,56.0,0.0,40.0,0,1,0
1668,79.0,2.0,20.0,5.0,2,49.0,6.0,22.0,1,1,0
1669,61.0,1.0,22.0,1.0,0,116.0,0.0,80.0,1,0,0
1670,38.0,5.0,19.0,3.0,1,240.0,0.0,26.0,0,0,0
1671,62.0,1.0,21.0,1.0,2,53.0,1.0,40.0,1,1,1
1672,24.0,7.0,18.0,5.0,-1,119.0,9.0,40.0,0,1,0
1673,57.0,4.0,21.0,3.0,2,12.0,0.0,7.0,0,1,0
1674,42.0,6.0,16.0,2.0,3,449.0,0.0,20.0,1,1,0
1675,27.0,1.0,16.0,5.0,2,106.0,0.0,40.0,0,1,0
1676,39.0,1.0,15.0,1.0,2,49.0,1.0,99.0,1,1,0
1677,21.0,1.0,1.0,5.0,1,6.0,5.0,40.0,1,1,1
1678,71.0,1.0,21.0,1.0,0,49.0,1.0,30.0,1,1,1
1679,77.0,1.0,21.0,1.0,0,523.0,2.0,50.0,1,0,1
1680,41.0,1.0,16.0,1.0,4,49.0,0.0,40.0,1,1,1
1681,30.0,1.0,24.0,3.0,1,49.0,0.0,25.0,1,1,1
1682,44.0,1.0,4.0,5.0,1,49.0,2.0,40.0,0,1,0
1683,58.0,1.0,22.0,3.0,0,49.0,0.0,45.0,0,1,0
1684,32.0,1.0,20.0,1.0,3,49.0,1.0,50.0,1,1,1
1685,77.0,6.0,8.0,1.0,2,19.0,1.0,40.0,0,1,0
1686,18.0,1.0,16.0,5.0,1,49.0,0.0,11.0,1,1,0
1687,20.0,1.0,16.0,5.0,4,49.0,1.0,40.0,1,1,0
1688,28.0,1.0,16.0,5.0,4,49.0,8.0,40.0,1,1,1
1689,43.0,1.0,21.0,5.0,1,49.0,16.0,40.0,0,1,0
1690,58.0,1.0,19.0,5.0,4,9.0,2.0,53.0,1,1,0
1691,73.0,1.0,20.0,1.0,0,206.0,0.0,40.0,0,1,1
1692,21.0,1.0,21.0,1.0,0,49.0,0.0,14.0,1,1,1
1693,84.0,3.0,22.0,1.0,0,49.0,1.0,40.0,1,1,1
1694,29.0,4.0,19.0,1.0,0,222.0,0.0,50.0,0,1,1
1695,38.0,4.0,22.0,5.0,2,368.0,2.0,26.0,1,1,0
1696,22.0,1.0,19.0,1.0,1,49.0,2.0,40.0,0,1,0
1697,44.0,1.0,16.0,1.0,2,49.0,1.0,40.0,0,1,1
1698,21.0,8.0,22.0,3.0,0,49.0,0.0,8.0,1,1,0
1699,19.0,1.0,19.0,1.0,4,6.0,0.0,82.0,1,1,1
1700,45.0,1.0,22.0,3.0,0,49.0,0.0,40.0,0,1,1
1701,32.0,1.0,20.0,1.0,0,49.0,1.0,40.0,1,1,1
1702,38.0,3.0,4.0,3.0,0,209.0,0.0,40.0,1,1,1
1703,39.0,7.0,1.0,5.0,4,49.0,0.0,13.0,1,1,0
1704,75.0,1.0,19.0,1.0,1,139.0,1.0,54.0,0,1,0
1705,28.0,2.0,19.0,1.0,3,6.0,0.0,40.0,1,0,1
1706,60.0,1.0,18.0,1.0,3,49.0,1.0,40.0,0,1,0
1707,25.0,1.0,21.0,1.0,0,49.0,5.0,35.0,1,1,1
1708,28.0,1.0,4.0,1.0,0,6.0,7.0,40.0,1,1,0
1709,26.0,6.0,19.0,1.0,2,312.0,0.0,40.0,0,0,1
1710,66.0,1.0,21.0,1.0,2,49.0,1.0,46.0,0,1,0
1711,67.0,7.0,24.0,3.0,5,49.0,0.0,20.0,1,1,0
1712,81.0,4.0,21.0,1.0,2,49.0,1.0,52.0,0,1,0
1713,34.0,3.0,16.0,1.0,3,417.0,0.0,10.0,1,1,0
1714,62.0,1.0,19.0,5.0,4,49.0,2.0,40.0,1,1,1
1715,21.0,7.0,13.0,3.0,0,6.0,0.0,45.0,1,1,1
1716,72.0,1.0,20.0,1.0,0,26.0,1.0,50.0,1,1,1
1717,92.0,7.0,6.0,1.0,5,49.0,0.0,40.0,0,1,0
1718,43.0,1.0,16.0,1.0,2,49.0,0.0,40.0,1,1,1
1719,79.0,1.0,21.0,1.0,0,49.0,1.0,31.0,1,0,0
1720,25.0,1.0,16.0,1.0,1,49.0,0.0,20.0,1,1,0
1721,71.0,7.0,12.0,1.0,1,47.0,1.0,40.0,0,1,1
1722,77.0,1.0,19.0,1.0,4,49.0,0.0,45.0,1,1,1
1723,45.0,1.0,19.0,1.0,2,6.0,0.0,40.0,0,1,1
1724,43.0,1.0,23.0,1.0,0,49.0,0.0,58.0,1,1,1
1725,78.0,1.0,19.0,1.0,0,49.0,1.0,40.0,1,1,1
1726,19.0,4.0,15.0,5.0,1,49.0,2.0,22.0,1,1,0
1727,73.0,1.0,20.0,5.0,0,49.0,14.0,40.0,0,1,0
1728,27.0,3.0,16.0,1.0,3,25.0,0.0,45.0,1,1,0
1729,58.0,3.0,21.0,5.0,-1,49.0,17.0,53.0,1,1,0
1730,58.0,6.0,16.0,5.0,2,414.0,0.0,44.0,1,1,0
1731,81.0,7.0,19.0,1.0,1,49.0,0.0,96.0,0,1,1
1732,73.0,5.0,13.0,1.0,1,34.0,1.0,40.0,0,1,0
1733,30.0,1.0,16.0,1.0,1,49.0,0.0,40.0,1,1,1
1734,54.0,1.0,4.0,5.0,2,49.0,1.0,84.0,0,1,0
1735,67.0,1.0,20.0,1.0,0,523.0,0.0,40.0,1,0,1
1736,33.0,3.0,19.0,3.0,4,39.0,0.0,88.0,1,1,1
1737,23.0,4.0,18.0,5.0,2,49.0,2.0,88.0,0,1,0
1738,55.0,3.0,21.0,1.0,0,6.0,0.0,54.0,0,1,0
1739,28.0,1.0,16.0,1.0,4,49.0,0.0,42.0,1,1,1
1740,87.0,1.0,18.0,1.0,4,49.0,1.0,62.0,1,0,1
1741,84.0,1.0,19.0,1.0,2,231.0,1.0,19.0,1,1,0
1742,19.0,3.0,21.0,4.0,0,49.0,0.0,75.0,0,0,0
1743,75.0,1.0,16.0,1.0,2,49.0,0.0,50.0,1,1,1
1744,53.0,5.0,21.0,3.0,0,427.0,0.0,40.0,1,1,1
1745,67.0,1.0,19.0,5.0,2,515.0,4.0,40.0,0,1,0
1746,61.0,1.0,1.0,1.0,0,49.0,0.0,40.0,1,1,1
1747,37.0,7.0,16.0,1.0,4,49.0,1.0,59.0,1,1,0
1748,28.0,2.0,16.0,1.0,3,117.0,3.0,40.0,1,0,0
1749,23.0,1.0,20.0,1.0,2,1.0,1.0,50.0,1,1,1
1750,59.0,1.0,21.0,3.0,2,149.0,0.0,40.0,0,1,0
1751,63.0,2.0,21.0,1.0,0,49.0,0.0,17.0,0,1,1
1752,43.0,1.0,17.0,5.0,1,47.0,17.0,15.0,1,1,0
1753,57.0,1.0,16.0,2.0,1,49.0,2.0,21.0,1,1,0
1754,27.0,5.0,16.0,1.0,1,6.0,1.0,50.0,1,1,1
1755,43.0,1.0,20.0,1.0,0,41.0,0.0,40.0,0,1,1
1756,44.0,7.0,19.0,5.0,4,215.0,0.0,20.0,0,1,0
1757,19.0,1.0,16.0,1.0,2,6.0,0.0,40.0,0,1,1
1758,36.0,1.0,16.0,5.0,3,40.0,15.0,40.0,1,1,0
1759,69.0,1.0,21.0,1.0,2,49.0,14.0,53.0,0,1,1
1760,64.0,1.0,9.0,1.0,0,49.0,1.0,45.0,1,1,1
1761,79.0,1.0,21.0,1.0,0,49.0,0.0,40.0,0,1,1
1762,26.0,1.0,19.0,1.0,0,49.0,0.0,40.0,1,0,1
1763,48.0,1.0,19.0,1.0,4,160.0,1.0,40.0,0,0,1
1764,33.0,1.0,18.0,1.0,0,50.0,0.0,20.0,1,1,1
1765,25.0,1.0,24.0,5.0,0,314.0,2.0,40.0,0,1,1
1766,18.0,1.0,21.0,3.0,2,49.0,0.0,54.0,0,1,0
1767,58.0,1.0,18.0,1.0,4,49.0,1.0,40.0,0,1,0
1768,57.0,1.0,16.0,1.0,1,412.0,0.0,57.0,0,1,0
1769,42.0,8.0,13.0,1.0,1,311.0,1.0,40.0,1,1,0
1770,31.0,1.0,21.0,1.0,2,215.0,1.0,40.0,0,1,1
1771,20.0,3.0,19.0,5.0,1,49.0,5.0,19.0,0,1,0
1772,21.0,2.0,18.0,3.0,0,6.0,0.0,40.0,1,1,1
1773,68.0,5.0,16.0,5.0,3,150.0,2.0,60.0,0,1,0
1774,19.0,8.0,18.0,1.0,0,49.0,2.0,36.0,1,1,1
1775,38.0,2.0,16.0,3.0,3,49.0,14.0,40.0,0,1,1
1776,92.0,4.0,21.0,1.0,2,139.0,0.0,65.0,0,1,0
1777,42.0,1.0,20.0,5.0,2,49.0,2.0,20.0,0,1,0
1778,36.0,1.0,14.0,1.0,0,211.0,0.0,22.0,1,1,1
1779,65.0,1.0,12.0,1.0,4,49.0,1.0,40.0,0,1,0
1780,74.0,1.0,18.0,5.0,1,49.0,0.0,15.0,1,1,0
1781,52.0,1.0,16.0,5.0,4,119.0,14.0,39.0,1,1,0
1782,43.0,1.0,21.0,1.0,1,49.0,1.0,34.0,0,1,0
1783,57.0,3.0,21.0,1.0,0,1.0,1.0,40.0,1,1,1
1784,79.0,1.0,18.0,1.0,1,49.0,1.0,43.0,0,1,0
1785,17.0,7.0,20.0,1.0,1,49.0,1.0,40.0,0,1,0
1786,58.0,4.0,21.0,5.0,2,203.0,6.0,45.0,0,1,1
1787,73.0,3.0,18.0,5.0,0,467.0,12.0,96.0,1,1,0
1788,44.0,5.0,19.0,5.0,3,49.0,12.0,40.0,0,1,0
1789,73.0,4.0,19.0,1.0,1,49.0,0.0,35.0,0,1,0
1790,20.0,2.0,20.0,5.0,3,49.0,3.0,40.0,0,1,0
1791,23.0,1.0,22.0,5.0,0,49.0,15.0,20.0,0,1,1
1792,83.0,1.0,19.0,1.0,4,5.0,0.0,40.0,0,1,1
1793,71.0,2.0,21.0,1.0,0,49.0,0.0,40.0,1,1,0
1794,51.0,5.0,22.0,5.0,0,49.0,2.0,40.0,1,1,1
1795,29.0,4.0,19.0,3.0,0,49.0,0.0,40.0,0,1,1
1796,25.0,1.0,22.0,1.0,2,440.0,1.0,40.0,1,1,0
1797,43.0,6.0,19.0,1.0,0,49.0,1.0,40.0,0,1,1
1798,28.0,4.0,22.0,1.0,0,49.0,1.0,58.0,1,1,1
1799,35.0,6.0,16.0,5.0,1,49.0,16.0,45.0,1,1,0
1800,75.0,4.0,18.0,1.0,3,249.0,0.0,40.0,0,1,0
1801,28.0,1.0,16.0,1.0,2,49.0,0.0,40.0,1,1,0
1802,22.0,1.0,19.0,1.0,0,49.0,0.0,40.0,0,1,1
1803,50.0,1.0,16.0,1.0,3,6.0,0.0,40.0,0,1,0
1804,33.0,3.0,7.0,1.0,0,126.0,3.0,40.0,1,1,1
1805,79.0,2.0,20.0,1.0,2,149.0,0.0,40.0,1,1,1
1806,36.0,6.0,20.0,1.0,1,27.0,0.0,16.0,0,1,0
1807,76.0,2.0,19.0,1.0,0,150.0,0.0,20.0,1,1,0
1808,69.0,1.0,16.0,5.0,2,49.0,2.0,33.0,1,1,0
1809,27.0,7.0,19.0,1.0,1,523.0,0.0,40.0,1,1,1
1810,51.0,3.0,13.0,5.0,4,527.0,0.0,19.0,1,1,0
1811,54.0,1.0,16.0,5.0,3,49.0,2.0,40.0,0,1,0
1812,37.0,2.0,20.0,5.0,2,49.0,2.0,20.0,0,1,0
1813,45.0,1.0,18.0,1.0,1,49.0,0.0,40.0,0,1,0
1814,47.0,1.0,17.0,1.0,4,245.0,0.0,40.0,0,1,1
1815,25.0,2.0,19.0,1.0,0,117.0,1.0,40.0,1,1,1
1816,25.0,1.0,20.0,5.0,2,2.0,0.0,40.0,0,1,0
1817,47.0,3.0,21.0,1.0,0,368.0,0.0,40.0,0,1,0
1818,28.0,1.0,21.0,5.0,2,49.0,2.0,20.0,0,1,0
1819,34.0,3.0,21.0,5.0,0,49.0,6.0,52.0,0,0,0
1820,63.0,7.0,16.0,1.0,3,49.0,4.0,40.0,0,1,0
1821,37.0,1.0,16.0,5.0,2,126.0,4.0,75.0,1,1,0
1822,67.0,1.0,19.0,1.0,2,18.0,0.0,53.0,0,1,0
1823,25.0,8.0,16.0,1.0,3,12.0,0.0,40.0,1,1,1
1824,38.0,7.0,18.0,5.0,-1,30.0,9.0,40.0,0,1,0
1825,57.0,1.0,19.0,1.0,0,6.0,1.0,62.0,0,1,0
1826,56.0,1.0,16.0,1.0,2,49.0,0.0,20.0,0,1,0
1827,44.0,1.0,18.0,5.0,4,134.0,0.0,14.0,1,1,0
1828,18.0,1.0,19.0,5.0,1,314.0,2.0,8.0,0,1,0
1829,45.0,1.0,22.0,1.0,0,49.0,1.0,40.0,1,1,1
1830,79.0,1.0,22.0,1.0,0,49.0,0.0,6.0,1,1,1
1831,39.0,1.0,20.0,1.0,0,242.0,1.0,40.0,1,1,0
1832,21.0,2.0,16.0,1.0,3,109.0,0.0,46.0,1,1,1
1833,21.0,1.0,19.0,5.0,4,6.0,2.0,40.0,0,1,0
1834,69.0,2.0,22.0,1.0,0,223.0,1.0,45.0,1,1,1
1835,58.0,1.0,16.0,1.0,1,49.0,1.0,40.0,1,1,1
1836,80.0,7.0,16.0,5.0,3,158.0,2.0,50.0,0,1,1
1837,17.0,4.0,19.0,5.0,0,32.0,0.0,40.0,1,0,1
1838,20.0,3.0,21.0,5.0,5,49.0,2.0,48.0,1,1,0
1839,79.0,7.0,12.0,5.0,1,49.0,17.0,9.0,1,1,0
1840,25.0,2.0,18.0,1.0,0,49.0,0.0,40.0,1,1,1
1841,45.0,1.0,2.0,5.0,0,44.0,17.0,40.0,1,1,0
1842,55.0,1.0,21.0,1.0,0,242.0,0.0,40.0,1,1,1
1843,74.0,1.0,16.0,5.0,3,49.0,15.0,40.0,1,1,0
1844,76.0,1.0,16.0,5.0,4,4.0,16.0,85.0,1,1,0
1845,38.0,1.0,16.0,5.0,2,49.0,2.0,19.0,1,0,0
1846,52.0,4.0,18.0,1.0,1,49.0,1.0,20.0,0,1,0
1847,45.0,1.0,21.0,3.0,0,23.0,0.0,40.0,0,1,1
1848,36.0,1.0,13.0,1.0,1,49.0,1.0,20.0,0,1,1
1849,43.0,1.0,21.0,5.0,0,49.0,8.0,45.0,1,1,0
1850,51.0,1.0,22.0,1.0,0,49.0,1.0,40.0,0,1,1
1851,36.0,1.0,21.0,1.0,2,49.0,1.0,40.0,1,1,1
1852,30.0,1.0,16.0,1.0,4,312.0,1.0,6.0,1,1,0
1853,83.0,2.0,16.0,1.0,3,449.0,0.0,40.0,1,1,1
1854,87.0,7.0,18.0,1.0,-1,49.0,1.0,50.0,0,1,0
1855,56.0,1.0,19.0,5.0,0,49.0,2.0,20.0,0,1,0
1856,83.0,2.0,19.0,1.0,2,49.0,1.0,84.0,0,1,1
1857,55.0,1.0,18.0,1.0,2,323.0,0.0,11.0,1,1,1
1858,92.0,1.0,18.0,1.0,4,49.0,0.0,88.0,1,1,0
1859,31.0,6.0,18.0,5.0,1,16.0,16.0,28.0,0,1,0
1860,45.0,1.0,21.0,1.0,2,203.0,0.0,46.0,0,1,0
1861,25.0,1.0,21.0,1.0,1,4.0,1.0,40.0,0,1,0
1862,19.0,1.0,19.0,1.0,4,158.0,1.0,18.0,1,1,0
1863,87.0,1.0,18.0,5.0,1,327.0,9.0,40.0,1,1,0
1864,23.0,1.0,16.0,1.0,4,49.0,1.0,40.0,0,1,0
1865,61.0,5.0,21.0,1.0,0,126.0,0.0,40.0,1,1,0
1866,25.0,4.0,21.0,1.0,0,55.0,1.0,28.0,0,1,1
1867,34.0,1.0,18.0,1.0,1,49.0,0.0,40.0,1,0,0
1868,57.0,1.0,19.0,1.0,1,50.0,1.0,50.0,0,1,1
1869,69.0,1.0,18.0,5.0,-1,49.0,4.0,55.0,0,1,0
1870,22.0,1.0,20.0,1.0,2,49.0,1.0,40.0,0,1,0
1871,21.0,1.0,19.0,5.0,2,249.0,2.0,40.0,0,1,1
1872,57.0,1.0,20.0,1.0,2,49.0,1.0,27.0,0,1,0
1873,52.0,1.0,21.0,5.0,2,128.0,2.0,40.0,0,0,1
1874,61.0,4.0,21.0,5.0,1,49.0,0.0,40.0,1,1,0
1875,55.0,1.0,19.0,1.0,4,49.0,1.0,45.0,1,1,1
1876,86.0,1.0,16.0,5.0,3,49.0,2.0,45.0,1,1,0
1877,48.0,4.0,21.0,1.0,0,49.0,1.0,40.0,0,1,0
1878,40.0,1.0,16.0,5.0,2,25.0,2.0,40.0,0,0,0
1879,43.0,1.0,18.0,1.0,3,49.0,0.0,15.0,0,1,0
1880,78.0,1.0,18.0,1.0,0,49.0,0.0,45.0,0,1,1
1881,62.0,3.0,19.0,5.0,1,215.0,16.0,20.0,0,1,0
1882,25.0,5.0,20.0,5.0,3,49.0,0.0,42.0,1,1,1
1883,31.0,1.0,20.0,1.0,3,427.0,0.0,40.0,1,1,1
1884,48.0,1.0,20.0,5.0,2,459.0,1.0,40.0,0,1,1
1885,73.0,3.0,21.0,1.0,0,206.0,1.0,40.0,0,0,0
1886,30.0,1.0,19.0,1.0,2,23.0,0.0,27.0,1,1,0
1887,36.0,1.0,4.0,1.0,0,49.0,1.0,20.0,1,1,0
1888,68.0,1.0,21.0,3.0,0,49.0,0.0,50.0,0,1,1
1889,35.0,2.0,16.0,5.0,3,49.0,2.0,20.0,0,1,0
1890,25.0,3.0,21.0,5.0,1,49.0,0.0,88.0,1,1,0
1891,61.0,1.0,22.0,1.0,0,49.0,17.0,40.0,0,1,1
1892,81.0,1.0,19.0,1.0,3,49.0,0.0,20.0,0,1,0
1893,80.0,1.0,21.0,1.0,0,49.0,0.0,80.0,1,1,0
1894,19.0,2.0,20.0,1.0,0,49.0,0.0,40.0,0,1,1
1895,58.0,1.0,21.0,5.0,2,49.0,2.0,20.0,0,1,0
1896,25.0,8.0,16.0,5.0,3,49.0,6.0,40.0,1,1,1
1897,35.0,1.0,21.0,5.0,0,467.0,9.0,50.0,1,1,1
1898,38.0,1.0,19.0,3.0,1,49.0,0.0,20.0,0,1,0
1899,81.0,4.0,19.0,1.0,0,238.0,0.0,23.0,1,1,1
1900,64.0,4.0,19.0,1.0,5,49.0,0.0,68.0,0,1,0
1901,52.0,1.0,21.0,1.0,0,49.0,1.0,50.0,1,1,1
1902,61.0,1.0,20.0,1.0,2,49.0,1.0,59.0,1,1,0
1903,76.0,1.0,21.0,3.0,2,49.0,0.0,20.0,1,1,0
1904,87.0,3.0,21.0,5.0,1,128.0,2.0,50.0,1,1,0
1905,92.0,1.0,13.0,1.0,2,49.0,16.0,40.0,0,1,1
1906,66.0,1.0,19.0,5.0,4,49.0,1.0,57.0,1,1,0
1907,41.0,8.0,13.0,1.0,0,49.0,1.0,50.0,1,1,1
1908,58.0,1.0,16.0,1.0,4,217.0,1.0,45.0,1,1,1
1909,26.0,6.0,14.0,5.0,1,369.0,14.0,40.0,1,1,0
1910,64.0,3.0,21.0,1.0,0,49.0,0.0,50.0,1,1,1
1911,17.0,8.0,19.0,5.0,1,515.0,2.0,40.0,1,1,0
1912,32.0,1.0,19.0,1.0,2,360.0,1.0,40.0,0,0,1
1913,32.0,8.0,21.0,1.0,0,49.0,1.0,10.0,1,1,1
1914,92.0,7.0,23.0,1.0,1,6.0,0.0,40.0,0,1,1
1915,70.0,1.0,16.0,2.0,4,440.0,0.0,21.0,0,1,0
1916,67.0,1.0,20.0,1.0,0,49.0,0.0,45.0,1,1,1
1917,39.0,1.0,20.0,1.0,0,6.0,0.0,19.0,1,0,0
1918,49.0,1.0,21.0,1.0,2,49.0,0.0,5.0,0,0,0
1919,86.0,4.0,19.0,1.0,2,49.0,1.0,40.0,1,1,1
1920,61.0,7.0,18.0,1.0,1,49.0,0.0,40.0,1,1,1
1921,54.0,2.0,16.0,5.0,2,8.0,2.0,20.0,0,1,0
1922,80.0,1.0,16.0,3.0,4,240.0,0.0,40.0,1,1,1
1923,31.0,2.0,17.0,4.0,0,468.0,2.0,3.0,1,0,0
1924,26.0,2.0,16.0,1.0,3,449.0,2.0,50.0,1,1,1
1925,38.0,5.0,19.0,3.0,0,301.0,0.0,40.0,1,0,1
1926,40.0,4.0,11.0,1.0,0,49.0,0.0,40.0,1,1,1
1927,72.0,6.0,19.0,1.0,2,72.0,1.0,40.0,0,1,1
1928,22.0,1.0,2.0,1.0,0,6.0,0.0,40.0,0,1,1
1929,33.0,3.0,22.0,1.0,0,49.0,1.0,2.0,1,1,1
1930,31.0,1.0,23.0,1.0,1,49.0,0.0,45.0,1,1,1
1931,38.0,4.0,20.0,3.0,0,440.0,1.0,40.0,1,0,1
1932,37.0,3.0,19.0,5.0,4,6.0,1.0,35.0,1,1,0
1933,47.0,1.0,20.0,5.0,2,49.0,2.0,54.0,0,1,0
1934,34.0,1.0,16.0,3.0,2,49.0,6.0,82.0,0,1,0
1935,39.0,1.0,21.0,1.0,0,49.0,0.0,50.0,1,1,1
1936,62.0,1.0,16.0,1.0,2,49.0,1.0,40.0,1,1,1
1937,21.0,1.0,19.0,3.0,0,49.0,0.0,17.0,1,1,1
1938,79.0,1.0,18.0,1.0,1,6.0,0.0,91.0,1,1,1
1939,80.0,1.0,1.0,5.0,0,49.0,2.0,66.0,0,1,0
1940,67.0,1.0,16.0,5.0,4,49.0,2.0,20.0,0,1,0
1941,83.0,1.0,19.0,1.0,1,49.0,0.0,88.0,1,0,1
1942,31.0,1.0,2.0,1.0,0,49.0,1.0,43.0,1,1,1
1943,25.0,1.0,1.0,1.0,4,105.0,0.0,45.0,0,1,1
1944,72.0,1.0,16.0,5.0,1,49.0,17.0,12.0,0,1,0
1945,33.0,1.0,21.0,5.0,2,49.0,2.0,40.0,1,1,1
1946,64.0,1.0,21.0,1.0,0,49.0,1.0,40.0,0,0,1
1947,38.0,1.0,16.0,5.0,4,8.0,8.0,24.0,1,1,0
1948,26.0,3.0,18.0,5.0,0,49.0,2.0,40.0,1,1,0
1949,35.0,1.0,17.0,3.0,-1,49.0,0.0,6.0,0,1,0
1950,55.0,1.0,19.0,5.0,4,49.0,2.0,65.0,0,1,0
1951,36.0,4.0,21.0,1.0,0,49.0,1.0,32.0,0,1,0
1952,70.0,1.0,18.0,1.0,-1,49.0,1.0,40.0,1,1,0
1953,25.0,4.0,20.0,1.0,0,49.0,0.0,70.0,1,1,1
1954,44.0,5.0,22.0,1.0,0,49.0,1.0,91.0,0,1,1
1955,81.0,3.0,13.0,1.0,0,49.0,0.0,50.0,0,1,1
1956,50.0,1.0,21.0,1.0,0,34.0,1.0,40.0,0,1,1
1957,19.0,1.0,16.0,5.0,4,49.0,0.0,40.0,1,1,1
1958,48.0,1.0,22.0,1.0,0,6.0,1.0,40.0,0,1,1
1959,81.0,1.0,19.0,5.0,4,49.0,15.0,54.0,0,1,0
1960,41.0,6.0,21.0,1.0,0,49.0,0.0,40.0,1,1,1
1961,38.0,1.0,16.0,3.0,3,49.0,0.0,8.0,0,0,1
1962,86.0,3.0,18.0,1.0,0,49.0,0.0,40.0,0,1,0
1963,66.0,1.0,16.0,5.0,2,49.0,0.0,40.0,1,0,1
1964,76.0,1.0,20.0,1.0,1,523.0,0.0,50.0,1,1,1
1965,41.0,1.0,16.0,3.0,3,49.0,0.0,6.0,0,1,0
1966,35.0,1.0,16.0,1.0,3,49.0,1.0,13.0,1,1,1
1967,47.0,1.0,16.0,1.0,1,49.0,0.0,7.0,0,1,0
1968,59.0,6.0,21.0,1.0,1,49.0,1.0,32.0,0,1,0
1969,72.0,1.0,10.0,5.0,0,6.0,2.0,40.0,1,1,0
1970,87.0,1.0,21.0,5.0,0,49.0,2.0,40.0,0,0,0
1971,26.0,1.0,18.0,1.0,1,49.0,0.0,40.0,0,1,0
1972,53.0,4.0,21.0,1.0,0,49.0,1.0,55.0,1,1,1
1973,25.0,1.0,4.0,1.0,0,49.0,0.0,56.0,1,1,1
1974,47.0,1.0,20.0,5.0,0,49.0,5.0,35.0,1,1,0
1975,34.0,1.0,17.0,5.0,1,49.0,2.0,91.0,1,1,0
1976,22.0,1.0,21.0,1.0,0,49.0,1.0,51.0,1,1,0
1977,83.0,1.0,16.0,1.0,3,200.0,0.0,84.0,0,1,0
1978,46.0,1.0,21.0,5.0,1,233.0,11.0,20.0,1,1,1
1979,21.0,1.0,16.0,3.0,3,6.0,0.0,40.0,1,1,0
1980,84.0,4.0,21.0,1.0,0,49.0,0.0,45.0,1,1,1
1981,24.0,1.0,19.0,1.0,0,49.0,1.0,40.0,0,1,0
1982,77.0,1.0,16.0,5.0,4,17.0,16.0,58.0,0,1,0
1983,74.0,6.0,19.0,1.0,3,24.0,2.0,40.0,1,1,1
1984,25.0,1.0,20.0,5.0,2,19.0,16.0,48.0,0,1,0
1985,36.0,1.0,22.0,5.0,0,49.0,2.0,13.0,0,1,0
1986,83.0,1.0,21.0,1.0,0,49.0,1.0,40.0,0,1,1
1987,21.0,1.0,21.0,5.0,2,6.0,2.0,46.0,1,1,0
1988,81.0,1.0,20.0,1.0,2,39.0,0.0,50.0,0,1,1
1989,21.0,3.0,16.0,1.0,1,6.0,0.0,40.0,0,1,0
1990,36.0,3.0,21.0,1.0,0,462.0,0.0,45.0,0,1,0
1991,38.0,4.0,8.0,5.0,0,49.0,8.0,41.0,1,0,0
1992,73.0,3.0,21.0,1.0,0,49.0,1.0,25.0,1,1,1
1993,21.0,7.0,21.0,3.0,1,235.0,0.0,40.0,0,1,0
1994,86.0,2.0,21.0,1.0,2,53.0,0.0,50.0,0,1,0
1995,83.0,1.0,16.0,1.0,4,139.0,0.0,50.0,0,1,1
1996,62.0,1.0,10.0,3.0,0,116.0,0.0,40.0,0,1,1
1997,51.0,1.0,16.0,3.0,3,49.0,0.0,50.0,1,1,1
1998,72.0,1.0,16.0,1.0,3,49.0,1.0,50.0,0,1,1
1999,61.0,1.0,19.0,1.0,0,49.0,0.0,40.0,1,1,1
2000,29.0,8.0,21.0,1.0,2,49.0,1.0,40.0,1,1,0
2001,75.0,1.0,23.0,1.0,4,49.0,1.0,45.0,1,1,0
2002,26.0,7.0,20.0,3.0,3,6.0,0.0,65.0,1,0,1
2003,53.0,1.0,19.0,1.0,3,45.0,0.0,54.0,0,1,1
2004,21.0,4.0,19.0,3.0,0,6.0,0.0,40.0,1,1,1
2005,35.0,4.0,18.0,5.0,0,49.0,2.0,46.0,0,1,0
2006,36.0,1.0,18.0,1.0,0,49.0,0.0,40.0,1,1,1
2007,76.0,4.0,18.0,1.0,2,49.0,1.0,29.0,1,1,1
2008,58.0,1.0,24.0,5.0,1,49.0,14.0,40.0,1,1,0
2009,75.0,1.0,8.0,3.0,4,49.0,0.0,40.0,0,1,0
2010,67.0,1.0,22.0,1.0,0,49.0,0.0,50.0,1,1,1
2011,78.0,1.0,18.0,1.0,2,49.0,0.0,56.0,1,1,1
2012,29.0,1.0,19.0,1.0,2,49.0,1.0,40.0,1,0,1
2013,58.0,2.0,20.0,3.0,2,132.0,1.0,35.0,1,1,1
2014,35.0,1.0,21.0,5.0,0,49.0,1.0,40.0,1,1,0
2015,74.0,1.0,21.0,5.0,2,368.0,2.0,46.0,0,1,0
2016,80.0,1.0,18.0,1.0,2,104.0,1.0,10.0,0,1,0
2017,67.0,1.0,19.0,1.0,1,48.0,2.0,29.0,0,1,0
2018,73.0,1.0,19.0,1.0,0,313.0,1.0,45.0,1,0,0
2019,74.0,4.0,22.0,1.0,0,49.0,1.0,41.0,1,1,1
2020,30.0,1.0,19.0,3.0,0,49.0,0.0,40.0,1,1,1
2021,76.0,1.0,7.0,1.0,0,49.0,0.0,10.0,1,1,1
2022,22.0,7.0,19.0,1.0,3,6.0,1.0,20.0,0,1,0
2023,21.0,7.0,16.0,3.0,3,6.0,0.0,40.0,1,1,1
2024,53.0,1.0,20.0,1.0,3,49.0,2.0,40.0,0,0,0
2025,30.0,3.0,10.0,3.0,1,11.0,0.0,40.0,0,1,0
2026,18.0,1.0,21.0,5.0,0,49.0,2.0,40.0,0,1,0
2027,46.0,1.0,22.0,3.0,0,228.0,0.0,37.0,1,1,0
2028,46.0,1.0,16.0,1.0,4,49.0,0.0,40.0,0,1,0
2029,79.0,1.0,19.0,5.0,1,207.0,2.0,20.0,0,1,0
2030,30.0,2.0,16.0,1.0,2,42.0,1.0,40.0,0,1,0
2031,47.0,5.0,10.0,1.0,0,49.0,1.0,40.0,1,1,1
2032,80.0,1.0,19.0,5.0,1,49.0,11.0,40.0,0,1,0
2033,51.0,1.0,21.0,5.0,0,49.0,15.0,40.0,0,1,1
2034,44.0,4.0,12.0,5.0,1,49.0,6.0,45.0,1,1,0
2035,70.0,1.0,5.0,1.0,0,110.0,0.0,42.0,0,1,0
2036,57.0,2.0,4.0,1.0,0,6.0,1.0,7.0,1,1,0
2037,72.0,1.0,18.0,5.0,4,49.0,2.0,51.0,1,1,0
2038,64.0,1.0,5.0,1.0,2,49.0,0.0,40.0,0,1,1
2039,82.0,1.0,9.0,1.0,0,40.0,0.0,20.0,0,1,0
2040,59.0,2.0,20.0,1.0,0,36.0,0.0,50.0,0,1,1
2041,82.0,1.0,21.0,1.0,0,49.0,0.0,50.0,1,1,1
2042,21.0,4.0,22.0,1.0,0,6.0,1.0,21.0,1,1,1
2043,60.0,1.0,7.0,1.0,0,49.0,0.0,50.0,1,1,1
2044,37.0,1.0,18.0,1.0,4,235.0,1.0,40.0,0,1,0
2045,39.0,2.0,20.0,5.0,0,49.0,0.0,40.0,1,1,0
2046,71.0,7.0,20.0,1.0,3,49.0,0.0,20.0,0,1,0
2047,54.0,2.0,18.0,1.0,3,6.0,0.0,40.0,0,1,1
2048,38.0,1.0,19.0,3.0,1,49.0,0.0,40.0,0,0,1
2049,38.0,1.0,16.0,3.0,3,49.0,0.0,45.0,0,0,1
2050,49.0,2.0,16.0,1.0,3,49.0,1.0,20.0,1,1,1
2051,22.0,1.0,21.0,4.0,5,231.0,2.0,18.0,0,1,0
2052,26.0,1.0,21.0,1.0,0,49.0,1.0,40.0,1,1,1
2053,20.0,1.0,18.0,1.0,1,49.0,0.0,40.0,1,1,1
2054,30.0,1.0,20.0,5.0,0,49.0,13.0,50.0,1,1,0
2055,53.0,1.0,19.0,4.0,4,49.0,0.0,8.0,0,1,0
2056,28.0,1.0,8.0,3.0,-1,6.0,0.0,70.0,1,0,0
2057,17.0,1.0,22.0,1.0,0,49.0,1.0,50.0,0,1,1
2058,25.0,1.0,21.0,5.0,0,49.0,2.0,33.0,0,1,0
2059,21.0,3.0,21.0,1.0,1,6.0,0.0,40.0,0,1,0
2060,81.0,4.0,20.0,5.0,0,35.0,0.0,32.0,0,0,0
2061,38.0,1.0,16.0,3.0,2,21.0,0.0,40.0,1,0,1
2062,92.0,1.0,19.0,4.0,4,49.0,0.0,52.0,1,1,0
2063,42.0,1.0,20.0,1.0,0,329.0,1.0,50.0,1,1,1
2064,42.0,3.0,18.0,5.0,0,49.0,13.0,72.0,1,1,0
2065,20.0,1.0,21.0,5.0,0,49.0,2.0,90.0,0,1,0
2066,28.0,8.0,19.0,1.0,1,49.0,0.0,40.0,0,0,0
2067,27.0,1.0,21.0,1.0,0,49.0,2.0,40.0,1,0,1
2068,65.0,1.0,18.0,1.0,4,49.0,0.0,40.0,0,1,1
2069,87.0,1.0,21.0,5.0,0,49.0,0.0,88.0,0,1,0
2070,21.0,1.0,19.0,3.0,2,49.0,0.0,40.0,1,1,1
2071,81.0,4.0,19.0,1.0,1,368.0,0.0,40.0,0,1,0
2072,45.0,1.0,19.0,4.0,4,49.0,0.0,40.0,0,1,0
2073,42.0,1.0,20.0,5.0,3,134.0,17.0,40.0,0,0,0
2074,73.0,4.0,19.0,1.0,-1,49.0,0.0,96.0,0,1,0
2075,23.0,1.0,19.0,1.0,2,49.0,0.0,40.0,0,1,1
2076,23.0,5.0,19.0,1.0,3,49.0,0.0,40.0,1,1,1
2077,44.0,1.0,19.0,1.0,1,242.0,1.0,40.0,1,1,1
2078,69.0,1.0,21.0,1.0,0,49.0,0.0,11.0,1,1,1
2079,60.0,1.0,21.0,1.0,0,49.0,1.0,40.0,1,1,1
2080,62.0,1.0,21.0,5.0,0,103.0,9.0,40.0,1,1,0
2081,27.0,5.0,16.0,1.0,2,49.0,1.0,91.0,0,1,0
2082,79.0,3.0,19.0,1.0,3,49.0,17.0,40.0,0,1,1
2083,70.0,1.0,12.0,5.0,0,49.0,2.0,40.0,0,1,0
2084,59.0,2.0,21.0,2.0,0,6.0,2.0,45.0,1,1,0
2085,43.0,4.0,19.0,5.0,1,126.0,13.0,80.0,0,1,0
2086,20.0,1.0,18.0,5.0,4,49.0,3.0,20.0,1,1,0
2087,84.0,1.0,18.0,5.0,-1,49.0,11.0,85.0,0,1,0
2088,63.0,1.0,20.0,1.0,2,36.0,1.0,36.0,1,1,0
2089,37.0,4.0,4.0,3.0,0,49.0,0.0,40.0,0,1,1
2090,86.0,4.0,16.0,5.0,2,49.0,2.0,96.0,0,1,0
2091,22.0,1.0,16.0,1.0,2,49.0,2.0,40.0,0,1,0
2092,24.0,1.0,16.0,1.0,3,49.0,0.0,42.0,1,1,1
2093,57.0,1.0,13.0,1.0,4,49.0,1.0,40.0,0,1,1
2094,69.0,1.0,19.0,1.0,4,49.0,1.0,40.0,1,1,0
2095,28.0,1.0,22.0,5.0,0,49.0,2.0,40.0,1,1,1
2096,41.0,1.0,22.0,5.0,2,213.0,8.0,19.0,1,0,1
2097,47.0,3.0,20.0,5.0,3,6.0,15.0,24.0,1,1,1
2098,18.0,1.0,19.0,1.0,2,49.0,0.0,26.0,1,1,0
2099,32.0,1.0,21.0,1.0,0,49.0,0.0,40.0,1,1,1
2100,76.0,2.0,5.0,3.0,0,6.0,0.0,40.0,0,1,0
2101,22.0,3.0,22.0,5.0,0,6.0,2.0,40.0,1,1,1
2102,34.0,4.0,21.0,1.0,0,6.0,0.0,40.0,1,1,0
2103,21.0,3.0,17.0,5.0,1,49.0,2.0,75.0,1,1,0
2104,70.0,1.0,19.0,5.0,3,49.0,12.0,40.0,0,1,0
2105,66.0,2.0,16.0,5.0,2,49.0,14.0,40.0,1,1,1
2106,92.0,2.0,21.0,5.0,0,49.0,2.0,70.0,1,1,0
2107,50.0,1.0,22.0,5.0,2,164.0,2.0,40.0,0,0,0
2108,67.0,4.0,20.0,3.0,0,459.0,0.0,1.0,1,1,1
2109,52.0,3.0,13.0,1.0,0,49.0,0.0,62.0,0,1,1
2110,46.0,1.0,20.0,1.0,1,49.0,0.0,40.0,1,1,0
2111,35.0,1.0,19.0,1.0,2,49.0,0.0,48.0,0,0,1
2112,21.0,1.0,16.0,1.0,4,6.0,1.0,40.0,1,1,1
2113,31.0,1.0,21.0,5.0,1,49.0,7.0,65.0,1,0,0
2114,81.0,1.0,20.0,5.0,2,49.0,17.0,52.0,1,0,0
2115,18.0,1.0,20.0,5.0,0,49.0,17.0,31.0,0,1,0
2116,57.0,1.0,16.0,1.0,2,49.0,0.0,40.0,0,1,0
2117,34.0,1.0,18.0,1.0,1,49.0,1.0,40.0,0,1,0
2118,62.0,7.0,21.0,1.0,5,13.0,0.0,40.0,0,1,0
2119,58.0,2.0,20.0,1.0,2,49.0,12.0,29.0,1,1,1
2120,46.0,2.0,21.0,5.0,0,49.0,2.0,20.0,1,1,0
2121,41.0,1.0,18.0,1.0,4,49.0,0.0,40.0,0,1,0
2122,78.0,1.0,24.0,1.0,0,49.0,0.0,40.0,1,1,1
2123,70.0,1.0,11.0,1.0,1,11.0,1.0,40.0,0,1,0
2124,64.0,1.0,21.0,1.0,1,49.0,1.0,40.0,1,1,1
2125,87.0,3.0,21.0,3.0,0,6.0,0.0,40.0,0,1,1
2126,20.0,1.0,20.0,5.0,2,18.0,9.0,40.0,0,1,0
2127,48.0,7.0,18.0,1.0,5,16.0,0.0,54.0,1,1,0
2128,66.0,7.0,21.0,5.0,5,49.0,17.0,40.0,0,1,0
2129,36.0,1.0,22.0,5.0,0,49.0,0.0,40.0,1,1,1
2130,75.0,1.0,16.0,1.0,2,46.0,17.0,54.0,1,1,1
2131,21.0,1.0,19.0,1.0,2,6.0,0.0,44.0,0,1,0
2132,74.0,1.0,16.0,5.0,2,49.0,6.0,52.0,1,1,0
2133,82.0,4.0,21.0,3.0,0,49.0,0.0,45.0,0,1,1
2134,21.0,1.0,21.0,5.0,2,6.0,2.0,38.0,0,1,0
2135,23.0,1.0,16.0,2.0,3,28.0,0.0,40.0,0,1,0
2136,71.0,3.0,21.0,1.0,0,49.0,0.0,43.0,1,1,1
2137,32.0,5.0,19.0,1.0,4,207.0,1.0,40.0,0,1,1
2138,24.0,1.0,19.0,1.0,0,49.0,1.0,56.0,0,1,0
2139,27.0,1.0,10.0,5.0,0,105.0,7.0,20.0,1,1,0
2140,32.0,1.0,19.0,5.0,2,49.0,2.0,1.0,1,1,0
2141,80.0,1.0,16.0,1.0,3,105.0,0.0,40.0,1,1,1
2142,36.0,4.0,19.0,5.0,3,49.0,13.0,40.0,1,1,0
2143,21.0,7.0,19.0,1.0,4,211.0,1.0,70.0,1,1,0
2144,17.0,1.0,21.0,1.0,0,49.0,1.0,40.0,0,1,1
2145,66.0,4.0,19.0,3.0,2,238.0,0.0,39.0,1,1,0
2146,56.0,1.0,16.0,5.0,1,49.0,6.0,30.0,1,1,0
2147,36.0,1.0,19.0,5.0,2,49.0,0.0,82.0,1,1,0
2148,60.0,2.0,21.0,1.0,0,49.0,1.0,43.0,0,1,0
2149,26.0,1.0,16.0,1.0,2,49.0,1.0,53.0,0,1,1
2150,34.0,2.0,16.0,1.0,3,49.0,1.0,34.0,1,1,0
2151,25.0,2.0,21.0,5.0,2,49.0,10.0,40.0,1,1,0
2152,45.0,1.0,20.0,1.0,0,16.0,0.0,20.0,1,1,1
2153,27.0,1.0,19.0,1.0,2,162.0,0.0,14.0,0,1,0
2154,75.0,1.0,19.0,5.0,1,23.0,0.0,25.0,0,1,0
2155,50.0,1.0,13.0,1.0,4,49.0,0.0,28.0,1,1,0
2156,61.0,2.0,21.0,1.0,0,49.0,1.0,50.0,1,1,1
2157,22.0,1.0,10.0,1.0,0,205.0,0.0,40.0,1,1,1
2158,18.0,1.0,21.0,1.0,0,49.0,1.0,50.0,1,1,1
2159,67.0,1.0,16.0,5.0,4,436.0,0.0,51.0,0,0,0
2160,18.0,1.0,19.0,1.0,4,49.0,0.0,40.0,1,1,1
2161,36.0,6.0,20.0,1.0,3,440.0,0.0,57.0,1,1,1
2162,25.0,1.0,21.0,1.0,0,373.0,1.0,45.0,1,1,1
2163,31.0,1.0,13.0,5.0,2,49.0,2.0,40.0,0,1,0
2164,76.0,1.0,22.0,1.0,2,6.0,0.0,15.0,0,1,0
2165,49.0,8.0,13.0,3.0,0,217.0,12.0,85.0,1,1,1
2166,50.0,5.0,22.0,5.0,0,365.0,0.0,20.0,1,1,0
2167,73.0,1.0,22.0,5.0,0,369.0,2.0,78.0,1,1,0
2168,43.0,8.0,16.0,1.0,3,49.0,1.0,40.0,0,1,1
2169,17.0,3.0,19.0,3.0,0,49.0,0.0,40.0,1,1,1
2170,73.0,3.0,21.0,5.0,5,236.0,10.0,20.0,1,1,0
2171,41.0,1.0,20.0,3.0,2,49.0,0.0,72.0,0,1,0
2172,17.0,1.0,5.0,1.0,0,132.0,0.0,40.0,1,1,1
2173,49.0,1.0,1.0,5.0,2,49.0,0.0,75.0,0,1,1
2174,83.0,1.0,21.0,1.0,2,49.0,0.0,50.0,0,0,1
2175,60.0,1.0,21.0,1.0,2,49.0,0.0,34.0,1,1,0
2176,28.0,1.0,19.0,1.0,2,49.0,0.0,40.0,0,1,1
2177,73.0,7.0,19.0,1.0,1,49.0,1.0,20.0,0,1,0
2178,37.0,1.0,16.0,1.0,4,323.0,0.0,28.0,0,0,0
2179,31.0,1.0,8.0,1.0,0,49.0,0.0,45.0,0,1,1
2180,57.0,1.0,19.0,1.0,3,5.0,0.0,20.0,0,1,0
2181,21.0,1.0,19.0,1.0,2,6.0,0.0,40.0,1,1,1
2182,81.0,1.0,16.0,1.0,2,49.0,0.0,10.0,0,1,0
2183,17.0,1.0,4.0,5.0,1,369.0,2.0,40.0,0,1,0
2184,23.0,1.0,16.0,3.0,2,6.0,0.0,20.0,1,1,0
2185,41.0,2.0,22.0,1.0,0,511.0,0.0,40.0,0,1,1
2186,24.0,1.0,18.0,5.0,4,72.0,2.0,9.0,1,1,0
2187,47.0,1.0,22.0,2.0,2,49.0,0.0,24.0,0,0,0
2188,61.0,4.0,16.0,1.0,1,49.0,0.0,50.0,1,0,0
2189,64.0,8.0,16.0,1.0,2,6.0,1.0,40.0,0,1,0
2190,81.0,6.0,21.0,1.0,1,329.0,1.0,20.0,0,1,0
2191,52.0,2.0,19.0,1.0,0,49.0,1.0,40.0,0,1,0
2192,19.0,8.0,22.0,1.0,0,49.0,1.0,75.0,0,1,0
2193,35.0,2.0,21.0,1.0,2,6.0,1.0,58.0,0,1,1
2194,78.0,1.0,16.0,1.0,4,16.0,0.0,40.0,1,1,1
2195,71.0,1.0,20.0,1.0,0,49.0,1.0,82.0,1,1,1
2196,72.0,1.0,21.0,5.0,0,245.0,2.0,12.0,1,1,0
2197,64.0,8.0,19.0,1.0,1,49.0,1.0,40.0,1,1,1
2198,48.0,1.0,21.0,3.0,0,49.0,0.0,20.0,1,1,0
2199,23.0,6.0,21.0,1.0,0,233.0,0.0,40.0,1,1,1
2200,54.0,1.0,19.0,5.0,2,49.0,8.0,42.0,1,0,1
2201,21.0,1.0,22.0,1.0,0,417.0,1.0,40.0,0,1,0
2202,40.0,1.0,22.0,1.0,0,6.0,0.0,8.0,1,0,1
2203,55.0,4.0,22.0,1.0,0,311.0,0.0,40.0,1,1,1
2204,75.0,8.0,18.0,3.0,0,49.0,0.0,45.0,1,0,1
2205,45.0,1.0,21.0,3.0,0,49.0,0.0,21.0,1,1,1
2206,36.0,1.0,20.0,5.0,2,49.0,2.0,75.0,0,0,1
2207,80.0,1.0,20.0,1.0,2,6.0,0.0,40.0,1,1,1
2208,63.0,8.0,18.0,1.0,2,49.0,0.0,56.0,0,1,1
2209,92.0,1.0,21.0,5.0,1,23.0,13.0,1.0,0,0,0
2210,33.0,1.0,4.0,5.0,0,49.0,2.0,45.0,0,1,1
2211,74.0,2.0,18.0,1.0,3,49.0,1.0,99.0,0,0,0
2212,76.0,1.0,16.0,1.0,2,49.0,1.0,20.0,1,1,0
2213,27.0,1.0,21.0,1.0,1,49.0,1.0,40.0,1,1,1
2214,81.0,4.0,21.0,1.0,0,49.0,0.0,40.0,1,1,1
2215,76.0,1.0,22.0,1.0,0,127.0,1.0,40.0,0,1,1
2216,20.0,8.0,19.0,5.0,1,49.0,2.0,20.0,0,1,0
2217,43.0,1.0,18.0,1.0,4,417.0,0.0,2.0,1,1,0
2218,64.0,1.0,20.0,1.0,3,163.0,1.0,40.0,1,1,0
2219,58.0,8.0,20.0,1.0,0,16.0,0.0,50.0,1,1,1
2220,27.0,1.0,19.0,1.0,1,49.0,0.0,20.0,1,1,1
2221,78.0,1.0,16.0,1.0,4,49.0,0.0,45.0,0,1,1
2222,32.0,6.0,19.0,1.0,1,49.0,1.0,50.0,0,1,0
2223,44.0,1.0,19.0,1.0,4,53.0,0.0,40.0,0,1,0
2224,50.0,1.0,19.0,1.0,3,49.0,0.0,40.0,1,1,1
2225,87.0,1.0,21.0,5.0,0,312.0,4.0,40.0,0,1,0
2226,65.0,1.0,20.0,5.0,2,49.0,2.0,20.0,0,1,0
2227,22.0,1.0,16.0,1.0,3,149.0,1.0,32.0,0,1,0
2228,48.0,1.0,21.0,5.0,0,49.0,2.0,78.0,0,1,1
2229,58.0,6.0,20.0,1.0,3,200.0,0.0,22.0,0,1,0
2230,87.0,2.0,19.0,5.0,3,6.0,2.0,58.0,1,1,1
2231,17.0,1.0,21.0,2.0,1,6.0,0.0,75.0,0,1,1
2232,36.0,5.0,12.0,1.0,0,49.0,0.0,50.0,1,1,1
2233,71.0,1.0,22.0,1.0,0,49.0,0.0,50.0,0,1,1
2234,35.0,1.0,21.0,1.0,0,136.0,1.0,45.0,1,1,1
2235,82.0,1.0,18.0,1.0,0,49.0,0.0,29.0,1,1,1
2236,53.0,1.0,21.0,1.0,0,49.0,1.0,50.0,0,1,1
2237,69.0,1.0,22.0,1.0,0,49.0,0.0,50.0,0,1,1
2238,31.0,5.0,16.0,1.0,2,49.0,9.0,65.0,0,1,0
2239,21.0,2.0,21.0,3.0,2,523.0,0.0,40.0,1,1,0
2240,50.0,4.0,1.0,5.0,2,49.0,5.0,88.0,1,1,1
2241,81.0,5.0,16.0,5.0,3,136.0,11.0,37.0,0,1,0
2242,19.0,1.0,18.0,5.0,0,49.0,2.0,40.0,1,0,1
2243,27.0,7.0,18.0,1.0,3,49.0,0.0,55.0,1,1,1
2244,77.0,2.0,21.0,5.0,0,49.0,0.0,40.0,0,1,1
2245,24.0,6.0,21.0,1.0,0,19.0,0.0,45.0,1,0,1
2246,74.0,1.0,19.0,1.0,3,49.0,0.0,40.0,1,1,0
2247,82.0,1.0,19.0,1.0,1,6.0,0.0,59.0,1,1,0
2248,75.0,1.0,22.0,1.0,0,49.0,1.0,20.0,0,1,0
2249,46.0,2.0,21.0,1.0,0,427.0,0.0,50.0,0,1,1
2250,53.0,1.0,18.0,1.0,4,48.0,0.0,96.0,0,1,0
2251,70.0,4.0,16.0,4.0,1,462.0,0.0,59.0,1,1,0
2252,17.0,1.0,20.0,3.0,3,49.0,0.0,85.0,1,1,0
2253,80.0,1.0,21.0,1.0,1,240.0,0.0,31.0,1,0,1
2254,57.0,1.0,21.0,1.0,0,370.0,1.0,20.0,1,1,1
2255,57.0,1.0,20.0,1.0,0,49.0,1.0,40.0,1,1,0
2256,38.0,2.0,16.0,3.0,3,49.0,5.0,40.0,0,1,1
2257,52.0,1.0,1.0,5.0,0,6.0,0.0,35.0,0,1,0
2258,80.0,1.0,22.0,3.0,0,49.0,0.0,4.0,1,0,1
2259,69.0,5.0,21.0,1.0,1,6.0,1.0,2.0,0,1,0
2260,68.0,3.0,20.0,1.0,0,49.0,1.0,40.0,0,1,0
2261,47.0,1.0,18.0,1.0,1,49.0,1.0,40.0,0,1,1
2262,60.0,1.0,16.0,5.0,3,6.0,0.0,3.0,0,1,0
2263,49.0,1.0,16.0,1.0,3,323.0,1.0,78.0,1,1,1
2264,26.0,1.0,19.0,1.0,1,6.0,1.0,18.0,1,1,1
2265,60.0,1.0,21.0,1.0,0,49.0,0.0,9.0,0,1,1
2266,68.0,2.0,16.0,1.0,2,49.0,1.0,60.0,0,1,0
2267,36.0,1.0,18.0,5.0,3,49.0,2.0,20.0,0,0,0
2268,23.0,3.0,19.0,2.0,1,41.0,0.0,33.0,1,1,0
2269,30.0,7.0,18.0,1.0,5,233.0,9.0,10.0,0,1,0
2270,36.0,4.0,19.0,1.0,1,49.0,0.0,20.0,0,1,0
2271,87.0,1.0,9.0,1.0,2,210.0,0.0,50.0,1,0,1
2272,24.0,1.0,21.0,1.0,5,49.0,0.0,40.0,1,1,0
2273,20.0,1.0,16.0,5.0,2,49.0,2.0,40.0,1,1,0
2274,19.0,1.0,16.0,5.0,2,49.0,15.0,40.0,1,1,1
2275,82.0,1.0,19.0,1.0,4,28.0,11.0,20.0,1,1,0
2276,87.0,1.0,18.0,1.0,4,233.0,0.0,9.0,1,1,1
2277,69.0,1.0,20.0,5.0,0,6.0,2.0,20.0,1,1,0
2278,57.0,1.0,20.0,1.0,2,49.0,9.0,40.0,1,1,1
2279,19.0,1.0,19.0,3.0,2,49.0,0.0,7.0,0,1,1
2280,75.0,1.0,16.0,5.0,2,468.0,2.0,40.0,0,1,0
2281,29.0,1.0,19.0,5.0,1,5.0,1.0,9.0,0,0,0
2282,61.0,1.0,19.0,5.0,2,55.0,17.0,40.0,0,1,0
2283,86.0,3.0,22.0,3.0,0,49.0,0.0,33.0,0,1,0
2284,81.0,8.0,19.0,5.0,0,49.0,2.0,40.0,0,0,0
2285,68.0,1.0,18.0,1.0,4,49.0,0.0,8.0,1,1,0
2286,54.0,3.0,20.0,3.0,0,49.0,0.0,40.0,0,1,1
2287,17.0,1.0,16.0,1.0,3,49.0,1.0,50.0,1,1,1
2288,82.0,1.0,16.0,1.0,3,467.0,0.0,40.0,1,1,0
2289,36.0,3.0,4.0,1.0,0,6.0,0.0,49.0,0,1,1
2290,83.0,1.0,24.0,1.0,1,104.0,0.0,40.0,0,1,0
2291,50.0,1.0,19.0,1.0,0,6.0,0.0,29.0,0,1,0
2292,36.0,1.0,16.0,1.0,2,27.0,4.0,53.0,1,1,1
2293,49.0,1.0,19.0,1.0,0,38.0,1.0,40.0,1,1,1
2294,49.0,3.0,22.0,1.0,0,231.0,0.0,67.0,0,1,1
2295,74.0,7.0,23.0,1.0,4,47.0,1.0,88.0,1,1,1
2296,38.0,1.0,21.0,3.0,2,49.0,0.0,11.0,1,0,1
2297,37.0,5.0,19.0,1.0,0,417.0,0.0,50.0,1,1,1
2298,46.0,1.0,16.0,1.0,1,49.0,0.0,40.0,1,1,1
2299,33.0,2.0,19.0,3.0,0,332.0,0.0,40.0,1,1,1
2300,21.0,2.0,22.0,5.0,2,148.0,15.0,34.0,1,1,0
2301,53.0,1.0,19.0,1.0,3,49.0,0.0,40.0,0,1,0
2302,52.0,1.0,19.0,1.0,1,47.0,0.0,27.0,0,1,0
2303,18.0,1.0,18.0,1.0,2,49.0,0.0,40.0,0,1,0
2304,73.0,2.0,7.0,1.0,0,49.0,1.0,40.0,1,1,1
2305,24.0,4.0,21.0,1.0,0,49.0,0.0,40.0,0,1,1
2306,20.0,1.0,16.0,5.0,1,49.0,15.0,12.0,1,1,0
2307,84.0,1.0,21.0,1.0,2,49.0,0.0,40.0,1,1,1
2308,69.0,1.0,21.0,4.0,2,49.0,0.0,2.0,1,1,1
2309,38.0,3.0,9.0,3.0,0,49.0,0.0,40.0,1,1,1
2310,55.0,3.0,11.0,1.0,0,158.0,0.0,38.0,1,1,1
2311,66.0,1.0,21.0,5.0,-1,127.0,2.0,20.0,0,1,0
2312,35.0,1.0,21.0,1.0,0,29.0,2.0,40.0,1,1,1
2313,38.0,1.0,21.0,3.0,0,416.0,0.0,45.0,1,1,1
2314,56.0,3.0,19.0,5.0,5,49.0,2.0,50.0,0,1,0
2315,20.0,1.0,21.0,5.0,2,49.0,17.0,40.0,0,1,0
2316,21.0,2.0,19.0,5.0,0,49.0,2.0,26.0,1,1,0
2317,49.0,1.0,9.0,1.0,0,31.0,1.0,40.0,1,1,1
2318,32.0,7.0,16.0,3.0,4,462.0,0.0,24.0,0,1,0
2319,54.0,1.0,19.0,1.0,4,15.0,1.0,38.0,0,1,0
2320,84.0,3.0,22.0,5.0,0,49.0,2.0,45.0,0,1,1
2321,54.0,1.0,18.0,1.0,4,49.0,0.0,40.0,0,1,1
2322,54.0,5.0,20.0,1.0,1,49.0,0.0,40.0,0,1,0
2323,25.0,1.0,11.0,1.0,1,313.0,1.0,29.0,0,1,0
2324,20.0,4.0,22.0,1.0,0,49.0,1.0,62.0,0,1,1
2325,33.0,4.0,18.0,5.0,1,236.0,16.0,40.0,0,1,0
2326,36.0,3.0,16.0,5.0,1,117.0,2.0,22.0,0,1,0
2327,38.0,1.0,16.0,3.0,4,49.0,1.0,40.0,1,0,1
2328,46.0,3.0,2.0,1.0,4,212.0,1.0,20.0,1,1,0
2329,18.0,1.0,19.0,5.0,0,49.0,12.0,45.0,1,1,1
2330,70.0,1.0,5.0,1.0,4,49.0,0.0,40.0,0,1,1
2331,67.0,1.0,20.0,1.0,2,45.0,0.0,38.0,0,1,1
2332,43.0,1.0,22.0,1.0,0,49.0,0.0,50.0,0,1,1
2333,84.0,1.0,7.0,1.0,4,49.0,0.0,50.0,1,1,1
2334,67.0,1.0,18.0,1.0,3,49.0,0.0,31.0,1,1,1
2335,19.0,1.0,16.0,5.0,2,468.0,13.0,24.0,0,1,0
2336,83.0,1.0,21.0,1.0,0,49.0,0.0,20.0,1,1,0
2337,83.0,6.0,19.0,5.0,4,49.0,12.0,20.0,1,1,0
2338,49.0,8.0,20.0,1.0,0,49.0,1.0,40.0,1,1,1
2339,54.0,3.0,21.0,1.0,0,49.0,0.0,20.0,1,1,0
2340,25.0,1.0,16.0,1.0,3,511.0,1.0,35.0,1,1,0
2341,50.0,1.0,18.0,1.0,1,6.0,0.0,40.0,1,1,1
2342,71.0,1.0,19.0,1.0,4,49.0,1.0,40.0,1,0,1
2343,29.0,3.0,5.0,1.0,0,49.0,2.0,50.0,0,1,1
2344,79.0,1.0,16.0,1.0,2,49.0,0.0,16.0,1,1,1
2345,21.0,3.0,18.0,5.0,5,160.0,2.0,21.0,1,1,0
2346,36.0,1.0,16.0,5.0,4,49.0,2.0,66.0,0,1,1
2347,25.0,1.0,19.0,1.0,4,49.0,1.0,45.0,1,1,1
2348,55.0,1.0,23.0,1.0,0,49.0,1.0,58.0,1,1,1
2349,79.0,1.0,16.0,1.0,4,49.0,1.0,40.0,0,1,1
2350,72.0,1.0,21.0,1.0,0,49.0,0.0,68.0,0,1,0
2351,81.0,3.0,21.0,1.0,0,49.0,1.0,40.0,1,0,1
2352,34.0,4.0,16.0,5.0,2,365.0,16.0,2.0,1,1,0
2353,24.0,1.0,19.0,5.0,1,56.0,2.0,40.0,0,1,0
2354,56.0,1.0,20.0,1.0,2,49.0,1.0,40.0,1,1,1
2355,78.0,1.0,19.0,5.0,2,372.0,13.0,20.0,1,1,0
2356,34.0,3.0,16.0,1.0,1,210.0,1.0,85.0,1,1,1
2357,41.0,1.0,16.0,1.0,4,48.0,2.0,39.0,0,1,0
2358,22.0,1.0,21.0,1.0,0,49.0,1.0,40.0,0,1,1
2359,54.0,1.0,9.0,3.0,1,49.0,0.0,40.0,0,1,0
2360,61.0,1.0,16.0,1.0,4,49.0,0.0,32.0,1,1,0
2361,21.0,1.0,22.0,5.0,0,206.0,14.0,40.0,1,1,0
2362,75.0,2.0,19.0,1.0,0,49.0,0.0,34.0,1,1,1
2363,34.0,1.0,16.0,1.0,3,49.0,0.0,59.0,0,1,0
2364,84.0,1.0,16.0,5.0,4,49.0,2.0,40.0,1,1,0
2365,40.0,1.0,16.0,3.0,4,6.0,0.0,20.0,0,1,0
2366,27.0,7.0,21.0,2.0,1,49.0,0.0,30.0,0,1,0
2367,87.0,1.0,5.0,1.0,0,329.0,1.0,40.0,1,1,1
2368,22.0,3.0,20.0,5.0,0,13.0,0.0,40.0,0,0,1
2369,46.0,1.0,20.0,5.0,2,49.0,2.0,20.0,0,1,0
2370,25.0,1.0,16.0,5.0,1,527.0,6.0,40.0,1,1,1
2371,24.0,3.0,22.0,5.0,0,49.0,0.0,45.0,0,1,0
2372,45.0,1.0,16.0,5.0,4,49.0,2.0,37.0,1,0,1
2373,87.0,1.0,19.0,5.0,2,49.0,2.0,11.0,0,1,0
2374,41.0,1.0,16.0,5.0,3,6.0,15.0,55.0,0,1,0
2375,29.0,1.0,1.0,1.0,0,49.0,0.0,50.0,1,0,1
2376,81.0,1.0,19.0,5.0,4,136.0,12.0,88.0,1,1,0
2377,68.0,7.0,18.0,1.0,4,49.0,0.0,68.0,0,1,1
2378,26.0,3.0,22.0,5.0,0,360.0,2.0,40.0,1,1,1
2379,84.0,6.0,21.0,1.0,2,39.0,1.0,45.0,1,1,1
2380,86.0,1.0,18.0,1.0,1,49.0,1.0,20.0,0,1,0
2381,44.0,1.0,19.0,5.0,2,468.0,8.0,40.0,1,1,1
2382,52.0,4.0,19.0,5.0,2,213.0,4.0,40.0,1,1,1
2383,54.0,1.0,21.0,1.0,1,49.0,16.0,40.0,1,1,1
2384,34.0,1.0,16.0,5.0,1,49.0,2.0,45.0,0,1,0
2385,76.0,1.0,18.0,5.0,2,139.0,2.0,45.0,1,1,0
2386,58.0,1.0,21.0,1.0,0,49.0,0.0,6.0,0,1,1
2387,58.0,1.0,19.0,1.0,2,49.0,1.0,14.0,0,1,0
2388,49.0,1.0,18.0,5.0,3,327.0,2.0,45.0,1,1,1
2389,20.0,1.0,21.0,5.0,2,49.0,2.0,88.0,0,1,0
2390,36.0,1.0,21.0,1.0,2,49.0,0.0,40.0,0,1,0
2391,36.0,1.0,16.0,1.0,3,134.0,0.0,40.0,1,1,0
2392,69.0,1.0,21.0,4.0,2,468.0,0.0,40.0,0,1,0
2393,26.0,1.0,22.0,1.0,2,49.0,0.0,40.0,0,1,1
2394,19.0,1.0,19.0,1.0,0,303.0,1.0,40.0,0,1,1
2395,49.0,1.0,2.0,1.0,2,6.0,0.0,9.0,1,1,1
2396,39.0,2.0,22.0,5.0,0,28.0,2.0,16.0,1,1,0
2397,17.0,1.0,21.0,1.0,0,49.0,1.0,9.0,0,1,1
2398,68.0,2.0,19.0,1.0,3,49.0,0.0,40.0,1,1,0
2399,23.0,4.0,21.0,1.0,2,49.0,2.0,40.0,1,1,1
2400,63.0,2.0,18.0,3.0,3,24.0,3.0,50.0,0,1,1
2401,73.0,1.0,19.0,1.0,-1,49.0,1.0,85.0,1,1,0
2402,34.0,1.0,19.0,1.0,2,49.0,1.0,26.0,0,1,0
2403,72.0,1.0,21.0,1.0,0,49.0,1.0,3.0,0,1,0
2404,78.0,3.0,13.0,5.0,1,501.0,5.0,40.0,0,1,0
2405,47.0,1.0,21.0,1.0,0,1.0,0.0,20.0,0,1,0
2406,74.0,1.0,16.0,1.0,2,49.0,1.0,59.0,1,1,1
2407,35.0,1.0,20.0,1.0,0,6.0,1.0,50.0,1,0,1
2408,22.0,6.0,21.0,1.0,0,49.0,1.0,22.0,1,1,0
2409,70.0,4.0,20.0,5.0,1,126.0,8.0,80.0,0,1,0
2410,62.0,1.0,16.0,3.0,4,49.0,0.0,66.0,1,1,1
2411,65.0,4.0,19.0,1.0,0,49.0,0.0,40.0,1,1,1
2412,57.0,2.0,20.0,1.0,0,362.0,0.0,40.0,1,1,1
2413,36.0,2.0,23.0,1.0,0,212.0,0.0,45.0,1,0,1
2414,70.0,4.0,4.0,1.0,2,49.0,1.0,20.0,1,1,0
2415,54.0,1.0,10.0,1.0,0,49.0,2.0,50.0,0,1,1
2416,66.0,1.0,19.0,1.0,0,372.0,1.0,47.0,1,0,0
2417,64.0,7.0,2.0,1.0,5,49.0,1.0,40.0,0,1,0
2418,18.0,4.0,21.0,1.0,0,6.0,0.0,52.0,0,1,0
2419,71.0,1.0,21.0,1.0,0,49.0,0.0,40.0,1,1,1
2420,76.0,1.0,22.0,5.0,0,162.0,16.0,40.0,0,1,1
2421,81.0,1.0,19.0,3.0,2,49.0,0.0,40.0,1,1,1
2422,38.0,1.0,19.0,3.0,2,49.0,0.0,40.0,1,0,1
2423,67.0,1.0,16.0,1.0,3,49.0,0.0,80.0,1,1,0
2424,58.0,2.0,19.0,3.0,2,132.0,0.0,62.0,0,1,0
2425,44.0,7.0,19.0,1.0,1,53.0,1.0,40.0,1,0,0
2426,68.0,1.0,21.0,1.0,2,49.0,0.0,50.0,1,1,1
2427,73.0,1.0,18.0,1.0,3,6.0,0.0,54.0,1,1,0
2428,23.0,3.0,19.0,1.0,1,365.0,0.0,65.0,1,1,0
2429,26.0,4.0,19.0,5.0,1,49.0,2.0,50.0,0,1,1
2430,59.0,3.0,18.0,1.0,5,6.0,2.0,40.0,0,1,0
2431,29.0,1.0,21.0,1.0,0,49.0,0.0,20.0,1,1,1
2432,61.0,2.0,20.0,1.0,2,12.0,0.0,45.0,1,0,1
2433,72.0,3.0,16.0,1.0,3,49.0,0.0,45.0,1,1,1
2434,69.0,7.0,11.0,1.0,-1,49.0,1.0,40.0,0,1,0
2435,66.0,6.0,20.0,1.0,0,436.0,1.0,40.0,1,0,0
2436,33.0,1.0,21.0,1.0,0,39.0,1.0,40.0,0,1,1
2437,46.0,1.0,21.0,5.0,-1,49.0,2.0,2.0,1,1,0
2438,32.0,4.0,18.0,5.0,1,49.0,7.0,40.0,0,1,0
2439,22.0,1.0,22.0,1.0,2,31.0,1.0,38.0,0,1,1
2440,81.0,7.0,18.0,1.0,1,243.0,1.0,36.0,1,1,1
2441,45.0,3.0,21.0,1.0,0,235.0,13.0,40.0,1,1,1
2442,59.0,8.0,18.0,5.0,3,105.0,11.0,28.0,1,1,0
2443,73.0,1.0,21.0,1.0,0,26.0,0.0,50.0,1,1,1
2444,82.0,1.0,16.0,1.0,4,30.0,0.0,62.0,0,1,1
2445,38.0,3.0,20.0,5.0,0,49.0,11.0,40.0,1,0,0
2446,61.0,8.0,19.0,1.0,4,158.0,0.0,25.0,0,1,0
2447,84.0,5.0,16.0,1.0,3,235.0,0.0,1.0,0,1,1
2448,57.0,1.0,22.0,5.0,2,47.0,2.0,41.0,0,1,0
2449,18.0,3.0,19.0,5.0,3,49.0,5.0,2.0,0,1,0
2450,79.0,2.0,16.0,1.0,2,33.0,1.0,40.0,0,1,1
2451,81.0,1.0,5.0,1.0,1,49.0,0.0,33.0,0,1,0
2452,44.0,2.0,21.0,5.0,0,49.0,2.0,20.0,1,1,0
2453,73.0,1.0,16.0,1.0,1,49.0,0.0,19.0,1,1,1
2454,82.0,1.0,16.0,5.0,4,49.0,1.0,40.0,0,1,0
2455,78.0,1.0,18.0,1.0,0,49.0,0.0,40.0,1,1,1
2456,59.0,4.0,14.0,1.0,0,160.0,0.0,96.0,0,1,0
2457,43.0,1.0,2.0,1.0,0,49.0,1.0,26.0,1,1,1
2458,28.0,1.0,18.0,5.0,3,49.0,2.0,51.0,1,1,1
2459,18.0,1.0,21.0,5.0,-1,23.0,2.0,40.0,1,1,0
2460,80.0,4.0,21.0,1.0,1,49.0,1.0,50.0,1,1,1
2461,71.0,1.0,21.0,1.0,0,162.0,0.0,40.0,0,0,0
2462,28.0,3.0,21.0,1.0,0,459.0,0.0,40.0,1,1,1
2463,49.0,3.0,22.0,1.0,0,245.0,0.0,56.0,1,0,1
2464,39.0,5.0,18.0,1.0,0,49.0,0.0,3.0,1,1,1
2465,45.0,1.0,21.0,5.0,0,6.0,6.0,50.0,1,1,1
2466,38.0,1.0,16.0,5.0,1,49.0,2.0,36.0,0,0,0
2467,48.0,2.0,21.0,1.0,0,416.0,0.0,31.0,1,1,0
2468,51.0,1.0,16.0,1.0,3,6.0,1.0,36.0,1,1,0
2469,61.0,1.0,22.0,1.0,0,49.0,1.0,46.0,0,1,1
2470,74.0,1.0,22.0,1.0,0,54.0,0.0,1.0,1,1,1
2471,70.0,1.0,21.0,5.0,0,49.0,2.0,20.0,0,1,0
2472,56.0,1.0,20.0,5.0,1,222.0,13.0,20.0,0,1,0
2473,47.0,3.0,11.0,1.0,0,303.0,1.0,40.0,1,1,1
2474,38.0,5.0,20.0,3.0,0,49.0,0.0,40.0,0,1,1
2475,66.0,1.0,16.0,1.0,4,49.0,0.0,45.0,0,1,1
2476,55.0,4.0,16.0,1.0,1,103.0,1.0,40.0,0,1,0
2477,39.0,1.0,19.0,1.0,4,30.0,1.0,72.0,1,1,1
2478,32.0,1.0,21.0,5.0,1,213.0,2.0,75.0,1,1,0
2479,92.0,4.0,21.0,1.0,0,49.0,0.0,55.0,1,1,1
2480,80.0,1.0,18.0,1.0,0,49.0,0.0,40.0,1,1,1
2481,72.0,1.0,16.0,1.0,3,523.0,1.0,40.0,0,1,0
2482,52.0,1.0,18.0,1.0,-1,55.0,1.0,40.0,1,1,0
2483,83.0,1.0,24.0,1.0,0,40.0,1.0,40.0,1,1,1
2484,63.0,1.0,19.0,5.0,1,49.0,16.0,40.0,0,1,0
2485,23.0,1.0,21.0,1.0,0,164.0,0.0,50.0,1,1,1
2486,73.0,1.0,21.0,5.0,2,49.0,0.0,30.0,1,1,0
2487,52.0,1.0,20.0,1.0,0,49.0,0.0,40.0,1,1,0
2488,61.0,2.0,22.0,1.0,0,49.0,1.0,59.0,0,1,0
2489,84.0,1.0,12.0,5.0,0,49.0,4.0,40.0,1,1,0
2490,49.0,1.0,16.0,1.0,2,6.0,0.0,19.0,1,1,1
2491,35.0,5.0,20.0,1.0,2,162.0,0.0,50.0,1,0,1
2492,67.0,2.0,22.0,1.0,0,49.0,0.0,90.0,1,0,0
2493,67.0,1.0,5.0,5.0,0,49.0,1.0,40.0,1,1,1
2494,79.0,1.0,21.0,1.0,0,49.0,1.0,4.0,0,1,1
2495,56.0,1.0,20.0,1.0,2,49.0,1.0,40.0,1,1,0
2496,25.0,3.0,19.0,1.0,1,49.0,1.0,52.0,1,1,0
2497,58.0,1.0,21.0,1.0,0,49.0,0.0,23.0,0,1,1
2498,23.0,1.0,16.0,1.0,2,49.0,2.0,29.0,0,1,0
2499,83.0,7.0,15.0,5.0,1,36.0,17.0,96.0,0,1,0
2500,25.0,1.0,12.0,1.0,1,12.0,1.0,62.0,0,1,0
2501,87.0,1.0,16.0,1.0,2,49.0,0.0,47.0,1,1,1
2502,69.0,1.0,19.0,5.0,4,49.0,2.0,20.0,1,1,0
2503,55.0,5.0,18.0,5.0,3,49.0,10.0,40.0,1,0,0
2504,20.0,8.0,13.0,5.0,1,49.0,2.0,20.0,1,1,0
2505,41.0,1.0,21.0,5.0,1,448.0,2.0,50.0,0,1,0
2506,40.0,5.0,20.0,1.0,2,162.0,1.0,34.0,1,1,1
2507,83.0,1.0,16.0,1.0,2,6.0,0.0,45.0,0,1,1
2508,64.0,1.0,19.0,5.0,4,49.0,2.0,33.0,0,0,0
2509,44.0,1.0,21.0,1.0,0,49.0,0.0,50.0,1,1,1
2510,38.0,7.0,20.0,3.0,3,49.0,0.0,9.0,1,0,1
2511,27.0,1.0,21.0,1.0,0,49.0,0.0,40.0,0,1,0
2512,58.0,1.0,16.0,1.0,3,462.0,1.0,40.0,1,1,1
2513,84.0,1.0,21.0,5.0,0,6.0,2.0,20.0,1,1,1
2514,31.0,1.0,18.0,5.0,-1,49.0,2.0,36.0,1,0,0
2515,50.0,1.0,19.0,1.0,3,49.0,1.0,40.0,1,1,1
2516,28.0,8.0,18.0,5.0,1,49.0,2.0,58.0,1,1,0
2517,55.0,1.0,19.0,5.0,4,49.0,2.0,35.0,1,1,0
2518,28.0,1.0,16.0,5.0,2,49.0,2.0,40.0,0,1,0
2519,83.0,1.0,19.0,1.0,0,49.0,1.0,33.0,1,1,1
2520,52.0,1.0,20.0,1.0,0,49.0,1.0,38.0,1,1,0
2521,72.0,1.0,21.0,1.0,0,49.0,1.0,40.0,1,1,0
2522,92.0,3.0,4.0,5.0,0,49.0,0.0,45.0,1,1,0
2523,61.0,7.0,10.0,5.0,4,49.0,2.0,38.0,0,1,0
2524,49.0,1.0,11.0,5.0,4,233.0,5.0,20.0,0,1,0
2525,37.0,1.0,19.0,1.0,2,49.0,1.0,40.0,0,1,0
2526,80.0,1.0,20.0,5.0,1,49.0,2.0,40.0,0,1,0
2527,53.0,1.0,18.0,5.0,3,49.0,0.0,10.0,0,1,0
2528,26.0,1.0,16.0,1.0,1,49.0,0.0,34.0,0,1,0
2529,62.0,1.0,21.0,1.0,0,6.0,0.0,45.0,1,0,1
2530,19.0,1.0,22.0,1.0,0,240.0,17.0,40.0,0,1,1
2531,55.0,3.0,19.0,5.0,1,210.0,3.0,20.0,0,1,0
2532,43.0,1.0,21.0,5.0,0,19.0,2.0,91.0,1,1,0
2533,68.0,4.0,21.0,5.0,-1,49.0,14.0,40.0,1,1,0
2534,62.0,4.0,21.0,1.0,0,49.0,1.0,40.0,0,1,1
2535,26.0,3.0,22.0,1.0,0,364.0,0.0,23.0,0,0,0
2536,35.0,1.0,20.0,3.0,2,110.0,0.0,50.0,1,1,1
2537,18.0,1.0,21.0,1.0,0,6.0,1.0,50.0,0,1,1
2538,18.0,1.0,20.0,5.0,2,37.0,9.0,40.0,1,1,1
2539,23.0,1.0,21.0,5.0,1,49.0,2.0,51.0,1,1,0
2540,29.0,1.0,20.0,1.0,2,49.0,1.0,72.0,0,1,0
2541,31.0,6.0,18.0,1.0,1,49.0,0.0,40.0,0,1,1
2542,71.0,8.0,19.0,1.0,1,49.0,0.0,45.0,1,1,0
2543,50.0,1.0,20.0,1.0,2,238.0,1.0,40.0,0,1,1
2544,50.0,1.0,16.0,5.0,4,49.0,2.0,40.0,0,1,0
2545,73.0,2.0,19.0,1.0,3,49.0,2.0,40.0,1,1,0
2546,87.0,1.0,1.0,5.0,0,462.0,10.0,20.0,0,1,0
2547,87.0,2.0,21.0,1.0,0,49.0,0.0,50.0,1,1,1
2548,84.0,1.0,19.0,1.0,2,49.0,1.0,40.0,1,1,1
2549,76.0,1.0,19.0,1.0,3,49.0,0.0,8.0,0,1,1
2550,31.0,5.0,19.0,1.0,2,49.0,5.0,52.0,0,1,0
2551,33.0,1.0,22.0,3.0,0,4.0,0.0,34.0,1,0,0
2552,76.0,1.0,19.0,1.0,3,49.0,0.0,45.0,1,1,1
2553,21.0,1.0,18.0,5.0,3,105.0,7.0,40.0,1,1,0
2554,24.0,1.0,19.0,1.0,1,49.0,0.0,17.0,0,1,0
2555,41.0,1.0,16.0,1.0,3,311.0,1.0,40.0,1,1,1
2556,78.0,1.0,17.0,1.0,0,49.0,1.0,40.0,0,1,1
2557,35.0,1.0,20.0,5.0,1,313.0,2.0,40.0,0,1,0
2558,63.0,1.0,21.0,1.0,1,49.0,1.0,43.0,0,0,0
2559,62.0,1.0,20.0,3.0,0,49.0,0.0,6.0,1,1,1
2560,25.0,1.0,19.0,1.0,2,117.0,0.0,9.0,1,1,0
2561,57.0,3.0,19.0,5.0,1,49.0,16.0,90.0,1,1,0
2562,67.0,2.0,21.0,3.0,2,49.0,0.0,45.0,1,1,1
2563,59.0,1.0,19.0,5.0,2,49.0,2.0,40.0,1,1,0
2564,67.0,1.0,16.0,1.0,3,49.0,0.0,43.0,1,1,1
2565,19.0,1.0,21.0,1.0,1,370.0,1.0,40.0,0,1,0
2566,71.0,5.0,1.0,3.0,0,49.0,0.0,84.0,0,1,0
2567,83.0,1.0,16.0,1.0,3,501.0,0.0,90.0,1,1,1
2568,83.0,1.0,21.0,1.0,0,49.0,1.0,40.0,0,1,1
2569,64.0,4.0,16.0,1.0,1,49.0,1.0,1.0,0,1,0
2570,60.0,2.0,16.0,5.0,3,49.0,2.0,26.0,1,1,0
2571,75.0,2.0,19.0,5.0,3,49.0,4.0,85.0,1,1,1
2572,54.0,3.0,19.0,1.0,0,49.0,0.0,70.0,1,1,1
2573,57.0,1.0,19.0,5.0,4,49.0,2.0,2.0,1,1,0
2574,30.0,4.0,18.0,5.0,5,49.0,2.0,51.0,0,1,0
2575,38.0,1.0,21.0,5.0,0,49.0,0.0,19.0,0,1,0
2576,31.0,1.0,21.0,1.0,0,49.0,0.0,40.0,0,1,1
2577,77.0,1.0,18.0,5.0,4,6.0,0.0,20.0,1,1,0
2578,42.0,2.0,16.0,1.0,3,370.0,0.0,40.0,1,1,0
2579,31.0,1.0,16.0,1.0,4,365.0,15.0,84.0,0,1,0
2580,60.0,6.0,19.0,4.0,1,6.0,0.0,20.0,1,1,0
2581,18.0,2.0,19.0,1.0,2,228.0,0.0,40.0,1,0,0
2582,51.0,2.0,19.0,1.0,0,6.0,1.0,40.0,1,0,1
2583,34.0,2.0,21.0,3.0,0,363.0,0.0,40.0,0,1,0
2584,79.0,1.0,16.0,1.0,2,49.0,0.0,70.0,1,1,1
2585,51.0,3.0,16.0,1.0,4,49.0,0.0,50.0,1,1,1
2586,71.0,1.0,22.0,1.0,0,49.0,0.0,40.0,1,1,1
2587,87.0,1.0,16.0,1.0,4,49.0,1.0,72.0,0,1,0
2588,82.0,4.0,20.0,1.0,0,138.0,0.0,50.0,0,1,1
2589,21.0,1.0,21.0,1.0,2,213.0,0.0,9.0,1,1,0
2590,39.0,8.0,22.0,1.0,0,49.0,0.0,20.0,1,1,1
2591,48.0,1.0,19.0,5.0,2,19.0,2.0,40.0,0,1,0
2592,26.0,1.0,20.0,1.0,2,49.0,0.0,26.0,1,1,0
2593,54.0,1.0,19.0,1.0,1,49.0,0.0,40.0,1,1,1
2594,20.0,1.0,21.0,1.0,0,49.0,0.0,65.0,1,1,1
2595,76.0,1.0,16.0,1.0,1,49.0,2.0,50.0,0,1,1
2596,43.0,2.0,8.0,1.0,0,49.0,1.0,12.0,0,1,0
2597,24.0,3.0,19.0,4.0,1,49.0,0.0,82.0,0,1,0
2598,37.0,1.0,21.0,5.0,2,49.0,7.0,45.0,1,1,0
2599,64.0,1.0,20.0,5.0,0,49.0,2.0,40.0,1,1,1
2600,25.0,1.0,16.0,5.0,4,49.0,14.0,23.0,0,1,0
2601,21.0,6.0,18.0,1.0,4,6.0,0.0,45.0,1,1,1
2602,37.0,1.0,16.0,1.0,4,1.0,1.0,40.0,1,1,1
2603,84.0,1.0,9.0,1.0,2,240.0,0.0,43.0,1,1,0
2604,27.0,1.0,22.0,1.0,0,523.0,0.0,45.0,1,1,1
2605,21.0,1.0,16.0,1.0,3,49.0,0.0,52.0,1,1,1
2606,60.0,1.0,19.0,1.0,1,6.0,0.0,19.0,0,1,0
2607,65.0,1.0,21.0,1.0,2,163.0,0.0,68.0,0,1,0
2608,20.0,1.0,16.0,5.0,4,49.0,14.0,40.0,0,1,0
2609,43.0,1.0,21.0,1.0,2,49.0,0.0,4.0,1,1,1
2610,76.0,1.0,19.0,5.0,1,459.0,12.0,40.0,1,1,0
2611,69.0,1.0,21.0,1.0,0,303.0,0.0,40.0,1,1,1
2612,68.0,1.0,21.0,1.0,0,6.0,0.0,40.0,1,1,1
2613,83.0,8.0,21.0,1.0,1,49.0,0.0,58.0,0,1,0
2614,87.0,7.0,16.0,1.0,3,17.0,4.0,40.0,1,1,1
2615,56.0,5.0,21.0,1.0,0,49.0,6.0,40.0,1,1,1
2616,25.0,1.0,22.0,5.0,0,372.0,2.0,40.0,1,1,1
2617,39.0,1.0,9.0,2.0,0,49.0,0.0,17.0,0,1,0
2618,55.0,1.0,16.0,1.0,4,49.0,1.0,40.0,1,1,0
2619,52.0,7.0,21.0,3.0,1,55.0,0.0,48.0,1,1,1
2620,55.0,1.0,18.0,5.0,3,51.0,0.0,37.0,0,1,0
2621,47.0,2.0,20.0,1.0,0,200.0,1.0,11.0,0,1,1
2622,54.0,1.0,23.0,1.0,4,49.0,0.0,40.0,1,1,0
2623,25.0,1.0,19.0,1.0,0,442.0,0.0,55.0,1,1,1
2624,44.0,1.0,19.0,2.0,2,49.0,0.0,40.0,0,1,0
2625,61.0,1.0,22.0,5.0,0,24.0,17.0,65.0,0,1,0
2626,20.0,3.0,10.0,5.0,4,49.0,2.0,78.0,1,1,0
2627,71.0,1.0,16.0,5.0,4,160.0,8.0,20.0,1,1,0
2628,23.0,1.0,18.0,5.0,0,27.0,13.0,40.0,1,1,1
2629,66.0,1.0,16.0,5.0,2,49.0,2.0,90.0,1,1,0
2630,27.0,3.0,22.0,5.0,0,442.0,15.0,40.0,0,1,0
2631,31.0,1.0,16.0,1.0,4,303.0,1.0,40.0,1,1,1
2632,26.0,6.0,19.0,1.0,4,200.0,1.0,40.0,0,1,1
2633,82.0,1.0,19.0,1.0,2,49.0,2.0,50.0,1,1,1
2634,49.0,1.0,16.0,5.0,2,245.0,2.0,12.0,1,1,0
2635,41.0,1.0,20.0,1.0,3,162.0,0.0,40.0,1,1,1
2636,50.0,1.0,20.0,1.0,1,49.0,0.0,46.0,1,1,0
2637,92.0,1.0,16.0,2.0,2,49.0,2.0,39.0,0,1,0
2638,70.0,1.0,18.0,1.0,3,49.0,0.0,45.0,1,1,1
2639,28.0,1.0,16.0,5.0,1,49.0,2.0,45.0,1,1,0
2640,40.0,1.0,2.0,5.0,0,49.0,3.0,40.0,1,1,0
2641,63.0,1.0,18.0,1.0,4,49.0,0.0,19.0,1,1,1
2642,36.0,1.0,22.0,1.0,0,49.0,0.0,40.0,0,1,1
2643,23.0,2.0,11.0,1.0,0,368.0,1.0,88.0,1,1,0
2644,19.0,1.0,19.0,1.0,3,49.0,1.0,40.0,0,0,1
2645,51.0,1.0,19.0,5.0,4,49.0,2.0,49.0,0,1,0
2646,51.0,7.0,19.0,1.0,1,49.0,0.0,30.0,0,0,0
2647,83.0,7.0,19.0,1.0,3,49.0,1.0,40.0,0,0,0
2648,45.0,1.0,16.0,1.0,3,49.0,0.0,40.0,1,1,1
2649,44.0,1.0,21.0,1.0,0,49.0,1.0,39.0,1,1,0
2650,70.0,1.0,16.0,5.0,4,49.0,2.0,40.0,0,1,0
2651,87.0,2.0,22.0,1.0,0,501.0,0.0,40.0,1,0,1
2652,21.0,1.0,19.0,1.0,3,6.0,0.0,40.0,1,1,0
2653,72.0,1.0,2.0,1.0,0,49.0,1.0,50.0,1,1,1
2654,45.0,1.0,21.0,5.0,0,60.0,10.0,75.0,0,1,0
2655,47.0,2.0,18.0,1.0,0,6.0,0.0,40.0,1,1,1
2656,45.0,1.0,22.0,1.0,2,49.0,0.0,40.0,1,1,1
2657,30.0,1.0,22.0,1.0,0,49.0,0.0,91.0,1,1,0
2658,44.0,1.0,21.0,1.0,0,49.0,1.0,40.0,0,1,1
2659,26.0,1.0,16.0,1.0,3,30.0,0.0,96.0,1,1,1
2660,92.0,1.0,22.0,1.0,0,49.0,1.0,40.0,0,1,1
2661,57.0,1.0,21.0,1.0,0,511.0,1.0,21.0,1,0,1
2662,58.0,3.0,19.0,3.0,0,49.0,0.0,40.0,0,1,0
2663,55.0,2.0,19.0,1.0,0,6.0,0.0,40.0,1,1,1
2664,22.0,1.0,19.0,5.0,1,369.0,4.0,40.0,0,1,1
2665,75.0,1.0,16.0,1.0,1,49.0,0.0,8.0,0,1,0
2666,19.0,1.0,19.0,1.0,2,364.0,1.0,27.0,1,1,1
2667,78.0,1.0,18.0,5.0,2,8.0,2.0,40.0,0,1,0
2668,69.0,1.0,19.0,1.0,4,49.0,1.0,40.0,1,1,1
2669,51.0,5.0,21.0,5.0,0,46.0,0.0,4.0,1,1,0
2670,29.0,2.0,22.0,1.0,0,117.0,0.0,17.0,1,1,1
2671,49.0,1.0,16.0,1.0,3,372.0,1.0,25.0,0,1,0
2672,21.0,2.0,21.0,3.0,0,49.0,1.0,7.0,1,1,1
2673,56.0,1.0,17.0,1.0,1,49.0,0.0,60.0,1,0,1
2674,44.0,7.0,16.0,1.0,3,49.0,0.0,40.0,0,1,0
2675,25.0,1.0,14.0,5.0,0,49.0,3.0,22.0,0,1,0
2676,23.0,6.0,19.0,5.0,1,49.0,12.0,40.0,0,1,0
2677,27.0,1.0,19.0,5.0,3,49.0,0.0,50.0,1,1,0
2678,47.0,4.0,20.0,1.0,2,49.0,1.0,4.0,0,1,0
2679,86.0,1.0,2.0,5.0,0,49.0,3.0,40.0,0,1,0
2680,77.0,2.0,16.0,1.0,2,49.0,1.0,20.0,1,1,0
2681,80.0,1.0,22.0,1.0,0,49.0,1.0,40.0,0,1,0
2682,18.0,1.0,21.0,3.0,2,116.0,0.0,66.0,1,0,1
2683,50.0,1.0,20.0,1.0,2,49.0,0.0,40.0,1,1,1
2684,87.0,1.0,19.0,1.0,0,49.0,1.0,57.0,1,1,0
2685,57.0,1.0,16.0,1.0,2,11.0,0.0,56.0,1,1,1
2686,69.0,3.0,21.0,1.0,0,49.0,0.0,1.0,0,0,1
2687,71.0,1.0,8.0,1.0,0,150.0,1.0,20.0,0,1,0
2688,92.0,1.0,18.0,1.0,5,49.0,0.0,56.0,0,1,0
2689,30.0,1.0,19.0,1.0,0,25.0,1.0,40.0,0,0,1
2690,22.0,1.0,22.0,5.0,2,49.0,7.0,58.0,0,1,0
2691,54.0,4.0,20.0,1.0,2,1.0,0.0,45.0,1,1,1
2692,79.0,4.0,16.0,1.0,2,49.0,1.0,40.0,0,1,1
2693,68.0,1.0,7.0,1.0,0,49.0,0.0,40.0,0,1,1
2694,76.0,4.0,18.0,1.0,0,368.0,0.0,40.0,1,1,1
2695,17.0,2.0,18.0,5.0,0,49.0,3.0,50.0,1,1,1
2696,82.0,1.0,16.0,5.0,1,6.0,0.0,26.0,0,1,0
2697,41.0,5.0,2.0,3.0,0,46.0,0.0,35.0,0,1,1
2698,40.0,1.0,5.0,5.0,4,6.0,12.0,29.0,1,1,0
2699,28.0,1.0,20.0,3.0,3,49.0,0.0,67.0,1,1,0
2700,30.0,1.0,11.0,1.0,0,26.0,1.0,20.0,0,1,1
2701,35.0,4.0,21.0,1.0,0,49.0,1.0,40.0,1,0,1
2702,38.0,3.0,21.0,3.0,0,49.0,0.0,40.0,1,0,1
2703,43.0,1.0,22.0,1.0,0,106.0,0.0,40.0,1,1,1
2704,76.0,1.0,16.0,3.0,4,362.0,0.0,18.0,1,1,0
2705,92.0,1.0,19.0,1.0,2,49.0,0.0,40.0,0,1,1
2706,92.0,1.0,19.0,5.0,2,200.0,2.0,21.0,0,1,0
2707,18.0,7.0,9.0,1.0,4,12.0,1.0,20.0,0,1,0
2708,20.0,1.0,16.0,5.0,4,49.0,3.0,15.0,0,1,0
2709,68.0,1.0,18.0,1.0,0,49.0,0.0,88.0,1,0,1
2710,62.0,1.0,4.0,1.0,1,210.0,1.0,40.0,1,1,1
2711,79.0,1.0,12.0,5.0,1,49.0,7.0,40.0,1,1,0
2712,19.0,1.0,16.0,5.0,3,2.0,13.0,48.0,0,0,0
2713,18.0,1.0,21.0,1.0,2,56.0,1.0,40.0,1,1,1
2714,17.0,5.0,19.0,1.0,3,49.0,1.0,45.0,0,1,0
2715,29.0,2.0,18.0,5.0,3,49.0,11.0,50.0,1,1,1
2716,17.0,4.0,21.0,1.0,0,370.0,1.0,40.0,1,1,1
2717,57.0,1.0,16.0,1.0,4,49.0,1.0,40.0,0,0,0
2718,84.0,4.0,21.0,1.0,0,15.0,0.0,55.0,0,0,0
2719,83.0,1.0,19.0,1.0,2,6.0,0.0,16.0,0,1,0
2720,65.0,1.0,19.0,4.0,2,104.0,0.0,57.0,0,1,0
2721,64.0,1.0,19.0,1.0,0,158.0,0.0,40.0,0,1,1
2722,67.0,1.0,19.0,1.0,2,49.0,1.0,41.0,0,1,0
2723,31.0,1.0,16.0,1.0,3,49.0,0.0,40.0,0,1,0
2724,41.0,1.0,16.0,5.0,3,427.0,2.0,20.0,1,1,0
2725,64.0,7.0,16.0,1.0,3,49.0,0.0,84.0,0,1,0
2726,56.0,2.0,22.0,1.0,2,49.0,1.0,40.0,1,1,1
2727,54.0,1.0,1.0,5.0,0,49.0,0.0,50.0,0,1,1
2728,33.0,4.0,22.0,1.0,0,40.0,0.0,21.0,0,1,0
2729,57.0,8.0,18.0,1.0,3,6.0,1.0,75.0,1,0,1
2730,74.0,1.0,19.0,2.0,1,207.0,0.0,26.0,0,1,0
2731,24.0,3.0,18.0,1.0,5,49.0,1.0,20.0,1,1,0
2732,28.0,3.0,5.0,1.0,1,49.0,0.0,50.0,1,1,0
2733,65.0,1.0,22.0,1.0,0,6.0,0.0,45.0,0,1,0
2734,31.0,1.0,20.0,1.0,0,49.0,1.0,40.0,1,1,1
2735,54.0,3.0,20.0,1.0,0,132.0,1.0,45.0,1,1,1
2736,43.0,7.0,18.0,5.0,-1,49.0,0.0,40.0,0,1,0
2737,56.0,2.0,22.0,1.0,0,6.0,1.0,40.0,1,1,1
2738,82.0,1.0,21.0,5.0,0,49.0,0.0,20.0,1,1,0
2739,19.0,1.0,21.0,1.0,0,150.0,0.0,8.0,0,1,0
2740,69.0,8.0,22.0,1.0,0,49.0,1.0,40.0,1,1,1
2741,79.0,1.0,21.0,1.0,0,137.0,0.0,30.0,1,1,1
2742,24.0,1.0,23.0,3.0,1,24.0,6.0,40.0,1,1,1
2743,61.0,3.0,10.0,1.0,0,49.0,1.0,16.0,1,1,1
2744,78.0,1.0,21.0,1.0,0,49.0,1.0,40.0,0,1,0
2745,20.0,7.0,12.0,5.0,1,49.0,2.0,40.0,0,1,0
2746,74.0,4.0,16.0,5.0,2,49.0,0.0,40.0,0,1,0
2747,39.0,1.0,16.0,1.0,1,49.0,1.0,51.0,1,1,1
2748,78.0,4.0,21.0,1.0,0,49.0,0.0,19.0,1,0,1
2749,49.0,1.0,19.0,3.0,2,49.0,0.0,33.0,0,1,1
2750,32.0,1.0,21.0,1.0,0,6.0,1.0,50.0,0,1,1
2751,44.0,1.0,16.0,1.0,3,25.0,1.0,78.0,1,1,1
2752,78.0,1.0,19.0,1.0,2,49.0,1.0,40.0,0,1,1
2753,81.0,1.0,22.0,1.0,0,8.0,0.0,88.0,0,1,1
2754,37.0,4.0,2.0,1.0,2,49.0,1.0,88.0,1,1,1
2755,23.0,4.0,19.0,1.0,0,49.0,1.0,50.0,1,1,1
2756,75.0,2.0,19.0,1.0,3,49.0,1.0,62.0,0,1,1
2757,18.0,1.0,21.0,1.0,0,49.0,0.0,40.0,1,1,1
2758,22.0,1.0,18.0,1.0,0,49.0,1.0,13.0,0,1,1
2759,71.0,1.0,21.0,1.0,0,313.0,1.0,20.0,0,1,0
2760,25.0,1.0,19.0,5.0,0,240.0,2.0,50.0,0,1,1
2761,55.0,1.0,18.0,1.0,2,49.0,1.0,20.0,0,1,0
2762,64.0,1.0,21.0,1.0,0,370.0,1.0,75.0,1,1,1
2763,51.0,1.0,16.0,1.0,2,106.0,0.0,53.0,0,1,1
2764,64.0,3.0,21.0,1.0,0,243.0,1.0,56.0,1,1,0
2765,22.0,1.0,20.0,1.0,1,49.0,1.0,29.0,1,1,0
2766,51.0,3.0,18.0,1.0,4,365.0,0.0,20.0,1,1,0
2767,38.0,1.0,19.0,5.0,4,119.0,2.0,20.0,0,0,0
2768,27.0,7.0,4.0,1.0,1,1.0,0.0,91.0,0,1,0
2769,48.0,1.0,21.0,5.0,0,217.0,2.0,46.0,0,1,0
2770,38.0,1.0,21.0,3.0,0,231.0,0.0,40.0,0,1,1
2771,23.0,1.0,19.0,1.0,2,427.0,1.0,40.0,1,1,1
2772,56.0,1.0,16.0,1.0,2,6.0,1.0,40.0,0,1,0
2773,62.0,1.0,19.0,5.0,0,49.0,5.0,41.0,1,1,0
2774,83.0,1.0,21.0,2.0,1,6.0,0.0,20.0,1,1,0
2775,81.0,1.0,20.0,1.0,0,49.0,1.0,32.0,1,1,1
2776,74.0,1.0,21.0,1.0,0,49.0,0.0,40.0,1,1,1
2777,20.0,1.0,22.0,5.0,0,49.0,2.0,20.0,0,1,0
2778,74.0,1.0,19.0,5.0,3,49.0,16.0,20.0,0,1,0
2779,78.0,4.0,19.0,1.0,0,49.0,0.0,75.0,1,1,0
2780,37.0,2.0,16.0,1.0,3,49.0,0.0,40.0,1,1,1
2781,55.0,1.0,21.0,1.0,0,49.0,1.0,40.0,1,1,1
2782,72.0,1.0,21.0,5.0,0,412.0,0.0,70.0,1,1,0
2783,87.0,4.0,21.0,1.0,0,49.0,1.0,40.0,1,1,1
2784,38.0,2.0,21.0,3.0,2,49.0,0.0,40.0,1,0,1
2785,25.0,2.0,21.0,1.0,0,109.0,1.0,40.0,0,1,1
2786,75.0,1.0,18.0,1.0,1,49.0,0.0,20.0,1,1,0
2787,66.0,3.0,19.0,5.0,3,48.0,0.0,41.0,0,1,0
2788,26.0,1.0,16.0,5.0,4,49.0,0.0,99.0,1,1,0
2789,33.0,8.0,16.0,3.0,3,49.0,1.0,40.0,1,1,1
2790,82.0,4.0,23.0,1.0,0,49.0,0.0,41.0,1,1,1
2791,62.0,1.0,16.0,1.0,3,105.0,0.0,66.0,0,1,1
2792,19.0,1.0,20.0,5.0,2,28.0,2.0,40.0,0,1,0
2793,87.0,1.0,21.0,3.0,1,49.0,0.0,40.0,1,1,1
2794,77.0,1.0,20.0,5.0,0,49.0,2.0,40.0,1,1,0
2795,43.0,1.0,19.0,5.0,4,49.0,1.0,67.0,0,1,0
2796,47.0,1.0,19.0,5.0,3,311.0,15.0,40.0,1,1,0
2797,34.0,3.0,21.0,1.0,0,370.0,0.0,40.0,1,1,1
2798,39.0,1.0,20.0,1.0,0,42.0,0.0,78.0,1,1,0
2799,92.0,4.0,17.0,1.0,0,138.0,0.0,40.0,1,1,1
2800,21.0,1.0,2.0,1.0,4,49.0,1.0,40.0,1,1,1
2801,36.0,1.0,20.0,1.0,0,49.0,1.0,50.0,0,1,1
2802,70.0,6.0,16.0,2.0,1,49.0,0.0,70.0,1,1,0
2803,18.0,8.0,22.0,1.0,0,416.0,0.0,40.0,1,1,1
2804,18.0,1.0,24.0,1.0,4,49.0,1.0,40.0,0,1,0
2805,82.0,4.0,22.0,1.0,2,49.0,1.0,84.0,0,1,0
2806,33.0,1.0,23.0,1.0,2,49.0,1.0,20.0,1,1,0
2807,54.0,1.0,16.0,5.0,4,49.0,0.0,30.0,0,1,0
2808,61.0,1.0,18.0,1.0,4,6.0,0.0,50.0,0,1,1
2809,87.0,1.0,16.0,1.0,2,162.0,1.0,40.0,1,1,0
2810,28.0,4.0,19.0,5.0,0,6.0,13.0,26.0,1,1,0
2811,38.0,1.0,22.0,3.0,0,315.0,0.0,45.0,0,1,1
2812,71.0,1.0,16.0,3.0,3,49.0,0.0,67.0,0,1,0
2813,31.0,1.0,20.0,2.0,3,49.0,0.0,40.0,0,1,0
2814,84.0,1.0,18.0,1.0,4,243.0,0.0,40.0,1,1,1
2815,18.0,1.0,16.0,1.0,3,2.0,0.0,45.0,0,1,1
2816,51.0,1.0,20.0,1.0,2,45.0,15.0,35.0,0,0,0
2817,43.0,1.0,21.0,5.0,0,49.0,2.0,40.0,1,1,0
2818,38.0,1.0,21.0,5.0,2,132.0,0.0,40.0,1,0,1
2819,31.0,4.0,18.0,3.0,0,49.0,0.0,67.0,1,1,1
2820,76.0,4.0,22.0,1.0,0,49.0,1.0,40.0,1,1,1
2821,74.0,2.0,18.0,1.0,0,49.0,0.0,50.0,0,1,1
2822,37.0,1.0,20.0,1.0,0,138.0,0.0,50.0,0,1,1
2823,52.0,1.0,19.0,5.0,0,49.0,2.0,39.0,1,1,0
2824,47.0,1.0,21.0,1.0,0,511.0,0.0,40.0,1,1,1
2825,38.0,2.0,21.0,3.0,0,49.0,0.0,50.0,0,1,1
2826,38.0,1.0,18.0,5.0,1,207.0,9.0,45.0,1,1,0
2827,18.0,1.0,21.0,1.0,0,49.0,1.0,12.0,1,1,1
2828,22.0,1.0,20.0,1.0,1,6.0,1.0,4.0,0,1,0
2829,47.0,2.0,22.0,5.0,0,49.0,5.0,72.0,0,1,0
2830,40.0,6.0,18.0,1.0,1,515.0,1.0,56.0,1,1,0
2831,28.0,1.0,19.0,3.0,4,312.0,0.0,45.0,1,1,1
2832,82.0,1.0,16.0,1.0,2,49.0,0.0,40.0,1,1,0
2833,33.0,2.0,8.0,1.0,0,126.0,0.0,45.0,1,1,1
2834,21.0,1.0,18.0,3.0,0,160.0,0.0,40.0,0,1,1
2835,77.0,1.0,22.0,1.0,0,49.0,0.0,40.0,1,1,1
2836,62.0,1.0,19.0,3.0,2,365.0,0.0,45.0,0,1,1
2837,87.0,7.0,18.0,1.0,1,49.0,1.0,96.0,1,1,0
2838,30.0,8.0,19.0,1.0,3,49.0,0.0,40.0,1,1,1
2839,80.0,1.0,24.0,5.0,1,49.0,0.0,40.0,0,1,0
2840,63.0,1.0,21.0,1.0,0,49.0,1.0,20.0,1,1,1
2841,30.0,4.0,22.0,2.0,0,6.0,0.0,45.0,1,1,0
2842,50.0,4.0,19.0,1.0,2,49.0,0.0,40.0,1,1,1
2843,53.0,4.0,22.0,1.0,2,416.0,0.0,2.0,1,1,0
2844,32.0,3.0,21.0,5.0,1,128.0,0.0,99.0,0,1,0
2845,73.0,1.0,16.0,5.0,2,49.0,13.0,21.0,0,1,0
2846,62.0,6.0,16.0,5.0,3,360.0,16.0,40.0,0,1,0
2847,79.0,2.0,19.0,5.0,2,6.0,0.0,40.0,1,1,1
2848,33.0,4.0,21.0,5.0,0,132.0,0.0,2.0,0,1,0
2849,52.0,1.0,1.0,5.0,1,49.0,2.0,35.0,1,1,0
2850,51.0,1.0,21.0,5.0,0,49.0,8.0,32.0,1,0,1
2851,56.0,1.0,21.0,1.0,0,49.0,0.0,20.0,0,1,0
2852,57.0,8.0,19.0,2.0,1,49.0,0.0,40.0,1,1,0
2853,72.0,1.0,21.0,1.0,0,448.0,0.0,72.0,0,1,1
2854,74.0,1.0,19.0,1.0,4,49.0,0.0,40.0,0,1,0
2855,83.0,1.0,22.0,1.0,0,49.0,1.0,11.0,1,1,1
2856,54.0,2.0,18.0,1.0,3,49.0,1.0,96.0,1,1,1
2857,43.0,1.0,16.0,5.0,2,49.0,0.0,40.0,1,1,0
2858,76.0,1.0,19.0,1.0,2,15.0,0.0,23.0,0,1,1
2859,58.0,1.0,18.0,1.0,2,211.0,0.0,40.0,1,1,1
2860,61.0,2.0,15.0,5.0,0,6.0,6.0,70.0,0,1,0
2861,20.0,1.0,21.0,5.0,1,49.0,10.0,82.0,0,1,0
2862,42.0,1.0,19.0,3.0,2,49.0,0.0,40.0,1,1,1
2863,54.0,1.0,20.0,1.0,2,49.0,1.0,57.0,0,1,0
2864,26.0,2.0,5.0,1.0,0,49.0,0.0,17.0,0,1,0
2865,69.0,2.0,21.0,1.0,0,6.0,1.0,45.0,0,1,1
2866,52.0,4.0,21.0,1.0,0,49.0,1.0,58.0,1,1,1
2867,84.0,1.0,19.0,1.0,2,49.0,0.0,40.0,1,0,1
2868,35.0,1.0,21.0,1.0,2,126.0,1.0,40.0,1,1,1
2869,19.0,1.0,20.0,1.0,0,39.0,1.0,44.0,0,1,0
2870,65.0,1.0,9.0,3.0,0,49.0,0.0,50.0,1,1,1
2871,74.0,2.0,22.0,5.0,0,27.0,0.0,40.0,0,1,0
2872,54.0,3.0,22.0,3.0,0,229.0,10.0,45.0,0,1,0
2873,55.0,1.0,21.0,5.0,0,6.0,2.0,40.0,1,1,0
2874,63.0,1.0,16.0,1.0,2,412.0,1.0,8.0,0,1,0
2875,27.0,1.0,16.0,1.0,3,38.0,1.0,40.0,0,1,1
2876,92.0,1.0,19.0,1.0,2,49.0,2.0,53.0,0,1,0
2877,61.0,1.0,19.0,5.0,2,49.0,0.0,84.0,0,1,0
2878,83.0,1.0,19.0,1.0,1,6.0,0.0,45.0,0,1,1
2879,24.0,1.0,16.0,5.0,4,242.0,2.0,21.0,0,1,0
2880,72.0,1.0,19.0,1.0,1,49.0,0.0,50.0,1,1,0
2881,20.0,1.0,22.0,5.0,0,49.0,2.0,80.0,1,1,0
2882,51.0,1.0,19.0,1.0,2,2.0,0.0,40.0,0,1,0
2883,68.0,1.0,21.0,1.0,1,49.0,1.0,50.0,1,1,0
2884,29.0,1.0,19.0,5.0,4,149.0,0.0,96.0,1,1,0
2885,43.0,1.0,16.0,1.0,2,49.0,1.0,82.0,1,1,1
2886,53.0,1.0,20.0,1.0,1,449.0,1.0,40.0,0,1,1
2887,71.0,5.0,19.0,1.0,0,49.0,1.0,40.0,1,1,1
2888,35.0,1.0,19.0,1.0,2,49.0,0.0,40.0,0,1,0
2889,37.0,3.0,20.0,1.0,0,49.0,1.0,40.0,1,1,1
2890,23.0,1.0,8.0,1.0,0,49.0,0.0,40.0,1,1,1
2891,61.0,7.0,20.0,5.0,1,49.0,16.0,68.0,0,1,0
2892,81.0,1.0,16.0,1.0,4,49.0,1.0,40.0,1,1,1
2893,22.0,1.0,20.0,1.0,0,6.0,0.0,41.0,0,1,1
2894,80.0,1.0,16.0,1.0,1,105.0,1.0,20.0,0,1,0
2895,57.0,1.0,19.0,1.0,2,49.0,1.0,40.0,0,0,0
2896,77.0,4.0,21.0,5.0,0,160.0,2.0,65.0,1,1,1
2897,83.0,1.0,20.0,1.0,0,49.0,0.0,40.0,1,1,1
2898,19.0,1.0,18.0,1.0,3,49.0,0.0,40.0,1,1,1
2899,20.0,1.0,18.0,5.0,1,49.0,0.0,40.0,0,1,0
2900,21.0,1.0,19.0,1.0,3,315.0,1.0,35.0,0,1,0
2901,40.0,4.0,12.0,3.0,0,49.0,0.0,45.0,0,0,1
2902,32.0,1.0,16.0,1.0,2,25.0,0.0,68.0,1,0,0
2903,46.0,4.0,21.0,1.0,0,49.0,0.0,40.0,0,1,1
2904,70.0,1.0,17.0,3.0,0,6.0,0.0,10.0,1,1,1
2905,58.0,1.0,22.0,3.0,2,240.0,1.0,19.0,0,1,0
2906,45.0,1.0,21.0,1.0,0,49.0,1.0,59.0,1,1,1
2907,33.0,1.0,22.0,5.0,0,49.0,4.0,40.0,0,1,1
2908,52.0,1.0,19.0,1.0,2,49.0,0.0,50.0,0,0,1
2909,25.0,1.0,21.0,1.0,2,369.0,0.0,45.0,0,1,1
2910,19.0,1.0,19.0,1.0,4,49.0,1.0,50.0,1,1,1
2911,24.0,2.0,21.0,1.0,0,49.0,0.0,45.0,1,1,1
2912,20.0,1.0,19.0,5.0,1,49.0,2.0,67.0,1,1,0
2913,71.0,1.0,19.0,1.0,0,49.0,0.0,40.0,1,1,1
2914,92.0,1.0,22.0,1.0,0,49.0,0.0,40.0,1,1,1
2915,19.0,1.0,16.0,1.0,1,49.0,1.0,80.0,0,1,0
2916,43.0,1.0,18.0,1.0,1,27.0,0.0,50.0,1,1,1
2917,26.0,1.0,19.0,1.0,4,49.0,0.0,50.0,1,1,1
2918,48.0,1.0,22.0,5.0,0,50.0,0.0,5.0,0,1,0
2919,19.0,1.0,16.0,5.0,4,323.0,0.0,20.0,1,1,0
2920,21.0,1.0,19.0,5.0,2,66.0,2.0,47.0,0,1,0
2921,40.0,1.0,21.0,1.0,0,49.0,0.0,40.0,1,1,1
2922,71.0,1.0,21.0,1.0,5,116.0,0.0,40.0,0,1,0
2923,83.0,4.0,21.0,1.0,0,109.0,0.0,40.0,1,1,1
2924,81.0,6.0,19.0,1.0,3,362.0,1.0,40.0,1,0,1
2925,78.0,3.0,22.0,1.0,0,223.0,0.0,50.0,0,0,1
2926,84.0,1.0,20.0,1.0,0,49.0,0.0,50.0,1,0,1
2927,21.0,2.0,21.0,5.0,0,314.0,0.0,44.0,0,1,0
2928,68.0,1.0,18.0,1.0,1,311.0,0.0,40.0,0,1,1
2929,42.0,1.0,21.0,1.0,0,16.0,17.0,40.0,1,0,1
2930,43.0,1.0,16.0,5.0,3,49.0,2.0,40.0,0,1,0
2931,21.0,5.0,19.0,1.0,4,28.0,0.0,40.0,0,1,1
2932,49.0,1.0,20.0,5.0,0,137.0,0.0,40.0,1,1,0
2933,73.0,1.0,18.0,1.0,0,6.0,1.0,20.0,1,1,0
2934,48.0,1.0,20.0,5.0,2,49.0,13.0,16.0,1,1,0
2935,25.0,1.0,16.0,1.0,4,50.0,1.0,40.0,0,1,0
2936,51.0,2.0,16.0,1.0,3,49.0,0.0,40.0,0,1,1
2937,71.0,4.0,9.0,1.0,0,6.0,0.0,40.0,0,1,0
2938,74.0,1.0,19.0,1.0,0,49.0,0.0,40.0,1,1,1
2939,87.0,1.0,16.0,1.0,1,53.0,0.0,50.0,0,1,1
2940,55.0,4.0,21.0,1.0,2,49.0,1.0,40.0,1,1,1
2941,45.0,1.0,16.0,1.0,4,49.0,1.0,88.0,0,1,1
2942,17.0,2.0,16.0,5.0,3,451.0,2.0,24.0,1,1,0
2943,38.0,1.0,2.0,3.0,0,138.0,0.0,50.0,1,1,1
2944,58.0,4.0,9.0,1.0,0,49.0,0.0,50.0,1,1,1
2945,41.0,1.0,16.0,1.0,2,49.0,1.0,4.0,0,0,0
2946,84.0,3.0,21.0,1.0,0,49.0,1.0,45.0,0,1,1
2947,50.0,1.0,18.0,1.0,1,49.0,0.0,88.0,1,1,1
2948,62.0,1.0,21.0,1.0,2,41.0,0.0,50.0,0,1,0
2949,64.0,1.0,12.0,5.0,4,49.0,8.0,40.0,0,1,0
2950,50.0,1.0,18.0,1.0,0,49.0,1.0,40.0,0,1,0
2951,23.0,1.0,17.0,1.0,2,49.0,0.0,40.0,1,0,1
2952,70.0,2.0,16.0,1.0,3,49.0,1.0,40.0,1,1,0
2953,60.0,4.0,20.0,1.0,2,49.0,2.0,33.0,0,1,0
2954,33.0,1.0,19.0,1.0,4,49.0,1.0,40.0,1,1,1
2955,54.0,1.0,1.0,1.0,1,49.0,1.0,40.0,1,1,0
2956,37.0,1.0,10.0,1.0,2,6.0,0.0,56.0,0,1,0
2957,26.0,1.0,19.0,1.0,1,49.0,0.0,40.0,1,1,1
2958,36.0,1.0,21.0,1.0,1,49.0,0.0,45.0,1,1,0
2959,31.0,1.0,16.0,1.0,3,49.0,1.0,40.0,1,1,1
2960,61.0,1.0,19.0,3.0,3,49.0,0.0,40.0,0,0,1
2961,86.0,1.0,19.0,1.0,2,109.0,0.0,56.0,0,1,0
2962,21.0,1.0,16.0,1.0,2,6.0,1.0,40.0,1,1,1
2963,83.0,1.0,9.0,1.0,0,49.0,0.0,50.0,1,1,1
2964,70.0,1.0,19.0,5.0,3,49.0,15.0,50.0,1,1,1
2965,22.0,1.0,16.0,1.0,4,49.0,1.0,40.0,0,1,1
2966,41.0,1.0,19.0,1.0,2,49.0,0.0,50.0,1,0,1
2967,68.0,1.0,17.0,1.0,1,49.0,1.0,40.0,1,1,1
2968,69.0,1.0,19.0,5.0,1,459.0,17.0,67.0,0,1,0
2969,71.0,1.0,21.0,1.0,0,30.0,2.0,40.0,0,1,1
2970,69.0,2.0,18.0,1.0,0,49.0,1.0,40.0,1,1,1
2971,74.0,1.0,13.0,1.0,0,49.0,0.0,40.0,1,0,1
2972,76.0,3.0,22.0,1.0,0,369.0,0.0,21.0,1,1,0
2973,28.0,1.0,16.0,1.0,3,22.0,1.0,20.0,1,0,0
2974,52.0,3.0,21.0,1.0,0,49.0,0.0,22.0,0,1,1
2975,40.0,1.0,21.0,5.0,0,49.0,6.0,1.0,0,0,0
2976,79.0,1.0,16.0,5.0,4,39.0,7.0,40.0,1,1,0
2977,29.0,4.0,7.0,1.0,0,49.0,0.0,50.0,1,1,1
2978,87.0,1.0,22.0,1.0,2,49.0,0.0,40.0,1,1,1
2979,31.0,3.0,21.0,1.0,0,49.0,1.0,12.0,0,1,1
2980,29.0,1.0,22.0,5.0,2,49.0,3.0,31.0,0,1,0
2981,39.0,1.0,16.0,1.0,4,49.0,0.0,65.0,1,1,0
2982,21.0,3.0,21.0,1.0,0,6.0,0.0,40.0,0,1,1
2983,38.0,1.0,19.0,3.0,2,49.0,0.0,40.0,0,0,0
2984,26.0,1.0,6.0,1.0,0,29.0,1.0,40.0,1,1,1
2985,81.0,3.0,17.0,4.0,2,49.0,0.0,29.0,1,1,0
2986,54.0,2.0,21.0,1.0,0,6.0,1.0,15.0,1,1,0
2987,92.0,1.0,16.0,1.0,1,427.0,1.0,40.0,0,1,0
2988,41.0,1.0,19.0,1.0,4,49.0,1.0,44.0,1,1,1
2989,43.0,1.0,19.0,1.0,0,49.0,2.0,50.0,1,1,1
2990,65.0,8.0,18.0,1.0,1,49.0,1.0,40.0,1,1,0
2991,20.0,2.0,16.0,5.0,3,49.0,1.0,40.0,1,1,1
2992,21.0,1.0,16.0,3.0,4,6.0,0.0,4.0,1,1,1
2993,49.0,1.0,16.0,1.0,2,49.0,1.0,16.0,0,0,0
2994,45.0,1.0,20.0,1.0,0,49.0,0.0,84.0,0,0,1
2995,24.0,8.0,21.0,5.0,0,49.0,2.0,45.0,0,1,1
2996,47.0,1.0,20.0,1.0,2,1.0,0.0,40.0,0,0,1
2997,20.0,1.0,20.0,5.0,0,49.0,2.0,20.0,1,1,1
2998,87.0,1.0,24.0,1.0,0,329.0,1.0,4.0,1,1,1
2999,40.0,1.0,19.0,5.0,4,49.0,2.0,67.0,0,1,0
3000,45.0,1.0,16.0,1.0,2,6.0,1.0,7.0,0,0,0
3001,30.0,6.0,18.0,5.0,1,49.0,0.0,20.0,0,1,0
3002,28.0,1.0,19.0,1.0,1,49.0,0.0,88.0,0,1,1
3003,27.0,1.0,19.0,5.0,1,323.0,0.0,40.0,0,1,0
3004,18.0,3.0,18.0,5.0,3,49.0,2.0,17.0,1,1,0
3005,23.0,4.0,20.0,1.0,0,49.0,1.0,40.0,1,1,1
3006,62.0,1.0,20.0,1.0,3,49.0,1.0,58.0,1,1,1
3007,19.0,1.0,16.0,1.0,1,149.0,0.0,40.0,0,1,0
3008,28.0,1.0,21.0,1.0,0,511.0,1.0,57.0,1,1,1
3009,38.0,1.0,22.0,3.0,0,138.0,0.0,40.0,0,1,0
3010,43.0,2.0,6.0,1.0,0,49.0,1.0,40.0,0,1,1
3011,59.0,7.0,18.0,1.0,3,138.0,0.0,45.0,1,1,1
3012,18.0,7.0,19.0,1.0,4,501.0,2.0,40.0,0,1,0
3013,38.0,1.0,16.0,3.0,2,49.0,0.0,20.0,1,1,1
3014,92.0,1.0,22.0,5.0,0,49.0,0.0,50.0,0,1,1
3015,62.0,4.0,19.0,1.0,2,6.0,1.0,40.0,1,1,1
3016,40.0,1.0,16.0,1.0,4,49.0,1.0,65.0,1,0,0
3017,73.0,4.0,21.0,1.0,1,18.0,0.0,44.0,0,1,0
3018,46.0,1.0,22.0,1.0,0,49.0,1.0,47.0,1,1,0
3019,86.0,2.0,21.0,5.0,0,245.0,0.0,44.0,1,0,0
3020,23.0,5.0,21.0,1.0,1,41.0,1.0,40.0,1,1,0
3021,19.0,1.0,16.0,1.0,2,5.0,0.0,40.0,0,1,1
3022,78.0,2.0,22.0,1.0,0,38.0,5.0,9.0,0,1,0
3023,69.0,3.0,22.0,5.0,0,449.0,5.0,20.0,1,1,0
3024,52.0,4.0,21.0,1.0,5,369.0,1.0,27.0,0,1,0
3025,18.0,1.0,19.0,5.0,2,6.0,4.0,68.0,0,1,0
3026,82.0,1.0,19.0,1.0,0,49.0,0.0,40.0,0,0,0
3027,62.0,1.0,18.0,5.0,3,203.0,2.0,20.0,0,1,0
3028,29.0,1.0,21.0,1.0,1,49.0,0.0,40.0,0,1,1
3029,43.0,1.0,16.0,5.0,1,16.0,0.0,20.0,1,1,0
3030,20.0,1.0,18.0,5.0,4,49.0,0.0,40.0,1,1,1
3031,69.0,1.0,9.0,4.0,1,49.0,0.0,20.0,0,1,0
3032,57.0,1.0,21.0,1.0,0,49.0,1.0,40.0,1,1,0
3033,48.0,1.0,21.0,3.0,2,364.0,0.0,11.0,0,1,0
3034,21.0,2.0,22.0,1.0,0,66.0,17.0,15.0,0,1,1
3035,28.0,1.0,21.0,1.0,0,49.0,1.0,20.0,0,1,0
3036,33.0,1.0,22.0,1.0,0,49.0,0.0,40.0,1,1,1
3037,33.0,4.0,23.0,1.0,0,49.0,1.0,96.0,1,1,1
3038,45.0,2.0,18.0,1.0,3,49.0,2.0,40.0,0,1,1
3039,82.0,1.0,21.0,1.0,0,49.0,0.0,18.0,1,0,1
3040,26.0,1.0,17.0,1.0,0,6.0,16.0,28.0,0,1,0
3041,24.0,1.0,16.0,1.0,1,49.0,17.0,40.0,1,1,0
3042,20.0,1.0,19.0,5.0,1,49.0,13.0,41.0,1,1,0
3043,66.0,7.0,20.0,1.0,3,523.0,14.0,35.0,1,1,0
3044,36.0,1.0,22.0,1.0,0,49.0,2.0,50.0,1,1,1
3045,83.0,1.0,22.0,1.0,2,49.0,0.0,40.0,1,1,1
3046,64.0,1.0,20.0,1.0,0,45.0,0.0,16.0,0,1,1
3047,45.0,1.0,22.0,1.0,0,49.0,0.0,57.0,1,0,1
3048,58.0,1.0,18.0,1.0,2,12.0,0.0,45.0,1,1,1
3049,81.0,1.0,21.0,1.0,0,242.0,0.0,40.0,1,0,1
3050,75.0,1.0,21.0,1.0,0,6.0,0.0,40.0,0,1,1
3051,78.0,3.0,24.0,1.0,0,210.0,1.0,50.0,0,1,1
3052,65.0,1.0,7.0,1.0,1,49.0,0.0,40.0,0,1,0
3053,84.0,1.0,19.0,1.0,4,17.0,1.0,40.0,1,1,1
3054,73.0,7.0,19.0,1.0,3,215.0,0.0,58.0,1,1,0
3055,24.0,1.0,16.0,1.0,2,37.0,2.0,88.0,1,1,1
3056,20.0,2.0,16.0,5.0,3,49.0,0.0,40.0,0,1,0
3057,52.0,5.0,16.0,3.0,3,49.0,0.0,10.0,1,1,1
3058,21.0,1.0,18.0,1.0,3,449.0,0.0,44.0,1,1,0
3059,30.0,1.0,16.0,1.0,1,49.0,0.0,40.0,1,1,0
3060,20.0,7.0,19.0,5.0,4,49.0,2.0,46.0,1,1,1
3061,84.0,1.0,18.0,5.0,1,238.0,2.0,99.0,0,1,0
3062,57.0,1.0,17.0,1.0,0,49.0,1.0,44.0,1,1,1
3063,84.0,1.0,20.0,1.0,0,49.0,1.0,50.0,1,1,1
3064,21.0,1.0,20.0,5.0,0,49.0,2.0,50.0,0,1,1
3065,21.0,1.0,2.0,3.0,0,6.0,0.0,17.0,1,1,1
3066,20.0,3.0,21.0,5.0,0,49.0,2.0,40.0,1,1,1
3067,69.0,1.0,19.0,5.0,2,49.0,15.0,57.0,0,0,0
3068,59.0,1.0,19.0,3.0,0,49.0,0.0,20.0,0,1,1
3069,34.0,1.0,21.0,3.0,0,6.0,0.0,40.0,0,1,0
3070,73.0,3.0,18.0,5.0,0,126.0,0.0,40.0,1,1,0
3071,50.0,1.0,21.0,4.0,0,49.0,0.0,91.0,0,0,0
3072,36.0,2.0,16.0,4.0,2,49.0,0.0,40.0,1,1,0
3073,79.0,1.0,22.0,1.0,0,49.0,0.0,40.0,0,1,1
3074,32.0,1.0,19.0,1.0,2,49.0,0.0,45.0,0,1,1
3075,83.0,1.0,21.0,3.0,0,49.0,0.0,40.0,0,1,0
3076,62.0,8.0,18.0,5.0,4,49.0,3.0,40.0,1,1,1
3077,82.0,1.0,21.0,1.0,2,49.0,1.0,23.0,1,1,0
3078,24.0,3.0,22.0,5.0,0,6.0,2.0,50.0,1,1,1
3079,42.0,1.0,19.0,1.0,1,362.0,1.0,85.0,1,1,1
3080,61.0,1.0,19.0,4.0,1,49.0,0.0,40.0,1,1,0
3081,79.0,1.0,21.0,1.0,2,49.0,0.0,41.0,1,1,0
3082,77.0,1.0,20.0,1.0,2,49.0,0.0,40.0,1,1,1
3083,63.0,2.0,23.0,1.0,0,49.0,0.0,42.0,0,0,1
3084,17.0,1.0,19.0,1.0,2,49.0,2.0,16.0,0,1,0
3085,39.0,1.0,19.0,1.0,2,49.0,1.0,50.0,0,1,1
3086,37.0,4.0,18.0,1.0,2,49.0,3.0,70.0,1,1,1
3087,61.0,1.0,21.0,1.0,0,49.0,0.0,40.0,1,0,1
3088,86.0,5.0,19.0,1.0,3,231.0,0.0,40.0,0,1,1
3089,55.0,7.0,15.0,5.0,4,311.0,17.0,25.0,0,1,0
3090,92.0,1.0,20.0,5.0,2,6.0,2.0,40.0,1,1,1
3091,18.0,1.0,16.0,1.0,1,49.0,1.0,40.0,1,1,0
3092,36.0,2.0,21.0,1.0,0,314.0,1.0,40.0,1,1,1
3093,18.0,1.0,4.0,1.0,1,49.0,1.0,40.0,1,1,1
3094,63.0,1.0,18.0,1.0,1,49.0,0.0,40.0,0,1,1
3095,61.0,1.0,16.0,1.0,4,416.0,1.0,40.0,1,1,1
3096,82.0,2.0,21.0,1.0,0,49.0,0.0,40.0,1,1,1
3097,38.0,1.0,19.0,3.0,4,527.0,0.0,50.0,0,0,1
3098,70.0,5.0,21.0,5.0,1,29.0,2.0,45.0,0,1,0
3099,21.0,2.0,16.0,5.0,3,468.0,0.0,40.0,0,1,1
3100,20.0,3.0,22.0,5.0,0,49.0,2.0,40.0,0,1,0
3101,27.0,1.0,18.0,1.0,3,49.0,0.0,40.0,1,1,0
3102,65.0,1.0,19.0,1.0,0,49.0,1.0,40.0,0,1,1
3103,58.0,1.0,18.0,1.0,2,104.0,1.0,40.0,1,1,1
3104,79.0,1.0,18.0,1.0,0,49.0,0.0,13.0,1,1,0
3105,86.0,1.0,22.0,1.0,2,49.0,0.0,40.0,0,1,1
3106,22.0,1.0,20.0,1.0,2,6.0,1.0,40.0,1,0,1
3107,66.0,2.0,21.0,1.0,0,49.0,0.0,8.0,1,1,1
3108,75.0,1.0,16.0,1.0,3,20.0,1.0,40.0,1,1,1
3109,32.0,1.0,21.0,5.0,0,29.0,0.0,23.0,1,0,0
3110,81.0,1.0,18.0,1.0,4,49.0,0.0,40.0,1,1,0
3111,50.0,1.0,21.0,1.0,0,49.0,0.0,40.0,0,1,1
3112,36.0,1.0,19.0,1.0,2,24.0,0.0,99.0,0,1,1
3113,73.0,1.0,22.0,1.0,0,49.0,14.0,40.0,0,1,1
3114,30.0,1.0,16.0,5.0,2,236.0,2.0,40.0,1,1,0
3115,79.0,1.0,21.0,1.0,0,49.0,1.0,40.0,1,1,1
3116,81.0,4.0,8.0,5.0,1,49.0,0.0,40.0,0,1,0
3117,31.0,1.0,20.0,1.0,2,49.0,0.0,47.0,0,1,0
3118,52.0,1.0,18.0,1.0,3,10.0,0.0,4.0,0,1,1
3119,45.0,1.0,6.0,1.0,0,362.0,0.0,36.0,0,1,1
3120,70.0,4.0,19.0,5.0,0,49.0,2.0,40.0,0,1,0
3121,47.0,1.0,19.0,1.0,4,134.0,0.0,51.0,0,1,0
3122,57.0,1.0,20.0,1.0,0,370.0,0.0,45.0,1,1,1
3123,18.0,3.0,20.0,1.0,0,119.0,0.0,6.0,1,1,1
3124,46.0,7.0,19.0,1.0,3,10.0,0.0,40.0,1,1,0
3125,17.0,1.0,21.0,5.0,0,44.0,2.0,40.0,1,1,1
3126,73.0,2.0,16.0,1.0,3,6.0,1.0,50.0,1,1,1
3127,58.0,1.0,21.0,1.0,2,442.0,1.0,68.0,1,1,1
3128,52.0,1.0,22.0,1.0,2,41.0,1.0,26.0,0,1,0
3129,27.0,1.0,1.0,3.0,0,49.0,0.0,8.0,1,1,1
3130,62.0,3.0,19.0,1.0,4,49.0,0.0,20.0,1,1,1
3131,30.0,2.0,16.0,1.0,2,6.0,0.0,40.0,1,1,1
3132,21.0,4.0,16.0,1.0,2,41.0,1.0,40.0,1,1,1
3133,25.0,1.0,19.0,1.0,1,2.0,0.0,28.0,0,1,0
3134,67.0,1.0,21.0,1.0,0,104.0,0.0,45.0,0,1,1
3135,79.0,1.0,10.0,1.0,1,49.0,1.0,40.0,1,1,0
3136,36.0,3.0,20.0,1.0,0,369.0,0.0,20.0,1,1,1
3137,60.0,1.0,20.0,1.0,2,49.0,1.0,40.0,1,1,1
3138,21.0,6.0,21.0,5.0,0,6.0,0.0,50.0,1,1,1
3139,40.0,1.0,8.0,5.0,4,49.0,0.0,50.0,0,1,1
3140,29.0,1.0,9.0,1.0,0,6.0,1.0,40.0,1,1,1
3141,63.0,2.0,22.0,5.0,0,49.0,2.0,45.0,0,0,0
3142,35.0,2.0,20.0,1.0,3,49.0,1.0,13.0,0,1,0
3143,22.0,1.0,18.0,1.0,3,49.0,1.0,40.0,1,1,1
3144,22.0,3.0,20.0,1.0,0,6.0,1.0,55.0,0,1,0
3145,68.0,4.0,21.0,1.0,1,6.0,1.0,40.0,0,1,0
3146,22.0,3.0,5.0,1.0,0,49.0,1.0,40.0,0,1,1
3147,31.0,3.0,19.0,1.0,1,49.0,0.0,45.0,1,1,1
3148,63.0,3.0,19.0,1.0,3,117.0,1.0,19.0,1,1,1
3149,75.0,1.0,18.0,5.0,1,49.0,12.0,16.0,0,1,0
3150,87.0,1.0,19.0,5.0,3,207.0,12.0,3.0,0,1,0
3151,49.0,2.0,21.0,1.0,0,49.0,0.0,56.0,0,1,0
3152,28.0,1.0,20.0,1.0,3,49.0,0.0,40.0,1,1,1
3153,39.0,4.0,21.0,1.0,0,49.0,1.0,40.0,1,1,1
3154,21.0,1.0,20.0,1.0,2,511.0,0.0,40.0,0,1,1
3155,21.0,4.0,20.0,3.0,2,117.0,0.0,39.0,0,1,0
3156,23.0,1.0,16.0,1.0,4,6.0,11.0,40.0,1,1,1
3157,29.0,1.0,19.0,1.0,1,6.0,1.0,21.0,0,1,0
3158,68.0,3.0,18.0,5.0,4,49.0,13.0,21.0,0,1,0
3159,70.0,1.0,5.0,1.0,0,11.0,0.0,19.0,1,1,1
3160,21.0,1.0,16.0,1.0,4,6.0,3.0,20.0,0,1,0
3161,29.0,1.0,16.0,5.0,4,49.0,14.0,40.0,0,1,0
3162,40.0,7.0,16.0,1.0,1,40.0,1.0,5.0,1,1,0
3163,87.0,1.0,18.0,1.0,3,17.0,0.0,50.0,1,1,1
3164,29.0,1.0,11.0,1.0,4,49.0,1.0,50.0,0,0,0
3165,60.0,1.0,21.0,3.0,2,49.0,1.0,45.0,1,1,1
3166,27.0,1.0,16.0,1.0,2,49.0,1.0,14.0,0,1,0
3167,54.0,1.0,20.0,1.0,0,49.0,13.0,40.0,0,1,1
3168,25.0,1.0,19.0,1.0,1,49.0,2.0,31.0,1,1,0
3169,20.0,1.0,16.0,5.0,4,49.0,2.0,20.0,0,1,0
3170,21.0,4.0,16.0,1.0,2,6.0,1.0,50.0,1,1,1
3171,24.0,1.0,22.0,5.0,2,49.0,2.0,40.0,0,0,0
3172,72.0,3.0,19.0,1.0,1,136.0,1.0,60.0,1,1,1
3173,47.0,1.0,19.0,5.0,0,49.0,11.0,78.0,1,1,0
3174,25.0,5.0,16.0,5.0,3,200.0,0.0,20.0,1,1,0
3175,72.0,3.0,16.0,1.0,1,49.0,0.0,24.0,0,1,0
3176,22.0,1.0,16.0,5.0,1,49.0,1.0,23.0,0,1,0
3177,77.0,1.0,11.0,5.0,1,49.0,17.0,19.0,0,0,0
3178,72.0,1.0,21.0,1.0,1,49.0,1.0,50.0,0,1,1
3179,39.0,1.0,19.0,5.0,1,49.0,2.0,40.0,1,1,0
3180,45.0,2.0,22.0,1.0,2,49.0,1.0,40.0,1,1,0
3181,78.0,3.0,19.0,1.0,-1,369.0,1.0,20.0,0,1,0
3182,32.0,1.0,5.0,5.0,0,49.0,6.0,40.0,1,1,0
3183,75.0,3.0,16.0,5.0,2,49.0,2.0,20.0,0,1,0
3184,29.0,4.0,21.0,1.0,2,6.0,0.0,6.0,0,1,0
3185,18.0,1.0,16.0,5.0,3,6.0,4.0,22.0,1,1,0
3186,61.0,8.0,18.0,1.0,3,49.0,1.0,40.0,0,1,0
3187,36.0,1.0,21.0,1.0,2,449.0,1.0,40.0,1,1,0
3188,27.0,2.0,18.0,5.0,2,49.0,1.0,67.0,1,0,0
3189,92.0,4.0,21.0,1.0,0,49.0,0.0,50.0,1,1,1
3190,45.0,1.0,20.0,5.0,1,49.0,13.0,40.0,0,1,1
3191,60.0,1.0,19.0,1.0,0,49.0,0.0,58.0,0,1,0
3192,27.0,4.0,20.0,5.0,2,49.0,2.0,20.0,1,1,0
3193,44.0,8.0,1.0,1.0,0,49.0,1.0,29.0,0,1,1
3194,39.0,1.0,21.0,5.0,2,49.0,0.0,45.0,1,1,1
3195,74.0,1.0,16.0,1.0,4,54.0,0.0,54.0,0,1,0
3196,77.0,1.0,16.0,1.0,2,49.0,14.0,40.0,1,1,1
3197,60.0,1.0,17.0,1.0,1,49.0,0.0,68.0,0,1,0
3198,82.0,2.0,19.0,1.0,0,200.0,0.0,45.0,1,1,1
3199,63.0,1.0,18.0,1.0,0,49.0,1.0,14.0,0,1,1
3200,28.0,1.0,16.0,5.0,4,49.0,10.0,20.0,0,1,0
3201,28.0,7.0,19.0,1.0,3,49.0,1.0,40.0,1,1,0
3202,87.0,6.0,21.0,1.0,0,370.0,2.0,40.0,1,1,1
3203,79.0,6.0,19.0,1.0,3,49.0,0.0,45.0,1,1,1
3204,72.0,1.0,21.0,4.0,0,13.0,2.0,21.0,0,1,0
3205,92.0,5.0,19.0,5.0,1,49.0,2.0,26.0,0,1,0
3206,57.0,1.0,1.0,1.0,4,49.0,1.0,40.0,0,1,0
3207,49.0,3.0,18.0,5.0,0,1.0,2.0,40.0,1,1,0
3208,64.0,1.0,5.0,1.0,0,12.0,0.0,40.0,1,1,1
3209,63.0,1.0,21.0,1.0,0,49.0,0.0,40.0,0,1,0
3210,21.0,1.0,11.0,5.0,1,21.0,2.0,40.0,0,1,0
3211,87.0,5.0,19.0,2.0,4,49.0,0.0,40.0,0,1,0
3212,27.0,1.0,19.0,3.0,2,362.0,0.0,20.0,0,1,0
3213,45.0,3.0,16.0,5.0,1,49.0,9.0,34.0,1,0,0
3214,84.0,7.0,19.0,3.0,3,49.0,8.0,99.0,1,1,1
3215,69.0,1.0,18.0,1.0,0,49.0,0.0,70.0,1,1,0
3216,41.0,1.0,4.0,1.0,0,51.0,1.0,50.0,1,1,1
3217,56.0,2.0,9.0,1.0,0,139.0,1.0,47.0,0,1,1
3218,74.0,1.0,20.0,1.0,0,49.0,0.0,40.0,0,1,1
3219,66.0,2.0,22.0,1.0,0,49.0,1.0,40.0,1,1,1
3220,70.0,1.0,21.0,5.0,1,49.0,6.0,40.0,0,1,0
3221,55.0,1.0,20.0,5.0,2,49.0,2.0,40.0,0,1,1
3222,49.0,6.0,16.0,1.0,1,49.0,0.0,40.0,1,1,1
3223,73.0,2.0,20.0,1.0,2,49.0,1.0,50.0,1,1,0
3224,55.0,3.0,22.0,1.0,0,49.0,0.0,50.0,1,0,1
3225,23.0,7.0,20.0,3.0,0,49.0,0.0,11.0,1,1,1
3226,33.0,1.0,6.0,1.0,0,49.0,0.0,40.0,0,1,1
3227,37.0,1.0,20.0,3.0,2,6.0,0.0,50.0,0,1,1
3228,92.0,1.0,20.0,1.0,3,49.0,1.0,40.0,1,1,1
3229,59.0,1.0,16.0,1.0,3,49.0,1.0,40.0,0,1,1
3230,17.0,2.0,22.0,1.0,0,49.0,0.0,45.0,0,1,1
3231,66.0,3.0,21.0,5.0,0,49.0,0.0,45.0,1,1,1
3232,83.0,1.0,4.0,1.0,0,49.0,1.0,40.0,1,1,1
3233,69.0,7.0,16.0,5.0,4,49.0,0.0,40.0,0,1,0
3234,19.0,1.0,21.0,1.0,0,49.0,0.0,40.0,1,1,1
3235,39.0,1.0,22.0,5.0,0,25.0,2.0,40.0,0,0,0
3236,38.0,1.0,21.0,5.0,1,217.0,12.0,40.0,0,1,0
3237,48.0,1.0,19.0,1.0,1,314.0,0.0,50.0,1,1,1
3238,40.0,1.0,19.0,3.0,1,6.0,0.0,45.0,1,1,1
3239,55.0,1.0,20.0,5.0,1,6.0,2.0,40.0,1,1,1
3240,74.0,1.0,21.0,5.0,1,49.0,2.0,40.0,0,1,0
3241,29.0,4.0,19.0,1.0,0,49.0,1.0,40.0,1,1,1
3242,34.0,8.0,20.0,1.0,3,49.0,1.0,40.0,1,1,1
3243,79.0,1.0,21.0,1.0,-1,49.0,0.0,55.0,0,0,0
3244,21.0,1.0,4.0,1.0,4,6.0,1.0,40.0,1,1,1
3245,66.0,1.0,16.0,1.0,4,222.0,0.0,40.0,1,1,1
3246,20.0,1.0,22.0,5.0,2,49.0,2.0,40.0,1,1,1
3247,79.0,4.0,21.0,1.0,0,49.0,0.0,45.0,0,1,1
3248,60.0,1.0,20.0,1.0,3,206.0,1.0,65.0,1,1,0
3249,54.0,1.0,16.0,1.0,4,49.0,1.0,34.0,0,1,1
3250,70.0,1.0,20.0,1.0,2,49.0,0.0,40.0,1,1,0
3251,27.0,1.0,18.0,1.0,0,21.0,0.0,48.0,1,1,1
3252,44.0,8.0,19.0,1.0,1,24.0,0.0,42.0,1,1,0
3253,28.0,2.0,22.0,3.0,2,49.0,0.0,20.0,1,1,0
3254,66.0,3.0,19.0,1.0,1,365.0,1.0,6.0,0,1,0
3255,83.0,2.0,6.0,1.0,0,49.0,1.0,96.0,0,1,0
3256,83.0,1.0,19.0,5.0,4,49.0,2.0,18.0,0,1,0
3257,45.0,1.0,19.0,1.0,0,49.0,1.0,55.0,1,0,0
3258,26.0,1.0,16.0,5.0,2,1.0,2.0,40.0,1,1,0
3259,42.0,1.0,21.0,1.0,0,16.0,1.0,16.0,0,1,0
3260,55.0,1.0,21.0,1.0,1,106.0,1.0,40.0,1,1,1
3261,29.0,1.0,18.0,5.0,-1,49.0,2.0,40.0,1,1,0
3262,47.0,1.0,18.0,1.0,0,49.0,1.0,88.0,0,1,1
3263,34.0,1.0,21.0,1.0,1,6.0,0.0,40.0,0,1,1
3264,20.0,1.0,21.0,5.0,1,49.0,0.0,50.0,0,1,0
3265,56.0,4.0,22.0,1.0,0,49.0,1.0,60.0,0,1,1
3266,62.0,1.0,18.0,1.0,1,207.0,0.0,42.0,1,1,0
3267,24.0,2.0,22.0,2.0,0,49.0,0.0,58.0,0,1,0
3268,23.0,1.0,19.0,1.0,0,49.0,1.0,45.0,1,1,1
3269,33.0,1.0,16.0,3.0,4,55.0,0.0,50.0,0,0,1
3270,52.0,1.0,19.0,1.0,3,32.0,0.0,24.0,1,1,1
3271,43.0,4.0,22.0,5.0,0,49.0,2.0,40.0,0,1,0
3272,49.0,1.0,19.0,5.0,4,245.0,4.0,53.0,1,1,0
3273,84.0,1.0,19.0,1.0,3,49.0,1.0,50.0,0,1,1
3274,50.0,1.0,6.0,1.0,4,26.0,0.0,40.0,0,1,1
3275,70.0,3.0,21.0,1.0,0,49.0,0.0,9.0,0,1,0
3276,72.0,1.0,22.0,5.0,0,39.0,2.0,2.0,0,1,0
3277,63.0,4.0,22.0,1.0,0,49.0,7.0,50.0,1,1,1
3278,40.0,1.0,19.0,5.0,0,49.0,15.0,45.0,0,1,0
3279,70.0,1.0,16.0,1.0,3,49.0,1.0,40.0,1,1,0
3280,45.0,1.0,18.0,1.0,0,22.0,0.0,57.0,0,1,1
3281,36.0,3.0,22.0,1.0,0,440.0,0.0,80.0,1,1,0
3282,56.0,4.0,19.0,1.0,2,47.0,0.0,40.0,1,1,1
3283,48.0,1.0,1.0,1.0,0,49.0,0.0,51.0,0,0,1
3284,30.0,4.0,10.0,1.0,0,49.0,1.0,40.0,1,1,1
3285,17.0,4.0,2.0,5.0,0,49.0,2.0,20.0,0,1,0
3286,26.0,1.0,18.0,1.0,0,49.0,11.0,40.0,1,1,1
3287,36.0,4.0,19.0,3.0,2,9.0,0.0,31.0,0,1,0
3288,51.0,4.0,20.0,5.0,2,32.0,0.0,80.0,1,1,0
3289,26.0,3.0,16.0,5.0,3,49.0,0.0,40.0,0,1,0
3290,21.0,1.0,19.0,5.0,1,412.0,16.0,38.0,0,1,0
3291,75.0,1.0,22.0,5.0,0,49.0,0.0,53.0,0,1,0
3292,44.0,1.0,16.0,5.0,3,11.0,6.0,5.0,0,1,0
3293,49.0,7.0,20.0,1.0,3,49.0,0.0,18.0,1,1,1
3294,21.0,1.0,20.0,5.0,0,22.0,0.0,30.0,1,1,1
3295,71.0,1.0,19.0,1.0,0,203.0,1.0,21.0,0,1,1
3296,66.0,4.0,21.0,1.0,0,49.0,0.0,37.0,0,1,1
3297,78.0,1.0,22.0,1.0,0,49.0,1.0,40.0,1,0,1
3298,49.0,2.0,16.0,1.0,3,49.0,0.0,52.0,1,1,0
3299,86.0,1.0,16.0,1.0,3,49.0,1.0,45.0,1,1,1
3300,37.0,5.0,16.0,5.0,1,49.0,2.0,37.0,0,1,0
3301,64.0,1.0,21.0,1.0,0,49.0,0.0,59.0,0,1,1
3302,46.0,1.0,19.0,2.0,1,49.0,0.0,52.0,1,1,0
3303,61.0,1.0,18.0,1.0,1,49.0,0.0,67.0,1,1,0
3304,25.0,3.0,19.0,5.0,0,49.0,2.0,45.0,1,1,0
3305,65.0,1.0,19.0,1.0,4,49.0,1.0,40.0,1,1,1
3306,72.0,1.0,18.0,1.0,2,49.0,0.0,40.0,0,1,1
3307,64.0,1.0,19.0,1.0,2,49.0,0.0,75.0,1,1,0
3308,68.0,4.0,19.0,1.0,2,109.0,1.0,96.0,1,1,1
3309,78.0,1.0,13.0,1.0,0,49.0,0.0,40.0,1,1,1
3310,18.0,1.0,21.0,5.0,0,49.0,11.0,40.0,0,0,0
3311,27.0,1.0,20.0,1.0,2,163.0,0.0,40.0,0,1,1
3312,26.0,1.0,16.0,5.0,1,49.0,2.0,40.0,0,1,0
3313,44.0,1.0,19.0,4.0,0,16.0,2.0,40.0,1,1,0
3314,92.0,1.0,16.0,5.0,2,49.0,0.0,20.0,1,1,0
3315,58.0,3.0,21.0,5.0,0,49.0,2.0,38.0,1,1,0
3316,84.0,1.0,12.0,1.0,1,51.0,0.0,4.0,1,1,1
3317,66.0,5.0,18.0,1.0,1,427.0,0.0,40.0,1,1,1
3318,32.0,1.0,16.0,1.0,4,315.0,0.0,40.0,0,1,0
3319,20.0,1.0,16.0,5.0,1,49.0,0.0,40.0,1,1,0
3320,81.0,4.0,20.0,1.0,0,49.0,1.0,11.0,1,1,1
3321,48.0,1.0,19.0,5.0,0,45.0,0.0,45.0,1,1,1
3322,41.0,1.0,5.0,1.0,0,49.0,0.0,40.0,0,1,0
3323,35.0,1.0,20.0,1.0,2,373.0,0.0,40.0,1,1,1
3324,25.0,1.0,18.0,5.0,4,49.0,0.0,32.0,1,1,0
3325,23.0,1.0,16.0,5.0,4,49.0,12.0,20.0,1,1,1
3326,23.0,1.0,16.0,1.0,4,137.0,16.0,45.0,1,1,1
3327,61.0,3.0,21.0,1.0,0,49.0,1.0,45.0,0,1,1
3328,80.0,1.0,13.0,5.0,1,217.0,12.0,80.0,0,1,0
3329,44.0,1.0,21.0,3.0,0,49.0,0.0,80.0,1,1,1
3330,25.0,3.0,22.0,5.0,0,215.0,2.0,56.0,1,1,0
3331,40.0,1.0,21.0,5.0,2,222.0,2.0,20.0,1,1,0
3332,69.0,1.0,18.0,5.0,3,49.0,2.0,60.0,0,1,0
3333,44.0,1.0,22.0,1.0,0,49.0,1.0,23.0,1,1,1
3334,32.0,1.0,21.0,1.0,0,49.0,0.0,40.0,1,1,1
3335,49.0,1.0,22.0,4.0,0,49.0,0.0,67.0,0,1,0
3336,73.0,8.0,16.0,1.0,1,49.0,0.0,24.0,0,1,0
3337,70.0,1.0,16.0,1.0,4,6.0,1.0,40.0,1,1,1
3338,76.0,3.0,20.0,3.0,0,6.0,0.0,40.0,1,1,0
3339,75.0,1.0,22.0,1.0,0,6.0,1.0,40.0,1,1,1
3340,62.0,1.0,20.0,1.0,2,49.0,0.0,40.0,0,1,0
3341,74.0,1.0,21.0,5.0,2,49.0,1.0,84.0,0,1,0
3342,62.0,7.0,16.0,5.0,4,49.0,7.0,50.0,1,1,1
3343,80.0,1.0,20.0,1.0,2,49.0,1.0,40.0,0,1,0
3344,21.0,1.0,16.0,3.0,1,6.0,0.0,40.0,1,1,1
3345,25.0,1.0,21.0,1.0,2,49.0,1.0,40.0,0,1,0
3346,82.0,1.0,19.0,1.0,3,222.0,0.0,40.0,1,1,0
3347,21.0,2.0,21.0,1.0,0,449.0,1.0,45.0,1,1,0
3348,30.0,4.0,20.0,1.0,2,369.0,0.0,40.0,1,1,0
3349,65.0,2.0,16.0,3.0,3,49.0,15.0,50.0,1,1,1
3350,40.0,1.0,16.0,5.0,4,49.0,4.0,40.0,0,1,0
3351,58.0,3.0,21.0,1.0,0,49.0,0.0,1.0,1,1,0
3352,25.0,1.0,20.0,1.0,0,49.0,0.0,40.0,1,1,1
3353,62.0,3.0,19.0,1.0,0,138.0,1.0,40.0,1,1,1
3354,82.0,7.0,20.0,1.0,3,162.0,1.0,40.0,0,0,1
3355,24.0,1.0,19.0,1.0,2,372.0,0.0,40.0,1,1,1
3356,50.0,1.0,22.0,1.0,2,49.0,0.0,40.0,1,1,1
3357,22.0,6.0,21.0,1.0,0,49.0,0.0,50.0,0,1,1
3358,53.0,1.0,20.0,1.0,0,49.0,0.0,20.0,0,1,1
3359,70.0,1.0,4.0,5.0,0,33.0,0.0,40.0,0,1,0
3360,57.0,4.0,16.0,4.0,1,6.0,0.0,20.0,1,1,0
3361,68.0,1.0,21.0,1.0,2,6.0,1.0,25.0,1,1,1
3362,21.0,1.0,20.0,1.0,0,49.0,0.0,40.0,1,1,1
3363,40.0,1.0,16.0,1.0,4,49.0,1.0,20.0,0,1,0
3364,33.0,2.0,22.0,1.0,0,49.0,0.0,40.0,1,1,1
3365,17.0,3.0,2.0,5.0,0,11.0,2.0,20.0,1,1,0
3366,31.0,1.0,16.0,1.0,2,49.0,2.0,40.0,1,1,1
3367,81.0,3.0,20.0,5.0,0,368.0,5.0,40.0,0,1,0
3368,49.0,1.0,16.0,1.0,3,49.0,0.0,20.0,1,1,1
3369,82.0,1.0,20.0,5.0,1,6.0,0.0,40.0,1,1,0
3370,21.0,1.0,8.0,5.0,0,451.0,5.0,45.0,0,1,0
3371,29.0,1.0,19.0,1.0,2,49.0,1.0,40.0,0,1,1
3372,43.0,4.0,19.0,5.0,2,11.0,2.0,40.0,0,1,0
3373,45.0,1.0,19.0,2.0,2,436.0,0.0,40.0,0,1,0
3374,84.0,1.0,20.0,1.0,1,49.0,0.0,20.0,0,1,0
3375,65.0,1.0,21.0,1.0,0,527.0,0.0,40.0,1,1,1
3376,87.0,2.0,20.0,1.0,0,6.0,0.0,22.0,0,0,1
3377,26.0,1.0,18.0,5.0,1,28.0,13.0,40.0,0,1,0
3378,28.0,1.0,21.0,1.0,1,49.0,1.0,40.0,1,1,1
3379,51.0,1.0,16.0,1.0,4,66.0,0.0,40.0,1,1,0
3380,38.0,4.0,22.0,3.0,0,49.0,0.0,40.0,1,0,1
3381,61.0,1.0,20.0,1.0,0,49.0,0.0,40.0,1,1,1
3382,84.0,1.0,11.0,1.0,0,49.0,0.0,50.0,1,1,1
3383,36.0,1.0,19.0,1.0,1,60.0,0.0,70.0,0,0,0
3384,48.0,1.0,16.0,1.0,3,49.0,1.0,50.0,1,1,1
3385,38.0,1.0,22.0,3.0,0,49.0,0.0,40.0,1,1,0
3386,43.0,1.0,19.0,5.0,2,49.0,2.0,11.0,0,1,0
3387,44.0,1.0,10.0,1.0,1,49.0,0.0,68.0,0,1,0
3388,65.0,1.0,4.0,1.0,4,49.0,1.0,40.0,1,1,1
3389,47.0,1.0,19.0,1.0,1,117.0,1.0,20.0,0,1,0
3390,79.0,1.0,9.0,5.0,4,49.0,2.0,40.0,1,1,0
3391,77.0,8.0,18.0,5.0,1,515.0,2.0,90.0,0,1,0
3392,84.0,1.0,18.0,5.0,4,49.0,12.0,22.0,0,1,0
3393,31.0,1.0,19.0,1.0,2,49.0,0.0,50.0,1,1,1
3394,62.0,7.0,20.0,5.0,3,49.0,4.0,40.0,1,1,0
3395,84.0,1.0,21.0,3.0,1,6.0,0.0,85.0,0,1,1
3396,24.0,2.0,21.0,1.0,0,448.0,1.0,40.0,1,0,1
3397,46.0,1.0,22.0,5.0,0,45.0,2.0,40.0,1,1,1
3398,39.0,1.0,16.0,1.0,4,49.0,0.0,20.0,1,1,0
3399,31.0,1.0,16.0,1.0,1,9.0,1.0,5.0,0,1,0
3400,77.0,4.0,16.0,5.0,1,49.0,2.0,9.0,0,1,0
3401,46.0,1.0,19.0,1.0,4,49.0,0.0,50.0,1,1,0
3402,29.0,6.0,18.0,5.0,1,49.0,2.0,20.0,1,1,0
3403,64.0,1.0,21.0,1.0,1,72.0,1.0,42.0,0,1,0
3404,24.0,1.0,19.0,5.0,2,49.0,2.0,57.0,0,1,0
3405,72.0,4.0,17.0,5.0,1,49.0,5.0,65.0,0,1,0
3406,23.0,1.0,14.0,1.0,1,49.0,1.0,20.0,1,1,0
3407,86.0,8.0,18.0,5.0,1,6.0,13.0,20.0,1,1,0
3408,19.0,1.0,21.0,1.0,1,209.0,0.0,26.0,0,1,0
3409,41.0,1.0,24.0,5.0,0,49.0,17.0,20.0,1,1,0
3410,21.0,1.0,21.0,1.0,1,6.0,0.0,40.0,1,1,1
3411,26.0,3.0,19.0,1.0,1,49.0,0.0,40.0,1,1,0
3412,73.0,1.0,16.0,1.0,3,13.0,1.0,50.0,1,1,1
3413,65.0,7.0,21.0,3.0,1,21.0,0.0,40.0,1,1,0
3414,69.0,1.0,19.0,5.0,3,412.0,2.0,40.0,1,1,1
3415,59.0,3.0,21.0,3.0,0,49.0,0.0,40.0,0,1,1
3416,57.0,4.0,21.0,1.0,2,49.0,0.0,21.0,0,1,1
3417,21.0,1.0,16.0,1.0,1,49.0,1.0,40.0,1,1,1
3418,20.0,7.0,16.0,5.0,3,49.0,9.0,50.0,1,1,1
3419,45.0,3.0,23.0,1.0,4,49.0,0.0,40.0,1,0,1
3420,30.0,1.0,19.0,4.0,1,163.0,0.0,20.0,1,1,0
3421,60.0,1.0,16.0,1.0,3,136.0,1.0,40.0,1,1,1
3422,78.0,1.0,20.0,1.0,0,39.0,1.0,40.0,1,0,1
3423,31.0,6.0,16.0,5.0,1,49.0,2.0,40.0,1,1,0
3424,67.0,1.0,19.0,1.0,2,6.0,2.0,40.0,0,1,1
3425,25.0,4.0,20.0,5.0,0,55.0,2.0,37.0,0,1,0
3426,83.0,1.0,21.0,1.0,2,49.0,0.0,40.0,0,1,0
3427,87.0,3.0,13.0,5.0,0,49.0,7.0,10.0,0,1,0
3428,77.0,1.0,21.0,1.0,0,49.0,1.0,40.0,0,1,1
3429,42.0,1.0,19.0,5.0,3,49.0,0.0,59.0,0,1,0
3430,36.0,1.0,16.0,1.0,2,365.0,0.0,91.0,0,1,1
3431,43.0,1.0,22.0,5.0,0,49.0,1.0,88.0,1,1,0
3432,84.0,1.0,23.0,1.0,0,164.0,0.0,40.0,1,1,1
3433,20.0,1.0,18.0,5.0,4,49.0,2.0,45.0,0,1,0
3434,29.0,1.0,18.0,1.0,4,35.0,0.0,8.0,0,0,1
3435,44.0,1.0,19.0,1.0,3,49.0,0.0,40.0,1,1,0
3436,57.0,1.0,16.0,1.0,2,160.0,1.0,40.0,0,1,0
3437,41.0,4.0,1.0,1.0,0,329.0,1.0,40.0,1,1,1
3438,81.0,1.0,23.0,1.0,4,27.0,1.0,88.0,1,1,0
3439,25.0,1.0,21.0,5.0,5,245.0,0.0,10.0,0,1,0
3440,56.0,1.0,18.0,5.0,0,49.0,2.0,91.0,1,1,0
3441,52.0,1.0,18.0,1.0,3,49.0,0.0,40.0,1,0,0
3442,86.0,1.0,19.0,1.0,2,6.0,0.0,20.0,1,0,1
3443,48.0,1.0,21.0,5.0,2,49.0,0.0,20.0,0,0,0
3444,42.0,1.0,11.0,1.0,4,362.0,2.0,20.0,0,1,0
3445,54.0,1.0,22.0,1.0,0,49.0,1.0,60.0,0,1,1
3446,62.0,2.0,19.0,5.0,0,49.0,16.0,40.0,1,0,1
3447,56.0,1.0,16.0,1.0,4,34.0,0.0,36.0,0,1,0
3448,46.0,1.0,21.0,3.0,0,5.0,0.0,57.0,0,1,0
3449,82.0,1.0,21.0,5.0,1,30.0,2.0,50.0,1,1,0
3450,51.0,7.0,19.0,1.0,4,49.0,1.0,20.0,0,1,1
3451,20.0,6.0,20.0,5.0,3,49.0,0.0,55.0,0,1,0
3452,68.0,1.0,21.0,1.0,0,49.0,1.0,10.0,1,1,1
3453,62.0,1.0,21.0,1.0,1,49.0,0.0,28.0,1,1,0
3454,35.0,3.0,22.0,3.0,0,49.0,16.0,40.0,0,1,1
3455,75.0,1.0,18.0,5.0,0,49.0,6.0,40.0,0,1,0
3456,48.0,6.0,16.0,5.0,4,38.0,2.0,40.0,0,1,0
3457,59.0,3.0,20.0,3.0,3,49.0,0.0,40.0,0,0,1
3458,34.0,1.0,18.0,1.0,2,49.0,1.0,40.0,1,1,1
3459,75.0,3.0,18.0,1.0,0,6.0,2.0,40.0,1,1,1
3460,71.0,4.0,16.0,5.0,1,49.0,0.0,11.0,0,1,0
3461,21.0,4.0,21.0,1.0,0,49.0,1.0,40.0,0,1,1
3462,25.0,7.0,19.0,1.0,3,40.0,1.0,57.0,0,1,1
3463,45.0,7.0,19.0,1.0,1,20.0,8.0,40.0,0,1,0
3464,74.0,4.0,4.0,1.0,0,49.0,1.0,40.0,0,1,1
3465,87.0,1.0,20.0,1.0,2,6.0,0.0,13.0,0,1,1
3466,65.0,3.0,16.0,2.0,3,362.0,7.0,16.0,1,1,0
3467,47.0,4.0,22.0,1.0,0,41.0,0.0,40.0,1,1,1
3468,35.0,1.0,19.0,1.0,2,368.0,1.0,40.0,1,1,0
3469,38.0,2.0,16.0,3.0,2,15.0,0.0,20.0,0,0,1
3470,33.0,1.0,21.0,5.0,0,49.0,10.0,47.0,1,1,1
3471,64.0,1.0,18.0,1.0,1,362.0,0.0,19.0,0,1,1
3472,33.0,1.0,20.0,5.0,3,150.0,0.0,40.0,0,1,0
3473,32.0,1.0,16.0,1.0,3,501.0,1.0,50.0,1,1,1
3474,41.0,1.0,16.0,1.0,2,6.0,0.0,40.0,1,1,1
3475,25.0,6.0,21.0,1.0,0,50.0,0.0,20.0,0,1,0
3476,71.0,1.0,20.0,1.0,0,217.0,1.0,40.0,1,1,1
3477,47.0,1.0,22.0,1.0,0,49.0,1.0,50.0,1,1,1
3478,71.0,1.0,18.0,1.0,2,235.0,1.0,12.0,1,1,0
3479,82.0,5.0,16.0,5.0,4,49.0,0.0,20.0,1,1,0
3480,34.0,2.0,19.0,1.0,2,49.0,0.0,40.0,0,1,1
3481,48.0,1.0,11.0,5.0,1,301.0,2.0,65.0,0,1,0
3482,61.0,8.0,21.0,5.0,1,49.0,2.0,52.0,1,1,0
3483,46.0,1.0,20.0,4.0,0,222.0,0.0,40.0,1,1,0
3484,67.0,1.0,16.0,1.0,4,6.0,1.0,42.0,0,1,0
3485,75.0,1.0,18.0,1.0,1,49.0,1.0,20.0,0,1,0
3486,81.0,1.0,16.0,1.0,2,238.0,1.0,40.0,0,1,1
3487,43.0,1.0,16.0,1.0,3,205.0,1.0,25.0,0,0,0
3488,20.0,1.0,19.0,5.0,4,49.0,0.0,7.0,0,1,0
3489,59.0,1.0,21.0,1.0,0,49.0,0.0,50.0,1,1,1
3490,68.0,3.0,18.0,1.0,0,49.0,0.0,50.0,0,1,1
3491,69.0,1.0,16.0,3.0,1,468.0,0.0,40.0,1,1,0
3492,77.0,4.0,21.0,1.0,0,49.0,1.0,72.0,0,1,0
3493,40.0,1.0,21.0,1.0,2,137.0,1.0,20.0,1,1,1
3494,22.0,1.0,22.0,5.0,0,223.0,2.0,40.0,1,1,1
3495,40.0,1.0,16.0,5.0,3,436.0,0.0,20.0,1,0,0
3496,70.0,3.0,19.0,5.0,0,207.0,16.0,40.0,1,1,0
3497,21.0,1.0,21.0,5.0,0,6.0,2.0,40.0,0,1,1
3498,74.0,1.0,15.0,1.0,1,49.0,2.0,40.0,1,0,1
3499,23.0,4.0,2.0,1.0,1,49.0,0.0,20.0,0,1,0
3500,86.0,4.0,21.0,1.0,0,49.0,0.0,40.0,0,1,0
3501,41.0,1.0,22.0,3.0,0,301.0,0.0,11.0,1,1,1
3502,53.0,4.0,21.0,1.0,0,235.0,1.0,40.0,1,1,1
3503,75.0,1.0,16.0,5.0,4,6.0,0.0,4.0,0,1,0
3504,40.0,1.0,22.0,3.0,0,6.0,0.0,40.0,1,1,1
3505,75.0,1.0,1.0,1.0,0,49.0,0.0,17.0,1,1,1
3506,56.0,1.0,21.0,5.0,2,49.0,0.0,20.0,0,1,0
3507,32.0,1.0,20.0,1.0,1,49.0,0.0,40.0,1,1,1
3508,48.0,4.0,22.0,1.0,0,49.0,0.0,38.0,1,0,1
3509,55.0,1.0,16.0,1.0,3,249.0,1.0,40.0,1,0,1
3510,38.0,3.0,6.0,3.0,0,12.0,0.0,40.0,1,1,1
3511,29.0,3.0,21.0,5.0,5,49.0,2.0,20.0,0,1,0
3512,77.0,1.0,16.0,5.0,2,332.0,0.0,40.0,0,1,0
3513,42.0,2.0,16.0,1.0,2,49.0,1.0,45.0,0,1,1
3514,38.0,3.0,20.0,3.0,0,364.0,0.0,40.0,1,1,1
3515,36.0,3.0,18.0,5.0,4,134.0,17.0,40.0,1,1,0
3516,79.0,1.0,22.0,1.0,0,49.0,0.0,40.0,1,1,1
3517,66.0,1.0,22.0,1.0,0,49.0,1.0,40.0,1,1,1
3518,63.0,1.0,19.0,1.0,2,49.0,0.0,40.0,1,1,1
3519,83.0,1.0,19.0,1.0,1,103.0,0.0,32.0,0,1,0
3520,23.0,2.0,21.0,5.0,0,109.0,3.0,50.0,1,1,1
3521,29.0,1.0,21.0,1.0,0,49.0,0.0,45.0,0,1,0
3522,66.0,1.0,19.0,1.0,4,49.0,1.0,40.0,0,1,1
3523,21.0,3.0,16.0,1.0,3,501.0,0.0,43.0,0,1,1
3524,63.0,1.0,22.0,1.0,0,442.0,1.0,40.0,0,1,1
3525,35.0,1.0,19.0,1.0,4,49.0,1.0,2.0,0,1,0
3526,73.0,1.0,20.0,5.0,0,49.0,2.0,20.0,0,1,0
3527,92.0,1.0,16.0,1.0,4,372.0,1.0,50.0,1,1,1
3528,72.0,1.0,18.0,5.0,3,6.0,0.0,15.0,1,1,0
3529,60.0,4.0,21.0,1.0,0,315.0,0.0,40.0,0,1,1
3530,73.0,4.0,21.0,1.0,0,49.0,1.0,40.0,1,1,1
3531,55.0,1.0,22.0,1.0,0,158.0,0.0,40.0,1,1,1
3532,25.0,4.0,21.0,1.0,0,49.0,1.0,50.0,1,1,1
3533,73.0,7.0,18.0,2.0,5,49.0,14.0,40.0,0,1,0
3534,30.0,3.0,20.0,1.0,0,49.0,1.0,90.0,1,1,1
3535,38.0,1.0,19.0,5.0,0,49.0,0.0,40.0,1,1,1
3536,92.0,3.0,16.0,1.0,3,49.0,1.0,50.0,1,1,1
3537,84.0,4.0,20.0,1.0,1,49.0,0.0,20.0,0,1,0
3538,52.0,1.0,18.0,1.0,4,49.0,0.0,20.0,0,1,0
3539,78.0,7.0,16.0,1.0,3,49.0,1.0,40.0,1,1,1
3540,59.0,1.0,16.0,5.0,2,49.0,12.0,40.0,0,1,1
3541,20.0,1.0,16.0,5.0,4,49.0,9.0,40.0,1,1,0
3542,44.0,1.0,19.0,5.0,2,49.0,0.0,40.0,1,0,1
3543,63.0,1.0,20.0,4.0,2,49.0,0.0,82.0,0,1,0
3544,63.0,1.0,16.0,1.0,3,41.0,17.0,40.0,1,1,1
3545,37.0,1.0,21.0,1.0,2,49.0,0.0,50.0,1,1,1
3546,36.0,2.0,12.0,5.0,2,49.0,0.0,44.0,0,0,0
3547,56.0,1.0,22.0,1.0,0,311.0,1.0,40.0,1,1,1
3548,71.0,1.0,19.0,1.0,1,6.0,0.0,40.0,1,1,1
3549,75.0,5.0,21.0,1.0,0,138.0,0.0,40.0,1,1,0
3550,64.0,1.0,20.0,1.0,2,49.0,0.0,40.0,1,0,1
3551,37.0,4.0,20.0,5.0,1,49.0,0.0,22.0,1,1,0
3552,24.0,1.0,18.0,1.0,4,49.0,0.0,15.0,0,1,0
3553,49.0,1.0,13.0,5.0,4,53.0,2.0,6.0,0,1,0
3554,65.0,1.0,22.0,1.0,0,49.0,1.0,40.0,0,1,1
3555,49.0,3.0,22.0,3.0,0,49.0,0.0,40.0,1,1,1
3556,22.0,1.0,19.0,1.0,3,49.0,0.0,40.0,0,1,0
3557,83.0,1.0,21.0,1.0,1,49.0,0.0,88.0,0,1,0
3558,62.0,5.0,11.0,5.0,0,49.0,0.0,40.0,1,1,0
3559,21.0,1.0,13.0,1.0,2,44.0,1.0,45.0,1,1,0
3560,17.0,1.0,20.0,1.0,1,49.0,11.0,40.0,1,1,1
3561,20.0,1.0,18.0,5.0,1,49.0,2.0,20.0,0,1,0
3562,58.0,1.0,19.0,1.0,1,49.0,0.0,40.0,1,1,0
3563,84.0,4.0,22.0,1.0,0,49.0,0.0,50.0,1,1,1
3564,64.0,1.0,21.0,1.0,0,105.0,0.0,40.0,1,0,1
3565,84.0,1.0,21.0,5.0,2,311.0,9.0,45.0,1,1,1
3566,38.0,1.0,24.0,3.0,4,49.0,11.0,40.0,0,0,1
3567,50.0,3.0,21.0,1.0,1,49.0,0.0,40.0,0,0,0
3568,43.0,1.0,21.0,5.0,0,49.0,2.0,5.0,1,1,0
3569,25.0,1.0,19.0,1.0,4,49.0,0.0,45.0,1,1,1
3570,55.0,1.0,19.0,5.0,1,6.0,10.0,53.0,0,1,0
3571,50.0,2.0,22.0,1.0,0,49.0,1.0,54.0,1,1,0
3572,87.0,2.0,18.0,5.0,3,6.0,2.0,40.0,1,1,0
3573,58.0,1.0,9.0,1.0,4,4.0,1.0,36.0,0,1,0
3574,55.0,1.0,21.0,1.0,0,312.0,0.0,40.0,1,0,0
3575,69.0,1.0,21.0,5.0,2,49.0,2.0,40.0,0,0,0
3576,20.0,1.0,19.0,5.0,0,49.0,14.0,40.0,1,1,1
3577,81.0,7.0,16.0,5.0,1,116.0,14.0,20.0,0,1,0
3578,35.0,1.0,21.0,4.0,0,49.0,2.0,24.0,1,1,0
3579,80.0,4.0,19.0,5.0,2,49.0,2.0,7.0,1,1,0
3580,42.0,4.0,19.0,5.0,1,49.0,0.0,22.0,0,1,0
3581,32.0,7.0,19.0,5.0,4,49.0,7.0,10.0,0,1,0
3582,25.0,4.0,18.0,5.0,0,49.0,14.0,40.0,0,1,0
3583,25.0,1.0,22.0,5.0,0,49.0,2.0,72.0,1,1,0
3584,38.0,3.0,20.0,3.0,0,243.0,0.0,45.0,1,1,1
3585,42.0,3.0,21.0,1.0,0,313.0,0.0,91.0,1,1,1
3586,92.0,4.0,18.0,1.0,2,49.0,0.0,53.0,0,1,1
3587,56.0,1.0,21.0,1.0,0,49.0,0.0,20.0,1,1,1
3588,77.0,1.0,18.0,1.0,3,49.0,0.0,42.0,1,1,0
3589,42.0,1.0,13.0,1.0,0,49.0,0.0,40.0,1,1,1
3590,44.0,1.0,19.0,1.0,2,49.0,0.0,4.0,0,1,0
3591,31.0,4.0,16.0,1.0,1,49.0,1.0,40.0,0,1,0
3592,23.0,1.0,19.0,5.0,3,158.0,12.0,45.0,0,1,0
3593,65.0,1.0,19.0,1.0,4,1.0,1.0,72.0,1,1,0
3594,38.0,1.0,16.0,3.0,4,49.0,0.0,70.0,1,0,1
3595,24.0,4.0,21.0,5.0,1,49.0,2.0,49.0,0,1,0
3596,62.0,1.0,19.0,2.0,4,49.0,0.0,40.0,1,1,0
3597,38.0,1.0,12.0,3.0,0,49.0,0.0,50.0,1,1,0
3598,41.0,4.0,19.0,5.0,5,29.0,2.0,50.0,1,1,0
3599,73.0,1.0,16.0,1.0,4,6.0,1.0,80.0,1,1,0
3600,56.0,3.0,22.0,5.0,0,46.0,10.0,40.0,0,1,0
3601,69.0,1.0,21.0,3.0,0,6.0,0.0,40.0,0,0,1
3602,54.0,4.0,21.0,5.0,0,49.0,2.0,42.0,1,1,0
3603,31.0,1.0,8.0,1.0,0,39.0,0.0,40.0,1,1,1
3604,25.0,1.0,19.0,1.0,1,116.0,10.0,3.0,1,1,0
3605,62.0,3.0,15.0,5.0,1,49.0,10.0,20.0,1,1,0
3606,47.0,2.0,20.0,3.0,3,49.0,0.0,30.0,1,1,0
3607,30.0,4.0,22.0,1.0,0,6.0,0.0,50.0,1,1,1
3608,69.0,4.0,19.0,4.0,5,6.0,2.0,37.0,0,1,0
3609,57.0,1.0,5.0,1.0,0,468.0,1.0,40.0,0,1,1
3610,56.0,1.0,20.0,5.0,1,49.0,0.0,40.0,0,1,1
3611,83.0,4.0,19.0,1.0,1,134.0,1.0,40.0,1,1,1
3612,81.0,1.0,17.0,1.0,0,6.0,1.0,40.0,1,1,1
3613,30.0,1.0,7.0,1.0,0,6.0,1.0,20.0,1,1,0
3614,17.0,1.0,5.0,1.0,2,49.0,0.0,45.0,0,1,1
3615,21.0,3.0,21.0,1.0,0,35.0,0.0,40.0,0,1,1
3616,68.0,2.0,19.0,1.0,0,49.0,1.0,40.0,1,1,1
3617,43.0,1.0,16.0,5.0,4,301.0,2.0,37.0,1,1,0
3618,82.0,5.0,21.0,1.0,0,414.0,0.0,50.0,1,0,1
3619,45.0,2.0,20.0,1.0,0,148.0,0.0,48.0,0,0,1
3620,54.0,4.0,22.0,1.0,0,49.0,11.0,40.0,1,1,1
3621,59.0,4.0,2.0,1.0,1,49.0,2.0,40.0,0,1,1
3622,20.0,1.0,20.0,5.0,1,49.0,2.0,40.0,0,1,0
3623,92.0,1.0,16.0,5.0,1,49.0,2.0,40.0,0,1,0
3624,64.0,7.0,16.0,1.0,4,49.0,0.0,40.0,1,1,1
3625,71.0,3.0,20.0,3.0,0,6.0,0.0,50.0,1,1,1
3626,36.0,1.0,16.0,1.0,2,49.0,1.0,40.0,0,1,0
3627,87.0,1.0,24.0,1.0,0,49.0,0.0,5.0,1,1,0
3628,47.0,1.0,21.0,1.0,1,6.0,1.0,60.0,1,1,1
3629,76.0,1.0,19.0,1.0,5,54.0,0.0,18.0,0,1,0
3630,50.0,1.0,19.0,3.0,4,49.0,17.0,6.0,0,1,0
3631,22.0,3.0,19.0,5.0,4,49.0,2.0,40.0,0,1,0
3632,29.0,3.0,19.0,3.0,0,106.0,0.0,50.0,1,1,1
3633,43.0,1.0,2.0,5.0,2,49.0,0.0,46.0,1,1,0
3634,68.0,8.0,21.0,1.0,0,49.0,1.0,20.0,0,1,0
3635,74.0,1.0,18.0,5.0,3,49.0,2.0,40.0,1,1,0
3636,35.0,1.0,21.0,5.0,0,49.0,2.0,40.0,1,0,1
3637,36.0,2.0,21.0,1.0,0,150.0,0.0,45.0,1,1,1
3638,23.0,7.0,19.0,1.0,3,49.0,0.0,45.0,1,1,1
3639,44.0,1.0,21.0,3.0,0,49.0,15.0,47.0,0,0,1
3640,27.0,1.0,20.0,1.0,2,210.0,1.0,40.0,0,0,1
3641,21.0,8.0,21.0,5.0,1,6.0,2.0,68.0,1,1,1
3642,33.0,3.0,19.0,1.0,0,49.0,0.0,40.0,0,1,1
3643,58.0,1.0,19.0,1.0,2,49.0,0.0,34.0,0,1,1
3644,57.0,4.0,21.0,5.0,0,448.0,2.0,40.0,1,0,1
3645,23.0,1.0,19.0,1.0,0,49.0,0.0,42.0,1,1,0
3646,22.0,7.0,16.0,5.0,1,26.0,13.0,29.0,0,1,0
3647,48.0,1.0,22.0,4.0,0,49.0,0.0,26.0,0,0,0
3648,39.0,4.0,20.0,5.0,0,56.0,11.0,99.0,0,1,1
3649,42.0,1.0,19.0,1.0,2,49.0,0.0,45.0,1,1,1
3650,74.0,1.0,22.0,1.0,0,462.0,2.0,40.0,0,1,1
3651,43.0,1.0,8.0,5.0,4,49.0,16.0,38.0,0,1,0
3652,60.0,1.0,19.0,3.0,0,6.0,0.0,40.0,1,1,1
3653,19.0,1.0,9.0,5.0,1,49.0,2.0,50.0,0,0,0
3654,62.0,2.0,19.0,3.0,2,49.0,0.0,40.0,1,1,0
3655,22.0,4.0,20.0,1.0,0,55.0,0.0,50.0,1,1,1
3656,80.0,1.0,20.0,1.0,3,109.0,0.0,40.0,1,1,1
3657,21.0,1.0,19.0,1.0,2,49.0,2.0,40.0,1,1,1
3658,79.0,1.0,16.0,5.0,1,49.0,0.0,35.0,1,1,0
3659,51.0,1.0,18.0,5.0,1,49.0,5.0,40.0,1,1,0
3660,74.0,1.0,16.0,1.0,4,49.0,1.0,78.0,1,1,0
3661,18.0,7.0,16.0,5.0,4,49.0,13.0,40.0,0,1,0
3662,17.0,1.0,7.0,1.0,0,10.0,1.0,40.0,1,1,1
3663,35.0,1.0,21.0,1.0,0,49.0,1.0,40.0,0,1,1
3664,57.0,1.0,18.0,3.0,4,49.0,0.0,40.0,0,1,1
3665,82.0,4.0,22.0,5.0,0,49.0,9.0,20.0,1,1,0
3666,82.0,1.0,7.0,5.0,1,49.0,7.0,20.0,1,1,1
3667,63.0,1.0,16.0,1.0,2,49.0,0.0,20.0,0,1,0
3668,47.0,2.0,22.0,1.0,2,49.0,0.0,70.0,1,1,1
3669,70.0,1.0,16.0,5.0,3,323.0,6.0,40.0,1,1,1
3670,18.0,1.0,21.0,5.0,1,49.0,1.0,40.0,0,1,0
3671,32.0,1.0,21.0,1.0,2,427.0,1.0,50.0,1,1,1
3672,36.0,5.0,7.0,1.0,0,49.0,1.0,50.0,1,1,1
3673,43.0,1.0,18.0,5.0,3,49.0,10.0,85.0,0,1,0
3674,38.0,1.0,20.0,3.0,0,42.0,0.0,66.0,1,1,1
3675,27.0,3.0,19.0,1.0,0,49.0,1.0,40.0,0,1,0
3676,21.0,1.0,21.0,3.0,2,34.0,0.0,40.0,0,1,1
3677,21.0,1.0,19.0,1.0,2,49.0,2.0,40.0,1,1,0
3678,18.0,2.0,21.0,1.0,0,49.0,0.0,40.0,0,1,1
3679,58.0,1.0,21.0,5.0,0,49.0,2.0,1.0,1,1,1
3680,59.0,3.0,21.0,5.0,1,49.0,2.0,40.0,1,0,0
3681,35.0,1.0,19.0,1.0,4,49.0,1.0,85.0,0,1,1
3682,37.0,1.0,19.0,3.0,0,49.0,0.0,42.0,1,1,1
3683,72.0,1.0,16.0,1.0,2,49.0,1.0,40.0,0,1,0
3684,76.0,4.0,18.0,1.0,1,49.0,0.0,40.0,1,0,0
3685,56.0,3.0,1.0,1.0,0,49.0,15.0,40.0,1,1,1
3686,52.0,1.0,16.0,5.0,2,6.0,2.0,45.0,1,1,0
3687,75.0,1.0,21.0,1.0,0,49.0,2.0,70.0,1,1,1
3688,43.0,1.0,16.0,5.0,4,49.0,2.0,20.0,1,1,0
3689,17.0,1.0,16.0,5.0,2,49.0,2.0,40.0,1,1,0
3690,61.0,7.0,19.0,5.0,4,47.0,2.0,26.0,1,0,0
3691,66.0,1.0,16.0,5.0,2,49.0,2.0,40.0,1,1,0
3692,21.0,1.0,18.0,1.0,3,6.0,0.0,50.0,0,1,1
3693,37.0,1.0,21.0,1.0,1,49.0,0.0,40.0,1,1,1
3694,25.0,5.0,22.0,1.0,0,332.0,1.0,40.0,0,1,0
3695,77.0,1.0,20.0,1.0,0,49.0,1.0,40.0,1,1,1
3696,79.0,1.0,19.0,1.0,4,49.0,0.0,72.0,1,0,0
3697,50.0,2.0,8.0,1.0,0,49.0,0.0,54.0,1,1,1
3698,45.0,1.0,20.0,1.0,2,49.0,0.0,40.0,1,1,1
3699,59.0,3.0,21.0,1.0,0,49.0,1.0,45.0,1,1,1
3700,73.0,4.0,19.0,1.0,0,49.0,1.0,40.0,1,1,1
3701,17.0,7.0,21.0,1.0,1,126.0,1.0,40.0,1,1,0
3702,34.0,3.0,21.0,2.0,0,21.0,0.0,51.0,1,1,0
3703,24.0,1.0,21.0,1.0,2,49.0,0.0,45.0,1,1,1
3704,48.0,7.0,19.0,1.0,3,136.0,0.0,45.0,1,1,1
3705,44.0,1.0,16.0,1.0,2,245.0,1.0,40.0,0,1,0
3706,22.0,5.0,20.0,5.0,1,6.0,0.0,20.0,0,1,0
3707,60.0,1.0,21.0,5.0,0,311.0,2.0,40.0,0,1,0
3708,18.0,1.0,19.0,1.0,4,27.0,0.0,40.0,1,1,1
3709,52.0,7.0,18.0,1.0,3,49.0,0.0,40.0,1,1,1
3710,42.0,1.0,16.0,5.0,4,6.0,2.0,20.0,1,1,0
3711,25.0,7.0,20.0,5.0,1,414.0,0.0,40.0,0,1,0
3712,48.0,1.0,19.0,1.0,0,32.0,1.0,45.0,0,1,1
3713,23.0,3.0,24.0,1.0,0,49.0,0.0,50.0,1,1,1
3714,61.0,1.0,19.0,5.0,1,6.0,10.0,20.0,0,1,0
3715,77.0,5.0,22.0,5.0,0,6.0,13.0,40.0,0,1,0
3716,21.0,3.0,20.0,5.0,3,303.0,14.0,48.0,1,1,1
3717,36.0,1.0,21.0,1.0,1,49.0,1.0,40.0,1,1,0
3718,20.0,1.0,16.0,5.0,1,49.0,2.0,45.0,0,1,0
3719,40.0,4.0,20.0,1.0,0,362.0,4.0,40.0,1,0,1
3720,79.0,4.0,16.0,1.0,2,49.0,0.0,45.0,1,1,1
3721,28.0,1.0,19.0,1.0,2,4.0,0.0,40.0,0,1,1
3722,32.0,1.0,19.0,3.0,0,247.0,0.0,29.0,0,1,1
3723,61.0,1.0,21.0,1.0,0,6.0,0.0,38.0,1,1,0
3724,20.0,1.0,22.0,5.0,0,49.0,16.0,40.0,1,1,0
3725,26.0,1.0,19.0,3.0,2,49.0,0.0,40.0,1,1,1
3726,44.0,1.0,16.0,1.0,1,49.0,0.0,40.0,0,0,0
3727,49.0,1.0,16.0,1.0,3,49.0,1.0,40.0,1,1,1
3728,73.0,1.0,20.0,1.0,0,49.0,0.0,40.0,0,1,0
3729,28.0,5.0,20.0,5.0,3,49.0,5.0,20.0,1,1,0
3730,38.0,1.0,21.0,3.0,1,105.0,0.0,33.0,1,1,0
3731,87.0,1.0,19.0,3.0,2,49.0,0.0,96.0,1,1,0
3732,17.0,4.0,22.0,1.0,0,49.0,1.0,96.0,0,1,0
3733,27.0,1.0,19.0,1.0,3,49.0,0.0,68.0,0,1,1
3734,75.0,1.0,16.0,5.0,4,49.0,17.0,20.0,0,1,0
3735,59.0,1.0,19.0,1.0,4,49.0,0.0,59.0,1,1,0
3736,21.0,3.0,19.0,3.0,0,158.0,0.0,48.0,1,1,1
3737,92.0,1.0,5.0,5.0,1,38.0,0.0,5.0,1,1,0
3738,69.0,1.0,22.0,3.0,0,15.0,0.0,40.0,0,1,0
3739,84.0,2.0,19.0,1.0,3,49.0,0.0,40.0,1,1,1
3740,38.0,1.0,16.0,5.0,2,49.0,2.0,40.0,0,0,1
3741,62.0,2.0,17.0,5.0,2,49.0,2.0,40.0,0,1,0
3742,35.0,3.0,8.0,5.0,0,49.0,2.0,40.0,0,1,0
3743,37.0,1.0,18.0,1.0,0,49.0,0.0,36.0,0,0,1
3744,46.0,1.0,21.0,1.0,1,49.0,0.0,30.0,1,1,1
3745,69.0,1.0,22.0,1.0,0,6.0,1.0,40.0,1,1,1
3746,56.0,1.0,20.0,1.0,3,49.0,0.0,11.0,1,1,0
3747,65.0,1.0,20.0,1.0,0,459.0,1.0,40.0,1,1,1
3748,62.0,1.0,19.0,1.0,0,49.0,0.0,40.0,0,1,0
3749,70.0,1.0,21.0,1.0,0,228.0,1.0,40.0,0,1,1
3750,38.0,1.0,22.0,3.0,0,49.0,0.0,40.0,1,0,1
3751,20.0,2.0,19.0,5.0,2,49.0,0.0,35.0,1,1,0
3752,67.0,1.0,1.0,5.0,4,49.0,12.0,59.0,1,0,0
3753,72.0,3.0,21.0,1.0,0,38.0,0.0,47.0,1,1,0
3754,64.0,1.0,18.0,1.0,5,49.0,0.0,20.0,1,1,0
3755,82.0,1.0,19.0,1.0,2,49.0,6.0,23.0,1,1,0
3756,92.0,1.0,19.0,1.0,0,231.0,1.0,20.0,0,1,0
3757,20.0,1.0,16.0,5.0,2,49.0,15.0,45.0,1,1,0
3758,73.0,1.0,16.0,5.0,1,311.0,7.0,88.0,1,1,0
3759,56.0,8.0,18.0,1.0,2,6.0,1.0,4.0,0,0,0
3760,17.0,2.0,18.0,5.0,3,49.0,0.0,40.0,0,1,0
3761,81.0,5.0,19.0,4.0,1,436.0,0.0,27.0,1,1,0
3762,32.0,1.0,19.0,5.0,2,49.0,11.0,50.0,1,1,0
3763,46.0,1.0,22.0,5.0,2,49.0,2.0,78.0,1,1,0
3764,76.0,4.0,21.0,3.0,0,360.0,0.0,40.0,0,1,0
3765,65.0,1.0,19.0,1.0,2,22.0,0.0,40.0,0,1,0
3766,23.0,1.0,16.0,5.0,1,49.0,2.0,20.0,1,1,0
3767,62.0,2.0,21.0,5.0,0,49.0,2.0,45.0,1,1,1
3768,21.0,7.0,18.0,1.0,3,6.0,0.0,40.0,1,1,1
3769,40.0,1.0,21.0,3.0,0,311.0,0.0,40.0,0,1,1
3770,86.0,4.0,20.0,5.0,0,49.0,10.0,40.0,0,1,0
3771,35.0,1.0,19.0,3.0,3,49.0,1.0,45.0,1,1,1
3772,36.0,1.0,22.0,1.0,0,49.0,0.0,40.0,1,0,1
3773,60.0,1.0,16.0,5.0,4,436.0,3.0,40.0,1,1,0
3774,55.0,1.0,22.0,3.0,0,42.0,0.0,40.0,1,1,1
3775,56.0,6.0,21.0,5.0,2,49.0,2.0,25.0,0,0,0
3776,53.0,1.0,20.0,1.0,3,49.0,1.0,29.0,1,1,0
3777,22.0,1.0,18.0,1.0,3,49.0,1.0,20.0,1,1,1
3778,58.0,4.0,16.0,1.0,2,4.0,0.0,40.0,1,1,1
3779,82.0,1.0,19.0,3.0,0,49.0,0.0,84.0,1,1,1
3780,69.0,1.0,21.0,1.0,0,49.0,0.0,40.0,1,0,1
3781,36.0,1.0,20.0,5.0,0,49.0,14.0,40.0,0,1,0
3782,23.0,1.0,21.0,3.0,0,119.0,0.0,19.0,1,1,1
3783,62.0,1.0,19.0,1.0,2,158.0,1.0,40.0,1,1,1
3784,80.0,1.0,18.0,1.0,2,49.0,1.0,22.0,0,1,1
3785,50.0,5.0,21.0,1.0,1,49.0,0.0,15.0,0,1,0
3786,20.0,5.0,20.0,1.0,1,49.0,1.0,40.0,1,1,0
3787,49.0,1.0,22.0,1.0,0,49.0,0.0,20.0,1,1,1
3788,67.0,6.0,20.0,4.0,1,6.0,0.0,23.0,1,1,0
3789,83.0,1.0,19.0,5.0,1,215.0,0.0,50.0,1,1,0
3790,80.0,1.0,22.0,1.0,0,49.0,1.0,44.0,1,1,1
3791,68.0,1.0,20.0,1.0,0,49.0,0.0,51.0,1,1,0
3792,32.0,1.0,17.0,1.0,1,6.0,1.0,40.0,0,1,1
3793,51.0,3.0,16.0,1.0,1,164.0,1.0,1.0,1,1,0
3794,80.0,1.0,18.0,1.0,3,50.0,0.0,19.0,1,1,1
3795,74.0,1.0,21.0,1.0,0,49.0,1.0,40.0,1,1,0
3796,58.0,3.0,21.0,1.0,0,49.0,1.0,11.0,1,1,0
3797,75.0,1.0,19.0,1.0,2,164.0,0.0,24.0,1,1,1
3798,28.0,1.0,16.0,1.0,4,49.0,0.0,40.0,0,0,0
3799,74.0,1.0,19.0,1.0,2,49.0,0.0,54.0,1,1,1
3800,79.0,7.0,19.0,5.0,1,373.0,2.0,45.0,1,1,1
3801,42.0,1.0,4.0,1.0,0,49.0,0.0,40.0,0,1,1
3802,78.0,1.0,19.0,5.0,1,245.0,2.0,23.0,1,1,0
3803,48.0,1.0,16.0,4.0,4,72.0,0.0,18.0,1,1,0
3804,24.0,1.0,19.0,5.0,3,34.0,11.0,40.0,1,1,1
3805,20.0,2.0,19.0,5.0,2,49.0,2.0,40.0,1,1,0
3806,38.0,1.0,22.0,3.0,0,49.0,17.0,78.0,1,1,0
3807,60.0,1.0,21.0,1.0,0,49.0,0.0,6.0,0,1,1
3808,17.0,1.0,16.0,5.0,2,139.0,0.0,47.0,1,1,0
3809,52.0,1.0,21.0,1.0,2,49.0,1.0,40.0,1,1,1
3810,58.0,4.0,21.0,1.0,0,436.0,0.0,20.0,1,1,0
3811,86.0,8.0,4.0,5.0,0,49.0,2.0,10.0,1,1,1
3812,24.0,7.0,11.0,5.0,1,35.0,2.0,40.0,1,1,0
3813,24.0,3.0,18.0,5.0,1,49.0,0.0,53.0,0,1,0
3814,33.0,3.0,21.0,1.0,0,49.0,0.0,90.0,1,1,0
3815,67.0,1.0,22.0,5.0,0,245.0,0.0,20.0,0,1,0
3816,20.0,6.0,10.0,1.0,0,49.0,0.0,40.0,1,1,1
3817,35.0,1.0,18.0,1.0,1,9.0,1.0,50.0,0,1,1
3818,83.0,4.0,1.0,1.0,0,49.0,0.0,13.0,1,1,1
3819,38.0,1.0,22.0,3.0,0,49.0,0.0,50.0,0,1,1
3820,82.0,1.0,17.0,1.0,1,203.0,0.0,45.0,0,1,1
3821,45.0,1.0,18.0,1.0,2,49.0,0.0,50.0,1,1,1
3822,23.0,1.0,22.0,5.0,0,34.0,2.0,20.0,0,1,0
3823,61.0,1.0,22.0,1.0,2,49.0,0.0,2.0,0,1,1
3824,80.0,5.0,18.0,1.0,1,49.0,1.0,17.0,0,1,0
3825,35.0,8.0,19.0,1.0,3,49.0,0.0,40.0,0,1,0
3826,37.0,1.0,16.0,1.0,2,6.0,0.0,20.0,1,1,1
3827,47.0,1.0,22.0,1.0,0,215.0,0.0,40.0,1,1,1
3828,39.0,1.0,16.0,1.0,4,6.0,0.0,40.0,1,1,1
3829,78.0,1.0,22.0,1.0,0,372.0,0.0,22.0,0,1,0
3830,36.0,3.0,20.0,1.0,0,28.0,0.0,40.0,1,1,1
3831,68.0,5.0,19.0,1.0,0,49.0,0.0,44.0,0,1,1
3832,61.0,1.0,16.0,1.0,4,49.0,1.0,84.0,1,1,1
3833,47.0,2.0,22.0,1.0,2,49.0,1.0,65.0,0,1,0
3834,59.0,1.0,21.0,1.0,2,200.0,1.0,2.0,0,1,0
3835,43.0,6.0,21.0,1.0,0,527.0,1.0,7.0,1,1,1
3836,45.0,1.0,16.0,1.0,2,49.0,0.0,40.0,1,1,1
3837,79.0,1.0,20.0,1.0,0,49.0,1.0,10.0,1,1,1
3838,28.0,1.0,19.0,1.0,1,33.0,0.0,40.0,0,1,0
3839,34.0,7.0,19.0,1.0,1,49.0,0.0,96.0,0,1,0
3840,58.0,1.0,16.0,1.0,2,49.0,1.0,20.0,1,1,0
3841,92.0,1.0,16.0,5.0,4,212.0,12.0,20.0,1,0,0
3842,65.0,1.0,16.0,1.0,3,414.0,0.0,40.0,0,1,1
3843,33.0,1.0,2.0,1.0,1,213.0,1.0,29.0,1,1,0
3844,63.0,3.0,19.0,5.0,4,49.0,15.0,40.0,0,1,0
3845,25.0,3.0,18.0,1.0,0,49.0,1.0,45.0,1,1,1
3846,59.0,1.0,19.0,1.0,2,49.0,1.0,44.0,1,0,1
3847,18.0,1.0,18.0,1.0,4,49.0,1.0,1.0,0,1,0
3848,25.0,4.0,21.0,1.0,2,49.0,1.0,40.0,0,1,0
3849,61.0,3.0,21.0,5.0,5,49.0,2.0,31.0,0,1,0
3850,48.0,3.0,21.0,1.0,0,49.0,0.0,40.0,1,1,1
3851,67.0,1.0,22.0,1.0,0,49.0,0.0,40.0,0,1,1
3852,59.0,3.0,21.0,1.0,5,469.0,1.0,1.0,1,1,0
3853,74.0,1.0,16.0,5.0,4,30.0,16.0,62.0,1,1,0
3854,86.0,1.0,21.0,1.0,2,49.0,1.0,60.0,1,1,0
3855,21.0,1.0,16.0,1.0,3,6.0,1.0,40.0,1,1,1
3856,86.0,1.0,21.0,1.0,1,36.0,1.0,40.0,0,1,0
3857,57.0,1.0,19.0,1.0,4,49.0,0.0,53.0,1,1,0
3858,87.0,1.0,1.0,1.0,1,136.0,1.0,38.0,0,1,0
3859,51.0,1.0,20.0,5.0,2,6.0,2.0,42.0,0,1,0
3860,62.0,1.0,19.0,1.0,2,233.0,0.0,20.0,1,1,0
3861,47.0,1.0,19.0,3.0,2,6.0,7.0,88.0,1,1,0
3862,69.0,3.0,24.0,1.0,1,49.0,1.0,40.0,0,1,0
3863,41.0,2.0,19.0,5.0,3,414.0,17.0,45.0,0,1,0
3864,59.0,1.0,14.0,5.0,0,103.0,11.0,40.0,1,1,0
3865,86.0,1.0,21.0,1.0,0,49.0,2.0,50.0,0,1,1
3866,72.0,4.0,16.0,1.0,1,224.0,2.0,40.0,1,1,0
3867,29.0,3.0,20.0,1.0,0,49.0,0.0,32.0,1,1,0
3868,35.0,1.0,20.0,1.0,2,35.0,1.0,40.0,1,1,0
3869,76.0,1.0,16.0,1.0,3,467.0,0.0,66.0,1,1,0
3870,19.0,4.0,16.0,1.0,3,49.0,0.0,50.0,1,0,1
3871,33.0,1.0,21.0,1.0,0,19.0,0.0,40.0,1,1,1
3872,21.0,4.0,8.0,1.0,1,33.0,0.0,40.0,1,1,1
3873,38.0,1.0,19.0,3.0,2,49.0,0.0,40.0,1,1,0
3874,68.0,1.0,16.0,1.0,2,211.0,0.0,2.0,0,1,1
3875,48.0,1.0,20.0,5.0,2,119.0,16.0,8.0,1,1,0
3876,73.0,1.0,21.0,3.0,0,49.0,1.0,45.0,0,1,1
3877,37.0,4.0,20.0,5.0,0,49.0,2.0,40.0,0,1,0
3878,37.0,1.0,14.0,1.0,2,49.0,1.0,50.0,1,1,1
3879,46.0,2.0,16.0,1.0,3,49.0,0.0,50.0,1,0,1
3880,66.0,1.0,8.0,1.0,0,49.0,0.0,40.0,0,1,1
3881,29.0,1.0,21.0,1.0,1,501.0,1.0,33.0,1,1,0
3882,66.0,5.0,16.0,5.0,2,49.0,6.0,6.0,0,1,0
3883,47.0,1.0,16.0,5.0,2,23.0,17.0,40.0,1,1,0
3884,26.0,3.0,21.0,5.0,0,312.0,15.0,40.0,1,1,1
3885,36.0,2.0,18.0,1.0,3,49.0,0.0,40.0,0,1,0
3886,28.0,3.0,6.0,5.0,0,49.0,2.0,24.0,0,1,0
3887,77.0,1.0,11.0,1.0,4,38.0,0.0,40.0,1,1,1
3888,18.0,1.0,22.0,1.0,0,213.0,0.0,40.0,1,1,1
3889,87.0,1.0,23.0,1.0,1,49.0,0.0,40.0,0,1,1
3890,26.0,2.0,23.0,4.0,0,49.0,0.0,40.0,1,1,0
3891,36.0,2.0,22.0,3.0,0,49.0,0.0,72.0,0,1,1
3892,49.0,1.0,19.0,1.0,3,49.0,1.0,25.0,0,1,0
3893,35.0,3.0,19.0,1.0,-1,15.0,14.0,40.0,1,0,0
3894,79.0,1.0,16.0,1.0,4,53.0,0.0,13.0,0,1,0
3895,62.0,1.0,20.0,1.0,2,49.0,0.0,82.0,1,1,0
3896,83.0,1.0,19.0,1.0,-1,6.0,1.0,32.0,0,1,0
3897,43.0,4.0,5.0,5.0,1,163.0,2.0,38.0,0,1,0
3898,56.0,7.0,16.0,5.0,3,49.0,0.0,40.0,0,1,0
3899,57.0,1.0,19.0,3.0,2,49.0,0.0,40.0,1,1,1
3900,64.0,1.0,16.0,5.0,1,49.0,2.0,80.0,0,1,0
3901,58.0,1.0,21.0,1.0,0,49.0,1.0,40.0,1,1,1
3902,17.0,1.0,13.0,5.0,4,49.0,16.0,40.0,1,1,0
3903,25.0,1.0,19.0,1.0,0,369.0,16.0,40.0,0,1,0
3904,61.0,1.0,16.0,5.0,2,54.0,0.0,40.0,0,1,0
3905,28.0,1.0,21.0,5.0,0,448.0,2.0,50.0,1,1,1
3906,20.0,1.0,21.0,1.0,0,49.0,0.0,40.0,1,1,1
3907,25.0,3.0,16.0,1.0,1,16.0,1.0,40.0,1,1,1
3908,44.0,1.0,16.0,1.0,4,49.0,0.0,40.0,0,1,0
3909,64.0,1.0,19.0,1.0,1,49.0,1.0,40.0,1,1,1
3910,37.0,1.0,20.0,1.0,0,49.0,1.0,40.0,1,1,1
3911,42.0,1.0,20.0,3.0,2,27.0,0.0,20.0,0,1,0
3912,27.0,1.0,19.0,5.0,0,212.0,12.0,50.0,1,0,1
3913,46.0,1.0,16.0,1.0,2,49.0,1.0,84.0,1,1,1
3914,44.0,1.0,16.0,1.0,4,12.0,0.0,40.0,1,1,0
3915,20.0,1.0,21.0,5.0,0,49.0,0.0,80.0,0,1,1
3916,48.0,5.0,21.0,1.0,0,49.0,0.0,40.0,0,1,1
3917,37.0,6.0,21.0,1.0,1,49.0,1.0,46.0,0,1,0
3918,69.0,3.0,1.0,1.0,0,6.0,16.0,50.0,0,1,1
3919,22.0,3.0,19.0,5.0,3,34.0,11.0,58.0,1,1,0
3920,58.0,1.0,16.0,1.0,1,49.0,1.0,31.0,0,1,0
3921,46.0,1.0,16.0,1.0,1,238.0,1.0,78.0,0,1,0
3922,30.0,1.0,16.0,1.0,4,49.0,1.0,40.0,0,1,0
3923,21.0,1.0,16.0,1.0,2,6.0,1.0,40.0,1,1,0
3924,21.0,1.0,21.0,5.0,0,243.0,2.0,40.0,1,1,1
3925,86.0,8.0,16.0,5.0,3,49.0,2.0,27.0,0,1,0
3926,65.0,1.0,15.0,1.0,2,127.0,0.0,1.0,1,0,1
3927,68.0,4.0,20.0,1.0,0,38.0,1.0,39.0,1,1,0
3928,20.0,1.0,21.0,1.0,2,49.0,1.0,3.0,0,1,0
3929,51.0,2.0,19.0,5.0,3,128.0,2.0,50.0,1,1,1
3930,62.0,1.0,16.0,1.0,2,49.0,1.0,50.0,1,1,1
3931,86.0,3.0,18.0,1.0,5,49.0,2.0,1.0,0,1,0
3932,82.0,1.0,19.0,1.0,2,49.0,0.0,40.0,1,1,1
3933,50.0,1.0,22.0,1.0,0,6.0,0.0,40.0,1,1,1
3934,24.0,2.0,21.0,1.0,0,245.0,0.0,50.0,1,0,1
3935,44.0,1.0,19.0,1.0,1,49.0,0.0,50.0,1,1,1
3936,39.0,2.0,19.0,1.0,3,462.0,0.0,50.0,1,1,1
3937,83.0,1.0,22.0,1.0,0,6.0,1.0,40.0,0,1,1
3938,61.0,1.0,16.0,1.0,4,49.0,1.0,12.0,0,1,0
3939,33.0,1.0,16.0,5.0,1,49.0,1.0,46.0,1,1,0
3940,61.0,1.0,21.0,1.0,0,49.0,0.0,50.0,0,1,1
3941,82.0,8.0,18.0,1.0,4,138.0,0.0,20.0,0,0,0
3942,29.0,1.0,21.0,1.0,0,12.0,0.0,40.0,1,1,1
3943,36.0,3.0,19.0,1.0,4,49.0,1.0,20.0,0,0,0
3944,65.0,1.0,21.0,1.0,0,49.0,1.0,60.0,1,1,0
3945,25.0,7.0,21.0,5.0,-1,163.0,6.0,40.0,1,1,0
3946,41.0,1.0,20.0,1.0,2,34.0,0.0,51.0,0,1,0
3947,29.0,1.0,16.0,1.0,4,49.0,4.0,13.0,1,1,1
3948,81.0,1.0,21.0,1.0,0,49.0,1.0,40.0,1,1,0
3949,19.0,1.0,16.0,1.0,2,414.0,1.0,40.0,0,1,1
3950,21.0,4.0,19.0,1.0,2,6.0,0.0,32.0,1,1,0
3951,17.0,1.0,21.0,5.0,0,134.0,2.0,78.0,0,1,0
3952,42.0,1.0,19.0,1.0,1,49.0,1.0,40.0,0,1,0
3953,21.0,1.0,19.0,1.0,2,6.0,1.0,12.0,0,1,0
3954,36.0,4.0,11.0,5.0,1,49.0,2.0,45.0,1,1,0
3955,33.0,1.0,16.0,1.0,4,6.0,0.0,55.0,1,1,1
3956,22.0,7.0,19.0,1.0,3,49.0,0.0,40.0,1,1,1
3957,92.0,1.0,16.0,1.0,4,49.0,1.0,91.0,0,1,0
3958,74.0,1.0,19.0,1.0,2,49.0,0.0,40.0,1,1,0
3959,81.0,5.0,20.0,1.0,1,45.0,0.0,47.0,0,1,0
3960,42.0,1.0,16.0,1.0,4,6.0,0.0,51.0,0,1,0
3961,49.0,1.0,19.0,5.0,1,49.0,2.0,34.0,1,1,0
3962,74.0,1.0,18.0,1.0,1,36.0,0.0,50.0,1,1,0
3963,25.0,1.0,16.0,1.0,3,49.0,1.0,68.0,0,1,0
3964,70.0,1.0,20.0,1.0,0,49.0,1.0,40.0,0,1,1
3965,45.0,1.0,20.0,1.0,2,127.0,1.0,30.0,0,1,0
3966,41.0,1.0,16.0,4.0,3,416.0,0.0,20.0,1,1,0
3967,23.0,1.0,20.0,1.0,2,49.0,0.0,21.0,0,1,0
3968,83.0,1.0,19.0,4.0,2,13.0,0.0,50.0,1,1,0
3969,42.0,4.0,24.0,5.0,1,213.0,17.0,40.0,0,1,0
3970,45.0,1.0,16.0,5.0,4,49.0,2.0,30.0,1,1,0
3971,22.0,1.0,21.0,1.0,0,523.0,1.0,40.0,0,1,1
3972,21.0,1.0,21.0,3.0,0,6.0,8.0,90.0,1,1,0
3973,67.0,1.0,19.0,1.0,0,138.0,0.0,40.0,1,1,1
3974,54.0,7.0,1.0,5.0,-1,527.0,15.0,29.0,0,0,0
3975,27.0,3.0,16.0,1.0,4,49.0,1.0,50.0,0,1,1
3976,25.0,2.0,14.0,1.0,2,49.0,0.0,24.0,1,1,0
3977,34.0,1.0,22.0,1.0,0,416.0,1.0,40.0,1,1,1
3978,50.0,2.0,21.0,1.0,0,49.0,0.0,70.0,0,1,0
3979,37.0,3.0,15.0,1.0,0,6.0,1.0,37.0,0,1,0
3980,31.0,4.0,19.0,1.0,0,49.0,0.0,37.0,0,1,0
3981,40.0,1.0,16.0,1.0,4,37.0,1.0,36.0,0,1,0
3982,60.0,2.0,21.0,1.0,0,49.0,1.0,57.0,0,1,0
3983,48.0,8.0,21.0,3.0,0,6.0,0.0,40.0,0,1,1
3984,55.0,1.0,21.0,3.0,0,49.0,0.0,40.0,0,1,1
3985,60.0,5.0,22.0,1.0,0,301.0,1.0,40.0,1,1,0
3986,79.0,1.0,22.0,1.0,2,160.0,1.0,40.0,1,0,0
3987,56.0,2.0,19.0,1.0,2,370.0,2.0,42.0,0,1,0
3988,34.0,1.0,21.0,2.0,0,49.0,2.0,40.0,1,1,0
3989,22.0,1.0,21.0,1.0,2,49.0,0.0,40.0,1,1,1
3990,52.0,1.0,18.0,1.0,1,49.0,0.0,10.0,1,1,0
3991,44.0,1.0,21.0,1.0,0,515.0,0.0,40.0,1,1,1
3992,45.0,1.0,20.0,1.0,0,116.0,0.0,50.0,1,1,1
3993,68.0,1.0,4.0,5.0,1,200.0,10.0,7.0,0,1,0
3994,56.0,1.0,20.0,1.0,3,49.0,0.0,40.0,0,1,1
3995,49.0,3.0,22.0,1.0,0,49.0,1.0,12.0,1,1,1
3996,58.0,1.0,19.0,5.0,2,49.0,0.0,33.0,1,1,0
3997,63.0,1.0,22.0,1.0,0,49.0,1.0,13.0,1,1,1
3998,75.0,4.0,22.0,1.0,0,49.0,0.0,40.0,1,1,1
3999,71.0,5.0,19.0,1.0,1,49.0,0.0,40.0,1,1,1
4000,75.0,1.0,21.0,5.0,1,49.0,4.0,29.0,1,1,0
4001,60.0,1.0,22.0,1.0,0,103.0,0.0,50.0,1,1,1
4002,63.0,1.0,16.0,5.0,4,49.0,9.0,33.0,1,1,1
4003,21.0,1.0,18.0,1.0,3,6.0,0.0,40.0,0,1,1
4004,55.0,1.0,21.0,1.0,0,303.0,1.0,67.0,0,1,1
4005,39.0,8.0,16.0,5.0,4,6.0,12.0,28.0,1,1,0
4006,24.0,1.0,20.0,1.0,2,160.0,0.0,40.0,0,1,0
4007,82.0,6.0,18.0,4.0,1,49.0,0.0,51.0,0,1,0
4008,77.0,4.0,16.0,1.0,1,6.0,1.0,55.0,1,1,1
4009,53.0,1.0,21.0,5.0,5,49.0,2.0,96.0,0,1,0
4010,55.0,1.0,16.0,5.0,1,49.0,2.0,53.0,1,1,0
4011,82.0,1.0,8.0,1.0,1,215.0,0.0,84.0,1,1,0
4012,27.0,1.0,22.0,5.0,0,215.0,2.0,40.0,1,1,1
4013,70.0,1.0,21.0,1.0,0,49.0,0.0,40.0,1,0,1
4014,84.0,2.0,21.0,1.0,0,6.0,0.0,50.0,0,1,1
4015,76.0,3.0,16.0,1.0,1,49.0,1.0,99.0,0,1,0
4016,23.0,5.0,18.0,1.0,4,49.0,1.0,88.0,0,1,1
4017,43.0,1.0,22.0,1.0,0,49.0,0.0,40.0,1,1,1
4018,45.0,1.0,1.0,5.0,0,49.0,2.0,50.0,1,1,0
4019,40.0,1.0,18.0,5.0,4,468.0,4.0,40.0,1,1,0
4020,67.0,1.0,22.0,1.0,0,49.0,0.0,40.0,0,1,1
4021,52.0,1.0,16.0,1.0,2,6.0,0.0,50.0,0,1,1
4022,65.0,5.0,18.0,5.0,1,49.0,0.0,40.0,0,1,0
4023,22.0,1.0,21.0,5.0,0,49.0,4.0,50.0,1,1,1
4024,45.0,1.0,19.0,1.0,1,49.0,0.0,40.0,1,1,1
4025,49.0,2.0,16.0,1.0,3,49.0,0.0,40.0,1,1,1
4026,75.0,1.0,13.0,4.0,2,49.0,0.0,40.0,0,1,0
4027,38.0,1.0,21.0,3.0,2,103.0,0.0,20.0,0,0,1
4028,68.0,4.0,16.0,1.0,2,49.0,0.0,82.0,1,1,0
4029,28.0,1.0,16.0,1.0,4,49.0,0.0,40.0,1,1,1
4030,52.0,1.0,16.0,5.0,4,49.0,0.0,16.0,0,1,0
4031,45.0,1.0,16.0,3.0,1,49.0,1.0,40.0,1,1,0
4032,54.0,5.0,21.0,1.0,1,49.0,17.0,57.0,1,1,1
4033,50.0,1.0,4.0,1.0,1,44.0,0.0,40.0,1,0,0
4034,56.0,4.0,20.0,1.0,0,49.0,0.0,45.0,0,0,1
4035,53.0,1.0,16.0,3.0,4,4.0,0.0,50.0,0,1,1
4036,37.0,1.0,19.0,1.0,4,49.0,0.0,40.0,1,1,1
4037,84.0,1.0,19.0,1.0,1,10.0,0.0,84.0,0,0,0
4038,56.0,1.0,19.0,5.0,1,49.0,13.0,96.0,0,1,0
4039,49.0,1.0,16.0,1.0,2,8.0,0.0,59.0,0,1,0
4040,53.0,7.0,19.0,1.0,1,49.0,0.0,50.0,0,1,0
4041,48.0,1.0,18.0,5.0,4,49.0,2.0,7.0,0,1,0
4042,52.0,1.0,20.0,1.0,3,6.0,0.0,40.0,1,1,0
4043,65.0,1.0,20.0,5.0,0,49.0,2.0,40.0,0,1,0
4044,43.0,1.0,16.0,1.0,1,49.0,1.0,45.0,0,1,1
4045,77.0,2.0,21.0,1.0,0,6.0,1.0,4.0,0,1,0
4046,17.0,3.0,8.0,5.0,0,109.0,2.0,45.0,1,1,1
4047,66.0,1.0,21.0,5.0,1,49.0,2.0,40.0,0,0,0
4048,58.0,1.0,22.0,1.0,0,49.0,1.0,50.0,1,1,1
4049,33.0,1.0,21.0,1.0,0,49.0,1.0,37.0,0,1,1
4050,52.0,2.0,19.0,3.0,2,49.0,0.0,45.0,1,0,1
4051,24.0,1.0,19.0,3.0,0,368.0,1.0,45.0,1,1,1
4052,62.0,1.0,21.0,1.0,2,32.0,15.0,20.0,1,0,0
4053,77.0,8.0,19.0,1.0,4,49.0,0.0,40.0,1,1,1
4054,53.0,1.0,21.0,3.0,0,49.0,14.0,45.0,1,1,1
4055,24.0,2.0,18.0,1.0,0,373.0,1.0,40.0,1,1,1
4056,25.0,1.0,20.0,1.0,0,163.0,1.0,60.0,1,1,1
4057,87.0,1.0,20.0,1.0,0,6.0,1.0,45.0,1,1,1
4058,47.0,1.0,8.0,5.0,4,2.0,4.0,40.0,1,1,1
4059,43.0,1.0,22.0,5.0,0,49.0,6.0,9.0,0,0,0
4060,30.0,2.0,16.0,1.0,3,49.0,2.0,50.0,1,1,1
4061,41.0,1.0,19.0,1.0,2,49.0,0.0,40.0,0,1,0
4062,71.0,4.0,4.0,1.0,1,49.0,1.0,40.0,1,0,1
4063,23.0,2.0,16.0,1.0,2,412.0,0.0,40.0,0,1,0
4064,33.0,1.0,21.0,1.0,0,49.0,0.0,45.0,1,1,1
4065,72.0,2.0,16.0,3.0,3,49.0,0.0,40.0,1,1,0
4066,77.0,2.0,16.0,3.0,3,6.0,0.0,40.0,0,1,1
4067,50.0,1.0,21.0,1.0,2,49.0,0.0,40.0,0,1,0
4068,76.0,5.0,19.0,1.0,2,49.0,4.0,50.0,0,1,1
4069,69.0,1.0,16.0,1.0,4,49.0,1.0,40.0,0,1,0
4070,22.0,1.0,16.0,1.0,2,6.0,1.0,40.0,1,1,0
4071,69.0,1.0,21.0,1.0,0,6.0,1.0,4.0,0,1,0
4072,47.0,1.0,21.0,1.0,0,49.0,0.0,40.0,0,1,1
4073,26.0,1.0,19.0,1.0,2,49.0,0.0,40.0,1,1,1
4074,92.0,1.0,19.0,1.0,3,49.0,0.0,50.0,0,1,1
4075,21.0,1.0,19.0,3.0,2,49.0,0.0,15.0,0,1,0
4076,38.0,1.0,22.0,3.0,2,49.0,6.0,50.0,1,0,1
4077,26.0,1.0,19.0,3.0,0,137.0,0.0,40.0,0,1,0
4078,20.0,4.0,21.0,5.0,2,362.0,0.0,45.0,1,1,0
4079,59.0,1.0,18.0,1.0,3,49.0,0.0,40.0,1,1,0
4080,33.0,1.0,18.0,3.0,4,511.0,0.0,50.0,1,1,1
4081,54.0,2.0,20.0,1.0,0,49.0,1.0,50.0,0,1,1
4082,51.0,1.0,20.0,1.0,2,362.0,0.0,70.0,1,1,1
4083,48.0,1.0,19.0,1.0,3,49.0,1.0,40.0,1,1,1
4084,25.0,1.0,7.0,1.0,0,362.0,0.0,20.0,1,1,1
4085,66.0,7.0,24.0,1.0,1,49.0,1.0,29.0,1,1,0
4086,31.0,3.0,21.0,1.0,1,49.0,1.0,50.0,1,1,0
4087,19.0,1.0,22.0,1.0,0,6.0,1.0,40.0,1,1,1
4088,87.0,1.0,12.0,5.0,1,49.0,2.0,11.0,1,1,0
4089,28.0,1.0,18.0,1.0,3,49.0,1.0,46.0,1,1,1
4090,72.0,1.0,19.0,5.0,1,49.0,0.0,27.0,0,0,0
4091,38.0,4.0,21.0,3.0,0,39.0,0.0,20.0,1,0,0
4092,21.0,1.0,18.0,3.0,2,6.0,0.0,20.0,1,1,0
4093,44.0,1.0,1.0,3.0,1,49.0,0.0,20.0,1,1,0
4094,23.0,1.0,18.0,1.0,1,49.0,0.0,4.0,1,1,0
4095,80.0,7.0,16.0,5.0,4,6.0,1.0,40.0,1,1,1
4096,36.0,1.0,18.0,1.0,0,49.0,0.0,45.0,0,1,1
4097,23.0,8.0,22.0,3.0,0,49.0,0.0,20.0,1,1,0
4098,83.0,3.0,19.0,1.0,0,49.0,1.0,40.0,1,1,1
4099,83.0,4.0,22.0,1.0,0,49.0,0.0,40.0,1,1,1
4100,82.0,4.0,19.0,1.0,1,49.0,0.0,39.0,1,1,0
4101,44.0,2.0,21.0,5.0,0,323.0,11.0,40.0,1,1,0
4102,17.0,1.0,20.0,1.0,1,49.0,1.0,40.0,0,1,1
4103,36.0,1.0,22.0,1.0,2,6.0,1.0,40.0,1,1,1
4104,63.0,1.0,19.0,1.0,2,416.0,1.0,40.0,0,1,1
4105,26.0,1.0,21.0,3.0,0,6.0,0.0,88.0,0,1,0
4106,73.0,1.0,19.0,1.0,3,501.0,1.0,45.0,1,1,1
4107,42.0,3.0,19.0,5.0,4,6.0,11.0,65.0,0,1,0
4108,74.0,1.0,19.0,5.0,3,49.0,2.0,31.0,0,1,0
4109,79.0,4.0,18.0,5.0,1,6.0,16.0,40.0,1,1,1
4110,59.0,2.0,13.0,1.0,0,49.0,1.0,56.0,1,1,1
4111,25.0,1.0,21.0,1.0,0,233.0,1.0,40.0,0,1,0
4112,73.0,8.0,22.0,1.0,0,49.0,0.0,50.0,0,1,1
4113,61.0,1.0,21.0,1.0,2,49.0,1.0,40.0,1,1,1
4114,82.0,1.0,21.0,5.0,5,49.0,2.0,21.0,0,1,0
4115,21.0,6.0,19.0,3.0,4,442.0,0.0,7.0,1,1,1
4116,29.0,3.0,21.0,1.0,2,49.0,2.0,40.0,1,1,1
4117,18.0,5.0,18.0,5.0,4,6.0,0.0,40.0,0,1,1
4118,21.0,1.0,18.0,5.0,3,49.0,0.0,40.0,1,1,1
4119,63.0,1.0,16.0,1.0,2,149.0,0.0,19.0,0,1,0
4120,27.0,1.0,21.0,1.0,0,49.0,1.0,40.0,1,1,1
4121,38.0,1.0,22.0,5.0,0,49.0,0.0,40.0,1,0,1
4122,69.0,1.0,21.0,5.0,0,49.0,10.0,20.0,1,1,0
4123,21.0,3.0,17.0,1.0,1,49.0,0.0,44.0,1,1,0
4124,28.0,1.0,20.0,1.0,2,364.0,0.0,88.0,1,1,1
4125,45.0,2.0,22.0,3.0,0,104.0,0.0,52.0,1,1,1
4126,59.0,7.0,19.0,3.0,4,6.0,13.0,72.0,0,1,1
4127,35.0,1.0,16.0,5.0,1,49.0,0.0,11.0,0,1,0
4128,84.0,3.0,13.0,1.0,0,49.0,2.0,40.0,1,1,0
4129,79.0,1.0,16.0,1.0,3,49.0,1.0,40.0,1,1,0
4130,60.0,1.0,19.0,5.0,2,49.0,2.0,99.0,1,1,0
4131,43.0,4.0,21.0,5.0,2,49.0,7.0,40.0,0,1,0
4132,77.0,1.0,18.0,1.0,-1,207.0,2.0,32.0,0,1,0
4133,67.0,4.0,18.0,1.0,-1,49.0,0.0,57.0,0,1,0
4134,80.0,1.0,19.0,1.0,0,203.0,0.0,45.0,1,1,1
4135,21.0,2.0,21.0,3.0,0,6.0,0.0,45.0,1,1,1
4136,79.0,3.0,21.0,5.0,0,249.0,2.0,80.0,1,1,0
4137,62.0,1.0,16.0,5.0,2,49.0,0.0,45.0,1,1,1
4138,31.0,1.0,16.0,5.0,3,6.0,2.0,45.0,0,0,1
4139,51.0,1.0,19.0,5.0,1,49.0,0.0,50.0,0,1,0
4140,52.0,1.0,20.0,1.0,0,49.0,0.0,40.0,0,1,1
4141,50.0,4.0,21.0,1.0,0,49.0,1.0,50.0,0,1,1
4142,50.0,2.0,21.0,1.0,0,49.0,1.0,20.0,1,1,0
4143,75.0,7.0,19.0,5.0,1,49.0,0.0,20.0,0,1,0
4144,66.0,1.0,20.0,1.0,0,49.0,1.0,40.0,1,1,1
4145,41.0,1.0,19.0,1.0,1,49.0,1.0,70.0,0,1,0
4146,82.0,1.0,19.0,1.0,4,49.0,1.0,45.0,0,1,1
4147,21.0,1.0,22.0,3.0,0,49.0,0.0,50.0,0,1,1
4148,22.0,1.0,16.0,1.0,3,6.0,0.0,14.0,1,1,0
4149,82.0,7.0,16.0,1.0,3,33.0,0.0,12.0,0,1,0
4150,36.0,1.0,16.0,1.0,2,49.0,0.0,14.0,1,0,1
4151,37.0,1.0,21.0,1.0,0,104.0,0.0,40.0,1,1,1
4152,56.0,1.0,14.0,1.0,4,49.0,11.0,22.0,1,1,1
4153,26.0,1.0,20.0,1.0,0,49.0,1.0,45.0,1,1,1
4154,63.0,3.0,21.0,5.0,0,20.0,11.0,45.0,1,1,0
4155,87.0,1.0,16.0,1.0,4,116.0,0.0,40.0,1,1,1
4156,45.0,3.0,21.0,5.0,0,49.0,8.0,40.0,0,1,1
4157,75.0,1.0,16.0,1.0,1,49.0,0.0,39.0,1,1,0
4158,83.0,3.0,19.0,1.0,0,49.0,0.0,23.0,0,1,1
4159,67.0,1.0,21.0,1.0,0,138.0,1.0,45.0,1,1,1
4160,23.0,1.0,16.0,5.0,3,19.0,2.0,40.0,0,1,0
4161,73.0,1.0,20.0,1.0,2,49.0,0.0,40.0,1,1,0
4162,79.0,1.0,19.0,5.0,3,128.0,9.0,45.0,0,1,1
4163,69.0,1.0,2.0,1.0,1,22.0,16.0,55.0,0,1,0
4164,56.0,1.0,16.0,5.0,3,138.0,0.0,55.0,1,1,0
4165,72.0,1.0,21.0,1.0,0,49.0,1.0,40.0,0,1,0
4166,79.0,1.0,19.0,1.0,5,56.0,0.0,20.0,1,1,0
4167,82.0,1.0,21.0,1.0,0,49.0,0.0,39.0,0,1,0
4168,53.0,1.0,21.0,1.0,0,49.0,0.0,43.0,1,1,1
4169,81.0,1.0,19.0,1.0,1,49.0,1.0,50.0,0,1,0
4170,19.0,3.0,21.0,1.0,0,49.0,0.0,40.0,0,1,1
4171,23.0,1.0,8.0,3.0,0,49.0,0.0,40.0,0,1,1
4172,25.0,1.0,15.0,1.0,4,49.0,0.0,49.0,0,1,0
4173,67.0,8.0,20.0,1.0,0,49.0,1.0,40.0,1,0,1
4174,86.0,1.0,19.0,1.0,1,523.0,1.0,56.0,1,1,0
4175,86.0,1.0,16.0,1.0,3,49.0,1.0,40.0,0,1,1
4176,47.0,1.0,19.0,1.0,0,49.0,1.0,40.0,0,1,1
4177,33.0,3.0,21.0,1.0,0,148.0,1.0,40.0,1,1,1
4178,77.0,7.0,21.0,1.0,-1,6.0,1.0,66.0,0,1,0
4179,51.0,3.0,21.0,5.0,0,10.0,2.0,72.0,1,1,0
4180,58.0,1.0,12.0,1.0,4,6.0,1.0,40.0,1,1,0
4181,68.0,1.0,16.0,5.0,4,205.0,2.0,40.0,1,1,1
4182,72.0,1.0,24.0,3.0,0,49.0,0.0,40.0,1,1,0
4183,82.0,1.0,22.0,1.0,2,49.0,1.0,45.0,1,1,1
4184,87.0,8.0,19.0,5.0,3,49.0,5.0,20.0,0,1,0
4185,49.0,7.0,18.0,3.0,1,11.0,0.0,40.0,0,1,0
4186,70.0,2.0,20.0,1.0,3,6.0,0.0,40.0,1,1,1
4187,80.0,4.0,19.0,1.0,0,243.0,1.0,50.0,1,1,1
4188,75.0,1.0,22.0,1.0,2,417.0,0.0,32.0,0,1,0
4189,39.0,2.0,22.0,1.0,0,49.0,1.0,50.0,1,1,1
4190,82.0,1.0,16.0,5.0,4,49.0,12.0,88.0,0,1,0
4191,28.0,2.0,19.0,1.0,2,49.0,1.0,50.0,1,1,1
4192,44.0,3.0,24.0,1.0,0,49.0,1.0,40.0,1,1,1
4193,33.0,1.0,16.0,1.0,2,49.0,1.0,20.0,0,1,0
4194,17.0,1.0,12.0,1.0,0,150.0,1.0,40.0,0,1,0
4195,68.0,3.0,21.0,1.0,0,427.0,1.0,45.0,1,1,1
4196,77.0,1.0,16.0,5.0,4,49.0,2.0,40.0,0,1,0
4197,17.0,2.0,19.0,1.0,2,49.0,1.0,67.0,1,1,1
4198,33.0,1.0,19.0,1.0,3,46.0,1.0,14.0,1,1,1
4199,86.0,1.0,19.0,1.0,3,372.0,0.0,40.0,1,1,1
4200,67.0,1.0,16.0,1.0,1,363.0,1.0,20.0,1,1,0
4201,21.0,4.0,19.0,1.0,0,49.0,1.0,40.0,1,1,1
4202,75.0,1.0,21.0,1.0,0,6.0,0.0,48.0,0,1,0
4203,67.0,2.0,21.0,1.0,0,49.0,0.0,40.0,0,1,1
4204,43.0,1.0,18.0,1.0,4,132.0,1.0,40.0,1,1,1
4205,18.0,1.0,21.0,1.0,0,363.0,0.0,59.0,1,1,1
4206,65.0,1.0,21.0,1.0,1,49.0,1.0,2.0,1,1,1
4207,50.0,1.0,21.0,1.0,2,49.0,0.0,23.0,1,1,0
4208,36.0,1.0,19.0,1.0,1,54.0,1.0,10.0,1,1,0
4209,37.0,7.0,1.0,1.0,1,49.0,1.0,90.0,0,1,0
4210,20.0,2.0,22.0,5.0,2,49.0,0.0,36.0,0,1,0
4211,68.0,5.0,18.0,1.0,1,414.0,1.0,40.0,1,1,0
4212,44.0,4.0,19.0,3.0,0,4.0,0.0,45.0,1,0,1
4213,27.0,1.0,19.0,1.0,0,49.0,0.0,40.0,1,1,1
4214,46.0,1.0,1.0,5.0,4,468.0,17.0,20.0,0,1,1
4215,17.0,3.0,19.0,1.0,3,247.0,1.0,42.0,0,1,1
4216,65.0,3.0,19.0,1.0,0,49.0,1.0,50.0,0,1,1
4217,92.0,7.0,16.0,1.0,4,49.0,0.0,40.0,1,1,1
4218,18.0,1.0,16.0,5.0,3,49.0,10.0,48.0,0,0,0
4219,70.0,1.0,22.0,5.0,0,416.0,12.0,75.0,1,0,0
4220,70.0,1.0,20.0,1.0,0,10.0,1.0,37.0,0,1,0
4221,68.0,1.0,21.0,5.0,0,49.0,2.0,20.0,0,1,0
4222,19.0,6.0,21.0,1.0,0,53.0,0.0,50.0,0,1,1
4223,84.0,1.0,16.0,1.0,1,459.0,0.0,40.0,1,0,0
4224,18.0,7.0,19.0,5.0,1,49.0,2.0,9.0,0,0,0
4225,73.0,5.0,16.0,5.0,1,49.0,2.0,40.0,1,1,0
4226,86.0,2.0,16.0,1.0,2,236.0,0.0,33.0,1,1,0
4227,40.0,1.0,16.0,1.0,4,27.0,5.0,40.0,0,1,1
4228,22.0,5.0,18.0,1.0,1,49.0,1.0,40.0,1,1,0
4229,35.0,1.0,21.0,5.0,0,44.0,0.0,53.0,1,1,0
4230,39.0,1.0,16.0,1.0,2,417.0,0.0,40.0,1,1,1
4231,38.0,1.0,20.0,3.0,2,49.0,0.0,45.0,0,0,0
4232,66.0,1.0,16.0,1.0,4,49.0,0.0,44.0,0,1,0
4233,57.0,3.0,21.0,1.0,1,138.0,1.0,45.0,1,1,0
4234,59.0,1.0,16.0,4.0,4,49.0,2.0,42.0,1,1,0
4235,21.0,3.0,22.0,1.0,0,6.0,1.0,40.0,0,1,1
4236,70.0,1.0,15.0,5.0,0,49.0,2.0,40.0,0,1,1
4237,20.0,1.0,20.0,5.0,2,72.0,2.0,40.0,1,1,0
4238,87.0,4.0,11.0,1.0,0,49.0,0.0,82.0,1,0,1
4239,43.0,4.0,21.0,5.0,0,49.0,5.0,39.0,0,1,0
4240,87.0,1.0,22.0,5.0,0,49.0,17.0,50.0,0,1,0
4241,24.0,2.0,21.0,1.0,0,31.0,1.0,50.0,1,1,1
4242,28.0,3.0,19.0,1.0,0,6.0,1.0,40.0,1,1,0
4243,48.0,1.0,19.0,3.0,2,49.0,0.0,18.0,0,1,1
4244,34.0,5.0,22.0,1.0,0,66.0,1.0,82.0,1,1,1
4245,26.0,3.0,20.0,1.0,0,49.0,2.0,20.0,1,1,1
4246,17.0,3.0,18.0,1.0,3,49.0,1.0,29.0,1,0,0
4247,43.0,1.0,21.0,1.0,2,49.0,1.0,40.0,1,1,1
4248,71.0,2.0,21.0,1.0,0,6.0,1.0,44.0,1,1,1
4249,84.0,1.0,18.0,1.0,4,6.0,0.0,40.0,1,1,1
4250,81.0,6.0,12.0,1.0,4,49.0,0.0,40.0,0,1,1
4251,53.0,4.0,21.0,1.0,0,49.0,1.0,40.0,1,1,1
4252,65.0,1.0,18.0,1.0,3,49.0,1.0,50.0,0,1,1
4253,21.0,1.0,19.0,1.0,0,6.0,1.0,40.0,0,1,0
4254,48.0,1.0,18.0,1.0,1,49.0,0.0,40.0,1,1,0
4255,34.0,2.0,18.0,1.0,0,469.0,0.0,40.0,1,1,1
4256,71.0,5.0,18.0,4.0,1,103.0,2.0,40.0,1,1,0
4257,52.0,1.0,21.0,3.0,0,10.0,0.0,40.0,1,1,0
4258,59.0,1.0,16.0,1.0,4,37.0,0.0,16.0,1,1,1
4259,32.0,1.0,16.0,1.0,3,49.0,0.0,40.0,1,1,0
4260,49.0,1.0,18.0,5.0,4,49.0,2.0,50.0,1,1,1
4261,53.0,1.0,21.0,1.0,0,49.0,1.0,19.0,0,1,0
4262,72.0,1.0,22.0,1.0,0,49.0,0.0,40.0,1,1,1
4263,29.0,3.0,18.0,5.0,5,53.0,2.0,40.0,1,1,0
4264,48.0,1.0,21.0,1.0,0,6.0,0.0,40.0,1,1,1
4265,40.0,2.0,16.0,1.0,3,365.0,1.0,40.0,1,1,1
4266,60.0,4.0,22.0,1.0,0,49.0,0.0,30.0,1,1,0
4267,57.0,1.0,19.0,5.0,3,49.0,2.0,20.0,1,1,0
4268,86.0,4.0,22.0,5.0,0,49.0,2.0,14.0,1,1,0
4269,50.0,1.0,18.0,1.0,3,523.0,1.0,40.0,1,0,1
4270,65.0,1.0,1.0,1.0,1,49.0,0.0,50.0,1,1,1
4271,75.0,3.0,22.0,1.0,0,523.0,0.0,36.0,1,1,1
4272,60.0,7.0,19.0,1.0,3,49.0,0.0,40.0,1,1,1
4273,38.0,3.0,22.0,3.0,0,49.0,0.0,50.0,0,1,0
4274,79.0,3.0,22.0,1.0,0,49.0,1.0,82.0,1,0,1
4275,61.0,1.0,16.0,3.0,3,66.0,0.0,23.0,0,1,0
4276,65.0,1.0,21.0,5.0,2,49.0,9.0,43.0,1,0,0
4277,34.0,1.0,16.0,3.0,3,150.0,0.0,40.0,1,1,1
4278,38.0,1.0,16.0,3.0,4,49.0,0.0,34.0,0,1,1
4279,25.0,7.0,19.0,1.0,3,49.0,0.0,40.0,0,1,1
4280,59.0,1.0,16.0,1.0,2,49.0,0.0,59.0,0,1,0
4281,80.0,2.0,21.0,5.0,0,110.0,9.0,99.0,0,1,1
4282,61.0,1.0,22.0,5.0,0,6.0,2.0,40.0,1,1,1
4283,46.0,1.0,16.0,1.0,4,38.0,0.0,40.0,1,1,1
4284,28.0,4.0,21.0,1.0,0,49.0,0.0,16.0,0,1,1
4285,40.0,1.0,19.0,1.0,1,212.0,1.0,40.0,0,1,1
4286,82.0,1.0,19.0,5.0,1,162.0,2.0,8.0,0,1,0
4287,68.0,1.0,21.0,1.0,2,150.0,1.0,99.0,1,1,1
4288,57.0,1.0,21.0,1.0,1,210.0,1.0,45.0,0,1,0
4289,72.0,1.0,21.0,5.0,2,327.0,2.0,20.0,0,1,0
4290,17.0,1.0,18.0,2.0,2,49.0,0.0,20.0,1,1,0
4291,45.0,4.0,16.0,1.0,1,109.0,0.0,40.0,0,1,1
4292,64.0,1.0,16.0,5.0,3,109.0,2.0,40.0,1,1,1
4293,25.0,3.0,19.0,1.0,0,51.0,1.0,51.0,0,1,1
4294,40.0,1.0,21.0,5.0,0,6.0,3.0,40.0,0,1,0
4295,71.0,1.0,16.0,5.0,4,126.0,0.0,40.0,1,1,0
4296,51.0,1.0,19.0,5.0,0,49.0,12.0,47.0,0,1,0
4297,72.0,7.0,19.0,1.0,3,49.0,1.0,90.0,1,1,0
4298,83.0,2.0,21.0,1.0,0,49.0,1.0,55.0,0,1,0
4299,53.0,5.0,22.0,1.0,0,49.0,0.0,56.0,0,1,1
4300,38.0,1.0,17.0,5.0,0,48.0,2.0,50.0,1,0,1
4301,21.0,1.0,18.0,1.0,0,53.0,0.0,9.0,0,1,0
4302,64.0,6.0,19.0,1.0,0,6.0,0.0,40.0,0,1,0
4303,84.0,1.0,16.0,1.0,4,49.0,0.0,40.0,1,1,0
4304,64.0,1.0,21.0,1.0,0,4.0,0.0,31.0,1,1,1
4305,64.0,1.0,21.0,5.0,0,49.0,2.0,31.0,1,1,1
4306,65.0,1.0,18.0,2.0,4,49.0,2.0,20.0,0,1,0
4307,20.0,1.0,21.0,1.0,0,49.0,3.0,40.0,1,1,1
4308,73.0,1.0,2.0,5.0,2,332.0,2.0,20.0,1,1,0
4309,86.0,2.0,20.0,1.0,2,26.0,0.0,40.0,0,1,0
4310,72.0,8.0,7.0,1.0,0,49.0,0.0,40.0,1,1,1
4311,47.0,1.0,21.0,1.0,0,209.0,0.0,7.0,1,1,1
4312,70.0,7.0,16.0,5.0,4,6.0,2.0,39.0,0,1,1
4313,22.0,1.0,19.0,1.0,0,49.0,1.0,1.0,0,1,1
4314,17.0,7.0,20.0,4.0,1,49.0,0.0,40.0,0,1,0
4315,20.0,3.0,19.0,5.0,-1,49.0,0.0,49.0,0,1,0
4316,58.0,1.0,21.0,1.0,0,27.0,0.0,29.0,1,1,1
4317,49.0,8.0,13.0,1.0,1,49.0,0.0,40.0,1,1,1
4318,64.0,3.0,19.0,1.0,0,362.0,0.0,28.0,0,1,0
4319,44.0,1.0,22.0,3.0,2,49.0,0.0,40.0,1,1,1
4320,37.0,1.0,19.0,1.0,1,49.0,1.0,55.0,1,1,0
4321,21.0,1.0,21.0,1.0,0,427.0,6.0,99.0,0,1,1
4322,87.0,1.0,19.0,1.0,2,235.0,0.0,40.0,1,1,1
4323,48.0,1.0,19.0,1.0,2,6.0,1.0,47.0,1,0,0
4324,54.0,1.0,19.0,1.0,0,6.0,1.0,40.0,1,1,1
4325,73.0,1.0,19.0,1.0,4,206.0,1.0,40.0,1,0,1
4326,32.0,1.0,22.0,1.0,0,49.0,0.0,40.0,1,1,1
4327,77.0,4.0,23.0,5.0,0,49.0,2.0,20.0,1,1,0
4328,59.0,4.0,21.0,1.0,0,49.0,1.0,40.0,1,1,1
4329,47.0,4.0,8.0,1.0,0,49.0,1.0,45.0,1,0,1
4330,21.0,4.0,21.0,5.0,0,6.0,7.0,47.0,1,1,1
4331,42.0,1.0,16.0,1.0,4,6.0,0.0,32.0,0,1,0
4332,36.0,7.0,22.0,1.0,0,49.0,0.0,68.0,0,1,0
4333,18.0,1.0,16.0,5.0,4,6.0,12.0,20.0,1,1,0
4334,63.0,1.0,20.0,1.0,2,49.0,1.0,52.0,0,1,1
4335,65.0,1.0,21.0,1.0,0,49.0,0.0,75.0,1,1,0
4336,21.0,1.0,19.0,1.0,2,106.0,0.0,39.0,1,1,1
4337,42.0,1.0,20.0,1.0,1,150.0,0.0,58.0,0,1,1
4338,39.0,3.0,21.0,1.0,0,137.0,0.0,40.0,0,1,0
4339,57.0,1.0,19.0,1.0,4,49.0,0.0,40.0,1,1,0
4340,34.0,4.0,19.0,1.0,0,49.0,0.0,50.0,1,0,1
4341,57.0,1.0,16.0,3.0,2,49.0,0.0,39.0,0,1,0
4342,49.0,1.0,19.0,2.0,4,49.0,2.0,40.0,1,0,0
4343,65.0,1.0,13.0,1.0,0,372.0,0.0,51.0,0,1,0
4344,19.0,4.0,21.0,1.0,0,49.0,0.0,40.0,0,1,0
4345,25.0,1.0,18.0,1.0,0,24.0,1.0,58.0,1,1,0
4346,51.0,3.0,19.0,1.0,3,29.0,1.0,50.0,1,0,1
4347,55.0,7.0,19.0,1.0,-1,49.0,1.0,34.0,1,0,0
4348,52.0,2.0,22.0,1.0,0,49.0,0.0,50.0,1,1,1
4349,22.0,2.0,20.0,1.0,0,49.0,1.0,40.0,0,1,1
4350,78.0,6.0,11.0,5.0,1,412.0,6.0,40.0,0,1,0
4351,53.0,1.0,21.0,1.0,1,49.0,1.0,20.0,0,1,0
4352,33.0,3.0,9.0,5.0,0,523.0,7.0,20.0,1,0,0
4353,64.0,1.0,20.0,1.0,2,50.0,1.0,50.0,1,1,1
4354,76.0,1.0,16.0,1.0,4,5.0,0.0,40.0,0,1,1
4355,49.0,1.0,20.0,5.0,3,368.0,2.0,14.0,0,1,1
4356,81.0,1.0,20.0,5.0,0,49.0,2.0,40.0,1,1,0
4357,51.0,1.0,20.0,3.0,2,303.0,0.0,40.0,1,1,1
4358,17.0,1.0,19.0,1.0,4,49.0,0.0,3.0,0,1,0
4359,37.0,7.0,19.0,3.0,3,312.0,0.0,29.0,0,0,0
4360,29.0,7.0,18.0,1.0,3,49.0,1.0,50.0,1,1,1
4361,67.0,1.0,20.0,5.0,0,527.0,4.0,3.0,1,1,0
4362,41.0,1.0,19.0,1.0,3,49.0,1.0,40.0,1,1,1
4363,60.0,1.0,19.0,5.0,1,49.0,15.0,40.0,0,1,0
4364,29.0,3.0,21.0,1.0,0,49.0,0.0,23.0,1,1,1
4365,25.0,1.0,16.0,5.0,4,32.0,2.0,40.0,1,1,0
4366,29.0,1.0,16.0,1.0,1,49.0,1.0,20.0,1,0,0
4367,35.0,1.0,21.0,5.0,0,364.0,2.0,72.0,1,0,0
4368,37.0,1.0,16.0,1.0,2,30.0,0.0,70.0,1,1,0
4369,37.0,1.0,18.0,1.0,4,49.0,1.0,40.0,1,1,0
4370,48.0,6.0,19.0,1.0,3,213.0,1.0,40.0,0,1,1
4371,25.0,3.0,19.0,1.0,0,217.0,1.0,2.0,1,1,1
4372,27.0,3.0,16.0,1.0,1,49.0,0.0,40.0,1,1,1
4373,52.0,1.0,21.0,1.0,0,49.0,1.0,40.0,0,1,1
4374,66.0,4.0,21.0,5.0,2,436.0,0.0,12.0,0,1,0
4375,64.0,3.0,16.0,1.0,4,49.0,0.0,40.0,0,1,1
4376,52.0,4.0,18.0,1.0,0,235.0,0.0,40.0,0,0,0
4377,30.0,1.0,21.0,1.0,0,373.0,0.0,40.0,1,1,1
4378,84.0,7.0,19.0,5.0,1,206.0,2.0,23.0,0,1,0
4379,30.0,1.0,19.0,5.0,2,49.0,0.0,40.0,0,1,1
4380,78.0,3.0,21.0,5.0,0,49.0,4.0,31.0,1,1,0
4381,38.0,5.0,21.0,5.0,0,49.0,9.0,47.0,1,0,1
4382,32.0,4.0,22.0,1.0,0,49.0,1.0,40.0,0,1,1
4383,67.0,1.0,19.0,1.0,2,6.0,0.0,40.0,0,1,1
4384,53.0,1.0,16.0,1.0,2,49.0,1.0,40.0,1,1,0
4385,28.0,1.0,22.0,1.0,0,200.0,0.0,3.0,1,1,0
4386,38.0,1.0,16.0,3.0,1,29.0,0.0,31.0,0,1,0
4387,45.0,4.0,21.0,3.0,2,49.0,0.0,22.0,1,1,0
4388,81.0,1.0,21.0,5.0,0,49.0,0.0,3.0,1,1,0
4389,53.0,1.0,19.0,5.0,3,49.0,2.0,40.0,0,1,0
4390,67.0,1.0,21.0,5.0,0,49.0,15.0,21.0,1,1,0
4391,47.0,1.0,19.0,3.0,1,49.0,4.0,72.0,1,1,0
4392,58.0,3.0,19.0,1.0,0,373.0,0.0,45.0,1,1,1
4393,38.0,7.0,19.0,3.0,1,49.0,0.0,40.0,1,0,1
4394,44.0,4.0,20.0,3.0,0,20.0,0.0,40.0,1,1,1
4395,25.0,6.0,16.0,1.0,3,49.0,1.0,20.0,0,1,0
4396,70.0,8.0,14.0,5.0,1,49.0,2.0,20.0,0,1,0
4397,81.0,5.0,18.0,1.0,0,527.0,0.0,51.0,0,1,1
4398,42.0,3.0,21.0,1.0,5,49.0,0.0,50.0,0,1,0
4399,24.0,1.0,22.0,1.0,2,303.0,0.0,40.0,1,1,1
4400,25.0,1.0,21.0,1.0,0,49.0,0.0,40.0,1,1,1
4401,29.0,1.0,19.0,5.0,0,365.0,5.0,66.0,1,1,0
4402,54.0,3.0,16.0,5.0,4,49.0,2.0,28.0,0,1,0
4403,25.0,2.0,19.0,1.0,2,49.0,1.0,13.0,1,1,0
4404,21.0,6.0,16.0,1.0,1,41.0,0.0,40.0,0,1,1
4405,44.0,5.0,18.0,1.0,0,6.0,1.0,40.0,1,1,1
4406,75.0,1.0,22.0,1.0,0,49.0,0.0,40.0,1,1,1
4407,20.0,1.0,20.0,5.0,0,49.0,7.0,44.0,1,1,0
4408,82.0,1.0,16.0,1.0,3,6.0,1.0,40.0,0,1,0
4409,38.0,3.0,21.0,3.0,0,311.0,0.0,40.0,1,1,1
4410,51.0,1.0,5.0,1.0,4,103.0,1.0,20.0,0,1,1
4411,74.0,1.0,21.0,1.0,2,109.0,0.0,45.0,0,1,1
4412,75.0,1.0,19.0,1.0,0,49.0,0.0,40.0,1,1,1
4413,77.0,1.0,19.0,1.0,2,49.0,0.0,40.0,1,1,1
4414,31.0,1.0,21.0,1.0,0,49.0,0.0,45.0,1,1,1
4415,44.0,3.0,20.0,1.0,0,49.0,1.0,40.0,1,1,1
4416,43.0,1.0,19.0,5.0,0,233.0,2.0,40.0,0,1,1
4417,68.0,4.0,21.0,1.0,0,54.0,0.0,50.0,1,0,1
4418,78.0,1.0,21.0,5.0,0,21.0,2.0,45.0,1,0,1
4419,27.0,5.0,23.0,1.0,1,49.0,1.0,65.0,0,1,0
4420,68.0,2.0,20.0,1.0,0,36.0,0.0,35.0,0,1,0
4421,56.0,7.0,19.0,5.0,3,49.0,2.0,25.0,1,1,0
4422,20.0,1.0,18.0,5.0,1,49.0,14.0,20.0,0,1,0
4423,70.0,1.0,19.0,5.0,2,27.0,14.0,40.0,0,1,1
4424,79.0,1.0,7.0,1.0,0,49.0,1.0,40.0,0,1,1
4425,35.0,3.0,18.0,1.0,5,49.0,1.0,40.0,1,0,0
4426,20.0,1.0,21.0,5.0,0,49.0,11.0,40.0,0,1,0
4427,57.0,1.0,16.0,1.0,4,49.0,1.0,40.0,1,1,0
4428,24.0,1.0,22.0,5.0,2,41.0,10.0,45.0,1,1,0
4429,65.0,1.0,21.0,5.0,0,49.0,9.0,45.0,1,1,0
4430,55.0,2.0,20.0,1.0,0,365.0,1.0,40.0,1,1,1
4431,44.0,1.0,21.0,1.0,0,49.0,0.0,50.0,1,1,1
4432,39.0,1.0,8.0,5.0,0,8.0,2.0,40.0,1,1,0
4433,62.0,1.0,19.0,5.0,3,49.0,0.0,10.0,0,1,0
4434,92.0,3.0,1.0,1.0,-1,49.0,0.0,46.0,0,1,0
4435,58.0,3.0,7.0,1.0,1,49.0,0.0,90.0,0,1,0
4436,63.0,4.0,19.0,5.0,1,49.0,9.0,20.0,1,1,0
4437,21.0,1.0,16.0,1.0,3,49.0,0.0,40.0,1,1,1
4438,52.0,2.0,22.0,5.0,2,49.0,2.0,1.0,0,0,0
4439,70.0,1.0,21.0,1.0,0,49.0,0.0,50.0,1,1,1
4440,17.0,2.0,21.0,3.0,0,49.0,17.0,56.0,1,1,1
4441,35.0,2.0,19.0,1.0,0,203.0,1.0,32.0,1,1,1
4442,72.0,1.0,16.0,1.0,3,49.0,0.0,20.0,0,1,0
4443,30.0,1.0,20.0,1.0,2,40.0,0.0,37.0,1,1,1
4444,30.0,1.0,21.0,5.0,0,49.0,14.0,20.0,0,1,0
4445,30.0,8.0,5.0,1.0,0,49.0,1.0,40.0,0,1,1
4446,21.0,1.0,16.0,1.0,4,6.0,1.0,45.0,0,1,1
4447,31.0,2.0,19.0,1.0,3,49.0,1.0,40.0,0,0,1
4448,67.0,2.0,22.0,1.0,0,49.0,1.0,45.0,1,1,1
4449,38.0,7.0,18.0,5.0,5,49.0,12.0,40.0,1,1,0
4450,60.0,2.0,22.0,1.0,2,315.0,1.0,20.0,1,1,1
4451,37.0,1.0,19.0,1.0,0,49.0,1.0,45.0,1,1,1
4452,58.0,3.0,18.0,4.0,5,6.0,2.0,27.0,0,1,0
4453,65.0,1.0,19.0,5.0,2,211.0,2.0,25.0,0,1,0
4454,77.0,1.0,16.0,1.0,3,49.0,1.0,40.0,0,1,1
4455,37.0,1.0,19.0,1.0,2,46.0,0.0,40.0,1,1,1
4456,53.0,7.0,18.0,2.0,-1,119.0,2.0,50.0,1,1,0
4457,70.0,1.0,22.0,1.0,0,49.0,0.0,7.0,0,1,1
4458,75.0,2.0,21.0,1.0,0,49.0,1.0,40.0,1,0,1
4459,59.0,1.0,19.0,1.0,0,49.0,1.0,40.0,1,0,1
4460,70.0,1.0,21.0,1.0,2,49.0,1.0,33.0,0,1,0
4461,70.0,1.0,22.0,1.0,2,49.0,1.0,67.0,0,1,0
4462,76.0,1.0,16.0,1.0,2,49.0,0.0,99.0,1,1,1
4463,36.0,1.0,21.0,2.0,0,238.0,0.0,40.0,0,1,0
4464,86.0,1.0,21.0,1.0,0,49.0,0.0,17.0,0,1,0
4465,29.0,1.0,19.0,1.0,2,49.0,1.0,40.0,1,1,1
4466,21.0,3.0,21.0,5.0,0,6.0,5.0,33.0,1,1,0
4467,42.0,5.0,16.0,1.0,3,49.0,0.0,45.0,0,1,1
4468,64.0,7.0,18.0,5.0,3,449.0,0.0,31.0,0,1,0
4469,21.0,1.0,21.0,3.0,0,20.0,0.0,3.0,1,1,1
4470,23.0,1.0,16.0,1.0,4,32.0,0.0,40.0,0,1,0
4471,18.0,1.0,9.0,5.0,0,49.0,2.0,66.0,1,1,1
4472,53.0,4.0,21.0,1.0,0,49.0,0.0,40.0,0,1,0
4473,43.0,1.0,9.0,5.0,1,127.0,0.0,40.0,0,1,0
4474,19.0,1.0,21.0,1.0,2,116.0,0.0,45.0,1,1,1
4475,39.0,1.0,21.0,2.0,2,527.0,0.0,32.0,0,1,0
4476,18.0,1.0,19.0,5.0,1,49.0,2.0,40.0,0,1,0
4477,46.0,3.0,16.0,5.0,4,6.0,1.0,23.0,1,1,0
4478,40.0,1.0,21.0,3.0,0,49.0,0.0,40.0,0,1,1
4479,57.0,1.0,21.0,1.0,0,49.0,1.0,55.0,1,1,1
4480,62.0,4.0,18.0,1.0,0,49.0,0.0,40.0,1,1,0
4481,73.0,1.0,22.0,1.0,0,41.0,0.0,40.0,1,1,1
4482,17.0,1.0,16.0,1.0,2,49.0,0.0,26.0,1,1,1
4483,70.0,3.0,22.0,1.0,0,49.0,0.0,8.0,0,1,0
4484,72.0,1.0,22.0,5.0,2,363.0,2.0,40.0,0,1,0
4485,67.0,3.0,21.0,5.0,0,49.0,0.0,32.0,1,1,0
4486,63.0,1.0,19.0,1.0,3,467.0,1.0,40.0,1,1,1
4487,31.0,1.0,19.0,5.0,0,49.0,0.0,20.0,1,1,0
4488,26.0,1.0,19.0,1.0,2,150.0,1.0,20.0,0,0,0
4489,71.0,1.0,16.0,5.0,2,6.0,1.0,29.0,1,1,0
4490,65.0,3.0,17.0,3.0,0,233.0,0.0,78.0,0,1,1
4491,23.0,2.0,19.0,1.0,2,523.0,0.0,20.0,1,1,1
4492,19.0,1.0,21.0,1.0,0,31.0,0.0,20.0,0,1,1
4493,87.0,2.0,20.0,1.0,3,49.0,1.0,40.0,0,1,0
4494,59.0,1.0,19.0,1.0,2,6.0,1.0,40.0,1,1,1
4495,63.0,4.0,1.0,5.0,0,49.0,13.0,90.0,0,1,0
4496,31.0,1.0,19.0,1.0,4,235.0,0.0,20.0,1,1,1
4497,45.0,1.0,21.0,1.0,2,49.0,8.0,40.0,1,1,1
4498,75.0,1.0,16.0,5.0,4,49.0,2.0,50.0,0,1,1
4499,21.0,7.0,16.0,3.0,4,6.0,0.0,50.0,0,1,0
4500,55.0,2.0,16.0,1.0,2,224.0,1.0,40.0,1,1,1
4501,19.0,3.0,18.0,1.0,0,49.0,1.0,54.0,0,1,0
4502,86.0,5.0,19.0,1.0,0,49.0,0.0,40.0,1,1,1
4503,38.0,8.0,21.0,3.0,0,116.0,0.0,45.0,0,1,1
4504,79.0,2.0,16.0,1.0,3,6.0,2.0,40.0,1,0,1
4505,32.0,1.0,22.0,1.0,0,49.0,0.0,40.0,0,1,1
4506,50.0,3.0,19.0,3.0,0,16.0,0.0,40.0,0,1,0
4507,35.0,1.0,21.0,5.0,0,323.0,5.0,26.0,0,1,0
4508,21.0,1.0,21.0,5.0,0,6.0,2.0,40.0,1,1,0
4509,83.0,1.0,20.0,1.0,0,49.0,0.0,50.0,1,1,1
4510,80.0,1.0,21.0,1.0,0,6.0,1.0,40.0,1,1,1
4511,52.0,1.0,22.0,1.0,0,37.0,1.0,42.0,0,1,1
4512,23.0,1.0,16.0,5.0,4,49.0,6.0,35.0,0,1,0
4513,54.0,1.0,16.0,1.0,4,49.0,2.0,50.0,1,1,1
4514,52.0,1.0,20.0,1.0,3,110.0,2.0,5.0,1,1,1
4515,73.0,1.0,19.0,1.0,1,6.0,1.0,23.0,1,1,1
4516,79.0,1.0,16.0,5.0,4,49.0,0.0,40.0,1,1,1
4517,82.0,8.0,21.0,1.0,0,332.0,0.0,45.0,1,1,1
4518,42.0,3.0,21.0,1.0,0,332.0,14.0,40.0,1,1,1
4519,70.0,1.0,18.0,4.0,1,468.0,0.0,21.0,0,1,0
4520,52.0,1.0,21.0,1.0,0,49.0,0.0,40.0,1,1,1
4521,82.0,1.0,16.0,1.0,4,160.0,1.0,30.0,0,1,0
4522,61.0,2.0,20.0,1.0,0,49.0,0.0,57.0,1,1,0
4523,64.0,5.0,16.0,1.0,1,303.0,1.0,40.0,1,1,1
4524,38.0,1.0,7.0,5.0,1,49.0,0.0,19.0,0,0,0
4525,72.0,1.0,21.0,1.0,1,49.0,0.0,75.0,0,1,1
4526,59.0,8.0,18.0,1.0,2,127.0,1.0,15.0,0,1,1
4527,72.0,1.0,19.0,5.0,1,49.0,0.0,20.0,1,1,0
4528,22.0,1.0,19.0,1.0,2,49.0,0.0,28.0,0,1,0
4529,22.0,1.0,19.0,1.0,4,49.0,0.0,40.0,0,1,0
4530,21.0,2.0,16.0,5.0,3,6.0,2.0,9.0,1,1,0
4531,25.0,7.0,19.0,1.0,1,126.0,1.0,40.0,1,1,1
4532,80.0,1.0,5.0,1.0,1,329.0,1.0,67.0,0,1,0
4533,75.0,2.0,22.0,1.0,0,49.0,1.0,51.0,1,1,1
4534,27.0,8.0,21.0,1.0,0,26.0,1.0,66.0,0,1,1
4535,24.0,2.0,20.0,1.0,0,49.0,0.0,45.0,1,1,1
4536,38.0,5.0,21.0,5.0,1,49.0,2.0,20.0,1,0,0
4537,22.0,1.0,16.0,1.0,3,49.0,0.0,9.0,0,1,1
4538,71.0,1.0,21.0,1.0,0,18.0,10.0,1.0,1,1,1
4539,78.0,5.0,18.0,5.0,1,236.0,16.0,54.0,0,1,0
4540,20.0,1.0,19.0,5.0,1,49.0,2.0,40.0,1,1,0
4541,23.0,1.0,21.0,5.0,0,30.0,2.0,3.0,0,1,0
4542,22.0,7.0,19.0,5.0,3,49.0,2.0,20.0,0,1,0
4543,78.0,1.0,19.0,1.0,0,49.0,0.0,49.0,0,1,0
4544,38.0,1.0,22.0,3.0,0,16.0,4.0,40.0,1,1,1
4545,58.0,1.0,22.0,1.0,0,49.0,0.0,40.0,1,1,0
4546,43.0,1.0,7.0,5.0,0,369.0,0.0,7.0,0,1,0
4547,70.0,2.0,19.0,1.0,2,49.0,0.0,40.0,1,1,1
4548,76.0,7.0,16.0,1.0,4,49.0,1.0,40.0,0,1,0
4549,18.0,3.0,22.0,1.0,0,33.0,1.0,40.0,0,0,1
4550,86.0,1.0,21.0,5.0,0,49.0,2.0,40.0,0,1,1
4551,40.0,1.0,20.0,1.0,0,49.0,1.0,50.0,1,1,1
4552,47.0,1.0,16.0,1.0,4,49.0,1.0,40.0,1,1,1
4553,60.0,1.0,19.0,5.0,4,206.0,1.0,49.0,0,1,0
4554,36.0,2.0,21.0,1.0,0,6.0,1.0,99.0,0,1,1
4555,34.0,1.0,13.0,5.0,0,49.0,2.0,82.0,1,1,1
4556,87.0,4.0,18.0,1.0,1,6.0,0.0,40.0,0,1,1
4557,34.0,4.0,18.0,4.0,1,49.0,0.0,40.0,0,1,0
4558,64.0,3.0,19.0,5.0,0,49.0,14.0,40.0,1,1,1
4559,52.0,1.0,20.0,1.0,1,49.0,1.0,27.0,0,0,1
4560,71.0,8.0,16.0,1.0,3,49.0,1.0,40.0,0,1,0
4561,38.0,3.0,22.0,3.0,0,49.0,0.0,8.0,1,1,1
4562,87.0,1.0,16.0,1.0,4,49.0,0.0,49.0,0,1,1
4563,81.0,6.0,20.0,1.0,0,25.0,1.0,45.0,1,1,1
4564,51.0,1.0,18.0,1.0,3,49.0,1.0,11.0,0,1,1
4565,39.0,7.0,16.0,1.0,3,49.0,0.0,65.0,1,1,0
4566,37.0,7.0,18.0,1.0,3,49.0,2.0,50.0,1,1,1
4567,86.0,1.0,21.0,5.0,0,49.0,13.0,40.0,0,1,0
4568,64.0,1.0,19.0,1.0,3,49.0,1.0,20.0,1,1,0
4569,23.0,1.0,19.0,1.0,3,49.0,0.0,34.0,1,1,1
4570,81.0,1.0,2.0,5.0,4,49.0,0.0,20.0,0,1,0
4571,59.0,4.0,18.0,5.0,3,42.0,7.0,40.0,1,1,0
4572,75.0,6.0,8.0,1.0,0,148.0,1.0,40.0,0,1,1
4573,21.0,1.0,20.0,3.0,0,217.0,0.0,8.0,1,1,1
4574,79.0,1.0,19.0,1.0,4,49.0,0.0,70.0,0,1,1
4575,56.0,1.0,18.0,1.0,-1,49.0,1.0,38.0,0,1,0
4576,75.0,1.0,20.0,1.0,2,49.0,0.0,50.0,1,1,1
4577,74.0,1.0,16.0,5.0,1,6.0,0.0,60.0,1,1,0
4578,41.0,2.0,21.0,1.0,0,49.0,1.0,50.0,0,1,1
4579,29.0,3.0,16.0,5.0,3,49.0,2.0,40.0,0,0,0
4580,56.0,1.0,16.0,1.0,4,49.0,1.0,40.0,1,1,1
4581,58.0,1.0,22.0,1.0,0,49.0,0.0,40.0,0,0,1
4582,72.0,4.0,20.0,5.0,1,467.0,11.0,21.0,1,1,0
4583,43.0,4.0,20.0,1.0,2,468.0,2.0,40.0,1,1,1
4584,30.0,1.0,22.0,1.0,2,110.0,1.0,32.0,0,1,0
4585,25.0,1.0,21.0,5.0,5,32.0,2.0,34.0,1,1,0
4586,25.0,1.0,22.0,5.0,0,29.0,13.0,40.0,0,1,0
4587,59.0,1.0,16.0,5.0,4,49.0,2.0,48.0,0,1,0
4588,19.0,1.0,20.0,1.0,0,49.0,1.0,40.0,0,1,1
4589,21.0,1.0,12.0,1.0,0,6.0,0.0,40.0,1,1,1
4590,86.0,1.0,18.0,1.0,3,49.0,0.0,50.0,1,1,1
4591,50.0,8.0,5.0,1.0,0,323.0,0.0,40.0,1,1,1
4592,58.0,1.0,19.0,1.0,0,49.0,1.0,21.0,0,1,1
4593,76.0,3.0,10.0,1.0,0,49.0,1.0,20.0,0,0,0
4594,21.0,4.0,20.0,3.0,2,6.0,0.0,45.0,1,1,1
4595,31.0,1.0,21.0,1.0,0,49.0,0.0,50.0,0,1,1
4596,44.0,4.0,18.0,1.0,0,49.0,4.0,40.0,1,1,1
4597,55.0,1.0,16.0,1.0,2,6.0,0.0,75.0,1,0,0
4598,92.0,7.0,24.0,5.0,5,49.0,13.0,40.0,0,1,0
4599,53.0,1.0,20.0,1.0,1,49.0,1.0,52.0,1,0,1
4600,77.0,3.0,21.0,1.0,0,6.0,2.0,20.0,1,1,1
4601,63.0,1.0,20.0,5.0,2,49.0,0.0,20.0,0,1,0
4602,36.0,1.0,16.0,1.0,3,49.0,1.0,44.0,0,1,0
4603,50.0,4.0,22.0,1.0,0,6.0,0.0,45.0,0,1,0
4604,78.0,1.0,19.0,1.0,2,329.0,0.0,40.0,0,1,0
4605,78.0,1.0,20.0,1.0,1,60.0,1.0,40.0,1,1,0
4606,79.0,8.0,18.0,1.0,3,462.0,1.0,90.0,0,1,0
4607,71.0,4.0,6.0,5.0,0,6.0,2.0,40.0,1,1,1
4608,71.0,1.0,21.0,1.0,0,42.0,1.0,40.0,1,1,1
4609,29.0,3.0,21.0,1.0,0,49.0,1.0,50.0,0,1,0
4610,25.0,1.0,21.0,1.0,0,49.0,0.0,40.0,0,1,1
4611,17.0,1.0,18.0,1.0,2,116.0,0.0,40.0,1,1,0
4612,56.0,3.0,22.0,5.0,0,49.0,2.0,20.0,0,1,0
4613,64.0,3.0,22.0,5.0,0,49.0,0.0,40.0,1,1,0
4614,19.0,1.0,19.0,5.0,1,49.0,17.0,50.0,0,1,0
4615,36.0,4.0,20.0,1.0,1,49.0,0.0,17.0,0,1,0
4616,26.0,1.0,1.0,1.0,2,49.0,1.0,40.0,0,1,1
4617,92.0,1.0,19.0,1.0,0,312.0,0.0,40.0,1,1,1
4618,40.0,2.0,22.0,1.0,0,205.0,0.0,16.0,0,1,0
4619,24.0,1.0,22.0,5.0,0,223.0,0.0,40.0,1,1,0
4620,52.0,1.0,16.0,1.0,4,49.0,0.0,40.0,0,1,0
4621,81.0,2.0,20.0,1.0,0,49.0,0.0,40.0,1,1,1
4622,52.0,3.0,22.0,1.0,0,49.0,0.0,40.0,0,1,1
4623,84.0,1.0,21.0,1.0,1,360.0,17.0,40.0,1,1,0
4624,83.0,1.0,22.0,5.0,0,49.0,0.0,40.0,1,1,0
4625,35.0,1.0,4.0,1.0,0,66.0,0.0,50.0,1,1,1
4626,57.0,1.0,21.0,1.0,0,49.0,2.0,88.0,0,1,1
4627,30.0,1.0,16.0,1.0,1,49.0,1.0,45.0,0,1,1
4628,41.0,1.0,19.0,5.0,4,49.0,1.0,17.0,0,1,0
4629,54.0,1.0,16.0,1.0,4,117.0,1.0,20.0,1,1,0
4630,20.0,8.0,5.0,5.0,0,49.0,0.0,40.0,0,1,1
4631,43.0,1.0,16.0,5.0,2,49.0,2.0,23.0,1,1,1
4632,46.0,1.0,21.0,1.0,0,6.0,0.0,84.0,1,1,0
4633,72.0,2.0,21.0,1.0,0,49.0,2.0,40.0,1,1,1
4634,31.0,1.0,22.0,1.0,0,49.0,0.0,40.0,0,1,1
4635,49.0,1.0,19.0,1.0,1,49.0,1.0,40.0,0,0,0
4636,75.0,1.0,16.0,1.0,3,363.0,0.0,50.0,1,1,1
4637,34.0,5.0,20.0,3.0,1,215.0,0.0,50.0,1,1,1
4638,51.0,1.0,21.0,1.0,0,139.0,0.0,24.0,0,1,1
4639,38.0,1.0,19.0,3.0,2,49.0,0.0,40.0,1,0,1
4640,83.0,1.0,16.0,1.0,2,49.0,0.0,20.0,1,1,0
4641,21.0,1.0,21.0,5.0,1,6.0,6.0,19.0,0,1,0
4642,52.0,1.0,18.0,1.0,3,134.0,0.0,40.0,0,1,0
4643,65.0,1.0,22.0,1.0,0,49.0,1.0,45.0,1,1,1
4644,21.0,1.0,14.0,1.0,0,6.0,0.0,40.0,0,1,1
4645,81.0,1.0,22.0,1.0,0,49.0,0.0,23.0,1,1,1
4646,81.0,4.0,14.0,1.0,2,49.0,0.0,10.0,0,0,1
4647,27.0,2.0,20.0,1.0,0,49.0,0.0,43.0,1,1,1
4648,25.0,1.0,20.0,5.0,1,206.0,2.0,44.0,1,1,1
4649,36.0,4.0,19.0,1.0,1,49.0,1.0,90.0,1,1,1
4650,79.0,1.0,16.0,5.0,4,56.0,2.0,11.0,0,0,0
4651,66.0,1.0,21.0,1.0,2,6.0,1.0,40.0,1,1,1
4652,32.0,1.0,1.0,5.0,1,150.0,2.0,55.0,0,1,1
4653,83.0,1.0,16.0,1.0,4,217.0,0.0,20.0,0,1,0
4654,48.0,1.0,20.0,1.0,3,49.0,0.0,25.0,0,1,0
4655,31.0,1.0,21.0,1.0,2,49.0,0.0,29.0,1,1,1
4656,68.0,1.0,20.0,5.0,2,49.0,0.0,7.0,0,1,0
4657,53.0,2.0,20.0,1.0,0,39.0,1.0,40.0,1,1,1
4658,65.0,1.0,19.0,1.0,2,150.0,1.0,49.0,0,1,1
4659,30.0,1.0,16.0,5.0,2,6.0,0.0,80.0,0,1,0
4660,67.0,1.0,20.0,1.0,2,203.0,0.0,7.0,1,1,1
4661,29.0,1.0,21.0,1.0,0,49.0,1.0,82.0,1,1,0
4662,26.0,1.0,21.0,1.0,0,49.0,2.0,20.0,1,1,1
4663,67.0,1.0,16.0,1.0,3,49.0,10.0,13.0,1,1,1
4664,29.0,1.0,19.0,1.0,0,49.0,0.0,12.0,1,1,0
4665,50.0,3.0,22.0,1.0,0,49.0,1.0,20.0,0,1,1
4666,57.0,1.0,19.0,3.0,1,42.0,0.0,45.0,1,1,0
4667,72.0,1.0,16.0,5.0,1,49.0,3.0,40.0,1,1,1
4668,73.0,1.0,16.0,1.0,1,49.0,0.0,19.0,0,1,1
4669,87.0,1.0,21.0,1.0,0,49.0,1.0,91.0,1,1,0
4670,72.0,1.0,22.0,1.0,0,49.0,1.0,4.0,1,1,1
4671,35.0,1.0,21.0,1.0,0,49.0,0.0,40.0,1,1,0
4672,86.0,1.0,22.0,1.0,2,49.0,0.0,50.0,0,1,1
4673,19.0,1.0,18.0,1.0,1,211.0,1.0,1.0,0,0,0
4674,33.0,1.0,16.0,3.0,4,412.0,0.0,40.0,1,1,0
4675,56.0,1.0,22.0,1.0,0,49.0,0.0,40.0,1,1,1
4676,60.0,1.0,19.0,1.0,0,49.0,0.0,40.0,0,1,1
4677,77.0,4.0,21.0,1.0,2,49.0,0.0,16.0,0,1,1
4678,84.0,1.0,19.0,5.0,2,22.0,2.0,58.0,0,1,0
4679,60.0,1.0,22.0,1.0,0,49.0,1.0,40.0,1,1,1
4680,22.0,1.0,18.0,1.0,3,240.0,1.0,40.0,1,1,1
4681,61.0,1.0,21.0,1.0,0,22.0,0.0,50.0,0,1,1
4682,18.0,1.0,16.0,1.0,4,38.0,0.0,40.0,1,1,1
4683,86.0,3.0,21.0,1.0,0,49.0,0.0,40.0,1,1,1
4684,38.0,1.0,19.0,3.0,0,49.0,0.0,6.0,0,0,1
4685,44.0,1.0,18.0,3.0,4,49.0,0.0,20.0,1,1,0
4686,67.0,1.0,16.0,1.0,2,49.0,0.0,40.0,1,1,0
4687,84.0,2.0,21.0,1.0,0,29.0,0.0,17.0,1,1,0
4688,29.0,1.0,16.0,5.0,4,49.0,2.0,20.0,1,1,0
4689,20.0,1.0,16.0,1.0,3,49.0,1.0,40.0,1,1,1
4690,19.0,4.0,21.0,1.0,0,127.0,1.0,32.0,0,1,1
4691,47.0,3.0,20.0,1.0,1,36.0,0.0,20.0,0,1,0
4692,55.0,1.0,7.0,5.0,4,49.0,2.0,23.0,1,1,0
4693,60.0,1.0,19.0,1.0,0,49.0,1.0,40.0,0,1,1
4694,52.0,1.0,21.0,5.0,5,49.0,0.0,40.0,0,1,0
4695,25.0,3.0,21.0,5.0,0,49.0,2.0,59.0,1,1,1
4696,52.0,1.0,18.0,1.0,4,49.0,1.0,40.0,1,1,0
4697,79.0,1.0,19.0,1.0,3,50.0,1.0,40.0,1,1,1
4698,77.0,4.0,16.0,5.0,1,323.0,0.0,40.0,1,0,0
4699,56.0,2.0,21.0,1.0,0,49.0,0.0,3.0,1,1,1
4700,44.0,1.0,21.0,1.0,0,4.0,5.0,45.0,0,1,1
4701,56.0,1.0,18.0,1.0,2,49.0,0.0,34.0,0,1,0
4702,46.0,1.0,19.0,1.0,2,311.0,0.0,53.0,0,1,0
4703,39.0,1.0,23.0,5.0,0,368.0,16.0,23.0,1,1,0
4704,48.0,1.0,16.0,5.0,1,301.0,6.0,20.0,0,0,0
4705,52.0,1.0,16.0,1.0,3,49.0,0.0,45.0,0,1,1
4706,86.0,5.0,6.0,1.0,4,49.0,1.0,40.0,1,1,1
4707,27.0,3.0,16.0,5.0,2,49.0,2.0,23.0,0,1,1
4708,30.0,1.0,16.0,5.0,2,49.0,15.0,21.0,1,1,0
4709,25.0,1.0,18.0,5.0,4,49.0,0.0,17.0,1,1,0
4710,42.0,1.0,16.0,1.0,4,49.0,0.0,32.0,0,1,1
4711,21.0,1.0,16.0,5.0,1,150.0,0.0,40.0,0,1,0
4712,27.0,1.0,18.0,1.0,4,49.0,0.0,40.0,0,1,0
4713,58.0,1.0,21.0,1.0,0,136.0,0.0,50.0,1,1,1
4714,32.0,4.0,18.0,1.0,1,414.0,0.0,32.0,0,1,0
4715,19.0,1.0,20.0,1.0,2,49.0,9.0,17.0,0,1,1
4716,42.0,1.0,16.0,1.0,2,49.0,0.0,40.0,1,1,1
4717,27.0,1.0,22.0,1.0,0,49.0,2.0,40.0,0,1,1
4718,32.0,1.0,16.0,5.0,2,6.0,15.0,20.0,0,1,0
4719,59.0,1.0,20.0,4.0,2,10.0,0.0,20.0,0,1,0
4720,75.0,3.0,19.0,1.0,0,451.0,0.0,40.0,0,1,0
4721,32.0,1.0,20.0,1.0,0,49.0,1.0,45.0,1,1,1
4722,23.0,8.0,20.0,1.0,0,242.0,0.0,42.0,1,1,0
4723,83.0,6.0,19.0,1.0,1,49.0,1.0,46.0,0,0,0
4724,53.0,1.0,21.0,5.0,0,49.0,0.0,12.0,0,1,0
4725,71.0,1.0,19.0,5.0,4,49.0,0.0,60.0,1,1,0
4726,36.0,1.0,19.0,1.0,0,53.0,0.0,23.0,1,1,1
4727,17.0,1.0,19.0,5.0,2,139.0,17.0,40.0,1,1,1
4728,23.0,1.0,18.0,5.0,0,49.0,0.0,3.0,1,1,1
4729,20.0,3.0,21.0,5.0,0,49.0,2.0,51.0,1,1,0
4730,47.0,1.0,16.0,3.0,2,200.0,0.0,50.0,0,0,0
4731,69.0,1.0,22.0,1.0,2,49.0,0.0,10.0,1,1,1
4732,87.0,1.0,20.0,1.0,2,49.0,1.0,40.0,1,1,0
4733,26.0,3.0,10.0,1.0,0,49.0,2.0,40.0,0,1,1
4734,73.0,3.0,19.0,5.0,1,72.0,0.0,53.0,1,1,0
4735,42.0,3.0,21.0,1.0,5,128.0,0.0,70.0,1,1,0
4736,79.0,1.0,19.0,1.0,4,49.0,1.0,39.0,1,1,0
4737,45.0,1.0,8.0,5.0,1,49.0,0.0,40.0,0,1,0
4738,84.0,1.0,20.0,1.0,3,49.0,1.0,40.0,0,1,1
4739,58.0,3.0,21.0,1.0,0,6.0,1.0,40.0,1,1,1
4740,50.0,1.0,19.0,1.0,1,139.0,0.0,20.0,0,1,0
4741,38.0,1.0,5.0,3.0,1,26.0,0.0,40.0,0,0,1
4742,26.0,1.0,23.0,1.0,1,49.0,1.0,44.0,0,1,0
4743,40.0,1.0,22.0,1.0,0,49.0,1.0,80.0,1,1,0
4744,28.0,1.0,19.0,5.0,2,46.0,16.0,50.0,1,1,0
4745,24.0,7.0,16.0,1.0,3,365.0,1.0,10.0,1,1,0
4746,55.0,1.0,19.0,1.0,2,49.0,1.0,32.0,0,1,1
4747,42.0,1.0,18.0,3.0,0,31.0,12.0,40.0,1,1,1
4748,44.0,1.0,21.0,5.0,2,242.0,3.0,40.0,1,1,0
4749,20.0,3.0,21.0,1.0,1,49.0,0.0,40.0,1,1,1
4750,22.0,1.0,20.0,5.0,3,49.0,2.0,20.0,1,1,0
4751,77.0,1.0,18.0,1.0,1,205.0,0.0,46.0,0,1,0
4752,60.0,1.0,16.0,5.0,1,49.0,7.0,40.0,0,1,1
4753,46.0,1.0,1.0,5.0,0,36.0,14.0,53.0,1,0,0
4754,48.0,1.0,19.0,1.0,2,49.0,1.0,40.0,0,1,0
4755,17.0,1.0,19.0,3.0,3,116.0,0.0,51.0,1,1,1
4756,24.0,1.0,19.0,1.0,2,49.0,1.0,50.0,0,0,1
4757,45.0,1.0,18.0,1.0,2,243.0,1.0,21.0,1,1,1
4758,44.0,1.0,16.0,1.0,4,6.0,1.0,40.0,1,1,1
4759,31.0,1.0,2.0,1.0,1,49.0,1.0,45.0,0,1,1
4760,27.0,1.0,22.0,1.0,0,49.0,1.0,50.0,1,0,1
4761,77.0,1.0,21.0,1.0,0,34.0,0.0,45.0,1,1,1
4762,71.0,3.0,21.0,1.0,0,49.0,0.0,40.0,1,1,1
4763,17.0,3.0,16.0,1.0,1,49.0,1.0,7.0,1,1,0
4764,78.0,1.0,19.0,1.0,4,49.0,0.0,41.0,0,1,0
4765,69.0,1.0,16.0,4.0,1,363.0,0.0,40.0,1,1,0
4766,43.0,3.0,21.0,5.0,0,417.0,0.0,39.0,1,1,1
4767,79.0,1.0,20.0,5.0,2,46.0,3.0,40.0,1,1,0
4768,36.0,6.0,22.0,1.0,0,49.0,1.0,90.0,1,1,0
4769,45.0,1.0,19.0,1.0,0,6.0,1.0,40.0,1,1,1
4770,57.0,1.0,16.0,5.0,1,49.0,12.0,40.0,0,1,0
4771,55.0,4.0,20.0,3.0,0,49.0,0.0,13.0,0,1,1
4772,73.0,1.0,20.0,1.0,2,35.0,0.0,1.0,1,1,0
4773,20.0,1.0,19.0,5.0,0,49.0,8.0,48.0,0,1,1
4774,63.0,1.0,16.0,5.0,4,49.0,0.0,65.0,1,0,0
4775,79.0,1.0,16.0,1.0,3,6.0,1.0,40.0,0,1,1
4776,25.0,5.0,14.0,1.0,2,49.0,1.0,8.0,0,1,1
4777,47.0,7.0,16.0,5.0,3,6.0,2.0,40.0,1,1,0
4778,63.0,1.0,19.0,1.0,1,49.0,1.0,50.0,1,1,1
4779,60.0,3.0,20.0,1.0,0,365.0,0.0,40.0,1,1,1
4780,30.0,1.0,21.0,1.0,2,49.0,1.0,57.0,1,1,0
4781,50.0,1.0,20.0,1.0,2,49.0,0.0,19.0,1,1,0
4782,67.0,1.0,22.0,5.0,0,327.0,2.0,16.0,0,1,0
4783,31.0,4.0,21.0,1.0,0,41.0,0.0,40.0,1,1,0
4784,20.0,1.0,18.0,5.0,1,49.0,7.0,40.0,0,1,0
4785,47.0,1.0,20.0,1.0,0,6.0,1.0,17.0,1,1,1
4786,44.0,1.0,19.0,1.0,3,49.0,0.0,40.0,0,1,0
4787,27.0,1.0,20.0,1.0,1,417.0,0.0,60.0,1,1,0
4788,51.0,1.0,19.0,1.0,3,231.0,0.0,40.0,1,1,1
4789,66.0,1.0,15.0,1.0,4,162.0,1.0,20.0,0,1,0
4790,24.0,4.0,21.0,1.0,0,66.0,0.0,3.0,0,1,1
4791,42.0,4.0,19.0,2.0,0,105.0,2.0,40.0,1,0,1
4792,35.0,1.0,16.0,5.0,2,49.0,10.0,12.0,0,1,0
4793,38.0,3.0,22.0,3.0,0,49.0,0.0,40.0,1,1,1
4794,66.0,1.0,20.0,1.0,0,49.0,0.0,27.0,1,1,0
4795,22.0,3.0,1.0,1.0,0,49.0,0.0,50.0,1,1,1
4796,35.0,1.0,19.0,1.0,4,49.0,1.0,2.0,1,1,0
4797,74.0,1.0,21.0,1.0,0,365.0,1.0,10.0,0,1,0
4798,49.0,1.0,18.0,2.0,4,49.0,0.0,20.0,0,1,0
4799,72.0,8.0,21.0,5.0,1,203.0,2.0,60.0,1,1,0
4800,59.0,1.0,16.0,5.0,4,109.0,2.0,38.0,0,1,0
4801,83.0,1.0,18.0,1.0,5,49.0,1.0,4.0,0,1,0
4802,51.0,1.0,16.0,5.0,4,523.0,9.0,40.0,1,1,0
4803,41.0,1.0,16.0,5.0,3,49.0,0.0,66.0,1,1,1
4804,68.0,1.0,19.0,5.0,0,139.0,7.0,40.0,1,0,1
4805,67.0,1.0,16.0,1.0,2,49.0,0.0,13.0,1,1,1
4806,40.0,3.0,21.0,1.0,0,49.0,1.0,40.0,1,1,1
4807,26.0,1.0,22.0,3.0,0,49.0,3.0,99.0,0,1,1
4808,78.0,1.0,20.0,1.0,2,211.0,1.0,42.0,0,1,0
4809,46.0,8.0,18.0,5.0,1,49.0,9.0,45.0,1,1,0
4810,55.0,1.0,21.0,1.0,0,233.0,0.0,45.0,0,1,1
4811,21.0,1.0,18.0,3.0,4,369.0,0.0,40.0,0,1,0
4812,20.0,2.0,22.0,5.0,0,49.0,11.0,40.0,0,1,0
4813,67.0,1.0,19.0,1.0,2,49.0,0.0,40.0,0,1,1
4814,56.0,4.0,21.0,5.0,1,31.0,3.0,20.0,0,1,0
4815,73.0,1.0,19.0,1.0,4,372.0,0.0,20.0,1,1,0
4816,92.0,1.0,16.0,1.0,4,49.0,0.0,50.0,1,1,1
4817,81.0,2.0,22.0,1.0,0,137.0,0.0,40.0,0,1,1
4818,50.0,1.0,21.0,1.0,0,6.0,0.0,10.0,1,1,1
4819,72.0,1.0,19.0,1.0,2,49.0,0.0,40.0,0,1,1
4820,64.0,1.0,11.0,4.0,1,327.0,0.0,40.0,0,1,0
4821,59.0,1.0,21.0,1.0,1,240.0,0.0,17.0,1,1,0
4822,72.0,1.0,13.0,5.0,1,49.0,2.0,96.0,0,1,0
4823,36.0,1.0,21.0,1.0,0,49.0,0.0,40.0,1,1,1
4824,62.0,4.0,22.0,1.0,0,49.0,0.0,29.0,0,1,0
4825,68.0,1.0,20.0,1.0,2,49.0,0.0,45.0,1,1,1
4826,82.0,2.0,21.0,5.0,0,49.0,0.0,20.0,1,1,0
4827,52.0,1.0,19.0,1.0,2,49.0,0.0,40.0,1,1,0
4828,33.0,1.0,16.0,1.0,3,49.0,0.0,50.0,1,1,1
4829,79.0,1.0,16.0,1.0,4,6.0,0.0,36.0,1,1,1
4830,71.0,1.0,18.0,1.0,0,17.0,1.0,45.0,0,0,1
4831,71.0,1.0,19.0,5.0,3,163.0,2.0,40.0,0,1,0
4832,39.0,1.0,16.0,5.0,2,212.0,8.0,20.0,0,1,0
4833,72.0,1.0,22.0,5.0,0,440.0,12.0,39.0,0,1,0
4834,41.0,1.0,21.0,1.0,0,49.0,1.0,40.0,0,1,0
4835,21.0,1.0,19.0,5.0,3,6.0,9.0,39.0,1,1,1
4836,54.0,1.0,18.0,1.0,1,49.0,6.0,40.0,0,1,1
4837,65.0,1.0,21.0,1.0,0,49.0,0.0,40.0,0,1,1
4838,33.0,3.0,16.0,1.0,3,136.0,1.0,40.0,1,1,1
4839,20.0,7.0,18.0,5.0,3,49.0,15.0,20.0,0,1,0
4840,64.0,1.0,16.0,3.0,3,212.0,0.0,40.0,1,1,1
4841,40.0,1.0,16.0,5.0,4,49.0,10.0,85.0,1,1,0
4842,82.0,1.0,21.0,1.0,1,49.0,0.0,32.0,1,1,0
4843,24.0,3.0,9.0,5.0,0,6.0,14.0,40.0,1,1,0
4844,53.0,1.0,21.0,1.0,0,109.0,0.0,85.0,1,1,1
4845,82.0,4.0,20.0,1.0,0,40.0,1.0,40.0,1,1,1
4846,64.0,2.0,16.0,5.0,3,38.0,0.0,66.0,0,1,0
4847,21.0,8.0,22.0,3.0,0,233.0,0.0,40.0,0,1,0
4848,25.0,1.0,19.0,1.0,2,49.0,1.0,20.0,0,1,0
4849,83.0,1.0,18.0,5.0,0,436.0,2.0,1.0,1,1,0
4850,19.0,1.0,18.0,1.0,2,49.0,0.0,40.0,0,1,1
4851,63.0,1.0,11.0,1.0,4,49.0,0.0,20.0,1,1,0
4852,61.0,1.0,19.0,5.0,2,49.0,13.0,40.0,1,1,0
4853,27.0,2.0,22.0,5.0,0,49.0,10.0,50.0,0,1,0
4854,76.0,6.0,7.0,1.0,1,12.0,1.0,40.0,0,1,0
4855,76.0,4.0,22.0,5.0,0,20.0,2.0,41.0,1,0,0
4856,27.0,3.0,21.0,1.0,0,49.0,1.0,40.0,1,1,1
4857,20.0,2.0,7.0,5.0,0,49.0,0.0,31.0,1,1,0
4858,52.0,1.0,16.0,1.0,2,49.0,0.0,67.0,1,1,1
4859,66.0,5.0,16.0,2.0,2,49.0,2.0,40.0,0,1,0
4860,73.0,1.0,16.0,5.0,3,49.0,2.0,39.0,0,1,0
4861,44.0,1.0,16.0,3.0,2,49.0,4.0,50.0,0,1,0
4862,32.0,1.0,19.0,5.0,1,49.0,0.0,48.0,1,1,0
4863,26.0,4.0,21.0,5.0,2,448.0,2.0,84.0,1,1,0
4864,45.0,1.0,18.0,5.0,3,459.0,0.0,7.0,1,0,0
4865,73.0,1.0,16.0,1.0,2,249.0,1.0,49.0,1,1,0
4866,56.0,1.0,22.0,1.0,2,416.0,1.0,47.0,0,1,1
4867,68.0,1.0,18.0,1.0,1,49.0,1.0,40.0,0,1,0
4868,73.0,1.0,22.0,1.0,0,31.0,1.0,40.0,1,1,1
4869,70.0,1.0,19.0,5.0,-1,6.0,2.0,44.0,0,0,0
4870,40.0,6.0,19.0,3.0,1,501.0,0.0,40.0,1,1,0
4871,31.0,1.0,19.0,1.0,2,467.0,0.0,50.0,0,1,1
4872,55.0,1.0,20.0,1.0,2,49.0,1.0,40.0,1,1,1
4873,17.0,1.0,16.0,5.0,4,49.0,0.0,21.0,1,1,0
4874,65.0,1.0,16.0,1.0,2,49.0,1.0,40.0,1,0,1
4875,76.0,1.0,18.0,1.0,3,6.0,0.0,40.0,1,1,1
4876,37.0,1.0,19.0,1.0,4,60.0,0.0,20.0,1,1,1
4877,49.0,7.0,19.0,1.0,5,49.0,0.0,18.0,1,1,0
4878,21.0,1.0,19.0,3.0,4,6.0,0.0,40.0,0,1,0
4879,64.0,1.0,21.0,3.0,2,49.0,0.0,50.0,0,1,1
4880,66.0,3.0,2.0,5.0,0,327.0,2.0,45.0,0,1,0
4881,59.0,4.0,19.0,1.0,2,362.0,1.0,48.0,0,1,0
4882,72.0,1.0,19.0,1.0,0,49.0,0.0,70.0,0,1,0
4883,87.0,1.0,19.0,5.0,1,49.0,14.0,20.0,1,1,0
4884,67.0,1.0,16.0,1.0,2,6.0,0.0,45.0,0,1,0
4885,66.0,4.0,20.0,1.0,0,49.0,0.0,40.0,1,1,1
4886,84.0,1.0,18.0,5.0,3,31.0,16.0,30.0,0,0,0
4887,51.0,1.0,19.0,1.0,3,6.0,0.0,40.0,1,1,1
4888,52.0,1.0,19.0,1.0,3,49.0,2.0,51.0,1,1,1
4889,18.0,1.0,1.0,1.0,0,56.0,2.0,40.0,1,1,0
4890,52.0,3.0,21.0,1.0,0,26.0,0.0,40.0,1,1,1
4891,78.0,1.0,21.0,1.0,2,205.0,2.0,40.0,0,1,0
4892,23.0,1.0,16.0,1.0,1,49.0,0.0,50.0,1,1,0
4893,42.0,4.0,21.0,1.0,0,6.0,0.0,40.0,1,1,1
4894,75.0,1.0,21.0,1.0,2,29.0,1.0,40.0,1,1,0
4895,27.0,7.0,18.0,1.0,4,49.0,0.0,44.0,1,1,1
4896,32.0,1.0,18.0,1.0,4,238.0,1.0,35.0,1,1,0
4897,20.0,2.0,11.0,5.0,0,49.0,2.0,99.0,1,1,0
4898,62.0,1.0,9.0,1.0,1,49.0,1.0,20.0,0,1,0
4899,79.0,1.0,20.0,1.0,2,49.0,1.0,59.0,0,1,0
4900,50.0,3.0,24.0,1.0,0,49.0,0.0,25.0,1,1,1
4901,74.0,1.0,19.0,5.0,1,49.0,0.0,68.0,0,1,0
4902,34.0,1.0,16.0,1.0,2,6.0,1.0,99.0,1,1,0
4903,56.0,1.0,19.0,1.0,0,49.0,0.0,80.0,1,1,1
4904,19.0,4.0,19.0,5.0,1,66.0,7.0,62.0,0,1,0
4905,60.0,1.0,21.0,5.0,0,49.0,6.0,20.0,0,1,0
4906,55.0,1.0,19.0,5.0,1,205.0,1.0,1.0,1,1,0
4907,20.0,4.0,16.0,5.0,1,49.0,13.0,11.0,0,1,0
4908,67.0,1.0,18.0,1.0,4,49.0,0.0,40.0,1,0,1
4909,21.0,1.0,18.0,3.0,3,6.0,0.0,45.0,0,1,1
4910,73.0,1.0,18.0,1.0,3,49.0,0.0,40.0,1,1,1
4911,75.0,4.0,21.0,1.0,1,49.0,1.0,90.0,0,0,0
4912,21.0,3.0,7.0,1.0,0,6.0,0.0,50.0,1,1,1
4913,83.0,1.0,16.0,1.0,2,30.0,1.0,50.0,0,1,1
4914,39.0,3.0,18.0,5.0,0,49.0,9.0,82.0,0,1,0
4915,40.0,4.0,19.0,5.0,1,49.0,7.0,58.0,1,1,0
4916,71.0,1.0,21.0,1.0,2,49.0,0.0,40.0,0,1,0
4917,29.0,4.0,16.0,5.0,2,49.0,2.0,84.0,1,1,0
4918,34.0,1.0,21.0,5.0,0,311.0,12.0,20.0,0,1,0
4919,21.0,1.0,16.0,1.0,1,49.0,1.0,40.0,1,1,0
4920,21.0,1.0,20.0,5.0,1,373.0,0.0,40.0,1,1,0
4921,68.0,1.0,20.0,1.0,2,103.0,1.0,75.0,0,1,0
4922,81.0,1.0,16.0,1.0,3,6.0,2.0,51.0,0,1,0
4923,57.0,1.0,20.0,5.0,1,6.0,12.0,45.0,1,1,0
4924,40.0,3.0,10.0,3.0,0,49.0,0.0,40.0,1,1,1
4925,58.0,1.0,16.0,3.0,2,427.0,0.0,40.0,1,1,1
4926,34.0,1.0,19.0,1.0,0,49.0,1.0,11.0,1,0,0
4927,20.0,4.0,1.0,5.0,1,49.0,0.0,24.0,1,1,0
4928,81.0,1.0,20.0,1.0,3,6.0,0.0,50.0,0,1,1
4929,92.0,1.0,20.0,1.0,2,49.0,0.0,40.0,0,1,1
4930,32.0,1.0,19.0,5.0,4,49.0,2.0,40.0,0,0,0
4931,42.0,3.0,21.0,1.0,0,13.0,1.0,40.0,1,1,1
4932,51.0,1.0,20.0,1.0,0,49.0,1.0,45.0,1,1,0
4933,34.0,3.0,19.0,1.0,0,128.0,1.0,50.0,0,1,1
4934,43.0,1.0,22.0,1.0,0,49.0,1.0,40.0,1,1,1
4935,42.0,6.0,21.0,5.0,1,49.0,1.0,30.0,0,1,0
4936,76.0,1.0,4.0,5.0,0,49.0,0.0,41.0,0,1,0
4937,72.0,5.0,19.0,5.0,1,49.0,9.0,40.0,0,1,0
4938,27.0,1.0,19.0,5.0,3,49.0,2.0,40.0,1,1,1
4939,65.0,1.0,24.0,1.0,0,49.0,0.0,40.0,0,1,1
4940,48.0,4.0,8.0,1.0,2,49.0,0.0,21.0,1,1,0
4941,38.0,1.0,20.0,3.0,2,49.0,0.0,33.0,1,0,1
4942,31.0,4.0,20.0,1.0,2,6.0,1.0,17.0,0,1,1
4943,53.0,1.0,20.0,1.0,0,6.0,0.0,40.0,1,1,1
4944,56.0,1.0,21.0,1.0,0,49.0,0.0,40.0,1,1,1
4945,42.0,1.0,4.0,1.0,0,162.0,1.0,45.0,0,1,1
4946,47.0,1.0,16.0,1.0,2,228.0,1.0,58.0,1,1,0
4947,42.0,1.0,21.0,1.0,1,49.0,0.0,40.0,1,1,0
4948,24.0,1.0,19.0,1.0,4,104.0,0.0,40.0,0,0,1
4949,74.0,1.0,5.0,1.0,0,39.0,1.0,40.0,1,1,1
4950,61.0,6.0,21.0,1.0,1,207.0,0.0,10.0,0,1,1
4951,36.0,1.0,16.0,1.0,3,6.0,1.0,40.0,0,1,1
4952,24.0,1.0,16.0,5.0,4,49.0,0.0,40.0,1,1,0
4953,80.0,3.0,17.0,3.0,0,370.0,0.0,40.0,1,1,0
4954,70.0,1.0,22.0,1.0,0,49.0,0.0,40.0,1,1,1
4955,25.0,3.0,21.0,1.0,0,49.0,1.0,45.0,1,1,1
4956,49.0,1.0,8.0,1.0,0,49.0,0.0,40.0,0,1,0
4957,45.0,1.0,22.0,1.0,0,41.0,0.0,28.0,0,1,1
4958,81.0,1.0,1.0,5.0,4,362.0,2.0,20.0,1,1,0
4959,38.0,1.0,20.0,3.0,2,126.0,5.0,40.0,1,1,1
4960,28.0,1.0,16.0,1.0,4,414.0,0.0,48.0,0,1,0
4961,65.0,1.0,19.0,1.0,2,8.0,1.0,40.0,0,0,0
4962,29.0,1.0,19.0,1.0,4,6.0,0.0,23.0,0,1,0
4963,87.0,6.0,21.0,5.0,1,35.0,2.0,20.0,0,1,0
4964,71.0,3.0,10.0,5.0,0,209.0,9.0,20.0,1,0,0
4965,48.0,1.0,6.0,1.0,2,49.0,0.0,50.0,1,0,1
4966,17.0,1.0,19.0,1.0,1,49.0,0.0,60.0,0,1,1
4967,53.0,1.0,19.0,5.0,2,29.0,2.0,20.0,0,1,0
4968,79.0,1.0,19.0,1.0,1,49.0,0.0,40.0,0,1,1
4969,56.0,8.0,16.0,1.0,3,6.0,0.0,40.0,1,1,1
4970,75.0,1.0,19.0,1.0,2,49.0,1.0,15.0,0,1,0
4971,71.0,1.0,18.0,1.0,0,370.0,0.0,40.0,1,1,1
4972,53.0,5.0,16.0,5.0,3,49.0,1.0,27.0,1,1,0
4973,52.0,3.0,20.0,5.0,1,49.0,2.0,40.0,0,1,0
4974,87.0,1.0,16.0,3.0,3,24.0,0.0,40.0,0,1,0
4975,33.0,1.0,22.0,5.0,0,49.0,2.0,15.0,1,1,0
4976,71.0,1.0,19.0,1.0,4,49.0,1.0,40.0,1,1,1
4977,27.0,2.0,18.0,1.0,3,49.0,1.0,18.0,0,1,1
4978,19.0,1.0,19.0,1.0,2,28.0,1.0,51.0,0,1,1
4979,67.0,1.0,21.0,1.0,0,150.0,1.0,11.0,1,1,1
4980,76.0,6.0,16.0,5.0,1,442.0,2.0,49.0,1,1,0
4981,59.0,1.0,19.0,3.0,3,164.0,0.0,40.0,0,1,0
4982,22.0,2.0,19.0,1.0,0,49.0,2.0,40.0,1,1,1
4983,36.0,4.0,16.0,1.0,2,49.0,0.0,4.0,1,1,1
4984,38.0,1.0,22.0,3.0,0,451.0,0.0,40.0,0,1,1
4985,66.0,1.0,18.0,1.0,4,49.0,1.0,40.0,0,1,0
4986,45.0,1.0,22.0,1.0,0,49.0,0.0,50.0,1,1,1
4987,32.0,1.0,21.0,1.0,0,49.0,1.0,50.0,1,1,0
4988,60.0,2.0,6.0,5.0,0,49.0,5.0,50.0,0,1,0
4989,35.0,1.0,18.0,5.0,4,211.0,2.0,50.0,1,1,1
4990,73.0,4.0,21.0,1.0,0,49.0,1.0,40.0,0,1,1
4991,87.0,1.0,19.0,1.0,3,49.0,0.0,40.0,1,0,0
4992,65.0,5.0,20.0,1.0,3,49.0,1.0,20.0,1,1,0
4993,31.0,4.0,20.0,1.0,2,362.0,1.0,65.0,1,1,1
4994,40.0,3.0,21.0,5.0,0,223.0,2.0,56.0,1,1,1
4995,68.0,1.0,20.0,5.0,2,6.0,2.0,18.0,1,1,0
4996,32.0,1.0,19.0,1.0,3,235.0,1.0,35.0,1,1,0
4997,44.0,1.0,19.0,1.0,1,206.0,0.0,42.0,0,1,0
4998,62.0,2.0,19.0,1.0,0,49.0,0.0,40.0,1,1,1
4999,52.0,1.0,19.0,1.0,2,148.0,0.0,50.0,1,1,1
5000,55.0,2.0,21.0,1.0,0,49.0,2.0,40.0,1,1,1
5001,63.0,1.0,22.0,5.0,2,363.0,9.0,48.0,0,1,0
5002,39.0,1.0,16.0,5.0,3,27.0,2.0,85.0,0,1,0
5003,68.0,1.0,16.0,3.0,4,6.0,1.0,2.0,1,1,0
5004,41.0,1.0,19.0,1.0,0,49.0,0.0,18.0,0,1,1
5005,37.0,1.0,19.0,1.0,0,49.0,0.0,40.0,1,1,1
5006,81.0,1.0,16.0,1.0,2,49.0,0.0,40.0,0,1,1
5007,34.0,1.0,21.0,1.0,2,213.0,2.0,40.0,0,1,0
5008,39.0,1.0,21.0,5.0,1,49.0,2.0,40.0,0,1,0
5009,21.0,2.0,22.0,5.0,0,6.0,2.0,31.0,0,1,1
5010,86.0,4.0,22.0,1.0,0,49.0,1.0,40.0,1,1,1
5011,39.0,1.0,19.0,3.0,4,49.0,0.0,40.0,1,1,1
5012,20.0,1.0,20.0,5.0,2,49.0,10.0,47.0,0,1,0
5013,87.0,7.0,16.0,3.0,3,49.0,0.0,88.0,1,1,1
5014,21.0,3.0,21.0,3.0,0,12.0,0.0,35.0,1,1,0
5015,86.0,3.0,13.0,1.0,1,245.0,1.0,55.0,0,1,1
5016,48.0,8.0,16.0,5.0,1,49.0,2.0,20.0,0,1,0
5017,78.0,5.0,19.0,1.0,1,36.0,3.0,41.0,1,1,1
5018,42.0,1.0,7.0,1.0,1,49.0,1.0,50.0,0,1,1
5019,35.0,1.0,20.0,1.0,0,49.0,1.0,42.0,0,1,1
5020,50.0,4.0,19.0,4.0,-1,6.0,2.0,51.0,1,0,0
5021,87.0,7.0,6.0,2.0,4,49.0,0.0,40.0,1,1,0
5022,44.0,4.0,22.0,1.0,0,49.0,0.0,40.0,0,1,1
5023,49.0,3.0,22.0,3.0,0,49.0,14.0,40.0,0,1,0
5024,71.0,1.0,19.0,5.0,4,49.0,0.0,40.0,1,1,0
5025,61.0,4.0,19.0,1.0,2,49.0,4.0,40.0,1,1,1
5026,47.0,1.0,19.0,1.0,0,49.0,1.0,12.0,0,1,1
5027,65.0,1.0,19.0,5.0,4,49.0,5.0,40.0,0,1,0
5028,45.0,1.0,20.0,1.0,2,49.0,1.0,40.0,1,1,1
5029,38.0,1.0,20.0,3.0,2,49.0,0.0,40.0,1,1,1
5030,31.0,3.0,16.0,1.0,1,24.0,1.0,40.0,1,0,1
5031,24.0,1.0,20.0,5.0,1,49.0,15.0,40.0,1,1,1
5032,44.0,1.0,19.0,3.0,0,49.0,0.0,40.0,1,1,1
5033,55.0,1.0,19.0,5.0,1,49.0,0.0,3.0,1,1,0
5034,53.0,6.0,21.0,5.0,0,206.0,16.0,45.0,0,1,1
5035,26.0,1.0,1.0,1.0,0,60.0,0.0,54.0,1,1,1
5036,27.0,1.0,19.0,5.0,4,49.0,0.0,39.0,0,1,0
5037,38.0,1.0,16.0,3.0,4,236.0,0.0,40.0,0,1,1
5038,27.0,1.0,21.0,5.0,2,49.0,12.0,27.0,0,1,0
5039,42.0,1.0,16.0,5.0,1,49.0,11.0,40.0,0,1,1
5040,51.0,4.0,22.0,1.0,0,49.0,0.0,48.0,1,1,1
5041,35.0,8.0,21.0,3.0,0,6.0,0.0,8.0,0,1,0
5042,20.0,1.0,21.0,1.0,0,49.0,0.0,40.0,1,1,1
5043,83.0,1.0,21.0,1.0,0,49.0,1.0,40.0,0,1,0
5044,30.0,8.0,22.0,1.0,0,49.0,1.0,20.0,0,1,0
5045,51.0,1.0,16.0,1.0,1,49.0,1.0,59.0,1,1,0
5046,26.0,1.0,16.0,1.0,2,49.0,1.0,40.0,0,1,1
5047,82.0,6.0,21.0,1.0,1,206.0,0.0,20.0,1,1,0
5048,80.0,1.0,18.0,1.0,3,203.0,1.0,40.0,0,1,1
5049,83.0,1.0,18.0,5.0,4,6.0,17.0,40.0,1,1,0
5050,36.0,1.0,21.0,1.0,0,49.0,0.0,50.0,0,1,0
5051,45.0,3.0,17.0,1.0,0,49.0,0.0,75.0,1,1,1
5052,70.0,1.0,16.0,1.0,4,236.0,15.0,56.0,0,1,1
5053,26.0,2.0,19.0,1.0,0,373.0,1.0,45.0,1,1,1
5054,28.0,1.0,5.0,1.0,4,49.0,1.0,40.0,0,1,1
5055,36.0,1.0,21.0,1.0,0,49.0,1.0,45.0,1,0,1
5056,47.0,1.0,16.0,1.0,4,49.0,0.0,40.0,1,1,1
5057,46.0,1.0,18.0,1.0,4,6.0,0.0,40.0,1,1,1
5058,66.0,1.0,16.0,5.0,3,49.0,5.0,50.0,1,0,1
5059,43.0,1.0,16.0,5.0,4,49.0,0.0,40.0,0,1,0
5060,45.0,1.0,19.0,1.0,4,6.0,0.0,51.0,0,1,0
5061,62.0,6.0,16.0,5.0,3,15.0,2.0,31.0,0,1,1
5062,25.0,1.0,19.0,1.0,4,238.0,1.0,23.0,0,1,1
5063,70.0,1.0,16.0,1.0,2,36.0,1.0,18.0,1,1,1
5064,49.0,1.0,16.0,1.0,3,49.0,1.0,40.0,0,1,1
5065,57.0,2.0,22.0,5.0,0,49.0,2.0,50.0,1,1,1
5066,21.0,1.0,16.0,3.0,3,467.0,0.0,20.0,1,1,0
5067,34.0,1.0,19.0,1.0,2,49.0,0.0,66.0,0,1,0
5068,50.0,1.0,16.0,5.0,4,442.0,0.0,1.0,0,1,0
5069,65.0,3.0,21.0,1.0,0,527.0,0.0,38.0,0,1,0
5070,54.0,1.0,18.0,1.0,3,49.0,0.0,50.0,1,1,1
5071,73.0,1.0,18.0,1.0,4,6.0,0.0,17.0,0,1,0
5072,30.0,5.0,22.0,3.0,0,49.0,0.0,36.0,1,1,1
5073,70.0,1.0,19.0,1.0,2,10.0,1.0,40.0,1,1,1
5074,45.0,3.0,21.0,5.0,0,49.0,11.0,40.0,0,1,0
5075,72.0,8.0,19.0,1.0,1,242.0,0.0,40.0,1,1,1
5076,25.0,1.0,20.0,1.0,2,116.0,1.0,59.0,1,1,0
5077,79.0,7.0,21.0,5.0,1,213.0,0.0,10.0,0,1,0
5078,81.0,3.0,11.0,1.0,0,224.0,0.0,40.0,1,1,1
5079,73.0,1.0,20.0,5.0,2,6.0,11.0,50.0,0,1,1
5080,77.0,2.0,16.0,1.0,3,103.0,1.0,20.0,1,1,0
5081,51.0,1.0,17.0,5.0,1,49.0,0.0,42.0,0,1,0
5082,58.0,1.0,16.0,1.0,4,451.0,0.0,44.0,0,1,1
5083,30.0,1.0,16.0,1.0,4,6.0,0.0,99.0,0,1,0
5084,31.0,2.0,21.0,1.0,0,49.0,1.0,40.0,0,1,1
5085,32.0,1.0,21.0,5.0,0,6.0,2.0,20.0,1,1,0
5086,73.0,4.0,20.0,1.0,0,49.0,0.0,34.0,0,1,1
5087,37.0,4.0,23.0,1.0,0,49.0,0.0,40.0,1,1,1
5088,42.0,1.0,14.0,1.0,1,414.0,1.0,45.0,0,1,1
5089,68.0,1.0,21.0,1.0,0,370.0,7.0,40.0,1,1,1
5090,27.0,1.0,16.0,1.0,1,49.0,1.0,11.0,1,1,1
5091,48.0,1.0,7.0,5.0,1,49.0,2.0,67.0,0,0,0
5092,76.0,1.0,13.0,5.0,0,49.0,7.0,20.0,0,1,0
5093,46.0,1.0,21.0,1.0,0,49.0,0.0,50.0,1,0,1
5094,50.0,1.0,22.0,1.0,0,22.0,0.0,40.0,1,1,1
5095,21.0,7.0,21.0,3.0,-1,6.0,0.0,17.0,1,1,0
5096,19.0,4.0,19.0,1.0,2,49.0,0.0,2.0,0,1,0
5097,20.0,3.0,22.0,5.0,0,49.0,9.0,24.0,1,1,0
5098,27.0,1.0,20.0,1.0,0,38.0,1.0,50.0,0,1,1
5099,62.0,3.0,19.0,1.0,5,149.0,0.0,24.0,0,1,0
5100,35.0,1.0,16.0,5.0,3,49.0,0.0,20.0,0,1,0
5101,86.0,3.0,16.0,1.0,3,515.0,1.0,40.0,1,1,1
5102,65.0,1.0,16.0,1.0,1,28.0,0.0,75.0,0,1,0
5103,70.0,1.0,21.0,1.0,1,459.0,1.0,40.0,0,1,0
5104,58.0,1.0,19.0,1.0,2,231.0,0.0,40.0,1,1,1
5105,78.0,6.0,23.0,5.0,1,134.0,12.0,20.0,0,1,0
5106,74.0,1.0,19.0,5.0,3,6.0,0.0,96.0,1,1,0
5107,20.0,1.0,21.0,1.0,0,49.0,1.0,45.0,1,1,1
5108,54.0,2.0,22.0,5.0,0,41.0,16.0,40.0,1,0,0
5109,74.0,1.0,19.0,1.0,4,49.0,1.0,40.0,1,1,0
5110,34.0,4.0,20.0,3.0,0,49.0,0.0,85.0,0,1,1
5111,81.0,2.0,22.0,1.0,0,31.0,0.0,40.0,0,1,1
5112,64.0,3.0,22.0,1.0,0,49.0,0.0,8.0,1,0,1
5113,28.0,1.0,16.0,1.0,4,25.0,1.0,31.0,0,1,0
5114,73.0,1.0,19.0,1.0,2,6.0,0.0,1.0,0,1,0
5115,74.0,1.0,21.0,1.0,0,49.0,1.0,50.0,0,1,1
5116,54.0,1.0,18.0,1.0,2,49.0,1.0,40.0,0,1,1
5117,25.0,1.0,19.0,1.0,2,235.0,0.0,40.0,0,1,1
5118,87.0,1.0,19.0,1.0,3,24.0,13.0,75.0,1,1,1
5119,46.0,1.0,10.0,1.0,1,49.0,1.0,25.0,1,1,0
5120,52.0,3.0,19.0,3.0,0,49.0,0.0,88.0,1,1,1
5121,34.0,1.0,16.0,1.0,2,49.0,0.0,40.0,1,1,1
5122,42.0,8.0,10.0,3.0,0,49.0,0.0,40.0,0,1,1
5123,46.0,3.0,16.0,1.0,3,33.0,0.0,40.0,0,1,0
5124,20.0,1.0,21.0,5.0,2,49.0,5.0,84.0,0,1,0
5125,19.0,1.0,21.0,2.0,0,315.0,0.0,40.0,0,1,0
5126,42.0,1.0,8.0,5.0,1,49.0,6.0,40.0,1,1,1
5127,22.0,4.0,22.0,1.0,0,49.0,0.0,40.0,1,1,1
5128,66.0,1.0,21.0,1.0,0,49.0,0.0,85.0,0,1,1
5129,25.0,1.0,18.0,5.0,4,49.0,9.0,45.0,0,1,0
5130,76.0,1.0,21.0,1.0,0,315.0,0.0,40.0,1,1,0
5131,79.0,1.0,19.0,5.0,2,49.0,0.0,40.0,0,1,0
5132,29.0,1.0,22.0,1.0,0,24.0,0.0,67.0,1,1,0
5133,68.0,2.0,22.0,3.0,0,527.0,0.0,49.0,1,1,0
5134,38.0,8.0,21.0,3.0,0,49.0,0.0,40.0,1,0,1
5135,46.0,1.0,16.0,1.0,2,48.0,0.0,40.0,0,0,1
5136,53.0,1.0,21.0,1.0,1,49.0,1.0,91.0,0,1,0
5137,41.0,1.0,19.0,1.0,4,49.0,0.0,31.0,0,1,0
5138,23.0,5.0,20.0,1.0,1,49.0,2.0,44.0,1,1,1
5139,74.0,3.0,21.0,1.0,0,41.0,0.0,20.0,1,0,0
5140,86.0,5.0,20.0,5.0,0,49.0,2.0,20.0,0,1,0
5141,21.0,2.0,18.0,1.0,0,39.0,0.0,51.0,0,1,0
5142,24.0,4.0,21.0,1.0,5,32.0,0.0,51.0,1,0,0
5143,40.0,1.0,16.0,5.0,4,30.0,6.0,40.0,0,1,0
5144,64.0,1.0,18.0,1.0,3,40.0,1.0,40.0,0,1,1
5145,34.0,1.0,20.0,1.0,0,49.0,1.0,40.0,1,1,1
5146,84.0,1.0,16.0,5.0,3,49.0,2.0,40.0,1,1,0
5147,73.0,1.0,18.0,5.0,1,6.0,12.0,52.0,0,1,0
5148,17.0,2.0,19.0,5.0,0,6.0,5.0,40.0,1,1,0
5149,20.0,4.0,24.0,1.0,0,49.0,1.0,33.0,1,1,1
5150,54.0,1.0,18.0,1.0,3,249.0,1.0,40.0,1,1,0
5151,38.0,1.0,21.0,5.0,0,132.0,2.0,40.0,0,0,1
5152,43.0,1.0,16.0,5.0,4,49.0,2.0,40.0,0,1,0
5153,43.0,1.0,19.0,5.0,4,49.0,0.0,70.0,0,1,0
5154,59.0,1.0,21.0,5.0,0,49.0,5.0,68.0,0,1,0
5155,24.0,1.0,16.0,5.0,4,49.0,2.0,48.0,1,1,0
5156,21.0,1.0,22.0,1.0,2,104.0,1.0,50.0,1,1,1
5157,19.0,6.0,20.0,1.0,2,210.0,0.0,40.0,1,1,0
5158,80.0,4.0,20.0,1.0,0,49.0,1.0,40.0,0,1,1
5159,51.0,3.0,15.0,1.0,0,211.0,0.0,45.0,1,1,1
5160,43.0,7.0,16.0,1.0,3,49.0,0.0,40.0,1,1,1
5161,79.0,1.0,22.0,3.0,2,6.0,0.0,46.0,0,1,1
5162,46.0,1.0,19.0,5.0,4,469.0,0.0,24.0,1,1,0
5163,56.0,1.0,21.0,1.0,0,363.0,0.0,40.0,1,1,1
5164,55.0,1.0,16.0,1.0,2,5.0,0.0,40.0,0,1,0
5165,20.0,1.0,20.0,5.0,2,49.0,2.0,32.0,1,1,0
5166,24.0,1.0,18.0,5.0,2,245.0,2.0,12.0,0,1,0
5167,37.0,3.0,2.0,1.0,1,41.0,0.0,50.0,1,1,0
5168,26.0,1.0,12.0,5.0,2,49.0,0.0,40.0,1,1,0
5169,62.0,1.0,16.0,1.0,4,49.0,0.0,27.0,0,1,0
5170,70.0,2.0,22.0,5.0,0,459.0,9.0,16.0,0,1,0
5171,47.0,1.0,19.0,1.0,2,49.0,0.0,45.0,1,1,1
5172,35.0,4.0,19.0,5.0,0,49.0,2.0,50.0,1,1,1
5173,32.0,1.0,21.0,3.0,2,212.0,0.0,50.0,0,1,1
5174,39.0,2.0,19.0,5.0,2,49.0,2.0,17.0,0,0,0
5175,69.0,3.0,21.0,1.0,0,49.0,1.0,16.0,0,1,1
5176,59.0,4.0,18.0,5.0,0,49.0,16.0,72.0,0,1,0
5177,68.0,6.0,19.0,1.0,1,49.0,0.0,40.0,0,1,0
5178,25.0,2.0,21.0,1.0,0,21.0,0.0,50.0,1,1,1
5179,79.0,2.0,18.0,1.0,3,440.0,1.0,75.0,1,1,0
5180,87.0,1.0,19.0,2.0,0,49.0,0.0,40.0,0,1,0
5181,77.0,1.0,18.0,1.0,1,119.0,1.0,50.0,0,1,1
5182,69.0,1.0,19.0,1.0,0,15.0,1.0,50.0,1,1,1
5183,36.0,3.0,21.0,1.0,-1,49.0,1.0,18.0,0,1,0
5184,26.0,8.0,20.0,1.0,1,49.0,0.0,40.0,1,1,0
5185,59.0,1.0,21.0,5.0,1,41.0,0.0,28.0,1,1,0
5186,53.0,4.0,19.0,1.0,2,49.0,0.0,49.0,0,1,0
5187,71.0,1.0,19.0,3.0,4,49.0,0.0,40.0,1,1,0
5188,64.0,1.0,5.0,1.0,0,6.0,1.0,54.0,1,1,1
5189,29.0,1.0,12.0,1.0,2,6.0,0.0,40.0,1,1,1
5190,58.0,1.0,16.0,5.0,3,49.0,13.0,10.0,1,0,0
5191,67.0,1.0,18.0,5.0,1,49.0,0.0,9.0,1,1,0
5192,25.0,1.0,18.0,1.0,3,49.0,0.0,20.0,1,1,0
5193,73.0,1.0,19.0,1.0,4,313.0,2.0,20.0,0,1,0
5194,43.0,1.0,16.0,5.0,4,49.0,12.0,40.0,0,1,0
5195,50.0,1.0,20.0,5.0,2,49.0,11.0,68.0,0,1,0
5196,66.0,1.0,24.0,5.0,0,34.0,2.0,45.0,0,1,0
5197,61.0,1.0,19.0,1.0,2,459.0,0.0,46.0,1,1,1
5198,66.0,4.0,20.0,1.0,0,49.0,0.0,20.0,0,1,0
5199,26.0,4.0,22.0,1.0,0,49.0,1.0,40.0,0,1,0
5200,50.0,1.0,21.0,1.0,1,23.0,0.0,40.0,0,1,0
5201,33.0,3.0,21.0,5.0,0,45.0,5.0,20.0,0,1,0
5202,43.0,3.0,21.0,1.0,0,49.0,1.0,40.0,1,1,0
5203,92.0,1.0,19.0,1.0,4,49.0,5.0,88.0,0,1,0
5204,25.0,1.0,19.0,5.0,2,55.0,2.0,40.0,1,1,0
5205,61.0,1.0,22.0,1.0,2,222.0,0.0,40.0,0,1,0
5206,48.0,1.0,16.0,1.0,4,49.0,0.0,7.0,1,1,0
5207,50.0,1.0,19.0,5.0,3,49.0,16.0,58.0,0,1,0
5208,21.0,1.0,19.0,5.0,4,103.0,11.0,40.0,0,1,1
5209,20.0,1.0,19.0,5.0,2,49.0,4.0,33.0,1,1,0
5210,77.0,4.0,22.0,5.0,0,49.0,6.0,40.0,0,1,0
5211,79.0,1.0,16.0,5.0,3,49.0,5.0,16.0,1,1,0
5212,54.0,1.0,16.0,3.0,2,212.0,0.0,50.0,0,1,1
5213,52.0,4.0,19.0,1.0,2,49.0,0.0,40.0,1,1,0
5214,75.0,1.0,21.0,5.0,1,49.0,2.0,20.0,1,1,0
5215,81.0,1.0,20.0,1.0,0,37.0,0.0,50.0,0,1,1
5216,48.0,1.0,14.0,1.0,4,448.0,2.0,40.0,1,1,1
5217,70.0,1.0,11.0,1.0,4,49.0,0.0,29.0,0,1,1
5218,82.0,1.0,19.0,5.0,2,51.0,7.0,20.0,0,1,0
5219,33.0,1.0,19.0,1.0,4,6.0,0.0,40.0,1,1,1
5220,71.0,7.0,16.0,5.0,1,373.0,11.0,40.0,0,1,0
5221,87.0,3.0,21.0,1.0,0,6.0,1.0,40.0,1,1,1
5222,72.0,1.0,19.0,3.0,4,49.0,0.0,23.0,1,0,0
5223,42.0,1.0,17.0,5.0,4,49.0,0.0,20.0,0,1,0
5224,40.0,1.0,9.0,2.0,0,49.0,0.0,40.0,1,1,0
5225,75.0,3.0,18.0,1.0,3,49.0,0.0,40.0,0,1,1
5226,44.0,1.0,5.0,1.0,0,49.0,0.0,40.0,1,1,1
5227,79.0,5.0,19.0,1.0,1,55.0,1.0,40.0,0,1,1
5228,38.0,1.0,20.0,3.0,2,49.0,0.0,62.0,0,1,0
5229,21.0,1.0,22.0,1.0,0,128.0,0.0,40.0,1,1,1
5230,82.0,1.0,16.0,1.0,2,49.0,0.0,40.0,1,1,0
5231,54.0,1.0,19.0,5.0,1,49.0,15.0,40.0,1,1,0
5232,56.0,1.0,18.0,5.0,2,49.0,2.0,47.0,0,1,0
5233,25.0,1.0,22.0,1.0,0,49.0,1.0,53.0,0,1,0
5234,45.0,1.0,16.0,1.0,3,49.0,1.0,50.0,1,1,1
5235,57.0,1.0,16.0,3.0,3,49.0,11.0,40.0,1,0,0
5236,86.0,1.0,12.0,1.0,1,414.0,0.0,40.0,1,0,0
5237,92.0,1.0,13.0,1.0,0,49.0,2.0,40.0,0,1,1
5238,19.0,3.0,20.0,1.0,0,49.0,0.0,40.0,1,1,1
5239,38.0,1.0,19.0,5.0,1,28.0,15.0,57.0,1,0,0
5240,83.0,3.0,19.0,1.0,3,49.0,0.0,40.0,1,1,1
5241,79.0,1.0,21.0,1.0,1,66.0,11.0,50.0,0,1,1
5242,25.0,7.0,21.0,1.0,1,49.0,1.0,84.0,1,1,1
5243,92.0,1.0,21.0,5.0,0,228.0,2.0,52.0,0,1,0
5244,18.0,1.0,18.0,1.0,2,49.0,0.0,6.0,1,0,1
5245,44.0,8.0,21.0,1.0,0,49.0,0.0,40.0,0,1,1
5246,57.0,5.0,16.0,5.0,1,49.0,14.0,40.0,1,1,0
5247,41.0,1.0,16.0,5.0,1,24.0,2.0,40.0,0,1,0
5248,66.0,1.0,24.0,1.0,0,301.0,0.0,40.0,0,1,1
5249,59.0,1.0,19.0,1.0,0,49.0,1.0,40.0,1,1,1
5250,40.0,1.0,21.0,1.0,0,206.0,0.0,90.0,0,0,0
5251,68.0,2.0,18.0,1.0,0,49.0,0.0,40.0,0,1,0
5252,22.0,1.0,21.0,1.0,0,6.0,1.0,40.0,0,1,1
5253,31.0,1.0,22.0,1.0,0,372.0,0.0,50.0,0,1,1
5254,76.0,4.0,20.0,1.0,2,38.0,1.0,45.0,1,1,1
5255,80.0,1.0,19.0,1.0,0,49.0,0.0,50.0,1,1,1
5256,30.0,4.0,16.0,1.0,1,49.0,0.0,70.0,0,1,0
5257,38.0,1.0,19.0,5.0,3,49.0,4.0,40.0,0,0,0
5258,56.0,1.0,22.0,1.0,2,6.0,1.0,54.0,0,1,1
5259,67.0,2.0,19.0,1.0,2,36.0,1.0,80.0,1,1,1
5260,25.0,6.0,21.0,5.0,0,66.0,2.0,85.0,0,1,0
5261,40.0,1.0,20.0,1.0,0,49.0,0.0,40.0,1,1,1
5262,62.0,1.0,21.0,1.0,1,49.0,1.0,40.0,1,1,0
5263,26.0,1.0,21.0,1.0,0,511.0,0.0,50.0,0,1,1
5264,55.0,4.0,22.0,1.0,0,501.0,1.0,40.0,1,1,1
5265,55.0,1.0,16.0,5.0,4,163.0,2.0,84.0,0,1,0
5266,62.0,3.0,20.0,1.0,0,160.0,0.0,45.0,1,0,1
5267,57.0,1.0,21.0,1.0,0,6.0,1.0,40.0,0,1,1
5268,34.0,1.0,6.0,1.0,4,210.0,0.0,37.0,0,0,0
5269,60.0,1.0,11.0,1.0,0,49.0,0.0,90.0,0,1,1
5270,51.0,4.0,20.0,4.0,0,49.0,0.0,20.0,1,1,0
5271,86.0,1.0,16.0,1.0,4,6.0,1.0,40.0,0,1,0
5272,49.0,4.0,21.0,5.0,0,49.0,7.0,68.0,1,0,1
5273,59.0,1.0,19.0,1.0,2,49.0,1.0,40.0,0,1,1
5274,28.0,1.0,19.0,1.0,1,209.0,1.0,20.0,0,1,0
5275,53.0,6.0,19.0,1.0,1,49.0,0.0,88.0,1,1,0
5276,79.0,3.0,19.0,3.0,0,49.0,0.0,45.0,0,1,1
5277,79.0,7.0,16.0,3.0,4,49.0,0.0,50.0,1,1,1
5278,82.0,1.0,22.0,1.0,0,467.0,2.0,50.0,1,1,1
5279,18.0,2.0,18.0,1.0,3,49.0,0.0,45.0,0,0,1
5280,30.0,3.0,21.0,1.0,1,440.0,0.0,40.0,1,1,0
5281,30.0,1.0,18.0,1.0,1,49.0,1.0,60.0,0,1,0
5282,87.0,1.0,6.0,1.0,4,49.0,1.0,45.0,1,1,1
5283,63.0,2.0,21.0,3.0,0,511.0,11.0,40.0,1,1,1
5284,61.0,1.0,21.0,4.0,0,527.0,0.0,40.0,0,1,0
5285,49.0,1.0,16.0,5.0,4,207.0,0.0,28.0,1,1,1
5286,77.0,1.0,22.0,1.0,0,49.0,1.0,54.0,0,1,0
5287,92.0,3.0,16.0,1.0,3,49.0,0.0,50.0,1,1,1
5288,38.0,1.0,19.0,5.0,4,49.0,11.0,82.0,0,0,0
5289,55.0,4.0,22.0,5.0,0,229.0,0.0,40.0,0,1,0
5290,20.0,1.0,21.0,5.0,1,49.0,9.0,40.0,1,1,0
5291,46.0,5.0,21.0,5.0,1,49.0,2.0,67.0,0,1,0
5292,80.0,5.0,16.0,1.0,4,49.0,0.0,45.0,1,1,1
5293,23.0,5.0,16.0,1.0,4,47.0,2.0,14.0,0,1,0
5294,63.0,1.0,4.0,5.0,1,138.0,2.0,96.0,0,1,0
5295,45.0,1.0,18.0,1.0,4,23.0,0.0,40.0,0,1,0
5296,58.0,1.0,21.0,1.0,0,49.0,1.0,59.0,1,1,1
5297,73.0,1.0,18.0,1.0,2,132.0,1.0,40.0,1,1,1
5298,68.0,1.0,18.0,1.0,0,49.0,0.0,40.0,1,1,1
5299,19.0,1.0,21.0,5.0,2,440.0,2.0,20.0,0,1,0
5300,65.0,1.0,21.0,1.0,2,49.0,1.0,45.0,1,1,0
5301,69.0,1.0,19.0,1.0,2,6.0,1.0,20.0,0,1,0
5302,73.0,1.0,18.0,3.0,4,49.0,0.0,66.0,1,1,0
5303,38.0,5.0,19.0,3.0,1,163.0,0.0,23.0,1,1,1
5304,22.0,2.0,22.0,5.0,0,127.0,2.0,75.0,0,1,0
5305,57.0,1.0,20.0,1.0,2,49.0,0.0,40.0,1,1,1
5306,79.0,1.0,16.0,1.0,4,19.0,0.0,84.0,1,1,0
5307,35.0,1.0,22.0,1.0,2,49.0,0.0,40.0,0,1,1
5308,71.0,4.0,20.0,1.0,0,49.0,0.0,80.0,1,1,1
5309,35.0,1.0,16.0,3.0,4,49.0,0.0,40.0,1,1,1
5310,38.0,1.0,15.0,3.0,0,49.0,0.0,90.0,1,1,1
5311,57.0,1.0,19.0,1.0,0,126.0,0.0,50.0,1,1,1
5312,45.0,1.0,18.0,1.0,2,49.0,1.0,40.0,0,1,1
5313,70.0,5.0,21.0,1.0,0,66.0,1.0,55.0,1,1,1
5314,48.0,4.0,21.0,5.0,0,235.0,14.0,40.0,1,1,1
5315,52.0,4.0,16.0,1.0,2,17.0,1.0,56.0,0,1,0
5316,75.0,5.0,18.0,5.0,1,49.0,2.0,40.0,1,1,0
5317,17.0,1.0,21.0,1.0,0,49.0,1.0,8.0,0,1,0
5318,82.0,1.0,19.0,1.0,4,49.0,7.0,40.0,1,1,0
5319,64.0,1.0,21.0,1.0,0,242.0,1.0,10.0,0,1,0
5320,17.0,4.0,21.0,3.0,0,49.0,0.0,9.0,0,1,0
5321,27.0,1.0,21.0,1.0,0,119.0,0.0,85.0,0,1,0
5322,74.0,1.0,19.0,1.0,4,49.0,1.0,40.0,1,1,0
5323,33.0,4.0,20.0,1.0,0,54.0,0.0,49.0,0,0,1
5324,45.0,1.0,18.0,1.0,0,49.0,0.0,4.0,1,1,1
5325,52.0,1.0,22.0,1.0,0,49.0,0.0,40.0,0,1,1
5326,18.0,1.0,12.0,1.0,0,49.0,1.0,54.0,1,1,0
5327,39.0,1.0,21.0,4.0,-1,527.0,0.0,44.0,1,1,0
5328,80.0,1.0,21.0,5.0,1,49.0,15.0,40.0,0,1,0
5329,57.0,1.0,19.0,3.0,4,54.0,3.0,40.0,0,1,1
5330,67.0,4.0,19.0,5.0,2,49.0,2.0,50.0,1,1,0
5331,77.0,4.0,18.0,1.0,1,49.0,1.0,40.0,0,1,1
5332,17.0,1.0,21.0,5.0,2,49.0,2.0,40.0,0,1,0
5333,19.0,1.0,16.0,5.0,1,20.0,2.0,42.0,0,1,0
5334,47.0,1.0,21.0,5.0,0,49.0,0.0,3.0,1,1,0
5335,71.0,6.0,21.0,5.0,1,46.0,2.0,40.0,1,1,0
5336,38.0,4.0,21.0,3.0,2,2.0,0.0,10.0,0,0,0
5337,61.0,8.0,19.0,5.0,0,6.0,2.0,28.0,1,1,0
5338,43.0,1.0,19.0,5.0,0,49.0,1.0,40.0,0,1,0
5339,53.0,4.0,19.0,5.0,3,233.0,2.0,72.0,0,1,1
5340,24.0,1.0,19.0,1.0,1,442.0,0.0,13.0,0,1,0
5341,38.0,1.0,19.0,3.0,4,360.0,0.0,40.0,1,0,1
5342,76.0,4.0,21.0,1.0,0,49.0,1.0,35.0,1,1,1
5343,78.0,2.0,21.0,1.0,0,327.0,1.0,16.0,0,1,0
5344,78.0,1.0,19.0,5.0,1,49.0,2.0,40.0,0,0,0
5345,43.0,6.0,21.0,5.0,0,49.0,16.0,52.0,1,1,1
5346,43.0,8.0,20.0,5.0,1,49.0,6.0,40.0,0,1,0
5347,92.0,1.0,20.0,4.0,2,53.0,0.0,45.0,0,1,0
5348,69.0,1.0,19.0,1.0,0,49.0,1.0,40.0,1,1,1
5349,36.0,2.0,16.0,3.0,3,49.0,0.0,40.0,1,1,1
5350,79.0,1.0,19.0,5.0,0,49.0,1.0,59.0,0,1,1
5351,82.0,2.0,16.0,1.0,2,49.0,1.0,45.0,1,1,1
5352,61.0,4.0,19.0,1.0,2,49.0,2.0,40.0,1,1,1
5353,27.0,1.0,19.0,5.0,0,49.0,7.0,66.0,0,1,0
5354,38.0,1.0,19.0,3.0,2,49.0,10.0,46.0,1,1,1
5355,59.0,4.0,18.0,3.0,0,313.0,0.0,40.0,1,1,1
5356,78.0,4.0,21.0,1.0,0,311.0,1.0,50.0,1,1,1
5357,32.0,1.0,20.0,5.0,2,49.0,10.0,40.0,1,1,0
5358,54.0,1.0,18.0,2.0,2,132.0,0.0,72.0,0,1,0
5359,70.0,1.0,19.0,5.0,4,49.0,0.0,40.0,0,0,0
5360,31.0,1.0,19.0,5.0,3,49.0,17.0,16.0,0,1,0
5361,86.0,1.0,18.0,1.0,4,49.0,2.0,40.0,0,1,1
5362,67.0,4.0,16.0,1.0,2,49.0,1.0,15.0,0,1,0
5363,83.0,1.0,22.0,1.0,0,243.0,1.0,40.0,1,0,1
5364,86.0,1.0,16.0,1.0,3,6.0,0.0,15.0,0,1,0
5365,65.0,1.0,19.0,5.0,1,49.0,4.0,9.0,1,1,0
5366,31.0,1.0,21.0,1.0,0,49.0,0.0,40.0,0,1,1
5367,26.0,2.0,22.0,1.0,2,373.0,1.0,20.0,1,1,1
5368,72.0,4.0,18.0,1.0,1,49.0,1.0,20.0,1,1,0
5369,20.0,2.0,19.0,5.0,2,49.0,7.0,30.0,0,1,1
5370,68.0,1.0,16.0,1.0,3,210.0,1.0,66.0,0,0,0
5371,81.0,1.0,21.0,1.0,0,49.0,1.0,70.0,0,1,0
5372,70.0,1.0,16.0,1.0,2,49.0,1.0,40.0,0,1,1
5373,77.0,1.0,20.0,2.0,0,49.0,0.0,90.0,0,1,0
5374,53.0,1.0,16.0,5.0,4,6.0,2.0,91.0,0,0,0
5375,36.0,4.0,18.0,1.0,0,49.0,1.0,40.0,1,1,1
5376,32.0,3.0,22.0,1.0,0,49.0,0.0,50.0,1,1,1
5377,63.0,3.0,21.0,5.0,0,49.0,4.0,20.0,0,1,0
5378,67.0,1.0,20.0,5.0,2,49.0,0.0,40.0,0,1,0
5379,43.0,1.0,18.0,5.0,1,49.0,13.0,20.0,0,1,0
5380,61.0,1.0,19.0,4.0,2,41.0,2.0,55.0,0,1,0
5381,45.0,1.0,16.0,5.0,1,49.0,9.0,40.0,1,1,0
5382,41.0,1.0,19.0,1.0,4,31.0,0.0,50.0,0,1,1
5383,26.0,1.0,16.0,1.0,2,49.0,1.0,20.0,0,1,1
5384,20.0,1.0,20.0,1.0,0,49.0,0.0,16.0,0,1,1
5385,71.0,1.0,19.0,5.0,4,436.0,11.0,20.0,0,0,0
5386,38.0,1.0,20.0,3.0,1,104.0,0.0,34.0,1,0,0
5387,38.0,2.0,21.0,5.0,0,49.0,6.0,40.0,0,0,1
5388,67.0,4.0,18.0,1.0,1,49.0,1.0,37.0,0,1,0
5389,28.0,3.0,21.0,1.0,0,53.0,1.0,40.0,0,1,1
5390,55.0,1.0,8.0,1.0,2,49.0,0.0,40.0,0,1,1
5391,54.0,4.0,19.0,1.0,0,35.0,0.0,25.0,0,1,1
5392,38.0,1.0,18.0,3.0,0,49.0,0.0,47.0,1,0,1
5393,55.0,3.0,9.0,1.0,1,373.0,0.0,41.0,1,1,1
5394,32.0,1.0,20.0,5.0,2,49.0,7.0,55.0,1,1,0
5395,51.0,1.0,22.0,5.0,2,49.0,2.0,40.0,1,1,0
5396,70.0,1.0,21.0,5.0,2,117.0,0.0,45.0,1,1,0
5397,25.0,3.0,21.0,1.0,0,217.0,0.0,40.0,0,1,1
5398,50.0,1.0,19.0,1.0,4,49.0,0.0,45.0,1,1,1
5399,79.0,2.0,18.0,1.0,2,369.0,1.0,40.0,1,1,1
5400,41.0,1.0,16.0,1.0,2,49.0,1.0,29.0,0,1,0
5401,79.0,1.0,21.0,1.0,0,231.0,1.0,16.0,1,1,1
5402,20.0,4.0,18.0,5.0,0,49.0,17.0,50.0,1,1,1
5403,63.0,1.0,22.0,1.0,0,49.0,1.0,40.0,1,1,1
5404,83.0,1.0,19.0,1.0,0,207.0,1.0,40.0,0,1,1
5405,43.0,2.0,16.0,1.0,2,4.0,1.0,36.0,1,1,0
5406,59.0,3.0,20.0,1.0,0,209.0,0.0,40.0,0,1,1
5407,33.0,1.0,21.0,1.0,0,6.0,1.0,50.0,1,1,1
5408,30.0,1.0,19.0,1.0,2,49.0,1.0,40.0,1,1,1
5409,43.0,3.0,21.0,5.0,0,18.0,12.0,80.0,1,1,0
5410,26.0,7.0,19.0,5.0,-1,6.0,11.0,20.0,1,1,0
5411,37.0,1.0,19.0,1.0,3,49.0,0.0,91.0,1,0,0
5412,50.0,1.0,21.0,1.0,1,72.0,1.0,40.0,0,1,0
5413,78.0,1.0,16.0,1.0,4,332.0,1.0,40.0,1,1,1
5414,46.0,1.0,16.0,5.0,2,49.0,17.0,11.0,0,1,0
5415,58.0,1.0,16.0,1.0,3,49.0,0.0,29.0,0,1,0
5416,48.0,3.0,18.0,5.0,5,15.0,0.0,20.0,0,1,0
5417,55.0,1.0,19.0,1.0,4,235.0,0.0,40.0,0,1,0
5418,25.0,1.0,21.0,1.0,2,54.0,0.0,40.0,1,1,0
5419,55.0,1.0,16.0,1.0,4,6.0,0.0,40.0,1,1,1
5420,86.0,1.0,19.0,5.0,0,49.0,6.0,50.0,1,1,0
5421,43.0,7.0,18.0,5.0,5,49.0,0.0,40.0,0,1,0
5422,61.0,1.0,9.0,3.0,1,228.0,0.0,68.0,0,1,0
5423,19.0,1.0,17.0,1.0,2,6.0,1.0,35.0,0,1,0
5424,53.0,4.0,22.0,2.0,0,163.0,2.0,88.0,1,1,0
5425,71.0,1.0,16.0,1.0,3,51.0,1.0,40.0,0,0,0
5426,72.0,7.0,16.0,1.0,3,49.0,1.0,46.0,0,1,0
5427,44.0,8.0,16.0,4.0,1,417.0,0.0,40.0,0,1,0
5428,28.0,1.0,19.0,1.0,3,49.0,0.0,20.0,1,1,0
5429,74.0,1.0,20.0,1.0,3,49.0,0.0,40.0,1,1,1
5430,72.0,1.0,19.0,5.0,3,6.0,9.0,28.0,0,1,0
5431,37.0,5.0,22.0,1.0,0,49.0,1.0,88.0,0,1,1
5432,80.0,1.0,21.0,5.0,0,49.0,6.0,60.0,1,1,0
5433,78.0,4.0,8.0,1.0,2,49.0,1.0,40.0,1,1,0
5434,59.0,1.0,11.0,5.0,4,49.0,13.0,99.0,1,1,0
5435,62.0,4.0,8.0,3.0,0,49.0,0.0,32.0,1,1,1
5436,42.0,1.0,16.0,1.0,3,49.0,0.0,45.0,1,1,1
5437,23.0,6.0,18.0,1.0,1,49.0,0.0,40.0,0,0,0
5438,43.0,1.0,21.0,1.0,1,49.0,0.0,40.0,0,1,1
5439,56.0,1.0,21.0,1.0,0,49.0,1.0,40.0,0,1,1
5440,81.0,1.0,21.0,1.0,5,49.0,0.0,20.0,0,1,0
5441,62.0,2.0,20.0,5.0,2,369.0,2.0,40.0,0,1,0
5442,65.0,3.0,22.0,1.0,0,360.0,1.0,50.0,1,1,1
5443,76.0,1.0,19.0,1.0,0,42.0,1.0,36.0,0,1,1
5444,54.0,6.0,20.0,1.0,0,49.0,0.0,40.0,1,1,1
5445,27.0,1.0,19.0,5.0,0,49.0,10.0,55.0,1,1,1
5446,75.0,1.0,21.0,1.0,2,49.0,0.0,40.0,1,1,1
5447,61.0,4.0,21.0,5.0,0,49.0,0.0,18.0,1,1,0
5448,61.0,1.0,21.0,3.0,0,49.0,0.0,50.0,1,1,1
5449,40.0,1.0,19.0,1.0,2,49.0,0.0,40.0,0,1,0
5450,42.0,1.0,8.0,1.0,4,49.0,0.0,26.0,1,1,1
5451,25.0,1.0,19.0,1.0,4,417.0,1.0,40.0,1,1,0
5452,23.0,3.0,16.0,5.0,1,6.0,0.0,40.0,0,1,0
5453,79.0,1.0,13.0,1.0,0,243.0,1.0,62.0,1,1,0
5454,68.0,1.0,16.0,1.0,2,49.0,1.0,7.0,0,1,1
5455,47.0,1.0,1.0,5.0,4,49.0,0.0,27.0,0,1,0
5456,20.0,1.0,19.0,1.0,0,49.0,0.0,30.0,0,1,1
5457,76.0,1.0,21.0,1.0,2,6.0,1.0,40.0,0,1,0
5458,37.0,1.0,16.0,1.0,4,49.0,2.0,40.0,1,1,0
5459,25.0,2.0,19.0,1.0,0,49.0,1.0,10.0,0,1,1
5460,43.0,4.0,21.0,5.0,2,49.0,2.0,35.0,1,1,0
5461,61.0,1.0,18.0,1.0,1,49.0,1.0,40.0,1,1,0
5462,54.0,5.0,19.0,1.0,1,49.0,2.0,40.0,1,1,1
5463,30.0,4.0,11.0,1.0,0,211.0,0.0,24.0,0,1,1
5464,39.0,3.0,19.0,5.0,1,442.0,3.0,40.0,0,1,0
5465,81.0,3.0,22.0,1.0,0,49.0,0.0,50.0,1,1,1
5466,71.0,1.0,18.0,1.0,1,6.0,0.0,40.0,0,0,1
5467,31.0,1.0,21.0,1.0,2,49.0,0.0,28.0,0,1,0
5468,63.0,1.0,19.0,1.0,3,49.0,0.0,40.0,1,1,1
5469,22.0,1.0,16.0,1.0,2,49.0,0.0,40.0,1,1,1
5470,65.0,1.0,19.0,1.0,0,49.0,1.0,35.0,0,1,1
5471,78.0,1.0,20.0,5.0,2,49.0,2.0,40.0,0,1,0
5472,34.0,2.0,22.0,1.0,0,50.0,0.0,40.0,1,1,1
5473,87.0,1.0,9.0,1.0,1,49.0,0.0,90.0,0,1,0
5474,80.0,8.0,22.0,5.0,0,49.0,2.0,29.0,0,1,0
5475,54.0,1.0,19.0,1.0,4,238.0,1.0,40.0,0,1,0
5476,24.0,1.0,2.0,5.0,4,442.0,2.0,40.0,0,1,1
5477,17.0,1.0,21.0,2.0,0,49.0,0.0,40.0,0,1,0
5478,53.0,2.0,21.0,1.0,0,222.0,1.0,45.0,0,0,1
5479,63.0,1.0,18.0,5.0,2,49.0,13.0,67.0,1,1,1
5480,45.0,1.0,16.0,3.0,1,49.0,0.0,16.0,1,0,0
5481,77.0,4.0,19.0,1.0,2,301.0,1.0,47.0,1,1,1
5482,55.0,1.0,22.0,1.0,0,6.0,1.0,40.0,0,1,1
5483,82.0,1.0,20.0,1.0,2,49.0,0.0,45.0,1,1,1
5484,30.0,2.0,16.0,3.0,3,49.0,7.0,40.0,0,1,1
5485,31.0,1.0,18.0,5.0,4,49.0,11.0,50.0,1,1,0
5486,22.0,3.0,21.0,1.0,0,49.0,1.0,40.0,0,1,1
5487,76.0,2.0,18.0,5.0,3,6.0,2.0,6.0,1,1,0
5488,17.0,1.0,19.0,1.0,2,126.0,1.0,45.0,1,1,1
5489,59.0,1.0,21.0,1.0,0,49.0,0.0,39.0,1,1,1
5490,48.0,1.0,19.0,1.0,0,49.0,1.0,40.0,0,1,1
5491,57.0,1.0,10.0,5.0,0,49.0,10.0,66.0,0,1,0
5492,62.0,6.0,19.0,1.0,1,49.0,0.0,2.0,0,1,1
5493,20.0,1.0,4.0,5.0,0,49.0,2.0,40.0,0,1,0
5494,19.0,1.0,18.0,3.0,2,19.0,0.0,40.0,0,0,1
5495,40.0,1.0,20.0,5.0,2,51.0,6.0,40.0,1,1,1
5496,28.0,8.0,21.0,1.0,0,49.0,1.0,84.0,1,1,0
5497,64.0,3.0,8.0,4.0,0,49.0,0.0,53.0,0,1,0
5498,83.0,1.0,20.0,1.0,2,49.0,0.0,50.0,0,1,1
5499,59.0,7.0,19.0,5.0,-1,49.0,5.0,20.0,0,1,0
5500,33.0,3.0,21.0,4.0,-1,49.0,0.0,40.0,0,1,0
5501,51.0,1.0,20.0,1.0,2,49.0,0.0,50.0,1,1,1
5502,82.0,1.0,19.0,5.0,2,49.0,5.0,45.0,0,1,0
5503,81.0,1.0,20.0,1.0,1,49.0,0.0,40.0,1,1,1
5504,81.0,1.0,22.0,1.0,0,49.0,0.0,20.0,1,1,1
5505,64.0,1.0,4.0,1.0,4,49.0,1.0,72.0,0,0,0
5506,81.0,4.0,20.0,1.0,2,49.0,0.0,40.0,1,1,1
5507,82.0,1.0,18.0,1.0,0,49.0,0.0,40.0,1,1,0
5508,27.0,1.0,16.0,1.0,2,49.0,0.0,40.0,0,1,1
5509,65.0,6.0,16.0,1.0,3,49.0,0.0,91.0,0,1,0
5510,38.0,1.0,19.0,3.0,2,210.0,0.0,34.0,0,1,0
5511,17.0,2.0,16.0,1.0,3,49.0,1.0,40.0,0,1,1
5512,21.0,1.0,16.0,1.0,3,54.0,0.0,40.0,1,1,1
5513,71.0,3.0,16.0,1.0,3,515.0,0.0,66.0,0,1,1
5514,82.0,1.0,20.0,5.0,2,49.0,13.0,16.0,1,1,0
5515,63.0,1.0,16.0,5.0,2,49.0,2.0,40.0,1,1,0
5516,92.0,2.0,22.0,1.0,0,6.0,4.0,40.0,0,1,1
5517,19.0,1.0,22.0,1.0,0,29.0,1.0,25.0,1,1,0
5518,83.0,1.0,21.0,1.0,0,49.0,0.0,68.0,0,1,1
5519,38.0,3.0,21.0,3.0,0,49.0,0.0,40.0,0,0,1
5520,50.0,4.0,20.0,1.0,2,242.0,1.0,46.0,1,1,0
5521,47.0,1.0,20.0,1.0,2,49.0,0.0,42.0,0,1,0
5522,86.0,1.0,21.0,1.0,0,32.0,1.0,40.0,1,1,1
5523,64.0,1.0,21.0,5.0,0,49.0,0.0,23.0,0,1,0
5524,86.0,1.0,19.0,2.0,3,49.0,0.0,26.0,1,1,0
5525,81.0,2.0,19.0,1.0,2,6.0,1.0,45.0,0,1,0
5526,63.0,1.0,16.0,1.0,2,8.0,0.0,40.0,0,1,1
5527,69.0,2.0,16.0,1.0,3,6.0,1.0,40.0,1,1,1
5528,27.0,1.0,21.0,1.0,0,49.0,1.0,99.0,0,1,0
5529,65.0,6.0,22.0,1.0,0,360.0,1.0,40.0,0,1,1
5530,18.0,1.0,19.0,1.0,0,49.0,0.0,78.0,1,1,1
5531,50.0,1.0,22.0,1.0,0,49.0,0.0,40.0,1,1,1
5532,43.0,4.0,16.0,5.0,2,228.0,2.0,31.0,1,1,0
5533,23.0,7.0,19.0,5.0,3,49.0,2.0,40.0,1,1,1
5534,23.0,1.0,19.0,1.0,2,49.0,0.0,40.0,1,1,0
5535,78.0,1.0,18.0,1.0,0,49.0,1.0,40.0,0,1,0
5536,21.0,1.0,19.0,5.0,3,6.0,11.0,2.0,0,1,0
5537,41.0,2.0,21.0,1.0,0,49.0,0.0,40.0,0,1,0
5538,75.0,1.0,21.0,1.0,0,372.0,2.0,40.0,1,1,1
5539,48.0,1.0,21.0,1.0,5,49.0,0.0,19.0,0,1,0
5540,25.0,4.0,21.0,5.0,0,49.0,17.0,58.0,1,1,1
5541,71.0,1.0,19.0,5.0,2,49.0,0.0,40.0,1,1,1
5542,25.0,1.0,20.0,1.0,2,49.0,1.0,50.0,0,1,1
5543,25.0,1.0,21.0,1.0,0,247.0,1.0,40.0,1,1,1
5544,60.0,6.0,19.0,5.0,3,49.0,2.0,40.0,1,1,0
5545,78.0,1.0,20.0,1.0,1,49.0,0.0,62.0,0,1,0
5546,70.0,4.0,21.0,1.0,0,30.0,0.0,1.0,1,1,1
5547,24.0,6.0,19.0,5.0,1,49.0,2.0,9.0,0,1,0
5548,33.0,4.0,16.0,5.0,2,49.0,6.0,50.0,0,1,1
5549,69.0,4.0,18.0,1.0,1,49.0,1.0,21.0,0,1,1
5550,17.0,6.0,19.0,5.0,2,49.0,2.0,40.0,1,0,0
5551,33.0,3.0,19.0,1.0,1,49.0,1.0,40.0,1,1,1
5552,23.0,1.0,18.0,5.0,0,54.0,2.0,99.0,0,1,0
5553,62.0,1.0,16.0,1.0,4,49.0,1.0,40.0,1,1,1
5554,92.0,1.0,4.0,1.0,0,49.0,1.0,48.0,0,1,1
5555,59.0,1.0,16.0,1.0,2,40.0,0.0,75.0,1,1,1
5556,65.0,1.0,19.0,1.0,4,110.0,1.0,39.0,0,1,0
5557,18.0,1.0,16.0,5.0,3,49.0,0.0,4.0,0,1,0
5558,40.0,1.0,18.0,5.0,-1,49.0,2.0,43.0,0,1,0
5559,75.0,1.0,20.0,1.0,0,49.0,8.0,40.0,0,1,0
5560,65.0,2.0,22.0,5.0,0,6.0,17.0,35.0,0,1,0
5561,50.0,1.0,22.0,1.0,2,451.0,0.0,40.0,1,1,1
5562,64.0,1.0,19.0,1.0,4,49.0,1.0,17.0,1,1,1
5563,77.0,1.0,19.0,1.0,3,49.0,1.0,40.0,1,1,1
5564,83.0,7.0,16.0,5.0,4,6.0,0.0,20.0,0,1,0
5565,37.0,1.0,19.0,1.0,4,332.0,1.0,40.0,1,0,1
5566,82.0,1.0,11.0,1.0,0,49.0,1.0,45.0,1,0,1
5567,52.0,3.0,21.0,1.0,0,213.0,1.0,24.0,0,1,0
5568,51.0,1.0,21.0,1.0,0,49.0,0.0,40.0,1,1,1
5569,72.0,1.0,21.0,1.0,2,49.0,0.0,40.0,1,1,1
5570,32.0,1.0,16.0,3.0,4,49.0,0.0,40.0,1,0,0
5571,64.0,1.0,21.0,1.0,0,223.0,1.0,40.0,1,1,1
5572,82.0,2.0,20.0,1.0,2,467.0,0.0,40.0,0,1,0
5573,56.0,1.0,16.0,5.0,4,49.0,11.0,56.0,0,1,0
5574,40.0,1.0,16.0,1.0,1,49.0,0.0,45.0,1,1,1
5575,45.0,1.0,11.0,5.0,-1,132.0,2.0,40.0,0,1,0
5576,22.0,4.0,21.0,3.0,1,49.0,0.0,50.0,0,1,1
5577,43.0,1.0,16.0,5.0,4,49.0,2.0,33.0,1,1,0
5578,79.0,1.0,19.0,3.0,1,49.0,0.0,40.0,1,1,0
5579,37.0,1.0,22.0,1.0,2,23.0,1.0,9.0,0,1,1
5580,67.0,1.0,16.0,5.0,4,49.0,13.0,4.0,1,1,0
5581,38.0,7.0,16.0,5.0,3,49.0,12.0,50.0,0,1,0
5582,87.0,1.0,16.0,1.0,2,53.0,0.0,40.0,1,1,1
5583,22.0,1.0,12.0,1.0,2,527.0,0.0,40.0,1,1,0
5584,32.0,7.0,19.0,1.0,-1,49.0,0.0,96.0,0,1,0
5585,80.0,2.0,20.0,2.0,2,49.0,2.0,40.0,1,0,0
5586,57.0,1.0,16.0,1.0,4,49.0,1.0,48.0,1,1,0
5587,79.0,1.0,18.0,1.0,1,468.0,0.0,50.0,1,1,1
5588,75.0,1.0,16.0,1.0,2,51.0,0.0,45.0,0,1,1
5589,23.0,2.0,16.0,1.0,3,49.0,1.0,40.0,1,1,1
5590,71.0,3.0,20.0,1.0,0,49.0,1.0,45.0,0,1,1
5591,20.0,4.0,19.0,5.0,1,49.0,6.0,57.0,1,1,1
5592,38.0,1.0,16.0,3.0,2,13.0,0.0,20.0,1,1,0
5593,23.0,3.0,7.0,5.0,0,119.0,12.0,44.0,0,1,0
5594,59.0,1.0,21.0,1.0,0,49.0,0.0,41.0,0,1,0
5595,25.0,1.0,21.0,1.0,0,49.0,16.0,68.0,1,1,0
5596,54.0,1.0,20.0,2.0,3,49.0,2.0,7.0,0,1,0
5597,52.0,1.0,21.0,1.0,0,49.0,1.0,40.0,0,1,1
5598,52.0,7.0,19.0,5.0,4,116.0,8.0,40.0,0,1,0
5599,77.0,1.0,19.0,1.0,3,49.0,0.0,40.0,1,1,1
5600,57.0,1.0,19.0,5.0,2,49.0,2.0,7.0,0,1,0
5601,68.0,1.0,21.0,1.0,0,49.0,0.0,67.0,0,1,0
5602,36.0,3.0,21.0,1.0,0,49.0,1.0,50.0,0,1,0
5603,30.0,1.0,18.0,1.0,1,6.0,9.0,84.0,0,1,0
5604,17.0,1.0,21.0,5.0,2,18.0,11.0,12.0,0,1,0
5605,78.0,4.0,9.0,1.0,0,44.0,1.0,45.0,1,1,0
5606,17.0,3.0,16.0,1.0,3,49.0,0.0,40.0,0,1,1
5607,21.0,2.0,18.0,1.0,0,49.0,1.0,40.0,0,1,1
5608,62.0,1.0,16.0,5.0,3,49.0,2.0,40.0,0,1,0
5609,75.0,3.0,21.0,1.0,0,105.0,1.0,20.0,0,1,0
5610,20.0,1.0,21.0,5.0,0,49.0,2.0,40.0,1,1,0
5611,39.0,1.0,18.0,3.0,4,41.0,0.0,40.0,1,1,0
5612,22.0,1.0,21.0,5.0,0,416.0,2.0,45.0,0,1,0
5613,75.0,1.0,22.0,5.0,2,49.0,2.0,45.0,1,1,0
5614,55.0,1.0,18.0,3.0,2,49.0,9.0,40.0,1,1,1
5615,76.0,1.0,18.0,5.0,2,37.0,9.0,40.0,1,1,1
5616,47.0,4.0,19.0,1.0,1,128.0,0.0,45.0,0,1,1
5617,34.0,1.0,21.0,1.0,0,49.0,1.0,12.0,0,1,1
5618,49.0,3.0,19.0,5.0,1,49.0,2.0,33.0,0,1,0
5619,21.0,1.0,16.0,5.0,2,164.0,2.0,45.0,1,1,1
5620,71.0,1.0,16.0,1.0,1,49.0,1.0,16.0,0,1,0
5621,41.0,1.0,21.0,5.0,2,467.0,4.0,40.0,1,1,0
5622,74.0,1.0,21.0,1.0,2,49.0,0.0,45.0,1,1,1
5623,55.0,1.0,16.0,1.0,1,5.0,0.0,27.0,0,1,1
5624,17.0,1.0,22.0,1.0,0,49.0,1.0,42.0,0,1,1
5625,48.0,1.0,22.0,1.0,2,49.0,15.0,40.0,1,0,1
5626,43.0,1.0,16.0,1.0,4,49.0,1.0,67.0,0,1,0
5627,56.0,1.0,22.0,3.0,0,245.0,0.0,40.0,0,1,0
5628,35.0,5.0,19.0,5.0,3,49.0,2.0,40.0,0,1,1
5629,74.0,1.0,22.0,1.0,2,49.0,1.0,7.0,0,1,0
5630,30.0,1.0,19.0,1.0,0,49.0,1.0,40.0,1,1,1
5631,47.0,4.0,21.0,3.0,0,6.0,0.0,40.0,1,1,1
5632,76.0,1.0,21.0,5.0,-1,162.0,2.0,59.0,0,1,0
5633,65.0,1.0,21.0,1.0,0,223.0,0.0,40.0,1,1,1
5634,31.0,1.0,19.0,1.0,1,49.0,0.0,40.0,0,1,0
5635,20.0,1.0,16.0,5.0,2,49.0,2.0,45.0,0,1,0
5636,47.0,1.0,20.0,1.0,0,49.0,0.0,60.0,1,1,1
5637,39.0,1.0,22.0,5.0,2,49.0,2.0,40.0,1,0,0
5638,18.0,1.0,19.0,1.0,3,44.0,1.0,84.0,1,1,1
5639,87.0,4.0,19.0,1.0,2,49.0,1.0,44.0,0,0,1
5640,27.0,1.0,16.0,5.0,3,6.0,2.0,24.0,0,1,0
5641,54.0,7.0,16.0,1.0,3,49.0,1.0,3.0,0,1,1
5642,68.0,7.0,19.0,1.0,4,6.0,0.0,45.0,1,1,1
5643,49.0,3.0,22.0,1.0,0,6.0,0.0,45.0,1,1,1
5644,29.0,1.0,16.0,1.0,2,215.0,0.0,15.0,0,1,1
5645,46.0,4.0,7.0,1.0,0,110.0,0.0,40.0,1,1,1
5646,30.0,6.0,19.0,1.0,3,49.0,0.0,40.0,1,1,1
5647,63.0,3.0,21.0,1.0,0,35.0,1.0,49.0,1,1,1
5648,46.0,5.0,19.0,2.0,3,6.0,2.0,52.0,1,1,0
5649,79.0,4.0,22.0,3.0,0,370.0,0.0,20.0,0,1,1
5650,55.0,1.0,16.0,1.0,3,49.0,1.0,50.0,1,1,1
5651,64.0,1.0,19.0,5.0,0,28.0,0.0,40.0,1,1,1
5652,29.0,3.0,18.0,3.0,4,50.0,0.0,24.0,1,1,1
5653,46.0,1.0,20.0,3.0,2,49.0,0.0,82.0,0,1,0
5654,23.0,6.0,20.0,1.0,0,49.0,0.0,40.0,0,1,1
5655,74.0,3.0,18.0,1.0,0,138.0,2.0,40.0,0,1,1
5656,24.0,2.0,19.0,5.0,0,49.0,0.0,40.0,1,1,1
5657,31.0,3.0,18.0,5.0,-1,15.0,4.0,40.0,0,1,0
5658,80.0,1.0,18.0,1.0,3,49.0,1.0,13.0,0,0,0
5659,21.0,1.0,19.0,1.0,2,49.0,0.0,78.0,1,1,0
5660,28.0,1.0,16.0,5.0,1,49.0,2.0,1.0,0,1,0
5661,56.0,4.0,21.0,5.0,2,49.0,11.0,22.0,1,1,0
5662,29.0,7.0,19.0,5.0,3,6.0,15.0,40.0,0,1,0
5663,64.0,1.0,16.0,1.0,4,6.0,2.0,20.0,1,1,0
5664,82.0,2.0,22.0,1.0,0,6.0,1.0,50.0,1,1,1
5665,32.0,1.0,19.0,3.0,3,49.0,0.0,50.0,0,1,1
5666,19.0,4.0,19.0,3.0,2,49.0,0.0,40.0,0,1,0
5667,44.0,4.0,20.0,1.0,2,6.0,0.0,50.0,0,0,1
5668,58.0,4.0,11.0,1.0,0,136.0,1.0,40.0,0,1,1
5669,54.0,3.0,19.0,1.0,1,116.0,0.0,46.0,0,1,0
5670,78.0,1.0,20.0,3.0,2,233.0,0.0,50.0,1,1,1
5671,38.0,3.0,20.0,5.0,0,215.0,2.0,20.0,0,1,0
5672,54.0,3.0,21.0,1.0,0,301.0,0.0,40.0,1,0,1
5673,37.0,2.0,20.0,1.0,0,49.0,1.0,40.0,0,1,0
5674,69.0,1.0,19.0,1.0,0,448.0,1.0,45.0,1,1,1
5675,92.0,1.0,16.0,2.0,3,49.0,0.0,54.0,0,1,0
5676,30.0,4.0,21.0,1.0,0,1.0,0.0,40.0,1,1,1
5677,40.0,1.0,19.0,1.0,0,523.0,0.0,40.0,1,1,1
5678,38.0,1.0,11.0,5.0,1,105.0,8.0,50.0,1,1,0
5679,87.0,1.0,21.0,1.0,1,45.0,1.0,66.0,0,1,0
5680,62.0,1.0,16.0,5.0,3,332.0,2.0,75.0,0,0,0
5681,59.0,1.0,16.0,3.0,2,6.0,0.0,40.0,1,1,1
5682,74.0,1.0,19.0,1.0,1,363.0,0.0,20.0,0,1,0
5683,33.0,4.0,20.0,1.0,2,49.0,0.0,45.0,1,1,1
5684,87.0,3.0,22.0,1.0,0,49.0,0.0,40.0,1,1,1
5685,74.0,2.0,20.0,1.0,0,49.0,1.0,50.0,1,1,1
5686,83.0,2.0,20.0,1.0,0,32.0,0.0,40.0,1,1,1
5687,42.0,5.0,18.0,1.0,4,49.0,1.0,45.0,0,1,1
5688,87.0,1.0,13.0,3.0,0,136.0,9.0,70.0,0,1,1
5689,45.0,1.0,19.0,1.0,3,416.0,1.0,40.0,0,1,0
5690,46.0,1.0,1.0,5.0,1,373.0,2.0,18.0,0,1,0
5691,75.0,2.0,21.0,1.0,0,212.0,1.0,90.0,1,1,1
5692,78.0,4.0,20.0,5.0,0,49.0,0.0,40.0,0,1,0
5693,58.0,1.0,19.0,5.0,2,49.0,8.0,40.0,0,1,0
5694,44.0,4.0,22.0,1.0,0,49.0,1.0,40.0,1,1,1
5695,55.0,1.0,21.0,1.0,2,245.0,1.0,40.0,1,1,1
5696,48.0,3.0,24.0,3.0,0,49.0,0.0,40.0,1,1,1
5697,40.0,1.0,20.0,1.0,0,27.0,1.0,50.0,0,1,1
5698,50.0,1.0,16.0,1.0,2,49.0,0.0,40.0,1,1,1
5699,38.0,2.0,22.0,3.0,0,49.0,0.0,99.0,0,1,1
5700,33.0,6.0,21.0,5.0,1,49.0,16.0,29.0,0,1,0
5701,25.0,1.0,15.0,1.0,1,49.0,0.0,40.0,0,1,0
5702,49.0,1.0,16.0,1.0,4,49.0,1.0,40.0,0,1,0
5703,26.0,1.0,19.0,1.0,0,139.0,0.0,50.0,0,1,1
5704,40.0,1.0,23.0,5.0,0,448.0,4.0,62.0,1,1,0
5705,17.0,4.0,21.0,1.0,1,49.0,1.0,15.0,0,1,0
5706,43.0,4.0,20.0,1.0,2,49.0,1.0,33.0,1,1,0
5707,81.0,1.0,22.0,1.0,0,49.0,1.0,40.0,0,1,1
5708,64.0,1.0,19.0,1.0,2,49.0,0.0,45.0,1,1,1
5709,21.0,2.0,11.0,1.0,0,6.0,13.0,40.0,0,1,1
5710,25.0,1.0,19.0,5.0,1,49.0,2.0,40.0,0,1,0
5711,55.0,1.0,6.0,1.0,1,362.0,1.0,45.0,0,1,1
5712,48.0,1.0,16.0,5.0,4,49.0,2.0,39.0,1,1,1
5713,57.0,3.0,21.0,5.0,-1,104.0,0.0,40.0,0,1,0
5714,71.0,2.0,21.0,5.0,0,49.0,2.0,40.0,0,1,0
5715,56.0,1.0,21.0,1.0,0,49.0,0.0,33.0,1,1,0
5716,52.0,2.0,20.0,1.0,0,373.0,0.0,40.0,1,1,1
5717,92.0,1.0,16.0,1.0,3,18.0,0.0,40.0,1,1,1
5718,51.0,8.0,16.0,1.0,4,49.0,0.0,40.0,1,1,0
5719,39.0,1.0,16.0,1.0,4,49.0,0.0,40.0,0,1,1
5720,39.0,1.0,16.0,5.0,2,210.0,8.0,45.0,1,1,0
5721,50.0,1.0,19.0,1.0,0,1.0,1.0,45.0,1,1,1
5722,37.0,1.0,21.0,5.0,0,45.0,0.0,40.0,1,1,0
5723,72.0,1.0,19.0,5.0,3,49.0,2.0,80.0,0,1,0
5724,59.0,1.0,19.0,1.0,1,49.0,1.0,40.0,0,1,0
5725,57.0,1.0,22.0,1.0,2,51.0,11.0,40.0,1,1,1
5726,64.0,1.0,16.0,1.0,3,49.0,0.0,14.0,0,1,0
5727,19.0,2.0,21.0,5.0,0,49.0,2.0,40.0,1,1,0
5728,39.0,1.0,16.0,5.0,2,6.0,2.0,20.0,0,1,0
5729,87.0,6.0,19.0,1.0,1,203.0,0.0,20.0,1,1,0
5730,42.0,1.0,21.0,1.0,0,6.0,1.0,30.0,0,1,0
5731,21.0,1.0,16.0,1.0,4,6.0,1.0,40.0,0,1,1
5732,21.0,4.0,16.0,5.0,2,6.0,14.0,20.0,1,1,0
5733,64.0,3.0,21.0,3.0,0,49.0,0.0,29.0,1,1,0
5734,82.0,1.0,19.0,5.0,2,49.0,5.0,20.0,0,1,1
5735,48.0,1.0,16.0,1.0,3,245.0,0.0,54.0,1,1,1
5736,26.0,1.0,18.0,1.0,4,49.0,0.0,37.0,1,1,0
5737,83.0,2.0,16.0,5.0,3,49.0,3.0,40.0,1,1,0
5738,63.0,7.0,19.0,5.0,1,49.0,2.0,20.0,0,1,0
5739,48.0,6.0,18.0,2.0,4,49.0,2.0,40.0,0,1,0
5740,34.0,1.0,16.0,1.0,3,501.0,0.0,40.0,1,1,1
5741,60.0,1.0,16.0,1.0,2,49.0,1.0,20.0,1,1,0
5742,42.0,3.0,21.0,5.0,0,6.0,2.0,59.0,0,1,0
5743,72.0,4.0,20.0,1.0,0,51.0,0.0,57.0,1,1,1
5744,47.0,8.0,19.0,1.0,4,49.0,1.0,25.0,0,1,1
5745,20.0,4.0,21.0,5.0,0,49.0,8.0,27.0,0,1,1
5746,63.0,1.0,20.0,1.0,1,209.0,1.0,45.0,0,1,1
5747,41.0,4.0,21.0,3.0,0,106.0,0.0,45.0,1,1,1
5748,36.0,1.0,21.0,1.0,1,6.0,0.0,39.0,0,1,1
5749,86.0,1.0,16.0,1.0,3,9.0,0.0,40.0,1,1,1
5750,53.0,4.0,23.0,1.0,0,49.0,0.0,32.0,1,1,1
5751,59.0,1.0,16.0,1.0,4,49.0,0.0,34.0,0,1,1
5752,40.0,1.0,19.0,5.0,4,49.0,0.0,40.0,0,1,0
5753,53.0,1.0,19.0,1.0,0,49.0,1.0,40.0,0,1,1
5754,80.0,4.0,19.0,3.0,2,138.0,0.0,84.0,1,1,1
5755,82.0,1.0,16.0,1.0,1,205.0,0.0,40.0,1,1,1
5756,42.0,1.0,20.0,5.0,1,46.0,9.0,40.0,1,0,0
5757,35.0,1.0,21.0,3.0,1,38.0,0.0,40.0,0,1,0
5758,49.0,1.0,15.0,5.0,1,18.0,0.0,6.0,1,1,0
5759,36.0,1.0,16.0,1.0,4,6.0,1.0,6.0,1,1,0
5760,42.0,1.0,20.0,5.0,3,49.0,0.0,50.0,0,1,0
5761,83.0,7.0,21.0,5.0,1,42.0,2.0,20.0,0,1,0
5762,50.0,6.0,20.0,1.0,1,417.0,1.0,22.0,0,0,0
5763,84.0,2.0,22.0,1.0,0,49.0,0.0,45.0,0,1,1
5764,50.0,1.0,9.0,1.0,2,49.0,1.0,20.0,1,1,0
5765,31.0,1.0,21.0,1.0,0,49.0,0.0,40.0,1,1,1
5766,54.0,1.0,21.0,1.0,0,49.0,1.0,40.0,1,1,1
5767,84.0,1.0,16.0,1.0,1,49.0,0.0,40.0,0,1,0
5768,48.0,1.0,18.0,1.0,3,49.0,1.0,44.0,1,0,1
5769,46.0,1.0,19.0,5.0,1,6.0,2.0,20.0,0,1,0
5770,19.0,1.0,19.0,5.0,3,109.0,0.0,40.0,0,1,0
5771,31.0,3.0,22.0,1.0,0,49.0,1.0,40.0,1,1,1
5772,34.0,2.0,21.0,1.0,0,49.0,0.0,42.0,1,1,1
5773,62.0,1.0,19.0,1.0,2,49.0,1.0,15.0,0,1,1
5774,56.0,8.0,16.0,1.0,2,49.0,1.0,48.0,1,1,1
5775,77.0,1.0,19.0,1.0,3,462.0,0.0,90.0,1,1,1
5776,25.0,1.0,19.0,1.0,2,243.0,1.0,45.0,1,1,1
5777,24.0,6.0,18.0,1.0,3,49.0,0.0,40.0,0,1,1
5778,32.0,1.0,18.0,5.0,1,49.0,2.0,12.0,0,0,0
5779,77.0,1.0,16.0,1.0,3,150.0,0.0,39.0,1,1,1
5780,86.0,1.0,20.0,1.0,3,49.0,0.0,45.0,1,1,0
5781,79.0,4.0,10.0,5.0,0,49.0,2.0,40.0,1,1,1
5782,20.0,3.0,19.0,5.0,0,49.0,2.0,34.0,0,1,0
5783,78.0,6.0,19.0,1.0,0,49.0,0.0,40.0,1,1,1
5784,42.0,1.0,19.0,3.0,1,49.0,0.0,29.0,0,1,0
5785,57.0,1.0,16.0,1.0,2,53.0,0.0,99.0,0,1,1
5786,54.0,8.0,20.0,1.0,0,26.0,2.0,40.0,1,1,1
5787,40.0,1.0,20.0,5.0,3,49.0,8.0,54.0,0,1,0
5788,37.0,1.0,20.0,5.0,2,233.0,0.0,40.0,1,1,1
5789,79.0,7.0,18.0,5.0,5,370.0,0.0,20.0,0,1,0
5790,25.0,1.0,13.0,1.0,0,49.0,0.0,40.0,1,1,1
5791,41.0,8.0,19.0,5.0,2,314.0,2.0,40.0,0,1,0
5792,64.0,1.0,16.0,1.0,2,49.0,1.0,68.0,1,1,1
5793,78.0,5.0,22.0,1.0,0,49.0,0.0,50.0,1,1,1
5794,70.0,2.0,19.0,1.0,2,49.0,0.0,40.0,0,1,0
5795,44.0,8.0,16.0,1.0,3,370.0,0.0,5.0,0,1,1
5796,69.0,2.0,21.0,1.0,0,501.0,1.0,40.0,1,1,1
5797,60.0,1.0,21.0,5.0,0,49.0,13.0,18.0,0,1,0
5798,69.0,1.0,19.0,5.0,4,150.0,2.0,68.0,0,1,0
5799,46.0,1.0,16.0,1.0,1,49.0,0.0,5.0,1,1,1
5800,17.0,1.0,19.0,1.0,4,49.0,0.0,40.0,0,1,1
5801,48.0,1.0,16.0,5.0,4,49.0,15.0,4.0,0,1,0
5802,31.0,1.0,16.0,3.0,4,49.0,0.0,20.0,0,1,0
5803,87.0,1.0,16.0,1.0,3,49.0,0.0,40.0,1,1,1
5804,77.0,1.0,16.0,1.0,2,49.0,1.0,45.0,1,1,1
5805,80.0,1.0,8.0,1.0,0,49.0,1.0,40.0,1,1,1
5806,68.0,1.0,19.0,1.0,2,126.0,0.0,85.0,1,1,1
5807,72.0,1.0,19.0,1.0,3,49.0,0.0,30.0,0,1,0
5808,63.0,1.0,16.0,5.0,4,49.0,3.0,20.0,1,1,0
5809,84.0,1.0,19.0,5.0,0,49.0,2.0,23.0,1,1,0
5810,34.0,1.0,20.0,1.0,2,49.0,1.0,50.0,1,1,1
5811,48.0,1.0,16.0,1.0,4,49.0,0.0,40.0,1,1,1
5812,64.0,1.0,19.0,1.0,2,49.0,1.0,40.0,0,0,1
5813,43.0,7.0,18.0,5.0,-1,116.0,0.0,59.0,0,1,0
5814,20.0,7.0,20.0,5.0,1,49.0,10.0,40.0,1,1,1
5815,66.0,2.0,13.0,1.0,0,49.0,0.0,40.0,0,1,0
5816,52.0,6.0,16.0,1.0,2,49.0,1.0,84.0,0,1,0
5817,86.0,4.0,21.0,1.0,0,49.0,1.0,40.0,0,1,1
5818,43.0,8.0,20.0,5.0,3,49.0,1.0,35.0,0,1,0
5819,76.0,1.0,20.0,1.0,2,49.0,1.0,40.0,0,1,0
5820,21.0,1.0,24.0,1.0,0,49.0,1.0,45.0,1,1,0
5821,81.0,1.0,20.0,1.0,2,49.0,1.0,40.0,1,1,1
5822,27.0,3.0,19.0,1.0,0,231.0,0.0,56.0,0,1,0
5823,40.0,4.0,21.0,1.0,0,49.0,1.0,40.0,0,1,1
5824,33.0,1.0,16.0,3.0,4,49.0,0.0,20.0,1,1,0
5825,71.0,1.0,22.0,4.0,0,49.0,2.0,39.0,1,1,0
5826,43.0,1.0,19.0,5.0,3,49.0,2.0,40.0,0,1,0
5827,28.0,1.0,21.0,3.0,1,242.0,0.0,54.0,0,1,0
5828,66.0,1.0,20.0,1.0,0,329.0,1.0,50.0,0,1,1
5829,40.0,2.0,16.0,1.0,2,49.0,1.0,34.0,0,0,0
5830,19.0,1.0,21.0,1.0,0,109.0,0.0,45.0,0,1,1
5831,28.0,3.0,20.0,5.0,0,311.0,0.0,40.0,0,1,0
5832,38.0,8.0,21.0,3.0,0,49.0,0.0,23.0,0,0,0
5833,63.0,1.0,21.0,5.0,0,49.0,7.0,40.0,1,1,1
5834,34.0,1.0,21.0,1.0,0,138.0,1.0,40.0,1,1,1
5835,71.0,1.0,16.0,1.0,4,440.0,1.0,40.0,1,1,1
5836,42.0,1.0,21.0,1.0,0,49.0,0.0,10.0,1,1,1
5837,45.0,8.0,18.0,5.0,3,49.0,1.0,50.0,1,1,1
5838,53.0,1.0,16.0,5.0,2,49.0,0.0,19.0,0,1,0
5839,58.0,1.0,23.0,1.0,0,49.0,1.0,50.0,1,1,1
5840,71.0,1.0,22.0,3.0,2,448.0,0.0,40.0,1,1,0
5841,22.0,1.0,19.0,1.0,2,49.0,0.0,40.0,1,1,1
5842,53.0,1.0,19.0,5.0,2,49.0,2.0,22.0,0,1,1
5843,86.0,1.0,19.0,1.0,1,6.0,0.0,20.0,1,1,0
5844,51.0,1.0,21.0,5.0,0,56.0,2.0,20.0,1,1,0
5845,53.0,4.0,21.0,1.0,0,209.0,1.0,68.0,1,1,1
5846,64.0,4.0,18.0,1.0,0,41.0,0.0,40.0,1,1,1
5847,36.0,1.0,21.0,3.0,0,49.0,0.0,40.0,1,1,1
5848,54.0,3.0,16.0,1.0,4,49.0,0.0,52.0,1,1,0
5849,76.0,1.0,21.0,1.0,0,49.0,0.0,40.0,0,1,1
5850,83.0,1.0,5.0,1.0,1,49.0,1.0,40.0,1,1,1
5851,38.0,1.0,19.0,3.0,4,49.0,0.0,45.0,1,1,1
5852,50.0,7.0,21.0,5.0,1,49.0,0.0,40.0,0,1,0
5853,23.0,1.0,19.0,3.0,4,136.0,0.0,66.0,0,1,0
5854,81.0,1.0,21.0,3.0,0,49.0,0.0,40.0,1,1,1
5855,65.0,3.0,21.0,1.0,1,32.0,1.0,38.0,0,1,0
5856,30.0,3.0,16.0,1.0,3,49.0,0.0,7.0,1,1,1
5857,57.0,1.0,16.0,1.0,2,49.0,0.0,19.0,1,1,1
5858,46.0,7.0,19.0,1.0,3,55.0,1.0,55.0,1,1,0
5859,54.0,1.0,19.0,1.0,1,49.0,1.0,40.0,0,1,0
5860,67.0,1.0,20.0,1.0,0,49.0,0.0,57.0,0,1,1
5861,71.0,2.0,21.0,1.0,0,49.0,0.0,40.0,1,1,1
5862,62.0,1.0,16.0,5.0,2,49.0,8.0,20.0,0,1,0
5863,37.0,1.0,21.0,5.0,1,233.0,6.0,66.0,1,1,0
5864,67.0,1.0,19.0,1.0,1,49.0,0.0,40.0,1,1,0
5865,32.0,1.0,19.0,5.0,4,370.0,8.0,20.0,1,1,0
5866,62.0,2.0,16.0,1.0,3,49.0,0.0,40.0,1,1,1
5867,38.0,2.0,21.0,3.0,2,105.0,0.0,10.0,0,1,0
5868,72.0,1.0,17.0,5.0,1,6.0,10.0,40.0,1,1,0
5869,67.0,4.0,22.0,1.0,0,32.0,1.0,50.0,1,1,1
5870,70.0,1.0,13.0,2.0,1,38.0,0.0,40.0,0,1,0
5871,46.0,1.0,7.0,5.0,1,49.0,0.0,88.0,0,1,0
5872,68.0,5.0,16.0,3.0,1,49.0,14.0,19.0,1,1,0
5873,74.0,4.0,21.0,1.0,0,49.0,1.0,67.0,1,1,1
5874,44.0,1.0,16.0,1.0,4,12.0,1.0,28.0,1,1,1
5875,63.0,4.0,20.0,5.0,0,515.0,2.0,40.0,0,1,1
5876,71.0,1.0,18.0,1.0,3,49.0,0.0,14.0,1,0,1
5877,46.0,1.0,18.0,1.0,0,6.0,1.0,25.0,1,1,1
5878,63.0,1.0,21.0,1.0,2,6.0,1.0,50.0,1,1,1
5879,25.0,2.0,20.0,1.0,0,49.0,1.0,70.0,0,1,1
5880,49.0,1.0,18.0,5.0,1,323.0,2.0,45.0,1,0,0
5881,86.0,2.0,21.0,1.0,0,6.0,0.0,40.0,0,1,1
5882,51.0,2.0,20.0,1.0,0,49.0,1.0,50.0,1,1,1
5883,60.0,1.0,21.0,1.0,0,42.0,1.0,40.0,1,1,1
5884,54.0,1.0,16.0,1.0,4,49.0,1.0,51.0,0,1,1
5885,23.0,1.0,24.0,1.0,0,33.0,0.0,56.0,0,1,0
5886,73.0,1.0,21.0,1.0,0,414.0,1.0,40.0,1,1,1
5887,20.0,1.0,19.0,5.0,0,49.0,2.0,49.0,0,1,1
5888,30.0,3.0,21.0,1.0,0,501.0,1.0,40.0,0,1,1
5889,75.0,1.0,21.0,1.0,2,33.0,1.0,45.0,1,1,1
5890,22.0,1.0,18.0,1.0,2,49.0,1.0,39.0,0,1,0
5891,51.0,1.0,21.0,3.0,0,511.0,0.0,2.0,1,1,0
5892,76.0,1.0,9.0,1.0,0,49.0,0.0,38.0,1,1,1
5893,64.0,1.0,19.0,5.0,4,49.0,5.0,40.0,1,1,1
5894,84.0,1.0,7.0,5.0,0,49.0,2.0,20.0,1,1,0
5895,26.0,6.0,19.0,1.0,3,49.0,1.0,15.0,1,1,1
5896,41.0,1.0,1.0,5.0,1,8.0,0.0,35.0,1,1,0
5897,21.0,4.0,20.0,5.0,0,49.0,6.0,9.0,1,1,0
5898,74.0,1.0,18.0,5.0,4,49.0,1.0,20.0,0,1,0
5899,19.0,1.0,10.0,1.0,4,49.0,0.0,38.0,0,1,1
5900,56.0,1.0,18.0,1.0,3,49.0,1.0,75.0,0,1,1
5901,75.0,1.0,20.0,1.0,0,49.0,0.0,40.0,1,1,1
5902,25.0,1.0,21.0,1.0,1,462.0,1.0,33.0,1,1,0
5903,23.0,1.0,16.0,1.0,2,49.0,1.0,40.0,1,1,1
5904,77.0,4.0,21.0,1.0,0,49.0,1.0,40.0,1,1,1
5905,80.0,1.0,13.0,5.0,4,236.0,16.0,20.0,1,1,0
5906,67.0,1.0,2.0,5.0,0,149.0,2.0,40.0,0,1,0
5907,50.0,1.0,21.0,1.0,0,49.0,0.0,42.0,1,1,1
5908,21.0,1.0,21.0,1.0,1,6.0,0.0,47.0,1,1,1
5909,73.0,1.0,16.0,5.0,4,50.0,2.0,82.0,1,1,0
5910,31.0,1.0,16.0,5.0,2,49.0,2.0,66.0,0,1,0
5911,54.0,2.0,18.0,5.0,3,4.0,2.0,6.0,1,0,0
5912,68.0,1.0,7.0,5.0,-1,109.0,17.0,65.0,0,1,0
5913,67.0,5.0,21.0,5.0,1,106.0,12.0,72.0,1,1,0
5914,71.0,1.0,18.0,5.0,1,49.0,8.0,18.0,0,1,0
5915,44.0,4.0,21.0,5.0,0,49.0,2.0,40.0,1,1,1
5916,59.0,1.0,16.0,1.0,1,243.0,0.0,40.0,1,1,1
5917,45.0,1.0,20.0,1.0,0,137.0,0.0,40.0,0,1,1
5918,30.0,1.0,19.0,1.0,0,49.0,0.0,50.0,1,1,1
5919,65.0,4.0,19.0,1.0,0,49.0,1.0,20.0,1,1,0
5920,38.0,1.0,19.0,3.0,4,49.0,0.0,40.0,1,0,1
5921,52.0,1.0,16.0,1.0,3,49.0,0.0,40.0,1,1,1
5922,21.0,3.0,19.0,1.0,5,6.0,0.0,9.0,0,1,0
5923,38.0,5.0,16.0,3.0,1,17.0,0.0,40.0,1,1,1
5924,63.0,1.0,19.0,1.0,2,242.0,0.0,40.0,0,1,0
5925,46.0,1.0,21.0,1.0,0,49.0,1.0,45.0,1,1,1
5926,29.0,8.0,19.0,5.0,0,49.0,0.0,52.0,1,1,1
5927,61.0,1.0,23.0,1.0,2,49.0,0.0,40.0,1,1,0
5928,79.0,1.0,20.0,2.0,2,49.0,0.0,40.0,1,1,0
5929,20.0,4.0,22.0,5.0,0,49.0,0.0,45.0,1,1,0
5930,76.0,1.0,16.0,1.0,3,442.0,0.0,20.0,1,1,0
5931,18.0,3.0,20.0,1.0,1,49.0,0.0,40.0,1,1,0
5932,79.0,5.0,19.0,1.0,0,49.0,0.0,20.0,1,1,1
5933,87.0,1.0,21.0,1.0,1,200.0,0.0,80.0,1,1,0
5934,38.0,1.0,16.0,3.0,3,132.0,0.0,45.0,1,0,1
5935,62.0,1.0,22.0,1.0,0,49.0,0.0,40.0,0,1,1
5936,75.0,1.0,20.0,1.0,0,49.0,0.0,60.0,0,1,0
5937,47.0,4.0,20.0,1.0,1,160.0,1.0,2.0,0,0,0
5938,22.0,2.0,19.0,1.0,3,511.0,0.0,6.0,0,1,0
5939,53.0,1.0,19.0,1.0,2,49.0,0.0,70.0,0,1,0
5940,63.0,1.0,21.0,3.0,1,5.0,0.0,26.0,1,1,0
5941,75.0,7.0,16.0,1.0,3,49.0,0.0,40.0,1,1,1
5942,65.0,1.0,16.0,5.0,1,49.0,2.0,40.0,0,1,0
5943,28.0,1.0,21.0,1.0,2,49.0,1.0,32.0,1,1,0
5944,32.0,1.0,16.0,1.0,4,49.0,1.0,20.0,0,1,0
5945,57.0,1.0,18.0,5.0,-1,49.0,2.0,67.0,1,0,0
5946,52.0,1.0,22.0,5.0,2,327.0,2.0,39.0,1,1,1
5947,86.0,1.0,16.0,1.0,3,49.0,1.0,40.0,0,0,0
5948,39.0,1.0,20.0,5.0,3,49.0,2.0,51.0,1,1,1
5949,23.0,1.0,16.0,1.0,2,427.0,0.0,40.0,0,1,1
5950,26.0,4.0,23.0,1.0,1,49.0,0.0,40.0,1,1,1
5951,75.0,1.0,21.0,1.0,0,49.0,1.0,45.0,0,1,1
5952,73.0,1.0,19.0,1.0,4,247.0,1.0,40.0,0,1,0
5953,51.0,1.0,19.0,1.0,2,245.0,0.0,1.0,0,1,0
5954,43.0,1.0,22.0,5.0,0,134.0,2.0,1.0,1,1,1
5955,26.0,3.0,13.0,1.0,0,42.0,0.0,40.0,0,1,0
5956,82.0,1.0,19.0,1.0,3,6.0,1.0,40.0,0,1,1
5957,92.0,1.0,10.0,1.0,0,20.0,1.0,40.0,1,0,1
5958,62.0,5.0,16.0,5.0,2,163.0,2.0,40.0,0,1,1
5959,21.0,1.0,15.0,5.0,1,148.0,0.0,14.0,1,1,0
5960,18.0,3.0,22.0,1.0,0,49.0,0.0,40.0,1,1,1
5961,42.0,1.0,19.0,1.0,2,34.0,0.0,40.0,0,1,0
5962,22.0,3.0,18.0,1.0,-1,49.0,0.0,47.0,1,1,0
5963,78.0,1.0,19.0,5.0,0,49.0,2.0,50.0,1,1,1
5964,79.0,1.0,18.0,1.0,-1,6.0,0.0,40.0,0,1,0
5965,26.0,1.0,16.0,5.0,4,49.0,2.0,40.0,0,1,0
5966,84.0,4.0,20.0,1.0,1,459.0,1.0,40.0,1,1,1
5967,69.0,4.0,21.0,1.0,0,49.0,1.0,3.0,1,1,0
5968,25.0,1.0,19.0,5.0,0,49.0,2.0,55.0,0,1,0
5969,18.0,1.0,6.0,1.0,0,132.0,0.0,40.0,1,1,1
5970,75.0,1.0,5.0,1.0,0,6.0,1.0,50.0,0,1,1
5971,72.0,1.0,1.0,5.0,0,49.0,17.0,18.0,0,1,0
5972,19.0,3.0,16.0,1.0,3,236.0,0.0,8.0,0,1,0
5973,76.0,2.0,24.0,5.0,0,236.0,11.0,5.0,1,1,1
5974,37.0,3.0,20.0,1.0,0,49.0,0.0,31.0,1,1,1
5975,78.0,1.0,21.0,1.0,0,49.0,0.0,17.0,0,1,0
5976,68.0,3.0,21.0,1.0,1,49.0,0.0,40.0,1,0,0
5977,17.0,1.0,21.0,5.0,1,49.0,4.0,40.0,1,1,0
5978,30.0,1.0,20.0,3.0,2,49.0,0.0,40.0,0,1,0
5979,19.0,1.0,16.0,1.0,4,363.0,0.0,45.0,1,1,1
5980,52.0,1.0,22.0,5.0,0,451.0,0.0,45.0,1,1,0
5981,76.0,1.0,19.0,1.0,4,6.0,0.0,45.0,0,1,1
5982,75.0,4.0,21.0,1.0,0,49.0,1.0,20.0,1,1,1
5983,21.0,2.0,19.0,5.0,0,6.0,7.0,14.0,1,1,0
5984,40.0,1.0,20.0,1.0,3,6.0,0.0,40.0,0,1,1
5985,83.0,1.0,19.0,1.0,4,49.0,1.0,40.0,0,1,0
5986,37.0,4.0,22.0,1.0,0,21.0,1.0,50.0,0,1,1
5987,38.0,2.0,21.0,3.0,0,327.0,0.0,40.0,0,0,1
5988,56.0,1.0,21.0,5.0,2,49.0,2.0,38.0,0,1,0
5989,86.0,1.0,20.0,1.0,1,31.0,1.0,7.0,0,1,0
5990,92.0,1.0,19.0,1.0,3,49.0,0.0,45.0,1,1,0
5991,80.0,1.0,19.0,1.0,0,127.0,1.0,40.0,1,1,1
5992,53.0,2.0,20.0,1.0,0,49.0,0.0,40.0,1,1,1
5993,76.0,1.0,21.0,1.0,0,49.0,0.0,45.0,0,1,1
5994,47.0,1.0,18.0,5.0,4,49.0,14.0,40.0,0,1,0
5995,23.0,1.0,19.0,5.0,4,49.0,2.0,20.0,0,1,0
5996,36.0,3.0,20.0,3.0,0,6.0,0.0,40.0,1,1,1
5997,30.0,4.0,19.0,1.0,2,49.0,0.0,40.0,1,1,1
5998,19.0,1.0,16.0,1.0,4,49.0,1.0,40.0,0,1,0
5999,65.0,1.0,7.0,1.0,0,49.0,1.0,51.0,1,1,1
6000,77.0,3.0,16.0,1.0,2,238.0,0.0,20.0,0,1,0
6001,78.0,1.0,19.0,5.0,1,49.0,2.0,40.0,0,1,0
6002,75.0,5.0,16.0,1.0,3,49.0,0.0,13.0,1,1,1
6003,44.0,1.0,21.0,1.0,1,49.0,0.0,58.0,0,1,0
6004,38.0,1.0,19.0,3.0,2,54.0,0.0,50.0,1,0,1
6005,34.0,1.0,16.0,5.0,1,148.0,0.0,36.0,1,1,0
6006,28.0,1.0,21.0,1.0,0,49.0,1.0,52.0,0,1,1
6007,22.0,1.0,20.0,3.0,0,49.0,0.0,45.0,1,1,1
6008,29.0,1.0,16.0,1.0,2,49.0,1.0,65.0,0,1,1
6009,80.0,1.0,16.0,5.0,4,24.0,0.0,9.0,0,1,0
6010,69.0,1.0,21.0,1.0,2,11.0,1.0,36.0,1,1,1
6011,77.0,1.0,20.0,1.0,1,49.0,1.0,10.0,1,1,0
6012,55.0,8.0,16.0,1.0,1,245.0,1.0,7.0,1,1,0
6013,28.0,1.0,10.0,1.0,0,515.0,2.0,20.0,1,1,0
6014,77.0,2.0,21.0,5.0,0,13.0,2.0,50.0,0,1,1
6015,20.0,3.0,21.0,5.0,0,49.0,6.0,38.0,0,1,0
6016,26.0,1.0,18.0,1.0,1,417.0,0.0,18.0,1,1,0
6017,61.0,8.0,21.0,3.0,0,15.0,0.0,50.0,0,1,1
6018,61.0,1.0,19.0,1.0,1,49.0,0.0,40.0,1,0,0
6019,25.0,1.0,20.0,1.0,3,49.0,0.0,40.0,1,1,1
6020,86.0,6.0,18.0,5.0,1,49.0,2.0,40.0,1,1,0
6021,19.0,3.0,21.0,5.0,0,49.0,14.0,53.0,0,1,0
6022,28.0,6.0,19.0,2.0,3,49.0,0.0,40.0,0,1,0
6023,18.0,1.0,21.0,1.0,0,365.0,0.0,60.0,1,0,1
6024,71.0,1.0,21.0,1.0,0,49.0,1.0,40.0,0,1,1
6025,76.0,1.0,19.0,1.0,2,511.0,0.0,1.0,1,1,1
6026,47.0,1.0,19.0,5.0,2,49.0,2.0,22.0,0,1,0
6027,83.0,8.0,19.0,4.0,0,49.0,0.0,10.0,1,1,0
6028,30.0,1.0,21.0,5.0,0,38.0,0.0,43.0,0,0,0
6029,41.0,7.0,16.0,2.0,3,49.0,0.0,20.0,1,1,0
6030,81.0,1.0,21.0,1.0,0,49.0,0.0,40.0,1,1,1
6031,37.0,7.0,19.0,5.0,1,66.0,3.0,40.0,0,1,0
6032,29.0,1.0,20.0,1.0,2,49.0,0.0,8.0,0,1,0
6033,54.0,1.0,20.0,5.0,2,49.0,2.0,12.0,0,1,0
6034,58.0,1.0,18.0,1.0,4,311.0,1.0,67.0,1,1,1
6035,81.0,1.0,8.0,5.0,0,49.0,2.0,20.0,0,1,0
6036,60.0,2.0,21.0,1.0,2,223.0,1.0,20.0,0,1,1
6037,79.0,1.0,21.0,1.0,0,163.0,0.0,40.0,1,1,1
6038,57.0,1.0,16.0,1.0,4,49.0,0.0,20.0,0,1,1
6039,26.0,1.0,21.0,5.0,0,49.0,8.0,51.0,1,1,0
6040,36.0,1.0,19.0,1.0,0,6.0,0.0,50.0,1,1,1
6041,25.0,7.0,16.0,1.0,3,49.0,1.0,45.0,0,1,1
6042,51.0,1.0,18.0,1.0,2,6.0,1.0,80.0,1,1,0
6043,64.0,1.0,16.0,5.0,4,49.0,2.0,99.0,0,1,0
6044,36.0,3.0,14.0,1.0,0,109.0,2.0,40.0,1,1,1
6045,92.0,8.0,19.0,1.0,1,332.0,1.0,37.0,1,1,0
6046,61.0,1.0,16.0,1.0,4,49.0,0.0,6.0,0,1,0
6047,76.0,1.0,16.0,1.0,2,49.0,1.0,40.0,0,1,1
6048,38.0,1.0,19.0,3.0,0,49.0,13.0,40.0,1,0,1
6049,67.0,1.0,13.0,5.0,2,329.0,2.0,40.0,0,1,0
6050,42.0,2.0,21.0,1.0,0,49.0,0.0,40.0,1,1,1
6051,70.0,1.0,16.0,1.0,2,49.0,0.0,50.0,1,1,1
6052,83.0,3.0,20.0,5.0,0,49.0,6.0,20.0,0,1,0
6053,56.0,3.0,19.0,5.0,1,49.0,2.0,40.0,1,1,0
6054,66.0,4.0,16.0,1.0,2,49.0,1.0,18.0,1,1,0
6055,21.0,1.0,19.0,3.0,0,49.0,0.0,50.0,0,1,1
6056,57.0,1.0,21.0,1.0,0,49.0,0.0,58.0,1,1,1
6057,53.0,1.0,16.0,1.0,3,442.0,0.0,1.0,1,1,1
6058,57.0,1.0,22.0,5.0,0,31.0,2.0,40.0,0,1,0
6059,29.0,1.0,19.0,3.0,3,369.0,0.0,96.0,1,1,1
6060,21.0,1.0,21.0,5.0,0,315.0,12.0,15.0,0,1,0
6061,19.0,6.0,21.0,1.0,1,303.0,1.0,65.0,1,1,0
6062,33.0,4.0,20.0,1.0,2,49.0,0.0,40.0,0,1,0
6063,72.0,2.0,21.0,1.0,0,373.0,0.0,40.0,1,1,1
6064,72.0,3.0,1.0,1.0,0,49.0,1.0,40.0,1,1,1
6065,43.0,3.0,16.0,1.0,3,49.0,2.0,50.0,1,1,1
6066,34.0,1.0,19.0,1.0,2,34.0,1.0,20.0,0,1,0
6067,33.0,1.0,19.0,1.0,1,312.0,0.0,40.0,0,0,0
6068,76.0,4.0,19.0,1.0,2,49.0,0.0,45.0,0,1,0
6069,36.0,1.0,19.0,5.0,2,6.0,2.0,40.0,0,1,0
6070,48.0,1.0,19.0,1.0,3,49.0,1.0,40.0,0,1,0
6071,82.0,1.0,21.0,1.0,0,20.0,2.0,45.0,1,1,1
6072,25.0,2.0,21.0,5.0,0,236.0,2.0,10.0,0,1,0
6073,47.0,1.0,14.0,1.0,1,49.0,0.0,78.0,1,1,0
6074,83.0,1.0,19.0,5.0,4,49.0,2.0,20.0,0,1,0
6075,38.0,1.0,21.0,3.0,1,243.0,0.0,84.0,1,0,0
6076,79.0,6.0,19.0,1.0,2,6.0,2.0,40.0,1,1,0
6077,74.0,2.0,19.0,5.0,0,49.0,2.0,20.0,1,1,0
6078,43.0,3.0,18.0,1.0,3,49.0,0.0,12.0,1,1,1
6079,69.0,1.0,18.0,1.0,3,38.0,0.0,26.0,0,1,0
6080,70.0,7.0,19.0,5.0,1,49.0,10.0,91.0,0,1,0
6081,39.0,3.0,22.0,1.0,0,49.0,0.0,40.0,0,1,1
6082,78.0,1.0,14.0,5.0,1,49.0,17.0,20.0,0,1,0
6083,55.0,1.0,21.0,1.0,0,49.0,1.0,40.0,0,1,0
6084,56.0,1.0,20.0,5.0,1,49.0,13.0,20.0,0,1,0
6085,74.0,1.0,19.0,5.0,4,210.0,4.0,57.0,1,1,0
6086,60.0,7.0,21.0,5.0,5,148.0,15.0,85.0,1,0,0
6087,83.0,4.0,22.0,1.0,2,49.0,1.0,24.0,1,1,1
6088,67.0,1.0,19.0,1.0,3,414.0,0.0,40.0,0,1,1
6089,65.0,2.0,22.0,1.0,0,49.0,0.0,40.0,1,1,1
6090,65.0,1.0,19.0,5.0,4,49.0,0.0,54.0,0,1,0
6091,43.0,1.0,20.0,5.0,1,49.0,11.0,20.0,0,1,0
6092,72.0,1.0,16.0,1.0,2,231.0,1.0,40.0,1,1,1
6093,43.0,1.0,16.0,5.0,3,231.0,2.0,40.0,0,1,0
6094,40.0,2.0,20.0,1.0,0,49.0,0.0,40.0,1,1,0
6095,19.0,6.0,16.0,1.0,1,6.0,0.0,45.0,1,1,0
6096,79.0,1.0,21.0,1.0,0,49.0,1.0,40.0,1,1,1
6097,70.0,1.0,4.0,1.0,4,49.0,1.0,40.0,0,1,0
6098,82.0,3.0,20.0,1.0,1,49.0,0.0,20.0,0,1,0
6099,53.0,5.0,16.0,5.0,1,49.0,11.0,40.0,1,1,0
6100,28.0,1.0,16.0,1.0,1,49.0,1.0,28.0,0,1,0
6101,56.0,1.0,19.0,5.0,0,49.0,2.0,20.0,0,1,0
6102,61.0,2.0,18.0,1.0,3,414.0,2.0,3.0,1,1,1
6103,59.0,1.0,23.0,1.0,0,229.0,2.0,20.0,1,1,0
6104,87.0,3.0,16.0,5.0,1,301.0,13.0,40.0,0,1,0
6105,23.0,1.0,19.0,1.0,3,49.0,0.0,88.0,1,1,0
6106,65.0,2.0,21.0,1.0,0,49.0,1.0,34.0,0,1,1
6107,76.0,5.0,19.0,3.0,2,6.0,16.0,13.0,0,0,0
6108,33.0,7.0,16.0,1.0,4,24.0,0.0,49.0,0,1,0
6109,54.0,3.0,21.0,1.0,0,468.0,0.0,40.0,0,1,1
6110,76.0,1.0,20.0,5.0,0,207.0,2.0,40.0,0,1,0
6111,56.0,1.0,19.0,1.0,2,49.0,1.0,50.0,1,1,1
6112,53.0,1.0,16.0,1.0,2,231.0,1.0,40.0,0,1,0
6113,65.0,1.0,19.0,1.0,4,49.0,0.0,45.0,1,1,1
6114,43.0,2.0,11.0,1.0,0,49.0,1.0,20.0,1,1,1
6115,27.0,1.0,16.0,1.0,4,106.0,1.0,28.0,0,1,0
6116,61.0,1.0,19.0,1.0,2,49.0,0.0,40.0,1,1,0
6117,25.0,6.0,19.0,1.0,3,217.0,0.0,50.0,0,1,0
6118,17.0,2.0,21.0,1.0,0,49.0,0.0,40.0,1,1,1
6119,25.0,7.0,19.0,1.0,1,139.0,0.0,40.0,0,1,0
6120,24.0,1.0,16.0,1.0,4,49.0,0.0,40.0,0,1,0
6121,19.0,1.0,19.0,1.0,3,223.0,0.0,40.0,1,1,1
6122,84.0,1.0,22.0,2.0,2,49.0,0.0,66.0,1,1,0
6123,72.0,1.0,22.0,1.0,0,49.0,0.0,40.0,0,1,1
6124,35.0,1.0,18.0,5.0,2,49.0,2.0,40.0,0,1,0
6125,43.0,1.0,19.0,5.0,2,49.0,16.0,45.0,1,1,0
6126,80.0,1.0,19.0,5.0,1,49.0,0.0,18.0,0,1,0
6127,21.0,3.0,19.0,3.0,5,49.0,0.0,1.0,1,1,0
6128,74.0,1.0,21.0,1.0,0,49.0,0.0,40.0,0,1,1
6129,73.0,6.0,19.0,1.0,1,49.0,0.0,68.0,0,1,0
6130,33.0,3.0,20.0,1.0,1,49.0,1.0,19.0,1,1,1
6131,17.0,4.0,16.0,1.0,2,49.0,1.0,50.0,1,1,1
6132,38.0,3.0,16.0,3.0,4,49.0,0.0,34.0,0,0,0
6133,84.0,1.0,16.0,4.0,2,49.0,0.0,67.0,1,1,0
6134,64.0,1.0,19.0,1.0,2,49.0,0.0,40.0,1,1,1
6135,74.0,1.0,18.0,1.0,0,49.0,0.0,50.0,0,0,1
6136,57.0,1.0,11.0,1.0,0,49.0,1.0,50.0,0,1,1
6137,21.0,1.0,21.0,1.0,1,417.0,0.0,40.0,1,1,0
6138,70.0,4.0,21.0,5.0,0,49.0,2.0,40.0,1,1,1
6139,31.0,1.0,20.0,1.0,2,243.0,0.0,40.0,0,1,1
6140,77.0,3.0,21.0,1.0,0,49.0,2.0,40.0,0,0,1
6141,25.0,1.0,21.0,1.0,0,206.0,1.0,56.0,0,1,1
6142,46.0,1.0,22.0,1.0,0,49.0,1.0,40.0,1,1,0
6143,44.0,4.0,22.0,1.0,0,49.0,1.0,40.0,1,1,0
6144,21.0,1.0,16.0,1.0,2,215.0,2.0,90.0,0,1,1
6145,33.0,4.0,19.0,1.0,0,72.0,1.0,40.0,1,1,1
6146,52.0,1.0,22.0,1.0,0,49.0,9.0,50.0,1,1,1
6147,65.0,7.0,19.0,5.0,3,49.0,0.0,9.0,1,1,0
6148,27.0,1.0,20.0,3.0,2,49.0,0.0,39.0,0,1,0
6149,21.0,1.0,21.0,5.0,2,6.0,5.0,15.0,0,1,0
6150,70.0,1.0,19.0,1.0,4,49.0,0.0,40.0,0,1,1
6151,40.0,1.0,16.0,5.0,4,49.0,2.0,40.0,0,1,0
6152,79.0,1.0,21.0,5.0,0,138.0,2.0,40.0,1,1,0
6153,72.0,1.0,21.0,1.0,0,49.0,1.0,14.0,1,1,1
6154,42.0,1.0,21.0,1.0,1,6.0,0.0,36.0,0,1,0
6155,38.0,4.0,21.0,5.0,0,36.0,0.0,40.0,0,0,0
6156,65.0,1.0,16.0,1.0,4,49.0,0.0,14.0,1,0,0
6157,20.0,4.0,16.0,5.0,2,49.0,2.0,40.0,0,1,1
6158,36.0,1.0,21.0,1.0,0,49.0,0.0,45.0,1,1,1
6159,46.0,1.0,21.0,5.0,0,49.0,17.0,40.0,1,1,0
6160,25.0,1.0,22.0,1.0,0,49.0,0.0,45.0,1,1,1
6161,23.0,1.0,16.0,5.0,3,6.0,13.0,50.0,0,1,0
6162,34.0,7.0,19.0,1.0,4,49.0,0.0,19.0,1,1,0
6163,19.0,1.0,15.0,1.0,5,49.0,1.0,28.0,0,1,0
6164,29.0,1.0,20.0,1.0,1,6.0,0.0,40.0,1,1,1
6165,43.0,8.0,21.0,5.0,0,49.0,2.0,50.0,1,1,1
6166,21.0,1.0,12.0,1.0,0,49.0,1.0,99.0,1,1,1
6167,22.0,1.0,21.0,1.0,2,49.0,0.0,55.0,0,1,1
6168,87.0,5.0,16.0,1.0,2,372.0,1.0,2.0,1,1,0
6169,31.0,1.0,16.0,1.0,3,49.0,0.0,40.0,1,1,1
6170,20.0,2.0,11.0,5.0,2,4.0,3.0,40.0,0,1,0
6171,33.0,1.0,20.0,1.0,1,49.0,0.0,40.0,0,1,0
6172,72.0,2.0,21.0,3.0,0,414.0,0.0,40.0,0,1,1
6173,77.0,1.0,1.0,1.0,0,37.0,1.0,5.0,0,1,1
6174,42.0,1.0,16.0,5.0,4,49.0,0.0,68.0,0,1,0
6175,44.0,1.0,19.0,1.0,2,49.0,1.0,67.0,1,1,0
6176,43.0,1.0,16.0,1.0,3,49.0,1.0,10.0,1,1,1
6177,46.0,4.0,18.0,5.0,0,51.0,14.0,48.0,1,1,1
6178,78.0,3.0,5.0,1.0,0,49.0,0.0,58.0,1,1,1
6179,36.0,1.0,16.0,1.0,4,49.0,0.0,56.0,0,0,1
6180,57.0,1.0,18.0,1.0,4,6.0,0.0,40.0,0,1,1
6181,62.0,1.0,19.0,3.0,0,116.0,4.0,11.0,1,1,1
6182,23.0,1.0,16.0,1.0,4,49.0,1.0,40.0,0,1,1
6183,56.0,3.0,18.0,5.0,-1,205.0,2.0,40.0,0,0,0
6184,30.0,3.0,7.0,5.0,4,49.0,12.0,67.0,0,1,0
6185,68.0,1.0,19.0,4.0,1,49.0,0.0,96.0,1,1,0
6186,20.0,2.0,19.0,1.0,3,49.0,1.0,3.0,1,1,0
6187,47.0,1.0,16.0,1.0,3,49.0,1.0,40.0,1,1,1
6188,71.0,1.0,16.0,1.0,3,235.0,8.0,40.0,1,1,1
6189,53.0,3.0,16.0,5.0,3,49.0,4.0,19.0,1,1,1
6190,84.0,1.0,19.0,1.0,4,49.0,0.0,45.0,1,1,1
6191,65.0,1.0,19.0,5.0,2,501.0,2.0,13.0,0,1,0
6192,38.0,7.0,18.0,3.0,3,243.0,0.0,55.0,0,0,0
6193,63.0,1.0,22.0,1.0,0,49.0,0.0,91.0,0,1,1
6194,73.0,4.0,21.0,1.0,0,49.0,0.0,4.0,1,1,0
6195,72.0,1.0,20.0,2.0,2,49.0,0.0,40.0,0,1,0
6196,43.0,3.0,21.0,5.0,1,501.0,0.0,3.0,1,1,0
6197,60.0,1.0,19.0,1.0,4,134.0,0.0,20.0,0,1,0
6198,20.0,1.0,16.0,5.0,4,49.0,2.0,20.0,1,1,0
6199,66.0,1.0,19.0,1.0,2,49.0,0.0,40.0,1,1,1
6200,74.0,1.0,20.0,1.0,2,427.0,1.0,11.0,1,1,0
6201,22.0,1.0,16.0,1.0,4,49.0,0.0,40.0,0,1,0
6202,77.0,6.0,19.0,1.0,1,49.0,1.0,40.0,1,1,1
6203,42.0,3.0,22.0,5.0,0,49.0,0.0,40.0,0,1,1
6204,78.0,1.0,14.0,1.0,4,311.0,1.0,1.0,0,1,1
6205,84.0,1.0,22.0,3.0,0,116.0,0.0,46.0,1,1,1
6206,84.0,7.0,16.0,5.0,4,49.0,9.0,40.0,1,1,1
6207,20.0,1.0,19.0,5.0,2,49.0,2.0,40.0,1,1,0
6208,41.0,1.0,22.0,5.0,2,365.0,1.0,40.0,1,1,1
6209,36.0,1.0,16.0,1.0,4,49.0,11.0,20.0,0,1,0
6210,87.0,1.0,19.0,1.0,1,49.0,1.0,40.0,0,1,0
6211,36.0,1.0,19.0,5.0,1,49.0,2.0,28.0,0,0,0
6212,21.0,1.0,21.0,3.0,1,6.0,0.0,1.0,0,1,0
6213,46.0,1.0,18.0,5.0,1,49.0,2.0,40.0,0,1,0
6214,37.0,1.0,19.0,1.0,0,49.0,1.0,50.0,1,1,1
6215,21.0,3.0,19.0,1.0,-1,49.0,1.0,46.0,0,1,0
6216,92.0,1.0,21.0,1.0,2,6.0,1.0,45.0,0,0,0
6217,41.0,1.0,16.0,1.0,4,49.0,1.0,40.0,0,0,0
6218,17.0,4.0,19.0,2.0,2,231.0,0.0,13.0,1,1,0
6219,60.0,3.0,22.0,1.0,0,6.0,0.0,28.0,1,1,1
6220,75.0,8.0,18.0,1.0,1,49.0,2.0,40.0,0,1,0
6221,75.0,2.0,18.0,1.0,0,49.0,1.0,45.0,1,1,1
6222,58.0,1.0,22.0,1.0,0,134.0,1.0,40.0,1,1,1
6223,63.0,1.0,16.0,1.0,2,49.0,1.0,40.0,0,1,1
6224,22.0,1.0,18.0,5.0,5,236.0,2.0,75.0,0,1,0
6225,40.0,7.0,16.0,1.0,4,49.0,1.0,27.0,0,1,0
6226,79.0,2.0,22.0,1.0,0,49.0,0.0,50.0,0,1,1
6227,79.0,1.0,9.0,1.0,2,49.0,1.0,40.0,1,1,1
6228,37.0,1.0,5.0,1.0,4,6.0,0.0,88.0,1,1,0
6229,77.0,1.0,15.0,1.0,2,49.0,2.0,16.0,0,1,0
6230,55.0,2.0,22.0,1.0,0,49.0,5.0,50.0,1,1,1
6231,32.0,1.0,22.0,1.0,0,49.0,1.0,40.0,1,1,1
6232,63.0,1.0,22.0,1.0,0,22.0,0.0,40.0,0,1,1
6233,81.0,1.0,22.0,1.0,0,6.0,8.0,34.0,1,1,1
6234,84.0,1.0,21.0,1.0,1,222.0,1.0,40.0,0,1,1
6235,21.0,1.0,22.0,3.0,2,6.0,0.0,40.0,0,1,1
6236,27.0,1.0,21.0,2.0,0,42.0,0.0,62.0,1,1,0
6237,46.0,1.0,20.0,1.0,2,49.0,0.0,47.0,1,1,0
6238,17.0,1.0,18.0,1.0,0,49.0,1.0,40.0,0,1,1
6239,55.0,1.0,18.0,5.0,4,442.0,16.0,45.0,1,1,0
6240,23.0,2.0,19.0,1.0,2,49.0,0.0,17.0,1,1,0
6241,53.0,1.0,18.0,1.0,4,49.0,0.0,40.0,1,1,0
6242,77.0,1.0,21.0,1.0,0,49.0,0.0,32.0,1,1,1
6243,21.0,3.0,21.0,3.0,0,6.0,0.0,50.0,1,1,1
6244,21.0,1.0,21.0,5.0,0,468.0,13.0,44.0,1,1,0
6245,58.0,1.0,16.0,1.0,4,228.0,1.0,50.0,1,1,1
6246,78.0,1.0,16.0,1.0,2,18.0,0.0,40.0,0,1,1
6247,46.0,1.0,22.0,5.0,0,49.0,0.0,40.0,0,1,1
6248,69.0,4.0,20.0,1.0,0,369.0,0.0,52.0,1,0,1
6249,31.0,1.0,16.0,5.0,4,5.0,10.0,40.0,0,1,1
6250,28.0,1.0,13.0,1.0,4,243.0,0.0,17.0,1,1,1
6251,23.0,1.0,16.0,1.0,4,49.0,1.0,40.0,1,1,0
6252,48.0,1.0,16.0,1.0,4,49.0,1.0,40.0,0,1,0
6253,29.0,7.0,19.0,1.0,1,49.0,1.0,41.0,1,1,0
6254,61.0,1.0,16.0,1.0,4,49.0,0.0,45.0,1,1,1
6255,20.0,7.0,18.0,1.0,3,49.0,0.0,45.0,1,1,1
6256,48.0,1.0,21.0,1.0,2,49.0,0.0,40.0,1,1,1
6257,36.0,1.0,20.0,1.0,1,49.0,1.0,40.0,0,1,0
6258,43.0,6.0,19.0,1.0,1,49.0,0.0,58.0,0,1,0
6259,61.0,1.0,23.0,5.0,2,12.0,2.0,42.0,1,1,0
6260,66.0,1.0,16.0,4.0,2,53.0,0.0,53.0,1,1,0
6261,69.0,4.0,16.0,5.0,2,49.0,3.0,9.0,1,0,0
6262,25.0,1.0,16.0,1.0,4,27.0,1.0,54.0,0,1,0
6263,34.0,2.0,21.0,1.0,0,6.0,1.0,20.0,0,1,0
6264,79.0,1.0,22.0,1.0,0,6.0,1.0,40.0,1,0,1
6265,65.0,3.0,21.0,1.0,0,6.0,1.0,40.0,1,1,1
6266,54.0,1.0,20.0,5.0,0,49.0,5.0,53.0,0,1,0
6267,31.0,1.0,19.0,1.0,4,49.0,0.0,40.0,1,1,1
6268,57.0,1.0,20.0,5.0,2,49.0,17.0,40.0,0,1,0
6269,20.0,6.0,24.0,5.0,1,369.0,2.0,40.0,0,1,0
6270,45.0,2.0,2.0,1.0,0,138.0,0.0,40.0,1,1,1
6271,86.0,3.0,21.0,5.0,0,49.0,2.0,45.0,1,1,1
6272,87.0,1.0,19.0,1.0,4,332.0,1.0,50.0,1,1,1
6273,29.0,1.0,20.0,5.0,0,49.0,7.0,40.0,1,1,1
6274,72.0,1.0,16.0,1.0,4,49.0,0.0,60.0,0,1,0
6275,75.0,1.0,21.0,1.0,2,49.0,0.0,80.0,1,1,1
6276,43.0,1.0,18.0,5.0,1,49.0,13.0,20.0,0,1,0
6277,52.0,1.0,19.0,1.0,3,49.0,1.0,30.0,1,1,1
6278,84.0,1.0,21.0,1.0,0,231.0,0.0,40.0,1,1,1
6279,70.0,1.0,20.0,1.0,2,49.0,1.0,40.0,1,1,1
6280,71.0,1.0,18.0,1.0,1,49.0,0.0,40.0,0,1,1
6281,52.0,1.0,21.0,1.0,0,49.0,0.0,57.0,1,1,1
6282,49.0,1.0,16.0,3.0,2,327.0,0.0,20.0,0,1,0
6283,75.0,4.0,21.0,1.0,0,49.0,1.0,40.0,1,1,1
6284,47.0,1.0,4.0,1.0,0,6.0,0.0,40.0,1,1,1
6285,44.0,6.0,16.0,1.0,3,6.0,0.0,40.0,0,1,1
6286,67.0,1.0,19.0,5.0,2,49.0,8.0,39.0,0,0,0
6287,83.0,4.0,21.0,1.0,1,49.0,1.0,40.0,0,0,1
6288,51.0,8.0,16.0,5.0,1,362.0,4.0,37.0,1,1,0
6289,21.0,1.0,19.0,1.0,2,25.0,0.0,54.0,1,1,0
6290,62.0,1.0,19.0,1.0,2,49.0,9.0,40.0,1,1,1
6291,64.0,1.0,16.0,1.0,4,49.0,1.0,48.0,1,1,1
6292,36.0,4.0,22.0,2.0,0,6.0,0.0,20.0,0,1,0
6293,52.0,1.0,14.0,1.0,0,49.0,1.0,50.0,0,1,1
6294,87.0,1.0,22.0,3.0,0,134.0,0.0,40.0,1,1,1
6295,38.0,1.0,16.0,3.0,1,501.0,0.0,20.0,0,1,0
6296,86.0,1.0,16.0,5.0,2,49.0,3.0,55.0,0,1,0
6297,72.0,1.0,19.0,1.0,2,49.0,0.0,40.0,1,1,1
6298,24.0,1.0,21.0,1.0,0,49.0,0.0,45.0,1,1,1
6299,20.0,1.0,2.0,1.0,0,49.0,0.0,40.0,1,1,1
6300,72.0,1.0,18.0,1.0,4,49.0,0.0,28.0,1,1,0
6301,31.0,1.0,20.0,5.0,2,49.0,13.0,50.0,0,1,1
6302,51.0,1.0,6.0,5.0,1,49.0,2.0,20.0,1,1,0
6303,25.0,1.0,16.0,1.0,4,49.0,0.0,45.0,0,1,1
6304,17.0,1.0,19.0,1.0,1,49.0,12.0,84.0,0,1,0
6305,87.0,1.0,18.0,1.0,3,6.0,11.0,43.0,1,1,1
6306,25.0,1.0,22.0,1.0,2,158.0,1.0,34.0,0,1,0
6307,28.0,1.0,21.0,1.0,1,49.0,1.0,20.0,0,0,0
6308,37.0,3.0,21.0,1.0,0,49.0,0.0,50.0,1,1,1
6309,33.0,1.0,9.0,1.0,4,49.0,0.0,40.0,0,1,1
6310,68.0,1.0,16.0,1.0,2,127.0,0.0,40.0,1,1,1
6311,20.0,1.0,16.0,5.0,2,49.0,15.0,40.0,1,1,1
6312,54.0,1.0,19.0,1.0,1,49.0,1.0,72.0,0,1,0
6313,38.0,4.0,21.0,5.0,0,12.0,13.0,40.0,1,0,1
6314,51.0,1.0,6.0,1.0,1,49.0,3.0,7.0,1,1,0
6315,63.0,1.0,21.0,5.0,0,49.0,2.0,45.0,0,1,1
6316,80.0,1.0,20.0,5.0,3,49.0,0.0,40.0,1,1,1
6317,21.0,7.0,18.0,1.0,1,6.0,1.0,40.0,0,1,0
6318,39.0,1.0,21.0,5.0,0,49.0,2.0,40.0,0,1,0
6319,55.0,1.0,21.0,5.0,1,164.0,0.0,82.0,1,1,0
6320,33.0,1.0,18.0,5.0,5,49.0,12.0,50.0,0,1,0
6321,56.0,1.0,18.0,1.0,4,501.0,1.0,72.0,0,1,0
6322,33.0,5.0,19.0,5.0,1,312.0,1.0,20.0,0,0,0
6323,92.0,2.0,22.0,5.0,0,49.0,0.0,40.0,1,1,0
6324,66.0,4.0,7.0,5.0,2,49.0,0.0,45.0,1,1,1
6325,63.0,3.0,21.0,1.0,0,49.0,0.0,12.0,1,1,1
6326,36.0,1.0,19.0,1.0,4,315.0,0.0,40.0,0,1,1
6327,61.0,1.0,14.0,5.0,2,49.0,0.0,88.0,0,1,0
6328,60.0,1.0,16.0,2.0,1,49.0,0.0,17.0,0,1,0
6329,53.0,1.0,16.0,1.0,3,49.0,1.0,91.0,1,1,1
6330,38.0,1.0,20.0,3.0,0,4.0,0.0,40.0,0,1,1
6331,50.0,1.0,18.0,1.0,2,49.0,0.0,50.0,1,1,1
6332,78.0,1.0,16.0,1.0,3,49.0,0.0,45.0,1,1,1
6333,24.0,1.0,22.0,1.0,0,6.0,11.0,59.0,0,1,1
6334,17.0,8.0,19.0,1.0,1,49.0,0.0,88.0,1,1,1
6335,52.0,1.0,18.0,1.0,4,49.0,0.0,40.0,1,1,1
6336,53.0,1.0,21.0,1.0,0,49.0,2.0,40.0,0,1,0
6337,51.0,7.0,18.0,3.0,3,49.0,0.0,80.0,1,1,1
6338,31.0,1.0,21.0,2.0,2,49.0,0.0,48.0,0,1,0
6339,35.0,4.0,16.0,5.0,1,49.0,17.0,40.0,1,1,0
6340,68.0,1.0,19.0,1.0,2,229.0,0.0,20.0,0,1,0
6341,40.0,1.0,23.0,5.0,0,49.0,7.0,40.0,0,1,0
6342,58.0,1.0,21.0,1.0,0,139.0,1.0,45.0,1,1,1
6343,26.0,4.0,19.0,1.0,1,17.0,1.0,99.0,0,1,0
6344,47.0,1.0,20.0,5.0,2,373.0,15.0,20.0,0,1,0
6345,77.0,1.0,16.0,3.0,4,49.0,0.0,40.0,1,1,1
6346,56.0,7.0,18.0,1.0,3,55.0,0.0,13.0,1,1,0
6347,25.0,3.0,24.0,1.0,1,49.0,1.0,36.0,0,1,0
6348,32.0,1.0,19.0,5.0,0,104.0,3.0,40.0,1,1,0
6349,64.0,1.0,18.0,1.0,2,440.0,0.0,84.0,0,1,1
6350,17.0,3.0,19.0,5.0,3,45.0,8.0,40.0,1,1,0
6351,45.0,1.0,19.0,1.0,4,49.0,0.0,1.0,0,1,1
6352,86.0,1.0,21.0,1.0,2,49.0,0.0,40.0,0,1,1
6353,80.0,1.0,16.0,1.0,2,49.0,1.0,40.0,1,1,0
6354,83.0,1.0,22.0,5.0,0,49.0,9.0,40.0,0,1,1
6355,49.0,7.0,10.0,1.0,1,49.0,0.0,20.0,1,1,0
6356,79.0,1.0,21.0,1.0,0,49.0,0.0,40.0,1,1,1
6357,34.0,1.0,16.0,1.0,2,24.0,1.0,40.0,1,1,0
6358,80.0,5.0,21.0,1.0,0,451.0,0.0,40.0,0,1,1
6359,72.0,1.0,18.0,1.0,4,49.0,0.0,40.0,0,0,0
6360,55.0,2.0,21.0,1.0,2,49.0,0.0,40.0,1,1,1
6361,28.0,1.0,19.0,1.0,1,10.0,0.0,40.0,0,1,0
6362,42.0,4.0,22.0,1.0,0,49.0,1.0,40.0,1,1,1
6363,69.0,1.0,16.0,1.0,2,49.0,0.0,40.0,1,1,1
6364,86.0,1.0,18.0,5.0,1,212.0,12.0,55.0,0,1,0
6365,69.0,1.0,19.0,1.0,1,49.0,1.0,65.0,1,1,0
6366,71.0,1.0,22.0,1.0,0,49.0,1.0,20.0,0,1,1
6367,73.0,1.0,19.0,1.0,4,363.0,1.0,40.0,1,1,1
6368,19.0,3.0,21.0,5.0,0,6.0,2.0,20.0,1,1,0
6369,22.0,1.0,16.0,5.0,4,49.0,0.0,8.0,0,1,0
6370,51.0,8.0,21.0,1.0,0,49.0,1.0,40.0,1,1,1
6371,74.0,1.0,19.0,1.0,3,49.0,2.0,11.0,0,1,1
6372,47.0,1.0,19.0,1.0,2,49.0,1.0,40.0,0,0,1
6373,44.0,3.0,11.0,1.0,0,49.0,1.0,34.0,0,1,0
6374,65.0,1.0,19.0,1.0,1,5.0,0.0,21.0,1,1,1
6375,68.0,1.0,21.0,5.0,2,49.0,13.0,40.0,0,1,1
6376,39.0,7.0,20.0,5.0,3,6.0,17.0,50.0,0,1,0
6377,47.0,5.0,19.0,1.0,1,49.0,1.0,50.0,1,1,1
6378,26.0,1.0,21.0,1.0,0,49.0,1.0,40.0,1,1,1
6379,50.0,1.0,19.0,1.0,0,49.0,0.0,50.0,0,0,1
6380,71.0,3.0,19.0,1.0,4,49.0,1.0,40.0,0,1,1
6381,77.0,5.0,18.0,1.0,3,34.0,1.0,40.0,0,1,1
6382,27.0,2.0,21.0,1.0,0,49.0,1.0,40.0,0,1,0
6383,29.0,1.0,21.0,1.0,0,49.0,0.0,40.0,1,0,1
6384,20.0,5.0,21.0,5.0,0,49.0,4.0,50.0,1,1,0
6385,57.0,1.0,18.0,5.0,2,6.0,11.0,40.0,0,1,0
6386,35.0,1.0,16.0,1.0,4,55.0,1.0,40.0,1,1,0
6387,81.0,1.0,18.0,1.0,2,49.0,0.0,45.0,0,0,0
6388,31.0,6.0,22.0,1.0,0,15.0,1.0,45.0,0,1,1
6389,84.0,1.0,12.0,1.0,0,231.0,1.0,36.0,0,1,1
6390,34.0,3.0,16.0,1.0,4,49.0,0.0,40.0,1,1,1
6391,17.0,1.0,22.0,1.0,0,49.0,1.0,45.0,0,1,1
6392,19.0,1.0,20.0,1.0,0,49.0,0.0,40.0,0,1,1
6393,63.0,1.0,21.0,5.0,0,222.0,2.0,9.0,1,1,0
6394,81.0,1.0,19.0,1.0,1,56.0,0.0,26.0,0,1,0
6395,66.0,1.0,8.0,1.0,0,49.0,1.0,88.0,1,1,1
6396,25.0,1.0,19.0,5.0,2,49.0,2.0,20.0,1,1,0
6397,21.0,1.0,18.0,3.0,3,25.0,0.0,40.0,0,1,0
6398,23.0,1.0,21.0,5.0,0,46.0,2.0,12.0,0,1,0
6399,52.0,1.0,20.0,1.0,0,49.0,1.0,50.0,1,1,1
6400,64.0,4.0,19.0,5.0,0,18.0,2.0,33.0,0,1,0
6401,53.0,2.0,21.0,5.0,0,49.0,0.0,49.0,0,0,0
6402,17.0,1.0,18.0,1.0,-1,49.0,0.0,40.0,0,1,0
6403,59.0,2.0,16.0,1.0,3,33.0,0.0,40.0,0,1,1
6404,26.0,7.0,1.0,1.0,4,49.0,0.0,40.0,1,1,1
6405,43.0,1.0,19.0,5.0,1,49.0,0.0,19.0,1,1,0
6406,41.0,1.0,20.0,1.0,2,245.0,0.0,90.0,1,1,1
6407,25.0,2.0,15.0,5.0,0,32.0,0.0,40.0,1,1,1
6408,72.0,1.0,16.0,1.0,3,49.0,0.0,40.0,1,1,1
6409,23.0,1.0,21.0,1.0,0,515.0,0.0,40.0,1,1,1
6410,61.0,1.0,21.0,5.0,0,249.0,2.0,40.0,1,1,1
6411,77.0,1.0,18.0,1.0,2,6.0,1.0,13.0,1,1,1
6412,59.0,1.0,20.0,5.0,2,231.0,11.0,40.0,0,1,0
6413,33.0,1.0,16.0,3.0,2,49.0,0.0,88.0,1,1,1
6414,71.0,1.0,16.0,1.0,4,49.0,0.0,37.0,0,1,0
6415,39.0,1.0,16.0,5.0,2,49.0,2.0,40.0,0,1,0
6416,33.0,4.0,22.0,5.0,0,49.0,5.0,45.0,1,1,1
6417,58.0,3.0,19.0,1.0,0,49.0,0.0,50.0,1,1,1
6418,57.0,1.0,20.0,3.0,0,6.0,0.0,33.0,1,1,1
6419,28.0,5.0,19.0,1.0,0,49.0,0.0,50.0,1,1,1
6420,87.0,8.0,16.0,1.0,2,49.0,0.0,50.0,0,1,1
6421,40.0,1.0,16.0,1.0,4,6.0,1.0,75.0,0,1,0
6422,67.0,2.0,14.0,5.0,0,49.0,14.0,40.0,0,1,1
6423,47.0,1.0,22.0,1.0,0,6.0,0.0,40.0,1,1,1
6424,80.0,1.0,21.0,5.0,0,49.0,1.0,40.0,0,1,0
6425,29.0,1.0,20.0,3.0,0,312.0,0.0,44.0,1,1,0
6426,75.0,1.0,16.0,5.0,3,49.0,2.0,20.0,1,1,0
6427,38.0,1.0,16.0,3.0,1,49.0,0.0,38.0,1,1,0
6428,69.0,1.0,20.0,1.0,2,55.0,1.0,96.0,1,1,1
6429,40.0,1.0,18.0,1.0,3,49.0,0.0,45.0,0,1,1
6430,51.0,3.0,22.0,1.0,0,66.0,0.0,50.0,0,1,1
6431,60.0,8.0,22.0,5.0,0,49.0,13.0,40.0,0,1,0
6432,46.0,5.0,23.0,1.0,0,370.0,0.0,9.0,0,1,0
6433,27.0,1.0,21.0,1.0,0,49.0,2.0,40.0,1,1,0
6434,73.0,1.0,19.0,1.0,2,49.0,1.0,40.0,1,1,1
6435,22.0,1.0,16.0,1.0,4,49.0,1.0,96.0,1,1,0
6436,50.0,1.0,22.0,1.0,0,6.0,1.0,40.0,0,1,1
6437,72.0,1.0,19.0,1.0,2,21.0,1.0,40.0,0,1,1
6438,31.0,1.0,16.0,1.0,2,49.0,0.0,40.0,0,1,1
6439,44.0,1.0,16.0,3.0,1,33.0,0.0,68.0,0,1,0
6440,21.0,1.0,21.0,5.0,0,6.0,8.0,40.0,0,1,0
6441,49.0,1.0,22.0,1.0,2,49.0,1.0,40.0,1,1,1
6442,79.0,7.0,18.0,5.0,-1,49.0,15.0,25.0,1,1,0
6443,63.0,3.0,17.0,3.0,0,49.0,0.0,40.0,0,0,1
6444,49.0,1.0,16.0,1.0,4,49.0,1.0,45.0,1,1,1
6445,72.0,3.0,19.0,5.0,0,164.0,2.0,50.0,1,1,1
6446,69.0,1.0,19.0,5.0,2,49.0,0.0,42.0,1,1,0
6447,55.0,1.0,5.0,1.0,2,436.0,2.0,40.0,1,1,0
6448,34.0,1.0,21.0,5.0,1,49.0,12.0,49.0,0,1,0
6449,22.0,1.0,19.0,3.0,1,501.0,0.0,20.0,0,1,0
6450,28.0,2.0,20.0,3.0,0,49.0,0.0,39.0,0,1,0
6451,20.0,6.0,21.0,1.0,1,49.0,1.0,40.0,1,1,0
6452,38.0,1.0,12.0,3.0,1,26.0,0.0,40.0,0,1,0
6453,78.0,2.0,22.0,1.0,2,49.0,0.0,99.0,0,1,0
6454,33.0,1.0,22.0,3.0,2,49.0,0.0,40.0,1,1,0
6455,29.0,1.0,21.0,1.0,0,104.0,0.0,84.0,0,1,1
6456,44.0,1.0,16.0,1.0,3,49.0,2.0,40.0,1,1,1
6457,59.0,1.0,18.0,1.0,0,49.0,0.0,24.0,1,1,1
6458,84.0,1.0,21.0,1.0,1,49.0,0.0,40.0,1,1,0
6459,19.0,1.0,19.0,5.0,1,49.0,2.0,40.0,1,1,0
6460,70.0,1.0,22.0,1.0,0,49.0,1.0,40.0,0,1,1
6461,48.0,1.0,20.0,5.0,1,49.0,0.0,40.0,1,1,0
6462,20.0,3.0,5.0,5.0,1,49.0,6.0,40.0,1,1,0
6463,28.0,2.0,24.0,1.0,0,459.0,1.0,40.0,1,1,1
6464,79.0,1.0,18.0,1.0,1,49.0,1.0,16.0,1,1,1
6465,58.0,1.0,21.0,5.0,2,49.0,0.0,26.0,0,1,0
6466,76.0,1.0,21.0,1.0,0,48.0,1.0,84.0,1,1,1
6467,71.0,2.0,22.0,5.0,0,49.0,2.0,80.0,0,0,0
6468,32.0,1.0,16.0,1.0,4,36.0,1.0,31.0,0,1,0
6469,21.0,1.0,6.0,1.0,0,6.0,1.0,45.0,0,1,1
6470,48.0,5.0,23.0,1.0,0,442.0,0.0,50.0,1,1,1
6471,41.0,2.0,21.0,1.0,0,49.0,1.0,50.0,0,1,1
6472,75.0,1.0,22.0,4.0,0,49.0,0.0,20.0,0,1,0
6473,74.0,1.0,16.0,5.0,2,49.0,9.0,40.0,1,1,0
6474,79.0,1.0,18.0,1.0,0,217.0,0.0,45.0,1,1,1
6475,45.0,8.0,16.0,1.0,3,49.0,0.0,40.0,0,1,0
6476,33.0,1.0,16.0,1.0,4,126.0,1.0,50.0,0,1,1
6477,33.0,4.0,22.0,5.0,0,313.0,12.0,54.0,1,1,0
6478,60.0,1.0,19.0,1.0,3,49.0,0.0,38.0,0,0,0
6479,36.0,1.0,16.0,1.0,1,6.0,1.0,85.0,1,1,0
6480,57.0,1.0,18.0,1.0,3,49.0,0.0,40.0,0,1,1
6481,45.0,3.0,20.0,5.0,0,314.0,0.0,40.0,0,1,0
6482,37.0,1.0,21.0,1.0,0,416.0,0.0,65.0,0,1,0
6483,21.0,1.0,22.0,3.0,0,6.0,0.0,40.0,1,1,1
6484,83.0,1.0,20.0,5.0,2,49.0,2.0,40.0,0,1,1
6485,72.0,2.0,9.0,1.0,0,49.0,0.0,78.0,1,1,0
6486,77.0,1.0,13.0,1.0,0,6.0,1.0,40.0,0,1,0
6487,81.0,1.0,8.0,1.0,0,10.0,1.0,5.0,0,1,1
6488,75.0,4.0,19.0,5.0,1,49.0,2.0,55.0,0,1,0
6489,58.0,1.0,16.0,5.0,2,50.0,2.0,43.0,0,1,0
6490,73.0,1.0,24.0,1.0,1,49.0,0.0,27.0,0,1,0
6491,60.0,1.0,18.0,1.0,4,49.0,0.0,11.0,0,1,0
6492,18.0,1.0,19.0,1.0,0,163.0,1.0,9.0,0,0,0
6493,40.0,8.0,15.0,1.0,0,49.0,1.0,40.0,1,1,1
6494,84.0,1.0,16.0,2.0,1,224.0,0.0,23.0,1,1,0
6495,20.0,1.0,16.0,5.0,2,49.0,14.0,17.0,0,1,0
6496,48.0,3.0,20.0,5.0,0,163.0,10.0,99.0,1,1,0
6497,60.0,1.0,14.0,1.0,2,49.0,0.0,96.0,0,0,1
6498,38.0,2.0,21.0,3.0,0,49.0,0.0,45.0,0,0,1
6499,64.0,1.0,16.0,1.0,3,49.0,0.0,40.0,1,1,1
6500,22.0,1.0,22.0,5.0,0,164.0,0.0,46.0,1,1,1
6501,73.0,1.0,16.0,1.0,1,327.0,1.0,19.0,0,1,1
6502,58.0,5.0,16.0,1.0,3,369.0,2.0,22.0,0,1,0
6503,76.0,3.0,2.0,1.0,1,49.0,1.0,45.0,1,1,0
6504,79.0,1.0,22.0,1.0,0,49.0,0.0,31.0,0,1,0
6505,73.0,1.0,18.0,3.0,4,16.0,0.0,62.0,0,1,1
6506,69.0,1.0,15.0,1.0,1,6.0,1.0,50.0,1,1,1
6507,74.0,2.0,21.0,1.0,0,49.0,0.0,45.0,1,1,1
6508,53.0,1.0,16.0,5.0,1,49.0,12.0,72.0,1,1,0
6509,25.0,1.0,19.0,1.0,1,217.0,1.0,3.0,1,1,1
6510,19.0,4.0,22.0,1.0,0,49.0,0.0,2.0,1,1,1
6511,63.0,1.0,19.0,3.0,0,451.0,0.0,40.0,0,1,0
6512,44.0,1.0,19.0,3.0,4,6.0,0.0,40.0,1,1,0
6513,86.0,4.0,8.0,1.0,0,49.0,1.0,50.0,0,1,1
6514,79.0,4.0,21.0,1.0,2,49.0,0.0,40.0,0,1,1
6515,74.0,1.0,21.0,1.0,0,49.0,2.0,45.0,1,1,1
6516,86.0,1.0,18.0,3.0,-1,315.0,0.0,40.0,0,1,0
6517,78.0,7.0,21.0,1.0,1,6.0,1.0,20.0,0,1,0
6518,81.0,1.0,19.0,1.0,2,49.0,0.0,45.0,1,1,1
6519,20.0,4.0,18.0,1.0,0,49.0,0.0,40.0,1,1,0
6520,65.0,1.0,22.0,1.0,0,311.0,0.0,58.0,1,1,1
6521,73.0,1.0,19.0,1.0,0,235.0,0.0,67.0,1,1,0
6522,38.0,1.0,19.0,3.0,0,369.0,0.0,5.0,0,0,0
6523,74.0,2.0,21.0,1.0,0,49.0,2.0,35.0,1,1,0
6524,82.0,1.0,19.0,4.0,4,224.0,0.0,52.0,0,1,0
6525,69.0,1.0,2.0,1.0,0,459.0,0.0,20.0,0,1,0
6526,43.0,1.0,9.0,5.0,2,49.0,4.0,5.0,0,1,0
6527,21.0,1.0,19.0,1.0,0,6.0,1.0,40.0,0,1,0
6528,49.0,1.0,21.0,1.0,1,49.0,0.0,40.0,1,1,0
6529,56.0,1.0,16.0,4.0,2,25.0,0.0,44.0,0,1,0
6530,65.0,1.0,5.0,1.0,0,49.0,0.0,40.0,0,1,0
6531,65.0,1.0,16.0,1.0,3,44.0,0.0,40.0,1,0,1
6532,53.0,1.0,22.0,1.0,0,45.0,0.0,60.0,1,1,0
6533,87.0,3.0,19.0,1.0,0,47.0,0.0,40.0,1,1,1
6534,36.0,2.0,16.0,1.0,3,49.0,15.0,96.0,1,0,1
6535,81.0,4.0,18.0,3.0,3,148.0,0.0,39.0,0,1,0
6536,57.0,3.0,16.0,1.0,2,42.0,1.0,70.0,0,1,1
6537,32.0,4.0,21.0,1.0,0,49.0,1.0,40.0,1,1,1
6538,33.0,3.0,19.0,1.0,0,148.0,1.0,40.0,1,1,1
6539,51.0,4.0,19.0,1.0,0,49.0,0.0,75.0,1,1,1
6540,80.0,1.0,18.0,1.0,4,42.0,1.0,40.0,1,1,0
6541,81.0,1.0,21.0,1.0,2,49.0,0.0,50.0,0,1,1
6542,46.0,1.0,19.0,1.0,2,6.0,0.0,24.0,0,1,0
6543,54.0,3.0,18.0,1.0,0,49.0,0.0,7.0,1,1,1
6544,20.0,1.0,18.0,5.0,1,49.0,13.0,40.0,0,1,0
6545,43.0,1.0,20.0,5.0,0,49.0,0.0,24.0,1,1,0
6546,21.0,1.0,20.0,3.0,0,459.0,0.0,40.0,1,1,1
6547,45.0,1.0,16.0,5.0,1,26.0,15.0,40.0,0,1,0
6548,44.0,1.0,20.0,1.0,2,6.0,0.0,40.0,1,1,1
6549,78.0,1.0,5.0,1.0,1,329.0,0.0,40.0,1,1,0
6550,49.0,1.0,19.0,5.0,2,46.0,4.0,40.0,1,1,1
6551,25.0,5.0,21.0,1.0,0,134.0,0.0,40.0,0,1,1
6552,22.0,1.0,20.0,1.0,2,49.0,0.0,50.0,0,0,1
6553,30.0,1.0,16.0,1.0,2,149.0,0.0,40.0,1,0,0
6554,39.0,1.0,22.0,5.0,0,329.0,10.0,39.0,0,1,0
6555,17.0,3.0,21.0,1.0,0,49.0,1.0,38.0,1,1,1
6556,69.0,1.0,6.0,1.0,1,6.0,1.0,14.0,1,1,0
6557,61.0,1.0,20.0,5.0,0,49.0,1.0,40.0,0,1,0
6558,73.0,1.0,19.0,5.0,2,49.0,10.0,20.0,0,1,0
6559,50.0,1.0,19.0,1.0,2,49.0,1.0,20.0,1,0,1
6560,21.0,5.0,20.0,1.0,0,6.0,2.0,18.0,0,1,0
6561,23.0,3.0,21.0,4.0,0,49.0,2.0,24.0,0,1,0
6562,74.0,1.0,11.0,1.0,4,148.0,0.0,85.0,1,1,1
6563,65.0,1.0,16.0,1.0,1,6.0,1.0,40.0,1,0,1
6564,34.0,1.0,24.0,1.0,1,49.0,0.0,40.0,1,1,1
6565,33.0,1.0,19.0,1.0,4,49.0,1.0,40.0,1,1,1
6566,84.0,1.0,21.0,1.0,0,49.0,0.0,40.0,0,0,1
6567,59.0,1.0,16.0,1.0,4,6.0,0.0,45.0,1,1,1
6568,38.0,1.0,18.0,3.0,0,49.0,1.0,40.0,0,1,1
6569,77.0,1.0,16.0,1.0,1,29.0,1.0,40.0,1,1,1
6570,54.0,2.0,21.0,3.0,0,211.0,0.0,40.0,0,1,1
6571,50.0,1.0,11.0,1.0,2,49.0,1.0,52.0,0,1,0
6572,34.0,7.0,16.0,4.0,3,49.0,0.0,39.0,0,1,0
6573,27.0,1.0,18.0,5.0,3,49.0,2.0,52.0,1,1,0
6574,55.0,1.0,20.0,5.0,2,206.0,2.0,40.0,0,1,0
6575,87.0,3.0,20.0,1.0,0,41.0,1.0,40.0,1,1,1
6576,56.0,1.0,22.0,1.0,0,158.0,1.0,45.0,0,1,1
6577,72.0,1.0,16.0,3.0,2,6.0,0.0,31.0,0,0,0
6578,92.0,1.0,21.0,1.0,2,49.0,1.0,40.0,0,1,0
6579,42.0,1.0,21.0,1.0,2,414.0,0.0,40.0,1,1,1
6580,64.0,2.0,21.0,1.0,0,49.0,0.0,45.0,1,1,1
6581,48.0,1.0,19.0,1.0,0,49.0,1.0,50.0,1,1,1
6582,47.0,1.0,21.0,1.0,1,49.0,0.0,7.0,0,1,0
6583,61.0,7.0,18.0,5.0,3,49.0,2.0,40.0,1,1,0
6584,28.0,1.0,20.0,1.0,2,363.0,0.0,45.0,0,1,1
6585,33.0,2.0,22.0,1.0,2,49.0,1.0,20.0,0,1,0
6586,39.0,1.0,19.0,1.0,2,49.0,1.0,9.0,1,1,1
6587,50.0,3.0,8.0,5.0,1,49.0,0.0,13.0,1,0,0
6588,42.0,2.0,1.0,1.0,0,49.0,0.0,40.0,1,1,1
6589,38.0,1.0,19.0,3.0,4,137.0,0.0,90.0,0,0,0
6590,77.0,2.0,20.0,1.0,2,49.0,0.0,9.0,0,1,0
6591,75.0,1.0,16.0,1.0,2,49.0,0.0,40.0,0,1,0
6592,21.0,2.0,21.0,3.0,0,6.0,0.0,40.0,0,1,0
6593,37.0,3.0,21.0,5.0,0,49.0,13.0,40.0,0,1,0
6594,76.0,6.0,7.0,1.0,4,49.0,1.0,41.0,0,1,1
6595,44.0,7.0,11.0,5.0,4,150.0,0.0,44.0,1,1,0
6596,20.0,1.0,20.0,5.0,1,49.0,0.0,20.0,0,1,0
6597,33.0,1.0,22.0,5.0,0,41.0,0.0,8.0,0,1,0
6598,73.0,3.0,22.0,1.0,0,49.0,1.0,40.0,1,0,1
6599,53.0,1.0,18.0,3.0,2,6.0,12.0,40.0,1,1,1
6600,84.0,3.0,18.0,1.0,0,303.0,1.0,82.0,0,1,1
6601,44.0,1.0,20.0,1.0,2,56.0,0.0,40.0,1,1,1
6602,83.0,1.0,16.0,2.0,3,49.0,0.0,45.0,1,1,0
6603,32.0,1.0,16.0,5.0,3,360.0,2.0,40.0,0,1,0
6604,87.0,1.0,18.0,5.0,0,49.0,0.0,40.0,1,1,1
6605,71.0,1.0,20.0,1.0,2,2.0,0.0,40.0,1,0,1
6606,58.0,1.0,16.0,5.0,4,49.0,6.0,40.0,0,1,0
6607,19.0,1.0,21.0,1.0,0,362.0,0.0,40.0,1,1,1
6608,82.0,5.0,19.0,1.0,3,49.0,1.0,45.0,0,1,1
6609,21.0,1.0,16.0,3.0,3,49.0,0.0,40.0,1,1,1
6610,49.0,1.0,16.0,5.0,4,49.0,2.0,40.0,1,1,0
6611,55.0,1.0,16.0,3.0,3,49.0,0.0,50.0,0,1,1
6612,38.0,1.0,16.0,3.0,2,217.0,0.0,40.0,1,1,1
6613,69.0,2.0,21.0,1.0,0,449.0,0.0,37.0,1,1,1
6614,79.0,1.0,21.0,1.0,0,468.0,1.0,70.0,0,1,0
6615,87.0,1.0,16.0,3.0,3,49.0,0.0,40.0,1,1,1
6616,41.0,6.0,21.0,1.0,1,18.0,0.0,40.0,0,1,0
6617,46.0,1.0,21.0,1.0,0,12.0,1.0,40.0,0,1,1
6618,79.0,1.0,22.0,5.0,2,49.0,7.0,33.0,1,0,0
6619,21.0,1.0,16.0,1.0,2,103.0,0.0,13.0,1,1,0
6620,69.0,4.0,16.0,1.0,2,49.0,1.0,40.0,0,1,1
6621,67.0,4.0,20.0,1.0,2,49.0,0.0,67.0,1,1,0
6622,82.0,1.0,16.0,1.0,4,49.0,1.0,40.0,1,1,1
6623,33.0,2.0,21.0,4.0,0,34.0,0.0,80.0,1,1,0
6624,24.0,6.0,16.0,1.0,1,49.0,0.0,75.0,0,1,1
6625,43.0,2.0,8.0,5.0,0,365.0,2.0,20.0,1,1,0
6626,61.0,1.0,18.0,5.0,3,103.0,2.0,40.0,0,1,0
6627,21.0,1.0,19.0,1.0,2,6.0,1.0,11.0,0,1,1
6628,69.0,4.0,20.0,1.0,3,6.0,0.0,50.0,1,1,1
6629,43.0,1.0,16.0,5.0,4,117.0,17.0,40.0,1,1,0
6630,72.0,1.0,18.0,5.0,1,6.0,16.0,40.0,0,1,0
6631,38.0,1.0,18.0,5.0,5,137.0,2.0,35.0,0,0,0
6632,77.0,1.0,19.0,1.0,2,49.0,1.0,65.0,1,0,1
6633,49.0,1.0,19.0,5.0,2,49.0,4.0,40.0,0,1,0
6634,35.0,3.0,22.0,1.0,0,18.0,1.0,40.0,0,1,1
6635,71.0,1.0,20.0,5.0,0,49.0,2.0,36.0,1,1,0
6636,71.0,1.0,16.0,3.0,3,49.0,0.0,43.0,0,1,0
6637,65.0,3.0,21.0,1.0,0,49.0,1.0,40.0,1,1,1
6638,86.0,1.0,18.0,3.0,-1,49.0,0.0,50.0,0,1,0
6639,81.0,5.0,22.0,1.0,0,49.0,0.0,65.0,0,1,0
6640,51.0,1.0,19.0,4.0,2,49.0,2.0,40.0,1,1,0
6641,81.0,3.0,20.0,1.0,0,31.0,1.0,40.0,0,1,1
6642,45.0,1.0,20.0,1.0,2,449.0,0.0,5.0,0,1,0
6643,53.0,7.0,19.0,5.0,3,229.0,2.0,25.0,1,1,0
6644,23.0,1.0,19.0,5.0,1,49.0,2.0,36.0,1,1,0
6645,25.0,1.0,21.0,5.0,0,49.0,15.0,40.0,0,1,1
6646,92.0,1.0,22.0,1.0,0,451.0,0.0,50.0,1,1,1
6647,23.0,1.0,16.0,1.0,2,49.0,0.0,40.0,1,1,0
6648,82.0,8.0,16.0,1.0,3,49.0,1.0,20.0,0,1,0
6649,50.0,1.0,19.0,5.0,0,49.0,4.0,29.0,1,1,0
6650,92.0,1.0,22.0,5.0,0,49.0,4.0,29.0,1,1,0
6651,71.0,1.0,7.0,1.0,0,49.0,0.0,40.0,1,1,1
6652,30.0,8.0,19.0,1.0,1,449.0,1.0,16.0,1,1,1
6653,38.0,1.0,21.0,5.0,2,49.0,1.0,6.0,1,0,1
6654,22.0,4.0,21.0,5.0,0,233.0,6.0,40.0,1,1,1
6655,19.0,1.0,22.0,5.0,2,150.0,6.0,91.0,1,1,1
6656,30.0,7.0,16.0,5.0,3,49.0,2.0,40.0,1,1,1
6657,35.0,1.0,16.0,1.0,4,49.0,1.0,80.0,1,1,0
6658,33.0,1.0,21.0,5.0,0,311.0,2.0,60.0,0,1,0
6659,81.0,4.0,21.0,5.0,1,49.0,11.0,22.0,1,1,0
6660,25.0,1.0,19.0,5.0,3,213.0,11.0,40.0,0,1,0
6661,24.0,1.0,19.0,4.0,1,323.0,2.0,72.0,0,1,0
6662,86.0,1.0,21.0,5.0,1,49.0,2.0,59.0,0,1,0
6663,36.0,1.0,16.0,5.0,1,49.0,5.0,46.0,1,1,0
6664,35.0,2.0,15.0,1.0,0,49.0,1.0,45.0,1,1,1
6665,20.0,4.0,20.0,5.0,1,49.0,2.0,40.0,1,1,0
6666,65.0,1.0,21.0,1.0,0,49.0,1.0,40.0,1,1,1
6667,45.0,3.0,21.0,3.0,0,49.0,0.0,45.0,0,1,1
6668,18.0,3.0,18.0,2.0,-1,215.0,0.0,19.0,0,1,0
6669,38.0,5.0,6.0,3.0,0,72.0,0.0,55.0,1,1,1
6670,40.0,1.0,20.0,5.0,0,28.0,2.0,40.0,0,1,0
6671,25.0,1.0,21.0,1.0,0,49.0,1.0,58.0,0,1,1
6672,58.0,4.0,13.0,1.0,1,49.0,1.0,40.0,1,1,0
6673,47.0,4.0,19.0,5.0,1,49.0,2.0,40.0,0,1,0
6674,71.0,7.0,16.0,1.0,4,49.0,0.0,50.0,1,1,1
6675,52.0,2.0,16.0,1.0,2,49.0,1.0,9.0,0,1,0
6676,74.0,3.0,19.0,1.0,0,501.0,1.0,40.0,1,1,1
6677,62.0,6.0,19.0,5.0,1,42.0,2.0,53.0,0,0,0
6678,83.0,2.0,18.0,3.0,3,49.0,0.0,40.0,0,1,1
6679,41.0,1.0,13.0,5.0,0,462.0,0.0,40.0,1,1,1
6680,52.0,1.0,21.0,5.0,0,6.0,3.0,40.0,1,1,0
6681,36.0,1.0,21.0,3.0,5,49.0,0.0,45.0,0,0,0
6682,84.0,1.0,20.0,1.0,1,224.0,2.0,40.0,1,1,1
6683,66.0,7.0,19.0,2.0,1,49.0,0.0,40.0,0,1,0
6684,48.0,1.0,21.0,1.0,2,49.0,0.0,40.0,1,1,1
6685,66.0,1.0,21.0,1.0,0,49.0,0.0,50.0,1,1,1
6686,46.0,1.0,18.0,5.0,4,213.0,8.0,6.0,0,1,0
6687,84.0,1.0,21.0,1.0,0,373.0,0.0,40.0,0,0,1
6688,27.0,1.0,19.0,3.0,0,49.0,0.0,28.0,1,1,1
6689,73.0,1.0,19.0,3.0,2,11.0,16.0,84.0,1,1,0
6690,49.0,1.0,22.0,1.0,0,228.0,0.0,54.0,1,1,1
6691,82.0,3.0,16.0,1.0,3,247.0,0.0,40.0,0,1,0
6692,37.0,1.0,16.0,5.0,2,49.0,8.0,40.0,1,1,0
6693,44.0,3.0,14.0,1.0,0,104.0,0.0,40.0,0,1,1
6694,78.0,1.0,18.0,1.0,0,49.0,0.0,50.0,0,1,1
6695,75.0,1.0,16.0,5.0,3,49.0,3.0,20.0,1,1,0
6696,86.0,1.0,21.0,5.0,0,49.0,2.0,82.0,1,1,1
6697,43.0,1.0,19.0,1.0,1,49.0,1.0,20.0,1,1,0
6698,38.0,2.0,10.0,3.0,0,222.0,7.0,40.0,0,0,0
6699,38.0,1.0,18.0,3.0,3,511.0,0.0,40.0,1,0,1
6700,35.0,1.0,18.0,1.0,4,49.0,0.0,88.0,1,0,0
6701,67.0,1.0,19.0,1.0,0,49.0,0.0,50.0,1,1,1
6702,68.0,1.0,22.0,1.0,0,451.0,0.0,50.0,1,0,1
6703,56.0,8.0,16.0,1.0,3,49.0,1.0,40.0,1,1,1
6704,54.0,2.0,16.0,5.0,2,49.0,9.0,3.0,0,1,0
6705,31.0,1.0,21.0,3.0,0,28.0,0.0,40.0,1,1,1
6706,84.0,1.0,20.0,1.0,2,360.0,0.0,50.0,1,1,1
6707,87.0,1.0,21.0,3.0,0,49.0,0.0,40.0,0,1,0
6708,19.0,1.0,16.0,5.0,3,49.0,5.0,45.0,1,0,1
6709,33.0,1.0,19.0,1.0,4,49.0,0.0,21.0,0,1,1
6710,34.0,1.0,20.0,3.0,2,242.0,0.0,46.0,1,0,1
6711,57.0,1.0,19.0,1.0,4,49.0,0.0,40.0,0,1,1
6712,51.0,1.0,19.0,1.0,2,467.0,0.0,45.0,1,1,1
6713,33.0,3.0,16.0,1.0,3,49.0,0.0,40.0,0,1,0
6714,71.0,1.0,22.0,5.0,0,49.0,0.0,40.0,1,1,0
6715,52.0,1.0,16.0,5.0,4,49.0,2.0,40.0,0,1,0
6716,65.0,1.0,17.0,1.0,1,49.0,0.0,20.0,0,1,0
6717,27.0,4.0,22.0,1.0,0,49.0,2.0,9.0,0,1,1
6718,39.0,6.0,19.0,1.0,2,49.0,1.0,78.0,1,1,1
6719,18.0,3.0,22.0,1.0,0,49.0,0.0,40.0,1,1,1
6720,42.0,1.0,22.0,1.0,0,49.0,0.0,40.0,1,1,1
6721,18.0,1.0,22.0,1.0,0,49.0,0.0,40.0,0,1,0
6722,67.0,4.0,16.0,1.0,2,459.0,0.0,90.0,1,1,1
6723,31.0,1.0,21.0,1.0,0,49.0,1.0,50.0,1,1,1
6724,56.0,1.0,18.0,1.0,-1,49.0,1.0,7.0,1,1,0
6725,61.0,2.0,22.0,1.0,0,6.0,1.0,45.0,1,1,1
6726,63.0,4.0,2.0,1.0,2,49.0,1.0,15.0,1,0,1
6727,41.0,1.0,18.0,1.0,1,10.0,0.0,45.0,1,0,1
6728,64.0,7.0,18.0,1.0,3,368.0,1.0,40.0,0,0,1
6729,18.0,1.0,19.0,1.0,2,160.0,1.0,50.0,1,1,1
6730,66.0,2.0,22.0,2.0,0,323.0,0.0,15.0,1,1,0
6731,50.0,1.0,5.0,1.0,0,33.0,0.0,40.0,1,1,0
6732,33.0,1.0,16.0,1.0,3,49.0,0.0,40.0,1,1,0
6733,60.0,1.0,19.0,1.0,1,49.0,1.0,53.0,0,0,0
6734,84.0,4.0,15.0,1.0,1,49.0,0.0,45.0,0,1,1
6735,66.0,3.0,19.0,5.0,3,49.0,2.0,50.0,0,1,0
6736,81.0,7.0,16.0,3.0,3,49.0,0.0,12.0,1,1,0
6737,47.0,1.0,16.0,1.0,2,49.0,0.0,91.0,0,1,0
6738,25.0,1.0,18.0,1.0,4,49.0,0.0,40.0,0,1,1
6739,63.0,4.0,19.0,1.0,0,49.0,0.0,60.0,0,1,1
6740,73.0,1.0,21.0,1.0,0,231.0,0.0,55.0,0,1,1
6741,38.0,1.0,15.0,5.0,2,49.0,0.0,46.0,0,0,0
6742,47.0,1.0,19.0,5.0,3,49.0,2.0,29.0,1,1,0
6743,56.0,3.0,16.0,1.0,1,459.0,1.0,55.0,0,1,0
6744,82.0,3.0,20.0,1.0,0,467.0,1.0,40.0,1,1,1
6745,17.0,1.0,21.0,1.0,2,49.0,1.0,50.0,0,0,1
6746,35.0,7.0,19.0,1.0,1,49.0,0.0,40.0,0,1,0
6747,76.0,1.0,19.0,1.0,1,137.0,0.0,20.0,1,1,0
6748,56.0,1.0,16.0,5.0,4,49.0,13.0,88.0,1,1,0
6749,21.0,1.0,6.0,5.0,0,6.0,11.0,49.0,1,1,0
6750,80.0,1.0,2.0,1.0,0,25.0,0.0,15.0,1,1,0
6751,46.0,1.0,18.0,1.0,-1,6.0,1.0,50.0,0,1,0
6752,86.0,1.0,16.0,5.0,2,314.0,2.0,44.0,0,1,0
6753,78.0,1.0,16.0,1.0,2,49.0,0.0,40.0,0,1,1
6754,38.0,1.0,21.0,3.0,0,44.0,1.0,40.0,1,1,1
6755,83.0,5.0,21.0,1.0,0,49.0,0.0,40.0,1,1,1
6756,60.0,4.0,21.0,1.0,0,242.0,0.0,13.0,1,1,1
6757,54.0,1.0,16.0,1.0,2,49.0,10.0,20.0,0,1,0
6758,43.0,1.0,2.0,1.0,0,49.0,1.0,2.0,1,1,0
6759,92.0,1.0,4.0,1.0,0,49.0,1.0,40.0,0,1,1
6760,26.0,1.0,19.0,1.0,2,49.0,1.0,40.0,0,1,0
6761,63.0,1.0,17.0,5.0,1,49.0,2.0,3.0,1,1,0
6762,86.0,3.0,21.0,1.0,0,49.0,0.0,20.0,1,1,0
6763,21.0,1.0,21.0,1.0,0,110.0,1.0,72.0,0,1,1
6764,58.0,1.0,11.0,5.0,0,49.0,10.0,40.0,1,1,0
6765,69.0,3.0,15.0,1.0,0,49.0,0.0,40.0,1,1,1
6766,61.0,1.0,22.0,3.0,2,243.0,0.0,90.0,0,1,0
6767,83.0,1.0,21.0,5.0,0,469.0,12.0,54.0,0,1,0
6768,47.0,3.0,22.0,3.0,0,6.0,0.0,45.0,1,1,1
6769,70.0,1.0,21.0,3.0,0,49.0,9.0,40.0,0,1,0
6770,49.0,4.0,2.0,1.0,0,49.0,1.0,65.0,0,1,1
6771,44.0,1.0,21.0,1.0,0,329.0,1.0,40.0,1,1,1
6772,69.0,1.0,18.0,1.0,3,160.0,0.0,45.0,0,1,1
6773,27.0,1.0,9.0,1.0,1,49.0,0.0,40.0,1,1,1
6774,18.0,1.0,22.0,1.0,2,45.0,0.0,15.0,0,1,0
6775,43.0,1.0,16.0,5.0,2,49.0,14.0,12.0,1,1,0
6776,51.0,1.0,21.0,5.0,0,49.0,1.0,99.0,1,1,0
6777,86.0,1.0,18.0,5.0,2,6.0,9.0,20.0,1,1,0
6778,21.0,5.0,18.0,1.0,1,72.0,1.0,6.0,1,1,0
6779,26.0,3.0,22.0,1.0,0,4.0,0.0,16.0,0,0,1
6780,86.0,1.0,19.0,4.0,2,49.0,0.0,20.0,1,1,0
6781,34.0,1.0,19.0,2.0,4,29.0,0.0,15.0,1,1,0
6782,20.0,1.0,21.0,5.0,0,49.0,6.0,40.0,1,1,0
6783,83.0,1.0,21.0,1.0,0,449.0,0.0,48.0,0,1,1
6784,20.0,3.0,22.0,5.0,0,49.0,0.0,40.0,0,1,0
6785,20.0,1.0,20.0,5.0,0,49.0,2.0,68.0,0,1,0
6786,47.0,4.0,20.0,1.0,1,249.0,1.0,28.0,0,1,0
6787,84.0,1.0,16.0,1.0,3,6.0,1.0,90.0,1,1,1
6788,69.0,1.0,19.0,1.0,2,6.0,0.0,40.0,1,1,0
6789,32.0,1.0,19.0,1.0,3,6.0,0.0,46.0,1,1,0
6790,72.0,1.0,19.0,1.0,2,6.0,0.0,40.0,1,1,1
6791,47.0,1.0,16.0,1.0,4,49.0,1.0,40.0,0,1,1
6792,44.0,1.0,18.0,1.0,0,49.0,1.0,20.0,0,1,1
6793,45.0,1.0,16.0,5.0,2,164.0,14.0,40.0,1,1,0
6794,40.0,2.0,22.0,1.0,0,49.0,0.0,50.0,1,1,1
6795,71.0,2.0,19.0,5.0,0,49.0,2.0,41.0,0,1,1
6796,34.0,1.0,16.0,1.0,1,49.0,1.0,40.0,1,1,1
6797,27.0,1.0,12.0,1.0,0,49.0,1.0,40.0,0,1,1
6798,60.0,1.0,20.0,5.0,1,29.0,0.0,31.0,1,1,0
6799,21.0,1.0,16.0,3.0,4,119.0,0.0,40.0,0,1,1
6800,23.0,1.0,19.0,1.0,2,49.0,1.0,12.0,1,1,0
6801,65.0,1.0,10.0,1.0,0,49.0,1.0,19.0,1,1,1
6802,19.0,1.0,19.0,3.0,0,138.0,0.0,40.0,0,1,1
6803,50.0,1.0,16.0,5.0,2,6.0,6.0,40.0,0,1,0
6804,87.0,8.0,18.0,1.0,4,49.0,0.0,40.0,0,1,1
6805,49.0,7.0,16.0,3.0,4,49.0,0.0,70.0,0,1,0
6806,46.0,3.0,24.0,1.0,0,49.0,0.0,40.0,0,1,1
6807,53.0,4.0,20.0,1.0,0,49.0,0.0,40.0,1,1,1
6808,68.0,1.0,16.0,1.0,3,49.0,1.0,40.0,0,1,1
6809,20.0,1.0,21.0,5.0,-1,49.0,9.0,40.0,0,1,0
6810,61.0,1.0,19.0,1.0,0,243.0,0.0,40.0,1,1,1
6811,43.0,1.0,22.0,5.0,0,49.0,4.0,40.0,0,1,0
6812,65.0,1.0,16.0,1.0,3,6.0,0.0,50.0,1,1,1
6813,62.0,1.0,22.0,1.0,2,235.0,1.0,40.0,1,1,1
6814,79.0,1.0,21.0,1.0,1,49.0,1.0,45.0,1,1,1
6815,71.0,1.0,19.0,1.0,0,49.0,1.0,51.0,1,0,1
6816,81.0,1.0,20.0,5.0,2,49.0,2.0,50.0,0,1,1
6817,80.0,1.0,20.0,1.0,3,49.0,1.0,40.0,0,1,1
6818,44.0,4.0,7.0,1.0,-1,51.0,1.0,50.0,1,1,0
6819,55.0,1.0,18.0,1.0,0,49.0,1.0,16.0,1,1,0
6820,21.0,1.0,16.0,1.0,2,1.0,1.0,85.0,0,1,0
6821,70.0,1.0,1.0,5.0,1,449.0,2.0,16.0,0,1,0
6822,38.0,1.0,22.0,3.0,0,49.0,14.0,31.0,0,0,0
6823,83.0,3.0,21.0,1.0,0,49.0,1.0,48.0,1,1,1
6824,28.0,2.0,21.0,5.0,2,49.0,6.0,8.0,0,1,0
6825,25.0,4.0,18.0,1.0,2,49.0,1.0,40.0,0,1,0
6826,44.0,2.0,21.0,1.0,0,51.0,0.0,20.0,1,1,1
6827,49.0,4.0,20.0,1.0,1,247.0,1.0,22.0,1,1,0
6828,38.0,2.0,20.0,3.0,0,49.0,0.0,80.0,0,1,0
6829,68.0,1.0,16.0,1.0,1,160.0,2.0,44.0,0,1,0
6830,77.0,1.0,21.0,1.0,2,49.0,1.0,50.0,1,1,1
6831,55.0,6.0,21.0,1.0,0,49.0,1.0,40.0,1,1,1
6832,41.0,7.0,16.0,5.0,3,37.0,2.0,18.0,0,1,0
6833,27.0,4.0,21.0,1.0,0,148.0,1.0,40.0,1,0,1
6834,26.0,1.0,10.0,5.0,2,49.0,7.0,28.0,0,1,0
6835,78.0,3.0,16.0,1.0,3,1.0,1.0,50.0,1,1,0
6836,50.0,1.0,15.0,1.0,0,49.0,0.0,45.0,0,1,1
6837,45.0,1.0,2.0,1.0,0,132.0,0.0,40.0,1,1,1
6838,59.0,1.0,16.0,1.0,4,49.0,1.0,2.0,0,1,0
6839,61.0,1.0,21.0,1.0,0,49.0,0.0,40.0,1,1,0
6840,38.0,7.0,21.0,3.0,1,49.0,0.0,37.0,0,0,0
6841,25.0,1.0,13.0,1.0,2,49.0,1.0,57.0,0,1,0
6842,22.0,4.0,20.0,1.0,2,6.0,0.0,43.0,1,1,1
6843,79.0,1.0,16.0,1.0,2,49.0,0.0,1.0,1,1,1
6844,21.0,1.0,16.0,1.0,3,6.0,0.0,16.0,1,1,0
6845,82.0,5.0,16.0,1.0,1,49.0,0.0,40.0,1,1,0
6846,77.0,4.0,22.0,1.0,2,49.0,0.0,78.0,1,1,0
6847,84.0,1.0,19.0,1.0,0,136.0,0.0,40.0,0,1,1
6848,28.0,1.0,18.0,5.0,1,31.0,13.0,78.0,0,1,0
6849,42.0,1.0,16.0,1.0,4,469.0,1.0,40.0,0,1,0
6850,26.0,1.0,16.0,1.0,3,49.0,1.0,14.0,0,1,0
6851,45.0,1.0,19.0,1.0,1,137.0,0.0,45.0,1,1,1
6852,81.0,3.0,20.0,1.0,0,6.0,1.0,20.0,0,1,0
6853,26.0,2.0,16.0,1.0,3,49.0,0.0,40.0,1,1,1
6854,67.0,1.0,16.0,1.0,4,49.0,1.0,24.0,1,1,1
6855,42.0,1.0,20.0,1.0,3,49.0,0.0,50.0,1,1,1
6856,78.0,2.0,19.0,5.0,3,49.0,2.0,40.0,0,1,0
6857,18.0,2.0,22.0,1.0,0,41.0,1.0,50.0,1,1,1
6858,51.0,1.0,21.0,3.0,0,49.0,0.0,40.0,1,1,1
6859,29.0,1.0,18.0,5.0,4,12.0,0.0,50.0,1,1,1
6860,64.0,6.0,19.0,5.0,3,49.0,12.0,40.0,0,1,1
6861,26.0,2.0,21.0,1.0,0,49.0,0.0,45.0,1,1,1
6862,28.0,1.0,6.0,5.0,0,13.0,15.0,82.0,0,1,0
6863,38.0,1.0,16.0,3.0,1,49.0,0.0,39.0,0,1,1
6864,56.0,3.0,21.0,1.0,0,34.0,0.0,40.0,0,1,1
6865,28.0,7.0,21.0,1.0,5,49.0,1.0,20.0,1,1,0
6866,31.0,2.0,22.0,1.0,0,33.0,1.0,40.0,0,1,0
6867,17.0,1.0,19.0,1.0,2,231.0,0.0,10.0,1,1,1
6868,34.0,1.0,22.0,4.0,2,49.0,0.0,48.0,1,1,0
6869,67.0,3.0,19.0,1.0,3,18.0,0.0,90.0,1,1,1
6870,48.0,1.0,16.0,5.0,4,49.0,2.0,20.0,1,1,0
6871,38.0,6.0,21.0,3.0,0,49.0,0.0,40.0,0,1,1
6872,83.0,1.0,21.0,1.0,0,315.0,0.0,40.0,0,1,1
6873,83.0,1.0,20.0,5.0,3,523.0,0.0,5.0,1,1,0
6874,31.0,1.0,21.0,3.0,0,303.0,0.0,62.0,0,1,1
6875,34.0,4.0,21.0,5.0,0,49.0,2.0,85.0,0,1,1
6876,60.0,1.0,21.0,1.0,0,49.0,2.0,78.0,0,1,0
6877,62.0,1.0,16.0,5.0,3,49.0,0.0,40.0,1,1,1
6878,29.0,1.0,18.0,5.0,0,49.0,2.0,3.0,1,1,1
6879,39.0,1.0,22.0,5.0,2,13.0,2.0,24.0,0,1,0
6880,54.0,3.0,21.0,3.0,1,6.0,0.0,30.0,0,1,0
6881,24.0,2.0,19.0,1.0,3,49.0,1.0,23.0,0,1,0
6882,84.0,1.0,18.0,1.0,4,49.0,0.0,40.0,1,1,1
6883,33.0,4.0,20.0,5.0,1,49.0,17.0,20.0,0,1,0
6884,68.0,1.0,16.0,5.0,2,49.0,2.0,40.0,1,1,1
6885,49.0,1.0,20.0,1.0,0,49.0,1.0,40.0,0,1,1
6886,80.0,8.0,20.0,3.0,3,49.0,0.0,53.0,0,1,0
6887,54.0,1.0,22.0,5.0,0,49.0,2.0,40.0,0,1,0
6888,32.0,1.0,18.0,5.0,3,49.0,2.0,49.0,0,1,0
6889,45.0,1.0,7.0,1.0,1,49.0,1.0,72.0,0,1,0
6890,87.0,1.0,24.0,5.0,1,56.0,2.0,20.0,0,1,0
6891,23.0,1.0,22.0,1.0,0,49.0,0.0,20.0,0,1,0
6892,55.0,1.0,19.0,5.0,4,138.0,1.0,84.0,0,1,0
6893,71.0,2.0,21.0,3.0,0,132.0,0.0,40.0,1,1,1
6894,68.0,1.0,19.0,1.0,1,49.0,0.0,50.0,1,1,0
6895,48.0,1.0,20.0,1.0,2,49.0,2.0,20.0,0,1,0
6896,20.0,1.0,16.0,5.0,4,49.0,7.0,40.0,1,1,1
6897,81.0,1.0,22.0,1.0,0,41.0,0.0,40.0,1,1,1
6898,78.0,2.0,19.0,2.0,0,49.0,0.0,20.0,1,1,0
6899,73.0,1.0,19.0,5.0,4,49.0,0.0,14.0,0,1,0
6900,71.0,1.0,21.0,1.0,1,49.0,0.0,60.0,1,1,0
6901,48.0,7.0,21.0,1.0,-1,49.0,1.0,50.0,0,1,0
6902,21.0,1.0,21.0,5.0,-1,6.0,0.0,60.0,0,1,0
6903,21.0,1.0,16.0,1.0,2,6.0,0.0,99.0,0,1,1
6904,75.0,1.0,13.0,1.0,4,49.0,12.0,20.0,1,1,0
6905,64.0,2.0,21.0,5.0,0,49.0,1.0,45.0,0,1,1
6906,21.0,3.0,20.0,1.0,0,313.0,0.0,50.0,0,1,1
6907,21.0,1.0,19.0,1.0,2,449.0,1.0,40.0,0,1,1
6908,26.0,1.0,21.0,5.0,1,6.0,7.0,40.0,1,1,0
6909,41.0,1.0,20.0,5.0,2,327.0,2.0,50.0,0,1,1
6910,21.0,3.0,21.0,1.0,0,6.0,1.0,40.0,0,1,1
6911,80.0,1.0,16.0,2.0,1,6.0,0.0,40.0,0,1,0
6912,79.0,8.0,19.0,1.0,0,5.0,1.0,45.0,0,1,1
6913,53.0,1.0,21.0,5.0,0,25.0,6.0,12.0,0,1,0
6914,49.0,1.0,18.0,5.0,5,49.0,5.0,40.0,0,1,0
6915,65.0,3.0,10.0,4.0,0,49.0,0.0,20.0,0,1,0
6916,52.0,1.0,19.0,5.0,1,49.0,2.0,90.0,1,1,0
6917,57.0,1.0,18.0,5.0,1,49.0,2.0,40.0,0,1,0
6918,65.0,2.0,21.0,1.0,2,105.0,0.0,46.0,1,1,1
6919,38.0,1.0,19.0,3.0,2,372.0,0.0,40.0,0,0,0
6920,84.0,1.0,18.0,5.0,1,49.0,0.0,34.0,1,1,0
6921,71.0,1.0,21.0,3.0,0,49.0,0.0,40.0,0,1,1
6922,81.0,4.0,19.0,1.0,0,49.0,1.0,45.0,1,1,1
6923,58.0,1.0,19.0,1.0,1,49.0,1.0,6.0,1,1,0
6924,80.0,1.0,19.0,1.0,1,49.0,3.0,11.0,0,1,0
6925,27.0,3.0,21.0,1.0,0,21.0,1.0,40.0,1,1,1
6926,56.0,2.0,22.0,1.0,0,49.0,1.0,1.0,0,1,1
6927,25.0,7.0,18.0,1.0,-1,436.0,1.0,15.0,0,1,0
6928,21.0,6.0,21.0,1.0,0,158.0,1.0,36.0,0,1,1
6929,17.0,3.0,24.0,1.0,-1,49.0,0.0,20.0,0,1,0
6930,21.0,1.0,21.0,1.0,0,49.0,0.0,34.0,1,1,1
6931,64.0,1.0,21.0,1.0,2,6.0,0.0,40.0,0,1,0
6932,61.0,4.0,22.0,5.0,2,49.0,0.0,50.0,0,1,1
6933,64.0,1.0,16.0,1.0,4,233.0,0.0,20.0,0,1,0
6934,44.0,1.0,21.0,1.0,0,49.0,0.0,40.0,1,1,1
6935,33.0,1.0,16.0,1.0,3,49.0,0.0,40.0,0,1,1
6936,30.0,1.0,16.0,5.0,4,49.0,6.0,44.0,0,1,0
6937,79.0,1.0,20.0,1.0,0,106.0,0.0,45.0,1,0,1
6938,21.0,4.0,20.0,1.0,0,49.0,1.0,40.0,0,1,1
6939,45.0,7.0,16.0,5.0,4,49.0,17.0,20.0,0,1,0
6940,61.0,5.0,19.0,1.0,3,106.0,1.0,40.0,0,1,1
6941,26.0,1.0,16.0,1.0,4,49.0,2.0,40.0,1,1,1
6942,20.0,1.0,20.0,5.0,0,49.0,2.0,39.0,0,1,1
6943,68.0,1.0,20.0,1.0,0,49.0,1.0,40.0,1,0,1
6944,56.0,1.0,22.0,1.0,2,49.0,0.0,40.0,0,1,0
6945,78.0,1.0,20.0,1.0,3,49.0,1.0,12.0,0,1,0
6946,20.0,7.0,7.0,1.0,4,49.0,1.0,33.0,0,1,1
6947,24.0,1.0,18.0,1.0,4,49.0,0.0,40.0,1,1,1
6948,76.0,1.0,19.0,1.0,1,373.0,0.0,40.0,0,1,1
6949,32.0,3.0,21.0,5.0,0,6.0,1.0,42.0,1,1,0
6950,17.0,7.0,16.0,1.0,3,150.0,0.0,16.0,1,1,1
6951,82.0,1.0,22.0,1.0,0,49.0,5.0,40.0,0,1,1
6952,52.0,1.0,21.0,1.0,1,49.0,1.0,20.0,1,1,0
6953,81.0,1.0,19.0,1.0,0,49.0,0.0,75.0,0,1,1
6954,24.0,8.0,21.0,1.0,0,137.0,1.0,7.0,0,1,1
6955,22.0,1.0,21.0,5.0,-1,49.0,0.0,13.0,0,0,0
6956,35.0,1.0,19.0,1.0,3,16.0,0.0,40.0,1,1,1
6957,82.0,4.0,16.0,1.0,2,49.0,0.0,46.0,0,1,1
6958,31.0,2.0,16.0,5.0,2,49.0,15.0,20.0,1,1,0
6959,84.0,1.0,21.0,5.0,0,49.0,0.0,40.0,0,1,1
6960,59.0,1.0,21.0,5.0,2,49.0,1.0,40.0,1,1,1
6961,38.0,1.0,16.0,5.0,3,49.0,2.0,40.0,0,0,0
6962,36.0,4.0,21.0,1.0,0,49.0,0.0,45.0,1,1,1
6963,30.0,1.0,22.0,1.0,2,217.0,1.0,50.0,1,0,1
6964,56.0,1.0,9.0,5.0,1,228.0,2.0,29.0,0,1,0
6965,37.0,1.0,18.0,1.0,0,21.0,0.0,49.0,1,1,1
6966,57.0,1.0,21.0,1.0,0,6.0,1.0,40.0,0,1,1
6967,37.0,1.0,22.0,1.0,0,49.0,0.0,38.0,0,1,1
6968,54.0,1.0,16.0,1.0,2,365.0,2.0,40.0,1,1,1
6969,68.0,1.0,16.0,1.0,4,6.0,1.0,22.0,1,1,1
6970,20.0,1.0,11.0,1.0,0,49.0,1.0,32.0,1,1,1
6971,44.0,1.0,20.0,1.0,2,10.0,1.0,40.0,1,1,1
6972,67.0,1.0,16.0,1.0,4,448.0,1.0,40.0,1,1,1
6973,21.0,1.0,21.0,1.0,2,49.0,1.0,85.0,0,1,0
6974,17.0,1.0,1.0,1.0,4,49.0,0.0,7.0,0,1,0
6975,59.0,1.0,16.0,1.0,4,323.0,1.0,50.0,1,1,1
6976,30.0,4.0,21.0,1.0,2,49.0,0.0,50.0,1,1,1
6977,57.0,1.0,14.0,1.0,2,6.0,0.0,40.0,1,1,1
6978,70.0,1.0,19.0,5.0,2,49.0,1.0,20.0,0,1,0
6979,19.0,8.0,19.0,1.0,4,51.0,1.0,40.0,1,1,0
6980,38.0,1.0,19.0,3.0,4,416.0,0.0,52.0,1,0,1
6981,32.0,1.0,18.0,1.0,1,49.0,0.0,26.0,0,1,0
6982,67.0,1.0,19.0,1.0,3,49.0,1.0,42.0,1,1,0
6983,66.0,1.0,21.0,1.0,0,49.0,1.0,40.0,0,1,0
6984,74.0,2.0,16.0,1.0,2,49.0,0.0,50.0,1,0,1
6985,64.0,1.0,19.0,1.0,3,448.0,1.0,50.0,0,1,1
6986,92.0,1.0,21.0,5.0,1,49.0,12.0,72.0,0,1,0
6987,31.0,1.0,4.0,1.0,0,1.0,7.0,31.0,1,1,1
6988,21.0,1.0,19.0,1.0,1,49.0,0.0,50.0,0,1,1
6989,29.0,4.0,22.0,3.0,0,49.0,0.0,20.0,1,1,0
6990,17.0,1.0,19.0,5.0,1,55.0,6.0,40.0,0,1,0
6991,20.0,1.0,18.0,5.0,4,49.0,0.0,56.0,1,1,0
6992,47.0,1.0,19.0,1.0,3,210.0,0.0,72.0,1,1,1
6993,53.0,1.0,20.0,1.0,2,49.0,1.0,45.0,0,1,1
6994,47.0,1.0,16.0,5.0,4,4.0,0.0,14.0,0,1,0
6995,69.0,1.0,16.0,5.0,3,49.0,5.0,40.0,1,1,1
6996,43.0,1.0,18.0,1.0,1,49.0,1.0,2.0,1,1,0
6997,82.0,1.0,20.0,3.0,3,27.0,0.0,16.0,0,1,0
6998,40.0,1.0,20.0,4.0,0,13.0,0.0,82.0,0,1,0
6999,54.0,1.0,18.0,1.0,3,49.0,0.0,47.0,1,1,0
7000,30.0,3.0,20.0,1.0,0,372.0,0.0,34.0,0,1,1
7001,29.0,1.0,19.0,5.0,2,49.0,2.0,60.0,0,1,0
7002,84.0,1.0,22.0,1.0,2,6.0,0.0,40.0,1,1,1
7003,79.0,1.0,20.0,1.0,0,49.0,2.0,40.0,0,1,1
7004,52.0,2.0,19.0,1.0,0,6.0,1.0,40.0,1,1,1
7005,56.0,1.0,19.0,1.0,4,49.0,0.0,20.0,1,0,1
7006,21.0,3.0,19.0,3.0,0,49.0,0.0,40.0,1,1,1
7007,38.0,1.0,16.0,5.0,2,332.0,0.0,45.0,1,0,0
7008,65.0,3.0,19.0,1.0,3,49.0,1.0,17.0,1,1,1
7009,24.0,1.0,21.0,5.0,1,49.0,1.0,37.0,1,1,0
7010,74.0,8.0,18.0,1.0,1,6.0,1.0,34.0,0,1,0
7011,52.0,1.0,18.0,1.0,0,66.0,0.0,20.0,1,1,0
7012,86.0,1.0,21.0,1.0,0,228.0,2.0,7.0,0,1,1
7013,38.0,4.0,22.0,3.0,0,132.0,0.0,40.0,1,0,1
7014,74.0,1.0,16.0,1.0,2,206.0,0.0,40.0,0,1,1
7015,49.0,1.0,19.0,1.0,3,229.0,0.0,40.0,1,1,1
7016,64.0,1.0,13.0,5.0,1,49.0,0.0,40.0,0,1,0
7017,23.0,5.0,20.0,1.0,1,49.0,1.0,40.0,1,1,1
7018,83.0,3.0,21.0,1.0,0,117.0,1.0,75.0,0,1,1
7019,31.0,2.0,19.0,4.0,0,8.0,0.0,75.0,0,1,0
7020,57.0,1.0,21.0,1.0,2,49.0,0.0,40.0,0,0,1
7021,79.0,1.0,16.0,5.0,2,49.0,12.0,55.0,0,1,0
7022,82.0,1.0,19.0,1.0,4,10.0,1.0,40.0,1,1,1
7023,19.0,1.0,20.0,5.0,0,17.0,7.0,12.0,1,0,0
7024,51.0,1.0,16.0,1.0,4,6.0,0.0,40.0,1,1,0
7025,57.0,6.0,14.0,1.0,1,6.0,0.0,29.0,1,1,0
7026,83.0,1.0,16.0,3.0,2,49.0,0.0,40.0,0,1,0
7027,37.0,4.0,22.0,1.0,0,49.0,2.0,40.0,1,1,1
7028,29.0,1.0,18.0,1.0,3,49.0,0.0,38.0,0,1,0
7029,81.0,5.0,16.0,5.0,3,6.0,12.0,40.0,1,1,0
7030,21.0,4.0,15.0,3.0,0,6.0,0.0,40.0,0,1,1
7031,73.0,1.0,16.0,5.0,4,66.0,2.0,40.0,0,1,0
7032,25.0,4.0,20.0,5.0,1,49.0,5.0,45.0,0,1,0
7033,28.0,1.0,19.0,5.0,2,49.0,2.0,40.0,1,1,0
7034,20.0,1.0,21.0,5.0,2,49.0,8.0,40.0,0,1,0
7035,82.0,4.0,19.0,1.0,0,215.0,1.0,40.0,1,1,1
7036,20.0,1.0,21.0,5.0,1,49.0,0.0,99.0,0,1,0
7037,17.0,1.0,22.0,1.0,0,459.0,0.0,40.0,0,1,1
7038,20.0,4.0,19.0,1.0,2,49.0,5.0,40.0,0,1,1
7039,78.0,1.0,22.0,1.0,0,49.0,0.0,50.0,0,1,0
7040,33.0,3.0,1.0,1.0,4,51.0,0.0,40.0,1,1,1
7041,70.0,1.0,21.0,1.0,0,49.0,0.0,91.0,1,1,1
7042,25.0,1.0,21.0,5.0,1,49.0,0.0,40.0,1,1,0
7043,17.0,3.0,19.0,5.0,-1,49.0,10.0,75.0,0,1,0
7044,57.0,1.0,16.0,1.0,4,49.0,1.0,99.0,1,1,1
7045,58.0,1.0,16.0,1.0,1,49.0,2.0,52.0,0,1,0
7046,86.0,2.0,19.0,1.0,2,217.0,7.0,40.0,1,1,1
7047,69.0,3.0,20.0,1.0,0,6.0,1.0,6.0,1,0,0
7048,46.0,1.0,17.0,1.0,0,6.0,0.0,32.0,1,1,1
7049,26.0,1.0,20.0,1.0,0,370.0,0.0,40.0,1,1,1
7050,27.0,1.0,19.0,1.0,0,49.0,15.0,40.0,1,1,1
7051,27.0,1.0,16.0,1.0,3,49.0,1.0,40.0,1,1,1
7052,36.0,1.0,12.0,1.0,0,49.0,0.0,40.0,1,1,1
7053,25.0,1.0,16.0,1.0,4,10.0,1.0,40.0,1,1,1
7054,35.0,2.0,21.0,1.0,0,49.0,0.0,46.0,0,1,0
7055,86.0,1.0,19.0,1.0,1,49.0,1.0,22.0,1,1,0
7056,58.0,1.0,17.0,1.0,2,49.0,0.0,40.0,0,1,0
7057,31.0,1.0,13.0,1.0,0,49.0,0.0,50.0,1,1,1
7058,73.0,4.0,16.0,1.0,2,49.0,1.0,20.0,1,1,0
7059,46.0,7.0,21.0,5.0,5,49.0,0.0,52.0,0,0,0
7060,56.0,8.0,20.0,1.0,0,49.0,0.0,20.0,1,1,0
7061,38.0,1.0,16.0,3.0,1,49.0,0.0,21.0,1,0,1
7062,67.0,1.0,19.0,5.0,4,49.0,1.0,91.0,1,1,0
7063,66.0,1.0,18.0,5.0,4,127.0,0.0,90.0,1,1,0
7064,68.0,1.0,16.0,1.0,1,49.0,2.0,4.0,0,0,0
7065,50.0,1.0,19.0,1.0,3,49.0,1.0,40.0,0,1,1
7066,25.0,7.0,16.0,1.0,4,49.0,0.0,40.0,1,1,1
7067,21.0,3.0,16.0,1.0,3,6.0,0.0,50.0,1,1,1
7068,43.0,1.0,16.0,1.0,3,49.0,1.0,37.0,1,1,0
7069,29.0,1.0,20.0,3.0,2,427.0,0.0,40.0,1,1,1
7070,40.0,1.0,19.0,5.0,2,49.0,10.0,40.0,0,1,0
7071,82.0,4.0,19.0,1.0,1,45.0,1.0,41.0,0,1,0
7072,30.0,1.0,22.0,1.0,0,527.0,0.0,40.0,0,1,1
7073,17.0,1.0,21.0,5.0,2,49.0,2.0,40.0,1,1,0
7074,32.0,1.0,16.0,1.0,4,442.0,1.0,40.0,0,1,0
7075,27.0,1.0,20.0,1.0,0,6.0,1.0,33.0,1,1,1
7076,77.0,1.0,16.0,5.0,3,436.0,4.0,40.0,1,1,0
7077,36.0,1.0,16.0,5.0,2,35.0,15.0,16.0,1,0,0
7078,21.0,1.0,21.0,5.0,2,207.0,4.0,20.0,0,1,0
7079,43.0,2.0,16.0,1.0,3,49.0,1.0,40.0,0,1,1
7080,77.0,4.0,21.0,1.0,1,46.0,0.0,57.0,1,0,1
7081,54.0,1.0,19.0,5.0,4,49.0,1.0,11.0,0,1,0
7082,68.0,1.0,22.0,1.0,0,35.0,0.0,20.0,0,1,0
7083,19.0,8.0,1.0,1.0,1,49.0,1.0,91.0,0,0,0
7084,71.0,3.0,19.0,1.0,1,49.0,0.0,40.0,1,1,1
7085,27.0,1.0,19.0,2.0,0,49.0,0.0,20.0,0,1,0
7086,65.0,1.0,21.0,1.0,1,238.0,0.0,40.0,0,1,0
7087,46.0,1.0,18.0,5.0,0,1.0,2.0,50.0,1,1,1
7088,45.0,1.0,21.0,1.0,0,36.0,1.0,50.0,1,1,1
7089,41.0,1.0,16.0,5.0,3,35.0,2.0,40.0,0,1,0
7090,43.0,1.0,16.0,5.0,2,49.0,2.0,40.0,0,1,1
7091,50.0,1.0,21.0,1.0,0,6.0,1.0,43.0,1,1,1
7092,30.0,1.0,21.0,1.0,0,49.0,1.0,40.0,0,1,0
7093,74.0,3.0,16.0,1.0,3,205.0,1.0,50.0,0,1,1
7094,92.0,8.0,22.0,1.0,0,150.0,0.0,40.0,1,1,1
7095,33.0,1.0,5.0,1.0,4,368.0,0.0,50.0,0,1,1
7096,78.0,2.0,20.0,1.0,2,49.0,0.0,20.0,1,1,0
7097,40.0,1.0,18.0,1.0,2,28.0,0.0,40.0,0,0,1
7098,45.0,1.0,20.0,1.0,1,511.0,1.0,30.0,1,1,0
7099,48.0,2.0,16.0,5.0,3,150.0,16.0,40.0,0,1,0
7100,49.0,1.0,18.0,1.0,1,365.0,1.0,40.0,0,1,1
7101,21.0,8.0,22.0,1.0,0,6.0,0.0,40.0,1,1,1
7102,38.0,6.0,2.0,3.0,1,49.0,0.0,40.0,0,1,1
7103,73.0,1.0,4.0,1.0,0,6.0,1.0,40.0,1,1,1
7104,56.0,3.0,20.0,1.0,0,49.0,0.0,40.0,1,1,1
7105,31.0,1.0,21.0,1.0,0,49.0,0.0,40.0,0,1,1
7106,66.0,1.0,21.0,3.0,2,414.0,0.0,40.0,1,1,1
7107,72.0,1.0,19.0,1.0,0,372.0,0.0,40.0,1,1,1
7108,22.0,1.0,16.0,1.0,4,49.0,1.0,60.0,0,1,0
7109,52.0,1.0,18.0,1.0,1,315.0,2.0,50.0,1,1,1
7110,34.0,1.0,22.0,1.0,0,245.0,1.0,40.0,0,1,1
7111,53.0,1.0,16.0,1.0,4,49.0,12.0,40.0,1,1,1
7112,44.0,4.0,21.0,1.0,0,49.0,2.0,40.0,1,1,1
7113,21.0,3.0,18.0,3.0,0,6.0,1.0,40.0,0,1,0
7114,26.0,1.0,20.0,1.0,0,49.0,0.0,40.0,0,1,1
7115,84.0,1.0,20.0,5.0,1,49.0,2.0,3.0,1,1,0
7116,35.0,1.0,19.0,1.0,1,49.0,0.0,26.0,0,1,0
7117,44.0,3.0,23.0,5.0,4,49.0,5.0,40.0,0,1,0
7118,92.0,6.0,21.0,5.0,1,49.0,2.0,20.0,0,1,0
7119,76.0,1.0,16.0,1.0,2,49.0,1.0,40.0,1,1,1
7120,86.0,1.0,19.0,1.0,3,440.0,0.0,50.0,0,1,1
7121,56.0,1.0,16.0,1.0,4,48.0,0.0,1.0,0,1,0
7122,80.0,5.0,18.0,4.0,4,18.0,0.0,99.0,1,1,0
7123,41.0,3.0,4.0,3.0,0,23.0,0.0,40.0,0,1,1
7124,62.0,1.0,18.0,1.0,4,20.0,0.0,40.0,1,1,1
7125,26.0,1.0,19.0,1.0,4,49.0,0.0,40.0,0,1,1
7126,21.0,1.0,21.0,1.0,1,365.0,1.0,40.0,0,1,0
7127,38.0,1.0,19.0,3.0,1,21.0,0.0,43.0,1,1,0
7128,25.0,1.0,5.0,5.0,0,313.0,8.0,56.0,1,1,0
7129,43.0,1.0,19.0,5.0,4,49.0,2.0,20.0,1,1,0
7130,19.0,2.0,19.0,1.0,3,449.0,0.0,20.0,1,1,0
7131,28.0,2.0,18.0,5.0,0,41.0,2.0,40.0,0,1,0
7132,57.0,1.0,19.0,5.0,3,49.0,2.0,20.0,1,1,0
7133,38.0,1.0,22.0,5.0,0,49.0,2.0,20.0,1,1,0
7134,28.0,1.0,21.0,1.0,0,49.0,1.0,8.0,1,1,1
7135,47.0,1.0,20.0,5.0,2,49.0,7.0,40.0,1,1,1
7136,59.0,1.0,20.0,1.0,1,49.0,1.0,10.0,1,1,0
7137,46.0,1.0,19.0,1.0,2,49.0,0.0,40.0,1,1,1
7138,84.0,1.0,12.0,4.0,1,213.0,0.0,18.0,1,1,0
7139,60.0,2.0,21.0,1.0,2,9.0,1.0,3.0,0,1,0
7140,77.0,1.0,19.0,5.0,1,49.0,3.0,5.0,0,0,0
7141,69.0,7.0,20.0,5.0,1,48.0,2.0,25.0,1,1,0
7142,39.0,1.0,19.0,5.0,0,49.0,8.0,20.0,1,1,1
7143,21.0,1.0,16.0,1.0,4,6.0,0.0,88.0,1,1,1
7144,75.0,6.0,21.0,1.0,1,451.0,1.0,40.0,0,1,0
7145,20.0,1.0,18.0,5.0,2,49.0,2.0,20.0,1,1,0
7146,57.0,1.0,16.0,1.0,4,362.0,1.0,40.0,0,1,1
7147,76.0,1.0,19.0,1.0,3,45.0,1.0,40.0,1,1,0
7148,20.0,3.0,20.0,1.0,0,49.0,1.0,40.0,1,1,1
7149,35.0,4.0,23.0,1.0,-1,448.0,1.0,17.0,0,1,0
7150,84.0,1.0,9.0,5.0,4,49.0,2.0,20.0,0,1,0
7151,18.0,3.0,16.0,5.0,1,6.0,2.0,40.0,1,1,0
7152,72.0,1.0,21.0,1.0,0,49.0,0.0,24.0,0,1,0
7153,21.0,1.0,19.0,1.0,2,6.0,1.0,40.0,0,1,0
7154,68.0,8.0,16.0,1.0,1,49.0,1.0,40.0,1,1,0
7155,65.0,1.0,21.0,1.0,2,303.0,1.0,20.0,0,1,0
7156,84.0,1.0,19.0,5.0,2,54.0,10.0,90.0,1,1,0
7157,62.0,1.0,21.0,5.0,-1,49.0,0.0,40.0,1,1,0
7158,79.0,7.0,18.0,5.0,-1,49.0,2.0,40.0,1,1,0
7159,35.0,1.0,22.0,3.0,0,245.0,0.0,40.0,1,1,1
7160,47.0,1.0,21.0,1.0,0,49.0,1.0,40.0,1,1,1
7161,46.0,1.0,16.0,1.0,4,49.0,0.0,7.0,1,1,1
7162,73.0,3.0,18.0,5.0,1,150.0,17.0,40.0,0,1,0
7163,37.0,1.0,21.0,1.0,1,49.0,1.0,6.0,1,1,0
7164,86.0,4.0,21.0,5.0,1,49.0,0.0,15.0,1,1,0
7165,79.0,4.0,6.0,3.0,0,49.0,0.0,19.0,0,1,0
7166,26.0,3.0,2.0,1.0,4,49.0,1.0,50.0,1,1,1
7167,70.0,1.0,18.0,4.0,2,49.0,0.0,40.0,1,0,0
7168,26.0,1.0,16.0,5.0,2,49.0,11.0,11.0,0,1,0
7169,32.0,1.0,22.0,1.0,2,49.0,0.0,47.0,0,1,0
7170,56.0,1.0,16.0,1.0,4,49.0,0.0,40.0,1,1,1
7171,38.0,4.0,19.0,3.0,0,49.0,0.0,17.0,0,0,0
7172,81.0,3.0,21.0,5.0,0,105.0,2.0,40.0,1,1,0
7173,83.0,4.0,16.0,1.0,1,49.0,0.0,40.0,1,1,1
7174,53.0,3.0,22.0,1.0,0,49.0,0.0,40.0,0,1,1
7175,25.0,1.0,16.0,1.0,3,49.0,2.0,28.0,1,1,1
7176,59.0,1.0,22.0,2.0,0,49.0,0.0,26.0,1,1,0
7177,37.0,2.0,19.0,5.0,3,200.0,2.0,50.0,0,1,1
7178,25.0,1.0,14.0,1.0,0,49.0,13.0,40.0,0,1,1
7179,22.0,1.0,23.0,1.0,0,49.0,0.0,40.0,1,1,1
7180,41.0,1.0,16.0,5.0,1,6.0,0.0,40.0,1,1,0
7181,71.0,1.0,19.0,1.0,0,6.0,1.0,51.0,1,1,0
7182,55.0,1.0,21.0,3.0,0,49.0,0.0,50.0,1,0,1
7183,77.0,1.0,20.0,3.0,2,49.0,0.0,40.0,0,1,0
7184,55.0,1.0,22.0,1.0,2,49.0,2.0,40.0,0,1,1
7185,36.0,1.0,22.0,1.0,0,6.0,0.0,40.0,0,1,1
7186,57.0,1.0,16.0,5.0,3,49.0,2.0,40.0,1,1,0
7187,30.0,2.0,19.0,3.0,0,49.0,0.0,40.0,1,1,1
7188,25.0,1.0,21.0,5.0,0,49.0,0.0,45.0,0,1,0
7189,81.0,3.0,7.0,1.0,0,49.0,0.0,53.0,1,1,1
7190,76.0,6.0,7.0,1.0,1,49.0,0.0,15.0,0,1,0
7191,55.0,8.0,16.0,1.0,1,49.0,0.0,21.0,1,1,1
7192,81.0,4.0,22.0,1.0,2,49.0,0.0,20.0,1,1,0
7193,81.0,8.0,21.0,3.0,0,49.0,0.0,45.0,1,1,1
7194,80.0,1.0,24.0,5.0,0,49.0,8.0,40.0,1,1,0
7195,39.0,1.0,21.0,5.0,0,49.0,9.0,58.0,1,1,1
7196,43.0,1.0,21.0,1.0,2,25.0,1.0,50.0,1,1,1
7197,37.0,1.0,18.0,5.0,1,30.0,2.0,40.0,0,1,0
7198,35.0,6.0,21.0,1.0,0,49.0,0.0,85.0,0,1,1
7199,33.0,1.0,16.0,5.0,1,32.0,2.0,75.0,1,1,0
7200,86.0,1.0,19.0,1.0,4,2.0,0.0,40.0,1,1,1
7201,64.0,1.0,16.0,1.0,2,49.0,0.0,13.0,1,1,1
7202,36.0,1.0,16.0,1.0,2,49.0,1.0,30.0,0,1,0
7203,50.0,1.0,21.0,1.0,0,49.0,1.0,28.0,1,1,1
7204,80.0,7.0,16.0,5.0,1,40.0,1.0,60.0,0,1,0
7205,74.0,3.0,16.0,1.0,3,49.0,0.0,40.0,1,1,1
7206,18.0,1.0,20.0,5.0,0,17.0,2.0,31.0,0,1,0
7207,72.0,1.0,18.0,1.0,4,6.0,0.0,28.0,0,1,0
7208,87.0,2.0,16.0,1.0,2,49.0,1.0,50.0,1,1,1
7209,35.0,1.0,19.0,5.0,3,49.0,2.0,50.0,1,1,1
7210,36.0,2.0,21.0,1.0,0,49.0,1.0,40.0,0,1,0
7211,76.0,1.0,19.0,1.0,0,49.0,1.0,50.0,1,1,1
7212,34.0,1.0,19.0,1.0,1,49.0,1.0,31.0,0,1,1
7213,87.0,1.0,19.0,1.0,0,49.0,1.0,13.0,1,1,1
7214,68.0,2.0,18.0,1.0,3,6.0,0.0,40.0,1,1,1
7215,77.0,1.0,21.0,5.0,1,21.0,16.0,38.0,1,0,0
7216,77.0,1.0,19.0,1.0,2,49.0,1.0,45.0,1,1,1
7217,84.0,1.0,18.0,3.0,3,442.0,16.0,20.0,0,1,0
7218,54.0,7.0,15.0,1.0,-1,17.0,1.0,84.0,0,1,0
7219,61.0,6.0,16.0,1.0,3,49.0,0.0,14.0,1,1,1
7220,28.0,1.0,19.0,5.0,2,51.0,17.0,4.0,1,1,0
7221,82.0,1.0,19.0,1.0,2,249.0,17.0,40.0,1,1,1
7222,21.0,1.0,19.0,1.0,2,332.0,1.0,40.0,1,1,1
7223,28.0,1.0,16.0,1.0,1,49.0,1.0,68.0,1,1,0
7224,38.0,4.0,21.0,3.0,0,137.0,0.0,40.0,0,0,0
7225,72.0,2.0,18.0,1.0,0,49.0,1.0,50.0,1,1,1
7226,18.0,1.0,22.0,1.0,0,213.0,1.0,40.0,1,1,1
7227,22.0,1.0,19.0,3.0,0,49.0,0.0,40.0,0,1,1
7228,17.0,1.0,19.0,1.0,3,49.0,2.0,96.0,1,0,1
7229,37.0,1.0,22.0,1.0,0,49.0,0.0,40.0,1,0,0
7230,75.0,1.0,18.0,1.0,1,49.0,0.0,35.0,1,1,1
7231,38.0,1.0,16.0,5.0,1,49.0,2.0,20.0,1,0,0
7232,40.0,1.0,20.0,1.0,3,323.0,1.0,42.0,1,1,1
7233,51.0,1.0,22.0,5.0,2,116.0,2.0,40.0,1,1,1
7234,81.0,1.0,21.0,1.0,2,49.0,0.0,40.0,0,1,0
7235,42.0,1.0,16.0,5.0,2,49.0,2.0,38.0,1,1,0
7236,60.0,8.0,18.0,1.0,0,6.0,1.0,40.0,1,1,1
7237,77.0,1.0,22.0,1.0,0,25.0,0.0,32.0,1,1,1
7238,37.0,1.0,16.0,5.0,2,33.0,3.0,48.0,0,1,0
7239,78.0,1.0,19.0,1.0,2,49.0,0.0,53.0,0,0,0
7240,92.0,3.0,22.0,1.0,0,49.0,1.0,65.0,1,1,1
7241,58.0,1.0,20.0,5.0,1,49.0,13.0,6.0,0,1,0
7242,39.0,3.0,21.0,1.0,0,49.0,1.0,40.0,0,1,1
7243,47.0,3.0,18.0,5.0,5,233.0,17.0,40.0,1,1,0
7244,51.0,4.0,21.0,3.0,2,49.0,0.0,40.0,0,1,0
7245,83.0,1.0,2.0,5.0,1,49.0,16.0,40.0,0,1,0
7246,52.0,1.0,21.0,1.0,0,31.0,0.0,80.0,1,0,1
7247,37.0,2.0,18.0,3.0,3,303.0,0.0,50.0,1,1,1
7248,32.0,1.0,16.0,1.0,4,49.0,0.0,28.0,1,1,0
7249,30.0,1.0,21.0,1.0,0,41.0,1.0,50.0,0,1,1
7250,80.0,4.0,19.0,1.0,0,49.0,0.0,40.0,1,1,1
7251,31.0,1.0,16.0,5.0,2,49.0,16.0,47.0,0,1,0
7252,76.0,3.0,21.0,1.0,1,49.0,0.0,1.0,0,1,0
7253,29.0,1.0,21.0,1.0,0,49.0,0.0,54.0,0,0,0
7254,34.0,3.0,18.0,1.0,1,49.0,1.0,50.0,1,1,1
7255,45.0,1.0,16.0,1.0,3,49.0,2.0,40.0,1,1,0
7256,83.0,1.0,21.0,2.0,1,49.0,2.0,20.0,1,1,0
7257,25.0,4.0,18.0,5.0,5,49.0,13.0,20.0,0,1,0
7258,92.0,5.0,20.0,1.0,0,49.0,0.0,41.0,1,1,1
7259,82.0,1.0,21.0,1.0,0,235.0,1.0,45.0,1,1,1
7260,37.0,1.0,19.0,3.0,0,6.0,0.0,40.0,1,1,0
7261,72.0,1.0,16.0,1.0,2,49.0,1.0,19.0,1,1,1
7262,31.0,6.0,20.0,1.0,0,49.0,0.0,34.0,1,1,1
7263,51.0,7.0,18.0,5.0,3,49.0,6.0,40.0,1,0,0
7264,17.0,2.0,21.0,5.0,0,49.0,0.0,40.0,1,1,0
7265,41.0,1.0,22.0,1.0,0,372.0,1.0,85.0,1,1,0
7266,79.0,1.0,1.0,1.0,0,501.0,1.0,33.0,1,1,1
7267,19.0,3.0,20.0,1.0,1,49.0,0.0,40.0,0,1,0
7268,38.0,7.0,19.0,3.0,1,327.0,0.0,32.0,0,0,0
7269,20.0,4.0,21.0,5.0,0,49.0,2.0,45.0,1,1,1
7270,78.0,1.0,19.0,5.0,1,368.0,16.0,40.0,1,1,0
7271,18.0,1.0,22.0,5.0,0,49.0,2.0,17.0,0,1,0
7272,19.0,1.0,16.0,1.0,1,49.0,1.0,70.0,1,1,0
7273,66.0,8.0,19.0,1.0,0,6.0,2.0,40.0,1,1,0
7274,21.0,3.0,19.0,1.0,3,6.0,0.0,40.0,0,1,0
7275,19.0,8.0,18.0,1.0,4,6.0,1.0,40.0,1,1,1
7276,44.0,1.0,18.0,1.0,3,49.0,0.0,40.0,1,1,1
7277,58.0,1.0,18.0,1.0,0,49.0,0.0,47.0,0,1,0
7278,21.0,6.0,7.0,5.0,1,49.0,12.0,20.0,1,1,0
7279,35.0,1.0,22.0,5.0,0,163.0,2.0,27.0,0,1,0
7280,38.0,3.0,21.0,3.0,5,49.0,0.0,20.0,1,0,0
7281,43.0,8.0,20.0,5.0,2,49.0,7.0,20.0,1,1,0
7282,81.0,1.0,22.0,5.0,2,49.0,12.0,22.0,0,1,0
7283,68.0,1.0,20.0,1.0,0,451.0,1.0,40.0,1,1,1
7284,21.0,1.0,21.0,5.0,1,412.0,2.0,35.0,1,1,0
7285,38.0,1.0,19.0,3.0,4,360.0,0.0,36.0,1,0,1
7286,62.0,3.0,20.0,3.0,0,49.0,0.0,50.0,1,0,1
7287,92.0,1.0,16.0,1.0,4,49.0,1.0,45.0,0,1,0
7288,31.0,1.0,16.0,3.0,3,243.0,0.0,57.0,0,1,1
7289,17.0,7.0,18.0,1.0,3,49.0,1.0,10.0,0,1,1
7290,50.0,4.0,21.0,5.0,1,49.0,10.0,13.0,0,1,0
7291,73.0,1.0,19.0,5.0,2,49.0,2.0,45.0,0,1,0
7292,37.0,1.0,12.0,1.0,1,49.0,1.0,40.0,1,1,0
7293,37.0,3.0,21.0,1.0,0,1.0,1.0,40.0,1,1,1
7294,19.0,3.0,19.0,5.0,3,55.0,5.0,36.0,1,1,0
7295,21.0,1.0,22.0,1.0,0,6.0,0.0,72.0,1,1,1
7296,33.0,3.0,22.0,3.0,0,106.0,0.0,50.0,0,1,1
7297,26.0,1.0,21.0,1.0,0,511.0,0.0,40.0,1,0,1
7298,18.0,1.0,5.0,5.0,0,467.0,0.0,96.0,1,1,0
7299,84.0,6.0,22.0,1.0,0,103.0,1.0,40.0,0,1,1
7300,75.0,1.0,11.0,1.0,1,49.0,0.0,78.0,0,1,1
7301,49.0,1.0,16.0,1.0,3,49.0,0.0,40.0,1,1,0
7302,55.0,1.0,19.0,3.0,4,49.0,0.0,40.0,0,1,0
7303,21.0,4.0,22.0,1.0,0,49.0,0.0,25.0,1,1,1
7304,66.0,1.0,22.0,1.0,0,49.0,1.0,50.0,1,1,1
7305,78.0,1.0,16.0,3.0,4,249.0,0.0,40.0,1,1,1
7306,38.0,2.0,1.0,3.0,0,49.0,0.0,55.0,1,0,1
7307,59.0,8.0,20.0,1.0,0,138.0,2.0,40.0,1,1,1
7308,55.0,1.0,21.0,1.0,2,162.0,1.0,67.0,1,1,1
7309,17.0,1.0,20.0,5.0,0,49.0,17.0,40.0,1,1,0
7310,17.0,1.0,20.0,1.0,2,49.0,1.0,20.0,1,1,0
7311,58.0,2.0,20.0,1.0,3,20.0,1.0,50.0,1,1,1
7312,40.0,3.0,19.0,1.0,0,164.0,1.0,22.0,0,1,1
7313,26.0,5.0,11.0,1.0,0,49.0,1.0,56.0,1,1,1
7314,66.0,3.0,23.0,1.0,1,49.0,1.0,40.0,1,1,1
7315,66.0,1.0,20.0,1.0,3,6.0,1.0,49.0,0,1,1
7316,74.0,4.0,19.0,1.0,2,200.0,0.0,24.0,1,1,1
7317,62.0,1.0,16.0,2.0,2,49.0,0.0,78.0,0,1,0
7318,64.0,1.0,16.0,1.0,2,468.0,0.0,40.0,0,1,0
7319,61.0,1.0,20.0,5.0,3,49.0,6.0,38.0,1,1,0
7320,92.0,1.0,19.0,1.0,0,49.0,1.0,45.0,1,1,1
7321,80.0,1.0,19.0,1.0,1,49.0,1.0,45.0,1,1,0
7322,82.0,1.0,19.0,1.0,3,49.0,0.0,16.0,0,1,0
7323,48.0,4.0,20.0,1.0,1,217.0,0.0,45.0,1,1,1
7324,20.0,1.0,18.0,1.0,1,49.0,1.0,45.0,1,1,1
7325,71.0,7.0,19.0,1.0,4,49.0,0.0,20.0,1,1,0
7326,27.0,1.0,16.0,1.0,2,49.0,1.0,58.0,1,1,0
7327,26.0,1.0,18.0,1.0,0,49.0,1.0,57.0,1,1,1
7328,67.0,1.0,19.0,1.0,0,49.0,1.0,40.0,1,1,1
7329,80.0,1.0,22.0,5.0,0,49.0,0.0,40.0,0,0,1
7330,36.0,1.0,16.0,5.0,3,49.0,8.0,54.0,0,1,0
7331,30.0,2.0,20.0,3.0,0,49.0,0.0,50.0,0,1,1
7332,30.0,4.0,21.0,5.0,0,209.0,9.0,35.0,0,1,0
7333,48.0,1.0,21.0,1.0,2,49.0,1.0,40.0,1,1,0
7334,73.0,1.0,21.0,1.0,0,417.0,0.0,40.0,1,1,1
7335,31.0,3.0,19.0,1.0,0,49.0,0.0,62.0,0,1,0
7336,32.0,1.0,21.0,1.0,5,150.0,1.0,20.0,1,1,0
7337,71.0,6.0,23.0,1.0,1,49.0,1.0,65.0,1,1,0
7338,39.0,1.0,16.0,4.0,3,49.0,2.0,34.0,0,1,0
7339,30.0,1.0,16.0,5.0,4,301.0,2.0,78.0,0,1,0
7340,86.0,3.0,22.0,1.0,0,211.0,1.0,50.0,1,0,1
7341,55.0,1.0,1.0,5.0,0,49.0,2.0,80.0,0,1,0
7342,74.0,1.0,20.0,1.0,2,49.0,1.0,50.0,1,1,1
7343,50.0,1.0,22.0,1.0,0,30.0,0.0,32.0,1,1,1
7344,54.0,2.0,22.0,3.0,0,49.0,0.0,44.0,1,1,0
7345,76.0,1.0,19.0,5.0,4,49.0,0.0,20.0,0,1,0
7346,82.0,1.0,9.0,5.0,5,49.0,17.0,34.0,1,1,0
7347,75.0,1.0,16.0,1.0,4,49.0,1.0,20.0,0,1,0
7348,30.0,1.0,19.0,5.0,2,49.0,2.0,40.0,0,1,0
7349,65.0,1.0,16.0,1.0,2,49.0,1.0,57.0,0,1,0
7350,19.0,5.0,19.0,1.0,2,6.0,1.0,55.0,0,1,0
7351,83.0,4.0,21.0,1.0,2,49.0,0.0,12.0,0,1,0
7352,66.0,7.0,19.0,5.0,3,49.0,0.0,65.0,1,1,0
7353,43.0,3.0,16.0,5.0,3,49.0,12.0,20.0,0,1,0
7354,38.0,1.0,20.0,3.0,2,368.0,13.0,40.0,0,0,1
7355,72.0,2.0,21.0,1.0,0,139.0,1.0,40.0,0,1,1
7356,74.0,1.0,19.0,1.0,3,38.0,0.0,40.0,1,1,1
7357,50.0,1.0,21.0,1.0,2,110.0,0.0,40.0,0,1,0
7358,92.0,1.0,18.0,2.0,2,8.0,0.0,66.0,1,1,0
7359,35.0,1.0,20.0,5.0,3,49.0,0.0,20.0,0,1,0
7360,27.0,3.0,21.0,1.0,0,19.0,1.0,45.0,1,1,1
7361,25.0,1.0,16.0,1.0,3,303.0,0.0,40.0,0,1,0
7362,75.0,1.0,16.0,1.0,1,49.0,0.0,40.0,1,0,1
7363,61.0,2.0,20.0,1.0,0,6.0,0.0,40.0,0,1,1
7364,58.0,1.0,19.0,1.0,3,6.0,1.0,7.0,1,1,1
7365,71.0,7.0,18.0,3.0,3,245.0,0.0,20.0,0,1,0
7366,49.0,1.0,21.0,1.0,1,49.0,0.0,66.0,1,1,1
7367,76.0,1.0,16.0,1.0,4,23.0,15.0,39.0,0,1,0
7368,21.0,1.0,16.0,1.0,4,49.0,1.0,7.0,0,1,0
7369,40.0,1.0,19.0,5.0,2,49.0,3.0,15.0,0,1,0
7370,55.0,5.0,16.0,1.0,3,49.0,0.0,85.0,0,1,1
7371,70.0,1.0,16.0,1.0,3,6.0,0.0,49.0,1,1,0
7372,21.0,4.0,21.0,1.0,0,6.0,1.0,19.0,1,1,1
7373,72.0,7.0,16.0,1.0,4,49.0,0.0,40.0,1,1,1
7374,41.0,4.0,21.0,1.0,0,9.0,0.0,40.0,1,1,1
7375,39.0,1.0,18.0,3.0,0,6.0,5.0,40.0,1,1,1
7376,32.0,1.0,16.0,1.0,4,49.0,1.0,40.0,0,1,0
7377,57.0,1.0,22.0,1.0,0,49.0,1.0,40.0,1,1,0
7378,38.0,8.0,16.0,5.0,1,49.0,2.0,40.0,1,1,0
7379,17.0,1.0,5.0,1.0,1,49.0,1.0,96.0,0,0,0
7380,57.0,1.0,16.0,1.0,4,53.0,0.0,45.0,1,1,0
7381,21.0,1.0,20.0,1.0,1,49.0,0.0,25.0,1,1,0
7382,77.0,8.0,13.0,3.0,1,49.0,0.0,91.0,1,1,1
7383,68.0,1.0,22.0,5.0,0,363.0,7.0,40.0,1,1,1
7384,47.0,1.0,22.0,1.0,0,49.0,1.0,40.0,1,1,1
7385,25.0,1.0,22.0,1.0,2,370.0,0.0,50.0,1,1,1
7386,79.0,1.0,10.0,3.0,0,459.0,0.0,65.0,1,1,1
7387,65.0,1.0,19.0,1.0,3,49.0,1.0,18.0,1,1,1
7388,82.0,3.0,21.0,1.0,0,49.0,0.0,40.0,1,1,1
7389,67.0,1.0,16.0,1.0,3,49.0,1.0,40.0,1,1,1
7390,21.0,2.0,21.0,1.0,0,329.0,0.0,40.0,1,1,1
7391,35.0,1.0,20.0,5.0,2,6.0,2.0,20.0,1,1,0
7392,20.0,1.0,19.0,5.0,0,54.0,0.0,42.0,0,1,0
7393,54.0,2.0,21.0,1.0,0,6.0,1.0,25.0,0,1,0
7394,77.0,1.0,22.0,1.0,0,49.0,1.0,84.0,1,1,1
7395,29.0,1.0,19.0,5.0,2,49.0,0.0,40.0,0,1,0
7396,87.0,1.0,21.0,1.0,0,372.0,2.0,27.0,1,1,1
7397,46.0,1.0,18.0,5.0,3,49.0,13.0,56.0,1,0,0
7398,19.0,2.0,24.0,1.0,0,49.0,0.0,45.0,1,1,1
7399,69.0,1.0,16.0,1.0,2,49.0,1.0,51.0,0,1,0
7400,38.0,7.0,19.0,3.0,3,49.0,0.0,40.0,0,0,1
7401,44.0,1.0,16.0,1.0,2,6.0,1.0,12.0,1,1,1
7402,75.0,1.0,18.0,1.0,1,49.0,1.0,17.0,0,1,0
7403,46.0,4.0,2.0,1.0,2,164.0,1.0,50.0,1,1,0
7404,38.0,1.0,21.0,5.0,0,49.0,13.0,40.0,1,0,0
7405,76.0,1.0,16.0,1.0,1,49.0,0.0,40.0,0,1,0
7406,67.0,1.0,20.0,1.0,2,49.0,0.0,40.0,1,1,1
7407,25.0,1.0,18.0,5.0,4,162.0,14.0,40.0,0,1,0
7408,68.0,1.0,20.0,5.0,2,40.0,7.0,34.0,0,1,0
7409,48.0,4.0,19.0,1.0,1,49.0,0.0,34.0,0,1,1
7410,49.0,1.0,19.0,5.0,3,49.0,11.0,38.0,1,1,0
7411,42.0,3.0,21.0,5.0,0,49.0,2.0,40.0,0,1,0
7412,54.0,3.0,21.0,1.0,0,49.0,1.0,40.0,0,1,1
7413,84.0,1.0,21.0,1.0,1,66.0,0.0,45.0,1,0,1
7414,84.0,5.0,21.0,1.0,1,49.0,1.0,40.0,0,1,0
7415,60.0,1.0,19.0,1.0,0,205.0,0.0,40.0,1,1,1
7416,92.0,1.0,19.0,1.0,2,6.0,0.0,85.0,0,1,1
7417,92.0,3.0,21.0,1.0,0,49.0,0.0,40.0,0,1,0
7418,62.0,1.0,22.0,1.0,0,49.0,1.0,88.0,0,1,1
7419,38.0,7.0,18.0,3.0,-1,49.0,0.0,12.0,0,1,0
7420,83.0,1.0,19.0,1.0,2,27.0,0.0,45.0,1,1,1
7421,36.0,1.0,18.0,1.0,5,49.0,0.0,44.0,0,1,0
7422,61.0,1.0,20.0,1.0,2,54.0,0.0,16.0,0,1,1
7423,58.0,1.0,1.0,1.0,0,49.0,1.0,40.0,0,1,0
7424,46.0,1.0,20.0,1.0,3,49.0,0.0,40.0,0,1,1
7425,41.0,1.0,19.0,5.0,3,49.0,2.0,25.0,1,1,0
7426,60.0,1.0,24.0,1.0,0,49.0,1.0,51.0,0,0,1
7427,59.0,5.0,18.0,1.0,0,49.0,0.0,40.0,1,1,1
7428,21.0,4.0,19.0,1.0,2,6.0,1.0,23.0,1,1,1
7429,86.0,1.0,19.0,1.0,2,49.0,13.0,40.0,1,1,1
7430,57.0,4.0,21.0,3.0,0,240.0,0.0,4.0,1,1,1
7431,79.0,1.0,22.0,5.0,0,362.0,2.0,88.0,1,1,0
7432,69.0,1.0,19.0,3.0,2,116.0,0.0,17.0,0,1,0
7433,52.0,1.0,18.0,1.0,4,13.0,1.0,40.0,0,1,0
7434,53.0,1.0,17.0,1.0,2,6.0,0.0,28.0,1,1,0
7435,19.0,1.0,23.0,1.0,2,6.0,1.0,40.0,0,1,0
7436,17.0,1.0,22.0,1.0,0,11.0,0.0,50.0,0,1,1
7437,44.0,1.0,22.0,4.0,2,49.0,0.0,40.0,1,1,0
7438,70.0,1.0,16.0,1.0,3,6.0,0.0,40.0,0,1,1
7439,67.0,1.0,19.0,1.0,2,49.0,0.0,6.0,1,1,1
7440,36.0,1.0,21.0,1.0,0,206.0,1.0,50.0,1,1,1
7441,67.0,1.0,12.0,4.0,4,49.0,2.0,1.0,1,1,0
7442,22.0,2.0,21.0,5.0,0,30.0,2.0,82.0,1,1,0
7443,53.0,1.0,19.0,5.0,2,49.0,4.0,84.0,0,1,0
7444,83.0,1.0,11.0,3.0,0,515.0,0.0,40.0,1,1,1
7445,84.0,3.0,21.0,5.0,-1,49.0,0.0,51.0,1,1,0
7446,75.0,2.0,18.0,5.0,0,39.0,3.0,37.0,0,1,0
7447,77.0,7.0,14.0,5.0,4,51.0,12.0,40.0,1,1,0
7448,20.0,1.0,19.0,1.0,4,49.0,2.0,40.0,0,1,0
7449,44.0,3.0,22.0,1.0,0,24.0,0.0,40.0,0,1,0
7450,69.0,1.0,16.0,5.0,4,49.0,0.0,40.0,1,1,1
7451,64.0,1.0,19.0,5.0,2,49.0,0.0,40.0,1,1,0
7452,58.0,1.0,20.0,1.0,1,139.0,0.0,50.0,0,1,1
7453,73.0,1.0,16.0,4.0,2,13.0,0.0,40.0,0,1,0
7454,43.0,1.0,22.0,1.0,0,49.0,1.0,45.0,1,1,1
7455,45.0,3.0,20.0,3.0,1,132.0,0.0,50.0,1,1,1
7456,17.0,1.0,19.0,5.0,0,303.0,3.0,45.0,0,1,0
7457,35.0,1.0,19.0,1.0,3,49.0,0.0,50.0,1,1,1
7458,47.0,3.0,16.0,1.0,3,49.0,0.0,45.0,1,1,1
7459,60.0,1.0,22.0,1.0,0,29.0,1.0,23.0,1,1,1
7460,61.0,3.0,22.0,5.0,0,49.0,2.0,82.0,1,0,0
7461,58.0,1.0,16.0,5.0,2,49.0,14.0,40.0,0,1,0
7462,34.0,1.0,12.0,5.0,0,49.0,2.0,32.0,1,1,0
7463,70.0,1.0,19.0,1.0,4,312.0,2.0,91.0,1,0,0
7464,22.0,1.0,22.0,1.0,0,49.0,0.0,50.0,0,1,1
7465,47.0,1.0,16.0,5.0,2,40.0,10.0,40.0,1,1,0
7466,33.0,1.0,19.0,1.0,4,49.0,1.0,58.0,1,1,0
7467,84.0,1.0,19.0,1.0,0,6.0,0.0,40.0,1,1,1
7468,52.0,2.0,20.0,1.0,0,211.0,0.0,58.0,0,1,1
7469,18.0,1.0,18.0,5.0,4,49.0,2.0,45.0,1,1,1
7470,25.0,1.0,16.0,1.0,2,49.0,1.0,50.0,1,1,1
7471,49.0,3.0,21.0,5.0,0,49.0,2.0,40.0,0,1,0
7472,79.0,3.0,19.0,1.0,3,238.0,0.0,20.0,1,1,1
7473,70.0,1.0,18.0,5.0,1,49.0,8.0,20.0,1,1,0
7474,40.0,1.0,20.0,1.0,3,134.0,1.0,54.0,0,1,0
7475,70.0,3.0,21.0,1.0,0,119.0,1.0,45.0,0,1,1
7476,31.0,4.0,16.0,1.0,2,49.0,0.0,40.0,0,1,1
7477,76.0,1.0,18.0,1.0,1,119.0,1.0,47.0,0,1,0
7478,25.0,6.0,12.0,1.0,1,49.0,1.0,16.0,0,1,0
7479,87.0,4.0,18.0,1.0,2,49.0,0.0,20.0,0,1,0
7480,52.0,1.0,20.0,1.0,0,49.0,0.0,38.0,1,0,0
7481,32.0,4.0,21.0,1.0,0,49.0,0.0,40.0,1,1,1
7482,61.0,1.0,19.0,1.0,4,49.0,0.0,20.0,1,1,0
7483,50.0,1.0,16.0,1.0,1,49.0,1.0,12.0,0,1,0
7484,27.0,1.0,19.0,1.0,2,49.0,2.0,67.0,0,1,0
7485,44.0,1.0,1.0,1.0,0,312.0,0.0,40.0,1,1,1
7486,47.0,1.0,6.0,1.0,0,49.0,1.0,20.0,0,1,0
7487,71.0,4.0,22.0,1.0,0,116.0,0.0,50.0,1,1,1
7488,92.0,4.0,22.0,1.0,0,49.0,0.0,40.0,0,1,0
7489,52.0,1.0,17.0,1.0,4,49.0,1.0,40.0,1,1,1
7490,74.0,3.0,7.0,5.0,0,6.0,13.0,16.0,1,0,0
7491,25.0,1.0,18.0,1.0,-1,49.0,1.0,40.0,0,1,0
7492,30.0,1.0,20.0,1.0,3,49.0,0.0,40.0,1,1,1
7493,52.0,1.0,16.0,1.0,2,6.0,0.0,49.0,1,1,0
7494,21.0,1.0,20.0,1.0,2,6.0,0.0,50.0,1,1,1
7495,50.0,2.0,21.0,1.0,0,21.0,0.0,50.0,0,1,1
7496,82.0,1.0,21.0,1.0,0,30.0,1.0,40.0,1,1,1
7497,19.0,1.0,16.0,1.0,4,49.0,0.0,40.0,1,1,1
7498,40.0,1.0,18.0,1.0,4,49.0,11.0,18.0,1,1,1
7499,18.0,1.0,22.0,1.0,0,136.0,1.0,37.0,1,1,1
7500,46.0,1.0,16.0,1.0,4,6.0,1.0,50.0,0,1,1
7501,20.0,1.0,21.0,5.0,1,22.0,0.0,40.0,1,1,0
7502,75.0,1.0,21.0,1.0,0,49.0,0.0,90.0,1,1,1
7503,20.0,1.0,20.0,1.0,0,39.0,1.0,40.0,1,1,1
7504,41.0,1.0,20.0,1.0,2,6.0,0.0,40.0,0,1,0
7505,82.0,1.0,20.0,4.0,3,49.0,0.0,45.0,1,1,0
7506,61.0,1.0,21.0,1.0,0,332.0,1.0,40.0,0,1,1
7507,41.0,1.0,19.0,3.0,1,323.0,0.0,20.0,0,1,0
7508,40.0,3.0,18.0,1.0,0,49.0,0.0,40.0,0,1,1
7509,21.0,4.0,20.0,1.0,0,6.0,0.0,65.0,1,1,1
7510,75.0,1.0,21.0,1.0,0,49.0,16.0,40.0,1,1,1
7511,26.0,6.0,22.0,1.0,0,209.0,0.0,50.0,1,1,1
7512,48.0,1.0,16.0,1.0,2,49.0,16.0,40.0,1,1,1
7513,51.0,1.0,16.0,1.0,3,49.0,0.0,40.0,0,1,0
7514,37.0,1.0,16.0,1.0,4,28.0,1.0,57.0,1,1,0
7515,38.0,1.0,19.0,5.0,4,49.0,2.0,32.0,0,1,0
7516,61.0,7.0,21.0,1.0,-1,28.0,1.0,20.0,0,0,0
7517,75.0,1.0,19.0,5.0,1,49.0,2.0,34.0,0,1,0
7518,32.0,8.0,21.0,1.0,0,49.0,0.0,40.0,0,1,1
7519,21.0,1.0,21.0,5.0,1,6.0,11.0,50.0,0,1,1
7520,20.0,1.0,19.0,5.0,4,49.0,17.0,40.0,0,1,0
7521,17.0,2.0,10.0,1.0,0,18.0,1.0,40.0,1,1,1
7522,26.0,1.0,21.0,1.0,0,49.0,1.0,20.0,1,1,1
7523,47.0,8.0,22.0,1.0,0,110.0,0.0,13.0,0,1,0
7524,51.0,4.0,19.0,1.0,0,49.0,0.0,40.0,0,1,1
7525,81.0,1.0,19.0,1.0,4,49.0,1.0,20.0,0,0,1
7526,23.0,4.0,20.0,1.0,0,6.0,0.0,37.0,0,1,1
7527,28.0,1.0,19.0,5.0,4,49.0,0.0,21.0,0,1,0
7528,26.0,1.0,21.0,5.0,0,49.0,2.0,40.0,1,1,0
7529,55.0,1.0,16.0,5.0,2,116.0,7.0,48.0,0,1,0
7530,25.0,1.0,6.0,1.0,1,238.0,0.0,40.0,1,1,1
7531,70.0,1.0,20.0,5.0,0,49.0,15.0,99.0,0,1,0
7532,63.0,1.0,16.0,1.0,2,49.0,0.0,30.0,1,1,0
7533,64.0,1.0,19.0,5.0,1,49.0,2.0,42.0,0,1,0
7534,61.0,1.0,19.0,1.0,0,49.0,1.0,45.0,1,1,1
7535,81.0,2.0,21.0,3.0,0,19.0,0.0,38.0,1,1,1
7536,39.0,1.0,6.0,1.0,4,49.0,1.0,40.0,1,1,0
7537,83.0,1.0,20.0,1.0,2,49.0,0.0,47.0,1,1,1
7538,60.0,1.0,21.0,1.0,2,49.0,0.0,40.0,0,1,1
7539,18.0,4.0,19.0,1.0,0,203.0,1.0,40.0,1,1,1
7540,41.0,1.0,21.0,1.0,1,53.0,0.0,40.0,0,0,1
7541,18.0,1.0,16.0,1.0,4,49.0,0.0,15.0,1,1,1
7542,74.0,2.0,15.0,5.0,0,49.0,6.0,67.0,1,1,0
7543,37.0,1.0,1.0,1.0,0,49.0,1.0,40.0,1,1,0
7544,54.0,1.0,20.0,5.0,2,49.0,0.0,41.0,1,0,0
7545,83.0,1.0,21.0,5.0,0,49.0,2.0,9.0,1,1,0
7546,26.0,1.0,21.0,1.0,0,49.0,1.0,42.0,1,1,1
7547,23.0,3.0,22.0,1.0,0,49.0,0.0,40.0,0,1,1
7548,38.0,1.0,20.0,3.0,3,49.0,0.0,40.0,1,0,1
7549,28.0,3.0,21.0,1.0,0,49.0,0.0,40.0,1,1,1
7550,24.0,1.0,18.0,1.0,4,49.0,2.0,85.0,0,1,0
7551,86.0,7.0,19.0,5.0,4,49.0,0.0,50.0,0,1,0
7552,24.0,1.0,16.0,5.0,3,362.0,2.0,8.0,0,1,0
7553,54.0,1.0,16.0,1.0,4,362.0,1.0,6.0,0,1,0
7554,86.0,3.0,21.0,1.0,0,49.0,1.0,12.0,0,1,1
7555,38.0,1.0,21.0,3.0,0,110.0,6.0,40.0,1,1,1
7556,43.0,5.0,21.0,5.0,2,49.0,9.0,12.0,0,1,0
7557,43.0,1.0,18.0,1.0,4,49.0,1.0,57.0,0,1,1
7558,41.0,7.0,19.0,3.0,3,49.0,0.0,45.0,0,1,1
7559,62.0,4.0,24.0,5.0,5,49.0,0.0,40.0,1,1,0
7560,82.0,4.0,19.0,1.0,0,49.0,0.0,20.0,0,1,0
7561,53.0,1.0,19.0,5.0,2,21.0,0.0,28.0,0,1,0
7562,24.0,3.0,13.0,3.0,0,49.0,0.0,66.0,1,1,1
7563,38.0,1.0,19.0,3.0,2,215.0,0.0,50.0,1,1,1
7564,74.0,1.0,19.0,1.0,2,206.0,0.0,20.0,1,1,0
7565,18.0,1.0,16.0,3.0,4,49.0,13.0,20.0,1,1,0
7566,39.0,2.0,16.0,1.0,3,49.0,1.0,40.0,0,0,1
7567,37.0,1.0,22.0,1.0,0,6.0,0.0,66.0,1,1,1
7568,36.0,1.0,21.0,1.0,1,50.0,1.0,20.0,0,1,0
7569,17.0,3.0,1.0,1.0,0,49.0,1.0,40.0,1,1,1
7570,58.0,1.0,21.0,5.0,2,49.0,0.0,40.0,0,1,0
7571,30.0,1.0,21.0,1.0,1,105.0,0.0,40.0,0,1,0
7572,60.0,1.0,19.0,1.0,2,442.0,1.0,38.0,0,1,0
7573,34.0,8.0,6.0,5.0,1,51.0,10.0,50.0,1,1,1
7574,59.0,1.0,16.0,5.0,1,49.0,12.0,40.0,0,1,0
7575,39.0,1.0,14.0,1.0,0,49.0,14.0,40.0,0,1,1
7576,74.0,5.0,20.0,1.0,3,6.0,1.0,40.0,0,1,0
7577,41.0,1.0,12.0,1.0,1,49.0,1.0,14.0,1,1,0
7578,59.0,1.0,19.0,5.0,4,416.0,13.0,40.0,0,1,0
7579,58.0,1.0,16.0,3.0,2,23.0,0.0,30.0,1,1,0
7580,72.0,1.0,19.0,1.0,3,222.0,1.0,40.0,0,1,0
7581,74.0,1.0,22.0,1.0,0,49.0,0.0,40.0,0,1,1
7582,76.0,1.0,21.0,5.0,1,462.0,0.0,33.0,0,1,0
7583,74.0,5.0,16.0,1.0,1,49.0,1.0,80.0,0,1,0
7584,79.0,4.0,19.0,3.0,0,49.0,0.0,12.0,0,1,0
7585,87.0,2.0,21.0,1.0,0,240.0,2.0,45.0,0,1,0
7586,26.0,2.0,16.0,1.0,3,501.0,0.0,40.0,1,1,1
7587,42.0,1.0,16.0,1.0,1,365.0,0.0,3.0,1,1,0
7588,73.0,1.0,16.0,1.0,1,49.0,1.0,40.0,0,1,0
7589,52.0,4.0,16.0,1.0,1,49.0,1.0,40.0,0,1,0
7590,68.0,7.0,18.0,5.0,5,8.0,2.0,59.0,1,1,0
7591,51.0,1.0,22.0,1.0,0,6.0,1.0,50.0,0,1,1
7592,17.0,1.0,16.0,1.0,2,49.0,1.0,40.0,1,1,1
7593,29.0,4.0,19.0,1.0,0,49.0,0.0,40.0,1,1,1
7594,29.0,3.0,16.0,1.0,4,38.0,1.0,40.0,0,0,0
7595,20.0,3.0,21.0,5.0,0,49.0,2.0,40.0,1,1,1
7596,25.0,2.0,20.0,1.0,0,360.0,1.0,54.0,1,1,1
7597,57.0,1.0,16.0,1.0,2,315.0,0.0,40.0,0,1,1
7598,56.0,1.0,18.0,1.0,4,49.0,1.0,40.0,0,0,0
7599,32.0,1.0,19.0,1.0,1,37.0,0.0,40.0,1,1,0
7600,48.0,2.0,21.0,1.0,0,49.0,0.0,50.0,0,1,1
7601,50.0,3.0,16.0,1.0,1,49.0,0.0,40.0,0,1,0
7602,36.0,1.0,19.0,1.0,2,15.0,5.0,40.0,1,1,0
7603,31.0,2.0,21.0,1.0,0,49.0,0.0,12.0,1,1,1
7604,46.0,8.0,16.0,5.0,4,50.0,0.0,27.0,1,1,0
7605,19.0,1.0,21.0,1.0,2,49.0,2.0,20.0,0,1,0
7606,40.0,3.0,21.0,1.0,0,136.0,0.0,68.0,0,1,0
7607,28.0,1.0,20.0,1.0,2,11.0,0.0,75.0,0,0,1
7608,84.0,1.0,19.0,1.0,2,211.0,1.0,20.0,0,1,1
7609,87.0,7.0,16.0,1.0,4,6.0,0.0,40.0,0,1,1
7610,72.0,1.0,19.0,1.0,3,49.0,0.0,50.0,1,1,1
7611,53.0,1.0,16.0,2.0,3,49.0,0.0,9.0,1,1,0
7612,42.0,6.0,18.0,1.0,0,49.0,0.0,40.0,0,1,1
7613,21.0,1.0,21.0,1.0,2,49.0,0.0,40.0,0,1,1
7614,50.0,1.0,16.0,1.0,4,60.0,0.0,53.0,0,1,0
7615,55.0,4.0,5.0,1.0,2,6.0,1.0,21.0,1,1,1
7616,56.0,1.0,20.0,1.0,2,109.0,1.0,40.0,1,1,1
7617,76.0,1.0,20.0,1.0,2,49.0,1.0,40.0,0,0,0
7618,47.0,1.0,20.0,5.0,2,49.0,3.0,40.0,1,1,1
7619,81.0,1.0,21.0,1.0,0,49.0,1.0,96.0,1,1,1
7620,75.0,2.0,16.0,1.0,3,209.0,0.0,40.0,1,1,1
7621,28.0,4.0,20.0,1.0,0,49.0,1.0,50.0,1,0,1
7622,72.0,2.0,23.0,1.0,0,49.0,0.0,20.0,0,1,0
7623,69.0,3.0,21.0,1.0,0,49.0,0.0,50.0,1,1,1
7624,72.0,1.0,20.0,5.0,3,6.0,1.0,20.0,0,1,0
7625,17.0,2.0,21.0,5.0,0,49.0,2.0,1.0,1,1,1
7626,36.0,1.0,16.0,1.0,4,49.0,1.0,58.0,1,1,1
7627,66.0,1.0,20.0,5.0,2,49.0,2.0,40.0,0,0,0
7628,28.0,1.0,20.0,1.0,0,110.0,0.0,21.0,1,1,1
7629,75.0,4.0,20.0,5.0,0,364.0,0.0,53.0,1,1,0
7630,72.0,1.0,19.0,1.0,3,33.0,1.0,53.0,1,1,1
7631,65.0,6.0,20.0,1.0,1,49.0,1.0,72.0,1,1,1
7632,63.0,1.0,19.0,1.0,1,49.0,1.0,40.0,0,1,0
7633,78.0,1.0,19.0,3.0,1,49.0,1.0,40.0,1,0,1
7634,42.0,1.0,19.0,5.0,4,24.0,14.0,40.0,1,1,1
7635,70.0,1.0,19.0,1.0,3,16.0,0.0,3.0,1,1,1
7636,60.0,1.0,22.0,1.0,0,49.0,0.0,39.0,1,1,1
7637,54.0,2.0,18.0,1.0,3,49.0,0.0,40.0,1,1,1
7638,58.0,1.0,22.0,1.0,0,23.0,0.0,40.0,1,1,1
7639,42.0,1.0,16.0,1.0,4,24.0,0.0,53.0,1,1,0
7640,32.0,3.0,19.0,5.0,0,49.0,12.0,40.0,1,1,0
7641,42.0,4.0,21.0,5.0,0,34.0,0.0,62.0,0,1,0
7642,60.0,3.0,21.0,1.0,5,49.0,1.0,45.0,0,1,0
7643,65.0,1.0,21.0,5.0,1,49.0,2.0,40.0,0,1,0
7644,59.0,1.0,22.0,1.0,0,49.0,1.0,40.0,0,1,1
7645,62.0,1.0,19.0,5.0,1,49.0,2.0,43.0,0,1,0
7646,44.0,1.0,16.0,3.0,4,6.0,3.0,39.0,1,1,0
7647,60.0,1.0,16.0,3.0,3,49.0,0.0,53.0,0,1,0
7648,63.0,1.0,10.0,5.0,1,49.0,4.0,39.0,0,0,0
7649,66.0,1.0,16.0,3.0,2,49.0,0.0,40.0,1,1,1
7650,30.0,1.0,16.0,1.0,1,228.0,1.0,40.0,0,1,0
7651,20.0,1.0,21.0,5.0,2,49.0,2.0,45.0,1,1,1
7652,47.0,1.0,20.0,1.0,2,49.0,1.0,41.0,0,1,0
7653,17.0,1.0,21.0,1.0,0,49.0,0.0,40.0,0,1,0
7654,38.0,1.0,19.0,5.0,4,49.0,16.0,40.0,1,1,1
7655,23.0,1.0,16.0,1.0,3,49.0,0.0,50.0,0,1,1
7656,54.0,1.0,19.0,1.0,2,49.0,1.0,47.0,1,1,1
7657,73.0,1.0,21.0,1.0,0,49.0,0.0,22.0,1,1,0
7658,48.0,2.0,19.0,1.0,2,106.0,1.0,37.0,0,0,0
7659,28.0,1.0,21.0,5.0,2,238.0,2.0,20.0,0,1,0
7660,82.0,3.0,21.0,1.0,0,213.0,0.0,40.0,0,1,1
7661,82.0,1.0,19.0,4.0,1,49.0,0.0,40.0,0,0,0
7662,51.0,1.0,20.0,1.0,0,49.0,1.0,45.0,1,1,1
7663,48.0,1.0,19.0,1.0,2,160.0,1.0,45.0,1,1,1
7664,42.0,1.0,20.0,5.0,0,459.0,2.0,40.0,1,1,1
7665,30.0,3.0,21.0,1.0,0,200.0,0.0,40.0,0,1,1
7666,59.0,1.0,16.0,5.0,2,22.0,15.0,46.0,0,1,0
7667,67.0,1.0,13.0,1.0,2,49.0,0.0,25.0,0,1,0
7668,59.0,1.0,21.0,5.0,0,373.0,3.0,36.0,0,1,1
7669,27.0,1.0,20.0,1.0,2,224.0,1.0,47.0,1,1,1
7670,71.0,1.0,16.0,1.0,4,28.0,1.0,78.0,1,1,0
7671,78.0,1.0,16.0,3.0,4,49.0,0.0,91.0,0,1,0
7672,33.0,1.0,20.0,1.0,0,49.0,1.0,40.0,1,1,1
7673,60.0,1.0,20.0,5.0,1,49.0,0.0,40.0,1,1,0
7674,53.0,1.0,21.0,1.0,0,49.0,0.0,40.0,0,1,1
7675,39.0,1.0,16.0,5.0,1,6.0,16.0,40.0,1,1,0
7676,52.0,1.0,22.0,1.0,2,49.0,0.0,40.0,1,1,1
7677,80.0,1.0,16.0,1.0,2,49.0,6.0,70.0,0,1,0
7678,78.0,1.0,21.0,1.0,0,34.0,0.0,40.0,1,0,1
7679,67.0,3.0,22.0,1.0,0,49.0,0.0,40.0,0,1,1
7680,41.0,4.0,19.0,1.0,1,6.0,0.0,8.0,0,1,1
7681,31.0,1.0,22.0,1.0,0,6.0,0.0,40.0,1,1,1
7682,70.0,1.0,20.0,1.0,2,6.0,0.0,57.0,1,1,1
7683,17.0,1.0,21.0,5.0,0,49.0,7.0,40.0,0,1,0
7684,24.0,8.0,19.0,1.0,0,49.0,0.0,45.0,0,1,1
7685,50.0,2.0,18.0,5.0,2,6.0,11.0,40.0,1,1,0
7686,28.0,2.0,21.0,1.0,2,49.0,1.0,28.0,1,1,1
7687,77.0,1.0,13.0,5.0,2,49.0,7.0,40.0,0,1,0
7688,75.0,2.0,21.0,3.0,0,163.0,0.0,40.0,1,1,1
7689,25.0,1.0,16.0,5.0,4,448.0,14.0,34.0,1,1,0
7690,86.0,1.0,22.0,1.0,0,49.0,1.0,45.0,1,1,1
7691,81.0,1.0,19.0,5.0,3,228.0,2.0,41.0,1,1,0
7692,40.0,1.0,17.0,4.0,1,49.0,0.0,40.0,0,1,0
7693,33.0,4.0,21.0,1.0,0,49.0,0.0,1.0,0,1,0
7694,47.0,1.0,23.0,1.0,1,249.0,1.0,88.0,0,1,0
7695,25.0,8.0,15.0,5.0,1,49.0,15.0,99.0,0,1,0
7696,66.0,1.0,19.0,3.0,2,6.0,0.0,40.0,0,1,1
7697,46.0,1.0,16.0,1.0,4,49.0,1.0,35.0,0,1,0
7698,32.0,1.0,20.0,5.0,2,49.0,1.0,43.0,0,1,0
7699,17.0,1.0,21.0,1.0,1,116.0,0.0,13.0,1,0,0
7700,51.0,3.0,16.0,3.0,3,211.0,0.0,40.0,0,1,0
7701,32.0,1.0,19.0,1.0,4,49.0,0.0,40.0,1,1,0
7702,63.0,3.0,7.0,1.0,0,236.0,1.0,40.0,1,1,1
7703,41.0,4.0,19.0,1.0,0,136.0,0.0,7.0,1,1,1
7704,42.0,1.0,16.0,1.0,3,49.0,1.0,40.0,0,0,0
7705,42.0,5.0,18.0,1.0,4,49.0,1.0,40.0,1,0,1
7706,33.0,1.0,18.0,1.0,3,6.0,0.0,40.0,1,1,1
7707,62.0,1.0,21.0,1.0,0,440.0,0.0,40.0,1,1,1
7708,73.0,4.0,22.0,1.0,2,18.0,0.0,25.0,0,1,1
7709,61.0,4.0,19.0,1.0,2,6.0,1.0,40.0,1,1,1
7710,65.0,1.0,21.0,1.0,0,49.0,0.0,40.0,0,1,1
7711,30.0,3.0,21.0,3.0,0,49.0,0.0,20.0,1,1,1
7712,43.0,1.0,16.0,5.0,2,23.0,0.0,66.0,1,1,0
7713,66.0,8.0,19.0,1.0,3,49.0,0.0,24.0,1,1,1
7714,83.0,4.0,21.0,1.0,1,6.0,1.0,40.0,0,0,1
7715,63.0,1.0,18.0,5.0,4,372.0,2.0,20.0,1,1,0
7716,79.0,1.0,18.0,1.0,1,49.0,1.0,40.0,1,1,1
7717,47.0,1.0,21.0,1.0,1,49.0,0.0,57.0,1,1,0
7718,33.0,2.0,19.0,1.0,3,6.0,0.0,40.0,1,1,1
7719,47.0,1.0,19.0,1.0,2,138.0,1.0,50.0,0,1,1
7720,25.0,1.0,10.0,5.0,0,49.0,17.0,33.0,1,1,1
7721,19.0,1.0,18.0,1.0,0,49.0,1.0,46.0,1,1,1
7722,44.0,1.0,20.0,1.0,2,49.0,0.0,40.0,0,1,1
7723,32.0,1.0,16.0,1.0,4,6.0,0.0,40.0,1,1,0
7724,39.0,1.0,22.0,4.0,0,49.0,0.0,54.0,0,1,0
7725,50.0,1.0,22.0,1.0,0,49.0,1.0,40.0,0,1,1
7726,73.0,1.0,21.0,5.0,0,49.0,0.0,50.0,0,1,0
7727,70.0,2.0,19.0,1.0,3,49.0,0.0,17.0,0,1,0
7728,50.0,1.0,11.0,5.0,5,49.0,9.0,53.0,0,1,0
7729,50.0,1.0,19.0,3.0,2,49.0,0.0,50.0,1,1,1
7730,28.0,1.0,23.0,1.0,0,213.0,1.0,47.0,0,1,1
7731,74.0,1.0,21.0,1.0,0,238.0,0.0,40.0,1,1,1
7732,21.0,1.0,19.0,1.0,4,6.0,2.0,45.0,1,1,1
7733,62.0,3.0,20.0,1.0,0,150.0,1.0,45.0,1,1,1
7734,65.0,1.0,16.0,5.0,2,40.0,0.0,40.0,1,1,0
7735,28.0,4.0,21.0,1.0,0,49.0,0.0,40.0,0,1,0
7736,73.0,1.0,16.0,5.0,2,49.0,2.0,40.0,0,1,0
7737,68.0,1.0,16.0,5.0,1,49.0,13.0,40.0,0,0,1
7738,21.0,1.0,16.0,5.0,4,1.0,0.0,40.0,1,1,0
7739,38.0,1.0,12.0,3.0,0,49.0,0.0,40.0,1,0,1
7740,48.0,1.0,18.0,1.0,3,417.0,1.0,40.0,1,1,1
7741,26.0,1.0,19.0,3.0,3,49.0,0.0,8.0,1,1,0
7742,52.0,2.0,19.0,1.0,0,49.0,2.0,37.0,1,1,0
7743,33.0,1.0,22.0,5.0,0,6.0,0.0,40.0,1,1,0
7744,72.0,4.0,16.0,5.0,2,49.0,2.0,40.0,1,1,0
7745,70.0,4.0,21.0,5.0,0,49.0,0.0,20.0,0,1,0
7746,39.0,1.0,16.0,5.0,2,49.0,2.0,91.0,1,1,1
7747,28.0,1.0,20.0,5.0,2,56.0,2.0,11.0,1,1,0
7748,34.0,6.0,21.0,1.0,0,6.0,1.0,53.0,0,1,1
7749,21.0,1.0,19.0,5.0,4,6.0,2.0,4.0,0,1,0
7750,78.0,1.0,23.0,1.0,4,49.0,0.0,40.0,0,1,0
7751,61.0,2.0,21.0,1.0,0,49.0,0.0,40.0,0,1,1
7752,76.0,4.0,16.0,1.0,2,49.0,1.0,45.0,1,1,1
7753,51.0,1.0,21.0,3.0,0,49.0,0.0,19.0,1,1,0
7754,50.0,1.0,19.0,1.0,2,49.0,1.0,40.0,1,1,1
7755,28.0,3.0,22.0,1.0,0,55.0,0.0,85.0,1,1,0
7756,86.0,2.0,21.0,5.0,0,49.0,2.0,40.0,0,1,0
7757,53.0,1.0,19.0,3.0,4,49.0,0.0,40.0,0,1,0
7758,87.0,1.0,4.0,1.0,1,247.0,1.0,45.0,1,1,0
7759,21.0,4.0,21.0,3.0,2,6.0,0.0,40.0,0,1,1
7760,84.0,1.0,21.0,1.0,0,138.0,1.0,40.0,1,1,1
7761,70.0,1.0,16.0,5.0,2,238.0,11.0,6.0,0,1,0
7762,77.0,3.0,21.0,1.0,0,414.0,0.0,20.0,0,1,0
7763,74.0,2.0,19.0,1.0,2,60.0,1.0,13.0,1,1,1
7764,66.0,3.0,18.0,1.0,5,49.0,1.0,28.0,0,0,0
7765,31.0,1.0,21.0,1.0,2,126.0,0.0,31.0,1,1,0
7766,84.0,1.0,19.0,1.0,4,49.0,0.0,20.0,0,1,0
7767,48.0,1.0,13.0,1.0,4,6.0,1.0,40.0,1,1,1
7768,68.0,4.0,20.0,5.0,1,49.0,0.0,40.0,1,1,0
7769,33.0,1.0,21.0,5.0,1,49.0,7.0,49.0,0,1,0
7770,65.0,7.0,16.0,1.0,4,49.0,1.0,53.0,1,1,0
7771,65.0,1.0,18.0,1.0,2,223.0,1.0,50.0,1,1,1
7772,45.0,8.0,19.0,5.0,1,49.0,2.0,90.0,0,1,0
7773,23.0,4.0,21.0,5.0,2,49.0,11.0,40.0,1,1,0
7774,60.0,1.0,16.0,5.0,4,203.0,6.0,52.0,1,1,0
7775,21.0,5.0,22.0,3.0,0,6.0,0.0,40.0,0,1,1
7776,38.0,8.0,19.0,3.0,1,49.0,0.0,45.0,0,0,0
7777,21.0,1.0,21.0,1.0,0,6.0,0.0,40.0,0,1,1
7778,28.0,3.0,14.0,5.0,1,49.0,2.0,11.0,0,1,0
7779,36.0,1.0,16.0,5.0,2,249.0,2.0,40.0,0,1,0
7780,18.0,4.0,22.0,1.0,0,49.0,1.0,40.0,1,1,1
7781,56.0,2.0,22.0,1.0,0,49.0,1.0,60.0,0,1,1
7782,23.0,1.0,21.0,5.0,0,49.0,0.0,88.0,0,0,0
7783,92.0,1.0,20.0,1.0,0,49.0,0.0,40.0,1,1,1
7784,61.0,1.0,19.0,1.0,4,12.0,9.0,21.0,1,1,0
7785,18.0,3.0,21.0,5.0,0,49.0,1.0,84.0,0,1,0
7786,25.0,2.0,22.0,1.0,0,49.0,1.0,25.0,0,1,1
7787,59.0,5.0,12.0,1.0,0,6.0,0.0,40.0,0,1,0
7788,41.0,4.0,21.0,1.0,2,49.0,0.0,27.0,1,1,1
7789,34.0,1.0,19.0,1.0,2,49.0,1.0,40.0,1,0,1
7790,38.0,1.0,9.0,3.0,4,49.0,0.0,40.0,1,1,1
7791,58.0,1.0,21.0,1.0,0,158.0,0.0,45.0,1,1,1
7792,68.0,3.0,22.0,1.0,0,49.0,0.0,45.0,1,1,1
7793,21.0,1.0,19.0,1.0,1,37.0,0.0,40.0,0,1,0
7794,22.0,7.0,16.0,1.0,4,49.0,1.0,40.0,0,1,0
7795,86.0,1.0,24.0,1.0,5,49.0,0.0,53.0,0,1,0
7796,60.0,1.0,21.0,1.0,1,49.0,0.0,40.0,1,1,1
7797,17.0,1.0,20.0,3.0,3,373.0,0.0,40.0,1,0,1
7798,77.0,1.0,16.0,1.0,1,109.0,0.0,62.0,1,1,1
7799,18.0,1.0,20.0,4.0,0,243.0,0.0,40.0,0,1,0
7800,54.0,1.0,21.0,1.0,1,103.0,1.0,40.0,1,1,1
7801,92.0,1.0,24.0,5.0,1,24.0,16.0,39.0,0,1,0
7802,83.0,3.0,10.0,1.0,0,49.0,1.0,40.0,0,1,1
7803,22.0,1.0,19.0,3.0,3,49.0,0.0,40.0,1,1,1
7804,71.0,4.0,21.0,1.0,0,49.0,1.0,40.0,0,1,1
7805,32.0,1.0,22.0,1.0,2,22.0,0.0,68.0,1,1,1
7806,40.0,1.0,22.0,1.0,0,49.0,1.0,40.0,1,1,1
7807,51.0,1.0,16.0,1.0,4,6.0,0.0,9.0,0,1,1
7808,51.0,1.0,19.0,1.0,1,49.0,1.0,50.0,1,1,1
7809,65.0,6.0,19.0,1.0,2,49.0,0.0,45.0,1,1,0
7810,52.0,1.0,21.0,1.0,2,49.0,1.0,20.0,0,1,0
7811,18.0,1.0,21.0,1.0,0,49.0,1.0,40.0,0,1,0
7812,23.0,1.0,16.0,4.0,3,49.0,0.0,40.0,0,1,0
7813,64.0,1.0,20.0,3.0,3,49.0,11.0,72.0,1,0,1
7814,43.0,6.0,21.0,1.0,1,49.0,1.0,49.0,1,1,0
7815,44.0,1.0,22.0,2.0,0,311.0,0.0,16.0,1,1,0
7816,42.0,1.0,16.0,1.0,4,6.0,1.0,40.0,1,1,1
7817,74.0,1.0,13.0,5.0,4,4.0,2.0,40.0,1,0,0
7818,80.0,3.0,19.0,1.0,0,363.0,0.0,40.0,1,1,1
7819,22.0,1.0,18.0,5.0,0,49.0,2.0,20.0,0,1,0
7820,69.0,1.0,21.0,1.0,0,49.0,2.0,36.0,1,0,1
7821,83.0,1.0,19.0,3.0,3,34.0,0.0,43.0,1,1,0
7822,54.0,1.0,21.0,1.0,1,449.0,0.0,72.0,1,1,1
7823,77.0,1.0,2.0,5.0,0,49.0,0.0,40.0,0,0,0
7824,25.0,4.0,10.0,1.0,0,49.0,0.0,40.0,1,1,1
7825,92.0,1.0,21.0,1.0,2,49.0,0.0,15.0,0,1,0
7826,34.0,6.0,19.0,1.0,2,139.0,1.0,45.0,0,1,1
7827,66.0,1.0,19.0,5.0,1,49.0,13.0,25.0,1,1,0
7828,51.0,7.0,1.0,5.0,5,51.0,2.0,45.0,1,1,0
7829,63.0,1.0,21.0,1.0,1,4.0,2.0,40.0,0,1,0
7830,21.0,3.0,21.0,5.0,1,105.0,2.0,40.0,0,1,0
7831,84.0,4.0,19.0,3.0,2,158.0,0.0,40.0,1,1,1
7832,22.0,1.0,21.0,5.0,0,2.0,11.0,30.0,1,0,0
7833,83.0,3.0,22.0,1.0,0,49.0,0.0,22.0,1,1,1
7834,84.0,1.0,19.0,1.0,0,103.0,1.0,78.0,0,1,0
7835,80.0,1.0,22.0,1.0,2,49.0,1.0,40.0,1,1,1
7836,72.0,7.0,16.0,3.0,4,49.0,0.0,40.0,0,1,1
7837,29.0,3.0,21.0,1.0,0,19.0,1.0,50.0,1,1,1
7838,19.0,3.0,22.0,1.0,0,49.0,1.0,40.0,0,1,0
7839,17.0,3.0,21.0,5.0,0,49.0,2.0,1.0,1,1,1
7840,32.0,3.0,4.0,1.0,4,49.0,0.0,16.0,1,1,0
7841,42.0,1.0,16.0,1.0,4,37.0,1.0,49.0,0,1,1
7842,80.0,1.0,21.0,5.0,0,364.0,0.0,45.0,0,1,0
7843,70.0,1.0,12.0,1.0,1,49.0,0.0,40.0,1,1,1
7844,29.0,1.0,19.0,4.0,1,6.0,0.0,32.0,1,1,0
7845,64.0,1.0,21.0,1.0,1,40.0,0.0,22.0,1,1,0
7846,68.0,1.0,21.0,1.0,1,49.0,1.0,50.0,1,1,1
7847,22.0,1.0,16.0,1.0,1,49.0,0.0,40.0,0,1,0
7848,82.0,2.0,21.0,1.0,0,17.0,0.0,40.0,1,0,1
7849,51.0,1.0,19.0,3.0,1,49.0,0.0,40.0,1,1,1
7850,66.0,1.0,19.0,1.0,2,49.0,0.0,49.0,0,1,0
7851,87.0,1.0,19.0,1.0,2,442.0,1.0,40.0,1,1,1
7852,30.0,1.0,17.0,1.0,1,6.0,3.0,33.0,0,1,0
7853,59.0,1.0,22.0,1.0,0,523.0,0.0,40.0,1,0,1
7854,18.0,1.0,18.0,5.0,4,23.0,4.0,3.0,0,1,0
7855,20.0,2.0,21.0,5.0,2,49.0,2.0,40.0,1,1,0
7856,70.0,7.0,18.0,1.0,3,323.0,0.0,20.0,1,1,0
7857,63.0,1.0,8.0,1.0,4,332.0,0.0,40.0,1,1,1
7858,23.0,4.0,4.0,5.0,1,49.0,2.0,50.0,1,1,1
7859,45.0,3.0,22.0,1.0,0,6.0,0.0,18.0,1,1,1
7860,24.0,1.0,21.0,1.0,0,49.0,0.0,70.0,1,1,0
7861,19.0,5.0,19.0,1.0,1,6.0,2.0,2.0,0,1,0
7862,73.0,1.0,4.0,1.0,0,235.0,0.0,45.0,1,1,1
7863,45.0,1.0,22.0,1.0,0,51.0,0.0,20.0,0,1,0
7864,83.0,2.0,21.0,3.0,0,109.0,0.0,40.0,0,1,1
7865,29.0,5.0,17.0,2.0,0,55.0,0.0,84.0,0,1,0
7866,32.0,1.0,5.0,1.0,4,6.0,0.0,40.0,1,1,1
7867,52.0,1.0,18.0,1.0,3,163.0,1.0,17.0,0,1,0
7868,70.0,2.0,22.0,5.0,0,104.0,2.0,45.0,1,1,1
7869,63.0,1.0,20.0,1.0,1,6.0,0.0,50.0,0,1,0
7870,57.0,1.0,21.0,1.0,1,49.0,0.0,45.0,1,1,0
7871,84.0,6.0,16.0,1.0,4,448.0,1.0,56.0,1,1,1
7872,37.0,1.0,19.0,1.0,2,28.0,0.0,40.0,0,1,1
7873,31.0,1.0,19.0,3.0,1,49.0,0.0,40.0,0,1,0
7874,75.0,1.0,21.0,1.0,2,49.0,0.0,19.0,1,1,0
7875,87.0,1.0,20.0,1.0,2,49.0,0.0,40.0,1,1,1
7876,28.0,1.0,16.0,3.0,1,49.0,0.0,40.0,1,1,0
7877,20.0,1.0,20.0,5.0,2,30.0,2.0,66.0,0,1,0
7878,74.0,7.0,16.0,5.0,3,200.0,0.0,40.0,0,1,0
7879,32.0,4.0,18.0,1.0,0,49.0,1.0,40.0,1,1,1
7880,26.0,1.0,21.0,5.0,0,49.0,2.0,45.0,1,1,1
7881,26.0,1.0,19.0,5.0,4,449.0,12.0,72.0,1,1,0
7882,21.0,4.0,18.0,5.0,0,511.0,2.0,55.0,1,1,0
7883,31.0,2.0,19.0,1.0,0,105.0,0.0,40.0,1,1,1
7884,52.0,5.0,9.0,1.0,2,49.0,1.0,40.0,1,1,0
7885,75.0,2.0,20.0,5.0,2,414.0,9.0,40.0,1,1,0
7886,31.0,6.0,21.0,5.0,0,6.0,5.0,7.0,1,1,0
7887,71.0,5.0,21.0,1.0,0,49.0,0.0,44.0,1,1,1
7888,51.0,2.0,22.0,5.0,0,49.0,11.0,40.0,1,1,1
7889,33.0,3.0,16.0,3.0,4,46.0,1.0,40.0,1,1,1
7890,92.0,1.0,16.0,1.0,2,49.0,14.0,57.0,0,1,0
7891,46.0,1.0,21.0,1.0,2,31.0,16.0,41.0,0,1,0
7892,79.0,4.0,19.0,1.0,2,49.0,1.0,40.0,1,1,1
7893,19.0,1.0,19.0,1.0,1,49.0,0.0,75.0,1,1,1
7894,56.0,3.0,21.0,5.0,0,10.0,0.0,78.0,1,1,0
7895,87.0,1.0,16.0,1.0,3,48.0,0.0,19.0,1,1,0
7896,40.0,2.0,19.0,1.0,0,49.0,1.0,40.0,1,1,1
7897,26.0,1.0,8.0,1.0,1,6.0,1.0,41.0,0,1,0
7898,26.0,2.0,22.0,1.0,0,49.0,0.0,43.0,1,0,1
7899,17.0,1.0,11.0,5.0,4,49.0,3.0,80.0,0,1,0
7900,63.0,1.0,19.0,1.0,4,448.0,1.0,40.0,0,1,1
7901,35.0,1.0,16.0,3.0,4,104.0,0.0,35.0,1,1,1
7902,64.0,1.0,16.0,5.0,1,29.0,0.0,20.0,0,1,0
7903,77.0,4.0,21.0,1.0,0,53.0,0.0,4.0,0,1,1
7904,74.0,1.0,21.0,1.0,0,54.0,0.0,40.0,0,1,1
7905,52.0,1.0,16.0,1.0,4,49.0,1.0,50.0,1,1,1
7906,25.0,1.0,20.0,1.0,0,106.0,1.0,45.0,0,1,1
7907,38.0,1.0,19.0,5.0,1,49.0,8.0,40.0,0,0,0
7908,73.0,1.0,22.0,5.0,0,49.0,2.0,75.0,0,1,1
7909,78.0,1.0,18.0,1.0,2,49.0,0.0,19.0,1,1,1
7910,40.0,1.0,16.0,3.0,2,38.0,0.0,70.0,0,0,0
7911,47.0,1.0,22.0,1.0,0,49.0,0.0,40.0,0,1,1
7912,82.0,1.0,21.0,3.0,0,49.0,0.0,80.0,0,1,0
7913,67.0,1.0,21.0,5.0,0,49.0,17.0,45.0,0,1,0
7914,49.0,1.0,20.0,1.0,3,49.0,1.0,40.0,1,1,1
7915,42.0,1.0,16.0,5.0,4,49.0,7.0,49.0,0,1,0
7916,29.0,1.0,22.0,1.0,0,49.0,0.0,34.0,1,1,1
7917,54.0,1.0,21.0,1.0,2,6.0,1.0,20.0,1,1,1
7918,62.0,4.0,4.0,1.0,0,33.0,0.0,40.0,1,1,1
7919,28.0,1.0,20.0,5.0,1,49.0,0.0,19.0,0,1,0
7920,70.0,1.0,21.0,5.0,2,49.0,0.0,88.0,0,1,0
7921,82.0,1.0,13.0,1.0,4,49.0,1.0,40.0,0,1,1
7922,22.0,1.0,16.0,2.0,4,49.0,2.0,40.0,1,1,0
7923,52.0,1.0,21.0,1.0,0,6.0,1.0,45.0,1,1,1
7924,28.0,1.0,16.0,1.0,4,49.0,1.0,80.0,0,1,0
7925,20.0,1.0,20.0,5.0,0,49.0,11.0,82.0,0,1,0
7926,21.0,1.0,16.0,1.0,3,6.0,1.0,16.0,1,1,1
7927,40.0,2.0,18.0,3.0,0,104.0,0.0,40.0,1,1,0
7928,60.0,2.0,19.0,1.0,0,49.0,0.0,47.0,1,1,1
7929,26.0,2.0,21.0,5.0,0,49.0,0.0,40.0,0,1,0
7930,71.0,1.0,11.0,1.0,0,427.0,0.0,40.0,1,1,1
7931,44.0,1.0,22.0,1.0,2,49.0,0.0,45.0,1,1,0
7932,21.0,2.0,21.0,5.0,0,329.0,2.0,40.0,1,1,1
7933,39.0,1.0,19.0,1.0,2,49.0,1.0,40.0,0,0,0
7934,64.0,8.0,19.0,1.0,3,49.0,0.0,50.0,0,1,1
7935,74.0,3.0,22.0,5.0,0,49.0,12.0,31.0,1,1,0
7936,77.0,1.0,20.0,1.0,1,363.0,0.0,58.0,0,1,0
7937,47.0,1.0,18.0,1.0,0,49.0,0.0,50.0,0,1,1
7938,44.0,1.0,16.0,5.0,4,49.0,4.0,40.0,0,0,1
7939,66.0,1.0,20.0,1.0,0,6.0,1.0,44.0,1,1,0
7940,80.0,1.0,16.0,1.0,2,49.0,1.0,40.0,0,1,0
7941,21.0,3.0,16.0,5.0,4,49.0,2.0,47.0,1,1,0
7942,38.0,3.0,24.0,3.0,0,46.0,1.0,45.0,1,0,1
7943,57.0,1.0,21.0,1.0,2,49.0,0.0,57.0,0,1,0
7944,44.0,2.0,21.0,3.0,0,49.0,0.0,9.0,0,1,1
7945,48.0,1.0,22.0,5.0,2,49.0,16.0,20.0,1,1,0
7946,82.0,2.0,19.0,5.0,0,49.0,4.0,15.0,1,1,0
7947,86.0,2.0,22.0,3.0,0,49.0,0.0,40.0,1,1,1
7948,17.0,6.0,20.0,1.0,0,49.0,0.0,65.0,0,1,1
7949,44.0,1.0,21.0,3.0,0,8.0,1.0,40.0,0,1,1
7950,28.0,5.0,18.0,1.0,1,21.0,0.0,33.0,1,1,1
7951,49.0,1.0,21.0,1.0,1,49.0,2.0,40.0,1,1,0
7952,77.0,1.0,18.0,1.0,0,49.0,1.0,40.0,1,1,1
7953,61.0,1.0,19.0,1.0,1,49.0,1.0,99.0,0,1,0
7954,40.0,1.0,16.0,5.0,2,238.0,2.0,40.0,1,0,0
7955,61.0,4.0,19.0,1.0,2,233.0,1.0,40.0,0,1,1
7956,37.0,1.0,21.0,5.0,1,6.0,9.0,47.0,0,1,0
7957,52.0,4.0,19.0,5.0,0,49.0,2.0,28.0,1,1,0
7958,17.0,1.0,22.0,1.0,2,2.0,1.0,2.0,1,1,1
7959,20.0,1.0,20.0,5.0,2,49.0,2.0,20.0,1,1,0
7960,50.0,3.0,22.0,1.0,0,49.0,0.0,50.0,1,1,1
7961,72.0,5.0,21.0,4.0,1,49.0,0.0,20.0,0,1,0
7962,66.0,1.0,21.0,1.0,0,6.0,1.0,40.0,1,1,0
7963,28.0,1.0,18.0,3.0,3,6.0,0.0,40.0,1,1,1
7964,66.0,1.0,20.0,1.0,2,49.0,1.0,40.0,1,1,1
7965,55.0,1.0,19.0,5.0,3,49.0,10.0,45.0,1,1,0
7966,72.0,2.0,1.0,1.0,0,49.0,1.0,55.0,0,1,0
7967,43.0,1.0,21.0,1.0,1,49.0,1.0,40.0,1,1,0
7968,39.0,1.0,21.0,3.0,1,49.0,0.0,40.0,0,0,0
7969,44.0,3.0,20.0,1.0,0,49.0,2.0,45.0,1,1,1
7970,21.0,5.0,19.0,1.0,2,6.0,1.0,50.0,0,1,0
7971,66.0,1.0,20.0,5.0,0,49.0,2.0,57.0,0,0,0
7972,25.0,7.0,21.0,5.0,5,49.0,1.0,20.0,0,1,0
7973,41.0,7.0,18.0,1.0,-1,523.0,1.0,40.0,1,1,0
7974,92.0,6.0,20.0,1.0,3,60.0,0.0,40.0,0,1,1
7975,29.0,1.0,21.0,5.0,0,24.0,2.0,40.0,1,1,1
7976,74.0,4.0,21.0,5.0,0,49.0,1.0,40.0,1,1,1
7977,64.0,1.0,24.0,1.0,2,49.0,1.0,75.0,1,1,0
7978,75.0,4.0,20.0,1.0,0,49.0,0.0,40.0,0,1,0
7979,60.0,1.0,17.0,1.0,4,49.0,11.0,40.0,1,1,1
7980,32.0,6.0,21.0,1.0,1,49.0,1.0,37.0,1,1,0
7981,76.0,1.0,18.0,1.0,3,49.0,0.0,40.0,0,1,1
7982,36.0,1.0,21.0,2.0,0,49.0,0.0,40.0,0,1,0
7983,20.0,1.0,20.0,5.0,2,49.0,0.0,35.0,0,1,0
7984,25.0,1.0,22.0,1.0,2,49.0,0.0,45.0,0,1,1
7985,54.0,1.0,19.0,5.0,1,49.0,2.0,59.0,1,1,0
7986,26.0,1.0,13.0,1.0,1,49.0,1.0,90.0,0,1,0
7987,80.0,1.0,22.0,5.0,2,442.0,10.0,40.0,1,1,0
7988,76.0,4.0,22.0,1.0,0,414.0,0.0,82.0,1,1,1
7989,44.0,3.0,19.0,5.0,0,41.0,2.0,40.0,0,1,0
7990,58.0,2.0,21.0,1.0,0,49.0,0.0,40.0,1,1,1
7991,37.0,4.0,22.0,1.0,2,49.0,2.0,40.0,0,0,1
7992,45.0,1.0,21.0,1.0,0,448.0,0.0,11.0,1,1,1
7993,27.0,1.0,21.0,1.0,0,6.0,1.0,40.0,1,1,1
7994,46.0,1.0,19.0,5.0,4,33.0,2.0,40.0,1,1,0
7995,38.0,4.0,16.0,3.0,2,49.0,0.0,40.0,1,1,1
7996,45.0,4.0,19.0,3.0,2,416.0,0.0,40.0,1,1,1
7997,78.0,1.0,16.0,5.0,1,49.0,2.0,40.0,0,1,0
7998,49.0,2.0,18.0,3.0,0,104.0,0.0,49.0,0,0,0
7999,86.0,1.0,19.0,3.0,4,49.0,0.0,96.0,0,1,0
8000,83.0,4.0,19.0,3.0,1,49.0,0.0,75.0,0,1,0
8001,57.0,4.0,21.0,1.0,0,49.0,4.0,40.0,1,1,1
8002,66.0,3.0,19.0,1.0,4,49.0,1.0,19.0,1,0,1
8003,22.0,1.0,21.0,3.0,1,515.0,0.0,48.0,0,1,0
8004,26.0,1.0,12.0,3.0,0,467.0,0.0,40.0,1,0,1
8005,58.0,3.0,16.0,1.0,3,6.0,0.0,52.0,1,1,1
8006,24.0,2.0,4.0,5.0,0,49.0,1.0,20.0,0,0,0
8007,61.0,1.0,16.0,1.0,2,20.0,1.0,40.0,1,1,1
8008,61.0,1.0,16.0,1.0,4,49.0,16.0,53.0,0,1,0
8009,24.0,1.0,19.0,3.0,3,49.0,0.0,3.0,1,1,1
8010,69.0,1.0,19.0,1.0,2,49.0,2.0,45.0,0,1,1
8011,32.0,5.0,16.0,5.0,3,49.0,12.0,40.0,1,1,0
8012,40.0,1.0,20.0,1.0,2,136.0,1.0,50.0,1,1,1
8013,37.0,1.0,16.0,1.0,2,49.0,1.0,40.0,1,1,1
8014,38.0,1.0,7.0,3.0,4,49.0,0.0,40.0,0,1,0
8015,61.0,1.0,21.0,1.0,1,30.0,1.0,21.0,1,1,0
8016,30.0,1.0,16.0,1.0,3,223.0,1.0,50.0,0,1,1
8017,50.0,1.0,19.0,3.0,2,49.0,5.0,50.0,1,1,1
8018,42.0,3.0,20.0,1.0,0,368.0,1.0,88.0,0,1,0
8019,25.0,1.0,19.0,1.0,2,35.0,1.0,60.0,0,1,0
8020,34.0,1.0,19.0,1.0,0,49.0,0.0,45.0,1,1,1
8021,21.0,4.0,16.0,1.0,1,372.0,0.0,50.0,1,1,1
8022,45.0,1.0,21.0,5.0,0,6.0,16.0,40.0,0,0,0
8023,66.0,4.0,19.0,5.0,2,212.0,7.0,45.0,1,1,0
8024,43.0,3.0,21.0,5.0,0,49.0,0.0,15.0,1,1,0
8025,50.0,1.0,19.0,5.0,0,49.0,6.0,28.0,0,1,0
8026,86.0,2.0,16.0,5.0,2,49.0,15.0,48.0,0,1,0
8027,59.0,6.0,18.0,1.0,4,49.0,0.0,17.0,0,0,0
8028,76.0,7.0,16.0,1.0,4,49.0,0.0,40.0,1,1,1
8029,65.0,1.0,22.0,1.0,0,49.0,1.0,28.0,1,1,1
8030,77.0,8.0,11.0,4.0,0,49.0,0.0,46.0,0,1,1
8031,59.0,3.0,22.0,1.0,0,49.0,1.0,40.0,1,1,1
8032,47.0,1.0,16.0,5.0,2,315.0,10.0,22.0,0,1,0
8033,25.0,4.0,19.0,1.0,2,49.0,0.0,31.0,0,1,0
8034,67.0,1.0,7.0,5.0,1,49.0,2.0,21.0,1,1,0
8035,47.0,1.0,21.0,1.0,0,49.0,1.0,50.0,0,1,1
8036,21.0,1.0,21.0,5.0,2,6.0,0.0,50.0,0,1,1
8037,74.0,1.0,22.0,1.0,0,49.0,0.0,50.0,1,1,1
8038,60.0,1.0,22.0,5.0,0,6.0,0.0,24.0,0,1,0
8039,61.0,2.0,7.0,5.0,0,28.0,15.0,40.0,1,1,1
8040,46.0,1.0,21.0,1.0,1,49.0,0.0,20.0,1,1,0
8041,25.0,1.0,13.0,5.0,1,49.0,2.0,20.0,1,1,0
8042,49.0,2.0,20.0,3.0,0,442.0,0.0,40.0,1,1,1
8043,31.0,6.0,16.0,1.0,4,49.0,15.0,45.0,1,0,1
8044,27.0,2.0,19.0,1.0,3,49.0,1.0,45.0,0,1,1
8045,35.0,1.0,21.0,1.0,0,72.0,0.0,50.0,1,1,1
8046,82.0,1.0,21.0,2.0,5,49.0,0.0,44.0,0,1,0
8047,72.0,1.0,2.0,5.0,0,49.0,2.0,37.0,0,1,0
8048,42.0,1.0,16.0,5.0,2,49.0,6.0,20.0,0,1,0
8049,56.0,1.0,16.0,5.0,2,18.0,0.0,53.0,0,0,0
8050,35.0,1.0,18.0,3.0,3,364.0,0.0,57.0,0,1,1
8051,29.0,1.0,22.0,1.0,2,49.0,1.0,40.0,0,1,1
8052,92.0,1.0,21.0,5.0,1,49.0,2.0,99.0,0,1,0
8053,38.0,1.0,16.0,3.0,4,49.0,0.0,90.0,1,0,1
8054,23.0,1.0,21.0,3.0,2,11.0,0.0,47.0,1,1,0
8055,83.0,1.0,21.0,1.0,0,6.0,1.0,40.0,1,0,1
8056,50.0,4.0,22.0,5.0,0,134.0,0.0,40.0,1,1,1
8057,20.0,1.0,19.0,5.0,2,49.0,2.0,20.0,0,1,0
8058,56.0,8.0,20.0,1.0,3,49.0,0.0,5.0,0,1,1
8059,17.0,1.0,21.0,1.0,1,17.0,0.0,52.0,1,1,0
8060,76.0,1.0,22.0,3.0,0,49.0,0.0,42.0,1,1,0
8061,38.0,1.0,18.0,5.0,1,49.0,2.0,40.0,0,0,0
8062,65.0,1.0,19.0,1.0,3,212.0,0.0,53.0,0,1,0
8063,53.0,1.0,16.0,5.0,4,49.0,2.0,50.0,1,1,0
8064,57.0,1.0,21.0,1.0,0,49.0,9.0,7.0,0,1,1
8065,35.0,3.0,9.0,1.0,0,206.0,0.0,40.0,1,0,0
8066,19.0,1.0,16.0,5.0,1,200.0,1.0,27.0,0,1,0
8067,63.0,1.0,19.0,3.0,1,49.0,1.0,40.0,0,1,0
8068,69.0,1.0,19.0,1.0,4,49.0,0.0,67.0,1,1,0
8069,83.0,1.0,20.0,1.0,0,49.0,1.0,45.0,1,1,1
8070,64.0,1.0,19.0,5.0,0,223.0,2.0,22.0,0,1,0
8071,61.0,1.0,18.0,1.0,3,49.0,0.0,31.0,0,1,0
8072,53.0,1.0,20.0,1.0,0,49.0,1.0,20.0,1,1,1
8073,25.0,1.0,21.0,1.0,0,49.0,1.0,40.0,0,1,1
8074,58.0,1.0,16.0,1.0,2,9.0,1.0,50.0,1,1,1
8075,75.0,7.0,20.0,5.0,1,49.0,2.0,20.0,1,1,0
8076,19.0,1.0,22.0,1.0,2,222.0,1.0,45.0,0,1,1
8077,59.0,1.0,19.0,1.0,4,127.0,1.0,40.0,1,1,1
8078,62.0,1.0,20.0,3.0,1,49.0,0.0,24.0,0,0,1
8079,46.0,1.0,20.0,5.0,0,6.0,2.0,40.0,1,0,1
8080,82.0,7.0,18.0,1.0,-1,49.0,1.0,40.0,0,1,0
8081,83.0,7.0,18.0,1.0,3,138.0,0.0,67.0,0,1,0
8082,29.0,1.0,7.0,1.0,0,49.0,0.0,4.0,1,1,1
8083,70.0,4.0,21.0,5.0,1,72.0,17.0,40.0,1,1,0
8084,67.0,6.0,21.0,5.0,0,49.0,2.0,40.0,1,1,0
8085,72.0,2.0,22.0,1.0,0,49.0,0.0,20.0,0,1,1
8086,72.0,2.0,19.0,1.0,2,49.0,0.0,50.0,0,1,1
8087,66.0,1.0,19.0,5.0,0,49.0,2.0,40.0,0,1,0
8088,68.0,1.0,16.0,1.0,4,49.0,1.0,25.0,0,1,0
8089,87.0,1.0,19.0,1.0,2,209.0,0.0,50.0,1,1,1
8090,77.0,1.0,21.0,1.0,0,119.0,0.0,36.0,0,0,0
8091,20.0,1.0,19.0,1.0,3,49.0,0.0,50.0,1,1,1
8092,44.0,1.0,19.0,1.0,1,49.0,0.0,91.0,1,1,1
8093,80.0,1.0,22.0,1.0,2,245.0,1.0,31.0,1,1,0
8094,45.0,1.0,20.0,1.0,0,332.0,0.0,45.0,1,1,1
8095,18.0,1.0,20.0,1.0,2,49.0,1.0,20.0,1,1,0
8096,24.0,1.0,16.0,1.0,2,49.0,0.0,40.0,0,1,1
8097,60.0,1.0,16.0,1.0,2,51.0,1.0,16.0,1,1,1
8098,36.0,1.0,21.0,5.0,0,49.0,3.0,40.0,1,1,0
8099,65.0,1.0,19.0,1.0,2,6.0,1.0,19.0,1,1,1
8100,68.0,1.0,22.0,1.0,0,49.0,2.0,30.0,1,1,1
8101,21.0,1.0,21.0,3.0,2,6.0,0.0,54.0,1,1,1
8102,82.0,3.0,21.0,1.0,0,162.0,0.0,50.0,0,1,1
8103,74.0,1.0,16.0,1.0,2,49.0,2.0,40.0,1,1,1
8104,22.0,1.0,20.0,1.0,2,49.0,1.0,40.0,0,1,0
8105,36.0,1.0,19.0,1.0,0,6.0,0.0,40.0,0,1,0
8106,76.0,4.0,16.0,1.0,1,49.0,0.0,40.0,0,1,1
8107,63.0,1.0,20.0,3.0,0,136.0,0.0,58.0,0,0,1
8108,20.0,7.0,20.0,5.0,3,49.0,2.0,40.0,1,1,1
8109,86.0,1.0,21.0,1.0,1,449.0,1.0,23.0,0,1,0
8110,65.0,1.0,18.0,1.0,1,119.0,1.0,78.0,0,0,1
8111,53.0,1.0,22.0,1.0,0,11.0,1.0,40.0,0,1,1
8112,25.0,1.0,16.0,5.0,1,313.0,2.0,28.0,0,1,0
8113,20.0,1.0,16.0,5.0,1,49.0,10.0,6.0,1,1,0
8114,39.0,8.0,16.0,3.0,1,6.0,0.0,46.0,1,1,0
8115,29.0,1.0,20.0,1.0,1,1.0,1.0,50.0,1,1,1
8116,66.0,1.0,21.0,1.0,0,49.0,0.0,38.0,1,1,1
8117,74.0,4.0,16.0,1.0,3,6.0,1.0,40.0,1,1,1
8118,82.0,1.0,19.0,1.0,0,33.0,1.0,53.0,1,0,1
8119,76.0,1.0,20.0,1.0,2,49.0,1.0,40.0,0,1,1
8120,71.0,1.0,20.0,3.0,2,49.0,6.0,19.0,1,1,1
8121,29.0,1.0,16.0,1.0,4,49.0,0.0,12.0,0,1,0
8122,31.0,1.0,22.0,1.0,2,49.0,1.0,40.0,0,1,0
8123,84.0,3.0,20.0,1.0,0,49.0,0.0,59.0,0,0,1
8124,22.0,3.0,18.0,3.0,5,6.0,0.0,50.0,1,1,0
8125,45.0,1.0,16.0,1.0,2,449.0,0.0,6.0,0,1,1
8126,58.0,8.0,16.0,1.0,3,362.0,1.0,50.0,1,1,1
8127,58.0,2.0,21.0,1.0,0,49.0,0.0,57.0,0,1,0
8128,63.0,8.0,18.0,1.0,1,467.0,2.0,20.0,0,0,0
8129,75.0,4.0,21.0,1.0,0,162.0,0.0,36.0,1,1,1
8130,67.0,1.0,19.0,1.0,3,49.0,1.0,40.0,1,1,0
8131,61.0,5.0,22.0,1.0,0,6.0,1.0,31.0,1,1,1
8132,84.0,1.0,16.0,1.0,4,49.0,0.0,20.0,1,1,0
8133,25.0,2.0,15.0,1.0,0,49.0,1.0,36.0,0,1,1
8134,86.0,2.0,21.0,5.0,0,49.0,3.0,40.0,1,1,0
8135,47.0,1.0,18.0,5.0,4,49.0,2.0,14.0,1,1,0
8136,41.0,1.0,20.0,5.0,2,6.0,2.0,40.0,1,1,0
8137,29.0,1.0,21.0,1.0,0,49.0,0.0,40.0,1,1,1
8138,26.0,1.0,18.0,1.0,4,49.0,0.0,23.0,1,1,1
8139,71.0,1.0,22.0,1.0,2,49.0,0.0,40.0,1,1,1
8140,75.0,7.0,19.0,1.0,1,49.0,0.0,15.0,1,1,1
8141,73.0,8.0,16.0,1.0,4,49.0,0.0,40.0,0,1,1
8142,69.0,3.0,19.0,1.0,0,49.0,1.0,40.0,1,0,1
8143,61.0,4.0,16.0,3.0,2,49.0,0.0,40.0,1,0,1
8144,43.0,4.0,22.0,1.0,2,49.0,0.0,42.0,0,1,1
8145,56.0,7.0,16.0,5.0,1,368.0,10.0,20.0,1,1,0
8146,84.0,1.0,16.0,1.0,4,49.0,0.0,11.0,0,1,0
8147,72.0,1.0,21.0,1.0,1,18.0,1.0,40.0,0,1,1
8148,69.0,1.0,21.0,1.0,2,49.0,0.0,26.0,0,1,1
8149,52.0,1.0,12.0,5.0,2,49.0,2.0,68.0,0,1,0
8150,48.0,1.0,19.0,1.0,0,49.0,1.0,41.0,1,1,1
8151,17.0,1.0,16.0,5.0,3,49.0,2.0,48.0,0,1,0
8152,56.0,2.0,24.0,1.0,0,49.0,2.0,44.0,0,1,0
8153,70.0,1.0,20.0,5.0,0,6.0,0.0,20.0,1,1,0
8154,29.0,2.0,19.0,1.0,0,49.0,1.0,4.0,1,1,1
8155,58.0,1.0,21.0,1.0,1,49.0,1.0,40.0,1,1,1
8156,62.0,4.0,22.0,1.0,0,6.0,1.0,40.0,0,1,0
8157,48.0,1.0,19.0,1.0,2,49.0,1.0,45.0,0,1,0
8158,29.0,1.0,21.0,5.0,0,49.0,2.0,50.0,1,1,1
8159,76.0,1.0,19.0,1.0,0,49.0,0.0,50.0,1,0,1
8160,61.0,7.0,18.0,1.0,-1,160.0,1.0,20.0,0,1,0
8161,69.0,1.0,19.0,1.0,2,247.0,0.0,40.0,0,1,0
8162,52.0,1.0,21.0,1.0,0,243.0,0.0,19.0,1,1,1
8163,21.0,1.0,20.0,1.0,0,6.0,0.0,40.0,1,1,1
8164,42.0,1.0,16.0,1.0,4,332.0,1.0,50.0,1,1,1
8165,84.0,1.0,20.0,3.0,2,6.0,3.0,37.0,1,1,0
8166,36.0,1.0,18.0,5.0,0,49.0,2.0,91.0,1,1,0
8167,65.0,1.0,19.0,1.0,0,49.0,1.0,45.0,1,1,1
8168,39.0,8.0,21.0,5.0,0,49.0,2.0,50.0,1,1,1
8169,83.0,1.0,19.0,2.0,3,49.0,0.0,90.0,1,1,0
8170,52.0,1.0,21.0,3.0,0,229.0,0.0,50.0,1,1,1
8171,21.0,1.0,18.0,5.0,1,312.0,17.0,20.0,0,1,0
8172,48.0,2.0,18.0,1.0,0,49.0,0.0,22.0,0,1,0
8173,61.0,1.0,20.0,5.0,1,49.0,0.0,20.0,0,1,0
8174,50.0,1.0,19.0,1.0,0,29.0,0.0,40.0,0,1,1
8175,49.0,1.0,23.0,5.0,2,49.0,2.0,20.0,0,1,0
8176,17.0,1.0,18.0,1.0,0,49.0,1.0,20.0,0,1,1
8177,87.0,1.0,16.0,1.0,3,233.0,0.0,40.0,0,1,0
8178,29.0,3.0,19.0,1.0,1,49.0,1.0,40.0,0,1,0
8179,25.0,1.0,8.0,1.0,4,49.0,2.0,40.0,0,1,0
8180,66.0,4.0,21.0,1.0,0,45.0,0.0,40.0,1,1,1
8181,58.0,1.0,21.0,5.0,2,56.0,0.0,45.0,0,1,1
8182,19.0,1.0,19.0,1.0,4,49.0,7.0,7.0,1,1,1
8183,53.0,2.0,18.0,1.0,3,6.0,1.0,40.0,1,1,1
8184,56.0,1.0,16.0,1.0,2,6.0,1.0,40.0,1,1,1
8185,49.0,1.0,16.0,5.0,4,49.0,2.0,50.0,1,0,1
8186,92.0,1.0,19.0,1.0,2,6.0,1.0,40.0,1,1,1
8187,72.0,1.0,19.0,1.0,1,49.0,0.0,43.0,1,1,0
8188,61.0,1.0,21.0,1.0,0,368.0,0.0,40.0,0,1,1
8189,25.0,1.0,19.0,1.0,0,49.0,0.0,40.0,0,1,1
8190,25.0,1.0,20.0,5.0,0,50.0,1.0,50.0,1,1,1
8191,36.0,1.0,15.0,5.0,1,49.0,13.0,40.0,1,1,0
8192,70.0,1.0,16.0,1.0,4,49.0,1.0,96.0,1,1,0
8193,21.0,1.0,21.0,1.0,0,6.0,0.0,10.0,1,1,1
8194,21.0,4.0,21.0,5.0,0,105.0,5.0,40.0,0,1,1
8195,37.0,1.0,21.0,1.0,1,106.0,1.0,33.0,1,1,0
8196,78.0,1.0,19.0,5.0,1,49.0,2.0,20.0,1,1,0
8197,33.0,1.0,18.0,5.0,0,200.0,2.0,39.0,0,0,0
8198,69.0,1.0,16.0,1.0,2,6.0,0.0,40.0,0,0,1
8199,79.0,1.0,22.0,1.0,0,11.0,0.0,40.0,0,1,0
8200,20.0,1.0,19.0,5.0,2,49.0,11.0,15.0,1,1,0
8201,71.0,1.0,21.0,4.0,1,105.0,2.0,49.0,1,1,0
8202,79.0,1.0,16.0,5.0,3,49.0,0.0,16.0,1,1,1
8203,39.0,1.0,21.0,1.0,0,49.0,0.0,40.0,0,1,1
8204,26.0,1.0,19.0,1.0,4,53.0,0.0,40.0,0,1,1
8205,51.0,1.0,16.0,1.0,3,217.0,0.0,45.0,0,1,1
8206,64.0,1.0,19.0,1.0,1,160.0,1.0,40.0,1,1,1
8207,74.0,2.0,16.0,2.0,2,60.0,0.0,40.0,0,1,0
8208,68.0,1.0,18.0,5.0,1,449.0,0.0,1.0,1,1,0
8209,20.0,2.0,16.0,5.0,2,49.0,5.0,42.0,1,1,0
8210,24.0,1.0,19.0,1.0,2,49.0,0.0,40.0,0,1,0
8211,71.0,1.0,16.0,1.0,1,49.0,0.0,45.0,1,0,0
8212,63.0,1.0,18.0,5.0,5,313.0,12.0,40.0,0,1,0
8213,82.0,2.0,16.0,1.0,3,49.0,0.0,40.0,0,1,1
8214,28.0,1.0,23.0,3.0,2,160.0,0.0,40.0,0,1,0
8215,70.0,1.0,16.0,5.0,3,49.0,9.0,88.0,0,1,0
8216,41.0,1.0,19.0,1.0,1,440.0,0.0,45.0,0,1,0
8217,92.0,2.0,19.0,1.0,2,49.0,0.0,59.0,1,1,1
8218,61.0,2.0,21.0,1.0,0,13.0,0.0,45.0,1,1,1
8219,36.0,1.0,21.0,4.0,0,49.0,0.0,40.0,0,1,0
8220,70.0,1.0,20.0,1.0,0,49.0,0.0,44.0,0,1,1
8221,25.0,1.0,21.0,5.0,2,49.0,6.0,67.0,0,1,1
8222,18.0,4.0,16.0,1.0,2,49.0,0.0,85.0,1,1,0
8223,75.0,1.0,16.0,1.0,3,49.0,1.0,40.0,1,1,1
8224,79.0,1.0,19.0,1.0,3,55.0,0.0,40.0,1,1,1
8225,53.0,1.0,18.0,1.0,0,28.0,0.0,40.0,1,1,1
8226,21.0,1.0,20.0,1.0,1,6.0,0.0,20.0,0,1,0
8227,35.0,1.0,22.0,1.0,0,212.0,0.0,50.0,1,1,1
8228,31.0,2.0,22.0,1.0,0,41.0,1.0,12.0,0,1,0
8229,21.0,2.0,19.0,1.0,2,6.0,1.0,40.0,1,1,0
8230,55.0,1.0,16.0,5.0,1,49.0,0.0,28.0,1,1,0
8231,36.0,3.0,19.0,5.0,4,49.0,15.0,40.0,1,1,1
8232,18.0,1.0,21.0,1.0,0,217.0,0.0,78.0,1,1,0
8233,38.0,1.0,19.0,3.0,2,27.0,10.0,23.0,0,1,0
8234,82.0,1.0,22.0,1.0,0,200.0,1.0,40.0,1,1,0
8235,26.0,7.0,21.0,5.0,1,49.0,9.0,29.0,1,1,0
8236,64.0,1.0,20.0,1.0,1,49.0,0.0,20.0,1,0,0
8237,79.0,1.0,21.0,1.0,0,49.0,1.0,50.0,1,1,1
8238,20.0,1.0,13.0,5.0,4,49.0,2.0,20.0,0,1,0
8239,24.0,2.0,19.0,5.0,2,370.0,0.0,20.0,1,1,0
8240,84.0,1.0,19.0,5.0,2,49.0,9.0,40.0,0,1,0
8241,82.0,1.0,16.0,1.0,4,462.0,1.0,9.0,0,1,0
8242,69.0,4.0,19.0,1.0,2,50.0,1.0,60.0,1,1,1
8243,45.0,7.0,18.0,1.0,3,60.0,0.0,40.0,0,1,1
8244,32.0,1.0,20.0,1.0,0,49.0,1.0,40.0,0,0,1
8245,52.0,1.0,15.0,1.0,1,27.0,0.0,45.0,1,1,1
8246,41.0,1.0,16.0,1.0,2,49.0,1.0,40.0,1,1,1
8247,42.0,7.0,18.0,1.0,3,49.0,0.0,45.0,1,1,1
8248,63.0,1.0,9.0,1.0,2,49.0,1.0,40.0,1,1,1
8249,58.0,2.0,16.0,1.0,2,205.0,0.0,60.0,1,1,1
8250,82.0,2.0,21.0,5.0,2,49.0,2.0,45.0,1,1,1
8251,68.0,1.0,20.0,1.0,2,49.0,1.0,40.0,0,1,0
8252,80.0,2.0,16.0,5.0,3,49.0,1.0,18.0,0,1,0
8253,59.0,1.0,16.0,1.0,2,329.0,2.0,18.0,0,1,1
8254,39.0,1.0,19.0,1.0,1,6.0,0.0,50.0,1,1,1
8255,50.0,1.0,20.0,5.0,2,160.0,16.0,88.0,1,1,0
8256,36.0,1.0,16.0,1.0,2,49.0,1.0,50.0,1,1,1
8257,77.0,1.0,16.0,5.0,4,49.0,0.0,46.0,0,1,0
8258,84.0,7.0,21.0,1.0,-1,49.0,5.0,40.0,1,1,0
8259,65.0,5.0,21.0,1.0,0,49.0,0.0,50.0,0,1,1
8260,30.0,1.0,16.0,1.0,3,49.0,0.0,45.0,1,1,1
8261,58.0,8.0,21.0,1.0,0,49.0,3.0,50.0,0,1,1
8262,55.0,1.0,16.0,1.0,4,49.0,0.0,40.0,1,1,1
8263,39.0,1.0,19.0,1.0,2,49.0,1.0,40.0,1,0,0
8264,48.0,1.0,19.0,5.0,1,46.0,2.0,20.0,0,1,0
8265,70.0,2.0,20.0,1.0,0,49.0,0.0,40.0,1,1,0
8266,36.0,1.0,22.0,1.0,0,6.0,0.0,50.0,1,1,1
8267,30.0,1.0,22.0,5.0,0,49.0,9.0,45.0,1,1,1
8268,32.0,1.0,22.0,1.0,0,49.0,0.0,45.0,1,1,1
8269,18.0,1.0,16.0,1.0,4,468.0,1.0,35.0,0,1,0
8270,51.0,1.0,19.0,1.0,2,49.0,0.0,40.0,1,1,1
8271,69.0,1.0,5.0,1.0,2,49.0,0.0,40.0,1,1,0
8272,20.0,3.0,21.0,5.0,0,49.0,10.0,20.0,1,1,0
8273,25.0,3.0,21.0,5.0,0,44.0,1.0,40.0,1,1,0
8274,21.0,1.0,18.0,5.0,4,6.0,2.0,45.0,1,1,0
8275,75.0,1.0,8.0,5.0,0,49.0,2.0,26.0,1,1,0
8276,45.0,8.0,20.0,1.0,2,49.0,0.0,40.0,0,1,1
8277,35.0,1.0,12.0,1.0,0,311.0,0.0,40.0,1,1,1
8278,21.0,3.0,19.0,5.0,0,149.0,2.0,45.0,1,1,0
8279,86.0,2.0,22.0,1.0,0,238.0,1.0,48.0,1,1,1
8280,71.0,1.0,16.0,5.0,2,51.0,9.0,40.0,0,1,0
8281,82.0,1.0,20.0,1.0,0,49.0,1.0,40.0,0,1,1
8282,68.0,4.0,19.0,3.0,1,49.0,0.0,50.0,0,1,1
8283,82.0,1.0,19.0,1.0,1,49.0,0.0,58.0,1,1,0
8284,49.0,1.0,21.0,1.0,2,49.0,0.0,51.0,0,1,1
8285,87.0,3.0,19.0,1.0,0,49.0,0.0,15.0,0,1,0
8286,77.0,1.0,21.0,1.0,2,49.0,1.0,45.0,0,1,0
8287,38.0,1.0,19.0,5.0,4,49.0,2.0,88.0,0,1,0
8288,74.0,7.0,15.0,5.0,1,49.0,4.0,68.0,1,1,0
8289,20.0,1.0,16.0,5.0,1,210.0,2.0,40.0,1,1,0
8290,65.0,1.0,21.0,5.0,0,51.0,2.0,36.0,1,1,0
8291,56.0,1.0,21.0,1.0,0,49.0,1.0,40.0,1,1,1
8292,51.0,6.0,19.0,4.0,1,49.0,0.0,35.0,0,0,0
8293,63.0,1.0,7.0,5.0,0,49.0,16.0,57.0,0,1,0
8294,54.0,7.0,21.0,1.0,1,54.0,1.0,45.0,1,1,0
8295,27.0,1.0,19.0,1.0,4,164.0,0.0,50.0,1,1,0
8296,47.0,1.0,21.0,1.0,0,416.0,1.0,50.0,0,1,0
8297,56.0,1.0,19.0,1.0,1,35.0,0.0,20.0,0,1,0
8298,42.0,3.0,19.0,1.0,3,49.0,1.0,57.0,0,1,1
8299,67.0,1.0,16.0,5.0,3,365.0,16.0,20.0,0,1,0
8300,46.0,1.0,19.0,1.0,1,49.0,0.0,40.0,0,1,0
8301,71.0,1.0,16.0,5.0,2,467.0,8.0,40.0,0,1,0
8302,80.0,2.0,21.0,1.0,0,132.0,1.0,49.0,1,0,1
8303,87.0,1.0,10.0,1.0,0,49.0,1.0,50.0,1,1,1
8304,92.0,7.0,16.0,1.0,4,6.0,1.0,44.0,1,1,1
8305,36.0,3.0,22.0,3.0,0,49.0,0.0,40.0,1,1,1
8306,21.0,1.0,20.0,5.0,0,6.0,2.0,40.0,1,1,0
8307,83.0,1.0,17.0,1.0,4,49.0,0.0,45.0,1,0,1
8308,20.0,1.0,18.0,1.0,1,49.0,0.0,32.0,1,1,1
8309,62.0,1.0,14.0,3.0,0,49.0,0.0,40.0,0,0,0
8310,21.0,1.0,19.0,3.0,1,117.0,0.0,96.0,1,1,0
8311,49.0,1.0,19.0,1.0,2,49.0,1.0,72.0,0,1,0
8312,87.0,1.0,16.0,1.0,4,247.0,1.0,20.0,0,0,0
8313,31.0,1.0,2.0,5.0,0,6.0,14.0,50.0,1,1,0
8314,18.0,1.0,16.0,1.0,2,49.0,0.0,40.0,1,1,1
8315,57.0,1.0,21.0,1.0,0,6.0,0.0,40.0,1,1,1
8316,34.0,1.0,21.0,5.0,0,38.0,0.0,40.0,0,1,0
8317,53.0,1.0,5.0,1.0,4,17.0,1.0,45.0,0,1,1
8318,49.0,4.0,18.0,1.0,0,6.0,0.0,40.0,1,0,1
8319,48.0,1.0,19.0,1.0,2,49.0,0.0,40.0,1,1,0
8320,21.0,1.0,19.0,5.0,4,6.0,0.0,10.0,0,1,0
8321,20.0,1.0,4.0,5.0,0,49.0,12.0,40.0,0,1,0
8322,20.0,3.0,21.0,5.0,0,49.0,2.0,27.0,1,1,0
8323,68.0,1.0,19.0,5.0,4,49.0,0.0,16.0,0,1,0
8324,61.0,2.0,10.0,1.0,0,332.0,1.0,19.0,1,1,0
8325,66.0,1.0,19.0,5.0,1,49.0,0.0,11.0,0,1,0
8326,25.0,2.0,20.0,5.0,0,329.0,1.0,50.0,1,1,1
8327,41.0,2.0,22.0,1.0,0,49.0,0.0,42.0,0,1,0
8328,25.0,1.0,17.0,1.0,0,440.0,0.0,37.0,0,1,1
8329,27.0,1.0,21.0,1.0,0,6.0,0.0,40.0,0,0,1
8330,81.0,1.0,11.0,1.0,0,6.0,0.0,40.0,0,0,1
8331,34.0,3.0,21.0,1.0,0,49.0,1.0,78.0,0,1,0
8332,32.0,1.0,18.0,1.0,1,18.0,1.0,40.0,1,1,1
8333,21.0,1.0,19.0,5.0,1,49.0,8.0,48.0,0,1,0
8334,57.0,1.0,21.0,1.0,0,132.0,1.0,29.0,0,1,0
8335,83.0,1.0,21.0,5.0,2,365.0,2.0,72.0,0,1,0
8336,24.0,1.0,16.0,1.0,3,49.0,0.0,88.0,1,1,0
8337,80.0,1.0,1.0,1.0,4,51.0,1.0,51.0,1,1,1
8338,66.0,1.0,19.0,5.0,2,10.0,4.0,66.0,0,1,0
8339,37.0,1.0,22.0,1.0,2,49.0,0.0,40.0,1,1,0
8340,51.0,1.0,19.0,1.0,1,365.0,1.0,40.0,1,0,1
8341,52.0,2.0,22.0,1.0,2,49.0,0.0,40.0,1,1,1
8342,28.0,1.0,19.0,3.0,4,6.0,9.0,96.0,1,1,1
8343,61.0,3.0,19.0,3.0,0,49.0,0.0,40.0,1,1,1
8344,27.0,1.0,19.0,1.0,1,29.0,1.0,50.0,0,1,1
8345,31.0,1.0,19.0,1.0,0,210.0,1.0,40.0,1,0,1
8346,65.0,3.0,1.0,1.0,0,49.0,0.0,50.0,1,1,1
8347,43.0,1.0,22.0,1.0,0,49.0,0.0,50.0,0,1,1
8348,18.0,3.0,13.0,1.0,0,50.0,0.0,45.0,1,1,1
8349,38.0,8.0,19.0,3.0,2,213.0,0.0,40.0,0,1,0
8350,62.0,4.0,20.0,1.0,0,49.0,0.0,35.0,1,1,1
8351,27.0,1.0,21.0,1.0,0,49.0,0.0,15.0,1,1,1
8352,30.0,1.0,18.0,1.0,4,369.0,0.0,42.0,1,1,1
8353,67.0,1.0,9.0,1.0,1,49.0,0.0,99.0,1,1,1
8354,64.0,1.0,20.0,1.0,2,49.0,0.0,1.0,1,1,1
8355,31.0,3.0,21.0,1.0,0,223.0,1.0,20.0,1,1,0
8356,87.0,1.0,19.0,1.0,2,6.0,0.0,90.0,1,1,0
8357,70.0,1.0,21.0,1.0,0,49.0,1.0,24.0,1,1,1
8358,23.0,1.0,20.0,5.0,1,49.0,2.0,40.0,0,1,0
8359,83.0,1.0,21.0,5.0,0,49.0,2.0,40.0,0,1,0
8360,76.0,1.0,16.0,1.0,4,49.0,2.0,45.0,0,0,1
8361,56.0,1.0,22.0,5.0,0,49.0,0.0,48.0,1,0,1
8362,33.0,1.0,21.0,1.0,0,49.0,1.0,40.0,1,1,1
8363,53.0,4.0,7.0,5.0,0,49.0,0.0,20.0,1,1,0
8364,71.0,4.0,22.0,1.0,0,323.0,0.0,51.0,1,1,1
8365,70.0,1.0,16.0,2.0,3,315.0,0.0,40.0,0,1,0
8366,17.0,1.0,19.0,5.0,3,49.0,16.0,58.0,1,1,1
8367,33.0,3.0,19.0,1.0,0,116.0,1.0,40.0,1,1,1
8368,66.0,1.0,21.0,1.0,0,49.0,0.0,40.0,1,1,1
8369,51.0,1.0,16.0,1.0,3,49.0,1.0,45.0,1,1,1
8370,61.0,1.0,21.0,3.0,0,49.0,0.0,40.0,0,1,1
8371,77.0,4.0,21.0,1.0,0,36.0,15.0,49.0,1,0,1
8372,18.0,3.0,22.0,5.0,0,5.0,7.0,40.0,0,1,0
8373,72.0,7.0,16.0,1.0,4,49.0,1.0,40.0,0,1,0
8374,59.0,4.0,22.0,1.0,0,49.0,1.0,40.0,1,1,1
8375,78.0,1.0,19.0,5.0,1,49.0,2.0,20.0,1,1,0
8376,27.0,4.0,1.0,5.0,0,49.0,15.0,40.0,1,1,1
8377,20.0,1.0,19.0,5.0,2,49.0,7.0,40.0,0,1,0
8378,41.0,1.0,16.0,1.0,3,6.0,0.0,40.0,0,1,1
8379,47.0,1.0,22.0,1.0,0,49.0,1.0,45.0,1,0,1
8380,31.0,5.0,20.0,1.0,1,6.0,0.0,20.0,0,1,1
8381,59.0,5.0,22.0,1.0,0,49.0,0.0,72.0,1,1,1
8382,42.0,1.0,19.0,4.0,4,29.0,0.0,31.0,0,1,0
8383,45.0,2.0,19.0,1.0,0,217.0,1.0,7.0,1,1,1
8384,38.0,1.0,16.0,5.0,2,49.0,7.0,40.0,1,1,1
8385,41.0,1.0,21.0,1.0,0,249.0,0.0,58.0,1,1,1
8386,59.0,1.0,19.0,1.0,0,11.0,0.0,40.0,1,0,1
8387,21.0,1.0,19.0,1.0,3,127.0,0.0,40.0,1,1,1
8388,86.0,1.0,20.0,1.0,0,137.0,0.0,20.0,1,1,1
8389,92.0,3.0,12.0,5.0,1,49.0,6.0,40.0,1,1,1
8390,18.0,1.0,16.0,5.0,2,49.0,0.0,96.0,0,1,0
8391,62.0,1.0,20.0,1.0,0,527.0,1.0,40.0,1,1,1
8392,68.0,1.0,16.0,1.0,1,49.0,0.0,40.0,0,1,0
8393,52.0,1.0,18.0,5.0,2,49.0,16.0,88.0,0,1,0
8394,36.0,4.0,21.0,1.0,1,49.0,0.0,40.0,1,1,0
8395,64.0,1.0,19.0,1.0,0,138.0,1.0,20.0,1,0,0
8396,76.0,1.0,21.0,1.0,0,49.0,0.0,50.0,1,1,1
8397,31.0,1.0,18.0,4.0,4,6.0,0.0,10.0,0,1,0
8398,84.0,1.0,16.0,1.0,3,48.0,0.0,66.0,1,1,0
8399,37.0,1.0,19.0,1.0,0,105.0,0.0,40.0,1,1,1
8400,32.0,5.0,21.0,1.0,0,6.0,0.0,39.0,1,1,1
8401,78.0,2.0,19.0,1.0,0,6.0,0.0,40.0,1,1,1
8402,18.0,1.0,12.0,5.0,1,6.0,0.0,50.0,0,1,0
8403,25.0,1.0,22.0,5.0,2,49.0,0.0,40.0,0,1,0
8404,87.0,1.0,21.0,5.0,0,224.0,2.0,10.0,0,1,0
8405,38.0,1.0,7.0,3.0,1,5.0,1.0,20.0,0,1,0
8406,21.0,4.0,18.0,5.0,2,6.0,0.0,20.0,0,1,0
8407,21.0,3.0,23.0,5.0,-1,436.0,0.0,40.0,1,1,0
8408,57.0,8.0,16.0,5.0,4,49.0,2.0,20.0,1,1,0
8409,43.0,2.0,18.0,1.0,3,49.0,0.0,40.0,0,1,1
8410,58.0,1.0,12.0,3.0,0,442.0,0.0,52.0,1,1,1
8411,77.0,1.0,22.0,5.0,0,49.0,8.0,20.0,0,1,0
8412,69.0,7.0,21.0,1.0,5,327.0,1.0,20.0,1,1,0
8413,60.0,1.0,22.0,1.0,0,6.0,0.0,43.0,1,1,0
8414,68.0,1.0,19.0,1.0,3,363.0,0.0,21.0,1,1,1
8415,65.0,4.0,18.0,1.0,0,49.0,0.0,47.0,0,1,0
8416,52.0,3.0,4.0,1.0,1,13.0,0.0,44.0,1,1,0
8417,37.0,1.0,16.0,1.0,3,49.0,1.0,52.0,1,1,0
8418,86.0,4.0,15.0,1.0,0,449.0,12.0,38.0,1,1,1
8419,74.0,1.0,21.0,1.0,0,49.0,1.0,40.0,1,1,1
8420,56.0,1.0,20.0,3.0,2,49.0,0.0,40.0,1,1,1
8421,26.0,5.0,21.0,1.0,0,49.0,0.0,33.0,1,1,1
8422,73.0,1.0,19.0,5.0,3,53.0,0.0,13.0,0,1,0
8423,81.0,3.0,4.0,5.0,0,49.0,2.0,55.0,0,1,0
8424,17.0,1.0,20.0,5.0,3,49.0,0.0,6.0,1,1,0
8425,74.0,1.0,22.0,1.0,0,49.0,0.0,17.0,0,1,0
8426,73.0,4.0,16.0,1.0,2,49.0,0.0,50.0,0,1,1
8427,51.0,1.0,19.0,1.0,0,49.0,0.0,43.0,1,1,1
8428,92.0,1.0,21.0,1.0,2,49.0,0.0,38.0,1,1,0
8429,58.0,2.0,8.0,1.0,0,49.0,0.0,17.0,0,1,0
8430,33.0,1.0,16.0,1.0,2,49.0,0.0,40.0,0,1,1
8431,35.0,1.0,21.0,1.0,0,49.0,1.0,50.0,0,1,1
8432,22.0,1.0,21.0,1.0,2,49.0,1.0,40.0,1,1,1
8433,44.0,1.0,16.0,1.0,2,6.0,1.0,40.0,1,1,0
8434,49.0,1.0,16.0,1.0,4,49.0,1.0,40.0,0,1,0
8435,70.0,4.0,21.0,5.0,1,49.0,9.0,40.0,1,1,0
8436,77.0,3.0,21.0,5.0,0,49.0,5.0,34.0,1,1,1
8437,21.0,1.0,19.0,1.0,0,6.0,0.0,40.0,0,1,1
8438,34.0,1.0,21.0,1.0,0,49.0,1.0,23.0,0,1,1
8439,46.0,1.0,16.0,1.0,2,6.0,0.0,45.0,1,1,1
8440,38.0,2.0,21.0,3.0,0,15.0,0.0,58.0,0,1,1
8441,59.0,1.0,19.0,1.0,2,16.0,1.0,85.0,0,1,0
8442,57.0,4.0,7.0,5.0,1,49.0,3.0,28.0,0,1,0
8443,29.0,1.0,19.0,1.0,2,49.0,1.0,40.0,0,1,0
8444,81.0,2.0,19.0,1.0,0,249.0,1.0,47.0,1,1,1
8445,39.0,1.0,22.0,1.0,0,372.0,0.0,75.0,0,1,0
8446,36.0,1.0,16.0,1.0,2,49.0,1.0,45.0,0,1,0
8447,54.0,8.0,13.0,1.0,1,49.0,0.0,90.0,0,0,0
8448,84.0,1.0,19.0,5.0,2,49.0,6.0,36.0,1,1,0
8449,61.0,7.0,21.0,1.0,1,49.0,0.0,9.0,0,1,0
8450,25.0,1.0,21.0,5.0,0,49.0,4.0,50.0,1,1,1
8451,37.0,1.0,20.0,1.0,1,6.0,1.0,20.0,1,1,1
8452,34.0,1.0,4.0,1.0,4,49.0,1.0,32.0,0,1,0
8453,77.0,1.0,20.0,1.0,3,49.0,0.0,4.0,0,1,0
8454,84.0,1.0,21.0,1.0,0,49.0,0.0,1.0,1,1,0
8455,20.0,1.0,4.0,5.0,1,49.0,15.0,40.0,0,1,0
8456,44.0,1.0,22.0,1.0,0,49.0,0.0,20.0,1,1,1
8457,18.0,1.0,11.0,1.0,0,49.0,0.0,45.0,1,1,1
8458,92.0,3.0,22.0,2.0,0,412.0,0.0,40.0,1,1,0
8459,20.0,1.0,22.0,5.0,0,49.0,13.0,82.0,0,1,0
8460,40.0,3.0,21.0,1.0,0,139.0,0.0,40.0,0,1,0
8461,72.0,1.0,18.0,1.0,0,49.0,0.0,40.0,0,1,1
8462,44.0,1.0,13.0,1.0,1,511.0,0.0,28.0,1,1,0
8463,45.0,1.0,19.0,3.0,2,49.0,0.0,50.0,1,1,1
8464,53.0,7.0,16.0,3.0,4,49.0,0.0,19.0,0,1,0
8465,43.0,1.0,21.0,1.0,1,53.0,1.0,21.0,1,1,1
8466,51.0,1.0,20.0,1.0,3,49.0,1.0,40.0,1,1,1
8467,38.0,4.0,21.0,3.0,1,119.0,0.0,13.0,0,0,0
8468,84.0,3.0,5.0,1.0,0,16.0,0.0,50.0,1,1,1
8469,62.0,1.0,24.0,5.0,2,49.0,0.0,20.0,1,1,0
8470,43.0,1.0,16.0,1.0,2,49.0,0.0,52.0,0,1,1
8471,37.0,1.0,16.0,5.0,4,49.0,6.0,29.0,0,1,0
8472,52.0,1.0,22.0,5.0,0,49.0,5.0,40.0,1,1,1
8473,69.0,4.0,21.0,1.0,0,49.0,0.0,40.0,1,1,1
8474,38.0,2.0,22.0,3.0,0,49.0,0.0,40.0,1,1,1
8475,25.0,1.0,19.0,1.0,2,49.0,0.0,70.0,1,1,0
8476,44.0,8.0,16.0,5.0,1,6.0,2.0,43.0,1,1,0
8477,69.0,1.0,16.0,5.0,4,49.0,14.0,40.0,0,1,0
8478,64.0,7.0,16.0,1.0,3,49.0,0.0,20.0,0,1,0
8479,35.0,1.0,19.0,4.0,1,49.0,0.0,20.0,1,0,0
8480,61.0,1.0,22.0,1.0,0,49.0,0.0,40.0,0,1,1
8481,25.0,7.0,19.0,5.0,3,25.0,0.0,20.0,0,1,0
8482,31.0,1.0,16.0,1.0,1,49.0,0.0,50.0,1,1,1
8483,53.0,1.0,22.0,5.0,0,49.0,0.0,18.0,0,1,0
8484,38.0,1.0,22.0,3.0,0,49.0,0.0,50.0,0,1,1
8485,21.0,1.0,24.0,5.0,4,49.0,15.0,25.0,0,1,0
8486,78.0,1.0,21.0,5.0,1,501.0,2.0,22.0,0,1,0
8487,65.0,3.0,16.0,1.0,1,49.0,0.0,56.0,0,0,0
8488,42.0,7.0,18.0,5.0,3,49.0,0.0,40.0,0,1,0
8489,56.0,6.0,16.0,5.0,1,212.0,2.0,50.0,0,1,0
8490,77.0,1.0,19.0,5.0,0,49.0,3.0,20.0,0,0,0
8491,23.0,1.0,16.0,3.0,2,49.0,1.0,40.0,1,1,1
8492,27.0,1.0,22.0,1.0,0,49.0,1.0,40.0,1,1,0
8493,80.0,3.0,16.0,1.0,3,26.0,0.0,11.0,1,1,0
8494,77.0,1.0,16.0,1.0,3,49.0,0.0,40.0,0,0,1
8495,48.0,1.0,20.0,1.0,1,127.0,0.0,40.0,0,1,0
8496,25.0,2.0,19.0,5.0,3,222.0,2.0,20.0,0,1,0
8497,64.0,1.0,19.0,3.0,2,49.0,0.0,40.0,1,1,0
8498,34.0,3.0,21.0,1.0,0,49.0,0.0,18.0,1,1,1
8499,83.0,4.0,19.0,5.0,0,6.0,2.0,40.0,1,1,1
8500,40.0,1.0,21.0,1.0,0,49.0,0.0,20.0,1,1,0
8501,25.0,1.0,21.0,1.0,0,49.0,0.0,75.0,0,1,0
8502,72.0,1.0,21.0,1.0,0,49.0,0.0,50.0,1,1,1
8503,75.0,1.0,18.0,1.0,0,49.0,1.0,49.0,0,1,0
8504,19.0,1.0,21.0,5.0,1,49.0,11.0,15.0,0,1,0
8505,34.0,7.0,20.0,5.0,3,49.0,15.0,50.0,1,1,1
8506,57.0,1.0,16.0,3.0,4,6.0,0.0,44.0,1,1,1
8507,29.0,2.0,20.0,1.0,0,314.0,0.0,45.0,1,1,1
8508,55.0,1.0,16.0,5.0,4,6.0,2.0,40.0,0,1,1
8509,19.0,1.0,21.0,5.0,0,49.0,0.0,23.0,0,1,0
8510,38.0,1.0,16.0,3.0,3,49.0,0.0,14.0,0,0,0
8511,25.0,1.0,18.0,1.0,4,49.0,1.0,13.0,1,1,1
8512,38.0,1.0,18.0,5.0,1,49.0,0.0,88.0,0,0,0
8513,57.0,1.0,19.0,5.0,2,6.0,0.0,99.0,0,0,0
8514,48.0,4.0,13.0,5.0,0,242.0,15.0,45.0,0,1,1
8515,68.0,1.0,22.0,1.0,2,6.0,0.0,56.0,0,1,0
8516,34.0,1.0,20.0,1.0,2,137.0,0.0,40.0,0,1,0
8517,68.0,1.0,19.0,1.0,4,49.0,1.0,40.0,1,1,1
8518,29.0,1.0,14.0,5.0,1,49.0,2.0,56.0,1,1,0
8519,30.0,1.0,21.0,1.0,0,49.0,0.0,50.0,1,1,1
8520,51.0,1.0,16.0,1.0,1,312.0,0.0,23.0,0,1,0
8521,92.0,1.0,21.0,5.0,0,49.0,0.0,62.0,1,1,0
8522,52.0,1.0,21.0,1.0,2,247.0,1.0,45.0,0,0,0
8523,55.0,4.0,20.0,1.0,2,6.0,1.0,45.0,1,1,1
8524,51.0,1.0,19.0,1.0,2,49.0,0.0,40.0,1,1,1
8525,68.0,1.0,21.0,1.0,1,511.0,1.0,50.0,1,0,0
8526,72.0,1.0,6.0,3.0,4,15.0,0.0,40.0,0,1,1
8527,46.0,1.0,13.0,1.0,0,6.0,2.0,20.0,1,1,0
8528,56.0,6.0,21.0,2.0,1,314.0,2.0,36.0,0,0,0
8529,20.0,1.0,19.0,5.0,3,49.0,5.0,40.0,1,1,0
8530,79.0,3.0,8.0,5.0,0,105.0,0.0,20.0,0,1,0
8531,56.0,1.0,19.0,1.0,3,49.0,0.0,45.0,1,1,1
8532,52.0,1.0,16.0,1.0,3,38.0,1.0,45.0,1,1,1
8533,20.0,2.0,20.0,1.0,2,49.0,0.0,40.0,1,1,0
8534,46.0,1.0,21.0,3.0,0,49.0,0.0,20.0,0,1,0
8535,53.0,1.0,18.0,1.0,1,2.0,1.0,40.0,1,1,1
8536,47.0,1.0,16.0,1.0,2,49.0,0.0,23.0,0,1,0
8537,33.0,4.0,20.0,5.0,0,236.0,2.0,21.0,1,1,0
8538,19.0,1.0,19.0,2.0,1,49.0,0.0,43.0,0,1,0
8539,83.0,1.0,21.0,1.0,2,6.0,1.0,40.0,1,1,1
8540,33.0,2.0,20.0,5.0,0,49.0,2.0,2.0,0,1,0
8541,64.0,1.0,16.0,1.0,3,116.0,1.0,40.0,1,1,0
8542,21.0,1.0,19.0,1.0,3,6.0,0.0,40.0,0,1,0
8543,38.0,1.0,4.0,3.0,0,116.0,1.0,45.0,1,0,1
8544,78.0,1.0,16.0,1.0,2,49.0,1.0,58.0,0,1,0
8545,72.0,1.0,21.0,2.0,0,49.0,0.0,40.0,1,1,1
8546,72.0,1.0,18.0,1.0,2,49.0,0.0,40.0,1,1,1
8547,25.0,2.0,18.0,1.0,3,49.0,0.0,65.0,1,1,1
8548,66.0,1.0,19.0,1.0,4,6.0,1.0,20.0,0,1,1
8549,54.0,1.0,21.0,1.0,0,362.0,0.0,70.0,1,1,1
8550,37.0,6.0,18.0,1.0,4,49.0,1.0,8.0,1,0,1
8551,60.0,8.0,21.0,1.0,0,49.0,0.0,28.0,1,1,1
8552,49.0,1.0,21.0,4.0,2,39.0,0.0,66.0,0,1,0
8553,81.0,4.0,21.0,5.0,1,139.0,8.0,45.0,1,1,0
8554,59.0,3.0,21.0,5.0,-1,49.0,0.0,20.0,0,1,0
8555,79.0,2.0,19.0,1.0,3,23.0,0.0,56.0,1,1,1
8556,80.0,1.0,18.0,1.0,4,49.0,1.0,40.0,0,1,0
8557,21.0,1.0,16.0,5.0,4,49.0,0.0,56.0,1,1,0
8558,51.0,1.0,18.0,1.0,4,49.0,1.0,38.0,1,1,1
8559,20.0,1.0,19.0,5.0,1,49.0,8.0,20.0,0,1,0
8560,52.0,4.0,20.0,1.0,2,49.0,12.0,45.0,1,1,1
8561,77.0,4.0,4.0,5.0,2,49.0,2.0,40.0,0,1,0
8562,38.0,1.0,19.0,3.0,4,10.0,0.0,40.0,0,1,0
8563,72.0,1.0,23.0,1.0,2,49.0,0.0,70.0,0,1,1
8564,29.0,1.0,21.0,5.0,0,49.0,0.0,49.0,0,1,0
8565,69.0,1.0,19.0,1.0,2,523.0,17.0,40.0,1,1,1
8566,49.0,4.0,21.0,5.0,0,49.0,2.0,78.0,0,0,0
8567,62.0,1.0,16.0,1.0,4,49.0,0.0,40.0,1,1,1
8568,81.0,1.0,21.0,3.0,0,49.0,0.0,20.0,0,1,0
8569,32.0,1.0,16.0,1.0,4,442.0,0.0,35.0,1,1,0
8570,64.0,6.0,22.0,1.0,0,449.0,0.0,50.0,0,1,1
8571,50.0,1.0,19.0,5.0,1,462.0,3.0,32.0,0,1,0
8572,38.0,3.0,21.0,3.0,0,49.0,0.0,70.0,1,0,0
8573,25.0,1.0,16.0,1.0,2,49.0,1.0,40.0,0,1,0
8574,66.0,1.0,5.0,5.0,0,49.0,0.0,75.0,0,1,0
8575,76.0,1.0,20.0,1.0,0,16.0,0.0,40.0,1,1,1
8576,28.0,1.0,22.0,5.0,0,6.0,2.0,40.0,0,1,0
8577,77.0,1.0,22.0,1.0,0,49.0,0.0,40.0,1,1,1
8578,75.0,1.0,18.0,5.0,2,49.0,2.0,25.0,0,1,0
8579,21.0,1.0,18.0,1.0,1,49.0,0.0,32.0,0,1,0
8580,29.0,1.0,19.0,5.0,5,49.0,2.0,44.0,1,1,0
8581,18.0,1.0,19.0,5.0,1,42.0,9.0,46.0,1,1,0
8582,52.0,1.0,22.0,4.0,0,49.0,0.0,55.0,0,1,0
8583,34.0,1.0,14.0,1.0,2,49.0,1.0,40.0,1,1,1
8584,53.0,2.0,21.0,1.0,0,217.0,0.0,45.0,1,1,1
8585,82.0,1.0,22.0,3.0,0,132.0,0.0,40.0,0,1,1
8586,25.0,1.0,21.0,5.0,2,49.0,3.0,50.0,0,1,0
8587,71.0,1.0,20.0,1.0,2,49.0,1.0,40.0,0,1,0
8588,55.0,1.0,19.0,1.0,4,414.0,0.0,40.0,0,1,0
8589,21.0,8.0,22.0,1.0,0,6.0,1.0,40.0,0,1,1
8590,59.0,7.0,16.0,2.0,4,363.0,0.0,40.0,0,1,1
8591,79.0,4.0,21.0,1.0,0,6.0,1.0,45.0,1,1,1
8592,36.0,1.0,16.0,1.0,3,49.0,2.0,60.0,0,1,1
8593,74.0,1.0,18.0,1.0,1,49.0,1.0,59.0,1,1,0
8594,58.0,1.0,21.0,5.0,2,18.0,2.0,40.0,0,1,1
8595,60.0,1.0,22.0,1.0,2,223.0,0.0,40.0,0,1,0
8596,41.0,1.0,21.0,5.0,0,49.0,2.0,40.0,0,1,1
8597,47.0,1.0,16.0,5.0,1,49.0,10.0,14.0,1,1,0
8598,20.0,1.0,21.0,1.0,0,49.0,1.0,54.0,1,1,1
8599,46.0,1.0,19.0,1.0,3,203.0,1.0,40.0,1,1,1
8600,75.0,6.0,16.0,1.0,1,223.0,2.0,31.0,1,1,0
8601,62.0,1.0,16.0,1.0,2,49.0,1.0,48.0,1,0,0
8602,19.0,1.0,16.0,1.0,3,49.0,1.0,17.0,1,1,1
8603,84.0,4.0,19.0,1.0,0,158.0,1.0,88.0,1,1,1
8604,66.0,1.0,22.0,1.0,0,49.0,0.0,78.0,1,1,1
8605,38.0,1.0,5.0,3.0,0,49.0,0.0,40.0,0,0,1
8606,58.0,1.0,18.0,5.0,2,49.0,6.0,55.0,1,1,0
8607,38.0,7.0,19.0,3.0,3,49.0,0.0,45.0,0,1,1
8608,63.0,1.0,18.0,1.0,4,314.0,1.0,26.0,1,1,0
8609,78.0,2.0,20.0,5.0,2,49.0,4.0,20.0,0,1,0
8610,74.0,1.0,22.0,1.0,0,44.0,0.0,40.0,0,0,1
8611,82.0,1.0,24.0,5.0,4,49.0,9.0,40.0,0,1,0
8612,76.0,3.0,21.0,5.0,0,442.0,2.0,42.0,1,1,0
8613,48.0,1.0,21.0,3.0,0,49.0,0.0,49.0,0,1,1
8614,31.0,2.0,19.0,5.0,0,49.0,2.0,40.0,1,1,1
8615,41.0,1.0,21.0,1.0,0,49.0,2.0,40.0,0,1,1
8616,87.0,1.0,16.0,1.0,3,49.0,0.0,40.0,0,1,0
8617,81.0,1.0,19.0,1.0,2,49.0,0.0,45.0,1,1,1
8618,35.0,5.0,16.0,1.0,3,49.0,8.0,10.0,1,1,0
8619,76.0,1.0,16.0,1.0,1,49.0,6.0,26.0,0,1,0
8620,41.0,1.0,19.0,1.0,1,150.0,1.0,56.0,1,1,0
8621,66.0,4.0,22.0,5.0,0,49.0,2.0,40.0,1,0,0
8622,73.0,1.0,18.0,1.0,1,215.0,1.0,40.0,0,1,0
8623,21.0,6.0,16.0,1.0,2,6.0,0.0,20.0,0,1,0
8624,76.0,1.0,16.0,1.0,4,311.0,0.0,42.0,1,1,0
8625,39.0,1.0,23.0,1.0,4,440.0,8.0,40.0,1,1,0
8626,86.0,1.0,19.0,1.0,1,49.0,1.0,45.0,1,1,1
8627,66.0,1.0,21.0,1.0,2,49.0,1.0,52.0,1,1,0
8628,35.0,1.0,21.0,5.0,0,127.0,2.0,40.0,0,0,1
8629,58.0,1.0,21.0,1.0,0,49.0,1.0,50.0,0,1,1
8630,43.0,1.0,6.0,5.0,0,49.0,0.0,40.0,0,1,1
8631,38.0,2.0,18.0,5.0,0,414.0,16.0,7.0,0,0,1
8632,20.0,1.0,5.0,5.0,4,49.0,2.0,26.0,0,1,0
8633,32.0,1.0,19.0,1.0,2,49.0,0.0,50.0,0,1,0
8634,64.0,1.0,22.0,5.0,0,212.0,2.0,40.0,1,1,1
8635,72.0,1.0,21.0,1.0,0,49.0,1.0,40.0,1,1,1
8636,61.0,1.0,19.0,5.0,3,373.0,14.0,68.0,1,1,0
8637,32.0,1.0,18.0,1.0,1,49.0,0.0,50.0,0,1,1
8638,62.0,1.0,18.0,1.0,2,49.0,1.0,40.0,0,1,1
8639,38.0,1.0,8.0,3.0,1,49.0,0.0,20.0,0,0,0
8640,30.0,7.0,20.0,1.0,3,49.0,1.0,40.0,1,1,1
8641,74.0,1.0,16.0,1.0,4,49.0,1.0,14.0,0,0,1
8642,20.0,1.0,16.0,5.0,2,49.0,2.0,84.0,0,1,0
8643,60.0,1.0,16.0,1.0,4,213.0,1.0,40.0,0,1,1
8644,21.0,1.0,19.0,1.0,2,6.0,1.0,17.0,0,1,0
8645,25.0,1.0,21.0,1.0,2,373.0,0.0,37.0,1,1,0
8646,67.0,1.0,16.0,1.0,4,369.0,1.0,40.0,1,1,1
8647,41.0,3.0,24.0,5.0,0,207.0,0.0,50.0,0,1,0
8648,84.0,4.0,21.0,1.0,0,469.0,1.0,40.0,1,1,1
8649,19.0,2.0,21.0,1.0,0,6.0,0.0,20.0,1,1,0
8650,51.0,1.0,19.0,1.0,2,49.0,1.0,40.0,1,0,1
8651,67.0,1.0,19.0,1.0,0,205.0,0.0,33.0,1,1,0
8652,40.0,1.0,21.0,1.0,2,23.0,1.0,40.0,0,1,0
8653,55.0,1.0,18.0,1.0,4,240.0,0.0,20.0,1,1,1
8654,30.0,1.0,21.0,1.0,-1,49.0,14.0,20.0,1,1,0
8655,54.0,1.0,21.0,1.0,0,49.0,1.0,40.0,0,1,1
8656,78.0,3.0,6.0,1.0,1,49.0,0.0,20.0,0,0,0
8657,33.0,1.0,22.0,1.0,0,49.0,0.0,85.0,0,1,0
8658,28.0,1.0,22.0,1.0,0,6.0,0.0,40.0,1,1,1
8659,61.0,2.0,16.0,2.0,2,49.0,0.0,26.0,1,1,0
8660,21.0,1.0,24.0,1.0,4,49.0,0.0,56.0,1,1,1
8661,28.0,5.0,19.0,5.0,1,49.0,5.0,38.0,1,1,0
8662,60.0,1.0,6.0,1.0,1,223.0,1.0,40.0,1,1,1
8663,47.0,7.0,19.0,1.0,3,49.0,0.0,40.0,1,1,0
8664,70.0,1.0,22.0,1.0,2,523.0,0.0,14.0,1,1,0
8665,56.0,1.0,22.0,1.0,0,49.0,0.0,45.0,1,1,1
8666,76.0,1.0,18.0,1.0,3,31.0,1.0,50.0,1,1,1
8667,80.0,4.0,18.0,4.0,1,49.0,2.0,47.0,0,0,0
8668,82.0,7.0,16.0,1.0,3,128.0,1.0,48.0,0,1,0
8669,35.0,1.0,22.0,1.0,0,49.0,1.0,40.0,1,1,1
8670,20.0,1.0,21.0,5.0,0,49.0,0.0,40.0,0,1,0
8671,79.0,2.0,21.0,4.0,0,49.0,0.0,82.0,0,0,0
8672,56.0,1.0,22.0,1.0,0,6.0,4.0,22.0,0,1,0
8673,74.0,1.0,21.0,1.0,1,48.0,0.0,50.0,1,1,0
8674,69.0,1.0,22.0,5.0,0,49.0,12.0,40.0,0,1,0
8675,56.0,1.0,16.0,3.0,1,209.0,15.0,20.0,0,1,0
8676,72.0,1.0,18.0,1.0,2,209.0,1.0,1.0,1,0,1
8677,24.0,4.0,19.0,2.0,2,6.0,2.0,40.0,0,1,0
8678,24.0,1.0,16.0,1.0,4,104.0,2.0,20.0,1,1,0
8679,62.0,4.0,20.0,5.0,1,49.0,2.0,24.0,1,1,0
8680,50.0,1.0,16.0,5.0,3,49.0,5.0,62.0,1,1,0
8681,38.0,1.0,18.0,3.0,-1,27.0,0.0,40.0,0,1,0
8682,38.0,3.0,20.0,3.0,0,49.0,0.0,40.0,1,0,1
8683,22.0,7.0,19.0,5.0,3,49.0,2.0,40.0,0,1,0
8684,42.0,1.0,21.0,5.0,5,49.0,2.0,45.0,1,1,0
8685,33.0,1.0,22.0,1.0,0,6.0,0.0,40.0,1,1,0
8686,21.0,1.0,19.0,1.0,2,49.0,0.0,40.0,0,1,0
8687,84.0,1.0,16.0,1.0,2,160.0,1.0,35.0,1,1,0
8688,87.0,1.0,7.0,1.0,0,49.0,1.0,40.0,0,1,1
8689,79.0,3.0,21.0,5.0,0,49.0,2.0,48.0,0,1,0
8690,79.0,1.0,19.0,1.0,1,36.0,1.0,28.0,0,1,0
8691,74.0,3.0,22.0,3.0,0,224.0,1.0,50.0,1,1,1
8692,86.0,1.0,19.0,1.0,4,35.0,1.0,50.0,1,1,1
8693,65.0,1.0,19.0,1.0,4,49.0,1.0,40.0,1,1,0
8694,40.0,1.0,21.0,3.0,5,49.0,0.0,10.0,0,1,0
8695,37.0,1.0,21.0,1.0,2,6.0,1.0,84.0,0,1,0
8696,58.0,4.0,22.0,1.0,0,49.0,1.0,40.0,1,1,1
8697,34.0,1.0,1.0,1.0,2,49.0,1.0,20.0,1,1,0
8698,83.0,1.0,16.0,1.0,2,24.0,0.0,50.0,1,1,1
8699,50.0,8.0,21.0,2.0,0,137.0,2.0,40.0,1,1,1
8700,79.0,1.0,21.0,1.0,0,6.0,1.0,62.0,1,0,0
8701,36.0,1.0,18.0,5.0,4,224.0,2.0,53.0,1,1,1
8702,65.0,2.0,21.0,5.0,0,6.0,0.0,40.0,1,1,1
8703,80.0,1.0,19.0,5.0,2,49.0,12.0,44.0,1,1,0
8704,64.0,3.0,22.0,5.0,0,104.0,14.0,75.0,0,1,0
8705,39.0,1.0,22.0,1.0,0,49.0,0.0,40.0,0,0,1
8706,43.0,1.0,22.0,1.0,0,49.0,0.0,40.0,0,1,1
8707,70.0,1.0,14.0,5.0,1,49.0,5.0,45.0,0,1,0
8708,18.0,3.0,22.0,1.0,0,49.0,1.0,40.0,1,1,1
8709,29.0,1.0,16.0,5.0,4,360.0,2.0,40.0,1,1,0
8710,22.0,1.0,19.0,1.0,2,229.0,1.0,40.0,1,1,1
8711,54.0,1.0,19.0,4.0,1,134.0,2.0,75.0,0,1,0
8712,22.0,1.0,21.0,1.0,0,6.0,1.0,40.0,1,1,1
8713,67.0,1.0,16.0,3.0,4,49.0,0.0,20.0,1,1,1
8714,81.0,1.0,18.0,1.0,-1,49.0,1.0,40.0,1,1,0
8715,37.0,1.0,21.0,5.0,0,49.0,7.0,50.0,1,0,1
8716,53.0,3.0,4.0,5.0,0,323.0,2.0,40.0,0,1,0
8717,49.0,1.0,7.0,1.0,4,49.0,0.0,49.0,0,1,1
8718,62.0,2.0,14.0,1.0,0,35.0,0.0,40.0,1,1,1
8719,38.0,1.0,19.0,3.0,0,30.0,0.0,25.0,0,1,1
8720,64.0,1.0,19.0,1.0,4,49.0,1.0,90.0,0,1,0
8721,84.0,1.0,18.0,1.0,4,49.0,0.0,40.0,0,1,1
8722,65.0,2.0,18.0,1.0,3,49.0,1.0,5.0,0,1,1
8723,84.0,1.0,19.0,1.0,2,49.0,2.0,40.0,1,1,1
8724,80.0,1.0,16.0,1.0,3,49.0,0.0,40.0,1,1,1
8725,69.0,1.0,20.0,1.0,2,119.0,1.0,40.0,1,1,1
8726,53.0,4.0,19.0,1.0,0,6.0,1.0,40.0,0,1,0
8727,35.0,6.0,22.0,1.0,0,103.0,0.0,40.0,1,1,1
8728,30.0,1.0,19.0,5.0,4,49.0,0.0,40.0,1,1,0
8729,51.0,1.0,19.0,1.0,-1,49.0,0.0,40.0,1,1,0
8730,79.0,1.0,18.0,5.0,1,49.0,0.0,40.0,0,1,0
8731,36.0,1.0,21.0,1.0,0,49.0,1.0,45.0,1,1,0
8732,75.0,1.0,22.0,1.0,0,49.0,0.0,45.0,0,1,1
8733,27.0,2.0,22.0,5.0,0,2.0,17.0,40.0,1,1,0
8734,29.0,3.0,8.0,1.0,1,25.0,1.0,20.0,1,0,0
8735,80.0,1.0,21.0,1.0,0,49.0,0.0,40.0,1,1,1
8736,87.0,1.0,22.0,1.0,0,119.0,0.0,40.0,0,1,1
8737,52.0,1.0,16.0,1.0,3,49.0,1.0,18.0,0,0,0
8738,48.0,1.0,16.0,1.0,3,49.0,0.0,75.0,0,0,0
8739,20.0,7.0,19.0,5.0,3,49.0,2.0,40.0,1,1,1
8740,71.0,2.0,19.0,1.0,3,126.0,0.0,52.0,1,0,1
8741,34.0,7.0,19.0,5.0,4,35.0,9.0,84.0,1,0,0
8742,64.0,1.0,21.0,3.0,2,49.0,0.0,40.0,0,1,0
8743,78.0,2.0,16.0,1.0,2,49.0,1.0,51.0,0,1,0
8744,92.0,1.0,21.0,5.0,0,49.0,13.0,43.0,0,1,0
8745,52.0,3.0,16.0,1.0,4,6.0,1.0,23.0,0,1,0
8746,23.0,1.0,13.0,5.0,0,6.0,15.0,40.0,1,1,0
8747,63.0,1.0,21.0,1.0,1,116.0,1.0,40.0,1,1,1
8748,17.0,1.0,16.0,1.0,3,49.0,0.0,40.0,1,1,1
8749,25.0,1.0,19.0,1.0,3,49.0,1.0,40.0,1,1,1
8750,80.0,1.0,22.0,1.0,0,49.0,0.0,40.0,1,1,0
8751,86.0,1.0,22.0,1.0,0,27.0,0.0,21.0,0,1,0
8752,49.0,1.0,20.0,1.0,0,49.0,0.0,30.0,1,1,1
8753,47.0,1.0,19.0,5.0,2,49.0,11.0,40.0,1,1,1
8754,43.0,1.0,19.0,5.0,2,365.0,2.0,40.0,1,1,1
8755,28.0,1.0,19.0,1.0,2,440.0,1.0,40.0,1,1,1
8756,20.0,2.0,21.0,5.0,0,49.0,11.0,78.0,0,1,0
8757,48.0,1.0,21.0,5.0,0,11.0,10.0,40.0,1,1,1
8758,34.0,1.0,22.0,1.0,0,49.0,0.0,40.0,1,1,1
8759,66.0,2.0,16.0,1.0,2,49.0,2.0,40.0,0,1,0
8760,55.0,1.0,20.0,1.0,1,6.0,0.0,52.0,0,1,0
8761,67.0,6.0,20.0,5.0,2,231.0,11.0,21.0,0,1,0
8762,78.0,1.0,21.0,1.0,2,49.0,1.0,59.0,1,1,1
8763,81.0,1.0,16.0,5.0,2,6.0,17.0,46.0,1,1,0
8764,25.0,1.0,16.0,1.0,2,2.0,0.0,40.0,1,1,1
8765,60.0,3.0,20.0,1.0,0,49.0,1.0,40.0,1,1,1
8766,72.0,4.0,19.0,1.0,2,6.0,0.0,40.0,1,1,1
8767,65.0,1.0,19.0,5.0,4,49.0,0.0,40.0,0,1,1
8768,79.0,1.0,19.0,1.0,4,412.0,1.0,40.0,0,1,1
8769,64.0,1.0,22.0,5.0,0,49.0,6.0,50.0,1,1,1
8770,82.0,1.0,20.0,1.0,0,49.0,0.0,50.0,1,1,1
8771,45.0,1.0,16.0,5.0,2,416.0,2.0,40.0,0,1,0
8772,17.0,1.0,19.0,1.0,4,49.0,16.0,62.0,1,1,1
8773,32.0,1.0,16.0,1.0,2,245.0,0.0,40.0,1,1,0
8774,40.0,1.0,22.0,5.0,0,128.0,2.0,40.0,1,1,1
8775,64.0,3.0,19.0,5.0,0,45.0,0.0,40.0,1,1,1
8776,79.0,1.0,21.0,5.0,0,215.0,2.0,40.0,0,1,0
8777,58.0,3.0,21.0,1.0,0,49.0,0.0,20.0,1,1,0
8778,84.0,1.0,20.0,1.0,2,6.0,1.0,40.0,1,1,1
8779,25.0,6.0,19.0,5.0,3,49.0,2.0,67.0,1,1,0
8780,17.0,8.0,14.0,5.0,1,49.0,0.0,40.0,1,1,0
8781,58.0,1.0,13.0,1.0,0,137.0,1.0,40.0,0,1,0
8782,65.0,1.0,19.0,1.0,0,49.0,1.0,80.0,0,1,1
8783,29.0,1.0,17.0,1.0,0,301.0,0.0,40.0,1,1,1
8784,57.0,1.0,22.0,1.0,0,49.0,1.0,40.0,1,1,1
8785,21.0,4.0,22.0,1.0,0,49.0,1.0,1.0,1,1,1
8786,31.0,1.0,19.0,5.0,2,231.0,0.0,66.0,1,1,1
8787,38.0,1.0,19.0,3.0,3,49.0,0.0,40.0,1,1,1
8788,57.0,3.0,22.0,1.0,0,249.0,0.0,40.0,0,1,1
8789,42.0,1.0,19.0,5.0,2,49.0,2.0,40.0,0,1,0
8790,58.0,3.0,20.0,3.0,0,49.0,0.0,40.0,1,1,1
8791,78.0,4.0,16.0,1.0,1,210.0,0.0,40.0,0,1,0
8792,79.0,1.0,21.0,1.0,5,6.0,0.0,84.0,1,1,0
8793,29.0,1.0,20.0,1.0,2,126.0,1.0,99.0,1,1,1
8794,58.0,1.0,22.0,5.0,0,48.0,2.0,40.0,0,1,0
8795,32.0,1.0,20.0,1.0,0,49.0,0.0,51.0,0,1,1
8796,38.0,1.0,19.0,3.0,1,49.0,0.0,40.0,1,1,1
8797,54.0,1.0,19.0,1.0,2,49.0,1.0,40.0,0,0,1
8798,54.0,2.0,19.0,1.0,3,49.0,0.0,45.0,1,1,0
8799,32.0,1.0,21.0,1.0,1,49.0,0.0,20.0,1,1,0
8800,75.0,4.0,20.0,5.0,1,50.0,1.0,40.0,0,1,0
8801,81.0,1.0,19.0,1.0,1,126.0,0.0,40.0,0,1,0
8802,35.0,3.0,21.0,5.0,-1,49.0,2.0,20.0,1,1,0
8803,69.0,1.0,21.0,5.0,1,55.0,2.0,25.0,0,0,0
8804,42.0,6.0,23.0,1.0,0,6.0,0.0,40.0,0,1,1
8805,61.0,1.0,19.0,5.0,1,6.0,2.0,20.0,0,1,0
8806,77.0,1.0,19.0,2.0,0,28.0,2.0,68.0,1,1,0
8807,27.0,5.0,21.0,2.0,0,222.0,0.0,6.0,0,1,0
8808,60.0,3.0,16.0,1.0,4,49.0,0.0,40.0,1,1,0
8809,87.0,1.0,21.0,1.0,0,511.0,1.0,40.0,1,1,1
8810,63.0,1.0,22.0,1.0,2,49.0,0.0,17.0,1,1,0
8811,79.0,1.0,21.0,1.0,0,49.0,0.0,40.0,1,0,1
8812,67.0,8.0,21.0,1.0,0,49.0,1.0,40.0,0,1,1
8813,28.0,6.0,18.0,1.0,4,128.0,0.0,12.0,1,1,1
8814,40.0,1.0,16.0,5.0,4,117.0,2.0,72.0,1,1,0
8815,79.0,1.0,5.0,1.0,1,45.0,1.0,40.0,1,1,1
8816,29.0,1.0,16.0,1.0,3,13.0,0.0,19.0,1,1,1
8817,22.0,1.0,19.0,3.0,1,24.0,0.0,40.0,1,1,1
8818,21.0,1.0,19.0,5.0,2,6.0,8.0,40.0,1,1,0
8819,17.0,4.0,19.0,5.0,1,49.0,0.0,82.0,0,1,0
8820,67.0,1.0,20.0,5.0,0,49.0,17.0,40.0,0,1,1
8821,72.0,1.0,18.0,1.0,4,49.0,1.0,45.0,1,1,1
8822,42.0,1.0,20.0,1.0,2,312.0,1.0,40.0,1,1,1
8823,25.0,1.0,10.0,5.0,1,49.0,4.0,20.0,0,1,0
8824,38.0,1.0,16.0,3.0,2,49.0,0.0,40.0,0,1,1
8825,25.0,1.0,20.0,1.0,2,49.0,1.0,51.0,1,1,0
8826,74.0,2.0,21.0,1.0,0,49.0,0.0,40.0,1,1,1
8827,26.0,1.0,19.0,1.0,3,49.0,1.0,40.0,1,1,1
8828,79.0,1.0,19.0,1.0,2,49.0,0.0,99.0,1,1,1
8829,79.0,4.0,16.0,1.0,2,49.0,0.0,21.0,1,1,1
8830,70.0,4.0,19.0,1.0,0,6.0,0.0,50.0,1,0,1
8831,23.0,1.0,21.0,1.0,0,49.0,1.0,40.0,1,1,1
8832,20.0,1.0,19.0,5.0,1,49.0,6.0,40.0,0,1,0
8833,55.0,1.0,21.0,1.0,0,158.0,0.0,50.0,1,1,1
8834,36.0,1.0,16.0,1.0,2,417.0,1.0,22.0,1,1,0
8835,75.0,1.0,16.0,1.0,3,416.0,2.0,50.0,1,1,0
8836,68.0,3.0,22.0,1.0,0,49.0,1.0,5.0,0,1,0
8837,54.0,3.0,22.0,1.0,0,49.0,0.0,50.0,0,1,1
8838,33.0,3.0,2.0,5.0,1,117.0,6.0,16.0,0,0,0
8839,50.0,1.0,19.0,1.0,0,6.0,0.0,40.0,0,1,1
8840,87.0,3.0,18.0,1.0,0,49.0,1.0,50.0,1,1,1
8841,60.0,1.0,20.0,1.0,3,6.0,1.0,40.0,0,1,1
8842,33.0,2.0,16.0,5.0,2,49.0,2.0,45.0,1,1,0
8843,36.0,1.0,19.0,1.0,2,49.0,0.0,20.0,0,1,0
8844,38.0,1.0,20.0,3.0,2,49.0,0.0,40.0,1,1,1
8845,40.0,3.0,16.0,1.0,3,136.0,1.0,50.0,1,1,1
8846,46.0,3.0,16.0,5.0,4,6.0,2.0,16.0,0,1,0
8847,59.0,7.0,18.0,5.0,3,49.0,2.0,40.0,0,1,1
8848,19.0,1.0,18.0,1.0,0,6.0,0.0,65.0,1,0,1
8849,60.0,8.0,20.0,1.0,2,49.0,0.0,45.0,1,1,1
8850,57.0,2.0,22.0,1.0,0,49.0,1.0,18.0,1,1,0
8851,19.0,1.0,16.0,1.0,1,313.0,0.0,40.0,1,1,1
8852,65.0,2.0,19.0,1.0,2,139.0,8.0,40.0,0,1,1
8853,36.0,4.0,21.0,1.0,1,49.0,1.0,4.0,1,1,0
8854,44.0,8.0,6.0,1.0,0,49.0,0.0,40.0,1,1,1
8855,59.0,1.0,22.0,1.0,0,49.0,2.0,45.0,0,1,0
8856,29.0,3.0,16.0,5.0,1,442.0,2.0,65.0,0,1,0
8857,22.0,6.0,19.0,1.0,2,49.0,0.0,40.0,1,1,1
8858,20.0,1.0,16.0,5.0,3,49.0,0.0,40.0,0,1,1
8859,66.0,1.0,21.0,5.0,0,231.0,2.0,40.0,0,1,0
8860,43.0,1.0,19.0,1.0,4,49.0,1.0,40.0,0,1,1
8861,70.0,1.0,16.0,5.0,3,49.0,0.0,40.0,1,1,0
8862,87.0,1.0,21.0,1.0,0,467.0,0.0,50.0,0,1,1
8863,87.0,1.0,16.0,5.0,2,49.0,0.0,45.0,0,1,0
8864,21.0,1.0,19.0,1.0,1,49.0,0.0,58.0,1,1,0
8865,76.0,1.0,19.0,3.0,2,5.0,16.0,1.0,1,1,1
8866,92.0,1.0,16.0,5.0,2,49.0,7.0,40.0,1,1,1
8867,18.0,1.0,22.0,1.0,0,235.0,1.0,40.0,1,1,1
8868,65.0,1.0,21.0,1.0,1,6.0,1.0,50.0,1,1,1
8869,81.0,1.0,16.0,1.0,3,2.0,0.0,40.0,0,1,1
8870,56.0,3.0,22.0,1.0,0,60.0,1.0,40.0,1,1,0
8871,39.0,5.0,21.0,1.0,0,211.0,1.0,11.0,0,1,0
8872,25.0,1.0,22.0,1.0,0,49.0,1.0,7.0,1,1,1
8873,25.0,6.0,21.0,5.0,0,49.0,2.0,32.0,1,1,1
8874,76.0,8.0,21.0,3.0,1,49.0,0.0,50.0,1,1,1
8875,80.0,1.0,19.0,5.0,2,49.0,0.0,67.0,0,1,0
8876,24.0,2.0,21.0,1.0,0,315.0,1.0,40.0,1,0,1
8877,20.0,1.0,7.0,5.0,1,49.0,14.0,40.0,0,1,0
8878,57.0,2.0,19.0,1.0,0,49.0,0.0,40.0,1,1,1
8879,92.0,1.0,16.0,1.0,4,49.0,0.0,40.0,0,1,1
8880,28.0,1.0,18.0,1.0,0,137.0,1.0,88.0,0,1,0
8881,82.0,2.0,21.0,1.0,0,49.0,4.0,40.0,0,1,1
8882,31.0,1.0,21.0,1.0,2,49.0,0.0,40.0,1,1,1
8883,27.0,1.0,21.0,5.0,0,49.0,0.0,23.0,0,1,0
8884,59.0,1.0,18.0,3.0,3,49.0,0.0,45.0,1,1,1
8885,54.0,1.0,21.0,1.0,1,49.0,0.0,40.0,0,1,1
8886,65.0,7.0,18.0,1.0,-1,49.0,1.0,45.0,0,1,0
8887,41.0,1.0,21.0,1.0,5,6.0,1.0,28.0,0,1,0
8888,74.0,1.0,21.0,1.0,0,427.0,1.0,7.0,1,1,1
8889,78.0,1.0,19.0,3.0,2,501.0,0.0,20.0,0,1,0
8890,78.0,8.0,22.0,3.0,0,116.0,0.0,40.0,1,1,0
8891,81.0,1.0,20.0,1.0,0,49.0,0.0,40.0,0,1,1
8892,44.0,1.0,13.0,5.0,4,49.0,2.0,67.0,1,1,0
8893,29.0,1.0,23.0,1.0,0,49.0,0.0,52.0,0,1,1
8894,57.0,1.0,21.0,1.0,2,158.0,1.0,20.0,0,1,0
8895,79.0,7.0,16.0,1.0,1,138.0,0.0,50.0,0,1,1
8896,84.0,1.0,19.0,1.0,1,49.0,0.0,19.0,1,1,1
8897,39.0,1.0,20.0,1.0,0,49.0,0.0,40.0,1,1,1
8898,49.0,8.0,23.0,1.0,4,163.0,0.0,50.0,0,1,0
8899,51.0,1.0,16.0,1.0,2,6.0,1.0,40.0,0,1,1
8900,87.0,1.0,22.0,5.0,0,49.0,16.0,52.0,1,1,0
8901,54.0,1.0,21.0,5.0,0,49.0,0.0,20.0,0,1,0
8902,61.0,4.0,21.0,1.0,0,6.0,1.0,50.0,1,1,1
8903,61.0,1.0,20.0,1.0,1,448.0,0.0,45.0,0,1,1
8904,40.0,1.0,16.0,5.0,3,49.0,15.0,20.0,0,1,0
8905,45.0,1.0,21.0,1.0,1,373.0,1.0,45.0,0,0,0
8906,46.0,1.0,19.0,1.0,0,229.0,0.0,40.0,0,1,0
8907,80.0,1.0,21.0,1.0,0,49.0,0.0,57.0,0,1,0
8908,32.0,1.0,8.0,3.0,1,27.0,0.0,9.0,0,1,0
8909,48.0,1.0,16.0,1.0,4,49.0,1.0,58.0,1,1,0
8910,20.0,1.0,16.0,5.0,4,49.0,2.0,30.0,1,1,0
8911,37.0,1.0,16.0,5.0,3,150.0,0.0,40.0,0,1,0
8912,68.0,2.0,20.0,5.0,3,32.0,2.0,99.0,0,1,0
8913,18.0,5.0,20.0,1.0,0,49.0,0.0,52.0,0,1,0
8914,67.0,2.0,19.0,1.0,0,49.0,1.0,44.0,1,1,1
8915,73.0,1.0,18.0,5.0,-1,49.0,2.0,40.0,0,1,0
8916,35.0,2.0,2.0,5.0,0,49.0,6.0,45.0,0,1,0
8917,43.0,1.0,16.0,5.0,2,49.0,0.0,33.0,0,1,0
8918,25.0,4.0,19.0,1.0,0,49.0,0.0,45.0,0,1,1
8919,53.0,3.0,19.0,1.0,1,414.0,1.0,48.0,0,1,0
8920,19.0,2.0,21.0,1.0,0,49.0,0.0,40.0,0,1,0
8921,46.0,3.0,19.0,1.0,0,49.0,1.0,40.0,1,1,1
8922,35.0,5.0,18.0,1.0,0,32.0,1.0,43.0,0,1,0
8923,20.0,4.0,18.0,5.0,5,49.0,2.0,57.0,1,1,0
8924,54.0,3.0,20.0,5.0,0,136.0,9.0,40.0,0,1,1
8925,31.0,4.0,19.0,1.0,0,49.0,0.0,40.0,1,1,1
8926,86.0,1.0,19.0,1.0,1,6.0,0.0,54.0,1,1,0
8927,45.0,1.0,21.0,1.0,0,49.0,0.0,11.0,1,1,1
8928,32.0,6.0,7.0,5.0,1,459.0,0.0,40.0,0,1,0
8929,27.0,4.0,20.0,1.0,0,49.0,1.0,34.0,1,1,1
8930,59.0,1.0,20.0,1.0,3,60.0,0.0,20.0,1,1,0
8931,18.0,1.0,16.0,3.0,1,49.0,1.0,40.0,0,1,1
8932,38.0,3.0,16.0,5.0,1,49.0,2.0,37.0,1,0,0
8933,38.0,1.0,19.0,5.0,4,236.0,2.0,34.0,0,1,0
8934,26.0,1.0,16.0,1.0,3,414.0,1.0,90.0,0,1,1
8935,38.0,1.0,21.0,3.0,0,49.0,1.0,40.0,1,1,1
8936,32.0,2.0,10.0,5.0,0,49.0,2.0,12.0,1,1,0
8937,64.0,1.0,21.0,1.0,0,158.0,0.0,20.0,0,1,0
8938,82.0,1.0,21.0,1.0,2,417.0,0.0,40.0,0,1,0
8939,25.0,4.0,21.0,1.0,0,54.0,1.0,88.0,0,1,1
8940,81.0,1.0,11.0,5.0,1,56.0,2.0,40.0,1,1,0
8941,49.0,1.0,18.0,1.0,3,49.0,1.0,4.0,1,1,0
8942,36.0,1.0,19.0,1.0,4,49.0,0.0,21.0,0,1,1
8943,26.0,7.0,16.0,1.0,3,16.0,1.0,40.0,0,1,1
8944,58.0,1.0,16.0,1.0,4,49.0,1.0,40.0,0,1,1
8945,80.0,1.0,20.0,1.0,0,49.0,1.0,82.0,1,1,1
8946,21.0,1.0,19.0,5.0,3,6.0,0.0,23.0,1,1,0
8947,38.0,3.0,18.0,3.0,0,134.0,0.0,50.0,1,1,1
8948,39.0,8.0,20.0,1.0,1,49.0,0.0,84.0,0,1,0
8949,20.0,1.0,22.0,5.0,2,49.0,2.0,9.0,0,1,0
8950,69.0,1.0,19.0,1.0,2,49.0,13.0,40.0,0,1,0
8951,20.0,1.0,21.0,5.0,1,49.0,11.0,45.0,1,1,0
8952,41.0,4.0,20.0,1.0,0,6.0,1.0,40.0,1,1,0
8953,83.0,1.0,16.0,3.0,4,49.0,0.0,21.0,0,1,0
8954,47.0,1.0,19.0,1.0,2,49.0,0.0,90.0,0,1,0
8955,77.0,1.0,21.0,1.0,1,223.0,1.0,50.0,0,1,1
8956,56.0,1.0,21.0,1.0,2,49.0,1.0,46.0,0,1,1
8957,74.0,1.0,19.0,1.0,1,372.0,0.0,80.0,1,1,0
8958,49.0,1.0,19.0,3.0,1,6.0,0.0,72.0,1,1,1
8959,56.0,7.0,18.0,1.0,0,49.0,1.0,66.0,1,1,1
8960,76.0,1.0,18.0,5.0,2,49.0,0.0,20.0,0,1,0
8961,76.0,1.0,19.0,1.0,4,49.0,14.0,45.0,1,1,0
8962,26.0,1.0,19.0,1.0,2,49.0,0.0,51.0,1,1,1
8963,51.0,3.0,21.0,3.0,0,25.0,0.0,90.0,0,1,0
8964,42.0,1.0,18.0,1.0,1,49.0,0.0,31.0,1,1,1
8965,72.0,3.0,22.0,1.0,0,49.0,1.0,56.0,1,1,1
8966,78.0,1.0,19.0,3.0,1,49.0,0.0,62.0,0,1,0
8967,71.0,3.0,20.0,1.0,0,49.0,0.0,50.0,0,1,1
8968,38.0,1.0,18.0,5.0,4,49.0,2.0,54.0,0,0,0
8969,58.0,4.0,14.0,5.0,1,49.0,0.0,40.0,1,1,0
8970,64.0,1.0,19.0,5.0,0,11.0,0.0,40.0,0,1,0
8971,20.0,1.0,19.0,5.0,1,49.0,17.0,48.0,0,1,0
8972,25.0,1.0,16.0,1.0,2,55.0,0.0,45.0,1,1,1
8973,81.0,1.0,16.0,1.0,4,158.0,1.0,40.0,0,1,1
8974,62.0,4.0,21.0,1.0,-1,203.0,1.0,36.0,0,1,0
8975,17.0,1.0,21.0,5.0,0,30.0,5.0,62.0,1,1,0
8976,32.0,1.0,20.0,1.0,2,49.0,0.0,40.0,1,1,1
8977,32.0,1.0,19.0,5.0,2,32.0,0.0,53.0,0,1,1
8978,74.0,1.0,18.0,1.0,0,24.0,1.0,85.0,0,1,0
8979,43.0,1.0,19.0,1.0,2,49.0,1.0,40.0,1,1,1
8980,32.0,1.0,19.0,5.0,2,49.0,9.0,20.0,0,1,0
8981,68.0,1.0,5.0,5.0,1,49.0,0.0,40.0,0,1,0
8982,48.0,7.0,18.0,1.0,-1,203.0,7.0,84.0,0,1,0
8983,69.0,2.0,21.0,5.0,0,49.0,10.0,20.0,1,1,0
8984,40.0,1.0,16.0,1.0,4,49.0,0.0,40.0,1,1,1
8985,67.0,1.0,22.0,1.0,0,138.0,1.0,33.0,0,1,1
8986,60.0,1.0,8.0,3.0,0,2.0,0.0,20.0,0,1,0
8987,25.0,1.0,19.0,1.0,1,49.0,0.0,51.0,1,1,0
8988,21.0,1.0,16.0,5.0,3,515.0,6.0,41.0,0,1,0
8989,33.0,2.0,20.0,5.0,2,27.0,0.0,40.0,0,1,0
8990,71.0,1.0,21.0,1.0,0,440.0,0.0,45.0,1,1,1
8991,70.0,1.0,20.0,5.0,0,49.0,2.0,4.0,1,1,1
8992,20.0,1.0,16.0,5.0,1,49.0,0.0,50.0,1,1,1
8993,63.0,4.0,12.0,1.0,0,311.0,0.0,40.0,1,1,1
8994,26.0,1.0,9.0,1.0,2,6.0,0.0,40.0,1,1,1
8995,27.0,1.0,21.0,1.0,0,49.0,0.0,29.0,1,1,1
8996,20.0,1.0,11.0,5.0,2,49.0,2.0,40.0,1,1,0
8997,62.0,4.0,21.0,1.0,0,49.0,11.0,40.0,1,0,1
8998,20.0,1.0,21.0,5.0,0,49.0,2.0,40.0,0,1,0
8999,59.0,1.0,19.0,1.0,2,163.0,1.0,40.0,1,1,0
9000,27.0,1.0,20.0,1.0,0,6.0,0.0,52.0,0,1,1
9001,43.0,1.0,22.0,1.0,0,49.0,0.0,40.0,1,1,1
9002,79.0,1.0,19.0,1.0,4,6.0,0.0,50.0,1,1,1
9003,92.0,4.0,22.0,1.0,2,323.0,1.0,91.0,1,1,1
9004,23.0,5.0,19.0,1.0,0,23.0,1.0,2.0,0,1,1
9005,66.0,1.0,18.0,1.0,4,49.0,0.0,40.0,1,1,1
9006,37.0,1.0,20.0,1.0,0,49.0,1.0,38.0,0,1,0
9007,30.0,7.0,20.0,1.0,0,21.0,1.0,45.0,0,1,1
9008,48.0,2.0,19.0,1.0,0,6.0,1.0,85.0,1,1,1
9009,92.0,8.0,21.0,5.0,1,222.0,0.0,24.0,0,1,0
9010,76.0,1.0,19.0,3.0,2,49.0,0.0,3.0,1,1,1
9011,92.0,1.0,20.0,3.0,2,49.0,0.0,40.0,1,1,1
9012,53.0,2.0,22.0,1.0,0,6.0,1.0,82.0,0,1,0
9013,36.0,2.0,22.0,5.0,0,49.0,2.0,50.0,0,1,1
9014,61.0,1.0,20.0,5.0,0,49.0,5.0,50.0,1,1,1
9015,19.0,1.0,16.0,5.0,3,6.0,7.0,20.0,1,1,1
9016,57.0,7.0,16.0,5.0,4,49.0,0.0,48.0,1,1,0
9017,49.0,1.0,19.0,5.0,1,365.0,2.0,12.0,0,0,0
9018,74.0,4.0,19.0,1.0,2,49.0,0.0,43.0,1,0,1
9019,34.0,3.0,21.0,1.0,0,49.0,16.0,13.0,0,1,0
9020,28.0,1.0,21.0,1.0,0,6.0,1.0,40.0,1,1,1
9021,76.0,1.0,16.0,4.0,3,49.0,0.0,7.0,0,1,0
9022,77.0,1.0,16.0,1.0,2,49.0,0.0,90.0,0,1,0
9023,38.0,1.0,11.0,3.0,0,49.0,0.0,91.0,1,0,0
9024,41.0,1.0,21.0,5.0,2,31.0,2.0,40.0,1,0,0
9025,32.0,1.0,21.0,1.0,0,49.0,1.0,40.0,0,1,1
9026,69.0,1.0,5.0,1.0,0,49.0,0.0,45.0,1,1,1
9027,39.0,1.0,21.0,1.0,1,4.0,0.0,40.0,0,1,0
9028,20.0,1.0,18.0,5.0,2,49.0,2.0,40.0,0,1,0
9029,83.0,1.0,21.0,1.0,0,49.0,0.0,40.0,1,0,1
9030,49.0,1.0,16.0,5.0,3,217.0,0.0,20.0,0,1,0
9031,31.0,2.0,21.0,1.0,0,127.0,1.0,54.0,1,1,0
9032,66.0,1.0,18.0,5.0,1,501.0,9.0,40.0,1,1,1
9033,48.0,1.0,14.0,1.0,2,49.0,0.0,40.0,1,1,1
9034,86.0,1.0,21.0,1.0,0,49.0,0.0,40.0,1,1,1
9035,17.0,4.0,19.0,5.0,2,49.0,0.0,96.0,0,1,0
9036,72.0,3.0,20.0,1.0,1,215.0,0.0,85.0,1,1,0
9037,55.0,1.0,16.0,1.0,4,210.0,0.0,68.0,0,1,1
9038,74.0,2.0,19.0,1.0,3,6.0,0.0,85.0,0,1,0
9039,78.0,7.0,16.0,5.0,4,469.0,11.0,11.0,0,0,1
9040,67.0,2.0,16.0,1.0,3,49.0,1.0,33.0,1,1,1
9041,53.0,1.0,16.0,1.0,3,60.0,1.0,27.0,1,1,0
9042,36.0,1.0,6.0,2.0,0,38.0,2.0,28.0,0,1,0
9043,40.0,7.0,19.0,1.0,4,49.0,7.0,40.0,0,1,1
9044,83.0,6.0,19.0,5.0,3,442.0,0.0,40.0,1,1,1
9045,35.0,1.0,21.0,5.0,1,228.0,6.0,20.0,0,1,0
9046,84.0,3.0,19.0,5.0,0,49.0,2.0,42.0,0,1,0
9047,77.0,3.0,4.0,1.0,0,49.0,1.0,15.0,1,1,1
9048,56.0,1.0,21.0,1.0,0,49.0,1.0,52.0,0,1,1
9049,36.0,1.0,8.0,1.0,2,6.0,0.0,12.0,1,1,0
9050,25.0,1.0,21.0,1.0,2,49.0,2.0,37.0,1,1,0
9051,68.0,6.0,16.0,5.0,3,6.0,2.0,18.0,1,1,0
9052,41.0,1.0,18.0,5.0,1,49.0,6.0,40.0,1,1,0
9053,42.0,6.0,21.0,1.0,0,49.0,1.0,72.0,0,1,1
9054,53.0,1.0,21.0,3.0,0,49.0,0.0,48.0,0,1,1
9055,25.0,1.0,19.0,1.0,2,110.0,1.0,20.0,0,1,1
9056,27.0,1.0,19.0,5.0,1,49.0,10.0,42.0,1,1,0
9057,45.0,1.0,21.0,1.0,0,49.0,1.0,40.0,1,1,1
9058,53.0,1.0,18.0,1.0,1,49.0,0.0,40.0,1,1,0
9059,52.0,8.0,22.0,5.0,0,49.0,10.0,40.0,1,1,0
9060,53.0,8.0,21.0,1.0,0,301.0,1.0,45.0,0,1,1
9061,40.0,1.0,18.0,1.0,2,49.0,0.0,30.0,0,1,0
9062,47.0,1.0,20.0,1.0,1,160.0,0.0,51.0,1,1,0
9063,92.0,2.0,18.0,1.0,0,49.0,1.0,60.0,0,1,0
9064,82.0,3.0,21.0,5.0,0,10.0,2.0,45.0,1,1,0
9065,32.0,3.0,21.0,1.0,0,49.0,3.0,40.0,1,1,1
9066,56.0,1.0,19.0,5.0,2,312.0,14.0,65.0,0,1,0
9067,21.0,1.0,21.0,1.0,2,49.0,2.0,17.0,0,1,1
9068,42.0,1.0,19.0,5.0,1,6.0,10.0,40.0,1,1,0
9069,72.0,1.0,21.0,5.0,0,49.0,0.0,45.0,0,1,1
9070,47.0,1.0,16.0,1.0,1,303.0,1.0,75.0,0,1,1
9071,46.0,1.0,19.0,3.0,4,49.0,0.0,40.0,1,1,1
9072,60.0,1.0,21.0,1.0,1,49.0,0.0,40.0,1,1,1
9073,54.0,1.0,16.0,5.0,3,49.0,13.0,40.0,1,1,1
9074,22.0,1.0,17.0,4.0,0,49.0,0.0,50.0,0,1,0
9075,73.0,1.0,20.0,5.0,3,515.0,11.0,40.0,0,1,0
9076,64.0,4.0,19.0,2.0,0,30.0,4.0,85.0,0,1,0
9077,21.0,3.0,22.0,5.0,0,6.0,6.0,40.0,0,1,0
9078,78.0,1.0,16.0,3.0,4,49.0,0.0,40.0,0,1,0
9079,78.0,4.0,19.0,1.0,0,49.0,2.0,23.0,0,1,1
9080,38.0,3.0,22.0,3.0,0,16.0,0.0,52.0,0,1,0
9081,87.0,1.0,8.0,1.0,0,49.0,0.0,6.0,1,1,0
9082,82.0,1.0,22.0,1.0,0,6.0,1.0,50.0,0,1,1
9083,32.0,1.0,21.0,5.0,0,49.0,2.0,78.0,1,1,0
9084,72.0,1.0,18.0,1.0,0,51.0,1.0,40.0,1,1,1
9085,65.0,1.0,21.0,5.0,-1,49.0,4.0,40.0,0,1,0
9086,56.0,3.0,17.0,1.0,0,49.0,1.0,78.0,0,1,1
9087,83.0,1.0,16.0,4.0,4,49.0,2.0,32.0,1,1,0
9088,59.0,1.0,8.0,1.0,0,150.0,1.0,13.0,1,0,1
9089,80.0,1.0,18.0,1.0,1,6.0,1.0,17.0,1,1,1
9090,66.0,2.0,21.0,1.0,0,15.0,1.0,88.0,1,1,1
9091,19.0,1.0,21.0,1.0,0,22.0,0.0,10.0,0,1,0
9092,43.0,1.0,19.0,5.0,3,49.0,0.0,40.0,1,1,0
9093,21.0,1.0,16.0,5.0,2,6.0,3.0,40.0,0,1,0
9094,83.0,8.0,19.0,3.0,4,22.0,0.0,40.0,1,1,1
9095,69.0,8.0,19.0,3.0,4,49.0,0.0,50.0,0,1,1
9096,27.0,1.0,21.0,1.0,1,467.0,0.0,50.0,1,1,1
9097,77.0,1.0,19.0,3.0,3,229.0,0.0,50.0,0,0,1
9098,75.0,1.0,16.0,5.0,2,49.0,0.0,50.0,1,1,0
9099,37.0,2.0,18.0,5.0,2,469.0,2.0,40.0,0,0,1
9100,46.0,1.0,18.0,1.0,0,49.0,0.0,40.0,0,1,1
9101,92.0,3.0,21.0,1.0,1,49.0,0.0,40.0,1,1,0
9102,63.0,1.0,16.0,4.0,4,49.0,2.0,40.0,0,0,0
9103,70.0,1.0,19.0,1.0,2,49.0,0.0,28.0,1,1,0
9104,17.0,8.0,21.0,5.0,0,49.0,6.0,20.0,0,1,0
9105,35.0,1.0,19.0,1.0,2,49.0,0.0,20.0,1,1,0
9106,54.0,1.0,20.0,1.0,0,49.0,0.0,50.0,1,1,1
9107,17.0,3.0,18.0,5.0,0,49.0,2.0,18.0,0,0,0
9108,80.0,1.0,16.0,1.0,2,49.0,2.0,50.0,0,1,1
9109,21.0,1.0,18.0,3.0,0,6.0,0.0,8.0,0,1,1
9110,63.0,1.0,21.0,3.0,0,323.0,0.0,59.0,1,1,0
9111,33.0,6.0,21.0,1.0,0,49.0,0.0,40.0,0,1,1
9112,38.0,1.0,1.0,5.0,4,25.0,8.0,13.0,0,0,0
9113,57.0,1.0,21.0,1.0,0,49.0,1.0,40.0,0,1,1
9114,42.0,1.0,20.0,2.0,2,49.0,2.0,20.0,1,1,0
9115,48.0,7.0,19.0,5.0,1,6.0,15.0,32.0,0,1,0
9116,22.0,1.0,16.0,1.0,3,49.0,0.0,99.0,1,1,1
9117,34.0,3.0,21.0,1.0,0,38.0,1.0,20.0,0,1,0
9118,31.0,1.0,16.0,1.0,4,49.0,1.0,42.0,1,1,1
9119,72.0,4.0,18.0,1.0,1,49.0,0.0,42.0,0,1,0
9120,42.0,1.0,20.0,1.0,0,8.0,1.0,40.0,0,1,1
9121,36.0,2.0,4.0,1.0,2,224.0,0.0,40.0,1,1,1
9122,19.0,1.0,17.0,1.0,2,303.0,0.0,20.0,1,1,1
9123,48.0,8.0,21.0,5.0,0,23.0,0.0,40.0,0,1,0
9124,42.0,8.0,20.0,1.0,2,301.0,0.0,29.0,0,1,0
9125,75.0,1.0,18.0,1.0,4,49.0,0.0,58.0,0,1,1
9126,26.0,3.0,24.0,1.0,-1,49.0,0.0,40.0,0,1,0
9127,83.0,5.0,21.0,1.0,0,6.0,0.0,50.0,0,1,1
9128,18.0,3.0,22.0,1.0,0,49.0,0.0,60.0,1,1,1
9129,35.0,1.0,20.0,1.0,2,6.0,2.0,3.0,0,1,0
9130,29.0,3.0,19.0,1.0,1,49.0,1.0,17.0,0,0,0
9131,25.0,1.0,19.0,1.0,1,66.0,0.0,2.0,1,1,0
9132,40.0,1.0,16.0,1.0,1,6.0,1.0,38.0,0,1,0
9133,38.0,3.0,19.0,3.0,0,49.0,0.0,20.0,1,0,0
9134,63.0,7.0,16.0,1.0,1,469.0,0.0,20.0,0,1,0
9135,56.0,1.0,9.0,1.0,4,449.0,0.0,40.0,0,1,1
9136,37.0,4.0,19.0,1.0,2,459.0,0.0,25.0,1,1,0
9137,36.0,3.0,21.0,2.0,0,49.0,0.0,20.0,0,1,0
9138,55.0,1.0,19.0,1.0,3,6.0,1.0,40.0,1,1,1
9139,82.0,1.0,21.0,1.0,0,49.0,0.0,40.0,1,1,1
9140,56.0,3.0,8.0,5.0,0,49.0,8.0,40.0,0,1,0
9141,44.0,4.0,21.0,5.0,1,49.0,2.0,40.0,0,1,0
9142,75.0,1.0,18.0,1.0,3,327.0,1.0,40.0,1,1,1
9143,26.0,4.0,21.0,1.0,0,49.0,1.0,50.0,1,1,1
9144,75.0,1.0,21.0,4.0,2,49.0,0.0,54.0,0,1,0
9145,82.0,1.0,16.0,3.0,4,49.0,0.0,44.0,1,1,0
9146,78.0,6.0,21.0,4.0,1,6.0,0.0,75.0,0,1,0
9147,76.0,1.0,20.0,5.0,0,60.0,0.0,66.0,1,0,0
9148,39.0,2.0,16.0,1.0,3,49.0,0.0,40.0,0,1,1
9149,27.0,8.0,16.0,5.0,3,49.0,2.0,40.0,1,1,0
9150,87.0,1.0,13.0,2.0,-1,6.0,0.0,40.0,0,1,0
9151,36.0,1.0,5.0,1.0,0,6.0,2.0,40.0,1,1,1
9152,31.0,3.0,22.0,5.0,0,49.0,0.0,43.0,0,1,0
9153,37.0,5.0,16.0,1.0,1,49.0,1.0,45.0,1,1,1
9154,20.0,1.0,18.0,1.0,4,49.0,1.0,20.0,0,1,0
9155,80.0,7.0,19.0,5.0,3,60.0,16.0,40.0,0,1,0
9156,20.0,1.0,22.0,1.0,0,49.0,1.0,45.0,0,1,1
9157,67.0,1.0,7.0,1.0,0,49.0,1.0,45.0,0,1,0
9158,35.0,1.0,16.0,5.0,4,49.0,0.0,45.0,1,0,1
9159,21.0,4.0,22.0,1.0,0,49.0,1.0,40.0,0,1,1
9160,71.0,3.0,18.0,1.0,1,49.0,1.0,27.0,1,1,0
9161,55.0,1.0,20.0,1.0,0,327.0,1.0,20.0,1,1,0
9162,39.0,1.0,20.0,1.0,0,212.0,1.0,40.0,1,1,1
9163,28.0,3.0,18.0,1.0,5,49.0,0.0,17.0,0,1,0
9164,51.0,3.0,21.0,1.0,0,4.0,1.0,90.0,1,1,1
9165,36.0,1.0,16.0,1.0,3,8.0,0.0,40.0,0,0,1
9166,51.0,1.0,21.0,1.0,0,49.0,1.0,40.0,1,1,1
9167,53.0,1.0,21.0,1.0,0,49.0,0.0,45.0,0,1,0
9168,78.0,1.0,16.0,3.0,4,315.0,1.0,90.0,0,1,0
9169,18.0,1.0,21.0,1.0,2,515.0,0.0,40.0,0,1,1
9170,70.0,4.0,22.0,1.0,0,49.0,1.0,50.0,1,0,1
9171,92.0,2.0,21.0,1.0,0,49.0,1.0,40.0,0,1,1
9172,70.0,7.0,19.0,5.0,3,1.0,5.0,19.0,0,1,0
9173,70.0,1.0,10.0,1.0,0,49.0,1.0,35.0,0,1,0
9174,33.0,1.0,21.0,5.0,0,6.0,2.0,40.0,0,1,0
9175,31.0,1.0,19.0,5.0,1,6.0,14.0,40.0,0,1,0
9176,57.0,1.0,18.0,5.0,0,49.0,10.0,20.0,1,1,1
9177,87.0,1.0,21.0,1.0,0,6.0,1.0,25.0,0,0,1
9178,30.0,2.0,21.0,1.0,0,49.0,0.0,50.0,0,1,1
9179,50.0,1.0,21.0,1.0,1,49.0,1.0,40.0,1,1,0
9180,37.0,1.0,21.0,1.0,0,49.0,2.0,30.0,0,1,0
9181,73.0,1.0,21.0,1.0,0,6.0,1.0,40.0,1,1,1
9182,73.0,1.0,21.0,1.0,-1,6.0,0.0,20.0,1,1,0
9183,23.0,1.0,16.0,1.0,4,49.0,11.0,46.0,1,0,1
9184,43.0,1.0,19.0,1.0,0,49.0,1.0,20.0,1,1,0
9185,70.0,1.0,10.0,1.0,0,49.0,0.0,27.0,0,1,1
9186,55.0,1.0,16.0,5.0,4,49.0,16.0,20.0,0,1,0
9187,72.0,1.0,16.0,1.0,3,49.0,0.0,45.0,1,1,1
9188,64.0,1.0,19.0,1.0,3,49.0,10.0,40.0,1,1,1
9189,38.0,1.0,16.0,5.0,2,49.0,2.0,13.0,1,0,0
9190,29.0,1.0,10.0,5.0,0,12.0,17.0,29.0,1,1,0
9191,79.0,1.0,16.0,1.0,2,49.0,9.0,50.0,1,1,1
9192,64.0,1.0,2.0,1.0,1,49.0,0.0,9.0,0,0,0
9193,51.0,1.0,15.0,1.0,4,49.0,1.0,10.0,0,1,0
9194,86.0,1.0,21.0,1.0,0,158.0,0.0,14.0,0,1,1
9195,43.0,3.0,22.0,5.0,0,49.0,7.0,2.0,0,1,0
9196,61.0,4.0,21.0,5.0,-1,6.0,0.0,12.0,0,1,0
9197,55.0,1.0,21.0,1.0,0,49.0,1.0,70.0,0,1,1
9198,37.0,1.0,21.0,1.0,0,49.0,0.0,5.0,1,0,1
9199,62.0,1.0,19.0,1.0,1,370.0,0.0,40.0,0,0,1
9200,52.0,1.0,18.0,1.0,0,119.0,0.0,40.0,0,0,0
9201,83.0,7.0,19.0,1.0,3,372.0,0.0,45.0,0,1,0
9202,55.0,3.0,18.0,1.0,0,49.0,0.0,50.0,1,1,1
9203,59.0,1.0,14.0,3.0,2,6.0,0.0,40.0,0,1,0
9204,27.0,1.0,16.0,1.0,2,49.0,0.0,45.0,1,1,1
9205,52.0,4.0,19.0,5.0,1,49.0,0.0,40.0,0,1,0
9206,46.0,4.0,21.0,1.0,0,49.0,1.0,40.0,1,1,0
9207,20.0,3.0,9.0,5.0,1,49.0,2.0,57.0,0,1,0
9208,57.0,1.0,19.0,5.0,2,33.0,17.0,40.0,0,1,0
9209,66.0,1.0,19.0,5.0,2,49.0,2.0,20.0,1,1,0
9210,18.0,1.0,16.0,1.0,2,6.0,0.0,40.0,1,1,1
9211,19.0,1.0,21.0,1.0,0,49.0,1.0,45.0,0,1,1
9212,61.0,1.0,20.0,1.0,0,49.0,0.0,96.0,1,1,1
9213,54.0,1.0,21.0,5.0,1,49.0,2.0,40.0,0,1,0
9214,67.0,1.0,21.0,1.0,0,469.0,4.0,45.0,1,1,0
9215,40.0,1.0,21.0,1.0,0,49.0,1.0,40.0,0,1,1
9216,72.0,1.0,16.0,1.0,3,49.0,0.0,31.0,0,1,0
9217,45.0,7.0,19.0,1.0,5,49.0,1.0,40.0,0,1,0
9218,45.0,5.0,16.0,1.0,3,41.0,1.0,50.0,1,1,1
9219,26.0,1.0,22.0,5.0,0,138.0,2.0,50.0,0,1,1
9220,43.0,1.0,21.0,1.0,0,49.0,0.0,40.0,1,1,1
9221,66.0,1.0,19.0,1.0,2,44.0,0.0,34.0,0,1,1
9222,34.0,1.0,6.0,1.0,1,49.0,0.0,40.0,1,1,0
9223,77.0,1.0,16.0,1.0,4,6.0,1.0,68.0,0,1,0
9224,21.0,2.0,19.0,1.0,0,103.0,0.0,20.0,0,1,0
9225,44.0,2.0,21.0,1.0,0,49.0,1.0,40.0,1,1,1
9226,36.0,1.0,12.0,5.0,1,49.0,7.0,40.0,1,1,0
9227,22.0,2.0,22.0,1.0,0,49.0,1.0,68.0,1,0,0
9228,53.0,1.0,21.0,3.0,1,370.0,11.0,15.0,1,1,1
9229,72.0,3.0,15.0,1.0,0,49.0,1.0,40.0,1,0,1
9230,30.0,2.0,19.0,1.0,0,49.0,1.0,50.0,0,1,1
9231,64.0,1.0,21.0,1.0,1,205.0,0.0,40.0,1,1,1
9232,45.0,3.0,19.0,5.0,1,360.0,2.0,20.0,0,1,0
9233,25.0,1.0,18.0,5.0,4,49.0,0.0,40.0,0,1,0
9234,38.0,1.0,19.0,3.0,1,49.0,3.0,38.0,0,1,0
9235,74.0,1.0,21.0,1.0,2,49.0,1.0,24.0,1,1,1
9236,71.0,1.0,19.0,5.0,1,25.0,14.0,40.0,1,1,1
9237,57.0,1.0,22.0,5.0,0,39.0,5.0,20.0,1,1,0
9238,37.0,1.0,19.0,1.0,2,49.0,0.0,40.0,0,1,1
9239,71.0,1.0,20.0,1.0,0,164.0,0.0,40.0,1,1,1
9240,69.0,1.0,16.0,1.0,1,49.0,1.0,65.0,1,1,1
9241,34.0,3.0,22.0,5.0,0,49.0,2.0,30.0,1,1,1
9242,83.0,1.0,20.0,5.0,0,49.0,2.0,40.0,0,1,0
9243,68.0,1.0,19.0,1.0,4,49.0,1.0,40.0,0,1,1
9244,25.0,3.0,21.0,1.0,0,109.0,0.0,50.0,0,1,0
9245,38.0,7.0,20.0,3.0,3,49.0,0.0,24.0,1,1,0
9246,72.0,4.0,19.0,1.0,2,49.0,1.0,40.0,0,1,0
9247,57.0,6.0,19.0,1.0,1,150.0,1.0,40.0,0,1,1
9248,67.0,1.0,14.0,1.0,4,49.0,0.0,62.0,0,1,0
9249,77.0,8.0,19.0,1.0,2,207.0,0.0,40.0,1,1,1
9250,46.0,2.0,22.0,3.0,0,206.0,0.0,54.0,0,0,0
9251,53.0,1.0,16.0,5.0,3,49.0,3.0,67.0,1,1,0
9252,76.0,1.0,21.0,1.0,0,6.0,1.0,85.0,0,1,0
9253,42.0,1.0,16.0,1.0,3,49.0,0.0,40.0,1,1,1
9254,60.0,8.0,19.0,1.0,1,223.0,0.0,16.0,0,1,0
9255,53.0,1.0,16.0,1.0,4,49.0,1.0,27.0,0,1,1
9256,49.0,1.0,19.0,1.0,1,49.0,0.0,28.0,0,1,0
9257,17.0,1.0,22.0,5.0,2,49.0,2.0,50.0,1,1,0
9258,40.0,1.0,19.0,1.0,2,17.0,0.0,34.0,0,1,0
9259,19.0,1.0,13.0,1.0,2,49.0,1.0,31.0,0,1,0
9260,34.0,1.0,19.0,5.0,2,49.0,9.0,40.0,1,1,1
9261,60.0,5.0,18.0,1.0,3,6.0,1.0,45.0,0,1,1
9262,73.0,1.0,11.0,1.0,2,6.0,1.0,45.0,1,1,1
9263,73.0,1.0,19.0,3.0,2,126.0,0.0,20.0,1,1,1
9264,32.0,1.0,19.0,1.0,3,49.0,1.0,70.0,1,1,1
9265,82.0,1.0,22.0,1.0,0,6.0,2.0,40.0,1,1,1
9266,49.0,4.0,21.0,1.0,0,240.0,0.0,50.0,0,1,1
9267,24.0,1.0,16.0,5.0,2,49.0,2.0,40.0,1,1,1
9268,55.0,1.0,9.0,1.0,4,49.0,0.0,96.0,0,1,0
9269,24.0,7.0,20.0,1.0,3,49.0,0.0,40.0,1,1,1
9270,62.0,2.0,21.0,1.0,0,49.0,1.0,40.0,0,1,1
9271,37.0,1.0,9.0,1.0,4,56.0,0.0,40.0,1,1,0
9272,76.0,1.0,7.0,5.0,1,132.0,2.0,40.0,0,1,0
9273,55.0,4.0,19.0,2.0,1,33.0,0.0,4.0,1,1,0
9274,57.0,2.0,16.0,1.0,2,49.0,0.0,45.0,1,1,1
9275,77.0,1.0,18.0,5.0,1,49.0,2.0,40.0,0,1,0
9276,87.0,5.0,21.0,1.0,0,436.0,1.0,40.0,0,1,0
9277,21.0,4.0,21.0,5.0,0,6.0,2.0,50.0,1,1,1
9278,46.0,1.0,21.0,1.0,1,134.0,0.0,50.0,1,1,1
9279,29.0,1.0,19.0,1.0,2,49.0,1.0,22.0,0,1,0
9280,92.0,4.0,2.0,1.0,2,29.0,1.0,40.0,1,1,0
9281,72.0,4.0,19.0,1.0,0,42.0,0.0,3.0,0,1,1
9282,87.0,3.0,21.0,5.0,1,327.0,2.0,28.0,0,1,0
9283,43.0,1.0,16.0,5.0,4,19.0,2.0,21.0,1,1,0
9284,60.0,3.0,19.0,1.0,4,56.0,1.0,1.0,1,1,1
9285,37.0,1.0,18.0,1.0,0,49.0,0.0,1.0,1,1,1
9286,21.0,2.0,20.0,1.0,2,229.0,1.0,40.0,0,1,1
9287,80.0,7.0,16.0,5.0,3,6.0,0.0,12.0,0,1,0
9288,32.0,7.0,18.0,5.0,1,49.0,2.0,30.0,0,1,0
9289,46.0,7.0,19.0,3.0,3,49.0,1.0,40.0,0,1,1
9290,92.0,4.0,21.0,1.0,0,49.0,1.0,50.0,1,1,1
9291,51.0,1.0,21.0,5.0,1,49.0,0.0,23.0,0,1,0
9292,64.0,1.0,20.0,1.0,1,49.0,0.0,14.0,0,0,0
9293,34.0,1.0,19.0,1.0,2,49.0,1.0,40.0,0,1,0
9294,41.0,1.0,19.0,1.0,4,103.0,1.0,40.0,1,1,1
9295,44.0,1.0,21.0,3.0,0,49.0,0.0,40.0,0,0,1
9296,61.0,2.0,9.0,1.0,2,49.0,0.0,32.0,0,1,0
9297,49.0,2.0,16.0,1.0,2,49.0,0.0,58.0,1,1,0
9298,40.0,1.0,11.0,5.0,1,49.0,2.0,40.0,1,0,0
9299,70.0,1.0,21.0,5.0,0,13.0,14.0,50.0,1,0,1
9300,24.0,1.0,19.0,5.0,2,49.0,0.0,38.0,1,1,0
9301,71.0,1.0,21.0,5.0,1,49.0,2.0,62.0,1,1,0
9302,20.0,1.0,24.0,5.0,2,49.0,2.0,41.0,1,1,0
9303,58.0,1.0,18.0,1.0,2,469.0,0.0,82.0,1,1,0
9304,19.0,2.0,21.0,1.0,0,49.0,0.0,40.0,1,1,1
9305,56.0,1.0,18.0,1.0,1,417.0,0.0,40.0,0,1,1
9306,27.0,1.0,19.0,1.0,2,49.0,0.0,40.0,1,1,1
9307,44.0,1.0,19.0,1.0,1,217.0,1.0,45.0,0,1,1
9308,19.0,1.0,19.0,1.0,4,215.0,1.0,40.0,1,1,1
9309,47.0,2.0,12.0,1.0,0,49.0,1.0,21.0,0,1,1
9310,40.0,1.0,19.0,1.0,0,49.0,1.0,88.0,1,1,1
9311,82.0,5.0,5.0,5.0,1,363.0,3.0,38.0,0,0,0
9312,62.0,1.0,20.0,1.0,3,49.0,0.0,40.0,1,1,1
9313,25.0,1.0,19.0,1.0,3,368.0,0.0,40.0,1,1,1
9314,84.0,1.0,16.0,3.0,4,233.0,17.0,29.0,1,1,0
9315,42.0,3.0,19.0,1.0,3,6.0,1.0,50.0,1,1,1
9316,29.0,1.0,8.0,1.0,0,134.0,2.0,45.0,1,1,1
9317,26.0,3.0,4.0,3.0,0,53.0,0.0,13.0,0,1,1
9318,72.0,1.0,18.0,1.0,1,45.0,1.0,43.0,1,1,0
9319,50.0,1.0,16.0,1.0,4,49.0,1.0,40.0,0,1,0
9320,92.0,2.0,21.0,1.0,2,6.0,1.0,62.0,1,1,0
9321,71.0,3.0,8.0,1.0,1,49.0,0.0,16.0,0,1,0
9322,86.0,1.0,22.0,1.0,0,49.0,2.0,40.0,1,1,1
9323,26.0,1.0,18.0,4.0,2,49.0,2.0,9.0,0,1,0
9324,26.0,1.0,18.0,1.0,1,49.0,0.0,40.0,1,1,1
9325,73.0,3.0,21.0,5.0,0,49.0,10.0,20.0,0,0,0
9326,32.0,1.0,21.0,5.0,0,49.0,2.0,47.0,0,0,0
9327,22.0,4.0,19.0,1.0,2,49.0,0.0,50.0,1,1,1
9328,26.0,1.0,16.0,5.0,2,49.0,2.0,40.0,1,1,0
9329,81.0,8.0,21.0,5.0,2,49.0,12.0,51.0,1,1,0
9330,69.0,1.0,19.0,1.0,2,449.0,1.0,40.0,1,1,1
9331,38.0,1.0,18.0,3.0,1,49.0,0.0,85.0,0,0,0
9332,67.0,1.0,22.0,5.0,2,30.0,2.0,40.0,0,1,0
9333,23.0,1.0,21.0,1.0,2,49.0,0.0,35.0,1,1,1
9334,68.0,1.0,18.0,5.0,2,49.0,2.0,40.0,1,1,0
9335,86.0,8.0,19.0,5.0,3,6.0,2.0,19.0,0,1,0
9336,20.0,2.0,22.0,5.0,0,49.0,2.0,6.0,0,1,0
9337,51.0,4.0,21.0,1.0,0,49.0,0.0,40.0,0,1,1
9338,23.0,3.0,21.0,5.0,0,49.0,2.0,82.0,1,1,0
9339,55.0,1.0,20.0,1.0,0,49.0,0.0,13.0,0,1,1
9340,77.0,1.0,20.0,1.0,3,49.0,1.0,45.0,0,1,1
9341,47.0,1.0,24.0,3.0,4,49.0,10.0,50.0,0,1,1
9342,30.0,1.0,22.0,1.0,0,527.0,1.0,40.0,0,1,1
9343,45.0,2.0,18.0,5.0,3,49.0,11.0,19.0,0,1,0
9344,86.0,1.0,21.0,5.0,0,49.0,17.0,88.0,1,1,0
9345,18.0,4.0,22.0,1.0,2,49.0,0.0,45.0,1,1,1
9346,24.0,1.0,22.0,1.0,0,49.0,0.0,2.0,1,0,1
9347,32.0,3.0,16.0,1.0,3,6.0,1.0,88.0,0,0,0
9348,28.0,5.0,21.0,1.0,0,362.0,1.0,20.0,0,1,1
9349,25.0,1.0,21.0,1.0,0,49.0,1.0,50.0,1,1,1
9350,21.0,7.0,20.0,1.0,1,6.0,0.0,40.0,0,1,0
9351,19.0,8.0,24.0,1.0,0,60.0,0.0,52.0,1,1,1
9352,74.0,1.0,22.0,5.0,0,49.0,2.0,12.0,1,1,1
9353,18.0,1.0,20.0,1.0,0,49.0,1.0,24.0,0,1,0
9354,67.0,8.0,22.0,1.0,0,49.0,0.0,3.0,1,1,1
9355,78.0,1.0,21.0,1.0,0,18.0,1.0,40.0,1,1,1
9356,25.0,1.0,18.0,1.0,1,49.0,2.0,59.0,1,1,0
9357,51.0,5.0,19.0,1.0,0,6.0,0.0,20.0,1,1,0
9358,87.0,1.0,20.0,1.0,3,49.0,0.0,40.0,1,1,1
9359,24.0,1.0,16.0,1.0,3,49.0,0.0,40.0,0,1,1
9360,59.0,1.0,21.0,1.0,1,314.0,0.0,19.0,0,1,0
9361,36.0,7.0,12.0,5.0,4,49.0,2.0,54.0,0,1,0
9362,44.0,4.0,19.0,5.0,1,527.0,9.0,90.0,1,1,0
9363,34.0,3.0,20.0,1.0,0,6.0,0.0,20.0,0,1,0
9364,25.0,4.0,21.0,1.0,5,236.0,0.0,66.0,0,1,0
9365,58.0,1.0,16.0,1.0,4,49.0,1.0,20.0,0,1,0
9366,30.0,1.0,1.0,5.0,4,49.0,6.0,1.0,1,1,0
9367,45.0,4.0,21.0,5.0,1,49.0,2.0,40.0,1,1,0
9368,57.0,1.0,19.0,1.0,2,11.0,0.0,20.0,0,1,0
9369,33.0,6.0,16.0,1.0,3,49.0,1.0,40.0,1,0,1
9370,34.0,1.0,19.0,5.0,2,49.0,2.0,39.0,0,1,0
9371,42.0,3.0,21.0,1.0,0,222.0,1.0,90.0,1,1,1
9372,81.0,1.0,21.0,5.0,1,49.0,7.0,44.0,0,1,0
9373,81.0,1.0,20.0,1.0,0,49.0,0.0,50.0,1,1,1
9374,25.0,1.0,21.0,1.0,0,49.0,0.0,99.0,0,1,1
9375,55.0,1.0,19.0,3.0,2,49.0,0.0,50.0,0,1,0
9376,39.0,4.0,8.0,5.0,1,49.0,4.0,40.0,0,1,0
9377,43.0,3.0,21.0,1.0,0,49.0,0.0,40.0,0,1,1
9378,64.0,1.0,20.0,4.0,2,51.0,0.0,62.0,1,1,0
9379,32.0,1.0,16.0,5.0,4,440.0,2.0,40.0,0,1,0
9380,25.0,1.0,22.0,1.0,0,49.0,0.0,40.0,1,1,1
9381,24.0,2.0,20.0,1.0,0,323.0,0.0,40.0,1,1,1
9382,42.0,1.0,16.0,1.0,2,49.0,1.0,40.0,1,1,1
9383,21.0,2.0,16.0,3.0,3,468.0,0.0,40.0,0,1,1
9384,25.0,2.0,7.0,1.0,0,49.0,0.0,47.0,1,1,1
9385,65.0,1.0,11.0,1.0,2,523.0,0.0,2.0,1,1,0
9386,82.0,1.0,20.0,1.0,0,6.0,1.0,45.0,1,0,1
9387,84.0,1.0,16.0,1.0,4,49.0,0.0,45.0,1,1,1
9388,32.0,1.0,20.0,1.0,2,49.0,9.0,50.0,0,1,1
9389,39.0,2.0,21.0,1.0,0,49.0,0.0,59.0,1,1,1
9390,79.0,3.0,18.0,1.0,-1,49.0,0.0,39.0,1,1,0
9391,17.0,1.0,21.0,5.0,0,49.0,2.0,60.0,0,0,0
9392,21.0,1.0,19.0,5.0,2,31.0,3.0,48.0,0,1,0
9393,35.0,1.0,19.0,1.0,0,49.0,0.0,40.0,0,1,1
9394,21.0,1.0,21.0,1.0,0,6.0,0.0,50.0,1,1,1
9395,87.0,4.0,20.0,3.0,1,49.0,0.0,90.0,0,1,0
9396,72.0,1.0,20.0,1.0,0,6.0,1.0,16.0,0,0,1
9397,63.0,1.0,21.0,1.0,0,126.0,1.0,18.0,0,1,1
9398,57.0,1.0,17.0,1.0,1,49.0,0.0,27.0,0,0,0
9399,81.0,1.0,16.0,5.0,4,49.0,2.0,40.0,0,1,0
9400,63.0,1.0,16.0,1.0,2,6.0,0.0,50.0,0,1,0
9401,78.0,1.0,19.0,1.0,4,106.0,0.0,40.0,0,1,1
9402,80.0,1.0,16.0,1.0,2,49.0,0.0,35.0,1,1,1
9403,53.0,3.0,21.0,1.0,0,49.0,17.0,50.0,1,1,1
9404,47.0,1.0,18.0,1.0,1,49.0,0.0,40.0,0,1,0
9405,39.0,1.0,21.0,5.0,2,49.0,17.0,52.0,1,1,0
9406,61.0,4.0,21.0,3.0,0,49.0,0.0,50.0,0,1,1
9407,81.0,4.0,16.0,1.0,2,49.0,0.0,84.0,0,1,0
9408,20.0,1.0,14.0,5.0,5,49.0,10.0,40.0,0,1,0
9409,54.0,1.0,18.0,1.0,3,30.0,2.0,50.0,1,0,1
9410,20.0,4.0,20.0,5.0,0,49.0,9.0,1.0,0,1,0
9411,38.0,3.0,19.0,3.0,2,49.0,0.0,40.0,1,0,1
9412,23.0,3.0,19.0,1.0,3,33.0,1.0,50.0,1,1,1
9413,72.0,1.0,19.0,1.0,2,49.0,1.0,40.0,1,1,1
9414,54.0,3.0,1.0,1.0,1,327.0,1.0,68.0,1,1,0
9415,51.0,1.0,18.0,1.0,4,41.0,0.0,45.0,0,1,0
9416,56.0,1.0,19.0,5.0,4,49.0,0.0,40.0,1,1,1
9417,83.0,1.0,18.0,1.0,4,49.0,0.0,40.0,1,1,1
9418,30.0,1.0,21.0,1.0,0,49.0,1.0,40.0,1,0,1
9419,36.0,1.0,16.0,1.0,2,49.0,1.0,25.0,1,1,1
9420,66.0,1.0,4.0,3.0,1,49.0,0.0,40.0,0,1,0
9421,26.0,6.0,10.0,1.0,0,23.0,0.0,1.0,0,1,0
9422,59.0,4.0,21.0,5.0,0,49.0,2.0,5.0,1,0,0
9423,24.0,3.0,16.0,1.0,1,49.0,0.0,4.0,0,1,1
9424,92.0,1.0,19.0,1.0,3,49.0,1.0,50.0,1,1,1
9425,42.0,1.0,16.0,1.0,1,243.0,1.0,40.0,1,1,1
9426,36.0,1.0,18.0,1.0,0,49.0,1.0,52.0,1,1,1
9427,29.0,2.0,16.0,1.0,3,22.0,0.0,43.0,1,1,0
9428,67.0,1.0,18.0,5.0,-1,49.0,14.0,40.0,1,1,0
9429,58.0,1.0,19.0,1.0,3,49.0,1.0,50.0,1,1,1
9430,25.0,1.0,19.0,1.0,2,40.0,1.0,40.0,0,1,1
9431,17.0,7.0,21.0,5.0,-1,49.0,2.0,31.0,0,0,0
9432,21.0,4.0,21.0,1.0,0,49.0,1.0,40.0,1,1,1
9433,84.0,4.0,21.0,1.0,0,49.0,0.0,84.0,0,1,0
9434,53.0,4.0,21.0,1.0,0,49.0,1.0,36.0,1,1,1
9435,76.0,1.0,19.0,1.0,2,49.0,0.0,88.0,0,1,0
9436,35.0,1.0,11.0,1.0,0,370.0,1.0,50.0,1,1,1
9437,27.0,1.0,16.0,1.0,2,49.0,0.0,78.0,1,1,1
9438,19.0,1.0,22.0,1.0,2,22.0,2.0,38.0,1,1,1
9439,60.0,1.0,6.0,1.0,4,6.0,0.0,40.0,1,1,1
9440,22.0,2.0,22.0,1.0,0,49.0,2.0,50.0,1,1,1
9441,49.0,4.0,21.0,1.0,0,48.0,1.0,50.0,1,1,1
9442,61.0,1.0,21.0,1.0,1,139.0,0.0,40.0,1,1,1
9443,76.0,1.0,16.0,1.0,1,6.0,1.0,37.0,0,1,1
9444,43.0,1.0,16.0,1.0,2,229.0,1.0,40.0,1,1,1
9445,74.0,1.0,7.0,1.0,0,49.0,1.0,40.0,0,1,1
9446,65.0,1.0,22.0,5.0,0,49.0,4.0,48.0,1,1,0
9447,64.0,1.0,16.0,1.0,3,49.0,1.0,16.0,1,1,0
9448,40.0,2.0,20.0,1.0,0,49.0,1.0,35.0,0,1,0
9449,87.0,1.0,21.0,1.0,1,49.0,1.0,40.0,0,0,0
9450,79.0,3.0,1.0,1.0,5,27.0,0.0,48.0,1,1,0
9451,86.0,1.0,16.0,1.0,4,49.0,1.0,40.0,1,1,1
9452,21.0,1.0,21.0,3.0,0,66.0,12.0,40.0,1,1,0
9453,36.0,1.0,19.0,5.0,1,215.0,2.0,40.0,0,1,0
9454,25.0,1.0,16.0,5.0,4,229.0,0.0,70.0,1,1,1
9455,74.0,4.0,19.0,1.0,1,49.0,0.0,40.0,1,1,0
9456,39.0,1.0,18.0,1.0,3,37.0,2.0,40.0,1,1,1
9457,72.0,1.0,16.0,1.0,4,6.0,0.0,90.0,1,1,0
9458,46.0,4.0,22.0,1.0,0,469.0,1.0,40.0,1,1,1
9459,82.0,3.0,19.0,5.0,0,314.0,2.0,70.0,1,1,0
9460,21.0,1.0,22.0,5.0,2,46.0,2.0,34.0,1,1,0
9461,25.0,1.0,18.0,5.0,4,49.0,2.0,40.0,0,1,0
9462,60.0,1.0,22.0,5.0,0,49.0,2.0,67.0,1,1,0
9463,49.0,3.0,18.0,1.0,3,210.0,0.0,40.0,1,1,0
9464,30.0,2.0,19.0,5.0,3,49.0,0.0,40.0,1,1,0
9465,69.0,1.0,18.0,1.0,1,247.0,0.0,40.0,1,1,0
9466,30.0,1.0,19.0,1.0,2,49.0,1.0,20.0,1,1,0
9467,34.0,2.0,22.0,3.0,0,49.0,0.0,40.0,1,1,1
9468,25.0,1.0,16.0,1.0,2,35.0,1.0,45.0,0,1,0
9469,44.0,1.0,19.0,5.0,2,49.0,0.0,5.0,0,1,1
9470,31.0,1.0,22.0,5.0,0,49.0,17.0,1.0,1,1,1
9471,77.0,1.0,21.0,1.0,0,49.0,1.0,65.0,1,1,1
9472,33.0,1.0,21.0,1.0,0,1.0,0.0,40.0,1,1,1
9473,77.0,1.0,21.0,1.0,0,49.0,0.0,40.0,0,1,1
9474,38.0,1.0,21.0,3.0,0,49.0,0.0,50.0,1,1,1
9475,37.0,4.0,23.0,1.0,0,72.0,0.0,22.0,1,1,0
9476,78.0,2.0,18.0,1.0,3,49.0,1.0,45.0,1,1,1
9477,32.0,1.0,19.0,1.0,2,49.0,0.0,40.0,1,1,1
9478,43.0,2.0,16.0,1.0,3,49.0,0.0,40.0,1,1,1
9479,65.0,1.0,16.0,5.0,3,213.0,6.0,40.0,0,1,0
9480,22.0,3.0,13.0,1.0,1,6.0,2.0,45.0,1,1,1
9481,74.0,7.0,16.0,1.0,3,49.0,1.0,2.0,1,1,1
9482,79.0,4.0,18.0,1.0,0,49.0,1.0,7.0,1,1,1
9483,63.0,1.0,19.0,1.0,2,49.0,0.0,13.0,1,1,1
9484,72.0,7.0,21.0,1.0,1,6.0,1.0,40.0,1,1,0
9485,49.0,1.0,16.0,1.0,1,6.0,1.0,43.0,1,1,0
9486,29.0,1.0,18.0,1.0,2,6.0,1.0,68.0,0,1,1
9487,60.0,1.0,20.0,1.0,2,49.0,0.0,40.0,1,1,0
9488,21.0,7.0,18.0,1.0,5,523.0,0.0,40.0,0,1,0
9489,34.0,8.0,21.0,1.0,0,30.0,0.0,40.0,1,1,1
9490,45.0,7.0,18.0,5.0,-1,49.0,0.0,53.0,0,1,0
9491,39.0,1.0,11.0,1.0,4,49.0,0.0,45.0,1,1,0
9492,21.0,1.0,10.0,5.0,4,6.0,12.0,84.0,0,1,0
9493,43.0,6.0,21.0,5.0,0,49.0,2.0,40.0,0,1,0
9494,87.0,1.0,21.0,1.0,1,49.0,1.0,40.0,0,1,0
9495,81.0,1.0,19.0,1.0,1,49.0,1.0,90.0,0,1,0
9496,43.0,5.0,10.0,5.0,1,49.0,2.0,84.0,1,1,0
9497,21.0,1.0,19.0,1.0,0,6.0,1.0,40.0,0,1,1
9498,23.0,1.0,21.0,1.0,2,49.0,1.0,40.0,0,1,1
9499,76.0,6.0,19.0,1.0,1,6.0,1.0,40.0,1,1,0
9500,47.0,8.0,21.0,1.0,0,427.0,0.0,50.0,1,1,1
9501,43.0,1.0,22.0,5.0,0,312.0,2.0,32.0,1,1,0
9502,32.0,1.0,19.0,1.0,1,242.0,1.0,40.0,0,0,0
9503,68.0,1.0,17.0,1.0,0,49.0,2.0,40.0,1,1,1
9504,21.0,3.0,21.0,1.0,0,6.0,0.0,18.0,0,1,1
9505,29.0,1.0,18.0,1.0,1,49.0,1.0,55.0,0,1,0
9506,67.0,3.0,19.0,1.0,1,6.0,0.0,50.0,0,1,1
9507,82.0,1.0,19.0,5.0,3,42.0,6.0,40.0,1,1,0
9508,63.0,3.0,10.0,1.0,0,163.0,1.0,40.0,1,1,1
9509,18.0,3.0,4.0,1.0,1,72.0,0.0,40.0,1,0,1
9510,27.0,1.0,9.0,1.0,0,49.0,1.0,80.0,1,0,1
9511,81.0,1.0,16.0,5.0,3,459.0,6.0,40.0,0,1,0
9512,80.0,1.0,21.0,1.0,0,222.0,1.0,54.0,1,1,1
9513,61.0,1.0,19.0,5.0,4,49.0,2.0,22.0,0,1,0
9514,67.0,1.0,19.0,1.0,0,66.0,1.0,40.0,1,1,1
9515,22.0,1.0,21.0,3.0,0,49.0,0.0,40.0,1,1,1
9516,30.0,1.0,19.0,1.0,1,6.0,2.0,40.0,1,1,0
9517,21.0,1.0,22.0,5.0,0,332.0,2.0,40.0,1,1,1
9518,42.0,1.0,16.0,5.0,1,211.0,2.0,37.0,0,1,0
9519,33.0,2.0,1.0,1.0,0,30.0,1.0,40.0,1,1,1
9520,17.0,1.0,21.0,1.0,0,365.0,1.0,40.0,1,1,1
9521,67.0,1.0,16.0,3.0,1,49.0,0.0,30.0,1,1,0
9522,74.0,1.0,16.0,1.0,3,49.0,1.0,29.0,0,1,0
9523,32.0,1.0,21.0,1.0,0,49.0,1.0,49.0,1,1,1
9524,74.0,1.0,20.0,5.0,1,243.0,8.0,40.0,1,1,1
9525,34.0,1.0,21.0,5.0,2,6.0,2.0,20.0,1,1,0
9526,50.0,1.0,16.0,1.0,1,44.0,1.0,10.0,1,1,0
9527,73.0,1.0,19.0,1.0,2,24.0,0.0,40.0,0,1,0
9528,60.0,3.0,18.0,1.0,0,49.0,1.0,20.0,0,1,0
9529,64.0,4.0,22.0,2.0,0,49.0,0.0,40.0,0,1,0
9530,70.0,7.0,19.0,4.0,5,301.0,2.0,30.0,1,0,0
9531,73.0,1.0,21.0,1.0,0,126.0,8.0,50.0,1,1,1
9532,27.0,1.0,19.0,5.0,3,6.0,2.0,20.0,1,1,0
9533,71.0,1.0,21.0,1.0,0,137.0,0.0,24.0,1,1,1
9534,60.0,1.0,21.0,1.0,0,468.0,0.0,20.0,1,1,1
9535,59.0,1.0,15.0,1.0,2,49.0,0.0,20.0,0,1,0
9536,43.0,1.0,10.0,5.0,2,1.0,2.0,38.0,1,1,0
9537,57.0,2.0,19.0,1.0,3,6.0,1.0,50.0,1,1,0
9538,73.0,1.0,16.0,1.0,4,32.0,0.0,11.0,0,1,0
9539,62.0,3.0,21.0,5.0,0,49.0,2.0,40.0,0,1,1
9540,59.0,1.0,18.0,5.0,1,49.0,4.0,10.0,1,1,0
9541,46.0,1.0,18.0,1.0,3,49.0,2.0,78.0,1,1,0
9542,48.0,1.0,19.0,2.0,2,110.0,0.0,40.0,1,1,0
9543,36.0,3.0,19.0,1.0,1,49.0,1.0,20.0,1,1,1
9544,70.0,1.0,12.0,1.0,0,49.0,1.0,40.0,1,1,1
9545,20.0,1.0,16.0,5.0,1,49.0,17.0,55.0,1,1,0
9546,36.0,1.0,24.0,1.0,2,49.0,0.0,40.0,1,0,1
9547,51.0,1.0,20.0,1.0,2,49.0,0.0,65.0,0,1,1
9548,23.0,3.0,21.0,1.0,0,209.0,0.0,43.0,1,0,1
9549,46.0,1.0,19.0,1.0,2,6.0,1.0,40.0,0,1,0
9550,41.0,1.0,2.0,1.0,0,523.0,0.0,50.0,1,1,1
9551,81.0,2.0,22.0,1.0,0,6.0,0.0,40.0,1,0,1
9552,86.0,1.0,16.0,1.0,4,6.0,0.0,2.0,0,1,0
9553,22.0,1.0,16.0,1.0,1,49.0,1.0,40.0,0,1,1
9554,27.0,1.0,16.0,1.0,4,49.0,0.0,40.0,0,1,0
9555,49.0,1.0,16.0,1.0,2,6.0,0.0,50.0,0,0,1
9556,60.0,1.0,16.0,1.0,1,49.0,1.0,84.0,0,1,0
9557,80.0,3.0,21.0,5.0,-1,49.0,7.0,20.0,0,0,0
9558,51.0,2.0,21.0,1.0,0,49.0,1.0,20.0,0,1,1
9559,92.0,7.0,18.0,1.0,3,49.0,0.0,40.0,1,1,1
9560,50.0,1.0,22.0,1.0,0,6.0,0.0,23.0,1,1,1
9561,74.0,1.0,19.0,1.0,4,6.0,1.0,4.0,1,1,0
9562,21.0,4.0,16.0,1.0,2,6.0,1.0,44.0,0,1,0
9563,31.0,1.0,19.0,5.0,2,49.0,2.0,40.0,0,1,0
9564,78.0,1.0,20.0,1.0,0,468.0,0.0,40.0,1,1,1
9565,67.0,1.0,20.0,1.0,1,49.0,0.0,40.0,1,1,1
9566,35.0,7.0,18.0,1.0,1,46.0,0.0,40.0,1,1,1
9567,53.0,1.0,16.0,5.0,4,49.0,2.0,65.0,1,1,0
9568,70.0,1.0,22.0,5.0,0,49.0,3.0,40.0,1,0,1
9569,79.0,1.0,21.0,1.0,0,49.0,1.0,45.0,1,1,1
9570,47.0,1.0,21.0,1.0,2,21.0,0.0,50.0,1,1,1
9571,32.0,1.0,19.0,1.0,2,128.0,1.0,10.0,0,1,1
9572,61.0,3.0,23.0,1.0,0,49.0,1.0,50.0,1,1,1
9573,76.0,1.0,16.0,1.0,1,49.0,0.0,40.0,1,1,0
9574,61.0,1.0,22.0,1.0,0,228.0,1.0,40.0,1,1,1
9575,70.0,1.0,16.0,3.0,4,49.0,0.0,20.0,1,1,0
9576,78.0,3.0,21.0,1.0,0,49.0,0.0,15.0,1,1,1
9577,81.0,1.0,19.0,5.0,2,49.0,2.0,78.0,1,1,0
9578,18.0,1.0,14.0,5.0,1,6.0,0.0,10.0,0,1,0
9579,21.0,4.0,21.0,3.0,0,6.0,0.0,40.0,0,1,0
9580,71.0,2.0,16.0,1.0,3,49.0,2.0,40.0,0,1,0
9581,42.0,1.0,19.0,5.0,2,15.0,9.0,40.0,0,1,0
9582,45.0,3.0,18.0,4.0,5,6.0,0.0,53.0,0,1,0
9583,20.0,1.0,17.0,5.0,1,49.0,2.0,25.0,1,1,0
9584,38.0,1.0,21.0,3.0,0,245.0,0.0,40.0,1,0,1
9585,37.0,8.0,4.0,1.0,1,49.0,1.0,45.0,0,1,0
9586,70.0,2.0,21.0,1.0,0,312.0,0.0,40.0,1,1,1
9587,53.0,5.0,22.0,1.0,0,212.0,0.0,50.0,1,1,1
9588,60.0,1.0,21.0,1.0,0,6.0,0.0,40.0,1,1,1
9589,60.0,1.0,16.0,5.0,4,49.0,9.0,20.0,0,1,0
9590,37.0,1.0,19.0,1.0,0,217.0,0.0,40.0,1,1,1
9591,33.0,5.0,18.0,5.0,1,49.0,2.0,40.0,0,1,0
9592,20.0,1.0,19.0,5.0,1,49.0,10.0,7.0,0,1,0
9593,76.0,1.0,21.0,1.0,0,9.0,1.0,80.0,1,1,1
9594,38.0,1.0,21.0,5.0,0,49.0,0.0,40.0,1,1,1
9595,28.0,4.0,21.0,1.0,0,49.0,1.0,50.0,0,0,1
9596,21.0,4.0,18.0,1.0,5,6.0,1.0,6.0,1,1,0
9597,44.0,1.0,20.0,1.0,3,49.0,1.0,20.0,0,1,0
9598,34.0,1.0,21.0,5.0,0,49.0,10.0,56.0,1,1,0
9599,48.0,1.0,16.0,5.0,1,6.0,6.0,37.0,0,1,0
9600,63.0,4.0,22.0,1.0,0,6.0,1.0,40.0,0,0,1
9601,54.0,1.0,16.0,5.0,4,49.0,2.0,88.0,0,1,0
9602,22.0,6.0,20.0,1.0,3,372.0,1.0,45.0,1,1,1
9603,17.0,4.0,20.0,5.0,0,312.0,2.0,40.0,0,1,0
9604,50.0,1.0,23.0,3.0,0,368.0,0.0,40.0,1,1,1
9605,22.0,1.0,18.0,1.0,0,49.0,5.0,40.0,1,1,1
9606,75.0,8.0,21.0,5.0,0,49.0,16.0,67.0,1,1,0
9607,41.0,1.0,20.0,5.0,2,6.0,2.0,20.0,1,1,0
9608,62.0,1.0,21.0,1.0,0,139.0,1.0,40.0,1,1,1
9609,38.0,4.0,10.0,5.0,0,116.0,2.0,40.0,1,1,1
9610,45.0,7.0,23.0,5.0,-1,49.0,9.0,32.0,0,1,0
9611,80.0,1.0,19.0,5.0,4,49.0,0.0,40.0,0,1,0
9612,34.0,2.0,15.0,1.0,0,6.0,1.0,40.0,1,1,1
9613,37.0,3.0,19.0,1.0,1,49.0,1.0,55.0,0,1,0
9614,39.0,5.0,21.0,1.0,1,49.0,0.0,20.0,1,1,0
9615,21.0,3.0,21.0,5.0,0,6.0,16.0,50.0,0,1,1
9616,39.0,1.0,18.0,1.0,3,49.0,0.0,49.0,0,1,0
9617,26.0,2.0,22.0,1.0,2,49.0,0.0,25.0,0,1,1
9618,59.0,4.0,1.0,1.0,0,49.0,1.0,75.0,0,0,1
9619,53.0,1.0,18.0,5.0,0,49.0,5.0,26.0,0,1,0
9620,20.0,1.0,16.0,5.0,1,363.0,13.0,59.0,0,1,0
9621,73.0,1.0,16.0,1.0,4,49.0,0.0,50.0,0,1,1
9622,70.0,2.0,22.0,5.0,0,49.0,2.0,40.0,0,1,0
9623,61.0,1.0,16.0,1.0,4,412.0,1.0,82.0,1,1,0
9624,27.0,1.0,18.0,1.0,4,49.0,1.0,40.0,1,1,1
9625,38.0,4.0,20.0,3.0,0,48.0,0.0,40.0,1,1,0
9626,81.0,1.0,4.0,1.0,1,6.0,1.0,20.0,0,1,0
9627,64.0,3.0,20.0,1.0,0,203.0,5.0,67.0,1,0,1
9628,76.0,1.0,20.0,5.0,0,42.0,16.0,56.0,1,0,0
9629,68.0,1.0,6.0,1.0,0,49.0,2.0,40.0,1,1,1
9630,50.0,2.0,16.0,3.0,3,311.0,0.0,40.0,0,1,1
9631,21.0,3.0,19.0,5.0,3,49.0,0.0,40.0,0,1,0
9632,44.0,4.0,24.0,3.0,2,132.0,0.0,40.0,0,0,0
9633,57.0,4.0,21.0,1.0,2,160.0,1.0,40.0,1,1,0
9634,21.0,4.0,21.0,5.0,0,6.0,7.0,56.0,1,1,1
9635,58.0,1.0,21.0,5.0,1,49.0,2.0,66.0,0,1,0
9636,19.0,1.0,19.0,1.0,2,49.0,0.0,75.0,0,1,0
9637,79.0,3.0,21.0,4.0,5,203.0,0.0,80.0,1,1,0
9638,66.0,1.0,19.0,1.0,2,49.0,1.0,38.0,0,1,0
9639,18.0,1.0,16.0,1.0,4,49.0,1.0,57.0,0,1,0
9640,77.0,3.0,21.0,5.0,0,149.0,1.0,50.0,0,1,0
9641,74.0,1.0,19.0,1.0,0,6.0,1.0,33.0,0,1,1
9642,17.0,3.0,16.0,3.0,4,6.0,0.0,58.0,0,1,0
9643,44.0,7.0,16.0,1.0,3,332.0,1.0,40.0,1,1,0
9644,57.0,1.0,18.0,1.0,1,49.0,0.0,66.0,0,1,0
9645,78.0,1.0,19.0,1.0,1,6.0,1.0,84.0,0,1,0
9646,61.0,7.0,16.0,1.0,4,41.0,0.0,40.0,0,1,1
9647,47.0,1.0,19.0,1.0,4,49.0,0.0,80.0,1,1,1
9648,32.0,1.0,21.0,1.0,1,49.0,0.0,20.0,1,1,0
9649,21.0,1.0,19.0,1.0,2,6.0,1.0,85.0,1,1,1
9650,58.0,8.0,21.0,5.0,0,49.0,0.0,19.0,0,1,0
9651,80.0,4.0,19.0,5.0,2,49.0,6.0,40.0,0,1,1
9652,50.0,1.0,16.0,5.0,4,240.0,4.0,40.0,1,0,1
9653,26.0,3.0,22.0,1.0,0,49.0,2.0,11.0,0,1,1
9654,25.0,1.0,20.0,1.0,2,49.0,1.0,40.0,1,1,1
9655,42.0,3.0,21.0,1.0,0,49.0,1.0,78.0,1,1,0
9656,36.0,8.0,21.0,1.0,2,235.0,1.0,60.0,0,1,1
9657,80.0,1.0,21.0,1.0,0,49.0,0.0,40.0,1,1,1
9658,21.0,1.0,19.0,5.0,4,49.0,6.0,96.0,1,1,0
9659,31.0,2.0,16.0,1.0,3,49.0,0.0,40.0,1,1,1
9660,54.0,1.0,21.0,1.0,0,6.0,0.0,80.0,1,1,1
9661,23.0,1.0,20.0,1.0,3,119.0,17.0,85.0,0,0,0
9662,43.0,3.0,17.0,5.0,1,138.0,2.0,55.0,1,1,0
9663,19.0,6.0,7.0,5.0,1,462.0,2.0,20.0,0,1,0
9664,54.0,1.0,19.0,1.0,2,49.0,1.0,40.0,1,1,0
9665,28.0,4.0,22.0,1.0,2,127.0,1.0,50.0,1,1,1
9666,49.0,3.0,22.0,1.0,0,49.0,7.0,40.0,1,1,1
9667,34.0,1.0,4.0,5.0,4,49.0,0.0,40.0,1,1,0
9668,54.0,1.0,20.0,1.0,2,49.0,1.0,45.0,1,1,0
9669,22.0,3.0,16.0,1.0,4,210.0,2.0,40.0,0,1,1
9670,70.0,3.0,21.0,4.0,0,2.0,0.0,50.0,1,1,0
9671,52.0,1.0,16.0,5.0,2,49.0,0.0,40.0,0,1,1
9672,77.0,1.0,6.0,1.0,2,329.0,1.0,55.0,1,1,0
9673,59.0,1.0,16.0,1.0,4,49.0,0.0,40.0,0,0,0
9674,18.0,1.0,21.0,5.0,0,49.0,2.0,40.0,0,1,0
9675,18.0,1.0,14.0,1.0,1,523.0,0.0,17.0,1,1,1
9676,49.0,1.0,19.0,5.0,0,46.0,2.0,5.0,0,1,0
9677,43.0,1.0,19.0,5.0,2,49.0,15.0,20.0,1,1,0
9678,17.0,4.0,19.0,5.0,2,13.0,2.0,27.0,0,1,0
9679,56.0,1.0,21.0,3.0,0,222.0,0.0,40.0,1,1,1
9680,44.0,1.0,21.0,1.0,0,45.0,1.0,80.0,1,1,1
9681,38.0,7.0,16.0,3.0,4,36.0,0.0,45.0,1,1,1
9682,84.0,1.0,21.0,5.0,0,363.0,15.0,40.0,0,1,1
9683,23.0,1.0,22.0,5.0,0,48.0,2.0,40.0,0,1,0
9684,58.0,1.0,19.0,1.0,1,13.0,2.0,20.0,1,1,0
9685,25.0,1.0,16.0,1.0,3,49.0,0.0,40.0,1,1,0
9686,30.0,1.0,20.0,1.0,3,49.0,0.0,24.0,0,1,0
9687,26.0,1.0,19.0,1.0,0,49.0,0.0,40.0,1,1,0
9688,29.0,4.0,22.0,5.0,0,134.0,5.0,40.0,1,1,1
9689,83.0,1.0,19.0,5.0,2,49.0,9.0,17.0,0,1,0
9690,40.0,1.0,19.0,1.0,1,6.0,1.0,18.0,0,1,0
9691,38.0,3.0,23.0,3.0,0,49.0,0.0,40.0,1,1,1
9692,81.0,1.0,16.0,1.0,4,106.0,0.0,40.0,1,1,0
9693,72.0,1.0,16.0,1.0,4,49.0,0.0,40.0,0,1,1
9694,46.0,4.0,16.0,1.0,2,49.0,0.0,75.0,0,1,0
9695,45.0,1.0,22.0,5.0,0,49.0,5.0,78.0,1,1,0
9696,60.0,1.0,19.0,1.0,4,127.0,0.0,50.0,1,1,0
9697,28.0,2.0,19.0,1.0,3,49.0,1.0,96.0,0,1,1
9698,65.0,1.0,16.0,1.0,2,49.0,2.0,45.0,1,0,0
9699,46.0,3.0,21.0,3.0,1,243.0,0.0,1.0,0,1,0
9700,67.0,1.0,2.0,2.0,0,49.0,2.0,24.0,1,1,0
9701,23.0,2.0,22.0,1.0,2,312.0,1.0,6.0,1,1,0
9702,74.0,1.0,19.0,1.0,2,137.0,1.0,40.0,1,1,1
9703,86.0,1.0,13.0,1.0,4,501.0,0.0,40.0,1,1,1
9704,38.0,1.0,18.0,3.0,-1,49.0,0.0,40.0,0,1,0
9705,44.0,1.0,21.0,1.0,0,41.0,1.0,40.0,0,1,1
9706,58.0,4.0,16.0,5.0,2,49.0,0.0,50.0,0,1,1
9707,82.0,1.0,18.0,1.0,3,49.0,1.0,33.0,1,1,1
9708,87.0,1.0,16.0,1.0,2,49.0,0.0,40.0,0,1,0
9709,20.0,1.0,19.0,5.0,4,49.0,0.0,96.0,1,1,0
9710,67.0,1.0,21.0,1.0,0,49.0,2.0,40.0,0,1,1
9711,30.0,1.0,21.0,1.0,1,6.0,0.0,40.0,0,1,1
9712,56.0,1.0,20.0,1.0,3,311.0,0.0,50.0,1,1,1
9713,63.0,4.0,24.0,1.0,0,49.0,1.0,40.0,1,1,1
9714,79.0,1.0,21.0,1.0,0,40.0,0.0,40.0,1,0,0
9715,70.0,1.0,19.0,1.0,3,2.0,1.0,50.0,0,1,1
9716,54.0,1.0,16.0,5.0,3,6.0,2.0,30.0,1,1,0
9717,71.0,2.0,22.0,1.0,0,49.0,1.0,40.0,1,1,1
9718,28.0,7.0,19.0,5.0,3,49.0,0.0,40.0,1,1,0
9719,66.0,3.0,21.0,1.0,1,15.0,1.0,40.0,1,1,0
9720,17.0,1.0,1.0,5.0,1,5.0,0.0,20.0,1,1,0
9721,71.0,1.0,21.0,5.0,0,49.0,0.0,68.0,1,1,0
9722,32.0,1.0,22.0,1.0,0,6.0,0.0,40.0,1,1,1
9723,17.0,8.0,19.0,5.0,2,49.0,2.0,40.0,0,1,0
9724,41.0,7.0,21.0,1.0,5,468.0,1.0,40.0,1,1,0
9725,48.0,1.0,20.0,1.0,1,49.0,0.0,40.0,0,1,1
9726,78.0,1.0,22.0,1.0,0,139.0,0.0,50.0,1,0,1
9727,47.0,4.0,6.0,1.0,0,200.0,0.0,40.0,0,0,1
9728,54.0,1.0,21.0,4.0,0,6.0,16.0,40.0,1,1,0
9729,72.0,1.0,21.0,1.0,0,49.0,1.0,40.0,0,1,1
9730,71.0,4.0,21.0,5.0,1,49.0,16.0,33.0,0,1,0
9731,81.0,7.0,7.0,1.0,5,49.0,0.0,39.0,1,1,0
9732,82.0,2.0,19.0,1.0,2,5.0,0.0,88.0,1,1,1
9733,49.0,1.0,21.0,3.0,0,6.0,0.0,40.0,0,1,1
9734,62.0,1.0,18.0,5.0,1,49.0,5.0,30.0,1,1,0
9735,74.0,1.0,19.0,5.0,4,49.0,0.0,24.0,0,1,0
9736,25.0,3.0,21.0,1.0,0,49.0,0.0,39.0,1,1,1
9737,20.0,4.0,18.0,1.0,0,49.0,1.0,57.0,1,1,1
9738,43.0,4.0,22.0,5.0,2,49.0,6.0,40.0,1,1,1
9739,38.0,1.0,21.0,3.0,0,370.0,0.0,55.0,0,1,0
9740,81.0,4.0,18.0,1.0,0,49.0,0.0,50.0,0,1,0
9741,47.0,1.0,9.0,1.0,4,49.0,0.0,72.0,1,1,1
9742,50.0,1.0,21.0,1.0,0,49.0,0.0,54.0,1,0,1
9743,20.0,7.0,21.0,5.0,0,49.0,2.0,40.0,1,1,1
9744,21.0,1.0,16.0,3.0,2,6.0,0.0,91.0,0,1,0
9745,21.0,1.0,16.0,1.0,4,449.0,0.0,50.0,1,1,1
9746,50.0,4.0,19.0,5.0,-1,49.0,12.0,40.0,1,1,0
9747,26.0,1.0,21.0,1.0,2,49.0,1.0,50.0,0,1,1
9748,17.0,1.0,22.0,3.0,0,158.0,15.0,40.0,1,1,1
9749,28.0,1.0,19.0,5.0,2,6.0,0.0,20.0,1,1,0
9750,53.0,1.0,20.0,1.0,2,6.0,14.0,50.0,0,1,0
9751,83.0,3.0,21.0,1.0,0,49.0,1.0,40.0,0,1,1
9752,18.0,1.0,19.0,1.0,2,49.0,1.0,78.0,1,1,0
9753,41.0,1.0,18.0,5.0,4,49.0,2.0,47.0,1,1,0
9754,43.0,3.0,22.0,1.0,0,49.0,0.0,20.0,1,1,1
9755,79.0,1.0,21.0,1.0,0,8.0,1.0,40.0,0,1,1
9756,52.0,1.0,18.0,5.0,2,49.0,0.0,58.0,1,0,0
9757,41.0,1.0,22.0,1.0,0,468.0,0.0,91.0,0,1,1
9758,75.0,2.0,10.0,1.0,0,49.0,0.0,50.0,1,1,1
9759,20.0,1.0,22.0,1.0,0,49.0,0.0,40.0,1,1,1
9760,40.0,1.0,22.0,1.0,0,49.0,0.0,70.0,0,1,0
9761,20.0,1.0,21.0,5.0,-1,49.0,0.0,46.0,0,1,0
9762,33.0,1.0,18.0,1.0,4,49.0,0.0,5.0,0,1,0
9763,40.0,1.0,20.0,5.0,1,49.0,12.0,40.0,0,1,0
9764,72.0,1.0,21.0,1.0,1,49.0,0.0,40.0,1,1,1
9765,25.0,3.0,21.0,5.0,5,369.0,16.0,20.0,0,1,0
9766,53.0,3.0,19.0,1.0,0,49.0,0.0,32.0,0,1,0
9767,84.0,4.0,19.0,5.0,2,222.0,0.0,41.0,1,1,0
9768,66.0,1.0,16.0,1.0,4,49.0,1.0,20.0,1,1,0
9769,75.0,1.0,20.0,5.0,2,9.0,4.0,40.0,1,1,0
9770,79.0,7.0,16.0,1.0,3,49.0,0.0,40.0,1,1,1
9771,54.0,1.0,19.0,1.0,3,110.0,0.0,4.0,0,1,0
9772,17.0,1.0,18.0,5.0,0,49.0,2.0,40.0,1,1,0
9773,23.0,1.0,19.0,1.0,2,373.0,0.0,78.0,0,1,0
9774,82.0,5.0,22.0,1.0,2,138.0,0.0,84.0,1,1,1
9775,28.0,1.0,19.0,5.0,2,49.0,2.0,23.0,1,1,0
9776,68.0,1.0,20.0,1.0,2,29.0,0.0,50.0,1,1,1
9777,54.0,6.0,16.0,5.0,4,6.0,0.0,50.0,0,1,1
9778,81.0,1.0,19.0,1.0,2,49.0,1.0,24.0,0,1,1
9779,86.0,1.0,19.0,1.0,0,6.0,2.0,45.0,1,0,1
9780,30.0,1.0,19.0,2.0,3,49.0,2.0,96.0,0,1,0
9781,19.0,1.0,16.0,5.0,4,6.0,12.0,40.0,0,1,0
9782,56.0,1.0,18.0,5.0,4,209.0,0.0,78.0,0,1,1
9783,43.0,1.0,21.0,1.0,2,49.0,0.0,40.0,1,1,1
9784,81.0,7.0,19.0,1.0,3,49.0,0.0,50.0,0,1,1
9785,18.0,3.0,21.0,5.0,2,6.0,2.0,25.0,1,1,0
9786,92.0,1.0,21.0,1.0,2,49.0,0.0,40.0,1,1,1
9787,62.0,1.0,20.0,1.0,0,49.0,1.0,48.0,1,0,1
9788,35.0,3.0,22.0,1.0,0,127.0,0.0,40.0,1,0,1
9789,30.0,1.0,21.0,5.0,2,49.0,5.0,40.0,0,1,0
9790,77.0,1.0,16.0,1.0,4,329.0,0.0,39.0,0,1,0
9791,37.0,1.0,16.0,1.0,2,49.0,12.0,40.0,1,1,1
9792,81.0,1.0,21.0,1.0,0,49.0,1.0,40.0,1,0,1
9793,92.0,7.0,14.0,1.0,5,6.0,1.0,43.0,0,1,0
9794,34.0,1.0,19.0,5.0,3,49.0,2.0,12.0,1,1,0
9795,59.0,1.0,16.0,5.0,4,49.0,9.0,20.0,0,1,0
9796,65.0,1.0,16.0,1.0,1,49.0,0.0,45.0,0,1,1
9797,21.0,3.0,19.0,1.0,0,249.0,0.0,20.0,0,1,1
9798,17.0,5.0,19.0,1.0,2,32.0,1.0,32.0,0,1,0
9799,46.0,1.0,19.0,1.0,0,49.0,1.0,40.0,0,1,0
9800,45.0,4.0,21.0,1.0,0,49.0,1.0,45.0,1,1,1
9801,59.0,1.0,21.0,1.0,0,49.0,1.0,50.0,1,1,1
