,R,Q,A,Y
0,1.0,2,1,1
1,0.2,1,1,0
2,0.2,1,0,0
3,1.0,3,1,1
4,0.2,2,1,0
5,0.2,0,1,1
6,0.2,1,1,0
7,0.2,2,1,1
8,0.2,1,1,0
9,0.2,2,1,0
10,0.2,0,0,0
11,0.2,0,1,1
12,1.0,0,1,1
13,0.2,0,1,1
14,0.2,1,1,1
15,1.0,2,1,1
16,0.2,2,0,0
17,0.2,2,1,1
18,0.2,1,1,0
19,0.2,2,1,1
20,0.2,1,1,0
21,0.2,2,1,0
22,0.2,1,1,0
23,0.2,2,1,1
24,0.2,3,1,0
25,0.2,2,1,1
26,1.0,1,1,1
27,0.2,2,0,0
28,0.2,1,1,0
29,0.2,2,1,0
30,1.0,3,1,1
31,2.2,0,1,1
32,1.0,3,1,0
33,0.2,1,1,1
34,0.2,1,0,1
35,1.0,1,1,1
36,0.2,1,0,1
37,0.2,1,1,1
38,0.2,2,1,0
39,0.2,3,1,0
40,0.2,1,1,1
41,0.2,1,1,0
42,0.2,1,1,1
43,0.2,2,1,1
44,0.2,2,1,0
45,0.2,2,1,1
46,0.2,3,1,1
47,0.2,2,1,0
48,0.2,1,1,1
49,0.2,2,1,0
50,0.2,0,1,0
51,0.2,2,1,1
52,0.2,1,1,1
53,1.0,1,1,1
54,0.2,3,1,0
55,0.2,1,1,0
56,0.2,0,1,1
57,0.2,2,1,0
58,0.2,2,1,0
59,0.2,1,1,0
60,0.2,3,1,0
61,0.2,1,1,0
62,0.2,1,1,0
63,0.2,1,1,0
64,0.2,1,1,0
65,0.2,2,1,1
66,0.2,2,1,0
67,0.2,1,1,1
68,0.2,2,1,0
69,0.2,2,1,0
70,1.0,2,1,1
71,0.2,1,1,0
72,0.2,1,1,1
73,1.0,1,1,1
74,1.0,0,1,0
75,0.2,1,1,1
76,0.2,3,1,1
77,0.2,1,0,0
78,1.0,2,1,1
79,1.0,2,1,1
80,1.0,3,1,0
81,0.2,2,0,0
82,0.2,1,1,0
83,0.2,1,1,1
84,0.2,2,1,0
85,1.0,2,1,1
86,0.2,2,1,0
87,0.2,2,1,0
88,0.2,0,1,1
89,0.2,1,1,0
90,1.0,2,1,1
91,1.0,0,1,1
92,0.2,2,1,0
93,0.2,0,1,1
94,0.2,0,1,0
95,0.2,2,1,0
96,0.2,2,1,0
97,0.2,2,1,0
98,0.2,1,1,0
99,0.2,2,1,1
100,0.2,1,1,0
101,0.2,1,1,1
102,0.2,2,1,1
103,0.2,1,1,0
104,0.2,2,1,0
105,1.0,2,0,1
106,0.2,1,1,0
107,1.0,2,1,0
108,0.2,1,0,0
109,0.2,1,1,0
110,0.2,1,0,1
111,1.0,1,0,1
112,0.2,2,1,0
113,0.2,2,1,0
114,0.2,2,1,1
115,0.2,1,1,1
116,0.2,2,1,0
117,0.2,2,1,1
118,0.2,2,1,0
119,0.2,3,1,0
120,0.2,1,1,1
121,0.2,1,1,1
122,0.2,2,1,0
123,0.2,0,1,0
124,0.2,2,1,0
125,0.2,0,1,1
126,1.0,1,1,1
127,1.0,1,1,1
128,1.0,0,1,1
129,0.2,0,1,1
130,1.0,3,1,1
131,0.2,1,1,0
132,1.0,2,1,1
133,1.0,0,1,1
134,0.2,1,1,1
135,0.2,0,1,1
136,0.2,0,0,1
137,0.2,3,1,1
138,1.0,2,1,1
139,0.2,2,0,0
140,0.2,2,1,0
141,1.0,1,1,1
142,0.2,2,1,0
143,0.2,1,1,0
144,0.2,1,1,1
145,0.2,0,1,1
146,0.2,3,1,0
147,0.2,2,1,0
148,1.0,2,1,1
149,0.2,3,1,0
150,0.2,2,0,1
151,0.2,1,1,1
152,0.2,1,1,0
153,0.2,1,0,0
154,1.0,2,0,1
155,0.2,2,0,0
156,2.2,3,1,1
157,0.2,2,1,0
158,0.2,1,1,1
159,0.2,1,1,1
160,0.2,0,1,1
161,1.0,2,1,1
162,0.2,3,1,0
163,0.2,2,1,0
164,0.2,1,1,0
165,1.0,3,1,0
166,1.0,0,0,1
167,1.0,1,0,0
168,1.0,0,1,1
169,1.0,3,1,1
170,0.2,1,1,0
171,1.0,2,0,1
172,0.2,1,1,0
173,0.2,3,1,1
174,1.0,1,1,1
175,1.0,2,1,1
176,0.2,2,0,1
177,0.2,0,1,1
178,0.2,1,1,0
179,1.0,2,1,1
180,0.2,3,1,0
181,0.2,2,1,0
182,0.2,1,1,0
183,0.2,2,1,0
184,0.2,3,1,0
185,0.2,2,1,0
186,0.2,2,1,1
187,1.0,2,1,1
188,0.2,2,1,0
189,0.2,2,1,0
190,0.2,2,1,0
191,0.2,1,1,0
192,0.2,3,1,0
193,1.0,1,1,1
194,0.2,3,0,0
195,0.2,0,1,0
196,0.2,0,0,1
197,0.2,1,1,0
198,0.2,0,1,1
199,0.2,2,1,1
200,0.2,3,1,0
201,1.0,1,1,1
202,0.2,2,1,1
203,0.2,2,0,0
204,0.2,2,1,0
205,1.0,2,1,1
206,1.0,0,1,1
207,0.2,1,1,0
208,0.2,2,1,0
209,0.2,3,0,1
210,0.2,1,0,1
211,1.0,1,1,1
212,0.2,2,1,0
213,0.2,2,1,0
214,0.2,3,1,0
215,0.2,2,1,0
216,0.2,2,0,1
217,0.2,1,1,1
218,0.2,3,1,0
219,0.2,1,1,0
220,1.0,2,1,1
221,1.0,2,1,1
222,0.2,1,0,1
223,0.2,1,1,0
224,0.2,1,1,1
225,0.2,1,1,0
226,0.2,1,1,0
227,0.2,2,1,1
228,0.2,1,1,0
229,1.0,1,0,1
230,0.2,0,0,0
231,0.2,1,0,0
232,0.2,0,1,0
233,0.2,2,0,0
234,0.2,3,0,0
235,0.2,1,1,0
236,0.2,3,1,0
237,0.2,2,1,0
238,0.2,3,1,0
239,0.2,0,1,1
240,0.2,2,1,1
241,1.0,3,0,1
242,0.2,2,1,0
243,1.0,1,1,0
244,0.2,1,1,0
245,1.0,3,1,0
246,1.0,3,0,1
247,0.2,0,1,1
248,0.2,2,1,1
249,0.2,1,1,1
250,0.2,0,1,1
251,1.0,1,1,1
252,0.2,1,1,0
253,1.0,1,1,0
254,0.2,2,1,0
255,0.2,1,0,0
256,0.2,3,1,0
257,0.2,3,1,0
258,0.2,2,1,0
259,0.2,0,1,1
260,1.0,1,0,0
261,0.2,1,1,0
262,0.2,3,1,0
263,0.2,3,0,1
264,0.2,0,1,0
265,0.2,2,1,0
266,0.2,1,0,1
267,0.2,2,1,0
268,0.2,1,1,0
269,0.2,2,1,0
270,0.2,3,0,1
271,0.2,3,1,0
272,0.2,3,1,0
273,0.2,2,1,0
274,0.2,0,1,1
275,1.0,1,1,1
276,0.2,1,1,1
277,1.0,0,1,0
278,1.0,3,1,1
279,0.2,2,0,0
280,0.2,1,0,0
281,0.2,2,0,0
282,0.2,1,1,0
283,0.2,2,1,1
284,0.2,2,1,0
285,0.2,3,1,1
286,0.2,2,0,0
287,0.2,2,1,0
288,0.2,1,1,0
289,0.2,2,1,0
290,0.2,1,1,0
291,0.2,1,1,0
292,0.2,0,1,1
293,0.2,3,0,0
294,1.0,1,0,1
295,0.2,1,1,0
296,0.2,1,1,0
297,1.0,1,1,1
298,0.2,2,1,0
299,0.2,2,1,0
300,0.2,0,1,1
301,0.2,2,1,0
302,0.2,3,1,0
303,0.2,1,1,0
304,0.2,1,1,0
305,2.2,1,1,1
306,0.2,2,1,0
307,0.2,3,1,0
308,1.0,1,1,1
309,0.2,3,1,0
310,1.0,1,1,1
311,0.2,1,1,0
312,0.2,0,1,1
313,0.2,1,1,0
314,0.2,2,1,0
315,0.2,1,1,0
316,0.2,1,1,1
317,0.2,1,1,0
318,0.2,2,1,1
319,0.2,1,0,1
320,0.2,3,0,0
321,0.2,2,1,1
322,0.2,2,1,0
323,0.2,1,1,0
324,0.2,2,0,1
325,1.0,2,1,1
326,1.0,1,0,1
327,1.0,2,1,1
328,0.2,0,1,0
329,0.2,3,1,0
330,0.2,1,1,1
331,0.2,0,1,1
332,2.2,1,1,1
333,1.0,1,1,1
334,0.2,1,1,0
335,0.2,1,1,1
336,0.2,2,1,0
337,0.2,1,0,1
338,1.0,2,0,1
339,0.2,3,1,0
340,0.2,3,0,1
341,0.2,1,1,1
342,1.0,1,1,1
343,0.2,1,1,0
344,0.2,2,0,0
345,0.2,2,1,1
346,0.2,0,1,0
347,1.0,1,1,1
348,0.2,1,1,0
349,1.0,1,1,1
350,1.0,2,1,1
351,0.2,1,1,0
352,0.2,2,0,0
353,0.2,0,1,1
354,0.2,2,1,1
355,0.2,1,1,1
356,0.2,0,0,1
357,0.2,3,1,0
358,0.2,1,1,1
359,0.2,2,1,1
360,0.2,3,1,0
361,1.0,3,1,1
362,0.2,3,1,0
363,0.2,1,0,1
364,0.2,3,1,0
365,1.0,2,1,1
366,1.0,1,1,0
367,0.2,1,1,1
368,0.2,0,1,1
369,0.2,1,1,0
370,0.2,0,1,1
371,0.2,2,1,1
372,0.2,2,1,1
373,0.2,1,0,1
374,0.2,1,1,0
375,0.2,2,1,0
376,0.2,1,1,0
377,0.2,0,1,0
378,0.2,2,1,1
379,1.0,1,1,0
380,0.2,1,1,0
381,1.0,2,1,1
382,1.0,2,1,1
383,0.2,1,1,0
384,0.2,2,1,1
385,0.2,2,1,1
386,0.2,1,1,1
387,0.2,2,1,1
388,1.0,0,1,1
389,0.2,0,1,1
390,0.2,1,0,0
391,1.0,1,1,1
392,0.2,2,1,0
393,0.2,2,1,0
394,1.0,0,0,1
395,1.0,1,0,1
396,0.2,2,1,0
397,0.2,2,0,1
398,0.2,1,1,1
399,1.0,2,1,1
400,0.2,1,1,1
401,0.2,1,1,1
402,0.2,1,1,1
403,0.2,0,1,0
404,0.2,3,0,0
405,1.0,2,1,1
406,0.2,2,1,1
407,0.2,1,1,0
408,0.2,2,1,0
409,0.2,1,0,0
410,0.2,1,0,0
411,1.0,1,1,1
412,0.2,1,1,1
413,0.2,2,1,0
414,0.2,3,0,0
415,0.2,3,0,1
416,2.2,1,1,1
417,0.2,2,1,0
418,2.2,2,1,1
419,0.2,2,1,0
420,0.2,1,1,1
421,1.0,3,1,1
422,1.0,3,0,1
423,1.0,1,1,1
424,0.2,0,1,1
425,0.2,3,0,0
426,0.2,0,0,1
427,1.0,1,1,1
428,0.2,0,0,1
429,0.2,1,1,1
430,0.2,2,1,0
431,1.0,3,1,0
432,1.0,3,0,1
433,1.0,3,1,1
434,0.2,1,1,1
435,0.2,1,1,1
436,0.2,1,1,1
437,0.2,1,1,0
438,0.2,1,1,1
439,0.2,0,1,0
440,0.2,2,1,1
441,1.0,0,1,1
442,0.2,0,1,0
443,0.2,1,1,1
444,1.0,2,1,1
445,1.0,1,0,1
446,0.2,0,1,1
447,2.2,1,1,1
448,1.0,0,1,1
449,0.2,2,1,0
450,0.2,1,1,0
451,1.0,2,1,1
452,0.2,1,0,1
453,0.2,1,1,0
454,0.2,1,0,1
455,0.2,0,1,1
456,0.2,2,1,0
457,0.2,3,0,0
458,0.2,1,1,1
459,0.2,0,1,0
460,0.2,2,0,0
461,0.2,2,1,0
462,0.2,2,1,0
463,1.0,1,1,1
464,0.2,2,1,0
465,1.0,2,1,1
466,0.2,1,1,1
467,1.0,3,1,0
468,0.2,0,1,1
469,1.0,3,0,0
470,0.2,1,0,0
471,0.2,2,1,0
472,0.2,2,1,0
473,0.2,0,1,1
474,0.2,1,1,0
475,1.0,2,1,1
476,0.2,1,0,1
477,0.2,0,1,0
478,0.2,0,1,0
479,0.2,2,1,0
480,0.2,2,1,0
481,0.2,2,1,1
482,0.2,0,1,0
483,0.2,2,0,1
484,0.2,1,1,1
485,0.2,3,1,1
486,0.2,3,1,0
487,1.0,2,1,1
488,0.2,1,1,0
489,0.2,1,1,0
490,0.2,1,1,1
491,0.2,3,1,0
492,0.2,1,1,1
493,1.0,1,1,1
494,0.2,3,1,0
495,0.2,3,1,0
496,0.2,1,1,0
497,1.0,1,1,1
498,0.2,0,1,0
499,0.2,1,1,0
500,2.2,1,1,1
501,1.0,2,1,1
502,0.2,2,1,0
503,0.2,3,1,1
504,1.0,1,0,1
505,1.0,1,1,1
506,1.0,3,1,1
507,1.0,0,1,1
508,0.2,1,0,1
509,0.2,1,1,1
510,0.2,1,1,1
511,0.2,1,1,1
512,0.2,3,1,0
513,0.2,2,0,0
514,0.2,1,1,1
515,0.2,2,1,0
516,1.0,3,0,1
517,0.2,2,0,0
518,0.2,1,1,0
519,0.2,3,0,0
520,0.2,0,1,1
521,1.0,1,1,1
522,0.2,1,1,1
523,0.2,0,1,0
524,0.2,0,1,1
525,0.2,2,1,0
526,0.2,1,0,0
527,0.2,2,1,1
528,0.2,2,1,0
529,0.2,0,0,0
530,1.0,2,1,1
531,0.2,2,0,1
532,0.2,2,1,0
533,1.0,1,1,1
534,0.2,1,1,1
535,0.2,1,1,0
536,0.2,2,1,0
537,0.2,2,1,0
538,0.2,1,1,1
539,1.0,1,1,1
540,0.2,0,1,1
541,0.2,0,1,1
542,1.0,1,0,1
543,1.0,2,1,1
544,1.0,2,1,1
545,0.2,2,1,0
546,0.2,2,0,0
547,1.0,2,1,1
548,0.2,1,1,0
549,0.2,3,1,0
550,1.0,1,1,1
551,1.0,1,1,1
552,1.0,3,1,1
553,0.2,1,1,0
554,0.2,2,0,0
555,0.2,1,1,0
556,0.2,1,1,1
557,1.0,1,1,1
558,0.2,2,1,0
559,1.0,2,1,1
560,1.0,0,0,1
561,0.2,2,1,0
562,0.2,3,1,0
563,0.2,2,1,0
564,0.2,2,1,1
565,1.0,2,1,0
566,1.0,2,1,0
567,1.0,1,0,1
568,0.2,1,1,0
569,0.2,2,1,0
570,0.2,1,1,0
571,1.0,2,1,1
572,0.2,0,1,1
573,0.2,1,1,0
574,0.2,2,1,0
575,1.0,1,0,1
576,0.2,0,1,0
577,0.2,1,1,1
578,0.2,3,1,0
579,0.2,2,0,1
580,0.2,2,0,0
581,0.2,1,1,1
582,0.2,1,1,1
583,0.2,2,1,0
584,0.2,1,1,1
585,0.2,0,0,1
586,0.2,1,1,0
587,0.2,2,1,0
588,0.2,2,1,0
589,0.2,1,1,0
590,1.0,1,0,1
591,0.2,2,0,1
592,1.0,3,0,1
593,1.0,2,0,1
594,0.2,2,1,1
595,0.2,0,0,1
596,0.2,1,1,1
597,0.2,1,1,0
598,0.2,2,0,0
599,0.2,0,1,0
600,1.0,2,1,1
601,0.2,2,1,0
602,1.0,1,1,1
603,0.2,1,1,0
604,0.2,1,1,0
605,0.2,1,1,1
606,0.2,1,1,1
607,1.0,2,1,1
608,0.2,2,1,0
609,0.2,2,1,0
610,0.2,2,1,0
611,0.2,2,1,0
612,0.2,2,1,0
613,0.2,2,1,0
614,0.2,2,1,0
615,0.2,2,1,0
616,1.0,2,1,0
617,0.2,1,1,0
618,0.2,3,1,0
619,0.2,1,1,0
620,0.2,2,1,0
621,1.0,2,1,1
622,1.0,3,1,1
623,1.0,2,1,1
624,1.0,1,1,1
625,0.2,1,1,0
626,0.2,1,1,0
627,0.2,2,0,1
628,0.2,2,1,0
629,1.0,1,1,1
630,0.2,2,1,1
631,0.2,1,1,0
632,0.2,2,1,1
633,1.0,1,1,1
634,0.2,1,1,1
635,0.2,0,1,1
636,1.0,3,1,0
637,0.2,3,1,0
638,0.2,0,1,1
639,1.0,2,1,0
640,0.2,2,0,0
641,0.2,1,1,0
642,1.0,2,0,1
643,0.2,2,0,0
644,1.0,2,1,1
645,1.0,1,1,0
646,0.2,2,1,0
647,1.0,3,1,1
648,0.2,1,1,0
649,0.2,2,1,1
650,1.0,3,1,0
651,0.2,2,0,0
652,0.2,2,1,0
653,0.2,2,0,0
654,1.0,2,1,1
655,1.0,1,0,1
656,0.2,1,1,1
657,0.2,1,1,0
658,0.2,2,1,0
659,0.2,1,1,0
660,3.0,2,1,1
661,0.2,1,1,0
662,0.2,2,1,1
663,1.0,1,1,1
664,0.2,2,1,0
665,0.2,3,1,1
666,0.2,1,1,1
667,0.2,0,0,0
668,0.2,2,1,0
669,0.2,3,1,0
670,0.2,1,1,0
671,1.0,0,1,1
672,1.0,1,1,0
673,0.2,1,0,1
674,1.0,1,1,1
675,0.2,1,0,1
676,0.2,2,1,0
677,0.2,2,1,0
678,0.2,3,1,0
679,1.0,0,1,1
680,0.2,2,1,0
681,1.0,3,1,1
682,1.0,1,1,1
683,0.2,2,1,0
684,0.2,1,0,0
685,0.2,1,1,1
686,0.2,2,0,0
687,0.2,3,1,0
688,0.2,2,0,0
689,0.2,1,1,0
690,0.2,2,1,0
691,0.2,2,1,0
692,0.2,2,0,1
693,0.2,2,0,0
694,0.2,2,0,0
695,0.2,1,1,1
696,0.2,2,1,1
697,1.0,1,1,1
698,0.2,1,1,0
699,0.2,0,0,1
700,0.2,2,1,0
701,0.2,2,1,1
702,0.2,1,1,1
703,2.2,0,1,1
704,1.0,2,1,1
705,0.2,1,1,1
706,1.0,0,1,1
707,0.2,2,1,0
708,0.2,1,1,0
709,0.2,1,0,1
710,0.2,2,1,0
711,0.2,1,1,1
712,0.2,2,0,0
713,0.2,3,1,1
714,1.0,3,1,0
715,0.2,1,1,0
716,0.2,2,0,0
717,1.0,3,1,1
718,0.2,2,1,0
719,1.0,3,1,1
720,0.2,2,1,0
721,1.0,2,0,0
722,0.2,2,1,1
723,1.0,1,1,1
724,0.2,3,1,0
725,0.2,3,1,0
726,0.2,2,1,1
727,0.2,2,1,0
728,1.0,1,1,0
729,0.2,1,1,0
730,0.2,0,1,0
731,1.0,2,0,0
732,0.2,3,1,1
733,0.2,3,1,0
734,0.2,2,1,1
735,0.2,0,1,1
736,0.2,2,1,0
737,0.2,3,0,0
738,0.2,2,1,0
739,0.2,2,1,0
740,0.2,2,1,0
741,2.2,1,1,1
742,0.2,1,1,0
743,0.2,2,0,0
744,0.2,3,1,1
745,1.0,2,1,1
746,0.2,1,1,0
747,1.0,0,1,1
748,1.0,2,1,1
749,0.2,1,1,0
750,0.2,1,0,0
751,0.2,1,1,0
752,0.2,0,0,1
753,0.2,3,1,0
754,0.2,2,1,1
755,0.2,1,1,0
756,1.0,2,0,0
757,0.2,2,1,0
758,0.2,0,1,1
759,0.2,1,1,0
760,1.0,0,1,1
761,0.2,1,0,0
762,0.2,1,1,0
763,0.2,0,1,1
764,0.2,1,1,0
765,0.2,1,1,1
766,0.2,2,0,0
767,1.0,3,1,1
768,0.2,1,1,0
769,0.2,1,0,0
770,1.0,2,1,0
771,0.2,3,1,0
772,0.2,1,1,0
773,0.2,0,1,0
774,0.2,2,0,0
775,0.2,2,1,1
776,0.2,2,1,0
777,1.0,1,1,1
778,0.2,2,1,0
779,0.2,1,1,1
780,1.0,2,1,1
781,0.2,1,1,0
782,0.2,1,1,0
783,0.2,1,1,1
784,0.2,1,1,0
785,0.2,2,1,0
786,0.2,3,1,0
787,0.2,1,1,1
788,1.0,1,0,1
789,0.2,1,1,0
790,0.2,3,1,1
791,1.0,2,1,0
792,0.2,2,1,0
793,0.2,1,1,1
794,1.0,1,1,1
795,1.0,1,1,1
796,0.2,2,1,0
797,0.2,2,1,0
798,0.2,2,1,0
799,0.2,2,1,0
800,1.0,2,0,0
801,0.2,1,1,0
802,1.0,2,0,1
803,1.0,0,1,1
804,0.2,3,0,0
805,0.2,2,0,0
806,0.2,3,1,1
807,0.2,2,0,0
808,0.2,3,1,0
809,0.2,2,1,0
810,0.2,1,1,0
811,1.0,3,1,0
812,0.2,2,1,0
813,0.2,3,1,0
814,0.2,2,1,0
815,0.2,3,0,0
816,1.0,1,0,1
817,0.2,2,1,0
818,0.2,1,1,1
819,0.2,2,1,0
820,0.2,2,1,1
821,0.2,0,1,1
822,0.2,2,1,0
823,0.2,0,1,0
824,0.2,0,0,0
825,0.2,1,1,1
826,0.2,2,1,1
827,0.2,1,1,0
828,0.2,2,1,0
829,1.0,2,1,1
830,0.2,2,0,0
831,2.2,1,1,1
832,0.2,1,1,1
833,0.2,3,1,0
834,0.2,2,1,0
835,0.2,0,1,0
836,1.0,2,0,0
837,0.2,1,1,0
838,1.0,3,1,1
839,0.2,1,1,1
840,1.0,2,1,1
841,0.2,1,1,1
842,1.0,1,1,1
843,2.2,1,1,1
844,0.2,2,1,1
845,0.2,2,1,0
846,0.2,2,0,0
847,0.2,2,1,0
848,1.0,2,1,0
849,0.2,2,0,0
850,0.2,2,0,1
851,0.2,1,0,1
852,1.0,2,1,1
853,0.2,1,1,0
854,0.2,1,1,0
855,2.2,3,1,1
856,0.2,2,1,0
857,0.2,3,1,0
858,0.2,2,0,0
859,0.2,2,1,0
860,1.0,1,1,1
861,0.2,2,1,0
862,0.2,1,0,0
863,0.2,1,1,0
864,0.2,0,1,1
865,1.0,3,1,1
866,0.2,1,1,0
867,0.2,0,0,1
868,0.2,0,1,1
869,1.0,1,1,1
870,0.2,2,1,0
871,0.2,2,1,0
872,0.2,2,0,0
873,1.0,1,1,1
874,0.2,2,1,1
875,0.2,1,1,1
876,0.2,2,1,0
877,0.2,1,1,1
878,0.2,2,1,1
879,0.2,2,1,0
880,0.2,0,1,0
881,0.2,3,0,0
882,0.2,1,1,0
883,0.2,2,1,1
884,0.2,2,1,0
885,0.2,2,0,0
886,0.2,1,1,0
887,0.2,3,1,0
888,2.2,1,1,1
889,0.2,1,1,0
890,0.2,3,1,0
891,0.2,0,1,0
892,0.2,1,0,0
893,1.0,2,1,1
894,0.2,3,1,0
895,0.2,0,1,1
896,0.2,0,1,0
897,0.2,3,1,0
898,0.2,2,1,0
899,1.0,3,1,1
900,0.2,1,1,1
901,0.2,2,0,1
902,0.2,1,1,0
903,0.2,1,1,1
904,1.0,2,1,1
905,0.2,2,1,0
906,0.2,3,1,0
907,0.2,2,1,1
908,1.0,1,1,1
909,0.2,1,0,1
910,0.2,2,1,0
911,0.2,1,1,0
912,0.2,1,0,0
913,1.0,1,1,1
914,1.0,1,1,1
915,0.2,2,1,1
916,0.2,1,1,0
917,0.2,0,1,0
918,0.2,0,1,1
919,1.0,2,0,1
920,0.2,1,1,0
921,0.2,1,1,0
922,0.2,1,1,0
923,0.2,0,1,0
924,1.0,1,0,1
925,0.2,0,1,0
926,0.2,1,0,0
927,0.2,1,1,1
928,0.2,0,0,1
929,0.2,1,1,0
930,1.0,2,1,1
931,0.2,0,0,1
932,0.2,1,1,0
933,0.2,3,1,0
934,0.2,1,1,0
935,0.2,2,0,1
936,0.2,0,1,1
937,1.0,2,0,1
938,0.2,1,0,0
939,0.2,2,0,0
940,2.2,1,1,1
941,0.2,1,1,0
942,0.2,2,1,0
943,0.2,0,1,1
944,0.2,1,1,1
945,0.2,2,1,0
946,0.2,1,1,0
947,2.2,1,0,1
948,0.2,0,0,1
949,0.2,1,1,0
950,0.2,1,1,0
951,0.2,2,1,0
952,0.2,3,0,0
953,1.0,1,1,1
954,0.2,2,1,0
955,1.0,3,1,1
956,0.2,1,0,0
957,2.2,2,1,1
958,0.2,2,1,0
959,0.2,3,1,1
960,0.2,3,1,0
961,0.2,1,0,0
962,0.2,2,1,0
963,0.2,2,1,0
964,1.0,2,1,0
965,0.2,1,1,0
966,0.2,1,1,0
967,1.0,3,1,0
968,1.0,0,1,1
969,0.2,2,1,0
970,2.2,1,1,1
971,1.0,2,1,1
972,0.2,1,1,0
973,0.2,3,1,1
974,0.2,1,0,0
975,0.2,3,0,0
976,0.2,1,0,0
977,0.2,2,1,1
978,1.0,0,1,1
979,0.2,2,1,1
980,0.2,0,1,1
981,1.0,1,0,1
982,1.0,2,1,0
983,0.2,1,1,1
984,0.2,0,1,0
985,0.2,3,0,0
986,0.2,3,1,0
987,0.2,2,1,0
988,0.2,2,1,1
989,0.2,0,1,1
990,0.2,0,1,1
991,1.0,2,1,1
992,0.2,3,1,0
993,0.2,2,1,0
994,1.0,1,1,1
995,0.2,2,1,1
996,1.0,2,1,1
997,1.0,1,1,1
998,0.2,1,1,1
999,1.0,1,1,1
1000,0.2,1,1,1
1001,0.2,3,1,0
1002,0.2,3,1,0
1003,1.0,1,1,1
1004,0.2,2,1,0
1005,0.2,2,1,1
1006,0.2,2,1,1
1007,0.2,1,0,0
1008,0.2,1,1,1
1009,0.2,3,1,0
1010,0.2,3,1,0
1011,0.2,1,1,1
1012,0.2,2,0,1
1013,2.2,2,0,1
1014,0.2,0,1,0
1015,0.2,2,1,0
1016,0.2,3,1,0
1017,0.2,1,1,1
1018,0.2,0,1,1
1019,0.2,1,1,0
1020,0.2,2,1,0
1021,1.0,0,1,1
1022,0.2,1,1,0
1023,0.2,0,0,1
1024,0.2,1,1,1
1025,0.2,2,0,1
1026,0.2,0,1,1
1027,0.2,2,1,0
1028,0.2,1,1,1
1029,0.2,2,1,1
1030,1.0,3,0,1
1031,0.2,2,1,0
1032,0.2,1,1,1
1033,0.2,1,1,0
1034,0.2,1,1,0
1035,1.0,2,1,1
1036,0.2,3,1,0
1037,0.2,1,0,0
1038,1.0,1,0,1
1039,1.0,1,1,0
1040,0.2,3,1,0
1041,1.0,0,1,1
1042,1.0,1,1,1
1043,0.2,2,1,0
1044,0.2,1,1,0
1045,2.2,1,1,1
1046,0.2,1,1,0
1047,0.2,1,1,1
1048,0.2,1,0,0
1049,0.2,2,1,0
1050,0.2,2,1,0
1051,0.2,1,1,0
1052,0.2,3,1,0
1053,0.2,2,1,0
1054,0.2,1,1,0
1055,0.2,1,1,0
1056,0.2,1,1,0
1057,0.2,1,1,1
1058,0.2,2,1,1
1059,0.2,2,1,0
1060,0.2,3,1,0
1061,1.0,1,1,1
1062,0.2,1,1,0
1063,0.2,1,1,0
1064,0.2,1,1,0
1065,0.2,2,1,0
1066,0.2,0,1,0
1067,0.2,1,1,1
1068,0.2,1,1,0
1069,1.0,1,0,1
1070,0.2,1,1,1
1071,1.0,1,0,1
1072,0.2,0,1,0
1073,2.2,1,1,1
1074,1.0,3,1,1
1075,0.2,2,1,0
1076,0.2,2,1,1
1077,0.2,2,1,0
1078,0.2,2,1,0
1079,0.2,1,1,1
1080,1.0,1,1,1
1081,0.2,1,0,0
1082,0.2,2,1,1
1083,0.2,1,1,0
1084,1.0,3,1,0
1085,0.2,2,1,1
1086,0.2,2,1,0
1087,0.2,2,1,1
1088,0.2,1,1,0
1089,1.0,1,1,1
1090,0.2,2,1,0
1091,0.2,3,1,0
1092,0.2,0,1,1
1093,0.2,2,1,0
1094,1.0,0,0,1
1095,1.0,1,0,1
1096,0.2,2,1,0
1097,0.2,2,1,0
1098,0.2,2,1,0
1099,0.2,1,1,0
1100,0.2,2,1,1
1101,0.2,1,1,1
1102,0.2,2,1,1
1103,1.0,2,1,1
1104,0.2,2,1,0
1105,0.2,2,1,0
1106,0.2,2,1,0
1107,0.2,0,1,1
1108,1.0,1,1,1
1109,1.0,2,1,1
1110,0.2,1,0,0
1111,0.2,2,1,0
1112,0.2,1,1,1
1113,0.2,3,1,0
1114,0.2,2,1,0
1115,0.2,1,1,0
1116,0.2,1,1,1
1117,0.2,1,0,0
1118,0.2,2,0,0
1119,2.2,3,1,1
1120,1.0,1,1,1
1121,0.2,1,0,1
1122,0.2,2,1,0
1123,0.2,3,0,0
1124,1.0,2,0,1
1125,0.2,2,1,0
1126,0.2,1,1,1
1127,0.2,1,1,0
1128,0.2,0,1,0
1129,0.2,2,1,1
1130,1.0,2,0,1
1131,1.0,1,1,1
1132,1.0,2,1,1
1133,2.2,2,1,1
1134,0.2,1,1,1
1135,0.2,1,1,0
1136,1.0,0,1,1
1137,1.0,2,0,0
1138,0.2,2,1,0
1139,0.2,0,1,1
1140,0.2,3,1,0
1141,0.2,1,1,1
1142,0.2,0,1,1
1143,0.2,0,1,0
1144,1.0,1,1,1
1145,0.2,2,1,1
1146,0.2,1,1,0
1147,0.2,2,0,1
1148,0.2,2,1,1
1149,0.2,1,1,0
1150,0.2,2,0,0
1151,1.0,3,1,0
1152,0.2,2,1,1
1153,0.2,2,1,0
1154,0.2,2,0,0
1155,0.2,3,1,0
1156,0.2,0,1,0
1157,0.2,1,1,1
1158,0.2,1,0,1
1159,0.2,0,1,0
1160,1.0,1,1,1
1161,1.0,3,1,1
1162,0.2,0,1,1
1163,0.2,3,1,1
1164,0.2,3,1,0
1165,0.2,1,1,1
1166,0.2,0,0,0
1167,1.0,0,1,1
1168,0.2,0,1,1
1169,0.2,1,0,1
1170,1.0,1,1,0
1171,0.2,3,1,0
1172,0.2,0,1,1
1173,0.2,2,1,0
1174,0.2,2,1,0
1175,0.2,1,0,0
1176,0.2,1,1,0
1177,0.2,2,0,1
1178,2.2,1,1,1
1179,0.2,1,1,1
1180,0.2,2,0,0
1181,0.2,0,1,1
1182,0.2,0,1,1
1183,1.0,2,1,1
1184,0.2,1,1,0
1185,0.2,2,0,0
1186,0.2,2,1,0
1187,0.2,2,0,1
1188,0.2,2,0,0
1189,0.2,2,1,0
1190,0.2,1,1,0
1191,0.2,1,1,0
1192,0.2,1,1,1
1193,0.2,1,1,0
1194,0.2,2,1,0
1195,1.0,1,1,1
1196,0.2,2,1,0
1197,0.2,2,1,0
1198,0.2,2,1,1
1199,3.0,3,0,1
1200,0.2,1,1,1
1201,0.2,1,1,1
1202,0.2,3,1,0
1203,0.2,1,0,0
1204,0.2,1,1,1
1205,0.2,1,1,0
1206,0.2,2,1,0
1207,1.0,1,1,1
1208,1.0,2,1,1
1209,0.2,1,1,1
1210,0.2,2,1,0
1211,0.2,2,1,1
1212,1.0,1,0,1
1213,0.2,0,1,1
1214,0.2,2,1,0
1215,0.2,3,1,0
1216,0.2,3,1,0
1217,0.2,1,1,1
1218,0.2,2,0,0
1219,0.2,2,1,0
1220,0.2,2,1,0
1221,1.0,0,1,1
1222,0.2,2,1,0
1223,2.2,1,1,1
1224,0.2,3,1,0
1225,1.0,2,1,1
1226,0.2,1,1,1
1227,0.2,1,1,0
1228,0.2,2,1,0
1229,0.2,3,1,1
1230,1.0,1,1,1
1231,0.2,1,1,0
1232,1.0,2,1,1
1233,1.0,2,1,0
1234,0.2,1,1,0
1235,0.2,1,1,0
1236,0.2,1,1,0
1237,0.2,2,1,1
1238,0.2,1,1,0
1239,0.2,2,1,1
1240,0.2,2,1,1
1241,0.2,2,1,1
1242,1.0,1,0,1
1243,1.0,1,1,1
1244,0.2,1,0,0
1245,0.2,1,1,0
1246,0.2,1,1,1
1247,3.0,2,1,1
1248,1.0,1,0,1
1249,0.2,1,1,1
1250,1.0,2,1,1
1251,0.2,1,1,0
1252,0.2,1,1,0
1253,1.0,2,1,1
1254,0.2,1,1,0
1255,0.2,3,1,0
1256,0.2,2,1,0
1257,0.2,2,1,0
1258,2.2,3,1,1
1259,1.0,1,1,1
1260,2.2,1,1,1
1261,0.2,1,1,0
1262,1.0,0,1,1
1263,0.2,3,1,0
1264,0.2,1,1,0
1265,0.2,3,1,0
1266,0.2,2,1,1
1267,0.2,2,1,1
1268,0.2,0,1,1
1269,0.2,2,1,0
1270,0.2,1,0,1
1271,0.2,2,1,0
1272,0.2,2,1,0
1273,0.2,1,1,1
1274,1.0,1,0,1
1275,0.2,2,1,0
1276,0.2,2,1,1
1277,0.2,1,0,0
1278,0.2,2,1,0
1279,0.2,0,1,1
1280,0.2,0,1,0
1281,0.2,0,1,0
1282,2.2,1,1,1
1283,0.2,0,1,0
1284,0.2,1,0,0
1285,0.2,1,1,0
1286,0.2,2,1,0
1287,0.2,1,1,1
1288,0.2,2,1,0
1289,0.2,2,1,0
1290,0.2,0,1,1
1291,0.2,1,1,1
1292,2.2,3,1,1
1293,1.0,1,1,1
1294,0.2,1,1,0
1295,0.2,1,1,0
1296,0.2,0,1,0
1297,0.2,0,1,0
1298,2.2,2,1,1
1299,0.2,3,0,0
1300,1.0,1,0,1
1301,0.2,2,1,0
1302,0.2,1,1,0
1303,1.0,1,1,1
1304,0.2,2,1,0
1305,2.2,1,1,1
1306,0.2,1,1,1
1307,2.2,2,1,1
1308,1.0,1,0,1
1309,0.2,2,0,0
1310,0.2,2,1,0
1311,0.2,2,1,0
1312,0.2,2,1,0
1313,0.2,1,1,0
1314,1.0,2,1,1
1315,0.2,0,1,0
1316,0.2,2,0,0
1317,1.0,2,0,1
1318,2.2,0,1,1
1319,0.2,2,1,0
1320,0.2,2,1,0
1321,0.2,1,0,0
1322,0.2,1,1,0
1323,0.2,2,1,1
1324,1.0,3,1,1
1325,0.2,1,1,0
1326,1.0,2,1,1
1327,0.2,2,0,0
1328,0.2,0,1,1
1329,0.2,2,1,1
1330,1.0,3,1,0
1331,0.2,1,1,0
1332,0.2,1,1,1
1333,0.2,2,0,0
1334,1.0,2,1,1
1335,0.2,1,1,1
1336,1.0,0,0,1
1337,0.2,3,0,0
1338,0.2,2,1,0
1339,0.2,1,0,0
1340,0.2,2,1,0
1341,0.2,1,1,0
1342,0.2,2,1,0
1343,0.2,2,1,1
1344,0.2,2,1,1
1345,1.0,2,1,1
1346,0.2,1,0,0
1347,0.2,2,0,0
1348,0.2,2,1,1
1349,0.2,2,1,0
1350,2.2,1,1,1
1351,0.2,1,1,1
1352,0.2,0,0,0
1353,0.2,1,1,0
1354,0.2,1,1,1
1355,0.2,3,1,0
1356,0.2,2,0,1
1357,0.2,1,1,0
1358,0.2,1,1,0
1359,2.2,1,1,1
1360,1.0,3,0,1
1361,0.2,2,0,1
1362,1.0,2,0,1
1363,0.2,1,1,0
1364,0.2,1,1,0
1365,1.0,1,1,1
1366,0.2,1,1,1
1367,0.2,3,0,0
1368,0.2,2,1,1
1369,0.2,3,1,0
1370,1.0,1,1,1
1371,0.2,3,0,1
1372,0.2,0,0,1
1373,0.2,2,0,0
1374,0.2,2,1,0
1375,0.2,1,0,0
1376,0.2,2,1,1
1377,1.0,1,0,1
1378,1.0,1,0,1
1379,2.2,1,1,1
1380,0.2,1,1,0
1381,0.2,2,1,0
1382,0.2,0,1,1
1383,0.2,1,1,0
1384,1.0,2,0,1
1385,0.2,0,1,0
1386,0.2,0,1,1
1387,0.2,0,1,1
1388,0.2,2,1,0
1389,0.2,1,1,1
1390,0.2,2,1,0
1391,0.2,2,1,0
1392,0.2,0,0,1
1393,0.2,1,0,1
1394,0.2,3,1,0
1395,0.2,2,1,0
1396,0.2,2,1,1
1397,0.2,1,1,1
1398,0.2,2,1,0
1399,1.0,2,1,1
1400,0.2,3,1,0
1401,0.2,0,1,1
1402,0.2,2,1,0
1403,0.2,1,1,1
1404,2.2,3,1,1
1405,0.2,1,1,0
1406,0.2,2,1,0
1407,0.2,3,1,1
1408,0.2,3,1,0
1409,0.2,1,1,1
1410,1.4,0,1,0
1411,0.2,0,1,1
1412,0.2,3,1,0
1413,0.2,3,1,0
1414,0.2,1,1,0
1415,1.0,3,1,1
1416,0.2,2,1,0
1417,0.2,1,1,0
1418,0.2,2,0,0
1419,0.2,2,1,0
1420,0.2,2,1,0
1421,0.2,1,0,0
1422,0.2,1,1,1
1423,0.2,1,1,0
1424,0.2,2,1,0
1425,0.2,1,1,1
1426,0.2,2,1,0
1427,0.2,2,1,1
1428,0.2,2,0,0
1429,0.2,1,1,1
1430,0.2,2,1,0
1431,0.2,2,1,0
1432,0.2,2,1,0
1433,0.2,0,1,0
1434,0.2,3,1,0
1435,1.0,2,0,1
1436,0.2,2,1,0
1437,0.2,1,1,1
1438,2.2,1,1,1
1439,0.2,0,1,1
1440,0.2,1,0,0
1441,0.2,2,0,0
1442,0.2,2,1,1
1443,0.2,1,1,1
1444,0.2,1,1,0
1445,0.2,1,1,1
1446,0.2,1,1,1
1447,0.2,1,1,0
1448,1.0,2,1,1
1449,0.2,0,1,1
1450,0.2,2,0,1
1451,0.2,3,0,0
1452,1.0,3,1,1
1453,1.0,1,1,0
1454,0.2,3,1,0
1455,0.2,2,1,0
1456,0.2,0,1,0
1457,0.2,1,1,0
1458,0.2,2,1,0
1459,0.2,1,1,0
1460,2.2,1,1,1
1461,0.2,0,1,0
1462,0.2,3,0,0
1463,0.2,1,1,0
1464,2.2,2,1,1
1465,0.2,1,1,0
1466,1.0,1,0,1
1467,0.2,2,1,0
1468,0.2,3,1,0
1469,0.2,2,1,0
1470,0.2,2,1,0
1471,1.0,1,1,1
1472,1.0,2,0,1
1473,0.2,2,1,1
1474,0.2,2,1,0
1475,0.2,1,1,1
1476,1.0,2,1,1
1477,0.2,1,1,0
1478,0.2,3,0,0
1479,1.0,2,1,1
1480,0.2,2,1,0
1481,0.2,2,1,0
1482,0.2,2,1,0
1483,0.2,0,1,0
1484,1.0,1,1,1
1485,0.2,1,1,1
1486,0.2,3,1,0
1487,0.2,1,1,1
1488,0.2,3,0,0
1489,0.2,2,0,0
1490,2.2,2,1,1
1491,0.2,1,0,0
1492,1.0,2,1,1
1493,0.2,1,0,0
1494,1.0,2,0,1
1495,0.2,1,1,0
1496,1.0,1,1,1
1497,0.2,2,1,0
1498,0.2,2,0,0
1499,0.2,0,1,0
1500,0.2,2,1,0
1501,0.2,1,1,0
1502,1.0,2,1,1
1503,0.2,3,1,0
1504,0.2,2,1,0
1505,0.2,1,1,0
1506,1.0,1,1,1
1507,0.2,3,0,1
1508,0.2,2,1,0
1509,2.2,2,1,1
1510,0.2,2,1,1
1511,1.0,2,1,1
1512,0.2,1,1,1
1513,0.2,3,1,0
1514,0.2,2,1,0
1515,0.2,2,1,0
1516,2.2,1,1,1
1517,0.2,2,1,0
1518,0.2,3,1,0
1519,0.2,3,1,0
1520,0.2,1,1,0
1521,0.2,3,1,0
1522,1.0,2,1,0
1523,0.2,2,1,0
1524,0.2,0,1,0
1525,0.2,1,1,0
1526,0.2,1,1,1
1527,0.2,0,1,1
1528,1.0,0,0,1
1529,0.2,2,0,0
1530,0.2,2,1,0
1531,0.2,2,1,0
1532,1.0,1,1,1
1533,1.0,1,1,1
1534,0.2,1,0,1
1535,0.2,1,0,1
1536,0.2,2,0,0
1537,0.2,0,0,1
1538,0.2,0,0,0
1539,1.0,2,0,0
1540,0.2,2,1,0
1541,0.2,0,1,1
1542,1.0,1,0,1
1543,0.2,2,1,1
1544,0.2,1,1,0
1545,0.2,0,1,0
1546,0.2,2,1,0
1547,0.2,2,1,1
1548,0.2,1,1,1
1549,2.2,0,1,1
1550,0.2,2,1,1
1551,0.2,0,1,1
1552,0.2,1,1,0
1553,0.2,2,1,1
1554,0.2,2,1,1
1555,1.0,2,1,0
1556,1.0,3,1,1
1557,1.0,1,1,0
1558,0.2,1,1,0
1559,0.2,1,1,1
1560,0.2,1,1,1
1561,0.2,3,1,0
1562,0.2,1,0,0
1563,2.2,3,1,1
1564,0.2,2,1,1
1565,0.2,2,1,0
1566,0.2,2,1,0
1567,0.2,0,1,0
1568,1.0,2,0,1
1569,2.2,0,1,1
1570,0.2,1,1,0
1571,0.2,2,1,0
1572,0.2,1,1,0
1573,0.2,1,1,0
1574,0.2,1,1,1
1575,0.2,2,1,1
1576,0.2,2,1,1
1577,0.2,1,1,0
1578,2.2,1,1,1
1579,0.2,3,1,0
1580,0.2,2,1,0
1581,0.2,2,1,0
1582,0.2,3,0,0
1583,0.2,3,1,0
1584,0.2,0,1,1
1585,0.2,2,1,0
1586,0.2,1,1,1
1587,0.2,2,1,1
1588,0.2,2,1,0
1589,0.2,3,1,0
1590,0.2,1,1,1
1591,1.0,2,0,1
1592,0.2,1,0,0
1593,1.0,2,1,0
1594,0.2,1,1,1
1595,0.2,0,1,1
1596,0.2,1,1,1
1597,1.0,1,1,1
1598,1.0,0,1,1
1599,1.0,2,1,0
1600,0.2,1,1,1
1601,0.2,2,1,0
1602,1.0,1,1,0
1603,0.2,2,1,0
1604,0.2,1,1,0
1605,1.0,1,0,1
1606,0.2,1,1,0
1607,1.0,2,1,1
1608,0.2,0,0,1
1609,0.2,0,1,1
1610,0.2,2,1,0
1611,0.2,0,1,1
1612,0.2,0,0,1
1613,0.2,1,1,0
1614,0.2,1,1,0
1615,1.0,2,1,1
1616,0.2,1,1,1
1617,0.2,1,1,0
1618,1.0,1,1,0
1619,1.0,2,1,1
1620,0.2,2,1,0
1621,1.0,1,1,0
1622,0.2,2,1,0
1623,0.2,2,1,0
1624,1.0,3,1,0
1625,0.2,2,0,0
1626,2.2,3,1,1
1627,2.2,2,1,1
1628,1.0,2,0,1
1629,0.2,2,1,0
1630,0.2,1,1,1
1631,0.2,1,1,1
1632,0.2,2,1,1
1633,0.2,1,1,1
1634,0.2,1,1,0
1635,0.2,2,1,0
1636,0.2,2,1,0
1637,1.0,1,1,1
1638,0.2,2,1,0
1639,0.2,1,1,0
1640,0.2,2,1,0
1641,0.2,2,1,0
1642,0.2,1,0,1
1643,1.0,2,1,0
1644,0.2,1,0,0
1645,0.2,1,1,0
1646,0.2,3,1,0
1647,1.0,2,1,1
1648,1.0,1,1,0
1649,0.2,3,1,0
1650,0.2,2,1,0
1651,0.2,2,1,0
1652,1.0,1,1,1
1653,0.2,1,1,0
1654,0.2,1,1,1
1655,1.0,2,1,1
1656,0.2,1,1,1
1657,1.0,2,1,1
1658,0.2,2,1,0
1659,0.2,2,1,1
1660,0.2,2,1,0
1661,1.0,0,1,1
1662,0.2,3,1,0
1663,0.2,1,1,0
1664,0.2,2,1,1
1665,0.2,0,0,0
1666,0.2,3,1,0
1667,1.0,1,0,1
1668,0.2,2,0,0
1669,0.2,2,1,0
1670,0.2,2,1,0
1671,0.2,0,1,1
1672,1.0,1,1,1
1673,0.2,3,1,0
1674,0.2,2,1,0
1675,0.2,1,1,0
1676,0.2,1,1,0
1677,0.2,1,1,1
1678,0.2,1,1,1
1679,0.2,2,0,0
1680,0.2,2,1,0
1681,0.2,1,1,1
1682,0.2,2,1,0
1683,0.2,0,0,1
1684,0.2,1,1,0
1685,0.2,2,1,0
1686,1.0,3,1,1
1687,0.2,1,1,0
1688,0.2,1,0,0
1689,0.2,2,1,0
1690,0.2,3,1,0
1691,0.2,2,1,0
1692,0.2,0,1,0
1693,0.2,3,0,0
1694,0.2,1,1,0
1695,1.0,1,1,1
1696,0.2,2,1,0
1697,0.2,1,0,1
1698,0.2,2,1,0
1699,0.2,0,1,0
1700,0.2,3,1,0
1701,0.2,2,1,1
1702,0.2,1,1,1
1703,1.0,1,1,0
1704,1.0,2,1,0
1705,0.2,2,1,0
1706,0.2,2,1,1
1707,1.0,1,1,0
1708,0.2,3,1,1
1709,0.2,0,0,1
1710,0.2,1,1,0
1711,2.2,2,0,1
1712,1.0,0,1,1
1713,0.2,0,1,0
1714,0.2,2,1,0
1715,0.2,0,1,1
1716,0.2,2,1,0
1717,1.0,0,0,1
1718,0.2,2,1,1
1719,1.0,3,1,1
1720,0.2,0,1,1
1721,1.0,0,1,1
1722,0.2,1,1,1
1723,0.2,0,1,1
1724,1.0,2,1,1
1725,0.2,2,1,0
1726,0.2,1,1,0
1727,0.2,3,0,0
1728,1.0,2,1,1
1729,0.2,2,1,1
1730,0.2,3,1,0
1731,0.2,1,1,1
1732,1.0,3,1,1
1733,0.2,2,1,0
1734,1.0,1,1,1
1735,0.2,2,1,1
1736,2.2,1,1,1
1737,0.2,1,0,0
1738,1.0,1,1,1
1739,0.2,2,1,1
1740,1.0,2,1,1
1741,1.0,2,1,1
1742,0.2,1,1,1
1743,0.2,2,1,1
1744,2.2,3,1,1
1745,1.0,0,0,1
1746,1.0,1,1,1
1747,0.2,1,1,0
1748,2.2,3,1,1
1749,0.2,1,0,1
1750,1.0,1,1,1
1751,1.0,1,1,1
1752,0.2,2,0,1
1753,0.2,2,1,0
1754,1.0,1,1,1
1755,0.2,1,1,0
1756,1.0,0,1,1
1757,0.2,3,1,1
1758,0.2,2,1,0
1759,0.2,0,1,0
1760,0.2,3,1,0
1761,0.2,3,1,0
1762,0.2,1,0,0
1763,1.0,1,1,1
1764,0.2,3,1,0
1765,1.0,1,1,1
1766,0.2,0,1,1
1767,0.2,1,0,1
1768,0.2,1,0,1
1769,0.2,2,1,0
1770,0.2,1,1,0
1771,0.2,0,1,1
1772,0.2,1,0,0
1773,0.2,2,1,0
1774,0.2,1,1,0
1775,1.0,0,1,1
1776,0.2,1,1,1
1777,0.2,2,1,1
1778,0.2,1,1,1
1779,1.0,1,1,1
1780,0.2,1,1,0
1781,0.2,2,1,0
1782,0.2,2,1,0
1783,0.2,2,1,0
1784,1.0,1,1,1
1785,0.2,1,1,0
1786,0.2,1,0,0
1787,1.0,0,1,1
1788,1.0,1,1,0
1789,0.2,2,1,0
1790,0.2,2,1,0
1791,0.2,2,1,0
1792,1.0,2,1,1
1793,1.0,1,1,1
1794,0.2,2,1,1
1795,0.2,2,1,1
1796,0.2,1,1,1
1797,0.2,2,1,0
1798,0.2,2,1,0
1799,0.2,1,1,0
1800,1.0,1,0,1
1801,0.2,1,1,1
1802,0.2,3,1,1
1803,0.2,2,1,0
1804,0.2,2,1,0
1805,0.2,2,1,1
1806,0.2,2,1,0
1807,1.0,3,1,1
1808,1.0,1,1,0
1809,2.2,1,1,1
1810,1.0,1,1,1
1811,0.2,3,0,0
1812,0.2,2,1,0
1813,1.0,0,1,1
1814,0.2,2,1,1
1815,0.2,0,1,1
1816,1.0,2,1,1
1817,0.2,2,0,0
1818,0.2,3,1,0
1819,0.2,2,1,1
1820,1.0,1,1,1
1821,1.0,2,1,1
1822,0.2,2,1,0
1823,0.2,1,1,0
1824,0.2,0,0,1
1825,0.2,2,1,1
1826,2.2,1,1,1
1827,1.0,0,0,1
1828,0.2,1,1,1
1829,1.4,0,1,0
1830,0.2,2,1,0
1831,0.2,2,1,0
1832,0.2,2,1,0
1833,0.2,1,1,0
1834,0.2,3,0,0
1835,0.2,1,1,0
1836,0.2,0,1,1
1837,0.2,1,1,0
1838,0.2,1,1,1
1839,1.0,1,1,1
1840,1.0,2,0,1
1841,0.2,2,1,0
1842,0.2,3,1,0
1843,0.2,1,1,1
1844,2.2,1,1,1
1845,0.2,3,1,0
1846,0.2,2,1,0
1847,0.2,1,1,0
1848,0.2,1,1,0
1849,0.2,0,1,1
1850,0.2,1,1,0
1851,0.2,2,1,0
1852,1.0,3,0,0
1853,0.2,1,1,1
1854,1.0,2,1,1
1855,1.0,1,1,0
1856,1.0,2,1,0
1857,0.2,2,1,0
1858,0.2,1,1,1
1859,1.0,1,1,1
1860,0.2,1,1,1
1861,0.2,2,1,0
1862,0.2,1,1,0
1863,0.2,1,1,0
1864,0.2,2,0,0
1865,0.2,2,1,0
1866,2.2,2,1,1
1867,0.2,2,1,0
1868,0.2,2,1,0
1869,0.2,2,1,0
1870,0.2,3,1,0
1871,0.2,2,1,0
1872,0.2,2,1,0
1873,0.2,2,1,1
1874,1.0,1,1,0
1875,1.0,2,1,1
1876,1.0,1,1,1
1877,1.0,1,1,1
1878,0.2,2,1,0
1879,0.2,1,1,0
1880,1.0,1,1,0
1881,0.2,1,1,0
1882,1.0,1,1,0
1883,0.2,2,1,1
1884,0.2,1,1,1
1885,0.2,2,0,0
1886,0.2,2,1,1
1887,1.0,1,1,0
1888,0.2,2,1,0
1889,0.2,0,1,0
1890,0.2,1,0,1
1891,1.0,2,1,0
1892,0.2,1,1,1
1893,2.2,1,1,1
1894,0.2,0,1,1
1895,1.0,2,1,0
1896,1.0,0,1,1
1897,0.2,1,1,1
1898,0.2,2,1,0
1899,0.2,1,1,0
1900,0.2,2,0,0
1901,0.2,1,1,0
1902,1.0,2,0,1
1903,0.2,1,0,0
1904,0.2,1,1,1
1905,0.2,1,1,0
1906,0.2,2,1,1
1907,0.2,3,1,0
1908,1.0,0,1,0
1909,0.2,2,1,1
1910,0.2,2,1,1
1911,0.2,2,1,0
1912,0.2,2,1,1
1913,0.2,1,1,0
1914,0.2,3,1,0
1915,0.2,2,1,0
1916,0.2,2,1,0
1917,0.2,2,1,0
1918,1.0,3,1,0
1919,1.0,3,1,0
1920,0.2,1,1,0
1921,1.0,1,1,1
1922,1.0,2,1,1
1923,1.0,0,1,0
1924,1.0,2,1,1
1925,0.2,1,1,0
1926,0.2,2,1,0
1927,0.2,2,0,0
1928,1.0,1,1,1
1929,0.2,2,1,1
1930,0.2,0,1,1
1931,0.2,0,1,1
1932,0.2,3,1,0
1933,1.0,0,1,1
1934,0.2,1,1,1
1935,0.2,2,1,0
1936,0.2,3,1,0
1937,0.2,1,1,1
1938,0.2,1,0,1
1939,0.2,3,1,0
1940,0.2,2,1,1
1941,0.2,1,1,0
1942,0.2,1,1,0
1943,0.2,1,1,1
1944,0.2,1,1,0
1945,2.2,1,1,1
1946,0.2,2,0,0
1947,0.2,0,0,0
1948,1.0,1,1,1
1949,0.2,1,1,1
1950,0.2,1,1,0
1951,0.2,1,1,0
1952,0.2,1,1,1
1953,1.0,1,0,1
1954,0.2,1,1,0
1955,0.2,2,1,0
1956,0.2,3,1,0
1957,0.2,1,1,1
1958,0.2,1,0,1
1959,0.2,2,1,0
1960,0.2,2,1,0
1961,0.2,2,0,0
1962,0.2,3,1,0
1963,0.2,1,0,1
1964,1.0,2,1,0
1965,1.0,1,1,1
1966,0.2,0,1,0
1967,1.0,1,1,1
1968,1.0,1,1,1
1969,0.2,1,1,0
1970,1.0,1,0,1
1971,0.2,0,1,1
1972,0.2,3,1,0
1973,0.2,1,1,0
1974,0.2,2,1,0
1975,0.2,1,1,1
1976,0.2,2,1,0
1977,0.2,0,1,0
1978,0.2,2,1,0
1979,1.0,3,1,1
1980,0.2,2,1,1
1981,0.2,1,1,1
1982,0.2,0,1,1
1983,1.0,1,1,1
1984,0.2,2,1,0
1985,0.2,3,1,0
1986,0.2,2,1,0
1987,0.2,0,0,0
1988,1.0,2,1,1
1989,1.0,2,0,1
1990,1.0,2,1,0
1991,2.2,1,1,1
1992,0.2,1,1,0
1993,1.0,2,0,1
1994,0.2,1,1,0
1995,1.0,2,0,1
1996,0.2,2,1,0
1997,1.0,2,1,1
1998,0.2,2,1,0
1999,1.0,2,1,0
2000,0.2,1,1,1
2001,1.0,2,1,1
2002,0.2,1,1,1
2003,0.2,3,1,0
2004,0.2,0,1,0
2005,0.2,2,1,0
2006,1.0,1,1,1
2007,0.2,0,1,1
2008,0.2,0,1,0
2009,0.2,1,0,0
2010,0.2,3,1,0
2011,0.2,1,1,0
2012,0.2,2,0,0
2013,1.0,1,1,1
2014,0.2,0,1,1
2015,0.2,1,1,1
2016,0.2,3,1,0
2017,1.0,2,1,0
2018,1.0,1,0,1
2019,0.2,1,1,0
2020,0.2,0,1,1
2021,0.2,2,1,1
2022,0.2,1,1,0
2023,1.0,2,0,0
2024,1.0,2,1,1
2025,0.2,1,1,1
2026,0.2,1,1,0
2027,0.2,0,1,1
2028,0.2,1,1,1
2029,1.0,1,0,0
2030,0.2,3,1,1
2031,1.0,1,1,1
2032,1.0,2,1,0
2033,0.2,3,1,1
2034,0.2,1,1,0
2035,3.0,3,1,1
2036,2.2,3,0,1
2037,1.0,2,1,1
2038,0.2,0,0,1
2039,0.2,2,1,0
2040,0.2,3,1,1
2041,1.0,2,1,0
2042,1.0,2,1,0
2043,1.0,1,1,1
2044,0.2,3,0,0
2045,0.2,3,0,0
2046,0.2,3,1,0
2047,0.2,0,0,0
2048,0.2,3,1,0
2049,0.2,2,1,0
2050,0.2,1,1,1
2051,0.2,2,1,1
2052,0.2,2,1,0
2053,0.2,3,1,1
2054,0.2,1,1,1
2055,0.2,1,0,1
2056,0.2,1,0,0
2057,0.2,1,1,0
2058,0.2,1,0,0
2059,0.2,1,1,0
2060,0.2,2,1,0
2061,0.2,2,0,0
2062,0.2,1,0,1
2063,0.2,2,1,0
2064,2.2,1,1,1
2065,0.2,0,1,1
2066,0.2,1,1,1
2067,0.2,1,1,0
2068,0.2,2,1,1
2069,1.0,3,0,0
2070,0.2,0,1,1
2071,1.0,0,1,1
2072,0.2,3,1,0
2073,1.0,1,1,1
2074,1.0,3,0,1
2075,0.2,2,1,0
2076,0.2,0,1,0
2077,0.2,2,1,1
2078,1.0,1,1,1
2079,0.2,0,1,1
2080,0.2,1,1,0
2081,0.2,2,1,0
2082,1.0,1,1,1
2083,0.2,0,0,1
2084,0.2,1,0,1
2085,0.2,2,1,0
2086,0.2,1,1,1
2087,1.0,1,0,1
2088,0.2,1,0,0
2089,1.0,1,0,1
2090,0.2,1,1,1
2091,0.2,1,1,0
2092,0.2,3,1,1
2093,0.2,0,1,1
2094,0.2,2,1,1
2095,0.2,0,1,0
2096,0.2,3,0,0
2097,0.2,1,1,0
2098,1.0,1,1,1
2099,0.2,2,1,1
2100,1.0,1,1,1
2101,0.2,2,1,0
2102,1.0,3,1,0
2103,0.2,1,1,0
2104,0.2,2,1,0
2105,0.2,0,1,1
2106,1.0,2,1,1
2107,0.2,1,1,1
2108,0.2,2,1,0
2109,1.0,1,0,0
2110,1.0,1,1,0
2111,0.2,1,1,1
2112,0.2,1,1,0
2113,0.2,2,1,0
2114,1.0,1,1,1
2115,0.2,2,1,0
2116,0.2,1,1,1
2117,0.2,3,1,0
2118,1.0,1,1,1
2119,1.0,2,0,1
2120,2.2,1,1,1
2121,1.0,1,1,1
2122,1.0,1,1,1
2123,0.2,0,0,1
2124,0.2,0,1,1
2125,1.0,1,1,1
2126,1.0,1,1,1
2127,0.2,1,1,0
2128,1.0,2,0,1
2129,0.2,0,1,0
2130,1.0,1,0,1
2131,0.2,2,1,0
2132,0.2,1,1,0
2133,1.0,2,1,1
2134,0.2,1,0,0
2135,0.2,1,1,0
2136,2.2,1,0,1
2137,1.0,1,1,1
2138,0.2,0,0,1
2139,1.0,3,1,0
2140,0.2,1,1,0
2141,0.2,0,0,0
2142,0.2,2,0,0
2143,0.2,2,1,0
2144,1.0,3,1,0
2145,0.2,2,1,1
2146,0.2,2,1,0
2147,0.2,1,1,1
2148,0.2,0,1,0
2149,0.2,0,1,1
2150,0.2,2,1,1
2151,0.2,1,1,1
2152,0.2,1,1,0
2153,1.0,1,1,1
2154,0.2,1,1,1
2155,0.2,2,1,0
2156,0.2,3,1,0
2157,0.2,2,1,0
2158,1.0,1,1,1
2159,0.2,3,1,0
2160,1.0,2,1,0
2161,0.2,2,1,0
2162,1.0,3,1,1
2163,0.2,1,1,0
2164,0.2,2,1,0
2165,0.2,1,1,0
2166,0.2,0,1,1
2167,0.2,3,1,0
2168,1.0,0,1,1
2169,1.0,2,1,1
2170,0.2,2,1,0
2171,0.2,1,0,1
2172,0.2,1,1,0
2173,0.2,0,1,0
2174,0.2,2,1,0
2175,1.0,0,1,1
2176,0.2,2,1,0
2177,0.2,3,1,0
2178,0.2,3,1,0
2179,0.2,2,1,0
2180,0.2,2,1,0
2181,0.2,1,1,1
2182,0.2,2,1,0
2183,0.2,3,1,0
2184,0.2,2,0,0
2185,0.2,1,1,0
2186,0.2,2,1,0
2187,0.2,1,1,0
2188,0.2,1,1,0
2189,0.2,2,1,0
2190,0.2,1,1,1
2191,0.2,3,0,0
2192,0.2,2,1,1
2193,0.2,1,1,1
2194,0.2,0,1,0
2195,0.2,2,1,1
2196,0.2,2,0,1
2197,0.2,1,1,0
2198,0.2,1,1,0
2199,1.0,2,1,1
2200,0.2,2,1,1
2201,0.2,1,1,0
2202,0.2,1,1,1
2203,0.2,1,1,0
2204,0.2,0,1,1
2205,0.2,3,0,0
2206,0.2,2,1,0
2207,1.0,2,1,1
2208,0.2,1,1,0
2209,1.0,1,1,1
2210,0.2,0,1,0
2211,0.2,0,1,1
2212,0.2,3,1,1
2213,0.2,2,1,1
2214,0.2,2,1,0
2215,0.2,1,1,0
2216,1.0,2,1,1
2217,1.0,2,1,1
2218,1.0,0,1,1
2219,0.2,1,1,0
2220,0.2,1,0,0
2221,1.0,2,1,1
2222,1.0,2,1,1
2223,0.2,2,1,0
2224,1.0,2,0,1
2225,0.2,1,1,1
2226,0.2,1,1,0
2227,0.2,2,1,0
2228,0.2,0,0,1
2229,0.2,2,1,0
2230,0.2,1,1,1
2231,0.2,3,1,0
2232,0.2,1,1,1
2233,0.2,1,1,0
2234,0.2,2,1,0
2235,0.2,1,0,0
2236,0.2,1,1,0
2237,0.2,1,1,1
2238,1.0,2,1,1
2239,0.2,3,1,0
2240,0.2,2,1,0
2241,0.2,3,0,0
2242,0.2,3,1,0
2243,1.0,1,1,1
2244,0.2,2,1,0
2245,0.2,2,1,0
2246,0.2,2,1,1
2247,0.2,0,1,1
2248,0.2,2,1,0
2249,0.2,2,1,0
2250,1.0,0,1,1
2251,1.0,3,1,0
2252,0.2,2,0,1
2253,1.0,1,1,1
2254,0.2,0,1,1
2255,1.0,2,1,1
2256,0.2,1,0,1
2257,0.2,3,1,0
2258,1.0,2,1,1
2259,0.2,1,1,0
2260,0.2,3,1,0
2261,1.0,2,1,1
2262,0.2,1,1,1
2263,0.2,0,1,1
2264,1.0,1,0,1
2265,1.0,1,1,1
2266,0.2,3,1,0
2267,0.2,2,1,0
2268,1.0,2,1,0
2269,0.2,1,1,0
2270,0.2,1,1,1
2271,0.2,0,1,0
2272,0.2,2,1,0
2273,0.2,1,1,0
2274,0.2,1,1,0
2275,0.2,1,1,0
2276,0.2,0,1,1
2277,0.2,1,1,1
2278,2.2,3,1,1
2279,0.2,2,1,0
2280,0.2,1,0,0
2281,0.2,2,1,0
2282,0.2,1,1,0
2283,0.2,1,0,0
2284,0.2,1,1,0
2285,2.2,1,1,1
2286,0.2,1,1,1
2287,0.2,2,0,1
2288,0.2,1,1,1
2289,0.2,1,1,0
2290,1.0,1,1,0
2291,0.2,1,1,0
2292,0.2,3,1,0
2293,0.2,0,1,1
2294,0.2,2,1,0
2295,0.2,0,0,1
2296,0.2,2,1,0
2297,0.2,1,1,0
2298,0.2,2,0,0
2299,0.2,1,1,0
2300,0.2,1,1,1
2301,0.2,2,1,0
2302,0.2,2,1,1
2303,0.2,2,1,0
2304,0.2,0,1,0
2305,0.2,1,1,1
2306,0.2,0,1,1
2307,0.2,1,1,0
2308,1.0,1,1,1
2309,0.2,2,1,1
2310,0.2,1,1,0
2311,0.2,0,1,1
2312,0.2,3,1,0
2313,1.0,2,1,1
2314,0.2,2,0,0
2315,0.2,3,1,0
2316,0.2,1,1,0
2317,1.0,1,1,1
2318,0.2,1,1,0
2319,0.2,2,1,1
2320,0.2,1,1,0
2321,0.2,1,1,0
2322,0.2,1,1,0
2323,1.0,1,1,1
2324,0.2,1,1,0
2325,1.0,2,1,1
2326,0.2,2,1,1
2327,0.2,1,1,1
2328,0.2,2,1,0
2329,0.2,3,1,0
2330,0.2,2,0,1
2331,1.0,0,1,1
2332,0.2,1,1,1
2333,0.2,2,1,1
2334,0.2,0,0,1
2335,1.0,1,1,1
2336,0.2,2,0,0
2337,1.0,1,1,1
2338,0.2,0,1,0
2339,0.2,1,1,1
2340,1.0,1,1,1
2341,0.2,2,1,1
2342,2.2,0,0,1
2343,0.2,3,1,0
2344,0.2,2,1,0
2345,0.2,2,1,0
2346,1.0,1,0,1
2347,0.2,2,1,0
2348,0.2,1,1,0
2349,2.2,0,1,1
2350,1.0,2,1,1
2351,0.2,2,1,0
2352,0.2,0,1,0
2353,0.2,2,1,0
2354,1.0,3,1,0
2355,0.2,2,1,0
2356,1.0,2,1,0
2357,0.2,2,1,0
2358,0.2,1,1,1
2359,0.2,2,1,0
2360,0.2,2,1,1
2361,0.2,2,1,1
2362,0.2,2,1,0
2363,1.0,2,1,0
2364,0.2,1,1,0
2365,1.0,1,1,1
2366,1.0,2,1,0
2367,0.2,2,1,0
2368,1.0,3,1,1
2369,1.0,2,0,1
2370,1.0,1,1,1
2371,0.2,1,1,0
2372,1.0,1,1,1
2373,0.2,2,1,0
2374,0.2,3,1,0
2375,0.2,2,1,1
2376,0.2,1,1,0
2377,0.2,1,1,1
2378,1.0,1,1,1
2379,0.2,3,1,0
2380,0.2,0,1,1
2381,0.2,0,1,1
2382,0.2,2,1,0
2383,0.2,1,1,0
2384,0.2,1,1,1
2385,1.0,2,1,1
2386,0.2,2,1,1
2387,1.0,3,0,1
2388,0.2,1,1,1
2389,0.2,2,1,0
2390,0.2,1,1,0
2391,0.2,3,1,0
2392,0.2,3,1,0
2393,0.2,2,1,0
2394,1.0,0,1,1
2395,0.2,1,1,0
2396,1.0,1,0,1
2397,1.0,2,1,0
2398,0.2,0,1,0
2399,0.2,1,1,0
2400,0.2,0,1,1
2401,1.0,2,1,1
2402,1.0,0,1,1
2403,0.2,2,1,1
2404,0.2,3,1,0
2405,1.0,3,1,1
2406,0.2,2,0,0
2407,0.2,1,0,1
2408,0.2,1,1,0
2409,1.0,1,1,1
2410,0.2,2,1,0
2411,0.2,2,1,1
2412,1.0,3,1,1
2413,0.2,2,1,0
2414,0.2,3,0,0
2415,0.2,1,0,0
2416,0.2,1,1,1
2417,1.0,1,0,1
2418,0.2,1,1,0
2419,0.2,2,1,1
2420,2.2,1,1,1
2421,0.2,1,1,1
2422,0.2,2,1,0
2423,0.2,1,1,0
2424,0.2,3,1,0
2425,1.0,2,1,0
2426,0.2,2,1,0
2427,0.2,2,1,0
2428,0.2,2,1,0
2429,0.2,3,1,1
2430,1.0,3,1,1
2431,0.2,3,1,1
2432,1.0,3,0,1
2433,0.2,2,1,0
2434,0.2,2,1,0
2435,0.2,2,1,0
2436,0.2,1,1,1
2437,0.2,1,1,1
2438,0.2,3,1,0
2439,1.0,2,1,1
2440,0.2,1,1,1
2441,0.2,0,1,0
2442,1.0,0,0,1
2443,0.2,1,1,0
2444,0.2,2,1,0
2445,1.0,1,1,0
2446,0.2,0,1,0
2447,0.2,2,0,0
2448,0.2,2,1,1
2449,0.2,1,1,1
2450,0.2,2,1,0
2451,1.0,3,0,1
2452,1.0,3,1,1
2453,1.0,0,1,0
2454,0.2,2,1,0
2455,0.2,0,1,0
2456,0.2,2,1,1
2457,1.0,3,0,1
2458,0.2,0,1,1
2459,0.2,1,1,1
2460,1.0,1,1,1
2461,0.2,1,1,1
2462,1.0,2,1,0
2463,0.2,1,1,0
2464,0.2,1,1,1
2465,1.0,1,1,1
2466,0.2,3,1,1
2467,0.2,2,1,1
2468,1.0,2,1,1
2469,1.0,2,1,1
2470,0.2,3,1,0
2471,1.0,2,0,0
2472,0.2,3,0,0
2473,0.2,1,0,0
2474,1.0,3,1,1
2475,0.2,0,1,1
2476,0.2,2,0,0
2477,1.0,0,1,1
2478,0.2,1,1,0
2479,0.2,0,1,1
2480,0.2,2,0,1
2481,0.2,1,1,0
2482,0.2,2,0,1
2483,0.2,1,0,0
2484,0.2,1,0,0
2485,2.2,3,1,1
2486,0.2,2,1,0
2487,0.2,1,1,1
2488,0.2,2,0,1
2489,1.0,2,1,1
2490,0.2,2,1,0
2491,0.2,1,0,0
2492,0.2,2,0,0
2493,0.2,1,1,0
2494,2.2,2,1,1
2495,0.2,1,1,0
2496,0.2,1,1,0
2497,0.2,1,1,0
2498,1.0,1,0,1
2499,0.2,1,0,0
2500,1.0,3,1,1
2501,0.2,2,0,1
2502,0.2,1,1,0
2503,1.0,2,0,1
2504,0.2,1,1,1
2505,1.0,2,1,1
2506,0.2,2,1,0
2507,0.2,2,1,1
2508,0.2,1,1,0
2509,0.2,1,1,0
2510,0.2,1,1,0
2511,0.2,2,1,0
2512,0.2,2,1,1
2513,0.2,1,1,0
2514,1.0,3,1,1
2515,0.2,1,0,1
2516,0.2,3,1,0
2517,0.2,2,1,0
2518,0.2,2,1,1
2519,0.2,1,1,0
2520,0.2,2,0,1
2521,0.2,2,1,1
2522,0.2,2,1,0
2523,0.2,3,1,0
2524,0.2,1,1,1
2525,0.2,2,1,1
2526,0.2,0,1,0
2527,1.0,3,1,0
2528,1.0,1,1,1
2529,1.0,2,1,0
2530,0.2,3,1,0
2531,0.2,1,1,1
2532,0.2,2,0,1
2533,2.2,0,0,1
2534,0.2,1,0,1
2535,0.2,0,1,0
2536,1.0,1,1,0
2537,0.2,2,1,0
2538,0.2,3,1,0
2539,0.2,1,1,0
2540,0.2,0,0,1
2541,0.2,0,1,1
2542,0.2,2,1,0
2543,0.2,2,1,0
2544,0.2,3,1,0
2545,0.2,2,1,0
2546,0.2,2,1,0
2547,0.2,1,1,0
2548,0.2,0,1,1
2549,0.2,1,0,0
2550,0.2,1,1,0
2551,1.0,1,0,1
2552,1.0,3,1,1
2553,1.0,2,0,1
2554,1.0,1,1,1
2555,0.2,0,1,0
2556,0.2,2,1,1
2557,0.2,3,0,1
2558,0.2,1,1,0
2559,0.2,0,1,0
2560,0.2,1,1,0
2561,0.2,2,0,0
2562,0.2,1,1,1
2563,1.0,0,1,1
2564,0.2,1,1,0
2565,0.2,1,0,0
2566,0.2,2,1,0
2567,0.2,1,0,1
2568,0.2,0,0,0
2569,1.0,0,1,1
2570,0.2,1,1,0
2571,2.2,3,1,1
2572,0.2,1,0,0
2573,1.0,2,1,1
2574,0.2,2,1,0
2575,0.2,3,1,0
2576,0.2,2,1,0
2577,0.2,2,1,1
2578,0.2,2,1,1
2579,0.2,1,1,0
2580,0.2,2,1,0
2581,0.2,1,0,1
2582,0.2,2,1,0
2583,0.2,0,1,1
2584,0.2,1,0,1
2585,0.2,2,1,0
2586,0.2,2,1,0
2587,1.0,1,1,1
2588,0.2,1,1,0
2589,0.2,2,1,0
2590,0.2,2,0,0
2591,0.2,1,1,0
2592,1.0,0,0,1
2593,1.0,2,1,1
2594,0.2,2,1,0
2595,0.2,2,1,0
2596,0.2,0,1,1
2597,1.0,1,1,0
2598,1.0,1,1,1
2599,0.2,2,1,1
2600,1.0,1,0,1
2601,0.2,1,1,1
2602,0.2,2,1,0
2603,1.0,1,1,1
2604,0.2,1,1,1
2605,0.2,2,1,0
2606,1.0,1,0,1
2607,0.2,1,1,1
2608,2.2,3,1,1
2609,1.0,2,1,0
2610,0.2,1,1,1
2611,1.0,0,1,1
2612,0.2,2,0,1
2613,0.2,1,1,1
2614,0.2,3,1,0
2615,0.2,1,1,0
2616,0.2,2,1,0
2617,0.2,1,1,0
2618,0.2,3,1,0
2619,0.2,1,1,0
2620,1.0,2,1,1
2621,1.0,0,0,1
2622,0.2,3,0,0
2623,1.0,3,1,1
2624,1.0,2,1,1
2625,2.2,1,1,1
2626,0.2,2,1,0
2627,1.0,2,0,1
2628,1.0,1,0,1
2629,2.2,3,1,1
2630,1.0,0,1,1
2631,1.0,2,1,1
2632,0.2,2,0,0
2633,0.2,1,1,1
2634,0.2,1,1,0
2635,0.2,2,1,1
2636,0.2,1,0,1
2637,0.2,2,1,0
2638,0.2,2,1,0
2639,0.2,3,0,0
2640,0.2,3,1,0
2641,0.2,3,1,0
2642,0.2,2,1,0
2643,0.2,1,1,1
2644,1.0,2,1,1
2645,1.0,2,1,1
2646,0.2,1,1,0
2647,1.0,1,0,1
2648,0.2,3,1,0
2649,1.0,3,1,1
2650,0.2,3,1,0
2651,0.2,1,1,0
2652,0.2,1,1,1
2653,1.0,1,1,1
2654,0.2,2,1,0
2655,0.2,1,1,1
2656,0.2,2,1,0
2657,1.0,1,1,1
2658,1.0,2,0,1
2659,0.2,0,1,0
2660,1.0,1,1,1
2661,0.2,0,1,1
2662,0.2,1,1,1
2663,0.2,2,1,0
2664,0.2,1,1,1
2665,1.0,2,1,1
2666,0.2,2,1,0
2667,1.0,1,1,1
2668,0.2,1,1,0
2669,0.2,3,0,0
2670,0.2,2,1,0
2671,0.2,0,1,1
2672,0.2,1,1,1
2673,0.2,2,1,0
2674,0.2,0,1,1
2675,0.2,1,1,1
2676,0.2,2,1,0
2677,0.2,3,1,0
2678,0.2,2,1,0
2679,0.2,1,1,0
2680,0.2,3,0,0
2681,0.2,1,1,0
2682,0.2,2,1,0
2683,0.2,2,0,1
2684,0.2,0,1,1
2685,0.2,1,1,1
2686,0.2,1,1,1
2687,1.0,1,1,1
2688,0.2,1,1,0
2689,0.2,2,0,1
2690,0.2,2,1,1
2691,0.2,2,1,0
2692,1.0,1,0,1
2693,0.2,1,1,1
2694,1.0,1,1,1
2695,0.2,1,1,1
2696,0.2,2,1,1
2697,0.2,0,1,1
2698,1.0,0,1,1
2699,0.2,2,0,0
2700,1.0,1,1,1
2701,0.2,2,1,1
2702,0.2,2,1,1
2703,0.2,0,1,1
2704,0.2,2,1,1
2705,0.2,1,0,1
2706,0.2,2,1,0
2707,0.2,2,0,0
2708,0.2,0,1,0
2709,0.2,2,1,0
2710,1.0,2,1,1
2711,0.2,0,0,1
2712,0.2,1,1,0
2713,0.2,2,1,0
2714,1.0,0,1,0
2715,0.2,1,1,1
2716,0.2,3,1,0
2717,0.2,2,1,0
2718,1.0,1,0,1
2719,0.2,3,1,1
2720,0.2,2,1,1
2721,1.0,2,1,1
2722,0.2,2,1,0
2723,0.2,2,0,0
2724,1.0,0,0,1
2725,0.2,2,1,0
2726,1.0,0,1,1
2727,0.2,3,1,0
2728,0.2,2,1,0
2729,1.0,2,0,1
2730,0.2,1,1,0
2731,1.0,2,1,1
2732,0.2,2,1,1
2733,0.2,0,1,1
2734,0.2,2,1,0
2735,0.2,2,1,0
2736,0.2,1,1,0
2737,0.2,0,1,0
2738,0.2,2,0,1
2739,0.2,0,1,0
2740,0.2,1,0,1
2741,0.2,0,1,1
2742,1.0,0,1,1
2743,0.2,0,0,1
2744,0.2,3,1,0
2745,1.0,2,1,1
2746,0.2,1,1,0
2747,0.2,2,1,0
2748,0.2,2,1,1
2749,0.2,0,0,0
2750,0.2,2,1,0
2751,0.2,3,1,0
2752,0.2,2,1,0
2753,0.2,2,1,0
2754,0.2,1,1,1
2755,2.2,2,0,1
2756,0.2,1,1,1
2757,0.2,2,0,0
2758,1.0,0,1,1
2759,1.0,1,1,1
2760,0.2,2,0,0
2761,0.2,1,0,0
2762,1.0,2,1,1
2763,0.2,0,0,1
2764,0.2,1,1,1
2765,0.2,1,1,1
2766,0.2,1,1,1
2767,0.2,1,1,1
2768,0.2,2,1,0
2769,0.2,3,1,0
2770,0.2,1,1,0
2771,0.2,3,1,0
2772,1.0,2,1,0
2773,0.2,0,0,1
2774,1.0,2,1,1
2775,1.0,2,1,1
2776,0.2,0,1,0
2777,0.2,1,1,1
2778,3.0,3,1,1
2779,1.0,2,1,1
2780,0.2,2,1,1
2781,0.2,1,0,1
2782,1.0,1,1,1
2783,0.2,1,1,1
2784,0.2,2,1,0
2785,1.0,2,1,1
2786,0.2,2,1,1
2787,0.2,2,1,0
2788,1.0,2,0,1
2789,0.2,1,0,0
2790,0.2,2,1,0
2791,0.2,2,1,0
2792,1.0,1,1,1
2793,0.2,0,1,1
2794,0.2,1,1,1
2795,1.0,2,0,1
2796,0.2,2,1,1
2797,1.0,3,1,0
2798,0.2,0,1,0
2799,1.0,0,1,1
2800,0.2,0,1,1
2801,0.2,0,1,1
2802,0.2,1,1,0
2803,0.2,2,1,0
2804,1.0,1,1,1
2805,0.2,0,1,0
2806,0.2,3,0,0
2807,0.2,0,1,1
2808,0.2,1,1,0
2809,0.2,2,1,0
2810,1.0,1,1,1
2811,0.2,2,0,0
2812,0.2,2,1,1
2813,0.2,2,1,0
2814,0.2,1,0,0
2815,1.0,1,1,0
2816,1.0,2,1,1
2817,1.0,1,1,1
2818,1.0,2,1,1
2819,0.2,1,0,1
2820,0.2,2,1,0
2821,0.2,1,0,1
2822,0.2,2,1,0
2823,1.0,2,1,1
2824,0.2,2,1,0
2825,1.0,1,1,1
2826,1.0,2,1,1
2827,1.0,2,1,1
2828,1.0,1,1,1
2829,0.2,3,1,0
2830,0.2,1,1,1
2831,1.0,1,0,1
2832,1.0,3,1,1
2833,1.0,1,1,1
2834,0.2,1,1,1
2835,1.0,2,0,0
2836,0.2,2,0,0
2837,0.2,2,1,0
2838,0.2,1,1,1
2839,0.2,2,1,0
2840,0.2,1,1,1
2841,0.2,1,1,0
2842,0.2,0,1,0
2843,0.2,1,1,1
2844,0.2,0,0,0
2845,0.2,1,0,0
2846,0.2,0,1,0
2847,0.2,2,1,1
2848,0.2,0,1,0
2849,0.2,2,1,1
2850,1.0,1,1,1
2851,0.2,1,1,1
2852,0.2,3,1,0
2853,0.2,2,1,0
2854,0.2,1,1,0
2855,0.2,1,1,0
2856,0.2,2,1,0
2857,1.0,3,0,0
2858,0.2,1,1,0
2859,1.0,2,1,1
2860,0.2,1,0,0
2861,0.2,2,1,0
2862,0.2,1,1,0
2863,2.2,0,1,1
2864,0.2,1,1,1
2865,0.2,3,1,0
2866,0.2,1,1,1
2867,0.2,2,1,1
2868,0.2,1,1,0
2869,0.2,2,0,1
2870,0.2,1,1,0
2871,0.2,0,1,1
2872,0.2,1,1,1
2873,0.2,1,1,0
2874,1.0,2,1,1
2875,0.2,1,1,0
2876,0.2,1,1,0
2877,1.0,0,1,1
2878,0.2,2,1,0
2879,0.2,2,0,0
2880,0.2,2,1,0
2881,1.0,2,0,1
2882,0.2,2,0,0
2883,2.2,2,1,1
2884,0.2,1,1,1
2885,0.2,0,1,1
2886,0.2,1,1,0
2887,0.2,3,1,1
2888,0.2,2,1,0
2889,0.2,1,1,1
2890,0.2,0,1,0
2891,1.0,3,1,0
2892,0.2,1,1,1
2893,0.2,1,0,0
2894,0.2,2,1,1
2895,0.2,1,1,0
2896,1.0,1,1,1
2897,0.2,0,1,1
2898,1.0,1,1,1
2899,0.2,1,1,1
2900,0.2,1,1,0
2901,0.2,2,1,0
2902,1.0,1,1,1
2903,0.2,1,1,1
2904,0.2,1,1,1
2905,0.2,2,1,0
2906,0.2,1,1,0
2907,0.2,2,0,0
2908,0.2,1,1,0
2909,0.2,1,0,0
2910,1.0,1,0,0
2911,0.2,1,1,0
2912,1.0,1,1,1
2913,0.2,1,0,0
2914,2.2,1,1,1
2915,0.2,2,1,0
2916,0.2,3,1,0
2917,1.0,1,1,0
2918,0.2,3,1,0
2919,0.2,3,1,0
2920,1.0,2,1,1
2921,0.2,2,1,0
2922,0.2,3,1,0
2923,1.0,2,1,1
2924,0.2,0,1,1
2925,1.0,2,1,1
2926,1.0,2,1,1
2927,0.2,2,1,1
2928,0.2,2,1,0
2929,0.2,1,1,1
2930,0.2,2,1,0
2931,0.2,1,1,1
2932,1.0,1,1,1
2933,0.2,2,1,0
2934,0.2,0,1,1
2935,1.0,2,1,1
2936,0.2,1,0,1
2937,1.0,2,1,1
2938,0.2,2,1,0
2939,0.2,2,1,0
2940,0.2,3,0,0
2941,2.2,0,1,1
2942,0.2,0,1,1
2943,0.2,2,0,0
2944,0.2,3,1,0
2945,0.2,1,0,1
2946,0.2,1,1,1
2947,0.2,1,1,0
2948,0.2,2,1,1
2949,0.2,1,1,0
2950,0.2,1,1,0
2951,0.2,3,0,1
2952,0.2,2,1,0
2953,1.0,2,1,1
2954,0.2,1,1,0
2955,0.2,3,1,0
2956,0.2,2,1,0
2957,0.2,1,1,0
2958,0.2,1,1,1
2959,0.2,2,1,0
2960,0.2,2,0,1
2961,0.2,0,1,1
2962,0.2,2,1,1
2963,0.2,3,1,0
2964,0.2,0,1,1
2965,0.2,1,1,0
2966,0.2,1,1,0
2967,2.2,3,1,1
2968,0.2,2,1,0
2969,0.2,2,1,1
2970,0.2,1,1,0
2971,0.2,3,1,1
2972,0.2,2,1,0
2973,0.2,1,1,0
2974,0.2,0,1,1
2975,0.2,1,1,0
2976,0.2,1,1,1
2977,0.2,3,0,0
2978,1.0,3,1,0
2979,0.2,3,1,0
2980,0.2,2,1,0
2981,0.2,1,1,1
2982,0.2,2,1,1
2983,0.2,1,1,0
2984,1.0,3,0,0
2985,0.2,2,1,0
2986,0.2,2,1,1
2987,0.2,1,1,1
2988,0.2,1,1,0
2989,1.0,2,1,1
2990,0.2,2,1,0
2991,0.2,2,1,0
2992,1.0,2,1,1
2993,0.2,1,1,0
2994,1.0,2,0,1
2995,0.2,1,1,0
2996,0.2,1,1,0
2997,1.0,2,1,1
2998,0.2,1,1,1
2999,0.2,3,1,1
3000,0.2,2,1,0
3001,0.2,1,1,1
3002,0.2,1,0,1
3003,0.2,3,1,1
3004,0.2,1,0,0
3005,1.0,1,1,1
3006,1.0,1,1,1
3007,0.2,2,1,0
3008,1.0,1,1,1
3009,1.0,1,1,1
3010,1.0,2,1,1
3011,0.2,2,1,0
3012,0.2,0,1,1
3013,0.2,1,1,0
3014,0.2,0,1,1
3015,1.0,0,1,1
3016,0.2,1,0,1
3017,0.2,1,1,0
3018,0.2,2,1,1
3019,0.2,1,1,0
3020,0.2,1,1,0
3021,0.2,0,1,1
3022,0.2,1,1,1
3023,0.2,2,1,0
3024,0.2,2,0,0
3025,0.2,3,1,0
3026,1.0,1,1,1
3027,0.2,2,1,0
3028,0.2,3,1,0
3029,0.2,1,1,1
3030,0.2,3,1,0
3031,0.2,1,1,1
3032,0.2,3,1,1
3033,0.2,0,1,1
3034,0.2,2,1,0
3035,0.2,1,1,0
3036,0.2,1,1,0
3037,0.2,1,1,0
3038,0.2,1,1,1
3039,0.2,2,1,0
3040,2.2,2,0,1
3041,1.0,1,1,1
3042,0.2,1,1,1
3043,0.2,1,0,0
3044,1.0,1,1,1
3045,0.2,0,1,1
3046,0.2,2,1,0
3047,0.2,1,1,1
3048,0.2,0,1,0
3049,0.2,1,1,0
3050,0.2,1,1,0
3051,0.2,1,1,1
3052,0.2,2,0,0
3053,0.2,1,1,0
3054,0.2,3,1,0
3055,0.2,2,1,0
3056,1.0,3,1,1
3057,1.0,0,1,1
3058,0.2,3,1,0
3059,0.2,2,1,0
3060,0.2,1,0,0
3061,0.2,2,1,0
3062,0.2,1,1,0
3063,0.2,2,1,0
3064,1.0,0,1,1
3065,1.0,0,1,0
3066,0.2,3,1,1
3067,0.2,3,1,0
3068,0.2,1,1,0
3069,1.0,2,0,1
3070,0.2,1,0,0
3071,0.2,2,1,0
3072,0.2,1,1,0
3073,0.2,0,1,0
3074,0.2,1,1,1
3075,0.2,1,1,1
3076,0.2,1,1,0
3077,0.2,1,1,0
3078,0.2,2,1,1
3079,0.2,3,1,0
3080,0.2,2,1,1
3081,1.0,0,0,0
3082,0.2,1,0,0
3083,0.2,2,1,0
3084,0.2,1,1,0
3085,0.2,1,1,1
3086,0.2,3,1,1
3087,0.2,2,1,0
3088,0.2,1,1,0
3089,0.2,1,0,0
3090,1.0,1,1,1
3091,0.2,2,1,0
3092,1.0,1,1,1
3093,0.2,2,1,0
3094,1.0,3,1,1
3095,0.2,1,1,0
3096,0.2,3,1,0
3097,0.2,1,1,0
3098,0.2,1,1,1
3099,0.2,0,1,1
3100,1.0,2,1,1
3101,0.2,2,1,0
3102,1.0,1,1,1
3103,0.2,1,1,0
3104,0.2,1,0,0
3105,0.2,1,1,1
3106,0.2,2,1,0
3107,0.2,1,1,1
3108,1.0,1,1,1
3109,1.0,0,1,1
3110,0.2,1,1,0
3111,0.2,2,1,0
3112,0.2,2,1,0
3113,0.2,1,1,1
3114,0.2,1,0,0
3115,1.0,3,1,0
3116,2.2,0,1,1
3117,0.2,1,1,0
3118,0.2,3,1,1
3119,1.0,1,1,1
3120,0.2,1,1,1
3121,0.2,1,1,1
3122,1.0,2,1,1
3123,0.2,0,1,0
3124,1.0,0,1,1
3125,0.2,3,1,0
3126,0.2,1,1,1
3127,0.2,1,1,1
3128,0.2,3,1,0
3129,1.0,1,1,1
3130,0.2,3,1,1
3131,0.2,2,1,0
3132,0.2,1,1,0
3133,0.2,2,1,1
3134,0.2,2,0,1
3135,1.0,2,1,1
3136,0.2,2,0,1
3137,1.0,1,0,1
3138,1.0,1,1,0
3139,1.0,1,1,1
3140,1.0,0,0,1
3141,0.2,2,1,1
3142,0.2,3,1,0
3143,2.2,1,1,1
3144,0.2,3,1,0
3145,0.2,3,0,0
3146,0.2,2,1,0
3147,0.2,1,1,0
3148,0.2,2,1,0
3149,2.2,2,1,1
3150,0.2,2,1,0
3151,1.0,0,1,1
3152,0.2,2,0,1
3153,0.2,1,1,0
3154,0.2,3,1,0
3155,0.2,1,1,1
3156,1.0,3,1,1
3157,1.0,0,1,1
3158,0.2,3,1,0
3159,2.2,2,1,1
3160,0.2,2,1,0
3161,0.2,1,1,0
3162,0.2,1,1,0
3163,0.2,2,1,0
3164,1.0,3,1,1
3165,0.2,2,1,0
3166,1.0,1,1,1
3167,0.2,0,1,0
3168,1.0,3,1,1
3169,2.2,1,1,1
3170,0.2,0,1,1
3171,0.2,1,1,1
3172,0.2,3,1,1
3173,0.2,2,0,1
3174,0.2,1,1,0
3175,0.2,2,1,0
3176,0.2,2,1,0
3177,0.2,3,1,0
3178,0.2,1,1,0
3179,0.2,0,1,1
3180,0.2,1,1,1
3181,0.2,3,1,0
3182,0.2,1,1,0
3183,0.2,3,0,0
3184,0.2,2,1,0
3185,0.2,2,1,0
3186,0.2,1,1,0
3187,2.2,2,1,1
3188,0.2,0,1,1
3189,0.2,1,1,1
3190,0.2,2,1,1
3191,1.0,1,1,1
3192,0.2,2,1,0
3193,1.0,2,1,0
3194,0.2,1,1,0
3195,1.0,2,0,1
3196,1.0,3,0,0
3197,0.2,1,1,1
3198,0.2,2,1,0
3199,0.2,3,1,0
3200,2.2,2,1,1
3201,0.2,1,0,1
3202,0.2,1,1,0
3203,1.0,2,1,0
3204,0.2,2,1,1
3205,0.2,1,0,1
3206,0.2,0,1,0
3207,0.2,3,1,0
3208,1.0,0,1,1
3209,1.0,2,1,1
3210,0.2,3,0,0
3211,1.0,0,1,1
3212,0.2,2,1,0
3213,1.0,0,0,1
3214,0.2,1,1,1
3215,0.2,1,1,1
3216,0.2,2,1,0
3217,1.0,1,1,1
3218,0.2,2,1,1
3219,1.0,2,1,1
3220,1.0,3,1,0
3221,0.2,2,1,0
3222,0.2,1,1,0
3223,0.2,2,1,0
3224,0.2,2,1,0
3225,1.0,1,1,0
3226,1.0,1,1,1
3227,0.2,3,0,0
3228,0.2,2,1,0
3229,0.2,1,1,0
3230,0.2,1,1,0
3231,1.0,2,1,1
3232,1.0,2,1,1
3233,1.0,2,1,1
3234,1.0,3,1,1
3235,0.2,3,0,0
3236,0.2,0,0,0
3237,1.0,0,0,1
3238,0.2,3,1,0
3239,0.2,2,1,0
3240,0.2,2,1,0
3241,0.2,1,1,0
3242,1.0,1,0,1
3243,1.0,2,1,0
3244,0.2,0,0,1
3245,1.0,1,1,1
3246,0.2,2,1,0
3247,0.2,1,0,0
3248,0.2,1,0,0
3249,0.2,1,1,0
3250,0.2,2,1,0
3251,0.2,2,1,1
3252,0.2,2,1,0
3253,0.2,1,1,0
3254,0.2,3,0,0
3255,0.2,1,1,1
3256,0.2,1,1,0
3257,0.2,2,1,0
3258,0.2,1,1,1
3259,1.0,1,1,1
3260,0.2,2,0,0
3261,0.2,1,1,1
3262,1.0,1,0,1
3263,0.2,3,1,0
3264,0.2,1,0,0
3265,0.2,2,1,1
3266,0.2,2,0,1
3267,1.0,1,0,1
3268,1.0,2,1,1
3269,0.2,1,0,0
3270,0.2,1,1,1
3271,0.2,2,1,0
3272,0.2,1,1,1
3273,0.2,2,1,0
3274,2.2,2,1,1
3275,0.2,2,0,1
3276,0.2,1,0,1
3277,0.2,1,1,1
3278,0.2,3,1,1
3279,1.0,2,1,1
3280,0.2,1,1,1
3281,2.2,2,1,1
3282,0.2,2,1,0
3283,0.2,1,1,0
3284,2.2,0,0,1
3285,0.2,2,1,0
3286,1.0,2,1,1
3287,1.0,2,1,1
3288,0.2,2,1,1
3289,0.2,2,1,0
3290,0.2,2,1,0
3291,0.2,0,0,1
3292,0.2,0,1,1
3293,1.0,1,1,0
3294,0.2,2,1,1
3295,1.0,2,1,1
3296,0.2,0,0,0
3297,1.0,2,1,1
3298,1.0,1,1,1
3299,0.2,2,1,0
3300,1.0,2,1,1
3301,0.2,2,1,0
3302,0.2,2,1,0
3303,0.2,1,0,1
3304,0.2,1,1,0
3305,0.2,2,1,1
3306,0.2,1,1,1
3307,0.2,1,0,0
3308,0.2,2,0,1
3309,0.2,2,1,1
3310,0.2,0,1,0
3311,0.2,2,1,0
3312,0.2,3,1,1
3313,0.2,2,1,0
3314,1.0,2,1,0
3315,0.2,2,1,0
3316,0.2,0,1,0
3317,0.2,1,1,0
3318,1.0,2,1,0
3319,0.2,3,1,0
3320,0.2,2,0,0
3321,0.2,0,1,1
3322,0.2,1,1,0
3323,0.2,0,1,0
3324,3.0,3,1,1
3325,0.2,1,1,1
3326,1.0,2,1,1
3327,0.2,1,1,0
3328,0.2,1,0,1
3329,0.2,2,1,1
3330,1.0,1,1,1
3331,0.2,1,1,1
3332,0.2,1,0,1
3333,0.2,1,1,0
3334,0.2,0,1,1
3335,0.2,2,1,1
3336,0.2,1,1,1
3337,0.2,3,0,0
3338,0.2,2,1,0
3339,0.2,2,1,0
3340,0.2,1,1,1
3341,0.2,1,1,0
3342,0.2,1,1,0
3343,0.2,0,1,1
3344,0.2,2,1,1
3345,0.2,1,1,1
3346,0.2,3,1,0
3347,0.2,2,1,0
3348,0.2,3,1,0
3349,0.2,1,1,0
3350,0.2,1,1,0
3351,0.2,0,1,1
3352,0.2,1,1,1
3353,0.2,2,1,0
3354,0.2,1,1,0
3355,1.0,2,1,1
3356,0.2,0,1,0
3357,0.2,2,0,0
3358,0.2,0,1,0
3359,1.0,1,1,1
3360,2.2,1,1,1
3361,0.2,1,1,0
3362,1.0,0,1,1
3363,1.0,2,1,1
3364,0.2,3,1,1
3365,0.2,2,1,1
3366,0.2,2,1,0
3367,0.2,3,1,0
3368,0.2,2,1,0
3369,0.2,2,0,0
3370,0.2,1,1,1
3371,0.2,3,1,0
3372,0.2,2,1,0
3373,0.2,3,1,1
3374,0.2,3,0,1
3375,1.0,3,1,1
3376,1.0,3,0,0
3377,0.2,1,1,0
3378,0.2,2,1,0
3379,0.2,1,0,0
3380,0.2,3,0,0
3381,0.2,0,1,1
3382,0.2,0,1,1
3383,0.2,0,1,0
3384,0.2,1,0,0
3385,0.2,0,1,0
3386,0.2,1,1,1
3387,0.2,1,0,1
3388,0.2,2,1,0
3389,0.2,2,0,1
3390,1.0,2,1,1
3391,0.2,1,1,0
3392,1.0,0,1,1
3393,1.0,2,1,1
3394,1.0,1,1,0
3395,1.0,0,1,1
3396,0.2,1,1,0
3397,0.2,2,1,0
3398,0.2,3,1,1
3399,0.2,3,1,0
3400,0.2,3,1,1
3401,1.0,2,1,1
3402,1.0,2,1,1
3403,0.2,3,1,1
3404,1.0,3,0,0
3405,0.2,1,1,0
3406,0.2,2,1,1
3407,0.2,1,1,0
3408,0.2,2,1,0
3409,0.2,2,1,0
3410,0.2,3,1,0
3411,1.0,0,1,1
3412,1.0,0,1,1
3413,0.2,1,1,0
3414,0.2,1,1,0
3415,0.2,3,1,0
3416,1.0,1,1,1
3417,0.2,3,1,0
3418,0.2,1,1,0
3419,0.2,2,1,0
3420,1.0,0,1,0
3421,0.2,2,1,0
3422,0.2,0,0,1
3423,0.2,2,1,0
3424,0.2,2,1,0
3425,1.0,0,1,1
3426,0.2,1,1,1
3427,0.2,1,1,0
3428,0.2,1,1,1
3429,0.2,2,1,0
3430,0.2,2,1,0
3431,1.0,2,1,0
3432,0.2,1,0,0
3433,0.2,3,1,0
3434,0.2,2,0,0
3435,1.0,1,0,1
3436,0.2,2,1,0
3437,2.2,1,1,1
3438,1.0,1,1,1
3439,0.2,2,1,0
3440,0.2,1,1,1
3441,1.0,2,1,1
3442,0.2,1,1,0
3443,2.2,3,0,1
3444,0.2,2,1,0
3445,0.2,0,1,0
3446,0.2,1,1,0
3447,0.2,0,1,0
3448,0.2,2,1,1
3449,1.0,2,1,0
3450,1.0,3,1,0
3451,0.2,2,1,1
3452,0.2,1,0,0
3453,0.2,2,1,0
3454,1.0,1,1,1
3455,0.2,2,1,0
3456,0.2,3,1,1
3457,0.2,0,1,1
3458,0.2,2,1,1
3459,0.2,2,1,0
3460,0.2,3,1,0
3461,1.0,2,1,1
3462,0.2,2,1,0
3463,0.2,2,0,1
3464,0.2,1,1,0
3465,1.0,2,1,1
3466,0.2,1,1,1
3467,0.2,2,1,0
3468,1.0,0,1,1
3469,1.0,2,1,0
3470,0.2,1,1,0
3471,0.2,2,1,1
3472,0.2,1,1,1
3473,0.2,3,1,1
3474,0.2,1,1,1
3475,0.2,3,0,0
3476,1.0,1,1,1
3477,0.2,1,1,0
3478,0.2,1,1,0
3479,0.2,2,0,0
3480,0.2,1,0,0
3481,0.2,3,0,0
3482,2.2,3,1,1
3483,1.0,0,1,1
3484,0.2,2,1,1
3485,0.2,1,1,0
3486,0.2,3,1,0
3487,0.2,1,1,1
3488,1.0,0,1,1
3489,0.2,3,0,1
3490,0.2,3,1,1
3491,0.2,1,1,1
3492,0.2,2,1,0
3493,0.2,1,1,0
3494,0.2,1,1,0
3495,0.2,3,1,0
3496,0.2,1,1,1
3497,0.2,1,1,1
3498,0.2,2,0,1
3499,0.2,2,0,0
3500,0.2,1,1,0
3501,0.2,2,1,0
3502,0.2,2,1,0
3503,0.2,2,1,1
3504,0.2,1,1,0
3505,0.2,1,1,0
3506,0.2,0,1,0
3507,1.0,1,1,0
3508,0.2,0,1,0
3509,0.2,1,1,1
3510,1.0,2,1,1
3511,0.2,3,1,0
3512,0.2,0,1,1
3513,0.2,0,1,1
3514,0.2,2,0,0
3515,0.2,2,0,0
3516,0.2,0,1,0
3517,0.2,3,1,1
3518,0.2,2,1,1
3519,0.2,1,0,1
3520,0.2,1,1,0
3521,0.2,1,0,1
3522,0.2,3,1,0
3523,0.2,1,1,0
3524,0.2,2,1,0
3525,0.2,0,1,1
3526,0.2,1,1,0
3527,1.0,1,1,1
3528,0.2,0,1,1
3529,0.2,3,1,0
3530,1.0,3,1,1
3531,0.2,2,0,0
3532,0.2,1,1,0
3533,0.2,1,1,0
3534,0.2,0,1,0
3535,0.2,1,1,0
3536,0.2,1,1,0
3537,1.0,1,1,1
3538,0.2,1,0,0
3539,0.2,1,1,1
3540,1.0,3,1,0
3541,0.2,2,1,0
3542,0.2,1,1,0
3543,1.0,2,1,1
3544,0.2,1,1,1
3545,0.2,1,1,1
3546,1.0,3,1,0
3547,1.0,2,0,0
3548,0.2,2,1,0
3549,0.2,3,1,0
3550,0.2,2,1,0
3551,0.2,2,1,0
3552,0.2,1,1,1
3553,0.2,3,1,0
3554,1.0,1,1,1
3555,1.0,1,1,1
3556,0.2,1,0,1
3557,1.0,3,0,1
3558,1.0,1,1,0
3559,0.2,3,1,1
3560,0.2,1,1,0
3561,0.2,2,1,0
3562,0.2,1,1,0
3563,0.2,1,1,0
3564,0.2,2,1,0
3565,0.2,1,0,0
3566,0.2,2,1,0
3567,1.0,0,1,1
3568,1.0,0,1,1
3569,1.0,1,1,1
3570,0.2,1,1,0
3571,0.2,2,1,1
3572,0.2,1,0,1
3573,0.2,1,1,1
3574,1.0,1,1,0
3575,0.2,1,1,0
3576,0.2,2,1,1
3577,0.2,2,1,0
3578,0.2,3,1,1
3579,0.2,1,1,0
3580,0.2,1,1,0
3581,0.2,1,1,1
3582,0.2,2,1,0
3583,1.0,1,1,0
3584,1.0,2,1,0
3585,0.2,3,1,0
3586,0.2,1,1,0
3587,0.2,1,1,0
3588,0.2,3,1,0
3589,0.2,3,1,0
3590,0.2,1,1,0
3591,0.2,1,1,0
3592,0.2,1,0,0
3593,0.2,1,1,1
3594,0.2,2,1,0
3595,0.2,1,1,1
3596,1.0,2,1,1
3597,0.2,0,1,1
3598,0.2,1,1,0
3599,1.0,1,0,1
3600,2.2,2,1,1
3601,0.2,3,1,0
3602,0.2,2,1,0
3603,0.2,1,1,0
3604,2.2,0,1,1
3605,0.2,1,1,0
3606,0.2,0,1,0
3607,0.2,1,1,1
3608,1.0,2,0,1
3609,3.0,2,1,1
3610,0.2,2,1,0
3611,0.2,1,1,0
3612,0.2,3,1,0
3613,1.0,3,0,1
3614,0.2,1,1,0
3615,0.2,2,1,0
3616,1.0,1,1,1
3617,0.2,1,1,0
3618,0.2,1,1,0
3619,0.2,0,1,0
3620,3.4000000000000004,0,1,1
3621,0.2,2,1,0
3622,1.0,3,1,0
3623,1.0,1,1,1
3624,0.2,2,1,1
3625,0.2,0,1,1
3626,0.2,1,1,0
3627,0.2,3,1,1
3628,0.2,2,1,0
3629,1.0,2,1,1
3630,0.2,1,1,0
3631,2.2,1,1,1
3632,0.2,2,1,0
3633,0.2,3,0,0
3634,0.2,2,0,0
3635,1.0,3,0,1
3636,1.0,1,1,1
3637,0.2,2,1,0
3638,0.2,1,1,0
3639,0.2,2,1,0
3640,0.2,2,1,0
3641,0.2,0,1,0
3642,1.0,3,0,0
3643,0.2,2,1,1
3644,1.0,0,1,1
3645,1.0,1,1,1
3646,0.2,2,0,1
3647,2.2,1,0,1
3648,0.2,2,1,1
3649,0.2,1,1,1
3650,0.2,1,1,1
3651,0.2,2,0,0
3652,0.2,2,0,0
3653,0.2,1,1,1
3654,0.2,1,1,0
3655,0.2,3,1,0
3656,1.0,3,1,1
3657,0.2,1,1,1
3658,0.2,1,1,0
3659,0.2,0,0,1
3660,0.2,2,1,1
3661,0.2,1,1,1
3662,1.0,2,1,1
3663,1.0,1,1,1
3664,0.2,0,1,1
3665,1.0,2,1,0
3666,0.2,3,1,0
3667,0.2,3,1,0
3668,0.2,2,1,0
3669,0.2,3,0,0
3670,0.2,2,1,1
3671,0.2,3,1,0
3672,1.0,2,0,0
3673,0.2,1,1,0
3674,0.2,2,1,0
3675,0.2,2,1,0
3676,0.2,1,1,0
3677,0.2,1,1,0
3678,0.2,1,1,1
3679,0.2,2,1,0
3680,0.2,2,1,0
3681,0.2,2,1,0
3682,0.2,1,1,0
3683,0.2,0,1,1
3684,1.0,1,1,1
3685,0.2,2,1,0
3686,1.0,2,1,0
3687,0.2,1,1,0
3688,0.2,1,1,1
3689,0.2,2,1,1
3690,0.2,2,1,1
3691,0.2,1,1,0
3692,0.2,0,1,0
3693,2.2,2,1,1
3694,1.0,1,1,1
3695,0.2,2,1,1
3696,0.2,2,1,0
3697,0.2,2,1,0
3698,0.2,1,1,1
3699,0.2,1,1,1
3700,0.2,2,1,0
3701,0.2,2,1,0
3702,0.2,0,1,1
3703,0.2,1,1,1
3704,0.2,1,1,0
3705,0.2,1,1,0
3706,0.2,1,0,1
3707,1.0,1,1,1
3708,0.2,1,1,1
3709,1.0,1,1,1
3710,0.2,2,1,0
3711,0.2,3,1,0
3712,1.4,0,1,0
3713,1.0,1,1,1
3714,0.2,3,0,0
3715,0.2,2,1,0
3716,0.2,1,1,1
3717,0.2,1,1,1
3718,1.0,1,1,1
3719,0.2,2,1,1
3720,0.2,1,1,1
3721,0.2,3,1,0
3722,0.2,1,1,0
3723,0.2,1,1,1
3724,0.2,3,0,0
3725,2.2,1,1,1
3726,0.2,2,1,0
3727,0.2,2,0,0
3728,0.2,2,1,0
3729,1.0,2,0,1
3730,0.2,1,1,1
3731,0.2,2,1,0
3732,0.2,1,1,1
3733,0.2,1,1,0
3734,0.2,1,1,0
3735,1.0,1,0,1
3736,0.2,1,1,0
3737,1.0,1,1,1
3738,1.0,3,0,1
3739,0.2,0,1,0
3740,0.2,1,1,0
3741,0.2,2,1,0
3742,0.2,1,1,1
3743,1.0,1,1,1
3744,0.2,2,0,1
3745,0.2,1,1,1
3746,0.2,1,1,0
3747,0.2,1,1,1
3748,0.2,1,1,0
3749,0.2,3,1,0
3750,1.0,1,1,1
3751,0.2,1,1,0
3752,0.2,2,0,0
3753,0.2,1,1,0
3754,1.0,2,1,0
3755,0.2,0,0,1
3756,0.2,2,1,1
3757,0.2,1,1,0
3758,0.2,1,1,0
3759,1.0,1,0,1
3760,0.2,1,1,1
3761,0.2,2,1,0
3762,0.2,1,1,0
3763,0.2,2,1,0
3764,0.2,1,1,0
3765,0.2,2,1,0
3766,0.2,2,1,0
3767,0.2,1,0,0
3768,0.2,3,1,0
3769,2.2,0,1,1
3770,0.2,2,1,1
3771,0.2,2,1,1
3772,0.2,2,1,1
3773,1.0,2,1,0
3774,0.2,2,1,0
3775,0.2,1,0,0
3776,0.2,0,1,1
3777,0.2,1,1,1
3778,0.2,1,1,0
3779,0.2,1,1,1
3780,1.0,1,0,1
3781,0.2,1,1,0
3782,1.0,3,1,1
3783,0.2,2,0,0
3784,1.0,2,1,1
3785,1.0,3,1,1
3786,0.2,2,1,0
3787,0.2,1,1,0
3788,0.2,2,1,0
3789,0.2,3,1,0
3790,0.2,2,1,0
3791,0.2,0,1,1
3792,0.2,1,1,1
3793,1.0,1,1,1
3794,1.0,2,0,1
3795,0.2,1,1,0
3796,0.2,0,1,1
3797,0.2,1,1,0
3798,0.2,1,1,0
3799,0.2,1,0,0
3800,1.0,2,1,0
3801,0.2,1,1,1
3802,0.2,2,1,0
3803,2.2,0,0,1
3804,0.2,1,1,0
3805,1.0,2,1,1
3806,0.2,3,1,0
3807,0.2,1,1,0
3808,0.2,3,0,0
3809,0.2,1,1,0
3810,0.2,1,1,1
3811,0.2,1,1,0
3812,0.2,2,1,1
3813,0.2,2,1,0
3814,0.2,1,1,1
3815,0.2,1,0,1
3816,0.2,2,1,1
3817,0.2,2,1,1
3818,0.2,2,0,1
3819,1.0,2,1,1
3820,0.2,1,1,1
3821,0.2,2,1,1
3822,1.0,2,1,1
3823,1.0,2,1,1
3824,0.2,3,1,0
3825,0.2,1,0,1
3826,0.2,3,1,0
3827,0.2,2,0,0
3828,0.2,3,1,0
3829,0.2,1,1,0
3830,0.2,0,1,1
3831,0.2,1,0,0
3832,0.2,1,1,0
3833,1.0,1,1,1
3834,1.0,3,1,0
3835,0.2,2,1,0
3836,1.0,1,1,1
3837,0.2,2,1,0
3838,1.0,2,0,0
3839,0.2,2,1,0
3840,0.2,1,1,0
3841,0.2,2,1,1
3842,0.2,2,1,1
3843,0.2,2,1,0
3844,1.0,1,1,1
3845,0.2,2,1,0
3846,0.2,1,1,0
3847,2.2,1,0,1
3848,0.2,1,1,0
3849,0.2,1,1,1
3850,0.2,0,1,1
3851,0.2,1,1,0
3852,0.2,2,0,0
3853,0.2,1,1,1
3854,0.2,1,0,1
3855,0.2,0,1,1
3856,0.2,3,1,0
3857,1.0,2,1,1
3858,1.0,1,1,1
3859,0.2,1,0,0
3860,0.2,1,1,1
3861,0.2,2,0,1
3862,0.2,3,1,1
3863,0.2,1,1,0
3864,0.2,2,1,0
3865,0.2,0,1,1
3866,0.2,1,1,0
3867,0.2,1,1,0
3868,1.0,2,1,1
3869,0.2,2,1,0
3870,0.2,2,1,0
3871,0.2,1,1,0
3872,0.2,0,1,1
3873,0.2,3,0,0
3874,0.2,2,1,1
3875,0.2,1,1,1
3876,0.2,2,1,0
3877,0.2,1,1,0
3878,0.2,2,0,0
3879,0.2,2,1,0
3880,2.5999999999999996,2,0,0
3881,0.2,0,0,1
3882,1.0,2,1,1
3883,0.2,2,1,0
3884,0.2,2,1,0
3885,0.2,3,1,0
3886,0.2,0,1,1
3887,0.2,3,1,0
3888,0.2,1,1,1
3889,0.2,1,1,1
3890,1.0,1,0,1
3891,0.2,1,1,0
3892,1.0,1,1,1
3893,0.2,0,1,1
3894,1.0,1,0,1
3895,0.2,0,0,1
3896,0.2,0,1,1
3897,1.0,3,1,1
3898,1.0,1,1,1
3899,0.2,1,1,0
3900,0.2,1,1,0
3901,0.2,2,1,0
3902,0.2,2,1,1
3903,1.0,1,1,1
3904,0.2,3,0,0
3905,0.2,0,0,0
3906,0.2,2,1,0
3907,0.2,2,0,0
3908,0.2,2,1,1
3909,1.0,0,1,1
3910,0.2,2,0,0
3911,1.0,2,1,1
3912,1.0,2,1,0
3913,2.2,3,0,1
3914,2.2,3,1,1
3915,0.2,0,0,0
3916,0.2,2,1,0
3917,0.2,1,1,1
3918,0.2,2,0,0
3919,1.0,1,0,1
3920,0.2,0,0,0
3921,0.2,2,1,1
3922,0.2,0,0,0
3923,0.2,2,1,0
3924,0.2,1,1,1
3925,1.0,2,1,1
3926,0.2,1,1,0
3927,0.2,2,0,0
3928,1.0,2,1,1
3929,0.2,3,1,0
3930,0.2,3,1,0
3931,0.2,1,1,0
3932,0.2,0,1,1
3933,0.2,2,1,0
3934,0.2,1,0,1
3935,0.2,1,1,1
3936,1.0,2,1,0
3937,1.0,1,1,1
3938,0.2,1,1,0
3939,1.0,1,1,1
3940,0.2,1,0,1
3941,0.2,3,1,0
3942,0.2,1,0,0
3943,0.2,3,1,1
3944,1.0,0,0,1
3945,0.2,2,1,1
3946,0.2,1,1,0
3947,0.2,2,0,0
3948,0.2,1,1,1
3949,0.2,3,1,0
3950,0.2,1,1,1
3951,0.2,1,1,0
3952,0.2,0,1,0
3953,0.2,1,0,1
3954,0.2,2,1,0
3955,0.2,2,1,0
3956,0.2,2,0,0
3957,0.2,2,1,0
3958,0.2,1,1,0
3959,0.2,2,0,0
3960,1.0,2,1,1
3961,0.2,0,0,1
3962,1.0,3,0,1
3963,2.2,1,1,1
3964,0.2,2,1,0
3965,0.2,1,1,0
3966,0.2,1,1,0
3967,0.2,2,1,1
3968,0.2,1,1,1
3969,0.2,1,1,0
3970,0.2,2,1,0
3971,0.2,1,1,0
3972,0.2,0,1,0
3973,1.0,3,1,1
3974,0.2,2,1,0
3975,0.2,0,1,0
3976,2.2,2,1,1
3977,2.2,0,1,1
3978,0.2,0,1,1
3979,0.2,1,1,0
3980,1.0,1,1,1
3981,1.0,2,1,1
3982,1.0,1,0,1
3983,1.0,2,0,1
3984,0.2,0,1,0
3985,0.2,2,1,1
3986,0.2,3,1,0
3987,0.2,0,1,0
3988,0.2,1,1,0
3989,0.2,0,1,0
3990,0.2,2,1,0
3991,0.2,0,1,1
3992,0.2,1,1,0
3993,0.2,0,1,0
3994,0.2,2,1,1
3995,0.2,2,0,0
3996,0.2,1,1,0
3997,0.2,2,1,1
3998,0.2,0,1,0
3999,0.2,2,1,0
4000,0.2,0,1,0
4001,0.2,1,1,0
4002,0.2,1,1,1
4003,1.0,0,1,1
4004,0.2,2,1,0
4005,0.2,2,1,0
4006,0.2,2,0,1
4007,1.0,1,0,1
4008,0.2,1,1,0
4009,0.2,0,1,1
4010,1.0,2,1,0
4011,1.0,3,1,0
4012,0.2,3,1,1
4013,1.0,2,1,0
4014,0.2,1,0,0
4015,0.2,0,1,1
4016,0.2,2,1,0
4017,0.2,1,1,0
4018,0.2,2,1,0
4019,1.0,2,0,1
4020,0.2,1,1,0
4021,0.2,2,1,0
4022,0.2,2,1,1
4023,0.2,0,1,1
4024,2.2,2,1,1
4025,1.0,0,1,1
4026,1.0,1,1,0
4027,0.2,1,1,0
4028,1.0,1,1,1
4029,2.2,2,1,1
4030,1.0,1,1,1
4031,0.2,2,1,0
4032,0.2,1,1,0
4033,1.0,1,1,1
4034,0.2,2,0,0
4035,0.2,2,1,0
4036,0.2,3,1,0
4037,0.2,2,1,0
4038,1.0,1,1,1
4039,0.2,0,1,1
4040,1.0,0,1,1
4041,1.0,3,1,0
4042,0.2,3,1,0
4043,2.2,1,1,1
4044,1.0,0,1,1
4045,0.2,1,1,1
4046,0.2,1,1,0
4047,0.2,0,1,1
4048,0.2,1,0,1
4049,0.2,1,1,0
4050,0.2,1,1,1
4051,0.2,1,1,1
4052,0.2,2,1,1
4053,0.2,2,1,0
4054,0.2,2,1,0
4055,0.2,2,1,1
4056,0.2,0,0,1
4057,0.2,2,1,0
4058,0.2,0,1,0
4059,0.2,2,1,1
4060,1.0,2,1,1
4061,1.0,2,1,1
4062,0.2,2,0,1
4063,0.2,2,1,0
4064,0.2,2,1,0
4065,0.2,2,1,0
4066,0.2,1,1,0
4067,0.2,2,1,1
4068,0.2,1,0,0
4069,0.2,1,1,0
4070,1.0,3,0,1
4071,2.2,1,1,1
4072,2.2,1,1,1
4073,0.2,2,1,0
4074,0.2,2,1,0
4075,0.2,2,1,0
4076,0.2,0,1,0
4077,0.2,1,0,1
4078,0.2,1,1,0
4079,0.2,2,1,1
4080,1.0,2,1,1
4081,0.2,0,0,0
4082,0.2,2,1,0
4083,0.2,3,0,0
4084,0.2,0,1,0
4085,0.2,1,1,1
4086,0.2,1,0,0
4087,1.0,1,1,0
4088,0.2,3,1,0
4089,1.0,2,1,0
4090,0.2,0,1,1
4091,0.2,2,1,0
4092,0.2,1,1,0
4093,0.2,1,1,1
4094,0.2,1,1,0
4095,0.2,2,1,1
4096,1.0,0,1,1
4097,0.2,2,1,0
4098,0.2,1,1,0
4099,0.2,2,1,0
4100,0.2,2,1,1
4101,1.0,1,1,1
4102,0.2,3,1,0
4103,0.2,1,0,1
4104,0.2,2,1,0
4105,0.2,1,0,0
4106,0.2,2,1,0
4107,0.2,1,1,1
4108,0.2,0,1,0
4109,0.2,0,0,1
4110,0.2,0,0,1
4111,0.2,0,1,1
4112,1.0,1,0,0
4113,0.2,3,1,0
4114,1.0,1,1,1
4115,0.2,2,1,0
4116,1.0,1,1,0
4117,0.2,2,1,0
4118,0.2,3,1,0
4119,1.0,1,1,1
4120,0.2,2,0,0
4121,1.0,2,1,0
4122,0.2,2,1,0
4123,0.2,2,1,1
4124,0.2,2,1,0
4125,1.0,2,1,1
4126,0.2,0,1,0
4127,0.2,3,1,1
4128,0.2,1,1,0
4129,0.2,2,1,0
4130,0.2,1,0,0
4131,0.2,2,1,0
4132,0.2,0,0,1
4133,1.0,2,0,1
4134,0.2,1,1,0
4135,0.2,1,1,0
4136,1.0,2,1,1
4137,0.2,2,1,1
4138,0.2,1,1,0
4139,0.2,2,1,0
4140,0.2,1,1,0
4141,1.0,1,1,1
4142,0.2,0,0,0
4143,0.2,1,1,1
4144,0.2,2,1,0
4145,0.2,1,1,0
4146,0.2,0,1,0
4147,1.0,2,1,1
4148,0.2,1,1,1
4149,0.2,1,1,1
4150,0.2,2,0,0
4151,0.2,3,0,0
4152,0.2,1,1,1
4153,0.2,3,1,0
4154,1.0,3,0,1
4155,0.2,3,1,0
4156,0.2,0,0,1
4157,1.0,2,1,0
4158,0.2,3,1,0
4159,0.2,0,1,1
4160,0.2,0,1,1
4161,0.2,1,1,0
4162,1.0,1,0,1
4163,1.0,1,1,1
4164,0.2,3,1,0
4165,0.2,1,1,0
4166,1.0,2,1,1
4167,0.2,2,0,0
4168,0.2,0,1,1
4169,0.2,0,1,1
4170,0.2,1,1,0
4171,1.0,0,0,1
4172,0.2,1,1,0
4173,0.2,3,1,0
4174,0.2,1,1,0
4175,1.0,0,1,1
4176,0.2,1,1,0
4177,0.2,2,1,1
4178,0.2,3,0,0
4179,0.2,1,1,1
4180,0.2,2,1,0
4181,0.2,1,1,0
4182,1.0,2,1,1
4183,0.2,1,1,0
4184,1.0,2,1,1
4185,0.2,1,1,0
4186,0.2,3,1,0
4187,1.0,1,1,1
4188,0.2,1,1,1
4189,0.2,3,0,0
4190,0.2,2,1,1
4191,0.2,2,1,0
4192,1.0,2,0,0
4193,0.2,3,0,0
4194,0.2,3,1,0
4195,0.2,1,1,1
4196,0.2,0,1,0
4197,0.2,0,1,1
4198,0.2,1,1,1
4199,0.2,3,1,0
4200,1.0,1,1,1
4201,0.2,2,1,0
4202,0.2,2,1,0
4203,0.2,2,1,0
4204,0.2,1,1,0
4205,0.2,1,1,1
4206,1.0,1,0,1
4207,0.2,1,1,0
4208,1.0,1,1,1
4209,1.0,1,1,1
4210,0.2,1,1,1
4211,0.2,1,0,0
4212,1.0,1,1,1
4213,0.2,1,1,1
4214,0.2,2,1,0
4215,0.2,2,1,0
4216,0.2,0,1,0
4217,0.2,3,1,0
4218,0.2,2,1,1
4219,2.2,2,1,1
4220,0.2,3,0,0
4221,0.2,0,1,1
4222,0.2,1,1,0
4223,1.0,1,1,0
4224,1.0,1,1,0
4225,0.2,1,1,1
4226,0.2,3,1,0
4227,0.2,1,1,0
4228,0.2,2,0,1
4229,1.0,0,1,1
4230,0.2,1,1,0
4231,0.2,1,1,0
4232,0.2,2,1,0
4233,1.0,1,1,1
4234,0.2,3,1,0
4235,0.2,1,1,0
4236,0.2,1,1,0
4237,0.2,1,1,0
4238,0.2,1,1,1
4239,0.2,1,1,0
4240,1.0,3,1,0
4241,0.2,2,1,1
4242,0.2,2,1,1
4243,0.2,2,1,1
4244,0.2,0,1,0
4245,0.2,0,0,1
4246,1.0,3,1,1
4247,0.2,2,1,0
4248,0.2,2,1,1
4249,0.2,2,1,0
4250,0.2,2,1,0
4251,0.2,2,1,1
4252,0.2,2,1,0
4253,1.0,2,0,0
4254,1.0,1,1,0
4255,0.2,3,1,0
4256,1.0,3,1,1
4257,1.0,1,1,0
4258,0.2,2,1,0
4259,0.2,1,0,0
4260,0.2,3,1,1
4261,1.0,1,0,1
4262,0.2,0,1,0
4263,0.2,0,1,0
4264,0.2,2,0,1
4265,0.2,2,1,1
4266,0.2,1,1,1
4267,1.0,2,1,1
4268,0.2,2,1,0
4269,0.2,1,0,1
4270,0.2,1,1,1
4271,0.2,1,1,1
4272,0.2,3,1,0
4273,0.2,1,1,0
4274,1.0,1,1,0
4275,0.2,2,1,1
4276,0.2,3,1,0
4277,0.2,1,1,0
4278,0.2,1,1,0
4279,0.2,0,0,0
4280,1.0,1,1,1
4281,0.2,2,0,0
4282,0.2,0,1,0
4283,1.0,1,1,0
4284,0.2,2,0,1
4285,0.2,2,1,1
4286,1.0,1,1,1
4287,0.2,0,1,0
4288,0.2,1,0,1
4289,0.2,1,0,0
4290,0.2,1,0,1
4291,1.0,2,1,0
4292,1.0,2,0,0
4293,1.0,2,1,1
4294,0.2,3,1,1
4295,0.2,3,1,0
4296,0.2,0,1,1
4297,1.0,0,0,1
4298,0.2,1,0,1
4299,0.2,1,1,1
4300,0.2,2,1,1
4301,0.2,2,1,0
4302,0.2,0,0,0
4303,0.2,1,1,1
4304,1.0,1,1,1
4305,0.2,3,1,0
4306,0.2,1,1,1
4307,0.2,1,1,0
4308,0.2,2,1,0
4309,0.2,0,1,0
4310,0.2,1,1,1
4311,0.2,3,1,0
4312,0.2,3,1,0
4313,1.0,1,1,1
4314,0.2,1,1,0
4315,0.2,2,1,0
4316,0.2,3,1,1
4317,0.2,0,1,0
4318,0.2,0,1,1
4319,2.2,1,1,1
4320,0.2,2,1,1
4321,0.2,0,1,1
4322,0.2,1,1,1
4323,0.2,2,1,0
4324,0.2,3,0,0
4325,0.2,0,1,0
4326,0.2,2,1,0
4327,0.2,2,1,0
4328,0.2,1,1,1
4329,1.0,2,1,1
4330,0.2,3,1,0
4331,0.2,3,1,0
4332,0.2,2,0,0
4333,0.2,1,1,1
4334,0.2,2,1,0
4335,0.2,1,1,0
4336,1.0,2,0,1
4337,0.2,2,1,1
4338,0.2,1,1,0
4339,0.2,2,1,0
4340,0.2,1,0,1
4341,1.0,2,0,1
4342,0.2,1,1,0
4343,0.2,1,0,1
4344,0.2,1,1,1
4345,0.2,1,1,0
4346,0.2,0,1,1
4347,1.0,0,0,1
4348,1.0,2,1,1
4349,1.0,2,1,0
4350,0.2,2,1,0
4351,1.0,2,1,0
4352,0.2,2,1,0
4353,0.2,2,1,0
4354,0.2,2,1,1
4355,0.2,2,1,0
4356,1.0,1,1,1
4357,0.2,2,1,0
4358,0.2,2,1,0
4359,0.2,0,1,1
4360,0.2,1,1,0
4361,0.2,3,1,0
4362,0.2,0,1,0
4363,0.2,3,1,0
4364,1.0,1,1,1
4365,0.2,0,0,1
4366,0.2,2,0,1
4367,0.2,1,1,1
4368,1.0,1,1,1
4369,0.2,1,1,0
4370,1.0,2,1,1
4371,0.2,2,1,0
4372,0.2,1,1,0
4373,0.2,2,1,1
4374,0.2,1,1,0
4375,0.2,2,1,0
4376,0.2,0,1,1
4377,0.2,2,1,0
4378,0.2,1,1,1
4379,0.2,0,1,0
4380,0.2,3,0,0
4381,0.2,0,1,1
4382,0.2,1,1,0
4383,0.2,3,1,0
4384,1.0,1,0,0
4385,0.2,1,1,1
4386,0.2,3,1,0
4387,0.2,1,1,0
4388,0.2,0,1,0
4389,1.0,0,1,1
4390,1.0,2,1,1
4391,2.2,2,0,1
4392,0.2,3,0,0
4393,0.2,3,0,1
4394,0.2,3,1,0
4395,0.2,3,1,1
4396,0.2,3,1,0
4397,1.0,1,1,1
4398,0.2,3,1,1
4399,0.2,1,1,1
4400,0.2,0,1,1
4401,1.0,2,1,1
4402,0.2,1,1,0
4403,0.2,1,1,0
4404,1.0,2,0,1
4405,0.2,1,1,1
4406,0.2,2,1,0
4407,0.2,2,1,1
4408,0.2,1,0,0
4409,0.2,1,1,0
4410,1.0,1,1,0
4411,0.2,2,1,1
4412,0.2,0,0,0
4413,0.2,1,1,1
4414,0.2,3,1,0
4415,0.2,1,1,1
4416,0.2,2,1,0
4417,0.2,1,1,0
4418,0.2,3,1,0
4419,0.2,2,1,1
4420,2.2,2,1,1
4421,0.2,1,1,0
4422,0.2,1,1,1
4423,0.2,1,1,1
4424,0.2,2,1,0
4425,0.2,2,0,0
4426,0.2,1,0,0
4427,1.0,3,1,1
4428,0.2,2,1,0
4429,0.2,2,1,1
4430,0.2,2,1,0
4431,0.2,0,1,1
4432,0.2,1,1,0
4433,0.2,2,1,1
4434,0.2,2,1,0
4435,0.2,1,1,0
4436,1.0,2,1,0
4437,0.2,2,1,0
4438,0.2,1,1,0
4439,0.2,3,1,1
4440,1.0,0,1,1
4441,0.2,1,1,1
4442,0.2,0,1,1
4443,1.0,3,1,1
4444,0.2,2,1,0
4445,0.2,2,1,1
4446,0.2,1,0,1
4447,1.0,2,1,0
4448,0.2,1,1,0
4449,0.2,0,1,1
4450,1.0,2,0,1
4451,0.2,1,1,1
4452,0.2,1,1,0
4453,1.0,1,1,0
4454,0.2,1,1,0
4455,0.2,1,1,0
4456,0.2,2,1,1
4457,1.0,2,1,1
4458,0.2,2,1,0
4459,1.0,1,1,1
4460,0.2,2,1,1
4461,0.2,0,1,0
4462,0.2,1,1,1
4463,0.2,0,1,1
4464,0.2,2,1,0
4465,0.2,1,1,1
4466,0.2,1,1,0
4467,0.2,2,1,0
4468,0.2,2,0,1
4469,1.0,2,1,1
4470,0.2,2,1,0
4471,0.2,1,1,0
4472,1.0,2,1,1
4473,0.2,3,0,0
4474,0.2,1,1,1
4475,0.2,0,1,1
4476,0.2,2,1,0
4477,0.2,3,1,0
4478,2.2,2,0,1
4479,1.0,2,1,1
4480,0.2,0,1,1
4481,1.0,1,1,1
4482,0.2,1,0,0
4483,1.0,0,1,1
4484,1.0,2,1,1
4485,0.2,3,1,1
4486,0.2,1,1,0
4487,0.2,2,1,0
4488,0.2,2,1,0
4489,1.0,1,1,1
4490,1.0,2,1,1
4491,0.2,1,0,0
4492,0.2,1,1,1
4493,1.0,2,1,1
4494,0.2,3,1,1
4495,1.0,1,1,1
4496,0.2,2,1,0
4497,0.2,2,1,0
4498,0.2,2,1,0
4499,0.2,3,1,1
4500,1.0,2,1,1
4501,0.2,2,1,0
4502,0.2,1,1,1
4503,0.2,2,1,0
4504,0.2,1,1,0
4505,1.0,2,1,1
4506,0.2,1,0,1
4507,1.0,1,1,1
4508,0.2,2,1,0
4509,3.0,3,0,1
4510,0.2,3,1,0
4511,0.2,2,1,0
4512,0.2,1,1,0
4513,0.2,1,1,0
4514,0.2,1,1,0
4515,1.0,1,1,1
4516,0.2,2,1,0
4517,1.0,1,1,1
4518,1.0,1,1,1
4519,0.2,1,1,0
4520,1.0,3,1,1
4521,0.2,1,0,0
4522,1.0,2,1,1
4523,1.0,2,1,1
4524,2.2,2,1,1
4525,0.2,2,0,1
4526,0.2,1,1,1
4527,0.2,3,1,0
4528,0.2,2,0,0
4529,0.2,3,1,0
4530,0.2,3,1,0
4531,0.2,0,1,0
4532,0.2,2,1,0
4533,1.0,2,0,1
4534,0.2,1,1,1
4535,1.0,3,1,1
4536,0.2,1,1,0
4537,0.2,2,1,0
4538,1.0,2,1,1
4539,1.0,1,1,1
4540,0.2,2,1,0
4541,0.2,2,1,1
4542,0.2,0,1,0
4543,2.2,1,1,1
4544,1.0,1,1,1
4545,0.2,0,1,1
4546,0.2,1,1,0
4547,0.2,2,1,0
4548,0.2,3,1,0
4549,1.0,2,1,1
4550,0.2,1,1,0
4551,1.0,3,1,1
4552,0.2,2,0,0
4553,0.2,1,1,0
4554,1.0,0,1,1
4555,2.2,1,1,1
4556,2.2,3,1,1
4557,0.2,2,1,1
4558,0.2,2,1,0
4559,0.2,0,1,0
4560,0.2,2,1,0
4561,1.0,1,1,1
4562,0.2,2,0,0
4563,2.2,3,1,1
4564,0.2,0,0,1
4565,1.0,2,1,1
4566,1.0,1,1,1
4567,0.2,1,1,1
4568,0.2,2,0,1
4569,0.2,2,1,0
4570,0.2,1,1,0
4571,1.0,3,1,0
4572,0.2,3,1,0
4573,0.2,1,1,0
4574,1.0,2,1,1
4575,1.0,1,1,1
4576,0.2,2,0,0
4577,0.2,3,1,0
4578,0.2,3,1,1
4579,1.0,1,0,1
4580,0.2,0,1,0
4581,1.0,1,0,1
4582,0.2,1,1,1
4583,0.2,1,1,0
4584,0.2,0,0,1
4585,0.2,1,0,1
4586,0.2,2,1,1
4587,1.0,2,1,1
4588,0.2,2,1,0
4589,0.2,1,1,0
4590,0.2,2,1,0
4591,0.2,0,0,1
4592,0.2,2,1,0
4593,0.2,1,1,1
4594,0.2,1,1,0
4595,0.2,2,1,0
4596,0.2,2,0,0
4597,0.2,2,0,0
4598,1.0,2,1,1
4599,0.2,2,0,1
4600,0.2,1,0,0
4601,0.2,3,0,0
4602,0.2,1,1,0
4603,1.0,3,1,1
4604,0.2,1,1,1
4605,0.2,1,1,0
4606,0.2,3,1,0
4607,0.2,0,1,1
4608,0.2,2,1,1
4609,0.2,2,1,0
4610,0.2,1,1,0
4611,0.2,2,0,0
4612,0.2,3,1,0
4613,0.2,1,1,1
4614,0.2,2,1,0
4615,0.2,0,0,1
4616,0.2,1,1,0
4617,1.0,2,1,1
4618,0.2,1,1,0
4619,1.0,2,1,0
4620,1.0,1,1,0
4621,0.2,2,1,0
4622,0.2,2,1,1
4623,0.2,3,1,0
4624,1.0,1,1,0
4625,0.2,2,1,1
4626,0.2,2,1,1
4627,0.2,2,1,0
4628,0.2,2,1,0
4629,0.2,3,1,0
4630,0.2,1,1,1
4631,0.2,2,1,1
4632,0.2,1,1,1
4633,0.2,3,1,0
4634,1.0,2,0,0
4635,0.2,3,1,0
4636,0.2,1,1,0
4637,1.0,2,1,1
4638,2.2,1,1,1
4639,0.2,2,1,0
4640,0.2,2,1,1
4641,0.2,2,1,1
4642,1.0,3,1,0
4643,0.2,2,1,0
4644,0.2,2,1,0
4645,0.2,2,1,0
4646,1.0,1,1,1
4647,0.2,3,1,0
4648,0.2,3,1,0
4649,0.2,2,1,0
4650,0.2,1,1,0
4651,2.2,1,1,1
4652,0.2,0,1,1
4653,0.2,0,1,1
4654,0.2,1,1,0
4655,0.2,1,1,0
4656,0.2,0,0,1
4657,0.2,3,1,0
4658,2.2,2,1,1
4659,0.2,3,1,0
4660,0.2,0,1,1
4661,0.2,2,1,1
4662,0.2,1,0,1
4663,0.2,1,1,0
4664,0.2,2,1,0
4665,0.2,2,1,1
4666,0.2,3,1,0
4667,0.2,1,1,0
4668,0.2,2,1,0
4669,0.2,1,1,0
4670,0.2,1,1,1
4671,0.2,2,0,0
4672,0.2,2,0,0
4673,0.2,2,1,0
4674,0.2,1,1,0
4675,0.2,1,1,0
4676,0.2,1,1,0
4677,1.0,2,1,1
4678,0.2,1,1,0
4679,0.2,1,1,0
4680,0.2,2,1,0
4681,0.2,1,1,0
4682,1.0,1,1,1
4683,1.0,1,1,1
4684,0.2,2,1,1
4685,0.2,1,1,0
4686,0.2,1,1,0
4687,0.2,2,0,1
4688,0.2,1,0,0
4689,0.2,3,1,0
4690,3.0,2,1,1
4691,0.2,1,1,1
4692,1.0,0,1,1
4693,0.2,2,0,0
4694,0.2,2,1,1
4695,0.2,1,1,0
4696,0.2,0,1,1
4697,0.2,2,0,0
4698,0.2,1,1,0
4699,0.2,0,1,0
4700,0.2,1,1,0
4701,0.2,2,1,1
4702,0.2,2,1,0
4703,0.2,1,1,0
4704,0.2,1,1,1
4705,0.2,0,0,1
4706,0.2,1,1,1
4707,0.2,0,0,1
4708,1.0,2,1,0
4709,0.2,1,1,0
4710,0.2,1,1,1
4711,0.2,1,0,0
4712,0.2,2,1,0
4713,0.2,2,1,0
4714,0.2,2,1,0
4715,0.2,0,1,0
4716,0.2,0,1,1
4717,1.0,2,1,1
4718,0.2,0,1,0
4719,0.2,2,1,0
4720,0.2,0,1,0
4721,0.2,1,1,1
4722,0.2,2,1,1
4723,0.2,2,1,1
4724,0.2,2,1,0
4725,0.2,0,1,1
4726,0.2,3,1,0
4727,0.2,2,1,0
4728,1.0,3,1,0
4729,1.0,2,0,1
4730,0.2,2,1,0
4731,3.0,2,1,1
4732,1.0,0,1,1
4733,0.2,1,1,0
4734,0.2,1,1,0
4735,0.2,0,1,1
4736,1.0,3,1,1
4737,1.0,2,1,1
4738,1.0,2,1,1
4739,0.2,1,1,1
4740,0.2,2,1,0
4741,1.0,2,1,1
4742,0.2,0,1,0
4743,1.0,2,1,0
4744,0.2,1,0,1
4745,0.2,2,1,0
4746,1.0,3,1,1
4747,0.2,1,0,1
4748,0.2,2,1,1
4749,1.0,1,1,1
4750,0.2,1,0,1
4751,0.2,1,1,0
4752,2.2,2,1,1
4753,1.0,1,1,1
4754,0.2,1,0,0
4755,0.2,2,1,1
4756,1.0,1,1,1
4757,0.2,0,1,1
4758,0.2,2,1,0
4759,0.2,1,0,1
4760,0.2,1,1,1
4761,0.2,2,0,1
4762,0.2,1,1,1
4763,0.2,3,1,0
4764,0.2,1,1,0
4765,0.2,0,1,1
4766,0.2,2,0,0
4767,0.2,3,1,0
4768,1.0,2,1,1
4769,0.2,2,1,0
4770,0.2,2,0,0
4771,0.2,0,1,1
4772,0.2,2,1,0
4773,0.2,2,1,0
4774,0.2,2,1,0
4775,0.2,2,1,0
4776,0.2,2,1,0
4777,0.2,1,1,0
4778,0.2,1,1,0
4779,0.2,1,1,1
4780,0.2,1,1,0
4781,0.2,1,1,1
4782,0.2,2,0,0
4783,0.2,3,1,0
4784,0.2,2,1,1
4785,0.2,1,1,0
4786,0.2,1,0,1
4787,0.2,1,0,0
4788,0.2,2,0,1
4789,0.2,2,1,0
4790,1.0,2,1,1
4791,0.2,2,1,0
4792,0.2,0,1,1
4793,0.2,2,0,0
4794,0.2,1,1,1
4795,1.0,1,1,1
4796,0.2,3,1,0
4797,1.0,1,1,0
4798,1.0,1,1,1
4799,0.2,1,1,1
4800,0.2,1,1,0
4801,0.2,0,1,1
4802,0.2,0,0,1
4803,0.2,1,1,0
4804,0.2,1,1,1
4805,0.2,0,1,1
4806,0.2,1,1,0
4807,0.2,2,0,1
4808,1.0,3,1,1
4809,0.2,3,1,0
4810,0.2,1,1,0
4811,0.2,3,1,0
4812,1.0,1,1,1
4813,1.0,2,1,1
4814,1.0,2,1,1
4815,1.0,3,1,0
4816,0.2,3,1,0
4817,1.0,0,1,1
4818,0.2,1,1,0
4819,0.2,2,1,0
4820,0.2,2,1,1
4821,1.0,0,1,1
4822,0.2,1,0,0
4823,1.0,2,1,1
4824,0.2,1,1,1
4825,0.2,2,0,0
4826,0.2,1,1,0
4827,0.2,2,1,0
4828,0.2,1,1,0
4829,0.2,1,1,0
4830,1.0,2,1,1
4831,0.2,2,0,1
4832,0.2,3,1,0
4833,0.2,2,1,0
4834,0.2,1,0,0
4835,0.2,1,1,1
4836,0.2,1,1,0
4837,0.2,3,0,0
4838,1.0,2,0,0
4839,0.2,1,1,0
4840,0.2,1,0,0
4841,0.2,1,1,1
4842,1.0,2,1,1
4843,0.2,0,1,1
4844,0.2,2,0,0
4845,1.0,1,1,0
4846,0.2,1,1,0
4847,1.0,2,0,1
4848,0.2,2,1,1
4849,0.2,1,0,0
4850,0.2,2,1,0
4851,0.2,2,0,0
4852,0.2,3,1,0
4853,0.2,1,0,1
4854,1.0,0,1,1
4855,0.2,1,0,1
4856,0.2,3,1,0
4857,0.2,0,1,1
4858,0.2,1,1,0
4859,0.2,2,0,0
4860,0.2,1,0,1
4861,0.2,3,1,0
4862,0.2,1,0,0
4863,0.2,2,1,0
4864,0.2,2,1,1
4865,0.2,2,1,0
4866,0.2,1,1,1
4867,0.2,3,1,0
4868,0.2,1,1,0
4869,1.0,3,1,1
4870,0.2,2,0,0
4871,0.2,2,1,0
4872,0.2,2,1,0
4873,1.0,1,1,1
4874,0.2,0,1,1
4875,0.2,2,1,0
4876,0.2,1,1,1
4877,0.2,0,1,1
4878,0.2,0,0,1
4879,0.2,1,0,1
4880,0.2,2,1,1
4881,0.2,1,1,1
4882,0.2,1,1,1
4883,0.2,1,1,1
4884,0.2,2,1,1
4885,0.2,3,1,0
4886,0.2,0,1,1
4887,0.2,2,1,0
4888,0.2,1,0,0
4889,1.0,1,1,1
4890,0.2,2,1,1
4891,1.0,3,1,1
4892,0.2,2,1,0
4893,0.2,2,1,0
4894,0.2,2,1,0
4895,0.2,1,1,0
4896,1.0,1,1,1
4897,1.0,3,1,1
4898,0.2,3,1,0
4899,0.2,2,1,1
4900,0.2,2,1,1
4901,0.2,2,1,1
4902,0.2,3,1,0
4903,0.2,2,0,1
4904,0.2,2,1,1
4905,0.2,3,1,1
4906,0.2,2,1,0
4907,0.2,1,1,0
4908,0.2,1,0,0
4909,0.2,1,1,1
4910,1.0,2,1,1
4911,0.2,0,0,1
4912,0.2,2,1,0
4913,0.2,2,1,0
4914,0.2,2,1,0
4915,0.2,3,1,0
4916,0.2,1,1,1
4917,1.0,1,1,1
4918,0.2,1,1,0
4919,0.2,1,1,0
4920,0.2,2,1,0
4921,0.2,3,1,1
4922,0.2,3,1,0
4923,0.2,1,1,1
4924,0.2,1,0,1
4925,1.0,0,0,1
4926,0.2,2,1,0
4927,0.2,1,1,0
4928,2.2,0,1,1
4929,0.2,1,1,0
4930,0.2,2,1,0
4931,0.2,0,1,0
4932,2.2,2,1,1
4933,1.0,1,1,1
4934,0.2,2,1,0
4935,1.0,1,1,1
4936,0.2,1,1,0
4937,1.0,0,1,1
4938,0.2,2,1,1
4939,0.2,0,1,1
4940,0.2,1,1,1
4941,0.2,0,0,0
4942,0.2,3,0,1
4943,0.2,1,1,0
4944,1.0,3,0,0
4945,0.2,1,1,0
4946,0.2,2,1,0
4947,0.2,2,1,0
4948,0.2,2,1,0
4949,0.2,2,0,0
4950,0.2,1,1,1
4951,0.2,1,1,0
4952,0.2,1,1,0
4953,0.2,3,0,0
4954,0.2,1,1,1
4955,1.0,1,1,1
4956,0.2,2,0,0
4957,1.0,0,1,1
4958,0.2,2,1,0
4959,0.2,1,1,1
4960,0.2,1,1,0
4961,0.2,1,1,0
4962,0.2,3,0,0
4963,1.0,1,1,1
4964,0.2,1,1,0
4965,0.2,1,1,1
4966,1.0,1,1,1
4967,0.2,2,1,0
4968,0.2,1,1,1
4969,1.0,2,1,1
4970,2.2,1,1,1
4971,2.2,2,1,1
4972,0.2,1,1,1
4973,0.2,1,1,0
4974,0.2,2,1,1
4975,0.2,1,1,0
4976,0.2,2,1,0
4977,0.2,1,1,0
4978,0.2,1,0,1
4979,0.2,3,1,0
4980,1.0,1,1,1
4981,0.2,2,1,1
4982,0.2,1,1,1
4983,0.2,1,1,0
4984,0.2,1,1,0
4985,1.0,2,1,1
4986,0.2,0,1,1
4987,0.2,2,0,1
4988,1.0,2,0,1
4989,0.2,1,1,0
4990,0.2,2,1,1
4991,0.2,0,0,1
4992,0.2,2,1,0
4993,0.2,2,1,0
4994,0.2,2,1,0
4995,0.2,1,1,0
4996,0.2,1,1,1
4997,1.0,1,1,1
4998,0.2,1,1,0
4999,1.0,1,1,1
5000,1.0,0,1,1
5001,1.0,1,0,1
5002,1.0,0,1,1
5003,1.0,0,0,1
5004,0.2,3,1,0
5005,0.2,1,0,0
5006,0.2,2,1,0
5007,0.2,2,1,0
5008,0.2,3,1,0
5009,0.2,2,1,0
5010,2.2,1,1,1
5011,0.2,1,1,0
5012,0.2,2,1,1
5013,0.2,2,1,0
5014,0.2,2,1,1
5015,0.2,2,1,0
5016,0.2,2,1,0
5017,0.2,2,1,0
5018,1.0,2,1,1
5019,0.2,2,1,1
5020,0.2,3,1,1
5021,0.2,0,0,0
5022,0.2,2,1,1
5023,1.0,1,1,1
5024,0.2,2,1,0
5025,0.2,1,1,0
5026,0.2,0,1,0
5027,0.2,2,1,1
5028,0.2,2,1,0
5029,0.2,1,0,0
5030,0.2,1,1,0
5031,0.2,1,1,0
5032,0.2,2,1,0
5033,0.2,2,1,0
5034,0.2,2,1,1
5035,0.2,1,0,0
5036,0.2,1,1,0
5037,0.2,1,1,1
5038,1.0,0,1,1
5039,1.0,2,1,1
5040,0.2,3,1,0
5041,0.2,2,1,0
5042,0.2,2,1,0
5043,0.2,0,1,1
5044,0.2,2,1,0
5045,0.2,2,1,0
5046,0.2,2,0,0
5047,0.2,3,1,0
5048,0.2,2,1,1
5049,0.2,2,1,1
5050,0.2,3,1,0
5051,0.2,2,0,1
5052,0.2,2,1,0
5053,0.2,2,0,1
5054,0.2,2,1,1
5055,0.2,1,0,0
5056,1.0,2,1,1
5057,1.0,2,1,1
5058,1.0,0,0,1
5059,0.2,0,1,0
5060,0.2,1,1,0
5061,0.2,1,0,1
5062,0.2,2,1,0
5063,1.0,2,1,1
5064,0.2,1,0,0
5065,0.2,3,1,0
5066,1.0,0,1,1
5067,0.2,2,1,1
5068,0.2,0,1,0
5069,1.0,1,1,1
5070,0.2,1,1,1
5071,1.0,0,0,1
5072,1.0,0,1,1
5073,0.2,1,0,0
5074,0.2,0,1,1
5075,0.2,0,1,0
5076,0.2,1,1,1
5077,0.2,2,1,0
5078,0.2,1,1,1
5079,0.2,1,1,0
5080,1.0,2,1,1
5081,0.2,1,1,1
5082,1.0,1,1,1
5083,0.2,1,1,0
5084,0.2,1,1,1
5085,0.2,1,1,0
5086,0.2,1,1,0
5087,0.2,0,0,1
5088,1.0,1,0,1
5089,0.2,1,1,0
5090,0.2,2,1,1
5091,0.2,1,1,0
5092,0.2,0,1,0
5093,0.2,1,1,1
5094,0.2,2,1,0
5095,0.2,0,1,0
5096,0.2,2,1,1
5097,0.2,3,0,0
5098,1.0,2,1,1
5099,0.2,3,1,1
5100,1.0,1,1,1
5101,0.2,3,1,0
5102,0.2,1,1,1
5103,0.2,3,1,0
5104,1.0,1,1,0
5105,0.2,1,1,1
5106,0.2,2,0,0
5107,0.2,1,1,1
5108,0.2,3,1,0
5109,0.2,1,1,0
5110,0.2,0,0,1
5111,1.0,1,0,0
5112,1.0,2,1,1
5113,0.2,2,0,0
5114,0.2,1,1,0
5115,0.2,2,1,0
5116,0.2,1,1,0
5117,1.0,1,1,1
5118,1.0,1,1,1
5119,0.2,2,1,0
5120,0.2,3,1,0
5121,0.2,1,1,0
5122,1.0,2,1,1
5123,2.2,0,1,1
5124,0.2,1,1,0
5125,1.0,2,1,0
5126,0.2,1,1,0
5127,0.2,1,1,0
5128,0.2,0,1,1
5129,0.2,1,1,1
5130,0.2,3,1,0
5131,0.2,1,1,1
5132,1.0,0,0,1
5133,1.0,1,1,1
5134,0.2,2,1,0
5135,0.2,1,1,1
5136,0.2,2,1,0
5137,1.0,2,1,1
5138,0.2,3,1,0
5139,0.2,1,1,0
5140,0.2,1,1,1
5141,0.2,3,1,1
5142,0.2,1,1,0
5143,0.2,1,1,0
5144,0.2,1,1,0
5145,0.2,3,1,1
5146,0.2,2,1,1
5147,0.2,1,1,0
5148,0.2,3,0,0
5149,1.0,0,1,1
5150,0.2,0,0,0
5151,0.2,2,1,1
5152,0.2,2,1,0
5153,0.2,1,0,1
5154,0.2,1,1,0
5155,0.2,0,1,1
5156,1.0,2,1,0
5157,0.2,1,1,1
5158,0.2,1,1,0
5159,0.2,0,1,1
5160,0.2,1,1,1
5161,0.2,2,1,0
5162,0.2,1,1,1
5163,0.2,1,1,1
5164,0.2,1,0,0
5165,1.0,2,1,1
5166,0.2,2,1,0
5167,0.2,1,1,0
5168,0.2,0,1,1
5169,0.2,2,1,1
5170,0.2,1,1,0
5171,0.2,1,1,1
5172,1.0,1,1,1
5173,2.2,2,1,1
5174,0.2,3,1,0
5175,0.2,1,1,0
5176,1.0,2,1,1
5177,0.2,3,1,0
5178,0.2,1,0,1
5179,0.2,2,0,1
5180,1.0,1,0,1
5181,1.0,2,1,1
5182,0.2,1,1,0
5183,0.2,2,1,0
5184,0.2,1,1,1
5185,0.2,0,1,0
5186,0.2,3,1,0
5187,1.0,1,1,1
5188,0.2,2,1,0
5189,0.2,1,1,0
5190,0.2,2,1,0
5191,0.2,2,1,1
5192,1.0,2,1,0
5193,0.2,2,1,0
5194,0.2,1,1,0
5195,0.2,2,1,0
5196,0.2,2,1,0
5197,0.2,2,0,0
5198,0.2,1,1,1
5199,0.2,1,1,1
5200,1.0,2,1,1
5201,0.2,3,1,0
5202,0.2,1,0,0
5203,0.2,2,0,0
5204,0.2,1,0,0
5205,0.2,1,1,1
5206,1.0,3,1,0
5207,1.0,0,1,1
5208,2.2,3,1,1
5209,0.2,1,1,1
5210,0.2,2,1,1
5211,0.2,1,1,0
5212,0.2,2,0,1
5213,1.0,1,1,0
5214,0.2,1,0,1
5215,0.2,2,1,1
5216,0.2,3,1,1
5217,0.2,1,1,0
5218,0.2,0,1,1
5219,0.2,2,1,0
5220,0.2,0,1,0
5221,0.2,1,1,1
5222,1.0,2,1,1
5223,0.2,1,0,1
5224,0.2,1,1,1
5225,0.2,2,0,1
5226,1.0,3,1,1
5227,0.2,2,0,1
5228,0.2,2,1,1
5229,0.2,2,1,0
5230,0.2,2,1,0
5231,0.2,2,1,0
5232,0.2,3,1,0
5233,0.2,0,1,0
5234,0.2,2,1,1
5235,0.2,1,1,1
5236,1.0,2,1,0
5237,0.2,3,0,1
5238,0.2,2,0,0
5239,0.2,2,1,1
5240,1.0,1,1,1
5241,0.2,2,1,1
5242,1.0,2,1,1
5243,0.2,1,1,1
5244,0.2,3,1,0
5245,0.2,2,1,1
5246,0.2,1,1,1
5247,1.0,1,1,0
5248,0.2,1,0,0
5249,0.2,2,1,0
5250,1.0,3,1,0
5251,0.2,1,1,0
5252,0.2,1,1,1
5253,0.2,1,1,1
5254,0.2,2,1,0
5255,1.0,2,1,1
5256,0.2,1,1,0
5257,1.0,1,1,1
5258,1.0,2,0,1
5259,1.0,1,1,1
5260,0.2,1,1,1
5261,0.2,2,0,1
5262,0.2,1,1,0
5263,1.0,0,0,1
5264,0.2,2,1,0
5265,1.0,2,1,0
5266,0.2,2,1,1
5267,0.2,2,1,0
5268,0.2,1,1,1
5269,0.2,3,1,0
5270,0.2,1,1,0
5271,0.2,1,1,0
5272,0.2,1,0,0
5273,0.2,0,1,1
5274,0.2,2,0,1
5275,1.0,2,1,1
5276,0.2,2,0,0
5277,1.0,1,1,1
5278,0.2,1,1,1
5279,0.2,1,1,1
5280,0.2,1,1,0
5281,0.2,2,1,1
5282,2.2,2,1,1
5283,0.2,3,1,0
5284,0.2,1,1,0
5285,0.2,1,1,1
5286,0.2,0,0,1
5287,0.2,2,1,0
5288,0.2,1,1,0
5289,0.2,3,1,0
5290,0.2,2,0,0
5291,0.2,2,0,0
5292,0.2,1,1,1
5293,0.2,1,1,0
5294,0.2,0,1,0
5295,0.2,3,1,0
5296,1.0,1,1,1
5297,0.2,1,1,1
5298,0.2,1,1,0
5299,1.0,2,0,1
5300,0.2,2,0,1
5301,0.2,1,1,1
5302,0.2,1,1,1
5303,0.2,3,1,0
5304,1.0,2,0,1
5305,0.2,2,1,0
5306,1.0,3,1,1
5307,0.2,0,1,1
5308,0.2,1,1,0
5309,2.2,2,1,1
5310,0.2,0,1,1
5311,1.0,2,1,1
5312,0.2,1,0,0
5313,0.2,2,1,0
5314,0.2,1,1,0
5315,0.2,2,0,0
5316,0.2,1,1,0
5317,0.2,2,1,0
5318,1.0,1,1,1
5319,0.2,1,1,1
5320,0.2,1,1,0
5321,0.2,2,1,0
5322,1.0,1,1,1
5323,1.0,1,1,1
5324,0.2,3,1,0
5325,0.2,2,0,0
5326,0.2,1,1,0
5327,0.2,0,1,0
5328,0.2,2,1,0
5329,1.0,1,0,1
5330,0.2,1,1,0
5331,0.2,1,1,1
5332,1.0,1,1,0
5333,0.2,2,1,1
5334,0.2,3,1,0
5335,0.2,2,0,0
5336,0.2,3,1,0
5337,0.2,2,0,0
5338,0.2,0,1,0
5339,0.2,1,0,0
5340,1.0,2,1,1
5341,0.2,0,1,0
5342,0.2,2,0,0
5343,0.2,1,1,1
5344,0.2,3,1,1
5345,0.2,2,0,1
5346,0.2,3,1,0
5347,0.2,1,1,0
5348,0.2,3,1,0
5349,0.2,2,1,0
5350,2.2,2,0,1
5351,0.2,2,1,0
5352,0.2,2,1,1
5353,0.2,1,1,0
5354,1.0,1,1,1
5355,0.2,3,0,0
5356,0.2,3,0,0
5357,0.2,1,0,0
5358,1.0,1,0,1
5359,0.2,1,1,0
5360,1.0,0,1,1
5361,0.2,3,1,0
5362,0.2,1,1,0
5363,0.2,1,1,1
5364,1.0,3,1,1
5365,0.2,2,1,1
5366,0.2,1,1,0
5367,0.2,2,1,0
5368,0.2,2,1,0
5369,1.0,2,1,1
5370,0.2,0,1,0
5371,0.2,0,1,1
5372,0.2,1,1,0
5373,0.2,2,1,0
5374,0.2,2,0,1
5375,1.0,2,1,1
5376,0.2,2,1,0
5377,0.2,1,1,0
5378,0.2,2,0,0
5379,0.2,2,1,0
5380,0.2,1,1,1
5381,1.0,2,1,1
5382,1.0,1,1,1
5383,1.0,1,0,1
5384,0.2,1,1,0
5385,1.0,2,1,1
5386,1.0,2,1,1
5387,0.2,0,0,1
5388,1.0,0,0,1
5389,0.2,0,1,0
5390,1.0,1,1,1
5391,0.2,3,1,1
5392,0.2,2,1,0
5393,0.2,2,1,0
5394,0.2,3,0,0
5395,1.0,0,1,1
5396,1.0,2,1,1
5397,0.2,1,1,0
5398,0.2,3,1,0
5399,2.2,1,1,1
5400,1.0,3,1,1
5401,1.0,3,0,1
5402,0.2,2,1,0
5403,0.2,2,0,0
5404,1.0,1,0,1
5405,1.0,2,1,0
5406,0.2,1,1,0
5407,0.2,1,1,1
5408,0.2,0,0,1
5409,0.2,2,1,0
5410,0.2,3,1,0
5411,0.2,1,1,1
5412,0.2,3,1,1
5413,1.0,2,1,1
5414,0.2,3,1,0
5415,0.2,2,1,0
5416,0.2,2,1,1
5417,0.2,2,1,1
5418,0.2,2,1,1
5419,1.0,1,1,1
5420,1.0,2,1,0
5421,0.2,2,1,0
5422,0.2,3,0,0
5423,0.2,2,0,0
5424,0.2,1,1,1
5425,0.2,1,1,0
5426,0.2,1,1,0
5427,1.0,2,1,1
5428,2.2,3,1,1
5429,2.2,1,1,1
5430,0.2,2,1,0
5431,0.2,3,1,0
5432,0.2,2,1,1
5433,0.2,0,1,1
5434,1.0,1,1,0
5435,0.2,2,1,0
5436,0.2,1,1,1
5437,0.2,3,1,0
5438,0.2,1,1,1
5439,1.0,2,1,1
5440,1.0,0,1,0
5441,0.2,2,1,0
5442,0.2,3,1,0
5443,0.2,1,1,0
5444,0.2,0,1,0
5445,0.2,2,0,1
5446,1.0,2,1,0
5447,0.2,3,1,0
5448,0.2,1,1,0
5449,0.2,3,1,0
5450,0.2,1,1,0
5451,0.2,2,1,1
5452,1.0,1,1,1
5453,0.2,2,1,0
5454,0.2,3,1,0
5455,0.2,1,1,1
5456,1.0,2,1,1
5457,2.2,2,1,1
5458,0.2,2,1,1
5459,1.0,2,1,1
5460,1.0,2,0,1
5461,0.2,1,1,1
5462,0.2,2,1,0
5463,1.0,0,1,1
5464,0.2,2,1,0
5465,0.2,2,1,0
5466,0.2,0,1,0
5467,0.2,1,1,1
5468,0.2,0,0,0
5469,0.2,2,1,0
5470,1.0,2,1,1
5471,0.2,1,1,1
5472,0.2,1,1,0
5473,0.2,2,1,0
5474,0.2,1,1,0
5475,0.2,3,1,0
5476,0.2,1,1,1
5477,0.2,2,0,0
5478,1.0,2,0,1
5479,0.2,0,1,1
5480,0.2,3,1,0
5481,1.0,0,1,1
5482,1.0,1,0,1
5483,0.2,1,1,1
5484,0.2,2,1,0
5485,0.2,3,1,0
5486,0.2,1,1,0
5487,0.2,2,1,0
5488,0.2,2,1,0
5489,0.2,1,1,1
5490,0.2,1,1,0
5491,2.2,2,0,1
5492,1.0,0,1,0
5493,1.0,1,1,1
5494,0.2,1,1,0
5495,2.2,3,1,1
5496,0.2,1,1,0
5497,1.0,2,0,0
5498,1.0,0,1,1
5499,0.2,1,1,0
5500,1.0,1,1,1
5501,0.2,1,1,0
5502,0.2,0,1,0
5503,0.2,2,1,0
5504,0.2,0,1,0
5505,0.2,1,0,0
5506,0.2,1,1,0
5507,1.0,2,0,0
5508,0.2,3,1,0
5509,0.2,2,1,0
5510,0.2,0,1,1
5511,0.2,2,1,0
5512,0.2,0,1,0
5513,1.0,0,1,1
5514,0.2,2,1,0
5515,1.0,2,1,1
5516,1.0,2,1,1
5517,0.2,1,1,1
5518,0.2,1,1,0
5519,0.2,2,1,0
5520,0.2,1,1,0
5521,0.2,1,1,0
5522,0.2,0,0,0
5523,0.2,1,1,0
5524,0.2,1,1,0
5525,0.2,1,1,1
5526,0.2,1,1,1
5527,0.2,1,0,1
5528,1.0,2,1,1
5529,1.0,0,1,1
5530,0.2,1,1,0
5531,0.2,0,1,1
5532,2.2,2,1,1
5533,0.2,1,1,1
5534,0.2,1,1,1
5535,1.0,1,1,1
5536,0.2,2,1,0
5537,0.2,1,1,0
5538,0.2,2,1,0
5539,0.2,2,1,0
5540,0.2,3,1,0
5541,0.2,0,0,0
5542,2.2,1,1,1
5543,0.2,1,1,0
5544,0.2,2,0,0
5545,0.2,1,1,0
5546,0.2,2,1,0
5547,0.2,1,1,0
5548,0.2,1,1,0
5549,0.2,1,1,1
5550,1.0,1,1,1
5551,0.2,1,1,1
5552,0.2,2,1,0
5553,0.2,0,1,1
5554,0.2,2,1,1
5555,0.2,2,1,0
5556,0.2,2,0,0
5557,0.2,2,1,0
5558,0.2,1,1,0
5559,0.2,0,1,0
5560,0.2,1,1,0
5561,2.2,3,1,1
5562,0.2,3,1,0
5563,0.2,3,0,0
5564,0.2,2,1,0
5565,0.2,2,1,1
5566,0.2,2,1,0
5567,0.2,1,1,0
5568,0.2,3,1,0
5569,0.2,1,1,0
5570,0.2,2,1,0
5571,0.2,1,1,0
5572,0.2,1,1,0
5573,0.2,3,0,0
5574,1.0,3,1,1
5575,0.2,2,1,1
5576,0.2,1,1,1
5577,0.2,3,1,0
5578,0.2,2,1,0
5579,0.2,1,0,0
5580,0.2,1,1,0
5581,0.2,3,1,1
5582,1.0,2,1,0
5583,0.2,2,1,0
5584,1.0,2,1,1
5585,0.2,1,1,0
5586,0.2,2,1,0
5587,0.2,1,1,0
5588,1.0,0,1,1
5589,0.2,1,1,1
5590,0.2,1,1,1
5591,0.2,0,1,1
5592,0.2,2,1,1
5593,0.2,0,1,0
5594,0.2,2,1,1
5595,0.2,1,1,0
5596,1.0,1,1,1
5597,0.2,2,1,1
5598,1.0,1,1,1
5599,1.0,1,1,1
5600,1.0,2,0,0
5601,0.2,2,0,1
5602,0.2,2,1,0
5603,2.2,1,1,1
5604,0.2,1,1,0
5605,0.2,2,1,0
5606,0.2,2,1,0
5607,0.2,0,1,0
5608,0.2,2,1,0
5609,0.2,2,1,0
5610,0.2,0,0,1
5611,0.2,1,0,1
5612,0.2,0,1,1
5613,0.2,1,1,0
5614,0.2,1,1,0
5615,1.0,2,1,1
5616,0.2,1,1,0
5617,0.2,1,1,0
5618,0.2,1,1,1
5619,0.2,1,0,1
5620,1.0,1,0,1
5621,0.2,1,1,0
5622,0.2,2,0,1
5623,0.2,1,1,1
5624,0.2,1,1,1
5625,1.0,2,1,1
5626,0.2,1,1,1
5627,0.2,1,1,0
5628,0.2,1,1,1
5629,0.2,2,1,0
5630,0.2,1,1,1
5631,2.2,3,0,1
5632,0.2,1,0,1
5633,0.2,3,0,1
5634,0.2,3,1,0
5635,0.2,1,1,0
5636,0.2,2,1,0
5637,0.2,1,1,0
5638,0.2,2,1,0
5639,0.2,3,1,0
5640,0.2,1,1,1
5641,0.2,2,1,0
5642,0.2,2,1,0
5643,0.2,0,1,1
5644,0.2,2,1,0
5645,0.2,1,0,0
5646,3.0,3,1,1
5647,0.2,2,1,1
5648,0.2,1,1,0
5649,1.0,2,1,1
5650,0.2,2,1,0
5651,1.0,1,1,1
5652,0.2,2,0,0
5653,0.2,2,1,0
5654,1.0,2,1,1
5655,3.0,2,0,1
5656,0.2,2,1,0
5657,0.2,1,1,0
5658,0.2,0,1,0
5659,0.2,1,1,1
5660,0.2,1,1,0
5661,1.0,2,1,0
5662,0.2,3,1,0
5663,0.2,2,1,1
5664,1.0,3,1,1
5665,0.2,0,1,1
5666,2.2,1,1,1
5667,0.2,0,1,0
5668,2.2,1,1,1
5669,0.2,1,1,0
5670,0.2,1,1,0
5671,0.2,0,1,1
5672,1.0,1,1,1
5673,0.2,1,1,1
5674,1.0,1,1,1
5675,1.0,1,1,1
5676,0.2,1,1,0
5677,0.2,1,1,0
5678,0.2,3,1,0
5679,0.2,0,1,0
5680,1.0,3,1,1
5681,0.2,0,1,1
5682,0.2,1,1,1
5683,0.2,1,1,0
5684,1.0,3,1,0
5685,0.2,1,1,0
5686,0.2,1,1,0
5687,0.2,1,1,1
5688,1.0,2,1,1
5689,0.2,1,1,0
5690,1.0,2,1,1
5691,0.2,3,1,1
5692,0.2,1,1,0
5693,0.2,1,1,1
5694,0.2,3,1,0
5695,0.2,1,1,0
5696,0.2,3,0,1
5697,1.0,2,0,0
5698,1.0,2,1,1
5699,0.2,1,0,1
5700,0.2,3,1,0
5701,1.0,2,1,1
5702,0.2,3,1,0
5703,0.2,2,0,0
5704,0.2,1,1,0
5705,0.2,3,1,0
5706,0.2,2,1,0
5707,0.2,3,1,0
5708,0.2,1,0,0
5709,0.2,2,0,1
5710,0.2,2,1,1
5711,0.2,0,0,1
5712,1.0,3,1,0
5713,2.2,1,1,1
5714,1.0,2,0,1
5715,0.2,2,1,0
5716,0.2,1,1,0
5717,1.0,1,1,1
5718,1.0,2,0,1
5719,0.2,2,0,0
5720,0.2,0,1,1
5721,2.2,0,0,1
5722,0.2,0,1,1
5723,1.0,1,1,1
5724,0.2,2,1,0
5725,0.2,2,1,0
5726,1.0,1,1,1
5727,0.2,0,1,0
5728,1.0,1,1,1
5729,0.2,3,1,0
5730,0.2,1,1,1
5731,0.2,3,0,1
5732,0.2,1,1,0
5733,0.2,2,1,0
5734,1.0,1,1,0
5735,0.2,1,1,1
5736,0.2,2,1,1
5737,1.0,2,1,1
5738,1.0,1,1,1
5739,0.2,1,1,1
5740,0.2,3,1,0
5741,0.2,0,1,0
5742,0.2,0,0,0
5743,0.2,1,1,0
5744,0.2,2,1,0
5745,0.2,2,1,1
5746,0.2,2,1,0
5747,0.2,1,1,1
5748,0.2,0,1,0
5749,1.0,1,1,0
5750,0.2,1,1,1
5751,0.2,1,1,1
5752,0.2,0,1,1
5753,0.2,2,1,0
5754,0.2,2,0,0
5755,0.2,2,1,0
5756,0.2,1,1,0
5757,0.2,1,0,0
5758,0.2,3,1,0
5759,1.0,1,1,0
5760,1.0,3,1,0
5761,0.2,3,1,1
5762,1.0,2,1,1
5763,0.2,1,1,0
5764,0.2,1,1,0
5765,0.2,2,1,1
5766,1.0,1,1,1
5767,0.2,3,1,0
5768,0.2,2,0,0
5769,1.0,1,1,0
5770,0.2,0,1,1
5771,0.2,2,1,1
5772,0.2,1,1,0
5773,0.2,2,1,0
5774,0.2,2,1,1
5775,1.0,0,0,1
5776,0.2,3,1,1
5777,0.2,0,0,0
5778,0.2,3,1,0
5779,2.2,2,1,1
5780,0.2,2,1,1
5781,1.0,0,1,1
5782,0.2,1,1,0
5783,0.2,1,0,0
5784,0.2,2,0,0
5785,0.2,3,1,0
5786,0.2,1,1,0
5787,0.2,0,1,0
5788,0.2,2,1,1
5789,0.2,1,1,0
5790,0.2,1,0,1
5791,0.2,1,1,0
5792,0.2,3,1,1
5793,0.2,2,1,1
5794,0.2,1,1,1
5795,0.2,2,1,0
5796,0.2,2,0,1
5797,0.2,3,1,0
5798,0.2,2,1,0
5799,0.2,0,1,1
5800,0.2,1,1,0
5801,0.2,1,1,1
5802,0.2,2,1,1
5803,0.2,0,1,0
5804,0.2,0,0,1
5805,0.2,1,1,0
5806,0.2,0,1,0
5807,0.2,2,0,1
5808,0.2,3,1,0
5809,0.2,2,1,0
5810,0.2,1,1,0
5811,0.2,1,1,1
5812,1.0,2,1,0
5813,0.2,2,1,0
5814,0.2,3,1,1
5815,0.2,3,1,0
5816,0.2,2,1,0
5817,0.2,2,1,0
5818,0.2,3,1,0
5819,1.0,2,1,0
5820,0.2,0,1,1
5821,0.2,2,1,1
5822,0.2,3,1,0
5823,0.2,2,0,0
5824,0.2,1,1,1
5825,0.2,2,1,1
5826,0.2,0,1,1
5827,1.0,2,0,1
5828,0.2,0,1,0
5829,0.2,2,1,0
5830,0.2,1,1,0
5831,0.2,2,0,0
5832,0.2,2,1,0
5833,1.0,2,0,0
5834,0.2,2,1,0
5835,0.2,2,1,0
5836,0.2,0,1,1
5837,0.2,2,0,1
5838,0.2,2,1,1
5839,0.2,3,1,1
5840,0.2,1,1,1
5841,0.2,0,1,1
5842,0.2,1,1,0
5843,1.0,1,1,1
5844,0.2,2,0,1
5845,0.2,1,1,0
5846,0.2,2,1,0
5847,0.2,2,1,0
5848,0.2,2,1,1
5849,0.2,1,1,0
5850,0.2,1,1,0
5851,0.2,2,1,0
5852,1.0,1,1,1
5853,0.2,3,1,1
5854,0.2,2,0,0
5855,1.0,2,1,1
5856,0.2,2,1,0
5857,1.0,1,1,1
5858,0.2,0,0,1
5859,0.2,3,1,0
5860,1.0,2,1,1
5861,0.2,2,0,0
5862,0.2,2,1,0
5863,0.2,0,1,1
5864,0.2,2,0,0
5865,0.2,2,1,0
5866,0.2,3,1,0
5867,0.2,0,1,0
5868,0.2,1,1,0
5869,0.2,3,1,0
5870,0.2,2,0,0
5871,0.2,0,1,1
5872,0.2,1,1,1
5873,0.2,2,0,1
5874,0.2,2,1,1
5875,0.2,3,1,0
5876,0.2,1,1,0
5877,0.2,3,0,0
5878,0.2,2,1,0
5879,1.0,3,1,1
5880,1.0,1,1,1
5881,0.2,3,1,0
5882,0.2,0,1,0
5883,1.0,2,1,1
5884,1.0,3,1,1
5885,1.0,1,1,1
5886,0.2,1,1,0
5887,0.2,1,0,0
5888,1.0,1,1,1
5889,1.0,0,1,1
5890,0.2,3,1,1
5891,0.2,2,1,1
5892,0.2,1,0,1
5893,0.2,0,1,0
5894,0.2,2,1,0
5895,0.2,2,1,0
5896,0.2,2,1,0
5897,0.2,1,1,0
5898,0.2,2,1,0
5899,0.2,2,0,0
5900,1.0,1,1,1
5901,0.2,1,0,0
5902,0.2,1,0,0
5903,0.2,2,1,0
5904,0.2,2,1,0
5905,0.2,3,1,0
5906,2.2,2,1,1
5907,0.2,3,1,1
5908,1.0,1,0,0
5909,1.0,2,1,1
5910,0.2,2,1,1
5911,0.2,1,0,0
5912,1.0,2,1,1
5913,1.0,0,1,1
5914,0.2,1,1,0
5915,0.2,2,1,1
5916,0.2,2,1,0
5917,0.2,1,1,1
5918,1.0,1,0,0
5919,0.2,1,0,0
5920,0.2,3,1,1
5921,0.2,2,1,0
5922,1.0,2,1,1
5923,0.2,1,1,0
5924,0.2,0,1,0
5925,1.0,3,0,1
5926,0.2,1,1,0
5927,0.2,1,1,1
5928,0.2,2,1,0
5929,0.2,3,1,0
5930,1.0,0,1,1
5931,0.2,1,0,1
5932,0.2,2,1,0
5933,0.2,1,1,0
5934,1.0,2,1,1
5935,0.2,1,1,0
5936,0.2,2,1,0
5937,0.2,2,1,0
5938,1.0,1,0,1
5939,0.2,1,1,1
5940,0.2,2,1,0
5941,1.0,1,1,1
5942,0.2,2,1,0
5943,0.2,2,1,1
5944,1.0,2,1,1
5945,1.0,0,1,1
5946,0.2,1,0,0
5947,0.2,3,1,0
5948,0.2,1,0,0
5949,0.2,2,0,1
5950,1.0,1,1,1
5951,0.2,1,1,0
5952,0.2,1,0,0
5953,0.2,3,1,0
5954,0.2,1,1,0
5955,0.2,2,1,0
5956,0.2,2,0,0
5957,0.2,2,1,0
5958,0.2,2,1,0
5959,1.0,1,1,1
5960,0.2,0,1,1
5961,2.2,2,1,1
5962,0.2,2,1,1
5963,1.0,2,1,0
5964,2.2,1,1,1
5965,0.2,1,1,0
5966,1.0,1,0,0
5967,0.2,1,1,0
5968,0.2,2,1,1
5969,0.2,2,1,1
5970,0.2,1,1,1
5971,0.2,1,1,0
5972,0.2,1,1,1
5973,0.2,1,1,1
5974,0.2,3,1,0
5975,0.2,1,1,1
5976,0.2,1,0,1
5977,0.2,0,1,1
5978,0.2,1,1,1
5979,0.2,0,1,1
5980,0.2,2,1,0
5981,2.2,3,1,1
5982,0.2,0,0,0
5983,0.2,2,1,1
5984,0.2,1,1,0
5985,0.2,0,1,0
5986,0.2,1,1,0
5987,1.0,2,1,1
5988,0.2,1,1,1
5989,0.2,2,0,1
5990,0.2,2,0,0
5991,1.0,0,1,1
5992,0.2,0,1,1
5993,0.2,2,1,0
5994,0.2,1,1,0
5995,0.2,1,1,0
5996,0.2,2,1,1
5997,0.2,1,1,0
5998,0.2,2,1,1
5999,0.2,1,1,0
6000,0.2,1,0,0
6001,0.2,3,1,0
6002,0.2,2,1,0
6003,0.2,1,1,0
6004,0.2,2,0,1
6005,0.2,0,1,1
6006,0.2,1,1,1
6007,0.2,0,0,1
6008,0.2,0,1,1
6009,0.2,0,1,0
6010,0.2,1,1,1
6011,0.2,2,1,0
6012,0.2,2,1,0
6013,1.0,2,1,1
6014,0.2,3,1,1
6015,2.2,0,1,1
6016,0.2,0,0,1
6017,0.2,2,1,0
6018,0.2,3,0,0
6019,0.2,1,1,1
6020,1.0,1,0,1
6021,0.2,2,1,1
6022,0.2,2,1,0
6023,0.2,0,0,0
6024,0.2,1,1,1
6025,1.0,1,1,0
6026,0.2,1,1,0
6027,0.2,2,0,0
6028,0.2,2,1,1
6029,0.2,2,1,0
6030,0.2,2,1,0
6031,0.2,1,1,1
6032,0.2,3,1,0
6033,0.2,0,1,0
6034,0.2,2,1,0
6035,0.2,1,1,1
6036,0.2,0,1,0
6037,0.2,1,0,0
6038,0.2,3,1,0
6039,0.2,2,1,0
6040,1.0,1,1,1
6041,0.2,1,1,1
6042,0.2,3,1,0
6043,2.2,2,1,1
6044,0.2,0,1,1
6045,0.2,2,0,0
6046,0.2,1,1,0
6047,1.0,1,1,1
6048,0.2,2,1,0
6049,0.2,1,1,1
6050,1.0,1,1,1
6051,0.2,3,1,1
6052,0.2,1,0,0
6053,0.2,2,1,0
6054,1.0,3,1,0
6055,0.2,1,0,1
6056,0.2,2,1,1
6057,0.2,3,1,1
6058,0.2,1,1,0
6059,0.2,2,1,1
6060,1.0,1,1,1
6061,1.0,3,1,1
6062,0.2,1,1,1
6063,0.2,1,1,0
6064,1.0,3,1,0
6065,0.2,1,1,1
6066,0.2,0,0,1
6067,1.0,1,1,1
6068,0.2,3,1,0
6069,0.2,1,0,0
6070,0.2,2,1,0
6071,0.2,2,1,0
6072,0.2,1,1,1
6073,0.2,2,1,0
6074,0.2,1,1,1
6075,0.2,0,1,1
6076,1.0,3,1,1
6077,1.0,1,1,1
6078,0.2,3,1,0
6079,0.2,2,1,1
6080,0.2,3,1,1
6081,0.2,2,1,0
6082,1.0,1,1,1
6083,0.2,1,1,0
6084,1.0,1,0,1
6085,0.2,1,1,1
6086,0.2,2,1,0
6087,0.2,2,1,1
6088,0.2,1,0,1
6089,0.2,2,1,1
6090,0.2,1,1,0
6091,0.2,1,1,0
6092,0.2,2,1,0
6093,1.0,2,1,1
6094,0.2,1,1,1
6095,2.2,3,1,1
6096,0.2,1,1,0
6097,1.0,0,0,1
6098,0.2,2,1,0
6099,1.0,3,0,1
6100,0.2,2,1,0
6101,0.2,0,1,0
6102,1.0,2,1,1
6103,0.2,2,1,0
6104,0.2,1,1,1
6105,0.2,2,1,0
6106,0.2,3,1,0
6107,0.2,3,1,0
6108,0.2,1,1,0
6109,0.2,2,1,0
6110,0.2,1,1,1
6111,1.0,1,0,1
6112,0.2,2,1,0
6113,0.2,2,1,1
6114,0.2,3,0,0
6115,1.0,1,1,1
6116,2.2,3,1,1
6117,0.2,3,1,0
6118,1.0,1,1,0
6119,0.2,2,1,0
6120,0.2,1,0,1
6121,1.0,1,1,1
6122,1.0,2,1,0
6123,0.2,2,1,0
6124,0.2,2,1,0
6125,1.0,2,1,1
6126,0.2,1,1,1
6127,0.2,1,1,0
6128,0.2,3,1,1
6129,0.2,1,1,0
6130,0.2,2,1,1
6131,0.2,1,1,0
6132,0.2,1,1,1
6133,0.2,2,1,0
6134,0.2,0,1,1
6135,0.2,2,1,0
6136,0.2,2,1,0
6137,0.2,0,1,1
6138,0.2,2,1,1
6139,1.0,2,0,1
6140,0.2,1,1,1
6141,1.0,1,1,1
6142,0.2,1,1,1
6143,0.2,2,1,1
6144,0.2,3,1,0
6145,0.2,1,1,0
6146,0.2,1,1,1
6147,0.2,1,1,0
6148,0.2,1,1,0
6149,0.2,2,1,0
6150,0.2,1,0,0
6151,0.2,0,1,0
6152,0.2,1,1,0
6153,0.2,1,1,1
6154,1.0,2,1,1
6155,1.0,0,0,1
6156,0.2,2,0,0
6157,0.2,0,1,1
6158,1.0,2,0,1
6159,0.2,1,1,1
6160,0.2,1,0,0
6161,1.0,1,1,1
6162,0.2,1,1,0
6163,0.2,1,1,0
6164,1.0,1,1,1
6165,0.2,2,1,0
6166,0.2,2,1,1
6167,0.2,2,1,0
6168,1.0,1,1,1
6169,0.2,1,1,1
6170,0.2,1,1,1
6171,0.2,2,1,0
6172,0.2,1,0,0
6173,0.2,3,1,0
6174,2.2,3,1,1
6175,0.2,1,1,1
6176,0.2,1,1,1
6177,1.0,2,1,1
6178,0.2,2,1,1
6179,0.2,0,1,0
6180,1.0,3,1,0
6181,1.0,2,0,1
6182,0.2,0,1,0
6183,1.0,2,0,1
6184,1.0,0,1,1
6185,1.0,1,1,1
6186,1.0,2,1,1
6187,0.2,1,0,0
6188,0.2,2,1,0
6189,0.2,1,1,1
6190,0.2,1,1,0
6191,0.2,2,1,0
6192,0.2,1,1,1
6193,0.2,2,0,0
6194,0.2,2,1,0
6195,0.2,1,0,1
6196,0.2,1,1,0
6197,1.0,3,1,0
6198,0.2,2,1,0
6199,0.2,2,1,0
6200,0.2,1,1,0
6201,0.2,1,1,1
6202,0.2,3,1,0
6203,2.2,1,1,1
6204,0.2,2,0,0
6205,0.2,2,1,0
6206,0.2,1,1,0
6207,2.2,2,0,1
6208,0.2,2,0,1
6209,0.2,0,1,0
6210,1.0,1,1,1
6211,0.2,3,1,0
6212,0.2,1,1,0
6213,0.2,0,1,1
6214,0.2,1,1,1
6215,0.2,3,0,0
6216,0.2,2,1,1
6217,0.2,1,1,0
6218,0.2,2,1,0
6219,1.0,1,1,1
6220,0.2,2,1,0
6221,0.2,2,1,0
6222,1.0,2,0,1
6223,0.2,1,1,0
6224,0.2,3,1,1
6225,0.2,1,1,0
6226,0.2,1,1,1
6227,1.0,2,1,0
6228,0.2,2,1,1
6229,0.2,0,1,1
6230,0.2,3,1,0
6231,0.2,0,1,0
6232,0.2,3,1,0
6233,0.2,3,1,0
6234,1.0,2,1,1
6235,1.0,3,1,0
6236,0.2,1,1,0
6237,0.2,2,1,0
6238,0.2,0,0,1
6239,1.0,3,1,0
6240,1.0,3,1,1
6241,0.2,1,1,1
6242,0.2,1,0,1
6243,0.2,1,1,0
6244,0.2,2,0,0
6245,0.2,1,1,0
6246,1.0,1,1,1
6247,1.0,2,1,1
6248,0.2,2,1,1
6249,0.2,2,1,0
6250,0.2,1,1,0
6251,1.0,2,0,1
6252,0.2,0,1,1
6253,0.2,1,1,0
6254,0.2,1,1,1
6255,3.0,2,1,1
6256,0.2,2,1,1
6257,0.2,0,1,1
6258,0.2,0,1,1
6259,0.2,1,1,0
6260,0.2,3,1,0
6261,0.2,1,1,1
6262,0.2,2,1,0
6263,0.2,3,1,0
6264,0.2,1,1,0
6265,0.2,1,0,1
6266,1.0,2,0,1
6267,1.0,3,1,1
6268,0.2,2,1,1
6269,0.2,3,1,0
6270,0.2,1,1,1
6271,2.2,3,1,1
6272,0.2,1,0,0
6273,0.2,1,1,1
6274,1.0,1,1,1
6275,0.2,1,1,1
6276,0.2,3,0,1
6277,0.2,0,1,1
6278,0.2,2,1,0
6279,1.0,2,1,1
6280,0.2,2,1,0
6281,0.2,1,1,0
6282,0.2,2,1,0
6283,0.2,2,1,1
6284,0.2,1,1,0
6285,0.2,0,1,1
6286,0.2,2,1,0
6287,0.2,2,0,1
6288,0.2,2,0,1
6289,0.2,2,0,1
6290,1.0,1,1,1
6291,0.2,2,1,0
6292,0.2,3,1,0
6293,0.2,0,1,1
6294,0.2,0,1,1
6295,0.2,1,1,0
6296,0.2,2,1,0
6297,0.2,2,1,0
6298,0.2,2,1,0
6299,0.2,2,1,1
6300,0.2,2,1,0
6301,0.2,2,0,1
6302,0.2,1,1,1
6303,0.2,2,1,0
6304,0.2,1,1,1
6305,0.2,1,1,1
6306,0.2,2,1,0
6307,0.2,1,1,0
6308,0.2,1,1,0
6309,1.0,2,1,1
6310,1.0,1,1,1
6311,0.2,1,1,0
6312,0.2,2,1,0
6313,1.0,3,1,1
6314,1.0,2,1,0
6315,0.2,2,1,0
6316,1.0,1,1,1
6317,1.0,3,1,0
6318,0.2,2,0,0
6319,0.2,1,1,1
6320,0.2,2,1,0
6321,0.2,2,1,0
6322,0.2,1,1,0
6323,0.2,1,1,0
6324,1.0,1,1,1
6325,1.0,1,1,1
6326,2.2,2,1,1
6327,0.2,1,1,1
6328,0.2,2,1,1
6329,0.2,1,1,1
6330,0.2,1,0,1
6331,0.2,2,1,1
6332,0.2,2,1,0
6333,0.2,1,1,1
6334,0.2,1,1,0
6335,0.2,1,1,1
6336,0.2,2,0,1
6337,1.0,2,1,1
6338,3.0,3,0,1
6339,0.2,2,1,0
6340,0.2,1,0,0
6341,0.2,2,0,1
6342,0.2,2,1,0
6343,0.2,1,1,1
6344,0.2,2,0,0
6345,1.0,1,1,1
6346,0.2,3,1,0
6347,1.0,1,0,1
6348,0.2,1,1,0
6349,0.2,1,1,1
6350,0.2,2,1,0
6351,0.2,1,1,1
6352,0.2,1,1,1
6353,0.2,1,1,1
6354,1.0,0,1,1
6355,0.2,2,1,0
6356,0.2,1,1,1
6357,0.2,1,1,1
6358,0.2,3,1,0
6359,1.0,1,1,1
6360,0.2,3,1,0
6361,0.2,1,1,0
6362,0.2,2,1,1
6363,0.2,0,1,0
6364,0.2,1,1,0
6365,0.2,3,1,1
6366,0.2,3,1,0
6367,0.2,2,1,0
6368,0.2,1,1,0
6369,0.2,1,0,1
6370,0.2,3,1,0
6371,0.2,2,1,0
6372,0.2,1,1,0
6373,1.0,0,1,1
6374,0.2,2,1,0
6375,0.2,2,0,0
6376,1.0,2,1,1
6377,0.2,3,1,0
6378,1.0,3,0,0
6379,0.2,1,1,0
6380,1.0,3,1,1
6381,0.2,0,1,1
6382,0.2,2,1,0
6383,0.2,1,0,0
6384,0.2,2,1,0
6385,1.0,0,1,1
6386,0.2,2,0,1
6387,0.2,2,1,0
6388,0.2,1,1,1
6389,0.2,1,1,0
6390,0.2,3,0,1
6391,0.2,2,1,1
6392,0.2,1,1,0
6393,0.2,1,0,0
6394,0.2,2,1,0
6395,0.2,0,1,1
6396,0.2,2,1,1
6397,0.2,2,1,0
6398,1.0,2,1,1
6399,0.2,2,1,0
6400,1.0,1,1,1
6401,0.2,1,0,0
6402,0.2,2,1,0
6403,0.2,1,1,0
6404,2.2,2,1,1
6405,0.2,2,0,0
6406,0.2,2,0,0
6407,0.2,2,1,0
6408,1.0,0,1,1
6409,0.2,2,1,0
6410,0.2,1,0,0
6411,0.2,2,1,1
6412,0.2,2,1,1
6413,1.0,1,1,1
6414,2.2,1,1,1
6415,0.2,0,1,1
6416,0.2,2,1,1
6417,0.2,2,0,0
6418,0.2,1,0,0
6419,0.2,1,1,0
6420,0.2,0,1,1
6421,0.2,0,0,1
6422,0.2,1,1,1
6423,0.2,1,1,0
6424,1.0,1,1,1
6425,1.0,2,0,0
6426,0.2,0,0,0
6427,1.0,1,1,1
6428,0.2,0,1,0
6429,0.2,2,1,1
6430,0.2,1,1,0
6431,0.2,1,0,0
6432,1.0,1,1,0
6433,0.2,2,1,1
6434,0.2,2,1,0
6435,0.2,1,1,0
6436,0.2,3,1,1
6437,0.2,0,1,0
6438,1.0,1,1,1
6439,0.2,1,1,0
6440,0.2,2,0,1
6441,2.2,1,1,1
6442,0.2,1,1,1
6443,0.2,1,1,0
6444,0.2,2,1,0
6445,1.0,1,1,1
6446,1.0,1,1,1
6447,0.2,1,1,1
6448,0.2,1,1,0
6449,0.2,2,1,0
6450,0.2,1,1,0
6451,1.0,3,1,1
6452,0.2,1,1,1
6453,0.2,2,1,1
6454,1.0,2,1,1
6455,0.2,1,0,1
6456,1.0,1,1,1
6457,1.0,3,1,1
6458,0.2,3,1,0
6459,0.2,1,0,1
6460,0.2,3,1,0
6461,1.0,0,1,1
6462,0.2,1,1,0
6463,0.2,2,1,1
6464,0.2,1,1,0
6465,0.2,2,0,0
6466,0.2,2,1,1
6467,0.2,1,1,0
6468,0.2,1,1,1
6469,1.0,0,0,1
6470,1.0,3,0,1
6471,0.2,3,1,0
6472,1.0,3,1,1
6473,0.2,2,1,0
6474,0.2,2,0,0
6475,0.2,1,1,0
6476,0.2,1,1,0
6477,0.2,3,1,0
6478,0.2,1,1,1
6479,0.2,0,0,1
6480,0.2,1,0,1
6481,0.2,2,1,1
6482,0.2,1,1,1
6483,0.2,2,1,0
6484,1.0,1,1,1
6485,0.2,0,1,0
6486,0.2,1,1,0
6487,0.2,1,1,1
6488,0.2,1,0,1
6489,1.0,3,0,0
6490,0.2,1,0,0
6491,0.2,1,1,0
6492,0.2,0,1,1
6493,0.2,0,1,1
6494,0.2,1,1,1
6495,0.2,3,1,0
6496,0.2,2,1,0
6497,0.2,1,0,0
6498,1.0,1,1,1
6499,0.2,1,1,1
6500,2.2,1,1,1
6501,0.2,1,1,0
6502,0.2,1,1,1
6503,1.0,2,1,1
6504,1.0,2,1,1
6505,0.2,1,1,0
6506,0.2,2,1,1
6507,1.0,1,1,1
6508,1.0,2,0,1
6509,0.2,2,0,1
6510,1.0,1,1,1
6511,0.2,2,1,0
6512,0.2,0,1,0
6513,0.2,1,0,1
6514,0.2,2,1,1
6515,0.2,2,1,0
6516,0.2,2,1,0
6517,1.0,1,0,1
6518,0.2,2,1,0
6519,0.2,2,1,0
6520,0.2,2,0,0
6521,0.2,0,1,1
6522,0.2,1,0,0
6523,0.2,2,1,0
6524,1.0,2,1,1
6525,0.2,1,1,1
6526,0.2,2,1,0
6527,2.2,2,1,1
6528,0.2,2,1,1
6529,0.2,3,1,0
6530,0.2,2,1,1
6531,1.0,2,1,1
6532,0.2,0,1,1
6533,2.2,1,1,1
6534,1.0,0,0,0
6535,0.2,0,1,1
6536,0.2,2,1,0
6537,0.2,2,0,0
6538,1.0,2,1,1
6539,0.2,1,1,1
6540,0.2,0,1,1
6541,1.0,2,1,1
6542,0.2,2,1,0
6543,0.2,1,0,0
6544,0.2,1,1,0
6545,0.2,3,1,0
6546,0.2,2,1,0
6547,1.0,1,1,0
6548,0.2,3,0,0
6549,0.2,1,0,0
6550,0.2,1,1,0
6551,0.2,0,0,1
6552,1.0,1,1,1
6553,1.0,2,1,1
6554,1.0,1,1,1
6555,0.2,3,1,0
6556,1.0,3,1,0
6557,0.2,2,1,0
6558,1.0,3,1,1
6559,0.2,2,1,0
6560,0.2,2,1,0
6561,1.0,1,1,1
6562,1.0,3,1,1
6563,0.2,1,1,0
6564,0.2,2,1,0
6565,0.2,0,1,0
6566,0.2,1,1,0
6567,0.2,2,0,1
6568,1.0,1,1,1
6569,0.2,1,1,1
6570,0.2,2,1,1
6571,1.0,1,1,1
6572,0.2,1,1,1
6573,1.0,1,0,1
6574,0.2,3,1,0
6575,0.2,2,1,1
6576,0.2,1,1,1
6577,0.2,1,1,0
6578,0.2,1,1,0
6579,0.2,2,0,0
6580,0.2,1,1,1
6581,0.2,2,1,0
6582,0.2,2,0,0
6583,1.0,1,1,1
6584,1.0,2,1,1
6585,0.2,3,1,0
6586,0.2,1,0,1
6587,2.2,1,1,1
6588,1.0,2,1,1
6589,1.0,1,1,1
6590,0.2,2,1,0
6591,0.2,3,1,1
6592,0.2,3,1,0
6593,0.2,3,1,0
6594,0.2,2,1,0
6595,1.0,0,0,1
6596,0.2,2,1,0
6597,0.2,1,1,0
6598,0.2,1,1,1
6599,1.0,0,0,1
6600,1.0,1,1,1
6601,0.2,2,1,1
6602,0.2,2,1,0
6603,0.2,2,1,0
6604,0.2,2,0,0
6605,0.2,2,1,1
6606,0.2,2,1,0
6607,0.2,3,1,0
6608,0.2,2,1,0
6609,0.2,0,0,1
6610,0.2,1,1,1
6611,0.2,0,1,0
6612,0.2,0,1,1
6613,0.2,3,1,0
6614,3.0,3,0,1
6615,0.2,1,1,0
6616,1.0,2,1,0
6617,0.2,1,1,0
6618,0.2,2,1,1
6619,0.2,3,0,0
6620,0.2,1,1,1
6621,0.2,0,1,0
6622,1.0,1,1,1
6623,0.2,2,1,0
6624,0.2,0,1,1
6625,0.2,2,0,0
6626,0.2,3,1,0
6627,0.2,3,0,0
6628,1.0,1,0,1
6629,0.2,1,1,0
6630,0.2,2,0,0
6631,0.2,3,1,0
6632,0.2,1,1,1
6633,0.2,1,1,0
6634,0.2,2,1,1
6635,0.2,1,1,0
6636,0.2,3,1,0
6637,0.2,1,1,1
6638,0.2,2,1,1
6639,0.2,0,0,0
6640,0.2,1,1,0
6641,0.2,2,1,0
6642,0.2,3,1,0
6643,0.2,1,1,1
6644,0.2,2,1,0
6645,0.2,1,1,0
6646,0.2,2,1,0
6647,1.0,2,0,1
6648,0.2,2,0,0
6649,1.0,3,1,0
6650,0.2,1,1,1
6651,1.0,2,1,1
6652,0.2,3,1,0
6653,0.2,2,1,1
6654,1.0,1,1,0
6655,0.2,0,1,1
6656,1.0,2,1,1
6657,3.0,3,1,1
6658,0.2,2,1,0
6659,0.2,1,1,0
6660,0.2,3,1,0
6661,0.2,1,1,0
6662,0.2,0,1,0
6663,0.2,2,1,0
6664,1.0,1,1,1
6665,0.2,2,1,0
6666,0.2,2,0,0
6667,0.2,3,1,0
6668,0.2,2,1,0
6669,1.0,2,1,0
6670,0.2,0,0,0
6671,0.2,3,1,0
6672,0.2,1,1,1
6673,0.2,2,0,1
6674,0.2,1,1,1
6675,1.0,2,1,1
6676,0.2,1,1,0
6677,0.2,2,1,1
6678,0.2,1,1,0
6679,0.2,1,1,0
6680,0.2,2,1,0
6681,1.0,1,1,1
6682,0.2,1,1,0
6683,0.2,2,0,1
6684,0.2,2,1,0
6685,0.2,1,1,0
6686,0.2,1,1,0
6687,0.2,1,1,0
6688,0.2,1,1,1
6689,0.2,1,1,0
6690,0.2,1,1,0
6691,0.2,1,1,0
6692,0.2,1,1,1
6693,1.0,1,1,1
6694,1.0,3,1,1
6695,1.0,3,1,1
6696,0.2,2,1,0
6697,0.2,1,1,1
6698,1.0,2,1,1
6699,0.2,2,1,0
6700,0.2,1,1,0
6701,0.2,0,1,0
6702,0.2,0,1,1
6703,1.0,3,1,1
6704,0.2,1,1,0
6705,0.2,2,1,1
6706,0.2,1,1,1
6707,1.0,3,1,1
6708,1.0,2,1,0
6709,0.2,3,0,1
6710,0.2,1,0,0
6711,0.2,2,1,0
6712,1.0,1,0,1
6713,0.2,2,1,0
6714,1.0,3,1,1
6715,0.2,1,1,0
6716,0.2,1,1,0
6717,1.0,1,1,1
6718,0.2,2,0,0
6719,0.2,3,1,0
6720,0.2,1,1,0
6721,2.2,2,1,1
6722,0.2,1,1,1
6723,0.2,2,1,0
6724,0.2,0,1,1
6725,0.2,2,1,0
6726,0.2,3,1,0
6727,0.2,2,0,1
6728,0.2,1,1,1
6729,0.2,2,1,0
6730,0.2,1,1,1
6731,0.2,2,1,0
6732,0.2,2,1,0
6733,0.2,2,1,0
6734,0.2,2,1,0
6735,0.2,2,1,0
6736,0.2,2,1,0
6737,0.2,2,1,0
6738,1.0,2,1,1
6739,1.0,1,0,1
6740,0.2,2,1,0
6741,0.2,2,1,0
6742,1.0,1,1,1
6743,0.2,2,1,1
6744,0.2,2,1,0
6745,0.2,2,1,1
6746,0.2,1,1,0
6747,1.0,2,1,0
6748,0.2,3,1,1
6749,0.2,1,0,1
6750,1.0,3,0,1
6751,0.2,2,0,0
6752,0.2,2,1,0
6753,0.2,3,1,0
6754,0.2,2,0,0
6755,0.2,1,0,1
6756,0.2,3,1,0
6757,0.2,2,1,0
6758,0.2,2,1,0
6759,0.2,2,1,0
6760,0.2,1,1,1
6761,0.2,1,1,0
6762,0.2,2,0,0
6763,0.2,1,1,1
6764,0.2,2,1,1
6765,0.2,2,1,0
6766,0.2,0,1,0
6767,0.2,2,1,0
6768,0.2,1,1,0
6769,0.2,1,1,1
6770,0.2,0,0,0
6771,1.0,1,1,1
6772,0.2,1,1,1
6773,0.2,1,1,1
6774,1.0,2,0,0
6775,0.2,0,1,1
6776,0.2,2,1,1
6777,0.2,1,1,1
6778,0.2,2,1,0
6779,0.2,1,1,1
6780,1.0,1,1,1
6781,0.2,1,1,1
6782,0.2,0,1,1
6783,0.2,3,1,0
6784,0.2,3,1,1
6785,0.2,1,1,0
6786,0.2,0,1,0
6787,2.2,0,0,1
6788,0.2,1,1,0
6789,1.0,1,1,1
6790,0.2,1,1,0
6791,0.2,0,1,1
6792,0.2,2,1,0
6793,0.2,1,1,0
6794,1.0,1,1,1
6795,0.2,1,1,0
6796,1.0,1,1,1
6797,0.2,0,0,0
6798,0.2,1,1,0
6799,0.2,2,1,1
6800,0.2,2,1,0
6801,0.2,2,1,0
6802,0.2,2,1,1
6803,0.2,3,1,0
6804,0.2,0,0,0
6805,0.2,2,1,0
6806,1.0,1,1,1
6807,1.0,2,1,1
6808,0.2,1,1,1
6809,1.0,2,1,1
6810,0.2,2,1,0
6811,1.0,1,1,1
6812,0.2,0,1,1
6813,0.2,2,1,1
6814,0.2,2,1,0
6815,0.2,1,0,0
6816,0.2,0,1,1
6817,1.0,3,0,0
6818,1.0,0,1,1
6819,0.2,1,1,0
6820,0.2,3,1,0
6821,0.2,2,1,0
6822,0.2,1,1,1
6823,0.2,3,1,0
6824,0.2,2,1,0
6825,0.2,0,1,0
6826,0.2,2,1,1
6827,0.2,2,1,0
6828,0.2,2,1,0
6829,0.2,2,1,0
6830,0.2,2,1,1
6831,0.2,2,1,1
6832,1.0,1,1,1
6833,0.2,2,1,0
6834,0.2,1,1,0
6835,0.2,1,1,1
6836,0.2,2,0,0
6837,0.2,2,1,0
6838,1.0,1,1,1
6839,0.2,1,1,1
6840,0.2,2,0,1
6841,0.2,2,1,1
6842,0.2,1,0,1
6843,2.2,1,1,1
6844,1.0,2,0,1
6845,1.0,2,0,1
6846,0.2,1,1,0
6847,1.0,3,1,1
6848,0.2,1,0,1
6849,0.2,0,0,1
6850,0.2,3,1,0
6851,1.0,2,0,1
6852,0.2,3,1,0
6853,0.2,1,1,0
6854,0.2,2,1,0
6855,0.2,1,0,0
6856,1.0,2,1,0
6857,1.0,2,1,0
6858,0.2,2,1,0
6859,0.2,2,1,1
6860,0.2,2,1,0
6861,0.2,2,1,0
6862,0.2,1,1,1
6863,0.2,1,1,0
6864,1.0,2,1,1
6865,1.0,2,1,1
6866,0.2,2,0,0
6867,1.0,1,0,1
6868,0.2,2,1,0
6869,0.2,1,1,0
6870,0.2,1,1,0
6871,0.2,2,1,0
6872,1.0,2,1,1
6873,0.2,1,1,0
6874,0.2,1,1,0
6875,1.0,3,1,1
6876,0.2,2,1,0
6877,0.2,1,0,1
6878,0.2,0,1,0
6879,1.0,1,1,1
6880,0.2,1,1,1
6881,1.0,0,1,1
6882,1.0,1,1,1
6883,0.2,2,1,0
6884,0.2,1,1,0
6885,0.2,1,1,1
6886,1.0,1,1,1
6887,1.0,2,1,1
6888,0.2,2,1,0
6889,0.2,2,0,1
6890,0.2,3,1,0
6891,1.0,3,1,1
6892,0.2,1,1,0
6893,0.2,0,1,1
6894,0.2,3,1,0
6895,1.0,1,1,1
6896,0.2,1,1,0
6897,0.2,2,1,0
6898,2.2,2,0,1
6899,0.2,2,1,0
6900,0.2,0,1,1
6901,0.2,1,1,0
6902,1.0,1,1,1
6903,0.2,1,1,1
6904,0.2,2,1,0
6905,2.2,2,1,1
6906,2.2,1,1,1
6907,0.2,0,1,0
6908,0.2,2,1,0
6909,0.2,2,1,1
6910,0.2,1,1,1
6911,2.2,1,0,1
6912,0.2,2,0,0
6913,0.2,2,1,0
6914,0.2,1,1,0
6915,0.2,2,0,0
6916,0.2,1,1,0
6917,0.2,1,1,0
6918,0.2,0,1,1
6919,0.2,1,0,1
6920,2.5999999999999996,3,1,0
6921,0.2,0,0,1
6922,0.2,2,1,0
6923,2.2,0,1,1
6924,1.0,2,1,1
6925,0.2,2,0,0
6926,0.2,3,0,0
6927,1.0,1,1,1
6928,0.2,2,1,0
6929,0.2,3,1,1
6930,0.2,2,1,0
6931,0.2,2,1,0
6932,0.2,3,0,0
6933,0.2,1,1,0
6934,0.2,2,1,0
6935,0.2,2,1,0
6936,0.2,0,1,1
6937,1.0,2,1,1
6938,0.2,2,1,0
6939,0.2,2,1,0
6940,0.2,2,1,0
6941,0.2,2,0,0
6942,0.2,1,1,0
6943,0.2,1,1,1
6944,0.2,1,1,0
6945,0.2,0,1,0
6946,0.2,2,1,1
6947,0.2,2,1,1
6948,1.0,0,1,1
6949,0.2,2,1,0
6950,0.2,3,1,0
6951,0.2,0,1,0
6952,0.2,2,0,0
6953,0.2,1,1,1
6954,0.2,1,1,0
6955,1.0,0,1,0
6956,0.2,0,1,1
6957,0.2,2,1,1
6958,0.2,1,1,0
6959,1.0,1,1,1
6960,1.0,1,1,1
6961,0.2,0,1,1
6962,2.2,1,1,1
6963,1.0,1,1,1
6964,0.2,1,0,1
6965,1.0,1,1,1
6966,0.2,1,1,0
6967,0.2,1,1,0
6968,1.0,3,1,0
6969,0.2,3,1,0
6970,0.2,2,1,0
6971,1.0,1,1,1
6972,1.0,0,1,1
6973,0.2,1,0,0
6974,2.2,2,0,1
6975,0.2,2,0,0
6976,0.2,3,1,0
6977,1.0,1,1,1
6978,0.2,2,1,0
6979,0.2,2,1,1
6980,1.0,2,1,1
6981,0.2,2,0,1
6982,0.2,2,1,0
6983,1.0,2,1,1
6984,0.2,0,0,0
6985,0.2,2,1,0
6986,1.0,2,0,1
6987,1.0,0,1,1
6988,0.2,1,1,1
6989,0.2,2,1,0
6990,0.2,1,1,0
6991,1.0,1,1,1
6992,1.0,0,1,1
6993,0.2,2,1,0
6994,0.2,1,1,1
6995,0.2,2,1,0
6996,0.2,3,1,0
6997,0.2,2,0,0
6998,0.2,1,1,1
6999,0.2,1,1,0
7000,1.0,1,0,1
7001,2.2,1,1,1
7002,0.2,0,1,1
7003,0.2,1,0,0
7004,1.0,0,0,1
7005,1.0,3,1,1
7006,0.2,1,1,0
7007,1.0,0,1,1
7008,0.2,2,0,0
7009,0.2,2,0,0
7010,0.2,1,1,1
7011,2.2,3,1,1
7012,0.2,1,1,0
7013,1.0,2,1,1
7014,1.0,0,1,1
7015,1.0,3,1,1
7016,0.2,2,0,0
7017,0.2,1,0,0
7018,0.2,2,1,0
7019,0.2,1,1,1
7020,0.2,2,1,0
7021,0.2,2,1,0
7022,0.2,1,1,0
7023,0.2,2,1,0
7024,0.2,1,1,0
7025,0.2,0,1,0
7026,1.0,1,0,1
7027,0.2,1,1,0
7028,0.2,2,1,0
7029,0.2,1,1,0
7030,0.2,2,1,0
7031,0.2,0,0,0
7032,0.2,1,0,0
7033,0.2,1,0,1
7034,0.2,2,1,0
7035,0.2,1,0,1
7036,1.0,1,1,1
7037,0.2,2,1,0
7038,0.2,1,1,0
7039,2.2,3,1,1
7040,1.0,0,1,1
7041,2.2,2,1,1
7042,0.2,0,0,1
7043,0.2,2,1,0
7044,0.2,3,1,0
7045,0.2,0,1,1
7046,0.2,1,1,0
7047,0.2,0,1,1
7048,0.2,1,1,0
7049,0.2,0,1,1
7050,0.2,1,1,1
7051,0.2,1,1,0
7052,0.2,3,1,1
7053,0.2,1,1,1
7054,1.0,1,0,1
7055,1.0,2,1,1
7056,0.2,2,1,0
7057,1.0,3,1,0
7058,0.2,0,1,1
7059,0.2,2,1,1
7060,0.2,2,1,0
7061,0.2,1,1,0
7062,0.2,1,1,0
7063,0.2,1,1,1
7064,0.2,2,1,1
7065,0.2,1,0,1
7066,1.0,2,1,1
7067,1.0,3,1,0
7068,0.2,1,1,0
7069,0.2,1,0,1
7070,0.2,1,0,0
7071,0.2,1,1,0
7072,1.0,3,1,1
7073,0.2,1,1,1
7074,0.2,2,1,0
7075,0.2,0,1,0
7076,0.2,2,1,0
7077,0.2,0,1,1
7078,0.2,2,1,0
7079,0.2,1,1,0
7080,0.2,0,1,0
7081,0.2,2,1,0
7082,0.2,1,1,1
7083,0.2,0,1,1
7084,0.2,3,1,0
7085,0.2,1,1,1
7086,0.2,1,1,1
7087,0.2,2,1,0
7088,0.2,3,1,0
7089,0.2,1,1,1
7090,1.0,0,1,1
7091,0.2,1,1,0
7092,1.0,2,1,0
7093,0.2,2,1,1
7094,1.0,1,1,1
7095,0.2,3,0,1
7096,0.2,0,1,1
7097,0.2,1,1,0
7098,0.2,2,1,0
7099,1.0,1,1,1
7100,0.2,2,1,0
7101,0.2,2,0,0
7102,0.2,2,1,1
7103,0.2,1,1,0
7104,0.2,1,1,0
7105,0.2,2,1,1
7106,0.2,3,1,0
7107,0.2,2,1,0
7108,1.0,1,0,1
7109,0.2,1,1,0
7110,0.2,3,1,0
7111,0.2,2,1,0
7112,0.2,2,0,1
7113,0.2,1,1,0
7114,0.2,2,1,0
7115,0.2,1,1,0
7116,0.2,1,1,0
7117,0.2,1,1,0
7118,0.2,0,1,1
7119,0.2,3,0,0
7120,0.2,3,1,0
7121,1.0,3,1,1
7122,0.2,1,1,0
7123,0.2,1,1,1
7124,0.2,1,1,1
7125,0.2,1,1,0
7126,0.2,1,1,0
7127,1.0,2,1,0
7128,0.2,0,1,0
7129,1.0,2,1,1
7130,0.2,0,1,0
7131,0.2,1,0,1
7132,1.0,2,1,1
7133,0.2,2,1,0
7134,0.2,2,0,0
7135,0.2,1,1,1
7136,0.2,2,1,1
7137,0.2,0,1,0
7138,0.2,0,1,1
7139,0.2,1,1,1
7140,0.2,2,1,1
7141,1.0,2,1,1
7142,0.2,1,1,1
7143,0.2,2,1,0
7144,0.2,1,1,0
7145,0.2,1,1,0
7146,1.0,0,1,1
7147,0.2,2,1,0
7148,0.2,3,1,0
7149,0.2,1,0,1
7150,1.0,1,1,1
7151,0.2,0,1,0
7152,0.2,3,1,0
7153,0.2,2,0,0
7154,0.2,2,1,0
7155,0.2,2,1,1
7156,0.2,1,1,1
7157,0.2,1,0,0
7158,0.2,1,0,0
7159,0.2,1,0,0
7160,0.2,3,1,0
7161,1.0,1,1,0
7162,0.2,0,1,0
7163,0.2,2,1,1
7164,2.2,2,1,1
7165,1.0,0,0,0
7166,1.0,3,0,1
7167,0.2,2,1,0
7168,0.2,2,1,0
7169,0.2,0,1,1
7170,0.2,2,1,0
7171,0.2,0,1,1
7172,0.2,1,1,0
7173,0.2,2,1,0
7174,0.2,2,1,0
7175,0.2,2,1,0
7176,0.2,1,1,0
7177,0.2,3,1,0
7178,1.0,1,1,1
7179,0.2,1,1,0
7180,2.2,1,1,1
7181,0.2,0,1,1
7182,1.0,1,1,1
7183,1.0,3,0,1
7184,0.2,2,1,0
7185,0.2,3,1,0
7186,0.2,2,1,0
7187,0.2,2,1,0
7188,1.0,2,0,1
7189,0.2,2,1,1
7190,0.2,2,0,1
7191,0.2,2,1,0
7192,0.2,2,1,1
7193,0.2,1,1,1
7194,1.0,2,1,1
7195,0.2,2,1,0
7196,0.2,1,1,0
7197,0.2,2,1,0
7198,0.2,1,1,1
7199,0.2,1,1,0
7200,0.2,2,1,1
7201,0.2,1,1,0
7202,0.2,2,1,0
7203,1.0,2,0,0
7204,1.0,3,0,0
7205,0.2,1,1,1
7206,0.2,1,1,0
7207,0.2,1,1,0
7208,0.2,1,1,0
7209,1.0,2,1,1
7210,0.2,2,1,0
7211,0.2,1,1,1
7212,0.2,0,1,1
7213,1.0,1,0,1
7214,0.2,0,1,0
7215,0.2,3,1,0
7216,0.2,1,1,0
7217,0.2,1,0,0
7218,0.2,1,1,0
7219,1.0,1,1,1
7220,0.2,0,1,0
7221,0.2,2,0,1
7222,0.2,0,0,0
7223,0.2,2,1,1
7224,0.2,3,1,1
7225,0.2,2,0,0
7226,0.2,1,1,1
7227,0.2,1,1,0
7228,0.2,1,1,1
7229,0.2,1,1,0
7230,0.2,2,1,1
7231,0.2,2,1,1
7232,0.2,2,1,0
7233,0.2,1,1,0
7234,1.0,1,0,1
7235,0.2,2,1,0
7236,0.2,2,1,0
7237,1.0,2,1,1
7238,0.2,1,0,0
7239,1.0,2,1,1
7240,1.0,1,1,1
7241,0.2,1,1,0
7242,1.0,0,1,1
7243,0.2,2,1,1
7244,0.2,3,0,0
7245,1.0,2,1,1
7246,0.2,1,1,0
7247,0.2,1,1,0
7248,0.2,1,1,1
7249,0.2,2,1,0
7250,0.2,3,1,0
7251,0.2,1,1,0
7252,0.2,3,1,0
7253,0.2,1,1,0
7254,0.2,3,1,0
7255,0.2,1,1,0
7256,0.2,1,0,1
7257,0.2,1,1,1
7258,0.2,2,0,1
7259,1.0,0,0,1
7260,0.2,1,0,0
7261,0.2,1,1,0
7262,0.2,2,0,0
7263,1.0,3,1,0
7264,0.2,1,1,0
7265,1.0,2,1,1
7266,0.2,1,1,1
7267,1.0,0,1,1
7268,1.0,1,1,1
7269,0.2,1,1,1
7270,1.0,0,1,1
7271,0.2,1,1,1
7272,0.2,2,1,0
7273,0.2,2,1,1
7274,1.0,3,1,1
7275,0.2,2,1,1
7276,1.0,0,0,1
7277,0.2,2,1,0
7278,0.2,1,1,0
7279,1.0,0,0,1
7280,1.0,2,1,1
7281,0.2,3,1,0
7282,0.2,1,1,0
7283,0.2,2,1,0
7284,0.2,3,1,0
7285,0.2,3,1,1
7286,1.0,1,1,1
7287,0.2,2,1,0
7288,0.2,2,1,0
7289,0.2,1,0,1
7290,1.0,1,0,1
7291,0.2,3,1,0
7292,0.2,1,1,0
7293,0.2,1,0,1
7294,0.2,1,1,1
7295,0.2,2,1,1
7296,0.2,1,0,0
7297,0.2,1,1,0
7298,0.2,2,1,0
7299,1.0,2,1,0
7300,0.2,3,1,0
7301,0.2,2,1,0
7302,0.2,1,1,0
7303,0.2,2,1,1
7304,0.2,2,1,1
7305,0.2,1,0,0
7306,0.2,2,1,0
7307,1.0,3,1,0
7308,0.2,0,1,0
7309,0.2,0,1,0
7310,0.2,2,1,0
7311,0.2,0,1,1
7312,0.2,2,1,0
7313,0.2,2,1,0
7314,1.0,2,1,1
7315,0.2,2,1,0
7316,0.2,0,1,0
7317,0.2,3,1,0
7318,0.2,2,1,1
7319,1.0,2,1,1
7320,0.2,1,1,1
7321,1.0,1,1,1
7322,0.2,1,1,0
7323,0.2,3,1,1
7324,1.0,1,0,1
7325,0.2,1,1,0
7326,0.2,2,1,0
7327,0.2,2,1,0
7328,0.2,1,1,1
7329,0.2,2,1,0
7330,0.2,3,1,0
7331,0.2,2,1,0
7332,0.2,2,1,1
7333,0.2,2,0,0
7334,0.2,2,1,0
7335,0.2,3,1,0
7336,0.2,0,1,1
7337,0.2,3,1,1
7338,0.2,0,1,1
7339,0.2,0,1,1
7340,1.0,1,0,1
7341,0.2,2,1,0
7342,1.0,3,0,0
7343,0.2,2,0,0
7344,0.2,2,0,0
7345,0.2,1,1,0
7346,0.2,2,1,0
7347,0.2,2,0,1
7348,0.2,2,1,0
7349,0.2,2,1,0
7350,0.2,1,1,1
7351,0.2,2,1,0
7352,0.2,1,1,0
7353,0.2,0,1,1
7354,0.2,0,1,1
7355,1.0,1,1,1
7356,0.2,3,0,0
7357,0.2,0,1,1
7358,0.2,1,1,0
7359,1.0,1,1,1
7360,1.0,2,1,1
7361,0.2,1,1,0
7362,0.2,0,1,0
7363,0.2,1,0,1
7364,1.0,2,1,0
7365,0.2,1,1,1
7366,0.2,2,1,0
7367,0.2,1,1,0
7368,1.0,2,1,1
7369,0.2,1,1,0
7370,0.2,0,1,0
7371,0.2,1,0,0
7372,1.0,1,1,1
7373,0.2,2,1,1
7374,0.2,1,1,1
7375,0.2,2,1,0
7376,0.2,1,0,1
7377,0.2,2,0,1
7378,0.2,3,1,0
7379,2.2,2,1,1
7380,0.2,1,1,1
7381,0.2,1,0,1
7382,1.0,2,1,0
7383,1.0,1,1,1
7384,1.0,2,1,1
7385,0.2,3,1,0
7386,0.2,2,1,0
7387,0.2,1,0,0
7388,0.2,2,1,0
7389,0.2,1,1,0
7390,0.2,2,1,0
7391,0.2,1,1,0
7392,1.0,2,1,1
7393,1.0,2,1,1
7394,0.2,2,1,0
7395,0.2,1,0,1
7396,0.2,1,1,1
7397,1.0,0,1,1
7398,0.2,1,1,1
7399,0.2,1,0,1
7400,1.0,1,0,1
7401,0.2,0,1,1
7402,0.2,1,1,0
7403,0.2,2,0,0
7404,1.0,1,1,1
7405,0.2,1,1,0
7406,0.2,1,1,1
7407,0.2,2,1,0
7408,2.2,2,1,1
7409,1.0,2,1,1
7410,0.2,1,1,0
7411,1.0,2,0,1
7412,1.0,1,1,0
7413,0.2,2,1,0
7414,0.2,0,1,1
7415,0.2,1,0,0
7416,0.2,1,0,0
7417,0.2,1,1,0
7418,0.2,1,1,1
7419,1.0,2,1,1
7420,1.0,2,0,0
7421,0.2,1,1,0
7422,0.2,3,0,0
7423,0.2,2,1,1
7424,0.2,3,0,0
7425,0.2,3,1,0
7426,0.2,1,0,1
7427,0.2,0,1,1
7428,0.2,1,1,1
7429,0.2,2,1,0
7430,0.2,2,1,0
7431,1.0,2,1,0
7432,0.2,2,1,0
7433,0.2,2,1,0
7434,0.2,2,1,0
7435,0.2,2,1,0
7436,1.0,2,1,0
7437,0.2,2,1,1
7438,2.2,2,1,1
7439,0.2,0,0,1
7440,0.2,2,0,0
7441,0.2,1,1,1
7442,0.2,1,1,0
7443,0.2,1,0,1
7444,0.2,1,1,0
7445,0.2,0,1,0
7446,0.2,2,1,1
7447,1.0,1,1,1
7448,1.0,1,0,1
7449,1.0,3,1,1
7450,2.2,3,0,1
7451,0.2,1,0,0
7452,1.0,2,1,0
7453,0.2,1,1,0
7454,1.0,1,1,1
7455,1.0,2,1,1
7456,0.2,0,1,1
7457,0.2,0,1,1
7458,1.0,2,1,1
7459,0.2,3,1,0
7460,0.2,1,0,1
7461,0.2,1,0,1
7462,0.2,1,1,0
7463,0.2,2,1,1
7464,1.0,3,0,1
7465,0.2,1,1,0
7466,0.2,1,1,0
7467,0.2,1,1,1
7468,0.2,1,1,0
7469,1.0,1,1,0
7470,1.0,2,1,1
7471,0.2,3,1,0
7472,0.2,3,0,0
7473,0.2,2,1,0
7474,0.2,1,1,1
7475,0.2,2,1,0
7476,1.0,2,1,0
7477,0.2,1,1,0
7478,0.2,2,1,0
7479,0.2,1,1,1
7480,0.2,2,1,0
7481,0.2,0,1,1
7482,0.2,0,0,0
7483,1.0,2,1,1
7484,0.2,1,1,1
7485,0.2,0,0,0
7486,0.2,3,0,1
7487,0.2,2,0,1
7488,1.0,1,1,1
7489,0.2,3,1,0
7490,0.2,1,1,1
7491,0.2,2,1,1
7492,0.2,3,0,0
7493,1.0,2,1,1
7494,0.2,3,1,0
7495,0.2,0,1,1
7496,0.2,1,0,0
7497,0.2,2,1,0
7498,0.2,2,1,1
7499,0.2,2,1,1
7500,0.2,1,1,0
7501,0.2,2,1,0
7502,1.0,2,1,1
7503,0.2,2,1,1
7504,0.2,1,1,0
7505,1.0,2,0,1
7506,0.2,1,1,0
7507,0.2,0,1,0
7508,1.0,3,1,1
7509,0.2,2,0,1
7510,0.2,1,1,0
7511,0.2,1,1,1
7512,0.2,1,1,0
7513,0.2,2,1,0
7514,0.2,2,0,0
7515,0.2,1,1,0
7516,0.2,2,0,0
7517,0.2,1,0,1
7518,0.2,1,1,0
7519,0.2,0,1,1
7520,1.0,3,1,1
7521,2.2,2,1,1
7522,1.0,1,1,1
7523,2.2,1,1,1
7524,0.2,1,0,1
7525,0.2,1,1,0
7526,0.2,2,1,1
7527,0.2,2,1,1
7528,1.0,3,0,0
7529,0.2,2,1,0
7530,1.0,2,1,1
7531,0.2,1,1,0
7532,1.0,0,0,1
7533,0.2,2,1,0
7534,0.2,2,0,0
7535,0.2,2,1,0
7536,1.0,1,1,1
7537,0.2,2,1,0
7538,0.2,2,1,0
7539,0.2,1,1,1
7540,0.2,3,1,0
7541,0.2,2,0,0
7542,0.2,2,1,0
7543,0.2,1,1,0
7544,1.0,3,0,0
7545,0.2,3,0,0
7546,0.2,1,1,1
7547,0.2,1,1,1
7548,0.2,0,1,1
7549,1.0,2,0,1
7550,0.2,2,1,1
7551,0.2,1,1,1
7552,0.2,3,1,0
7553,0.2,1,1,0
7554,0.2,3,1,0
7555,0.2,1,0,1
7556,1.0,1,1,1
7557,0.2,0,1,0
7558,0.2,2,1,0
7559,0.2,2,1,1
7560,0.2,2,1,0
7561,0.2,1,1,1
7562,1.0,2,1,1
7563,1.0,3,1,0
7564,0.2,1,1,1
7565,0.2,1,0,0
7566,0.2,2,1,0
7567,1.0,1,1,1
7568,0.2,1,1,0
7569,0.2,0,1,1
7570,0.2,2,1,1
7571,0.2,1,1,1
7572,0.2,3,1,0
7573,1.0,2,0,1
7574,0.2,3,1,0
7575,2.2,2,1,1
7576,0.2,2,1,1
7577,0.2,2,1,1
7578,1.0,2,1,1
7579,1.0,2,0,1
7580,1.0,2,1,1
7581,0.2,2,0,1
7582,0.2,1,1,1
7583,0.2,2,1,1
7584,0.2,1,0,0
7585,0.2,2,0,0
7586,0.2,2,1,0
7587,1.0,1,1,1
7588,1.0,2,1,0
7589,1.0,2,1,1
7590,0.2,0,1,0
7591,0.2,3,1,0
7592,0.2,0,1,0
7593,0.2,1,1,1
7594,0.2,3,1,0
7595,1.0,2,1,1
7596,0.2,2,1,0
7597,0.2,2,0,0
7598,0.2,1,0,1
7599,1.0,0,1,1
7600,0.2,1,1,1
7601,0.2,2,1,1
7602,0.2,2,1,0
7603,0.2,2,0,1
7604,0.2,2,0,1
7605,0.2,0,1,1
7606,1.0,2,0,1
7607,1.0,2,1,1
7608,1.0,2,1,0
7609,1.0,2,1,1
7610,0.2,0,1,0
7611,0.2,1,1,0
7612,0.2,3,1,0
7613,0.2,3,1,0
7614,0.2,3,1,0
7615,0.2,1,0,0
7616,1.0,2,1,0
7617,0.2,1,1,0
7618,0.2,2,1,1
7619,1.0,3,0,0
7620,0.2,0,1,1
7621,0.2,3,1,0
7622,0.2,0,1,1
7623,0.2,1,1,1
7624,0.2,3,1,0
7625,0.2,2,1,0
7626,0.2,1,0,1
7627,0.2,1,1,1
7628,1.0,3,1,0
7629,1.0,2,0,0
7630,0.2,2,1,0
7631,1.0,1,1,1
7632,1.0,1,1,1
7633,0.2,1,0,0
7634,1.0,2,1,1
7635,0.2,2,1,0
7636,1.0,3,1,0
7637,1.0,2,1,1
7638,0.2,2,1,0
7639,0.2,3,1,1
7640,1.0,1,1,1
7641,0.2,3,1,0
7642,1.0,2,1,1
7643,0.2,0,1,1
7644,1.0,3,1,1
7645,1.0,1,0,0
7646,0.2,1,1,1
7647,0.2,1,1,0
7648,0.2,3,1,0
7649,1.0,2,1,0
7650,0.2,3,1,0
7651,0.2,0,1,0
7652,1.0,2,1,0
7653,1.0,1,1,1
7654,0.2,2,1,0
7655,1.0,2,1,0
7656,0.2,2,1,0
7657,0.2,0,1,1
7658,0.2,2,1,0
7659,1.0,1,1,1
7660,0.2,0,0,0
7661,0.2,3,1,0
7662,0.2,1,1,0
7663,0.2,2,1,0
7664,0.2,1,1,1
7665,0.2,1,1,0
7666,0.2,2,0,0
7667,1.0,3,1,1
7668,0.2,1,1,0
7669,0.2,2,1,1
7670,0.2,2,1,0
7671,0.2,3,1,0
7672,0.2,2,1,0
7673,0.2,3,0,0
7674,2.2,2,1,1
7675,0.2,1,1,0
7676,0.2,1,1,1
7677,0.2,2,1,0
7678,2.2,1,0,1
7679,0.2,1,1,0
7680,0.2,1,1,1
7681,0.2,1,1,0
7682,0.2,0,1,1
7683,0.2,1,1,1
7684,0.2,1,1,1
7685,0.2,1,1,0
7686,1.0,1,1,1
7687,2.2,2,1,1
7688,0.2,1,1,1
7689,1.0,2,1,1
7690,0.2,2,1,0
7691,0.2,0,0,0
7692,1.0,2,1,1
7693,1.0,1,1,1
7694,0.2,3,0,0
7695,0.2,3,1,0
7696,0.2,1,1,1
7697,0.2,0,1,1
7698,0.2,2,1,1
7699,1.0,1,1,0
7700,0.2,2,1,0
7701,0.2,0,1,0
7702,0.2,2,1,0
7703,0.2,3,0,0
7704,0.2,1,1,1
7705,0.2,1,0,0
7706,0.2,2,1,0
7707,0.2,2,1,0
7708,0.2,1,1,0
7709,0.2,2,0,1
7710,0.2,0,0,0
7711,0.2,1,1,0
7712,0.2,2,1,1
7713,1.0,1,1,1
7714,0.2,2,1,1
7715,0.2,0,1,1
7716,0.2,1,1,0
7717,1.0,0,1,1
7718,0.2,1,1,1
7719,0.2,1,1,0
7720,1.0,2,1,1
7721,0.2,2,1,0
7722,1.0,0,1,1
7723,1.0,1,1,1
7724,1.0,1,1,0
7725,0.2,2,1,0
7726,0.2,0,1,1
7727,0.2,2,1,0
7728,0.2,2,1,1
7729,3.0,2,1,1
7730,0.2,2,1,0
7731,0.2,1,1,1
7732,1.0,3,0,1
7733,1.0,2,1,1
7734,0.2,1,1,0
7735,0.2,1,1,1
7736,0.2,0,1,1
7737,1.0,3,1,0
7738,1.0,2,1,1
7739,0.2,0,1,0
7740,0.2,3,1,0
7741,0.2,2,1,0
7742,1.0,1,1,1
7743,0.2,2,0,0
7744,0.2,2,0,0
7745,0.2,0,1,0
7746,0.2,0,1,0
7747,0.2,1,1,0
7748,0.2,0,1,1
7749,2.2,3,1,1
7750,1.0,3,1,0
7751,0.2,1,1,1
7752,0.2,3,1,1
7753,1.0,1,1,0
7754,0.2,1,1,0
7755,0.2,3,1,0
7756,1.0,1,1,1
7757,0.2,3,1,0
7758,0.2,2,0,1
7759,0.2,1,1,0
7760,0.2,0,1,0
7761,0.2,2,1,0
7762,0.2,3,1,1
7763,0.2,2,1,0
7764,0.2,2,1,0
7765,0.2,2,1,0
7766,0.2,1,1,1
7767,0.2,2,0,1
7768,1.0,2,1,0
7769,0.2,3,1,0
7770,0.2,1,1,0
7771,0.2,1,1,1
7772,1.0,1,1,1
7773,1.0,2,1,1
7774,0.2,1,1,1
7775,1.0,1,1,1
7776,0.2,1,1,1
7777,0.2,1,1,1
7778,1.0,2,1,1
7779,0.2,2,0,0
7780,0.2,2,1,0
7781,0.2,1,1,1
7782,0.2,1,1,0
7783,0.2,0,1,0
7784,0.2,1,1,0
7785,0.2,0,1,1
7786,0.2,1,1,0
7787,0.2,2,1,1
7788,0.2,0,0,1
7789,1.0,3,1,1
7790,0.2,2,1,0
7791,1.0,2,1,1
7792,1.0,3,1,1
7793,0.2,2,1,0
7794,1.0,2,1,1
7795,1.0,2,0,1
7796,1.0,1,1,1
7797,0.2,2,1,0
7798,0.2,2,1,1
7799,0.2,3,1,0
7800,0.2,2,0,0
7801,0.2,2,1,0
7802,0.2,1,0,1
7803,1.0,1,1,1
7804,0.2,3,1,0
7805,0.2,1,1,0
7806,0.2,1,0,0
7807,0.2,2,1,0
7808,0.2,1,1,1
7809,1.0,2,1,1
7810,0.2,1,0,0
7811,0.2,3,1,0
7812,0.2,2,0,0
7813,0.2,2,0,0
7814,1.0,2,1,1
7815,1.0,2,1,1
7816,0.2,2,0,0
7817,0.2,1,1,0
7818,0.2,0,1,0
7819,1.0,1,1,1
7820,1.0,2,1,0
7821,0.2,2,1,0
7822,0.2,1,1,0
7823,0.2,2,1,0
7824,1.0,2,0,1
7825,0.2,2,0,0
7826,0.2,1,1,1
7827,0.2,2,1,1
7828,1.0,1,0,1
7829,0.2,2,1,0
7830,0.2,0,1,1
7831,1.0,0,1,1
7832,0.2,2,1,0
7833,0.2,1,1,0
7834,0.2,3,1,0
7835,1.0,0,0,1
7836,1.0,1,1,1
7837,0.2,2,1,0
7838,0.2,3,1,1
7839,0.2,3,0,0
7840,0.2,1,1,0
7841,0.2,2,1,0
7842,0.2,2,1,0
7843,0.2,0,1,1
7844,0.2,2,1,1
7845,1.0,2,1,1
7846,0.2,3,1,0
7847,0.2,2,1,0
7848,0.2,2,1,0
7849,1.0,2,1,0
7850,0.2,2,1,0
7851,2.2,2,0,1
7852,0.2,1,1,1
7853,1.0,3,1,1
7854,1.0,2,1,1
7855,0.2,3,0,0
7856,1.0,1,1,1
7857,0.2,3,1,0
7858,2.2,1,1,1
7859,0.2,2,1,0
7860,1.0,3,1,1
7861,1.0,0,1,1
7862,0.2,2,0,1
7863,0.2,1,0,0
7864,0.2,0,1,0
7865,0.2,3,1,0
7866,0.2,1,1,1
7867,1.0,1,0,0
7868,1.0,2,1,1
7869,0.2,1,1,0
7870,0.2,2,1,0
7871,1.0,1,0,1
7872,0.2,1,1,1
7873,1.0,3,1,1
7874,2.2,1,1,1
7875,0.2,1,1,0
7876,1.0,3,1,1
7877,0.2,2,0,0
7878,0.2,1,1,0
7879,0.2,3,1,0
7880,0.2,0,1,0
7881,0.2,2,1,0
7882,1.0,1,1,1
7883,0.2,2,1,0
7884,1.0,2,1,1
7885,1.0,1,1,1
7886,1.0,2,0,1
7887,0.2,0,1,0
7888,0.2,0,1,1
7889,0.2,2,1,0
7890,0.2,2,1,1
7891,2.2,1,0,1
7892,0.2,2,1,0
7893,1.0,0,1,1
7894,0.2,2,1,0
7895,0.2,1,1,0
7896,1.0,1,1,1
7897,0.2,1,1,0
7898,1.0,2,1,1
7899,0.2,0,1,0
7900,0.2,1,1,1
7901,1.0,3,1,1
7902,0.2,1,1,0
7903,0.2,2,1,1
7904,0.2,1,1,0
7905,0.2,2,1,0
7906,0.2,2,1,1
7907,0.2,2,0,0
7908,0.2,2,1,0
7909,0.2,1,1,0
7910,0.2,2,1,0
7911,0.2,2,1,0
7912,1.0,3,1,1
7913,0.2,2,1,0
7914,0.2,2,1,0
7915,0.2,2,1,0
7916,0.2,1,1,1
7917,0.2,2,1,0
7918,2.2,1,1,1
7919,0.2,2,0,1
7920,0.2,1,0,1
7921,0.2,1,1,1
7922,0.2,1,1,0
7923,1.0,3,1,0
7924,0.2,1,1,1
7925,0.2,1,1,1
7926,0.2,1,0,0
7927,0.2,2,1,1
7928,1.0,1,1,1
7929,0.2,2,1,1
7930,0.2,1,1,1
7931,1.0,3,1,0
7932,0.2,2,1,1
7933,1.0,2,1,1
7934,0.2,0,1,0
7935,0.2,3,1,0
7936,0.2,0,1,0
7937,0.2,2,1,0
7938,0.2,2,1,0
7939,0.2,1,1,1
7940,0.2,2,1,1
7941,0.2,2,1,1
7942,0.2,1,1,1
7943,1.0,3,1,1
7944,0.2,0,1,0
7945,0.2,1,1,0
7946,0.2,2,1,1
7947,0.2,2,1,0
7948,0.2,1,1,1
7949,0.2,1,0,0
7950,0.2,1,1,1
7951,0.2,2,1,0
7952,0.2,1,1,1
7953,0.2,0,1,0
7954,1.0,2,1,1
7955,0.2,1,0,0
7956,0.2,2,1,0
7957,0.2,2,1,0
7958,1.0,2,1,1
7959,0.2,2,1,1
7960,1.0,2,1,0
7961,0.2,3,1,0
7962,0.2,1,0,1
7963,0.2,1,1,1
7964,0.2,2,1,0
7965,1.0,2,1,1
7966,0.2,2,1,0
7967,0.2,2,1,0
7968,1.0,2,1,1
7969,1.0,1,1,1
7970,0.2,2,1,0
7971,0.2,2,0,1
7972,2.2,1,0,1
7973,0.2,3,1,0
7974,1.0,3,1,0
7975,0.2,1,0,1
7976,0.2,3,0,0
7977,0.2,1,1,1
7978,0.2,2,1,0
7979,0.2,2,1,0
7980,0.2,0,1,1
7981,0.2,3,1,0
7982,0.2,0,1,0
7983,0.2,0,1,1
7984,0.2,2,0,0
7985,1.0,1,1,1
7986,1.0,1,1,1
7987,0.2,2,1,0
7988,0.2,3,1,0
7989,0.2,3,1,0
7990,0.2,3,1,0
7991,1.0,1,0,1
7992,0.2,2,1,1
7993,0.2,1,1,1
7994,0.2,1,1,0
7995,0.2,1,1,0
7996,0.2,1,0,1
7997,1.0,0,1,1
7998,0.2,1,1,0
7999,0.2,1,1,0
8000,1.0,2,1,1
8001,0.2,1,1,1
8002,0.2,0,0,1
8003,2.2,1,1,1
8004,0.2,2,1,1
8005,0.2,2,1,0
8006,0.2,0,1,0
8007,0.2,3,0,0
8008,0.2,0,1,0
8009,0.2,3,1,0
8010,0.2,1,1,1
8011,0.2,2,1,0
8012,0.2,1,1,0
8013,0.2,1,1,0
8014,0.2,2,1,0
8015,1.0,3,1,1
8016,1.0,2,0,0
8017,0.2,3,1,1
8018,1.0,1,0,1
8019,2.2,2,1,1
8020,0.2,1,1,0
8021,0.2,2,1,0
8022,0.2,0,1,0
8023,3.0,2,1,1
8024,1.0,1,1,1
8025,0.2,3,1,0
8026,0.2,0,1,1
8027,0.2,2,1,0
8028,2.2,2,1,1
8029,0.2,2,1,0
8030,0.2,0,1,0
8031,0.2,1,1,1
8032,2.2,1,1,1
8033,0.2,2,1,0
8034,0.2,2,0,1
8035,0.2,2,1,0
8036,0.2,2,1,0
8037,0.2,3,1,0
8038,0.2,1,1,0
8039,0.2,2,1,1
8040,1.0,1,0,1
8041,1.0,0,1,1
8042,0.2,0,1,0
8043,0.2,2,1,1
8044,1.0,1,0,0
8045,0.2,0,1,0
8046,0.2,1,1,1
8047,0.2,2,1,0
8048,0.2,0,1,0
8049,1.0,1,1,1
8050,1.0,1,1,1
8051,1.0,1,1,1
8052,0.2,3,1,0
8053,1.0,1,1,1
8054,1.0,2,1,0
8055,1.0,2,1,1
8056,0.2,1,1,0
8057,0.2,2,1,0
8058,0.2,2,1,1
8059,0.2,2,1,0
8060,0.2,2,1,1
8061,1.0,1,1,1
8062,0.2,2,1,0
8063,0.2,2,1,1
8064,0.2,3,1,0
8065,0.2,1,1,0
8066,0.2,3,1,0
8067,0.2,3,0,1
8068,0.2,2,1,0
8069,0.2,1,1,1
8070,0.2,2,1,0
8071,0.2,1,1,1
8072,0.2,3,1,0
8073,0.2,0,1,1
8074,1.0,0,0,1
8075,1.0,1,1,1
8076,0.2,2,1,0
8077,0.2,0,0,0
8078,1.0,2,1,1
8079,0.2,1,1,0
8080,0.2,1,1,0
8081,0.2,1,1,1
8082,0.2,1,1,0
8083,2.2,3,0,1
8084,0.2,2,1,1
8085,0.2,1,1,0
8086,0.2,3,1,0
8087,2.2,1,0,1
8088,0.2,0,1,1
8089,0.2,3,0,0
8090,0.2,0,1,1
8091,0.2,0,1,1
8092,1.0,2,1,1
8093,1.0,3,1,1
8094,1.0,1,1,1
8095,0.2,2,1,0
8096,0.2,0,1,0
8097,0.2,2,1,0
8098,0.2,1,1,0
8099,0.2,1,1,1
8100,0.2,2,0,0
8101,0.2,2,1,0
8102,0.2,0,1,1
8103,0.2,0,1,0
8104,0.2,0,0,0
8105,1.0,1,1,1
8106,0.2,1,1,1
8107,0.2,2,1,1
8108,0.2,3,1,0
8109,0.2,1,1,0
8110,0.2,0,1,1
8111,0.2,1,1,0
8112,1.0,1,1,1
8113,0.2,1,1,1
8114,0.2,1,1,0
8115,1.0,1,1,1
8116,0.2,2,1,0
8117,1.0,1,1,1
8118,0.2,3,1,0
8119,0.2,1,1,0
8120,1.0,1,1,1
8121,0.2,2,0,0
8122,1.0,2,0,1
8123,1.0,1,1,1
8124,0.2,1,1,0
8125,0.2,1,0,0
8126,2.2,1,1,1
8127,0.2,1,1,0
8128,0.2,2,1,0
8129,0.2,2,1,0
8130,0.2,2,1,0
8131,0.2,2,1,0
8132,0.2,0,1,1
8133,0.2,1,1,0
8134,1.0,1,0,1
8135,0.2,1,1,1
8136,0.2,1,1,0
8137,0.2,2,1,0
8138,1.0,2,1,0
8139,0.2,1,1,1
8140,0.2,0,1,1
8141,0.2,2,1,0
8142,1.0,1,1,1
8143,1.0,2,1,1
8144,0.2,1,1,0
8145,0.2,2,1,1
8146,0.2,0,1,1
8147,0.2,2,1,0
8148,0.2,3,1,0
8149,0.2,0,1,0
8150,0.2,1,1,1
8151,0.2,1,1,0
8152,0.2,1,1,0
8153,1.0,1,1,1
8154,0.2,2,1,0
8155,0.2,1,1,1
8156,0.2,1,1,1
8157,1.0,1,1,1
8158,0.2,1,1,0
8159,0.2,0,1,0
8160,1.0,3,0,1
8161,0.2,1,1,0
8162,1.0,2,1,1
8163,0.2,2,1,0
8164,1.0,1,0,1
8165,0.2,2,1,0
8166,0.2,3,1,0
8167,1.0,3,1,0
8168,0.2,1,1,1
8169,0.2,2,1,0
8170,0.2,1,0,1
8171,0.2,3,0,0
8172,0.2,0,0,1
8173,0.2,1,0,0
8174,0.2,1,1,1
8175,0.2,2,0,0
8176,0.2,1,1,1
8177,0.2,0,1,1
8178,0.2,3,1,0
8179,0.2,2,1,0
8180,0.2,1,1,1
8181,1.0,0,1,1
8182,0.2,2,0,0
8183,0.2,1,1,0
8184,0.2,2,1,0
8185,0.2,2,1,0
8186,0.2,2,1,0
8187,0.2,2,1,1
8188,1.0,2,1,0
8189,0.2,2,1,0
8190,1.0,1,1,1
8191,0.2,3,0,0
8192,0.2,3,1,0
8193,0.2,3,0,1
8194,2.2,0,1,1
8195,0.2,2,1,1
8196,1.0,1,0,1
8197,1.0,2,1,1
8198,0.2,2,1,0
8199,0.2,3,1,0
8200,0.2,1,0,0
8201,0.2,2,0,0
8202,1.0,1,1,1
8203,0.2,2,1,0
8204,0.2,2,0,1
8205,1.0,1,1,0
8206,0.2,1,1,1
8207,1.0,1,1,0
8208,0.2,0,1,0
8209,1.0,3,1,1
8210,0.2,1,0,1
8211,1.0,2,1,1
8212,2.2,1,1,1
8213,0.2,0,1,0
8214,0.2,2,1,0
8215,0.2,0,1,0
8216,1.4,0,1,0
8217,0.2,2,1,0
8218,0.2,2,0,0
8219,0.2,3,0,1
8220,0.2,1,1,0
8221,0.2,1,1,1
8222,0.2,2,1,0
8223,0.2,1,1,1
8224,1.0,2,0,1
8225,0.2,0,1,1
8226,0.2,0,1,1
8227,0.2,2,1,0
8228,0.2,3,0,0
8229,0.2,2,1,0
8230,1.0,1,1,1
8231,0.2,1,1,1
8232,1.0,1,1,1
8233,0.2,1,1,1
8234,0.2,1,1,0
8235,0.2,1,0,0
8236,1.0,2,1,1
8237,0.2,1,1,1
8238,0.2,1,1,0
8239,0.2,0,1,1
8240,1.0,1,0,1
8241,0.2,2,1,0
8242,0.2,1,1,1
8243,0.2,1,0,0
8244,1.0,2,1,1
8245,0.2,1,1,1
8246,0.2,2,0,1
8247,0.2,1,1,1
8248,0.2,0,1,1
8249,0.2,3,1,0
8250,0.2,2,1,1
8251,0.2,0,0,1
8252,0.2,1,1,1
8253,0.2,3,1,0
8254,0.2,3,0,0
8255,0.2,0,1,0
8256,0.2,3,1,0
8257,0.2,1,1,0
8258,0.2,2,1,0
8259,0.2,2,1,1
8260,0.2,1,1,0
8261,0.2,3,1,0
8262,0.2,1,1,0
8263,0.2,2,1,0
8264,0.2,1,1,0
8265,0.2,2,1,0
8266,1.0,1,1,1
8267,0.2,2,1,1
8268,0.2,2,0,0
8269,1.0,2,1,0
8270,0.2,2,0,0
8271,0.2,1,1,0
8272,0.2,2,1,0
8273,0.2,0,0,0
8274,0.2,2,1,1
8275,0.2,0,1,0
8276,0.2,3,1,0
8277,0.2,1,1,0
8278,0.2,2,1,0
8279,0.2,1,0,0
8280,1.0,2,1,0
8281,0.2,2,0,1
8282,2.2,1,1,1
8283,1.0,0,1,1
8284,0.2,2,0,0
8285,1.0,1,0,1
8286,0.2,1,1,0
8287,1.0,2,1,0
8288,0.2,3,1,1
8289,2.2,0,1,1
8290,1.0,2,1,1
8291,0.2,1,1,1
8292,0.2,1,0,0
8293,0.2,1,1,1
8294,1.0,1,1,1
8295,0.2,1,1,1
8296,0.2,1,0,0
8297,0.2,1,1,0
8298,0.2,2,1,0
8299,0.2,3,1,0
8300,0.2,2,1,0
8301,0.2,1,1,0
8302,1.0,2,0,1
8303,0.2,2,0,0
8304,0.2,2,1,0
8305,0.2,2,0,0
8306,0.2,0,1,0
8307,0.2,1,1,0
8308,1.0,2,1,1
8309,0.2,1,1,0
8310,0.2,3,1,0
8311,0.2,1,1,1
8312,0.2,2,1,0
8313,1.0,1,0,1
8314,0.2,2,1,0
8315,0.2,1,1,0
8316,0.2,0,1,1
8317,0.2,1,1,0
8318,2.2,2,0,1
8319,0.2,2,1,0
8320,0.2,1,0,0
8321,0.2,1,1,1
8322,0.2,3,1,0
8323,0.2,3,1,0
8324,1.0,0,1,0
8325,0.2,1,1,1
8326,1.0,1,1,1
8327,0.2,2,1,0
8328,0.2,2,1,0
8329,1.0,1,0,1
8330,0.2,1,1,0
8331,0.2,1,1,0
8332,0.2,1,1,0
8333,0.2,3,0,0
8334,1.0,2,0,0
8335,0.2,2,1,1
8336,0.2,3,1,0
8337,0.2,0,1,1
8338,0.2,1,1,0
8339,0.2,3,1,0
8340,1.0,1,1,0
8341,0.2,1,1,0
8342,0.2,3,0,0
8343,0.2,2,1,0
8344,0.2,2,1,0
8345,0.2,2,1,0
8346,0.2,0,1,1
8347,0.2,2,1,0
8348,1.0,1,0,1
8349,0.2,1,1,1
8350,0.2,2,1,1
8351,0.2,2,0,1
8352,0.2,3,1,0
8353,0.2,1,0,1
8354,0.2,1,1,0
8355,1.0,2,1,1
8356,1.0,2,0,1
8357,0.2,0,1,1
8358,0.2,3,1,1
8359,1.0,2,1,1
8360,0.2,1,1,0
8361,0.2,2,1,0
8362,0.2,1,1,0
8363,1.0,3,1,0
8364,0.2,2,1,1
8365,1.0,2,1,1
8366,0.2,1,1,1
8367,1.0,2,0,1
8368,0.2,2,1,0
8369,0.2,2,0,0
8370,1.0,0,1,1
8371,1.0,1,1,1
8372,1.0,1,1,0
8373,0.2,3,1,0
8374,0.2,1,1,0
8375,0.2,3,0,1
8376,0.2,1,1,0
8377,0.2,2,1,0
8378,0.2,1,1,0
8379,0.2,2,1,1
8380,0.2,1,1,1
8381,0.2,1,1,0
8382,0.2,1,1,1
8383,0.2,2,1,0
8384,0.2,1,1,1
8385,1.0,1,1,1
8386,0.2,2,1,1
8387,0.2,1,1,1
8388,0.2,2,1,0
8389,0.2,2,1,0
8390,0.2,2,1,0
8391,0.2,1,1,1
8392,0.2,2,1,1
8393,0.2,1,1,1
8394,0.2,2,1,0
8395,0.2,1,1,1
8396,1.0,1,1,0
8397,1.0,1,0,1
8398,0.2,2,1,0
8399,0.2,0,1,1
8400,0.2,2,1,0
8401,1.0,3,1,0
8402,0.2,0,1,1
8403,0.2,2,1,0
8404,0.2,0,1,0
8405,0.2,1,1,1
8406,1.0,2,1,1
8407,0.2,1,1,0
8408,2.2,3,1,1
8409,0.2,1,1,0
8410,0.2,3,1,0
8411,1.0,2,1,0
8412,0.2,1,1,0
8413,0.2,1,1,0
8414,0.2,1,1,0
8415,0.2,3,1,0
8416,0.2,1,1,1
8417,0.2,2,1,0
8418,0.2,0,1,1
8419,0.2,2,1,0
8420,0.2,2,1,0
8421,0.2,1,1,0
8422,0.2,1,1,0
8423,0.2,0,1,1
8424,1.0,2,1,1
8425,1.0,1,1,1
8426,0.2,2,1,0
8427,0.2,3,1,0
8428,0.2,1,1,0
8429,0.2,2,1,0
8430,1.0,3,1,0
8431,1.0,2,0,1
8432,0.2,1,1,0
8433,0.2,2,1,1
8434,0.2,2,1,1
8435,0.2,2,1,1
8436,0.2,2,1,0
8437,0.2,1,1,1
8438,0.2,2,1,0
8439,1.0,1,1,1
8440,1.0,2,1,1
8441,0.2,1,0,0
8442,0.2,1,1,0
8443,0.2,0,1,1
8444,0.2,1,1,0
8445,0.2,1,1,0
8446,0.2,0,1,1
8447,0.2,2,1,1
8448,1.0,1,1,1
8449,1.0,2,1,0
8450,1.0,1,1,1
8451,0.2,3,1,0
8452,0.2,1,1,1
8453,0.2,1,1,1
8454,0.2,1,1,1
8455,1.0,2,1,1
8456,1.0,0,1,1
8457,0.2,1,1,1
8458,0.2,1,0,0
8459,0.2,3,1,0
8460,2.2,1,1,1
8461,0.2,1,0,0
8462,0.2,2,1,0
8463,1.0,1,1,1
8464,0.2,0,0,0
8465,2.2,1,1,1
8466,0.2,2,0,0
8467,0.2,2,1,1
8468,0.2,0,1,1
8469,0.2,1,1,1
8470,1.0,1,1,1
8471,0.2,2,1,0
8472,0.2,2,1,1
8473,2.2,1,1,1
8474,0.2,3,1,0
8475,0.2,1,1,0
8476,0.2,1,0,0
8477,1.0,3,1,1
8478,0.2,2,1,0
8479,0.2,2,1,0
8480,0.2,3,0,0
8481,0.2,2,0,1
8482,0.2,2,1,0
8483,0.2,3,0,0
8484,0.2,1,1,1
8485,0.2,3,0,0
8486,0.2,2,1,1
8487,0.2,2,1,0
8488,3.0,2,1,1
8489,1.0,0,1,1
8490,0.2,2,1,0
8491,0.2,2,1,0
8492,0.2,0,1,1
8493,0.2,2,1,0
8494,1.0,2,1,0
8495,1.0,1,1,1
8496,0.2,2,1,0
8497,0.2,1,1,1
8498,0.2,0,1,0
8499,0.2,1,1,0
8500,0.2,0,1,1
8501,0.2,1,1,1
8502,1.0,0,1,1
8503,0.2,2,1,0
8504,0.2,0,1,1
8505,0.2,0,1,1
8506,0.2,2,1,0
8507,1.0,2,1,1
8508,1.0,1,1,0
8509,0.2,3,1,0
8510,0.2,2,1,0
8511,0.2,1,1,1
8512,1.0,0,1,1
8513,0.2,0,1,0
8514,0.2,2,1,0
8515,1.0,2,1,1
8516,0.2,3,1,0
8517,0.2,1,1,1
8518,0.2,1,1,0
8519,0.2,1,1,0
8520,1.0,2,0,0
8521,0.2,2,0,0
8522,1.0,2,1,1
8523,0.2,1,1,0
8524,0.2,3,1,1
8525,0.2,1,1,1
8526,0.2,1,1,1
8527,0.2,3,0,0
8528,3.0,2,1,1
8529,0.2,2,0,0
8530,0.2,1,1,1
8531,0.2,2,1,0
8532,0.2,1,0,1
8533,2.2,1,0,1
8534,0.2,1,1,1
8535,0.2,0,1,0
8536,0.2,2,1,1
8537,0.2,2,1,1
8538,0.2,0,1,1
8539,0.2,1,1,0
8540,1.0,2,1,1
8541,0.2,2,1,1
8542,0.2,0,0,1
8543,0.2,1,1,0
8544,0.2,0,1,1
8545,0.2,0,1,0
8546,0.2,1,1,1
8547,0.2,2,0,0
8548,1.0,1,1,0
8549,0.2,1,0,1
8550,0.2,3,1,0
8551,0.2,1,1,1
8552,0.2,1,1,1
8553,1.0,2,1,0
8554,0.2,1,1,1
8555,0.2,2,0,0
8556,1.0,0,1,1
8557,0.2,3,0,0
8558,0.2,3,1,0
8559,1.0,1,1,1
8560,0.2,1,1,0
8561,1.0,2,1,0
8562,0.2,2,1,1
8563,1.0,0,1,1
8564,1.0,3,1,0
8565,0.2,0,1,1
8566,0.2,1,1,0
8567,1.0,2,1,0
8568,0.2,0,1,1
8569,1.0,2,1,1
8570,0.2,1,1,0
8571,0.2,1,1,0
8572,0.2,1,1,0
8573,1.0,3,1,1
8574,0.2,1,1,0
8575,0.2,2,1,1
8576,1.0,1,1,1
8577,0.2,1,1,0
8578,0.2,2,0,0
8579,1.0,1,1,1
8580,0.2,2,1,1
8581,0.2,2,1,0
8582,1.0,2,1,0
8583,0.2,3,0,0
8584,1.0,2,0,1
8585,0.2,2,1,0
8586,0.2,2,1,1
8587,1.0,1,1,1
8588,0.2,1,1,0
8589,1.0,3,1,1
8590,0.2,1,1,1
8591,0.2,1,1,0
8592,0.2,3,1,0
8593,0.2,0,1,1
8594,0.2,1,1,1
8595,0.2,1,1,1
8596,1.0,2,1,1
8597,2.2,3,1,1
8598,0.2,2,1,1
8599,0.2,1,1,1
8600,1.0,3,0,1
8601,0.2,1,1,0
8602,0.2,2,1,0
8603,0.2,1,1,1
8604,0.2,1,1,1
8605,1.0,0,0,1
8606,1.0,0,1,1
8607,0.2,3,0,0
8608,1.0,0,1,1
8609,0.2,2,1,0
8610,0.2,0,1,1
8611,0.2,2,1,0
8612,0.2,1,1,0
8613,0.2,2,1,0
8614,0.2,3,1,1
8615,0.2,1,0,0
8616,0.2,2,1,0
8617,0.2,1,1,1
8618,0.2,1,1,1
8619,0.2,1,1,0
8620,1.0,3,1,0
8621,0.2,1,1,0
8622,0.2,2,0,0
8623,0.2,1,1,0
8624,0.2,2,1,0
8625,0.2,2,0,0
8626,1.0,2,0,1
8627,0.2,0,1,1
8628,0.2,2,1,0
8629,1.0,0,1,1
8630,0.2,2,1,0
8631,0.2,2,1,1
8632,0.2,1,1,1
8633,0.2,0,1,1
8634,0.2,1,0,0
8635,0.2,2,1,1
8636,0.2,1,0,1
8637,1.0,1,1,0
8638,0.2,1,1,0
8639,1.0,1,1,1
8640,1.0,1,1,1
8641,1.0,2,0,1
8642,0.2,2,1,0
8643,0.2,2,0,1
8644,1.0,0,1,1
8645,0.2,2,1,0
8646,1.0,3,1,0
8647,0.2,3,0,0
8648,0.2,2,1,1
8649,0.2,3,0,1
8650,0.2,2,1,0
8651,1.0,1,1,1
8652,1.0,1,1,1
8653,0.2,3,1,0
8654,0.2,2,1,0
8655,0.2,2,0,0
8656,0.2,1,1,1
8657,1.0,1,1,1
8658,0.2,2,0,0
8659,0.2,3,1,0
8660,0.2,1,1,0
8661,0.2,0,1,1
8662,0.2,2,1,0
8663,0.2,2,1,1
8664,0.2,1,1,1
8665,0.2,1,1,0
8666,0.2,1,1,0
8667,0.2,0,0,1
8668,0.2,2,1,1
8669,0.2,2,0,1
8670,0.2,1,1,0
8671,0.2,3,1,1
8672,0.2,2,0,0
8673,2.2,1,1,1
8674,0.2,2,1,0
8675,0.2,1,1,0
8676,1.0,2,1,1
8677,0.2,1,0,1
8678,0.2,1,1,1
8679,0.2,2,1,1
8680,0.2,2,1,0
8681,0.2,1,0,0
8682,1.0,2,1,1
8683,0.2,3,1,1
8684,0.2,0,1,0
8685,1.0,1,0,1
8686,0.2,0,1,0
8687,0.2,2,1,0
8688,0.2,2,1,1
8689,1.0,0,0,1
8690,1.0,2,1,1
8691,0.2,2,0,0
8692,0.2,1,0,1
8693,0.2,3,1,0
8694,0.2,1,1,1
8695,1.0,2,1,1
8696,1.0,3,1,1
8697,0.2,1,0,1
8698,0.2,1,0,1
8699,0.2,1,1,0
8700,0.2,1,1,1
8701,0.2,1,0,0
8702,1.0,2,1,1
8703,0.2,3,1,1
8704,0.2,1,1,0
8705,0.2,1,1,0
8706,1.0,3,0,0
8707,1.0,2,1,1
8708,0.2,2,1,1
8709,0.2,1,1,1
8710,0.2,3,0,1
8711,0.2,1,1,1
8712,0.2,1,1,0
8713,1.0,0,1,1
8714,0.2,2,1,1
8715,0.2,1,1,0
8716,0.2,0,1,1
8717,1.0,0,1,1
8718,0.2,1,1,1
8719,1.0,2,1,0
8720,0.2,2,1,0
8721,0.2,2,1,0
8722,0.2,2,1,0
8723,0.2,2,1,1
8724,0.2,1,1,0
8725,1.0,0,0,1
8726,0.2,2,1,0
8727,0.2,0,1,0
8728,0.2,1,1,0
8729,0.2,0,1,0
8730,0.2,3,1,0
8731,0.2,1,1,0
8732,0.2,0,1,1
8733,1.0,1,1,1
8734,1.0,1,0,1
8735,0.2,0,1,1
8736,0.2,3,1,0
8737,1.0,1,1,1
8738,1.0,1,1,1
8739,0.2,1,1,0
8740,0.2,2,0,0
8741,0.2,1,1,1
8742,0.2,0,1,1
8743,0.2,2,1,0
8744,0.2,1,1,0
8745,1.0,3,1,0
8746,0.2,2,0,0
8747,0.2,0,0,1
8748,0.2,3,1,0
8749,0.2,1,0,1
8750,0.2,1,1,0
8751,0.2,2,1,0
8752,0.2,1,1,1
8753,0.2,2,1,0
8754,0.2,0,1,1
8755,1.0,3,1,1
8756,0.2,2,1,1
8757,1.0,1,1,1
8758,1.0,2,1,0
8759,0.2,1,0,1
8760,1.0,2,1,0
8761,0.2,0,1,0
8762,0.2,1,0,0
8763,0.2,1,1,1
8764,1.0,1,1,0
8765,0.2,2,1,1
8766,2.2,1,0,1
8767,1.0,2,1,1
8768,0.2,1,1,0
8769,0.2,3,1,0
8770,2.2,2,1,1
8771,1.0,3,1,1
8772,0.2,1,0,1
8773,0.2,3,0,0
8774,1.0,1,0,1
8775,1.0,1,1,1
8776,1.0,0,1,1
8777,0.2,1,1,1
8778,1.0,1,1,0
8779,0.2,2,1,1
8780,0.2,3,1,0
8781,0.2,0,1,0
8782,0.2,1,1,0
8783,0.2,0,0,1
8784,1.0,3,1,1
8785,1.0,2,1,0
8786,0.2,2,0,0
8787,0.2,2,1,0
8788,1.0,1,1,0
8789,1.0,1,0,1
8790,1.0,2,1,0
8791,1.0,3,1,1
8792,0.2,1,1,1
8793,0.2,2,1,0
8794,0.2,1,1,1
8795,1.0,2,1,1
8796,0.2,1,0,1
8797,0.2,2,1,1
8798,0.2,0,1,1
8799,0.2,2,1,0
8800,0.2,3,1,1
8801,1.0,1,1,1
8802,0.2,3,0,1
8803,0.2,1,0,0
8804,0.2,1,1,0
8805,0.2,2,1,1
8806,0.2,2,1,1
8807,0.2,2,0,1
8808,0.2,2,1,1
8809,0.2,0,1,0
8810,0.2,2,0,1
8811,0.2,0,0,0
8812,0.2,2,1,0
8813,0.2,2,1,0
8814,1.0,0,1,0
8815,0.2,0,1,1
8816,1.0,1,1,1
8817,0.2,1,1,1
8818,0.2,1,0,0
8819,0.2,2,1,0
8820,0.2,3,0,0
8821,0.2,0,1,0
8822,0.2,3,1,0
8823,0.2,0,1,0
8824,0.2,0,1,1
8825,0.2,1,0,0
8826,2.2,1,1,1
8827,0.2,0,1,0
8828,0.2,2,1,0
8829,0.2,2,1,0
8830,0.2,1,1,0
8831,0.2,2,1,0
8832,0.2,2,1,0
8833,0.2,2,0,0
8834,1.0,1,1,1
8835,0.2,2,1,1
8836,0.2,2,1,0
8837,0.2,3,1,0
8838,0.2,2,1,0
8839,0.2,2,1,1
8840,0.2,2,1,0
8841,0.2,2,1,0
8842,0.2,1,1,0
8843,1.0,1,1,0
8844,0.2,3,1,0
8845,0.2,2,1,1
8846,0.2,1,1,1
8847,0.2,0,1,0
8848,0.2,1,1,1
8849,0.2,2,0,0
8850,0.2,3,1,0
8851,0.2,1,1,0
8852,1.0,2,1,0
8853,2.2,1,1,1
8854,1.0,0,1,1
8855,0.2,1,0,1
8856,0.2,1,1,0
8857,0.2,1,1,0
8858,0.2,0,1,1
8859,0.2,2,1,0
8860,1.0,2,1,0
8861,0.2,2,1,0
8862,0.2,2,1,0
8863,1.0,2,1,1
8864,1.0,1,1,1
8865,0.2,1,1,0
8866,0.2,1,0,0
8867,0.2,3,0,0
8868,0.2,1,1,0
8869,0.2,1,1,1
8870,0.2,1,1,1
8871,1.0,1,1,1
8872,0.2,2,1,1
8873,0.2,0,1,1
8874,1.0,3,0,1
8875,2.2,1,0,1
8876,0.2,2,1,0
8877,0.2,2,1,1
8878,0.2,3,1,1
8879,0.2,0,1,1
8880,0.2,1,1,0
8881,0.2,2,1,0
8882,0.2,2,0,1
8883,0.2,2,1,0
8884,0.2,2,1,0
8885,1.0,2,1,1
8886,1.0,2,1,1
8887,1.0,3,1,1
8888,1.0,3,1,1
8889,0.2,1,1,1
8890,0.2,2,1,0
8891,0.2,0,1,0
8892,0.2,2,1,1
8893,0.2,2,1,0
8894,0.2,2,1,1
8895,0.2,1,1,0
8896,1.0,1,0,1
8897,0.2,1,0,1
8898,0.2,2,1,0
8899,0.2,2,1,1
8900,0.2,1,0,0
8901,0.2,1,1,0
8902,1.0,2,1,1
8903,0.2,1,1,0
8904,0.2,2,1,0
8905,1.0,0,1,1
8906,1.0,0,1,1
8907,0.2,2,1,0
8908,0.2,2,1,1
8909,1.0,3,1,1
8910,0.2,3,0,0
8911,1.0,2,1,0
8912,0.2,0,1,1
8913,0.2,0,1,1
8914,0.2,2,1,0
8915,0.2,2,1,1
8916,0.2,2,1,0
8917,0.2,1,1,1
8918,0.2,2,1,0
8919,0.2,1,0,0
8920,0.2,3,1,0
8921,1.0,3,1,1
8922,1.0,1,1,1
8923,0.2,3,1,0
8924,1.0,2,0,0
8925,0.2,3,0,0
8926,0.2,1,1,0
8927,0.2,2,1,0
8928,0.2,1,1,1
8929,0.2,2,0,0
8930,0.2,2,1,1
8931,0.2,2,1,1
8932,0.2,1,1,0
8933,0.2,2,1,0
8934,0.2,2,1,0
8935,0.2,0,1,0
8936,0.2,1,0,1
8937,0.2,1,0,1
8938,0.2,0,1,1
8939,1.0,2,0,1
8940,0.2,1,1,1
8941,1.0,2,1,0
8942,0.2,3,1,0
8943,0.2,1,1,0
8944,0.2,1,1,0
8945,0.2,1,1,0
8946,0.2,1,1,1
8947,0.2,3,1,0
8948,0.2,2,1,1
8949,0.2,3,1,0
8950,0.2,2,1,0
8951,0.2,1,1,1
8952,1.0,3,1,1
8953,0.2,2,1,0
8954,0.2,1,1,0
8955,1.0,1,1,1
8956,0.2,2,0,0
8957,0.2,1,1,1
8958,0.2,3,1,0
8959,0.2,0,0,1
8960,0.2,1,1,0
8961,0.2,2,1,1
8962,0.2,1,1,0
8963,0.2,2,1,0
8964,0.2,1,1,1
8965,0.2,2,1,0
8966,0.2,3,1,0
8967,2.2,2,0,1
8968,0.2,2,1,1
8969,0.2,3,1,0
8970,0.2,3,1,0
8971,0.2,2,1,0
8972,0.2,2,1,0
8973,0.2,2,1,1
8974,0.2,1,1,0
8975,0.2,1,1,1
8976,1.0,1,1,0
8977,0.2,1,0,0
8978,0.2,3,1,0
8979,1.0,2,1,1
8980,0.2,2,0,1
8981,0.2,2,1,0
8982,0.2,0,1,1
8983,0.2,1,1,0
8984,0.2,2,1,0
8985,0.2,2,1,0
8986,0.2,1,1,1
8987,0.2,0,1,1
8988,0.2,0,1,1
8989,0.2,0,1,1
8990,0.2,1,1,0
8991,0.2,1,0,0
8992,0.2,2,1,1
8993,0.2,0,1,1
8994,0.2,3,0,0
8995,0.2,1,0,0
8996,0.2,2,1,0
8997,1.0,2,0,1
8998,0.2,1,0,0
8999,0.2,2,1,1
9000,0.2,3,1,1
9001,0.2,0,1,0
9002,0.2,2,0,1
9003,1.0,1,1,1
9004,0.2,0,1,0
9005,0.2,1,1,0
9006,0.2,1,1,1
9007,0.2,0,1,0
9008,0.2,2,1,1
9009,0.2,0,0,0
9010,0.2,1,1,0
9011,0.2,3,1,0
9012,0.2,0,1,0
9013,0.2,3,1,1
9014,0.2,0,1,1
9015,0.2,3,0,0
9016,0.2,0,1,0
9017,1.0,1,1,1
9018,0.2,1,1,0
9019,1.0,2,1,1
9020,0.2,3,0,1
9021,0.2,1,1,1
9022,0.2,2,1,0
9023,0.2,1,1,1
9024,0.2,1,1,0
9025,0.2,1,1,0
9026,1.0,3,0,0
9027,1.0,2,1,1
9028,0.2,2,1,1
9029,0.2,2,1,0
9030,2.2,1,1,1
9031,1.0,1,1,1
9032,0.2,1,1,0
9033,0.2,1,1,0
9034,0.2,3,1,0
9035,0.2,3,1,0
9036,0.2,2,0,1
9037,1.0,3,1,0
9038,0.2,2,1,0
9039,1.0,1,0,1
9040,1.0,1,1,1
9041,0.2,2,0,1
9042,0.2,1,1,0
9043,1.0,2,1,1
9044,0.2,2,0,1
9045,1.0,2,0,1
9046,0.2,0,1,1
9047,0.2,2,1,1
9048,0.2,1,1,0
9049,0.2,2,1,1
9050,0.2,1,1,0
9051,0.2,1,1,0
9052,0.2,2,1,0
9053,0.2,1,1,1
9054,0.2,1,1,0
9055,0.2,2,1,1
9056,1.0,1,0,1
9057,0.2,2,1,0
9058,0.2,3,1,0
9059,0.2,1,1,0
9060,0.2,1,1,0
9061,0.2,2,1,0
9062,0.2,3,1,0
9063,1.0,2,1,1
9064,0.2,3,1,0
9065,0.2,3,1,0
9066,2.2,3,1,1
9067,0.2,2,1,1
9068,0.2,1,1,0
9069,0.2,2,0,0
9070,0.2,1,1,1
9071,1.0,0,1,1
9072,0.2,2,1,1
9073,0.2,1,1,0
9074,0.2,1,1,1
9075,1.0,2,0,1
9076,0.2,2,1,1
9077,0.2,2,1,0
9078,0.2,2,1,1
9079,0.2,2,1,0
9080,0.2,1,1,1
9081,0.2,2,1,0
9082,1.0,3,1,1
9083,0.2,1,1,1
9084,1.0,2,0,0
9085,0.2,2,1,0
9086,0.2,0,0,1
9087,0.2,0,1,1
9088,0.2,2,1,0
9089,1.0,1,1,1
9090,0.2,3,1,0
9091,0.2,2,1,0
9092,2.2,2,1,1
9093,0.2,1,1,1
9094,1.0,2,1,1
9095,2.2,2,1,1
9096,0.2,2,1,0
9097,0.2,2,1,1
9098,0.2,1,0,0
9099,0.2,0,1,0
9100,1.0,2,1,1
9101,1.0,2,0,1
9102,0.2,0,1,0
9103,0.2,2,1,0
9104,1.0,3,1,1
9105,0.2,0,1,1
9106,1.0,2,1,0
9107,0.2,3,1,0
9108,0.2,1,1,1
9109,0.2,2,0,0
9110,0.2,0,1,1
9111,1.0,0,1,1
9112,0.2,2,1,0
9113,1.0,0,1,1
9114,2.2,1,1,1
9115,0.2,2,1,0
9116,0.2,1,1,1
9117,2.2,1,0,1
9118,0.2,2,1,1
9119,0.2,1,1,0
9120,1.0,1,1,1
9121,1.0,1,1,1
9122,0.2,1,1,1
9123,0.2,2,0,1
9124,0.2,1,1,1
9125,0.2,3,1,0
9126,0.2,2,0,0
9127,0.2,2,1,0
9128,0.2,2,1,0
9129,0.2,3,1,0
9130,0.2,3,1,0
9131,1.0,0,1,1
9132,0.2,2,1,0
9133,0.2,2,0,0
9134,0.2,1,1,0
9135,1.0,1,1,1
9136,0.2,2,1,1
9137,0.2,1,1,1
9138,0.2,3,1,0
9139,0.2,2,1,1
9140,0.2,2,1,0
9141,1.0,2,1,1
9142,0.2,1,0,1
9143,1.0,1,1,1
9144,0.2,2,1,0
9145,0.2,2,1,0
9146,0.2,2,1,0
9147,0.2,0,1,0
9148,1.0,2,1,1
9149,1.0,3,1,0
9150,0.2,2,1,0
9151,0.2,2,1,0
9152,0.2,2,1,0
9153,0.2,1,1,0
9154,0.2,3,1,1
9155,0.2,1,1,1
9156,0.2,2,1,0
9157,0.2,2,1,0
9158,1.0,2,0,1
9159,0.2,1,1,0
9160,0.2,1,1,0
9161,0.2,2,1,1
9162,0.2,2,1,0
9163,1.0,2,0,1
9164,1.0,1,1,1
9165,0.2,1,1,0
9166,0.2,2,1,1
9167,1.0,0,1,1
9168,0.2,1,1,0
9169,0.2,2,1,0
9170,0.2,2,1,0
9171,0.2,1,1,1
9172,0.2,3,1,0
9173,0.2,3,1,0
9174,1.0,3,0,1
9175,0.2,2,1,0
9176,1.0,3,1,0
9177,0.2,1,1,0
9178,1.0,2,1,1
9179,0.2,0,1,0
9180,1.0,1,1,0
9181,0.2,2,1,0
9182,0.2,0,1,0
9183,0.2,3,1,1
9184,0.2,0,1,1
9185,0.2,1,1,1
9186,0.2,3,0,0
9187,0.2,2,0,1
9188,0.2,3,1,0
9189,0.2,3,1,0
9190,0.2,0,1,0
9191,0.2,1,1,0
9192,0.2,2,1,1
9193,0.2,2,1,0
9194,0.2,3,1,0
9195,1.0,3,1,0
9196,0.2,2,1,0
9197,0.2,2,1,0
9198,1.0,0,1,1
9199,0.2,1,1,0
9200,0.2,1,1,0
9201,0.2,1,1,1
9202,1.0,2,1,1
9203,0.2,0,1,1
9204,0.2,2,1,0
9205,0.2,1,1,0
9206,1.0,1,0,1
9207,0.2,2,0,0
9208,1.0,2,1,1
9209,0.2,2,1,0
9210,0.2,2,0,0
9211,0.2,2,0,0
9212,0.2,1,1,0
9213,1.0,2,1,1
9214,0.2,0,0,0
9215,0.2,1,1,1
9216,0.2,0,1,1
9217,0.2,0,1,1
9218,0.2,2,1,0
9219,0.2,2,1,0
9220,0.2,2,1,0
9221,0.2,2,1,0
9222,1.0,2,1,1
9223,0.2,1,1,1
9224,0.2,1,1,0
9225,1.0,0,1,1
9226,0.2,1,1,0
9227,0.2,0,1,1
9228,0.2,3,1,0
9229,0.2,0,1,0
9230,0.2,0,1,0
9231,0.2,2,1,0
9232,0.2,3,0,0
9233,0.2,1,1,0
9234,0.2,1,1,1
9235,0.2,2,1,0
9236,2.2,1,1,1
9237,0.2,1,1,1
9238,0.2,2,1,0
9239,1.0,1,0,1
9240,0.2,1,1,0
9241,0.2,3,1,0
9242,1.0,1,1,1
9243,1.0,1,1,1
9244,0.2,2,1,1
9245,1.0,1,1,1
9246,0.2,1,1,1
9247,1.0,2,1,1
9248,0.2,1,1,0
9249,0.2,1,1,0
9250,0.2,0,1,1
9251,0.2,2,1,1
9252,1.0,1,1,1
9253,0.2,2,1,0
9254,0.2,2,1,0
9255,0.2,3,1,1
9256,0.2,1,1,1
9257,0.2,2,1,0
9258,0.2,2,1,0
9259,1.0,1,1,0
9260,0.2,1,1,1
9261,0.2,3,0,0
9262,0.2,2,1,1
9263,0.2,2,1,1
9264,0.2,2,1,0
9265,1.0,1,0,1
9266,0.2,1,0,1
9267,0.2,2,1,0
9268,0.2,2,0,0
9269,0.2,2,1,0
9270,0.2,1,1,1
9271,1.0,3,1,1
9272,1.0,1,0,1
9273,0.2,1,1,0
9274,0.2,2,0,0
9275,1.0,2,1,1
9276,0.2,3,1,0
9277,0.2,2,1,0
9278,0.2,0,1,1
9279,1.0,1,1,1
9280,0.2,3,1,0
9281,0.2,3,1,0
9282,1.0,2,1,1
9283,0.2,2,1,0
9284,0.2,1,1,0
9285,0.2,2,1,0
9286,0.2,3,1,0
9287,1.0,3,1,0
9288,1.0,1,1,1
9289,0.2,3,1,0
9290,0.2,2,1,0
9291,0.2,1,1,1
9292,0.2,0,1,1
9293,0.2,0,1,1
9294,1.0,1,0,0
9295,0.2,2,0,0
9296,0.2,2,1,0
9297,0.2,1,1,1
9298,1.0,2,0,1
9299,0.2,1,1,0
9300,1.0,2,1,1
9301,0.2,1,1,0
9302,0.2,2,1,1
9303,1.0,1,1,0
9304,1.0,1,0,1
9305,1.0,2,1,0
9306,0.2,0,1,1
9307,0.2,0,1,0
9308,1.0,2,1,1
9309,0.2,0,1,0
9310,1.0,3,1,0
9311,0.2,2,0,0
9312,0.2,1,1,0
9313,0.2,0,1,1
9314,0.2,2,1,0
9315,1.0,2,1,1
9316,1.0,1,1,1
9317,0.2,1,0,1
9318,1.0,1,1,1
9319,0.2,0,0,1
9320,0.2,1,1,0
9321,0.2,2,1,0
9322,0.2,2,1,0
9323,0.2,2,1,0
9324,0.2,1,1,1
9325,0.2,3,1,0
9326,1.0,1,1,1
9327,0.2,1,1,1
9328,0.2,1,1,0
9329,0.2,2,1,0
9330,0.2,2,1,1
9331,0.2,0,1,1
9332,0.2,2,1,0
9333,0.2,1,1,1
9334,1.0,3,1,0
9335,1.0,3,1,1
9336,0.2,1,1,0
9337,1.0,2,0,1
9338,1.0,3,0,0
9339,0.2,0,1,0
9340,0.2,3,0,0
9341,1.0,1,1,1
9342,1.0,1,1,1
9343,0.2,2,1,0
9344,0.2,1,1,1
9345,0.2,2,1,0
9346,0.2,2,1,1
9347,0.2,2,1,0
9348,1.0,2,1,0
9349,1.0,3,0,1
9350,0.2,1,1,0
9351,0.2,1,1,0
9352,1.0,2,1,1
9353,0.2,1,0,0
9354,1.0,3,1,1
9355,0.2,2,0,0
9356,0.2,3,1,0
9357,0.2,1,0,0
9358,0.2,2,1,1
9359,0.2,0,1,0
9360,0.2,2,1,0
9361,0.2,0,1,0
9362,0.2,3,1,1
9363,0.2,3,1,0
9364,1.0,1,1,0
9365,0.2,1,1,0
9366,0.2,2,0,0
9367,0.2,3,0,0
9368,0.2,1,1,0
9369,0.2,2,1,1
9370,0.2,0,1,1
9371,0.2,1,1,0
9372,0.2,2,1,1
9373,0.2,3,1,0
9374,3.4000000000000004,0,0,1
9375,0.2,0,0,1
9376,0.2,1,1,0
9377,0.2,1,1,0
9378,1.0,1,1,1
9379,1.0,2,1,1
9380,0.2,2,1,0
9381,0.2,1,1,0
9382,0.2,2,1,0
9383,0.2,1,0,1
9384,1.0,2,1,0
9385,0.2,3,1,1
9386,0.2,1,1,1
9387,1.0,2,1,1
9388,0.2,2,1,0
9389,2.2,0,1,1
9390,0.2,1,1,1
9391,1.0,2,1,0
9392,0.2,2,1,1
9393,0.2,2,1,0
9394,0.2,3,1,0
9395,0.2,3,1,0
9396,0.2,1,1,0
9397,0.2,3,1,1
9398,0.2,2,1,0
9399,0.2,1,1,0
9400,1.0,2,1,0
9401,0.2,1,1,0
9402,0.2,1,1,1
9403,0.2,3,0,0
9404,0.2,1,1,0
9405,0.2,2,1,0
9406,0.2,1,0,0
9407,0.2,2,1,1
9408,0.2,3,1,0
9409,0.2,2,1,0
9410,0.2,2,1,1
9411,1.0,2,1,1
9412,1.0,0,1,1
9413,0.2,2,1,0
9414,0.2,2,1,0
9415,0.2,1,1,0
9416,0.2,2,0,1
9417,0.2,2,1,0
9418,1.0,2,0,0
9419,1.0,0,1,1
9420,0.2,1,1,1
9421,1.0,1,1,1
9422,0.2,3,1,0
9423,0.2,2,1,1
9424,0.2,0,1,1
9425,1.0,1,1,1
9426,0.2,0,1,1
9427,0.2,2,1,0
9428,1.0,1,0,1
9429,0.2,2,1,0
9430,0.2,1,1,1
9431,0.2,2,1,0
9432,0.2,1,1,0
9433,0.2,1,0,0
9434,0.2,3,1,0
9435,0.2,2,0,1
9436,0.2,2,1,0
9437,1.0,2,1,1
9438,0.2,0,1,1
9439,1.0,1,1,1
9440,0.2,2,1,0
9441,1.0,2,1,1
9442,0.2,2,1,1
9443,1.0,1,1,1
9444,0.2,1,1,0
9445,1.0,2,1,1
9446,0.2,2,1,0
9447,1.0,1,0,1
9448,0.2,2,1,0
9449,2.5999999999999996,2,0,0
9450,0.2,1,1,0
9451,0.2,2,1,0
9452,0.2,1,1,1
9453,1.0,3,1,1
9454,0.2,0,1,1
9455,1.0,1,1,1
9456,0.2,2,1,0
9457,0.2,1,1,1
9458,0.2,1,1,1
9459,0.2,1,0,0
9460,0.2,1,1,0
9461,0.2,2,0,1
9462,1.0,2,1,1
9463,0.2,2,1,0
9464,0.2,3,1,0
9465,0.2,1,0,1
9466,0.2,1,0,1
9467,0.2,1,1,1
9468,0.2,2,1,1
9469,1.0,2,1,1
9470,0.2,1,0,1
9471,0.2,2,1,0
9472,0.2,2,0,1
9473,0.2,1,1,0
9474,0.2,2,1,0
9475,0.2,1,1,1
9476,1.0,1,1,0
9477,0.2,1,0,0
9478,0.2,2,1,0
9479,1.0,1,1,1
9480,0.2,2,1,1
9481,0.2,3,1,0
9482,0.2,1,1,1
9483,0.2,2,1,0
9484,0.2,2,1,0
9485,0.2,1,0,0
9486,1.0,1,1,0
9487,0.2,2,1,0
9488,0.2,1,1,1
9489,1.0,1,1,1
9490,0.2,1,1,0
9491,0.2,1,1,1
9492,0.2,1,1,1
9493,0.2,2,1,0
9494,0.2,2,1,0
9495,1.0,2,1,1
9496,1.0,3,1,0
9497,1.0,1,1,1
9498,0.2,2,1,0
9499,2.2,3,1,1
9500,0.2,2,0,1
9501,0.2,2,1,0
9502,0.2,0,1,0
9503,1.0,1,1,0
9504,2.2,1,1,1
9505,2.2,2,0,1
9506,0.2,2,1,1
9507,1.0,2,1,1
9508,0.2,3,0,0
9509,0.2,3,1,0
9510,0.2,2,1,0
9511,0.2,0,1,1
9512,0.2,2,1,0
9513,0.2,2,0,0
9514,0.2,2,0,0
9515,0.2,1,1,1
9516,0.2,2,1,0
9517,0.2,3,1,0
9518,0.2,2,1,1
9519,0.2,2,1,0
9520,1.0,2,1,0
9521,0.2,0,1,1
9522,0.2,2,1,0
9523,0.2,2,1,0
9524,0.2,2,1,1
9525,1.0,0,1,1
9526,0.2,2,1,0
9527,0.2,0,1,1
9528,0.2,2,0,0
9529,0.2,0,1,1
9530,1.0,1,1,1
9531,0.2,1,1,1
9532,0.2,3,1,0
9533,0.2,0,1,0
9534,0.2,2,1,1
9535,0.2,1,1,1
9536,0.2,2,1,0
9537,0.2,1,1,1
9538,0.2,1,0,1
9539,1.0,2,0,0
9540,0.2,1,1,0
9541,0.2,2,0,0
9542,0.2,2,0,0
9543,1.0,2,1,1
9544,0.2,1,1,0
9545,0.2,1,1,1
9546,0.2,1,0,0
9547,1.0,3,1,1
9548,1.0,1,0,1
9549,1.0,2,1,1
9550,0.2,1,1,0
9551,0.2,2,1,1
9552,0.2,2,1,1
9553,0.2,2,1,0
9554,0.2,3,1,0
9555,1.0,3,1,0
9556,0.2,2,1,0
9557,0.2,2,1,0
9558,0.2,3,1,1
9559,1.0,1,0,1
9560,0.2,1,1,1
9561,0.2,0,1,0
9562,0.2,2,1,0
9563,0.2,1,1,0
9564,0.2,0,1,0
9565,0.2,2,1,0
9566,1.0,2,1,1
9567,0.2,2,1,1
9568,0.2,1,1,0
9569,0.2,1,0,0
9570,1.0,1,0,1
9571,0.2,2,1,1
9572,0.2,3,1,1
9573,0.2,0,1,1
9574,1.0,1,1,1
9575,0.2,1,1,0
9576,0.2,3,1,0
9577,0.2,2,1,0
9578,0.2,2,1,0
9579,2.2,0,1,1
9580,0.2,0,1,1
9581,0.2,2,1,0
9582,3.0,2,0,1
9583,0.2,1,1,1
9584,0.2,2,1,1
9585,0.2,2,1,0
9586,0.2,2,1,0
9587,0.2,0,1,0
9588,0.2,0,1,1
9589,1.0,0,1,1
9590,0.2,2,1,0
9591,0.2,1,0,0
9592,0.2,1,1,1
9593,0.2,1,1,1
9594,0.2,1,0,1
9595,0.2,0,1,1
9596,0.2,2,1,0
9597,1.0,2,1,1
9598,0.2,2,1,1
9599,0.2,0,1,1
9600,1.0,2,1,1
9601,0.2,2,1,0
9602,3.0,3,1,1
9603,1.0,2,1,1
9604,0.2,2,1,0
9605,0.2,1,1,0
9606,0.2,2,1,0
9607,0.2,1,1,1
9608,0.2,1,1,1
9609,1.0,2,1,1
9610,1.0,1,1,0
9611,1.0,1,1,1
9612,0.2,2,1,0
9613,0.2,1,1,0
9614,0.2,1,1,1
9615,1.0,1,1,1
9616,0.2,2,1,0
9617,1.0,1,1,0
9618,0.2,1,1,1
9619,1.0,1,0,1
9620,0.2,2,1,0
9621,0.2,1,1,1
9622,0.2,1,1,0
9623,0.2,1,1,0
9624,1.0,1,0,1
9625,0.2,0,1,1
9626,0.2,2,0,0
9627,0.2,1,1,1
9628,0.2,1,1,1
9629,0.2,2,1,1
9630,2.2,3,1,1
9631,0.2,1,1,0
9632,0.2,1,1,0
9633,0.2,0,0,1
9634,1.0,1,1,1
9635,0.2,3,1,0
9636,0.2,1,1,0
9637,0.2,2,1,0
9638,0.2,2,1,0
9639,0.2,2,1,0
9640,0.2,2,1,0
9641,1.0,2,1,1
9642,0.2,3,1,0
9643,0.2,0,1,1
9644,0.2,0,0,0
9645,0.2,0,1,1
9646,1.0,2,0,1
9647,0.2,2,1,0
9648,0.2,3,1,0
9649,0.2,1,1,1
9650,1.0,2,1,0
9651,1.0,2,1,1
9652,0.2,1,1,0
9653,1.0,1,1,1
9654,0.2,2,1,0
9655,1.0,2,1,1
9656,1.0,1,1,1
9657,0.2,0,0,1
9658,2.2,2,1,1
9659,1.0,1,1,1
9660,0.2,1,0,1
9661,1.0,2,1,1
9662,0.2,1,0,1
9663,1.0,1,1,1
9664,0.2,1,1,0
9665,2.2,2,1,1
9666,0.2,3,0,0
9667,0.2,2,1,0
9668,0.2,1,1,0
9669,2.2,1,1,1
9670,0.2,1,1,0
9671,0.2,0,1,0
9672,0.2,1,1,0
9673,0.2,2,1,0
9674,2.2,1,1,1
9675,0.2,3,0,0
9676,0.2,2,1,0
9677,0.2,1,0,1
9678,0.2,1,0,1
9679,0.2,1,1,1
9680,0.2,1,1,1
9681,0.2,2,0,0
9682,0.2,2,1,0
9683,0.2,2,0,0
9684,1.0,1,1,1
9685,1.0,1,1,1
9686,0.2,3,1,0
9687,0.2,2,1,1
9688,1.0,1,1,0
9689,0.2,1,1,1
9690,1.0,1,1,0
9691,0.2,1,1,0
9692,1.0,1,1,0
9693,0.2,0,1,1
9694,0.2,3,1,0
9695,0.2,2,1,1
9696,1.0,3,0,1
9697,0.2,1,1,0
9698,2.2,2,1,1
9699,1.0,1,1,1
9700,0.2,1,1,0
9701,0.2,2,1,0
9702,0.2,1,1,0
9703,1.0,1,1,1
9704,0.2,2,1,1
9705,0.2,1,1,0
9706,0.2,1,1,0
9707,1.0,1,1,0
9708,1.0,1,0,0
9709,0.2,2,1,0
9710,0.2,2,1,1
9711,0.2,1,1,0
9712,0.2,1,0,1
9713,0.2,1,0,0
9714,0.2,2,1,0
9715,0.2,2,0,1
9716,0.2,2,1,1
9717,0.2,2,1,1
9718,1.0,1,1,1
9719,0.2,2,1,0
9720,1.0,0,1,1
9721,1.0,0,1,1
9722,0.2,1,1,0
9723,0.2,1,1,0
9724,0.2,0,1,1
9725,0.2,1,1,0
9726,1.0,3,1,0
9727,0.2,3,1,0
9728,0.2,2,1,1
9729,1.0,2,1,1
9730,0.2,2,1,0
9731,0.2,2,1,0
9732,1.0,0,1,1
9733,0.2,1,1,1
9734,1.0,1,1,1
9735,0.2,3,1,0
9736,0.2,2,1,1
9737,0.2,0,1,1
9738,0.2,0,1,1
9739,0.2,2,0,0
9740,1.0,1,1,1
9741,0.2,2,0,0
9742,0.2,3,0,0
9743,0.2,1,1,0
9744,0.2,0,1,1
9745,0.2,2,1,0
9746,0.2,2,1,0
9747,0.2,0,1,1
9748,1.0,1,1,1
9749,0.2,3,1,1
9750,1.0,1,0,1
9751,0.2,0,1,0
9752,0.2,2,1,0
9753,1.0,3,1,1
9754,0.2,1,0,1
9755,0.2,1,1,0
9756,0.2,2,0,0
9757,0.2,0,1,0
9758,0.2,0,1,1
9759,1.0,1,1,0
9760,1.0,1,1,1
9761,0.2,1,1,0
9762,0.2,1,1,0
9763,3.0,2,0,1
9764,0.2,1,1,1
9765,0.2,2,1,0
9766,0.2,2,1,0
9767,2.2,1,0,1
9768,0.2,2,1,0
9769,0.2,2,1,1
9770,0.2,0,0,1
9771,0.2,2,1,0
9772,0.2,2,1,1
9773,0.2,2,1,0
9774,0.2,2,1,0
9775,1.0,1,1,1
9776,0.2,2,1,0
9777,0.2,1,1,0
9778,0.2,2,0,0
9779,0.2,2,1,0
9780,1.0,2,1,1
9781,1.0,0,1,1
9782,0.2,3,1,0
9783,2.2,2,1,1
9784,0.2,1,1,0
9785,1.0,2,1,1
9786,0.2,2,1,0
9787,0.2,3,1,0
9788,0.2,2,1,0
9789,0.2,2,0,0
9790,1.0,1,1,0
9791,0.2,1,1,1
9792,0.2,2,1,1
9793,0.2,2,1,0
9794,0.2,2,1,1
9795,1.0,1,1,1
9796,0.2,0,0,1
9797,0.2,3,1,0
9798,0.2,2,1,0
9799,0.2,1,1,0
9800,0.2,1,1,1
9801,0.2,1,1,1
9802,1.0,2,1,0
9803,0.2,1,1,0
9804,0.2,2,1,0
9805,0.2,2,1,0
9806,1.0,0,1,1
9807,0.2,2,1,1
9808,0.2,2,0,0
9809,0.2,3,1,0
9810,0.2,2,1,0
9811,0.2,2,1,0
9812,0.2,2,1,0
9813,0.2,1,1,0
9814,0.2,2,1,0
9815,0.2,2,1,0
9816,0.2,2,1,1
9817,0.2,2,1,1
9818,0.2,1,1,1
9819,0.2,0,1,0
9820,0.2,3,1,0
9821,1.0,2,1,1
9822,1.0,2,1,0
9823,1.0,3,1,1
9824,0.2,1,0,0
9825,0.2,2,1,0
9826,0.2,2,1,0
9827,0.2,0,0,1
9828,0.2,0,1,0
9829,0.2,3,1,0
9830,0.2,2,1,1
9831,0.2,1,1,1
9832,1.0,2,1,1
9833,0.2,3,1,0
9834,0.2,2,1,1
9835,0.2,2,1,1
9836,0.2,1,0,0
9837,0.2,3,1,0
9838,0.2,1,1,1
9839,0.2,0,1,1
9840,0.2,2,1,0
9841,0.2,0,1,0
9842,0.2,3,1,0
9843,0.2,0,0,1
9844,0.2,2,1,1
9845,0.2,2,1,0
9846,0.2,1,1,0
9847,0.2,1,1,1
9848,0.2,0,0,1
9849,0.2,2,1,0
9850,0.2,2,1,0
9851,0.2,2,1,0
9852,0.2,3,1,0
9853,1.0,1,0,0
9854,0.2,2,1,0
9855,0.2,1,1,0
9856,0.2,3,1,0
9857,0.2,2,1,1
9858,0.2,3,1,0
9859,0.2,1,1,0
9860,0.2,2,1,0
9861,2.2,1,1,1
9862,0.2,1,1,0
9863,0.2,3,1,0
9864,2.5999999999999996,2,1,0
9865,0.2,1,0,0
9866,0.2,3,1,0
9867,0.2,3,1,0
9868,1.0,1,1,0
9869,0.2,1,1,1
9870,0.2,2,1,0
9871,0.2,1,1,1
9872,0.2,3,0,0
9873,0.2,2,0,0
9874,1.0,2,1,1
9875,0.2,2,1,1
9876,0.2,1,1,0
9877,0.2,3,1,0
9878,0.2,2,1,0
9879,0.2,2,1,0
9880,0.2,2,1,1
9881,0.2,2,1,0
9882,0.2,1,1,0
9883,0.2,3,1,0
9884,0.2,3,1,0
9885,0.2,1,0,0
9886,0.2,2,1,0
9887,0.2,2,1,0
9888,0.2,2,1,1
9889,0.2,3,1,1
9890,0.2,2,0,1
9891,0.2,0,1,1
9892,1.0,0,1,1
9893,1.0,1,1,1
9894,0.2,2,1,0
9895,0.2,0,1,1
9896,0.2,0,1,1
9897,0.2,1,1,1
9898,0.2,1,1,1
9899,0.2,1,1,0
9900,0.2,1,1,0
9901,0.2,3,1,1
9902,0.2,2,1,0
9903,0.2,2,1,1
9904,0.2,1,0,1
9905,1.0,2,1,1
9906,0.2,1,1,0
9907,0.2,1,0,1
9908,0.2,2,0,1
9909,0.2,3,0,0
9910,0.2,1,1,1
9911,0.2,2,1,0
9912,0.2,1,1,1
9913,0.2,0,1,1
9914,0.2,2,1,0
9915,0.2,0,1,1
9916,0.2,0,1,1
9917,0.2,0,1,1
9918,1.0,1,1,1
9919,0.2,3,1,0
9920,2.2,1,1,1
9921,0.2,2,1,0
9922,1.0,1,1,1
9923,0.2,1,1,0
9924,0.2,1,1,0
9925,0.2,2,1,1
9926,0.2,2,1,0
9927,0.2,1,1,0
9928,0.2,1,1,0
9929,0.2,3,0,0
9930,0.2,1,1,0
9931,0.2,2,1,1
9932,0.2,2,1,1
9933,1.0,0,0,1
9934,1.0,3,1,0
9935,0.2,2,1,0
9936,1.0,1,1,1
9937,0.2,0,1,1
9938,0.2,1,0,1
9939,0.2,1,1,1
9940,0.2,2,0,0
9941,0.2,0,1,0
9942,1.0,1,0,1
9943,0.2,3,1,0
9944,0.2,2,1,0
9945,1.0,2,1,0
9946,0.2,1,1,0
9947,0.2,2,1,1
9948,0.2,2,1,1
9949,0.2,2,1,0
9950,1.0,1,1,1
9951,0.2,2,1,0
9952,0.2,2,1,1
9953,1.0,2,1,1
9954,0.2,2,0,0
9955,1.0,0,1,1
9956,0.2,2,1,0
9957,0.2,2,1,0
9958,0.2,3,1,0
9959,0.2,1,1,0
9960,1.0,2,1,1
9961,0.2,1,1,1
9962,1.0,0,1,0
9963,1.0,3,1,0
9964,0.2,1,1,0
9965,0.2,2,1,0
9966,0.2,2,1,0
9967,0.2,1,1,1
9968,0.2,1,1,0
9969,0.2,2,1,1
9970,2.2,2,1,1
9971,0.2,1,0,0
9972,0.2,1,1,1
9973,0.2,3,1,0
9974,0.2,2,1,0
9975,0.2,1,1,0
9976,1.0,2,1,1
9977,0.2,1,1,0
9978,0.2,1,1,0
9979,0.2,3,0,0
9980,0.2,2,1,0
9981,0.2,2,1,1
9982,0.2,1,1,0
9983,1.0,2,0,1
9984,0.2,1,1,1
9985,0.2,1,1,1
9986,0.2,2,1,0
9987,1.0,2,1,1
9988,0.2,1,1,1
9989,0.2,1,1,1
9990,0.2,1,1,0
9991,0.2,1,1,0
9992,0.2,1,1,1
9993,0.2,1,1,1
9994,1.0,3,1,0
9995,0.2,1,0,1
9996,0.2,1,1,1
9997,1.0,2,0,1
9998,0.2,0,1,1
9999,0.2,1,1,1
10000,0.2,2,1,0
10001,1.0,3,1,1
10002,0.2,1,1,0
10003,0.2,0,1,0
10004,0.2,3,1,1
10005,0.2,2,1,1
10006,0.2,2,1,0
10007,0.2,0,0,1
10008,0.2,2,1,0
10009,0.2,2,1,0
10010,1.0,2,1,1
10011,1.0,2,1,0
10012,0.2,2,1,1
10013,0.2,2,0,0
10014,0.2,1,1,0
10015,0.2,2,1,0
10016,1.0,3,1,1
10017,0.2,3,1,0
10018,0.2,2,1,0
10019,0.2,3,1,0
10020,1.0,3,1,1
10021,0.2,1,1,1
10022,0.2,0,1,1
10023,0.2,0,0,1
10024,0.2,0,1,1
10025,0.2,2,1,1
10026,1.0,3,1,1
10027,0.2,2,1,0
10028,2.2,3,1,1
10029,0.2,0,1,0
10030,1.0,1,0,1
10031,0.2,1,1,0
10032,2.2,3,1,1
10033,0.2,1,0,0
10034,0.2,0,1,0
10035,0.2,0,0,0
10036,0.2,2,1,0
10037,1.0,3,1,1
10038,0.2,3,1,0
10039,0.2,2,1,0
10040,0.2,2,1,0
10041,1.0,2,1,1
10042,0.2,2,1,1
10043,2.2,2,1,1
10044,0.2,1,1,0
10045,0.2,2,1,1
10046,0.2,2,1,0
10047,0.2,0,1,1
10048,0.2,1,1,0
10049,0.2,2,1,0
10050,0.2,1,0,1
10051,0.2,1,1,0
10052,0.2,2,1,0
10053,2.2,1,1,1
10054,0.2,1,1,0
10055,0.2,2,1,0
10056,0.2,1,1,0
10057,0.2,3,0,0
10058,0.2,2,0,0
10059,1.0,3,1,1
10060,0.2,2,1,1
10061,1.0,0,1,1
10062,0.2,1,1,1
10063,0.2,2,0,0
10064,0.2,3,0,0
10065,0.2,1,0,0
10066,0.2,2,1,0
10067,0.2,2,1,0
10068,0.2,1,1,1
10069,0.2,3,1,0
10070,0.2,3,1,0
10071,1.0,3,0,1
10072,0.2,1,1,1
10073,0.2,2,1,1
10074,0.2,1,1,0
10075,1.0,0,1,1
10076,0.2,1,1,0
10077,0.2,2,1,0
10078,0.2,2,1,0
10079,0.2,2,1,0
10080,0.2,2,1,0
10081,1.0,1,0,1
10082,0.2,1,1,0
10083,0.2,3,1,0
10084,0.2,0,1,1
10085,1.0,1,1,1
10086,2.2,3,0,1
10087,0.2,2,1,1
10088,0.2,1,1,0
10089,0.2,1,1,0
10090,1.0,2,1,1
10091,0.2,2,1,0
10092,0.2,1,1,1
10093,0.2,0,1,1
10094,1.0,2,1,1
10095,0.2,1,0,0
10096,0.2,3,1,0
10097,0.2,1,1,0
10098,0.2,3,0,1
10099,1.0,3,1,0
10100,0.2,2,0,0
10101,0.2,1,1,0
10102,0.2,1,0,0
10103,0.2,1,1,0
10104,0.2,1,1,1
10105,0.2,2,1,0
10106,1.0,1,0,1
10107,3.0,2,0,1
10108,0.2,1,1,0
10109,0.2,1,1,1
10110,1.0,1,1,1
10111,0.2,3,1,0
10112,0.2,1,1,0
10113,0.2,0,0,1
10114,0.2,2,1,1
10115,1.0,0,1,1
10116,2.2,1,1,1
10117,0.2,3,0,1
10118,1.0,2,1,1
10119,0.2,1,1,0
10120,1.0,2,1,1
10121,0.2,2,1,0
10122,1.0,1,1,1
10123,2.2,0,1,1
10124,0.2,1,1,1
10125,0.2,2,1,0
10126,0.2,2,1,1
10127,0.2,0,1,0
10128,1.0,2,1,1
10129,0.2,2,0,0
10130,2.2,1,1,1
10131,0.2,1,1,0
10132,0.2,1,1,0
10133,1.0,1,1,1
10134,0.2,1,1,0
10135,0.2,1,1,1
10136,0.2,3,1,0
10137,1.0,2,1,1
10138,0.2,2,1,0
10139,1.0,2,1,1
10140,1.0,1,1,1
10141,0.2,1,1,1
10142,0.2,1,1,0
10143,0.2,1,1,1
10144,1.0,2,1,1
10145,1.0,2,1,1
10146,0.2,2,1,1
10147,0.2,3,1,0
10148,0.2,2,1,0
10149,0.2,0,1,0
10150,0.2,1,1,1
10151,0.2,1,1,0
10152,0.2,1,1,0
10153,0.2,3,1,0
10154,0.2,1,1,0
10155,1.0,3,0,1
10156,0.2,1,1,1
10157,0.2,2,1,0
10158,2.2,1,1,1
10159,1.0,1,1,1
10160,0.2,2,1,0
10161,0.2,1,0,1
10162,0.2,0,1,1
10163,0.2,2,1,1
10164,0.2,1,0,0
10165,0.2,1,0,0
10166,1.0,3,1,0
10167,0.2,2,1,0
10168,0.2,1,1,0
10169,1.0,0,1,1
10170,0.2,2,1,1
10171,1.0,1,1,1
10172,1.0,1,0,1
10173,0.2,2,1,0
10174,0.2,2,1,0
10175,0.2,3,1,0
10176,1.0,3,1,0
10177,1.0,1,1,1
10178,0.2,3,1,0
10179,0.2,0,1,0
10180,0.2,2,1,0
10181,0.2,2,0,0
10182,0.2,1,1,1
10183,1.0,1,1,0
10184,0.2,3,1,0
10185,0.2,1,1,0
10186,0.2,2,1,0
10187,0.2,2,1,0
10188,0.2,3,1,0
10189,0.2,2,1,0
10190,0.2,2,1,0
10191,0.2,2,1,0
10192,0.2,0,1,1
10193,0.2,3,1,0
10194,1.0,3,1,0
10195,0.2,1,1,0
10196,0.2,3,1,0
10197,0.2,3,1,0
10198,1.0,0,1,1
10199,1.0,2,1,1
10200,0.2,1,0,1
10201,0.2,2,0,0
10202,0.2,1,0,0
10203,0.2,1,1,0
10204,0.2,3,0,0
10205,0.2,2,1,0
10206,1.0,0,1,1
10207,0.2,1,1,1
10208,0.2,2,1,0
10209,0.2,1,0,1
10210,0.2,2,1,0
10211,0.2,2,1,0
10212,2.2,1,1,1
10213,0.2,0,1,1
10214,0.2,0,1,1
10215,0.2,1,1,0
10216,0.2,2,1,0
10217,0.2,1,1,0
10218,0.2,3,1,0
10219,0.2,1,1,1
10220,0.2,2,1,0
10221,0.2,2,1,0
10222,0.2,0,1,1
10223,1.0,2,1,1
10224,0.2,2,1,1
10225,0.2,3,0,0
10226,0.2,2,1,0
10227,0.2,3,1,0
10228,1.0,1,1,1
10229,1.0,2,1,1
10230,1.0,0,1,1
10231,0.2,0,1,1
10232,0.2,2,0,1
10233,0.2,2,1,0
10234,1.0,1,1,1
10235,0.2,2,1,1
10236,0.2,2,1,1
10237,0.2,0,1,1
10238,1.0,2,1,1
10239,0.2,1,1,1
10240,1.0,1,1,1
10241,0.2,2,1,1
10242,1.0,1,1,1
10243,0.2,2,1,1
10244,0.2,3,1,0
10245,0.2,2,1,0
10246,0.2,1,1,1
10247,0.2,0,1,1
10248,0.2,1,1,0
10249,1.0,2,0,1
10250,0.2,3,1,0
10251,0.2,2,1,0
10252,0.2,2,1,0
10253,0.2,2,1,0
10254,0.2,1,1,0
10255,0.2,2,1,1
10256,2.2,2,1,1
10257,0.2,2,1,1
10258,0.2,1,1,1
10259,2.2,2,1,1
10260,0.2,1,1,0
10261,0.2,1,1,1
10262,1.0,0,1,1
10263,0.2,2,1,1
10264,0.2,2,1,1
10265,0.2,1,0,1
10266,0.2,2,1,0
10267,1.0,0,1,1
10268,1.0,0,1,1
10269,0.2,1,1,0
10270,0.2,2,1,0
10271,2.5999999999999996,2,1,0
10272,2.2,2,0,1
10273,1.0,0,0,0
10274,0.2,1,1,1
10275,0.2,0,1,0
10276,0.2,1,1,1
10277,0.2,1,0,0
10278,0.2,1,1,0
10279,0.2,2,1,0
10280,0.2,2,1,0
10281,0.2,1,1,0
10282,1.0,2,1,0
10283,0.2,2,1,0
10284,1.0,3,1,1
10285,0.2,2,0,0
10286,0.2,1,0,1
10287,1.0,2,0,0
10288,2.2,3,1,1
10289,0.2,2,1,0
10290,0.2,1,0,0
10291,0.2,0,1,1
10292,0.2,1,0,0
10293,0.2,1,1,1
10294,0.2,2,1,0
10295,0.2,1,1,0
10296,0.2,2,1,0
10297,0.2,0,1,0
10298,0.2,2,1,0
10299,0.2,1,0,0
10300,0.2,0,0,1
10301,1.0,1,0,0
10302,0.2,3,1,0
10303,0.2,2,1,0
10304,0.2,0,1,0
10305,0.2,1,1,1
10306,1.0,2,1,1
10307,0.2,3,1,0
10308,0.2,1,1,0
10309,0.2,1,1,0
10310,0.2,2,1,0
10311,0.2,2,1,0
10312,0.2,1,1,0
10313,0.2,2,1,0
10314,0.2,1,0,0
10315,1.0,2,1,1
10316,0.2,1,1,1
10317,0.2,1,1,1
10318,0.2,1,1,0
10319,0.2,0,1,1
10320,0.2,1,0,0
10321,0.2,3,1,1
10322,1.0,1,1,1
10323,1.0,3,0,0
10324,1.0,2,1,1
10325,0.2,0,1,0
10326,0.2,2,1,0
10327,0.2,3,1,0
10328,1.0,0,1,1
10329,0.2,2,1,0
10330,0.2,2,1,1
10331,0.2,3,1,1
10332,1.0,2,0,1
10333,0.2,2,1,0
10334,1.0,2,1,1
10335,0.2,0,1,1
10336,0.2,1,1,0
10337,0.2,3,1,1
10338,1.0,2,1,1
10339,1.0,2,1,1
10340,0.2,2,1,1
10341,0.2,1,1,1
10342,1.0,1,1,1
10343,0.2,0,0,0
10344,0.2,2,1,0
10345,0.2,3,1,0
10346,0.2,0,0,0
10347,0.2,2,0,1
10348,0.2,1,1,1
10349,0.2,1,1,1
10350,0.2,2,1,0
10351,0.2,2,1,1
10352,0.2,3,1,0
10353,1.0,1,1,1
10354,0.2,2,1,0
10355,0.2,2,1,0
10356,0.2,2,1,0
10357,0.2,2,1,0
10358,0.2,2,0,0
10359,0.2,2,1,1
10360,0.2,2,1,1
10361,0.2,2,1,1
10362,1.0,2,1,1
10363,0.2,2,1,0
10364,0.2,2,1,0
10365,0.2,1,1,0
10366,1.0,2,1,1
10367,0.2,1,1,1
10368,0.2,2,1,0
10369,0.2,1,1,0
10370,0.2,2,1,0
10371,0.2,2,1,1
10372,0.2,1,1,1
10373,1.0,2,1,0
10374,0.2,3,1,0
10375,0.2,1,1,0
10376,0.2,1,1,0
10377,0.2,2,0,0
10378,0.2,2,1,1
10379,0.2,2,0,0
10380,0.2,2,1,1
10381,0.2,2,1,0
10382,0.2,3,1,0
10383,0.2,2,1,0
10384,0.2,1,1,0
10385,0.2,1,1,0
10386,0.2,3,1,0
10387,0.2,3,0,1
10388,0.2,1,1,0
10389,0.2,1,0,1
10390,1.0,0,1,1
10391,0.2,1,0,0
10392,0.2,1,0,0
10393,0.2,1,1,0
10394,0.2,2,1,1
10395,0.2,2,1,0
10396,0.2,3,1,0
10397,1.0,1,1,1
10398,0.2,1,0,1
10399,0.2,1,1,0
10400,0.2,2,1,1
10401,0.2,1,1,0
10402,0.2,1,0,0
10403,0.2,2,1,0
10404,0.2,1,1,0
10405,0.2,1,1,0
10406,1.0,2,1,1
10407,0.2,0,1,0
10408,0.2,2,1,0
10409,0.2,1,1,0
10410,2.2,1,1,1
10411,0.2,2,1,1
10412,1.0,1,1,1
10413,0.2,1,1,0
10414,0.2,2,1,0
10415,1.0,0,1,1
10416,0.2,1,1,0
10417,1.0,1,1,1
10418,1.0,3,1,0
10419,0.2,3,1,0
10420,0.2,3,1,1
10421,0.2,1,0,0
10422,1.0,0,1,1
10423,0.2,1,1,0
10424,0.2,1,1,0
10425,0.2,0,1,1
10426,0.2,2,1,0
10427,0.2,2,0,0
10428,1.0,0,1,0
10429,1.0,2,1,0
10430,0.2,2,1,1
10431,0.2,3,1,0
10432,1.0,1,1,1
10433,0.2,1,0,1
10434,0.2,0,1,1
10435,0.2,2,1,1
10436,0.2,1,1,0
10437,0.2,1,1,0
10438,0.2,1,1,0
10439,1.0,0,1,1
10440,0.2,2,0,1
10441,0.2,1,1,0
10442,0.2,1,0,0
10443,0.2,0,0,1
10444,0.2,2,1,0
10445,1.0,0,1,1
10446,1.0,0,1,1
10447,0.2,1,0,0
10448,0.2,2,1,0
10449,0.2,0,0,1
10450,0.2,1,1,0
10451,1.0,0,1,1
10452,1.0,1,1,1
10453,0.2,2,1,0
10454,0.2,3,1,0
10455,1.0,2,1,1
10456,0.2,3,1,0
10457,0.2,3,0,0
10458,0.2,2,1,0
10459,1.0,2,1,0
10460,0.2,2,1,1
10461,0.2,2,0,1
10462,1.0,2,0,1
10463,1.0,3,1,1
10464,0.2,0,1,0
10465,0.2,1,1,0
10466,0.2,3,1,0
10467,0.2,1,1,0
10468,0.2,3,1,0
10469,0.2,2,1,1
10470,0.2,0,1,1
10471,0.2,3,1,0
10472,0.2,2,1,0
10473,0.2,3,1,0
10474,0.2,2,0,0
10475,0.2,2,1,1
10476,0.2,1,1,0
10477,0.2,1,1,0
10478,0.2,2,0,0
10479,1.0,1,0,1
10480,0.2,2,1,1
10481,0.2,0,1,1
10482,1.0,1,1,1
10483,1.0,2,0,1
10484,0.2,1,1,0
10485,0.2,1,1,1
10486,0.2,2,0,1
10487,0.2,1,1,1
10488,2.2,2,0,1
10489,0.2,0,1,1
10490,1.0,2,1,0
10491,0.2,3,0,0
10492,0.2,3,1,0
10493,0.2,2,1,0
10494,0.2,1,1,0
10495,0.2,1,1,1
10496,0.2,3,1,0
10497,0.2,1,1,0
10498,1.0,1,0,1
10499,0.2,1,1,1
10500,1.0,1,1,1
10501,0.2,2,0,0
10502,0.2,2,1,0
10503,0.2,2,1,0
10504,0.2,3,1,0
10505,0.2,3,0,1
10506,0.2,1,1,1
10507,0.2,2,1,0
10508,1.0,1,1,1
10509,1.0,2,1,0
10510,0.2,0,1,0
10511,0.2,1,0,1
10512,1.0,3,1,1
10513,0.2,3,1,0
10514,0.2,2,1,0
10515,1.0,2,1,1
10516,1.0,1,1,1
10517,0.2,0,1,0
10518,1.0,0,1,1
10519,1.0,0,1,1
10520,0.2,2,1,0
10521,0.2,1,1,0
10522,0.2,2,1,0
10523,0.2,1,1,0
10524,0.2,1,1,0
10525,0.2,2,1,0
10526,0.2,3,1,0
10527,2.2,0,1,1
10528,1.0,1,1,0
10529,0.2,1,1,1
10530,0.2,1,1,0
10531,1.0,2,1,1
10532,0.2,1,1,0
10533,0.2,2,1,0
10534,1.0,2,1,1
10535,0.2,1,1,0
10536,1.0,0,0,1
10537,0.2,2,1,0
10538,0.2,1,1,0
10539,0.2,1,1,0
10540,0.2,2,1,0
10541,0.2,0,1,1
10542,1.0,1,1,1
10543,0.2,2,1,0
10544,0.2,3,1,0
10545,0.2,0,1,1
10546,0.2,3,1,1
10547,0.2,2,1,0
10548,1.0,1,1,1
10549,1.0,2,1,1
10550,0.2,2,1,1
10551,1.0,3,1,1
10552,0.2,2,1,0
10553,0.2,2,1,0
10554,1.0,3,1,1
10555,2.2,3,1,1
10556,0.2,3,1,0
10557,0.2,0,1,1
10558,0.2,0,0,0
10559,0.2,2,1,0
10560,0.2,2,1,0
10561,1.0,3,1,1
10562,0.2,3,1,0
10563,0.2,0,1,0
10564,2.2,1,1,1
10565,0.2,1,1,0
10566,0.2,3,1,0
10567,0.2,0,1,1
10568,0.2,2,1,1
10569,0.2,2,1,0
10570,0.2,2,0,0
10571,0.2,3,1,0
10572,0.2,1,1,1
10573,0.2,2,1,0
10574,0.2,0,1,1
10575,0.2,3,1,1
10576,0.2,2,1,0
10577,1.0,3,1,1
10578,0.2,2,0,0
10579,0.2,1,1,0
10580,1.0,0,1,1
10581,0.2,2,1,1
10582,1.0,1,1,1
10583,0.2,2,1,0
10584,1.0,0,1,1
10585,0.2,3,1,0
10586,0.2,1,1,1
10587,0.2,3,1,0
10588,1.0,3,1,1
10589,1.0,3,1,1
10590,0.2,3,1,1
10591,0.2,1,1,0
10592,0.2,2,0,0
10593,2.2,2,1,1
10594,1.0,0,1,1
10595,2.2,0,1,1
10596,1.0,2,0,1
10597,0.2,0,1,0
10598,0.2,1,1,1
10599,0.2,2,0,0
10600,0.2,1,1,1
10601,0.2,1,1,0
10602,1.0,1,1,1
10603,0.2,2,1,0
10604,1.0,0,1,1
10605,0.2,3,1,0
10606,0.2,2,1,1
10607,0.2,1,1,1
10608,0.2,1,1,1
10609,0.2,2,1,0
10610,0.2,1,1,0
10611,2.2,1,1,1
10612,1.0,1,1,1
10613,1.0,1,0,1
10614,1.0,3,1,1
10615,0.2,1,1,1
10616,0.2,2,1,0
10617,0.2,1,1,0
10618,0.2,3,0,0
10619,0.2,1,1,0
10620,0.2,3,1,0
10621,0.2,1,0,1
10622,0.2,1,0,0
10623,1.0,0,0,1
10624,0.2,2,1,0
10625,0.2,3,1,0
10626,0.2,2,1,1
10627,0.2,2,0,0
10628,0.2,2,0,0
10629,0.2,2,1,0
10630,0.2,3,0,1
10631,1.0,3,1,1
10632,0.2,2,1,1
10633,1.0,1,1,1
10634,0.2,0,1,1
10635,0.2,1,1,1
10636,0.2,2,1,0
10637,0.2,1,1,0
10638,0.2,1,1,0
10639,0.2,2,1,0
10640,0.2,0,0,0
10641,2.2,3,1,1
10642,0.2,2,1,0
10643,0.2,0,1,1
10644,0.2,1,1,1
10645,0.2,2,0,0
10646,1.0,2,1,1
10647,0.2,2,1,1
10648,1.0,2,0,0
10649,0.2,2,1,0
10650,0.2,0,1,1
10651,0.2,2,1,0
10652,0.2,2,1,0
10653,0.2,2,1,0
10654,1.0,2,1,0
10655,1.0,3,1,0
10656,0.2,1,1,0
10657,0.2,1,0,0
10658,0.2,1,1,1
10659,0.2,1,1,1
10660,0.2,0,1,0
10661,0.2,3,1,0
10662,0.2,1,1,0
10663,0.2,1,0,1
10664,1.0,3,1,1
10665,0.2,1,1,1
10666,0.2,1,0,1
10667,0.2,2,1,0
10668,0.2,3,1,0
10669,0.2,2,1,1
10670,0.2,1,1,0
10671,0.2,2,1,0
10672,0.2,1,1,0
10673,1.0,1,1,0
10674,0.2,2,1,0
10675,0.2,2,1,0
10676,0.2,1,0,0
10677,0.2,2,1,0
10678,1.0,1,1,1
10679,0.2,0,0,1
10680,0.2,3,1,0
10681,0.2,2,0,0
10682,0.2,2,1,0
10683,3.0,2,1,1
10684,0.2,0,1,1
10685,0.2,0,1,0
10686,0.2,0,1,0
10687,1.0,3,0,1
10688,1.0,0,1,0
10689,2.2,2,1,1
10690,0.2,3,1,0
10691,1.0,3,1,1
10692,0.2,1,1,0
10693,1.0,0,1,1
10694,0.2,1,1,1
10695,0.2,1,1,1
10696,0.2,3,1,1
10697,2.2,2,1,1
10698,1.0,3,0,1
10699,0.2,1,1,0
10700,1.0,2,1,1
10701,0.2,1,0,1
10702,0.2,1,1,0
10703,0.2,0,0,0
10704,0.2,1,1,0
10705,0.2,2,1,0
10706,0.2,1,0,1
10707,0.2,0,1,1
10708,2.2,1,1,1
10709,1.0,1,1,1
10710,1.0,2,1,1
10711,2.2,3,1,1
10712,0.2,1,1,1
10713,0.2,3,1,1
10714,0.2,1,1,1
10715,0.2,3,1,0
10716,0.2,3,1,0
10717,0.2,0,0,0
10718,0.2,2,1,0
10719,0.2,1,1,0
10720,0.2,1,1,1
10721,0.2,2,1,0
10722,0.2,2,1,0
10723,1.0,1,1,1
10724,0.2,1,1,0
10725,1.0,1,1,0
10726,0.2,1,1,0
10727,0.2,0,0,1
10728,0.2,3,0,0
10729,0.2,3,0,0
10730,0.2,2,1,1
10731,1.0,1,1,1
10732,0.2,1,1,1
10733,0.2,1,1,1
10734,1.0,1,1,1
10735,0.2,0,1,0
10736,0.2,1,1,0
10737,0.2,1,0,0
10738,1.0,2,1,1
10739,0.2,2,1,0
10740,1.0,2,1,0
10741,0.2,2,1,0
10742,0.2,2,1,1
10743,0.2,1,1,1
10744,1.0,1,1,1
10745,1.0,0,0,1
10746,0.2,3,1,0
10747,0.2,2,0,0
10748,0.2,1,1,1
10749,0.2,2,1,0
10750,0.2,3,1,0
10751,0.2,0,1,1
10752,0.2,1,1,1
10753,0.2,0,1,1
10754,0.2,1,1,0
10755,0.2,1,1,0
10756,1.0,2,1,0
10757,0.2,2,1,0
10758,0.2,0,1,1
10759,0.2,1,1,0
10760,0.2,2,1,1
10761,1.0,0,1,1
10762,0.2,0,1,1
10763,1.0,3,1,1
10764,0.2,3,1,0
10765,0.2,0,1,1
10766,0.2,2,0,0
10767,0.2,2,1,1
10768,0.2,2,1,0
10769,0.2,3,1,0
10770,0.2,1,1,1
10771,0.2,2,0,0
10772,0.2,2,1,0
10773,1.0,0,1,1
10774,0.2,2,1,0
10775,0.2,1,1,1
10776,0.2,1,1,0
10777,1.0,1,1,1
10778,1.0,2,1,0
10779,0.2,2,0,0
10780,0.2,2,1,0
10781,1.0,1,1,1
