,AGEP,COW,SCHL,MAR,OCCP,POBP,RELP,WKHP,SEX,RAC1P,PINCP
0,26.0,1.0,16.0,1.0,4,49.0,1.0,60.0,1,0,0
1,35.0,1.0,17.0,1.0,0,370.0,0.0,31.0,1,1,1
2,52.0,1.0,16.0,1.0,0,49.0,0.0,40.0,0,1,1
3,25.0,1.0,14.0,5.0,0,49.0,12.0,36.0,0,1,0
4,26.0,1.0,18.0,1.0,0,160.0,1.0,18.0,0,1,1
5,17.0,5.0,20.0,1.0,4,6.0,1.0,40.0,1,1,0
6,53.0,4.0,22.0,1.0,-1,49.0,1.0,60.0,0,1,1
7,30.0,1.0,20.0,1.0,0,49.0,0.0,40.0,1,1,1
8,52.0,5.0,19.0,3.0,1,6.0,0.0,20.0,0,0,0
9,39.0,2.0,16.0,1.0,2,49.0,0.0,40.0,0,1,0
10,49.0,1.0,19.0,1.0,2,150.0,1.0,20.0,0,1,1
11,48.0,7.0,21.0,1.0,0,341.0,1.0,40.0,1,1,1
12,36.0,1.0,18.0,1.0,0,49.0,0.0,40.0,1,1,1
13,56.0,1.0,15.0,1.0,0,150.0,1.0,14.0,0,1,0
14,53.0,1.0,19.0,1.0,2,48.0,0.0,75.0,0,1,0
15,36.0,3.0,16.0,1.0,0,49.0,1.0,40.0,0,1,1
16,40.0,1.0,16.0,5.0,1,49.0,12.0,50.0,0,1,0
17,60.0,1.0,20.0,1.0,2,49.0,1.0,40.0,1,1,1
18,60.0,3.0,18.0,1.0,3,8.0,0.0,30.0,1,1,1
19,40.0,1.0,16.0,5.0,0,49.0,2.0,40.0,1,1,0
20,45.0,1.0,20.0,1.0,0,49.0,0.0,40.0,0,1,1
21,22.0,1.0,14.0,1.0,1,203.0,0.0,45.0,0,1,0
22,28.0,1.0,18.0,1.0,2,49.0,10.0,40.0,0,1,0
23,64.0,2.0,10.0,1.0,4,49.0,1.0,40.0,1,1,0
24,50.0,1.0,21.0,1.0,0,508.0,1.0,20.0,0,1,0
25,59.0,1.0,24.0,1.0,0,49.0,0.0,50.0,0,1,1
26,34.0,1.0,16.0,1.0,2,151.0,1.0,40.0,0,1,0
27,64.0,1.0,20.0,1.0,2,49.0,0.0,40.0,0,1,1
28,42.0,1.0,15.0,5.0,2,23.0,12.0,24.0,0,1,0
29,38.0,4.0,21.0,3.0,2,150.0,0.0,53.0,1,1,0
30,23.0,1.0,16.0,5.0,4,49.0,0.0,46.0,1,1,0
31,19.0,7.0,16.0,1.0,-1,51.0,1.0,38.0,0,1,1
32,32.0,1.0,19.0,3.0,3,49.0,0.0,55.0,1,1,0
33,44.0,1.0,20.0,1.0,3,329.0,0.0,50.0,1,1,1
34,26.0,1.0,18.0,1.0,0,508.0,0.0,30.0,1,1,1
35,24.0,1.0,19.0,5.0,2,32.0,0.0,40.0,1,1,0
36,28.0,1.0,19.0,1.0,0,51.0,0.0,40.0,0,1,1
37,39.0,1.0,20.0,1.0,4,303.0,0.0,40.0,0,1,1
38,45.0,3.0,18.0,1.0,0,49.0,0.0,50.0,1,1,1
39,19.0,2.0,21.0,5.0,4,49.0,16.0,3.0,1,0,0
40,21.0,1.0,21.0,1.0,4,49.0,1.0,60.0,1,1,1
41,25.0,1.0,16.0,1.0,1,49.0,1.0,40.0,0,1,0
42,30.0,2.0,17.0,1.0,0,49.0,0.0,60.0,1,1,1
43,44.0,1.0,21.0,1.0,3,49.0,0.0,38.0,1,1,1
44,20.0,1.0,19.0,1.0,1,150.0,0.0,29.0,0,1,0
45,22.0,5.0,21.0,3.0,3,6.0,0.0,35.0,1,1,1
46,22.0,1.0,18.0,1.0,4,51.0,0.0,91.0,1,1,0
47,56.0,1.0,20.0,3.0,1,49.0,2.0,20.0,0,1,0
48,57.0,4.0,16.0,1.0,1,49.0,1.0,45.0,0,1,0
49,18.0,3.0,19.0,5.0,2,323.0,2.0,45.0,1,1,0
50,17.0,1.0,16.0,5.0,2,50.0,8.0,15.0,0,1,0
51,84.0,1.0,21.0,1.0,0,49.0,0.0,30.0,1,1,1
52,79.0,1.0,16.0,1.0,3,49.0,0.0,40.0,1,0,0
53,31.0,7.0,22.0,5.0,4,329.0,7.0,40.0,1,1,1
54,36.0,1.0,22.0,1.0,0,16.0,0.0,20.0,0,1,1
55,20.0,1.0,19.0,1.0,0,49.0,0.0,44.0,1,1,0
56,75.0,1.0,21.0,1.0,0,16.0,1.0,50.0,1,1,1
57,64.0,3.0,23.0,1.0,0,49.0,0.0,40.0,1,1,0
58,23.0,1.0,21.0,1.0,2,49.0,0.0,35.0,0,1,0
59,39.0,1.0,19.0,5.0,0,49.0,2.0,40.0,1,1,0
60,22.0,4.0,19.0,1.0,3,323.0,1.0,15.0,1,1,1
61,57.0,1.0,21.0,1.0,0,49.0,1.0,40.0,1,1,1
62,52.0,1.0,21.0,4.0,0,49.0,0.0,40.0,1,1,1
63,48.0,1.0,18.0,1.0,2,6.0,0.0,48.0,1,1,1
64,62.0,2.0,20.0,1.0,2,51.0,0.0,20.0,1,1,1
65,21.0,1.0,14.0,1.0,1,6.0,1.0,75.0,0,1,0
66,60.0,3.0,23.0,5.0,0,49.0,13.0,40.0,1,1,1
67,58.0,6.0,23.0,1.0,0,49.0,0.0,40.0,1,1,1
68,17.0,2.0,22.0,1.0,3,49.0,0.0,37.0,1,1,1
69,39.0,1.0,16.0,5.0,1,203.0,2.0,45.0,0,0,0
70,27.0,1.0,7.0,1.0,1,49.0,1.0,42.0,1,1,1
71,47.0,1.0,18.0,3.0,4,49.0,2.0,30.0,1,1,0
72,23.0,1.0,24.0,1.0,2,49.0,1.0,35.0,0,1,1
73,42.0,2.0,5.0,1.0,3,329.0,0.0,10.0,0,1,1
74,35.0,3.0,22.0,1.0,4,49.0,1.0,40.0,1,0,1
75,28.0,1.0,18.0,5.0,3,51.0,16.0,30.0,1,1,0
76,58.0,5.0,22.0,1.0,0,214.0,1.0,40.0,1,1,1
77,22.0,1.0,20.0,5.0,3,508.0,13.0,60.0,1,1,1
78,39.0,1.0,18.0,3.0,1,8.0,2.0,30.0,0,1,0
79,21.0,7.0,19.0,1.0,2,42.0,1.0,37.0,0,1,1
80,54.0,5.0,21.0,1.0,0,49.0,0.0,40.0,0,1,1
81,35.0,1.0,21.0,5.0,1,370.0,2.0,15.0,0,1,0
82,18.0,4.0,19.0,1.0,4,8.0,1.0,40.0,1,1,0
83,56.0,1.0,16.0,1.0,3,370.0,0.0,36.0,0,1,0
84,18.0,5.0,17.0,1.0,4,49.0,0.0,40.0,1,1,1
85,45.0,1.0,18.0,5.0,2,341.0,7.0,55.0,0,0,0
86,26.0,1.0,19.0,1.0,0,49.0,1.0,50.0,1,1,1
87,21.0,1.0,19.0,1.0,1,49.0,0.0,30.0,1,1,0
88,78.0,1.0,15.0,5.0,1,49.0,16.0,10.0,1,1,0
89,84.0,1.0,15.0,1.0,0,49.0,0.0,20.0,1,1,1
90,55.0,1.0,19.0,1.0,0,329.0,1.0,40.0,0,1,1
91,59.0,1.0,10.0,1.0,4,203.0,0.0,20.0,1,1,0
92,21.0,1.0,18.0,1.0,0,49.0,1.0,40.0,1,1,1
93,29.0,1.0,5.0,1.0,4,49.0,0.0,36.0,0,1,1
94,69.0,6.0,19.0,5.0,4,49.0,12.0,25.0,0,1,0
95,45.0,2.0,19.0,1.0,3,49.0,1.0,12.0,1,1,0
96,56.0,1.0,16.0,1.0,0,6.0,0.0,20.0,1,1,1
97,57.0,4.0,17.0,1.0,4,49.0,0.0,50.0,1,1,0
98,25.0,1.0,16.0,1.0,4,49.0,1.0,25.0,1,1,0
99,23.0,1.0,19.0,5.0,2,49.0,2.0,75.0,0,1,0
100,60.0,5.0,20.0,1.0,-1,30.0,0.0,40.0,0,0,1
101,20.0,1.0,21.0,1.0,0,16.0,0.0,40.0,1,1,1
102,28.0,3.0,22.0,2.0,0,508.0,2.0,10.0,0,1,1
103,41.0,1.0,21.0,1.0,2,23.0,0.0,40.0,0,1,1
104,49.0,5.0,21.0,1.0,0,370.0,1.0,50.0,0,1,1
105,34.0,1.0,15.0,1.0,4,49.0,0.0,37.0,1,1,0
106,37.0,6.0,18.0,1.0,0,467.0,1.0,40.0,1,1,1
107,69.0,1.0,16.0,1.0,0,49.0,1.0,30.0,1,1,1
108,44.0,1.0,21.0,1.0,4,49.0,0.0,37.0,0,1,1
109,24.0,1.0,19.0,3.0,1,329.0,0.0,19.0,0,1,0
110,40.0,1.0,19.0,1.0,2,303.0,0.0,40.0,0,1,0
111,21.0,3.0,16.0,1.0,1,49.0,0.0,40.0,0,1,1
112,35.0,1.0,21.0,1.0,-1,49.0,0.0,20.0,0,1,1
113,49.0,1.0,22.0,1.0,0,6.0,0.0,45.0,0,0,1
114,54.0,1.0,19.0,2.0,4,451.0,6.0,40.0,1,1,1
115,28.0,1.0,16.0,1.0,0,49.0,1.0,40.0,0,1,1
116,82.0,7.0,20.0,1.0,0,49.0,0.0,40.0,1,0,1
117,18.0,1.0,18.0,3.0,0,49.0,0.0,14.0,0,1,1
118,30.0,1.0,18.0,1.0,1,8.0,1.0,40.0,0,1,0
119,45.0,1.0,22.0,1.0,2,49.0,1.0,40.0,1,1,1
120,42.0,1.0,19.0,1.0,2,49.0,0.0,40.0,1,1,1
121,65.0,1.0,22.0,5.0,0,341.0,0.0,40.0,0,0,1
122,68.0,1.0,15.0,1.0,2,49.0,1.0,40.0,0,1,0
123,33.0,1.0,19.0,1.0,4,468.0,0.0,61.0,1,0,1
124,35.0,6.0,21.0,1.0,-1,214.0,0.0,75.0,0,1,1
125,65.0,3.0,16.0,5.0,1,49.0,2.0,50.0,0,1,0
126,46.0,1.0,19.0,3.0,2,203.0,0.0,40.0,0,1,0
127,41.0,1.0,19.0,1.0,0,214.0,1.0,48.0,1,1,1
128,39.0,1.0,19.0,5.0,2,150.0,16.0,20.0,0,1,0
129,54.0,4.0,16.0,5.0,4,49.0,0.0,84.0,1,1,0
130,20.0,1.0,21.0,5.0,4,451.0,7.0,40.0,1,1,0
131,24.0,1.0,14.0,5.0,1,51.0,16.0,50.0,0,1,0
132,53.0,1.0,3.0,1.0,0,49.0,1.0,45.0,0,1,0
133,31.0,1.0,21.0,1.0,0,150.0,1.0,40.0,0,1,0
134,46.0,6.0,16.0,1.0,3,49.0,0.0,40.0,1,1,1
135,28.0,2.0,21.0,1.0,1,49.0,1.0,45.0,1,0,0
136,69.0,1.0,16.0,5.0,0,49.0,12.0,50.0,1,1,0
137,35.0,1.0,18.0,5.0,2,49.0,7.0,3.0,0,1,0
138,56.0,2.0,20.0,1.0,2,49.0,0.0,60.0,0,0,1
139,42.0,1.0,18.0,1.0,0,341.0,0.0,50.0,1,1,1
140,35.0,1.0,21.0,4.0,4,49.0,0.0,40.0,1,0,1
141,25.0,1.0,15.0,3.0,0,49.0,0.0,60.0,0,1,0
142,61.0,1.0,21.0,1.0,0,49.0,1.0,40.0,0,1,0
143,27.0,1.0,20.0,1.0,-1,214.0,1.0,10.0,0,0,1
144,82.0,7.0,16.0,1.0,3,16.0,1.0,75.0,1,1,1
145,28.0,2.0,16.0,1.0,4,49.0,0.0,20.0,0,1,0
146,79.0,6.0,19.0,5.0,4,8.0,2.0,40.0,0,1,0
147,62.0,1.0,16.0,1.0,0,49.0,1.0,40.0,0,1,0
148,17.0,4.0,16.0,5.0,4,6.0,7.0,15.0,1,1,0
149,53.0,1.0,22.0,1.0,2,16.0,0.0,40.0,1,1,1
150,37.0,1.0,19.0,1.0,5,323.0,1.0,30.0,0,1,0
151,48.0,3.0,16.0,5.0,1,468.0,2.0,45.0,1,1,0
152,32.0,1.0,14.0,1.0,2,214.0,0.0,45.0,1,1,0
153,41.0,1.0,22.0,1.0,1,6.0,0.0,40.0,1,1,1
154,52.0,7.0,3.0,5.0,3,203.0,2.0,40.0,1,1,1
155,22.0,1.0,22.0,1.0,3,49.0,1.0,50.0,1,0,1
156,18.0,5.0,21.0,1.0,4,6.0,1.0,40.0,1,0,1
157,77.0,1.0,20.0,1.0,0,323.0,0.0,20.0,1,1,1
158,82.0,1.0,15.0,1.0,1,370.0,1.0,45.0,0,0,0
159,53.0,1.0,24.0,3.0,3,49.0,0.0,20.0,1,1,1
160,55.0,1.0,16.0,5.0,1,49.0,2.0,40.0,0,0,0
161,41.0,1.0,21.0,3.0,0,508.0,0.0,50.0,1,1,1
162,43.0,1.0,19.0,5.0,0,49.0,2.0,32.0,0,1,0
163,20.0,3.0,19.0,5.0,3,16.0,0.0,40.0,1,1,0
164,18.0,1.0,21.0,3.0,0,49.0,0.0,35.0,1,1,1
165,39.0,1.0,21.0,1.0,5,329.0,0.0,40.0,0,1,0
166,44.0,1.0,22.0,1.0,0,6.0,1.0,40.0,1,1,1
167,37.0,1.0,23.0,3.0,0,49.0,0.0,40.0,1,1,1
168,33.0,1.0,20.0,5.0,0,150.0,5.0,96.0,0,1,0
169,49.0,1.0,16.0,1.0,0,329.0,0.0,91.0,1,1,1
170,32.0,1.0,19.0,1.0,0,51.0,0.0,40.0,1,1,1
171,38.0,1.0,13.0,1.0,1,49.0,1.0,40.0,1,1,0
172,45.0,3.0,20.0,1.0,2,49.0,0.0,40.0,0,1,1
173,61.0,1.0,18.0,5.0,2,6.0,12.0,15.0,0,1,0
174,36.0,1.0,17.0,1.0,0,8.0,1.0,40.0,1,1,1
175,46.0,1.0,21.0,3.0,0,49.0,0.0,40.0,0,0,1
176,64.0,1.0,6.0,1.0,2,49.0,1.0,45.0,0,1,1
177,51.0,1.0,16.0,5.0,3,49.0,7.0,40.0,1,1,0
178,30.0,2.0,16.0,1.0,2,49.0,1.0,10.0,0,1,0
179,22.0,4.0,16.0,1.0,0,49.0,0.0,20.0,1,1,1
180,25.0,1.0,22.0,1.0,0,49.0,0.0,20.0,0,1,1
181,52.0,1.0,19.0,5.0,2,49.0,12.0,20.0,0,1,0
182,40.0,1.0,16.0,1.0,0,49.0,1.0,20.0,1,1,0
183,25.0,1.0,21.0,2.0,4,16.0,9.0,24.0,1,1,1
184,39.0,1.0,21.0,5.0,2,49.0,0.0,39.0,0,1,0
185,42.0,1.0,16.0,5.0,4,49.0,12.0,40.0,1,1,0
186,37.0,1.0,16.0,1.0,2,468.0,0.0,20.0,0,1,0
187,48.0,1.0,21.0,5.0,2,49.0,0.0,19.0,1,1,0
188,54.0,1.0,8.0,1.0,1,49.0,1.0,40.0,1,1,0
189,17.0,1.0,19.0,2.0,2,49.0,16.0,60.0,1,1,0
190,22.0,1.0,19.0,1.0,1,49.0,1.0,45.0,0,1,1
191,64.0,2.0,21.0,1.0,2,303.0,1.0,40.0,1,1,1
192,22.0,7.0,14.0,1.0,1,49.0,1.0,45.0,0,1,0
193,51.0,1.0,16.0,3.0,0,49.0,0.0,40.0,1,1,1
194,30.0,1.0,16.0,1.0,0,37.0,1.0,60.0,0,1,0
195,20.0,2.0,22.0,3.0,3,323.0,0.0,50.0,1,1,1
196,28.0,7.0,18.0,5.0,0,6.0,2.0,40.0,1,1,0
197,32.0,6.0,19.0,1.0,0,49.0,0.0,40.0,1,1,1
198,30.0,7.0,20.0,1.0,1,449.0,0.0,50.0,0,1,1
199,30.0,4.0,21.0,1.0,0,50.0,0.0,29.0,1,1,1
200,61.0,3.0,17.0,1.0,1,49.0,1.0,84.0,0,1,0
201,50.0,1.0,19.0,1.0,2,49.0,1.0,60.0,0,1,0
202,17.0,4.0,18.0,3.0,0,50.0,0.0,40.0,1,1,1
203,20.0,1.0,19.0,1.0,3,49.0,0.0,38.0,1,1,1
204,32.0,1.0,18.0,3.0,1,150.0,0.0,60.0,1,1,0
205,25.0,1.0,16.0,1.0,2,49.0,1.0,40.0,0,1,0
206,68.0,1.0,22.0,1.0,3,49.0,1.0,50.0,1,1,1
207,49.0,2.0,16.0,1.0,1,51.0,0.0,45.0,0,0,1
208,48.0,3.0,22.0,1.0,0,49.0,1.0,40.0,1,0,1
209,21.0,5.0,20.0,2.0,0,23.0,10.0,40.0,1,1,0
210,34.0,5.0,12.0,1.0,2,329.0,0.0,48.0,1,1,1
211,87.0,1.0,21.0,1.0,0,49.0,0.0,40.0,0,1,1
212,30.0,3.0,21.0,5.0,2,6.0,2.0,48.0,1,1,0
213,45.0,1.0,20.0,1.0,0,6.0,0.0,30.0,1,1,1
214,27.0,1.0,21.0,2.0,1,214.0,16.0,40.0,0,1,0
215,28.0,1.0,20.0,1.0,0,49.0,1.0,40.0,0,1,0
216,37.0,4.0,19.0,1.0,0,51.0,1.0,40.0,1,1,1
217,24.0,1.0,16.0,1.0,2,49.0,0.0,20.0,0,1,1
218,33.0,1.0,8.0,5.0,2,16.0,2.0,40.0,0,0,0
219,33.0,5.0,22.0,1.0,0,329.0,1.0,45.0,1,1,1
220,69.0,1.0,20.0,5.0,1,51.0,2.0,20.0,0,1,0
221,37.0,3.0,15.0,1.0,3,323.0,0.0,3.0,1,1,0
222,84.0,1.0,18.0,5.0,1,55.0,0.0,35.0,0,1,0
223,30.0,1.0,19.0,5.0,4,214.0,17.0,40.0,1,1,0
224,44.0,1.0,20.0,5.0,0,55.0,2.0,8.0,0,1,0
225,29.0,1.0,18.0,5.0,0,303.0,3.0,45.0,0,1,0
226,42.0,4.0,21.0,3.0,4,329.0,2.0,40.0,1,1,0
227,62.0,1.0,22.0,1.0,0,150.0,0.0,61.0,1,1,1
228,60.0,1.0,14.0,5.0,4,55.0,2.0,8.0,1,1,0
229,51.0,1.0,19.0,1.0,0,303.0,0.0,40.0,0,1,1
230,28.0,1.0,22.0,1.0,2,49.0,1.0,40.0,0,1,0
231,41.0,3.0,16.0,5.0,1,16.0,2.0,40.0,1,1,0
232,18.0,1.0,18.0,5.0,2,50.0,12.0,40.0,0,1,0
233,42.0,1.0,21.0,1.0,3,49.0,0.0,40.0,1,1,0
234,23.0,2.0,19.0,1.0,3,49.0,0.0,46.0,1,1,0
235,34.0,4.0,19.0,1.0,0,370.0,9.0,40.0,0,1,0
236,43.0,4.0,19.0,4.0,0,51.0,0.0,40.0,0,1,1
237,35.0,1.0,19.0,1.0,2,51.0,0.0,45.0,1,1,1
238,51.0,1.0,16.0,1.0,0,49.0,0.0,50.0,0,1,0
239,26.0,1.0,22.0,1.0,3,49.0,0.0,50.0,1,1,1
240,38.0,1.0,16.0,3.0,1,51.0,0.0,40.0,0,1,1
241,68.0,1.0,20.0,1.0,0,214.0,1.0,40.0,0,1,0
242,50.0,4.0,17.0,5.0,0,49.0,13.0,3.0,1,1,1
243,42.0,3.0,16.0,5.0,4,49.0,2.0,50.0,1,1,0
244,31.0,1.0,22.0,4.0,1,49.0,13.0,40.0,0,0,1
245,52.0,1.0,22.0,1.0,0,49.0,1.0,40.0,0,1,1
246,68.0,2.0,16.0,5.0,1,49.0,2.0,40.0,0,1,0
247,36.0,1.0,16.0,1.0,2,151.0,0.0,3.0,0,1,1
248,64.0,1.0,6.0,1.0,3,49.0,0.0,45.0,1,1,1
249,36.0,1.0,22.0,1.0,0,49.0,0.0,60.0,1,1,1
250,37.0,4.0,20.0,1.0,4,527.0,0.0,40.0,1,1,1
251,22.0,1.0,5.0,1.0,3,42.0,0.0,40.0,1,1,1
252,27.0,1.0,19.0,1.0,4,6.0,1.0,40.0,1,1,1
253,30.0,1.0,14.0,5.0,4,6.0,12.0,40.0,1,0,0
254,21.0,2.0,16.0,1.0,0,49.0,5.0,50.0,1,1,1
255,36.0,1.0,20.0,1.0,3,6.0,0.0,50.0,1,1,1
256,46.0,1.0,21.0,5.0,0,8.0,17.0,53.0,1,1,0
257,51.0,1.0,19.0,1.0,1,16.0,1.0,50.0,1,1,1
258,21.0,4.0,22.0,3.0,1,49.0,0.0,20.0,0,1,1
259,25.0,1.0,19.0,1.0,1,49.0,0.0,40.0,1,1,1
260,79.0,1.0,19.0,5.0,0,6.0,0.0,4.0,0,1,1
261,36.0,1.0,15.0,1.0,4,49.0,1.0,40.0,1,1,0
262,60.0,1.0,16.0,5.0,1,6.0,17.0,10.0,0,1,0
263,18.0,1.0,18.0,2.0,0,329.0,6.0,20.0,0,1,1
264,82.0,1.0,15.0,5.0,1,49.0,2.0,96.0,0,1,0
265,55.0,1.0,19.0,1.0,0,49.0,1.0,40.0,1,0,1
266,44.0,3.0,19.0,1.0,2,50.0,1.0,14.0,0,1,0
267,30.0,1.0,19.0,1.0,4,303.0,9.0,61.0,0,1,0
268,22.0,1.0,19.0,1.0,1,49.0,0.0,40.0,0,1,0
269,49.0,1.0,23.0,1.0,1,42.0,0.0,40.0,0,1,0
270,75.0,6.0,20.0,5.0,0,49.0,17.0,15.0,0,1,0
271,40.0,3.0,16.0,1.0,0,329.0,1.0,40.0,0,1,1
272,26.0,3.0,19.0,1.0,4,303.0,1.0,40.0,1,0,0
273,30.0,1.0,23.0,1.0,0,16.0,1.0,40.0,0,1,1
274,32.0,1.0,22.0,5.0,2,6.0,7.0,8.0,0,1,0
275,62.0,4.0,16.0,1.0,0,16.0,0.0,60.0,1,1,1
276,42.0,1.0,15.0,1.0,3,6.0,1.0,36.0,1,1,1
277,92.0,1.0,19.0,1.0,0,51.0,0.0,20.0,1,1,1
278,46.0,1.0,21.0,1.0,4,150.0,0.0,38.0,1,1,0
279,44.0,7.0,16.0,5.0,3,203.0,2.0,40.0,1,1,0
280,42.0,6.0,15.0,5.0,4,49.0,0.0,20.0,1,1,0
281,79.0,1.0,20.0,1.0,0,49.0,1.0,15.0,1,1,1
282,56.0,7.0,22.0,5.0,4,49.0,2.0,60.0,1,0,0
283,87.0,1.0,20.0,5.0,0,303.0,0.0,20.0,1,1,0
284,32.0,1.0,16.0,5.0,0,6.0,2.0,31.0,0,1,0
285,60.0,1.0,21.0,1.0,0,49.0,0.0,40.0,1,1,0
286,55.0,1.0,22.0,1.0,0,49.0,1.0,30.0,1,1,1
287,21.0,3.0,21.0,1.0,3,51.0,0.0,40.0,1,0,1
288,45.0,1.0,17.0,1.0,4,49.0,1.0,48.0,1,1,1
289,49.0,1.0,22.0,1.0,2,160.0,1.0,15.0,1,0,1
290,64.0,1.0,19.0,5.0,2,45.0,0.0,50.0,0,1,0
291,21.0,1.0,21.0,1.0,0,151.0,0.0,40.0,1,0,1
292,30.0,1.0,21.0,1.0,4,49.0,0.0,40.0,1,1,1
293,26.0,4.0,16.0,1.0,4,49.0,0.0,20.0,0,1,0
294,77.0,1.0,21.0,3.0,4,49.0,0.0,40.0,1,1,0
295,24.0,1.0,16.0,1.0,3,329.0,0.0,20.0,1,1,0
296,22.0,1.0,16.0,5.0,1,49.0,2.0,45.0,1,1,0
297,68.0,1.0,19.0,1.0,2,6.0,0.0,24.0,1,1,1
298,32.0,1.0,20.0,2.0,2,49.0,10.0,40.0,1,1,0
299,17.0,4.0,19.0,1.0,0,49.0,0.0,40.0,1,1,1
300,67.0,6.0,22.0,1.0,0,49.0,0.0,40.0,1,1,1
301,26.0,4.0,20.0,1.0,2,49.0,0.0,36.0,1,1,1
302,64.0,1.0,19.0,1.0,2,329.0,0.0,37.0,0,1,1
303,65.0,7.0,19.0,1.0,0,49.0,0.0,24.0,1,1,1
304,54.0,4.0,23.0,3.0,2,49.0,0.0,45.0,1,1,0
305,69.0,2.0,18.0,5.0,4,49.0,2.0,38.0,1,1,0
306,20.0,5.0,19.0,5.0,2,49.0,12.0,48.0,0,0,0
307,34.0,1.0,17.0,5.0,2,49.0,2.0,8.0,1,0,0
308,44.0,7.0,16.0,1.0,0,49.0,0.0,45.0,0,1,1
309,40.0,1.0,21.0,3.0,0,49.0,0.0,40.0,1,1,0
310,49.0,1.0,16.0,1.0,1,49.0,1.0,39.0,1,1,0
311,41.0,1.0,21.0,1.0,0,6.0,0.0,40.0,1,1,1
312,17.0,1.0,21.0,1.0,2,50.0,1.0,40.0,0,1,0
313,50.0,1.0,19.0,5.0,0,49.0,2.0,40.0,0,1,0
314,18.0,5.0,19.0,1.0,0,203.0,0.0,48.0,1,0,1
315,82.0,1.0,16.0,1.0,4,49.0,1.0,60.0,0,1,0
316,45.0,1.0,21.0,1.0,-1,49.0,0.0,40.0,0,1,1
317,34.0,1.0,18.0,1.0,0,49.0,1.0,60.0,0,1,1
318,68.0,3.0,5.0,1.0,0,468.0,0.0,30.0,1,1,1
319,56.0,6.0,22.0,1.0,2,214.0,1.0,60.0,0,1,0
320,23.0,1.0,17.0,5.0,0,16.0,12.0,40.0,1,1,1
321,37.0,2.0,22.0,1.0,3,49.0,0.0,30.0,1,1,1
322,40.0,4.0,14.0,5.0,4,468.0,2.0,36.0,1,0,0
323,19.0,4.0,19.0,1.0,0,329.0,0.0,10.0,1,1,1
324,21.0,1.0,23.0,1.0,1,37.0,0.0,40.0,0,1,0
325,24.0,1.0,19.0,3.0,4,49.0,0.0,40.0,1,0,1
326,36.0,7.0,21.0,1.0,1,49.0,0.0,32.0,0,1,1
327,41.0,4.0,19.0,1.0,0,49.0,1.0,40.0,0,1,1
328,41.0,1.0,19.0,1.0,0,49.0,0.0,50.0,0,1,1
329,33.0,6.0,16.0,5.0,3,150.0,12.0,40.0,1,1,0
330,40.0,1.0,19.0,1.0,1,49.0,0.0,50.0,1,1,1
331,67.0,3.0,20.0,5.0,2,49.0,12.0,40.0,1,1,0
332,68.0,1.0,16.0,1.0,0,49.0,0.0,12.0,1,1,0
333,23.0,3.0,15.0,1.0,2,50.0,1.0,45.0,0,1,0
334,49.0,1.0,23.0,1.0,4,49.0,0.0,40.0,1,1,1
335,31.0,1.0,15.0,1.0,0,51.0,1.0,3.0,1,1,0
336,79.0,4.0,16.0,5.0,-1,16.0,0.0,8.0,0,1,1
337,59.0,1.0,21.0,1.0,3,49.0,0.0,40.0,1,1,1
338,30.0,1.0,16.0,1.0,0,49.0,0.0,40.0,1,0,1
339,52.0,1.0,19.0,5.0,3,49.0,16.0,48.0,1,1,0
340,19.0,1.0,15.0,3.0,2,6.0,0.0,60.0,1,1,0
341,45.0,7.0,15.0,1.0,0,49.0,0.0,45.0,0,1,0
342,21.0,1.0,21.0,1.0,3,49.0,0.0,45.0,1,1,1
343,38.0,1.0,22.0,1.0,2,49.0,0.0,45.0,0,1,1
344,39.0,1.0,19.0,2.0,2,49.0,16.0,25.0,1,1,0
345,48.0,1.0,16.0,5.0,1,37.0,0.0,40.0,1,1,0
346,44.0,1.0,21.0,1.0,0,49.0,0.0,29.0,0,1,1
347,26.0,1.0,18.0,1.0,3,20.0,0.0,40.0,1,1,0
348,35.0,7.0,22.0,1.0,2,8.0,1.0,40.0,1,1,1
349,25.0,5.0,5.0,1.0,1,49.0,1.0,50.0,0,1,1
350,54.0,1.0,16.0,5.0,3,151.0,0.0,40.0,1,1,0
351,53.0,1.0,21.0,1.0,0,49.0,1.0,40.0,0,1,0
352,30.0,1.0,19.0,1.0,0,49.0,5.0,60.0,0,1,0
353,48.0,1.0,5.0,1.0,-1,49.0,1.0,53.0,0,1,1
354,28.0,3.0,16.0,5.0,0,49.0,2.0,40.0,0,1,0
355,18.0,7.0,22.0,1.0,2,49.0,0.0,68.0,1,1,1
356,59.0,1.0,19.0,1.0,-1,449.0,0.0,40.0,0,1,1
357,33.0,1.0,19.0,5.0,0,49.0,17.0,40.0,1,1,0
358,49.0,1.0,19.0,1.0,1,16.0,0.0,45.0,0,1,1
359,34.0,7.0,19.0,2.0,2,49.0,1.0,15.0,1,1,1
360,46.0,1.0,10.0,5.0,1,49.0,2.0,40.0,0,1,0
361,22.0,1.0,22.0,1.0,0,51.0,0.0,61.0,1,1,1
362,32.0,3.0,19.0,1.0,0,49.0,0.0,40.0,0,1,1
363,61.0,1.0,18.0,1.0,0,51.0,0.0,32.0,1,1,1
364,69.0,1.0,21.0,1.0,3,49.0,0.0,20.0,1,1,1
365,26.0,1.0,18.0,1.0,1,49.0,1.0,42.0,0,1,0
366,60.0,3.0,20.0,3.0,4,303.0,10.0,40.0,0,1,0
367,17.0,1.0,21.0,1.0,0,49.0,1.0,20.0,1,1,1
368,75.0,1.0,5.0,5.0,1,6.0,7.0,50.0,1,1,1
369,43.0,1.0,19.0,5.0,1,49.0,15.0,45.0,0,1,0
370,31.0,1.0,16.0,5.0,4,49.0,2.0,37.0,0,1,0
371,44.0,1.0,8.0,1.0,1,150.0,1.0,40.0,0,1,0
372,43.0,4.0,19.0,4.0,0,49.0,0.0,40.0,0,1,1
373,40.0,1.0,19.0,5.0,4,323.0,7.0,45.0,1,1,0
374,52.0,1.0,19.0,5.0,4,49.0,7.0,40.0,0,1,0
375,20.0,1.0,18.0,1.0,1,16.0,1.0,25.0,0,1,0
376,26.0,1.0,16.0,5.0,2,49.0,0.0,40.0,0,1,0
377,39.0,1.0,22.0,1.0,4,49.0,0.0,20.0,0,1,0
378,55.0,1.0,24.0,3.0,4,49.0,0.0,40.0,1,1,1
379,29.0,1.0,16.0,1.0,1,49.0,1.0,48.0,1,1,1
380,68.0,1.0,16.0,1.0,2,49.0,5.0,40.0,0,1,1
381,26.0,1.0,22.0,5.0,0,49.0,13.0,53.0,0,1,1
382,53.0,5.0,16.0,4.0,0,51.0,13.0,20.0,1,0,1
383,40.0,1.0,21.0,1.0,3,50.0,1.0,40.0,0,1,0
384,62.0,7.0,19.0,1.0,1,49.0,1.0,40.0,1,1,0
385,31.0,1.0,19.0,3.0,0,49.0,0.0,40.0,1,1,1
386,28.0,1.0,19.0,1.0,4,49.0,1.0,40.0,1,0,1
387,22.0,7.0,22.0,1.0,-1,51.0,0.0,40.0,0,1,1
388,40.0,1.0,16.0,5.0,3,49.0,13.0,20.0,1,1,1
389,58.0,1.0,22.0,5.0,0,6.0,7.0,25.0,0,0,1
390,48.0,1.0,19.0,5.0,5,8.0,17.0,45.0,0,1,0
391,68.0,2.0,19.0,1.0,4,49.0,0.0,40.0,1,1,1
392,20.0,2.0,23.0,5.0,3,6.0,17.0,30.0,1,1,0
393,80.0,3.0,21.0,1.0,4,49.0,0.0,45.0,1,1,1
394,26.0,1.0,19.0,1.0,1,49.0,0.0,40.0,1,1,0
395,67.0,1.0,13.0,1.0,1,303.0,0.0,60.0,0,1,0
396,33.0,1.0,21.0,5.0,2,49.0,2.0,40.0,0,1,0
397,44.0,3.0,21.0,5.0,3,6.0,2.0,40.0,1,1,0
398,61.0,1.0,21.0,5.0,1,49.0,2.0,35.0,0,0,0
399,39.0,3.0,14.0,5.0,2,49.0,2.0,40.0,1,0,0
400,52.0,1.0,19.0,1.0,0,49.0,0.0,30.0,0,1,0
401,37.0,1.0,23.0,1.0,3,49.0,1.0,15.0,1,1,1
402,21.0,1.0,16.0,1.0,0,49.0,1.0,40.0,1,1,1
403,30.0,1.0,16.0,1.0,0,49.0,1.0,55.0,0,1,1
404,44.0,1.0,16.0,5.0,0,150.0,2.0,32.0,1,1,0
405,21.0,1.0,19.0,5.0,2,49.0,17.0,40.0,0,1,0
406,33.0,2.0,16.0,5.0,2,49.0,0.0,40.0,1,1,0
407,40.0,1.0,18.0,5.0,1,303.0,12.0,30.0,0,1,0
408,37.0,1.0,21.0,5.0,2,49.0,0.0,45.0,0,1,0
409,56.0,2.0,21.0,1.0,0,49.0,0.0,30.0,1,1,1
410,40.0,1.0,21.0,1.0,1,323.0,1.0,40.0,1,1,1
411,22.0,2.0,19.0,1.0,2,49.0,1.0,40.0,0,0,0
412,61.0,1.0,19.0,1.0,2,49.0,0.0,40.0,0,1,0
413,42.0,1.0,14.0,5.0,4,23.0,0.0,40.0,1,1,0
414,25.0,1.0,21.0,5.0,3,303.0,2.0,48.0,1,0,0
415,82.0,1.0,16.0,5.0,2,49.0,2.0,15.0,0,0,0
416,24.0,6.0,19.0,1.0,1,8.0,0.0,30.0,0,1,0
417,20.0,1.0,16.0,3.0,0,49.0,0.0,60.0,0,1,1
418,19.0,2.0,16.0,1.0,0,49.0,1.0,40.0,0,1,1
419,24.0,1.0,22.0,5.0,3,49.0,17.0,55.0,1,1,0
420,57.0,4.0,21.0,5.0,0,42.0,7.0,29.0,1,1,1
421,21.0,1.0,19.0,1.0,0,37.0,0.0,40.0,1,1,1
422,54.0,4.0,19.0,1.0,1,49.0,0.0,84.0,0,1,0
423,45.0,1.0,19.0,1.0,0,49.0,1.0,50.0,0,1,1
424,27.0,4.0,22.0,3.0,2,49.0,0.0,40.0,0,0,1
425,25.0,4.0,16.0,5.0,2,51.0,2.0,4.0,0,1,0
426,79.0,1.0,13.0,1.0,2,49.0,0.0,19.0,0,1,0
427,30.0,1.0,19.0,5.0,1,42.0,12.0,20.0,0,1,0
428,38.0,1.0,19.0,1.0,2,49.0,0.0,30.0,1,1,0
429,25.0,7.0,13.0,5.0,2,49.0,2.0,25.0,0,1,0
430,23.0,1.0,5.0,1.0,1,468.0,0.0,40.0,1,1,1
431,40.0,1.0,21.0,1.0,0,150.0,0.0,60.0,1,1,1
432,35.0,1.0,21.0,5.0,2,6.0,0.0,40.0,0,1,0
433,92.0,1.0,21.0,1.0,1,48.0,0.0,40.0,0,0,0
434,59.0,6.0,19.0,1.0,2,49.0,1.0,45.0,0,1,0
435,32.0,3.0,18.0,1.0,0,203.0,0.0,8.0,1,1,1
436,58.0,1.0,21.0,1.0,0,49.0,1.0,40.0,1,1,1
437,30.0,1.0,21.0,1.0,0,50.0,1.0,40.0,1,1,1
438,42.0,1.0,10.0,5.0,2,49.0,16.0,30.0,0,1,0
439,24.0,1.0,20.0,1.0,3,150.0,0.0,40.0,1,1,1
440,28.0,7.0,16.0,5.0,0,42.0,0.0,4.0,0,0,1
441,84.0,1.0,19.0,1.0,0,49.0,0.0,25.0,1,1,1
442,51.0,3.0,21.0,1.0,0,151.0,1.0,40.0,1,1,1
443,64.0,1.0,19.0,5.0,1,49.0,0.0,40.0,0,1,0
444,45.0,6.0,14.0,5.0,0,49.0,2.0,40.0,0,1,0
445,39.0,1.0,19.0,1.0,0,49.0,1.0,35.0,1,1,1
446,25.0,1.0,21.0,1.0,0,49.0,0.0,30.0,0,1,1
447,32.0,1.0,14.0,3.0,1,49.0,0.0,20.0,0,1,0
448,65.0,2.0,20.0,5.0,0,467.0,2.0,30.0,1,1,1
449,80.0,4.0,19.0,5.0,0,49.0,7.0,40.0,1,1,1
450,50.0,1.0,16.0,1.0,0,48.0,1.0,10.0,1,1,1
451,92.0,7.0,22.0,1.0,0,49.0,1.0,40.0,1,1,1
452,82.0,1.0,19.0,5.0,0,49.0,15.0,40.0,0,1,0
453,47.0,7.0,16.0,5.0,1,49.0,2.0,40.0,1,1,0
454,21.0,1.0,16.0,1.0,5,468.0,0.0,40.0,0,1,0
455,21.0,1.0,20.0,1.0,1,16.0,0.0,29.0,0,1,0
456,50.0,2.0,19.0,3.0,2,49.0,0.0,55.0,0,1,0
457,39.0,6.0,18.0,3.0,0,51.0,2.0,40.0,0,1,0
458,42.0,1.0,18.0,1.0,3,49.0,0.0,20.0,0,1,0
459,43.0,3.0,19.0,1.0,0,8.0,0.0,15.0,1,0,1
460,22.0,5.0,18.0,3.0,1,49.0,0.0,40.0,0,0,0
461,21.0,2.0,19.0,5.0,1,151.0,2.0,40.0,0,1,0
462,87.0,1.0,14.0,1.0,0,49.0,0.0,14.0,1,1,0
463,33.0,1.0,20.0,5.0,0,370.0,13.0,15.0,1,1,1
464,59.0,1.0,14.0,5.0,4,49.0,2.0,40.0,0,1,0
465,32.0,1.0,21.0,1.0,5,150.0,1.0,20.0,0,1,0
466,37.0,4.0,21.0,1.0,0,467.0,0.0,60.0,0,1,0
467,32.0,7.0,21.0,5.0,1,48.0,0.0,50.0,0,0,1
468,46.0,1.0,19.0,1.0,1,49.0,1.0,50.0,0,1,0
469,43.0,1.0,21.0,1.0,2,49.0,0.0,42.0,0,1,0
470,92.0,1.0,13.0,5.0,3,49.0,3.0,40.0,1,1,0
471,20.0,4.0,17.0,1.0,0,49.0,1.0,40.0,0,1,1
472,51.0,3.0,17.0,1.0,0,468.0,1.0,10.0,1,1,1
473,18.0,1.0,18.0,5.0,4,49.0,5.0,96.0,0,1,0
474,26.0,2.0,15.0,3.0,2,49.0,0.0,53.0,1,1,1
475,33.0,1.0,21.0,1.0,0,49.0,0.0,25.0,1,1,1
476,42.0,1.0,7.0,1.0,2,49.0,1.0,40.0,1,1,1
477,32.0,1.0,13.0,5.0,3,49.0,0.0,15.0,1,1,0
478,44.0,1.0,19.0,1.0,0,49.0,1.0,40.0,0,1,0
479,36.0,1.0,22.0,1.0,3,6.0,1.0,40.0,1,1,1
480,65.0,3.0,16.0,1.0,0,50.0,1.0,20.0,0,1,0
481,54.0,4.0,16.0,1.0,2,6.0,1.0,40.0,1,1,1
482,18.0,2.0,21.0,5.0,2,451.0,0.0,40.0,0,0,0
483,23.0,1.0,17.0,5.0,2,49.0,12.0,30.0,1,0,0
484,28.0,6.0,16.0,1.0,4,49.0,1.0,40.0,1,1,1
485,32.0,3.0,19.0,5.0,0,329.0,12.0,30.0,0,1,0
486,39.0,1.0,21.0,1.0,1,49.0,1.0,40.0,1,1,0
487,23.0,3.0,15.0,5.0,0,51.0,12.0,40.0,0,0,0
488,60.0,5.0,21.0,4.0,0,214.0,0.0,37.0,1,0,1
489,20.0,3.0,3.0,5.0,3,49.0,2.0,25.0,1,1,0
490,49.0,1.0,17.0,1.0,0,49.0,5.0,75.0,1,1,1
491,26.0,1.0,19.0,5.0,0,449.0,7.0,40.0,1,1,1
492,21.0,2.0,18.0,1.0,2,329.0,0.0,40.0,0,1,0
493,38.0,7.0,21.0,1.0,4,20.0,5.0,40.0,1,1,1
494,43.0,7.0,22.0,1.0,2,50.0,0.0,40.0,1,1,1
495,68.0,2.0,16.0,1.0,0,214.0,0.0,40.0,0,1,1
496,20.0,3.0,21.0,1.0,2,49.0,1.0,60.0,0,1,1
497,24.0,2.0,13.0,5.0,2,49.0,2.0,45.0,0,1,0
498,42.0,1.0,19.0,1.0,1,42.0,2.0,30.0,0,0,0
499,59.0,1.0,20.0,1.0,4,451.0,0.0,68.0,1,1,0
500,31.0,1.0,21.0,3.0,2,6.0,0.0,50.0,0,1,0
501,43.0,1.0,19.0,5.0,1,150.0,7.0,40.0,1,1,1
502,31.0,1.0,21.0,1.0,4,49.0,9.0,3.0,1,1,0
503,65.0,1.0,20.0,1.0,0,50.0,1.0,10.0,1,1,0
504,39.0,5.0,22.0,5.0,4,49.0,12.0,35.0,0,1,0
505,47.0,4.0,19.0,1.0,4,468.0,0.0,50.0,1,1,0
506,21.0,1.0,20.0,2.0,0,49.0,1.0,35.0,0,1,1
507,21.0,4.0,21.0,3.0,2,48.0,0.0,40.0,0,0,0
508,21.0,6.0,21.0,1.0,2,16.0,1.0,40.0,0,1,0
509,18.0,4.0,20.0,1.0,4,49.0,0.0,3.0,1,1,1
510,31.0,1.0,20.0,5.0,0,49.0,12.0,40.0,0,1,0
511,32.0,1.0,16.0,1.0,0,49.0,1.0,84.0,0,1,0
512,25.0,7.0,16.0,5.0,0,49.0,2.0,30.0,0,1,0
513,18.0,1.0,16.0,5.0,2,323.0,0.0,20.0,0,1,0
514,48.0,1.0,19.0,5.0,4,51.0,17.0,50.0,1,1,0
515,44.0,1.0,19.0,1.0,1,49.0,0.0,75.0,0,1,0
516,39.0,1.0,21.0,1.0,0,51.0,1.0,60.0,0,1,1
517,65.0,6.0,17.0,5.0,4,49.0,3.0,45.0,0,1,0
518,92.0,4.0,5.0,1.0,3,49.0,0.0,40.0,1,1,1
519,47.0,3.0,16.0,1.0,2,48.0,0.0,30.0,1,1,1
520,80.0,1.0,20.0,5.0,2,468.0,2.0,48.0,0,1,0
521,49.0,1.0,21.0,1.0,1,49.0,1.0,40.0,0,1,1
522,42.0,1.0,19.0,3.0,0,508.0,0.0,30.0,0,0,1
523,18.0,1.0,21.0,4.0,0,6.0,0.0,40.0,0,1,1
524,55.0,1.0,19.0,2.0,3,49.0,2.0,40.0,1,1,1
525,18.0,1.0,19.0,3.0,2,49.0,0.0,40.0,1,1,0
526,53.0,4.0,24.0,1.0,2,49.0,1.0,60.0,0,1,1
527,28.0,1.0,14.0,5.0,2,51.0,0.0,40.0,0,1,0
528,44.0,4.0,16.0,1.0,2,527.0,0.0,40.0,0,1,1
529,24.0,4.0,18.0,1.0,1,468.0,0.0,32.0,1,1,1
530,26.0,1.0,17.0,1.0,0,329.0,1.0,61.0,1,1,1
531,21.0,1.0,23.0,5.0,0,49.0,2.0,15.0,0,1,0
532,79.0,6.0,21.0,3.0,0,49.0,0.0,40.0,1,1,1
533,36.0,1.0,22.0,1.0,2,49.0,0.0,75.0,0,1,1
534,23.0,1.0,21.0,1.0,1,51.0,0.0,37.0,0,1,0
535,28.0,1.0,20.0,1.0,3,451.0,1.0,60.0,1,1,1
536,52.0,1.0,23.0,1.0,2,49.0,1.0,40.0,1,1,0
537,30.0,7.0,22.0,1.0,2,6.0,0.0,40.0,1,1,1
538,32.0,5.0,18.0,1.0,2,8.0,0.0,45.0,0,1,1
539,40.0,1.0,19.0,1.0,1,6.0,1.0,50.0,0,1,0
540,82.0,7.0,7.0,1.0,2,51.0,0.0,50.0,0,1,1
541,26.0,1.0,20.0,3.0,4,370.0,0.0,40.0,1,1,0
542,47.0,1.0,20.0,1.0,1,49.0,1.0,36.0,0,0,0
543,20.0,5.0,20.0,1.0,4,49.0,8.0,20.0,1,1,0
544,32.0,1.0,21.0,1.0,0,51.0,1.0,29.0,1,1,1
545,42.0,1.0,14.0,1.0,4,49.0,0.0,40.0,1,1,0
546,42.0,1.0,16.0,3.0,1,6.0,0.0,15.0,1,1,1
547,68.0,2.0,19.0,5.0,1,49.0,2.0,29.0,0,1,0
548,21.0,1.0,22.0,1.0,3,49.0,0.0,40.0,1,1,1
549,35.0,1.0,22.0,1.0,0,6.0,0.0,55.0,1,1,1
550,19.0,1.0,23.0,1.0,0,16.0,1.0,30.0,0,1,1
551,24.0,1.0,18.0,1.0,2,49.0,0.0,40.0,1,0,1
552,36.0,1.0,19.0,5.0,0,49.0,2.0,40.0,0,1,0
553,51.0,1.0,20.0,1.0,0,49.0,0.0,15.0,1,1,0
554,24.0,7.0,21.0,3.0,1,6.0,2.0,40.0,0,1,1
555,18.0,4.0,19.0,1.0,0,442.0,0.0,53.0,0,1,1
556,32.0,3.0,21.0,5.0,2,214.0,2.0,20.0,1,1,1
557,26.0,1.0,18.0,5.0,2,303.0,2.0,24.0,0,1,0
558,61.0,1.0,21.0,5.0,4,49.0,2.0,60.0,0,1,0
559,74.0,1.0,21.0,1.0,0,468.0,0.0,40.0,0,1,0
560,36.0,1.0,7.0,4.0,0,49.0,0.0,40.0,1,0,1
561,68.0,6.0,18.0,3.0,2,51.0,0.0,40.0,1,1,1
562,45.0,1.0,15.0,5.0,1,49.0,2.0,20.0,1,1,0
563,36.0,2.0,16.0,1.0,1,49.0,1.0,15.0,1,1,1
564,17.0,3.0,16.0,1.0,2,449.0,0.0,20.0,0,0,1
565,62.0,1.0,20.0,5.0,2,323.0,0.0,50.0,0,1,0
566,23.0,2.0,19.0,5.0,0,467.0,7.0,30.0,1,1,1
567,22.0,1.0,16.0,3.0,4,49.0,0.0,30.0,1,1,1
568,21.0,1.0,16.0,5.0,1,214.0,0.0,40.0,0,1,0
569,56.0,1.0,17.0,1.0,0,51.0,0.0,20.0,1,1,1
570,53.0,6.0,19.0,1.0,4,49.0,0.0,40.0,1,1,0
571,30.0,1.0,18.0,1.0,0,49.0,0.0,42.0,1,1,1
572,40.0,6.0,18.0,1.0,2,49.0,0.0,55.0,1,1,0
573,51.0,1.0,16.0,1.0,4,303.0,0.0,40.0,1,1,0
574,18.0,2.0,22.0,5.0,0,323.0,0.0,40.0,0,1,0
575,18.0,1.0,21.0,1.0,1,49.0,1.0,75.0,1,0,0
576,30.0,2.0,19.0,1.0,0,49.0,1.0,15.0,1,1,1
577,52.0,1.0,19.0,5.0,1,49.0,2.0,24.0,0,1,0
578,31.0,6.0,16.0,5.0,1,49.0,2.0,40.0,0,1,0
579,69.0,1.0,6.0,5.0,0,49.0,0.0,75.0,0,1,1
580,20.0,1.0,21.0,5.0,5,451.0,17.0,40.0,0,1,0
581,27.0,2.0,16.0,1.0,1,49.0,1.0,40.0,0,1,0
582,44.0,1.0,16.0,5.0,1,303.0,2.0,20.0,0,0,0
583,20.0,1.0,21.0,1.0,2,468.0,1.0,68.0,1,0,0
584,92.0,3.0,16.0,5.0,2,49.0,17.0,50.0,0,1,0
585,65.0,1.0,18.0,5.0,1,49.0,17.0,40.0,0,1,0
586,40.0,1.0,16.0,5.0,1,51.0,2.0,40.0,0,1,0
587,44.0,1.0,21.0,1.0,0,20.0,1.0,40.0,0,1,1
588,82.0,1.0,16.0,1.0,2,49.0,0.0,10.0,0,0,0
589,18.0,1.0,16.0,1.0,2,49.0,1.0,50.0,0,1,0
590,44.0,1.0,21.0,1.0,4,49.0,0.0,38.0,1,1,0
591,65.0,6.0,19.0,5.0,2,49.0,16.0,40.0,1,1,0
592,68.0,1.0,16.0,1.0,4,49.0,0.0,40.0,1,1,1
593,43.0,1.0,21.0,1.0,0,49.0,1.0,20.0,0,1,1
594,75.0,1.0,18.0,5.0,2,49.0,0.0,20.0,0,1,0
595,60.0,1.0,21.0,1.0,0,49.0,0.0,35.0,1,1,1
596,37.0,3.0,18.0,3.0,0,37.0,0.0,40.0,0,1,1
597,40.0,2.0,16.0,1.0,4,20.0,1.0,40.0,1,1,0
598,18.0,1.0,16.0,5.0,2,323.0,2.0,30.0,0,1,0
599,52.0,1.0,20.0,3.0,2,16.0,0.0,50.0,0,1,1
600,42.0,1.0,21.0,1.0,0,323.0,0.0,40.0,0,1,1
601,34.0,2.0,17.0,1.0,0,49.0,0.0,40.0,0,1,1
602,34.0,1.0,19.0,1.0,0,49.0,0.0,40.0,1,1,1
603,39.0,1.0,15.0,1.0,2,49.0,1.0,40.0,1,1,0
604,43.0,1.0,19.0,1.0,0,329.0,1.0,40.0,1,1,1
605,18.0,1.0,18.0,1.0,2,30.0,0.0,20.0,0,1,0
606,68.0,4.0,21.0,1.0,2,49.0,0.0,40.0,0,1,1
607,41.0,1.0,18.0,5.0,1,6.0,12.0,15.0,0,1,0
608,28.0,1.0,22.0,5.0,2,16.0,2.0,48.0,0,1,0
609,22.0,1.0,19.0,5.0,4,49.0,2.0,35.0,1,1,0
610,17.0,4.0,17.0,1.0,0,49.0,0.0,40.0,1,1,1
611,59.0,1.0,24.0,1.0,0,51.0,1.0,35.0,1,1,1
612,18.0,1.0,19.0,1.0,0,23.0,1.0,50.0,1,1,1
613,60.0,1.0,6.0,1.0,1,49.0,1.0,45.0,1,1,1
614,26.0,1.0,16.0,1.0,0,468.0,0.0,40.0,1,1,1
615,60.0,1.0,16.0,5.0,1,303.0,2.0,30.0,1,1,0
616,35.0,6.0,19.0,1.0,3,49.0,1.0,45.0,1,1,1
617,32.0,1.0,16.0,5.0,2,468.0,2.0,45.0,0,1,0
618,79.0,1.0,19.0,1.0,0,49.0,0.0,53.0,0,1,1
619,43.0,1.0,22.0,1.0,4,303.0,1.0,75.0,1,1,1
620,68.0,1.0,23.0,5.0,1,49.0,2.0,25.0,0,1,0
621,39.0,2.0,18.0,1.0,1,49.0,0.0,50.0,0,1,1
622,64.0,1.0,21.0,1.0,0,150.0,0.0,60.0,0,1,1
623,23.0,4.0,20.0,5.0,2,49.0,2.0,40.0,0,1,0
624,37.0,1.0,23.0,1.0,2,49.0,1.0,30.0,0,0,1
625,35.0,4.0,16.0,1.0,2,49.0,0.0,19.0,0,1,1
626,33.0,2.0,20.0,5.0,2,49.0,12.0,35.0,0,1,0
627,68.0,1.0,21.0,1.0,0,49.0,0.0,20.0,1,1,1
628,25.0,3.0,20.0,5.0,4,49.0,15.0,40.0,0,1,0
629,42.0,1.0,8.0,3.0,1,49.0,0.0,40.0,0,1,0
630,56.0,2.0,23.0,1.0,2,203.0,0.0,35.0,1,1,1
631,41.0,1.0,18.0,3.0,2,49.0,0.0,55.0,0,1,0
632,57.0,1.0,20.0,1.0,2,49.0,0.0,60.0,0,1,0
633,33.0,1.0,21.0,1.0,3,49.0,1.0,40.0,1,1,0
634,20.0,1.0,19.0,5.0,2,49.0,16.0,25.0,1,1,0
635,65.0,1.0,16.0,1.0,1,49.0,0.0,15.0,1,1,0
636,26.0,1.0,22.0,1.0,0,508.0,1.0,20.0,0,1,1
637,35.0,3.0,22.0,1.0,0,49.0,0.0,14.0,1,1,1
638,64.0,1.0,20.0,1.0,4,49.0,1.0,30.0,1,1,0
639,31.0,1.0,16.0,3.0,1,23.0,0.0,20.0,0,1,0
640,42.0,5.0,16.0,1.0,-1,323.0,0.0,40.0,0,1,1
641,23.0,1.0,23.0,5.0,2,49.0,2.0,40.0,0,1,0
642,38.0,1.0,24.0,1.0,0,49.0,0.0,30.0,1,1,1
643,26.0,1.0,19.0,1.0,1,303.0,0.0,40.0,0,1,0
644,22.0,1.0,16.0,5.0,0,49.0,12.0,29.0,0,1,0
645,48.0,4.0,19.0,5.0,4,49.0,17.0,84.0,0,1,0
646,43.0,3.0,22.0,5.0,2,49.0,7.0,40.0,0,1,1
647,26.0,4.0,22.0,3.0,0,49.0,2.0,25.0,1,1,1
648,22.0,4.0,21.0,1.0,0,49.0,1.0,14.0,1,1,1
649,20.0,6.0,20.0,1.0,0,49.0,0.0,40.0,1,1,1
650,68.0,7.0,21.0,1.0,0,49.0,1.0,40.0,1,1,1
651,50.0,1.0,5.0,1.0,2,55.0,0.0,30.0,1,1,1
652,18.0,5.0,20.0,3.0,0,6.0,0.0,40.0,1,1,1
653,33.0,1.0,22.0,1.0,2,49.0,0.0,40.0,0,1,1
654,49.0,1.0,21.0,1.0,0,451.0,0.0,35.0,1,1,1
655,69.0,6.0,19.0,1.0,1,6.0,1.0,45.0,0,1,1
656,41.0,1.0,21.0,1.0,0,151.0,1.0,12.0,0,1,1
657,38.0,1.0,20.0,1.0,0,49.0,1.0,40.0,1,1,1
658,65.0,1.0,19.0,5.0,2,49.0,2.0,40.0,0,1,0
659,25.0,2.0,10.0,1.0,2,49.0,1.0,20.0,1,1,0
660,92.0,1.0,20.0,1.0,0,8.0,0.0,40.0,0,0,0
661,51.0,1.0,21.0,1.0,4,49.0,0.0,36.0,1,1,1
662,24.0,1.0,18.0,1.0,4,508.0,0.0,15.0,1,0,1
663,30.0,1.0,14.0,1.0,4,6.0,0.0,40.0,0,1,0
664,26.0,3.0,20.0,5.0,1,150.0,2.0,10.0,0,0,0
665,21.0,1.0,16.0,5.0,1,49.0,0.0,3.0,0,1,0
666,20.0,1.0,19.0,5.0,0,51.0,17.0,10.0,0,1,0
667,68.0,2.0,19.0,1.0,1,49.0,1.0,30.0,0,1,1
668,56.0,1.0,19.0,1.0,0,49.0,1.0,60.0,0,1,1
669,18.0,1.0,21.0,5.0,2,6.0,2.0,50.0,0,1,0
670,27.0,5.0,20.0,5.0,3,6.0,2.0,40.0,1,0,0
671,56.0,1.0,16.0,1.0,2,20.0,1.0,15.0,0,1,0
672,62.0,5.0,19.0,5.0,2,49.0,2.0,30.0,0,0,0
673,55.0,1.0,14.0,1.0,4,49.0,0.0,50.0,1,1,0
674,62.0,3.0,21.0,1.0,3,49.0,0.0,50.0,1,1,1
675,26.0,1.0,16.0,3.0,1,49.0,0.0,60.0,1,0,0
676,38.0,1.0,10.0,5.0,1,49.0,0.0,35.0,0,1,0
677,18.0,1.0,19.0,5.0,2,214.0,0.0,45.0,0,1,0
678,45.0,2.0,20.0,5.0,1,49.0,0.0,50.0,1,1,0
679,29.0,1.0,20.0,1.0,1,16.0,1.0,40.0,1,1,1
680,18.0,1.0,20.0,1.0,0,49.0,1.0,45.0,0,1,0
681,38.0,7.0,19.0,1.0,0,49.0,0.0,40.0,0,1,1
682,38.0,1.0,19.0,1.0,2,49.0,1.0,37.0,0,1,0
683,20.0,1.0,20.0,1.0,2,151.0,0.0,25.0,1,1,1
684,22.0,3.0,19.0,5.0,0,49.0,13.0,10.0,0,0,1
685,62.0,1.0,19.0,1.0,2,6.0,1.0,40.0,1,1,1
686,49.0,3.0,16.0,5.0,0,49.0,0.0,40.0,1,1,0
687,31.0,1.0,23.0,5.0,4,442.0,0.0,4.0,1,1,0
688,42.0,1.0,24.0,1.0,0,49.0,0.0,40.0,1,1,1
689,56.0,1.0,21.0,2.0,0,303.0,1.0,14.0,1,1,1
690,25.0,1.0,13.0,5.0,3,323.0,15.0,40.0,1,1,0
691,30.0,1.0,19.0,1.0,1,49.0,1.0,40.0,0,1,0
692,21.0,1.0,21.0,1.0,0,49.0,0.0,84.0,1,1,1
693,21.0,4.0,14.0,1.0,2,303.0,1.0,40.0,1,1,0
694,42.0,1.0,8.0,1.0,1,49.0,1.0,25.0,1,1,0
695,36.0,1.0,19.0,5.0,2,16.0,2.0,20.0,1,1,0
696,69.0,1.0,16.0,1.0,2,303.0,1.0,60.0,0,1,0
697,82.0,2.0,16.0,5.0,0,51.0,0.0,50.0,0,1,0
698,55.0,1.0,16.0,5.0,0,6.0,0.0,45.0,1,1,0
699,69.0,1.0,21.0,2.0,0,49.0,13.0,35.0,1,1,1
700,62.0,1.0,21.0,5.0,4,468.0,2.0,50.0,0,1,0
701,30.0,2.0,16.0,1.0,0,451.0,1.0,30.0,1,1,1
702,62.0,3.0,22.0,1.0,2,49.0,1.0,30.0,1,1,1
703,64.0,1.0,21.0,1.0,0,449.0,1.0,40.0,1,1,1
704,54.0,5.0,17.0,5.0,2,8.0,12.0,19.0,0,1,0
705,53.0,7.0,21.0,1.0,1,55.0,0.0,40.0,1,1,1
706,52.0,1.0,17.0,1.0,1,49.0,0.0,40.0,1,0,1
707,47.0,7.0,21.0,1.0,0,16.0,1.0,15.0,1,1,1
708,65.0,7.0,21.0,2.0,1,468.0,16.0,40.0,0,1,0
709,47.0,1.0,19.0,1.0,3,6.0,1.0,30.0,1,1,0
710,19.0,1.0,16.0,3.0,4,20.0,0.0,30.0,1,0,0
711,44.0,1.0,15.0,5.0,2,49.0,0.0,40.0,0,1,0
712,54.0,7.0,20.0,1.0,2,49.0,0.0,37.0,1,1,1
713,42.0,1.0,19.0,5.0,1,468.0,8.0,84.0,0,0,0
714,73.0,1.0,19.0,1.0,2,329.0,1.0,55.0,1,0,0
715,40.0,1.0,21.0,1.0,2,49.0,1.0,30.0,1,1,0
716,43.0,1.0,16.0,5.0,1,6.0,0.0,68.0,1,0,0
717,35.0,7.0,6.0,1.0,0,49.0,1.0,10.0,0,1,1
718,62.0,1.0,23.0,5.0,0,451.0,0.0,84.0,0,1,0
719,21.0,1.0,21.0,1.0,4,8.0,0.0,40.0,1,1,1
720,44.0,4.0,19.0,1.0,1,49.0,0.0,40.0,0,1,0
721,35.0,1.0,20.0,5.0,1,49.0,17.0,20.0,0,1,0
722,35.0,1.0,19.0,1.0,3,49.0,0.0,15.0,1,0,1
723,63.0,1.0,22.0,1.0,0,16.0,0.0,20.0,0,1,1
724,52.0,1.0,16.0,5.0,0,49.0,0.0,30.0,0,1,0
725,26.0,1.0,19.0,1.0,0,49.0,1.0,45.0,0,1,1
726,35.0,1.0,20.0,1.0,2,370.0,1.0,91.0,0,1,0
727,84.0,1.0,19.0,1.0,0,49.0,0.0,29.0,0,1,1
728,20.0,4.0,19.0,1.0,1,49.0,0.0,20.0,1,1,1
729,31.0,1.0,18.0,5.0,2,49.0,2.0,40.0,0,1,0
730,54.0,1.0,20.0,1.0,4,49.0,8.0,30.0,0,1,0
731,65.0,1.0,16.0,5.0,0,49.0,2.0,20.0,0,1,0
732,84.0,1.0,22.0,1.0,4,49.0,1.0,40.0,1,1,1
733,22.0,1.0,21.0,5.0,1,49.0,7.0,20.0,0,1,1
734,46.0,1.0,20.0,3.0,4,508.0,0.0,55.0,1,1,1
735,35.0,4.0,20.0,1.0,0,51.0,0.0,50.0,1,1,1
736,67.0,1.0,16.0,1.0,0,49.0,0.0,40.0,1,1,1
737,65.0,1.0,16.0,1.0,4,203.0,0.0,40.0,1,1,1
738,39.0,1.0,21.0,1.0,4,49.0,0.0,40.0,0,1,1
739,37.0,2.0,16.0,1.0,0,49.0,1.0,40.0,1,1,1
740,56.0,1.0,23.0,5.0,3,329.0,2.0,55.0,1,1,0
741,52.0,3.0,22.0,1.0,1,150.0,0.0,4.0,0,1,0
742,64.0,1.0,16.0,1.0,3,49.0,1.0,24.0,1,1,0
743,30.0,1.0,19.0,5.0,0,49.0,13.0,40.0,0,1,1
744,21.0,1.0,21.0,1.0,0,214.0,1.0,84.0,1,1,1
745,24.0,1.0,18.0,1.0,0,49.0,1.0,24.0,1,1,1
746,43.0,8.0,20.0,5.0,1,508.0,0.0,15.0,0,1,0
747,31.0,4.0,19.0,1.0,3,49.0,0.0,40.0,1,1,1
748,64.0,1.0,16.0,1.0,-1,49.0,0.0,4.0,0,1,1
749,51.0,2.0,22.0,3.0,3,49.0,0.0,40.0,1,1,1
750,60.0,1.0,18.0,3.0,2,49.0,0.0,30.0,1,1,1
751,24.0,2.0,20.0,1.0,2,512.0,0.0,39.0,1,1,1
752,22.0,4.0,22.0,1.0,0,49.0,1.0,40.0,1,1,1
753,22.0,3.0,19.0,5.0,0,49.0,2.0,84.0,1,1,0
754,53.0,1.0,18.0,5.0,1,49.0,2.0,40.0,0,1,0
755,25.0,1.0,16.0,1.0,0,303.0,0.0,75.0,1,1,0
756,55.0,3.0,16.0,1.0,2,49.0,0.0,40.0,0,1,0
757,34.0,5.0,21.0,5.0,2,49.0,2.0,40.0,0,1,0
758,24.0,7.0,19.0,1.0,0,48.0,1.0,40.0,1,1,1
759,17.0,3.0,16.0,1.0,1,329.0,0.0,40.0,0,1,0
760,20.0,1.0,23.0,3.0,0,55.0,0.0,23.0,0,1,1
761,73.0,7.0,6.0,4.0,0,451.0,0.0,40.0,1,1,1
762,35.0,1.0,21.0,1.0,2,303.0,0.0,55.0,1,1,1
763,29.0,3.0,21.0,1.0,1,49.0,0.0,30.0,1,0,0
764,87.0,1.0,18.0,1.0,3,49.0,0.0,50.0,1,1,0
765,84.0,1.0,19.0,5.0,2,49.0,2.0,25.0,0,1,0
766,56.0,1.0,21.0,1.0,0,6.0,1.0,40.0,1,1,1
767,48.0,3.0,19.0,1.0,2,370.0,0.0,45.0,1,1,0
768,19.0,1.0,22.0,1.0,2,51.0,0.0,40.0,0,1,0
769,62.0,1.0,16.0,5.0,5,49.0,12.0,55.0,0,1,0
770,42.0,1.0,21.0,3.0,3,303.0,0.0,45.0,1,1,1
771,19.0,6.0,22.0,1.0,0,16.0,1.0,40.0,1,1,1
772,19.0,5.0,20.0,1.0,-1,51.0,0.0,42.0,0,1,1
773,41.0,1.0,17.0,1.0,1,51.0,1.0,50.0,1,1,1
774,51.0,2.0,21.0,1.0,2,6.0,1.0,40.0,1,1,1
775,34.0,1.0,20.0,1.0,1,49.0,0.0,20.0,1,1,1
776,49.0,7.0,16.0,5.0,1,49.0,0.0,30.0,0,0,0
777,32.0,1.0,16.0,1.0,0,51.0,0.0,40.0,1,1,1
778,55.0,4.0,21.0,1.0,0,49.0,1.0,20.0,1,1,1
779,79.0,1.0,19.0,1.0,2,49.0,0.0,40.0,0,1,0
780,45.0,1.0,16.0,1.0,1,303.0,1.0,42.0,0,0,0
781,52.0,5.0,20.0,1.0,0,49.0,0.0,40.0,1,0,1
782,87.0,1.0,20.0,1.0,0,49.0,0.0,40.0,0,1,1
783,61.0,1.0,19.0,1.0,3,51.0,1.0,55.0,1,1,0
784,52.0,2.0,18.0,1.0,0,49.0,1.0,42.0,1,1,1
785,60.0,1.0,21.0,1.0,-1,49.0,0.0,30.0,0,1,1
786,30.0,1.0,19.0,1.0,0,48.0,0.0,14.0,1,1,0
787,18.0,2.0,21.0,1.0,0,451.0,1.0,40.0,0,1,1
788,44.0,1.0,21.0,1.0,0,449.0,1.0,45.0,0,1,0
789,38.0,5.0,22.0,1.0,3,49.0,1.0,19.0,1,1,1
790,48.0,4.0,21.0,1.0,0,150.0,0.0,45.0,1,1,1
791,24.0,6.0,21.0,1.0,0,150.0,0.0,40.0,1,1,1
792,17.0,1.0,10.0,1.0,3,49.0,9.0,18.0,1,1,0
793,63.0,1.0,5.0,1.0,0,49.0,0.0,55.0,1,1,1
794,25.0,1.0,16.0,1.0,2,214.0,1.0,62.0,0,1,0
795,28.0,1.0,20.0,1.0,1,49.0,0.0,68.0,0,1,1
796,56.0,1.0,19.0,5.0,4,45.0,17.0,50.0,0,1,0
797,61.0,5.0,7.0,1.0,0,23.0,1.0,40.0,1,0,1
798,28.0,6.0,16.0,5.0,5,49.0,2.0,84.0,0,1,0
799,37.0,1.0,19.0,1.0,2,49.0,0.0,40.0,0,1,1
800,37.0,2.0,21.0,1.0,0,49.0,0.0,84.0,0,1,1
801,32.0,4.0,5.0,5.0,0,16.0,7.0,50.0,0,1,1
802,32.0,4.0,16.0,1.0,3,16.0,1.0,4.0,1,1,1
803,79.0,1.0,19.0,5.0,1,16.0,2.0,29.0,0,1,0
804,43.0,1.0,19.0,1.0,4,370.0,1.0,40.0,1,1,0
805,21.0,1.0,21.0,1.0,2,49.0,0.0,84.0,1,1,1
806,24.0,7.0,16.0,1.0,2,150.0,1.0,26.0,0,0,0
807,64.0,1.0,8.0,4.0,5,203.0,17.0,45.0,0,0,0
808,76.0,7.0,21.0,1.0,4,6.0,0.0,20.0,1,1,1
809,55.0,2.0,19.0,3.0,0,49.0,0.0,55.0,0,1,0
810,54.0,1.0,22.0,1.0,-1,214.0,1.0,15.0,0,1,1
811,48.0,1.0,16.0,5.0,1,49.0,0.0,40.0,0,1,0
812,27.0,3.0,19.0,1.0,3,49.0,0.0,30.0,1,0,1
813,34.0,1.0,16.0,1.0,3,42.0,0.0,60.0,1,1,1
814,61.0,1.0,21.0,1.0,2,214.0,0.0,61.0,0,1,0
815,40.0,1.0,14.0,5.0,4,49.0,2.0,45.0,1,1,0
816,28.0,1.0,22.0,3.0,4,51.0,0.0,40.0,1,1,1
817,65.0,1.0,10.0,1.0,1,49.0,1.0,45.0,1,1,0
818,62.0,1.0,20.0,5.0,0,303.0,0.0,20.0,0,1,0
819,55.0,1.0,15.0,1.0,2,49.0,0.0,20.0,0,0,0
820,68.0,4.0,16.0,1.0,2,49.0,0.0,40.0,0,1,0
821,27.0,1.0,19.0,1.0,1,49.0,0.0,40.0,0,1,0
822,29.0,3.0,17.0,1.0,0,49.0,0.0,55.0,0,1,1
823,20.0,1.0,18.0,5.0,2,451.0,2.0,15.0,0,1,0
824,41.0,1.0,18.0,1.0,0,49.0,0.0,40.0,1,1,1
825,41.0,7.0,22.0,1.0,0,6.0,1.0,20.0,1,0,1
826,28.0,1.0,19.0,5.0,0,150.0,2.0,25.0,0,0,0
827,40.0,5.0,22.0,2.0,0,329.0,1.0,15.0,0,1,1
828,62.0,1.0,19.0,1.0,0,49.0,1.0,40.0,0,1,0
829,69.0,7.0,21.0,1.0,4,49.0,0.0,25.0,1,1,1
830,44.0,1.0,23.0,5.0,2,6.0,7.0,45.0,1,1,1
831,56.0,1.0,16.0,5.0,4,49.0,2.0,40.0,1,1,0
832,19.0,2.0,3.0,4.0,0,49.0,13.0,50.0,1,0,1
833,45.0,1.0,14.0,1.0,1,49.0,0.0,40.0,0,1,0
834,28.0,1.0,19.0,1.0,1,49.0,0.0,40.0,0,1,0
835,22.0,3.0,21.0,1.0,2,49.0,0.0,53.0,0,0,0
836,44.0,3.0,13.0,1.0,0,49.0,1.0,40.0,0,1,0
837,18.0,1.0,19.0,5.0,2,49.0,3.0,40.0,0,0,0
838,47.0,7.0,21.0,5.0,2,6.0,2.0,40.0,0,1,0
839,82.0,3.0,19.0,5.0,2,49.0,2.0,40.0,0,0,0
840,28.0,4.0,22.0,1.0,0,49.0,5.0,40.0,1,1,1
841,54.0,1.0,19.0,5.0,4,8.0,0.0,45.0,1,1,0
842,40.0,7.0,19.0,5.0,3,6.0,12.0,60.0,1,1,0
843,17.0,3.0,13.0,1.0,0,49.0,5.0,14.0,0,1,0
844,58.0,6.0,18.0,1.0,3,303.0,1.0,30.0,1,1,0
845,46.0,1.0,19.0,1.0,1,16.0,1.0,18.0,0,1,1
846,82.0,1.0,21.0,1.0,0,508.0,1.0,40.0,0,1,0
847,75.0,2.0,21.0,1.0,2,49.0,0.0,55.0,1,1,1
848,62.0,1.0,16.0,1.0,3,49.0,1.0,60.0,1,1,0
849,44.0,1.0,19.0,5.0,0,49.0,7.0,40.0,1,1,1
850,82.0,1.0,19.0,1.0,4,42.0,0.0,20.0,1,1,0
851,28.0,2.0,22.0,1.0,0,49.0,0.0,40.0,1,1,1
852,44.0,1.0,19.0,2.0,2,370.0,1.0,20.0,0,1,1
853,65.0,4.0,21.0,5.0,0,49.0,0.0,50.0,1,1,1
854,40.0,1.0,20.0,2.0,0,49.0,1.0,45.0,1,1,1
855,20.0,7.0,21.0,1.0,1,49.0,1.0,20.0,1,1,1
856,31.0,1.0,22.0,5.0,1,49.0,2.0,29.0,1,1,0
857,17.0,1.0,16.0,1.0,5,49.0,0.0,40.0,0,1,0
858,51.0,2.0,13.0,1.0,4,49.0,17.0,37.0,1,1,0
859,51.0,3.0,16.0,1.0,0,49.0,1.0,30.0,0,1,0
860,35.0,1.0,21.0,1.0,1,49.0,2.0,40.0,0,1,0
861,43.0,6.0,20.0,5.0,4,49.0,5.0,3.0,1,1,0
862,35.0,1.0,17.0,1.0,0,468.0,0.0,50.0,1,1,1
863,21.0,1.0,19.0,1.0,0,49.0,1.0,20.0,0,1,0
864,80.0,5.0,16.0,1.0,0,49.0,0.0,18.0,0,1,1
865,51.0,3.0,23.0,4.0,0,49.0,0.0,50.0,1,0,1
866,65.0,1.0,19.0,1.0,0,49.0,0.0,40.0,1,1,1
867,68.0,4.0,21.0,1.0,0,214.0,0.0,40.0,0,1,1
868,33.0,1.0,21.0,1.0,1,49.0,1.0,40.0,0,1,0
869,34.0,1.0,19.0,5.0,0,49.0,0.0,24.0,0,1,0
870,57.0,1.0,21.0,1.0,4,150.0,0.0,40.0,1,1,1
871,23.0,1.0,19.0,3.0,4,468.0,0.0,50.0,1,1,1
872,51.0,1.0,14.0,5.0,0,42.0,2.0,40.0,0,1,0
873,62.0,1.0,20.0,5.0,4,49.0,12.0,45.0,0,1,0
874,20.0,6.0,16.0,5.0,2,329.0,2.0,25.0,0,1,0
875,42.0,1.0,20.0,1.0,2,49.0,1.0,46.0,1,1,1
876,17.0,1.0,21.0,1.0,0,323.0,1.0,40.0,0,1,0
877,28.0,1.0,21.0,1.0,0,451.0,0.0,39.0,1,1,1
878,54.0,1.0,19.0,1.0,0,467.0,0.0,40.0,1,1,1
879,38.0,1.0,21.0,1.0,0,49.0,0.0,40.0,1,1,1
880,20.0,1.0,24.0,1.0,0,49.0,0.0,40.0,1,1,1
881,48.0,7.0,21.0,5.0,0,49.0,7.0,40.0,1,1,1
882,26.0,1.0,21.0,5.0,2,49.0,15.0,55.0,0,1,0
883,40.0,1.0,18.0,1.0,0,49.0,0.0,35.0,0,1,0
884,56.0,1.0,19.0,1.0,3,151.0,0.0,10.0,1,1,0
885,68.0,1.0,23.0,5.0,0,49.0,0.0,15.0,0,1,0
886,20.0,6.0,22.0,1.0,0,51.0,1.0,40.0,0,1,1
887,18.0,1.0,19.0,1.0,1,449.0,0.0,40.0,1,1,1
888,68.0,1.0,19.0,5.0,2,49.0,12.0,40.0,0,1,0
889,33.0,5.0,22.0,1.0,4,51.0,0.0,40.0,1,0,1
890,92.0,7.0,21.0,5.0,0,203.0,7.0,75.0,1,1,1
891,35.0,1.0,14.0,5.0,1,49.0,2.0,61.0,0,0,0
892,22.0,1.0,15.0,5.0,1,55.0,0.0,45.0,0,1,0
893,92.0,6.0,23.0,1.0,0,49.0,0.0,25.0,0,1,1
894,40.0,1.0,20.0,5.0,1,329.0,2.0,60.0,0,1,0
895,49.0,3.0,22.0,4.0,0,49.0,0.0,40.0,1,0,1
896,32.0,1.0,19.0,1.0,5,329.0,1.0,45.0,0,1,0
897,61.0,1.0,21.0,1.0,2,6.0,0.0,75.0,1,1,1
898,46.0,1.0,19.0,1.0,2,49.0,1.0,40.0,0,1,0
899,28.0,1.0,19.0,1.0,0,51.0,0.0,40.0,1,1,1
900,37.0,1.0,19.0,5.0,3,49.0,16.0,75.0,1,1,0
901,32.0,1.0,19.0,1.0,1,6.0,0.0,30.0,1,0,0
902,62.0,4.0,19.0,1.0,2,49.0,0.0,25.0,0,1,0
903,24.0,2.0,21.0,1.0,-1,51.0,1.0,40.0,0,1,1
904,31.0,3.0,23.0,5.0,0,323.0,7.0,40.0,1,0,1
905,56.0,7.0,23.0,1.0,2,451.0,0.0,50.0,1,0,1
906,31.0,1.0,16.0,5.0,0,49.0,2.0,45.0,1,1,0
907,39.0,1.0,21.0,1.0,1,214.0,1.0,29.0,0,1,0
908,53.0,1.0,22.0,1.0,4,48.0,0.0,60.0,1,1,1
909,87.0,3.0,19.0,3.0,2,50.0,0.0,24.0,0,1,0
910,28.0,1.0,18.0,5.0,0,6.0,17.0,40.0,0,1,0
911,36.0,1.0,18.0,3.0,0,49.0,0.0,40.0,0,1,1
912,18.0,2.0,19.0,1.0,0,370.0,0.0,40.0,1,1,1
913,44.0,1.0,22.0,1.0,0,49.0,1.0,40.0,1,1,1
914,39.0,1.0,21.0,1.0,0,49.0,0.0,15.0,1,1,1
915,64.0,1.0,22.0,1.0,2,150.0,1.0,40.0,1,1,1
916,23.0,1.0,24.0,1.0,1,6.0,1.0,40.0,1,1,1
917,63.0,1.0,22.0,5.0,1,303.0,2.0,40.0,0,1,0
918,32.0,1.0,21.0,1.0,0,468.0,1.0,40.0,0,1,1
919,29.0,1.0,19.0,5.0,0,8.0,0.0,60.0,1,1,0
920,23.0,1.0,21.0,3.0,2,49.0,0.0,40.0,1,1,1
921,48.0,6.0,20.0,1.0,0,42.0,1.0,40.0,1,1,1
922,18.0,1.0,18.0,1.0,0,49.0,1.0,40.0,1,1,1
923,51.0,3.0,19.0,1.0,0,49.0,0.0,40.0,1,0,1
924,87.0,1.0,21.0,1.0,0,214.0,1.0,35.0,1,1,1
925,39.0,1.0,18.0,1.0,0,341.0,0.0,30.0,0,1,0
926,19.0,2.0,22.0,5.0,0,51.0,12.0,40.0,1,0,0
927,23.0,2.0,16.0,5.0,0,49.0,3.0,45.0,0,1,0
928,21.0,1.0,19.0,1.0,0,49.0,1.0,50.0,0,1,0
929,21.0,1.0,21.0,3.0,0,49.0,0.0,40.0,1,1,1
930,73.0,1.0,16.0,1.0,1,51.0,0.0,40.0,0,1,0
931,67.0,1.0,20.0,1.0,2,49.0,0.0,45.0,1,1,1
932,54.0,2.0,12.0,1.0,3,49.0,1.0,20.0,1,1,1
933,62.0,1.0,22.0,1.0,3,49.0,1.0,32.0,1,1,1
934,56.0,7.0,19.0,1.0,0,49.0,0.0,40.0,0,1,1
935,43.0,1.0,22.0,3.0,0,329.0,0.0,15.0,1,1,1
936,25.0,2.0,19.0,1.0,2,49.0,1.0,37.0,0,1,0
937,33.0,3.0,21.0,1.0,3,6.0,0.0,30.0,1,1,1
938,30.0,1.0,19.0,1.0,4,449.0,1.0,53.0,0,0,0
939,51.0,7.0,7.0,1.0,1,203.0,1.0,36.0,1,1,1
940,30.0,5.0,21.0,3.0,2,51.0,0.0,45.0,1,0,1
941,45.0,1.0,21.0,1.0,4,449.0,1.0,30.0,0,1,0
942,20.0,1.0,16.0,1.0,0,49.0,1.0,15.0,0,1,1
943,18.0,1.0,19.0,5.0,2,323.0,2.0,40.0,1,1,0
944,43.0,1.0,21.0,1.0,3,203.0,1.0,40.0,1,1,1
945,34.0,1.0,18.0,1.0,0,16.0,17.0,40.0,0,1,0
946,48.0,6.0,17.0,1.0,0,6.0,1.0,35.0,1,1,1
947,24.0,1.0,21.0,3.0,0,49.0,0.0,40.0,1,0,1
948,39.0,1.0,21.0,3.0,1,49.0,0.0,50.0,1,1,1
949,23.0,2.0,20.0,1.0,2,151.0,1.0,40.0,1,1,1
950,32.0,1.0,22.0,1.0,0,468.0,0.0,40.0,1,1,1
951,34.0,4.0,8.0,5.0,2,6.0,0.0,40.0,0,1,0
952,55.0,1.0,21.0,5.0,2,214.0,7.0,32.0,1,1,1
953,51.0,2.0,20.0,1.0,1,329.0,0.0,40.0,0,0,0
954,44.0,4.0,22.0,5.0,0,49.0,0.0,40.0,1,1,1
955,18.0,4.0,18.0,1.0,1,203.0,0.0,40.0,0,1,0
956,51.0,4.0,21.0,1.0,0,150.0,0.0,50.0,0,1,1
957,25.0,1.0,21.0,3.0,4,51.0,0.0,40.0,1,1,1
958,84.0,6.0,21.0,1.0,4,51.0,1.0,30.0,1,1,1
959,87.0,3.0,18.0,5.0,4,49.0,12.0,25.0,0,1,0
960,64.0,1.0,21.0,5.0,4,49.0,2.0,50.0,1,1,0
961,29.0,4.0,21.0,1.0,0,49.0,1.0,15.0,1,1,1
962,24.0,1.0,21.0,1.0,1,150.0,1.0,45.0,1,1,1
963,61.0,1.0,16.0,1.0,2,49.0,1.0,40.0,1,1,1
964,87.0,1.0,23.0,1.0,2,49.0,0.0,40.0,1,1,1
965,22.0,1.0,16.0,1.0,0,20.0,1.0,40.0,1,1,1
966,84.0,1.0,19.0,3.0,4,16.0,0.0,40.0,0,1,0
967,19.0,1.0,16.0,5.0,4,6.0,2.0,40.0,1,1,0
968,31.0,1.0,20.0,4.0,0,214.0,0.0,40.0,1,0,1
969,54.0,1.0,16.0,1.0,1,6.0,0.0,14.0,1,1,1
970,47.0,1.0,19.0,5.0,4,329.0,0.0,45.0,0,1,0
971,40.0,1.0,16.0,5.0,0,37.0,2.0,40.0,0,1,0
972,30.0,1.0,21.0,1.0,0,49.0,0.0,40.0,0,1,1
973,62.0,1.0,21.0,5.0,1,49.0,13.0,40.0,0,1,1
974,26.0,1.0,19.0,5.0,1,467.0,2.0,40.0,1,1,0
975,38.0,1.0,16.0,5.0,1,49.0,2.0,12.0,1,1,0
976,38.0,1.0,17.0,1.0,0,49.0,1.0,4.0,0,1,1
977,30.0,5.0,20.0,1.0,-1,49.0,1.0,40.0,0,0,1
978,44.0,5.0,6.0,1.0,0,49.0,0.0,55.0,0,0,1
979,38.0,7.0,16.0,5.0,1,49.0,2.0,40.0,1,0,1
980,31.0,1.0,19.0,1.0,0,49.0,0.0,36.0,1,1,1
981,59.0,7.0,22.0,1.0,0,49.0,0.0,30.0,1,1,1
982,45.0,1.0,19.0,5.0,2,49.0,0.0,4.0,1,1,0
983,21.0,1.0,22.0,1.0,3,214.0,9.0,32.0,1,1,1
984,54.0,1.0,18.0,5.0,4,370.0,17.0,14.0,0,1,0
985,74.0,1.0,21.0,1.0,1,49.0,0.0,40.0,1,1,0
986,62.0,5.0,8.0,5.0,3,49.0,2.0,55.0,1,0,0
987,45.0,5.0,18.0,5.0,2,49.0,2.0,14.0,1,0,1
988,18.0,1.0,21.0,1.0,1,49.0,9.0,40.0,0,1,1
989,56.0,7.0,21.0,5.0,2,51.0,13.0,50.0,0,1,1
990,79.0,2.0,19.0,1.0,0,49.0,4.0,14.0,1,1,1
991,34.0,4.0,19.0,1.0,0,49.0,0.0,45.0,1,1,1
992,34.0,1.0,19.0,1.0,0,51.0,0.0,40.0,0,1,0
993,42.0,5.0,16.0,1.0,0,49.0,1.0,60.0,0,1,1
994,47.0,1.0,16.0,1.0,0,20.0,0.0,40.0,1,1,1
995,26.0,1.0,19.0,1.0,0,49.0,0.0,50.0,1,1,1
996,65.0,3.0,8.0,1.0,4,49.0,1.0,40.0,1,0,0
997,23.0,1.0,22.0,1.0,0,49.0,0.0,53.0,0,1,1
998,40.0,1.0,5.0,3.0,4,49.0,0.0,40.0,0,1,1
999,79.0,5.0,21.0,1.0,1,49.0,1.0,40.0,1,0,1
1000,49.0,1.0,19.0,1.0,0,49.0,1.0,40.0,0,0,0
1001,42.0,7.0,22.0,1.0,-1,49.0,1.0,40.0,0,1,1
1002,34.0,1.0,20.0,1.0,3,329.0,1.0,40.0,1,1,1
1003,17.0,1.0,22.0,1.0,0,214.0,1.0,20.0,0,1,1
1004,18.0,1.0,21.0,5.0,3,49.0,7.0,35.0,1,1,0
1005,18.0,1.0,16.0,1.0,0,49.0,1.0,35.0,1,1,1
1006,65.0,1.0,22.0,1.0,2,8.0,1.0,50.0,0,1,1
1007,48.0,1.0,14.0,5.0,2,323.0,2.0,14.0,1,1,0
1008,53.0,1.0,18.0,1.0,3,49.0,1.0,40.0,1,1,1
1009,18.0,1.0,23.0,1.0,2,49.0,0.0,50.0,1,1,1
1010,21.0,4.0,16.0,1.0,0,214.0,0.0,38.0,0,0,1
1011,43.0,5.0,19.0,1.0,0,49.0,0.0,36.0,1,1,1
1012,40.0,1.0,23.0,1.0,4,49.0,1.0,48.0,1,0,1
1013,28.0,1.0,19.0,1.0,1,51.0,1.0,37.0,1,0,0
1014,23.0,5.0,20.0,3.0,0,323.0,0.0,35.0,0,0,1
1015,27.0,7.0,21.0,3.0,4,49.0,0.0,48.0,1,1,0
1016,56.0,1.0,19.0,5.0,0,49.0,0.0,40.0,0,1,0
1017,62.0,1.0,21.0,1.0,4,49.0,1.0,40.0,1,1,1
1018,49.0,4.0,19.0,1.0,0,49.0,1.0,40.0,0,1,1
1019,18.0,1.0,19.0,3.0,1,49.0,0.0,40.0,0,1,0
1020,40.0,1.0,24.0,3.0,0,214.0,2.0,60.0,1,1,1
1021,27.0,1.0,18.0,1.0,0,49.0,1.0,40.0,1,1,0
1022,37.0,4.0,19.0,5.0,0,49.0,7.0,40.0,1,1,1
1023,26.0,1.0,16.0,1.0,0,49.0,1.0,40.0,0,1,1
1024,25.0,7.0,18.0,5.0,1,150.0,2.0,40.0,0,1,1
1025,67.0,1.0,17.0,1.0,4,49.0,1.0,40.0,1,1,1
1026,69.0,6.0,22.0,1.0,-1,49.0,0.0,35.0,0,1,1
1027,49.0,7.0,22.0,1.0,0,51.0,0.0,40.0,1,0,1
1028,20.0,1.0,16.0,1.0,2,508.0,1.0,40.0,0,1,0
1029,56.0,1.0,21.0,5.0,4,151.0,13.0,53.0,1,1,1
1030,40.0,1.0,19.0,1.0,2,49.0,1.0,30.0,0,1,0
1031,48.0,5.0,16.0,1.0,3,49.0,0.0,48.0,1,1,1
1032,38.0,1.0,23.0,1.0,0,49.0,1.0,20.0,0,1,1
1033,31.0,1.0,21.0,1.0,0,49.0,0.0,45.0,0,1,0
1034,25.0,3.0,20.0,3.0,0,49.0,0.0,40.0,0,1,1
1035,57.0,1.0,16.0,1.0,1,49.0,1.0,40.0,1,1,0
1036,84.0,7.0,16.0,5.0,4,341.0,2.0,36.0,1,0,0
1037,44.0,1.0,20.0,5.0,3,203.0,2.0,35.0,1,1,0
1038,73.0,1.0,22.0,1.0,4,49.0,1.0,84.0,1,1,1
1039,36.0,3.0,21.0,5.0,0,214.0,2.0,40.0,1,0,0
1040,22.0,1.0,21.0,3.0,1,214.0,0.0,40.0,1,1,1
1041,51.0,1.0,16.0,1.0,0,203.0,1.0,25.0,0,1,0
1042,56.0,1.0,14.0,1.0,3,214.0,1.0,20.0,1,0,0
1043,46.0,3.0,21.0,3.0,0,49.0,0.0,35.0,1,0,1
1044,64.0,1.0,21.0,2.0,0,16.0,13.0,4.0,0,1,1
1045,51.0,1.0,19.0,1.0,1,49.0,0.0,36.0,1,1,1
1046,35.0,2.0,16.0,1.0,1,449.0,1.0,40.0,0,0,1
1047,27.0,1.0,21.0,1.0,0,6.0,1.0,40.0,0,1,1
1048,61.0,1.0,15.0,1.0,2,55.0,1.0,45.0,0,1,0
1049,68.0,1.0,21.0,1.0,1,6.0,1.0,40.0,0,1,0
1050,19.0,1.0,19.0,5.0,2,22.0,2.0,30.0,0,1,0
1051,28.0,1.0,20.0,5.0,0,6.0,0.0,14.0,0,1,0
1052,37.0,7.0,18.0,1.0,4,49.0,1.0,40.0,0,1,1
1053,56.0,1.0,14.0,1.0,4,49.0,0.0,25.0,0,1,0
1054,54.0,5.0,5.0,1.0,0,49.0,0.0,40.0,1,1,1
1055,26.0,1.0,21.0,1.0,2,49.0,0.0,40.0,1,1,1
1056,78.0,1.0,3.0,1.0,1,49.0,0.0,20.0,1,1,1
1057,32.0,7.0,19.0,1.0,0,49.0,0.0,40.0,0,1,1
1058,55.0,1.0,22.0,1.0,0,49.0,0.0,14.0,0,1,1
1059,52.0,1.0,18.0,1.0,5,49.0,1.0,45.0,0,1,0
1060,18.0,3.0,18.0,1.0,0,49.0,0.0,15.0,0,0,0
1061,43.0,1.0,16.0,1.0,3,49.0,1.0,60.0,1,1,0
1062,26.0,4.0,16.0,1.0,1,48.0,0.0,42.0,0,1,0
1063,33.0,2.0,20.0,1.0,0,49.0,0.0,40.0,0,1,0
1064,26.0,8.0,19.0,1.0,2,451.0,1.0,20.0,0,1,0
1065,25.0,5.0,22.0,1.0,4,49.0,1.0,40.0,1,1,1
1066,43.0,1.0,12.0,1.0,0,49.0,1.0,50.0,0,1,1
1067,23.0,1.0,19.0,1.0,0,468.0,1.0,40.0,1,1,1
1068,36.0,4.0,22.0,3.0,0,51.0,0.0,20.0,1,1,1
1069,40.0,5.0,19.0,1.0,2,49.0,1.0,18.0,1,1,1
1070,23.0,1.0,18.0,5.0,2,49.0,0.0,30.0,1,0,0
1071,36.0,3.0,19.0,1.0,0,150.0,1.0,40.0,1,1,1
1072,20.0,1.0,19.0,1.0,0,150.0,0.0,37.0,0,1,0
1073,44.0,3.0,18.0,1.0,0,49.0,0.0,62.0,1,1,0
1074,61.0,1.0,19.0,5.0,4,49.0,13.0,25.0,1,1,1
1075,42.0,1.0,21.0,3.0,3,6.0,0.0,60.0,1,0,1
1076,41.0,1.0,21.0,5.0,2,214.0,2.0,40.0,0,1,0
1077,32.0,1.0,18.0,1.0,0,49.0,0.0,40.0,0,1,0
1078,31.0,5.0,18.0,5.0,4,468.0,2.0,40.0,1,1,0
1079,49.0,1.0,16.0,3.0,2,323.0,2.0,40.0,0,1,0
1080,40.0,5.0,19.0,1.0,2,303.0,4.0,45.0,1,1,1
1081,52.0,4.0,21.0,5.0,0,49.0,7.0,29.0,0,1,1
1082,26.0,1.0,14.0,5.0,4,49.0,2.0,25.0,0,1,0
1083,68.0,1.0,16.0,5.0,2,49.0,2.0,40.0,1,1,0
1084,79.0,2.0,20.0,1.0,1,49.0,1.0,32.0,0,1,0
1085,55.0,7.0,17.0,1.0,2,6.0,0.0,40.0,1,1,1
1086,39.0,5.0,22.0,3.0,0,49.0,0.0,40.0,1,0,1
1087,35.0,1.0,22.0,1.0,0,49.0,1.0,30.0,1,1,1
1088,19.0,1.0,18.0,1.0,0,49.0,1.0,50.0,0,1,1
1089,32.0,1.0,20.0,5.0,0,51.0,12.0,40.0,0,1,0
1090,80.0,1.0,5.0,1.0,0,49.0,1.0,40.0,1,0,1
1091,63.0,1.0,15.0,5.0,4,6.0,12.0,30.0,1,1,0
1092,23.0,6.0,21.0,5.0,3,51.0,16.0,40.0,1,1,0
1093,78.0,1.0,16.0,5.0,1,48.0,2.0,40.0,0,1,0
1094,26.0,5.0,19.0,1.0,3,49.0,1.0,45.0,1,0,1
1095,18.0,1.0,16.0,2.0,0,370.0,6.0,19.0,0,1,1
1096,19.0,1.0,19.0,1.0,4,49.0,0.0,61.0,1,1,1
1097,68.0,4.0,23.0,1.0,0,303.0,0.0,40.0,1,1,1
1098,23.0,1.0,18.0,5.0,0,214.0,2.0,30.0,1,1,0
1099,27.0,1.0,19.0,1.0,1,341.0,0.0,40.0,1,1,1
1100,20.0,1.0,20.0,5.0,2,16.0,12.0,40.0,0,1,0
1101,23.0,3.0,16.0,1.0,0,50.0,1.0,40.0,1,1,0
1102,20.0,1.0,21.0,5.0,0,303.0,2.0,50.0,1,1,1
1103,73.0,5.0,20.0,5.0,0,49.0,2.0,40.0,0,0,0
1104,33.0,1.0,21.0,5.0,3,508.0,17.0,40.0,1,1,0
1105,68.0,5.0,21.0,5.0,5,449.0,2.0,15.0,0,0,0
1106,35.0,2.0,16.0,5.0,4,51.0,2.0,24.0,0,1,0
1107,55.0,1.0,16.0,5.0,0,49.0,16.0,40.0,1,1,0
1108,75.0,3.0,22.0,3.0,4,449.0,10.0,45.0,0,1,0
1109,54.0,1.0,16.0,1.0,0,329.0,1.0,50.0,1,1,1
1110,42.0,1.0,7.0,1.0,0,51.0,0.0,20.0,1,0,1
1111,80.0,1.0,16.0,1.0,3,451.0,0.0,40.0,1,1,1
1112,53.0,1.0,21.0,1.0,3,49.0,1.0,40.0,1,1,1
1113,47.0,1.0,18.0,1.0,0,49.0,1.0,91.0,0,1,0
1114,21.0,6.0,19.0,3.0,0,49.0,0.0,40.0,1,1,0
1115,28.0,1.0,22.0,1.0,3,49.0,1.0,40.0,1,1,0
1116,73.0,1.0,21.0,1.0,0,49.0,0.0,50.0,0,1,0
1117,28.0,1.0,18.0,4.0,0,49.0,0.0,40.0,1,0,1
1118,44.0,4.0,18.0,1.0,4,42.0,0.0,40.0,1,1,0
1119,35.0,1.0,20.0,1.0,1,49.0,0.0,40.0,0,1,0
1120,42.0,3.0,14.0,5.0,2,30.0,2.0,55.0,0,1,0
1121,54.0,8.0,20.0,5.0,2,49.0,15.0,60.0,0,1,0
1122,46.0,1.0,19.0,5.0,2,49.0,2.0,40.0,1,1,0
1123,26.0,6.0,21.0,5.0,1,49.0,17.0,3.0,0,1,0
1124,30.0,5.0,18.0,5.0,1,49.0,17.0,14.0,0,1,0
1125,17.0,1.0,14.0,1.0,0,49.0,0.0,40.0,1,1,0
1126,27.0,8.0,19.0,1.0,0,45.0,1.0,50.0,1,1,0
1127,42.0,1.0,20.0,1.0,2,151.0,1.0,30.0,0,1,0
1128,47.0,7.0,18.0,1.0,0,468.0,1.0,60.0,0,1,1
1129,31.0,1.0,21.0,1.0,1,49.0,5.0,10.0,0,1,0
1130,22.0,1.0,13.0,1.0,3,49.0,10.0,50.0,1,1,0
1131,46.0,1.0,7.0,1.0,0,51.0,5.0,91.0,0,1,1
1132,68.0,4.0,19.0,1.0,1,49.0,0.0,53.0,1,1,1
1133,20.0,2.0,20.0,1.0,0,323.0,1.0,40.0,0,1,1
1134,18.0,3.0,21.0,1.0,0,6.0,0.0,30.0,1,1,1
1135,26.0,2.0,20.0,5.0,0,45.0,2.0,84.0,0,1,0
1136,40.0,1.0,18.0,3.0,3,508.0,2.0,20.0,0,1,0
1137,41.0,4.0,16.0,3.0,1,49.0,2.0,35.0,0,1,0
1138,42.0,8.0,17.0,5.0,1,49.0,0.0,8.0,0,1,0
1139,64.0,2.0,5.0,1.0,3,49.0,0.0,20.0,1,1,1
1140,35.0,1.0,16.0,5.0,0,49.0,2.0,50.0,0,1,0
1141,64.0,1.0,21.0,1.0,1,49.0,0.0,25.0,1,1,0
1142,18.0,1.0,19.0,1.0,4,50.0,1.0,40.0,1,1,0
1143,51.0,1.0,16.0,5.0,3,329.0,3.0,30.0,1,0,0
1144,60.0,1.0,19.0,5.0,4,49.0,0.0,45.0,1,1,0
1145,40.0,1.0,23.0,5.0,0,49.0,0.0,40.0,1,1,0
1146,82.0,1.0,19.0,3.0,1,51.0,0.0,20.0,0,1,0
1147,84.0,1.0,19.0,5.0,2,49.0,2.0,20.0,0,0,0
1148,32.0,1.0,18.0,4.0,0,49.0,0.0,24.0,0,1,1
1149,31.0,1.0,16.0,1.0,2,49.0,1.0,40.0,0,1,0
1150,22.0,1.0,20.0,1.0,0,49.0,0.0,40.0,1,1,1
1151,56.0,1.0,23.0,1.0,4,341.0,1.0,38.0,1,0,1
1152,26.0,1.0,20.0,5.0,0,6.0,5.0,40.0,0,1,1
1153,61.0,1.0,21.0,1.0,0,468.0,0.0,30.0,1,1,1
1154,26.0,1.0,19.0,5.0,1,49.0,0.0,40.0,0,1,0
1155,82.0,1.0,19.0,5.0,2,49.0,17.0,14.0,1,0,0
1156,58.0,1.0,16.0,1.0,0,49.0,1.0,45.0,1,1,1
1157,40.0,1.0,21.0,5.0,1,49.0,7.0,40.0,0,1,1
1158,18.0,6.0,16.0,1.0,2,55.0,1.0,39.0,1,1,1
1159,26.0,7.0,16.0,1.0,0,16.0,0.0,50.0,1,1,1
1160,44.0,1.0,16.0,1.0,2,42.0,0.0,75.0,0,1,0
1161,23.0,1.0,20.0,5.0,5,49.0,0.0,50.0,0,0,0
1162,46.0,1.0,16.0,5.0,3,49.0,12.0,91.0,1,1,0
1163,92.0,1.0,19.0,1.0,2,467.0,0.0,60.0,0,1,0
1164,38.0,7.0,21.0,1.0,0,329.0,0.0,30.0,1,0,1
1165,77.0,1.0,21.0,1.0,0,49.0,1.0,40.0,1,1,1
1166,47.0,1.0,19.0,5.0,1,23.0,2.0,15.0,0,1,0
1167,43.0,4.0,20.0,5.0,0,49.0,12.0,45.0,0,1,1
1168,23.0,1.0,20.0,1.0,0,49.0,0.0,8.0,1,0,1
1169,51.0,1.0,16.0,3.0,2,49.0,10.0,45.0,1,1,0
1170,59.0,1.0,20.0,5.0,0,16.0,13.0,23.0,0,1,1
1171,40.0,1.0,16.0,1.0,0,49.0,0.0,35.0,0,1,1
1172,22.0,1.0,20.0,1.0,0,49.0,1.0,30.0,0,1,0
1173,76.0,1.0,20.0,1.0,0,49.0,0.0,26.0,1,1,1
1174,18.0,6.0,22.0,1.0,2,49.0,1.0,40.0,1,1,1
1175,37.0,1.0,19.0,1.0,4,49.0,1.0,19.0,0,0,0
1176,69.0,1.0,20.0,1.0,0,442.0,17.0,40.0,0,1,0
1177,38.0,1.0,21.0,5.0,3,49.0,0.0,36.0,1,1,1
1178,62.0,1.0,22.0,1.0,3,49.0,0.0,40.0,1,1,1
1179,32.0,5.0,21.0,1.0,0,49.0,0.0,15.0,0,1,0
1180,75.0,5.0,21.0,5.0,0,303.0,0.0,55.0,0,1,0
1181,19.0,1.0,13.0,5.0,1,6.0,7.0,45.0,0,1,0
1182,46.0,1.0,17.0,1.0,0,16.0,0.0,35.0,0,1,0
1183,39.0,1.0,15.0,1.0,2,49.0,0.0,40.0,0,1,0
1184,80.0,1.0,19.0,1.0,0,49.0,1.0,96.0,1,1,1
1185,77.0,1.0,16.0,1.0,2,49.0,1.0,30.0,1,1,1
1186,51.0,1.0,19.0,5.0,2,49.0,0.0,50.0,1,1,0
1187,84.0,1.0,19.0,1.0,1,49.0,0.0,40.0,1,1,0
1188,39.0,1.0,18.0,1.0,4,51.0,1.0,45.0,0,1,0
1189,35.0,1.0,19.0,5.0,4,329.0,12.0,24.0,1,1,0
1190,20.0,1.0,19.0,3.0,4,16.0,2.0,40.0,0,0,0
1191,17.0,1.0,21.0,1.0,-1,8.0,0.0,50.0,0,1,1
1192,19.0,5.0,16.0,1.0,3,49.0,1.0,40.0,1,0,1
1193,68.0,6.0,21.0,1.0,3,49.0,1.0,75.0,1,1,1
1194,31.0,2.0,19.0,5.0,4,49.0,17.0,10.0,1,0,0
1195,65.0,1.0,19.0,1.0,4,49.0,1.0,40.0,1,1,1
1196,62.0,1.0,21.0,1.0,2,49.0,0.0,40.0,0,1,0
1197,34.0,1.0,16.0,1.0,0,49.0,0.0,61.0,1,1,1
1198,65.0,1.0,21.0,1.0,1,49.0,8.0,60.0,0,1,0
1199,19.0,7.0,19.0,1.0,0,6.0,1.0,40.0,0,1,1
1200,42.0,1.0,18.0,5.0,1,49.0,16.0,40.0,0,1,0
1201,29.0,1.0,22.0,5.0,0,150.0,12.0,40.0,0,1,1
1202,56.0,1.0,15.0,1.0,0,51.0,0.0,75.0,1,1,1
1203,31.0,1.0,20.0,1.0,3,37.0,1.0,25.0,1,1,1
1204,30.0,1.0,20.0,5.0,2,49.0,12.0,45.0,1,0,1
1205,51.0,1.0,23.0,5.0,1,51.0,2.0,38.0,0,1,0
1206,39.0,1.0,21.0,1.0,1,323.0,0.0,30.0,0,1,0
1207,38.0,1.0,22.0,1.0,0,49.0,1.0,30.0,1,1,1
1208,36.0,5.0,21.0,3.0,0,49.0,0.0,40.0,1,0,1
1209,44.0,1.0,3.0,5.0,1,323.0,2.0,40.0,1,1,0
1210,20.0,3.0,16.0,1.0,1,49.0,1.0,40.0,1,0,0
1211,42.0,7.0,18.0,1.0,2,49.0,1.0,40.0,0,1,0
1212,58.0,4.0,21.0,1.0,0,51.0,0.0,14.0,1,1,1
1213,82.0,3.0,22.0,1.0,1,48.0,0.0,40.0,1,1,1
1214,41.0,5.0,19.0,3.0,0,449.0,0.0,40.0,1,0,1
1215,26.0,2.0,10.0,5.0,0,42.0,12.0,40.0,0,1,0
1216,79.0,1.0,21.0,5.0,1,49.0,2.0,30.0,1,0,0
1217,61.0,1.0,20.0,5.0,2,49.0,12.0,40.0,0,1,0
1218,57.0,1.0,21.0,1.0,4,49.0,1.0,91.0,1,1,1
1219,47.0,1.0,16.0,1.0,0,49.0,0.0,40.0,1,1,1
1220,25.0,1.0,22.0,1.0,3,451.0,1.0,75.0,1,1,1
1221,54.0,1.0,21.0,1.0,3,214.0,0.0,40.0,1,1,0
1222,40.0,2.0,19.0,1.0,2,6.0,0.0,40.0,0,1,0
1223,39.0,2.0,18.0,5.0,1,51.0,17.0,30.0,1,1,0
1224,22.0,2.0,16.0,1.0,0,49.0,5.0,75.0,1,1,1
1225,49.0,7.0,22.0,2.0,0,49.0,6.0,30.0,0,1,1
1226,17.0,1.0,21.0,1.0,0,49.0,0.0,36.0,1,1,1
1227,51.0,5.0,19.0,1.0,4,49.0,0.0,40.0,1,0,1
1228,21.0,2.0,19.0,3.0,2,468.0,0.0,50.0,1,1,1
1229,36.0,1.0,14.0,5.0,2,49.0,2.0,45.0,0,1,0
1230,82.0,2.0,18.0,1.0,2,150.0,1.0,68.0,0,1,0
1231,28.0,1.0,14.0,1.0,0,151.0,0.0,91.0,0,1,0
1232,19.0,1.0,18.0,5.0,0,49.0,0.0,26.0,1,0,0
1233,17.0,2.0,16.0,5.0,2,49.0,0.0,40.0,1,1,1
1234,20.0,1.0,21.0,1.0,2,49.0,1.0,40.0,0,1,1
1235,22.0,1.0,20.0,1.0,0,49.0,0.0,36.0,0,1,1
1236,30.0,1.0,19.0,1.0,1,49.0,1.0,40.0,0,1,0
1237,18.0,1.0,22.0,3.0,0,49.0,0.0,40.0,0,1,1
1238,54.0,3.0,18.0,5.0,0,6.0,0.0,45.0,0,0,0
1239,22.0,2.0,20.0,3.0,0,49.0,0.0,40.0,1,1,1
1240,20.0,2.0,19.0,1.0,2,467.0,1.0,35.0,1,1,1
1241,68.0,1.0,21.0,1.0,1,49.0,1.0,10.0,0,0,1
1242,52.0,1.0,14.0,3.0,3,50.0,2.0,25.0,1,1,0
1243,51.0,1.0,21.0,1.0,1,49.0,0.0,8.0,1,1,1
1244,29.0,4.0,19.0,1.0,0,49.0,0.0,40.0,1,1,1
1245,47.0,1.0,21.0,3.0,4,49.0,2.0,50.0,1,1,0
1246,59.0,6.0,18.0,1.0,0,49.0,2.0,45.0,0,1,0
1247,64.0,1.0,19.0,1.0,0,303.0,1.0,40.0,0,1,1
1248,22.0,3.0,16.0,5.0,0,49.0,12.0,40.0,0,1,0
1249,49.0,8.0,19.0,5.0,2,51.0,0.0,20.0,0,1,0
1250,79.0,1.0,22.0,1.0,0,6.0,1.0,20.0,1,1,1
1251,38.0,1.0,18.0,5.0,2,370.0,2.0,40.0,0,0,0
1252,41.0,7.0,17.0,5.0,2,49.0,2.0,84.0,0,1,0
1253,73.0,1.0,16.0,1.0,1,468.0,9.0,40.0,0,1,0
1254,44.0,2.0,20.0,1.0,2,51.0,1.0,20.0,0,1,0
1255,26.0,1.0,19.0,1.0,4,50.0,1.0,40.0,1,1,1
1256,61.0,1.0,23.0,2.0,0,6.0,1.0,40.0,1,1,1
1257,39.0,1.0,20.0,3.0,2,49.0,0.0,45.0,0,0,1
1258,62.0,1.0,19.0,5.0,0,49.0,7.0,55.0,1,0,1
1259,28.0,2.0,21.0,1.0,4,23.0,1.0,45.0,1,1,1
1260,37.0,1.0,21.0,1.0,1,49.0,0.0,40.0,0,1,1
1261,42.0,4.0,19.0,1.0,2,49.0,0.0,75.0,1,1,0
1262,82.0,1.0,21.0,1.0,1,303.0,0.0,40.0,0,1,0
1263,54.0,7.0,14.0,1.0,1,6.0,1.0,18.0,0,1,0
1264,35.0,4.0,18.0,1.0,1,49.0,1.0,12.0,0,1,0
1265,51.0,1.0,17.0,5.0,2,49.0,12.0,40.0,0,1,0
1266,28.0,4.0,16.0,5.0,4,51.0,2.0,84.0,1,1,0
1267,65.0,1.0,14.0,1.0,2,49.0,1.0,30.0,1,1,0
1268,23.0,2.0,19.0,5.0,3,42.0,2.0,30.0,0,1,0
1269,73.0,1.0,21.0,1.0,0,49.0,0.0,62.0,0,1,1
1270,20.0,1.0,20.0,1.0,0,49.0,0.0,15.0,1,1,1
1271,54.0,5.0,21.0,5.0,1,49.0,0.0,35.0,0,1,0
1272,40.0,3.0,15.0,5.0,3,51.0,0.0,29.0,1,1,0
1273,73.0,1.0,21.0,1.0,0,8.0,5.0,50.0,1,1,1
1274,40.0,1.0,19.0,1.0,0,49.0,0.0,40.0,1,1,1
1275,37.0,1.0,19.0,1.0,0,48.0,1.0,40.0,1,0,0
1276,57.0,4.0,18.0,5.0,0,527.0,13.0,48.0,1,1,1
1277,32.0,6.0,23.0,5.0,3,49.0,16.0,40.0,1,1,0
1278,80.0,1.0,21.0,1.0,4,214.0,0.0,40.0,1,0,1
1279,58.0,1.0,19.0,5.0,0,508.0,7.0,14.0,1,1,1
1280,84.0,1.0,18.0,1.0,4,49.0,1.0,30.0,1,1,0
1281,43.0,6.0,19.0,5.0,1,49.0,0.0,20.0,1,1,0
1282,45.0,2.0,8.0,3.0,1,49.0,0.0,40.0,0,1,0
1283,20.0,5.0,16.0,1.0,2,49.0,0.0,40.0,1,1,1
1284,51.0,1.0,14.0,1.0,1,8.0,0.0,60.0,1,1,0
1285,24.0,1.0,19.0,1.0,2,49.0,0.0,40.0,0,0,0
1286,84.0,1.0,19.0,1.0,1,49.0,0.0,20.0,0,1,0
1287,44.0,1.0,21.0,5.0,4,49.0,2.0,18.0,1,1,1
1288,27.0,1.0,16.0,5.0,2,49.0,2.0,40.0,0,1,0
1289,60.0,1.0,22.0,5.0,0,49.0,7.0,40.0,0,1,0
1290,51.0,1.0,21.0,1.0,1,203.0,0.0,15.0,1,1,0
1291,48.0,1.0,16.0,1.0,0,49.0,0.0,48.0,1,1,1
1292,42.0,6.0,20.0,5.0,3,49.0,2.0,50.0,1,1,0
1293,24.0,1.0,19.0,1.0,5,203.0,1.0,40.0,0,1,0
1294,44.0,4.0,21.0,1.0,0,42.0,0.0,40.0,1,1,1
1295,62.0,1.0,22.0,1.0,0,49.0,0.0,40.0,1,1,1
1296,68.0,1.0,21.0,3.0,0,49.0,0.0,35.0,0,1,1
1297,32.0,1.0,16.0,1.0,3,20.0,0.0,25.0,1,1,1
1298,35.0,3.0,21.0,2.0,1,214.0,16.0,10.0,0,1,0
1299,44.0,1.0,21.0,5.0,2,16.0,17.0,40.0,1,1,0
1300,78.0,7.0,22.0,1.0,2,49.0,0.0,30.0,1,1,1
1301,64.0,1.0,19.0,3.0,0,303.0,0.0,35.0,1,1,1
1302,18.0,1.0,22.0,1.0,3,49.0,0.0,40.0,1,1,1
1303,34.0,1.0,20.0,1.0,1,49.0,1.0,40.0,0,0,0
1304,82.0,1.0,16.0,5.0,0,49.0,7.0,45.0,0,1,1
1305,58.0,1.0,14.0,5.0,2,451.0,2.0,40.0,1,1,0
1306,61.0,6.0,20.0,1.0,0,6.0,1.0,45.0,0,1,1
1307,18.0,1.0,18.0,1.0,-1,49.0,9.0,40.0,0,0,1
1308,33.0,1.0,17.0,1.0,1,49.0,0.0,20.0,1,1,1
1309,41.0,1.0,23.0,2.0,2,50.0,9.0,19.0,1,1,1
1310,43.0,2.0,16.0,1.0,0,49.0,1.0,35.0,1,1,1
1311,65.0,1.0,16.0,5.0,2,49.0,7.0,20.0,0,1,1
1312,43.0,1.0,16.0,1.0,1,49.0,1.0,40.0,1,1,0
1313,87.0,1.0,19.0,1.0,0,49.0,1.0,40.0,1,1,0
1314,40.0,1.0,16.0,5.0,0,49.0,17.0,40.0,0,0,0
1315,56.0,1.0,16.0,5.0,0,8.0,0.0,40.0,0,1,0
1316,55.0,1.0,16.0,1.0,2,468.0,0.0,84.0,0,0,1
1317,43.0,1.0,15.0,5.0,2,150.0,2.0,40.0,0,1,0
1318,20.0,1.0,20.0,1.0,0,49.0,1.0,40.0,0,0,0
1319,61.0,1.0,22.0,1.0,4,23.0,0.0,40.0,1,1,1
1320,53.0,2.0,13.0,1.0,1,49.0,1.0,20.0,0,1,0
1321,55.0,2.0,23.0,1.0,0,51.0,0.0,53.0,1,1,0
1322,17.0,1.0,19.0,5.0,3,20.0,2.0,40.0,1,0,0
1323,28.0,1.0,10.0,1.0,0,16.0,5.0,30.0,0,1,0
1324,34.0,1.0,19.0,1.0,2,151.0,1.0,40.0,0,1,0
1325,35.0,1.0,18.0,1.0,2,16.0,1.0,96.0,0,1,0
1326,25.0,1.0,21.0,1.0,3,6.0,0.0,31.0,1,0,1
1327,50.0,1.0,19.0,5.0,2,49.0,2.0,42.0,0,1,0
1328,38.0,1.0,20.0,1.0,2,16.0,1.0,20.0,0,1,0
1329,20.0,2.0,16.0,1.0,0,49.0,10.0,12.0,0,0,0
1330,61.0,4.0,16.0,1.0,0,49.0,1.0,50.0,1,1,1
1331,25.0,2.0,22.0,1.0,0,508.0,0.0,50.0,1,1,1
1332,38.0,1.0,21.0,5.0,2,49.0,0.0,15.0,1,0,1
1333,40.0,1.0,16.0,1.0,1,49.0,1.0,36.0,1,1,0
1334,62.0,1.0,21.0,1.0,4,49.0,1.0,40.0,0,1,0
1335,68.0,1.0,22.0,1.0,1,49.0,0.0,61.0,0,1,1
1336,19.0,5.0,21.0,1.0,0,49.0,1.0,40.0,1,1,1
1337,24.0,1.0,22.0,1.0,0,49.0,1.0,48.0,0,1,1
1338,57.0,3.0,19.0,5.0,2,49.0,2.0,25.0,1,1,0
1339,46.0,1.0,21.0,1.0,3,51.0,0.0,30.0,1,1,0
1340,37.0,1.0,19.0,1.0,1,370.0,1.0,14.0,0,1,0
1341,65.0,1.0,18.0,5.0,2,49.0,2.0,45.0,1,1,0
1342,80.0,3.0,22.0,1.0,0,16.0,0.0,45.0,1,1,1
1343,60.0,1.0,14.0,5.0,2,51.0,15.0,10.0,1,1,0
1344,79.0,1.0,16.0,1.0,0,49.0,0.0,20.0,0,1,0
1345,27.0,1.0,20.0,1.0,0,49.0,0.0,40.0,1,1,1
1346,21.0,1.0,18.0,5.0,2,451.0,0.0,20.0,0,0,0
1347,32.0,1.0,21.0,5.0,0,49.0,2.0,20.0,0,1,0
1348,76.0,3.0,22.0,1.0,0,49.0,0.0,45.0,1,1,1
1349,51.0,1.0,20.0,1.0,3,49.0,1.0,35.0,1,1,0
1350,47.0,1.0,14.0,1.0,3,51.0,1.0,38.0,1,1,0
1351,37.0,1.0,19.0,1.0,4,468.0,1.0,40.0,1,1,1
1352,35.0,3.0,19.0,5.0,1,49.0,12.0,38.0,0,0,0
1353,32.0,6.0,19.0,1.0,0,49.0,0.0,40.0,1,1,1
1354,18.0,1.0,21.0,5.0,0,150.0,2.0,36.0,0,1,0
1355,49.0,3.0,22.0,5.0,3,49.0,7.0,45.0,1,1,0
1356,40.0,2.0,14.0,5.0,1,6.0,2.0,30.0,0,1,0
1357,56.0,1.0,16.0,5.0,1,49.0,12.0,36.0,0,1,0
1358,52.0,1.0,18.0,5.0,0,151.0,2.0,40.0,0,1,0
1359,75.0,2.0,22.0,1.0,0,329.0,1.0,40.0,1,1,1
1360,78.0,1.0,16.0,1.0,0,49.0,1.0,40.0,0,1,0
1361,20.0,1.0,20.0,1.0,1,451.0,6.0,40.0,0,1,1
1362,52.0,1.0,17.0,3.0,1,49.0,0.0,60.0,0,1,1
1363,87.0,1.0,18.0,5.0,1,49.0,2.0,40.0,1,1,0
1364,18.0,6.0,22.0,5.0,2,50.0,2.0,19.0,1,1,1
1365,54.0,1.0,23.0,1.0,1,151.0,0.0,53.0,0,1,0
1366,39.0,1.0,21.0,1.0,1,49.0,1.0,45.0,0,1,1
1367,37.0,1.0,15.0,3.0,0,303.0,2.0,14.0,1,1,0
1368,69.0,1.0,21.0,1.0,0,50.0,1.0,40.0,1,1,1
1369,28.0,1.0,17.0,2.0,3,49.0,10.0,62.0,1,1,0
1370,59.0,2.0,19.0,1.0,0,49.0,1.0,40.0,1,1,0
1371,44.0,4.0,22.0,1.0,0,49.0,0.0,18.0,1,1,1
1372,62.0,1.0,16.0,1.0,4,49.0,0.0,40.0,0,1,1
1373,18.0,1.0,22.0,1.0,0,6.0,0.0,40.0,1,1,1
1374,48.0,5.0,16.0,1.0,2,49.0,1.0,40.0,0,0,1
1375,62.0,1.0,20.0,1.0,4,49.0,0.0,40.0,1,1,1
1376,21.0,4.0,21.0,1.0,3,49.0,1.0,30.0,1,1,1
1377,30.0,6.0,14.0,1.0,4,51.0,1.0,50.0,1,1,0
1378,35.0,1.0,19.0,1.0,3,49.0,1.0,20.0,1,1,0
1379,69.0,5.0,21.0,1.0,4,512.0,1.0,30.0,1,1,1
1380,47.0,1.0,13.0,1.0,4,49.0,1.0,20.0,0,0,0
1381,46.0,1.0,21.0,1.0,4,51.0,0.0,40.0,1,1,1
1382,78.0,3.0,21.0,5.0,3,49.0,17.0,20.0,1,0,0
1383,29.0,1.0,16.0,5.0,2,49.0,13.0,19.0,1,0,1
1384,18.0,1.0,10.0,1.0,1,48.0,1.0,30.0,0,1,0
1385,62.0,1.0,21.0,5.0,3,49.0,2.0,40.0,1,1,0
1386,82.0,1.0,22.0,1.0,0,49.0,1.0,30.0,1,1,1
1387,82.0,1.0,20.0,1.0,2,55.0,10.0,25.0,0,1,0
1388,27.0,1.0,19.0,1.0,4,214.0,1.0,20.0,1,0,0
1389,31.0,5.0,21.0,1.0,3,49.0,1.0,35.0,1,1,1
1390,17.0,1.0,15.0,1.0,1,48.0,1.0,40.0,0,1,0
1391,61.0,1.0,16.0,1.0,3,49.0,1.0,40.0,0,1,1
1392,47.0,6.0,16.0,5.0,0,451.0,17.0,32.0,0,1,0
1393,21.0,2.0,23.0,5.0,3,49.0,12.0,3.0,1,1,0
1394,61.0,1.0,16.0,5.0,0,49.0,2.0,40.0,0,1,0
1395,40.0,3.0,19.0,1.0,4,49.0,1.0,39.0,1,1,1
1396,29.0,1.0,16.0,3.0,0,49.0,0.0,20.0,0,1,1
1397,62.0,1.0,15.0,2.0,2,49.0,10.0,40.0,1,1,0
1398,92.0,1.0,16.0,1.0,1,49.0,10.0,40.0,0,1,0
1399,57.0,1.0,21.0,1.0,0,49.0,0.0,40.0,1,1,1
1400,37.0,1.0,20.0,3.0,4,203.0,2.0,14.0,1,0,0
1401,75.0,4.0,18.0,1.0,0,49.0,1.0,40.0,0,1,0
1402,19.0,1.0,21.0,1.0,2,49.0,0.0,40.0,1,1,1
1403,40.0,1.0,19.0,1.0,0,49.0,1.0,60.0,0,1,0
1404,48.0,2.0,16.0,5.0,4,49.0,3.0,40.0,1,1,0
1405,68.0,2.0,21.0,1.0,4,49.0,1.0,30.0,1,1,1
1406,44.0,4.0,19.0,3.0,0,49.0,0.0,45.0,1,1,1
1407,36.0,4.0,5.0,1.0,0,49.0,0.0,40.0,1,1,1
1408,54.0,7.0,19.0,1.0,0,370.0,1.0,40.0,1,1,1
1409,19.0,1.0,20.0,1.0,0,49.0,0.0,18.0,0,1,1
1410,58.0,1.0,21.0,1.0,2,51.0,1.0,40.0,0,1,0
1411,23.0,2.0,16.0,1.0,2,49.0,1.0,55.0,1,1,0
1412,38.0,4.0,16.0,3.0,3,49.0,0.0,42.0,1,1,1
1413,18.0,6.0,20.0,1.0,2,49.0,1.0,40.0,0,1,1
1414,44.0,1.0,18.0,1.0,4,49.0,0.0,40.0,1,1,0
1415,27.0,1.0,21.0,2.0,4,468.0,1.0,61.0,1,1,1
1416,23.0,1.0,16.0,1.0,2,49.0,0.0,42.0,1,1,1
1417,69.0,1.0,22.0,5.0,0,49.0,2.0,18.0,0,1,1
1418,30.0,1.0,16.0,1.0,2,8.0,1.0,40.0,0,0,0
1419,35.0,1.0,21.0,5.0,2,49.0,2.0,45.0,0,0,0
1420,37.0,1.0,19.0,5.0,0,49.0,2.0,20.0,1,1,0
1421,62.0,7.0,18.0,5.0,2,150.0,2.0,25.0,1,1,0
1422,64.0,1.0,15.0,5.0,1,468.0,17.0,40.0,0,1,0
1423,60.0,1.0,21.0,1.0,1,49.0,1.0,40.0,1,1,0
1424,77.0,1.0,22.0,1.0,1,49.0,1.0,40.0,1,1,1
1425,17.0,2.0,20.0,3.0,2,48.0,2.0,40.0,1,1,0
1426,35.0,1.0,18.0,5.0,4,468.0,12.0,40.0,1,1,1
1427,19.0,7.0,20.0,1.0,1,6.0,4.0,30.0,1,1,1
1428,26.0,1.0,16.0,5.0,0,6.0,17.0,14.0,0,1,0
1429,80.0,1.0,5.0,1.0,0,48.0,0.0,35.0,1,1,1
1430,55.0,1.0,19.0,5.0,0,49.0,16.0,60.0,0,1,0
1431,39.0,1.0,19.0,5.0,4,37.0,16.0,55.0,1,1,0
1432,36.0,1.0,18.0,1.0,2,49.0,1.0,10.0,0,1,0
1433,28.0,1.0,19.0,5.0,0,49.0,17.0,10.0,1,1,0
1434,92.0,1.0,18.0,3.0,0,49.0,0.0,40.0,0,1,0
1435,62.0,7.0,22.0,1.0,2,323.0,5.0,53.0,1,1,1
1436,40.0,1.0,16.0,2.0,2,49.0,10.0,35.0,0,1,0
1437,36.0,1.0,16.0,5.0,1,49.0,0.0,30.0,1,0,0
1438,37.0,5.0,21.0,3.0,0,508.0,0.0,50.0,1,1,1
1439,31.0,4.0,19.0,1.0,1,49.0,1.0,48.0,0,1,0
1440,53.0,3.0,20.0,3.0,1,16.0,0.0,37.0,0,0,0
1441,44.0,7.0,19.0,1.0,2,303.0,1.0,14.0,1,1,1
1442,44.0,1.0,20.0,1.0,2,16.0,5.0,45.0,1,0,1
1443,29.0,1.0,18.0,1.0,1,49.0,0.0,40.0,0,1,0
1444,42.0,3.0,19.0,1.0,4,203.0,1.0,4.0,0,1,0
1445,21.0,1.0,14.0,5.0,1,49.0,0.0,40.0,0,1,0
1446,44.0,1.0,22.0,2.0,3,49.0,1.0,40.0,1,1,1
1447,82.0,1.0,18.0,1.0,0,49.0,0.0,29.0,0,0,0
1448,62.0,1.0,21.0,5.0,0,6.0,7.0,40.0,1,1,1
1449,38.0,5.0,21.0,1.0,3,49.0,1.0,50.0,1,1,1
1450,59.0,6.0,23.0,1.0,0,370.0,1.0,55.0,0,1,1
1451,56.0,1.0,16.0,1.0,3,49.0,1.0,30.0,1,1,0
1452,26.0,1.0,22.0,3.0,0,49.0,0.0,20.0,1,0,1
1453,92.0,1.0,19.0,1.0,3,6.0,1.0,40.0,1,1,0
1454,65.0,5.0,20.0,1.0,0,49.0,0.0,20.0,0,1,1
1455,28.0,6.0,16.0,1.0,1,49.0,1.0,40.0,1,1,0
1456,26.0,2.0,19.0,3.0,0,467.0,0.0,40.0,1,1,1
1457,79.0,1.0,16.0,1.0,0,49.0,0.0,55.0,0,1,0
1458,25.0,1.0,22.0,1.0,0,49.0,0.0,20.0,1,0,1
1459,25.0,1.0,19.0,1.0,2,323.0,0.0,36.0,1,1,0
1460,58.0,1.0,22.0,1.0,4,50.0,1.0,35.0,1,1,1
1461,35.0,1.0,14.0,5.0,2,49.0,0.0,55.0,0,1,0
1462,37.0,1.0,19.0,5.0,1,49.0,12.0,55.0,0,1,0
1463,61.0,1.0,19.0,1.0,1,49.0,0.0,40.0,1,1,1
1464,53.0,1.0,21.0,3.0,2,451.0,0.0,25.0,0,0,1
1465,20.0,1.0,22.0,1.0,0,49.0,1.0,50.0,0,1,1
1466,73.0,1.0,19.0,1.0,2,6.0,1.0,15.0,1,1,1
1467,87.0,1.0,16.0,1.0,0,51.0,0.0,50.0,0,1,1
1468,48.0,1.0,19.0,5.0,2,8.0,12.0,3.0,0,1,0
1469,39.0,1.0,22.0,1.0,3,49.0,0.0,31.0,1,1,1
1470,20.0,1.0,21.0,1.0,0,49.0,0.0,40.0,1,1,1
1471,60.0,1.0,19.0,1.0,2,49.0,0.0,40.0,0,1,1
1472,45.0,1.0,16.0,1.0,0,8.0,1.0,25.0,0,0,0
1473,51.0,1.0,22.0,1.0,2,49.0,1.0,30.0,1,1,1
1474,20.0,1.0,10.0,1.0,4,451.0,0.0,18.0,1,1,0
1475,65.0,1.0,19.0,1.0,4,323.0,0.0,40.0,1,1,0
1476,38.0,1.0,18.0,3.0,0,51.0,0.0,46.0,1,1,1
1477,47.0,1.0,18.0,1.0,2,49.0,0.0,35.0,0,1,0
1478,64.0,1.0,21.0,1.0,2,49.0,0.0,40.0,1,1,0
1479,30.0,2.0,10.0,5.0,2,150.0,17.0,40.0,0,1,0
1480,21.0,1.0,24.0,1.0,0,214.0,0.0,40.0,1,1,1
1481,42.0,1.0,21.0,1.0,0,49.0,0.0,40.0,1,1,1
1482,38.0,3.0,16.0,2.0,0,49.0,16.0,4.0,0,1,0
1483,20.0,7.0,17.0,1.0,0,508.0,1.0,40.0,1,1,0
1484,54.0,1.0,21.0,3.0,3,329.0,2.0,40.0,0,1,1
1485,80.0,2.0,20.0,1.0,0,51.0,0.0,15.0,1,1,1
1486,50.0,1.0,7.0,1.0,-1,49.0,0.0,75.0,0,1,1
1487,62.0,1.0,18.0,5.0,0,8.0,2.0,45.0,1,1,1
1488,46.0,1.0,22.0,1.0,0,49.0,0.0,53.0,1,0,1
1489,26.0,1.0,18.0,1.0,0,49.0,1.0,40.0,1,1,1
1490,44.0,2.0,18.0,1.0,2,151.0,0.0,40.0,0,1,1
1491,69.0,7.0,21.0,3.0,2,16.0,0.0,15.0,1,0,0
1492,78.0,8.0,16.0,1.0,1,49.0,1.0,40.0,0,1,0
1493,34.0,1.0,16.0,5.0,4,16.0,2.0,20.0,1,1,0
1494,25.0,5.0,22.0,3.0,3,49.0,0.0,40.0,1,1,1
1495,59.0,4.0,21.0,1.0,4,51.0,0.0,40.0,0,1,0
1496,20.0,1.0,7.0,1.0,2,214.0,0.0,40.0,1,1,1
1497,50.0,6.0,16.0,5.0,2,468.0,12.0,40.0,0,1,0
1498,55.0,7.0,19.0,1.0,0,49.0,1.0,39.0,1,1,1
1499,37.0,7.0,23.0,1.0,0,468.0,1.0,35.0,0,1,1
1500,34.0,1.0,22.0,1.0,0,50.0,1.0,40.0,1,1,1
1501,26.0,1.0,22.0,3.0,4,49.0,2.0,32.0,1,1,0
1502,47.0,1.0,18.0,5.0,0,49.0,2.0,37.0,1,1,1
1503,51.0,1.0,20.0,1.0,0,49.0,1.0,24.0,1,1,1
1504,45.0,5.0,21.0,3.0,4,49.0,2.0,42.0,1,0,1
1505,53.0,6.0,15.0,5.0,0,16.0,2.0,40.0,0,1,0
1506,24.0,8.0,16.0,5.0,2,150.0,17.0,40.0,0,1,0
1507,64.0,1.0,16.0,5.0,4,214.0,0.0,35.0,1,1,1
1508,62.0,1.0,21.0,5.0,1,323.0,2.0,20.0,0,1,0
1509,73.0,1.0,22.0,1.0,0,150.0,0.0,60.0,0,1,1
1510,33.0,1.0,21.0,3.0,2,468.0,0.0,40.0,1,1,1
1511,50.0,1.0,21.0,1.0,1,451.0,0.0,50.0,1,1,1
1512,47.0,4.0,19.0,1.0,0,49.0,0.0,40.0,0,1,1
1513,21.0,4.0,6.0,3.0,1,49.0,0.0,10.0,0,0,1
1514,51.0,1.0,23.0,1.0,4,49.0,0.0,36.0,1,1,1
1515,56.0,1.0,21.0,1.0,0,8.0,1.0,40.0,0,1,1
1516,38.0,1.0,18.0,1.0,0,49.0,1.0,42.0,1,0,1
1517,35.0,6.0,23.0,1.0,1,8.0,1.0,40.0,0,1,1
1518,23.0,1.0,21.0,1.0,0,49.0,1.0,60.0,1,0,1
1519,17.0,1.0,5.0,1.0,2,23.0,0.0,45.0,1,1,1
1520,51.0,4.0,19.0,1.0,0,49.0,0.0,40.0,1,0,1
1521,35.0,6.0,21.0,1.0,1,449.0,1.0,18.0,0,1,0
1522,30.0,1.0,19.0,5.0,0,6.0,2.0,20.0,1,1,0
1523,25.0,3.0,16.0,1.0,0,6.0,0.0,15.0,1,1,1
1524,52.0,1.0,16.0,1.0,3,49.0,1.0,50.0,1,1,1
1525,32.0,4.0,16.0,5.0,3,16.0,0.0,35.0,1,1,0
1526,55.0,7.0,3.0,1.0,0,16.0,0.0,40.0,0,1,1
1527,22.0,3.0,14.0,1.0,1,49.0,0.0,60.0,0,1,0
1528,40.0,1.0,19.0,5.0,0,49.0,2.0,40.0,0,1,0
1529,54.0,3.0,23.0,1.0,1,329.0,0.0,24.0,0,1,1
1530,33.0,1.0,21.0,5.0,0,49.0,0.0,45.0,1,1,1
1531,22.0,1.0,21.0,3.0,2,50.0,0.0,20.0,0,1,1
1532,37.0,1.0,16.0,1.0,2,51.0,0.0,40.0,0,1,0
1533,19.0,7.0,18.0,1.0,3,55.0,0.0,20.0,1,1,0
1534,33.0,2.0,21.0,5.0,1,49.0,2.0,20.0,0,1,0
1535,65.0,1.0,14.0,1.0,0,49.0,1.0,40.0,0,1,0
1536,18.0,3.0,21.0,1.0,0,329.0,1.0,40.0,1,0,1
1537,34.0,1.0,19.0,1.0,1,49.0,1.0,40.0,1,1,1
1538,44.0,1.0,19.0,1.0,0,6.0,0.0,40.0,1,1,1
1539,61.0,1.0,22.0,3.0,1,329.0,0.0,8.0,1,1,1
1540,37.0,3.0,21.0,4.0,0,16.0,13.0,40.0,0,0,1
1541,62.0,1.0,18.0,1.0,0,49.0,0.0,20.0,1,1,0
1542,37.0,1.0,22.0,1.0,0,49.0,0.0,53.0,0,1,1
1543,20.0,1.0,18.0,1.0,0,203.0,1.0,40.0,1,1,0
1544,68.0,1.0,19.0,1.0,2,20.0,1.0,40.0,1,1,0
1545,35.0,1.0,19.0,1.0,2,8.0,1.0,40.0,0,1,0
1546,19.0,1.0,17.0,2.0,4,49.0,17.0,50.0,1,1,1
1547,23.0,4.0,20.0,1.0,1,49.0,0.0,40.0,0,1,1
1548,48.0,7.0,16.0,3.0,1,6.0,0.0,29.0,0,1,0
1549,36.0,1.0,17.0,3.0,4,16.0,0.0,45.0,1,1,1
1550,32.0,4.0,23.0,1.0,2,150.0,1.0,40.0,1,1,1
1551,52.0,4.0,18.0,3.0,1,49.0,0.0,15.0,0,1,0
1552,82.0,1.0,19.0,5.0,3,49.0,2.0,12.0,1,1,0
1553,53.0,2.0,20.0,3.0,0,49.0,0.0,60.0,1,1,1
1554,32.0,4.0,19.0,1.0,1,49.0,0.0,60.0,1,1,0
1555,49.0,5.0,21.0,1.0,4,49.0,1.0,40.0,0,0,0
1556,42.0,1.0,13.0,5.0,4,451.0,17.0,55.0,1,0,0
1557,38.0,1.0,22.0,1.0,0,49.0,1.0,40.0,0,1,1
1558,38.0,2.0,19.0,1.0,1,214.0,1.0,14.0,0,1,0
1559,23.0,1.0,20.0,3.0,1,49.0,0.0,40.0,0,0,0
1560,51.0,7.0,21.0,1.0,0,451.0,0.0,61.0,1,1,1
1561,64.0,3.0,22.0,1.0,0,49.0,1.0,62.0,1,1,1
1562,39.0,1.0,3.0,1.0,0,49.0,1.0,24.0,0,1,0
1563,68.0,1.0,21.0,1.0,2,6.0,1.0,40.0,0,1,0
1564,68.0,2.0,19.0,3.0,4,49.0,0.0,50.0,1,1,1
1565,31.0,1.0,17.0,1.0,0,303.0,0.0,31.0,0,1,1
1566,43.0,1.0,21.0,3.0,0,49.0,0.0,50.0,0,1,1
1567,17.0,5.0,21.0,3.0,4,49.0,10.0,14.0,1,0,0
1568,25.0,1.0,21.0,1.0,0,49.0,0.0,39.0,1,1,1
1569,19.0,1.0,16.0,1.0,1,329.0,0.0,50.0,0,0,0
1570,34.0,1.0,18.0,5.0,1,49.0,2.0,45.0,0,1,0
1571,20.0,1.0,18.0,1.0,4,451.0,0.0,40.0,1,1,0
1572,38.0,1.0,19.0,1.0,2,49.0,1.0,40.0,0,1,0
1573,52.0,1.0,19.0,1.0,4,49.0,0.0,35.0,0,1,0
1574,37.0,1.0,20.0,1.0,0,451.0,0.0,40.0,1,1,1
1575,68.0,1.0,19.0,5.0,3,49.0,0.0,45.0,1,1,1
1576,34.0,6.0,16.0,5.0,2,49.0,0.0,25.0,1,1,0
1577,21.0,4.0,22.0,1.0,2,49.0,1.0,53.0,0,1,1
1578,82.0,2.0,19.0,1.0,4,49.0,1.0,60.0,1,1,0
1579,38.0,4.0,21.0,1.0,0,49.0,0.0,40.0,1,1,1
1580,24.0,3.0,19.0,1.0,0,49.0,1.0,50.0,0,1,1
1581,92.0,1.0,7.0,1.0,0,49.0,9.0,45.0,0,1,1
1582,63.0,1.0,19.0,1.0,1,37.0,1.0,12.0,1,1,0
1583,65.0,3.0,22.0,1.0,0,451.0,0.0,32.0,0,1,1
1584,65.0,1.0,19.0,1.0,0,49.0,1.0,53.0,1,1,0
1585,56.0,7.0,19.0,1.0,2,150.0,0.0,40.0,0,1,1
1586,39.0,5.0,17.0,5.0,0,49.0,7.0,40.0,0,1,1
1587,20.0,7.0,23.0,1.0,1,49.0,10.0,35.0,0,1,0
1588,79.0,1.0,19.0,1.0,0,6.0,0.0,3.0,0,1,0
1589,27.0,1.0,20.0,3.0,4,449.0,0.0,48.0,0,1,0
1590,32.0,1.0,19.0,1.0,2,49.0,4.0,36.0,0,1,0
1591,37.0,3.0,17.0,1.0,0,203.0,0.0,30.0,1,0,1
1592,22.0,1.0,16.0,1.0,0,49.0,1.0,25.0,0,0,1
1593,53.0,1.0,16.0,1.0,4,49.0,0.0,20.0,1,1,0
1594,44.0,1.0,22.0,1.0,1,23.0,0.0,30.0,1,1,1
1595,20.0,4.0,16.0,1.0,0,51.0,0.0,46.0,1,1,1
1596,58.0,1.0,20.0,3.0,1,49.0,0.0,30.0,0,1,0
1597,22.0,1.0,23.0,1.0,0,49.0,1.0,14.0,1,1,1
1598,20.0,7.0,16.0,1.0,0,49.0,1.0,25.0,0,1,1
1599,25.0,5.0,16.0,1.0,2,49.0,0.0,32.0,0,0,1
1600,56.0,3.0,16.0,1.0,2,329.0,0.0,60.0,1,0,1
1601,44.0,2.0,18.0,5.0,2,49.0,2.0,14.0,0,1,0
1602,40.0,1.0,16.0,1.0,4,6.0,0.0,14.0,1,1,0
1603,20.0,1.0,18.0,1.0,2,49.0,1.0,30.0,0,1,0
1604,48.0,1.0,15.0,1.0,0,468.0,17.0,40.0,0,1,0
1605,76.0,1.0,15.0,5.0,0,512.0,2.0,60.0,1,1,0
1606,55.0,1.0,21.0,2.0,2,49.0,2.0,84.0,0,1,1
1607,28.0,7.0,21.0,5.0,0,49.0,12.0,40.0,1,1,1
1608,57.0,1.0,21.0,1.0,1,42.0,1.0,40.0,0,1,0
1609,21.0,1.0,16.0,3.0,2,6.0,0.0,15.0,0,1,0
1610,82.0,1.0,21.0,5.0,0,49.0,5.0,14.0,1,1,1
1611,60.0,1.0,10.0,1.0,1,303.0,1.0,15.0,0,1,0
1612,51.0,4.0,16.0,1.0,0,49.0,0.0,75.0,1,1,1
1613,38.0,7.0,21.0,1.0,0,449.0,0.0,45.0,1,1,1
1614,46.0,4.0,16.0,1.0,0,527.0,1.0,40.0,0,1,0
1615,22.0,7.0,19.0,1.0,0,449.0,0.0,75.0,0,1,0
1616,24.0,1.0,21.0,5.0,0,214.0,2.0,8.0,0,1,0
1617,44.0,7.0,21.0,1.0,1,16.0,0.0,40.0,1,1,0
1618,82.0,6.0,19.0,5.0,0,449.0,2.0,30.0,0,1,0
1619,26.0,1.0,19.0,5.0,0,49.0,0.0,15.0,0,1,1
1620,30.0,3.0,20.0,1.0,1,49.0,0.0,48.0,1,0,0
1621,34.0,1.0,22.0,5.0,4,468.0,2.0,55.0,1,1,0
1622,55.0,5.0,20.0,1.0,2,51.0,1.0,40.0,1,1,1
1623,68.0,7.0,22.0,1.0,2,49.0,0.0,48.0,1,1,0
1624,84.0,1.0,21.0,1.0,3,51.0,1.0,60.0,1,1,1
1625,32.0,1.0,16.0,5.0,4,449.0,17.0,45.0,1,1,0
1626,26.0,1.0,19.0,5.0,4,6.0,0.0,40.0,1,1,0
1627,21.0,1.0,22.0,1.0,1,51.0,1.0,40.0,0,1,1
1628,40.0,1.0,19.0,5.0,1,442.0,2.0,40.0,0,1,0
1629,42.0,4.0,16.0,1.0,2,49.0,0.0,15.0,1,1,1
1630,23.0,1.0,19.0,1.0,3,49.0,1.0,40.0,1,1,0
1631,37.0,7.0,21.0,1.0,2,451.0,1.0,20.0,1,0,1
1632,26.0,4.0,21.0,1.0,0,6.0,0.0,20.0,0,1,1
1633,32.0,1.0,16.0,5.0,1,329.0,0.0,40.0,0,1,0
1634,50.0,1.0,21.0,1.0,3,467.0,1.0,30.0,1,1,0
1635,22.0,1.0,20.0,1.0,4,51.0,1.0,37.0,1,1,1
1636,30.0,4.0,16.0,5.0,1,49.0,0.0,40.0,1,1,0
1637,18.0,1.0,21.0,1.0,3,49.0,0.0,48.0,1,1,1
1638,45.0,1.0,21.0,1.0,4,49.0,8.0,40.0,1,1,0
1639,34.0,5.0,5.0,5.0,0,48.0,13.0,45.0,1,0,1
1640,78.0,3.0,19.0,1.0,0,323.0,0.0,50.0,0,1,1
1641,42.0,6.0,21.0,1.0,4,214.0,0.0,15.0,1,1,1
1642,30.0,1.0,17.0,1.0,2,49.0,1.0,35.0,0,1,0
1643,53.0,1.0,18.0,1.0,4,8.0,0.0,62.0,0,1,0
1644,51.0,1.0,14.0,1.0,1,49.0,1.0,60.0,1,1,0
1645,18.0,1.0,16.0,1.0,0,49.0,0.0,40.0,1,1,1
1646,82.0,6.0,14.0,5.0,3,303.0,17.0,36.0,1,1,0
1647,39.0,1.0,21.0,5.0,0,49.0,16.0,50.0,0,1,0
1648,20.0,1.0,19.0,5.0,2,49.0,2.0,37.0,0,1,0
1649,23.0,1.0,19.0,5.0,0,49.0,2.0,40.0,0,0,0
1650,18.0,7.0,21.0,1.0,0,323.0,0.0,45.0,0,1,1
1651,37.0,1.0,21.0,1.0,4,49.0,1.0,40.0,1,1,1
1652,18.0,1.0,19.0,1.0,0,214.0,0.0,40.0,0,1,1
1653,51.0,1.0,18.0,5.0,4,49.0,0.0,50.0,1,1,0
1654,69.0,2.0,19.0,1.0,0,468.0,1.0,40.0,0,1,1
1655,40.0,1.0,16.0,1.0,4,51.0,1.0,3.0,1,1,0
1656,47.0,3.0,19.0,1.0,4,49.0,0.0,3.0,1,0,1
1657,46.0,3.0,18.0,5.0,1,49.0,17.0,40.0,0,0,0
1658,60.0,1.0,19.0,5.0,4,49.0,16.0,40.0,1,1,0
1659,17.0,3.0,21.0,1.0,0,49.0,10.0,40.0,1,1,0
1660,27.0,7.0,21.0,1.0,0,20.0,0.0,40.0,0,1,1
1661,24.0,4.0,19.0,1.0,3,468.0,0.0,40.0,1,1,1
1662,33.0,3.0,19.0,5.0,0,323.0,2.0,40.0,0,1,0
1663,21.0,1.0,19.0,1.0,0,49.0,1.0,40.0,0,1,0
1664,54.0,1.0,19.0,5.0,1,49.0,12.0,40.0,0,0,0
1665,42.0,1.0,16.0,1.0,3,49.0,1.0,24.0,1,1,0
1666,25.0,4.0,24.0,1.0,0,49.0,1.0,60.0,0,1,1
1667,35.0,1.0,18.0,1.0,3,49.0,1.0,75.0,0,1,0
1668,50.0,1.0,19.0,5.0,0,55.0,7.0,68.0,0,1,1
1669,59.0,1.0,20.0,1.0,3,323.0,0.0,30.0,1,1,1
1670,21.0,7.0,16.0,1.0,2,49.0,1.0,45.0,1,0,1
1671,54.0,4.0,21.0,1.0,0,151.0,0.0,45.0,1,1,0
1672,65.0,4.0,20.0,1.0,2,449.0,1.0,48.0,0,1,1
1673,24.0,1.0,21.0,1.0,0,42.0,0.0,15.0,1,1,1
1674,40.0,1.0,19.0,1.0,0,42.0,1.0,40.0,1,1,1
1675,61.0,2.0,19.0,5.0,0,49.0,2.0,40.0,0,0,1
1676,28.0,3.0,19.0,1.0,0,49.0,0.0,18.0,0,1,1
1677,87.0,1.0,20.0,5.0,0,49.0,12.0,40.0,1,1,0
1678,22.0,1.0,19.0,1.0,2,49.0,0.0,12.0,0,1,0
1679,32.0,1.0,19.0,1.0,4,468.0,0.0,53.0,0,0,0
1680,18.0,1.0,18.0,5.0,2,49.0,2.0,40.0,0,0,0
1681,43.0,1.0,21.0,1.0,4,49.0,1.0,45.0,0,1,0
1682,17.0,3.0,19.0,1.0,0,49.0,1.0,62.0,1,1,1
1683,61.0,1.0,18.0,2.0,2,49.0,16.0,40.0,0,1,0
1684,30.0,4.0,19.0,1.0,2,8.0,1.0,19.0,1,1,0
1685,27.0,1.0,18.0,1.0,0,49.0,0.0,60.0,0,1,1
1686,50.0,1.0,21.0,5.0,0,49.0,2.0,35.0,1,1,1
1687,32.0,4.0,6.0,1.0,0,508.0,0.0,50.0,0,1,1
1688,36.0,7.0,16.0,1.0,0,6.0,1.0,40.0,1,1,1
1689,30.0,3.0,18.0,1.0,2,449.0,0.0,40.0,1,1,1
1690,38.0,1.0,21.0,1.0,1,49.0,0.0,20.0,0,0,0
1691,53.0,1.0,21.0,1.0,0,49.0,1.0,60.0,0,1,1
1692,30.0,6.0,21.0,1.0,4,323.0,0.0,40.0,1,1,0
1693,32.0,1.0,21.0,1.0,0,49.0,0.0,40.0,1,1,0
1694,36.0,1.0,19.0,1.0,3,303.0,0.0,40.0,1,1,1
1695,37.0,1.0,21.0,5.0,3,49.0,12.0,45.0,1,1,0
1696,44.0,1.0,23.0,1.0,2,8.0,0.0,40.0,0,1,0
1697,55.0,5.0,22.0,1.0,0,49.0,0.0,48.0,1,1,1
1698,49.0,1.0,18.0,1.0,0,214.0,0.0,40.0,1,1,1
1699,68.0,2.0,21.0,1.0,2,323.0,0.0,30.0,0,1,1
1700,26.0,5.0,22.0,1.0,0,23.0,1.0,40.0,0,1,1
1701,42.0,1.0,21.0,1.0,4,329.0,0.0,60.0,1,1,0
1702,26.0,3.0,21.0,5.0,3,150.0,17.0,40.0,1,1,0
1703,69.0,2.0,16.0,1.0,2,16.0,1.0,46.0,0,1,0
1704,59.0,1.0,19.0,5.0,2,49.0,2.0,50.0,0,1,0
1705,42.0,1.0,16.0,1.0,0,49.0,0.0,40.0,1,1,1
1706,26.0,1.0,19.0,1.0,0,8.0,1.0,40.0,0,1,0
1707,44.0,1.0,21.0,5.0,2,16.0,2.0,40.0,0,1,0
1708,26.0,6.0,16.0,1.0,0,203.0,0.0,40.0,0,1,0
1709,22.0,1.0,12.0,1.0,3,49.0,0.0,10.0,1,1,1
1710,84.0,1.0,18.0,1.0,3,49.0,0.0,35.0,1,1,1
1711,39.0,1.0,14.0,1.0,0,49.0,0.0,30.0,0,1,0
1712,48.0,4.0,21.0,1.0,0,370.0,0.0,42.0,0,1,0
1713,48.0,3.0,19.0,5.0,4,449.0,0.0,40.0,0,1,0
1714,59.0,7.0,14.0,1.0,5,214.0,1.0,40.0,0,1,0
1715,46.0,1.0,16.0,1.0,3,508.0,1.0,40.0,1,1,0
1716,47.0,7.0,16.0,1.0,4,49.0,0.0,37.0,1,1,1
1717,67.0,1.0,18.0,1.0,2,329.0,1.0,40.0,1,1,0
1718,40.0,1.0,21.0,1.0,0,49.0,0.0,10.0,1,1,1
1719,38.0,1.0,19.0,5.0,4,49.0,2.0,40.0,0,1,0
1720,18.0,1.0,16.0,1.0,1,49.0,1.0,40.0,1,1,0
1721,44.0,1.0,18.0,1.0,2,6.0,0.0,40.0,1,1,1
1722,55.0,1.0,21.0,2.0,1,16.0,6.0,50.0,1,1,1
1723,26.0,3.0,20.0,1.0,-1,6.0,1.0,40.0,0,1,1
1724,42.0,1.0,17.0,1.0,0,508.0,0.0,50.0,0,1,0
1725,82.0,3.0,19.0,5.0,2,49.0,12.0,37.0,0,1,0
1726,26.0,1.0,20.0,1.0,4,49.0,0.0,40.0,1,1,1
1727,55.0,1.0,21.0,1.0,0,49.0,0.0,36.0,0,0,0
1728,23.0,1.0,19.0,1.0,2,49.0,0.0,40.0,0,1,0
1729,25.0,2.0,16.0,1.0,2,20.0,1.0,19.0,0,1,0
1730,52.0,1.0,21.0,1.0,2,214.0,0.0,40.0,0,1,1
1731,53.0,1.0,16.0,2.0,0,49.0,17.0,40.0,1,1,1
1732,35.0,3.0,19.0,1.0,2,150.0,10.0,15.0,1,1,0
1733,32.0,1.0,19.0,1.0,0,150.0,1.0,40.0,0,1,0
1734,44.0,2.0,19.0,1.0,3,6.0,0.0,20.0,1,1,0
1735,19.0,1.0,20.0,5.0,1,49.0,0.0,40.0,0,1,0
1736,54.0,1.0,21.0,1.0,2,468.0,0.0,14.0,0,1,0
1737,43.0,1.0,16.0,1.0,1,16.0,1.0,40.0,0,1,0
1738,31.0,1.0,18.0,5.0,2,16.0,2.0,20.0,0,1,0
1739,29.0,5.0,16.0,1.0,1,23.0,0.0,20.0,0,0,0
1740,53.0,1.0,20.0,1.0,1,49.0,0.0,40.0,0,1,0
1741,17.0,7.0,22.0,1.0,0,451.0,0.0,31.0,1,1,1
1742,21.0,4.0,21.0,1.0,2,329.0,0.0,40.0,0,1,1
1743,37.0,1.0,22.0,1.0,1,329.0,0.0,40.0,0,1,0
1744,18.0,1.0,19.0,2.0,1,49.0,16.0,10.0,0,1,0
1745,18.0,1.0,18.0,1.0,1,49.0,1.0,35.0,0,1,0
1746,41.0,1.0,18.0,5.0,-1,323.0,7.0,14.0,0,1,1
1747,30.0,1.0,16.0,1.0,1,150.0,1.0,40.0,1,1,0
1748,82.0,1.0,16.0,2.0,0,527.0,17.0,75.0,1,1,1
1749,52.0,1.0,19.0,5.0,2,49.0,2.0,8.0,0,1,0
1750,42.0,2.0,22.0,1.0,0,442.0,1.0,40.0,1,1,1
1751,17.0,3.0,19.0,5.0,2,51.0,2.0,40.0,1,0,1
1752,44.0,1.0,19.0,1.0,0,49.0,2.0,40.0,0,1,1
1753,92.0,1.0,18.0,1.0,0,468.0,1.0,35.0,1,1,1
1754,47.0,5.0,21.0,1.0,2,451.0,0.0,40.0,0,1,1
1755,20.0,1.0,16.0,1.0,0,51.0,0.0,60.0,0,1,1
1756,53.0,7.0,20.0,5.0,3,49.0,2.0,45.0,1,1,0
1757,22.0,1.0,16.0,1.0,4,49.0,0.0,60.0,1,0,1
1758,41.0,1.0,16.0,5.0,2,49.0,2.0,50.0,1,0,0
1759,43.0,1.0,19.0,1.0,1,49.0,1.0,40.0,1,1,0
1760,63.0,1.0,19.0,5.0,4,49.0,17.0,40.0,1,1,0
1761,25.0,1.0,20.0,5.0,0,323.0,2.0,50.0,0,1,0
1762,40.0,1.0,19.0,1.0,3,45.0,0.0,40.0,0,1,0
1763,41.0,3.0,19.0,1.0,1,49.0,1.0,55.0,0,1,0
1764,45.0,1.0,19.0,1.0,0,49.0,1.0,50.0,0,1,1
1765,82.0,1.0,21.0,1.0,2,51.0,0.0,55.0,1,1,1
1766,33.0,1.0,5.0,1.0,0,16.0,0.0,35.0,1,1,1
1767,42.0,3.0,22.0,1.0,0,49.0,1.0,10.0,1,0,1
1768,57.0,1.0,16.0,1.0,4,49.0,1.0,19.0,1,1,0
1769,57.0,2.0,21.0,1.0,2,49.0,0.0,40.0,0,1,0
1770,53.0,1.0,16.0,1.0,2,49.0,1.0,40.0,1,1,0
1771,49.0,1.0,22.0,3.0,3,8.0,2.0,29.0,1,1,1
1772,29.0,2.0,8.0,5.0,2,20.0,2.0,15.0,0,1,0
1773,28.0,7.0,19.0,3.0,0,442.0,0.0,40.0,1,0,1
1774,61.0,1.0,20.0,5.0,2,6.0,2.0,40.0,1,1,0
1775,64.0,1.0,16.0,3.0,0,451.0,0.0,60.0,1,1,1
1776,26.0,1.0,20.0,1.0,0,150.0,0.0,3.0,1,1,1
1777,21.0,1.0,20.0,1.0,4,49.0,1.0,40.0,1,1,1
1778,69.0,2.0,21.0,1.0,4,303.0,1.0,32.0,1,1,1
1779,22.0,1.0,16.0,5.0,0,49.0,2.0,39.0,1,1,0
1780,74.0,4.0,21.0,1.0,2,49.0,1.0,18.0,1,1,1
1781,24.0,2.0,14.0,1.0,2,49.0,0.0,40.0,0,1,0
1782,40.0,1.0,14.0,1.0,1,49.0,0.0,40.0,0,1,0
1783,42.0,1.0,19.0,1.0,0,49.0,0.0,50.0,0,1,0
1784,43.0,1.0,16.0,3.0,1,42.0,0.0,42.0,1,1,0
1785,47.0,1.0,16.0,1.0,1,49.0,0.0,20.0,0,1,0
1786,84.0,5.0,21.0,1.0,0,214.0,0.0,40.0,0,1,1
1787,49.0,6.0,16.0,3.0,2,49.0,2.0,40.0,0,1,0
1788,40.0,1.0,18.0,1.0,4,8.0,0.0,24.0,1,1,1
1789,44.0,1.0,21.0,2.0,0,6.0,9.0,40.0,1,1,1
1790,20.0,1.0,14.0,5.0,1,49.0,2.0,50.0,0,1,0
1791,60.0,1.0,23.0,1.0,2,49.0,9.0,40.0,1,1,1
1792,45.0,3.0,14.0,5.0,3,467.0,17.0,40.0,1,0,0
1793,35.0,3.0,19.0,5.0,1,49.0,2.0,84.0,0,1,0
1794,34.0,1.0,18.0,5.0,0,49.0,12.0,15.0,1,1,0
1795,84.0,1.0,20.0,1.0,4,49.0,0.0,40.0,1,1,0
1796,60.0,1.0,7.0,1.0,0,467.0,0.0,25.0,1,1,1
1797,62.0,1.0,18.0,5.0,0,49.0,2.0,12.0,1,1,0
1798,37.0,1.0,16.0,1.0,3,49.0,1.0,40.0,1,1,0
1799,36.0,1.0,18.0,1.0,2,49.0,1.0,4.0,0,1,0
1800,28.0,1.0,16.0,5.0,1,49.0,0.0,20.0,1,1,0
1801,61.0,1.0,19.0,1.0,2,49.0,1.0,40.0,1,1,0
1802,32.0,4.0,18.0,1.0,0,49.0,1.0,62.0,1,1,1
1803,22.0,1.0,16.0,5.0,0,6.0,12.0,10.0,1,1,0
1804,50.0,1.0,19.0,1.0,2,49.0,5.0,40.0,1,1,1
1805,27.0,1.0,21.0,1.0,2,49.0,0.0,68.0,0,1,1
1806,77.0,3.0,21.0,5.0,4,508.0,2.0,15.0,1,1,0
1807,64.0,5.0,18.0,1.0,0,214.0,10.0,40.0,0,1,0
1808,62.0,1.0,19.0,1.0,3,6.0,1.0,40.0,1,1,0
1809,24.0,1.0,19.0,3.0,2,6.0,0.0,40.0,0,1,1
1810,24.0,1.0,15.0,1.0,3,49.0,0.0,45.0,1,1,0
1811,64.0,3.0,16.0,5.0,3,508.0,0.0,30.0,1,1,1
1812,68.0,3.0,20.0,5.0,0,49.0,0.0,40.0,0,0,0
1813,30.0,7.0,18.0,1.0,0,49.0,1.0,60.0,1,0,1
1814,46.0,4.0,22.0,1.0,1,49.0,1.0,15.0,1,1,1
1815,79.0,7.0,16.0,1.0,0,151.0,0.0,40.0,0,1,0
1816,61.0,1.0,20.0,1.0,0,449.0,0.0,40.0,0,1,1
1817,29.0,1.0,20.0,5.0,2,150.0,2.0,14.0,0,1,0
1818,35.0,1.0,8.0,1.0,1,449.0,0.0,40.0,0,1,0
1819,55.0,6.0,18.0,5.0,2,49.0,0.0,15.0,1,1,0
1820,38.0,1.0,21.0,1.0,2,16.0,0.0,18.0,1,1,1
1821,52.0,4.0,19.0,1.0,2,6.0,0.0,32.0,0,1,0
1822,58.0,1.0,18.0,5.0,1,49.0,0.0,40.0,0,1,0
1823,49.0,1.0,22.0,1.0,0,49.0,0.0,40.0,1,1,1
1824,29.0,1.0,19.0,1.0,4,49.0,0.0,40.0,1,1,0
1825,19.0,1.0,21.0,1.0,0,51.0,1.0,36.0,1,1,1
1826,42.0,1.0,16.0,1.0,0,49.0,1.0,25.0,0,0,0
1827,49.0,3.0,19.0,5.0,0,20.0,2.0,68.0,0,1,0
1828,50.0,1.0,16.0,1.0,2,49.0,0.0,4.0,1,1,0
1829,82.0,2.0,16.0,1.0,0,214.0,0.0,30.0,1,1,1
1830,54.0,2.0,19.0,1.0,2,49.0,0.0,35.0,0,1,0
1831,27.0,1.0,23.0,1.0,0,49.0,0.0,75.0,1,1,1
1832,68.0,2.0,20.0,1.0,0,49.0,0.0,40.0,1,1,0
1833,82.0,2.0,23.0,5.0,4,48.0,12.0,60.0,0,1,0
1834,31.0,1.0,16.0,3.0,0,341.0,0.0,4.0,0,1,0
1835,73.0,5.0,16.0,1.0,0,150.0,0.0,19.0,0,1,1
1836,22.0,2.0,16.0,1.0,2,512.0,0.0,40.0,1,1,0
1837,54.0,1.0,15.0,1.0,0,467.0,0.0,60.0,0,0,0
1838,26.0,1.0,16.0,1.0,0,303.0,0.0,55.0,1,1,1
1839,58.0,6.0,14.0,1.0,4,303.0,1.0,75.0,1,1,0
1840,22.0,1.0,21.0,5.0,2,51.0,0.0,45.0,0,1,0
1841,82.0,5.0,23.0,3.0,2,468.0,0.0,50.0,1,0,1
1842,82.0,1.0,19.0,1.0,1,49.0,0.0,15.0,0,1,0
1843,46.0,1.0,21.0,5.0,1,30.0,12.0,30.0,0,1,0
1844,47.0,1.0,22.0,3.0,0,49.0,0.0,20.0,1,1,1
1845,27.0,4.0,21.0,5.0,0,329.0,13.0,40.0,1,1,1
1846,25.0,1.0,21.0,3.0,1,323.0,0.0,40.0,0,1,0
1847,42.0,7.0,19.0,1.0,0,49.0,0.0,40.0,1,1,1
1848,84.0,1.0,20.0,1.0,2,49.0,1.0,45.0,0,1,0
1849,24.0,1.0,3.0,5.0,0,329.0,2.0,30.0,0,1,0
1850,30.0,1.0,15.0,1.0,0,49.0,1.0,40.0,0,1,1
1851,44.0,1.0,19.0,3.0,1,49.0,0.0,60.0,0,1,1
1852,29.0,1.0,16.0,5.0,2,323.0,2.0,40.0,0,1,0
1853,56.0,1.0,15.0,1.0,4,370.0,1.0,40.0,1,1,0
1854,32.0,1.0,16.0,2.0,2,49.0,16.0,30.0,0,1,0
1855,33.0,1.0,17.0,1.0,0,49.0,0.0,40.0,0,1,1
1856,84.0,7.0,17.0,1.0,0,49.0,0.0,15.0,1,1,1
1857,50.0,7.0,15.0,3.0,0,51.0,0.0,40.0,0,1,1
1858,41.0,1.0,21.0,1.0,-1,49.0,9.0,40.0,0,1,1
1859,51.0,1.0,16.0,1.0,2,329.0,0.0,60.0,0,1,0
1860,47.0,1.0,19.0,1.0,1,6.0,0.0,30.0,1,0,1
1861,40.0,1.0,5.0,3.0,0,49.0,0.0,18.0,1,0,1
1862,30.0,4.0,19.0,5.0,2,449.0,17.0,75.0,0,1,0
1863,35.0,3.0,19.0,5.0,2,150.0,0.0,40.0,0,1,0
1864,26.0,1.0,20.0,3.0,4,6.0,0.0,40.0,0,1,0
1865,55.0,4.0,18.0,5.0,1,49.0,2.0,24.0,0,1,0
1866,25.0,7.0,19.0,1.0,3,6.0,1.0,40.0,1,1,0
1867,34.0,1.0,21.0,1.0,3,49.0,1.0,40.0,1,1,1
1868,23.0,7.0,19.0,1.0,0,49.0,1.0,50.0,0,1,1
1869,46.0,1.0,3.0,3.0,0,49.0,0.0,40.0,1,1,1
1870,51.0,7.0,16.0,1.0,-1,48.0,0.0,61.0,0,1,1
1871,55.0,4.0,20.0,1.0,0,49.0,1.0,50.0,0,1,0
1872,28.0,7.0,19.0,1.0,2,203.0,0.0,15.0,1,1,1
1873,46.0,1.0,20.0,1.0,3,49.0,0.0,40.0,1,1,0
1874,57.0,5.0,18.0,1.0,1,341.0,9.0,15.0,0,1,0
1875,30.0,1.0,22.0,1.0,1,49.0,0.0,26.0,0,1,1
1876,40.0,2.0,23.0,1.0,3,49.0,1.0,45.0,1,1,1
1877,51.0,1.0,18.0,1.0,0,49.0,0.0,40.0,0,1,0
1878,31.0,1.0,21.0,1.0,0,214.0,0.0,45.0,1,1,1
1879,38.0,1.0,21.0,1.0,2,51.0,0.0,40.0,0,1,0
1880,62.0,1.0,19.0,5.0,2,303.0,12.0,40.0,1,1,0
1881,44.0,1.0,19.0,1.0,2,49.0,1.0,40.0,1,1,0
1882,37.0,1.0,19.0,4.0,0,49.0,0.0,40.0,1,0,1
1883,36.0,4.0,20.0,1.0,3,23.0,0.0,50.0,1,1,1
1884,19.0,1.0,19.0,1.0,4,49.0,1.0,40.0,1,1,0
1885,32.0,1.0,22.0,1.0,2,16.0,0.0,40.0,0,1,1
1886,20.0,1.0,19.0,5.0,4,6.0,2.0,40.0,0,0,0
1887,25.0,1.0,16.0,1.0,0,49.0,0.0,32.0,0,1,1
1888,39.0,3.0,16.0,1.0,0,49.0,1.0,40.0,1,1,1
1889,30.0,1.0,20.0,1.0,0,49.0,1.0,38.0,0,1,1
1890,31.0,4.0,14.0,1.0,1,49.0,1.0,60.0,1,1,0
1891,63.0,1.0,21.0,5.0,1,49.0,17.0,48.0,1,1,0
1892,68.0,1.0,14.0,5.0,0,150.0,2.0,40.0,0,1,0
1893,26.0,1.0,24.0,1.0,1,49.0,4.0,20.0,1,1,1
1894,48.0,7.0,18.0,1.0,2,6.0,0.0,40.0,0,1,0
1895,61.0,6.0,21.0,1.0,1,214.0,0.0,40.0,1,1,1
1896,35.0,7.0,16.0,5.0,2,329.0,2.0,40.0,0,1,0
1897,54.0,6.0,16.0,1.0,0,468.0,0.0,14.0,1,1,1
1898,34.0,1.0,16.0,1.0,2,303.0,1.0,15.0,0,1,0
1899,32.0,1.0,21.0,2.0,0,50.0,2.0,20.0,0,1,1
1900,76.0,1.0,21.0,1.0,0,150.0,1.0,40.0,0,1,0
1901,68.0,1.0,16.0,1.0,2,16.0,1.0,14.0,0,1,0
1902,68.0,4.0,19.0,5.0,0,6.0,12.0,40.0,0,1,0
1903,46.0,7.0,17.0,1.0,0,468.0,0.0,3.0,1,1,1
1904,32.0,2.0,20.0,5.0,4,8.0,17.0,30.0,1,1,0
1905,64.0,3.0,19.0,1.0,0,49.0,1.0,40.0,1,1,0
1906,41.0,1.0,19.0,3.0,2,49.0,0.0,24.0,1,1,1
1907,68.0,3.0,19.0,1.0,3,49.0,0.0,24.0,1,1,0
1908,55.0,1.0,21.0,2.0,2,49.0,16.0,31.0,1,1,0
1909,32.0,7.0,22.0,1.0,1,49.0,1.0,40.0,0,1,1
1910,62.0,6.0,14.0,2.0,4,51.0,16.0,40.0,1,1,0
1911,38.0,1.0,19.0,1.0,1,49.0,1.0,10.0,0,1,0
1912,51.0,6.0,18.0,5.0,1,49.0,12.0,55.0,0,1,0
1913,51.0,1.0,21.0,5.0,0,49.0,2.0,35.0,1,1,0
1914,38.0,1.0,20.0,1.0,0,49.0,1.0,20.0,1,1,1
1915,38.0,7.0,21.0,1.0,2,49.0,1.0,40.0,0,1,0
1916,37.0,7.0,19.0,1.0,3,150.0,0.0,40.0,0,1,1
1917,78.0,1.0,5.0,1.0,0,214.0,1.0,40.0,1,1,1
1918,23.0,7.0,18.0,1.0,2,49.0,1.0,10.0,0,1,0
1919,19.0,6.0,18.0,1.0,2,329.0,0.0,10.0,0,1,1
1920,26.0,4.0,19.0,5.0,1,49.0,8.0,29.0,1,1,0
1921,29.0,6.0,21.0,1.0,0,51.0,0.0,40.0,1,1,1
1922,68.0,1.0,21.0,5.0,2,49.0,2.0,40.0,1,1,1
1923,25.0,4.0,21.0,1.0,2,49.0,1.0,40.0,1,1,0
1924,44.0,1.0,21.0,5.0,0,49.0,2.0,45.0,0,1,0
1925,26.0,8.0,17.0,5.0,2,341.0,16.0,37.0,0,1,0
1926,38.0,5.0,21.0,2.0,4,49.0,2.0,32.0,1,1,1
1927,18.0,1.0,20.0,1.0,1,49.0,1.0,40.0,0,1,1
1928,68.0,1.0,21.0,1.0,4,49.0,0.0,62.0,0,0,1
1929,38.0,1.0,16.0,1.0,2,49.0,1.0,25.0,0,1,0
1930,28.0,1.0,16.0,5.0,0,214.0,0.0,40.0,0,1,0
1931,61.0,1.0,17.0,1.0,4,303.0,0.0,45.0,1,1,1
1932,60.0,1.0,23.0,1.0,0,49.0,0.0,60.0,0,1,0
1933,22.0,3.0,21.0,1.0,3,49.0,1.0,40.0,1,1,1
1934,18.0,1.0,19.0,1.0,2,49.0,0.0,40.0,1,1,1
1935,92.0,1.0,21.0,1.0,4,508.0,1.0,45.0,1,1,1
1936,25.0,1.0,19.0,1.0,0,48.0,0.0,36.0,1,1,0
1937,65.0,1.0,23.0,1.0,1,214.0,0.0,48.0,1,1,1
1938,52.0,2.0,21.0,1.0,2,6.0,1.0,25.0,0,1,0
1939,27.0,1.0,16.0,5.0,1,23.0,17.0,91.0,1,1,0
1940,19.0,1.0,16.0,1.0,1,214.0,0.0,25.0,1,1,0
1941,62.0,3.0,20.0,1.0,0,49.0,1.0,10.0,1,1,0
1942,68.0,1.0,18.0,1.0,0,214.0,1.0,18.0,1,1,1
1943,57.0,2.0,22.0,5.0,1,329.0,0.0,40.0,1,1,0
1944,53.0,1.0,19.0,1.0,3,37.0,1.0,50.0,1,1,1
1945,23.0,3.0,21.0,1.0,2,323.0,0.0,45.0,1,1,1
1946,69.0,7.0,21.0,1.0,0,49.0,0.0,26.0,0,1,0
1947,35.0,1.0,20.0,1.0,0,49.0,0.0,25.0,0,1,1
1948,73.0,3.0,21.0,1.0,1,49.0,0.0,32.0,1,1,1
1949,34.0,1.0,16.0,5.0,2,468.0,2.0,40.0,0,1,0
1950,20.0,1.0,17.0,5.0,0,8.0,13.0,40.0,1,1,1
1951,68.0,5.0,22.0,1.0,0,150.0,0.0,45.0,1,1,1
1952,78.0,1.0,20.0,1.0,4,49.0,1.0,40.0,1,1,0
1953,42.0,1.0,23.0,1.0,2,49.0,1.0,40.0,1,1,0
1954,22.0,6.0,21.0,1.0,0,6.0,0.0,20.0,1,1,1
1955,28.0,1.0,13.0,5.0,2,49.0,17.0,18.0,0,1,0
1956,48.0,4.0,19.0,1.0,0,49.0,0.0,60.0,1,1,1
1957,32.0,3.0,16.0,1.0,3,203.0,0.0,40.0,1,1,1
1958,39.0,4.0,22.0,2.0,3,6.0,1.0,40.0,1,1,1
1959,65.0,2.0,22.0,1.0,0,49.0,0.0,45.0,1,1,1
1960,56.0,1.0,21.0,1.0,2,51.0,0.0,40.0,0,1,1
1961,23.0,7.0,19.0,5.0,1,8.0,2.0,40.0,0,0,0
1962,55.0,2.0,22.0,1.0,0,49.0,0.0,30.0,1,1,1
1963,82.0,1.0,22.0,1.0,4,49.0,0.0,84.0,1,1,1
1964,23.0,7.0,19.0,5.0,2,51.0,2.0,40.0,0,1,0
1965,65.0,5.0,22.0,1.0,3,51.0,0.0,40.0,1,0,1
1966,45.0,1.0,16.0,1.0,0,508.0,1.0,30.0,1,1,1
1967,69.0,1.0,19.0,1.0,0,49.0,0.0,60.0,0,1,1
1968,32.0,5.0,21.0,1.0,0,49.0,1.0,55.0,0,0,1
1969,39.0,1.0,22.0,1.0,1,49.0,0.0,40.0,1,1,1
1970,33.0,1.0,20.0,1.0,0,49.0,1.0,4.0,1,0,1
1971,24.0,1.0,20.0,1.0,4,49.0,0.0,30.0,1,1,1
1972,18.0,1.0,23.0,1.0,3,150.0,1.0,40.0,1,1,0
1973,73.0,1.0,18.0,1.0,2,49.0,1.0,30.0,1,1,0
1974,40.0,2.0,19.0,1.0,4,49.0,0.0,25.0,1,1,0
1975,75.0,4.0,21.0,1.0,0,49.0,0.0,45.0,1,1,1
1976,40.0,1.0,19.0,1.0,2,50.0,0.0,40.0,0,1,0
1977,44.0,1.0,20.0,1.0,0,55.0,1.0,40.0,0,1,1
1978,30.0,1.0,7.0,1.0,4,451.0,0.0,32.0,1,1,1
1979,84.0,1.0,16.0,1.0,2,49.0,1.0,40.0,0,1,0
1980,51.0,1.0,18.0,3.0,0,49.0,0.0,20.0,1,1,0
1981,38.0,1.0,21.0,1.0,0,214.0,0.0,45.0,1,1,1
1982,34.0,3.0,21.0,5.0,4,49.0,17.0,40.0,1,0,0
1983,55.0,1.0,3.0,5.0,1,49.0,17.0,40.0,0,1,0
1984,74.0,1.0,19.0,1.0,2,49.0,1.0,60.0,0,1,0
1985,52.0,1.0,20.0,1.0,0,49.0,1.0,40.0,0,1,1
1986,32.0,1.0,16.0,5.0,1,370.0,17.0,20.0,0,1,0
1987,55.0,7.0,21.0,3.0,0,49.0,0.0,40.0,0,1,0
1988,26.0,4.0,19.0,1.0,0,49.0,1.0,91.0,1,1,1
1989,23.0,1.0,21.0,1.0,0,203.0,1.0,40.0,0,1,1
1990,64.0,2.0,21.0,1.0,0,8.0,1.0,29.0,1,1,1
1991,64.0,7.0,22.0,1.0,4,303.0,1.0,30.0,1,1,1
1992,73.0,1.0,19.0,1.0,0,49.0,1.0,40.0,0,1,0
1993,36.0,1.0,15.0,1.0,3,49.0,0.0,40.0,1,1,0
1994,87.0,1.0,18.0,3.0,4,49.0,10.0,12.0,0,1,0
1995,45.0,1.0,15.0,1.0,0,468.0,1.0,20.0,0,1,0
1996,42.0,1.0,20.0,1.0,3,49.0,1.0,30.0,1,1,1
1997,40.0,6.0,17.0,1.0,0,49.0,1.0,50.0,1,1,1
1998,22.0,7.0,5.0,1.0,2,6.0,1.0,40.0,0,0,1
1999,24.0,4.0,19.0,1.0,4,6.0,1.0,40.0,1,1,1
2000,55.0,1.0,19.0,5.0,5,49.0,2.0,19.0,0,1,0
2001,19.0,1.0,16.0,5.0,3,49.0,2.0,40.0,1,0,0
2002,48.0,7.0,17.0,3.0,0,49.0,0.0,18.0,1,1,1
2003,25.0,1.0,17.0,5.0,4,49.0,7.0,40.0,1,1,1
2004,30.0,7.0,20.0,1.0,0,8.0,1.0,18.0,1,1,1
2005,82.0,1.0,19.0,1.0,1,49.0,1.0,61.0,0,1,0
2006,49.0,1.0,19.0,1.0,4,49.0,1.0,40.0,1,1,1
2007,75.0,1.0,16.0,1.0,1,214.0,8.0,31.0,0,1,0
2008,18.0,6.0,16.0,1.0,2,49.0,1.0,20.0,0,1,0
2009,68.0,1.0,19.0,1.0,3,49.0,1.0,60.0,1,1,0
2010,38.0,5.0,21.0,1.0,2,49.0,0.0,20.0,1,1,1
2011,30.0,1.0,21.0,3.0,0,49.0,0.0,32.0,0,1,1
2012,26.0,3.0,16.0,1.0,0,55.0,17.0,40.0,0,1,0
2013,45.0,1.0,17.0,5.0,2,49.0,0.0,53.0,0,1,0
2014,38.0,7.0,19.0,1.0,2,49.0,0.0,30.0,0,1,0
2015,33.0,1.0,16.0,5.0,1,150.0,17.0,38.0,0,1,0
2016,68.0,1.0,23.0,1.0,1,329.0,0.0,40.0,0,1,0
2017,56.0,4.0,18.0,1.0,0,49.0,1.0,48.0,1,1,1
2018,61.0,1.0,16.0,1.0,1,6.0,0.0,40.0,1,1,1
2019,18.0,1.0,19.0,1.0,4,49.0,0.0,39.0,0,1,1
2020,17.0,1.0,16.0,5.0,0,45.0,12.0,10.0,0,1,0
2021,49.0,7.0,21.0,3.0,4,49.0,0.0,60.0,1,1,1
2022,84.0,4.0,20.0,4.0,0,49.0,0.0,39.0,1,1,1
2023,67.0,5.0,21.0,1.0,4,49.0,0.0,40.0,1,1,1
2024,77.0,1.0,21.0,1.0,0,49.0,1.0,55.0,1,1,1
2025,22.0,1.0,16.0,1.0,0,49.0,1.0,4.0,1,1,1
2026,68.0,1.0,20.0,5.0,0,49.0,0.0,50.0,0,1,0
2027,39.0,1.0,17.0,1.0,0,329.0,1.0,30.0,1,1,1
2028,84.0,2.0,22.0,1.0,0,49.0,0.0,48.0,1,1,1
2029,51.0,1.0,24.0,1.0,0,49.0,0.0,40.0,0,1,1
2030,28.0,7.0,18.0,5.0,2,49.0,2.0,62.0,0,1,0
2031,23.0,2.0,21.0,1.0,0,49.0,0.0,50.0,0,1,1
2032,31.0,1.0,21.0,5.0,0,49.0,0.0,30.0,1,1,1
2033,23.0,1.0,16.0,1.0,1,468.0,1.0,40.0,0,1,1
2034,20.0,1.0,19.0,1.0,1,150.0,9.0,40.0,1,1,0
2035,19.0,1.0,16.0,1.0,0,329.0,1.0,40.0,1,1,0
2036,26.0,4.0,16.0,1.0,0,49.0,0.0,40.0,1,1,1
2037,37.0,1.0,16.0,1.0,2,49.0,1.0,55.0,1,0,0
2038,41.0,1.0,20.0,1.0,0,49.0,0.0,40.0,1,1,1
2039,53.0,1.0,21.0,1.0,0,49.0,0.0,40.0,0,1,1
2040,37.0,7.0,13.0,1.0,3,303.0,0.0,30.0,1,1,1
2041,69.0,1.0,19.0,1.0,0,49.0,1.0,40.0,0,1,0
2042,18.0,4.0,16.0,5.0,1,23.0,0.0,8.0,0,1,0
2043,47.0,6.0,19.0,1.0,0,51.0,1.0,50.0,1,1,1
2044,19.0,3.0,10.0,5.0,1,49.0,2.0,50.0,0,1,0
2045,58.0,1.0,20.0,1.0,1,49.0,9.0,60.0,1,1,0
2046,39.0,1.0,18.0,1.0,1,49.0,1.0,45.0,1,1,0
2047,28.0,1.0,22.0,1.0,0,6.0,1.0,30.0,1,0,1
2048,60.0,1.0,20.0,1.0,1,55.0,0.0,40.0,1,0,1
2049,18.0,1.0,20.0,2.0,3,6.0,10.0,40.0,1,1,0
2050,18.0,1.0,16.0,2.0,4,214.0,16.0,40.0,1,1,0
2051,46.0,1.0,21.0,5.0,0,49.0,2.0,48.0,1,1,1
2052,25.0,2.0,21.0,5.0,0,6.0,0.0,40.0,1,1,1
2053,39.0,5.0,22.0,1.0,4,49.0,1.0,55.0,1,1,1
2054,31.0,1.0,21.0,4.0,1,49.0,0.0,40.0,1,1,1
2055,26.0,1.0,16.0,1.0,0,214.0,0.0,61.0,0,1,0
2056,49.0,1.0,20.0,5.0,2,468.0,2.0,15.0,0,1,0
2057,55.0,1.0,19.0,1.0,2,16.0,0.0,40.0,0,1,0
2058,23.0,1.0,21.0,1.0,2,214.0,0.0,10.0,0,1,1
2059,48.0,1.0,19.0,1.0,0,49.0,0.0,29.0,1,1,1
2060,51.0,4.0,19.0,5.0,4,23.0,12.0,55.0,0,1,0
2061,51.0,5.0,21.0,1.0,0,508.0,0.0,40.0,1,1,1
2062,56.0,1.0,19.0,1.0,2,203.0,1.0,20.0,0,1,0
2063,46.0,2.0,19.0,1.0,2,49.0,1.0,15.0,0,1,0
2064,82.0,5.0,18.0,1.0,0,49.0,1.0,40.0,0,0,1
2065,51.0,1.0,19.0,1.0,0,16.0,0.0,40.0,0,1,0
2066,24.0,3.0,20.0,5.0,0,49.0,7.0,42.0,0,1,1
2067,56.0,6.0,20.0,1.0,0,49.0,0.0,15.0,1,1,1
2068,18.0,1.0,19.0,3.0,0,49.0,2.0,50.0,0,0,0
2069,80.0,6.0,20.0,1.0,2,49.0,0.0,25.0,0,1,0
2070,60.0,3.0,18.0,1.0,1,49.0,1.0,15.0,0,0,0
2071,45.0,3.0,20.0,1.0,2,370.0,1.0,35.0,0,1,1
2072,32.0,1.0,19.0,1.0,0,49.0,0.0,40.0,1,1,1
2073,56.0,1.0,18.0,4.0,4,51.0,17.0,20.0,1,1,0
2074,21.0,1.0,18.0,5.0,4,48.0,12.0,40.0,0,1,0
2075,38.0,6.0,24.0,5.0,0,30.0,2.0,40.0,1,1,1
2076,53.0,3.0,16.0,1.0,4,323.0,1.0,30.0,1,1,0
2077,42.0,1.0,18.0,5.0,4,370.0,12.0,40.0,0,0,0
2078,53.0,2.0,21.0,1.0,0,23.0,0.0,40.0,1,1,1
2079,34.0,1.0,22.0,1.0,0,6.0,0.0,20.0,1,1,1
2080,69.0,1.0,15.0,1.0,0,49.0,10.0,40.0,0,1,0
2081,56.0,1.0,15.0,3.0,4,16.0,0.0,24.0,0,1,0
2082,41.0,1.0,16.0,5.0,1,55.0,12.0,60.0,1,1,0
2083,45.0,1.0,22.0,1.0,0,49.0,0.0,45.0,1,1,1
2084,40.0,1.0,19.0,5.0,2,49.0,2.0,15.0,0,1,0
2085,20.0,1.0,16.0,3.0,0,323.0,0.0,50.0,0,1,0
2086,36.0,1.0,21.0,1.0,0,6.0,0.0,18.0,0,1,0
2087,45.0,5.0,21.0,1.0,2,49.0,0.0,40.0,1,1,1
2088,36.0,4.0,19.0,1.0,2,49.0,0.0,20.0,0,1,0
2089,43.0,1.0,23.0,5.0,1,8.0,12.0,50.0,1,1,0
2090,40.0,5.0,21.0,1.0,2,49.0,1.0,40.0,0,0,1
2091,25.0,4.0,19.0,3.0,0,50.0,0.0,40.0,1,1,1
2092,26.0,2.0,21.0,1.0,0,329.0,0.0,40.0,0,1,1
2093,41.0,1.0,16.0,1.0,0,23.0,1.0,50.0,0,1,0
2094,34.0,1.0,16.0,1.0,3,49.0,0.0,40.0,1,1,1
2095,60.0,1.0,16.0,5.0,2,49.0,2.0,50.0,1,1,0
2096,44.0,1.0,16.0,5.0,2,323.0,12.0,10.0,0,1,0
2097,39.0,1.0,22.0,5.0,3,6.0,0.0,20.0,1,1,1
2098,61.0,1.0,16.0,1.0,0,49.0,0.0,29.0,1,1,1
2099,53.0,1.0,16.0,5.0,2,150.0,2.0,40.0,0,1,0
2100,53.0,5.0,24.0,1.0,0,49.0,0.0,14.0,1,0,1
2101,64.0,1.0,16.0,5.0,3,49.0,2.0,35.0,1,1,1
2102,48.0,1.0,19.0,1.0,-1,49.0,0.0,40.0,0,1,1
2103,48.0,1.0,19.0,3.0,4,49.0,0.0,40.0,0,1,0
2104,62.0,1.0,14.0,1.0,2,49.0,1.0,20.0,0,1,0
2105,54.0,1.0,21.0,1.0,0,49.0,1.0,19.0,0,1,0
2106,32.0,6.0,18.0,1.0,3,49.0,0.0,25.0,1,1,0
2107,24.0,1.0,21.0,1.0,0,49.0,0.0,40.0,0,1,1
2108,68.0,1.0,16.0,1.0,2,49.0,1.0,15.0,0,1,0
2109,21.0,1.0,22.0,1.0,1,214.0,0.0,40.0,1,1,1
2110,30.0,1.0,18.0,5.0,0,49.0,7.0,35.0,1,1,0
2111,46.0,1.0,16.0,5.0,3,329.0,2.0,40.0,1,1,0
2112,50.0,1.0,21.0,1.0,4,49.0,0.0,48.0,0,1,1
2113,48.0,1.0,18.0,1.0,2,49.0,0.0,15.0,1,1,0
2114,58.0,1.0,24.0,1.0,0,49.0,0.0,40.0,0,1,1
2115,39.0,1.0,20.0,1.0,1,49.0,1.0,40.0,0,1,1
2116,26.0,2.0,3.0,5.0,0,49.0,7.0,40.0,1,1,1
2117,41.0,7.0,16.0,1.0,1,49.0,0.0,30.0,1,1,1
2118,82.0,4.0,21.0,1.0,-1,49.0,1.0,61.0,0,1,1
2119,68.0,1.0,19.0,5.0,4,49.0,12.0,40.0,0,1,0
2120,24.0,1.0,19.0,5.0,0,214.0,0.0,84.0,0,1,1
2121,82.0,2.0,23.0,1.0,0,150.0,1.0,10.0,1,1,1
2122,32.0,1.0,19.0,5.0,1,6.0,2.0,26.0,0,1,0
2123,49.0,1.0,19.0,1.0,0,451.0,0.0,24.0,1,1,1
2124,52.0,1.0,16.0,5.0,1,214.0,2.0,40.0,1,1,0
2125,44.0,5.0,20.0,1.0,0,49.0,1.0,40.0,1,0,1
2126,44.0,1.0,19.0,1.0,1,8.0,0.0,48.0,0,1,1
2127,34.0,1.0,21.0,1.0,1,49.0,0.0,25.0,1,1,1
2128,30.0,1.0,16.0,1.0,4,49.0,0.0,45.0,1,1,0
2129,55.0,1.0,21.0,1.0,0,214.0,5.0,40.0,1,1,1
2130,40.0,4.0,19.0,5.0,1,214.0,12.0,45.0,0,1,0
2131,21.0,1.0,21.0,1.0,0,449.0,1.0,40.0,0,1,0
2132,30.0,7.0,18.0,5.0,3,323.0,17.0,40.0,0,1,0
2133,75.0,3.0,19.0,1.0,2,49.0,1.0,40.0,0,1,0
2134,38.0,1.0,21.0,5.0,0,49.0,0.0,96.0,1,1,1
2135,35.0,1.0,19.0,1.0,0,49.0,0.0,30.0,0,1,1
2136,26.0,6.0,7.0,1.0,0,49.0,1.0,15.0,0,1,1
2137,56.0,1.0,21.0,1.0,1,49.0,4.0,36.0,0,1,0
2138,30.0,5.0,24.0,5.0,2,150.0,13.0,25.0,1,0,1
2139,34.0,1.0,21.0,5.0,0,49.0,0.0,40.0,0,1,1
2140,54.0,1.0,21.0,5.0,2,20.0,12.0,40.0,0,1,0
2141,26.0,1.0,23.0,2.0,4,329.0,2.0,35.0,1,1,1
2142,21.0,1.0,21.0,5.0,2,49.0,0.0,35.0,0,1,0
2143,40.0,1.0,10.0,1.0,4,6.0,0.0,40.0,1,1,0
2144,25.0,1.0,21.0,5.0,0,49.0,7.0,40.0,1,1,1
2145,60.0,1.0,8.0,3.0,2,51.0,2.0,10.0,1,1,0
2146,38.0,1.0,16.0,5.0,2,51.0,7.0,53.0,1,1,0
2147,52.0,1.0,22.0,1.0,1,49.0,1.0,35.0,0,1,0
2148,32.0,1.0,17.0,1.0,0,49.0,1.0,40.0,0,1,1
2149,53.0,1.0,18.0,5.0,0,49.0,2.0,45.0,0,1,0
2150,62.0,4.0,22.0,1.0,0,468.0,0.0,68.0,1,1,1
2151,40.0,2.0,21.0,1.0,4,323.0,0.0,32.0,1,1,1
2152,23.0,7.0,19.0,1.0,1,49.0,1.0,15.0,0,1,0
2153,22.0,1.0,16.0,5.0,3,16.0,2.0,40.0,1,1,0
2154,54.0,7.0,22.0,1.0,2,512.0,0.0,20.0,0,1,1
2155,35.0,1.0,21.0,5.0,3,51.0,7.0,18.0,1,1,1
2156,80.0,6.0,21.0,5.0,3,214.0,0.0,10.0,1,1,1
2157,57.0,1.0,21.0,4.0,1,49.0,17.0,40.0,0,0,0
2158,33.0,1.0,19.0,5.0,2,49.0,2.0,25.0,0,1,0
2159,51.0,2.0,19.0,1.0,1,150.0,1.0,40.0,0,1,0
2160,82.0,6.0,19.0,1.0,2,49.0,0.0,40.0,0,1,0
2161,45.0,1.0,21.0,1.0,0,49.0,0.0,50.0,1,1,1
2162,32.0,2.0,21.0,1.0,4,49.0,8.0,36.0,0,1,0
2163,68.0,1.0,19.0,1.0,0,49.0,1.0,45.0,1,0,1
2164,64.0,4.0,5.0,1.0,0,6.0,1.0,40.0,1,1,1
2165,56.0,1.0,19.0,1.0,3,49.0,9.0,20.0,1,1,0
2166,17.0,1.0,16.0,1.0,0,23.0,1.0,40.0,0,1,1
2167,36.0,1.0,19.0,5.0,2,16.0,2.0,24.0,1,1,0
2168,38.0,1.0,21.0,5.0,0,49.0,3.0,14.0,0,0,0
2169,23.0,3.0,20.0,1.0,0,49.0,0.0,40.0,1,1,1
2170,37.0,1.0,16.0,1.0,4,49.0,1.0,40.0,1,1,0
2171,23.0,1.0,20.0,5.0,0,49.0,2.0,61.0,0,1,0
2172,52.0,6.0,19.0,3.0,1,49.0,0.0,40.0,0,1,0
2173,26.0,1.0,22.0,1.0,2,6.0,1.0,40.0,1,1,1
2174,42.0,7.0,21.0,1.0,0,49.0,0.0,40.0,0,1,1
2175,35.0,3.0,18.0,5.0,1,303.0,17.0,40.0,0,1,0
2176,22.0,1.0,19.0,1.0,2,49.0,0.0,4.0,1,1,1
2177,45.0,6.0,21.0,3.0,2,49.0,0.0,40.0,0,1,0
2178,40.0,1.0,22.0,2.0,3,45.0,1.0,20.0,1,1,1
2179,26.0,3.0,16.0,5.0,1,449.0,2.0,45.0,0,1,0
2180,35.0,7.0,20.0,1.0,0,49.0,1.0,40.0,1,1,1
2181,21.0,1.0,19.0,1.0,3,49.0,1.0,40.0,1,1,1
2182,20.0,4.0,21.0,1.0,0,49.0,1.0,40.0,0,1,1
2183,48.0,1.0,19.0,5.0,0,49.0,16.0,40.0,0,1,0
2184,31.0,1.0,6.0,3.0,0,49.0,0.0,30.0,1,1,1
2185,55.0,1.0,21.0,1.0,2,329.0,1.0,20.0,1,1,1
2186,42.0,1.0,21.0,5.0,1,49.0,16.0,40.0,0,1,0
2187,42.0,1.0,19.0,1.0,1,49.0,10.0,15.0,1,1,0
2188,49.0,1.0,15.0,1.0,2,16.0,1.0,40.0,0,1,0
2189,34.0,1.0,21.0,1.0,3,49.0,1.0,42.0,1,1,0
2190,18.0,1.0,20.0,1.0,0,329.0,0.0,40.0,1,1,1
2191,30.0,1.0,15.0,5.0,3,49.0,17.0,39.0,1,1,0
2192,46.0,1.0,8.0,5.0,4,150.0,2.0,40.0,0,0,0
2193,53.0,2.0,17.0,5.0,4,8.0,7.0,45.0,0,1,0
2194,68.0,1.0,22.0,5.0,0,49.0,0.0,14.0,0,0,1
2195,59.0,1.0,18.0,1.0,4,49.0,0.0,40.0,1,1,1
2196,67.0,1.0,19.0,1.0,0,303.0,0.0,96.0,1,1,0
2197,46.0,2.0,21.0,5.0,1,49.0,2.0,3.0,0,0,0
2198,35.0,7.0,22.0,1.0,0,151.0,1.0,84.0,0,1,1
2199,30.0,4.0,19.0,3.0,0,49.0,0.0,30.0,0,1,1
2200,21.0,1.0,20.0,5.0,0,49.0,12.0,40.0,0,1,0
2201,80.0,1.0,16.0,5.0,0,49.0,12.0,60.0,0,1,0
2202,62.0,1.0,19.0,1.0,2,49.0,1.0,40.0,0,1,0
2203,20.0,6.0,16.0,1.0,1,49.0,1.0,75.0,0,1,0
2204,18.0,7.0,16.0,1.0,0,49.0,0.0,3.0,1,1,1
2205,30.0,1.0,21.0,5.0,0,49.0,2.0,3.0,1,1,0
2206,40.0,1.0,19.0,1.0,0,49.0,0.0,30.0,0,1,0
2207,73.0,7.0,18.0,1.0,-1,323.0,0.0,40.0,0,1,1
2208,18.0,1.0,21.0,1.0,0,49.0,0.0,60.0,0,1,1
2209,44.0,1.0,24.0,1.0,3,6.0,0.0,25.0,1,1,1
2210,33.0,1.0,17.0,1.0,0,6.0,0.0,40.0,1,1,1
2211,52.0,1.0,21.0,1.0,3,49.0,0.0,30.0,1,0,1
2212,31.0,1.0,15.0,1.0,1,49.0,1.0,40.0,1,1,0
2213,44.0,2.0,18.0,1.0,4,49.0,8.0,40.0,1,1,0
2214,42.0,1.0,22.0,1.0,0,49.0,0.0,45.0,1,1,1
2215,38.0,2.0,19.0,5.0,2,151.0,2.0,40.0,0,1,0
2216,58.0,6.0,21.0,1.0,0,49.0,0.0,40.0,0,1,0
2217,79.0,1.0,14.0,5.0,2,49.0,7.0,53.0,0,1,0
2218,19.0,6.0,5.0,1.0,0,49.0,0.0,40.0,0,1,1
2219,39.0,1.0,18.0,1.0,1,49.0,0.0,32.0,0,1,0
2220,23.0,1.0,16.0,1.0,2,49.0,0.0,31.0,0,1,1
2221,51.0,1.0,21.0,1.0,2,303.0,0.0,20.0,0,1,1
2222,24.0,7.0,16.0,1.0,4,51.0,0.0,14.0,1,1,1
2223,47.0,5.0,18.0,1.0,2,49.0,0.0,35.0,1,1,1
2224,49.0,1.0,18.0,1.0,0,49.0,1.0,40.0,1,1,0
2225,30.0,6.0,18.0,1.0,0,49.0,1.0,20.0,1,1,0
2226,52.0,1.0,16.0,2.0,0,341.0,1.0,40.0,1,1,1
2227,45.0,1.0,21.0,3.0,1,49.0,0.0,40.0,1,0,0
2228,47.0,1.0,19.0,5.0,4,468.0,12.0,8.0,0,0,0
2229,34.0,4.0,19.0,1.0,2,49.0,0.0,40.0,0,1,1
2230,41.0,1.0,16.0,5.0,1,49.0,12.0,50.0,0,1,0
2231,43.0,4.0,8.0,1.0,4,49.0,0.0,35.0,1,1,0
2232,61.0,1.0,19.0,1.0,4,49.0,0.0,24.0,1,1,0
2233,40.0,1.0,14.0,1.0,4,49.0,0.0,35.0,1,1,0
2234,35.0,1.0,19.0,3.0,2,49.0,0.0,60.0,0,0,0
2235,39.0,1.0,19.0,5.0,0,49.0,2.0,40.0,0,1,0
2236,42.0,5.0,19.0,1.0,0,303.0,0.0,62.0,1,0,1
2237,79.0,1.0,22.0,1.0,0,49.0,1.0,40.0,1,1,1
2238,62.0,1.0,21.0,1.0,0,49.0,0.0,14.0,0,1,1
2239,43.0,1.0,22.0,1.0,0,49.0,0.0,40.0,1,1,1
2240,62.0,1.0,16.0,1.0,0,468.0,1.0,4.0,1,1,1
2241,35.0,1.0,17.0,1.0,4,49.0,0.0,40.0,1,1,0
2242,40.0,1.0,5.0,1.0,4,16.0,0.0,45.0,1,1,1
2243,60.0,1.0,23.0,5.0,2,49.0,0.0,40.0,0,1,0
2244,87.0,1.0,20.0,1.0,0,151.0,0.0,45.0,1,1,1
2245,34.0,5.0,22.0,1.0,0,49.0,1.0,40.0,0,1,1
2246,40.0,1.0,23.0,1.0,2,49.0,1.0,44.0,1,1,1
2247,22.0,7.0,19.0,5.0,1,20.0,5.0,20.0,0,1,0
2248,77.0,1.0,18.0,5.0,4,49.0,0.0,48.0,1,1,0
2249,26.0,1.0,19.0,1.0,-1,49.0,0.0,30.0,0,1,1
2250,24.0,1.0,16.0,5.0,4,30.0,0.0,40.0,1,1,0
2251,36.0,7.0,21.0,1.0,2,508.0,1.0,84.0,1,1,1
2252,39.0,1.0,22.0,3.0,1,51.0,0.0,25.0,0,1,1
2253,32.0,1.0,21.0,1.0,0,49.0,1.0,24.0,0,1,1
2254,39.0,1.0,21.0,1.0,0,49.0,0.0,48.0,1,0,1
2255,35.0,1.0,16.0,1.0,3,49.0,1.0,35.0,1,1,0
2256,61.0,1.0,21.0,1.0,0,203.0,1.0,40.0,0,1,0
2257,26.0,3.0,19.0,1.0,0,49.0,1.0,40.0,1,1,1
2258,26.0,1.0,18.0,5.0,2,16.0,12.0,40.0,0,0,0
2259,67.0,1.0,16.0,3.0,0,49.0,0.0,37.0,0,1,1
2260,26.0,1.0,19.0,5.0,2,49.0,17.0,40.0,0,1,0
2261,34.0,1.0,21.0,1.0,3,49.0,0.0,53.0,1,1,0
2262,23.0,1.0,22.0,4.0,0,8.0,0.0,20.0,1,1,1
2263,25.0,2.0,21.0,3.0,0,37.0,0.0,14.0,0,1,1
2264,41.0,1.0,19.0,5.0,0,45.0,0.0,45.0,0,0,0
2265,45.0,1.0,19.0,1.0,1,49.0,1.0,20.0,1,1,1
2266,57.0,4.0,16.0,1.0,4,49.0,0.0,61.0,1,1,0
2267,41.0,1.0,19.0,5.0,1,49.0,2.0,40.0,0,1,0
2268,19.0,1.0,14.0,1.0,4,49.0,0.0,4.0,0,1,0
2269,68.0,4.0,3.0,5.0,1,49.0,0.0,40.0,1,1,1
2270,54.0,1.0,21.0,5.0,3,6.0,17.0,40.0,1,1,0
2271,21.0,1.0,19.0,1.0,0,49.0,0.0,55.0,1,1,1
2272,63.0,1.0,19.0,1.0,2,49.0,0.0,53.0,1,1,0
2273,60.0,1.0,18.0,1.0,0,49.0,1.0,29.0,0,1,0
2274,47.0,1.0,19.0,1.0,3,49.0,0.0,40.0,1,1,0
2275,53.0,1.0,18.0,3.0,0,49.0,0.0,60.0,0,0,0
2276,54.0,1.0,22.0,1.0,0,49.0,0.0,20.0,1,0,1
2277,54.0,1.0,14.0,1.0,0,49.0,0.0,30.0,1,1,0
2278,57.0,1.0,21.0,1.0,2,49.0,1.0,40.0,1,1,0
2279,31.0,1.0,21.0,1.0,2,468.0,0.0,20.0,0,1,1
2280,25.0,1.0,21.0,1.0,2,49.0,1.0,20.0,0,1,0
2281,26.0,1.0,20.0,1.0,3,8.0,0.0,25.0,1,1,0
2282,36.0,1.0,16.0,5.0,0,370.0,2.0,38.0,1,0,0
2283,34.0,1.0,15.0,5.0,2,49.0,17.0,15.0,0,1,0
2284,24.0,1.0,16.0,3.0,0,49.0,0.0,40.0,0,1,1
2285,37.0,1.0,18.0,1.0,0,49.0,0.0,45.0,1,1,1
2286,18.0,1.0,18.0,5.0,0,341.0,0.0,3.0,0,1,0
2287,55.0,1.0,19.0,1.0,1,49.0,1.0,48.0,0,1,0
2288,30.0,1.0,19.0,3.0,1,49.0,0.0,60.0,1,1,1
2289,47.0,1.0,22.0,1.0,3,50.0,0.0,45.0,1,1,1
2290,92.0,1.0,22.0,5.0,2,49.0,7.0,40.0,1,1,0
2291,54.0,1.0,21.0,5.0,1,341.0,2.0,20.0,1,1,0
2292,74.0,6.0,19.0,3.0,1,49.0,0.0,40.0,0,1,0
2293,34.0,1.0,19.0,1.0,3,6.0,1.0,40.0,1,1,1
2294,78.0,1.0,16.0,1.0,2,49.0,0.0,60.0,0,1,1
2295,80.0,4.0,19.0,1.0,3,49.0,0.0,40.0,1,1,1
2296,22.0,6.0,16.0,1.0,1,303.0,1.0,35.0,1,1,1
2297,17.0,1.0,22.0,5.0,0,49.0,12.0,36.0,1,1,0
2298,41.0,7.0,16.0,5.0,1,329.0,17.0,25.0,1,1,0
2299,20.0,1.0,21.0,1.0,-1,50.0,1.0,40.0,0,1,1
2300,43.0,2.0,16.0,3.0,2,16.0,2.0,40.0,0,1,0
2301,44.0,6.0,19.0,1.0,0,214.0,0.0,14.0,0,1,1
2302,68.0,1.0,18.0,3.0,0,49.0,0.0,40.0,1,1,1
2303,35.0,2.0,21.0,5.0,2,468.0,12.0,40.0,1,1,0
2304,20.0,6.0,21.0,1.0,2,49.0,0.0,61.0,0,1,0
2305,30.0,1.0,19.0,1.0,0,214.0,0.0,20.0,1,1,1
2306,82.0,8.0,18.0,5.0,1,6.0,17.0,40.0,0,1,0
2307,22.0,6.0,16.0,5.0,2,23.0,0.0,40.0,0,1,0
2308,84.0,1.0,21.0,5.0,0,449.0,0.0,35.0,0,1,0
2309,27.0,1.0,18.0,1.0,4,49.0,1.0,40.0,0,1,0
2310,48.0,1.0,19.0,5.0,3,49.0,17.0,55.0,1,1,0
2311,40.0,1.0,18.0,5.0,2,49.0,7.0,25.0,0,1,0
2312,21.0,1.0,18.0,5.0,1,49.0,2.0,40.0,0,1,0
2313,51.0,1.0,6.0,1.0,2,49.0,0.0,45.0,0,1,1
2314,43.0,1.0,19.0,1.0,0,151.0,1.0,10.0,0,0,0
2315,20.0,1.0,16.0,5.0,3,341.0,3.0,60.0,1,1,0
2316,45.0,1.0,16.0,1.0,1,42.0,1.0,35.0,0,1,0
2317,17.0,1.0,21.0,3.0,0,49.0,2.0,40.0,1,1,1
2318,26.0,7.0,21.0,4.0,3,49.0,13.0,20.0,1,0,1
2319,45.0,1.0,21.0,1.0,4,329.0,5.0,30.0,1,1,1
2320,17.0,6.0,22.0,1.0,0,49.0,0.0,30.0,1,1,1
2321,18.0,1.0,19.0,5.0,1,49.0,2.0,20.0,1,1,0
2322,28.0,1.0,16.0,1.0,0,49.0,1.0,40.0,0,1,1
2323,22.0,7.0,14.0,1.0,0,49.0,0.0,20.0,0,1,0
2324,75.0,1.0,22.0,5.0,3,150.0,13.0,50.0,1,1,1
2325,73.0,1.0,23.0,1.0,0,16.0,0.0,75.0,0,1,1
2326,25.0,1.0,23.0,1.0,3,55.0,0.0,35.0,1,1,1
2327,30.0,5.0,19.0,1.0,4,49.0,0.0,50.0,0,0,1
2328,79.0,1.0,16.0,1.0,0,55.0,0.0,20.0,1,1,1
2329,18.0,1.0,16.0,5.0,2,49.0,7.0,84.0,1,1,0
2330,48.0,1.0,20.0,5.0,0,49.0,2.0,40.0,1,1,0
2331,28.0,1.0,5.0,3.0,3,49.0,0.0,40.0,1,1,1
2332,55.0,2.0,16.0,5.0,0,20.0,2.0,40.0,1,1,0
2333,18.0,1.0,21.0,5.0,0,49.0,2.0,19.0,1,1,0
2334,62.0,1.0,19.0,5.0,2,49.0,2.0,37.0,0,1,0
2335,31.0,1.0,19.0,1.0,2,49.0,1.0,40.0,0,1,0
2336,21.0,6.0,21.0,1.0,3,203.0,0.0,40.0,1,1,1
2337,53.0,1.0,10.0,1.0,2,50.0,0.0,45.0,1,1,0
2338,28.0,1.0,22.0,1.0,0,20.0,1.0,40.0,0,1,1
2339,40.0,1.0,19.0,1.0,0,49.0,0.0,60.0,0,1,1
2340,40.0,2.0,16.0,1.0,2,51.0,1.0,45.0,0,1,0
2341,26.0,1.0,16.0,1.0,4,49.0,0.0,40.0,1,1,0
2342,32.0,7.0,19.0,1.0,0,16.0,1.0,38.0,1,1,1
2343,55.0,2.0,21.0,5.0,4,49.0,15.0,60.0,1,1,0
2344,41.0,1.0,21.0,5.0,2,6.0,0.0,48.0,0,1,0
2345,67.0,1.0,21.0,1.0,0,150.0,1.0,40.0,0,1,0
2346,62.0,4.0,19.0,1.0,0,6.0,0.0,40.0,0,1,0
2347,61.0,1.0,16.0,1.0,2,49.0,1.0,3.0,0,1,0
2348,17.0,1.0,16.0,5.0,4,49.0,2.0,61.0,1,1,0
2349,47.0,1.0,21.0,5.0,2,160.0,2.0,40.0,1,1,1
2350,46.0,3.0,22.0,1.0,0,49.0,1.0,25.0,0,1,1
2351,62.0,3.0,16.0,1.0,0,6.0,1.0,40.0,0,0,0
2352,37.0,1.0,19.0,5.0,0,49.0,12.0,40.0,0,1,0
2353,39.0,5.0,22.0,1.0,0,49.0,0.0,10.0,1,0,1
2354,49.0,1.0,20.0,1.0,0,6.0,1.0,40.0,0,1,0
2355,62.0,4.0,21.0,1.0,0,49.0,0.0,45.0,1,0,1
2356,60.0,1.0,20.0,1.0,2,49.0,1.0,40.0,1,1,1
2357,78.0,1.0,18.0,5.0,1,16.0,2.0,40.0,0,1,0
2358,49.0,5.0,14.0,1.0,4,49.0,0.0,40.0,0,1,0
2359,44.0,6.0,16.0,5.0,0,49.0,2.0,40.0,1,1,0
2360,39.0,1.0,16.0,1.0,0,51.0,0.0,8.0,0,1,0
2361,30.0,2.0,5.0,5.0,1,49.0,7.0,20.0,0,1,1
2362,39.0,2.0,22.0,1.0,2,20.0,1.0,45.0,0,1,1
2363,26.0,7.0,20.0,1.0,1,49.0,1.0,12.0,0,1,0
2364,42.0,4.0,18.0,5.0,2,214.0,2.0,40.0,0,1,0
2365,21.0,1.0,23.0,1.0,0,20.0,0.0,40.0,0,1,0
2366,92.0,1.0,19.0,5.0,1,37.0,17.0,40.0,1,1,0
2367,32.0,1.0,20.0,5.0,1,8.0,17.0,40.0,0,1,0
2368,28.0,1.0,3.0,5.0,0,49.0,17.0,50.0,1,1,0
2369,40.0,5.0,19.0,1.0,0,49.0,0.0,20.0,1,1,1
2370,44.0,1.0,21.0,4.0,1,49.0,13.0,14.0,1,1,1
2371,40.0,1.0,19.0,5.0,0,49.0,2.0,40.0,0,0,0
2372,41.0,1.0,20.0,5.0,3,49.0,0.0,45.0,1,1,0
2373,34.0,1.0,16.0,5.0,1,49.0,7.0,40.0,1,1,0
2374,43.0,1.0,16.0,5.0,2,49.0,2.0,40.0,0,1,0
2375,31.0,1.0,21.0,1.0,1,49.0,0.0,30.0,1,1,1
2376,44.0,7.0,16.0,1.0,0,30.0,1.0,40.0,0,1,1
2377,21.0,1.0,24.0,1.0,-1,49.0,0.0,14.0,0,1,1
2378,38.0,1.0,6.0,1.0,0,49.0,1.0,40.0,0,1,1
2379,47.0,7.0,20.0,1.0,0,6.0,0.0,40.0,1,1,1
2380,41.0,1.0,21.0,1.0,2,508.0,1.0,35.0,0,1,0
2381,51.0,1.0,19.0,5.0,4,508.0,2.0,40.0,1,1,1
2382,28.0,1.0,19.0,1.0,1,203.0,0.0,12.0,1,1,1
2383,22.0,7.0,24.0,5.0,4,49.0,7.0,40.0,1,1,1
2384,84.0,1.0,14.0,5.0,1,49.0,0.0,45.0,0,1,0
2385,77.0,1.0,19.0,3.0,0,49.0,0.0,40.0,1,1,1
2386,39.0,7.0,19.0,1.0,2,49.0,1.0,55.0,0,1,1
2387,42.0,1.0,19.0,3.0,2,49.0,0.0,40.0,0,0,0
2388,34.0,1.0,14.0,5.0,2,49.0,0.0,40.0,0,1,0
2389,34.0,7.0,21.0,1.0,4,49.0,1.0,40.0,1,1,1
2390,68.0,6.0,20.0,5.0,2,49.0,2.0,40.0,0,1,0
2391,25.0,4.0,14.0,5.0,0,214.0,12.0,40.0,1,1,0
2392,60.0,7.0,17.0,1.0,0,51.0,0.0,40.0,1,1,1
2393,18.0,1.0,18.0,1.0,2,49.0,1.0,26.0,0,0,0
2394,51.0,1.0,15.0,1.0,4,468.0,0.0,45.0,1,1,0
2395,51.0,4.0,16.0,1.0,0,42.0,0.0,12.0,1,1,1
2396,25.0,1.0,19.0,1.0,3,49.0,0.0,60.0,1,1,0
2397,17.0,7.0,22.0,1.0,0,370.0,1.0,40.0,1,1,1
2398,50.0,1.0,19.0,1.0,0,49.0,1.0,40.0,1,1,1
2399,43.0,1.0,22.0,1.0,0,303.0,0.0,25.0,0,1,1
2400,65.0,1.0,20.0,3.0,1,49.0,0.0,50.0,0,1,0
2401,26.0,1.0,16.0,1.0,1,6.0,1.0,40.0,0,1,0
2402,62.0,4.0,19.0,1.0,0,49.0,1.0,40.0,1,1,1
2403,69.0,1.0,22.0,5.0,3,49.0,7.0,75.0,1,1,1
2404,68.0,1.0,19.0,1.0,3,49.0,1.0,36.0,1,1,1
2405,22.0,1.0,20.0,1.0,4,49.0,1.0,40.0,0,1,0
2406,64.0,1.0,16.0,5.0,1,49.0,0.0,40.0,0,1,0
2407,49.0,5.0,23.0,1.0,3,49.0,0.0,15.0,1,1,1
2408,31.0,1.0,19.0,5.0,2,49.0,2.0,48.0,0,0,0
2409,51.0,2.0,19.0,1.0,3,51.0,1.0,30.0,1,1,1
2410,68.0,3.0,16.0,1.0,1,49.0,1.0,25.0,0,1,0
2411,21.0,1.0,22.0,1.0,0,49.0,0.0,40.0,1,1,1
2412,55.0,5.0,22.0,5.0,1,323.0,0.0,30.0,1,1,1
2413,31.0,1.0,20.0,1.0,0,51.0,0.0,18.0,0,1,1
2414,52.0,6.0,19.0,5.0,0,49.0,2.0,50.0,0,1,0
2415,62.0,1.0,23.0,1.0,2,468.0,0.0,40.0,0,1,0
2416,26.0,1.0,21.0,1.0,0,49.0,1.0,30.0,0,1,1
2417,58.0,6.0,20.0,1.0,0,49.0,0.0,40.0,1,1,1
2418,42.0,1.0,18.0,1.0,2,49.0,1.0,40.0,0,1,0
2419,42.0,1.0,19.0,5.0,0,49.0,2.0,40.0,1,1,0
2420,55.0,1.0,10.0,5.0,0,49.0,2.0,15.0,0,1,0
2421,56.0,1.0,18.0,1.0,1,49.0,0.0,48.0,1,1,1
2422,23.0,1.0,16.0,1.0,0,442.0,0.0,31.0,1,1,1
2423,18.0,1.0,14.0,1.0,0,49.0,0.0,38.0,0,1,0
2424,37.0,1.0,21.0,1.0,3,49.0,1.0,25.0,1,0,1
2425,51.0,7.0,22.0,1.0,0,49.0,1.0,40.0,1,1,1
2426,65.0,1.0,19.0,1.0,0,49.0,1.0,15.0,1,1,1
2427,52.0,1.0,16.0,1.0,0,49.0,0.0,55.0,1,1,1
2428,53.0,2.0,21.0,1.0,0,49.0,1.0,32.0,1,1,1
2429,65.0,3.0,22.0,1.0,2,329.0,0.0,30.0,1,1,1
2430,54.0,1.0,18.0,1.0,2,508.0,1.0,40.0,0,1,0
2431,26.0,4.0,21.0,1.0,1,49.0,1.0,40.0,1,1,0
2432,29.0,2.0,24.0,1.0,0,51.0,0.0,37.0,1,1,1
2433,22.0,1.0,21.0,3.0,0,329.0,0.0,20.0,0,1,1
2434,59.0,6.0,20.0,1.0,0,6.0,0.0,40.0,1,1,1
2435,45.0,1.0,16.0,1.0,0,323.0,0.0,40.0,0,0,1
2436,68.0,1.0,16.0,1.0,0,323.0,0.0,3.0,0,1,1
2437,34.0,1.0,8.0,5.0,0,49.0,17.0,60.0,0,1,0
2438,40.0,1.0,22.0,1.0,0,214.0,1.0,55.0,1,1,0
2439,41.0,2.0,21.0,1.0,0,49.0,0.0,38.0,0,1,1
2440,51.0,1.0,16.0,1.0,0,49.0,1.0,40.0,0,1,1
2441,25.0,1.0,19.0,3.0,2,6.0,0.0,40.0,1,1,1
2442,78.0,1.0,16.0,1.0,4,49.0,1.0,40.0,1,1,0
2443,64.0,7.0,21.0,1.0,3,49.0,1.0,50.0,1,1,1
2444,44.0,1.0,19.0,1.0,0,49.0,0.0,20.0,1,1,1
2445,37.0,1.0,16.0,5.0,3,49.0,16.0,40.0,0,1,0
2446,79.0,1.0,22.0,1.0,2,468.0,0.0,4.0,0,1,0
2447,62.0,3.0,22.0,1.0,4,55.0,0.0,8.0,1,0,1
2448,50.0,1.0,19.0,1.0,1,203.0,1.0,50.0,1,1,0
2449,56.0,6.0,15.0,1.0,0,49.0,0.0,50.0,1,1,1
2450,69.0,1.0,16.0,1.0,4,49.0,17.0,30.0,0,1,0
2451,42.0,1.0,18.0,1.0,0,49.0,0.0,25.0,1,1,1
2452,77.0,1.0,21.0,1.0,0,49.0,0.0,50.0,0,0,1
2453,26.0,7.0,20.0,3.0,0,49.0,0.0,62.0,1,1,1
2454,40.0,5.0,19.0,1.0,0,508.0,1.0,40.0,0,1,0
2455,38.0,5.0,22.0,5.0,4,449.0,0.0,40.0,0,0,0
2456,42.0,1.0,19.0,1.0,2,49.0,0.0,45.0,0,1,0
2457,44.0,6.0,18.0,1.0,2,323.0,1.0,20.0,0,1,0
2458,21.0,1.0,16.0,5.0,1,49.0,0.0,20.0,0,1,0
2459,17.0,1.0,20.0,1.0,1,49.0,0.0,40.0,0,1,0
2460,18.0,3.0,19.0,5.0,0,8.0,12.0,40.0,0,0,0
2461,40.0,1.0,17.0,1.0,2,49.0,1.0,45.0,1,1,1
2462,56.0,1.0,13.0,1.0,2,150.0,1.0,20.0,0,1,0
2463,77.0,3.0,21.0,1.0,0,49.0,1.0,30.0,0,1,1
2464,61.0,1.0,22.0,1.0,2,49.0,0.0,40.0,1,1,1
2465,50.0,1.0,19.0,5.0,1,49.0,0.0,45.0,0,1,0
2466,56.0,2.0,3.0,1.0,0,49.0,0.0,12.0,1,1,1
2467,30.0,5.0,21.0,3.0,0,49.0,0.0,40.0,1,1,1
2468,28.0,1.0,16.0,1.0,0,49.0,1.0,20.0,0,1,1
2469,55.0,1.0,16.0,5.0,0,203.0,16.0,40.0,1,1,0
2470,51.0,4.0,5.0,1.0,0,6.0,0.0,4.0,0,1,1
2471,17.0,1.0,18.0,3.0,1,49.0,0.0,40.0,1,1,0
2472,62.0,5.0,18.0,1.0,4,49.0,0.0,40.0,1,1,1
2473,38.0,1.0,3.0,1.0,1,49.0,1.0,40.0,1,1,1
2474,25.0,1.0,21.0,1.0,4,49.0,1.0,40.0,1,1,0
2475,49.0,6.0,20.0,1.0,3,49.0,1.0,30.0,1,1,0
2476,18.0,1.0,21.0,1.0,-1,49.0,1.0,40.0,0,1,1
2477,77.0,1.0,19.0,5.0,1,49.0,12.0,39.0,0,1,1
2478,44.0,2.0,20.0,1.0,1,49.0,2.0,40.0,1,1,0
2479,50.0,1.0,18.0,1.0,0,49.0,0.0,45.0,0,1,1
2480,39.0,1.0,18.0,1.0,1,6.0,0.0,40.0,1,1,1
2481,23.0,1.0,19.0,5.0,2,214.0,2.0,40.0,0,1,0
2482,31.0,1.0,19.0,1.0,0,49.0,0.0,32.0,0,1,0
2483,41.0,1.0,18.0,1.0,0,16.0,0.0,40.0,1,1,1
2484,78.0,4.0,23.0,1.0,2,449.0,10.0,40.0,0,1,0
2485,68.0,4.0,16.0,1.0,0,49.0,1.0,30.0,1,1,0
2486,17.0,1.0,17.0,1.0,0,203.0,0.0,40.0,1,1,1
2487,20.0,4.0,18.0,1.0,4,49.0,0.0,40.0,1,1,0
2488,17.0,1.0,22.0,1.0,0,323.0,1.0,8.0,1,1,1
2489,28.0,2.0,16.0,1.0,2,214.0,1.0,50.0,1,1,1
2490,49.0,1.0,21.0,1.0,3,20.0,0.0,45.0,1,1,1
2491,21.0,1.0,18.0,1.0,0,214.0,1.0,40.0,0,1,1
2492,46.0,1.0,22.0,1.0,3,49.0,0.0,40.0,1,1,1
2493,55.0,1.0,16.0,1.0,2,49.0,1.0,37.0,0,1,0
2494,30.0,1.0,20.0,1.0,0,20.0,0.0,20.0,1,1,1
2495,22.0,2.0,16.0,1.0,0,449.0,1.0,30.0,1,1,1
2496,26.0,3.0,17.0,1.0,0,49.0,0.0,40.0,1,1,1
2497,21.0,1.0,18.0,1.0,0,45.0,0.0,40.0,0,1,0
2498,20.0,1.0,16.0,1.0,2,49.0,0.0,38.0,0,1,0
2499,32.0,1.0,16.0,5.0,1,49.0,0.0,30.0,0,1,0
2500,46.0,7.0,16.0,1.0,4,49.0,0.0,15.0,1,0,1
2501,35.0,2.0,19.0,1.0,1,49.0,0.0,40.0,0,1,0
2502,23.0,1.0,16.0,1.0,3,49.0,0.0,50.0,1,1,0
2503,60.0,3.0,16.0,1.0,2,49.0,0.0,24.0,0,1,0
2504,39.0,1.0,21.0,5.0,0,214.0,2.0,60.0,0,0,0
2505,46.0,7.0,21.0,5.0,3,6.0,0.0,40.0,1,1,1
2506,30.0,4.0,19.0,5.0,4,150.0,2.0,45.0,1,1,1
2507,41.0,4.0,21.0,1.0,1,48.0,1.0,40.0,0,1,0
2508,42.0,1.0,10.0,1.0,1,51.0,8.0,30.0,1,1,0
2509,27.0,1.0,16.0,1.0,0,49.0,1.0,68.0,0,1,0
2510,17.0,1.0,16.0,1.0,0,6.0,0.0,60.0,0,1,1
2511,68.0,1.0,19.0,1.0,0,151.0,0.0,45.0,0,1,0
2512,20.0,1.0,14.0,5.0,1,16.0,2.0,30.0,0,1,0
2513,43.0,4.0,19.0,5.0,4,49.0,2.0,35.0,1,1,0
2514,19.0,1.0,19.0,5.0,1,49.0,2.0,40.0,1,0,0
2515,20.0,1.0,24.0,1.0,0,49.0,0.0,40.0,1,1,1
2516,44.0,1.0,19.0,3.0,2,49.0,0.0,20.0,1,1,0
2517,27.0,1.0,16.0,1.0,1,341.0,0.0,40.0,1,0,1
2518,26.0,4.0,19.0,1.0,0,214.0,0.0,30.0,0,1,0
2519,57.0,1.0,16.0,1.0,2,49.0,1.0,40.0,0,1,0
2520,34.0,2.0,16.0,1.0,0,49.0,0.0,8.0,0,1,1
2521,68.0,1.0,14.0,5.0,1,49.0,2.0,40.0,0,1,0
2522,28.0,6.0,18.0,1.0,0,370.0,0.0,30.0,1,1,0
2523,33.0,1.0,16.0,1.0,4,49.0,1.0,53.0,1,1,0
2524,34.0,5.0,5.0,3.0,1,329.0,2.0,45.0,1,1,1
2525,21.0,1.0,19.0,4.0,0,303.0,0.0,38.0,1,1,1
2526,64.0,1.0,19.0,5.0,1,49.0,2.0,50.0,0,1,0
2527,62.0,1.0,19.0,5.0,0,51.0,0.0,48.0,0,1,0
2528,35.0,1.0,20.0,1.0,4,49.0,1.0,40.0,0,1,0
2529,87.0,1.0,16.0,3.0,2,49.0,0.0,50.0,0,1,0
2530,21.0,1.0,19.0,5.0,2,48.0,17.0,40.0,0,1,0
2531,26.0,1.0,20.0,1.0,2,49.0,1.0,42.0,0,1,0
2532,61.0,4.0,19.0,1.0,1,42.0,0.0,50.0,0,1,0
2533,34.0,4.0,20.0,5.0,0,49.0,13.0,12.0,1,1,1
2534,24.0,2.0,19.0,5.0,2,23.0,2.0,20.0,0,1,0
2535,41.0,1.0,19.0,5.0,2,48.0,2.0,25.0,0,0,0
2536,52.0,1.0,18.0,1.0,3,49.0,1.0,50.0,1,1,1
2537,21.0,6.0,16.0,1.0,2,323.0,0.0,35.0,1,1,0
2538,68.0,1.0,16.0,5.0,0,329.0,17.0,30.0,0,1,0
2539,37.0,1.0,7.0,5.0,0,49.0,0.0,20.0,1,1,1
2540,69.0,1.0,18.0,5.0,0,329.0,0.0,35.0,1,1,0
2541,44.0,1.0,19.0,1.0,0,16.0,1.0,68.0,0,1,0
2542,45.0,1.0,16.0,5.0,0,323.0,7.0,40.0,0,1,0
2543,58.0,1.0,16.0,5.0,2,49.0,7.0,45.0,0,1,1
2544,52.0,1.0,14.0,1.0,4,48.0,17.0,40.0,1,1,0
2545,20.0,1.0,16.0,1.0,2,150.0,0.0,14.0,1,1,1
2546,58.0,1.0,21.0,1.0,0,49.0,1.0,50.0,0,1,1
2547,34.0,6.0,22.0,3.0,2,49.0,0.0,61.0,1,1,1
2548,65.0,1.0,19.0,1.0,2,150.0,9.0,14.0,0,1,0
2549,34.0,2.0,16.0,5.0,2,49.0,2.0,40.0,0,1,0
2550,17.0,1.0,16.0,1.0,0,370.0,0.0,8.0,0,1,0
2551,57.0,1.0,18.0,1.0,4,49.0,0.0,40.0,1,0,0
2552,55.0,1.0,16.0,1.0,1,49.0,9.0,55.0,0,1,0
2553,30.0,1.0,21.0,5.0,3,49.0,0.0,25.0,1,1,0
2554,39.0,7.0,22.0,1.0,0,49.0,1.0,62.0,1,1,1
2555,36.0,1.0,20.0,5.0,0,160.0,2.0,20.0,1,1,0
2556,37.0,7.0,20.0,5.0,5,468.0,15.0,60.0,0,0,0
2557,48.0,1.0,16.0,1.0,0,49.0,0.0,20.0,1,1,1
2558,82.0,1.0,19.0,1.0,2,49.0,5.0,40.0,0,1,0
2559,21.0,1.0,16.0,1.0,3,51.0,0.0,68.0,1,1,1
2560,47.0,4.0,19.0,5.0,5,49.0,2.0,40.0,0,1,0
2561,75.0,1.0,3.0,1.0,1,49.0,1.0,53.0,0,1,0
2562,42.0,3.0,16.0,1.0,0,49.0,0.0,40.0,0,1,0
2563,58.0,1.0,23.0,3.0,1,49.0,0.0,40.0,0,1,0
2564,35.0,6.0,17.0,1.0,0,6.0,0.0,40.0,0,1,1
2565,18.0,1.0,21.0,1.0,0,370.0,1.0,45.0,1,1,1
2566,18.0,1.0,19.0,1.0,0,508.0,1.0,4.0,0,1,0
2567,18.0,5.0,21.0,1.0,2,49.0,0.0,15.0,0,1,1
2568,41.0,1.0,3.0,1.0,2,49.0,0.0,36.0,1,1,1
2569,31.0,1.0,16.0,5.0,2,49.0,15.0,55.0,1,1,0
2570,23.0,1.0,18.0,5.0,2,6.0,2.0,39.0,1,1,0
2571,55.0,1.0,19.0,1.0,2,49.0,9.0,20.0,0,1,0
2572,62.0,1.0,16.0,1.0,1,6.0,8.0,55.0,1,1,0
2573,56.0,2.0,20.0,5.0,2,203.0,7.0,40.0,0,1,0
2574,54.0,4.0,16.0,5.0,3,150.0,2.0,45.0,1,1,0
2575,53.0,2.0,22.0,2.0,0,49.0,1.0,20.0,1,1,1
2576,41.0,1.0,21.0,1.0,3,49.0,1.0,20.0,1,1,1
2577,21.0,3.0,21.0,1.0,0,49.0,1.0,8.0,0,1,1
2578,64.0,1.0,22.0,1.0,5,49.0,1.0,50.0,0,1,0
2579,69.0,1.0,18.0,1.0,1,303.0,1.0,40.0,1,1,0
2580,18.0,1.0,16.0,1.0,3,49.0,0.0,15.0,1,1,1
2581,60.0,2.0,20.0,1.0,0,49.0,0.0,45.0,0,1,0
2582,56.0,6.0,18.0,1.0,0,150.0,1.0,42.0,0,1,0
2583,80.0,1.0,16.0,1.0,1,49.0,0.0,40.0,0,1,0
2584,27.0,1.0,19.0,3.0,2,151.0,2.0,40.0,1,1,0
2585,82.0,7.0,21.0,1.0,0,49.0,1.0,50.0,1,1,1
2586,28.0,1.0,19.0,1.0,0,49.0,1.0,40.0,1,1,1
2587,57.0,1.0,18.0,1.0,3,48.0,0.0,68.0,1,1,0
2588,36.0,1.0,18.0,3.0,3,42.0,0.0,10.0,1,1,0
2589,62.0,3.0,21.0,5.0,0,49.0,12.0,42.0,0,0,0
2590,23.0,7.0,21.0,3.0,5,449.0,0.0,50.0,0,1,0
2591,45.0,1.0,19.0,5.0,2,49.0,2.0,30.0,0,1,0
2592,34.0,1.0,16.0,4.0,0,49.0,0.0,24.0,1,0,1
2593,30.0,8.0,16.0,1.0,1,49.0,0.0,50.0,0,1,0
2594,60.0,7.0,6.0,5.0,2,51.0,0.0,40.0,0,1,1
2595,23.0,1.0,21.0,1.0,0,49.0,0.0,45.0,0,1,1
2596,25.0,1.0,19.0,5.0,2,37.0,2.0,30.0,0,1,0
2597,56.0,1.0,16.0,5.0,3,49.0,0.0,40.0,1,1,0
2598,20.0,1.0,21.0,5.0,0,51.0,2.0,20.0,0,1,0
2599,26.0,4.0,22.0,1.0,0,49.0,1.0,40.0,1,1,1
2600,49.0,6.0,16.0,1.0,2,150.0,1.0,40.0,0,1,0
2601,61.0,1.0,21.0,1.0,0,6.0,1.0,14.0,0,1,1
2602,25.0,1.0,21.0,1.0,0,49.0,0.0,40.0,1,0,1
2603,53.0,5.0,17.0,5.0,2,49.0,2.0,60.0,0,1,0
2604,39.0,1.0,20.0,1.0,0,468.0,1.0,25.0,1,1,1
2605,79.0,7.0,21.0,1.0,4,303.0,0.0,40.0,1,1,1
2606,44.0,1.0,18.0,1.0,0,50.0,0.0,50.0,1,1,0
2607,84.0,2.0,16.0,1.0,0,6.0,1.0,3.0,0,1,1
2608,84.0,1.0,16.0,5.0,1,49.0,7.0,25.0,1,1,0
2609,26.0,1.0,20.0,5.0,2,451.0,0.0,25.0,0,1,0
2610,43.0,1.0,16.0,1.0,4,49.0,0.0,40.0,1,1,1
2611,18.0,1.0,8.0,5.0,3,49.0,2.0,96.0,1,1,0
2612,28.0,1.0,18.0,1.0,0,6.0,0.0,18.0,1,1,1
2613,53.0,1.0,21.0,5.0,2,49.0,2.0,40.0,0,1,0
2614,21.0,1.0,16.0,1.0,0,150.0,1.0,30.0,0,1,0
2615,79.0,1.0,21.0,1.0,0,49.0,0.0,40.0,1,0,1
2616,37.0,1.0,21.0,1.0,0,6.0,1.0,40.0,1,1,1
2617,41.0,1.0,16.0,5.0,2,49.0,2.0,40.0,0,1,0
2618,51.0,1.0,19.0,1.0,2,49.0,0.0,84.0,1,1,1
2619,62.0,1.0,16.0,5.0,1,49.0,8.0,25.0,0,0,0
2620,34.0,6.0,19.0,1.0,4,49.0,1.0,10.0,1,1,0
2621,53.0,6.0,19.0,3.0,0,49.0,0.0,24.0,1,1,0
2622,51.0,5.0,15.0,5.0,1,48.0,2.0,40.0,0,0,0
2623,61.0,1.0,19.0,1.0,0,214.0,0.0,30.0,0,1,0
2624,69.0,1.0,19.0,5.0,1,49.0,17.0,40.0,1,1,0
2625,56.0,1.0,21.0,1.0,0,49.0,1.0,40.0,1,1,1
2626,30.0,1.0,16.0,1.0,2,8.0,1.0,40.0,1,1,0
2627,40.0,7.0,16.0,5.0,0,49.0,17.0,45.0,0,1,0
2628,47.0,1.0,16.0,1.0,4,49.0,0.0,40.0,0,1,0
2629,39.0,1.0,21.0,1.0,0,49.0,1.0,45.0,1,1,1
2630,24.0,1.0,21.0,1.0,0,449.0,0.0,50.0,0,1,1
2631,35.0,1.0,16.0,3.0,1,449.0,0.0,40.0,1,1,0
2632,18.0,1.0,19.0,3.0,2,49.0,0.0,50.0,0,1,0
2633,22.0,1.0,10.0,1.0,1,508.0,1.0,20.0,1,1,0
2634,56.0,2.0,19.0,1.0,0,203.0,1.0,40.0,1,1,1
2635,75.0,1.0,16.0,1.0,2,49.0,1.0,15.0,0,1,0
2636,69.0,1.0,19.0,5.0,0,6.0,2.0,40.0,0,1,0
2637,75.0,1.0,19.0,1.0,0,6.0,1.0,20.0,0,1,1
2638,26.0,1.0,16.0,5.0,0,49.0,7.0,40.0,0,1,0
2639,44.0,3.0,19.0,5.0,1,51.0,2.0,40.0,1,0,0
2640,51.0,7.0,21.0,1.0,0,6.0,13.0,40.0,1,1,1
2641,68.0,4.0,18.0,5.0,4,49.0,2.0,40.0,0,1,0
2642,44.0,6.0,23.0,5.0,0,49.0,0.0,40.0,0,1,1
2643,42.0,1.0,19.0,1.0,2,323.0,0.0,40.0,0,1,0
2644,22.0,6.0,16.0,5.0,0,49.0,7.0,40.0,0,1,0
2645,59.0,1.0,3.0,1.0,0,49.0,1.0,40.0,1,1,1
2646,49.0,1.0,21.0,1.0,4,341.0,0.0,24.0,0,1,1
2647,35.0,1.0,19.0,5.0,1,49.0,2.0,18.0,1,1,0
2648,25.0,1.0,21.0,1.0,3,49.0,1.0,40.0,1,1,1
2649,24.0,6.0,3.0,1.0,3,49.0,1.0,45.0,1,1,0
2650,27.0,7.0,19.0,5.0,2,49.0,2.0,60.0,0,1,0
2651,73.0,4.0,17.0,5.0,1,49.0,0.0,45.0,1,1,1
2652,29.0,1.0,18.0,1.0,3,49.0,0.0,15.0,1,1,0
2653,28.0,4.0,22.0,1.0,0,49.0,0.0,30.0,0,1,1
2654,45.0,3.0,16.0,3.0,2,49.0,10.0,20.0,1,1,0
2655,56.0,4.0,18.0,5.0,3,214.0,3.0,40.0,1,1,0
2656,68.0,1.0,22.0,1.0,1,49.0,0.0,50.0,1,1,1
2657,32.0,1.0,19.0,1.0,0,214.0,1.0,40.0,0,1,1
2658,44.0,1.0,18.0,1.0,-1,49.0,0.0,55.0,0,1,1
2659,26.0,2.0,16.0,5.0,0,214.0,7.0,50.0,0,1,1
2660,54.0,1.0,21.0,1.0,2,303.0,0.0,40.0,0,1,1
2661,22.0,1.0,22.0,1.0,0,49.0,0.0,45.0,1,1,1
2662,27.0,1.0,16.0,1.0,2,49.0,0.0,40.0,0,1,0
2663,79.0,1.0,21.0,1.0,2,49.0,5.0,40.0,1,1,0
2664,19.0,2.0,19.0,5.0,2,49.0,0.0,40.0,1,1,0
2665,18.0,1.0,21.0,1.0,0,49.0,1.0,4.0,1,1,1
2666,37.0,1.0,14.0,1.0,4,49.0,0.0,30.0,1,1,0
2667,47.0,1.0,21.0,1.0,0,49.0,0.0,14.0,1,1,1
2668,40.0,1.0,19.0,1.0,0,329.0,10.0,40.0,0,1,0
2669,62.0,6.0,19.0,5.0,4,49.0,2.0,40.0,1,1,0
2670,54.0,1.0,22.0,1.0,0,49.0,0.0,40.0,1,1,1
2671,39.0,1.0,21.0,1.0,0,49.0,1.0,40.0,1,1,1
2672,54.0,5.0,16.0,1.0,0,468.0,1.0,40.0,1,0,1
2673,26.0,1.0,21.0,5.0,3,50.0,2.0,10.0,1,1,0
2674,24.0,1.0,13.0,5.0,2,323.0,0.0,40.0,0,1,0
2675,82.0,6.0,19.0,5.0,1,323.0,2.0,40.0,1,1,0
2676,55.0,1.0,21.0,3.0,3,49.0,2.0,12.0,1,1,1
2677,28.0,1.0,21.0,5.0,2,6.0,17.0,40.0,0,1,0
2678,68.0,1.0,16.0,5.0,3,49.0,12.0,40.0,1,1,0
2679,64.0,1.0,19.0,1.0,1,8.0,1.0,14.0,0,1,0
2680,57.0,1.0,21.0,5.0,2,329.0,3.0,14.0,1,0,0
2681,18.0,4.0,16.0,5.0,2,49.0,0.0,96.0,0,1,0
2682,49.0,7.0,19.0,1.0,4,6.0,0.0,55.0,1,1,0
2683,25.0,1.0,23.0,1.0,0,303.0,1.0,40.0,0,0,1
2684,44.0,2.0,19.0,5.0,1,49.0,2.0,4.0,0,1,0
2685,18.0,1.0,20.0,1.0,0,214.0,1.0,40.0,0,1,1
2686,82.0,1.0,3.0,1.0,1,49.0,6.0,20.0,0,1,1
2687,64.0,1.0,16.0,5.0,1,49.0,2.0,40.0,0,1,0
2688,51.0,1.0,21.0,1.0,0,6.0,1.0,45.0,0,0,1
2689,62.0,6.0,15.0,1.0,2,49.0,1.0,48.0,1,1,0
2690,46.0,1.0,20.0,1.0,2,49.0,1.0,40.0,0,1,0
2691,68.0,1.0,19.0,3.0,-1,51.0,0.0,12.0,0,1,1
2692,74.0,1.0,22.0,1.0,2,49.0,1.0,48.0,1,1,1
2693,23.0,1.0,6.0,1.0,0,6.0,1.0,20.0,1,1,1
2694,18.0,1.0,22.0,1.0,0,49.0,0.0,50.0,1,1,1
2695,36.0,1.0,18.0,5.0,3,49.0,12.0,25.0,1,1,0
2696,36.0,1.0,16.0,1.0,0,49.0,1.0,24.0,0,1,1
2697,34.0,1.0,18.0,1.0,2,303.0,1.0,40.0,1,1,1
2698,51.0,6.0,19.0,5.0,1,51.0,2.0,40.0,0,1,0
2699,40.0,4.0,23.0,1.0,0,49.0,1.0,20.0,1,1,1
2700,30.0,1.0,10.0,5.0,1,303.0,16.0,50.0,1,1,0
2701,30.0,6.0,19.0,1.0,4,49.0,1.0,15.0,1,1,1
2702,64.0,3.0,16.0,1.0,0,49.0,1.0,40.0,1,1,1
2703,20.0,1.0,16.0,3.0,1,49.0,2.0,40.0,0,1,0
2704,18.0,1.0,19.0,1.0,0,49.0,1.0,40.0,1,1,1
2705,87.0,1.0,19.0,1.0,0,49.0,1.0,40.0,1,1,1
2706,50.0,7.0,19.0,1.0,1,6.0,0.0,40.0,0,1,0
2707,40.0,1.0,16.0,1.0,0,449.0,0.0,60.0,0,1,1
2708,28.0,1.0,5.0,1.0,3,49.0,1.0,50.0,1,1,1
2709,48.0,5.0,18.0,1.0,4,49.0,0.0,40.0,1,1,1
2710,24.0,1.0,20.0,1.0,0,49.0,0.0,20.0,1,1,1
2711,42.0,1.0,21.0,5.0,4,508.0,15.0,25.0,1,1,0
2712,25.0,1.0,23.0,1.0,0,49.0,0.0,40.0,1,1,1
2713,32.0,1.0,18.0,5.0,0,49.0,16.0,30.0,0,1,0
2714,68.0,1.0,22.0,1.0,4,49.0,1.0,30.0,1,1,1
2715,22.0,7.0,23.0,1.0,4,370.0,1.0,29.0,0,1,1
2716,55.0,5.0,16.0,3.0,-1,150.0,2.0,40.0,0,0,1
2717,45.0,1.0,5.0,1.0,2,49.0,0.0,36.0,0,1,1
2718,84.0,1.0,20.0,1.0,2,49.0,1.0,61.0,1,1,1
2719,75.0,5.0,3.0,1.0,3,49.0,1.0,36.0,1,1,0
2720,62.0,1.0,19.0,1.0,0,49.0,1.0,20.0,1,1,1
2721,18.0,1.0,21.0,1.0,0,303.0,1.0,50.0,1,0,1
2722,69.0,7.0,21.0,3.0,2,49.0,0.0,55.0,0,1,0
2723,38.0,1.0,19.0,1.0,0,49.0,5.0,20.0,1,0,1
2724,36.0,1.0,22.0,5.0,1,49.0,2.0,62.0,1,0,0
2725,44.0,1.0,22.0,1.0,2,451.0,0.0,50.0,0,1,1
2726,21.0,3.0,19.0,5.0,2,329.0,2.0,50.0,0,1,0
2727,40.0,2.0,19.0,1.0,0,49.0,1.0,20.0,1,1,1
2728,69.0,1.0,18.0,5.0,2,6.0,12.0,35.0,0,0,0
2729,52.0,1.0,19.0,5.0,0,49.0,3.0,40.0,0,1,0
2730,38.0,1.0,14.0,5.0,1,150.0,0.0,40.0,1,1,0
2731,37.0,2.0,19.0,1.0,2,49.0,1.0,40.0,0,1,0
2732,43.0,2.0,18.0,5.0,0,49.0,12.0,40.0,1,1,0
2733,25.0,1.0,16.0,1.0,1,8.0,0.0,45.0,0,1,0
2734,61.0,1.0,16.0,5.0,4,49.0,2.0,35.0,1,1,0
2735,51.0,1.0,20.0,1.0,1,49.0,0.0,40.0,1,1,0
2736,42.0,1.0,19.0,1.0,2,49.0,0.0,38.0,0,1,1
2737,48.0,2.0,20.0,5.0,1,341.0,3.0,40.0,1,0,0
2738,26.0,3.0,19.0,1.0,0,49.0,0.0,50.0,1,1,1
2739,59.0,1.0,14.0,1.0,2,8.0,1.0,40.0,0,1,0
2740,44.0,1.0,16.0,1.0,1,49.0,1.0,25.0,0,1,0
2741,37.0,5.0,16.0,1.0,2,468.0,1.0,40.0,0,1,1
2742,87.0,7.0,20.0,1.0,2,49.0,1.0,12.0,1,1,1
2743,68.0,4.0,21.0,1.0,0,49.0,0.0,50.0,1,1,1
2744,82.0,6.0,18.0,5.0,1,49.0,12.0,45.0,0,1,0
2745,30.0,1.0,16.0,1.0,4,214.0,0.0,29.0,1,0,0
2746,32.0,1.0,16.0,1.0,1,49.0,1.0,25.0,0,1,0
2747,42.0,7.0,19.0,1.0,4,49.0,1.0,68.0,1,1,0
2748,28.0,1.0,21.0,1.0,2,49.0,0.0,8.0,1,1,1
2749,26.0,1.0,17.0,5.0,3,6.0,7.0,55.0,1,1,1
2750,35.0,1.0,18.0,5.0,1,49.0,17.0,25.0,1,1,0
2751,17.0,1.0,19.0,1.0,0,8.0,1.0,40.0,0,1,0
2752,35.0,1.0,16.0,3.0,1,6.0,0.0,36.0,0,0,1
2753,44.0,5.0,16.0,1.0,0,214.0,1.0,25.0,0,1,1
2754,22.0,1.0,16.0,3.0,0,303.0,0.0,40.0,1,0,1
2755,27.0,1.0,19.0,1.0,1,49.0,1.0,40.0,1,1,0
2756,36.0,7.0,19.0,5.0,4,49.0,2.0,4.0,1,1,0
2757,23.0,6.0,21.0,1.0,0,49.0,0.0,40.0,1,1,1
2758,29.0,2.0,18.0,1.0,0,49.0,1.0,40.0,0,1,1
2759,30.0,1.0,16.0,1.0,0,49.0,1.0,39.0,1,1,1
2760,24.0,4.0,13.0,3.0,2,49.0,0.0,53.0,0,0,0
2761,40.0,1.0,22.0,1.0,0,468.0,1.0,30.0,0,1,1
2762,23.0,7.0,16.0,1.0,0,329.0,0.0,25.0,1,1,1
2763,44.0,1.0,17.0,4.0,0,49.0,13.0,40.0,1,0,1
2764,19.0,1.0,18.0,5.0,3,49.0,2.0,40.0,1,1,0
2765,55.0,4.0,16.0,1.0,2,49.0,1.0,50.0,0,1,0
2766,69.0,1.0,16.0,2.0,2,203.0,2.0,45.0,0,1,1
2767,26.0,4.0,19.0,1.0,2,150.0,1.0,40.0,0,1,0
2768,56.0,4.0,24.0,1.0,3,49.0,0.0,40.0,1,1,1
2769,19.0,1.0,21.0,1.0,2,49.0,1.0,45.0,0,1,0
2770,52.0,1.0,13.0,1.0,2,8.0,1.0,40.0,0,1,0
2771,28.0,1.0,19.0,1.0,2,8.0,0.0,62.0,0,1,0
2772,35.0,1.0,19.0,5.0,2,6.0,2.0,40.0,0,1,0
2773,40.0,1.0,18.0,4.0,0,449.0,0.0,40.0,1,0,1
2774,50.0,3.0,22.0,1.0,0,49.0,1.0,20.0,1,1,1
2775,25.0,4.0,22.0,1.0,4,48.0,1.0,60.0,1,1,1
2776,28.0,7.0,21.0,5.0,2,49.0,7.0,40.0,0,1,1
2777,47.0,1.0,21.0,5.0,2,508.0,0.0,40.0,1,1,0
2778,17.0,1.0,21.0,1.0,2,49.0,0.0,60.0,1,1,1
2779,44.0,5.0,21.0,1.0,0,49.0,1.0,45.0,1,1,1
2780,34.0,1.0,21.0,1.0,0,323.0,0.0,20.0,1,1,1
2781,18.0,5.0,18.0,5.0,2,6.0,2.0,40.0,0,0,0
2782,52.0,4.0,22.0,4.0,1,49.0,0.0,30.0,1,0,1
2783,53.0,6.0,21.0,3.0,0,449.0,2.0,40.0,0,1,0
2784,52.0,1.0,21.0,1.0,0,16.0,0.0,50.0,1,1,1
2785,73.0,2.0,16.0,1.0,2,49.0,1.0,37.0,0,1,0
2786,40.0,1.0,19.0,5.0,1,6.0,2.0,40.0,1,1,0
2787,21.0,1.0,15.0,2.0,2,49.0,10.0,50.0,0,1,0
2788,23.0,1.0,16.0,5.0,3,508.0,17.0,40.0,1,1,0
2789,43.0,7.0,16.0,1.0,4,49.0,0.0,40.0,1,1,1
2790,54.0,1.0,21.0,1.0,0,49.0,1.0,18.0,1,1,0
2791,35.0,1.0,19.0,5.0,4,49.0,8.0,68.0,1,1,0
2792,18.0,1.0,16.0,1.0,3,329.0,0.0,40.0,1,1,0
2793,79.0,1.0,19.0,5.0,4,6.0,17.0,20.0,0,1,0
2794,38.0,4.0,20.0,1.0,0,303.0,0.0,40.0,1,1,1
2795,82.0,1.0,21.0,1.0,1,20.0,1.0,14.0,1,1,1
2796,82.0,1.0,18.0,1.0,1,49.0,1.0,19.0,0,1,1
2797,74.0,1.0,10.0,1.0,1,449.0,1.0,14.0,0,1,0
2798,48.0,1.0,16.0,1.0,1,49.0,0.0,35.0,0,1,0
2799,23.0,1.0,20.0,1.0,3,370.0,1.0,40.0,1,1,0
2800,56.0,1.0,19.0,1.0,0,49.0,0.0,39.0,0,1,0
2801,20.0,3.0,21.0,1.0,0,6.0,0.0,30.0,1,0,1
2802,32.0,1.0,19.0,1.0,0,49.0,1.0,20.0,1,1,1
2803,26.0,1.0,18.0,1.0,4,49.0,10.0,30.0,1,1,0
2804,43.0,1.0,21.0,1.0,3,150.0,10.0,40.0,1,1,0
2805,56.0,1.0,21.0,3.0,0,49.0,0.0,45.0,1,1,1
2806,23.0,3.0,17.0,1.0,0,214.0,1.0,36.0,0,1,1
2807,30.0,1.0,18.0,1.0,0,49.0,0.0,20.0,1,1,0
2808,68.0,1.0,16.0,1.0,0,49.0,1.0,40.0,0,0,1
2809,64.0,1.0,22.0,1.0,2,49.0,0.0,20.0,0,1,1
2810,24.0,1.0,16.0,1.0,4,16.0,0.0,40.0,1,1,0
2811,44.0,1.0,15.0,5.0,1,6.0,17.0,55.0,1,1,0
2812,47.0,1.0,14.0,1.0,2,150.0,9.0,20.0,0,1,0
2813,37.0,1.0,18.0,1.0,2,49.0,0.0,91.0,0,1,0
2814,49.0,1.0,7.0,1.0,0,49.0,1.0,40.0,0,0,1
2815,22.0,1.0,21.0,5.0,0,49.0,12.0,40.0,0,1,0
2816,65.0,1.0,10.0,5.0,1,49.0,12.0,40.0,0,1,0
2817,19.0,1.0,18.0,5.0,0,42.0,13.0,38.0,1,1,1
2818,30.0,1.0,21.0,5.0,3,51.0,2.0,40.0,1,1,0
2819,30.0,1.0,21.0,1.0,0,49.0,1.0,40.0,1,1,1
2820,41.0,1.0,17.0,1.0,2,6.0,0.0,20.0,1,1,1
2821,55.0,1.0,20.0,5.0,3,49.0,0.0,40.0,1,1,1
2822,24.0,4.0,23.0,5.0,0,16.0,13.0,37.0,1,1,1
2823,26.0,6.0,19.0,5.0,0,49.0,12.0,40.0,0,1,0
2824,21.0,2.0,21.0,1.0,0,20.0,1.0,40.0,0,1,1
2825,54.0,7.0,19.0,2.0,4,323.0,6.0,32.0,1,1,1
2826,27.0,1.0,16.0,1.0,2,203.0,0.0,68.0,1,1,1
2827,20.0,6.0,19.0,5.0,0,49.0,0.0,40.0,1,1,0
2828,20.0,3.0,20.0,3.0,2,49.0,0.0,40.0,0,0,0
2829,21.0,3.0,21.0,1.0,1,51.0,1.0,40.0,1,1,0
2830,26.0,1.0,19.0,1.0,2,49.0,0.0,40.0,0,0,0
2831,21.0,1.0,5.0,1.0,0,49.0,0.0,30.0,1,1,1
2832,58.0,1.0,16.0,1.0,2,468.0,1.0,50.0,1,1,1
2833,41.0,3.0,16.0,1.0,3,49.0,1.0,48.0,1,0,0
2834,59.0,1.0,16.0,5.0,4,449.0,17.0,68.0,1,1,0
2835,44.0,1.0,7.0,5.0,0,370.0,7.0,40.0,0,1,1
2836,30.0,2.0,18.0,1.0,2,323.0,1.0,40.0,0,1,0
2837,45.0,5.0,18.0,1.0,2,303.0,0.0,40.0,0,1,1
2838,18.0,1.0,18.0,5.0,2,49.0,2.0,40.0,0,0,0
2839,19.0,1.0,19.0,5.0,2,49.0,12.0,40.0,1,1,0
2840,38.0,3.0,19.0,5.0,2,151.0,2.0,84.0,0,1,0
2841,59.0,5.0,23.0,1.0,2,8.0,0.0,30.0,0,1,1
2842,47.0,1.0,19.0,1.0,4,49.0,4.0,40.0,1,1,1
2843,35.0,4.0,18.0,5.0,0,16.0,0.0,18.0,0,1,0
2844,23.0,6.0,22.0,1.0,0,449.0,1.0,36.0,1,1,1
2845,41.0,2.0,17.0,1.0,4,49.0,0.0,40.0,1,1,0
2846,40.0,3.0,19.0,3.0,0,203.0,2.0,12.0,0,0,0
2847,68.0,2.0,18.0,5.0,5,50.0,3.0,40.0,0,1,0
2848,28.0,1.0,20.0,1.0,0,49.0,0.0,40.0,0,1,1
2849,68.0,1.0,19.0,5.0,4,49.0,16.0,40.0,1,1,0
2850,19.0,6.0,18.0,1.0,2,49.0,0.0,20.0,0,1,0
2851,43.0,1.0,22.0,1.0,1,49.0,1.0,19.0,1,1,1
2852,21.0,1.0,21.0,3.0,2,16.0,0.0,40.0,0,1,1
2853,19.0,1.0,21.0,1.0,3,370.0,0.0,35.0,1,1,1
2854,42.0,1.0,22.0,1.0,4,51.0,1.0,50.0,0,1,1
2855,20.0,1.0,21.0,1.0,0,49.0,1.0,3.0,0,1,0
2856,26.0,1.0,21.0,1.0,1,49.0,0.0,40.0,1,1,0
2857,57.0,1.0,19.0,1.0,1,49.0,4.0,35.0,1,1,1
2858,82.0,1.0,16.0,3.0,0,51.0,0.0,40.0,1,1,1
2859,38.0,5.0,20.0,3.0,4,37.0,0.0,50.0,0,0,1
2860,62.0,1.0,14.0,5.0,1,49.0,12.0,40.0,0,1,0
2861,38.0,1.0,18.0,5.0,1,49.0,17.0,60.0,0,0,0
2862,49.0,1.0,15.0,5.0,0,49.0,12.0,62.0,0,0,0
2863,51.0,1.0,19.0,1.0,4,49.0,0.0,35.0,1,1,1
2864,26.0,1.0,17.0,5.0,3,49.0,7.0,40.0,1,1,1
2865,24.0,1.0,12.0,1.0,2,49.0,0.0,25.0,1,1,1
2866,43.0,1.0,16.0,1.0,0,16.0,0.0,53.0,0,1,0
2867,82.0,7.0,19.0,5.0,5,49.0,2.0,45.0,0,0,0
2868,42.0,1.0,22.0,4.0,1,323.0,13.0,40.0,0,1,1
2869,18.0,1.0,21.0,1.0,0,329.0,0.0,40.0,1,1,1
2870,22.0,1.0,3.0,1.0,0,49.0,0.0,40.0,1,1,1
2871,39.0,1.0,7.0,1.0,1,49.0,0.0,40.0,1,1,1
2872,26.0,1.0,18.0,1.0,0,23.0,0.0,40.0,0,1,1
2873,35.0,2.0,19.0,1.0,0,6.0,1.0,55.0,1,0,1
2874,39.0,1.0,19.0,1.0,2,303.0,0.0,40.0,0,1,1
2875,18.0,1.0,18.0,5.0,0,16.0,0.0,40.0,1,0,0
2876,34.0,1.0,18.0,5.0,4,468.0,2.0,40.0,1,1,0
2877,18.0,1.0,16.0,1.0,0,468.0,9.0,30.0,0,1,0
2878,26.0,1.0,21.0,1.0,0,150.0,1.0,45.0,1,1,1
2879,22.0,1.0,16.0,5.0,2,49.0,2.0,24.0,0,1,0
2880,44.0,1.0,21.0,5.0,-1,6.0,7.0,84.0,0,1,1
2881,43.0,1.0,19.0,1.0,4,303.0,0.0,40.0,0,1,0
2882,31.0,1.0,19.0,3.0,0,16.0,0.0,37.0,0,0,0
2883,64.0,1.0,19.0,2.0,4,49.0,16.0,60.0,1,1,0
2884,18.0,6.0,22.0,1.0,4,49.0,0.0,40.0,1,1,1
2885,49.0,1.0,21.0,1.0,0,23.0,0.0,45.0,0,1,0
2886,82.0,1.0,19.0,1.0,2,49.0,1.0,14.0,1,1,1
2887,74.0,1.0,19.0,1.0,3,6.0,1.0,40.0,1,1,1
2888,68.0,8.0,18.0,5.0,4,6.0,0.0,40.0,1,1,0
2889,52.0,1.0,19.0,5.0,0,42.0,0.0,40.0,0,1,0
2890,92.0,5.0,19.0,1.0,0,508.0,1.0,75.0,0,1,1
2891,28.0,1.0,21.0,1.0,4,49.0,4.0,40.0,1,1,0
2892,21.0,1.0,19.0,5.0,2,49.0,2.0,45.0,0,1,0
2893,44.0,1.0,16.0,1.0,0,49.0,1.0,35.0,0,1,1
2894,37.0,4.0,19.0,1.0,2,49.0,0.0,50.0,0,1,1
2895,77.0,1.0,19.0,1.0,0,49.0,0.0,36.0,0,1,0
2896,26.0,1.0,14.0,5.0,1,303.0,2.0,40.0,0,1,0
2897,48.0,1.0,14.0,1.0,2,51.0,9.0,40.0,0,1,0
2898,34.0,2.0,19.0,5.0,4,508.0,17.0,30.0,1,1,0
2899,29.0,1.0,7.0,1.0,0,49.0,0.0,10.0,0,1,1
2900,26.0,2.0,19.0,3.0,0,6.0,0.0,15.0,1,1,1
2901,21.0,2.0,20.0,1.0,0,49.0,1.0,20.0,1,1,1
2902,36.0,7.0,19.0,1.0,1,303.0,1.0,48.0,0,1,0
2903,19.0,1.0,22.0,1.0,1,49.0,1.0,40.0,0,1,0
2904,34.0,7.0,21.0,1.0,2,303.0,1.0,45.0,0,1,0
2905,35.0,1.0,13.0,1.0,1,49.0,1.0,30.0,0,1,0
2906,64.0,1.0,21.0,5.0,0,51.0,2.0,14.0,0,1,0
2907,23.0,1.0,18.0,1.0,2,49.0,1.0,12.0,0,1,0
2908,48.0,1.0,20.0,5.0,2,49.0,7.0,40.0,1,1,1
2909,35.0,1.0,19.0,1.0,2,49.0,1.0,40.0,0,1,0
2910,43.0,4.0,18.0,1.0,0,49.0,5.0,15.0,0,1,0
2911,26.0,7.0,22.0,1.0,0,49.0,0.0,40.0,1,1,1
2912,25.0,1.0,21.0,3.0,0,49.0,0.0,40.0,0,1,1
2913,47.0,1.0,19.0,1.0,1,49.0,4.0,45.0,0,1,0
2914,38.0,1.0,21.0,1.0,1,51.0,0.0,40.0,0,1,0
2915,47.0,1.0,19.0,1.0,2,50.0,1.0,40.0,1,1,0
2916,56.0,1.0,22.0,1.0,0,49.0,1.0,50.0,1,1,1
2917,21.0,1.0,19.0,1.0,-1,49.0,1.0,24.0,0,1,1
2918,69.0,1.0,7.0,1.0,4,49.0,0.0,40.0,1,1,1
2919,87.0,7.0,16.0,1.0,4,49.0,1.0,3.0,1,1,0
2920,56.0,1.0,22.0,3.0,3,6.0,0.0,40.0,1,0,1
2921,41.0,2.0,23.0,1.0,3,49.0,0.0,40.0,1,1,1
2922,31.0,2.0,21.0,1.0,1,49.0,1.0,50.0,0,1,1
2923,42.0,1.0,16.0,5.0,1,6.0,2.0,4.0,0,1,0
2924,34.0,1.0,17.0,1.0,2,48.0,0.0,40.0,0,1,0
2925,17.0,1.0,21.0,1.0,4,49.0,0.0,4.0,1,1,1
2926,58.0,1.0,21.0,5.0,0,150.0,2.0,40.0,0,1,0
2927,44.0,2.0,23.0,1.0,0,49.0,1.0,40.0,1,1,1
2928,44.0,1.0,16.0,5.0,0,16.0,13.0,30.0,1,1,1
2929,42.0,1.0,18.0,1.0,0,6.0,0.0,30.0,1,1,1
2930,17.0,1.0,19.0,1.0,0,49.0,0.0,50.0,0,1,1
2931,44.0,1.0,21.0,1.0,0,49.0,0.0,40.0,0,1,1
2932,79.0,2.0,19.0,5.0,5,49.0,16.0,40.0,0,1,0
2933,34.0,1.0,16.0,1.0,4,49.0,1.0,45.0,0,1,0
2934,18.0,1.0,18.0,1.0,4,49.0,0.0,48.0,1,1,1
2935,36.0,6.0,5.0,1.0,4,49.0,1.0,36.0,1,1,1
2936,69.0,1.0,16.0,1.0,0,449.0,1.0,40.0,1,1,1
2937,35.0,6.0,21.0,1.0,2,6.0,1.0,60.0,1,1,1
2938,37.0,6.0,16.0,5.0,0,329.0,7.0,40.0,1,1,0
2939,18.0,7.0,16.0,1.0,5,49.0,1.0,61.0,0,0,0
2940,84.0,1.0,21.0,1.0,4,49.0,1.0,20.0,0,1,1
2941,39.0,1.0,16.0,1.0,2,6.0,1.0,30.0,0,1,0
2942,48.0,1.0,18.0,5.0,2,49.0,12.0,40.0,1,1,0
2943,43.0,1.0,15.0,1.0,0,49.0,1.0,50.0,1,1,0
2944,61.0,1.0,19.0,5.0,2,49.0,12.0,68.0,0,0,0
2945,30.0,7.0,20.0,1.0,3,49.0,0.0,45.0,1,1,1
2946,29.0,1.0,19.0,5.0,2,6.0,2.0,10.0,0,1,0
2947,84.0,2.0,19.0,3.0,0,150.0,2.0,40.0,1,1,1
2948,42.0,1.0,18.0,5.0,1,49.0,0.0,40.0,0,1,0
2949,46.0,3.0,15.0,5.0,3,303.0,0.0,68.0,1,0,0
2950,25.0,1.0,19.0,5.0,0,6.0,13.0,40.0,1,1,1
2951,30.0,1.0,19.0,2.0,1,51.0,6.0,45.0,1,1,1
2952,57.0,7.0,21.0,1.0,1,329.0,5.0,20.0,1,1,1
2953,33.0,5.0,14.0,5.0,0,49.0,2.0,40.0,0,1,0
2954,47.0,5.0,16.0,1.0,0,49.0,0.0,50.0,1,1,1
2955,68.0,1.0,17.0,1.0,0,49.0,0.0,40.0,1,0,1
2956,78.0,2.0,18.0,5.0,0,49.0,0.0,40.0,1,1,0
2957,35.0,2.0,17.0,1.0,0,49.0,0.0,48.0,1,1,0
2958,26.0,5.0,19.0,1.0,0,329.0,0.0,30.0,1,1,1
2959,43.0,1.0,19.0,5.0,2,49.0,2.0,91.0,0,0,0
2960,51.0,4.0,21.0,4.0,3,49.0,0.0,42.0,1,1,1
2961,30.0,1.0,16.0,5.0,0,49.0,12.0,40.0,1,1,0
2962,40.0,3.0,14.0,5.0,0,449.0,16.0,45.0,1,1,0
2963,60.0,8.0,16.0,5.0,1,49.0,12.0,40.0,0,1,0
2964,40.0,2.0,16.0,1.0,0,16.0,0.0,96.0,1,1,0
2965,34.0,1.0,5.0,1.0,0,49.0,0.0,40.0,0,1,1
2966,34.0,1.0,21.0,5.0,0,214.0,2.0,35.0,0,1,0
2967,20.0,1.0,5.0,1.0,4,329.0,1.0,40.0,1,1,1
2968,25.0,6.0,21.0,1.0,0,49.0,0.0,48.0,0,1,1
2969,17.0,1.0,21.0,5.0,4,49.0,2.0,40.0,0,1,0
2970,32.0,1.0,16.0,1.0,0,23.0,1.0,48.0,0,1,1
2971,60.0,6.0,16.0,1.0,4,303.0,1.0,35.0,1,1,1
2972,34.0,1.0,17.0,5.0,0,49.0,17.0,25.0,1,1,0
2973,21.0,1.0,15.0,5.0,0,49.0,7.0,50.0,0,1,0
2974,56.0,1.0,20.0,3.0,4,49.0,0.0,45.0,1,1,0
2975,21.0,1.0,20.0,1.0,0,49.0,1.0,14.0,1,1,1
2976,38.0,1.0,22.0,1.0,0,49.0,1.0,40.0,0,1,1
2977,20.0,1.0,19.0,1.0,4,49.0,0.0,50.0,1,0,0
2978,55.0,8.0,21.0,1.0,0,49.0,1.0,37.0,1,1,0
2979,32.0,1.0,19.0,1.0,0,49.0,0.0,36.0,1,1,1
2980,56.0,1.0,23.0,3.0,0,49.0,0.0,40.0,0,1,1
2981,32.0,1.0,16.0,1.0,4,8.0,9.0,40.0,0,1,0
2982,43.0,1.0,16.0,5.0,1,151.0,2.0,30.0,0,1,0
2983,61.0,1.0,10.0,3.0,4,49.0,2.0,40.0,1,1,0
2984,49.0,1.0,20.0,1.0,1,323.0,0.0,40.0,1,1,0
2985,47.0,3.0,15.0,5.0,2,49.0,2.0,60.0,1,1,0
2986,68.0,1.0,16.0,1.0,0,49.0,1.0,60.0,0,1,0
2987,92.0,7.0,19.0,5.0,0,303.0,7.0,18.0,1,1,1
2988,21.0,1.0,5.0,1.0,-1,49.0,1.0,40.0,0,1,1
2989,87.0,1.0,14.0,1.0,4,49.0,1.0,96.0,1,1,0
2990,54.0,1.0,19.0,5.0,0,37.0,0.0,40.0,0,1,0
2991,32.0,6.0,3.0,3.0,1,303.0,0.0,40.0,0,1,0
2992,48.0,1.0,24.0,1.0,1,468.0,0.0,20.0,1,1,1
2993,24.0,1.0,17.0,1.0,4,49.0,0.0,4.0,1,1,1
2994,58.0,1.0,19.0,1.0,0,370.0,5.0,20.0,1,1,0
2995,27.0,1.0,19.0,5.0,2,214.0,2.0,45.0,1,1,0
2996,76.0,1.0,16.0,5.0,2,203.0,0.0,50.0,1,1,0
2997,35.0,2.0,10.0,2.0,0,8.0,10.0,40.0,0,1,0
2998,17.0,1.0,18.0,5.0,4,49.0,2.0,15.0,1,1,0
2999,21.0,6.0,16.0,5.0,1,468.0,8.0,40.0,0,1,0
3000,44.0,3.0,16.0,5.0,2,49.0,17.0,24.0,0,1,0
3001,43.0,1.0,19.0,1.0,2,49.0,0.0,30.0,0,1,0
3002,68.0,1.0,21.0,1.0,2,23.0,1.0,40.0,0,1,1
3003,54.0,1.0,18.0,5.0,1,49.0,7.0,50.0,1,1,1
3004,34.0,1.0,22.0,1.0,0,49.0,0.0,96.0,1,1,1
3005,82.0,2.0,3.0,1.0,0,51.0,1.0,91.0,0,1,1
3006,20.0,1.0,20.0,2.0,2,49.0,6.0,24.0,0,1,1
3007,55.0,1.0,19.0,1.0,0,49.0,1.0,40.0,0,1,0
3008,61.0,4.0,19.0,3.0,3,48.0,0.0,40.0,1,1,0
3009,41.0,1.0,24.0,1.0,0,49.0,0.0,40.0,0,1,1
3010,34.0,1.0,21.0,1.0,4,49.0,0.0,50.0,1,1,1
3011,47.0,6.0,18.0,1.0,0,6.0,1.0,40.0,1,1,1
3012,44.0,1.0,19.0,1.0,3,214.0,1.0,30.0,1,1,1
3013,37.0,1.0,18.0,1.0,2,49.0,0.0,60.0,0,1,0
3014,46.0,1.0,16.0,5.0,2,6.0,12.0,40.0,1,1,0
3015,28.0,4.0,20.0,5.0,0,51.0,12.0,61.0,0,0,0
3016,17.0,1.0,22.0,1.0,0,48.0,1.0,10.0,1,1,1
3017,47.0,1.0,17.0,1.0,4,49.0,0.0,40.0,1,1,1
3018,39.0,1.0,16.0,5.0,4,49.0,2.0,60.0,1,1,1
3019,21.0,6.0,16.0,1.0,0,51.0,0.0,96.0,1,1,1
3020,23.0,5.0,22.0,1.0,0,48.0,0.0,40.0,1,0,1
3021,75.0,1.0,16.0,5.0,3,6.0,2.0,40.0,1,1,0
3022,39.0,1.0,16.0,1.0,0,442.0,1.0,40.0,0,1,0
3023,21.0,8.0,20.0,1.0,2,49.0,1.0,53.0,0,1,0
3024,53.0,1.0,16.0,1.0,3,341.0,1.0,20.0,1,1,0
3025,64.0,1.0,16.0,1.0,5,49.0,1.0,8.0,0,1,0
3026,23.0,1.0,20.0,5.0,2,49.0,0.0,14.0,0,1,0
3027,40.0,1.0,22.0,1.0,0,323.0,1.0,40.0,1,1,1
3028,36.0,1.0,21.0,1.0,2,6.0,0.0,50.0,1,0,1
3029,25.0,4.0,16.0,1.0,0,150.0,1.0,36.0,1,1,1
3030,18.0,1.0,16.0,3.0,0,49.0,2.0,40.0,1,1,1
3031,34.0,1.0,16.0,5.0,2,16.0,12.0,40.0,0,1,0
3032,37.0,3.0,16.0,1.0,0,49.0,0.0,96.0,0,1,0
3033,46.0,1.0,19.0,1.0,4,51.0,0.0,37.0,0,1,0
3034,20.0,1.0,21.0,1.0,0,49.0,0.0,68.0,1,1,1
3035,57.0,1.0,21.0,3.0,0,49.0,0.0,20.0,1,1,1
3036,56.0,1.0,19.0,1.0,0,6.0,1.0,30.0,0,1,0
3037,45.0,2.0,21.0,1.0,0,150.0,0.0,50.0,1,1,1
3038,36.0,1.0,23.0,1.0,0,49.0,1.0,30.0,1,1,1
3039,65.0,1.0,22.0,5.0,1,49.0,12.0,40.0,0,1,1
3040,29.0,3.0,16.0,1.0,1,49.0,1.0,84.0,1,0,0
3041,23.0,6.0,18.0,1.0,4,49.0,0.0,40.0,1,1,0
3042,54.0,2.0,22.0,4.0,4,49.0,13.0,40.0,1,1,1
3043,45.0,5.0,19.0,5.0,1,6.0,0.0,40.0,1,1,0
3044,62.0,5.0,16.0,5.0,2,49.0,12.0,36.0,0,0,0
3045,24.0,1.0,16.0,5.0,2,49.0,0.0,50.0,1,1,0
3046,61.0,1.0,20.0,3.0,1,449.0,0.0,40.0,0,1,0
3047,59.0,2.0,19.0,5.0,1,49.0,0.0,29.0,1,0,0
3048,36.0,1.0,19.0,1.0,2,468.0,1.0,84.0,0,1,0
3049,26.0,3.0,19.0,1.0,2,50.0,0.0,39.0,1,1,1
3050,18.0,1.0,18.0,3.0,0,49.0,0.0,40.0,1,0,1
3051,18.0,7.0,16.0,1.0,3,49.0,0.0,45.0,1,1,1
3052,23.0,1.0,20.0,1.0,2,49.0,1.0,40.0,1,1,1
3053,48.0,1.0,22.0,4.0,4,49.0,0.0,25.0,0,1,1
3054,61.0,6.0,16.0,5.0,4,16.0,2.0,75.0,1,1,0
3055,68.0,1.0,18.0,4.0,0,323.0,0.0,40.0,1,1,1
3056,32.0,1.0,19.0,1.0,0,49.0,1.0,68.0,0,1,0
3057,62.0,5.0,19.0,1.0,5,323.0,1.0,40.0,0,1,0
3058,82.0,1.0,21.0,5.0,1,150.0,2.0,30.0,0,1,0
3059,22.0,2.0,20.0,3.0,2,49.0,0.0,30.0,0,1,1
3060,40.0,1.0,21.0,1.0,0,20.0,1.0,40.0,1,1,1
3061,24.0,1.0,16.0,1.0,2,48.0,2.0,40.0,1,1,0
3062,27.0,1.0,16.0,5.0,2,49.0,0.0,20.0,0,1,0
3063,23.0,2.0,19.0,5.0,2,468.0,7.0,60.0,1,0,1
3064,62.0,7.0,16.0,1.0,4,49.0,0.0,50.0,1,0,1
3065,64.0,7.0,16.0,5.0,0,49.0,2.0,24.0,0,1,0
3066,39.0,3.0,19.0,5.0,1,49.0,2.0,50.0,0,0,0
3067,54.0,1.0,16.0,3.0,2,49.0,0.0,50.0,1,1,1
3068,82.0,1.0,19.0,1.0,2,49.0,0.0,75.0,1,1,0
3069,78.0,2.0,18.0,1.0,1,48.0,0.0,15.0,0,1,1
3070,33.0,1.0,19.0,1.0,0,49.0,0.0,30.0,1,1,1
3071,39.0,1.0,21.0,1.0,1,203.0,0.0,62.0,1,1,1
3072,69.0,1.0,23.0,5.0,2,49.0,12.0,32.0,1,1,0
3073,59.0,3.0,22.0,1.0,3,49.0,1.0,20.0,1,1,1
3074,24.0,1.0,21.0,1.0,0,49.0,0.0,25.0,1,1,1
3075,36.0,3.0,22.0,1.0,1,49.0,0.0,35.0,1,1,1
3076,25.0,1.0,21.0,5.0,0,6.0,12.0,25.0,0,1,0
3077,18.0,5.0,15.0,1.0,2,203.0,0.0,10.0,1,0,1
3078,50.0,1.0,19.0,3.0,1,508.0,2.0,42.0,0,1,0
3079,22.0,1.0,19.0,5.0,2,329.0,12.0,32.0,0,1,0
3080,43.0,1.0,21.0,1.0,0,6.0,1.0,50.0,0,1,0
3081,62.0,7.0,21.0,1.0,0,6.0,1.0,40.0,1,1,1
3082,18.0,1.0,16.0,1.0,1,370.0,0.0,40.0,1,1,1
3083,47.0,1.0,19.0,1.0,2,23.0,9.0,40.0,1,1,0
3084,18.0,4.0,16.0,5.0,1,6.0,2.0,40.0,1,1,0
3085,59.0,1.0,19.0,5.0,0,16.0,12.0,45.0,0,1,0
3086,51.0,7.0,16.0,1.0,3,49.0,0.0,30.0,1,1,1
3087,57.0,1.0,19.0,5.0,2,49.0,2.0,40.0,0,1,0
3088,54.0,7.0,22.0,1.0,0,49.0,0.0,15.0,1,1,1
3089,28.0,1.0,15.0,2.0,4,20.0,16.0,40.0,1,1,0
3090,23.0,1.0,16.0,1.0,2,49.0,1.0,40.0,0,1,0
3091,36.0,1.0,14.0,1.0,2,49.0,0.0,75.0,1,1,0
3092,68.0,4.0,7.0,1.0,0,214.0,1.0,40.0,1,1,1
3093,24.0,1.0,15.0,1.0,2,49.0,0.0,40.0,0,1,0
3094,60.0,3.0,22.0,2.0,0,16.0,9.0,25.0,1,1,1
3095,62.0,1.0,21.0,1.0,0,370.0,1.0,96.0,1,1,1
3096,49.0,1.0,16.0,1.0,0,49.0,0.0,14.0,1,1,1
3097,21.0,4.0,6.0,1.0,3,49.0,0.0,40.0,1,1,1
3098,23.0,1.0,18.0,5.0,1,468.0,17.0,20.0,0,1,0
3099,36.0,7.0,22.0,4.0,1,49.0,0.0,15.0,1,1,1
3100,34.0,7.0,21.0,1.0,0,49.0,1.0,18.0,0,0,1
3101,21.0,4.0,21.0,1.0,2,203.0,0.0,3.0,0,1,0
3102,30.0,2.0,19.0,1.0,0,49.0,1.0,45.0,0,1,1
3103,48.0,6.0,18.0,5.0,0,329.0,0.0,40.0,0,1,1
3104,30.0,1.0,18.0,1.0,2,20.0,1.0,40.0,0,1,0
3105,41.0,1.0,20.0,1.0,-1,49.0,1.0,45.0,0,0,1
3106,59.0,2.0,19.0,5.0,4,451.0,17.0,60.0,0,1,0
3107,45.0,1.0,16.0,5.0,0,214.0,17.0,40.0,1,1,0
3108,34.0,3.0,22.0,1.0,2,6.0,1.0,45.0,1,0,1
3109,43.0,1.0,16.0,1.0,0,49.0,1.0,40.0,0,1,0
3110,46.0,1.0,18.0,1.0,4,49.0,0.0,20.0,1,0,0
3111,35.0,3.0,21.0,1.0,3,214.0,0.0,40.0,1,1,0
3112,56.0,4.0,19.0,1.0,3,49.0,0.0,40.0,1,1,1
3113,20.0,7.0,21.0,1.0,2,449.0,6.0,40.0,0,1,1
3114,42.0,4.0,21.0,1.0,0,49.0,0.0,32.0,1,1,1
3115,31.0,1.0,16.0,1.0,2,49.0,1.0,40.0,0,1,0
3116,22.0,1.0,16.0,5.0,3,449.0,16.0,35.0,1,1,0
3117,42.0,6.0,14.0,1.0,0,49.0,1.0,40.0,0,1,0
3118,23.0,3.0,19.0,1.0,0,150.0,1.0,19.0,1,1,1
3119,65.0,1.0,21.0,5.0,1,370.0,2.0,40.0,0,1,0
3120,62.0,5.0,19.0,1.0,0,37.0,0.0,40.0,1,1,1
3121,25.0,1.0,21.0,1.0,0,303.0,0.0,20.0,1,1,1
3122,27.0,1.0,21.0,1.0,0,6.0,0.0,20.0,0,1,1
3123,22.0,1.0,20.0,5.0,0,49.0,2.0,25.0,0,0,0
3124,18.0,1.0,19.0,5.0,0,49.0,0.0,40.0,0,1,0
3125,65.0,1.0,22.0,1.0,1,49.0,1.0,40.0,1,0,0
3126,34.0,1.0,15.0,1.0,4,49.0,0.0,15.0,1,1,0
3127,17.0,5.0,21.0,1.0,0,49.0,1.0,50.0,1,0,1
3128,79.0,6.0,22.0,1.0,2,49.0,0.0,30.0,0,1,1
3129,75.0,1.0,19.0,3.0,2,49.0,0.0,40.0,0,1,0
3130,54.0,6.0,21.0,1.0,0,214.0,1.0,18.0,1,1,1
3131,37.0,3.0,16.0,1.0,2,50.0,1.0,45.0,0,1,0
3132,18.0,1.0,6.0,3.0,0,6.0,0.0,53.0,1,0,1
3133,56.0,1.0,21.0,5.0,2,49.0,2.0,40.0,0,1,0
3134,60.0,5.0,21.0,1.0,2,449.0,0.0,40.0,1,0,1
3135,84.0,1.0,16.0,5.0,0,49.0,2.0,3.0,1,1,0
3136,21.0,1.0,18.0,1.0,0,8.0,1.0,40.0,0,1,0
3137,82.0,1.0,19.0,1.0,2,49.0,0.0,30.0,0,0,0
3138,35.0,3.0,19.0,1.0,0,49.0,0.0,40.0,0,1,1
3139,25.0,2.0,16.0,1.0,2,303.0,0.0,37.0,0,1,0
3140,20.0,1.0,19.0,5.0,2,49.0,3.0,40.0,0,1,0
3141,21.0,1.0,13.0,1.0,4,508.0,17.0,10.0,0,1,0
3142,57.0,4.0,15.0,5.0,2,49.0,17.0,40.0,1,1,0
3143,23.0,1.0,20.0,1.0,0,49.0,0.0,40.0,1,1,1
3144,32.0,2.0,20.0,1.0,3,150.0,0.0,3.0,1,1,1
3145,38.0,2.0,21.0,1.0,2,323.0,0.0,40.0,0,1,0
3146,59.0,1.0,20.0,1.0,0,50.0,0.0,15.0,0,1,1
3147,26.0,4.0,6.0,1.0,4,329.0,1.0,40.0,1,1,1
3148,22.0,1.0,18.0,5.0,4,49.0,0.0,40.0,1,1,0
3149,18.0,1.0,21.0,1.0,3,49.0,1.0,20.0,1,1,1
3150,25.0,3.0,17.0,1.0,4,451.0,1.0,50.0,1,1,1
3151,58.0,1.0,19.0,5.0,2,323.0,0.0,40.0,0,1,0
3152,61.0,1.0,19.0,1.0,4,49.0,0.0,55.0,1,1,1
3153,62.0,1.0,20.0,1.0,2,49.0,1.0,40.0,1,1,0
3154,35.0,5.0,22.0,3.0,3,8.0,2.0,20.0,1,1,1
3155,27.0,4.0,5.0,1.0,0,51.0,1.0,40.0,0,1,1
3156,47.0,1.0,21.0,1.0,2,51.0,1.0,20.0,0,1,1
3157,37.0,1.0,19.0,5.0,0,49.0,12.0,40.0,0,1,0
3158,92.0,1.0,14.0,5.0,1,49.0,0.0,36.0,1,1,0
3159,42.0,1.0,20.0,5.0,2,49.0,2.0,60.0,0,1,0
3160,41.0,1.0,21.0,1.0,0,323.0,0.0,45.0,0,1,1
3161,20.0,3.0,22.0,4.0,2,49.0,0.0,40.0,0,0,1
3162,20.0,1.0,18.0,5.0,2,467.0,2.0,40.0,0,1,0
3163,37.0,8.0,21.0,1.0,4,49.0,1.0,20.0,0,1,0
3164,74.0,1.0,22.0,1.0,0,49.0,0.0,20.0,1,1,1
3165,50.0,1.0,8.0,1.0,0,49.0,0.0,48.0,1,1,0
3166,52.0,6.0,20.0,1.0,2,20.0,1.0,20.0,1,1,1
3167,77.0,1.0,21.0,5.0,0,341.0,2.0,20.0,0,1,0
3168,19.0,1.0,19.0,1.0,2,49.0,0.0,40.0,0,1,0
3169,68.0,1.0,19.0,1.0,0,467.0,0.0,40.0,1,1,1
3170,35.0,1.0,19.0,5.0,2,49.0,0.0,50.0,0,1,0
3171,21.0,5.0,16.0,5.0,4,49.0,2.0,25.0,1,0,0
3172,64.0,7.0,18.0,1.0,0,49.0,0.0,30.0,0,1,1
3173,50.0,1.0,18.0,1.0,2,42.0,0.0,40.0,0,1,0
3174,39.0,5.0,22.0,1.0,0,508.0,0.0,45.0,1,1,1
3175,32.0,3.0,19.0,1.0,2,49.0,1.0,50.0,0,1,0
3176,32.0,1.0,16.0,3.0,2,203.0,0.0,40.0,1,1,1
3177,38.0,7.0,19.0,1.0,1,49.0,1.0,48.0,1,1,0
3178,18.0,2.0,21.0,1.0,0,49.0,0.0,24.0,1,1,1
3179,51.0,4.0,19.0,5.0,2,329.0,2.0,40.0,1,1,0
3180,19.0,1.0,20.0,5.0,0,6.0,0.0,38.0,1,1,1
3181,20.0,5.0,21.0,3.0,2,6.0,2.0,40.0,1,0,1
3182,56.0,1.0,5.0,1.0,2,214.0,1.0,40.0,1,1,1
3183,41.0,1.0,19.0,5.0,1,150.0,2.0,30.0,0,1,0
3184,18.0,3.0,21.0,1.0,0,49.0,1.0,50.0,1,1,1
3185,57.0,3.0,21.0,1.0,0,49.0,0.0,40.0,0,1,1
3186,46.0,5.0,20.0,5.0,1,49.0,15.0,40.0,0,0,0
3187,74.0,1.0,16.0,5.0,1,49.0,2.0,31.0,1,1,0
3188,43.0,1.0,20.0,1.0,0,49.0,1.0,30.0,1,1,1
3189,55.0,1.0,16.0,1.0,0,6.0,0.0,50.0,0,1,1
3190,18.0,2.0,21.0,1.0,0,449.0,1.0,40.0,0,1,0
3191,22.0,1.0,22.0,2.0,2,49.0,9.0,10.0,0,1,1
3192,34.0,1.0,14.0,1.0,4,49.0,1.0,68.0,1,1,0
3193,92.0,1.0,23.0,1.0,2,49.0,1.0,19.0,1,1,1
3194,87.0,3.0,18.0,1.0,0,49.0,5.0,30.0,0,1,0
3195,42.0,4.0,22.0,1.0,0,49.0,1.0,19.0,1,1,1
3196,39.0,1.0,21.0,1.0,0,150.0,1.0,50.0,1,1,0
3197,68.0,1.0,14.0,1.0,2,49.0,0.0,45.0,0,1,0
3198,23.0,1.0,3.0,5.0,0,150.0,16.0,40.0,0,1,0
3199,28.0,1.0,8.0,5.0,0,49.0,12.0,40.0,1,1,0
3200,48.0,7.0,23.0,1.0,0,49.0,0.0,40.0,0,0,1
3201,32.0,1.0,21.0,3.0,0,48.0,10.0,15.0,0,0,0
3202,61.0,3.0,20.0,1.0,2,49.0,0.0,40.0,1,1,1
3203,40.0,2.0,23.0,5.0,0,49.0,7.0,45.0,1,0,1
3204,92.0,3.0,19.0,1.0,2,49.0,1.0,40.0,0,1,0
3205,40.0,1.0,21.0,1.0,2,49.0,0.0,96.0,0,1,0
3206,37.0,1.0,16.0,5.0,2,49.0,12.0,40.0,1,1,0
3207,25.0,1.0,20.0,1.0,0,49.0,1.0,40.0,0,1,0
3208,17.0,1.0,21.0,5.0,0,16.0,12.0,40.0,0,1,0
3209,23.0,1.0,16.0,5.0,3,49.0,2.0,40.0,1,0,0
3210,63.0,1.0,18.0,5.0,3,6.0,2.0,38.0,1,1,0
3211,75.0,1.0,15.0,1.0,2,467.0,0.0,35.0,0,1,0
3212,30.0,1.0,14.0,5.0,1,49.0,2.0,40.0,0,1,0
3213,57.0,1.0,23.0,5.0,2,6.0,2.0,60.0,0,1,0
3214,39.0,1.0,7.0,1.0,0,49.0,1.0,40.0,1,1,1
3215,65.0,5.0,16.0,5.0,4,329.0,2.0,30.0,0,0,0
3216,49.0,6.0,19.0,1.0,-1,49.0,1.0,55.0,0,1,1
3217,87.0,1.0,19.0,5.0,1,303.0,17.0,55.0,1,1,0
3218,75.0,3.0,19.0,5.0,0,49.0,2.0,45.0,1,1,0
3219,40.0,1.0,23.0,1.0,0,30.0,0.0,40.0,1,1,1
3220,53.0,1.0,16.0,1.0,4,49.0,1.0,40.0,1,1,1
3221,24.0,3.0,18.0,1.0,5,512.0,0.0,55.0,0,1,0
3222,25.0,1.0,16.0,1.0,2,49.0,1.0,53.0,0,1,1
3223,22.0,1.0,21.0,1.0,0,49.0,1.0,25.0,1,1,1
3224,45.0,4.0,21.0,1.0,2,6.0,0.0,40.0,1,1,1
3225,32.0,7.0,21.0,1.0,2,49.0,0.0,20.0,1,1,0
3226,43.0,1.0,10.0,1.0,2,30.0,0.0,61.0,1,1,0
3227,76.0,4.0,19.0,1.0,0,51.0,0.0,40.0,0,1,0
3228,64.0,4.0,15.0,5.0,4,6.0,12.0,20.0,1,1,0
3229,18.0,1.0,16.0,1.0,4,508.0,0.0,50.0,1,1,1
3230,30.0,1.0,19.0,5.0,0,49.0,2.0,84.0,1,1,0
3231,64.0,1.0,19.0,3.0,1,49.0,0.0,53.0,0,0,0
3232,32.0,1.0,21.0,1.0,4,49.0,1.0,30.0,1,1,1
3233,46.0,1.0,21.0,5.0,1,20.0,7.0,40.0,0,1,0
3234,21.0,5.0,19.0,1.0,1,49.0,1.0,30.0,1,0,1
3235,48.0,1.0,16.0,1.0,1,49.0,0.0,84.0,0,1,0
3236,87.0,1.0,21.0,1.0,0,49.0,0.0,30.0,1,1,1
3237,84.0,1.0,19.0,1.0,0,48.0,0.0,75.0,1,1,1
3238,49.0,4.0,21.0,1.0,4,49.0,0.0,60.0,1,1,0
3239,28.0,1.0,21.0,4.0,0,51.0,17.0,45.0,0,1,0
3240,44.0,1.0,19.0,1.0,0,37.0,0.0,37.0,0,1,0
3241,25.0,1.0,19.0,5.0,0,49.0,12.0,40.0,0,1,0
3242,31.0,1.0,21.0,3.0,3,49.0,0.0,40.0,1,1,1
3243,84.0,2.0,18.0,1.0,4,6.0,1.0,40.0,1,1,1
3244,62.0,1.0,19.0,1.0,2,49.0,2.0,40.0,0,1,0
3245,22.0,1.0,20.0,1.0,0,49.0,0.0,36.0,0,1,1
3246,55.0,1.0,19.0,5.0,4,37.0,2.0,3.0,1,1,0
3247,77.0,1.0,20.0,1.0,2,150.0,1.0,45.0,1,1,0
3248,30.0,5.0,21.0,4.0,2,6.0,0.0,40.0,0,0,1
3249,57.0,1.0,21.0,1.0,2,51.0,0.0,25.0,0,0,0
3250,61.0,1.0,19.0,1.0,0,30.0,1.0,40.0,1,1,1
3251,65.0,1.0,19.0,5.0,2,49.0,2.0,30.0,1,1,0
3252,52.0,6.0,19.0,5.0,0,468.0,0.0,40.0,0,1,0
3253,32.0,2.0,16.0,1.0,4,468.0,0.0,14.0,1,1,0
3254,56.0,3.0,21.0,5.0,0,49.0,0.0,40.0,1,1,0
3255,43.0,1.0,21.0,2.0,4,49.0,17.0,40.0,1,1,1
3256,42.0,5.0,22.0,1.0,-1,451.0,0.0,40.0,0,1,1
3257,55.0,2.0,21.0,5.0,0,49.0,12.0,14.0,1,1,1
3258,84.0,1.0,21.0,1.0,0,48.0,0.0,40.0,1,1,1
3259,37.0,5.0,17.0,1.0,2,23.0,0.0,40.0,0,1,1
3260,30.0,2.0,19.0,1.0,2,49.0,0.0,45.0,0,1,0
3261,24.0,1.0,19.0,3.0,0,6.0,0.0,40.0,0,1,0
3262,48.0,1.0,20.0,1.0,4,50.0,0.0,14.0,1,1,1
3263,62.0,1.0,22.0,1.0,4,49.0,0.0,40.0,1,1,1
3264,48.0,5.0,23.0,1.0,4,49.0,1.0,30.0,1,1,0
3265,35.0,3.0,20.0,5.0,0,49.0,0.0,53.0,0,1,0
3266,25.0,1.0,16.0,5.0,1,49.0,2.0,40.0,0,1,0
3267,36.0,5.0,21.0,1.0,2,20.0,1.0,40.0,1,1,1
3268,33.0,1.0,17.0,1.0,4,49.0,1.0,40.0,1,1,0
3269,74.0,1.0,14.0,2.0,2,49.0,16.0,10.0,0,1,0
3270,40.0,2.0,20.0,2.0,4,49.0,1.0,40.0,1,1,1
3271,58.0,1.0,21.0,1.0,0,49.0,1.0,36.0,1,1,1
3272,33.0,1.0,22.0,1.0,0,51.0,1.0,40.0,1,1,1
3273,52.0,1.0,23.0,1.0,0,49.0,0.0,75.0,1,1,1
3274,54.0,1.0,10.0,1.0,4,30.0,1.0,40.0,1,1,0
3275,30.0,2.0,20.0,5.0,-1,49.0,12.0,40.0,0,1,1
3276,67.0,1.0,19.0,1.0,0,6.0,1.0,48.0,1,1,1
3277,18.0,7.0,21.0,1.0,0,49.0,0.0,18.0,1,1,1
3278,69.0,1.0,18.0,1.0,2,51.0,1.0,40.0,0,1,0
3279,32.0,6.0,19.0,5.0,2,49.0,2.0,60.0,1,1,0
3280,34.0,4.0,19.0,1.0,0,49.0,1.0,40.0,1,1,1
3281,39.0,1.0,14.0,5.0,1,442.0,12.0,40.0,0,1,0
3282,41.0,3.0,19.0,5.0,0,49.0,0.0,29.0,0,1,0
3283,45.0,1.0,21.0,5.0,2,49.0,2.0,40.0,0,1,0
3284,28.0,1.0,20.0,1.0,0,49.0,1.0,30.0,1,1,1
3285,42.0,1.0,21.0,1.0,0,49.0,1.0,40.0,0,1,0
3286,22.0,2.0,19.0,5.0,1,49.0,5.0,50.0,0,0,0
3287,32.0,2.0,22.0,5.0,4,50.0,2.0,20.0,1,1,0
3288,46.0,3.0,19.0,3.0,3,150.0,2.0,40.0,1,1,1
3289,47.0,4.0,19.0,1.0,4,50.0,1.0,39.0,1,1,0
3290,24.0,2.0,16.0,5.0,1,51.0,2.0,40.0,1,1,0
3291,55.0,1.0,18.0,1.0,1,49.0,1.0,40.0,0,1,0
3292,64.0,3.0,20.0,5.0,1,49.0,0.0,20.0,1,0,0
3293,52.0,1.0,19.0,1.0,0,49.0,1.0,30.0,1,1,0
3294,26.0,1.0,16.0,1.0,3,16.0,1.0,8.0,1,1,0
3295,56.0,6.0,18.0,1.0,4,467.0,0.0,35.0,1,1,0
3296,43.0,5.0,18.0,1.0,3,49.0,1.0,15.0,1,0,1
3297,62.0,1.0,24.0,1.0,4,49.0,4.0,35.0,1,1,1
3298,37.0,1.0,16.0,1.0,1,49.0,0.0,40.0,1,1,0
3299,68.0,1.0,14.0,5.0,2,49.0,0.0,55.0,0,1,0
3300,68.0,1.0,19.0,1.0,4,151.0,0.0,40.0,1,1,1
3301,45.0,3.0,19.0,3.0,4,42.0,0.0,50.0,0,1,0
3302,20.0,1.0,19.0,1.0,0,49.0,0.0,40.0,1,0,0
3303,27.0,1.0,6.0,5.0,4,49.0,2.0,40.0,1,1,1
3304,60.0,1.0,21.0,5.0,1,49.0,2.0,96.0,1,0,0
3305,45.0,1.0,16.0,5.0,3,49.0,12.0,60.0,1,1,0
3306,45.0,1.0,20.0,1.0,0,449.0,1.0,39.0,1,1,1
3307,25.0,2.0,16.0,1.0,3,49.0,1.0,45.0,1,1,1
3308,82.0,6.0,19.0,1.0,0,49.0,1.0,91.0,0,1,0
3309,62.0,1.0,21.0,5.0,1,451.0,2.0,40.0,0,1,0
3310,63.0,1.0,16.0,5.0,4,150.0,17.0,40.0,1,1,0
3311,35.0,1.0,18.0,5.0,0,508.0,0.0,3.0,0,1,0
3312,62.0,3.0,19.0,3.0,0,49.0,2.0,10.0,0,0,1
3313,52.0,1.0,20.0,1.0,4,49.0,1.0,45.0,0,1,1
3314,58.0,1.0,20.0,1.0,2,49.0,0.0,40.0,0,1,0
3315,79.0,3.0,21.0,1.0,0,49.0,0.0,40.0,1,1,1
3316,46.0,7.0,19.0,1.0,-1,49.0,0.0,40.0,0,1,1
3317,59.0,1.0,18.0,1.0,2,49.0,0.0,40.0,0,1,1
3318,54.0,1.0,20.0,1.0,0,49.0,5.0,8.0,1,1,1
3319,55.0,1.0,16.0,1.0,1,449.0,0.0,19.0,0,1,0
3320,26.0,6.0,20.0,1.0,0,49.0,0.0,40.0,1,1,1
3321,35.0,1.0,18.0,1.0,1,323.0,1.0,84.0,0,1,0
3322,57.0,1.0,18.0,1.0,2,150.0,1.0,75.0,0,1,0
3323,25.0,1.0,23.0,1.0,0,451.0,0.0,18.0,1,1,1
3324,79.0,4.0,19.0,1.0,4,49.0,0.0,19.0,1,1,0
3325,59.0,4.0,19.0,1.0,0,49.0,1.0,38.0,1,1,0
3326,23.0,1.0,18.0,5.0,0,49.0,7.0,50.0,1,1,0
3327,19.0,1.0,19.0,3.0,2,49.0,0.0,62.0,0,1,0
3328,75.0,1.0,16.0,5.0,0,49.0,0.0,40.0,1,1,0
3329,30.0,7.0,16.0,1.0,2,329.0,0.0,45.0,1,1,0
3330,56.0,2.0,22.0,1.0,4,49.0,1.0,40.0,1,0,1
3331,23.0,2.0,17.0,1.0,0,49.0,1.0,40.0,1,1,1
3332,40.0,1.0,14.0,5.0,1,51.0,2.0,19.0,0,1,0
3333,31.0,1.0,16.0,5.0,1,49.0,0.0,24.0,1,1,0
3334,44.0,1.0,16.0,5.0,0,6.0,12.0,40.0,1,1,0
3335,52.0,2.0,16.0,1.0,1,49.0,9.0,40.0,0,1,0
3336,30.0,6.0,21.0,1.0,4,451.0,0.0,40.0,1,1,1
3337,39.0,1.0,16.0,5.0,2,49.0,2.0,20.0,0,1,0
3338,79.0,7.0,19.0,3.0,0,150.0,0.0,61.0,0,1,0
3339,27.0,1.0,16.0,1.0,2,49.0,0.0,40.0,1,1,0
3340,17.0,1.0,21.0,1.0,2,49.0,1.0,53.0,1,1,1
3341,26.0,1.0,19.0,1.0,1,468.0,1.0,20.0,0,1,0
3342,26.0,5.0,21.0,1.0,2,49.0,1.0,60.0,1,1,1
3343,42.0,2.0,19.0,1.0,4,49.0,0.0,45.0,0,1,0
3344,38.0,1.0,19.0,1.0,1,508.0,0.0,40.0,1,1,1
3345,62.0,1.0,21.0,5.0,3,49.0,12.0,37.0,1,1,0
3346,26.0,1.0,19.0,1.0,0,49.0,1.0,35.0,1,1,1
3347,31.0,4.0,16.0,5.0,1,49.0,17.0,50.0,0,1,0
3348,48.0,1.0,23.0,1.0,0,49.0,1.0,50.0,0,1,1
3349,54.0,1.0,14.0,5.0,0,49.0,2.0,35.0,0,1,0
3350,59.0,1.0,18.0,1.0,1,49.0,0.0,40.0,1,1,0
3351,37.0,7.0,22.0,1.0,2,49.0,0.0,50.0,1,1,1
3352,22.0,8.0,16.0,5.0,1,49.0,12.0,68.0,1,1,0
3353,21.0,1.0,22.0,1.0,1,214.0,0.0,40.0,1,1,1
3354,82.0,7.0,22.0,1.0,0,49.0,1.0,30.0,1,1,1
3355,35.0,7.0,21.0,5.0,4,49.0,7.0,36.0,1,1,0
3356,53.0,7.0,19.0,1.0,0,214.0,5.0,40.0,1,1,0
3357,40.0,7.0,21.0,3.0,2,449.0,0.0,60.0,0,0,0
3358,31.0,5.0,19.0,1.0,0,451.0,1.0,50.0,1,0,1
3359,37.0,1.0,5.0,3.0,0,468.0,0.0,40.0,1,1,1
3360,32.0,1.0,19.0,5.0,0,49.0,17.0,55.0,0,1,0
3361,62.0,1.0,20.0,1.0,2,49.0,1.0,50.0,1,1,1
3362,23.0,4.0,6.0,1.0,0,49.0,1.0,91.0,1,1,1
3363,54.0,2.0,22.0,1.0,0,203.0,0.0,30.0,1,1,1
3364,25.0,1.0,20.0,1.0,4,49.0,1.0,29.0,1,1,1
3365,30.0,1.0,21.0,1.0,4,449.0,1.0,20.0,1,1,1
3366,44.0,1.0,19.0,1.0,0,214.0,0.0,3.0,1,1,0
3367,42.0,1.0,20.0,1.0,1,203.0,0.0,45.0,1,1,0
3368,53.0,1.0,19.0,3.0,1,16.0,2.0,40.0,0,1,0
3369,31.0,1.0,22.0,5.0,4,468.0,0.0,8.0,1,1,0
3370,82.0,7.0,23.0,1.0,1,214.0,1.0,53.0,1,1,1
3371,80.0,1.0,19.0,5.0,2,6.0,16.0,40.0,0,1,0
3372,58.0,1.0,19.0,5.0,3,49.0,2.0,45.0,1,1,0
3373,20.0,1.0,19.0,5.0,2,49.0,2.0,40.0,1,1,0
3374,35.0,3.0,19.0,1.0,2,6.0,0.0,40.0,0,1,0
3375,28.0,1.0,21.0,5.0,0,49.0,2.0,40.0,0,1,0
3376,24.0,1.0,23.0,1.0,0,49.0,1.0,50.0,0,1,1
3377,57.0,1.0,13.0,1.0,0,449.0,1.0,38.0,0,1,0
3378,43.0,1.0,19.0,1.0,2,49.0,0.0,15.0,0,1,0
3379,40.0,1.0,3.0,5.0,3,49.0,12.0,40.0,1,1,0
3380,21.0,1.0,21.0,1.0,2,37.0,1.0,50.0,1,1,0
3381,18.0,1.0,21.0,5.0,3,49.0,2.0,50.0,1,0,0
3382,23.0,3.0,22.0,1.0,0,214.0,0.0,50.0,1,1,1
3383,49.0,1.0,18.0,5.0,1,151.0,17.0,40.0,1,1,0
3384,40.0,3.0,13.0,1.0,2,51.0,0.0,38.0,0,1,0
3385,26.0,5.0,18.0,5.0,3,442.0,12.0,3.0,1,0,1
3386,69.0,1.0,19.0,3.0,0,49.0,2.0,32.0,0,1,0
3387,87.0,1.0,22.0,1.0,2,329.0,1.0,35.0,0,1,0
3388,22.0,1.0,16.0,3.0,2,37.0,0.0,40.0,1,1,0
3389,62.0,1.0,16.0,1.0,3,214.0,0.0,40.0,1,1,1
3390,82.0,2.0,21.0,3.0,3,468.0,0.0,55.0,1,1,1
3391,42.0,1.0,19.0,5.0,2,49.0,12.0,40.0,0,1,0
3392,74.0,6.0,16.0,1.0,0,51.0,1.0,30.0,0,1,1
3393,29.0,1.0,16.0,1.0,2,49.0,0.0,19.0,0,1,1
3394,21.0,1.0,19.0,1.0,3,49.0,1.0,14.0,1,1,1
3395,44.0,1.0,23.0,1.0,0,329.0,0.0,40.0,1,1,1
3396,68.0,1.0,14.0,5.0,1,49.0,2.0,36.0,0,1,0
3397,37.0,1.0,5.0,1.0,0,150.0,0.0,55.0,1,1,1
3398,22.0,4.0,19.0,1.0,0,49.0,1.0,40.0,0,1,0
3399,79.0,2.0,18.0,5.0,3,451.0,0.0,40.0,1,1,0
3400,51.0,1.0,16.0,5.0,1,49.0,2.0,40.0,1,1,0
3401,21.0,1.0,21.0,1.0,2,51.0,1.0,50.0,0,1,1
3402,18.0,1.0,21.0,1.0,2,6.0,1.0,60.0,0,1,0
3403,27.0,5.0,6.0,1.0,2,49.0,0.0,30.0,1,1,1
3404,62.0,1.0,23.0,1.0,0,203.0,0.0,40.0,1,0,1
3405,75.0,1.0,21.0,1.0,1,49.0,0.0,40.0,0,1,0
3406,28.0,2.0,16.0,1.0,0,49.0,1.0,40.0,1,1,1
3407,49.0,1.0,14.0,5.0,4,341.0,2.0,60.0,0,1,0
3408,63.0,3.0,8.0,1.0,0,49.0,0.0,40.0,0,1,0
3409,45.0,1.0,22.0,1.0,1,49.0,0.0,35.0,1,1,1
3410,53.0,1.0,23.0,1.0,0,49.0,0.0,30.0,0,1,1
3411,30.0,4.0,22.0,3.0,1,323.0,0.0,40.0,1,1,1
3412,51.0,1.0,21.0,1.0,0,329.0,1.0,40.0,1,1,1
3413,82.0,1.0,18.0,1.0,0,30.0,1.0,25.0,0,1,1
3414,32.0,1.0,19.0,5.0,1,49.0,2.0,40.0,0,1,0
3415,64.0,6.0,21.0,1.0,1,51.0,0.0,40.0,0,1,0
3416,57.0,1.0,22.0,1.0,0,214.0,1.0,15.0,0,1,1
3417,56.0,1.0,19.0,5.0,3,16.0,0.0,30.0,1,1,0
3418,28.0,1.0,22.0,3.0,3,329.0,0.0,55.0,1,1,1
3419,44.0,5.0,18.0,5.0,1,49.0,12.0,20.0,0,1,0
3420,40.0,1.0,21.0,5.0,0,6.0,0.0,40.0,1,1,1
3421,25.0,1.0,16.0,1.0,2,468.0,1.0,40.0,1,1,1
3422,24.0,1.0,16.0,1.0,2,49.0,1.0,35.0,0,1,1
3423,36.0,1.0,16.0,1.0,0,30.0,1.0,10.0,1,0,1
3424,22.0,1.0,16.0,1.0,0,49.0,0.0,40.0,1,1,1
3425,40.0,1.0,21.0,5.0,0,49.0,17.0,45.0,0,1,0
3426,40.0,1.0,16.0,1.0,2,442.0,0.0,55.0,0,1,0
3427,50.0,6.0,16.0,5.0,0,49.0,0.0,40.0,1,1,0
3428,21.0,1.0,19.0,1.0,4,22.0,0.0,30.0,1,1,1
3429,45.0,4.0,21.0,1.0,1,48.0,1.0,40.0,0,1,0
3430,34.0,1.0,19.0,5.0,2,49.0,17.0,24.0,1,1,0
3431,26.0,2.0,20.0,1.0,3,49.0,6.0,61.0,1,1,1
3432,34.0,1.0,21.0,2.0,1,150.0,16.0,50.0,0,1,0
3433,35.0,1.0,21.0,1.0,0,49.0,0.0,40.0,1,1,1
3434,62.0,6.0,22.0,1.0,0,303.0,1.0,60.0,1,1,1
3435,53.0,1.0,21.0,1.0,2,49.0,1.0,40.0,1,1,0
3436,23.0,1.0,22.0,3.0,4,49.0,0.0,45.0,1,1,1
3437,55.0,4.0,21.0,1.0,-1,214.0,1.0,3.0,0,1,1
3438,18.0,1.0,18.0,3.0,0,8.0,0.0,40.0,0,1,0
3439,42.0,2.0,21.0,1.0,3,20.0,0.0,40.0,1,1,1
3440,34.0,7.0,10.0,5.0,1,468.0,2.0,20.0,0,1,0
3441,18.0,3.0,14.0,5.0,1,55.0,2.0,45.0,1,1,0
3442,48.0,1.0,21.0,1.0,4,49.0,1.0,30.0,1,1,1
3443,40.0,1.0,19.0,5.0,2,329.0,12.0,40.0,0,1,0
3444,52.0,1.0,18.0,3.0,2,49.0,0.0,45.0,0,0,0
3445,36.0,1.0,16.0,1.0,2,51.0,0.0,40.0,0,1,0
3446,56.0,1.0,19.0,1.0,0,49.0,0.0,40.0,1,1,0
3447,26.0,1.0,3.0,1.0,4,6.0,1.0,40.0,0,1,0
3448,25.0,1.0,21.0,1.0,3,468.0,0.0,30.0,1,1,1
3449,77.0,3.0,19.0,5.0,2,467.0,2.0,40.0,0,0,0
3450,28.0,4.0,16.0,5.0,2,45.0,0.0,40.0,1,1,1
3451,28.0,1.0,16.0,1.0,0,49.0,0.0,45.0,1,1,1
3452,62.0,6.0,21.0,5.0,1,329.0,2.0,50.0,0,1,0
3453,46.0,1.0,22.0,1.0,0,49.0,1.0,45.0,0,1,1
3454,76.0,1.0,16.0,3.0,4,49.0,0.0,40.0,1,1,0
3455,53.0,2.0,20.0,1.0,0,49.0,0.0,40.0,1,1,1
3456,44.0,4.0,19.0,1.0,0,151.0,0.0,40.0,0,1,1
3457,33.0,1.0,16.0,5.0,4,214.0,2.0,40.0,1,1,1
3458,46.0,1.0,19.0,1.0,1,49.0,0.0,4.0,0,1,0
3459,55.0,2.0,19.0,5.0,0,6.0,0.0,40.0,0,1,0
3460,53.0,1.0,21.0,5.0,3,49.0,0.0,40.0,1,1,1
3461,84.0,1.0,17.0,1.0,4,51.0,0.0,40.0,0,1,0
3462,39.0,1.0,19.0,5.0,1,6.0,0.0,50.0,0,1,0
3463,18.0,5.0,21.0,5.0,0,49.0,0.0,19.0,0,0,1
3464,18.0,1.0,19.0,5.0,2,6.0,2.0,45.0,1,0,0
3465,62.0,1.0,16.0,1.0,0,16.0,0.0,40.0,0,1,1
3466,65.0,1.0,22.0,4.0,0,150.0,0.0,60.0,1,0,1
3467,62.0,1.0,21.0,5.0,-1,49.0,2.0,8.0,0,0,1
3468,29.0,1.0,15.0,1.0,0,49.0,0.0,61.0,0,1,0
3469,52.0,1.0,15.0,5.0,4,49.0,2.0,40.0,1,1,0
3470,82.0,7.0,22.0,1.0,0,6.0,1.0,40.0,1,1,1
3471,39.0,2.0,21.0,1.0,2,49.0,0.0,40.0,0,1,1
3472,26.0,1.0,20.0,5.0,1,51.0,16.0,25.0,1,1,0
3473,33.0,1.0,19.0,5.0,2,468.0,2.0,30.0,1,1,0
3474,18.0,3.0,19.0,1.0,4,150.0,1.0,40.0,1,1,1
3475,18.0,1.0,16.0,3.0,0,214.0,0.0,40.0,1,1,1
3476,29.0,1.0,24.0,1.0,2,512.0,5.0,40.0,1,1,1
3477,59.0,1.0,17.0,1.0,0,49.0,0.0,50.0,0,1,0
3478,79.0,1.0,21.0,1.0,0,8.0,0.0,55.0,1,1,1
3479,32.0,1.0,16.0,1.0,0,49.0,0.0,15.0,1,0,1
3480,49.0,1.0,23.0,1.0,0,49.0,1.0,44.0,0,1,1
3481,35.0,1.0,18.0,4.0,0,6.0,17.0,15.0,0,0,1
3482,23.0,4.0,19.0,5.0,0,16.0,13.0,40.0,1,1,1
3483,40.0,1.0,19.0,5.0,0,49.0,2.0,40.0,0,1,1
3484,68.0,5.0,22.0,1.0,0,508.0,0.0,20.0,1,0,1
3485,40.0,1.0,19.0,1.0,2,203.0,1.0,38.0,0,1,0
3486,64.0,1.0,16.0,1.0,0,49.0,1.0,20.0,0,1,1
3487,84.0,1.0,10.0,3.0,0,370.0,2.0,40.0,1,1,0
3488,79.0,1.0,21.0,1.0,0,49.0,1.0,40.0,0,1,0
3489,62.0,1.0,24.0,1.0,2,49.0,1.0,60.0,1,1,1
3490,42.0,7.0,23.0,1.0,2,49.0,0.0,20.0,1,1,1
3491,25.0,5.0,19.0,5.0,1,49.0,7.0,15.0,1,0,0
3492,35.0,1.0,18.0,5.0,2,468.0,2.0,40.0,1,1,0
3493,20.0,1.0,22.0,1.0,0,51.0,0.0,60.0,1,1,1
3494,60.0,1.0,14.0,1.0,0,49.0,0.0,15.0,1,1,0
3495,19.0,2.0,16.0,3.0,0,49.0,2.0,40.0,1,1,1
3496,34.0,1.0,16.0,1.0,2,49.0,1.0,40.0,1,1,1
3497,55.0,1.0,17.0,1.0,2,451.0,0.0,45.0,0,1,0
3498,34.0,1.0,19.0,1.0,1,370.0,0.0,26.0,0,1,0
3499,21.0,1.0,15.0,1.0,4,49.0,1.0,40.0,1,1,0
3500,46.0,3.0,18.0,1.0,3,49.0,1.0,45.0,1,0,1
3501,33.0,1.0,18.0,1.0,2,23.0,0.0,39.0,0,0,1
3502,41.0,1.0,17.0,1.0,4,49.0,0.0,40.0,1,1,1
3503,49.0,3.0,16.0,5.0,1,49.0,2.0,25.0,0,0,0
3504,48.0,1.0,19.0,1.0,0,303.0,1.0,40.0,0,1,0
3505,26.0,6.0,16.0,3.0,0,150.0,0.0,55.0,0,1,1
3506,26.0,1.0,18.0,5.0,2,49.0,0.0,35.0,0,1,0
3507,63.0,1.0,21.0,1.0,0,30.0,1.0,40.0,1,1,1
3508,44.0,2.0,10.0,3.0,1,508.0,2.0,19.0,0,1,0
3509,39.0,7.0,3.0,1.0,0,150.0,1.0,68.0,1,1,1
3510,29.0,2.0,20.0,3.0,0,49.0,0.0,40.0,0,1,0
3511,52.0,1.0,19.0,5.0,2,6.0,0.0,40.0,0,1,0
3512,92.0,1.0,21.0,3.0,-1,150.0,0.0,40.0,0,1,1
3513,44.0,1.0,16.0,5.0,1,49.0,2.0,31.0,0,0,0
3514,34.0,1.0,21.0,2.0,0,48.0,6.0,40.0,1,1,1
3515,32.0,3.0,19.0,4.0,0,49.0,0.0,24.0,1,0,1
3516,57.0,1.0,21.0,1.0,0,449.0,0.0,18.0,0,1,0
3517,23.0,1.0,19.0,1.0,0,49.0,1.0,12.0,1,1,0
3518,62.0,1.0,21.0,1.0,1,370.0,0.0,40.0,0,1,0
3519,37.0,1.0,19.0,5.0,1,151.0,17.0,50.0,1,1,0
3520,18.0,7.0,16.0,1.0,1,49.0,1.0,35.0,0,1,1
3521,84.0,1.0,20.0,1.0,1,48.0,1.0,60.0,0,1,1
3522,46.0,3.0,16.0,1.0,2,49.0,1.0,40.0,0,0,0
3523,55.0,1.0,16.0,5.0,2,49.0,8.0,40.0,0,1,0
3524,42.0,1.0,14.0,1.0,4,6.0,1.0,30.0,0,1,0
3525,69.0,1.0,18.0,1.0,0,512.0,1.0,50.0,0,1,0
3526,35.0,1.0,16.0,1.0,0,49.0,1.0,8.0,1,0,0
3527,22.0,1.0,16.0,1.0,0,214.0,0.0,55.0,0,1,1
3528,60.0,1.0,18.0,1.0,0,6.0,1.0,15.0,1,1,1
3529,41.0,2.0,19.0,5.0,0,508.0,0.0,50.0,0,1,0
3530,20.0,7.0,16.0,3.0,3,50.0,0.0,48.0,0,1,0
3531,56.0,4.0,19.0,1.0,3,214.0,1.0,35.0,1,1,1
3532,44.0,2.0,8.0,1.0,1,49.0,1.0,30.0,0,1,0
3533,57.0,6.0,19.0,1.0,0,442.0,0.0,50.0,0,1,1
3534,75.0,1.0,21.0,1.0,1,49.0,0.0,20.0,0,1,0
3535,20.0,2.0,19.0,5.0,2,49.0,0.0,10.0,1,1,1
3536,40.0,1.0,16.0,5.0,0,468.0,0.0,60.0,0,1,0
3537,28.0,1.0,17.0,5.0,1,49.0,17.0,45.0,1,1,0
3538,43.0,1.0,14.0,5.0,0,49.0,17.0,40.0,0,1,0
3539,17.0,1.0,19.0,1.0,0,451.0,0.0,20.0,1,1,1
3540,27.0,5.0,21.0,1.0,2,49.0,1.0,50.0,1,1,1
3541,60.0,1.0,21.0,3.0,3,323.0,0.0,40.0,1,1,1
3542,52.0,1.0,16.0,3.0,-1,150.0,0.0,25.0,0,1,1
3543,57.0,3.0,19.0,1.0,0,214.0,1.0,30.0,0,1,0
3544,53.0,6.0,16.0,5.0,2,6.0,12.0,40.0,1,1,0
3545,26.0,1.0,19.0,1.0,4,49.0,0.0,50.0,1,0,0
3546,23.0,7.0,21.0,1.0,0,51.0,1.0,30.0,0,1,1
3547,59.0,7.0,21.0,5.0,2,6.0,2.0,45.0,1,1,0
3548,92.0,3.0,19.0,1.0,3,49.0,0.0,38.0,1,1,1
3549,23.0,1.0,19.0,1.0,2,49.0,1.0,40.0,1,0,0
3550,18.0,5.0,19.0,5.0,2,203.0,0.0,40.0,0,0,0
3551,17.0,4.0,19.0,1.0,2,49.0,1.0,40.0,0,1,0
3552,28.0,6.0,18.0,5.0,2,49.0,13.0,40.0,0,1,1
3553,29.0,1.0,18.0,1.0,4,49.0,0.0,18.0,1,1,0
3554,32.0,7.0,19.0,5.0,4,49.0,0.0,40.0,1,1,0
3555,26.0,1.0,19.0,1.0,3,49.0,1.0,45.0,1,1,0
3556,35.0,1.0,20.0,1.0,1,151.0,1.0,30.0,0,1,0
3557,55.0,7.0,23.0,5.0,2,150.0,2.0,40.0,0,1,0
3558,18.0,7.0,16.0,1.0,2,16.0,1.0,10.0,1,1,1
3559,44.0,1.0,16.0,5.0,2,151.0,2.0,50.0,0,1,0
3560,84.0,1.0,21.0,1.0,2,49.0,0.0,50.0,1,1,1
3561,60.0,1.0,15.0,5.0,2,49.0,2.0,8.0,0,1,0
3562,36.0,1.0,21.0,1.0,3,49.0,0.0,40.0,1,1,1
3563,44.0,4.0,20.0,1.0,0,49.0,1.0,40.0,0,1,1
3564,49.0,1.0,7.0,5.0,0,49.0,13.0,40.0,1,1,1
3565,80.0,2.0,22.0,1.0,0,49.0,4.0,45.0,1,1,1
3566,37.0,2.0,19.0,1.0,1,49.0,1.0,50.0,1,1,1
3567,44.0,1.0,23.0,1.0,0,49.0,0.0,4.0,1,1,1
3568,37.0,1.0,19.0,1.0,0,49.0,0.0,40.0,1,1,1
3569,46.0,4.0,16.0,5.0,-1,49.0,12.0,8.0,0,1,1
3570,22.0,2.0,21.0,1.0,0,6.0,0.0,50.0,1,1,1
3571,76.0,1.0,21.0,1.0,3,49.0,0.0,40.0,1,1,1
3572,23.0,1.0,16.0,1.0,4,49.0,1.0,40.0,1,1,0
3573,51.0,1.0,22.0,1.0,0,203.0,1.0,40.0,0,1,1
3574,24.0,1.0,16.0,5.0,3,329.0,12.0,30.0,1,0,0
3575,22.0,7.0,19.0,1.0,3,49.0,1.0,40.0,1,1,1
3576,92.0,5.0,21.0,5.0,2,49.0,7.0,30.0,0,1,1
3577,42.0,4.0,21.0,1.0,0,49.0,0.0,40.0,0,1,1
3578,18.0,7.0,19.0,3.0,0,6.0,0.0,60.0,0,0,1
3579,35.0,1.0,20.0,1.0,2,6.0,5.0,40.0,0,1,0
3580,21.0,4.0,21.0,1.0,0,49.0,1.0,40.0,1,0,1
3581,34.0,1.0,21.0,1.0,0,49.0,0.0,40.0,0,1,0
3582,48.0,1.0,21.0,1.0,2,370.0,5.0,15.0,1,1,1
3583,38.0,4.0,21.0,1.0,3,6.0,4.0,40.0,1,1,0
3584,65.0,1.0,19.0,1.0,1,49.0,1.0,8.0,0,1,0
3585,23.0,1.0,17.0,1.0,3,512.0,0.0,75.0,1,1,1
3586,26.0,1.0,21.0,1.0,0,49.0,1.0,40.0,1,1,1
3587,64.0,1.0,13.0,5.0,1,442.0,16.0,10.0,1,0,0
3588,36.0,1.0,21.0,1.0,3,323.0,0.0,40.0,1,1,1
3589,35.0,1.0,16.0,5.0,2,49.0,2.0,40.0,0,1,0
3590,44.0,1.0,17.0,1.0,2,51.0,1.0,25.0,1,1,1
3591,67.0,1.0,20.0,1.0,4,49.0,0.0,50.0,1,1,0
3592,68.0,2.0,21.0,5.0,1,467.0,0.0,40.0,0,1,0
3593,32.0,1.0,21.0,1.0,0,214.0,1.0,40.0,1,1,1
3594,82.0,1.0,19.0,1.0,4,303.0,1.0,14.0,1,1,1
3595,69.0,1.0,20.0,1.0,0,49.0,1.0,45.0,0,1,1
3596,61.0,1.0,21.0,5.0,3,303.0,12.0,20.0,1,1,1
3597,55.0,4.0,19.0,1.0,3,49.0,1.0,40.0,1,1,1
3598,32.0,1.0,21.0,5.0,2,49.0,3.0,40.0,0,1,0
3599,23.0,7.0,16.0,1.0,4,49.0,10.0,53.0,0,0,0
3600,82.0,3.0,20.0,5.0,4,49.0,12.0,42.0,1,0,0
3601,18.0,2.0,20.0,1.0,2,49.0,1.0,60.0,1,1,0
3602,48.0,1.0,19.0,2.0,2,49.0,16.0,40.0,0,1,0
3603,27.0,1.0,22.0,5.0,2,42.0,7.0,40.0,0,1,1
3604,76.0,1.0,21.0,1.0,3,16.0,0.0,50.0,1,1,1
3605,18.0,1.0,16.0,5.0,3,50.0,7.0,29.0,1,1,1
3606,22.0,1.0,19.0,1.0,3,49.0,1.0,18.0,1,1,1
3607,49.0,1.0,21.0,5.0,3,6.0,0.0,40.0,1,1,1
3608,36.0,5.0,16.0,1.0,2,49.0,1.0,40.0,0,1,1
3609,62.0,7.0,19.0,3.0,0,49.0,0.0,40.0,0,1,1
3610,84.0,1.0,20.0,3.0,4,508.0,0.0,30.0,1,0,1
3611,50.0,1.0,17.0,5.0,1,203.0,13.0,19.0,1,0,1
3612,56.0,1.0,16.0,1.0,0,49.0,0.0,40.0,1,1,0
3613,26.0,4.0,21.0,1.0,0,49.0,0.0,75.0,1,1,1
3614,30.0,1.0,19.0,5.0,0,16.0,2.0,20.0,1,1,0
3615,78.0,6.0,19.0,1.0,0,49.0,1.0,14.0,0,1,0
3616,18.0,3.0,24.0,1.0,0,49.0,0.0,50.0,1,0,1
3617,37.0,5.0,16.0,1.0,0,49.0,0.0,40.0,1,1,1
3618,31.0,1.0,23.0,5.0,3,55.0,2.0,40.0,1,1,0
3619,20.0,1.0,19.0,5.0,0,49.0,2.0,36.0,0,1,0
3620,61.0,1.0,15.0,5.0,1,49.0,0.0,40.0,1,1,0
3621,23.0,3.0,16.0,1.0,1,49.0,0.0,35.0,0,1,0
3622,41.0,1.0,18.0,5.0,1,6.0,2.0,39.0,1,1,0
3623,42.0,1.0,21.0,5.0,2,203.0,15.0,15.0,0,1,0
3624,50.0,1.0,16.0,1.0,1,8.0,0.0,12.0,0,1,0
3625,44.0,2.0,10.0,1.0,4,48.0,1.0,40.0,1,1,0
3626,65.0,1.0,21.0,1.0,1,8.0,0.0,40.0,0,1,1
3627,68.0,7.0,20.0,1.0,3,214.0,0.0,30.0,1,1,0
3628,87.0,3.0,20.0,1.0,0,329.0,1.0,40.0,0,1,0
3629,56.0,1.0,16.0,3.0,0,49.0,0.0,40.0,0,1,1
3630,68.0,2.0,16.0,2.0,2,49.0,10.0,40.0,0,1,0
3631,79.0,3.0,18.0,1.0,2,49.0,1.0,45.0,0,1,0
3632,39.0,1.0,16.0,1.0,2,150.0,1.0,15.0,1,1,1
3633,31.0,1.0,23.0,5.0,0,49.0,2.0,50.0,0,1,0
3634,42.0,7.0,23.0,1.0,3,49.0,1.0,30.0,1,1,1
3635,65.0,4.0,22.0,5.0,4,468.0,0.0,40.0,0,1,0
3636,39.0,3.0,19.0,5.0,1,467.0,17.0,50.0,0,0,0
3637,65.0,2.0,22.0,4.0,2,303.0,0.0,36.0,1,0,1
3638,48.0,1.0,13.0,1.0,4,323.0,0.0,61.0,1,1,0
3639,30.0,1.0,7.0,1.0,3,49.0,0.0,40.0,1,1,1
3640,42.0,1.0,19.0,1.0,1,512.0,1.0,40.0,0,1,0
3641,23.0,1.0,22.0,1.0,4,468.0,1.0,25.0,1,0,1
3642,34.0,1.0,18.0,5.0,3,468.0,0.0,20.0,1,1,0
3643,82.0,1.0,19.0,1.0,2,49.0,10.0,45.0,0,1,0
3644,68.0,1.0,18.0,1.0,1,214.0,0.0,25.0,1,1,1
3645,40.0,4.0,22.0,1.0,4,8.0,1.0,75.0,1,1,1
3646,22.0,3.0,19.0,5.0,5,508.0,17.0,19.0,0,1,0
3647,56.0,3.0,19.0,1.0,2,49.0,1.0,3.0,0,1,0
3648,56.0,1.0,16.0,1.0,1,49.0,10.0,50.0,1,1,0
3649,42.0,1.0,21.0,1.0,0,6.0,0.0,40.0,1,1,1
3650,54.0,1.0,21.0,1.0,0,42.0,0.0,40.0,0,1,1
3651,38.0,1.0,19.0,5.0,2,49.0,17.0,50.0,0,1,0
3652,46.0,1.0,18.0,3.0,1,49.0,2.0,40.0,1,1,0
3653,56.0,4.0,17.0,1.0,0,468.0,8.0,30.0,0,1,0
3654,44.0,6.0,19.0,5.0,0,49.0,0.0,18.0,0,1,1
3655,31.0,6.0,17.0,1.0,1,49.0,0.0,40.0,1,1,1
3656,52.0,1.0,3.0,1.0,1,329.0,1.0,55.0,0,1,0
3657,46.0,2.0,23.0,1.0,2,48.0,1.0,40.0,0,1,0
3658,28.0,1.0,21.0,1.0,0,49.0,0.0,40.0,0,1,1
3659,52.0,6.0,21.0,5.0,2,150.0,2.0,60.0,0,1,0
3660,69.0,1.0,19.0,3.0,0,8.0,0.0,40.0,0,1,0
3661,52.0,1.0,18.0,1.0,3,49.0,0.0,40.0,1,0,0
3662,47.0,1.0,19.0,5.0,1,449.0,0.0,50.0,0,1,0
3663,56.0,2.0,21.0,1.0,0,451.0,0.0,10.0,1,1,1
3664,23.0,1.0,21.0,1.0,4,51.0,0.0,40.0,0,1,0
3665,54.0,2.0,19.0,1.0,2,55.0,6.0,45.0,0,1,1
3666,50.0,1.0,16.0,1.0,1,49.0,8.0,20.0,0,1,0
3667,44.0,1.0,21.0,1.0,0,6.0,1.0,50.0,1,1,1
3668,30.0,1.0,23.0,1.0,0,49.0,0.0,40.0,1,1,1
3669,84.0,1.0,21.0,1.0,2,6.0,1.0,40.0,0,1,1
3670,53.0,1.0,19.0,1.0,2,49.0,0.0,40.0,0,1,0
3671,56.0,1.0,19.0,1.0,1,49.0,0.0,45.0,0,1,0
3672,18.0,1.0,21.0,5.0,2,512.0,0.0,20.0,1,1,1
3673,46.0,1.0,17.0,5.0,4,214.0,2.0,37.0,1,1,0
3674,18.0,6.0,21.0,1.0,3,49.0,1.0,61.0,1,1,1
3675,42.0,1.0,21.0,1.0,0,303.0,0.0,40.0,1,1,1
3676,33.0,1.0,19.0,3.0,0,6.0,0.0,39.0,0,1,0
3677,28.0,1.0,16.0,1.0,-1,49.0,0.0,40.0,0,1,1
3678,44.0,1.0,21.0,1.0,3,150.0,1.0,32.0,1,1,1
3679,42.0,6.0,21.0,1.0,0,329.0,0.0,40.0,1,1,1
3680,68.0,3.0,18.0,5.0,2,49.0,0.0,53.0,0,1,0
3681,78.0,3.0,22.0,1.0,3,203.0,0.0,45.0,1,0,1
3682,65.0,1.0,19.0,5.0,1,49.0,2.0,40.0,1,1,0
3683,37.0,1.0,21.0,1.0,0,151.0,0.0,20.0,1,1,0
3684,79.0,1.0,21.0,1.0,0,151.0,1.0,50.0,1,1,1
3685,34.0,1.0,22.0,1.0,0,49.0,0.0,45.0,1,1,1
3686,20.0,3.0,16.0,5.0,2,6.0,2.0,24.0,0,1,0
3687,73.0,2.0,21.0,1.0,4,49.0,0.0,55.0,1,1,1
3688,79.0,3.0,16.0,1.0,2,49.0,0.0,42.0,1,1,1
3689,82.0,1.0,16.0,1.0,2,468.0,1.0,35.0,1,1,0
3690,84.0,1.0,21.0,1.0,1,49.0,0.0,20.0,0,0,0
3691,19.0,1.0,22.0,1.0,2,468.0,1.0,50.0,0,1,1
3692,77.0,1.0,21.0,5.0,0,49.0,12.0,20.0,1,1,1
3693,69.0,2.0,20.0,1.0,1,49.0,1.0,4.0,0,1,0
3694,40.0,6.0,19.0,1.0,0,323.0,0.0,40.0,0,1,1
3695,43.0,1.0,18.0,1.0,4,49.0,1.0,50.0,0,1,0
3696,75.0,2.0,8.0,2.0,1,449.0,16.0,40.0,0,1,0
3697,48.0,1.0,16.0,1.0,3,49.0,1.0,40.0,1,1,0
3698,46.0,1.0,19.0,1.0,2,6.0,1.0,40.0,1,1,1
3699,42.0,1.0,19.0,3.0,1,49.0,0.0,50.0,0,1,0
3700,61.0,2.0,19.0,5.0,0,214.0,0.0,40.0,0,1,0
3701,42.0,1.0,19.0,3.0,1,49.0,0.0,40.0,1,1,1
3702,58.0,1.0,18.0,1.0,0,49.0,0.0,48.0,0,1,0
3703,30.0,1.0,21.0,5.0,2,49.0,0.0,30.0,1,1,1
3704,35.0,2.0,19.0,5.0,0,49.0,0.0,40.0,0,0,0
3705,40.0,3.0,21.0,1.0,0,49.0,0.0,40.0,0,1,1
3706,56.0,1.0,23.0,1.0,2,49.0,0.0,91.0,1,1,0
3707,60.0,2.0,7.0,4.0,2,49.0,0.0,40.0,1,1,1
3708,64.0,1.0,21.0,1.0,0,51.0,0.0,50.0,1,1,1
3709,39.0,1.0,13.0,5.0,2,49.0,0.0,50.0,0,1,0
3710,22.0,7.0,16.0,1.0,0,49.0,0.0,40.0,0,1,1
3711,25.0,1.0,8.0,1.0,1,16.0,1.0,4.0,1,1,0
3712,42.0,1.0,21.0,1.0,2,49.0,1.0,29.0,0,1,0
3713,38.0,1.0,22.0,5.0,0,16.0,12.0,45.0,1,1,1
3714,32.0,1.0,18.0,1.0,0,49.0,0.0,40.0,0,1,1
3715,22.0,1.0,21.0,1.0,1,6.0,4.0,45.0,1,1,1
3716,23.0,1.0,14.0,2.0,2,49.0,10.0,25.0,0,1,0
3717,24.0,3.0,16.0,1.0,3,49.0,1.0,40.0,1,1,0
3718,60.0,7.0,21.0,1.0,0,323.0,1.0,20.0,1,1,1
3719,46.0,1.0,16.0,5.0,0,442.0,0.0,40.0,0,0,0
3720,65.0,1.0,22.0,1.0,1,49.0,0.0,40.0,0,1,0
3721,37.0,1.0,18.0,1.0,0,49.0,0.0,40.0,1,1,1
3722,44.0,4.0,17.0,1.0,4,49.0,1.0,84.0,0,1,0
3723,46.0,1.0,18.0,5.0,0,49.0,7.0,12.0,0,1,0
3724,27.0,2.0,22.0,5.0,0,49.0,2.0,75.0,0,1,0
3725,22.0,5.0,22.0,1.0,3,370.0,0.0,40.0,1,1,1
3726,28.0,1.0,20.0,1.0,0,49.0,0.0,50.0,0,1,1
3727,43.0,1.0,21.0,1.0,4,51.0,1.0,68.0,1,1,0
3728,39.0,4.0,20.0,1.0,4,151.0,1.0,40.0,1,1,1
3729,35.0,1.0,19.0,1.0,0,23.0,0.0,40.0,0,1,1
3730,44.0,4.0,21.0,1.0,2,49.0,0.0,40.0,0,1,1
3731,25.0,4.0,24.0,1.0,0,49.0,0.0,40.0,1,1,1
3732,21.0,1.0,16.0,1.0,4,214.0,1.0,60.0,1,1,1
3733,39.0,1.0,21.0,1.0,0,449.0,1.0,68.0,1,1,1
3734,55.0,1.0,18.0,1.0,3,49.0,1.0,40.0,1,1,0
3735,17.0,1.0,22.0,1.0,2,49.0,1.0,40.0,0,1,0
3736,22.0,4.0,21.0,1.0,2,49.0,1.0,60.0,0,1,1
3737,22.0,1.0,6.0,5.0,4,50.0,7.0,40.0,1,0,1
3738,53.0,1.0,16.0,1.0,1,49.0,0.0,15.0,0,1,1
3739,35.0,1.0,23.0,1.0,1,8.0,1.0,40.0,0,1,0
3740,36.0,2.0,18.0,1.0,1,6.0,1.0,50.0,0,1,0
3741,74.0,1.0,19.0,1.0,2,49.0,0.0,40.0,0,1,0
3742,20.0,2.0,21.0,2.0,1,150.0,2.0,36.0,1,1,1
3743,46.0,7.0,16.0,1.0,2,49.0,10.0,40.0,0,1,0
3744,57.0,1.0,14.0,1.0,4,16.0,1.0,14.0,0,1,0
3745,67.0,1.0,16.0,5.0,0,49.0,2.0,45.0,0,1,0
3746,59.0,1.0,17.0,1.0,0,203.0,4.0,96.0,0,1,1
3747,60.0,1.0,3.0,1.0,1,49.0,1.0,75.0,0,1,0
3748,49.0,1.0,16.0,1.0,2,214.0,17.0,40.0,0,1,0
3749,23.0,7.0,19.0,5.0,2,20.0,2.0,50.0,0,1,0
3750,56.0,1.0,19.0,5.0,1,150.0,17.0,25.0,0,1,0
3751,52.0,4.0,21.0,5.0,1,49.0,13.0,50.0,0,0,1
3752,59.0,1.0,21.0,2.0,1,203.0,2.0,55.0,0,1,1
3753,73.0,1.0,15.0,5.0,2,323.0,12.0,40.0,1,0,0
3754,26.0,1.0,21.0,1.0,1,49.0,0.0,60.0,0,1,0
3755,82.0,7.0,21.0,1.0,0,49.0,1.0,32.0,1,1,1
3756,37.0,1.0,22.0,1.0,2,49.0,0.0,20.0,0,1,1
3757,25.0,1.0,20.0,1.0,0,468.0,1.0,40.0,1,0,1
3758,49.0,1.0,16.0,5.0,2,49.0,2.0,25.0,1,1,0
3759,58.0,3.0,16.0,1.0,1,214.0,0.0,40.0,1,1,0
3760,53.0,1.0,16.0,1.0,2,49.0,0.0,40.0,1,0,0
3761,37.0,4.0,17.0,2.0,3,468.0,1.0,60.0,1,1,1
3762,38.0,1.0,22.0,1.0,3,49.0,0.0,15.0,1,1,1
3763,18.0,1.0,16.0,3.0,1,49.0,10.0,3.0,0,1,0
3764,31.0,1.0,20.0,1.0,0,468.0,0.0,48.0,1,1,1
3765,42.0,1.0,19.0,1.0,4,49.0,2.0,68.0,0,1,0
3766,17.0,1.0,16.0,3.0,2,150.0,0.0,25.0,0,1,0
3767,68.0,7.0,21.0,1.0,2,49.0,0.0,40.0,1,1,1
3768,64.0,1.0,18.0,5.0,2,49.0,17.0,50.0,1,1,0
3769,25.0,6.0,18.0,1.0,4,49.0,1.0,45.0,1,1,0
3770,41.0,1.0,14.0,3.0,1,49.0,0.0,20.0,0,1,0
3771,68.0,1.0,16.0,2.0,0,6.0,2.0,40.0,0,1,1
3772,20.0,1.0,16.0,1.0,2,6.0,1.0,30.0,0,1,0
3773,40.0,1.0,22.0,3.0,3,49.0,2.0,40.0,1,1,1
3774,40.0,1.0,18.0,1.0,0,49.0,0.0,25.0,1,1,0
3775,45.0,1.0,22.0,3.0,3,451.0,0.0,40.0,1,0,1
3776,36.0,1.0,18.0,5.0,3,468.0,2.0,40.0,1,1,0
3777,25.0,1.0,18.0,5.0,2,49.0,17.0,30.0,1,1,0
3778,40.0,1.0,22.0,1.0,1,49.0,1.0,40.0,1,1,1
3779,35.0,1.0,21.0,5.0,0,150.0,7.0,55.0,1,1,1
3780,77.0,4.0,3.0,1.0,2,49.0,0.0,40.0,1,1,1
3781,28.0,1.0,16.0,1.0,0,329.0,1.0,20.0,1,1,0
3782,20.0,1.0,19.0,5.0,0,49.0,2.0,40.0,0,0,0
3783,54.0,1.0,21.0,5.0,1,49.0,2.0,40.0,0,1,0
3784,20.0,1.0,21.0,1.0,1,49.0,1.0,35.0,0,1,0
3785,61.0,1.0,21.0,2.0,1,49.0,16.0,38.0,1,1,0
3786,69.0,5.0,7.0,1.0,0,49.0,0.0,14.0,0,1,1
3787,80.0,1.0,23.0,1.0,0,6.0,1.0,75.0,0,1,0
3788,24.0,1.0,21.0,5.0,4,49.0,17.0,96.0,1,1,0
3789,79.0,1.0,21.0,1.0,-1,303.0,0.0,40.0,0,1,1
3790,28.0,1.0,19.0,1.0,0,303.0,0.0,40.0,1,0,1
3791,64.0,1.0,18.0,1.0,0,150.0,1.0,40.0,0,1,0
3792,34.0,1.0,19.0,1.0,0,16.0,0.0,96.0,1,1,1
3793,40.0,5.0,18.0,4.0,0,49.0,0.0,40.0,1,0,1
3794,40.0,1.0,15.0,5.0,2,451.0,17.0,40.0,0,1,0
3795,34.0,3.0,19.0,1.0,1,49.0,10.0,40.0,0,1,0
3796,87.0,2.0,21.0,1.0,3,49.0,1.0,75.0,1,1,1
3797,65.0,1.0,21.0,3.0,3,451.0,0.0,40.0,1,1,0
3798,48.0,1.0,12.0,1.0,0,303.0,1.0,40.0,1,1,1
3799,22.0,7.0,21.0,3.0,1,49.0,0.0,36.0,1,1,1
3800,22.0,1.0,5.0,1.0,0,49.0,0.0,40.0,1,1,1
3801,19.0,1.0,22.0,4.0,0,49.0,0.0,40.0,1,1,1
3802,26.0,1.0,5.0,1.0,0,49.0,1.0,30.0,1,1,1
3803,60.0,1.0,19.0,1.0,2,303.0,0.0,19.0,0,1,0
3804,55.0,1.0,20.0,1.0,0,8.0,1.0,40.0,0,1,1
3805,55.0,1.0,22.0,3.0,0,49.0,2.0,45.0,1,1,1
3806,37.0,1.0,22.0,1.0,4,49.0,1.0,55.0,1,1,1
3807,62.0,1.0,21.0,1.0,4,49.0,0.0,40.0,1,1,1
3808,62.0,1.0,18.0,1.0,1,49.0,1.0,40.0,0,1,0
3809,52.0,1.0,20.0,1.0,0,323.0,0.0,45.0,1,1,1
3810,56.0,4.0,22.0,1.0,1,150.0,1.0,40.0,1,1,1
3811,62.0,1.0,19.0,1.0,0,468.0,0.0,50.0,0,1,0
3812,36.0,1.0,19.0,1.0,4,20.0,1.0,29.0,0,1,0
3813,42.0,1.0,17.0,1.0,0,49.0,1.0,40.0,1,1,1
3814,44.0,1.0,22.0,1.0,2,49.0,0.0,25.0,0,0,1
3815,69.0,1.0,22.0,1.0,3,214.0,1.0,40.0,1,1,1
3816,47.0,1.0,19.0,5.0,1,151.0,7.0,8.0,0,1,0
3817,78.0,1.0,22.0,1.0,1,49.0,0.0,40.0,1,1,1
3818,25.0,1.0,21.0,1.0,0,150.0,1.0,55.0,0,1,1
3819,75.0,3.0,22.0,1.0,1,16.0,0.0,40.0,0,1,0
3820,57.0,6.0,21.0,1.0,0,49.0,1.0,35.0,0,1,0
3821,30.0,1.0,22.0,1.0,2,30.0,0.0,75.0,0,1,1
3822,46.0,3.0,16.0,5.0,3,214.0,12.0,40.0,0,1,0
3823,31.0,1.0,21.0,2.0,0,303.0,1.0,15.0,1,1,1
3824,67.0,6.0,24.0,1.0,2,49.0,0.0,37.0,1,1,1
3825,52.0,1.0,21.0,1.0,2,6.0,1.0,40.0,1,1,0
3826,32.0,1.0,18.0,5.0,2,49.0,0.0,40.0,0,1,0
3827,39.0,1.0,18.0,1.0,0,49.0,1.0,75.0,1,1,1
3828,34.0,1.0,21.0,1.0,-1,51.0,0.0,40.0,0,1,1
3829,47.0,2.0,22.0,1.0,0,468.0,0.0,45.0,1,1,1
3830,60.0,1.0,22.0,1.0,4,49.0,5.0,35.0,1,1,1
3831,60.0,3.0,18.0,5.0,3,49.0,2.0,40.0,1,0,0
3832,37.0,1.0,21.0,4.0,4,49.0,0.0,40.0,1,1,1
3833,19.0,1.0,16.0,1.0,0,49.0,1.0,30.0,1,1,0
3834,63.0,1.0,18.0,1.0,4,49.0,0.0,60.0,1,1,0
3835,24.0,1.0,12.0,1.0,0,48.0,0.0,40.0,0,1,1
3836,54.0,1.0,19.0,1.0,0,323.0,0.0,20.0,1,1,1
3837,62.0,1.0,20.0,1.0,1,49.0,5.0,40.0,0,1,0
3838,20.0,1.0,16.0,1.0,1,323.0,1.0,8.0,0,1,0
3839,56.0,2.0,19.0,1.0,0,303.0,1.0,40.0,1,1,1
3840,27.0,3.0,21.0,1.0,1,16.0,2.0,84.0,0,1,0
3841,42.0,1.0,20.0,1.0,4,323.0,1.0,40.0,1,1,1
3842,36.0,1.0,19.0,3.0,3,323.0,0.0,45.0,0,1,1
3843,24.0,1.0,19.0,5.0,0,49.0,2.0,60.0,0,1,0
3844,24.0,1.0,20.0,1.0,1,49.0,0.0,20.0,1,1,0
3845,32.0,1.0,16.0,1.0,3,49.0,1.0,48.0,1,1,0
3846,27.0,1.0,22.0,1.0,1,49.0,1.0,60.0,1,1,1
3847,28.0,1.0,22.0,4.0,2,51.0,0.0,40.0,0,0,1
3848,43.0,4.0,21.0,1.0,2,49.0,0.0,40.0,0,1,1
3849,34.0,3.0,21.0,1.0,1,49.0,1.0,4.0,1,1,1
3850,38.0,1.0,22.0,1.0,0,49.0,0.0,40.0,1,1,1
3851,18.0,1.0,21.0,5.0,4,49.0,12.0,4.0,0,1,0
3852,21.0,6.0,22.0,1.0,1,49.0,0.0,40.0,1,1,1
3853,33.0,1.0,16.0,5.0,0,527.0,7.0,61.0,0,1,0
3854,19.0,1.0,22.0,5.0,0,49.0,13.0,40.0,1,1,1
3855,55.0,1.0,21.0,1.0,0,16.0,0.0,40.0,1,1,1
3856,21.0,1.0,18.0,3.0,2,49.0,2.0,40.0,0,1,0
3857,34.0,1.0,15.0,5.0,3,49.0,2.0,40.0,1,1,0
3858,41.0,6.0,21.0,1.0,0,49.0,0.0,30.0,1,1,1
3859,73.0,1.0,21.0,5.0,2,49.0,0.0,61.0,1,1,0
3860,32.0,2.0,5.0,2.0,2,150.0,2.0,53.0,1,1,1
3861,49.0,1.0,3.0,1.0,1,49.0,0.0,20.0,1,0,0
3862,53.0,1.0,10.0,1.0,4,49.0,0.0,40.0,1,0,0
3863,82.0,6.0,21.0,1.0,0,49.0,1.0,40.0,1,1,1
3864,45.0,1.0,22.0,5.0,4,329.0,12.0,45.0,1,0,0
3865,36.0,1.0,18.0,1.0,0,49.0,0.0,20.0,0,1,0
3866,33.0,1.0,19.0,1.0,0,150.0,1.0,60.0,0,1,0
3867,92.0,6.0,19.0,1.0,0,49.0,0.0,20.0,1,1,1
3868,33.0,1.0,19.0,5.0,2,42.0,0.0,40.0,1,1,0
3869,23.0,1.0,21.0,1.0,0,49.0,0.0,40.0,1,0,1
3870,25.0,2.0,21.0,1.0,0,49.0,0.0,45.0,1,1,1
3871,23.0,2.0,21.0,1.0,0,214.0,1.0,20.0,1,1,1
3872,39.0,1.0,17.0,1.0,3,23.0,0.0,25.0,1,1,1
3873,40.0,1.0,19.0,1.0,4,203.0,1.0,68.0,1,1,1
3874,47.0,1.0,22.0,1.0,4,6.0,0.0,3.0,1,1,1
3875,64.0,1.0,16.0,3.0,3,49.0,0.0,40.0,1,1,1
3876,18.0,7.0,21.0,1.0,0,527.0,0.0,40.0,1,0,1
3877,62.0,1.0,19.0,1.0,2,49.0,0.0,10.0,0,0,0
3878,20.0,1.0,19.0,1.0,1,51.0,0.0,84.0,0,1,0
3879,44.0,2.0,19.0,5.0,1,49.0,17.0,40.0,0,1,0
3880,32.0,1.0,16.0,5.0,4,8.0,17.0,40.0,1,1,0
3881,54.0,3.0,20.0,5.0,2,49.0,2.0,40.0,0,1,0
3882,38.0,1.0,24.0,1.0,0,8.0,4.0,50.0,1,1,1
3883,29.0,4.0,22.0,1.0,-1,49.0,1.0,60.0,0,1,1
3884,35.0,2.0,16.0,1.0,3,49.0,1.0,32.0,1,0,0
3885,36.0,1.0,21.0,1.0,2,49.0,1.0,40.0,1,1,1
3886,51.0,1.0,18.0,1.0,0,329.0,0.0,91.0,0,1,0
3887,18.0,1.0,19.0,1.0,1,151.0,1.0,40.0,0,1,0
3888,78.0,1.0,10.0,1.0,4,151.0,9.0,40.0,1,1,0
3889,42.0,1.0,18.0,5.0,3,151.0,13.0,40.0,1,1,1
3890,49.0,4.0,19.0,1.0,2,49.0,0.0,40.0,0,1,1
3891,60.0,5.0,19.0,5.0,0,49.0,2.0,30.0,1,1,1
3892,27.0,1.0,19.0,1.0,4,49.0,0.0,18.0,1,1,1
3893,42.0,1.0,18.0,1.0,2,16.0,0.0,40.0,1,1,0
3894,31.0,1.0,14.0,5.0,3,203.0,12.0,40.0,1,1,0
3895,41.0,2.0,21.0,5.0,0,49.0,7.0,20.0,0,1,0
3896,45.0,1.0,20.0,1.0,4,49.0,0.0,60.0,0,1,1
3897,52.0,2.0,19.0,1.0,4,49.0,9.0,8.0,1,1,0
3898,53.0,4.0,21.0,1.0,0,303.0,1.0,30.0,1,1,1
3899,17.0,3.0,19.0,5.0,1,49.0,2.0,20.0,0,1,0
3900,39.0,7.0,19.0,1.0,0,49.0,2.0,45.0,0,0,0
3901,68.0,7.0,22.0,1.0,-1,6.0,0.0,40.0,0,1,1
3902,25.0,8.0,19.0,5.0,1,6.0,17.0,20.0,0,1,0
3903,43.0,1.0,16.0,3.0,0,16.0,0.0,50.0,0,1,0
3904,54.0,6.0,19.0,1.0,3,49.0,1.0,50.0,1,1,0
3905,52.0,1.0,5.0,1.0,4,303.0,0.0,40.0,1,1,1
3906,41.0,1.0,19.0,1.0,4,49.0,0.0,40.0,0,1,0
3907,56.0,1.0,19.0,5.0,0,150.0,12.0,50.0,0,1,0
3908,52.0,1.0,19.0,5.0,2,329.0,5.0,40.0,0,1,0
3909,27.0,1.0,16.0,1.0,0,49.0,0.0,30.0,0,1,1
3910,25.0,4.0,22.0,1.0,0,49.0,0.0,68.0,1,1,1
3911,55.0,1.0,18.0,1.0,2,150.0,0.0,20.0,1,1,1
3912,59.0,1.0,21.0,1.0,4,303.0,0.0,35.0,1,1,1
3913,74.0,5.0,16.0,5.0,0,49.0,0.0,40.0,1,1,1
3914,28.0,5.0,24.0,1.0,0,49.0,1.0,40.0,1,1,1
3915,50.0,1.0,19.0,1.0,2,49.0,0.0,32.0,1,1,1
3916,47.0,3.0,14.0,1.0,0,508.0,0.0,30.0,1,1,0
3917,23.0,1.0,19.0,1.0,4,23.0,1.0,40.0,1,1,0
3918,38.0,4.0,22.0,3.0,1,49.0,0.0,40.0,1,0,0
3919,68.0,1.0,17.0,5.0,4,51.0,12.0,32.0,1,1,0
3920,20.0,1.0,21.0,1.0,0,49.0,1.0,40.0,0,1,1
3921,79.0,3.0,5.0,1.0,0,468.0,1.0,8.0,1,0,1
3922,30.0,1.0,21.0,1.0,3,49.0,0.0,40.0,1,1,1
3923,30.0,1.0,21.0,1.0,2,49.0,0.0,8.0,1,1,1
3924,58.0,1.0,19.0,1.0,2,49.0,4.0,40.0,0,1,0
3925,35.0,1.0,19.0,1.0,0,49.0,0.0,40.0,1,1,0
3926,30.0,1.0,21.0,5.0,4,341.0,2.0,24.0,1,1,0
3927,56.0,1.0,14.0,2.0,1,150.0,16.0,40.0,0,1,0
3928,51.0,4.0,21.0,1.0,0,150.0,0.0,20.0,0,1,0
3929,37.0,1.0,22.0,5.0,1,6.0,2.0,40.0,1,1,0
3930,20.0,4.0,23.0,1.0,0,49.0,0.0,40.0,1,1,1
3931,19.0,1.0,21.0,5.0,4,6.0,0.0,35.0,1,1,1
3932,43.0,2.0,21.0,1.0,0,6.0,0.0,20.0,1,1,1
3933,92.0,1.0,22.0,1.0,0,323.0,0.0,40.0,0,1,1
3934,56.0,3.0,20.0,1.0,3,49.0,8.0,45.0,1,1,0
3935,53.0,1.0,16.0,1.0,0,468.0,1.0,36.0,0,1,0
3936,28.0,7.0,18.0,3.0,0,50.0,0.0,40.0,1,1,1
3937,20.0,1.0,16.0,1.0,0,49.0,1.0,40.0,1,1,0
3938,62.0,1.0,21.0,1.0,1,49.0,1.0,3.0,0,1,0
3939,40.0,1.0,19.0,1.0,4,49.0,1.0,40.0,0,1,0
3940,69.0,1.0,18.0,5.0,1,51.0,2.0,20.0,0,1,0
3941,28.0,1.0,18.0,1.0,2,20.0,1.0,40.0,0,1,0
3942,32.0,2.0,23.0,2.0,0,508.0,1.0,40.0,1,1,1
3943,87.0,1.0,16.0,1.0,1,49.0,0.0,40.0,0,1,0
3944,57.0,1.0,22.0,1.0,0,49.0,0.0,75.0,1,1,1
3945,62.0,1.0,20.0,2.0,1,49.0,16.0,40.0,0,1,0
3946,41.0,1.0,21.0,5.0,4,49.0,12.0,48.0,1,1,0
3947,23.0,1.0,21.0,5.0,2,49.0,2.0,50.0,1,1,0
3948,26.0,1.0,19.0,5.0,1,49.0,17.0,40.0,0,1,0
3949,57.0,1.0,17.0,5.0,4,6.0,2.0,40.0,1,0,0
3950,28.0,5.0,18.0,1.0,1,6.0,2.0,60.0,1,1,0
3951,44.0,1.0,22.0,5.0,1,49.0,0.0,60.0,0,1,1
3952,24.0,1.0,21.0,2.0,1,49.0,16.0,30.0,0,1,0
3953,77.0,6.0,16.0,5.0,4,370.0,0.0,40.0,1,1,0
3954,22.0,1.0,16.0,1.0,1,49.0,1.0,36.0,1,1,0
3955,40.0,7.0,14.0,1.0,0,49.0,1.0,40.0,0,1,0
3956,33.0,1.0,19.0,2.0,4,45.0,16.0,20.0,1,1,0
3957,61.0,5.0,16.0,1.0,3,8.0,0.0,50.0,1,1,1
3958,22.0,1.0,14.0,1.0,1,49.0,1.0,24.0,0,1,0
3959,69.0,3.0,14.0,1.0,0,323.0,1.0,40.0,0,1,0
3960,56.0,1.0,16.0,5.0,1,49.0,2.0,45.0,0,1,0
3961,73.0,1.0,19.0,5.0,0,49.0,2.0,18.0,1,1,1
3962,34.0,4.0,22.0,1.0,0,49.0,0.0,40.0,1,1,1
3963,47.0,1.0,16.0,1.0,1,49.0,0.0,20.0,0,1,0
3964,52.0,1.0,16.0,5.0,0,49.0,12.0,40.0,1,1,0
3965,46.0,1.0,19.0,5.0,0,20.0,2.0,40.0,0,0,0
3966,51.0,1.0,19.0,1.0,0,49.0,0.0,45.0,1,1,1
3967,35.0,1.0,20.0,1.0,0,323.0,0.0,50.0,0,1,1
3968,45.0,4.0,21.0,2.0,2,49.0,1.0,50.0,1,1,1
3969,40.0,3.0,18.0,5.0,0,49.0,2.0,40.0,1,1,0
3970,43.0,4.0,19.0,1.0,0,49.0,0.0,40.0,0,1,1
3971,32.0,1.0,19.0,1.0,2,16.0,0.0,40.0,0,1,0
3972,36.0,1.0,19.0,5.0,1,49.0,2.0,40.0,0,1,0
3973,87.0,1.0,16.0,1.0,3,49.0,0.0,45.0,1,1,1
3974,23.0,1.0,16.0,1.0,0,49.0,1.0,32.0,1,1,0
3975,60.0,2.0,16.0,2.0,1,49.0,16.0,40.0,0,1,0
3976,68.0,1.0,19.0,1.0,2,49.0,0.0,40.0,1,1,0
3977,39.0,2.0,16.0,5.0,1,329.0,5.0,35.0,1,1,1
3978,65.0,1.0,16.0,1.0,4,51.0,1.0,40.0,1,0,1
3979,54.0,1.0,18.0,5.0,3,214.0,2.0,45.0,1,1,0
3980,53.0,1.0,14.0,5.0,1,50.0,2.0,40.0,0,1,0
3981,44.0,1.0,19.0,5.0,4,49.0,2.0,40.0,0,1,0
3982,47.0,1.0,16.0,5.0,4,49.0,2.0,45.0,0,1,0
3983,62.0,6.0,21.0,4.0,4,42.0,0.0,24.0,1,1,1
3984,41.0,7.0,22.0,2.0,1,49.0,2.0,45.0,1,1,1
3985,26.0,5.0,16.0,1.0,3,51.0,1.0,50.0,1,1,1
3986,51.0,2.0,21.0,1.0,2,323.0,0.0,35.0,1,1,1
3987,79.0,5.0,20.0,1.0,2,451.0,0.0,40.0,0,1,0
3988,60.0,1.0,16.0,5.0,2,49.0,0.0,91.0,0,1,0
3989,58.0,5.0,16.0,1.0,3,303.0,1.0,40.0,1,1,1
3990,33.0,1.0,21.0,5.0,4,329.0,2.0,50.0,1,1,0
3991,69.0,1.0,16.0,1.0,2,370.0,0.0,40.0,1,1,1
3992,22.0,1.0,21.0,1.0,0,49.0,0.0,30.0,0,1,1
3993,87.0,1.0,19.0,1.0,3,49.0,0.0,30.0,1,1,0
3994,48.0,1.0,18.0,1.0,2,49.0,0.0,40.0,1,1,1
3995,41.0,1.0,19.0,1.0,0,467.0,1.0,40.0,0,1,1
3996,46.0,7.0,21.0,1.0,0,51.0,1.0,38.0,0,1,1
3997,49.0,1.0,17.0,1.0,0,50.0,1.0,30.0,0,1,1
3998,27.0,3.0,3.0,1.0,0,49.0,0.0,40.0,0,1,0
3999,38.0,6.0,20.0,1.0,0,37.0,0.0,50.0,1,1,1
4000,30.0,1.0,18.0,5.0,0,49.0,12.0,40.0,0,1,0
4001,78.0,7.0,14.0,5.0,0,150.0,2.0,29.0,1,1,0
4002,46.0,4.0,19.0,1.0,3,6.0,1.0,30.0,1,1,1
4003,20.0,1.0,20.0,3.0,1,49.0,0.0,40.0,0,1,0
4004,19.0,3.0,21.0,1.0,4,49.0,0.0,40.0,0,1,0
4005,21.0,1.0,16.0,1.0,3,49.0,1.0,40.0,1,1,0
4006,64.0,1.0,21.0,1.0,0,303.0,1.0,45.0,0,1,0
4007,57.0,1.0,21.0,1.0,1,49.0,1.0,40.0,0,1,0
4008,48.0,6.0,16.0,1.0,0,49.0,1.0,40.0,0,1,0
4009,32.0,1.0,18.0,1.0,0,49.0,1.0,45.0,0,1,1
4010,28.0,1.0,18.0,5.0,0,451.0,0.0,12.0,1,1,0
4011,41.0,1.0,21.0,1.0,0,49.0,0.0,60.0,0,1,1
4012,20.0,6.0,19.0,1.0,2,49.0,0.0,45.0,0,1,0
4013,32.0,6.0,18.0,1.0,2,6.0,0.0,40.0,0,1,0
4014,49.0,1.0,16.0,1.0,3,49.0,0.0,50.0,1,0,1
4015,26.0,6.0,18.0,1.0,0,512.0,0.0,40.0,1,1,1
4016,21.0,1.0,16.0,5.0,0,49.0,2.0,40.0,0,1,0
4017,19.0,1.0,19.0,1.0,0,49.0,0.0,45.0,1,1,1
4018,26.0,1.0,21.0,1.0,0,49.0,0.0,19.0,1,1,1
4019,38.0,3.0,20.0,5.0,0,303.0,0.0,55.0,1,1,0
4020,24.0,1.0,17.0,5.0,2,49.0,2.0,24.0,0,1,0
4021,41.0,1.0,19.0,3.0,2,150.0,0.0,40.0,1,1,1
4022,79.0,4.0,22.0,1.0,0,49.0,0.0,30.0,0,1,1
4023,82.0,1.0,16.0,5.0,0,329.0,0.0,60.0,1,1,0
4024,17.0,2.0,18.0,3.0,2,49.0,10.0,29.0,0,1,0
4025,19.0,1.0,16.0,5.0,0,150.0,2.0,40.0,0,1,0
4026,44.0,1.0,7.0,1.0,3,49.0,0.0,45.0,1,1,1
4027,29.0,1.0,16.0,1.0,4,51.0,1.0,40.0,1,1,0
4028,26.0,1.0,20.0,5.0,1,49.0,0.0,30.0,0,1,0
4029,39.0,5.0,13.0,5.0,1,8.0,12.0,40.0,1,0,0
4030,51.0,3.0,19.0,1.0,2,16.0,1.0,20.0,1,1,1
4031,44.0,1.0,21.0,1.0,0,370.0,0.0,40.0,0,1,0
4032,28.0,1.0,16.0,1.0,0,50.0,0.0,45.0,0,1,1
4033,68.0,1.0,21.0,1.0,0,48.0,2.0,40.0,1,1,1
4034,24.0,3.0,21.0,1.0,-1,49.0,1.0,40.0,0,1,1
4035,58.0,1.0,21.0,1.0,0,49.0,1.0,10.0,0,1,1
4036,62.0,1.0,21.0,5.0,0,508.0,2.0,40.0,0,1,0
4037,79.0,2.0,19.0,1.0,3,49.0,1.0,60.0,1,1,0
4038,55.0,3.0,21.0,5.0,2,49.0,2.0,50.0,0,0,0
4039,30.0,3.0,19.0,5.0,1,49.0,7.0,30.0,0,0,0
4040,34.0,4.0,16.0,5.0,4,49.0,2.0,50.0,1,1,0
4041,21.0,1.0,16.0,1.0,2,49.0,1.0,40.0,0,1,1
4042,18.0,2.0,19.0,2.0,4,49.0,16.0,40.0,0,1,0
4043,48.0,1.0,19.0,1.0,0,51.0,1.0,25.0,0,1,1
4044,54.0,1.0,16.0,5.0,0,49.0,2.0,40.0,1,1,0
4045,17.0,7.0,21.0,1.0,0,16.0,1.0,36.0,0,0,0
4046,43.0,1.0,23.0,1.0,0,49.0,0.0,40.0,0,1,1
4047,29.0,1.0,20.0,3.0,0,49.0,0.0,30.0,1,1,1
4048,44.0,1.0,21.0,1.0,0,49.0,0.0,40.0,1,1,1
4049,44.0,1.0,16.0,1.0,2,49.0,9.0,50.0,0,1,0
4050,49.0,1.0,16.0,5.0,1,51.0,0.0,25.0,1,1,0
4051,51.0,2.0,5.0,3.0,3,49.0,0.0,40.0,1,1,1
4052,64.0,3.0,10.0,1.0,0,303.0,0.0,40.0,1,1,0
4053,61.0,1.0,14.0,1.0,0,49.0,0.0,40.0,0,1,0
4054,40.0,1.0,21.0,4.0,3,23.0,17.0,30.0,1,0,1
4055,34.0,2.0,20.0,1.0,4,6.0,0.0,50.0,1,1,1
4056,41.0,3.0,19.0,1.0,1,49.0,1.0,35.0,0,1,1
4057,30.0,6.0,19.0,1.0,1,6.0,1.0,40.0,1,1,0
4058,42.0,1.0,21.0,2.0,0,6.0,16.0,15.0,0,1,0
4059,40.0,4.0,23.0,3.0,0,49.0,0.0,19.0,0,0,1
4060,18.0,1.0,19.0,5.0,1,203.0,2.0,40.0,0,1,0
4061,84.0,1.0,21.0,1.0,2,49.0,0.0,40.0,0,1,0
4062,30.0,3.0,16.0,2.0,0,303.0,1.0,40.0,0,1,1
4063,28.0,7.0,22.0,3.0,2,51.0,0.0,40.0,1,1,1
4064,23.0,1.0,16.0,5.0,2,49.0,7.0,35.0,0,1,0
4065,54.0,6.0,15.0,1.0,1,49.0,0.0,20.0,0,1,0
4066,75.0,1.0,10.0,1.0,0,49.0,1.0,15.0,0,1,0
4067,39.0,1.0,16.0,1.0,0,151.0,0.0,55.0,0,1,0
4068,32.0,1.0,22.0,1.0,0,49.0,0.0,38.0,1,1,1
4069,18.0,1.0,16.0,5.0,1,49.0,17.0,48.0,0,1,0
4070,52.0,2.0,16.0,1.0,0,49.0,0.0,20.0,1,1,1
4071,48.0,6.0,22.0,1.0,0,49.0,0.0,35.0,1,1,1
4072,25.0,7.0,17.0,1.0,2,49.0,0.0,37.0,1,1,1
4073,55.0,6.0,22.0,1.0,1,150.0,0.0,20.0,0,1,1
4074,28.0,4.0,6.0,1.0,2,49.0,0.0,40.0,0,1,1
4075,30.0,5.0,16.0,1.0,0,51.0,1.0,40.0,1,1,1
4076,43.0,6.0,19.0,1.0,0,51.0,0.0,60.0,1,1,1
4077,51.0,1.0,21.0,1.0,3,203.0,0.0,20.0,1,1,0
4078,87.0,2.0,16.0,5.0,4,49.0,2.0,68.0,1,1,0
4079,55.0,2.0,19.0,2.0,0,51.0,10.0,40.0,0,1,0
4080,69.0,1.0,14.0,5.0,0,49.0,12.0,40.0,1,0,0
4081,18.0,1.0,22.0,1.0,0,49.0,0.0,40.0,1,1,1
4082,25.0,1.0,21.0,1.0,3,449.0,1.0,40.0,1,1,1
4083,40.0,1.0,21.0,1.0,1,214.0,0.0,40.0,1,1,1
4084,65.0,1.0,22.0,5.0,0,49.0,0.0,25.0,0,1,0
4085,41.0,1.0,18.0,5.0,0,49.0,8.0,68.0,0,1,0
4086,60.0,7.0,20.0,1.0,0,49.0,6.0,50.0,1,1,1
4087,65.0,1.0,15.0,1.0,1,468.0,1.0,31.0,1,1,0
4088,59.0,1.0,20.0,1.0,0,51.0,0.0,40.0,1,1,1
4089,53.0,1.0,18.0,5.0,1,49.0,2.0,40.0,1,1,1
4090,30.0,1.0,17.0,1.0,1,49.0,1.0,40.0,0,1,0
4091,24.0,1.0,18.0,1.0,1,49.0,1.0,55.0,0,1,0
4092,45.0,1.0,16.0,1.0,4,42.0,1.0,19.0,0,1,0
4093,44.0,1.0,14.0,5.0,2,323.0,12.0,45.0,1,1,0
4094,44.0,1.0,15.0,5.0,2,49.0,2.0,40.0,0,1,0
4095,17.0,3.0,20.0,5.0,1,527.0,17.0,29.0,0,1,0
4096,19.0,7.0,20.0,1.0,0,48.0,0.0,20.0,1,0,1
4097,18.0,6.0,14.0,1.0,2,49.0,0.0,45.0,0,1,0
4098,26.0,1.0,14.0,5.0,0,49.0,7.0,3.0,1,1,0
4099,34.0,1.0,22.0,1.0,0,468.0,0.0,40.0,1,1,1
4100,31.0,1.0,5.0,1.0,0,49.0,0.0,40.0,1,1,1
4101,18.0,7.0,19.0,1.0,0,150.0,0.0,40.0,1,0,1
4102,42.0,1.0,21.0,1.0,2,49.0,1.0,19.0,0,0,1
4103,22.0,1.0,16.0,1.0,0,49.0,0.0,50.0,0,1,1
4104,26.0,1.0,16.0,3.0,0,451.0,0.0,96.0,0,0,0
4105,39.0,1.0,18.0,5.0,2,6.0,0.0,3.0,1,1,0
4106,54.0,1.0,19.0,5.0,0,49.0,12.0,35.0,0,0,0
4107,29.0,1.0,22.0,1.0,0,49.0,0.0,25.0,1,1,1
4108,54.0,1.0,19.0,5.0,-1,150.0,2.0,12.0,0,1,1
4109,74.0,1.0,18.0,5.0,0,468.0,12.0,20.0,0,1,0
4110,22.0,7.0,19.0,1.0,3,49.0,1.0,40.0,1,1,1
4111,45.0,1.0,21.0,5.0,4,49.0,2.0,40.0,0,1,0
4112,33.0,2.0,19.0,1.0,0,508.0,0.0,20.0,1,1,0
4113,31.0,2.0,21.0,1.0,0,370.0,0.0,35.0,1,0,1
4114,25.0,1.0,21.0,1.0,0,49.0,1.0,40.0,0,1,0
4115,21.0,1.0,21.0,1.0,1,50.0,0.0,36.0,1,1,0
4116,42.0,6.0,19.0,1.0,3,203.0,1.0,40.0,0,1,0
4117,44.0,6.0,5.0,1.0,0,341.0,0.0,40.0,0,1,1
4118,25.0,1.0,19.0,5.0,1,49.0,7.0,50.0,0,1,0
4119,36.0,1.0,22.0,1.0,-1,49.0,1.0,40.0,0,1,1
4120,46.0,4.0,16.0,1.0,3,49.0,8.0,53.0,1,1,0
4121,79.0,1.0,19.0,1.0,2,49.0,0.0,40.0,1,1,0
4122,61.0,6.0,22.0,1.0,0,49.0,1.0,53.0,1,1,1
4123,39.0,1.0,18.0,1.0,3,49.0,0.0,24.0,1,1,0
4124,74.0,1.0,19.0,5.0,0,20.0,17.0,40.0,1,1,0
4125,34.0,1.0,21.0,1.0,0,49.0,0.0,20.0,1,1,1
4126,65.0,4.0,19.0,1.0,0,49.0,0.0,30.0,1,1,1
4127,92.0,7.0,21.0,4.0,0,49.0,0.0,50.0,1,0,1
4128,59.0,1.0,15.0,5.0,0,329.0,2.0,20.0,0,1,0
4129,36.0,1.0,20.0,1.0,0,49.0,10.0,60.0,1,1,0
4130,40.0,1.0,21.0,1.0,0,49.0,1.0,30.0,0,1,1
4131,49.0,1.0,23.0,1.0,0,49.0,1.0,40.0,1,1,1
4132,22.0,7.0,19.0,5.0,2,49.0,13.0,30.0,0,1,1
4133,44.0,1.0,19.0,2.0,3,49.0,1.0,10.0,1,1,1
4134,41.0,4.0,22.0,1.0,1,49.0,0.0,50.0,1,1,1
4135,69.0,1.0,18.0,1.0,3,49.0,0.0,14.0,1,1,1
4136,33.0,1.0,21.0,5.0,2,48.0,0.0,50.0,1,1,1
4137,56.0,5.0,18.0,5.0,0,49.0,16.0,30.0,0,1,0
4138,28.0,1.0,20.0,1.0,0,49.0,1.0,60.0,0,1,1
4139,46.0,2.0,21.0,5.0,2,323.0,7.0,24.0,1,1,1
4140,20.0,1.0,19.0,5.0,4,49.0,2.0,40.0,1,1,0
4141,59.0,6.0,17.0,1.0,0,51.0,0.0,40.0,1,1,1
4142,73.0,1.0,16.0,1.0,3,451.0,1.0,29.0,1,1,0
4143,26.0,1.0,20.0,1.0,0,329.0,1.0,40.0,1,1,0
4144,42.0,2.0,17.0,5.0,2,451.0,2.0,25.0,0,1,0
4145,41.0,5.0,23.0,1.0,0,48.0,1.0,40.0,1,1,1
4146,61.0,2.0,15.0,1.0,2,49.0,0.0,45.0,0,1,0
4147,21.0,1.0,21.0,1.0,0,55.0,0.0,18.0,1,1,1
4148,32.0,1.0,16.0,3.0,3,49.0,10.0,50.0,1,1,0
4149,50.0,1.0,14.0,3.0,0,49.0,0.0,37.0,1,0,0
4150,52.0,1.0,18.0,1.0,0,49.0,1.0,26.0,1,1,0
4151,48.0,1.0,16.0,5.0,0,49.0,2.0,60.0,0,1,0
4152,30.0,1.0,7.0,1.0,0,6.0,0.0,20.0,1,1,1
4153,28.0,1.0,22.0,1.0,4,49.0,0.0,40.0,1,1,1
4154,23.0,1.0,16.0,1.0,1,49.0,1.0,20.0,0,1,0
4155,40.0,1.0,19.0,5.0,2,49.0,7.0,40.0,1,0,0
4156,42.0,2.0,21.0,5.0,0,16.0,12.0,37.0,0,1,0
4157,24.0,1.0,10.0,1.0,1,49.0,0.0,15.0,1,1,0
4158,68.0,1.0,16.0,5.0,1,49.0,12.0,45.0,0,1,0
4159,24.0,1.0,18.0,5.0,3,49.0,0.0,50.0,1,1,0
4160,34.0,6.0,22.0,5.0,2,16.0,2.0,26.0,0,1,0
4161,21.0,6.0,19.0,1.0,2,214.0,1.0,60.0,1,1,1
4162,44.0,1.0,21.0,3.0,2,51.0,0.0,50.0,0,1,0
4163,31.0,1.0,19.0,2.0,0,49.0,9.0,14.0,1,1,1
4164,51.0,6.0,21.0,1.0,0,48.0,1.0,40.0,0,1,1
4165,40.0,1.0,21.0,1.0,1,508.0,0.0,40.0,1,0,0
4166,54.0,1.0,18.0,1.0,3,451.0,0.0,30.0,1,1,0
4167,49.0,1.0,19.0,5.0,0,214.0,7.0,40.0,1,1,0
4168,24.0,7.0,22.0,1.0,0,51.0,1.0,40.0,1,1,0
4169,79.0,5.0,21.0,5.0,2,6.0,2.0,40.0,1,1,0
4170,22.0,1.0,16.0,5.0,0,16.0,12.0,24.0,0,1,0
4171,26.0,7.0,20.0,1.0,0,49.0,0.0,50.0,0,0,1
4172,82.0,1.0,16.0,1.0,2,49.0,1.0,53.0,0,1,0
4173,17.0,1.0,16.0,5.0,0,329.0,0.0,30.0,0,1,0
4174,19.0,1.0,21.0,5.0,2,49.0,2.0,18.0,0,1,0
4175,19.0,1.0,16.0,1.0,2,49.0,1.0,40.0,0,1,0
4176,36.0,1.0,21.0,1.0,0,449.0,5.0,50.0,0,1,1
4177,23.0,2.0,19.0,1.0,1,49.0,0.0,40.0,0,1,0
4178,23.0,1.0,21.0,1.0,0,49.0,0.0,30.0,0,1,1
4179,20.0,1.0,22.0,1.0,2,49.0,0.0,40.0,0,1,1
4180,23.0,1.0,18.0,3.0,4,49.0,0.0,40.0,1,0,1
4181,40.0,3.0,20.0,1.0,2,49.0,0.0,40.0,0,1,0
4182,42.0,1.0,19.0,1.0,1,49.0,1.0,25.0,1,1,0
4183,18.0,1.0,19.0,5.0,0,49.0,12.0,40.0,0,1,0
4184,69.0,5.0,19.0,1.0,2,49.0,1.0,55.0,1,1,0
4185,17.0,6.0,19.0,1.0,2,49.0,1.0,40.0,1,1,1
4186,40.0,7.0,16.0,1.0,1,8.0,0.0,40.0,1,1,0
4187,54.0,1.0,19.0,1.0,2,214.0,0.0,45.0,1,1,1
4188,35.0,1.0,20.0,5.0,0,323.0,7.0,50.0,1,0,1
4189,54.0,1.0,18.0,1.0,5,150.0,0.0,15.0,0,1,0
4190,56.0,1.0,21.0,1.0,0,49.0,0.0,40.0,1,1,1
4191,26.0,1.0,22.0,1.0,0,49.0,0.0,30.0,0,1,1
4192,65.0,1.0,19.0,1.0,4,49.0,1.0,40.0,1,1,1
4193,48.0,4.0,16.0,5.0,0,512.0,0.0,35.0,0,1,0
4194,40.0,1.0,16.0,5.0,2,303.0,2.0,40.0,0,1,0
4195,39.0,1.0,16.0,4.0,0,49.0,0.0,40.0,1,0,1
4196,23.0,1.0,5.0,1.0,0,49.0,1.0,45.0,0,1,1
4197,60.0,1.0,23.0,4.0,0,49.0,0.0,30.0,1,1,1
4198,58.0,6.0,22.0,1.0,0,49.0,0.0,45.0,0,1,1
4199,40.0,1.0,16.0,5.0,0,451.0,16.0,10.0,0,1,0
4200,21.0,1.0,21.0,1.0,0,49.0,0.0,14.0,1,0,1
4201,61.0,1.0,21.0,5.0,3,49.0,13.0,3.0,1,1,1
4202,18.0,3.0,19.0,1.0,4,49.0,1.0,30.0,1,1,0
4203,22.0,1.0,17.0,1.0,0,49.0,1.0,8.0,0,1,1
4204,25.0,1.0,19.0,5.0,1,467.0,2.0,40.0,1,1,0
4205,39.0,1.0,21.0,1.0,3,6.0,0.0,40.0,1,1,1
4206,44.0,5.0,21.0,1.0,0,16.0,4.0,84.0,0,1,1
4207,55.0,1.0,21.0,1.0,4,49.0,1.0,40.0,1,1,1
4208,56.0,1.0,16.0,5.0,1,49.0,0.0,30.0,1,1,0
4209,19.0,1.0,16.0,5.0,4,468.0,12.0,20.0,1,1,0
4210,36.0,3.0,22.0,1.0,0,51.0,0.0,55.0,1,1,1
4211,34.0,1.0,19.0,5.0,1,49.0,2.0,8.0,0,1,0
4212,69.0,1.0,16.0,5.0,1,49.0,2.0,40.0,1,1,0
4213,87.0,3.0,19.0,5.0,3,49.0,2.0,20.0,1,1,0
4214,62.0,3.0,20.0,1.0,1,49.0,1.0,40.0,1,1,0
4215,57.0,1.0,19.0,5.0,1,49.0,16.0,40.0,0,1,0
4216,39.0,1.0,19.0,1.0,0,329.0,0.0,40.0,1,1,1
4217,55.0,2.0,16.0,1.0,0,49.0,0.0,40.0,1,1,1
4218,32.0,2.0,7.0,1.0,2,49.0,1.0,40.0,1,1,1
4219,26.0,1.0,21.0,1.0,2,49.0,0.0,35.0,1,1,1
4220,37.0,1.0,21.0,1.0,3,214.0,0.0,40.0,1,1,1
4221,62.0,1.0,21.0,3.0,0,329.0,0.0,40.0,0,1,0
4222,18.0,1.0,16.0,1.0,2,49.0,1.0,84.0,0,1,0
4223,68.0,7.0,16.0,2.0,4,6.0,1.0,50.0,1,1,1
4224,77.0,4.0,20.0,2.0,3,329.0,6.0,30.0,1,1,1
4225,30.0,1.0,19.0,1.0,3,49.0,1.0,53.0,1,1,1
4226,23.0,7.0,23.0,1.0,-1,49.0,0.0,40.0,0,0,1
4227,35.0,6.0,16.0,5.0,2,49.0,2.0,40.0,0,1,0
4228,44.0,1.0,22.0,5.0,0,49.0,17.0,40.0,1,1,0
4229,21.0,1.0,19.0,3.0,1,55.0,0.0,48.0,0,1,0
4230,87.0,1.0,20.0,3.0,0,49.0,0.0,8.0,0,1,0
4231,54.0,7.0,22.0,5.0,1,49.0,3.0,45.0,0,1,0
4232,23.0,6.0,23.0,1.0,0,151.0,0.0,40.0,1,1,1
4233,48.0,1.0,18.0,5.0,2,51.0,2.0,60.0,0,1,0
4234,46.0,1.0,16.0,3.0,2,48.0,0.0,40.0,0,1,0
4235,44.0,4.0,19.0,5.0,0,323.0,17.0,40.0,0,1,0
4236,26.0,1.0,21.0,5.0,2,49.0,2.0,30.0,1,1,0
4237,59.0,3.0,16.0,1.0,0,527.0,0.0,40.0,1,1,1
4238,80.0,1.0,18.0,1.0,2,49.0,1.0,40.0,1,1,0
4239,37.0,7.0,18.0,1.0,0,6.0,0.0,40.0,1,1,1
4240,84.0,6.0,20.0,1.0,1,329.0,1.0,14.0,1,1,1
4241,50.0,1.0,16.0,1.0,0,49.0,1.0,40.0,0,1,1
4242,35.0,1.0,21.0,1.0,0,49.0,1.0,20.0,0,1,0
4243,35.0,5.0,17.0,4.0,3,49.0,0.0,40.0,1,0,1
4244,65.0,1.0,17.0,1.0,0,49.0,0.0,45.0,1,1,1
4245,40.0,1.0,19.0,5.0,0,214.0,12.0,60.0,0,1,0
4246,40.0,4.0,19.0,1.0,0,49.0,0.0,50.0,0,1,1
4247,26.0,1.0,21.0,5.0,3,329.0,0.0,40.0,1,1,0
4248,62.0,5.0,21.0,1.0,0,49.0,0.0,3.0,0,1,1
4249,41.0,1.0,13.0,5.0,0,16.0,2.0,40.0,0,1,0
4250,48.0,5.0,22.0,4.0,0,49.0,0.0,40.0,0,0,1
4251,68.0,1.0,19.0,5.0,4,49.0,2.0,40.0,1,1,0
4252,25.0,3.0,19.0,1.0,0,49.0,0.0,30.0,0,1,1
4253,62.0,1.0,19.0,1.0,1,303.0,1.0,48.0,1,1,1
4254,27.0,8.0,21.0,3.0,0,8.0,2.0,40.0,1,1,0
4255,26.0,2.0,19.0,5.0,0,49.0,12.0,40.0,1,1,0
4256,44.0,1.0,12.0,1.0,0,467.0,1.0,40.0,1,1,1
4257,42.0,1.0,20.0,1.0,0,51.0,0.0,20.0,0,1,1
4258,23.0,4.0,21.0,1.0,1,449.0,0.0,60.0,0,1,0
4259,25.0,2.0,21.0,1.0,0,214.0,1.0,40.0,0,1,0
4260,25.0,3.0,6.0,1.0,3,49.0,1.0,40.0,1,1,1
4261,60.0,1.0,16.0,5.0,2,49.0,12.0,40.0,1,1,0
4262,25.0,1.0,20.0,1.0,0,303.0,1.0,40.0,0,1,0
4263,30.0,1.0,20.0,5.0,2,49.0,2.0,60.0,0,1,1
4264,84.0,2.0,16.0,1.0,-1,49.0,1.0,40.0,0,1,1
4265,47.0,1.0,21.0,1.0,0,303.0,0.0,60.0,1,1,1
4266,30.0,2.0,16.0,1.0,4,49.0,1.0,40.0,1,1,1
4267,32.0,1.0,3.0,1.0,2,49.0,1.0,20.0,0,1,0
4268,55.0,1.0,5.0,1.0,3,49.0,0.0,14.0,1,1,1
4269,39.0,1.0,14.0,5.0,4,468.0,0.0,40.0,0,1,0
4270,18.0,7.0,19.0,1.0,1,49.0,0.0,40.0,1,1,1
4271,21.0,1.0,19.0,3.0,2,303.0,0.0,50.0,1,0,0
4272,35.0,3.0,19.0,1.0,1,49.0,1.0,40.0,0,1,0
4273,21.0,1.0,21.0,1.0,1,303.0,1.0,50.0,0,1,1
4274,82.0,4.0,20.0,1.0,3,468.0,1.0,40.0,1,1,1
4275,68.0,1.0,22.0,1.0,4,49.0,0.0,44.0,1,1,1
4276,25.0,1.0,21.0,1.0,2,329.0,0.0,35.0,1,1,1
4277,29.0,1.0,21.0,1.0,3,49.0,1.0,20.0,1,1,0
4278,87.0,1.0,18.0,1.0,0,214.0,0.0,45.0,0,1,1
4279,23.0,1.0,7.0,1.0,2,150.0,0.0,18.0,0,1,1
4280,49.0,1.0,19.0,5.0,2,214.0,17.0,24.0,1,1,0
4281,36.0,2.0,21.0,1.0,2,323.0,1.0,40.0,0,1,0
4282,54.0,1.0,22.0,2.0,0,49.0,6.0,40.0,1,1,1
4283,26.0,1.0,16.0,5.0,2,449.0,2.0,40.0,1,0,1
4284,35.0,1.0,7.0,1.0,4,214.0,5.0,40.0,1,1,1
4285,33.0,1.0,16.0,5.0,0,303.0,2.0,61.0,1,1,0
4286,45.0,7.0,21.0,1.0,4,49.0,0.0,91.0,1,1,1
4287,56.0,1.0,19.0,5.0,0,49.0,17.0,75.0,0,1,0
4288,60.0,1.0,16.0,1.0,0,451.0,1.0,84.0,1,1,1
4289,40.0,2.0,19.0,3.0,3,49.0,0.0,3.0,1,1,1
4290,35.0,1.0,19.0,1.0,0,49.0,0.0,40.0,0,1,0
4291,26.0,1.0,19.0,1.0,0,20.0,0.0,35.0,1,1,1
4292,51.0,2.0,17.0,1.0,4,49.0,1.0,40.0,1,1,1
4293,23.0,1.0,19.0,1.0,4,49.0,0.0,84.0,1,1,0
4294,48.0,7.0,21.0,1.0,2,214.0,1.0,15.0,1,1,1
4295,82.0,1.0,22.0,1.0,3,49.0,0.0,35.0,1,1,1
4296,74.0,1.0,16.0,5.0,0,214.0,2.0,40.0,0,1,0
4297,25.0,7.0,16.0,1.0,-1,49.0,0.0,40.0,0,1,1
4298,51.0,2.0,19.0,1.0,-1,6.0,0.0,30.0,0,1,1
4299,21.0,1.0,18.0,1.0,0,303.0,1.0,40.0,0,1,1
4300,44.0,1.0,16.0,5.0,5,150.0,0.0,40.0,0,0,0
4301,62.0,1.0,19.0,1.0,2,6.0,1.0,36.0,0,1,0
4302,38.0,1.0,21.0,1.0,0,49.0,1.0,40.0,0,1,1
4303,56.0,5.0,3.0,1.0,2,323.0,1.0,40.0,1,1,1
4304,22.0,1.0,17.0,3.0,0,370.0,0.0,50.0,1,1,1
4305,19.0,3.0,22.0,3.0,1,49.0,0.0,40.0,1,1,0
4306,47.0,5.0,18.0,5.0,0,49.0,0.0,40.0,0,0,0
4307,50.0,1.0,21.0,2.0,4,49.0,2.0,40.0,1,1,1
4308,21.0,1.0,21.0,1.0,0,449.0,6.0,20.0,1,1,1
4309,60.0,1.0,19.0,1.0,2,49.0,1.0,32.0,1,0,1
4310,92.0,1.0,19.0,5.0,1,508.0,2.0,40.0,0,1,0
4311,65.0,5.0,21.0,5.0,1,468.0,17.0,30.0,0,0,0
4312,18.0,1.0,16.0,5.0,1,214.0,2.0,40.0,1,1,0
4313,46.0,1.0,14.0,5.0,1,42.0,17.0,30.0,0,1,0
4314,51.0,1.0,17.0,1.0,0,49.0,0.0,40.0,1,0,1
4315,30.0,2.0,5.0,5.0,0,49.0,2.0,20.0,1,1,1
4316,68.0,1.0,18.0,1.0,2,51.0,1.0,45.0,0,1,0
4317,28.0,1.0,21.0,1.0,0,49.0,1.0,50.0,1,1,1
4318,64.0,1.0,7.0,1.0,0,49.0,0.0,4.0,1,1,1
4319,18.0,1.0,19.0,5.0,1,49.0,2.0,20.0,0,0,0
4320,38.0,5.0,15.0,1.0,0,49.0,1.0,36.0,0,1,0
4321,44.0,1.0,21.0,5.0,3,468.0,5.0,40.0,1,1,0
4322,20.0,1.0,22.0,1.0,0,51.0,0.0,91.0,0,1,1
4323,30.0,6.0,18.0,1.0,0,49.0,1.0,15.0,0,1,0
4324,54.0,4.0,18.0,5.0,2,329.0,2.0,45.0,0,1,0
4325,39.0,4.0,18.0,1.0,1,151.0,1.0,40.0,1,1,0
4326,55.0,1.0,21.0,1.0,1,20.0,0.0,46.0,0,1,1
4327,34.0,4.0,22.0,1.0,3,49.0,0.0,40.0,1,1,1
4328,65.0,2.0,19.0,1.0,1,49.0,0.0,45.0,0,1,0
4329,50.0,1.0,17.0,1.0,0,329.0,0.0,14.0,0,0,1
4330,82.0,3.0,7.0,1.0,0,49.0,0.0,30.0,0,1,1
4331,35.0,4.0,7.0,3.0,0,49.0,0.0,3.0,0,1,1
4332,38.0,1.0,19.0,5.0,2,468.0,17.0,45.0,0,1,0
4333,87.0,1.0,19.0,1.0,0,49.0,0.0,45.0,1,1,1
4334,42.0,1.0,19.0,1.0,0,49.0,0.0,20.0,0,0,0
4335,68.0,1.0,21.0,1.0,2,51.0,5.0,50.0,1,1,0
4336,26.0,1.0,14.0,1.0,1,49.0,1.0,40.0,0,1,0
4337,26.0,2.0,16.0,1.0,1,49.0,1.0,4.0,0,1,0
4338,41.0,1.0,21.0,1.0,0,50.0,0.0,4.0,1,1,1
4339,47.0,3.0,21.0,1.0,0,49.0,0.0,40.0,0,1,1
4340,23.0,1.0,19.0,1.0,2,214.0,1.0,30.0,0,1,0
4341,37.0,1.0,18.0,5.0,2,49.0,2.0,96.0,0,1,0
4342,41.0,1.0,16.0,3.0,0,203.0,10.0,68.0,0,1,0
4343,47.0,1.0,22.0,5.0,3,49.0,17.0,20.0,1,1,0
4344,68.0,1.0,19.0,1.0,4,49.0,1.0,30.0,0,0,0
4345,26.0,3.0,22.0,1.0,1,49.0,1.0,14.0,0,1,1
4346,21.0,1.0,18.0,5.0,0,8.0,17.0,30.0,0,1,0
4347,27.0,1.0,22.0,5.0,2,16.0,7.0,24.0,1,1,1
4348,18.0,1.0,19.0,1.0,2,150.0,1.0,40.0,0,1,0
4349,44.0,1.0,16.0,1.0,2,323.0,1.0,50.0,0,1,0
4350,39.0,1.0,16.0,2.0,0,203.0,2.0,75.0,1,1,1
4351,41.0,4.0,21.0,2.0,1,49.0,10.0,50.0,0,1,0
4352,30.0,1.0,20.0,1.0,2,49.0,1.0,50.0,0,1,0
4353,56.0,2.0,16.0,5.0,2,303.0,2.0,40.0,0,1,0
4354,22.0,1.0,16.0,5.0,0,49.0,2.0,20.0,0,0,0
4355,30.0,4.0,16.0,5.0,2,49.0,17.0,40.0,1,1,0
4356,40.0,4.0,19.0,1.0,4,49.0,1.0,40.0,1,1,1
4357,20.0,3.0,20.0,4.0,2,22.0,0.0,20.0,1,0,1
4358,32.0,5.0,22.0,4.0,0,49.0,0.0,14.0,0,0,1
4359,36.0,1.0,21.0,1.0,0,49.0,1.0,20.0,1,1,1
4360,40.0,4.0,20.0,1.0,0,49.0,1.0,50.0,1,1,1
4361,43.0,1.0,18.0,1.0,0,49.0,1.0,20.0,0,1,0
4362,84.0,7.0,19.0,1.0,0,49.0,1.0,40.0,1,1,1
4363,87.0,5.0,14.0,1.0,2,49.0,1.0,50.0,0,1,0
4364,39.0,1.0,16.0,1.0,0,49.0,0.0,50.0,0,1,0
4365,79.0,1.0,3.0,1.0,0,449.0,0.0,40.0,0,1,1
4366,22.0,1.0,19.0,5.0,1,6.0,2.0,40.0,0,0,0
4367,29.0,1.0,16.0,1.0,4,16.0,0.0,40.0,1,0,0
4368,82.0,1.0,18.0,1.0,1,49.0,1.0,40.0,0,1,0
4369,56.0,2.0,10.0,1.0,0,49.0,10.0,45.0,0,1,0
4370,31.0,1.0,22.0,5.0,4,203.0,13.0,60.0,1,1,1
4371,24.0,1.0,20.0,5.0,0,49.0,7.0,10.0,1,0,1
4372,35.0,4.0,19.0,1.0,0,370.0,0.0,45.0,1,1,1
4373,58.0,2.0,23.0,3.0,0,49.0,0.0,20.0,1,1,1
4374,32.0,1.0,21.0,5.0,0,49.0,2.0,75.0,0,1,0
4375,65.0,1.0,22.0,1.0,2,49.0,0.0,40.0,1,1,1
4376,82.0,3.0,20.0,1.0,1,30.0,0.0,50.0,1,1,0
4377,20.0,1.0,21.0,5.0,0,214.0,2.0,55.0,0,1,0
4378,24.0,1.0,19.0,5.0,2,468.0,12.0,40.0,0,1,0
4379,84.0,1.0,16.0,1.0,3,49.0,5.0,45.0,1,1,1
4380,78.0,6.0,21.0,1.0,2,49.0,1.0,40.0,0,1,1
4381,65.0,1.0,16.0,5.0,0,49.0,5.0,39.0,0,0,0
4382,58.0,1.0,18.0,1.0,2,49.0,0.0,68.0,1,0,0
4383,51.0,1.0,19.0,5.0,2,49.0,2.0,15.0,0,1,0
4384,27.0,2.0,14.0,5.0,3,49.0,17.0,40.0,1,1,0
4385,36.0,3.0,19.0,1.0,0,49.0,0.0,45.0,0,0,0
4386,45.0,5.0,19.0,1.0,0,49.0,0.0,40.0,1,1,1
4387,20.0,1.0,13.0,5.0,0,49.0,0.0,45.0,0,0,0
4388,43.0,1.0,19.0,1.0,0,49.0,0.0,40.0,0,1,0
4389,32.0,1.0,22.0,1.0,0,214.0,0.0,40.0,1,1,1
4390,24.0,1.0,21.0,1.0,4,203.0,1.0,40.0,1,1,1
4391,69.0,1.0,19.0,5.0,0,512.0,17.0,40.0,0,1,0
4392,82.0,1.0,20.0,4.0,4,49.0,13.0,40.0,1,1,1
4393,53.0,7.0,13.0,1.0,0,16.0,0.0,60.0,0,1,0
4394,22.0,1.0,16.0,1.0,3,323.0,0.0,40.0,1,1,1
4395,26.0,1.0,22.0,1.0,0,451.0,0.0,40.0,1,0,1
4396,44.0,5.0,20.0,1.0,0,203.0,0.0,35.0,1,1,0
4397,36.0,1.0,15.0,1.0,1,49.0,1.0,29.0,1,1,0
4398,34.0,1.0,24.0,1.0,0,49.0,0.0,40.0,0,0,1
4399,48.0,2.0,22.0,1.0,0,49.0,0.0,40.0,1,0,1
4400,38.0,1.0,21.0,1.0,2,527.0,0.0,84.0,0,1,0
4401,26.0,1.0,16.0,1.0,1,508.0,0.0,40.0,0,1,0
4402,30.0,4.0,19.0,1.0,2,49.0,1.0,15.0,0,1,0
4403,54.0,7.0,21.0,1.0,0,49.0,0.0,55.0,0,1,1
4404,34.0,7.0,22.0,3.0,0,442.0,0.0,45.0,0,0,1
4405,45.0,1.0,19.0,1.0,0,51.0,0.0,30.0,1,1,1
4406,82.0,1.0,23.0,1.0,0,49.0,0.0,30.0,0,1,1
4407,68.0,7.0,19.0,1.0,0,49.0,0.0,75.0,1,1,1
4408,18.0,1.0,18.0,1.0,1,508.0,0.0,40.0,0,1,0
4409,79.0,4.0,17.0,1.0,0,449.0,0.0,20.0,1,1,1
4410,46.0,4.0,21.0,3.0,4,49.0,0.0,45.0,1,1,1
4411,67.0,1.0,16.0,5.0,2,323.0,0.0,60.0,1,1,0
4412,56.0,3.0,15.0,5.0,3,49.0,17.0,15.0,1,1,0
4413,61.0,1.0,17.0,1.0,0,49.0,1.0,29.0,1,1,1
4414,60.0,1.0,21.0,1.0,1,49.0,1.0,40.0,1,1,1
4415,34.0,7.0,16.0,1.0,0,49.0,0.0,50.0,0,1,1
4416,20.0,3.0,18.0,1.0,3,49.0,0.0,20.0,1,1,0
4417,44.0,1.0,14.0,1.0,1,49.0,0.0,20.0,1,1,0
4418,65.0,1.0,21.0,1.0,0,49.0,0.0,40.0,1,1,1
4419,43.0,3.0,21.0,2.0,2,16.0,10.0,50.0,1,1,1
4420,35.0,6.0,19.0,1.0,0,49.0,1.0,40.0,0,1,1
4421,19.0,1.0,19.0,1.0,0,49.0,0.0,50.0,0,1,0
4422,46.0,1.0,23.0,5.0,2,451.0,17.0,40.0,0,1,0
4423,39.0,5.0,22.0,1.0,0,49.0,1.0,40.0,0,1,1
4424,68.0,1.0,21.0,1.0,3,49.0,1.0,40.0,1,0,1
4425,26.0,1.0,22.0,1.0,0,451.0,5.0,20.0,1,1,1
4426,52.0,1.0,19.0,1.0,4,49.0,0.0,23.0,1,1,1
4427,17.0,2.0,20.0,5.0,2,49.0,5.0,8.0,0,1,0
4428,55.0,3.0,20.0,5.0,4,49.0,0.0,38.0,1,1,0
4429,44.0,1.0,22.0,5.0,4,48.0,2.0,40.0,1,1,0
4430,48.0,4.0,7.0,1.0,0,49.0,0.0,25.0,1,1,1
4431,39.0,1.0,16.0,1.0,4,48.0,0.0,40.0,1,0,1
4432,63.0,1.0,22.0,1.0,1,49.0,5.0,40.0,1,1,1
4433,55.0,5.0,17.0,1.0,0,49.0,1.0,40.0,1,1,1
4434,26.0,6.0,22.0,1.0,0,508.0,0.0,8.0,1,1,1
4435,32.0,1.0,22.0,1.0,4,527.0,9.0,14.0,0,1,0
4436,23.0,1.0,16.0,5.0,2,150.0,3.0,96.0,0,1,0
4437,26.0,1.0,19.0,3.0,4,6.0,2.0,62.0,1,0,1
4438,41.0,1.0,19.0,5.0,1,16.0,0.0,55.0,0,1,0
4439,43.0,1.0,19.0,5.0,4,49.0,2.0,48.0,0,1,0
4440,28.0,1.0,22.0,1.0,1,49.0,0.0,50.0,1,1,1
4441,77.0,1.0,21.0,1.0,3,49.0,1.0,25.0,1,1,1
4442,18.0,1.0,19.0,3.0,0,329.0,0.0,10.0,0,1,1
4443,31.0,1.0,20.0,1.0,2,49.0,1.0,20.0,0,1,0
4444,18.0,5.0,13.0,5.0,4,49.0,0.0,40.0,0,0,0
4445,56.0,1.0,20.0,1.0,4,51.0,0.0,30.0,1,1,1
4446,64.0,1.0,19.0,5.0,1,49.0,17.0,40.0,0,1,0
4447,62.0,1.0,16.0,4.0,4,370.0,17.0,40.0,1,1,0
4448,32.0,1.0,16.0,1.0,1,451.0,1.0,40.0,0,1,0
4449,51.0,1.0,16.0,3.0,2,50.0,0.0,30.0,0,1,0
4450,61.0,1.0,22.0,3.0,-1,49.0,0.0,40.0,0,0,1
4451,30.0,1.0,5.0,1.0,4,6.0,0.0,75.0,1,1,1
4452,37.0,5.0,18.0,1.0,0,49.0,0.0,30.0,1,0,1
4453,62.0,2.0,13.0,1.0,4,49.0,1.0,10.0,1,1,0
4454,84.0,3.0,16.0,5.0,2,49.0,0.0,40.0,0,1,0
4455,34.0,1.0,19.0,1.0,2,6.0,1.0,46.0,1,1,1
4456,26.0,4.0,19.0,1.0,0,20.0,1.0,4.0,0,1,0
4457,42.0,7.0,18.0,3.0,0,468.0,0.0,40.0,1,0,1
4458,61.0,1.0,20.0,1.0,0,49.0,0.0,40.0,0,0,1
4459,51.0,1.0,17.0,5.0,4,303.0,17.0,48.0,0,1,0
4460,24.0,1.0,16.0,1.0,1,49.0,1.0,40.0,1,1,1
4461,44.0,6.0,18.0,1.0,0,49.0,1.0,40.0,0,1,1
4462,33.0,4.0,18.0,2.0,0,323.0,6.0,40.0,0,1,1
4463,18.0,7.0,20.0,1.0,-1,49.0,2.0,40.0,0,1,1
4464,44.0,1.0,21.0,1.0,1,214.0,0.0,60.0,1,1,1
4465,44.0,1.0,19.0,1.0,0,20.0,1.0,50.0,1,0,1
4466,82.0,1.0,21.0,1.0,2,49.0,1.0,20.0,0,1,1
4467,56.0,1.0,19.0,1.0,4,42.0,1.0,60.0,1,0,1
4468,56.0,1.0,21.0,1.0,1,151.0,1.0,30.0,1,1,1
4469,19.0,1.0,19.0,2.0,2,49.0,10.0,40.0,0,1,0
4470,32.0,4.0,22.0,3.0,0,55.0,0.0,40.0,1,1,1
4471,40.0,1.0,21.0,1.0,1,49.0,0.0,35.0,0,1,0
4472,38.0,1.0,22.0,3.0,4,8.0,0.0,75.0,1,1,1
4473,50.0,1.0,16.0,2.0,0,49.0,2.0,91.0,1,1,1
4474,68.0,3.0,21.0,1.0,2,6.0,1.0,40.0,1,1,0
4475,87.0,1.0,18.0,1.0,1,150.0,1.0,20.0,0,0,0
4476,24.0,3.0,15.0,1.0,2,49.0,0.0,40.0,0,1,0
4477,44.0,1.0,22.0,4.0,4,49.0,0.0,30.0,1,1,1
4478,40.0,2.0,22.0,1.0,0,16.0,1.0,40.0,0,1,1
4479,20.0,1.0,16.0,5.0,0,49.0,12.0,20.0,1,1,1
4480,56.0,1.0,20.0,1.0,4,49.0,1.0,25.0,1,0,0
4481,28.0,7.0,20.0,5.0,3,49.0,0.0,8.0,0,1,0
4482,39.0,1.0,7.0,3.0,2,468.0,0.0,40.0,0,1,1
4483,65.0,1.0,18.0,1.0,2,49.0,0.0,20.0,0,1,0
4484,20.0,1.0,19.0,1.0,0,49.0,0.0,42.0,1,1,1
4485,54.0,2.0,21.0,1.0,2,49.0,0.0,10.0,1,1,0
4486,87.0,1.0,16.0,1.0,3,49.0,1.0,40.0,1,1,1
4487,44.0,1.0,18.0,5.0,2,49.0,2.0,24.0,1,1,0
4488,74.0,1.0,18.0,5.0,1,49.0,2.0,60.0,0,1,0
4489,78.0,7.0,19.0,1.0,-1,49.0,1.0,24.0,0,1,1
4490,82.0,4.0,22.0,1.0,2,49.0,0.0,36.0,1,1,1
4491,24.0,7.0,20.0,1.0,2,49.0,0.0,40.0,1,1,1
4492,20.0,1.0,14.0,1.0,1,49.0,1.0,37.0,0,1,0
4493,64.0,4.0,21.0,1.0,0,49.0,1.0,50.0,1,1,1
4494,36.0,1.0,21.0,1.0,0,49.0,9.0,45.0,1,1,0
4495,21.0,4.0,5.0,1.0,0,6.0,0.0,60.0,0,1,1
4496,65.0,1.0,21.0,5.0,0,50.0,13.0,75.0,0,0,1
4497,22.0,1.0,16.0,5.0,0,6.0,12.0,68.0,1,1,0
4498,18.0,1.0,16.0,1.0,0,160.0,0.0,40.0,0,1,0
4499,34.0,4.0,21.0,1.0,2,6.0,1.0,96.0,0,1,0
4500,48.0,6.0,19.0,5.0,3,42.0,0.0,40.0,1,1,0
4501,25.0,7.0,17.0,4.0,0,49.0,17.0,50.0,1,1,1
4502,45.0,6.0,23.0,1.0,0,449.0,0.0,40.0,1,1,1
4503,23.0,7.0,19.0,1.0,0,151.0,0.0,48.0,0,1,1
4504,75.0,1.0,22.0,1.0,0,51.0,1.0,40.0,0,1,1
4505,22.0,1.0,19.0,1.0,3,214.0,0.0,29.0,1,1,1
4506,36.0,3.0,23.0,5.0,2,51.0,13.0,45.0,1,0,1
4507,61.0,1.0,21.0,1.0,2,508.0,1.0,35.0,1,0,0
4508,87.0,2.0,16.0,1.0,0,49.0,1.0,40.0,1,1,1
4509,55.0,7.0,23.0,1.0,0,49.0,0.0,50.0,1,1,1
4510,24.0,1.0,14.0,5.0,2,49.0,2.0,50.0,0,0,0
4511,65.0,5.0,21.0,1.0,2,49.0,0.0,20.0,1,1,1
4512,41.0,1.0,17.0,5.0,0,370.0,17.0,60.0,0,1,0
4513,39.0,1.0,19.0,1.0,1,6.0,0.0,20.0,1,1,1
4514,24.0,1.0,18.0,1.0,0,16.0,1.0,40.0,0,1,0
4515,56.0,1.0,16.0,5.0,1,49.0,12.0,50.0,0,1,0
4516,39.0,1.0,16.0,1.0,2,49.0,0.0,40.0,1,1,0
4517,32.0,3.0,16.0,1.0,0,49.0,10.0,32.0,0,1,0
4518,56.0,1.0,16.0,1.0,0,150.0,0.0,20.0,1,1,1
4519,45.0,1.0,19.0,1.0,4,329.0,1.0,15.0,1,0,1
4520,26.0,1.0,21.0,1.0,4,51.0,0.0,40.0,0,1,0
4521,19.0,1.0,21.0,1.0,2,49.0,1.0,40.0,0,1,0
4522,23.0,1.0,13.0,1.0,1,6.0,0.0,60.0,1,1,0
4523,35.0,1.0,19.0,1.0,0,32.0,0.0,50.0,0,1,1
4524,19.0,1.0,21.0,1.0,0,303.0,0.0,40.0,1,1,0
4525,32.0,1.0,16.0,3.0,2,150.0,10.0,12.0,1,1,0
4526,33.0,1.0,22.0,1.0,2,49.0,1.0,40.0,1,1,1
4527,62.0,1.0,16.0,1.0,2,49.0,0.0,45.0,0,1,0
4528,64.0,1.0,19.0,1.0,4,49.0,5.0,39.0,1,1,1
4529,80.0,1.0,14.0,5.0,2,51.0,2.0,38.0,0,1,0
4530,64.0,3.0,16.0,1.0,1,468.0,0.0,55.0,1,1,1
4531,32.0,5.0,16.0,3.0,0,467.0,0.0,40.0,1,1,1
4532,59.0,1.0,19.0,1.0,0,49.0,0.0,40.0,1,1,0
4533,32.0,1.0,19.0,1.0,0,49.0,1.0,61.0,1,0,1
4534,44.0,1.0,19.0,1.0,0,214.0,0.0,40.0,0,1,0
4535,65.0,1.0,20.0,1.0,0,451.0,1.0,48.0,1,1,1
4536,43.0,1.0,22.0,3.0,0,303.0,0.0,40.0,0,1,1
4537,19.0,5.0,21.0,1.0,3,49.0,0.0,45.0,1,1,1
4538,24.0,1.0,16.0,5.0,1,468.0,2.0,30.0,0,1,0
4539,36.0,1.0,18.0,1.0,2,49.0,0.0,45.0,1,1,1
4540,62.0,1.0,16.0,5.0,1,49.0,2.0,40.0,0,1,0
4541,25.0,1.0,21.0,1.0,2,49.0,1.0,75.0,0,1,1
4542,53.0,1.0,19.0,5.0,2,49.0,7.0,30.0,0,1,0
4543,21.0,7.0,21.0,1.0,0,49.0,0.0,37.0,1,1,1
4544,30.0,4.0,20.0,1.0,3,303.0,0.0,40.0,1,1,1
4545,42.0,2.0,22.0,1.0,2,23.0,0.0,40.0,0,0,1
4546,22.0,1.0,21.0,1.0,3,6.0,1.0,18.0,1,1,1
4547,82.0,1.0,3.0,1.0,1,150.0,0.0,50.0,1,1,0
4548,53.0,1.0,21.0,1.0,0,49.0,0.0,40.0,0,1,1
4549,36.0,1.0,21.0,5.0,0,49.0,17.0,45.0,0,1,0
4550,41.0,5.0,16.0,1.0,4,49.0,0.0,40.0,0,0,0
4551,52.0,7.0,22.0,1.0,0,214.0,1.0,10.0,0,1,1
4552,80.0,2.0,21.0,1.0,4,49.0,1.0,25.0,0,1,0
4553,56.0,3.0,23.0,5.0,0,49.0,2.0,75.0,1,1,1
4554,56.0,7.0,19.0,1.0,1,323.0,0.0,40.0,0,1,0
4555,62.0,1.0,20.0,1.0,2,150.0,0.0,40.0,0,1,1
4556,60.0,1.0,19.0,4.0,3,49.0,0.0,40.0,1,0,1
4557,56.0,1.0,19.0,5.0,2,49.0,15.0,75.0,0,1,0
4558,19.0,1.0,21.0,5.0,1,150.0,12.0,30.0,0,0,0
4559,39.0,4.0,14.0,5.0,0,150.0,12.0,30.0,0,1,0
4560,61.0,1.0,15.0,5.0,0,49.0,0.0,40.0,1,1,0
4561,21.0,1.0,14.0,1.0,2,49.0,0.0,45.0,0,1,0
4562,53.0,1.0,22.0,4.0,0,49.0,13.0,31.0,0,0,1
4563,36.0,1.0,18.0,5.0,1,6.0,7.0,45.0,1,1,1
4564,53.0,1.0,21.0,1.0,2,49.0,1.0,40.0,1,0,0
4565,64.0,1.0,20.0,5.0,0,150.0,2.0,15.0,1,0,0
4566,40.0,3.0,21.0,3.0,4,16.0,0.0,39.0,1,1,1
4567,51.0,1.0,20.0,5.0,1,50.0,2.0,18.0,0,1,0
4568,35.0,7.0,18.0,3.0,0,49.0,0.0,50.0,0,1,0
4569,46.0,2.0,16.0,5.0,1,49.0,17.0,40.0,0,1,0
4570,35.0,1.0,16.0,1.0,4,49.0,1.0,42.0,0,1,0
4571,26.0,2.0,16.0,1.0,2,49.0,0.0,20.0,0,1,1
4572,92.0,2.0,22.0,3.0,0,23.0,0.0,40.0,1,1,1
4573,44.0,1.0,19.0,1.0,0,49.0,0.0,40.0,1,1,1
4574,44.0,6.0,22.0,1.0,4,49.0,0.0,40.0,1,1,1
4575,92.0,1.0,20.0,1.0,0,49.0,0.0,60.0,1,1,1
4576,54.0,1.0,19.0,1.0,2,51.0,1.0,20.0,1,1,0
4577,62.0,1.0,23.0,1.0,2,49.0,0.0,40.0,1,1,1
4578,52.0,1.0,21.0,1.0,3,49.0,0.0,30.0,1,1,1
4579,24.0,1.0,21.0,1.0,2,6.0,1.0,14.0,0,1,0
4580,23.0,4.0,21.0,5.0,2,6.0,2.0,30.0,1,1,0
4581,43.0,6.0,21.0,1.0,3,49.0,5.0,20.0,1,1,1
4582,31.0,5.0,18.0,1.0,0,49.0,1.0,30.0,0,0,1
4583,54.0,1.0,21.0,5.0,0,51.0,12.0,30.0,1,1,0
4584,49.0,6.0,21.0,1.0,0,150.0,1.0,40.0,0,1,1
4585,38.0,1.0,13.0,1.0,2,16.0,0.0,50.0,1,1,0
4586,26.0,7.0,22.0,3.0,0,449.0,0.0,40.0,1,1,1
4587,32.0,1.0,19.0,3.0,3,49.0,0.0,35.0,1,1,0
4588,39.0,1.0,21.0,1.0,1,49.0,1.0,40.0,1,1,1
4589,22.0,1.0,20.0,2.0,3,49.0,6.0,30.0,1,1,1
4590,58.0,1.0,20.0,1.0,0,8.0,0.0,40.0,0,1,1
4591,21.0,1.0,16.0,5.0,1,49.0,12.0,15.0,0,1,0
4592,20.0,7.0,16.0,5.0,2,150.0,0.0,20.0,1,1,1
4593,34.0,5.0,21.0,3.0,0,6.0,0.0,55.0,0,0,1
4594,52.0,1.0,21.0,1.0,0,49.0,0.0,40.0,1,1,1
4595,51.0,3.0,22.0,3.0,0,49.0,0.0,45.0,0,1,1
4596,68.0,1.0,17.0,1.0,0,51.0,0.0,18.0,0,1,1
4597,27.0,1.0,18.0,5.0,2,49.0,17.0,50.0,0,1,0
4598,46.0,1.0,17.0,1.0,0,467.0,0.0,40.0,1,1,1
4599,34.0,1.0,20.0,3.0,2,49.0,0.0,40.0,0,1,1
4600,34.0,1.0,15.0,5.0,1,303.0,2.0,40.0,0,1,0
4601,38.0,2.0,16.0,1.0,0,49.0,0.0,40.0,1,0,1
4602,87.0,1.0,19.0,1.0,0,451.0,0.0,40.0,0,1,0
4603,39.0,5.0,21.0,5.0,1,49.0,17.0,40.0,0,1,0
4604,74.0,1.0,21.0,1.0,1,303.0,0.0,45.0,1,1,0
4605,62.0,1.0,13.0,5.0,2,49.0,2.0,40.0,0,1,0
4606,58.0,7.0,22.0,1.0,-1,51.0,0.0,60.0,0,1,1
4607,21.0,1.0,17.0,5.0,3,468.0,13.0,40.0,1,1,1
4608,68.0,1.0,19.0,2.0,1,23.0,10.0,40.0,1,1,0
4609,78.0,1.0,20.0,1.0,3,49.0,17.0,20.0,1,1,0
4610,20.0,1.0,21.0,3.0,0,51.0,2.0,40.0,1,1,1
4611,78.0,1.0,21.0,5.0,2,49.0,2.0,50.0,0,1,0
4612,34.0,1.0,16.0,1.0,0,49.0,1.0,35.0,0,1,0
4613,62.0,3.0,19.0,5.0,4,49.0,0.0,60.0,0,1,0
4614,41.0,1.0,15.0,1.0,4,329.0,0.0,40.0,1,1,1
4615,43.0,1.0,16.0,1.0,4,49.0,0.0,45.0,1,1,0
4616,53.0,4.0,23.0,2.0,3,51.0,9.0,60.0,1,1,1
4617,61.0,1.0,20.0,1.0,2,49.0,0.0,40.0,1,1,1
4618,33.0,1.0,21.0,1.0,3,303.0,0.0,40.0,1,1,0
4619,20.0,1.0,19.0,3.0,0,49.0,0.0,40.0,1,1,1
4620,45.0,1.0,21.0,1.0,4,49.0,0.0,20.0,0,1,0
4621,73.0,1.0,21.0,5.0,1,49.0,2.0,40.0,1,1,0
4622,57.0,1.0,24.0,3.0,4,329.0,0.0,38.0,1,1,1
4623,57.0,1.0,21.0,1.0,2,49.0,1.0,50.0,0,1,0
4624,30.0,1.0,19.0,1.0,0,49.0,0.0,40.0,0,1,0
4625,41.0,1.0,22.0,1.0,0,468.0,0.0,20.0,1,1,1
4626,46.0,1.0,19.0,5.0,1,49.0,2.0,40.0,0,1,0
4627,78.0,3.0,21.0,1.0,2,49.0,1.0,19.0,0,0,0
4628,26.0,1.0,16.0,5.0,0,49.0,15.0,25.0,0,1,0
4629,46.0,1.0,19.0,5.0,0,49.0,7.0,40.0,1,1,1
4630,56.0,1.0,16.0,1.0,0,51.0,1.0,40.0,0,1,1
4631,21.0,1.0,14.0,1.0,3,468.0,0.0,40.0,1,1,0
4632,43.0,1.0,16.0,1.0,4,49.0,0.0,40.0,1,1,1
4633,21.0,4.0,18.0,1.0,0,49.0,1.0,20.0,1,1,1
4634,53.0,1.0,19.0,5.0,1,51.0,17.0,40.0,0,1,0
4635,21.0,2.0,16.0,1.0,4,49.0,0.0,20.0,1,1,0
4636,60.0,1.0,19.0,1.0,1,323.0,0.0,50.0,0,1,0
4637,38.0,4.0,19.0,4.0,1,49.0,17.0,32.0,1,1,0
4638,29.0,4.0,20.0,1.0,2,49.0,0.0,50.0,1,1,1
4639,34.0,1.0,20.0,1.0,0,467.0,1.0,10.0,0,1,1
4640,32.0,1.0,20.0,1.0,0,49.0,4.0,55.0,1,1,1
4641,53.0,1.0,18.0,5.0,3,49.0,2.0,15.0,1,0,0
4642,45.0,1.0,16.0,5.0,1,49.0,2.0,60.0,0,1,0
4643,50.0,1.0,18.0,1.0,2,49.0,1.0,19.0,0,1,0
4644,50.0,1.0,16.0,5.0,0,49.0,2.0,3.0,0,1,0
4645,65.0,1.0,19.0,1.0,2,49.0,1.0,68.0,1,1,0
4646,64.0,7.0,16.0,1.0,4,49.0,0.0,50.0,0,1,1
4647,82.0,1.0,21.0,1.0,0,49.0,0.0,45.0,0,1,1
4648,18.0,7.0,21.0,1.0,0,49.0,1.0,40.0,1,1,1
4649,30.0,4.0,21.0,3.0,1,49.0,2.0,40.0,1,1,1
4650,49.0,1.0,18.0,2.0,4,6.0,16.0,60.0,1,1,0
4651,52.0,1.0,22.0,1.0,0,49.0,0.0,48.0,0,1,1
4652,37.0,1.0,19.0,5.0,3,16.0,2.0,40.0,1,0,0
4653,59.0,4.0,21.0,1.0,0,49.0,0.0,40.0,1,1,1
4654,33.0,5.0,20.0,5.0,3,303.0,2.0,45.0,1,1,0
4655,20.0,4.0,21.0,1.0,4,51.0,1.0,45.0,0,1,1
4656,34.0,4.0,19.0,1.0,3,16.0,1.0,45.0,1,1,1
4657,20.0,1.0,19.0,1.0,0,49.0,0.0,40.0,1,1,1
4658,60.0,2.0,21.0,1.0,0,49.0,1.0,40.0,1,1,1
4659,22.0,1.0,16.0,1.0,2,49.0,0.0,50.0,0,1,0
4660,35.0,7.0,23.0,1.0,1,49.0,1.0,20.0,1,1,1
4661,45.0,4.0,16.0,1.0,0,49.0,0.0,15.0,1,1,1
4662,57.0,1.0,21.0,1.0,2,49.0,1.0,40.0,1,1,1
4663,59.0,5.0,20.0,1.0,0,6.0,1.0,20.0,1,1,1
4664,63.0,3.0,19.0,5.0,1,451.0,12.0,50.0,0,1,0
4665,17.0,1.0,18.0,5.0,2,6.0,12.0,40.0,0,0,0
4666,92.0,1.0,19.0,1.0,0,6.0,0.0,50.0,0,1,0
4667,35.0,1.0,23.0,1.0,4,468.0,1.0,40.0,1,1,1
4668,38.0,1.0,14.0,5.0,1,49.0,12.0,40.0,0,1,0
4669,56.0,1.0,21.0,1.0,1,214.0,1.0,45.0,1,1,0
4670,77.0,1.0,16.0,1.0,2,370.0,1.0,50.0,0,1,0
4671,39.0,1.0,16.0,5.0,2,49.0,0.0,45.0,0,1,0
4672,60.0,2.0,16.0,3.0,2,49.0,0.0,40.0,0,1,1
4673,31.0,1.0,19.0,3.0,1,49.0,2.0,20.0,0,1,1
4674,23.0,1.0,19.0,5.0,0,49.0,2.0,48.0,0,1,0
4675,41.0,1.0,21.0,3.0,2,49.0,0.0,15.0,0,1,1
4676,40.0,1.0,21.0,1.0,0,49.0,1.0,50.0,1,1,1
4677,55.0,4.0,21.0,1.0,3,49.0,0.0,30.0,1,1,1
4678,32.0,1.0,19.0,1.0,0,150.0,1.0,8.0,1,1,1
4679,30.0,2.0,14.0,1.0,2,45.0,0.0,8.0,0,1,0
4680,35.0,7.0,18.0,1.0,0,49.0,0.0,61.0,1,0,1
4681,52.0,1.0,21.0,5.0,2,49.0,17.0,20.0,0,1,0
4682,68.0,1.0,18.0,5.0,1,49.0,0.0,91.0,0,0,0
4683,17.0,1.0,14.0,5.0,1,49.0,12.0,40.0,0,1,0
4684,69.0,1.0,3.0,3.0,2,6.0,0.0,20.0,0,0,0
4685,47.0,3.0,22.0,1.0,0,214.0,1.0,40.0,1,1,1
4686,39.0,1.0,23.0,1.0,0,51.0,0.0,37.0,1,1,1
4687,19.0,1.0,16.0,5.0,0,203.0,0.0,35.0,0,0,0
4688,17.0,6.0,21.0,1.0,1,49.0,10.0,40.0,0,1,0
4689,28.0,1.0,16.0,1.0,2,49.0,10.0,40.0,0,1,0
4690,44.0,1.0,16.0,1.0,1,42.0,0.0,20.0,0,1,0
4691,46.0,1.0,21.0,1.0,4,49.0,1.0,40.0,1,1,1
4692,84.0,1.0,8.0,5.0,1,49.0,2.0,40.0,0,1,0
4693,53.0,7.0,22.0,1.0,4,151.0,1.0,60.0,1,1,1
4694,57.0,1.0,20.0,1.0,0,16.0,0.0,35.0,1,0,1
4695,28.0,1.0,19.0,3.0,2,49.0,0.0,37.0,0,1,0
4696,50.0,3.0,18.0,1.0,1,6.0,0.0,8.0,0,1,1
4697,21.0,1.0,21.0,1.0,0,49.0,0.0,4.0,0,1,1
4698,30.0,1.0,19.0,1.0,0,49.0,0.0,55.0,1,1,1
4699,23.0,1.0,18.0,5.0,0,8.0,2.0,36.0,1,1,1
4700,45.0,1.0,19.0,1.0,1,203.0,1.0,40.0,0,1,0
4701,32.0,5.0,19.0,1.0,2,6.0,1.0,46.0,0,0,0
4702,26.0,1.0,19.0,5.0,1,20.0,2.0,40.0,0,1,0
4703,36.0,4.0,16.0,3.0,4,451.0,0.0,40.0,1,1,1
4704,50.0,4.0,22.0,1.0,0,49.0,1.0,40.0,1,1,1
4705,28.0,5.0,16.0,1.0,0,150.0,1.0,10.0,0,1,1
4706,20.0,4.0,20.0,5.0,2,49.0,0.0,40.0,0,1,0
4707,48.0,1.0,16.0,1.0,4,49.0,1.0,42.0,1,0,1
4708,22.0,3.0,21.0,1.0,3,49.0,0.0,15.0,1,1,1
4709,56.0,1.0,19.0,5.0,4,49.0,2.0,37.0,1,1,0
4710,60.0,1.0,21.0,1.0,0,49.0,0.0,24.0,1,1,1
4711,34.0,2.0,20.0,3.0,2,150.0,0.0,18.0,1,1,0
4712,61.0,1.0,16.0,1.0,2,49.0,1.0,30.0,0,1,0
4713,41.0,5.0,18.0,5.0,3,42.0,2.0,15.0,1,1,1
4714,61.0,1.0,19.0,5.0,3,329.0,2.0,40.0,1,1,0
4715,35.0,1.0,16.0,1.0,2,150.0,0.0,40.0,1,1,0
4716,21.0,4.0,21.0,5.0,2,6.0,2.0,10.0,1,1,1
4717,46.0,1.0,19.0,5.0,4,49.0,2.0,40.0,0,1,0
4718,42.0,1.0,22.0,5.0,1,451.0,0.0,60.0,0,1,0
4719,20.0,1.0,19.0,5.0,4,49.0,2.0,35.0,0,1,0
4720,26.0,1.0,20.0,1.0,3,51.0,1.0,40.0,1,1,1
4721,21.0,1.0,5.0,5.0,0,214.0,7.0,61.0,1,1,1
4722,38.0,1.0,18.0,1.0,2,49.0,0.0,40.0,0,1,0
4723,45.0,1.0,19.0,5.0,0,323.0,13.0,3.0,1,1,1
4724,79.0,1.0,16.0,1.0,0,370.0,0.0,45.0,0,1,1
4725,52.0,4.0,18.0,4.0,0,48.0,17.0,40.0,0,0,0
4726,62.0,1.0,23.0,1.0,0,49.0,0.0,40.0,1,1,1
4727,44.0,1.0,21.0,5.0,0,51.0,2.0,60.0,0,1,1
4728,32.0,1.0,19.0,5.0,0,49.0,7.0,40.0,1,1,1
4729,35.0,6.0,15.0,1.0,2,150.0,5.0,60.0,1,1,0
4730,34.0,1.0,21.0,5.0,0,49.0,2.0,53.0,0,1,0
4731,32.0,1.0,21.0,1.0,1,49.0,1.0,45.0,0,1,0
4732,22.0,1.0,18.0,1.0,3,49.0,0.0,45.0,1,1,0
4733,19.0,7.0,5.0,1.0,0,49.0,0.0,40.0,1,1,1
4734,75.0,1.0,16.0,5.0,1,49.0,2.0,40.0,0,1,0
4735,68.0,4.0,17.0,1.0,2,49.0,0.0,40.0,0,1,0
4736,25.0,1.0,22.0,1.0,1,49.0,0.0,40.0,0,1,1
4737,37.0,1.0,19.0,1.0,1,23.0,1.0,40.0,0,1,0
4738,80.0,1.0,19.0,1.0,0,49.0,0.0,3.0,0,1,0
4739,68.0,1.0,14.0,5.0,0,303.0,2.0,25.0,0,1,0
4740,34.0,4.0,19.0,1.0,2,329.0,0.0,60.0,1,1,1
4741,67.0,1.0,6.0,5.0,3,49.0,2.0,20.0,1,1,1
4742,87.0,1.0,21.0,1.0,2,49.0,1.0,40.0,0,1,1
4743,40.0,4.0,19.0,3.0,3,49.0,0.0,50.0,1,1,1
4744,25.0,1.0,18.0,1.0,4,49.0,1.0,35.0,0,1,0
4745,44.0,4.0,22.0,1.0,0,8.0,1.0,40.0,0,1,1
4746,18.0,1.0,22.0,2.0,0,150.0,2.0,40.0,0,1,1
4747,43.0,1.0,21.0,5.0,3,150.0,2.0,40.0,0,1,0
4748,35.0,4.0,16.0,1.0,4,49.0,0.0,10.0,0,1,1
4749,52.0,1.0,21.0,1.0,0,214.0,0.0,40.0,1,1,1
4750,54.0,1.0,18.0,1.0,1,49.0,1.0,42.0,1,1,0
4751,35.0,1.0,19.0,5.0,3,49.0,17.0,84.0,1,1,0
4752,41.0,7.0,23.0,1.0,2,303.0,1.0,14.0,0,1,1
4753,84.0,1.0,19.0,1.0,4,23.0,1.0,20.0,1,1,0
4754,44.0,1.0,21.0,1.0,0,49.0,0.0,45.0,0,1,1
4755,26.0,1.0,16.0,5.0,0,8.0,2.0,60.0,0,1,0
4756,28.0,1.0,21.0,1.0,0,49.0,1.0,8.0,0,1,1
4757,33.0,5.0,18.0,5.0,2,49.0,7.0,40.0,0,0,0
4758,79.0,3.0,19.0,3.0,2,49.0,0.0,40.0,0,1,0
4759,26.0,1.0,18.0,1.0,1,49.0,2.0,40.0,0,1,0
4760,20.0,8.0,16.0,5.0,3,49.0,2.0,84.0,1,1,0
4761,28.0,1.0,19.0,1.0,0,8.0,1.0,40.0,0,1,1
4762,33.0,1.0,16.0,1.0,2,49.0,1.0,40.0,1,1,0
4763,87.0,3.0,19.0,1.0,2,49.0,1.0,61.0,0,1,0
4764,28.0,4.0,14.0,5.0,0,49.0,2.0,20.0,0,1,0
4765,22.0,4.0,19.0,5.0,1,49.0,12.0,35.0,1,1,0
4766,69.0,4.0,19.0,1.0,0,49.0,0.0,40.0,0,1,1
4767,46.0,1.0,21.0,1.0,3,49.0,0.0,30.0,1,1,1
4768,73.0,6.0,16.0,5.0,2,214.0,17.0,30.0,0,1,0
4769,42.0,1.0,16.0,1.0,2,468.0,1.0,25.0,0,1,0
4770,26.0,1.0,19.0,1.0,2,49.0,0.0,45.0,0,1,0
4771,65.0,1.0,22.0,1.0,1,49.0,1.0,20.0,0,1,0
4772,50.0,1.0,20.0,1.0,0,49.0,0.0,84.0,1,1,1
4773,26.0,1.0,21.0,1.0,1,49.0,1.0,40.0,0,1,0
4774,84.0,4.0,22.0,5.0,0,323.0,7.0,40.0,1,1,1
4775,25.0,6.0,19.0,1.0,0,451.0,0.0,40.0,0,1,1
4776,42.0,3.0,21.0,1.0,1,49.0,0.0,40.0,1,0,1
4777,67.0,1.0,22.0,3.0,0,49.0,0.0,20.0,0,0,1
4778,23.0,1.0,23.0,1.0,0,49.0,0.0,35.0,1,1,1
4779,20.0,2.0,16.0,1.0,0,32.0,0.0,40.0,1,1,1
4780,73.0,1.0,19.0,1.0,0,49.0,1.0,53.0,0,1,1
4781,59.0,1.0,16.0,1.0,2,49.0,0.0,40.0,1,1,1
4782,28.0,6.0,22.0,5.0,3,151.0,17.0,40.0,1,1,0
4783,35.0,5.0,18.0,1.0,3,49.0,1.0,48.0,0,1,0
4784,45.0,1.0,21.0,1.0,2,341.0,0.0,40.0,1,1,1
4785,59.0,1.0,18.0,1.0,0,16.0,5.0,45.0,0,1,1
4786,65.0,1.0,19.0,3.0,0,49.0,0.0,25.0,1,1,1
4787,60.0,1.0,22.0,1.0,0,49.0,0.0,20.0,0,1,1
4788,28.0,7.0,21.0,1.0,4,203.0,0.0,30.0,1,1,1
4789,77.0,1.0,21.0,1.0,-1,49.0,0.0,40.0,0,1,1
4790,74.0,2.0,19.0,1.0,0,49.0,0.0,48.0,0,1,1
4791,25.0,1.0,22.0,3.0,2,49.0,2.0,40.0,0,0,1
4792,68.0,1.0,17.0,1.0,2,150.0,1.0,45.0,0,1,1
4793,25.0,3.0,20.0,1.0,2,49.0,1.0,60.0,0,1,0
4794,23.0,1.0,17.0,1.0,0,150.0,1.0,40.0,1,1,1
4795,33.0,1.0,19.0,1.0,3,48.0,0.0,40.0,1,1,1
4796,64.0,4.0,16.0,5.0,2,150.0,2.0,40.0,0,1,0
4797,82.0,2.0,21.0,1.0,1,49.0,0.0,30.0,1,1,1
4798,35.0,1.0,21.0,1.0,2,51.0,0.0,4.0,0,1,1
4799,19.0,1.0,21.0,1.0,0,303.0,2.0,35.0,1,1,1
4800,80.0,1.0,18.0,5.0,2,49.0,12.0,20.0,0,1,0
4801,82.0,1.0,20.0,1.0,4,6.0,1.0,20.0,1,1,1
4802,44.0,3.0,19.0,1.0,0,16.0,0.0,40.0,0,0,1
4803,31.0,1.0,18.0,1.0,2,49.0,6.0,30.0,1,1,1
4804,23.0,1.0,21.0,1.0,0,49.0,0.0,60.0,1,1,1
4805,53.0,1.0,20.0,4.0,0,49.0,0.0,40.0,1,0,1
4806,44.0,3.0,21.0,1.0,2,6.0,1.0,15.0,1,1,1
4807,55.0,1.0,22.0,1.0,0,51.0,0.0,30.0,1,0,1
4808,34.0,1.0,15.0,1.0,4,329.0,1.0,40.0,1,1,0
4809,60.0,1.0,19.0,5.0,0,150.0,12.0,40.0,1,1,1
4810,68.0,3.0,20.0,1.0,2,150.0,0.0,40.0,1,1,1
4811,65.0,1.0,19.0,1.0,3,160.0,0.0,40.0,1,1,0
4812,23.0,1.0,20.0,1.0,0,49.0,1.0,18.0,0,1,1
4813,45.0,1.0,19.0,5.0,4,49.0,2.0,96.0,0,1,0
4814,46.0,3.0,19.0,5.0,3,49.0,7.0,40.0,1,1,0
4815,55.0,7.0,20.0,1.0,1,214.0,1.0,35.0,1,1,0
4816,24.0,2.0,16.0,1.0,0,49.0,0.0,40.0,1,1,1
4817,42.0,1.0,20.0,3.0,2,42.0,0.0,39.0,0,0,0
4818,40.0,1.0,23.0,1.0,2,49.0,0.0,40.0,0,1,1
4819,23.0,1.0,21.0,5.0,2,49.0,0.0,40.0,0,1,0
4820,39.0,1.0,10.0,5.0,1,150.0,0.0,14.0,1,1,0
4821,25.0,8.0,16.0,5.0,1,8.0,17.0,30.0,0,1,0
4822,64.0,1.0,23.0,5.0,1,49.0,2.0,40.0,0,0,0
4823,60.0,1.0,18.0,1.0,1,49.0,0.0,14.0,0,1,0
4824,26.0,2.0,20.0,1.0,2,49.0,1.0,35.0,1,1,0
4825,23.0,1.0,15.0,1.0,0,49.0,1.0,15.0,0,1,0
4826,40.0,1.0,19.0,5.0,1,49.0,2.0,40.0,1,1,0
4827,46.0,1.0,16.0,5.0,2,151.0,2.0,32.0,1,1,0
4828,28.0,5.0,21.0,1.0,3,49.0,1.0,15.0,1,1,1
4829,26.0,1.0,16.0,5.0,1,49.0,2.0,30.0,0,1,0
4830,44.0,1.0,19.0,5.0,3,150.0,17.0,44.0,1,1,0
4831,44.0,1.0,23.0,5.0,2,49.0,16.0,40.0,0,1,0
4832,63.0,1.0,19.0,1.0,2,50.0,1.0,60.0,0,1,1
4833,52.0,1.0,21.0,3.0,-1,214.0,2.0,48.0,0,1,1
4834,42.0,1.0,16.0,3.0,0,49.0,0.0,45.0,1,1,0
4835,45.0,1.0,15.0,1.0,4,8.0,10.0,53.0,1,1,0
4836,51.0,6.0,22.0,1.0,0,49.0,1.0,40.0,0,1,1
4837,25.0,1.0,22.0,1.0,1,49.0,0.0,30.0,1,1,0
4838,36.0,1.0,20.0,5.0,1,49.0,0.0,40.0,1,1,0
4839,30.0,1.0,23.0,1.0,0,323.0,0.0,40.0,1,1,1
4840,58.0,3.0,16.0,3.0,1,51.0,2.0,40.0,0,1,0
4841,41.0,2.0,14.0,5.0,1,468.0,2.0,40.0,1,1,0
4842,40.0,2.0,18.0,1.0,4,323.0,1.0,45.0,1,1,0
4843,53.0,7.0,5.0,1.0,2,49.0,1.0,40.0,0,1,1
4844,25.0,2.0,22.0,1.0,0,468.0,0.0,40.0,1,1,1
4845,31.0,1.0,16.0,1.0,2,51.0,0.0,40.0,1,1,1
4846,37.0,8.0,16.0,5.0,2,49.0,2.0,50.0,1,1,0
4847,62.0,6.0,19.0,5.0,1,49.0,0.0,68.0,0,1,0
4848,41.0,3.0,18.0,1.0,1,49.0,0.0,60.0,0,1,0
4849,65.0,1.0,22.0,5.0,3,150.0,2.0,75.0,1,1,0
4850,28.0,4.0,20.0,1.0,2,49.0,0.0,50.0,0,1,0
4851,18.0,1.0,18.0,3.0,2,468.0,2.0,40.0,0,1,0
4852,55.0,3.0,21.0,1.0,2,49.0,1.0,50.0,1,1,1
4853,57.0,1.0,18.0,5.0,2,42.0,7.0,40.0,1,1,1
4854,26.0,1.0,18.0,1.0,1,49.0,0.0,40.0,1,1,0
4855,60.0,1.0,19.0,3.0,0,6.0,0.0,40.0,0,1,1
4856,79.0,1.0,16.0,1.0,1,468.0,0.0,32.0,0,1,1
4857,47.0,1.0,19.0,5.0,0,49.0,2.0,48.0,0,1,0
4858,65.0,1.0,21.0,2.0,0,49.0,16.0,40.0,0,1,0
4859,57.0,1.0,19.0,1.0,2,8.0,0.0,40.0,0,1,1
4860,18.0,1.0,16.0,1.0,4,49.0,1.0,38.0,1,1,0
4861,44.0,1.0,5.0,4.0,2,468.0,0.0,55.0,1,0,1
4862,80.0,1.0,16.0,1.0,1,30.0,1.0,20.0,0,1,0
4863,20.0,1.0,16.0,1.0,1,49.0,1.0,40.0,0,1,0
4864,28.0,2.0,14.0,5.0,2,49.0,12.0,40.0,1,1,0
4865,43.0,1.0,20.0,5.0,0,49.0,7.0,40.0,1,1,1
4866,18.0,1.0,19.0,5.0,4,468.0,0.0,45.0,0,1,0
4867,34.0,1.0,14.0,1.0,1,49.0,1.0,45.0,0,1,0
4868,58.0,4.0,19.0,1.0,4,49.0,0.0,35.0,0,1,0
4869,67.0,1.0,18.0,5.0,4,151.0,17.0,18.0,1,0,0
4870,20.0,1.0,21.0,1.0,2,49.0,1.0,48.0,1,1,1
4871,62.0,3.0,16.0,1.0,0,49.0,5.0,40.0,1,1,1
4872,35.0,1.0,21.0,5.0,4,49.0,2.0,61.0,1,0,1
4873,36.0,1.0,20.0,5.0,0,49.0,15.0,37.0,0,1,0
4874,44.0,1.0,16.0,5.0,2,49.0,0.0,40.0,0,0,0
4875,68.0,1.0,16.0,3.0,2,49.0,0.0,60.0,1,1,1
4876,34.0,1.0,16.0,1.0,0,49.0,0.0,60.0,1,1,1
4877,54.0,1.0,16.0,3.0,1,49.0,0.0,25.0,0,1,0
4878,62.0,1.0,21.0,1.0,4,203.0,1.0,40.0,1,1,1
4879,57.0,1.0,16.0,1.0,0,37.0,1.0,50.0,0,1,1
4880,23.0,1.0,19.0,1.0,0,303.0,0.0,15.0,0,1,1
4881,68.0,7.0,19.0,1.0,0,49.0,1.0,19.0,0,1,0
4882,30.0,1.0,19.0,5.0,1,49.0,17.0,40.0,0,1,0
4883,61.0,3.0,14.0,5.0,1,6.0,2.0,12.0,0,1,0
4884,32.0,1.0,18.0,1.0,1,49.0,1.0,40.0,0,1,0
4885,43.0,5.0,21.0,5.0,4,49.0,17.0,40.0,1,1,0
4886,61.0,3.0,19.0,5.0,2,49.0,7.0,12.0,0,1,0
4887,48.0,1.0,21.0,3.0,0,49.0,2.0,12.0,0,1,0
4888,62.0,1.0,22.0,1.0,2,49.0,1.0,40.0,0,1,1
4889,64.0,1.0,19.0,3.0,1,20.0,0.0,45.0,0,1,0
4890,65.0,6.0,10.0,1.0,3,49.0,0.0,53.0,1,1,0
4891,68.0,1.0,16.0,1.0,0,49.0,0.0,40.0,1,0,1
4892,62.0,1.0,16.0,5.0,0,329.0,2.0,35.0,1,1,1
4893,40.0,4.0,17.0,1.0,3,6.0,0.0,25.0,1,1,1
4894,60.0,1.0,21.0,1.0,0,508.0,1.0,40.0,0,1,1
4895,65.0,1.0,22.0,1.0,0,323.0,0.0,30.0,1,1,1
4896,73.0,1.0,22.0,1.0,3,51.0,0.0,40.0,1,0,1
4897,54.0,2.0,21.0,1.0,2,49.0,1.0,40.0,0,1,1
4898,18.0,5.0,19.0,1.0,0,49.0,1.0,60.0,0,0,0
4899,57.0,1.0,16.0,1.0,2,49.0,0.0,40.0,1,1,0
4900,27.0,5.0,22.0,1.0,0,16.0,0.0,40.0,1,1,1
4901,36.0,1.0,16.0,1.0,0,49.0,1.0,20.0,0,1,1
4902,56.0,6.0,19.0,3.0,2,6.0,2.0,40.0,0,1,0
4903,26.0,1.0,23.0,5.0,4,49.0,7.0,20.0,0,1,0
4904,50.0,1.0,21.0,5.0,1,512.0,2.0,61.0,1,1,0
4905,18.0,1.0,19.0,5.0,1,51.0,2.0,35.0,0,0,0
4906,30.0,4.0,18.0,1.0,4,49.0,5.0,8.0,1,1,1
4907,28.0,1.0,16.0,1.0,3,203.0,0.0,40.0,1,1,0
4908,35.0,1.0,21.0,1.0,2,303.0,1.0,40.0,0,1,0
4909,62.0,1.0,22.0,5.0,3,49.0,0.0,60.0,1,1,1
4910,26.0,1.0,17.0,1.0,0,8.0,0.0,40.0,1,1,1
4911,45.0,1.0,18.0,5.0,2,49.0,7.0,48.0,0,1,0
4912,58.0,1.0,21.0,1.0,4,49.0,0.0,50.0,0,1,0
4913,68.0,3.0,21.0,5.0,0,49.0,7.0,40.0,0,0,0
4914,69.0,1.0,19.0,1.0,2,150.0,0.0,40.0,1,1,1
4915,55.0,7.0,21.0,1.0,2,6.0,1.0,40.0,1,1,1
4916,54.0,1.0,18.0,3.0,1,49.0,10.0,53.0,0,1,0
4917,49.0,1.0,16.0,1.0,1,49.0,0.0,40.0,0,1,0
4918,20.0,1.0,14.0,5.0,4,49.0,12.0,20.0,0,0,0
4919,52.0,1.0,3.0,3.0,3,6.0,0.0,40.0,1,1,1
4920,56.0,1.0,21.0,1.0,0,6.0,0.0,50.0,0,1,0
4921,22.0,1.0,19.0,1.0,2,6.0,0.0,50.0,0,1,0
4922,24.0,4.0,3.0,5.0,2,303.0,12.0,32.0,1,1,0
4923,42.0,1.0,16.0,5.0,0,508.0,2.0,60.0,0,0,0
4924,23.0,1.0,15.0,3.0,2,49.0,0.0,45.0,1,0,0
4925,46.0,1.0,15.0,5.0,0,449.0,0.0,40.0,1,1,0
4926,78.0,1.0,16.0,5.0,4,49.0,2.0,30.0,0,1,0
4927,51.0,5.0,22.0,5.0,0,449.0,0.0,30.0,1,1,1
4928,62.0,1.0,21.0,1.0,4,150.0,1.0,40.0,1,1,1
4929,17.0,1.0,18.0,1.0,4,49.0,1.0,84.0,0,1,0
4930,79.0,2.0,18.0,1.0,0,49.0,1.0,32.0,0,1,1
4931,25.0,1.0,21.0,5.0,0,329.0,13.0,30.0,1,1,1
4932,33.0,6.0,20.0,1.0,0,48.0,1.0,4.0,1,1,0
4933,48.0,1.0,20.0,5.0,2,49.0,2.0,40.0,0,1,0
4934,38.0,4.0,19.0,1.0,4,49.0,1.0,45.0,1,1,0
4935,40.0,4.0,20.0,1.0,3,49.0,0.0,50.0,1,1,1
4936,37.0,1.0,19.0,5.0,2,49.0,2.0,30.0,0,1,0
4937,64.0,2.0,19.0,5.0,3,329.0,0.0,40.0,1,1,0
4938,27.0,1.0,19.0,2.0,1,303.0,16.0,50.0,0,1,0
4939,55.0,7.0,21.0,1.0,0,49.0,0.0,45.0,0,1,0
4940,92.0,5.0,16.0,3.0,4,49.0,0.0,60.0,1,1,1
4941,56.0,1.0,19.0,3.0,2,49.0,10.0,40.0,0,1,0
4942,17.0,1.0,18.0,1.0,4,49.0,1.0,40.0,0,1,0
4943,84.0,1.0,16.0,1.0,1,49.0,1.0,15.0,0,1,0
4944,46.0,1.0,23.0,1.0,-1,150.0,0.0,45.0,0,1,1
4945,28.0,1.0,19.0,1.0,4,23.0,0.0,15.0,1,1,1
4946,33.0,1.0,21.0,1.0,2,49.0,1.0,40.0,1,1,1
4947,31.0,1.0,16.0,1.0,0,49.0,1.0,25.0,1,0,1
4948,17.0,1.0,19.0,5.0,2,49.0,0.0,20.0,0,1,0
4949,23.0,2.0,21.0,1.0,0,49.0,0.0,40.0,1,1,0
4950,27.0,1.0,10.0,1.0,0,16.0,5.0,40.0,0,1,0
4951,92.0,1.0,21.0,1.0,3,49.0,0.0,12.0,1,1,1
4952,34.0,6.0,19.0,1.0,2,49.0,1.0,53.0,0,1,0
4953,54.0,1.0,19.0,1.0,2,49.0,0.0,15.0,1,1,0
4954,17.0,1.0,8.0,5.0,1,8.0,0.0,60.0,0,1,0
4955,39.0,1.0,21.0,1.0,2,49.0,0.0,50.0,1,1,1
4956,20.0,1.0,21.0,1.0,1,49.0,0.0,45.0,0,1,1
4957,45.0,6.0,21.0,5.0,1,49.0,0.0,40.0,0,1,0
4958,55.0,5.0,16.0,1.0,0,214.0,0.0,48.0,0,0,0
4959,30.0,1.0,19.0,1.0,1,323.0,0.0,40.0,0,1,1
4960,41.0,1.0,3.0,5.0,1,329.0,17.0,40.0,0,1,0
4961,43.0,1.0,21.0,1.0,0,49.0,0.0,60.0,1,0,1
4962,41.0,1.0,21.0,5.0,0,49.0,0.0,40.0,0,1,0
4963,45.0,1.0,19.0,1.0,4,451.0,1.0,45.0,0,1,0
4964,33.0,4.0,21.0,4.0,0,214.0,0.0,60.0,0,0,1
4965,37.0,1.0,21.0,1.0,3,49.0,0.0,91.0,1,1,1
4966,31.0,4.0,19.0,1.0,0,49.0,1.0,48.0,1,1,1
4967,19.0,1.0,19.0,1.0,2,50.0,1.0,40.0,0,1,0
4968,22.0,1.0,16.0,1.0,2,16.0,9.0,25.0,0,1,0
4969,17.0,1.0,18.0,3.0,3,451.0,2.0,50.0,1,1,0
4970,40.0,7.0,16.0,1.0,1,49.0,1.0,40.0,0,0,0
4971,37.0,1.0,21.0,1.0,0,49.0,0.0,40.0,1,1,1
4972,53.0,1.0,23.0,1.0,0,49.0,0.0,45.0,0,1,1
4973,20.0,1.0,16.0,1.0,0,512.0,0.0,50.0,0,1,0
4974,32.0,2.0,21.0,1.0,0,150.0,0.0,53.0,1,1,1
4975,19.0,1.0,19.0,5.0,2,49.0,2.0,40.0,1,1,0
4976,35.0,1.0,19.0,5.0,0,442.0,12.0,30.0,0,1,0
4977,37.0,6.0,16.0,1.0,0,49.0,0.0,40.0,1,1,1
4978,45.0,7.0,22.0,5.0,1,49.0,2.0,40.0,1,1,1
4979,35.0,1.0,16.0,1.0,2,49.0,8.0,30.0,0,1,0
4980,41.0,7.0,19.0,2.0,4,151.0,16.0,20.0,0,1,0
4981,52.0,1.0,16.0,3.0,3,16.0,0.0,96.0,1,1,0
4982,42.0,7.0,23.0,5.0,1,20.0,2.0,40.0,0,1,0
4983,38.0,5.0,17.0,1.0,0,6.0,1.0,12.0,0,1,1
4984,28.0,3.0,21.0,5.0,2,49.0,17.0,84.0,0,1,0
4985,24.0,1.0,15.0,5.0,2,329.0,0.0,36.0,0,0,0
4986,63.0,1.0,16.0,1.0,1,449.0,0.0,40.0,0,1,1
4987,44.0,1.0,20.0,1.0,0,203.0,0.0,40.0,0,1,1
4988,84.0,1.0,22.0,1.0,2,51.0,1.0,40.0,1,1,1
4989,21.0,1.0,22.0,1.0,0,49.0,0.0,40.0,1,1,1
4990,26.0,1.0,21.0,1.0,1,150.0,0.0,24.0,0,1,0
4991,65.0,7.0,20.0,1.0,0,329.0,0.0,30.0,0,1,1
4992,56.0,7.0,22.0,1.0,2,49.0,0.0,40.0,0,1,1
4993,17.0,1.0,21.0,3.0,2,49.0,2.0,24.0,0,1,0
4994,48.0,1.0,16.0,1.0,2,451.0,1.0,40.0,0,1,0
4995,21.0,1.0,19.0,5.0,0,370.0,7.0,40.0,1,0,0
4996,42.0,4.0,19.0,1.0,2,49.0,1.0,40.0,0,1,0
4997,23.0,1.0,21.0,1.0,0,49.0,0.0,50.0,0,1,0
4998,18.0,1.0,21.0,1.0,0,49.0,1.0,35.0,0,1,0
4999,25.0,2.0,19.0,1.0,1,508.0,1.0,15.0,1,1,1
5000,64.0,1.0,16.0,1.0,4,49.0,1.0,40.0,0,0,0
5001,68.0,1.0,10.0,5.0,2,49.0,12.0,50.0,0,1,0
5002,44.0,1.0,16.0,1.0,2,51.0,1.0,40.0,0,1,0
5003,18.0,1.0,23.0,5.0,4,6.0,17.0,50.0,0,0,0
5004,62.0,1.0,22.0,1.0,0,6.0,1.0,40.0,0,1,1
5005,25.0,7.0,22.0,1.0,0,37.0,0.0,38.0,0,1,1
5006,28.0,1.0,17.0,1.0,0,37.0,0.0,40.0,0,1,1
5007,38.0,1.0,21.0,1.0,4,49.0,1.0,42.0,1,1,1
5008,59.0,1.0,21.0,1.0,2,49.0,1.0,45.0,1,1,0
5009,56.0,4.0,19.0,1.0,4,49.0,0.0,50.0,1,1,0
5010,18.0,1.0,20.0,5.0,2,449.0,2.0,40.0,0,0,0
5011,45.0,1.0,21.0,1.0,1,49.0,0.0,24.0,0,1,1
5012,56.0,3.0,21.0,5.0,0,49.0,7.0,36.0,0,1,1
5013,33.0,1.0,19.0,5.0,2,20.0,0.0,50.0,0,1,0
5014,22.0,3.0,18.0,1.0,0,468.0,0.0,40.0,1,1,1
5015,41.0,4.0,21.0,1.0,0,49.0,1.0,53.0,1,1,1
5016,24.0,1.0,20.0,1.0,1,49.0,1.0,25.0,1,1,1
5017,47.0,4.0,17.0,1.0,0,51.0,1.0,19.0,1,1,1
5018,26.0,1.0,23.0,5.0,0,49.0,7.0,50.0,1,1,1
5019,18.0,7.0,22.0,1.0,0,49.0,1.0,40.0,0,1,1
5020,32.0,7.0,18.0,5.0,0,303.0,12.0,20.0,1,0,0
5021,52.0,1.0,16.0,1.0,-1,49.0,1.0,40.0,0,1,1
5022,54.0,1.0,17.0,1.0,4,49.0,1.0,40.0,1,1,1
5023,44.0,5.0,14.0,5.0,1,49.0,2.0,40.0,0,1,0
5024,18.0,6.0,16.0,1.0,2,467.0,0.0,40.0,1,1,0
5025,22.0,6.0,22.0,1.0,2,468.0,1.0,20.0,0,1,0
5026,40.0,1.0,19.0,3.0,4,150.0,2.0,60.0,0,1,0
5027,30.0,3.0,19.0,1.0,0,508.0,0.0,45.0,1,1,1
5028,56.0,7.0,22.0,1.0,1,49.0,1.0,55.0,1,1,0
5029,24.0,1.0,20.0,1.0,0,49.0,0.0,68.0,1,1,1
5030,46.0,1.0,7.0,1.0,0,151.0,1.0,40.0,0,1,1
5031,18.0,4.0,22.0,1.0,0,49.0,1.0,40.0,1,1,1
5032,43.0,1.0,18.0,1.0,2,49.0,1.0,48.0,0,1,0
5033,45.0,1.0,16.0,5.0,1,508.0,17.0,20.0,1,1,0
5034,21.0,1.0,23.0,1.0,4,49.0,0.0,40.0,1,1,1
5035,44.0,7.0,21.0,5.0,0,49.0,0.0,96.0,0,1,0
5036,23.0,4.0,19.0,1.0,0,323.0,5.0,68.0,1,1,1
5037,53.0,1.0,21.0,2.0,0,49.0,6.0,40.0,1,1,1
5038,31.0,1.0,21.0,1.0,0,49.0,1.0,12.0,1,1,1
5039,51.0,1.0,18.0,1.0,0,49.0,0.0,40.0,0,1,1
5040,55.0,4.0,10.0,5.0,2,49.0,17.0,40.0,0,1,0
5041,60.0,1.0,16.0,1.0,0,49.0,0.0,40.0,1,1,1
5042,23.0,6.0,17.0,1.0,3,49.0,0.0,40.0,1,1,1
5043,28.0,1.0,20.0,3.0,2,323.0,2.0,40.0,1,0,0
5044,36.0,1.0,19.0,1.0,0,49.0,0.0,40.0,1,1,1
5045,69.0,1.0,19.0,5.0,3,49.0,12.0,40.0,1,1,0
5046,34.0,1.0,21.0,3.0,3,203.0,2.0,40.0,1,1,1
5047,25.0,1.0,21.0,1.0,3,214.0,0.0,40.0,1,1,0
5048,23.0,1.0,16.0,5.0,0,6.0,2.0,48.0,0,1,0
5049,31.0,6.0,16.0,1.0,4,214.0,1.0,40.0,1,1,0
5050,68.0,1.0,5.0,1.0,4,150.0,0.0,35.0,1,1,1
5051,21.0,1.0,20.0,1.0,3,51.0,1.0,3.0,1,1,0
5052,79.0,1.0,22.0,1.0,2,512.0,5.0,15.0,1,1,1
5053,20.0,6.0,22.0,1.0,0,468.0,1.0,40.0,0,1,1
5054,32.0,6.0,21.0,1.0,1,49.0,1.0,40.0,1,1,1
5055,54.0,1.0,18.0,5.0,2,49.0,17.0,20.0,1,1,0
5056,32.0,6.0,17.0,1.0,0,49.0,0.0,37.0,0,1,1
5057,29.0,1.0,16.0,1.0,3,51.0,1.0,40.0,1,0,1
5058,48.0,6.0,19.0,1.0,1,49.0,0.0,19.0,0,1,0
5059,33.0,1.0,12.0,1.0,4,49.0,0.0,3.0,1,1,1
5060,60.0,2.0,18.0,1.0,2,49.0,1.0,45.0,1,1,0
5061,26.0,7.0,16.0,1.0,0,51.0,0.0,40.0,1,1,1
5062,31.0,1.0,21.0,4.0,4,49.0,0.0,40.0,1,1,1
5063,17.0,1.0,20.0,1.0,2,49.0,1.0,50.0,1,1,1
5064,20.0,1.0,16.0,5.0,2,468.0,7.0,35.0,0,0,1
5065,23.0,1.0,19.0,1.0,4,49.0,0.0,40.0,1,1,1
5066,35.0,1.0,21.0,1.0,0,303.0,1.0,15.0,0,1,1
5067,50.0,1.0,18.0,1.0,3,303.0,1.0,40.0,1,1,0
5068,51.0,7.0,19.0,4.0,2,6.0,0.0,84.0,0,0,1
5069,34.0,1.0,20.0,5.0,4,49.0,2.0,40.0,1,1,0
5070,40.0,1.0,16.0,1.0,2,341.0,1.0,15.0,1,1,0
5071,17.0,1.0,14.0,1.0,4,49.0,1.0,40.0,1,1,0
5072,20.0,1.0,7.0,1.0,0,8.0,0.0,40.0,1,1,1
5073,76.0,1.0,21.0,1.0,1,49.0,1.0,30.0,0,1,0
5074,65.0,1.0,21.0,1.0,2,49.0,1.0,40.0,1,1,1
5075,79.0,1.0,21.0,1.0,3,49.0,5.0,45.0,1,1,1
5076,62.0,6.0,17.0,1.0,0,49.0,1.0,84.0,1,1,1
5077,57.0,1.0,18.0,5.0,4,16.0,2.0,24.0,1,1,0
5078,20.0,1.0,16.0,2.0,4,214.0,16.0,30.0,0,1,0
5079,49.0,1.0,19.0,1.0,0,214.0,0.0,40.0,1,1,1
5080,65.0,1.0,16.0,1.0,5,49.0,10.0,40.0,0,1,0
5081,63.0,2.0,19.0,1.0,0,49.0,0.0,40.0,0,1,1
5082,18.0,1.0,19.0,1.0,0,370.0,0.0,40.0,0,1,1
5083,62.0,2.0,16.0,1.0,4,49.0,1.0,15.0,1,1,0
5084,68.0,5.0,16.0,5.0,4,20.0,0.0,40.0,1,1,1
5085,35.0,5.0,17.0,5.0,0,51.0,2.0,40.0,1,0,0
5086,44.0,1.0,18.0,1.0,0,49.0,1.0,40.0,1,1,0
5087,28.0,2.0,21.0,5.0,1,48.0,0.0,40.0,1,1,0
5088,52.0,1.0,15.0,1.0,0,50.0,1.0,40.0,0,1,0
5089,35.0,1.0,19.0,3.0,2,49.0,0.0,84.0,0,1,0
5090,62.0,4.0,16.0,5.0,2,303.0,7.0,40.0,1,0,1
5091,42.0,1.0,19.0,1.0,0,449.0,1.0,40.0,0,1,0
5092,54.0,1.0,21.0,1.0,4,8.0,10.0,20.0,1,1,0
5093,56.0,2.0,16.0,5.0,0,49.0,13.0,40.0,1,1,1
5094,65.0,1.0,23.0,5.0,0,468.0,12.0,40.0,1,0,1
5095,54.0,2.0,10.0,1.0,4,51.0,0.0,30.0,0,1,0
5096,30.0,7.0,22.0,1.0,4,49.0,0.0,40.0,1,1,1
5097,53.0,1.0,15.0,1.0,1,49.0,0.0,18.0,0,1,0
5098,41.0,1.0,21.0,1.0,3,49.0,0.0,30.0,1,1,1
5099,77.0,3.0,18.0,1.0,2,49.0,0.0,40.0,0,1,0
5100,87.0,3.0,22.0,1.0,4,49.0,0.0,50.0,1,1,1
5101,67.0,1.0,21.0,1.0,0,49.0,1.0,40.0,1,1,0
5102,37.0,1.0,20.0,5.0,3,49.0,2.0,60.0,1,1,1
5103,51.0,1.0,21.0,5.0,1,150.0,12.0,40.0,0,1,0
5104,28.0,1.0,16.0,1.0,2,49.0,0.0,45.0,0,1,0
5105,27.0,1.0,16.0,1.0,0,16.0,0.0,14.0,0,1,1
5106,23.0,1.0,19.0,2.0,2,49.0,16.0,40.0,1,1,0
5107,36.0,1.0,19.0,5.0,4,49.0,2.0,40.0,1,1,1
5108,47.0,2.0,20.0,1.0,3,150.0,1.0,55.0,1,1,1
5109,26.0,2.0,21.0,1.0,0,48.0,0.0,40.0,1,1,1
5110,32.0,5.0,19.0,1.0,4,49.0,0.0,40.0,1,1,1
5111,31.0,1.0,16.0,3.0,4,49.0,2.0,37.0,1,1,0
5112,23.0,1.0,18.0,1.0,0,49.0,0.0,20.0,1,1,1
5113,19.0,1.0,21.0,1.0,0,49.0,1.0,50.0,1,1,1
5114,19.0,7.0,23.0,1.0,0,49.0,0.0,40.0,1,1,1
5115,36.0,1.0,16.0,5.0,1,341.0,12.0,35.0,1,1,0
5116,87.0,1.0,18.0,3.0,2,49.0,0.0,40.0,0,1,0
5117,61.0,2.0,16.0,5.0,0,49.0,2.0,40.0,0,1,0
5118,65.0,5.0,21.0,1.0,0,48.0,0.0,45.0,0,0,1
5119,19.0,1.0,21.0,1.0,1,49.0,0.0,40.0,1,1,1
5120,26.0,1.0,16.0,1.0,0,214.0,1.0,50.0,0,1,0
5121,65.0,1.0,20.0,1.0,1,49.0,0.0,42.0,0,1,0
5122,37.0,1.0,21.0,3.0,1,49.0,0.0,60.0,1,1,1
5123,48.0,3.0,16.0,1.0,0,49.0,0.0,8.0,1,1,1
5124,30.0,1.0,15.0,5.0,0,49.0,2.0,30.0,0,1,0
5125,82.0,1.0,19.0,5.0,1,49.0,0.0,15.0,0,1,0
5126,21.0,2.0,19.0,1.0,0,49.0,0.0,60.0,1,1,1
5127,36.0,4.0,21.0,3.0,3,49.0,2.0,40.0,1,1,0
5128,40.0,2.0,16.0,1.0,0,49.0,1.0,40.0,1,1,0
5129,26.0,1.0,16.0,1.0,4,49.0,0.0,91.0,1,1,1
5130,60.0,1.0,18.0,1.0,0,49.0,4.0,40.0,1,1,1
5131,42.0,1.0,21.0,1.0,1,6.0,17.0,15.0,0,1,0
5132,30.0,1.0,19.0,5.0,4,49.0,2.0,10.0,1,1,0
5133,26.0,7.0,21.0,1.0,2,49.0,1.0,40.0,1,1,1
5134,25.0,6.0,16.0,1.0,4,6.0,0.0,40.0,1,1,0
5135,59.0,1.0,21.0,1.0,3,37.0,1.0,40.0,1,1,1
5136,84.0,1.0,19.0,5.0,4,49.0,2.0,26.0,1,1,0
5137,26.0,3.0,20.0,5.0,0,49.0,12.0,40.0,1,0,0
5138,39.0,1.0,19.0,1.0,0,49.0,0.0,30.0,1,1,1
5139,32.0,4.0,19.0,1.0,2,49.0,1.0,55.0,1,1,1
5140,53.0,1.0,22.0,1.0,4,49.0,0.0,45.0,1,0,0
5141,51.0,1.0,19.0,1.0,0,49.0,0.0,84.0,1,1,1
5142,82.0,4.0,16.0,1.0,2,51.0,1.0,45.0,0,1,1
5143,24.0,1.0,18.0,1.0,2,467.0,0.0,40.0,1,1,0
5144,58.0,1.0,18.0,1.0,3,49.0,1.0,40.0,1,0,0
5145,50.0,2.0,17.0,5.0,4,20.0,17.0,25.0,1,0,0
5146,61.0,5.0,19.0,3.0,2,50.0,0.0,30.0,1,0,1
5147,24.0,6.0,16.0,1.0,0,323.0,0.0,36.0,0,1,1
5148,20.0,1.0,20.0,1.0,4,6.0,0.0,50.0,1,1,1
5149,21.0,3.0,21.0,1.0,0,49.0,0.0,40.0,1,1,1
5150,68.0,1.0,16.0,3.0,3,16.0,2.0,60.0,1,1,0
5151,51.0,7.0,16.0,1.0,2,303.0,0.0,40.0,0,1,0
5152,39.0,2.0,19.0,1.0,3,49.0,8.0,35.0,0,1,0
5153,77.0,3.0,19.0,5.0,0,49.0,2.0,40.0,1,0,0
5154,21.0,3.0,21.0,1.0,3,329.0,0.0,15.0,1,1,0
5155,35.0,1.0,21.0,1.0,1,150.0,1.0,40.0,0,1,0
5156,19.0,3.0,19.0,5.0,0,49.0,17.0,30.0,0,1,0
5157,21.0,1.0,16.0,1.0,1,508.0,1.0,38.0,0,0,0
5158,43.0,1.0,20.0,1.0,4,49.0,1.0,75.0,0,1,0
5159,36.0,1.0,5.0,5.0,0,303.0,0.0,61.0,1,1,1
5160,30.0,1.0,16.0,2.0,2,49.0,9.0,45.0,1,1,1
5161,54.0,1.0,16.0,1.0,4,49.0,0.0,40.0,1,1,0
5162,27.0,1.0,16.0,1.0,0,49.0,0.0,40.0,0,1,1
5163,41.0,1.0,20.0,1.0,1,49.0,1.0,40.0,0,1,0
5164,49.0,1.0,22.0,1.0,0,8.0,0.0,45.0,1,1,1
5165,23.0,1.0,19.0,5.0,0,6.0,2.0,40.0,0,1,0
5166,33.0,8.0,21.0,5.0,1,49.0,17.0,53.0,0,1,0
5167,23.0,7.0,19.0,5.0,0,150.0,0.0,55.0,0,1,0
5168,32.0,1.0,3.0,5.0,1,49.0,13.0,40.0,1,0,1
5169,61.0,5.0,19.0,1.0,0,23.0,0.0,30.0,1,0,1
5170,73.0,3.0,19.0,3.0,0,16.0,0.0,20.0,0,1,0
5171,26.0,3.0,22.0,1.0,3,49.0,0.0,45.0,1,1,0
5172,35.0,1.0,21.0,1.0,0,49.0,1.0,45.0,1,1,1
5173,67.0,1.0,18.0,1.0,0,51.0,1.0,10.0,1,1,1
5174,17.0,1.0,21.0,5.0,0,49.0,13.0,40.0,0,0,1
5175,46.0,1.0,10.0,5.0,2,49.0,12.0,60.0,0,1,0
5176,63.0,1.0,22.0,1.0,2,49.0,1.0,10.0,1,1,1
5177,68.0,1.0,19.0,1.0,2,51.0,0.0,40.0,1,1,1
5178,43.0,1.0,19.0,1.0,1,49.0,0.0,45.0,1,1,1
5179,32.0,7.0,19.0,1.0,3,49.0,0.0,30.0,1,1,1
5180,39.0,1.0,16.0,1.0,2,8.0,0.0,15.0,0,1,0
5181,48.0,1.0,18.0,5.0,3,51.0,0.0,30.0,1,1,0
5182,84.0,1.0,18.0,5.0,2,329.0,17.0,40.0,0,1,0
5183,57.0,1.0,18.0,1.0,0,49.0,0.0,30.0,0,1,1
5184,64.0,7.0,16.0,3.0,1,49.0,0.0,20.0,1,1,1
5185,54.0,7.0,16.0,5.0,2,508.0,17.0,25.0,0,1,0
5186,45.0,7.0,22.0,1.0,0,49.0,0.0,29.0,1,1,1
5187,37.0,1.0,19.0,1.0,1,214.0,1.0,45.0,0,1,0
5188,20.0,1.0,19.0,1.0,0,49.0,17.0,40.0,0,1,0
5189,56.0,4.0,21.0,5.0,1,51.0,0.0,20.0,0,1,0
5190,44.0,2.0,16.0,1.0,2,49.0,1.0,40.0,0,1,0
5191,23.0,1.0,19.0,5.0,1,370.0,16.0,40.0,0,1,0
5192,53.0,7.0,5.0,1.0,2,51.0,0.0,40.0,1,1,1
5193,40.0,1.0,19.0,5.0,2,49.0,0.0,36.0,1,1,0
5194,22.0,1.0,20.0,1.0,1,50.0,0.0,40.0,0,1,0
5195,39.0,1.0,19.0,1.0,1,49.0,1.0,40.0,1,1,0
5196,51.0,1.0,21.0,1.0,1,49.0,0.0,20.0,1,1,0
5197,40.0,4.0,16.0,5.0,0,370.0,16.0,40.0,0,1,0
5198,40.0,1.0,21.0,3.0,2,49.0,0.0,40.0,0,1,1
5199,48.0,2.0,16.0,1.0,0,49.0,1.0,39.0,0,1,0
5200,44.0,1.0,16.0,1.0,-1,49.0,1.0,40.0,0,1,1
5201,44.0,1.0,13.0,1.0,3,6.0,0.0,40.0,1,1,0
5202,21.0,1.0,19.0,3.0,2,6.0,0.0,45.0,0,1,0
5203,49.0,1.0,16.0,1.0,1,49.0,1.0,50.0,0,1,0
5204,41.0,1.0,13.0,4.0,3,49.0,17.0,45.0,1,0,0
5205,34.0,1.0,21.0,1.0,4,468.0,0.0,62.0,1,1,1
5206,40.0,3.0,21.0,1.0,0,323.0,5.0,36.0,0,1,0
5207,48.0,1.0,16.0,5.0,2,49.0,0.0,60.0,0,1,0
5208,25.0,1.0,20.0,5.0,3,49.0,13.0,25.0,1,1,1
5209,25.0,1.0,22.0,1.0,2,42.0,2.0,3.0,0,1,1
5210,48.0,1.0,20.0,1.0,2,42.0,1.0,40.0,1,1,1
5211,44.0,1.0,20.0,1.0,2,49.0,1.0,40.0,0,1,0
5212,47.0,6.0,19.0,1.0,0,42.0,0.0,61.0,1,1,0
5213,32.0,1.0,20.0,5.0,2,51.0,13.0,30.0,1,1,1
5214,36.0,1.0,22.0,3.0,0,42.0,0.0,12.0,1,1,1
5215,27.0,6.0,22.0,1.0,2,150.0,0.0,45.0,1,1,1
5216,29.0,3.0,22.0,5.0,2,370.0,0.0,40.0,1,1,1
5217,32.0,3.0,16.0,5.0,0,49.0,13.0,40.0,0,0,1
5218,40.0,7.0,22.0,1.0,3,323.0,0.0,40.0,1,1,1
5219,76.0,3.0,19.0,5.0,0,6.0,17.0,30.0,0,0,0
5220,39.0,1.0,21.0,1.0,0,16.0,0.0,48.0,0,1,0
5221,38.0,1.0,19.0,1.0,1,49.0,1.0,40.0,0,0,0
5222,56.0,1.0,21.0,5.0,4,49.0,2.0,29.0,1,1,0
5223,45.0,1.0,19.0,1.0,0,6.0,0.0,15.0,1,0,0
5224,33.0,5.0,21.0,1.0,4,50.0,1.0,40.0,1,1,1
5225,54.0,1.0,16.0,1.0,3,6.0,1.0,37.0,1,1,1
5226,69.0,3.0,23.0,5.0,3,49.0,2.0,30.0,1,1,1
5227,26.0,3.0,18.0,1.0,0,214.0,0.0,40.0,0,1,1
5228,59.0,2.0,21.0,1.0,2,49.0,0.0,37.0,1,1,1
5229,44.0,4.0,16.0,3.0,3,49.0,0.0,40.0,1,1,0
5230,44.0,1.0,19.0,5.0,2,303.0,17.0,19.0,0,1,0
5231,79.0,3.0,20.0,1.0,2,6.0,0.0,20.0,0,1,1
5232,33.0,1.0,21.0,1.0,0,49.0,1.0,40.0,1,1,1
5233,69.0,1.0,21.0,1.0,3,16.0,1.0,40.0,1,0,0
5234,32.0,1.0,21.0,1.0,0,49.0,0.0,40.0,0,1,1
5235,33.0,3.0,20.0,1.0,2,49.0,0.0,40.0,0,1,0
5236,21.0,1.0,21.0,5.0,1,49.0,0.0,20.0,0,1,0
5237,26.0,6.0,20.0,5.0,1,49.0,2.0,45.0,1,1,0
5238,61.0,1.0,24.0,5.0,0,49.0,13.0,45.0,1,1,1
5239,61.0,1.0,19.0,1.0,1,49.0,1.0,68.0,0,1,0
5240,53.0,1.0,16.0,1.0,1,49.0,1.0,40.0,1,1,0
5241,54.0,1.0,20.0,5.0,4,49.0,0.0,50.0,1,0,1
5242,67.0,2.0,16.0,1.0,0,6.0,0.0,20.0,1,1,0
5243,33.0,4.0,17.0,1.0,4,49.0,1.0,40.0,1,1,1
5244,41.0,1.0,19.0,5.0,1,49.0,8.0,20.0,1,0,0
5245,18.0,2.0,23.0,5.0,2,370.0,0.0,40.0,0,0,0
5246,47.0,1.0,19.0,1.0,0,49.0,1.0,30.0,1,1,1
5247,26.0,1.0,19.0,1.0,4,6.0,0.0,40.0,1,1,0
5248,18.0,1.0,18.0,5.0,2,449.0,5.0,50.0,0,0,0
5249,32.0,7.0,19.0,4.0,2,49.0,0.0,40.0,0,1,1
5250,40.0,1.0,18.0,1.0,0,49.0,1.0,40.0,1,1,0
5251,26.0,1.0,19.0,1.0,2,49.0,1.0,3.0,0,1,0
5252,32.0,1.0,20.0,1.0,4,49.0,1.0,45.0,0,1,0
5253,45.0,3.0,18.0,1.0,2,203.0,0.0,40.0,1,1,1
5254,18.0,1.0,21.0,1.0,2,49.0,1.0,20.0,1,1,0
5255,45.0,1.0,22.0,1.0,0,303.0,1.0,40.0,1,1,1
5256,79.0,1.0,20.0,1.0,0,51.0,0.0,40.0,1,0,1
5257,25.0,2.0,20.0,3.0,4,467.0,0.0,40.0,0,1,0
5258,36.0,7.0,16.0,3.0,0,49.0,0.0,36.0,1,1,1
5259,19.0,3.0,19.0,4.0,2,449.0,0.0,20.0,0,0,1
5260,19.0,1.0,22.0,1.0,3,49.0,0.0,45.0,1,1,1
5261,22.0,1.0,16.0,1.0,0,329.0,0.0,18.0,1,1,0
5262,26.0,1.0,19.0,5.0,0,49.0,0.0,40.0,0,0,0
5263,24.0,1.0,21.0,5.0,2,214.0,0.0,45.0,0,1,0
5264,42.0,1.0,19.0,3.0,0,6.0,0.0,40.0,0,1,1
5265,40.0,1.0,22.0,1.0,0,48.0,0.0,32.0,1,1,1
5266,37.0,1.0,21.0,1.0,0,49.0,1.0,20.0,1,1,1
5267,44.0,1.0,16.0,1.0,3,49.0,0.0,40.0,1,1,1
5268,51.0,7.0,16.0,1.0,2,49.0,0.0,40.0,1,0,1
5269,38.0,3.0,21.0,1.0,2,6.0,1.0,40.0,0,0,0
5270,54.0,1.0,10.0,1.0,0,49.0,1.0,40.0,0,1,0
5271,30.0,1.0,21.0,1.0,4,20.0,1.0,38.0,1,1,0
5272,79.0,2.0,19.0,1.0,0,49.0,0.0,50.0,1,1,1
5273,18.0,1.0,20.0,1.0,2,50.0,0.0,40.0,1,1,1
5274,40.0,1.0,18.0,3.0,2,150.0,0.0,35.0,0,1,0
5275,26.0,2.0,19.0,1.0,1,20.0,0.0,50.0,0,1,0
5276,29.0,4.0,19.0,5.0,1,49.0,12.0,55.0,0,1,0
5277,53.0,1.0,16.0,5.0,4,16.0,0.0,40.0,1,0,0
5278,20.0,5.0,18.0,1.0,3,49.0,0.0,40.0,1,0,0
5279,40.0,1.0,18.0,1.0,4,214.0,1.0,35.0,1,1,0
5280,30.0,1.0,16.0,5.0,2,49.0,3.0,50.0,0,1,0
5281,58.0,1.0,22.0,1.0,0,49.0,0.0,40.0,0,1,1
5282,62.0,1.0,20.0,5.0,0,49.0,0.0,40.0,1,1,1
5283,42.0,1.0,18.0,1.0,2,303.0,0.0,45.0,0,1,0
5284,60.0,1.0,21.0,5.0,0,49.0,2.0,40.0,1,1,0
5285,53.0,1.0,21.0,5.0,1,49.0,2.0,40.0,0,1,0
5286,54.0,6.0,21.0,3.0,0,49.0,0.0,40.0,1,1,1
5287,39.0,1.0,19.0,1.0,4,20.0,1.0,40.0,1,1,0
5288,78.0,1.0,17.0,1.0,0,50.0,0.0,36.0,1,0,1
5289,68.0,4.0,22.0,1.0,-1,49.0,0.0,40.0,0,1,1
5290,82.0,2.0,20.0,5.0,3,49.0,0.0,32.0,1,1,1
5291,22.0,1.0,20.0,1.0,3,468.0,0.0,55.0,1,1,1
5292,32.0,2.0,16.0,5.0,1,49.0,2.0,55.0,0,1,0
5293,78.0,2.0,16.0,1.0,0,49.0,10.0,40.0,0,1,0
5294,39.0,3.0,22.0,1.0,2,329.0,1.0,96.0,1,1,1
5295,45.0,1.0,10.0,5.0,4,49.0,12.0,40.0,0,1,0
5296,76.0,1.0,21.0,1.0,2,16.0,1.0,45.0,0,1,0
5297,46.0,4.0,20.0,1.0,0,49.0,1.0,40.0,1,1,1
5298,50.0,1.0,22.0,5.0,0,49.0,12.0,91.0,0,1,0
5299,51.0,2.0,14.0,3.0,2,508.0,2.0,40.0,0,1,0
5300,56.0,3.0,22.0,1.0,2,49.0,6.0,50.0,0,1,1
5301,32.0,1.0,21.0,1.0,0,49.0,1.0,30.0,1,1,1
5302,51.0,1.0,21.0,1.0,0,51.0,0.0,40.0,1,1,1
5303,60.0,4.0,21.0,1.0,2,49.0,1.0,40.0,0,1,1
5304,39.0,1.0,18.0,1.0,0,214.0,1.0,40.0,1,1,1
5305,62.0,1.0,19.0,5.0,4,467.0,17.0,15.0,1,1,0
5306,40.0,1.0,22.0,2.0,4,49.0,16.0,40.0,1,1,0
5307,39.0,1.0,21.0,1.0,2,467.0,1.0,30.0,0,1,1
5308,57.0,1.0,19.0,1.0,2,16.0,1.0,46.0,0,1,0
5309,20.0,1.0,14.0,1.0,0,49.0,1.0,36.0,0,1,0
5310,48.0,4.0,19.0,1.0,2,49.0,1.0,20.0,1,1,0
5311,59.0,5.0,19.0,3.0,0,49.0,0.0,40.0,1,0,1
5312,30.0,1.0,13.0,5.0,1,49.0,2.0,25.0,0,0,0
5313,49.0,1.0,18.0,5.0,2,508.0,2.0,48.0,1,1,0
5314,22.0,1.0,16.0,5.0,1,55.0,0.0,60.0,0,1,1
5315,78.0,1.0,20.0,1.0,0,48.0,0.0,30.0,1,1,1
5316,28.0,1.0,21.0,1.0,2,49.0,0.0,60.0,0,1,1
5317,42.0,8.0,8.0,1.0,1,303.0,1.0,40.0,1,1,0
5318,77.0,1.0,21.0,1.0,1,49.0,1.0,40.0,1,1,0
5319,34.0,1.0,14.0,1.0,4,49.0,1.0,50.0,1,1,0
5320,35.0,5.0,20.0,1.0,2,150.0,2.0,40.0,1,1,1
5321,61.0,1.0,16.0,5.0,4,214.0,7.0,40.0,0,1,0
5322,21.0,1.0,18.0,1.0,1,49.0,0.0,40.0,0,1,0
5323,31.0,6.0,16.0,5.0,2,329.0,12.0,30.0,0,1,0
5324,84.0,3.0,20.0,5.0,0,49.0,2.0,60.0,0,1,0
5325,61.0,1.0,16.0,1.0,0,49.0,0.0,3.0,0,1,1
5326,40.0,2.0,19.0,1.0,1,6.0,1.0,45.0,0,1,0
5327,56.0,4.0,18.0,1.0,0,150.0,1.0,40.0,0,1,1
5328,18.0,1.0,16.0,5.0,4,49.0,12.0,96.0,0,1,0
5329,23.0,1.0,13.0,5.0,0,214.0,2.0,40.0,0,1,0
5330,18.0,1.0,21.0,1.0,1,323.0,0.0,40.0,0,1,0
5331,60.0,5.0,21.0,4.0,0,51.0,0.0,40.0,1,0,1
5332,21.0,3.0,19.0,1.0,4,20.0,1.0,55.0,0,1,0
5333,35.0,1.0,19.0,1.0,2,49.0,1.0,68.0,1,1,1
5334,65.0,4.0,19.0,1.0,1,467.0,0.0,30.0,1,1,1
5335,36.0,2.0,10.0,5.0,1,323.0,17.0,50.0,1,1,0
5336,82.0,5.0,21.0,1.0,0,49.0,0.0,15.0,1,1,1
5337,62.0,1.0,16.0,1.0,3,329.0,1.0,40.0,1,1,1
5338,48.0,1.0,21.0,5.0,2,16.0,0.0,40.0,0,1,1
5339,48.0,4.0,18.0,1.0,2,49.0,8.0,37.0,0,1,0
5340,65.0,1.0,16.0,1.0,0,151.0,1.0,25.0,0,1,0
5341,50.0,7.0,20.0,1.0,0,49.0,0.0,40.0,1,1,1
5342,46.0,1.0,18.0,1.0,4,49.0,1.0,40.0,0,1,0
5343,73.0,1.0,21.0,5.0,0,42.0,2.0,20.0,1,1,1
5344,38.0,4.0,16.0,1.0,3,49.0,0.0,40.0,1,1,1
5345,21.0,6.0,19.0,1.0,0,49.0,1.0,40.0,1,1,1
5346,58.0,1.0,16.0,1.0,0,49.0,1.0,50.0,0,1,0
5347,30.0,1.0,16.0,1.0,2,329.0,0.0,60.0,0,1,1
5348,69.0,3.0,19.0,5.0,4,323.0,12.0,45.0,1,0,1
5349,34.0,1.0,16.0,1.0,2,51.0,0.0,40.0,0,1,0
5350,56.0,1.0,16.0,5.0,3,303.0,0.0,96.0,1,1,0
5351,18.0,2.0,20.0,5.0,3,42.0,7.0,91.0,1,1,1
5352,73.0,1.0,22.0,2.0,0,49.0,1.0,40.0,1,1,1
5353,26.0,1.0,20.0,5.0,0,49.0,13.0,40.0,1,1,1
5354,34.0,1.0,21.0,5.0,1,203.0,17.0,30.0,1,0,0
5355,52.0,1.0,5.0,1.0,0,49.0,1.0,40.0,0,1,1
5356,45.0,2.0,19.0,1.0,1,49.0,0.0,30.0,1,1,1
5357,58.0,1.0,16.0,1.0,1,30.0,0.0,40.0,0,1,0
5358,37.0,1.0,19.0,5.0,2,50.0,12.0,40.0,0,0,0
5359,28.0,1.0,16.0,1.0,0,49.0,1.0,10.0,0,1,1
5360,52.0,2.0,22.0,1.0,2,329.0,0.0,40.0,1,1,1
5361,37.0,7.0,6.0,1.0,0,6.0,0.0,40.0,1,1,1
5362,44.0,1.0,19.0,1.0,3,49.0,1.0,30.0,1,1,0
5363,27.0,1.0,16.0,5.0,0,51.0,2.0,40.0,0,0,0
5364,48.0,6.0,16.0,1.0,2,49.0,1.0,48.0,0,1,0
5365,20.0,1.0,14.0,5.0,0,45.0,2.0,40.0,0,1,0
5366,21.0,1.0,19.0,5.0,1,49.0,2.0,40.0,0,1,0
5367,23.0,4.0,21.0,1.0,0,49.0,1.0,40.0,0,1,0
5368,51.0,1.0,17.0,1.0,1,6.0,0.0,40.0,0,1,1
5369,34.0,1.0,20.0,5.0,0,49.0,12.0,53.0,0,1,0
5370,20.0,1.0,14.0,1.0,2,49.0,0.0,40.0,0,1,0
5371,61.0,1.0,22.0,1.0,0,49.0,1.0,55.0,1,1,1
5372,65.0,3.0,21.0,5.0,2,49.0,17.0,50.0,0,1,0
5373,78.0,1.0,20.0,1.0,4,49.0,1.0,44.0,1,1,1
5374,65.0,1.0,21.0,1.0,0,49.0,1.0,40.0,0,1,1
5375,18.0,4.0,14.0,5.0,2,49.0,2.0,40.0,0,1,0
5376,32.0,1.0,21.0,5.0,2,303.0,13.0,55.0,0,1,1
5377,92.0,1.0,19.0,5.0,4,6.0,12.0,40.0,1,1,0
5378,26.0,1.0,21.0,1.0,1,150.0,0.0,55.0,1,1,1
5379,60.0,6.0,21.0,1.0,4,49.0,1.0,40.0,1,1,0
5380,21.0,7.0,19.0,1.0,0,48.0,0.0,53.0,1,1,0
5381,30.0,3.0,16.0,1.0,0,329.0,0.0,30.0,1,0,1
5382,18.0,1.0,15.0,1.0,4,49.0,0.0,40.0,1,1,0
5383,54.0,1.0,21.0,5.0,0,49.0,0.0,40.0,0,1,0
5384,44.0,1.0,22.0,1.0,1,214.0,0.0,40.0,1,1,1
5385,26.0,1.0,16.0,1.0,0,49.0,0.0,30.0,1,1,1
5386,79.0,1.0,17.0,1.0,1,323.0,0.0,40.0,1,1,0
5387,27.0,1.0,18.0,5.0,2,49.0,2.0,36.0,1,1,0
5388,61.0,1.0,21.0,2.0,0,6.0,1.0,40.0,1,1,1
5389,20.0,3.0,20.0,1.0,0,49.0,1.0,30.0,1,1,1
5390,53.0,1.0,18.0,5.0,0,49.0,0.0,45.0,0,1,0
5391,87.0,1.0,21.0,1.0,2,468.0,0.0,50.0,0,1,0
5392,41.0,1.0,18.0,5.0,3,150.0,12.0,32.0,1,1,0
5393,48.0,1.0,19.0,1.0,1,49.0,0.0,40.0,0,1,0
5394,68.0,4.0,19.0,1.0,2,51.0,0.0,40.0,0,1,0
5395,44.0,2.0,19.0,1.0,2,49.0,1.0,40.0,1,1,1
5396,32.0,3.0,16.0,1.0,4,16.0,1.0,40.0,0,0,0
5397,37.0,1.0,19.0,3.0,4,6.0,0.0,19.0,1,1,1
5398,46.0,1.0,21.0,1.0,1,30.0,1.0,84.0,0,1,1
5399,25.0,1.0,18.0,1.0,4,49.0,1.0,55.0,1,1,1
5400,37.0,1.0,16.0,5.0,0,49.0,12.0,25.0,0,1,0
5401,23.0,1.0,16.0,5.0,4,49.0,0.0,40.0,1,1,0
5402,48.0,1.0,19.0,1.0,3,449.0,0.0,40.0,1,1,0
5403,68.0,5.0,19.0,1.0,1,20.0,1.0,15.0,0,1,0
5404,55.0,2.0,21.0,1.0,0,49.0,1.0,45.0,1,1,1
5405,45.0,1.0,18.0,1.0,4,49.0,0.0,40.0,1,1,1
5406,26.0,1.0,19.0,1.0,1,49.0,1.0,40.0,1,1,0
5407,68.0,1.0,16.0,1.0,3,42.0,1.0,37.0,1,1,1
5408,20.0,1.0,20.0,1.0,0,49.0,0.0,45.0,0,1,1
5409,79.0,2.0,16.0,1.0,0,6.0,0.0,25.0,1,1,0
5410,79.0,6.0,21.0,5.0,2,329.0,0.0,35.0,0,1,0
5411,28.0,1.0,20.0,5.0,0,150.0,17.0,40.0,1,1,0
5412,53.0,6.0,22.0,5.0,4,323.0,12.0,40.0,1,1,1
5413,82.0,1.0,16.0,1.0,1,323.0,0.0,60.0,1,1,1
5414,38.0,1.0,13.0,1.0,3,50.0,0.0,35.0,1,1,1
5415,69.0,1.0,18.0,3.0,1,49.0,0.0,40.0,1,1,0
5416,55.0,1.0,5.0,1.0,0,49.0,0.0,31.0,1,1,1
5417,28.0,4.0,20.0,1.0,0,150.0,1.0,40.0,1,1,1
5418,44.0,1.0,21.0,5.0,0,370.0,2.0,19.0,1,1,0
5419,48.0,5.0,17.0,1.0,0,49.0,1.0,40.0,1,0,1
5420,23.0,4.0,19.0,1.0,0,150.0,0.0,20.0,0,1,0
5421,49.0,7.0,15.0,5.0,2,49.0,2.0,40.0,0,1,0
5422,73.0,4.0,21.0,1.0,3,49.0,0.0,50.0,0,1,0
5423,63.0,1.0,16.0,1.0,1,451.0,1.0,40.0,0,1,0
5424,42.0,3.0,17.0,5.0,0,49.0,7.0,45.0,1,1,1
5425,30.0,5.0,22.0,1.0,0,49.0,1.0,40.0,1,1,1
5426,49.0,1.0,18.0,5.0,3,49.0,2.0,50.0,1,1,0
5427,34.0,4.0,17.0,3.0,0,49.0,0.0,20.0,1,1,1
5428,55.0,4.0,16.0,1.0,1,49.0,1.0,30.0,1,1,1
5429,25.0,1.0,19.0,1.0,0,49.0,1.0,40.0,1,1,1
5430,47.0,1.0,19.0,1.0,0,341.0,1.0,20.0,0,1,0
5431,60.0,2.0,16.0,5.0,4,49.0,2.0,40.0,1,1,0
5432,47.0,4.0,21.0,3.0,0,49.0,2.0,42.0,1,1,1
5433,32.0,1.0,22.0,1.0,0,303.0,0.0,40.0,1,1,1
5434,65.0,6.0,16.0,5.0,3,49.0,7.0,30.0,1,1,0
5435,52.0,1.0,20.0,5.0,2,49.0,2.0,40.0,0,1,0
5436,60.0,1.0,22.0,1.0,4,49.0,0.0,39.0,1,1,1
5437,51.0,6.0,20.0,1.0,0,451.0,0.0,32.0,0,1,1
5438,20.0,1.0,16.0,1.0,0,303.0,5.0,20.0,1,0,1
5439,54.0,1.0,19.0,1.0,2,49.0,0.0,40.0,0,1,0
5440,31.0,6.0,21.0,1.0,0,8.0,1.0,3.0,1,1,1
5441,55.0,5.0,18.0,4.0,1,51.0,0.0,40.0,1,0,1
5442,37.0,3.0,23.0,1.0,3,49.0,0.0,45.0,1,0,0
5443,18.0,1.0,22.0,1.0,0,49.0,1.0,35.0,0,1,1
5444,20.0,2.0,18.0,1.0,1,49.0,8.0,40.0,1,1,0
5445,40.0,1.0,17.0,1.0,4,49.0,1.0,40.0,0,1,0
5446,28.0,1.0,18.0,1.0,1,370.0,0.0,35.0,0,1,1
5447,22.0,1.0,19.0,5.0,4,49.0,2.0,50.0,1,1,0
5448,50.0,1.0,20.0,3.0,0,49.0,0.0,40.0,0,1,1
5449,65.0,1.0,21.0,1.0,4,20.0,1.0,20.0,0,1,1
5450,63.0,1.0,16.0,3.0,1,49.0,0.0,40.0,1,1,1
5451,53.0,1.0,21.0,1.0,0,6.0,4.0,36.0,0,1,1
5452,55.0,1.0,20.0,3.0,0,6.0,2.0,40.0,1,1,0
5453,18.0,1.0,22.0,5.0,0,55.0,7.0,40.0,0,1,1
5454,35.0,1.0,20.0,5.0,1,49.0,2.0,40.0,0,1,0
5455,46.0,6.0,22.0,1.0,0,16.0,0.0,40.0,1,1,0
5456,30.0,5.0,23.0,1.0,0,49.0,1.0,25.0,1,1,1
5457,39.0,1.0,19.0,1.0,2,49.0,0.0,40.0,1,1,0
5458,67.0,1.0,19.0,1.0,0,49.0,0.0,75.0,0,1,1
5459,51.0,1.0,21.0,5.0,0,329.0,12.0,15.0,1,1,0
5460,62.0,6.0,19.0,1.0,0,49.0,0.0,32.0,1,1,0
5461,26.0,1.0,19.0,1.0,0,214.0,0.0,36.0,0,1,1
5462,92.0,3.0,19.0,5.0,4,49.0,12.0,30.0,1,1,0
5463,47.0,1.0,21.0,5.0,0,49.0,12.0,40.0,0,1,0
5464,60.0,4.0,14.0,1.0,4,329.0,0.0,50.0,0,1,0
5465,18.0,1.0,16.0,1.0,3,49.0,1.0,40.0,1,1,0
5466,26.0,1.0,22.0,1.0,2,468.0,0.0,40.0,1,1,1
5467,18.0,1.0,22.0,1.0,3,49.0,0.0,40.0,1,1,1
5468,28.0,2.0,15.0,3.0,4,150.0,0.0,12.0,1,1,1
5469,60.0,1.0,18.0,1.0,0,49.0,1.0,40.0,0,1,0
5470,44.0,7.0,22.0,4.0,2,451.0,0.0,50.0,0,0,1
5471,43.0,1.0,19.0,1.0,1,329.0,1.0,44.0,1,1,1
5472,32.0,6.0,21.0,1.0,4,49.0,1.0,20.0,0,1,1
5473,54.0,1.0,23.0,1.0,1,49.0,0.0,20.0,1,1,1
5474,26.0,1.0,18.0,5.0,0,49.0,2.0,40.0,1,1,0
5475,40.0,4.0,6.0,1.0,1,49.0,5.0,32.0,0,1,1
5476,42.0,1.0,20.0,3.0,3,49.0,0.0,40.0,1,1,0
5477,64.0,1.0,16.0,5.0,2,6.0,2.0,40.0,0,0,0
5478,43.0,2.0,22.0,1.0,0,23.0,0.0,60.0,1,1,1
5479,50.0,6.0,16.0,1.0,0,20.0,1.0,20.0,1,1,0
5480,21.0,1.0,21.0,1.0,0,442.0,0.0,35.0,0,1,1
5481,55.0,7.0,14.0,1.0,0,6.0,1.0,30.0,0,1,0
5482,37.0,1.0,19.0,1.0,0,51.0,0.0,40.0,1,1,1
5483,32.0,1.0,23.0,1.0,0,449.0,1.0,40.0,1,1,1
5484,44.0,6.0,16.0,1.0,0,203.0,0.0,50.0,1,1,1
5485,18.0,7.0,8.0,5.0,0,303.0,2.0,15.0,1,1,0
5486,65.0,4.0,21.0,1.0,0,6.0,0.0,40.0,1,0,1
5487,26.0,1.0,18.0,2.0,3,323.0,6.0,45.0,1,1,1
5488,62.0,1.0,18.0,1.0,1,468.0,0.0,15.0,1,1,0
5489,26.0,1.0,20.0,1.0,4,6.0,1.0,60.0,0,1,0
5490,30.0,1.0,19.0,1.0,1,49.0,0.0,30.0,0,1,1
5491,43.0,7.0,20.0,1.0,1,150.0,1.0,37.0,1,1,1
5492,23.0,1.0,14.0,1.0,2,451.0,1.0,40.0,0,1,0
5493,17.0,1.0,19.0,1.0,0,303.0,0.0,84.0,1,1,0
5494,55.0,1.0,19.0,2.0,1,49.0,10.0,40.0,0,1,0
5495,41.0,1.0,17.0,3.0,-1,49.0,0.0,40.0,0,1,1
5496,64.0,1.0,21.0,1.0,0,49.0,0.0,24.0,0,1,1
5497,34.0,2.0,21.0,1.0,4,49.0,1.0,40.0,0,1,0
5498,56.0,4.0,14.0,5.0,0,203.0,0.0,40.0,0,1,0
5499,35.0,1.0,15.0,1.0,0,370.0,0.0,50.0,1,1,0
5500,44.0,1.0,21.0,1.0,0,49.0,0.0,30.0,0,1,1
5501,44.0,1.0,17.0,1.0,4,49.0,0.0,45.0,1,1,1
5502,48.0,7.0,22.0,1.0,0,49.0,0.0,60.0,1,0,1
5503,44.0,1.0,19.0,1.0,4,49.0,1.0,60.0,1,1,1
5504,23.0,2.0,18.0,1.0,1,48.0,0.0,60.0,1,1,0
5505,45.0,1.0,18.0,1.0,0,50.0,1.0,40.0,0,1,1
5506,48.0,1.0,18.0,3.0,0,49.0,0.0,24.0,0,0,0
5507,54.0,6.0,19.0,1.0,0,16.0,0.0,40.0,1,1,1
5508,41.0,7.0,19.0,1.0,3,49.0,1.0,40.0,1,1,0
5509,43.0,1.0,20.0,5.0,0,51.0,2.0,25.0,0,1,1
5510,44.0,1.0,21.0,1.0,3,508.0,0.0,53.0,1,1,1
5511,46.0,2.0,15.0,1.0,4,49.0,1.0,40.0,0,1,0
5512,18.0,4.0,3.0,3.0,2,49.0,2.0,40.0,0,1,1
5513,87.0,1.0,21.0,1.0,0,6.0,1.0,50.0,0,1,1
5514,31.0,1.0,16.0,1.0,4,48.0,0.0,37.0,1,1,0
5515,73.0,1.0,21.0,1.0,2,49.0,1.0,40.0,0,1,1
5516,79.0,1.0,20.0,1.0,4,49.0,1.0,40.0,1,1,1
5517,82.0,1.0,21.0,5.0,0,48.0,13.0,40.0,1,1,1
5518,22.0,1.0,20.0,1.0,3,6.0,1.0,45.0,1,1,1
5519,17.0,6.0,21.0,1.0,-1,16.0,0.0,50.0,0,1,1
5520,69.0,1.0,14.0,1.0,0,49.0,0.0,40.0,0,1,0
5521,26.0,1.0,16.0,5.0,0,51.0,2.0,37.0,1,1,0
5522,26.0,1.0,22.0,1.0,0,203.0,0.0,40.0,1,1,1
5523,50.0,1.0,18.0,5.0,1,16.0,2.0,40.0,0,0,0
5524,34.0,1.0,19.0,1.0,2,16.0,0.0,40.0,1,1,0
5525,25.0,1.0,20.0,1.0,2,50.0,1.0,50.0,1,1,0
5526,26.0,1.0,17.0,1.0,3,49.0,0.0,45.0,1,1,1
5527,23.0,1.0,19.0,5.0,2,49.0,2.0,40.0,0,1,0
5528,52.0,3.0,16.0,1.0,4,468.0,1.0,60.0,1,1,0
5529,68.0,1.0,21.0,5.0,1,329.0,17.0,40.0,1,1,0
5530,75.0,1.0,19.0,5.0,0,49.0,0.0,14.0,0,1,1
5531,19.0,5.0,22.0,3.0,2,42.0,0.0,40.0,1,0,1
5532,27.0,1.0,16.0,5.0,4,49.0,12.0,55.0,0,1,0
5533,60.0,1.0,19.0,1.0,1,51.0,0.0,40.0,0,1,0
5534,18.0,4.0,22.0,1.0,4,49.0,1.0,25.0,1,1,1
5535,56.0,7.0,22.0,1.0,0,49.0,4.0,40.0,1,1,1
5536,21.0,3.0,14.0,1.0,0,49.0,0.0,45.0,1,1,0
5537,82.0,1.0,19.0,1.0,2,203.0,6.0,4.0,1,1,1
5538,26.0,1.0,21.0,1.0,0,49.0,0.0,61.0,1,1,0
5539,35.0,1.0,16.0,1.0,2,203.0,0.0,30.0,0,1,1
5540,75.0,6.0,21.0,5.0,2,49.0,16.0,61.0,1,1,0
5541,38.0,7.0,21.0,1.0,0,16.0,0.0,4.0,1,1,1
5542,25.0,1.0,17.0,1.0,2,49.0,0.0,60.0,0,1,0
5543,68.0,1.0,16.0,5.0,4,449.0,17.0,45.0,0,1,0
5544,23.0,1.0,19.0,1.0,0,49.0,1.0,96.0,1,1,0
5545,41.0,7.0,14.0,5.0,0,6.0,17.0,50.0,0,0,0
5546,40.0,7.0,21.0,1.0,2,49.0,0.0,45.0,0,1,1
5547,49.0,1.0,21.0,5.0,0,6.0,7.0,40.0,1,1,1
5548,68.0,1.0,16.0,5.0,1,49.0,0.0,30.0,0,1,0
5549,28.0,4.0,19.0,1.0,1,49.0,0.0,40.0,0,1,0
5550,18.0,1.0,21.0,5.0,1,6.0,3.0,40.0,0,1,0
5551,60.0,1.0,19.0,2.0,1,214.0,16.0,30.0,0,1,0
5552,26.0,3.0,16.0,4.0,3,49.0,13.0,42.0,1,1,1
5553,78.0,1.0,21.0,1.0,3,49.0,0.0,60.0,1,1,1
5554,37.0,4.0,19.0,1.0,2,49.0,0.0,75.0,0,1,0
5555,35.0,3.0,22.0,1.0,0,49.0,1.0,40.0,1,1,1
5556,23.0,6.0,20.0,5.0,4,49.0,2.0,40.0,1,1,0
5557,65.0,1.0,20.0,3.0,1,49.0,0.0,40.0,1,1,1
5558,23.0,1.0,6.0,1.0,1,508.0,0.0,40.0,1,1,1
5559,52.0,2.0,19.0,1.0,0,49.0,0.0,40.0,1,1,1
5560,17.0,1.0,14.0,5.0,3,303.0,2.0,40.0,1,0,0
5561,36.0,5.0,20.0,1.0,4,49.0,0.0,30.0,1,1,1
5562,46.0,1.0,21.0,1.0,3,42.0,1.0,35.0,1,1,1
5563,26.0,1.0,19.0,5.0,1,49.0,17.0,50.0,1,1,0
5564,28.0,1.0,14.0,1.0,1,51.0,0.0,40.0,1,1,0
5565,32.0,6.0,21.0,1.0,3,303.0,0.0,30.0,1,1,1
5566,48.0,3.0,18.0,5.0,2,49.0,0.0,40.0,0,0,0
5567,51.0,1.0,24.0,1.0,2,49.0,1.0,40.0,1,1,1
5568,47.0,1.0,23.0,1.0,1,49.0,13.0,40.0,0,1,1
5569,27.0,1.0,19.0,1.0,4,49.0,0.0,36.0,1,1,1
5570,58.0,1.0,18.0,5.0,0,49.0,2.0,14.0,0,1,0
5571,28.0,1.0,16.0,5.0,1,49.0,16.0,40.0,1,0,0
5572,23.0,3.0,21.0,5.0,4,49.0,13.0,45.0,1,1,1
5573,63.0,1.0,19.0,1.0,0,49.0,0.0,20.0,1,1,1
5574,25.0,6.0,18.0,1.0,4,49.0,0.0,48.0,1,1,1
5575,32.0,1.0,18.0,1.0,0,508.0,0.0,40.0,0,1,1
5576,35.0,1.0,18.0,1.0,0,49.0,0.0,60.0,1,1,0
5577,68.0,1.0,3.0,1.0,0,203.0,0.0,40.0,1,0,1
5578,62.0,1.0,19.0,3.0,0,49.0,0.0,20.0,1,0,1
5579,78.0,1.0,21.0,1.0,0,203.0,0.0,50.0,1,1,1
5580,54.0,1.0,23.0,1.0,0,49.0,1.0,40.0,1,1,1
5581,64.0,1.0,16.0,5.0,1,49.0,0.0,40.0,0,0,0
5582,26.0,1.0,16.0,1.0,4,49.0,1.0,20.0,0,1,0
5583,53.0,1.0,22.0,1.0,4,49.0,0.0,40.0,1,1,1
5584,31.0,1.0,15.0,5.0,2,49.0,2.0,4.0,1,0,0
5585,69.0,4.0,16.0,5.0,1,51.0,12.0,40.0,1,1,0
5586,22.0,1.0,16.0,2.0,0,49.0,6.0,4.0,1,1,1
5587,30.0,1.0,21.0,1.0,2,49.0,0.0,40.0,0,1,0
5588,44.0,5.0,21.0,1.0,3,49.0,0.0,40.0,1,0,1
5589,23.0,1.0,22.0,1.0,0,49.0,1.0,40.0,1,1,0
5590,52.0,1.0,20.0,1.0,1,49.0,0.0,40.0,0,1,1
5591,39.0,3.0,20.0,2.0,0,49.0,6.0,10.0,1,1,1
5592,61.0,7.0,3.0,1.0,1,203.0,0.0,40.0,0,1,0
5593,28.0,1.0,20.0,5.0,0,49.0,2.0,40.0,0,1,0
5594,60.0,1.0,20.0,1.0,1,49.0,1.0,4.0,0,0,0
5595,20.0,1.0,22.0,1.0,4,150.0,0.0,30.0,1,0,1
5596,55.0,1.0,16.0,1.0,0,49.0,0.0,12.0,1,1,1
5597,18.0,1.0,21.0,1.0,0,49.0,0.0,40.0,1,1,0
5598,79.0,7.0,19.0,1.0,0,49.0,1.0,40.0,1,1,1
5599,58.0,5.0,24.0,3.0,0,49.0,0.0,35.0,1,0,1
5600,68.0,1.0,18.0,1.0,2,370.0,1.0,50.0,1,1,1
5601,62.0,1.0,19.0,1.0,2,6.0,0.0,40.0,0,1,0
5602,51.0,1.0,21.0,3.0,4,49.0,0.0,40.0,1,0,0
5603,43.0,3.0,19.0,1.0,0,48.0,0.0,20.0,0,1,0
5604,64.0,1.0,13.0,5.0,0,6.0,0.0,14.0,1,1,0
5605,52.0,1.0,18.0,1.0,4,49.0,0.0,40.0,0,1,0
5606,28.0,1.0,21.0,1.0,4,508.0,0.0,35.0,1,1,1
5607,32.0,4.0,20.0,5.0,0,49.0,12.0,40.0,0,1,1
5608,28.0,1.0,19.0,3.0,2,30.0,0.0,60.0,0,1,0
5609,18.0,2.0,19.0,1.0,0,49.0,0.0,18.0,1,1,0
5610,18.0,1.0,16.0,5.0,0,49.0,0.0,3.0,0,1,0
5611,33.0,1.0,21.0,4.0,4,6.0,17.0,40.0,0,0,1
5612,40.0,1.0,16.0,3.0,2,150.0,2.0,45.0,0,1,0
5613,56.0,7.0,16.0,1.0,0,49.0,1.0,50.0,0,1,1
5614,40.0,1.0,19.0,3.0,1,49.0,0.0,40.0,1,1,1
5615,44.0,1.0,19.0,3.0,1,49.0,0.0,40.0,0,1,1
5616,46.0,1.0,19.0,1.0,2,49.0,2.0,26.0,0,0,0
5617,48.0,1.0,18.0,1.0,0,49.0,0.0,40.0,1,1,1
5618,21.0,2.0,22.0,1.0,0,303.0,1.0,40.0,1,1,1
5619,33.0,1.0,19.0,1.0,2,49.0,0.0,60.0,1,1,1
5620,23.0,1.0,21.0,3.0,0,49.0,0.0,40.0,0,1,1
5621,45.0,1.0,22.0,1.0,0,16.0,1.0,12.0,1,1,1
5622,22.0,6.0,16.0,1.0,0,214.0,1.0,45.0,0,1,1
5623,78.0,3.0,19.0,3.0,2,49.0,0.0,40.0,1,1,1
5624,21.0,7.0,16.0,1.0,1,49.0,1.0,68.0,1,1,1
5625,44.0,1.0,18.0,5.0,2,51.0,2.0,40.0,0,1,0
5626,62.0,1.0,18.0,1.0,0,150.0,0.0,55.0,1,1,1
5627,42.0,1.0,19.0,2.0,1,329.0,16.0,40.0,0,1,0
5628,68.0,1.0,16.0,3.0,0,49.0,0.0,45.0,0,1,1
5629,18.0,2.0,16.0,1.0,0,49.0,1.0,62.0,0,1,0
5630,31.0,5.0,23.0,1.0,2,51.0,0.0,50.0,1,1,1
5631,79.0,1.0,19.0,1.0,2,49.0,0.0,40.0,0,1,0
5632,34.0,1.0,19.0,5.0,0,6.0,17.0,62.0,0,0,0
5633,42.0,1.0,16.0,5.0,0,49.0,2.0,3.0,0,1,0
5634,26.0,1.0,19.0,1.0,1,51.0,1.0,40.0,1,1,0
5635,54.0,5.0,20.0,5.0,0,150.0,13.0,84.0,0,1,1
5636,27.0,5.0,22.0,5.0,0,49.0,12.0,40.0,0,0,1
5637,35.0,2.0,18.0,1.0,0,49.0,0.0,45.0,1,1,1
5638,51.0,1.0,20.0,1.0,0,303.0,0.0,30.0,0,1,1
5639,26.0,2.0,22.0,1.0,0,370.0,1.0,40.0,1,1,1
5640,64.0,1.0,19.0,1.0,0,49.0,1.0,40.0,0,1,0
5641,40.0,1.0,19.0,1.0,0,49.0,1.0,40.0,1,1,1
5642,55.0,4.0,20.0,1.0,0,49.0,1.0,50.0,0,1,1
5643,51.0,2.0,16.0,1.0,1,49.0,5.0,96.0,1,1,1
5644,26.0,1.0,19.0,1.0,2,49.0,1.0,35.0,0,1,0
5645,19.0,1.0,15.0,1.0,2,451.0,1.0,38.0,0,1,0
5646,56.0,1.0,22.0,1.0,2,49.0,0.0,96.0,0,1,1
5647,22.0,7.0,16.0,3.0,4,16.0,0.0,20.0,0,1,1
5648,45.0,1.0,18.0,1.0,3,50.0,0.0,84.0,1,1,0
5649,20.0,1.0,21.0,5.0,1,49.0,2.0,40.0,0,1,0
5650,40.0,1.0,18.0,1.0,3,323.0,4.0,48.0,1,1,1
5651,20.0,1.0,16.0,5.0,0,49.0,2.0,40.0,1,0,1
5652,34.0,1.0,19.0,1.0,1,214.0,1.0,40.0,1,1,0
5653,23.0,1.0,21.0,1.0,0,49.0,0.0,40.0,1,1,1
5654,82.0,1.0,19.0,5.0,4,49.0,3.0,40.0,1,1,0
5655,27.0,4.0,21.0,1.0,0,42.0,0.0,40.0,1,1,1
5656,60.0,5.0,22.0,1.0,2,49.0,0.0,45.0,1,1,1
5657,42.0,2.0,16.0,1.0,4,6.0,1.0,50.0,1,1,1
5658,73.0,1.0,22.0,1.0,0,49.0,1.0,40.0,0,1,1
5659,28.0,6.0,16.0,1.0,4,49.0,0.0,15.0,1,1,0
5660,58.0,2.0,16.0,5.0,1,49.0,12.0,30.0,0,1,0
5661,48.0,5.0,21.0,1.0,0,151.0,1.0,60.0,0,1,0
5662,92.0,1.0,21.0,1.0,1,49.0,0.0,40.0,1,1,1
5663,41.0,1.0,16.0,1.0,4,51.0,0.0,50.0,0,1,0
5664,50.0,1.0,16.0,1.0,0,49.0,1.0,40.0,0,1,0
5665,18.0,5.0,22.0,5.0,-1,49.0,2.0,50.0,0,1,1
5666,46.0,4.0,21.0,1.0,0,49.0,1.0,40.0,0,1,0
5667,33.0,1.0,22.0,1.0,0,49.0,0.0,40.0,1,1,1
5668,46.0,1.0,19.0,1.0,0,49.0,0.0,40.0,1,1,1
5669,29.0,1.0,21.0,3.0,-1,49.0,0.0,55.0,0,1,1
5670,61.0,1.0,21.0,5.0,0,151.0,0.0,60.0,1,1,1
5671,51.0,1.0,10.0,3.0,4,30.0,0.0,40.0,1,1,0
5672,30.0,3.0,18.0,5.0,1,303.0,0.0,35.0,0,1,0
5673,20.0,1.0,16.0,5.0,1,508.0,2.0,8.0,0,1,0
5674,69.0,1.0,20.0,5.0,2,49.0,17.0,30.0,0,0,0
5675,18.0,2.0,21.0,5.0,2,48.0,17.0,20.0,0,1,0
5676,47.0,1.0,10.0,3.0,0,49.0,0.0,40.0,0,1,0
5677,17.0,1.0,16.0,3.0,2,49.0,0.0,19.0,0,1,0
5678,74.0,1.0,14.0,3.0,1,50.0,10.0,60.0,0,1,0
5679,31.0,1.0,20.0,1.0,4,48.0,0.0,30.0,1,0,1
5680,23.0,1.0,16.0,1.0,1,150.0,0.0,40.0,1,1,0
5681,56.0,1.0,18.0,1.0,1,323.0,9.0,60.0,1,0,0
5682,38.0,2.0,21.0,5.0,0,6.0,7.0,40.0,1,0,1
5683,39.0,1.0,22.0,1.0,1,6.0,1.0,45.0,0,0,1
5684,58.0,1.0,18.0,1.0,0,49.0,0.0,18.0,0,1,0
5685,56.0,1.0,19.0,1.0,4,6.0,1.0,25.0,0,1,1
5686,62.0,1.0,16.0,1.0,5,451.0,9.0,29.0,0,1,0
5687,55.0,1.0,19.0,1.0,3,49.0,1.0,40.0,1,0,0
5688,84.0,1.0,18.0,3.0,4,49.0,0.0,50.0,1,1,0
5689,45.0,4.0,16.0,1.0,0,6.0,1.0,18.0,1,1,1
5690,61.0,1.0,22.0,3.0,0,49.0,0.0,29.0,1,1,1
5691,51.0,1.0,5.0,2.0,0,49.0,2.0,40.0,0,1,1
5692,64.0,2.0,19.0,1.0,0,49.0,0.0,20.0,1,1,0
5693,87.0,1.0,16.0,5.0,1,49.0,2.0,68.0,0,1,0
5694,18.0,1.0,22.0,5.0,2,6.0,16.0,15.0,1,0,0
5695,74.0,1.0,14.0,1.0,1,49.0,0.0,61.0,0,0,0
5696,32.0,4.0,21.0,1.0,3,6.0,1.0,40.0,1,1,1
5697,44.0,5.0,21.0,3.0,0,49.0,0.0,40.0,0,0,1
5698,19.0,7.0,16.0,1.0,0,49.0,1.0,60.0,1,1,1
5699,56.0,1.0,20.0,1.0,1,468.0,0.0,15.0,1,1,0
5700,30.0,1.0,20.0,1.0,2,303.0,17.0,12.0,1,1,0
5701,35.0,1.0,19.0,1.0,0,49.0,0.0,75.0,0,1,0
5702,23.0,1.0,14.0,5.0,4,6.0,2.0,40.0,1,0,0
5703,36.0,1.0,19.0,1.0,2,49.0,1.0,10.0,1,1,1
5704,21.0,2.0,6.0,1.0,0,49.0,0.0,40.0,0,1,1
5705,33.0,2.0,16.0,1.0,2,49.0,0.0,75.0,0,1,0
5706,21.0,1.0,21.0,5.0,1,203.0,0.0,40.0,0,1,0
5707,79.0,1.0,19.0,4.0,2,214.0,17.0,4.0,0,1,0
5708,25.0,3.0,16.0,1.0,-1,8.0,0.0,40.0,0,1,1
5709,87.0,3.0,19.0,1.0,3,49.0,0.0,50.0,1,0,1
5710,33.0,1.0,16.0,5.0,1,49.0,2.0,40.0,0,0,0
5711,31.0,8.0,16.0,1.0,1,303.0,1.0,40.0,0,1,0
5712,44.0,1.0,15.0,1.0,0,50.0,0.0,25.0,1,1,0
5713,62.0,1.0,7.0,5.0,0,6.0,13.0,50.0,1,1,1
5714,33.0,1.0,18.0,5.0,1,45.0,2.0,40.0,1,1,0
5715,54.0,1.0,16.0,1.0,4,468.0,1.0,20.0,1,0,0
5716,64.0,1.0,24.0,1.0,0,49.0,1.0,20.0,0,1,1
5717,38.0,6.0,16.0,1.0,0,49.0,1.0,55.0,0,1,1
5718,42.0,1.0,21.0,1.0,0,49.0,0.0,14.0,0,1,1
5719,48.0,1.0,16.0,5.0,3,16.0,0.0,40.0,1,1,1
5720,68.0,1.0,19.0,1.0,0,6.0,1.0,30.0,0,1,0
5721,32.0,1.0,20.0,1.0,0,49.0,1.0,20.0,1,1,1
5722,42.0,1.0,16.0,1.0,1,49.0,10.0,40.0,0,1,0
5723,22.0,6.0,21.0,3.0,2,49.0,0.0,40.0,1,1,1
5724,19.0,2.0,22.0,1.0,0,51.0,0.0,40.0,1,1,1
5725,62.0,1.0,16.0,1.0,0,49.0,0.0,40.0,0,1,0
5726,26.0,1.0,21.0,1.0,2,49.0,0.0,40.0,0,1,1
5727,20.0,7.0,16.0,1.0,4,51.0,0.0,60.0,1,1,0
5728,48.0,1.0,16.0,1.0,1,51.0,1.0,45.0,0,1,0
5729,38.0,7.0,21.0,1.0,4,49.0,1.0,53.0,1,1,0
5730,18.0,1.0,19.0,1.0,2,451.0,0.0,45.0,0,1,1
5731,55.0,1.0,20.0,5.0,0,49.0,2.0,40.0,1,1,0
5732,30.0,1.0,19.0,1.0,2,20.0,0.0,14.0,0,1,1
5733,33.0,1.0,19.0,3.0,2,49.0,0.0,15.0,0,1,0
5734,49.0,5.0,19.0,1.0,0,49.0,0.0,40.0,1,1,1
5735,24.0,1.0,21.0,1.0,3,49.0,1.0,45.0,1,1,1
5736,38.0,1.0,19.0,5.0,4,16.0,0.0,50.0,0,1,0
5737,60.0,1.0,19.0,5.0,2,49.0,2.0,40.0,0,1,0
5738,28.0,1.0,13.0,5.0,1,49.0,12.0,45.0,0,1,0
5739,57.0,4.0,20.0,1.0,0,49.0,0.0,40.0,0,1,1
5740,37.0,1.0,10.0,5.0,0,150.0,2.0,25.0,1,1,0
5741,51.0,1.0,21.0,1.0,2,49.0,1.0,30.0,0,1,0
5742,82.0,1.0,15.0,3.0,1,51.0,2.0,45.0,0,1,0
5743,80.0,1.0,21.0,5.0,2,16.0,17.0,45.0,1,1,0
5744,22.0,5.0,21.0,1.0,0,49.0,0.0,40.0,1,0,1
5745,69.0,4.0,19.0,3.0,0,370.0,2.0,25.0,0,1,1
5746,21.0,1.0,22.0,1.0,2,49.0,0.0,25.0,1,1,1
5747,49.0,1.0,21.0,5.0,2,49.0,2.0,10.0,1,0,1
5748,34.0,1.0,21.0,1.0,2,323.0,0.0,30.0,1,1,1
5749,84.0,1.0,22.0,1.0,3,329.0,0.0,91.0,1,1,1
5750,74.0,1.0,16.0,1.0,1,214.0,0.0,40.0,1,1,0
5751,25.0,5.0,16.0,1.0,0,49.0,0.0,30.0,1,1,1
5752,28.0,1.0,21.0,5.0,2,508.0,12.0,45.0,1,1,1
5753,32.0,2.0,21.0,1.0,4,468.0,0.0,40.0,0,1,0
5754,54.0,1.0,22.0,5.0,2,527.0,7.0,40.0,0,0,1
5755,26.0,3.0,18.0,1.0,1,49.0,1.0,40.0,1,1,0
5756,65.0,1.0,19.0,3.0,0,323.0,0.0,39.0,0,1,0
5757,44.0,1.0,22.0,1.0,0,341.0,1.0,12.0,1,1,1
5758,28.0,1.0,15.0,2.0,2,323.0,16.0,40.0,0,1,0
5759,18.0,1.0,21.0,1.0,0,203.0,6.0,40.0,1,1,1
5760,69.0,1.0,22.0,1.0,3,6.0,0.0,15.0,1,1,1
5761,26.0,1.0,18.0,5.0,3,50.0,2.0,48.0,1,0,0
5762,20.0,1.0,20.0,5.0,4,16.0,2.0,50.0,0,1,0
5763,40.0,7.0,19.0,1.0,1,51.0,1.0,50.0,0,1,0
5764,56.0,1.0,20.0,1.0,0,16.0,1.0,40.0,1,1,1
5765,56.0,6.0,19.0,5.0,0,49.0,0.0,45.0,0,1,0
5766,33.0,1.0,19.0,1.0,3,49.0,5.0,62.0,0,0,1
5767,24.0,2.0,19.0,5.0,0,214.0,12.0,48.0,0,1,1
5768,26.0,1.0,16.0,3.0,1,51.0,2.0,32.0,1,1,1
5769,22.0,1.0,21.0,1.0,3,150.0,0.0,15.0,1,1,0
5770,48.0,7.0,20.0,1.0,1,49.0,0.0,40.0,1,0,0
5771,28.0,3.0,21.0,1.0,4,37.0,0.0,29.0,1,0,0
5772,21.0,3.0,18.0,1.0,0,49.0,1.0,37.0,1,1,1
5773,42.0,1.0,18.0,1.0,4,150.0,1.0,40.0,1,1,1
5774,21.0,5.0,24.0,1.0,0,49.0,4.0,50.0,0,1,1
5775,42.0,2.0,16.0,1.0,1,303.0,1.0,50.0,0,1,0
5776,23.0,1.0,16.0,5.0,0,49.0,2.0,40.0,0,1,0
5777,26.0,1.0,16.0,5.0,2,303.0,0.0,40.0,1,1,0
5778,41.0,1.0,16.0,5.0,3,527.0,7.0,40.0,1,1,0
5779,23.0,1.0,24.0,1.0,0,49.0,0.0,32.0,1,1,1
5780,56.0,6.0,18.0,5.0,3,49.0,13.0,60.0,1,1,1
5781,25.0,1.0,16.0,3.0,0,49.0,0.0,84.0,0,0,0
5782,32.0,1.0,20.0,1.0,0,49.0,1.0,40.0,1,0,1
5783,26.0,1.0,20.0,5.0,1,341.0,0.0,68.0,0,1,0
5784,64.0,7.0,23.0,1.0,0,468.0,1.0,40.0,0,1,1
5785,62.0,1.0,10.0,5.0,1,468.0,2.0,40.0,1,0,0
5786,30.0,1.0,21.0,3.0,3,49.0,0.0,40.0,1,1,1
5787,55.0,3.0,19.0,3.0,3,49.0,2.0,40.0,1,1,0
5788,82.0,1.0,18.0,1.0,4,49.0,1.0,40.0,1,1,0
5789,26.0,1.0,19.0,5.0,2,49.0,2.0,45.0,0,1,0
5790,57.0,7.0,16.0,1.0,0,20.0,1.0,40.0,1,1,1
5791,34.0,7.0,22.0,4.0,0,49.0,0.0,40.0,0,1,1
5792,82.0,2.0,22.0,1.0,0,49.0,1.0,25.0,1,1,1
5793,49.0,4.0,22.0,1.0,1,303.0,1.0,20.0,1,1,1
5794,30.0,1.0,19.0,5.0,0,49.0,16.0,40.0,0,1,0
5795,39.0,1.0,21.0,1.0,3,6.0,0.0,40.0,1,1,1
5796,25.0,6.0,23.0,3.0,0,303.0,0.0,40.0,1,1,1
5797,29.0,1.0,18.0,5.0,1,203.0,2.0,40.0,0,1,0
5798,59.0,1.0,19.0,5.0,3,6.0,0.0,40.0,1,1,0
5799,31.0,1.0,17.0,5.0,0,49.0,13.0,45.0,1,1,1
5800,84.0,4.0,16.0,5.0,2,6.0,16.0,61.0,0,1,0
5801,47.0,1.0,21.0,1.0,0,468.0,1.0,40.0,1,1,1
5802,68.0,1.0,16.0,1.0,4,49.0,0.0,96.0,1,1,0
5803,65.0,1.0,19.0,1.0,0,49.0,1.0,40.0,1,0,1
5804,33.0,1.0,15.0,5.0,4,150.0,2.0,40.0,0,1,0
5805,35.0,1.0,16.0,3.0,0,49.0,2.0,45.0,1,1,1
5806,26.0,1.0,21.0,1.0,1,49.0,1.0,60.0,0,1,1
5807,75.0,4.0,20.0,1.0,4,49.0,0.0,60.0,1,1,1
5808,41.0,1.0,22.0,5.0,0,49.0,7.0,40.0,1,0,1
5809,55.0,1.0,20.0,1.0,2,16.0,1.0,40.0,1,1,1
5810,42.0,6.0,18.0,5.0,4,151.0,17.0,15.0,0,1,0
5811,37.0,3.0,18.0,1.0,3,49.0,1.0,14.0,1,0,1
5812,61.0,1.0,21.0,5.0,1,49.0,2.0,40.0,0,0,0
5813,58.0,1.0,20.0,1.0,2,49.0,0.0,50.0,1,1,1
5814,69.0,2.0,20.0,5.0,1,49.0,17.0,62.0,0,1,0
5815,39.0,1.0,16.0,5.0,1,6.0,2.0,40.0,1,1,0
5816,57.0,1.0,22.0,1.0,4,203.0,0.0,40.0,1,1,1
5817,47.0,1.0,14.0,5.0,1,49.0,2.0,26.0,1,1,0
5818,23.0,4.0,21.0,1.0,2,49.0,0.0,40.0,1,1,1
5819,63.0,1.0,19.0,1.0,0,8.0,1.0,40.0,1,1,1
5820,43.0,1.0,22.0,3.0,0,6.0,2.0,20.0,1,1,1
5821,25.0,1.0,21.0,1.0,3,55.0,1.0,12.0,1,1,1
5822,82.0,1.0,16.0,5.0,3,49.0,2.0,84.0,1,1,0
5823,75.0,1.0,16.0,5.0,0,49.0,2.0,40.0,0,1,0
5824,64.0,1.0,18.0,1.0,1,48.0,1.0,50.0,0,1,0
5825,30.0,1.0,23.0,1.0,0,49.0,0.0,50.0,0,1,1
5826,26.0,1.0,21.0,5.0,4,6.0,0.0,40.0,0,0,0
5827,52.0,1.0,19.0,4.0,4,303.0,17.0,12.0,0,1,0
5828,20.0,1.0,19.0,3.0,1,323.0,0.0,45.0,0,1,0
5829,34.0,1.0,20.0,1.0,0,49.0,0.0,14.0,1,0,1
5830,84.0,1.0,18.0,1.0,0,8.0,0.0,30.0,0,1,1
5831,44.0,1.0,16.0,3.0,0,49.0,0.0,45.0,0,1,1
5832,40.0,1.0,24.0,1.0,2,49.0,0.0,30.0,1,1,1
5833,49.0,1.0,14.0,5.0,5,49.0,2.0,40.0,0,1,0
5834,44.0,4.0,20.0,1.0,1,8.0,0.0,84.0,1,1,0
5835,40.0,1.0,20.0,1.0,0,16.0,1.0,45.0,1,1,1
5836,69.0,1.0,20.0,1.0,2,451.0,0.0,10.0,1,1,1
5837,65.0,1.0,21.0,1.0,3,51.0,0.0,40.0,1,1,1
5838,42.0,1.0,21.0,1.0,0,51.0,1.0,40.0,0,1,1
5839,37.0,1.0,19.0,5.0,0,6.0,17.0,30.0,0,1,0
5840,40.0,3.0,19.0,1.0,4,449.0,1.0,60.0,1,1,1
5841,25.0,1.0,21.0,1.0,0,22.0,9.0,45.0,0,1,0
5842,24.0,1.0,21.0,5.0,1,49.0,2.0,40.0,1,0,0
5843,58.0,1.0,22.0,1.0,-1,49.0,0.0,40.0,0,1,1
5844,41.0,1.0,16.0,1.0,0,49.0,0.0,31.0,1,1,1
5845,36.0,7.0,19.0,5.0,2,49.0,2.0,40.0,0,1,0
5846,69.0,2.0,20.0,1.0,-1,6.0,1.0,40.0,0,1,1
5847,47.0,1.0,16.0,1.0,1,6.0,0.0,40.0,1,1,0
5848,39.0,6.0,21.0,1.0,2,49.0,0.0,40.0,1,1,1
5849,62.0,2.0,18.0,1.0,2,49.0,0.0,40.0,1,1,1
5850,36.0,3.0,19.0,5.0,1,49.0,2.0,30.0,0,0,0
5851,64.0,1.0,19.0,1.0,2,468.0,0.0,15.0,1,1,0
5852,32.0,6.0,19.0,1.0,2,49.0,1.0,40.0,0,1,0
5853,26.0,1.0,19.0,4.0,1,329.0,0.0,40.0,1,0,1
5854,46.0,7.0,13.0,1.0,0,451.0,1.0,26.0,0,1,0
5855,61.0,1.0,20.0,3.0,0,6.0,0.0,48.0,1,1,1
5856,45.0,1.0,3.0,3.0,4,150.0,2.0,96.0,0,0,0
5857,28.0,1.0,21.0,5.0,0,51.0,5.0,14.0,0,1,0
5858,42.0,1.0,21.0,1.0,1,303.0,1.0,40.0,0,1,1
5859,22.0,2.0,17.0,1.0,0,49.0,1.0,20.0,1,1,1
5860,52.0,1.0,16.0,5.0,4,49.0,2.0,40.0,1,1,0
5861,44.0,2.0,5.0,1.0,2,6.0,0.0,50.0,1,1,1
5862,23.0,4.0,20.0,1.0,0,49.0,0.0,8.0,0,1,1
5863,22.0,1.0,18.0,1.0,3,8.0,0.0,36.0,1,1,0
5864,35.0,1.0,16.0,5.0,4,6.0,2.0,40.0,1,1,0
5865,38.0,1.0,16.0,1.0,2,451.0,0.0,30.0,0,1,0
5866,46.0,1.0,19.0,5.0,2,8.0,17.0,40.0,1,0,0
5867,25.0,3.0,16.0,5.0,1,6.0,2.0,40.0,0,0,0
5868,25.0,1.0,20.0,1.0,1,370.0,0.0,36.0,1,1,1
5869,80.0,1.0,14.0,1.0,3,49.0,0.0,60.0,1,1,0
5870,40.0,1.0,21.0,1.0,2,6.0,1.0,75.0,1,1,0
5871,33.0,5.0,22.0,1.0,4,303.0,0.0,40.0,1,0,1
5872,59.0,1.0,19.0,1.0,0,55.0,1.0,40.0,0,1,1
5873,46.0,1.0,19.0,5.0,2,49.0,7.0,50.0,0,1,0
5874,62.0,6.0,18.0,5.0,2,329.0,7.0,40.0,1,1,0
5875,27.0,1.0,21.0,5.0,2,6.0,16.0,40.0,0,1,0
5876,37.0,1.0,22.0,1.0,0,49.0,0.0,50.0,1,1,1
5877,80.0,1.0,21.0,1.0,0,49.0,0.0,50.0,1,1,1
5878,38.0,7.0,21.0,1.0,2,16.0,0.0,38.0,1,0,1
5879,45.0,2.0,21.0,1.0,0,323.0,1.0,40.0,0,1,1
5880,40.0,1.0,19.0,1.0,2,341.0,0.0,14.0,0,1,0
5881,45.0,2.0,19.0,1.0,0,49.0,0.0,55.0,0,1,0
5882,42.0,6.0,16.0,1.0,3,49.0,1.0,40.0,1,1,1
5883,55.0,1.0,20.0,5.0,0,49.0,13.0,48.0,1,0,1
5884,36.0,1.0,19.0,1.0,0,329.0,0.0,62.0,1,1,1
5885,25.0,1.0,16.0,1.0,4,45.0,1.0,40.0,1,1,0
5886,26.0,1.0,21.0,3.0,0,49.0,10.0,40.0,1,1,0
5887,37.0,5.0,20.0,5.0,2,203.0,3.0,40.0,1,1,0
5888,46.0,1.0,18.0,5.0,4,49.0,12.0,45.0,1,1,0
5889,42.0,1.0,18.0,5.0,4,55.0,15.0,40.0,1,1,0
5890,63.0,1.0,16.0,1.0,4,49.0,0.0,45.0,1,1,1
5891,50.0,1.0,18.0,5.0,2,508.0,2.0,30.0,0,1,0
5892,27.0,1.0,19.0,1.0,1,49.0,9.0,40.0,0,1,0
5893,39.0,6.0,20.0,1.0,3,49.0,1.0,20.0,1,1,0
5894,26.0,4.0,16.0,1.0,0,49.0,0.0,45.0,1,1,1
5895,65.0,4.0,20.0,1.0,2,49.0,1.0,40.0,1,1,1
5896,26.0,1.0,7.0,1.0,4,6.0,0.0,40.0,1,1,1
5897,36.0,1.0,19.0,1.0,0,48.0,0.0,36.0,0,1,1
5898,37.0,1.0,21.0,5.0,2,49.0,2.0,50.0,1,1,0
5899,34.0,1.0,19.0,5.0,0,49.0,7.0,40.0,0,1,1
5900,77.0,1.0,22.0,1.0,2,6.0,1.0,3.0,0,1,1
5901,58.0,1.0,22.0,5.0,2,6.0,0.0,60.0,1,1,1
5902,67.0,1.0,19.0,5.0,0,49.0,0.0,15.0,0,1,1
5903,51.0,2.0,21.0,1.0,0,468.0,0.0,40.0,1,1,1
5904,24.0,1.0,16.0,1.0,0,214.0,1.0,20.0,1,1,1
5905,55.0,4.0,16.0,1.0,0,214.0,5.0,14.0,0,1,0
5906,20.0,1.0,20.0,1.0,0,468.0,0.0,60.0,0,1,1
5907,44.0,2.0,22.0,1.0,4,51.0,0.0,40.0,1,0,1
5908,20.0,1.0,10.0,1.0,2,49.0,10.0,30.0,0,1,0
5909,19.0,1.0,21.0,1.0,0,49.0,0.0,40.0,0,1,1
5910,55.0,2.0,21.0,1.0,0,49.0,0.0,38.0,1,1,1
5911,38.0,6.0,19.0,5.0,0,329.0,12.0,40.0,0,1,0
5912,26.0,1.0,16.0,2.0,0,6.0,16.0,3.0,0,1,0
5913,19.0,1.0,19.0,5.0,2,6.0,12.0,20.0,0,1,0
5914,34.0,1.0,21.0,5.0,1,49.0,0.0,45.0,1,1,1
5915,40.0,1.0,16.0,1.0,3,49.0,1.0,50.0,1,0,0
5916,37.0,1.0,19.0,1.0,1,49.0,2.0,40.0,1,1,1
5917,22.0,3.0,16.0,4.0,2,49.0,0.0,62.0,0,0,1
5918,65.0,1.0,22.0,2.0,0,49.0,1.0,10.0,0,1,1
5919,36.0,7.0,16.0,1.0,0,203.0,0.0,55.0,1,1,1
5920,31.0,1.0,16.0,1.0,2,49.0,1.0,30.0,0,1,0
5921,22.0,1.0,21.0,1.0,-1,323.0,1.0,15.0,0,1,1
5922,53.0,1.0,21.0,1.0,3,214.0,0.0,45.0,1,1,1
5923,18.0,1.0,16.0,1.0,0,323.0,10.0,20.0,0,1,0
5924,46.0,1.0,22.0,2.0,0,49.0,9.0,40.0,1,1,1
5925,60.0,3.0,15.0,1.0,0,49.0,0.0,40.0,1,1,1
5926,31.0,7.0,21.0,1.0,2,49.0,1.0,30.0,0,0,1
5927,32.0,1.0,16.0,1.0,0,49.0,0.0,40.0,0,1,0
5928,45.0,3.0,20.0,1.0,0,49.0,0.0,40.0,0,1,0
5929,18.0,4.0,22.0,1.0,0,49.0,0.0,40.0,1,1,1
5930,32.0,7.0,6.0,1.0,0,6.0,0.0,40.0,0,1,1
5931,30.0,1.0,19.0,1.0,0,49.0,1.0,84.0,0,1,0
5932,33.0,1.0,21.0,5.0,4,16.0,2.0,40.0,1,1,0
5933,61.0,1.0,16.0,1.0,2,49.0,0.0,40.0,0,1,1
5934,69.0,1.0,18.0,1.0,2,508.0,1.0,60.0,0,1,0
5935,18.0,1.0,22.0,1.0,0,23.0,1.0,40.0,0,1,1
5936,26.0,1.0,21.0,5.0,0,329.0,12.0,40.0,1,1,1
5937,23.0,1.0,16.0,1.0,0,51.0,4.0,40.0,0,1,0
5938,47.0,1.0,8.0,1.0,4,303.0,0.0,61.0,0,1,0
5939,28.0,7.0,21.0,3.0,0,214.0,2.0,40.0,1,0,1
5940,21.0,1.0,16.0,1.0,4,49.0,0.0,20.0,1,1,0
5941,42.0,1.0,19.0,5.0,4,49.0,0.0,40.0,0,1,0
5942,61.0,7.0,22.0,4.0,0,49.0,0.0,50.0,1,0,1
5943,26.0,2.0,21.0,1.0,0,49.0,1.0,40.0,1,1,1
5944,52.0,1.0,18.0,1.0,0,49.0,1.0,25.0,1,1,1
5945,21.0,1.0,22.0,1.0,0,6.0,1.0,30.0,1,1,1
5946,49.0,1.0,19.0,1.0,1,49.0,1.0,61.0,0,0,0
5947,18.0,1.0,16.0,1.0,2,468.0,1.0,40.0,0,0,0
5948,18.0,5.0,18.0,5.0,1,49.0,2.0,35.0,1,1,1
5949,68.0,1.0,13.0,3.0,0,323.0,0.0,40.0,0,1,0
5950,40.0,1.0,22.0,2.0,2,6.0,2.0,40.0,0,1,1
5951,53.0,1.0,16.0,1.0,1,49.0,0.0,40.0,0,1,0
5952,33.0,1.0,16.0,5.0,2,341.0,2.0,30.0,0,1,0
5953,26.0,1.0,18.0,1.0,4,303.0,1.0,40.0,1,1,1
5954,24.0,5.0,16.0,5.0,2,49.0,2.0,29.0,1,0,1
5955,82.0,1.0,18.0,5.0,0,8.0,2.0,40.0,0,1,0
5956,49.0,1.0,15.0,5.0,0,329.0,17.0,40.0,0,1,0
5957,38.0,6.0,21.0,5.0,0,303.0,12.0,20.0,0,1,0
5958,52.0,1.0,16.0,1.0,0,49.0,1.0,50.0,1,1,1
5959,47.0,1.0,16.0,5.0,2,49.0,2.0,55.0,0,1,0
5960,56.0,2.0,5.0,3.0,0,49.0,0.0,40.0,0,1,1
5961,62.0,1.0,15.0,1.0,2,49.0,0.0,36.0,1,1,1
5962,32.0,1.0,17.0,5.0,2,468.0,0.0,40.0,0,1,0
5963,42.0,5.0,21.0,1.0,0,49.0,0.0,40.0,1,1,1
5964,25.0,1.0,21.0,1.0,0,49.0,1.0,40.0,1,1,1
5965,35.0,1.0,19.0,1.0,1,49.0,0.0,40.0,1,1,0
5966,77.0,1.0,19.0,5.0,1,203.0,17.0,50.0,1,1,0
5967,56.0,3.0,16.0,5.0,1,49.0,2.0,84.0,0,1,0
5968,44.0,4.0,22.0,1.0,0,49.0,1.0,25.0,1,1,1
5969,59.0,6.0,5.0,1.0,0,49.0,5.0,35.0,0,1,1
5970,40.0,1.0,19.0,1.0,3,508.0,1.0,45.0,1,1,0
5971,84.0,1.0,20.0,3.0,0,49.0,0.0,40.0,0,1,0
5972,68.0,7.0,22.0,5.0,3,48.0,7.0,25.0,1,1,1
5973,36.0,4.0,21.0,1.0,0,30.0,0.0,40.0,1,1,1
5974,38.0,2.0,19.0,1.0,2,49.0,0.0,48.0,0,1,0
5975,43.0,1.0,19.0,5.0,1,6.0,2.0,40.0,1,0,0
5976,74.0,1.0,19.0,1.0,2,49.0,5.0,50.0,0,1,1
5977,92.0,6.0,19.0,1.0,0,468.0,0.0,14.0,0,1,0
5978,34.0,1.0,16.0,5.0,0,6.0,17.0,40.0,0,1,0
5979,21.0,1.0,20.0,1.0,0,49.0,0.0,45.0,0,0,1
5980,25.0,1.0,16.0,1.0,0,150.0,0.0,50.0,0,1,0
5981,17.0,1.0,21.0,3.0,3,323.0,0.0,40.0,1,1,1
5982,26.0,2.0,16.0,3.0,1,468.0,0.0,40.0,1,1,1
5983,65.0,1.0,20.0,5.0,0,49.0,0.0,40.0,0,1,0
5984,64.0,1.0,6.0,1.0,0,51.0,0.0,30.0,0,1,1
5985,31.0,1.0,14.0,1.0,4,49.0,0.0,30.0,1,1,0
5986,62.0,6.0,16.0,1.0,2,20.0,1.0,25.0,0,1,0
5987,43.0,1.0,22.0,5.0,0,51.0,7.0,40.0,1,1,1
5988,32.0,1.0,23.0,5.0,1,468.0,0.0,50.0,1,1,0
5989,52.0,6.0,23.0,1.0,0,6.0,1.0,40.0,1,1,1
5990,17.0,1.0,18.0,1.0,0,51.0,0.0,45.0,0,1,1
5991,55.0,1.0,21.0,1.0,4,442.0,5.0,46.0,1,1,1
5992,52.0,7.0,19.0,1.0,4,49.0,0.0,50.0,1,1,1
5993,51.0,4.0,21.0,5.0,0,49.0,7.0,12.0,0,1,1
5994,68.0,4.0,21.0,1.0,0,6.0,0.0,35.0,0,1,0
5995,35.0,1.0,21.0,5.0,0,49.0,2.0,25.0,1,1,0
5996,56.0,1.0,16.0,5.0,1,449.0,0.0,40.0,0,1,0
5997,53.0,2.0,23.0,1.0,0,49.0,1.0,60.0,1,1,0
5998,24.0,1.0,18.0,1.0,0,49.0,0.0,35.0,0,1,1
5999,61.0,1.0,22.0,1.0,0,49.0,0.0,36.0,1,1,1
6000,40.0,1.0,19.0,5.0,1,449.0,0.0,48.0,1,1,0
6001,59.0,1.0,15.0,5.0,1,49.0,0.0,19.0,1,1,0
6002,48.0,1.0,20.0,2.0,0,6.0,1.0,20.0,1,1,1
6003,57.0,2.0,20.0,1.0,0,49.0,1.0,35.0,1,1,1
6004,51.0,3.0,20.0,5.0,0,151.0,12.0,40.0,1,1,0
6005,74.0,4.0,22.0,1.0,0,49.0,0.0,45.0,1,1,1
6006,41.0,4.0,21.0,1.0,0,49.0,0.0,14.0,1,1,1
6007,60.0,4.0,16.0,1.0,0,468.0,1.0,50.0,1,1,1
6008,31.0,1.0,16.0,1.0,1,49.0,1.0,20.0,0,1,1
6009,56.0,2.0,21.0,2.0,0,329.0,9.0,61.0,1,1,1
6010,64.0,1.0,19.0,5.0,2,49.0,12.0,25.0,0,1,0
6011,77.0,7.0,22.0,1.0,0,49.0,0.0,15.0,0,1,1
6012,18.0,1.0,23.0,5.0,0,442.0,7.0,37.0,1,1,1
6013,53.0,1.0,16.0,1.0,0,49.0,0.0,20.0,1,1,1
6014,65.0,7.0,21.0,1.0,4,49.0,0.0,45.0,1,1,1
6015,23.0,1.0,20.0,1.0,0,49.0,0.0,40.0,1,1,1
6016,31.0,1.0,20.0,1.0,1,49.0,10.0,50.0,0,1,0
6017,56.0,1.0,20.0,3.0,2,51.0,0.0,48.0,1,1,1
6018,33.0,6.0,20.0,1.0,0,49.0,1.0,20.0,0,1,0
6019,84.0,1.0,16.0,1.0,1,329.0,0.0,40.0,0,1,0
6020,23.0,1.0,19.0,1.0,2,30.0,1.0,40.0,0,1,0
6021,43.0,1.0,20.0,1.0,0,6.0,1.0,40.0,1,1,0
6022,22.0,2.0,21.0,1.0,0,49.0,0.0,40.0,1,1,1
6023,41.0,6.0,16.0,5.0,4,49.0,12.0,20.0,1,1,0
6024,27.0,7.0,19.0,3.0,0,50.0,0.0,45.0,1,1,1
6025,62.0,6.0,18.0,5.0,4,49.0,7.0,61.0,1,1,0
6026,60.0,1.0,19.0,1.0,0,329.0,0.0,37.0,1,1,1
6027,56.0,1.0,19.0,1.0,3,449.0,1.0,50.0,1,1,0
6028,31.0,1.0,22.0,1.0,0,150.0,1.0,30.0,1,1,1
6029,21.0,5.0,16.0,1.0,0,48.0,0.0,35.0,1,0,1
6030,23.0,3.0,13.0,5.0,1,49.0,2.0,35.0,1,1,0
6031,34.0,1.0,19.0,1.0,2,6.0,0.0,40.0,0,1,0
6032,21.0,1.0,3.0,1.0,4,49.0,0.0,40.0,1,1,0
6033,19.0,1.0,22.0,3.0,0,214.0,0.0,38.0,0,1,1
6034,20.0,6.0,16.0,5.0,1,329.0,2.0,68.0,0,1,0
6035,19.0,1.0,22.0,1.0,4,49.0,9.0,40.0,1,1,1
6036,50.0,1.0,14.0,1.0,0,49.0,1.0,55.0,0,1,0
6037,42.0,2.0,16.0,1.0,3,6.0,0.0,24.0,1,1,1
6038,52.0,1.0,19.0,1.0,0,214.0,1.0,20.0,0,1,0
6039,36.0,3.0,19.0,1.0,0,49.0,1.0,40.0,0,1,1
6040,44.0,7.0,21.0,1.0,0,49.0,0.0,40.0,1,1,1
6041,49.0,4.0,18.0,5.0,1,6.0,2.0,45.0,0,1,0
6042,20.0,1.0,21.0,1.0,0,6.0,0.0,40.0,0,1,1
6043,24.0,4.0,21.0,5.0,0,49.0,17.0,24.0,0,1,0
6044,36.0,1.0,18.0,5.0,3,151.0,2.0,29.0,1,1,0
6045,34.0,1.0,20.0,1.0,1,37.0,1.0,45.0,0,0,0
6046,18.0,2.0,18.0,3.0,2,49.0,0.0,50.0,1,1,1
6047,44.0,4.0,22.0,1.0,0,49.0,0.0,40.0,0,1,1
6048,56.0,1.0,21.0,1.0,2,323.0,1.0,40.0,1,1,1
6049,84.0,6.0,19.0,1.0,2,468.0,1.0,50.0,0,1,0
6050,44.0,1.0,22.0,5.0,4,49.0,12.0,50.0,1,1,1
6051,61.0,7.0,18.0,1.0,0,49.0,0.0,30.0,1,1,1
6052,84.0,1.0,22.0,1.0,0,6.0,0.0,14.0,1,1,1
6053,56.0,1.0,10.0,1.0,0,49.0,0.0,40.0,0,0,0
6054,20.0,1.0,21.0,1.0,1,49.0,1.0,20.0,0,1,0
6055,37.0,1.0,14.0,5.0,1,49.0,2.0,14.0,1,1,0
6056,53.0,1.0,16.0,5.0,0,50.0,0.0,40.0,0,0,1
6057,20.0,7.0,15.0,1.0,1,49.0,1.0,40.0,1,1,1
6058,57.0,1.0,18.0,1.0,1,49.0,10.0,45.0,0,1,0
6059,64.0,1.0,16.0,1.0,0,23.0,0.0,40.0,0,1,1
6060,51.0,1.0,16.0,1.0,0,303.0,0.0,50.0,0,0,1
6061,79.0,4.0,20.0,1.0,4,6.0,1.0,40.0,1,1,1
6062,61.0,4.0,16.0,1.0,1,49.0,0.0,40.0,0,1,0
6063,31.0,1.0,20.0,1.0,3,50.0,9.0,40.0,1,1,1
6064,35.0,1.0,20.0,3.0,0,329.0,0.0,40.0,1,1,1
6065,39.0,1.0,21.0,1.0,3,6.0,0.0,50.0,1,1,1
6066,75.0,1.0,21.0,1.0,1,20.0,0.0,46.0,1,0,1
6067,50.0,7.0,18.0,1.0,0,49.0,1.0,40.0,1,1,1
6068,25.0,1.0,19.0,5.0,2,49.0,0.0,60.0,0,1,1
6069,44.0,7.0,19.0,1.0,3,49.0,0.0,8.0,1,1,1
6070,20.0,6.0,14.0,1.0,2,30.0,1.0,50.0,1,1,0
6071,26.0,1.0,10.0,1.0,3,6.0,0.0,40.0,1,1,0
6072,34.0,1.0,10.0,5.0,4,49.0,0.0,20.0,1,1,0
6073,24.0,1.0,19.0,1.0,4,449.0,10.0,40.0,0,1,0
6074,23.0,1.0,16.0,1.0,1,49.0,1.0,40.0,0,1,0
6075,79.0,4.0,22.0,1.0,0,49.0,0.0,40.0,0,1,1
6076,65.0,1.0,16.0,5.0,4,49.0,2.0,40.0,0,1,0
6077,84.0,6.0,18.0,5.0,2,16.0,2.0,50.0,0,1,0
6078,26.0,2.0,10.0,3.0,1,49.0,0.0,40.0,1,1,0
6079,20.0,7.0,15.0,1.0,0,49.0,1.0,20.0,1,1,0
6080,55.0,1.0,23.0,4.0,4,468.0,0.0,29.0,1,0,1
6081,82.0,1.0,19.0,1.0,1,160.0,10.0,40.0,1,1,0
6082,19.0,1.0,19.0,1.0,0,51.0,0.0,40.0,0,1,1
6083,92.0,1.0,16.0,5.0,0,51.0,13.0,20.0,1,1,1
6084,56.0,4.0,16.0,1.0,3,214.0,0.0,12.0,1,1,1
6085,32.0,1.0,20.0,1.0,1,468.0,0.0,40.0,0,1,0
6086,87.0,1.0,22.0,1.0,4,49.0,0.0,40.0,1,1,1
6087,26.0,1.0,19.0,1.0,3,49.0,1.0,50.0,1,1,1
6088,87.0,7.0,23.0,1.0,0,49.0,0.0,40.0,1,1,1
6089,52.0,1.0,18.0,1.0,2,49.0,1.0,40.0,1,1,0
6090,51.0,1.0,16.0,5.0,2,51.0,0.0,40.0,0,1,0
6091,40.0,7.0,21.0,1.0,0,49.0,0.0,42.0,0,1,1
6092,37.0,7.0,16.0,5.0,3,214.0,12.0,36.0,1,1,0
6093,79.0,1.0,21.0,1.0,0,49.0,0.0,40.0,0,1,0
6094,25.0,5.0,23.0,1.0,0,467.0,1.0,50.0,0,1,0
6095,69.0,1.0,19.0,1.0,2,512.0,10.0,40.0,0,1,0
6096,46.0,6.0,19.0,1.0,1,51.0,1.0,40.0,0,1,0
6097,45.0,1.0,18.0,1.0,0,49.0,9.0,12.0,0,1,0
6098,44.0,1.0,21.0,1.0,0,49.0,1.0,40.0,1,1,1
6099,47.0,1.0,22.0,1.0,1,214.0,0.0,40.0,1,1,1
6100,54.0,5.0,21.0,5.0,2,151.0,15.0,40.0,0,0,0
6101,67.0,1.0,17.0,1.0,1,16.0,0.0,91.0,0,1,0
6102,56.0,1.0,16.0,2.0,0,51.0,10.0,20.0,1,1,0
6103,20.0,2.0,14.0,1.0,3,48.0,1.0,40.0,1,1,0
6104,26.0,5.0,21.0,1.0,3,49.0,0.0,30.0,1,1,1
6105,37.0,1.0,18.0,5.0,2,49.0,0.0,50.0,1,1,0
6106,21.0,1.0,20.0,5.0,0,16.0,17.0,40.0,0,1,0
6107,22.0,3.0,19.0,1.0,2,370.0,1.0,30.0,0,0,0
6108,37.0,1.0,20.0,1.0,1,49.0,1.0,24.0,0,1,0
6109,78.0,7.0,16.0,1.0,0,150.0,1.0,40.0,0,1,1
6110,64.0,1.0,21.0,5.0,0,49.0,2.0,37.0,1,1,1
6111,21.0,1.0,18.0,5.0,0,203.0,2.0,50.0,1,1,0
6112,28.0,7.0,19.0,5.0,4,151.0,0.0,40.0,0,1,1
6113,38.0,1.0,19.0,1.0,4,49.0,1.0,40.0,1,1,1
6114,21.0,1.0,19.0,1.0,0,303.0,2.0,32.0,1,1,1
6115,28.0,1.0,21.0,1.0,2,49.0,0.0,68.0,1,1,1
6116,18.0,1.0,16.0,3.0,0,49.0,0.0,40.0,0,1,1
6117,78.0,7.0,20.0,1.0,1,323.0,0.0,60.0,0,1,1
6118,23.0,5.0,17.0,3.0,0,49.0,0.0,40.0,1,0,1
6119,20.0,3.0,15.0,1.0,1,49.0,0.0,40.0,1,1,0
6120,44.0,1.0,6.0,1.0,0,42.0,1.0,40.0,1,1,1
6121,87.0,2.0,16.0,5.0,1,49.0,17.0,40.0,0,1,0
6122,19.0,1.0,19.0,1.0,4,329.0,0.0,50.0,1,1,0
6123,68.0,1.0,19.0,5.0,2,49.0,2.0,60.0,0,1,0
6124,84.0,1.0,21.0,1.0,0,451.0,0.0,40.0,0,1,1
6125,65.0,8.0,19.0,5.0,4,8.0,2.0,40.0,1,1,0
6126,44.0,2.0,21.0,2.0,3,49.0,10.0,20.0,0,1,0
6127,29.0,6.0,23.0,5.0,0,49.0,0.0,40.0,1,1,1
6128,54.0,1.0,19.0,1.0,0,51.0,0.0,32.0,0,1,0
6129,34.0,1.0,19.0,1.0,0,48.0,0.0,10.0,1,1,1
6130,48.0,1.0,16.0,5.0,4,30.0,17.0,40.0,1,1,0
6131,43.0,2.0,21.0,5.0,0,508.0,2.0,20.0,0,1,0
6132,53.0,1.0,22.0,5.0,2,512.0,2.0,45.0,0,1,0
6133,30.0,6.0,22.0,2.0,0,49.0,2.0,40.0,0,1,1
6134,37.0,1.0,22.0,1.0,1,468.0,0.0,45.0,1,0,1
6135,25.0,4.0,22.0,1.0,0,49.0,1.0,40.0,1,1,1
6136,42.0,6.0,16.0,1.0,0,214.0,0.0,20.0,0,1,0
6137,53.0,1.0,18.0,5.0,4,42.0,2.0,45.0,0,1,0
6138,23.0,1.0,16.0,5.0,2,49.0,17.0,84.0,0,1,0
6139,65.0,1.0,16.0,1.0,3,49.0,1.0,40.0,1,1,0
6140,46.0,1.0,19.0,4.0,0,150.0,17.0,20.0,0,0,0
6141,41.0,1.0,21.0,1.0,3,508.0,0.0,30.0,1,1,1
6142,22.0,2.0,21.0,1.0,2,370.0,1.0,20.0,0,1,1
6143,28.0,1.0,22.0,4.0,2,49.0,0.0,25.0,1,0,1
6144,43.0,5.0,19.0,1.0,4,48.0,1.0,30.0,0,1,0
6145,53.0,1.0,19.0,1.0,4,51.0,1.0,40.0,1,1,1
6146,45.0,1.0,18.0,1.0,0,49.0,1.0,40.0,1,1,1
6147,30.0,1.0,19.0,1.0,2,48.0,1.0,40.0,0,0,0
6148,42.0,1.0,21.0,3.0,0,303.0,2.0,10.0,1,0,1
6149,22.0,1.0,16.0,1.0,1,49.0,0.0,40.0,0,1,0
6150,42.0,1.0,21.0,5.0,0,49.0,13.0,40.0,0,1,1
6151,69.0,1.0,16.0,1.0,4,49.0,0.0,45.0,0,1,0
6152,18.0,1.0,21.0,1.0,2,49.0,0.0,25.0,0,0,0
6153,44.0,1.0,16.0,5.0,1,49.0,12.0,48.0,1,0,0
6154,18.0,1.0,16.0,1.0,0,49.0,1.0,75.0,1,1,1
6155,48.0,1.0,5.0,1.0,3,150.0,0.0,20.0,1,1,1
6156,44.0,1.0,19.0,5.0,1,323.0,12.0,40.0,0,0,0
6157,24.0,6.0,21.0,1.0,0,203.0,0.0,45.0,1,1,1
6158,39.0,5.0,19.0,5.0,2,49.0,2.0,40.0,1,1,1
6159,20.0,1.0,19.0,5.0,1,323.0,2.0,35.0,0,1,0
6160,41.0,1.0,22.0,1.0,0,49.0,0.0,61.0,0,1,1
6161,57.0,1.0,16.0,1.0,0,49.0,1.0,30.0,0,1,1
6162,60.0,1.0,18.0,3.0,0,51.0,10.0,40.0,0,1,0
6163,68.0,1.0,19.0,1.0,0,49.0,0.0,15.0,1,1,1
6164,18.0,4.0,16.0,5.0,1,49.0,8.0,48.0,0,1,0
6165,50.0,7.0,21.0,4.0,0,49.0,0.0,8.0,0,0,1
6166,43.0,1.0,16.0,1.0,4,150.0,6.0,20.0,0,1,1
6167,53.0,1.0,19.0,1.0,0,49.0,0.0,32.0,1,1,1
6168,37.0,1.0,19.0,1.0,0,303.0,0.0,40.0,0,1,1
6169,37.0,3.0,16.0,1.0,4,329.0,0.0,45.0,0,1,1
6170,60.0,1.0,17.0,1.0,0,49.0,1.0,36.0,1,1,1
6171,56.0,2.0,18.0,1.0,0,214.0,0.0,8.0,1,1,1
6172,24.0,1.0,13.0,1.0,4,32.0,1.0,40.0,1,1,0
6173,32.0,2.0,18.0,1.0,1,16.0,1.0,30.0,1,1,0
6174,29.0,1.0,21.0,5.0,2,49.0,7.0,40.0,1,1,1
6175,53.0,6.0,16.0,1.0,0,49.0,0.0,40.0,0,1,1
6176,67.0,3.0,21.0,1.0,4,51.0,1.0,40.0,0,1,1
6177,21.0,3.0,18.0,5.0,0,329.0,2.0,14.0,0,1,0
6178,76.0,5.0,17.0,1.0,0,51.0,0.0,61.0,1,1,1
6179,74.0,1.0,22.0,1.0,3,323.0,1.0,35.0,1,1,1
6180,27.0,3.0,22.0,1.0,2,49.0,1.0,40.0,0,1,0
6181,42.0,2.0,15.0,2.0,4,49.0,10.0,40.0,1,1,0
6182,74.0,2.0,19.0,1.0,2,6.0,1.0,25.0,0,1,0
6183,30.0,1.0,20.0,1.0,0,16.0,0.0,40.0,0,1,0
6184,18.0,2.0,21.0,1.0,5,51.0,0.0,75.0,0,1,0
6185,57.0,1.0,8.0,1.0,2,49.0,0.0,50.0,0,1,0
6186,48.0,1.0,21.0,1.0,0,49.0,0.0,50.0,0,1,1
6187,68.0,1.0,19.0,1.0,1,214.0,0.0,40.0,0,1,0
6188,18.0,1.0,21.0,3.0,4,49.0,0.0,20.0,1,1,1
6189,24.0,1.0,3.0,1.0,0,49.0,0.0,40.0,0,1,1
6190,45.0,1.0,19.0,1.0,3,6.0,1.0,40.0,1,0,0
6191,64.0,7.0,22.0,1.0,1,150.0,1.0,40.0,1,1,1
6192,46.0,2.0,18.0,1.0,1,49.0,1.0,50.0,1,1,1
6193,31.0,2.0,15.0,1.0,0,49.0,0.0,45.0,1,1,1
6194,75.0,1.0,15.0,1.0,2,49.0,1.0,20.0,0,1,0
6195,26.0,1.0,18.0,1.0,4,49.0,1.0,8.0,1,1,1
6196,39.0,7.0,16.0,1.0,2,8.0,1.0,40.0,0,1,1
6197,27.0,2.0,16.0,3.0,1,49.0,0.0,48.0,0,1,1
6198,54.0,4.0,16.0,5.0,0,49.0,2.0,24.0,0,1,0
6199,92.0,1.0,19.0,5.0,0,49.0,2.0,40.0,1,1,0
6200,50.0,1.0,19.0,5.0,0,20.0,2.0,40.0,0,1,0
6201,32.0,1.0,20.0,5.0,2,49.0,7.0,40.0,0,0,1
6202,18.0,4.0,6.0,1.0,-1,329.0,5.0,8.0,0,1,1
6203,51.0,1.0,23.0,1.0,1,323.0,1.0,20.0,1,1,0
6204,62.0,1.0,21.0,5.0,0,49.0,2.0,40.0,1,1,0
6205,60.0,1.0,19.0,1.0,2,49.0,1.0,50.0,0,1,0
6206,80.0,2.0,16.0,5.0,0,150.0,2.0,60.0,0,1,0
6207,23.0,3.0,20.0,1.0,4,50.0,1.0,50.0,0,1,0
6208,51.0,1.0,16.0,1.0,3,49.0,1.0,24.0,1,1,0
6209,47.0,1.0,24.0,5.0,0,49.0,0.0,40.0,0,0,1
6210,35.0,6.0,22.0,1.0,2,49.0,1.0,40.0,0,1,1
6211,40.0,1.0,20.0,5.0,2,50.0,12.0,35.0,0,1,0
6212,47.0,1.0,16.0,1.0,1,150.0,1.0,37.0,0,1,0
6213,44.0,5.0,20.0,5.0,0,49.0,7.0,40.0,1,1,0
6214,40.0,1.0,19.0,5.0,0,49.0,0.0,96.0,0,1,0
6215,46.0,1.0,18.0,5.0,0,50.0,17.0,75.0,0,1,0
6216,57.0,1.0,20.0,1.0,0,49.0,0.0,40.0,1,1,1
6217,58.0,1.0,16.0,1.0,4,451.0,0.0,40.0,1,1,1
6218,40.0,1.0,19.0,1.0,2,8.0,0.0,31.0,0,1,0
6219,51.0,1.0,20.0,1.0,2,50.0,0.0,15.0,1,1,1
6220,77.0,1.0,19.0,1.0,2,370.0,0.0,40.0,1,1,1
6221,62.0,1.0,22.0,1.0,1,49.0,1.0,61.0,1,1,1
6222,69.0,1.0,20.0,1.0,2,49.0,4.0,29.0,1,1,1
6223,25.0,7.0,21.0,1.0,0,303.0,1.0,14.0,1,1,1
6224,73.0,1.0,21.0,5.0,2,151.0,2.0,40.0,1,1,0
6225,25.0,7.0,19.0,1.0,0,6.0,1.0,40.0,1,1,1
6226,28.0,4.0,18.0,5.0,1,49.0,2.0,14.0,0,0,0
6227,38.0,1.0,14.0,1.0,0,303.0,1.0,40.0,0,1,0
6228,18.0,2.0,5.0,1.0,-1,468.0,0.0,20.0,0,1,1
6229,32.0,1.0,18.0,5.0,1,49.0,17.0,50.0,0,1,0
6230,47.0,4.0,21.0,1.0,0,214.0,1.0,55.0,0,0,1
6231,41.0,1.0,18.0,3.0,2,6.0,2.0,55.0,0,0,0
6232,23.0,7.0,22.0,1.0,2,49.0,0.0,40.0,1,1,1
6233,32.0,7.0,18.0,1.0,0,203.0,1.0,45.0,1,0,1
6234,21.0,1.0,21.0,1.0,2,449.0,8.0,40.0,0,1,0
6235,25.0,1.0,21.0,5.0,3,329.0,7.0,45.0,1,1,1
6236,18.0,1.0,18.0,1.0,2,203.0,0.0,40.0,0,1,0
6237,51.0,2.0,17.0,5.0,2,49.0,7.0,40.0,1,1,1
6238,84.0,1.0,20.0,5.0,1,49.0,0.0,60.0,0,1,0
6239,21.0,1.0,21.0,1.0,1,49.0,0.0,45.0,0,1,1
6240,52.0,1.0,19.0,1.0,2,451.0,0.0,40.0,0,0,0
6241,40.0,4.0,19.0,3.0,1,49.0,2.0,38.0,0,1,0
6242,24.0,2.0,16.0,1.0,3,20.0,0.0,40.0,1,1,1
6243,20.0,1.0,23.0,1.0,0,49.0,1.0,40.0,1,1,1
6244,32.0,7.0,20.0,2.0,2,6.0,1.0,45.0,1,1,1
6245,26.0,1.0,10.0,5.0,1,6.0,12.0,40.0,0,0,0
6246,45.0,1.0,19.0,5.0,0,49.0,12.0,40.0,0,1,0
6247,47.0,1.0,20.0,1.0,2,49.0,1.0,40.0,1,1,0
6248,79.0,2.0,16.0,5.0,1,49.0,12.0,40.0,0,1,0
6249,41.0,1.0,18.0,1.0,2,49.0,1.0,40.0,0,1,0
6250,36.0,1.0,21.0,1.0,4,49.0,1.0,25.0,1,1,1
6251,42.0,1.0,22.0,1.0,0,6.0,0.0,40.0,0,1,1
6252,21.0,7.0,16.0,1.0,1,49.0,1.0,29.0,1,1,1
6253,43.0,1.0,16.0,5.0,2,6.0,2.0,23.0,0,1,0
6254,39.0,1.0,21.0,1.0,0,329.0,0.0,40.0,1,1,1
6255,35.0,1.0,18.0,5.0,2,49.0,2.0,40.0,0,1,0
6256,47.0,1.0,3.0,4.0,0,49.0,0.0,61.0,1,0,1
6257,25.0,3.0,21.0,5.0,1,150.0,17.0,40.0,0,1,0
6258,23.0,1.0,20.0,1.0,0,49.0,0.0,32.0,0,1,1
6259,49.0,1.0,15.0,1.0,2,508.0,1.0,20.0,0,1,0
6260,68.0,7.0,22.0,3.0,2,49.0,0.0,40.0,0,1,1
6261,49.0,1.0,16.0,1.0,2,370.0,1.0,40.0,0,1,0
6262,20.0,1.0,7.0,1.0,2,51.0,0.0,40.0,1,0,1
6263,24.0,1.0,18.0,5.0,2,49.0,3.0,45.0,0,1,0
6264,25.0,1.0,18.0,1.0,2,150.0,0.0,40.0,0,1,0
6265,41.0,1.0,19.0,1.0,2,6.0,1.0,30.0,0,1,1
6266,23.0,2.0,18.0,1.0,4,49.0,0.0,40.0,0,1,1
6267,52.0,2.0,19.0,1.0,4,508.0,1.0,38.0,1,1,0
6268,67.0,1.0,19.0,1.0,4,49.0,0.0,40.0,1,1,0
6269,51.0,1.0,20.0,5.0,4,49.0,12.0,45.0,1,1,0
6270,69.0,1.0,21.0,5.0,2,16.0,2.0,45.0,0,0,0
6271,57.0,3.0,16.0,1.0,0,329.0,0.0,40.0,1,1,1
6272,34.0,1.0,19.0,1.0,2,49.0,0.0,30.0,0,1,0
6273,54.0,4.0,17.0,1.0,2,49.0,0.0,19.0,1,1,1
6274,69.0,1.0,24.0,1.0,-1,468.0,1.0,40.0,0,1,1
6275,25.0,3.0,16.0,5.0,2,329.0,12.0,40.0,0,1,0
6276,45.0,8.0,20.0,1.0,2,49.0,1.0,40.0,0,1,0
6277,38.0,1.0,21.0,1.0,0,329.0,0.0,50.0,1,1,1
6278,52.0,4.0,21.0,1.0,0,49.0,0.0,30.0,1,1,1
6279,28.0,1.0,20.0,5.0,0,303.0,12.0,35.0,0,1,0
6280,28.0,2.0,19.0,5.0,0,49.0,12.0,40.0,0,1,0
6281,45.0,1.0,20.0,1.0,0,49.0,1.0,55.0,1,1,1
6282,34.0,1.0,16.0,1.0,3,49.0,1.0,60.0,1,1,0
6283,21.0,4.0,20.0,1.0,0,49.0,5.0,30.0,1,1,1
6284,61.0,1.0,19.0,1.0,2,449.0,0.0,46.0,0,1,0
6285,35.0,7.0,16.0,3.0,0,323.0,0.0,75.0,0,0,1
6286,22.0,1.0,15.0,5.0,1,49.0,0.0,50.0,1,1,0
6287,54.0,1.0,21.0,1.0,0,51.0,0.0,20.0,1,1,1
6288,21.0,7.0,19.0,1.0,0,50.0,1.0,40.0,0,1,1
6289,68.0,4.0,16.0,1.0,0,49.0,0.0,31.0,1,1,1
6290,58.0,7.0,19.0,5.0,1,468.0,2.0,50.0,0,1,0
6291,62.0,7.0,20.0,1.0,3,150.0,1.0,40.0,1,1,1
6292,31.0,1.0,21.0,1.0,0,6.0,0.0,40.0,0,1,1
6293,56.0,7.0,16.0,1.0,0,150.0,0.0,40.0,0,1,0
6294,40.0,6.0,18.0,5.0,1,49.0,2.0,40.0,0,1,0
6295,84.0,1.0,16.0,5.0,4,49.0,2.0,4.0,1,1,0
6296,35.0,2.0,21.0,1.0,1,49.0,0.0,15.0,1,1,1
6297,82.0,4.0,21.0,5.0,4,49.0,2.0,40.0,1,1,0
6298,35.0,1.0,16.0,1.0,2,49.0,1.0,40.0,0,1,0
6299,61.0,4.0,18.0,5.0,4,49.0,2.0,50.0,1,1,0
6300,37.0,1.0,19.0,1.0,2,49.0,1.0,60.0,1,1,0
6301,45.0,3.0,18.0,5.0,1,49.0,12.0,40.0,1,1,0
6302,51.0,6.0,17.0,1.0,1,49.0,0.0,30.0,0,1,0
6303,36.0,2.0,20.0,1.0,1,214.0,0.0,40.0,1,1,1
6304,31.0,3.0,18.0,1.0,4,16.0,0.0,40.0,0,1,0
6305,23.0,2.0,17.0,1.0,2,49.0,1.0,24.0,1,1,1
6306,26.0,7.0,15.0,5.0,1,49.0,2.0,91.0,0,1,0
6307,20.0,1.0,21.0,5.0,1,49.0,0.0,53.0,0,1,0
6308,25.0,3.0,16.0,1.0,2,203.0,1.0,40.0,1,0,0
6309,19.0,7.0,21.0,1.0,4,30.0,0.0,40.0,1,1,1
6310,65.0,3.0,15.0,1.0,1,49.0,0.0,40.0,0,1,0
6311,18.0,1.0,21.0,5.0,5,49.0,0.0,30.0,0,1,0
6312,54.0,1.0,19.0,3.0,2,49.0,0.0,15.0,0,1,0
6313,33.0,1.0,14.0,5.0,1,508.0,2.0,15.0,0,1,0
6314,35.0,3.0,21.0,5.0,1,329.0,7.0,3.0,1,1,1
6315,21.0,1.0,21.0,1.0,0,45.0,1.0,14.0,0,1,0
6316,38.0,5.0,21.0,1.0,0,50.0,0.0,50.0,0,1,1
6317,38.0,1.0,16.0,1.0,1,329.0,1.0,45.0,0,1,0
6318,63.0,6.0,16.0,5.0,0,150.0,2.0,40.0,0,1,0
6319,26.0,6.0,21.0,3.0,0,203.0,0.0,40.0,0,1,0
6320,17.0,6.0,17.0,1.0,1,6.0,1.0,40.0,0,1,0
6321,48.0,1.0,21.0,1.0,3,49.0,1.0,30.0,1,1,1
6322,44.0,1.0,19.0,1.0,2,49.0,0.0,53.0,1,1,0
6323,18.0,2.0,14.0,4.0,2,214.0,17.0,40.0,0,0,0
6324,38.0,1.0,18.0,5.0,0,468.0,17.0,36.0,0,1,0
6325,37.0,1.0,22.0,3.0,0,49.0,0.0,50.0,1,1,1
6326,25.0,1.0,19.0,1.0,4,49.0,0.0,50.0,1,1,0
6327,44.0,1.0,3.0,5.0,4,49.0,0.0,40.0,1,0,0
6328,60.0,1.0,21.0,3.0,2,303.0,0.0,40.0,1,1,1
6329,47.0,1.0,21.0,1.0,0,49.0,1.0,40.0,0,1,1
6330,46.0,1.0,16.0,1.0,-1,449.0,0.0,40.0,0,1,1
6331,40.0,7.0,21.0,5.0,2,49.0,0.0,40.0,0,1,0
6332,33.0,4.0,22.0,1.0,0,150.0,0.0,50.0,1,0,1
6333,26.0,1.0,18.0,5.0,0,214.0,8.0,15.0,0,1,0
6334,74.0,2.0,21.0,5.0,0,16.0,0.0,40.0,1,1,0
6335,38.0,1.0,20.0,5.0,1,49.0,0.0,45.0,0,1,0
6336,18.0,1.0,18.0,5.0,1,49.0,15.0,35.0,0,1,0
6337,39.0,1.0,24.0,1.0,2,49.0,0.0,10.0,1,1,1
6338,28.0,1.0,18.0,1.0,0,49.0,0.0,55.0,1,1,1
6339,19.0,1.0,19.0,5.0,4,49.0,2.0,50.0,1,0,0
6340,41.0,2.0,19.0,3.0,1,49.0,10.0,50.0,0,1,0
6341,32.0,1.0,20.0,1.0,2,49.0,1.0,20.0,1,1,1
6342,68.0,1.0,20.0,1.0,1,49.0,0.0,30.0,1,1,1
6343,56.0,1.0,21.0,1.0,0,49.0,0.0,40.0,1,1,1
6344,54.0,1.0,21.0,1.0,0,303.0,0.0,30.0,1,1,0
6345,79.0,1.0,21.0,3.0,1,214.0,0.0,35.0,0,1,1
6346,56.0,1.0,16.0,1.0,1,323.0,0.0,50.0,0,1,1
6347,54.0,4.0,16.0,1.0,0,467.0,0.0,29.0,0,1,1
6348,43.0,1.0,21.0,5.0,1,49.0,16.0,50.0,0,1,0
6349,23.0,1.0,19.0,3.0,2,49.0,0.0,40.0,0,0,0
6350,44.0,2.0,21.0,4.0,0,451.0,0.0,40.0,1,0,1
6351,44.0,1.0,21.0,1.0,0,508.0,0.0,40.0,1,1,1
6352,61.0,1.0,18.0,5.0,1,49.0,2.0,75.0,1,0,0
6353,45.0,1.0,18.0,1.0,0,6.0,0.0,35.0,1,1,1
6354,46.0,1.0,19.0,1.0,0,323.0,1.0,40.0,0,1,0
6355,41.0,7.0,19.0,1.0,3,48.0,1.0,40.0,1,1,1
6356,47.0,1.0,19.0,5.0,3,20.0,17.0,40.0,1,1,0
6357,73.0,1.0,22.0,1.0,-1,449.0,1.0,15.0,0,1,1
6358,44.0,3.0,16.0,1.0,3,49.0,1.0,40.0,1,1,0
6359,34.0,1.0,21.0,1.0,0,6.0,0.0,35.0,0,1,1
6360,18.0,1.0,21.0,1.0,0,49.0,1.0,40.0,1,1,1
6361,41.0,4.0,21.0,1.0,2,49.0,0.0,60.0,1,1,1
6362,60.0,1.0,18.0,1.0,1,323.0,0.0,40.0,1,1,0
6363,52.0,1.0,12.0,1.0,2,49.0,0.0,45.0,1,1,1
6364,27.0,5.0,19.0,1.0,3,49.0,0.0,40.0,1,1,1
6365,45.0,1.0,21.0,1.0,2,329.0,1.0,40.0,1,1,1
6366,54.0,8.0,16.0,3.0,2,8.0,2.0,40.0,1,1,0
6367,54.0,3.0,16.0,1.0,0,6.0,0.0,40.0,0,1,1
6368,21.0,1.0,21.0,5.0,2,214.0,0.0,23.0,0,1,0
6369,51.0,5.0,18.0,1.0,3,329.0,1.0,25.0,1,1,1
6370,92.0,1.0,23.0,1.0,0,49.0,0.0,55.0,0,1,1
6371,30.0,6.0,22.0,1.0,1,49.0,0.0,40.0,1,1,0
6372,82.0,5.0,20.0,5.0,1,51.0,17.0,40.0,0,0,0
6373,42.0,3.0,22.0,1.0,4,329.0,1.0,36.0,1,1,1
6374,23.0,1.0,16.0,1.0,0,42.0,1.0,35.0,0,1,0
6375,48.0,1.0,21.0,1.0,0,468.0,0.0,30.0,0,1,1
6376,47.0,1.0,21.0,1.0,0,49.0,1.0,38.0,1,1,1
6377,38.0,1.0,5.0,5.0,0,42.0,12.0,45.0,1,1,1
6378,54.0,7.0,21.0,1.0,2,49.0,0.0,48.0,0,1,1
6379,64.0,1.0,16.0,1.0,3,214.0,1.0,40.0,1,1,1
6380,75.0,7.0,21.0,1.0,0,341.0,0.0,40.0,1,1,1
6381,20.0,1.0,21.0,1.0,0,49.0,1.0,20.0,0,1,0
6382,38.0,6.0,21.0,1.0,0,49.0,1.0,30.0,1,1,0
6383,56.0,1.0,20.0,5.0,1,49.0,12.0,40.0,1,1,0
6384,21.0,2.0,21.0,3.0,0,49.0,0.0,38.0,1,1,1
6385,22.0,1.0,21.0,1.0,0,51.0,1.0,40.0,1,1,1
6386,69.0,4.0,21.0,1.0,3,49.0,0.0,48.0,1,1,1
6387,69.0,1.0,23.0,1.0,1,6.0,0.0,10.0,1,1,1
6388,23.0,1.0,21.0,3.0,0,6.0,0.0,35.0,0,1,1
6389,24.0,1.0,18.0,1.0,1,49.0,1.0,40.0,1,1,1
6390,40.0,1.0,15.0,1.0,0,49.0,0.0,40.0,0,1,0
6391,18.0,3.0,16.0,5.0,4,214.0,0.0,61.0,1,0,0
6392,68.0,1.0,17.0,5.0,0,51.0,12.0,40.0,0,1,1
6393,23.0,1.0,22.0,1.0,2,49.0,0.0,40.0,0,1,1
6394,68.0,1.0,22.0,1.0,0,50.0,1.0,40.0,1,1,1
6395,37.0,1.0,23.0,1.0,0,37.0,0.0,20.0,1,1,1
6396,92.0,1.0,19.0,5.0,0,449.0,7.0,36.0,0,1,1
6397,41.0,1.0,22.0,1.0,3,50.0,0.0,55.0,1,1,1
6398,48.0,1.0,21.0,3.0,2,49.0,0.0,61.0,1,0,1
6399,28.0,1.0,19.0,1.0,0,49.0,1.0,40.0,0,1,0
6400,22.0,1.0,13.0,1.0,0,6.0,10.0,60.0,0,1,0
6401,53.0,4.0,19.0,5.0,2,329.0,17.0,8.0,1,1,0
6402,39.0,4.0,22.0,1.0,0,49.0,0.0,40.0,1,1,1
6403,34.0,1.0,18.0,5.0,4,48.0,0.0,20.0,0,1,0
6404,18.0,1.0,24.0,1.0,1,49.0,0.0,40.0,0,1,1
6405,50.0,1.0,24.0,1.0,-1,49.0,0.0,50.0,0,1,1
6406,60.0,1.0,16.0,1.0,2,468.0,1.0,40.0,1,0,0
6407,17.0,2.0,18.0,5.0,1,214.0,13.0,40.0,1,1,1
6408,55.0,1.0,21.0,1.0,2,6.0,1.0,40.0,0,1,0
6409,18.0,1.0,15.0,1.0,2,49.0,1.0,3.0,0,1,0
6410,44.0,1.0,19.0,1.0,2,8.0,0.0,37.0,1,1,1
6411,38.0,7.0,22.0,1.0,0,49.0,1.0,40.0,0,1,1
6412,20.0,1.0,16.0,1.0,0,49.0,0.0,40.0,1,1,1
6413,61.0,7.0,19.0,2.0,0,49.0,6.0,20.0,1,1,1
6414,68.0,4.0,22.0,3.0,0,49.0,0.0,30.0,1,1,1
6415,54.0,7.0,13.0,1.0,2,49.0,1.0,40.0,0,1,1
6416,84.0,2.0,21.0,5.0,1,49.0,2.0,40.0,0,1,0
6417,17.0,1.0,19.0,5.0,1,329.0,2.0,40.0,1,1,0
6418,44.0,1.0,20.0,5.0,1,51.0,0.0,14.0,0,1,0
6419,37.0,1.0,20.0,1.0,0,49.0,0.0,68.0,1,1,1
6420,23.0,5.0,19.0,1.0,0,8.0,0.0,40.0,0,1,1
6421,34.0,5.0,21.0,1.0,0,49.0,0.0,68.0,1,1,1
6422,21.0,2.0,7.0,1.0,0,150.0,1.0,10.0,1,1,1
6423,43.0,1.0,16.0,1.0,4,49.0,1.0,25.0,1,1,0
6424,92.0,5.0,21.0,1.0,2,49.0,0.0,50.0,0,1,1
6425,73.0,1.0,19.0,1.0,2,49.0,1.0,36.0,0,1,0
6426,35.0,4.0,20.0,5.0,1,49.0,2.0,37.0,0,1,0
6427,40.0,1.0,16.0,3.0,1,151.0,2.0,14.0,0,1,0
6428,45.0,3.0,19.0,1.0,0,49.0,0.0,30.0,0,0,0
6429,25.0,3.0,20.0,1.0,-1,49.0,0.0,40.0,0,1,1
6430,28.0,1.0,23.0,1.0,0,49.0,0.0,37.0,0,1,1
6431,62.0,1.0,15.0,5.0,3,49.0,7.0,50.0,1,1,0
6432,17.0,1.0,21.0,1.0,4,6.0,10.0,20.0,1,1,0
6433,26.0,1.0,18.0,1.0,0,49.0,4.0,45.0,0,1,1
6434,51.0,1.0,16.0,5.0,2,20.0,17.0,40.0,0,1,0
6435,92.0,6.0,19.0,1.0,0,49.0,0.0,35.0,1,1,0
6436,20.0,4.0,21.0,5.0,0,49.0,7.0,50.0,0,1,0
6437,65.0,3.0,17.0,1.0,0,49.0,0.0,40.0,1,0,1
6438,92.0,1.0,16.0,5.0,1,323.0,2.0,37.0,0,1,0
6439,32.0,1.0,19.0,1.0,2,468.0,1.0,15.0,0,1,0
6440,28.0,1.0,19.0,5.0,1,329.0,0.0,91.0,1,1,0
6441,33.0,2.0,19.0,1.0,0,49.0,0.0,40.0,0,1,0
6442,35.0,1.0,19.0,5.0,2,49.0,2.0,35.0,0,1,0
6443,68.0,7.0,16.0,1.0,4,49.0,0.0,96.0,0,1,1
6444,68.0,1.0,21.0,5.0,4,6.0,0.0,48.0,0,1,0
6445,50.0,1.0,22.0,1.0,0,151.0,0.0,45.0,0,1,1
6446,17.0,1.0,16.0,5.0,4,203.0,2.0,20.0,0,0,0
6447,23.0,1.0,18.0,5.0,3,49.0,7.0,40.0,1,0,0
6448,52.0,1.0,21.0,1.0,3,329.0,0.0,44.0,1,1,1
6449,37.0,2.0,18.0,5.0,0,16.0,17.0,25.0,0,1,0
6450,32.0,1.0,18.0,1.0,3,49.0,0.0,42.0,0,1,0
6451,40.0,1.0,21.0,5.0,2,203.0,7.0,40.0,1,1,0
6452,34.0,1.0,21.0,4.0,0,329.0,0.0,40.0,0,1,1
6453,79.0,6.0,20.0,5.0,2,214.0,2.0,55.0,0,1,0
6454,53.0,1.0,20.0,1.0,1,49.0,0.0,61.0,1,1,1
6455,68.0,7.0,21.0,1.0,1,370.0,1.0,40.0,1,1,0
6456,20.0,1.0,21.0,5.0,2,449.0,0.0,60.0,1,1,0
6457,61.0,4.0,23.0,5.0,4,49.0,0.0,45.0,1,1,1
6458,18.0,1.0,5.0,1.0,0,49.0,0.0,25.0,1,1,1
6459,18.0,1.0,19.0,5.0,1,49.0,17.0,20.0,0,1,0
6460,60.0,1.0,20.0,5.0,2,49.0,3.0,30.0,0,1,0
6461,51.0,1.0,17.0,5.0,2,329.0,2.0,40.0,0,0,0
6462,56.0,2.0,19.0,5.0,1,8.0,0.0,40.0,0,1,0
6463,64.0,4.0,19.0,1.0,2,8.0,1.0,60.0,1,1,1
6464,22.0,1.0,6.0,1.0,0,49.0,0.0,40.0,1,1,1
6465,23.0,1.0,19.0,5.0,0,49.0,2.0,50.0,0,1,1
6466,26.0,1.0,19.0,1.0,2,51.0,1.0,24.0,0,1,0
6467,65.0,1.0,22.0,5.0,0,323.0,5.0,40.0,1,1,1
6468,31.0,4.0,19.0,5.0,2,49.0,2.0,20.0,0,0,0
6469,29.0,1.0,18.0,5.0,3,49.0,2.0,40.0,1,1,0
6470,82.0,1.0,19.0,1.0,1,6.0,0.0,8.0,0,1,0
6471,43.0,1.0,23.0,1.0,3,49.0,1.0,40.0,1,1,0
6472,19.0,1.0,21.0,5.0,1,49.0,0.0,40.0,0,1,0
6473,43.0,1.0,6.0,5.0,0,49.0,7.0,60.0,1,1,1
6474,20.0,7.0,23.0,1.0,0,49.0,1.0,40.0,1,1,1
6475,20.0,1.0,14.0,5.0,2,323.0,0.0,10.0,1,1,0
6476,43.0,2.0,17.0,1.0,1,8.0,2.0,19.0,0,1,1
6477,38.0,6.0,19.0,1.0,0,214.0,1.0,46.0,1,1,1
6478,32.0,1.0,23.0,3.0,0,49.0,0.0,26.0,1,1,1
6479,42.0,1.0,16.0,1.0,0,49.0,1.0,36.0,0,1,0
6480,39.0,1.0,21.0,1.0,1,49.0,0.0,30.0,1,1,1
6481,30.0,7.0,20.0,3.0,0,16.0,0.0,55.0,0,1,1
6482,92.0,2.0,19.0,1.0,0,49.0,1.0,36.0,1,1,1
6483,23.0,1.0,21.0,1.0,5,8.0,0.0,40.0,0,1,0
6484,38.0,1.0,16.0,5.0,2,508.0,12.0,48.0,0,1,0
6485,23.0,1.0,18.0,1.0,0,49.0,0.0,40.0,1,1,1
6486,77.0,3.0,21.0,5.0,0,49.0,2.0,40.0,1,1,0
6487,39.0,4.0,22.0,5.0,3,442.0,2.0,40.0,1,0,1
6488,20.0,7.0,18.0,1.0,0,214.0,0.0,37.0,1,1,1
6489,47.0,1.0,19.0,1.0,4,51.0,0.0,20.0,1,1,1
6490,44.0,5.0,5.0,1.0,0,23.0,0.0,40.0,0,1,1
6491,22.0,1.0,16.0,5.0,0,49.0,2.0,40.0,1,1,0
6492,62.0,1.0,22.0,5.0,3,49.0,7.0,30.0,1,1,1
6493,60.0,1.0,22.0,1.0,0,49.0,0.0,30.0,0,1,1
6494,33.0,7.0,21.0,1.0,1,49.0,1.0,48.0,0,1,0
6495,26.0,1.0,19.0,1.0,2,8.0,0.0,29.0,1,1,1
6496,48.0,1.0,20.0,5.0,2,42.0,12.0,20.0,1,1,0
6497,17.0,1.0,20.0,1.0,2,49.0,1.0,50.0,1,1,1
6498,23.0,1.0,21.0,5.0,1,49.0,2.0,40.0,0,1,0
6499,82.0,2.0,17.0,5.0,2,150.0,2.0,3.0,0,1,0
6500,41.0,1.0,18.0,1.0,1,49.0,0.0,31.0,0,1,0
6501,62.0,1.0,18.0,1.0,0,8.0,5.0,40.0,1,1,0
6502,30.0,1.0,21.0,1.0,2,303.0,0.0,25.0,0,1,0
6503,33.0,1.0,19.0,1.0,0,150.0,1.0,14.0,1,1,1
6504,17.0,2.0,15.0,5.0,0,49.0,2.0,3.0,0,1,0
6505,54.0,1.0,21.0,5.0,2,48.0,0.0,40.0,1,1,0
6506,61.0,3.0,19.0,1.0,2,49.0,0.0,40.0,1,1,0
6507,42.0,1.0,21.0,1.0,0,449.0,1.0,40.0,0,1,0
6508,18.0,1.0,21.0,1.0,0,49.0,0.0,40.0,0,1,1
6509,31.0,1.0,21.0,1.0,1,303.0,0.0,35.0,1,1,1
6510,30.0,4.0,22.0,3.0,2,42.0,0.0,68.0,0,1,1
6511,33.0,2.0,18.0,1.0,4,30.0,1.0,40.0,0,1,0
6512,44.0,1.0,18.0,3.0,0,49.0,0.0,55.0,1,1,1
6513,40.0,2.0,21.0,4.0,2,341.0,0.0,30.0,0,0,1
6514,58.0,7.0,19.0,1.0,0,49.0,1.0,38.0,1,1,0
6515,46.0,5.0,21.0,5.0,4,150.0,0.0,45.0,1,1,1
6516,18.0,5.0,21.0,1.0,0,49.0,0.0,50.0,1,1,1
6517,31.0,1.0,18.0,1.0,2,49.0,17.0,53.0,0,1,0
6518,54.0,1.0,19.0,1.0,0,8.0,0.0,40.0,0,1,0
6519,20.0,2.0,16.0,1.0,-1,449.0,5.0,30.0,0,1,1
6520,17.0,1.0,21.0,1.0,1,49.0,0.0,40.0,0,1,0
6521,30.0,1.0,19.0,1.0,-1,16.0,1.0,30.0,0,1,1
6522,55.0,1.0,14.0,2.0,1,323.0,16.0,45.0,0,1,0
6523,37.0,1.0,21.0,2.0,2,16.0,1.0,40.0,0,1,1
6524,65.0,1.0,19.0,1.0,1,468.0,1.0,40.0,1,1,1
6525,30.0,1.0,20.0,1.0,4,49.0,0.0,40.0,1,1,1
6526,22.0,2.0,5.0,1.0,0,49.0,1.0,50.0,1,1,1
6527,56.0,6.0,19.0,2.0,0,150.0,2.0,40.0,1,1,1
6528,19.0,1.0,21.0,5.0,0,6.0,8.0,18.0,0,1,0
6529,30.0,7.0,19.0,1.0,1,49.0,0.0,60.0,0,1,1
6530,20.0,1.0,21.0,1.0,0,49.0,1.0,20.0,1,1,1
6531,32.0,3.0,18.0,1.0,0,6.0,0.0,3.0,0,1,1
6532,17.0,2.0,20.0,1.0,1,49.0,0.0,14.0,0,1,1
6533,79.0,1.0,21.0,1.0,2,49.0,0.0,48.0,0,1,1
6534,37.0,1.0,19.0,5.0,3,16.0,12.0,50.0,1,1,0
6535,17.0,1.0,19.0,5.0,0,49.0,7.0,40.0,0,1,0
6536,20.0,4.0,21.0,1.0,0,49.0,1.0,40.0,0,1,1
6537,48.0,1.0,16.0,2.0,0,49.0,1.0,53.0,1,1,1
6538,44.0,2.0,20.0,3.0,2,370.0,2.0,40.0,0,1,0
6539,52.0,1.0,16.0,1.0,2,49.0,0.0,40.0,1,1,0
6540,42.0,1.0,16.0,1.0,1,49.0,0.0,8.0,0,0,0
6541,54.0,1.0,21.0,1.0,0,48.0,1.0,36.0,1,1,1
6542,52.0,2.0,21.0,1.0,2,51.0,1.0,10.0,0,1,0
6543,42.0,2.0,21.0,5.0,4,49.0,8.0,60.0,0,1,0
6544,63.0,1.0,19.0,1.0,0,49.0,0.0,40.0,1,1,1
6545,45.0,7.0,18.0,2.0,4,508.0,9.0,14.0,1,1,1
6546,51.0,1.0,24.0,1.0,2,6.0,1.0,40.0,0,1,1
6547,48.0,1.0,18.0,1.0,4,51.0,0.0,40.0,1,0,0
6548,26.0,1.0,16.0,5.0,3,49.0,2.0,20.0,1,0,0
6549,30.0,1.0,20.0,1.0,3,49.0,0.0,40.0,1,0,1
6550,87.0,1.0,19.0,2.0,4,49.0,16.0,40.0,1,1,0
6551,68.0,1.0,18.0,1.0,0,370.0,1.0,45.0,0,1,1
6552,57.0,4.0,8.0,5.0,1,6.0,2.0,40.0,0,1,0
6553,92.0,1.0,16.0,1.0,2,49.0,1.0,40.0,0,1,0
6554,87.0,7.0,18.0,5.0,0,49.0,12.0,45.0,0,1,0
6555,21.0,7.0,16.0,1.0,1,449.0,17.0,50.0,0,1,0
6556,50.0,1.0,19.0,1.0,0,49.0,1.0,30.0,0,1,0
6557,30.0,1.0,19.0,1.0,0,203.0,1.0,30.0,0,1,0
6558,21.0,1.0,19.0,3.0,0,6.0,0.0,38.0,1,1,1
6559,59.0,5.0,19.0,1.0,0,49.0,0.0,60.0,1,0,1
6560,49.0,3.0,18.0,5.0,0,323.0,2.0,40.0,0,0,0
6561,35.0,1.0,22.0,1.0,0,49.0,4.0,37.0,0,1,1
6562,20.0,5.0,20.0,3.0,0,323.0,0.0,60.0,1,1,1
6563,62.0,1.0,23.0,5.0,4,303.0,2.0,40.0,1,0,0
6564,56.0,1.0,18.0,1.0,0,23.0,0.0,40.0,0,1,0
6565,25.0,1.0,21.0,1.0,0,49.0,1.0,53.0,1,1,1
6566,68.0,3.0,20.0,5.0,2,49.0,2.0,40.0,0,1,0
6567,28.0,1.0,16.0,1.0,2,37.0,9.0,32.0,0,1,0
6568,75.0,1.0,22.0,1.0,4,468.0,0.0,84.0,1,1,1
6569,43.0,2.0,19.0,1.0,0,341.0,5.0,20.0,1,1,1
6570,57.0,1.0,7.0,1.0,4,49.0,0.0,19.0,1,0,1
6571,64.0,1.0,19.0,5.0,2,150.0,0.0,4.0,0,1,0
6572,73.0,1.0,19.0,1.0,0,150.0,4.0,40.0,1,0,1
6573,38.0,1.0,18.0,5.0,2,50.0,2.0,55.0,0,1,0
6574,38.0,1.0,21.0,1.0,0,49.0,0.0,40.0,0,1,0
6575,39.0,1.0,19.0,1.0,0,323.0,10.0,40.0,1,1,0
6576,42.0,3.0,19.0,5.0,4,203.0,2.0,40.0,1,1,0
6577,68.0,1.0,17.0,1.0,3,6.0,0.0,60.0,1,1,1
6578,29.0,2.0,22.0,1.0,0,150.0,1.0,30.0,1,1,1
6579,18.0,1.0,20.0,1.0,1,49.0,0.0,40.0,0,1,1
6580,21.0,1.0,23.0,1.0,0,49.0,0.0,50.0,1,0,1
6581,18.0,6.0,16.0,5.0,1,49.0,17.0,39.0,0,1,0
6582,36.0,1.0,20.0,5.0,1,49.0,12.0,10.0,0,1,0
6583,46.0,1.0,15.0,5.0,1,16.0,12.0,40.0,1,1,0
6584,43.0,2.0,17.0,1.0,2,49.0,0.0,40.0,0,1,1
6585,50.0,1.0,18.0,3.0,1,51.0,0.0,40.0,0,1,0
6586,61.0,2.0,19.0,1.0,0,49.0,1.0,50.0,1,1,1
6587,39.0,4.0,21.0,1.0,0,49.0,0.0,50.0,1,1,1
6588,44.0,1.0,19.0,1.0,2,150.0,0.0,40.0,0,1,0
6589,40.0,2.0,21.0,5.0,0,49.0,2.0,46.0,0,1,0
6590,18.0,1.0,21.0,1.0,0,203.0,0.0,10.0,0,0,1
6591,92.0,4.0,16.0,1.0,3,451.0,5.0,55.0,1,1,1
6592,32.0,1.0,17.0,1.0,4,51.0,1.0,40.0,1,1,1
6593,53.0,1.0,20.0,5.0,3,468.0,2.0,32.0,1,1,0
6594,39.0,3.0,13.0,3.0,4,16.0,0.0,40.0,0,1,0
6595,26.0,7.0,16.0,3.0,0,49.0,0.0,30.0,1,1,1
6596,42.0,1.0,19.0,1.0,4,49.0,0.0,45.0,1,1,0
6597,60.0,1.0,18.0,1.0,1,49.0,1.0,40.0,0,1,0
6598,30.0,2.0,22.0,1.0,0,150.0,0.0,40.0,0,1,1
6599,46.0,1.0,16.0,5.0,1,42.0,0.0,4.0,1,1,1
6600,51.0,1.0,16.0,1.0,0,468.0,1.0,10.0,0,1,1
6601,67.0,1.0,19.0,1.0,0,49.0,0.0,91.0,1,1,1
6602,43.0,1.0,19.0,5.0,1,329.0,0.0,60.0,1,1,0
6603,18.0,5.0,15.0,1.0,2,50.0,1.0,40.0,0,1,0
6604,41.0,1.0,14.0,5.0,0,49.0,2.0,40.0,0,1,0
6605,61.0,1.0,16.0,1.0,2,512.0,1.0,26.0,1,1,1
6606,58.0,1.0,16.0,1.0,2,150.0,0.0,55.0,0,1,1
6607,69.0,1.0,21.0,3.0,0,6.0,0.0,20.0,1,1,1
6608,26.0,1.0,21.0,1.0,3,49.0,1.0,24.0,1,1,0
6609,51.0,7.0,22.0,4.0,0,49.0,13.0,32.0,1,0,1
6610,42.0,1.0,21.0,1.0,0,150.0,0.0,14.0,1,1,1
6611,61.0,1.0,22.0,1.0,0,49.0,1.0,62.0,1,1,1
6612,40.0,1.0,18.0,1.0,0,150.0,1.0,15.0,1,1,1
6613,62.0,3.0,20.0,3.0,0,468.0,0.0,60.0,1,1,1
6614,18.0,1.0,19.0,5.0,0,30.0,12.0,20.0,0,1,0
6615,35.0,1.0,16.0,5.0,3,303.0,12.0,40.0,1,1,0
6616,17.0,4.0,22.0,5.0,0,468.0,2.0,14.0,0,1,1
6617,24.0,1.0,19.0,1.0,2,55.0,1.0,8.0,0,1,0
6618,38.0,1.0,21.0,1.0,0,49.0,0.0,40.0,1,1,1
6619,84.0,2.0,20.0,1.0,0,214.0,9.0,50.0,1,1,1
6620,26.0,1.0,21.0,1.0,0,370.0,0.0,20.0,1,1,1
6621,52.0,6.0,16.0,5.0,2,6.0,2.0,24.0,0,1,0
6622,87.0,7.0,20.0,1.0,0,49.0,1.0,40.0,0,1,1
6623,46.0,1.0,21.0,5.0,2,451.0,0.0,45.0,0,0,0
6624,40.0,1.0,15.0,1.0,2,49.0,1.0,40.0,1,1,0
6625,33.0,1.0,16.0,1.0,1,49.0,1.0,40.0,1,1,1
6626,17.0,1.0,22.0,1.0,0,42.0,0.0,40.0,1,1,1
6627,46.0,1.0,19.0,1.0,3,49.0,0.0,60.0,1,1,1
6628,51.0,1.0,21.0,1.0,2,49.0,1.0,40.0,0,1,0
6629,40.0,1.0,21.0,1.0,1,49.0,1.0,40.0,1,1,1
6630,21.0,3.0,16.0,5.0,0,16.0,7.0,3.0,1,1,1
6631,21.0,2.0,16.0,5.0,1,48.0,7.0,20.0,0,1,0
6632,79.0,1.0,19.0,5.0,4,49.0,2.0,84.0,0,1,0
6633,22.0,1.0,22.0,1.0,4,49.0,0.0,30.0,1,1,1
6634,31.0,3.0,21.0,1.0,2,49.0,1.0,40.0,0,1,0
6635,28.0,1.0,16.0,1.0,0,203.0,0.0,40.0,0,1,1
6636,65.0,1.0,19.0,1.0,0,49.0,1.0,20.0,0,1,1
6637,55.0,1.0,21.0,1.0,3,16.0,0.0,40.0,1,1,1
6638,31.0,1.0,20.0,1.0,3,49.0,1.0,45.0,1,1,1
6639,37.0,1.0,19.0,1.0,3,49.0,0.0,96.0,1,1,1
6640,68.0,1.0,15.0,5.0,2,6.0,12.0,3.0,0,0,0
6641,60.0,7.0,17.0,1.0,0,468.0,1.0,45.0,1,1,1
6642,33.0,1.0,18.0,1.0,0,49.0,1.0,45.0,1,1,0
6643,68.0,1.0,15.0,1.0,1,48.0,1.0,50.0,1,1,1
6644,20.0,1.0,21.0,5.0,0,49.0,16.0,40.0,0,0,0
6645,51.0,1.0,18.0,1.0,2,8.0,5.0,18.0,0,1,0
6646,75.0,1.0,22.0,5.0,1,20.0,2.0,40.0,0,1,0
6647,28.0,1.0,24.0,1.0,0,49.0,1.0,40.0,1,1,1
6648,40.0,1.0,22.0,5.0,4,51.0,2.0,40.0,1,0,0
6649,49.0,1.0,21.0,1.0,0,49.0,1.0,12.0,1,1,1
6650,35.0,7.0,22.0,1.0,0,16.0,1.0,30.0,1,1,1
6651,32.0,7.0,19.0,1.0,0,6.0,0.0,40.0,0,1,1
6652,61.0,1.0,19.0,1.0,0,150.0,1.0,24.0,0,1,1
6653,50.0,1.0,19.0,1.0,2,49.0,1.0,32.0,0,1,1
6654,82.0,1.0,19.0,1.0,0,49.0,1.0,30.0,1,0,1
6655,45.0,7.0,22.0,1.0,0,49.0,1.0,48.0,0,0,1
6656,41.0,1.0,15.0,5.0,0,49.0,2.0,50.0,0,1,0
6657,61.0,1.0,16.0,1.0,0,449.0,1.0,15.0,1,1,1
6658,23.0,1.0,19.0,2.0,1,329.0,16.0,40.0,1,1,0
6659,37.0,5.0,22.0,1.0,1,49.0,0.0,15.0,0,0,1
6660,61.0,1.0,21.0,5.0,1,49.0,2.0,15.0,0,1,0
6661,36.0,3.0,19.0,1.0,2,51.0,1.0,40.0,0,1,0
6662,51.0,2.0,19.0,1.0,3,6.0,10.0,40.0,1,1,0
6663,30.0,1.0,16.0,5.0,1,49.0,2.0,40.0,0,1,0
6664,46.0,5.0,19.0,1.0,2,49.0,0.0,40.0,0,1,1
6665,19.0,1.0,20.0,1.0,0,23.0,0.0,35.0,1,0,1
6666,45.0,2.0,23.0,1.0,2,49.0,1.0,3.0,1,1,1
6667,54.0,1.0,23.0,1.0,1,49.0,1.0,40.0,1,1,1
6668,82.0,4.0,21.0,1.0,0,49.0,0.0,40.0,1,1,1
6669,51.0,1.0,16.0,1.0,4,49.0,1.0,40.0,1,1,0
6670,23.0,1.0,18.0,1.0,3,451.0,0.0,40.0,1,1,0
6671,65.0,1.0,17.0,1.0,0,341.0,1.0,40.0,1,1,1
6672,62.0,1.0,20.0,5.0,0,150.0,7.0,60.0,1,1,1
6673,32.0,8.0,15.0,5.0,2,468.0,0.0,50.0,0,1,0
6674,26.0,6.0,19.0,1.0,2,49.0,0.0,42.0,1,1,0
6675,18.0,1.0,20.0,1.0,4,16.0,0.0,50.0,1,1,1
6676,48.0,1.0,16.0,1.0,2,329.0,1.0,20.0,0,1,0
6677,20.0,1.0,19.0,2.0,3,37.0,16.0,40.0,1,1,0
6678,79.0,3.0,16.0,1.0,2,323.0,0.0,40.0,0,1,1
6679,56.0,7.0,16.0,5.0,0,303.0,13.0,45.0,0,1,1
6680,30.0,2.0,21.0,1.0,0,467.0,1.0,75.0,0,1,1
6681,65.0,2.0,22.0,3.0,0,49.0,0.0,40.0,1,1,1
6682,40.0,2.0,21.0,5.0,0,49.0,17.0,32.0,0,1,0
6683,52.0,1.0,23.0,1.0,2,449.0,5.0,40.0,0,1,0
6684,56.0,1.0,22.0,1.0,1,49.0,0.0,20.0,0,1,1
6685,31.0,7.0,18.0,1.0,0,49.0,1.0,4.0,1,1,1
6686,33.0,1.0,16.0,1.0,0,49.0,1.0,20.0,0,1,0
6687,35.0,1.0,16.0,1.0,4,468.0,1.0,61.0,0,1,0
6688,18.0,7.0,21.0,1.0,1,49.0,1.0,10.0,1,1,0
6689,79.0,1.0,22.0,1.0,4,508.0,0.0,40.0,1,1,1
6690,92.0,1.0,19.0,5.0,2,214.0,2.0,40.0,0,1,0
6691,47.0,2.0,18.0,5.0,0,151.0,0.0,40.0,0,1,0
6692,27.0,6.0,21.0,1.0,2,449.0,0.0,20.0,1,1,1
6693,21.0,1.0,20.0,1.0,0,49.0,1.0,20.0,1,1,1
6694,87.0,7.0,16.0,5.0,3,49.0,13.0,19.0,1,1,1
6695,73.0,1.0,5.0,1.0,0,527.0,0.0,84.0,0,1,1
6696,32.0,1.0,18.0,1.0,5,49.0,1.0,20.0,0,1,0
6697,62.0,1.0,21.0,1.0,2,468.0,1.0,30.0,0,1,0
6698,39.0,1.0,18.0,5.0,0,42.0,2.0,24.0,0,0,0
6699,36.0,1.0,10.0,3.0,0,50.0,2.0,40.0,0,1,0
6700,37.0,1.0,21.0,1.0,0,6.0,0.0,18.0,1,1,1
6701,92.0,5.0,23.0,1.0,0,51.0,0.0,35.0,1,1,1
6702,28.0,1.0,16.0,5.0,1,49.0,0.0,19.0,0,0,0
6703,56.0,2.0,21.0,1.0,3,49.0,0.0,19.0,1,1,1
6704,21.0,2.0,21.0,5.0,2,49.0,0.0,45.0,1,1,1
6705,54.0,3.0,23.0,1.0,0,50.0,1.0,60.0,1,1,1
6706,65.0,1.0,14.0,1.0,0,42.0,0.0,75.0,0,1,0
6707,58.0,1.0,19.0,1.0,2,508.0,1.0,84.0,0,1,0
6708,62.0,1.0,20.0,1.0,4,49.0,1.0,14.0,1,1,0
6709,19.0,1.0,16.0,3.0,0,49.0,2.0,40.0,0,1,0
6710,53.0,2.0,21.0,5.0,4,49.0,12.0,40.0,1,1,1
6711,57.0,2.0,20.0,5.0,4,49.0,12.0,40.0,1,1,0
6712,58.0,7.0,19.0,1.0,2,49.0,1.0,40.0,1,1,1
6713,20.0,2.0,16.0,1.0,0,49.0,1.0,40.0,1,1,1
6714,30.0,1.0,22.0,1.0,0,8.0,1.0,20.0,1,1,1
6715,55.0,1.0,19.0,5.0,3,51.0,12.0,40.0,1,1,0
6716,20.0,1.0,16.0,3.0,2,49.0,0.0,25.0,0,1,0
6717,23.0,3.0,18.0,1.0,0,468.0,1.0,40.0,0,1,1
6718,35.0,4.0,23.0,1.0,4,512.0,0.0,40.0,1,1,1
6719,57.0,1.0,8.0,5.0,1,468.0,2.0,14.0,0,1,0
6720,47.0,1.0,16.0,1.0,1,32.0,1.0,40.0,0,1,0
6721,24.0,1.0,19.0,5.0,2,49.0,2.0,40.0,0,0,0
6722,25.0,1.0,21.0,3.0,0,49.0,0.0,38.0,0,1,0
6723,18.0,1.0,20.0,1.0,0,214.0,0.0,40.0,0,1,1
6724,67.0,1.0,16.0,1.0,1,49.0,5.0,40.0,1,1,1
6725,55.0,1.0,16.0,5.0,2,49.0,5.0,30.0,1,1,1
6726,61.0,1.0,19.0,1.0,4,50.0,0.0,50.0,1,1,0
6727,37.0,1.0,21.0,5.0,0,30.0,12.0,38.0,0,1,0
6728,64.0,4.0,22.0,1.0,1,49.0,1.0,20.0,1,1,1
6729,44.0,4.0,15.0,1.0,3,42.0,0.0,40.0,1,1,0
6730,55.0,2.0,16.0,1.0,0,20.0,0.0,91.0,0,1,1
6731,23.0,6.0,20.0,3.0,0,49.0,0.0,10.0,0,1,1
6732,24.0,1.0,22.0,3.0,0,6.0,2.0,20.0,1,1,1
6733,23.0,2.0,14.0,5.0,0,49.0,16.0,50.0,0,1,0
6734,22.0,6.0,15.0,1.0,0,6.0,1.0,40.0,1,1,1
6735,25.0,5.0,15.0,1.0,3,214.0,1.0,40.0,1,0,0
6736,51.0,2.0,15.0,5.0,2,49.0,2.0,40.0,1,0,0
6737,82.0,1.0,14.0,3.0,4,49.0,10.0,15.0,1,1,0
6738,73.0,1.0,22.0,1.0,2,49.0,1.0,40.0,1,1,1
6739,30.0,1.0,16.0,1.0,0,49.0,0.0,50.0,1,0,1
6740,22.0,5.0,21.0,1.0,2,451.0,0.0,40.0,0,0,1
6741,43.0,7.0,16.0,1.0,1,203.0,1.0,40.0,1,1,1
6742,61.0,1.0,22.0,1.0,-1,50.0,1.0,50.0,0,1,1
6743,38.0,5.0,16.0,1.0,0,51.0,5.0,40.0,0,1,0
6744,36.0,3.0,20.0,1.0,0,51.0,0.0,62.0,0,1,1
6745,42.0,1.0,16.0,1.0,1,49.0,0.0,25.0,0,1,0
6746,37.0,1.0,14.0,1.0,2,49.0,0.0,40.0,1,1,0
6747,25.0,1.0,22.0,5.0,0,49.0,0.0,40.0,0,0,0
6748,53.0,1.0,19.0,5.0,3,49.0,17.0,4.0,1,1,0
6749,19.0,1.0,16.0,5.0,2,49.0,2.0,40.0,0,1,0
6750,45.0,6.0,16.0,1.0,-1,49.0,6.0,55.0,0,1,1
6751,62.0,1.0,20.0,1.0,2,49.0,1.0,45.0,1,0,1
6752,64.0,1.0,23.0,1.0,1,51.0,0.0,75.0,1,1,1
6753,27.0,1.0,19.0,1.0,4,49.0,0.0,50.0,1,1,1
6754,39.0,1.0,16.0,1.0,1,49.0,10.0,40.0,0,1,0
6755,79.0,1.0,8.0,3.0,2,49.0,2.0,40.0,0,1,0
6756,49.0,1.0,18.0,1.0,2,49.0,0.0,20.0,0,1,1
6757,18.0,4.0,16.0,5.0,1,449.0,2.0,40.0,0,1,0
6758,65.0,1.0,22.0,3.0,2,49.0,0.0,30.0,0,1,1
6759,38.0,1.0,19.0,1.0,4,49.0,1.0,40.0,1,1,0
6760,30.0,1.0,10.0,1.0,2,49.0,1.0,40.0,0,1,0
6761,74.0,1.0,18.0,1.0,4,49.0,1.0,50.0,1,0,1
6762,44.0,3.0,16.0,1.0,3,151.0,1.0,40.0,1,1,0
6763,46.0,1.0,21.0,1.0,2,49.0,1.0,45.0,0,1,1
6764,44.0,1.0,15.0,1.0,2,8.0,1.0,35.0,1,1,0
6765,60.0,5.0,22.0,1.0,1,49.0,1.0,40.0,1,0,1
6766,64.0,1.0,21.0,1.0,3,329.0,1.0,30.0,1,1,1
6767,46.0,1.0,20.0,1.0,1,49.0,1.0,50.0,0,1,0
6768,76.0,1.0,20.0,1.0,2,49.0,0.0,40.0,0,1,0
6769,17.0,1.0,20.0,5.0,4,49.0,17.0,15.0,0,1,0
6770,62.0,1.0,23.0,1.0,2,8.0,0.0,35.0,1,1,1
6771,34.0,1.0,17.0,1.0,5,214.0,1.0,40.0,0,1,0
6772,46.0,6.0,20.0,1.0,2,8.0,0.0,30.0,1,1,1
6773,69.0,1.0,16.0,3.0,5,508.0,0.0,40.0,0,1,0
6774,35.0,1.0,19.0,1.0,0,49.0,0.0,14.0,0,1,0
6775,49.0,7.0,19.0,1.0,3,150.0,1.0,40.0,1,1,1
6776,51.0,1.0,21.0,5.0,3,512.0,12.0,55.0,1,1,0
6777,35.0,4.0,21.0,1.0,2,150.0,0.0,32.0,0,1,0
6778,61.0,1.0,20.0,1.0,2,150.0,1.0,40.0,1,0,1
6779,68.0,7.0,21.0,3.0,1,303.0,0.0,30.0,1,1,1
6780,60.0,1.0,21.0,1.0,0,150.0,4.0,40.0,0,1,1
6781,42.0,1.0,19.0,5.0,2,45.0,17.0,40.0,1,1,0
6782,25.0,3.0,16.0,1.0,0,16.0,1.0,12.0,1,1,0
6783,48.0,1.0,16.0,5.0,1,323.0,2.0,30.0,1,1,0
6784,52.0,2.0,22.0,1.0,0,49.0,1.0,30.0,1,0,1
6785,44.0,5.0,16.0,1.0,0,508.0,1.0,61.0,1,1,1
6786,20.0,1.0,15.0,5.0,4,6.0,7.0,40.0,1,1,1
6787,55.0,1.0,19.0,1.0,0,42.0,1.0,40.0,0,1,0
6788,18.0,1.0,22.0,5.0,1,49.0,7.0,40.0,0,1,0
6789,68.0,1.0,21.0,5.0,0,214.0,13.0,40.0,0,0,1
6790,19.0,1.0,14.0,2.0,0,50.0,16.0,4.0,0,1,0
6791,20.0,1.0,8.0,3.0,0,16.0,0.0,20.0,0,1,0
6792,54.0,1.0,19.0,1.0,5,49.0,1.0,14.0,0,1,0
6793,69.0,5.0,20.0,5.0,4,508.0,12.0,40.0,1,1,1
6794,68.0,1.0,21.0,1.0,0,49.0,0.0,40.0,1,1,1
6795,73.0,1.0,18.0,5.0,1,51.0,2.0,40.0,0,1,0
6796,18.0,1.0,18.0,1.0,0,49.0,1.0,40.0,1,0,1
6797,56.0,1.0,23.0,1.0,2,16.0,0.0,40.0,1,1,1
6798,36.0,1.0,14.0,4.0,2,49.0,17.0,20.0,0,0,0
6799,22.0,1.0,16.0,5.0,0,6.0,0.0,45.0,0,1,0
6800,69.0,6.0,16.0,5.0,2,49.0,2.0,8.0,0,1,0
6801,40.0,1.0,23.0,1.0,0,49.0,0.0,20.0,1,1,1
6802,74.0,1.0,7.0,1.0,0,150.0,0.0,40.0,0,1,1
6803,28.0,6.0,21.0,5.0,2,49.0,0.0,48.0,0,1,0
6804,62.0,2.0,15.0,1.0,3,16.0,1.0,20.0,1,1,0
6805,32.0,4.0,18.0,1.0,0,49.0,0.0,53.0,1,1,1
6806,24.0,1.0,10.0,1.0,0,449.0,9.0,40.0,0,1,0
6807,48.0,1.0,19.0,1.0,1,49.0,0.0,19.0,0,1,0
6808,31.0,1.0,21.0,1.0,0,49.0,1.0,30.0,1,1,1
6809,44.0,1.0,5.0,1.0,4,329.0,1.0,48.0,1,1,1
6810,38.0,7.0,16.0,1.0,2,49.0,0.0,29.0,0,1,0
6811,52.0,1.0,21.0,1.0,3,49.0,0.0,8.0,1,1,1
6812,33.0,5.0,17.0,1.0,5,45.0,0.0,20.0,0,1,0
6813,18.0,1.0,21.0,5.0,2,303.0,2.0,8.0,0,1,0
6814,53.0,4.0,21.0,1.0,1,23.0,0.0,50.0,1,1,1
6815,36.0,1.0,17.0,1.0,0,49.0,1.0,20.0,0,1,0
6816,33.0,3.0,16.0,5.0,0,51.0,12.0,50.0,0,1,0
6817,23.0,1.0,16.0,5.0,3,329.0,7.0,60.0,1,1,0
6818,25.0,2.0,23.0,4.0,0,451.0,13.0,40.0,0,0,1
6819,28.0,1.0,20.0,1.0,0,303.0,0.0,14.0,0,1,0
6820,57.0,1.0,21.0,1.0,0,150.0,0.0,40.0,1,1,1
6821,23.0,1.0,18.0,5.0,4,49.0,17.0,35.0,1,1,0
6822,17.0,3.0,21.0,1.0,0,468.0,1.0,30.0,1,1,1
6823,38.0,1.0,3.0,1.0,0,49.0,0.0,38.0,0,1,0
6824,50.0,4.0,19.0,1.0,3,49.0,1.0,50.0,1,1,1
6825,56.0,1.0,21.0,1.0,0,203.0,0.0,10.0,1,1,1
6826,82.0,1.0,19.0,1.0,0,48.0,1.0,40.0,1,1,0
6827,30.0,2.0,14.0,1.0,1,6.0,1.0,15.0,0,1,0
6828,29.0,1.0,22.0,1.0,-1,48.0,1.0,40.0,0,1,1
6829,64.0,5.0,21.0,1.0,4,449.0,5.0,42.0,0,0,1
6830,49.0,2.0,19.0,3.0,3,451.0,0.0,40.0,1,1,1
6831,64.0,4.0,18.0,1.0,1,323.0,1.0,45.0,0,1,0
6832,20.0,4.0,19.0,1.0,3,49.0,0.0,75.0,1,1,1
6833,18.0,7.0,21.0,1.0,3,150.0,0.0,29.0,1,1,0
6834,64.0,1.0,18.0,1.0,0,49.0,1.0,36.0,0,1,0
6835,79.0,1.0,19.0,5.0,0,329.0,12.0,40.0,0,1,0
6836,52.0,1.0,14.0,1.0,1,49.0,0.0,35.0,0,1,0
6837,79.0,1.0,19.0,1.0,0,51.0,0.0,30.0,0,1,0
6838,77.0,1.0,20.0,1.0,2,49.0,1.0,8.0,1,1,1
6839,33.0,1.0,19.0,1.0,0,449.0,1.0,75.0,0,1,0
6840,18.0,1.0,16.0,1.0,2,527.0,0.0,40.0,0,1,1
6841,18.0,1.0,20.0,1.0,0,49.0,1.0,45.0,1,1,1
6842,31.0,3.0,24.0,1.0,1,323.0,1.0,50.0,0,1,1
6843,19.0,1.0,16.0,3.0,2,49.0,0.0,40.0,0,1,0
6844,21.0,2.0,22.0,1.0,3,51.0,0.0,45.0,1,1,1
6845,62.0,7.0,5.0,1.0,0,49.0,0.0,40.0,0,1,1
6846,44.0,1.0,19.0,5.0,2,16.0,17.0,39.0,0,1,0
6847,39.0,1.0,5.0,1.0,0,49.0,0.0,40.0,0,0,1
6848,34.0,5.0,23.0,5.0,0,49.0,0.0,44.0,1,0,1
6849,44.0,1.0,19.0,5.0,2,451.0,17.0,45.0,1,1,0
6850,42.0,1.0,19.0,5.0,2,49.0,17.0,40.0,1,1,0
6851,54.0,3.0,21.0,1.0,0,49.0,1.0,20.0,1,1,1
6852,44.0,1.0,14.0,5.0,4,6.0,12.0,40.0,1,1,0
6853,52.0,1.0,20.0,5.0,0,468.0,0.0,35.0,0,1,0
6854,79.0,1.0,6.0,1.0,0,49.0,0.0,50.0,1,1,1
6855,19.0,1.0,21.0,1.0,0,49.0,0.0,36.0,0,1,1
6856,52.0,6.0,19.0,1.0,4,49.0,1.0,55.0,1,1,0
6857,26.0,1.0,18.0,5.0,0,49.0,0.0,40.0,1,1,1
6858,36.0,1.0,14.0,1.0,1,51.0,9.0,40.0,0,1,0
6859,68.0,4.0,20.0,5.0,0,49.0,2.0,50.0,0,1,0
6860,46.0,1.0,21.0,1.0,3,49.0,0.0,15.0,1,1,1
6861,57.0,5.0,20.0,1.0,3,203.0,6.0,20.0,1,1,1
6862,36.0,7.0,18.0,1.0,2,214.0,1.0,50.0,1,1,1
6863,64.0,1.0,16.0,5.0,1,150.0,2.0,50.0,0,1,0
6864,26.0,7.0,19.0,1.0,0,203.0,0.0,60.0,1,1,1
6865,55.0,1.0,19.0,1.0,1,49.0,1.0,38.0,1,0,0
6866,40.0,1.0,20.0,1.0,0,467.0,0.0,40.0,1,1,1
6867,28.0,7.0,24.0,1.0,0,303.0,0.0,20.0,1,1,1
6868,44.0,3.0,6.0,1.0,2,442.0,0.0,40.0,1,1,1
6869,21.0,7.0,21.0,1.0,1,48.0,1.0,91.0,0,0,1
6870,40.0,1.0,21.0,2.0,2,451.0,1.0,40.0,0,1,1
6871,37.0,1.0,14.0,1.0,2,49.0,0.0,40.0,1,1,0
6872,42.0,7.0,22.0,5.0,3,49.0,0.0,62.0,1,1,1
6873,23.0,1.0,17.0,1.0,2,49.0,1.0,37.0,0,1,1
6874,30.0,1.0,16.0,1.0,0,49.0,2.0,15.0,0,1,0
6875,31.0,2.0,19.0,1.0,4,49.0,1.0,35.0,1,1,1
6876,54.0,1.0,18.0,5.0,1,49.0,0.0,45.0,1,1,0
6877,41.0,6.0,20.0,5.0,0,49.0,16.0,38.0,1,1,0
6878,26.0,1.0,18.0,1.0,0,49.0,0.0,40.0,0,1,1
6879,87.0,3.0,18.0,5.0,4,49.0,17.0,45.0,0,0,0
6880,25.0,1.0,18.0,5.0,3,16.0,0.0,40.0,1,1,0
6881,47.0,1.0,21.0,5.0,1,329.0,17.0,60.0,1,1,0
6882,44.0,2.0,16.0,1.0,0,6.0,1.0,32.0,1,1,0
6883,42.0,1.0,21.0,1.0,4,6.0,0.0,40.0,1,1,1
6884,57.0,2.0,24.0,1.0,0,49.0,1.0,40.0,1,1,1
6885,56.0,1.0,16.0,1.0,4,49.0,0.0,50.0,0,1,0
6886,64.0,3.0,19.0,5.0,4,323.0,0.0,40.0,0,1,0
6887,31.0,1.0,14.0,1.0,2,49.0,1.0,30.0,0,1,0
6888,40.0,1.0,19.0,5.0,3,49.0,0.0,40.0,1,1,0
6889,18.0,1.0,14.0,1.0,4,468.0,0.0,55.0,1,1,0
6890,49.0,1.0,16.0,2.0,1,20.0,17.0,30.0,1,1,1
6891,52.0,5.0,22.0,1.0,3,303.0,1.0,12.0,1,0,1
6892,23.0,1.0,21.0,1.0,2,303.0,0.0,55.0,0,1,1
6893,38.0,3.0,21.0,1.0,0,6.0,1.0,20.0,0,1,1
6894,33.0,1.0,18.0,5.0,5,468.0,16.0,14.0,0,0,0
6895,31.0,1.0,16.0,1.0,2,16.0,1.0,50.0,0,1,0
6896,55.0,1.0,22.0,1.0,0,49.0,1.0,48.0,1,1,1
6897,40.0,7.0,21.0,5.0,2,49.0,2.0,96.0,1,1,1
6898,18.0,1.0,19.0,5.0,1,51.0,2.0,37.0,0,1,0
6899,20.0,1.0,16.0,1.0,2,323.0,1.0,45.0,0,1,0
6900,23.0,5.0,20.0,1.0,0,49.0,0.0,40.0,0,1,1
6901,63.0,1.0,8.0,5.0,1,49.0,2.0,40.0,0,1,0
6902,23.0,2.0,22.0,1.0,2,49.0,0.0,60.0,0,1,1
6903,33.0,1.0,19.0,1.0,1,49.0,1.0,40.0,1,0,0
6904,33.0,1.0,16.0,5.0,4,49.0,2.0,45.0,1,0,0
6905,32.0,3.0,21.0,5.0,0,214.0,0.0,20.0,0,0,0
6906,22.0,1.0,20.0,1.0,0,49.0,1.0,37.0,0,1,1
6907,24.0,1.0,21.0,1.0,2,49.0,1.0,40.0,0,1,0
6908,28.0,1.0,19.0,1.0,0,49.0,0.0,40.0,1,1,0
6909,48.0,1.0,7.0,1.0,2,370.0,0.0,40.0,1,1,1
6910,48.0,4.0,19.0,1.0,1,451.0,0.0,40.0,0,1,0
6911,61.0,1.0,17.0,5.0,3,449.0,2.0,40.0,1,1,0
6912,57.0,1.0,21.0,5.0,1,214.0,0.0,40.0,0,1,0
6913,73.0,1.0,19.0,5.0,1,49.0,17.0,40.0,1,0,0
6914,43.0,7.0,16.0,3.0,4,508.0,0.0,40.0,1,1,1
6915,25.0,1.0,16.0,5.0,0,303.0,0.0,35.0,1,1,0
6916,32.0,1.0,16.0,1.0,0,49.0,0.0,30.0,1,1,1
6917,32.0,1.0,14.0,5.0,2,49.0,2.0,60.0,0,1,0
6918,28.0,6.0,22.0,5.0,0,49.0,12.0,10.0,1,1,1
6919,20.0,1.0,24.0,1.0,4,37.0,1.0,40.0,1,1,1
6920,26.0,1.0,16.0,5.0,1,48.0,0.0,40.0,0,1,0
6921,25.0,1.0,20.0,1.0,4,49.0,0.0,40.0,1,1,1
6922,33.0,1.0,8.0,5.0,3,323.0,16.0,35.0,1,1,0
6923,48.0,1.0,18.0,3.0,2,49.0,0.0,30.0,0,1,1
6924,49.0,1.0,19.0,5.0,2,48.0,2.0,53.0,0,0,0
6925,23.0,1.0,3.0,1.0,0,49.0,1.0,96.0,0,1,0
6926,38.0,1.0,21.0,1.0,1,341.0,0.0,35.0,0,1,0
6927,60.0,3.0,22.0,1.0,0,50.0,1.0,20.0,1,1,1
6928,22.0,1.0,21.0,1.0,2,49.0,0.0,40.0,1,1,1
6929,64.0,1.0,22.0,1.0,3,16.0,0.0,40.0,1,1,0
6930,25.0,5.0,20.0,1.0,2,45.0,0.0,15.0,1,1,0
6931,49.0,3.0,20.0,5.0,0,49.0,16.0,20.0,0,1,0
6932,52.0,4.0,21.0,1.0,2,49.0,1.0,38.0,0,1,0
6933,32.0,1.0,18.0,1.0,0,49.0,1.0,40.0,1,0,0
6934,59.0,4.0,20.0,3.0,2,49.0,0.0,40.0,1,1,1
6935,74.0,1.0,16.0,5.0,1,49.0,17.0,75.0,0,1,0
6936,43.0,1.0,18.0,5.0,2,49.0,2.0,30.0,0,1,0
6937,26.0,1.0,18.0,5.0,2,49.0,16.0,40.0,0,1,0
6938,51.0,1.0,21.0,1.0,2,16.0,0.0,40.0,0,1,1
6939,79.0,7.0,16.0,5.0,3,49.0,2.0,40.0,1,1,0
6940,78.0,2.0,19.0,1.0,0,49.0,0.0,25.0,0,1,0
6941,34.0,1.0,19.0,3.0,0,49.0,0.0,15.0,1,1,1
6942,32.0,5.0,15.0,5.0,1,323.0,15.0,45.0,1,1,0
6943,49.0,1.0,19.0,5.0,2,49.0,17.0,40.0,0,0,0
6944,23.0,1.0,5.0,5.0,3,20.0,2.0,40.0,1,1,1
6945,17.0,1.0,16.0,5.0,3,6.0,12.0,40.0,1,1,0
6946,30.0,5.0,20.0,3.0,2,329.0,2.0,40.0,0,1,0
6947,56.0,5.0,23.0,1.0,2,49.0,0.0,19.0,1,1,1
6948,26.0,1.0,23.0,4.0,0,49.0,0.0,50.0,1,1,1
6949,40.0,1.0,21.0,1.0,0,49.0,4.0,20.0,1,1,1
6950,26.0,1.0,18.0,5.0,2,49.0,0.0,50.0,0,1,0
6951,40.0,1.0,21.0,1.0,0,329.0,5.0,40.0,1,1,1
6952,22.0,3.0,19.0,1.0,2,6.0,1.0,40.0,0,1,0
6953,39.0,1.0,21.0,1.0,2,49.0,1.0,35.0,1,1,1
6954,68.0,1.0,21.0,1.0,0,49.0,0.0,37.0,1,1,1
6955,43.0,4.0,19.0,1.0,4,49.0,1.0,40.0,1,1,0
6956,22.0,1.0,5.0,5.0,0,49.0,2.0,15.0,0,1,1
6957,84.0,3.0,19.0,1.0,2,214.0,1.0,40.0,0,1,0
6958,30.0,2.0,21.0,1.0,2,49.0,0.0,32.0,0,1,1
6959,26.0,1.0,20.0,5.0,0,49.0,12.0,37.0,1,1,1
6960,40.0,3.0,19.0,1.0,0,49.0,1.0,20.0,1,1,1
6961,75.0,2.0,21.0,1.0,1,468.0,1.0,37.0,0,1,1
6962,18.0,1.0,19.0,1.0,0,49.0,1.0,40.0,1,1,1
6963,57.0,1.0,22.0,1.0,0,37.0,0.0,50.0,1,1,1
6964,61.0,1.0,21.0,1.0,0,6.0,1.0,40.0,0,1,1
6965,79.0,2.0,20.0,1.0,4,512.0,1.0,8.0,1,0,1
6966,32.0,7.0,16.0,1.0,0,49.0,1.0,40.0,0,1,1
6967,40.0,2.0,20.0,5.0,0,6.0,7.0,40.0,0,1,0
6968,40.0,1.0,16.0,1.0,2,49.0,0.0,15.0,0,1,0
6969,82.0,1.0,19.0,1.0,0,6.0,0.0,20.0,1,1,0
6970,26.0,1.0,19.0,5.0,0,49.0,2.0,35.0,0,1,0
6971,44.0,1.0,14.0,5.0,0,6.0,0.0,20.0,0,0,0
6972,26.0,1.0,16.0,1.0,4,49.0,0.0,68.0,1,1,1
6973,29.0,3.0,19.0,3.0,1,49.0,0.0,40.0,1,1,1
6974,44.0,1.0,15.0,5.0,2,49.0,7.0,10.0,0,0,0
6975,21.0,1.0,21.0,1.0,4,6.0,1.0,35.0,0,1,0
6976,28.0,1.0,16.0,5.0,0,49.0,12.0,35.0,0,1,1
6977,26.0,1.0,10.0,2.0,4,508.0,16.0,55.0,1,1,0
6978,21.0,2.0,15.0,3.0,4,49.0,2.0,40.0,1,0,0
6979,63.0,1.0,18.0,1.0,1,49.0,0.0,40.0,0,1,0
6980,45.0,1.0,20.0,1.0,0,451.0,0.0,45.0,0,1,1
6981,64.0,1.0,24.0,1.0,0,49.0,0.0,45.0,0,1,1
6982,68.0,2.0,16.0,1.0,0,49.0,0.0,53.0,0,1,0
6983,19.0,3.0,16.0,5.0,2,51.0,2.0,40.0,0,1,0
6984,56.0,2.0,16.0,1.0,0,49.0,0.0,40.0,0,0,0
6985,68.0,1.0,17.0,1.0,3,16.0,0.0,53.0,1,0,1
6986,33.0,1.0,19.0,5.0,1,442.0,2.0,35.0,0,1,0
6987,40.0,1.0,19.0,1.0,3,214.0,0.0,60.0,1,1,1
6988,45.0,1.0,16.0,5.0,1,37.0,7.0,24.0,0,0,0
6989,69.0,1.0,22.0,1.0,0,49.0,1.0,45.0,0,0,1
6990,55.0,1.0,19.0,5.0,0,49.0,0.0,20.0,1,1,0
6991,42.0,1.0,19.0,5.0,0,49.0,13.0,60.0,0,1,1
6992,36.0,1.0,20.0,5.0,1,49.0,12.0,40.0,0,1,0
6993,46.0,1.0,22.0,1.0,2,49.0,0.0,54.0,0,1,1
6994,57.0,1.0,16.0,5.0,2,49.0,2.0,40.0,0,1,0
6995,40.0,1.0,19.0,5.0,3,49.0,2.0,55.0,1,1,0
6996,31.0,1.0,16.0,5.0,3,49.0,16.0,35.0,1,1,0
6997,20.0,1.0,19.0,5.0,1,49.0,0.0,32.0,1,1,0
6998,30.0,1.0,12.0,5.0,3,49.0,2.0,50.0,1,1,1
6999,34.0,1.0,3.0,5.0,0,370.0,2.0,40.0,1,1,0
7000,84.0,1.0,19.0,1.0,1,150.0,1.0,18.0,0,1,0
7001,62.0,1.0,14.0,5.0,3,23.0,12.0,40.0,1,1,0
7002,39.0,1.0,18.0,1.0,5,22.0,1.0,23.0,0,1,0
7003,92.0,1.0,19.0,1.0,0,6.0,0.0,25.0,0,1,1
7004,26.0,1.0,19.0,5.0,2,49.0,2.0,20.0,1,0,0
7005,65.0,1.0,18.0,1.0,0,49.0,0.0,40.0,0,1,1
7006,41.0,1.0,19.0,3.0,2,42.0,0.0,60.0,0,1,0
7007,52.0,1.0,5.0,1.0,0,49.0,0.0,35.0,1,1,1
7008,25.0,2.0,21.0,3.0,1,49.0,0.0,40.0,1,1,0
7009,18.0,1.0,14.0,3.0,4,49.0,0.0,12.0,1,1,0
7010,42.0,1.0,18.0,1.0,0,51.0,0.0,40.0,1,1,1
7011,43.0,1.0,21.0,1.0,0,468.0,0.0,55.0,0,1,1
7012,36.0,1.0,14.0,1.0,1,150.0,0.0,40.0,1,1,0
7013,23.0,1.0,23.0,1.0,1,6.0,0.0,40.0,1,1,1
7014,19.0,7.0,19.0,5.0,2,49.0,12.0,20.0,0,0,0
7015,68.0,1.0,21.0,3.0,1,49.0,2.0,45.0,1,1,0
7016,32.0,1.0,18.0,5.0,0,467.0,0.0,45.0,0,1,0
7017,18.0,1.0,21.0,3.0,0,49.0,0.0,20.0,0,1,1
7018,68.0,1.0,19.0,1.0,0,49.0,1.0,45.0,0,1,0
7019,25.0,1.0,21.0,1.0,3,449.0,0.0,14.0,1,1,1
7020,56.0,1.0,21.0,1.0,0,49.0,1.0,30.0,0,1,1
7021,55.0,1.0,22.0,5.0,0,150.0,13.0,40.0,0,1,1
7022,82.0,6.0,17.0,1.0,1,49.0,0.0,50.0,1,1,1
7023,17.0,2.0,16.0,4.0,0,49.0,17.0,30.0,1,1,1
7024,26.0,1.0,19.0,4.0,4,49.0,17.0,50.0,1,0,0
7025,23.0,2.0,21.0,1.0,3,323.0,0.0,40.0,1,1,0
7026,30.0,4.0,16.0,2.0,0,49.0,2.0,30.0,1,1,1
7027,54.0,1.0,13.0,1.0,2,49.0,0.0,40.0,1,1,0
7028,51.0,1.0,23.0,1.0,0,449.0,0.0,20.0,0,1,1
7029,17.0,1.0,23.0,5.0,3,49.0,13.0,40.0,1,1,1
7030,68.0,5.0,21.0,4.0,2,214.0,17.0,40.0,0,0,1
7031,37.0,1.0,17.0,1.0,2,49.0,1.0,18.0,0,1,1
7032,55.0,6.0,19.0,3.0,0,49.0,0.0,40.0,1,1,1
7033,65.0,1.0,21.0,5.0,0,203.0,2.0,40.0,1,0,0
7034,77.0,1.0,20.0,3.0,0,214.0,0.0,40.0,1,1,1
7035,29.0,1.0,19.0,1.0,2,49.0,5.0,20.0,0,1,0
7036,57.0,3.0,16.0,1.0,0,49.0,0.0,50.0,0,1,1
7037,32.0,7.0,16.0,5.0,2,49.0,2.0,40.0,0,1,0
7038,35.0,6.0,19.0,1.0,1,151.0,0.0,14.0,1,1,0
7039,55.0,1.0,20.0,1.0,1,214.0,1.0,30.0,1,1,1
7040,58.0,1.0,15.0,3.0,0,20.0,0.0,30.0,0,0,0
7041,30.0,1.0,21.0,1.0,4,150.0,0.0,30.0,1,1,1
7042,77.0,1.0,21.0,5.0,2,150.0,0.0,45.0,0,1,1
7043,39.0,1.0,21.0,1.0,0,341.0,5.0,39.0,0,0,1
7044,53.0,1.0,18.0,1.0,2,49.0,1.0,40.0,1,1,1
7045,40.0,1.0,21.0,1.0,1,49.0,0.0,40.0,1,1,1
7046,23.0,1.0,19.0,5.0,2,214.0,17.0,15.0,0,1,0
7047,45.0,1.0,22.0,2.0,0,49.0,6.0,40.0,0,1,1
7048,31.0,1.0,15.0,1.0,2,49.0,0.0,40.0,0,1,0
7049,65.0,1.0,19.0,1.0,1,467.0,1.0,10.0,1,1,1
7050,49.0,1.0,8.0,1.0,0,8.0,0.0,40.0,0,1,0
7051,36.0,1.0,16.0,5.0,4,49.0,17.0,10.0,0,1,0
7052,25.0,1.0,22.0,1.0,4,49.0,0.0,40.0,1,1,1
7053,51.0,1.0,17.0,1.0,2,49.0,1.0,30.0,1,1,1
7054,21.0,1.0,19.0,5.0,0,49.0,12.0,35.0,1,0,1
7055,60.0,1.0,7.0,1.0,3,49.0,1.0,40.0,1,1,1
7056,51.0,1.0,18.0,5.0,0,20.0,0.0,40.0,1,1,0
7057,37.0,1.0,23.0,5.0,0,49.0,0.0,32.0,1,1,1
7058,52.0,6.0,12.0,1.0,0,49.0,0.0,40.0,0,1,1
7059,58.0,1.0,19.0,5.0,2,341.0,2.0,20.0,0,1,0
7060,26.0,3.0,20.0,5.0,1,49.0,17.0,40.0,1,0,0
7061,21.0,1.0,19.0,1.0,0,150.0,1.0,84.0,1,1,0
7062,29.0,1.0,21.0,1.0,4,50.0,9.0,19.0,0,1,0
7063,53.0,1.0,18.0,1.0,0,49.0,0.0,53.0,0,1,0
7064,35.0,1.0,17.0,5.0,2,508.0,2.0,48.0,0,1,1
7065,53.0,1.0,21.0,1.0,4,49.0,2.0,30.0,0,1,1
7066,54.0,3.0,21.0,1.0,2,49.0,0.0,40.0,1,1,0
7067,92.0,1.0,16.0,1.0,2,49.0,1.0,40.0,1,1,1
7068,38.0,1.0,19.0,1.0,1,49.0,0.0,38.0,0,0,0
7069,61.0,1.0,16.0,5.0,5,214.0,2.0,40.0,0,1,0
7070,56.0,1.0,6.0,1.0,0,49.0,1.0,50.0,1,1,1
7071,68.0,1.0,19.0,1.0,0,49.0,1.0,40.0,1,1,1
7072,59.0,1.0,21.0,1.0,4,203.0,0.0,40.0,1,1,0
7073,49.0,1.0,22.0,1.0,0,214.0,0.0,39.0,1,1,1
7074,26.0,1.0,16.0,4.0,0,49.0,0.0,29.0,1,0,1
7075,35.0,1.0,19.0,1.0,0,49.0,1.0,40.0,1,1,1
7076,22.0,7.0,21.0,5.0,0,449.0,2.0,20.0,1,1,1
7077,62.0,1.0,7.0,1.0,2,49.0,0.0,40.0,0,1,1
7078,80.0,7.0,16.0,1.0,4,49.0,1.0,40.0,1,1,1
7079,46.0,1.0,23.0,1.0,0,42.0,0.0,40.0,1,1,1
7080,20.0,4.0,18.0,1.0,1,49.0,0.0,40.0,1,1,0
7081,23.0,4.0,16.0,1.0,1,303.0,1.0,20.0,1,1,0
7082,32.0,5.0,20.0,1.0,0,49.0,0.0,18.0,0,0,1
7083,51.0,1.0,19.0,1.0,3,214.0,0.0,50.0,1,1,0
7084,21.0,1.0,21.0,1.0,3,49.0,1.0,40.0,1,1,1
7085,21.0,1.0,20.0,1.0,2,468.0,0.0,40.0,0,1,0
7086,56.0,1.0,15.0,1.0,4,51.0,1.0,40.0,0,1,0
7087,23.0,1.0,16.0,1.0,0,49.0,0.0,35.0,0,1,0
7088,25.0,2.0,16.0,1.0,3,8.0,0.0,30.0,1,1,1
7089,49.0,4.0,19.0,1.0,0,37.0,0.0,35.0,1,1,1
7090,49.0,1.0,15.0,5.0,0,150.0,2.0,35.0,1,1,0
7091,55.0,1.0,19.0,1.0,0,49.0,0.0,20.0,1,1,1
7092,77.0,1.0,19.0,1.0,3,49.0,1.0,32.0,1,0,1
7093,23.0,1.0,8.0,5.0,3,49.0,2.0,20.0,1,1,0
7094,45.0,1.0,16.0,5.0,2,23.0,0.0,24.0,0,1,0
7095,30.0,1.0,22.0,2.0,0,49.0,1.0,68.0,1,1,1
7096,68.0,1.0,21.0,1.0,0,49.0,0.0,14.0,1,1,1
7097,34.0,3.0,19.0,1.0,1,49.0,10.0,45.0,0,0,0
7098,23.0,1.0,16.0,5.0,4,49.0,2.0,40.0,1,1,0
7099,52.0,7.0,22.0,1.0,0,6.0,1.0,40.0,0,1,1
7100,18.0,4.0,18.0,1.0,4,49.0,0.0,42.0,1,1,1
7101,55.0,1.0,20.0,1.0,2,51.0,1.0,40.0,1,1,1
7102,26.0,1.0,19.0,1.0,4,6.0,0.0,14.0,1,1,1
7103,64.0,4.0,18.0,5.0,0,451.0,2.0,25.0,1,1,1
7104,52.0,5.0,5.0,1.0,3,8.0,1.0,40.0,1,1,1
7105,40.0,6.0,21.0,1.0,2,49.0,0.0,40.0,1,1,1
7106,17.0,1.0,16.0,5.0,4,150.0,17.0,24.0,0,0,0
7107,39.0,5.0,22.0,3.0,3,49.0,0.0,25.0,1,1,1
7108,21.0,1.0,16.0,1.0,2,23.0,1.0,40.0,0,1,0
7109,62.0,7.0,22.0,3.0,1,49.0,0.0,50.0,0,1,1
7110,69.0,1.0,14.0,5.0,1,37.0,16.0,40.0,1,1,0
7111,21.0,2.0,16.0,1.0,0,6.0,1.0,40.0,1,0,1
7112,45.0,7.0,14.0,3.0,2,49.0,0.0,30.0,1,1,0
7113,21.0,6.0,20.0,1.0,2,49.0,1.0,40.0,1,1,1
7114,44.0,1.0,16.0,5.0,0,50.0,17.0,40.0,1,1,0
7115,21.0,1.0,23.0,5.0,1,49.0,17.0,40.0,0,1,0
7116,77.0,1.0,19.0,5.0,4,49.0,2.0,40.0,1,0,0
7117,44.0,1.0,16.0,5.0,2,303.0,2.0,35.0,0,1,0
7118,25.0,6.0,19.0,1.0,1,49.0,0.0,30.0,1,1,0
7119,69.0,2.0,13.0,5.0,2,49.0,17.0,14.0,0,1,0
7120,55.0,1.0,16.0,1.0,0,49.0,0.0,40.0,1,1,1
7121,48.0,1.0,16.0,1.0,0,6.0,1.0,20.0,1,1,1
7122,34.0,4.0,20.0,5.0,1,468.0,17.0,40.0,0,1,0
7123,68.0,6.0,19.0,5.0,0,6.0,17.0,20.0,0,1,0
7124,20.0,1.0,19.0,5.0,1,323.0,0.0,40.0,1,1,0
7125,79.0,2.0,19.0,1.0,0,6.0,0.0,14.0,0,0,0
7126,21.0,1.0,16.0,1.0,2,49.0,1.0,40.0,0,1,1
7127,62.0,3.0,18.0,1.0,0,20.0,0.0,20.0,0,1,0
7128,21.0,1.0,21.0,1.0,0,49.0,6.0,40.0,1,1,1
7129,23.0,1.0,14.0,3.0,4,6.0,2.0,15.0,1,1,0
7130,47.0,1.0,20.0,5.0,2,49.0,2.0,40.0,0,0,0
7131,62.0,1.0,19.0,1.0,0,508.0,1.0,40.0,1,1,1
7132,42.0,1.0,18.0,5.0,0,49.0,17.0,30.0,1,1,0
7133,62.0,1.0,19.0,1.0,0,341.0,0.0,18.0,0,1,1
7134,34.0,3.0,14.0,2.0,0,214.0,16.0,60.0,1,1,0
7135,42.0,1.0,18.0,1.0,0,451.0,1.0,50.0,1,1,1
7136,64.0,1.0,19.0,1.0,2,49.0,0.0,12.0,1,1,1
7137,22.0,2.0,16.0,1.0,2,42.0,9.0,25.0,0,1,0
7138,25.0,1.0,21.0,1.0,2,6.0,0.0,45.0,0,0,1
7139,32.0,1.0,18.0,1.0,0,214.0,0.0,60.0,1,1,0
7140,20.0,7.0,21.0,1.0,0,51.0,0.0,48.0,1,1,1
7141,25.0,7.0,17.0,5.0,1,49.0,17.0,45.0,1,0,0
7142,55.0,1.0,14.0,5.0,1,49.0,17.0,37.0,0,1,0
7143,30.0,6.0,21.0,1.0,2,49.0,1.0,60.0,1,1,1
7144,44.0,2.0,22.0,1.0,5,449.0,0.0,40.0,0,1,0
7145,31.0,1.0,20.0,5.0,0,49.0,17.0,40.0,0,1,0
7146,80.0,4.0,20.0,1.0,2,49.0,0.0,40.0,1,1,1
7147,57.0,3.0,22.0,1.0,4,49.0,0.0,18.0,1,1,1
7148,42.0,4.0,14.0,5.0,0,49.0,12.0,40.0,0,1,0
7149,57.0,1.0,17.0,1.0,0,6.0,0.0,40.0,0,1,1
7150,80.0,1.0,16.0,1.0,0,468.0,0.0,50.0,0,1,0
7151,30.0,1.0,19.0,1.0,-1,49.0,0.0,40.0,0,1,1
7152,64.0,1.0,16.0,1.0,1,150.0,0.0,40.0,0,0,0
7153,30.0,1.0,17.0,1.0,0,323.0,1.0,40.0,1,1,1
7154,60.0,6.0,23.0,1.0,0,370.0,0.0,35.0,1,1,1
7155,92.0,4.0,23.0,1.0,1,49.0,0.0,42.0,1,1,1
7156,40.0,1.0,16.0,5.0,0,203.0,12.0,29.0,0,0,0
7157,92.0,1.0,16.0,5.0,2,303.0,2.0,40.0,1,1,0
7158,23.0,1.0,21.0,5.0,4,214.0,0.0,40.0,0,1,0
7159,44.0,1.0,18.0,5.0,1,49.0,2.0,62.0,0,1,0
7160,39.0,1.0,20.0,4.0,0,49.0,13.0,40.0,1,0,1
7161,82.0,1.0,14.0,1.0,2,49.0,1.0,40.0,0,1,0
7162,30.0,1.0,21.0,1.0,0,20.0,0.0,40.0,1,1,1
7163,18.0,6.0,21.0,5.0,3,49.0,2.0,40.0,1,1,0
7164,30.0,4.0,19.0,1.0,2,214.0,0.0,35.0,0,1,1
7165,68.0,3.0,21.0,4.0,0,49.0,0.0,40.0,0,0,1
7166,67.0,4.0,16.0,3.0,1,16.0,2.0,4.0,0,1,0
7167,33.0,1.0,21.0,1.0,0,203.0,0.0,40.0,0,1,1
7168,23.0,1.0,21.0,1.0,2,49.0,0.0,10.0,1,1,1
7169,37.0,3.0,18.0,1.0,0,449.0,0.0,50.0,0,1,1
7170,62.0,8.0,19.0,5.0,3,49.0,17.0,19.0,1,1,0
7171,32.0,5.0,19.0,5.0,0,49.0,2.0,40.0,0,1,1
7172,65.0,1.0,16.0,1.0,4,329.0,0.0,40.0,1,1,1
7173,82.0,5.0,19.0,1.0,0,16.0,0.0,40.0,1,1,1
7174,31.0,1.0,21.0,5.0,4,303.0,2.0,20.0,1,1,0
7175,24.0,7.0,10.0,5.0,2,49.0,17.0,40.0,0,1,0
7176,19.0,1.0,16.0,1.0,4,151.0,1.0,45.0,1,1,1
7177,19.0,1.0,19.0,1.0,0,49.0,1.0,40.0,0,1,1
7178,80.0,1.0,19.0,5.0,3,49.0,2.0,38.0,1,1,0
7179,25.0,1.0,19.0,1.0,0,49.0,0.0,20.0,0,1,1
7180,30.0,1.0,22.0,1.0,2,49.0,0.0,30.0,1,1,1
7181,87.0,1.0,16.0,2.0,2,6.0,16.0,40.0,0,1,0
7182,22.0,1.0,21.0,1.0,0,203.0,1.0,40.0,1,1,1
7183,18.0,5.0,16.0,4.0,2,49.0,0.0,30.0,0,0,1
7184,40.0,5.0,19.0,4.0,4,49.0,13.0,60.0,1,0,1
7185,21.0,2.0,18.0,5.0,0,49.0,7.0,40.0,1,1,1
7186,42.0,1.0,21.0,1.0,0,323.0,0.0,14.0,0,1,1
7187,26.0,6.0,18.0,1.0,0,48.0,0.0,20.0,1,1,0
7188,48.0,1.0,23.0,5.0,0,49.0,7.0,40.0,1,1,1
7189,35.0,1.0,19.0,1.0,0,49.0,0.0,50.0,0,1,1
7190,53.0,1.0,6.0,2.0,2,508.0,17.0,50.0,1,1,1
7191,35.0,1.0,21.0,1.0,1,49.0,1.0,4.0,1,1,1
7192,51.0,3.0,22.0,1.0,1,6.0,1.0,36.0,0,1,0
7193,38.0,1.0,19.0,1.0,0,8.0,1.0,40.0,0,1,0
7194,39.0,1.0,19.0,1.0,1,49.0,1.0,60.0,0,1,0
7195,44.0,1.0,19.0,1.0,0,49.0,0.0,31.0,1,1,1
7196,23.0,2.0,19.0,1.0,0,49.0,1.0,40.0,0,1,1
7197,32.0,1.0,16.0,5.0,2,20.0,0.0,15.0,0,1,0
7198,38.0,7.0,21.0,1.0,3,42.0,0.0,30.0,1,0,1
7199,76.0,1.0,14.0,5.0,4,49.0,12.0,20.0,1,1,0
7200,42.0,2.0,21.0,1.0,0,49.0,1.0,45.0,1,1,1
7201,19.0,1.0,16.0,1.0,3,51.0,1.0,40.0,1,0,0
7202,34.0,1.0,19.0,1.0,2,49.0,0.0,20.0,0,0,0
7203,40.0,1.0,16.0,5.0,0,150.0,12.0,50.0,0,1,0
7204,21.0,1.0,18.0,1.0,0,49.0,5.0,40.0,1,1,1
7205,41.0,7.0,7.0,1.0,1,49.0,0.0,40.0,1,1,1
7206,60.0,1.0,20.0,1.0,0,303.0,0.0,25.0,1,1,1
7207,54.0,1.0,16.0,5.0,0,49.0,2.0,40.0,0,1,0
7208,26.0,1.0,21.0,1.0,0,49.0,1.0,55.0,0,1,0
7209,64.0,1.0,16.0,1.0,4,49.0,5.0,48.0,1,1,1
7210,54.0,4.0,20.0,1.0,2,49.0,0.0,48.0,0,1,0
7211,34.0,1.0,20.0,5.0,4,150.0,13.0,50.0,1,1,1
7212,59.0,1.0,16.0,1.0,4,49.0,0.0,3.0,0,1,0
7213,21.0,4.0,19.0,1.0,0,449.0,0.0,48.0,0,1,1
7214,87.0,2.0,24.0,1.0,0,50.0,0.0,84.0,0,1,1
7215,32.0,5.0,21.0,1.0,0,49.0,0.0,37.0,1,1,1
7216,19.0,1.0,16.0,5.0,0,49.0,12.0,68.0,1,1,0
7217,44.0,1.0,16.0,5.0,0,329.0,0.0,40.0,1,1,0
7218,18.0,1.0,19.0,1.0,3,49.0,1.0,20.0,1,1,0
7219,30.0,1.0,20.0,1.0,1,49.0,1.0,20.0,0,1,0
7220,26.0,1.0,16.0,5.0,0,49.0,2.0,40.0,1,1,0
7221,41.0,1.0,3.0,1.0,0,49.0,0.0,40.0,0,1,0
7222,69.0,1.0,5.0,1.0,0,151.0,0.0,15.0,0,1,1
7223,35.0,1.0,13.0,1.0,2,49.0,1.0,20.0,0,0,0
7224,52.0,1.0,22.0,3.0,-1,6.0,0.0,30.0,0,1,1
7225,26.0,1.0,21.0,1.0,0,49.0,1.0,19.0,0,1,1
7226,44.0,1.0,19.0,1.0,3,160.0,0.0,12.0,1,1,1
7227,26.0,3.0,19.0,1.0,0,6.0,1.0,40.0,1,1,1
7228,61.0,4.0,17.0,5.0,4,49.0,12.0,30.0,0,1,0
7229,31.0,1.0,20.0,1.0,0,203.0,1.0,40.0,1,1,1
7230,23.0,1.0,21.0,1.0,0,6.0,0.0,20.0,1,0,1
7231,59.0,6.0,16.0,2.0,1,49.0,16.0,37.0,0,1,0
7232,55.0,6.0,16.0,1.0,4,151.0,0.0,40.0,1,1,0
7233,69.0,1.0,20.0,1.0,4,49.0,1.0,35.0,1,1,1
7234,59.0,2.0,21.0,3.0,0,442.0,0.0,32.0,1,1,1
7235,33.0,1.0,19.0,1.0,0,51.0,1.0,50.0,1,1,1
7236,65.0,6.0,19.0,5.0,2,49.0,2.0,38.0,0,1,0
7237,79.0,1.0,23.0,1.0,3,150.0,1.0,60.0,1,1,1
7238,40.0,1.0,18.0,5.0,0,22.0,16.0,40.0,0,1,0
7239,34.0,3.0,19.0,5.0,3,6.0,12.0,40.0,1,1,0
7240,73.0,5.0,22.0,5.0,3,49.0,0.0,20.0,1,0,1
7241,69.0,1.0,21.0,1.0,2,303.0,1.0,39.0,0,0,0
7242,69.0,1.0,8.0,1.0,1,49.0,1.0,36.0,1,1,0
7243,25.0,1.0,14.0,1.0,1,49.0,1.0,60.0,0,1,0
7244,23.0,3.0,15.0,5.0,2,49.0,2.0,40.0,1,0,0
7245,59.0,1.0,21.0,1.0,0,323.0,0.0,50.0,0,1,1
7246,36.0,5.0,22.0,3.0,1,6.0,0.0,32.0,1,0,1
7247,44.0,4.0,22.0,3.0,4,49.0,0.0,20.0,1,1,1
7248,19.0,3.0,16.0,1.0,2,49.0,1.0,30.0,0,1,0
7249,30.0,1.0,20.0,4.0,4,49.0,13.0,32.0,1,1,1
7250,39.0,1.0,18.0,1.0,2,370.0,0.0,96.0,0,1,0
7251,79.0,6.0,10.0,5.0,1,451.0,0.0,45.0,0,1,0
7252,25.0,1.0,19.0,5.0,1,150.0,0.0,75.0,1,1,0
7253,44.0,1.0,16.0,1.0,0,49.0,0.0,40.0,1,1,1
7254,40.0,2.0,16.0,1.0,1,49.0,0.0,14.0,0,1,1
7255,43.0,5.0,3.0,1.0,1,42.0,0.0,40.0,0,0,1
7256,87.0,2.0,13.0,1.0,4,468.0,0.0,40.0,1,1,0
7257,34.0,1.0,19.0,1.0,3,49.0,1.0,40.0,1,1,0
7258,32.0,1.0,17.0,1.0,0,49.0,0.0,20.0,1,1,1
7259,61.0,1.0,19.0,5.0,2,8.0,0.0,32.0,0,1,0
7260,49.0,1.0,21.0,1.0,4,20.0,0.0,55.0,1,1,1
7261,20.0,1.0,21.0,3.0,3,49.0,2.0,75.0,1,1,0
7262,68.0,4.0,14.0,1.0,0,49.0,1.0,40.0,0,1,0
7263,42.0,2.0,16.0,1.0,4,49.0,1.0,29.0,1,1,0
7264,60.0,7.0,21.0,1.0,4,323.0,1.0,40.0,1,1,1
7265,64.0,1.0,10.0,5.0,1,449.0,2.0,50.0,1,1,0
7266,55.0,4.0,18.0,5.0,0,49.0,2.0,40.0,1,1,0
7267,55.0,1.0,19.0,1.0,0,468.0,0.0,96.0,1,1,1
7268,79.0,2.0,13.0,5.0,0,51.0,2.0,40.0,0,1,0
7269,43.0,2.0,21.0,1.0,2,6.0,0.0,40.0,0,1,1
7270,58.0,1.0,21.0,1.0,4,49.0,0.0,50.0,1,1,1
7271,23.0,2.0,18.0,5.0,1,323.0,0.0,8.0,0,1,0
7272,54.0,1.0,22.0,1.0,4,49.0,0.0,45.0,1,1,1
7273,40.0,1.0,16.0,1.0,1,508.0,1.0,40.0,0,1,0
7274,18.0,7.0,14.0,5.0,1,214.0,17.0,39.0,0,1,0
7275,77.0,1.0,22.0,1.0,0,8.0,1.0,25.0,1,1,1
7276,52.0,1.0,20.0,1.0,0,49.0,0.0,39.0,0,1,1
7277,17.0,7.0,22.0,3.0,0,49.0,0.0,50.0,1,1,1
7278,60.0,1.0,20.0,1.0,1,214.0,1.0,30.0,0,0,1
7279,35.0,1.0,20.0,1.0,2,468.0,5.0,25.0,1,0,1
7280,55.0,3.0,16.0,1.0,2,49.0,17.0,40.0,0,1,0
7281,21.0,5.0,15.0,1.0,2,8.0,0.0,75.0,0,1,0
7282,51.0,1.0,19.0,5.0,2,16.0,2.0,40.0,0,1,0
7283,50.0,2.0,21.0,1.0,3,6.0,1.0,25.0,1,1,1
7284,62.0,1.0,23.0,1.0,0,49.0,0.0,20.0,0,1,1
7285,38.0,1.0,16.0,5.0,1,6.0,2.0,35.0,0,1,0
7286,79.0,1.0,22.0,1.0,-1,49.0,0.0,45.0,0,1,1
7287,42.0,3.0,17.0,1.0,0,49.0,1.0,40.0,0,1,1
7288,50.0,5.0,21.0,1.0,2,49.0,1.0,40.0,0,1,1
7289,40.0,4.0,19.0,1.0,4,50.0,0.0,40.0,1,1,1
7290,23.0,2.0,20.0,1.0,2,49.0,0.0,55.0,1,1,1
7291,60.0,1.0,21.0,3.0,0,6.0,0.0,8.0,1,1,1
7292,34.0,4.0,16.0,1.0,0,49.0,0.0,75.0,1,1,1
7293,24.0,1.0,17.0,1.0,4,49.0,0.0,50.0,0,1,1
7294,40.0,2.0,19.0,1.0,-1,449.0,0.0,40.0,0,1,1
7295,54.0,2.0,19.0,2.0,1,449.0,1.0,40.0,0,1,1
7296,34.0,2.0,16.0,5.0,0,49.0,2.0,60.0,0,1,0
7297,28.0,2.0,5.0,1.0,0,49.0,2.0,25.0,1,1,1
7298,37.0,3.0,5.0,1.0,3,329.0,0.0,45.0,1,1,1
7299,28.0,1.0,21.0,1.0,4,50.0,1.0,30.0,1,1,1
7300,60.0,5.0,23.0,1.0,2,49.0,0.0,55.0,0,0,0
7301,34.0,4.0,19.0,1.0,1,49.0,1.0,40.0,0,1,0
7302,26.0,1.0,19.0,1.0,1,49.0,0.0,40.0,1,1,0
7303,59.0,7.0,21.0,1.0,2,51.0,1.0,35.0,1,0,0
7304,23.0,6.0,18.0,5.0,3,49.0,17.0,60.0,1,1,0
7305,36.0,1.0,20.0,5.0,1,329.0,2.0,40.0,0,1,0
7306,25.0,1.0,18.0,5.0,4,49.0,12.0,40.0,1,1,0
7307,68.0,1.0,19.0,1.0,4,49.0,0.0,20.0,1,1,0
7308,65.0,7.0,21.0,1.0,2,49.0,0.0,45.0,0,1,1
7309,35.0,1.0,10.0,5.0,1,329.0,0.0,40.0,0,1,0
7310,26.0,1.0,15.0,5.0,3,49.0,0.0,40.0,1,1,0
7311,17.0,1.0,19.0,5.0,2,6.0,12.0,40.0,0,1,0
7312,60.0,1.0,19.0,1.0,1,49.0,0.0,40.0,1,1,1
7313,23.0,1.0,16.0,5.0,4,214.0,12.0,50.0,0,1,0
7314,68.0,6.0,21.0,1.0,0,49.0,0.0,36.0,0,1,1
7315,36.0,2.0,14.0,5.0,4,49.0,0.0,32.0,1,1,0
7316,39.0,1.0,22.0,1.0,0,16.0,0.0,35.0,1,1,1
7317,18.0,1.0,22.0,1.0,3,49.0,0.0,40.0,1,1,1
7318,30.0,1.0,16.0,1.0,0,51.0,1.0,40.0,1,1,1
7319,54.0,8.0,19.0,3.0,2,23.0,2.0,40.0,0,1,0
7320,55.0,1.0,21.0,1.0,2,49.0,1.0,40.0,0,1,1
7321,24.0,3.0,19.0,3.0,4,203.0,2.0,36.0,1,1,0
7322,22.0,6.0,10.0,5.0,0,49.0,2.0,50.0,1,1,0
7323,35.0,1.0,19.0,1.0,2,51.0,0.0,20.0,1,1,1
7324,40.0,1.0,21.0,1.0,0,150.0,0.0,14.0,1,1,0
7325,34.0,1.0,19.0,1.0,0,214.0,1.0,61.0,1,1,1
7326,44.0,1.0,16.0,1.0,0,20.0,1.0,30.0,0,1,0
7327,26.0,1.0,18.0,3.0,4,42.0,0.0,45.0,1,0,0
7328,25.0,1.0,22.0,1.0,2,49.0,0.0,45.0,1,1,1
7329,26.0,6.0,16.0,1.0,2,49.0,0.0,40.0,0,1,0
7330,24.0,4.0,21.0,1.0,4,6.0,1.0,3.0,1,1,1
7331,58.0,1.0,16.0,1.0,1,49.0,0.0,40.0,1,1,0
7332,26.0,1.0,21.0,1.0,2,50.0,1.0,50.0,0,0,0
7333,54.0,7.0,22.0,5.0,0,49.0,0.0,30.0,1,1,1
7334,54.0,1.0,21.0,1.0,0,49.0,0.0,40.0,1,1,1
7335,60.0,1.0,21.0,1.0,0,49.0,1.0,40.0,0,1,0
7336,32.0,1.0,21.0,1.0,0,467.0,0.0,40.0,1,1,1
7337,56.0,3.0,15.0,1.0,0,48.0,0.0,40.0,0,1,0
7338,45.0,1.0,20.0,1.0,1,6.0,1.0,40.0,0,1,0
7339,40.0,1.0,21.0,1.0,0,49.0,0.0,29.0,1,1,1
7340,27.0,2.0,19.0,1.0,2,6.0,0.0,40.0,0,1,1
7341,49.0,1.0,21.0,1.0,3,49.0,0.0,20.0,1,1,0
7342,61.0,1.0,18.0,1.0,2,370.0,0.0,60.0,0,1,0
7343,47.0,2.0,19.0,1.0,1,37.0,1.0,40.0,1,1,0
7344,34.0,2.0,14.0,1.0,2,49.0,1.0,25.0,1,1,0
7345,65.0,6.0,17.0,1.0,0,49.0,0.0,40.0,1,1,1
7346,26.0,1.0,5.0,1.0,0,49.0,0.0,84.0,0,1,1
7347,28.0,3.0,19.0,5.0,2,49.0,16.0,40.0,0,1,0
7348,62.0,1.0,21.0,3.0,1,303.0,0.0,20.0,1,1,0
7349,44.0,1.0,13.0,1.0,2,49.0,1.0,40.0,0,1,0
7350,23.0,1.0,18.0,3.0,0,323.0,0.0,20.0,1,1,0
7351,24.0,1.0,19.0,5.0,4,214.0,7.0,30.0,1,1,0
7352,51.0,1.0,20.0,3.0,2,49.0,0.0,60.0,1,1,1
7353,22.0,1.0,23.0,5.0,0,150.0,2.0,20.0,0,1,0
7354,30.0,1.0,16.0,1.0,3,48.0,0.0,48.0,1,1,1
7355,47.0,7.0,16.0,5.0,4,37.0,17.0,20.0,1,0,0
7356,31.0,1.0,19.0,1.0,1,49.0,1.0,45.0,0,1,0
7357,76.0,2.0,22.0,1.0,0,49.0,0.0,60.0,1,1,1
7358,24.0,2.0,19.0,1.0,0,50.0,0.0,40.0,1,1,1
7359,40.0,1.0,20.0,1.0,4,49.0,0.0,30.0,1,0,0
7360,62.0,5.0,20.0,1.0,0,23.0,0.0,30.0,0,0,1
7361,38.0,1.0,19.0,1.0,0,303.0,0.0,40.0,0,1,1
7362,20.0,1.0,19.0,1.0,2,49.0,1.0,30.0,0,1,0
7363,57.0,2.0,16.0,5.0,0,150.0,16.0,62.0,0,1,0
7364,25.0,1.0,23.0,1.0,1,16.0,1.0,10.0,0,1,0
7365,35.0,1.0,16.0,5.0,0,214.0,2.0,42.0,0,1,0
7366,33.0,1.0,16.0,5.0,4,55.0,17.0,30.0,1,1,0
7367,51.0,7.0,21.0,1.0,0,341.0,1.0,40.0,0,1,1
7368,18.0,1.0,16.0,1.0,4,49.0,1.0,53.0,0,1,1
7369,56.0,1.0,16.0,1.0,0,150.0,0.0,40.0,0,1,1
7370,82.0,3.0,18.0,1.0,1,37.0,10.0,60.0,0,1,0
7371,47.0,1.0,16.0,1.0,0,508.0,0.0,19.0,0,1,1
7372,54.0,1.0,21.0,1.0,4,508.0,1.0,45.0,1,1,1
7373,54.0,2.0,19.0,1.0,0,16.0,0.0,40.0,0,1,1
7374,61.0,1.0,16.0,5.0,3,49.0,12.0,50.0,1,1,0
7375,38.0,2.0,14.0,5.0,1,6.0,17.0,40.0,1,1,0
7376,42.0,4.0,19.0,3.0,2,49.0,0.0,55.0,0,1,0
7377,35.0,8.0,19.0,1.0,2,449.0,1.0,40.0,0,1,0
7378,47.0,1.0,21.0,1.0,1,150.0,1.0,60.0,0,1,1
7379,38.0,4.0,22.0,1.0,4,49.0,1.0,40.0,1,1,1
7380,28.0,1.0,16.0,5.0,0,341.0,2.0,25.0,0,0,0
7381,62.0,1.0,21.0,2.0,2,49.0,10.0,45.0,0,1,0
7382,26.0,1.0,6.0,1.0,3,329.0,1.0,3.0,1,0,1
7383,35.0,1.0,16.0,1.0,0,49.0,1.0,25.0,0,1,0
7384,60.0,1.0,22.0,1.0,3,49.0,0.0,40.0,1,1,1
7385,35.0,3.0,15.0,1.0,1,49.0,1.0,35.0,1,0,0
7386,57.0,1.0,15.0,5.0,1,214.0,2.0,50.0,0,1,0
7387,43.0,3.0,16.0,5.0,2,150.0,0.0,20.0,0,0,0
7388,56.0,1.0,14.0,5.0,1,49.0,2.0,50.0,1,1,0
7389,34.0,1.0,14.0,5.0,2,49.0,0.0,36.0,0,1,0
7390,57.0,1.0,20.0,1.0,0,49.0,0.0,60.0,0,1,1
7391,79.0,5.0,7.0,1.0,0,49.0,0.0,50.0,0,1,1
7392,23.0,1.0,21.0,1.0,0,49.0,0.0,40.0,0,1,1
7393,76.0,1.0,18.0,5.0,4,49.0,0.0,40.0,0,1,1
7394,27.0,1.0,20.0,3.0,0,468.0,0.0,35.0,0,1,0
7395,42.0,3.0,22.0,1.0,3,6.0,0.0,55.0,1,1,1
7396,51.0,1.0,19.0,5.0,1,49.0,15.0,40.0,1,1,0
7397,27.0,2.0,19.0,1.0,2,49.0,1.0,36.0,0,1,0
7398,44.0,1.0,20.0,1.0,4,49.0,1.0,62.0,1,1,1
7399,45.0,1.0,6.0,1.0,0,49.0,0.0,8.0,1,1,1
7400,69.0,1.0,20.0,1.0,0,49.0,1.0,24.0,1,1,1
7401,79.0,1.0,6.0,1.0,0,214.0,1.0,50.0,0,1,1
7402,32.0,6.0,16.0,1.0,4,49.0,1.0,15.0,1,1,0
7403,79.0,1.0,21.0,3.0,1,49.0,0.0,20.0,0,1,0
7404,82.0,1.0,16.0,5.0,1,49.0,2.0,31.0,0,1,0
7405,22.0,1.0,21.0,1.0,2,49.0,1.0,40.0,0,1,0
7406,92.0,1.0,16.0,1.0,4,151.0,0.0,45.0,1,1,0
7407,62.0,1.0,16.0,1.0,4,512.0,1.0,55.0,0,1,0
7408,47.0,1.0,21.0,1.0,0,49.0,0.0,40.0,1,1,1
7409,65.0,1.0,21.0,1.0,4,49.0,9.0,40.0,1,1,0
7410,49.0,1.0,21.0,1.0,4,49.0,0.0,40.0,1,1,1
7411,30.0,1.0,23.0,1.0,0,329.0,0.0,40.0,0,0,1
7412,26.0,5.0,19.0,1.0,4,49.0,1.0,60.0,0,1,0
7413,50.0,8.0,19.0,5.0,1,51.0,0.0,50.0,0,1,0
7414,46.0,2.0,16.0,1.0,4,49.0,0.0,31.0,0,1,1
7415,92.0,6.0,19.0,5.0,1,6.0,0.0,40.0,0,1,0
7416,36.0,6.0,16.0,1.0,0,508.0,1.0,35.0,1,1,1
7417,39.0,6.0,16.0,1.0,4,151.0,10.0,40.0,0,1,0
7418,19.0,1.0,20.0,1.0,0,49.0,0.0,30.0,0,1,1
7419,31.0,6.0,19.0,1.0,4,49.0,0.0,45.0,1,1,1
7420,24.0,1.0,16.0,1.0,2,6.0,0.0,20.0,1,1,0
7421,73.0,1.0,21.0,1.0,2,49.0,0.0,40.0,0,1,0
7422,87.0,7.0,21.0,5.0,3,49.0,12.0,45.0,1,1,0
7423,57.0,1.0,18.0,1.0,0,49.0,0.0,30.0,0,1,1
7424,54.0,4.0,21.0,5.0,0,467.0,7.0,60.0,1,1,1
7425,68.0,1.0,21.0,1.0,0,49.0,1.0,30.0,1,1,1
7426,68.0,3.0,16.0,1.0,2,49.0,1.0,40.0,0,1,1
7427,32.0,1.0,16.0,5.0,0,42.0,2.0,18.0,0,1,0
7428,55.0,1.0,19.0,1.0,3,6.0,0.0,60.0,1,1,1
7429,27.0,1.0,19.0,5.0,2,49.0,2.0,40.0,0,1,0
7430,31.0,1.0,19.0,5.0,4,16.0,0.0,50.0,1,1,0
7431,52.0,1.0,19.0,1.0,1,49.0,0.0,45.0,1,1,1
7432,68.0,1.0,21.0,5.0,2,451.0,0.0,40.0,0,1,0
7433,64.0,2.0,18.0,5.0,2,49.0,0.0,60.0,0,1,0
7434,26.0,1.0,21.0,5.0,3,49.0,2.0,40.0,1,1,0
7435,51.0,1.0,19.0,3.0,0,23.0,0.0,50.0,0,1,0
7436,36.0,1.0,15.0,1.0,0,51.0,0.0,91.0,1,1,1
7437,35.0,1.0,14.0,1.0,1,6.0,0.0,40.0,0,1,0
7438,60.0,2.0,16.0,1.0,0,329.0,0.0,20.0,1,1,1
7439,30.0,1.0,18.0,1.0,0,49.0,1.0,30.0,0,1,0
7440,38.0,5.0,22.0,4.0,4,49.0,17.0,40.0,1,0,1
7441,64.0,1.0,19.0,5.0,2,49.0,2.0,40.0,0,1,0
7442,56.0,2.0,19.0,1.0,2,49.0,1.0,38.0,1,1,0
7443,87.0,1.0,8.0,1.0,1,49.0,1.0,61.0,0,1,0
7444,26.0,1.0,14.0,1.0,0,51.0,1.0,40.0,1,1,0
7445,28.0,1.0,22.0,1.0,0,20.0,0.0,50.0,0,1,1
7446,45.0,1.0,20.0,1.0,2,49.0,0.0,45.0,0,1,1
7447,18.0,1.0,13.0,5.0,1,150.0,17.0,15.0,0,1,0
7448,28.0,2.0,19.0,5.0,3,203.0,17.0,45.0,1,0,0
7449,24.0,1.0,18.0,5.0,0,49.0,16.0,40.0,0,1,0
7450,52.0,2.0,21.0,1.0,0,6.0,0.0,40.0,1,1,1
7451,17.0,1.0,21.0,3.0,0,16.0,2.0,40.0,1,1,1
7452,60.0,6.0,16.0,3.0,0,6.0,0.0,45.0,1,1,1
7453,64.0,1.0,19.0,5.0,0,48.0,0.0,40.0,0,1,0
7454,65.0,6.0,15.0,3.0,2,6.0,2.0,40.0,0,1,0
7455,37.0,5.0,21.0,2.0,3,16.0,9.0,20.0,0,1,1
7456,68.0,7.0,23.0,1.0,0,49.0,1.0,40.0,1,1,1
7457,37.0,1.0,18.0,5.0,3,30.0,2.0,24.0,0,1,0
7458,25.0,2.0,16.0,1.0,4,49.0,0.0,50.0,1,1,1
7459,52.0,4.0,16.0,1.0,3,50.0,0.0,20.0,1,1,1
7460,69.0,1.0,19.0,1.0,2,6.0,0.0,4.0,0,1,1
7461,34.0,5.0,18.0,4.0,0,214.0,13.0,40.0,0,0,1
7462,57.0,4.0,16.0,3.0,5,49.0,0.0,40.0,0,1,0
7463,61.0,1.0,23.0,1.0,0,49.0,1.0,50.0,1,1,1
7464,68.0,1.0,19.0,5.0,1,49.0,2.0,37.0,0,0,0
7465,44.0,1.0,20.0,1.0,2,49.0,0.0,40.0,1,1,1
7466,25.0,2.0,18.0,1.0,2,49.0,1.0,40.0,0,1,0
7467,49.0,7.0,20.0,3.0,3,49.0,0.0,20.0,1,1,1
7468,17.0,2.0,22.0,1.0,0,8.0,1.0,50.0,1,1,1
7469,55.0,5.0,23.0,1.0,3,49.0,6.0,40.0,1,1,1
7470,41.0,5.0,21.0,5.0,2,512.0,12.0,60.0,1,0,1
7471,39.0,1.0,21.0,5.0,1,50.0,0.0,15.0,0,1,0
7472,24.0,4.0,21.0,5.0,0,16.0,17.0,40.0,1,1,0
7473,25.0,1.0,23.0,1.0,0,49.0,0.0,68.0,1,1,1
7474,24.0,1.0,16.0,1.0,4,50.0,1.0,40.0,1,1,0
7475,37.0,6.0,21.0,1.0,4,49.0,1.0,40.0,0,1,0
7476,68.0,5.0,19.0,3.0,4,49.0,0.0,50.0,1,0,1
7477,31.0,1.0,13.0,1.0,2,6.0,2.0,20.0,0,1,0
7478,61.0,1.0,23.0,5.0,0,303.0,12.0,10.0,0,1,0
7479,23.0,1.0,21.0,1.0,1,323.0,1.0,50.0,0,1,0
7480,54.0,1.0,19.0,4.0,3,49.0,17.0,46.0,1,0,0
7481,69.0,1.0,21.0,5.0,0,49.0,13.0,40.0,0,1,1
7482,19.0,1.0,16.0,5.0,2,49.0,0.0,36.0,1,1,0
7483,22.0,5.0,22.0,1.0,4,49.0,1.0,8.0,1,0,1
7484,49.0,1.0,15.0,1.0,0,6.0,1.0,15.0,0,1,0
7485,40.0,1.0,22.0,1.0,0,49.0,1.0,20.0,0,1,1
7486,64.0,5.0,20.0,5.0,1,49.0,12.0,50.0,0,0,0
7487,20.0,1.0,19.0,5.0,2,150.0,12.0,40.0,0,1,0
7488,48.0,3.0,19.0,1.0,0,49.0,1.0,35.0,1,1,1
7489,51.0,6.0,20.0,5.0,1,23.0,0.0,37.0,0,1,0
7490,45.0,1.0,19.0,1.0,4,49.0,1.0,38.0,1,1,0
7491,64.0,6.0,20.0,1.0,0,49.0,0.0,39.0,0,1,1
7492,21.0,6.0,19.0,5.0,0,49.0,0.0,40.0,1,1,1
7493,46.0,2.0,16.0,1.0,4,6.0,1.0,25.0,1,1,0
7494,34.0,3.0,17.0,1.0,0,451.0,0.0,40.0,1,1,1
7495,41.0,1.0,19.0,1.0,3,16.0,1.0,40.0,1,1,0
7496,33.0,3.0,21.0,1.0,2,49.0,1.0,48.0,0,1,0
7497,27.0,1.0,19.0,1.0,3,49.0,1.0,40.0,1,1,1
7498,42.0,1.0,19.0,5.0,2,45.0,2.0,40.0,0,1,0
7499,18.0,1.0,19.0,1.0,0,49.0,1.0,24.0,0,1,1
7500,87.0,1.0,23.0,2.0,1,49.0,2.0,40.0,1,1,1
7501,65.0,1.0,16.0,1.0,3,49.0,0.0,45.0,1,1,1
7502,35.0,1.0,19.0,1.0,3,49.0,0.0,40.0,1,1,1
7503,28.0,1.0,16.0,1.0,1,49.0,1.0,45.0,1,1,1
7504,76.0,2.0,21.0,3.0,4,49.0,0.0,12.0,1,1,1
7505,35.0,5.0,20.0,5.0,0,49.0,0.0,50.0,1,0,0
7506,64.0,1.0,22.0,5.0,0,150.0,0.0,40.0,0,1,1
7507,46.0,1.0,19.0,1.0,1,49.0,1.0,40.0,1,1,0
7508,45.0,1.0,19.0,5.0,0,23.0,7.0,45.0,1,0,1
7509,20.0,1.0,6.0,1.0,0,449.0,0.0,68.0,1,1,1
7510,52.0,1.0,19.0,1.0,4,468.0,1.0,30.0,1,1,0
7511,65.0,7.0,16.0,1.0,2,49.0,0.0,50.0,0,1,1
7512,41.0,1.0,16.0,5.0,0,468.0,17.0,20.0,0,1,0
7513,21.0,3.0,21.0,5.0,1,49.0,2.0,40.0,0,1,0
7514,43.0,1.0,19.0,1.0,0,49.0,1.0,40.0,1,1,1
7515,36.0,1.0,21.0,5.0,0,49.0,17.0,60.0,1,1,0
7516,34.0,3.0,20.0,1.0,0,49.0,1.0,8.0,1,1,1
7517,54.0,1.0,21.0,1.0,0,51.0,0.0,12.0,1,1,1
7518,59.0,7.0,21.0,1.0,2,49.0,0.0,8.0,0,1,1
7519,18.0,1.0,19.0,5.0,1,49.0,2.0,42.0,0,1,0
7520,40.0,1.0,19.0,1.0,2,42.0,1.0,35.0,1,0,1
7521,39.0,5.0,22.0,1.0,0,323.0,0.0,60.0,0,1,1
7522,68.0,3.0,19.0,1.0,2,20.0,0.0,25.0,0,1,0
7523,46.0,1.0,17.0,4.0,-1,49.0,0.0,40.0,0,0,1
7524,31.0,1.0,19.0,1.0,4,151.0,1.0,40.0,0,1,0
7525,78.0,1.0,18.0,1.0,0,49.0,0.0,15.0,1,1,0
7526,27.0,4.0,16.0,1.0,0,303.0,0.0,68.0,1,1,0
7527,82.0,1.0,19.0,1.0,0,49.0,0.0,40.0,1,1,1
7528,48.0,1.0,10.0,3.0,2,49.0,0.0,30.0,0,1,0
7529,25.0,1.0,19.0,3.0,0,49.0,0.0,37.0,0,1,1
7530,39.0,1.0,21.0,1.0,0,42.0,0.0,40.0,0,0,0
7531,75.0,4.0,16.0,3.0,3,49.0,0.0,30.0,1,1,1
7532,23.0,5.0,18.0,5.0,2,42.0,2.0,30.0,0,0,0
7533,51.0,1.0,21.0,5.0,0,49.0,2.0,32.0,1,1,0
7534,59.0,4.0,21.0,3.0,4,49.0,0.0,3.0,1,1,1
7535,23.0,1.0,22.0,1.0,0,329.0,0.0,20.0,1,1,1
7536,40.0,1.0,17.0,1.0,0,49.0,0.0,3.0,1,1,1
7537,68.0,1.0,13.0,1.0,3,6.0,0.0,35.0,1,1,1
7538,73.0,1.0,22.0,1.0,0,49.0,0.0,20.0,0,1,1
7539,30.0,1.0,5.0,1.0,0,49.0,0.0,96.0,1,1,1
7540,30.0,1.0,16.0,1.0,3,49.0,1.0,14.0,1,1,1
7541,40.0,1.0,16.0,1.0,1,16.0,0.0,40.0,1,1,0
7542,39.0,1.0,22.0,1.0,4,49.0,0.0,40.0,1,1,1
7543,26.0,1.0,22.0,1.0,2,6.0,1.0,30.0,1,1,1
7544,24.0,4.0,19.0,1.0,2,49.0,1.0,61.0,1,1,0
7545,61.0,1.0,18.0,5.0,1,467.0,0.0,40.0,0,1,0
7546,49.0,5.0,15.0,1.0,2,49.0,1.0,8.0,0,1,0
7547,23.0,6.0,22.0,3.0,4,49.0,0.0,30.0,1,1,1
7548,92.0,4.0,14.0,5.0,0,49.0,16.0,18.0,0,1,0
7549,56.0,1.0,19.0,5.0,4,49.0,16.0,55.0,1,1,0
7550,23.0,4.0,16.0,1.0,0,49.0,1.0,40.0,1,1,0
7551,43.0,2.0,15.0,1.0,0,51.0,1.0,40.0,1,1,1
7552,56.0,1.0,21.0,5.0,-1,51.0,13.0,50.0,0,1,1
7553,62.0,1.0,16.0,1.0,2,323.0,1.0,10.0,0,1,0
7554,24.0,1.0,16.0,5.0,1,6.0,17.0,40.0,1,1,0
7555,24.0,1.0,19.0,3.0,0,49.0,0.0,15.0,0,1,1
7556,61.0,1.0,14.0,5.0,1,49.0,2.0,30.0,0,1,0
7557,20.0,1.0,23.0,1.0,3,49.0,1.0,60.0,1,1,1
7558,23.0,1.0,16.0,3.0,2,8.0,0.0,48.0,1,1,1
7559,77.0,1.0,22.0,3.0,0,451.0,0.0,35.0,1,1,1
7560,33.0,1.0,20.0,5.0,2,49.0,12.0,30.0,0,1,0
7561,31.0,1.0,16.0,5.0,0,512.0,0.0,30.0,1,1,1
7562,32.0,5.0,22.0,1.0,0,49.0,1.0,20.0,1,0,1
7563,56.0,1.0,21.0,1.0,0,150.0,0.0,40.0,0,0,1
7564,24.0,1.0,5.0,3.0,2,6.0,0.0,40.0,1,1,1
7565,26.0,4.0,19.0,3.0,1,51.0,0.0,40.0,0,1,0
7566,64.0,8.0,18.0,5.0,2,151.0,16.0,15.0,0,1,0
7567,34.0,1.0,21.0,1.0,0,45.0,1.0,36.0,0,1,1
7568,84.0,1.0,16.0,1.0,0,6.0,0.0,40.0,1,1,1
7569,33.0,1.0,24.0,1.0,0,49.0,0.0,40.0,1,1,1
7570,31.0,1.0,16.0,4.0,0,49.0,0.0,96.0,1,1,1
7571,75.0,1.0,20.0,1.0,0,30.0,0.0,45.0,0,1,0
7572,23.0,1.0,22.0,1.0,0,20.0,0.0,40.0,0,1,0
7573,30.0,2.0,21.0,1.0,0,49.0,0.0,45.0,0,1,1
7574,37.0,5.0,18.0,5.0,2,323.0,2.0,20.0,1,0,0
7575,32.0,1.0,16.0,1.0,0,8.0,0.0,62.0,0,1,0
7576,31.0,1.0,19.0,3.0,2,49.0,0.0,40.0,0,0,0
7577,53.0,1.0,18.0,1.0,2,49.0,0.0,40.0,1,0,1
7578,51.0,5.0,19.0,2.0,0,150.0,9.0,30.0,0,1,1
7579,37.0,1.0,19.0,5.0,2,37.0,0.0,20.0,0,1,0
7580,30.0,1.0,19.0,1.0,2,51.0,0.0,40.0,0,0,0
7581,42.0,1.0,16.0,5.0,0,49.0,0.0,45.0,0,1,0
7582,53.0,1.0,21.0,5.0,2,160.0,2.0,40.0,1,1,0
7583,40.0,1.0,19.0,1.0,3,51.0,1.0,40.0,1,1,0
7584,87.0,1.0,24.0,5.0,2,214.0,2.0,40.0,0,1,1
7585,31.0,3.0,23.0,3.0,4,323.0,0.0,53.0,1,1,1
7586,61.0,2.0,16.0,5.0,2,49.0,17.0,40.0,1,1,0
7587,17.0,1.0,19.0,5.0,4,49.0,3.0,40.0,0,1,0
7588,29.0,1.0,20.0,1.0,0,329.0,1.0,36.0,1,1,1
7589,22.0,1.0,17.0,1.0,0,449.0,0.0,23.0,1,1,1
7590,56.0,1.0,15.0,1.0,1,20.0,0.0,40.0,0,1,0
7591,31.0,1.0,18.0,3.0,2,49.0,0.0,39.0,1,0,1
7592,23.0,2.0,22.0,1.0,3,49.0,1.0,40.0,1,1,1
7593,26.0,1.0,21.0,1.0,4,49.0,0.0,40.0,1,1,0
7594,33.0,1.0,16.0,1.0,0,49.0,0.0,40.0,0,1,0
7595,30.0,1.0,13.0,5.0,1,451.0,2.0,42.0,0,0,0
7596,38.0,1.0,18.0,1.0,3,303.0,1.0,91.0,1,1,1
7597,38.0,1.0,16.0,5.0,1,303.0,7.0,40.0,0,0,0
7598,64.0,1.0,19.0,5.0,3,214.0,15.0,40.0,1,1,0
7599,22.0,1.0,14.0,2.0,1,150.0,16.0,40.0,0,1,0
7600,52.0,1.0,17.0,3.0,3,49.0,0.0,40.0,1,1,1
7601,34.0,1.0,19.0,5.0,4,449.0,2.0,40.0,1,1,0
7602,31.0,1.0,19.0,1.0,0,6.0,0.0,40.0,1,1,1
7603,21.0,1.0,16.0,1.0,3,49.0,0.0,40.0,1,0,0
7604,37.0,4.0,18.0,1.0,0,49.0,0.0,40.0,1,1,1
7605,25.0,7.0,18.0,2.0,4,451.0,1.0,50.0,1,1,1
7606,26.0,1.0,19.0,5.0,0,49.0,0.0,39.0,0,1,0
7607,22.0,1.0,19.0,5.0,3,49.0,2.0,40.0,1,1,0
7608,52.0,5.0,5.0,2.0,0,508.0,1.0,40.0,0,1,1
7609,38.0,1.0,21.0,5.0,0,150.0,2.0,30.0,1,1,0
7610,56.0,2.0,22.0,3.0,0,49.0,2.0,40.0,1,0,1
7611,61.0,4.0,21.0,1.0,1,8.0,4.0,35.0,1,1,1
7612,40.0,1.0,19.0,5.0,2,51.0,2.0,29.0,0,1,0
7613,24.0,1.0,21.0,1.0,0,49.0,1.0,32.0,0,1,0
7614,62.0,3.0,21.0,5.0,-1,49.0,13.0,50.0,0,0,1
7615,36.0,1.0,16.0,1.0,1,49.0,1.0,30.0,1,1,1
7616,24.0,6.0,19.0,3.0,1,51.0,0.0,40.0,0,1,0
7617,31.0,1.0,18.0,1.0,4,49.0,0.0,40.0,0,1,1
7618,48.0,7.0,17.0,1.0,0,49.0,1.0,40.0,0,1,1
7619,18.0,1.0,21.0,1.0,0,214.0,1.0,35.0,1,1,1
7620,34.0,7.0,21.0,1.0,0,468.0,1.0,40.0,1,1,1
7621,51.0,3.0,18.0,5.0,0,49.0,0.0,40.0,1,1,0
7622,47.0,7.0,21.0,1.0,0,323.0,0.0,53.0,1,1,1
7623,41.0,1.0,16.0,1.0,4,49.0,8.0,25.0,1,1,0
7624,19.0,2.0,16.0,1.0,1,449.0,1.0,30.0,0,1,0
7625,19.0,1.0,19.0,1.0,2,49.0,1.0,19.0,0,1,0
7626,40.0,1.0,22.0,5.0,3,16.0,2.0,40.0,1,1,0
7627,57.0,1.0,18.0,5.0,0,8.0,7.0,40.0,0,1,1
7628,44.0,1.0,21.0,1.0,2,55.0,1.0,45.0,1,0,1
7629,40.0,1.0,24.0,1.0,0,150.0,1.0,40.0,1,1,1
7630,61.0,2.0,19.0,5.0,1,6.0,7.0,40.0,0,1,1
7631,32.0,1.0,19.0,5.0,1,150.0,2.0,60.0,1,1,0
7632,21.0,1.0,21.0,5.0,2,20.0,0.0,38.0,0,1,0
7633,18.0,1.0,21.0,1.0,2,49.0,1.0,40.0,0,0,1
7634,26.0,1.0,21.0,1.0,0,8.0,0.0,62.0,1,1,1
7635,79.0,1.0,22.0,1.0,4,6.0,0.0,40.0,1,1,1
7636,20.0,1.0,16.0,5.0,0,527.0,7.0,35.0,1,1,1
7637,82.0,2.0,19.0,3.0,0,329.0,0.0,29.0,1,1,1
7638,31.0,3.0,21.0,5.0,0,49.0,7.0,40.0,1,1,0
7639,28.0,1.0,21.0,5.0,1,49.0,7.0,35.0,0,1,0
7640,36.0,1.0,16.0,1.0,0,160.0,0.0,30.0,0,1,1
7641,57.0,1.0,21.0,5.0,0,49.0,12.0,55.0,1,1,1
7642,61.0,1.0,20.0,1.0,0,51.0,0.0,40.0,1,1,1
7643,52.0,6.0,16.0,1.0,2,323.0,1.0,25.0,1,1,1
7644,23.0,1.0,21.0,1.0,3,370.0,1.0,40.0,1,1,1
7645,62.0,7.0,16.0,1.0,1,49.0,1.0,40.0,0,1,0
7646,45.0,3.0,19.0,5.0,0,49.0,0.0,20.0,0,1,0
7647,35.0,3.0,19.0,5.0,0,49.0,12.0,45.0,0,1,0
7648,23.0,5.0,21.0,1.0,4,49.0,0.0,40.0,0,1,1
7649,22.0,3.0,20.0,1.0,4,468.0,0.0,40.0,1,0,1
7650,33.0,4.0,18.0,5.0,2,303.0,2.0,20.0,1,1,0
7651,17.0,1.0,20.0,1.0,1,49.0,0.0,35.0,1,1,0
7652,48.0,7.0,21.0,1.0,3,49.0,0.0,32.0,1,1,1
7653,22.0,1.0,21.0,1.0,0,49.0,1.0,40.0,0,1,1
7654,52.0,4.0,20.0,5.0,1,49.0,2.0,30.0,0,1,0
7655,74.0,2.0,19.0,5.0,0,49.0,2.0,20.0,0,1,0
7656,67.0,4.0,17.0,1.0,3,49.0,0.0,20.0,1,1,1
7657,18.0,1.0,20.0,1.0,0,8.0,0.0,53.0,0,1,0
7658,74.0,1.0,16.0,1.0,1,49.0,0.0,15.0,0,1,0
7659,50.0,1.0,22.0,1.0,3,49.0,0.0,53.0,1,1,1
7660,87.0,2.0,16.0,1.0,0,451.0,1.0,50.0,1,0,1
7661,62.0,2.0,19.0,1.0,4,51.0,0.0,40.0,1,1,1
7662,54.0,1.0,18.0,1.0,0,49.0,0.0,40.0,0,1,1
7663,40.0,5.0,19.0,5.0,2,49.0,17.0,38.0,1,0,0
7664,17.0,1.0,19.0,1.0,0,49.0,1.0,35.0,0,1,0
7665,78.0,1.0,7.0,5.0,0,329.0,0.0,55.0,1,1,1
7666,58.0,1.0,16.0,1.0,0,214.0,1.0,40.0,0,1,0
7667,49.0,1.0,21.0,1.0,2,49.0,1.0,37.0,0,1,0
7668,44.0,1.0,21.0,1.0,1,451.0,1.0,14.0,0,1,0
7669,68.0,1.0,23.0,5.0,4,449.0,12.0,40.0,0,1,0
7670,41.0,1.0,17.0,1.0,1,49.0,1.0,23.0,0,1,0
7671,58.0,5.0,16.0,5.0,1,49.0,2.0,40.0,1,0,0
7672,68.0,2.0,24.0,1.0,4,49.0,5.0,40.0,1,1,1
7673,42.0,1.0,16.0,1.0,0,6.0,1.0,38.0,0,1,1
7674,31.0,4.0,18.0,1.0,3,49.0,0.0,40.0,1,1,0
7675,32.0,1.0,21.0,5.0,0,49.0,2.0,53.0,0,1,0
7676,24.0,1.0,16.0,1.0,4,49.0,1.0,42.0,0,1,0
7677,26.0,3.0,22.0,1.0,0,468.0,1.0,20.0,1,1,1
7678,48.0,5.0,13.0,3.0,4,49.0,0.0,15.0,1,1,0
7679,30.0,7.0,18.0,1.0,0,150.0,0.0,50.0,1,0,1
7680,46.0,1.0,16.0,1.0,5,49.0,0.0,40.0,0,1,0
7681,29.0,1.0,19.0,1.0,2,49.0,10.0,60.0,1,1,0
7682,55.0,1.0,16.0,1.0,0,329.0,1.0,40.0,1,0,0
7683,21.0,5.0,3.0,1.0,3,49.0,1.0,40.0,1,1,1
7684,50.0,1.0,23.0,5.0,4,51.0,2.0,40.0,0,1,0
7685,53.0,1.0,14.0,3.0,4,341.0,2.0,20.0,0,1,0
7686,62.0,1.0,17.0,1.0,1,203.0,0.0,15.0,0,1,0
7687,34.0,6.0,19.0,5.0,4,49.0,2.0,15.0,1,1,0
7688,51.0,1.0,19.0,1.0,2,49.0,0.0,40.0,1,1,1
7689,25.0,1.0,18.0,1.0,2,150.0,1.0,19.0,0,1,0
7690,26.0,7.0,19.0,3.0,0,214.0,0.0,25.0,1,0,1
7691,49.0,1.0,20.0,5.0,3,303.0,13.0,60.0,1,1,1
7692,52.0,3.0,21.0,5.0,1,49.0,2.0,48.0,1,1,0
7693,26.0,1.0,21.0,3.0,2,49.0,10.0,60.0,0,1,0
7694,75.0,1.0,22.0,2.0,4,8.0,2.0,20.0,1,1,1
7695,62.0,1.0,19.0,5.0,1,49.0,0.0,40.0,0,1,0
7696,18.0,1.0,20.0,5.0,2,49.0,17.0,40.0,1,0,0
7697,55.0,1.0,19.0,3.0,4,49.0,10.0,40.0,0,1,0
7698,69.0,4.0,18.0,5.0,4,16.0,17.0,40.0,0,1,0
7699,21.0,3.0,16.0,1.0,0,16.0,0.0,60.0,1,1,0
7700,18.0,5.0,19.0,5.0,1,49.0,2.0,40.0,1,1,0
7701,77.0,4.0,21.0,1.0,0,49.0,1.0,50.0,1,0,1
7702,26.0,1.0,21.0,1.0,0,203.0,1.0,40.0,1,1,1
7703,44.0,7.0,18.0,1.0,2,49.0,1.0,40.0,0,1,1
7704,30.0,1.0,21.0,3.0,3,49.0,0.0,50.0,1,0,1
7705,41.0,1.0,16.0,1.0,0,49.0,0.0,40.0,0,1,1
7706,47.0,4.0,21.0,1.0,0,6.0,0.0,25.0,1,1,1
7707,60.0,3.0,19.0,1.0,4,329.0,0.0,35.0,1,1,0
7708,44.0,1.0,21.0,1.0,1,6.0,1.0,40.0,0,1,1
7709,26.0,1.0,20.0,1.0,4,49.0,1.0,84.0,1,1,1
7710,43.0,1.0,15.0,1.0,0,49.0,1.0,40.0,1,1,0
7711,23.0,4.0,19.0,1.0,0,49.0,0.0,40.0,0,1,0
7712,20.0,6.0,19.0,5.0,4,49.0,0.0,40.0,1,1,0
7713,40.0,7.0,21.0,3.0,2,49.0,2.0,29.0,0,1,0
7714,41.0,1.0,19.0,1.0,3,508.0,1.0,45.0,1,1,1
7715,34.0,7.0,18.0,1.0,4,49.0,1.0,50.0,1,1,0
7716,23.0,1.0,20.0,1.0,2,49.0,1.0,40.0,0,1,0
7717,68.0,3.0,19.0,5.0,1,49.0,12.0,40.0,0,0,0
7718,27.0,3.0,21.0,5.0,0,49.0,2.0,20.0,0,0,0
7719,61.0,6.0,20.0,1.0,3,49.0,1.0,40.0,1,1,1
7720,62.0,7.0,15.0,1.0,0,49.0,0.0,40.0,1,1,1
7721,52.0,1.0,19.0,1.0,4,6.0,0.0,4.0,1,1,0
7722,22.0,3.0,16.0,1.0,0,49.0,0.0,45.0,0,1,1
7723,54.0,1.0,23.0,1.0,1,51.0,1.0,53.0,1,1,1
7724,39.0,7.0,16.0,5.0,4,49.0,2.0,40.0,1,1,0
7725,21.0,1.0,16.0,1.0,4,49.0,1.0,19.0,0,1,1
7726,30.0,1.0,22.0,1.0,0,49.0,0.0,40.0,0,1,1
7727,46.0,2.0,19.0,1.0,0,49.0,0.0,24.0,1,1,1
7728,51.0,2.0,17.0,1.0,0,16.0,0.0,30.0,1,1,1
7729,24.0,1.0,15.0,1.0,1,49.0,1.0,35.0,1,1,0
7730,28.0,5.0,22.0,1.0,2,49.0,0.0,40.0,1,1,1
7731,56.0,1.0,23.0,1.0,3,451.0,1.0,50.0,1,1,1
7732,60.0,1.0,16.0,4.0,4,468.0,0.0,60.0,1,0,1
7733,46.0,1.0,21.0,5.0,1,49.0,17.0,50.0,0,1,0
7734,41.0,1.0,16.0,5.0,4,49.0,0.0,40.0,0,0,0
7735,17.0,1.0,21.0,5.0,4,468.0,2.0,30.0,0,1,0
7736,28.0,1.0,19.0,5.0,2,49.0,2.0,40.0,0,0,0
7737,28.0,2.0,21.0,4.0,2,49.0,0.0,40.0,0,0,1
7738,38.0,1.0,22.0,1.0,0,49.0,1.0,24.0,1,1,1
7739,34.0,1.0,14.0,1.0,1,203.0,1.0,24.0,0,1,0
7740,58.0,1.0,16.0,3.0,2,20.0,0.0,15.0,0,1,1
7741,39.0,2.0,19.0,1.0,1,51.0,1.0,40.0,0,1,0
7742,32.0,1.0,16.0,5.0,4,49.0,0.0,40.0,0,1,0
7743,33.0,3.0,16.0,1.0,1,468.0,1.0,40.0,0,1,1
7744,42.0,1.0,20.0,1.0,0,51.0,0.0,50.0,0,1,1
7745,52.0,1.0,19.0,1.0,0,49.0,0.0,50.0,1,1,1
7746,79.0,1.0,14.0,1.0,1,49.0,1.0,40.0,0,1,0
7747,65.0,1.0,3.0,1.0,4,49.0,0.0,45.0,1,1,1
7748,31.0,2.0,21.0,1.0,1,49.0,0.0,40.0,0,1,0
7749,27.0,1.0,14.0,1.0,2,468.0,1.0,10.0,0,1,0
7750,82.0,3.0,21.0,1.0,1,51.0,0.0,68.0,1,1,1
7751,35.0,1.0,20.0,1.0,3,49.0,1.0,60.0,1,1,1
7752,75.0,2.0,16.0,1.0,3,49.0,1.0,55.0,1,1,1
7753,20.0,1.0,10.0,1.0,0,467.0,1.0,40.0,1,1,0
7754,60.0,1.0,21.0,1.0,0,49.0,1.0,55.0,1,1,1
7755,59.0,4.0,19.0,1.0,0,49.0,1.0,50.0,1,1,1
7756,68.0,1.0,19.0,5.0,4,49.0,12.0,19.0,1,1,0
7757,30.0,4.0,20.0,1.0,0,49.0,1.0,40.0,1,1,1
7758,22.0,1.0,20.0,5.0,0,51.0,17.0,20.0,0,1,0
7759,68.0,1.0,16.0,5.0,0,323.0,17.0,40.0,0,0,0
7760,32.0,1.0,16.0,1.0,0,49.0,1.0,40.0,1,1,1
7761,39.0,2.0,22.0,5.0,0,49.0,0.0,40.0,1,1,1
7762,43.0,1.0,16.0,1.0,4,49.0,0.0,30.0,0,1,0
7763,35.0,3.0,19.0,1.0,4,49.0,0.0,40.0,1,1,1
7764,49.0,1.0,14.0,5.0,1,49.0,12.0,60.0,1,1,0
7765,61.0,1.0,20.0,3.0,1,303.0,10.0,40.0,0,1,0
7766,44.0,1.0,19.0,5.0,4,49.0,2.0,8.0,1,1,0
7767,39.0,1.0,17.0,3.0,1,51.0,0.0,50.0,0,0,1
7768,30.0,1.0,16.0,1.0,0,51.0,0.0,4.0,1,1,0
7769,31.0,2.0,16.0,1.0,4,6.0,0.0,40.0,1,1,1
7770,26.0,7.0,14.0,1.0,0,49.0,0.0,40.0,0,0,0
7771,18.0,1.0,19.0,1.0,5,49.0,0.0,37.0,0,1,0
7772,21.0,5.0,16.0,1.0,-1,49.0,0.0,40.0,0,1,1
7773,44.0,4.0,18.0,1.0,1,214.0,1.0,40.0,0,1,0
7774,36.0,2.0,18.0,1.0,0,49.0,0.0,35.0,1,1,1
7775,18.0,1.0,16.0,1.0,2,23.0,1.0,20.0,1,0,0
7776,37.0,1.0,21.0,5.0,4,49.0,2.0,40.0,1,1,0
7777,47.0,1.0,21.0,5.0,2,49.0,2.0,40.0,0,1,0
7778,23.0,1.0,19.0,1.0,2,50.0,0.0,96.0,0,1,1
7779,32.0,1.0,20.0,5.0,2,49.0,7.0,40.0,0,1,0
7780,26.0,1.0,16.0,1.0,2,49.0,0.0,75.0,0,1,0
7781,61.0,4.0,22.0,1.0,4,49.0,1.0,45.0,1,1,1
7782,87.0,1.0,22.0,1.0,2,20.0,0.0,45.0,0,1,1
7783,69.0,1.0,10.0,1.0,4,49.0,0.0,39.0,1,1,0
7784,52.0,1.0,21.0,1.0,0,20.0,0.0,3.0,1,1,1
7785,44.0,1.0,18.0,1.0,1,49.0,1.0,40.0,0,1,0
7786,39.0,2.0,20.0,1.0,2,329.0,1.0,96.0,1,1,1
7787,36.0,1.0,16.0,1.0,0,49.0,0.0,50.0,1,1,1
7788,32.0,4.0,21.0,1.0,0,451.0,1.0,40.0,1,1,1
7789,87.0,6.0,23.0,1.0,0,329.0,0.0,35.0,1,1,1
7790,68.0,1.0,19.0,5.0,3,49.0,2.0,45.0,1,1,0
7791,31.0,1.0,19.0,1.0,2,329.0,0.0,55.0,1,1,1
7792,37.0,1.0,16.0,5.0,0,370.0,2.0,35.0,1,1,0
7793,78.0,1.0,19.0,5.0,1,150.0,12.0,40.0,0,1,0
7794,21.0,5.0,16.0,3.0,4,16.0,0.0,40.0,1,0,1
7795,44.0,1.0,21.0,1.0,0,150.0,1.0,30.0,1,1,1
7796,30.0,1.0,19.0,1.0,0,468.0,0.0,60.0,1,1,1
7797,30.0,1.0,22.0,3.0,0,150.0,0.0,50.0,1,1,1
7798,37.0,1.0,19.0,1.0,1,49.0,1.0,10.0,0,1,1
7799,79.0,1.0,22.0,1.0,0,6.0,0.0,60.0,1,0,1
7800,69.0,1.0,24.0,1.0,0,50.0,1.0,40.0,0,1,1
7801,61.0,1.0,21.0,5.0,0,49.0,2.0,40.0,0,1,0
7802,30.0,1.0,18.0,5.0,1,49.0,0.0,53.0,0,1,0
7803,40.0,1.0,23.0,5.0,2,323.0,7.0,40.0,1,1,0
7804,57.0,3.0,22.0,3.0,2,49.0,0.0,19.0,0,1,0
7805,30.0,1.0,18.0,5.0,1,49.0,2.0,19.0,0,1,0
7806,23.0,8.0,16.0,5.0,0,203.0,0.0,50.0,0,1,0
7807,39.0,1.0,22.0,5.0,3,214.0,0.0,25.0,1,1,1
7808,34.0,1.0,16.0,1.0,0,49.0,1.0,40.0,1,1,1
7809,47.0,1.0,16.0,1.0,0,49.0,0.0,40.0,0,1,1
7810,59.0,2.0,21.0,1.0,2,329.0,0.0,45.0,0,1,1
7811,20.0,2.0,22.0,1.0,2,370.0,0.0,40.0,1,1,1
7812,30.0,3.0,21.0,1.0,0,49.0,1.0,35.0,1,1,1
7813,54.0,4.0,16.0,1.0,1,49.0,0.0,96.0,0,1,0
7814,78.0,2.0,16.0,1.0,0,50.0,0.0,40.0,1,1,1
7815,67.0,7.0,22.0,1.0,3,51.0,0.0,40.0,1,0,1
7816,82.0,1.0,19.0,3.0,4,49.0,0.0,30.0,1,1,0
7817,30.0,2.0,24.0,1.0,0,30.0,0.0,45.0,1,1,1
7818,39.0,1.0,14.0,5.0,5,49.0,0.0,40.0,0,1,0
7819,43.0,6.0,16.0,5.0,1,303.0,12.0,20.0,1,1,0
7820,32.0,1.0,20.0,1.0,0,49.0,0.0,50.0,1,0,1
7821,51.0,5.0,22.0,1.0,4,51.0,1.0,50.0,1,1,1
7822,24.0,1.0,21.0,1.0,3,151.0,0.0,45.0,1,1,1
7823,23.0,1.0,16.0,5.0,2,370.0,16.0,40.0,0,1,0
7824,35.0,1.0,21.0,1.0,0,49.0,1.0,40.0,0,1,1
7825,45.0,6.0,19.0,1.0,4,468.0,0.0,15.0,1,1,1
7826,27.0,2.0,21.0,3.0,3,150.0,0.0,40.0,1,1,1
7827,41.0,1.0,19.0,1.0,1,49.0,9.0,35.0,1,1,0
7828,47.0,1.0,19.0,1.0,0,49.0,1.0,40.0,0,1,0
7829,34.0,1.0,21.0,2.0,0,45.0,2.0,40.0,1,1,1
7830,44.0,6.0,10.0,5.0,0,49.0,2.0,36.0,0,1,0
7831,20.0,6.0,16.0,1.0,1,203.0,1.0,50.0,0,1,0
7832,60.0,1.0,6.0,1.0,0,6.0,1.0,50.0,1,1,1
7833,19.0,1.0,21.0,5.0,4,6.0,13.0,40.0,1,0,1
7834,87.0,1.0,20.0,1.0,2,49.0,0.0,40.0,1,1,1
7835,18.0,1.0,16.0,1.0,3,49.0,0.0,40.0,1,1,1
7836,22.0,1.0,19.0,1.0,2,49.0,1.0,40.0,0,1,0
7837,53.0,6.0,16.0,1.0,1,214.0,1.0,50.0,1,1,1
7838,18.0,1.0,20.0,1.0,2,49.0,0.0,40.0,0,1,1
7839,47.0,1.0,5.0,1.0,0,214.0,0.0,40.0,0,1,1
7840,18.0,1.0,19.0,1.0,2,49.0,0.0,40.0,1,1,0
7841,44.0,4.0,19.0,5.0,2,49.0,0.0,40.0,0,1,0
7842,26.0,1.0,21.0,1.0,1,49.0,1.0,19.0,1,1,0
7843,28.0,1.0,20.0,1.0,0,508.0,9.0,8.0,0,1,0
7844,45.0,3.0,16.0,1.0,0,150.0,1.0,40.0,1,1,1
7845,25.0,1.0,21.0,1.0,2,6.0,0.0,40.0,1,1,1
7846,79.0,1.0,23.0,1.0,0,468.0,1.0,40.0,1,0,1
7847,84.0,6.0,16.0,1.0,0,50.0,9.0,8.0,0,1,0
7848,26.0,1.0,16.0,1.0,0,49.0,0.0,40.0,0,1,1
7849,44.0,8.0,19.0,1.0,0,203.0,1.0,68.0,0,1,0
7850,21.0,1.0,21.0,1.0,0,49.0,0.0,45.0,1,1,1
7851,40.0,1.0,19.0,1.0,2,51.0,1.0,3.0,0,1,0
7852,26.0,1.0,22.0,5.0,0,49.0,0.0,60.0,1,1,0
7853,18.0,1.0,19.0,1.0,3,214.0,0.0,20.0,1,1,0
7854,82.0,1.0,20.0,3.0,2,49.0,0.0,48.0,1,1,0
7855,69.0,2.0,20.0,1.0,1,49.0,0.0,45.0,0,0,1
7856,42.0,1.0,18.0,3.0,1,6.0,0.0,60.0,0,0,0
7857,40.0,1.0,23.0,1.0,1,49.0,1.0,20.0,0,1,0
7858,57.0,4.0,5.0,1.0,4,49.0,1.0,37.0,0,1,1
7859,51.0,1.0,15.0,5.0,1,508.0,2.0,55.0,0,1,0
7860,36.0,6.0,19.0,5.0,2,323.0,2.0,50.0,1,1,0
7861,62.0,1.0,16.0,1.0,3,160.0,1.0,40.0,1,0,1
7862,17.0,1.0,21.0,5.0,2,49.0,2.0,35.0,1,1,0
7863,27.0,1.0,21.0,5.0,0,214.0,7.0,40.0,0,1,1
7864,51.0,1.0,19.0,1.0,2,214.0,0.0,14.0,1,0,1
7865,44.0,1.0,21.0,1.0,4,49.0,0.0,8.0,1,0,0
7866,57.0,1.0,21.0,1.0,4,51.0,0.0,40.0,1,1,1
7867,24.0,1.0,19.0,5.0,1,214.0,16.0,60.0,0,1,0
7868,28.0,2.0,19.0,5.0,3,49.0,12.0,15.0,1,1,0
7869,41.0,8.0,19.0,1.0,0,49.0,1.0,24.0,0,1,0
7870,69.0,6.0,17.0,1.0,0,49.0,1.0,40.0,1,1,1
7871,41.0,1.0,21.0,1.0,1,49.0,0.0,40.0,0,1,0
7872,65.0,1.0,20.0,1.0,3,49.0,0.0,40.0,1,1,1
7873,51.0,2.0,18.0,5.0,4,49.0,12.0,40.0,0,1,0
7874,23.0,1.0,19.0,5.0,3,449.0,12.0,40.0,1,0,0
7875,26.0,4.0,21.0,1.0,0,329.0,0.0,50.0,1,1,1
7876,40.0,3.0,23.0,1.0,4,214.0,0.0,45.0,1,0,1
7877,84.0,4.0,22.0,1.0,0,49.0,1.0,40.0,1,1,1
7878,32.0,5.0,21.0,1.0,2,49.0,0.0,8.0,1,0,1
7879,57.0,1.0,20.0,1.0,0,49.0,1.0,40.0,0,1,0
7880,30.0,1.0,6.0,1.0,-1,49.0,1.0,40.0,0,1,1
7881,40.0,6.0,16.0,5.0,1,49.0,17.0,40.0,0,1,0
7882,52.0,1.0,5.0,1.0,2,49.0,0.0,40.0,0,1,1
7883,42.0,1.0,21.0,4.0,0,150.0,17.0,40.0,1,1,1
7884,17.0,3.0,23.0,1.0,4,49.0,0.0,20.0,1,1,0
7885,33.0,6.0,16.0,5.0,1,150.0,0.0,60.0,0,1,0
7886,77.0,2.0,21.0,5.0,1,49.0,12.0,45.0,0,1,0
7887,21.0,3.0,19.0,2.0,2,49.0,16.0,40.0,0,1,0
7888,92.0,1.0,19.0,1.0,4,49.0,0.0,40.0,0,0,0
7889,68.0,2.0,14.0,1.0,2,49.0,1.0,40.0,0,1,0
7890,64.0,1.0,20.0,1.0,2,49.0,1.0,50.0,0,1,1
7891,38.0,4.0,19.0,1.0,2,6.0,1.0,50.0,0,0,0
7892,87.0,2.0,16.0,1.0,0,55.0,0.0,55.0,1,0,0
7893,41.0,3.0,19.0,5.0,0,150.0,12.0,45.0,1,1,0
7894,42.0,4.0,16.0,5.0,0,49.0,7.0,40.0,1,1,1
7895,42.0,1.0,19.0,5.0,2,49.0,0.0,40.0,0,1,0
7896,62.0,2.0,20.0,1.0,0,6.0,1.0,40.0,1,1,1
7897,56.0,1.0,14.0,1.0,0,6.0,10.0,40.0,0,1,0
7898,54.0,1.0,21.0,1.0,0,49.0,0.0,60.0,0,1,1
7899,24.0,5.0,19.0,5.0,3,49.0,12.0,50.0,1,0,1
7900,82.0,4.0,19.0,1.0,-1,508.0,0.0,55.0,0,1,1
7901,21.0,1.0,18.0,1.0,4,49.0,0.0,60.0,1,1,0
7902,32.0,4.0,15.0,5.0,0,49.0,17.0,36.0,0,1,0
7903,22.0,1.0,16.0,1.0,0,49.0,9.0,45.0,0,1,0
7904,64.0,4.0,22.0,1.0,1,6.0,0.0,25.0,1,1,1
7905,65.0,2.0,22.0,5.0,0,451.0,0.0,40.0,1,1,0
7906,38.0,1.0,19.0,5.0,2,203.0,2.0,40.0,0,1,0
7907,24.0,1.0,18.0,5.0,2,49.0,2.0,50.0,0,1,0
7908,30.0,1.0,19.0,5.0,0,203.0,17.0,30.0,0,1,0
7909,59.0,1.0,19.0,1.0,1,49.0,5.0,40.0,0,1,0
7910,26.0,1.0,19.0,1.0,1,49.0,1.0,40.0,0,1,0
7911,54.0,5.0,20.0,1.0,4,49.0,1.0,40.0,0,0,1
7912,32.0,1.0,21.0,2.0,4,6.0,2.0,15.0,1,1,1
7913,43.0,1.0,21.0,1.0,4,49.0,6.0,20.0,1,1,1
7914,23.0,1.0,19.0,1.0,0,49.0,0.0,40.0,0,1,1
7915,30.0,7.0,21.0,5.0,0,49.0,2.0,40.0,0,1,1
7916,40.0,1.0,14.0,5.0,2,49.0,12.0,30.0,0,0,0
7917,30.0,1.0,19.0,1.0,4,51.0,1.0,40.0,0,1,0
7918,60.0,1.0,24.0,3.0,1,49.0,0.0,10.0,1,1,1
7919,69.0,1.0,19.0,1.0,4,49.0,0.0,25.0,0,1,0
7920,36.0,1.0,19.0,1.0,0,49.0,1.0,12.0,0,1,0
7921,26.0,4.0,19.0,5.0,1,49.0,12.0,40.0,0,1,0
7922,34.0,1.0,16.0,1.0,1,527.0,0.0,40.0,0,1,0
7923,30.0,3.0,16.0,1.0,3,49.0,1.0,15.0,0,0,0
7924,55.0,1.0,21.0,3.0,4,468.0,0.0,40.0,1,1,0
7925,21.0,1.0,17.0,1.0,2,49.0,1.0,40.0,1,1,1
7926,65.0,2.0,21.0,1.0,0,49.0,0.0,40.0,0,1,1
7927,23.0,1.0,19.0,1.0,0,49.0,0.0,40.0,1,1,1
7928,26.0,2.0,19.0,1.0,0,468.0,1.0,40.0,0,1,0
7929,53.0,1.0,21.0,3.0,3,467.0,2.0,20.0,1,1,0
7930,82.0,2.0,16.0,1.0,4,49.0,0.0,15.0,0,0,1
7931,41.0,1.0,16.0,1.0,0,49.0,0.0,40.0,0,1,1
7932,30.0,1.0,16.0,1.0,2,151.0,1.0,25.0,0,1,0
7933,40.0,2.0,22.0,1.0,3,49.0,0.0,61.0,1,1,1
7934,55.0,7.0,17.0,1.0,0,150.0,1.0,40.0,1,1,1
7935,44.0,1.0,16.0,1.0,2,49.0,0.0,50.0,1,1,1
7936,21.0,5.0,21.0,1.0,0,468.0,1.0,32.0,0,1,1
7937,92.0,3.0,16.0,1.0,0,49.0,1.0,40.0,1,0,0
7938,56.0,1.0,20.0,1.0,0,48.0,1.0,84.0,0,1,0
7939,25.0,1.0,21.0,5.0,0,49.0,2.0,40.0,1,1,1
7940,37.0,1.0,15.0,1.0,2,49.0,1.0,40.0,0,0,0
7941,23.0,1.0,19.0,1.0,4,49.0,1.0,40.0,1,1,0
7942,52.0,1.0,22.0,1.0,0,8.0,1.0,4.0,1,1,1
7943,36.0,2.0,22.0,1.0,0,8.0,1.0,30.0,1,1,1
7944,40.0,1.0,20.0,5.0,2,51.0,2.0,19.0,0,0,1
7945,21.0,7.0,19.0,1.0,-1,49.0,4.0,50.0,0,1,1
7946,60.0,1.0,16.0,1.0,0,16.0,0.0,40.0,1,1,1
7947,28.0,1.0,20.0,1.0,0,49.0,0.0,50.0,1,1,1
7948,61.0,1.0,21.0,1.0,0,49.0,0.0,35.0,0,1,0
7949,37.0,2.0,19.0,1.0,0,508.0,9.0,40.0,0,1,0
7950,82.0,3.0,21.0,1.0,3,49.0,0.0,84.0,1,0,1
7951,30.0,1.0,18.0,5.0,1,151.0,2.0,30.0,0,1,0
7952,28.0,3.0,21.0,3.0,2,49.0,0.0,20.0,1,1,1
7953,26.0,5.0,21.0,1.0,0,303.0,0.0,40.0,0,0,1
7954,44.0,8.0,16.0,1.0,2,49.0,0.0,20.0,0,1,0
7955,35.0,4.0,21.0,5.0,3,51.0,7.0,45.0,1,1,1
7956,20.0,1.0,19.0,1.0,2,49.0,0.0,60.0,1,1,0
7957,78.0,7.0,16.0,1.0,1,16.0,0.0,40.0,1,1,1
7958,36.0,1.0,21.0,1.0,0,49.0,0.0,40.0,0,1,1
7959,37.0,1.0,8.0,1.0,1,49.0,0.0,30.0,0,0,0
7960,75.0,6.0,18.0,5.0,1,49.0,0.0,45.0,0,1,0
7961,44.0,1.0,21.0,5.0,1,49.0,12.0,96.0,0,0,0
7962,79.0,4.0,21.0,4.0,2,150.0,0.0,60.0,1,0,1
7963,52.0,1.0,21.0,1.0,0,49.0,1.0,40.0,0,1,1
7964,48.0,1.0,19.0,1.0,0,49.0,1.0,40.0,1,1,1
7965,36.0,1.0,18.0,1.0,2,49.0,0.0,84.0,0,1,0
7966,51.0,1.0,21.0,3.0,1,51.0,0.0,53.0,1,1,0
7967,34.0,6.0,16.0,5.0,5,49.0,17.0,84.0,0,1,0
7968,30.0,4.0,16.0,1.0,3,8.0,1.0,40.0,1,1,1
7969,35.0,1.0,3.0,1.0,0,203.0,1.0,38.0,1,1,0
7970,26.0,1.0,19.0,1.0,0,203.0,1.0,40.0,0,1,0
7971,26.0,1.0,22.0,1.0,1,214.0,0.0,61.0,1,1,1
7972,53.0,1.0,7.0,1.0,1,49.0,0.0,40.0,1,1,1
7973,23.0,1.0,10.0,1.0,3,49.0,1.0,32.0,1,1,0
7974,40.0,1.0,16.0,5.0,3,49.0,2.0,50.0,1,1,0
7975,27.0,1.0,20.0,1.0,0,23.0,0.0,40.0,1,1,1
7976,37.0,1.0,15.0,1.0,1,49.0,1.0,68.0,1,1,0
7977,65.0,1.0,22.0,1.0,3,49.0,0.0,60.0,1,1,1
7978,68.0,1.0,21.0,5.0,2,51.0,2.0,48.0,0,1,0
7979,30.0,1.0,14.0,1.0,1,49.0,0.0,45.0,0,1,0
7980,31.0,1.0,22.0,1.0,0,49.0,0.0,19.0,0,0,1
7981,69.0,1.0,21.0,2.0,0,49.0,13.0,50.0,1,1,1
7982,28.0,5.0,17.0,1.0,0,49.0,0.0,3.0,0,1,1
7983,54.0,2.0,21.0,1.0,0,42.0,1.0,30.0,1,1,1
7984,20.0,4.0,23.0,3.0,4,49.0,2.0,30.0,1,0,1
7985,21.0,4.0,21.0,1.0,1,6.0,0.0,35.0,0,1,1
7986,26.0,1.0,5.0,1.0,2,49.0,5.0,30.0,0,1,1
7987,28.0,1.0,21.0,1.0,0,49.0,0.0,45.0,0,1,1
7988,28.0,1.0,19.0,1.0,1,6.0,0.0,40.0,0,1,0
7989,63.0,4.0,19.0,1.0,1,442.0,1.0,20.0,0,1,1
7990,64.0,2.0,20.0,3.0,1,49.0,10.0,24.0,0,1,0
7991,52.0,7.0,21.0,1.0,1,49.0,5.0,40.0,0,1,0
7992,57.0,1.0,21.0,1.0,2,49.0,1.0,40.0,0,1,0
7993,52.0,1.0,16.0,5.0,3,49.0,2.0,25.0,1,1,0
7994,56.0,2.0,8.0,5.0,2,49.0,17.0,35.0,0,1,0
7995,65.0,2.0,19.0,5.0,4,51.0,0.0,40.0,0,1,0
7996,31.0,1.0,19.0,3.0,3,49.0,2.0,12.0,0,1,0
7997,73.0,1.0,18.0,1.0,0,6.0,0.0,40.0,0,1,1
7998,32.0,1.0,21.0,1.0,2,49.0,1.0,30.0,0,1,0
7999,92.0,3.0,21.0,3.0,1,49.0,2.0,42.0,1,0,0
8000,53.0,2.0,19.0,2.0,2,49.0,16.0,37.0,0,1,0
8001,42.0,1.0,19.0,1.0,1,49.0,1.0,40.0,1,1,0
8002,30.0,2.0,18.0,5.0,1,49.0,2.0,40.0,0,1,0
8003,80.0,1.0,19.0,3.0,0,49.0,0.0,15.0,1,1,0
8004,49.0,2.0,21.0,1.0,2,23.0,0.0,12.0,0,1,1
8005,25.0,1.0,16.0,1.0,2,49.0,0.0,40.0,0,1,0
8006,48.0,3.0,20.0,5.0,2,49.0,13.0,40.0,1,1,1
8007,79.0,1.0,22.0,1.0,0,49.0,1.0,10.0,1,1,1
8008,44.0,1.0,19.0,1.0,0,49.0,1.0,25.0,0,1,1
8009,48.0,1.0,19.0,5.0,1,51.0,2.0,40.0,0,1,0
8010,37.0,7.0,13.0,1.0,4,49.0,1.0,20.0,1,1,1
8011,20.0,7.0,18.0,1.0,1,8.0,1.0,35.0,1,1,0
8012,56.0,1.0,18.0,5.0,2,451.0,2.0,40.0,0,1,0
8013,51.0,7.0,16.0,5.0,0,49.0,2.0,35.0,0,1,0
8014,24.0,1.0,21.0,1.0,4,16.0,1.0,38.0,1,0,0
8015,65.0,1.0,13.0,5.0,1,49.0,16.0,8.0,0,1,0
8016,44.0,1.0,16.0,1.0,-1,150.0,0.0,50.0,0,1,1
8017,26.0,6.0,23.0,1.0,2,49.0,0.0,50.0,1,1,1
8018,17.0,1.0,21.0,1.0,2,8.0,1.0,50.0,0,0,0
8019,76.0,7.0,19.0,5.0,0,49.0,0.0,40.0,0,1,0
8020,68.0,1.0,20.0,1.0,1,49.0,1.0,96.0,1,0,0
8021,20.0,1.0,16.0,5.0,2,23.0,12.0,40.0,0,1,0
8022,24.0,7.0,19.0,5.0,0,49.0,2.0,40.0,0,1,0
8023,82.0,1.0,16.0,1.0,2,49.0,1.0,40.0,1,1,1
8024,48.0,1.0,19.0,1.0,0,49.0,1.0,40.0,0,1,1
8025,34.0,1.0,20.0,2.0,1,30.0,10.0,20.0,0,1,0
8026,44.0,4.0,18.0,1.0,0,20.0,0.0,45.0,1,1,1
8027,40.0,2.0,23.0,1.0,0,49.0,1.0,50.0,0,1,1
8028,56.0,6.0,16.0,5.0,2,49.0,2.0,50.0,0,1,0
8029,51.0,3.0,21.0,5.0,0,55.0,17.0,20.0,0,1,0
8030,34.0,1.0,3.0,3.0,2,49.0,0.0,55.0,0,1,0
8031,67.0,1.0,20.0,5.0,1,49.0,2.0,40.0,0,1,0
8032,30.0,7.0,21.0,3.0,3,49.0,2.0,40.0,0,1,0
8033,35.0,1.0,21.0,3.0,0,8.0,0.0,40.0,0,1,1
8034,22.0,1.0,18.0,5.0,2,49.0,2.0,20.0,0,1,0
8035,74.0,1.0,20.0,1.0,2,49.0,0.0,50.0,0,1,1
8036,49.0,1.0,20.0,1.0,0,37.0,1.0,25.0,0,1,1
8037,56.0,6.0,22.0,1.0,0,49.0,1.0,50.0,1,1,1
8038,74.0,1.0,14.0,1.0,2,51.0,1.0,40.0,0,1,0
8039,30.0,6.0,21.0,1.0,1,49.0,0.0,12.0,0,1,1
8040,39.0,1.0,21.0,3.0,3,49.0,0.0,40.0,1,1,1
8041,45.0,7.0,17.0,1.0,3,48.0,0.0,40.0,1,1,1
8042,44.0,7.0,16.0,1.0,0,49.0,1.0,50.0,0,1,0
8043,54.0,1.0,19.0,1.0,2,303.0,0.0,35.0,1,1,1
8044,31.0,2.0,23.0,5.0,2,512.0,0.0,40.0,1,1,0
8045,44.0,4.0,18.0,3.0,4,151.0,0.0,40.0,1,1,0
8046,45.0,1.0,16.0,1.0,3,49.0,0.0,48.0,1,1,0
8047,19.0,4.0,21.0,1.0,2,329.0,0.0,40.0,0,1,1
8048,65.0,1.0,18.0,1.0,1,16.0,1.0,53.0,1,1,0
8049,41.0,1.0,16.0,5.0,1,49.0,2.0,40.0,0,1,0
8050,18.0,1.0,22.0,1.0,0,214.0,1.0,40.0,1,1,1
8051,37.0,1.0,19.0,1.0,0,49.0,1.0,20.0,1,1,1
8052,32.0,1.0,21.0,1.0,4,49.0,0.0,20.0,1,1,1
8053,79.0,1.0,18.0,5.0,0,49.0,2.0,40.0,1,1,0
8054,61.0,1.0,15.0,1.0,2,50.0,0.0,10.0,0,1,0
8055,21.0,1.0,17.0,1.0,0,49.0,0.0,10.0,1,1,1
8056,79.0,1.0,16.0,1.0,4,20.0,1.0,15.0,0,1,1
8057,32.0,1.0,21.0,1.0,2,49.0,0.0,50.0,0,1,0
8058,54.0,1.0,19.0,5.0,0,51.0,0.0,45.0,0,1,0
8059,52.0,2.0,19.0,3.0,2,49.0,0.0,42.0,0,1,0
8060,44.0,5.0,21.0,5.0,0,49.0,2.0,50.0,0,1,0
8061,26.0,1.0,21.0,5.0,4,49.0,0.0,40.0,1,1,0
8062,31.0,1.0,18.0,1.0,0,150.0,0.0,35.0,0,1,0
8063,35.0,1.0,16.0,3.0,0,48.0,0.0,53.0,0,1,0
8064,68.0,1.0,23.0,1.0,2,23.0,1.0,40.0,0,1,0
8065,43.0,1.0,19.0,1.0,2,6.0,1.0,40.0,0,1,0
8066,18.0,8.0,19.0,3.0,2,6.0,0.0,40.0,0,1,0
8067,31.0,3.0,19.0,1.0,0,49.0,1.0,30.0,1,1,1
8068,22.0,1.0,19.0,4.0,0,49.0,0.0,61.0,1,1,1
8069,32.0,1.0,19.0,1.0,2,49.0,0.0,40.0,0,1,0
8070,19.0,4.0,16.0,1.0,0,49.0,1.0,40.0,1,1,1
8071,32.0,1.0,16.0,1.0,3,49.0,1.0,53.0,1,1,0
8072,24.0,1.0,21.0,5.0,0,214.0,2.0,20.0,1,0,0
8073,25.0,1.0,15.0,1.0,2,6.0,0.0,55.0,0,1,0
8074,52.0,1.0,21.0,5.0,3,20.0,12.0,20.0,1,0,1
8075,27.0,1.0,21.0,1.0,0,203.0,0.0,50.0,1,1,1
8076,59.0,1.0,5.0,1.0,4,49.0,0.0,40.0,1,1,1
8077,92.0,7.0,16.0,1.0,2,451.0,0.0,40.0,0,1,0
8078,55.0,1.0,18.0,5.0,1,49.0,17.0,30.0,1,1,0
8079,57.0,4.0,20.0,1.0,2,16.0,0.0,35.0,0,1,0
8080,55.0,1.0,16.0,1.0,4,49.0,1.0,30.0,0,1,0
8081,24.0,1.0,19.0,1.0,0,49.0,0.0,48.0,0,1,0
8082,26.0,1.0,16.0,5.0,0,49.0,12.0,50.0,1,1,1
8083,32.0,1.0,22.0,1.0,0,468.0,0.0,40.0,1,0,1
8084,19.0,1.0,18.0,1.0,0,50.0,1.0,40.0,1,1,0
8085,30.0,1.0,16.0,5.0,1,49.0,0.0,60.0,0,1,0
8086,82.0,1.0,14.0,1.0,3,49.0,1.0,40.0,0,1,0
8087,65.0,5.0,21.0,1.0,0,323.0,0.0,19.0,1,0,1
8088,48.0,1.0,19.0,1.0,4,508.0,0.0,20.0,1,1,0
8089,60.0,1.0,13.0,1.0,1,49.0,1.0,40.0,0,1,0
8090,38.0,1.0,22.0,1.0,0,6.0,1.0,24.0,1,1,1
8091,43.0,4.0,23.0,2.0,1,6.0,1.0,40.0,1,1,1
8092,52.0,1.0,16.0,1.0,2,51.0,0.0,40.0,1,1,1
8093,45.0,1.0,15.0,5.0,4,49.0,2.0,40.0,1,1,0
8094,41.0,1.0,22.0,1.0,0,42.0,0.0,46.0,1,1,1
8095,18.0,1.0,22.0,1.0,0,508.0,5.0,45.0,1,1,1
8096,64.0,6.0,21.0,1.0,3,49.0,0.0,4.0,1,1,1
8097,18.0,1.0,16.0,1.0,1,49.0,5.0,25.0,1,1,1
8098,26.0,1.0,21.0,1.0,2,203.0,0.0,37.0,1,1,0
8099,20.0,3.0,19.0,1.0,1,329.0,0.0,30.0,0,1,1
8100,41.0,5.0,19.0,1.0,2,49.0,0.0,36.0,0,0,0
8101,45.0,1.0,21.0,5.0,3,329.0,16.0,45.0,1,1,0
8102,21.0,2.0,23.0,5.0,0,49.0,0.0,40.0,0,1,0
8103,49.0,1.0,21.0,1.0,0,49.0,1.0,40.0,0,1,0
8104,32.0,1.0,19.0,1.0,1,51.0,1.0,15.0,0,1,0
8105,29.0,1.0,16.0,5.0,1,49.0,2.0,40.0,1,1,0
8106,87.0,1.0,18.0,1.0,0,49.0,0.0,20.0,0,1,1
8107,80.0,1.0,21.0,3.0,0,48.0,0.0,42.0,1,1,1
8108,57.0,1.0,19.0,1.0,0,150.0,1.0,50.0,0,1,0
8109,64.0,4.0,16.0,1.0,3,49.0,1.0,32.0,1,1,0
8110,23.0,4.0,5.0,1.0,0,214.0,1.0,40.0,1,1,1
8111,68.0,1.0,16.0,1.0,0,49.0,0.0,50.0,1,1,1
8112,46.0,1.0,19.0,1.0,0,49.0,1.0,32.0,1,1,1
8113,25.0,1.0,16.0,4.0,0,442.0,13.0,55.0,0,1,1
8114,52.0,7.0,21.0,1.0,4,49.0,1.0,20.0,1,1,1
8115,17.0,1.0,20.0,5.0,0,49.0,16.0,40.0,0,0,0
8116,36.0,7.0,16.0,5.0,2,51.0,2.0,24.0,0,1,0
8117,25.0,1.0,21.0,1.0,1,49.0,1.0,30.0,0,1,0
8118,23.0,3.0,16.0,1.0,0,16.0,0.0,40.0,0,0,1
8119,60.0,3.0,19.0,5.0,1,50.0,12.0,40.0,1,0,0
8120,39.0,1.0,21.0,3.0,0,49.0,0.0,61.0,1,1,1
8121,38.0,6.0,18.0,1.0,4,468.0,1.0,35.0,1,1,0
8122,32.0,7.0,18.0,1.0,1,6.0,1.0,60.0,0,1,0
8123,22.0,1.0,19.0,1.0,4,303.0,1.0,30.0,1,0,1
8124,40.0,5.0,22.0,5.0,2,49.0,7.0,40.0,1,0,1
8125,20.0,1.0,21.0,1.0,0,49.0,0.0,20.0,0,1,0
8126,49.0,1.0,20.0,1.0,0,49.0,1.0,40.0,1,1,1
8127,73.0,2.0,20.0,3.0,0,20.0,0.0,40.0,1,0,1
8128,40.0,1.0,22.0,1.0,1,49.0,0.0,19.0,0,1,1
8129,17.0,1.0,22.0,1.0,4,203.0,0.0,96.0,1,1,1
8130,60.0,1.0,16.0,5.0,2,49.0,17.0,60.0,1,1,0
8131,65.0,1.0,17.0,1.0,0,49.0,0.0,40.0,1,0,1
8132,19.0,1.0,19.0,1.0,5,508.0,1.0,40.0,0,1,0
8133,69.0,7.0,21.0,4.0,3,214.0,0.0,24.0,1,1,1
8134,39.0,1.0,16.0,1.0,0,49.0,0.0,40.0,1,1,1
8135,59.0,1.0,20.0,3.0,0,49.0,0.0,96.0,0,1,0
8136,34.0,1.0,22.0,1.0,2,6.0,0.0,14.0,0,1,1
8137,27.0,1.0,16.0,5.0,2,49.0,12.0,25.0,0,0,0
8138,40.0,1.0,19.0,3.0,2,23.0,2.0,40.0,0,1,0
8139,62.0,6.0,16.0,1.0,2,6.0,0.0,40.0,1,1,0
8140,75.0,4.0,21.0,1.0,0,6.0,0.0,48.0,1,1,1
8141,62.0,1.0,21.0,1.0,2,203.0,0.0,40.0,0,1,1
8142,32.0,1.0,22.0,1.0,0,451.0,0.0,40.0,1,1,1
8143,46.0,1.0,19.0,5.0,1,49.0,0.0,40.0,0,0,0
8144,17.0,1.0,22.0,1.0,0,49.0,0.0,40.0,1,1,1
8145,50.0,1.0,19.0,1.0,0,323.0,10.0,45.0,0,0,0
8146,27.0,1.0,19.0,5.0,2,303.0,7.0,20.0,0,1,0
8147,31.0,1.0,16.0,5.0,2,203.0,0.0,40.0,0,1,1
8148,42.0,1.0,19.0,1.0,3,49.0,0.0,40.0,1,1,1
8149,84.0,1.0,19.0,1.0,0,6.0,1.0,68.0,0,1,0
8150,48.0,1.0,19.0,1.0,0,49.0,1.0,75.0,1,1,1
8151,25.0,6.0,22.0,1.0,0,49.0,1.0,25.0,0,1,1
8152,87.0,1.0,23.0,1.0,2,49.0,5.0,40.0,1,1,1
8153,32.0,1.0,16.0,1.0,0,6.0,1.0,45.0,1,1,1
8154,29.0,1.0,16.0,1.0,1,6.0,0.0,29.0,1,1,0
8155,22.0,1.0,19.0,1.0,1,49.0,0.0,15.0,1,1,0
8156,32.0,1.0,21.0,5.0,2,8.0,2.0,40.0,0,1,0
8157,32.0,1.0,19.0,5.0,0,151.0,2.0,40.0,0,1,0
8158,57.0,6.0,16.0,1.0,4,49.0,0.0,40.0,1,1,1
8159,21.0,1.0,16.0,3.0,0,150.0,0.0,40.0,1,1,1
8160,26.0,6.0,21.0,5.0,3,6.0,7.0,40.0,1,1,1
8161,29.0,1.0,22.0,1.0,2,150.0,1.0,40.0,1,0,0
8162,46.0,1.0,23.0,3.0,0,49.0,0.0,60.0,1,1,1
8163,42.0,1.0,19.0,1.0,4,329.0,1.0,50.0,1,1,1
8164,73.0,1.0,16.0,1.0,2,449.0,1.0,24.0,0,1,1
8165,28.0,1.0,20.0,5.0,0,512.0,2.0,15.0,1,1,0
8166,32.0,7.0,15.0,1.0,0,49.0,9.0,48.0,0,1,0
8167,32.0,1.0,16.0,5.0,3,51.0,2.0,50.0,1,1,0
8168,44.0,1.0,19.0,4.0,3,49.0,0.0,40.0,1,0,1
8169,68.0,1.0,22.0,1.0,2,49.0,0.0,30.0,0,1,1
8170,75.0,1.0,19.0,1.0,0,49.0,1.0,40.0,1,0,0
8171,62.0,2.0,21.0,5.0,1,49.0,2.0,37.0,1,0,0
8172,69.0,1.0,20.0,5.0,1,49.0,2.0,40.0,0,0,0
8173,56.0,1.0,14.0,5.0,2,49.0,0.0,40.0,0,1,0
8174,17.0,1.0,14.0,5.0,4,508.0,12.0,40.0,0,1,0
8175,34.0,1.0,22.0,1.0,4,49.0,1.0,45.0,1,1,1
8176,52.0,1.0,5.0,1.0,0,49.0,0.0,40.0,1,0,1
8177,60.0,1.0,21.0,3.0,0,49.0,0.0,48.0,1,1,1
8178,53.0,1.0,23.0,5.0,2,49.0,2.0,68.0,1,1,0
8179,60.0,1.0,21.0,5.0,2,49.0,12.0,40.0,1,1,0
8180,40.0,1.0,20.0,1.0,1,49.0,0.0,8.0,1,1,1
8181,82.0,6.0,23.0,1.0,1,527.0,1.0,50.0,0,1,0
8182,21.0,4.0,3.0,5.0,3,51.0,7.0,75.0,1,1,0
8183,17.0,1.0,19.0,1.0,0,49.0,1.0,96.0,1,0,0
8184,61.0,1.0,21.0,1.0,1,49.0,0.0,50.0,0,1,1
8185,65.0,2.0,16.0,5.0,0,49.0,12.0,36.0,0,1,0
8186,87.0,1.0,22.0,1.0,4,49.0,1.0,40.0,1,1,1
8187,64.0,1.0,21.0,1.0,1,6.0,0.0,20.0,1,1,1
8188,24.0,1.0,16.0,5.0,2,49.0,12.0,40.0,0,0,0
8189,74.0,1.0,14.0,1.0,0,49.0,0.0,40.0,0,1,0
8190,57.0,1.0,20.0,5.0,3,49.0,17.0,10.0,1,1,0
8191,31.0,7.0,21.0,3.0,0,8.0,0.0,40.0,1,1,1
8192,44.0,1.0,21.0,1.0,0,303.0,1.0,50.0,1,1,1
8193,51.0,7.0,21.0,5.0,0,51.0,2.0,40.0,0,0,1
8194,79.0,1.0,20.0,1.0,2,203.0,1.0,20.0,0,1,0
8195,21.0,1.0,22.0,1.0,2,323.0,1.0,40.0,1,1,1
8196,52.0,3.0,20.0,5.0,2,49.0,2.0,75.0,0,1,0
8197,52.0,3.0,20.0,1.0,1,49.0,1.0,40.0,1,1,0
8198,26.0,2.0,19.0,1.0,2,42.0,10.0,32.0,0,1,0
8199,18.0,1.0,7.0,1.0,2,42.0,0.0,40.0,1,1,1
8200,28.0,7.0,16.0,5.0,0,214.0,2.0,20.0,1,1,0
8201,58.0,1.0,20.0,1.0,0,49.0,0.0,26.0,1,0,1
8202,26.0,1.0,16.0,4.0,2,6.0,0.0,50.0,1,0,1
8203,62.0,1.0,19.0,5.0,1,49.0,17.0,50.0,1,1,0
8204,68.0,1.0,19.0,1.0,0,51.0,1.0,40.0,0,1,0
8205,41.0,2.0,18.0,1.0,2,49.0,0.0,40.0,0,1,0
8206,23.0,2.0,19.0,5.0,5,49.0,2.0,45.0,0,1,0
8207,30.0,2.0,21.0,5.0,0,49.0,16.0,61.0,0,1,0
8208,45.0,1.0,16.0,5.0,1,49.0,7.0,40.0,1,1,1
8209,69.0,1.0,16.0,1.0,0,20.0,1.0,40.0,1,1,1
8210,42.0,6.0,21.0,1.0,-1,49.0,0.0,30.0,0,1,1
8211,69.0,3.0,16.0,5.0,2,49.0,0.0,40.0,0,0,0
8212,68.0,1.0,16.0,5.0,2,49.0,12.0,35.0,0,1,0
8213,44.0,1.0,16.0,1.0,0,49.0,1.0,50.0,0,1,0
8214,24.0,1.0,18.0,1.0,4,49.0,0.0,40.0,1,1,1
8215,18.0,1.0,19.0,1.0,1,160.0,0.0,40.0,0,1,0
8216,44.0,1.0,21.0,5.0,3,49.0,17.0,40.0,1,1,0
8217,38.0,1.0,16.0,1.0,3,49.0,1.0,50.0,1,1,1
8218,62.0,1.0,19.0,1.0,0,370.0,0.0,20.0,1,1,1
8219,54.0,1.0,22.0,5.0,3,49.0,2.0,30.0,1,1,0
8220,61.0,2.0,21.0,1.0,0,49.0,1.0,30.0,0,1,1
8221,55.0,1.0,22.0,1.0,0,214.0,0.0,35.0,1,1,1
8222,35.0,1.0,16.0,1.0,2,49.0,0.0,40.0,0,1,0
8223,27.0,1.0,18.0,2.0,0,49.0,9.0,40.0,1,1,1
8224,45.0,2.0,18.0,1.0,0,55.0,1.0,39.0,1,1,1
8225,51.0,3.0,16.0,3.0,1,51.0,10.0,40.0,0,1,0
8226,77.0,5.0,20.0,3.0,0,49.0,10.0,10.0,0,0,0
8227,21.0,1.0,17.0,3.0,4,49.0,0.0,40.0,1,1,1
8228,84.0,1.0,21.0,1.0,0,49.0,0.0,30.0,1,1,1
8229,39.0,7.0,16.0,1.0,0,6.0,1.0,40.0,0,1,1
8230,44.0,1.0,19.0,1.0,4,55.0,0.0,40.0,1,1,1
8231,37.0,1.0,7.0,1.0,2,323.0,0.0,48.0,1,1,1
8232,18.0,5.0,20.0,1.0,1,49.0,0.0,40.0,1,1,0
8233,26.0,1.0,19.0,5.0,2,508.0,17.0,40.0,0,1,0
8234,27.0,1.0,21.0,5.0,5,49.0,2.0,40.0,0,1,0
8235,46.0,1.0,21.0,1.0,0,49.0,0.0,30.0,0,1,1
8236,62.0,1.0,23.0,1.0,4,150.0,0.0,30.0,1,1,1
8237,35.0,7.0,18.0,5.0,1,451.0,0.0,30.0,0,0,0
8238,69.0,1.0,14.0,5.0,1,49.0,2.0,40.0,0,1,0
8239,62.0,1.0,19.0,5.0,3,370.0,12.0,40.0,1,1,0
8240,42.0,7.0,23.0,1.0,0,6.0,1.0,39.0,1,1,1
8241,40.0,7.0,5.0,1.0,2,49.0,1.0,25.0,1,1,1
8242,64.0,1.0,19.0,5.0,1,468.0,2.0,20.0,0,1,0
8243,32.0,7.0,21.0,1.0,0,323.0,0.0,40.0,1,1,1
8244,38.0,1.0,19.0,1.0,3,49.0,0.0,40.0,1,1,1
8245,26.0,1.0,21.0,4.0,2,16.0,0.0,40.0,1,0,1
8246,32.0,1.0,20.0,1.0,4,49.0,1.0,60.0,1,0,0
8247,20.0,1.0,20.0,3.0,4,49.0,2.0,37.0,1,1,1
8248,41.0,1.0,18.0,5.0,0,303.0,17.0,50.0,1,1,0
8249,25.0,2.0,18.0,5.0,4,49.0,2.0,25.0,1,1,0
8250,27.0,3.0,22.0,5.0,2,303.0,7.0,60.0,1,1,1
8251,21.0,6.0,21.0,1.0,0,150.0,0.0,40.0,0,1,1
8252,82.0,1.0,8.0,5.0,2,16.0,17.0,15.0,0,1,0
8253,50.0,1.0,16.0,1.0,3,49.0,0.0,55.0,1,1,0
8254,55.0,1.0,23.0,5.0,0,49.0,17.0,8.0,1,1,0
8255,65.0,1.0,14.0,5.0,4,49.0,2.0,35.0,0,1,0
8256,87.0,1.0,16.0,1.0,0,50.0,1.0,45.0,0,1,1
8257,82.0,1.0,7.0,1.0,4,449.0,1.0,40.0,1,1,1
8258,42.0,1.0,19.0,1.0,2,49.0,0.0,40.0,1,1,1
8259,21.0,1.0,19.0,1.0,2,370.0,1.0,40.0,0,1,0
8260,18.0,1.0,19.0,1.0,4,49.0,0.0,30.0,0,1,0
8261,38.0,2.0,21.0,1.0,2,49.0,0.0,48.0,1,1,1
8262,32.0,1.0,19.0,5.0,1,49.0,2.0,55.0,0,1,0
8263,20.0,5.0,24.0,1.0,1,49.0,1.0,32.0,1,1,1
8264,54.0,1.0,19.0,1.0,0,49.0,0.0,60.0,1,1,1
8265,25.0,1.0,16.0,1.0,4,49.0,1.0,60.0,1,1,0
8266,79.0,3.0,19.0,1.0,0,150.0,1.0,40.0,0,1,1
8267,62.0,1.0,18.0,5.0,4,329.0,17.0,20.0,1,0,0
8268,28.0,1.0,23.0,5.0,4,6.0,7.0,60.0,1,1,1
8269,79.0,1.0,22.0,1.0,3,49.0,1.0,14.0,1,1,0
8270,33.0,3.0,18.0,1.0,0,49.0,1.0,48.0,0,1,1
8271,61.0,1.0,21.0,1.0,4,50.0,1.0,40.0,1,1,0
8272,59.0,1.0,21.0,1.0,0,303.0,1.0,36.0,0,1,1
8273,49.0,1.0,21.0,1.0,2,23.0,1.0,84.0,0,1,1
8274,43.0,2.0,23.0,1.0,2,49.0,1.0,45.0,1,1,1
8275,41.0,1.0,18.0,5.0,1,49.0,12.0,40.0,0,1,0
8276,58.0,1.0,19.0,3.0,4,6.0,0.0,42.0,1,0,1
8277,46.0,4.0,21.0,5.0,2,49.0,7.0,45.0,1,0,1
8278,59.0,2.0,19.0,1.0,3,49.0,5.0,20.0,1,1,1
8279,84.0,4.0,20.0,5.0,2,49.0,0.0,40.0,0,1,0
8280,42.0,1.0,16.0,5.0,2,49.0,2.0,40.0,0,1,0
8281,26.0,3.0,21.0,5.0,2,49.0,17.0,53.0,0,0,0
8282,32.0,1.0,20.0,1.0,2,323.0,0.0,45.0,1,1,1
8283,68.0,1.0,21.0,1.0,0,467.0,1.0,50.0,1,1,1
8284,58.0,1.0,21.0,1.0,0,49.0,9.0,48.0,0,1,0
8285,60.0,1.0,19.0,1.0,4,49.0,1.0,96.0,1,1,1
8286,29.0,4.0,21.0,1.0,0,49.0,0.0,40.0,1,1,1
8287,17.0,1.0,18.0,5.0,3,467.0,12.0,20.0,1,0,0
8288,54.0,1.0,21.0,1.0,2,6.0,10.0,18.0,0,1,0
8289,25.0,7.0,23.0,4.0,0,468.0,17.0,3.0,1,1,1
8290,47.0,1.0,19.0,5.0,2,6.0,2.0,24.0,1,1,0
8291,30.0,1.0,19.0,5.0,1,49.0,2.0,40.0,1,1,0
8292,30.0,1.0,22.0,1.0,4,6.0,0.0,20.0,1,1,1
8293,34.0,1.0,16.0,1.0,1,51.0,1.0,14.0,0,1,0
8294,21.0,7.0,19.0,1.0,4,49.0,1.0,40.0,1,1,1
8295,30.0,1.0,19.0,1.0,4,49.0,0.0,40.0,0,1,0
8296,23.0,1.0,16.0,1.0,0,150.0,0.0,40.0,0,1,0
8297,47.0,1.0,19.0,1.0,2,303.0,10.0,40.0,0,1,0
8298,52.0,1.0,16.0,5.0,5,49.0,2.0,45.0,0,1,0
8299,34.0,5.0,17.0,4.0,0,49.0,0.0,40.0,0,0,1
8300,39.0,7.0,16.0,1.0,4,329.0,1.0,30.0,1,1,1
8301,82.0,1.0,15.0,5.0,1,49.0,12.0,40.0,1,1,0
8302,23.0,4.0,14.0,5.0,2,51.0,2.0,60.0,0,1,0
8303,32.0,1.0,22.0,1.0,0,49.0,1.0,40.0,1,1,1
8304,40.0,1.0,21.0,1.0,4,49.0,1.0,40.0,0,1,0
8305,69.0,2.0,16.0,1.0,2,49.0,0.0,40.0,0,1,1
8306,21.0,1.0,18.0,5.0,1,49.0,5.0,40.0,0,1,0
8307,22.0,1.0,19.0,1.0,0,49.0,9.0,30.0,1,1,1
8308,61.0,1.0,22.0,1.0,4,49.0,1.0,40.0,1,1,1
8309,25.0,1.0,21.0,1.0,0,49.0,0.0,40.0,1,0,1
8310,21.0,3.0,18.0,5.0,2,49.0,2.0,40.0,1,0,0
8311,46.0,1.0,16.0,1.0,0,468.0,1.0,30.0,0,1,0
8312,61.0,1.0,19.0,5.0,1,49.0,0.0,40.0,0,0,0
8313,19.0,3.0,19.0,1.0,0,51.0,0.0,19.0,0,1,1
8314,22.0,4.0,16.0,1.0,0,49.0,0.0,45.0,0,1,0
8315,31.0,3.0,16.0,1.0,2,49.0,0.0,40.0,0,1,0
8316,68.0,5.0,19.0,1.0,2,49.0,0.0,40.0,1,0,1
8317,53.0,4.0,22.0,1.0,0,49.0,0.0,45.0,1,1,1
8318,22.0,1.0,18.0,5.0,0,151.0,2.0,45.0,0,1,0
8319,58.0,1.0,20.0,1.0,3,49.0,1.0,15.0,1,1,0
8320,38.0,1.0,19.0,5.0,2,49.0,2.0,55.0,0,1,0
8321,76.0,3.0,21.0,1.0,4,303.0,1.0,12.0,1,1,0
8322,40.0,7.0,22.0,3.0,0,20.0,0.0,40.0,0,1,1
8323,26.0,1.0,18.0,1.0,1,6.0,0.0,30.0,1,1,1
8324,54.0,1.0,21.0,1.0,2,49.0,0.0,40.0,0,1,1
8325,51.0,1.0,21.0,1.0,0,49.0,1.0,40.0,1,1,1
8326,82.0,1.0,15.0,1.0,3,49.0,5.0,40.0,1,1,0
8327,53.0,1.0,16.0,5.0,0,20.0,5.0,4.0,0,1,0
8328,52.0,1.0,17.0,5.0,1,303.0,0.0,50.0,1,0,0
8329,42.0,5.0,21.0,1.0,2,49.0,1.0,10.0,1,0,1
8330,82.0,7.0,6.0,1.0,0,49.0,1.0,40.0,1,1,1
8331,48.0,1.0,19.0,5.0,0,20.0,2.0,35.0,0,1,0
8332,18.0,1.0,19.0,5.0,2,23.0,0.0,20.0,1,1,0
8333,28.0,4.0,19.0,1.0,0,49.0,0.0,35.0,1,1,1
8334,23.0,1.0,22.0,1.0,0,49.0,0.0,40.0,1,1,1
8335,26.0,1.0,21.0,1.0,1,6.0,1.0,45.0,0,1,0
8336,35.0,1.0,23.0,1.0,2,6.0,0.0,14.0,0,1,1
8337,18.0,7.0,21.0,3.0,3,49.0,0.0,45.0,1,1,0
8338,45.0,1.0,21.0,1.0,4,49.0,1.0,40.0,1,1,1
8339,87.0,1.0,18.0,5.0,2,303.0,2.0,40.0,0,1,0
8340,49.0,1.0,20.0,1.0,2,49.0,0.0,25.0,1,1,1
8341,31.0,2.0,21.0,5.0,4,50.0,12.0,61.0,0,1,0
8342,21.0,1.0,22.0,1.0,2,449.0,1.0,84.0,0,1,1
8343,52.0,1.0,19.0,1.0,2,49.0,0.0,40.0,1,1,0
8344,57.0,1.0,15.0,1.0,2,20.0,1.0,18.0,0,1,0
8345,54.0,1.0,21.0,5.0,0,42.0,13.0,40.0,1,1,1
8346,25.0,1.0,16.0,1.0,2,49.0,0.0,45.0,0,1,0
8347,55.0,1.0,16.0,5.0,3,51.0,0.0,40.0,1,0,0
8348,25.0,1.0,16.0,1.0,1,20.0,0.0,50.0,0,1,0
8349,56.0,1.0,18.0,2.0,1,49.0,10.0,30.0,0,1,0
8350,18.0,5.0,21.0,1.0,2,329.0,1.0,32.0,1,1,1
8351,28.0,1.0,19.0,1.0,1,323.0,0.0,40.0,1,1,1
8352,34.0,1.0,19.0,1.0,0,49.0,0.0,40.0,0,1,0
8353,56.0,1.0,19.0,5.0,2,449.0,2.0,30.0,0,1,0
8354,92.0,1.0,20.0,5.0,2,49.0,17.0,40.0,1,1,0
8355,43.0,1.0,20.0,5.0,0,329.0,2.0,40.0,0,0,1
8356,51.0,2.0,19.0,5.0,1,49.0,2.0,14.0,0,1,0
8357,49.0,1.0,15.0,1.0,0,303.0,9.0,40.0,0,1,0
8358,30.0,1.0,20.0,5.0,1,50.0,5.0,55.0,0,1,0
8359,46.0,1.0,18.0,1.0,1,49.0,1.0,45.0,0,1,0
8360,45.0,3.0,22.0,1.0,0,6.0,0.0,10.0,1,0,1
8361,32.0,1.0,21.0,1.0,0,49.0,1.0,40.0,1,1,1
8362,82.0,4.0,21.0,1.0,3,49.0,0.0,48.0,1,1,1
8363,50.0,3.0,15.0,5.0,3,49.0,17.0,15.0,1,0,0
8364,43.0,1.0,16.0,5.0,2,49.0,2.0,30.0,1,1,0
8365,56.0,3.0,16.0,1.0,0,449.0,0.0,24.0,0,1,0
8366,56.0,1.0,23.0,1.0,0,49.0,0.0,20.0,1,1,1
8367,44.0,1.0,17.0,1.0,1,49.0,0.0,45.0,1,1,1
8368,28.0,4.0,14.0,1.0,3,49.0,2.0,40.0,1,0,0
8369,36.0,6.0,16.0,1.0,2,49.0,1.0,40.0,0,1,0
8370,24.0,1.0,18.0,1.0,2,20.0,1.0,40.0,0,1,0
8371,25.0,7.0,21.0,5.0,1,49.0,12.0,12.0,0,1,0
8372,44.0,6.0,21.0,1.0,0,8.0,1.0,18.0,1,1,1
8373,56.0,1.0,21.0,1.0,2,508.0,1.0,40.0,1,1,1
8374,23.0,1.0,19.0,1.0,2,49.0,0.0,50.0,1,1,1
8375,25.0,1.0,20.0,1.0,0,449.0,1.0,50.0,1,1,1
8376,30.0,1.0,19.0,1.0,0,49.0,1.0,40.0,1,1,1
8377,56.0,1.0,19.0,1.0,0,49.0,6.0,40.0,0,1,1
8378,26.0,4.0,21.0,5.0,3,49.0,17.0,40.0,1,1,0
8379,32.0,1.0,22.0,1.0,0,20.0,1.0,84.0,1,1,1
8380,18.0,1.0,21.0,1.0,1,214.0,0.0,30.0,0,1,0
8381,34.0,1.0,23.0,1.0,5,6.0,10.0,40.0,0,1,0
8382,47.0,1.0,20.0,1.0,0,150.0,0.0,35.0,1,1,1
8383,35.0,3.0,19.0,1.0,4,49.0,1.0,45.0,1,1,0
8384,33.0,6.0,16.0,1.0,4,49.0,1.0,75.0,1,1,0
8385,82.0,1.0,14.0,1.0,0,49.0,1.0,40.0,1,1,0
8386,53.0,1.0,22.0,3.0,0,48.0,0.0,40.0,0,1,1
8387,55.0,5.0,22.0,1.0,0,49.0,0.0,40.0,0,1,1
8388,27.0,5.0,19.0,1.0,4,49.0,0.0,40.0,1,1,1
8389,25.0,1.0,16.0,1.0,3,49.0,0.0,20.0,1,1,0
8390,65.0,1.0,15.0,1.0,1,49.0,1.0,30.0,1,1,0
8391,20.0,1.0,19.0,1.0,3,49.0,1.0,53.0,1,1,0
8392,26.0,1.0,21.0,1.0,0,49.0,0.0,18.0,1,1,1
8393,41.0,1.0,17.0,1.0,4,51.0,0.0,40.0,1,1,1
8394,35.0,1.0,19.0,5.0,2,303.0,2.0,24.0,0,1,0
8395,82.0,2.0,19.0,5.0,4,49.0,15.0,68.0,1,1,0
8396,31.0,6.0,16.0,5.0,1,49.0,0.0,40.0,0,1,1
8397,21.0,1.0,21.0,1.0,0,150.0,0.0,40.0,1,1,1
8398,36.0,4.0,16.0,1.0,2,49.0,1.0,40.0,0,1,1
8399,45.0,1.0,23.0,1.0,0,49.0,1.0,40.0,1,1,0
8400,79.0,3.0,19.0,5.0,4,16.0,17.0,40.0,1,1,0
8401,43.0,1.0,21.0,5.0,0,16.0,2.0,61.0,0,1,0
8402,56.0,5.0,21.0,1.0,1,49.0,0.0,91.0,1,0,1
8403,74.0,7.0,16.0,1.0,0,16.0,0.0,60.0,0,1,1
8404,18.0,4.0,16.0,1.0,0,49.0,0.0,35.0,0,1,1
8405,61.0,1.0,20.0,1.0,2,49.0,1.0,20.0,0,1,0
8406,26.0,1.0,7.0,1.0,4,303.0,1.0,14.0,1,1,1
8407,38.0,7.0,16.0,1.0,2,49.0,1.0,50.0,1,1,1
8408,56.0,1.0,19.0,3.0,2,49.0,0.0,40.0,1,1,0
8409,27.0,1.0,20.0,1.0,0,214.0,0.0,60.0,1,1,1
8410,80.0,7.0,18.0,4.0,2,23.0,13.0,40.0,0,0,1
8411,37.0,1.0,19.0,5.0,3,51.0,2.0,40.0,1,1,0
8412,69.0,1.0,22.0,1.0,-1,323.0,1.0,24.0,0,1,1
8413,44.0,1.0,19.0,5.0,1,451.0,17.0,36.0,1,1,0
8414,87.0,1.0,22.0,5.0,1,151.0,2.0,35.0,1,1,1
8415,18.0,3.0,19.0,5.0,2,49.0,7.0,40.0,1,1,0
8416,48.0,1.0,18.0,5.0,2,37.0,2.0,3.0,0,1,0
8417,54.0,1.0,16.0,1.0,0,323.0,1.0,23.0,0,1,1
8418,65.0,1.0,22.0,1.0,0,8.0,1.0,60.0,1,1,1
8419,76.0,1.0,21.0,1.0,0,49.0,0.0,12.0,0,1,1
8420,52.0,1.0,15.0,2.0,1,6.0,10.0,25.0,0,1,0
8421,55.0,1.0,19.0,5.0,4,49.0,0.0,24.0,1,0,0
8422,54.0,1.0,22.0,1.0,1,6.0,0.0,14.0,1,1,1
8423,26.0,1.0,3.0,1.0,2,6.0,1.0,50.0,0,1,0
8424,54.0,1.0,21.0,1.0,0,323.0,0.0,30.0,0,1,1
8425,19.0,1.0,19.0,2.0,3,49.0,9.0,40.0,1,1,1
8426,36.0,1.0,22.0,1.0,1,16.0,1.0,91.0,0,1,0
8427,28.0,1.0,21.0,3.0,0,214.0,0.0,20.0,1,1,1
8428,23.0,1.0,16.0,5.0,4,49.0,16.0,40.0,1,1,0
8429,41.0,7.0,19.0,1.0,0,6.0,6.0,14.0,0,1,1
8430,82.0,4.0,21.0,1.0,2,151.0,0.0,60.0,0,1,1
8431,37.0,1.0,21.0,1.0,0,449.0,0.0,40.0,1,1,1
8432,28.0,1.0,20.0,5.0,2,150.0,0.0,45.0,0,1,0
8433,22.0,7.0,24.0,1.0,4,49.0,1.0,50.0,1,1,1
8434,38.0,1.0,22.0,1.0,0,49.0,1.0,40.0,1,1,1
8435,19.0,1.0,21.0,5.0,0,150.0,7.0,30.0,0,1,1
8436,34.0,1.0,19.0,2.0,0,203.0,6.0,40.0,1,1,1
8437,55.0,1.0,14.0,3.0,2,16.0,0.0,40.0,0,1,0
8438,25.0,1.0,19.0,1.0,0,49.0,0.0,15.0,1,1,1
8439,29.0,1.0,8.0,1.0,3,49.0,1.0,19.0,1,1,0
8440,44.0,1.0,18.0,5.0,4,49.0,7.0,35.0,1,1,0
8441,24.0,4.0,22.0,1.0,2,49.0,0.0,40.0,1,1,1
8442,24.0,1.0,17.0,1.0,2,49.0,5.0,15.0,0,1,0
8443,51.0,2.0,19.0,1.0,0,203.0,4.0,40.0,0,1,0
8444,35.0,1.0,16.0,5.0,0,150.0,2.0,40.0,1,0,0
8445,39.0,1.0,19.0,5.0,2,6.0,15.0,40.0,0,1,0
8446,21.0,1.0,16.0,5.0,2,16.0,0.0,40.0,0,1,0
8447,54.0,1.0,19.0,1.0,0,16.0,1.0,50.0,0,1,1
8448,28.0,1.0,21.0,1.0,1,468.0,1.0,40.0,1,1,1
8449,39.0,1.0,16.0,5.0,2,49.0,2.0,40.0,0,1,0
8450,26.0,1.0,19.0,1.0,2,150.0,0.0,20.0,0,1,0
8451,25.0,1.0,16.0,1.0,1,49.0,0.0,40.0,1,1,1
8452,40.0,1.0,14.0,5.0,0,49.0,0.0,10.0,0,1,0
8453,92.0,6.0,21.0,2.0,0,49.0,2.0,20.0,0,1,1
8454,52.0,1.0,21.0,1.0,3,468.0,0.0,35.0,1,1,1
8455,26.0,1.0,16.0,5.0,2,48.0,2.0,50.0,1,1,0
8456,34.0,3.0,19.0,5.0,0,329.0,0.0,40.0,0,1,0
8457,26.0,3.0,20.0,5.0,5,49.0,2.0,25.0,0,1,0
8458,48.0,1.0,17.0,1.0,4,6.0,1.0,40.0,1,1,1
8459,64.0,2.0,21.0,1.0,0,49.0,1.0,40.0,0,1,1
8460,62.0,1.0,20.0,5.0,1,49.0,2.0,20.0,0,1,0
8461,51.0,1.0,16.0,3.0,0,49.0,0.0,30.0,1,0,1
8462,46.0,1.0,19.0,5.0,1,55.0,0.0,40.0,1,1,0
8463,19.0,5.0,21.0,1.0,3,49.0,1.0,25.0,1,0,1
8464,39.0,1.0,21.0,1.0,0,49.0,1.0,60.0,0,1,0
8465,41.0,1.0,21.0,1.0,2,8.0,1.0,40.0,0,1,1
8466,26.0,1.0,18.0,5.0,1,49.0,12.0,30.0,0,1,0
8467,24.0,1.0,15.0,1.0,2,49.0,8.0,50.0,0,1,0
8468,82.0,7.0,20.0,1.0,2,49.0,1.0,32.0,1,1,1
8469,32.0,1.0,19.0,1.0,2,151.0,1.0,40.0,0,0,0
8470,35.0,1.0,16.0,1.0,1,49.0,0.0,40.0,1,1,1
8471,74.0,7.0,21.0,1.0,0,8.0,0.0,19.0,1,1,1
8472,68.0,1.0,19.0,5.0,1,42.0,2.0,40.0,0,1,0
8473,34.0,5.0,19.0,1.0,0,6.0,1.0,40.0,1,1,0
8474,46.0,2.0,16.0,1.0,0,51.0,0.0,55.0,1,1,1
8475,51.0,1.0,21.0,1.0,3,150.0,0.0,40.0,1,1,0
8476,32.0,1.0,19.0,1.0,0,8.0,0.0,60.0,1,1,0
8477,44.0,1.0,23.0,1.0,0,49.0,0.0,40.0,0,1,1
8478,52.0,1.0,21.0,1.0,0,468.0,1.0,60.0,0,1,1
8479,62.0,2.0,16.0,5.0,4,49.0,2.0,84.0,0,1,0
8480,73.0,1.0,19.0,5.0,3,6.0,2.0,15.0,1,1,0
8481,53.0,1.0,14.0,1.0,2,49.0,0.0,18.0,0,1,0
8482,61.0,1.0,21.0,5.0,1,49.0,12.0,40.0,0,1,0
8483,27.0,4.0,16.0,3.0,1,45.0,0.0,40.0,0,1,1
8484,24.0,4.0,19.0,1.0,1,49.0,1.0,36.0,1,1,0
8485,35.0,2.0,21.0,5.0,1,49.0,2.0,24.0,1,0,0
8486,35.0,6.0,21.0,1.0,0,49.0,0.0,60.0,0,1,1
8487,56.0,1.0,22.0,4.0,2,49.0,0.0,45.0,1,0,1
8488,44.0,1.0,14.0,1.0,3,449.0,1.0,20.0,1,1,0
8489,62.0,1.0,16.0,1.0,4,329.0,0.0,35.0,1,0,0
8490,28.0,3.0,19.0,1.0,2,49.0,1.0,60.0,0,1,1
8491,37.0,1.0,22.0,3.0,3,449.0,0.0,18.0,1,1,1
8492,65.0,6.0,21.0,1.0,1,49.0,0.0,4.0,0,1,0
8493,18.0,1.0,14.0,1.0,2,49.0,1.0,30.0,0,1,0
8494,40.0,1.0,19.0,1.0,5,51.0,10.0,40.0,0,1,0
8495,44.0,1.0,21.0,1.0,2,49.0,0.0,20.0,0,1,1
8496,69.0,1.0,19.0,3.0,0,49.0,2.0,40.0,1,1,1
8497,35.0,7.0,21.0,1.0,0,49.0,0.0,30.0,0,1,1
8498,33.0,1.0,15.0,5.0,1,49.0,2.0,40.0,1,1,0
8499,78.0,1.0,19.0,3.0,1,341.0,0.0,40.0,1,1,0
8500,61.0,5.0,24.0,3.0,-1,49.0,0.0,40.0,0,0,1
8501,26.0,1.0,18.0,1.0,0,49.0,1.0,40.0,1,1,0
8502,22.0,1.0,19.0,5.0,2,49.0,2.0,40.0,1,1,0
8503,79.0,5.0,22.0,1.0,0,49.0,0.0,18.0,1,1,1
8504,35.0,1.0,19.0,5.0,4,49.0,16.0,30.0,0,0,0
8505,68.0,1.0,21.0,4.0,0,16.0,0.0,30.0,0,0,1
8506,60.0,1.0,16.0,1.0,1,150.0,1.0,24.0,0,1,0
8507,45.0,1.0,19.0,1.0,0,16.0,1.0,10.0,1,1,1
8508,48.0,1.0,16.0,1.0,2,442.0,0.0,30.0,0,1,0
8509,52.0,1.0,20.0,5.0,1,49.0,2.0,40.0,0,1,0
8510,73.0,1.0,20.0,1.0,0,49.0,0.0,20.0,1,1,1
8511,40.0,7.0,21.0,5.0,0,6.0,2.0,50.0,0,1,1
8512,64.0,4.0,19.0,1.0,4,6.0,0.0,60.0,1,1,1
8513,68.0,1.0,16.0,5.0,2,468.0,2.0,40.0,0,1,0
8514,47.0,7.0,20.0,1.0,1,8.0,1.0,3.0,0,1,0
8515,26.0,4.0,14.0,1.0,3,329.0,9.0,84.0,1,0,0
8516,45.0,2.0,22.0,1.0,4,151.0,1.0,35.0,1,1,1
8517,21.0,2.0,16.0,1.0,0,49.0,0.0,20.0,1,1,1
8518,84.0,7.0,20.0,4.0,0,323.0,0.0,40.0,1,1,1
8519,52.0,1.0,21.0,1.0,3,214.0,0.0,25.0,1,1,1
8520,44.0,5.0,22.0,1.0,3,303.0,6.0,45.0,1,1,1
8521,30.0,1.0,8.0,5.0,1,49.0,2.0,45.0,0,1,0
8522,87.0,1.0,10.0,5.0,1,49.0,15.0,40.0,1,1,0
8523,65.0,1.0,17.0,1.0,0,151.0,1.0,15.0,0,1,1
8524,31.0,1.0,19.0,5.0,2,50.0,0.0,20.0,1,1,0
8525,31.0,1.0,19.0,1.0,0,6.0,0.0,40.0,1,1,1
8526,59.0,7.0,16.0,3.0,1,370.0,0.0,38.0,0,1,0
8527,26.0,7.0,21.0,1.0,0,49.0,0.0,10.0,1,1,1
8528,60.0,5.0,19.0,5.0,2,49.0,12.0,32.0,0,0,0
8529,21.0,1.0,20.0,5.0,1,49.0,2.0,50.0,1,1,0
8530,40.0,1.0,16.0,3.0,0,214.0,2.0,3.0,0,0,0
8531,36.0,2.0,20.0,5.0,1,49.0,17.0,68.0,1,1,0
8532,29.0,2.0,19.0,5.0,5,49.0,2.0,30.0,0,0,0
8533,63.0,1.0,22.0,1.0,-1,467.0,0.0,53.0,0,1,1
8534,32.0,2.0,21.0,1.0,4,42.0,0.0,75.0,1,1,1
8535,79.0,1.0,16.0,1.0,0,303.0,5.0,40.0,1,1,1
8536,27.0,1.0,19.0,5.0,1,49.0,2.0,40.0,0,1,0
8537,49.0,1.0,22.0,1.0,2,468.0,0.0,25.0,0,1,1
8538,79.0,7.0,20.0,5.0,4,49.0,0.0,31.0,1,1,1
8539,37.0,1.0,20.0,1.0,4,49.0,0.0,50.0,1,1,0
8540,73.0,1.0,14.0,1.0,1,49.0,1.0,40.0,0,1,0
8541,48.0,4.0,21.0,4.0,4,49.0,13.0,40.0,1,0,1
8542,52.0,4.0,16.0,1.0,3,303.0,0.0,40.0,1,1,1
8543,17.0,2.0,21.0,5.0,0,49.0,17.0,24.0,1,1,0
8544,38.0,4.0,18.0,5.0,4,49.0,0.0,60.0,1,1,0
8545,47.0,1.0,3.0,1.0,1,6.0,1.0,32.0,0,1,0
8546,21.0,1.0,19.0,5.0,1,49.0,2.0,24.0,0,1,0
8547,57.0,1.0,22.0,1.0,0,42.0,0.0,20.0,1,1,1
8548,65.0,1.0,22.0,1.0,1,50.0,1.0,40.0,0,1,0
8549,21.0,1.0,18.0,2.0,2,49.0,1.0,40.0,1,1,1
8550,73.0,1.0,22.0,1.0,2,20.0,0.0,40.0,1,0,1
8551,28.0,1.0,19.0,4.0,4,49.0,13.0,53.0,1,1,1
8552,45.0,1.0,19.0,1.0,0,51.0,1.0,40.0,1,1,0
8553,32.0,1.0,19.0,1.0,2,49.0,1.0,61.0,0,1,0
8554,39.0,1.0,3.0,2.0,2,49.0,2.0,40.0,1,1,1
8555,26.0,1.0,19.0,1.0,1,49.0,1.0,36.0,1,1,0
8556,23.0,1.0,17.0,5.0,0,49.0,2.0,40.0,0,1,0
8557,35.0,1.0,19.0,5.0,0,203.0,2.0,40.0,1,1,1
8558,52.0,1.0,14.0,5.0,2,49.0,2.0,40.0,0,0,0
8559,84.0,1.0,20.0,1.0,1,49.0,0.0,35.0,0,1,1
8560,31.0,1.0,21.0,1.0,4,16.0,0.0,40.0,1,1,1
8561,65.0,1.0,21.0,1.0,-1,37.0,0.0,40.0,0,1,1
8562,57.0,3.0,17.0,1.0,2,49.0,0.0,3.0,1,1,1
8563,56.0,1.0,21.0,5.0,2,49.0,13.0,96.0,1,1,1
8564,57.0,1.0,20.0,1.0,0,214.0,0.0,40.0,1,1,1
8565,26.0,1.0,20.0,1.0,1,303.0,0.0,55.0,0,1,1
8566,23.0,1.0,19.0,3.0,0,49.0,0.0,40.0,1,0,1
8567,32.0,1.0,20.0,1.0,2,49.0,0.0,50.0,1,1,1
8568,55.0,1.0,20.0,1.0,0,49.0,1.0,40.0,1,1,1
8569,53.0,1.0,16.0,5.0,1,49.0,2.0,40.0,0,1,0
8570,30.0,7.0,23.0,1.0,1,49.0,0.0,60.0,1,1,1
8571,39.0,3.0,13.0,1.0,5,49.0,1.0,45.0,0,1,0
8572,57.0,1.0,16.0,5.0,1,49.0,15.0,40.0,1,1,0
8573,38.0,1.0,5.0,5.0,3,150.0,2.0,40.0,1,1,1
8574,26.0,4.0,21.0,4.0,0,16.0,0.0,45.0,0,1,1
8575,42.0,1.0,16.0,2.0,0,49.0,9.0,20.0,0,1,1
8576,45.0,3.0,20.0,1.0,0,49.0,1.0,45.0,0,1,0
8577,56.0,1.0,23.0,1.0,0,49.0,0.0,40.0,1,1,1
8578,39.0,7.0,18.0,1.0,0,49.0,10.0,40.0,0,1,0
8579,27.0,1.0,7.0,5.0,0,49.0,7.0,19.0,1,1,1
8580,48.0,1.0,19.0,1.0,2,6.0,1.0,14.0,0,1,1
8581,84.0,1.0,20.0,1.0,0,49.0,0.0,40.0,0,1,1
8582,29.0,1.0,19.0,1.0,0,449.0,0.0,36.0,0,0,1
8583,49.0,1.0,22.0,1.0,3,323.0,0.0,75.0,1,1,1
8584,18.0,1.0,19.0,1.0,0,49.0,1.0,24.0,1,1,0
8585,39.0,1.0,22.0,5.0,0,48.0,2.0,15.0,1,1,0
8586,26.0,1.0,16.0,1.0,1,329.0,0.0,40.0,1,1,1
8587,52.0,1.0,21.0,1.0,3,49.0,0.0,40.0,1,1,1
8588,25.0,5.0,20.0,1.0,0,467.0,0.0,38.0,0,0,1
8589,64.0,1.0,14.0,5.0,1,329.0,2.0,45.0,0,1,0
8590,27.0,1.0,20.0,1.0,0,49.0,1.0,10.0,0,1,0
8591,23.0,2.0,22.0,1.0,0,49.0,0.0,30.0,1,1,1
8592,68.0,1.0,14.0,1.0,2,49.0,0.0,40.0,0,1,0
8593,87.0,1.0,19.0,1.0,0,203.0,0.0,35.0,1,1,1
8594,22.0,1.0,20.0,1.0,2,6.0,1.0,50.0,0,1,0
8595,24.0,1.0,5.0,1.0,2,49.0,0.0,45.0,0,1,1
8596,30.0,4.0,23.0,2.0,1,49.0,16.0,30.0,0,1,0
8597,41.0,1.0,18.0,1.0,1,467.0,1.0,45.0,0,1,0
8598,38.0,1.0,16.0,1.0,1,329.0,0.0,40.0,0,1,0
8599,20.0,1.0,20.0,1.0,3,214.0,0.0,40.0,1,1,1
8600,54.0,6.0,23.0,1.0,2,51.0,0.0,40.0,0,1,1
8601,42.0,1.0,13.0,1.0,3,442.0,1.0,20.0,1,1,0
8602,62.0,7.0,17.0,1.0,0,49.0,0.0,14.0,1,1,1
8603,79.0,1.0,21.0,1.0,3,49.0,0.0,40.0,1,1,1
8604,49.0,1.0,16.0,1.0,4,151.0,0.0,25.0,1,1,1
8605,22.0,1.0,20.0,5.0,2,16.0,2.0,19.0,0,1,0
8606,34.0,1.0,22.0,1.0,0,49.0,1.0,61.0,0,1,0
8607,68.0,3.0,21.0,1.0,0,49.0,0.0,20.0,1,1,0
8608,30.0,1.0,18.0,1.0,0,49.0,0.0,40.0,0,1,0
8609,38.0,1.0,19.0,5.0,0,49.0,2.0,45.0,0,1,0
8610,20.0,4.0,20.0,1.0,0,323.0,1.0,50.0,0,1,1
8611,26.0,6.0,19.0,5.0,1,49.0,16.0,50.0,0,1,0
8612,26.0,1.0,19.0,5.0,3,51.0,17.0,40.0,0,1,0
8613,45.0,3.0,19.0,1.0,2,49.0,1.0,40.0,0,1,0
8614,64.0,4.0,21.0,1.0,-1,150.0,1.0,36.0,0,1,1
8615,39.0,1.0,16.0,1.0,3,49.0,0.0,20.0,1,0,0
8616,42.0,2.0,19.0,1.0,1,49.0,0.0,40.0,1,1,1
8617,51.0,2.0,16.0,1.0,-1,50.0,0.0,40.0,0,1,1
8618,45.0,1.0,21.0,5.0,2,49.0,2.0,30.0,0,1,0
8619,57.0,1.0,15.0,5.0,2,49.0,2.0,46.0,0,1,0
8620,46.0,1.0,19.0,1.0,3,6.0,1.0,40.0,1,1,0
8621,25.0,6.0,16.0,3.0,2,49.0,0.0,35.0,0,1,0
8622,55.0,1.0,15.0,1.0,0,214.0,0.0,55.0,0,1,0
8623,26.0,2.0,21.0,1.0,0,303.0,0.0,25.0,0,1,0
8624,60.0,1.0,15.0,1.0,2,49.0,0.0,40.0,0,1,0
8625,26.0,1.0,14.0,1.0,1,49.0,0.0,36.0,0,1,0
8626,87.0,2.0,21.0,1.0,2,49.0,1.0,60.0,0,1,1
8627,53.0,1.0,19.0,1.0,0,150.0,0.0,30.0,1,1,1
8628,21.0,1.0,21.0,1.0,1,49.0,0.0,8.0,0,1,1
8629,54.0,1.0,23.0,1.0,2,49.0,1.0,40.0,1,1,0
8630,23.0,1.0,19.0,1.0,1,6.0,1.0,45.0,0,1,0
8631,32.0,1.0,18.0,1.0,1,49.0,0.0,60.0,0,1,0
8632,21.0,1.0,22.0,1.0,2,303.0,1.0,40.0,0,1,1
8633,62.0,1.0,21.0,1.0,1,20.0,1.0,40.0,0,1,0
8634,32.0,7.0,19.0,5.0,0,49.0,3.0,40.0,0,1,0
8635,64.0,1.0,19.0,5.0,1,49.0,2.0,40.0,0,1,0
8636,32.0,1.0,21.0,1.0,0,49.0,0.0,40.0,0,1,0
8637,32.0,1.0,16.0,1.0,1,49.0,1.0,40.0,1,0,0
8638,32.0,1.0,21.0,3.0,3,214.0,0.0,60.0,1,1,1
8639,24.0,6.0,18.0,5.0,2,49.0,0.0,45.0,0,1,0
8640,43.0,1.0,19.0,5.0,4,49.0,2.0,55.0,1,1,0
8641,57.0,6.0,8.0,1.0,2,214.0,0.0,40.0,1,1,0
8642,51.0,1.0,19.0,5.0,5,49.0,2.0,60.0,0,1,0
8643,42.0,1.0,16.0,1.0,3,449.0,0.0,40.0,1,1,0
8644,25.0,1.0,18.0,1.0,0,8.0,0.0,50.0,1,1,1
8645,20.0,1.0,21.0,1.0,0,49.0,1.0,4.0,0,1,0
8646,60.0,1.0,18.0,1.0,0,49.0,0.0,50.0,1,1,0
8647,37.0,1.0,18.0,1.0,3,49.0,9.0,40.0,1,1,1
8648,87.0,1.0,18.0,1.0,0,49.0,1.0,24.0,1,1,0
8649,57.0,6.0,3.0,1.0,1,442.0,0.0,15.0,0,1,0
8650,59.0,6.0,16.0,1.0,2,49.0,0.0,75.0,0,1,1
8651,25.0,6.0,19.0,5.0,1,49.0,2.0,20.0,0,1,0
8652,62.0,3.0,19.0,1.0,4,49.0,10.0,45.0,1,1,0
8653,19.0,1.0,18.0,1.0,2,49.0,0.0,55.0,1,1,0
8654,55.0,1.0,19.0,1.0,2,55.0,0.0,40.0,1,1,0
8655,68.0,1.0,19.0,1.0,-1,329.0,0.0,60.0,0,0,1
8656,79.0,3.0,17.0,1.0,4,23.0,1.0,40.0,1,1,0
8657,53.0,1.0,18.0,1.0,2,468.0,1.0,40.0,0,1,0
8658,61.0,1.0,21.0,1.0,0,49.0,0.0,40.0,1,1,1
8659,62.0,6.0,19.0,5.0,2,49.0,0.0,40.0,0,1,0
8660,75.0,7.0,19.0,5.0,3,49.0,0.0,35.0,1,1,0
8661,56.0,1.0,18.0,5.0,2,6.0,12.0,14.0,0,1,0
8662,29.0,1.0,21.0,5.0,1,51.0,2.0,40.0,0,1,0
8663,47.0,4.0,21.0,1.0,3,468.0,1.0,8.0,1,1,1
8664,87.0,1.0,20.0,1.0,4,49.0,0.0,35.0,1,1,1
8665,36.0,1.0,16.0,3.0,1,49.0,0.0,50.0,1,1,0
8666,24.0,7.0,21.0,1.0,0,468.0,1.0,40.0,1,1,1
8667,33.0,7.0,3.0,1.0,2,49.0,1.0,40.0,1,1,1
8668,62.0,1.0,16.0,1.0,1,49.0,0.0,45.0,1,1,0
8669,26.0,7.0,19.0,1.0,2,49.0,1.0,50.0,1,0,1
8670,59.0,1.0,21.0,2.0,0,329.0,9.0,50.0,1,1,1
8671,42.0,7.0,19.0,1.0,1,442.0,0.0,91.0,1,1,1
8672,54.0,2.0,22.0,1.0,-1,49.0,0.0,40.0,0,1,1
8673,18.0,6.0,22.0,5.0,3,49.0,0.0,20.0,1,1,1
8674,42.0,2.0,21.0,5.0,4,6.0,2.0,40.0,1,1,0
8675,21.0,1.0,21.0,1.0,0,203.0,1.0,20.0,1,1,1
8676,28.0,3.0,19.0,1.0,0,49.0,1.0,53.0,0,1,0
8677,41.0,1.0,18.0,1.0,4,16.0,1.0,40.0,0,1,0
8678,51.0,1.0,19.0,1.0,0,49.0,1.0,40.0,0,1,0
8679,32.0,4.0,22.0,2.0,0,329.0,2.0,62.0,1,1,1
8680,64.0,1.0,21.0,5.0,2,49.0,0.0,40.0,0,1,0
8681,61.0,1.0,20.0,5.0,4,49.0,12.0,53.0,0,1,0
8682,32.0,7.0,19.0,5.0,2,8.0,2.0,40.0,0,1,0
8683,51.0,1.0,19.0,1.0,4,49.0,9.0,40.0,1,1,0
8684,19.0,1.0,21.0,1.0,0,51.0,0.0,4.0,0,0,1
8685,23.0,3.0,21.0,1.0,4,49.0,0.0,8.0,1,1,1
8686,41.0,1.0,21.0,1.0,3,49.0,1.0,30.0,1,1,1
8687,26.0,4.0,20.0,1.0,0,49.0,1.0,40.0,1,1,1
8688,47.0,1.0,18.0,5.0,3,6.0,0.0,4.0,1,0,0
8689,34.0,1.0,22.0,4.0,0,16.0,0.0,40.0,0,1,1
8690,62.0,1.0,5.0,1.0,0,49.0,0.0,53.0,0,1,1
8691,27.0,3.0,18.0,1.0,3,49.0,0.0,30.0,0,1,0
8692,68.0,7.0,22.0,1.0,2,214.0,0.0,20.0,0,1,1
8693,68.0,2.0,19.0,1.0,3,49.0,0.0,45.0,1,1,1
8694,65.0,2.0,21.0,1.0,0,49.0,0.0,40.0,1,1,1
8695,28.0,1.0,21.0,1.0,4,20.0,1.0,8.0,1,1,1
8696,40.0,3.0,21.0,1.0,3,449.0,0.0,91.0,1,0,1
8697,38.0,1.0,19.0,1.0,3,49.0,4.0,40.0,1,0,0
8698,25.0,1.0,19.0,2.0,2,23.0,10.0,50.0,0,1,0
8699,53.0,1.0,19.0,1.0,2,6.0,0.0,39.0,0,1,0
8700,67.0,6.0,21.0,1.0,0,49.0,1.0,12.0,1,1,1
8701,40.0,1.0,16.0,1.0,2,49.0,1.0,37.0,0,1,0
8702,44.0,1.0,13.0,5.0,1,203.0,17.0,40.0,1,1,0
8703,19.0,1.0,18.0,1.0,2,49.0,1.0,40.0,0,1,0
8704,34.0,7.0,22.0,1.0,0,51.0,0.0,45.0,1,1,1
8705,59.0,3.0,21.0,2.0,0,49.0,2.0,40.0,0,1,1
8706,44.0,1.0,19.0,1.0,0,49.0,0.0,39.0,0,1,0
8707,33.0,1.0,23.0,1.0,0,23.0,0.0,60.0,0,1,1
8708,36.0,1.0,16.0,1.0,0,49.0,1.0,30.0,0,1,0
8709,80.0,2.0,18.0,1.0,0,150.0,1.0,45.0,0,1,0
8710,52.0,1.0,18.0,5.0,1,6.0,2.0,40.0,0,1,0
8711,52.0,1.0,23.0,3.0,2,214.0,0.0,40.0,0,1,1
8712,37.0,1.0,22.0,3.0,0,49.0,0.0,40.0,0,1,1
8713,21.0,1.0,20.0,1.0,2,49.0,1.0,8.0,0,1,1
8714,42.0,1.0,17.0,5.0,4,49.0,0.0,20.0,1,0,0
8715,19.0,1.0,16.0,1.0,0,49.0,0.0,40.0,1,1,1
8716,54.0,1.0,19.0,1.0,4,49.0,1.0,20.0,1,1,0
8717,53.0,2.0,19.0,1.0,0,49.0,1.0,25.0,0,0,1
8718,56.0,1.0,14.0,5.0,0,49.0,0.0,40.0,0,1,0
8719,82.0,1.0,20.0,1.0,0,467.0,1.0,68.0,1,1,1
8720,28.0,3.0,20.0,1.0,4,49.0,5.0,40.0,0,0,1
8721,23.0,1.0,21.0,1.0,4,442.0,0.0,40.0,1,1,1
8722,61.0,1.0,19.0,3.0,0,48.0,0.0,30.0,0,1,0
8723,26.0,3.0,18.0,1.0,2,49.0,0.0,35.0,0,1,1
8724,38.0,1.0,21.0,5.0,1,49.0,0.0,68.0,1,1,0
8725,21.0,7.0,19.0,3.0,0,49.0,0.0,14.0,0,1,1
8726,21.0,1.0,21.0,1.0,0,214.0,0.0,75.0,0,0,1
8727,60.0,4.0,22.0,1.0,0,150.0,0.0,50.0,0,1,1
8728,51.0,6.0,17.0,1.0,0,508.0,0.0,25.0,0,1,1
8729,55.0,1.0,16.0,1.0,0,6.0,1.0,40.0,0,1,0
8730,21.0,6.0,20.0,5.0,0,49.0,12.0,40.0,0,1,0
8731,64.0,3.0,16.0,1.0,3,6.0,0.0,40.0,1,1,1
8732,28.0,2.0,19.0,1.0,2,49.0,0.0,40.0,0,1,0
8733,23.0,6.0,19.0,1.0,1,49.0,1.0,25.0,1,1,0
8734,34.0,4.0,16.0,5.0,0,49.0,2.0,14.0,1,1,0
8735,82.0,1.0,18.0,1.0,3,323.0,0.0,50.0,1,1,1
8736,45.0,1.0,16.0,3.0,4,214.0,0.0,40.0,1,1,1
8737,57.0,6.0,22.0,1.0,3,51.0,6.0,91.0,1,1,1
8738,37.0,3.0,21.0,3.0,0,49.0,0.0,40.0,0,1,0
8739,24.0,1.0,21.0,1.0,1,49.0,1.0,30.0,0,1,0
8740,75.0,5.0,21.0,1.0,1,49.0,0.0,50.0,1,1,1
8741,87.0,1.0,15.0,3.0,2,150.0,0.0,40.0,0,1,0
8742,82.0,1.0,19.0,3.0,1,42.0,0.0,40.0,0,0,0
8743,76.0,3.0,22.0,1.0,4,214.0,1.0,30.0,1,0,1
8744,22.0,1.0,19.0,1.0,1,49.0,1.0,40.0,0,1,0
8745,48.0,1.0,21.0,4.0,0,49.0,0.0,55.0,1,0,1
8746,35.0,1.0,16.0,5.0,4,49.0,0.0,40.0,0,1,0
8747,68.0,1.0,21.0,1.0,0,214.0,1.0,40.0,1,1,1
8748,82.0,1.0,21.0,1.0,3,49.0,1.0,40.0,1,1,0
8749,27.0,1.0,21.0,1.0,2,49.0,0.0,25.0,0,1,1
8750,45.0,4.0,16.0,1.0,0,49.0,1.0,32.0,0,1,1
8751,61.0,1.0,23.0,1.0,0,451.0,0.0,40.0,1,1,1
8752,59.0,4.0,18.0,5.0,0,49.0,12.0,30.0,1,1,0
8753,40.0,7.0,10.0,1.0,0,512.0,1.0,50.0,0,1,0
8754,30.0,1.0,21.0,1.0,0,8.0,0.0,29.0,1,1,1
8755,26.0,1.0,19.0,1.0,0,214.0,0.0,25.0,0,1,0
8756,82.0,7.0,22.0,1.0,0,49.0,1.0,40.0,0,1,0
8757,17.0,1.0,5.0,1.0,3,6.0,0.0,40.0,1,0,1
8758,37.0,6.0,16.0,5.0,0,49.0,16.0,30.0,1,1,0
8759,76.0,1.0,19.0,5.0,0,51.0,2.0,40.0,0,1,0
8760,20.0,1.0,16.0,1.0,3,49.0,17.0,30.0,1,1,0
8761,18.0,4.0,21.0,1.0,0,49.0,0.0,40.0,1,1,1
8762,20.0,1.0,19.0,1.0,1,468.0,1.0,40.0,0,1,0
8763,18.0,4.0,19.0,5.0,1,49.0,0.0,45.0,1,1,0
8764,37.0,1.0,20.0,5.0,4,51.0,16.0,60.0,1,1,0
8765,47.0,7.0,13.0,1.0,0,20.0,0.0,40.0,0,1,1
8766,26.0,1.0,16.0,1.0,0,49.0,0.0,40.0,1,1,1
8767,84.0,1.0,16.0,5.0,4,49.0,2.0,45.0,1,1,0
8768,53.0,1.0,20.0,5.0,-1,49.0,7.0,40.0,0,1,1
8769,47.0,1.0,22.0,1.0,-1,49.0,1.0,30.0,0,1,1
8770,45.0,1.0,22.0,1.0,0,50.0,0.0,40.0,1,1,1
8771,18.0,2.0,5.0,1.0,2,45.0,1.0,40.0,0,0,1
8772,26.0,1.0,22.0,1.0,0,51.0,1.0,20.0,1,1,1
8773,65.0,7.0,19.0,1.0,3,303.0,1.0,40.0,1,1,0
8774,19.0,1.0,16.0,1.0,3,49.0,0.0,35.0,1,1,1
8775,47.0,1.0,21.0,1.0,4,51.0,1.0,40.0,1,1,0
8776,34.0,1.0,20.0,5.0,0,49.0,0.0,40.0,0,0,0
8777,40.0,1.0,18.0,3.0,4,49.0,0.0,29.0,1,1,0
8778,18.0,1.0,21.0,5.0,0,49.0,2.0,40.0,0,1,0
8779,38.0,7.0,16.0,5.0,3,49.0,12.0,40.0,1,0,0
8780,55.0,1.0,22.0,3.0,1,49.0,0.0,40.0,0,1,1
8781,78.0,2.0,22.0,1.0,0,49.0,0.0,26.0,0,1,1
8782,68.0,1.0,20.0,5.0,2,449.0,17.0,40.0,0,1,0
8783,39.0,1.0,16.0,5.0,2,49.0,7.0,30.0,0,1,0
8784,52.0,2.0,21.0,1.0,0,214.0,0.0,40.0,1,1,1
8785,41.0,2.0,16.0,5.0,0,6.0,12.0,35.0,1,1,0
8786,31.0,1.0,17.0,1.0,4,214.0,1.0,14.0,0,1,1
8787,92.0,1.0,21.0,5.0,0,214.0,0.0,30.0,1,1,0
8788,26.0,2.0,14.0,1.0,2,49.0,0.0,68.0,0,1,0
8789,56.0,1.0,19.0,2.0,0,50.0,9.0,20.0,1,1,1
8790,47.0,1.0,16.0,5.0,1,49.0,17.0,40.0,0,1,0
8791,78.0,1.0,18.0,1.0,1,329.0,0.0,50.0,0,1,0
8792,34.0,6.0,21.0,1.0,3,49.0,0.0,40.0,1,1,1
8793,18.0,1.0,16.0,1.0,1,512.0,0.0,32.0,0,0,0
8794,32.0,1.0,19.0,1.0,3,49.0,0.0,15.0,1,1,1
8795,54.0,4.0,22.0,1.0,0,49.0,1.0,30.0,1,1,1
8796,68.0,1.0,5.0,1.0,4,150.0,0.0,45.0,1,1,1
8797,21.0,1.0,18.0,1.0,1,329.0,0.0,35.0,0,1,0
8798,51.0,1.0,19.0,1.0,4,49.0,0.0,40.0,0,1,0
8799,38.0,3.0,19.0,3.0,0,48.0,0.0,50.0,0,0,0
8800,78.0,3.0,18.0,5.0,4,6.0,2.0,40.0,1,0,0
8801,26.0,1.0,16.0,5.0,1,49.0,0.0,40.0,0,1,0
8802,47.0,1.0,15.0,5.0,2,329.0,17.0,30.0,0,1,0
8803,50.0,4.0,21.0,1.0,3,51.0,1.0,20.0,1,1,1
8804,87.0,1.0,16.0,5.0,1,49.0,7.0,40.0,0,1,0
8805,31.0,1.0,21.0,5.0,3,6.0,0.0,4.0,1,0,1
8806,51.0,1.0,19.0,3.0,3,49.0,10.0,12.0,1,1,0
8807,29.0,1.0,16.0,1.0,0,50.0,0.0,40.0,1,1,1
8808,32.0,1.0,17.0,1.0,1,214.0,0.0,45.0,1,1,1
8809,18.0,6.0,20.0,5.0,2,49.0,2.0,30.0,0,1,0
8810,48.0,1.0,19.0,5.0,2,323.0,2.0,36.0,0,1,0
8811,28.0,7.0,3.0,1.0,2,49.0,0.0,60.0,0,1,1
8812,23.0,2.0,19.0,5.0,1,6.0,0.0,8.0,0,1,0
8813,60.0,1.0,16.0,1.0,4,323.0,0.0,48.0,1,1,0
8814,52.0,1.0,16.0,1.0,1,49.0,1.0,30.0,0,1,0
8815,32.0,1.0,19.0,3.0,0,6.0,0.0,40.0,1,0,1
8816,64.0,1.0,16.0,1.0,4,51.0,0.0,18.0,0,1,0
8817,42.0,1.0,21.0,5.0,2,51.0,0.0,50.0,1,1,1
8818,27.0,1.0,22.0,1.0,0,51.0,0.0,45.0,1,1,1
8819,74.0,1.0,16.0,1.0,3,49.0,1.0,40.0,1,1,0
8820,24.0,3.0,23.0,1.0,0,16.0,0.0,45.0,1,1,1
8821,21.0,2.0,21.0,1.0,3,49.0,0.0,40.0,1,1,1
8822,42.0,3.0,16.0,1.0,0,512.0,1.0,45.0,0,1,0
8823,82.0,1.0,16.0,5.0,1,49.0,0.0,40.0,1,1,1
8824,65.0,1.0,19.0,1.0,2,151.0,0.0,40.0,0,0,0
8825,19.0,1.0,19.0,1.0,3,49.0,1.0,30.0,1,1,0
8826,19.0,1.0,20.0,1.0,0,329.0,5.0,20.0,1,1,1
8827,61.0,1.0,21.0,1.0,1,16.0,0.0,25.0,1,1,1
8828,73.0,1.0,17.0,1.0,0,341.0,1.0,25.0,1,1,1
8829,43.0,3.0,21.0,3.0,2,49.0,0.0,40.0,0,1,0
8830,62.0,2.0,16.0,5.0,0,49.0,12.0,40.0,0,1,0
8831,31.0,3.0,16.0,5.0,0,49.0,12.0,25.0,1,0,0
8832,41.0,1.0,18.0,5.0,0,49.0,0.0,38.0,1,1,0
8833,49.0,1.0,19.0,5.0,1,6.0,12.0,40.0,0,1,0
8834,76.0,1.0,7.0,5.0,0,150.0,0.0,20.0,1,1,1
8835,48.0,1.0,7.0,1.0,0,49.0,1.0,40.0,1,1,1
8836,54.0,1.0,21.0,1.0,2,45.0,1.0,45.0,1,1,1
8837,21.0,1.0,16.0,1.0,0,49.0,0.0,40.0,0,1,1
8838,42.0,2.0,18.0,1.0,0,49.0,0.0,50.0,1,1,1
8839,29.0,4.0,16.0,1.0,0,49.0,0.0,40.0,0,1,0
8840,57.0,2.0,15.0,1.0,2,203.0,1.0,20.0,0,1,0
8841,35.0,5.0,16.0,5.0,0,49.0,2.0,32.0,1,0,0
8842,30.0,1.0,18.0,1.0,2,49.0,1.0,25.0,0,1,0
8843,26.0,1.0,19.0,5.0,2,49.0,3.0,84.0,0,1,0
8844,18.0,1.0,21.0,1.0,2,16.0,0.0,10.0,1,1,0
8845,21.0,2.0,14.0,5.0,0,49.0,17.0,25.0,0,0,0
8846,34.0,1.0,21.0,1.0,1,51.0,8.0,40.0,0,1,0
8847,21.0,1.0,22.0,1.0,2,49.0,1.0,40.0,1,1,1
8848,33.0,1.0,21.0,1.0,3,49.0,0.0,40.0,1,1,1
8849,56.0,3.0,18.0,1.0,2,150.0,0.0,48.0,0,1,0
8850,22.0,6.0,20.0,1.0,0,42.0,0.0,40.0,1,1,1
8851,77.0,2.0,23.0,1.0,4,49.0,1.0,35.0,1,1,0
8852,21.0,1.0,19.0,5.0,2,6.0,2.0,40.0,1,1,0
8853,61.0,1.0,19.0,1.0,0,323.0,1.0,96.0,0,1,0
8854,36.0,4.0,18.0,1.0,1,48.0,17.0,45.0,0,1,0
8855,20.0,1.0,21.0,5.0,0,8.0,0.0,50.0,1,1,1
8856,47.0,4.0,22.0,5.0,0,303.0,0.0,15.0,1,1,1
8857,35.0,1.0,19.0,5.0,0,49.0,2.0,30.0,0,1,0
8858,40.0,1.0,20.0,1.0,2,329.0,1.0,42.0,0,0,1
8859,17.0,7.0,5.0,1.0,0,51.0,0.0,20.0,1,1,1
8860,36.0,1.0,16.0,5.0,4,49.0,0.0,40.0,0,1,0
8861,79.0,1.0,19.0,1.0,4,468.0,9.0,40.0,0,1,0
8862,19.0,1.0,16.0,5.0,0,49.0,2.0,20.0,1,1,1
8863,28.0,1.0,14.0,5.0,2,303.0,2.0,20.0,1,1,0
8864,43.0,6.0,22.0,1.0,2,51.0,0.0,40.0,1,1,1
8865,58.0,7.0,21.0,1.0,2,49.0,0.0,60.0,0,1,1
8866,50.0,1.0,15.0,5.0,4,303.0,12.0,45.0,1,1,0
8867,51.0,1.0,19.0,5.0,4,49.0,7.0,40.0,1,1,1
8868,19.0,1.0,17.0,2.0,0,49.0,6.0,24.0,1,1,1
8869,35.0,1.0,19.0,5.0,5,6.0,2.0,40.0,0,1,0
8870,51.0,1.0,19.0,1.0,0,49.0,0.0,40.0,1,1,1
8871,76.0,1.0,22.0,1.0,1,150.0,0.0,18.0,1,0,1
8872,31.0,1.0,16.0,5.0,0,49.0,12.0,50.0,1,1,1
8873,21.0,1.0,23.0,5.0,4,49.0,2.0,60.0,0,1,0
8874,75.0,3.0,17.0,1.0,2,341.0,1.0,19.0,0,1,1
8875,40.0,1.0,19.0,1.0,0,329.0,1.0,40.0,1,1,1
8876,78.0,1.0,18.0,1.0,2,51.0,0.0,40.0,0,1,0
8877,44.0,1.0,21.0,5.0,0,49.0,2.0,48.0,1,1,0
8878,78.0,6.0,19.0,2.0,0,49.0,16.0,35.0,0,1,0
8879,55.0,1.0,16.0,1.0,0,49.0,1.0,20.0,0,1,1
8880,65.0,3.0,22.0,1.0,0,49.0,4.0,20.0,1,1,1
8881,25.0,6.0,21.0,5.0,0,49.0,7.0,50.0,0,1,1
8882,69.0,1.0,22.0,3.0,0,49.0,2.0,40.0,0,0,1
8883,32.0,7.0,16.0,1.0,0,49.0,0.0,60.0,1,1,1
8884,38.0,1.0,18.0,1.0,1,49.0,1.0,40.0,0,1,1
8885,17.0,4.0,18.0,1.0,2,214.0,0.0,40.0,0,1,0
8886,32.0,1.0,19.0,5.0,2,224.0,0.0,40.0,0,1,0
8887,92.0,1.0,21.0,1.0,2,48.0,0.0,20.0,0,1,1
8888,17.0,1.0,16.0,5.0,4,55.0,2.0,40.0,1,0,0
8889,23.0,1.0,19.0,1.0,3,49.0,0.0,53.0,1,0,1
8890,34.0,1.0,19.0,1.0,0,49.0,1.0,40.0,1,1,1
8891,65.0,1.0,16.0,5.0,4,49.0,17.0,40.0,0,1,0
8892,68.0,1.0,21.0,1.0,4,49.0,1.0,55.0,1,1,1
8893,36.0,4.0,15.0,1.0,0,151.0,0.0,40.0,0,1,0
8894,44.0,1.0,19.0,1.0,0,16.0,0.0,40.0,0,1,1
8895,62.0,4.0,3.0,1.0,3,49.0,1.0,29.0,1,1,1
8896,41.0,1.0,20.0,5.0,1,6.0,16.0,36.0,0,1,0
8897,55.0,6.0,16.0,1.0,0,49.0,1.0,39.0,0,1,1
8898,25.0,4.0,19.0,1.0,0,329.0,1.0,37.0,1,1,1
8899,51.0,1.0,21.0,1.0,0,329.0,0.0,40.0,1,1,1
8900,18.0,7.0,23.0,1.0,0,49.0,0.0,40.0,0,0,1
8901,30.0,1.0,16.0,1.0,0,49.0,0.0,55.0,0,1,1
8902,46.0,2.0,18.0,1.0,2,151.0,0.0,40.0,0,1,0
8903,36.0,1.0,19.0,1.0,0,6.0,1.0,37.0,1,1,1
8904,17.0,7.0,18.0,1.0,1,37.0,1.0,40.0,0,1,0
8905,19.0,2.0,20.0,4.0,0,50.0,0.0,55.0,0,0,1
8906,42.0,6.0,16.0,1.0,3,341.0,0.0,35.0,1,1,0
8907,48.0,4.0,21.0,1.0,2,49.0,0.0,25.0,1,1,1
8908,26.0,4.0,20.0,1.0,1,6.0,0.0,60.0,1,1,1
8909,92.0,1.0,21.0,1.0,0,303.0,0.0,45.0,1,1,0
8910,36.0,1.0,16.0,1.0,0,6.0,4.0,50.0,1,1,0
8911,87.0,2.0,19.0,1.0,3,49.0,0.0,40.0,1,1,1
8912,28.0,1.0,23.0,1.0,0,49.0,1.0,30.0,0,0,0
8913,34.0,1.0,19.0,5.0,4,42.0,2.0,40.0,1,1,0
8914,37.0,1.0,16.0,1.0,1,49.0,1.0,30.0,0,1,0
8915,18.0,1.0,19.0,1.0,2,49.0,1.0,30.0,0,1,0
8916,50.0,1.0,3.0,1.0,0,49.0,1.0,55.0,1,0,1
8917,40.0,3.0,16.0,1.0,0,49.0,1.0,50.0,1,1,1
8918,57.0,1.0,21.0,5.0,2,49.0,2.0,53.0,0,1,0
8919,21.0,1.0,16.0,1.0,0,150.0,0.0,19.0,0,1,1
8920,26.0,2.0,18.0,5.0,0,49.0,2.0,20.0,0,1,0
8921,52.0,1.0,18.0,5.0,1,214.0,17.0,40.0,0,1,0
8922,92.0,7.0,18.0,5.0,2,49.0,2.0,4.0,0,1,0
8923,46.0,2.0,20.0,1.0,3,51.0,0.0,36.0,1,1,0
8924,62.0,3.0,18.0,1.0,0,49.0,0.0,25.0,0,1,1
8925,34.0,1.0,18.0,5.0,0,6.0,2.0,40.0,0,1,1
8926,51.0,1.0,21.0,5.0,0,303.0,7.0,40.0,1,1,1
8927,60.0,2.0,19.0,1.0,0,303.0,0.0,40.0,0,1,1
8928,36.0,1.0,18.0,1.0,2,49.0,1.0,15.0,0,0,0
8929,25.0,1.0,3.0,1.0,0,55.0,0.0,40.0,0,1,0
8930,43.0,1.0,14.0,3.0,2,51.0,10.0,40.0,0,1,0
8931,55.0,4.0,18.0,1.0,0,50.0,1.0,40.0,1,1,1
8932,32.0,4.0,19.0,5.0,2,49.0,0.0,40.0,0,1,0
8933,26.0,1.0,22.0,1.0,0,303.0,0.0,40.0,1,1,1
8934,28.0,4.0,18.0,1.0,0,508.0,0.0,40.0,0,1,0
8935,30.0,1.0,20.0,1.0,4,8.0,1.0,40.0,1,1,1
8936,68.0,3.0,16.0,5.0,2,49.0,2.0,30.0,0,1,0
8937,35.0,7.0,16.0,1.0,2,49.0,0.0,40.0,1,1,1
8938,40.0,1.0,16.0,5.0,0,49.0,7.0,91.0,0,1,1
8939,26.0,1.0,19.0,1.0,4,49.0,0.0,29.0,1,1,1
8940,61.0,6.0,19.0,1.0,1,49.0,1.0,45.0,0,1,0
8941,52.0,1.0,19.0,5.0,2,49.0,2.0,60.0,0,1,0
8942,50.0,1.0,14.0,5.0,2,214.0,2.0,40.0,0,0,0
8943,48.0,1.0,19.0,1.0,1,49.0,1.0,26.0,1,1,0
8944,61.0,1.0,19.0,1.0,1,49.0,0.0,40.0,0,1,0
8945,28.0,1.0,19.0,5.0,2,30.0,12.0,40.0,0,1,0
8946,22.0,7.0,22.0,1.0,0,42.0,1.0,10.0,1,1,1
8947,32.0,1.0,16.0,1.0,0,442.0,1.0,30.0,1,1,1
8948,32.0,3.0,20.0,5.0,2,49.0,15.0,55.0,0,1,0
8949,32.0,6.0,23.0,1.0,0,49.0,1.0,35.0,1,1,1
8950,46.0,7.0,20.0,1.0,-1,49.0,0.0,32.0,0,1,1
8951,47.0,1.0,21.0,1.0,0,49.0,5.0,40.0,1,1,1
8952,68.0,5.0,22.0,5.0,1,451.0,0.0,38.0,0,0,0
8953,44.0,1.0,16.0,1.0,2,49.0,0.0,12.0,0,1,0
8954,28.0,1.0,19.0,1.0,0,49.0,1.0,40.0,1,1,1
8955,32.0,1.0,22.0,1.0,4,16.0,1.0,31.0,1,1,1
8956,41.0,2.0,17.0,5.0,1,49.0,2.0,40.0,1,1,0
8957,18.0,1.0,19.0,1.0,-1,49.0,0.0,20.0,0,1,1
8958,65.0,1.0,21.0,1.0,0,49.0,1.0,30.0,1,1,1
8959,30.0,1.0,21.0,1.0,1,323.0,0.0,30.0,1,1,1
8960,74.0,2.0,19.0,1.0,3,49.0,0.0,40.0,1,1,0
8961,35.0,6.0,21.0,1.0,0,508.0,1.0,40.0,1,1,0
8962,23.0,2.0,21.0,1.0,0,49.0,0.0,24.0,1,1,1
8963,27.0,1.0,19.0,1.0,4,49.0,1.0,40.0,0,1,0
8964,42.0,1.0,22.0,5.0,2,49.0,0.0,12.0,0,1,0
8965,62.0,1.0,12.0,1.0,0,49.0,0.0,20.0,1,1,1
8966,21.0,1.0,20.0,5.0,3,49.0,15.0,20.0,1,1,0
8967,26.0,6.0,20.0,1.0,0,49.0,0.0,10.0,1,1,1
8968,57.0,1.0,16.0,5.0,2,49.0,7.0,75.0,0,1,0
8969,58.0,1.0,19.0,1.0,3,49.0,4.0,50.0,1,1,0
8970,21.0,1.0,18.0,1.0,4,49.0,0.0,40.0,1,1,0
8971,87.0,1.0,21.0,1.0,0,6.0,0.0,50.0,0,1,0
8972,40.0,1.0,16.0,1.0,4,203.0,0.0,15.0,1,1,1
8973,55.0,6.0,16.0,1.0,2,49.0,5.0,30.0,1,1,1
8974,57.0,1.0,21.0,1.0,0,150.0,0.0,40.0,1,1,1
8975,46.0,2.0,16.0,3.0,-1,51.0,0.0,30.0,0,1,1
8976,62.0,1.0,20.0,1.0,0,49.0,5.0,30.0,1,1,1
8977,62.0,1.0,20.0,1.0,2,150.0,0.0,50.0,0,1,0
8978,55.0,6.0,3.0,1.0,2,50.0,1.0,40.0,0,1,0
8979,50.0,3.0,21.0,1.0,0,49.0,1.0,38.0,1,0,1
8980,37.0,1.0,19.0,1.0,0,48.0,1.0,8.0,1,1,1
8981,46.0,2.0,21.0,1.0,4,49.0,0.0,37.0,1,1,0
8982,57.0,1.0,20.0,1.0,0,49.0,1.0,15.0,1,1,1
8983,59.0,7.0,21.0,1.0,3,214.0,0.0,20.0,1,1,1
8984,50.0,1.0,20.0,2.0,2,51.0,10.0,35.0,0,1,0
8985,19.0,7.0,20.0,1.0,3,468.0,1.0,40.0,1,1,1
8986,28.0,1.0,21.0,5.0,0,49.0,2.0,40.0,0,1,0
8987,47.0,3.0,21.0,1.0,0,451.0,0.0,40.0,1,1,1
8988,68.0,7.0,21.0,1.0,2,49.0,0.0,96.0,0,1,1
8989,40.0,7.0,24.0,3.0,0,6.0,0.0,75.0,1,1,1
8990,68.0,6.0,20.0,5.0,0,55.0,7.0,30.0,1,1,1
8991,80.0,2.0,19.0,1.0,0,20.0,0.0,30.0,0,1,0
8992,68.0,1.0,21.0,5.0,2,49.0,0.0,35.0,0,1,0
8993,34.0,1.0,20.0,5.0,1,214.0,2.0,40.0,0,1,0
8994,31.0,2.0,16.0,5.0,0,16.0,2.0,15.0,0,1,0
8995,28.0,1.0,18.0,1.0,0,49.0,0.0,20.0,0,1,0
8996,24.0,7.0,16.0,4.0,0,49.0,0.0,37.0,0,0,1
8997,58.0,1.0,21.0,5.0,3,49.0,2.0,50.0,1,1,0
8998,57.0,6.0,19.0,5.0,0,49.0,2.0,40.0,0,1,0
8999,65.0,1.0,18.0,5.0,2,49.0,0.0,20.0,0,1,1
9000,42.0,1.0,18.0,1.0,2,49.0,1.0,40.0,0,1,0
9001,31.0,3.0,19.0,2.0,4,51.0,16.0,40.0,1,1,0
9002,48.0,2.0,19.0,5.0,4,6.0,2.0,45.0,1,0,0
9003,51.0,1.0,16.0,3.0,2,49.0,10.0,40.0,1,1,0
9004,61.0,1.0,17.0,1.0,0,6.0,1.0,30.0,0,1,1
9005,56.0,1.0,21.0,1.0,3,467.0,0.0,40.0,1,1,1
9006,78.0,7.0,18.0,5.0,2,51.0,0.0,40.0,0,1,0
9007,82.0,2.0,16.0,2.0,0,49.0,16.0,40.0,0,1,0
9008,52.0,1.0,19.0,5.0,1,49.0,2.0,40.0,0,1,0
9009,30.0,4.0,16.0,1.0,0,449.0,1.0,37.0,0,1,0
9010,51.0,1.0,19.0,1.0,0,49.0,0.0,14.0,0,0,0
9011,34.0,1.0,19.0,1.0,2,8.0,1.0,35.0,1,1,0
9012,35.0,1.0,19.0,3.0,2,329.0,0.0,19.0,0,1,0
9013,20.0,1.0,21.0,5.0,1,303.0,2.0,36.0,0,1,0
9014,82.0,6.0,22.0,1.0,0,49.0,0.0,20.0,0,1,1
9015,40.0,4.0,17.0,1.0,1,49.0,1.0,40.0,0,1,0
9016,56.0,7.0,16.0,5.0,2,49.0,17.0,12.0,1,1,0
9017,33.0,1.0,5.0,1.0,0,49.0,1.0,40.0,0,1,1
9018,25.0,2.0,21.0,5.0,1,442.0,0.0,40.0,0,0,0
9019,43.0,1.0,22.0,3.0,0,49.0,0.0,35.0,0,1,1
9020,38.0,1.0,20.0,1.0,1,49.0,1.0,55.0,1,1,0
9021,31.0,5.0,21.0,1.0,0,451.0,0.0,30.0,1,1,1
9022,62.0,1.0,22.0,1.0,0,49.0,0.0,40.0,1,1,1
9023,60.0,1.0,15.0,5.0,2,150.0,17.0,60.0,0,0,0
9024,34.0,4.0,18.0,1.0,3,160.0,1.0,30.0,1,1,0
9025,51.0,1.0,21.0,1.0,2,49.0,1.0,50.0,1,1,1
9026,51.0,1.0,20.0,1.0,4,49.0,0.0,40.0,1,1,1
9027,18.0,1.0,21.0,1.0,0,49.0,0.0,40.0,1,1,1
9028,35.0,1.0,21.0,2.0,0,49.0,1.0,60.0,1,1,1
9029,56.0,5.0,23.0,1.0,0,49.0,10.0,8.0,0,1,0
9030,55.0,2.0,19.0,5.0,1,49.0,2.0,35.0,0,1,0
9031,39.0,1.0,16.0,5.0,4,449.0,17.0,20.0,1,1,0
9032,31.0,1.0,16.0,5.0,2,49.0,12.0,40.0,0,1,0
9033,50.0,1.0,20.0,1.0,2,49.0,0.0,40.0,0,1,0
9034,21.0,1.0,21.0,1.0,0,50.0,0.0,40.0,0,1,1
9035,50.0,1.0,18.0,5.0,4,49.0,2.0,60.0,0,1,0
9036,68.0,1.0,3.0,1.0,3,49.0,0.0,50.0,1,1,1
9037,36.0,1.0,6.0,5.0,0,49.0,7.0,40.0,0,1,1
9038,28.0,1.0,16.0,1.0,0,468.0,0.0,40.0,1,1,1
9039,26.0,1.0,22.0,5.0,1,49.0,17.0,20.0,0,1,0
9040,73.0,1.0,19.0,1.0,1,49.0,1.0,40.0,0,1,0
9041,32.0,1.0,16.0,1.0,4,49.0,1.0,40.0,1,0,1
9042,35.0,5.0,21.0,5.0,2,49.0,0.0,20.0,0,1,0
9043,35.0,5.0,22.0,1.0,0,323.0,0.0,40.0,1,0,1
9044,56.0,1.0,22.0,1.0,0,8.0,0.0,30.0,0,1,1
9045,36.0,1.0,16.0,3.0,0,49.0,0.0,35.0,0,1,0
9046,62.0,1.0,7.0,1.0,1,50.0,0.0,15.0,0,1,1
9047,33.0,1.0,19.0,5.0,2,329.0,17.0,40.0,0,1,0
9048,77.0,1.0,18.0,1.0,2,49.0,1.0,37.0,0,1,0
9049,43.0,1.0,19.0,3.0,1,49.0,0.0,20.0,0,1,1
9050,26.0,1.0,23.0,1.0,2,203.0,1.0,40.0,0,1,1
9051,41.0,1.0,19.0,5.0,0,49.0,2.0,40.0,0,1,0
9052,26.0,1.0,19.0,5.0,0,16.0,17.0,20.0,0,1,0
9053,62.0,1.0,18.0,5.0,0,49.0,2.0,40.0,0,1,0
9054,26.0,1.0,19.0,5.0,2,203.0,17.0,30.0,1,1,0
9055,61.0,1.0,21.0,1.0,0,49.0,0.0,15.0,1,1,1
9056,53.0,1.0,16.0,3.0,1,468.0,0.0,61.0,0,1,0
9057,31.0,1.0,21.0,3.0,2,49.0,0.0,45.0,0,1,1
9058,34.0,1.0,18.0,1.0,2,51.0,1.0,40.0,0,1,0
9059,18.0,1.0,20.0,1.0,0,49.0,0.0,20.0,1,1,1
9060,44.0,1.0,21.0,3.0,5,51.0,0.0,40.0,0,1,0
9061,34.0,1.0,19.0,1.0,3,303.0,1.0,40.0,1,1,0
9062,32.0,1.0,16.0,1.0,4,8.0,0.0,40.0,1,0,1
9063,25.0,1.0,20.0,2.0,4,451.0,17.0,40.0,1,1,1
9064,23.0,3.0,21.0,1.0,2,48.0,0.0,40.0,0,1,1
9065,25.0,7.0,20.0,3.0,3,49.0,0.0,50.0,1,1,1
9066,30.0,1.0,20.0,1.0,2,329.0,1.0,60.0,0,1,0
9067,57.0,1.0,19.0,5.0,1,49.0,12.0,60.0,0,1,0
9068,69.0,1.0,21.0,5.0,1,49.0,0.0,40.0,1,1,1
9069,64.0,6.0,19.0,1.0,1,49.0,0.0,50.0,0,1,0
9070,39.0,1.0,18.0,5.0,0,468.0,17.0,40.0,0,1,0
9071,25.0,1.0,20.0,1.0,3,51.0,1.0,38.0,1,1,1
9072,33.0,1.0,19.0,5.0,1,49.0,0.0,40.0,0,1,0
9073,21.0,7.0,19.0,1.0,4,20.0,0.0,14.0,1,1,0
9074,62.0,1.0,19.0,5.0,2,49.0,2.0,40.0,1,1,0
9075,68.0,6.0,17.0,1.0,0,49.0,1.0,40.0,1,1,1
9076,43.0,1.0,18.0,1.0,0,51.0,0.0,25.0,1,1,1
9077,68.0,3.0,18.0,1.0,4,49.0,0.0,50.0,1,1,0
9078,68.0,1.0,21.0,5.0,0,49.0,2.0,19.0,0,1,0
9079,21.0,2.0,16.0,1.0,1,49.0,0.0,20.0,0,1,0
9080,39.0,1.0,8.0,1.0,3,49.0,0.0,40.0,1,1,0
9081,32.0,1.0,17.0,1.0,4,49.0,0.0,50.0,1,0,1
9082,47.0,6.0,20.0,5.0,4,42.0,2.0,53.0,0,1,0
9083,26.0,1.0,16.0,1.0,2,49.0,0.0,61.0,0,1,0
9084,31.0,1.0,16.0,3.0,2,49.0,0.0,60.0,0,1,0
9085,56.0,5.0,15.0,2.0,2,150.0,10.0,40.0,0,1,0
9086,24.0,1.0,19.0,1.0,4,49.0,0.0,40.0,0,1,0
9087,49.0,6.0,21.0,1.0,4,508.0,1.0,60.0,1,1,1
9088,77.0,1.0,17.0,1.0,-1,150.0,0.0,40.0,0,1,1
9089,56.0,1.0,16.0,5.0,2,49.0,12.0,12.0,1,1,0
9090,25.0,1.0,19.0,1.0,0,49.0,0.0,40.0,0,1,1
9091,64.0,1.0,23.0,1.0,3,6.0,0.0,45.0,1,1,1
9092,26.0,3.0,22.0,1.0,0,508.0,0.0,40.0,1,1,1
9093,18.0,1.0,21.0,1.0,2,49.0,0.0,53.0,0,1,1
9094,19.0,1.0,18.0,5.0,4,449.0,2.0,45.0,0,1,0
9095,61.0,7.0,21.0,1.0,0,49.0,1.0,4.0,1,1,1
9096,28.0,3.0,21.0,5.0,0,49.0,2.0,15.0,0,1,1
9097,69.0,1.0,19.0,1.0,0,49.0,1.0,36.0,0,1,0
9098,55.0,1.0,18.0,1.0,0,214.0,0.0,25.0,0,1,1
9099,32.0,1.0,10.0,1.0,0,49.0,1.0,62.0,0,1,0
9100,37.0,1.0,21.0,1.0,4,323.0,1.0,45.0,1,1,0
9101,30.0,1.0,18.0,1.0,2,49.0,1.0,14.0,1,1,1
9102,40.0,1.0,18.0,5.0,0,49.0,17.0,50.0,0,0,0
9103,32.0,1.0,16.0,1.0,3,49.0,0.0,45.0,0,1,0
9104,77.0,1.0,14.0,1.0,0,49.0,1.0,55.0,0,1,0
9105,48.0,4.0,19.0,1.0,1,49.0,0.0,38.0,0,1,0
9106,35.0,1.0,21.0,1.0,0,49.0,1.0,20.0,0,1,1
9107,34.0,3.0,16.0,5.0,2,214.0,2.0,50.0,0,0,0
9108,22.0,4.0,7.0,1.0,0,49.0,0.0,40.0,1,1,1
9109,87.0,7.0,19.0,1.0,0,329.0,0.0,45.0,0,1,1
9110,26.0,4.0,21.0,1.0,0,6.0,0.0,40.0,1,1,1
9111,46.0,2.0,15.0,5.0,2,49.0,17.0,40.0,0,1,0
9112,26.0,1.0,19.0,1.0,3,51.0,1.0,40.0,1,1,1
9113,26.0,4.0,16.0,1.0,2,49.0,1.0,35.0,1,1,0
9114,35.0,2.0,21.0,1.0,1,214.0,1.0,40.0,0,1,0
9115,38.0,1.0,16.0,1.0,3,370.0,0.0,40.0,1,1,0
9116,82.0,1.0,19.0,5.0,2,323.0,2.0,40.0,0,1,0
9117,17.0,6.0,19.0,5.0,1,49.0,2.0,40.0,0,1,0
9118,49.0,6.0,21.0,1.0,0,6.0,0.0,50.0,0,1,1
9119,44.0,1.0,21.0,5.0,1,49.0,0.0,40.0,1,1,1
9120,21.0,1.0,22.0,1.0,0,49.0,0.0,45.0,0,1,1
9121,44.0,1.0,19.0,1.0,0,49.0,0.0,40.0,1,1,1
9122,45.0,1.0,14.0,5.0,4,49.0,2.0,50.0,0,1,0
9123,32.0,1.0,15.0,1.0,0,49.0,1.0,50.0,1,1,1
9124,18.0,1.0,21.0,1.0,4,49.0,0.0,40.0,1,1,1
9125,44.0,1.0,16.0,3.0,0,49.0,0.0,46.0,1,1,1
9126,29.0,1.0,17.0,4.0,0,150.0,0.0,84.0,0,0,1
9127,21.0,2.0,16.0,5.0,0,49.0,12.0,30.0,1,0,0
9128,20.0,4.0,22.0,1.0,0,6.0,5.0,40.0,0,1,1
9129,34.0,1.0,15.0,3.0,3,150.0,2.0,68.0,1,1,0
9130,26.0,1.0,19.0,5.0,0,303.0,12.0,40.0,0,1,0
9131,31.0,2.0,20.0,1.0,0,214.0,1.0,45.0,1,1,1
9132,42.0,1.0,21.0,5.0,1,42.0,0.0,45.0,1,1,1
9133,18.0,1.0,20.0,1.0,0,329.0,0.0,40.0,0,1,1
9134,61.0,1.0,19.0,5.0,4,23.0,0.0,30.0,1,0,0
9135,51.0,1.0,23.0,1.0,0,49.0,0.0,20.0,0,1,1
9136,49.0,2.0,20.0,1.0,2,49.0,0.0,50.0,0,1,0
9137,36.0,1.0,17.0,1.0,0,49.0,1.0,30.0,1,1,1
9138,47.0,1.0,19.0,1.0,4,49.0,1.0,40.0,0,1,0
9139,18.0,1.0,19.0,5.0,1,49.0,2.0,35.0,0,1,0
9140,61.0,1.0,20.0,2.0,0,49.0,2.0,68.0,0,1,1
9141,32.0,1.0,16.0,5.0,2,49.0,2.0,40.0,0,1,0
9142,26.0,1.0,19.0,3.0,2,49.0,0.0,40.0,1,0,1
9143,42.0,1.0,21.0,1.0,4,50.0,0.0,10.0,1,1,1
9144,87.0,1.0,16.0,3.0,2,214.0,0.0,35.0,1,1,0
9145,84.0,1.0,20.0,1.0,3,468.0,1.0,50.0,1,1,1
9146,44.0,1.0,16.0,5.0,1,49.0,8.0,4.0,0,1,0
9147,24.0,1.0,20.0,5.0,0,303.0,2.0,45.0,1,1,1
9148,21.0,8.0,19.0,5.0,1,49.0,7.0,40.0,1,1,0
9149,24.0,1.0,16.0,1.0,2,468.0,0.0,31.0,1,1,1
9150,82.0,3.0,19.0,1.0,0,51.0,1.0,40.0,0,1,0
9151,25.0,1.0,19.0,1.0,4,6.0,0.0,30.0,1,1,1
9152,25.0,1.0,24.0,1.0,3,49.0,0.0,40.0,1,1,1
9153,26.0,1.0,19.0,1.0,2,341.0,0.0,40.0,1,1,0
9154,25.0,2.0,16.0,5.0,0,323.0,12.0,14.0,0,1,1
9155,26.0,2.0,14.0,5.0,1,51.0,12.0,40.0,0,0,0
9156,30.0,2.0,19.0,1.0,1,508.0,0.0,40.0,1,0,0
9157,39.0,1.0,10.0,1.0,0,49.0,1.0,4.0,0,1,0
9158,40.0,1.0,22.0,5.0,0,49.0,12.0,10.0,1,0,1
9159,41.0,1.0,3.0,3.0,2,49.0,2.0,20.0,1,1,1
9160,24.0,7.0,16.0,1.0,0,6.0,0.0,40.0,0,1,0
9161,26.0,1.0,19.0,1.0,5,49.0,0.0,24.0,0,1,0
9162,62.0,1.0,21.0,1.0,4,16.0,0.0,37.0,1,1,1
9163,51.0,1.0,8.0,1.0,0,8.0,1.0,50.0,0,1,0
9164,41.0,1.0,20.0,1.0,4,50.0,0.0,40.0,1,1,1
9165,18.0,1.0,16.0,1.0,0,55.0,1.0,40.0,0,1,0
9166,28.0,1.0,20.0,1.0,1,23.0,0.0,20.0,1,1,0
9167,44.0,1.0,16.0,5.0,1,49.0,2.0,20.0,0,1,0
9168,60.0,7.0,18.0,1.0,0,20.0,0.0,40.0,0,1,1
9169,44.0,1.0,21.0,1.0,3,49.0,1.0,4.0,1,1,1
9170,35.0,5.0,21.0,1.0,0,468.0,1.0,40.0,0,1,1
9171,32.0,1.0,16.0,5.0,3,49.0,16.0,91.0,1,1,0
9172,30.0,1.0,21.0,5.0,1,49.0,13.0,38.0,0,1,1
9173,46.0,1.0,19.0,5.0,2,49.0,12.0,20.0,0,1,0
9174,51.0,1.0,16.0,5.0,2,303.0,16.0,40.0,0,1,0
9175,23.0,1.0,17.0,3.0,2,341.0,0.0,40.0,1,1,1
9176,67.0,1.0,21.0,1.0,0,49.0,0.0,40.0,1,1,1
9177,41.0,2.0,16.0,5.0,5,49.0,2.0,40.0,0,1,0
9178,55.0,1.0,22.0,1.0,0,8.0,1.0,40.0,1,1,1
9179,57.0,7.0,21.0,1.0,3,150.0,0.0,20.0,1,1,1
9180,26.0,1.0,19.0,1.0,2,49.0,0.0,50.0,0,1,1
9181,35.0,1.0,21.0,5.0,2,49.0,0.0,20.0,0,1,1
9182,46.0,1.0,21.0,1.0,2,49.0,1.0,75.0,1,1,0
9183,34.0,1.0,17.0,1.0,0,20.0,1.0,23.0,0,1,0
9184,33.0,7.0,18.0,5.0,2,49.0,15.0,40.0,0,1,0
9185,21.0,4.0,16.0,5.0,3,467.0,2.0,40.0,1,1,0
9186,32.0,1.0,21.0,1.0,2,8.0,1.0,45.0,0,1,0
9187,47.0,1.0,21.0,5.0,0,468.0,0.0,42.0,1,1,0
9188,31.0,1.0,21.0,1.0,2,49.0,0.0,96.0,0,1,1
9189,68.0,3.0,19.0,1.0,-1,16.0,1.0,40.0,0,0,1
9190,36.0,1.0,16.0,3.0,5,6.0,2.0,40.0,0,1,0
9191,62.0,1.0,22.0,1.0,3,370.0,1.0,40.0,1,1,1
9192,44.0,1.0,14.0,1.0,4,6.0,1.0,40.0,1,0,0
9193,34.0,3.0,20.0,1.0,3,49.0,1.0,37.0,1,1,0
9194,61.0,4.0,21.0,5.0,2,49.0,17.0,50.0,0,1,0
9195,42.0,1.0,18.0,5.0,1,49.0,2.0,50.0,0,1,0
9196,25.0,1.0,17.0,5.0,2,50.0,12.0,45.0,1,1,1
9197,51.0,1.0,19.0,4.0,1,16.0,0.0,50.0,1,1,1
9198,40.0,6.0,20.0,1.0,0,323.0,1.0,60.0,1,1,1
9199,55.0,1.0,19.0,1.0,1,49.0,0.0,20.0,0,0,1
9200,18.0,1.0,21.0,5.0,3,323.0,2.0,84.0,1,1,0
9201,68.0,4.0,14.0,5.0,4,323.0,17.0,60.0,1,1,0
9202,28.0,1.0,21.0,1.0,0,49.0,1.0,39.0,1,1,0
9203,32.0,5.0,21.0,5.0,1,49.0,0.0,40.0,1,1,1
9204,44.0,1.0,16.0,1.0,-1,49.0,0.0,40.0,0,1,1
9205,27.0,2.0,22.0,1.0,0,49.0,1.0,15.0,1,1,1
9206,23.0,1.0,21.0,1.0,0,42.0,5.0,60.0,1,0,0
9207,69.0,4.0,3.0,5.0,0,49.0,2.0,30.0,1,1,1
9208,46.0,1.0,23.0,5.0,1,49.0,2.0,40.0,0,1,0
9209,54.0,1.0,21.0,5.0,0,323.0,2.0,20.0,0,1,0
9210,47.0,1.0,21.0,4.0,0,49.0,0.0,20.0,0,0,1
9211,47.0,6.0,19.0,5.0,4,49.0,2.0,55.0,1,1,0
9212,56.0,1.0,22.0,5.0,1,49.0,12.0,40.0,0,1,0
9213,26.0,2.0,17.0,1.0,1,151.0,1.0,19.0,1,1,1
9214,23.0,1.0,16.0,5.0,4,49.0,2.0,40.0,1,1,0
9215,32.0,1.0,21.0,1.0,0,49.0,1.0,40.0,1,1,1
9216,22.0,3.0,20.0,5.0,2,49.0,16.0,40.0,0,1,0
9217,53.0,7.0,21.0,2.0,4,37.0,9.0,68.0,1,1,1
9218,64.0,1.0,16.0,5.0,0,49.0,5.0,24.0,0,1,0
9219,79.0,1.0,19.0,1.0,4,370.0,1.0,20.0,1,1,0
9220,64.0,1.0,21.0,1.0,0,49.0,0.0,40.0,0,0,1
9221,27.0,1.0,20.0,1.0,0,49.0,1.0,40.0,1,0,1
9222,49.0,1.0,22.0,1.0,0,329.0,1.0,40.0,0,1,1
9223,32.0,5.0,24.0,1.0,0,30.0,0.0,40.0,1,1,1
9224,48.0,1.0,19.0,1.0,3,203.0,1.0,45.0,1,1,0
9225,34.0,7.0,19.0,1.0,0,55.0,1.0,40.0,0,1,1
9226,41.0,1.0,16.0,1.0,1,49.0,1.0,40.0,0,1,0
9227,65.0,1.0,21.0,1.0,2,49.0,0.0,84.0,1,1,1
9228,27.0,7.0,20.0,1.0,2,214.0,0.0,45.0,1,1,0
9229,62.0,4.0,20.0,1.0,2,49.0,1.0,24.0,0,1,1
9230,43.0,1.0,22.0,1.0,4,49.0,1.0,40.0,1,1,1
9231,24.0,1.0,20.0,3.0,2,49.0,2.0,20.0,0,1,1
9232,82.0,1.0,16.0,1.0,0,49.0,0.0,40.0,0,1,0
9233,27.0,1.0,20.0,1.0,3,150.0,0.0,30.0,1,1,0
9234,31.0,1.0,19.0,5.0,2,49.0,12.0,40.0,0,1,0
9235,65.0,1.0,21.0,1.0,0,49.0,0.0,40.0,0,1,1
9236,26.0,2.0,21.0,1.0,0,49.0,1.0,38.0,0,1,1
9237,69.0,1.0,16.0,5.0,2,323.0,12.0,40.0,1,0,1
9238,55.0,1.0,22.0,1.0,3,303.0,0.0,50.0,1,1,1
9239,46.0,2.0,21.0,1.0,0,49.0,1.0,40.0,1,1,1
9240,42.0,3.0,3.0,5.0,1,49.0,0.0,40.0,0,1,0
9241,25.0,1.0,19.0,1.0,4,49.0,0.0,45.0,1,1,1
9242,20.0,4.0,16.0,1.0,4,49.0,0.0,32.0,0,1,0
9243,27.0,1.0,19.0,2.0,3,214.0,16.0,18.0,1,1,0
9244,24.0,1.0,6.0,3.0,1,49.0,0.0,20.0,0,1,1
9245,92.0,4.0,21.0,5.0,1,49.0,17.0,40.0,0,1,0
9246,22.0,5.0,21.0,2.0,4,49.0,2.0,14.0,1,1,1
9247,53.0,1.0,21.0,3.0,0,49.0,0.0,60.0,1,1,1
9248,53.0,1.0,16.0,1.0,0,449.0,0.0,4.0,1,1,1
9249,68.0,6.0,19.0,1.0,4,151.0,1.0,19.0,0,1,0
9250,20.0,1.0,15.0,1.0,1,49.0,0.0,40.0,0,1,0
9251,35.0,8.0,19.0,5.0,2,49.0,2.0,50.0,0,1,0
9252,62.0,1.0,16.0,1.0,0,16.0,0.0,40.0,1,1,1
9253,22.0,1.0,17.0,1.0,1,49.0,0.0,25.0,1,0,1
9254,44.0,1.0,22.0,1.0,0,51.0,0.0,40.0,0,1,1
9255,54.0,1.0,15.0,5.0,2,49.0,12.0,40.0,1,1,0
9256,47.0,1.0,19.0,5.0,4,49.0,2.0,40.0,1,1,0
9257,87.0,4.0,18.0,1.0,-1,49.0,1.0,40.0,0,1,1
9258,64.0,4.0,16.0,1.0,3,16.0,0.0,40.0,1,1,0
9259,48.0,5.0,19.0,1.0,0,20.0,0.0,40.0,0,0,1
9260,55.0,1.0,18.0,1.0,0,49.0,0.0,40.0,0,1,1
9261,49.0,1.0,15.0,1.0,0,49.0,0.0,25.0,1,0,1
9262,43.0,3.0,18.0,1.0,1,49.0,0.0,20.0,1,1,1
9263,32.0,6.0,21.0,5.0,1,49.0,17.0,45.0,0,1,0
9264,18.0,7.0,16.0,1.0,4,37.0,0.0,20.0,1,1,1
9265,39.0,1.0,21.0,1.0,4,49.0,1.0,48.0,1,1,1
9266,53.0,5.0,16.0,1.0,0,51.0,1.0,53.0,1,1,0
9267,30.0,1.0,22.0,5.0,3,150.0,7.0,4.0,1,1,1
9268,63.0,3.0,17.0,1.0,4,303.0,0.0,46.0,1,1,1
9269,40.0,1.0,16.0,5.0,4,37.0,2.0,48.0,1,1,0
9270,43.0,1.0,23.0,1.0,0,49.0,0.0,40.0,0,1,1
9271,46.0,7.0,21.0,1.0,1,160.0,0.0,50.0,0,1,1
9272,35.0,7.0,14.0,5.0,1,49.0,2.0,60.0,0,1,0
9273,51.0,1.0,3.0,1.0,2,6.0,1.0,8.0,0,1,1
9274,40.0,4.0,5.0,3.0,1,49.0,2.0,40.0,1,1,1
9275,59.0,1.0,18.0,1.0,0,49.0,0.0,40.0,1,1,0
9276,34.0,1.0,20.0,4.0,0,49.0,0.0,50.0,0,0,1
9277,36.0,1.0,23.0,1.0,0,512.0,1.0,40.0,0,1,1
9278,40.0,1.0,21.0,1.0,2,49.0,0.0,50.0,0,1,0
9279,32.0,1.0,23.0,1.0,2,49.0,0.0,30.0,1,1,1
9280,68.0,1.0,21.0,1.0,0,49.0,0.0,40.0,1,1,1
9281,30.0,7.0,19.0,1.0,3,150.0,0.0,20.0,1,1,1
9282,41.0,1.0,19.0,1.0,0,150.0,0.0,40.0,1,1,1
9283,35.0,1.0,22.0,1.0,3,49.0,1.0,50.0,1,1,1
9284,27.0,1.0,16.0,1.0,0,48.0,0.0,40.0,1,1,0
9285,68.0,1.0,16.0,5.0,0,49.0,12.0,40.0,0,1,1
9286,62.0,6.0,16.0,1.0,2,49.0,1.0,30.0,0,1,0
9287,40.0,1.0,16.0,2.0,2,49.0,1.0,40.0,0,1,1
9288,92.0,1.0,5.0,1.0,-1,16.0,0.0,20.0,0,1,1
9289,23.0,7.0,18.0,1.0,0,49.0,1.0,10.0,0,0,1
9290,26.0,1.0,21.0,1.0,2,323.0,0.0,60.0,0,0,0
9291,22.0,4.0,19.0,5.0,2,49.0,17.0,40.0,0,1,0
9292,30.0,1.0,16.0,5.0,2,16.0,12.0,15.0,0,0,0
9293,52.0,6.0,21.0,5.0,2,203.0,0.0,40.0,0,1,0
9294,48.0,2.0,21.0,1.0,2,49.0,1.0,60.0,1,1,1
9295,68.0,1.0,19.0,1.0,0,49.0,0.0,20.0,1,1,1
9296,87.0,1.0,16.0,5.0,1,51.0,0.0,40.0,1,1,0
9297,41.0,1.0,16.0,1.0,1,49.0,1.0,40.0,0,1,0
9298,75.0,4.0,23.0,3.0,0,468.0,2.0,18.0,1,0,0
9299,57.0,1.0,18.0,1.0,2,508.0,1.0,45.0,1,0,0
9300,30.0,1.0,16.0,1.0,0,508.0,0.0,60.0,0,1,0
9301,21.0,3.0,18.0,5.0,2,49.0,2.0,60.0,0,1,0
9302,32.0,4.0,21.0,1.0,2,468.0,1.0,35.0,0,1,1
9303,38.0,1.0,16.0,5.0,2,49.0,2.0,40.0,0,1,0
9304,48.0,1.0,18.0,1.0,1,49.0,0.0,20.0,1,1,0
9305,76.0,1.0,21.0,1.0,1,49.0,1.0,40.0,1,1,1
9306,65.0,7.0,21.0,1.0,1,49.0,0.0,40.0,0,0,0
9307,32.0,1.0,21.0,1.0,2,51.0,8.0,10.0,1,1,0
9308,48.0,5.0,21.0,1.0,0,49.0,0.0,20.0,0,1,0
9309,44.0,4.0,19.0,1.0,2,49.0,0.0,40.0,0,1,0
9310,24.0,1.0,21.0,1.0,2,49.0,1.0,50.0,1,1,1
9311,25.0,4.0,19.0,3.0,0,51.0,0.0,20.0,1,1,1
9312,17.0,7.0,18.0,1.0,1,6.0,1.0,25.0,0,1,1
9313,55.0,1.0,22.0,1.0,0,50.0,0.0,35.0,0,1,1
9314,47.0,1.0,21.0,1.0,1,203.0,1.0,40.0,0,1,1
9315,29.0,1.0,19.0,5.0,4,49.0,7.0,35.0,0,1,0
9316,43.0,2.0,15.0,1.0,1,323.0,1.0,38.0,0,1,0
9317,48.0,6.0,10.0,5.0,1,49.0,2.0,10.0,0,1,0
9318,35.0,1.0,19.0,5.0,2,6.0,17.0,40.0,0,1,0
9319,82.0,3.0,16.0,3.0,3,49.0,0.0,50.0,1,0,0
9320,44.0,1.0,3.0,3.0,1,51.0,0.0,29.0,0,1,0
9321,23.0,1.0,18.0,1.0,1,49.0,0.0,40.0,0,1,0
9322,42.0,6.0,16.0,1.0,2,49.0,1.0,24.0,0,1,1
9323,53.0,1.0,21.0,5.0,2,49.0,0.0,30.0,0,1,0
9324,67.0,4.0,21.0,3.0,2,449.0,0.0,20.0,1,1,1
9325,52.0,1.0,3.0,5.0,2,6.0,2.0,15.0,0,1,0
9326,37.0,6.0,7.0,1.0,0,329.0,0.0,40.0,0,1,1
9327,53.0,1.0,19.0,1.0,2,49.0,0.0,30.0,0,1,0
9328,33.0,1.0,19.0,1.0,2,49.0,0.0,40.0,0,1,0
9329,40.0,4.0,16.0,1.0,4,329.0,0.0,40.0,1,1,1
9330,25.0,7.0,19.0,1.0,0,323.0,0.0,61.0,0,1,0
9331,32.0,6.0,22.0,1.0,0,49.0,0.0,50.0,1,1,1
9332,52.0,1.0,19.0,5.0,2,49.0,12.0,50.0,0,1,0
9333,43.0,1.0,21.0,1.0,2,49.0,1.0,40.0,1,1,1
9334,21.0,3.0,20.0,4.0,4,150.0,0.0,30.0,1,0,1
9335,51.0,1.0,18.0,1.0,1,451.0,1.0,40.0,0,0,1
9336,52.0,1.0,7.0,1.0,0,55.0,0.0,30.0,1,1,1
9337,87.0,1.0,16.0,1.0,1,23.0,1.0,40.0,1,1,0
9338,56.0,1.0,18.0,1.0,0,214.0,1.0,40.0,0,1,0
9339,51.0,2.0,19.0,1.0,1,6.0,1.0,45.0,0,1,0
9340,65.0,7.0,19.0,5.0,4,49.0,7.0,25.0,1,1,0
9341,49.0,1.0,19.0,1.0,0,449.0,1.0,40.0,1,1,1
9342,40.0,1.0,18.0,1.0,2,49.0,1.0,40.0,0,1,0
9343,50.0,6.0,20.0,1.0,0,20.0,1.0,30.0,1,1,1
9344,30.0,1.0,17.0,2.0,3,323.0,1.0,24.0,1,1,1
9345,68.0,1.0,21.0,3.0,0,329.0,0.0,40.0,1,1,1
9346,24.0,1.0,21.0,1.0,1,49.0,0.0,30.0,1,1,0
9347,51.0,1.0,19.0,1.0,0,49.0,0.0,60.0,1,1,1
9348,49.0,1.0,16.0,3.0,0,37.0,2.0,35.0,0,0,0
9349,30.0,1.0,19.0,1.0,2,55.0,1.0,40.0,0,1,0
9350,43.0,1.0,18.0,1.0,2,49.0,1.0,45.0,0,1,0
9351,18.0,1.0,22.0,1.0,0,329.0,0.0,60.0,1,0,1
9352,33.0,1.0,21.0,1.0,3,468.0,0.0,40.0,1,1,1
9353,23.0,1.0,19.0,1.0,2,303.0,1.0,40.0,0,1,0
9354,40.0,1.0,19.0,1.0,2,329.0,1.0,50.0,0,1,0
9355,20.0,1.0,18.0,5.0,2,468.0,7.0,40.0,0,1,0
9356,40.0,1.0,21.0,1.0,1,49.0,0.0,8.0,1,1,1
9357,56.0,1.0,19.0,1.0,0,49.0,0.0,15.0,0,1,1
9358,26.0,7.0,19.0,1.0,0,6.0,1.0,40.0,1,1,1
9359,45.0,7.0,16.0,1.0,-1,49.0,0.0,20.0,0,1,1
9360,37.0,7.0,21.0,5.0,2,48.0,12.0,61.0,0,0,0
9361,64.0,1.0,19.0,1.0,4,49.0,0.0,30.0,0,1,0
9362,73.0,1.0,23.0,1.0,3,49.0,0.0,29.0,1,1,0
9363,35.0,1.0,19.0,1.0,2,49.0,0.0,75.0,1,1,0
9364,17.0,1.0,20.0,3.0,1,527.0,2.0,40.0,0,1,0
9365,40.0,2.0,16.0,5.0,2,49.0,2.0,30.0,0,1,0
9366,18.0,1.0,21.0,5.0,2,49.0,17.0,40.0,1,1,0
9367,43.0,6.0,21.0,5.0,2,49.0,12.0,45.0,1,1,1
9368,29.0,5.0,19.0,5.0,2,6.0,2.0,45.0,0,1,0
9369,26.0,1.0,21.0,5.0,0,49.0,2.0,40.0,1,1,0
9370,59.0,3.0,20.0,1.0,0,150.0,0.0,40.0,1,1,1
9371,60.0,1.0,22.0,1.0,0,48.0,1.0,50.0,0,1,1
9372,52.0,1.0,21.0,1.0,4,214.0,1.0,40.0,1,1,1
9373,32.0,1.0,16.0,4.0,2,49.0,17.0,50.0,0,1,1
9374,68.0,1.0,19.0,1.0,1,49.0,0.0,45.0,0,1,0
9375,51.0,1.0,16.0,1.0,0,49.0,1.0,50.0,1,1,1
9376,44.0,1.0,16.0,5.0,4,329.0,2.0,42.0,1,0,0
9377,20.0,7.0,19.0,1.0,3,49.0,1.0,40.0,1,1,1
9378,79.0,4.0,21.0,1.0,4,49.0,1.0,40.0,1,1,1
9379,23.0,1.0,16.0,5.0,2,8.0,2.0,36.0,0,1,0
9380,34.0,4.0,22.0,4.0,4,49.0,0.0,40.0,1,1,1
9381,32.0,7.0,16.0,5.0,1,6.0,2.0,20.0,0,0,0
9382,20.0,1.0,21.0,1.0,5,6.0,0.0,12.0,0,1,0
9383,22.0,2.0,21.0,1.0,4,203.0,10.0,40.0,1,0,0
9384,44.0,6.0,20.0,1.0,0,49.0,6.0,75.0,0,1,1
9385,28.0,1.0,16.0,1.0,0,49.0,1.0,14.0,1,1,0
9386,37.0,4.0,16.0,1.0,2,49.0,0.0,50.0,0,1,1
9387,82.0,3.0,21.0,5.0,0,49.0,0.0,40.0,1,0,0
9388,61.0,1.0,21.0,3.0,0,49.0,2.0,20.0,0,1,0
9389,42.0,1.0,16.0,5.0,1,303.0,2.0,60.0,1,1,0
9390,18.0,1.0,18.0,1.0,4,214.0,0.0,3.0,1,1,1
9391,26.0,7.0,18.0,1.0,-1,49.0,0.0,3.0,0,1,1
9392,31.0,2.0,18.0,5.0,2,468.0,0.0,40.0,1,1,0
9393,18.0,1.0,22.0,3.0,0,6.0,0.0,25.0,1,1,1
9394,34.0,1.0,16.0,5.0,0,49.0,2.0,61.0,1,1,0
9395,60.0,2.0,18.0,5.0,0,451.0,2.0,55.0,1,1,0
9396,68.0,7.0,24.0,2.0,1,49.0,9.0,40.0,1,1,1
9397,44.0,1.0,10.0,3.0,1,449.0,0.0,40.0,0,1,0
9398,25.0,1.0,23.0,1.0,3,49.0,1.0,40.0,1,1,1
9399,20.0,1.0,16.0,5.0,1,49.0,17.0,30.0,0,1,0
9400,34.0,2.0,22.0,1.0,1,16.0,4.0,50.0,0,0,1
9401,40.0,7.0,19.0,1.0,-1,6.0,1.0,40.0,0,1,1
9402,48.0,1.0,8.0,5.0,0,49.0,2.0,32.0,0,1,0
9403,18.0,5.0,19.0,1.0,2,49.0,0.0,10.0,0,1,0
9404,52.0,1.0,16.0,3.0,0,49.0,0.0,40.0,0,1,0
9405,76.0,1.0,17.0,1.0,2,49.0,0.0,48.0,0,1,1
9406,35.0,1.0,18.0,1.0,4,329.0,1.0,15.0,1,1,0
9407,39.0,6.0,18.0,1.0,2,214.0,1.0,40.0,0,1,1
9408,29.0,5.0,19.0,2.0,1,49.0,16.0,25.0,1,1,0
9409,64.0,6.0,20.0,5.0,4,6.0,13.0,40.0,1,1,1
9410,39.0,2.0,6.0,1.0,2,48.0,0.0,3.0,1,1,1
9411,32.0,4.0,21.0,1.0,2,6.0,1.0,40.0,0,1,1
9412,56.0,1.0,21.0,5.0,1,449.0,0.0,40.0,0,1,0
9413,38.0,1.0,20.0,1.0,2,20.0,1.0,19.0,0,1,1
9414,44.0,1.0,18.0,1.0,2,49.0,1.0,40.0,0,1,0
9415,43.0,1.0,16.0,1.0,1,49.0,0.0,12.0,0,1,0
9416,19.0,1.0,19.0,1.0,1,49.0,1.0,12.0,0,1,0
9417,42.0,2.0,22.0,1.0,0,214.0,0.0,50.0,1,1,1
9418,43.0,1.0,21.0,1.0,0,49.0,0.0,40.0,0,1,1
9419,92.0,1.0,20.0,5.0,1,6.0,0.0,40.0,1,1,0
9420,39.0,1.0,19.0,5.0,0,150.0,2.0,14.0,0,1,0
9421,28.0,1.0,19.0,5.0,0,214.0,17.0,61.0,0,1,0
9422,55.0,1.0,21.0,1.0,4,48.0,0.0,30.0,1,1,1
9423,61.0,1.0,19.0,1.0,1,49.0,1.0,48.0,0,1,0
9424,33.0,2.0,20.0,1.0,0,49.0,0.0,45.0,1,1,1
9425,84.0,1.0,19.0,1.0,0,49.0,1.0,20.0,1,1,1
9426,65.0,5.0,16.0,1.0,0,150.0,0.0,20.0,1,0,1
9427,35.0,1.0,16.0,5.0,2,49.0,17.0,55.0,0,0,0
9428,51.0,1.0,22.0,1.0,0,49.0,0.0,35.0,1,1,1
9429,53.0,7.0,16.0,1.0,2,48.0,0.0,50.0,0,1,0
9430,61.0,4.0,19.0,1.0,1,49.0,0.0,10.0,1,1,1
9431,35.0,1.0,13.0,1.0,2,442.0,0.0,40.0,0,1,0
9432,21.0,2.0,21.0,5.0,0,49.0,12.0,37.0,0,1,0
9433,44.0,3.0,16.0,5.0,2,49.0,17.0,40.0,0,0,0
9434,39.0,3.0,19.0,5.0,4,49.0,2.0,40.0,0,1,0
9435,51.0,1.0,21.0,5.0,2,6.0,2.0,50.0,0,1,0
9436,39.0,4.0,17.0,1.0,0,49.0,0.0,40.0,1,1,1
9437,59.0,1.0,21.0,1.0,4,6.0,0.0,20.0,0,1,1
9438,35.0,1.0,19.0,1.0,3,6.0,0.0,45.0,1,1,1
9439,39.0,1.0,21.0,1.0,4,370.0,1.0,50.0,1,1,1
9440,31.0,1.0,21.0,5.0,4,49.0,17.0,50.0,0,1,0
9441,40.0,1.0,22.0,1.0,0,49.0,0.0,8.0,1,1,1
9442,22.0,3.0,19.0,5.0,3,49.0,7.0,50.0,1,1,0
9443,17.0,7.0,16.0,5.0,2,49.0,0.0,40.0,0,1,0
9444,34.0,1.0,19.0,1.0,2,214.0,0.0,25.0,1,1,1
9445,54.0,1.0,18.0,5.0,0,49.0,12.0,40.0,0,1,0
9446,27.0,6.0,22.0,1.0,0,203.0,1.0,40.0,0,1,1
9447,30.0,3.0,21.0,1.0,0,329.0,1.0,38.0,1,1,1
9448,40.0,5.0,14.0,5.0,0,49.0,2.0,40.0,1,0,0
9449,44.0,1.0,16.0,5.0,2,49.0,7.0,40.0,0,1,0
9450,46.0,6.0,16.0,5.0,0,49.0,2.0,45.0,0,1,0
9451,21.0,4.0,15.0,5.0,0,150.0,16.0,36.0,0,1,0
9452,35.0,7.0,22.0,1.0,0,49.0,0.0,29.0,1,1,1
9453,23.0,1.0,21.0,5.0,3,49.0,15.0,40.0,1,1,0
9454,75.0,1.0,17.0,1.0,0,160.0,5.0,60.0,0,1,1
9455,42.0,3.0,16.0,5.0,2,49.0,0.0,38.0,0,1,0
9456,45.0,1.0,21.0,1.0,0,49.0,1.0,20.0,0,1,0
9457,34.0,1.0,16.0,1.0,2,49.0,1.0,15.0,0,1,1
9458,26.0,1.0,22.0,5.0,3,150.0,12.0,40.0,1,1,0
9459,25.0,1.0,16.0,1.0,0,49.0,6.0,40.0,0,1,1
9460,35.0,1.0,20.0,1.0,2,49.0,1.0,48.0,1,1,1
9461,52.0,1.0,21.0,5.0,2,49.0,2.0,29.0,1,1,0
9462,44.0,1.0,18.0,1.0,1,151.0,1.0,45.0,0,1,0
9463,21.0,1.0,19.0,5.0,1,49.0,2.0,55.0,0,1,0
9464,29.0,1.0,19.0,5.0,1,16.0,2.0,40.0,0,1,0
9465,34.0,1.0,21.0,1.0,0,214.0,1.0,20.0,1,1,1
9466,62.0,1.0,19.0,1.0,1,45.0,0.0,40.0,0,1,0
9467,26.0,1.0,21.0,1.0,1,49.0,0.0,14.0,1,1,1
9468,37.0,3.0,19.0,1.0,3,370.0,1.0,14.0,1,1,1
9469,37.0,1.0,21.0,1.0,0,49.0,1.0,40.0,0,0,1
9470,69.0,1.0,19.0,1.0,1,49.0,1.0,40.0,0,0,0
9471,18.0,1.0,5.0,1.0,1,49.0,5.0,40.0,1,1,1
9472,84.0,2.0,16.0,5.0,0,49.0,2.0,40.0,0,1,0
9473,84.0,1.0,21.0,1.0,0,49.0,1.0,50.0,0,1,1
9474,44.0,1.0,22.0,1.0,2,49.0,0.0,60.0,0,1,1
9475,54.0,1.0,3.0,5.0,0,214.0,7.0,40.0,0,1,1
9476,28.0,1.0,21.0,1.0,1,49.0,0.0,40.0,1,1,1
9477,68.0,3.0,19.0,3.0,3,49.0,0.0,15.0,1,0,1
9478,57.0,1.0,18.0,5.0,3,49.0,13.0,40.0,1,1,1
9479,34.0,1.0,15.0,1.0,0,49.0,1.0,20.0,0,1,0
9480,21.0,1.0,18.0,5.0,4,51.0,0.0,84.0,1,1,0
9481,38.0,1.0,23.0,5.0,1,49.0,0.0,40.0,0,1,0
9482,80.0,4.0,21.0,1.0,0,323.0,0.0,40.0,1,1,1
9483,46.0,1.0,19.0,1.0,2,49.0,1.0,40.0,1,1,1
9484,60.0,5.0,21.0,5.0,3,151.0,2.0,40.0,1,0,0
9485,79.0,1.0,22.0,1.0,0,449.0,0.0,40.0,0,1,1
9486,31.0,1.0,16.0,1.0,0,468.0,0.0,40.0,0,1,1
9487,43.0,1.0,18.0,1.0,4,49.0,0.0,4.0,1,1,0
9488,31.0,7.0,22.0,1.0,0,49.0,0.0,40.0,1,1,1
9489,23.0,4.0,19.0,1.0,0,49.0,0.0,40.0,0,1,1
9490,49.0,1.0,15.0,5.0,2,49.0,2.0,62.0,0,1,0
9491,45.0,1.0,16.0,1.0,1,49.0,1.0,68.0,1,1,1
9492,41.0,3.0,17.0,5.0,1,6.0,2.0,40.0,0,1,0
9493,68.0,1.0,21.0,4.0,0,49.0,0.0,12.0,1,0,1
9494,50.0,1.0,16.0,1.0,0,49.0,0.0,35.0,0,1,1
9495,32.0,1.0,19.0,1.0,1,49.0,1.0,20.0,1,1,0
9496,60.0,1.0,21.0,1.0,2,49.0,0.0,4.0,0,1,0
9497,39.0,1.0,16.0,5.0,2,49.0,2.0,30.0,1,1,0
9498,40.0,1.0,21.0,3.0,0,20.0,0.0,60.0,1,1,1
9499,33.0,1.0,19.0,1.0,0,49.0,1.0,61.0,1,1,0
9500,29.0,6.0,21.0,1.0,1,37.0,0.0,18.0,1,1,1
9501,25.0,2.0,19.0,1.0,1,49.0,0.0,36.0,1,1,0
9502,35.0,1.0,19.0,5.0,0,449.0,2.0,30.0,0,1,0
9503,84.0,7.0,19.0,1.0,1,49.0,9.0,10.0,0,1,0
9504,49.0,4.0,20.0,1.0,0,451.0,0.0,40.0,0,1,0
9505,22.0,1.0,21.0,1.0,0,6.0,1.0,45.0,0,1,1
9506,38.0,7.0,24.0,1.0,0,467.0,0.0,84.0,1,1,1
9507,56.0,7.0,16.0,1.0,4,16.0,1.0,60.0,1,1,0
9508,38.0,2.0,19.0,5.0,4,467.0,13.0,60.0,1,1,1
9509,40.0,3.0,16.0,3.0,2,49.0,0.0,40.0,0,1,0
9510,38.0,2.0,21.0,1.0,0,49.0,0.0,50.0,1,1,0
9511,59.0,1.0,18.0,1.0,2,6.0,1.0,40.0,1,1,0
9512,84.0,1.0,21.0,1.0,0,49.0,1.0,40.0,1,1,0
9513,20.0,1.0,23.0,1.0,0,49.0,0.0,40.0,1,1,1
9514,57.0,3.0,21.0,1.0,2,49.0,0.0,18.0,0,1,1
9515,19.0,1.0,22.0,1.0,2,49.0,5.0,35.0,1,1,1
9516,42.0,7.0,19.0,1.0,4,303.0,0.0,53.0,1,1,0
9517,26.0,1.0,19.0,1.0,3,49.0,1.0,30.0,1,1,1
9518,23.0,4.0,22.0,1.0,0,49.0,1.0,48.0,1,1,1
9519,37.0,5.0,21.0,1.0,4,49.0,0.0,15.0,0,1,1
9520,21.0,4.0,16.0,1.0,2,49.0,1.0,35.0,1,1,1
9521,87.0,4.0,19.0,1.0,1,442.0,1.0,40.0,0,1,0
9522,26.0,8.0,20.0,5.0,2,49.0,12.0,40.0,0,1,0
9523,65.0,1.0,16.0,5.0,4,6.0,0.0,20.0,1,1,0
9524,37.0,8.0,15.0,3.0,1,20.0,0.0,40.0,0,1,0
9525,31.0,1.0,5.0,1.0,0,45.0,1.0,40.0,1,1,1
9526,25.0,7.0,16.0,1.0,4,49.0,1.0,45.0,0,1,0
9527,47.0,6.0,16.0,1.0,2,50.0,9.0,40.0,0,1,0
9528,44.0,1.0,16.0,5.0,4,449.0,0.0,20.0,1,1,0
9529,17.0,4.0,21.0,1.0,0,160.0,0.0,4.0,0,1,1
9530,75.0,1.0,21.0,2.0,2,49.0,2.0,60.0,1,1,1
9531,55.0,1.0,18.0,5.0,3,20.0,15.0,40.0,1,1,0
9532,37.0,5.0,19.0,1.0,1,214.0,0.0,45.0,1,0,1
9533,41.0,1.0,22.0,1.0,0,49.0,0.0,30.0,0,1,1
9534,50.0,1.0,20.0,5.0,0,49.0,3.0,62.0,0,1,0
9535,92.0,1.0,21.0,1.0,1,203.0,1.0,40.0,0,1,0
9536,80.0,1.0,18.0,1.0,0,451.0,0.0,40.0,1,1,1
9537,42.0,1.0,19.0,4.0,3,49.0,13.0,30.0,1,1,1
9538,65.0,2.0,8.0,5.0,1,49.0,12.0,60.0,1,0,0
9539,43.0,4.0,19.0,1.0,3,49.0,1.0,46.0,1,1,0
9540,25.0,2.0,20.0,5.0,0,49.0,0.0,50.0,1,1,1
9541,40.0,5.0,16.0,1.0,1,49.0,1.0,45.0,1,0,1
9542,36.0,7.0,7.0,1.0,0,6.0,0.0,40.0,1,1,1
9543,35.0,1.0,18.0,1.0,0,49.0,8.0,20.0,1,1,0
9544,33.0,1.0,21.0,1.0,0,8.0,0.0,10.0,1,1,1
9545,50.0,1.0,19.0,1.0,1,508.0,1.0,25.0,0,1,0
9546,62.0,1.0,20.0,5.0,0,20.0,7.0,40.0,1,0,1
9547,59.0,1.0,21.0,5.0,1,6.0,12.0,50.0,0,1,0
9548,30.0,5.0,20.0,1.0,0,49.0,1.0,40.0,0,1,1
9549,52.0,1.0,21.0,5.0,1,49.0,17.0,40.0,0,1,0
9550,20.0,7.0,19.0,1.0,0,49.0,1.0,40.0,0,1,0
9551,24.0,1.0,22.0,1.0,0,303.0,0.0,40.0,1,1,1
9552,61.0,4.0,22.0,1.0,3,150.0,0.0,3.0,1,1,1
9553,65.0,1.0,21.0,1.0,0,303.0,0.0,38.0,1,1,0
9554,40.0,5.0,19.0,5.0,2,329.0,0.0,50.0,0,1,0
9555,20.0,7.0,10.0,1.0,3,49.0,1.0,15.0,1,1,0
9556,49.0,6.0,16.0,1.0,0,49.0,1.0,40.0,1,1,1
9557,44.0,1.0,19.0,3.0,1,50.0,0.0,15.0,0,1,0
9558,63.0,1.0,19.0,5.0,1,151.0,2.0,45.0,0,0,0
9559,57.0,3.0,20.0,1.0,0,49.0,10.0,40.0,0,1,0
9560,30.0,1.0,21.0,5.0,4,323.0,2.0,40.0,0,1,0
9561,78.0,1.0,21.0,3.0,2,49.0,0.0,14.0,0,1,1
9562,24.0,1.0,18.0,5.0,0,49.0,7.0,40.0,1,1,0
9563,56.0,3.0,23.0,1.0,0,20.0,0.0,4.0,0,1,0
9564,56.0,1.0,22.0,1.0,1,303.0,0.0,35.0,0,1,1
9565,48.0,1.0,21.0,4.0,0,370.0,0.0,40.0,0,1,1
9566,25.0,2.0,17.0,3.0,1,49.0,0.0,40.0,0,1,0
9567,59.0,1.0,16.0,1.0,2,49.0,0.0,60.0,0,1,1
9568,59.0,6.0,16.0,1.0,4,49.0,0.0,40.0,1,1,0
9569,38.0,3.0,16.0,1.0,2,49.0,1.0,40.0,0,1,0
9570,57.0,1.0,18.0,1.0,2,51.0,0.0,48.0,0,1,0
9571,52.0,1.0,21.0,1.0,0,49.0,0.0,40.0,0,1,1
9572,55.0,1.0,21.0,1.0,0,49.0,1.0,3.0,0,1,1
9573,28.0,1.0,16.0,3.0,0,49.0,0.0,40.0,1,1,1
9574,26.0,1.0,19.0,1.0,1,49.0,1.0,40.0,0,1,0
9575,28.0,1.0,19.0,1.0,1,49.0,0.0,40.0,1,1,1
9576,21.0,1.0,16.0,1.0,2,49.0,0.0,60.0,1,1,0
9577,84.0,1.0,5.0,1.0,0,214.0,1.0,60.0,1,1,1
9578,25.0,1.0,21.0,1.0,2,49.0,0.0,53.0,1,1,1
9579,78.0,1.0,21.0,1.0,4,49.0,9.0,40.0,1,1,0
9580,44.0,1.0,16.0,3.0,0,55.0,2.0,53.0,1,1,1
9581,49.0,1.0,18.0,1.0,2,49.0,0.0,40.0,0,1,0
9582,36.0,4.0,22.0,1.0,1,49.0,1.0,40.0,1,1,1
9583,60.0,1.0,18.0,1.0,0,51.0,1.0,40.0,1,1,0
9584,61.0,7.0,18.0,5.0,0,6.0,16.0,40.0,0,1,0
9585,29.0,1.0,20.0,5.0,2,49.0,12.0,14.0,0,1,0
9586,87.0,1.0,21.0,1.0,0,303.0,1.0,91.0,1,0,1
9587,32.0,1.0,21.0,1.0,2,49.0,1.0,61.0,1,1,1
9588,18.0,1.0,21.0,1.0,0,55.0,0.0,40.0,0,1,1
9589,35.0,7.0,20.0,3.0,4,49.0,0.0,45.0,0,1,0
9590,47.0,1.0,5.0,2.0,2,341.0,1.0,60.0,1,1,1
9591,24.0,4.0,19.0,1.0,0,49.0,1.0,50.0,1,1,1
9592,87.0,1.0,3.0,3.0,0,49.0,0.0,40.0,1,1,1
9593,17.0,1.0,13.0,5.0,4,449.0,2.0,50.0,1,1,0
9594,23.0,1.0,15.0,1.0,1,468.0,10.0,40.0,1,1,0
9595,49.0,6.0,19.0,1.0,0,49.0,0.0,14.0,1,1,1
9596,23.0,1.0,21.0,1.0,1,203.0,0.0,30.0,0,0,1
9597,29.0,8.0,21.0,5.0,1,303.0,17.0,50.0,0,1,0
9598,18.0,4.0,21.0,5.0,2,323.0,3.0,40.0,0,1,0
9599,54.0,1.0,18.0,1.0,2,49.0,0.0,40.0,0,0,0
9600,68.0,2.0,16.0,1.0,0,49.0,6.0,40.0,1,1,1
9601,44.0,1.0,19.0,1.0,0,468.0,0.0,60.0,1,1,1
9602,22.0,6.0,23.0,1.0,0,323.0,0.0,40.0,1,1,1
9603,25.0,1.0,15.0,5.0,2,49.0,12.0,45.0,0,1,0
9604,54.0,4.0,21.0,1.0,1,49.0,1.0,31.0,0,1,0
9605,22.0,1.0,21.0,1.0,0,214.0,1.0,60.0,0,1,1
9606,18.0,1.0,14.0,2.0,0,203.0,16.0,40.0,1,1,0
9607,38.0,1.0,24.0,1.0,0,49.0,0.0,40.0,1,0,1
9608,75.0,7.0,16.0,5.0,3,468.0,7.0,60.0,1,1,1
9609,82.0,1.0,21.0,5.0,0,49.0,2.0,40.0,0,1,0
9610,38.0,3.0,19.0,5.0,4,49.0,2.0,48.0,0,1,0
9611,92.0,1.0,16.0,1.0,0,49.0,0.0,40.0,0,1,0
9612,84.0,1.0,19.0,5.0,0,49.0,12.0,36.0,1,1,0
9613,25.0,1.0,16.0,1.0,0,49.0,1.0,53.0,1,1,1
9614,37.0,1.0,19.0,5.0,0,49.0,17.0,40.0,0,1,0
9615,34.0,1.0,16.0,1.0,1,49.0,1.0,10.0,1,1,1
9616,31.0,1.0,21.0,1.0,2,49.0,8.0,60.0,0,1,0
9617,17.0,1.0,23.0,3.0,4,51.0,0.0,40.0,1,1,1
9618,20.0,1.0,18.0,5.0,4,49.0,2.0,60.0,0,1,0
9619,46.0,1.0,22.0,1.0,0,329.0,1.0,40.0,0,1,0
9620,22.0,2.0,19.0,5.0,2,49.0,17.0,15.0,0,1,0
9621,87.0,1.0,21.0,1.0,0,49.0,0.0,40.0,1,1,1
9622,68.0,1.0,22.0,1.0,0,49.0,1.0,40.0,1,1,1
9623,30.0,1.0,15.0,1.0,1,51.0,0.0,30.0,0,1,0
9624,42.0,1.0,19.0,5.0,4,23.0,0.0,40.0,1,1,1
9625,39.0,3.0,18.0,3.0,2,49.0,2.0,40.0,0,0,0
9626,21.0,1.0,16.0,1.0,0,49.0,0.0,35.0,0,1,1
9627,18.0,3.0,19.0,4.0,0,49.0,0.0,40.0,0,0,1
9628,60.0,6.0,21.0,1.0,2,214.0,0.0,40.0,0,1,0
9629,60.0,1.0,23.0,5.0,4,150.0,2.0,40.0,0,1,1
9630,51.0,1.0,18.0,1.0,4,49.0,1.0,30.0,1,0,0
9631,55.0,1.0,19.0,5.0,2,49.0,2.0,23.0,1,1,0
9632,21.0,1.0,19.0,1.0,0,303.0,0.0,40.0,1,1,1
9633,29.0,1.0,17.0,1.0,4,203.0,0.0,40.0,1,1,1
9634,80.0,8.0,16.0,5.0,3,49.0,17.0,35.0,1,1,0
9635,44.0,1.0,22.0,5.0,0,49.0,0.0,48.0,1,1,1
9636,34.0,1.0,3.0,1.0,0,329.0,1.0,42.0,1,1,1
9637,41.0,4.0,21.0,1.0,0,303.0,0.0,50.0,0,1,1
9638,22.0,1.0,16.0,1.0,3,49.0,0.0,4.0,1,1,0
9639,20.0,1.0,19.0,3.0,4,151.0,0.0,25.0,0,1,1
9640,37.0,1.0,21.0,1.0,2,49.0,1.0,62.0,1,1,1
9641,61.0,1.0,19.0,1.0,0,49.0,0.0,50.0,1,1,1
9642,55.0,1.0,20.0,1.0,0,49.0,0.0,10.0,0,1,1
9643,47.0,1.0,21.0,1.0,2,45.0,0.0,40.0,1,1,1
9644,54.0,5.0,21.0,1.0,2,49.0,0.0,8.0,0,1,1
9645,21.0,2.0,23.0,2.0,0,49.0,9.0,50.0,1,1,1
9646,18.0,1.0,19.0,5.0,2,151.0,15.0,40.0,0,1,0
9647,17.0,1.0,17.0,5.0,3,49.0,0.0,50.0,1,1,1
9648,47.0,1.0,18.0,5.0,1,508.0,2.0,40.0,0,1,0
9649,25.0,1.0,18.0,1.0,2,6.0,0.0,45.0,1,1,0
9650,76.0,1.0,19.0,5.0,1,214.0,2.0,15.0,1,1,0
9651,28.0,1.0,16.0,5.0,2,50.0,17.0,40.0,1,0,0
9652,67.0,1.0,21.0,3.0,3,51.0,0.0,40.0,1,1,1
9653,30.0,3.0,21.0,5.0,4,449.0,12.0,50.0,1,0,0
9654,18.0,1.0,18.0,5.0,3,49.0,2.0,40.0,1,1,0
9655,45.0,1.0,21.0,3.0,0,49.0,0.0,39.0,0,1,1
9656,30.0,5.0,23.0,3.0,0,49.0,0.0,40.0,1,0,1
9657,64.0,2.0,5.0,1.0,2,49.0,0.0,45.0,1,1,1
9658,51.0,7.0,16.0,5.0,0,49.0,2.0,35.0,0,1,0
9659,44.0,3.0,17.0,1.0,3,49.0,1.0,48.0,1,1,1
9660,51.0,1.0,19.0,1.0,0,329.0,1.0,40.0,1,1,1
9661,41.0,6.0,21.0,3.0,0,49.0,0.0,50.0,0,1,1
9662,49.0,1.0,19.0,1.0,0,49.0,1.0,40.0,1,1,0
9663,47.0,1.0,6.0,1.0,3,51.0,0.0,40.0,1,1,1
9664,64.0,5.0,19.0,1.0,0,49.0,1.0,40.0,0,0,1
9665,62.0,1.0,14.0,1.0,1,49.0,1.0,55.0,0,1,0
9666,65.0,7.0,21.0,1.0,0,6.0,0.0,45.0,1,1,1
9667,51.0,1.0,16.0,1.0,0,49.0,0.0,40.0,1,1,1
9668,23.0,5.0,5.0,1.0,0,6.0,0.0,30.0,0,0,1
9669,38.0,1.0,21.0,1.0,3,49.0,1.0,40.0,1,1,0
9670,54.0,6.0,22.0,1.0,2,51.0,1.0,50.0,1,1,1
9671,31.0,3.0,7.0,1.0,0,6.0,0.0,48.0,1,1,1
9672,28.0,1.0,21.0,1.0,4,49.0,0.0,40.0,1,1,1
9673,68.0,2.0,17.0,1.0,0,49.0,1.0,38.0,0,1,1
9674,38.0,1.0,19.0,1.0,0,16.0,0.0,20.0,1,1,1
9675,56.0,1.0,10.0,1.0,0,329.0,1.0,55.0,0,1,0
9676,49.0,7.0,20.0,1.0,0,329.0,0.0,30.0,0,1,1
9677,19.0,1.0,18.0,3.0,0,49.0,0.0,40.0,1,1,1
9678,51.0,1.0,20.0,1.0,1,150.0,10.0,61.0,1,1,0
9679,44.0,1.0,13.0,3.0,1,468.0,0.0,40.0,0,1,0
9680,51.0,5.0,6.0,1.0,0,49.0,1.0,40.0,1,1,1
9681,61.0,3.0,20.0,5.0,1,49.0,13.0,40.0,0,0,1
9682,28.0,1.0,22.0,1.0,0,37.0,0.0,39.0,1,0,1
9683,33.0,3.0,19.0,1.0,0,49.0,1.0,42.0,0,1,0
9684,45.0,1.0,13.0,1.0,2,49.0,8.0,3.0,0,1,0
9685,39.0,3.0,21.0,1.0,4,42.0,1.0,68.0,1,0,1
9686,23.0,1.0,13.0,1.0,1,329.0,1.0,48.0,1,0,0
9687,55.0,1.0,19.0,5.0,1,303.0,0.0,55.0,0,1,0
9688,49.0,1.0,19.0,5.0,1,370.0,0.0,40.0,1,1,0
9689,54.0,1.0,19.0,1.0,0,20.0,0.0,40.0,1,1,1
9690,28.0,1.0,20.0,5.0,0,49.0,12.0,40.0,0,1,0
9691,65.0,5.0,21.0,1.0,4,51.0,1.0,40.0,1,1,1
9692,30.0,5.0,22.0,4.0,0,49.0,0.0,45.0,1,1,1
9693,38.0,1.0,21.0,5.0,2,50.0,2.0,40.0,0,1,0
9694,54.0,1.0,21.0,1.0,4,150.0,1.0,40.0,1,1,0
9695,50.0,1.0,21.0,3.0,0,49.0,0.0,40.0,0,1,1
9696,18.0,1.0,16.0,1.0,4,451.0,0.0,53.0,0,1,0
9697,31.0,1.0,21.0,1.0,0,49.0,0.0,10.0,1,1,1
9698,18.0,3.0,21.0,1.0,1,150.0,0.0,40.0,1,1,1
9699,62.0,1.0,14.0,5.0,0,8.0,17.0,75.0,0,1,0
9700,49.0,3.0,19.0,1.0,4,329.0,1.0,40.0,1,1,0
9701,29.0,1.0,16.0,1.0,1,49.0,1.0,40.0,0,1,0
9702,62.0,2.0,19.0,1.0,0,23.0,0.0,40.0,1,1,0
9703,22.0,1.0,18.0,5.0,1,49.0,17.0,37.0,0,0,0
9704,26.0,7.0,18.0,1.0,0,49.0,1.0,40.0,1,1,1
9705,38.0,1.0,19.0,5.0,0,49.0,0.0,45.0,1,1,0
9706,28.0,5.0,17.0,1.0,3,150.0,0.0,30.0,1,1,1
9707,39.0,4.0,12.0,1.0,2,49.0,0.0,48.0,0,1,1
9708,65.0,1.0,22.0,1.0,0,329.0,0.0,50.0,1,1,1
9709,30.0,1.0,21.0,1.0,0,49.0,0.0,60.0,0,1,1
9710,25.0,1.0,16.0,3.0,1,329.0,2.0,50.0,1,1,0
9711,59.0,1.0,20.0,1.0,2,329.0,1.0,40.0,1,1,1
9712,25.0,3.0,16.0,5.0,0,49.0,2.0,40.0,0,1,0
9713,30.0,3.0,21.0,5.0,1,49.0,0.0,40.0,0,1,0
9714,40.0,1.0,18.0,1.0,2,150.0,1.0,40.0,0,1,0
9715,65.0,1.0,13.0,1.0,1,467.0,1.0,40.0,1,1,0
9716,73.0,1.0,21.0,1.0,2,49.0,1.0,14.0,0,1,1
9717,82.0,1.0,19.0,5.0,3,303.0,7.0,40.0,1,1,0
9718,18.0,1.0,16.0,1.0,2,49.0,1.0,40.0,0,1,0
9719,32.0,1.0,20.0,5.0,2,49.0,2.0,40.0,0,1,0
9720,44.0,1.0,22.0,1.0,0,449.0,0.0,40.0,1,1,1
9721,24.0,2.0,18.0,1.0,1,303.0,1.0,40.0,0,1,0
9722,17.0,1.0,22.0,3.0,4,329.0,0.0,40.0,1,1,1
9723,52.0,1.0,19.0,3.0,1,49.0,0.0,30.0,0,1,0
9724,35.0,1.0,21.0,5.0,2,6.0,2.0,40.0,0,1,0
9725,42.0,1.0,16.0,5.0,1,49.0,0.0,20.0,0,1,0
9726,31.0,5.0,22.0,1.0,3,51.0,0.0,15.0,1,0,1
9727,35.0,1.0,16.0,5.0,4,214.0,2.0,48.0,1,1,0
9728,34.0,1.0,21.0,5.0,4,49.0,0.0,25.0,1,1,0
9729,52.0,3.0,21.0,1.0,3,16.0,0.0,40.0,1,1,1
9730,38.0,1.0,14.0,1.0,0,49.0,10.0,40.0,1,1,0
9731,28.0,1.0,23.0,1.0,1,42.0,0.0,20.0,0,1,0
9732,56.0,1.0,16.0,5.0,0,49.0,0.0,55.0,0,0,0
9733,42.0,1.0,19.0,1.0,2,49.0,0.0,35.0,1,1,0
9734,21.0,2.0,21.0,3.0,2,49.0,0.0,84.0,0,1,0
9735,37.0,4.0,19.0,5.0,4,49.0,12.0,30.0,0,0,0
9736,25.0,1.0,16.0,1.0,4,150.0,1.0,18.0,1,1,1
9737,44.0,1.0,20.0,1.0,2,150.0,1.0,40.0,1,1,1
9738,45.0,4.0,14.0,1.0,0,468.0,1.0,60.0,1,1,0
9739,42.0,1.0,19.0,1.0,4,49.0,0.0,45.0,1,1,1
9740,61.0,1.0,20.0,2.0,0,49.0,2.0,45.0,1,1,1
9741,33.0,1.0,16.0,1.0,2,329.0,1.0,15.0,1,1,0
9742,42.0,1.0,8.0,5.0,2,512.0,2.0,40.0,0,1,0
9743,53.0,2.0,22.0,3.0,1,49.0,0.0,45.0,1,0,0
9744,87.0,3.0,21.0,5.0,0,6.0,0.0,20.0,0,1,0
9745,21.0,1.0,17.0,1.0,0,508.0,0.0,20.0,0,1,1
9746,60.0,1.0,19.0,1.0,3,49.0,0.0,91.0,1,1,1
9747,38.0,6.0,21.0,1.0,0,49.0,0.0,48.0,0,1,0
9748,68.0,1.0,19.0,5.0,1,49.0,17.0,30.0,0,1,0
9749,21.0,6.0,13.0,1.0,0,49.0,0.0,20.0,1,1,1
9750,47.0,1.0,16.0,5.0,1,468.0,2.0,40.0,0,1,0
9751,39.0,2.0,16.0,1.0,1,49.0,1.0,20.0,0,1,0
9752,19.0,1.0,18.0,3.0,0,449.0,0.0,68.0,0,0,0
9753,55.0,2.0,16.0,5.0,1,329.0,0.0,45.0,0,0,0
9754,45.0,6.0,19.0,5.0,2,16.0,17.0,4.0,0,1,0
9755,17.0,1.0,19.0,1.0,0,214.0,1.0,30.0,0,1,0
9756,69.0,3.0,21.0,1.0,-1,16.0,1.0,40.0,0,1,1
9757,28.0,1.0,20.0,1.0,0,6.0,1.0,40.0,1,1,1
9758,44.0,1.0,19.0,5.0,4,49.0,12.0,40.0,0,1,0
9759,59.0,4.0,16.0,1.0,4,49.0,1.0,60.0,1,1,0
9760,92.0,1.0,5.0,1.0,0,150.0,1.0,15.0,1,1,1
9761,28.0,1.0,21.0,3.0,2,49.0,0.0,35.0,0,0,1
9762,50.0,1.0,21.0,1.0,2,323.0,0.0,50.0,1,1,1
9763,35.0,1.0,5.0,1.0,1,6.0,1.0,75.0,1,1,1
9764,30.0,2.0,18.0,1.0,2,49.0,1.0,40.0,1,1,0
9765,52.0,3.0,19.0,1.0,0,49.0,1.0,40.0,1,0,1
9766,84.0,5.0,14.0,5.0,1,49.0,17.0,40.0,0,1,0
9767,49.0,6.0,16.0,1.0,0,6.0,10.0,30.0,1,1,0
9768,32.0,4.0,22.0,1.0,0,214.0,1.0,40.0,1,1,1
9769,49.0,1.0,19.0,1.0,0,49.0,1.0,40.0,0,1,0
9770,82.0,1.0,20.0,1.0,0,303.0,0.0,40.0,1,0,1
9771,35.0,1.0,5.0,1.0,0,49.0,0.0,40.0,1,1,1
9772,28.0,1.0,18.0,5.0,2,49.0,2.0,75.0,1,1,0
9773,25.0,3.0,19.0,1.0,0,49.0,1.0,40.0,0,1,0
9774,27.0,1.0,22.0,5.0,3,303.0,13.0,60.0,1,1,1
9775,38.0,1.0,19.0,4.0,0,303.0,0.0,40.0,0,0,1
9776,24.0,1.0,19.0,5.0,1,23.0,12.0,30.0,0,0,1
9777,52.0,7.0,7.0,1.0,2,23.0,0.0,46.0,0,0,1
9778,32.0,1.0,16.0,5.0,2,49.0,2.0,3.0,1,1,0
9779,44.0,1.0,5.0,1.0,0,214.0,0.0,20.0,1,1,1
9780,23.0,7.0,16.0,1.0,0,49.0,0.0,55.0,1,1,1
9781,62.0,1.0,21.0,1.0,1,49.0,1.0,45.0,1,1,0
9782,46.0,2.0,19.0,1.0,0,51.0,1.0,50.0,0,1,1
9783,54.0,1.0,19.0,1.0,0,49.0,1.0,40.0,0,1,0
9784,25.0,1.0,20.0,1.0,0,150.0,1.0,8.0,0,1,0
9785,40.0,3.0,18.0,1.0,1,303.0,0.0,40.0,1,0,1
9786,44.0,1.0,19.0,1.0,0,49.0,0.0,45.0,0,1,0
9787,24.0,1.0,19.0,1.0,0,49.0,1.0,50.0,1,1,1
9788,61.0,1.0,21.0,1.0,1,49.0,1.0,40.0,0,1,1
9789,39.0,1.0,19.0,1.0,0,49.0,1.0,40.0,1,1,1
9790,21.0,1.0,18.0,1.0,3,8.0,1.0,40.0,1,1,1
9791,56.0,1.0,12.0,1.0,0,49.0,1.0,32.0,1,1,1
9792,21.0,6.0,19.0,1.0,4,370.0,1.0,20.0,1,1,0
9793,18.0,1.0,21.0,5.0,-1,468.0,0.0,40.0,0,1,1
9794,23.0,1.0,19.0,5.0,2,150.0,2.0,20.0,0,1,0
9795,43.0,1.0,19.0,5.0,2,49.0,3.0,50.0,0,1,0
9796,19.0,6.0,19.0,5.0,0,50.0,12.0,55.0,1,1,0
9797,22.0,3.0,19.0,5.0,1,51.0,2.0,30.0,1,0,0
9798,40.0,1.0,20.0,1.0,0,467.0,0.0,68.0,1,1,1
9799,56.0,1.0,16.0,1.0,0,49.0,1.0,40.0,0,1,1
9800,50.0,1.0,17.0,5.0,0,49.0,7.0,40.0,0,1,1
9801,79.0,2.0,21.0,5.0,0,468.0,12.0,40.0,1,0,1
