,R,Q,A,Y
0,0.2,3,0,0
1,1.0,0,1,1
2,0.6000000000000001,2,0,0
3,1.0,0,1,1
4,1.8,1,1,0
5,1.0,0,1,1
6,1.0,0,1,0
7,1.0,0,0,1
8,1.0,0,1,1
9,0.2,3,0,0
10,0.2,3,0,0
11,0.2,3,0,0
12,0.2,0,0,1
13,0.2,3,0,0
14,0.6000000000000001,0,1,1
15,0.2,3,0,0
16,1.0,0,1,1
17,1.8,1,0,0
18,1.0,0,1,1
19,0.2,3,0,0
20,1.0,0,1,0
21,0.2,3,0,0
22,0.2,3,0,0
23,1.0,0,1,1
24,1.0,0,1,0
25,0.2,0,1,1
26,1.0,0,1,1
27,1.0,0,1,1
28,3.8,1,0,0
29,1.0,0,1,1
30,1.0,0,1,1
31,0.2,3,0,0
32,1.0,0,1,1
33,1.0,0,1,1
34,0.2,3,0,0
35,1.0,0,1,1
36,0.2,3,0,0
37,0.2,0,0,1
38,0.2,3,0,0
39,1.0,0,1,1
40,0.2,3,0,0
41,0.2,3,0,0
42,1.8,0,1,1
43,1.0,0,1,0
44,0.2,3,0,0
45,1.0,0,1,0
46,0.2,3,0,0
47,1.0,0,1,1
48,0.2,3,0,0
49,0.2,3,0,0
50,1.0,0,1,0
51,0.2,3,0,0
52,0.2,3,0,0
53,0.2,3,0,1
54,1.0,0,1,1
55,1.0,0,1,1
56,0.2,3,0,0
57,0.2,3,0,0
58,0.2,3,0,0
59,0.2,3,0,0
60,1.0,0,1,1
61,0.2,0,0,1
62,1.0,0,1,1
63,1.0,0,1,1
64,1.0,0,1,0
65,0.2,3,0,0
66,1.0,0,1,1
67,0.2,3,0,0
68,0.2,3,0,0
69,0.2,3,0,0
70,0.2,3,0,0
71,1.0,0,1,1
72,0.2,3,0,0
73,1.0,0,1,1
74,1.0,0,1,1
75,3.8,0,1,1
76,1.0,0,1,0
77,1.0,0,1,1
78,0.2,3,0,0
79,0.2,0,0,1
80,0.2,3,0,0
81,0.2,3,0,0
82,1.0,0,1,1
83,2.2,2,1,0
84,0.2,3,0,0
85,3.4000000000000004,2,1,0
86,1.0,0,1,1
87,1.0,0,1,1
88,2.5999999999999996,2,0,0
89,1.0,0,1,1
90,0.2,3,0,1
91,1.0,0,0,1
92,0.2,3,0,0
93,0.2,3,0,0
94,0.6000000000000001,1,1,0
95,1.0,0,1,1
96,1.0,0,1,0
97,1.0,0,0,1
98,3.8,2,1,0
99,0.2,3,0,0
100,1.0,0,1,1
101,1.4,0,1,1
102,0.2,3,0,0
103,1.0,0,1,1
104,1.0,0,1,0
105,1.0,0,1,0
106,1.0,0,1,1
107,1.0,0,1,1
108,0.2,3,1,0
109,1.0,0,1,1
110,1.0,0,1,0
111,1.0,0,1,1
112,1.0,0,1,1
113,1.0,0,1,1
114,0.2,3,0,0
115,0.2,3,1,0
116,0.2,0,0,1
117,2.2,0,0,1
118,3.4000000000000004,0,1,1
119,0.2,3,0,0
120,1.0,0,1,1
121,0.2,0,0,1
122,0.2,3,0,0
123,3.4000000000000004,1,0,0
124,1.0,0,1,1
125,0.2,3,0,0
126,1.0,0,1,1
127,0.2,3,0,0
128,1.0,0,0,1
129,1.0,0,0,1
130,0.2,3,0,0
131,1.0,0,1,1
132,0.2,3,0,0
133,0.2,3,0,0
134,1.0,0,1,1
135,0.2,0,0,0
136,1.0,0,1,1
137,1.0,0,1,1
138,1.0,0,1,1
139,0.2,3,0,0
140,1.0,0,1,1
141,1.0,0,1,1
142,0.2,3,1,0
143,0.2,3,0,0
144,0.2,3,0,0
145,1.0,0,1,1
146,0.2,3,0,0
147,3.8,1,0,1
148,1.0,0,1,1
149,0.6000000000000001,2,1,0
150,1.0,0,1,1
151,0.2,3,0,0
152,0.2,3,0,0
153,0.2,3,0,0
154,0.2,3,0,1
155,0.2,3,0,0
156,1.0,0,1,1
157,1.0,0,1,1
158,1.0,0,1,0
159,0.6000000000000001,0,1,1
160,1.0,0,1,0
161,0.2,3,0,0
162,1.0,0,1,1
163,1.0,0,1,1
164,1.0,0,1,1
165,1.0,0,1,1
166,0.2,3,0,0
167,0.2,3,1,0
168,0.2,3,0,0
169,1.0,0,1,1
170,0.2,3,0,0
171,1.0,0,1,1
172,1.0,0,1,1
173,1.0,0,1,1
174,1.0,0,1,1
175,0.2,3,0,0
176,1.0,0,1,1
177,0.2,3,0,0
178,3.8,0,1,1
179,0.2,3,0,1
180,0.2,3,0,0
181,1.0,0,0,1
182,1.0,0,1,1
183,0.2,3,0,0
184,1.0,0,1,1
185,0.2,3,0,0
186,0.2,3,0,0
187,3.8,1,0,0
188,0.2,3,0,1
189,0.2,0,0,1
190,3.0,1,1,0
191,0.2,0,0,1
192,1.0,0,1,1
193,0.2,3,1,0
194,1.0,0,1,1
195,1.0,0,1,1
196,0.2,3,0,0
197,0.2,3,1,1
198,0.2,3,0,0
199,1.0,0,1,1
200,1.0,0,1,1
201,1.0,0,1,1
202,0.2,3,0,0
203,2.5999999999999996,2,1,0
204,1.0,0,1,1
205,1.0,0,1,1
206,1.0,0,1,1
207,1.0,0,0,1
208,0.2,3,0,0
209,0.2,3,0,0
210,0.2,3,0,0
211,0.2,3,0,0
212,0.2,3,0,0
213,1.0,0,1,1
214,0.2,3,0,0
215,0.2,3,0,0
216,1.0,0,1,1
217,0.2,3,0,0
218,1.0,0,1,0
219,0.2,3,0,1
220,1.0,0,1,1
221,1.0,0,1,0
222,0.2,3,0,1
223,0.2,3,0,0
224,1.0,0,1,1
225,0.2,3,1,0
226,1.0,0,0,1
227,1.0,0,1,1
228,0.2,3,0,0
229,1.0,0,1,1
230,0.2,3,0,0
231,1.0,0,0,1
232,1.0,0,1,1
233,1.0,0,1,0
234,3.8,0,1,1
235,1.0,0,1,1
236,0.2,3,0,0
237,1.0,0,1,1
238,1.0,0,1,1
239,0.2,3,1,0
240,0.2,3,0,0
241,3.0,0,1,1
242,0.2,3,0,0
243,1.0,0,1,1
244,1.0,0,1,1
245,1.0,0,1,1
246,1.0,0,1,1
247,0.2,3,0,0
248,3.0,1,1,0
249,0.2,3,0,0
250,3.0,0,1,1
251,0.2,3,1,0
252,0.2,3,0,0
253,1.0,0,1,1
254,3.0,0,1,1
255,0.2,3,0,0
256,0.6000000000000001,1,1,0
257,1.0,0,1,1
258,0.2,3,0,0
259,3.8,0,0,1
260,0.2,3,0,0
261,1.0,0,1,1
262,1.0,0,1,1
263,0.2,3,0,0
264,0.2,3,0,0
265,3.4000000000000004,0,1,1
266,0.2,3,0,0
267,1.0,0,1,1
268,0.2,3,0,0
269,2.2,0,1,1
270,0.2,3,0,0
271,0.2,3,0,0
272,2.2,0,1,1
273,1.0,0,1,1
274,0.2,3,0,0
275,1.8,0,1,1
276,3.8,0,1,1
277,1.0,0,1,0
278,3.8,0,1,1
279,0.2,0,0,1
280,2.5999999999999996,2,0,0
281,1.0,0,1,1
282,1.0,0,1,1
283,1.0,0,1,1
284,0.2,3,0,0
285,0.2,3,0,0
286,1.0,0,1,0
287,1.0,0,1,1
288,1.0,0,1,1
289,1.0,0,1,1
290,0.2,3,0,0
291,1.0,0,1,1
292,0.2,3,0,0
293,1.0,0,1,1
294,0.2,3,0,0
295,1.8,0,1,1
296,0.2,3,0,0
297,0.2,3,0,0
298,1.0,0,1,0
299,1.4,2,0,0
300,1.0,0,1,0
301,2.5999999999999996,0,1,0
302,1.0,3,1,0
303,0.2,3,0,1
304,0.2,3,0,0
305,0.2,3,0,0
306,1.0,0,1,1
307,1.0,0,1,0
308,2.5999999999999996,0,1,1
309,2.2,0,1,1
310,1.0,0,1,1
311,1.8,0,1,1
312,0.2,3,0,0
313,1.0,0,1,1
314,1.0,0,1,1
315,1.0,0,1,1
316,0.2,3,0,0
317,0.2,3,0,0
318,1.0,0,1,1
319,1.0,0,1,1
320,0.2,3,0,0
321,1.0,0,1,1
322,0.2,3,0,0
323,1.0,0,1,1
324,0.2,3,0,0
325,0.2,3,0,0
326,1.0,0,1,1
327,1.0,0,1,1
328,0.2,3,0,0
329,1.0,0,1,0
330,2.5999999999999996,2,0,0
331,0.6000000000000001,0,1,1
332,1.0,0,1,1
333,1.0,0,1,1
334,1.0,0,1,1
335,0.2,3,0,0
336,0.2,3,0,0
337,1.0,0,1,1
338,0.2,0,0,1
339,0.2,3,0,0
340,1.0,0,1,1
341,1.0,0,1,1
342,2.5999999999999996,0,0,1
343,0.2,3,0,0
344,1.0,0,1,1
345,0.2,3,0,0
346,1.4,0,0,1
347,0.2,0,0,1
348,1.0,0,1,1
349,0.2,3,0,0
350,1.0,0,1,0
351,1.0,0,0,1
352,1.0,0,1,1
353,0.2,3,0,0
354,3.0,2,1,0
355,1.0,0,1,1
356,0.2,3,0,0
357,0.2,3,0,0
358,0.2,0,0,1
359,0.2,3,0,0
360,3.0,0,1,1
361,1.0,0,1,1
362,0.2,0,0,1
363,0.2,3,1,0
364,0.2,3,0,0
365,0.2,3,0,0
366,1.0,0,1,1
367,0.2,0,0,1
368,0.2,0,0,0
369,0.2,3,1,0
370,0.2,0,0,0
371,1.0,0,1,1
372,1.0,3,1,0
373,0.2,3,0,0
374,1.0,0,1,1
375,0.2,3,0,0
376,1.0,0,1,1
377,1.0,0,1,1
378,1.0,0,1,1
379,1.0,0,1,1
380,3.4000000000000004,0,1,1
381,0.2,0,0,1
382,0.2,0,0,1
383,1.0,0,1,1
384,1.0,0,1,1
385,0.2,3,0,0
386,1.0,0,1,1
387,1.0,0,1,1
388,1.0,0,1,1
389,0.2,3,0,0
390,2.2,0,1,1
391,0.2,3,0,0
392,3.8,1,1,0
393,0.2,3,1,0
394,1.0,0,1,1
395,1.0,0,1,0
396,1.0,0,1,1
397,0.2,0,0,1
398,1.0,0,1,1
399,1.8,0,0,1
400,0.2,3,0,0
401,2.5999999999999996,1,1,0
402,1.0,0,1,0
403,0.2,3,0,0
404,0.2,3,0,0
405,0.2,3,0,0
406,3.4000000000000004,0,0,1
407,1.4,0,0,1
408,1.0,0,1,1
409,1.0,0,1,1
410,1.8,0,1,1
411,0.2,3,0,0
412,1.0,0,1,0
413,0.2,3,1,0
414,0.2,3,0,0
415,0.2,3,0,0
416,0.2,3,0,0
417,0.2,3,0,0
418,1.0,0,0,1
419,1.0,0,1,0
420,0.2,3,0,0
421,0.2,3,0,0
422,1.0,0,1,1
423,1.0,0,1,1
424,1.0,0,0,1
425,1.0,0,1,1
426,1.0,0,1,1
427,1.0,0,1,1
428,2.2,2,1,0
429,1.0,0,1,1
430,1.0,0,1,1
431,1.4,2,1,0
432,0.2,3,0,0
433,1.0,0,1,1
434,0.2,3,0,0
435,1.0,0,1,1
436,3.8,1,0,0
437,0.2,3,0,0
438,1.0,0,1,1
439,1.0,0,1,1
440,1.0,0,1,1
441,2.2,0,1,1
442,1.0,0,1,1
443,0.2,3,1,0
444,2.2,0,1,1
445,1.4,0,1,1
446,1.0,0,1,1
447,1.0,0,1,1
448,0.2,3,0,0
449,1.0,0,1,1
450,1.0,0,1,1
451,1.0,0,1,1
452,1.0,0,1,1
453,0.2,0,0,1
454,0.2,3,0,0
455,3.0,2,0,0
456,1.0,0,0,1
457,1.0,0,1,1
458,3.8,2,0,0
459,0.2,3,0,0
460,1.8,0,1,1
461,1.0,0,1,1
462,0.2,3,0,0
463,1.0,0,1,0
464,3.4000000000000004,0,0,1
465,1.0,0,1,1
466,1.0,0,1,1
467,0.2,3,0,0
468,0.2,3,0,0
469,0.2,3,0,0
470,1.0,0,1,1
471,0.2,3,0,0
472,1.0,0,1,1
473,0.2,3,0,0
474,0.2,3,0,0
475,1.0,0,1,1
476,1.0,0,1,1
477,1.0,0,1,0
478,0.2,3,0,0
479,1.0,0,1,1
480,1.0,0,1,1
481,1.0,0,1,0
482,1.4,2,1,0
483,1.0,3,1,0
484,0.2,3,0,0
485,1.0,0,1,1
486,0.2,3,0,1
487,0.2,3,1,0
488,1.0,0,1,1
489,0.2,3,0,0
490,0.2,3,0,0
491,3.8,1,1,0
492,0.2,3,0,0
493,0.2,0,0,1
494,1.0,0,1,1
495,1.0,0,0,0
496,3.8,0,1,1
497,0.2,3,0,0
498,0.2,3,0,0
499,0.2,3,0,0
500,0.2,3,0,0
501,3.8,0,0,1
502,0.2,3,0,0
503,0.2,3,0,0
504,1.0,0,1,1
505,0.2,3,0,0
506,0.2,3,0,0
507,0.2,3,0,0
508,1.0,0,1,1
509,1.8,0,1,1
510,0.2,3,1,0
511,1.0,0,1,1
512,1.0,0,1,1
513,0.2,0,0,1
514,1.0,0,1,1
515,0.2,3,0,0
516,0.2,3,0,0
517,1.0,0,1,1
518,0.2,3,0,0
519,3.0,1,1,0
520,0.2,3,0,1
521,0.2,3,0,0
522,1.0,0,1,1
523,1.0,0,1,1
524,2.2,0,1,1
525,2.2,2,1,0
526,1.0,0,1,1
527,2.2,2,0,0
528,0.2,3,0,0
529,0.2,3,0,0
530,1.0,0,1,1
531,0.2,3,0,0
532,0.2,3,0,0
533,1.0,0,1,1
534,0.2,3,0,0
535,1.0,0,1,1
536,1.0,0,1,0
537,1.0,0,1,0
538,0.2,3,0,0
539,1.0,0,1,1
540,0.2,3,0,0
541,3.0,0,1,1
542,1.0,0,1,1
543,2.5999999999999996,0,1,1
544,0.2,3,0,0
545,3.4000000000000004,0,1,1
546,1.0,0,0,1
547,0.2,3,0,0
548,0.2,3,0,0
549,0.2,3,0,0
550,0.2,3,0,0
551,1.0,0,1,1
552,1.0,0,1,1
553,1.4,1,0,0
554,0.2,3,0,0
555,1.4,2,1,0
556,1.0,0,1,1
557,1.0,0,1,1
558,1.0,0,1,1
559,1.0,0,1,1
560,1.0,0,1,1
561,1.0,0,1,1
562,1.0,3,1,0
563,0.2,3,0,0
564,0.2,3,0,0
565,0.2,3,0,1
566,0.2,3,0,0
567,1.4,0,0,1
568,1.0,0,1,1
569,1.0,0,1,1
570,1.0,0,1,1
571,0.2,3,0,0
572,1.0,0,1,1
573,0.2,3,0,0
574,1.0,0,1,1
575,1.0,0,1,1
576,3.0,1,1,1
577,1.0,0,1,1
578,0.2,3,0,0
579,1.0,0,1,1
580,0.2,3,0,0
581,1.0,0,1,0
582,0.2,3,0,0
583,1.0,0,1,0
584,1.0,0,1,1
585,1.0,0,1,1
586,1.0,0,1,1
587,0.2,3,0,0
588,1.0,0,1,1
589,0.2,3,0,0
590,1.0,0,1,1
591,3.4000000000000004,0,1,1
592,0.2,3,1,0
593,0.2,3,0,0
594,1.0,0,1,1
595,0.2,3,0,0
596,0.2,3,0,0
597,1.4,0,0,1
598,1.0,0,0,1
599,0.2,3,0,0
600,0.2,3,0,0
601,1.8,0,0,1
602,0.2,3,0,0
603,0.2,3,0,1
604,0.2,3,0,0
605,0.2,3,0,0
606,1.0,0,1,1
607,0.2,3,0,0
608,1.0,0,1,1
609,0.2,3,0,0
610,0.2,3,0,0
611,0.2,3,0,0
612,0.2,3,0,0
613,1.0,0,1,1
614,1.0,0,1,1
615,1.0,0,1,0
616,1.0,0,1,1
617,0.2,3,0,0
618,1.0,0,1,1
619,0.2,3,0,0
620,0.2,3,0,0
621,1.0,0,1,0
622,0.2,3,0,0
623,1.0,0,1,1
624,1.0,0,1,0
625,0.2,3,0,0
626,0.2,3,0,0
627,1.0,0,1,1
628,0.2,0,0,1
629,1.0,0,1,0
630,0.2,3,0,0
631,0.2,3,0,0
632,0.2,3,0,0
633,0.2,3,0,1
634,1.0,0,1,1
635,0.2,3,1,0
636,1.0,3,1,0
637,0.2,3,0,0
638,1.0,0,1,1
639,1.0,0,1,1
640,1.0,0,1,1
641,0.2,3,0,0
642,1.0,0,1,1
643,0.2,3,0,0
644,1.4,0,0,1
645,0.2,3,0,0
646,1.0,0,1,1
647,1.0,0,1,1
648,0.2,3,0,0
649,0.2,3,0,0
650,1.0,0,1,1
651,0.2,3,1,0
652,0.2,3,0,0
653,0.2,3,0,0
654,1.0,0,1,1
655,1.0,0,1,1
656,0.2,3,0,0
657,0.2,3,0,0
658,0.2,3,0,0
659,1.0,0,1,1
660,0.2,3,1,0
661,1.0,0,1,1
662,2.2,0,1,1
663,1.0,0,1,0
664,1.0,0,1,1
665,1.0,0,0,1
666,0.2,3,0,0
667,0.2,3,0,0
668,1.0,0,0,1
669,1.0,0,1,1
670,1.0,0,1,1
671,0.2,3,1,0
672,2.2,0,1,1
673,2.5999999999999996,0,1,1
674,1.0,0,1,1
675,0.2,3,0,0
676,1.0,0,1,1
677,1.0,0,1,1
678,1.0,0,1,1
679,1.0,0,1,1
680,1.0,0,1,1
681,0.2,3,0,0
682,0.6000000000000001,0,0,1
683,0.2,3,0,0
684,0.2,3,1,0
685,1.0,0,1,1
686,0.2,3,0,0
687,1.0,0,1,1
688,1.0,0,1,1
689,1.0,0,1,1
690,1.0,0,1,1
691,1.0,0,1,0
692,3.0,0,0,1
693,0.2,3,0,0
694,1.0,0,1,0
695,1.0,0,1,1
696,0.2,3,0,1
697,0.2,3,1,0
698,3.4000000000000004,0,1,1
699,0.2,3,0,0
700,1.0,0,1,1
701,0.2,3,0,0
702,0.2,3,0,0
703,1.0,0,1,1
704,1.0,0,1,1
705,1.0,0,1,1
706,0.2,3,0,0
707,0.2,0,0,1
708,0.2,3,0,0
709,1.0,0,1,0
710,1.0,0,1,1
711,1.0,0,1,1
712,1.0,0,1,1
713,1.0,0,1,1
714,0.2,3,0,0
715,0.2,3,0,0
716,0.2,3,0,0
717,0.2,3,0,0
718,1.0,0,1,1
719,1.0,0,0,1
720,1.0,0,1,1
721,0.2,3,1,0
722,3.8,0,1,1
723,0.2,3,0,0
724,0.2,3,0,0
725,1.0,0,1,0
726,0.2,3,0,0
727,0.2,3,0,1
728,0.2,3,0,0
729,1.8,0,0,1
730,0.2,0,0,1
731,1.0,0,1,1
732,1.0,0,1,0
733,2.2,0,1,1
734,1.0,0,1,1
735,1.0,0,1,1
736,0.2,3,0,0
737,0.2,0,0,1
738,0.2,3,0,0
739,0.2,3,0,0
740,1.0,0,1,1
741,1.0,0,1,1
742,0.2,3,0,0
743,3.8,0,1,0
744,0.2,3,0,0
745,1.8,0,0,1
746,0.2,3,0,0
747,1.0,0,1,1
748,1.0,0,1,1
749,1.0,0,1,1
750,0.2,3,0,0
751,1.0,0,1,1
752,0.2,3,0,1
753,1.8,1,0,0
754,1.0,0,1,1
755,2.2,0,0,1
756,1.0,0,1,1
757,1.0,0,1,1
758,0.2,3,0,0
759,0.2,0,0,1
760,1.0,0,1,1
761,1.0,0,1,1
762,0.2,3,0,0
763,1.0,0,1,1
764,1.0,0,1,1
765,1.0,0,1,1
766,1.4,0,0,1
767,0.2,0,0,1
768,1.0,0,1,1
769,0.2,3,0,0
770,0.2,3,0,0
771,1.0,0,1,1
772,1.0,3,1,0
773,1.0,0,1,1
774,1.0,0,1,1
775,0.2,3,0,0
776,0.6000000000000001,0,1,0
777,0.2,3,1,0
778,0.2,3,0,0
779,0.2,3,0,0
780,0.2,3,0,0
781,0.2,3,0,0
782,1.8,0,1,1
783,0.2,3,0,0
784,0.2,3,0,1
785,0.2,3,0,0
786,3.4000000000000004,1,1,0
787,1.0,0,1,1
788,1.0,0,1,1
789,3.4000000000000004,2,0,0
790,1.0,0,0,1
791,0.2,3,0,0
792,0.2,3,1,0
793,1.0,0,1,1
794,0.2,3,0,0
795,1.0,0,1,1
796,0.2,3,0,0
797,0.2,3,0,0
798,1.0,0,1,1
799,0.2,3,0,1
800,0.2,3,0,0
801,0.2,3,0,0
802,0.2,3,0,0
803,3.4000000000000004,0,0,1
804,1.0,0,1,1
805,0.2,3,0,0
806,1.0,0,1,1
807,1.0,0,1,1
808,0.2,3,0,0
809,0.2,3,0,0
810,0.2,3,0,0
811,0.2,3,0,0
812,0.2,3,0,0
813,3.8,0,1,1
814,0.2,3,0,0
815,1.0,0,1,0
816,1.0,0,1,1
817,1.0,0,0,0
818,0.2,3,0,0
819,0.2,3,0,0
820,0.2,3,0,0
821,0.2,3,0,0
822,1.0,0,1,1
823,1.0,0,1,0
824,1.0,0,1,1
825,1.0,0,1,1
826,1.0,0,1,1
827,3.0,1,1,0
828,1.0,0,1,1
829,0.2,3,0,0
830,1.0,0,1,0
831,0.2,3,0,0
832,0.2,3,0,0
833,1.0,0,1,1
834,1.0,3,1,0
835,0.2,3,0,0
836,1.0,0,1,1
837,2.2,2,1,0
838,0.2,3,0,0
839,1.0,0,1,1
840,0.6000000000000001,2,0,0
841,0.2,3,0,0
842,1.0,0,1,1
843,1.0,0,1,1
844,2.2,1,0,0
845,2.2,0,1,1
846,1.0,0,0,1
847,0.2,3,0,0
848,1.0,0,1,1
849,0.2,3,0,0
850,1.0,0,1,1
851,1.0,0,1,1
852,0.2,3,0,0
853,0.2,0,0,1
854,1.0,0,1,1
855,1.0,3,1,0
856,0.2,3,0,0
857,0.2,3,0,0
858,0.2,3,0,0
859,1.0,0,1,1
860,0.2,3,0,0
861,0.2,3,0,0
862,1.0,0,1,1
863,1.0,0,1,1
864,3.0,0,1,0
865,1.0,0,1,1
866,0.2,3,0,0
867,0.2,3,1,0
868,1.0,0,1,1
869,1.0,0,1,1
870,0.2,0,0,1
871,1.0,0,1,0
872,1.0,0,0,1
873,0.2,3,0,0
874,3.4000000000000004,2,1,0
875,0.2,3,0,1
876,0.2,3,0,0
877,0.2,3,0,0
878,1.0,0,1,1
879,0.2,3,0,0
880,1.0,0,1,1
881,0.2,3,0,0
882,0.2,3,0,0
883,1.4,0,1,0
884,0.2,3,1,0
885,0.2,3,0,0
886,0.2,3,0,1
887,3.8,0,1,1
888,0.2,3,0,0
889,1.0,0,1,1
890,1.0,0,1,1
891,0.2,3,0,0
892,0.6000000000000001,1,1,0
893,0.2,3,0,0
894,2.5999999999999996,0,0,1
895,0.2,3,0,0
896,1.0,0,1,1
897,1.0,0,1,1
898,1.0,0,1,1
899,1.0,0,1,1
900,2.5999999999999996,1,0,0
901,0.2,3,0,0
902,0.2,3,0,1
903,1.0,3,1,0
904,0.2,3,1,0
905,0.2,3,0,1
906,0.2,3,0,0
907,0.2,3,0,0
908,1.0,0,1,1
909,2.2,0,0,1
910,1.0,3,1,0
911,1.0,0,1,1
912,0.2,0,0,1
913,1.0,0,1,1
914,0.2,3,0,0
915,0.2,3,0,0
916,1.0,0,0,1
917,1.0,0,1,0
918,0.2,3,1,0
919,0.2,3,0,0
920,0.2,3,0,0
921,1.0,0,1,1
922,0.2,3,0,0
923,1.4,1,1,0
924,0.2,3,0,0
925,1.0,0,1,1
926,0.2,3,0,0
927,1.0,0,1,1
928,0.2,3,0,0
929,0.2,3,0,0
930,1.0,0,1,1
931,0.2,0,0,0
932,3.8,2,1,0
933,0.2,3,0,0
934,1.0,0,1,1
935,0.2,3,0,0
936,3.8,0,1,1
937,0.2,0,0,0
938,0.2,0,0,1
939,2.5999999999999996,0,1,1
940,0.2,0,0,1
941,1.4,1,1,0
942,0.2,3,0,0
943,0.2,3,0,0
944,0.2,3,0,0
945,1.0,0,1,1
946,0.2,3,1,0
947,2.2,0,1,1
948,0.2,3,0,0
949,0.2,3,0,0
950,0.6000000000000001,0,1,0
951,0.2,3,0,0
952,0.2,3,0,0
953,2.5999999999999996,2,0,0
954,1.0,0,0,1
955,0.2,3,1,0
956,3.8,0,1,1
957,0.2,3,0,0
958,1.0,0,1,1
959,1.0,0,1,1
960,1.0,0,1,1
961,0.2,3,0,0
962,0.2,0,0,1
963,0.2,3,0,0
964,1.0,0,1,1
965,2.5999999999999996,0,1,1
966,0.2,3,0,0
967,1.0,0,1,1
968,1.0,0,1,1
969,1.0,0,1,1
970,3.0,0,1,1
971,1.0,0,1,1
972,1.0,0,1,1
973,1.0,3,1,0
974,1.0,0,1,1
975,1.8,0,1,1
976,0.2,3,0,0
977,0.2,3,0,0
978,0.2,3,0,0
979,1.0,0,1,1
980,1.0,0,1,1
981,1.0,0,1,1
982,0.2,3,0,0
983,0.2,0,0,1
984,1.0,0,1,1
985,1.0,3,1,0
986,0.2,3,0,0
987,2.2,1,0,0
988,1.4,0,1,1
989,1.8,1,1,0
990,1.0,0,1,1
991,1.0,0,1,0
992,1.0,0,1,1
993,2.2,2,0,0
994,1.0,0,0,1
995,1.8,0,1,1
996,1.0,0,1,1
997,1.0,0,1,1
998,0.2,3,0,0
999,0.2,3,0,0
1000,1.0,0,1,1
1001,1.0,0,1,1
1002,0.2,3,0,0
1003,1.0,0,1,1
1004,1.0,0,1,1
1005,0.2,3,0,0
1006,0.2,3,0,0
1007,0.2,0,0,1
1008,0.2,3,0,0
1009,1.0,0,1,1
1010,0.2,3,0,0
1011,2.2,0,0,1
1012,3.4000000000000004,0,1,1
1013,0.2,3,0,0
1014,1.0,0,1,1
1015,0.2,0,0,1
1016,1.0,0,0,1
1017,1.0,0,1,1
1018,0.2,3,0,1
1019,3.4000000000000004,0,1,1
1020,1.0,0,1,1
1021,3.0,0,1,1
1022,1.0,0,1,1
1023,1.0,0,1,1
1024,0.2,3,1,1
1025,1.0,0,1,1
1026,1.0,0,1,1
1027,0.2,3,0,0
1028,1.0,0,1,1
1029,3.0,0,1,1
1030,0.2,0,0,1
1031,0.2,3,0,0
1032,1.0,0,1,1
1033,0.2,3,0,0
1034,1.0,0,1,1
1035,0.2,3,0,0
1036,0.2,3,1,0
1037,0.2,3,0,0
1038,1.0,0,1,1
1039,1.0,0,1,1
1040,1.0,0,1,1
1041,0.2,3,0,0
1042,0.2,3,0,0
1043,1.4,0,1,1
1044,0.2,3,0,0
1045,1.0,0,1,1
1046,1.0,0,1,1
1047,1.0,0,1,1
1048,1.0,0,1,1
1049,0.2,3,1,0
1050,0.2,3,0,0
1051,1.0,0,1,1
1052,1.0,0,1,1
1053,0.2,3,0,0
1054,0.2,3,0,0
1055,0.2,3,0,0
1056,1.0,0,1,0
1057,2.5999999999999996,2,0,0
1058,1.0,0,1,1
1059,3.4000000000000004,0,0,1
1060,1.0,0,1,1
1061,1.0,0,1,1
1062,0.2,0,0,0
1063,0.2,3,0,0
1064,1.0,3,1,0
1065,0.2,0,0,1
1066,0.2,3,0,0
1067,0.2,0,0,1
1068,0.2,3,0,0
1069,0.2,3,0,0
1070,1.0,0,1,1
1071,0.2,3,1,0
1072,1.0,0,1,1
1073,1.0,0,0,1
1074,1.0,0,1,0
1075,0.2,3,0,0
1076,0.2,3,0,0
1077,1.0,0,1,1
1078,0.2,3,0,0
1079,0.2,3,1,0
1080,1.0,0,1,1
1081,1.0,0,1,0
1082,1.0,0,1,1
1083,0.2,3,0,0
1084,0.2,3,0,0
1085,3.4000000000000004,0,1,1
1086,0.2,3,0,0
1087,0.2,3,0,0
1088,1.0,0,1,1
1089,3.4000000000000004,2,0,0
1090,1.0,0,1,1
1091,1.0,0,1,1
1092,1.0,0,1,1
1093,1.0,0,1,1
1094,1.0,0,1,1
1095,1.0,0,1,1
1096,1.0,0,1,1
1097,0.2,3,0,1
1098,1.0,0,1,1
1099,1.0,0,1,1
1100,1.0,0,1,1
1101,0.2,3,0,0
1102,1.0,0,1,1
1103,1.0,0,1,0
1104,0.2,3,1,0
1105,1.0,0,1,0
1106,0.2,3,0,0
1107,0.2,3,0,1
1108,1.0,0,1,0
1109,1.0,0,1,1
1110,0.2,3,0,0
1111,1.0,0,1,1
1112,1.0,0,1,1
1113,1.0,0,1,1
1114,0.2,3,0,0
1115,1.0,0,1,1
1116,1.0,0,1,1
1117,1.0,0,1,1
1118,1.0,0,1,1
1119,1.0,0,1,1
1120,1.0,0,1,1
1121,0.2,3,0,0
1122,0.2,3,0,0
1123,0.2,3,0,0
1124,1.0,0,1,0
1125,0.2,3,0,0
1126,0.2,3,0,0
1127,0.2,3,1,0
1128,1.0,0,1,1
1129,1.0,0,1,1
1130,0.6000000000000001,0,1,1
1131,1.0,0,1,1
1132,0.6000000000000001,0,0,1
1133,1.0,0,1,1
1134,0.2,3,0,0
1135,0.2,3,0,0
1136,0.2,3,0,0
1137,1.0,0,1,1
1138,0.2,3,0,1
1139,1.0,0,1,1
1140,1.0,0,0,0
1141,1.0,0,1,1
1142,0.2,3,0,0
1143,0.2,3,0,0
1144,0.2,3,0,0
1145,3.8,0,1,1
1146,0.2,3,0,0
1147,1.0,0,1,1
1148,1.0,0,1,1
1149,1.0,0,1,1
1150,1.0,0,1,0
1151,1.0,3,1,0
1152,0.2,3,0,0
1153,0.2,3,0,0
1154,0.2,3,0,0
1155,0.2,3,1,0
1156,0.2,3,1,0
1157,1.4,0,1,0
1158,0.6000000000000001,0,1,1
1159,0.2,3,0,0
1160,1.0,0,1,1
1161,0.2,3,0,0
1162,0.2,0,0,1
1163,2.5999999999999996,2,1,0
1164,0.2,3,0,0
1165,1.0,0,1,1
1166,1.0,0,1,1
1167,0.2,3,0,0
1168,0.2,3,0,0
1169,3.0,0,1,1
1170,0.2,3,0,0
1171,1.0,0,1,1
1172,0.6000000000000001,0,0,1
1173,0.2,3,0,0
1174,0.2,3,0,0
1175,0.2,3,0,0
1176,1.0,0,1,0
1177,0.2,3,0,0
1178,0.2,3,0,0
1179,1.0,3,1,0
1180,0.6000000000000001,0,0,1
1181,1.0,0,1,1
1182,3.4000000000000004,0,0,1
1183,0.2,3,1,0
1184,1.0,0,1,1
1185,0.2,3,0,0
1186,0.2,3,0,1
1187,1.0,0,1,1
1188,3.8,0,1,1
1189,0.2,3,0,0
1190,0.2,3,0,0
1191,0.2,3,0,0
1192,1.0,0,1,1
1193,1.0,0,1,1
1194,1.0,0,1,1
1195,1.0,0,1,1
1196,2.2,0,1,1
1197,0.2,3,0,0
1198,1.0,0,0,1
1199,1.0,0,1,1
1200,1.0,0,1,0
1201,0.6000000000000001,1,1,0
1202,0.2,3,0,0
1203,1.0,0,1,0
1204,1.0,0,1,1
1205,3.4000000000000004,0,1,0
1206,1.0,0,1,1
1207,1.0,0,1,0
1208,0.6000000000000001,2,1,0
1209,0.2,0,0,0
1210,1.8,2,0,0
1211,1.0,0,1,1
1212,0.2,3,0,0
1213,0.6000000000000001,0,1,1
1214,0.6000000000000001,1,0,0
1215,0.2,3,0,0
1216,1.0,0,1,1
1217,2.2,0,0,1
1218,0.2,3,0,0
1219,0.2,0,0,1
1220,1.0,0,1,1
1221,0.2,3,0,0
1222,0.2,3,0,0
1223,0.2,3,0,0
1224,0.2,3,0,0
1225,1.0,0,1,1
1226,0.2,3,0,0
1227,0.2,3,0,0
1228,0.2,3,0,0
1229,1.0,0,1,1
1230,1.0,0,1,1
1231,0.2,3,0,0
1232,1.0,0,1,1
1233,1.0,0,1,1
1234,1.0,0,1,1
1235,0.2,3,0,0
1236,1.0,0,1,1
1237,1.0,0,1,1
1238,1.0,0,1,1
1239,1.0,0,1,1
1240,0.2,3,0,0
1241,1.0,0,1,1
1242,1.0,0,1,1
1243,1.0,0,1,1
1244,0.2,3,0,0
1245,1.0,0,1,1
1246,1.0,0,1,1
1247,1.0,3,1,0
1248,1.0,0,1,1
1249,3.4000000000000004,0,1,0
1250,1.0,0,1,1
1251,3.0,0,1,0
1252,0.2,3,0,0
1253,0.2,3,0,0
1254,1.0,0,1,1
1255,1.0,3,1,0
1256,0.2,3,0,0
1257,1.0,0,1,1
1258,1.0,0,1,1
1259,0.2,0,0,1
1260,0.2,3,0,0
1261,1.0,0,1,1
1262,1.0,0,1,1
1263,0.2,3,0,0
1264,0.2,3,0,0
1265,0.2,3,0,0
1266,0.2,3,0,0
1267,0.2,3,0,0
1268,1.0,0,1,1
1269,2.2,1,0,0
1270,0.2,3,0,0
1271,0.6000000000000001,0,0,1
1272,1.0,0,1,1
1273,1.0,0,1,1
1274,1.0,0,1,0
1275,1.0,0,1,0
1276,0.2,3,0,0
1277,1.0,0,1,1
1278,0.2,3,1,0
1279,0.2,3,0,0
1280,0.2,3,0,0
1281,1.4,0,1,1
1282,0.2,3,0,0
1283,1.0,0,1,1
1284,1.0,0,1,1
1285,0.2,0,0,1
1286,0.2,3,0,0
1287,0.2,3,0,0
1288,1.0,0,1,1
1289,0.2,3,0,0
1290,0.2,3,0,0
1291,0.2,3,0,0
1292,1.0,0,1,1
1293,1.0,0,1,1
1294,1.0,0,1,0
1295,3.8,0,1,1
1296,0.2,3,0,0
1297,0.2,3,0,0
1298,1.0,0,1,1
1299,1.0,0,1,0
1300,0.2,3,0,0
1301,1.0,0,1,1
1302,3.4000000000000004,0,1,1
1303,3.0,2,0,0
1304,0.2,3,0,0
1305,0.2,3,0,0
1306,0.2,3,0,0
1307,0.2,3,0,0
1308,1.0,0,1,1
1309,1.0,0,1,1
1310,0.2,3,0,0
1311,0.2,3,0,0
1312,0.2,3,0,0
1313,1.0,0,1,1
1314,0.2,3,0,1
1315,0.2,3,0,0
1316,1.0,0,1,0
1317,0.2,3,0,0
1318,1.0,0,1,1
1319,1.0,0,1,1
1320,0.2,3,0,0
1321,0.2,3,0,0
1322,0.2,3,0,0
1323,0.2,3,0,0
1324,2.5999999999999996,0,1,1
1325,1.0,0,1,1
1326,1.0,0,1,0
1327,3.4000000000000004,0,1,1
1328,0.2,3,0,0
1329,1.0,0,0,1
1330,1.0,0,1,1
1331,0.2,3,0,0
1332,2.2,0,0,1
1333,0.2,3,0,0
1334,0.2,3,0,1
1335,1.0,0,1,1
1336,0.2,3,0,0
1337,0.2,3,0,0
1338,1.0,0,1,1
1339,1.0,0,1,1
1340,3.4000000000000004,0,0,1
1341,0.2,3,0,0
1342,1.0,0,1,1
1343,1.0,0,1,1
1344,0.2,3,0,0
1345,0.2,3,0,0
1346,0.2,3,1,1
1347,1.0,0,1,1
1348,1.0,0,1,1
1349,1.0,0,1,1
1350,2.2,0,0,1
1351,1.0,0,1,1
1352,1.0,0,1,1
1353,1.0,0,1,1
1354,1.0,0,1,0
1355,0.2,3,0,0
1356,1.0,0,1,1
1357,0.2,3,0,0
1358,0.2,3,0,0
1359,1.0,0,1,1
1360,1.0,0,1,1
1361,1.0,0,1,1
1362,1.0,0,1,0
1363,2.5999999999999996,0,0,0
1364,0.2,3,0,0
1365,0.2,0,0,1
1366,0.2,3,0,0
1367,3.0,2,1,0
1368,1.4,1,1,0
1369,1.0,0,1,0
1370,2.2,0,1,1
1371,0.2,3,0,0
1372,0.2,3,0,0
1373,0.2,0,0,1
1374,0.2,3,0,0
1375,3.8,1,1,0
1376,1.0,0,1,1
1377,1.4,0,1,1
1378,0.2,3,0,1
1379,0.2,3,0,0
1380,2.5999999999999996,1,1,0
1381,0.2,3,0,0
1382,1.0,0,0,1
1383,1.0,0,1,0
1384,1.0,0,1,1
1385,1.4,1,0,0
1386,1.0,0,1,1
1387,1.0,0,1,1
1388,1.0,0,1,0
1389,0.2,3,0,0
1390,1.4,0,0,1
1391,1.0,0,1,0
1392,1.0,0,1,1
1393,0.2,3,0,0
1394,1.0,0,1,0
1395,0.2,0,0,1
1396,3.4000000000000004,2,0,0
1397,0.2,3,0,0
1398,1.0,0,1,1
1399,0.2,3,1,0
1400,0.2,3,0,0
1401,1.0,0,1,1
1402,2.5999999999999996,1,1,0
1403,0.2,3,0,0
1404,1.4,0,1,1
1405,0.2,3,0,0
1406,3.4000000000000004,0,1,1
1407,1.0,0,0,0
1408,1.0,0,1,1
1409,1.0,0,1,1
1410,1.0,0,1,1
1411,0.2,3,0,0
1412,0.2,3,0,0
1413,1.0,0,1,1
1414,0.2,3,0,0
1415,0.2,3,0,0
1416,0.2,3,0,0
1417,1.0,0,1,1
1418,0.2,0,0,1
1419,1.0,0,1,1
1420,1.0,0,1,0
1421,0.2,0,0,1
1422,0.2,3,0,0
1423,0.2,0,0,0
1424,0.2,3,1,0
1425,3.4000000000000004,0,0,1
1426,1.0,0,1,1
1427,0.2,3,0,0
1428,1.0,0,1,1
1429,1.0,0,1,0
1430,1.0,0,1,1
1431,0.2,3,0,0
1432,0.2,0,0,1
1433,1.4,2,0,0
1434,0.2,3,0,0
1435,0.2,3,0,0
1436,0.6000000000000001,2,1,0
1437,0.2,3,0,0
1438,3.0,1,0,0
1439,1.0,0,1,1
1440,1.0,0,1,1
1441,1.0,0,1,1
1442,1.0,0,1,1
1443,1.0,0,0,0
1444,0.2,0,0,1
1445,0.2,3,0,0
1446,2.2,0,0,1
1447,0.2,3,0,0
1448,0.2,3,0,0
1449,1.0,0,1,1
1450,1.0,3,1,0
1451,0.2,3,0,0
1452,1.0,0,1,1
1453,1.0,0,1,0
1454,1.0,0,0,1
1455,0.2,3,0,0
1456,2.5999999999999996,0,1,0
1457,0.2,0,0,1
1458,0.2,3,0,0
1459,1.0,0,1,1
1460,0.2,0,0,1
1461,0.2,0,0,1
1462,1.0,0,1,1
1463,3.0,2,1,0
1464,0.2,0,0,1
1465,1.0,0,1,1
1466,0.2,3,0,1
1467,1.0,0,1,1
1468,0.2,0,0,1
1469,0.2,3,0,0
1470,0.2,3,0,0
1471,0.2,3,0,0
1472,0.2,3,0,0
1473,0.2,3,0,0
1474,1.0,0,1,1
1475,1.0,0,0,0
1476,1.0,0,1,1
1477,1.0,0,0,1
1478,0.2,3,0,0
1479,1.0,0,1,1
1480,0.2,3,0,0
1481,2.2,0,0,1
1482,1.0,0,1,0
1483,1.0,0,1,1
1484,1.0,0,0,1
1485,1.0,0,1,1
1486,1.0,0,1,1
1487,1.0,0,1,1
1488,1.0,0,1,1
1489,1.0,0,0,1
1490,1.0,0,1,1
1491,0.2,3,0,0
1492,0.2,3,0,0
1493,3.4000000000000004,1,0,0
1494,0.2,3,0,0
1495,1.0,0,1,1
1496,0.2,3,0,0
1497,0.2,3,0,0
1498,1.8,0,1,1
1499,1.0,0,1,1
1500,0.2,3,0,0
1501,0.2,3,0,0
1502,1.0,0,1,1
1503,0.2,3,0,0
1504,1.0,0,1,1
1505,1.0,0,1,1
1506,3.8,2,1,0
1507,0.2,3,0,0
1508,1.0,0,1,1
1509,1.0,0,1,1
1510,0.2,3,0,0
1511,1.0,0,1,1
1512,0.2,3,0,1
1513,0.2,3,0,0
1514,0.2,3,0,0
1515,0.2,3,0,0
1516,1.8,0,0,1
1517,0.6000000000000001,0,0,0
1518,1.0,0,1,1
1519,1.4,0,1,1
1520,1.0,0,1,1
1521,0.2,3,0,1
1522,1.0,0,1,1
1523,1.0,0,0,1
1524,2.2,0,1,0
1525,1.0,0,1,1
1526,0.2,3,0,0
1527,1.0,0,1,1
1528,3.8,0,0,1
1529,1.0,0,1,1
1530,0.2,3,0,0
1531,0.2,3,0,0
1532,0.2,3,0,0
1533,0.2,3,0,0
1534,0.2,3,0,0
1535,0.2,3,0,0
1536,1.0,0,1,1
1537,3.8,0,0,1
1538,1.0,0,1,1
1539,0.2,0,0,1
1540,1.0,0,1,1
1541,1.4,0,1,1
1542,1.0,0,1,1
1543,1.8,2,1,0
1544,0.2,3,0,0
1545,1.0,0,1,1
1546,0.2,3,1,0
1547,1.0,0,0,1
1548,0.2,3,0,0
1549,1.0,0,1,1
1550,1.0,0,1,1
1551,3.4000000000000004,0,0,0
1552,0.2,3,0,1
1553,0.2,3,0,0
1554,1.0,0,1,1
1555,0.2,3,0,0
1556,2.5999999999999996,0,1,1
1557,1.0,0,1,1
1558,3.8,1,0,0
1559,0.2,3,0,0
1560,1.4,0,1,1
1561,0.2,3,0,0
1562,1.0,0,1,1
1563,0.2,3,0,0
1564,1.0,0,1,1
1565,1.0,0,1,1
1566,0.2,3,0,0
1567,1.0,0,1,1
1568,1.0,0,1,0
1569,0.2,3,0,0
1570,1.0,0,1,1
1571,1.0,0,1,1
1572,1.0,0,1,1
1573,1.0,0,1,1
1574,3.4000000000000004,0,0,0
1575,0.2,3,0,1
1576,1.0,0,1,1
1577,1.0,0,0,1
1578,1.0,3,1,0
1579,0.2,3,0,1
1580,0.2,3,0,0
1581,0.2,3,0,0
1582,0.6000000000000001,0,0,1
1583,0.2,3,0,0
1584,0.2,3,0,0
1585,0.2,3,0,0
1586,0.2,3,0,1
1587,1.0,0,1,1
1588,1.0,0,1,1
1589,2.2,0,0,1
1590,1.0,0,0,1
1591,1.0,0,1,1
1592,1.0,0,1,1
1593,0.2,3,0,0
1594,1.0,0,1,1
1595,1.8,0,0,0
1596,1.4,0,0,1
1597,0.2,3,1,0
1598,1.0,0,1,1
1599,0.2,3,0,0
1600,1.0,0,1,1
1601,0.2,3,0,0
1602,1.0,0,1,1
1603,0.2,3,0,0
1604,0.2,3,0,0
1605,0.2,3,0,0
1606,1.0,0,1,1
1607,0.2,0,0,0
1608,1.0,0,1,1
1609,0.2,3,0,0
1610,1.0,0,1,1
1611,1.0,0,1,1
1612,1.0,0,1,1
1613,1.0,0,1,0
1614,0.2,3,0,1
1615,1.0,0,1,1
1616,0.2,3,0,0
1617,0.2,3,0,0
1618,1.0,0,1,1
1619,1.0,0,1,0
1620,0.2,3,0,0
1621,1.0,0,1,1
1622,1.0,0,1,1
1623,0.2,3,0,0
1624,0.2,3,0,0
1625,0.2,3,0,0
1626,1.0,0,1,1
1627,0.2,3,0,0
1628,3.0,1,1,0
1629,0.2,3,0,0
1630,1.0,0,1,1
1631,1.0,0,1,0
1632,1.4,0,0,1
1633,1.0,0,0,1
1634,1.0,0,1,1
1635,2.5999999999999996,0,1,1
1636,1.0,0,1,0
1637,0.2,3,0,0
1638,1.0,3,1,0
1639,0.2,3,0,0
1640,0.2,3,0,0
1641,0.2,3,0,0
1642,3.0,0,0,1
1643,1.0,0,1,1
1644,0.2,3,0,0
1645,1.0,0,1,1
1646,0.2,3,0,0
1647,1.0,0,0,1
1648,1.0,0,1,1
1649,0.2,3,0,0
1650,1.0,0,0,1
1651,1.0,0,1,1
1652,0.2,3,0,0
1653,0.2,3,0,0
1654,1.0,0,1,1
1655,0.2,3,0,0
1656,1.0,0,1,1
1657,0.2,3,0,0
1658,1.0,0,1,1
1659,0.2,3,0,0
1660,0.2,3,0,0
1661,2.2,0,1,1
1662,1.0,0,1,0
1663,1.0,0,1,1
1664,0.2,3,0,0
1665,0.2,0,0,0
1666,1.0,0,0,1
1667,0.2,3,0,0
1668,1.0,0,0,1
1669,3.4000000000000004,0,1,1
1670,0.2,3,0,0
1671,1.0,0,1,1
1672,1.0,0,1,0
1673,0.2,0,0,1
1674,1.0,0,1,1
1675,1.0,0,1,1
1676,1.0,0,1,1
1677,0.2,3,0,0
1678,0.2,3,0,0
1679,1.0,0,0,1
1680,2.2,0,0,1
1681,1.0,0,1,1
1682,3.0,0,0,0
1683,0.2,3,0,0
1684,2.2,0,1,0
1685,1.0,0,1,1
1686,1.0,0,1,1
1687,1.0,0,1,0
1688,1.0,0,1,1
1689,1.0,0,1,1
1690,1.0,0,1,1
1691,1.0,0,0,1
1692,0.2,3,0,0
1693,2.2,0,0,1
1694,1.0,0,1,1
1695,0.2,0,0,1
1696,0.2,3,0,0
1697,1.8,0,1,0
1698,0.2,3,0,0
1699,1.0,0,1,1
1700,1.0,0,1,1
1701,0.2,3,0,0
1702,3.4000000000000004,2,0,0
1703,1.0,0,1,1
1704,2.2,1,1,0
1705,1.0,0,1,1
1706,1.0,0,1,1
1707,0.2,3,0,0
1708,0.2,3,0,0
1709,1.0,0,1,1
1710,1.0,0,1,1
1711,0.2,3,0,0
1712,1.0,0,1,1
1713,0.2,3,0,0
1714,0.2,3,0,1
1715,0.2,3,0,0
1716,0.2,0,0,1
1717,3.4000000000000004,2,1,0
1718,1.0,0,1,1
1719,0.2,3,0,0
1720,1.0,0,1,1
1721,1.0,0,1,1
1722,0.2,3,0,0
1723,1.0,0,1,1
1724,1.0,0,1,1
1725,1.0,0,1,1
1726,0.2,3,0,0
1727,1.0,0,1,1
1728,0.2,3,0,0
1729,1.0,0,1,1
1730,0.2,3,0,0
1731,0.2,3,0,0
1732,1.0,0,1,1
1733,1.0,0,1,1
1734,1.0,0,1,1
1735,0.2,3,0,0
1736,0.2,3,1,0
1737,1.0,0,1,1
1738,0.2,3,0,0
1739,0.2,3,0,0
1740,0.2,3,0,0
1741,1.0,0,1,1
1742,1.0,0,1,1
1743,1.0,0,1,1
1744,1.0,0,1,1
1745,0.2,3,0,0
1746,0.2,3,0,0
1747,1.0,0,1,0
1748,0.2,0,0,1
1749,1.0,0,1,1
1750,0.2,0,0,1
1751,1.0,0,1,0
1752,1.0,0,1,0
1753,0.2,3,0,0
1754,0.2,3,0,0
1755,0.2,0,0,1
1756,0.2,3,0,0
1757,3.4000000000000004,0,1,1
1758,1.0,0,1,1
1759,0.2,3,0,0
1760,1.0,0,1,0
1761,0.2,3,0,0
1762,0.2,3,0,0
1763,1.0,0,0,1
1764,0.2,0,0,1
1765,0.2,3,0,0
1766,1.0,0,1,1
1767,1.0,0,1,1
1768,1.0,0,1,1
1769,0.2,3,0,0
1770,0.2,0,0,1
1771,1.0,0,1,1
1772,1.0,0,0,0
1773,0.2,3,0,0
1774,1.0,0,1,1
1775,0.2,3,0,0
1776,1.0,0,1,1
1777,1.0,0,1,1
1778,0.2,3,0,0
1779,1.0,0,1,1
1780,1.0,0,1,1
1781,1.0,0,1,1
1782,0.2,3,0,0
1783,1.0,0,1,1
1784,1.0,0,1,0
1785,0.2,3,0,0
1786,0.2,3,0,0
1787,1.0,0,1,0
1788,1.0,0,1,1
1789,1.0,0,1,1
1790,0.2,3,0,0
1791,0.2,3,0,1
1792,1.0,0,1,1
1793,0.2,3,0,0
1794,1.0,0,0,1
1795,0.2,3,0,0
1796,1.0,0,1,1
1797,0.2,3,1,0
1798,1.0,0,1,1
1799,1.0,3,1,0
1800,1.0,0,1,1
1801,1.0,0,1,1
1802,0.2,3,0,0
1803,0.2,3,0,0
1804,1.0,0,1,1
1805,2.5999999999999996,0,0,0
1806,1.0,0,1,1
1807,0.2,3,0,0
1808,0.2,3,0,0
1809,1.0,0,1,1
1810,1.0,0,1,1
1811,1.0,0,1,1
1812,1.0,0,1,1
1813,0.2,3,0,0
1814,0.2,3,0,1
1815,1.0,0,1,1
1816,1.0,0,1,1
1817,0.2,3,0,0
1818,0.2,3,0,0
1819,1.0,0,1,1
1820,1.0,0,1,1
1821,0.6000000000000001,0,1,1
1822,0.2,3,0,0
1823,1.0,0,1,1
1824,0.2,3,0,1
1825,0.2,3,0,0
1826,0.2,3,0,0
1827,1.8,1,1,0
1828,1.0,0,1,1
1829,1.0,0,1,1
1830,1.0,0,1,1
1831,2.5999999999999996,0,1,1
1832,1.0,0,1,0
1833,0.2,3,0,0
1834,1.0,0,1,1
1835,0.2,3,0,0
1836,0.2,3,0,0
1837,2.5999999999999996,0,1,0
1838,0.2,3,0,0
1839,0.2,3,0,0
1840,0.2,3,0,0
1841,0.2,3,0,0
1842,1.0,0,1,1
1843,1.0,0,1,1
1844,0.2,3,0,1
1845,0.2,3,1,0
1846,1.0,0,1,1
1847,0.2,0,0,1
1848,0.2,3,0,0
1849,1.0,0,1,1
1850,1.0,0,1,1
1851,1.0,0,0,1
1852,1.0,0,1,1
1853,0.2,3,0,0
1854,0.2,3,0,0
1855,0.2,3,0,1
1856,1.0,0,1,1
1857,0.2,3,0,0
1858,0.2,0,0,0
1859,1.0,0,1,1
1860,0.2,3,0,0
1861,0.2,3,1,0
1862,1.0,0,1,1
1863,0.2,3,1,0
1864,0.2,3,0,0
1865,0.2,0,0,0
1866,1.0,0,1,1
1867,2.5999999999999996,1,1,0
1868,1.0,3,1,0
1869,0.2,3,0,0
1870,2.5999999999999996,0,1,1
1871,1.0,0,1,0
1872,1.0,0,1,1
1873,0.2,3,0,0
1874,0.2,0,0,1
1875,0.2,3,0,0
1876,1.4,0,1,1
1877,0.2,3,0,1
1878,3.4000000000000004,0,1,1
1879,1.0,0,1,1
1880,0.2,3,0,0
1881,0.2,3,0,0
1882,1.0,0,1,1
1883,1.0,0,1,1
1884,1.0,0,1,1
1885,1.0,0,1,1
1886,1.0,0,1,1
1887,1.0,0,1,0
1888,1.0,0,1,1
1889,0.2,3,0,0
1890,0.2,3,0,0
1891,3.8,0,1,1
1892,1.0,0,1,1
1893,1.0,0,1,1
1894,2.5999999999999996,0,1,1
1895,0.2,3,0,0
1896,0.2,3,0,0
1897,0.2,3,0,0
1898,0.2,3,0,0
1899,0.2,3,0,1
1900,1.0,0,1,1
1901,1.0,0,1,1
1902,0.2,3,0,0
1903,0.2,0,0,0
1904,1.0,0,1,1
1905,0.2,3,0,0
1906,1.0,0,1,0
1907,1.0,0,1,1
1908,1.0,0,1,1
1909,0.2,3,0,0
1910,1.0,0,1,0
1911,1.0,0,1,0
1912,1.0,0,1,1
1913,1.0,0,1,1
1914,1.0,0,1,1
1915,1.0,0,1,0
1916,0.2,3,0,0
1917,0.2,3,0,0
1918,3.0,2,1,0
1919,0.2,3,0,0
1920,0.6000000000000001,2,0,0
1921,0.2,3,0,0
1922,3.0,0,1,0
1923,1.0,0,1,1
1924,2.2,2,1,0
1925,0.2,3,0,1
1926,1.0,0,1,1
1927,0.2,3,0,0
1928,0.2,3,0,0
1929,1.0,0,0,1
1930,0.2,3,0,0
1931,0.2,3,0,1
1932,0.2,3,0,0
1933,1.0,0,1,0
1934,0.2,3,0,0
1935,1.0,0,1,1
1936,1.0,0,1,1
1937,0.2,0,0,0
1938,1.0,0,1,1
1939,0.2,3,0,0
1940,1.0,0,1,1
1941,0.2,3,0,0
1942,0.2,3,0,0
1943,2.5999999999999996,0,1,1
1944,0.2,3,0,0
1945,1.0,0,1,1
1946,0.2,3,0,0
1947,0.2,3,0,0
1948,1.0,0,1,1
1949,0.2,3,0,0
1950,0.2,0,0,1
1951,0.2,3,0,0
1952,1.8,0,0,0
1953,1.0,0,1,1
1954,1.0,0,1,0
1955,1.0,0,1,0
1956,0.2,3,0,0
1957,0.2,0,0,1
1958,1.0,0,0,1
1959,1.0,0,1,1
1960,1.0,0,1,1
1961,0.2,3,1,0
1962,1.0,0,1,1
1963,0.2,3,0,0
1964,0.2,3,0,0
1965,0.2,3,0,0
1966,0.2,3,0,0
1967,0.2,3,0,0
1968,0.2,0,0,1
1969,1.0,0,1,1
1970,1.0,0,1,1
1971,1.0,0,1,1
1972,1.0,0,1,1
1973,0.2,3,0,0
1974,1.0,0,1,1
1975,1.0,0,1,1
1976,0.2,3,0,0
1977,1.0,0,1,1
1978,1.0,0,1,1
1979,3.4000000000000004,2,1,0
1980,1.0,0,1,1
1981,1.0,0,1,1
1982,1.0,0,1,1
1983,0.2,3,0,0
1984,1.0,0,1,1
1985,2.2,2,1,0
1986,0.2,3,0,0
1987,3.8,1,1,0
1988,0.2,3,1,0
1989,1.0,0,1,1
1990,1.0,0,1,1
1991,0.2,3,0,0
1992,1.0,0,1,1
1993,0.2,3,0,0
1994,1.0,0,1,1
1995,1.0,0,1,1
1996,1.0,0,1,0
1997,1.0,0,1,1
1998,0.2,3,0,0
1999,1.0,0,1,0
2000,0.2,3,0,0
2001,1.0,0,1,1
2002,1.0,0,1,0
2003,1.4,0,1,1
2004,1.0,0,1,1
2005,1.0,0,1,1
2006,0.2,3,0,0
2007,0.2,3,0,0
2008,1.0,0,1,1
2009,0.2,0,0,1
2010,1.0,0,1,1
2011,0.2,3,0,0
2012,0.2,3,1,0
2013,1.0,0,1,1
2014,1.4,0,1,1
2015,1.0,0,1,1
2016,1.0,0,1,1
2017,1.0,0,0,1
2018,0.2,3,0,0
2019,0.2,3,1,0
2020,0.2,3,0,0
2021,1.0,0,1,1
2022,1.0,0,1,1
2023,0.6000000000000001,0,0,1
2024,0.2,3,0,0
2025,0.2,3,0,0
2026,0.2,0,0,1
2027,1.0,0,1,1
2028,1.0,0,1,0
2029,0.2,3,0,0
2030,1.0,0,1,1
2031,1.0,0,1,1
2032,1.0,0,1,1
2033,0.2,3,0,0
2034,0.2,3,0,0
2035,0.2,3,0,0
2036,0.2,3,0,0
2037,0.2,0,0,1
2038,1.0,0,1,1
2039,1.0,0,0,1
2040,0.2,3,0,0
2041,0.2,3,0,1
2042,0.2,3,0,0
2043,1.0,0,0,1
2044,0.2,3,1,0
2045,1.0,0,1,1
2046,0.2,3,0,0
2047,3.4000000000000004,1,0,0
2048,1.0,0,0,1
2049,1.0,0,1,1
2050,1.0,0,1,1
2051,0.2,3,0,0
2052,1.0,0,0,1
2053,0.2,3,0,0
2054,1.0,0,1,1
2055,1.0,0,1,1
2056,0.2,3,0,0
2057,1.0,0,1,0
2058,1.0,0,1,1
2059,1.0,0,1,1
2060,0.2,3,0,0
2061,1.0,0,1,0
2062,0.2,3,0,0
2063,0.2,3,0,0
2064,0.2,3,0,0
2065,0.2,3,0,0
2066,1.0,0,1,1
2067,1.0,0,1,1
2068,3.8,1,1,0
2069,1.0,0,1,1
2070,1.0,0,1,1
2071,1.0,0,1,1
2072,0.2,3,0,0
2073,1.0,0,1,1
2074,1.0,0,1,1
2075,1.0,0,1,1
2076,0.2,3,0,0
2077,1.0,0,1,1
2078,0.2,3,0,0
2079,0.2,3,0,0
2080,1.0,0,1,1
2081,1.0,0,1,1
2082,0.2,3,0,0
2083,0.2,3,0,0
2084,1.0,0,1,1
2085,1.0,0,1,1
2086,1.0,0,1,1
2087,1.0,0,1,1
2088,1.0,0,1,1
2089,1.0,0,1,1
2090,3.4000000000000004,0,1,0
2091,0.2,3,0,0
2092,0.2,3,0,1
2093,1.0,0,1,1
2094,0.2,3,0,0
2095,1.0,0,1,1
2096,3.4000000000000004,0,1,1
2097,1.8,0,1,1
2098,1.8,1,1,0
2099,1.0,0,1,1
2100,0.2,3,0,0
2101,2.5999999999999996,0,1,1
2102,2.2,0,1,0
2103,1.0,0,1,1
2104,0.2,3,0,0
2105,1.0,0,1,1
2106,1.0,0,1,1
2107,0.2,3,0,0
2108,1.0,0,1,1
2109,1.0,0,1,0
2110,1.0,0,1,0
2111,1.0,0,1,0
2112,1.0,0,1,1
2113,1.0,0,1,0
2114,0.2,0,1,0
2115,1.0,0,1,0
2116,0.2,3,0,0
2117,1.0,0,1,1
2118,0.2,3,0,0
2119,0.2,3,0,0
2120,1.0,0,1,1
2121,0.2,3,0,0
2122,0.2,0,0,0
2123,1.0,0,1,0
2124,1.0,0,1,1
2125,0.6000000000000001,2,0,0
2126,3.0,0,1,1
2127,1.4,0,0,1
2128,0.2,3,0,0
2129,0.2,3,0,0
2130,1.0,0,1,1
2131,1.0,0,1,1
2132,0.2,3,0,0
2133,0.2,3,0,0
2134,1.8,2,1,0
2135,1.0,0,1,1
2136,0.2,3,0,0
2137,0.2,3,0,0
2138,0.2,0,0,1
2139,0.2,3,0,0
2140,1.0,0,1,1
2141,1.0,0,1,1
2142,0.2,3,0,0
2143,3.0,0,1,1
2144,0.2,3,0,0
2145,1.0,0,0,1
2146,1.0,0,1,1
2147,1.0,0,1,1
2148,0.2,3,0,0
2149,1.0,0,1,0
2150,1.0,0,1,1
2151,1.0,0,1,1
2152,1.0,0,1,1
2153,1.0,0,1,0
2154,1.0,0,1,1
2155,0.2,0,0,1
2156,0.2,3,0,0
2157,0.2,3,0,0
2158,1.0,0,1,1
2159,1.0,0,1,1
2160,0.2,3,0,0
2161,0.2,3,0,0
2162,1.0,0,1,1
2163,1.0,0,1,0
2164,0.2,3,0,0
2165,0.2,3,0,0
2166,0.2,3,0,0
2167,0.2,3,0,0
2168,1.0,0,1,1
2169,1.0,0,1,1
2170,1.0,0,1,1
2171,1.0,0,1,1
2172,1.0,0,0,1
2173,1.0,0,1,1
2174,1.0,0,1,1
2175,0.2,3,1,1
2176,0.2,3,0,0
2177,0.2,3,0,0
2178,1.0,0,1,1
2179,0.2,3,0,0
2180,0.6000000000000001,1,0,0
2181,1.0,0,1,1
2182,0.2,3,0,0
2183,1.0,0,1,1
2184,0.2,3,0,0
2185,0.6000000000000001,0,1,0
2186,0.2,3,0,0
2187,1.0,0,0,0
2188,0.2,3,0,0
2189,0.2,3,1,0
2190,1.0,0,1,1
2191,0.2,3,0,0
2192,1.0,0,1,1
2193,0.2,3,0,0
2194,1.0,0,1,1
2195,1.0,0,1,1
2196,1.0,0,1,1
2197,1.0,0,1,1
2198,0.2,3,0,0
2199,1.0,0,1,1
2200,0.2,3,0,0
2201,0.2,3,0,0
2202,1.0,0,1,1
2203,1.0,0,1,1
2204,0.2,3,0,1
2205,1.0,0,1,1
2206,0.2,3,0,0
2207,0.2,3,0,0
2208,0.2,3,0,0
2209,1.0,0,1,0
2210,1.0,0,1,1
2211,1.0,0,1,1
2212,1.0,0,1,1
2213,1.0,0,1,0
2214,1.0,0,1,1
2215,0.2,3,0,0
2216,1.0,0,1,1
2217,1.0,0,1,0
2218,1.0,0,1,1
2219,0.2,3,0,0
2220,1.0,3,1,0
2221,1.0,0,1,1
2222,0.6000000000000001,0,1,0
2223,1.0,0,1,1
2224,1.0,0,1,1
2225,3.0,1,1,0
2226,0.2,3,0,0
2227,0.2,3,0,1
2228,0.2,3,0,0
2229,1.0,0,1,1
2230,1.0,0,1,1
2231,0.2,3,0,0
2232,1.4,0,1,1
2233,1.0,0,1,1
2234,0.2,3,0,0
2235,0.2,3,0,0
2236,0.2,3,0,0
2237,1.0,0,1,1
2238,1.0,0,1,1
2239,1.0,0,1,1
2240,1.0,0,1,1
2241,1.0,0,1,0
2242,0.2,3,0,0
2243,1.0,0,1,1
2244,1.0,0,1,1
2245,0.2,3,0,0
2246,1.0,0,1,1
2247,0.2,3,0,0
2248,3.4000000000000004,0,1,1
2249,0.2,3,0,1
2250,1.0,0,1,0
2251,3.4000000000000004,0,0,1
2252,1.0,0,1,1
2253,0.2,3,0,0
2254,1.0,0,1,0
2255,1.0,0,1,1
2256,2.5999999999999996,0,1,1
2257,3.0,0,0,0
2258,0.2,3,0,0
2259,1.0,0,1,0
2260,1.0,0,0,0
2261,0.2,0,0,0
2262,0.2,3,0,0
2263,0.2,3,0,0
2264,0.2,3,0,0
2265,0.2,3,0,0
2266,1.0,0,1,1
2267,1.0,0,1,1
2268,0.2,3,0,0
2269,1.0,0,1,1
2270,0.2,3,0,0
2271,1.0,0,1,1
2272,1.0,0,1,1
2273,0.2,0,0,1
2274,2.2,0,1,0
2275,1.0,0,1,1
2276,1.0,0,1,1
2277,0.2,3,0,0
2278,1.0,0,1,1
2279,1.0,0,1,1
2280,0.2,0,0,0
2281,1.0,0,1,1
2282,0.2,3,0,0
2283,0.2,3,0,0
2284,0.2,3,0,0
2285,2.2,2,1,0
2286,0.2,3,0,0
2287,1.0,0,1,1
2288,0.2,0,0,1
2289,1.0,0,1,1
2290,1.0,0,1,1
2291,1.0,0,1,1
2292,0.2,3,0,0
2293,1.0,0,1,1
2294,1.0,0,1,1
2295,0.2,3,0,0
2296,0.2,3,0,0
2297,0.2,3,0,0
2298,0.2,3,0,0
2299,1.0,0,1,1
2300,2.5999999999999996,0,1,1
2301,1.0,0,1,1
2302,1.0,0,1,1
2303,1.0,0,1,1
2304,0.6000000000000001,1,1,0
2305,0.2,3,0,0
2306,1.0,0,1,1
2307,0.2,3,0,0
2308,0.2,3,0,0
2309,0.2,3,0,0
2310,0.2,3,0,0
2311,1.0,0,1,1
2312,1.0,0,1,0
2313,1.0,0,0,1
2314,0.2,3,0,0
2315,1.0,0,1,0
2316,0.6000000000000001,0,0,0
2317,0.6000000000000001,0,1,1
2318,0.2,3,0,0
2319,0.2,3,0,0
2320,0.2,3,0,0
2321,0.2,3,1,0
2322,0.2,3,0,0
2323,1.0,0,1,0
2324,0.2,3,0,0
2325,0.2,3,0,0
2326,1.4,2,1,0
2327,0.2,3,0,0
2328,1.0,0,1,1
2329,0.2,3,0,1
2330,0.2,3,0,0
2331,0.2,3,0,0
2332,0.2,3,0,0
2333,1.0,0,1,1
2334,0.2,3,0,0
2335,1.0,0,1,1
2336,2.2,0,1,1
2337,0.2,3,0,0
2338,1.0,0,1,1
2339,0.2,3,0,0
2340,1.0,0,1,1
2341,0.2,3,0,0
2342,1.0,0,1,1
2343,3.8,2,0,0
2344,1.0,0,1,1
2345,3.0,0,0,1
2346,1.0,0,1,1
2347,1.0,0,1,1
2348,3.0,0,1,1
2349,1.0,0,1,1
2350,0.2,3,0,0
2351,1.0,0,1,1
2352,0.2,3,0,0
2353,1.0,0,0,1
2354,1.0,0,0,1
2355,1.0,0,0,1
2356,0.2,3,0,0
2357,0.2,3,0,0
2358,3.4000000000000004,0,1,1
2359,0.2,3,0,0
2360,1.0,0,1,0
2361,0.2,3,0,0
2362,1.0,0,1,1
2363,2.2,2,1,0
2364,0.2,3,1,0
2365,0.2,3,0,1
2366,0.2,3,0,0
2367,1.0,3,1,0
2368,1.0,0,1,1
2369,0.2,3,0,0
2370,0.2,0,0,0
2371,1.0,0,1,1
2372,0.2,3,0,0
2373,0.6000000000000001,0,0,1
2374,1.0,0,1,1
2375,1.8,1,1,0
2376,1.0,0,1,1
2377,0.2,3,0,0
2378,0.2,3,0,0
2379,2.2,0,1,1
2380,0.2,3,0,0
2381,0.2,0,0,1
2382,0.2,3,0,0
2383,0.2,3,0,0
2384,1.0,0,1,1
2385,3.0,2,1,0
2386,1.0,0,1,1
2387,0.2,3,0,0
2388,1.0,0,1,1
2389,1.0,0,1,1
2390,0.2,3,0,0
2391,1.0,0,1,1
2392,1.0,0,1,0
2393,0.2,0,0,1
2394,1.0,0,1,1
2395,1.8,1,1,0
2396,3.4000000000000004,1,1,0
2397,0.2,3,0,0
2398,1.0,0,0,1
2399,1.0,0,1,0
2400,1.0,0,1,1
2401,0.2,3,0,0
2402,3.8,0,1,1
2403,0.2,3,0,0
2404,3.8,0,0,1
2405,1.0,0,1,1
2406,1.0,0,1,1
2407,1.0,0,1,1
2408,0.2,3,0,0
2409,0.2,3,0,1
2410,0.2,3,0,0
2411,0.2,3,1,0
2412,0.2,3,0,0
2413,0.2,3,0,0
2414,0.2,3,0,0
2415,0.2,3,0,0
2416,0.2,3,0,0
2417,0.2,3,0,0
2418,1.0,0,1,1
2419,1.0,0,1,1
2420,1.0,0,0,1
2421,0.2,3,0,0
2422,0.2,3,0,0
2423,1.0,0,1,0
2424,0.2,3,0,0
2425,1.0,0,1,1
2426,0.2,3,0,0
2427,1.0,0,0,1
2428,0.2,3,0,0
2429,0.2,3,0,0
2430,0.2,3,0,0
2431,1.0,0,1,1
2432,0.2,3,0,0
2433,0.2,3,0,0
2434,0.2,3,0,0
2435,0.2,0,0,1
2436,0.2,3,0,0
2437,0.2,0,0,1
2438,1.0,0,1,1
2439,1.0,0,1,1
2440,1.0,0,1,0
2441,1.0,0,1,1
2442,0.2,3,0,0
2443,0.2,3,0,0
2444,1.0,0,1,1
2445,1.0,0,1,1
2446,0.2,3,0,0
2447,0.2,3,0,1
2448,0.2,3,0,1
2449,1.4,0,1,1
2450,3.4000000000000004,0,1,1
2451,0.2,3,0,1
2452,0.2,3,0,0
2453,1.4,1,0,0
2454,1.0,0,1,1
2455,1.0,0,1,1
2456,1.0,0,1,1
2457,0.2,3,0,0
2458,0.2,3,0,0
2459,1.0,0,1,1
2460,0.2,3,0,0
2461,1.8,2,1,0
2462,1.0,0,1,1
2463,0.2,3,0,0
2464,1.8,2,1,0
2465,1.0,0,1,1
2466,0.2,3,0,0
2467,1.0,0,1,1
2468,1.0,0,0,1
2469,0.2,3,0,0
2470,1.0,0,1,1
2471,1.4,0,1,1
2472,1.0,0,0,1
2473,0.2,3,0,0
2474,1.0,0,1,1
2475,0.2,3,0,0
2476,0.2,3,0,0
2477,0.2,3,0,0
2478,1.0,0,0,1
2479,2.2,0,1,0
2480,3.4000000000000004,1,0,0
2481,0.2,3,0,0
2482,0.2,3,0,0
2483,0.2,3,0,0
2484,3.0,2,1,0
2485,0.2,3,0,0
2486,0.2,3,0,0
2487,2.2,2,0,0
2488,1.0,0,1,1
2489,0.6000000000000001,0,1,1
2490,1.0,0,0,1
2491,1.0,0,1,1
2492,0.2,3,0,0
2493,2.2,1,1,0
2494,1.0,0,1,0
2495,1.0,0,1,1
2496,1.0,0,1,1
2497,0.2,3,0,0
2498,0.2,3,0,0
2499,1.0,0,0,1
2500,0.2,3,0,0
2501,1.0,0,1,1
2502,0.2,3,1,0
2503,0.2,0,0,0
2504,1.0,0,1,0
2505,1.0,0,1,1
2506,1.0,0,1,1
2507,1.0,0,1,1
2508,0.6000000000000001,1,1,0
2509,1.0,0,1,1
2510,1.0,0,1,0
2511,1.0,0,1,0
2512,2.2,0,1,1
2513,0.2,3,0,0
2514,0.2,3,0,1
2515,2.2,0,0,1
2516,0.2,0,0,1
2517,0.2,0,0,1
2518,0.2,3,1,0
2519,1.0,0,1,1
2520,0.2,0,1,1
2521,0.2,3,0,0
2522,1.0,0,1,1
2523,1.0,0,1,1
2524,0.2,3,0,1
2525,2.2,0,1,0
2526,0.2,3,0,0
2527,1.0,0,1,1
2528,1.0,0,1,1
2529,0.2,0,0,1
2530,1.4,0,1,1
2531,0.6000000000000001,1,1,0
2532,0.2,3,0,0
2533,1.0,0,1,1
2534,1.0,0,0,0
2535,1.0,0,1,1
2536,1.0,0,1,1
2537,1.0,0,1,1
2538,0.2,3,0,0
2539,3.4000000000000004,1,0,0
2540,0.2,3,0,0
2541,1.0,0,1,1
2542,3.4000000000000004,1,1,0
2543,1.0,0,1,1
2544,0.6000000000000001,2,0,0
2545,1.0,0,0,1
2546,1.0,0,1,1
2547,1.0,0,1,1
2548,0.2,3,0,0
2549,1.0,0,1,1
2550,1.0,0,1,1
2551,0.2,3,1,0
2552,0.2,3,0,0
2553,1.0,0,1,1
2554,1.0,0,1,1
2555,1.0,0,1,1
2556,1.0,0,1,1
2557,1.0,0,1,1
2558,0.2,3,0,0
2559,2.5999999999999996,0,1,1
2560,1.0,0,1,1
2561,1.0,0,1,1
2562,0.6000000000000001,0,0,1
2563,0.2,3,0,0
2564,1.0,0,1,1
2565,1.0,0,1,0
2566,1.0,0,1,1
2567,2.2,2,0,0
2568,0.2,3,0,0
2569,1.0,0,1,1
2570,1.0,0,1,1
2571,0.2,3,0,0
2572,1.0,0,1,1
2573,1.0,0,1,1
2574,1.0,0,1,1
2575,1.0,0,1,1
2576,1.0,0,1,1
2577,3.8,0,0,1
2578,0.2,3,0,0
2579,0.2,3,0,0
2580,1.0,0,1,1
2581,0.2,3,0,0
2582,1.0,0,1,1
2583,1.0,0,1,1
2584,0.2,3,0,1
2585,1.0,0,1,1
2586,0.2,0,0,1
2587,0.2,3,0,0
2588,1.0,0,1,0
2589,1.0,0,1,1
2590,0.2,3,0,0
2591,0.2,0,0,1
2592,1.0,0,1,1
2593,0.2,3,0,0
2594,1.0,0,1,1
2595,0.2,3,0,1
2596,2.2,0,0,1
2597,1.0,0,1,1
2598,0.2,3,1,0
2599,1.0,3,0,0
2600,0.2,3,0,0
2601,0.2,3,0,0
2602,1.8,2,1,0
2603,3.4000000000000004,0,1,1
2604,3.4000000000000004,0,1,1
2605,1.0,0,1,1
2606,1.0,0,1,1
2607,3.8,0,0,1
2608,1.0,0,1,1
2609,2.2,0,1,1
2610,1.0,0,1,1
2611,0.2,3,0,0
2612,0.2,3,0,0
2613,1.0,0,1,1
2614,3.0,1,1,0
2615,0.2,3,0,0
2616,1.0,0,1,1
2617,1.0,0,1,1
2618,0.2,3,1,0
2619,0.2,3,0,0
2620,1.0,0,1,1
2621,3.8,0,1,1
2622,0.2,3,0,0
2623,1.0,0,1,1
2624,1.0,0,1,1
2625,1.0,0,1,0
2626,1.0,0,1,1
2627,1.0,0,1,1
2628,0.2,3,0,0
2629,1.0,0,1,1
2630,2.5999999999999996,0,1,1
2631,0.2,3,0,0
2632,0.2,3,1,0
2633,3.0,1,1,0
2634,1.0,0,0,1
2635,1.4,2,0,0
2636,1.0,0,1,1
2637,0.2,0,0,0
2638,0.2,3,0,0
2639,1.0,0,1,1
2640,1.0,0,1,1
2641,0.2,3,0,0
2642,1.0,0,1,1
2643,1.0,0,1,0
2644,0.2,3,0,0
2645,1.0,0,1,1
2646,0.2,3,0,0
2647,2.5999999999999996,1,1,0
2648,1.0,0,1,1
2649,1.0,0,1,1
2650,0.2,0,0,1
2651,0.2,3,0,0
2652,3.0,2,1,0
2653,0.2,3,0,0
2654,0.2,3,0,0
2655,0.2,3,0,0
2656,1.0,0,0,1
2657,0.2,0,0,1
2658,1.4,0,1,1
2659,1.0,0,1,0
2660,0.2,3,1,1
2661,0.2,0,1,0
2662,0.2,0,0,1
2663,2.5999999999999996,0,1,1
2664,1.8,2,1,0
2665,1.0,0,1,1
2666,0.2,3,0,0
2667,1.0,0,1,1
2668,1.0,0,1,1
2669,1.0,0,1,1
2670,0.2,3,0,0
2671,0.2,3,0,0
2672,3.8,0,1,1
2673,0.2,3,0,0
2674,1.0,0,1,1
2675,1.0,0,1,0
2676,0.2,3,0,1
2677,0.2,3,0,0
2678,3.4000000000000004,2,0,0
2679,2.5999999999999996,1,1,0
2680,0.2,3,0,0
2681,0.2,3,0,0
2682,0.2,3,0,0
2683,0.2,3,0,0
2684,1.4,0,1,1
2685,0.2,3,0,0
2686,3.4000000000000004,0,1,1
2687,1.0,0,1,1
2688,1.0,0,1,1
2689,1.0,0,1,0
2690,1.0,0,0,1
2691,1.0,0,1,1
2692,1.0,0,1,1
2693,1.0,0,1,1
2694,1.0,0,0,1
2695,1.0,0,1,1
2696,0.2,0,0,1
2697,0.2,3,0,0
2698,1.0,0,1,1
2699,1.0,0,1,1
2700,0.2,3,0,0
2701,1.0,0,1,1
2702,0.2,3,0,0
2703,1.0,3,1,0
2704,0.2,3,0,0
2705,1.4,1,0,0
2706,0.2,3,0,0
2707,1.0,0,1,1
2708,0.2,3,0,0
2709,0.2,3,0,0
2710,2.2,1,1,0
2711,1.0,0,1,1
2712,0.6000000000000001,0,1,1
2713,1.0,0,1,1
2714,3.8,0,0,1
2715,0.2,3,0,0
2716,3.0,0,0,1
2717,0.2,3,0,1
2718,0.2,3,0,0
2719,1.0,0,1,1
2720,1.0,0,1,0
2721,0.2,3,0,0
2722,0.2,3,0,0
2723,1.0,0,1,1
2724,0.2,0,0,1
2725,0.2,3,0,0
2726,1.0,0,1,1
2727,3.8,0,0,1
2728,1.0,0,1,1
2729,1.0,0,1,1
2730,1.0,0,1,1
2731,0.2,3,1,0
2732,0.2,3,0,0
2733,0.2,3,0,0
2734,3.0,2,1,0
2735,1.0,0,1,1
2736,0.2,3,0,0
2737,3.8,2,1,0
2738,1.0,0,1,1
2739,1.0,0,1,1
2740,0.2,3,0,0
2741,0.2,3,0,0
2742,0.2,3,0,0
2743,0.2,0,0,0
2744,0.2,3,0,0
2745,1.0,0,1,1
2746,0.2,3,1,0
2747,0.2,3,0,0
2748,3.8,0,1,1
2749,1.0,0,1,1
2750,1.0,0,1,1
2751,1.0,0,1,1
2752,1.0,0,1,1
2753,1.4,0,0,1
2754,3.8,0,0,0
2755,0.2,0,0,1
2756,0.2,3,0,0
2757,3.4000000000000004,0,1,1
2758,1.0,0,1,1
2759,1.0,0,0,1
2760,1.0,0,1,1
2761,0.2,3,0,0
2762,1.0,0,1,1
2763,1.0,0,1,1
2764,1.0,0,1,1
2765,0.2,3,0,0
2766,1.4,0,1,1
2767,3.0,2,1,0
2768,1.0,0,1,1
2769,1.0,0,1,1
2770,0.2,3,0,0
2771,0.2,3,0,0
2772,1.0,0,1,1
2773,0.2,3,0,0
2774,1.0,0,1,1
2775,0.2,3,0,0
2776,0.2,3,0,0
2777,0.2,3,0,0
2778,1.0,0,1,0
2779,0.2,3,0,0
2780,1.0,0,1,1
2781,1.0,0,1,1
2782,1.0,0,1,0
2783,1.0,0,1,1
2784,0.2,3,0,0
2785,0.2,3,0,0
2786,1.0,0,1,1
2787,0.2,3,0,0
2788,3.8,2,0,0
2789,0.2,0,0,0
2790,1.0,0,1,1
2791,1.0,0,1,1
2792,1.0,0,1,1
2793,1.0,0,1,1
2794,3.4000000000000004,1,1,0
2795,0.2,3,0,0
2796,1.0,0,1,1
2797,0.6000000000000001,1,0,0
2798,1.0,0,1,1
2799,1.0,0,1,1
2800,1.0,0,1,0
2801,0.2,3,0,0
2802,0.2,0,0,0
2803,1.0,0,0,1
2804,0.2,3,0,0
2805,1.0,0,1,1
2806,1.0,0,1,0
2807,1.0,0,1,1
2808,1.0,0,1,1
2809,0.2,3,0,0
2810,0.2,3,0,0
2811,1.0,0,0,1
2812,0.2,3,0,0
2813,1.0,0,1,1
2814,1.0,0,1,1
2815,1.8,1,0,0
2816,1.0,0,1,1
2817,0.2,3,0,0
2818,1.0,0,1,1
2819,0.2,3,0,0
2820,1.0,0,1,1
2821,0.2,3,0,0
2822,1.0,0,1,1
2823,0.2,3,0,0
2824,1.0,0,1,1
2825,2.5999999999999996,2,1,0
2826,0.2,3,0,0
2827,0.2,3,0,0
2828,1.0,0,1,1
2829,2.2,2,1,0
2830,1.0,0,1,1
2831,1.0,0,1,0
2832,0.2,3,0,0
2833,3.0,0,1,1
2834,0.2,3,0,0
2835,0.2,3,0,0
2836,1.0,0,1,0
2837,1.0,0,1,1
2838,0.2,3,0,0
2839,0.2,0,1,1
2840,0.2,3,0,0
2841,0.2,3,0,0
2842,1.0,0,1,1
2843,1.0,0,1,1
2844,1.0,0,1,1
2845,1.0,0,1,1
2846,0.2,3,0,0
2847,1.0,0,1,1
2848,1.0,0,1,1
2849,0.2,3,0,0
2850,0.2,3,0,0
2851,2.2,0,0,1
2852,0.2,3,0,0
2853,0.2,3,0,0
2854,1.0,0,1,0
2855,1.0,0,1,1
2856,1.4,0,1,1
2857,1.0,0,1,1
2858,1.0,0,1,1
2859,0.2,3,0,0
2860,1.4,1,0,1
2861,0.2,3,0,1
2862,0.2,3,0,0
2863,1.0,0,1,1
2864,1.0,0,0,1
2865,0.2,3,0,1
2866,1.0,0,1,1
2867,1.0,0,1,1
2868,1.0,0,1,1
2869,0.2,3,0,0
2870,1.0,0,1,1
2871,1.0,0,1,1
2872,0.2,3,0,0
2873,1.0,0,1,1
2874,0.2,3,0,0
2875,1.0,0,1,1
2876,1.0,0,1,1
2877,1.0,0,1,1
2878,0.2,0,0,1
2879,1.0,0,1,1
2880,1.0,0,1,1
2881,0.2,3,1,0
2882,0.2,3,0,0
2883,0.2,3,1,0
2884,1.0,0,1,1
2885,2.2,0,1,0
2886,1.0,0,1,1
2887,1.0,0,0,1
2888,0.6000000000000001,1,1,0
2889,0.2,3,0,0
2890,1.0,0,1,1
2891,1.0,0,1,1
2892,1.0,0,1,1
2893,1.0,0,1,0
2894,0.2,3,0,0
2895,0.2,3,0,0
2896,1.0,0,1,1
2897,0.2,3,0,0
2898,1.0,0,1,1
2899,1.0,0,1,1
2900,0.2,3,0,0
2901,1.0,0,1,1
2902,0.2,3,1,0
2903,0.2,0,0,1
2904,0.2,3,0,0
2905,1.0,0,1,1
2906,0.2,3,0,0
2907,0.2,3,0,0
2908,1.0,0,1,0
2909,1.0,0,1,1
2910,3.0,1,1,0
2911,1.0,0,1,1
2912,0.2,3,0,0
2913,0.2,3,0,0
2914,1.0,0,1,0
2915,2.5999999999999996,0,1,1
2916,0.2,3,0,0
2917,1.0,0,1,1
2918,1.0,0,1,0
2919,0.2,3,1,0
2920,1.0,0,1,1
2921,1.0,0,1,0
2922,1.0,0,1,1
2923,1.0,0,0,1
2924,3.8,0,0,1
2925,0.2,3,0,0
2926,1.0,0,1,1
2927,1.0,0,1,1
2928,2.5999999999999996,1,0,0
2929,2.5999999999999996,1,1,0
2930,1.0,0,1,1
2931,0.2,3,0,0
2932,0.2,3,0,0
2933,1.0,0,1,1
2934,1.0,0,1,1
2935,0.2,3,0,0
2936,0.2,0,0,1
2937,1.0,0,1,1
2938,3.4000000000000004,0,1,1
2939,1.0,0,1,1
2940,1.4,0,0,1
2941,1.0,0,1,1
2942,1.0,0,1,0
2943,1.0,0,1,1
2944,3.0,0,1,1
2945,0.2,3,0,0
2946,1.0,0,1,1
2947,0.2,3,0,0
2948,0.2,3,0,0
2949,0.2,3,0,0
2950,1.0,0,1,1
2951,1.0,0,1,1
2952,1.0,0,1,1
2953,1.0,0,1,1
2954,2.2,0,0,1
2955,0.2,3,0,0
2956,1.0,0,1,1
2957,1.0,0,1,1
2958,1.0,0,1,1
2959,1.4,1,1,0
2960,1.0,0,1,1
2961,2.2,1,0,0
2962,1.0,0,1,1
2963,1.0,0,1,1
2964,0.2,3,0,1
2965,1.0,0,1,1
2966,1.0,0,1,1
2967,0.6000000000000001,2,0,0
2968,3.0,0,0,1
2969,0.2,3,0,1
2970,1.0,0,0,1
2971,1.0,0,1,1
2972,0.2,3,0,0
2973,1.0,0,1,1
2974,0.6000000000000001,0,1,1
2975,3.0,0,1,1
2976,1.0,0,1,0
2977,0.2,3,0,0
2978,0.2,3,0,0
2979,2.5999999999999996,1,0,0
2980,1.0,0,1,1
2981,0.2,3,0,0
2982,1.0,0,1,0
2983,0.2,3,0,0
2984,0.6000000000000001,1,0,0
2985,1.0,0,1,1
2986,1.0,0,1,1
2987,0.2,0,0,0
2988,1.0,0,1,1
2989,1.0,0,1,1
2990,0.2,3,0,0
2991,1.0,0,1,1
2992,0.2,3,0,0
2993,1.0,0,1,1
2994,0.2,3,0,0
2995,1.0,0,1,1
2996,1.0,0,1,1
2997,1.0,0,1,1
2998,0.2,3,0,0
2999,1.0,0,1,1
3000,0.2,3,0,0
3001,1.0,0,1,1
3002,0.2,3,0,0
3003,1.0,0,1,1
3004,2.5999999999999996,1,0,0
3005,0.2,3,0,0
3006,1.0,0,1,1
3007,0.2,3,0,0
3008,1.0,0,1,1
3009,1.0,0,1,1
3010,1.0,0,0,1
3011,1.0,0,1,0
3012,1.4,0,1,1
3013,3.8,0,0,1
3014,0.2,3,0,0
3015,0.2,3,0,0
3016,3.0,2,0,0
3017,0.2,3,0,0
3018,0.2,3,0,1
3019,0.2,3,0,0
3020,1.0,0,1,1
3021,1.0,0,1,1
3022,1.0,0,1,1
3023,3.8,0,1,1
3024,0.2,3,0,0
3025,0.2,3,0,0
3026,0.2,3,0,0
3027,0.2,3,0,0
3028,0.2,3,0,0
3029,0.2,3,1,0
3030,1.0,0,1,1
3031,1.0,0,1,1
3032,0.2,3,0,1
3033,0.2,0,0,1
3034,1.0,0,1,0
3035,0.2,3,0,0
3036,0.2,3,0,0
3037,0.2,3,0,0
3038,2.5999999999999996,2,1,0
3039,0.2,3,0,0
3040,1.0,0,1,1
3041,1.0,0,1,1
3042,1.0,0,1,0
3043,1.0,0,1,1
3044,1.0,0,1,1
3045,0.2,3,0,0
3046,0.6000000000000001,0,0,1
3047,0.2,3,0,0
3048,0.2,3,0,0
3049,1.0,0,1,1
3050,0.2,3,0,0
3051,2.5999999999999996,0,0,0
3052,0.2,3,0,0
3053,0.2,3,1,0
3054,0.2,3,0,0
3055,0.2,3,0,0
3056,0.2,3,0,0
3057,0.2,3,0,0
3058,1.0,0,1,1
3059,0.2,3,0,0
3060,0.2,3,0,0
3061,1.0,0,1,1
3062,1.0,0,1,0
3063,0.2,3,0,0
3064,2.2,0,1,1
3065,1.0,0,1,1
3066,0.2,3,0,0
3067,1.0,0,1,1
3068,0.2,3,0,0
3069,0.2,3,0,0
3070,0.2,3,0,0
3071,0.2,3,0,0
3072,0.2,3,0,0
3073,1.0,0,1,1
3074,3.8,0,1,0
3075,0.2,3,0,0
3076,1.0,0,1,1
3077,0.2,3,1,0
3078,1.8,0,1,1
3079,1.0,0,1,1
3080,0.2,3,1,0
3081,0.2,3,0,0
3082,0.2,3,0,0
3083,0.2,3,0,0
3084,3.4000000000000004,0,1,1
3085,0.2,3,0,0
3086,1.4,0,1,1
3087,1.0,0,1,1
3088,0.2,3,0,0
3089,0.2,3,0,0
3090,0.2,3,1,0
3091,0.2,3,0,0
3092,0.6000000000000001,0,1,1
3093,1.0,0,1,1
3094,1.0,0,1,1
3095,0.6000000000000001,1,1,0
3096,1.0,0,1,1
3097,0.2,3,0,0
3098,1.0,0,0,0
3099,0.2,3,0,0
3100,0.2,3,0,1
3101,0.2,3,0,0
3102,0.2,3,0,0
3103,1.0,0,0,1
3104,1.8,1,1,0
3105,0.2,3,0,0
3106,1.0,0,1,1
3107,0.2,3,1,0
3108,1.0,0,1,1
3109,1.0,0,1,1
3110,0.2,3,0,0
3111,1.0,0,1,1
3112,0.2,3,0,0
3113,0.2,3,0,0
3114,1.0,0,1,1
3115,0.2,3,0,0
3116,0.2,3,0,0
3117,1.0,0,1,1
3118,0.2,3,0,0
3119,1.0,0,1,1
3120,0.2,3,0,0
3121,0.2,3,0,0
3122,0.2,3,0,0
3123,1.0,0,1,1
3124,0.2,3,0,0
3125,1.0,3,1,0
3126,1.0,0,1,1
3127,1.0,0,1,0
3128,1.0,0,1,1
3129,2.5999999999999996,1,1,0
3130,0.2,3,0,0
3131,0.2,3,0,0
3132,1.0,0,1,1
3133,1.0,0,1,1
3134,0.2,3,0,0
3135,3.0,0,1,1
3136,0.2,3,0,0
3137,0.2,3,0,0
3138,1.0,0,0,0
3139,1.0,0,1,1
3140,1.0,0,1,1
3141,0.2,3,0,1
3142,1.0,0,1,1
3143,0.2,3,0,0
3144,0.2,3,0,0
3145,0.2,3,0,0
3146,1.0,0,1,1
3147,1.4,0,0,1
3148,0.2,3,0,0
3149,0.2,0,0,1
3150,1.0,0,1,1
3151,1.0,0,1,1
3152,1.0,0,1,1
3153,1.0,0,1,1
3154,2.5999999999999996,1,0,0
3155,1.0,0,1,0
3156,0.2,3,0,0
3157,0.2,3,0,1
3158,3.0,1,1,0
3159,1.0,0,1,1
3160,0.2,3,0,0
3161,1.0,0,1,1
3162,1.0,0,1,1
3163,1.0,0,1,1
3164,1.0,0,1,1
3165,1.0,0,1,1
3166,1.0,0,1,1
3167,1.0,0,1,1
3168,1.0,0,1,0
3169,1.0,0,1,1
3170,0.2,3,0,0
3171,0.2,3,0,0
3172,1.0,0,1,1
3173,1.0,0,1,1
3174,0.2,0,0,1
3175,1.0,0,0,1
3176,0.2,3,0,0
3177,0.2,3,0,0
3178,0.2,3,0,0
3179,3.0,0,1,0
3180,1.0,0,1,1
3181,0.2,3,0,0
3182,1.0,0,1,1
3183,0.2,3,0,0
3184,0.2,3,0,0
3185,0.2,3,0,0
3186,0.2,3,0,0
3187,1.0,0,1,1
3188,0.2,3,0,0
3189,1.0,0,1,1
3190,0.2,3,0,0
3191,0.2,3,0,0
3192,1.0,0,1,1
3193,0.2,0,0,1
3194,1.0,0,0,1
3195,1.0,0,1,0
3196,1.0,0,1,1
3197,2.2,0,0,1
3198,1.0,0,0,1
3199,0.2,3,0,0
3200,1.4,0,0,1
3201,1.0,0,1,0
3202,1.0,0,1,1
3203,1.0,0,1,1
3204,1.8,1,1,0
3205,0.2,3,0,0
3206,0.2,3,0,0
3207,0.2,3,1,0
3208,0.2,3,0,0
3209,0.2,3,0,1
3210,1.0,0,1,1
3211,0.2,3,1,0
3212,0.2,3,0,0
3213,1.0,0,1,1
3214,0.2,3,0,0
3215,1.0,0,1,1
3216,1.0,0,1,1
3217,1.0,0,1,1
3218,0.2,3,0,0
3219,0.2,3,0,0
3220,0.2,3,0,0
3221,1.0,0,1,1
3222,1.0,0,1,1
3223,0.2,3,0,0
3224,1.0,0,1,1
3225,0.2,0,0,1
3226,1.0,0,1,1
3227,1.0,0,1,1
3228,1.0,0,1,1
3229,0.2,3,0,0
3230,0.2,3,0,0
3231,1.0,0,1,1
3232,0.2,3,0,1
3233,1.0,0,1,1
3234,0.2,3,1,0
3235,0.2,3,0,0
3236,2.5999999999999996,0,0,1
3237,1.0,0,1,0
3238,0.2,3,0,0
3239,0.2,3,0,0
3240,1.0,0,1,0
3241,1.0,0,1,1
3242,0.2,3,0,0
3243,0.2,3,0,0
3244,3.8,0,1,1
3245,0.2,3,0,0
3246,0.2,0,0,1
3247,1.0,3,1,0
3248,1.4,2,1,1
3249,0.2,3,0,1
3250,0.2,3,0,0
3251,1.0,0,1,1
3252,1.0,0,1,1
3253,1.0,0,1,1
3254,3.0,0,1,0
3255,1.0,0,1,1
3256,0.2,3,0,0
3257,1.0,0,1,1
3258,0.2,3,0,1
3259,0.2,0,0,1
3260,1.0,0,1,1
3261,1.0,0,1,1
3262,1.0,0,1,1
3263,0.2,3,0,0
3264,1.0,0,1,0
3265,3.8,2,0,0
3266,1.0,0,1,1
3267,1.0,0,1,1
3268,1.0,0,1,1
3269,0.2,3,0,0
3270,0.2,3,0,0
3271,0.2,3,0,0
3272,1.0,0,1,1
3273,1.0,0,1,1
3274,1.0,0,1,1
3275,1.0,0,1,1
3276,1.0,0,1,1
3277,0.2,3,0,0
3278,1.0,0,1,1
3279,1.0,0,1,1
3280,0.2,3,0,0
3281,0.2,3,0,0
3282,0.2,0,0,1
3283,1.0,0,0,0
3284,3.4000000000000004,1,1,0
3285,1.0,0,1,1
3286,1.4,0,1,0
3287,0.2,3,0,0
3288,0.2,3,0,1
3289,2.2,0,0,1
3290,0.2,3,0,0
3291,1.0,0,1,1
3292,1.0,0,1,1
3293,1.0,0,1,1
3294,0.2,3,0,0
3295,1.0,0,1,1
3296,1.0,0,1,1
3297,0.2,3,0,1
3298,1.0,0,1,0
3299,1.0,0,1,1
3300,1.0,0,1,1
3301,0.2,3,0,0
3302,3.4000000000000004,2,1,0
3303,1.4,0,1,1
3304,1.0,0,1,1
3305,0.2,3,1,0
3306,0.2,3,0,0
3307,0.2,3,0,0
3308,1.0,0,1,0
3309,1.0,0,1,1
3310,1.0,0,1,1
3311,1.0,0,1,1
3312,1.0,0,1,1
3313,1.0,0,1,1
3314,1.0,0,1,1
3315,0.2,3,0,0
3316,1.0,0,0,1
3317,1.0,0,1,1
3318,0.2,3,0,0
3319,0.2,3,0,0
3320,0.2,3,1,0
3321,1.0,0,1,0
3322,1.0,0,1,1
3323,0.2,3,0,0
3324,0.2,3,0,1
3325,1.0,0,1,1
3326,0.2,3,0,0
3327,1.0,0,1,1
3328,1.0,0,1,0
3329,1.0,0,1,1
3330,1.0,3,1,0
3331,0.2,3,0,0
3332,1.0,0,1,1
3333,1.0,0,1,1
3334,1.0,0,1,1
3335,3.4000000000000004,0,1,1
3336,1.0,3,1,0
3337,1.0,0,1,1
3338,1.0,0,1,1
3339,0.2,3,0,0
3340,0.2,3,0,0
3341,0.2,3,0,0
3342,0.2,3,0,0
3343,2.5999999999999996,0,1,1
3344,1.0,0,1,1
3345,1.0,0,1,1
3346,1.0,0,1,1
3347,0.2,3,0,0
3348,0.2,3,0,0
3349,0.2,3,0,0
3350,1.0,0,1,1
3351,0.2,3,0,0
3352,0.2,3,0,0
3353,0.2,3,0,0
3354,2.5999999999999996,0,1,1
3355,1.0,0,1,1
3356,1.0,0,1,1
3357,0.2,3,0,0
3358,0.2,3,1,0
3359,1.0,3,1,0
3360,3.4000000000000004,0,1,1
3361,1.0,0,1,1
3362,0.2,3,0,0
3363,1.4,0,1,1
3364,0.2,3,0,0
3365,0.2,3,0,0
3366,0.2,3,1,0
3367,1.4,0,1,1
3368,1.0,0,1,1
3369,0.2,3,0,0
3370,1.0,0,1,1
3371,1.0,0,1,0
3372,1.0,0,1,1
3373,0.2,3,0,0
3374,1.0,0,1,1
3375,1.0,0,1,1
3376,1.0,0,1,1
3377,0.2,0,0,1
3378,1.0,0,1,1
3379,1.0,0,1,1
3380,2.2,0,0,1
3381,2.2,0,0,1
3382,1.0,0,1,1
3383,0.2,3,0,0
3384,0.2,3,0,0
3385,1.0,0,1,1
3386,0.2,0,0,1
3387,1.0,0,1,1
3388,0.6000000000000001,1,1,0
3389,1.0,0,1,1
3390,1.0,0,1,0
3391,0.2,3,0,0
3392,0.2,0,0,1
3393,0.2,0,0,1
3394,1.0,0,1,1
3395,1.0,0,1,1
3396,1.0,0,0,1
3397,3.0,1,1,0
3398,0.2,0,1,0
3399,0.2,3,0,0
3400,1.0,0,1,1
3401,0.2,3,0,0
3402,3.8,0,1,1
3403,1.4,0,1,1
3404,0.2,0,0,1
3405,0.2,3,0,0
3406,0.2,3,0,0
3407,0.2,3,0,1
3408,0.2,3,0,0
3409,1.0,0,1,1
3410,1.0,0,1,0
3411,1.0,0,0,1
3412,0.6000000000000001,0,0,1
3413,1.0,0,1,0
3414,1.0,0,1,0
3415,1.0,0,1,1
3416,1.0,3,1,0
3417,1.0,0,1,1
3418,0.2,3,0,0
3419,1.0,0,1,1
3420,0.2,3,0,0
3421,1.0,0,1,1
3422,1.0,0,1,1
3423,3.8,0,1,0
3424,0.2,3,0,0
3425,1.0,0,1,1
3426,1.0,0,1,1
3427,0.2,3,0,0
3428,3.4000000000000004,1,1,0
3429,1.0,0,1,1
3430,0.2,3,0,0
3431,1.0,0,1,0
3432,2.5999999999999996,1,1,0
3433,1.0,0,1,1
3434,0.2,3,0,0
3435,1.0,0,1,1
3436,1.0,0,1,1
3437,0.2,3,0,0
3438,0.2,3,0,0
3439,0.2,0,0,1
3440,1.0,3,1,0
3441,0.2,3,0,0
3442,2.2,0,0,1
3443,0.2,3,0,0
3444,3.4000000000000004,0,0,1
3445,1.0,0,1,1
3446,0.2,3,0,0
3447,1.0,0,1,1
3448,0.2,3,0,0
3449,1.0,0,1,1
3450,1.0,0,1,1
3451,0.2,3,0,0
3452,1.0,0,1,1
3453,1.0,0,1,1
3454,0.2,3,0,0
3455,0.2,3,0,0
3456,1.8,0,0,1
3457,1.0,0,1,1
3458,3.4000000000000004,0,1,1
3459,1.0,0,1,1
3460,1.0,0,1,1
3461,0.2,0,0,1
3462,1.0,0,1,1
3463,1.0,0,1,1
3464,0.2,3,0,0
3465,0.2,3,0,0
3466,1.0,0,1,1
3467,0.2,3,0,0
3468,1.0,0,0,1
3469,1.0,0,1,1
3470,1.0,3,1,0
3471,0.2,3,0,0
3472,0.2,3,0,0
3473,0.2,3,0,0
3474,1.0,0,1,1
3475,0.2,3,0,0
3476,0.2,3,0,0
3477,1.0,0,1,1
3478,1.0,0,1,0
3479,1.0,0,1,1
3480,1.0,0,1,0
3481,1.0,0,1,1
3482,0.2,3,0,1
3483,0.2,3,0,1
3484,1.0,0,1,1
3485,0.2,3,0,0
3486,0.2,0,1,1
3487,1.0,0,1,0
3488,1.0,0,1,1
3489,1.0,0,1,1
3490,0.2,3,0,0
3491,1.0,0,1,0
3492,1.0,0,1,1
3493,3.0,0,1,1
3494,3.4000000000000004,2,1,0
3495,1.0,0,1,0
3496,1.0,0,1,1
3497,0.2,3,0,0
3498,0.2,0,0,1
3499,0.2,3,0,0
3500,1.0,0,1,1
3501,1.0,0,1,1
3502,1.0,0,1,1
3503,1.0,0,1,1
3504,2.2,0,0,1
3505,1.0,0,1,1
3506,0.2,3,0,0
3507,0.2,3,0,0
3508,1.0,0,1,1
3509,1.0,0,1,1
3510,1.0,0,1,0
3511,1.0,0,1,1
3512,0.2,3,0,0
3513,0.2,3,0,0
3514,3.0,0,0,1
3515,0.2,3,0,0
3516,0.2,3,1,0
3517,1.8,0,1,1
3518,0.2,3,0,0
3519,0.2,3,0,0
3520,0.2,3,0,0
3521,1.4,1,1,0
3522,0.2,3,0,0
3523,0.2,3,1,0
3524,0.2,3,0,0
3525,1.0,0,1,0
3526,1.0,0,1,1
3527,0.2,0,0,1
3528,0.2,3,0,0
3529,1.0,0,1,1
3530,0.6000000000000001,1,1,0
3531,1.0,0,1,1
3532,1.4,0,0,1
3533,0.2,3,0,0
3534,1.4,0,0,1
3535,0.2,3,0,0
3536,0.2,3,0,0
3537,0.2,3,0,0
3538,1.0,3,1,0
3539,1.0,0,1,1
3540,1.0,0,1,1
3541,1.0,0,1,1
3542,0.2,0,1,1
3543,1.0,0,1,1
3544,1.0,0,1,1
3545,0.2,3,0,0
3546,1.0,0,1,1
3547,1.0,0,1,1
3548,1.0,0,1,1
3549,0.2,3,0,0
3550,1.0,0,1,1
3551,0.2,3,0,0
3552,0.2,3,0,0
3553,1.0,0,1,1
3554,0.2,3,0,0
3555,0.2,3,1,0
3556,1.0,0,1,1
3557,0.2,3,0,1
3558,1.0,0,1,1
3559,1.0,0,1,1
3560,2.2,2,1,0
3561,1.0,0,1,1
3562,1.0,0,1,0
3563,0.2,3,0,0
3564,1.0,3,1,0
3565,0.2,3,0,0
3566,0.2,3,0,0
3567,0.2,3,0,0
3568,0.2,3,0,0
3569,0.2,3,0,0
3570,1.0,0,1,0
3571,1.0,0,0,1
3572,0.2,3,0,0
3573,0.2,3,0,0
3574,0.2,3,0,0
3575,0.2,3,1,0
3576,1.0,0,0,1
3577,0.2,3,0,0
3578,1.0,0,1,1
3579,0.2,3,0,0
3580,1.0,0,1,1
3581,0.2,3,0,0
3582,0.2,3,0,0
3583,0.2,3,0,0
3584,1.0,0,1,1
3585,1.0,0,1,1
3586,0.2,3,0,0
3587,0.2,3,0,0
3588,1.0,0,1,1
3589,0.2,3,0,0
3590,1.0,0,1,1
3591,0.2,3,0,0
3592,0.2,3,0,0
3593,0.6000000000000001,0,1,1
3594,1.0,0,1,1
3595,1.0,0,1,1
3596,1.0,0,1,1
3597,1.0,0,1,1
3598,2.5999999999999996,2,1,0
3599,1.0,0,1,1
3600,0.2,3,0,0
3601,1.0,0,1,1
3602,0.2,3,1,0
3603,1.0,0,1,1
3604,2.2,0,1,1
3605,1.0,0,1,1
3606,0.2,0,0,1
3607,0.2,3,0,0
3608,1.0,0,1,1
3609,0.2,3,0,0
3610,0.2,3,1,0
3611,1.0,0,1,1
3612,1.0,0,1,0
3613,1.0,0,1,1
3614,1.0,0,1,1
3615,1.0,0,1,0
3616,0.2,3,0,0
3617,2.2,1,0,0
3618,0.2,0,0,1
3619,1.0,0,1,1
3620,1.0,0,0,1
3621,1.0,0,1,0
3622,0.2,3,1,0
3623,1.0,0,1,1
3624,0.2,3,0,0
3625,0.2,0,0,1
3626,0.2,3,0,0
3627,3.4000000000000004,1,1,0
3628,3.0,0,1,0
3629,1.0,0,1,1
3630,1.0,0,1,1
3631,1.0,0,1,1
3632,1.0,0,1,0
3633,0.2,3,0,0
3634,1.0,0,1,1
3635,1.0,0,1,1
3636,2.2,2,0,0
3637,1.0,0,1,1
3638,0.2,3,0,1
3639,0.2,3,0,0
3640,0.2,3,0,0
3641,1.0,0,0,1
3642,1.0,0,1,1
3643,1.0,0,1,1
3644,0.2,3,0,0
3645,1.0,0,1,1
3646,1.0,0,1,1
3647,1.0,0,0,1
3648,0.2,3,0,0
3649,0.2,3,1,0
3650,0.2,3,0,0
3651,0.2,3,1,0
3652,1.0,3,1,0
3653,1.0,0,1,1
3654,0.2,3,0,0
3655,0.2,3,0,0
3656,0.2,3,0,0
3657,0.2,3,0,0
3658,1.0,0,1,1
3659,1.0,0,1,1
3660,1.0,0,1,1
3661,1.0,0,1,1
3662,0.2,3,1,0
3663,0.2,3,0,0
3664,1.0,0,1,1
3665,1.0,0,1,0
3666,0.2,3,0,0
3667,1.0,0,0,1
3668,0.2,3,0,0
3669,0.2,3,0,0
3670,0.2,3,0,0
3671,1.4,0,0,1
3672,0.2,3,0,0
3673,1.0,0,1,1
3674,0.2,0,0,1
3675,0.2,3,0,0
3676,1.0,0,1,1
3677,1.0,0,1,1
3678,0.2,3,0,0
3679,0.2,3,0,0
3680,0.2,3,0,0
3681,1.0,0,1,1
3682,1.0,0,0,1
3683,0.2,3,0,0
3684,0.2,3,0,0
3685,1.0,0,1,1
3686,1.0,0,1,1
3687,0.2,0,0,0
3688,1.0,0,1,1
3689,1.0,0,0,1
3690,0.2,3,1,0
3691,1.0,0,1,1
3692,0.2,3,0,0
3693,0.6000000000000001,0,1,1
3694,3.4000000000000004,0,1,1
3695,0.2,0,0,1
3696,0.6000000000000001,0,1,1
3697,0.2,3,0,0
3698,1.0,0,1,1
3699,1.0,0,1,1
3700,3.0,2,1,0
3701,1.0,0,1,1
3702,1.0,0,1,1
3703,0.2,3,0,0
3704,0.2,3,0,0
3705,1.0,0,1,1
3706,0.2,3,0,0
3707,1.0,0,1,1
3708,0.2,3,0,1
3709,1.0,0,1,1
3710,0.2,3,0,0
3711,2.5999999999999996,2,1,0
3712,0.2,3,1,0
3713,0.2,3,0,0
3714,3.8,2,1,0
3715,1.0,0,1,1
3716,0.2,3,0,0
3717,0.2,3,0,0
3718,1.0,0,1,1
3719,1.0,0,1,1
3720,0.2,3,0,0
3721,3.0,0,1,0
3722,1.0,0,1,1
3723,0.2,3,0,0
3724,1.0,0,1,1
3725,1.0,0,1,1
3726,1.0,0,1,1
3727,1.0,0,1,1
3728,1.4,2,1,0
3729,1.0,0,1,1
3730,0.2,3,1,0
3731,0.2,3,0,0
3732,1.0,0,1,1
3733,0.2,3,0,0
3734,1.0,0,1,1
3735,1.0,0,1,1
3736,0.2,3,0,0
3737,3.4000000000000004,1,1,0
3738,0.2,3,0,0
3739,0.6000000000000001,1,0,0
3740,1.0,0,1,1
3741,0.2,3,0,0
3742,0.2,3,0,0
3743,0.6000000000000001,0,1,1
3744,0.2,3,0,0
3745,1.0,0,1,1
3746,0.2,3,0,0
3747,1.0,0,1,0
3748,1.0,0,1,1
3749,1.0,0,1,1
3750,0.2,3,0,0
3751,0.2,3,0,0
3752,0.2,3,0,0
3753,0.2,3,0,0
3754,1.0,0,1,1
3755,0.2,3,0,0
3756,0.2,3,0,0
3757,0.2,3,0,0
3758,1.0,0,1,1
3759,0.2,3,0,0
3760,1.0,0,1,1
3761,1.0,0,1,1
3762,0.2,3,0,0
3763,1.0,0,1,1
3764,0.2,3,1,0
3765,1.0,0,1,1
3766,1.0,0,1,1
3767,1.0,0,0,1
3768,1.0,0,1,1
3769,1.0,0,1,1
3770,1.0,0,0,1
3771,1.0,0,1,1
3772,0.2,3,0,0
3773,0.2,3,0,0
3774,1.0,0,1,1
3775,1.0,0,1,1
3776,0.2,3,0,0
3777,0.2,3,0,0
3778,1.0,0,1,0
3779,1.0,0,1,0
3780,0.2,3,0,0
3781,1.0,0,1,0
3782,3.4000000000000004,1,1,0
3783,0.2,3,0,1
3784,1.0,0,1,1
3785,0.2,3,0,0
3786,0.2,3,0,0
3787,0.2,3,0,0
3788,1.8,0,1,1
3789,1.0,0,1,1
3790,1.0,0,1,1
3791,1.8,0,0,1
3792,0.2,3,0,0
3793,0.2,3,0,0
3794,0.2,0,0,1
3795,0.2,3,1,0
3796,1.0,0,1,1
3797,1.0,0,1,1
3798,1.0,0,1,1
3799,1.0,0,1,1
3800,0.2,3,0,0
3801,1.0,0,1,0
3802,0.2,0,0,1
3803,1.0,0,1,1
3804,1.0,0,1,1
3805,1.0,0,0,1
3806,1.0,0,1,1
3807,0.2,3,1,0
3808,1.0,0,1,1
3809,1.0,0,1,1
3810,0.2,3,0,0
3811,1.0,0,1,1
3812,0.2,0,0,0
3813,1.0,0,1,1
3814,1.0,0,1,1
3815,1.0,0,1,0
3816,0.2,3,0,0
3817,1.0,0,1,1
3818,1.0,0,1,1
3819,0.2,3,0,0
3820,1.0,0,1,1
3821,0.2,3,0,0
3822,1.0,0,1,1
3823,1.0,0,1,1
3824,1.0,0,1,1
3825,0.2,3,1,0
3826,1.0,0,1,1
3827,1.0,0,0,1
3828,1.0,0,1,0
3829,0.2,3,1,0
3830,1.0,0,1,1
3831,1.8,0,1,1
3832,2.5999999999999996,0,1,1
3833,0.2,3,0,1
3834,1.4,0,1,1
3835,1.0,0,1,1
3836,0.2,3,0,0
3837,1.0,0,1,1
3838,1.0,0,1,1
3839,0.2,3,0,0
3840,2.2,2,1,0
3841,2.5999999999999996,0,1,1
3842,0.2,0,0,1
3843,1.0,0,1,1
3844,0.2,3,0,0
3845,3.8,0,1,1
3846,0.2,3,0,0
3847,3.8,2,1,0
3848,1.4,0,1,1
3849,3.0,0,0,1
3850,1.8,2,1,0
3851,0.2,0,0,0
3852,1.0,0,1,1
3853,3.4000000000000004,0,1,1
3854,0.2,3,0,0
3855,1.0,0,0,1
3856,1.0,0,1,1
3857,0.6000000000000001,0,1,1
3858,1.0,0,1,1
3859,3.8,0,1,1
3860,0.2,3,0,0
3861,1.0,0,1,1
3862,1.0,0,1,1
3863,0.2,3,1,0
3864,0.2,3,0,0
3865,0.2,3,0,0
3866,0.2,0,0,1
3867,0.2,3,0,0
3868,0.2,3,0,0
3869,0.2,3,0,0
3870,0.2,3,0,0
3871,0.2,3,0,0
3872,0.2,3,0,0
3873,0.2,3,0,0
3874,1.0,0,1,1
3875,1.0,0,0,1
3876,0.2,3,0,0
3877,3.8,0,1,0
3878,0.2,3,0,0
3879,0.2,3,0,0
3880,1.0,0,1,1
3881,1.8,0,1,1
3882,1.0,0,1,1
3883,0.2,3,0,0
3884,1.0,0,1,1
3885,0.2,3,0,1
3886,1.0,0,1,1
3887,1.0,0,1,1
3888,1.0,0,1,1
3889,1.0,0,1,1
3890,1.0,0,1,1
3891,1.0,0,1,1
3892,1.0,0,1,1
3893,1.0,0,1,1
3894,1.0,0,1,0
3895,1.0,0,1,1
3896,0.2,3,0,0
3897,2.2,0,0,1
3898,0.2,3,0,1
3899,1.0,0,1,1
3900,0.2,3,0,0
3901,1.0,0,1,1
3902,0.2,3,0,0
3903,0.2,3,0,0
3904,1.0,0,1,1
3905,1.0,0,1,1
3906,3.4000000000000004,0,1,0
3907,1.0,0,1,1
3908,1.8,0,1,1
3909,0.2,3,0,0
3910,1.0,0,1,1
3911,1.0,0,1,0
3912,1.0,0,1,1
3913,0.2,3,0,0
3914,0.2,3,0,0
3915,1.0,3,1,0
3916,1.0,0,1,1
3917,1.0,0,1,1
3918,0.2,3,0,0
3919,3.0,1,0,0
3920,2.5999999999999996,0,1,1
3921,0.2,3,0,0
3922,3.0,0,0,1
3923,0.2,3,0,0
3924,1.0,0,0,1
3925,1.0,0,1,1
3926,0.6000000000000001,1,1,0
3927,0.6000000000000001,0,1,1
3928,1.0,0,1,1
3929,1.0,0,1,0
3930,1.0,0,1,1
3931,1.0,0,1,0
3932,1.0,0,1,1
3933,0.2,3,0,0
3934,1.0,0,1,1
3935,1.4,0,1,1
3936,1.0,0,1,1
3937,0.2,3,0,0
3938,1.0,0,1,1
3939,1.0,3,1,0
3940,0.2,3,1,0
3941,1.0,0,1,1
3942,3.4000000000000004,0,1,1
3943,0.2,3,0,0
3944,0.2,3,0,0
3945,1.0,0,1,1
3946,0.6000000000000001,0,1,1
3947,0.2,3,1,0
3948,3.0,0,1,0
3949,0.2,3,0,1
3950,1.0,0,1,0
3951,1.0,0,1,1
3952,1.8,1,1,0
3953,1.0,0,1,1
3954,1.0,0,1,1
3955,0.2,3,0,0
3956,1.0,0,1,1
3957,1.0,0,1,1
3958,1.0,0,1,1
3959,1.0,0,1,0
3960,1.0,0,1,1
3961,0.2,3,0,0
3962,3.4000000000000004,2,1,0
3963,3.4000000000000004,0,1,1
3964,1.0,0,1,1
3965,0.2,3,0,1
3966,1.0,0,1,1
3967,0.2,3,0,0
3968,0.2,3,0,0
3969,0.2,3,0,0
3970,0.6000000000000001,2,0,0
3971,0.2,3,0,0
3972,1.0,0,1,1
3973,1.0,0,1,1
3974,0.2,3,0,0
3975,0.2,3,0,0
3976,0.2,3,0,0
3977,0.2,3,0,0
3978,1.0,0,1,1
3979,0.2,3,0,0
3980,3.0,0,1,1
3981,0.2,3,0,0
3982,3.8,1,1,0
3983,1.0,0,1,1
3984,0.2,3,0,0
3985,1.0,0,1,1
3986,2.2,0,1,1
3987,1.0,0,1,1
3988,0.2,3,0,0
3989,1.0,0,1,1
3990,1.0,0,1,1
3991,0.2,3,0,0
3992,1.0,0,1,1
3993,0.2,3,1,0
3994,0.2,3,0,0
3995,0.2,3,0,0
3996,0.2,3,0,0
3997,1.0,0,1,1
3998,1.0,0,1,1
3999,1.0,0,1,1
4000,0.2,3,0,0
4001,0.2,3,0,0
4002,1.0,0,1,1
4003,0.2,3,0,0
4004,0.2,3,0,0
4005,1.0,0,1,1
4006,1.0,0,1,1
4007,0.2,3,0,0
4008,1.4,2,0,0
4009,1.0,0,1,1
4010,1.0,0,0,1
4011,0.2,3,0,0
4012,1.0,0,1,0
4013,0.2,3,0,0
4014,0.2,3,0,0
4015,0.2,3,0,0
4016,1.4,0,0,1
4017,0.2,3,0,0
4018,2.2,0,0,1
4019,1.0,0,1,1
4020,1.0,0,1,1
4021,3.0,0,0,1
4022,1.0,0,1,1
4023,3.4000000000000004,1,1,0
4024,1.0,0,1,1
4025,1.0,0,1,1
4026,1.0,0,1,1
4027,0.2,3,0,0
4028,1.0,0,1,1
4029,1.0,3,1,0
4030,0.2,3,0,0
4031,0.2,3,0,0
4032,0.2,3,0,0
4033,0.6000000000000001,0,1,0
4034,1.8,2,0,0
4035,1.0,0,1,1
4036,1.4,0,1,0
4037,0.2,3,0,0
4038,1.0,0,1,1
4039,1.0,0,1,0
4040,1.0,0,1,1
4041,1.0,0,1,1
4042,1.0,0,1,1
4043,0.2,3,0,0
4044,0.2,3,0,0
4045,1.0,0,1,0
4046,0.2,0,0,1
4047,0.2,3,1,0
4048,0.2,3,0,0
4049,0.2,3,0,0
4050,1.0,0,1,1
4051,0.2,3,0,0
4052,1.0,0,1,1
4053,0.2,3,0,1
4054,0.2,3,0,0
4055,1.4,0,1,0
4056,1.0,0,1,1
4057,1.4,0,0,1
4058,0.2,3,1,1
4059,1.0,0,1,1
4060,1.0,0,1,1
4061,1.0,0,1,1
4062,0.2,3,0,0
4063,1.0,0,1,1
4064,0.2,3,0,0
4065,1.0,0,1,1
4066,2.5999999999999996,0,0,1
4067,1.0,0,1,1
4068,1.0,0,1,1
4069,0.2,3,0,0
4070,2.5999999999999996,2,1,0
4071,1.0,0,1,1
4072,0.2,3,0,0
4073,0.2,3,0,0
4074,1.0,0,0,1
4075,1.0,0,1,1
4076,0.2,3,0,0
4077,0.2,3,0,0
4078,1.0,0,1,1
4079,0.2,0,0,1
4080,0.2,3,0,0
4081,1.0,0,1,1
4082,1.0,0,1,1
4083,0.2,3,0,0
4084,0.2,3,0,0
4085,0.2,3,0,0
4086,1.0,0,1,1
4087,1.0,0,1,1
4088,0.2,3,0,0
4089,1.0,0,1,0
4090,1.0,0,1,1
4091,1.0,0,0,1
4092,1.0,0,1,0
4093,1.0,0,1,1
4094,1.0,0,1,1
4095,1.0,0,1,1
4096,1.0,0,1,1
4097,1.0,0,1,1
4098,1.0,0,1,1
4099,1.0,0,1,1
4100,0.2,3,0,1
4101,0.2,3,1,0
4102,1.0,0,0,1
4103,1.0,0,0,1
4104,1.0,0,1,1
4105,1.0,0,1,1
4106,0.2,3,0,0
4107,0.2,3,0,0
4108,0.2,3,0,0
4109,1.0,0,1,1
4110,1.0,0,1,1
4111,1.0,0,1,1
4112,2.5999999999999996,1,0,0
4113,0.2,3,0,0
4114,0.6000000000000001,0,1,1
4115,1.0,0,1,1
4116,0.2,0,0,1
4117,0.6000000000000001,2,1,0
4118,0.2,3,0,0
4119,0.2,3,0,0
4120,0.2,3,0,0
4121,1.0,0,1,1
4122,0.2,3,0,0
4123,1.0,0,1,1
4124,1.0,0,1,1
4125,0.2,3,0,0
4126,1.0,0,1,1
4127,1.4,0,0,1
4128,1.0,0,1,1
4129,1.0,0,1,1
4130,1.0,0,1,1
4131,0.2,3,0,0
4132,0.6000000000000001,0,1,1
4133,1.0,0,1,1
4134,1.0,0,1,1
4135,1.0,0,1,1
4136,1.0,0,1,1
4137,0.2,3,0,0
4138,1.0,0,1,1
4139,0.2,3,0,0
4140,0.2,3,0,0
4141,2.5999999999999996,0,1,1
4142,0.2,3,0,0
4143,1.0,0,1,1
4144,1.0,0,0,1
4145,1.0,0,1,1
4146,1.0,0,0,0
4147,0.2,3,0,1
4148,1.0,0,1,1
4149,0.2,3,0,0
4150,1.0,0,1,1
4151,0.2,3,0,0
4152,0.2,3,0,0
4153,0.2,3,1,0
4154,0.2,3,0,0
4155,0.2,3,0,0
4156,2.5999999999999996,0,1,0
4157,1.4,0,0,1
4158,1.0,0,1,1
4159,0.2,3,0,0
4160,1.4,0,1,1
4161,0.2,3,0,0
4162,2.2,2,0,0
4163,0.2,3,0,0
4164,1.0,0,1,1
4165,1.0,0,1,1
4166,0.2,3,0,0
4167,1.0,0,1,1
4168,1.0,0,1,1
4169,0.2,3,0,0
4170,1.0,0,1,1
4171,0.2,0,0,1
4172,1.0,0,1,1
4173,0.2,0,0,1
4174,0.2,3,0,0
4175,0.2,3,0,0
4176,0.2,3,0,0
4177,0.2,0,0,1
4178,1.0,0,1,1
4179,2.2,1,0,0
4180,0.2,3,0,0
4181,1.0,0,1,1
4182,1.4,0,0,1
4183,0.2,3,0,0
4184,3.8,0,1,0
4185,0.2,3,0,0
4186,0.2,3,0,0
4187,0.2,3,0,0
4188,1.8,0,1,1
4189,3.4000000000000004,0,1,1
4190,1.0,0,1,1
4191,1.0,0,1,1
4192,1.0,0,1,1
4193,1.0,0,1,1
4194,0.2,3,1,1
4195,1.0,0,1,1
4196,1.0,0,1,1
4197,0.2,3,0,0
4198,1.0,0,1,0
4199,1.0,0,1,1
4200,1.0,0,1,1
4201,1.0,0,1,1
4202,1.0,0,0,1
4203,1.0,0,0,1
4204,1.0,0,1,1
4205,0.2,3,0,0
4206,1.4,1,1,0
4207,0.2,3,0,0
4208,0.6000000000000001,1,0,0
4209,1.0,0,1,1
4210,1.0,0,1,1
4211,0.2,3,0,0
4212,0.2,3,0,0
4213,0.2,3,0,0
4214,1.0,0,1,1
4215,1.0,0,1,1
4216,1.0,0,1,1
4217,1.0,0,1,0
4218,0.2,0,0,1
4219,0.2,3,0,0
4220,0.2,3,0,0
4221,1.0,0,1,1
4222,0.2,3,1,0
4223,1.0,0,1,1
4224,0.2,3,0,0
4225,1.0,0,1,1
4226,1.0,0,1,1
4227,1.0,0,1,1
4228,2.2,0,1,1
4229,1.0,0,1,1
4230,0.2,3,0,0
4231,1.0,0,1,0
4232,1.0,0,1,1
4233,0.2,3,0,0
4234,0.2,3,0,0
4235,0.2,3,0,0
4236,0.2,3,0,0
4237,1.8,0,1,1
4238,1.0,0,1,1
4239,1.0,0,1,1
4240,2.5999999999999996,2,1,0
4241,0.2,3,0,0
4242,3.4000000000000004,0,1,0
4243,0.2,3,0,0
4244,1.0,0,1,0
4245,1.0,0,1,1
4246,1.0,3,1,0
4247,1.0,0,1,1
4248,1.0,0,1,1
4249,1.0,0,1,1
4250,3.4000000000000004,0,1,1
4251,1.0,0,1,1
4252,0.2,3,0,1
4253,1.0,0,1,1
4254,0.2,3,0,0
4255,0.2,0,0,1
4256,1.0,0,1,1
4257,1.0,0,1,1
4258,0.2,3,0,0
4259,1.0,0,1,1
4260,1.0,0,1,1
4261,0.2,3,0,0
4262,1.0,0,1,1
4263,0.2,3,0,0
4264,0.6000000000000001,0,0,1
4265,1.0,0,1,0
4266,1.8,2,0,0
4267,0.2,3,0,0
4268,2.5999999999999996,0,1,1
4269,0.2,3,0,0
4270,0.2,3,0,0
4271,1.0,0,1,1
4272,0.2,3,0,0
4273,1.0,0,1,1
4274,1.0,3,1,0
4275,0.6000000000000001,0,1,1
4276,1.0,0,1,0
4277,0.2,3,0,0
4278,1.0,0,1,1
4279,1.0,0,1,1
4280,1.8,0,1,1
4281,3.8,2,1,0
4282,0.2,3,0,0
4283,0.2,3,0,0
4284,1.0,0,1,0
4285,0.2,0,0,1
4286,1.0,0,1,1
4287,0.2,3,0,0
4288,1.0,0,1,0
4289,0.2,3,0,1
4290,0.2,3,0,0
4291,3.4000000000000004,2,1,0
4292,1.0,0,1,1
4293,1.0,0,1,1
4294,1.0,0,1,1
4295,0.2,0,0,0
4296,0.2,3,0,0
4297,1.0,0,1,1
4298,1.0,3,1,0
4299,1.8,1,0,0
4300,1.0,3,1,1
4301,1.0,0,1,1
4302,1.0,0,1,1
4303,0.2,3,0,0
4304,0.2,3,0,0
4305,1.0,0,1,1
4306,1.0,0,1,1
4307,1.0,0,1,1
4308,1.0,0,1,1
4309,1.0,0,0,1
4310,0.2,3,0,0
4311,0.2,0,0,1
4312,1.4,1,1,0
4313,1.0,0,1,1
4314,0.2,0,0,1
4315,0.2,3,0,0
4316,0.2,3,0,1
4317,1.0,0,0,1
4318,2.2,2,1,0
4319,0.2,3,0,0
4320,0.2,3,0,0
4321,1.0,0,1,1
4322,1.0,0,1,1
4323,1.0,0,1,1
4324,3.0,2,1,0
4325,1.0,0,1,1
4326,1.0,0,1,1
4327,1.0,0,1,1
4328,0.2,3,0,0
4329,0.2,3,0,0
4330,0.6000000000000001,1,1,0
4331,1.0,0,1,1
4332,0.2,0,0,1
4333,0.2,3,0,0
4334,0.2,3,0,0
4335,1.0,0,1,1
4336,1.0,0,0,0
4337,0.2,3,0,0
4338,1.0,0,1,1
4339,2.5999999999999996,2,1,0
4340,1.0,3,0,0
4341,0.2,0,0,0
4342,0.2,3,0,0
4343,1.0,0,1,1
4344,0.2,0,0,0
4345,0.2,3,0,0
4346,0.2,3,0,0
4347,0.2,3,0,0
4348,0.2,3,0,0
4349,1.0,0,1,1
4350,1.0,0,1,0
4351,1.0,0,1,1
4352,0.2,3,0,0
4353,0.2,3,0,0
4354,1.0,0,1,1
4355,1.0,0,1,1
4356,1.0,0,1,1
4357,0.2,3,0,0
4358,1.0,0,1,1
4359,1.0,0,1,1
4360,0.2,3,0,0
4361,1.0,0,1,1
4362,0.2,3,0,0
4363,0.2,3,0,0
4364,1.0,0,1,1
4365,1.0,3,1,0
4366,0.2,3,0,0
4367,1.0,0,1,0
4368,0.2,3,0,0
4369,1.0,0,1,1
4370,1.0,0,1,0
4371,1.0,0,1,0
4372,0.2,0,0,1
4373,0.2,3,0,0
4374,0.2,3,0,0
4375,0.2,3,0,0
4376,1.0,0,1,1
4377,0.2,3,0,0
4378,1.0,0,1,1
4379,0.2,3,0,0
4380,2.2,2,1,0
4381,1.0,0,1,1
4382,0.2,3,0,1
4383,1.0,0,1,1
4384,0.2,0,1,1
4385,0.2,3,0,0
4386,1.0,0,1,1
4387,1.0,0,1,1
4388,1.0,0,1,0
4389,1.0,0,1,0
4390,0.2,3,0,0
4391,1.0,0,1,1
4392,1.0,0,1,0
4393,1.0,0,1,1
4394,0.2,3,0,0
4395,0.2,0,0,1
4396,1.0,0,1,1
4397,1.0,0,1,1
4398,1.0,0,1,1
4399,3.4000000000000004,0,1,1
4400,0.2,3,0,0
4401,0.2,3,0,0
4402,1.8,0,0,1
4403,0.2,3,0,0
4404,1.0,0,1,1
4405,1.0,0,1,1
4406,0.2,3,0,0
4407,3.8,1,1,0
4408,0.2,3,0,0
4409,1.0,0,1,1
4410,0.2,3,0,0
4411,1.0,0,1,1
4412,1.0,0,1,1
4413,0.2,3,0,0
4414,0.2,3,0,0
4415,1.0,0,0,1
4416,0.6000000000000001,0,1,1
4417,0.2,3,1,0
4418,0.2,3,1,0
4419,1.0,0,1,1
4420,1.0,0,1,0
4421,0.2,3,0,1
4422,0.2,3,1,0
4423,0.2,3,0,0
4424,1.0,0,1,1
4425,2.2,0,1,1
4426,2.5999999999999996,2,1,0
4427,0.2,3,0,0
4428,1.0,0,1,1
4429,1.0,0,1,1
4430,1.0,0,1,0
4431,0.2,3,0,0
4432,1.0,0,1,1
4433,0.2,3,0,0
4434,1.0,0,1,1
4435,0.2,3,0,0
4436,1.0,0,1,1
4437,0.2,3,0,0
4438,0.2,3,0,0
4439,2.5999999999999996,0,0,1
4440,3.4000000000000004,0,1,1
4441,1.0,0,0,1
4442,0.2,3,0,0
4443,0.2,3,0,0
4444,1.0,0,1,1
4445,1.4,1,1,0
4446,0.2,3,0,0
4447,1.0,0,1,0
4448,0.2,3,0,0
4449,1.0,0,1,0
4450,1.0,0,1,1
4451,1.0,0,1,1
4452,1.0,0,1,1
4453,0.2,3,0,0
4454,1.0,0,0,1
4455,0.2,3,0,0
4456,2.5999999999999996,0,1,0
4457,2.2,0,0,1
4458,2.5999999999999996,0,1,1
4459,0.6000000000000001,0,1,1
4460,1.0,0,1,1
4461,1.0,0,1,1
4462,0.2,3,0,0
4463,0.2,3,0,0
4464,0.6000000000000001,0,0,1
4465,1.0,0,1,1
4466,1.0,0,1,1
4467,1.4,0,0,1
4468,1.0,0,1,1
4469,2.5999999999999996,0,1,1
4470,0.2,3,0,0
4471,1.0,0,1,0
4472,1.0,0,1,1
4473,1.0,0,1,1
4474,0.2,3,0,0
4475,3.0,0,1,1
4476,0.2,0,0,1
4477,0.2,3,0,0
4478,2.2,0,0,0
4479,0.2,3,0,0
4480,0.2,3,0,0
4481,1.0,0,1,1
4482,3.4000000000000004,2,1,0
4483,0.2,3,0,0
4484,1.8,1,0,0
4485,0.2,3,0,0
4486,0.2,3,0,0
4487,0.2,3,0,0
4488,0.2,3,0,0
4489,1.0,0,1,1
4490,1.0,0,1,1
4491,1.0,0,0,1
4492,1.0,0,1,1
4493,1.0,0,1,1
4494,0.2,3,0,0
4495,0.2,0,0,1
4496,0.6000000000000001,2,1,1
4497,1.0,0,0,1
4498,0.2,3,0,0
4499,1.0,0,1,1
4500,0.2,3,0,0
4501,1.0,0,1,1
4502,0.2,3,0,0
4503,2.5999999999999996,0,1,1
4504,1.0,0,1,1
4505,1.0,0,1,1
4506,1.0,0,1,0
4507,0.2,0,0,1
4508,1.0,0,1,1
4509,0.2,3,0,0
4510,0.2,3,0,0
4511,1.0,0,1,1
4512,0.2,0,0,1
4513,1.8,0,1,0
4514,0.2,3,0,0
4515,1.0,0,1,1
4516,1.0,3,0,0
4517,1.0,0,0,0
4518,0.2,3,0,0
4519,0.2,3,0,0
4520,0.6000000000000001,0,1,1
4521,1.0,0,1,1
4522,1.0,0,1,1
4523,1.0,0,1,1
4524,2.5999999999999996,0,1,1
4525,0.2,3,0,0
4526,1.0,0,1,1
4527,0.2,3,0,0
4528,1.4,0,0,1
4529,1.0,0,1,1
4530,0.2,3,0,0
4531,0.2,3,1,0
4532,0.6000000000000001,2,1,0
4533,0.2,3,0,1
4534,1.0,0,1,1
4535,0.2,3,0,0
4536,0.6000000000000001,1,0,0
4537,0.2,3,0,0
4538,1.0,0,1,1
4539,0.2,3,0,0
4540,1.0,0,1,1
4541,1.0,0,1,1
4542,3.8,0,0,0
4543,0.2,3,0,0
4544,1.0,0,1,1
4545,1.0,0,1,1
4546,0.2,0,0,1
4547,1.0,0,1,1
4548,0.2,3,0,0
4549,0.2,3,0,0
4550,1.0,0,1,0
4551,3.0,0,0,1
4552,1.0,0,1,1
4553,1.0,0,1,1
4554,1.0,0,0,1
4555,3.4000000000000004,0,1,1
4556,3.0,1,1,0
4557,0.6000000000000001,0,1,1
4558,0.2,0,0,1
4559,1.0,0,1,1
4560,0.2,3,0,0
4561,0.2,3,0,1
4562,0.2,3,0,0
4563,0.2,0,0,1
4564,1.0,0,1,1
4565,1.0,0,1,1
4566,0.2,0,0,1
4567,1.0,0,1,1
4568,2.5999999999999996,2,1,0
4569,2.2,2,1,0
4570,0.2,3,0,0
4571,1.0,0,1,1
4572,3.8,2,0,0
4573,1.0,0,1,0
4574,1.0,0,1,1
4575,0.2,3,0,0
4576,0.2,3,1,0
4577,1.0,0,1,1
4578,1.0,0,1,0
4579,0.2,3,0,0
4580,1.0,0,1,0
4581,1.0,0,0,1
4582,0.2,3,0,0
4583,1.0,0,1,1
4584,1.0,0,1,1
4585,1.0,0,1,1
4586,1.0,0,1,1
4587,0.2,3,0,0
4588,1.0,0,1,1
4589,1.0,0,1,1
4590,2.5999999999999996,1,1,0
4591,1.0,0,1,1
4592,1.0,0,1,1
4593,0.2,3,0,0
4594,1.0,0,1,1
4595,1.0,0,1,0
4596,2.2,0,0,1
4597,0.2,0,0,1
4598,0.2,3,0,0
4599,0.2,3,0,0
4600,1.0,0,1,1
4601,0.2,3,0,0
4602,0.2,3,0,0
4603,0.2,0,0,1
4604,1.0,0,1,1
4605,1.0,0,1,1
4606,3.0,0,0,1
4607,0.2,3,0,0
4608,0.2,3,0,0
4609,0.2,3,0,0
4610,1.0,0,1,0
4611,0.2,3,0,0
4612,0.2,3,0,0
4613,0.2,3,0,0
4614,1.0,0,1,1
4615,0.2,3,0,0
4616,0.2,3,0,0
4617,1.0,0,1,0
4618,0.2,3,0,0
4619,3.8,0,0,1
4620,0.2,3,0,1
4621,0.2,3,1,0
4622,0.2,3,0,0
4623,1.0,0,1,1
4624,2.5999999999999996,2,1,0
4625,1.0,0,1,1
4626,0.2,3,0,0
4627,0.2,3,0,0
4628,0.2,3,0,0
4629,0.2,3,0,0
4630,0.2,3,0,0
4631,1.0,0,1,1
4632,1.0,0,1,1
4633,0.2,3,0,0
4634,1.0,0,1,1
4635,0.2,3,0,0
4636,1.0,0,1,1
4637,0.2,3,0,0
4638,1.0,0,1,1
4639,1.0,0,1,1
4640,0.2,3,0,0
4641,1.0,0,0,0
4642,0.2,3,0,0
4643,1.4,0,1,1
4644,1.0,0,1,1
4645,1.0,0,1,1
4646,1.4,0,0,1
4647,2.5999999999999996,0,1,1
4648,0.2,3,0,0
4649,1.0,3,1,0
4650,1.0,0,1,1
4651,0.2,3,0,0
4652,1.0,0,1,0
4653,0.2,3,0,0
4654,0.2,3,0,0
4655,0.2,0,0,1
4656,0.2,3,0,0
4657,0.6000000000000001,1,0,0
4658,0.2,3,0,1
4659,1.4,1,0,0
4660,0.2,3,0,0
4661,0.2,3,0,0
4662,0.2,3,0,0
4663,0.2,3,0,0
4664,1.0,0,1,1
4665,2.2,0,1,0
4666,1.0,0,1,1
4667,0.2,3,1,0
4668,1.0,0,1,1
4669,1.0,0,1,1
4670,0.2,3,0,0
4671,0.2,3,0,0
4672,0.2,3,0,0
4673,0.2,3,0,0
4674,0.2,3,0,0
4675,0.2,3,0,0
4676,0.2,3,0,0
4677,0.2,3,0,0
4678,0.2,3,0,0
4679,1.0,0,1,1
4680,0.2,3,0,0
4681,0.6000000000000001,0,1,1
4682,0.2,3,0,0
4683,0.2,3,0,0
4684,1.0,0,1,1
4685,0.2,3,0,0
4686,1.0,0,1,1
4687,0.2,3,0,0
4688,0.2,3,1,0
4689,1.0,0,1,1
4690,0.2,3,0,0
4691,1.0,0,1,0
4692,1.0,0,1,1
4693,0.2,3,0,0
4694,0.2,0,0,1
4695,0.2,3,0,0
4696,0.2,3,0,0
4697,1.0,0,1,1
4698,1.0,0,1,0
4699,1.0,0,1,1
4700,2.2,1,1,0
4701,0.2,3,0,0
4702,1.0,0,1,0
4703,0.2,3,0,0
4704,0.2,3,0,0
4705,1.0,0,1,1
4706,0.2,3,0,0
4707,1.0,0,1,1
4708,3.8,0,1,1
4709,1.0,0,1,1
4710,1.0,0,1,1
4711,1.0,0,1,1
4712,1.0,0,1,1
4713,1.0,0,1,1
4714,1.0,0,1,1
4715,3.8,0,0,1
4716,1.8,2,0,0
4717,1.0,0,1,1
4718,0.2,3,0,0
4719,1.0,0,1,1
4720,3.4000000000000004,0,1,1
4721,1.4,1,1,0
4722,1.0,0,1,1
4723,0.2,3,0,0
4724,0.2,3,0,0
4725,1.0,0,1,1
4726,1.0,0,1,1
4727,1.0,0,1,1
4728,1.0,0,1,1
4729,2.5999999999999996,0,1,0
4730,1.8,1,1,0
4731,0.2,3,0,0
4732,0.2,0,0,1
4733,1.0,0,1,1
4734,1.0,0,1,1
4735,0.2,3,0,0
4736,1.0,0,1,1
4737,1.0,0,0,1
4738,1.0,0,1,1
4739,0.2,0,0,1
4740,0.2,3,0,0
4741,0.2,3,0,0
4742,1.0,0,1,1
4743,1.0,0,1,1
4744,0.6000000000000001,1,0,0
4745,1.0,0,1,1
4746,1.0,0,1,1
4747,0.2,3,0,0
4748,0.2,3,0,0
4749,0.2,3,0,0
4750,1.0,0,1,1
4751,2.5999999999999996,2,0,0
4752,1.0,0,1,1
4753,0.2,3,0,0
4754,1.0,0,1,1
4755,1.0,0,1,1
4756,1.0,0,1,1
4757,1.0,0,1,1
4758,0.2,3,0,0
4759,0.2,3,0,0
4760,1.0,0,1,1
4761,0.2,3,0,0
4762,1.0,0,1,1
4763,1.0,0,1,1
4764,1.0,0,1,1
4765,0.2,3,0,0
4766,0.2,0,0,1
4767,3.8,0,1,1
4768,0.2,0,0,1
4769,0.2,3,1,0
4770,0.2,0,0,1
4771,1.0,0,1,1
4772,1.0,0,1,1
4773,1.0,0,1,1
4774,1.0,0,1,1
4775,0.2,3,0,0
4776,1.0,0,0,1
4777,1.0,0,1,1
4778,0.6000000000000001,2,1,0
4779,0.2,3,0,1
4780,1.0,0,1,1
4781,0.2,3,0,0
4782,0.2,3,0,0
4783,1.0,0,1,1
4784,1.0,0,1,1
4785,1.8,1,1,0
4786,1.0,0,1,1
4787,1.0,0,1,1
4788,1.0,0,1,1
4789,1.4,2,1,0
4790,0.2,3,0,0
4791,0.2,3,0,0
4792,0.2,3,0,0
4793,1.0,0,1,1
4794,1.0,0,1,1
4795,3.0,2,1,0
4796,0.2,3,0,0
4797,1.0,0,1,1
4798,0.2,3,0,0
4799,0.2,0,0,1
4800,1.0,0,1,1
4801,1.0,0,1,1
4802,0.2,3,1,0
4803,1.0,0,1,1
4804,1.0,0,1,1
4805,3.8,0,1,0
4806,0.2,3,0,0
4807,0.2,0,0,1
4808,1.0,0,1,1
4809,0.2,3,0,0
4810,1.0,0,1,1
4811,1.0,0,1,1
4812,1.0,0,1,1
4813,0.2,0,1,1
4814,1.0,0,1,1
4815,0.2,3,0,0
4816,1.0,0,1,1
4817,1.0,0,1,0
4818,1.0,0,1,1
4819,0.2,3,0,0
4820,1.0,0,1,1
4821,1.0,0,1,1
4822,1.0,0,1,1
4823,0.2,3,0,0
4824,0.2,3,0,0
4825,1.0,0,1,1
4826,1.0,0,1,1
4827,0.2,3,0,1
4828,0.2,3,0,0
4829,1.0,0,1,1
4830,3.8,0,1,1
4831,0.2,3,0,0
4832,1.0,0,1,1
4833,0.2,3,0,0
4834,1.0,0,1,0
4835,1.0,0,1,1
4836,3.4000000000000004,0,1,1
4837,1.0,0,1,0
4838,0.2,3,0,0
4839,0.6000000000000001,0,1,1
4840,1.0,0,1,1
4841,0.6000000000000001,0,1,1
4842,1.0,0,1,0
4843,1.0,0,1,1
4844,1.8,0,1,1
4845,0.2,3,0,1
4846,0.2,0,0,0
4847,1.0,0,1,0
4848,2.5999999999999996,0,1,1
4849,1.0,0,0,1
4850,1.0,3,1,0
4851,0.2,3,0,0
4852,0.2,3,1,0
4853,0.2,3,0,0
4854,1.4,2,1,0
4855,1.0,0,1,1
4856,0.2,3,0,0
4857,1.0,0,1,1
4858,0.2,3,1,0
4859,1.0,0,1,1
4860,1.0,0,1,1
4861,1.0,0,1,1
4862,1.0,0,1,1
4863,0.2,3,0,0
4864,1.0,0,1,1
4865,0.2,3,0,0
4866,1.0,0,1,1
4867,3.8,0,0,1
4868,0.2,3,1,0
4869,1.0,0,1,0
4870,0.2,3,0,0
4871,3.8,0,1,0
4872,0.2,3,0,0
4873,1.0,0,0,1
4874,1.0,0,1,1
4875,1.0,0,1,1
4876,1.0,0,1,1
4877,1.0,0,1,1
4878,0.2,3,0,0
4879,0.2,3,0,0
4880,3.8,2,0,0
4881,0.2,3,0,0
4882,0.2,0,0,1
4883,0.2,3,0,0
4884,1.0,0,1,0
4885,1.0,0,1,1
4886,0.2,3,0,0
4887,0.2,3,0,0
4888,0.2,3,0,0
4889,1.0,0,1,1
4890,1.0,0,1,1
4891,0.2,3,0,0
4892,1.0,0,1,1
4893,2.5999999999999996,0,1,1
4894,1.8,2,1,0
4895,1.0,0,1,1
4896,1.0,0,1,1
4897,1.0,0,1,0
4898,1.0,0,1,0
4899,1.0,0,1,0
4900,3.0,0,1,1
4901,1.0,0,1,1
4902,2.5999999999999996,2,1,0
4903,0.2,3,1,0
4904,1.0,0,1,1
4905,1.0,0,1,1
4906,0.2,3,0,0
4907,0.2,3,0,0
4908,0.2,3,0,0
4909,1.0,0,1,1
4910,1.0,0,1,1
4911,0.2,3,0,0
4912,1.0,0,1,1
4913,0.2,3,0,1
4914,0.6000000000000001,1,0,0
4915,0.6000000000000001,0,0,0
4916,0.2,3,0,0
4917,1.0,0,1,0
4918,1.0,0,1,1
4919,1.0,0,1,1
4920,1.0,0,1,1
4921,1.0,0,1,1
4922,0.2,3,0,0
4923,1.0,0,1,1
4924,3.0,0,0,0
4925,1.0,0,1,1
4926,3.8,0,0,0
4927,1.0,0,1,0
4928,1.0,0,1,1
4929,0.2,3,0,0
4930,1.0,0,1,1
4931,0.2,0,0,0
4932,0.2,3,0,0
4933,0.2,3,0,0
4934,0.2,3,0,0
4935,2.2,1,1,0
4936,1.0,0,1,1
4937,1.0,0,1,1
4938,0.2,0,0,1
4939,1.0,0,1,1
4940,0.2,3,0,0
4941,1.0,0,0,1
4942,1.4,0,1,0
4943,0.2,3,0,0
4944,3.0,2,0,0
4945,1.0,0,1,1
4946,0.2,3,0,0
4947,1.8,0,1,1
4948,0.2,3,0,0
4949,1.0,0,1,1
4950,1.0,0,1,1
4951,0.2,3,0,0
4952,1.0,0,1,1
4953,0.2,3,0,0
4954,1.0,0,1,1
4955,1.0,0,1,0
4956,0.2,0,0,1
4957,1.0,0,0,1
4958,1.0,0,1,1
4959,0.2,3,0,0
4960,0.2,3,0,0
4961,1.0,0,1,1
4962,1.0,0,1,0
4963,1.0,0,1,1
4964,1.0,0,1,1
4965,1.4,1,1,0
4966,0.2,0,0,0
4967,0.2,3,0,0
4968,1.0,0,1,0
4969,1.0,0,1,1
4970,2.5999999999999996,2,1,0
4971,0.2,0,0,0
4972,2.5999999999999996,0,1,1
4973,1.0,0,1,1
4974,1.8,0,1,1
4975,1.0,0,1,1
4976,1.0,0,1,1
4977,1.0,0,1,1
4978,0.6000000000000001,0,0,1
4979,3.4000000000000004,2,0,0
4980,0.2,3,0,0
4981,0.2,3,0,0
4982,1.0,0,1,1
4983,1.0,0,1,1
4984,0.2,3,0,0
4985,0.2,3,0,0
4986,0.2,3,1,0
4987,0.2,0,0,1
4988,1.4,0,1,1
4989,1.0,0,1,1
4990,1.0,0,1,1
4991,0.2,3,0,0
4992,0.2,3,0,0
4993,1.0,0,1,0
4994,1.0,0,1,1
4995,1.0,0,1,1
4996,2.5999999999999996,2,0,0
4997,0.2,3,0,0
4998,0.2,3,0,1
4999,0.2,3,0,0
5000,1.0,0,1,1
5001,0.2,0,0,1
5002,0.2,3,0,0
5003,0.2,0,0,1
5004,0.2,3,0,0
5005,0.2,3,0,0
5006,1.0,0,1,1
5007,1.0,0,1,1
5008,0.2,3,0,0
5009,1.0,0,1,1
5010,3.4000000000000004,1,1,0
5011,0.2,3,0,0
5012,1.0,0,1,0
5013,1.8,0,1,1
5014,0.2,3,0,0
5015,0.2,3,0,0
5016,1.0,0,1,1
5017,0.2,3,0,1
5018,0.2,3,0,0
5019,1.0,0,1,1
5020,0.2,0,0,0
5021,3.8,0,1,1
5022,1.0,0,1,1
5023,3.0,2,0,0
5024,2.2,0,0,0
5025,1.0,0,1,1
5026,1.0,0,1,0
5027,1.0,0,1,1
5028,0.2,3,0,0
5029,1.0,0,1,1
5030,0.2,3,0,0
5031,0.2,3,0,0
5032,1.4,0,0,1
5033,1.0,0,1,1
5034,1.0,0,1,1
5035,1.0,0,1,0
5036,1.4,0,0,1
5037,0.2,0,0,1
5038,1.0,0,1,1
5039,0.2,3,0,0
5040,1.0,0,0,1
5041,1.0,3,1,1
5042,1.0,0,1,1
5043,0.2,3,0,0
5044,0.2,3,0,0
5045,0.2,3,0,0
5046,0.2,3,0,0
5047,1.0,0,1,1
5048,0.2,3,0,0
5049,1.0,0,1,1
5050,0.2,3,0,0
5051,1.0,0,0,1
5052,1.0,0,1,0
5053,0.2,0,0,1
5054,1.0,0,0,1
5055,1.4,1,1,0
5056,0.2,3,0,0
5057,1.0,0,1,1
5058,1.0,0,1,1
5059,0.2,3,0,0
5060,1.0,0,1,1
5061,2.5999999999999996,1,0,0
5062,0.2,3,0,0
5063,1.0,0,1,0
5064,1.0,0,1,1
5065,1.4,0,1,1
5066,1.0,0,0,1
5067,0.2,0,0,1
5068,0.6000000000000001,0,1,1
5069,3.8,1,1,0
5070,0.2,3,0,0
5071,0.2,3,0,1
5072,0.2,3,0,0
5073,0.2,3,0,0
5074,1.0,0,1,1
5075,1.0,0,1,1
5076,1.0,0,1,1
5077,0.2,3,0,0
5078,1.0,0,1,1
5079,0.2,3,0,0
5080,1.0,0,1,1
5081,0.2,3,0,0
5082,1.0,0,1,0
5083,1.0,0,1,0
5084,1.0,0,1,0
5085,2.5999999999999996,0,1,1
5086,1.0,0,1,1
5087,1.4,2,1,0
5088,0.2,3,0,0
5089,1.0,0,1,1
5090,0.2,0,0,1
5091,1.0,0,1,1
5092,0.2,3,0,0
5093,1.0,0,1,1
5094,0.2,3,0,0
5095,0.2,3,0,0
5096,0.2,3,0,0
5097,0.2,3,0,0
5098,1.0,0,1,1
5099,1.0,0,1,1
5100,3.4000000000000004,0,1,1
5101,0.2,3,0,0
5102,0.2,3,0,0
5103,0.2,3,0,0
5104,1.0,0,1,1
5105,0.2,3,0,0
5106,1.0,0,1,1
5107,3.4000000000000004,0,1,1
5108,1.0,0,1,1
5109,1.8,0,1,1
5110,3.4000000000000004,0,1,1
5111,1.0,0,1,1
5112,3.4000000000000004,0,1,1
5113,1.0,0,1,1
5114,1.0,0,1,1
5115,0.2,3,0,0
5116,0.2,3,0,0
5117,1.0,0,1,1
5118,0.2,3,0,0
5119,1.0,0,1,1
5120,0.2,3,0,0
5121,1.0,0,1,1
5122,0.2,3,0,0
5123,1.0,0,1,1
5124,1.0,0,1,0
5125,0.2,3,0,0
5126,0.2,3,0,1
5127,0.2,3,0,0
5128,1.0,0,1,1
5129,2.5999999999999996,2,1,0
5130,0.2,0,0,0
5131,3.0,0,1,1
5132,3.0,0,0,0
5133,0.2,3,0,0
5134,0.2,3,0,0
5135,1.0,0,1,1
5136,1.0,0,1,1
5137,1.0,0,1,1
5138,3.0,1,1,0
5139,1.0,0,1,1
5140,1.0,0,1,1
5141,1.0,0,1,1
5142,1.0,0,1,1
5143,1.0,0,1,1
5144,0.2,3,0,0
5145,0.2,3,0,0
5146,0.2,3,0,0
5147,1.0,0,1,1
5148,0.2,3,0,0
5149,0.2,3,0,0
5150,1.0,0,0,1
5151,0.2,3,0,0
5152,0.2,3,0,0
5153,0.2,3,0,0
5154,0.2,3,0,0
5155,0.2,3,0,1
5156,0.2,3,0,0
5157,1.0,0,1,1
5158,0.2,3,0,0
5159,0.6000000000000001,0,0,1
5160,0.2,3,0,0
5161,1.0,0,1,1
5162,1.8,2,0,0
5163,1.0,0,1,1
5164,1.0,0,1,1
5165,0.2,3,0,0
5166,1.0,0,1,1
5167,3.4000000000000004,0,1,1
5168,0.2,3,0,0
5169,1.8,0,1,0
5170,1.0,0,1,1
5171,1.0,0,1,1
5172,1.0,3,1,0
5173,1.0,0,1,0
5174,0.2,3,0,1
5175,0.2,3,0,1
5176,1.0,0,1,1
5177,0.2,0,0,1
5178,1.0,0,1,1
5179,1.0,0,1,1
5180,0.2,0,0,1
5181,1.0,0,1,1
5182,1.0,0,1,1
5183,1.0,0,1,0
5184,1.0,0,1,0
5185,1.0,0,0,1
5186,1.0,0,1,1
5187,0.2,3,0,0
5188,2.2,0,0,0
5189,0.2,0,0,1
5190,0.2,0,0,0
5191,1.0,0,1,1
5192,0.2,3,0,0
5193,0.2,3,0,0
5194,0.2,3,0,0
5195,1.0,0,1,1
5196,2.5999999999999996,0,1,1
5197,1.0,0,1,1
5198,1.0,0,1,0
5199,0.2,3,0,0
5200,1.0,0,1,1
5201,0.2,3,1,0
5202,0.2,3,0,0
5203,1.0,0,1,1
5204,0.2,3,0,0
5205,3.4000000000000004,2,1,0
5206,0.2,3,0,0
5207,1.0,0,1,1
5208,0.2,0,0,1
5209,0.2,3,0,0
5210,0.2,3,0,0
5211,1.0,0,1,1
5212,1.0,0,1,1
5213,1.4,0,1,1
5214,1.0,0,1,1
5215,0.2,3,0,0
5216,0.2,3,0,0
5217,0.2,3,0,0
5218,0.2,3,0,0
5219,1.0,3,1,0
5220,0.2,3,0,0
5221,0.2,3,0,0
5222,0.2,3,0,0
5223,0.2,3,0,0
5224,1.0,0,1,1
5225,1.0,0,1,1
5226,0.2,3,0,0
5227,0.2,3,0,1
5228,2.2,0,1,1
5229,1.0,0,1,1
5230,1.0,0,0,1
5231,1.0,0,1,1
5232,1.0,3,1,0
5233,1.0,0,1,1
5234,0.2,3,0,0
5235,0.2,3,0,0
5236,1.0,0,1,1
5237,1.0,0,1,0
5238,1.0,0,1,1
5239,2.2,0,0,1
5240,0.2,3,0,0
5241,0.2,3,0,0
5242,1.0,0,1,1
5243,0.2,0,0,1
5244,0.2,3,0,0
5245,1.0,0,1,0
5246,0.2,3,0,0
5247,0.2,3,0,0
5248,1.0,0,1,1
5249,1.0,0,1,1
5250,0.2,3,0,0
5251,1.0,0,1,1
5252,1.0,0,1,1
5253,0.2,0,0,0
5254,1.0,0,1,1
5255,1.0,0,1,1
5256,0.2,3,0,0
5257,0.2,3,0,0
5258,1.0,0,1,1
5259,2.5999999999999996,0,0,1
5260,2.2,0,0,1
5261,1.0,0,1,0
5262,1.0,0,1,1
5263,0.2,3,0,0
5264,0.2,3,0,0
5265,1.0,0,1,1
5266,0.2,0,0,1
5267,2.5999999999999996,1,1,0
5268,0.2,3,0,0
5269,0.2,3,0,0
5270,1.0,0,1,1
5271,0.2,3,0,0
5272,3.4000000000000004,2,0,0
5273,0.2,3,0,0
5274,1.0,0,1,1
5275,0.2,0,0,1
5276,1.8,0,0,0
5277,2.5999999999999996,0,0,1
5278,1.0,0,1,1
5279,0.2,3,1,0
5280,1.0,0,1,1
5281,1.0,0,1,1
5282,1.0,0,1,1
5283,0.2,0,0,1
5284,0.2,3,1,0
5285,0.2,3,0,0
5286,0.2,3,0,0
5287,1.0,0,1,1
5288,0.2,3,0,0
5289,0.2,3,0,0
5290,1.0,0,1,1
5291,1.0,0,1,1
5292,1.0,0,1,0
5293,3.4000000000000004,0,1,1
5294,0.2,3,0,0
5295,0.2,3,0,0
5296,0.2,3,0,0
5297,1.0,0,1,1
5298,0.2,3,0,0
5299,0.2,3,0,0
5300,0.2,3,1,0
5301,1.0,0,1,0
5302,1.0,0,1,1
5303,1.0,0,0,1
5304,0.2,3,0,1
5305,0.2,3,0,0
5306,0.2,3,0,0
5307,0.2,3,0,0
5308,0.2,3,0,0
5309,0.2,3,0,1
5310,1.0,0,1,1
5311,1.0,0,1,0
5312,0.2,3,0,0
5313,0.2,0,0,1
5314,1.0,0,1,1
5315,2.5999999999999996,0,1,1
5316,0.2,3,0,0
5317,0.2,3,0,1
5318,1.0,0,1,0
5319,2.2,1,1,0
5320,1.0,0,1,1
5321,0.2,3,0,0
5322,1.0,0,1,1
5323,1.8,2,0,0
5324,2.5999999999999996,0,1,1
5325,2.2,2,0,0
5326,0.2,3,0,0
5327,0.6000000000000001,1,1,0
5328,1.0,0,1,1
5329,0.2,3,0,0
5330,0.2,3,0,0
5331,1.0,0,1,1
5332,1.0,0,1,1
5333,0.2,3,0,0
5334,1.0,0,1,1
5335,1.0,0,1,1
5336,3.8,2,1,0
5337,0.2,3,0,0
5338,0.2,3,0,0
5339,0.2,3,0,0
5340,1.0,0,1,1
5341,1.0,0,1,1
5342,1.4,1,0,0
5343,0.2,3,0,0
5344,1.0,0,1,0
5345,1.0,0,1,0
5346,0.2,3,0,0
5347,0.2,3,0,0
5348,1.0,0,1,0
5349,0.2,3,0,0
5350,0.2,3,0,0
5351,1.8,0,0,1
5352,1.0,0,1,1
5353,3.4000000000000004,0,1,0
5354,0.2,3,0,0
5355,1.4,0,0,1
5356,0.2,3,0,0
5357,1.0,0,1,0
5358,1.0,0,1,1
5359,0.2,3,0,1
5360,0.2,3,0,0
5361,0.2,3,0,0
5362,0.2,3,0,1
5363,1.0,0,1,1
5364,0.2,3,0,0
5365,3.4000000000000004,0,1,1
5366,1.0,0,1,1
5367,1.0,0,1,1
5368,0.2,3,0,0
5369,2.2,0,1,1
5370,1.0,0,1,1
5371,0.2,3,0,0
5372,0.2,3,0,0
5373,1.0,0,1,1
5374,3.0,0,0,1
5375,1.8,1,1,0
5376,0.2,3,0,0
5377,1.0,0,0,1
5378,0.2,0,1,1
5379,0.2,0,0,1
5380,1.0,0,1,1
5381,0.2,3,0,1
5382,0.2,3,0,0
5383,0.2,3,0,0
5384,0.2,3,0,0
5385,1.0,0,1,1
5386,1.4,0,0,0
5387,1.0,0,1,1
5388,0.2,3,0,0
5389,0.2,3,0,0
5390,0.2,0,0,1
5391,0.2,0,0,1
5392,0.2,3,0,0
5393,0.2,3,0,0
5394,1.0,0,1,1
5395,3.4000000000000004,2,0,0
5396,1.0,0,1,0
5397,3.4000000000000004,2,1,0
5398,1.0,0,1,0
5399,0.2,3,0,0
5400,0.2,3,0,0
5401,0.2,3,0,0
5402,1.0,0,1,1
5403,1.0,0,1,1
5404,1.0,0,1,1
5405,2.2,0,1,1
5406,1.0,0,0,1
5407,1.0,0,1,0
5408,0.2,3,0,0
5409,1.0,0,1,0
5410,3.4000000000000004,2,1,0
5411,0.2,3,0,0
5412,0.2,3,0,0
5413,0.2,3,0,1
5414,3.4000000000000004,0,1,1
5415,0.2,3,0,0
5416,3.4000000000000004,2,1,1
5417,1.0,0,1,1
5418,1.0,0,1,1
5419,1.0,0,1,1
5420,1.0,0,1,1
5421,1.0,0,1,1
5422,0.2,3,0,0
5423,1.0,0,1,1
5424,0.2,3,0,0
5425,0.2,3,0,0
5426,0.2,3,0,0
5427,0.2,3,0,0
5428,1.0,0,1,1
5429,1.0,0,1,1
5430,3.4000000000000004,1,0,0
5431,0.2,3,0,0
5432,0.2,3,0,0
5433,1.4,0,1,1
5434,1.0,0,1,1
5435,0.2,3,0,0
5436,1.0,0,1,1
5437,0.2,3,0,0
5438,1.0,0,1,1
5439,0.2,3,0,0
5440,0.2,3,0,0
5441,0.2,3,0,0
5442,0.2,3,0,0
5443,0.2,3,0,0
5444,0.2,3,0,1
5445,0.6000000000000001,1,0,0
5446,1.0,0,1,1
5447,2.5999999999999996,1,1,0
5448,0.2,3,0,0
5449,1.0,0,1,1
5450,1.0,0,1,1
5451,0.2,0,1,1
5452,1.0,0,1,1
5453,0.2,0,0,1
5454,0.2,3,0,0
5455,1.0,0,1,1
5456,1.0,0,1,1
5457,1.0,0,1,1
5458,0.2,3,0,0
5459,1.0,0,1,1
5460,1.0,0,1,1
5461,1.0,0,1,1
5462,1.0,0,1,1
5463,1.8,0,1,1
5464,1.0,0,1,1
5465,1.4,1,0,0
5466,0.2,3,0,0
5467,0.2,3,0,0
5468,1.8,0,1,1
5469,1.0,0,1,0
5470,0.2,3,0,0
5471,0.2,3,0,0
5472,0.2,3,0,0
5473,1.0,0,0,0
5474,1.0,0,1,1
5475,0.2,3,0,0
5476,0.2,3,0,0
5477,3.8,0,0,1
5478,1.0,0,1,1
5479,0.2,3,0,0
5480,0.2,0,0,1
5481,1.0,3,1,0
5482,0.2,0,0,1
5483,1.0,0,1,1
5484,1.0,0,1,0
5485,0.2,3,0,0
5486,1.0,0,1,1
5487,1.0,0,1,1
5488,2.5999999999999996,0,1,1
5489,1.0,0,1,1
5490,1.0,0,1,1
5491,0.2,3,0,0
5492,0.2,3,0,0
5493,1.0,0,1,0
5494,1.0,0,1,0
5495,0.2,3,0,0
5496,1.4,0,1,0
5497,1.0,0,1,1
5498,0.2,3,0,0
5499,0.2,0,0,1
5500,0.2,3,0,0
5501,0.2,3,0,0
5502,1.0,0,1,1
5503,0.2,3,0,0
5504,0.2,3,0,0
5505,1.0,0,1,0
5506,1.0,0,1,1
5507,0.2,3,0,0
5508,1.0,0,1,1
5509,1.0,0,1,1
5510,2.5999999999999996,0,1,1
5511,0.2,3,0,0
5512,1.0,0,1,1
5513,0.2,3,1,0
5514,1.0,0,1,1
5515,1.0,0,1,1
5516,1.4,0,0,1
5517,0.2,3,0,0
5518,0.2,3,0,0
5519,1.0,0,1,1
5520,3.0,0,1,1
5521,1.0,0,1,1
5522,2.5999999999999996,0,1,1
5523,0.2,3,0,0
5524,0.2,3,1,0
5525,0.2,3,0,0
5526,0.2,0,0,1
5527,1.0,0,1,1
5528,1.4,0,1,1
5529,1.0,0,1,1
5530,1.0,0,1,1
5531,0.2,3,0,0
5532,0.2,3,0,0
5533,3.0,2,0,0
5534,0.2,3,0,0
5535,1.0,0,1,1
5536,2.2,0,0,1
5537,3.8,0,1,1
5538,1.0,0,1,1
5539,0.2,3,0,0
5540,1.4,2,1,0
5541,0.2,0,0,1
5542,0.2,3,0,0
5543,3.0,0,1,1
5544,1.0,0,1,1
5545,0.2,3,0,0
5546,1.4,2,1,0
5547,1.0,0,1,1
5548,0.2,3,0,0
5549,1.0,0,1,1
5550,1.0,0,1,1
5551,3.8,1,1,0
5552,1.0,0,1,1
5553,1.0,0,1,1
5554,1.0,0,1,1
5555,1.0,0,1,1
5556,1.0,0,1,1
5557,1.0,0,1,1
5558,1.0,0,1,1
5559,1.0,0,1,0
5560,1.0,0,1,1
5561,0.2,3,0,0
5562,1.0,0,1,1
5563,0.2,3,0,0
5564,1.0,0,1,1
5565,1.0,0,1,0
5566,1.0,0,1,1
5567,1.0,0,1,1
5568,1.0,0,1,1
5569,1.0,0,1,1
5570,1.0,0,1,1
5571,0.2,3,0,0
5572,1.0,0,1,1
5573,1.0,0,1,1
5574,0.2,0,0,1
5575,0.2,0,0,1
5576,0.2,3,0,0
5577,0.6000000000000001,0,1,1
5578,0.2,0,0,1
5579,0.6000000000000001,0,0,1
5580,1.4,0,1,1
5581,1.0,0,1,1
5582,0.2,3,0,0
5583,3.8,1,1,0
5584,0.2,3,0,0
5585,0.2,3,0,0
5586,0.2,0,0,1
5587,1.0,0,1,1
5588,0.2,3,1,0
5589,1.0,0,0,1
5590,0.2,3,0,0
5591,1.0,0,1,0
5592,0.2,3,0,0
5593,1.0,0,1,1
5594,0.2,3,0,0
5595,0.2,3,0,0
5596,1.0,0,1,1
5597,1.0,3,1,1
5598,1.0,0,1,1
5599,0.2,3,1,0
5600,1.0,0,1,1
5601,0.2,3,0,0
5602,0.2,3,0,0
5603,1.0,0,1,1
5604,1.0,0,1,1
5605,1.4,0,0,1
5606,1.0,0,1,0
5607,0.2,0,0,1
5608,0.2,0,0,1
5609,0.2,3,0,0
5610,0.2,3,0,0
5611,3.8,1,0,0
5612,1.0,0,0,1
5613,1.0,0,1,1
5614,1.0,0,1,1
5615,0.2,3,0,0
5616,3.4000000000000004,0,1,1
5617,1.0,0,1,1
5618,0.2,0,0,1
5619,1.0,0,1,1
5620,1.0,0,0,1
5621,1.0,0,1,1
5622,0.2,3,0,0
5623,1.0,0,1,1
5624,3.8,0,1,1
5625,1.0,0,1,1
5626,1.8,2,1,0
5627,0.2,3,0,0
5628,0.2,0,0,1
5629,1.0,0,1,1
5630,0.2,3,0,0
5631,1.0,0,1,1
5632,1.0,0,1,1
5633,0.2,3,0,0
5634,1.0,0,1,0
5635,0.2,3,0,0
5636,1.4,0,1,1
5637,1.0,0,1,1
5638,1.0,0,1,1
5639,1.0,0,1,1
5640,0.2,3,1,0
5641,1.0,0,1,1
5642,0.2,3,0,0
5643,1.8,0,0,1
5644,0.2,3,0,0
5645,0.2,3,0,0
5646,1.0,0,1,1
5647,1.0,0,1,1
5648,0.2,3,0,0
5649,0.2,3,0,0
5650,1.4,0,0,1
5651,1.8,0,0,1
5652,1.4,2,1,0
5653,0.2,0,0,1
5654,0.2,3,0,0
5655,1.0,0,1,1
5656,2.2,0,0,1
5657,1.0,0,1,1
5658,3.4000000000000004,0,1,1
5659,0.2,3,0,0
5660,1.4,0,1,1
5661,3.8,0,1,1
5662,0.2,3,0,0
5663,1.0,0,1,1
5664,1.0,0,1,1
5665,3.0,0,0,1
5666,1.0,0,1,1
5667,0.2,3,0,1
5668,0.2,3,0,0
5669,1.0,0,1,1
5670,1.4,2,0,0
5671,0.2,3,0,0
5672,0.2,3,0,0
5673,0.2,3,0,0
5674,0.2,3,0,0
5675,0.2,3,0,0
5676,0.6000000000000001,0,1,1
5677,1.0,0,1,1
5678,1.0,0,1,1
5679,3.4000000000000004,1,1,0
5680,1.0,0,1,1
5681,0.2,3,0,0
5682,0.2,3,0,0
5683,1.8,0,0,1
5684,1.0,0,1,1
5685,1.8,0,1,1
5686,0.2,0,0,1
5687,1.0,0,1,0
5688,0.2,3,0,0
5689,0.6000000000000001,0,1,1
5690,1.4,0,1,1
5691,0.2,3,0,0
5692,1.0,0,1,1
5693,1.0,0,1,1
5694,0.2,3,0,0
5695,0.2,3,0,0
5696,0.2,3,0,0
5697,1.0,0,1,1
5698,1.0,0,1,1
5699,1.0,0,1,1
5700,0.2,0,0,1
5701,0.2,3,0,0
5702,1.4,0,1,1
5703,1.0,0,1,1
5704,1.0,0,1,1
5705,1.0,0,1,1
5706,0.2,3,0,1
5707,1.0,0,1,1
5708,1.0,0,1,1
5709,1.0,0,1,1
5710,1.0,0,1,1
5711,1.0,0,1,1
5712,1.0,0,1,1
5713,1.0,0,1,0
5714,1.0,0,1,0
5715,3.8,0,0,1
5716,0.2,3,0,0
5717,3.8,1,1,0
5718,0.2,3,0,0
5719,0.2,3,0,0
5720,1.0,0,1,1
5721,1.4,2,1,0
5722,1.0,0,1,1
5723,0.2,3,0,0
5724,1.8,0,1,1
5725,0.2,3,0,0
5726,0.2,3,0,0
5727,1.4,2,1,0
5728,0.2,3,1,0
5729,1.0,0,1,1
5730,0.2,3,0,0
5731,0.2,3,0,0
5732,1.8,2,0,0
5733,0.2,3,0,0
5734,0.2,3,0,0
5735,1.0,0,1,1
5736,1.0,0,1,0
5737,2.5999999999999996,1,0,0
5738,0.2,3,0,0
5739,0.2,3,0,0
5740,1.0,0,1,1
5741,1.4,2,1,0
5742,0.2,3,0,0
5743,1.0,3,1,0
5744,1.0,0,1,1
5745,1.0,0,1,1
5746,1.0,0,1,1
5747,3.4000000000000004,0,0,1
5748,1.0,3,1,0
5749,1.0,0,1,1
5750,1.0,0,1,1
5751,1.0,0,0,1
5752,0.2,3,0,0
5753,0.2,3,0,0
5754,1.0,0,1,1
5755,0.2,3,0,0
5756,1.0,0,1,1
5757,0.2,3,0,0
5758,1.0,0,1,1
5759,0.2,3,0,1
5760,0.2,3,0,0
5761,0.2,3,0,0
5762,0.2,3,0,0
5763,1.0,0,1,0
5764,0.2,3,0,0
5765,0.2,3,0,0
5766,0.2,3,0,0
5767,0.2,3,0,0
5768,1.0,0,1,1
5769,0.2,3,0,0
5770,0.2,3,0,0
5771,1.0,0,1,1
5772,0.2,0,0,1
5773,1.0,0,1,1
5774,0.2,3,0,0
5775,1.0,0,1,1
5776,1.4,0,1,1
5777,0.2,3,0,0
5778,0.2,3,0,1
5779,0.2,0,0,0
5780,0.2,3,1,0
5781,1.0,0,1,1
5782,1.0,0,1,1
5783,0.2,3,0,0
5784,1.0,0,1,0
5785,0.2,3,0,0
5786,0.2,3,0,1
5787,1.4,0,0,1
5788,0.6000000000000001,0,1,1
5789,0.2,3,0,0
5790,0.2,3,0,0
5791,3.0,0,0,1
5792,1.8,0,1,1
5793,0.2,3,0,0
5794,0.2,3,0,0
5795,3.4000000000000004,0,0,1
5796,1.0,0,1,1
5797,1.0,0,1,0
5798,3.4000000000000004,0,0,1
5799,0.2,3,1,0
5800,1.0,0,1,1
5801,0.2,3,0,0
5802,1.0,0,1,0
5803,0.2,3,0,0
5804,1.0,0,0,1
5805,1.0,0,1,1
5806,0.2,3,0,0
5807,1.0,0,0,1
5808,3.8,2,1,0
5809,1.0,0,1,1
5810,0.2,0,0,1
5811,1.0,0,1,1
5812,0.2,3,0,0
5813,0.2,3,0,0
5814,1.0,0,1,1
5815,0.2,3,0,0
5816,0.2,3,0,0
5817,0.2,3,0,0
5818,1.0,0,0,0
5819,1.0,0,1,1
5820,1.0,0,1,1
5821,1.0,0,1,1
5822,0.2,0,0,1
5823,0.2,3,0,0
5824,1.0,0,1,1
5825,0.2,3,0,0
5826,1.0,0,1,1
5827,1.0,0,1,1
5828,0.2,0,0,1
5829,1.0,0,1,1
5830,3.8,2,1,0
5831,1.0,0,1,1
5832,3.0,0,1,1
5833,0.2,3,0,0
5834,1.0,0,1,0
5835,1.0,0,1,0
5836,1.0,0,1,1
5837,1.0,0,1,1
5838,0.2,3,0,0
5839,1.0,0,1,1
5840,0.2,3,0,0
5841,1.0,0,1,1
5842,1.0,0,1,1
5843,1.0,0,1,1
5844,1.0,0,1,1
5845,0.2,3,0,0
5846,0.2,3,0,0
5847,1.0,0,1,1
5848,0.2,3,0,0
5849,2.2,0,0,1
5850,0.2,3,0,1
5851,0.2,3,0,0
5852,1.0,0,1,1
5853,0.2,3,0,0
5854,1.0,0,0,1
5855,3.4000000000000004,1,0,0
5856,1.0,0,1,1
5857,1.0,0,1,1
5858,1.0,0,1,1
5859,1.0,0,0,1
5860,0.2,3,0,0
5861,1.4,2,1,0
5862,3.8,0,1,1
5863,0.2,0,0,1
5864,1.0,0,1,1
5865,1.0,0,1,1
5866,1.0,0,1,1
5867,1.0,0,1,1
5868,0.2,3,0,0
5869,1.0,0,1,1
5870,2.2,2,0,0
5871,1.0,0,1,1
5872,0.2,3,0,0
5873,1.0,0,1,1
5874,0.2,3,0,0
5875,0.6000000000000001,0,1,1
5876,3.0,0,0,1
5877,0.2,3,0,0
5878,0.2,0,0,1
5879,2.5999999999999996,2,0,0
5880,2.5999999999999996,0,0,0
5881,0.2,3,0,0
5882,1.0,0,1,1
5883,1.0,0,1,1
5884,1.0,0,0,1
5885,1.4,2,1,0
5886,0.2,3,0,0
5887,1.0,0,1,1
5888,1.0,0,1,1
5889,1.0,0,1,1
5890,0.2,3,0,0
5891,1.0,0,1,1
5892,0.2,3,0,0
5893,0.2,3,0,0
5894,0.2,3,0,0
5895,1.0,0,0,1
5896,1.0,0,0,1
5897,0.2,3,0,0
5898,1.0,0,1,1
5899,0.2,0,0,1
5900,1.0,0,1,1
5901,0.2,3,0,0
5902,1.0,0,1,1
5903,1.0,0,0,1
5904,0.2,3,0,0
5905,1.0,0,1,1
5906,0.2,3,0,0
5907,1.0,0,1,1
5908,1.0,0,0,1
5909,0.2,3,0,0
5910,0.2,3,0,0
5911,0.2,3,0,0
5912,1.0,0,1,1
5913,0.2,3,0,0
5914,1.0,0,1,1
5915,0.2,3,0,0
5916,0.2,3,0,0
5917,1.0,0,1,1
5918,0.2,3,0,0
5919,0.2,3,0,0
5920,3.4000000000000004,0,1,1
5921,1.0,0,1,1
5922,1.4,0,1,1
5923,1.0,0,1,0
5924,0.6000000000000001,1,1,0
5925,1.0,0,1,1
5926,1.0,0,1,1
5927,0.2,3,0,0
5928,0.2,3,1,0
5929,0.2,3,0,0
5930,0.2,3,0,0
5931,0.2,3,0,0
5932,0.2,3,1,0
5933,1.0,0,1,1
5934,1.0,0,1,1
5935,0.2,3,0,0
5936,0.2,3,0,0
5937,1.0,0,1,1
5938,0.2,3,0,0
5939,1.0,0,1,1
5940,0.2,3,0,0
5941,1.0,0,1,1
5942,0.2,3,0,0
5943,1.0,0,1,1
5944,1.8,0,1,1
5945,1.0,0,0,1
5946,3.8,0,1,1
5947,1.0,0,1,1
5948,3.0,2,1,0
5949,1.0,0,1,1
5950,1.0,3,1,0
5951,1.0,0,0,1
5952,1.0,0,0,1
5953,1.0,0,1,1
5954,1.0,0,1,1
5955,0.2,3,0,0
5956,0.2,3,0,0
5957,0.2,3,0,0
5958,1.0,0,1,1
5959,0.2,3,0,0
5960,0.2,3,0,0
5961,1.0,0,1,1
5962,0.2,3,0,0
5963,1.0,0,1,1
5964,0.2,3,0,0
5965,0.2,0,0,1
5966,1.0,0,1,1
5967,1.0,0,1,0
5968,1.8,0,0,0
5969,1.0,0,1,1
5970,1.0,0,1,1
5971,0.2,0,0,1
5972,1.0,0,1,1
5973,1.0,0,1,1
5974,0.2,0,0,1
5975,0.2,3,0,0
5976,2.5999999999999996,0,0,1
5977,1.0,0,1,1
5978,0.2,3,0,0
5979,1.0,0,0,0
5980,1.0,0,1,0
5981,1.0,0,1,1
5982,0.2,3,0,0
5983,2.5999999999999996,0,1,1
5984,1.0,0,1,1
5985,0.2,0,0,0
5986,0.2,3,0,0
5987,0.2,0,0,1
5988,1.0,0,1,1
5989,1.0,0,1,1
5990,0.2,0,0,1
5991,1.0,0,1,1
5992,0.2,0,0,1
5993,1.0,0,1,1
5994,1.0,0,1,1
5995,0.6000000000000001,0,1,1
5996,1.0,0,1,1
5997,1.0,0,1,0
5998,1.0,0,1,0
5999,1.0,0,1,1
6000,0.2,3,0,0
6001,1.0,0,1,1
6002,1.0,0,1,1
6003,0.2,3,0,0
6004,3.8,0,1,1
6005,3.0,0,1,1
6006,1.0,0,1,1
6007,0.2,3,0,0
6008,2.5999999999999996,2,1,0
6009,0.2,3,0,0
6010,1.0,0,0,1
6011,0.2,3,0,0
6012,1.0,0,1,0
6013,1.0,0,1,1
6014,1.0,0,1,1
6015,0.2,3,0,0
6016,0.2,3,0,0
6017,1.8,0,1,1
6018,1.0,0,1,1
6019,1.0,0,1,1
6020,3.0,0,1,1
6021,1.0,0,1,1
6022,0.2,3,0,0
6023,1.0,0,1,1
6024,0.2,3,0,0
6025,1.0,0,1,1
6026,1.0,0,1,1
6027,0.2,3,0,0
6028,0.2,3,0,0
6029,0.2,3,0,0
6030,0.2,3,0,0
6031,1.0,0,1,0
6032,1.0,0,1,1
6033,2.5999999999999996,0,1,1
6034,0.2,3,0,0
6035,0.2,3,0,0
6036,0.2,3,0,0
6037,0.2,3,0,0
6038,0.2,3,0,0
6039,0.2,3,0,0
6040,0.2,3,0,0
6041,0.2,3,0,0
6042,1.0,0,1,1
6043,0.6000000000000001,0,1,1
6044,1.0,0,1,1
6045,0.2,3,0,0
6046,1.0,0,1,1
6047,0.2,3,0,0
6048,0.2,3,0,0
6049,1.0,0,1,1
6050,1.4,0,1,1
6051,1.0,0,1,1
6052,1.0,0,1,1
6053,1.0,0,1,1
6054,1.0,0,0,1
6055,1.0,0,1,0
6056,1.0,0,1,1
6057,1.0,0,1,1
6058,1.0,0,1,1
6059,1.0,0,1,1
6060,0.2,3,0,1
6061,1.0,0,1,1
6062,1.0,0,1,1
6063,0.2,3,0,0
6064,0.2,3,0,0
6065,0.2,0,0,1
6066,0.2,3,0,0
6067,0.2,3,0,0
6068,0.2,3,0,0
6069,2.2,1,1,0
6070,1.0,0,1,1
6071,1.0,0,1,0
6072,0.2,3,0,0
6073,0.2,3,0,0
6074,1.0,0,1,1
6075,0.2,3,0,0
6076,0.2,3,0,0
6077,3.8,0,1,1
6078,0.2,3,1,0
6079,1.0,0,1,1
6080,1.0,0,1,1
6081,1.0,0,0,0
6082,1.0,0,1,1
6083,1.0,0,1,0
6084,3.4000000000000004,0,1,1
6085,1.0,0,1,1
6086,1.0,0,1,1
6087,1.0,3,1,0
6088,0.2,3,0,0
6089,0.2,3,0,0
6090,1.8,0,0,1
6091,3.4000000000000004,2,0,0
6092,1.0,0,1,1
6093,1.0,0,1,1
6094,0.2,3,0,1
6095,1.0,0,1,1
6096,0.2,0,0,1
6097,1.0,0,1,1
6098,1.0,0,1,1
6099,1.0,0,1,1
6100,1.0,3,1,0
6101,0.2,3,0,0
6102,0.2,3,0,1
6103,0.2,3,0,1
6104,1.0,0,1,1
6105,1.0,0,0,1
6106,1.0,0,1,1
6107,1.0,0,1,1
6108,1.0,0,1,1
6109,0.2,3,1,0
6110,1.0,0,1,1
6111,0.2,3,0,1
6112,1.0,0,1,1
6113,1.0,0,1,1
6114,2.5999999999999996,0,0,1
6115,1.0,0,1,1
6116,1.0,0,1,1
6117,1.0,0,1,0
6118,3.0,0,1,1
6119,0.2,0,0,0
6120,1.0,0,1,1
6121,1.0,0,1,1
6122,1.0,0,1,1
6123,1.4,2,1,0
6124,1.0,0,1,1
6125,0.2,3,0,0
6126,0.2,3,0,0
6127,0.2,3,0,0
6128,0.2,3,0,0
6129,0.2,3,1,0
6130,1.0,0,1,1
6131,1.0,0,1,1
6132,0.2,3,0,0
6133,0.2,3,0,0
6134,1.0,0,0,1
6135,1.0,0,1,1
6136,1.0,0,1,1
6137,0.2,3,0,0
6138,1.0,0,1,1
6139,0.2,3,0,0
6140,0.2,3,1,0
6141,1.0,0,1,1
6142,3.8,0,0,1
6143,1.0,0,1,0
6144,0.2,3,1,0
6145,0.2,3,0,0
6146,1.0,0,1,1
6147,0.6000000000000001,0,1,1
6148,1.0,0,1,1
6149,0.2,0,0,0
6150,1.0,0,1,0
6151,1.0,0,1,0
6152,0.6000000000000001,0,0,1
6153,0.2,3,0,0
6154,0.2,3,0,0
6155,0.2,3,0,0
6156,1.0,0,1,1
6157,0.2,3,0,0
6158,0.2,0,0,0
6159,1.0,0,1,1
6160,1.4,2,1,0
6161,0.2,3,0,0
6162,1.0,0,1,0
6163,1.0,0,1,1
6164,1.0,0,1,1
6165,3.8,0,1,0
6166,1.0,0,1,1
6167,0.2,0,0,1
6168,0.2,3,0,1
6169,0.2,0,0,1
6170,1.0,0,1,1
6171,0.2,3,0,0
6172,0.2,0,0,1
6173,0.2,3,1,0
6174,1.0,0,1,0
6175,1.4,1,1,0
6176,2.5999999999999996,1,0,0
6177,3.8,0,1,0
6178,1.0,0,1,1
6179,0.2,3,1,0
6180,1.0,0,1,1
6181,1.0,0,1,1
6182,1.0,0,1,1
6183,1.0,0,1,1
6184,0.2,0,0,1
6185,0.2,3,0,0
6186,0.2,3,0,0
6187,1.0,0,1,1
6188,0.2,3,0,0
6189,1.0,0,1,1
6190,1.0,0,1,1
6191,3.0,0,0,1
6192,1.0,0,1,1
6193,0.2,3,0,0
6194,1.0,0,1,1
6195,0.2,3,0,0
6196,1.0,0,1,1
6197,0.2,3,0,0
6198,0.2,3,0,0
6199,1.0,0,1,1
6200,1.0,0,1,1
6201,1.0,0,1,1
6202,1.0,0,1,1
6203,1.0,0,0,1
6204,0.2,3,0,0
6205,1.0,0,1,1
6206,1.0,0,1,0
6207,0.2,3,0,0
6208,0.2,3,0,0
6209,1.0,0,1,1
6210,0.2,3,0,0
6211,1.0,0,1,1
6212,0.2,3,0,0
6213,0.2,3,0,0
6214,0.2,3,0,0
6215,0.2,3,0,1
6216,0.2,3,0,0
6217,1.0,0,1,1
6218,1.0,0,1,1
6219,1.0,0,1,1
6220,0.2,3,0,0
6221,0.2,3,0,0
6222,1.8,0,0,0
6223,0.2,0,1,0
6224,1.0,0,1,1
6225,0.2,3,0,0
6226,0.2,3,0,0
6227,0.2,3,0,0
6228,0.2,3,0,0
6229,3.0,0,0,1
6230,1.0,0,1,1
6231,2.5999999999999996,2,0,0
6232,0.2,3,0,1
6233,1.0,0,1,1
6234,0.2,3,0,0
6235,0.2,3,0,0
6236,0.2,3,0,0
6237,1.8,0,1,1
6238,2.2,0,1,1
6239,1.0,0,0,0
6240,1.4,0,0,1
6241,0.2,3,0,0
6242,3.0,0,1,1
6243,0.2,3,0,0
6244,2.5999999999999996,0,1,1
6245,0.2,3,0,0
6246,1.0,0,1,1
6247,1.0,0,1,1
6248,0.2,3,0,0
6249,1.0,0,1,1
6250,1.0,0,1,1
6251,0.2,3,0,0
6252,1.8,1,0,0
6253,1.0,0,1,1
6254,1.0,0,1,0
6255,2.5999999999999996,2,1,0
6256,1.0,0,1,1
6257,1.0,0,1,1
6258,1.0,0,1,1
6259,0.2,3,0,0
6260,0.2,3,0,0
6261,1.0,0,1,1
6262,1.0,0,1,1
6263,1.0,0,1,1
6264,2.5999999999999996,1,1,0
6265,0.2,3,0,0
6266,1.0,0,1,1
6267,0.2,3,0,0
6268,1.0,0,1,1
6269,1.0,0,1,1
6270,1.0,0,1,1
6271,1.0,0,1,1
6272,0.2,3,0,0
6273,0.2,3,0,0
6274,1.0,0,1,1
6275,1.0,0,1,1
6276,1.0,0,1,1
6277,0.2,0,0,1
6278,0.2,3,0,0
6279,1.0,0,1,1
6280,1.0,0,1,1
6281,1.0,0,1,1
6282,1.0,0,1,1
6283,0.2,0,0,0
6284,0.2,3,0,0
6285,0.6000000000000001,0,1,1
6286,0.2,3,0,1
6287,0.2,3,0,0
6288,1.0,0,1,1
6289,1.0,0,1,1
6290,1.0,0,1,0
6291,0.2,3,0,0
6292,3.8,0,1,1
6293,1.0,0,1,0
6294,0.6000000000000001,1,0,0
6295,0.2,3,0,0
6296,0.2,3,0,0
6297,1.8,0,1,1
6298,3.4000000000000004,0,0,1
6299,0.2,3,0,0
6300,1.0,0,1,1
6301,1.0,0,1,1
6302,0.2,3,0,0
6303,1.0,0,1,1
6304,1.0,0,1,0
6305,0.2,3,0,0
6306,0.2,3,1,0
6307,0.2,3,0,0
6308,0.2,3,0,0
6309,0.2,3,1,0
6310,0.2,3,0,0
6311,1.0,0,1,1
6312,1.0,0,1,1
6313,1.0,0,1,1
6314,3.0,0,1,1
6315,1.0,0,1,1
6316,0.2,3,0,0
6317,1.0,0,1,1
6318,1.0,0,1,1
6319,1.0,0,1,1
6320,1.0,0,1,0
6321,0.2,3,0,0
6322,1.0,0,1,1
6323,1.4,2,1,0
6324,3.0,2,1,0
6325,0.2,3,0,0
6326,0.2,3,0,0
6327,1.0,0,1,1
6328,0.6000000000000001,0,0,1
6329,3.4000000000000004,0,1,1
6330,1.0,0,0,1
6331,1.0,0,1,1
6332,1.0,0,1,1
6333,2.2,0,1,0
6334,0.2,3,0,0
6335,0.2,3,0,0
6336,1.0,0,1,0
6337,0.2,3,0,0
6338,1.0,0,1,1
6339,3.4000000000000004,0,1,1
6340,0.2,3,1,0
6341,0.2,3,0,0
6342,1.0,0,1,1
6343,1.0,0,1,1
6344,3.8,1,1,0
6345,0.2,3,0,0
6346,0.2,3,0,1
6347,1.0,0,1,1
6348,1.0,0,1,1
6349,3.0,2,1,0
6350,1.0,0,1,1
6351,1.0,0,1,1
6352,1.0,0,1,0
6353,1.0,0,1,1
6354,1.0,0,1,0
6355,0.2,3,0,0
6356,0.2,0,0,1
6357,0.2,3,0,0
6358,1.0,0,1,1
6359,1.0,0,1,1
6360,0.2,3,0,0
6361,0.2,3,0,0
6362,1.0,0,1,0
6363,0.2,3,0,0
6364,2.5999999999999996,0,1,1
6365,0.2,3,0,0
6366,1.0,0,1,1
6367,0.2,3,0,0
6368,0.6000000000000001,2,0,0
6369,0.2,3,0,0
6370,1.0,0,1,1
6371,1.4,0,0,0
6372,0.2,0,0,1
6373,1.0,0,1,1
6374,1.0,0,1,1
6375,1.0,0,1,0
6376,0.6000000000000001,0,1,1
6377,0.2,3,0,0
6378,1.0,0,1,1
6379,1.0,0,1,1
6380,1.0,0,1,1
6381,1.0,0,1,1
6382,2.2,1,1,0
6383,1.0,0,1,1
6384,1.0,0,1,1
6385,1.0,0,1,1
6386,0.2,3,0,0
6387,3.8,1,1,0
6388,2.2,1,1,0
6389,1.0,0,1,1
6390,1.0,0,1,1
6391,0.2,0,0,1
6392,0.2,3,1,0
6393,0.2,3,0,0
6394,1.0,0,1,1
6395,3.4000000000000004,2,1,0
6396,0.2,3,0,0
6397,1.0,0,1,1
6398,1.0,0,1,1
6399,2.2,1,1,0
6400,0.2,3,0,0
6401,1.0,0,1,1
6402,1.0,0,1,1
6403,0.2,3,0,1
6404,0.6000000000000001,0,1,1
6405,1.0,0,1,1
6406,1.0,0,1,1
6407,1.0,0,1,1
6408,1.0,0,1,1
6409,0.2,3,0,0
6410,0.6000000000000001,1,1,0
6411,3.0,0,1,1
6412,2.2,1,1,0
6413,1.0,0,1,1
6414,0.2,0,0,1
6415,1.0,0,1,1
6416,0.2,3,0,0
6417,1.0,0,1,1
6418,0.2,3,0,0
6419,0.2,3,0,0
6420,1.0,0,1,1
6421,1.0,0,1,1
6422,0.2,3,0,0
6423,0.2,3,0,0
6424,1.0,0,1,0
6425,0.2,0,0,1
6426,0.2,3,0,0
6427,1.0,0,1,1
6428,1.0,0,1,1
6429,1.0,0,1,1
6430,1.0,0,1,1
6431,1.0,0,1,0
6432,0.2,3,1,0
6433,0.2,3,0,0
6434,0.2,3,0,0
6435,0.2,3,0,0
6436,1.0,0,1,1
6437,1.0,0,1,1
6438,0.2,3,0,0
6439,0.2,3,0,0
6440,1.0,0,1,0
6441,1.0,0,1,0
6442,0.2,3,0,0
6443,0.2,3,0,0
6444,1.0,0,1,1
6445,1.0,0,1,1
6446,1.0,0,1,1
6447,0.2,3,0,1
6448,1.8,0,0,1
6449,0.2,3,0,0
6450,1.0,0,1,1
6451,1.0,0,1,1
6452,1.0,3,1,0
6453,1.0,0,1,1
6454,1.0,0,1,1
6455,1.0,0,1,0
6456,0.2,3,0,0
6457,0.2,3,0,0
6458,1.0,0,1,1
6459,0.2,3,0,0
6460,0.2,3,0,0
6461,1.0,0,1,1
6462,0.2,3,1,1
6463,3.0,1,0,0
6464,1.0,0,1,1
6465,1.0,0,1,1
6466,1.0,0,1,1
6467,0.2,0,0,1
6468,0.2,3,0,0
6469,0.6000000000000001,0,1,1
6470,1.0,0,1,1
6471,1.0,0,1,0
6472,0.2,3,0,0
6473,1.0,0,1,1
6474,0.2,3,0,0
6475,1.0,0,1,1
6476,1.0,0,1,1
6477,1.0,0,1,1
6478,1.0,0,0,1
6479,2.5999999999999996,0,1,1
6480,1.0,0,1,1
6481,0.2,3,0,0
6482,0.2,3,0,0
6483,0.2,3,0,0
6484,0.2,3,1,0
6485,0.2,3,0,0
6486,1.0,0,1,1
6487,2.5999999999999996,1,1,0
6488,1.0,0,1,1
6489,0.2,3,0,0
6490,0.2,3,0,0
6491,0.2,3,0,0
6492,1.0,0,1,1
6493,3.4000000000000004,0,0,1
6494,0.2,3,1,0
6495,0.2,3,0,0
6496,1.0,3,0,1
6497,1.0,0,1,1
6498,0.2,3,0,0
6499,0.2,3,1,0
6500,0.2,3,0,0
6501,1.0,0,1,1
6502,2.2,2,0,0
6503,0.2,3,0,0
6504,0.2,3,0,0
6505,0.6000000000000001,0,1,1
6506,0.2,0,0,1
6507,1.0,0,1,1
6508,2.2,0,1,1
6509,1.0,0,0,1
6510,0.2,3,0,0
6511,0.2,3,0,0
6512,1.0,0,1,1
6513,0.2,3,0,0
6514,0.2,3,0,0
6515,1.0,0,0,1
6516,0.2,3,0,0
6517,1.0,0,0,0
6518,0.2,3,0,0
6519,0.2,3,0,0
6520,0.2,0,0,1
6521,0.2,3,0,0
6522,1.0,0,1,0
6523,0.2,3,0,0
6524,0.2,3,0,0
6525,0.2,3,0,0
6526,2.2,0,1,1
6527,1.8,0,1,1
6528,1.0,0,1,0
6529,1.0,0,1,1
6530,1.8,0,0,1
6531,1.0,0,1,1
6532,0.2,3,0,0
6533,0.2,3,0,0
6534,1.0,0,1,0
6535,1.0,0,1,1
6536,1.0,0,1,1
6537,1.0,0,1,0
6538,1.0,0,1,1
6539,2.5999999999999996,0,1,1
6540,0.2,3,0,0
6541,0.2,3,0,0
6542,1.0,0,1,1
6543,0.2,0,0,1
6544,0.2,3,1,0
6545,1.0,0,1,0
6546,3.0,0,1,1
6547,0.2,0,0,0
6548,3.4000000000000004,0,0,1
6549,1.0,0,1,1
6550,1.0,0,1,1
6551,0.2,3,0,1
6552,1.0,0,1,1
6553,1.0,0,1,0
6554,0.2,0,0,0
6555,1.0,0,1,1
6556,1.0,0,1,1
6557,1.0,0,1,1
6558,0.2,3,0,0
6559,0.2,3,0,0
6560,1.0,0,1,1
6561,1.0,0,1,1
6562,0.2,3,0,0
6563,1.0,0,1,1
6564,1.0,0,1,1
6565,3.8,0,0,1
6566,1.0,0,1,1
6567,0.2,0,0,1
6568,1.0,0,1,1
6569,0.2,3,0,0
6570,1.0,0,1,1
6571,1.0,0,1,1
6572,0.2,3,1,1
6573,1.0,0,1,1
6574,0.2,3,0,0
6575,0.2,0,0,1
6576,1.0,0,1,1
6577,0.2,0,0,0
6578,0.2,3,0,0
6579,1.0,0,1,1
6580,0.2,3,0,0
6581,1.0,0,1,1
6582,1.0,3,1,0
6583,0.2,3,0,0
6584,0.2,3,0,0
6585,1.0,0,1,1
6586,2.2,0,1,1
6587,1.0,0,1,0
6588,1.0,0,1,1
6589,1.0,0,1,1
6590,1.0,0,1,1
6591,1.0,0,0,1
6592,0.2,0,0,0
6593,1.0,0,1,1
6594,0.2,3,0,0
6595,0.2,0,0,1
6596,0.2,3,0,0
6597,1.0,0,0,1
6598,1.4,0,1,1
6599,1.4,0,1,0
6600,2.2,1,0,0
6601,1.0,0,1,1
6602,1.0,0,1,1
6603,0.2,3,0,0
6604,1.0,3,1,0
6605,0.2,3,0,0
6606,1.0,0,1,1
6607,0.2,3,0,0
6608,1.0,0,1,1
6609,1.0,0,1,1
6610,1.0,0,1,1
6611,0.2,3,0,0
6612,1.0,0,1,1
6613,2.2,0,0,1
6614,1.0,0,1,1
6615,3.4000000000000004,0,1,1
6616,1.0,0,1,0
6617,0.2,3,1,0
6618,1.0,0,1,1
6619,0.2,3,0,0
6620,0.2,3,0,0
6621,1.0,0,1,1
6622,1.0,0,1,1
6623,1.0,0,0,1
6624,0.2,3,0,0
6625,1.0,0,0,1
6626,2.2,0,1,1
6627,1.0,0,1,1
6628,1.0,0,1,1
6629,0.2,3,0,0
6630,1.0,0,1,1
6631,0.2,3,0,0
6632,0.2,3,0,0
6633,1.0,0,1,0
6634,1.0,0,1,0
6635,2.2,0,1,1
6636,1.0,0,0,1
6637,1.0,0,1,1
6638,2.5999999999999996,0,1,1
6639,1.0,0,1,1
6640,1.0,0,1,1
6641,1.8,0,1,1
6642,1.0,0,1,1
6643,1.0,0,1,1
6644,0.2,3,0,0
6645,1.0,0,0,1
6646,0.2,3,0,0
6647,0.2,3,0,0
6648,0.2,3,0,0
6649,0.2,3,0,0
6650,0.2,3,0,0
6651,1.0,0,1,1
6652,0.2,3,0,0
6653,1.0,0,1,1
6654,0.2,3,0,0
6655,0.2,3,0,0
6656,1.0,0,1,1
6657,3.4000000000000004,2,1,0
6658,3.8,2,0,0
6659,1.0,0,1,1
6660,0.6000000000000001,0,1,0
6661,0.2,3,0,0
6662,1.0,0,1,1
6663,0.2,3,0,0
6664,3.0,0,1,1
6665,0.2,3,0,0
6666,1.0,0,1,1
6667,1.0,0,1,0
6668,0.2,3,0,0
6669,0.2,3,0,1
6670,0.2,3,1,0
6671,1.0,0,1,1
6672,0.2,3,1,0
6673,1.0,0,1,1
6674,0.2,0,0,0
6675,3.8,0,0,1
6676,1.0,0,1,1
6677,1.0,0,1,1
6678,0.2,3,1,0
6679,0.2,3,0,0
6680,1.0,0,1,0
6681,2.2,0,1,0
6682,0.2,3,0,0
6683,0.2,3,0,0
6684,1.0,0,1,1
6685,1.0,0,1,1
6686,0.2,3,0,0
6687,1.0,0,1,1
6688,0.2,3,0,0
6689,1.0,0,1,1
6690,1.0,0,1,1
6691,0.2,3,1,0
6692,1.0,0,1,1
6693,2.5999999999999996,0,1,1
6694,3.8,0,0,1
6695,1.0,0,1,1
6696,0.2,3,0,0
6697,1.0,0,1,1
6698,0.2,3,0,0
6699,0.2,3,0,0
6700,1.0,0,0,0
6701,1.0,0,1,1
6702,0.2,3,0,0
6703,1.0,0,1,1
6704,0.2,3,0,0
6705,3.0,0,1,1
6706,1.0,0,1,1
6707,1.0,0,1,1
6708,1.0,0,1,1
6709,1.0,0,1,1
6710,0.2,3,0,0
6711,1.0,0,1,1
6712,0.2,3,0,0
6713,1.4,0,0,0
6714,0.2,3,0,0
6715,0.2,0,0,1
6716,0.2,3,0,0
6717,0.2,3,0,0
6718,3.0,0,0,1
6719,1.0,0,1,0
6720,0.2,0,0,1
6721,1.0,0,1,1
6722,0.2,3,0,0
6723,1.0,0,1,1
6724,0.2,3,0,0
6725,1.0,0,1,0
6726,0.2,3,0,0
6727,1.0,0,1,1
6728,0.2,3,1,0
6729,1.0,0,1,1
6730,1.0,0,1,1
6731,2.2,1,1,0
6732,1.0,0,1,1
6733,1.0,0,1,1
6734,1.0,0,1,0
6735,0.2,3,0,0
6736,1.0,0,1,1
6737,1.0,0,1,1
6738,1.0,0,1,1
6739,1.0,0,1,1
6740,0.2,3,0,0
6741,1.0,0,0,1
6742,1.0,0,1,1
6743,0.2,3,0,0
6744,3.8,2,1,0
6745,1.0,0,1,1
6746,1.0,0,1,1
6747,1.0,0,1,1
6748,3.0,0,1,1
6749,0.2,3,0,0
6750,3.4000000000000004,0,1,1
6751,1.0,0,1,1
6752,1.0,0,1,1
6753,0.2,3,0,0
6754,0.2,3,0,0
6755,0.2,3,0,0
6756,3.8,0,0,1
6757,0.2,3,0,0
6758,0.2,3,1,0
6759,1.0,0,1,1
6760,1.0,0,1,1
6761,1.0,0,1,1
6762,0.2,3,0,0
6763,1.0,0,1,1
6764,3.0,2,0,0
6765,1.0,0,1,1
6766,1.0,0,1,1
6767,1.0,0,1,1
6768,0.2,3,0,0
6769,1.0,0,1,1
6770,0.2,3,0,0
6771,2.2,1,1,0
6772,3.8,0,1,1
6773,1.0,0,1,1
6774,1.8,0,1,1
6775,0.2,3,0,0
6776,0.2,3,0,0
6777,3.8,2,1,0
6778,1.0,0,1,1
6779,2.2,0,1,1
6780,1.0,0,1,1
6781,1.0,0,1,1
6782,1.0,0,1,1
6783,1.0,0,1,1
6784,0.2,0,0,1
6785,2.2,0,1,1
6786,0.2,3,1,0
6787,0.2,3,0,1
6788,0.2,3,0,0
6789,0.2,3,0,0
6790,1.0,0,1,1
6791,1.0,0,1,1
6792,1.0,0,1,1
6793,0.2,3,0,0
6794,1.0,0,1,1
6795,0.2,3,1,0
6796,3.0,0,1,0
6797,0.2,3,0,0
6798,0.2,3,0,0
6799,1.0,0,1,1
6800,3.4000000000000004,2,1,0
6801,1.0,0,1,1
6802,0.6000000000000001,0,0,1
6803,1.0,0,0,1
6804,1.0,0,1,0
6805,0.2,3,0,0
6806,1.0,0,1,1
6807,2.2,2,0,0
6808,1.0,0,1,1
6809,0.2,3,0,0
6810,1.0,0,1,1
6811,0.2,3,0,0
6812,1.0,0,1,1
6813,1.0,0,1,0
6814,1.0,0,1,1
6815,1.8,2,1,0
6816,0.2,3,0,0
6817,1.0,0,1,1
6818,0.2,3,0,0
6819,1.0,0,1,1
6820,0.2,3,0,0
6821,0.2,3,0,0
6822,0.2,3,0,0
6823,0.2,3,0,0
6824,0.2,3,0,0
6825,1.0,0,1,1
6826,0.2,3,0,0
6827,0.2,3,0,0
6828,0.2,3,0,0
6829,0.2,3,0,0
6830,1.0,0,1,1
6831,0.2,3,1,0
6832,0.2,3,0,0
6833,0.2,3,1,0
6834,1.0,0,1,1
6835,1.0,0,1,1
6836,1.0,0,1,1
6837,0.2,3,0,0
6838,1.8,0,0,1
6839,1.0,0,1,0
6840,1.0,0,1,1
6841,1.0,0,1,1
6842,1.0,0,1,0
6843,3.4000000000000004,0,0,1
6844,1.0,0,1,1
6845,1.0,0,1,1
6846,0.2,3,1,0
6847,2.5999999999999996,0,1,1
6848,0.2,3,0,0
6849,1.0,0,1,1
6850,0.2,0,0,1
6851,1.0,0,1,1
6852,0.2,3,0,0
6853,1.0,0,1,1
6854,0.2,3,0,0
6855,1.0,0,1,0
6856,1.0,0,1,0
6857,1.8,0,1,0
6858,1.0,0,1,1
6859,0.2,3,0,1
6860,0.2,3,0,0
6861,3.4000000000000004,1,1,0
6862,1.0,0,1,1
6863,1.4,0,1,1
6864,0.2,3,0,0
6865,1.0,0,1,1
6866,0.2,3,0,0
6867,1.0,0,1,1
6868,2.2,2,1,0
6869,1.0,0,1,1
6870,0.2,3,0,0
6871,1.0,0,1,0
6872,2.2,1,1,0
6873,1.0,0,1,0
6874,0.2,3,0,0
6875,1.0,0,1,0
6876,0.2,3,0,0
6877,1.0,0,1,1
6878,2.2,2,0,0
6879,1.0,0,1,1
6880,0.2,3,0,0
6881,1.0,0,1,1
6882,1.0,0,1,1
6883,1.0,0,1,1
6884,1.0,0,1,1
6885,2.2,1,0,0
6886,1.0,0,1,1
6887,0.2,3,0,0
6888,2.2,0,1,1
6889,0.2,3,0,0
6890,0.2,3,0,0
6891,1.0,0,1,1
6892,3.4000000000000004,1,1,0
6893,1.0,0,1,1
6894,1.0,0,1,1
6895,0.2,3,0,0
6896,1.0,0,1,0
6897,0.2,3,0,0
6898,0.2,0,0,1
6899,1.0,0,1,1
6900,1.0,0,1,1
6901,3.8,0,1,1
6902,0.2,0,0,1
6903,2.5999999999999996,2,0,1
6904,1.0,0,1,1
6905,2.2,0,1,0
6906,0.2,3,0,0
6907,0.2,3,1,0
6908,1.8,1,1,0
6909,3.8,1,1,0
6910,0.6000000000000001,0,0,1
6911,0.2,3,0,0
6912,1.0,0,0,1
6913,0.2,3,1,0
6914,1.0,0,1,1
6915,1.0,0,0,1
6916,0.2,3,0,0
6917,0.2,0,0,1
6918,0.2,3,0,0
6919,0.2,3,0,0
6920,0.2,3,1,0
6921,0.2,0,0,1
6922,0.2,3,0,0
6923,0.2,3,0,0
6924,0.2,3,0,0
6925,1.0,0,1,1
6926,0.2,3,0,0
6927,0.2,0,0,1
6928,0.2,3,0,0
6929,0.6000000000000001,0,1,1
6930,0.2,0,0,0
6931,0.2,3,0,0
6932,1.0,0,1,1
6933,0.2,3,0,0
6934,1.0,0,1,1
6935,1.0,0,1,1
6936,1.0,0,1,0
6937,0.6000000000000001,1,1,0
6938,0.2,3,0,0
6939,0.2,3,0,0
6940,1.0,0,1,1
6941,1.0,0,1,1
6942,1.0,0,1,1
6943,0.2,3,0,0
6944,0.2,3,0,0
6945,1.0,0,1,1
6946,3.8,0,0,1
6947,1.0,0,1,1
6948,1.0,0,1,1
6949,0.2,3,0,0
6950,1.0,0,1,1
6951,1.0,0,1,1
6952,1.0,0,1,1
6953,1.0,0,1,1
6954,0.2,3,0,0
6955,1.0,0,1,1
6956,0.6000000000000001,0,1,1
6957,1.0,0,1,1
6958,0.2,3,0,0
6959,1.0,0,1,1
6960,0.2,3,0,0
6961,1.0,0,1,1
6962,1.0,0,0,0
6963,3.4000000000000004,0,0,1
6964,1.0,0,1,1
6965,1.0,0,1,1
6966,1.0,0,1,1
6967,1.0,0,1,1
6968,1.0,0,1,1
6969,0.2,3,0,0
6970,0.2,3,0,0
6971,1.0,0,1,1
6972,1.0,0,1,1
6973,1.8,1,1,0
6974,0.2,3,0,0
6975,1.4,2,1,0
6976,0.2,0,0,0
6977,0.2,3,0,0
6978,0.2,3,0,0
6979,0.2,3,0,0
6980,0.2,3,0,0
6981,0.2,3,0,0
6982,1.0,0,1,1
6983,1.0,0,1,1
6984,1.0,0,1,1
6985,1.0,0,1,1
6986,1.0,0,1,1
6987,0.2,3,0,0
6988,1.0,0,1,1
6989,0.2,3,0,0
6990,1.0,0,1,1
6991,1.0,0,1,0
6992,2.5999999999999996,0,1,1
6993,0.2,3,0,0
6994,1.0,0,1,0
6995,1.0,0,1,1
6996,1.0,3,1,0
6997,0.2,3,0,0
6998,0.2,3,0,0
6999,1.0,0,1,1
7000,1.8,0,0,0
7001,1.0,0,1,1
7002,0.2,3,0,0
7003,1.0,0,1,1
7004,1.0,0,1,1
7005,1.0,0,1,0
7006,3.8,0,1,1
7007,0.6000000000000001,1,0,0
7008,0.2,3,0,1
7009,1.0,0,0,1
7010,1.0,0,1,1
7011,1.8,0,0,1
7012,0.6000000000000001,1,1,0
7013,0.2,3,0,0
7014,0.2,3,0,0
7015,1.0,0,1,1
7016,1.0,0,1,1
7017,0.2,3,0,0
7018,1.0,0,1,1
7019,0.2,3,0,0
7020,1.0,0,0,1
7021,0.2,3,0,0
7022,1.0,0,1,1
7023,0.2,3,0,0
7024,1.0,0,1,1
7025,0.2,0,0,1
7026,0.2,3,0,1
7027,1.0,0,1,1
7028,1.0,0,1,1
7029,0.2,3,1,0
7030,1.0,0,1,1
7031,0.2,3,0,0
7032,1.0,0,1,1
7033,0.2,3,0,1
7034,1.0,0,1,1
7035,1.0,0,1,1
7036,0.2,3,0,0
7037,0.2,3,0,0
7038,0.2,3,0,0
7039,1.0,0,1,1
7040,0.2,3,0,0
7041,1.0,0,1,0
7042,1.0,0,1,1
7043,1.4,1,1,0
7044,0.2,3,0,0
7045,1.4,0,1,0
7046,0.2,0,0,1
7047,0.2,3,0,0
7048,1.0,0,1,0
7049,0.2,3,0,0
7050,0.2,3,0,0
7051,1.0,0,1,1
7052,1.0,0,1,0
7053,1.0,0,1,1
7054,0.2,0,0,1
7055,1.0,0,1,1
7056,1.0,0,0,1
7057,0.2,3,0,0
7058,1.0,0,1,1
7059,1.0,3,1,0
7060,1.0,0,1,1
7061,3.0,2,0,0
7062,1.0,3,1,0
7063,1.8,2,1,0
7064,0.2,3,0,0
7065,2.5999999999999996,0,1,1
7066,1.0,0,1,1
7067,0.2,3,0,0
7068,1.0,0,1,1
7069,0.2,0,0,1
7070,0.2,3,0,1
7071,1.0,0,1,1
7072,0.2,3,0,0
7073,1.0,0,1,1
7074,0.2,0,0,1
7075,1.0,0,1,1
7076,1.0,0,1,1
7077,0.2,3,0,0
7078,1.0,0,1,1
7079,1.4,0,0,1
7080,3.0,0,1,1
7081,0.2,3,0,0
7082,1.0,0,1,0
7083,1.0,0,1,1
7084,0.2,3,0,0
7085,0.6000000000000001,1,1,0
7086,1.0,0,1,0
7087,1.0,0,1,1
7088,0.2,3,0,0
7089,1.0,0,1,1
7090,1.0,0,1,1
7091,1.0,0,1,1
7092,0.2,3,0,0
7093,0.2,3,0,1
7094,0.2,3,0,0
7095,0.2,3,0,1
7096,1.0,0,1,1
7097,0.2,3,0,0
7098,1.8,0,1,1
7099,1.0,0,1,1
7100,0.2,3,0,0
7101,1.0,0,1,1
7102,0.2,3,0,0
7103,0.2,3,0,0
7104,1.0,0,1,1
7105,0.2,3,0,0
7106,1.0,0,1,0
7107,1.0,0,1,1
7108,0.2,0,0,1
7109,2.5999999999999996,0,1,1
7110,0.2,3,0,1
7111,0.2,3,0,0
7112,1.0,0,1,1
7113,1.0,0,1,1
7114,1.0,0,1,1
7115,1.0,0,0,1
7116,0.2,3,0,1
7117,1.0,3,1,1
7118,0.2,0,0,0
7119,1.0,0,1,0
7120,0.2,3,0,0
7121,1.0,0,1,1
7122,0.2,3,0,0
7123,1.0,0,1,1
7124,0.2,3,0,0
7125,0.2,3,0,0
7126,1.0,0,1,1
7127,0.2,3,1,1
7128,1.0,0,1,1
7129,3.4000000000000004,0,0,1
7130,1.0,0,1,1
7131,0.2,3,0,0
7132,1.0,0,1,0
7133,1.0,0,1,1
7134,1.0,0,1,0
7135,0.2,3,0,0
7136,0.2,3,0,0
7137,0.2,3,0,0
7138,0.2,0,0,1
7139,2.5999999999999996,2,0,0
7140,0.2,3,0,0
7141,1.0,0,1,1
7142,1.8,0,0,1
7143,0.2,3,0,0
7144,1.0,0,1,0
7145,1.0,0,0,0
7146,3.0,0,0,1
7147,0.2,3,0,0
7148,1.0,0,0,1
7149,1.0,0,1,1
7150,0.6000000000000001,2,1,0
7151,0.2,3,0,0
7152,1.8,2,0,0
7153,1.0,0,1,0
7154,1.0,0,1,1
7155,0.2,3,1,0
7156,0.2,3,0,0
7157,1.0,0,1,1
7158,1.0,0,1,1
7159,0.2,3,0,0
7160,3.0,2,1,0
7161,0.2,3,0,0
7162,3.0,1,1,0
7163,1.0,0,1,1
7164,1.4,0,1,1
7165,1.0,0,1,0
7166,0.2,0,0,1
7167,1.0,0,1,1
7168,1.0,0,1,1
7169,1.0,0,1,1
7170,0.2,3,0,0
7171,1.0,0,1,0
7172,1.0,0,1,1
7173,1.0,0,1,1
7174,1.0,0,1,1
7175,0.2,3,0,0
7176,2.5999999999999996,2,1,0
7177,1.0,0,1,1
7178,1.0,0,1,1
7179,1.0,0,1,0
7180,0.2,3,0,0
7181,1.0,0,1,1
7182,0.2,3,0,0
7183,0.2,3,0,0
7184,0.2,3,0,0
7185,0.2,3,0,0
7186,1.0,0,0,1
7187,0.2,3,0,0
7188,3.0,2,1,0
7189,1.0,0,1,1
7190,1.4,0,0,1
7191,0.2,3,0,0
7192,0.2,3,0,0
7193,3.0,1,1,0
7194,0.2,3,0,0
7195,0.2,3,0,0
7196,1.0,0,1,1
7197,0.2,3,0,0
7198,2.2,1,0,0
7199,1.0,0,1,1
7200,1.0,0,1,1
7201,1.0,0,1,1
7202,0.2,3,0,0
7203,0.2,3,0,0
7204,1.0,0,1,1
7205,1.0,0,1,1
7206,1.0,0,1,1
7207,1.0,0,1,1
7208,0.2,3,0,0
7209,1.0,0,1,1
7210,1.0,0,1,1
7211,1.0,0,1,1
7212,1.0,0,1,1
7213,1.0,0,1,1
7214,0.2,3,0,0
7215,1.0,0,1,1
7216,0.2,3,0,0
7217,0.2,3,0,0
7218,0.2,3,0,0
7219,0.2,3,0,0
7220,0.2,3,1,0
7221,0.2,3,0,0
7222,0.2,3,0,0
7223,0.6000000000000001,1,1,0
7224,1.0,0,0,1
7225,1.0,0,1,1
7226,0.2,0,0,1
7227,1.0,0,1,1
7228,1.0,0,1,1
7229,1.0,0,0,1
7230,0.6000000000000001,2,1,0
7231,1.4,1,1,0
7232,0.2,3,0,0
7233,0.2,3,0,1
7234,1.0,0,1,1
7235,1.0,0,1,1
7236,0.2,3,0,1
7237,0.2,3,0,0
7238,0.2,3,0,0
7239,1.0,0,1,1
7240,0.2,3,0,0
7241,0.2,3,0,0
7242,1.0,0,1,1
7243,1.0,0,0,1
7244,1.0,0,0,1
7245,0.2,3,0,0
7246,1.0,0,1,1
7247,1.0,0,1,1
7248,1.0,0,1,1
7249,0.2,3,0,0
7250,0.2,3,0,0
7251,1.0,0,1,1
7252,1.0,0,1,1
7253,1.0,0,1,1
7254,3.8,1,0,0
7255,1.0,0,1,0
7256,0.2,3,0,0
7257,0.2,3,0,0
7258,1.0,0,1,1
7259,1.0,0,1,1
7260,1.0,0,1,0
7261,0.2,0,0,1
7262,1.0,0,1,1
7263,1.0,0,1,0
7264,1.0,0,1,1
7265,1.0,0,1,1
7266,3.4000000000000004,0,1,1
7267,1.0,0,1,1
7268,1.0,0,1,1
7269,0.2,3,0,0
7270,1.0,0,1,1
7271,1.0,0,1,1
7272,0.2,3,0,0
7273,1.0,0,1,1
7274,1.0,0,1,1
7275,1.0,0,1,1
7276,1.0,0,1,1
7277,1.0,0,1,1
7278,0.2,3,0,0
7279,1.8,0,0,1
7280,0.2,3,0,0
7281,1.0,0,1,1
7282,0.2,3,0,1
7283,1.8,0,1,1
7284,1.0,0,1,1
7285,0.2,3,0,0
7286,1.0,0,1,1
7287,0.2,3,1,1
7288,2.5999999999999996,2,1,0
7289,1.0,0,1,1
7290,2.5999999999999996,1,0,0
7291,0.2,3,0,0
7292,0.2,3,0,0
7293,3.4000000000000004,0,1,0
7294,0.2,3,0,0
7295,0.2,3,0,0
7296,1.0,0,0,1
7297,1.0,0,1,0
7298,1.0,0,1,1
7299,1.0,0,1,1
7300,1.0,0,1,1
7301,1.0,0,1,1
7302,0.2,3,0,0
7303,1.0,0,1,1
7304,3.8,0,0,1
7305,1.0,0,1,1
7306,0.2,3,0,0
7307,0.2,3,1,1
7308,0.2,3,0,0
7309,0.2,3,0,0
7310,0.2,3,0,0
7311,0.2,3,0,0
7312,0.2,0,0,0
7313,1.8,2,0,1
7314,0.2,3,0,0
7315,0.2,3,0,0
7316,1.0,0,1,1
7317,1.0,0,1,1
7318,0.6000000000000001,0,1,1
7319,2.2,0,0,1
7320,0.2,3,0,0
7321,0.2,3,0,0
7322,0.2,3,0,0
7323,1.4,1,1,0
7324,1.0,0,1,1
7325,0.2,3,0,0
7326,1.0,0,1,1
7327,0.6000000000000001,0,1,1
7328,1.0,0,1,1
7329,0.2,3,0,0
7330,0.2,3,0,0
7331,1.0,0,1,1
7332,1.0,0,1,1
7333,1.0,0,1,1
7334,0.2,3,0,0
7335,1.4,0,0,1
7336,0.2,3,0,0
7337,1.0,0,1,0
7338,2.5999999999999996,0,1,1
7339,1.0,0,1,0
7340,1.0,0,1,1
7341,1.0,0,1,1
7342,1.0,0,1,1
7343,1.0,0,1,1
7344,1.0,0,1,1
7345,1.0,0,1,1
7346,0.2,0,0,1
7347,1.0,0,1,1
7348,1.0,0,1,1
7349,0.2,3,0,0
7350,1.0,0,0,1
7351,1.4,0,1,1
7352,0.2,3,0,0
7353,0.2,3,0,0
7354,1.0,3,1,0
7355,0.2,3,0,0
7356,1.0,0,1,1
7357,0.2,0,0,1
7358,0.2,3,0,0
7359,0.2,3,0,0
7360,1.0,0,1,1
7361,1.0,0,1,0
7362,0.2,3,0,0
7363,1.0,0,1,1
7364,3.8,1,1,0
7365,1.4,2,1,0
7366,1.0,0,1,1
7367,0.2,3,0,0
7368,0.2,3,0,0
7369,1.0,0,1,1
7370,1.0,0,1,1
7371,0.2,3,0,0
7372,3.8,2,1,0
7373,3.8,1,1,0
7374,1.0,0,0,1
7375,1.0,0,1,1
7376,1.0,0,1,0
7377,1.0,0,1,1
7378,1.0,0,1,1
7379,0.2,3,0,0
7380,1.0,0,1,1
7381,0.2,3,0,0
7382,1.0,0,1,1
7383,1.0,0,1,1
7384,1.0,0,1,1
7385,0.2,3,0,0
7386,1.0,0,1,1
7387,1.0,0,1,1
7388,0.2,3,0,0
7389,0.2,3,0,0
7390,1.0,0,1,1
7391,0.6000000000000001,0,1,0
7392,1.0,0,1,1
7393,1.0,0,1,1
7394,0.2,3,0,0
7395,0.2,3,0,0
7396,0.2,3,0,0
7397,0.2,3,0,0
7398,0.2,0,0,1
7399,0.2,0,0,1
7400,1.0,0,1,1
7401,0.6000000000000001,0,0,1
7402,1.0,0,1,1
7403,1.0,0,1,1
7404,1.0,0,0,1
7405,0.2,3,0,0
7406,1.0,0,0,1
7407,1.0,0,1,1
7408,0.2,3,0,1
7409,1.0,0,1,1
7410,0.2,3,0,0
7411,0.2,3,0,0
7412,0.6000000000000001,2,1,0
7413,1.0,0,1,1
7414,0.2,3,0,0
7415,0.2,3,0,0
7416,0.2,3,0,0
7417,2.2,2,0,0
7418,0.2,0,1,1
7419,1.0,0,1,0
7420,0.2,3,0,0
7421,1.0,0,0,1
7422,1.0,0,1,1
7423,0.2,3,0,0
7424,0.2,3,0,0
7425,0.6000000000000001,0,1,1
7426,1.0,0,1,1
7427,1.0,0,0,1
7428,1.0,0,1,1
7429,1.0,0,1,1
7430,0.2,3,0,0
7431,1.0,0,1,1
7432,0.2,3,0,0
7433,1.0,0,1,1
7434,1.0,0,1,1
7435,0.2,3,0,0
7436,1.0,0,1,1
7437,0.2,3,1,0
7438,1.0,0,1,1
7439,0.2,3,0,0
7440,0.2,3,0,0
7441,1.0,0,1,1
7442,1.0,0,1,0
7443,1.0,0,1,1
7444,1.0,0,1,0
7445,1.0,0,1,1
7446,2.5999999999999996,0,0,0
7447,1.0,0,1,1
7448,1.0,0,1,1
7449,0.2,3,1,0
7450,1.0,0,1,1
7451,3.8,0,1,1
7452,1.0,0,1,1
7453,1.0,0,1,0
7454,1.0,0,1,1
7455,1.0,0,1,1
7456,0.2,3,0,0
7457,1.8,0,1,1
7458,0.2,3,1,1
7459,1.0,0,1,1
7460,0.2,3,0,0
7461,0.2,3,0,0
7462,0.2,3,0,0
7463,1.0,0,1,1
7464,1.0,0,1,0
7465,1.0,0,1,1
7466,1.0,0,1,1
7467,0.2,3,0,0
7468,2.5999999999999996,1,1,0
7469,0.2,3,0,0
7470,0.2,3,0,0
7471,1.0,0,1,1
7472,1.0,0,1,1
7473,0.2,3,0,0
7474,1.0,0,1,1
7475,1.0,0,1,0
7476,3.0,0,0,1
7477,1.0,0,1,0
7478,0.2,3,0,1
7479,1.0,0,1,1
7480,0.2,3,0,0
7481,0.2,3,0,0
7482,1.0,0,1,1
7483,1.0,0,1,1
7484,1.0,0,1,1
7485,1.0,0,1,1
7486,1.0,0,1,1
7487,0.2,3,0,0
7488,1.0,0,1,1
7489,1.0,0,1,1
7490,1.0,0,1,1
7491,1.0,0,1,0
7492,0.2,3,0,0
7493,0.2,3,0,0
7494,0.2,3,0,0
7495,3.4000000000000004,0,1,1
7496,1.0,0,1,1
7497,0.2,0,1,1
7498,3.4000000000000004,0,1,1
7499,0.2,3,0,0
7500,1.0,0,1,0
7501,0.2,3,0,0
7502,1.0,0,1,0
7503,0.2,3,0,0
7504,0.2,3,0,0
7505,1.0,0,0,1
7506,1.0,0,1,1
7507,0.2,3,0,0
7508,1.0,0,1,1
7509,0.2,3,0,0
7510,0.2,3,0,0
7511,1.4,0,1,1
7512,0.2,3,0,0
7513,0.2,3,0,0
7514,0.2,3,0,0
7515,0.2,3,0,0
7516,1.0,0,1,1
7517,1.0,0,1,1
7518,1.0,0,1,1
7519,0.2,3,0,0
7520,2.2,2,1,0
7521,1.0,3,1,0
7522,1.4,0,1,1
7523,1.0,0,1,1
7524,1.0,0,1,1
7525,0.2,3,0,0
7526,1.0,0,1,1
7527,1.0,0,1,0
7528,1.0,0,1,1
7529,1.0,0,1,1
7530,1.0,0,1,1
7531,1.0,0,1,1
7532,1.0,0,1,1
7533,1.0,0,1,1
7534,1.0,0,1,0
7535,0.2,0,0,1
7536,1.0,0,1,1
7537,0.2,3,0,0
7538,0.2,3,0,0
7539,0.2,3,1,0
7540,1.0,0,1,1
7541,1.0,0,1,1
7542,1.0,0,1,1
7543,0.2,3,0,0
7544,0.2,3,0,0
7545,0.2,3,0,0
7546,0.2,3,1,0
7547,0.2,3,0,0
7548,1.0,0,1,1
7549,0.2,3,0,0
7550,0.2,3,0,0
7551,1.0,0,1,1
7552,1.0,0,1,1
7553,1.0,0,1,1
7554,0.6000000000000001,0,0,1
7555,1.0,0,1,1
7556,1.0,0,1,0
7557,1.0,0,1,1
7558,0.2,3,0,0
7559,1.0,0,1,1
7560,1.0,0,1,1
7561,0.2,3,0,0
7562,1.0,0,1,1
7563,1.0,0,1,1
7564,1.0,0,1,1
7565,1.0,0,1,1
7566,1.0,0,1,0
7567,1.0,0,1,1
7568,1.0,0,1,1
7569,0.2,3,0,0
7570,1.0,0,1,1
7571,1.4,0,1,1
7572,1.0,0,1,1
7573,1.0,0,1,1
7574,0.2,3,0,0
7575,1.0,0,1,0
7576,0.2,3,0,0
7577,0.2,3,0,0
7578,1.0,0,1,0
7579,0.2,3,0,0
7580,1.0,0,1,1
7581,0.2,3,0,0
7582,3.4000000000000004,0,1,0
7583,0.2,3,0,0
7584,0.2,3,0,0
7585,3.4000000000000004,1,1,0
7586,1.0,0,1,1
7587,1.0,0,0,1
7588,1.0,0,1,1
7589,1.0,0,0,1
7590,0.2,3,0,1
7591,1.0,0,1,1
7592,0.2,3,0,0
7593,3.8,0,1,1
7594,0.2,3,0,0
7595,1.0,0,1,1
7596,0.2,3,0,0
7597,1.0,0,1,1
7598,3.8,1,0,0
7599,1.0,3,1,0
7600,0.2,0,1,1
7601,1.0,0,1,1
7602,0.2,0,1,1
7603,0.2,3,0,0
7604,0.2,3,1,0
7605,1.0,0,1,1
7606,0.2,3,0,0
7607,1.0,0,1,1
7608,1.0,0,1,1
7609,0.2,3,0,0
7610,1.0,0,1,1
7611,0.2,3,0,0
7612,1.0,0,1,1
7613,0.2,0,0,1
7614,0.2,3,0,0
7615,1.0,0,1,0
7616,0.2,3,0,0
7617,0.2,3,0,0
7618,1.0,0,1,0
7619,1.0,0,1,1
7620,0.2,3,1,0
7621,1.0,0,1,1
7622,0.6000000000000001,1,1,0
7623,0.2,3,0,0
7624,1.0,0,1,1
7625,0.2,3,0,0
7626,3.0,0,0,1
7627,0.2,3,0,1
7628,2.2,0,1,1
7629,0.2,3,0,0
7630,0.2,3,0,0
7631,1.0,0,1,1
7632,0.2,3,0,0
7633,0.2,3,0,0
7634,1.0,0,1,1
7635,0.2,3,1,0
7636,1.0,0,1,1
7637,0.2,3,0,0
7638,0.2,3,0,0
7639,1.0,0,1,1
7640,2.5999999999999996,1,1,0
7641,1.0,0,1,1
7642,0.2,3,0,0
7643,0.2,3,0,0
7644,0.2,3,0,0
7645,0.2,3,1,0
7646,0.2,3,0,0
7647,1.0,0,1,1
7648,0.2,3,0,1
7649,2.2,0,1,1
7650,0.2,3,0,0
7651,0.2,3,0,0
7652,1.0,0,1,1
7653,0.2,0,0,1
7654,1.0,0,1,1
7655,0.2,3,0,0
7656,1.0,0,1,1
7657,3.4000000000000004,0,0,1
7658,3.4000000000000004,1,0,0
7659,1.0,0,1,1
7660,0.2,3,0,0
7661,1.8,0,0,1
7662,3.4000000000000004,2,0,0
7663,1.0,0,1,0
7664,1.8,0,1,1
7665,1.0,0,1,1
7666,0.2,0,0,1
7667,0.2,3,0,0
7668,1.0,0,1,1
7669,0.2,3,0,0
7670,1.0,0,1,1
7671,1.0,0,1,1
7672,1.4,0,1,1
7673,1.0,0,1,1
7674,1.0,0,0,1
7675,0.2,3,0,0
7676,0.2,3,0,0
7677,0.6000000000000001,0,1,1
7678,2.5999999999999996,0,1,1
7679,1.0,0,1,1
7680,1.0,0,1,1
7681,0.2,3,0,1
7682,1.0,0,1,1
7683,1.0,0,1,1
7684,0.2,3,1,0
7685,0.2,3,0,0
7686,1.0,0,1,1
7687,0.2,3,0,0
7688,0.2,3,0,0
7689,1.0,0,1,0
7690,0.2,3,0,0
7691,2.5999999999999996,0,0,1
7692,0.2,3,0,0
7693,0.2,3,0,0
7694,1.0,0,1,1
7695,0.2,3,1,0
7696,0.2,3,0,0
7697,1.0,0,1,1
7698,1.0,0,1,0
7699,0.2,3,0,0
7700,3.4000000000000004,1,0,0
7701,0.2,3,0,0
7702,1.0,0,1,1
7703,0.2,3,0,1
7704,0.2,3,1,0
7705,1.0,0,1,1
7706,0.2,3,0,0
7707,0.2,3,0,0
7708,1.0,0,1,1
7709,1.0,0,1,1
7710,0.2,3,1,0
7711,1.0,0,1,1
7712,0.2,3,0,0
7713,0.2,0,0,0
7714,1.0,0,1,1
7715,0.2,0,1,1
7716,0.2,3,0,0
7717,1.0,0,1,1
7718,0.2,3,0,0
7719,1.0,0,1,1
7720,1.0,0,1,1
7721,1.0,0,1,0
7722,0.2,3,0,0
7723,0.2,3,0,0
7724,1.0,0,0,1
7725,3.8,0,0,1
7726,0.2,3,0,0
7727,1.0,0,1,1
7728,0.2,3,0,0
7729,1.0,0,1,1
7730,1.0,0,1,0
7731,0.2,3,0,0
7732,1.0,0,1,1
7733,3.8,0,0,0
7734,1.0,0,1,1
7735,0.2,0,0,1
7736,1.0,0,1,1
7737,1.0,0,1,1
7738,0.2,3,0,0
7739,0.2,3,0,0
7740,2.5999999999999996,0,1,1
7741,0.2,3,0,0
7742,1.0,0,1,1
7743,1.0,0,1,1
7744,0.2,3,0,0
7745,1.4,1,0,0
7746,1.0,0,1,0
7747,1.0,0,1,1
7748,1.0,0,1,1
7749,0.2,3,0,0
7750,1.0,0,1,1
7751,0.2,3,0,0
7752,0.2,3,0,0
7753,1.0,0,1,1
7754,0.2,3,0,0
7755,0.2,3,0,0
7756,0.2,3,0,0
7757,1.0,0,1,1
7758,1.0,0,1,1
7759,0.2,3,0,0
7760,0.2,3,0,0
7761,1.0,0,1,1
7762,1.0,0,1,1
7763,1.0,0,1,1
7764,1.0,0,1,1
7765,0.2,3,0,0
7766,0.2,3,0,0
7767,0.2,0,0,1
7768,1.0,0,1,0
7769,1.0,0,1,0
7770,1.0,0,1,0
7771,1.0,0,1,1
7772,2.5999999999999996,0,0,0
7773,0.2,3,0,0
7774,3.0,2,1,0
7775,1.0,0,1,1
7776,1.0,0,1,1
7777,0.2,3,0,0
7778,0.2,3,0,0
7779,1.0,0,1,1
7780,0.2,3,0,0
7781,1.0,0,1,0
7782,0.2,3,0,0
7783,2.5999999999999996,0,1,1
7784,1.0,0,1,1
7785,1.0,0,1,1
7786,1.0,0,0,1
7787,1.0,0,1,0
7788,1.0,0,1,1
7789,1.0,0,1,1
7790,1.0,0,1,1
7791,0.2,3,0,0
7792,1.0,0,1,1
7793,1.0,0,0,1
7794,0.2,3,0,0
7795,0.2,3,1,0
7796,0.2,3,1,0
7797,3.0,1,1,0
7798,1.0,0,1,0
7799,0.2,3,0,0
7800,1.0,0,1,0
7801,0.2,3,0,0
7802,0.2,0,0,1
7803,0.2,3,0,0
7804,1.4,2,0,0
7805,1.0,0,1,1
7806,0.2,3,1,0
7807,1.0,0,1,1
7808,0.2,3,0,0
7809,1.0,0,1,1
7810,1.0,0,1,1
7811,1.0,0,1,0
7812,0.2,3,0,0
7813,1.0,0,1,1
7814,0.2,3,0,0
7815,3.0,0,1,1
7816,1.8,0,0,1
7817,2.2,0,0,1
7818,1.4,2,1,0
7819,1.0,0,1,1
7820,1.0,0,0,1
7821,0.2,3,0,1
7822,0.2,3,0,0
7823,0.2,3,0,0
7824,1.0,0,1,0
7825,1.0,0,1,1
7826,0.2,3,0,0
7827,2.2,1,1,0
7828,0.2,3,0,0
7829,1.0,0,1,1
7830,0.2,3,0,0
7831,1.0,0,1,1
7832,1.8,0,1,1
7833,1.0,0,1,0
7834,1.0,0,1,1
7835,1.0,0,1,1
7836,1.0,0,1,1
7837,1.0,0,1,1
7838,1.8,0,1,1
7839,0.2,0,0,0
7840,0.2,3,0,0
7841,0.2,3,0,0
7842,0.2,3,0,0
7843,1.0,0,1,1
7844,0.2,3,0,1
7845,1.0,0,1,1
7846,3.4000000000000004,0,1,1
7847,1.0,0,1,1
7848,1.0,0,0,1
7849,0.6000000000000001,0,1,1
7850,0.2,3,0,0
7851,1.0,0,1,1
7852,0.2,0,1,1
7853,1.0,0,0,1
7854,0.2,0,0,1
7855,3.0,0,0,1
7856,1.0,0,1,1
7857,0.2,3,0,0
7858,0.2,3,0,0
7859,1.0,0,1,0
7860,0.2,3,0,0
7861,0.2,3,0,0
7862,0.2,3,0,0
7863,1.0,0,0,1
7864,1.0,0,1,1
7865,1.0,0,1,1
7866,1.0,0,1,0
7867,0.2,3,0,0
7868,0.2,3,0,0
7869,1.0,0,1,1
7870,1.0,0,1,1
7871,1.8,0,1,1
7872,0.2,3,1,0
7873,1.0,0,1,1
7874,0.2,3,0,0
7875,0.2,3,0,0
7876,0.2,3,0,0
7877,0.2,3,0,0
7878,0.2,3,0,0
7879,0.2,3,0,0
7880,0.2,0,0,0
7881,0.2,3,0,0
7882,1.0,0,1,1
7883,1.0,0,1,0
7884,3.4000000000000004,0,0,0
7885,1.0,0,1,1
7886,1.0,0,1,0
7887,0.2,3,0,0
7888,1.0,0,0,1
7889,0.2,3,0,0
7890,1.4,0,1,1
7891,0.2,3,0,0
7892,1.0,0,1,1
7893,0.2,3,0,0
7894,1.0,0,1,1
7895,1.0,0,1,1
7896,0.6000000000000001,1,1,0
7897,1.0,0,1,0
7898,1.0,0,1,1
7899,0.2,3,0,0
7900,0.2,3,0,0
7901,1.0,0,0,1
7902,0.2,3,0,0
7903,3.8,0,0,1
7904,0.2,3,0,1
7905,1.0,0,1,1
7906,1.0,0,1,1
7907,1.0,0,1,1
7908,0.2,3,0,0
7909,0.2,3,0,0
7910,1.0,0,1,1
7911,1.4,0,1,1
7912,1.0,0,1,1
7913,1.0,0,1,1
7914,1.0,0,0,0
7915,1.0,0,1,1
7916,0.2,3,0,0
7917,0.2,3,0,0
7918,0.2,0,0,1
7919,0.2,0,0,1
7920,0.2,0,0,1
7921,1.0,0,1,1
7922,1.0,0,1,1
7923,1.0,0,1,1
7924,0.2,3,0,0
7925,1.0,0,1,1
7926,0.2,3,0,0
7927,1.0,0,1,1
7928,1.0,0,1,1
7929,0.2,3,0,0
7930,1.0,0,1,1
7931,0.2,3,0,0
7932,1.0,0,1,1
7933,1.0,0,1,1
7934,0.2,3,0,0
7935,1.0,0,1,1
7936,0.2,3,0,0
7937,0.2,3,0,0
7938,1.0,0,1,1
7939,1.0,0,1,1
7940,0.2,3,0,0
7941,0.2,3,0,0
7942,2.2,0,1,0
7943,0.2,3,0,0
7944,3.0,0,1,1
7945,1.0,0,1,1
7946,0.2,3,0,0
7947,0.2,3,0,0
7948,1.0,0,1,1
7949,1.0,0,1,1
7950,0.2,3,0,0
7951,0.6000000000000001,2,1,0
7952,1.0,0,1,1
7953,1.0,0,1,0
7954,0.2,3,0,0
7955,0.2,3,0,0
7956,0.2,3,0,0
7957,1.0,0,1,1
7958,1.0,0,1,1
7959,1.0,0,1,1
7960,0.2,3,0,0
7961,0.2,3,0,0
7962,0.2,3,0,0
7963,1.0,0,1,1
7964,0.2,3,0,0
7965,2.2,2,1,0
7966,1.8,0,1,1
7967,1.0,0,1,1
7968,0.2,3,0,0
7969,0.2,3,0,0
7970,1.0,0,1,1
7971,0.2,0,0,1
7972,0.2,3,0,0
7973,1.0,0,1,1
7974,0.2,3,0,1
7975,0.2,3,0,0
7976,1.0,0,1,1
7977,1.0,0,1,1
7978,1.0,0,1,1
7979,1.0,0,1,1
7980,0.2,0,0,0
7981,1.0,3,1,0
7982,0.6000000000000001,0,0,0
7983,1.4,2,1,0
7984,0.2,3,0,0
7985,0.2,0,0,0
7986,0.2,3,0,0
7987,1.0,0,1,1
7988,0.2,3,0,0
7989,0.2,3,0,0
7990,0.2,0,0,1
7991,0.2,3,0,0
7992,0.2,3,0,0
7993,1.4,1,0,0
7994,0.2,3,0,0
7995,1.0,0,1,1
7996,1.0,0,0,1
7997,1.0,0,1,1
7998,3.0,1,1,0
7999,1.0,0,1,1
8000,0.2,3,0,0
8001,1.0,0,1,1
8002,1.4,2,0,0
8003,1.0,0,1,1
8004,1.0,0,1,1
8005,1.0,0,1,1
8006,0.2,3,0,1
8007,1.0,0,0,1
8008,0.2,3,0,0
8009,3.0,0,1,1
8010,1.0,0,1,1
8011,2.2,0,1,1
8012,0.2,3,0,0
8013,1.0,0,1,1
8014,3.8,2,1,0
8015,1.0,0,1,1
8016,0.2,3,0,0
8017,1.0,0,1,1
8018,1.0,0,1,0
8019,0.2,3,0,0
8020,1.0,0,1,1
8021,0.2,3,0,1
8022,1.0,0,1,1
8023,1.0,0,1,1
8024,0.2,3,0,0
8025,0.2,0,0,1
8026,1.0,0,1,1
8027,0.2,3,0,0
8028,0.2,3,0,1
8029,1.0,0,1,1
8030,0.2,3,0,0
8031,1.0,0,1,1
8032,0.2,3,0,0
8033,1.0,0,0,1
8034,1.0,0,0,1
8035,1.0,0,1,1
8036,1.0,0,1,1
8037,1.0,0,1,1
8038,1.0,0,1,1
8039,0.2,3,0,0
8040,1.0,0,1,1
8041,0.2,3,0,0
8042,1.0,0,1,1
8043,2.2,1,1,0
8044,0.2,3,0,1
8045,1.0,0,0,1
8046,2.5999999999999996,1,1,0
8047,0.6000000000000001,1,1,0
8048,1.0,0,1,1
8049,0.2,3,0,0
8050,1.0,0,1,1
8051,0.2,3,0,0
8052,0.2,3,0,0
8053,1.0,0,1,1
8054,1.0,0,1,1
8055,0.2,3,0,0
8056,3.8,0,1,1
8057,3.0,1,0,0
8058,0.2,3,0,0
8059,0.2,3,0,1
8060,0.2,3,0,0
8061,1.0,0,1,1
8062,0.2,0,0,1
8063,1.0,0,1,0
8064,0.2,3,0,0
8065,1.0,0,0,1
8066,0.2,3,0,0
8067,1.0,0,1,1
8068,1.0,0,1,0
8069,1.0,0,1,1
8070,0.2,3,0,0
8071,1.0,0,1,1
8072,0.2,3,0,0
8073,0.2,3,0,0
8074,1.0,0,1,1
8075,0.2,0,1,1
8076,0.2,3,0,0
8077,0.6000000000000001,2,0,0
8078,1.4,2,0,0
8079,0.2,3,0,0
8080,0.6000000000000001,2,0,0
8081,2.2,2,1,0
8082,0.2,3,0,1
8083,0.2,3,0,0
8084,0.2,3,0,0
8085,2.5999999999999996,0,0,1
8086,1.0,0,1,1
8087,1.0,0,1,1
8088,0.2,3,1,0
8089,0.2,3,0,0
8090,0.2,3,0,0
8091,0.2,3,1,0
8092,0.2,3,0,0
8093,0.2,3,0,0
8094,0.2,3,0,1
8095,0.2,3,1,1
8096,1.0,0,1,1
8097,1.0,0,1,1
8098,1.0,0,1,1
8099,1.8,0,0,1
8100,1.0,0,1,1
8101,0.6000000000000001,0,1,0
8102,1.0,0,1,1
8103,0.2,3,0,0
8104,0.2,3,0,0
8105,1.0,0,0,0
8106,2.2,2,1,0
8107,0.2,3,0,0
8108,0.2,3,0,0
8109,1.0,0,1,1
8110,0.2,3,0,0
8111,0.2,3,0,0
8112,0.2,3,0,0
8113,0.2,3,0,0
8114,1.0,0,1,1
8115,0.2,0,0,1
8116,0.2,3,0,0
8117,1.0,0,0,1
8118,1.0,0,1,1
8119,1.8,0,1,1
8120,2.5999999999999996,0,1,0
8121,1.0,0,1,0
8122,2.5999999999999996,0,1,1
8123,0.2,3,0,0
8124,3.0,1,1,0
8125,1.0,0,1,1
8126,0.2,3,0,0
8127,1.0,0,1,1
8128,0.2,3,0,1
8129,0.2,3,0,0
8130,0.2,3,0,0
8131,1.0,0,1,0
8132,0.2,3,0,1
8133,0.2,3,0,0
8134,1.0,0,1,1
8135,0.2,3,0,0
8136,1.0,0,1,1
8137,1.0,0,1,1
8138,1.0,0,1,1
8139,0.2,0,0,1
8140,1.0,0,1,1
8141,1.0,3,1,0
8142,1.0,0,1,1
8143,0.2,0,0,1
8144,1.0,0,1,1
8145,1.0,0,1,1
8146,0.2,3,0,0
8147,0.2,3,0,0
8148,1.0,0,1,1
8149,0.2,3,0,0
8150,1.0,0,1,1
8151,0.2,3,0,0
8152,0.2,3,0,0
8153,0.2,3,0,0
8154,1.4,0,1,1
8155,1.0,0,1,0
8156,1.0,0,1,1
8157,0.2,3,0,0
8158,1.0,0,0,1
8159,1.0,0,0,1
8160,1.0,0,1,1
8161,0.2,3,0,0
8162,0.2,3,0,0
8163,0.2,3,0,0
8164,1.0,0,1,1
8165,3.0,0,0,0
8166,0.2,3,0,0
8167,0.2,3,0,0
8168,2.2,2,1,0
8169,0.2,3,0,0
8170,0.2,3,0,0
8171,1.0,0,1,1
8172,0.2,3,0,0
8173,1.4,0,1,1
8174,0.2,3,0,0
8175,2.5999999999999996,1,1,0
8176,0.2,3,0,0
8177,3.4000000000000004,0,1,1
8178,3.0,2,0,0
8179,1.0,0,1,1
8180,1.0,0,1,1
8181,1.0,0,1,1
8182,0.2,3,0,0
8183,2.2,0,1,1
8184,3.4000000000000004,0,1,1
8185,1.0,0,0,0
8186,1.0,0,1,1
8187,1.0,0,1,1
8188,2.5999999999999996,0,1,1
8189,0.2,3,0,0
8190,1.0,0,1,1
8191,0.2,3,0,0
8192,0.2,3,0,0
8193,1.0,0,1,1
8194,1.0,0,1,0
8195,0.2,3,0,0
8196,1.0,0,1,0
8197,1.0,0,1,1
8198,0.2,0,0,1
8199,1.0,0,1,1
8200,0.2,0,0,1
8201,1.0,0,1,0
8202,1.0,0,1,0
8203,1.0,0,1,1
8204,0.2,0,0,1
8205,1.0,0,1,1
8206,0.2,3,0,0
8207,0.2,3,0,0
8208,1.4,0,1,1
8209,0.2,3,0,0
8210,1.0,0,1,1
8211,2.2,0,0,1
8212,0.2,3,0,0
8213,3.8,0,1,0
8214,0.2,3,0,0
8215,1.0,0,1,1
8216,0.2,3,0,0
8217,1.4,1,0,0
8218,1.0,0,1,1
8219,0.2,3,0,0
8220,1.0,0,1,1
8221,0.2,3,0,0
8222,0.6000000000000001,0,1,0
8223,1.0,0,1,1
8224,1.0,0,0,0
8225,0.2,3,0,0
8226,0.2,3,0,0
8227,1.0,0,1,1
8228,0.2,3,0,1
8229,1.0,0,1,1
8230,0.2,0,0,1
8231,0.2,3,1,0
8232,1.0,0,1,1
8233,0.2,3,0,0
8234,1.8,2,1,0
8235,0.6000000000000001,1,1,0
8236,1.0,0,1,1
8237,1.0,0,1,0
8238,1.0,0,1,1
8239,0.2,3,0,0
8240,1.0,3,1,0
8241,0.2,3,0,0
8242,3.0,0,1,0
8243,0.2,3,0,0
8244,3.0,0,0,1
8245,0.2,3,0,0
8246,0.2,3,0,0
8247,0.2,3,1,0
8248,1.0,0,1,1
8249,1.0,0,1,1
8250,1.0,0,1,1
8251,1.4,1,1,0
8252,1.0,0,1,0
8253,0.2,3,0,0
8254,0.2,3,0,0
8255,2.2,0,1,1
8256,1.0,0,1,1
8257,3.8,1,0,0
8258,0.2,3,0,0
8259,1.0,0,1,0
8260,0.2,3,0,0
8261,0.2,3,0,0
8262,0.2,3,0,0
8263,1.0,0,1,1
8264,1.8,2,0,0
8265,0.2,3,0,0
8266,1.0,0,1,0
8267,1.0,0,1,1
8268,0.2,3,0,1
8269,0.2,0,1,1
8270,1.0,0,1,1
8271,1.0,0,1,1
8272,0.2,3,0,0
8273,0.2,3,0,1
8274,0.2,3,0,0
8275,0.2,3,0,0
8276,1.0,0,1,1
8277,1.0,0,0,1
8278,1.0,0,1,0
8279,0.2,3,0,0
8280,0.2,3,0,0
8281,0.2,3,0,0
8282,0.2,3,0,0
8283,0.2,3,1,0
8284,1.0,0,0,1
8285,0.2,0,0,0
8286,1.4,0,0,1
8287,0.2,3,0,0
8288,0.2,3,0,0
8289,0.2,3,0,1
8290,0.2,3,0,0
8291,1.0,0,1,0
8292,0.2,3,0,0
8293,1.0,0,1,0
8294,1.4,0,1,0
8295,1.0,0,1,0
8296,2.2,2,1,0
8297,1.0,0,1,0
8298,0.2,3,0,0
8299,0.2,0,0,0
8300,1.0,0,1,1
8301,2.5999999999999996,0,0,1
8302,1.0,0,1,1
8303,1.0,0,1,1
8304,1.0,0,1,1
8305,0.2,3,0,0
8306,1.0,0,1,1
8307,1.0,0,1,1
8308,0.2,3,0,0
8309,1.0,0,1,1
8310,1.0,0,1,0
8311,0.2,3,0,0
8312,1.0,0,1,0
8313,2.5999999999999996,2,1,0
8314,1.0,0,1,1
8315,1.0,0,1,1
8316,0.2,3,0,0
8317,0.2,3,0,1
8318,1.0,0,1,1
8319,0.2,3,0,0
8320,1.0,0,1,1
8321,0.2,3,0,0
8322,1.0,0,1,1
8323,0.2,3,0,0
8324,0.2,3,0,0
8325,1.0,0,1,1
8326,0.2,3,0,0
8327,1.0,0,1,1
8328,0.2,3,0,0
8329,0.2,0,0,1
8330,1.0,0,1,1
8331,0.2,3,0,0
8332,0.6000000000000001,0,1,1
8333,0.2,3,0,0
8334,1.0,0,1,1
8335,0.2,3,0,0
8336,1.0,0,1,1
8337,0.2,3,0,0
8338,1.0,0,1,1
8339,1.0,0,1,0
8340,1.0,0,1,1
8341,0.2,3,0,0
8342,0.2,3,0,0
8343,1.0,0,1,1
8344,0.2,3,1,0
8345,3.8,1,1,0
8346,1.0,0,1,1
8347,3.4000000000000004,2,0,0
8348,0.2,3,0,0
8349,0.2,3,0,0
8350,0.2,3,0,0
8351,0.2,0,0,1
8352,1.0,0,1,1
8353,1.0,0,1,1
8354,0.2,3,0,0
8355,0.2,3,0,0
8356,1.0,0,0,0
8357,1.0,0,1,0
8358,3.8,0,0,1
8359,0.2,3,0,0
8360,1.4,2,1,0
8361,1.0,0,1,1
8362,0.2,3,0,0
8363,0.2,3,0,1
8364,0.2,3,0,0
8365,1.0,0,1,1
8366,0.2,3,0,0
8367,1.0,0,1,1
8368,0.2,3,1,0
8369,1.0,0,1,1
8370,0.2,3,0,0
8371,1.0,0,1,0
8372,0.2,3,0,0
8373,2.5999999999999996,1,1,0
8374,1.0,0,1,0
8375,0.2,3,1,0
8376,0.2,3,0,0
8377,1.0,0,0,1
8378,3.8,1,0,0
8379,0.2,3,0,0
8380,0.2,3,0,0
8381,0.2,3,1,0
8382,1.4,1,0,0
8383,3.8,0,0,1
8384,0.2,3,0,0
8385,1.0,0,1,1
8386,1.0,0,1,1
8387,1.4,0,0,1
8388,0.2,3,0,0
8389,1.0,0,1,1
8390,0.2,3,0,0
8391,1.0,0,1,1
8392,1.0,0,1,0
8393,0.2,3,0,0
8394,1.0,0,1,1
8395,0.2,3,0,0
8396,3.4000000000000004,0,0,0
8397,0.2,3,0,0
8398,1.0,0,1,1
8399,0.2,3,0,0
8400,1.0,0,1,1
8401,0.2,0,1,0
8402,1.0,0,1,1
8403,1.0,0,1,1
8404,0.2,3,0,0
8405,1.0,0,1,1
8406,1.0,0,0,1
8407,0.2,0,0,1
8408,0.2,3,0,0
8409,0.2,0,0,1
8410,1.0,0,1,0
8411,1.0,0,1,1
8412,1.0,0,1,0
8413,0.2,3,0,1
8414,0.2,3,0,0
8415,1.0,3,1,0
8416,1.8,2,1,1
8417,1.0,0,1,1
8418,1.0,0,1,1
8419,1.0,0,1,1
8420,0.2,3,0,0
8421,0.2,3,0,0
8422,0.2,3,0,0
8423,0.2,3,0,0
8424,3.8,0,1,1
8425,0.2,3,0,0
8426,0.2,3,0,0
8427,0.2,3,0,0
8428,0.2,3,0,0
8429,1.8,1,1,0
8430,0.2,3,0,0
8431,0.2,0,1,1
8432,0.2,0,0,1
8433,0.2,3,0,0
8434,1.0,0,1,1
8435,1.0,0,1,1
8436,1.0,0,1,1
8437,0.2,3,0,0
8438,1.0,0,1,1
8439,0.2,3,0,0
8440,1.0,0,0,1
8441,1.0,0,1,0
8442,1.0,0,1,1
8443,0.2,3,0,0
8444,0.2,3,0,0
8445,1.0,0,1,1
8446,1.0,0,1,1
8447,0.2,3,0,0
8448,0.2,0,0,1
8449,1.0,0,1,0
8450,1.8,0,0,1
8451,1.0,0,1,0
8452,0.2,0,0,1
8453,3.8,2,1,0
8454,0.2,3,0,0
8455,1.0,0,1,1
8456,0.2,3,0,0
8457,1.0,0,0,1
8458,0.2,3,0,1
8459,0.2,0,0,1
8460,1.0,0,1,0
8461,1.0,0,1,1
8462,1.0,0,1,1
8463,1.0,0,1,0
8464,3.0,0,1,1
8465,1.0,0,1,1
8466,0.2,3,0,0
8467,1.0,0,0,1
8468,0.2,3,0,0
8469,1.0,0,1,1
8470,1.0,0,1,0
8471,0.2,3,1,0
8472,1.0,0,1,1
8473,1.0,0,1,1
8474,3.0,0,0,1
8475,1.0,0,1,1
8476,1.0,0,1,1
8477,1.0,0,1,0
8478,0.2,3,0,0
8479,0.2,3,0,0
8480,2.5999999999999996,0,0,1
8481,0.2,3,0,0
8482,1.0,0,1,1
8483,1.0,0,1,1
8484,0.2,3,0,0
8485,3.4000000000000004,1,1,0
8486,0.2,3,0,0
8487,3.4000000000000004,2,1,0
8488,0.2,3,0,0
8489,1.0,0,1,1
8490,0.2,3,0,0
8491,0.2,3,0,0
8492,1.0,0,1,1
8493,0.2,3,0,0
8494,1.0,0,1,1
8495,1.0,0,1,1
8496,1.0,0,1,1
8497,0.2,3,0,0
8498,0.2,3,0,0
8499,1.0,0,1,1
8500,0.2,3,0,0
8501,1.0,0,0,1
8502,1.0,0,0,1
8503,0.2,3,0,0
8504,0.2,3,0,0
8505,1.0,0,1,1
8506,0.2,3,0,0
8507,1.0,0,1,1
8508,1.0,0,1,1
8509,1.0,3,1,1
8510,0.2,3,0,0
8511,0.2,3,0,0
8512,0.2,3,0,1
8513,0.2,3,0,1
8514,1.0,0,1,1
8515,0.2,3,0,0
8516,0.2,0,0,1
8517,2.5999999999999996,0,0,0
8518,0.2,3,0,0
8519,1.0,0,0,1
8520,0.2,3,0,0
8521,0.2,3,0,0
8522,0.2,3,0,0
8523,1.0,3,1,0
8524,0.2,3,0,0
8525,0.2,3,0,0
8526,0.2,3,0,0
8527,0.2,3,0,0
8528,0.2,3,0,0
8529,1.0,0,1,1
8530,1.0,0,1,1
8531,0.2,0,0,1
8532,0.2,3,0,0
8533,0.2,3,0,0
8534,1.0,0,1,1
8535,0.2,3,0,0
8536,0.2,3,0,0
8537,1.0,0,1,1
8538,0.2,3,0,0
8539,0.2,3,0,0
8540,1.0,0,0,1
8541,1.0,0,1,1
8542,0.2,3,0,0
8543,1.0,0,1,1
8544,0.2,3,0,1
8545,0.2,3,0,0
8546,0.6000000000000001,0,0,1
8547,1.0,0,1,1
8548,0.2,3,1,0
8549,1.0,0,1,1
8550,1.0,0,1,1
8551,0.2,3,0,0
8552,0.2,3,0,1
8553,1.0,0,1,1
8554,1.0,0,1,1
8555,1.0,0,1,1
8556,1.8,2,1,0
8557,1.0,0,1,1
8558,2.2,0,0,1
8559,0.6000000000000001,2,1,0
8560,1.0,0,1,1
8561,0.2,3,0,0
8562,1.0,0,0,0
8563,0.2,3,0,0
8564,1.0,0,1,1
8565,1.0,0,1,0
8566,0.2,3,0,0
8567,0.2,3,0,0
8568,1.0,3,1,0
8569,1.0,0,1,1
8570,1.0,0,1,0
8571,3.4000000000000004,0,1,1
8572,1.0,0,1,1
8573,1.0,0,1,1
8574,1.4,1,1,0
8575,1.0,0,1,0
8576,0.2,3,0,0
8577,0.2,3,0,0
8578,0.2,3,0,0
8579,1.0,0,1,1
8580,0.2,3,1,0
8581,0.2,3,0,0
8582,1.0,0,1,1
8583,1.0,0,1,1
8584,1.0,0,1,1
8585,0.2,0,0,1
8586,0.2,3,0,0
8587,1.0,0,1,1
8588,0.2,3,0,0
8589,1.0,0,1,0
8590,0.2,3,0,0
8591,1.0,3,1,0
8592,0.2,3,1,0
8593,2.5999999999999996,0,1,0
8594,1.0,0,1,1
8595,0.2,3,0,0
8596,1.0,0,1,1
8597,1.0,0,1,1
8598,1.0,0,1,1
8599,0.2,0,0,1
8600,0.2,3,0,0
8601,1.0,0,1,1
8602,1.0,0,1,1
8603,1.0,0,1,1
8604,1.8,2,0,0
8605,0.2,3,0,0
8606,1.0,0,0,1
8607,0.2,3,0,1
8608,0.2,3,0,0
8609,1.0,0,1,1
8610,1.8,0,1,1
8611,0.2,3,0,0
8612,1.0,0,0,1
8613,1.0,0,1,0
8614,1.0,0,1,1
8615,0.2,3,0,0
8616,3.0,0,1,1
8617,0.2,3,0,0
8618,1.0,0,1,0
8619,1.0,0,1,1
8620,0.2,3,0,0
8621,0.2,3,0,0
8622,0.2,3,0,0
8623,0.2,3,0,0
8624,0.2,3,0,0
8625,0.2,3,0,0
8626,1.0,0,1,1
8627,0.2,3,0,0
8628,0.2,3,0,0
8629,1.0,3,1,0
8630,3.4000000000000004,0,1,1
8631,1.0,0,1,0
8632,1.0,0,1,1
8633,1.0,0,1,1
8634,3.8,0,1,1
8635,1.0,0,1,1
8636,0.2,3,0,1
8637,1.0,0,1,1
8638,1.8,0,0,1
8639,0.2,3,0,0
8640,1.0,0,1,1
8641,1.0,0,1,1
8642,1.0,0,1,1
8643,1.0,0,1,1
8644,1.0,0,1,1
8645,0.2,3,1,0
8646,0.2,3,0,0
8647,0.2,3,0,0
8648,3.0,0,1,1
8649,0.6000000000000001,1,1,0
8650,0.2,3,0,0
8651,1.0,0,1,1
8652,0.2,3,0,0
8653,0.2,3,0,0
8654,0.2,3,0,0
8655,1.0,0,1,1
8656,0.2,3,0,0
8657,0.2,3,0,0
8658,1.4,0,1,1
8659,0.2,3,0,0
8660,0.2,3,0,0
8661,3.8,0,1,1
8662,1.0,0,1,1
8663,3.0,0,1,1
8664,1.0,0,1,0
8665,0.2,3,0,0
8666,0.2,3,1,0
8667,1.0,0,1,1
8668,1.0,0,1,1
8669,0.2,3,0,0
8670,1.0,0,1,1
8671,0.2,3,0,0
8672,1.4,1,0,0
8673,1.0,0,1,1
8674,0.2,3,0,0
8675,1.0,0,1,1
8676,0.2,3,1,0
8677,1.8,2,1,0
8678,1.0,0,1,0
8679,1.0,0,0,1
8680,1.0,0,1,1
8681,1.0,0,1,1
8682,1.0,0,1,1
8683,3.4000000000000004,0,1,1
8684,0.2,3,0,0
8685,0.2,3,0,0
8686,1.0,0,1,1
8687,0.2,3,0,0
8688,1.0,0,1,1
8689,3.4000000000000004,0,0,1
8690,1.0,0,1,1
8691,1.0,0,1,0
8692,1.0,0,1,1
8693,1.0,0,1,1
8694,0.2,3,0,0
8695,0.2,3,0,1
8696,1.0,0,1,1
8697,2.2,1,0,0
8698,0.2,3,0,0
8699,1.0,0,1,1
8700,1.0,0,0,1
8701,0.2,3,0,0
8702,1.0,0,1,1
8703,0.2,3,0,0
8704,1.0,0,1,1
8705,1.0,0,1,1
8706,1.0,0,1,1
8707,0.2,3,0,0
8708,1.0,0,1,1
8709,1.8,0,0,1
8710,0.2,3,0,0
8711,1.8,0,0,1
8712,1.0,0,1,1
8713,0.2,3,0,0
8714,0.2,3,0,0
8715,3.0,0,1,1
8716,1.0,0,1,1
8717,0.2,3,0,1
8718,1.0,0,1,0
8719,1.0,0,1,1
8720,0.2,3,0,0
8721,2.5999999999999996,0,1,0
8722,1.0,0,1,1
8723,1.0,0,1,1
8724,1.4,0,1,1
8725,1.4,0,1,0
8726,0.2,3,0,0
8727,1.0,0,1,1
8728,1.0,0,1,1
8729,1.0,0,1,0
8730,1.0,0,1,1
8731,1.0,0,1,1
8732,1.0,0,1,1
8733,1.4,1,1,0
8734,1.0,0,1,1
8735,0.2,3,0,0
8736,1.0,0,1,1
8737,1.0,0,1,1
8738,3.0,2,0,0
8739,0.2,3,0,0
8740,1.0,0,1,0
8741,0.2,3,0,0
8742,0.2,3,0,0
8743,1.0,0,1,1
8744,1.0,0,1,1
8745,0.2,3,0,0
8746,1.0,0,1,0
8747,0.2,3,0,0
8748,1.0,0,1,1
8749,0.2,0,0,1
8750,1.0,0,1,1
8751,1.0,0,1,1
8752,1.0,0,0,1
8753,1.0,0,1,1
8754,0.2,3,0,0
8755,0.2,3,0,0
8756,2.2,2,1,0
8757,1.0,0,1,0
8758,1.0,0,1,1
8759,0.2,3,0,0
8760,0.2,3,1,0
8761,0.2,3,0,0
8762,0.2,3,0,0
8763,1.0,0,1,1
8764,1.0,0,0,1
8765,1.0,0,1,1
8766,1.0,0,0,1
8767,1.0,0,1,1
8768,0.2,3,0,0
8769,1.0,0,0,1
8770,0.2,3,0,0
8771,0.2,3,0,0
8772,0.2,3,1,0
8773,0.2,3,0,0
8774,0.2,3,0,1
8775,0.2,3,0,0
8776,1.0,0,1,1
8777,3.0,0,0,1
8778,0.2,3,0,0
8779,1.0,0,1,1
8780,0.2,0,0,1
8781,1.0,0,1,1
8782,1.0,0,1,1
8783,1.0,0,1,1
8784,0.2,3,0,0
8785,1.0,0,1,1
8786,0.2,3,0,0
8787,0.2,3,1,0
8788,1.0,0,1,1
8789,0.2,3,0,1
8790,0.2,3,0,0
8791,1.0,0,1,0
8792,1.8,0,1,1
8793,1.0,0,1,1
8794,0.2,3,0,0
8795,0.2,3,0,0
8796,0.2,3,0,0
8797,1.0,0,1,1
8798,2.2,0,1,1
8799,0.2,3,0,0
8800,0.2,3,0,0
8801,1.0,0,1,0
8802,3.0,0,0,0
8803,0.2,0,0,1
8804,0.2,3,0,0
8805,0.6000000000000001,2,1,0
8806,0.2,3,0,1
8807,3.8,2,1,0
8808,1.0,0,1,0
8809,1.0,0,1,1
8810,0.2,0,0,1
8811,1.0,0,1,1
8812,1.0,0,1,1
8813,0.2,3,0,0
8814,0.2,3,0,1
8815,1.0,0,1,1
8816,0.2,3,0,0
8817,1.0,0,1,1
8818,0.2,3,0,0
8819,0.2,3,0,0
8820,0.2,3,0,0
8821,1.0,0,1,1
8822,1.8,0,1,0
8823,1.0,0,1,1
8824,2.5999999999999996,1,1,0
8825,1.0,0,1,1
8826,1.0,0,1,1
8827,0.2,3,0,0
8828,1.0,0,1,1
8829,1.0,0,1,0
8830,0.2,3,0,0
8831,0.2,3,0,0
8832,1.0,0,1,1
8833,3.0,0,1,1
8834,0.2,3,0,0
8835,1.0,0,1,1
8836,1.0,0,1,0
8837,1.0,0,1,1
8838,1.0,0,1,1
8839,0.2,0,0,1
8840,1.0,0,1,1
8841,0.2,3,0,0
8842,1.0,0,1,1
8843,1.0,0,1,1
8844,1.0,0,1,1
8845,0.2,3,0,0
8846,1.0,0,1,1
8847,1.0,0,1,1
8848,1.0,0,1,1
8849,1.0,0,1,1
8850,0.2,0,0,1
8851,1.0,0,1,1
8852,0.2,3,0,0
8853,3.8,2,1,0
8854,1.0,0,1,1
8855,1.0,0,1,1
8856,1.0,0,1,0
8857,1.0,0,1,1
8858,0.2,3,0,1
8859,1.0,0,1,1
8860,0.2,0,0,1
8861,1.8,0,0,1
8862,0.2,3,0,0
8863,1.0,0,1,0
8864,0.2,0,0,1
8865,1.0,0,1,1
8866,0.2,3,0,0
8867,0.2,3,0,0
8868,0.2,3,0,0
8869,1.0,0,1,1
8870,0.6000000000000001,0,0,1
8871,1.4,2,0,0
8872,1.0,0,1,1
8873,1.0,0,1,1
8874,0.2,3,0,0
8875,1.0,0,1,1
8876,0.2,3,0,0
8877,1.8,0,1,1
8878,3.0,2,1,0
8879,0.2,3,0,1
8880,0.2,3,0,0
8881,0.2,3,0,0
8882,1.0,0,1,1
8883,0.2,3,0,0
8884,0.2,3,0,0
8885,0.2,3,1,0
8886,0.2,3,0,0
8887,1.0,0,1,1
8888,1.0,0,1,1
8889,2.5999999999999996,0,1,1
8890,1.0,0,1,1
8891,0.2,3,1,0
8892,1.0,0,1,1
8893,1.0,0,1,1
8894,1.0,0,1,1
8895,1.0,0,1,1
8896,0.2,3,0,0
8897,0.2,3,0,0
8898,0.2,3,0,0
8899,3.4000000000000004,0,1,1
8900,1.0,0,1,1
8901,1.0,0,1,1
8902,1.0,0,1,1
8903,1.0,0,1,1
8904,0.2,3,0,0
8905,0.2,3,0,0
8906,1.0,0,1,1
8907,1.0,0,0,0
8908,1.0,0,1,1
8909,0.2,3,0,0
8910,1.0,0,0,1
8911,0.2,3,0,0
8912,1.0,0,1,1
8913,0.2,3,1,0
8914,1.8,1,1,0
8915,1.0,0,1,1
8916,1.0,0,1,1
8917,0.2,3,0,0
8918,1.0,0,1,0
8919,3.0,1,0,0
8920,0.2,0,1,0
8921,1.0,0,1,1
8922,1.0,0,1,1
8923,0.2,3,0,0
8924,0.2,3,0,0
8925,0.2,3,0,0
8926,0.2,3,0,0
8927,1.0,0,1,1
8928,1.0,0,1,1
8929,1.0,0,1,1
8930,0.2,3,0,0
8931,0.2,3,0,0
8932,1.0,0,1,1
8933,1.0,0,0,1
8934,0.2,3,1,0
8935,1.0,3,1,0
8936,3.0,0,1,1
8937,1.8,2,1,0
8938,0.2,3,0,0
8939,1.0,0,0,0
8940,1.0,0,1,1
8941,1.0,0,1,1
8942,1.0,0,1,1
8943,0.2,3,0,0
8944,1.0,0,1,1
8945,3.8,2,1,0
8946,1.0,0,1,1
8947,1.0,0,1,0
8948,1.0,0,1,0
8949,1.0,0,1,1
8950,1.0,0,1,1
8951,0.2,3,0,0
8952,0.2,3,0,0
8953,1.0,0,1,1
8954,1.0,0,1,1
8955,0.2,3,0,0
8956,0.2,3,0,1
8957,1.0,0,1,1
8958,1.0,0,1,1
8959,1.0,0,1,1
8960,1.0,0,1,1
8961,1.0,0,1,1
8962,0.2,3,0,0
8963,0.2,3,0,0
8964,1.0,0,1,1
8965,0.2,3,0,0
8966,0.2,3,0,0
8967,1.0,0,1,1
8968,0.2,0,0,1
8969,0.2,3,0,0
8970,1.0,0,1,1
8971,1.0,0,1,1
8972,1.0,0,1,1
8973,0.2,3,0,0
8974,0.2,3,0,0
8975,1.0,0,1,1
8976,0.2,0,0,1
8977,0.2,3,0,0
8978,0.2,3,0,0
8979,1.8,1,1,0
8980,1.0,0,1,1
8981,1.0,0,1,1
8982,1.0,0,1,0
8983,0.2,0,0,1
8984,0.2,3,0,0
8985,0.6000000000000001,0,0,1
8986,1.0,0,1,1
8987,1.0,0,1,1
8988,1.0,0,1,0
8989,1.0,0,1,1
8990,1.0,0,1,1
8991,1.0,0,1,1
8992,1.0,0,1,1
8993,1.0,0,1,0
8994,1.0,0,1,0
8995,1.0,0,1,1
8996,0.2,3,0,0
8997,1.0,0,1,1
8998,0.2,3,0,0
8999,1.0,0,1,1
9000,0.2,3,0,0
9001,0.2,0,0,1
9002,3.0,0,0,1
9003,1.0,0,1,0
9004,1.0,0,1,1
9005,0.2,3,0,0
9006,1.0,0,1,1
9007,1.0,0,1,1
9008,1.0,0,1,0
9009,0.2,3,0,0
9010,0.2,3,0,0
9011,0.2,3,0,1
9012,1.0,0,1,1
9013,0.2,3,0,0
9014,1.0,0,1,1
9015,1.0,0,1,1
9016,1.0,0,1,1
9017,0.2,3,0,0
9018,0.2,3,0,0
9019,0.2,3,1,0
9020,1.0,0,1,1
9021,1.0,0,1,1
9022,1.0,0,0,1
9023,0.6000000000000001,0,1,1
9024,0.2,3,0,0
9025,1.0,0,1,1
9026,0.2,3,0,0
9027,1.8,0,1,1
9028,0.2,3,0,0
9029,0.2,3,0,1
9030,1.0,0,1,0
9031,3.4000000000000004,1,0,0
9032,0.2,3,0,0
9033,1.0,0,1,0
9034,1.0,0,1,1
9035,1.4,0,1,1
9036,0.2,3,0,0
9037,0.2,3,0,0
9038,0.2,3,0,0
9039,0.2,3,0,0
9040,1.0,3,1,0
9041,0.2,3,0,0
9042,0.2,3,0,0
9043,0.2,3,0,0
9044,1.0,0,1,1
9045,0.2,3,0,0
9046,0.2,3,0,0
9047,0.2,3,0,0
9048,1.0,0,1,1
9049,1.0,0,1,1
9050,0.2,3,0,0
9051,0.2,3,0,0
9052,1.8,1,1,0
9053,3.8,0,1,1
9054,1.0,0,1,1
9055,3.8,1,1,0
9056,0.2,3,0,0
9057,0.2,3,0,0
9058,1.0,0,1,1
9059,0.2,3,0,0
9060,1.0,0,1,1
9061,1.0,0,1,1
9062,1.0,0,1,1
9063,1.0,0,1,1
9064,1.0,0,1,1
9065,0.2,3,0,0
9066,0.2,3,0,0
9067,1.0,0,1,1
9068,1.0,0,1,1
9069,1.0,0,1,1
9070,0.2,3,0,0
9071,3.8,0,0,0
9072,0.2,3,1,0
9073,0.2,3,0,0
9074,1.0,0,1,1
9075,1.0,0,1,1
9076,1.0,0,1,1
9077,0.2,3,0,0
9078,1.0,0,1,1
9079,2.2,2,0,0
9080,1.0,0,1,1
9081,1.0,0,1,1
9082,1.0,0,1,1
9083,1.0,0,1,1
9084,0.2,3,0,0
9085,0.2,0,0,1
9086,1.0,0,1,1
9087,1.0,0,1,1
9088,3.8,0,1,1
9089,0.2,3,0,0
9090,1.0,0,1,1
9091,3.8,0,1,1
9092,0.2,3,0,0
9093,1.0,0,1,0
9094,0.2,3,0,1
9095,0.2,3,0,0
9096,0.2,3,0,0
9097,0.2,3,0,0
9098,0.2,3,0,0
9099,0.2,3,0,0
9100,1.0,0,1,0
9101,2.2,0,0,1
9102,0.2,3,0,0
9103,1.0,0,1,1
9104,1.0,0,1,0
9105,0.2,3,0,0
9106,1.0,0,1,1
9107,2.5999999999999996,1,1,0
9108,3.0,0,1,1
9109,0.2,3,0,1
9110,0.2,3,0,0
9111,0.2,0,0,1
9112,1.0,0,1,1
9113,0.2,3,0,0
9114,1.0,0,0,1
9115,1.0,0,1,1
9116,0.2,3,0,0
9117,2.5999999999999996,1,1,0
9118,0.2,3,0,0
9119,1.0,0,1,1
9120,1.4,1,1,0
9121,0.2,3,0,0
9122,1.0,0,1,1
9123,1.0,0,1,1
9124,1.0,0,1,1
9125,0.2,3,0,0
9126,1.0,0,1,1
9127,3.8,2,0,0
9128,0.6000000000000001,0,1,1
9129,0.2,3,0,0
9130,3.0,0,0,0
9131,0.2,3,0,0
9132,0.2,3,0,0
9133,0.2,3,0,0
9134,0.2,3,0,1
9135,0.2,0,0,1
9136,1.0,0,1,1
9137,1.0,0,1,1
9138,0.2,3,0,0
9139,0.2,3,0,1
9140,1.0,0,1,1
9141,1.0,0,1,1
9142,1.0,0,1,0
9143,1.0,0,1,1
9144,0.2,3,0,0
9145,2.2,1,1,0
9146,1.0,0,1,1
9147,1.0,0,1,1
9148,0.2,3,0,0
9149,1.0,0,1,1
9150,2.2,0,1,1
9151,1.8,0,0,1
9152,1.0,0,1,1
9153,0.2,3,0,0
9154,0.2,3,0,0
9155,1.0,0,1,1
9156,0.2,3,0,0
9157,2.5999999999999996,0,0,1
9158,0.2,3,0,0
9159,0.2,3,0,0
9160,0.2,3,1,0
9161,1.0,0,1,1
9162,1.0,0,1,1
9163,0.2,3,0,0
9164,1.0,0,1,1
9165,0.2,3,0,0
9166,1.0,0,1,0
9167,1.0,0,1,1
9168,1.0,0,1,1
9169,0.2,3,0,0
9170,1.0,0,1,1
9171,1.0,0,1,1
9172,1.0,0,1,0
9173,0.2,3,0,0
9174,1.0,0,1,1
9175,1.4,2,1,0
9176,0.2,3,0,0
9177,1.0,0,1,1
9178,1.0,0,1,1
9179,1.0,0,1,1
9180,1.0,0,0,1
9181,1.0,0,1,1
9182,0.2,3,0,0
9183,1.0,0,1,1
9184,1.0,0,1,1
9185,1.0,0,1,1
9186,1.8,1,0,0
9187,0.2,3,0,0
9188,1.0,0,1,1
9189,0.2,3,0,0
9190,0.2,3,0,0
9191,1.0,0,1,0
9192,0.2,3,0,1
9193,0.2,3,0,0
9194,1.0,0,1,1
9195,1.0,0,1,0
9196,0.2,3,0,1
9197,1.0,0,1,1
9198,0.2,3,0,0
9199,0.2,3,0,0
9200,3.4000000000000004,2,1,0
9201,0.2,3,0,0
9202,1.0,0,1,1
9203,3.0,0,1,1
9204,0.2,3,0,0
9205,0.2,0,0,1
9206,0.2,3,0,1
9207,1.0,0,1,1
9208,1.0,0,1,1
9209,1.0,0,1,1
9210,1.0,0,1,1
9211,1.0,0,1,1
9212,1.0,0,1,1
9213,1.0,0,1,1
9214,0.2,3,0,0
9215,0.2,3,0,0
9216,1.0,3,1,0
9217,0.2,3,0,0
9218,1.8,0,1,1
9219,1.0,0,1,1
9220,1.0,0,1,1
9221,0.2,0,0,1
9222,1.0,0,1,1
9223,1.0,0,1,1
9224,0.2,3,0,0
9225,0.2,3,0,1
9226,0.2,3,0,0
9227,1.0,0,1,1
9228,1.0,0,1,1
9229,1.0,0,1,1
9230,0.2,3,0,0
9231,1.0,0,1,1
9232,0.2,0,0,1
9233,1.0,0,0,1
9234,1.0,0,1,1
9235,0.2,0,0,1
9236,1.0,0,1,1
9237,0.2,3,1,0
9238,1.0,0,1,1
9239,1.0,0,0,1
9240,1.0,0,1,0
9241,1.0,0,1,1
9242,1.0,0,1,1
9243,0.2,3,0,0
9244,1.0,0,1,1
9245,1.0,0,1,1
9246,1.0,0,1,1
9247,0.2,3,0,0
9248,0.2,3,0,0
9249,0.2,3,0,0
9250,1.0,0,1,1
9251,1.0,0,1,1
9252,1.0,0,1,1
9253,1.0,0,1,1
9254,0.2,3,0,0
9255,0.2,3,0,1
9256,1.0,0,1,1
9257,1.0,0,1,1
9258,0.2,3,0,0
9259,0.2,0,0,1
9260,0.2,3,0,0
9261,0.2,3,0,0
9262,0.2,3,0,0
9263,2.5999999999999996,1,1,0
9264,2.2,0,1,1
9265,2.5999999999999996,0,1,1
9266,0.2,3,0,0
9267,1.0,0,1,1
9268,0.2,3,0,0
9269,1.0,0,1,1
9270,2.2,1,1,0
9271,1.0,0,1,1
9272,0.2,3,0,0
9273,1.0,0,1,1
9274,3.8,1,1,0
9275,3.0,0,1,1
9276,3.0,2,0,0
9277,0.2,3,0,0
9278,0.2,3,0,0
9279,1.8,2,1,0
9280,1.0,0,1,1
9281,1.0,0,1,1
9282,1.0,0,1,1
9283,1.0,0,1,0
9284,1.0,0,1,1
9285,1.0,0,1,1
9286,1.0,0,1,1
9287,0.2,3,0,0
9288,0.2,3,0,0
9289,0.2,3,0,0
9290,0.2,3,0,0
9291,0.2,3,0,0
9292,1.0,0,1,1
9293,1.0,0,1,1
9294,1.8,0,1,1
9295,0.2,0,0,1
9296,1.0,0,1,1
9297,0.2,3,0,0
9298,1.0,0,1,0
9299,1.0,0,1,1
9300,1.0,0,1,0
9301,1.0,0,1,1
9302,0.2,3,0,0
9303,1.0,0,1,1
9304,1.0,0,0,1
9305,0.2,3,0,0
9306,1.0,0,1,1
9307,3.4000000000000004,0,0,1
9308,0.2,3,0,0
9309,0.2,3,0,0
9310,1.4,0,1,1
9311,0.2,3,0,0
9312,1.0,0,1,1
9313,0.6000000000000001,2,1,0
9314,1.0,0,1,1
9315,0.2,0,0,1
9316,0.6000000000000001,0,0,1
9317,0.2,3,0,0
9318,3.8,1,1,0
9319,0.2,3,0,0
9320,1.0,0,1,1
9321,0.2,3,0,0
9322,1.0,0,1,1
9323,1.0,0,1,0
9324,1.0,0,1,0
9325,1.0,0,1,0
9326,1.0,0,1,1
9327,1.0,0,1,1
9328,1.0,0,1,1
9329,3.4000000000000004,0,0,1
9330,1.0,0,0,1
9331,0.2,3,0,0
9332,0.2,3,0,0
9333,0.2,0,0,1
9334,3.4000000000000004,2,0,0
9335,2.5999999999999996,2,1,0
9336,0.2,3,0,0
9337,0.2,3,0,0
9338,0.2,3,0,0
9339,1.0,0,1,1
9340,1.0,0,1,1
9341,1.0,0,1,1
9342,1.0,0,1,1
9343,0.2,3,0,0
9344,2.5999999999999996,2,1,0
9345,1.8,0,1,1
9346,0.2,3,0,0
9347,3.0,0,0,1
9348,0.2,3,0,0
9349,0.2,3,0,0
9350,1.0,0,1,1
9351,0.2,3,0,0
9352,0.2,0,0,1
9353,1.0,0,1,1
9354,0.2,3,0,1
9355,2.5999999999999996,0,1,1
9356,1.0,0,1,1
9357,0.2,3,0,0
9358,1.0,0,1,1
9359,0.2,3,0,0
9360,1.0,0,1,1
9361,1.0,0,1,1
9362,1.0,0,1,1
9363,0.2,0,0,1
9364,1.0,0,1,1
9365,0.2,3,0,0
9366,1.0,0,1,1
9367,1.0,0,1,0
9368,2.2,0,0,1
9369,0.2,3,0,0
9370,1.0,0,1,1
9371,2.2,0,1,1
9372,1.0,0,1,1
9373,0.2,3,0,0
9374,1.0,0,1,1
9375,1.8,1,0,0
9376,0.2,3,0,0
9377,1.0,0,1,1
9378,0.2,3,0,0
9379,1.0,0,0,1
9380,1.0,0,1,1
9381,3.8,1,1,0
9382,1.0,0,1,1
9383,3.4000000000000004,0,1,1
9384,0.2,3,0,0
9385,0.2,3,0,0
9386,1.0,0,1,1
9387,0.2,3,1,0
9388,0.2,3,0,0
9389,0.2,3,0,0
9390,0.2,3,0,0
9391,1.0,0,1,1
9392,0.2,3,0,0
9393,0.2,3,0,0
9394,1.0,0,1,1
9395,1.0,0,1,1
9396,1.0,0,1,1
9397,3.0,0,0,1
9398,0.2,0,0,1
9399,1.0,0,1,1
9400,0.2,3,1,0
9401,1.0,0,1,1
9402,1.0,0,1,0
9403,0.2,3,0,1
9404,0.2,3,0,0
9405,1.0,0,0,1
9406,1.0,0,1,1
9407,0.2,3,0,0
9408,1.0,0,1,1
9409,0.2,3,0,0
9410,1.0,0,1,1
9411,1.0,0,1,0
9412,1.8,0,0,0
9413,1.0,0,1,1
9414,0.6000000000000001,0,1,1
9415,1.0,0,1,1
9416,0.2,3,0,0
9417,1.0,0,1,1
9418,1.0,0,0,0
9419,1.0,0,1,0
9420,1.0,0,1,0
9421,0.2,0,0,1
9422,1.0,0,1,1
9423,1.0,0,1,1
9424,0.2,3,0,0
9425,1.0,0,1,1
9426,1.0,0,1,1
9427,1.0,0,0,1
9428,1.0,0,1,1
9429,3.0,0,1,1
9430,1.0,0,0,1
9431,1.0,0,1,1
9432,1.0,0,1,0
9433,0.2,3,0,0
9434,1.0,0,1,1
9435,1.0,0,1,1
9436,1.0,0,1,0
9437,0.2,3,0,0
9438,1.0,0,1,1
9439,0.2,0,0,1
9440,1.0,0,1,1
9441,0.2,3,0,0
9442,0.2,3,0,0
9443,2.2,0,1,1
9444,0.2,3,0,0
9445,1.0,0,1,1
9446,0.2,3,0,0
9447,0.2,3,0,0
9448,1.0,0,1,1
9449,0.2,0,0,1
9450,1.0,0,0,1
9451,1.0,0,1,1
9452,1.0,0,1,1
9453,1.0,0,1,1
9454,0.2,3,0,0
9455,1.0,0,1,1
9456,1.0,0,1,1
9457,1.0,0,1,1
9458,1.8,1,0,0
9459,1.0,0,1,1
9460,1.0,0,1,1
9461,1.0,0,1,1
9462,0.2,3,0,0
9463,0.2,3,0,0
9464,1.0,0,1,1
9465,0.2,3,0,1
9466,1.0,0,1,1
9467,1.0,0,0,1
9468,1.0,0,1,1
9469,3.4000000000000004,0,0,1
9470,0.2,3,0,0
9471,1.0,0,1,1
9472,3.0,0,0,1
9473,1.0,0,1,1
9474,0.2,3,0,0
9475,0.2,3,0,0
9476,1.0,0,1,1
9477,2.2,0,0,1
9478,3.4000000000000004,2,0,0
9479,0.2,3,0,0
9480,0.2,3,0,0
9481,0.2,3,0,0
9482,0.2,0,0,1
9483,0.2,3,0,0
9484,1.0,0,1,1
9485,0.2,3,0,0
9486,1.0,0,1,1
9487,0.2,3,0,0
9488,0.2,3,0,0
9489,0.2,3,0,0
9490,1.0,0,1,0
9491,1.0,0,1,1
9492,0.6000000000000001,0,1,1
9493,1.0,0,1,1
9494,0.2,0,0,1
9495,0.2,3,0,0
9496,1.8,1,0,0
9497,1.0,0,1,1
9498,1.0,0,1,1
9499,1.0,0,1,1
9500,0.2,3,0,0
9501,1.0,0,1,1
9502,0.2,3,0,0
9503,0.2,3,0,0
9504,0.2,3,0,0
9505,1.0,0,1,0
9506,1.0,0,1,1
9507,1.4,2,1,0
9508,1.0,0,1,0
9509,2.5999999999999996,0,1,1
9510,0.2,3,0,0
9511,1.0,0,1,1
9512,1.0,0,1,0
9513,0.2,3,0,0
9514,1.0,0,1,1
9515,0.2,0,0,1
9516,1.0,0,0,1
9517,0.2,3,0,0
9518,1.0,0,1,1
9519,1.0,3,1,0
9520,1.0,0,1,1
9521,1.0,0,1,1
9522,0.2,3,0,0
9523,1.0,0,1,1
9524,1.0,0,1,1
9525,1.0,0,1,1
9526,0.2,3,0,0
9527,1.0,0,1,1
9528,1.0,0,0,1
9529,1.0,0,1,1
9530,0.2,3,0,0
9531,1.0,0,1,1
9532,1.0,0,1,1
9533,0.2,3,0,0
9534,1.0,0,1,1
9535,1.0,0,1,1
9536,0.2,3,0,0
9537,0.2,3,0,0
9538,1.0,0,1,1
9539,1.0,0,1,1
9540,1.0,0,1,1
9541,1.0,0,1,1
9542,1.0,0,1,0
9543,1.0,0,1,1
9544,1.0,0,1,1
9545,1.0,0,1,0
9546,1.0,0,1,1
9547,1.0,0,1,1
9548,1.0,0,1,1
9549,1.0,0,1,1
9550,1.0,0,1,1
9551,1.0,0,1,1
9552,1.0,0,1,1
9553,0.2,3,0,0
9554,1.4,1,1,0
9555,1.0,0,1,0
9556,0.2,3,0,0
9557,0.2,3,0,0
9558,0.2,3,0,0
9559,1.8,0,1,1
9560,0.2,3,0,0
9561,1.0,0,1,1
9562,0.2,3,0,0
9563,0.2,3,0,0
9564,1.0,0,1,1
9565,1.0,0,1,1
9566,0.2,3,0,0
9567,1.0,0,1,1
9568,1.0,0,1,1
9569,0.2,3,0,0
9570,0.2,3,0,0
9571,0.2,3,0,0
9572,0.2,3,0,0
9573,1.0,0,1,1
9574,0.2,3,0,0
9575,1.0,0,1,1
9576,0.2,3,0,0
9577,1.0,0,1,0
9578,1.4,2,1,0
9579,1.0,0,1,0
9580,0.2,3,0,0
9581,3.0,0,0,1
9582,0.6000000000000001,2,1,0
9583,1.0,0,1,1
9584,0.2,3,0,0
9585,0.2,3,0,0
9586,1.0,0,1,1
9587,1.0,0,1,1
9588,0.2,3,0,0
9589,1.0,0,1,0
9590,0.2,3,0,0
9591,1.0,0,1,1
9592,0.2,3,0,0
9593,0.2,3,0,0
9594,3.4000000000000004,0,0,1
9595,3.0,0,1,0
9596,0.2,3,0,0
9597,1.0,0,1,1
9598,1.0,0,1,1
9599,0.2,3,0,0
9600,0.2,3,0,0
9601,0.2,3,0,0
9602,1.0,0,1,1
9603,0.2,3,0,0
9604,0.2,3,0,0
9605,0.2,3,0,1
9606,2.2,0,1,1
9607,1.0,0,0,1
9608,0.2,3,0,0
9609,1.0,0,1,1
9610,1.0,0,1,1
9611,0.2,3,0,0
9612,1.0,0,1,1
9613,1.0,0,1,1
9614,1.0,0,1,1
9615,0.2,0,0,1
9616,0.2,3,0,1
9617,1.0,0,1,1
9618,1.4,0,1,1
9619,0.2,3,0,0
9620,0.2,3,0,0
9621,3.4000000000000004,0,1,1
9622,1.0,0,1,1
9623,0.2,3,0,1
9624,1.0,0,1,1
9625,1.4,0,0,1
9626,0.2,3,0,0
9627,0.2,3,0,0
9628,0.2,3,0,0
9629,2.2,0,1,1
9630,1.0,0,1,1
9631,2.5999999999999996,0,0,1
9632,0.2,3,0,0
9633,0.2,3,0,0
9634,1.0,0,1,1
9635,1.0,0,1,1
9636,0.2,3,0,0
9637,1.0,0,1,1
9638,0.2,3,0,0
9639,0.2,3,0,0
9640,1.0,0,1,1
9641,0.2,3,0,0
9642,1.0,0,1,0
9643,1.0,0,1,1
9644,1.0,0,1,1
9645,0.2,3,0,0
9646,1.0,0,0,1
9647,0.6000000000000001,2,1,0
9648,0.2,3,0,0
9649,0.2,3,0,0
9650,1.0,0,1,1
9651,0.2,3,0,0
9652,1.0,0,0,1
9653,1.0,0,1,1
9654,1.0,0,1,1
9655,0.2,3,0,0
9656,1.0,0,1,0
9657,1.0,0,1,1
9658,0.2,3,0,0
9659,0.2,3,0,0
9660,0.2,3,0,0
9661,0.2,3,0,0
9662,0.2,3,0,0
9663,1.0,0,1,1
9664,0.2,0,0,0
9665,1.0,0,1,1
9666,0.2,3,0,0
9667,0.2,3,0,0
9668,3.4000000000000004,0,1,1
9669,0.2,3,0,0
9670,1.0,3,1,0
9671,1.0,0,1,1
9672,0.2,3,0,0
9673,1.0,0,1,1
9674,0.2,3,0,0
9675,1.0,0,1,1
9676,0.2,3,1,0
9677,1.0,0,1,1
9678,0.2,3,0,0
9679,0.2,3,0,0
9680,3.4000000000000004,0,0,1
9681,0.2,3,0,0
9682,0.6000000000000001,0,0,1
9683,0.2,3,0,0
9684,1.0,0,1,1
9685,1.8,1,1,0
9686,0.2,3,0,0
9687,0.2,3,0,0
9688,0.2,3,0,0
9689,0.2,0,0,1
9690,0.2,3,1,0
9691,0.2,3,0,0
9692,1.0,0,1,0
9693,1.0,0,0,1
9694,1.0,0,1,1
9695,1.0,0,1,1
9696,0.2,3,0,0
9697,1.0,0,1,1
9698,1.0,0,1,1
9699,2.5999999999999996,0,1,1
9700,0.2,3,0,0
9701,0.2,0,0,1
9702,0.2,3,0,0
9703,1.0,0,1,0
9704,3.0,0,1,1
9705,1.0,0,1,1
9706,1.0,3,1,0
9707,0.2,0,0,1
9708,1.0,0,1,1
9709,0.2,3,0,0
9710,1.0,0,1,1
9711,3.0,0,1,1
9712,1.0,0,1,1
9713,1.0,0,1,1
9714,1.0,0,1,1
9715,0.2,3,0,0
9716,0.2,3,0,0
9717,0.2,3,0,0
9718,0.6000000000000001,2,0,0
9719,0.2,3,0,0
9720,1.0,0,1,1
9721,0.2,3,0,1
9722,1.0,0,1,1
9723,2.5999999999999996,0,0,1
9724,0.2,3,0,0
9725,1.0,0,1,1
9726,1.0,0,1,1
9727,1.0,0,0,1
9728,1.0,0,1,0
9729,1.0,0,1,1
9730,1.0,0,1,1
9731,0.2,3,0,0
9732,0.2,3,0,0
9733,1.0,0,1,1
9734,0.2,3,0,0
9735,0.2,3,0,0
9736,1.0,0,1,1
9737,1.0,0,1,1
9738,0.2,3,0,0
9739,1.0,0,1,1
9740,0.2,3,1,0
9741,0.2,3,0,0
9742,1.0,0,1,1
9743,1.0,0,1,1
9744,0.2,3,0,0
9745,1.0,0,1,1
9746,1.0,0,1,1
9747,0.2,0,0,1
9748,0.2,3,0,0
9749,1.0,0,1,1
9750,0.2,3,0,0
9751,1.0,0,1,1
9752,1.0,0,1,1
9753,1.8,0,1,1
9754,1.0,0,1,1
9755,0.2,3,0,0
9756,1.0,0,1,1
9757,1.0,0,1,1
9758,1.8,0,1,1
9759,0.2,3,0,0
9760,1.0,0,1,1
9761,1.0,0,0,1
9762,0.2,3,0,0
9763,1.0,0,1,1
9764,0.2,3,0,0
9765,0.2,3,0,0
9766,0.2,3,0,0
9767,0.2,3,0,0
9768,1.0,0,1,1
9769,0.2,3,0,0
9770,3.4000000000000004,0,1,1
9771,0.2,3,0,0
9772,0.2,3,0,0
9773,1.0,0,1,1
9774,0.2,3,0,0
9775,0.2,3,0,0
9776,1.0,0,1,1
9777,1.0,0,1,1
9778,1.0,0,1,1
9779,1.0,0,1,1
9780,0.2,3,0,0
9781,1.4,0,0,1
9782,0.2,3,0,0
9783,1.0,0,1,1
9784,0.2,3,0,0
9785,0.2,0,1,1
9786,0.2,3,0,0
9787,1.0,0,1,1
9788,0.2,0,0,1
9789,1.0,0,1,1
9790,0.2,3,0,0
9791,1.0,0,1,0
9792,1.0,0,1,0
9793,1.0,0,1,1
9794,1.0,0,0,1
9795,1.4,0,1,1
9796,0.2,3,0,0
9797,1.0,0,1,1
9798,1.0,0,1,1
9799,0.2,3,0,0
9800,0.2,3,0,0
9801,0.2,3,0,0
9802,0.2,3,0,0
9803,1.0,3,1,0
9804,3.4000000000000004,2,1,0
9805,0.2,3,0,0
9806,1.0,0,1,1
9807,1.0,0,1,1
9808,1.0,0,1,1
9809,1.0,0,1,0
9810,1.8,0,1,1
9811,0.2,3,0,1
9812,3.4000000000000004,0,1,1
9813,1.0,0,1,0
9814,3.4000000000000004,1,0,0
9815,0.2,3,1,0
9816,0.2,3,0,0
9817,0.2,0,0,1
9818,0.2,3,0,0
9819,1.0,0,1,1
9820,0.2,3,0,0
9821,0.2,3,0,0
9822,1.0,0,1,1
9823,0.2,3,0,0
9824,1.0,0,1,1
9825,1.0,0,1,1
9826,0.2,3,0,0
9827,1.0,0,1,1
9828,0.2,3,0,0
9829,2.2,1,1,0
9830,0.2,3,0,0
9831,1.0,0,0,1
9832,0.2,3,0,0
9833,1.0,0,1,0
9834,1.0,0,1,1
9835,1.0,0,1,1
9836,1.0,0,1,1
9837,1.0,0,1,1
9838,1.4,0,1,1
9839,1.0,0,1,1
9840,0.2,3,0,0
9841,1.0,0,1,1
9842,1.0,0,1,1
9843,0.2,3,0,0
9844,0.2,3,1,0
9845,1.0,0,1,1
9846,1.8,0,1,1
9847,0.2,3,0,0
9848,1.0,0,1,1
9849,0.2,3,0,0
9850,1.0,0,1,1
9851,2.2,0,1,1
9852,1.0,0,1,1
9853,0.2,3,0,0
9854,1.0,0,1,1
9855,1.0,0,1,1
9856,1.0,0,1,1
9857,1.0,0,1,1
9858,0.2,3,0,0
9859,0.2,3,0,0
9860,0.2,3,0,0
9861,1.0,0,1,1
9862,0.2,3,0,0
9863,0.2,3,0,0
9864,0.2,3,0,0
9865,0.2,3,0,0
9866,0.2,3,0,0
9867,0.2,3,0,0
9868,1.0,0,1,1
9869,0.2,3,0,0
9870,0.2,3,0,0
9871,0.2,3,0,1
9872,1.0,0,1,1
9873,1.0,0,1,0
9874,1.0,0,1,1
9875,1.0,0,1,1
9876,1.0,0,1,1
9877,0.2,3,1,0
9878,0.2,3,0,0
9879,1.0,0,1,1
9880,1.0,0,1,0
9881,0.2,3,0,0
9882,3.8,0,0,0
9883,3.8,0,0,1
9884,3.8,1,1,0
9885,0.2,3,0,0
9886,0.2,3,0,0
9887,0.2,3,0,0
9888,1.0,0,1,1
9889,0.2,3,0,0
9890,1.0,0,1,0
9891,0.2,3,0,0
9892,0.2,0,0,0
9893,1.0,0,1,1
9894,1.0,0,1,1
9895,0.2,0,0,1
9896,1.0,0,1,1
9897,1.0,0,1,1
9898,0.2,0,0,1
9899,1.0,0,1,1
9900,1.0,0,1,1
9901,0.2,3,0,0
9902,0.2,3,0,0
9903,0.2,3,0,0
9904,1.0,0,1,1
9905,1.0,0,1,1
9906,1.0,0,1,1
9907,0.2,3,0,0
9908,2.2,0,0,1
9909,1.0,0,1,0
9910,0.2,3,0,0
9911,1.0,0,0,1
9912,1.0,0,1,1
9913,1.0,0,1,1
9914,0.2,3,0,0
9915,0.2,3,0,0
9916,1.0,0,1,1
9917,0.2,3,0,0
9918,0.2,3,0,0
9919,1.0,0,1,1
9920,0.2,3,0,0
9921,1.0,0,1,1
9922,1.0,0,1,1
9923,0.2,3,0,0
9924,1.0,0,1,1
9925,1.0,0,1,1
9926,1.0,0,1,1
9927,0.2,0,0,1
9928,1.0,0,1,1
9929,0.2,3,0,0
9930,1.0,0,1,1
9931,3.8,0,0,1
9932,1.0,0,0,1
9933,1.0,0,1,1
9934,1.0,0,1,1
9935,1.0,0,0,1
9936,0.2,3,0,0
9937,1.0,0,1,1
9938,0.2,3,0,0
9939,0.6000000000000001,2,0,0
9940,1.0,0,1,1
9941,1.0,0,1,0
9942,0.2,3,0,0
9943,0.2,3,0,0
9944,2.2,2,0,0
9945,1.0,0,1,1
9946,0.2,3,0,0
9947,1.4,0,1,1
9948,0.2,3,0,0
9949,0.2,3,0,0
9950,0.2,3,0,0
9951,0.2,3,0,0
9952,1.0,0,1,1
9953,1.0,0,1,0
9954,0.2,0,0,1
9955,0.2,3,0,0
9956,0.2,3,0,0
9957,1.0,0,1,1
9958,1.0,0,1,1
9959,1.0,0,1,1
9960,1.0,0,1,1
9961,0.2,3,0,0
9962,0.2,3,0,1
9963,0.2,3,0,0
9964,1.0,0,1,1
9965,0.2,3,0,1
9966,1.0,0,1,1
9967,0.2,0,0,1
9968,0.2,3,0,0
9969,1.0,0,1,1
9970,3.8,0,0,1
9971,0.2,3,0,0
9972,1.0,0,1,1
9973,3.8,1,1,0
9974,1.0,0,1,1
9975,3.4000000000000004,2,1,0
9976,1.0,0,1,1
9977,0.2,3,1,0
9978,1.0,0,1,1
9979,0.2,0,0,1
9980,1.0,0,1,1
9981,1.0,0,1,1
9982,0.2,3,0,0
9983,1.0,0,1,1
9984,1.0,0,1,1
9985,0.2,3,0,0
9986,1.0,0,1,1
9987,1.0,0,1,1
9988,1.0,0,1,1
9989,3.0,2,1,0
9990,1.0,0,1,1
9991,3.4000000000000004,0,0,1
9992,0.2,3,0,0
9993,0.2,3,0,0
9994,0.2,3,0,0
9995,0.2,3,0,0
9996,1.0,0,1,1
9997,1.0,0,0,1
9998,0.2,3,0,0
9999,0.2,3,0,0
10000,1.0,0,1,1
10001,0.2,3,0,0
10002,1.0,0,1,1
10003,0.2,3,0,0
10004,0.2,3,0,0
10005,0.2,3,0,0
10006,1.0,0,1,1
10007,0.2,0,0,1
10008,1.0,0,1,1
10009,0.2,3,0,0
10010,0.2,3,0,0
10011,1.8,0,0,1
10012,1.0,0,1,1
10013,1.0,0,1,1
10014,0.2,3,0,0
10015,0.2,3,0,0
10016,1.0,0,1,1
10017,1.0,0,1,1
10018,1.0,0,1,1
10019,1.0,0,1,1
10020,3.8,1,1,0
10021,1.0,0,1,1
10022,1.0,0,1,1
10023,0.2,3,0,0
10024,0.2,3,0,0
10025,3.4000000000000004,1,1,0
10026,0.2,3,0,0
10027,0.2,3,0,0
10028,1.0,0,1,1
10029,0.2,3,0,0
10030,2.5999999999999996,0,1,1
10031,0.2,3,0,0
10032,1.0,0,1,1
10033,0.2,3,0,0
10034,1.0,0,1,1
10035,0.2,3,0,0
10036,1.0,0,0,1
10037,0.2,3,0,0
10038,0.2,3,0,0
10039,0.2,3,1,0
10040,0.2,3,0,0
10041,1.0,0,1,0
10042,0.6000000000000001,0,1,1
10043,1.0,0,1,1
10044,0.2,3,0,0
10045,0.2,3,0,0
10046,0.2,3,0,0
10047,0.2,3,0,0
10048,0.2,3,0,0
10049,1.0,0,1,0
10050,0.2,3,0,0
10051,1.0,0,1,1
10052,0.2,3,0,0
10053,0.2,3,1,0
10054,1.0,0,1,0
10055,0.2,3,0,0
10056,0.2,3,0,0
10057,1.0,0,0,1
10058,1.4,0,1,1
10059,0.2,3,0,0
10060,0.2,3,0,1
10061,1.0,0,0,1
10062,1.0,0,1,0
10063,3.8,2,1,0
10064,0.2,3,0,0
10065,0.2,3,0,1
10066,1.0,0,1,1
10067,0.2,0,0,0
10068,0.2,3,0,0
10069,1.0,0,1,1
10070,1.0,0,1,0
10071,1.0,0,1,0
10072,1.0,0,1,1
10073,3.0,0,0,1
10074,0.2,3,0,0
10075,0.2,3,0,0
10076,1.0,0,1,1
10077,2.2,1,0,0
10078,1.8,2,1,0
10079,1.0,0,1,1
10080,0.2,3,1,0
10081,0.2,3,0,0
10082,0.2,3,0,0
10083,0.2,3,0,0
10084,1.0,0,1,1
10085,0.2,3,0,0
10086,1.0,0,1,1
10087,1.0,0,1,1
10088,1.0,0,1,1
10089,0.2,3,0,0
10090,0.2,3,0,0
10091,1.0,0,1,1
10092,0.2,0,0,1
10093,0.2,0,0,0
10094,0.2,3,0,0
10095,0.2,3,0,0
10096,0.2,3,0,0
10097,0.2,0,0,1
10098,1.0,0,1,1
10099,2.5999999999999996,2,1,0
10100,1.0,0,1,1
10101,3.4000000000000004,0,0,0
10102,0.2,3,0,1
10103,3.0,1,1,0
10104,3.0,0,1,1
10105,1.0,0,1,1
10106,2.2,0,0,1
10107,1.0,0,1,1
10108,0.6000000000000001,0,1,1
10109,0.2,3,1,0
10110,1.0,0,1,1
10111,1.0,0,1,1
10112,1.0,0,1,1
10113,1.0,0,1,1
10114,0.2,3,0,0
10115,1.0,0,1,1
10116,1.0,0,1,1
10117,0.6000000000000001,0,1,1
10118,0.2,3,0,0
10119,1.0,0,1,1
10120,1.0,0,1,1
10121,0.2,3,0,0
10122,0.2,3,0,0
10123,1.0,0,1,1
10124,0.2,0,0,0
10125,1.0,0,1,0
10126,0.2,3,0,0
10127,1.0,0,1,1
10128,1.0,0,1,1
10129,1.0,0,1,1
10130,1.0,0,1,0
10131,0.2,3,0,0
10132,1.0,0,1,0
10133,3.8,1,0,0
10134,0.2,3,0,0
10135,1.0,3,1,0
10136,1.0,0,1,1
10137,1.0,0,1,1
10138,0.2,3,0,0
10139,0.2,3,0,0
10140,2.2,0,1,1
10141,1.0,0,1,1
10142,3.0,0,1,1
10143,1.0,0,1,1
10144,1.8,0,0,1
10145,0.2,3,0,0
10146,1.0,0,1,1
10147,1.0,0,1,1
10148,1.0,0,1,1
10149,1.0,0,1,1
10150,1.0,0,1,1
10151,0.2,3,0,0
10152,3.4000000000000004,0,0,1
10153,0.2,3,0,0
10154,1.0,0,1,1
10155,2.2,0,1,1
10156,0.2,3,0,0
10157,0.2,3,1,0
10158,1.0,0,1,1
10159,0.2,3,0,0
10160,1.0,0,1,1
10161,1.0,0,1,0
10162,1.8,0,1,0
10163,0.2,3,0,0
10164,1.4,0,1,1
10165,0.2,3,0,0
10166,0.2,3,0,0
10167,2.5999999999999996,0,0,1
10168,1.0,0,1,1
10169,0.2,3,0,0
10170,1.0,0,1,0
10171,0.2,3,0,0
10172,1.0,0,1,1
10173,0.2,3,0,0
10174,1.0,0,1,1
10175,1.0,0,1,1
10176,0.2,3,0,0
10177,0.2,3,0,0
10178,0.2,3,0,0
10179,1.0,0,0,1
10180,3.0,2,0,0
10181,1.0,0,1,1
10182,2.2,0,1,1
10183,0.2,3,0,0
10184,1.0,0,1,1
10185,1.0,0,1,1
10186,1.0,0,1,1
10187,0.2,3,0,0
10188,0.2,3,0,0
10189,0.2,3,0,0
10190,1.0,0,1,1
10191,0.2,3,0,0
10192,1.0,0,1,1
10193,1.0,3,1,0
10194,2.2,2,1,0
10195,0.2,0,0,1
10196,0.2,3,1,0
10197,1.0,0,1,1
10198,0.2,3,0,0
10199,1.0,0,1,0
10200,1.0,0,1,1
10201,1.0,0,1,1
10202,1.0,0,1,1
10203,0.2,3,0,0
10204,1.0,0,1,1
10205,0.2,3,0,0
10206,0.2,3,0,0
10207,1.0,0,1,0
10208,1.0,0,0,1
10209,0.2,3,0,0
10210,3.4000000000000004,2,1,0
10211,0.2,3,0,0
10212,2.2,1,1,0
10213,1.0,0,1,1
10214,1.4,1,0,0
10215,1.0,0,1,0
10216,1.0,0,1,1
10217,1.0,0,1,1
10218,1.0,0,1,1
10219,0.2,3,0,0
10220,0.2,3,0,0
10221,1.0,0,1,1
10222,0.2,3,0,0
10223,0.2,3,0,0
10224,1.0,0,1,1
10225,1.0,0,1,1
10226,1.0,0,1,1
10227,2.5999999999999996,0,1,1
10228,0.2,3,0,0
10229,1.0,0,1,1
10230,1.0,0,1,1
10231,0.6000000000000001,1,1,0
10232,0.6000000000000001,0,1,1
10233,0.2,3,0,0
10234,1.0,3,1,0
10235,0.2,3,1,0
10236,1.0,0,1,1
10237,1.0,0,1,1
10238,0.2,3,0,0
10239,2.5999999999999996,0,1,1
10240,0.2,3,0,0
10241,0.2,3,0,0
10242,1.0,0,1,1
10243,2.2,1,1,0
10244,3.4000000000000004,0,0,1
10245,1.0,0,0,1
10246,1.0,0,1,1
10247,0.2,3,0,0
10248,0.2,3,0,0
10249,0.2,3,0,0
10250,1.0,0,1,1
10251,0.2,3,0,0
10252,0.2,3,0,0
10253,1.4,0,1,1
10254,0.2,3,0,0
10255,0.6000000000000001,0,0,0
10256,1.8,0,0,1
10257,1.0,0,1,0
10258,0.2,3,0,0
10259,1.0,0,1,1
10260,1.0,0,1,1
10261,1.0,0,1,1
10262,1.0,0,1,1
10263,3.0,1,1,0
10264,1.0,3,1,0
10265,2.2,2,0,0
10266,0.2,3,0,0
10267,0.2,3,0,0
10268,0.2,3,0,0
10269,2.5999999999999996,1,1,0
10270,0.2,0,0,1
10271,1.0,0,1,1
10272,1.0,0,1,1
10273,0.2,3,0,0
10274,1.0,3,1,0
10275,0.2,3,0,1
10276,1.0,0,1,1
10277,0.2,3,0,0
10278,1.0,0,1,1
10279,1.0,0,1,1
10280,1.0,0,1,1
10281,0.2,3,0,0
10282,1.0,0,1,1
10283,0.2,3,0,0
10284,0.2,3,0,0
10285,0.2,3,0,0
10286,1.0,0,1,1
10287,1.0,0,1,1
10288,1.0,0,1,1
10289,1.0,0,1,1
10290,1.0,0,1,1
10291,1.0,0,1,0
10292,0.2,3,1,0
10293,0.2,3,0,1
10294,0.2,3,0,0
10295,0.2,3,0,0
10296,1.0,0,1,1
10297,3.4000000000000004,0,0,0
10298,0.2,3,0,0
10299,1.0,0,1,1
10300,0.2,3,0,0
10301,1.0,0,1,1
10302,0.2,3,0,0
10303,1.0,0,1,1
10304,0.2,3,1,0
10305,1.0,0,1,1
10306,1.0,0,1,1
10307,0.2,3,0,0
10308,0.2,0,0,1
10309,1.0,0,0,1
10310,0.2,3,0,0
10311,2.5999999999999996,0,1,1
10312,0.2,3,0,0
10313,1.0,0,1,0
10314,1.0,0,1,1
10315,0.2,3,0,0
10316,1.0,0,1,1
10317,0.6000000000000001,0,1,1
10318,0.2,3,0,1
10319,0.2,0,0,1
10320,0.2,3,0,0
10321,0.2,3,0,0
10322,0.2,3,0,0
10323,1.4,0,1,1
10324,1.0,0,1,1
10325,0.2,3,0,0
10326,1.0,0,1,1
10327,0.2,3,0,0
10328,1.0,0,1,0
10329,0.2,3,0,0
10330,1.0,0,1,1
10331,1.0,0,1,1
10332,3.0,0,0,1
10333,0.2,0,0,1
10334,0.2,3,0,0
10335,1.0,0,1,1
10336,1.0,0,1,0
10337,0.2,3,0,1
10338,0.2,3,0,0
10339,1.0,0,1,1
10340,0.2,3,0,0
10341,1.0,0,1,1
10342,1.0,0,1,1
10343,2.2,2,0,0
10344,0.2,3,1,0
10345,2.5999999999999996,0,1,1
10346,0.2,0,0,1
10347,1.4,2,1,0
10348,3.4000000000000004,0,1,1
10349,0.2,0,0,1
10350,0.2,3,0,0
10351,2.5999999999999996,0,1,0
10352,1.0,0,1,1
10353,1.0,0,1,1
10354,1.0,0,1,1
10355,1.0,0,1,1
10356,1.0,0,1,1
10357,1.8,0,0,1
10358,1.8,0,0,1
10359,1.0,0,1,1
10360,1.8,0,1,1
10361,0.2,3,0,0
10362,0.2,3,0,0
10363,2.2,0,1,1
10364,1.0,0,1,1
10365,1.0,0,1,1
10366,0.2,0,0,1
10367,1.0,0,1,0
10368,1.0,0,1,1
10369,0.2,3,0,0
10370,1.0,0,1,1
10371,0.2,3,0,0
10372,0.2,3,0,0
10373,1.0,3,1,0
10374,0.6000000000000001,0,1,1
10375,0.2,3,0,0
10376,0.2,3,0,0
10377,0.2,3,0,0
10378,0.2,3,0,0
10379,1.0,0,1,1
10380,0.2,3,0,0
10381,0.2,3,0,0
10382,0.2,3,0,0
10383,1.0,0,1,1
10384,0.2,3,0,0
10385,1.0,0,1,0
10386,0.2,3,0,0
10387,0.2,3,0,0
10388,1.0,0,1,1
10389,0.2,3,0,0
10390,3.8,2,1,0
10391,1.0,0,1,0
10392,0.2,0,0,1
10393,1.0,0,1,1
10394,0.2,3,0,0
10395,1.0,0,1,1
10396,1.0,0,1,0
10397,1.0,0,1,1
10398,1.0,0,1,0
10399,0.6000000000000001,2,1,0
10400,1.0,0,1,1
10401,1.8,0,1,0
10402,1.0,0,1,0
10403,0.2,3,0,0
10404,1.0,0,1,1
10405,1.0,0,1,1
10406,1.0,0,1,1
10407,3.4000000000000004,2,0,0
10408,1.0,0,1,1
10409,0.2,3,0,0
10410,0.2,3,0,0
10411,0.2,3,0,0
10412,1.0,0,1,1
10413,1.0,0,1,1
10414,0.2,3,0,0
10415,0.2,3,0,1
10416,1.8,1,0,0
10417,0.2,3,0,0
10418,1.0,0,1,1
10419,1.0,0,1,0
10420,1.0,0,1,1
10421,1.0,0,1,1
10422,0.2,3,0,0
10423,0.6000000000000001,0,1,1
10424,0.2,3,0,0
10425,1.0,0,1,1
10426,2.5999999999999996,0,1,1
10427,1.0,0,1,1
10428,0.2,3,0,1
10429,0.2,3,0,0
10430,1.0,0,1,1
10431,0.2,3,0,0
10432,0.2,3,0,0
10433,0.2,3,0,0
10434,1.0,0,1,1
10435,0.2,3,0,0
10436,1.0,0,1,1
10437,3.4000000000000004,1,1,0
10438,1.0,0,1,1
10439,1.8,0,1,0
10440,0.2,3,0,0
10441,3.4000000000000004,0,0,0
10442,3.0,1,0,0
10443,1.0,0,1,1
10444,1.0,0,1,1
10445,1.0,0,1,1
10446,1.0,0,1,1
10447,1.0,0,1,0
10448,0.2,0,0,1
10449,0.2,3,0,0
10450,3.8,0,0,1
10451,3.4000000000000004,0,0,0
10452,1.0,0,1,1
10453,0.2,3,0,0
10454,3.8,2,1,0
10455,1.0,0,1,0
10456,0.2,3,0,0
10457,1.0,0,1,1
10458,0.2,3,1,0
10459,0.2,3,0,0
10460,0.2,3,0,0
10461,1.0,0,0,0
10462,1.0,3,1,0
10463,0.2,3,0,0
10464,1.0,0,1,1
10465,3.0,1,1,0
10466,0.2,3,0,1
10467,1.0,0,0,1
10468,0.2,3,0,0
10469,0.2,3,0,0
10470,0.2,0,0,1
10471,1.0,0,1,1
10472,1.0,0,1,1
10473,1.0,0,1,1
10474,2.2,0,1,1
10475,0.2,3,0,0
10476,1.0,0,1,1
10477,1.0,0,1,1
10478,0.2,3,0,0
10479,0.2,3,0,0
10480,0.2,3,0,0
10481,1.0,0,1,1
10482,1.0,0,1,1
10483,0.2,0,0,1
10484,0.2,3,0,0
10485,1.0,0,1,1
10486,1.0,0,1,1
10487,1.0,0,1,0
10488,1.0,0,0,1
10489,1.4,0,1,1
10490,1.0,0,0,1
10491,0.2,3,0,0
10492,1.0,0,1,1
10493,1.0,0,1,1
10494,0.2,3,0,0
10495,0.2,3,0,0
10496,1.0,0,1,1
10497,1.0,0,1,1
10498,0.2,3,0,0
10499,1.0,0,1,1
10500,0.2,0,0,1
10501,0.2,3,1,0
10502,0.2,3,1,0
10503,1.0,0,1,1
10504,0.2,3,0,0
10505,0.2,3,0,0
10506,1.0,0,0,1
10507,0.2,3,0,0
10508,1.0,0,1,1
10509,1.0,0,1,1
10510,0.2,3,0,0
10511,0.2,3,0,0
10512,1.0,0,1,1
10513,1.0,0,1,1
10514,0.2,3,0,0
10515,1.0,0,1,1
10516,1.0,0,1,1
10517,0.2,0,0,1
10518,3.0,0,1,1
10519,1.0,0,1,0
10520,1.0,0,1,1
10521,0.2,3,0,0
10522,0.6000000000000001,1,1,0
10523,1.0,0,1,1
10524,3.8,0,1,0
10525,0.2,3,0,0
10526,1.0,0,1,1
10527,1.0,3,1,0
10528,1.0,0,1,1
10529,0.2,3,0,0
10530,1.4,2,1,0
10531,2.5999999999999996,1,1,0
10532,0.2,3,0,0
10533,3.0,1,1,0
10534,0.2,0,0,1
10535,1.0,0,1,1
10536,1.0,0,1,1
10537,1.0,0,1,1
10538,0.2,3,0,0
10539,0.2,3,0,0
10540,0.2,3,0,0
10541,1.0,0,1,1
10542,2.5999999999999996,2,0,0
10543,3.0,0,1,0
10544,3.8,2,1,0
10545,0.2,3,0,1
10546,0.2,3,0,0
10547,0.2,3,0,0
10548,0.2,3,0,0
10549,2.2,0,1,1
10550,0.2,3,0,0
10551,1.4,0,1,0
10552,3.0,0,1,1
10553,0.2,3,0,0
10554,1.4,2,1,0
10555,1.0,0,1,1
10556,0.2,3,0,0
10557,2.2,0,1,1
10558,0.2,3,1,0
10559,0.2,3,0,0
10560,0.2,3,0,0
10561,0.2,3,0,0
10562,1.0,0,1,1
10563,1.4,0,1,1
10564,0.2,0,0,1
10565,0.2,3,0,0
10566,0.2,3,0,1
10567,0.2,0,0,1
10568,1.0,0,1,0
10569,0.2,3,0,0
10570,0.2,3,0,0
10571,1.0,0,1,1
10572,0.2,3,0,0
10573,1.0,0,1,1
10574,1.0,0,1,1
10575,0.2,3,0,0
10576,1.0,0,1,1
10577,0.2,3,0,0
10578,0.2,3,0,0
10579,1.0,0,1,1
10580,1.0,0,1,0
10581,1.0,0,1,0
10582,0.2,3,0,0
10583,0.2,3,0,0
10584,0.2,0,0,0
10585,1.0,0,1,1
10586,1.0,0,1,1
10587,1.0,0,1,1
10588,3.4000000000000004,1,0,0
10589,0.2,3,0,0
10590,0.2,3,0,0
10591,3.4000000000000004,1,0,0
10592,0.2,3,0,0
10593,0.2,3,0,0
10594,1.0,0,1,0
10595,1.0,0,1,1
10596,1.0,0,1,1
10597,1.0,0,1,1
10598,0.2,3,0,0
10599,0.2,3,0,0
10600,1.0,0,1,1
10601,0.2,3,0,0
10602,0.2,3,0,0
10603,1.0,0,1,1
10604,1.0,0,1,0
10605,0.2,3,0,0
10606,1.0,0,1,1
10607,0.2,3,0,0
10608,1.0,0,1,1
10609,0.2,3,0,0
10610,0.2,3,0,0
10611,0.2,3,0,0
10612,1.0,0,1,1
10613,1.0,0,1,0
10614,1.0,0,1,1
10615,0.2,3,0,0
10616,0.2,3,0,1
10617,1.0,0,1,1
10618,0.2,0,0,1
10619,1.0,0,1,0
10620,0.2,3,0,0
10621,0.2,3,0,0
10622,1.0,0,1,1
10623,0.2,0,0,1
10624,1.0,0,1,1
10625,0.2,3,0,0
10626,3.4000000000000004,0,1,1
10627,0.2,3,0,0
10628,1.0,0,1,1
10629,1.4,0,1,1
10630,1.0,0,1,1
10631,1.0,0,1,1
10632,0.2,3,0,0
10633,0.2,3,0,0
10634,1.4,1,1,0
10635,0.2,0,0,1
10636,1.0,0,1,1
10637,1.0,0,1,1
10638,1.0,0,1,1
10639,1.0,0,1,1
10640,0.2,3,0,0
10641,0.2,3,1,0
10642,1.0,0,1,1
10643,1.0,0,1,1
10644,0.2,3,0,0
10645,0.2,3,0,1
10646,0.2,0,0,1
10647,0.2,3,0,0
10648,2.2,0,1,1
10649,1.0,0,1,1
10650,1.0,0,0,1
10651,1.0,0,1,1
10652,0.2,3,0,0
10653,0.2,3,0,0
10654,1.0,0,1,1
10655,1.0,0,1,0
10656,1.0,0,1,1
10657,1.0,0,1,1
10658,1.0,0,1,1
10659,0.2,3,0,0
10660,0.2,3,0,0
10661,0.2,3,0,0
10662,1.0,0,1,1
10663,0.2,3,0,0
10664,1.4,2,1,0
10665,1.0,0,1,1
10666,1.0,0,1,1
10667,1.0,0,1,1
10668,0.2,3,0,0
10669,0.2,3,0,0
10670,1.0,0,1,0
10671,1.0,0,1,1
10672,1.0,0,1,1
10673,0.2,3,0,0
10674,0.2,3,0,0
10675,0.2,0,0,1
10676,0.2,3,0,0
10677,0.2,3,0,0
10678,1.0,0,1,0
10679,1.0,0,1,1
10680,3.8,0,1,1
10681,1.0,0,1,1
10682,1.0,0,1,1
10683,2.2,0,1,1
10684,0.2,3,0,0
10685,0.2,3,0,0
10686,1.0,0,1,1
10687,0.2,3,0,0
10688,1.0,0,1,1
10689,0.2,0,0,0
10690,1.0,0,0,1
10691,0.2,3,0,0
10692,0.2,3,0,0
10693,1.0,0,1,1
10694,1.0,0,1,1
10695,1.0,0,1,1
10696,1.0,0,1,1
10697,1.0,0,1,1
10698,0.2,3,0,0
10699,0.2,3,0,0
10700,3.4000000000000004,2,1,0
10701,0.2,0,0,1
10702,1.0,0,1,1
10703,1.0,0,1,1
10704,1.0,0,1,1
10705,1.0,0,1,1
10706,0.2,3,0,1
10707,1.0,0,1,1
10708,1.0,0,1,1
10709,1.0,0,1,1
10710,1.0,0,1,1
10711,1.0,0,1,1
10712,0.2,3,0,0
10713,0.2,3,0,0
10714,1.0,0,1,1
10715,1.0,0,1,1
10716,1.0,0,0,1
10717,0.2,3,0,0
10718,0.6000000000000001,0,1,1
10719,0.2,3,1,0
10720,1.0,0,1,1
10721,1.0,0,1,1
10722,1.0,0,1,1
10723,1.0,0,1,0
10724,0.2,3,0,0
10725,0.2,3,0,0
10726,0.2,3,0,0
10727,1.0,0,1,1
10728,0.2,3,0,1
10729,1.0,0,1,0
10730,1.0,0,1,1
10731,1.0,0,1,1
10732,1.0,0,1,1
10733,0.2,3,0,0
10734,1.0,0,1,1
10735,0.2,3,0,0
10736,3.8,0,1,1
10737,0.2,3,0,0
10738,1.0,0,1,1
10739,1.0,0,1,1
10740,1.8,2,1,0
10741,0.2,3,0,0
10742,0.2,3,0,0
10743,2.2,1,1,0
10744,1.0,0,0,1
10745,1.0,0,1,1
10746,1.0,0,1,1
10747,0.2,3,0,0
10748,0.2,3,0,0
10749,0.2,0,0,1
10750,1.8,2,1,0
10751,0.2,3,0,0
10752,1.0,0,1,1
10753,1.0,0,1,1
10754,0.2,3,0,0
10755,0.2,3,0,0
10756,1.0,0,1,1
10757,1.0,3,1,0
10758,0.2,3,0,0
10759,0.2,0,0,1
10760,0.2,3,0,0
10761,1.0,0,1,1
10762,0.2,3,1,0
10763,0.2,3,0,0
10764,0.2,3,0,0
10765,0.2,3,0,0
10766,0.2,3,0,0
10767,0.2,3,0,0
10768,1.0,0,1,0
10769,0.6000000000000001,0,0,1
10770,0.2,3,1,0
10771,1.0,0,1,1
10772,0.2,3,0,0
10773,1.0,0,1,1
10774,1.0,0,1,1
10775,3.8,1,1,0
10776,0.2,3,0,0
10777,0.2,3,0,0
10778,1.0,0,1,1
10779,3.4000000000000004,0,1,1
10780,0.2,3,0,0
10781,1.0,0,1,0
10782,1.0,0,1,1
10783,0.2,3,0,0
10784,0.2,3,0,0
10785,0.2,3,1,0
10786,1.0,0,1,1
10787,0.2,3,0,0
10788,0.2,3,0,0
10789,0.2,3,0,0
10790,1.0,0,1,1
10791,1.0,0,1,1
10792,0.2,3,0,0
10793,1.0,0,1,1
10794,1.0,0,1,0
10795,0.6000000000000001,0,1,1
10796,1.0,0,1,0
10797,1.0,0,1,1
10798,0.2,3,1,1
10799,0.2,3,0,0
10800,1.0,0,1,1
10801,1.0,0,1,1
10802,0.2,3,0,0
10803,0.2,3,0,0
10804,3.4000000000000004,0,1,1
10805,1.0,0,0,1
10806,1.0,0,1,1
10807,0.6000000000000001,0,0,1
10808,1.0,3,1,0
10809,1.0,0,1,1
10810,0.2,3,0,0
10811,0.2,3,0,0
10812,0.2,3,0,0
10813,1.4,0,1,1
10814,1.0,0,1,1
10815,1.0,0,0,1
10816,0.2,3,0,0
10817,1.0,0,1,1
10818,0.2,3,0,0
10819,1.0,0,1,1
10820,1.0,0,1,1
10821,1.0,0,0,1
10822,1.0,0,1,1
10823,3.4000000000000004,0,1,1
10824,1.0,0,1,0
10825,3.0,0,1,1
10826,1.0,0,1,1
10827,0.2,3,0,0
10828,0.2,3,0,0
10829,1.0,0,1,1
10830,0.2,3,0,0
10831,0.2,3,0,0
10832,3.0,0,1,0
10833,0.2,3,0,0
10834,0.2,3,0,0
10835,0.2,3,0,0
10836,1.0,0,1,1
10837,1.0,0,1,1
10838,0.2,3,0,0
10839,1.0,0,1,0
10840,0.2,3,0,0
10841,1.0,0,1,1
10842,0.2,3,0,0
10843,1.0,0,0,1
10844,0.2,3,0,1
10845,1.0,0,1,1
10846,0.2,3,0,0
10847,3.4000000000000004,1,1,0
10848,1.0,0,1,1
10849,1.0,0,1,0
10850,1.8,1,1,0
10851,0.2,3,0,0
10852,0.2,3,0,0
10853,1.4,0,1,1
10854,0.2,3,0,0
10855,0.2,3,0,0
10856,0.2,3,0,0
10857,0.2,0,0,1
10858,2.5999999999999996,2,0,0
10859,1.0,0,1,1
10860,0.6000000000000001,1,0,0
10861,1.8,0,0,1
10862,0.2,0,0,1
10863,1.0,0,1,1
10864,1.0,0,1,0
10865,1.0,0,1,1
10866,1.0,0,1,1
10867,1.0,0,1,1
10868,0.2,3,0,0
10869,1.0,0,0,1
10870,1.0,0,1,1
10871,0.2,3,0,0
10872,0.2,3,0,0
10873,1.8,0,0,1
10874,1.0,0,1,1
10875,1.0,0,1,1
10876,0.2,3,0,0
10877,1.4,1,1,0
10878,1.0,0,1,1
10879,1.0,0,1,1
10880,3.0,0,1,1
10881,1.0,0,1,1
10882,3.4000000000000004,0,1,1
10883,0.2,3,0,0
10884,0.2,3,0,0
10885,1.4,1,1,0
10886,0.2,3,0,0
10887,0.2,3,0,0
10888,1.0,0,1,1
10889,1.0,0,1,1
10890,1.0,0,1,0
10891,0.2,3,0,0
10892,1.0,0,1,1
10893,0.2,3,0,0
10894,0.2,3,0,1
10895,1.0,0,1,1
10896,0.2,0,0,0
10897,0.2,0,0,0
10898,1.0,0,1,0
10899,0.2,0,0,0
10900,0.2,3,0,0
10901,1.0,0,1,1
10902,1.0,0,1,1
10903,0.6000000000000001,0,1,1
10904,1.0,0,1,1
10905,3.0,2,1,0
10906,0.2,3,0,0
10907,0.2,3,0,0
10908,1.0,0,1,0
10909,1.0,0,1,1
10910,0.2,3,0,0
10911,0.2,3,0,0
10912,0.2,3,0,0
10913,0.2,3,0,0
10914,0.2,3,0,0
10915,0.2,3,0,0
10916,1.0,0,1,0
10917,1.0,0,1,1
10918,1.0,0,1,1
10919,0.2,3,0,0
10920,1.0,0,1,1
10921,0.2,3,0,0
10922,0.2,3,0,0
10923,1.0,0,1,1
10924,1.0,0,1,1
10925,1.4,0,0,1
10926,1.0,0,1,1
10927,0.2,3,0,0
10928,0.2,3,0,0
10929,0.2,3,0,0
10930,1.0,0,1,1
10931,0.2,3,0,0
10932,0.2,3,0,0
10933,1.0,0,1,1
10934,0.6000000000000001,0,0,1
10935,0.2,0,0,1
10936,3.8,0,1,1
10937,0.2,3,0,0
10938,1.0,0,1,1
10939,1.0,0,1,1
10940,0.2,3,0,0
10941,1.0,0,1,1
10942,1.0,0,1,1
10943,0.2,3,0,0
10944,0.2,3,0,0
10945,1.8,0,0,0
10946,0.2,3,0,0
10947,1.0,0,1,1
10948,1.0,0,1,1
10949,0.2,3,0,0
10950,0.2,3,0,0
10951,0.2,3,0,0
10952,0.2,3,0,0
10953,2.5999999999999996,0,0,1
10954,0.2,3,0,0
10955,0.2,3,0,0
10956,1.0,0,1,1
10957,0.2,3,0,0
10958,0.2,3,0,0
10959,1.0,0,0,1
10960,1.0,0,1,1
10961,0.2,0,0,1
10962,1.8,1,1,0
10963,0.2,3,0,0
10964,1.0,0,1,1
10965,1.0,0,1,1
10966,0.2,3,0,0
10967,1.8,0,0,1
10968,1.0,0,1,1
10969,1.8,0,1,1
10970,1.0,0,1,1
10971,0.2,3,0,0
10972,1.0,0,1,1
10973,0.2,3,0,0
10974,0.2,3,0,1
10975,0.2,3,0,0
10976,0.2,3,0,0
10977,0.2,3,0,0
10978,1.0,0,1,1
10979,0.2,3,0,0
10980,1.0,0,1,1
10981,0.2,3,0,0
10982,1.0,0,1,1
10983,0.2,3,0,0
10984,3.8,2,1,0
10985,0.2,3,0,0
10986,1.0,0,1,1
10987,1.0,0,1,1
10988,1.0,0,1,1
10989,0.2,0,0,1
10990,1.0,0,1,1
10991,0.2,3,0,0
10992,1.0,0,1,1
10993,1.0,0,1,1
10994,0.2,3,0,0
10995,0.2,3,0,0
10996,1.0,0,1,0
10997,1.0,0,1,1
10998,1.0,0,1,1
10999,0.2,3,0,0
11000,1.8,0,0,1
11001,1.0,0,1,1
11002,2.2,0,0,1
11003,2.2,2,0,0
11004,0.2,3,0,0
11005,2.5999999999999996,1,0,0
11006,1.0,0,1,1
11007,1.0,0,1,1
11008,0.2,3,0,0
11009,1.0,0,1,1
11010,1.0,0,1,1
11011,0.2,3,0,0
11012,0.2,3,0,0
11013,1.0,0,1,0
11014,1.0,0,1,1
11015,1.0,0,1,1
11016,1.0,0,1,1
11017,1.0,0,1,1
11018,1.0,0,1,1
11019,1.0,0,1,1
11020,0.2,3,0,0
11021,1.0,0,1,1
11022,3.4000000000000004,0,0,0
11023,0.2,3,0,0
11024,0.2,3,0,0
11025,0.2,0,0,1
11026,1.0,0,1,1
11027,1.0,0,1,1
11028,0.2,3,0,0
11029,1.0,0,1,1
11030,1.0,0,1,1
11031,0.2,3,0,0
11032,1.0,0,1,1
11033,1.0,0,1,1
11034,0.2,3,0,0
11035,1.0,0,1,0
11036,0.2,3,0,0
11037,1.0,0,1,1
11038,0.2,0,0,1
11039,1.0,0,0,1
11040,0.2,3,0,0
11041,0.2,3,0,0
11042,0.2,3,0,0
11043,1.0,0,1,1
11044,1.4,0,1,1
11045,0.2,3,0,1
11046,1.0,0,1,1
11047,1.0,0,0,1
11048,1.0,0,1,0
11049,3.8,0,0,1
11050,2.2,0,1,0
11051,1.0,0,1,0
11052,1.0,0,1,1
11053,0.2,3,0,0
11054,0.2,3,0,0
11055,0.2,3,0,0
11056,0.2,0,0,1
11057,0.2,3,1,0
11058,0.2,3,0,0
11059,1.0,0,1,1
11060,0.2,3,0,0
11061,1.0,0,1,1
11062,1.0,0,1,1
11063,1.0,0,1,1
11064,1.0,3,1,0
11065,1.0,0,1,1
11066,1.0,0,1,1
11067,1.0,0,1,1
11068,0.2,3,0,0
11069,0.6000000000000001,2,1,0
11070,1.0,0,1,1
11071,0.2,3,0,0
11072,1.0,0,1,1
11073,3.4000000000000004,0,1,1
11074,0.2,3,0,0
11075,1.8,0,1,1
11076,0.2,3,0,0
11077,1.0,0,1,0
11078,0.2,3,0,0
11079,0.2,3,0,0
11080,1.8,0,1,1
11081,0.2,3,0,0
11082,1.0,0,1,1
11083,0.2,3,0,0
11084,1.4,0,1,0
11085,0.2,3,0,0
11086,0.2,3,0,0
11087,0.2,0,0,1
11088,0.2,3,0,0
11089,0.2,3,0,0
11090,0.2,3,0,0
11091,1.0,0,1,1
11092,1.0,0,1,1
11093,0.2,3,0,0
11094,0.2,3,0,0
11095,1.0,0,1,1
11096,0.2,3,0,0
11097,1.0,0,1,1
11098,1.0,0,1,0
11099,0.2,3,0,0
11100,1.0,0,1,1
11101,1.0,0,1,0
11102,1.0,0,1,1
11103,3.0,2,1,0
11104,0.2,3,0,0
11105,1.0,0,1,1
11106,1.0,0,1,1
11107,0.2,3,0,0
11108,3.0,0,1,1
11109,0.2,3,1,0
11110,0.2,3,0,0
11111,1.0,0,1,1
11112,0.2,3,0,0
11113,1.0,0,1,1
11114,1.0,3,1,0
11115,1.4,1,1,0
11116,0.2,3,0,0
11117,0.2,0,0,1
11118,1.0,0,1,1
11119,2.2,2,0,1
11120,0.2,3,0,0
11121,1.0,0,1,1
11122,1.0,0,1,1
11123,0.2,3,0,0
11124,1.0,0,1,1
11125,1.0,0,1,1
11126,1.0,0,1,1
11127,1.0,0,1,1
11128,0.2,0,0,1
11129,0.6000000000000001,0,1,1
11130,1.0,0,0,1
11131,3.0,2,0,0
11132,1.0,0,1,0
11133,0.2,3,0,0
11134,1.0,0,1,1
11135,0.2,3,0,0
11136,0.2,3,0,0
11137,0.2,3,0,0
11138,0.2,3,0,0
11139,0.2,3,0,0
11140,1.0,0,1,1
11141,3.0,1,1,0
11142,1.0,0,1,1
11143,1.0,0,1,1
11144,0.6000000000000001,0,1,0
11145,2.5999999999999996,1,0,0
11146,3.0,0,0,1
11147,0.6000000000000001,0,1,1
11148,0.2,3,1,0
11149,1.0,0,1,1
11150,1.0,0,0,1
11151,2.5999999999999996,0,1,1
11152,0.2,3,0,0
11153,1.0,0,1,1
11154,0.2,3,0,0
11155,1.0,0,1,1
11156,1.0,0,1,1
11157,3.0,0,1,1
11158,0.2,3,0,0
11159,3.0,0,1,1
11160,0.2,3,0,0
11161,1.0,0,1,1
11162,0.2,3,0,0
11163,3.8,0,0,1
11164,2.5999999999999996,0,1,1
11165,0.2,0,1,0
11166,0.2,3,0,0
11167,1.0,0,1,1
11168,0.2,3,0,0
11169,1.0,0,1,1
11170,1.0,0,1,1
11171,0.2,0,0,1
11172,1.0,3,1,0
11173,1.0,0,1,1
11174,1.0,0,1,1
11175,1.0,0,1,1
11176,1.0,0,0,1
11177,2.2,0,1,0
11178,1.0,0,1,1
11179,1.0,0,1,1
11180,1.0,0,1,1
11181,0.2,0,0,1
11182,1.0,0,1,1
11183,0.2,3,0,0
11184,0.2,3,0,0
11185,0.2,3,0,1
11186,1.0,0,1,1
11187,0.2,3,0,0
11188,1.0,0,1,1
11189,1.0,0,1,1
11190,1.0,0,1,0
11191,1.0,0,1,1
11192,1.0,0,1,1
11193,0.6000000000000001,2,0,0
11194,1.0,0,1,1
11195,0.2,3,0,0
11196,3.8,0,1,1
11197,0.2,3,0,0
11198,0.2,3,0,0
11199,1.0,0,1,1
11200,0.2,3,0,0
11201,0.2,3,0,0
11202,1.0,0,1,1
11203,3.0,0,1,1
11204,1.0,0,1,0
11205,0.2,3,0,0
11206,3.4000000000000004,2,0,0
11207,0.2,0,1,1
11208,1.0,0,1,1
11209,1.0,0,1,1
11210,1.4,2,0,0
11211,2.5999999999999996,0,1,0
11212,1.0,0,1,1
11213,1.0,0,1,1
11214,1.0,0,1,0
11215,0.6000000000000001,2,1,0
11216,1.0,0,1,1
11217,0.2,3,0,0
11218,0.2,3,0,0
11219,0.2,3,0,0
11220,0.2,3,0,0
11221,0.2,3,0,0
11222,2.5999999999999996,1,1,0
11223,1.0,0,1,0
11224,1.0,0,1,1
11225,1.0,0,1,1
11226,0.2,3,0,0
11227,0.2,3,0,0
11228,0.2,3,0,0
11229,2.5999999999999996,0,1,1
11230,1.0,0,1,1
11231,2.2,0,1,1
11232,1.0,0,1,1
11233,0.2,0,0,1
11234,0.2,3,0,0
11235,0.2,3,0,0
11236,0.2,3,0,0
11237,0.2,3,0,0
11238,0.2,3,0,0
11239,1.0,0,1,1
11240,1.0,0,0,1
11241,0.2,3,0,0
11242,0.2,3,0,1
11243,1.0,0,1,1
11244,1.0,0,0,1
11245,0.2,3,0,0
11246,0.2,3,0,0
11247,0.2,3,0,0
11248,0.2,3,0,0
11249,1.0,0,1,1
11250,1.0,0,1,1
11251,1.0,0,1,0
11252,0.2,3,0,0
11253,1.0,0,1,1
11254,0.2,3,0,0
11255,1.0,0,1,1
11256,1.0,0,1,1
11257,1.0,0,1,1
11258,0.2,3,0,0
11259,0.2,3,0,0
11260,1.0,0,1,1
11261,3.8,2,0,0
11262,1.4,2,1,0
11263,1.0,0,1,1
11264,0.2,3,1,0
11265,0.2,3,0,0
11266,1.0,0,1,1
11267,1.0,0,1,0
11268,1.0,0,1,1
11269,1.0,0,1,1
11270,0.2,3,0,0
11271,0.2,3,0,0
11272,0.2,3,0,0
11273,1.8,2,0,0
11274,1.4,1,0,0
11275,0.2,3,0,0
11276,0.2,0,0,1
11277,0.2,3,0,0
11278,0.2,0,0,1
11279,0.2,3,0,0
11280,1.0,0,1,1
11281,0.2,3,0,0
11282,0.2,3,0,0
11283,1.0,0,1,1
11284,0.2,3,0,0
11285,0.2,0,0,1
11286,0.2,3,0,0
11287,0.2,3,0,0
11288,1.0,0,1,1
11289,1.8,2,1,0
11290,1.0,0,1,1
11291,0.2,3,0,0
11292,0.2,3,0,0
11293,1.0,0,1,1
11294,0.2,3,0,0
11295,0.2,3,0,0
11296,1.0,0,1,1
11297,0.2,3,0,0
11298,1.0,0,1,1
11299,0.2,0,0,1
11300,0.2,3,0,0
11301,1.0,0,1,1
11302,0.2,3,0,0
11303,0.2,3,0,0
11304,1.0,0,1,1
11305,0.2,3,0,0
11306,3.4000000000000004,0,1,1
11307,1.0,0,1,1
11308,1.0,0,1,1
11309,0.2,3,0,0
11310,0.2,3,0,0
11311,0.2,3,0,0
11312,1.0,0,1,1
11313,1.0,0,1,1
11314,1.0,0,0,1
11315,2.2,0,0,1
11316,1.0,0,1,1
11317,0.2,3,1,0
11318,2.2,0,0,0
11319,1.0,0,1,1
11320,1.0,0,1,1
11321,0.2,3,0,0
11322,0.2,3,0,0
11323,1.0,0,1,1
11324,1.0,0,1,1
11325,3.0,1,1,0
11326,1.0,0,1,1
11327,0.2,3,0,0
11328,1.0,0,1,1
11329,1.0,0,1,1
11330,0.2,3,0,0
11331,3.4000000000000004,0,0,1
11332,1.0,0,1,1
11333,1.0,0,1,1
11334,0.2,0,0,1
11335,1.0,0,1,1
11336,1.0,0,1,1
11337,1.0,0,1,1
11338,0.2,3,0,0
11339,1.0,0,1,1
11340,0.2,3,0,0
11341,1.4,0,1,1
11342,0.2,3,0,0
11343,1.0,0,1,1
11344,2.2,0,1,1
11345,1.0,3,1,0
11346,1.0,0,1,1
11347,1.0,0,1,1
11348,1.0,3,1,0
11349,0.2,0,0,0
11350,0.2,3,0,0
11351,1.0,0,0,1
11352,0.2,3,1,0
11353,0.2,3,1,1
11354,1.0,0,1,1
11355,0.2,3,0,0
11356,0.2,3,0,1
11357,1.0,0,1,1
11358,0.2,3,0,0
11359,1.8,0,1,1
11360,0.2,3,0,0
11361,0.2,3,0,0
11362,0.2,3,0,0
11363,1.4,2,0,0
11364,1.0,0,1,1
11365,1.0,0,1,1
11366,0.2,0,0,1
11367,2.2,1,0,0
11368,0.2,3,0,0
11369,0.2,3,0,0
11370,0.2,3,0,0
11371,1.0,0,1,1
11372,1.0,0,1,1
11373,1.0,0,0,1
11374,0.2,0,1,1
11375,1.0,0,1,1
11376,0.2,3,0,0
11377,1.4,0,0,1
11378,3.4000000000000004,0,1,0
11379,1.0,0,1,1
11380,0.2,3,0,0
11381,0.2,3,0,0
11382,1.0,0,1,1
11383,1.0,0,1,1
11384,1.0,0,1,1
11385,1.0,0,1,1
11386,1.8,0,1,1
11387,0.2,3,0,0
11388,1.0,0,1,1
11389,1.0,0,1,1
11390,0.2,3,0,0
11391,0.2,3,0,0
11392,1.8,0,1,0
11393,0.6000000000000001,0,1,1
11394,0.2,3,0,0
11395,0.2,3,0,0
11396,3.8,1,1,0
11397,1.0,0,1,1
11398,2.2,2,1,0
11399,0.2,3,0,0
11400,1.0,0,0,1
11401,0.2,3,0,0
11402,1.0,0,1,1
11403,1.0,0,1,1
11404,1.0,0,1,1
11405,1.0,0,1,1
11406,1.0,0,1,1
11407,1.0,0,1,1
11408,3.0,0,1,1
11409,0.2,3,0,0
11410,1.0,0,1,0
11411,1.0,0,1,1
11412,1.0,0,1,1
11413,0.2,3,0,0
11414,1.4,0,0,0
11415,1.0,0,1,1
11416,1.0,3,1,0
11417,1.0,0,1,1
11418,1.0,0,1,0
11419,3.8,0,1,1
11420,1.0,0,1,1
11421,0.2,3,0,0
11422,0.2,3,0,0
11423,0.2,3,0,0
11424,0.2,3,0,0
11425,1.0,0,0,1
11426,1.0,0,1,1
11427,1.0,0,1,1
11428,1.0,0,1,1
11429,0.2,3,0,0
11430,1.0,0,1,1
11431,1.0,0,1,1
11432,0.2,0,0,0
11433,1.0,0,1,1
11434,0.2,3,0,0
11435,1.0,0,1,1
11436,1.0,0,1,1
11437,0.2,3,0,0
11438,1.0,0,1,0
11439,1.0,0,0,1
11440,3.4000000000000004,0,1,1
11441,1.0,0,1,1
11442,3.4000000000000004,2,1,0
11443,3.8,1,1,0
11444,0.2,3,0,0
11445,0.2,3,0,0
11446,0.6000000000000001,0,0,1
11447,2.5999999999999996,2,0,0
11448,3.4000000000000004,2,1,0
11449,1.0,0,1,1
11450,1.0,0,1,1
11451,0.2,3,0,0
11452,2.5999999999999996,2,1,0
11453,0.2,3,0,0
11454,1.0,0,1,1
11455,1.0,0,1,1
11456,0.6000000000000001,2,0,0
11457,0.2,3,0,0
11458,0.2,3,0,0
11459,0.2,3,0,0
11460,0.2,3,0,0
11461,0.2,3,0,0
11462,0.2,3,0,0
11463,0.2,3,0,0
11464,0.2,3,0,1
11465,1.0,0,1,1
11466,2.5999999999999996,2,0,0
11467,0.2,3,0,0
11468,0.2,3,0,0
11469,1.0,0,1,1
11470,2.2,0,1,1
11471,3.0,1,1,0
11472,1.0,0,1,0
11473,1.0,3,1,0
11474,0.2,3,0,0
11475,1.8,0,1,1
11476,3.4000000000000004,0,0,1
11477,1.0,0,1,1
11478,1.0,0,1,1
11479,0.6000000000000001,0,0,1
11480,0.2,3,0,0
11481,1.0,0,1,1
11482,0.2,3,0,0
11483,0.2,3,0,0
11484,0.2,3,0,0
11485,1.4,1,1,0
11486,0.2,3,0,0
11487,1.0,0,1,1
11488,1.0,0,1,1
11489,1.0,0,1,1
11490,0.2,3,0,0
11491,0.2,3,0,0
11492,0.2,3,0,0
11493,0.2,3,0,1
11494,0.2,3,0,0
11495,0.6000000000000001,0,1,1
11496,0.2,3,0,0
11497,1.0,0,1,1
11498,1.0,0,1,1
11499,1.0,3,1,0
11500,0.2,3,0,0
11501,0.2,3,0,0
11502,1.0,0,1,1
11503,3.4000000000000004,0,0,1
11504,0.2,3,0,0
11505,1.0,0,1,1
11506,0.2,3,0,0
11507,1.0,0,1,1
11508,0.2,3,0,1
11509,0.2,3,0,0
11510,0.2,3,0,0
11511,3.4000000000000004,1,0,0
11512,1.0,0,1,0
11513,1.0,0,1,1
11514,0.2,3,0,0
11515,1.0,0,1,1
11516,0.2,3,0,0
11517,2.2,0,1,1
11518,1.0,0,1,1
11519,3.0,1,1,0
11520,1.0,0,1,1
11521,1.0,0,1,1
11522,1.0,0,1,1
11523,0.2,0,0,0
11524,0.2,3,0,0
11525,0.6000000000000001,0,0,1
11526,1.0,3,1,0
11527,1.0,0,1,1
11528,1.0,0,1,0
11529,1.0,0,1,1
11530,1.4,2,1,0
11531,1.0,0,1,1
11532,1.0,0,1,0
11533,1.0,0,1,1
11534,0.2,3,0,0
11535,3.0,0,1,0
11536,0.2,3,0,0
11537,1.0,3,1,0
11538,1.0,0,0,1
11539,0.2,3,0,0
11540,1.8,0,1,1
11541,0.2,3,0,0
11542,0.2,3,0,0
11543,1.0,0,1,1
11544,1.0,0,1,1
11545,0.2,3,0,0
11546,0.6000000000000001,0,0,1
11547,0.2,3,0,0
11548,0.6000000000000001,1,1,0
11549,1.0,0,1,1
11550,1.0,0,1,1
11551,0.2,3,0,0
11552,0.2,3,0,0
11553,1.0,0,1,0
11554,0.2,3,0,0
11555,1.4,2,1,0
11556,0.2,0,0,1
11557,0.2,3,0,0
11558,1.0,0,1,1
11559,0.2,3,0,0
11560,1.0,0,1,1
11561,3.0,0,1,0
11562,1.0,0,1,1
11563,0.2,3,0,0
11564,0.2,3,0,0
11565,0.2,3,0,0
11566,0.2,3,0,0
11567,0.2,3,0,0
11568,1.0,0,1,1
11569,1.0,0,1,1
11570,0.2,3,0,0
11571,2.2,0,0,1
11572,0.2,3,0,0
11573,0.2,3,0,0
11574,0.2,3,0,0
11575,1.0,0,1,1
11576,0.2,3,0,0
11577,1.8,1,1,0
11578,0.2,3,0,0
11579,0.2,3,0,0
11580,0.2,3,0,0
11581,1.0,0,1,1
11582,3.4000000000000004,1,1,0
11583,1.0,0,1,0
11584,0.2,3,0,0
11585,0.2,3,0,0
11586,2.5999999999999996,0,1,1
11587,1.0,0,1,1
11588,1.0,0,1,1
11589,1.0,0,1,1
11590,1.0,0,1,1
11591,0.2,3,0,0
11592,1.0,0,1,1
11593,1.0,0,1,1
11594,1.0,0,1,1
11595,1.0,0,1,1
11596,0.2,3,0,0
11597,1.0,0,1,1
11598,0.2,3,0,0
11599,0.2,3,0,0
11600,1.0,0,1,0
11601,1.0,0,1,1
11602,1.0,0,1,1
11603,3.0,0,1,1
11604,0.2,3,0,0
11605,1.0,0,1,1
11606,0.2,3,0,0
11607,0.2,3,0,0
11608,0.2,3,0,0
11609,1.0,0,1,1
11610,0.2,3,0,0
11611,1.0,0,1,1
11612,1.0,0,1,1
11613,1.0,0,1,1
11614,1.0,0,1,1
11615,0.2,3,0,0
11616,1.0,0,1,0
11617,1.0,0,1,1
11618,1.0,0,1,1
11619,1.0,0,0,1
11620,0.2,3,0,0
11621,0.2,3,1,1
11622,0.2,3,0,0
11623,1.0,0,1,0
11624,3.0,0,1,0
11625,1.0,0,1,1
11626,1.0,0,1,1
11627,1.0,0,1,1
11628,1.4,2,0,0
11629,0.2,0,0,1
11630,0.2,3,0,0
11631,0.2,3,0,0
11632,1.0,0,1,1
11633,3.0,0,0,1
11634,0.2,3,1,1
11635,0.2,3,0,0
11636,0.2,3,0,0
11637,1.0,0,1,1
11638,1.0,0,1,1
11639,1.0,0,1,1
11640,1.0,0,1,1
11641,0.2,0,0,1
11642,1.0,0,1,1
11643,0.2,3,0,0
11644,0.2,3,0,0
11645,1.0,0,1,1
11646,1.0,0,1,1
11647,1.0,0,1,1
11648,1.0,0,1,1
11649,1.0,0,1,1
11650,1.0,0,1,0
11651,0.2,3,0,0
11652,1.0,0,1,1
11653,0.6000000000000001,0,1,1
11654,0.2,3,0,0
11655,0.2,3,0,0
11656,0.2,0,0,1
11657,1.0,0,1,1
11658,1.0,0,1,1
11659,0.2,3,0,0
11660,1.0,0,1,1
11661,1.0,0,1,1
11662,0.2,3,0,0
11663,0.2,3,0,0
11664,0.2,3,0,0
11665,1.0,0,1,0
11666,0.2,3,0,0
11667,1.0,0,1,1
11668,1.0,0,1,0
11669,0.2,3,0,0
11670,0.2,3,0,0
11671,1.0,0,1,1
11672,0.2,3,0,0
11673,3.8,0,1,1
11674,1.0,0,0,1
11675,0.2,3,0,0
11676,1.0,0,1,1
11677,0.2,3,0,0
11678,1.0,0,1,1
11679,0.2,3,0,0
11680,0.2,3,0,1
11681,1.0,0,1,1
11682,2.2,2,0,0
11683,0.2,3,0,0
11684,1.0,0,1,1
11685,1.0,0,1,1
11686,2.5999999999999996,0,1,0
11687,0.2,3,0,0
11688,0.2,3,0,0
11689,1.8,1,0,0
11690,1.0,0,1,1
11691,1.0,0,1,0
11692,0.2,3,0,0
11693,1.0,0,1,1
11694,1.0,0,1,1
11695,1.0,0,1,1
11696,0.2,3,1,0
11697,2.5999999999999996,0,1,1
11698,1.0,0,1,1
11699,0.2,3,0,0
11700,1.0,0,1,1
11701,0.2,3,0,0
11702,0.2,3,0,0
11703,0.2,3,0,0
11704,1.0,0,1,1
11705,0.2,3,0,0
11706,0.2,3,0,0
11707,0.2,0,0,1
11708,1.0,0,1,1
11709,1.0,0,1,0
11710,1.0,0,1,1
11711,3.0,2,1,0
11712,0.2,3,0,1
11713,0.2,3,0,1
11714,1.0,0,0,1
11715,0.2,3,0,0
11716,1.0,0,1,1
11717,0.2,3,0,0
11718,0.2,3,1,0
11719,1.0,0,1,1
11720,0.2,3,1,0
11721,1.0,3,1,1
11722,1.0,0,1,1
11723,0.2,3,0,0
11724,0.2,3,0,0
11725,1.0,0,1,1
11726,1.0,0,1,1
11727,0.2,3,0,1
11728,1.0,0,1,0
11729,1.0,0,1,1
11730,0.2,3,0,0
11731,0.2,3,0,0
11732,1.0,0,1,0
11733,0.2,3,0,0
11734,0.2,3,0,0
11735,0.2,3,1,1
11736,3.0,0,1,0
11737,0.2,3,0,0
11738,1.8,0,1,1
11739,1.0,0,1,0
11740,0.2,3,0,0
11741,1.0,0,1,0
11742,1.0,0,1,1
11743,3.8,0,1,1
11744,2.5999999999999996,0,0,1
11745,1.0,0,1,1
11746,1.0,0,1,1
11747,0.2,3,0,0
11748,1.0,0,1,1
11749,3.0,1,0,0
11750,0.2,3,0,0
11751,0.2,3,0,0
11752,0.2,3,0,0
11753,1.0,0,1,1
11754,1.0,0,1,1
11755,1.0,0,1,1
11756,1.0,0,1,1
11757,2.5999999999999996,0,0,1
11758,1.0,0,1,1
11759,1.0,0,1,1
11760,0.2,0,0,1
11761,0.2,3,0,0
11762,1.0,0,1,1
11763,1.0,0,1,0
11764,0.2,3,0,1
11765,1.0,0,1,1
11766,0.2,3,0,0
11767,0.2,3,0,0
11768,1.0,0,1,1
11769,1.0,0,1,1
11770,1.0,0,1,1
11771,1.0,0,1,0
11772,1.0,0,1,1
11773,1.0,0,1,1
11774,1.0,0,1,1
11775,2.2,1,1,0
11776,1.0,0,1,1
11777,1.0,0,1,1
11778,1.0,0,1,0
11779,1.0,0,1,1
11780,1.0,0,1,1
11781,1.0,0,1,0
11782,2.5999999999999996,1,1,0
11783,1.0,0,1,1
11784,1.0,0,1,0
11785,1.0,0,0,1
11786,1.0,0,1,1
11787,1.0,0,1,0
11788,1.0,0,1,1
11789,0.2,3,1,0
11790,2.2,0,0,1
11791,0.2,3,0,0
11792,0.6000000000000001,0,1,1
11793,1.0,0,1,1
11794,1.0,0,1,1
11795,0.6000000000000001,0,0,1
11796,1.0,0,1,1
11797,0.2,3,0,0
11798,0.2,3,0,0
11799,1.0,0,1,1
11800,1.0,0,1,1
11801,3.0,0,1,0
11802,0.2,0,0,1
11803,1.0,0,1,0
11804,0.2,3,0,0
11805,1.0,0,1,0
11806,1.0,0,1,1
11807,1.0,0,1,1
11808,1.4,1,1,0
11809,0.2,0,0,0
11810,1.8,0,1,1
11811,0.2,3,0,0
11812,1.0,0,0,1
11813,1.0,0,1,1
11814,0.2,3,0,0
11815,1.0,0,1,1
11816,0.2,3,0,1
11817,0.2,3,0,0
11818,1.0,0,1,1
11819,0.2,3,0,0
11820,1.0,0,1,1
11821,0.2,3,0,0
11822,1.0,0,1,1
11823,1.0,0,1,1
11824,1.0,0,1,1
11825,1.0,0,1,1
11826,0.2,3,0,0
11827,0.2,3,0,0
11828,1.0,0,1,1
11829,1.0,0,1,1
11830,0.2,3,0,0
11831,0.2,3,0,0
11832,1.0,0,1,0
11833,1.0,0,1,1
11834,1.0,0,1,0
11835,1.0,0,1,1
11836,3.4000000000000004,2,1,0
11837,3.8,2,0,0
11838,0.2,3,0,0
11839,0.2,3,0,0
11840,1.8,1,1,0
11841,0.2,3,0,0
11842,1.0,0,1,1
11843,0.2,3,1,0
11844,0.2,3,0,0
11845,0.2,3,0,0
11846,0.2,3,0,0
11847,0.2,0,0,1
11848,1.0,0,1,1
11849,1.0,0,1,1
11850,1.0,0,1,1
11851,0.2,0,0,1
11852,1.0,0,0,1
11853,0.2,3,0,0
11854,1.0,0,1,0
11855,0.2,3,1,0
11856,0.2,3,0,0
11857,0.2,3,0,0
11858,1.0,0,1,1
11859,0.2,0,1,0
11860,1.0,0,1,0
11861,0.2,3,0,0
11862,1.0,0,1,0
11863,1.0,0,1,1
11864,1.0,0,1,1
11865,0.2,3,0,0
11866,3.4000000000000004,0,0,1
11867,0.2,3,1,0
11868,1.0,0,1,1
11869,1.0,0,1,1
11870,1.0,0,1,1
11871,0.2,3,0,0
11872,3.0,1,1,0
11873,1.0,0,1,0
11874,1.0,0,1,1
11875,1.0,0,1,1
11876,0.2,3,0,0
11877,0.6000000000000001,2,0,0
11878,1.0,0,0,0
11879,0.2,3,0,0
11880,0.2,3,1,0
11881,1.0,0,1,0
11882,1.8,0,1,1
11883,0.2,3,0,0
11884,0.2,3,0,0
11885,3.8,2,0,0
11886,1.0,0,1,1
11887,0.2,3,0,1
11888,1.0,0,1,1
11889,1.0,0,1,1
11890,2.2,2,0,0
11891,0.2,0,0,1
11892,0.2,3,0,0
11893,0.2,3,0,0
11894,0.2,3,0,0
11895,1.0,0,1,1
11896,0.2,0,0,1
11897,1.0,0,1,1
11898,0.2,3,0,0
11899,3.8,0,1,1
11900,1.8,0,1,1
11901,0.6000000000000001,1,1,0
11902,1.0,0,1,1
11903,1.0,0,1,0
11904,1.0,0,0,1
11905,1.0,0,0,1
11906,2.2,2,0,0
11907,1.0,0,1,0
11908,0.2,3,1,0
11909,0.2,3,0,0
11910,0.2,3,0,0
11911,0.2,3,0,0
11912,0.2,3,0,0
11913,1.0,0,1,1
11914,1.0,0,1,0
11915,0.2,3,1,0
11916,1.0,0,1,1
11917,2.2,0,1,1
11918,1.0,0,1,1
11919,1.0,0,1,1
11920,1.0,0,0,0
11921,1.0,0,0,1
11922,1.0,0,1,1
11923,0.2,3,0,0
11924,1.0,0,1,1
11925,0.2,3,0,0
11926,2.5999999999999996,0,1,1
11927,0.2,3,0,0
11928,1.0,0,1,1
11929,1.0,0,1,1
11930,0.2,3,0,0
11931,1.0,0,1,1
11932,0.2,3,1,0
11933,1.0,0,1,1
11934,1.0,0,1,0
11935,0.2,3,0,0
11936,0.2,3,0,0
11937,1.0,0,1,1
11938,1.0,0,1,1
11939,0.2,3,0,0
11940,0.2,3,0,0
11941,1.0,0,1,1
11942,1.0,0,1,1
11943,0.2,3,0,0
11944,3.4000000000000004,0,1,1
11945,0.2,3,0,0
11946,1.0,0,1,1
11947,0.2,0,0,0
11948,1.0,0,0,1
11949,0.2,3,0,1
11950,0.2,3,0,0
11951,1.0,0,1,1
11952,0.2,0,0,1
11953,1.0,0,1,1
11954,1.0,0,1,0
11955,0.2,3,0,0
11956,0.2,3,0,1
11957,1.0,0,1,1
11958,0.2,3,0,0
11959,0.2,3,0,0
11960,1.0,0,1,1
11961,3.8,2,1,0
11962,0.2,3,0,0
11963,1.0,0,1,1
11964,1.0,0,1,1
11965,0.2,3,0,0
11966,0.2,3,0,1
11967,0.2,3,0,0
11968,1.0,0,0,1
11969,1.0,0,0,1
11970,1.0,0,1,1
11971,1.4,1,1,0
11972,1.0,0,1,1
11973,1.0,0,1,0
11974,0.2,3,0,0
11975,0.2,3,0,0
11976,0.6000000000000001,0,1,1
11977,0.2,3,0,0
11978,0.2,3,0,0
11979,0.2,3,1,0
11980,1.0,0,1,1
11981,1.0,0,1,1
11982,0.2,3,1,0
11983,0.2,3,0,0
11984,0.2,3,0,0
11985,1.0,0,0,1
11986,0.2,3,0,0
11987,0.2,3,0,0
11988,3.4000000000000004,2,0,0
11989,0.2,3,0,0
11990,1.0,0,1,1
11991,1.0,0,1,1
11992,1.8,0,1,1
11993,1.0,0,1,1
11994,0.2,3,0,0
11995,1.0,0,1,1
11996,3.4000000000000004,2,1,0
11997,1.0,0,1,1
11998,1.0,0,1,1
11999,1.0,0,1,1
12000,3.0,0,0,0
12001,1.0,0,1,1
12002,0.2,3,0,0
12003,3.4000000000000004,2,1,0
12004,0.2,3,0,0
12005,3.0,0,1,1
12006,1.0,0,1,1
12007,0.2,0,0,1
12008,1.0,0,1,1
12009,1.0,0,1,1
12010,3.0,0,1,1
12011,0.2,3,0,0
12012,1.0,0,1,0
12013,0.2,3,0,0
12014,2.2,0,1,1
12015,0.2,3,0,0
12016,1.0,0,1,0
12017,0.2,3,0,0
12018,1.0,0,1,1
12019,0.2,3,1,1
12020,1.0,0,1,0
12021,1.0,0,1,1
12022,1.0,0,1,1
12023,1.0,0,1,0
12024,0.2,3,0,1
12025,1.0,0,1,1
12026,1.0,3,1,0
12027,0.2,3,0,0
12028,3.4000000000000004,0,0,1
12029,0.2,3,0,0
12030,1.0,0,1,1
12031,0.2,3,0,0
12032,1.0,0,0,1
12033,0.2,0,0,0
12034,1.0,0,1,1
12035,0.2,0,0,1
12036,0.2,0,0,1
12037,2.2,2,1,0
12038,1.0,0,1,1
12039,1.0,0,1,1
12040,0.2,3,0,0
12041,1.8,1,0,0
12042,0.2,3,0,0
12043,0.2,3,0,0
12044,1.8,0,1,1
12045,1.0,0,1,1
12046,1.0,0,1,1
12047,1.0,0,1,1
12048,1.0,0,1,1
12049,3.8,2,1,0
12050,0.2,3,1,0
12051,0.2,3,0,0
12052,1.0,0,1,1
12053,1.0,0,1,1
12054,0.2,3,0,0
12055,3.8,1,1,0
12056,1.0,0,1,1
12057,2.5999999999999996,0,1,1
12058,1.0,0,1,1
12059,0.2,0,0,1
12060,1.0,0,1,1
12061,1.0,0,1,1
12062,1.0,0,1,1
12063,0.2,3,0,1
12064,0.2,3,0,0
12065,1.0,0,1,1
12066,1.0,0,1,1
12067,1.4,0,0,0
12068,0.2,3,0,0
12069,0.2,0,0,1
12070,0.2,3,0,0
12071,1.0,0,0,0
12072,2.5999999999999996,0,1,1
12073,1.0,0,1,1
12074,0.2,3,0,0
12075,1.0,0,1,1
12076,1.0,0,1,1
12077,0.2,3,0,0
12078,0.2,3,0,0
12079,1.0,0,1,1
12080,3.0,0,1,0
12081,1.0,0,1,1
12082,1.0,0,1,1
12083,1.0,0,1,1
12084,0.2,3,0,0
12085,1.0,0,1,0
12086,1.0,0,1,0
12087,0.2,3,0,0
12088,1.0,0,1,1
12089,0.2,3,0,0
12090,1.0,0,1,1
12091,1.0,0,1,1
12092,1.0,0,1,1
12093,1.0,0,1,0
12094,2.5999999999999996,1,1,0
12095,0.2,3,0,0
12096,0.2,3,0,0
12097,0.2,3,0,0
12098,0.2,3,0,0
12099,0.2,3,0,0
12100,1.0,0,1,1
12101,3.0,0,0,1
12102,1.0,0,1,1
12103,1.4,0,0,1
12104,0.2,3,0,0
12105,0.2,3,0,0
12106,1.0,0,1,1
12107,1.0,0,0,0
12108,0.2,3,0,0
12109,0.2,3,0,0
12110,0.2,3,0,0
12111,1.8,0,1,1
12112,1.0,0,1,0
12113,3.4000000000000004,0,1,1
12114,1.0,0,1,1
12115,1.0,0,1,1
12116,0.2,3,1,0
12117,1.0,0,1,1
12118,1.0,0,1,0
12119,1.0,0,1,1
12120,0.2,3,0,1
12121,0.2,3,0,0
12122,1.0,0,1,0
12123,1.0,0,1,1
12124,1.0,3,1,0
12125,0.2,3,0,0
12126,1.8,1,1,0
12127,1.0,0,1,1
12128,1.0,0,1,1
12129,0.2,3,0,0
12130,1.8,0,1,1
12131,0.2,3,0,0
12132,1.0,0,1,1
12133,0.2,0,0,1
12134,0.2,3,0,0
12135,0.2,3,0,0
12136,1.0,0,1,1
12137,1.0,0,1,1
12138,0.2,3,0,0
12139,1.0,0,1,1
12140,0.2,3,0,0
12141,1.0,0,1,1
12142,1.0,0,1,1
12143,0.2,3,0,0
12144,0.2,3,0,0
12145,1.0,0,1,1
12146,0.2,0,0,1
12147,1.0,0,1,1
12148,0.2,3,0,0
12149,1.8,0,0,0
12150,0.2,3,0,1
12151,1.0,0,1,1
12152,2.5999999999999996,0,1,1
12153,1.0,0,1,1
12154,0.2,3,0,0
12155,0.2,3,0,0
12156,1.0,0,1,1
12157,0.2,3,0,0
12158,1.0,0,1,1
12159,1.0,0,1,1
12160,1.0,0,1,1
12161,0.2,3,0,0
12162,2.2,0,0,0
12163,1.0,0,1,0
12164,2.5999999999999996,0,1,1
12165,0.2,3,0,0
12166,0.2,3,0,0
12167,0.2,0,0,1
12168,2.2,2,0,0
12169,0.2,3,0,0
12170,1.0,0,1,1
12171,1.0,0,1,1
12172,3.0,1,1,0
12173,0.2,3,0,1
12174,0.2,3,0,0
12175,0.2,3,0,0
12176,1.0,0,0,1
12177,1.0,0,0,1
12178,0.2,3,0,1
12179,1.0,0,1,1
12180,1.0,0,1,1
12181,1.0,0,1,1
12182,1.0,0,1,1
12183,2.2,0,0,0
12184,0.2,3,0,1
12185,3.8,1,0,0
12186,1.0,0,1,1
12187,0.2,3,0,0
12188,2.5999999999999996,1,1,0
12189,1.0,0,1,1
12190,1.0,0,1,1
12191,1.0,0,1,1
12192,0.2,3,0,0
12193,1.0,0,0,1
12194,1.8,1,1,0
12195,0.2,3,0,0
12196,1.0,0,1,1
12197,1.0,0,1,1
12198,0.2,3,0,0
12199,3.4000000000000004,2,1,0
12200,0.2,3,0,0
12201,1.0,0,1,1
12202,1.0,0,1,1
12203,1.0,0,1,1
12204,1.0,0,1,1
12205,1.4,2,1,0
12206,0.2,3,0,0
12207,1.0,0,1,1
12208,0.2,3,0,0
12209,3.8,0,0,1
12210,0.2,3,0,0
12211,0.2,3,0,0
12212,1.0,0,1,1
12213,1.0,0,1,1
12214,1.0,0,1,1
12215,0.2,3,0,0
12216,1.0,0,1,1
12217,1.0,0,1,0
12218,0.2,3,0,0
12219,0.2,3,0,0
12220,1.0,0,1,1
12221,0.2,0,0,1
12222,0.2,3,0,0
12223,1.0,0,1,1
12224,1.0,0,1,1
12225,0.2,3,0,0
12226,1.0,0,1,1
12227,3.0,0,0,1
12228,0.2,3,0,1
12229,2.2,0,1,1
12230,0.2,3,0,0
12231,0.2,3,0,0
12232,0.2,3,0,0
12233,1.0,0,1,1
12234,1.0,0,1,0
12235,1.0,0,1,1
12236,1.0,0,1,1
12237,0.2,3,0,0
12238,1.0,0,1,1
12239,1.0,0,1,1
12240,0.2,3,0,0
12241,0.2,3,0,1
12242,1.0,0,1,1
12243,0.2,3,0,0
12244,0.2,3,0,0
12245,1.0,0,1,1
12246,0.2,3,0,0
12247,0.2,3,0,0
12248,1.0,0,0,1
12249,0.2,3,0,0
12250,0.2,0,0,1
12251,1.0,0,1,1
12252,1.4,0,1,1
12253,1.0,0,0,1
12254,0.2,3,0,0
12255,1.0,0,1,1
12256,1.8,0,0,1
12257,1.0,0,1,1
12258,0.2,3,0,0
12259,0.2,3,0,0
12260,1.0,0,1,1
12261,1.4,1,0,0
12262,1.0,0,1,1
12263,1.0,0,1,0
12264,1.0,0,1,1
12265,0.2,3,0,0
12266,0.2,3,0,0
12267,0.2,3,0,0
12268,0.2,3,0,1
12269,0.2,0,0,0
12270,0.2,3,0,0
12271,1.0,0,1,1
12272,1.0,0,1,1
12273,1.0,0,1,1
12274,1.0,0,1,0
12275,0.2,3,0,0
12276,0.2,3,0,0
12277,0.2,0,0,1
12278,1.0,0,1,1
12279,0.2,3,0,0
12280,0.2,3,0,0
12281,1.0,0,1,1
12282,0.2,3,0,0
12283,0.2,3,0,0
12284,1.0,0,0,1
12285,0.2,3,0,0
12286,1.8,0,0,1
12287,1.0,0,1,1
12288,1.0,0,0,1
12289,1.0,0,1,1
12290,1.0,0,1,1
12291,1.0,0,1,1
12292,1.0,0,1,0
12293,1.0,0,1,1
12294,2.2,0,0,1
12295,2.5999999999999996,0,0,1
12296,1.0,0,1,1
12297,1.0,0,1,1
12298,1.0,0,1,1
12299,0.2,3,0,0
12300,1.0,0,1,1
12301,1.0,0,1,1
12302,1.0,0,1,1
12303,0.2,3,0,0
12304,0.2,3,0,0
12305,1.0,0,1,1
12306,0.2,3,0,1
12307,1.0,0,1,1
12308,0.6000000000000001,0,1,1
12309,0.2,3,0,0
12310,2.5999999999999996,0,0,1
12311,0.2,3,0,0
12312,0.2,3,0,0
12313,1.0,0,1,1
12314,0.2,3,1,0
12315,1.0,0,1,1
12316,1.0,0,1,1
12317,0.2,3,0,0
12318,0.2,3,0,0
12319,0.2,3,0,0
12320,1.0,0,1,1
12321,3.4000000000000004,0,0,1
12322,1.0,0,1,1
12323,1.0,0,1,1
12324,0.2,0,0,1
12325,1.0,0,1,1
12326,1.4,0,1,1
12327,1.0,0,1,1
12328,0.2,3,0,0
12329,1.0,0,0,1
12330,3.4000000000000004,0,1,1
12331,0.2,3,0,0
12332,1.0,0,1,1
12333,0.2,0,0,1
12334,0.2,3,0,0
12335,0.2,3,0,0
12336,1.0,0,1,1
12337,1.0,0,1,0
12338,0.2,3,0,0
12339,1.0,0,1,1
12340,1.0,3,1,0
12341,0.2,3,0,0
12342,1.0,0,1,1
12343,0.2,3,0,0
12344,3.8,1,1,0
12345,1.0,0,1,1
12346,0.2,3,0,0
12347,0.2,3,0,0
12348,1.0,0,1,1
12349,2.5999999999999996,1,1,0
12350,1.8,0,0,1
12351,1.0,0,1,1
12352,1.0,0,1,1
12353,2.5999999999999996,0,1,1
12354,0.2,3,0,0
12355,1.0,0,1,1
12356,1.0,0,1,0
12357,0.2,3,0,0
12358,1.0,0,1,0
12359,1.0,0,1,1
12360,1.0,0,1,1
12361,0.2,3,0,1
12362,1.0,0,1,1
12363,0.2,3,0,0
12364,0.2,3,0,0
12365,0.2,3,0,0
12366,1.0,0,1,1
12367,1.0,0,1,1
12368,0.2,3,0,0
12369,0.2,0,0,1
12370,1.0,0,1,1
12371,1.8,0,1,1
12372,1.0,0,1,1
12373,0.2,0,0,1
12374,1.0,0,1,1
12375,1.0,0,1,1
12376,0.2,3,0,0
12377,1.0,0,1,1
12378,0.2,3,0,0
12379,1.0,0,0,1
12380,1.0,0,1,1
12381,0.2,3,1,0
12382,0.2,3,0,0
12383,3.4000000000000004,2,0,0
12384,0.2,3,0,0
12385,1.0,0,1,1
12386,0.2,3,0,0
12387,3.0,0,1,1
12388,1.0,0,1,1
12389,0.2,3,0,0
12390,0.2,3,0,0
12391,0.2,3,0,0
12392,1.0,0,1,0
12393,0.2,3,0,0
12394,0.2,3,0,0
12395,0.2,3,0,0
12396,0.2,3,0,0
12397,1.0,0,1,1
12398,1.0,0,1,1
12399,1.0,0,1,1
12400,0.2,3,0,0
12401,1.0,0,1,1
12402,2.5999999999999996,0,0,1
12403,0.2,3,0,0
12404,0.6000000000000001,0,1,1
12405,0.2,3,0,1
12406,1.0,0,1,1
12407,1.4,1,0,0
12408,1.8,1,1,0
12409,0.2,3,0,0
12410,2.5999999999999996,0,0,1
12411,1.0,0,1,1
12412,0.2,3,0,0
12413,1.0,0,1,1
12414,0.2,0,0,1
12415,0.2,3,0,0
12416,1.0,0,1,1
12417,0.2,3,0,1
12418,0.2,3,0,0
12419,1.0,0,1,1
12420,1.0,0,1,1
12421,1.0,0,1,1
12422,0.2,3,0,0
12423,0.2,3,0,0
12424,0.2,3,0,0
12425,3.4000000000000004,2,1,0
12426,1.0,0,1,1
12427,1.0,0,1,0
12428,3.8,0,1,0
12429,0.2,0,0,1
12430,0.2,0,0,1
12431,0.2,3,0,0
12432,1.0,0,1,1
12433,1.0,0,1,1
12434,1.0,0,1,1
12435,0.2,0,0,0
12436,2.5999999999999996,0,1,1
12437,1.0,0,1,1
12438,0.2,3,0,0
12439,0.2,3,0,0
12440,1.8,0,1,1
12441,1.0,0,1,1
12442,1.0,0,1,0
12443,1.0,0,1,1
12444,1.0,0,1,1
12445,0.2,3,0,1
12446,0.2,3,0,0
12447,0.2,3,0,0
12448,1.0,0,1,1
12449,1.0,0,0,1
12450,1.0,0,1,1
12451,0.2,3,0,0
12452,0.2,3,0,0
12453,0.2,3,0,0
12454,0.2,3,0,0
12455,2.5999999999999996,1,1,1
12456,1.0,0,1,1
12457,0.2,3,0,1
12458,1.0,0,1,1
12459,0.2,3,0,0
12460,0.2,3,0,0
12461,0.2,3,0,0
12462,1.0,0,1,0
12463,0.2,3,0,0
12464,0.2,0,0,1
12465,0.2,3,0,1
12466,1.0,0,1,1
12467,0.2,3,0,0
12468,1.0,0,1,1
12469,0.2,3,0,0
12470,0.2,3,0,0
12471,0.2,3,0,0
12472,0.2,3,0,0
12473,0.2,3,0,0
12474,0.2,3,0,0
12475,0.2,3,0,0
12476,0.2,3,0,0
12477,1.0,0,1,1
12478,1.0,0,1,0
12479,1.0,0,1,1
12480,1.0,0,1,1
12481,1.0,0,1,1
12482,1.0,0,1,1
12483,3.4000000000000004,0,1,1
12484,1.0,0,0,1
12485,1.0,0,1,1
12486,1.0,0,0,1
12487,0.2,3,1,0
12488,1.0,0,0,1
12489,1.0,0,1,0
12490,3.4000000000000004,0,1,1
12491,0.2,3,0,0
12492,1.8,1,1,0
12493,0.2,0,0,1
12494,1.0,0,1,1
12495,0.2,3,0,0
12496,0.2,3,0,0
12497,1.0,0,1,1
12498,1.8,1,1,0
12499,0.2,3,0,0
12500,0.2,3,0,0
12501,1.0,0,1,1
12502,0.2,3,0,1
12503,1.0,0,1,0
12504,1.0,0,1,1
12505,0.2,0,0,1
12506,1.0,0,1,1
12507,0.2,3,0,0
12508,1.0,0,1,1
12509,1.0,0,1,1
12510,3.4000000000000004,0,1,1
12511,1.0,0,1,1
12512,1.0,0,1,1
12513,2.5999999999999996,1,1,0
12514,1.0,0,1,1
12515,0.2,3,0,0
12516,2.2,0,1,1
12517,1.0,0,1,1
12518,1.0,0,1,1
12519,0.2,3,0,0
12520,1.0,0,1,0
12521,0.2,3,0,0
12522,0.2,3,0,0
12523,1.0,0,1,1
12524,1.0,0,1,1
12525,0.2,3,0,0
12526,0.2,3,0,0
12527,0.2,3,0,0
12528,1.0,0,1,0
12529,0.2,3,0,0
12530,1.0,0,0,1
12531,0.2,3,0,0
12532,0.2,3,0,1
12533,0.2,3,0,0
12534,0.2,3,0,0
12535,1.0,0,1,1
12536,0.2,3,0,0
12537,1.4,0,1,1
12538,1.0,0,1,1
12539,0.2,0,0,1
12540,0.2,3,0,0
12541,0.2,3,0,0
12542,1.0,0,1,1
12543,0.2,3,0,0
12544,1.0,0,1,1
12545,3.8,2,0,0
12546,0.2,3,0,0
12547,0.2,3,0,0
12548,3.4000000000000004,1,1,0
12549,0.2,0,0,1
12550,1.0,0,1,1
12551,1.0,0,1,1
12552,1.0,0,1,1
12553,0.2,0,0,0
12554,0.2,3,0,0
12555,1.0,0,1,1
12556,0.2,3,0,0
12557,1.0,0,1,1
12558,0.2,3,0,0
12559,0.2,3,0,0
12560,0.2,3,0,0
12561,0.2,3,0,0
12562,0.2,3,1,0
12563,1.0,0,1,0
12564,0.2,3,0,0
12565,2.5999999999999996,0,1,1
12566,3.0,0,1,1
12567,0.2,3,0,0
12568,1.0,0,1,0
12569,3.0,1,1,0
12570,1.0,0,1,1
12571,1.0,0,1,1
12572,1.0,0,1,1
12573,0.2,3,0,0
12574,0.2,0,0,1
12575,1.0,0,1,1
12576,0.2,3,0,0
12577,1.0,0,1,1
12578,2.5999999999999996,0,1,1
12579,0.2,3,0,0
12580,1.0,0,1,0
12581,1.0,0,1,1
12582,0.2,3,0,0
12583,1.8,0,1,1
12584,1.0,0,1,1
12585,0.2,3,0,0
12586,1.0,0,1,1
12587,1.0,0,1,1
12588,1.0,0,1,1
12589,0.2,3,0,1
12590,1.0,0,1,0
12591,1.0,0,1,1
12592,1.0,0,1,1
12593,1.0,0,1,1
12594,0.2,3,0,0
12595,0.2,3,0,0
12596,1.0,0,1,1
12597,1.0,0,1,0
12598,0.2,3,0,0
12599,1.4,1,1,0
12600,1.0,0,1,1
12601,0.2,0,0,1
12602,0.2,3,0,0
12603,0.2,3,0,0
12604,1.0,0,1,1
12605,0.2,3,0,0
12606,0.2,3,0,0
12607,3.0,0,0,1
12608,0.2,3,0,0
12609,1.0,0,1,0
12610,1.0,0,1,0
12611,1.0,0,1,1
12612,0.2,3,0,1
12613,1.0,0,1,1
12614,0.2,3,0,1
12615,1.0,0,1,1
12616,1.0,0,1,0
12617,1.0,0,1,1
12618,2.2,0,1,1
12619,1.0,0,1,0
12620,1.0,0,1,1
12621,0.2,3,0,0
12622,0.2,3,0,0
12623,1.0,0,1,1
12624,1.0,3,1,0
12625,1.0,0,0,1
12626,1.0,0,1,1
12627,1.0,0,1,1
12628,1.0,0,1,1
12629,0.2,3,0,0
12630,1.0,0,1,1
12631,1.0,0,1,1
12632,1.0,0,1,1
12633,0.2,3,0,0
12634,1.0,0,1,0
12635,1.0,0,0,0
12636,2.5999999999999996,0,1,1
12637,0.2,3,0,0
12638,3.0,0,1,0
12639,1.0,0,1,1
12640,1.0,0,1,0
12641,1.0,0,1,1
12642,0.2,3,0,0
12643,1.0,0,1,1
12644,1.0,0,1,1
12645,0.2,3,0,0
12646,1.0,0,1,1
12647,0.2,3,1,0
12648,3.8,1,1,0
12649,0.2,3,0,0
12650,1.4,0,1,1
12651,0.2,3,0,0
12652,0.2,3,0,0
12653,0.2,3,0,0
12654,0.2,3,0,0
12655,1.0,0,1,1
12656,1.0,0,1,1
12657,1.4,2,1,0
12658,0.2,3,0,0
12659,1.0,0,1,0
12660,1.8,0,1,1
12661,0.2,3,0,0
12662,1.0,0,1,0
12663,0.2,3,0,0
12664,1.0,0,0,1
12665,1.0,0,1,1
12666,1.0,0,1,1
12667,0.2,3,0,0
12668,0.2,3,0,0
12669,0.2,3,0,0
12670,0.2,3,0,0
12671,0.2,3,0,0
12672,1.0,0,1,1
12673,3.4000000000000004,0,1,1
12674,0.2,3,0,0
12675,1.0,0,1,1
12676,0.2,3,0,0
12677,1.0,0,1,1
12678,0.2,3,0,0
12679,0.2,3,0,0
12680,0.2,3,0,0
12681,1.0,0,1,1
12682,0.2,3,0,0
12683,1.0,0,1,1
12684,0.2,3,0,0
12685,0.2,3,1,0
12686,0.2,3,0,0
12687,1.0,0,1,0
12688,0.2,3,0,0
12689,1.0,0,1,1
12690,1.8,1,1,1
12691,0.2,3,0,0
12692,1.0,0,1,1
12693,0.2,3,0,0
12694,1.0,0,1,1
12695,3.8,0,1,1
12696,1.0,0,1,1
12697,1.0,0,1,0
12698,0.2,0,0,1
12699,3.0,1,1,0
12700,1.8,0,1,1
12701,0.2,3,0,0
12702,1.0,0,0,1
12703,0.2,0,0,1
12704,1.0,0,1,1
12705,1.0,0,1,1
12706,1.0,0,1,1
12707,0.2,3,0,0
12708,1.0,0,1,1
12709,1.8,0,0,1
12710,2.2,0,0,1
12711,0.6000000000000001,0,0,0
12712,2.2,0,0,1
12713,1.0,0,1,1
12714,0.2,3,0,0
12715,0.2,3,0,0
12716,1.0,0,1,1
12717,0.6000000000000001,2,0,0
12718,1.0,0,0,1
12719,1.0,0,1,1
12720,1.0,0,0,1
12721,0.2,3,0,0
12722,0.2,3,0,0
12723,0.2,3,0,1
12724,1.0,0,1,1
12725,1.0,0,1,1
12726,0.2,3,0,0
12727,1.0,0,1,1
12728,1.0,0,1,1
12729,0.2,3,0,0
12730,1.0,0,1,1
12731,1.0,0,1,1
12732,1.0,0,1,1
12733,1.0,0,1,1
12734,1.0,0,1,1
12735,0.2,3,0,0
12736,0.2,3,0,0
12737,2.2,0,0,1
12738,1.0,0,1,1
12739,0.2,0,0,1
12740,0.2,0,0,1
12741,0.6000000000000001,2,0,0
12742,1.0,0,0,1
12743,0.2,3,0,0
12744,0.2,0,0,1
12745,0.2,3,0,0
12746,1.0,0,1,0
12747,0.2,3,0,0
12748,0.2,3,0,0
12749,1.0,0,0,1
12750,1.0,0,1,0
12751,1.0,0,0,1
12752,0.2,3,0,0
12753,0.2,3,0,0
12754,2.5999999999999996,0,0,1
12755,1.0,0,1,1
12756,1.0,0,1,1
12757,0.2,3,0,0
12758,1.0,0,1,0
12759,1.0,0,1,1
12760,1.0,0,0,1
12761,1.0,0,1,1
12762,1.0,0,1,1
12763,0.2,3,0,0
12764,0.2,3,0,0
12765,1.0,0,1,0
12766,0.2,3,0,0
12767,3.0,0,1,1
12768,3.0,1,1,0
12769,1.0,0,1,1
12770,0.2,3,0,0
12771,0.2,3,0,0
12772,1.0,0,1,1
12773,0.2,3,0,0
12774,1.0,0,1,1
12775,0.2,3,1,0
12776,0.2,3,0,0
12777,1.0,0,1,1
12778,0.2,3,0,0
12779,1.0,0,1,0
12780,0.2,3,0,0
12781,0.2,3,0,0
12782,1.0,0,1,1
12783,0.2,3,0,0
12784,0.2,3,0,0
12785,2.2,0,1,1
12786,1.0,0,1,1
12787,1.0,0,1,1
12788,1.0,0,1,1
12789,1.0,0,1,1
12790,1.0,0,1,1
12791,0.2,0,0,1
12792,0.2,3,0,0
12793,0.2,3,0,0
12794,1.0,0,1,1
12795,0.2,3,0,0
12796,2.2,1,1,0
12797,1.0,0,1,1
12798,1.0,0,1,1
12799,0.2,3,0,0
12800,0.2,3,0,0
12801,1.0,0,1,1
12802,1.0,0,1,1
12803,3.0,2,1,0
12804,0.2,0,0,1
12805,0.2,0,0,1
12806,0.2,3,0,1
12807,1.4,0,0,1
12808,1.0,0,1,1
12809,0.2,3,0,0
12810,2.2,1,1,0
12811,0.2,3,0,0
12812,0.2,3,0,0
12813,1.0,0,1,1
12814,0.2,0,0,0
12815,1.0,0,1,1
12816,1.0,0,1,1
12817,0.2,3,0,1
12818,0.2,3,0,0
12819,3.8,0,1,1
12820,0.2,3,0,0
12821,1.0,0,1,1
12822,0.2,3,0,0
12823,1.0,0,1,0
12824,0.2,3,1,0
12825,0.2,3,0,0
12826,1.0,0,1,1
12827,0.2,0,0,1
12828,0.2,3,0,0
12829,0.2,3,0,0
12830,0.2,3,0,0
12831,1.0,0,1,1
12832,1.0,0,1,1
12833,1.0,0,1,1
12834,3.0,0,1,1
12835,1.0,0,0,1
12836,0.2,3,0,0
12837,0.2,3,0,0
12838,0.2,3,0,0
12839,0.2,3,0,0
12840,1.0,0,1,0
12841,1.0,0,1,0
12842,0.2,3,0,0
12843,0.2,3,0,0
12844,0.2,3,0,0
12845,1.0,0,1,1
12846,1.0,0,1,1
12847,1.0,0,1,0
12848,1.0,0,1,1
12849,0.2,3,0,0
12850,0.2,3,0,0
12851,0.2,3,0,1
12852,1.0,0,1,1
12853,0.2,3,0,0
12854,1.0,0,1,1
12855,0.2,3,0,0
12856,0.2,3,0,0
12857,1.0,0,0,1
12858,1.0,0,1,1
12859,1.0,0,1,1
12860,3.0,0,1,1
12861,0.2,3,0,0
12862,1.0,0,1,1
12863,0.2,3,0,0
12864,0.2,3,0,0
12865,1.0,0,0,1
12866,0.2,3,0,0
12867,1.0,0,0,1
12868,1.0,0,1,1
12869,1.0,0,1,1
12870,1.0,0,1,1
12871,1.0,0,0,1
12872,1.0,0,1,1
12873,1.0,0,1,1
12874,1.0,3,1,0
12875,1.0,0,1,1
12876,0.2,3,0,0
12877,3.8,1,1,0
12878,0.2,3,0,0
12879,1.0,0,0,1
12880,1.0,0,1,1
12881,1.0,0,0,1
12882,1.0,0,1,1
12883,0.2,3,0,0
12884,0.2,3,0,1
12885,2.2,2,1,0
12886,1.0,0,1,1
12887,1.0,0,1,1
12888,1.8,2,1,1
12889,0.2,3,1,0
12890,1.0,0,1,1
12891,1.0,0,1,1
12892,1.0,0,1,0
12893,1.0,0,1,1
12894,0.2,3,0,1
12895,1.0,0,1,1
12896,0.2,3,0,0
12897,0.2,3,0,0
12898,1.0,0,1,0
12899,1.0,0,1,0
12900,1.0,0,0,1
12901,1.0,0,1,1
12902,0.2,3,0,0
12903,2.2,0,0,0
12904,1.0,0,1,1
12905,1.0,0,1,0
12906,3.4000000000000004,1,1,0
12907,1.8,0,1,1
12908,0.2,3,0,0
12909,1.0,0,1,0
12910,3.4000000000000004,0,1,0
12911,0.2,3,0,0
12912,1.0,0,1,1
12913,0.2,3,0,0
12914,1.0,0,1,1
12915,0.2,3,0,0
12916,0.2,3,0,0
12917,1.0,0,1,1
12918,1.0,0,1,1
12919,0.2,3,0,0
12920,1.0,0,1,1
12921,0.2,3,0,0
12922,1.0,0,1,1
12923,1.0,0,1,0
12924,0.2,3,0,0
12925,1.0,0,1,1
12926,0.2,3,0,0
12927,3.8,0,0,1
12928,1.0,0,1,1
12929,1.0,0,0,1
12930,0.2,3,0,0
12931,1.0,0,1,1
12932,0.2,0,0,0
12933,0.2,3,0,0
12934,3.4000000000000004,0,1,1
12935,1.0,0,1,1
12936,1.0,0,1,1
12937,0.2,0,0,1
12938,1.0,0,1,1
12939,1.0,0,1,1
12940,1.0,0,1,1
12941,0.2,3,0,0
12942,0.2,3,0,0
12943,0.2,3,1,0
12944,0.2,3,0,0
12945,1.0,0,1,1
12946,0.2,3,0,0
12947,0.2,3,0,0
12948,3.0,0,0,0
12949,1.0,0,1,1
12950,3.4000000000000004,2,1,0
12951,0.2,3,1,0
12952,1.0,0,1,1
12953,1.0,0,1,1
12954,3.8,1,0,0
12955,1.0,0,1,1
12956,0.2,3,0,0
12957,1.0,0,1,1
12958,0.2,3,0,0
12959,0.2,3,0,0
12960,0.2,3,0,0
12961,1.0,3,1,0
12962,0.2,3,0,0
12963,0.2,3,0,0
12964,1.0,0,1,1
12965,0.2,3,0,0
12966,0.2,3,0,0
12967,1.0,0,1,1
12968,1.0,0,1,1
12969,1.0,3,1,0
12970,1.0,0,1,1
12971,1.0,0,1,1
12972,1.0,0,1,1
12973,0.2,3,0,0
12974,0.2,3,0,0
12975,0.2,3,0,0
12976,1.0,0,1,1
12977,1.0,0,1,1
12978,1.0,0,1,1
12979,1.0,0,1,1
12980,0.2,3,0,0
12981,0.2,0,0,1
12982,0.2,3,0,0
12983,3.4000000000000004,2,0,0
12984,1.8,0,0,1
12985,1.0,0,1,1
12986,1.0,0,1,1
12987,1.0,0,0,1
12988,0.2,3,0,0
12989,2.2,0,0,1
12990,1.0,0,1,1
12991,1.0,0,1,1
12992,1.0,0,1,1
12993,1.0,0,1,1
12994,1.0,0,1,1
12995,0.2,3,0,1
12996,1.0,0,1,1
12997,0.2,3,0,0
12998,0.2,3,0,0
12999,0.2,3,0,0
13000,1.4,1,1,0
13001,0.2,3,0,0
13002,0.2,3,0,0
13003,1.0,0,1,1
13004,0.2,3,0,0
13005,1.0,0,1,1
13006,1.0,0,1,1
13007,0.2,3,0,0
13008,3.4000000000000004,0,1,1
13009,0.2,3,0,0
13010,0.2,3,0,0
13011,1.0,0,1,1
13012,0.2,3,0,0
13013,1.0,0,1,1
13014,1.0,0,1,1
13015,1.0,0,1,1
13016,1.0,0,1,1
13017,0.2,3,1,0
13018,0.2,3,0,0
13019,0.2,3,0,0
13020,0.2,3,0,0
13021,0.2,0,1,1
13022,1.0,0,1,0
13023,3.0,2,0,0
13024,0.2,3,0,0
13025,1.0,0,1,1
13026,3.8,1,1,0
13027,0.2,3,0,0
13028,1.0,0,1,0
13029,1.0,0,1,1
13030,1.0,0,1,1
13031,1.0,0,1,1
13032,0.2,3,0,0
13033,0.2,3,0,0
13034,1.0,0,1,1
13035,0.2,3,0,0
13036,0.2,3,1,0
13037,1.0,0,1,1
13038,0.2,3,0,0
13039,0.2,3,1,0
13040,0.2,3,0,0
13041,0.2,3,0,0
13042,1.0,0,1,1
13043,0.2,3,1,0
13044,0.2,3,0,0
13045,1.4,0,1,1
13046,0.2,3,0,0
13047,0.2,3,0,0
13048,0.2,3,0,0
13049,0.2,3,0,1
13050,1.4,0,1,1
13051,1.0,0,1,1
13052,1.0,0,1,1
13053,0.2,3,0,0
13054,0.2,0,0,1
13055,1.0,0,1,0
13056,1.4,0,0,1
13057,1.0,0,1,1
13058,0.2,3,1,0
13059,0.2,0,0,1
13060,3.0,2,0,0
13061,1.0,0,1,0
13062,1.0,0,1,1
13063,1.0,0,1,1
13064,1.8,0,0,1
13065,3.4000000000000004,1,1,0
13066,2.5999999999999996,2,1,0
13067,0.2,3,0,0
13068,1.0,0,1,1
13069,1.0,0,1,1
13070,0.2,3,0,0
13071,2.5999999999999996,0,1,0
13072,0.2,3,0,0
13073,0.2,3,0,0
13074,1.0,0,1,1
13075,1.0,0,1,1
13076,0.2,3,0,0
13077,1.0,0,1,1
13078,1.0,0,1,1
13079,2.2,1,1,0
13080,0.2,3,0,1
13081,0.2,3,0,0
13082,1.0,0,1,1
13083,2.5999999999999996,0,1,1
13084,0.2,3,0,0
13085,0.2,3,0,0
13086,1.0,0,1,1
13087,1.0,0,1,0
13088,0.2,0,0,1
13089,0.2,3,0,0
13090,0.2,0,0,1
13091,0.2,3,0,0
13092,0.2,3,0,0
13093,0.2,3,0,0
13094,1.0,0,1,1
13095,1.8,0,0,1
13096,1.0,0,1,1
13097,0.2,0,0,1
13098,0.2,3,0,0
13099,1.0,0,1,1
13100,0.6000000000000001,2,1,0
13101,1.0,0,1,1
13102,2.2,0,1,1
13103,1.8,0,0,1
13104,1.0,0,1,0
13105,1.0,0,0,1
13106,1.8,1,0,0
13107,1.0,0,0,1
13108,0.2,3,0,0
13109,0.2,3,0,0
13110,1.0,0,1,1
13111,3.0,0,1,1
13112,0.2,3,0,0
13113,1.0,0,1,1
13114,1.0,0,1,1
13115,0.2,3,0,1
13116,1.0,0,1,0
13117,0.2,3,0,0
13118,0.2,3,0,0
13119,0.2,3,0,0
13120,0.2,3,0,0
13121,2.5999999999999996,0,0,1
13122,0.2,3,0,0
13123,1.8,0,1,1
13124,0.6000000000000001,1,1,0
13125,0.2,3,0,0
13126,1.0,0,1,1
13127,1.0,0,0,1
13128,0.2,3,0,0
13129,1.0,0,1,1
13130,3.8,0,1,1
13131,0.2,0,1,1
13132,0.2,3,0,0
13133,1.0,0,1,1
13134,0.2,0,0,1
13135,1.0,0,1,1
13136,1.0,0,1,1
13137,0.2,3,0,0
13138,0.2,3,0,0
13139,0.2,3,1,0
13140,0.2,3,0,0
13141,3.8,1,1,0
13142,3.4000000000000004,0,1,1
13143,1.0,0,1,1
13144,1.0,0,1,1
13145,1.0,0,1,0
13146,0.2,3,1,0
13147,1.0,0,1,1
13148,1.0,0,1,0
13149,0.2,3,1,0
13150,0.2,3,0,0
13151,0.2,0,0,1
13152,1.0,0,1,0
13153,0.2,3,0,1
13154,1.0,0,1,1
13155,1.0,0,1,1
13156,0.2,3,0,0
13157,1.0,3,1,0
13158,1.0,0,1,1
13159,0.2,3,0,0
13160,1.0,0,1,1
13161,0.2,3,0,0
13162,0.2,3,0,0
13163,1.0,0,1,1
13164,0.2,3,0,0
13165,0.2,0,0,1
13166,1.0,0,1,1
13167,0.2,3,0,0
13168,0.2,3,0,0
13169,1.0,0,1,1
13170,1.0,0,1,1
13171,0.2,3,0,0
13172,1.0,0,1,1
13173,0.2,3,0,0
13174,2.2,0,1,1
13175,0.2,3,0,0
13176,0.2,3,0,0
13177,1.0,0,1,1
13178,1.0,0,0,0
13179,1.0,0,1,1
13180,1.0,0,1,1
13181,1.0,0,1,1
13182,1.0,0,1,1
13183,1.0,0,1,1
13184,0.2,0,0,1
13185,0.2,3,0,0
13186,1.0,0,1,1
13187,2.5999999999999996,0,0,0
13188,1.0,0,1,0
13189,0.2,0,0,1
13190,1.0,0,0,1
13191,0.2,3,0,0
13192,0.2,3,0,0
13193,0.2,3,0,0
13194,1.0,0,1,1
13195,0.2,3,0,0
13196,1.0,0,1,1
13197,0.2,3,0,0
13198,1.0,0,1,1
13199,0.2,3,0,0
13200,1.0,0,1,1
13201,0.2,3,0,0
13202,0.2,3,0,0
13203,1.0,0,1,1
13204,0.2,3,0,1
13205,1.0,0,1,1
13206,2.2,0,1,1
13207,0.2,3,0,0
13208,1.8,0,1,1
13209,1.0,0,0,1
13210,0.2,3,0,0
13211,1.0,0,1,1
13212,0.2,3,0,0
13213,1.0,0,0,1
13214,1.0,0,0,1
13215,0.2,3,0,0
13216,0.2,3,0,0
13217,0.2,3,0,0
13218,0.2,3,0,0
13219,1.0,0,1,0
13220,0.2,3,0,0
13221,1.0,0,1,1
13222,0.2,3,0,0
13223,3.4000000000000004,0,0,1
13224,1.0,0,1,1
13225,0.2,3,0,0
13226,1.0,0,1,1
13227,1.0,0,1,1
13228,1.0,0,1,1
13229,1.0,0,1,1
13230,3.4000000000000004,1,1,0
13231,0.2,3,0,0
13232,0.6000000000000001,0,0,1
13233,0.2,3,0,0
13234,1.4,0,1,1
13235,1.0,0,0,1
13236,0.2,3,0,0
13237,1.0,0,1,1
13238,1.0,0,1,0
13239,1.0,0,1,0
13240,1.0,0,1,1
13241,0.2,3,0,0
13242,1.0,0,1,0
13243,1.0,0,1,1
13244,0.2,3,0,0
13245,1.0,0,1,1
13246,0.2,3,0,1
13247,0.2,3,0,0
13248,0.2,0,0,1
13249,1.0,0,0,1
13250,0.2,3,0,0
13251,1.0,0,1,1
13252,1.0,0,1,1
13253,0.2,3,0,0
13254,2.2,1,1,0
13255,0.2,3,0,0
13256,1.0,0,1,1
13257,3.0,0,0,1
13258,0.2,3,0,0
13259,1.0,0,1,0
13260,1.0,0,1,1
13261,1.0,0,1,0
13262,1.0,0,1,1
13263,1.0,0,1,1
13264,1.0,0,1,1
13265,1.8,1,0,0
13266,0.2,3,0,0
13267,0.6000000000000001,0,0,1
13268,1.4,0,1,1
13269,0.2,3,0,0
13270,1.0,0,1,1
13271,1.0,0,0,1
13272,1.0,0,1,1
13273,1.0,0,1,1
13274,1.0,0,1,1
13275,0.6000000000000001,1,0,0
13276,1.0,0,1,1
13277,1.0,0,1,1
13278,1.0,0,1,0
13279,0.2,3,0,0
13280,3.0,2,0,0
13281,1.0,0,1,1
13282,1.4,0,0,1
13283,1.0,0,1,0
13284,1.0,0,1,1
13285,0.2,3,0,0
13286,1.0,0,1,1
13287,1.0,0,1,1
13288,0.2,3,0,0
13289,0.2,3,0,0
13290,0.2,3,0,0
13291,1.0,0,1,0
13292,1.0,3,1,0
13293,1.0,0,1,1
13294,0.2,3,0,0
13295,1.0,0,1,1
13296,0.2,3,0,0
13297,0.2,0,0,1
13298,0.2,3,0,0
13299,0.2,3,0,0
13300,0.2,3,0,0
13301,1.0,0,1,1
13302,0.2,3,0,0
13303,0.2,3,0,0
13304,0.2,3,0,0
13305,2.2,1,0,0
13306,1.0,0,1,1
13307,1.0,0,1,1
13308,1.0,0,1,1
13309,3.0,0,0,1
13310,1.0,0,1,1
13311,1.0,0,1,1
13312,1.0,0,1,1
13313,1.0,0,1,1
13314,0.2,3,0,0
13315,1.0,0,1,1
13316,1.0,0,1,1
13317,1.0,0,1,1
13318,1.0,0,1,1
13319,0.2,3,0,0
13320,1.0,0,1,1
13321,1.0,0,1,1
13322,1.0,0,1,1
13323,0.2,3,1,0
13324,1.0,0,1,0
13325,1.0,0,1,1
13326,0.2,3,0,0
13327,1.0,0,1,1
13328,0.2,0,0,1
13329,0.2,3,1,0
13330,3.0,2,1,0
13331,0.2,3,1,0
13332,1.0,0,1,1
13333,1.0,0,1,1
13334,1.0,3,1,1
13335,0.2,3,1,0
13336,1.0,0,1,1
13337,1.0,0,1,1
13338,1.0,0,1,1
13339,0.2,3,0,0
13340,0.2,3,0,0
13341,1.0,0,1,0
13342,0.2,3,0,0
13343,0.2,3,0,0
13344,1.0,0,1,1
13345,0.2,3,0,0
13346,2.2,1,0,0
13347,1.0,0,1,1
13348,1.0,0,1,1
13349,0.2,3,0,0
13350,0.2,3,0,0
13351,0.2,3,0,0
13352,1.0,0,1,1
13353,1.0,0,1,1
13354,3.8,0,0,0
13355,1.0,0,1,1
13356,1.0,0,1,1
13357,2.2,0,1,0
13358,1.0,0,1,1
13359,1.0,0,1,1
13360,1.0,0,1,1
13361,0.2,3,0,0
13362,1.0,0,1,1
13363,3.8,1,1,0
13364,0.2,3,0,0
13365,1.0,0,1,1
13366,0.2,0,0,1
13367,0.2,3,0,0
13368,1.0,0,1,1
13369,0.2,3,0,0
13370,0.2,3,1,0
13371,0.2,3,0,0
13372,1.0,0,1,1
13373,0.2,3,0,0
13374,0.2,3,0,0
13375,1.0,0,1,1
13376,1.0,0,0,0
13377,0.2,0,0,1
13378,0.2,3,0,0
13379,0.2,0,0,1
13380,0.2,3,0,0
13381,1.0,0,1,1
13382,3.4000000000000004,0,1,1
13383,1.0,0,0,1
13384,1.0,0,1,1
13385,1.0,0,1,0
13386,0.2,3,0,0
13387,1.0,0,1,1
13388,0.2,3,0,0
13389,3.0,0,1,1
13390,1.4,0,0,1
13391,0.2,3,0,0
13392,0.2,3,0,0
13393,0.2,3,0,0
13394,1.0,0,1,1
13395,0.2,3,0,0
13396,0.2,3,0,0
13397,1.0,0,1,1
13398,3.4000000000000004,1,1,0
13399,1.0,0,0,0
13400,3.8,0,0,1
13401,1.0,0,1,1
13402,1.0,0,1,0
13403,2.5999999999999996,0,1,0
13404,1.0,0,1,1
13405,0.2,3,0,0
13406,0.2,3,0,0
13407,1.0,0,1,1
13408,3.8,0,1,1
13409,0.2,3,0,0
13410,2.2,0,1,1
13411,1.0,0,1,1
13412,0.2,3,0,0
13413,2.5999999999999996,0,1,1
13414,1.0,0,1,1
13415,0.2,3,0,0
13416,0.2,0,0,1
13417,1.0,0,0,1
13418,1.4,0,0,1
13419,0.2,3,0,1
13420,2.2,0,1,1
13421,0.2,3,0,0
13422,1.0,0,1,1
13423,0.2,3,0,1
13424,3.8,0,0,1
13425,0.2,3,0,0
13426,0.2,3,0,0
13427,1.0,0,0,1
13428,0.2,3,0,0
13429,1.0,0,1,1
13430,0.2,3,0,0
13431,1.0,3,0,0
13432,0.2,3,0,1
13433,1.0,0,1,1
13434,0.2,3,0,0
13435,1.0,0,1,0
13436,3.4000000000000004,0,1,1
13437,1.0,0,1,1
13438,3.8,1,0,0
13439,0.2,3,0,1
13440,0.2,3,0,0
13441,0.2,3,0,0
13442,0.2,3,0,0
13443,1.0,0,1,1
13444,1.0,0,1,1
13445,1.0,0,0,1
13446,1.0,0,1,1
13447,1.8,0,1,1
13448,0.2,3,0,0
13449,0.2,0,0,1
13450,1.0,0,1,1
13451,0.2,3,0,0
13452,3.8,2,1,0
13453,0.2,3,0,0
13454,1.0,0,0,1
13455,0.2,3,0,0
13456,3.4000000000000004,0,1,0
13457,1.0,0,1,1
13458,0.2,3,1,0
13459,0.2,3,0,0
13460,1.0,0,1,1
13461,1.0,0,0,1
13462,1.0,0,1,1
13463,1.0,0,1,1
13464,1.0,0,1,1
13465,1.0,0,1,1
13466,1.0,0,1,1
13467,0.2,3,0,0
13468,0.2,3,0,0
13469,1.0,0,0,1
13470,0.2,3,0,0
13471,1.0,0,1,1
13472,1.0,0,1,1
13473,1.0,0,1,1
13474,0.2,3,0,0
13475,0.2,3,0,0
13476,1.0,0,0,1
13477,1.0,0,1,1
13478,3.0,0,1,1
13479,1.0,0,1,1
13480,0.2,3,0,0
13481,1.4,0,1,1
13482,1.0,0,1,1
13483,1.0,0,1,1
13484,0.2,3,0,0
13485,0.2,3,1,0
13486,1.0,0,1,0
13487,0.2,3,0,1
13488,0.2,3,0,0
13489,0.2,3,0,0
13490,3.0,0,1,1
13491,3.0,2,0,0
13492,0.2,3,0,0
13493,0.2,3,0,0
13494,0.2,3,0,0
13495,1.0,0,1,1
13496,1.0,0,1,1
13497,0.2,3,0,0
13498,1.0,0,1,0
13499,1.4,0,1,1
13500,0.2,3,0,0
13501,0.2,3,0,0
13502,1.0,0,1,1
13503,0.2,3,0,0
13504,0.2,0,0,1
13505,1.0,0,1,1
13506,1.0,0,1,1
13507,0.2,3,0,0
13508,1.0,0,0,1
13509,0.2,3,0,0
13510,0.2,3,0,0
13511,0.2,3,0,0
13512,3.8,0,0,1
13513,0.2,3,0,0
13514,1.0,0,1,1
13515,0.2,3,0,0
13516,1.0,0,1,1
13517,3.4000000000000004,0,1,1
13518,2.2,0,1,1
13519,1.0,0,1,1
13520,0.2,3,0,0
13521,1.0,0,1,1
13522,0.2,3,0,0
13523,0.2,3,0,0
13524,1.0,0,1,1
13525,1.0,0,1,1
13526,0.2,3,0,0
13527,1.0,0,1,1
13528,1.0,0,1,1
13529,1.0,0,1,1
13530,0.2,3,0,0
13531,1.0,0,1,1
13532,1.0,0,1,1
13533,1.8,1,0,0
13534,1.0,0,1,1
13535,1.0,0,1,1
13536,1.4,0,1,1
13537,1.0,0,1,1
13538,2.5999999999999996,0,1,1
13539,1.0,0,1,1
13540,0.2,3,0,0
13541,0.2,3,0,0
13542,0.2,3,0,0
13543,0.2,3,0,0
13544,0.2,3,0,0
13545,0.2,3,0,0
13546,0.2,3,0,0
13547,0.2,3,1,0
13548,0.2,3,0,0
13549,1.0,0,1,1
13550,1.0,0,1,1
13551,0.2,3,0,0
13552,1.0,0,1,1
13553,0.2,3,0,0
13554,1.0,0,1,1
13555,0.2,3,0,0
13556,1.0,0,1,0
13557,1.0,0,1,1
13558,1.0,0,1,1
13559,1.4,0,1,1
13560,1.0,0,1,1
13561,1.0,0,1,1
13562,1.0,0,1,0
13563,0.2,3,0,0
13564,2.5999999999999996,0,1,1
13565,1.0,0,1,1
13566,0.2,3,0,0
13567,1.0,0,1,1
13568,2.5999999999999996,1,1,0
13569,1.0,0,1,0
13570,0.2,3,0,0
13571,1.0,0,1,1
13572,1.0,0,1,1
13573,1.0,0,1,1
13574,1.0,0,1,1
13575,3.4000000000000004,2,0,0
13576,0.2,3,0,0
13577,0.2,3,0,0
13578,1.0,0,0,1
13579,1.0,0,1,1
13580,0.2,3,0,0
13581,2.5999999999999996,2,0,0
13582,0.2,3,0,0
13583,0.2,3,0,0
13584,0.2,3,0,0
13585,1.0,0,1,1
13586,1.0,0,1,1
13587,0.2,3,0,0
13588,1.0,0,1,1
13589,1.0,0,1,1
13590,1.0,0,1,0
13591,1.0,0,1,1
13592,0.2,0,0,1
13593,1.0,0,1,1
13594,1.0,0,1,1
13595,0.2,3,0,0
13596,0.2,3,0,0
13597,1.0,0,1,1
13598,0.2,3,0,0
13599,0.2,3,0,0
13600,3.0,2,1,0
13601,1.0,0,1,1
13602,0.2,3,0,0
13603,1.0,0,1,0
13604,0.2,3,0,1
13605,1.0,0,0,1
13606,1.0,0,1,0
13607,1.0,0,1,1
13608,3.0,0,1,1
13609,0.2,3,0,0
13610,1.0,0,1,1
13611,1.0,0,0,1
13612,1.0,0,1,1
13613,1.0,0,1,1
13614,1.0,0,1,1
13615,1.0,0,1,1
13616,3.8,0,1,1
13617,1.0,0,0,1
13618,0.2,3,0,0
13619,0.2,3,0,0
13620,0.2,3,0,1
13621,0.2,3,0,0
13622,1.0,0,1,1
13623,3.8,2,0,0
13624,1.0,0,1,1
13625,1.0,0,1,1
13626,1.8,1,0,0
13627,0.2,3,0,0
13628,0.2,3,0,0
13629,1.0,0,1,0
13630,0.2,3,0,0
13631,0.2,3,0,0
13632,1.0,0,1,1
13633,1.0,0,0,1
13634,1.0,0,1,0
13635,1.0,0,1,1
13636,1.0,0,0,1
13637,1.0,0,1,1
13638,0.2,3,0,0
13639,1.0,0,1,1
13640,0.6000000000000001,1,0,0
13641,1.0,0,1,1
13642,0.2,3,0,0
13643,0.2,3,0,0
13644,0.2,3,0,0
13645,0.2,3,0,0
13646,0.2,3,1,0
13647,1.0,0,1,1
13648,1.0,0,1,1
13649,1.0,0,1,1
13650,0.2,3,0,0
13651,1.0,0,0,1
13652,0.2,3,0,0
13653,1.0,0,0,1
13654,1.0,0,1,1
13655,0.2,3,0,1
13656,2.2,0,1,1
13657,0.2,0,0,1
13658,1.0,0,1,1
13659,1.0,0,1,1
13660,0.2,3,0,0
13661,1.0,0,1,1
13662,0.2,3,0,0
13663,1.0,0,1,1
13664,1.0,0,1,1
13665,1.0,0,1,1
13666,3.4000000000000004,2,1,0
13667,0.2,3,0,0
13668,0.2,3,0,0
13669,0.2,3,0,0
13670,0.2,3,0,1
13671,1.0,0,0,0
13672,1.0,0,1,1
13673,1.0,0,1,1
13674,0.2,3,0,0
13675,1.0,0,1,1
13676,0.2,3,0,0
13677,0.2,3,0,0
13678,1.0,0,1,0
13679,0.2,0,0,1
13680,0.2,3,0,0
13681,1.0,0,1,1
13682,0.2,0,0,1
13683,1.0,0,1,0
13684,1.0,0,1,1
13685,1.0,0,1,1
13686,1.0,0,1,1
13687,1.8,0,0,1
13688,1.0,0,1,1
13689,0.2,3,0,0
13690,1.0,0,1,1
13691,1.0,0,1,1
13692,0.2,0,0,1
13693,0.2,3,0,0
13694,1.0,0,1,1
13695,0.2,3,0,0
13696,0.2,3,0,0
13697,0.2,0,0,1
13698,0.2,3,0,0
13699,1.0,0,1,0
13700,1.0,0,1,1
13701,0.2,3,0,0
13702,1.0,0,1,1
13703,1.0,3,0,0
13704,1.0,0,1,1
13705,0.2,3,0,0
13706,1.0,0,1,0
13707,1.0,0,1,1
13708,1.0,0,1,1
13709,2.5999999999999996,0,0,1
13710,3.8,0,1,1
13711,0.2,3,1,0
13712,1.0,0,1,1
13713,1.0,0,1,1
13714,0.2,3,0,0
13715,0.2,3,0,0
13716,0.2,3,0,1
13717,3.8,0,1,1
13718,1.0,0,1,1
13719,1.0,0,1,1
13720,0.2,3,0,0
13721,0.2,3,0,0
13722,1.0,0,1,1
13723,0.2,3,0,0
13724,1.0,0,1,1
13725,1.0,0,1,1
13726,1.0,0,1,1
13727,0.2,3,0,0
13728,1.0,0,0,1
13729,3.0,0,1,1
13730,1.4,0,1,1
13731,1.0,0,1,1
13732,1.0,0,1,1
13733,0.2,3,0,0
13734,3.4000000000000004,2,1,0
13735,1.0,0,0,1
13736,1.0,0,1,1
13737,0.2,0,0,1
13738,0.2,3,0,1
13739,1.0,0,0,1
13740,1.0,0,1,1
13741,1.0,0,1,1
13742,1.0,0,1,1
13743,1.4,0,0,1
13744,0.2,0,0,1
13745,0.2,3,0,0
13746,1.0,0,0,0
13747,0.2,3,0,0
13748,1.0,0,1,1
13749,0.2,0,0,1
13750,0.2,3,0,0
13751,1.0,0,1,0
13752,0.6000000000000001,0,1,1
13753,0.2,3,0,1
13754,0.2,3,0,0
13755,3.8,1,1,0
13756,0.2,3,0,0
13757,3.8,1,1,0
13758,1.0,0,1,0
13759,1.0,0,1,1
13760,1.0,0,1,1
13761,1.0,0,1,1
13762,1.0,0,1,1
13763,0.2,3,0,0
13764,1.0,0,1,1
13765,1.0,0,1,1
13766,0.2,0,0,1
13767,1.0,0,1,1
13768,1.0,0,1,1
13769,0.2,3,0,0
13770,1.0,0,1,0
13771,1.0,0,1,1
13772,1.0,0,1,1
13773,1.0,0,1,1
13774,1.0,0,1,1
13775,1.0,3,1,0
13776,2.2,0,1,1
13777,1.0,0,1,1
13778,1.0,0,1,1
13779,0.2,3,0,0
13780,3.0,1,1,0
13781,0.2,3,0,0
13782,0.2,3,0,0
13783,1.8,0,1,1
13784,0.2,3,0,0
13785,1.0,0,1,1
13786,1.0,0,1,1
13787,0.2,3,0,0
13788,0.2,3,0,0
13789,1.0,0,1,1
13790,0.2,3,0,0
13791,0.2,3,0,0
13792,1.0,0,1,1
13793,1.0,0,1,0
13794,1.0,0,1,1
13795,0.2,3,0,0
13796,0.2,3,0,0
13797,0.2,3,0,0
13798,0.2,3,0,0
13799,1.0,0,1,1
13800,1.0,0,1,1
13801,0.2,3,0,0
13802,0.2,3,0,0
13803,0.2,3,0,0
13804,0.2,3,0,0
13805,0.2,0,0,1
13806,0.2,3,0,0
13807,0.2,3,0,0
13808,0.2,0,0,0
13809,1.8,0,1,1
13810,1.0,0,1,1
13811,0.2,3,0,0
13812,0.2,3,0,0
13813,0.2,3,0,0
13814,0.2,3,0,0
13815,3.0,0,1,1
13816,0.2,3,0,0
13817,2.5999999999999996,0,1,0
13818,0.2,3,0,0
13819,1.0,0,1,1
13820,0.2,3,1,0
13821,0.2,3,0,0
13822,1.0,0,1,1
13823,1.0,0,1,1
13824,1.0,0,1,1
13825,0.2,3,0,0
13826,2.2,1,0,0
13827,1.0,0,1,1
13828,1.0,0,1,0
13829,0.2,3,0,0
13830,1.0,0,1,1
13831,1.0,0,1,1
13832,0.2,0,0,0
13833,1.0,0,1,1
13834,1.0,0,0,1
13835,1.0,0,1,1
13836,2.2,1,1,0
13837,1.4,0,1,1
13838,0.2,3,0,0
13839,1.0,0,1,1
13840,1.0,0,1,1
13841,1.0,0,1,1
13842,1.0,0,1,0
13843,1.0,0,1,1
13844,0.2,3,0,0
13845,0.2,3,0,1
13846,0.2,3,0,0
13847,1.0,0,1,1
13848,1.0,0,1,1
13849,1.0,0,1,1
13850,1.0,0,1,1
13851,3.4000000000000004,0,1,1
13852,0.2,3,0,0
13853,1.0,0,1,1
13854,1.0,0,1,1
13855,3.4000000000000004,1,1,0
13856,0.2,3,0,0
13857,1.0,0,1,0
13858,1.0,0,0,1
13859,1.0,0,1,1
13860,3.0,2,0,0
13861,1.0,0,1,0
13862,1.0,0,1,1
13863,1.0,0,1,1
13864,1.0,0,1,1
13865,1.0,0,1,1
13866,1.8,0,1,1
13867,0.2,3,0,0
13868,0.2,3,0,1
13869,0.2,3,0,0
13870,0.2,3,1,0
13871,0.2,3,0,1
13872,1.8,0,1,1
13873,2.2,1,1,0
13874,1.4,1,0,0
13875,0.6000000000000001,0,1,1
13876,1.0,0,1,0
13877,0.2,3,0,0
13878,0.2,3,0,0
13879,1.0,0,1,1
13880,0.2,3,0,0
13881,0.2,3,0,0
13882,0.2,3,1,0
13883,0.6000000000000001,1,1,0
13884,0.2,3,0,0
13885,0.2,3,0,0
13886,1.0,0,1,1
13887,1.4,2,1,0
13888,0.2,3,0,0
13889,1.8,0,1,1
13890,0.2,0,0,1
13891,0.2,3,0,0
13892,0.2,3,0,0
13893,0.2,3,0,1
13894,0.2,3,0,0
13895,0.2,3,0,0
13896,1.0,0,1,1
13897,1.0,0,1,0
13898,1.0,0,1,0
13899,1.0,0,1,1
13900,1.0,0,1,1
13901,0.2,3,0,0
13902,1.0,0,1,1
13903,0.2,3,0,0
13904,0.2,0,0,1
13905,1.0,0,1,0
13906,1.0,0,1,1
13907,0.2,3,1,0
13908,1.4,0,0,0
13909,1.0,0,1,0
13910,0.2,3,0,0
13911,0.2,3,0,0
13912,0.2,3,0,0
13913,1.0,0,0,1
13914,2.5999999999999996,1,0,0
13915,1.8,0,1,0
13916,0.2,3,0,0
13917,0.2,3,0,0
13918,0.2,3,0,0
13919,0.6000000000000001,0,1,0
13920,1.8,0,1,1
13921,0.2,3,1,0
13922,1.0,0,1,1
13923,1.0,0,1,1
13924,0.2,3,0,0
13925,0.2,3,0,0
13926,0.2,3,0,0
13927,1.0,0,1,1
13928,3.0,1,0,0
13929,2.2,0,1,1
13930,1.0,0,1,1
13931,1.0,0,0,1
13932,1.0,0,1,0
13933,1.0,0,1,1
13934,0.2,3,0,0
13935,1.0,0,1,1
13936,1.0,0,1,1
13937,1.0,0,1,1
13938,1.0,0,1,0
13939,1.0,0,1,1
13940,0.2,3,0,0
13941,0.2,3,0,0
13942,3.0,0,0,1
13943,1.0,0,1,1
13944,0.2,0,0,1
13945,1.0,0,1,1
13946,0.2,3,0,0
13947,1.8,0,1,1
13948,0.2,3,0,0
13949,0.2,3,0,0
13950,1.0,0,1,1
13951,1.0,0,1,0
13952,1.0,0,1,1
13953,0.2,3,0,0
13954,1.8,0,0,1
13955,0.2,3,0,0
13956,1.0,0,1,1
13957,1.0,0,1,1
13958,0.2,3,0,0
13959,0.2,0,0,1
13960,0.2,3,0,0
13961,0.2,3,0,0
13962,0.2,3,0,0
13963,1.0,0,1,1
13964,0.2,3,0,0
13965,3.0,0,1,1
13966,1.0,0,1,1
13967,2.5999999999999996,0,1,0
13968,1.0,0,1,0
13969,1.0,0,1,1
13970,0.2,3,0,0
13971,0.2,0,0,1
13972,1.0,0,1,1
13973,1.0,0,1,1
13974,1.0,0,1,1
13975,0.2,3,0,0
13976,1.0,0,1,1
13977,2.2,0,0,1
13978,1.0,0,1,1
13979,0.2,3,0,0
13980,0.2,3,1,0
13981,1.0,0,1,0
13982,0.2,3,0,0
13983,0.2,0,0,1
13984,0.2,3,0,0
13985,0.6000000000000001,0,1,1
13986,1.0,0,1,1
13987,1.0,0,1,1
13988,0.2,3,0,0
13989,1.0,0,1,1
13990,1.8,0,0,1
13991,1.0,0,1,1
13992,0.2,3,0,0
13993,0.2,3,0,0
13994,0.2,3,0,0
13995,1.0,3,1,0
13996,0.2,3,0,0
13997,1.0,0,1,1
13998,1.0,0,1,1
13999,0.2,3,0,0
14000,0.2,3,0,0
14001,0.2,3,0,0
14002,1.0,0,1,1
14003,1.0,0,1,1
14004,1.0,0,0,1
14005,0.2,3,0,0
14006,0.2,0,0,1
14007,1.0,0,1,1
14008,1.0,0,1,0
14009,1.0,0,1,1
14010,0.2,3,0,0
14011,0.2,3,0,1
14012,0.2,3,0,0
14013,3.0,2,1,0
14014,1.0,0,1,0
14015,1.0,0,0,1
14016,0.2,3,0,0
14017,1.0,0,1,1
14018,0.2,3,0,0
14019,0.2,3,0,0
14020,1.0,0,1,1
14021,0.2,3,0,0
14022,1.0,0,1,1
14023,0.2,3,0,0
14024,1.0,0,1,1
14025,0.2,3,0,0
14026,1.0,0,1,0
14027,0.2,0,0,0
14028,1.0,0,1,1
14029,1.0,0,1,1
14030,0.2,3,0,0
14031,3.8,1,0,0
14032,1.0,0,1,1
14033,0.2,3,0,0
14034,3.8,2,0,0
14035,1.0,0,1,1
14036,3.8,0,1,1
14037,0.2,3,0,1
14038,1.0,0,1,1
14039,0.2,3,0,0
14040,0.2,0,0,1
14041,0.2,0,0,1
14042,0.2,3,0,0
14043,1.0,0,1,1
14044,1.0,3,1,0
14045,1.0,0,1,1
14046,1.0,0,1,1
14047,1.0,0,1,1
14048,0.2,3,0,0
14049,0.2,3,0,0
14050,1.4,2,1,0
14051,0.6000000000000001,0,1,1
14052,1.0,0,1,1
14053,0.2,3,1,0
14054,0.2,3,0,0
14055,1.0,0,0,1
14056,0.2,3,0,0
14057,1.0,0,0,1
14058,0.2,3,0,0
14059,1.0,0,1,1
14060,0.2,0,0,1
14061,1.0,0,1,1
14062,0.2,3,0,0
14063,1.0,0,1,1
14064,0.2,3,0,0
14065,0.2,3,0,1
14066,1.0,0,1,1
14067,1.0,0,0,1
14068,0.2,3,0,0
14069,1.0,0,1,1
14070,1.0,0,1,1
14071,0.2,3,0,0
14072,1.0,0,1,0
14073,1.0,0,1,1
14074,1.0,0,1,1
14075,1.0,0,1,1
14076,1.0,0,1,1
14077,1.0,0,1,0
14078,1.0,0,1,1
14079,1.0,0,1,1
14080,1.8,0,0,1
14081,1.0,0,1,1
14082,1.0,0,1,1
14083,1.0,0,1,1
14084,0.2,3,0,0
14085,1.0,0,1,1
14086,2.5999999999999996,1,1,0
14087,1.0,0,0,1
14088,0.2,3,0,0
14089,1.0,0,1,1
14090,0.2,0,0,1
14091,0.2,3,0,0
14092,1.0,0,1,1
14093,1.0,0,1,0
14094,1.0,0,1,1
14095,0.6000000000000001,2,1,0
14096,1.0,0,1,1
14097,1.0,0,1,1
14098,0.2,3,0,0
14099,1.0,0,1,1
14100,1.0,0,1,1
14101,0.2,3,0,0
14102,1.0,0,1,1
14103,1.0,0,1,1
14104,0.2,3,0,0
14105,1.0,0,1,1
14106,1.0,0,1,1
14107,0.2,3,1,0
14108,1.0,0,1,1
14109,3.8,1,0,0
14110,1.0,0,1,1
14111,0.2,3,0,0
14112,1.0,0,1,1
14113,3.4000000000000004,2,1,0
14114,1.0,0,1,1
14115,1.0,0,1,0
14116,0.2,3,0,0
14117,0.6000000000000001,0,0,0
14118,0.2,3,0,0
14119,0.2,3,0,0
14120,1.0,0,1,1
14121,0.2,3,0,0
14122,0.2,3,0,0
14123,0.2,3,0,0
14124,0.2,3,0,0
14125,0.2,3,1,0
14126,2.2,0,1,0
14127,0.2,3,0,0
14128,0.2,3,0,0
14129,0.2,3,0,0
14130,1.0,0,1,0
14131,0.2,3,0,0
14132,1.0,3,1,0
14133,1.0,0,1,1
14134,0.2,3,0,0
14135,0.2,3,0,0
14136,1.0,0,1,1
14137,0.2,3,0,0
14138,0.2,3,0,0
14139,2.5999999999999996,0,1,1
14140,1.0,0,1,1
14141,0.2,3,0,1
14142,1.0,0,1,1
14143,0.6000000000000001,1,1,0
14144,1.0,0,0,1
14145,0.2,3,0,0
14146,0.6000000000000001,1,0,0
14147,0.2,3,1,0
14148,1.0,0,1,1
14149,1.0,0,1,1
14150,1.0,0,1,1
14151,3.0,2,0,0
14152,1.0,0,1,1
14153,3.4000000000000004,0,0,1
14154,1.8,0,0,1
14155,1.0,0,1,1
14156,1.0,0,1,1
14157,1.0,0,1,1
14158,1.0,0,1,1
14159,0.2,3,0,0
14160,0.2,3,0,0
14161,0.2,3,0,0
14162,1.8,0,1,1
14163,1.0,0,1,1
14164,0.2,3,0,0
14165,0.2,0,1,1
14166,3.4000000000000004,0,1,1
14167,1.0,0,1,0
14168,1.0,0,1,1
14169,0.2,3,0,0
14170,0.2,3,1,0
14171,1.0,0,1,1
14172,3.4000000000000004,1,1,0
14173,1.0,0,1,0
14174,1.0,0,1,1
14175,0.2,3,0,1
14176,1.0,0,1,1
14177,1.0,0,1,1
14178,1.0,3,1,0
14179,1.0,0,1,1
14180,1.0,0,1,0
14181,1.0,0,1,1
14182,0.2,3,1,0
14183,0.6000000000000001,0,0,1
14184,0.2,3,0,0
14185,0.6000000000000001,0,0,1
14186,1.0,0,1,1
14187,0.2,0,0,1
14188,0.2,3,0,0
14189,3.8,0,0,1
14190,3.4000000000000004,0,0,0
14191,1.0,0,1,1
14192,1.0,0,1,1
14193,1.0,0,1,1
14194,2.2,0,1,1
14195,1.0,0,1,1
14196,1.0,0,1,1
14197,1.0,0,1,1
14198,1.0,0,1,1
14199,0.2,3,0,0
14200,0.2,3,0,0
14201,1.0,0,1,1
14202,0.2,3,0,0
14203,0.2,3,0,0
14204,1.8,0,1,0
14205,1.0,0,1,1
14206,1.0,0,1,0
14207,0.2,3,0,0
14208,1.0,0,1,1
14209,0.2,3,0,0
14210,1.8,1,1,0
14211,1.0,0,1,1
14212,1.0,0,1,1
14213,0.2,3,0,0
14214,0.6000000000000001,0,0,0
14215,3.4000000000000004,0,0,1
14216,1.0,0,1,0
14217,0.2,3,0,0
14218,1.0,0,1,1
14219,0.2,3,0,0
14220,0.2,3,0,0
14221,1.0,0,1,1
14222,1.0,0,1,1
14223,0.2,3,0,0
14224,1.0,0,1,1
14225,0.2,3,0,0
14226,0.2,3,0,0
14227,0.2,3,0,0
14228,1.0,0,1,1
14229,0.2,3,0,0
14230,0.6000000000000001,1,0,0
14231,0.2,3,0,0
14232,1.0,0,1,1
14233,0.2,3,1,0
14234,1.0,0,1,1
14235,1.0,0,1,1
14236,0.2,3,0,0
14237,1.8,0,1,1
14238,1.0,0,1,1
14239,1.0,0,1,1
14240,0.2,0,0,1
14241,1.0,0,1,1
14242,1.0,0,1,1
14243,0.2,3,0,0
14244,1.0,0,1,1
14245,1.0,0,1,1
14246,3.4000000000000004,2,1,0
14247,1.0,0,0,1
14248,0.2,3,0,0
14249,1.0,0,0,0
14250,0.2,3,0,0
14251,0.2,3,0,0
14252,0.2,3,0,0
14253,0.2,3,0,0
14254,0.2,3,0,0
14255,0.2,0,0,1
14256,0.2,3,0,0
14257,0.2,3,0,0
14258,0.2,3,0,0
14259,0.6000000000000001,0,1,1
14260,1.0,0,1,1
14261,0.2,3,0,0
14262,1.4,0,0,1
14263,0.2,3,0,0
14264,0.2,0,0,0
14265,1.0,0,1,1
14266,1.0,0,1,1
14267,0.2,3,0,0
14268,0.2,3,0,0
14269,1.0,0,1,1
14270,0.2,0,0,1
14271,0.2,3,0,0
14272,0.2,3,0,0
14273,0.2,3,0,0
14274,0.2,3,0,0
14275,0.2,0,0,1
14276,1.0,0,1,1
14277,3.0,2,1,0
14278,1.0,0,1,1
14279,0.2,3,0,0
14280,1.0,0,1,1
14281,0.2,3,0,0
14282,1.0,0,1,1
14283,0.2,3,0,0
14284,1.0,0,1,1
14285,1.0,0,1,0
14286,0.2,3,0,1
14287,1.0,0,1,1
14288,3.0,1,1,0
14289,0.2,3,0,0
14290,1.0,0,1,1
14291,0.2,3,0,0
14292,1.0,0,1,1
14293,0.2,3,0,0
14294,0.2,0,0,1
14295,3.8,0,1,1
14296,0.2,3,0,0
14297,0.2,3,0,0
14298,0.2,3,0,1
14299,3.4000000000000004,0,1,1
14300,1.0,0,1,1
14301,3.4000000000000004,1,0,0
14302,0.2,3,0,0
14303,1.0,0,1,0
14304,0.2,3,0,0
14305,0.2,3,0,0
14306,0.2,3,0,0
14307,0.2,3,0,0
14308,1.0,0,0,1
14309,0.2,3,0,1
14310,1.0,0,1,1
14311,1.8,0,0,1
14312,0.2,3,0,0
14313,0.2,3,0,0
14314,2.2,0,1,0
14315,0.2,3,1,0
14316,0.2,3,0,0
14317,0.2,0,0,1
14318,1.0,0,1,1
14319,1.0,0,1,1
14320,0.2,0,0,1
14321,1.0,0,1,1
14322,1.0,0,1,1
14323,1.0,0,0,1
14324,0.2,0,0,1
14325,1.0,0,1,1
14326,0.6000000000000001,0,0,1
14327,1.0,0,1,0
14328,1.0,0,0,1
14329,0.2,3,0,0
14330,1.0,0,1,0
14331,0.2,3,0,0
14332,1.0,0,1,1
14333,0.2,3,0,0
14334,1.0,0,1,1
14335,1.8,0,1,1
14336,0.2,3,0,0
14337,2.2,0,1,1
14338,1.0,3,1,0
14339,1.0,0,1,1
14340,0.2,3,0,0
14341,0.2,3,0,0
14342,0.2,3,0,0
14343,1.0,0,1,1
14344,0.2,3,0,0
14345,1.0,3,1,0
14346,0.2,3,0,0
14347,2.2,0,1,1
14348,0.2,3,0,0
14349,0.2,3,0,1
14350,3.4000000000000004,0,0,1
14351,0.2,3,0,0
14352,1.0,0,1,1
14353,0.2,3,0,0
14354,0.2,0,0,1
14355,2.5999999999999996,0,1,1
14356,1.0,0,1,0
14357,1.0,0,1,1
14358,0.2,3,0,0
14359,0.2,3,0,0
14360,0.6000000000000001,2,1,0
14361,0.2,3,0,0
14362,0.2,3,0,0
14363,1.0,0,1,1
14364,1.0,0,1,1
14365,1.0,0,1,1
14366,1.0,0,1,1
14367,0.2,0,0,1
14368,0.2,3,0,0
14369,0.2,3,0,0
14370,0.2,3,0,0
14371,1.0,0,1,1
14372,1.0,0,0,1
14373,0.2,3,0,0
14374,0.2,3,0,0
14375,1.0,3,1,0
14376,1.0,0,0,1
14377,1.0,0,1,1
14378,0.2,3,0,0
14379,0.2,3,0,0
14380,0.2,3,0,0
14381,0.2,3,0,0
14382,1.0,0,1,0
14383,3.4000000000000004,0,0,1
14384,1.0,0,1,1
14385,1.0,0,1,1
14386,1.0,0,1,1
14387,1.0,0,1,0
14388,0.6000000000000001,1,0,0
14389,0.2,3,0,0
14390,1.0,0,1,1
14391,3.4000000000000004,0,1,1
14392,1.4,0,0,1
14393,1.0,0,1,1
14394,1.0,0,1,0
14395,1.0,0,1,1
14396,0.2,3,1,0
14397,0.2,3,1,0
14398,1.0,0,1,0
14399,1.0,0,1,0
14400,1.0,0,1,1
14401,1.0,0,1,1
14402,1.0,0,1,1
14403,1.0,0,1,1
14404,0.2,3,0,0
14405,0.2,3,0,0
14406,2.2,0,1,1
14407,1.0,0,1,1
14408,1.8,2,0,0
14409,0.2,3,0,0
14410,1.0,0,1,1
14411,1.0,0,1,1
14412,0.2,0,0,1
14413,1.0,0,1,1
14414,1.8,0,1,0
14415,1.0,0,1,1
14416,1.0,0,1,0
14417,1.0,0,1,1
14418,0.2,3,0,0
14419,1.8,0,0,1
14420,2.5999999999999996,0,1,1
14421,1.0,0,0,1
14422,0.2,3,0,0
14423,0.2,3,0,0
14424,1.0,0,1,0
14425,3.4000000000000004,1,1,0
14426,0.2,3,0,0
14427,1.0,0,1,1
14428,1.0,0,1,1
14429,1.0,0,1,1
14430,1.0,0,1,1
14431,1.0,0,1,1
14432,1.0,0,1,1
14433,1.0,0,1,0
14434,1.0,0,1,1
14435,0.2,3,0,0
14436,1.0,0,1,0
14437,1.0,0,0,1
14438,2.5999999999999996,2,1,0
14439,0.2,3,0,1
14440,0.2,3,0,0
14441,1.0,0,1,1
14442,1.0,0,1,1
14443,1.0,0,1,1
14444,1.0,0,1,1
14445,0.2,3,0,0
14446,2.5999999999999996,0,1,1
14447,3.0,0,1,1
14448,1.0,0,1,0
14449,1.0,0,0,1
14450,0.2,3,0,0
14451,0.2,3,0,0
14452,1.8,0,1,0
14453,1.0,0,1,1
14454,1.0,0,1,1
14455,1.0,0,1,1
14456,1.0,0,1,1
14457,1.0,0,1,1
14458,0.2,3,0,0
14459,0.2,3,0,0
14460,0.2,3,0,0
14461,1.0,0,1,1
14462,1.0,3,1,0
14463,0.2,3,0,0
14464,0.2,3,0,0
14465,1.0,0,1,1
14466,0.2,3,0,1
14467,1.0,0,1,1
14468,0.2,3,0,0
14469,3.0,2,0,0
14470,0.2,3,0,0
14471,0.2,3,0,0
14472,1.0,0,1,1
14473,1.0,0,1,1
14474,1.0,0,1,0
14475,1.0,0,1,1
14476,0.2,3,0,0
14477,1.0,0,1,1
14478,0.2,3,0,0
14479,1.0,0,1,1
14480,1.0,0,1,1
14481,0.2,3,0,0
14482,1.4,0,1,1
14483,0.2,3,0,0
14484,1.0,0,1,1
14485,0.2,3,0,0
14486,1.0,0,1,1
14487,0.2,0,0,1
14488,2.2,0,1,1
14489,1.0,0,1,1
14490,1.4,0,0,1
14491,0.2,3,0,0
14492,0.2,3,0,0
14493,0.2,3,0,0
14494,1.0,0,1,1
14495,1.0,0,1,1
14496,3.4000000000000004,0,0,1
14497,1.0,0,1,1
14498,1.0,0,1,1
14499,1.0,0,1,1
14500,0.2,3,0,0
14501,0.2,3,0,0
14502,1.0,0,1,1
14503,0.2,3,0,0
14504,1.0,0,1,1
14505,1.0,0,1,0
14506,1.0,0,1,1
14507,0.2,3,0,0
14508,1.0,0,1,1
14509,1.0,0,1,1
14510,1.0,0,1,1
14511,0.2,3,0,0
14512,0.2,3,0,0
14513,0.2,3,1,0
14514,0.2,0,0,1
14515,1.0,0,0,1
14516,0.2,0,0,0
14517,1.0,0,1,1
14518,1.0,0,1,1
14519,1.0,0,1,1
14520,1.0,0,1,1
14521,0.2,3,1,0
14522,3.0,0,1,1
14523,1.0,0,1,1
14524,0.2,3,0,0
14525,1.0,0,1,1
14526,1.0,0,1,1
14527,1.0,0,1,1
14528,3.4000000000000004,0,0,1
14529,0.2,3,0,0
14530,1.0,0,0,1
14531,1.0,0,1,1
14532,1.0,0,1,1
14533,1.0,0,1,1
14534,1.0,0,1,1
14535,0.2,3,0,0
14536,1.0,0,1,1
14537,1.0,0,1,1
14538,1.0,0,1,1
14539,0.2,3,0,1
14540,0.2,3,0,0
14541,0.2,3,0,0
14542,1.0,0,1,1
14543,1.0,0,1,1
14544,0.2,3,0,0
14545,0.2,3,0,0
14546,0.2,3,0,0
14547,1.0,0,1,1
14548,3.0,0,1,1
14549,0.2,3,0,0
14550,1.0,0,1,1
14551,1.0,0,0,1
14552,0.2,3,0,1
14553,1.0,0,1,0
14554,0.2,3,0,0
14555,0.2,3,0,1
14556,1.0,0,1,1
14557,1.0,0,1,1
14558,0.2,3,0,0
14559,1.0,0,1,0
14560,0.2,3,0,0
14561,0.2,3,0,1
14562,1.0,0,1,0
14563,0.2,3,0,0
14564,1.0,3,1,0
14565,1.0,0,1,1
14566,0.2,3,0,0
14567,1.0,0,1,1
14568,0.2,3,0,0
14569,0.2,3,0,0
14570,1.0,0,1,0
14571,1.0,0,1,1
14572,1.0,0,1,1
14573,0.2,3,0,0
14574,3.8,1,1,0
14575,1.0,0,1,0
14576,1.8,0,1,0
14577,0.2,3,0,1
14578,0.2,3,1,0
14579,0.2,3,0,0
14580,1.4,0,1,1
14581,0.2,3,0,0
14582,0.2,3,0,0
14583,1.0,0,1,1
14584,0.2,3,0,0
14585,0.2,3,0,0
14586,1.0,0,1,0
14587,0.2,3,0,0
14588,0.2,3,0,0
14589,0.2,0,0,0
14590,1.0,0,1,1
14591,0.2,3,0,0
14592,0.2,3,0,0
14593,0.2,3,0,1
14594,3.0,0,1,1
14595,0.2,3,0,1
14596,1.0,0,1,1
14597,1.0,0,1,1
14598,2.2,1,0,0
14599,1.0,0,1,1
14600,0.2,3,0,0
14601,1.0,0,1,1
14602,0.2,3,0,0
14603,3.8,0,1,1
14604,0.2,3,0,1
14605,1.0,0,1,1
14606,1.0,0,1,1
14607,0.2,3,0,0
14608,0.2,3,0,0
14609,1.0,0,1,1
14610,0.2,3,0,0
14611,0.2,3,1,0
14612,1.0,0,1,1
14613,0.2,3,0,0
14614,0.2,3,0,0
14615,1.0,0,1,1
14616,0.2,3,0,0
14617,0.2,3,0,0
14618,0.2,3,0,0
14619,1.0,0,1,1
14620,1.0,0,1,1
14621,1.0,0,1,1
14622,3.8,0,0,1
14623,1.0,0,1,1
14624,0.2,0,0,1
14625,1.0,0,1,1
14626,0.2,3,0,0
14627,3.8,0,0,1
14628,2.5999999999999996,0,1,1
14629,0.2,3,0,0
14630,1.0,0,1,1
14631,1.0,0,1,1
14632,0.2,0,0,1
14633,0.2,3,0,0
14634,1.0,0,1,1
14635,0.2,3,0,0
14636,0.2,3,0,0
14637,1.0,0,1,1
14638,1.0,0,1,1
14639,0.2,3,0,0
14640,1.0,0,1,1
14641,1.0,0,0,1
14642,1.0,0,1,1
14643,1.0,0,1,0
14644,0.2,3,1,0
14645,1.0,3,1,0
14646,0.2,3,0,0
14647,1.0,0,1,1
14648,2.2,0,1,1
14649,0.2,3,0,0
14650,1.0,0,1,1
14651,0.2,3,0,0
14652,0.2,3,0,0
14653,1.0,0,1,1
14654,0.2,3,0,0
14655,0.2,0,0,1
14656,0.2,3,0,0
14657,0.2,3,1,0
14658,2.2,1,0,0
14659,2.5999999999999996,1,1,0
14660,1.0,0,0,1
14661,1.0,0,1,1
14662,0.2,3,0,0
14663,2.2,1,0,0
14664,1.0,0,1,1
14665,0.2,3,0,0
14666,1.0,0,1,1
14667,1.0,0,1,1
14668,0.2,3,0,0
14669,1.0,0,1,1
14670,0.2,3,0,0
14671,0.2,3,0,0
14672,1.0,0,1,1
14673,0.2,3,0,0
14674,3.4000000000000004,2,1,0
14675,3.8,0,0,1
14676,1.0,0,1,1
14677,0.2,0,0,0
14678,0.2,3,0,0
14679,0.2,3,0,0
14680,2.2,2,0,0
14681,1.0,0,1,1
14682,1.0,0,1,1
14683,0.2,3,0,0
14684,0.2,3,0,0
14685,1.0,0,1,0
14686,0.2,3,0,0
14687,1.0,0,1,1
14688,0.2,3,0,0
14689,0.2,3,0,0
14690,1.0,0,1,1
14691,3.8,0,1,0
14692,0.2,3,0,0
14693,1.0,0,1,1
14694,1.0,0,1,1
14695,0.2,3,0,0
14696,0.2,3,0,0
14697,0.2,3,0,0
14698,0.2,3,0,0
14699,2.2,0,1,1
14700,3.8,2,0,0
14701,1.0,0,1,1
14702,0.2,3,0,0
14703,1.0,0,1,1
14704,1.0,0,1,1
14705,2.5999999999999996,0,0,1
14706,1.0,0,1,1
14707,0.2,0,0,0
14708,0.2,3,0,0
14709,1.0,0,1,1
14710,1.0,0,1,0
14711,0.2,3,0,0
14712,0.2,3,0,0
14713,0.2,0,0,1
14714,2.5999999999999996,1,1,0
14715,1.0,0,1,1
14716,0.2,3,0,1
14717,1.4,1,0,0
14718,1.0,0,1,1
14719,0.2,3,0,0
14720,1.0,3,1,0
14721,0.2,3,0,0
14722,1.0,0,1,1
14723,0.2,0,0,1
14724,1.8,0,0,1
14725,0.2,3,0,0
14726,3.8,2,0,0
14727,0.2,3,0,0
14728,0.2,3,0,1
14729,0.2,3,0,0
14730,0.2,0,0,1
14731,1.0,0,1,1
14732,0.2,0,0,1
14733,0.2,3,0,0
14734,1.0,0,1,1
14735,1.4,2,0,0
14736,1.8,0,1,1
14737,1.0,0,1,1
14738,0.2,3,1,0
14739,1.4,2,1,0
14740,2.5999999999999996,0,1,1
14741,0.2,0,0,1
14742,1.0,0,1,1
14743,1.0,0,1,1
14744,1.0,0,1,1
14745,0.6000000000000001,2,0,0
14746,1.4,1,1,0
14747,1.4,1,0,0
14748,1.0,0,1,1
14749,0.2,3,0,1
14750,0.2,3,0,1
14751,0.2,3,0,0
14752,0.2,0,0,1
14753,1.0,0,1,1
14754,0.2,3,0,0
14755,1.0,0,1,0
14756,0.2,3,0,1
14757,0.2,3,0,0
14758,0.2,3,0,0
14759,1.0,0,1,1
14760,1.0,0,1,1
14761,1.0,0,1,1
14762,0.2,3,0,0
14763,0.2,3,0,0
14764,0.2,3,1,0
14765,2.2,0,1,1
14766,0.2,3,0,0
14767,0.2,3,0,0
14768,1.8,1,0,0
14769,0.2,3,0,0
14770,0.2,3,0,0
14771,1.0,0,1,1
14772,0.2,3,0,0
14773,1.0,3,1,0
14774,1.0,0,1,1
14775,0.6000000000000001,0,1,1
14776,1.0,0,1,1
14777,1.0,0,1,1
14778,1.0,0,1,1
14779,0.2,3,0,1
14780,0.2,3,0,0
14781,1.0,0,1,1
14782,1.0,0,1,1
14783,0.2,3,1,0
14784,1.0,0,1,1
14785,0.2,3,0,0
14786,0.2,3,0,0
14787,0.2,0,0,1
14788,3.4000000000000004,0,0,1
14789,0.2,3,0,0
14790,0.2,3,0,0
14791,0.2,0,0,1
14792,0.2,3,0,0
14793,1.0,0,1,1
14794,2.2,1,1,0
14795,1.0,0,1,1
14796,0.6000000000000001,2,1,0
14797,1.0,0,1,1
14798,0.2,0,0,1
14799,0.2,3,0,0
14800,2.2,0,1,1
14801,1.0,0,1,1
14802,0.2,3,0,0
14803,0.2,0,0,1
14804,1.0,0,1,1
14805,1.0,0,1,1
14806,3.4000000000000004,0,1,1
14807,0.2,3,0,0
14808,0.2,3,0,0
14809,0.2,3,0,0
14810,1.0,0,1,0
14811,2.2,0,1,1
14812,0.2,3,0,0
14813,1.0,0,1,1
14814,1.0,0,1,1
14815,0.2,3,0,0
14816,1.0,0,1,0
14817,1.8,0,0,0
14818,1.0,0,1,1
14819,1.0,0,1,1
14820,1.0,0,1,0
14821,0.2,0,0,0
14822,0.2,3,0,0
14823,1.0,0,1,1
14824,3.8,0,1,1
14825,1.0,0,1,0
14826,0.6000000000000001,1,1,0
14827,1.0,0,1,1
14828,1.0,0,1,0
14829,1.0,0,1,1
14830,1.0,0,1,1
14831,1.0,0,1,0
14832,0.2,3,0,0
14833,1.0,0,1,1
14834,0.2,3,0,0
14835,1.0,0,1,1
14836,1.0,0,1,1
14837,1.0,0,1,1
14838,1.0,0,1,1
14839,1.0,0,1,1
14840,1.0,0,1,1
14841,1.0,0,1,1
14842,1.0,0,1,1
14843,1.0,0,1,1
14844,0.2,3,0,1
14845,1.0,0,0,1
14846,1.0,0,1,1
14847,1.8,1,1,0
14848,0.2,3,0,0
14849,0.2,3,0,0
14850,0.2,3,0,0
14851,0.2,3,0,0
14852,0.2,0,0,1
14853,1.0,0,0,1
14854,1.0,0,1,0
14855,1.0,0,1,1
14856,0.6000000000000001,0,1,1
14857,0.2,3,0,0
14858,2.2,2,1,0
14859,0.6000000000000001,2,0,0
14860,1.0,0,1,1
14861,3.8,1,0,0
14862,1.0,0,1,1
14863,0.2,3,0,0
14864,0.2,0,0,1
14865,0.2,3,0,0
14866,0.2,3,0,0
14867,1.0,0,0,1
14868,1.0,0,1,0
14869,0.2,3,0,0
14870,0.2,0,0,1
14871,1.0,0,1,1
14872,1.0,0,1,1
14873,1.0,0,1,1
14874,0.2,3,0,0
14875,0.2,3,0,0
14876,0.2,3,0,0
14877,0.2,3,0,0
14878,1.0,0,1,1
14879,0.2,3,0,0
14880,1.0,0,1,1
14881,0.2,3,0,0
14882,0.2,3,0,0
14883,1.0,0,1,1
14884,0.2,3,0,0
14885,0.2,3,0,0
14886,1.8,0,1,1
14887,0.2,3,0,0
14888,0.2,0,0,1
14889,1.0,0,1,1
14890,3.4000000000000004,2,1,0
14891,1.0,0,1,1
14892,1.0,0,1,1
14893,0.2,3,1,0
14894,1.0,0,1,1
14895,1.0,0,1,1
14896,0.2,3,0,0
14897,0.2,3,0,0
14898,3.4000000000000004,1,1,0
14899,0.2,3,0,0
14900,0.2,3,0,0
14901,1.8,2,1,0
14902,1.0,0,1,0
14903,0.2,3,0,0
14904,1.0,0,1,1
14905,1.0,0,1,0
14906,1.0,0,1,1
14907,1.0,0,1,1
14908,1.0,0,1,1
14909,1.0,0,1,0
14910,1.0,0,1,0
14911,1.0,0,1,1
14912,0.6000000000000001,0,1,1
14913,0.2,3,0,0
14914,2.5999999999999996,1,1,0
14915,1.0,0,1,1
14916,1.0,0,1,0
14917,1.0,0,1,1
14918,1.0,0,1,1
14919,1.0,0,1,1
14920,0.2,3,0,0
14921,1.0,0,1,0
14922,1.0,0,1,0
14923,0.2,3,0,0
14924,0.2,3,0,0
14925,1.0,0,1,1
14926,0.2,3,1,1
14927,1.0,0,1,0
14928,2.5999999999999996,2,1,0
14929,1.0,0,1,1
14930,2.2,0,1,1
14931,1.0,0,1,1
14932,0.2,3,0,0
14933,0.2,3,0,0
14934,0.2,3,0,0
14935,0.2,3,0,0
14936,1.0,0,1,1
14937,1.4,2,1,0
14938,1.0,0,0,1
14939,1.0,0,0,1
14940,0.2,3,0,0
14941,0.2,3,0,0
14942,1.0,0,1,1
14943,1.0,0,1,1
14944,1.0,0,1,1
14945,0.2,3,0,0
14946,1.0,0,1,1
14947,1.0,0,1,0
14948,2.2,2,0,0
14949,2.5999999999999996,0,1,1
14950,1.0,0,1,0
14951,1.0,0,1,1
14952,0.2,3,0,0
14953,1.0,0,1,1
14954,1.0,0,1,0
14955,1.0,0,1,1
14956,0.2,3,0,0
14957,0.2,3,0,0
14958,1.0,0,1,1
14959,1.0,0,1,1
14960,0.2,0,0,1
14961,1.0,0,1,1
14962,1.0,0,1,1
14963,0.2,3,1,0
14964,1.8,0,1,1
14965,0.2,3,0,0
14966,1.0,0,1,1
14967,0.2,3,0,0
14968,1.0,0,1,1
14969,1.0,0,1,1
14970,1.0,0,1,1
14971,1.0,0,1,1
14972,1.0,3,1,0
14973,0.2,3,0,0
14974,0.6000000000000001,0,1,1
14975,3.0,1,1,0
14976,0.2,3,0,0
14977,0.2,3,0,0
14978,1.0,0,1,1
14979,1.0,0,1,1
14980,3.4000000000000004,0,1,1
14981,3.8,0,0,1
14982,0.2,3,0,0
14983,0.2,3,0,0
14984,1.0,0,1,1
14985,1.0,0,1,1
14986,0.2,3,1,0
14987,0.2,3,0,0
14988,0.2,3,0,0
14989,0.2,3,0,0
14990,0.2,3,0,0
14991,1.0,0,1,1
14992,0.2,3,0,0
14993,0.2,3,0,0
14994,1.0,0,1,1
14995,0.2,3,0,0
14996,1.0,0,1,1
14997,0.6000000000000001,2,0,0
14998,1.0,0,1,0
14999,0.2,0,0,0
15000,0.2,3,0,0
15001,0.2,3,0,0
15002,1.4,0,0,1
15003,1.0,0,1,1
15004,1.0,0,1,1
15005,0.2,3,0,0
15006,0.2,0,0,1
15007,3.4000000000000004,0,1,1
15008,0.2,3,0,0
15009,1.8,1,1,0
15010,1.8,0,1,1
15011,0.2,3,0,0
15012,0.2,0,1,1
15013,1.0,0,1,1
15014,1.0,0,1,1
15015,0.2,3,0,1
15016,1.0,0,1,0
15017,1.0,0,1,1
15018,0.2,3,0,0
15019,1.0,0,1,1
15020,0.2,3,0,0
15021,0.2,0,0,1
15022,1.0,0,1,1
15023,1.0,0,1,1
15024,1.0,0,1,1
15025,0.2,3,0,0
15026,0.2,3,0,1
15027,1.0,0,1,1
15028,1.0,0,1,1
15029,3.0,0,1,1
15030,1.0,0,1,1
15031,1.0,0,1,1
15032,1.0,0,1,1
15033,3.8,0,0,1
15034,1.0,0,1,1
15035,1.0,0,1,1
15036,1.0,0,0,1
15037,1.8,0,0,1
15038,1.0,0,1,1
15039,0.2,3,0,0
15040,1.0,0,1,1
15041,0.2,3,0,0
15042,0.2,3,0,0
15043,0.2,3,0,0
15044,1.0,0,1,1
15045,1.0,0,1,1
15046,1.0,0,1,1
15047,0.2,3,0,0
15048,0.2,3,0,0
15049,1.0,0,1,0
15050,0.2,3,0,0
15051,0.2,3,0,0
15052,0.2,3,0,0
15053,0.2,3,0,0
15054,0.2,3,0,0
15055,0.2,3,0,0
15056,1.0,0,1,1
15057,3.4000000000000004,0,1,0
15058,0.2,0,0,1
15059,0.2,3,0,0
15060,1.0,0,1,1
15061,0.2,3,1,0
15062,1.0,0,1,1
15063,0.2,3,0,1
15064,1.0,0,1,1
15065,0.2,3,0,0
15066,1.0,0,1,1
15067,0.2,3,0,0
15068,0.2,3,1,0
15069,0.2,3,1,1
15070,0.2,3,1,0
15071,1.0,0,1,1
15072,0.2,3,0,0
15073,1.0,3,1,0
15074,1.0,0,1,1
15075,0.2,3,0,0
15076,1.0,0,0,1
15077,1.0,0,1,0
15078,1.0,0,1,1
15079,0.2,3,0,0
15080,1.0,0,1,1
15081,0.2,3,0,0
15082,2.5999999999999996,0,0,1
15083,1.0,0,1,0
15084,0.2,3,0,0
15085,0.2,3,0,0
15086,0.2,3,0,0
15087,1.0,0,1,1
15088,0.2,3,0,0
15089,1.0,0,1,1
15090,2.5999999999999996,1,1,0
15091,0.2,3,0,0
15092,1.0,0,1,1
15093,0.2,3,0,0
15094,1.0,0,1,1
15095,1.0,0,1,1
15096,0.2,3,0,0
15097,1.4,0,0,1
15098,0.2,3,1,0
15099,1.0,0,1,0
15100,0.2,3,0,0
15101,0.6000000000000001,0,1,0
15102,1.0,0,1,1
15103,0.2,3,0,0
15104,1.0,0,1,1
15105,0.2,3,0,0
15106,0.2,3,0,0
15107,0.2,3,0,0
15108,0.2,3,0,0
15109,1.0,0,1,0
15110,0.2,0,0,1
15111,0.2,3,0,0
15112,1.0,0,1,1
15113,3.0,1,0,0
15114,1.0,0,1,1
15115,1.0,0,1,1
15116,0.2,3,0,0
15117,0.2,3,0,0
15118,3.0,0,1,1
15119,1.0,0,1,1
15120,0.2,3,0,0
15121,0.2,3,0,0
15122,0.2,3,0,1
15123,1.0,0,1,1
15124,0.2,3,0,0
15125,1.0,0,1,1
15126,1.0,0,1,1
15127,0.2,3,0,0
15128,0.2,3,0,0
15129,0.2,0,1,1
15130,0.2,3,0,0
15131,1.0,0,1,1
15132,1.0,0,1,0
15133,0.2,0,0,1
15134,0.2,3,0,0
15135,0.2,0,1,1
15136,0.2,3,0,0
15137,0.2,3,0,0
15138,1.0,0,1,1
15139,0.2,0,0,1
15140,0.2,3,0,0
15141,0.2,0,0,1
15142,1.0,0,1,0
15143,0.2,3,0,0
15144,1.0,0,1,1
15145,0.2,3,0,0
15146,0.2,3,0,0
15147,0.2,3,0,0
15148,0.2,3,0,0
15149,1.0,0,1,0
15150,1.0,0,1,0
15151,0.2,3,0,0
15152,1.0,0,1,0
15153,2.2,0,1,1
15154,0.2,3,0,0
15155,1.0,0,1,1
15156,0.2,3,1,0
15157,1.0,0,1,0
15158,0.6000000000000001,0,0,1
15159,1.0,0,1,1
15160,1.0,0,1,1
15161,0.2,3,0,0
15162,1.0,0,1,1
15163,1.0,0,1,1
15164,1.0,0,1,1
15165,1.4,2,1,0
15166,0.2,3,0,0
15167,1.0,0,1,0
15168,1.0,0,1,1
15169,1.0,0,1,1
15170,1.0,0,1,1
15171,1.0,0,1,1
15172,1.0,0,1,1
15173,1.0,0,1,1
15174,1.0,0,1,1
15175,1.0,0,1,1
15176,1.0,0,0,1
15177,1.0,0,1,0
15178,0.2,3,0,0
15179,1.0,0,0,0
15180,0.2,3,0,0
15181,1.0,0,1,1
15182,0.2,3,0,0
15183,0.2,3,0,1
15184,1.0,0,1,0
15185,3.8,0,1,1
15186,1.0,0,1,1
15187,1.0,3,1,0
15188,0.2,3,0,0
15189,0.2,3,0,0
15190,0.2,3,0,0
15191,0.2,3,0,0
15192,1.0,0,1,1
15193,1.0,0,1,1
15194,1.0,0,1,1
15195,2.2,0,0,1
15196,0.2,3,0,0
15197,1.0,0,1,1
15198,0.2,3,0,0
15199,0.2,3,0,0
15200,1.0,0,1,1
15201,1.0,0,1,1
15202,1.0,0,1,0
15203,0.2,3,0,0
15204,0.2,3,0,0
15205,1.0,0,1,1
15206,0.2,3,0,0
15207,1.8,1,1,0
15208,0.2,3,0,0
15209,0.2,3,0,0
15210,0.2,3,0,0
15211,1.0,0,1,1
15212,0.2,3,0,0
15213,1.0,0,1,1
15214,0.2,3,0,0
15215,2.5999999999999996,2,1,0
15216,1.8,1,0,0
15217,2.5999999999999996,0,0,1
15218,0.2,3,0,0
15219,0.2,3,0,0
15220,0.2,0,0,1
15221,1.0,0,1,1
15222,0.2,3,0,0
15223,0.2,3,0,0
15224,0.2,3,0,0
15225,0.2,3,0,0
15226,1.0,0,1,1
15227,1.0,0,1,1
15228,0.2,3,0,0
15229,1.0,0,0,1
15230,1.0,0,1,1
15231,1.0,0,1,1
15232,1.0,0,1,1
15233,1.0,0,1,1
15234,0.2,3,0,0
15235,1.0,0,1,1
15236,1.0,0,1,1
15237,0.2,3,0,0
15238,1.0,0,0,0
15239,0.2,3,0,0
15240,0.2,3,1,0
15241,0.2,3,0,0
15242,0.2,0,0,1
15243,0.2,3,0,0
15244,0.2,3,0,0
15245,3.0,0,1,0
15246,1.0,0,1,1
15247,0.2,3,0,1
15248,1.0,0,1,1
15249,1.0,0,1,0
15250,1.0,0,1,1
15251,1.0,0,1,1
15252,1.0,0,1,1
15253,0.2,3,0,0
15254,0.2,3,0,0
15255,0.2,3,0,0
15256,0.2,3,0,0
15257,1.0,0,1,1
15258,1.0,0,0,1
15259,1.0,0,1,1
15260,1.0,0,1,1
15261,1.0,0,1,1
15262,3.4000000000000004,2,1,0
15263,0.6000000000000001,0,1,1
15264,0.2,3,0,0
15265,1.0,0,1,0
15266,0.2,3,0,0
15267,1.0,3,1,0
15268,1.0,0,1,1
15269,1.0,0,1,1
15270,1.4,0,0,1
15271,1.0,0,1,1
15272,0.2,3,0,0
15273,1.0,0,1,1
15274,0.2,3,0,0
15275,1.0,0,1,1
15276,0.2,3,0,0
15277,0.2,3,0,0
15278,0.2,3,0,0
15279,0.2,3,0,0
15280,0.2,3,0,0
15281,1.0,3,1,0
15282,1.0,0,1,1
15283,0.2,3,0,0
15284,1.0,0,1,1
15285,0.2,3,0,0
15286,0.2,0,0,1
15287,2.2,0,1,1
15288,1.0,0,1,1
15289,1.0,0,1,1
15290,0.2,3,0,0
15291,0.2,3,0,0
15292,0.2,0,0,0
15293,0.2,3,0,0
15294,1.8,2,0,0
15295,0.2,3,0,0
15296,0.2,3,0,0
15297,0.2,3,0,0
15298,1.0,0,1,1
15299,1.4,0,1,1
15300,1.0,0,1,1
15301,0.2,3,0,0
15302,1.0,0,1,1
15303,3.8,1,0,0
15304,1.0,0,1,1
15305,0.2,3,0,1
15306,1.0,0,0,1
15307,3.8,0,1,0
15308,2.5999999999999996,1,0,0
15309,1.0,0,1,1
15310,0.2,3,0,0
15311,1.0,0,1,0
15312,1.0,0,1,1
15313,0.2,3,0,0
15314,1.0,0,1,1
15315,0.2,3,0,0
15316,1.0,0,1,1
15317,1.0,0,1,1
15318,0.2,0,0,0
15319,0.2,3,0,0
15320,1.0,0,1,1
15321,2.2,0,1,1
15322,0.2,3,0,0
15323,1.0,0,1,1
15324,0.2,3,0,0
15325,0.2,3,0,0
15326,3.0,0,0,1
15327,1.0,0,1,0
15328,0.2,3,0,0
15329,0.2,3,0,0
15330,0.2,3,0,0
15331,0.2,0,0,1
15332,0.2,3,0,0
15333,0.2,0,0,1
15334,0.2,3,0,0
15335,0.2,3,0,0
15336,1.0,0,1,1
15337,0.2,0,0,1
15338,0.2,3,0,0
15339,1.0,0,1,1
15340,1.0,0,0,1
15341,1.0,0,1,1
15342,1.0,0,1,0
15343,1.0,0,1,0
15344,0.6000000000000001,0,1,1
15345,1.4,0,1,1
15346,1.0,0,1,1
15347,1.0,0,1,1
15348,1.0,0,1,1
15349,0.6000000000000001,0,0,1
15350,1.0,0,0,1
15351,1.0,0,1,1
15352,1.0,0,1,0
15353,1.0,0,1,0
15354,2.5999999999999996,2,1,0
15355,0.2,3,0,0
15356,1.0,0,1,1
15357,0.2,3,0,0
15358,0.2,3,0,0
15359,0.2,3,0,0
15360,0.2,3,0,1
15361,0.2,3,0,0
15362,1.0,0,1,1
15363,0.2,3,0,0
15364,0.6000000000000001,1,1,0
15365,1.0,0,1,0
15366,0.2,3,0,0
15367,0.2,3,0,0
15368,1.0,0,1,1
15369,1.0,0,1,1
15370,0.2,3,0,0
15371,3.4000000000000004,2,0,1
15372,0.2,3,0,0
15373,3.4000000000000004,0,1,0
15374,0.2,3,0,0
15375,0.2,3,0,0
15376,0.2,3,0,0
15377,1.0,0,1,1
15378,0.2,3,0,0
15379,3.4000000000000004,1,1,0
15380,0.2,0,0,0
15381,1.4,0,1,1
15382,0.2,3,0,0
15383,1.0,0,1,1
15384,0.2,3,0,0
15385,1.0,0,1,0
15386,1.0,0,1,1
15387,0.2,3,0,0
15388,1.0,0,1,1
15389,0.2,3,0,0
15390,0.2,3,0,0
15391,0.2,3,0,0
15392,3.8,2,1,0
15393,1.0,0,1,0
15394,1.0,0,1,1
15395,0.2,3,0,0
15396,3.8,2,0,0
15397,1.0,0,1,1
15398,0.2,3,0,0
15399,0.2,3,0,0
15400,0.2,3,0,0
15401,1.0,0,1,1
15402,1.0,0,1,1
15403,0.2,3,0,0
15404,0.2,3,0,0
15405,0.2,0,0,1
15406,1.4,0,0,1
15407,1.8,0,0,1
15408,1.0,0,1,1
15409,0.2,3,0,0
15410,3.0,2,1,0
15411,0.2,3,0,0
15412,1.0,0,1,1
15413,1.0,0,1,1
15414,3.8,1,0,0
15415,3.4000000000000004,0,1,1
15416,1.0,0,1,1
15417,3.8,2,1,0
15418,1.0,0,0,1
15419,1.0,0,1,1
15420,1.4,0,0,1
15421,0.2,3,0,0
15422,1.0,0,1,1
15423,1.0,0,1,1
15424,1.0,0,0,1
15425,1.0,0,1,1
15426,0.2,3,0,0
15427,1.0,0,1,1
15428,1.0,0,0,1
15429,1.0,0,1,1
15430,0.2,3,0,0
15431,3.4000000000000004,2,1,0
15432,1.0,0,1,1
15433,1.0,0,1,1
15434,1.0,0,1,1
15435,1.0,0,1,1
15436,1.0,0,0,1
15437,3.0,1,0,0
15438,1.0,0,1,1
15439,0.6000000000000001,0,0,1
15440,0.2,3,0,0
15441,0.2,3,0,0
15442,0.2,3,0,0
15443,1.0,0,1,1
15444,1.0,0,1,0
15445,0.2,3,0,0
15446,0.2,3,0,0
15447,1.0,0,1,1
15448,0.2,3,0,0
15449,0.2,3,1,0
15450,0.2,3,0,0
15451,1.0,3,1,1
15452,0.2,3,0,0
15453,1.0,0,1,1
15454,1.0,0,1,1
15455,1.0,0,1,1
15456,1.0,0,1,1
15457,0.2,3,0,0
15458,0.2,3,1,0
15459,1.0,0,1,1
15460,1.0,0,0,0
15461,3.0,0,1,1
15462,1.8,2,0,0
15463,0.2,3,0,0
15464,1.0,0,1,1
15465,0.2,3,0,0
15466,1.0,0,0,1
15467,1.0,0,1,1
15468,1.0,0,1,1
15469,0.2,0,0,1
15470,3.4000000000000004,1,1,0
15471,1.0,0,1,1
15472,1.0,0,1,1
15473,0.2,3,0,0
15474,0.2,3,0,0
15475,0.2,3,0,0
15476,1.0,0,1,1
15477,1.0,0,0,1
15478,0.2,3,0,0
15479,1.0,0,1,1
15480,1.0,0,1,0
15481,0.2,3,0,0
15482,1.0,0,1,0
15483,0.2,3,0,0
15484,1.0,0,1,1
15485,0.2,3,0,0
15486,0.2,3,0,0
15487,1.0,0,1,1
15488,1.0,0,1,1
15489,2.2,0,1,0
15490,3.4000000000000004,0,0,1
15491,1.0,0,1,1
15492,1.0,0,1,1
15493,1.0,0,1,1
15494,0.2,0,0,1
15495,0.2,3,1,0
15496,1.0,0,1,1
15497,0.2,3,0,0
15498,1.0,0,0,1
15499,0.2,3,0,0
15500,0.2,3,0,1
15501,1.0,0,1,1
15502,2.5999999999999996,0,0,1
15503,1.0,0,0,1
15504,0.2,3,0,0
15505,3.0,1,1,0
15506,1.0,0,1,1
15507,2.5999999999999996,0,0,1
15508,0.2,3,0,0
15509,0.2,3,0,0
15510,0.2,3,0,0
15511,1.8,0,1,1
15512,1.0,0,1,1
15513,0.2,3,0,0
15514,0.2,3,0,0
15515,1.0,0,1,1
15516,3.0,0,1,1
15517,0.2,0,0,1
15518,1.0,0,1,1
15519,0.2,3,0,0
15520,0.2,3,1,0
15521,0.2,3,0,0
15522,0.2,3,0,0
15523,0.2,3,0,0
15524,0.2,0,0,0
15525,0.2,3,0,0
15526,0.2,3,0,1
15527,0.2,3,0,0
15528,0.2,0,0,1
15529,0.2,3,0,0
15530,0.2,3,0,0
15531,1.0,0,1,1
15532,0.2,3,0,0
15533,1.0,0,1,1
15534,1.0,0,1,0
15535,1.0,0,1,0
15536,0.2,3,0,0
15537,0.2,3,0,1
15538,1.0,0,1,1
15539,1.0,0,1,1
15540,1.4,0,0,0
15541,0.2,3,0,0
15542,1.0,0,1,1
15543,0.2,3,0,1
15544,1.0,0,1,1
15545,0.2,3,0,0
15546,0.2,3,1,0
15547,1.0,0,1,0
15548,1.0,0,1,1
15549,1.0,0,1,0
15550,0.2,3,1,0
15551,0.2,3,1,0
15552,0.2,3,0,0
15553,1.0,0,1,1
15554,1.0,0,1,1
15555,1.0,0,1,1
15556,0.6000000000000001,0,0,1
15557,2.5999999999999996,0,1,1
15558,0.2,3,0,0
15559,0.2,3,0,0
15560,1.0,0,1,1
15561,0.2,3,0,0
15562,0.2,3,1,0
15563,1.0,0,1,1
15564,0.2,3,0,0
15565,1.0,0,1,1
15566,1.0,0,1,1
15567,0.2,3,0,0
15568,0.2,0,0,1
15569,1.0,0,1,1
15570,0.2,3,0,0
15571,1.8,0,1,1
15572,1.0,0,1,1
15573,0.2,3,0,0
15574,0.2,3,0,0
15575,0.6000000000000001,0,1,1
15576,0.2,3,0,0
15577,1.0,0,1,1
15578,0.2,0,0,1
15579,0.2,0,0,1
15580,1.0,0,1,1
15581,1.0,0,1,1
15582,1.0,0,1,1
15583,1.0,0,1,1
15584,0.2,3,0,0
15585,1.0,0,1,1
15586,3.4000000000000004,0,1,1
15587,3.4000000000000004,0,0,1
15588,3.8,1,1,0
15589,1.0,0,1,1
15590,0.2,3,0,0
15591,3.0,0,1,1
15592,1.0,0,1,1
15593,0.2,3,0,0
15594,1.0,0,1,1
15595,0.2,3,0,0
15596,0.2,3,0,0
15597,0.2,3,0,0
15598,1.0,0,1,1
15599,1.0,0,1,1
15600,1.0,0,1,1
15601,1.0,0,1,1
15602,1.0,0,0,1
15603,1.0,0,1,1
15604,0.2,3,0,0
15605,1.0,0,1,1
15606,1.0,0,0,1
15607,0.2,3,0,0
15608,1.4,2,1,0
15609,3.4000000000000004,0,1,1
15610,1.8,1,1,0
15611,1.0,0,1,1
15612,1.0,0,1,1
15613,1.0,0,1,1
15614,0.2,3,0,0
15615,1.0,0,1,1
15616,0.2,3,0,0
15617,2.5999999999999996,0,0,1
15618,1.4,0,1,1
15619,0.2,3,0,0
15620,0.2,3,0,0
15621,0.2,3,0,0
15622,0.2,3,0,0
15623,3.4000000000000004,1,0,0
15624,1.0,0,1,1
15625,0.2,3,1,0
15626,1.0,0,1,1
15627,1.0,0,1,1
15628,0.2,3,0,0
15629,0.2,0,0,1
15630,1.0,0,1,1
15631,1.0,0,0,1
15632,0.2,3,0,0
15633,1.0,0,1,1
15634,1.0,0,1,1
15635,0.2,3,0,0
15636,1.0,0,1,1
15637,1.0,0,1,1
15638,1.0,0,1,1
15639,2.5999999999999996,1,1,0
15640,1.0,0,1,1
15641,1.0,0,1,1
15642,1.0,0,1,1
15643,1.0,0,1,1
15644,2.5999999999999996,2,1,1
15645,0.2,3,0,1
15646,1.0,0,1,0
15647,0.2,3,0,0
15648,2.5999999999999996,0,1,1
15649,1.0,0,1,1
15650,0.2,3,0,0
15651,0.2,3,0,0
15652,0.2,3,0,0
15653,0.2,3,0,0
15654,3.4000000000000004,1,0,0
15655,1.0,0,1,1
15656,1.0,0,1,1
15657,1.0,0,1,1
15658,0.2,3,1,0
15659,3.0,0,1,1
15660,0.2,3,0,0
15661,0.2,3,0,0
15662,3.8,0,0,1
15663,1.0,0,1,1
15664,0.2,3,0,0
15665,0.2,3,0,0
15666,3.8,2,1,0
15667,1.0,0,1,1
15668,1.0,0,1,1
15669,1.4,2,1,0
15670,1.0,0,1,1
15671,3.0,0,0,1
15672,0.2,3,0,0
15673,0.2,3,0,0
15674,1.0,0,1,1
15675,0.2,3,0,0
15676,0.2,3,0,0
15677,1.0,0,1,1
15678,0.2,3,0,0
15679,1.0,0,1,0
15680,1.0,0,1,1
15681,1.0,0,1,1
15682,1.0,0,1,1
15683,2.5999999999999996,1,1,0
15684,0.2,3,0,0
15685,0.2,0,0,1
15686,0.2,3,0,0
15687,0.2,3,0,0
15688,0.2,3,0,0
15689,1.0,0,1,1
15690,1.0,0,1,1
15691,1.0,0,1,1
15692,1.0,0,1,1
15693,0.2,3,0,0
15694,3.0,0,1,1
15695,1.0,0,1,1
15696,0.2,3,0,0
15697,1.0,0,1,1
15698,0.2,3,0,0
15699,1.0,0,1,1
15700,1.0,0,1,1
15701,0.2,3,0,1
15702,1.0,0,1,0
15703,1.0,0,1,1
15704,0.2,3,1,1
15705,1.0,0,1,1
15706,0.6000000000000001,0,0,1
15707,2.5999999999999996,0,0,1
15708,1.0,0,1,1
15709,1.0,0,0,1
15710,0.2,0,0,0
15711,0.2,3,0,0
15712,0.2,3,0,0
15713,2.2,1,1,0
15714,1.0,0,1,1
15715,3.0,0,0,1
15716,1.0,0,1,1
15717,0.2,0,0,1
15718,0.2,3,0,0
15719,1.0,0,1,1
15720,0.2,3,0,0
15721,0.2,3,0,0
15722,1.0,0,1,1
15723,1.0,0,1,1
15724,0.2,3,0,0
15725,1.0,0,1,1
15726,1.0,0,1,1
15727,2.2,0,1,1
15728,0.2,3,0,0
15729,1.8,1,1,0
15730,0.2,3,0,0
15731,1.0,3,1,0
15732,1.0,0,1,1
15733,0.2,3,0,0
15734,1.0,0,0,1
15735,0.2,3,1,0
15736,3.0,2,1,0
15737,2.5999999999999996,0,1,1
15738,1.0,0,0,1
15739,0.2,3,0,0
15740,1.0,0,1,0
15741,1.8,0,1,1
15742,0.2,3,0,0
15743,1.0,0,1,1
15744,0.2,3,0,0
15745,0.2,3,0,0
15746,1.0,0,0,1
15747,0.2,3,0,0
15748,2.5999999999999996,2,0,0
15749,0.2,3,0,0
15750,1.0,0,1,1
15751,1.0,0,1,1
15752,1.0,0,1,0
15753,0.2,3,0,0
15754,0.2,3,0,0
15755,1.0,0,0,1
15756,1.0,0,1,1
15757,1.0,0,1,1
15758,0.2,3,0,0
15759,1.0,0,1,1
15760,0.2,3,0,0
15761,1.0,0,1,1
15762,1.0,3,1,0
15763,1.0,0,1,1
15764,0.2,3,0,0
15765,1.0,0,1,1
15766,1.0,0,1,1
15767,1.0,0,1,1
15768,0.2,3,0,0
15769,0.6000000000000001,2,1,0
15770,1.8,2,1,0
15771,1.0,0,1,0
15772,1.0,0,0,1
15773,0.2,3,0,1
15774,0.2,3,0,0
15775,1.0,0,1,1
15776,0.2,3,0,0
15777,3.8,0,1,1
15778,0.2,3,0,0
15779,0.2,3,0,0
15780,1.0,0,1,1
15781,2.5999999999999996,0,1,1
15782,1.0,0,1,1
15783,0.2,3,0,0
15784,0.2,3,0,0
15785,2.2,0,1,1
15786,1.0,0,1,1
15787,0.2,3,0,0
15788,1.0,0,1,1
15789,1.8,2,1,0
15790,0.2,3,0,0
15791,0.2,0,0,1
15792,3.8,1,1,0
15793,0.2,3,0,0
15794,1.0,0,1,1
15795,1.0,0,1,1
15796,2.2,0,1,0
15797,0.2,3,0,0
15798,0.2,3,0,0
15799,3.0,0,1,1
15800,1.0,0,1,1
15801,0.2,3,0,0
15802,0.2,3,0,0
15803,2.2,2,1,0
15804,1.0,0,1,0
15805,0.2,3,0,0
15806,1.0,0,0,1
15807,1.0,0,1,1
15808,1.0,0,1,1
15809,1.0,0,1,1
15810,3.4000000000000004,1,0,0
15811,1.0,0,1,1
15812,1.0,0,1,1
15813,2.5999999999999996,0,0,1
15814,1.0,0,1,1
15815,1.0,0,1,1
15816,3.8,0,1,1
15817,0.2,3,0,0
15818,0.2,3,0,0
15819,3.4000000000000004,0,0,1
15820,1.0,0,1,1
15821,0.2,3,0,0
15822,1.0,0,1,1
15823,1.0,0,1,1
15824,0.2,3,0,0
15825,0.2,3,0,0
15826,1.0,0,1,1
15827,0.2,3,0,0
15828,0.2,3,0,0
15829,1.0,0,1,1
15830,1.0,0,1,1
15831,0.2,3,1,0
15832,1.0,0,1,1
15833,0.2,0,0,1
15834,1.0,0,1,1
15835,1.0,0,1,1
15836,1.0,0,1,0
15837,1.0,0,1,1
15838,0.2,3,0,0
15839,1.0,3,1,0
15840,0.2,3,0,0
15841,1.0,0,1,0
15842,1.0,0,1,1
15843,0.2,3,0,0
15844,1.0,0,1,0
15845,0.2,3,0,0
15846,1.0,0,1,1
15847,2.5999999999999996,0,1,1
15848,2.5999999999999996,0,0,1
15849,0.2,3,0,0
15850,0.2,3,0,0
15851,0.2,3,0,1
15852,1.0,0,1,1
15853,0.2,3,0,0
15854,1.0,0,1,1
15855,0.2,3,0,0
15856,1.0,0,1,0
15857,0.2,3,0,0
15858,3.0,0,1,1
15859,1.8,2,0,0
15860,0.2,3,0,0
15861,0.2,3,0,0
15862,1.0,0,1,1
15863,1.0,0,1,1
15864,3.0,0,1,0
15865,1.0,0,1,0
15866,1.0,0,1,1
15867,1.0,0,1,1
15868,0.2,3,0,0
15869,0.2,3,0,0
15870,1.0,0,1,1
15871,0.6000000000000001,0,1,1
15872,0.2,3,0,0
15873,1.0,0,1,1
15874,1.0,0,1,1
15875,1.0,0,1,1
15876,1.0,0,1,1
15877,0.2,3,0,0
15878,1.0,0,1,1
15879,1.0,0,0,1
15880,1.0,0,1,1
15881,0.2,3,0,0
15882,1.0,0,1,1
15883,1.0,0,1,0
15884,0.2,3,0,0
15885,0.2,3,1,0
15886,2.5999999999999996,0,1,1
15887,0.2,3,0,0
15888,2.5999999999999996,2,0,0
15889,1.0,0,1,1
15890,1.0,0,1,1
15891,1.0,0,1,1
15892,1.0,0,1,1
15893,1.0,0,1,1
15894,1.0,0,0,1
15895,1.0,0,1,1
15896,1.0,0,1,0
15897,1.0,0,1,0
15898,1.0,0,1,1
15899,1.0,0,1,1
15900,0.2,3,0,0
15901,0.2,0,0,1
15902,1.0,0,1,1
15903,2.5999999999999996,0,1,0
15904,0.2,3,0,0
15905,1.0,0,1,1
15906,1.8,0,1,1
15907,0.2,3,0,0
15908,1.0,0,1,1
15909,1.0,0,1,1
15910,1.8,0,0,1
15911,1.0,0,1,1
15912,0.2,3,0,0
15913,3.4000000000000004,2,1,0
15914,0.2,3,0,0
15915,1.0,0,1,1
15916,0.2,3,0,0
15917,1.0,0,1,1
15918,0.2,3,0,1
15919,2.5999999999999996,0,1,1
15920,0.2,3,1,0
15921,0.2,3,0,1
15922,0.2,3,0,0
15923,0.2,3,0,0
15924,1.0,0,1,1
15925,0.2,3,0,0
15926,1.0,0,1,1
15927,0.2,3,0,0
15928,0.2,3,0,0
15929,1.0,0,1,1
15930,3.8,1,1,0
15931,1.0,0,1,1
15932,0.2,3,0,0
15933,0.2,3,1,0
15934,1.0,0,1,1
15935,1.0,0,1,1
15936,1.0,0,1,0
15937,1.4,0,1,0
15938,0.2,0,0,1
15939,1.0,0,1,0
15940,1.0,0,1,0
15941,0.2,3,0,0
15942,3.8,0,1,1
15943,0.2,3,0,0
15944,1.0,0,1,1
15945,0.2,3,0,0
15946,0.2,3,0,0
15947,0.2,3,0,0
15948,1.0,0,1,1
15949,0.2,0,0,1
15950,1.0,0,1,1
15951,1.0,0,1,1
15952,1.0,0,1,1
15953,0.6000000000000001,0,1,0
15954,0.2,3,1,0
15955,0.2,3,0,0
15956,3.0,2,1,0
15957,1.0,0,0,1
15958,0.2,3,0,1
15959,1.0,0,1,1
15960,1.0,0,1,1
15961,1.0,0,1,1
15962,1.0,0,1,1
15963,0.2,3,0,0
15964,1.0,0,1,1
15965,1.0,0,1,1
15966,0.2,3,0,0
15967,1.0,0,1,1
15968,1.0,0,1,1
15969,0.2,3,0,0
15970,1.0,0,1,1
15971,1.0,0,1,1
15972,1.0,0,1,1
15973,0.2,3,0,0
15974,3.4000000000000004,0,1,1
15975,3.4000000000000004,1,0,0
15976,1.0,0,1,0
15977,0.2,3,0,0
15978,1.8,0,0,0
15979,1.8,1,1,0
15980,0.2,3,0,0
15981,0.2,3,0,1
15982,1.0,0,1,0
15983,0.2,3,0,0
15984,0.2,3,0,0
15985,1.0,0,1,1
15986,0.2,3,0,1
15987,1.0,0,0,1
15988,1.0,0,1,1
15989,0.2,3,0,0
15990,1.0,0,1,1
15991,0.2,0,0,1
15992,1.0,0,1,1
15993,0.2,3,0,0
15994,0.2,3,0,1
15995,0.2,3,0,0
15996,1.0,0,1,1
15997,0.2,3,0,0
15998,0.2,3,0,0
15999,0.2,3,0,0
16000,1.0,0,1,1
16001,3.4000000000000004,2,1,0
16002,0.2,3,0,0
16003,0.2,0,0,1
16004,1.0,0,1,1
16005,1.0,0,1,1
16006,0.2,3,0,0
16007,1.0,0,1,1
16008,1.0,0,1,1
16009,0.2,3,0,1
16010,1.0,0,1,1
16011,1.0,0,1,1
16012,2.2,0,1,1
16013,0.2,3,0,0
16014,0.2,3,0,0
16015,0.2,3,0,0
16016,1.0,0,1,1
16017,0.2,3,0,0
16018,1.0,0,1,1
16019,0.2,3,1,0
16020,1.0,0,1,1
16021,1.8,0,1,1
16022,1.0,0,1,1
16023,0.2,3,0,0
16024,1.0,0,1,1
16025,0.2,3,0,1
16026,0.2,3,0,0
16027,0.2,3,0,0
16028,0.2,3,0,0
16029,1.0,0,1,1
16030,1.4,0,1,1
16031,0.2,3,0,0
16032,0.2,3,0,0
16033,0.2,3,0,0
16034,0.2,3,0,0
16035,1.0,0,1,1
16036,1.4,2,1,0
16037,1.0,0,1,1
16038,2.2,0,0,0
16039,2.5999999999999996,0,0,1
16040,1.4,1,1,0
16041,1.0,0,1,1
16042,1.0,0,0,1
16043,3.0,0,1,1
16044,1.0,0,0,1
16045,1.0,0,1,1
16046,1.0,0,1,1
16047,0.2,3,0,0
16048,0.2,3,1,0
16049,0.2,3,0,0
16050,0.2,3,0,0
16051,1.0,0,1,1
16052,1.0,0,1,1
16053,2.5999999999999996,1,1,0
16054,1.0,0,1,0
16055,1.0,0,1,1
16056,0.2,3,0,1
16057,1.0,0,1,1
16058,1.0,0,1,1
16059,1.0,0,1,1
16060,1.0,0,1,1
16061,1.0,0,1,1
16062,1.0,0,0,1
16063,1.0,0,1,1
16064,1.0,0,1,1
16065,1.0,0,1,1
16066,1.0,0,0,0
16067,1.0,0,1,1
16068,1.0,0,1,1
16069,0.2,3,0,0
16070,1.0,0,1,1
16071,0.2,3,0,0
16072,0.2,3,0,0
16073,1.0,0,1,1
16074,0.2,3,0,0
16075,2.5999999999999996,0,0,0
16076,0.6000000000000001,0,1,1
16077,0.2,3,0,0
16078,1.0,0,1,1
16079,0.2,3,0,0
16080,3.4000000000000004,1,1,0
16081,3.4000000000000004,2,1,0
16082,0.2,3,0,0
16083,1.0,0,1,1
16084,0.2,3,0,0
16085,2.2,0,1,1
16086,0.2,0,0,1
16087,1.0,0,1,1
16088,0.2,3,0,0
16089,0.2,3,0,1
16090,0.2,3,0,0
16091,0.2,3,0,0
16092,0.2,3,0,0
16093,3.4000000000000004,1,0,0
16094,1.0,0,0,1
16095,0.6000000000000001,0,1,1
16096,1.0,0,1,1
16097,1.8,2,0,0
16098,1.0,0,1,1
16099,0.2,3,0,0
16100,0.2,3,0,0
16101,0.2,3,0,0
16102,1.0,0,1,1
16103,0.2,3,0,0
16104,1.0,0,1,1
16105,0.2,3,0,0
16106,0.2,3,0,0
16107,0.2,3,0,0
16108,0.2,3,0,0
16109,1.0,0,1,1
16110,1.0,0,1,0
16111,1.0,0,1,1
16112,0.2,3,0,0
16113,0.2,3,0,0
16114,1.0,0,1,1
16115,0.2,3,0,0
16116,0.2,3,0,0
16117,0.2,0,1,1
16118,1.0,0,1,1
16119,3.8,0,1,1
16120,0.2,3,0,0
16121,1.0,0,1,1
16122,1.4,0,1,1
16123,1.0,0,1,1
16124,0.2,3,0,0
16125,1.0,0,0,1
16126,0.2,0,0,1
16127,0.2,3,0,0
16128,0.2,3,0,0
16129,0.2,3,0,1
16130,3.0,0,1,0
16131,1.0,0,1,1
16132,1.0,0,1,1
16133,1.0,0,1,1
16134,1.0,0,1,1
16135,1.8,0,0,1
16136,0.2,3,0,0
16137,3.0,1,1,0
16138,1.0,0,1,1
16139,0.2,3,0,0
16140,1.0,0,1,0
16141,0.2,3,0,0
16142,0.2,3,0,0
16143,0.2,3,0,0
16144,0.2,3,0,0
16145,1.4,1,0,0
16146,0.2,3,0,0
16147,0.2,3,0,0
16148,0.2,3,0,0
16149,0.2,3,0,1
16150,0.2,3,0,0
16151,0.2,3,0,0
16152,1.0,0,1,1
16153,3.8,2,1,0
16154,1.0,0,1,1
16155,1.0,0,1,1
16156,1.0,0,1,1
16157,3.4000000000000004,0,0,1
16158,1.0,0,1,1
16159,1.0,0,1,0
16160,0.2,3,0,0
16161,1.0,0,1,1
16162,0.2,3,0,0
16163,0.2,3,0,0
16164,1.0,0,1,1
16165,1.0,0,1,1
16166,0.2,3,0,0
16167,0.2,3,0,0
16168,1.0,0,1,0
16169,1.0,0,1,1
16170,0.2,3,0,0
16171,0.2,3,0,1
16172,1.0,0,1,0
16173,0.2,3,0,0
16174,1.0,0,1,0
16175,1.0,0,1,0
16176,0.2,3,0,0
16177,0.2,3,0,0
16178,1.0,0,0,1
16179,1.0,0,1,1
16180,1.0,0,1,1
16181,1.0,0,1,0
16182,0.2,3,0,0
16183,1.0,0,1,1
16184,1.4,0,1,1
16185,0.2,3,1,0
16186,0.2,3,0,0
16187,1.0,0,0,1
16188,0.2,3,0,0
16189,0.2,0,1,1
16190,0.2,3,0,0
16191,0.2,3,0,1
16192,1.0,0,1,0
16193,0.2,3,0,0
16194,1.0,0,1,1
16195,1.0,0,1,1
16196,1.0,0,1,1
16197,1.0,0,1,1
16198,1.0,0,1,1
16199,0.2,3,0,0
16200,1.0,0,1,1
16201,1.0,0,0,1
16202,0.2,3,0,0
16203,0.6000000000000001,2,1,0
16204,0.2,3,0,1
16205,1.0,0,1,1
16206,3.4000000000000004,0,1,0
16207,2.5999999999999996,0,1,1
16208,0.2,3,0,0
16209,0.2,3,0,0
16210,0.2,3,0,0
16211,1.0,0,1,0
16212,2.2,0,0,0
16213,0.2,3,0,0
16214,0.2,3,0,0
16215,1.0,0,1,1
16216,2.5999999999999996,0,0,1
16217,0.2,3,0,0
16218,0.2,3,0,0
16219,0.2,3,0,0
16220,1.0,0,1,1
16221,1.0,0,1,1
16222,0.2,3,0,0
16223,1.0,0,1,1
16224,1.4,0,1,0
16225,0.2,3,0,0
16226,1.0,0,1,1
16227,1.0,0,1,1
16228,1.0,0,1,1
16229,1.0,0,1,1
16230,1.0,0,1,1
16231,0.6000000000000001,1,1,0
16232,1.0,0,1,1
16233,0.2,3,0,0
16234,0.2,3,0,0
16235,1.0,0,1,1
16236,0.2,3,1,0
16237,1.0,0,1,1
16238,1.0,0,1,1
16239,1.0,0,1,1
16240,1.0,0,1,1
16241,0.2,3,0,0
16242,0.2,3,0,0
16243,1.0,0,1,1
16244,1.0,0,1,0
16245,0.2,3,0,0
16246,1.0,0,1,0
16247,0.2,3,0,0
16248,0.2,3,0,0
16249,1.0,0,1,0
16250,1.0,0,1,0
16251,0.2,3,0,0
16252,1.0,0,1,1
16253,0.2,3,0,0
16254,1.0,0,1,1
16255,1.0,0,1,1
16256,0.2,3,0,0
16257,0.2,3,0,0
16258,0.2,3,0,0
16259,0.2,3,0,0
16260,0.2,3,0,0
16261,1.0,0,1,1
16262,1.0,0,1,0
16263,1.0,0,1,1
16264,0.2,0,0,1
16265,1.0,0,1,1
16266,2.5999999999999996,0,1,1
16267,0.2,3,0,0
16268,1.0,0,1,1
16269,0.2,3,0,0
16270,0.2,3,0,0
16271,1.0,0,1,1
16272,0.2,3,0,1
16273,1.8,0,0,1
16274,2.5999999999999996,2,1,0
16275,0.2,3,0,0
16276,3.4000000000000004,1,1,0
16277,1.0,0,1,1
16278,0.2,3,0,0
16279,1.0,0,1,1
16280,0.2,3,0,0
16281,1.0,0,1,0
16282,1.0,0,1,1
16283,0.2,3,0,0
16284,2.5999999999999996,1,1,0
16285,1.0,0,0,1
16286,3.4000000000000004,2,0,0
16287,1.0,0,1,1
16288,0.2,3,0,0
16289,3.0,0,1,1
16290,0.2,0,1,1
16291,1.0,0,1,1
16292,1.0,0,1,1
16293,1.4,2,0,0
16294,1.0,0,1,1
16295,0.2,0,0,1
16296,0.2,0,0,1
16297,1.8,0,1,1
16298,1.0,0,1,1
16299,1.0,0,1,1
16300,1.0,0,1,1
16301,1.0,0,1,1
16302,1.0,0,1,1
16303,0.2,3,0,1
16304,0.2,3,0,0
16305,1.0,0,1,1
16306,1.0,0,1,1
16307,1.0,0,1,1
16308,0.2,0,0,0
16309,1.0,0,1,1
16310,1.0,0,1,1
16311,0.2,3,0,0
16312,0.2,3,0,0
16313,1.0,0,1,1
16314,0.2,3,0,0
16315,1.0,0,1,1
16316,0.2,3,0,0
16317,1.0,0,1,1
16318,1.0,0,1,1
16319,1.0,0,1,1
16320,0.2,0,0,0
16321,1.0,3,1,0
16322,2.2,1,0,0
16323,0.2,3,0,0
16324,0.2,3,0,0
16325,1.4,2,1,0
16326,0.2,3,0,0
16327,1.0,0,1,1
16328,0.2,3,0,0
16329,0.2,0,0,1
16330,0.2,3,0,0
16331,0.2,3,0,0
16332,1.0,0,1,1
16333,1.0,0,1,0
16334,1.8,2,0,0
16335,0.2,3,0,0
16336,2.2,0,1,1
16337,2.2,0,0,0
16338,1.0,0,1,0
16339,1.0,0,1,1
16340,1.4,0,1,1
16341,1.8,0,1,1
16342,2.2,1,1,0
16343,1.0,0,1,1
16344,2.2,0,1,0
16345,2.5999999999999996,0,1,1
16346,0.6000000000000001,1,1,0
16347,0.2,3,0,0
16348,0.2,3,0,0
16349,2.2,2,1,0
16350,1.0,0,1,1
16351,1.0,0,1,0
16352,0.2,3,0,0
16353,0.2,3,0,0
16354,2.2,0,0,1
16355,1.0,0,1,1
16356,2.5999999999999996,0,1,1
16357,0.2,3,0,0
16358,0.2,3,0,0
16359,0.2,3,0,0
16360,1.0,0,1,1
16361,2.5999999999999996,0,1,1
16362,1.0,0,1,1
16363,1.4,1,1,0
16364,0.2,0,0,1
16365,0.2,3,0,0
16366,0.2,3,0,1
16367,0.2,3,0,0
16368,1.0,0,1,1
16369,0.2,0,1,1
16370,0.2,3,0,0
16371,1.0,0,1,1
16372,0.2,3,0,0
16373,0.2,3,0,0
16374,0.2,3,1,0
16375,0.2,3,0,0
16376,0.2,0,0,1
16377,0.2,3,0,0
16378,1.0,0,1,0
16379,0.2,3,0,0
16380,1.0,0,1,1
16381,0.2,3,0,0
16382,0.2,3,0,0
16383,0.2,3,0,1
16384,1.0,0,1,1
16385,1.8,0,1,1
16386,0.2,3,0,0
16387,0.2,3,0,0
16388,1.0,0,1,1
16389,0.2,3,0,1
16390,1.0,0,0,1
16391,1.0,0,0,1
16392,1.0,0,0,1
16393,0.2,3,0,0
16394,3.8,0,0,1
16395,3.8,0,1,1
16396,1.0,0,1,1
16397,0.2,3,0,0
16398,0.2,3,0,0
16399,1.8,0,0,1
16400,1.0,0,0,1
16401,1.0,0,1,1
16402,0.2,3,0,0
16403,0.2,3,0,0
16404,0.2,3,0,1
16405,0.2,3,0,0
16406,0.2,3,0,0
16407,1.0,0,1,1
16408,0.2,3,0,0
16409,0.2,3,0,0
16410,0.2,3,0,1
16411,1.0,0,1,0
16412,1.0,0,1,0
16413,0.2,3,0,0
16414,0.2,3,0,0
16415,0.2,3,0,0
16416,0.2,3,0,0
16417,0.2,3,0,0
16418,1.0,0,1,1
16419,1.0,0,0,1
16420,1.0,0,1,1
16421,0.2,3,1,0
16422,2.2,2,1,0
16423,1.0,0,1,1
16424,1.0,0,1,1
16425,1.0,0,1,1
16426,1.0,0,1,1
16427,1.0,0,1,1
16428,0.2,3,0,0
16429,2.2,0,1,1
16430,1.0,0,1,1
16431,0.2,3,0,0
16432,0.2,3,0,0
16433,0.2,3,0,0
16434,0.2,3,0,0
16435,0.2,3,0,0
16436,1.0,0,1,1
16437,1.0,0,1,1
16438,0.2,3,0,0
16439,1.0,0,1,1
16440,1.0,0,1,1
16441,2.5999999999999996,0,1,0
16442,1.0,0,1,0
16443,0.2,3,0,0
16444,0.2,3,0,0
16445,0.2,3,0,0
16446,0.6000000000000001,0,1,1
16447,0.2,0,0,1
16448,1.0,0,1,1
16449,3.8,1,0,0
16450,1.8,0,0,1
16451,2.5999999999999996,1,1,0
16452,3.4000000000000004,0,1,1
16453,0.2,3,1,0
16454,1.0,0,1,1
16455,0.2,3,0,0
16456,0.2,0,0,1
16457,0.2,3,0,0
16458,1.0,0,1,1
16459,3.0,0,1,1
16460,1.0,0,1,1
16461,1.0,0,1,1
16462,0.2,3,0,0
16463,0.2,3,0,0
16464,1.0,0,1,1
16465,3.0,0,1,1
16466,0.2,3,0,0
16467,0.2,3,0,0
16468,0.2,3,0,0
16469,0.2,3,0,1
16470,0.2,3,0,0
16471,1.0,0,1,1
16472,2.2,0,0,1
16473,0.2,3,0,0
16474,1.0,0,1,0
16475,1.0,0,1,1
16476,0.2,0,0,1
16477,0.2,3,0,1
16478,1.0,0,1,1
16479,1.0,0,0,1
16480,0.2,3,0,0
16481,1.0,0,1,1
16482,0.2,3,0,0
16483,0.6000000000000001,2,1,0
16484,0.2,3,0,0
16485,1.0,0,1,1
16486,1.0,0,1,1
16487,0.2,3,0,0
16488,1.0,0,1,1
16489,3.4000000000000004,0,0,1
16490,2.5999999999999996,0,1,1
16491,1.4,0,1,1
16492,0.2,3,0,1
16493,0.2,3,0,0
16494,0.2,3,1,0
16495,3.8,0,1,1
16496,1.0,0,1,1
16497,3.8,2,1,0
16498,0.2,3,0,0
16499,1.0,0,1,1
16500,0.2,3,0,0
16501,1.0,0,1,1
16502,1.0,0,1,1
16503,0.2,3,0,0
16504,1.0,0,0,1
16505,1.0,0,0,1
16506,1.0,0,1,1
16507,1.0,0,1,1
16508,0.2,3,0,0
16509,0.2,3,0,0
16510,1.0,0,1,1
16511,0.2,3,0,1
16512,0.2,3,0,0
16513,1.0,0,1,1
16514,1.0,0,1,1
16515,0.2,3,0,0
16516,0.2,3,0,0
16517,0.2,0,0,0
16518,1.0,0,1,1
16519,1.0,0,1,1
16520,0.2,3,0,0
16521,3.4000000000000004,1,0,0
16522,0.2,3,0,0
16523,1.0,0,1,1
16524,0.2,3,0,0
16525,0.6000000000000001,2,1,0
16526,0.2,3,0,0
16527,3.4000000000000004,0,1,1
16528,0.2,3,0,0
16529,1.0,0,1,0
16530,1.0,0,1,1
16531,1.0,0,1,1
16532,1.0,0,1,1
16533,0.2,3,0,0
16534,1.0,0,1,1
16535,0.2,3,0,0
16536,0.2,3,0,0
16537,0.2,3,0,0
16538,1.0,0,1,0
16539,0.2,3,0,0
16540,0.2,3,0,0
16541,0.2,3,0,1
16542,0.2,3,0,0
16543,1.4,0,1,1
16544,1.0,0,1,1
16545,1.0,0,1,1
16546,1.0,0,1,0
16547,1.0,0,1,0
16548,1.8,0,1,1
16549,0.2,3,0,0
16550,1.0,0,1,1
16551,1.0,0,1,1
16552,1.0,0,0,1
16553,1.0,0,1,1
16554,1.0,0,1,1
16555,0.2,3,1,0
16556,0.2,3,0,0
16557,1.0,0,1,1
16558,2.5999999999999996,0,1,1
16559,1.0,0,1,1
16560,0.2,3,0,0
16561,0.2,3,1,0
16562,0.2,3,0,0
16563,1.0,0,1,1
16564,0.2,3,0,0
16565,1.0,0,0,1
16566,0.2,3,0,0
16567,1.0,0,1,1
16568,0.2,3,0,0
16569,1.0,0,0,1
16570,0.2,3,0,0
16571,1.0,0,1,1
16572,1.0,0,0,1
16573,1.0,0,1,0
16574,1.4,0,0,1
16575,1.0,0,1,1
16576,1.0,0,1,0
16577,0.2,3,0,0
16578,0.2,3,0,0
16579,0.2,3,0,0
16580,3.0,0,1,0
16581,1.0,0,0,1
16582,1.0,0,1,1
16583,2.2,0,1,1
16584,1.0,0,1,1
16585,1.0,0,0,1
16586,1.0,0,1,1
16587,0.2,3,0,0
16588,0.2,3,0,0
16589,1.0,0,1,1
16590,1.0,0,1,0
16591,0.2,3,0,0
16592,2.2,2,1,0
16593,0.2,3,0,0
16594,1.0,0,0,1
16595,1.0,0,1,1
16596,0.2,3,0,0
16597,0.2,0,0,0
16598,0.2,3,0,0
16599,1.0,0,1,1
16600,1.0,0,1,1
16601,0.2,3,0,0
16602,0.2,3,0,0
16603,1.0,0,1,1
16604,0.2,0,0,1
16605,0.2,3,0,0
16606,1.0,0,1,1
16607,0.2,3,0,0
16608,0.2,3,0,0
16609,0.6000000000000001,1,1,0
16610,1.0,0,1,1
16611,1.0,0,1,1
16612,1.0,0,1,0
16613,0.6000000000000001,2,1,0
16614,1.0,0,0,1
16615,0.2,3,0,0
16616,1.0,0,1,1
16617,1.0,0,1,1
16618,0.6000000000000001,1,1,0
16619,1.0,0,1,1
16620,0.2,3,0,0
16621,0.2,3,0,0
16622,0.2,3,0,0
16623,1.0,0,1,1
16624,1.0,0,1,1
16625,1.0,0,1,1
16626,1.0,0,1,1
16627,0.2,0,0,1
16628,1.0,0,1,1
16629,1.0,0,1,1
16630,1.0,0,1,0
16631,1.0,0,0,1
16632,1.0,0,1,1
16633,0.2,3,0,0
16634,0.2,3,0,0
16635,1.0,0,1,1
16636,0.2,3,0,0
16637,0.2,3,0,0
16638,1.0,0,1,1
16639,1.0,0,1,1
16640,1.0,0,0,1
16641,0.2,3,0,0
16642,0.6000000000000001,0,1,1
16643,1.0,0,1,1
16644,0.2,0,0,1
16645,0.2,3,0,0
16646,0.2,3,1,1
16647,1.0,0,1,1
16648,0.2,3,0,0
16649,0.2,3,0,0
16650,1.0,0,1,1
16651,3.4000000000000004,1,1,0
16652,1.0,0,1,0
16653,0.2,3,0,0
16654,0.2,3,0,1
16655,0.2,3,1,0
16656,1.0,0,1,1
16657,1.0,0,1,1
16658,0.2,3,0,0
16659,0.2,3,0,0
16660,1.0,0,1,1
16661,0.2,3,0,0
16662,1.0,0,1,1
16663,1.8,1,0,0
16664,1.4,1,1,0
16665,0.2,3,0,0
16666,0.2,3,0,0
16667,1.0,3,1,0
16668,1.0,0,1,1
16669,0.2,3,0,0
16670,1.0,0,1,1
16671,1.0,0,1,1
16672,1.0,0,1,1
16673,0.2,3,0,0
16674,0.2,3,0,0
16675,0.2,3,0,0
16676,1.0,0,1,1
16677,1.0,0,1,1
16678,0.2,3,0,0
16679,0.2,0,0,1
16680,1.0,0,1,1
16681,0.2,3,0,1
16682,0.6000000000000001,0,0,1
16683,0.2,3,0,0
16684,0.2,3,0,0
16685,0.2,3,0,0
16686,0.2,3,0,0
16687,0.2,3,0,0
16688,1.0,0,1,1
16689,2.5999999999999996,0,1,1
16690,0.2,3,0,0
16691,1.0,0,1,1
16692,1.0,0,1,1
16693,1.0,0,1,1
16694,1.0,0,1,0
16695,0.2,3,0,0
16696,1.0,0,1,0
16697,1.0,0,0,1
16698,1.0,0,1,0
16699,1.0,0,1,1
16700,1.8,0,1,1
16701,0.2,0,0,1
16702,0.2,3,0,0
16703,1.0,0,1,1
16704,1.0,0,1,1
16705,0.6000000000000001,2,0,0
16706,1.0,0,1,1
16707,1.0,0,1,0
16708,1.0,3,1,0
16709,1.0,0,1,1
16710,0.2,3,0,0
16711,1.0,0,1,1
16712,1.0,0,1,1
16713,1.0,0,1,1
16714,0.2,3,0,0
16715,1.0,0,1,1
16716,0.2,3,0,0
16717,1.0,0,1,1
16718,0.2,3,0,0
16719,0.2,3,0,0
16720,0.2,3,0,0
16721,0.2,3,0,0
16722,1.0,0,1,1
16723,1.0,0,1,1
16724,0.2,3,0,0
16725,1.0,0,1,1
16726,1.0,3,1,0
16727,1.8,1,0,0
16728,0.2,0,0,1
16729,0.2,3,0,0
16730,1.0,0,1,1
16731,0.2,3,0,0
16732,0.2,3,0,0
16733,2.2,0,1,1
16734,0.2,3,0,0
16735,1.0,0,1,1
16736,2.5999999999999996,1,1,0
16737,0.2,3,0,0
16738,0.2,3,0,1
16739,0.2,3,0,0
16740,1.0,0,1,1
16741,1.0,0,1,0
16742,1.0,0,1,1
16743,1.0,0,1,1
16744,3.4000000000000004,0,0,0
16745,1.0,0,1,1
16746,0.2,3,0,0
16747,3.0,2,1,0
16748,2.5999999999999996,0,1,1
16749,1.0,0,1,1
16750,0.2,3,0,0
16751,0.2,3,0,0
16752,0.2,3,0,0
16753,1.0,0,1,0
16754,1.0,0,1,1
16755,0.2,3,0,0
16756,1.0,0,1,1
16757,0.2,3,0,0
16758,0.2,3,0,0
16759,1.0,0,1,1
16760,1.0,0,1,1
16761,0.2,3,0,0
16762,0.2,3,0,0
16763,1.0,0,1,1
16764,0.2,3,0,0
16765,0.2,0,0,1
16766,1.0,0,1,1
16767,0.2,3,0,0
16768,0.2,3,0,0
16769,1.0,0,1,1
16770,3.4000000000000004,0,1,0
16771,1.0,0,1,0
16772,0.2,3,0,0
16773,0.6000000000000001,1,0,0
16774,3.4000000000000004,0,1,1
16775,0.2,3,0,0
16776,2.5999999999999996,0,0,1
16777,0.2,3,0,0
16778,1.0,0,1,1
16779,1.0,0,1,1
16780,1.0,0,1,1
16781,1.0,0,1,1
16782,0.2,3,1,0
16783,0.2,3,0,0
16784,0.2,3,0,0
16785,1.0,0,1,1
16786,1.0,0,0,1
16787,1.0,0,1,1
16788,0.2,3,0,0
16789,1.0,0,1,0
16790,1.0,0,1,1
16791,1.0,0,1,1
16792,0.2,3,0,1
16793,1.0,0,1,1
16794,1.0,0,1,1
16795,1.0,0,1,0
16796,1.0,0,1,1
16797,0.2,3,0,0
16798,0.2,3,0,0
16799,1.0,3,1,0
16800,0.2,3,0,0
16801,1.4,0,1,1
16802,1.0,0,0,1
16803,1.0,3,1,1
16804,0.2,0,0,1
16805,1.0,3,1,0
16806,1.0,0,1,1
16807,1.0,0,1,1
16808,0.2,3,0,0
16809,0.2,3,0,0
16810,1.0,0,1,1
16811,1.0,0,1,1
16812,1.0,0,1,1
16813,0.2,3,0,0
16814,1.0,0,1,1
16815,0.2,3,0,0
16816,1.4,0,1,0
16817,3.0,2,0,0
16818,0.2,3,0,0
16819,3.0,1,1,0
16820,0.2,3,0,0
16821,3.8,0,1,1
16822,0.2,3,0,0
16823,0.2,3,1,0
16824,0.2,0,0,1
16825,0.2,3,0,0
16826,1.0,0,1,1
16827,1.0,0,1,1
16828,1.0,0,1,1
16829,1.0,0,0,1
16830,0.2,3,0,0
16831,0.2,3,0,0
16832,1.0,0,1,0
16833,0.2,3,1,0
16834,0.2,3,0,0
16835,0.2,3,0,0
16836,0.2,3,0,0
16837,0.2,0,0,1
16838,0.2,3,0,0
16839,2.5999999999999996,1,1,0
16840,0.2,3,0,0
16841,0.2,3,0,0
16842,0.2,0,0,1
16843,0.6000000000000001,0,0,1
16844,0.2,0,0,1
16845,1.0,0,1,1
16846,0.2,3,0,0
16847,1.0,0,1,1
16848,1.0,0,1,1
16849,1.0,0,0,1
16850,0.2,3,0,0
16851,0.2,3,0,0
16852,0.2,3,0,1
16853,3.8,0,1,1
16854,0.2,3,0,0
16855,0.6000000000000001,2,0,0
16856,3.0,0,0,0
16857,1.0,0,1,1
16858,0.2,3,0,1
16859,0.2,3,0,0
16860,0.2,3,1,1
16861,0.2,3,0,0
16862,0.2,3,0,0
16863,1.0,0,1,1
16864,1.0,0,1,1
16865,2.5999999999999996,0,1,1
16866,2.5999999999999996,0,1,1
16867,1.0,0,1,1
16868,0.2,3,0,0
16869,1.0,0,1,1
16870,1.0,0,1,1
16871,1.0,0,1,1
16872,1.0,0,1,1
16873,0.2,3,0,0
16874,1.0,0,1,1
16875,1.0,0,1,1
16876,0.2,3,0,0
16877,1.0,0,1,0
16878,3.0,0,0,1
16879,3.0,1,1,0
16880,1.0,0,1,1
16881,0.2,3,0,0
16882,1.0,0,1,1
16883,1.0,0,1,1
16884,2.2,0,0,1
16885,0.2,3,0,0
16886,0.2,3,0,0
16887,1.0,0,1,1
16888,0.2,3,0,0
16889,0.2,3,0,0
16890,1.0,0,1,1
16891,3.8,2,1,0
16892,0.2,3,0,0
16893,0.2,3,0,0
16894,1.0,0,1,1
16895,1.0,0,1,0
16896,0.2,3,0,0
16897,1.0,0,1,1
16898,3.0,0,0,1
16899,0.2,3,0,0
16900,0.2,3,0,0
16901,0.2,3,0,0
16902,1.0,0,1,0
16903,0.2,3,1,0
16904,1.0,0,1,0
16905,1.4,0,1,1
16906,0.2,3,0,0
16907,0.6000000000000001,0,0,0
16908,0.2,3,0,0
16909,0.2,3,0,0
16910,0.2,3,0,0
16911,2.5999999999999996,2,0,1
16912,1.0,0,1,1
16913,1.0,0,1,1
16914,0.2,3,0,0
16915,1.0,0,1,1
16916,2.2,0,1,1
16917,1.8,2,0,0
16918,0.2,3,0,0
16919,1.0,0,1,1
16920,1.0,0,1,1
16921,1.0,0,0,1
16922,0.2,3,0,0
16923,1.0,0,1,1
16924,2.2,0,1,1
16925,1.0,0,1,1
16926,1.0,3,1,0
16927,0.2,3,0,0
16928,3.0,0,1,1
16929,0.2,3,0,0
16930,0.2,3,1,0
16931,0.2,3,0,0
16932,0.2,3,0,0
16933,0.2,3,0,0
16934,0.2,3,0,0
16935,1.0,0,1,1
16936,0.2,3,0,0
16937,1.0,3,1,0
16938,0.2,3,0,0
16939,0.2,3,0,0
16940,0.2,3,0,0
16941,0.2,3,0,0
16942,1.0,0,1,1
16943,3.4000000000000004,0,1,1
16944,0.2,3,0,0
16945,0.2,3,0,0
16946,0.2,3,0,0
16947,0.2,3,0,0
16948,0.2,3,0,0
16949,1.0,0,1,1
16950,0.2,3,0,0
16951,0.2,3,0,0
16952,3.8,1,0,0
16953,0.2,3,0,0
16954,1.0,0,1,1
16955,0.2,3,0,0
16956,0.2,3,0,0
16957,0.2,3,0,0
16958,0.2,3,0,0
16959,1.0,0,1,1
16960,0.2,3,0,0
16961,0.2,3,0,0
16962,3.8,0,1,1
16963,0.2,3,0,0
16964,3.4000000000000004,0,1,1
16965,0.2,3,0,0
16966,0.2,3,0,0
16967,0.2,3,0,0
16968,0.2,3,1,0
16969,0.2,3,0,0
16970,0.2,3,0,0
16971,3.8,1,0,0
16972,0.2,3,0,0
16973,1.0,0,1,1
16974,1.0,0,1,1
16975,1.0,0,1,0
16976,0.2,0,0,1
16977,0.2,3,1,0
16978,1.0,0,1,1
16979,0.2,3,0,0
16980,0.2,3,0,1
16981,0.2,3,0,1
16982,1.0,0,1,1
16983,0.2,3,0,0
16984,1.0,0,1,1
16985,0.2,3,1,0
16986,1.0,0,1,1
16987,0.2,3,0,0
16988,1.0,0,1,1
16989,0.2,3,0,0
16990,1.0,0,1,1
16991,1.0,0,1,1
16992,1.0,0,1,1
16993,1.0,0,1,1
16994,1.0,0,1,0
16995,0.2,3,0,0
16996,1.0,0,1,1
16997,0.2,3,0,0
16998,0.2,0,0,1
16999,0.2,3,0,0
17000,0.2,3,1,0
17001,1.0,0,0,1
17002,0.2,3,0,0
17003,0.2,3,0,0
17004,0.2,3,0,0
17005,1.0,0,1,1
17006,1.0,0,1,1
17007,1.0,0,1,1
17008,0.2,3,0,0
17009,1.0,0,1,1
17010,0.2,3,0,0
17011,1.0,0,1,1
17012,0.2,3,0,0
17013,0.2,3,0,0
17014,1.0,0,1,1
17015,0.2,3,0,0
17016,1.0,0,1,1
17017,1.0,0,1,1
17018,1.0,0,1,1
17019,1.0,0,1,0
17020,0.2,3,0,0
17021,1.0,0,1,0
17022,1.0,0,1,1
17023,0.2,3,0,0
17024,1.4,0,1,1
17025,1.0,0,1,1
17026,0.2,3,0,0
17027,1.0,0,1,1
17028,1.0,0,1,1
17029,1.0,0,1,1
17030,1.0,0,1,1
17031,1.0,3,1,0
17032,1.0,0,1,1
17033,1.0,0,0,1
17034,1.0,0,1,1
17035,1.0,0,0,1
17036,0.2,3,0,0
17037,1.8,1,1,1
17038,0.2,3,0,0
17039,0.2,3,1,0
17040,1.0,0,1,1
17041,1.8,0,0,1
17042,0.2,3,0,0
17043,1.0,0,1,1
17044,1.0,0,1,1
17045,1.0,0,1,1
17046,0.2,3,0,0
17047,0.2,3,0,0
17048,0.2,3,0,0
17049,1.0,0,1,1
17050,0.2,0,0,1
17051,0.2,3,0,0
17052,0.2,0,0,0
17053,0.2,3,0,0
17054,0.2,3,0,0
17055,1.0,0,1,1
17056,1.0,0,1,1
17057,0.2,3,0,0
17058,1.0,0,1,1
17059,1.0,0,1,1
17060,1.0,0,1,1
17061,3.8,2,0,0
17062,1.0,0,1,1
17063,1.0,0,1,1
17064,1.0,0,0,1
17065,0.2,3,0,0
17066,1.0,0,0,0
17067,1.0,0,1,1
17068,0.2,3,1,0
17069,1.0,0,1,1
17070,1.0,0,1,1
17071,0.2,3,0,0
17072,0.2,3,0,0
17073,1.0,0,0,1
17074,0.2,3,0,0
17075,0.2,3,0,0
17076,0.2,3,0,0
17077,0.2,3,0,0
17078,0.2,3,0,0
17079,0.2,3,0,0
17080,1.0,0,1,1
17081,1.0,0,0,0
17082,1.0,0,1,1
17083,0.2,3,0,0
17084,0.2,3,0,0
17085,1.0,0,1,0
17086,0.2,0,0,0
17087,0.2,3,0,0
17088,1.0,0,1,1
17089,1.4,0,0,1
17090,2.2,0,1,1
17091,1.0,0,1,1
17092,3.8,0,0,1
17093,0.2,0,0,1
17094,0.2,3,0,0
17095,0.2,3,0,0
17096,1.0,0,1,1
17097,0.2,3,0,0
17098,1.0,0,1,1
17099,0.2,0,0,1
17100,0.2,3,0,0
17101,2.2,0,0,1
17102,0.2,3,0,0
17103,1.0,0,1,0
17104,1.0,0,0,1
17105,1.0,0,1,0
17106,1.0,0,1,1
17107,1.0,0,1,0
17108,1.0,0,1,1
17109,0.2,0,0,0
17110,0.2,0,0,1
17111,1.0,0,0,1
17112,1.0,0,1,1
17113,1.0,0,1,0
17114,1.0,0,1,1
17115,0.2,3,0,0
17116,1.0,0,1,1
17117,1.0,3,1,0
17118,1.0,0,1,0
17119,0.2,3,0,0
17120,1.0,0,1,1
17121,1.0,0,0,1
17122,0.2,3,0,0
17123,0.2,3,0,0
17124,1.0,0,1,1
17125,0.2,3,0,0
17126,1.0,0,1,1
17127,1.0,0,1,1
17128,0.2,3,0,0
17129,0.2,3,0,0
17130,1.0,0,1,1
17131,1.0,0,1,1
17132,0.2,3,0,0
17133,1.0,0,1,1
17134,1.0,0,1,1
17135,1.0,0,1,1
17136,0.2,3,0,0
17137,1.0,0,1,1
17138,0.2,3,0,0
17139,1.0,0,1,1
17140,1.0,0,1,1
17141,1.0,0,1,0
17142,0.2,3,0,1
17143,1.0,0,1,0
17144,0.2,3,0,0
17145,0.2,3,0,0
17146,1.0,0,1,0
17147,1.0,0,1,1
17148,1.0,0,1,1
17149,1.0,0,1,1
17150,1.0,0,1,1
17151,3.8,2,0,0
17152,1.0,0,1,1
17153,0.2,3,0,0
17154,0.6000000000000001,0,1,1
17155,1.0,0,0,1
17156,1.0,0,1,1
17157,1.0,0,1,1
17158,1.0,0,1,1
17159,2.2,1,1,0
17160,1.0,0,1,1
17161,3.4000000000000004,1,1,0
17162,0.2,3,0,0
17163,1.0,0,1,1
17164,0.2,3,0,0
17165,0.2,3,0,0
17166,0.2,3,0,0
17167,0.2,3,0,0
17168,1.0,0,1,0
17169,1.0,0,1,1
17170,1.0,0,1,1
17171,0.2,3,0,0
17172,0.2,3,0,0
17173,1.0,0,1,1
17174,1.8,1,0,0
17175,0.2,3,0,0
17176,1.0,0,1,1
17177,0.2,3,0,0
17178,0.2,3,0,0
17179,2.2,0,1,1
17180,1.0,0,1,1
17181,0.2,3,0,1
17182,1.0,0,1,1
17183,0.2,3,0,0
17184,0.2,3,0,0
17185,0.2,3,0,0
17186,0.2,3,0,0
17187,0.2,3,0,0
17188,0.2,0,0,1
17189,1.0,0,1,1
17190,1.0,0,1,1
17191,1.0,0,1,1
17192,1.0,0,1,0
17193,1.0,0,1,1
17194,1.0,0,1,1
17195,3.0,0,1,1
17196,1.0,3,1,0
17197,1.0,0,1,1
17198,0.2,3,0,0
17199,0.2,3,0,0
17200,0.2,3,0,0
17201,1.0,0,1,1
17202,0.2,3,0,0
17203,0.2,3,0,0
17204,1.0,0,1,0
17205,0.2,0,0,1
17206,0.2,3,0,0
17207,1.0,0,1,1
17208,0.2,3,0,0
17209,0.2,3,0,0
17210,1.0,0,1,1
17211,1.0,0,1,1
17212,1.0,3,1,0
17213,1.0,0,1,1
17214,1.0,0,1,1
17215,0.2,3,0,0
17216,0.2,0,0,1
17217,0.2,3,0,0
17218,0.2,3,0,0
17219,2.2,0,0,1
17220,1.0,0,1,1
17221,0.2,3,1,0
17222,0.2,3,0,1
17223,1.0,0,1,1
17224,1.0,0,1,1
17225,1.0,0,1,1
17226,1.0,0,1,1
17227,0.2,3,1,0
17228,1.0,0,1,1
17229,1.0,0,1,0
17230,1.0,0,1,1
17231,1.0,0,1,0
17232,0.2,3,0,0
17233,3.0,0,0,1
17234,0.2,3,1,1
17235,0.2,3,0,0
17236,0.2,3,0,0
17237,0.2,3,1,0
17238,0.2,3,0,0
17239,0.2,0,0,1
17240,2.2,0,0,1
17241,3.8,0,1,1
17242,0.2,3,0,0
17243,1.0,0,0,1
17244,1.4,1,0,0
17245,0.2,3,0,0
17246,0.6000000000000001,0,1,1
17247,0.2,3,0,0
17248,0.2,3,0,0
17249,1.0,0,1,0
17250,0.2,3,0,0
17251,2.2,0,1,0
17252,0.2,0,0,0
17253,1.0,0,1,1
17254,3.8,0,1,1
17255,0.2,3,0,0
17256,2.2,0,1,1
17257,0.2,3,0,0
17258,0.2,3,0,0
17259,1.0,0,1,1
17260,0.2,3,0,0
17261,1.0,0,1,0
17262,1.0,0,1,1
17263,1.0,0,1,1
17264,0.2,3,0,0
17265,1.0,0,1,1
17266,1.0,0,1,1
17267,1.0,0,1,0
17268,1.4,0,1,1
17269,1.0,0,1,1
17270,0.2,3,0,0
17271,0.2,0,0,1
17272,1.0,0,1,1
17273,1.0,0,1,0
17274,1.0,0,1,0
17275,0.2,3,0,0
17276,1.0,0,1,1
17277,1.0,0,1,1
17278,1.0,0,1,1
17279,1.0,0,0,1
17280,0.2,3,0,0
17281,0.2,3,0,0
17282,1.0,0,1,1
17283,0.2,3,0,0
17284,2.2,0,0,1
17285,0.2,3,0,0
17286,1.0,0,0,1
17287,1.4,0,1,1
17288,0.2,3,1,0
17289,0.2,0,0,1
17290,1.0,0,1,1
17291,0.2,0,0,1
17292,0.2,3,0,0
17293,0.2,3,0,0
17294,1.0,0,1,1
17295,1.0,0,1,1
17296,1.4,0,0,1
17297,0.2,3,0,0
17298,1.0,0,1,1
17299,0.2,3,0,0
17300,0.2,3,0,0
17301,1.0,0,1,0
17302,1.0,0,1,1
17303,1.0,0,1,1
17304,1.0,0,1,1
17305,1.0,0,1,1
17306,0.2,3,0,0
17307,0.2,3,0,0
17308,1.0,0,1,1
17309,1.0,0,1,1
17310,0.2,3,0,0
17311,1.0,0,1,1
17312,1.0,0,1,1
17313,1.0,0,1,0
17314,0.6000000000000001,0,0,1
17315,0.2,0,0,1
17316,0.2,3,0,0
17317,1.4,2,1,0
17318,0.2,3,0,0
17319,1.0,0,1,0
17320,1.0,0,1,1
17321,0.2,0,0,1
17322,1.0,0,1,1
17323,0.2,0,0,1
17324,0.2,3,0,0
17325,1.0,0,1,1
17326,0.2,3,0,0
17327,0.2,3,0,0
17328,1.0,0,1,1
17329,0.2,3,0,0
17330,1.0,0,1,1
17331,0.2,3,0,0
17332,1.8,2,1,0
17333,1.0,0,1,1
17334,0.2,3,0,0
17335,0.2,3,0,0
17336,0.2,3,0,1
17337,0.2,3,0,0
17338,1.0,0,1,1
17339,1.0,0,1,1
17340,1.0,0,1,1
17341,0.2,3,0,0
17342,1.0,0,1,1
17343,0.2,3,0,0
17344,3.0,2,1,0
17345,2.2,0,1,1
17346,1.0,0,1,1
17347,0.2,3,0,0
17348,0.2,0,0,0
17349,0.2,3,0,1
17350,0.2,3,0,0
17351,0.2,3,0,0
17352,1.0,0,1,1
17353,3.8,2,1,0
17354,1.0,0,1,1
17355,1.0,0,1,1
17356,1.0,0,1,1
17357,3.0,0,1,1
17358,1.8,1,1,0
17359,1.8,0,1,1
17360,1.0,0,1,0
17361,0.2,3,0,0
17362,3.4000000000000004,1,0,0
17363,1.0,0,1,1
17364,1.0,0,1,0
17365,0.2,3,0,0
17366,0.6000000000000001,0,1,1
17367,1.0,0,1,1
17368,3.0,1,1,0
17369,1.0,0,1,1
17370,0.2,3,0,0
17371,0.2,3,0,0
17372,1.0,0,0,1
17373,1.0,0,1,0
17374,0.2,3,0,0
17375,1.0,0,1,1
17376,0.2,3,0,0
17377,1.0,0,0,1
17378,1.0,0,1,1
17379,0.2,3,0,0
17380,0.2,3,0,0
17381,1.0,0,1,1
17382,1.0,0,1,0
17383,3.0,1,0,0
17384,0.2,3,0,0
17385,0.2,0,0,1
17386,0.2,3,0,0
17387,1.0,0,1,1
17388,0.2,3,0,0
17389,1.0,0,1,1
17390,0.2,3,0,0
17391,0.2,3,0,0
17392,2.5999999999999996,0,1,0
17393,1.0,0,1,1
17394,0.2,3,0,0
17395,1.0,0,1,0
17396,1.0,0,0,0
17397,1.0,0,1,0
17398,0.2,3,0,0
17399,0.2,3,0,0
17400,1.0,0,0,1
17401,0.2,3,0,0
17402,0.2,3,0,0
17403,1.0,0,1,0
17404,1.0,0,1,1
17405,0.2,3,0,0
17406,1.0,0,1,1
17407,1.0,0,1,1
17408,2.5999999999999996,0,1,0
17409,0.6000000000000001,2,1,0
17410,0.2,3,0,1
17411,1.0,3,1,0
17412,1.0,0,1,1
17413,0.2,3,0,0
17414,1.8,0,1,0
17415,0.2,3,0,0
17416,1.0,0,1,1
17417,1.0,0,1,1
17418,0.2,3,0,0
17419,0.2,3,0,0
17420,0.2,3,0,0
17421,1.0,0,1,1
17422,0.2,3,0,0
17423,0.2,3,0,0
17424,1.0,0,1,1
17425,0.2,3,0,0
17426,1.0,0,1,0
17427,0.2,3,0,0
17428,3.8,1,1,0
17429,0.2,3,0,0
17430,0.2,3,0,0
17431,0.2,3,0,0
17432,0.2,3,0,0
17433,1.0,0,1,0
17434,0.2,3,0,0
17435,1.0,0,1,1
17436,0.2,3,0,0
17437,1.0,0,1,1
17438,1.0,0,0,1
17439,0.2,3,0,0
17440,1.0,0,1,1
17441,1.0,0,1,1
17442,3.4000000000000004,0,1,1
17443,1.0,3,1,0
17444,1.0,0,1,1
17445,0.2,3,0,0
17446,1.0,0,1,1
17447,0.2,3,0,1
17448,1.0,0,1,1
17449,1.0,0,1,1
17450,1.0,0,1,1
17451,0.2,3,0,0
17452,1.0,0,1,1
17453,1.0,0,1,0
17454,1.0,0,1,0
17455,1.8,0,1,1
17456,1.0,0,1,1
17457,1.0,3,1,0
17458,1.0,0,1,1
17459,1.0,0,0,1
17460,1.8,1,0,0
17461,1.0,0,1,1
17462,3.0,0,1,1
17463,0.2,0,0,0
17464,1.0,0,1,1
17465,2.5999999999999996,0,0,1
17466,0.2,3,0,0
17467,3.4000000000000004,0,1,1
17468,0.2,3,0,0
17469,1.0,0,1,1
17470,3.4000000000000004,0,1,1
17471,0.2,3,0,1
17472,0.2,3,0,0
17473,0.2,3,0,0
17474,1.0,0,1,1
17475,1.0,0,1,0
17476,0.2,3,0,0
17477,1.0,0,1,1
17478,1.0,0,1,1
17479,1.0,0,1,1
17480,1.0,0,1,1
17481,1.8,0,0,0
17482,0.2,3,0,0
17483,0.2,3,0,0
17484,1.0,0,1,0
17485,0.2,3,0,0
17486,1.0,0,0,1
17487,1.0,0,1,1
17488,1.0,0,0,1
17489,0.2,3,0,0
17490,0.2,3,1,0
17491,0.2,3,0,0
17492,3.4000000000000004,0,1,1
17493,1.0,0,1,1
17494,0.2,3,0,0
17495,1.0,3,1,0
17496,3.8,0,0,1
17497,0.2,3,1,0
17498,2.5999999999999996,0,1,0
17499,0.2,3,0,0
17500,1.0,0,1,1
17501,0.2,3,0,0
17502,1.0,0,1,1
17503,1.0,0,1,1
17504,1.0,0,1,1
17505,0.6000000000000001,0,1,1
17506,3.4000000000000004,0,0,1
17507,0.2,3,0,0
17508,0.2,3,0,0
17509,0.2,3,0,0
17510,3.0,0,1,1
17511,0.2,3,0,0
17512,0.2,3,0,0
17513,3.4000000000000004,0,0,1
17514,1.0,0,1,0
17515,0.2,3,0,0
17516,1.0,0,1,1
17517,1.0,0,1,1
17518,1.0,0,1,1
17519,3.4000000000000004,2,1,0
17520,0.2,0,0,1
17521,1.0,0,1,1
17522,0.2,3,0,0
17523,0.2,3,1,0
17524,0.2,3,0,0
17525,1.0,0,1,0
17526,1.0,0,1,1
17527,0.2,3,0,0
17528,0.2,3,0,0
17529,1.8,1,1,0
17530,0.2,3,0,0
17531,1.0,0,1,1
17532,1.0,0,1,1
17533,0.2,3,0,0
17534,1.0,0,1,1
17535,1.0,0,1,1
17536,0.2,3,0,0
17537,0.2,3,0,0
17538,0.2,3,0,0
17539,1.0,0,1,1
17540,0.2,3,0,0
17541,0.2,3,0,0
17542,0.2,3,0,0
17543,0.2,3,0,0
17544,1.0,0,1,1
17545,1.0,0,1,0
17546,0.2,3,0,0
17547,1.0,0,1,0
17548,1.0,0,1,1
17549,1.0,0,1,1
17550,0.2,3,0,0
17551,1.0,0,1,1
17552,1.0,0,1,1
17553,1.0,0,1,1
17554,1.0,0,1,0
17555,1.0,0,1,1
17556,1.0,0,1,1
17557,0.2,3,0,0
17558,1.0,0,1,1
17559,1.0,3,1,1
17560,1.0,0,1,1
17561,1.0,0,1,1
17562,0.2,3,0,0
17563,1.0,0,1,1
17564,1.0,0,1,1
17565,1.0,0,1,1
17566,1.0,0,1,1
17567,0.2,3,0,0
17568,2.5999999999999996,1,1,0
17569,1.0,0,1,1
17570,0.2,3,0,0
17571,1.0,0,0,1
17572,1.0,0,1,1
17573,1.0,0,1,1
17574,1.0,0,1,0
17575,0.2,3,0,0
17576,0.6000000000000001,2,1,0
17577,1.0,0,1,1
17578,3.0,0,1,1
17579,0.2,3,0,0
17580,0.2,3,0,0
17581,1.0,0,1,1
17582,1.4,0,0,1
17583,0.2,3,0,0
17584,0.2,3,0,0
17585,1.0,0,1,1
17586,0.2,3,0,0
17587,3.8,1,1,0
17588,0.2,3,0,0
17589,3.8,1,1,1
17590,0.2,3,0,0
17591,1.0,0,1,1
17592,1.0,0,1,1
17593,1.0,0,1,1
17594,0.2,3,0,0
17595,1.0,0,1,1
17596,0.2,3,0,0
17597,0.2,3,0,0
17598,0.6000000000000001,2,1,0
17599,0.2,3,0,0
17600,1.8,2,0,0
17601,1.8,0,0,1
17602,0.2,3,0,0
17603,0.2,3,0,0
17604,0.2,3,0,0
17605,1.0,0,1,1
17606,0.2,3,1,0
17607,0.2,3,0,0
17608,1.0,0,1,1
17609,1.0,0,1,1
17610,1.0,0,1,0
17611,3.0,0,1,1
17612,1.0,0,1,1
17613,0.2,3,0,0
17614,1.0,0,1,1
17615,0.2,3,0,0
17616,3.0,0,1,1
17617,0.2,3,0,1
17618,0.2,3,0,0
17619,0.2,3,0,0
17620,1.0,0,1,1
17621,3.4000000000000004,2,0,0
17622,0.2,3,0,0
17623,1.0,0,1,1
17624,0.2,3,0,0
17625,0.2,3,0,0
17626,0.2,0,1,0
17627,1.0,0,1,1
17628,1.0,0,1,1
17629,3.0,0,1,1
17630,0.2,3,0,0
17631,1.0,0,1,1
17632,0.2,3,0,0
17633,0.2,3,0,0
17634,1.4,0,1,0
17635,1.0,0,1,0
17636,1.0,0,1,0
17637,0.2,3,0,0
17638,0.2,3,0,0
17639,0.2,3,0,0
17640,0.2,3,0,0
17641,0.2,3,0,0
17642,1.0,0,1,1
17643,1.0,0,1,0
17644,1.0,0,1,1
17645,1.0,0,1,1
17646,0.2,3,0,0
17647,2.2,0,0,0
17648,0.2,3,0,0
17649,1.0,0,1,1
17650,0.2,3,0,0
17651,1.0,0,1,1
17652,1.0,3,1,0
17653,0.2,3,0,0
17654,2.5999999999999996,2,1,0
17655,1.0,0,1,1
17656,0.2,3,0,0
17657,0.2,3,0,0
17658,1.0,0,1,1
17659,1.0,0,1,1
17660,0.2,3,0,0
17661,1.0,0,1,1
17662,0.2,3,0,0
17663,0.2,3,0,0
17664,0.2,3,0,0
17665,1.0,0,1,0
17666,1.0,0,1,1
17667,1.0,0,0,1
17668,0.2,0,0,1
17669,0.2,3,0,0
17670,1.0,0,1,1
17671,1.0,0,1,1
17672,0.2,3,0,0
17673,1.8,1,0,0
17674,3.0,2,1,0
17675,1.0,0,1,0
17676,0.2,3,0,1
17677,0.2,3,0,0
17678,1.0,0,1,1
17679,1.0,0,0,1
17680,3.0,2,1,0
17681,2.2,0,1,1
17682,1.0,0,1,1
17683,0.2,3,0,0
17684,0.2,3,0,0
17685,0.6000000000000001,1,1,0
17686,1.0,0,1,1
17687,1.0,0,1,1
17688,1.0,0,1,1
17689,3.4000000000000004,2,1,0
17690,0.2,3,0,0
17691,3.4000000000000004,1,1,0
17692,1.0,0,1,1
17693,1.0,0,1,1
17694,1.0,0,1,1
17695,0.2,3,0,0
17696,0.2,3,0,0
17697,1.0,0,1,1
17698,1.0,0,1,1
17699,1.8,0,1,1
17700,1.0,0,1,1
17701,1.0,0,1,1
17702,1.0,0,1,1
17703,0.2,3,0,0
17704,0.2,3,0,0
17705,2.5999999999999996,1,1,0
17706,0.2,3,0,0
17707,0.2,3,0,0
17708,0.2,3,0,1
17709,1.0,0,1,1
17710,1.0,0,1,1
17711,0.2,3,0,0
17712,1.0,0,1,0
17713,0.2,3,0,0
17714,0.2,3,1,0
17715,0.2,3,0,0
17716,1.0,0,1,0
17717,3.0,1,0,0
17718,0.2,0,0,1
17719,0.2,0,0,1
17720,0.2,3,0,0
17721,0.2,3,0,0
17722,1.0,0,1,1
17723,1.0,0,1,1
17724,0.2,3,0,0
17725,1.0,0,1,1
17726,0.2,0,0,1
17727,1.0,0,1,1
17728,1.0,0,1,1
17729,1.0,0,1,1
17730,3.4000000000000004,0,1,1
17731,1.0,0,0,1
17732,1.0,0,0,1
17733,1.0,0,1,1
17734,1.0,0,1,1
17735,0.2,3,0,0
17736,1.0,0,1,1
17737,0.2,3,0,0
17738,0.2,3,0,0
17739,0.2,3,0,0
17740,0.6000000000000001,1,1,0
17741,1.0,0,1,1
17742,0.2,3,0,0
17743,1.8,0,1,1
17744,1.0,0,1,1
17745,0.2,3,0,0
17746,0.2,3,0,0
17747,1.0,0,1,1
17748,1.0,3,1,0
17749,0.2,3,1,0
17750,3.8,1,1,0
17751,0.2,3,0,0
17752,0.2,3,0,0
17753,0.2,3,0,0
17754,2.2,0,1,1
17755,1.0,0,1,1
17756,1.0,0,1,1
17757,0.2,3,0,0
17758,0.2,3,0,0
17759,1.8,2,1,0
17760,3.0,0,1,1
17761,1.0,0,1,1
17762,1.0,0,1,1
17763,1.8,1,1,0
17764,1.0,0,1,1
17765,1.0,0,1,1
17766,1.0,0,1,0
17767,0.2,3,0,0
17768,1.0,0,1,1
17769,0.2,3,0,0
17770,3.4000000000000004,0,1,1
17771,0.2,3,1,0
17772,0.2,3,0,0
17773,2.5999999999999996,0,0,1
17774,1.0,3,1,0
17775,1.0,0,1,1
17776,1.4,1,0,0
17777,1.4,2,0,0
17778,3.0,0,1,0
17779,3.4000000000000004,0,0,1
17780,1.0,3,1,0
17781,0.2,3,0,1
17782,0.2,3,0,0
17783,1.0,0,1,1
17784,0.2,3,0,0
17785,1.4,0,1,0
17786,0.2,3,0,0
17787,0.2,3,1,0
17788,0.2,3,1,0
17789,1.0,0,1,1
17790,0.2,3,0,0
17791,1.0,0,1,1
17792,1.0,0,1,1
17793,1.0,0,1,1
17794,1.0,0,1,1
17795,0.2,3,0,0
17796,0.2,0,0,0
17797,0.6000000000000001,0,0,1
17798,0.2,3,0,0
17799,0.6000000000000001,2,0,0
17800,1.0,0,1,0
17801,0.2,3,0,0
17802,1.0,0,1,1
17803,2.5999999999999996,0,1,1
17804,0.2,3,0,0
17805,3.4000000000000004,0,1,1
17806,0.2,3,0,0
17807,0.2,0,0,1
17808,1.0,0,1,1
17809,1.0,0,1,1
17810,1.0,0,0,0
17811,1.0,0,1,0
17812,0.2,3,0,0
17813,0.2,3,0,1
17814,2.5999999999999996,0,0,0
17815,1.0,0,1,1
17816,0.2,3,0,0
17817,0.2,3,0,0
17818,1.0,0,0,1
17819,0.2,3,0,0
17820,0.2,3,0,0
17821,0.2,3,0,0
17822,1.0,0,1,1
17823,0.2,3,0,0
17824,0.2,3,0,0
17825,0.2,3,0,0
17826,0.2,3,0,0
17827,0.2,3,0,0
17828,0.2,3,0,0
17829,2.2,0,0,1
17830,1.0,0,1,0
17831,0.2,3,0,0
17832,1.0,0,1,1
17833,1.0,0,1,1
17834,1.0,0,1,1
17835,1.0,0,1,1
17836,1.0,0,1,0
17837,1.0,0,1,1
17838,1.0,0,1,1
17839,1.0,0,1,1
17840,0.2,3,0,0
17841,1.0,0,1,1
17842,0.6000000000000001,0,0,0
17843,1.0,0,1,1
17844,1.0,0,1,1
17845,1.0,0,1,1
17846,0.2,3,0,0
17847,3.0,0,0,1
17848,0.2,3,0,0
17849,0.2,3,0,0
17850,0.2,3,0,0
17851,1.0,0,1,0
17852,0.2,3,0,0
17853,1.0,0,1,1
17854,0.2,3,0,0
17855,2.2,0,1,1
17856,0.2,3,0,0
17857,1.0,0,1,1
17858,0.2,3,0,0
17859,0.2,3,0,0
17860,1.0,0,1,1
17861,1.0,0,1,1
17862,0.2,0,0,1
17863,1.0,0,1,1
17864,0.2,0,0,1
17865,1.0,0,1,1
17866,0.2,3,0,0
17867,0.2,3,0,0
17868,1.0,0,1,1
17869,0.2,3,0,0
17870,0.2,3,0,0
17871,0.2,3,0,0
17872,1.0,0,1,1
17873,0.2,3,0,0
17874,0.2,3,0,0
17875,0.2,3,0,0
17876,1.0,0,1,1
17877,1.0,0,1,1
17878,0.2,3,0,0
17879,1.0,0,1,1
17880,1.0,0,1,1
17881,1.0,0,1,1
17882,0.2,3,0,0
17883,1.0,0,1,1
17884,1.0,0,1,1
17885,0.2,0,0,1
17886,0.2,3,0,1
17887,0.2,0,0,1
17888,1.0,0,1,1
17889,0.2,3,0,0
17890,0.2,3,0,0
17891,0.2,3,0,0
17892,1.0,0,1,1
17893,0.2,3,0,0
17894,1.0,0,1,0
17895,0.2,0,0,1
17896,1.0,0,1,1
17897,1.0,0,1,1
17898,0.2,0,0,1
17899,0.2,3,0,0
17900,1.0,0,1,1
17901,1.0,0,1,1
17902,1.0,0,1,1
17903,3.4000000000000004,0,1,1
17904,0.2,3,0,0
17905,1.0,0,1,1
17906,1.0,0,1,1
17907,0.2,3,0,1
17908,1.0,0,1,1
17909,0.2,3,0,0
17910,1.0,0,1,1
17911,0.2,0,0,1
17912,1.0,0,1,1
17913,0.2,3,0,0
17914,0.2,3,0,0
17915,1.0,0,1,1
17916,0.2,0,0,1
17917,0.2,0,0,1
17918,1.0,0,1,1
17919,3.0,0,1,1
17920,1.0,0,1,1
17921,1.0,3,1,0
17922,0.2,3,0,0
17923,0.2,3,0,0
17924,1.0,0,0,1
17925,1.0,0,1,1
17926,0.2,3,0,0
17927,0.2,0,0,0
17928,0.2,0,0,1
17929,1.0,3,1,0
17930,1.0,0,1,1
17931,3.0,2,1,0
17932,1.0,0,1,1
17933,1.0,3,1,0
17934,1.0,0,1,1
17935,0.2,3,0,0
17936,0.2,3,0,0
17937,0.2,3,0,1
17938,1.0,0,0,1
17939,0.2,3,0,0
17940,0.2,3,0,0
17941,0.2,3,0,0
17942,0.2,0,0,1
17943,0.2,3,0,0
17944,1.4,1,1,0
17945,0.2,3,0,0
17946,0.2,3,0,1
17947,0.2,3,0,0
17948,0.2,3,0,0
17949,1.0,0,0,1
17950,1.0,0,1,1
17951,1.0,0,1,1
17952,1.0,0,1,1
17953,0.2,3,0,0
17954,0.2,3,0,0
17955,1.0,0,0,1
17956,1.0,0,1,1
17957,0.2,3,0,0
17958,0.2,3,0,0
17959,1.0,0,1,1
17960,0.2,3,0,0
17961,0.2,3,0,0
17962,1.0,0,1,1
17963,1.0,0,1,1
17964,1.0,0,1,1
17965,0.2,3,0,0
17966,1.0,0,0,1
17967,1.0,0,1,1
17968,1.8,2,1,0
17969,1.0,0,0,1
17970,1.0,0,1,1
17971,0.2,3,0,1
17972,1.0,0,1,1
17973,1.0,0,1,1
17974,0.2,3,0,0
17975,1.4,1,0,0
17976,0.2,3,1,0
17977,3.0,0,1,1
17978,1.8,0,0,1
17979,1.0,0,1,1
17980,0.2,3,0,0
17981,0.2,3,0,0
17982,1.0,0,1,1
17983,1.0,0,1,1
17984,0.2,3,0,0
17985,1.0,0,1,1
17986,0.2,3,0,0
17987,1.0,0,1,1
17988,0.2,3,0,0
17989,3.4000000000000004,0,1,1
17990,3.8,0,0,1
17991,0.2,3,0,0
17992,3.8,0,1,0
17993,0.2,3,0,0
17994,0.2,3,0,0
17995,1.0,0,0,1
17996,0.2,3,0,0
17997,3.0,2,0,0
17998,0.2,3,0,0
17999,2.2,0,0,1
