,R,Q,A,Y
0,1.0,2,1,1
1,1.0,2,1,0
2,0.2,0,0,0
3,0.2,2,0,0
4,1.0,0,0,1
5,0.2,1,0,0
6,1.0,1,1,1
7,1.0,1,1,0
8,0.2,3,0,0
9,1.0,3,1,1
10,0.2,2,0,0
11,0.2,2,0,0
12,1.0,2,0,0
13,0.2,1,0,0
14,1.0,1,1,1
15,1.0,1,1,1
16,0.2,3,0,0
17,1.0,1,1,1
18,2.2,1,1,1
19,1.0,2,1,1
20,0.2,0,0,0
21,1.0,0,1,1
22,1.0,1,1,1
23,1.0,2,1,1
24,1.0,1,1,0
25,2.2,2,1,1
26,0.2,2,0,0
27,1.0,2,1,1
28,1.0,3,1,1
29,1.0,2,1,1
30,3.0,1,1,1
31,0.2,2,0,0
32,0.2,0,0,0
33,2.2,1,1,1
34,0.2,1,0,0
35,2.2,1,1,1
36,1.0,2,1,0
37,1.0,3,0,1
38,0.2,3,0,0
39,0.2,3,0,0
40,2.2,2,1,1
41,1.0,3,1,1
42,0.2,0,0,1
43,0.2,2,0,1
44,2.2,2,1,1
45,1.0,1,0,1
46,1.0,1,1,1
47,0.2,2,0,0
48,1.0,2,1,1
49,0.2,2,0,0
50,1.0,2,1,0
51,0.2,2,0,0
52,1.0,2,0,0
53,1.0,1,1,1
54,0.2,2,0,0
55,1.0,1,1,0
56,1.0,1,1,0
57,1.0,1,1,0
58,1.0,2,1,1
59,0.2,1,0,0
60,0.2,1,0,0
61,1.0,1,0,1
62,1.0,1,1,1
63,1.0,3,1,1
64,1.0,1,1,1
65,0.2,2,0,0
66,2.2,2,1,1
67,0.2,0,0,0
68,0.2,2,0,0
69,0.2,2,0,0
70,0.2,2,0,0
71,1.0,1,1,0
72,0.2,1,0,0
73,0.2,2,0,0
74,0.2,1,0,0
75,1.0,2,1,1
76,1.0,2,1,1
77,0.2,2,0,0
78,1.0,2,1,0
79,2.2,3,1,1
80,1.0,1,1,1
81,0.2,1,0,0
82,0.2,1,0,1
83,0.2,1,0,0
84,2.2,2,1,1
85,0.2,0,0,0
86,1.0,1,1,1
87,1.0,0,1,1
88,1.0,1,1,0
89,1.0,1,1,1
90,1.0,2,1,1
91,0.2,2,0,0
92,1.0,3,1,1
93,0.2,3,0,0
94,1.0,2,1,1
95,2.2,2,0,1
96,0.2,2,0,0
97,0.2,1,0,0
98,1.0,1,1,1
99,0.2,2,0,0
100,2.2,3,1,1
101,1.0,3,0,1
102,1.0,2,0,1
103,0.2,1,0,0
104,0.2,2,0,0
105,1.0,1,1,1
106,0.2,1,0,0
107,1.0,2,0,0
108,1.0,0,1,1
109,1.0,2,1,1
110,0.2,0,0,0
111,1.0,2,1,0
112,1.0,0,1,0
113,0.2,3,0,0
114,1.0,0,1,1
115,1.0,2,0,1
116,0.2,0,0,0
117,1.0,2,1,1
118,1.0,1,0,0
119,1.0,1,0,1
120,1.0,1,0,1
121,0.2,3,0,0
122,0.2,3,0,0
123,1.0,2,1,1
124,0.2,2,0,0
125,2.2,2,1,1
126,1.0,2,1,1
127,2.2,2,1,1
128,0.2,2,0,0
129,1.0,3,1,0
130,2.2,0,1,1
131,0.2,3,0,0
132,0.2,1,0,0
133,1.0,2,1,1
134,2.2,2,1,1
135,0.2,2,0,0
136,1.0,1,1,1
137,1.0,2,1,1
138,1.0,2,1,0
139,2.2,1,1,1
140,0.2,2,0,0
141,0.2,1,0,0
142,2.2,1,1,1
143,1.0,1,0,0
144,1.0,2,1,1
145,1.0,3,1,0
146,1.0,1,0,0
147,2.2,1,1,1
148,1.0,1,1,1
149,1.0,2,1,1
150,1.0,2,0,1
151,1.0,1,1,0
152,1.0,1,1,0
153,0.2,2,0,0
154,1.0,3,1,1
155,0.2,1,0,0
156,0.2,1,0,1
157,1.0,3,0,0
158,2.2,1,0,1
159,1.0,2,1,0
160,0.2,0,0,0
161,1.0,1,1,0
162,0.2,1,0,1
163,0.2,1,0,0
164,0.2,2,0,0
165,0.2,2,0,0
166,1.0,2,1,1
167,1.0,2,1,1
168,0.2,1,0,0
169,0.2,1,0,1
170,1.0,1,1,0
171,1.0,1,1,1
172,2.2,1,1,1
173,0.2,3,0,0
174,2.2,2,0,1
175,0.2,2,0,0
176,0.2,0,0,0
177,1.0,1,1,0
178,1.0,2,1,1
179,0.2,2,0,0
180,2.2,3,1,1
181,2.2,2,1,1
182,1.0,0,1,1
183,1.0,2,1,1
184,0.2,2,0,0
185,1.0,2,1,1
186,2.2,3,1,1
187,0.2,1,0,0
188,1.0,2,1,0
189,1.0,0,1,1
190,1.0,1,1,1
191,0.2,2,0,0
192,1.0,0,1,1
193,0.2,2,0,0
194,1.0,2,1,0
195,2.2,1,1,1
196,0.6000000000000001,2,1,0
197,0.2,1,0,0
198,1.0,2,1,0
199,0.2,2,0,0
200,1.0,1,1,0
201,2.2,3,0,1
202,2.2,2,1,1
203,0.2,3,0,0
204,0.2,2,0,0
205,1.0,2,1,1
206,1.0,1,1,0
207,1.0,0,1,1
208,0.2,3,0,0
209,0.2,2,0,0
210,1.0,2,1,0
211,1.0,3,1,1
212,2.2,1,1,1
213,0.2,3,0,0
214,2.2,1,1,1
215,1.0,2,1,1
216,1.0,1,1,0
217,0.2,2,0,0
218,1.0,1,0,0
219,2.2,2,1,1
220,0.2,3,0,0
221,1.0,1,0,1
222,1.0,1,1,0
223,0.2,1,0,0
224,0.2,1,0,1
225,2.2,1,1,1
226,1.0,2,1,1
227,0.2,2,0,0
228,1.0,1,0,1
229,0.2,1,0,0
230,0.2,2,0,0
231,0.2,2,0,0
232,1.0,1,1,1
233,0.2,2,0,0
234,1.0,1,0,1
235,0.2,2,0,0
236,1.0,0,0,1
237,1.0,2,0,1
238,0.2,2,0,0
239,1.0,1,0,1
240,1.0,0,1,1
241,1.0,3,1,1
242,0.2,2,0,0
243,1.0,3,1,0
244,1.0,3,1,1
245,1.0,0,1,0
246,0.2,2,0,0
247,0.2,3,0,0
248,0.2,3,0,0
249,0.2,1,0,0
250,1.0,1,0,1
251,0.2,1,0,0
252,1.0,2,1,1
253,0.2,2,0,0
254,1.0,2,1,0
255,0.2,2,0,0
256,0.2,1,0,0
257,0.2,2,0,0
258,1.0,1,1,1
259,0.2,1,0,0
260,1.0,2,1,0
261,0.2,3,0,0
262,0.2,3,0,0
263,1.0,1,1,1
264,0.2,2,0,0
265,0.2,2,0,1
266,0.2,2,0,0
267,0.2,2,0,1
268,0.2,2,0,0
269,1.0,1,0,1
270,1.0,2,1,0
271,1.0,2,1,1
272,0.2,3,0,0
273,1.0,3,1,1
274,1.0,3,1,1
275,0.2,2,0,0
276,0.2,1,0,0
277,2.2,1,0,1
278,0.2,3,0,0
279,2.2,3,1,1
280,0.2,3,0,0
281,1.0,3,0,1
282,0.2,2,0,0
283,1.0,1,1,1
284,1.0,1,1,1
285,2.2,0,1,1
286,1.0,0,1,0
287,1.0,1,0,0
288,2.2,3,1,1
289,2.2,1,1,1
290,1.0,1,1,1
291,1.0,2,1,0
292,0.2,1,0,1
293,1.0,2,1,1
294,0.2,2,0,0
295,0.2,1,0,0
296,1.0,1,1,1
297,0.2,2,0,0
298,0.2,3,0,0
299,1.0,2,1,1
300,1.0,1,0,1
301,1.0,0,0,1
302,1.0,2,1,1
303,0.2,3,0,0
304,1.0,2,1,1
305,0.2,1,0,0
306,1.0,2,0,1
307,1.0,1,1,0
308,1.0,1,1,0
309,1.0,1,1,1
310,1.0,3,1,0
311,0.2,1,0,1
312,0.2,1,0,0
313,0.2,0,0,0
314,0.2,3,0,0
315,1.0,0,1,1
316,2.2,2,1,1
317,1.0,2,1,0
318,1.0,1,1,1
319,0.2,2,0,0
320,0.2,2,0,0
321,0.2,3,0,0
322,2.2,1,1,1
323,1.0,2,1,1
324,2.2,2,1,1
325,1.0,1,1,1
326,1.0,2,1,0
327,0.2,1,0,0
328,1.0,2,1,0
329,0.2,1,0,0
330,0.2,0,0,0
331,0.2,2,0,0
332,0.2,0,0,0
333,0.2,1,0,1
334,0.2,2,0,0
335,0.2,1,0,0
336,0.2,1,0,0
337,0.2,0,0,0
338,1.0,2,1,1
339,2.2,3,0,1
340,1.0,2,1,1
341,0.2,0,0,0
342,2.2,3,1,1
343,1.0,3,1,0
344,1.0,0,1,1
345,0.2,1,0,0
346,1.0,1,1,1
347,1.0,1,0,1
348,2.2,2,1,1
349,1.0,1,1,1
350,1.0,2,1,1
351,2.2,1,1,1
352,1.0,3,1,1
353,1.0,1,1,1
354,0.2,3,0,0
355,0.2,2,0,0
356,0.2,3,0,0
357,1.0,2,0,1
358,0.2,1,0,0
359,1.0,3,1,0
360,1.0,2,1,0
361,1.0,3,0,1
362,1.0,1,0,1
363,0.2,1,0,0
364,0.2,1,0,0
365,1.0,2,1,1
366,0.2,0,0,0
367,2.2,1,1,1
368,0.2,1,0,0
369,1.0,1,1,1
370,0.2,2,0,0
371,1.0,2,0,1
372,1.0,2,0,1
373,0.2,2,0,0
374,1.4,2,1,0
375,2.2,0,0,1
376,0.2,3,0,0
377,0.2,3,0,0
378,0.2,1,0,1
379,1.0,2,1,1
380,0.2,2,0,0
381,1.0,0,1,1
382,0.2,0,0,1
383,1.0,2,1,1
384,0.2,1,0,0
385,1.0,1,1,1
386,2.2,0,1,1
387,0.2,2,0,0
388,1.0,0,1,1
389,2.2,0,1,1
390,1.0,2,1,0
391,0.2,2,0,0
392,0.2,2,0,0
393,2.2,0,1,1
394,0.6000000000000001,1,1,0
395,1.0,2,1,1
396,1.0,1,1,0
397,1.0,3,1,1
398,1.0,0,1,1
399,0.2,3,0,0
400,2.2,0,1,1
401,1.0,2,0,0
402,1.0,3,1,1
403,0.2,2,0,0
404,2.2,1,1,1
405,0.2,2,0,0
406,1.0,0,1,0
407,1.0,2,1,1
408,0.2,0,0,0
409,0.2,2,0,0
410,0.2,2,0,0
411,0.2,0,0,0
412,0.2,1,0,0
413,2.2,0,1,1
414,1.0,3,1,1
415,1.0,1,0,1
416,0.2,0,0,0
417,1.0,3,0,1
418,1.0,1,0,0
419,1.0,1,1,0
420,1.0,1,1,1
421,0.2,1,0,0
422,0.2,2,0,0
423,1.0,2,1,0
424,1.0,1,1,1
425,0.2,3,0,0
426,2.2,1,1,1
427,1.0,1,1,1
428,1.0,1,1,1
429,1.0,2,1,1
430,0.2,1,0,0
431,0.2,1,0,1
432,1.0,0,0,1
433,0.2,2,0,0
434,1.0,1,1,1
435,2.2,1,1,1
436,0.2,2,0,0
437,1.0,0,1,1
438,1.0,2,1,0
439,0.2,2,0,0
440,2.2,1,1,1
441,1.0,1,1,0
442,0.2,1,0,0
443,1.0,2,1,1
444,1.0,2,1,1
445,0.2,0,0,0
446,1.0,1,1,1
447,0.2,1,0,0
448,1.0,1,1,1
449,1.0,2,0,1
450,0.2,2,0,0
451,0.2,0,0,0
452,1.0,1,1,1
453,1.0,0,0,1
454,1.0,0,1,1
455,0.2,2,0,0
456,1.0,1,0,1
457,1.0,2,1,1
458,0.2,3,0,1
459,0.2,2,0,0
460,1.0,1,1,1
461,0.2,2,0,0
462,1.0,1,1,1
463,0.2,1,0,0
464,1.0,1,0,1
465,1.0,1,1,1
466,1.0,0,1,1
467,1.0,1,1,1
468,0.2,3,0,0
469,0.2,2,0,0
470,0.2,2,0,0
471,0.2,1,0,0
472,0.2,0,0,0
473,0.2,1,0,0
474,0.2,3,0,0
475,0.2,2,0,0
476,0.2,1,0,1
477,1.0,1,1,0
478,1.0,2,1,1
479,1.0,1,1,1
480,1.0,1,0,1
481,1.0,2,1,1
482,1.0,2,1,1
483,1.0,2,1,0
484,0.2,1,0,0
485,0.2,2,0,0
486,1.0,2,1,1
487,1.0,1,1,1
488,1.0,2,1,0
489,0.2,1,0,0
490,0.2,2,0,0
491,2.2,0,1,1
492,0.2,2,0,0
493,1.0,2,1,0
494,0.2,1,0,0
495,1.0,3,1,1
496,0.2,2,0,0
497,0.2,1,0,0
498,0.2,2,0,0
499,1.0,2,0,1
500,1.0,0,0,1
501,1.0,2,1,1
502,2.2,2,1,1
503,1.0,2,1,1
504,0.2,2,0,0
505,2.2,1,1,1
506,0.2,2,0,0
507,0.2,2,0,0
508,1.0,2,1,1
509,1.0,1,1,0
510,0.2,3,0,0
511,0.2,0,0,0
512,0.2,2,0,1
513,0.2,2,0,0
514,2.2,1,1,1
515,1.0,1,1,1
516,1.0,1,1,0
517,1.0,2,1,1
518,2.2,2,0,1
519,0.2,3,0,0
520,0.2,3,0,0
521,0.2,3,0,0
522,1.0,2,1,1
523,2.2,1,1,1
524,1.0,0,1,1
525,1.0,2,1,0
526,1.0,2,1,1
527,0.2,2,0,0
528,0.2,2,0,0
529,0.2,1,0,0
530,1.0,2,0,0
531,2.2,0,1,1
532,1.0,0,1,1
533,1.0,1,1,1
534,1.0,1,1,1
535,1.0,1,1,1
536,1.0,2,1,1
537,1.0,1,0,1
538,1.0,0,0,0
539,2.2,2,1,1
540,0.2,3,0,0
541,0.2,2,0,0
542,0.2,1,0,0
543,1.0,2,1,0
544,0.2,1,0,0
545,0.2,2,0,0
546,1.0,0,0,0
547,2.2,2,0,1
548,0.2,3,0,0
549,1.0,1,1,0
550,0.2,0,0,0
551,0.2,0,0,0
552,1.0,0,1,1
553,0.2,3,0,0
554,0.2,2,0,0
555,2.2,0,1,1
556,0.2,3,0,0
557,0.2,1,0,0
558,0.2,2,0,0
559,1.0,3,0,0
560,2.2,2,1,1
561,0.2,2,0,0
562,0.2,2,0,0
563,0.2,1,0,0
564,0.2,2,0,0
565,0.2,2,0,0
566,2.2,2,1,1
567,0.2,2,0,0
568,1.0,2,1,1
569,1.0,1,1,1
570,2.2,1,1,1
571,1.0,3,1,1
572,2.2,1,1,1
573,1.0,2,1,0
574,1.0,2,1,1
575,1.0,1,1,1
576,0.2,2,0,0
577,0.2,2,0,0
578,1.0,1,1,1
579,0.2,1,0,0
580,1.0,2,1,1
581,1.0,2,1,1
582,1.0,1,1,0
583,1.0,1,0,1
584,1.4,2,1,0
585,2.2,0,1,1
586,0.2,1,0,0
587,0.2,1,0,0
588,2.2,1,1,1
589,0.2,1,0,0
590,0.2,2,0,0
591,1.0,1,1,1
592,1.0,2,1,1
593,2.2,0,1,1
594,1.0,0,1,1
595,0.2,1,0,0
596,1.0,2,1,1
597,0.2,1,0,0
598,0.2,1,0,0
599,0.2,0,0,0
600,1.0,1,1,1
601,0.2,1,0,0
602,0.2,3,0,0
603,1.0,1,0,0
604,0.2,2,0,1
605,1.0,1,1,0
606,0.2,1,0,0
607,1.0,2,0,1
608,0.2,0,0,0
609,0.2,1,0,0
610,0.2,3,0,0
611,1.0,1,1,1
612,1.0,3,1,1
613,1.0,0,1,1
614,1.0,1,1,1
615,0.2,0,0,0
616,1.0,0,0,1
617,1.0,2,0,0
618,0.2,0,0,0
619,0.2,2,0,0
620,1.0,3,1,1
621,1.0,0,1,1
622,0.2,2,0,0
623,1.0,1,0,1
624,0.2,2,0,0
625,1.0,0,0,1
626,0.2,2,0,0
627,1.0,2,0,0
628,1.0,1,1,1
629,1.0,3,1,1
630,0.2,2,0,0
631,0.2,2,0,0
632,0.2,3,0,0
633,1.0,0,1,0
634,2.2,1,1,1
635,1.0,2,0,0
636,1.0,2,1,1
637,1.0,1,1,1
638,0.2,2,0,0
639,0.2,2,0,1
640,1.0,1,1,1
641,0.2,0,0,0
642,0.2,3,0,0
643,1.0,1,1,1
644,1.0,1,1,1
645,0.2,1,0,0
646,0.2,2,0,0
647,2.2,1,1,1
648,0.2,1,0,0
649,1.0,2,1,1
650,0.2,2,0,0
651,0.2,2,0,0
652,1.0,2,1,0
653,0.2,3,0,0
654,1.0,1,1,1
655,1.0,2,0,1
656,0.2,2,0,0
657,2.2,2,1,1
658,0.2,1,0,0
659,1.0,1,1,1
660,1.0,2,1,0
661,1.0,2,0,1
662,0.2,2,0,0
663,0.2,2,0,0
664,0.2,3,0,0
665,1.0,1,1,0
666,2.2,1,1,1
667,0.2,2,0,1
668,0.2,1,0,0
669,0.2,0,0,0
670,1.0,2,1,1
671,1.0,2,0,0
672,1.0,1,1,0
673,1.0,3,1,1
674,0.2,0,0,0
675,1.0,1,1,0
676,2.2,0,1,1
677,0.2,3,0,0
678,0.2,1,0,0
679,1.0,1,1,1
680,1.0,1,1,0
681,0.2,3,0,0
682,1.0,1,1,0
683,1.0,1,1,1
684,1.0,2,1,1
685,1.0,2,1,1
686,0.2,2,0,1
687,1.0,1,0,1
688,0.2,3,0,1
689,1.0,1,1,1
690,1.0,2,1,1
691,0.2,0,0,0
692,2.2,2,1,1
693,0.2,2,0,0
694,1.0,1,1,0
695,1.0,1,1,1
696,0.2,3,0,0
697,1.0,2,1,1
698,1.0,2,1,1
699,1.0,1,1,1
700,0.2,1,0,0
701,1.0,1,1,0
702,1.0,0,1,1
703,1.0,1,1,1
704,0.2,0,0,1
705,0.2,3,0,0
706,0.2,0,0,0
707,0.2,2,0,0
708,0.2,0,0,0
709,0.2,3,0,0
710,1.0,3,1,0
711,0.2,1,0,0
712,0.2,1,0,0
713,1.0,0,1,1
714,1.0,3,0,1
715,1.0,3,1,1
716,0.2,0,0,1
717,2.2,2,1,1
718,1.0,2,1,1
719,1.0,1,1,1
720,2.2,2,1,1
721,0.2,1,0,0
722,0.2,1,0,1
723,1.0,2,1,0
724,0.2,1,0,0
725,2.2,2,1,1
726,0.2,1,0,0
727,1.0,2,1,1
728,2.2,0,1,1
729,0.2,3,0,0
730,1.0,0,1,0
731,1.0,1,0,0
732,0.2,2,0,0
733,1.0,3,0,1
734,1.0,2,1,1
735,0.2,1,0,0
736,1.0,1,0,1
737,0.2,2,0,1
738,0.2,0,0,0
739,1.0,2,1,0
740,1.0,2,1,1
741,0.2,2,0,0
742,2.2,0,1,1
743,1.0,2,1,1
744,0.2,3,0,0
745,0.2,1,0,0
746,1.0,0,1,1
747,2.2,3,1,1
748,1.0,0,1,0
749,0.2,2,0,0
750,1.0,0,1,1
751,0.2,2,0,0
752,2.2,2,1,1
753,0.2,2,0,0
754,0.2,1,0,0
755,1.0,1,1,1
756,0.2,3,0,0
757,2.2,1,1,1
758,0.2,1,0,0
759,1.0,2,1,0
760,0.2,1,0,0
761,1.0,1,1,0
762,0.2,1,0,0
763,0.2,2,0,0
764,1.0,1,1,1
765,1.0,2,1,1
766,1.0,2,1,1
767,1.0,2,1,1
768,1.0,1,1,0
769,1.0,1,1,1
770,0.2,2,0,0
771,0.2,1,0,0
772,1.0,3,1,1
773,1.0,3,1,1
774,1.0,3,1,1
775,1.0,3,1,1
776,1.0,1,1,0
777,1.0,1,0,0
778,1.0,0,1,1
779,2.2,3,0,1
780,1.0,1,1,0
781,0.2,1,0,0
782,1.0,0,1,1
783,2.2,2,1,1
784,0.2,2,0,0
785,1.0,2,1,1
786,0.2,3,0,1
787,0.2,0,0,0
788,1.0,1,1,1
789,1.0,2,1,1
790,2.2,0,1,1
791,1.0,2,1,1
792,1.0,2,1,0
793,1.0,1,1,0
794,0.2,2,0,0
795,1.0,1,0,0
796,1.0,0,0,1
797,1.0,2,1,1
798,0.2,0,0,0
799,1.0,1,0,1
800,0.2,1,0,0
801,1.0,1,1,0
802,1.0,0,1,1
803,1.0,1,0,1
804,1.0,1,1,1
805,1.0,1,1,1
806,1.0,2,0,1
807,2.2,3,1,1
808,1.0,1,1,0
809,0.2,1,0,0
810,1.0,1,0,0
811,1.0,1,1,1
812,0.2,2,0,0
813,1.0,2,1,1
814,1.0,2,1,1
815,0.2,3,0,0
816,0.2,1,0,0
817,0.2,2,0,0
818,0.2,3,0,0
819,0.2,2,0,1
820,1.0,0,1,0
821,0.2,0,0,1
822,1.0,2,1,1
823,1.0,1,1,0
824,1.0,1,1,1
825,1.0,1,1,1
826,0.2,2,0,0
827,1.0,0,1,1
828,0.2,1,0,0
829,0.2,2,0,1
830,1.0,2,1,1
831,0.2,2,0,0
832,0.2,1,0,1
833,1.0,2,1,0
834,0.2,2,0,0
835,1.0,1,1,1
836,1.0,0,1,1
837,1.0,0,1,1
838,2.2,2,0,1
839,1.0,2,1,0
840,1.0,2,1,1
841,0.2,2,0,0
842,0.2,0,0,0
843,1.0,2,1,1
844,1.0,2,1,1
845,0.2,2,0,1
846,1.0,1,1,0
847,1.0,3,1,1
848,0.2,1,0,0
849,1.0,1,0,0
850,0.2,1,0,0
851,0.2,1,0,0
852,0.2,1,0,0
853,1.0,2,1,0
854,0.2,2,0,0
855,0.2,3,0,0
856,1.0,1,1,1
857,0.2,2,0,0
858,0.2,2,0,0
859,1.0,1,1,0
860,0.2,1,0,0
861,0.2,2,0,0
862,0.2,2,0,0
863,0.2,1,0,0
864,1.0,0,1,1
865,0.2,1,0,0
866,2.2,1,1,1
867,1.0,1,1,1
868,0.2,3,0,0
869,1.0,2,1,1
870,0.2,1,0,0
871,1.0,2,1,0
872,0.2,1,0,0
873,1.0,1,1,1
874,0.2,2,0,0
875,0.2,1,0,0
876,0.2,2,0,0
877,1.0,2,1,1
878,1.0,1,1,1
879,0.2,2,0,0
880,0.2,1,0,0
881,1.0,1,1,1
882,0.2,0,0,0
883,0.2,1,0,0
884,0.2,1,0,0
885,1.0,2,1,1
886,1.0,1,0,0
887,0.2,3,0,0
888,0.2,3,0,0
889,1.0,1,1,0
890,1.0,2,1,0
891,1.0,3,1,1
892,0.2,1,0,0
893,2.2,0,1,1
894,2.2,2,1,1
895,1.0,2,1,1
896,1.0,1,0,1
897,0.2,2,0,1
898,0.2,1,0,0
899,0.2,0,0,0
900,2.2,3,1,1
901,1.0,1,0,1
902,1.0,1,1,0
903,1.0,2,1,1
904,2.2,0,1,1
905,1.0,3,1,0
906,1.0,2,0,1
907,1.0,1,1,1
908,0.2,2,0,0
909,0.2,2,0,0
910,1.0,3,1,1
911,0.2,2,0,0
912,0.2,1,0,0
913,1.0,0,1,1
914,0.2,2,0,0
915,0.2,2,0,0
916,1.0,1,1,0
917,1.0,2,1,1
918,1.0,2,1,1
919,1.0,1,1,1
920,1.0,1,1,0
921,0.2,3,0,0
922,2.2,1,1,1
923,1.0,0,1,1
924,2.2,1,1,0
925,0.2,2,0,0
926,2.2,1,1,1
927,0.2,3,0,0
928,0.2,2,0,0
929,1.0,2,1,1
930,0.2,0,0,0
931,0.2,1,0,0
932,1.0,0,1,1
933,1.0,2,1,1
934,0.2,2,0,0
935,0.2,2,0,0
936,1.0,1,0,1
937,2.2,1,0,1
938,0.2,1,0,1
939,0.2,3,0,0
940,1.0,3,0,0
941,0.2,1,0,0
942,1.0,2,0,0
943,3.0,2,1,1
944,0.2,1,0,0
945,1.0,3,1,0
946,1.0,2,0,1
947,1.0,0,1,1
948,1.0,1,1,1
949,0.2,1,0,0
950,1.0,2,0,1
951,0.2,2,0,0
952,1.0,0,1,1
953,0.2,2,0,0
954,0.2,2,0,0
955,1.0,2,1,1
956,1.0,2,1,1
957,0.2,1,0,0
958,1.0,0,1,1
959,1.0,3,1,0
960,0.2,3,0,0
961,0.2,1,0,0
962,0.2,2,0,1
963,0.2,2,0,0
964,0.2,3,0,0
965,0.2,3,0,0
966,0.2,3,0,0
967,1.0,1,1,1
968,0.2,2,0,0
969,0.2,1,0,0
970,2.2,2,1,1
971,0.2,1,0,0
972,1.0,1,1,1
973,1.0,3,1,1
974,0.2,3,0,0
975,1.0,3,1,0
976,0.2,3,0,0
977,0.2,1,0,0
978,0.2,3,0,0
979,0.2,1,0,0
980,1.0,1,1,1
981,0.2,2,0,0
982,1.0,3,0,1
983,1.0,1,0,1
984,1.0,1,1,1
985,0.2,1,0,1
986,0.2,1,0,0
987,1.0,1,1,1
988,0.2,2,0,0
989,1.0,2,0,0
990,0.2,1,0,1
991,0.2,3,0,0
992,0.2,1,0,0
993,0.2,1,0,0
994,1.0,1,0,0
995,1.0,2,1,0
996,1.0,1,1,1
997,2.5999999999999996,1,1,0
998,0.2,1,0,0
999,0.2,1,0,0
1000,0.2,2,0,0
1001,0.2,2,0,1
1002,0.2,3,0,0
1003,1.0,0,1,1
1004,1.0,0,1,1
1005,1.0,2,0,0
1006,0.2,0,0,0
1007,0.2,2,0,0
1008,0.2,2,0,0
1009,2.2,0,1,1
1010,1.0,3,1,1
1011,1.0,2,1,1
1012,0.2,1,0,0
1013,1.0,3,0,0
1014,0.2,2,0,0
1015,0.2,2,0,0
1016,0.2,2,0,0
1017,1.0,0,0,1
1018,1.0,1,1,0
1019,0.2,2,0,0
1020,1.0,1,1,0
1021,1.0,2,1,0
1022,0.2,2,0,0
1023,1.0,2,1,1
1024,1.0,2,1,0
1025,1.0,2,1,0
1026,0.2,2,0,1
1027,2.2,2,1,1
1028,1.0,2,1,0
1029,0.2,3,0,0
1030,0.2,3,0,0
1031,0.2,2,0,0
1032,0.2,1,0,0
1033,1.0,1,1,1
1034,0.2,2,0,0
1035,0.2,0,0,1
1036,1.0,2,1,0
1037,2.2,0,1,1
1038,1.0,3,1,1
1039,1.0,2,1,1
1040,0.2,1,0,0
1041,2.2,2,1,1
1042,1.0,3,1,0
1043,1.0,3,1,0
1044,1.0,2,1,1
1045,0.2,1,0,0
1046,0.2,2,0,0
1047,0.2,3,0,1
1048,1.0,3,1,1
1049,2.2,2,1,1
1050,2.2,1,1,1
1051,1.0,2,0,1
1052,0.2,1,0,0
1053,1.0,1,0,1
1054,1.0,1,1,0
1055,2.2,3,1,1
1056,0.2,0,0,0
1057,0.2,2,0,1
1058,1.0,1,1,1
1059,0.2,2,0,0
1060,0.2,1,0,0
1061,3.4000000000000004,2,1,1
1062,1.0,2,1,0
1063,0.2,2,0,0
1064,0.2,2,0,0
1065,1.0,3,1,0
1066,1.0,2,0,0
1067,1.0,2,0,0
1068,0.2,0,0,0
1069,1.0,2,1,1
1070,0.2,2,0,0
1071,2.2,2,1,1
1072,0.2,2,0,0
1073,0.2,2,0,0
1074,2.2,0,1,1
1075,1.0,2,1,1
1076,0.2,0,0,0
1077,2.2,1,1,1
1078,1.0,2,1,1
1079,0.2,3,0,0
1080,1.0,2,0,1
1081,0.2,2,0,0
1082,0.2,1,0,0
1083,1.0,2,1,0
1084,0.2,0,0,0
1085,1.0,1,1,1
1086,1.0,2,1,1
1087,0.2,2,0,0
1088,0.2,1,0,0
1089,1.0,2,1,1
1090,1.0,1,1,1
1091,1.0,3,1,1
1092,0.2,2,0,0
1093,0.2,1,0,0
1094,1.0,2,1,1
1095,0.2,1,0,1
1096,0.2,2,0,0
1097,2.2,3,1,1
1098,0.2,1,0,0
1099,1.0,1,1,1
1100,1.0,2,0,0
1101,1.0,2,1,0
1102,1.0,1,1,1
1103,1.0,2,1,0
1104,1.0,1,1,1
1105,1.0,1,1,1
1106,2.2,3,1,1
1107,1.8,2,1,0
1108,0.2,2,0,0
1109,1.0,1,1,1
1110,0.2,2,0,0
1111,1.0,2,1,1
1112,2.2,0,1,1
1113,1.0,0,1,1
1114,1.0,3,1,0
1115,0.2,1,0,0
1116,1.0,1,1,0
1117,0.2,3,0,0
1118,0.2,1,0,0
1119,2.2,2,1,1
1120,0.2,3,0,0
1121,0.2,1,0,0
1122,0.2,1,0,0
1123,1.0,1,1,0
1124,1.0,3,1,0
1125,1.0,1,0,0
1126,0.2,3,0,0
1127,1.0,1,1,0
1128,0.2,1,0,0
1129,1.0,1,1,1
1130,1.0,2,1,1
1131,1.0,0,1,1
1132,0.2,2,0,0
1133,1.0,2,1,1
1134,1.0,1,1,1
1135,0.2,2,0,0
1136,1.0,2,1,1
1137,1.0,1,0,0
1138,2.2,0,0,1
1139,1.0,3,0,0
1140,1.0,2,1,1
1141,2.2,1,1,1
1142,0.2,0,0,1
1143,0.2,1,0,0
1144,1.0,2,1,1
1145,1.0,2,1,1
1146,1.0,1,0,0
1147,2.2,1,1,1
1148,2.2,0,1,1
1149,2.5999999999999996,2,1,1
1150,1.0,2,1,1
1151,1.0,2,1,0
1152,0.2,2,0,0
1153,1.0,2,1,1
1154,1.0,1,1,1
1155,1.0,0,0,1
1156,2.2,2,1,1
1157,1.0,2,1,1
1158,1.0,1,1,1
1159,1.0,1,1,0
1160,1.0,1,1,0
1161,1.0,1,1,0
1162,0.2,2,0,0
1163,2.2,3,1,1
1164,1.0,1,0,0
1165,1.0,0,1,0
1166,0.2,1,0,0
1167,3.8,1,1,0
1168,0.2,0,0,0
1169,1.0,3,1,1
1170,0.2,2,0,0
1171,2.2,2,0,1
1172,0.2,1,0,0
1173,1.0,2,1,1
1174,0.2,1,0,0
1175,1.0,2,1,0
1176,2.2,1,1,1
1177,1.0,1,1,0
1178,0.2,0,0,0
1179,0.2,2,0,0
1180,1.0,3,1,1
1181,0.2,1,0,0
1182,1.0,3,1,1
1183,0.2,2,0,0
1184,0.2,2,0,0
1185,1.0,0,1,1
1186,0.2,2,0,0
1187,1.0,1,1,1
1188,0.2,1,0,0
1189,0.2,3,0,1
1190,0.2,2,0,0
1191,0.2,2,0,0
1192,1.0,1,1,1
1193,1.0,0,1,1
1194,0.2,1,0,0
1195,1.0,2,0,1
1196,0.2,2,0,0
1197,0.2,1,0,0
1198,1.0,2,1,0
1199,1.0,0,1,1
1200,1.0,3,0,0
1201,0.2,0,0,0
1202,2.2,1,0,1
1203,1.0,1,1,0
1204,0.2,1,0,0
1205,0.2,1,0,0
1206,0.2,2,0,0
1207,1.0,1,1,1
1208,1.0,1,0,1
1209,1.0,2,1,1
1210,1.0,1,1,1
1211,1.0,1,1,1
1212,1.0,2,1,1
1213,1.0,2,1,0
1214,0.2,2,0,0
1215,1.0,0,1,1
1216,1.0,2,0,0
1217,0.2,2,0,0
1218,0.2,1,0,1
1219,0.2,3,0,1
1220,1.0,1,0,0
1221,1.0,1,1,1
1222,1.0,2,1,0
1223,1.0,1,1,1
1224,2.2,1,1,1
1225,1.0,1,1,1
1226,1.0,1,1,1
1227,0.2,2,0,0
1228,1.0,1,1,1
1229,1.0,3,1,1
1230,0.2,2,0,0
1231,1.0,2,1,1
1232,0.2,1,0,0
1233,1.0,1,1,1
1234,0.2,0,0,0
1235,1.0,1,0,1
1236,0.2,3,0,0
1237,0.2,3,0,0
1238,1.0,2,1,1
1239,0.2,2,0,0
1240,1.0,1,1,1
1241,0.2,1,0,0
1242,2.2,2,1,1
1243,1.0,0,1,1
1244,0.2,0,0,1
1245,1.0,0,0,1
1246,1.0,1,1,1
1247,1.0,3,1,1
1248,1.0,2,1,0
1249,0.2,1,0,1
1250,1.0,3,1,1
1251,2.2,2,1,1
1252,0.2,1,0,0
1253,1.0,1,1,1
1254,1.0,2,1,1
1255,0.2,3,0,0
1256,0.2,1,0,0
1257,1.0,1,1,1
1258,2.2,2,1,1
1259,0.2,1,0,1
1260,1.0,0,1,0
1261,0.2,2,0,0
1262,2.2,1,1,1
1263,0.2,1,0,1
1264,1.0,2,1,1
1265,1.0,1,0,0
1266,1.0,2,1,1
1267,2.2,1,1,1
1268,0.2,2,0,0
1269,0.2,2,0,0
1270,2.2,1,0,1
1271,1.0,0,0,1
1272,1.0,1,1,1
1273,1.0,1,1,0
1274,0.2,0,0,0
1275,0.2,2,0,0
1276,1.0,1,1,1
1277,0.2,1,0,1
1278,3.8,1,1,0
1279,1.0,3,0,0
1280,1.0,2,1,0
1281,1.0,1,1,1
1282,1.0,2,1,0
1283,2.2,2,1,1
1284,1.0,1,1,0
1285,1.0,1,1,1
1286,1.0,3,1,1
1287,1.0,1,0,0
1288,1.0,1,1,0
1289,1.0,2,1,0
1290,1.0,1,1,1
1291,1.0,1,1,1
1292,1.0,2,1,0
1293,1.0,2,1,0
1294,1.0,2,1,1
1295,0.2,1,0,1
1296,0.2,2,0,1
1297,1.0,2,0,0
1298,0.2,3,0,0
1299,0.2,1,0,0
1300,2.2,2,1,1
1301,2.2,1,1,1
1302,2.2,2,1,1
1303,2.2,1,1,1
1304,1.0,3,1,0
1305,1.0,2,1,1
1306,0.2,2,0,1
1307,1.0,0,1,0
1308,1.0,1,1,1
1309,1.0,1,0,1
1310,1.0,2,1,1
1311,1.0,2,1,1
1312,1.0,3,1,0
1313,0.2,1,0,0
1314,1.0,1,0,1
1315,0.2,1,0,0
1316,0.2,0,0,0
1317,1.0,1,1,1
1318,0.2,2,0,0
1319,1.0,0,1,1
1320,0.2,0,0,0
1321,1.0,3,1,1
1322,1.0,2,1,1
1323,0.2,1,0,0
1324,0.2,2,0,0
1325,0.2,2,0,0
1326,2.2,1,1,1
1327,1.0,1,1,1
1328,1.0,0,0,1
1329,2.2,1,1,1
1330,1.0,1,1,0
1331,0.2,2,0,0
1332,2.2,0,1,1
1333,1.0,2,1,1
1334,0.2,1,0,0
1335,0.2,2,0,0
1336,1.0,2,1,1
1337,1.0,1,1,1
1338,2.2,3,1,1
1339,0.2,1,0,0
1340,0.2,1,0,0
1341,0.2,1,0,0
1342,1.0,2,0,1
1343,1.0,0,1,0
1344,0.2,2,0,1
1345,0.2,2,0,1
1346,2.2,1,1,1
1347,0.2,1,0,0
1348,0.2,2,0,0
1349,1.0,2,1,1
1350,1.0,2,1,0
1351,0.2,1,0,1
1352,0.2,2,0,1
1353,1.0,1,0,0
1354,1.0,2,1,0
1355,1.0,2,1,0
1356,1.0,1,1,1
1357,0.2,1,0,0
1358,1.0,0,1,1
1359,1.0,0,1,1
1360,1.0,2,1,1
1361,0.2,1,0,0
1362,0.2,2,0,0
1363,1.0,2,1,1
1364,0.2,1,0,0
1365,0.2,2,0,1
1366,0.2,2,0,0
1367,1.0,2,1,0
1368,0.2,0,0,0
1369,1.0,3,1,0
1370,1.0,3,1,1
1371,1.0,2,1,0
1372,1.0,1,1,1
1373,0.2,3,0,0
1374,1.0,1,1,1
1375,1.0,2,1,1
1376,1.0,2,1,1
1377,0.2,2,0,1
1378,0.2,0,0,0
1379,1.0,1,1,1
1380,0.2,0,0,0
1381,1.0,2,0,1
1382,0.2,2,0,0
1383,1.0,3,1,1
1384,1.0,3,1,0
1385,0.2,3,0,0
1386,1.0,3,1,0
1387,1.0,3,1,0
1388,1.0,0,1,0
1389,2.2,0,1,1
1390,1.0,2,1,1
1391,1.0,0,1,1
1392,1.0,2,1,0
1393,0.2,3,0,0
1394,1.0,1,1,1
1395,0.2,1,0,1
1396,2.2,2,1,1
1397,0.2,2,0,0
1398,1.0,0,1,0
1399,0.2,2,0,0
1400,2.2,0,1,1
1401,0.2,2,0,0
1402,0.2,0,0,0
1403,2.2,3,1,1
1404,1.0,2,1,1
1405,0.2,2,0,0
1406,0.2,1,0,0
1407,0.2,2,0,0
1408,1.0,2,1,1
1409,0.2,3,0,0
1410,1.0,2,1,0
1411,0.2,3,0,0
1412,1.0,1,1,1
1413,0.2,2,0,0
1414,0.2,2,0,0
1415,1.0,1,0,1
1416,0.2,2,0,0
1417,1.0,1,1,1
1418,0.2,2,0,0
1419,1.0,0,1,0
1420,0.2,0,0,1
1421,1.0,1,1,1
1422,1.0,2,0,1
1423,0.2,2,0,0
1424,2.2,1,1,1
1425,1.0,2,0,0
1426,1.0,2,1,1
1427,1.0,1,1,1
1428,1.0,2,1,1
1429,1.0,1,1,1
1430,1.0,2,1,1
1431,2.2,2,1,1
1432,1.0,2,1,1
1433,0.2,3,0,0
1434,2.2,1,1,1
1435,0.2,1,0,0
1436,0.2,1,0,0
1437,0.2,1,0,0
1438,0.2,2,0,0
1439,1.0,3,1,1
1440,0.2,1,0,0
1441,0.2,0,0,0
1442,1.0,1,1,0
1443,1.0,3,1,0
1444,1.0,2,0,1
1445,2.2,3,1,1
1446,0.2,2,0,0
1447,0.2,2,0,0
1448,1.0,3,1,1
1449,0.2,3,0,0
1450,0.2,1,0,0
1451,0.2,1,0,0
1452,1.0,3,0,0
1453,1.0,2,1,1
1454,1.0,1,1,1
1455,1.0,2,1,0
1456,0.2,3,0,0
1457,1.0,3,1,1
1458,1.0,2,1,1
1459,1.0,2,1,1
1460,1.0,0,1,0
1461,1.0,3,1,1
1462,2.2,1,1,1
1463,0.2,3,0,0
1464,0.2,2,0,0
1465,1.0,1,1,0
1466,1.0,1,1,1
1467,0.2,1,0,0
1468,1.0,2,0,1
1469,1.0,1,1,1
1470,0.2,1,0,0
1471,0.2,2,0,0
1472,2.2,3,1,1
1473,0.2,1,0,1
1474,1.0,0,1,1
1475,1.0,2,1,1
1476,1.0,2,1,0
1477,2.2,2,1,1
1478,1.0,2,1,1
1479,1.0,1,1,1
1480,1.0,3,1,0
1481,1.0,1,1,1
1482,1.0,3,1,1
1483,1.0,1,1,1
1484,1.0,1,0,0
1485,1.0,1,0,1
1486,0.2,1,0,0
1487,0.2,3,0,0
1488,0.2,1,0,0
1489,0.2,3,0,0
1490,2.2,1,1,1
1491,1.0,3,1,1
1492,2.2,3,1,1
1493,1.0,1,0,0
1494,0.2,1,0,0
1495,0.2,1,0,0
1496,1.0,1,1,1
1497,1.0,0,1,0
1498,0.2,2,0,0
1499,2.2,2,1,1
1500,1.0,1,1,1
1501,2.2,1,1,1
1502,1.0,1,1,1
1503,1.0,2,1,1
1504,1.0,2,1,1
1505,1.0,0,1,0
1506,0.2,3,0,0
1507,0.2,2,0,0
1508,2.2,0,0,1
1509,1.0,1,1,1
1510,2.2,0,0,1
1511,0.2,2,0,0
1512,1.0,1,0,1
1513,0.2,1,0,0
1514,0.2,2,0,0
1515,1.0,2,1,1
1516,1.0,1,1,0
1517,1.0,2,1,0
1518,2.2,3,1,1
1519,0.2,2,0,0
1520,0.2,2,0,0
1521,1.0,1,1,1
1522,2.2,2,0,1
1523,0.2,1,0,0
1524,1.0,1,0,1
1525,1.0,0,1,1
1526,1.0,1,1,1
1527,0.2,1,0,0
1528,0.2,3,0,0
1529,2.2,2,0,1
1530,1.0,3,1,1
1531,1.0,2,0,1
1532,0.2,1,0,0
1533,0.2,1,0,0
1534,1.0,1,1,1
1535,1.0,2,0,1
1536,0.2,2,0,0
1537,1.0,1,0,0
1538,2.2,1,1,1
1539,0.2,1,0,0
1540,1.0,3,0,1
1541,0.2,1,0,0
1542,1.0,2,1,1
1543,0.2,1,0,0
1544,0.2,2,0,0
1545,1.0,1,1,0
1546,1.0,1,0,0
1547,1.0,2,1,0
1548,0.2,3,0,0
1549,0.2,1,0,1
1550,0.2,1,0,0
1551,1.0,1,1,0
1552,1.0,1,1,1
1553,0.2,1,0,0
1554,1.0,2,1,1
1555,0.2,2,0,0
1556,0.2,0,0,0
1557,2.2,2,1,1
1558,1.0,0,1,1
1559,1.0,2,1,1
1560,1.0,3,1,1
1561,1.0,1,1,1
1562,0.2,2,0,0
1563,0.2,3,0,0
1564,0.2,3,0,0
1565,0.2,2,0,0
1566,1.0,2,1,1
1567,1.0,1,0,1
1568,1.0,3,0,0
1569,0.2,3,0,0
1570,0.2,2,0,0
1571,0.2,1,0,0
1572,0.2,0,0,1
1573,0.2,2,0,1
1574,0.2,2,0,0
1575,0.2,3,0,0
1576,1.4,2,1,0
1577,1.0,3,1,1
1578,0.2,1,0,0
1579,0.2,1,0,0
1580,0.2,2,0,0
1581,1.0,1,1,1
1582,0.2,1,0,0
1583,0.2,3,0,0
1584,1.0,2,1,0
1585,1.0,1,1,1
1586,1.0,3,0,0
1587,0.2,1,0,1
1588,1.0,1,1,1
1589,2.5999999999999996,0,1,1
1590,0.2,2,0,0
1591,0.2,2,0,0
1592,1.0,2,1,0
1593,0.2,3,0,0
1594,1.0,3,1,0
1595,0.2,3,0,0
1596,1.0,1,1,1
1597,1.0,1,1,1
1598,1.0,2,1,1
1599,1.0,2,1,1
1600,2.2,1,1,1
1601,1.0,2,1,1
1602,1.0,1,1,1
1603,1.0,1,1,0
1604,1.0,1,1,1
1605,2.2,1,1,1
1606,1.0,0,1,0
1607,0.2,2,0,0
1608,1.0,3,1,0
1609,1.0,2,1,0
1610,0.2,1,0,1
1611,1.0,2,1,1
1612,1.0,0,1,1
1613,0.2,0,0,0
1614,0.2,1,0,0
1615,1.0,1,1,1
1616,0.2,1,0,0
1617,0.2,2,0,0
1618,1.0,2,1,1
1619,0.2,2,0,0
1620,1.0,2,1,0
1621,1.0,3,1,1
1622,0.2,2,0,0
1623,1.0,1,1,0
1624,0.2,1,0,0
1625,1.0,2,1,0
1626,2.2,3,1,1
1627,0.2,1,0,0
1628,1.0,2,1,0
1629,1.0,2,1,1
1630,1.0,3,1,1
1631,0.2,1,0,1
1632,2.2,2,1,1
1633,1.0,2,1,1
1634,0.2,1,0,0
1635,1.0,1,1,0
1636,2.2,2,1,1
1637,1.0,2,1,1
1638,1.0,2,1,0
1639,0.2,1,0,0
1640,2.2,1,1,1
1641,2.2,3,1,1
1642,1.0,1,1,1
1643,0.2,2,0,0
1644,1.0,3,1,1
1645,1.0,2,1,0
1646,0.2,2,0,0
1647,0.2,0,0,0
1648,0.2,2,0,0
1649,0.2,2,0,0
1650,1.0,1,0,1
1651,0.6000000000000001,1,1,1
1652,0.2,1,0,0
1653,2.2,0,1,1
1654,0.2,1,0,0
1655,2.2,2,1,1
1656,0.2,3,0,0
1657,0.2,3,0,0
1658,2.2,0,1,1
1659,0.2,1,0,0
1660,2.2,2,0,1
1661,1.0,1,1,1
1662,2.2,3,1,1
1663,0.2,2,0,0
1664,0.2,0,0,0
1665,1.0,1,1,1
1666,1.0,3,1,0
1667,1.0,2,1,1
1668,0.2,3,0,0
1669,0.2,2,0,0
1670,0.2,2,0,0
1671,1.0,0,0,1
1672,3.8,2,1,0
1673,0.2,2,0,0
1674,0.2,3,0,0
1675,1.0,1,1,1
1676,1.0,1,0,1
1677,1.0,1,0,1
1678,2.2,1,1,1
1679,0.2,3,0,0
1680,2.2,0,1,1
1681,1.0,1,1,1
1682,0.2,3,0,0
1683,1.0,2,1,0
1684,1.0,2,1,1
1685,0.2,1,0,0
1686,1.0,1,1,1
1687,1.0,0,1,1
1688,2.2,2,1,1
1689,1.0,0,1,1
1690,1.0,1,1,1
1691,1.0,1,1,1
1692,1.0,2,1,0
1693,0.2,0,0,0
1694,0.2,3,0,0
1695,1.0,2,1,0
1696,1.0,2,0,1
1697,0.2,2,0,0
1698,0.2,2,0,0
1699,0.2,2,0,0
1700,1.0,0,1,0
1701,1.0,1,0,1
1702,1.0,2,1,0
1703,1.0,1,0,1
1704,2.2,2,1,1
1705,0.2,1,0,0
1706,0.2,0,0,0
1707,0.2,2,0,0
1708,1.0,1,1,1
1709,1.0,2,1,1
1710,1.0,1,0,1
1711,0.2,1,0,1
1712,1.0,0,1,1
1713,1.0,0,1,1
1714,1.0,1,0,1
1715,1.0,0,1,1
1716,0.2,2,0,0
1717,1.0,2,1,0
1718,0.2,2,0,0
1719,1.0,1,0,1
1720,0.2,1,0,0
1721,0.2,1,0,0
1722,1.0,2,1,1
1723,1.0,2,1,0
1724,0.2,2,0,0
1725,0.2,1,0,0
1726,0.2,1,0,0
1727,1.0,3,0,1
1728,0.2,2,0,0
1729,0.2,1,0,0
1730,0.2,2,0,0
1731,1.0,1,1,1
1732,1.0,0,1,1
1733,0.2,0,0,0
1734,1.0,0,1,0
1735,0.2,2,0,0
1736,0.2,1,0,0
1737,0.2,1,0,1
1738,1.0,3,0,1
1739,1.0,1,1,0
1740,1.0,2,0,1
1741,0.2,2,0,0
1742,1.0,1,1,1
1743,1.0,1,1,1
1744,1.0,2,1,0
1745,0.2,2,0,1
1746,0.2,2,0,0
1747,0.2,2,0,0
1748,0.2,2,0,0
1749,0.2,0,0,0
1750,1.0,2,1,1
1751,0.2,1,0,0
1752,1.0,1,1,1
1753,0.2,2,0,0
1754,1.0,1,0,1
1755,0.2,2,0,1
1756,1.0,1,1,0
1757,0.2,1,0,1
1758,2.2,1,1,1
1759,2.2,2,1,1
1760,1.0,2,1,1
1761,1.0,1,1,0
1762,1.0,0,1,1
1763,0.2,1,0,0
1764,0.2,2,0,0
1765,0.2,3,0,0
1766,0.2,2,0,0
1767,1.0,1,1,1
1768,1.0,3,1,1
1769,1.0,0,1,1
1770,0.2,1,0,0
1771,0.2,2,0,0
1772,2.2,1,0,1
1773,0.2,3,0,1
1774,1.0,3,1,0
1775,1.0,1,1,1
1776,2.2,0,0,1
1777,1.0,0,1,1
1778,1.0,1,1,1
1779,1.0,2,1,0
1780,1.0,2,1,1
1781,0.2,1,0,0
1782,1.0,0,0,1
1783,0.2,2,0,0
1784,1.0,2,0,1
1785,1.0,3,1,1
1786,0.2,0,0,1
1787,2.2,3,1,1
1788,1.0,1,0,1
1789,0.2,3,0,0
1790,0.2,1,0,0
1791,0.2,2,0,0
1792,1.0,3,0,1
1793,2.2,2,1,1
1794,0.2,3,0,0
1795,1.0,2,1,1
1796,1.0,0,1,1
1797,2.2,2,1,1
1798,2.2,2,1,1
1799,1.0,1,0,1
1800,1.0,2,0,1
1801,0.2,1,0,0
1802,1.0,1,1,1
1803,0.2,2,0,0
1804,1.0,2,1,1
1805,0.2,2,0,0
1806,0.2,1,0,0
1807,1.0,3,1,1
1808,1.0,1,1,1
1809,1.0,2,0,1
1810,0.2,3,0,0
1811,0.2,1,0,1
1812,0.2,2,0,0
1813,0.2,1,0,0
1814,1.0,1,1,0
1815,1.0,2,1,1
1816,2.2,2,0,1
1817,1.0,3,1,0
1818,0.2,1,0,0
1819,0.2,0,0,0
1820,0.2,0,0,0
1821,0.2,1,0,0
1822,1.0,1,1,1
1823,0.2,2,0,0
1824,0.2,2,0,0
1825,0.2,2,0,0
1826,1.0,1,1,1
1827,1.0,2,1,0
1828,1.0,2,0,0
1829,2.2,2,1,1
1830,0.2,2,0,1
1831,1.0,0,0,1
1832,1.0,1,1,0
1833,2.2,1,1,1
1834,0.2,3,0,0
1835,2.2,1,1,1
1836,1.0,1,1,0
1837,0.2,1,0,0
1838,0.2,3,0,0
1839,1.0,3,1,1
1840,1.0,1,1,0
1841,0.2,1,0,0
1842,1.0,2,1,1
1843,1.0,1,0,1
1844,0.2,0,0,0
1845,1.0,2,1,1
1846,0.2,1,0,0
1847,1.0,1,1,1
1848,0.2,1,0,0
1849,1.0,2,0,1
1850,0.2,0,0,0
1851,2.2,2,1,1
1852,0.2,0,0,0
1853,1.0,1,1,1
1854,0.2,1,0,0
1855,0.2,2,0,0
1856,1.0,2,0,1
1857,1.0,1,1,1
1858,1.0,0,1,0
1859,1.0,2,1,1
1860,1.0,3,1,1
1861,1.0,0,1,1
1862,1.0,1,1,0
1863,0.2,2,0,0
1864,1.0,2,1,0
1865,0.2,2,0,0
1866,0.2,1,0,0
1867,0.2,1,0,0
1868,1.0,0,1,0
1869,1.0,0,1,1
1870,0.2,1,0,0
1871,1.0,3,1,1
1872,2.2,1,1,1
1873,0.2,1,0,0
1874,0.2,1,0,0
1875,0.2,2,0,1
1876,1.0,0,0,1
1877,0.2,2,0,0
1878,0.2,1,0,0
1879,1.0,2,1,1
1880,1.0,1,1,1
1881,1.0,1,1,1
1882,0.2,1,0,1
1883,2.2,3,1,1
1884,0.2,2,0,0
1885,0.2,3,0,0
1886,1.0,1,1,1
1887,1.0,2,0,1
1888,1.0,2,1,1
1889,1.0,1,1,1
1890,0.2,2,0,1
1891,0.2,1,0,0
1892,1.0,3,1,1
1893,2.2,3,1,1
1894,1.0,1,1,1
1895,0.2,1,0,0
1896,2.2,2,0,1
1897,1.0,2,0,1
1898,1.0,1,1,1
1899,1.0,1,1,1
1900,1.0,2,1,0
1901,2.2,0,1,1
1902,0.2,1,0,0
1903,1.0,2,1,0
1904,1.0,2,1,1
1905,1.0,3,1,0
1906,0.2,2,0,0
1907,0.2,1,0,0
1908,0.2,2,0,0
1909,1.0,0,1,1
1910,2.2,1,1,1
1911,0.2,2,0,0
1912,2.2,0,0,1
1913,1.0,2,1,1
1914,0.2,1,0,0
1915,0.2,2,0,0
1916,1.0,2,1,0
1917,2.2,2,1,1
1918,1.0,2,1,1
1919,0.2,1,0,0
1920,2.2,1,1,1
1921,1.0,1,1,0
1922,1.0,1,0,0
1923,0.2,1,0,0
1924,1.0,2,1,1
1925,1.0,3,0,0
1926,0.2,1,0,0
1927,3.4000000000000004,3,1,0
1928,2.2,1,1,1
1929,0.2,1,0,0
1930,0.2,2,0,0
1931,1.0,0,0,1
1932,1.0,1,1,1
1933,0.2,1,0,0
1934,1.0,2,1,1
1935,0.2,0,0,0
1936,0.2,2,0,0
1937,2.2,2,0,1
1938,0.6000000000000001,2,1,0
1939,2.2,1,1,1
1940,0.2,1,0,1
1941,0.2,2,0,0
1942,1.0,1,1,1
1943,2.2,0,1,1
1944,1.0,3,0,1
1945,2.2,1,0,1
1946,1.0,2,1,1
1947,1.0,1,1,1
1948,2.2,3,1,1
1949,1.0,0,1,1
1950,0.2,3,0,1
1951,1.0,3,0,1
1952,1.0,2,0,0
1953,0.2,1,0,0
1954,1.0,1,1,0
1955,0.2,2,0,0
1956,1.0,2,1,1
1957,1.0,1,1,1
1958,1.0,2,1,1
1959,0.2,2,0,0
1960,1.0,1,0,1
1961,1.0,0,1,1
1962,2.2,2,1,1
1963,2.2,3,1,1
1964,1.0,1,1,1
1965,1.0,0,1,1
1966,1.0,2,1,1
1967,1.0,2,1,1
1968,0.2,2,0,0
1969,1.0,1,1,1
1970,0.2,1,0,0
1971,1.0,0,1,1
1972,1.0,2,1,1
1973,0.2,3,0,0
1974,1.0,1,1,1
1975,1.0,3,1,1
1976,1.0,1,1,1
1977,0.2,2,0,0
1978,1.0,3,1,0
1979,0.2,1,0,0
1980,1.0,3,1,1
1981,2.2,3,1,1
1982,0.2,1,0,0
1983,0.2,1,0,0
1984,1.0,1,0,0
1985,1.0,1,1,1
1986,2.2,0,1,1
1987,0.2,2,0,0
1988,1.0,0,1,1
1989,1.0,2,1,1
1990,0.2,2,0,0
1991,0.2,2,0,0
1992,1.0,3,1,1
1993,1.0,1,1,1
1994,1.0,3,1,1
1995,1.0,1,1,1
1996,0.2,3,0,0
1997,0.2,1,0,0
1998,0.2,2,0,0
1999,0.2,2,0,0
2000,1.0,2,1,0
2001,1.0,3,0,0
2002,0.2,3,0,0
2003,2.2,1,1,1
2004,1.0,2,0,1
2005,0.2,1,0,0
2006,2.2,0,1,1
2007,1.0,1,1,1
2008,1.0,1,1,1
2009,1.0,1,1,0
2010,0.2,2,0,0
2011,1.0,0,1,0
2012,0.2,2,0,0
2013,0.2,2,0,1
2014,1.0,1,1,0
2015,0.2,3,0,0
2016,0.2,2,0,0
2017,2.2,3,0,1
2018,0.2,3,0,0
2019,1.0,1,1,1
2020,0.2,0,0,0
2021,1.0,1,1,1
2022,1.0,3,1,1
2023,0.2,2,0,0
2024,0.2,1,0,0
2025,0.2,0,0,0
2026,1.0,1,1,1
2027,1.0,3,1,0
2028,0.2,2,0,0
2029,1.0,0,1,1
2030,0.2,2,0,0
2031,0.2,2,0,0
2032,1.0,0,0,1
2033,1.0,3,1,0
2034,0.2,1,0,0
2035,0.2,2,0,0
2036,1.0,3,1,1
2037,1.0,1,1,1
2038,1.0,3,0,1
2039,2.2,1,1,1
2040,1.0,1,1,1
2041,0.2,2,0,0
2042,1.0,2,1,1
2043,1.0,1,1,0
2044,1.0,0,1,1
2045,1.0,0,1,0
2046,0.2,1,0,0
2047,1.0,2,1,1
2048,2.2,1,1,1
2049,0.2,2,0,0
2050,1.0,2,1,1
2051,1.0,1,1,1
2052,1.0,0,0,1
2053,1.0,1,0,1
2054,0.2,2,0,0
2055,1.0,0,1,1
2056,1.0,2,1,0
2057,1.0,1,1,0
2058,1.0,1,1,1
2059,0.2,3,0,0
2060,1.0,2,1,1
2061,0.2,1,0,1
2062,0.2,2,0,0
2063,1.0,3,1,1
2064,1.0,2,0,0
2065,2.2,1,1,1
2066,0.2,2,0,0
2067,0.2,2,0,0
2068,0.2,2,0,0
2069,1.0,1,1,1
2070,1.0,3,1,0
2071,0.2,2,0,0
2072,1.0,2,1,1
2073,1.0,2,1,1
2074,1.0,2,1,0
2075,0.2,2,0,0
2076,0.2,0,0,1
2077,0.2,1,0,0
2078,0.2,1,0,1
2079,1.0,1,1,1
2080,1.0,1,1,1
2081,1.0,1,1,0
2082,0.2,1,0,0
2083,1.0,2,0,0
2084,0.2,1,0,0
2085,1.0,2,0,1
2086,0.2,3,0,1
2087,0.2,1,0,0
2088,0.2,2,0,0
2089,1.0,2,0,1
2090,1.0,0,1,1
2091,1.0,3,0,0
2092,0.2,2,0,0
2093,0.2,1,0,1
2094,0.2,2,0,0
2095,1.0,2,1,0
2096,2.2,1,1,1
2097,1.0,3,1,0
2098,1.0,2,1,1
2099,1.0,1,1,1
2100,0.2,1,0,0
2101,1.0,2,1,0
2102,1.0,1,1,1
2103,2.2,1,1,1
2104,0.2,0,0,0
2105,1.0,3,0,0
2106,1.0,3,1,0
2107,1.0,1,1,1
2108,2.2,1,1,1
2109,1.0,3,1,1
2110,1.0,0,1,1
2111,0.2,2,0,0
2112,1.0,3,1,1
2113,0.2,2,0,0
2114,1.0,1,0,0
2115,1.0,2,1,0
2116,1.0,1,1,0
2117,1.0,1,1,1
2118,0.2,2,0,1
2119,0.2,1,0,1
2120,0.2,2,0,0
2121,1.0,1,1,1
2122,1.0,1,1,1
2123,0.2,1,0,0
2124,0.2,1,0,0
2125,0.2,2,0,0
2126,1.0,2,1,0
2127,0.2,2,0,0
2128,1.0,2,1,1
2129,1.0,0,1,1
2130,1.0,1,0,1
2131,0.2,2,0,1
2132,0.2,2,0,1
2133,0.2,2,0,0
2134,0.2,1,0,0
2135,1.0,2,0,1
2136,1.0,1,1,1
2137,0.2,1,0,0
2138,1.0,1,1,1
2139,1.0,1,1,1
2140,1.0,1,1,1
2141,1.0,2,1,1
2142,1.0,0,1,1
2143,1.0,3,1,1
2144,1.0,2,1,1
2145,1.0,2,1,0
2146,2.2,0,0,1
2147,0.2,2,0,0
2148,1.0,3,1,0
2149,1.0,1,1,1
2150,1.0,2,1,1
2151,1.0,0,1,1
2152,0.2,1,0,0
2153,1.0,1,0,1
2154,1.0,1,1,1
2155,1.0,2,1,0
2156,1.0,3,0,0
2157,0.2,2,0,0
2158,1.0,1,1,1
2159,0.2,1,0,0
2160,1.0,1,1,1
2161,0.2,1,0,1
2162,1.0,0,1,1
2163,0.2,3,0,0
2164,0.2,1,0,0
2165,0.2,3,0,0
2166,2.2,1,1,1
2167,1.0,2,1,1
2168,1.0,2,0,0
2169,0.2,3,0,0
2170,0.2,2,0,0
2171,0.2,1,0,0
2172,1.0,1,1,1
2173,1.0,2,1,0
2174,1.0,1,1,1
2175,0.2,1,0,0
2176,2.2,3,1,1
2177,0.2,1,0,0
2178,0.2,0,0,0
2179,0.2,1,0,0
2180,0.2,3,0,0
2181,1.0,2,1,0
2182,1.0,2,0,0
2183,0.2,2,0,0
2184,1.0,0,0,1
2185,1.0,2,1,1
2186,1.0,2,1,0
2187,0.2,1,0,0
2188,0.2,1,0,0
2189,1.0,1,1,0
2190,1.0,2,1,1
2191,0.2,2,0,0
2192,0.2,2,0,0
2193,0.2,2,0,0
2194,1.0,0,1,1
2195,2.2,2,1,1
2196,1.0,2,1,1
2197,0.2,2,0,1
2198,2.2,1,1,1
2199,0.2,1,0,0
2200,2.2,2,1,1
2201,0.2,2,0,0
2202,1.0,1,1,0
2203,0.2,3,0,0
2204,0.2,2,0,0
2205,1.0,1,1,1
2206,1.0,2,1,1
2207,0.2,2,0,1
2208,0.2,1,0,0
2209,1.0,1,1,0
2210,1.0,2,1,1
2211,0.2,2,0,1
2212,0.2,2,0,0
2213,1.0,3,0,0
2214,1.0,3,1,0
2215,1.0,3,1,1
2216,1.0,3,1,1
2217,1.0,3,1,0
2218,1.0,0,1,1
2219,1.0,2,0,1
2220,1.0,2,1,1
2221,2.2,0,1,1
2222,1.0,1,1,0
2223,1.0,2,1,1
2224,0.2,3,0,0
2225,1.0,1,1,1
2226,1.0,3,0,0
2227,1.0,2,1,0
2228,1.0,2,1,1
2229,1.0,1,0,1
2230,1.0,1,1,1
2231,1.0,2,1,0
2232,1.0,0,1,1
2233,1.0,3,1,0
2234,2.2,1,1,1
2235,1.0,2,1,1
2236,2.2,2,1,1
2237,0.2,2,0,0
2238,0.2,0,0,0
2239,2.2,1,1,1
2240,0.2,2,0,0
2241,2.2,1,1,1
2242,2.2,2,1,1
2243,1.0,2,1,1
2244,0.2,1,0,0
2245,2.2,2,1,1
2246,1.0,2,1,1
2247,0.2,2,0,0
2248,0.2,1,0,0
2249,1.0,2,1,1
2250,0.2,2,0,0
2251,1.0,1,1,0
2252,0.2,1,0,0
2253,1.0,3,1,1
2254,0.2,2,0,0
2255,1.0,2,1,0
2256,0.2,2,0,1
2257,0.2,3,0,0
2258,1.0,1,1,1
2259,1.0,2,1,1
2260,0.2,2,0,0
2261,1.0,1,0,1
2262,0.2,0,0,1
2263,0.2,1,0,0
2264,1.0,1,1,1
2265,1.0,1,1,1
2266,0.2,3,0,0
2267,1.0,3,1,0
2268,0.2,2,0,1
2269,1.0,1,0,1
2270,1.0,3,1,1
2271,2.2,3,1,1
2272,0.2,3,0,1
2273,1.0,2,1,1
2274,0.2,2,0,0
2275,0.2,3,0,0
2276,1.0,3,1,1
2277,0.2,0,0,0
2278,2.2,2,1,1
2279,1.0,3,1,1
2280,0.2,0,0,1
2281,1.0,2,1,0
2282,1.0,2,1,1
2283,1.0,2,1,1
2284,1.0,0,1,1
2285,0.2,2,0,0
2286,1.0,2,1,1
2287,1.0,0,1,1
2288,0.2,2,0,1
2289,1.0,1,0,1
2290,1.0,2,0,1
2291,1.0,2,1,0
2292,1.0,1,1,1
2293,0.2,2,0,1
2294,1.0,2,1,1
2295,1.0,3,0,1
2296,0.2,1,0,0
2297,0.2,1,0,0
2298,0.2,3,0,0
2299,1.0,3,0,1
2300,1.0,2,1,0
2301,0.2,3,0,0
2302,2.2,1,1,1
2303,2.2,1,1,1
2304,0.2,2,0,0
2305,0.2,3,0,0
2306,0.2,3,0,0
2307,0.2,3,0,0
2308,1.0,2,0,1
2309,1.0,2,0,1
2310,0.2,3,0,1
2311,0.2,2,0,0
2312,1.0,1,1,1
2313,1.0,0,1,1
2314,1.0,3,1,1
2315,1.0,3,0,0
2316,0.2,1,0,0
2317,1.0,2,0,0
2318,0.2,1,0,0
2319,0.2,0,0,0
2320,1.0,1,1,0
2321,0.2,0,0,0
2322,0.2,1,0,0
2323,1.0,2,0,1
2324,1.0,2,1,1
2325,1.0,2,1,1
2326,0.2,3,0,0
2327,2.2,1,1,1
2328,1.0,2,1,1
2329,0.2,1,0,0
2330,1.0,1,1,0
2331,1.0,1,1,0
2332,1.0,0,1,0
2333,1.0,2,1,0
2334,1.0,0,1,1
2335,0.2,3,0,1
2336,1.0,1,1,1
2337,0.2,2,0,0
2338,1.0,2,1,1
2339,1.0,0,1,1
2340,1.0,2,1,0
2341,0.2,3,0,0
2342,1.0,1,1,1
2343,1.0,3,1,1
2344,1.0,1,1,1
2345,0.2,1,0,1
2346,0.2,3,0,0
2347,1.0,1,0,1
2348,0.2,1,0,0
2349,0.2,1,0,0
2350,1.0,1,1,1
2351,1.0,3,1,0
2352,1.0,1,1,1
2353,0.2,2,0,0
2354,1.0,3,1,1
2355,0.2,0,0,0
2356,1.0,0,1,1
2357,1.0,2,0,1
2358,2.2,2,0,1
2359,0.2,2,0,0
2360,1.0,2,1,0
2361,1.0,0,1,1
2362,0.2,3,0,0
2363,1.0,2,1,1
2364,1.0,1,1,0
2365,1.0,1,1,1
2366,1.0,1,1,1
2367,0.2,1,0,0
2368,1.0,3,1,1
2369,0.2,1,0,0
2370,1.0,1,1,1
2371,0.2,1,0,1
2372,0.2,2,0,0
2373,2.2,2,1,1
2374,0.2,3,0,0
2375,2.2,1,1,1
2376,1.0,1,0,1
2377,0.2,1,0,0
2378,1.0,1,1,1
2379,0.2,3,0,0
2380,0.2,2,0,0
2381,0.2,1,0,0
2382,1.0,1,0,1
2383,1.0,3,1,0
2384,1.0,1,1,1
2385,1.0,2,1,0
2386,1.0,1,1,0
2387,1.0,1,1,0
2388,0.2,3,0,1
2389,0.2,2,0,1
2390,0.2,2,0,0
2391,0.2,3,0,0
2392,0.2,2,0,1
2393,1.0,1,1,1
2394,1.0,1,1,1
2395,1.0,2,1,1
2396,1.0,2,1,0
2397,1.0,2,1,1
2398,1.0,1,1,1
2399,1.0,0,1,1
2400,0.2,1,0,0
2401,0.2,2,0,0
2402,1.0,1,1,1
2403,0.2,1,0,0
2404,0.2,1,0,1
2405,0.2,3,0,0
2406,1.0,1,1,0
2407,1.0,2,1,1
2408,0.2,2,0,0
2409,1.0,0,1,1
2410,0.2,2,0,0
2411,0.2,0,0,0
2412,1.0,1,1,0
2413,1.0,2,1,1
2414,0.2,2,0,0
2415,0.2,3,0,1
2416,1.0,1,1,1
2417,2.2,1,1,1
2418,0.2,2,0,0
2419,1.0,1,1,1
2420,1.0,1,1,1
2421,2.2,1,1,1
2422,0.2,1,0,0
2423,1.0,1,1,1
2424,0.2,2,0,0
2425,0.2,2,0,0
2426,1.0,2,1,1
2427,1.0,1,1,1
2428,1.0,0,0,1
2429,0.2,2,0,0
2430,0.2,2,0,1
2431,1.0,2,1,1
2432,1.0,3,1,0
2433,0.2,1,0,0
2434,2.2,1,0,1
2435,0.2,1,0,0
2436,1.0,0,1,1
2437,2.2,2,1,1
2438,1.0,2,0,1
2439,0.2,1,0,0
2440,2.2,2,1,1
2441,0.2,3,0,0
2442,1.0,1,1,1
2443,2.2,2,1,1
2444,1.0,0,1,1
2445,0.2,2,0,0
2446,0.2,3,0,0
2447,1.0,1,1,0
2448,0.2,1,0,1
2449,1.0,0,1,0
2450,1.0,1,1,1
2451,1.0,1,1,1
2452,1.0,3,1,0
2453,0.2,0,0,0
2454,0.2,3,0,0
2455,1.0,1,1,1
2456,1.0,3,1,1
2457,1.0,1,1,1
2458,1.0,2,1,1
2459,1.0,2,0,1
2460,0.2,2,0,1
2461,0.2,0,0,0
2462,0.2,1,0,0
2463,1.0,1,1,0
2464,0.2,3,0,0
2465,1.0,1,0,1
2466,0.2,3,0,0
2467,0.2,3,0,0
2468,1.0,1,1,0
2469,1.0,2,1,1
2470,0.2,3,0,0
2471,0.2,3,0,0
2472,1.0,1,1,1
2473,1.0,2,1,1
2474,1.0,1,1,1
2475,1.0,2,1,1
2476,0.2,2,0,0
2477,1.0,1,1,0
2478,1.0,1,1,1
2479,1.0,2,1,0
2480,1.0,2,1,1
2481,0.2,1,0,0
2482,0.2,1,0,0
2483,0.2,0,0,0
2484,0.2,1,0,0
2485,1.4,1,1,1
2486,2.2,1,1,1
2487,0.2,1,0,0
2488,2.2,1,1,1
2489,1.0,1,1,1
2490,1.0,3,1,1
2491,0.2,1,0,0
2492,1.0,2,1,1
2493,1.0,0,1,1
2494,0.2,2,0,0
2495,1.0,1,0,1
2496,1.0,1,1,1
2497,2.2,1,1,1
2498,0.2,2,0,0
2499,1.0,1,1,1
2500,2.2,3,1,1
2501,0.2,1,0,0
2502,0.2,2,0,0
2503,1.0,2,1,0
2504,2.2,2,1,1
2505,1.0,2,1,0
2506,1.0,1,0,1
2507,1.0,2,1,1
2508,2.2,1,1,1
2509,1.0,2,1,1
2510,1.0,1,1,1
2511,0.2,3,0,0
2512,0.2,2,0,0
2513,0.2,1,0,0
2514,1.0,2,1,1
2515,1.0,1,1,1
2516,1.0,3,1,0
2517,0.2,1,0,0
2518,1.0,1,1,1
2519,0.2,1,0,0
2520,1.0,3,1,0
2521,1.0,1,0,0
2522,0.2,2,0,0
2523,1.0,2,1,0
2524,1.0,1,1,0
2525,1.0,1,1,1
2526,0.2,2,0,0
2527,0.2,0,0,1
2528,0.2,2,0,0
2529,1.0,2,1,0
2530,0.2,3,0,0
2531,1.0,0,1,0
2532,2.2,1,1,1
2533,1.0,2,1,0
2534,1.0,3,1,1
2535,1.0,1,0,1
2536,0.2,2,0,0
2537,1.0,2,1,1
2538,0.2,2,0,0
2539,0.2,0,0,0
2540,0.2,1,0,0
2541,0.2,1,0,0
2542,1.0,1,1,1
2543,0.2,2,0,0
2544,1.0,3,1,0
2545,2.2,2,1,1
2546,0.2,1,0,0
2547,1.0,0,1,1
2548,1.0,0,1,1
2549,2.2,1,0,1
2550,1.0,2,1,1
2551,2.2,3,1,1
2552,1.0,3,1,1
2553,0.2,0,0,0
2554,0.2,1,0,0
2555,0.2,2,0,0
2556,1.0,1,1,1
2557,1.0,1,0,0
2558,0.2,1,0,0
2559,0.2,3,0,0
2560,0.2,1,0,0
2561,1.0,3,1,0
2562,1.0,0,1,1
2563,0.2,3,0,0
2564,1.0,2,1,1
2565,0.2,0,0,0
2566,1.0,3,1,1
2567,1.0,2,1,1
2568,1.0,0,1,1
2569,0.2,0,0,0
2570,1.0,3,1,1
2571,1.0,0,1,1
2572,0.2,1,0,0
2573,1.0,2,1,0
2574,1.0,1,1,1
2575,1.0,2,1,1
2576,1.0,2,1,0
2577,0.2,2,0,0
2578,1.0,1,1,0
2579,1.0,2,1,1
2580,1.0,1,0,1
2581,0.2,2,0,0
2582,1.0,0,0,1
2583,1.0,2,1,0
2584,1.0,2,1,0
2585,1.0,1,1,0
2586,1.0,1,1,1
2587,1.0,1,1,1
2588,1.0,1,1,1
2589,0.2,2,0,1
2590,2.2,0,1,1
2591,0.2,1,0,0
2592,1.0,2,1,1
2593,0.2,2,0,0
2594,1.0,2,1,1
2595,1.0,1,1,1
2596,0.2,2,0,0
2597,2.2,0,1,1
2598,1.0,1,0,1
2599,0.2,3,0,0
2600,2.2,2,0,1
2601,1.0,0,1,1
2602,1.0,1,1,0
2603,1.0,2,0,1
2604,1.0,2,1,0
2605,0.2,2,0,0
2606,0.2,1,0,0
2607,2.2,1,0,1
2608,1.0,0,1,1
2609,0.2,1,0,0
2610,0.2,2,0,0
2611,1.0,2,1,1
2612,1.0,1,1,1
2613,1.0,2,1,1
2614,1.0,1,1,0
2615,1.0,1,1,1
2616,1.0,2,1,0
2617,0.2,2,0,0
2618,1.0,2,1,0
2619,0.2,1,0,1
2620,2.2,2,0,1
2621,2.2,0,0,1
2622,1.0,2,0,1
2623,0.2,1,0,0
2624,1.0,2,0,1
2625,1.0,3,1,0
2626,1.0,1,1,1
2627,0.2,0,0,0
2628,1.0,0,1,1
2629,0.2,1,0,1
2630,1.0,2,1,0
2631,1.0,3,1,1
2632,2.2,1,1,1
2633,1.0,2,0,1
2634,0.2,3,0,0
2635,0.2,3,0,0
2636,0.2,1,0,1
2637,0.2,1,0,0
2638,0.2,2,0,0
2639,1.0,2,1,1
2640,1.0,0,1,1
2641,1.0,3,1,0
2642,0.2,1,0,0
2643,1.0,2,1,1
2644,1.0,2,0,1
2645,2.2,2,1,1
2646,0.2,0,0,1
2647,1.0,1,1,1
2648,1.0,0,0,0
2649,0.2,2,0,0
2650,0.2,0,0,0
2651,2.2,2,1,1
2652,0.2,2,0,1
2653,0.2,2,0,0
2654,1.0,2,1,1
2655,0.2,0,0,0
2656,0.2,1,0,0
2657,1.0,2,0,1
2658,1.0,3,1,1
2659,0.2,1,0,0
2660,1.0,1,1,0
2661,2.2,1,1,1
2662,1.0,0,1,0
2663,0.2,1,0,0
2664,1.0,1,1,0
2665,0.2,0,0,0
2666,1.0,2,1,1
2667,1.0,2,1,0
2668,0.2,2,0,0
2669,1.0,3,1,1
2670,0.2,2,0,0
2671,1.0,1,1,1
2672,0.2,2,0,0
2673,1.0,1,1,0
2674,1.0,2,1,1
2675,1.0,1,1,1
2676,2.2,2,1,1
2677,1.0,1,0,0
2678,1.0,0,1,1
2679,1.0,3,1,1
2680,1.0,1,1,1
2681,1.0,2,1,0
2682,1.0,2,1,1
2683,0.2,1,0,0
2684,1.0,1,1,0
2685,0.2,1,0,0
2686,0.2,1,0,0
2687,1.0,2,1,1
2688,1.0,3,0,1
2689,0.2,2,0,0
2690,1.0,2,1,1
2691,1.0,1,1,0
2692,1.0,0,0,1
2693,1.0,3,1,0
2694,0.2,2,0,0
2695,0.2,0,0,1
2696,1.0,2,1,1
2697,0.2,1,0,0
2698,0.2,2,0,0
2699,1.0,1,1,1
2700,1.0,2,1,1
2701,1.0,2,1,1
2702,0.2,2,0,0
2703,1.0,2,1,0
2704,1.0,1,1,1
2705,0.2,2,0,0
2706,1.8,2,1,1
2707,2.2,2,1,1
2708,0.2,2,0,0
2709,1.0,3,1,1
2710,1.0,1,1,1
2711,1.0,3,1,1
2712,2.2,1,1,1
2713,1.0,2,1,1
2714,0.2,1,0,0
2715,1.0,0,1,0
2716,1.0,1,1,1
2717,1.0,2,0,0
2718,1.0,1,1,1
2719,0.2,0,0,0
2720,0.2,0,0,1
2721,0.2,2,0,0
2722,1.0,2,1,0
2723,0.2,1,0,0
2724,0.2,1,0,0
2725,2.2,1,1,1
2726,1.0,2,0,1
2727,1.0,1,1,1
2728,0.2,2,0,0
2729,1.0,1,1,1
2730,0.2,3,0,0
2731,0.2,1,0,0
2732,1.0,2,1,0
2733,1.0,1,0,1
2734,2.2,0,1,1
2735,0.2,2,0,0
2736,0.2,1,0,0
2737,0.2,1,0,0
2738,0.2,1,0,1
2739,0.2,2,0,0
2740,1.0,2,1,0
2741,1.0,0,1,1
2742,0.2,1,0,0
2743,0.2,3,0,0
2744,0.2,1,0,0
2745,2.5999999999999996,0,1,0
2746,1.0,3,1,0
2747,0.2,1,0,0
2748,0.2,1,0,0
2749,1.0,0,1,0
2750,0.2,3,0,0
2751,0.2,1,0,0
2752,0.2,3,0,0
2753,1.0,0,1,1
2754,1.0,2,0,0
2755,0.2,1,0,0
2756,1.0,2,1,1
2757,1.0,3,1,1
2758,1.0,0,1,1
2759,1.0,2,0,1
2760,1.0,2,1,1
2761,1.0,1,0,0
2762,1.0,2,1,1
2763,0.2,0,0,0
2764,1.0,1,0,0
2765,0.2,2,0,0
2766,2.2,1,1,1
2767,0.2,1,0,0
2768,1.0,0,1,0
2769,2.2,2,1,1
2770,0.2,3,0,0
2771,0.2,0,0,0
2772,1.0,2,0,0
2773,0.2,1,0,0
2774,2.2,1,1,1
2775,1.0,3,1,1
2776,1.0,2,1,0
2777,0.2,0,0,0
2778,1.0,1,1,1
2779,1.0,1,1,1
2780,0.2,2,0,0
2781,1.0,0,1,1
2782,1.0,1,1,1
2783,1.0,1,0,1
2784,1.0,1,1,0
2785,1.0,2,1,1
2786,1.0,2,1,0
2787,1.0,2,1,1
2788,1.0,1,1,0
2789,0.2,1,0,0
2790,0.2,1,0,0
2791,1.0,2,1,1
2792,0.2,2,0,0
2793,0.2,2,0,0
2794,0.2,0,0,0
2795,0.2,2,0,0
2796,1.0,1,1,1
2797,2.2,3,1,1
2798,0.2,1,0,0
2799,1.0,2,1,1
2800,1.0,1,0,1
2801,1.0,1,1,1
2802,1.0,3,1,1
2803,1.0,2,1,1
2804,0.2,3,0,0
2805,1.0,2,1,1
2806,1.0,2,0,0
2807,1.0,2,1,0
2808,0.2,1,0,0
2809,1.0,2,1,0
2810,1.0,1,1,0
2811,2.2,2,1,1
2812,0.2,1,0,0
2813,1.0,2,1,1
2814,2.2,3,0,1
2815,0.2,2,0,1
2816,1.0,1,1,1
2817,0.2,1,0,0
2818,1.0,2,1,1
2819,1.0,2,1,0
2820,1.0,2,0,1
2821,1.0,1,0,1
2822,2.2,2,1,1
2823,2.2,1,1,1
2824,0.2,3,0,0
2825,0.2,1,0,0
2826,1.0,1,1,1
2827,1.0,2,1,1
2828,0.2,2,0,0
2829,1.0,2,1,1
2830,0.2,2,0,0
2831,1.0,0,0,1
2832,1.0,3,1,1
2833,0.2,2,0,0
2834,0.2,2,0,0
2835,0.2,2,0,0
2836,1.0,1,1,1
2837,1.0,1,1,1
2838,1.0,1,1,0
2839,0.2,0,0,0
2840,1.0,1,1,1
2841,0.2,2,0,1
2842,1.0,3,1,1
2843,1.0,1,1,0
2844,1.0,0,1,1
2845,0.2,1,0,0
2846,1.0,0,0,1
2847,1.0,0,1,1
2848,0.2,1,0,0
2849,0.2,1,0,1
2850,2.2,0,1,1
2851,0.2,1,0,0
2852,1.0,1,1,0
2853,0.2,2,0,0
2854,0.2,1,0,0
2855,1.0,2,1,1
2856,0.2,2,0,0
2857,1.0,2,1,1
2858,1.0,2,1,1
2859,1.0,3,1,0
2860,0.2,2,0,0
2861,0.2,2,0,0
2862,1.0,2,1,1
2863,1.0,2,1,1
2864,0.2,2,0,0
2865,0.2,1,0,0
2866,0.2,2,0,0
2867,0.2,2,0,0
2868,1.0,2,1,0
2869,0.2,2,0,0
2870,1.0,1,0,0
2871,2.2,1,1,0
2872,0.2,1,0,0
2873,1.0,1,0,0
2874,0.2,2,0,0
2875,1.0,1,1,1
2876,1.0,2,1,0
2877,0.2,2,0,0
2878,1.0,3,1,0
2879,1.0,2,1,1
2880,1.0,1,0,1
2881,0.2,2,0,0
2882,2.2,2,1,1
2883,1.0,1,0,1
2884,0.2,2,0,0
2885,0.2,2,0,0
2886,0.2,1,0,0
2887,0.2,1,0,0
2888,2.2,0,1,1
2889,1.0,3,1,1
2890,0.2,1,0,0
2891,0.2,1,0,0
2892,1.0,1,1,1
2893,0.2,2,0,0
2894,1.0,0,1,1
2895,0.2,3,0,0
2896,0.2,2,0,0
2897,0.2,2,0,0
2898,1.0,0,1,0
2899,1.0,2,1,1
2900,1.0,0,1,1
2901,1.0,2,1,0
2902,1.0,1,1,0
2903,1.0,2,1,1
2904,0.2,2,0,1
2905,1.0,1,1,0
2906,1.0,1,1,0
2907,1.0,2,1,0
2908,0.2,1,0,0
2909,1.0,1,1,0
2910,1.0,2,1,1
2911,1.0,1,1,1
2912,1.0,3,1,0
2913,0.2,2,0,0
2914,0.2,1,0,0
2915,0.2,2,0,0
2916,2.2,2,1,1
2917,0.2,2,0,0
2918,0.2,0,0,0
2919,0.2,2,0,0
2920,0.2,2,0,0
2921,1.0,2,1,1
2922,0.2,1,0,0
2923,0.2,1,0,0
2924,2.2,3,1,1
2925,1.0,0,1,1
2926,1.0,2,1,1
2927,0.2,2,0,0
2928,1.0,1,1,1
2929,0.2,2,0,0
2930,0.2,1,0,1
2931,0.2,3,0,1
2932,1.0,2,1,0
2933,1.0,2,1,0
2934,0.2,0,0,1
2935,1.0,2,1,1
2936,1.0,2,1,1
2937,1.0,0,1,1
2938,2.2,1,1,1
2939,0.2,1,0,0
2940,1.0,1,1,1
2941,1.0,1,1,1
2942,1.0,1,1,1
2943,1.0,2,1,1
2944,0.2,3,0,0
2945,1.0,2,0,1
2946,1.0,0,1,1
2947,1.0,2,1,1
2948,1.0,3,1,0
2949,2.2,1,1,1
2950,1.0,1,1,1
2951,1.0,2,1,1
2952,1.0,0,1,1
2953,0.2,2,0,1
2954,0.2,2,0,0
2955,1.0,3,1,1
2956,1.0,2,1,1
2957,0.2,1,0,0
2958,0.2,1,0,0
2959,0.2,1,0,0
2960,0.2,2,0,0
2961,1.0,1,1,0
2962,1.0,1,1,1
2963,1.0,1,0,1
2964,1.0,2,1,1
2965,1.0,0,1,1
2966,1.0,1,1,0
2967,1.0,2,1,1
2968,2.2,1,1,1
2969,1.0,2,1,0
2970,2.2,2,1,1
2971,0.2,1,0,0
2972,1.0,3,1,1
2973,0.2,1,0,0
2974,1.0,0,1,0
2975,2.2,2,1,1
2976,1.0,1,0,1
2977,1.0,2,1,0
2978,0.2,2,0,0
2979,1.0,1,1,1
2980,0.2,0,0,0
2981,0.2,0,0,0
2982,0.2,0,0,0
2983,0.2,2,0,0
2984,0.2,2,0,0
2985,0.2,3,0,0
2986,0.2,2,0,0
2987,1.0,2,1,1
2988,2.2,2,1,1
2989,0.2,1,0,0
2990,0.2,3,0,0
2991,0.2,2,0,0
2992,1.0,0,1,1
2993,1.0,2,1,1
2994,0.2,2,0,0
2995,0.2,1,0,0
2996,0.2,3,0,0
2997,0.2,2,0,0
2998,1.0,0,1,1
2999,0.2,1,0,0
3000,1.0,2,1,1
3001,1.0,3,1,0
3002,1.0,1,1,1
3003,0.2,3,0,0
3004,0.2,3,0,0
3005,1.0,3,1,1
3006,0.2,3,0,0
3007,1.0,1,1,0
3008,1.0,2,1,1
3009,0.2,1,0,0
3010,1.0,2,1,1
3011,0.2,0,0,0
3012,1.0,0,1,1
3013,1.0,2,1,1
3014,1.0,2,1,1
3015,1.0,1,1,1
3016,2.2,1,1,1
3017,1.0,0,1,0
3018,0.2,0,0,0
3019,0.2,2,0,0
3020,1.0,1,1,1
3021,2.2,0,0,1
3022,0.2,2,0,0
3023,1.0,1,1,1
3024,1.0,3,1,1
3025,2.2,1,1,1
3026,0.2,2,0,0
3027,1.0,2,1,0
3028,0.2,1,0,0
3029,0.2,2,0,0
3030,0.2,1,0,0
3031,0.2,0,0,0
3032,1.0,0,1,1
3033,0.2,2,0,0
3034,1.0,2,1,0
3035,1.0,2,0,0
3036,1.0,2,1,0
3037,0.2,1,0,0
3038,1.0,1,1,1
3039,1.0,0,1,1
3040,0.2,1,0,0
3041,1.0,2,1,0
3042,0.2,1,0,0
3043,0.2,1,0,0
3044,0.2,2,0,0
3045,1.0,2,1,1
3046,1.0,0,1,1
3047,2.2,0,1,1
3048,1.0,1,1,1
3049,1.0,0,1,0
3050,0.2,2,0,1
3051,0.2,1,0,0
3052,1.0,0,1,1
3053,2.2,1,1,1
3054,1.0,1,1,1
3055,1.0,2,1,0
3056,1.0,1,0,1
3057,1.0,3,0,1
3058,1.0,2,1,0
3059,1.0,1,1,1
3060,0.2,0,0,1
3061,0.2,2,0,0
3062,1.0,1,1,1
3063,1.0,1,1,1
3064,1.0,0,1,1
3065,1.0,0,1,1
3066,1.0,2,1,0
3067,1.0,2,1,0
3068,1.0,3,1,1
3069,0.2,0,0,1
3070,1.0,3,1,1
3071,1.0,1,1,1
3072,1.0,1,1,1
3073,1.0,2,1,1
3074,0.2,2,0,0
3075,0.2,2,0,1
3076,1.0,1,1,1
3077,2.2,2,1,1
3078,1.0,2,1,0
3079,0.2,2,0,0
3080,0.2,2,0,0
3081,0.2,3,0,0
3082,2.2,0,1,1
3083,0.2,2,0,0
3084,1.0,0,1,1
3085,1.0,3,1,0
3086,0.2,2,0,0
3087,2.2,1,1,1
3088,1.0,2,1,1
3089,1.0,2,1,1
3090,0.2,1,0,0
3091,0.2,1,0,0
3092,0.2,1,0,0
3093,1.0,1,1,1
3094,1.0,1,1,0
3095,1.0,2,1,1
3096,1.0,2,1,0
3097,1.0,2,1,0
3098,1.0,1,0,1
3099,0.2,3,0,0
3100,1.0,1,1,0
3101,1.0,2,1,1
3102,1.0,1,1,0
3103,1.0,2,1,1
3104,0.2,1,0,0
3105,1.0,3,1,0
3106,0.2,2,0,0
3107,0.2,1,0,0
3108,0.2,3,0,0
3109,2.2,0,1,1
3110,1.0,1,1,0
3111,1.0,1,1,0
3112,0.2,1,0,0
3113,1.0,2,0,0
3114,1.0,1,1,1
3115,1.0,2,1,1
3116,1.0,1,1,1
3117,0.2,1,0,0
3118,1.0,2,1,1
3119,0.2,2,0,0
3120,0.2,1,0,0
3121,0.2,1,0,0
3122,0.2,1,0,0
3123,1.0,1,1,1
3124,0.2,1,0,0
3125,0.2,1,0,0
3126,0.2,3,0,0
3127,0.2,1,0,0
3128,0.2,3,0,0
3129,0.2,2,0,0
3130,1.0,2,1,1
3131,1.0,3,0,1
3132,0.2,2,0,0
3133,1.0,2,1,0
3134,1.0,2,1,1
3135,0.2,2,0,0
3136,1.0,2,0,1
3137,1.0,3,0,0
3138,0.2,2,0,0
3139,0.2,2,0,0
3140,0.2,0,0,0
3141,1.0,2,1,1
3142,1.0,2,1,1
3143,0.2,2,0,0
3144,0.2,1,0,1
3145,2.2,0,1,1
3146,0.2,1,0,0
3147,0.2,1,0,0
3148,0.2,1,0,0
3149,0.2,1,0,0
3150,0.2,2,0,0
3151,1.0,2,1,1
3152,1.0,1,1,0
3153,0.2,3,0,0
3154,1.0,1,1,1
3155,0.2,2,0,0
3156,0.2,0,0,0
3157,1.0,2,0,1
3158,0.2,0,0,1
3159,1.0,2,1,1
3160,1.0,1,0,1
3161,1.0,2,0,0
3162,0.2,2,0,0
3163,0.2,2,0,1
3164,0.2,1,0,0
3165,0.2,3,0,0
3166,0.2,3,0,0
3167,1.0,3,1,1
3168,0.2,2,0,0
3169,0.2,1,0,1
3170,1.0,2,1,1
3171,0.2,3,0,0
3172,0.2,1,0,1
3173,1.0,3,1,0
3174,1.0,2,1,1
3175,0.2,0,0,0
3176,0.2,1,0,0
3177,1.0,2,1,1
3178,2.2,1,1,1
3179,0.2,3,0,1
3180,1.0,1,1,1
3181,1.0,1,1,0
3182,1.0,3,1,1
3183,1.0,3,1,0
3184,0.2,3,0,0
3185,1.0,2,1,0
3186,0.2,3,0,0
3187,0.2,2,0,0
3188,1.0,0,0,0
3189,2.2,2,1,1
3190,1.0,3,1,1
3191,1.0,1,1,1
3192,1.0,2,1,0
3193,2.2,1,1,1
3194,1.0,0,1,1
3195,0.2,2,0,0
3196,1.0,1,1,0
3197,1.0,1,1,1
3198,1.0,2,1,1
3199,0.2,1,0,1
3200,0.2,2,0,0
3201,1.0,3,0,1
3202,0.2,3,0,0
3203,1.0,2,1,1
3204,2.2,2,1,1
3205,1.0,1,1,1
3206,1.4,0,1,1
3207,0.2,1,0,0
3208,0.2,2,0,0
3209,1.0,1,0,0
3210,0.2,3,0,0
3211,0.2,1,0,0
3212,0.2,2,0,0
3213,1.0,2,1,1
3214,0.2,0,0,0
3215,0.2,1,0,0
3216,1.0,3,1,1
3217,0.2,2,0,1
3218,1.0,3,1,0
3219,0.2,0,0,0
3220,2.2,1,1,1
3221,1.8,1,1,1
3222,1.0,1,1,0
3223,1.0,0,1,1
3224,0.2,2,0,0
3225,0.2,2,0,1
3226,1.0,0,1,0
3227,1.0,1,0,1
3228,1.0,1,1,0
3229,1.0,2,1,1
3230,1.0,3,1,0
3231,2.2,1,1,1
3232,0.2,2,0,0
3233,1.0,1,1,0
3234,1.0,1,1,1
3235,1.0,0,0,1
3236,1.0,3,1,1
3237,1.0,3,0,1
3238,0.2,2,0,0
3239,1.0,3,1,1
3240,1.0,3,1,1
3241,0.2,0,0,0
3242,1.0,1,1,0
3243,1.0,1,1,1
3244,1.0,1,1,1
3245,1.0,3,1,1
3246,1.0,2,1,1
3247,1.0,2,1,1
3248,1.0,2,1,1
3249,1.0,1,1,1
3250,1.0,1,1,1
3251,0.2,2,0,0
3252,1.0,1,1,1
3253,0.2,1,0,0
3254,2.2,1,1,1
3255,1.0,1,1,1
3256,1.0,1,1,1
3257,1.0,2,1,1
3258,2.2,2,0,1
3259,1.0,1,1,0
3260,1.0,2,1,0
3261,0.2,1,0,0
3262,1.0,3,0,0
3263,0.2,0,0,1
3264,0.2,0,0,0
3265,0.2,2,0,0
3266,1.0,3,1,0
3267,1.0,2,1,1
3268,1.0,2,1,1
3269,0.2,3,0,0
3270,1.0,1,1,1
3271,1.0,2,1,1
3272,1.0,1,1,1
3273,1.0,2,1,0
3274,1.0,2,1,1
3275,1.0,1,1,1
3276,0.2,1,0,0
3277,0.2,2,0,0
3278,1.0,1,1,1
3279,1.0,2,1,1
3280,1.0,2,1,1
3281,1.0,1,1,1
3282,1.0,2,1,1
3283,1.0,3,1,0
3284,0.2,1,0,1
3285,0.2,1,0,0
3286,1.0,3,1,0
3287,1.0,1,1,1
3288,0.2,0,0,0
3289,1.0,2,0,1
3290,0.2,3,0,0
3291,1.0,1,0,0
3292,0.2,1,0,0
3293,2.2,0,0,1
3294,1.0,1,1,0
3295,2.2,3,1,1
3296,0.2,1,0,0
3297,1.0,1,1,1
3298,1.0,3,1,1
3299,1.0,2,1,1
3300,2.2,3,1,1
3301,1.0,3,1,0
3302,0.2,1,0,0
3303,1.0,2,1,0
3304,1.0,1,0,1
3305,2.2,2,1,1
3306,0.2,1,0,0
3307,1.0,2,1,1
3308,0.2,1,0,0
3309,0.2,2,0,0
3310,0.2,1,0,1
3311,1.0,2,0,0
3312,0.2,3,0,0
3313,0.2,2,0,0
3314,0.2,1,0,0
3315,0.2,1,0,0
3316,1.0,0,1,1
3317,2.2,0,1,1
3318,0.2,0,0,0
3319,1.0,2,1,0
3320,0.2,3,0,0
3321,0.2,1,0,0
3322,2.2,3,1,1
3323,2.2,0,0,1
3324,1.0,3,1,1
3325,0.2,1,0,0
3326,0.2,3,0,0
3327,0.2,3,0,1
3328,2.2,0,1,1
3329,1.0,1,1,1
3330,1.0,3,1,1
3331,0.2,1,0,0
3332,1.0,1,1,0
3333,0.2,0,0,1
3334,0.2,3,0,0
3335,1.0,0,0,1
3336,1.0,3,1,0
3337,1.0,1,0,1
3338,1.0,0,1,1
3339,1.0,3,1,1
3340,0.2,2,0,0
3341,0.2,2,0,0
3342,1.0,2,1,1
3343,0.2,3,0,0
3344,2.2,0,1,1
3345,1.0,1,1,1
3346,0.2,2,0,0
3347,1.0,1,1,1
3348,1.0,2,1,1
3349,1.0,1,1,1
3350,0.2,3,0,1
3351,0.2,1,0,0
3352,0.2,0,0,0
3353,0.2,3,0,0
3354,1.0,3,1,1
3355,1.0,2,1,1
3356,0.2,1,0,0
3357,1.0,1,0,1
3358,0.2,2,0,0
3359,0.2,2,0,0
3360,0.2,2,0,0
3361,2.2,2,1,1
3362,0.2,2,0,0
3363,1.0,1,1,0
3364,0.2,1,0,0
3365,0.2,0,0,0
3366,1.0,2,1,1
3367,2.2,1,1,1
3368,1.0,0,1,1
3369,0.2,1,0,0
3370,1.0,3,1,0
3371,0.2,2,0,0
3372,1.0,2,1,0
3373,1.0,1,1,1
3374,1.0,1,1,1
3375,1.0,1,1,1
3376,1.0,3,0,0
3377,1.0,1,1,0
3378,1.0,1,1,1
3379,0.2,2,0,0
3380,1.0,2,1,1
3381,1.0,1,1,0
3382,0.2,0,0,0
3383,1.0,2,1,1
3384,0.2,0,0,1
3385,1.0,2,1,0
3386,0.2,1,0,0
3387,0.2,1,0,0
3388,2.2,2,1,1
3389,0.2,1,0,0
3390,1.0,3,1,0
3391,0.2,0,0,0
3392,0.2,2,0,0
3393,1.0,2,1,1
3394,2.2,1,1,1
3395,1.0,1,1,0
3396,0.2,2,0,0
3397,1.0,1,1,1
3398,1.0,2,0,0
3399,2.2,2,1,1
3400,1.0,1,1,0
3401,0.2,2,0,0
3402,0.2,2,0,0
3403,0.2,2,0,0
3404,1.0,1,1,0
3405,1.0,1,1,0
3406,1.0,0,1,0
3407,1.0,2,1,1
3408,0.2,1,0,0
3409,1.0,0,1,1
3410,1.0,1,1,0
3411,0.2,3,0,0
3412,2.2,0,1,1
3413,2.2,1,1,1
3414,0.2,1,0,0
3415,1.0,1,1,1
3416,0.2,3,0,0
3417,2.2,1,1,1
3418,1.0,0,1,1
3419,1.0,1,1,0
3420,3.0,3,1,1
3421,0.2,1,0,0
3422,0.2,2,0,0
3423,1.0,2,1,1
3424,1.0,1,1,0
3425,0.2,2,0,0
3426,1.0,0,1,1
3427,1.0,1,1,1
3428,1.0,2,1,0
3429,0.2,3,0,1
3430,1.0,2,1,1
3431,1.0,2,1,0
3432,0.2,1,0,0
3433,1.0,2,1,1
3434,2.2,1,1,1
3435,0.2,3,0,0
3436,0.2,0,0,1
3437,1.0,0,1,1
3438,1.0,3,1,0
3439,0.2,1,0,0
3440,1.0,2,1,1
3441,1.0,1,0,1
3442,0.6000000000000001,2,1,0
3443,1.0,2,1,1
3444,2.2,2,1,1
3445,0.2,2,0,0
3446,0.2,3,0,0
3447,0.2,1,0,0
3448,1.0,1,0,1
3449,0.2,2,0,0
3450,0.2,2,0,0
3451,0.2,2,0,0
3452,1.0,1,1,1
3453,0.2,0,0,0
3454,0.2,1,0,1
3455,1.0,2,0,1
3456,1.0,1,1,1
3457,1.0,1,1,1
3458,1.0,2,1,1
3459,1.0,3,1,0
3460,1.0,3,1,1
3461,1.0,1,0,1
3462,1.0,2,1,0
3463,1.0,3,1,0
3464,0.2,3,0,0
3465,0.2,2,0,0
3466,1.0,1,1,1
3467,0.2,2,0,0
3468,1.0,3,1,0
3469,1.0,3,1,0
3470,1.0,1,1,1
3471,1.0,2,1,1
3472,1.0,1,1,1
3473,1.0,1,1,1
3474,1.0,2,1,1
3475,1.0,1,1,1
3476,1.0,3,1,0
3477,1.0,2,1,1
3478,0.2,2,0,0
3479,1.0,1,1,1
3480,1.0,2,1,1
3481,2.2,2,1,1
3482,0.2,0,0,0
3483,1.0,2,0,1
3484,1.0,1,1,1
3485,0.2,1,0,0
3486,1.0,2,1,0
3487,1.0,0,1,1
3488,0.2,2,0,1
3489,1.0,2,0,0
3490,0.2,2,0,0
3491,0.2,1,0,0
3492,0.2,2,0,0
3493,2.2,0,0,1
3494,1.0,1,1,1
3495,1.0,1,1,1
3496,1.0,2,1,1
3497,1.0,2,1,0
3498,1.0,0,1,1
3499,0.2,2,0,0
3500,1.0,0,1,1
3501,1.0,1,1,1
3502,2.2,1,1,1
3503,1.0,1,1,1
3504,0.2,2,0,0
3505,1.0,1,1,1
3506,0.2,1,0,0
3507,1.0,1,0,1
3508,0.2,2,0,0
3509,0.2,2,0,0
3510,1.0,1,1,1
3511,2.2,1,1,1
3512,1.0,2,1,1
3513,2.2,1,1,1
3514,1.0,1,1,1
3515,0.2,1,0,0
3516,1.0,2,1,0
3517,0.2,2,0,0
3518,2.2,1,1,1
3519,1.0,1,0,1
3520,2.2,2,1,1
3521,0.2,1,0,0
3522,1.0,1,1,0
3523,1.0,0,0,0
3524,0.2,1,0,0
3525,0.2,2,0,0
3526,2.2,1,1,1
3527,0.2,0,0,0
3528,2.2,2,1,1
3529,2.2,0,1,1
3530,1.0,1,1,1
3531,1.0,2,1,1
3532,1.0,2,1,0
3533,0.2,1,0,0
3534,1.0,1,1,0
3535,2.2,2,1,1
3536,0.2,2,0,1
3537,1.0,0,1,0
3538,0.2,2,0,0
3539,0.2,1,0,1
3540,1.0,1,0,1
3541,2.2,2,0,1
3542,0.2,2,0,0
3543,2.2,2,1,1
3544,1.0,2,1,0
3545,0.2,1,0,0
3546,0.6000000000000001,3,1,1
3547,0.2,1,0,1
3548,1.0,2,1,1
3549,0.2,2,0,0
3550,1.0,2,1,1
3551,0.2,1,0,0
3552,0.2,2,0,0
3553,0.2,1,0,0
3554,1.0,1,1,1
3555,1.0,2,1,0
3556,2.2,3,1,1
3557,0.2,2,0,0
3558,0.2,0,0,0
3559,1.0,1,0,1
3560,1.0,3,1,1
3561,1.0,1,1,1
3562,1.0,0,1,1
3563,0.2,2,0,0
3564,1.0,1,1,1
3565,2.2,1,1,1
3566,0.2,2,0,1
3567,2.2,3,0,1
3568,1.0,1,1,1
3569,2.2,1,1,1
3570,0.2,1,0,0
3571,1.0,0,1,1
3572,0.2,1,0,0
3573,1.0,2,1,1
3574,0.2,2,0,0
3575,1.0,1,1,1
3576,0.2,1,0,0
3577,1.0,1,1,1
3578,0.2,1,0,0
3579,1.0,1,1,1
3580,0.2,2,0,0
3581,0.2,3,0,0
3582,2.2,2,1,1
3583,0.2,2,0,0
3584,0.2,1,0,0
3585,1.0,2,1,0
3586,2.5999999999999996,2,1,1
3587,0.2,2,0,0
3588,0.2,2,0,0
3589,0.2,2,0,0
3590,0.2,0,0,0
3591,1.0,1,1,1
3592,1.0,1,1,0
3593,0.2,1,0,0
3594,0.2,1,0,0
3595,0.2,1,0,0
3596,0.2,3,0,0
3597,1.0,2,1,1
3598,0.2,1,0,0
3599,0.2,2,0,0
3600,0.2,2,0,0
3601,1.0,1,0,0
3602,0.2,3,0,0
3603,1.0,2,1,0
3604,2.2,0,0,1
3605,2.2,1,1,1
3606,0.2,2,0,0
3607,1.0,2,1,0
3608,0.2,2,0,0
3609,0.2,1,0,0
3610,0.2,0,0,0
3611,0.2,1,0,0
3612,1.0,2,1,0
3613,1.0,1,0,1
3614,0.2,3,0,0
3615,1.0,0,1,0
3616,0.2,2,0,0
3617,1.0,1,0,0
3618,1.0,3,1,1
3619,1.0,1,1,0
3620,1.0,2,1,0
3621,1.0,2,1,1
3622,1.0,1,1,0
3623,0.2,0,0,0
3624,1.0,1,1,1
3625,1.0,1,1,1
3626,1.0,0,1,1
3627,2.2,1,0,1
3628,1.0,1,1,0
3629,0.2,3,0,0
3630,1.0,1,1,1
3631,1.0,1,1,1
3632,1.4,1,1,0
3633,1.0,1,1,0
3634,1.0,3,0,1
3635,2.2,1,1,1
3636,2.2,0,1,1
3637,0.2,2,0,0
3638,1.0,1,1,0
3639,0.2,1,0,0
3640,0.2,0,0,0
3641,1.0,3,0,1
3642,0.2,1,0,0
3643,1.0,1,1,1
3644,0.2,2,0,0
3645,0.2,1,0,0
3646,2.2,3,1,1
3647,1.0,1,1,1
3648,1.0,1,1,1
3649,1.0,0,1,0
3650,0.2,3,0,0
3651,1.0,3,1,0
3652,1.0,2,1,1
3653,1.0,2,0,1
3654,1.0,3,1,0
3655,0.2,2,0,0
3656,1.0,1,1,1
3657,1.0,1,0,1
3658,2.2,1,1,1
3659,1.0,1,1,1
3660,0.2,3,0,0
3661,0.2,3,0,1
3662,1.0,2,1,0
3663,0.2,3,0,0
3664,0.2,1,0,0
3665,1.0,3,1,0
3666,0.2,2,0,0
3667,0.2,1,0,0
3668,1.0,2,0,1
3669,1.0,1,1,1
3670,0.2,2,0,0
3671,0.2,2,0,1
3672,0.2,0,0,0
3673,1.0,1,1,1
3674,1.0,3,1,1
3675,1.0,3,0,0
3676,1.0,0,1,1
3677,1.0,2,1,1
3678,1.0,1,1,1
3679,2.2,1,1,1
3680,1.0,0,0,1
3681,1.0,1,1,1
3682,1.0,2,1,0
3683,2.2,2,1,1
3684,0.2,0,0,0
3685,1.0,0,0,1
3686,0.2,3,0,0
3687,1.0,2,1,0
3688,0.2,2,0,0
3689,1.0,0,1,1
3690,0.2,3,0,0
3691,2.2,0,1,1
3692,1.0,2,1,0
3693,0.2,1,0,0
3694,1.0,3,1,0
3695,1.0,2,0,1
3696,1.0,1,0,1
3697,1.0,2,1,0
3698,0.2,0,0,0
3699,1.0,3,1,0
3700,1.0,3,0,1
3701,1.0,1,1,1
3702,0.2,1,0,0
3703,0.2,1,0,0
3704,0.2,2,0,0
3705,1.0,1,0,1
3706,0.2,0,0,0
3707,1.0,2,1,0
3708,1.0,0,1,1
3709,1.0,1,1,1
3710,1.0,3,0,0
3711,1.0,1,1,1
3712,1.0,2,1,1
3713,0.2,2,0,0
3714,0.2,2,0,0
3715,0.2,2,0,1
3716,1.0,0,0,0
3717,1.0,2,1,1
3718,2.2,1,1,1
3719,0.2,0,0,0
3720,1.0,2,1,1
3721,0.2,1,0,1
3722,2.2,2,1,1
3723,1.0,0,1,0
3724,1.0,1,1,1
3725,1.0,2,1,0
3726,0.2,2,0,0
3727,0.2,2,0,0
3728,0.2,1,0,0
3729,1.0,1,1,0
3730,0.2,2,0,0
3731,1.0,1,1,1
3732,1.0,3,1,1
3733,2.2,0,1,1
3734,0.2,2,0,0
3735,1.0,1,1,1
3736,1.0,1,1,1
3737,1.0,1,1,1
3738,1.0,2,0,1
3739,1.0,2,1,1
3740,1.0,2,1,1
3741,1.0,0,1,1
3742,1.0,2,1,1
3743,1.0,1,1,1
3744,0.2,0,0,0
3745,1.0,1,1,1
3746,1.0,0,0,1
3747,1.0,2,1,1
3748,2.2,1,1,1
3749,1.0,2,1,1
3750,0.2,1,0,0
3751,0.2,0,0,0
3752,0.2,1,0,0
3753,0.2,2,0,1
3754,2.2,1,1,1
3755,1.0,0,0,1
3756,1.4,0,1,1
3757,1.0,1,1,1
3758,0.2,1,0,1
3759,0.2,1,0,0
3760,1.0,3,1,0
3761,1.0,3,1,1
3762,1.0,1,1,1
3763,2.2,2,1,1
3764,1.0,2,1,0
3765,1.0,2,0,1
3766,0.2,1,0,0
3767,2.2,1,1,1
3768,0.2,1,0,0
3769,0.2,2,0,0
3770,1.0,1,0,0
3771,1.0,2,1,0
3772,1.0,1,1,1
3773,0.2,2,0,1
3774,1.0,1,1,0
3775,0.2,1,0,0
3776,1.0,2,0,0
3777,1.0,3,1,1
3778,2.2,2,1,1
3779,2.2,2,1,1
3780,0.2,3,0,0
3781,0.2,2,0,0
3782,0.2,3,0,0
3783,0.2,2,0,0
3784,1.0,0,0,1
3785,2.2,1,0,1
3786,1.0,1,1,1
3787,0.6000000000000001,2,1,0
3788,1.0,1,1,0
3789,0.2,2,0,0
3790,1.0,2,1,0
3791,0.2,2,0,0
3792,1.0,3,1,1
3793,2.2,1,0,1
3794,2.2,3,0,1
3795,1.0,2,1,0
3796,2.2,2,1,1
3797,1.0,0,1,1
3798,2.2,1,1,1
3799,0.2,1,0,0
3800,0.2,1,0,1
3801,2.2,0,1,1
3802,1.0,1,1,0
3803,0.2,1,0,0
3804,0.2,2,0,0
3805,1.0,2,1,1
3806,0.2,2,0,0
3807,2.2,2,1,1
3808,0.2,2,0,0
3809,1.0,3,0,1
3810,1.0,1,0,0
3811,0.2,2,0,1
3812,1.0,1,1,1
3813,0.2,2,0,1
3814,1.0,3,1,0
3815,1.0,1,1,1
3816,0.2,0,0,0
3817,1.0,1,1,1
3818,0.2,2,0,0
3819,2.2,0,1,1
3820,0.2,3,0,0
3821,0.2,1,0,1
3822,1.0,2,1,0
3823,1.0,2,1,0
3824,1.0,2,1,1
3825,1.0,1,1,1
3826,1.0,1,1,1
3827,0.2,1,0,1
3828,0.2,2,0,0
3829,1.0,1,1,1
3830,0.2,0,0,0
3831,0.2,2,0,0
3832,1.0,1,1,0
3833,0.2,2,0,0
3834,0.2,3,0,1
3835,1.0,2,1,1
3836,0.2,2,0,0
3837,0.2,2,0,0
3838,0.2,1,0,0
3839,3.8,2,1,1
3840,2.2,1,1,1
3841,1.0,3,1,0
3842,1.0,2,1,0
3843,0.2,1,0,0
3844,2.2,2,1,1
3845,2.2,2,1,1
3846,1.0,1,1,1
3847,1.0,1,0,1
3848,0.2,1,0,1
3849,1.0,1,0,1
3850,1.0,1,1,1
3851,1.0,2,1,0
3852,1.0,2,1,1
3853,1.0,0,1,1
3854,0.2,0,0,0
3855,1.0,3,1,1
3856,1.0,1,1,1
3857,1.0,2,1,1
3858,1.0,1,1,0
3859,0.2,1,0,0
3860,1.0,1,1,1
3861,0.2,3,0,0
3862,1.0,2,1,1
3863,1.0,1,1,1
3864,1.0,2,1,1
3865,1.0,2,1,1
3866,1.0,0,1,1
3867,0.2,2,0,1
3868,0.2,3,0,0
3869,2.2,3,1,1
3870,1.0,0,1,1
3871,0.2,1,0,0
3872,1.0,2,1,1
3873,1.0,2,1,1
3874,1.0,2,0,0
3875,2.2,2,1,1
3876,0.2,1,0,1
3877,1.0,2,1,1
3878,1.0,2,1,1
3879,1.0,2,1,1
3880,1.0,1,1,0
3881,0.2,2,0,0
3882,0.2,2,0,0
3883,0.2,1,0,0
3884,0.2,1,0,1
3885,1.0,3,1,1
3886,1.0,2,0,1
3887,1.0,0,1,1
3888,0.2,1,0,1
3889,2.2,3,0,1
3890,2.2,0,0,1
3891,1.0,0,1,1
3892,0.2,2,0,0
3893,0.2,0,0,0
3894,1.0,1,0,1
3895,1.0,3,1,1
3896,2.2,3,1,1
3897,0.2,0,0,0
3898,1.0,2,1,1
3899,0.2,0,0,0
3900,2.2,1,1,1
3901,0.2,2,0,0
3902,0.2,2,0,0
3903,1.0,1,1,1
3904,1.0,1,1,1
3905,1.0,1,0,0
3906,0.2,1,0,0
3907,0.2,1,0,0
3908,1.0,1,0,0
3909,0.2,2,0,0
3910,1.0,1,1,1
3911,0.2,1,0,0
3912,1.0,3,1,0
3913,0.2,2,0,0
3914,0.2,0,0,0
3915,0.2,1,0,0
3916,1.0,1,1,1
3917,1.0,2,1,0
3918,0.2,1,0,0
3919,0.2,2,0,0
3920,2.2,0,1,1
3921,0.2,2,0,0
3922,1.0,1,1,1
3923,1.0,1,1,1
3924,0.2,1,0,1
3925,1.0,1,1,0
3926,0.2,1,0,0
3927,1.0,3,1,0
3928,0.2,1,0,0
3929,1.0,3,1,1
3930,0.2,2,0,0
3931,0.2,1,0,0
3932,0.2,2,0,0
3933,0.2,2,0,0
3934,0.2,2,0,0
3935,1.0,1,0,0
3936,0.2,2,0,0
3937,1.0,2,0,0
3938,0.2,3,0,0
3939,1.0,1,1,1
3940,0.2,0,0,0
3941,0.2,3,0,0
3942,1.0,1,1,0
3943,1.0,1,1,0
3944,0.2,2,0,0
3945,0.2,1,0,0
3946,1.0,2,1,1
3947,0.2,0,0,0
3948,1.0,2,1,0
3949,1.0,1,0,0
3950,1.0,1,1,1
3951,1.0,2,1,1
3952,1.0,1,1,1
3953,1.0,3,0,1
3954,1.0,1,1,1
3955,0.2,3,0,0
3956,0.2,1,0,0
3957,0.2,2,0,0
3958,2.2,1,1,1
3959,0.2,2,0,0
3960,1.0,1,1,1
3961,1.0,2,0,1
3962,1.0,2,1,1
3963,1.0,2,1,1
3964,1.0,3,1,0
3965,1.0,1,1,1
3966,0.2,1,0,0
3967,1.0,1,1,1
3968,0.2,3,0,0
3969,1.0,1,1,0
3970,0.2,3,0,0
3971,2.2,2,1,1
3972,1.0,2,1,1
3973,1.0,2,1,0
3974,1.0,1,0,1
3975,1.0,0,1,0
3976,1.0,2,1,1
3977,0.2,1,0,1
3978,0.2,2,0,0
3979,1.0,0,1,1
3980,1.0,1,1,0
3981,0.2,1,0,0
3982,1.0,1,1,1
3983,0.2,1,0,0
3984,1.0,2,1,1
3985,0.2,1,0,0
3986,1.0,1,1,1
3987,0.2,2,0,0
3988,0.2,1,0,0
3989,0.2,1,0,0
3990,0.2,3,0,0
3991,1.0,2,1,0
3992,1.0,1,1,1
3993,0.2,3,0,0
3994,0.2,2,0,0
3995,0.2,3,0,1
3996,1.0,1,1,1
3997,0.2,2,0,0
3998,1.0,1,1,1
3999,0.2,1,0,0
4000,0.2,1,0,0
4001,2.2,1,1,1
4002,1.0,2,0,0
4003,0.2,3,0,0
4004,2.2,2,0,1
4005,1.0,0,1,1
4006,0.2,2,0,0
4007,0.2,2,0,0
4008,0.2,1,0,0
4009,1.0,0,1,1
4010,0.2,2,0,0
4011,1.0,1,1,0
4012,0.2,0,0,0
4013,0.2,2,0,0
4014,1.0,2,0,1
4015,1.0,1,1,1
4016,0.2,1,0,0
4017,0.2,1,0,0
4018,0.2,1,0,0
4019,1.0,2,0,1
4020,1.0,2,1,0
4021,1.0,1,1,0
4022,1.0,1,1,0
4023,1.0,1,1,0
4024,0.2,2,0,0
4025,0.2,3,0,0
4026,0.2,1,0,0
4027,1.0,1,1,1
4028,1.0,0,1,1
4029,0.2,0,0,0
4030,0.2,3,0,0
4031,1.0,1,1,0
4032,1.0,1,0,1
4033,1.0,1,1,1
4034,1.0,3,1,1
4035,0.2,2,0,0
4036,1.0,2,1,1
4037,1.0,1,1,0
4038,2.2,1,1,1
4039,1.0,1,0,1
4040,1.0,2,1,1
4041,1.0,2,1,0
4042,0.2,2,0,0
4043,2.2,1,1,1
4044,0.2,0,0,0
4045,1.0,2,1,1
4046,1.0,2,1,0
4047,0.2,2,0,0
4048,1.0,2,1,1
4049,1.0,2,1,0
4050,1.0,2,0,1
4051,0.2,2,0,0
4052,1.0,2,1,0
4053,1.0,2,1,0
4054,0.2,1,0,0
4055,0.2,2,0,0
4056,1.0,2,0,0
4057,0.2,3,0,0
4058,0.2,2,0,0
4059,1.0,1,1,0
4060,1.0,2,1,1
4061,2.2,1,1,1
4062,1.0,1,0,0
4063,1.0,2,1,1
4064,0.2,3,0,0
4065,0.2,3,0,0
4066,0.2,1,0,1
4067,0.2,0,0,0
4068,0.2,1,0,0
4069,1.0,0,1,0
4070,1.0,0,0,1
4071,1.0,2,1,1
4072,0.2,3,0,0
4073,1.0,1,0,1
4074,1.0,1,1,1
4075,1.0,2,1,0
4076,0.2,3,0,0
4077,1.0,2,1,0
4078,1.0,1,1,1
4079,0.2,3,0,0
4080,0.2,1,0,0
4081,0.2,3,0,0
4082,1.0,1,1,0
4083,1.0,1,1,1
4084,3.0,1,1,1
4085,0.2,1,0,0
4086,1.0,3,1,0
4087,1.0,3,0,1
4088,0.2,0,0,0
4089,0.2,3,0,0
4090,2.2,1,1,1
4091,1.0,2,1,1
4092,1.0,2,1,1
4093,0.2,2,0,0
4094,2.2,1,1,1
4095,0.2,1,0,0
4096,1.0,3,1,0
4097,2.2,2,1,1
4098,0.2,3,0,0
4099,2.2,2,0,1
4100,0.2,2,0,1
4101,0.2,2,0,0
4102,2.2,2,1,1
4103,0.2,0,0,0
4104,2.2,0,1,1
4105,1.0,3,1,1
4106,1.0,1,1,0
4107,1.0,2,1,0
4108,0.2,3,0,0
4109,0.2,1,0,0
4110,2.2,1,1,1
4111,1.0,2,1,1
4112,0.2,0,0,0
4113,1.0,1,0,0
4114,1.0,2,1,0
4115,0.2,1,0,0
4116,1.0,1,1,0
4117,1.0,3,0,1
4118,2.2,1,1,1
4119,2.2,1,1,1
4120,1.0,1,0,1
4121,1.0,1,1,1
4122,0.2,3,0,0
4123,1.0,1,1,1
4124,0.2,1,0,0
4125,1.0,1,1,0
4126,1.0,2,0,1
4127,1.0,0,1,1
4128,1.0,1,0,1
4129,0.2,0,0,0
4130,0.2,2,0,0
4131,1.0,1,1,0
4132,1.0,1,1,1
4133,1.0,1,1,1
4134,1.0,1,1,1
4135,0.2,3,0,0
4136,2.2,2,0,1
4137,0.2,1,0,0
4138,1.0,1,1,1
4139,0.2,2,0,1
4140,1.0,2,0,0
4141,2.5999999999999996,0,1,0
4142,1.0,0,1,1
4143,1.0,1,1,1
4144,1.0,2,1,0
4145,1.0,1,1,1
4146,1.0,1,1,1
4147,0.2,1,0,0
4148,1.0,1,1,1
4149,0.2,3,0,0
4150,1.0,2,1,1
4151,0.2,1,0,1
4152,1.0,2,1,1
4153,1.0,2,1,1
4154,0.2,2,0,0
4155,1.0,1,0,1
4156,1.0,2,0,1
4157,1.0,1,1,1
4158,0.2,0,0,1
4159,0.2,2,0,0
4160,1.0,3,1,1
4161,1.0,1,1,1
4162,0.2,3,0,0
4163,0.2,2,0,0
4164,1.0,1,0,1
4165,1.0,0,0,1
4166,2.2,1,0,1
4167,0.2,1,0,0
4168,2.2,2,0,1
4169,1.0,1,1,0
4170,1.0,1,0,0
4171,1.0,2,1,1
4172,1.0,0,1,1
4173,1.0,2,1,1
4174,1.0,1,1,1
4175,2.2,1,1,1
4176,2.2,0,1,1
4177,2.2,1,1,1
4178,1.0,3,1,1
4179,0.2,2,0,1
4180,0.2,3,0,0
4181,1.0,2,1,0
4182,0.2,2,0,0
4183,1.0,3,0,0
4184,0.2,2,0,0
4185,1.0,1,1,1
4186,1.0,1,1,1
4187,1.0,3,1,1
4188,0.2,1,0,0
4189,1.0,0,1,1
4190,0.2,1,0,0
4191,1.0,2,1,1
4192,0.2,1,0,0
4193,2.2,1,1,1
4194,1.0,1,1,0
4195,1.0,2,1,1
4196,1.0,3,1,0
4197,1.0,1,0,0
4198,0.2,1,0,1
4199,0.2,2,0,0
4200,0.2,1,0,0
4201,1.0,3,1,0
4202,0.2,2,0,0
4203,0.2,2,0,0
4204,1.0,2,1,1
4205,0.2,1,0,0
4206,0.2,3,0,0
4207,1.0,1,1,1
4208,1.0,1,1,1
4209,0.2,2,0,0
4210,0.2,3,0,0
4211,1.0,1,1,1
4212,1.0,0,1,1
4213,1.0,2,1,1
4214,1.0,1,1,1
4215,0.2,0,0,0
4216,0.2,2,0,0
4217,1.0,2,1,1
4218,1.0,1,1,0
4219,1.0,2,1,0
4220,1.0,3,1,0
4221,0.2,2,0,0
4222,1.0,2,1,0
4223,0.2,1,0,1
4224,1.0,0,1,1
4225,1.0,0,1,0
4226,1.0,2,1,1
4227,0.2,2,0,0
4228,3.8,1,1,0
4229,0.2,1,0,0
4230,0.2,2,0,0
4231,1.0,1,1,1
4232,1.0,2,0,1
4233,1.0,1,1,1
4234,1.0,2,1,1
4235,0.2,2,0,0
4236,1.0,1,1,0
4237,0.2,0,0,0
4238,0.2,2,0,0
4239,0.2,0,0,0
4240,1.0,0,1,1
4241,1.0,2,1,1
4242,0.2,1,0,1
4243,0.2,3,0,0
4244,0.2,1,0,0
4245,0.2,0,0,0
4246,1.0,2,1,0
4247,0.2,1,0,0
4248,0.2,3,0,0
4249,0.2,1,0,0
4250,1.0,1,0,0
4251,0.2,0,0,0
4252,1.0,1,1,0
4253,0.2,0,0,0
4254,1.0,0,1,1
4255,0.2,1,0,0
4256,0.2,1,0,0
4257,0.2,1,0,0
4258,0.2,1,0,0
4259,1.0,2,1,1
4260,0.2,1,0,0
4261,2.2,2,1,1
4262,0.2,0,0,0
4263,0.2,2,0,0
4264,0.2,1,0,1
4265,1.0,0,1,1
4266,1.0,0,1,1
4267,0.2,2,0,0
4268,0.2,3,0,0
4269,1.0,2,0,0
4270,2.2,3,0,1
4271,2.2,2,1,1
4272,1.0,0,1,1
4273,0.2,2,0,0
4274,0.2,2,0,0
4275,0.2,1,0,0
4276,2.2,1,1,1
4277,1.0,0,1,0
4278,1.0,1,1,1
4279,0.2,3,0,0
4280,1.0,2,1,0
4281,1.0,0,1,1
4282,0.2,2,0,0
4283,1.0,3,1,0
4284,1.0,0,1,1
4285,1.0,1,1,1
4286,1.0,2,0,1
4287,2.2,1,1,1
4288,0.2,3,0,0
4289,1.0,2,1,0
4290,0.2,2,0,0
4291,2.2,2,1,1
4292,0.2,2,0,1
4293,1.0,3,0,1
4294,1.0,2,1,1
4295,1.0,1,1,1
4296,1.0,2,0,0
4297,1.0,2,1,1
4298,1.0,0,0,0
4299,1.0,1,1,0
4300,0.2,2,0,0
4301,1.0,2,1,0
4302,1.0,1,1,0
4303,2.2,2,1,1
4304,0.2,3,0,0
4305,0.2,3,0,0
4306,0.2,1,0,0
4307,1.0,1,1,1
4308,0.2,2,0,1
4309,1.0,2,1,1
4310,1.0,2,1,1
4311,1.0,1,1,0
4312,1.0,1,1,0
4313,0.2,2,0,0
4314,1.0,2,1,1
4315,0.2,1,0,0
4316,1.0,3,1,1
4317,2.2,0,1,1
4318,0.2,2,0,0
4319,1.0,3,1,1
4320,0.2,2,0,0
4321,2.2,3,1,1
4322,1.0,1,1,1
4323,2.2,0,1,1
4324,1.0,0,1,0
4325,0.2,1,0,0
4326,0.2,1,0,0
4327,1.0,1,0,1
4328,1.0,2,1,1
4329,1.0,1,0,0
4330,1.0,3,1,0
4331,1.0,3,1,1
4332,1.0,1,1,1
4333,1.0,2,1,1
4334,0.2,2,0,0
4335,1.0,3,1,1
4336,0.2,2,0,1
4337,1.0,3,1,0
4338,0.2,2,0,0
4339,0.2,1,0,0
4340,1.0,2,1,0
4341,0.2,2,0,0
4342,0.2,2,0,0
4343,1.0,0,1,1
4344,1.0,0,1,1
4345,1.0,1,1,1
4346,1.0,2,1,0
4347,0.2,2,0,0
4348,1.0,2,1,1
4349,2.2,1,1,1
4350,1.0,3,1,0
4351,1.0,2,1,0
4352,1.0,0,1,1
4353,0.2,2,0,0
4354,0.2,2,0,0
4355,1.0,1,1,0
4356,1.0,1,0,1
4357,1.0,2,0,1
4358,0.2,0,0,0
4359,0.2,2,0,0
4360,0.2,2,0,0
4361,1.0,2,1,1
4362,0.2,2,0,0
4363,1.0,2,1,1
4364,1.0,3,1,1
4365,0.2,1,0,0
4366,0.2,1,0,1
4367,1.0,1,1,1
4368,0.2,1,0,0
4369,0.2,0,0,1
4370,1.0,3,0,1
4371,1.0,0,0,1
4372,0.2,1,0,0
4373,0.2,1,0,0
4374,0.2,1,0,0
4375,0.2,3,0,0
4376,1.0,1,1,1
4377,1.0,2,1,1
4378,1.0,1,1,1
4379,0.2,3,0,0
4380,1.0,1,1,0
4381,0.2,1,0,0
4382,1.0,2,1,1
4383,0.2,2,0,0
4384,0.2,1,0,0
4385,2.2,1,1,1
4386,1.0,2,1,1
4387,1.0,3,1,0
4388,1.0,2,1,0
4389,0.2,2,0,0
4390,0.2,2,0,0
4391,1.0,1,1,1
4392,0.2,2,0,0
4393,1.0,1,1,1
4394,2.2,2,1,1
4395,1.0,3,1,1
4396,0.2,2,0,0
4397,0.2,1,0,0
4398,0.2,1,0,0
4399,0.2,1,0,0
4400,0.2,1,0,0
4401,0.2,2,0,0
4402,0.2,2,0,1
4403,1.0,2,1,1
4404,0.2,2,0,0
4405,0.2,1,0,1
4406,1.0,2,1,0
4407,0.2,1,0,0
4408,1.0,1,1,0
4409,0.2,1,0,0
4410,0.2,0,0,0
4411,0.2,1,0,0
4412,1.0,3,0,0
4413,1.0,1,1,1
4414,1.0,0,1,1
4415,0.2,1,0,0
4416,1.0,1,0,1
4417,2.2,3,1,1
4418,1.0,2,1,1
4419,1.0,1,1,0
4420,0.2,2,0,0
4421,0.2,2,0,0
4422,1.0,3,1,1
4423,1.0,1,1,1
4424,0.2,2,0,0
4425,0.2,2,0,0
4426,1.0,2,1,0
4427,0.2,3,0,0
4428,1.0,1,1,1
4429,0.2,3,0,0
4430,0.2,1,0,0
4431,1.0,3,1,0
4432,1.0,1,0,1
4433,1.0,1,1,0
4434,0.2,2,0,0
4435,0.2,2,0,0
4436,1.0,1,0,0
4437,1.0,0,0,1
4438,2.2,1,1,1
4439,0.2,2,0,0
4440,1.0,0,1,1
4441,1.0,3,1,0
4442,2.2,2,1,1
4443,2.2,2,1,1
4444,1.0,1,0,1
4445,1.0,1,0,1
4446,1.0,1,1,1
4447,2.2,0,1,1
4448,0.2,2,0,0
4449,2.2,1,1,1
4450,1.0,2,1,1
4451,1.0,1,1,1
4452,1.0,0,1,1
4453,0.2,1,0,0
4454,0.2,0,0,0
4455,1.0,1,1,1
4456,1.0,1,1,1
4457,1.0,1,1,0
4458,0.2,1,0,0
4459,0.2,1,0,0
4460,2.2,3,1,1
4461,1.0,1,1,1
4462,1.0,2,1,0
4463,1.4,1,1,0
4464,2.2,2,1,1
4465,0.2,2,0,1
4466,1.0,2,1,1
4467,0.2,2,0,0
4468,1.0,2,1,0
4469,0.2,1,0,0
4470,0.2,2,0,0
4471,0.2,1,0,0
4472,0.2,1,0,0
4473,1.0,2,1,1
4474,1.0,1,1,1
4475,1.0,1,0,1
4476,1.0,0,1,1
4477,1.0,2,1,1
4478,1.0,2,1,0
4479,1.0,0,1,1
4480,1.0,2,1,1
4481,0.2,1,0,0
4482,1.0,1,1,0
4483,1.0,2,1,0
4484,1.0,1,1,0
4485,1.0,2,1,0
4486,2.2,2,1,1
4487,1.0,1,1,1
4488,0.2,3,0,0
4489,2.2,2,1,1
4490,1.0,0,1,1
4491,1.0,1,1,1
4492,1.0,0,1,1
4493,0.2,2,0,0
4494,1.0,1,0,1
4495,1.0,3,0,1
4496,1.0,2,1,1
4497,0.2,2,0,0
4498,0.2,1,0,0
4499,0.2,1,0,1
4500,1.0,0,1,1
4501,0.2,2,0,0
4502,2.2,0,1,1
4503,2.2,1,1,1
4504,1.0,2,0,0
4505,0.2,2,0,0
4506,0.2,2,0,0
4507,1.0,1,1,1
4508,0.2,1,0,0
4509,1.0,1,1,1
4510,0.2,3,0,0
4511,1.0,0,0,1
4512,0.2,2,0,1
4513,0.2,1,0,0
4514,1.0,2,0,1
4515,1.0,1,0,1
4516,1.0,1,1,1
4517,0.2,1,0,0
4518,1.0,2,1,1
4519,2.5999999999999996,1,1,1
4520,1.0,1,1,1
4521,1.0,1,1,0
4522,1.0,3,1,1
4523,1.0,1,1,1
4524,0.2,2,0,1
4525,1.0,2,1,1
4526,0.2,1,0,0
4527,1.0,2,1,1
4528,2.2,1,1,1
4529,0.2,2,0,0
4530,1.0,2,1,1
4531,1.0,1,1,0
4532,1.0,2,1,0
4533,1.0,1,1,0
4534,1.0,1,1,1
4535,1.0,0,1,1
4536,1.0,1,1,0
4537,1.0,1,1,0
4538,1.0,0,1,0
4539,1.0,1,1,0
4540,1.0,2,1,1
4541,1.0,2,1,0
4542,2.2,2,1,1
4543,1.0,3,1,1
4544,1.0,1,1,1
4545,0.2,2,0,0
4546,1.0,2,1,1
4547,1.0,1,1,1
4548,1.0,1,1,0
4549,0.2,1,0,0
4550,1.0,3,1,1
4551,1.0,2,1,0
4552,1.0,1,0,0
4553,1.0,2,1,1
4554,1.0,2,1,1
4555,1.0,1,1,1
4556,1.0,1,0,1
4557,1.0,1,1,0
4558,1.0,1,1,1
4559,0.2,3,0,0
4560,1.0,1,1,1
4561,1.0,2,0,1
4562,1.0,1,1,1
4563,0.2,0,0,1
4564,2.2,0,1,1
4565,0.2,2,0,0
4566,0.2,0,0,0
4567,1.0,1,0,1
4568,0.2,1,0,0
4569,1.0,1,1,0
4570,1.0,1,1,0
4571,0.2,2,0,0
4572,0.2,1,0,0
4573,1.0,1,1,1
4574,1.0,1,1,1
4575,1.0,2,1,0
4576,0.2,1,0,0
4577,0.2,3,0,0
4578,1.0,1,1,1
4579,2.2,0,1,1
4580,1.0,1,1,0
4581,1.0,1,0,1
4582,0.2,2,0,0
4583,0.2,2,0,0
4584,0.2,2,0,0
4585,0.2,2,0,0
4586,0.2,1,0,0
4587,0.2,3,0,0
4588,0.2,1,0,0
4589,1.0,2,1,0
4590,0.2,0,0,0
4591,1.0,2,1,1
4592,2.2,2,1,1
4593,0.2,1,0,0
4594,0.2,2,0,0
4595,1.0,2,1,1
4596,1.0,0,1,1
4597,0.2,0,0,0
4598,0.2,2,0,0
4599,1.0,1,1,1
4600,0.2,2,0,0
4601,1.0,0,1,1
4602,1.0,1,0,1
4603,0.2,0,0,0
4604,0.2,0,0,1
4605,1.0,2,1,0
4606,1.0,0,1,1
4607,1.0,1,1,0
4608,0.2,2,0,0
4609,1.0,2,1,0
4610,0.2,1,0,0
4611,0.2,3,0,0
4612,1.0,3,1,0
4613,0.2,0,0,0
4614,0.2,1,0,0
4615,1.0,1,1,1
4616,1.0,3,1,0
4617,0.2,2,0,0
4618,1.0,0,1,1
4619,1.0,0,0,1
4620,1.0,1,1,0
4621,1.0,2,1,1
4622,1.0,0,0,1
4623,0.2,0,0,0
4624,0.2,2,0,0
4625,1.0,1,1,1
4626,1.0,1,1,1
4627,0.2,2,0,0
4628,0.2,2,0,0
4629,1.0,1,1,1
4630,0.2,0,0,1
4631,1.0,1,1,1
4632,1.0,1,0,1
4633,0.2,0,0,1
4634,1.0,3,0,1
4635,0.2,1,0,0
4636,0.2,2,0,0
4637,1.0,2,1,1
4638,0.2,1,0,0
4639,0.2,2,0,0
4640,0.2,3,0,0
4641,0.2,1,0,0
4642,1.0,1,0,1
4643,0.2,1,0,0
4644,1.0,2,1,1
4645,1.0,3,1,0
4646,1.0,2,0,1
4647,0.2,1,0,0
4648,1.0,0,1,1
4649,1.0,1,1,1
4650,1.0,2,1,1
4651,1.0,2,1,1
4652,1.0,2,1,1
4653,1.0,1,1,1
4654,2.2,1,1,1
4655,1.0,1,1,1
4656,1.0,3,1,0
4657,2.2,2,1,1
4658,0.2,2,0,0
4659,0.2,2,0,0
4660,2.2,1,1,1
4661,1.0,1,1,0
4662,0.2,0,0,0
4663,1.0,3,1,1
4664,0.2,3,0,0
4665,1.0,2,1,1
4666,1.0,2,1,0
4667,1.0,0,1,1
4668,0.2,2,0,0
4669,1.0,3,1,1
4670,1.0,1,1,0
4671,0.2,0,0,1
4672,0.2,2,0,0
4673,1.0,1,1,0
4674,1.0,3,1,0
4675,1.0,0,0,1
4676,1.0,2,1,1
4677,0.2,1,0,0
4678,1.0,1,1,1
4679,2.2,2,1,1
4680,0.2,2,0,1
4681,0.2,2,0,0
4682,1.0,2,1,0
4683,2.2,2,1,1
4684,0.2,2,0,1
4685,2.2,1,1,1
4686,0.2,2,0,0
4687,0.2,2,0,0
4688,2.2,1,1,1
4689,1.0,2,1,0
4690,1.0,1,1,1
4691,0.2,2,0,0
4692,0.2,2,0,0
4693,1.0,2,0,1
4694,1.0,3,1,1
4695,2.2,2,1,1
4696,0.2,3,0,0
4697,1.0,2,1,1
4698,1.0,2,1,1
4699,0.2,2,0,0
4700,1.0,1,1,0
4701,1.0,2,1,0
4702,0.2,3,0,0
4703,0.2,1,0,0
4704,0.2,2,0,1
4705,0.2,1,0,1
4706,1.0,2,1,0
4707,0.2,1,0,0
4708,0.2,0,0,0
4709,0.2,2,0,0
4710,1.0,1,1,1
4711,1.0,2,1,1
4712,0.2,1,0,0
4713,1.0,3,1,0
4714,1.0,1,1,0
4715,1.0,0,0,0
4716,0.2,3,0,0
4717,0.2,1,0,1
4718,0.2,1,0,0
4719,1.0,2,1,1
4720,0.2,1,0,0
4721,1.0,1,1,1
4722,1.0,2,1,1
4723,1.0,1,1,1
4724,1.0,2,1,1
4725,2.2,1,0,1
4726,1.0,3,1,1
4727,1.0,1,1,0
4728,2.2,1,1,1
4729,1.0,2,1,1
4730,1.0,1,1,1
4731,0.2,2,0,1
4732,0.2,2,0,0
4733,0.2,2,0,0
4734,1.0,0,1,1
4735,1.0,2,1,1
4736,1.0,3,1,1
4737,0.2,1,0,0
4738,0.2,1,0,0
4739,0.2,3,0,0
4740,0.2,3,0,0
4741,1.0,1,1,0
4742,1.4,3,1,0
4743,1.0,2,1,1
4744,0.2,2,0,0
4745,0.2,1,0,0
4746,1.0,1,1,1
4747,2.2,1,1,1
4748,1.0,2,0,1
4749,1.0,1,1,0
4750,0.2,1,0,0
4751,1.0,2,1,0
4752,1.0,1,1,0
4753,0.2,2,0,0
4754,1.0,3,1,0
4755,0.2,1,0,0
4756,1.0,2,1,1
4757,1.0,3,1,0
4758,0.2,2,0,0
4759,1.0,2,1,1
4760,0.2,1,0,1
4761,0.2,1,0,0
4762,0.2,1,0,0
4763,1.0,1,1,0
4764,0.2,1,0,1
4765,1.0,1,1,1
4766,1.0,2,1,1
4767,1.0,2,1,0
4768,1.0,2,1,1
4769,0.2,1,0,0
4770,0.2,1,0,0
4771,1.0,2,1,1
4772,0.2,1,0,0
4773,1.0,2,1,1
4774,0.2,1,0,0
4775,1.0,2,1,0
4776,1.0,3,1,1
4777,1.0,3,1,0
4778,1.0,0,1,0
4779,0.2,1,0,0
4780,1.0,3,1,0
4781,0.2,2,0,0
4782,0.2,1,0,0
4783,0.2,2,0,0
4784,1.0,2,0,0
4785,1.0,2,1,1
4786,2.2,2,1,1
4787,1.0,2,1,1
4788,1.0,3,1,1
4789,0.2,0,0,1
4790,1.0,2,0,0
4791,1.0,2,1,1
4792,2.2,1,1,1
4793,0.2,2,0,0
4794,1.0,1,1,1
4795,1.0,3,1,1
4796,1.0,2,1,1
4797,0.2,0,0,1
4798,1.0,1,0,1
4799,1.0,2,1,1
4800,0.2,2,0,0
4801,0.2,1,0,0
4802,0.2,1,0,0
4803,1.0,1,1,1
4804,1.0,2,1,1
4805,0.2,2,0,0
4806,0.2,2,0,0
4807,1.0,1,1,0
4808,1.0,2,1,1
4809,0.2,3,0,0
4810,0.2,1,0,0
4811,1.0,2,0,0
4812,1.0,1,1,1
4813,0.2,3,0,1
4814,1.0,1,0,1
4815,0.2,1,0,1
4816,0.2,0,0,0
4817,1.0,1,0,1
4818,0.2,0,0,0
4819,2.2,3,1,1
4820,0.2,1,0,0
4821,2.2,2,1,1
4822,1.0,2,0,1
4823,1.0,2,1,1
4824,0.2,2,0,0
4825,1.0,3,1,0
4826,0.2,1,0,1
4827,0.2,0,0,0
4828,0.2,1,0,0
4829,0.2,3,0,0
4830,1.0,1,0,1
4831,1.0,2,1,1
4832,0.2,2,0,0
4833,0.2,2,0,0
4834,0.2,1,0,0
4835,1.0,3,1,0
4836,2.2,3,1,1
4837,1.0,1,1,1
4838,0.2,2,0,0
4839,0.2,3,0,0
4840,2.2,0,0,1
4841,2.2,3,1,1
4842,0.2,1,0,0
4843,0.2,2,0,0
4844,0.2,2,0,0
4845,0.2,2,0,0
4846,0.2,1,0,0
4847,2.2,1,1,1
4848,0.2,0,0,1
4849,0.2,1,0,0
4850,2.2,1,1,1
4851,1.0,0,0,1
4852,1.0,1,1,1
4853,0.2,3,0,0
4854,0.2,2,0,0
4855,0.2,2,0,0
4856,0.2,1,0,0
4857,1.0,0,0,1
4858,0.2,1,0,1
4859,0.2,3,0,0
4860,1.0,2,1,1
4861,0.2,2,0,0
4862,1.0,2,1,1
4863,2.2,2,0,1
4864,1.0,2,1,1
4865,2.2,1,1,1
4866,1.0,1,1,1
4867,1.0,0,1,1
4868,1.0,2,1,0
4869,1.0,1,1,0
4870,1.0,1,1,1
4871,1.0,2,1,1
4872,0.2,1,0,0
4873,1.0,2,1,0
4874,0.2,2,0,0
4875,1.0,2,1,1
4876,0.2,3,0,0
4877,1.0,1,1,0
4878,0.2,1,0,0
4879,1.0,2,0,1
4880,1.0,1,0,1
4881,0.2,2,0,0
4882,2.2,1,0,1
4883,1.0,2,1,1
4884,1.0,3,0,1
4885,0.2,2,0,1
4886,1.0,1,0,0
4887,1.0,1,1,0
4888,1.0,0,1,1
4889,0.2,2,0,0
4890,1.0,3,1,1
4891,0.2,0,0,0
4892,1.0,1,1,1
4893,1.0,1,1,1
4894,0.2,2,0,0
4895,1.0,2,1,0
4896,0.2,1,0,0
4897,0.2,0,0,0
4898,0.2,1,0,1
4899,0.2,2,0,0
4900,0.2,2,0,0
4901,0.2,1,0,0
4902,0.2,3,0,0
4903,1.0,1,1,0
4904,0.2,2,0,0
4905,0.2,2,0,0
4906,0.2,3,0,0
4907,1.0,3,1,1
4908,0.2,1,0,1
4909,0.6000000000000001,1,1,0
4910,0.2,2,0,0
4911,0.2,1,0,0
4912,0.2,2,0,0
4913,0.2,1,0,0
4914,1.0,0,0,1
4915,0.2,1,0,1
4916,1.0,1,1,0
4917,1.0,3,1,0
4918,0.2,2,0,0
4919,1.0,1,1,1
4920,2.2,1,1,1
4921,0.2,0,0,0
4922,1.0,0,1,1
4923,0.2,3,0,0
4924,0.2,3,0,0
4925,0.2,0,0,0
4926,0.2,3,0,0
4927,1.0,1,1,1
4928,1.0,0,0,1
4929,1.0,2,1,1
4930,1.0,0,1,1
4931,1.0,3,0,0
4932,1.0,1,1,1
4933,0.2,2,0,0
4934,1.0,3,1,1
4935,1.0,2,1,0
4936,1.0,1,1,1
4937,0.2,2,0,0
4938,0.2,3,0,0
4939,0.2,1,0,0
4940,0.2,0,0,0
4941,1.0,3,1,1
4942,0.2,1,0,1
4943,0.2,3,0,0
4944,0.2,1,0,0
4945,1.0,2,0,0
4946,1.0,1,1,0
4947,0.2,1,0,0
4948,1.0,1,1,1
4949,1.0,2,1,0
4950,2.2,2,1,1
4951,0.2,2,0,0
4952,0.2,2,0,0
4953,2.2,0,1,1
4954,2.2,2,1,1
4955,1.0,1,1,1
4956,1.0,0,1,1
4957,1.0,0,1,1
4958,2.2,1,1,1
4959,0.2,1,0,0
4960,1.0,3,1,1
4961,2.2,1,0,1
4962,0.2,2,0,0
4963,1.0,2,1,1
4964,2.2,2,0,1
4965,0.2,1,0,0
4966,1.0,2,1,1
4967,2.2,2,1,1
4968,1.0,0,1,0
4969,0.2,3,0,0
4970,0.2,2,0,0
4971,1.0,2,1,1
4972,2.2,2,1,1
4973,2.2,2,0,1
4974,1.0,1,1,1
4975,1.0,2,1,1
4976,0.2,3,0,1
4977,1.0,1,1,0
4978,1.0,0,1,1
4979,1.0,3,1,0
4980,1.0,2,0,1
4981,1.0,1,1,1
4982,1.0,2,1,1
4983,1.0,2,1,1
4984,0.2,3,0,0
4985,2.2,3,1,1
4986,1.0,1,1,1
4987,1.0,3,0,1
4988,1.0,1,0,1
4989,1.0,2,1,1
4990,1.0,1,1,1
4991,0.2,2,0,0
4992,1.0,2,0,1
4993,1.0,1,1,1
4994,2.2,1,1,1
4995,1.0,2,0,0
4996,2.2,2,1,1
4997,2.2,2,1,1
4998,1.0,0,1,1
4999,1.0,3,1,0
5000,0.2,2,0,0
5001,2.2,0,1,1
5002,0.2,1,0,0
5003,0.2,1,0,0
5004,1.0,1,1,1
5005,1.0,1,1,1
5006,0.2,2,0,0
5007,1.0,0,1,1
5008,1.0,2,1,1
5009,0.2,2,0,1
5010,1.0,0,1,1
5011,1.0,0,1,0
5012,1.0,1,1,1
5013,1.0,2,1,0
5014,0.2,1,0,0
5015,0.2,0,0,0
5016,2.2,1,1,1
5017,1.0,2,0,0
5018,1.0,1,1,1
5019,1.0,0,1,0
5020,0.2,2,0,0
5021,1.0,1,1,1
5022,1.0,1,1,1
5023,0.2,2,0,0
5024,1.0,1,1,0
5025,0.2,2,0,0
5026,0.2,1,0,0
5027,1.0,1,1,0
5028,1.0,0,0,0
5029,1.0,1,1,1
5030,0.2,1,0,0
5031,0.2,1,0,0
5032,1.0,2,1,1
5033,2.2,2,1,1
5034,0.2,1,0,0
5035,1.0,2,1,1
5036,3.0,1,1,1
5037,1.0,2,0,1
5038,1.0,2,0,0
5039,0.2,1,0,0
5040,0.2,2,0,0
5041,0.2,2,0,0
5042,0.2,2,0,0
5043,1.0,3,1,1
5044,1.0,2,1,1
5045,1.0,2,1,1
5046,0.2,1,0,0
5047,1.0,0,1,0
5048,0.2,2,0,1
5049,2.2,2,1,1
5050,0.2,2,0,0
5051,1.0,1,1,1
5052,0.2,1,0,0
5053,0.2,1,0,0
5054,2.2,3,1,1
5055,1.0,2,1,0
5056,1.0,2,1,0
5057,0.2,0,0,0
5058,1.0,1,0,1
5059,0.2,1,0,0
5060,1.0,0,1,1
5061,0.2,1,0,1
5062,1.0,0,1,1
5063,1.0,0,1,1
5064,0.2,2,0,0
5065,1.0,0,1,0
5066,1.0,2,1,1
5067,1.0,1,1,1
5068,1.0,1,1,1
5069,1.0,3,0,1
5070,1.0,0,0,1
5071,1.0,1,1,1
5072,0.2,1,0,0
5073,1.0,1,1,0
5074,1.0,2,1,1
5075,2.2,2,1,1
5076,1.0,2,0,1
5077,0.2,2,0,0
5078,1.0,1,1,1
5079,0.2,2,0,0
5080,0.2,0,0,0
5081,2.2,2,1,1
5082,1.0,1,1,0
5083,1.0,3,0,0
5084,1.0,2,0,1
5085,1.0,1,1,0
5086,0.2,1,0,0
5087,0.2,2,0,0
5088,1.0,1,0,1
5089,1.0,1,1,1
5090,0.2,1,0,0
5091,1.0,3,1,1
5092,0.2,2,0,0
5093,0.2,0,0,0
5094,1.0,3,1,1
5095,2.2,0,1,1
5096,1.0,2,1,1
5097,1.0,3,1,0
5098,1.0,1,1,1
5099,1.0,2,1,1
5100,2.2,1,1,1
5101,0.2,1,0,0
5102,1.0,2,1,1
5103,1.0,2,1,0
5104,1.0,0,1,0
5105,0.2,0,0,0
5106,0.2,0,0,0
5107,1.0,0,1,1
5108,1.0,1,1,1
5109,1.0,2,1,1
5110,1.0,1,0,1
5111,1.0,1,1,0
5112,0.2,2,0,0
5113,0.2,2,0,0
5114,1.0,2,1,0
5115,0.2,2,0,0
5116,0.2,3,0,0
5117,0.2,0,0,0
5118,1.0,1,1,0
5119,0.2,1,0,0
5120,1.0,1,1,1
5121,0.2,1,0,0
5122,1.0,1,1,0
5123,0.2,1,0,0
5124,0.2,2,0,0
5125,0.2,2,0,0
5126,1.0,2,1,1
5127,1.0,2,1,1
5128,0.2,2,0,0
5129,0.2,2,0,1
5130,1.0,2,0,0
5131,0.2,1,0,0
5132,0.2,0,0,0
5133,2.2,2,1,1
5134,0.2,0,0,0
5135,1.0,0,1,1
5136,0.2,2,0,0
5137,1.0,1,1,0
5138,0.2,2,0,1
5139,0.2,2,0,0
5140,2.2,3,1,1
5141,1.0,1,1,1
5142,0.2,3,0,0
5143,1.0,1,1,0
5144,0.2,3,0,0
5145,0.2,1,0,0
5146,1.0,2,1,1
5147,0.2,2,0,0
5148,1.0,2,1,0
5149,1.0,2,0,1
5150,0.2,2,0,0
5151,0.2,3,0,0
5152,1.0,2,0,1
5153,1.0,2,1,1
5154,1.0,2,1,1
5155,1.0,0,1,1
5156,1.0,0,0,0
5157,2.2,3,1,1
5158,0.2,3,0,0
5159,0.2,2,0,0
5160,2.2,2,1,1
5161,1.0,0,1,1
5162,0.2,1,0,0
5163,2.2,1,0,1
5164,0.2,3,0,1
5165,0.2,3,0,0
5166,0.2,1,0,0
5167,1.0,1,1,1
5168,0.2,2,0,0
5169,0.2,2,0,0
5170,2.2,2,1,1
5171,0.2,1,0,0
5172,0.2,0,0,0
5173,0.2,1,0,0
5174,1.0,3,1,1
5175,1.0,3,1,1
5176,0.2,1,0,0
5177,1.0,2,1,0
5178,0.2,1,0,0
5179,0.2,2,0,0
5180,0.2,2,0,0
5181,2.2,1,0,1
5182,2.2,1,1,1
5183,2.5999999999999996,2,1,1
5184,1.0,1,1,1
5185,0.2,3,0,0
5186,1.0,1,1,1
5187,0.2,0,0,0
5188,0.2,1,0,0
5189,1.0,3,1,1
5190,1.0,0,0,0
5191,0.2,2,0,0
5192,1.0,1,1,0
5193,2.2,1,0,1
5194,1.0,1,1,0
5195,0.2,1,0,0
5196,1.0,3,1,1
5197,2.2,0,1,1
5198,0.2,2,0,0
5199,0.2,1,0,0
5200,1.8,1,1,1
5201,2.2,0,1,1
5202,1.0,1,1,1
5203,0.2,1,0,0
5204,2.2,2,0,1
5205,0.2,1,0,0
5206,0.2,2,0,0
5207,1.0,0,1,1
5208,1.0,0,0,0
5209,1.0,2,1,1
5210,1.0,3,1,1
5211,2.2,2,1,1
5212,0.2,2,0,0
5213,1.0,1,1,1
5214,0.2,1,0,0
5215,1.0,1,0,1
5216,2.2,2,1,1
5217,2.2,1,1,1
5218,1.0,1,0,1
5219,0.2,3,0,0
5220,1.0,2,1,1
5221,1.0,1,1,0
5222,0.2,3,0,0
5223,0.2,2,0,0
5224,2.2,3,1,1
5225,1.0,1,1,0
5226,0.2,2,0,0
5227,0.2,2,0,0
5228,0.2,2,0,0
5229,2.2,1,1,1
5230,1.0,3,1,1
5231,0.2,2,0,1
5232,1.0,2,0,0
5233,0.2,1,0,0
5234,0.2,3,0,0
5235,0.2,1,0,0
5236,1.0,2,0,1
5237,2.2,3,1,1
5238,1.0,2,1,1
5239,0.2,1,0,0
5240,0.2,2,0,1
5241,0.2,2,0,0
5242,0.2,2,0,0
5243,0.2,1,0,0
5244,2.2,1,1,1
5245,0.2,1,0,1
5246,1.0,1,1,1
5247,0.2,2,0,0
5248,2.2,1,1,1
5249,1.0,1,1,1
5250,0.2,1,0,0
5251,1.0,3,1,0
5252,1.0,1,0,1
5253,1.0,1,1,0
5254,1.0,3,0,1
5255,1.0,2,1,1
5256,1.0,2,0,1
5257,0.2,2,0,0
5258,1.0,1,1,1
5259,1.0,1,1,0
5260,1.0,0,1,1
5261,0.2,0,0,0
5262,1.0,2,1,1
5263,1.0,3,1,0
5264,1.0,1,1,0
5265,1.0,1,1,1
5266,2.2,1,1,1
5267,1.0,1,1,0
5268,0.2,1,0,0
5269,0.2,1,0,0
5270,0.2,2,0,0
5271,0.2,2,0,1
5272,0.2,2,0,0
5273,0.2,2,0,0
5274,0.2,0,0,0
5275,0.2,2,0,0
5276,0.2,2,0,0
5277,1.0,1,1,0
5278,0.2,2,0,0
5279,0.2,3,0,0
5280,1.0,0,1,1
5281,0.2,2,0,0
5282,0.2,2,0,0
5283,1.0,2,0,1
5284,1.0,1,1,1
5285,1.0,0,0,1
5286,1.0,1,1,1
5287,2.2,1,0,1
5288,1.0,2,1,1
5289,1.0,1,1,1
5290,1.0,1,1,1
5291,0.2,2,0,0
5292,1.0,2,1,1
5293,2.2,0,1,1
5294,1.0,2,0,0
5295,1.0,2,0,0
5296,0.2,1,0,0
5297,0.2,1,0,0
5298,0.2,2,0,0
5299,1.0,0,1,1
5300,0.2,1,0,0
5301,1.0,1,1,1
5302,0.2,2,0,0
5303,0.2,3,0,1
5304,0.2,1,0,1
5305,1.0,1,1,1
5306,2.2,1,1,1
5307,0.2,3,0,0
5308,1.0,2,0,1
5309,1.0,2,1,1
5310,0.2,1,0,0
5311,0.2,2,0,0
5312,1.0,1,1,0
5313,0.2,1,0,1
5314,0.2,2,0,0
5315,0.2,3,0,0
5316,2.2,2,1,1
5317,1.0,2,1,1
5318,1.0,2,1,0
5319,1.0,3,1,0
5320,0.2,1,0,0
5321,1.0,2,1,0
5322,1.0,2,0,1
5323,1.0,1,1,1
5324,0.2,2,0,0
5325,2.2,2,1,1
5326,2.2,2,1,1
5327,1.0,1,1,0
5328,1.0,0,1,0
5329,0.2,1,0,0
5330,2.2,2,0,1
5331,0.2,3,0,0
5332,0.2,3,0,0
5333,1.0,1,1,1
5334,0.2,2,0,1
5335,1.0,0,0,1
5336,1.0,2,1,1
5337,2.2,1,1,1
5338,0.2,2,0,0
5339,0.2,0,0,0
5340,1.0,2,0,0
5341,0.2,1,0,0
5342,1.0,2,1,0
5343,1.0,3,1,1
5344,1.0,3,1,1
5345,1.0,3,1,1
5346,1.0,1,1,0
5347,1.0,1,1,1
5348,1.0,2,1,0
5349,0.2,2,0,0
5350,1.0,3,1,1
5351,0.2,1,0,0
5352,1.0,2,1,1
5353,0.2,3,0,0
5354,1.0,3,1,0
5355,0.2,2,0,0
5356,1.0,0,1,1
5357,1.0,2,1,1
5358,1.0,2,1,1
5359,2.2,0,1,1
5360,1.0,1,0,1
5361,0.2,2,0,0
5362,1.0,2,1,1
5363,0.2,2,0,0
5364,2.2,2,1,1
5365,2.2,2,1,1
5366,0.2,2,0,0
5367,2.2,1,1,1
5368,1.0,1,1,1
5369,0.2,2,0,0
5370,0.2,0,0,0
5371,1.0,2,1,1
5372,1.0,3,1,0
5373,0.2,0,0,0
5374,0.2,1,0,1
5375,1.0,0,1,0
5376,1.0,2,1,1
5377,1.0,1,0,0
5378,1.0,0,1,1
5379,0.2,1,0,0
5380,1.0,2,1,1
5381,1.0,2,1,1
5382,1.0,1,1,0
5383,1.0,1,0,0
5384,0.2,1,0,0
5385,1.0,3,1,1
5386,1.0,2,1,1
5387,2.2,1,1,1
5388,1.0,2,1,1
5389,0.2,2,0,1
5390,0.2,1,0,0
5391,0.2,3,0,0
5392,1.0,1,0,1
5393,1.0,1,1,1
5394,0.2,1,0,0
5395,0.2,2,0,0
5396,0.2,3,0,1
5397,0.2,1,0,0
5398,2.2,3,1,1
5399,0.2,1,0,1
5400,1.0,1,1,0
5401,0.2,1,0,0
5402,0.2,2,0,0
5403,1.0,1,1,1
5404,1.0,2,1,1
5405,0.2,1,0,0
5406,2.2,2,1,1
5407,1.0,3,1,1
5408,3.4000000000000004,0,1,1
5409,1.0,1,1,1
5410,0.2,2,0,0
5411,0.2,0,0,0
5412,0.2,2,0,0
5413,0.2,3,0,0
5414,0.2,1,0,0
5415,0.2,0,0,0
5416,2.2,3,1,1
5417,1.0,2,1,0
5418,1.0,1,0,1
5419,0.2,1,0,0
5420,1.0,1,1,0
5421,1.0,1,1,1
5422,1.0,1,1,1
5423,1.0,3,1,1
5424,1.0,0,1,1
5425,1.0,2,1,1
5426,0.2,1,0,0
5427,1.0,1,1,0
5428,0.2,2,0,0
5429,0.2,2,0,0
5430,1.0,2,0,1
5431,1.0,1,1,0
5432,0.2,2,0,0
5433,1.0,3,1,0
5434,0.2,1,0,0
5435,0.2,0,0,0
5436,0.2,3,0,0
5437,1.0,2,1,1
5438,1.0,2,0,1
5439,1.0,0,1,1
5440,2.2,1,1,1
5441,0.2,2,0,0
5442,0.2,1,0,0
5443,0.2,0,0,0
5444,0.2,1,0,0
5445,0.2,2,0,0
5446,0.2,1,0,0
5447,0.2,2,0,0
5448,0.2,3,0,0
5449,1.0,1,1,0
5450,1.0,2,1,1
5451,0.2,1,0,0
5452,0.2,1,0,0
5453,0.2,1,0,0
5454,1.0,1,1,1
5455,1.0,0,1,1
5456,0.2,3,0,0
5457,1.0,2,1,1
5458,1.0,3,1,0
5459,0.2,0,0,1
5460,1.0,1,1,0
5461,0.2,2,0,0
5462,0.2,3,0,0
5463,2.2,1,1,1
5464,0.2,2,0,0
5465,2.2,3,1,1
5466,1.0,2,1,1
5467,1.0,3,0,0
5468,0.2,3,0,0
5469,0.2,3,0,0
5470,1.0,2,1,0
5471,1.0,0,1,1
5472,0.2,1,0,0
5473,1.0,1,1,1
5474,1.0,2,1,0
5475,1.0,2,1,1
5476,0.2,2,0,0
5477,1.0,1,1,1
5478,0.2,2,0,0
5479,2.2,2,1,1
5480,1.0,1,0,1
5481,0.2,3,0,0
5482,1.0,0,0,1
5483,0.2,2,0,0
5484,1.0,0,1,1
5485,0.2,2,0,0
5486,2.2,3,1,1
5487,0.2,2,0,0
5488,1.0,1,1,1
5489,1.0,2,1,1
5490,1.0,2,1,1
5491,2.2,0,1,1
5492,1.0,1,1,1
5493,0.2,1,0,0
5494,1.0,0,1,1
5495,1.0,1,1,1
5496,1.0,0,1,1
5497,1.0,2,1,1
5498,1.0,3,1,0
5499,0.2,2,0,0
5500,0.2,1,0,0
5501,0.2,1,0,0
5502,1.0,0,1,1
5503,1.0,1,1,0
5504,1.0,1,0,1
5505,0.2,0,0,0
5506,1.0,2,1,1
5507,1.0,1,1,0
5508,2.2,3,1,1
5509,0.2,2,0,1
5510,1.0,2,1,1
5511,0.2,2,0,0
5512,0.2,3,0,0
5513,1.0,0,1,1
5514,2.2,2,1,1
5515,0.2,2,0,0
5516,1.0,2,1,1
5517,1.0,1,1,1
5518,2.2,1,1,1
5519,0.2,2,0,0
5520,1.0,2,1,1
5521,1.0,2,1,1
5522,3.0,2,1,0
5523,1.0,2,0,0
5524,0.2,0,0,1
5525,0.2,2,0,0
5526,0.2,3,0,0
5527,1.0,2,1,1
5528,0.2,2,0,0
5529,0.2,2,0,0
5530,1.0,0,1,1
5531,0.2,1,0,0
5532,0.2,3,0,1
5533,0.2,2,0,0
5534,0.2,1,0,0
5535,1.0,1,0,0
5536,1.0,2,1,1
5537,1.0,2,1,1
5538,0.2,2,0,1
5539,1.0,2,1,1
5540,1.0,1,1,1
5541,0.2,2,0,0
5542,1.0,1,1,1
5543,0.2,1,0,0
5544,0.2,0,0,0
5545,1.0,0,1,0
5546,1.0,1,1,1
5547,0.2,2,0,0
5548,0.2,1,0,0
5549,2.2,0,1,1
5550,1.0,2,1,0
5551,0.2,1,0,0
5552,2.2,2,1,1
5553,2.2,1,1,1
5554,0.2,2,0,0
5555,2.2,1,1,1
5556,0.2,1,0,0
5557,0.2,2,0,1
5558,1.0,2,1,1
5559,0.2,0,0,1
5560,1.0,2,1,0
5561,1.0,1,1,1
5562,1.0,1,0,0
5563,1.0,1,0,1
5564,1.0,1,1,1
5565,0.2,3,0,0
5566,0.2,0,0,0
5567,1.0,2,1,1
5568,1.0,2,1,0
5569,1.0,2,1,1
5570,1.0,2,1,1
5571,0.2,0,0,0
5572,1.0,2,1,1
5573,1.0,2,1,1
5574,0.2,1,0,1
5575,0.2,2,0,0
5576,2.2,2,1,1
5577,1.0,1,1,1
5578,0.2,3,0,0
5579,1.0,2,1,1
5580,1.0,1,0,1
5581,1.0,3,1,0
5582,2.2,1,1,1
5583,1.0,3,1,1
5584,0.2,1,0,0
5585,1.0,2,1,1
5586,0.2,2,0,0
5587,1.0,3,0,0
5588,0.2,2,0,0
5589,2.2,0,1,1
5590,0.2,2,0,0
5591,1.0,2,0,0
5592,0.2,0,0,0
5593,0.2,1,0,0
5594,0.2,1,0,0
5595,0.2,3,0,0
5596,1.0,3,1,1
5597,0.2,1,0,0
5598,0.2,2,0,0
5599,0.2,2,0,0
5600,2.2,2,1,1
5601,0.2,1,0,1
5602,1.0,3,1,1
5603,1.0,1,1,1
5604,1.0,1,1,0
5605,0.2,2,0,0
5606,2.2,1,1,1
5607,1.0,1,1,0
5608,1.0,2,1,1
5609,1.0,1,1,1
5610,0.2,2,0,0
5611,0.2,0,0,1
5612,1.0,2,1,1
5613,0.2,3,0,0
5614,0.2,1,0,0
5615,2.2,1,0,1
5616,1.0,1,1,1
5617,1.0,2,1,1
5618,1.0,2,1,1
5619,2.2,1,1,1
5620,2.2,2,1,1
5621,2.2,2,1,1
5622,2.2,0,1,1
5623,0.2,2,0,0
5624,0.2,2,0,0
5625,1.0,1,1,1
5626,0.2,2,0,0
5627,1.0,1,1,0
5628,0.2,2,0,0
5629,0.2,3,0,0
5630,2.2,2,1,1
5631,1.0,2,1,0
5632,1.0,2,0,0
5633,0.2,1,0,0
5634,1.0,2,1,1
5635,1.0,1,1,0
5636,1.0,0,1,0
5637,0.2,1,0,0
5638,1.0,1,1,1
5639,1.0,1,1,1
5640,1.0,3,0,1
5641,1.0,2,1,1
5642,0.2,0,0,0
5643,1.0,2,1,1
5644,2.2,0,1,1
5645,0.2,2,0,0
5646,0.2,3,0,0
5647,1.0,1,1,1
5648,1.0,2,1,1
5649,0.2,2,0,0
5650,2.2,1,1,1
5651,0.2,1,0,0
5652,0.2,1,0,0
5653,0.2,3,0,0
5654,0.2,2,0,0
5655,0.2,3,0,0
5656,1.0,1,1,1
5657,1.0,0,1,1
5658,1.0,2,1,1
5659,0.2,1,0,0
5660,1.0,1,1,1
5661,2.2,2,1,1
5662,1.0,3,1,0
5663,0.2,2,0,0
5664,1.0,2,0,0
5665,1.0,2,1,0
5666,0.2,1,0,0
5667,0.2,2,0,0
5668,0.2,2,0,0
5669,0.2,3,0,0
5670,1.0,1,1,1
5671,0.2,1,0,0
5672,0.2,3,0,0
5673,0.2,2,0,0
5674,1.0,0,0,0
5675,2.2,2,1,1
5676,2.2,1,1,1
5677,0.2,2,0,0
5678,0.2,2,0,0
5679,2.2,2,1,1
5680,0.2,2,0,0
5681,1.0,2,1,0
5682,1.0,1,1,1
5683,2.2,2,1,1
5684,0.2,2,0,0
5685,0.2,1,0,0
5686,0.2,1,0,0
5687,1.0,1,1,1
5688,1.0,2,0,1
5689,1.0,2,0,1
5690,0.2,1,0,0
5691,2.2,2,1,1
5692,1.0,0,0,1
5693,1.0,3,1,0
5694,1.0,1,1,0
5695,2.2,1,1,1
5696,0.2,2,0,0
5697,0.2,2,0,0
5698,1.0,1,0,1
5699,0.2,0,0,0
5700,1.0,2,1,1
5701,1.0,0,0,1
5702,1.0,2,1,0
5703,1.0,2,1,1
5704,3.4000000000000004,3,1,0
5705,1.0,0,1,0
5706,1.0,2,0,0
5707,0.2,2,0,0
5708,0.2,1,0,0
5709,0.2,2,0,0
5710,1.0,2,1,1
5711,2.2,1,1,1
5712,1.0,2,1,1
5713,0.2,2,0,0
5714,1.0,0,1,1
5715,1.0,2,1,0
5716,0.2,2,0,0
5717,2.2,1,1,1
5718,1.0,3,1,1
5719,1.0,0,1,1
5720,1.0,1,1,1
5721,2.2,3,1,1
5722,1.0,1,1,1
5723,1.0,2,1,1
5724,1.0,1,1,1
5725,1.0,2,1,0
5726,1.0,0,0,1
5727,1.0,3,0,0
5728,0.2,2,0,0
5729,0.2,3,0,0
5730,2.2,1,1,1
5731,0.2,3,0,0
5732,1.0,3,1,1
5733,0.2,2,0,0
5734,1.0,1,1,1
5735,0.2,2,0,0
5736,1.0,1,0,1
5737,1.0,1,1,0
5738,0.2,1,0,0
5739,1.0,1,1,1
5740,2.2,2,1,1
5741,1.0,2,1,0
5742,1.0,0,1,1
5743,1.0,2,1,1
5744,1.0,2,1,1
5745,1.0,1,1,1
5746,1.0,2,1,1
5747,0.2,0,0,0
5748,0.2,1,0,0
5749,2.2,1,1,1
5750,0.2,0,0,1
5751,2.2,2,1,1
5752,0.2,2,0,0
5753,1.0,1,1,1
5754,0.2,1,0,0
5755,1.0,2,1,1
5756,1.0,1,0,0
5757,0.2,1,0,0
5758,1.0,1,1,1
5759,1.0,1,1,0
5760,1.0,3,1,1
5761,2.2,1,1,1
5762,2.2,1,1,1
5763,1.0,0,1,1
5764,1.0,2,0,1
5765,2.2,2,1,1
5766,0.2,2,0,0
5767,0.2,2,0,0
5768,0.2,1,0,0
5769,1.0,2,1,1
5770,1.0,1,1,0
5771,0.2,1,0,0
5772,0.2,0,0,0
5773,0.2,2,0,0
5774,1.0,2,1,0
5775,2.2,3,1,1
5776,1.0,0,1,0
5777,1.0,1,1,0
5778,1.0,1,1,1
5779,1.0,2,1,1
5780,1.0,0,1,1
5781,0.2,0,0,0
5782,1.0,2,1,0
5783,1.0,2,1,1
5784,1.0,1,0,1
5785,1.0,1,1,1
5786,1.0,2,1,0
5787,0.2,1,0,0
5788,1.0,2,1,0
5789,1.0,2,1,0
5790,1.0,3,1,0
5791,1.0,0,1,1
5792,1.0,1,0,1
5793,0.2,2,0,0
5794,1.0,1,1,1
5795,2.2,2,0,1
5796,1.0,3,1,1
5797,0.2,3,0,0
5798,2.2,2,0,1
5799,1.0,1,1,1
5800,1.0,2,0,1
5801,0.2,3,0,0
5802,1.0,1,1,1
5803,1.0,1,1,0
5804,1.0,2,0,1
5805,1.0,3,1,1
5806,1.0,1,1,0
5807,1.0,2,1,1
5808,1.0,2,1,0
5809,1.0,1,1,1
5810,2.2,1,0,1
5811,1.0,1,1,0
5812,0.2,2,0,0
5813,2.2,1,1,1
5814,2.2,1,1,1
5815,0.2,1,0,0
5816,1.0,0,1,1
5817,0.2,0,0,1
5818,0.2,2,0,0
5819,1.0,2,1,0
5820,2.2,1,1,1
5821,2.2,1,1,1
5822,1.0,0,1,0
5823,1.0,0,0,1
5824,1.0,0,1,1
5825,1.0,1,1,1
5826,0.2,2,0,0
5827,0.2,0,0,0
5828,0.2,1,0,1
5829,0.2,2,0,0
5830,1.0,2,1,1
5831,0.2,2,0,0
5832,3.8,1,1,1
5833,1.0,3,1,0
5834,1.0,2,1,1
5835,0.2,0,0,0
5836,1.0,0,1,1
5837,0.2,1,0,0
5838,0.2,2,0,0
5839,0.2,2,0,0
5840,1.0,2,1,1
5841,0.2,2,0,0
5842,0.2,1,0,0
5843,1.0,0,1,1
5844,1.0,0,1,1
5845,1.0,0,0,1
5846,1.0,1,0,0
5847,1.0,3,1,1
5848,0.2,1,0,0
5849,0.2,0,0,0
5850,2.2,3,1,1
5851,1.0,1,1,1
5852,0.2,2,0,1
5853,2.2,2,1,1
5854,0.2,3,0,0
5855,0.2,2,0,0
5856,1.0,2,1,1
5857,2.2,1,0,1
5858,1.0,1,1,1
5859,0.2,2,0,0
5860,1.0,1,1,0
5861,1.0,0,1,0
5862,1.0,0,1,1
5863,0.2,0,0,1
5864,1.0,1,1,0
5865,1.0,1,1,1
5866,0.2,1,0,0
5867,1.0,2,1,1
5868,0.2,2,0,0
5869,1.0,0,1,1
5870,1.0,2,1,1
5871,1.0,2,1,1
5872,2.2,1,1,1
5873,0.2,3,0,0
5874,1.0,2,1,1
5875,2.2,1,1,1
5876,1.0,2,1,1
5877,1.0,1,1,1
5878,0.2,1,0,0
5879,2.2,2,1,1
5880,0.2,2,0,0
5881,1.0,2,1,1
5882,2.2,2,1,1
5883,0.2,0,0,0
5884,0.2,0,0,0
5885,1.0,1,1,0
5886,1.0,2,1,1
5887,1.0,1,1,1
5888,2.2,3,1,1
5889,0.2,3,0,1
5890,0.2,2,0,0
5891,1.0,2,1,1
5892,0.2,3,0,1
5893,1.0,2,1,1
5894,2.2,2,1,1
5895,1.0,2,1,0
5896,0.2,3,0,0
5897,1.0,2,0,1
5898,0.2,2,0,0
5899,1.0,1,1,1
5900,2.2,1,1,1
5901,0.2,2,0,0
5902,1.0,1,1,1
5903,0.2,2,0,1
5904,0.2,1,0,0
5905,1.0,2,0,1
5906,1.0,3,1,0
5907,1.0,2,1,1
5908,1.0,1,0,1
5909,1.0,3,1,1
5910,2.2,0,1,1
5911,1.0,1,1,1
5912,1.0,2,1,1
5913,0.2,3,0,0
5914,0.2,2,0,0
5915,1.0,3,1,0
5916,1.0,0,1,1
5917,0.2,1,0,0
5918,0.2,2,0,0
5919,2.2,1,1,1
5920,1.0,1,1,0
5921,0.2,0,0,0
5922,0.2,1,0,0
5923,1.0,2,1,1
5924,0.2,1,0,1
5925,1.0,1,0,1
5926,1.0,1,0,1
5927,1.0,1,1,0
5928,1.0,2,1,1
5929,2.2,2,1,1
5930,0.2,2,0,0
5931,1.0,3,1,0
5932,1.0,3,1,0
5933,0.2,2,0,0
5934,1.0,2,1,0
5935,1.0,2,1,0
5936,1.0,2,1,1
5937,0.2,2,0,0
5938,2.2,1,1,1
5939,1.0,1,1,1
5940,2.2,1,1,1
5941,0.2,2,0,0
5942,0.2,2,0,1
5943,0.2,3,0,0
5944,0.2,2,0,0
5945,2.2,1,1,1
5946,1.0,1,0,0
5947,0.2,1,0,0
5948,0.2,3,0,0
5949,1.0,3,1,0
5950,1.0,1,1,1
5951,0.2,1,0,0
5952,1.0,1,1,1
5953,0.2,2,0,0
5954,1.0,2,1,1
5955,0.2,3,0,0
5956,0.2,3,0,0
5957,0.2,2,0,0
5958,0.2,2,0,0
5959,1.0,1,1,1
5960,2.2,2,1,1
5961,0.2,2,0,0
5962,0.2,2,0,0
5963,0.2,2,0,1
5964,1.0,2,1,1
5965,2.2,2,1,1
5966,0.2,3,0,0
5967,1.0,1,1,1
5968,1.0,2,1,1
5969,0.2,1,0,0
5970,0.2,2,0,0
5971,1.0,2,1,1
5972,1.0,3,1,1
5973,0.2,1,0,0
5974,1.0,1,1,1
5975,0.2,3,0,1
5976,0.2,1,0,0
5977,0.2,2,0,0
5978,1.0,1,1,1
5979,1.0,2,1,1
5980,2.2,0,1,1
5981,2.2,0,0,1
5982,1.0,3,1,1
5983,0.2,2,0,0
5984,1.0,2,1,1
5985,2.2,1,0,1
5986,0.2,3,0,0
5987,2.2,1,1,1
5988,0.2,1,0,0
5989,0.2,1,0,0
5990,0.2,2,0,0
5991,1.0,0,1,1
5992,1.0,2,1,0
5993,1.0,1,0,1
5994,0.2,2,0,1
5995,1.0,2,1,1
5996,0.2,2,0,0
5997,1.0,1,1,0
5998,1.0,1,1,1
5999,1.0,2,1,0
6000,0.2,2,0,0
6001,1.0,1,1,0
6002,1.0,2,1,0
6003,1.0,2,1,0
6004,0.2,1,0,0
6005,1.0,3,0,1
6006,0.2,1,0,0
6007,2.2,1,0,1
6008,0.2,2,0,0
6009,1.0,2,1,1
6010,1.0,1,1,1
6011,1.0,3,1,0
6012,1.0,1,0,1
6013,0.2,1,0,0
6014,1.0,1,1,1
6015,0.2,2,0,0
6016,1.0,1,1,1
6017,1.0,0,1,1
6018,0.2,1,0,0
6019,1.0,2,1,0
6020,1.0,1,1,1
6021,1.0,2,1,1
6022,2.2,3,1,1
6023,1.0,2,1,0
6024,2.2,1,1,1
6025,1.0,2,1,0
6026,1.0,2,0,0
6027,1.0,3,1,1
6028,2.2,1,0,1
6029,2.2,2,1,1
6030,1.0,3,1,1
6031,1.0,0,1,1
6032,2.2,2,1,1
6033,0.2,1,0,1
6034,1.0,3,1,1
6035,0.2,2,0,0
6036,0.2,2,0,0
6037,1.0,0,1,0
6038,0.2,2,0,0
6039,0.2,1,0,0
6040,1.0,1,1,1
6041,0.2,2,0,0
6042,0.2,3,0,0
6043,1.0,2,1,0
6044,2.2,2,1,1
6045,2.2,1,1,1
6046,1.0,2,0,0
6047,0.2,1,0,0
6048,1.0,1,1,1
6049,1.0,2,1,1
6050,1.0,1,1,1
6051,1.0,3,1,1
6052,0.2,0,0,1
6053,1.0,0,1,1
6054,1.0,2,0,1
6055,0.2,1,0,0
6056,0.2,2,0,0
6057,0.2,3,0,0
6058,1.0,2,0,0
6059,1.0,1,1,0
6060,1.0,0,1,1
6061,1.0,1,1,1
6062,1.0,1,1,1
6063,0.2,2,0,0
6064,1.0,2,1,0
6065,1.0,1,1,0
6066,0.2,1,0,0
6067,1.0,3,0,0
6068,1.0,2,1,0
6069,0.2,2,0,0
6070,1.0,1,1,1
6071,1.0,2,1,1
6072,1.0,2,1,1
6073,1.0,2,1,1
6074,0.2,2,0,0
6075,1.0,2,1,1
6076,0.2,0,0,1
6077,1.0,1,1,1
6078,2.2,2,1,1
6079,0.2,0,0,0
6080,0.2,2,0,0
6081,1.0,1,0,0
6082,0.2,3,0,0
6083,0.2,1,0,0
6084,0.2,2,0,0
6085,1.0,2,1,0
6086,1.0,1,1,1
6087,2.2,3,1,1
6088,0.2,2,0,0
6089,1.0,2,1,1
6090,1.0,3,1,1
6091,0.2,1,0,0
6092,0.2,2,0,1
6093,2.2,2,1,1
6094,0.2,1,0,0
6095,2.2,1,1,1
6096,0.2,2,0,0
6097,1.0,2,0,1
6098,1.0,1,1,1
6099,0.2,1,0,0
6100,0.2,1,0,0
6101,0.2,0,0,0
6102,1.0,1,0,1
6103,0.2,1,0,0
6104,0.2,3,0,0
6105,1.0,0,0,0
6106,1.8,3,1,0
6107,0.2,2,0,0
6108,1.0,2,1,1
6109,0.2,1,0,0
6110,0.2,2,0,1
6111,1.0,1,0,0
6112,1.0,3,1,1
6113,1.0,2,1,1
6114,1.0,2,1,1
6115,0.2,2,0,0
6116,1.0,2,1,0
6117,1.8,2,1,0
6118,0.2,2,0,0
6119,1.0,1,1,1
6120,1.0,2,1,1
6121,0.2,2,0,0
6122,3.4000000000000004,2,1,1
6123,0.2,1,0,1
6124,0.2,3,0,0
6125,0.2,1,0,0
6126,1.0,1,1,0
6127,0.2,1,0,0
6128,1.0,1,1,1
6129,1.4,2,1,1
6130,1.0,2,1,1
6131,1.0,2,1,1
6132,0.2,2,0,1
6133,0.2,0,0,0
6134,1.0,2,1,0
6135,1.0,3,0,1
6136,1.0,2,1,1
6137,1.0,2,1,0
6138,0.2,3,0,0
6139,1.0,3,1,0
6140,0.2,1,0,0
6141,2.2,0,1,1
6142,0.2,3,0,0
6143,1.0,1,1,1
6144,1.0,2,1,0
6145,1.0,2,1,1
6146,2.2,2,1,1
6147,1.0,1,1,1
6148,1.0,2,1,0
6149,0.2,2,0,0
6150,0.2,2,0,0
6151,1.0,2,1,1
6152,1.0,0,1,0
6153,2.2,1,1,1
6154,0.2,2,0,0
6155,0.2,2,0,0
6156,1.0,3,1,0
6157,0.2,3,0,0
6158,0.2,1,0,0
6159,0.2,2,0,0
6160,0.2,2,0,0
6161,1.0,1,1,0
6162,1.0,2,1,0
6163,1.0,1,0,1
6164,0.2,2,0,0
6165,2.2,2,1,1
6166,2.2,1,1,1
6167,1.0,1,1,0
6168,0.2,1,0,1
6169,0.2,1,0,0
6170,1.0,2,1,1
6171,0.2,2,0,0
6172,0.2,2,0,0
6173,2.2,1,1,1
6174,0.2,2,0,0
6175,1.0,1,0,1
6176,0.2,1,0,0
6177,2.2,2,1,1
6178,0.2,2,0,0
6179,0.2,1,0,0
6180,0.2,1,0,0
6181,2.2,3,1,1
6182,2.2,0,0,1
6183,0.2,1,0,0
6184,0.2,1,0,0
6185,0.2,1,0,0
6186,1.0,3,1,1
6187,1.0,1,1,0
6188,1.0,1,0,1
6189,1.0,2,0,1
6190,2.2,3,1,1
6191,1.0,1,1,0
6192,1.0,2,0,0
6193,1.0,1,1,1
6194,0.2,0,0,0
6195,1.0,2,0,1
6196,0.2,1,0,0
6197,1.0,0,1,1
6198,1.0,3,1,1
6199,0.2,1,0,0
6200,0.2,0,0,0
6201,1.0,2,1,0
6202,0.2,2,0,0
6203,0.2,1,0,0
6204,1.0,1,1,1
6205,1.0,3,0,1
6206,2.2,0,1,1
6207,2.2,1,1,1
6208,2.2,3,1,1
6209,1.0,2,1,1
6210,0.2,1,0,0
6211,1.0,1,1,0
6212,0.2,2,0,0
6213,1.0,1,1,1
6214,1.0,2,1,1
6215,0.2,1,0,0
6216,0.2,1,0,0
6217,1.0,2,1,0
6218,1.0,3,1,1
6219,1.0,0,1,1
6220,0.2,2,0,1
6221,0.2,2,0,0
6222,0.2,3,0,0
6223,0.2,1,0,0
6224,1.0,1,1,1
6225,1.0,0,0,0
6226,2.2,0,1,1
6227,1.0,0,0,1
6228,1.0,2,0,0
6229,1.0,2,1,0
6230,0.2,2,0,0
6231,0.2,2,0,0
6232,1.0,1,1,1
6233,1.0,1,1,1
6234,1.0,0,1,1
6235,1.0,2,1,0
6236,1.0,2,1,1
6237,1.0,0,1,1
6238,1.0,1,0,1
6239,1.0,3,1,1
6240,0.2,3,0,0
6241,2.2,2,1,1
6242,1.0,3,1,1
6243,1.0,1,1,1
6244,0.2,3,0,0
6245,0.2,2,0,0
6246,1.0,0,1,1
6247,0.2,2,0,0
6248,1.0,1,1,1
6249,1.0,1,1,1
6250,0.2,3,0,0
6251,1.0,0,1,1
6252,1.0,2,1,1
6253,0.2,2,0,0
6254,0.2,3,0,0
6255,1.0,2,0,0
6256,1.0,0,1,0
6257,0.2,2,0,0
6258,0.2,1,0,0
6259,1.0,0,1,1
6260,0.2,1,0,0
6261,1.0,1,1,1
6262,0.2,3,0,0
6263,1.0,2,1,1
6264,0.2,3,0,0
6265,1.0,2,1,0
6266,0.2,3,0,0
6267,0.2,1,0,0
6268,1.0,1,1,1
6269,0.2,1,0,1
6270,0.2,1,0,0
6271,1.0,2,1,0
6272,2.2,0,1,1
6273,1.0,0,0,0
6274,1.0,1,1,0
6275,0.2,3,0,0
6276,1.0,2,1,1
6277,1.0,2,0,1
6278,1.0,2,1,1
6279,0.2,2,0,0
6280,1.0,1,1,1
6281,1.0,1,1,1
6282,2.2,0,0,1
6283,0.2,2,0,0
6284,1.0,0,1,1
6285,1.0,2,0,1
6286,1.0,0,1,1
6287,0.2,1,0,0
6288,2.2,0,1,1
6289,1.0,1,0,1
6290,0.2,2,0,0
6291,1.0,1,1,1
6292,0.2,3,0,0
6293,0.2,1,0,0
6294,1.0,2,1,0
6295,1.0,1,1,1
6296,2.2,1,0,1
6297,0.2,2,0,0
6298,1.0,2,0,0
6299,0.2,1,0,0
6300,0.2,1,0,0
6301,0.2,2,0,0
6302,0.6000000000000001,0,1,0
6303,0.2,3,0,0
6304,0.2,2,0,0
6305,2.2,1,1,1
6306,0.2,1,0,0
6307,1.0,1,0,1
6308,0.2,2,0,0
6309,0.2,1,0,0
6310,1.0,3,1,0
6311,1.0,1,0,0
6312,0.2,2,0,0
6313,0.2,2,0,0
6314,1.0,3,0,0
6315,1.0,1,0,1
6316,1.0,2,1,1
6317,1.0,2,1,1
6318,1.0,3,0,1
6319,1.0,0,1,1
6320,0.2,2,0,0
6321,1.0,1,1,1
6322,0.2,0,0,0
6323,0.2,1,0,0
6324,1.0,2,1,0
6325,1.0,1,1,1
6326,0.2,2,0,0
6327,1.0,1,1,0
6328,0.2,1,0,0
6329,0.2,2,0,0
6330,1.0,1,1,1
6331,0.2,1,0,0
6332,0.2,3,0,0
6333,0.2,1,0,0
6334,1.0,2,0,1
6335,2.2,0,1,1
6336,1.0,1,1,1
6337,0.2,0,0,0
6338,0.2,1,0,0
6339,1.0,1,0,0
6340,0.2,1,0,0
6341,1.0,0,1,0
6342,0.2,1,0,0
6343,1.0,1,1,1
6344,1.0,1,1,1
6345,1.0,2,1,1
6346,0.2,3,0,1
6347,1.0,3,1,1
6348,1.0,1,1,1
6349,1.0,0,1,1
6350,0.2,1,0,0
6351,1.0,1,0,1
6352,1.0,3,1,1
6353,1.0,3,0,0
6354,0.2,2,0,0
6355,0.2,0,0,0
6356,0.2,1,0,0
6357,2.2,1,1,1
6358,0.2,1,0,0
6359,0.2,2,0,0
6360,0.2,2,0,0
6361,1.0,0,1,1
6362,0.2,2,0,0
6363,0.2,2,0,1
6364,1.0,1,0,1
6365,1.0,0,1,1
6366,1.0,2,1,1
6367,0.2,1,0,0
6368,1.0,2,1,1
6369,0.2,3,0,1
6370,1.0,2,1,1
6371,1.0,1,1,1
6372,2.2,2,1,1
6373,1.0,3,1,1
6374,1.0,1,1,1
6375,0.2,1,0,0
6376,0.2,2,0,0
6377,1.0,1,1,1
6378,1.0,2,1,1
6379,0.2,1,0,1
6380,0.2,2,0,0
6381,1.0,1,1,1
6382,1.0,2,1,1
6383,0.2,0,0,0
6384,1.0,1,1,1
6385,1.0,3,1,0
6386,0.2,1,0,0
6387,1.8,2,1,0
6388,2.2,3,1,1
6389,1.0,1,0,0
6390,1.0,3,1,1
6391,1.0,3,1,1
6392,0.2,0,0,0
6393,1.0,1,0,0
6394,2.2,2,1,1
6395,1.0,2,1,1
6396,0.2,1,0,0
6397,0.2,2,0,0
6398,0.2,2,0,0
6399,1.0,0,1,1
6400,0.2,2,0,0
6401,0.2,0,0,1
6402,1.0,1,1,0
6403,0.2,1,0,0
6404,1.0,1,1,1
6405,0.2,2,0,0
6406,1.0,2,1,1
6407,1.0,2,1,1
6408,0.2,3,0,0
6409,0.2,2,0,0
6410,1.0,1,1,1
6411,1.0,0,1,1
6412,1.0,2,0,0
6413,1.0,2,0,1
6414,1.0,2,1,0
6415,2.2,0,1,1
6416,2.2,1,0,1
6417,1.0,2,1,0
6418,1.0,3,1,1
6419,0.2,2,0,0
6420,1.0,1,0,0
6421,0.2,3,0,0
6422,1.0,0,0,1
6423,2.2,0,0,1
6424,0.2,2,0,0
6425,1.0,2,0,0
6426,1.0,2,1,0
6427,0.2,2,0,0
6428,1.0,3,1,0
6429,0.2,1,0,0
6430,0.2,1,0,0
6431,1.0,1,1,1
6432,0.2,1,0,0
6433,0.2,2,0,0
6434,0.2,3,0,1
6435,0.2,0,0,1
6436,1.0,2,1,1
6437,1.0,1,0,1
6438,0.2,3,0,0
6439,1.0,1,1,1
6440,2.2,2,1,1
6441,0.2,1,0,0
6442,1.0,1,1,0
6443,0.2,1,0,0
6444,0.2,1,0,0
6445,1.0,1,1,1
6446,1.0,2,1,1
6447,0.2,1,0,0
6448,2.2,1,1,1
6449,0.2,1,0,0
6450,1.0,1,1,1
6451,0.2,3,0,0
6452,1.0,3,0,0
6453,2.2,2,1,1
6454,1.0,2,1,0
6455,1.0,0,1,1
6456,0.2,1,0,0
6457,1.0,3,1,1
6458,1.0,1,0,1
6459,0.2,1,0,0
6460,0.2,2,0,0
6461,1.0,1,0,1
6462,0.2,2,0,0
6463,0.2,3,0,1
6464,1.0,2,1,0
6465,0.2,3,0,0
6466,1.0,1,1,1
6467,0.2,0,0,0
6468,1.0,2,1,0
6469,1.0,2,1,1
6470,0.2,2,0,0
6471,0.2,3,0,0
6472,2.2,3,0,1
6473,2.2,1,1,1
6474,0.2,0,0,0
6475,0.2,1,0,0
6476,0.2,3,0,0
6477,1.0,1,1,1
6478,2.2,1,1,1
6479,1.0,0,0,1
6480,2.2,3,1,1
6481,1.0,1,1,1
6482,1.0,2,1,1
6483,1.0,1,0,1
6484,1.0,3,1,1
6485,1.0,1,1,1
6486,1.0,3,1,1
6487,1.0,2,1,1
6488,0.2,1,0,1
6489,0.2,2,0,0
6490,1.0,2,0,1
6491,1.0,2,1,0
6492,0.2,2,0,1
6493,1.0,0,0,1
6494,0.2,2,0,0
6495,1.0,3,0,0
6496,1.0,0,0,1
6497,1.0,1,0,1
6498,0.2,0,0,0
6499,0.2,2,0,0
6500,0.2,2,0,0
6501,1.0,2,1,0
6502,0.2,2,0,0
6503,1.0,1,1,1
6504,1.0,3,1,1
6505,2.2,1,1,1
6506,0.2,1,0,0
6507,1.0,3,0,1
6508,2.2,0,1,1
6509,1.0,2,0,1
6510,1.0,0,1,1
6511,0.2,2,0,0
6512,0.2,1,0,0
6513,0.2,2,0,0
6514,0.2,2,0,0
6515,0.2,2,0,1
6516,0.2,2,0,0
6517,2.2,2,1,1
6518,0.2,1,0,0
6519,1.0,1,0,0
6520,0.2,2,0,0
6521,1.0,2,1,1
6522,0.2,2,0,0
6523,1.0,2,0,1
6524,0.2,1,0,0
6525,1.0,1,1,1
6526,1.0,1,0,1
6527,1.0,3,1,1
6528,0.2,1,0,0
6529,0.2,1,0,0
6530,2.2,2,1,1
6531,2.2,1,1,1
6532,0.2,1,0,0
6533,1.0,2,1,1
6534,1.0,1,1,0
6535,0.2,2,0,0
6536,1.0,1,1,0
6537,0.2,1,0,0
6538,0.2,2,0,0
6539,0.2,2,0,0
6540,0.2,1,0,0
6541,2.2,0,1,1
6542,0.2,2,0,0
6543,0.2,1,0,0
6544,0.2,3,0,0
6545,0.2,1,0,0
6546,0.2,2,0,0
6547,0.2,2,0,0
6548,1.0,0,1,1
6549,2.2,2,1,1
6550,0.2,2,0,0
6551,1.0,1,1,1
6552,1.0,1,1,0
6553,1.0,2,1,0
6554,0.2,0,0,1
6555,1.0,2,0,1
6556,0.2,1,0,0
6557,2.2,2,1,1
6558,1.0,2,1,1
6559,1.0,2,1,1
6560,0.2,3,0,0
6561,2.2,3,1,1
6562,0.2,1,0,0
6563,0.2,3,0,0
6564,0.2,2,0,0
6565,0.2,1,0,0
6566,0.2,0,0,0
6567,0.2,2,0,0
6568,1.0,2,1,1
6569,1.0,2,0,1
6570,0.2,3,0,0
6571,0.2,1,0,0
6572,2.2,3,1,1
6573,0.2,2,0,0
6574,0.2,2,0,0
6575,2.2,2,1,1
6576,1.0,2,0,0
6577,0.2,2,0,0
6578,0.2,3,0,0
6579,1.0,2,1,1
6580,1.0,1,1,0
6581,1.0,1,1,1
6582,1.0,2,1,1
6583,2.2,1,1,1
6584,0.2,3,0,0
6585,1.0,1,1,0
6586,1.0,1,0,0
6587,1.0,3,1,0
6588,0.2,1,0,0
6589,1.0,1,1,0
6590,0.2,3,0,0
6591,0.2,1,0,0
6592,1.0,3,0,0
6593,1.0,1,1,1
6594,2.2,2,1,1
6595,1.0,2,1,1
6596,1.0,0,1,1
6597,1.0,1,1,1
6598,1.0,2,1,1
6599,0.2,2,0,0
6600,0.2,1,0,0
6601,0.2,2,0,0
6602,1.0,2,1,1
6603,0.2,1,0,0
6604,1.0,1,1,1
6605,0.2,2,0,0
6606,0.2,2,0,0
6607,1.0,2,1,1
6608,1.0,1,1,1
6609,0.2,3,0,0
6610,0.2,0,0,0
6611,0.2,0,0,0
6612,2.2,3,1,1
6613,0.2,2,0,0
6614,1.0,1,1,1
6615,0.2,3,0,0
6616,1.0,2,1,0
6617,1.0,0,0,1
6618,0.2,1,0,0
6619,0.2,3,0,1
6620,0.2,3,0,0
6621,0.2,1,0,0
6622,2.2,2,0,1
6623,1.0,1,1,0
6624,0.2,1,0,0
6625,1.0,2,0,0
6626,1.0,2,0,1
6627,0.2,1,0,0
6628,0.2,3,0,0
6629,0.2,1,0,0
6630,0.2,1,0,0
6631,2.2,2,1,1
6632,0.2,2,0,1
6633,0.2,3,0,0
6634,0.2,1,0,0
6635,1.0,0,1,1
6636,1.0,2,1,1
6637,0.2,2,0,0
6638,2.2,3,1,1
6639,0.2,3,0,0
6640,1.0,3,1,1
6641,0.2,2,0,0
6642,1.0,2,1,1
6643,1.0,1,1,1
6644,0.6000000000000001,2,1,0
6645,1.0,3,0,1
6646,1.0,1,0,0
6647,2.2,1,1,1
6648,0.2,1,0,1
6649,1.0,2,1,1
6650,0.2,2,0,0
6651,2.2,0,1,1
6652,0.2,3,0,0
6653,2.2,3,1,1
6654,2.2,1,1,1
6655,0.2,1,0,0
6656,1.0,2,1,0
6657,1.0,2,1,1
6658,1.0,1,1,1
6659,1.0,2,0,1
6660,0.2,3,0,0
6661,1.0,1,1,1
6662,1.0,1,1,0
6663,2.2,0,0,1
6664,1.0,1,1,1
6665,1.0,1,1,1
6666,1.0,1,1,1
6667,0.2,1,0,0
6668,1.0,2,1,0
6669,0.2,1,0,0
6670,1.0,2,1,1
6671,1.0,1,1,1
6672,1.0,1,1,1
6673,0.2,2,0,0
6674,1.0,1,1,1
6675,1.0,1,1,0
6676,1.0,1,1,0
6677,0.2,2,0,0
6678,1.0,2,1,0
6679,1.0,3,1,1
6680,1.0,1,1,1
6681,1.0,2,0,1
6682,0.2,3,0,0
6683,1.0,2,1,0
6684,1.0,2,1,1
6685,1.0,0,1,0
6686,1.0,1,1,1
6687,1.0,2,1,1
6688,1.0,0,1,1
6689,1.0,1,1,1
6690,1.0,2,1,1
6691,2.5999999999999996,0,1,0
6692,1.0,2,0,1
6693,0.2,2,0,0
6694,1.0,1,1,1
6695,1.0,0,1,0
6696,1.0,2,0,0
6697,1.0,1,1,1
6698,0.2,1,0,1
6699,1.0,2,1,1
6700,0.2,0,0,0
6701,1.0,1,1,1
6702,0.2,1,0,1
6703,1.0,3,1,1
6704,1.0,3,1,0
6705,0.2,2,0,0
6706,1.0,1,1,1
6707,0.2,2,0,0
6708,0.2,2,0,0
6709,0.2,1,0,1
6710,0.2,2,0,0
6711,2.2,2,1,1
6712,0.2,3,0,0
6713,1.0,1,1,1
6714,1.0,1,1,0
6715,0.2,1,0,0
6716,0.2,1,0,0
6717,2.2,1,1,1
6718,1.0,0,1,1
6719,1.0,1,1,0
6720,0.2,2,0,0
6721,0.2,2,0,0
6722,0.2,1,0,0
6723,0.2,3,0,0
6724,2.2,3,1,1
6725,1.0,2,1,1
6726,0.2,0,0,0
6727,1.0,3,0,1
6728,2.2,0,1,1
6729,0.2,1,0,1
6730,1.0,1,1,1
6731,2.2,1,0,1
6732,0.2,2,0,0
6733,1.0,1,1,0
6734,1.0,2,1,1
6735,2.2,1,1,1
6736,0.2,1,0,0
6737,2.2,1,0,1
6738,0.2,0,0,0
6739,0.2,2,0,0
6740,1.0,2,1,1
6741,1.0,3,1,0
6742,1.0,1,0,0
6743,0.2,2,0,0
6744,0.2,1,0,0
6745,0.2,3,0,0
6746,1.0,1,0,1
6747,0.2,0,0,0
6748,1.0,3,0,1
6749,1.0,1,0,0
6750,0.2,2,0,1
6751,0.2,3,0,0
6752,0.2,0,0,0
6753,2.2,0,1,1
6754,0.2,0,0,1
6755,1.0,1,1,0
6756,0.2,1,0,0
6757,0.2,0,0,0
6758,1.0,2,0,0
6759,1.0,1,1,0
6760,0.2,2,0,0
6761,1.0,1,0,1
6762,1.0,2,1,1
6763,1.0,2,1,1
6764,0.2,2,0,0
6765,0.2,1,0,0
6766,1.0,2,1,1
6767,1.0,1,1,1
6768,2.2,2,0,1
6769,1.0,1,1,1
6770,0.2,1,0,1
6771,1.0,2,0,1
6772,0.2,2,0,0
6773,1.0,2,1,0
6774,0.2,2,0,0
6775,1.0,2,0,0
6776,1.0,1,1,0
6777,0.2,1,0,0
6778,1.0,3,1,0
6779,0.2,2,0,0
6780,0.2,2,0,0
6781,1.0,3,1,0
6782,0.2,1,0,0
6783,1.0,3,1,0
6784,0.2,0,0,0
6785,1.0,2,1,1
6786,0.2,3,0,0
6787,0.2,2,0,1
6788,0.2,3,0,0
6789,1.0,0,1,1
6790,0.2,2,0,0
6791,0.2,2,0,0
6792,0.2,2,0,0
6793,0.2,3,0,0
6794,0.2,2,0,0
6795,1.0,0,1,1
6796,0.2,1,0,0
6797,1.0,0,1,1
6798,0.2,2,0,0
6799,2.2,2,1,1
6800,2.2,0,1,1
6801,1.0,1,1,1
6802,1.0,2,1,1
6803,0.2,1,0,0
6804,0.2,3,0,0
6805,1.0,2,1,1
6806,0.2,2,0,0
6807,2.2,0,1,1
6808,1.0,1,0,1
6809,0.2,1,0,0
6810,1.0,2,1,0
6811,0.2,1,0,1
6812,0.2,3,0,0
6813,1.0,1,1,1
6814,0.2,2,0,0
6815,0.2,2,0,0
6816,1.0,1,1,1
6817,0.2,2,0,0
6818,1.0,2,1,1
6819,0.2,1,0,0
6820,0.2,2,0,0
6821,1.0,2,1,1
6822,0.2,2,0,0
6823,1.0,1,1,1
6824,1.0,0,1,1
6825,1.0,1,1,1
6826,1.0,2,1,1
6827,1.0,2,1,1
6828,2.2,0,1,1
6829,0.2,2,0,0
6830,1.0,2,1,1
6831,0.2,2,0,0
6832,0.2,1,0,0
6833,1.0,3,1,0
6834,1.0,0,0,1
6835,0.2,1,0,0
6836,0.2,1,0,0
6837,1.0,2,1,0
6838,1.0,2,0,1
6839,1.0,2,1,1
6840,0.2,2,0,0
6841,1.0,0,1,1
6842,1.0,1,1,1
6843,0.2,1,0,0
6844,0.2,1,0,0
6845,1.0,2,1,0
6846,0.2,3,0,0
6847,0.2,2,0,0
6848,0.2,1,0,0
6849,0.2,1,0,1
6850,1.0,2,1,0
6851,0.2,2,0,0
6852,2.2,0,1,1
6853,0.2,3,0,0
6854,1.0,2,1,0
6855,0.2,3,0,0
6856,1.0,1,1,1
6857,1.0,3,1,1
6858,1.0,0,0,1
6859,0.2,3,0,0
6860,0.2,2,0,0
6861,0.2,2,0,0
6862,0.2,2,0,0
6863,1.0,1,1,0
6864,1.0,2,1,1
6865,0.2,1,0,0
6866,0.2,1,0,0
6867,1.0,1,1,1
6868,1.0,2,1,0
6869,0.2,3,0,0
6870,0.2,3,0,0
6871,1.0,3,1,0
6872,1.0,3,1,1
6873,0.2,1,0,0
6874,1.0,2,1,1
6875,1.0,1,1,1
6876,0.2,3,0,0
6877,1.0,3,0,1
6878,2.2,0,1,1
6879,0.2,2,0,0
6880,1.0,1,1,1
6881,1.0,2,1,1
6882,0.2,3,0,0
6883,2.2,1,1,1
6884,0.2,2,0,0
6885,3.4000000000000004,0,1,1
6886,0.2,1,0,0
6887,2.2,2,1,1
6888,0.2,2,0,0
6889,1.0,3,1,0
6890,1.0,2,1,1
6891,0.2,0,0,1
6892,1.0,1,1,1
6893,0.2,0,0,0
6894,1.0,1,0,1
6895,0.2,3,0,1
6896,0.2,2,0,0
6897,1.0,1,1,1
6898,1.0,1,1,1
6899,0.2,3,0,0
6900,0.2,2,0,0
6901,0.2,3,0,0
6902,0.2,1,0,0
6903,0.2,3,0,0
6904,0.2,0,0,0
6905,0.2,1,0,0
6906,1.0,1,1,1
6907,1.0,1,1,1
6908,0.2,1,0,0
6909,0.2,2,0,1
6910,0.2,1,0,0
6911,1.0,3,0,0
6912,2.2,1,1,1
6913,1.0,1,1,1
6914,1.0,0,1,1
6915,1.0,2,1,1
6916,0.2,3,0,0
6917,0.2,3,0,1
6918,1.0,0,1,0
6919,0.2,1,0,0
6920,0.2,2,0,1
6921,2.2,2,1,1
6922,1.0,1,1,0
6923,2.2,1,1,1
6924,0.2,1,0,0
6925,1.0,1,1,1
6926,0.2,3,0,0
6927,0.2,1,0,0
6928,1.0,1,1,1
6929,0.2,2,0,0
6930,1.0,1,1,1
6931,0.2,2,0,0
6932,0.2,3,0,0
6933,1.0,2,1,0
6934,1.0,1,1,1
6935,1.0,3,1,0
6936,2.2,2,1,1
6937,0.2,1,0,0
6938,1.0,1,1,1
6939,0.2,3,0,0
6940,0.2,2,0,0
6941,0.2,3,0,0
6942,1.0,2,1,0
6943,0.2,1,0,0
6944,1.0,3,1,0
6945,0.2,1,0,1
6946,1.0,0,1,0
6947,2.2,0,0,1
6948,1.0,2,1,1
6949,0.2,2,0,0
6950,0.2,1,0,0
6951,2.2,2,1,1
6952,0.2,1,0,0
6953,0.2,0,0,1
6954,0.2,1,0,0
6955,0.2,2,0,0
6956,0.2,2,0,0
6957,0.2,1,0,0
6958,0.2,1,0,0
6959,1.0,2,1,1
6960,0.2,0,0,0
6961,0.2,1,0,0
6962,1.0,1,1,1
6963,2.2,2,0,1
6964,0.2,0,0,1
6965,2.2,2,1,1
6966,0.2,3,0,0
6967,1.0,2,1,0
6968,1.0,2,1,1
6969,2.2,1,0,1
6970,0.2,2,0,0
6971,2.2,2,1,1
6972,1.0,3,0,1
6973,0.2,2,0,0
6974,2.2,2,1,1
6975,1.0,2,1,0
6976,1.0,0,0,1
6977,0.2,1,0,0
6978,1.0,0,1,0
6979,1.0,1,1,0
6980,1.0,1,1,1
6981,1.0,1,1,1
6982,1.0,2,1,0
6983,1.0,3,0,0
6984,1.0,1,1,1
6985,1.0,1,1,0
6986,0.2,1,0,0
6987,1.0,1,1,0
6988,0.2,2,0,0
6989,2.2,1,1,1
6990,0.2,2,0,0
6991,2.2,2,1,1
6992,0.2,1,0,0
6993,0.2,1,0,0
6994,1.0,3,1,1
6995,0.2,0,0,0
6996,1.0,3,1,0
6997,1.0,0,1,1
6998,1.0,1,1,1
6999,0.2,0,0,0
7000,1.0,0,1,1
7001,1.0,1,0,0
7002,1.0,1,1,1
7003,1.0,1,1,1
7004,1.0,1,1,0
7005,1.0,2,1,0
7006,1.0,0,0,1
7007,1.0,1,1,1
7008,1.0,1,1,1
7009,0.2,2,0,0
7010,0.2,2,0,0
7011,1.0,0,1,1
7012,1.0,2,1,1
7013,1.0,2,1,1
7014,1.0,1,1,1
7015,2.2,0,1,1
7016,0.2,2,0,0
7017,2.2,3,1,1
7018,2.2,0,1,1
7019,1.0,3,1,1
7020,2.2,1,1,1
7021,1.0,2,1,1
7022,0.2,0,0,0
7023,1.0,2,1,1
7024,1.0,1,0,1
7025,1.0,1,1,1
7026,1.0,1,0,1
7027,0.2,1,0,0
7028,1.0,1,1,0
7029,0.2,2,0,0
7030,1.0,1,1,1
7031,1.0,2,1,1
7032,1.0,1,1,0
7033,1.0,1,1,1
7034,1.0,0,1,1
7035,2.2,1,1,1
7036,1.0,3,1,1
7037,1.0,2,1,1
7038,0.2,3,0,0
7039,1.0,1,1,1
7040,0.2,2,0,0
7041,1.0,0,1,1
7042,1.0,2,1,1
7043,0.2,0,0,0
7044,0.2,2,0,0
7045,0.2,1,0,0
7046,0.2,2,0,0
7047,0.2,1,0,0
7048,1.0,1,1,1
7049,1.0,2,1,0
7050,1.0,3,0,0
7051,0.2,3,0,0
7052,1.0,0,1,1
7053,2.2,0,1,1
7054,0.2,3,0,0
7055,2.2,2,1,1
7056,1.0,2,0,1
7057,0.2,2,0,1
7058,0.2,2,0,0
7059,1.0,1,1,1
7060,0.2,2,0,0
7061,1.0,1,0,1
7062,2.2,1,1,1
7063,0.2,2,0,0
7064,1.0,0,1,1
7065,0.2,3,0,0
7066,1.0,1,1,1
7067,1.0,1,1,1
7068,0.2,3,0,0
7069,0.2,2,0,0
7070,0.2,3,0,0
7071,1.0,2,1,0
7072,1.0,1,1,0
7073,0.2,3,0,0
7074,0.2,2,0,0
7075,2.2,1,1,1
7076,0.2,0,0,0
7077,1.0,1,1,1
7078,0.2,2,0,0
7079,1.0,0,1,1
7080,1.0,2,0,0
7081,1.0,3,1,1
7082,0.2,0,0,1
7083,0.2,2,0,1
7084,0.2,2,0,0
7085,0.2,0,0,0
7086,1.0,2,1,0
7087,2.2,0,1,1
7088,0.2,1,0,0
7089,1.0,2,1,1
7090,1.0,1,0,1
7091,1.0,2,1,1
7092,0.2,2,0,0
7093,2.2,2,1,1
7094,2.2,3,1,1
7095,1.0,3,1,1
7096,1.0,2,1,1
7097,1.0,1,0,1
7098,0.2,2,0,0
7099,1.0,2,1,1
7100,1.0,3,1,1
7101,0.2,1,0,0
7102,1.0,0,1,1
7103,1.0,2,1,1
7104,1.0,1,1,1
7105,0.2,1,0,0
7106,0.2,2,0,0
7107,1.0,1,1,1
7108,0.2,1,0,0
7109,0.2,2,0,0
7110,1.0,1,1,0
7111,0.2,3,0,0
7112,0.2,0,0,0
7113,0.2,1,0,0
7114,1.0,3,1,0
7115,1.0,0,1,1
7116,1.0,1,1,0
7117,0.2,1,0,0
7118,0.2,1,0,0
7119,2.2,1,1,1
7120,1.0,0,1,0
7121,1.0,2,1,1
7122,1.0,1,1,1
7123,0.2,1,0,0
7124,1.0,3,1,1
7125,0.2,2,0,0
7126,1.0,1,1,1
7127,0.2,1,0,0
7128,1.0,1,1,1
7129,1.0,1,1,0
7130,2.2,2,1,1
7131,0.2,1,0,0
7132,0.2,1,0,0
7133,1.0,2,1,1
7134,1.0,0,1,1
7135,1.0,2,1,1
7136,1.0,1,1,1
7137,1.0,0,1,1
7138,1.0,2,1,1
7139,1.0,2,0,0
7140,1.0,3,1,0
7141,0.2,3,0,0
7142,0.2,3,0,0
7143,1.0,3,0,0
7144,1.0,1,1,0
7145,1.0,2,1,0
7146,1.0,2,1,1
7147,0.2,2,0,0
7148,0.2,1,0,0
7149,1.0,1,1,1
7150,2.2,1,1,1
7151,0.2,2,0,0
7152,0.2,3,0,0
7153,1.0,2,1,1
7154,0.2,3,0,0
7155,0.2,2,0,0
7156,3.0,1,1,0
7157,0.2,1,0,0
7158,1.0,1,1,1
7159,0.2,2,0,0
7160,0.2,3,0,0
7161,1.0,3,1,1
7162,0.2,1,0,0
7163,1.0,2,1,0
7164,1.0,2,1,1
7165,1.0,1,1,1
7166,0.2,2,0,0
7167,2.2,0,1,1
7168,0.2,2,0,0
7169,0.2,0,0,0
7170,1.0,1,0,0
7171,0.2,2,0,0
7172,0.2,3,0,0
7173,1.0,1,0,0
7174,2.2,2,1,1
7175,1.0,1,1,1
7176,0.2,3,0,0
7177,1.0,0,1,1
7178,1.0,0,1,0
7179,2.2,2,1,1
7180,1.0,0,1,1
7181,0.2,2,0,0
7182,0.2,0,0,0
7183,1.0,2,0,1
7184,0.2,2,0,1
7185,1.0,2,1,1
7186,2.2,2,1,1
7187,1.0,1,1,0
7188,1.0,1,1,1
7189,0.2,2,0,0
7190,0.2,1,0,0
7191,1.0,2,1,1
7192,1.0,3,1,1
7193,0.2,1,0,0
7194,0.2,2,0,0
7195,1.0,2,0,1
7196,1.0,2,1,0
7197,1.0,1,0,1
7198,1.0,1,1,1
7199,2.2,1,1,1
7200,0.2,2,0,0
7201,1.4,2,1,1
7202,0.2,0,0,0
7203,0.2,2,0,0
7204,2.2,1,1,1
7205,1.0,1,1,1
7206,0.2,1,0,1
7207,0.2,2,0,0
7208,0.2,1,0,0
7209,2.2,2,1,1
7210,1.0,2,1,0
7211,0.2,3,0,0
7212,0.2,3,0,0
7213,1.0,2,1,1
7214,1.0,0,1,1
7215,1.0,1,1,0
7216,1.0,2,1,1
7217,0.2,3,0,0
7218,1.0,2,1,1
7219,0.2,1,0,0
7220,1.0,3,1,1
7221,2.2,1,1,1
7222,0.2,2,0,0
7223,0.2,2,0,0
7224,0.2,2,0,0
7225,1.0,1,1,0
7226,0.2,1,0,0
7227,1.0,2,1,1
7228,1.0,2,1,1
7229,1.0,0,1,1
7230,0.2,3,0,0
7231,1.0,2,1,1
7232,1.0,1,1,1
7233,2.2,1,1,1
7234,1.0,2,1,0
7235,1.0,1,0,1
7236,1.0,1,1,1
7237,2.2,3,1,1
7238,1.0,0,1,1
7239,0.2,2,0,1
7240,1.0,1,1,0
7241,1.0,3,1,0
7242,0.2,1,0,0
7243,1.0,0,0,0
7244,1.0,2,1,1
7245,2.2,1,1,1
7246,1.0,1,1,1
7247,0.2,1,0,0
7248,0.2,2,0,0
7249,1.0,0,1,1
7250,1.0,1,1,0
7251,0.2,3,0,0
7252,1.0,1,1,1
7253,1.0,1,1,1
7254,0.2,2,0,0
7255,1.0,2,1,0
7256,0.2,2,0,0
7257,0.2,2,0,0
7258,0.2,1,0,1
7259,2.2,1,1,1
7260,2.2,3,1,1
7261,1.0,2,1,0
7262,1.0,1,1,0
7263,0.2,3,0,0
7264,1.0,2,0,0
7265,0.2,2,0,0
7266,1.0,1,1,0
7267,0.2,2,0,0
7268,2.2,1,0,1
7269,2.2,2,1,1
7270,1.0,1,1,0
7271,0.2,3,0,0
7272,1.0,3,1,1
7273,0.2,2,0,0
7274,0.2,2,0,1
7275,1.0,2,1,1
7276,1.0,0,1,0
7277,1.0,2,1,1
7278,1.0,2,1,1
7279,2.2,3,1,1
7280,1.0,1,1,1
7281,1.0,1,0,1
7282,1.0,3,0,1
7283,2.2,1,1,1
7284,0.2,1,0,1
7285,1.0,1,1,1
7286,0.2,1,0,0
7287,2.2,2,1,1
7288,1.0,2,0,0
7289,1.0,1,1,0
7290,2.2,1,1,1
7291,0.2,0,0,0
7292,1.0,1,1,0
7293,1.0,2,0,0
7294,0.2,2,0,0
7295,1.0,0,1,1
7296,1.0,1,1,0
7297,0.2,2,0,1
7298,0.2,1,0,0
7299,0.2,1,0,0
7300,1.0,2,0,0
7301,1.0,1,1,1
7302,0.2,2,0,0
7303,1.0,2,1,0
7304,0.2,3,0,0
7305,1.0,1,0,1
7306,2.2,1,1,1
7307,1.0,3,1,0
7308,0.2,2,0,0
7309,1.0,1,0,0
7310,1.0,2,1,1
7311,1.0,0,1,0
7312,1.0,3,1,0
7313,0.2,2,0,1
7314,1.0,0,1,1
7315,0.2,3,0,0
7316,1.0,2,1,0
7317,0.2,1,0,0
7318,0.2,2,0,0
7319,0.2,0,0,0
7320,1.0,2,1,1
7321,1.0,2,0,0
7322,0.2,1,0,0
7323,2.2,2,1,1
7324,0.2,2,0,0
7325,1.0,0,1,1
7326,1.0,1,0,1
7327,0.2,2,0,0
7328,1.0,1,1,1
7329,1.0,2,1,1
7330,1.0,1,0,0
7331,1.0,2,1,1
7332,2.2,1,1,1
7333,0.2,1,0,0
7334,2.2,1,1,1
7335,0.2,0,0,0
7336,0.2,1,0,0
7337,1.0,3,1,0
7338,1.0,2,1,0
7339,0.2,2,0,0
7340,1.0,2,1,0
7341,1.0,1,1,1
7342,0.2,1,0,0
7343,1.0,3,1,1
7344,1.0,2,1,0
7345,1.0,2,1,0
7346,2.2,1,1,1
7347,0.2,1,0,0
7348,0.2,2,0,0
7349,1.0,3,1,1
7350,2.2,1,1,1
7351,2.2,1,1,1
7352,0.2,2,0,0
7353,1.0,2,0,0
7354,0.2,3,0,0
7355,1.0,1,0,0
7356,0.2,2,0,0
7357,0.2,3,0,0
7358,0.2,2,0,0
7359,0.2,0,0,0
7360,1.0,3,1,1
7361,1.0,1,1,1
7362,0.2,1,0,0
7363,1.0,1,1,1
7364,1.0,1,1,1
7365,1.0,1,1,1
7366,0.2,3,0,0
7367,0.2,1,0,0
7368,0.2,2,0,0
7369,0.2,1,0,0
7370,1.0,2,1,1
7371,0.2,0,0,0
7372,0.2,2,0,0
7373,1.0,2,1,1
7374,1.0,1,1,0
7375,1.0,0,0,1
7376,0.2,3,0,0
7377,2.2,2,1,1
7378,1.0,1,0,0
7379,1.0,2,1,1
7380,1.0,2,1,1
7381,1.0,2,0,1
7382,1.0,1,0,0
7383,1.0,3,0,0
7384,0.2,3,0,0
7385,1.0,1,1,0
7386,1.0,1,1,1
7387,0.2,2,0,0
7388,0.2,1,0,0
7389,1.0,1,1,0
7390,1.0,2,0,1
7391,1.0,2,1,1
7392,0.2,3,0,0
7393,1.0,1,1,1
7394,0.2,1,0,0
7395,0.2,1,0,0
7396,1.0,1,1,0
7397,2.2,0,0,1
7398,1.0,0,1,1
7399,1.0,1,1,1
7400,2.2,1,1,1
7401,2.2,1,1,1
7402,1.0,2,1,0
7403,1.0,2,1,0
7404,1.0,1,1,1
7405,0.2,0,0,0
7406,1.0,2,1,0
7407,1.0,1,1,0
7408,0.2,2,0,0
7409,1.0,2,1,0
7410,1.0,3,1,1
7411,0.2,2,0,0
7412,2.2,0,1,1
7413,1.0,0,1,1
7414,0.2,1,0,0
7415,0.2,2,0,0
7416,1.0,3,1,0
7417,2.2,1,1,1
7418,1.0,1,1,1
7419,0.2,2,0,1
7420,1.0,1,1,1
7421,0.2,1,0,1
7422,1.0,1,1,0
7423,1.0,2,1,1
7424,0.2,1,0,0
7425,0.2,2,0,0
7426,0.2,1,0,0
7427,1.0,3,1,1
7428,1.0,1,1,1
7429,0.2,1,0,1
7430,2.2,1,1,1
7431,0.2,2,0,0
7432,0.2,0,0,0
7433,0.2,0,0,0
7434,1.0,1,0,1
7435,0.2,1,0,0
7436,1.0,2,1,0
7437,1.0,1,1,1
7438,1.0,1,1,1
7439,1.0,2,1,1
7440,0.2,1,0,0
7441,1.0,1,0,0
7442,2.2,0,1,1
7443,1.0,1,0,1
7444,0.2,2,0,0
7445,1.0,2,1,0
7446,0.2,2,0,0
7447,0.2,2,0,0
7448,1.0,3,0,1
7449,2.2,3,1,1
7450,0.2,2,0,1
7451,1.0,1,1,0
7452,1.0,3,1,1
7453,1.0,1,1,1
7454,1.0,0,1,1
7455,0.2,1,0,0
7456,1.0,1,1,1
7457,1.0,2,1,1
7458,0.2,2,0,0
7459,1.0,2,1,0
7460,1.0,2,1,0
7461,1.0,1,1,1
7462,0.2,2,0,0
7463,1.0,2,1,1
7464,1.0,1,1,1
7465,2.2,1,0,1
7466,1.0,2,0,1
7467,1.0,2,1,1
7468,1.0,1,1,1
7469,1.0,3,1,1
7470,0.2,0,0,0
7471,0.2,1,0,0
7472,0.2,0,0,1
7473,1.0,1,0,1
7474,0.2,1,0,0
7475,1.0,1,1,0
7476,1.0,2,0,0
7477,1.0,2,1,1
7478,0.2,1,0,0
7479,0.2,2,0,0
7480,1.0,1,1,1
7481,2.2,2,0,1
7482,2.2,1,1,1
7483,1.0,1,1,1
7484,0.2,3,0,0
7485,1.0,2,0,1
7486,0.2,2,0,1
7487,0.2,1,0,0
7488,1.0,0,1,1
7489,0.2,3,0,0
7490,1.0,1,1,1
7491,0.2,2,0,0
7492,2.2,1,0,1
7493,1.0,1,0,1
7494,1.0,2,0,0
7495,1.0,2,1,1
7496,0.2,2,0,0
7497,0.2,2,0,0
7498,0.2,1,0,0
7499,0.2,1,0,0
7500,0.2,0,0,0
7501,1.0,2,0,1
7502,0.2,2,0,0
7503,0.2,2,0,0
7504,1.0,2,1,0
7505,1.0,2,1,1
7506,1.0,2,1,1
7507,1.0,3,1,1
7508,2.2,2,1,1
7509,1.0,0,1,1
7510,1.0,3,1,1
7511,0.2,1,0,0
7512,0.2,2,0,0
7513,0.2,3,0,0
7514,0.2,1,0,0
7515,1.0,1,1,1
7516,0.2,3,0,0
7517,1.0,1,1,1
7518,0.2,2,0,0
7519,0.2,0,0,0
7520,1.0,2,1,1
7521,0.2,1,0,0
7522,0.2,1,0,0
7523,1.0,2,1,1
7524,1.0,3,1,1
7525,0.2,3,0,0
7526,0.2,3,0,0
7527,2.2,1,1,1
7528,1.0,1,1,0
7529,0.2,1,0,1
7530,1.0,1,1,1
7531,0.2,2,0,0
7532,0.2,1,0,0
7533,0.2,1,0,0
7534,1.0,3,1,0
7535,0.2,2,0,0
7536,1.0,2,1,1
7537,1.0,0,0,1
7538,1.0,0,1,0
7539,1.0,2,0,0
7540,1.0,2,1,1
7541,0.2,2,0,0
7542,0.2,1,0,0
7543,1.0,2,0,1
7544,0.2,1,0,1
7545,1.0,2,1,1
7546,0.2,2,0,0
7547,0.2,1,0,0
7548,1.0,3,1,1
7549,0.2,3,0,0
7550,1.0,2,0,1
7551,1.0,1,1,1
7552,0.2,1,0,0
7553,0.2,2,0,0
7554,1.0,2,1,0
7555,1.0,2,1,1
7556,0.2,1,0,0
7557,1.0,2,0,0
7558,1.0,1,0,1
7559,0.2,1,0,1
7560,0.2,3,0,0
7561,1.0,2,1,1
7562,1.0,1,0,1
7563,1.0,1,1,1
7564,1.0,1,0,1
7565,1.0,1,1,1
7566,1.0,1,1,1
7567,2.2,2,1,1
7568,0.2,0,0,0
7569,0.2,3,0,0
7570,0.2,2,0,0
7571,1.0,1,0,1
7572,1.0,2,1,1
7573,0.2,2,0,0
7574,1.0,1,1,1
7575,0.2,3,0,0
7576,0.2,2,0,0
7577,2.2,2,1,1
7578,2.2,1,1,1
7579,1.0,3,1,0
7580,1.0,1,0,1
7581,1.0,2,1,1
7582,1.0,3,1,1
7583,0.2,1,0,1
7584,2.2,2,1,1
7585,1.0,2,0,1
7586,1.0,1,1,0
7587,1.0,2,1,0
7588,1.0,1,0,1
7589,1.0,1,1,1
7590,0.2,2,0,0
7591,0.2,2,0,0
7592,1.0,1,1,1
7593,0.2,2,0,1
7594,1.0,3,1,1
7595,2.2,2,1,1
7596,1.0,2,1,1
7597,1.0,2,1,1
7598,1.0,1,1,1
7599,0.2,3,0,0
7600,0.2,1,0,0
7601,1.0,2,1,1
7602,1.0,3,1,1
7603,1.0,2,1,0
7604,1.0,3,1,1
7605,0.2,2,0,1
7606,0.2,1,0,0
7607,1.0,2,1,1
7608,0.2,1,0,0
7609,1.0,2,1,1
7610,1.0,1,0,1
7611,0.2,2,0,0
7612,0.2,2,0,0
7613,1.0,0,1,1
7614,1.0,1,1,0
7615,0.2,3,0,0
7616,1.0,2,1,1
7617,1.0,1,1,1
7618,0.2,1,0,0
7619,0.2,3,0,0
7620,1.0,2,1,1
7621,0.2,2,0,0
7622,1.0,1,0,0
7623,1.0,1,1,1
7624,0.2,1,0,0
7625,0.2,3,0,0
7626,1.0,1,1,1
7627,1.0,2,1,1
7628,0.2,3,0,0
7629,2.2,1,1,1
7630,0.2,0,0,0
7631,2.2,1,1,1
7632,1.0,1,1,0
7633,2.2,3,1,1
7634,1.0,1,1,1
7635,0.2,2,0,0
7636,1.0,3,1,0
7637,0.2,2,0,0
7638,0.2,2,0,0
7639,1.0,1,1,1
7640,1.0,3,1,0
7641,1.0,2,1,0
7642,1.0,3,1,0
7643,0.2,2,0,0
7644,1.0,1,1,0
7645,1.0,2,1,1
7646,0.2,1,0,0
7647,1.0,2,0,1
7648,0.2,2,0,1
7649,0.2,2,0,0
7650,1.0,0,1,1
7651,1.0,1,1,0
7652,0.2,3,0,1
7653,2.2,2,1,1
7654,1.0,0,0,1
7655,1.0,0,1,1
7656,1.0,2,1,1
7657,0.2,0,0,1
7658,0.2,2,0,0
7659,1.0,1,1,1
7660,1.0,2,1,1
7661,1.0,1,1,0
7662,0.2,3,0,0
7663,0.2,2,0,0
7664,1.0,3,1,1
7665,2.2,0,1,1
7666,1.0,1,1,1
7667,1.0,1,1,1
7668,0.2,2,0,0
7669,1.0,0,1,0
7670,1.0,2,1,1
7671,0.2,2,0,0
7672,0.2,2,0,1
7673,1.0,1,0,1
7674,2.2,1,1,1
7675,1.0,1,1,1
7676,3.4000000000000004,2,1,0
7677,1.0,0,1,1
7678,0.2,1,0,1
7679,1.0,0,1,1
7680,1.0,0,1,1
7681,0.2,2,0,0
7682,0.2,0,0,0
7683,1.0,2,1,0
7684,0.2,2,0,0
7685,0.2,2,0,0
7686,1.0,1,0,1
7687,1.0,1,1,0
7688,0.2,3,0,0
7689,0.2,2,0,0
7690,0.2,2,0,0
7691,0.2,1,0,0
7692,1.0,3,1,1
7693,1.0,1,1,1
7694,1.0,2,1,1
7695,0.2,1,0,0
7696,1.0,2,0,0
7697,0.2,1,0,0
7698,0.2,1,0,0
7699,1.0,0,1,0
7700,0.2,1,0,0
7701,2.2,0,0,1
7702,0.2,3,0,0
7703,1.0,2,1,1
7704,1.0,2,0,1
7705,1.0,2,1,1
7706,1.0,0,1,1
7707,1.0,2,1,1
7708,0.2,2,0,0
7709,1.0,2,1,1
7710,0.2,1,0,0
7711,1.0,1,1,1
7712,2.2,1,1,1
7713,1.0,2,1,0
7714,1.0,2,1,1
7715,0.2,2,0,1
7716,0.2,1,0,0
7717,1.0,0,0,1
7718,0.2,1,0,0
7719,0.2,3,0,0
7720,0.2,2,0,0
7721,1.0,0,1,1
7722,1.0,1,1,1
7723,0.2,3,0,0
7724,1.0,2,0,1
7725,0.2,2,0,0
7726,1.0,3,1,0
7727,0.2,1,0,0
7728,1.0,1,1,0
7729,1.0,1,0,1
7730,1.0,1,1,1
7731,2.2,2,1,1
7732,0.2,1,0,0
7733,2.2,2,1,1
7734,1.0,1,1,1
7735,1.0,1,1,0
7736,0.2,2,0,0
7737,0.2,1,0,0
7738,0.2,2,0,0
7739,1.0,2,1,1
7740,0.2,1,0,0
7741,3.4000000000000004,1,1,1
7742,2.2,0,1,1
7743,0.2,0,0,0
7744,2.2,1,1,1
7745,0.2,2,0,0
7746,2.2,1,1,1
7747,1.0,2,1,1
7748,1.0,2,1,0
7749,1.0,0,1,1
7750,0.2,1,0,0
7751,0.2,1,0,0
7752,1.0,2,1,1
7753,0.2,2,0,0
7754,0.2,1,0,0
7755,0.2,2,0,0
7756,0.2,0,0,0
7757,1.0,3,1,1
7758,0.2,0,0,0
7759,2.2,1,1,1
7760,1.0,0,1,1
7761,1.0,1,1,1
7762,0.2,2,0,0
7763,0.2,1,0,0
7764,1.0,2,1,0
7765,1.0,1,1,1
7766,0.2,1,0,0
7767,1.0,1,1,1
7768,0.2,2,0,1
7769,1.0,1,1,1
7770,1.0,1,1,0
7771,0.2,0,0,0
7772,0.2,3,0,0
7773,1.0,1,0,1
7774,1.0,1,1,1
7775,0.2,2,0,0
7776,1.0,0,1,1
7777,0.2,2,0,0
7778,0.2,1,0,0
7779,0.2,2,0,0
7780,0.2,0,0,1
7781,0.2,2,0,0
7782,1.0,3,0,1
7783,2.2,1,1,1
7784,0.2,2,0,1
7785,0.2,1,0,0
7786,1.0,1,1,1
7787,1.0,1,1,1
7788,1.0,2,1,1
7789,2.2,1,1,1
7790,2.2,1,1,1
7791,0.2,2,0,0
7792,0.2,1,0,1
7793,1.0,1,1,1
7794,0.2,2,0,0
7795,0.2,1,0,0
7796,0.2,2,0,0
7797,2.2,1,1,1
7798,0.2,3,0,0
7799,0.2,1,0,0
7800,1.0,2,1,0
7801,0.2,0,0,0
7802,0.2,1,0,0
7803,1.0,2,1,0
7804,2.2,1,1,1
7805,1.0,3,1,0
7806,0.2,1,0,0
7807,0.2,1,0,1
7808,2.2,2,1,1
7809,1.0,2,0,0
7810,1.0,1,1,1
7811,1.0,0,0,1
7812,1.0,3,1,0
7813,1.0,0,1,1
7814,0.2,1,0,0
7815,0.2,3,0,0
7816,1.0,2,1,1
7817,0.2,1,0,0
7818,1.0,1,1,1
7819,1.0,0,1,1
7820,0.2,2,0,0
7821,1.0,1,1,0
7822,0.2,2,0,0
7823,1.0,2,1,0
7824,0.2,1,0,0
7825,0.2,1,0,0
7826,1.0,2,1,1
7827,1.0,0,1,1
7828,1.0,1,1,1
7829,2.2,0,1,1
7830,1.0,2,1,1
7831,1.0,1,0,0
7832,1.0,3,1,0
7833,0.2,0,0,0
7834,1.0,1,0,1
7835,0.2,2,0,0
7836,0.2,2,0,0
7837,1.0,1,1,1
7838,1.0,0,1,1
7839,0.2,1,0,0
7840,1.0,2,1,1
7841,0.2,0,0,0
7842,1.0,1,1,1
7843,0.2,1,0,1
7844,1.0,2,1,1
7845,1.0,3,1,1
7846,0.2,0,0,0
7847,0.2,1,0,0
7848,2.2,2,1,1
7849,0.2,1,0,0
7850,1.0,1,1,1
7851,0.2,3,0,0
7852,1.0,2,1,1
7853,0.2,1,0,0
7854,2.2,1,1,1
7855,1.0,1,0,1
7856,1.0,2,1,1
7857,0.2,1,0,0
7858,0.2,2,0,0
7859,1.0,1,1,1
7860,1.0,3,1,1
7861,2.2,1,1,1
7862,1.0,0,0,1
7863,2.2,1,1,1
7864,1.0,1,1,1
7865,0.2,0,0,0
7866,1.0,3,1,1
7867,1.0,1,1,1
7868,1.0,1,1,1
7869,0.2,2,0,0
7870,0.2,1,0,1
7871,0.2,2,0,0
7872,1.0,2,1,0
7873,2.2,1,1,1
7874,0.2,1,0,0
7875,0.2,3,0,0
7876,0.2,1,0,0
7877,1.0,0,1,1
7878,1.0,2,1,1
7879,1.0,1,1,1
7880,0.2,3,0,0
7881,0.2,0,0,0
7882,1.0,0,1,1
7883,0.2,1,0,0
7884,2.2,2,1,1
7885,2.2,1,0,1
7886,0.2,2,0,0
7887,1.0,1,1,0
7888,1.0,1,1,1
7889,0.2,1,0,0
7890,1.0,3,1,1
7891,0.2,0,0,0
7892,0.2,2,0,0
7893,1.0,2,1,1
7894,1.0,1,1,1
7895,1.0,1,1,1
7896,0.2,2,0,0
7897,2.2,2,1,1
7898,1.0,2,1,1
7899,1.0,3,1,1
7900,0.2,1,0,0
7901,1.0,1,1,0
7902,0.2,2,0,0
7903,2.2,3,1,1
7904,0.2,1,0,0
7905,0.2,1,0,0
7906,1.0,1,1,1
7907,0.2,1,0,0
7908,1.0,2,1,1
7909,0.2,0,0,0
7910,0.2,1,0,0
7911,1.0,3,1,0
7912,0.2,1,0,0
7913,1.0,2,1,0
7914,2.2,2,1,1
7915,0.2,2,0,0
7916,2.2,0,1,1
7917,1.0,2,1,1
7918,0.2,3,0,0
7919,1.0,3,1,1
7920,1.0,1,1,0
7921,0.2,1,0,0
7922,2.2,1,1,1
7923,1.0,2,1,1
7924,0.2,2,0,0
7925,0.2,2,0,1
7926,0.2,1,0,0
7927,1.0,2,1,0
7928,1.0,1,1,1
7929,1.0,1,1,0
7930,2.2,2,1,1
7931,2.2,1,0,1
7932,1.0,2,0,1
7933,0.2,2,0,0
7934,0.2,0,0,0
7935,0.2,1,0,1
7936,0.2,1,0,0
7937,0.2,2,0,0
7938,2.2,2,1,1
7939,1.0,2,1,1
7940,1.0,2,1,1
7941,0.2,3,0,0
7942,0.2,3,0,0
7943,0.2,2,0,0
7944,2.2,0,1,1
7945,0.2,2,0,1
7946,1.0,2,0,0
7947,1.0,3,0,0
7948,0.2,2,0,0
7949,1.0,3,1,1
7950,0.2,2,0,0
7951,0.2,1,0,0
7952,1.0,3,1,0
7953,0.2,2,0,0
7954,0.2,2,0,0
7955,2.2,3,1,1
7956,1.0,0,1,0
7957,1.0,2,0,1
7958,0.2,1,0,0
7959,0.2,3,0,0
7960,1.0,0,1,1
7961,1.0,1,0,1
7962,0.2,2,0,0
7963,1.0,2,1,0
7964,1.0,3,1,0
7965,1.0,2,1,1
7966,0.2,1,0,0
7967,0.2,3,0,0
7968,1.0,2,1,1
7969,0.2,3,0,0
7970,2.2,1,1,1
7971,0.2,2,0,0
7972,0.2,2,0,0
7973,1.0,0,1,1
7974,1.0,2,1,0
7975,0.2,1,0,0
7976,0.2,3,0,0
7977,0.2,1,0,0
7978,0.2,3,0,1
7979,0.2,0,0,0
7980,1.0,1,1,1
7981,0.2,2,0,0
7982,1.0,3,1,1
7983,1.0,2,1,0
7984,0.2,1,0,0
7985,1.0,0,1,1
7986,2.2,1,1,1
7987,1.0,1,1,1
7988,0.2,1,0,0
7989,0.2,3,0,0
7990,2.2,1,1,1
7991,0.2,1,0,0
7992,1.0,3,1,1
7993,0.2,1,0,0
7994,2.2,1,1,1
7995,0.2,2,0,0
7996,0.2,1,0,0
7997,0.2,2,0,0
7998,1.0,3,0,1
7999,0.2,3,0,0
8000,1.0,2,1,1
8001,1.0,2,1,0
8002,0.2,3,0,0
8003,1.0,2,1,1
8004,0.2,2,0,0
8005,1.0,1,1,1
8006,1.0,1,1,1
8007,1.0,2,1,1
8008,2.2,3,1,1
8009,1.0,1,1,1
8010,0.2,1,0,0
8011,0.2,0,0,0
8012,1.0,2,1,0
8013,0.2,1,0,0
8014,1.0,3,1,0
8015,0.2,0,0,1
8016,0.2,1,0,0
8017,0.2,2,0,0
8018,1.0,1,1,1
8019,2.2,1,1,1
8020,0.2,1,0,0
8021,1.0,3,1,1
8022,0.2,1,0,0
8023,0.2,3,0,0
8024,1.0,1,1,0
8025,1.0,1,1,1
8026,1.0,0,0,1
8027,1.0,1,1,1
8028,1.0,1,1,0
8029,0.2,2,0,0
8030,0.2,1,0,0
8031,1.0,2,1,0
8032,1.0,3,1,0
8033,1.0,2,0,1
8034,1.0,2,1,1
8035,1.0,2,1,1
8036,0.2,2,0,0
8037,0.2,1,0,0
8038,0.2,2,0,0
8039,0.2,1,0,0
8040,1.0,1,0,0
8041,1.0,2,1,1
8042,0.2,1,0,0
8043,2.2,3,1,1
8044,1.0,2,1,1
8045,0.2,3,0,0
8046,2.2,1,1,1
8047,1.0,1,1,0
8048,0.2,3,0,0
8049,1.0,1,1,1
8050,2.2,2,1,1
8051,1.0,0,1,1
8052,0.2,1,0,0
8053,1.0,1,1,0
8054,1.0,0,1,1
8055,0.2,2,0,0
8056,1.0,1,1,0
8057,0.2,1,0,0
8058,2.2,2,1,1
8059,1.0,2,1,0
8060,0.2,2,0,1
8061,1.0,1,1,1
8062,1.0,2,1,0
8063,1.0,2,1,1
8064,1.0,2,1,1
8065,0.2,1,0,0
8066,2.2,0,1,1
8067,1.0,0,1,0
8068,0.2,2,0,0
8069,2.2,0,1,1
8070,1.0,2,0,1
8071,1.0,0,1,1
8072,0.2,2,0,0
8073,1.0,0,1,1
8074,1.0,2,1,0
8075,0.2,2,0,1
8076,1.0,2,0,0
8077,1.0,1,1,0
8078,1.0,1,0,1
8079,0.2,0,0,1
8080,0.2,2,0,0
8081,1.0,1,1,0
8082,2.2,1,1,1
8083,1.0,1,1,0
8084,1.0,3,1,1
8085,1.0,1,0,0
8086,1.0,1,1,0
8087,1.0,1,1,1
8088,0.2,2,0,0
8089,1.0,1,0,0
8090,1.0,2,0,1
8091,1.0,1,1,0
8092,1.0,0,1,0
8093,1.0,0,0,0
8094,1.0,1,0,1
8095,1.0,0,1,1
8096,0.2,2,0,0
8097,1.0,3,1,1
8098,0.2,2,0,0
8099,0.2,2,0,0
8100,1.0,1,1,1
8101,0.2,2,0,0
8102,0.2,3,0,0
8103,1.0,1,0,1
8104,1.0,2,1,1
8105,1.0,1,1,0
8106,1.0,2,1,1
8107,2.2,1,1,1
8108,1.0,2,0,1
8109,0.2,2,0,0
8110,1.0,1,0,1
8111,0.2,2,0,0
8112,2.2,2,1,1
8113,1.0,2,1,0
8114,1.0,1,1,0
8115,0.2,2,0,0
8116,0.2,1,0,0
8117,0.2,3,0,0
8118,1.0,1,1,1
8119,1.0,2,1,1
8120,1.0,2,1,1
8121,2.2,2,1,1
8122,1.0,1,1,1
8123,1.0,1,0,1
8124,0.2,0,0,0
8125,1.0,2,0,1
8126,2.2,2,1,1
8127,2.2,2,1,1
8128,0.2,2,0,0
8129,1.0,1,1,1
8130,1.0,1,0,1
8131,1.0,1,1,1
8132,2.2,1,1,1
8133,0.2,1,0,0
8134,1.0,1,1,1
8135,0.2,2,0,1
8136,1.0,2,1,1
8137,2.2,1,1,1
8138,0.2,2,0,0
8139,1.0,2,1,1
8140,2.2,1,1,1
8141,0.2,1,0,0
8142,2.2,2,1,1
8143,1.0,1,0,1
8144,1.0,1,0,1
8145,0.2,1,0,0
8146,0.2,3,0,0
8147,1.0,0,1,1
8148,0.2,0,0,0
8149,0.2,2,0,0
8150,1.0,2,1,1
8151,1.0,2,1,1
8152,0.2,3,0,1
8153,0.2,1,0,0
8154,0.2,0,0,1
8155,0.2,3,0,1
8156,1.0,0,1,1
8157,1.0,2,1,0
8158,1.0,2,0,0
8159,0.2,1,0,0
8160,2.2,2,1,1
8161,0.2,3,0,0
8162,0.2,3,0,1
8163,0.2,2,0,0
8164,2.2,2,1,1
8165,1.0,3,1,1
8166,2.2,1,1,1
8167,1.0,2,1,1
8168,0.2,2,0,0
8169,0.2,2,0,0
8170,1.0,2,0,0
8171,1.0,1,1,1
8172,0.2,2,0,0
8173,0.2,2,0,0
8174,1.0,2,1,1
8175,0.2,2,0,0
8176,1.0,1,1,0
8177,1.0,2,1,1
8178,0.2,1,0,0
8179,1.0,0,1,0
8180,1.0,1,1,1
8181,0.2,1,0,1
8182,1.0,2,1,1
8183,1.0,2,1,1
8184,1.0,3,1,1
8185,0.2,3,0,0
8186,0.2,3,0,0
8187,0.2,1,0,0
8188,1.0,0,1,1
8189,1.0,2,0,1
8190,0.2,1,0,0
8191,0.2,2,0,0
8192,0.2,2,0,0
8193,0.2,3,0,0
8194,0.2,1,0,1
8195,1.0,2,1,1
8196,1.0,1,1,0
8197,0.2,3,0,0
8198,0.2,2,0,1
8199,0.2,1,0,0
8200,0.2,2,0,0
8201,1.0,1,1,1
8202,0.2,1,0,0
8203,1.0,2,1,1
8204,0.2,0,0,0
8205,1.0,2,0,1
8206,2.2,0,1,1
8207,1.0,3,0,0
8208,1.0,2,1,0
8209,1.0,2,1,1
8210,1.0,0,1,1
8211,0.2,0,0,0
8212,1.0,0,0,1
8213,1.0,1,0,1
8214,0.2,2,0,0
8215,1.0,2,0,0
8216,1.0,2,1,1
8217,1.0,2,1,1
8218,2.2,1,1,1
8219,1.0,2,1,1
8220,2.2,3,1,1
8221,1.0,1,1,1
8222,1.0,1,1,0
8223,1.0,1,1,1
8224,0.2,2,0,0
8225,1.0,2,1,1
8226,2.2,3,1,1
8227,2.2,2,1,1
8228,0.2,2,0,0
8229,1.0,2,1,1
8230,2.2,2,1,1
8231,0.2,2,0,1
8232,0.2,3,0,0
8233,1.0,2,1,1
8234,1.0,1,1,1
8235,1.0,1,1,1
8236,2.2,1,0,1
8237,1.0,0,1,0
8238,1.0,2,1,1
8239,1.0,1,1,1
8240,0.2,2,0,0
8241,1.0,1,1,1
8242,0.2,3,0,0
8243,1.0,3,1,1
8244,1.0,1,1,1
8245,1.0,2,1,0
8246,1.0,1,1,0
8247,2.2,2,1,1
8248,0.2,1,0,1
8249,0.2,3,0,0
8250,0.2,2,0,0
8251,1.0,1,1,1
8252,1.0,1,1,1
8253,1.0,1,1,1
8254,1.0,2,1,1
8255,0.2,1,0,0
8256,1.0,1,1,0
8257,1.0,2,1,1
8258,1.0,3,1,1
8259,2.2,0,0,0
8260,1.0,1,1,0
8261,1.0,2,0,0
8262,0.2,1,0,0
8263,2.2,2,1,1
8264,0.2,2,0,0
8265,0.2,1,0,0
8266,0.2,2,0,0
8267,0.2,1,0,0
8268,1.0,2,1,1
8269,0.2,0,0,0
8270,1.0,1,1,1
8271,0.2,1,0,0
8272,0.2,0,0,1
8273,0.2,1,0,0
8274,1.0,3,1,1
8275,0.2,0,0,0
8276,0.2,3,0,0
8277,1.0,2,1,1
8278,0.2,2,0,0
8279,0.2,1,0,0
8280,1.0,1,1,0
8281,2.2,3,1,1
8282,1.0,3,1,1
8283,0.2,2,0,1
8284,0.2,3,0,0
8285,0.2,2,0,1
8286,1.0,1,1,1
8287,0.2,3,0,0
8288,1.0,1,1,1
8289,1.0,1,1,1
8290,1.0,2,1,1
8291,1.0,1,1,1
8292,1.0,1,0,1
8293,0.2,3,0,0
8294,0.2,2,0,0
8295,1.0,1,1,1
8296,1.0,2,1,0
8297,0.2,1,0,0
8298,1.0,2,1,1
8299,1.0,2,1,1
8300,0.2,2,0,0
8301,1.0,1,1,1
8302,1.0,1,1,1
8303,1.0,0,1,1
8304,0.2,3,0,1
8305,0.2,2,0,0
8306,1.0,1,1,0
8307,1.0,1,1,1
8308,2.2,1,1,1
8309,0.2,1,0,0
8310,0.2,1,0,0
8311,2.2,3,1,1
8312,0.2,2,0,0
8313,1.0,1,1,1
8314,1.0,2,1,1
8315,0.2,1,0,0
8316,0.2,0,0,1
8317,0.2,3,0,0
8318,1.0,3,0,1
8319,1.0,2,1,0
8320,1.0,2,1,0
8321,0.2,1,0,0
8322,1.0,3,1,0
8323,0.2,2,0,0
8324,1.0,2,1,1
8325,0.2,2,0,0
8326,1.0,2,1,1
8327,1.0,2,1,0
8328,0.2,1,0,0
8329,0.2,1,0,0
8330,0.2,3,0,0
8331,0.2,1,0,0
8332,0.2,2,0,0
8333,1.0,3,1,1
8334,1.0,2,1,1
8335,1.0,2,1,1
8336,1.0,0,0,1
8337,0.2,3,0,0
8338,1.0,0,0,1
8339,0.2,1,0,0
8340,1.0,3,1,1
8341,1.0,1,1,1
8342,2.2,2,1,1
8343,2.2,1,1,1
8344,0.2,0,0,0
8345,0.2,0,0,1
8346,1.0,1,1,1
8347,1.0,0,1,1
8348,1.0,3,1,0
8349,1.0,0,1,1
8350,2.2,3,1,1
8351,1.0,2,1,1
8352,1.0,2,1,1
8353,0.2,1,0,0
8354,1.0,2,1,1
8355,0.2,1,0,0
8356,1.0,2,1,0
8357,1.0,2,1,0
8358,0.2,1,0,0
8359,0.2,1,0,1
8360,1.0,0,1,1
8361,1.0,0,1,1
8362,1.0,2,1,1
8363,1.0,1,1,1
8364,1.0,2,1,0
8365,0.2,3,0,0
8366,0.2,2,0,0
8367,1.0,1,0,1
8368,0.2,1,0,0
8369,1.0,2,1,1
8370,1.0,0,1,1
8371,0.2,3,0,0
8372,0.2,2,0,1
8373,1.0,1,1,0
8374,1.0,0,1,0
8375,0.2,2,0,0
8376,1.0,2,0,1
8377,1.0,2,1,1
8378,1.0,0,1,0
8379,1.0,1,0,1
8380,1.0,2,1,0
8381,1.0,1,1,0
8382,1.0,1,1,1
8383,1.0,3,1,1
8384,1.0,2,1,1
8385,0.2,2,0,0
8386,1.0,2,1,1
8387,0.2,2,0,0
8388,1.0,0,1,1
8389,1.0,2,1,1
8390,1.0,3,1,1
8391,0.2,1,0,0
8392,0.2,1,0,0
8393,2.2,2,0,1
8394,1.0,2,1,0
8395,1.0,1,1,0
8396,2.2,3,1,1
8397,0.2,1,0,0
8398,2.2,2,1,1
8399,1.0,1,1,1
8400,1.0,1,0,0
8401,0.2,0,0,0
8402,0.2,3,0,0
8403,0.2,1,0,0
8404,1.0,3,1,1
8405,0.2,1,0,0
8406,1.0,2,1,1
8407,1.0,3,1,0
8408,0.2,0,0,1
8409,1.0,1,1,0
8410,0.2,1,0,0
8411,1.0,2,1,1
8412,0.2,1,0,0
8413,2.2,3,0,1
8414,2.2,1,1,1
8415,1.0,2,1,1
8416,1.0,3,1,1
8417,0.2,1,0,0
8418,2.2,1,1,1
8419,0.2,0,0,0
8420,1.0,0,1,0
8421,1.0,0,0,1
8422,1.0,0,0,1
8423,0.2,3,0,0
8424,1.0,1,0,1
8425,1.0,2,1,1
8426,1.0,1,1,1
8427,0.2,3,0,1
8428,1.0,0,0,1
8429,1.0,1,1,1
8430,0.2,1,0,0
8431,0.2,1,0,0
8432,1.0,3,1,1
8433,1.0,1,1,1
8434,0.2,1,0,0
8435,0.2,2,0,0
8436,0.2,1,0,0
8437,1.0,2,0,1
8438,0.2,2,0,0
8439,2.2,2,0,1
8440,1.0,3,0,1
8441,2.2,1,1,1
8442,1.0,2,1,1
8443,1.0,2,1,0
8444,1.0,1,1,1
8445,1.0,2,1,1
8446,0.2,0,0,0
8447,0.2,2,0,0
8448,1.0,1,1,1
8449,1.0,2,0,1
8450,0.2,1,0,0
8451,1.0,2,1,1
8452,1.0,1,0,0
8453,2.2,3,1,1
8454,1.0,1,1,1
8455,2.2,2,1,1
8456,1.0,1,1,1
8457,0.2,1,0,0
8458,1.0,3,1,1
8459,1.0,1,1,1
8460,0.2,1,0,0
8461,1.0,2,1,1
8462,1.0,2,1,0
8463,0.2,3,0,0
8464,1.0,1,1,1
8465,0.2,1,0,0
8466,1.0,1,0,1
8467,0.2,3,0,0
8468,0.2,2,0,0
8469,1.0,3,1,0
8470,1.0,2,1,0
8471,0.2,1,0,1
8472,1.0,1,1,0
8473,1.0,1,0,1
8474,0.2,1,0,0
8475,0.2,1,0,0
8476,0.2,2,0,0
8477,0.2,2,0,0
8478,0.2,1,0,0
8479,1.0,0,1,1
8480,1.0,2,1,1
8481,1.0,2,1,0
8482,1.0,3,1,1
8483,0.2,2,0,0
8484,1.0,2,1,1
8485,0.2,2,0,0
8486,1.0,0,1,1
8487,1.0,0,1,0
8488,1.0,1,0,1
8489,1.0,2,1,0
8490,1.0,1,1,0
8491,0.2,1,0,0
8492,2.2,2,1,1
8493,1.0,0,1,1
8494,0.2,2,0,1
8495,1.0,2,1,1
8496,0.2,1,0,0
8497,1.0,1,1,0
8498,1.0,0,1,1
8499,1.0,2,1,0
8500,1.0,2,1,1
8501,1.0,3,1,1
8502,1.0,1,0,0
8503,0.2,2,0,0
8504,2.2,2,1,1
8505,1.0,2,1,1
8506,0.2,1,0,0
8507,0.2,1,0,0
8508,1.0,2,1,1
8509,0.2,3,0,0
8510,0.2,0,0,0
8511,0.2,0,0,0
8512,1.0,1,1,1
8513,0.2,1,0,0
8514,0.2,3,0,0
8515,1.0,1,1,1
8516,2.2,2,1,1
8517,0.2,3,0,0
8518,1.0,1,1,0
8519,0.2,3,0,0
8520,0.2,2,0,0
8521,1.0,0,1,1
8522,1.0,2,1,0
8523,1.0,2,1,0
8524,1.0,3,1,1
8525,0.2,2,0,0
8526,0.2,2,0,0
8527,2.2,1,1,1
8528,0.2,1,0,0
8529,1.0,2,1,1
8530,1.0,2,1,0
8531,0.2,2,0,1
8532,1.0,2,1,0
8533,0.2,1,0,0
8534,0.2,3,0,0
8535,3.0,2,1,0
8536,1.0,2,1,1
8537,1.0,0,1,1
8538,2.2,2,1,1
8539,1.0,1,1,1
8540,0.2,3,0,0
8541,1.0,1,1,1
8542,1.0,2,1,1
8543,0.2,3,0,0
8544,0.2,2,0,0
8545,0.2,2,0,0
8546,0.2,2,0,0
8547,0.2,2,0,0
8548,0.2,2,0,0
8549,1.0,3,1,1
8550,2.2,2,1,1
8551,0.2,2,0,0
8552,0.2,2,0,0
8553,2.2,0,1,1
8554,0.2,1,0,0
8555,1.0,2,1,1
8556,0.2,3,0,0
8557,1.0,2,1,0
8558,1.0,1,0,0
8559,0.2,1,0,0
8560,1.0,2,1,0
8561,2.2,1,1,1
8562,1.0,0,1,1
8563,1.0,2,1,1
8564,0.2,2,0,0
8565,1.0,2,1,1
8566,1.0,1,1,1
8567,1.0,3,1,1
8568,2.2,1,1,1
8569,0.2,2,0,0
8570,2.2,2,1,1
8571,0.2,3,0,0
8572,2.2,0,1,1
8573,1.0,1,1,1
8574,0.2,1,0,0
8575,1.0,2,1,1
8576,1.0,1,0,1
8577,1.0,2,0,1
8578,0.2,2,0,0
8579,1.0,2,0,0
8580,0.2,0,0,0
8581,1.0,2,1,1
8582,2.2,1,1,1
8583,0.2,1,0,0
8584,0.2,2,0,0
8585,1.0,1,1,1
8586,1.0,1,1,1
8587,1.0,1,0,1
8588,0.2,2,0,0
8589,2.2,3,1,1
8590,1.0,0,1,1
8591,0.2,0,0,0
8592,1.0,1,1,0
8593,0.2,1,0,0
8594,0.2,2,0,0
8595,0.2,2,0,0
8596,0.2,1,0,0
8597,1.0,1,1,1
8598,0.2,1,0,0
8599,1.0,2,1,1
8600,0.2,0,0,0
8601,1.0,1,1,1
8602,2.2,1,1,1
8603,1.0,2,1,1
8604,1.0,1,1,1
8605,1.0,3,1,0
8606,0.2,2,0,0
8607,0.2,1,0,0
8608,1.0,2,1,1
8609,1.0,3,1,1
8610,1.0,0,1,0
8611,0.2,2,0,0
8612,1.0,2,1,1
8613,0.2,1,0,0
8614,0.2,3,0,0
8615,1.0,1,1,1
8616,1.0,1,1,1
8617,0.2,1,0,0
8618,0.2,2,0,0
8619,0.2,2,0,0
8620,0.2,1,0,0
8621,0.2,3,0,0
8622,0.2,0,0,0
8623,0.2,1,0,0
8624,1.0,1,1,0
8625,1.0,1,1,1
8626,0.2,1,0,0
8627,0.2,2,0,0
8628,0.2,0,0,0
8629,1.0,3,1,0
8630,0.2,1,0,0
8631,0.2,1,0,0
8632,1.0,2,0,0
8633,2.2,2,0,1
8634,0.2,3,0,0
8635,1.0,3,1,1
8636,1.0,2,1,1
8637,1.0,2,1,1
8638,1.0,1,1,1
8639,2.2,1,1,1
8640,1.0,1,1,0
8641,0.2,3,0,0
8642,1.0,0,1,1
8643,1.0,1,0,1
8644,1.0,1,1,1
8645,0.2,3,0,0
8646,0.2,2,0,0
8647,0.2,3,0,0
8648,0.2,1,0,0
8649,1.0,2,1,1
8650,1.0,3,1,1
8651,1.0,2,1,1
8652,1.0,1,1,1
8653,1.0,3,1,1
8654,1.0,1,1,1
8655,1.0,2,0,1
8656,0.2,2,0,0
8657,1.0,0,1,1
8658,1.0,1,1,1
8659,1.0,1,1,1
8660,1.0,0,1,0
8661,1.0,0,0,1
8662,1.0,3,0,0
8663,2.2,2,1,1
8664,1.0,0,1,1
8665,2.2,1,1,1
8666,1.0,2,1,0
8667,2.2,1,0,1
8668,0.2,1,0,0
8669,0.2,3,0,0
8670,1.0,1,0,1
8671,0.2,2,0,0
8672,2.2,3,1,1
8673,1.0,2,0,0
8674,0.2,1,0,0
8675,1.0,0,1,0
8676,1.0,1,1,1
8677,2.2,0,1,1
8678,0.2,2,0,0
8679,1.0,2,1,1
8680,0.2,2,0,1
8681,1.0,2,0,1
8682,0.2,2,0,0
8683,0.2,1,0,0
8684,1.0,1,1,1
8685,0.2,3,0,0
8686,0.2,2,0,0
8687,1.0,1,1,1
8688,2.5999999999999996,2,1,1
8689,1.0,2,1,1
8690,1.0,2,1,1
8691,0.2,2,0,0
8692,1.0,2,1,0
8693,1.0,2,1,0
8694,1.0,1,1,1
8695,0.2,2,0,0
8696,0.2,2,0,0
8697,0.2,2,0,0
8698,0.2,1,0,0
8699,3.0,2,1,0
8700,1.0,1,0,1
8701,0.2,0,0,1
8702,2.2,1,1,1
8703,1.0,1,1,1
8704,2.2,2,0,1
8705,1.0,2,1,1
8706,2.2,3,1,1
8707,1.0,2,0,1
8708,1.0,2,1,0
8709,0.2,1,0,0
8710,0.2,3,0,0
8711,2.2,3,1,1
8712,1.0,3,1,1
8713,0.2,2,0,0
8714,0.2,2,0,0
8715,0.2,2,0,0
8716,0.2,3,0,0
8717,0.2,1,0,0
8718,1.0,1,1,1
8719,0.2,0,0,0
8720,0.2,0,0,0
8721,0.2,1,0,1
8722,0.2,1,0,0
8723,1.0,2,1,1
8724,0.2,2,0,0
8725,1.0,0,1,1
8726,0.2,1,0,0
8727,1.0,1,1,0
8728,1.0,2,1,1
8729,1.0,2,1,1
8730,0.2,3,0,0
8731,0.2,1,0,0
8732,1.0,1,1,1
8733,1.0,2,1,1
8734,1.0,2,1,1
8735,1.0,1,1,0
8736,1.0,2,1,1
8737,0.2,0,0,0
8738,0.2,2,0,0
8739,1.0,2,1,1
8740,0.2,0,0,0
8741,1.0,3,1,0
8742,0.2,1,0,0
8743,2.2,2,1,1
8744,0.2,2,0,0
8745,1.0,2,1,0
8746,0.2,2,0,0
8747,1.0,2,1,1
8748,1.0,2,1,0
8749,2.2,1,1,1
8750,0.2,3,0,0
8751,0.2,1,0,0
8752,1.0,2,1,0
8753,1.0,2,1,1
8754,2.2,1,1,1
8755,0.2,2,0,0
8756,0.2,3,0,0
8757,1.0,1,0,1
8758,1.0,2,1,0
8759,1.0,1,1,0
8760,2.2,1,0,1
8761,2.2,3,1,1
8762,0.2,1,0,0
8763,1.0,1,1,1
8764,0.2,3,0,0
8765,2.2,1,1,1
8766,0.2,1,0,0
8767,2.2,2,1,1
8768,1.0,1,1,1
8769,1.0,2,0,1
8770,1.0,3,1,1
8771,1.0,3,1,1
8772,1.0,1,1,1
8773,1.0,1,1,0
8774,0.2,1,0,0
8775,1.0,1,1,1
8776,1.0,0,1,1
8777,1.0,2,1,1
8778,0.2,3,0,0
8779,1.0,0,0,1
8780,2.2,1,1,1
8781,1.0,2,1,0
8782,1.0,2,0,1
8783,0.2,2,0,0
8784,1.0,1,1,0
8785,0.2,2,0,0
8786,1.0,1,1,0
8787,1.0,1,1,1
8788,0.2,1,0,0
8789,1.0,2,1,1
8790,0.2,0,0,0
8791,1.0,0,1,0
8792,1.0,2,0,1
8793,0.2,1,0,0
8794,1.0,2,1,0
8795,0.2,1,0,0
8796,0.2,1,0,0
8797,1.0,2,1,1
8798,0.2,1,0,0
8799,0.2,2,0,0
8800,2.2,2,1,1
8801,1.0,2,1,1
8802,2.2,3,1,1
8803,1.0,2,0,1
8804,0.2,3,0,0
8805,0.2,1,0,0
8806,1.0,1,1,1
8807,2.2,3,0,1
8808,1.0,2,1,1
8809,1.0,0,1,1
8810,0.2,3,0,0
8811,1.0,0,1,0
8812,1.0,1,1,1
8813,1.0,2,1,1
8814,1.0,3,1,1
8815,2.2,2,1,1
8816,1.0,0,1,1
8817,0.2,2,0,0
8818,1.0,2,1,0
8819,0.2,3,0,0
8820,1.0,2,1,1
8821,0.2,2,0,0
8822,1.0,2,1,1
8823,0.2,0,0,0
8824,0.2,1,0,0
8825,0.2,2,0,0
8826,0.2,0,0,0
8827,1.0,0,1,1
8828,0.2,1,0,1
8829,2.2,3,1,1
8830,1.0,3,1,1
8831,1.0,3,1,1
8832,0.2,1,0,0
8833,0.2,1,0,0
8834,1.0,3,1,0
8835,1.0,1,1,1
8836,0.2,3,0,0
8837,0.2,2,0,0
8838,0.2,1,0,0
8839,1.0,2,1,1
8840,0.2,3,0,0
8841,0.2,2,0,0
8842,0.2,3,0,0
8843,1.0,2,1,1
8844,1.0,2,1,1
8845,1.0,0,1,0
8846,0.2,2,0,0
8847,1.0,2,1,0
8848,0.2,1,0,1
8849,0.2,0,0,0
8850,0.2,1,0,0
8851,1.0,1,1,0
8852,1.0,2,1,1
8853,1.0,1,1,1
8854,1.0,1,1,1
8855,0.2,1,0,0
8856,2.2,1,1,1
8857,2.2,2,1,1
8858,2.2,0,1,1
8859,2.2,2,1,1
8860,1.0,2,1,1
8861,1.0,2,0,0
8862,2.2,0,1,1
8863,0.2,1,0,0
8864,1.0,0,1,1
8865,1.0,1,1,1
8866,1.0,0,1,1
8867,2.2,2,1,1
8868,1.0,1,1,1
8869,0.2,2,0,0
8870,1.0,2,1,1
8871,1.0,1,1,0
8872,1.0,2,1,1
8873,1.0,2,0,0
8874,1.0,2,1,1
8875,2.2,0,1,1
8876,1.0,2,1,1
8877,0.2,0,0,0
8878,2.2,2,1,1
8879,0.2,0,0,0
8880,1.0,1,1,1
8881,0.2,3,0,0
8882,1.0,2,0,1
8883,1.0,2,1,1
8884,0.2,1,0,0
8885,0.2,1,0,0
8886,0.2,1,0,0
8887,0.2,2,0,0
8888,1.0,2,1,0
8889,1.0,1,1,1
8890,0.2,1,0,0
8891,0.2,2,0,0
8892,0.2,1,0,0
8893,0.2,1,0,0
8894,0.2,3,0,0
8895,0.2,2,0,0
8896,1.0,1,1,1
8897,1.0,1,1,1
8898,0.2,1,0,0
8899,1.0,0,1,1
8900,2.2,1,1,1
8901,1.0,1,1,0
8902,2.2,2,0,1
8903,1.0,3,1,0
8904,1.0,0,0,1
8905,1.0,2,1,1
8906,1.0,3,1,1
8907,1.0,0,1,0
8908,1.0,3,1,0
8909,0.2,0,0,0
8910,0.2,1,0,0
8911,1.0,0,1,1
8912,1.0,2,1,0
8913,1.0,1,1,1
8914,1.0,1,1,0
8915,2.2,1,1,1
8916,0.2,1,0,0
8917,1.0,1,1,1
8918,1.0,1,1,1
8919,0.2,1,0,1
8920,0.2,1,0,0
8921,0.2,2,0,0
8922,1.0,1,0,1
8923,1.0,2,1,1
8924,0.2,3,0,0
8925,0.2,3,0,1
8926,1.0,3,1,1
8927,1.0,2,1,0
8928,0.2,1,0,0
8929,0.2,2,0,0
8930,0.2,0,0,0
8931,0.2,2,0,0
8932,1.0,3,1,1
8933,1.0,3,1,0
8934,1.0,1,1,1
8935,1.0,2,0,1
8936,0.2,1,0,0
8937,1.0,2,0,0
8938,1.0,2,1,0
8939,1.0,2,1,1
8940,1.0,3,1,1
8941,2.2,2,1,1
8942,0.2,1,0,1
8943,1.0,1,1,1
8944,1.0,3,1,1
8945,0.2,2,0,1
8946,1.0,2,1,0
8947,0.2,3,0,0
8948,1.0,1,1,1
8949,1.0,1,1,1
8950,2.2,1,1,1
8951,1.0,2,1,1
8952,1.0,1,1,1
8953,0.2,2,0,1
8954,1.0,2,1,1
8955,1.0,1,1,1
8956,0.2,1,0,0
8957,1.0,1,1,1
8958,1.0,2,1,0
8959,2.2,2,1,1
8960,0.2,3,0,0
8961,1.0,2,1,1
8962,0.2,2,0,0
8963,1.0,2,0,1
8964,1.0,1,1,1
8965,0.2,1,0,0
8966,1.0,0,1,1
8967,0.2,2,0,0
8968,0.2,0,0,0
8969,1.0,1,0,0
8970,1.0,2,1,0
8971,0.2,2,0,0
8972,1.0,1,1,1
8973,0.2,1,0,0
8974,0.2,3,0,0
8975,0.2,3,0,0
8976,1.0,3,0,0
8977,0.2,2,0,1
8978,2.2,3,0,1
8979,1.0,2,1,1
8980,1.0,2,1,1
8981,1.0,1,1,0
8982,0.2,1,0,1
8983,0.2,2,0,0
8984,1.0,3,0,1
8985,0.2,1,0,0
8986,1.0,3,1,1
8987,1.0,1,0,0
8988,1.0,1,1,1
8989,2.2,0,1,1
8990,1.0,1,1,1
8991,0.2,2,0,0
8992,1.0,1,1,1
8993,1.0,1,1,1
8994,1.0,2,1,0
8995,1.0,2,1,1
8996,0.2,0,0,0
8997,0.2,2,0,0
8998,1.0,2,1,1
8999,0.2,1,0,0
9000,0.2,1,0,1
9001,0.2,1,0,0
9002,2.2,1,1,1
9003,0.2,2,0,0
9004,1.0,3,0,1
9005,0.2,3,0,0
9006,0.2,1,0,0
9007,1.0,2,1,1
9008,1.0,0,1,1
9009,1.0,1,1,0
9010,0.2,2,0,1
9011,0.2,2,0,0
9012,1.0,2,1,0
9013,0.2,2,0,0
9014,0.2,1,0,1
9015,1.0,1,1,1
9016,1.0,1,1,1
9017,1.0,3,1,1
9018,1.0,2,1,1
9019,1.0,1,1,0
9020,1.0,2,1,1
9021,0.2,1,0,0
9022,1.0,3,1,0
9023,0.2,2,0,0
9024,0.2,0,0,0
9025,1.0,1,1,1
9026,0.2,2,0,0
9027,1.0,2,1,0
9028,1.0,0,1,1
9029,0.2,1,0,1
9030,1.0,3,1,0
9031,0.2,0,0,0
9032,1.0,3,1,0
9033,1.0,3,1,1
9034,0.2,1,0,0
9035,1.0,1,1,1
9036,1.0,2,1,1
9037,0.2,2,0,0
9038,0.2,2,0,1
9039,1.0,1,1,1
9040,1.0,1,1,0
9041,1.0,1,1,1
9042,0.2,0,0,0
9043,0.2,2,0,0
9044,0.2,1,0,0
9045,2.2,1,1,1
9046,1.0,1,1,1
9047,1.0,1,1,1
9048,0.2,2,0,0
9049,1.0,1,0,1
9050,0.2,2,0,0
9051,2.2,1,1,1
9052,1.0,1,1,1
9053,0.2,1,0,0
9054,0.2,1,0,0
9055,1.0,1,1,1
9056,0.2,0,0,0
9057,2.2,2,1,1
9058,1.0,2,1,0
9059,0.2,1,0,0
9060,1.0,2,1,1
9061,0.2,2,0,0
9062,1.0,1,0,1
9063,0.2,1,0,0
9064,2.2,1,1,1
9065,0.2,1,0,0
9066,0.2,2,0,1
9067,1.0,0,1,1
9068,0.2,0,0,0
9069,1.0,2,1,0
9070,1.0,0,1,1
9071,1.0,2,1,0
9072,1.0,2,1,1
9073,1.0,0,1,1
9074,0.2,1,0,1
9075,1.0,2,1,1
9076,0.2,0,0,0
9077,0.2,1,0,0
9078,1.0,1,1,1
9079,1.0,3,1,1
9080,0.2,1,0,0
9081,2.2,2,1,1
9082,0.2,1,0,0
9083,0.2,1,0,0
9084,0.2,0,0,0
9085,1.0,2,1,1
9086,0.2,1,0,0
9087,1.0,1,1,1
9088,2.2,1,1,1
9089,0.2,0,0,0
9090,1.0,2,1,1
9091,1.0,1,1,0
9092,2.2,3,0,1
9093,1.0,1,1,0
9094,1.0,2,1,1
9095,1.0,2,1,0
9096,0.2,2,0,0
9097,1.0,2,1,0
9098,1.0,0,0,0
9099,1.0,2,1,1
9100,1.0,2,1,1
9101,0.2,0,0,0
9102,1.0,1,1,0
9103,0.2,3,0,0
9104,0.2,3,0,1
9105,1.0,1,0,1
9106,1.0,3,1,1
9107,0.2,1,0,0
9108,1.0,3,0,0
9109,1.0,2,1,1
9110,0.2,1,0,0
9111,1.0,1,0,1
9112,0.2,1,0,0
9113,1.0,3,0,0
9114,1.0,2,1,1
9115,0.2,1,0,0
9116,1.0,2,1,0
9117,0.2,3,0,0
9118,1.0,0,1,1
9119,1.0,3,0,1
9120,0.2,3,0,0
9121,0.2,1,0,0
9122,1.0,3,1,0
9123,0.2,0,0,0
9124,1.0,1,0,1
9125,0.2,1,0,1
9126,1.0,2,0,1
9127,1.0,0,1,1
9128,1.0,1,1,0
9129,1.0,2,0,1
9130,1.0,3,1,1
9131,1.0,1,1,0
9132,2.2,1,1,1
9133,1.0,2,1,0
9134,1.0,1,0,1
9135,0.2,1,0,0
9136,1.0,1,1,1
9137,0.2,2,0,0
9138,1.0,3,1,0
9139,1.0,1,1,0
9140,0.2,1,0,0
9141,1.0,0,1,0
9142,1.0,3,1,1
9143,0.2,1,0,0
9144,1.0,2,1,0
9145,0.2,2,0,0
9146,0.2,0,0,0
9147,1.0,2,1,1
9148,1.0,2,1,0
9149,2.2,1,1,1
9150,1.0,1,1,1
9151,0.2,2,0,1
9152,1.0,3,0,1
9153,0.2,1,0,0
9154,1.0,0,1,0
9155,1.0,1,1,1
9156,2.2,1,1,1
9157,0.2,1,0,0
9158,1.0,2,1,0
9159,0.2,2,0,0
9160,1.0,2,0,0
9161,0.2,3,0,0
9162,2.2,1,1,1
9163,1.0,1,1,0
9164,0.2,2,0,0
9165,0.2,1,0,0
9166,0.2,1,0,0
9167,1.0,2,1,1
9168,1.0,1,1,1
9169,1.0,1,1,1
9170,1.0,3,1,1
9171,1.0,2,1,0
9172,0.2,2,0,0
9173,0.2,0,0,0
9174,0.2,1,0,0
9175,1.0,3,0,1
9176,1.0,3,1,1
9177,0.2,1,0,1
9178,1.0,3,1,1
9179,1.0,1,1,1
9180,1.0,0,1,1
9181,1.0,1,1,1
9182,1.0,2,1,1
9183,1.0,2,1,0
9184,1.0,0,1,1
9185,1.0,0,1,1
9186,2.2,2,1,1
9187,0.2,2,0,0
9188,0.2,1,0,1
9189,1.0,2,1,0
9190,1.0,0,1,0
9191,1.0,3,1,1
9192,1.0,2,1,1
9193,1.0,2,0,1
9194,0.2,1,0,1
9195,0.2,1,0,0
9196,0.2,3,0,0
9197,1.0,1,1,1
9198,0.2,2,0,0
9199,1.0,1,0,1
9200,1.0,3,1,1
9201,3.8,1,1,1
9202,0.2,2,0,0
9203,0.2,2,0,0
9204,1.0,2,1,0
9205,1.0,1,1,0
9206,0.2,1,0,0
9207,1.0,2,0,0
9208,1.0,3,1,1
9209,1.0,1,1,0
9210,0.2,1,0,0
9211,0.2,1,0,0
9212,0.2,1,0,0
9213,1.0,1,1,1
9214,1.0,3,1,1
9215,0.2,2,0,0
9216,0.6000000000000001,0,1,1
9217,0.2,2,0,1
9218,0.2,2,0,1
9219,0.2,0,0,0
9220,0.2,2,0,0
9221,1.0,1,0,0
9222,0.2,2,0,0
9223,1.0,2,1,1
9224,1.0,0,0,1
9225,1.0,1,1,1
9226,0.2,0,0,1
9227,0.2,2,0,0
9228,1.0,2,1,0
9229,2.2,2,1,1
9230,2.2,1,1,1
9231,0.2,1,0,0
9232,0.2,3,0,0
9233,2.2,0,1,1
9234,1.0,2,1,0
9235,0.2,2,0,0
9236,0.2,2,0,0
9237,2.2,2,1,1
9238,0.2,2,0,0
9239,0.2,1,0,0
9240,1.0,2,0,1
9241,1.0,2,1,1
9242,0.2,1,0,0
9243,2.2,1,1,1
9244,1.0,1,1,1
9245,1.0,1,0,1
9246,0.2,3,0,0
9247,1.0,3,1,1
9248,1.0,2,1,1
9249,0.2,2,0,0
9250,1.0,1,1,1
9251,1.0,2,1,1
9252,0.2,1,0,0
9253,0.2,1,0,0
9254,2.2,1,1,1
9255,0.2,2,0,1
9256,1.0,0,1,1
9257,1.0,1,1,1
9258,0.2,2,0,0
9259,0.2,2,0,1
9260,0.2,2,0,0
9261,1.0,2,1,0
9262,1.0,0,1,1
9263,0.2,2,0,0
9264,0.2,2,0,0
9265,1.0,2,0,0
9266,0.2,2,0,0
9267,0.2,1,0,0
9268,2.2,2,1,1
9269,1.0,3,0,0
9270,1.0,2,1,1
9271,1.0,1,1,1
9272,0.2,2,0,0
9273,1.0,2,1,1
9274,1.0,3,1,1
9275,0.2,1,0,0
9276,0.2,2,0,1
9277,1.0,2,1,0
9278,0.2,3,0,0
9279,0.2,1,0,0
9280,1.0,1,1,1
9281,0.2,0,0,0
9282,1.0,1,1,1
9283,0.2,1,0,0
9284,1.0,2,1,1
9285,2.2,1,1,1
9286,0.2,2,0,1
9287,0.2,1,0,1
9288,1.0,3,0,0
9289,1.0,1,1,1
9290,1.0,0,1,1
9291,0.2,1,0,0
9292,1.4,2,1,0
9293,0.2,2,0,1
9294,1.0,1,0,1
9295,1.0,2,0,0
9296,1.0,1,1,1
9297,0.2,0,0,0
9298,0.2,2,0,0
9299,0.2,2,0,1
9300,1.0,3,1,0
9301,0.2,1,0,0
9302,1.0,0,1,1
9303,0.2,1,0,0
9304,1.0,1,1,1
9305,1.0,1,1,1
9306,0.2,3,0,0
9307,1.0,1,0,0
9308,0.2,2,0,0
9309,1.0,1,1,0
9310,2.2,2,1,1
9311,1.0,1,1,0
9312,0.2,1,0,0
9313,1.0,3,1,0
9314,2.2,2,1,1
9315,2.2,2,1,1
9316,2.2,1,1,1
9317,0.2,2,0,0
9318,1.0,2,1,1
9319,0.2,2,0,0
9320,1.0,0,1,1
9321,0.2,3,0,0
9322,2.2,1,1,1
9323,0.2,3,0,1
9324,0.2,2,0,0
9325,1.0,2,1,0
9326,2.2,3,1,1
9327,0.2,2,0,0
9328,1.0,0,0,1
9329,2.2,1,1,1
9330,0.2,2,0,0
9331,1.0,1,1,1
9332,1.0,2,0,0
9333,0.2,2,0,0
9334,2.2,0,1,1
9335,1.0,0,1,1
9336,0.2,2,0,0
9337,1.0,1,1,0
9338,1.0,2,1,1
9339,0.2,2,0,0
9340,1.0,2,1,1
9341,2.2,1,1,1
9342,1.0,1,1,1
9343,2.2,2,1,1
9344,0.2,3,0,0
9345,0.2,1,0,0
9346,0.2,2,0,0
9347,0.2,0,0,0
9348,1.0,1,0,1
9349,2.2,1,1,1
9350,0.2,2,0,0
9351,1.0,0,1,1
9352,0.2,2,0,0
9353,0.2,0,0,0
9354,1.0,1,1,1
9355,0.2,2,0,0
9356,0.2,3,0,0
9357,1.0,0,1,1
9358,1.0,3,1,1
9359,1.0,2,0,0
9360,0.2,1,0,0
9361,1.0,1,1,1
9362,1.0,1,1,1
9363,0.2,3,0,0
9364,0.2,2,0,0
9365,1.0,1,1,0
9366,1.0,3,0,0
9367,1.0,2,1,1
9368,1.0,2,1,1
9369,1.0,2,1,1
9370,0.2,3,0,1
9371,1.0,1,1,0
9372,2.2,3,1,1
9373,1.0,2,1,1
9374,1.0,2,1,1
9375,2.2,2,0,1
9376,2.2,1,0,1
9377,0.2,1,0,0
9378,0.2,1,0,0
9379,1.0,2,1,1
9380,1.0,3,1,0
9381,2.2,1,1,1
9382,2.2,3,1,1
9383,1.0,1,0,1
9384,2.2,2,1,1
9385,0.2,3,0,1
9386,0.2,1,0,0
9387,1.0,3,1,1
9388,0.2,1,0,0
9389,1.0,3,1,1
9390,0.2,1,0,0
9391,1.0,1,1,1
9392,0.2,2,0,0
9393,0.2,2,0,0
9394,1.0,2,1,0
9395,1.0,1,1,0
9396,1.0,0,1,1
9397,0.2,2,0,0
9398,1.0,2,0,1
9399,2.2,0,1,1
9400,1.0,3,1,1
9401,0.2,2,0,0
9402,1.0,1,1,1
9403,2.2,1,0,1
9404,2.2,1,0,1
9405,3.0,1,1,0
9406,1.0,2,1,0
9407,1.0,1,1,1
9408,1.0,1,1,1
9409,1.0,2,1,1
9410,0.2,1,0,0
9411,1.0,1,1,1
9412,2.2,1,1,1
9413,0.2,1,0,1
9414,2.2,1,1,1
9415,1.0,2,1,1
9416,1.0,0,1,1
9417,1.0,0,1,1
9418,0.2,1,0,0
9419,0.2,2,0,0
9420,1.0,1,1,0
9421,2.2,1,0,1
9422,1.0,2,1,1
9423,0.2,2,0,0
9424,0.2,1,0,0
9425,0.2,1,0,0
9426,0.2,3,0,0
9427,1.0,0,1,1
9428,0.2,3,0,0
9429,1.0,1,1,1
9430,0.2,2,0,0
9431,1.0,2,1,0
9432,0.2,1,0,0
9433,1.0,1,1,1
9434,0.2,2,0,0
9435,2.2,1,1,1
9436,0.2,1,0,0
9437,1.0,3,1,1
9438,1.0,2,0,1
9439,0.2,1,0,1
9440,1.0,2,1,0
9441,1.0,1,1,1
9442,1.0,3,0,1
9443,2.2,0,0,1
9444,1.0,1,1,1
9445,0.2,1,0,0
9446,1.0,1,1,1
9447,1.0,3,0,0
9448,1.0,1,1,1
9449,1.0,2,1,1
9450,2.2,1,0,1
9451,1.0,2,1,1
9452,0.2,2,0,0
9453,0.2,1,0,0
9454,0.2,0,0,1
9455,2.2,1,1,1
9456,1.0,1,0,1
9457,1.0,1,0,1
9458,1.0,1,1,0
9459,0.2,1,0,0
9460,0.2,1,0,0
9461,0.2,2,0,1
9462,0.2,1,0,0
9463,1.0,2,1,1
9464,1.0,1,1,1
9465,1.0,0,1,1
9466,1.0,2,1,0
9467,2.2,1,1,1
9468,0.2,1,0,0
9469,1.0,2,1,1
9470,1.0,1,1,1
9471,0.2,2,0,0
9472,1.0,0,1,1
9473,0.2,1,0,0
9474,1.0,3,1,1
9475,0.2,1,0,0
9476,2.2,0,1,1
9477,1.0,0,1,0
9478,1.0,0,1,1
9479,0.2,2,0,0
9480,0.2,3,0,0
9481,1.0,1,1,1
9482,1.0,1,1,0
9483,0.2,0,0,1
9484,1.0,3,1,1
9485,0.2,2,0,0
9486,0.2,0,0,0
9487,1.0,3,1,1
9488,1.0,2,0,1
9489,1.0,1,1,1
9490,1.0,2,1,1
9491,2.2,0,1,1
9492,1.0,2,1,0
9493,0.2,0,0,0
9494,2.2,2,0,1
9495,0.2,2,0,0
9496,1.0,2,1,0
9497,0.2,0,0,0
9498,0.2,2,0,0
9499,1.0,1,1,1
9500,1.0,0,1,1
9501,1.0,2,1,1
9502,2.2,2,0,1
9503,0.2,1,0,0
9504,0.2,2,0,0
9505,1.0,3,0,0
9506,0.2,2,0,0
9507,0.2,2,0,0
9508,0.2,2,0,0
9509,1.0,3,1,1
9510,0.2,3,0,0
9511,0.2,1,0,0
9512,0.2,1,0,0
9513,1.0,2,1,0
9514,1.0,1,1,1
9515,2.2,1,1,1
9516,0.2,0,0,0
9517,1.0,1,1,1
9518,2.2,2,1,1
9519,0.2,0,0,0
9520,0.2,0,0,1
9521,0.2,3,0,0
9522,0.2,0,0,0
9523,1.0,3,1,0
9524,2.2,2,1,1
9525,1.0,1,1,1
9526,0.2,1,0,0
9527,1.0,2,1,0
9528,1.0,0,1,0
9529,1.0,1,1,1
9530,0.2,1,0,0
9531,0.2,2,0,0
9532,2.2,2,1,1
9533,2.2,1,1,1
9534,2.2,2,1,1
9535,0.2,2,0,0
9536,2.2,2,1,1
9537,1.0,3,1,0
9538,0.2,2,0,0
9539,0.2,2,0,0
9540,1.0,1,1,1
9541,0.2,0,0,0
9542,2.2,1,1,1
9543,1.0,3,1,1
9544,0.2,2,0,0
9545,1.0,1,1,1
9546,0.2,0,0,1
9547,0.2,2,0,0
9548,0.2,1,0,0
9549,0.2,1,0,0
9550,0.2,0,0,0
9551,0.2,2,0,0
9552,0.2,3,0,0
9553,0.2,2,0,0
9554,0.2,2,0,0
9555,1.0,1,1,1
9556,2.2,2,0,1
9557,0.2,1,0,0
9558,1.0,2,1,1
9559,1.0,1,1,1
9560,1.0,2,1,1
9561,0.2,2,0,0
9562,0.2,3,0,0
9563,1.8,1,1,0
9564,1.0,2,0,1
9565,1.0,1,1,1
9566,1.0,2,1,1
9567,1.0,0,1,1
9568,1.0,2,1,1
9569,1.0,1,1,1
9570,0.2,3,0,0
9571,0.2,2,0,0
9572,1.0,0,1,1
9573,2.2,2,1,1
9574,0.2,2,0,0
9575,1.0,2,1,1
9576,0.2,1,0,1
9577,2.2,1,1,1
9578,0.2,1,0,0
9579,0.2,2,0,0
9580,1.0,2,1,1
9581,0.2,2,0,0
9582,1.0,2,1,1
9583,0.2,1,0,0
9584,0.2,2,0,0
9585,0.2,3,0,0
9586,1.0,1,1,1
9587,1.0,1,1,1
9588,0.2,3,0,0
9589,0.2,3,0,0
9590,1.0,2,1,1
9591,1.0,1,1,1
9592,0.2,1,0,0
9593,2.2,3,1,1
9594,0.2,0,0,0
9595,0.2,0,0,1
9596,0.2,2,0,0
9597,1.0,2,0,1
9598,1.0,3,1,1
9599,1.0,2,1,1
9600,1.0,3,1,1
9601,1.0,1,1,0
9602,0.2,1,0,0
9603,0.2,3,0,0
9604,1.0,1,1,1
9605,0.2,2,0,0
9606,0.2,2,0,0
9607,2.2,2,1,1
9608,0.2,1,0,0
9609,1.0,2,0,0
9610,1.0,1,1,1
9611,0.2,2,0,0
9612,2.2,1,1,1
9613,0.2,2,0,0
9614,1.0,1,1,1
9615,0.2,3,0,0
9616,1.0,0,1,0
9617,2.2,1,0,1
9618,1.0,0,1,0
9619,0.2,2,0,0
9620,1.0,2,1,0
9621,1.0,1,1,1
9622,0.2,2,0,0
9623,0.2,2,0,0
9624,1.0,1,1,1
9625,1.0,2,1,0
9626,1.0,2,1,1
9627,3.8,2,1,1
9628,1.0,1,0,0
9629,0.2,1,0,0
9630,1.0,3,1,0
9631,0.2,0,0,0
9632,1.0,1,1,1
9633,0.2,1,0,0
9634,1.0,3,0,0
9635,1.0,1,0,1
9636,0.2,1,0,1
9637,1.0,1,1,0
9638,1.0,2,1,1
9639,1.0,2,1,1
9640,1.0,1,1,1
9641,2.2,2,1,1
9642,0.2,1,0,0
9643,0.2,1,0,0
9644,0.2,2,0,0
9645,1.0,2,1,0
9646,0.2,2,0,0
9647,0.2,1,0,0
9648,1.0,1,1,0
9649,0.2,2,0,0
9650,0.2,0,0,1
9651,0.2,0,0,0
9652,1.0,2,1,0
9653,0.2,2,0,0
9654,1.0,3,1,1
9655,1.0,1,1,0
9656,1.0,1,1,0
9657,0.2,2,0,0
9658,2.2,2,1,1
9659,1.0,2,1,0
9660,0.2,2,0,0
9661,1.0,1,1,1
9662,1.0,0,1,1
9663,1.0,0,1,1
9664,1.0,2,1,1
9665,1.0,1,1,1
9666,1.0,1,1,1
9667,1.0,2,0,1
9668,1.0,1,1,1
9669,1.0,1,1,1
9670,1.0,0,1,0
9671,0.2,1,0,0
9672,1.0,1,1,1
9673,0.2,2,0,0
9674,0.2,0,0,0
9675,1.0,3,1,0
9676,0.2,2,0,0
9677,0.2,2,0,0
9678,0.2,1,0,1
9679,1.0,2,1,0
9680,0.2,3,0,0
9681,1.0,2,1,0
9682,0.2,1,0,0
9683,0.2,1,0,0
9684,0.2,2,0,1
9685,0.2,2,0,1
9686,0.2,2,0,0
9687,0.2,2,0,0
9688,1.0,2,1,1
9689,1.0,2,1,0
9690,1.0,2,0,1
9691,0.2,1,0,0
9692,0.2,0,0,0
9693,1.0,1,0,1
9694,0.2,2,0,0
9695,0.2,2,0,1
9696,0.2,1,0,0
9697,0.2,2,0,0
9698,1.0,2,1,1
9699,0.2,1,0,0
9700,0.2,1,0,0
9701,1.0,2,0,0
9702,0.2,1,0,0
9703,1.0,0,1,1
9704,1.0,2,1,1
9705,0.2,2,0,0
9706,1.0,2,1,0
9707,0.2,2,0,0
9708,0.2,3,0,0
9709,2.2,1,1,1
9710,0.2,1,0,0
9711,1.0,1,1,0
9712,0.2,1,0,0
9713,0.2,2,0,0
9714,1.0,2,0,1
9715,0.2,1,0,1
9716,1.0,1,0,1
9717,1.0,0,0,1
9718,0.2,1,0,0
9719,0.2,2,0,0
9720,1.0,2,1,0
9721,0.2,2,0,0
9722,1.0,2,0,0
9723,1.0,2,1,1
9724,1.0,2,1,1
9725,1.0,0,1,1
9726,0.2,2,0,0
9727,0.2,1,0,0
9728,1.0,3,1,1
9729,0.2,2,0,0
9730,1.0,1,1,1
9731,1.0,1,1,0
9732,1.0,2,1,0
9733,1.0,2,1,1
9734,0.2,1,0,0
9735,0.2,2,0,0
9736,1.0,1,1,1
9737,1.0,1,1,1
9738,0.2,1,0,0
9739,2.2,2,1,1
9740,1.0,2,0,0
9741,2.2,0,1,1
9742,2.2,1,1,1
9743,1.0,2,1,0
9744,0.2,2,0,0
9745,1.0,2,0,1
9746,1.0,1,1,0
9747,1.0,2,1,0
9748,1.0,1,1,1
9749,0.2,3,0,0
9750,0.2,1,0,0
9751,0.2,1,0,0
9752,1.0,1,1,1
9753,1.0,1,1,1
9754,1.0,2,1,1
9755,2.2,2,1,1
9756,2.2,1,1,1
9757,1.0,1,1,1
9758,0.2,2,0,0
9759,1.0,1,1,1
9760,1.0,1,0,0
9761,0.2,2,0,0
9762,1.0,2,1,0
9763,1.0,0,1,0
9764,1.0,1,1,1
9765,1.0,2,1,1
9766,1.0,1,1,1
9767,0.2,2,0,0
9768,1.0,0,1,1
9769,0.2,0,0,0
9770,0.2,1,0,1
9771,0.2,3,0,0
9772,1.0,1,1,1
9773,0.2,1,0,0
9774,1.0,2,0,0
9775,1.0,2,0,1
9776,1.0,1,1,0
9777,0.2,1,0,0
9778,0.2,2,0,0
9779,1.0,2,1,1
9780,1.0,2,1,1
9781,0.2,2,0,0
9782,0.2,1,0,0
9783,1.0,1,1,1
9784,1.0,1,1,1
9785,0.2,1,0,0
9786,2.2,0,1,1
9787,0.2,1,0,0
9788,1.0,1,1,1
9789,1.0,2,1,0
9790,1.0,3,1,0
9791,2.2,1,1,1
9792,0.2,2,0,0
9793,1.0,3,1,1
9794,2.2,0,1,1
9795,0.2,0,0,0
9796,0.2,1,0,0
9797,0.2,2,0,0
9798,0.2,3,0,0
9799,0.2,2,0,1
9800,2.2,2,1,1
9801,0.2,1,0,0
9802,1.0,1,1,1
9803,1.0,1,1,1
9804,0.2,1,0,0
9805,1.0,1,0,1
9806,1.0,2,0,1
9807,1.0,1,0,1
9808,1.0,1,1,1
9809,0.2,2,0,1
9810,0.2,0,0,0
9811,0.2,1,0,0
9812,0.2,2,0,0
9813,1.0,1,1,1
9814,1.0,2,1,1
9815,2.2,1,1,1
9816,0.2,1,0,0
9817,1.0,1,0,0
9818,1.0,1,1,0
9819,1.0,1,1,1
9820,0.2,2,0,0
9821,1.0,0,1,1
9822,0.2,2,0,0
9823,0.2,1,0,0
9824,0.2,0,0,0
9825,1.0,2,1,0
9826,1.0,1,1,1
9827,1.0,1,1,1
9828,0.2,3,0,0
9829,1.0,2,1,1
9830,1.0,2,1,0
9831,1.0,1,1,1
9832,0.2,2,0,0
9833,1.0,0,1,1
9834,0.2,0,0,0
9835,2.2,0,1,1
9836,2.2,2,1,1
9837,1.0,1,1,1
9838,1.0,1,1,1
9839,0.2,1,0,0
9840,1.0,3,1,1
9841,1.0,0,1,1
9842,1.0,2,1,1
9843,1.0,0,1,1
9844,0.6000000000000001,0,1,1
9845,2.2,1,1,1
9846,1.0,3,1,0
9847,0.2,1,0,0
9848,0.2,2,0,0
9849,2.2,0,1,1
9850,0.2,2,0,0
9851,0.2,0,0,0
9852,0.2,1,0,0
9853,1.0,1,1,1
9854,0.2,1,0,0
9855,1.0,3,1,0
9856,0.2,2,0,0
9857,0.2,2,0,0
9858,2.2,1,1,1
9859,1.0,1,0,1
9860,1.0,3,1,0
9861,0.2,1,0,0
9862,1.0,0,0,1
9863,0.2,0,0,0
9864,0.2,1,0,0
9865,0.2,1,0,0
9866,0.2,1,0,0
9867,0.2,2,0,0
9868,1.0,1,0,1
9869,2.2,1,1,1
9870,1.0,3,1,1
9871,2.2,1,1,1
9872,0.2,1,0,0
9873,1.0,2,1,0
9874,1.0,0,1,1
9875,1.0,1,0,0
9876,0.2,2,0,0
9877,0.2,1,0,1
9878,1.0,0,1,1
9879,2.2,0,1,1
9880,0.2,2,0,0
9881,1.0,1,1,1
9882,0.2,1,0,0
9883,1.0,1,0,0
9884,1.0,3,0,1
9885,1.0,1,1,1
9886,1.0,3,1,1
9887,0.2,1,0,0
9888,1.0,2,1,1
9889,1.0,2,1,1
9890,1.0,0,1,1
9891,2.2,3,1,1
9892,1.0,1,1,1
9893,1.0,0,1,1
9894,0.2,2,0,0
9895,2.2,1,1,1
9896,0.2,2,0,0
9897,1.0,2,1,1
9898,0.2,2,0,0
9899,0.2,2,0,0
9900,1.0,3,1,1
9901,1.0,3,1,0
9902,1.0,3,1,1
9903,0.2,2,0,0
9904,0.2,1,0,0
9905,1.0,2,1,1
9906,1.0,1,1,0
9907,0.2,0,0,0
9908,0.2,0,0,0
9909,0.2,2,0,0
9910,0.2,2,0,0
9911,1.0,2,1,1
9912,2.2,1,1,1
9913,0.2,1,0,0
9914,2.2,2,1,1
9915,1.0,2,0,1
9916,1.0,3,1,0
9917,1.0,1,1,1
9918,0.2,2,0,0
9919,1.0,2,0,1
9920,1.0,2,1,0
9921,0.2,0,0,0
9922,1.0,1,1,0
9923,0.2,2,0,0
9924,0.2,0,0,1
9925,1.0,0,1,1
9926,2.2,2,1,1
9927,0.2,2,0,0
9928,1.0,2,1,1
9929,0.2,3,0,0
9930,2.2,1,0,1
9931,0.2,0,0,0
9932,1.0,1,0,1
9933,1.0,1,1,0
9934,0.2,3,0,0
9935,1.0,0,1,1
9936,1.0,2,1,0
9937,3.4000000000000004,1,1,0
9938,1.0,1,0,1
9939,0.2,0,0,0
9940,1.0,2,1,1
9941,0.2,1,0,0
9942,0.2,1,0,0
9943,1.0,1,1,1
9944,0.2,2,0,0
9945,0.2,1,0,0
9946,1.0,3,1,0
9947,1.0,3,1,0
9948,0.2,3,0,0
9949,1.0,1,1,1
9950,1.0,2,1,1
9951,1.0,1,1,1
9952,1.0,3,1,1
9953,0.2,2,0,0
9954,1.0,3,1,1
9955,1.0,2,1,0
9956,0.2,2,0,0
9957,1.0,3,1,0
9958,1.0,1,1,1
9959,0.2,1,0,1
9960,0.2,0,0,0
9961,1.0,1,0,0
9962,1.0,1,1,1
9963,0.2,2,0,0
9964,0.2,1,0,0
9965,0.2,0,0,0
9966,1.0,2,1,0
9967,1.0,2,0,0
9968,1.0,1,0,1
9969,2.2,2,1,1
9970,1.0,2,1,1
9971,1.0,1,1,1
9972,1.0,1,1,0
9973,1.0,2,1,1
9974,0.2,1,0,0
9975,0.2,2,0,0
9976,0.2,2,0,0
9977,1.0,2,1,0
9978,1.0,2,0,1
9979,0.2,1,0,0
9980,1.0,2,0,0
9981,0.2,3,0,0
9982,0.2,1,0,0
9983,0.2,1,0,0
9984,2.2,0,1,1
9985,0.2,0,0,0
9986,0.2,2,0,0
9987,0.2,2,0,0
9988,1.0,1,0,0
9989,1.0,1,1,1
9990,0.2,1,0,0
9991,0.2,1,0,0
9992,2.2,1,1,1
9993,2.2,3,0,1
9994,1.0,1,0,1
9995,0.2,1,0,0
9996,1.0,2,1,1
9997,0.2,3,0,0
9998,0.2,2,0,0
9999,0.2,1,0,0
10000,1.0,1,1,1
10001,0.2,3,0,0
10002,0.2,2,0,0
10003,0.2,3,0,0
10004,1.0,0,1,0
10005,1.0,1,1,1
10006,0.2,2,0,0
10007,1.0,3,0,0
10008,1.0,1,0,0
10009,0.2,1,0,0
10010,2.2,3,1,1
10011,0.2,1,0,0
10012,0.2,1,0,0
10013,0.2,2,0,0
10014,0.2,2,0,1
10015,0.2,1,0,1
10016,0.2,1,0,0
10017,1.0,2,1,0
10018,2.2,2,1,1
10019,1.0,2,1,1
10020,1.0,2,1,0
10021,0.2,3,0,0
10022,1.0,1,1,1
10023,1.0,1,1,0
10024,1.0,1,1,1
10025,0.2,3,0,0
10026,2.2,1,1,1
10027,0.2,1,0,0
10028,0.2,2,0,0
10029,1.0,0,1,1
10030,1.0,2,1,0
10031,0.2,1,0,0
10032,0.2,3,0,0
10033,1.0,0,1,1
10034,0.2,2,0,0
10035,1.0,2,1,0
10036,0.2,3,0,0
10037,1.0,1,0,0
10038,0.2,1,0,0
10039,0.2,0,0,0
10040,0.2,0,0,1
10041,1.0,2,1,1
10042,1.0,2,0,1
10043,0.2,1,0,0
10044,1.0,1,1,1
10045,1.0,1,1,1
10046,2.2,1,1,1
10047,0.2,0,0,0
10048,1.0,1,1,1
10049,1.0,0,1,1
10050,2.2,1,1,1
10051,0.2,2,0,0
10052,1.0,1,1,1
10053,0.2,1,0,0
10054,1.0,2,0,0
10055,1.0,2,1,1
10056,1.0,2,0,1
10057,1.0,0,1,1
10058,1.0,1,1,0
10059,1.0,3,1,1
10060,1.0,0,1,0
10061,1.0,2,1,1
10062,0.2,1,0,0
10063,1.0,2,1,0
10064,0.2,2,0,0
10065,1.0,2,1,1
10066,0.2,2,0,1
10067,1.0,3,1,0
10068,0.2,3,0,0
10069,0.2,1,0,0
10070,1.0,0,0,1
10071,1.0,1,1,1
10072,1.0,1,1,1
10073,2.2,1,1,1
10074,2.2,1,1,1
10075,1.0,2,1,1
10076,1.0,0,1,1
10077,1.0,1,1,1
10078,1.0,2,1,0
10079,1.0,2,1,1
10080,1.0,2,1,1
10081,1.0,3,1,1
10082,0.2,1,0,0
10083,2.2,0,1,1
10084,0.2,3,0,0
10085,1.0,3,0,1
10086,0.2,2,0,0
10087,1.4,2,1,1
10088,1.0,1,1,0
10089,0.2,1,0,0
10090,1.0,1,1,0
10091,3.8,1,1,1
10092,0.2,2,0,0
10093,2.2,3,1,1
10094,2.2,2,1,1
10095,2.2,3,1,1
10096,0.2,1,0,0
10097,1.0,1,0,1
10098,0.2,0,0,1
10099,1.0,0,1,1
10100,2.2,1,1,1
10101,0.2,2,0,0
10102,0.2,2,0,0
10103,1.0,3,1,1
10104,1.0,1,1,0
10105,1.0,3,1,0
10106,1.0,2,1,1
10107,1.0,0,1,1
10108,1.0,1,1,1
10109,1.0,2,1,0
10110,1.0,2,1,0
10111,1.0,2,1,1
10112,0.2,3,0,0
10113,1.0,3,1,1
10114,0.2,1,0,0
10115,0.2,2,0,0
10116,0.2,3,0,0
10117,1.0,1,1,1
10118,0.2,2,0,0
10119,0.2,3,0,0
10120,0.2,3,0,0
10121,1.0,2,1,1
10122,0.2,1,0,0
10123,1.0,2,1,1
10124,1.0,0,1,0
10125,1.0,2,0,1
10126,2.2,1,1,1
10127,1.0,3,0,0
10128,1.0,2,1,1
10129,2.2,1,1,1
10130,1.0,1,1,1
10131,1.0,1,1,0
10132,1.0,2,1,1
10133,0.2,1,0,0
10134,1.0,0,0,1
10135,1.0,2,1,0
10136,0.2,3,0,0
10137,1.0,1,1,1
10138,1.0,2,1,1
10139,0.2,2,0,0
10140,0.2,1,0,0
10141,1.0,2,1,0
10142,2.2,2,1,1
10143,0.2,1,0,0
10144,1.0,2,1,1
10145,0.2,1,0,0
10146,1.0,1,1,1
10147,1.0,1,1,1
10148,0.2,2,0,0
10149,0.2,3,0,0
10150,1.0,2,1,1
10151,1.0,2,1,1
10152,2.2,0,1,1
10153,1.0,3,1,0
10154,0.2,1,0,0
10155,0.2,3,0,0
10156,0.2,3,0,0
10157,1.0,1,1,1
10158,0.2,1,0,0
10159,0.2,0,0,0
10160,1.0,2,1,1
10161,1.0,2,0,1
10162,1.0,1,0,1
10163,0.2,1,0,0
10164,1.0,2,1,1
10165,1.0,3,1,1
10166,1.0,1,1,0
10167,1.0,0,1,1
10168,0.2,1,0,0
10169,1.0,2,1,1
10170,0.2,2,0,1
10171,0.2,2,0,0
10172,1.0,2,1,0
10173,1.0,1,1,1
10174,1.0,1,1,0
10175,0.2,3,0,0
10176,1.0,2,1,0
10177,2.2,1,1,1
10178,1.0,1,1,1
10179,1.0,2,1,1
10180,1.0,1,1,0
10181,0.2,1,0,0
10182,0.2,3,0,0
10183,0.2,2,0,0
10184,0.2,2,0,0
10185,1.0,2,1,1
10186,0.2,1,0,0
10187,0.2,1,0,0
10188,0.2,1,0,1
10189,1.0,2,0,0
10190,1.0,2,1,1
10191,1.0,1,1,1
10192,0.2,3,0,0
10193,1.0,1,1,0
10194,0.2,2,0,0
10195,2.2,1,1,1
10196,0.2,3,0,0
10197,1.0,1,1,0
10198,0.2,2,0,0
10199,0.2,2,0,0
10200,0.2,2,0,1
10201,0.2,2,0,0
10202,2.2,1,1,1
10203,2.2,2,1,1
10204,1.0,0,1,1
10205,2.2,2,1,1
10206,2.2,2,1,1
10207,0.2,3,0,0
10208,0.2,2,0,0
10209,1.0,2,0,1
10210,1.0,1,1,1
10211,0.2,3,0,0
10212,1.0,0,1,1
10213,0.2,1,0,0
10214,0.2,3,0,0
10215,0.2,3,0,0
10216,0.2,2,0,1
10217,1.0,3,1,0
10218,0.2,1,0,0
10219,1.0,3,1,1
10220,2.2,0,1,1
10221,0.2,2,0,0
10222,0.2,1,0,0
10223,0.2,2,0,0
10224,1.0,1,0,1
10225,2.2,2,1,1
10226,0.2,1,0,0
10227,1.0,0,1,1
10228,0.2,1,0,0
10229,1.0,3,0,1
10230,0.2,2,0,0
10231,1.0,3,1,0
10232,0.2,3,0,0
10233,1.0,1,1,1
10234,1.0,1,1,1
10235,0.2,1,0,0
10236,0.2,1,0,0
10237,0.2,3,0,0
10238,1.0,1,1,1
10239,0.2,0,0,0
10240,1.0,1,1,1
10241,1.0,2,1,0
10242,0.2,1,0,0
10243,0.2,1,0,0
10244,0.2,1,0,0
10245,0.2,2,0,0
10246,0.2,3,0,0
10247,1.0,3,1,0
10248,0.2,1,0,0
10249,1.0,1,1,1
10250,0.2,0,0,0
10251,1.0,2,1,0
10252,0.2,1,0,0
10253,0.2,2,0,0
10254,1.0,1,0,1
10255,0.2,3,0,0
10256,0.2,3,0,0
10257,0.2,2,0,1
10258,0.2,1,0,0
10259,0.2,3,0,0
10260,0.2,1,0,0
10261,0.2,2,0,0
10262,2.2,1,1,1
10263,1.0,1,1,1
10264,1.0,2,1,0
10265,0.2,1,0,1
10266,2.2,2,1,1
10267,1.0,2,1,1
10268,0.2,3,0,0
10269,0.2,2,0,0
10270,1.0,2,1,0
10271,0.2,3,0,0
10272,0.2,2,0,0
10273,0.2,2,0,0
10274,1.0,0,0,1
10275,0.2,2,0,0
10276,0.2,2,0,0
10277,1.0,2,1,1
10278,0.2,1,0,0
10279,1.0,1,1,1
10280,0.2,2,0,0
10281,1.0,3,1,1
10282,0.2,1,0,0
10283,1.0,2,1,1
10284,1.0,2,1,1
10285,0.2,0,0,1
10286,1.0,2,1,1
10287,0.2,2,0,0
10288,1.0,3,0,1
10289,1.0,0,1,0
10290,0.2,1,0,0
10291,0.2,3,0,0
10292,0.2,1,0,0
10293,1.0,1,1,1
10294,0.2,2,0,0
10295,1.0,2,1,1
10296,1.0,1,1,1
10297,0.2,1,0,0
10298,2.2,1,1,1
10299,1.0,1,1,1
10300,1.0,0,1,1
10301,2.2,1,1,1
10302,1.0,2,1,1
10303,0.2,0,0,0
10304,0.2,1,0,0
10305,1.0,1,1,1
10306,1.0,2,0,0
10307,0.2,2,0,0
10308,1.0,0,0,0
10309,1.0,2,1,0
10310,0.2,2,0,0
10311,0.2,3,0,1
10312,2.2,0,1,1
10313,0.2,1,0,0
10314,0.2,0,0,0
10315,0.2,1,0,0
10316,0.2,0,0,0
10317,1.0,1,1,1
10318,1.0,1,1,0
10319,2.2,1,1,1
10320,1.0,1,1,1
10321,1.0,3,1,0
10322,0.2,3,0,0
10323,1.0,2,1,1
10324,1.0,1,1,1
10325,0.2,1,0,0
10326,1.0,1,0,1
10327,0.2,1,0,1
10328,0.2,1,0,0
10329,0.2,1,0,0
10330,1.0,2,1,1
10331,1.0,1,1,1
10332,0.2,3,0,1
10333,0.2,2,0,0
10334,2.2,1,1,1
10335,1.0,2,0,0
10336,1.0,1,1,1
10337,1.0,0,1,0
10338,1.0,2,1,0
10339,0.2,2,0,1
10340,0.2,2,0,0
10341,0.2,3,0,0
10342,1.0,1,1,1
10343,2.2,1,1,1
10344,1.0,3,1,0
10345,0.2,3,0,0
10346,1.0,1,0,1
10347,2.2,1,1,1
10348,0.2,0,0,0
10349,0.2,2,0,0
10350,0.2,2,0,0
10351,1.0,2,0,0
10352,1.0,1,1,1
10353,2.2,3,1,1
10354,0.2,2,0,0
10355,1.0,2,1,1
10356,2.2,3,1,1
10357,1.0,2,1,0
10358,1.0,2,1,1
10359,1.0,1,1,0
10360,0.2,2,0,0
10361,0.2,3,0,0
10362,0.2,2,0,0
10363,1.0,0,1,1
10364,0.2,3,0,0
10365,2.2,1,1,1
10366,1.0,2,1,1
10367,1.0,3,1,1
10368,1.0,1,1,1
10369,1.0,2,1,1
10370,1.0,2,1,1
10371,2.2,1,1,1
10372,1.0,2,1,1
10373,1.0,3,1,1
10374,3.8,1,1,0
10375,0.2,1,0,0
10376,1.0,2,1,1
10377,1.0,1,1,1
10378,0.2,2,0,1
10379,0.2,1,0,0
10380,1.0,0,1,0
10381,1.0,1,1,1
10382,1.0,3,1,1
10383,0.2,2,0,0
10384,1.0,1,1,1
10385,2.2,3,1,1
10386,0.2,2,0,0
10387,2.2,1,1,1
10388,2.2,2,0,1
10389,0.2,2,0,1
10390,1.0,2,1,0
10391,1.0,2,1,1
10392,0.2,1,0,1
10393,2.2,0,1,1
10394,1.0,0,1,0
10395,1.0,3,1,1
10396,1.0,1,1,1
10397,1.0,1,1,1
10398,0.2,1,0,0
10399,1.0,3,1,1
10400,1.0,2,1,0
10401,1.0,2,1,1
10402,1.0,3,1,1
10403,1.0,3,0,1
10404,0.2,1,0,0
10405,1.0,3,1,1
10406,2.2,3,1,1
10407,0.2,3,0,0
10408,0.2,2,0,0
10409,1.8,0,1,1
10410,1.0,0,1,1
10411,0.2,1,0,0
10412,0.2,1,0,0
10413,0.2,1,0,0
10414,1.0,1,0,1
10415,1.0,1,1,0
10416,0.2,2,0,0
10417,0.2,1,0,0
10418,1.0,3,1,1
10419,2.2,3,1,1
10420,0.2,0,0,0
10421,0.2,2,0,0
10422,0.2,1,0,0
10423,0.2,1,0,1
10424,0.2,2,0,0
10425,0.2,1,0,1
10426,0.2,1,0,1
10427,1.0,2,1,1
10428,1.0,2,1,1
10429,0.2,3,0,0
10430,1.0,2,1,1
10431,0.2,1,0,0
10432,1.0,2,1,1
10433,1.0,2,1,0
10434,1.0,1,1,1
10435,2.2,2,1,1
10436,0.2,2,0,0
10437,1.0,1,1,1
10438,1.0,2,0,0
10439,1.0,1,1,0
10440,1.0,2,1,1
10441,0.2,3,0,0
10442,2.2,2,1,1
10443,0.2,2,0,0
10444,1.0,1,1,1
10445,0.2,2,0,0
10446,1.0,1,1,0
10447,0.2,1,0,0
10448,0.2,1,0,0
10449,1.0,1,1,1
10450,0.2,3,0,0
10451,0.2,1,0,0
10452,0.2,3,0,0
10453,0.2,2,0,0
10454,1.0,3,1,1
10455,0.2,1,0,0
10456,0.2,1,0,0
10457,1.0,2,0,1
10458,0.2,1,0,0
10459,2.2,1,1,1
10460,0.2,1,0,1
10461,1.0,1,1,1
10462,2.2,1,1,1
10463,0.2,2,0,0
10464,1.0,3,1,1
10465,1.0,0,1,1
10466,1.0,2,1,1
10467,0.2,3,0,1
10468,1.0,3,1,0
10469,0.2,1,0,0
10470,1.0,1,1,0
10471,1.0,1,1,1
10472,1.0,1,0,1
10473,1.0,2,1,1
10474,1.0,1,1,1
10475,0.2,2,0,0
10476,1.0,2,0,0
10477,1.0,1,1,1
10478,1.0,1,0,0
10479,1.0,1,1,1
10480,0.2,1,0,0
10481,1.0,1,1,1
10482,1.0,1,1,0
10483,1.0,0,0,1
10484,0.2,0,0,0
10485,2.2,1,1,1
10486,0.2,1,0,0
10487,1.0,1,1,1
10488,1.0,1,1,0
10489,0.2,3,0,0
10490,1.0,1,1,0
10491,1.0,0,1,0
10492,0.2,0,0,1
10493,1.0,2,1,1
10494,0.2,1,0,0
10495,1.0,0,1,1
10496,1.0,1,1,1
10497,1.0,3,1,1
10498,0.2,1,0,0
10499,0.2,2,0,0
10500,1.0,2,0,1
10501,0.2,2,0,0
10502,1.0,0,0,1
10503,0.2,3,0,0
10504,1.0,2,1,0
10505,0.2,1,0,1
10506,1.0,2,1,0
10507,0.2,0,0,0
10508,1.0,3,1,0
10509,0.2,3,0,0
10510,0.2,1,0,0
10511,0.2,1,0,1
10512,1.0,1,0,1
10513,2.2,1,1,1
10514,1.0,1,1,1
10515,1.0,3,1,0
10516,0.2,1,0,0
10517,0.2,3,0,0
10518,1.0,2,1,1
10519,1.0,3,1,1
10520,0.2,2,0,0
10521,0.2,2,0,0
10522,1.0,1,1,1
10523,0.2,1,0,0
10524,0.2,2,0,0
10525,0.2,1,0,0
10526,1.0,1,1,1
10527,0.2,2,0,0
10528,2.2,0,1,1
10529,1.0,2,1,1
10530,0.2,3,0,0
10531,1.0,2,1,0
10532,1.0,2,1,1
10533,1.0,1,0,1
10534,0.2,2,0,0
10535,1.0,2,1,0
10536,1.0,3,1,1
10537,0.2,2,0,0
10538,1.0,2,1,1
10539,1.0,0,1,1
10540,0.2,2,0,0
10541,1.0,2,1,1
10542,1.0,2,1,1
10543,0.2,1,0,0
10544,1.0,3,1,1
10545,1.0,1,1,1
10546,1.0,3,0,0
10547,0.2,2,0,0
10548,1.0,1,1,0
10549,1.0,3,1,1
10550,1.0,2,0,0
10551,0.2,1,0,0
10552,0.2,2,0,0
10553,1.0,2,1,1
10554,0.2,2,0,0
10555,1.0,1,1,1
10556,1.0,2,0,1
10557,1.0,2,1,0
10558,1.0,0,1,1
10559,1.0,1,1,1
10560,1.0,1,1,1
10561,1.0,3,1,0
10562,1.0,2,0,0
10563,1.0,0,0,0
10564,0.2,2,0,0
10565,1.0,2,1,0
10566,1.0,3,1,1
10567,1.0,1,1,1
10568,0.2,0,0,0
10569,1.0,1,0,1
10570,1.0,1,1,0
10571,1.0,2,0,1
10572,1.0,2,0,1
10573,0.2,1,0,0
10574,2.2,2,1,1
10575,1.0,3,1,0
10576,0.2,3,0,0
10577,1.0,1,1,0
10578,2.2,2,1,1
10579,1.0,0,0,1
10580,0.2,1,0,1
10581,2.2,2,1,1
10582,0.2,0,0,0
10583,1.0,1,1,1
10584,1.0,2,1,0
10585,0.2,2,0,0
10586,0.2,1,0,0
10587,0.2,1,0,0
10588,1.0,0,1,1
10589,1.0,0,1,0
10590,1.0,0,1,1
10591,1.0,1,1,1
10592,1.0,0,1,1
10593,1.0,3,1,1
10594,1.0,1,1,1
10595,1.0,0,1,1
10596,1.0,1,0,1
10597,0.2,1,0,0
10598,1.0,0,1,1
10599,1.0,2,1,0
10600,1.0,1,1,1
10601,1.0,1,1,1
10602,0.2,1,0,0
10603,0.2,2,0,0
10604,1.0,1,1,1
10605,0.2,2,0,0
10606,1.0,1,1,1
10607,1.0,3,1,1
10608,0.2,2,0,0
10609,1.0,1,1,1
10610,1.0,2,0,1
10611,2.2,2,1,1
10612,1.0,2,1,0
10613,0.2,1,0,0
10614,0.2,2,0,0
10615,1.0,2,0,1
10616,1.0,2,1,1
10617,0.2,1,0,0
10618,0.2,2,0,0
10619,0.2,2,0,0
10620,0.2,3,0,0
10621,1.0,2,1,1
10622,1.0,0,1,1
10623,1.0,1,1,0
10624,2.2,1,1,1
10625,1.0,1,1,1
10626,0.2,2,0,0
10627,0.2,2,0,1
10628,1.0,1,1,0
10629,2.2,0,1,1
10630,1.0,0,0,1
10631,1.0,2,1,1
10632,1.0,2,1,1
10633,0.2,2,0,0
10634,0.2,1,0,0
10635,0.2,3,0,0
10636,0.2,2,0,0
10637,1.0,2,1,1
10638,1.0,0,1,1
10639,1.0,3,1,0
10640,0.2,2,0,0
10641,0.2,0,0,0
10642,1.0,0,1,0
10643,0.2,2,0,0
10644,1.0,1,0,1
10645,1.0,2,1,1
10646,2.2,0,1,1
10647,2.2,0,1,1
10648,0.2,0,0,0
10649,0.2,2,0,0
10650,1.0,1,1,1
10651,1.0,2,1,1
10652,0.2,3,0,0
10653,0.2,1,0,0
10654,1.0,1,0,1
10655,1.0,1,1,1
10656,1.0,1,0,1
10657,0.2,0,0,0
10658,0.2,1,0,0
10659,1.0,2,1,1
10660,0.2,2,0,0
10661,1.0,2,0,1
10662,0.2,2,0,0
10663,0.2,2,0,0
10664,1.0,1,1,1
10665,1.0,1,0,0
10666,0.2,1,0,0
10667,1.0,0,1,1
10668,1.0,3,1,0
10669,1.0,1,1,1
10670,0.2,2,0,0
10671,1.0,2,1,1
10672,2.2,3,1,1
10673,1.0,1,1,0
10674,1.0,1,1,1
10675,0.2,1,0,1
10676,1.0,1,0,1
10677,0.2,2,0,1
10678,1.0,0,1,1
10679,0.2,2,0,0
10680,0.2,1,0,0
10681,1.0,0,1,0
10682,2.2,0,1,1
10683,0.2,1,0,1
10684,1.0,2,0,0
10685,1.0,3,1,1
10686,1.0,3,0,0
10687,0.2,1,0,0
10688,2.2,1,1,1
10689,0.2,1,0,0
10690,0.2,3,0,0
10691,1.0,2,1,1
10692,0.2,0,0,0
10693,2.2,0,1,1
10694,1.0,1,1,1
10695,1.0,1,0,0
10696,0.2,1,0,0
10697,1.0,1,1,0
10698,1.0,1,1,0
10699,0.2,2,0,0
10700,1.0,1,1,1
10701,0.2,3,0,0
10702,0.2,2,0,0
10703,2.2,2,1,1
10704,0.2,3,0,0
10705,1.0,3,1,1
10706,1.0,1,1,0
10707,1.0,1,1,1
10708,2.2,1,0,1
10709,0.2,1,0,0
10710,1.0,1,1,1
10711,1.0,2,1,1
10712,0.2,3,0,0
10713,2.5999999999999996,1,1,1
10714,2.2,2,1,1
10715,0.2,1,0,0
10716,1.0,2,1,1
10717,0.2,2,0,0
10718,1.0,1,1,0
10719,0.2,1,0,0
10720,0.2,1,0,0
10721,1.0,1,1,1
10722,1.4,0,1,1
10723,0.2,0,0,0
10724,1.0,0,1,1
10725,1.0,2,1,1
10726,1.0,3,0,1
10727,0.2,1,0,0
10728,0.2,0,0,0
10729,1.0,3,1,1
10730,0.2,2,0,0
10731,1.0,2,0,1
10732,0.2,2,0,0
10733,1.0,1,1,1
10734,0.2,2,0,0
10735,1.0,1,1,0
10736,2.2,2,1,1
10737,1.0,1,1,0
10738,1.0,2,1,1
10739,1.0,1,1,1
10740,0.2,2,0,0
10741,0.2,1,0,0
10742,0.2,2,0,0
10743,0.2,2,0,0
10744,1.0,2,1,1
10745,2.2,1,1,1
10746,1.0,3,0,0
10747,1.0,2,1,1
10748,0.2,1,0,0
10749,1.0,0,0,1
10750,1.0,2,1,1
10751,0.2,0,0,0
10752,1.0,2,0,1
10753,0.2,2,0,1
10754,0.2,2,0,0
10755,1.0,2,1,1
10756,0.2,2,0,0
10757,1.0,2,0,0
10758,0.2,1,0,1
10759,0.2,1,0,0
10760,1.0,0,0,1
10761,1.0,2,0,1
10762,0.2,2,0,0
10763,0.2,0,0,1
10764,1.0,1,1,1
10765,1.0,1,0,0
10766,1.0,2,1,0
10767,1.0,0,0,1
10768,1.0,1,1,1
10769,1.0,1,1,0
10770,1.0,1,1,1
10771,1.0,2,1,1
10772,0.2,1,0,0
10773,1.0,1,0,1
10774,1.0,3,1,1
10775,0.2,1,0,0
10776,2.2,2,1,1
10777,1.0,2,1,1
10778,0.2,2,0,0
10779,1.0,3,0,1
10780,1.0,1,1,1
10781,1.0,1,0,1
10782,0.2,2,0,0
10783,0.2,1,0,0
10784,0.2,1,0,0
10785,0.2,3,0,0
10786,0.2,2,0,0
10787,1.0,1,1,0
10788,0.2,1,0,0
10789,0.2,1,0,0
10790,0.2,1,0,1
10791,1.0,2,1,1
10792,1.0,2,1,1
10793,1.0,1,0,1
10794,1.0,1,1,1
10795,1.0,0,1,1
10796,0.2,2,0,0
10797,0.2,2,0,0
10798,0.2,0,0,1
10799,1.0,1,1,1
10800,1.0,2,1,1
10801,0.2,2,0,0
10802,2.2,0,1,1
10803,1.0,2,1,1
10804,1.0,1,1,0
10805,1.0,1,1,0
10806,1.0,2,1,1
10807,1.0,0,1,0
10808,2.2,3,1,1
10809,1.0,3,1,0
10810,1.0,0,0,1
10811,2.2,1,0,1
10812,0.2,2,0,0
10813,1.0,2,1,0
10814,1.0,0,1,1
10815,0.2,1,0,0
10816,0.2,1,0,0
10817,0.2,2,0,0
10818,0.2,1,0,0
10819,1.0,1,0,1
10820,1.0,2,1,1
10821,0.2,0,0,0
10822,0.2,2,0,0
10823,0.2,0,0,1
10824,1.0,2,1,0
10825,1.0,2,0,1
10826,0.2,2,0,0
10827,1.0,2,1,1
10828,1.0,2,1,0
10829,2.2,1,0,1
10830,1.0,0,1,1
10831,1.0,1,1,1
10832,0.2,3,0,0
10833,0.2,3,0,0
10834,0.2,1,0,0
10835,0.2,2,0,0
10836,1.0,2,1,1
10837,0.2,1,0,0
10838,1.0,1,1,1
10839,1.0,1,1,1
10840,1.0,3,1,0
10841,1.0,2,1,0
10842,1.0,2,1,1
10843,1.0,2,1,1
10844,0.2,1,0,0
10845,0.2,2,0,1
10846,2.2,3,1,1
10847,1.0,1,1,1
10848,0.2,2,0,0
10849,1.0,2,0,1
10850,2.2,3,1,1
10851,0.2,1,0,0
10852,0.2,0,0,0
10853,0.2,2,0,0
10854,0.2,0,0,1
10855,0.2,1,0,0
10856,0.2,1,0,0
10857,2.2,2,1,1
10858,1.0,1,0,1
10859,1.0,1,1,1
10860,1.0,2,1,1
10861,1.0,1,1,1
10862,1.0,2,1,1
10863,1.0,1,1,1
10864,1.0,1,1,1
10865,0.2,0,0,0
10866,1.0,1,1,1
10867,1.0,2,0,1
10868,1.0,1,1,1
10869,1.0,2,0,0
10870,1.0,2,1,1
10871,2.2,1,1,1
10872,1.0,3,1,1
10873,1.0,1,0,0
10874,1.0,1,1,0
10875,1.0,2,1,1
10876,0.2,1,0,0
10877,1.0,2,1,1
10878,0.2,1,0,0
10879,1.0,0,0,1
10880,1.0,1,1,1
10881,1.0,2,1,1
10882,2.2,1,1,1
10883,0.2,2,0,0
10884,1.0,1,1,1
10885,1.0,2,0,0
10886,0.2,1,0,0
10887,1.0,2,1,1
10888,0.2,2,0,1
10889,1.0,2,1,0
10890,0.2,2,0,1
10891,1.0,2,1,1
10892,2.2,1,0,1
10893,1.0,2,1,0
10894,1.0,0,1,0
10895,1.0,2,1,0
10896,1.0,2,1,1
10897,0.2,2,0,0
10898,1.0,3,1,1
10899,0.2,1,0,0
10900,1.0,1,0,1
10901,0.2,0,0,0
10902,1.0,1,0,1
10903,0.2,1,0,0
10904,1.0,2,1,1
10905,1.0,0,0,1
10906,0.2,2,0,0
10907,0.2,2,0,0
10908,0.2,1,0,0
10909,0.2,3,0,1
10910,1.0,1,0,1
10911,2.2,2,1,1
10912,0.2,2,0,0
10913,0.2,1,0,0
10914,1.0,2,1,1
10915,1.0,1,1,0
10916,0.2,3,0,1
10917,0.2,1,0,0
10918,1.0,1,1,1
10919,2.2,2,1,1
10920,1.0,2,1,1
10921,1.0,1,1,1
10922,1.0,1,1,1
10923,0.2,0,0,0
10924,0.2,3,0,0
10925,1.0,2,1,1
10926,1.0,1,1,1
10927,0.2,2,0,0
10928,2.2,1,1,1
10929,0.2,2,0,0
10930,0.2,0,0,0
10931,1.0,1,1,0
10932,0.2,3,0,0
10933,1.0,2,0,1
10934,0.2,2,0,0
10935,1.0,2,1,1
10936,1.0,2,0,1
10937,1.0,0,1,1
10938,0.2,0,0,0
10939,0.2,2,0,0
10940,1.0,2,1,1
10941,0.2,2,0,0
10942,1.0,2,1,1
10943,0.2,2,0,0
10944,2.2,2,1,1
10945,1.0,2,1,1
10946,2.2,0,0,1
10947,1.0,2,1,1
10948,2.2,2,0,1
10949,0.2,1,0,0
10950,1.0,1,1,1
10951,0.2,0,0,0
10952,1.0,1,1,1
10953,0.2,2,0,0
10954,0.2,1,0,0
10955,0.2,1,0,0
10956,0.2,1,0,0
10957,0.2,3,0,0
10958,0.2,2,0,1
10959,1.0,1,1,1
10960,1.0,1,1,1
10961,1.0,2,1,0
10962,1.0,1,1,0
10963,1.0,2,1,0
10964,1.0,2,1,1
10965,2.2,1,1,1
10966,0.2,0,0,1
10967,0.2,3,0,0
10968,0.2,2,0,0
10969,1.0,1,0,1
10970,1.0,1,1,1
10971,1.0,2,1,1
10972,1.0,1,1,0
10973,1.0,3,1,1
10974,1.0,0,1,1
10975,1.0,1,1,1
10976,0.2,2,0,0
10977,1.0,0,1,1
10978,0.2,2,0,1
10979,1.0,0,1,1
10980,0.2,2,0,0
10981,1.0,0,1,1
10982,1.0,3,1,1
10983,0.2,1,0,0
10984,0.2,0,0,0
10985,0.2,1,0,0
10986,1.0,2,1,1
10987,1.0,0,1,1
10988,1.0,1,1,1
10989,1.0,2,1,1
10990,2.2,2,0,1
10991,1.0,3,1,0
10992,1.0,3,1,0
10993,2.2,1,1,1
10994,0.2,1,0,0
10995,0.2,1,0,0
10996,1.0,2,1,1
10997,0.2,1,0,0
10998,0.2,1,0,0
10999,0.2,1,0,0
11000,1.0,1,1,0
11001,0.2,1,0,0
11002,1.0,2,1,0
11003,1.0,2,0,1
11004,0.2,2,0,0
11005,1.0,1,1,1
11006,1.0,2,1,1
11007,1.0,2,0,0
11008,1.0,2,1,0
11009,0.2,1,0,0
11010,0.2,2,0,0
11011,0.2,2,0,0
11012,0.2,2,0,0
11013,0.2,3,0,0
11014,0.2,1,0,0
11015,1.0,3,1,1
11016,1.0,3,1,1
11017,1.0,1,1,1
11018,1.0,2,1,1
11019,1.0,0,1,1
11020,1.0,2,1,0
11021,2.2,0,1,1
11022,0.2,1,0,0
11023,0.2,1,0,0
11024,0.2,2,0,0
11025,1.4,3,1,0
11026,0.2,2,0,0
11027,2.2,1,1,1
11028,0.2,1,0,0
11029,1.0,1,1,0
11030,0.2,1,0,0
11031,1.0,1,1,1
11032,1.0,0,1,1
11033,1.0,0,1,1
11034,0.2,2,0,0
11035,1.0,2,1,0
11036,1.0,2,1,0
11037,0.2,0,0,0
11038,1.0,2,1,0
11039,0.2,2,0,0
11040,2.2,0,1,1
11041,1.0,1,1,1
11042,1.0,3,1,1
11043,1.0,2,1,1
11044,2.2,0,1,1
11045,0.2,1,0,0
11046,0.2,3,0,1
11047,0.2,3,0,0
11048,1.0,2,0,1
11049,1.0,1,1,0
11050,1.0,0,1,1
11051,0.2,2,0,0
11052,2.2,3,0,1
11053,0.2,2,0,0
11054,0.2,3,0,0
11055,1.0,3,1,1
11056,1.0,1,1,1
11057,1.0,2,1,1
11058,1.0,0,1,1
11059,0.2,2,0,1
11060,1.0,2,1,1
11061,1.0,2,1,1
11062,0.2,1,0,0
11063,0.2,2,0,0
11064,1.0,1,1,0
11065,1.0,2,1,1
11066,1.0,1,0,0
11067,2.2,1,1,1
11068,1.0,1,1,0
11069,0.2,2,0,0
11070,1.0,1,0,1
11071,1.0,1,1,1
11072,0.2,2,0,0
11073,2.2,1,1,1
11074,0.2,1,0,0
11075,1.0,2,0,1
11076,1.0,1,1,1
11077,0.2,2,0,0
11078,1.0,1,0,1
11079,0.2,2,0,0
11080,1.0,1,1,0
11081,1.0,1,1,1
11082,1.0,1,1,1
11083,1.0,2,1,1
11084,2.2,2,1,1
11085,1.0,1,1,0
11086,1.0,1,0,1
11087,1.0,2,1,1
11088,1.0,2,1,1
11089,0.2,1,0,0
11090,1.0,1,1,0
11091,1.0,2,1,0
11092,1.0,3,1,1
11093,1.0,0,0,0
11094,0.2,1,0,0
11095,0.2,2,0,0
11096,1.0,2,0,0
11097,2.2,1,1,1
11098,1.0,1,1,0
11099,1.0,2,1,1
11100,0.2,1,0,0
11101,0.2,0,0,0
11102,1.0,2,1,1
11103,1.0,2,1,0
11104,0.2,3,0,0
11105,1.0,2,1,0
11106,1.0,1,1,1
11107,0.2,3,0,0
11108,1.0,2,1,1
11109,1.0,0,1,1
11110,1.0,1,1,1
11111,0.2,2,0,0
11112,1.0,0,1,1
11113,0.2,1,0,0
11114,0.2,2,0,0
11115,2.2,2,1,1
11116,0.2,3,0,1
11117,1.0,0,1,0
11118,0.2,2,0,0
11119,1.0,1,1,1
11120,1.0,2,1,1
11121,0.2,1,0,0
11122,1.0,2,1,1
11123,1.0,2,1,0
11124,0.2,0,0,0
11125,0.2,3,0,0
11126,1.0,2,1,1
11127,1.0,1,1,1
11128,0.2,3,0,0
11129,2.2,1,1,1
11130,2.2,1,1,1
11131,1.0,2,1,1
11132,0.2,3,0,0
11133,1.0,2,0,1
11134,1.0,3,1,1
11135,0.2,2,0,0
11136,1.0,1,1,1
11137,1.0,2,1,1
11138,1.0,2,0,1
11139,0.2,1,0,0
11140,1.0,0,1,1
11141,0.2,0,0,0
11142,1.0,0,1,1
11143,0.2,2,0,0
11144,0.2,2,0,0
11145,0.2,2,0,0
11146,2.2,1,1,1
11147,1.0,1,1,1
11148,1.0,1,0,1
11149,1.0,0,0,1
11150,1.0,1,1,1
11151,0.2,2,0,0
11152,0.2,1,0,1
11153,0.2,3,0,1
11154,1.0,2,0,0
11155,1.0,2,0,1
11156,1.0,2,1,0
11157,1.0,1,1,1
11158,0.2,1,0,0
11159,0.2,0,0,0
11160,2.5999999999999996,2,1,1
11161,0.2,0,0,0
11162,1.0,3,1,1
11163,0.2,0,0,0
11164,0.2,2,0,1
11165,0.2,2,0,0
11166,1.0,1,0,0
11167,0.2,3,0,0
11168,1.0,2,1,1
11169,0.2,3,0,0
11170,1.0,3,1,1
11171,0.2,1,0,0
11172,1.0,3,1,1
11173,0.2,2,0,1
11174,1.0,0,1,0
11175,0.2,3,0,0
11176,1.0,1,1,1
11177,1.0,1,1,1
11178,0.2,1,0,1
11179,0.2,1,0,0
11180,0.2,2,0,0
11181,0.2,1,0,0
11182,1.0,2,1,0
11183,1.0,3,1,1
11184,0.2,2,0,1
11185,0.2,2,0,0
11186,2.2,2,1,1
11187,0.2,2,0,0
11188,1.0,0,1,1
11189,2.2,1,1,1
11190,0.2,2,0,0
11191,1.0,2,1,0
11192,2.2,1,1,1
11193,1.0,0,1,1
11194,2.5999999999999996,3,1,0
11195,0.2,2,0,0
11196,0.2,3,0,0
11197,0.2,1,0,1
11198,0.2,0,0,0
11199,1.0,2,0,1
11200,0.2,0,0,0
11201,1.0,1,1,0
11202,1.0,2,0,0
11203,2.2,2,0,1
11204,1.0,0,1,0
11205,0.2,3,0,1
11206,1.0,3,1,1
11207,1.0,3,1,1
11208,1.0,2,0,0
11209,0.2,1,0,0
11210,1.0,1,1,1
11211,1.0,1,1,1
11212,1.0,0,0,1
11213,0.2,2,0,0
11214,1.0,2,1,1
11215,2.2,0,1,1
11216,0.2,2,0,0
11217,0.2,2,0,0
11218,0.2,2,0,0
11219,0.2,0,0,0
11220,0.2,2,0,0
11221,0.2,2,0,0
11222,0.2,0,0,0
11223,0.2,3,0,1
11224,0.2,1,0,0
11225,0.2,2,0,0
11226,2.2,2,1,1
11227,1.0,2,1,1
11228,0.2,3,0,0
11229,1.0,2,1,0
11230,0.2,2,0,0
11231,0.2,2,0,0
11232,1.0,2,1,1
11233,2.2,1,1,1
11234,2.2,2,0,1
11235,1.0,0,0,1
11236,0.2,2,0,0
11237,2.2,3,1,1
11238,1.0,0,0,1
11239,0.2,2,0,0
11240,2.2,2,1,1
11241,1.0,1,1,1
11242,1.0,3,0,1
11243,1.0,2,1,1
11244,0.2,2,0,1
11245,0.2,1,0,0
11246,0.2,2,0,0
11247,1.0,2,1,1
11248,0.2,2,0,0
11249,1.0,1,1,1
11250,1.0,2,1,1
11251,1.0,0,0,0
11252,1.0,1,1,1
11253,0.2,3,0,0
11254,2.2,1,1,1
11255,1.0,2,1,1
11256,0.2,3,0,0
11257,0.2,2,0,0
11258,0.2,3,0,0
11259,0.2,1,0,0
11260,2.2,0,1,1
11261,1.0,1,1,0
11262,0.2,3,0,0
11263,0.2,2,0,0
11264,2.2,2,1,1
11265,1.0,1,0,0
11266,1.0,2,1,1
11267,2.2,1,1,1
11268,0.2,1,0,0
11269,0.2,1,0,0
11270,0.2,1,0,0
11271,1.0,2,1,1
11272,1.0,3,1,0
11273,1.0,3,0,1
11274,0.2,3,0,0
11275,1.0,2,1,0
11276,0.2,2,0,0
11277,1.0,0,0,1
11278,1.0,2,1,0
11279,1.0,2,0,0
11280,1.0,1,1,0
11281,1.0,0,1,1
11282,2.2,2,1,1
11283,0.2,3,0,0
11284,2.2,1,1,1
11285,1.0,0,1,1
11286,1.0,2,1,1
11287,0.2,1,0,0
11288,0.2,2,0,0
11289,0.2,1,0,1
11290,0.2,2,0,0
11291,0.2,0,0,0
11292,1.0,2,1,0
11293,2.2,1,1,1
11294,1.0,1,1,1
11295,1.0,3,1,1
11296,1.0,2,0,1
11297,0.2,1,0,1
11298,1.0,2,1,0
11299,0.2,2,0,0
11300,1.0,1,1,1
11301,1.0,2,1,0
11302,1.0,1,1,1
11303,1.0,0,1,0
11304,1.0,1,0,1
11305,1.0,0,1,1
11306,1.0,0,1,1
11307,2.2,2,1,1
11308,0.2,1,0,0
11309,0.2,1,0,0
11310,1.0,1,1,1
11311,1.0,1,1,1
11312,0.2,1,0,0
11313,1.0,1,1,1
11314,2.2,2,1,1
11315,0.2,0,0,0
11316,1.0,1,0,0
11317,1.0,1,1,1
11318,1.0,2,1,1
11319,1.0,1,1,1
11320,0.2,1,0,0
11321,1.0,2,1,1
11322,1.0,0,1,1
11323,1.0,1,0,1
11324,0.2,0,0,0
11325,1.0,1,1,1
11326,1.0,0,1,1
11327,1.0,1,0,1
11328,0.2,2,0,0
11329,0.2,1,0,1
11330,0.2,3,0,0
11331,0.2,2,0,0
11332,1.0,1,1,1
11333,0.2,2,0,0
11334,1.0,1,1,1
11335,1.0,2,1,1
11336,1.0,2,1,1
11337,2.2,1,1,1
11338,1.0,2,1,1
11339,1.0,2,1,1
11340,1.0,0,1,1
11341,2.2,2,1,1
11342,1.0,0,1,1
11343,2.2,2,1,1
11344,0.2,1,0,0
11345,1.0,1,1,1
11346,1.0,2,1,1
11347,0.2,2,0,0
11348,1.0,1,1,1
11349,1.0,2,1,1
11350,1.0,3,0,0
11351,0.2,1,0,0
11352,0.2,2,0,0
11353,0.2,2,0,0
11354,1.0,1,1,1
11355,0.2,3,0,0
11356,2.2,1,1,1
11357,1.0,2,1,1
11358,0.2,1,0,0
11359,1.0,3,1,1
11360,1.0,3,1,0
11361,1.0,2,0,0
11362,1.0,2,1,1
11363,1.0,3,1,1
11364,0.2,2,0,1
11365,1.0,0,1,0
11366,0.2,1,0,0
11367,1.0,2,0,1
11368,1.0,2,0,0
11369,1.0,2,1,1
11370,0.6000000000000001,2,1,1
11371,1.0,2,1,1
11372,1.0,1,1,1
11373,1.0,2,1,1
11374,1.0,1,1,1
11375,0.2,2,0,0
11376,0.2,3,0,0
11377,0.2,2,0,0
11378,0.2,0,0,0
11379,1.0,1,0,1
11380,1.0,1,1,1
11381,1.0,0,1,1
11382,2.2,3,0,1
11383,0.2,2,0,0
11384,1.0,1,1,1
11385,0.2,1,0,0
11386,1.0,0,1,1
11387,1.0,0,1,1
11388,0.2,1,0,0
11389,2.2,2,1,1
11390,1.0,1,1,0
11391,0.2,2,0,1
11392,1.0,1,1,1
11393,1.0,1,1,1
11394,0.2,3,0,0
11395,1.0,0,1,1
11396,0.2,2,0,0
11397,1.0,3,1,0
11398,2.2,2,1,1
11399,0.2,2,0,0
11400,0.2,0,0,0
11401,0.2,1,0,0
11402,0.2,1,0,0
11403,1.0,1,0,1
11404,1.0,2,1,0
11405,1.0,2,1,1
11406,0.2,0,0,0
11407,1.0,1,0,0
11408,0.2,1,0,0
11409,0.2,1,0,0
11410,0.2,1,0,0
11411,1.0,2,1,1
11412,1.0,0,0,1
11413,1.0,1,0,1
11414,0.2,1,0,1
11415,1.0,1,1,1
11416,0.2,1,0,1
11417,0.2,2,0,1
11418,1.0,1,0,1
11419,1.0,1,1,1
11420,1.0,1,1,1
11421,2.2,0,1,1
11422,2.2,2,1,1
11423,0.2,2,0,0
11424,1.0,1,1,1
11425,1.0,0,1,1
11426,0.2,2,0,0
11427,0.2,1,0,0
11428,1.0,2,1,1
11429,0.2,0,0,1
11430,1.0,0,1,1
11431,0.2,2,0,1
11432,0.2,1,0,0
11433,0.2,0,0,0
11434,1.0,2,1,0
11435,0.2,1,0,0
11436,1.0,2,0,1
11437,1.0,3,1,0
11438,0.2,2,0,1
11439,1.0,0,1,1
11440,0.2,2,0,0
11441,0.2,2,0,0
11442,1.0,1,1,1
11443,1.0,1,1,1
11444,1.0,2,1,1
11445,0.2,2,0,0
11446,1.0,2,1,0
11447,1.0,0,1,1
11448,1.0,1,0,0
11449,2.2,1,0,1
11450,1.0,2,1,1
11451,1.0,2,1,1
11452,1.0,1,1,0
11453,1.0,2,1,1
11454,1.0,1,1,1
11455,1.0,1,0,1
11456,1.0,3,1,1
11457,1.0,2,0,0
11458,0.2,3,0,0
11459,1.0,3,0,0
11460,0.2,3,0,0
11461,2.2,2,1,1
11462,1.0,1,1,1
11463,1.0,2,1,1
11464,2.2,2,1,1
11465,1.0,2,0,0
11466,0.2,2,0,0
11467,1.0,1,0,1
11468,1.0,2,1,1
11469,1.0,1,1,1
11470,1.0,1,1,1
11471,1.0,1,1,1
11472,1.0,1,1,0
11473,0.2,1,0,0
11474,0.2,1,0,1
11475,2.2,1,0,1
11476,0.2,1,0,0
11477,1.4,2,1,1
11478,1.0,2,0,1
11479,2.2,0,1,1
11480,0.2,0,0,1
11481,1.0,1,1,1
11482,1.0,1,1,1
11483,1.0,3,1,0
11484,1.0,1,1,0
11485,0.2,3,0,0
11486,0.2,1,0,0
11487,1.0,2,1,1
11488,0.2,0,0,0
11489,0.2,1,0,0
11490,1.0,3,1,0
11491,0.2,3,0,0
11492,1.0,0,1,1
11493,1.0,2,1,0
11494,1.0,2,0,1
11495,0.2,2,0,0
11496,1.0,1,0,1
11497,0.2,1,0,0
11498,1.0,1,1,1
11499,1.0,1,1,1
11500,1.0,1,1,1
11501,0.2,2,0,0
11502,0.2,1,0,0
11503,0.2,2,0,0
11504,0.2,1,0,0
11505,0.2,3,0,0
11506,1.0,3,1,0
11507,0.2,2,0,0
11508,1.0,2,0,1
11509,3.8,1,1,1
11510,1.0,1,1,1
11511,1.0,1,1,1
11512,1.0,2,1,0
11513,1.0,0,1,1
11514,1.0,2,1,0
11515,1.0,2,1,1
11516,1.0,3,1,0
11517,0.2,2,0,0
11518,1.4,3,1,1
11519,2.2,1,1,1
11520,0.2,2,0,0
11521,1.0,2,1,1
11522,0.2,2,0,0
11523,2.2,3,1,1
11524,1.0,3,1,0
11525,1.0,0,1,1
11526,1.0,1,0,0
11527,1.0,2,1,0
11528,1.0,3,1,1
11529,1.0,2,1,1
11530,1.0,3,1,1
11531,0.2,3,0,0
11532,0.2,3,0,0
11533,1.0,3,1,1
11534,1.0,1,1,0
11535,0.2,1,0,0
11536,1.0,2,1,1
11537,1.0,1,0,1
11538,2.2,1,1,1
11539,1.0,1,1,0
11540,1.0,0,1,1
11541,0.2,3,0,0
11542,1.0,3,1,0
11543,1.0,1,0,0
11544,1.0,1,1,1
11545,2.2,2,1,1
11546,1.0,3,1,0
11547,0.2,2,0,0
11548,0.2,1,0,0
11549,1.0,3,1,0
11550,1.0,2,0,0
11551,1.0,0,1,0
11552,1.0,1,1,1
11553,1.0,3,0,1
11554,1.0,1,1,1
11555,1.0,1,1,0
11556,0.2,2,0,1
11557,1.0,1,0,1
11558,0.2,1,0,1
11559,0.2,3,0,0
11560,0.2,2,0,0
11561,1.0,2,1,1
11562,1.0,2,1,0
11563,0.2,1,0,0
11564,1.0,2,0,0
11565,0.2,3,0,0
11566,0.2,1,0,0
11567,0.2,2,0,0
11568,0.2,2,0,1
11569,1.0,0,1,0
11570,1.0,1,1,0
11571,1.0,1,1,0
11572,1.0,1,1,1
11573,1.0,1,1,0
11574,0.2,3,0,0
11575,1.0,2,1,1
11576,0.2,3,0,0
11577,0.2,2,0,0
11578,1.0,2,0,1
11579,0.2,2,0,0
11580,1.0,3,1,0
11581,2.2,1,0,1
11582,1.0,2,1,1
11583,0.2,3,0,0
11584,0.2,1,0,0
11585,1.0,2,1,0
11586,1.0,0,1,1
11587,0.2,1,0,0
11588,0.2,2,0,0
11589,0.2,2,0,0
11590,1.0,2,1,1
11591,2.2,2,1,1
11592,1.0,2,1,1
11593,1.0,1,1,0
11594,2.2,1,1,1
11595,0.2,1,0,0
11596,0.2,2,0,0
11597,0.2,3,0,0
11598,1.0,3,0,1
11599,1.0,3,1,1
11600,2.2,1,1,1
11601,0.2,1,0,0
11602,0.2,1,0,0
11603,2.2,2,1,1
11604,1.0,1,1,1
11605,1.0,1,1,1
11606,1.0,2,1,1
11607,0.2,2,0,0
11608,1.0,2,1,1
11609,0.2,0,0,0
11610,0.2,2,0,0
11611,1.0,2,1,1
11612,1.0,2,1,0
11613,0.2,2,0,0
11614,0.2,0,0,0
11615,2.2,1,1,1
11616,0.2,2,0,0
11617,1.0,0,1,0
11618,0.2,1,0,1
11619,1.0,3,0,1
11620,0.2,1,0,0
11621,1.0,2,1,1
11622,1.0,3,1,0
11623,0.2,1,0,1
11624,0.2,0,0,0
11625,1.0,2,1,1
11626,1.0,0,0,1
11627,0.2,2,0,0
11628,1.0,1,0,0
11629,0.2,0,0,0
11630,1.0,2,0,1
11631,0.6000000000000001,2,1,0
11632,0.2,1,0,0
11633,0.2,2,0,0
11634,0.2,3,0,0
11635,0.2,0,0,0
11636,0.2,1,0,0
11637,2.2,2,1,1
11638,1.0,1,1,1
11639,0.2,0,0,0
11640,1.0,2,1,0
11641,2.2,1,1,1
11642,1.0,3,1,0
11643,0.2,2,0,0
11644,0.2,0,0,1
11645,1.0,0,1,1
11646,0.2,1,0,0
11647,0.2,2,0,0
11648,1.0,2,0,1
11649,1.0,1,1,1
11650,1.0,1,0,0
11651,0.2,0,0,0
11652,1.0,2,1,1
11653,0.2,0,0,0
11654,0.2,1,0,0
11655,0.2,1,0,0
11656,2.2,2,1,1
11657,1.0,1,0,1
11658,0.2,2,0,0
11659,0.2,1,0,0
11660,1.0,1,1,0
11661,1.0,1,1,1
11662,0.2,2,0,0
11663,0.2,1,0,0
11664,1.0,2,1,0
11665,1.0,3,1,0
11666,1.0,0,1,1
11667,1.0,2,1,0
11668,0.2,2,0,0
11669,0.2,1,0,0
11670,1.0,2,1,1
11671,1.0,1,1,1
11672,0.2,1,0,0
11673,1.0,0,1,0
11674,1.0,0,1,0
11675,0.2,2,0,0
11676,1.0,1,1,0
11677,0.2,2,0,0
11678,1.0,0,1,1
11679,1.0,0,0,0
11680,0.2,2,0,0
11681,1.0,2,1,1
11682,1.0,2,1,1
11683,1.0,1,1,0
11684,1.0,3,1,1
11685,0.2,0,0,0
11686,1.0,1,1,0
11687,1.0,1,1,1
11688,1.0,0,0,0
11689,0.2,2,0,0
11690,1.0,2,0,1
11691,0.2,1,0,0
11692,1.0,2,1,1
11693,0.2,1,0,0
11694,1.0,2,1,1
11695,1.0,1,1,0
11696,0.2,1,0,1
11697,0.2,1,0,0
11698,2.2,0,1,1
11699,0.2,1,0,0
11700,1.0,3,1,1
11701,1.0,1,1,1
11702,1.0,1,0,0
11703,1.0,2,0,0
11704,0.2,2,0,0
11705,1.0,2,1,1
11706,0.2,3,0,0
11707,0.2,1,0,0
11708,1.0,1,1,0
11709,0.2,2,0,0
11710,1.0,3,1,1
11711,0.2,2,0,0
11712,1.0,2,0,1
11713,1.0,3,0,1
11714,0.2,1,0,0
11715,1.0,0,1,0
11716,1.0,2,1,1
11717,0.2,3,0,0
11718,0.2,1,0,0
11719,1.0,3,1,0
11720,1.0,3,1,1
11721,0.2,1,0,0
11722,2.2,1,1,1
11723,0.2,1,0,0
11724,0.2,1,0,0
11725,1.0,0,1,1
11726,0.2,2,0,0
11727,1.0,2,1,0
11728,1.0,2,1,1
11729,1.0,3,1,1
11730,1.0,2,1,1
11731,1.0,1,1,1
11732,1.0,3,1,1
11733,0.2,1,0,0
11734,1.0,2,1,1
11735,2.2,1,1,1
11736,1.0,2,0,1
11737,1.0,1,1,1
11738,1.0,1,0,1
11739,1.0,2,0,0
11740,0.2,1,0,0
11741,0.2,3,0,0
11742,0.2,2,0,0
11743,1.0,3,1,1
11744,1.0,1,0,0
11745,1.0,2,1,0
11746,0.2,1,0,1
11747,0.2,2,0,0
11748,1.0,1,1,1
11749,0.2,1,0,0
11750,1.0,1,1,0
11751,1.0,2,1,1
11752,0.2,2,0,0
11753,1.0,1,1,1
11754,1.0,3,1,0
11755,1.0,1,1,1
11756,0.2,1,0,0
11757,1.0,2,1,1
11758,0.2,1,0,0
11759,1.0,2,1,1
11760,0.2,1,0,0
11761,1.0,3,1,1
11762,0.2,1,0,0
11763,1.0,2,1,1
11764,1.0,0,1,1
11765,0.2,2,0,0
11766,1.0,1,1,0
11767,0.2,2,0,0
11768,0.2,1,0,0
11769,1.0,1,1,1
11770,0.2,1,0,0
11771,0.2,1,0,0
11772,1.0,2,1,1
11773,1.0,2,1,1
11774,3.4000000000000004,2,1,0
11775,1.0,1,1,0
11776,1.0,2,1,1
11777,1.0,2,1,1
11778,1.0,1,1,1
11779,0.2,2,0,0
11780,1.0,2,0,0
11781,0.2,2,0,0
11782,0.2,2,0,0
11783,0.2,2,0,1
11784,1.0,2,0,0
11785,1.0,1,1,1
11786,1.0,1,1,0
11787,0.2,2,0,0
11788,0.2,2,0,0
11789,2.2,3,1,1
11790,0.2,2,0,0
11791,0.2,2,0,0
11792,0.2,2,0,0
11793,1.0,3,1,1
11794,0.2,3,0,0
11795,1.0,2,1,0
11796,1.0,2,0,0
11797,0.2,1,0,0
11798,0.2,3,0,0
11799,2.2,2,1,1
11800,1.0,2,1,0
11801,1.0,0,0,1
11802,1.0,2,1,1
11803,0.2,1,0,0
11804,0.2,1,0,0
11805,1.0,1,1,0
11806,0.2,2,0,0
11807,1.0,1,1,1
11808,0.2,1,0,0
11809,0.2,2,0,0
11810,0.2,0,0,0
11811,1.0,1,1,0
11812,0.2,2,0,0
11813,0.2,2,0,0
11814,0.2,0,0,1
11815,0.2,0,0,0
11816,1.0,1,1,1
11817,1.0,2,1,0
11818,1.0,2,1,1
11819,2.2,1,0,1
11820,1.0,1,1,0
11821,0.2,1,0,0
11822,0.2,3,0,0
11823,0.2,1,0,1
11824,1.0,2,1,0
11825,0.2,2,0,0
11826,1.0,1,1,1
11827,1.0,1,0,1
11828,0.2,2,0,0
11829,1.0,1,1,0
11830,0.2,2,0,0
11831,1.0,0,1,1
11832,1.0,2,1,0
11833,0.2,3,0,0
11834,1.0,1,1,1
11835,1.0,1,1,1
11836,1.0,0,1,0
11837,0.2,1,0,1
11838,2.2,1,0,1
11839,1.0,2,1,1
11840,1.0,2,1,0
11841,1.0,1,1,1
11842,0.2,3,0,0
11843,1.0,1,1,1
11844,1.0,1,1,1
11845,1.0,1,1,0
11846,2.2,1,1,1
11847,1.0,2,1,0
11848,1.0,2,0,1
11849,0.2,1,0,0
11850,0.2,2,0,0
11851,0.6000000000000001,2,1,1
11852,0.2,2,0,1
11853,1.0,0,1,1
11854,0.2,2,0,0
11855,1.0,0,1,1
11856,1.0,3,1,1
11857,0.2,1,0,0
11858,0.2,3,0,0
11859,1.0,0,1,1
11860,0.2,0,0,1
11861,0.2,2,0,0
11862,0.2,0,0,0
11863,2.2,2,0,1
11864,1.0,1,0,1
11865,2.2,2,0,1
11866,0.2,1,0,0
11867,2.2,1,1,1
11868,1.0,3,1,0
11869,1.0,1,0,0
11870,0.2,3,0,0
11871,1.0,3,1,1
11872,1.0,0,1,0
11873,0.2,1,0,0
11874,1.0,3,1,1
11875,0.2,2,0,1
11876,1.0,1,1,1
11877,1.0,0,1,1
11878,1.0,0,1,1
11879,0.2,2,0,0
11880,1.0,2,1,0
11881,0.2,2,0,0
11882,1.0,1,1,1
11883,0.2,1,0,1
11884,0.2,2,0,0
11885,1.0,1,1,0
11886,0.2,3,0,0
11887,0.2,3,0,0
11888,0.2,2,0,0
11889,0.2,3,0,0
11890,1.0,2,1,1
11891,0.2,1,0,0
11892,1.0,3,1,1
11893,0.2,1,0,1
11894,0.2,1,0,0
11895,1.0,1,1,1
11896,0.2,0,0,0
11897,0.2,1,0,0
11898,0.2,0,0,0
11899,1.0,2,0,1
11900,1.0,0,1,0
11901,0.2,3,0,0
11902,0.2,3,0,1
11903,2.2,1,1,1
11904,1.0,0,1,1
11905,1.0,2,1,1
11906,2.2,1,1,1
11907,1.0,3,1,1
11908,1.0,2,1,1
11909,1.0,0,1,1
11910,2.2,2,1,1
11911,1.0,1,1,1
11912,1.4,1,1,1
11913,1.0,2,1,0
11914,1.0,1,1,1
11915,1.0,1,1,1
11916,1.0,2,0,1
11917,1.0,1,1,1
11918,0.2,3,0,0
11919,1.0,1,1,0
11920,0.2,3,0,0
11921,1.0,0,0,1
11922,0.2,3,0,0
11923,1.0,2,1,1
11924,1.0,1,1,0
11925,0.2,1,0,0
11926,1.0,3,0,0
11927,0.2,3,0,0
11928,1.0,3,1,0
11929,0.2,2,0,0
11930,0.2,2,0,0
11931,1.0,1,1,1
11932,0.2,3,0,0
11933,0.2,1,0,1
11934,0.2,3,0,0
11935,1.0,3,1,1
11936,0.2,2,0,0
11937,1.0,2,1,1
11938,1.0,2,1,1
11939,0.2,0,0,0
11940,1.0,3,1,1
11941,1.0,1,1,0
11942,0.2,3,0,0
11943,1.0,1,1,1
11944,0.2,1,0,0
11945,0.2,1,0,0
11946,1.0,2,0,1
11947,0.2,1,0,0
11948,0.2,2,0,1
11949,1.0,2,1,0
11950,1.0,0,1,1
11951,0.2,3,0,0
11952,2.2,2,1,1
11953,1.0,1,1,0
11954,0.2,2,0,0
11955,1.0,1,1,1
11956,1.0,1,1,0
11957,2.2,2,0,1
11958,0.2,0,0,0
11959,0.2,1,0,0
11960,1.0,2,0,0
11961,1.0,1,1,1
11962,1.0,1,1,1
11963,2.2,1,1,1
11964,0.2,1,0,0
11965,1.0,1,1,1
11966,1.0,0,1,1
11967,1.0,1,1,0
11968,1.0,2,1,1
11969,0.2,2,0,0
11970,1.0,1,1,1
11971,1.0,0,0,0
11972,0.2,3,0,0
11973,0.2,2,0,1
11974,1.0,2,1,0
11975,2.2,2,1,1
11976,2.2,0,0,1
11977,2.2,1,1,1
11978,1.0,2,0,0
11979,0.2,2,0,0
11980,0.2,2,0,0
11981,0.2,2,0,0
11982,1.0,1,1,1
11983,1.0,1,1,1
11984,1.0,0,1,1
11985,1.0,2,1,1
11986,0.2,2,0,0
11987,0.2,2,0,0
11988,1.0,1,0,0
11989,1.0,0,1,0
11990,1.0,1,1,1
11991,0.2,1,0,0
11992,1.0,3,0,1
11993,1.0,0,1,1
11994,1.0,1,1,1
11995,1.0,1,1,1
11996,2.2,1,1,1
11997,0.2,3,0,0
11998,0.2,3,0,0
11999,2.2,0,1,1
12000,1.0,1,1,0
12001,2.2,3,1,1
12002,1.0,2,1,1
12003,1.0,2,1,1
12004,2.2,0,0,1
12005,0.2,1,0,0
12006,0.2,3,0,0
12007,0.2,2,0,0
12008,1.0,0,1,1
12009,0.2,2,0,0
12010,2.2,1,1,1
12011,1.0,3,1,1
12012,0.2,0,0,0
12013,2.2,2,1,1
12014,1.0,1,0,0
12015,1.0,2,1,0
12016,0.2,0,0,1
12017,1.0,1,1,1
12018,0.2,2,0,0
12019,1.0,2,1,1
12020,0.2,2,0,0
12021,1.0,2,0,0
12022,1.0,2,1,0
12023,1.0,1,1,1
12024,1.0,3,0,1
12025,0.2,1,0,0
12026,0.2,2,0,0
12027,1.0,1,1,1
12028,1.0,2,1,1
12029,2.2,2,1,1
12030,1.0,2,0,1
12031,0.2,1,0,0
12032,0.2,2,0,0
12033,0.2,0,0,1
12034,0.2,1,0,0
12035,2.2,2,1,1
12036,1.0,1,1,1
12037,0.2,2,0,0
12038,1.0,2,1,1
12039,1.0,1,1,1
12040,0.2,2,0,0
12041,2.2,1,1,1
12042,0.2,2,0,0
12043,0.2,1,0,0
12044,0.2,1,0,0
12045,0.2,2,0,0
12046,0.2,2,0,0
12047,1.0,1,1,0
12048,0.2,1,0,0
12049,1.0,1,1,0
12050,1.0,2,1,0
12051,0.2,0,0,0
12052,1.0,2,1,1
12053,1.0,1,1,1
12054,0.2,2,0,0
12055,2.2,2,1,1
12056,1.0,1,1,0
12057,1.0,1,1,0
12058,3.4000000000000004,2,1,0
12059,1.0,1,1,1
12060,0.2,2,0,1
12061,1.0,1,1,1
12062,2.2,0,1,1
12063,0.2,2,0,0
12064,0.2,1,0,0
12065,1.0,1,1,1
12066,1.0,1,0,0
12067,1.0,1,1,0
12068,0.2,3,0,0
12069,0.2,1,0,0
12070,2.2,2,1,1
12071,0.2,2,0,0
12072,0.2,2,0,0
12073,0.2,1,0,0
12074,1.0,1,1,0
12075,0.2,1,0,0
12076,1.0,2,1,1
12077,1.0,3,1,1
12078,2.2,2,1,1
12079,2.2,1,1,1
12080,1.0,0,1,1
12081,1.0,2,1,1
12082,1.0,1,1,1
12083,0.2,2,0,0
12084,2.2,1,1,1
12085,0.2,2,0,0
12086,2.2,2,1,1
12087,0.2,2,0,0
12088,0.2,2,0,0
12089,1.0,0,1,1
12090,1.0,1,1,1
12091,0.2,2,0,0
12092,0.2,1,0,0
12093,0.2,2,0,0
12094,1.0,0,1,1
12095,1.0,1,1,0
12096,0.2,3,0,0
12097,0.2,2,0,0
12098,0.2,0,0,0
12099,1.0,0,1,1
12100,1.0,1,0,0
12101,2.2,0,1,1
12102,1.0,2,1,1
12103,0.6000000000000001,1,1,1
12104,0.2,1,0,0
12105,0.2,1,0,0
12106,1.0,1,0,1
12107,0.2,3,0,0
12108,0.2,1,0,0
12109,1.0,1,1,1
12110,0.2,1,0,0
12111,1.0,1,1,1
12112,0.2,3,0,0
12113,1.0,2,0,1
12114,2.2,2,1,1
12115,0.2,0,0,0
12116,2.2,1,0,1
12117,0.2,0,0,1
12118,1.0,0,1,1
12119,2.2,1,1,1
12120,1.0,3,1,0
12121,0.2,3,0,0
12122,0.2,2,0,0
12123,0.2,3,0,0
12124,2.2,2,1,1
12125,2.2,1,0,1
12126,1.0,2,1,1
12127,0.2,3,0,0
12128,0.2,3,0,0
12129,0.2,3,0,0
12130,1.0,2,1,0
12131,0.2,2,0,0
12132,2.2,3,1,1
12133,0.2,1,0,0
12134,0.2,3,0,0
12135,1.0,1,1,1
12136,1.0,2,0,1
12137,1.0,1,1,1
12138,1.0,1,1,1
12139,0.2,2,0,0
12140,0.2,3,0,0
12141,0.2,2,0,0
12142,0.2,2,0,0
12143,1.0,2,1,1
12144,1.0,2,1,0
12145,1.0,2,1,1
12146,1.0,1,0,1
12147,1.0,0,0,0
12148,0.2,2,0,0
12149,0.2,1,0,0
12150,0.2,1,0,0
12151,0.2,2,0,0
12152,1.0,2,1,0
12153,0.2,0,0,0
12154,0.2,3,0,0
12155,1.0,1,1,1
12156,1.0,1,1,1
12157,1.0,1,1,1
12158,0.2,1,0,0
12159,0.2,3,0,0
12160,1.0,2,1,1
12161,1.0,1,1,1
12162,0.2,2,0,0
12163,1.0,2,0,0
12164,1.0,2,1,1
12165,0.2,1,0,0
12166,0.2,1,0,0
12167,1.0,1,1,1
12168,1.0,1,1,1
12169,1.0,1,0,1
12170,2.2,1,1,1
12171,1.0,3,1,1
12172,0.2,0,0,0
12173,1.0,2,0,1
12174,0.2,2,0,0
12175,1.0,1,1,1
12176,0.2,3,0,0
12177,1.0,2,1,1
12178,0.2,2,0,0
12179,2.2,1,1,1
12180,0.2,2,0,0
12181,1.0,1,1,0
12182,1.0,1,1,0
12183,1.0,1,1,1
12184,1.0,2,1,1
12185,1.0,2,1,0
12186,1.0,2,1,1
12187,1.0,2,1,0
12188,0.2,1,0,1
12189,1.0,2,0,1
12190,1.0,2,1,0
12191,1.0,2,1,0
12192,0.2,3,0,0
12193,2.5999999999999996,2,1,0
12194,2.2,2,1,1
12195,0.2,2,0,0
12196,0.2,2,0,0
12197,1.0,1,0,1
12198,1.0,2,1,0
12199,1.0,0,1,1
12200,1.0,1,1,1
12201,0.2,2,0,0
12202,1.0,3,1,0
12203,0.2,3,0,0
12204,0.2,0,0,0
12205,0.2,3,0,0
12206,1.0,3,1,1
12207,1.0,1,1,0
12208,0.2,1,0,0
12209,1.0,2,1,1
12210,1.0,3,1,1
12211,1.0,1,1,1
12212,2.2,0,1,1
12213,0.2,3,0,0
12214,1.0,0,1,0
12215,0.2,1,0,0
12216,1.0,0,1,1
12217,1.0,1,1,1
12218,0.2,1,0,0
12219,1.0,3,1,1
12220,1.0,1,0,1
12221,1.0,2,1,1
12222,0.2,3,0,0
12223,0.2,2,0,0
12224,1.0,2,1,0
12225,1.0,1,1,1
12226,1.0,1,1,1
12227,0.2,1,0,0
12228,0.2,1,0,1
12229,1.0,2,1,0
12230,1.0,1,1,0
12231,1.0,1,0,1
12232,0.2,2,0,0
12233,1.0,1,1,0
12234,2.2,1,1,1
12235,0.2,1,0,0
12236,1.0,3,1,1
12237,1.0,1,1,1
12238,1.0,0,1,1
12239,0.2,2,0,0
12240,0.2,0,0,0
12241,1.0,1,1,0
12242,0.2,1,0,0
12243,0.2,3,0,0
12244,2.2,0,1,1
12245,0.2,1,0,1
12246,1.0,1,1,1
12247,1.0,3,1,1
12248,1.0,3,0,1
12249,1.0,2,1,0
12250,1.0,2,0,0
12251,1.0,2,1,1
12252,0.2,0,0,0
12253,1.0,2,1,1
12254,2.2,0,0,1
12255,0.2,1,0,0
12256,0.2,2,0,0
12257,1.0,1,1,1
12258,2.2,1,1,1
12259,1.0,1,1,1
12260,0.2,2,0,0
12261,1.0,0,1,1
12262,1.0,1,1,0
12263,2.2,2,1,1
12264,0.2,2,0,0
12265,1.0,1,1,1
12266,0.2,1,0,0
12267,1.0,2,1,0
12268,1.0,3,1,1
12269,1.0,2,1,1
12270,1.0,2,1,0
12271,2.2,0,1,1
12272,2.2,1,1,1
12273,1.0,1,1,1
12274,1.0,2,1,0
12275,0.2,3,0,0
12276,1.0,0,1,1
12277,2.2,3,1,1
12278,0.2,0,0,1
12279,0.2,3,0,0
12280,0.2,2,0,0
12281,1.0,1,0,1
12282,1.0,1,1,1
12283,0.2,2,0,0
12284,1.0,2,1,1
12285,0.2,1,0,0
12286,0.2,2,0,0
12287,0.2,2,0,0
12288,0.2,2,0,0
12289,2.2,1,1,1
12290,1.0,3,0,1
12291,0.2,3,0,0
12292,0.2,2,0,0
12293,1.0,2,1,0
12294,0.2,2,0,1
12295,0.2,3,0,0
12296,1.0,2,1,0
12297,0.2,3,0,0
12298,1.0,1,1,1
12299,2.2,3,1,1
12300,0.2,3,0,0
12301,0.2,1,0,1
12302,2.2,1,1,1
12303,2.2,2,1,1
12304,1.0,1,1,1
12305,0.2,3,0,0
12306,0.2,1,0,0
12307,0.2,2,0,0
12308,1.0,1,1,0
12309,0.2,1,0,0
12310,0.2,2,0,0
12311,1.0,2,0,1
12312,0.2,3,0,0
12313,0.2,1,0,0
12314,0.2,2,0,0
12315,0.2,0,0,0
12316,1.0,2,1,1
12317,1.0,2,0,0
12318,1.0,1,0,0
12319,1.0,2,1,1
12320,0.2,3,0,0
12321,1.0,1,1,0
12322,0.2,1,0,0
12323,1.0,2,1,0
12324,0.2,0,0,0
12325,1.0,3,1,0
12326,0.2,1,0,0
12327,1.0,2,1,1
12328,1.0,2,1,1
12329,0.2,1,0,0
12330,1.0,1,0,1
12331,2.2,2,1,1
12332,0.2,2,0,1
12333,0.2,1,0,0
12334,0.2,0,0,0
12335,0.2,3,0,0
12336,0.2,1,0,0
12337,2.2,1,1,1
12338,0.2,2,0,0
12339,0.2,2,0,0
12340,0.2,3,0,0
12341,1.0,2,0,0
12342,0.2,1,0,0
12343,1.0,2,1,1
12344,0.2,2,0,0
12345,0.2,1,0,0
12346,1.0,3,1,1
12347,0.2,2,0,0
12348,1.0,1,1,1
12349,1.0,2,0,0
12350,1.0,0,1,1
12351,0.2,3,0,0
12352,1.0,0,1,1
12353,1.0,0,1,1
12354,2.2,1,1,1
12355,0.2,2,0,0
12356,1.0,1,1,1
12357,1.0,2,1,0
12358,0.2,2,0,0
12359,1.0,1,1,0
12360,1.0,0,1,1
12361,1.0,1,1,0
12362,1.0,1,1,0
12363,1.0,1,1,0
12364,1.0,2,1,1
12365,1.0,1,1,0
12366,1.0,1,1,1
12367,0.2,2,0,0
12368,0.2,1,0,0
12369,0.2,3,0,0
12370,0.2,3,0,0
12371,2.2,2,0,1
12372,0.2,1,0,0
12373,1.0,1,0,0
12374,1.0,1,1,1
12375,1.0,0,1,1
12376,1.0,2,1,0
12377,0.2,1,0,0
12378,1.0,1,1,1
12379,0.2,1,0,0
12380,0.2,1,0,0
12381,2.2,2,1,1
12382,1.0,0,1,0
12383,1.0,1,1,1
12384,1.0,0,1,1
12385,0.2,0,0,0
12386,0.2,1,0,1
12387,0.2,3,0,0
12388,1.0,1,0,1
12389,1.0,2,1,0
12390,2.2,1,1,1
12391,1.0,1,1,0
12392,1.0,1,1,1
12393,1.0,2,1,1
12394,1.0,2,1,0
12395,0.2,2,0,0
12396,1.0,2,1,1
12397,1.0,1,1,1
12398,0.2,1,0,0
12399,0.2,3,0,0
12400,0.2,2,0,0
12401,1.0,0,1,1
12402,0.2,3,0,0
12403,0.2,2,0,0
12404,0.2,1,0,0
12405,0.2,1,0,0
12406,0.2,1,0,0
12407,0.2,2,0,0
12408,1.0,1,0,0
12409,0.2,2,0,0
12410,1.0,1,1,1
12411,1.0,3,1,1
12412,0.2,3,0,0
12413,0.2,2,0,0
12414,0.2,2,0,0
12415,1.0,0,1,1
12416,0.2,1,0,0
12417,0.2,0,0,0
12418,1.0,3,1,0
12419,1.0,2,1,1
12420,0.2,1,0,0
12421,0.2,2,0,0
12422,0.2,1,0,0
12423,0.2,1,0,0
12424,1.0,1,1,1
12425,0.2,3,0,0
12426,0.2,3,0,0
12427,0.2,3,0,0
12428,1.0,2,1,1
12429,2.2,1,1,1
12430,0.2,2,0,1
12431,0.2,1,0,0
12432,0.2,2,0,0
12433,1.0,1,1,1
12434,1.0,1,1,1
12435,3.0,1,1,1
12436,1.0,1,0,1
12437,1.0,2,1,1
12438,1.0,3,1,1
12439,3.4000000000000004,2,1,1
12440,1.0,1,1,1
12441,0.2,2,0,0
12442,1.0,2,1,0
12443,1.0,1,1,1
12444,1.0,1,1,0
12445,0.2,2,0,0
12446,1.0,0,1,1
12447,0.2,2,0,0
12448,0.2,3,0,1
12449,2.2,1,1,1
12450,2.2,0,0,1
12451,1.0,2,1,1
12452,1.0,2,1,1
12453,0.2,3,0,0
12454,1.0,2,1,1
12455,1.0,2,0,1
12456,1.0,2,1,1
12457,0.2,2,0,0
12458,1.0,2,1,0
12459,1.0,2,1,1
12460,1.0,1,1,0
12461,1.0,2,1,1
12462,2.2,3,0,1
12463,1.0,1,1,1
12464,1.0,2,1,0
12465,1.0,1,1,1
12466,0.2,1,0,0
12467,2.2,1,0,1
12468,1.0,2,1,0
12469,0.2,0,0,1
12470,0.2,1,0,0
12471,3.8,1,1,1
12472,1.0,1,1,1
12473,1.0,0,1,0
12474,2.2,1,1,1
12475,1.0,1,1,1
12476,0.2,1,0,1
12477,0.2,2,0,0
12478,0.2,3,0,0
12479,0.2,2,0,0
12480,1.0,1,1,1
12481,2.2,1,1,1
12482,2.2,1,1,1
12483,0.2,2,0,0
12484,0.2,0,0,0
12485,2.2,0,1,1
12486,2.2,0,1,1
12487,1.0,3,0,0
12488,0.2,2,0,0
12489,1.0,2,1,0
12490,0.2,2,0,0
12491,2.5999999999999996,0,1,1
12492,1.0,1,1,0
12493,0.2,1,0,0
12494,1.0,0,1,1
12495,0.2,0,0,0
12496,1.0,3,1,1
12497,0.2,2,0,0
12498,0.2,1,0,0
12499,1.0,3,0,0
12500,2.2,1,1,1
12501,0.2,0,0,0
12502,1.0,2,1,1
12503,1.0,2,0,1
12504,0.2,1,0,1
12505,0.2,1,0,0
12506,1.0,1,1,1
12507,0.2,3,0,0
12508,2.2,2,1,1
12509,1.0,2,0,1
12510,1.0,2,1,0
12511,1.0,1,1,1
12512,0.2,1,0,0
12513,1.0,3,0,1
12514,0.2,2,0,0
12515,1.0,2,0,0
12516,0.2,0,0,0
12517,2.2,1,1,1
12518,0.2,1,0,0
12519,1.0,1,1,1
12520,1.0,1,1,0
12521,1.0,3,0,0
12522,0.2,1,0,0
12523,1.0,1,1,1
12524,1.0,1,1,1
12525,0.2,2,0,0
12526,1.0,1,1,1
12527,1.0,2,0,1
12528,1.0,2,1,0
12529,1.0,2,1,1
12530,1.0,1,1,1
12531,1.0,3,1,0
12532,0.2,2,0,0
12533,0.2,2,0,0
12534,0.2,3,0,0
12535,0.2,1,0,0
12536,1.0,2,1,1
12537,1.0,3,1,0
12538,1.0,1,1,0
12539,1.0,0,1,0
12540,0.2,1,0,0
12541,1.0,0,1,1
12542,1.0,3,1,1
12543,0.2,1,0,0
12544,0.2,1,0,1
12545,2.2,0,0,1
12546,1.0,1,1,0
12547,0.2,0,0,1
12548,1.0,2,1,1
12549,2.2,1,1,1
12550,1.0,1,0,1
12551,1.0,3,1,0
12552,0.2,3,0,0
12553,1.0,0,0,1
12554,2.2,1,1,1
12555,1.0,3,1,1
12556,0.2,1,0,0
12557,0.2,0,0,0
12558,0.2,2,0,0
12559,1.0,1,1,0
12560,1.0,1,1,1
12561,1.0,2,1,0
12562,1.0,1,1,0
12563,0.2,2,0,0
12564,0.2,2,0,0
12565,1.0,2,1,0
12566,2.2,1,1,1
12567,1.0,0,1,0
12568,0.2,1,0,1
12569,2.2,2,1,1
12570,1.0,1,1,1
12571,1.0,2,1,0
12572,1.0,3,1,0
12573,1.0,2,1,1
12574,0.2,0,0,0
12575,1.0,2,1,1
12576,1.0,3,1,1
12577,0.2,1,0,0
12578,0.2,2,0,0
12579,0.2,2,0,0
12580,1.0,2,0,1
12581,1.0,1,1,1
12582,1.0,1,1,1
12583,1.0,1,0,1
12584,0.2,2,0,0
12585,2.2,0,1,1
12586,2.2,1,1,1
12587,1.0,0,1,1
12588,0.2,1,0,0
12589,2.2,3,1,1
12590,1.0,1,0,0
12591,1.0,2,1,1
12592,0.2,3,0,0
12593,0.2,3,0,0
12594,0.2,1,0,0
12595,0.2,1,0,0
12596,0.2,2,0,1
12597,0.2,2,0,0
12598,0.2,3,0,0
12599,0.2,2,0,0
12600,0.2,2,0,0
12601,2.2,0,1,1
12602,0.2,1,0,0
12603,1.0,1,1,1
12604,1.0,2,1,1
12605,1.0,1,1,1
12606,0.2,1,0,0
12607,2.2,0,1,1
12608,0.2,2,0,0
12609,1.0,1,1,0
12610,0.2,2,0,0
12611,1.0,2,0,1
12612,0.2,2,0,1
12613,0.2,2,0,0
12614,1.0,1,1,1
12615,1.0,1,1,0
12616,0.2,2,0,0
12617,1.0,2,1,0
12618,1.0,2,0,0
12619,2.2,2,1,1
12620,0.2,2,0,0
12621,1.0,1,1,1
12622,1.0,2,1,0
12623,0.2,1,0,0
12624,1.0,2,1,1
12625,2.2,1,1,1
12626,0.2,2,0,0
12627,0.2,0,0,0
12628,0.2,3,0,0
12629,0.2,1,0,0
12630,1.0,1,0,1
12631,1.0,2,0,0
12632,1.0,3,1,0
12633,1.0,2,1,1
12634,1.0,2,1,1
12635,0.2,2,0,0
12636,2.2,1,1,1
12637,0.2,2,0,1
12638,1.0,1,1,1
12639,0.2,1,0,1
12640,1.0,3,1,1
12641,1.0,1,1,0
12642,1.0,3,1,1
12643,1.0,2,0,1
12644,0.2,0,0,1
12645,1.0,2,1,1
12646,1.0,1,0,1
12647,1.0,2,1,0
12648,1.0,2,0,0
12649,0.2,1,0,0
12650,0.2,0,0,0
12651,0.2,2,0,0
12652,1.0,2,1,0
12653,1.0,1,1,1
12654,1.0,2,1,0
12655,1.4,1,1,0
12656,1.0,1,1,1
12657,0.2,3,0,0
12658,1.0,2,1,0
12659,1.0,1,1,1
12660,0.2,1,0,0
12661,1.0,2,1,0
12662,2.2,1,1,1
12663,1.0,2,0,1
12664,0.2,2,0,0
12665,2.2,1,1,1
12666,1.0,1,1,1
12667,2.2,2,0,1
12668,1.0,2,1,1
12669,1.0,0,1,0
12670,1.0,1,1,1
12671,1.0,3,1,1
12672,0.2,2,0,1
12673,0.2,2,0,0
12674,1.0,2,1,0
12675,0.2,3,0,0
12676,1.0,0,0,1
12677,0.2,2,0,0
12678,1.0,1,1,1
12679,0.2,1,0,0
12680,0.2,0,0,0
12681,2.2,2,0,1
12682,1.0,2,1,1
12683,0.2,2,0,0
12684,1.0,2,1,0
12685,1.0,2,1,1
12686,0.2,0,0,1
12687,1.0,1,0,0
12688,0.2,2,0,0
12689,1.0,0,1,1
12690,1.0,2,1,0
12691,0.2,3,0,1
12692,0.2,2,0,0
12693,0.2,2,0,0
12694,1.4,1,1,0
12695,1.0,1,1,1
12696,0.2,1,0,0
12697,1.0,2,1,1
12698,0.2,1,0,0
12699,1.0,1,0,1
12700,0.2,1,0,0
12701,0.2,1,0,0
12702,1.0,1,1,0
12703,0.2,3,0,0
12704,0.2,1,0,0
12705,1.0,3,1,1
12706,0.2,0,0,1
12707,1.0,3,1,0
12708,1.0,1,1,1
12709,1.0,0,1,1
12710,0.2,2,0,0
12711,1.0,1,1,1
12712,1.0,2,1,1
12713,1.8,1,1,1
12714,1.0,2,1,0
12715,2.2,1,1,1
12716,0.2,2,0,0
12717,2.2,2,1,1
12718,0.2,2,0,1
12719,1.0,1,1,1
12720,1.0,2,1,1
12721,0.2,2,0,0
12722,0.2,2,0,0
12723,1.0,0,1,1
12724,0.2,1,0,0
12725,0.2,1,0,0
12726,0.2,0,0,0
12727,1.0,2,1,1
12728,0.2,1,0,0
12729,0.2,1,0,0
12730,0.2,0,0,1
12731,1.0,2,1,1
12732,2.2,1,1,1
12733,2.2,1,1,1
12734,0.2,1,0,0
12735,0.2,3,0,0
12736,1.0,2,1,0
12737,0.2,1,0,0
12738,1.0,2,1,1
12739,1.0,1,0,1
12740,2.2,1,1,1
12741,2.2,3,0,1
12742,0.2,3,0,0
12743,0.2,2,0,0
12744,1.0,1,1,1
12745,1.0,1,0,1
12746,0.2,1,0,0
12747,1.0,0,1,0
12748,1.0,1,1,0
12749,0.2,2,0,1
12750,0.2,0,0,1
12751,2.2,2,1,1
12752,2.2,0,1,1
12753,2.2,0,1,1
12754,1.0,2,0,1
12755,1.0,3,1,0
12756,1.0,3,0,0
12757,0.2,3,0,0
12758,0.2,2,0,0
12759,0.2,3,0,0
12760,0.2,0,0,0
12761,0.2,2,0,0
12762,1.0,1,1,1
12763,1.0,2,1,1
12764,1.0,2,1,1
12765,1.0,2,0,1
12766,1.0,3,0,0
12767,1.0,0,1,1
12768,1.0,1,1,1
12769,0.2,2,0,0
12770,0.2,1,0,0
12771,2.2,3,0,1
12772,0.2,1,0,0
12773,1.0,1,1,1
12774,1.0,2,1,1
12775,0.2,3,0,0
12776,1.0,0,1,1
12777,1.0,2,0,0
12778,1.0,3,1,1
12779,0.2,1,0,1
12780,1.0,2,0,1
12781,0.2,1,0,0
12782,1.0,2,1,1
12783,1.0,1,0,1
12784,2.2,1,1,1
12785,1.0,1,1,1
12786,0.2,1,0,0
12787,0.2,0,0,0
12788,0.2,1,0,0
12789,1.0,2,1,0
12790,0.2,2,0,0
12791,0.2,1,0,0
12792,1.0,2,1,1
12793,0.2,1,0,0
12794,0.2,3,0,0
12795,2.2,1,1,1
12796,0.2,3,0,0
12797,1.0,2,1,1
12798,1.0,1,0,1
12799,1.0,0,1,1
12800,0.2,1,0,0
12801,0.2,3,0,0
12802,1.0,1,1,1
12803,1.0,3,1,0
12804,1.0,1,1,1
12805,0.2,2,0,0
12806,1.0,1,1,0
12807,1.0,1,1,1
12808,0.2,1,0,0
12809,2.2,1,1,1
12810,0.2,1,0,1
12811,0.2,3,0,0
12812,0.2,1,0,0
12813,1.0,1,1,1
12814,1.0,2,1,0
12815,0.2,2,0,0
12816,0.2,3,0,0
12817,1.0,0,1,0
12818,1.0,2,1,0
12819,0.2,2,0,0
12820,1.0,2,1,0
12821,1.0,2,1,0
12822,1.0,0,1,1
12823,0.2,3,0,0
12824,0.2,2,0,0
12825,2.2,0,0,1
12826,0.2,1,0,1
12827,0.2,2,0,0
12828,0.2,3,0,0
12829,2.2,3,1,1
12830,1.4,1,1,1
12831,1.0,2,1,0
12832,2.2,1,1,1
12833,1.0,1,1,1
12834,1.0,1,0,1
12835,1.0,1,1,1
12836,0.2,2,0,1
12837,1.0,2,1,1
12838,1.0,1,1,1
12839,0.2,2,0,0
12840,1.0,3,1,0
12841,0.2,3,0,0
12842,1.0,1,1,0
12843,0.2,0,0,0
12844,0.2,0,0,1
12845,1.0,3,1,1
12846,0.2,2,0,0
12847,1.0,0,1,0
12848,0.2,2,0,0
12849,1.0,0,1,0
12850,0.2,2,0,0
12851,0.2,3,0,0
12852,0.2,1,0,0
12853,2.2,2,1,1
12854,1.0,2,1,1
12855,1.0,2,1,0
12856,2.2,2,1,1
12857,0.2,1,0,0
12858,0.2,1,0,0
12859,0.2,1,0,1
12860,0.2,2,0,0
12861,2.2,2,1,1
12862,0.2,2,0,0
12863,0.2,1,0,0
12864,1.0,1,0,0
12865,0.2,1,0,0
12866,1.0,2,0,0
12867,0.2,1,0,0
12868,0.2,1,0,0
12869,1.0,2,1,1
12870,1.0,1,1,0
12871,2.2,1,1,1
12872,0.2,2,0,0
12873,0.2,2,0,0
12874,1.0,3,1,0
12875,2.2,0,1,1
12876,1.0,2,1,1
12877,0.2,1,0,0
12878,0.2,1,0,0
12879,0.2,1,0,0
12880,1.0,2,1,1
12881,0.2,3,0,1
12882,0.2,1,0,0
12883,1.0,2,1,1
12884,1.0,2,1,1
12885,0.2,2,0,0
12886,0.2,0,0,0
12887,0.2,3,0,0
12888,2.2,0,1,1
12889,0.2,1,0,0
12890,0.2,0,0,0
12891,0.2,0,0,0
12892,1.0,3,1,1
12893,1.0,2,1,1
12894,0.2,1,0,0
12895,1.0,0,1,1
12896,1.0,3,1,1
12897,1.0,1,1,1
12898,1.0,1,1,1
12899,0.2,0,0,1
12900,0.2,1,0,0
12901,0.2,2,0,0
12902,1.0,3,1,1
12903,0.2,1,0,0
12904,1.0,1,1,0
12905,1.0,0,0,1
12906,0.2,3,0,0
12907,0.2,0,0,0
12908,0.2,3,0,0
12909,1.0,2,1,0
12910,1.0,2,0,0
12911,0.2,1,0,1
12912,2.2,2,0,1
12913,0.2,2,0,0
12914,1.0,2,1,1
12915,1.0,3,1,1
12916,0.2,0,0,0
12917,1.0,3,1,0
12918,1.0,1,1,1
12919,0.2,2,0,0
12920,0.2,0,0,0
12921,0.2,0,0,1
12922,2.2,1,0,1
12923,1.0,1,1,0
12924,0.2,0,0,0
12925,1.0,2,0,0
12926,0.2,2,0,0
12927,1.0,1,1,1
12928,1.0,3,0,1
12929,1.0,1,1,1
12930,0.2,1,0,0
12931,1.0,3,0,0
12932,1.0,1,1,0
12933,2.2,1,1,1
12934,2.2,2,1,1
12935,2.2,1,1,1
12936,2.2,0,1,1
12937,0.2,1,0,0
12938,0.2,1,0,0
12939,1.0,0,1,0
12940,0.2,1,0,1
12941,0.2,1,0,0
12942,1.0,1,1,1
12943,0.2,3,0,0
12944,0.2,1,0,0
12945,1.0,2,1,1
12946,1.0,1,0,0
12947,0.2,3,0,0
12948,2.2,2,1,1
12949,0.2,1,0,1
12950,2.2,1,1,1
12951,1.0,3,1,0
12952,2.2,1,1,1
12953,1.0,1,1,1
12954,0.2,1,0,0
12955,1.0,1,1,0
12956,0.2,1,0,0
12957,1.0,1,1,1
12958,1.0,2,0,1
12959,0.2,0,0,0
12960,1.0,1,1,1
12961,0.2,2,0,0
12962,1.0,2,1,0
12963,2.2,1,1,1
12964,1.0,2,0,1
12965,1.0,1,1,0
12966,0.2,2,0,0
12967,0.2,0,0,0
12968,2.2,1,1,1
12969,0.2,0,0,0
12970,1.0,2,1,1
12971,1.0,1,1,1
12972,1.0,1,1,1
12973,0.2,2,0,0
12974,0.2,3,0,0
12975,2.2,2,1,1
12976,1.0,1,1,1
12977,1.0,2,1,1
12978,0.2,2,0,1
12979,2.2,2,1,1
12980,1.0,1,1,1
12981,2.2,2,1,1
12982,0.2,1,0,1
12983,0.2,1,0,0
12984,0.2,1,0,0
12985,0.2,0,0,0
12986,1.0,2,1,0
12987,0.2,2,0,0
12988,0.2,3,0,0
12989,1.0,3,1,0
12990,1.0,2,1,1
12991,0.2,2,0,0
12992,1.0,1,1,1
12993,2.2,2,1,1
12994,1.0,1,1,1
12995,1.0,1,1,1
12996,1.0,2,1,1
12997,0.2,2,0,0
12998,1.0,2,1,1
12999,2.2,1,0,1
13000,1.0,0,1,1
13001,0.2,3,0,0
13002,0.2,1,0,0
13003,1.0,1,0,1
13004,1.0,0,1,1
13005,1.0,2,0,0
13006,1.0,3,1,0
13007,1.0,3,1,1
13008,0.2,3,0,0
13009,0.2,2,0,0
13010,1.0,1,1,1
13011,1.0,3,1,1
13012,1.0,2,1,1
13013,1.0,1,1,1
13014,1.0,2,1,0
13015,1.0,0,1,1
13016,0.2,3,0,0
13017,1.0,0,1,1
13018,2.2,2,1,1
13019,2.5999999999999996,0,1,1
13020,1.0,1,1,1
13021,1.0,3,1,0
13022,0.2,1,0,0
13023,0.2,1,0,0
13024,0.2,2,0,0
13025,1.0,2,0,1
13026,1.0,2,1,1
13027,2.2,2,1,1
13028,2.2,2,1,1
13029,1.0,2,1,1
13030,0.2,0,0,0
13031,0.2,1,0,0
13032,1.0,1,1,1
13033,0.2,2,0,0
13034,1.0,2,0,0
13035,0.2,1,0,0
13036,0.2,0,0,0
13037,0.2,2,0,0
13038,0.2,0,0,0
13039,1.0,0,1,1
13040,1.0,1,1,1
13041,0.2,1,0,0
13042,1.0,1,0,1
13043,1.0,1,1,1
13044,0.2,2,0,0
13045,1.0,1,0,1
13046,1.0,2,1,0
13047,1.0,2,1,0
13048,1.0,0,1,1
13049,0.2,0,0,0
13050,0.2,1,0,0
13051,0.2,1,0,0
13052,2.2,1,1,1
13053,0.2,3,0,0
13054,0.2,2,0,0
13055,1.0,2,1,1
13056,1.0,0,1,1
13057,0.2,2,0,0
13058,0.2,2,0,0
13059,2.2,1,1,1
13060,1.0,2,0,1
13061,0.2,1,0,1
13062,2.2,3,1,1
13063,0.2,1,0,0
13064,0.2,2,0,0
13065,1.0,2,0,1
13066,1.0,3,0,1
13067,0.2,3,0,0
13068,1.0,1,1,1
13069,0.2,1,0,1
13070,1.0,2,1,1
13071,1.0,2,0,0
13072,1.0,1,1,1
13073,0.2,1,0,1
13074,1.0,1,0,1
13075,0.2,2,0,0
13076,1.0,2,0,0
13077,1.0,1,1,1
13078,1.0,2,1,0
13079,1.0,1,1,1
13080,1.0,0,1,1
13081,1.0,0,0,0
13082,1.0,3,1,1
13083,1.0,1,1,1
13084,0.2,1,0,1
13085,0.2,1,0,1
13086,1.0,3,1,0
13087,0.2,1,0,0
13088,1.0,2,1,1
13089,0.2,1,0,0
13090,1.0,1,1,0
13091,1.0,1,1,1
13092,1.0,2,0,1
13093,1.0,1,1,1
13094,0.2,0,0,0
13095,1.0,1,1,1
13096,1.0,1,1,0
13097,1.0,3,1,0
13098,1.0,2,1,1
13099,0.2,1,0,0
13100,1.0,1,1,1
13101,1.0,0,1,1
13102,0.2,0,0,1
13103,2.2,0,1,1
13104,0.2,3,0,0
13105,0.2,3,0,0
13106,1.0,3,1,0
13107,1.0,3,1,1
13108,0.2,2,0,0
13109,1.0,3,0,0
13110,1.0,2,1,1
13111,1.0,0,1,1
13112,1.0,1,1,1
13113,0.2,1,0,0
13114,1.0,2,1,1
13115,0.2,0,0,1
13116,0.2,2,0,0
13117,1.0,2,1,0
13118,0.2,1,0,0
13119,1.0,1,1,1
13120,1.0,2,1,1
13121,1.0,1,1,1
13122,0.2,1,0,0
13123,1.0,2,1,1
13124,1.0,2,1,1
13125,1.0,1,1,1
13126,1.0,1,1,1
13127,1.0,0,0,1
13128,1.0,2,1,1
13129,2.2,3,1,1
13130,1.0,2,1,0
13131,1.0,2,1,1
13132,1.0,2,1,0
13133,0.2,2,0,0
13134,1.0,3,1,0
13135,0.2,1,0,0
13136,0.2,1,0,0
13137,2.2,2,1,1
13138,1.0,2,1,0
13139,1.0,0,1,1
13140,0.2,2,0,0
13141,2.2,2,1,1
13142,1.0,2,1,1
13143,2.2,1,1,1
13144,0.2,0,0,0
13145,1.0,3,1,0
13146,1.0,2,1,1
13147,0.2,1,0,0
13148,0.2,2,0,0
13149,1.0,0,1,1
13150,2.2,1,1,1
13151,0.2,0,0,1
13152,1.0,1,1,1
13153,1.0,1,1,1
13154,0.2,2,0,0
13155,0.2,1,0,0
13156,3.4000000000000004,1,1,1
13157,1.0,1,0,1
13158,1.0,1,1,1
13159,0.2,2,0,0
13160,1.0,0,1,1
13161,0.2,0,0,0
13162,1.0,2,1,1
13163,0.2,2,0,0
13164,0.2,2,0,0
13165,1.0,2,1,1
13166,1.0,2,1,1
13167,0.2,3,0,0
13168,1.0,2,0,1
13169,1.0,0,1,1
13170,1.0,1,1,1
13171,0.2,1,0,0
13172,1.0,1,1,1
13173,0.2,1,0,0
13174,1.0,1,1,1
13175,1.0,3,0,1
13176,0.2,0,0,1
13177,1.0,1,1,1
13178,0.2,2,0,1
13179,1.0,3,0,1
13180,0.2,1,0,0
13181,1.0,2,1,1
13182,1.0,3,1,1
13183,1.0,2,1,1
13184,1.0,2,1,1
13185,1.0,2,1,1
13186,1.0,2,0,0
13187,0.2,2,0,0
13188,1.0,1,1,1
13189,0.2,1,0,0
13190,1.0,2,1,0
13191,1.0,3,1,1
13192,1.0,2,1,0
13193,0.2,1,0,1
13194,1.0,2,0,1
13195,1.0,2,1,1
13196,1.0,2,1,0
13197,1.0,1,1,0
13198,0.2,2,0,0
13199,1.0,2,1,1
13200,3.8,1,1,1
13201,1.0,1,1,1
13202,0.2,3,0,0
13203,1.0,2,1,0
13204,2.2,0,1,1
13205,0.2,1,0,1
13206,1.0,2,1,1
13207,0.2,2,0,0
13208,1.0,2,1,1
13209,1.0,2,1,1
13210,1.0,1,1,1
13211,1.0,2,1,0
13212,1.0,0,1,1
13213,2.2,2,1,1
13214,1.0,2,1,1
13215,1.0,2,1,0
13216,1.0,1,0,0
13217,1.0,1,1,1
13218,1.0,2,1,1
13219,1.0,1,1,0
13220,1.0,2,1,0
13221,1.0,0,1,1
13222,0.2,2,0,0
13223,1.0,2,1,0
13224,0.2,3,0,0
13225,0.2,2,0,0
13226,1.0,2,1,1
13227,0.2,3,0,0
13228,0.2,2,0,0
13229,1.0,2,1,0
13230,2.2,0,1,1
13231,0.2,3,0,1
13232,1.0,1,1,1
13233,1.0,2,0,0
13234,1.0,2,1,1
13235,1.0,1,1,1
13236,0.2,1,0,0
13237,0.2,0,0,0
13238,0.2,1,0,0
13239,1.0,1,0,1
13240,2.2,2,1,1
13241,1.0,0,1,1
13242,1.0,1,1,1
13243,2.2,1,1,1
13244,1.0,1,1,1
13245,3.4000000000000004,2,1,0
13246,0.2,2,0,0
13247,1.0,1,1,1
13248,0.2,3,0,0
13249,1.0,1,1,1
13250,0.2,0,0,0
13251,1.0,2,1,1
13252,0.2,2,0,0
13253,0.2,3,0,0
13254,1.0,2,1,0
13255,1.0,1,0,1
13256,0.2,2,0,0
13257,0.2,2,0,0
13258,1.0,2,0,0
13259,0.2,1,0,0
13260,0.2,1,0,0
13261,1.0,1,1,1
13262,1.0,3,1,0
13263,1.0,3,0,0
13264,0.2,1,0,0
13265,0.2,2,0,0
13266,2.2,2,0,1
13267,0.2,3,0,0
13268,1.0,2,0,1
13269,1.0,1,1,1
13270,1.0,3,1,1
13271,0.2,0,0,0
13272,1.0,2,1,1
13273,1.0,2,0,1
13274,0.2,2,0,0
13275,1.8,0,1,1
13276,2.2,2,1,1
13277,0.2,1,0,0
13278,1.0,2,1,1
13279,0.2,3,0,0
13280,1.0,0,1,1
13281,0.2,1,0,0
13282,0.2,2,0,0
13283,0.2,2,0,0
13284,0.2,3,0,0
13285,1.0,3,1,0
13286,1.0,1,1,1
13287,1.0,1,1,1
13288,0.2,3,0,0
13289,1.0,1,1,1
13290,0.2,2,0,0
13291,2.2,2,1,1
13292,1.0,0,1,1
13293,1.0,2,1,1
13294,0.2,3,0,0
13295,0.2,3,0,0
13296,1.0,1,0,0
13297,2.2,3,1,1
13298,1.0,2,0,1
13299,0.2,3,0,1
13300,1.0,0,1,1
13301,1.0,0,0,1
13302,1.0,1,1,1
13303,2.2,1,1,1
13304,1.0,1,1,1
13305,0.2,1,0,0
13306,2.2,2,1,1
13307,1.0,2,1,1
13308,0.2,2,0,1
13309,1.0,1,1,1
13310,1.0,2,1,0
13311,1.0,3,0,0
13312,2.2,3,0,1
13313,0.2,3,0,0
13314,1.0,3,1,0
13315,1.0,1,1,1
13316,1.0,1,1,0
13317,0.2,1,0,0
13318,2.2,2,1,1
13319,0.2,2,0,0
13320,1.0,2,1,0
13321,1.0,0,1,0
13322,0.2,2,0,0
13323,0.2,1,0,0
13324,1.0,3,0,1
13325,1.0,1,1,0
13326,1.0,1,1,1
13327,0.2,1,0,0
13328,1.0,1,1,0
13329,1.0,3,1,1
13330,1.0,1,1,1
13331,1.0,2,1,1
13332,1.0,3,0,1
13333,0.2,2,0,0
13334,2.2,3,1,1
13335,1.0,1,1,1
13336,1.0,2,1,1
13337,1.0,2,0,1
13338,1.0,1,1,0
13339,1.0,2,1,1
13340,0.2,2,0,0
13341,1.0,0,1,1
13342,1.0,1,0,1
13343,1.0,1,1,1
13344,0.2,3,0,0
13345,2.2,2,1,1
13346,1.0,3,0,1
13347,1.0,1,1,1
13348,1.0,3,1,1
13349,0.2,2,0,1
13350,0.2,2,0,0
13351,1.0,1,1,0
13352,2.2,2,1,1
13353,0.2,1,0,0
13354,1.0,2,1,1
13355,1.0,2,1,0
13356,0.2,1,0,0
13357,1.0,1,1,1
13358,1.0,0,1,1
13359,0.2,1,0,1
13360,1.0,2,1,0
13361,0.2,1,0,0
13362,0.2,1,0,0
13363,0.2,1,0,0
13364,1.0,1,1,0
13365,1.0,0,0,1
13366,1.0,2,1,1
13367,0.2,2,0,0
13368,0.2,1,0,0
13369,0.2,0,0,0
13370,1.0,1,1,0
13371,2.2,2,1,1
13372,2.2,1,1,1
13373,1.0,1,1,1
13374,0.2,2,0,0
13375,0.2,3,0,0
13376,1.0,1,1,0
13377,1.0,1,1,1
13378,0.2,2,0,0
13379,1.0,1,1,1
13380,0.2,1,0,0
13381,1.0,2,1,1
13382,2.2,3,0,1
13383,2.2,3,0,1
13384,1.0,0,1,1
13385,0.2,3,0,0
13386,0.2,1,0,1
13387,0.2,0,0,0
13388,1.0,2,1,1
13389,0.2,2,0,0
13390,2.2,2,1,1
13391,0.2,2,0,0
13392,0.2,2,0,0
13393,1.0,1,1,0
13394,1.0,1,1,1
13395,2.2,3,0,1
13396,1.0,2,1,0
13397,2.2,1,0,1
13398,0.2,3,0,0
13399,0.2,2,0,0
13400,2.2,1,1,1
13401,0.2,2,0,0
13402,1.0,1,1,1
13403,2.2,0,1,1
13404,1.0,1,1,0
13405,1.0,2,1,1
13406,1.0,2,1,1
13407,1.0,1,0,1
13408,1.0,2,1,0
13409,1.0,2,1,1
13410,2.2,2,0,1
13411,0.2,2,0,0
13412,0.6000000000000001,2,1,0
13413,1.0,0,1,0
13414,0.2,2,0,0
13415,0.2,3,0,0
13416,0.2,3,0,0
13417,1.0,2,1,0
13418,1.0,1,1,1
13419,0.2,2,0,0
13420,1.0,1,1,0
13421,0.2,1,0,0
13422,0.2,0,0,0
13423,2.2,1,1,1
13424,0.2,2,0,1
13425,1.0,1,1,1
13426,0.2,3,0,0
13427,0.2,0,0,0
13428,1.0,1,1,0
13429,0.2,1,0,0
13430,0.2,1,0,0
13431,2.2,1,1,1
13432,1.0,2,1,1
13433,0.2,3,0,0
13434,2.2,1,1,1
13435,1.0,1,1,1
13436,1.0,2,1,1
13437,1.0,2,1,0
13438,1.0,2,0,0
13439,0.2,2,0,0
13440,0.2,2,0,0
13441,1.0,1,0,1
13442,2.2,2,1,1
13443,0.2,3,0,0
13444,0.2,1,0,1
13445,1.0,1,1,1
13446,0.2,1,0,1
13447,0.2,2,0,0
13448,0.2,2,0,0
13449,1.0,2,1,1
13450,2.2,1,1,1
13451,2.2,1,1,1
13452,1.0,3,0,1
13453,0.2,3,0,0
13454,0.2,1,0,0
13455,2.2,0,1,1
13456,1.0,1,1,1
13457,0.2,1,0,0
13458,0.2,2,0,0
13459,1.0,0,1,0
13460,0.2,1,0,0
13461,0.2,2,0,0
13462,0.2,2,0,0
13463,2.2,2,1,1
13464,0.2,2,0,0
13465,1.0,1,1,1
13466,1.0,0,1,0
13467,1.0,1,1,1
13468,0.2,1,0,0
13469,0.2,2,0,0
13470,0.2,2,0,0
13471,1.0,1,1,0
13472,2.2,2,1,1
13473,0.2,2,0,0
13474,1.0,2,0,1
13475,1.0,1,1,1
13476,1.0,0,0,1
13477,1.0,2,1,1
13478,0.2,2,0,0
13479,1.0,2,0,1
13480,0.2,1,0,0
13481,0.2,2,0,0
13482,0.2,2,0,1
13483,1.0,2,1,0
13484,2.2,0,1,1
13485,0.2,1,0,0
13486,0.2,2,0,0
13487,1.0,0,0,1
13488,1.0,1,1,0
13489,0.2,1,0,1
13490,1.0,3,1,0
13491,0.2,2,0,0
13492,1.0,2,1,0
13493,0.2,2,0,0
13494,0.2,3,0,0
13495,0.2,2,0,0
13496,0.2,2,0,0
13497,1.0,0,1,1
13498,0.2,0,0,0
13499,1.0,1,1,1
13500,0.2,3,0,0
13501,1.0,1,1,1
13502,1.0,2,1,1
13503,1.0,1,1,0
13504,0.2,2,0,0
13505,1.0,1,1,1
13506,2.2,3,1,1
13507,0.2,2,0,0
13508,1.0,1,1,1
13509,1.0,0,1,0
13510,1.0,1,1,1
13511,0.2,1,0,0
13512,1.0,1,1,0
13513,1.0,3,1,0
13514,1.0,1,1,1
13515,1.0,1,1,1
13516,1.0,1,1,1
13517,0.2,2,0,0
13518,1.0,1,1,0
13519,0.2,3,0,0
13520,1.0,1,1,1
13521,1.0,0,1,1
13522,1.0,2,1,0
13523,1.0,3,0,0
13524,0.2,1,0,0
13525,1.0,2,1,0
13526,1.0,1,0,1
13527,1.0,1,1,0
13528,0.2,2,0,0
13529,0.2,1,0,0
13530,0.2,2,0,0
13531,1.0,1,1,1
13532,1.0,1,1,1
13533,0.2,3,0,0
13534,0.2,2,0,1
13535,1.0,0,1,1
13536,1.0,2,1,1
13537,0.2,2,0,0
13538,0.2,1,0,0
13539,1.0,0,1,0
13540,0.2,2,0,0
13541,0.2,3,0,0
13542,0.2,1,0,0
13543,1.0,2,1,0
13544,2.2,1,1,1
13545,0.2,2,0,0
13546,0.2,1,0,0
13547,0.2,1,0,0
13548,2.2,2,1,1
13549,1.0,2,1,1
13550,1.0,1,0,1
13551,0.2,0,0,0
13552,0.2,3,0,0
13553,1.0,2,1,1
13554,1.0,1,1,1
13555,1.0,1,1,1
13556,0.2,2,0,0
13557,2.2,1,1,1
13558,2.2,2,0,1
13559,0.2,1,0,0
13560,1.0,2,1,1
13561,0.2,1,0,0
13562,1.0,1,0,1
13563,1.0,2,1,1
13564,0.2,1,0,0
13565,2.2,2,1,1
13566,1.0,0,1,0
13567,1.0,1,1,1
13568,1.0,1,1,1
13569,1.0,1,1,1
13570,1.0,1,1,0
13571,1.0,0,1,0
13572,1.0,1,1,0
13573,1.0,2,1,1
13574,1.0,2,1,1
13575,0.2,1,0,0
13576,0.2,2,0,0
13577,1.0,2,1,1
13578,1.0,2,0,1
13579,0.2,2,0,0
13580,1.0,2,1,0
13581,1.0,3,1,0
13582,0.2,2,0,0
13583,0.2,3,0,0
13584,0.2,2,0,0
13585,0.2,1,0,0
13586,2.2,1,0,1
13587,1.0,1,1,1
13588,0.2,3,0,1
13589,0.2,1,0,0
13590,1.0,3,1,1
13591,0.2,0,0,0
13592,0.2,1,0,0
13593,1.0,1,1,1
13594,1.0,1,1,1
13595,0.2,0,0,0
13596,1.0,2,1,1
13597,2.2,1,1,1
13598,1.0,2,1,1
13599,1.0,0,1,1
13600,1.0,3,1,0
13601,1.0,2,1,1
13602,1.0,0,1,1
13603,2.2,1,1,1
13604,1.0,1,1,0
13605,1.0,2,1,0
13606,0.2,1,0,0
13607,0.2,0,0,0
13608,0.2,2,0,1
13609,1.0,1,1,1
13610,0.2,1,0,0
13611,1.0,3,1,1
13612,0.2,2,0,0
13613,1.0,1,1,1
13614,0.2,1,0,1
13615,1.0,0,1,1
13616,0.2,3,0,0
13617,0.2,2,0,0
13618,0.2,1,0,0
13619,2.2,3,1,1
13620,0.2,2,0,0
13621,1.0,3,1,0
13622,1.0,1,1,1
13623,1.0,1,1,1
13624,1.0,3,1,1
13625,1.0,2,1,1
13626,2.2,3,1,1
13627,2.2,2,1,1
13628,1.0,3,0,0
13629,1.0,1,1,1
13630,0.2,2,0,0
13631,1.0,1,1,1
13632,1.0,1,0,1
13633,1.0,0,1,1
13634,2.2,3,1,1
13635,0.2,2,0,0
13636,0.2,1,0,0
13637,1.0,2,0,1
13638,0.2,1,0,0
13639,0.2,1,0,0
13640,1.0,1,1,0
13641,1.0,0,1,1
13642,1.0,2,1,1
13643,0.2,2,0,0
13644,0.2,1,0,0
13645,1.0,2,1,0
13646,1.0,0,1,1
13647,2.2,1,1,1
13648,0.2,1,0,0
13649,0.2,0,0,0
13650,0.2,2,0,0
13651,1.0,3,1,1
13652,1.0,0,1,1
13653,0.2,1,0,0
13654,1.0,3,1,0
13655,0.2,3,0,0
13656,1.0,1,0,1
13657,1.0,1,1,0
13658,0.2,3,0,0
13659,2.2,2,1,1
13660,1.0,2,1,1
13661,2.2,1,0,1
13662,1.0,2,1,0
13663,0.2,1,0,0
13664,0.2,2,0,0
13665,0.2,2,0,0
13666,1.0,1,1,0
13667,0.2,2,0,0
13668,0.2,3,0,0
13669,2.2,1,1,1
13670,2.2,1,1,1
13671,0.2,1,0,0
13672,1.0,1,0,1
13673,0.2,1,0,0
13674,1.0,1,1,1
13675,1.0,3,1,1
13676,1.0,3,1,1
13677,1.0,1,1,1
13678,1.0,1,1,0
13679,1.0,3,1,0
13680,1.0,2,0,1
13681,3.4000000000000004,2,1,0
13682,1.0,1,1,1
13683,0.2,2,0,0
13684,2.2,0,1,1
13685,1.0,2,1,0
13686,0.2,2,0,0
13687,0.2,2,0,0
13688,1.0,2,1,0
13689,1.0,2,0,1
13690,2.2,2,1,1
13691,1.4,0,1,1
13692,0.2,2,0,0
13693,2.2,1,1,1
13694,1.0,1,0,1
13695,1.0,1,1,1
13696,2.2,1,1,1
13697,1.0,2,1,1
13698,2.2,2,1,1
13699,1.0,1,1,0
13700,0.2,3,0,0
13701,0.2,0,0,0
13702,0.2,2,0,0
13703,1.0,0,1,1
13704,0.2,3,0,0
13705,0.2,2,0,0
13706,0.2,3,0,0
13707,2.2,0,1,1
13708,0.2,2,0,0
13709,1.0,2,1,0
13710,0.2,2,0,1
13711,1.0,1,0,1
13712,1.0,3,1,1
13713,0.2,0,0,0
13714,1.0,0,1,1
13715,0.2,2,0,0
13716,0.2,2,0,0
13717,0.2,2,0,0
13718,1.0,1,1,1
13719,0.2,2,0,0
13720,1.0,1,1,1
13721,1.0,1,1,0
13722,1.0,2,1,1
13723,0.2,3,0,0
13724,0.2,2,0,0
13725,0.2,1,0,0
13726,1.0,1,1,1
13727,0.2,0,0,0
13728,2.2,2,1,1
13729,1.0,1,1,1
13730,0.2,2,0,1
13731,0.2,3,0,0
13732,2.2,1,1,1
13733,1.0,1,1,0
13734,1.0,3,1,1
13735,1.0,2,0,1
13736,2.2,3,1,1
13737,0.2,3,0,0
13738,1.0,2,1,0
13739,1.0,1,1,0
13740,1.0,0,1,1
13741,0.2,1,0,0
13742,0.2,1,0,0
13743,1.0,0,1,1
13744,1.0,1,1,1
13745,1.0,2,1,1
13746,1.0,2,1,1
13747,2.2,0,1,1
13748,1.0,0,1,0
13749,2.2,3,1,1
13750,0.2,1,0,0
13751,1.0,3,1,0
13752,1.0,1,1,0
13753,0.2,3,0,0
13754,1.0,1,0,0
13755,0.2,1,0,1
13756,1.0,1,1,1
13757,0.2,1,0,0
13758,0.2,2,0,1
13759,0.2,0,0,0
13760,0.2,2,0,0
13761,1.0,1,0,1
13762,1.0,1,1,1
13763,0.2,2,0,0
13764,1.0,3,1,0
13765,0.2,2,0,0
13766,0.2,1,0,0
13767,0.2,1,0,0
13768,0.2,2,0,0
13769,1.0,2,1,1
13770,1.0,3,1,1
13771,0.2,1,0,0
13772,0.2,3,0,0
13773,0.2,3,0,0
13774,0.2,0,0,0
13775,0.2,2,0,0
13776,0.2,2,0,0
13777,0.2,2,0,0
13778,1.0,0,1,0
13779,1.0,2,1,0
13780,0.2,1,0,1
13781,0.2,1,0,0
13782,1.0,1,1,1
13783,1.0,1,1,1
13784,0.2,3,0,0
13785,0.2,2,0,0
13786,1.0,1,1,1
13787,1.0,0,1,1
13788,2.2,1,1,1
13789,1.0,1,0,1
13790,1.0,1,1,1
13791,1.0,1,0,0
13792,0.2,3,0,0
13793,1.0,3,1,1
13794,1.0,2,1,1
13795,1.0,0,1,1
13796,0.2,1,0,0
13797,0.2,2,0,0
13798,2.2,2,1,1
13799,1.0,2,1,0
13800,1.0,3,1,0
13801,1.0,2,1,1
13802,1.0,1,1,1
13803,0.2,2,0,0
13804,0.2,3,0,0
13805,1.0,2,1,0
13806,1.0,3,0,1
13807,2.2,1,1,1
13808,1.0,1,1,1
13809,2.2,1,1,1
13810,1.0,3,1,1
13811,0.2,1,0,1
13812,1.0,1,1,0
13813,1.0,1,1,1
13814,0.2,2,0,0
13815,1.0,1,1,0
13816,0.2,1,0,1
13817,1.0,2,1,1
13818,0.2,3,0,0
13819,0.2,1,0,0
13820,1.0,3,1,1
13821,1.0,3,0,1
13822,0.2,1,0,1
13823,0.2,3,0,1
13824,0.2,2,0,0
13825,1.0,2,1,0
13826,2.2,0,1,1
13827,1.0,1,1,1
13828,1.0,1,1,1
13829,1.0,1,1,1
13830,0.2,2,0,0
13831,2.2,0,1,1
13832,1.0,1,1,1
13833,0.2,1,0,0
13834,2.2,3,1,1
13835,0.2,1,0,0
13836,0.2,2,0,0
13837,0.2,3,0,0
13838,1.0,1,1,1
13839,1.0,1,1,0
13840,0.2,2,0,0
13841,1.0,2,1,1
13842,1.0,2,1,0
13843,0.2,2,0,0
13844,1.0,2,1,1
13845,1.0,0,1,1
13846,1.0,1,1,1
13847,1.0,3,1,1
13848,0.2,3,0,0
13849,1.0,1,0,1
13850,1.0,3,1,0
13851,1.0,2,0,0
13852,1.0,0,1,1
13853,0.2,2,0,0
13854,1.0,1,1,1
13855,0.2,3,0,0
13856,1.0,1,1,1
13857,0.2,3,0,0
13858,1.0,2,1,1
13859,0.2,2,0,0
13860,1.0,0,1,1
13861,1.0,2,1,1
13862,1.0,2,1,0
13863,0.2,2,0,0
13864,1.0,2,1,0
13865,1.0,2,1,1
13866,1.0,2,1,0
13867,2.2,0,1,1
13868,1.0,1,1,0
13869,0.2,3,0,0
13870,1.0,1,1,1
13871,0.2,1,0,0
13872,0.2,1,0,0
13873,1.0,1,1,0
13874,2.2,2,1,1
13875,0.2,2,0,0
13876,1.0,2,1,0
13877,0.2,1,0,0
13878,1.0,1,0,1
13879,0.2,1,0,0
13880,1.0,0,1,1
13881,0.2,1,0,0
13882,1.0,0,1,1
13883,2.2,1,1,1
13884,0.2,1,0,0
13885,0.2,3,0,0
13886,1.0,2,1,0
13887,1.0,2,1,1
13888,1.0,2,0,1
13889,1.0,0,1,1
13890,0.2,1,0,0
13891,0.2,1,0,0
13892,1.0,2,1,1
13893,1.0,3,1,1
13894,1.0,2,1,0
13895,1.0,1,0,1
13896,1.0,3,1,0
13897,0.2,0,0,0
13898,1.0,3,0,0
13899,0.2,2,0,0
13900,1.0,3,1,0
13901,1.0,2,1,0
13902,1.0,3,1,0
13903,1.0,0,1,1
13904,0.2,1,0,0
13905,2.2,2,0,1
13906,2.2,3,1,1
13907,1.0,3,1,1
13908,0.2,2,0,0
13909,1.0,3,1,1
13910,0.2,2,0,0
13911,1.0,3,1,1
13912,1.0,1,1,1
13913,0.2,3,0,0
13914,1.0,0,1,1
13915,0.2,2,0,1
13916,1.0,1,1,0
13917,1.0,1,1,1
13918,1.0,2,1,1
13919,1.0,0,1,0
13920,0.2,3,0,0
13921,0.2,2,0,0
13922,1.0,2,1,1
13923,1.0,0,1,1
13924,2.2,0,1,1
13925,1.0,1,1,1
13926,2.2,0,1,1
13927,0.2,2,0,0
13928,0.2,1,0,0
13929,1.0,2,1,1
13930,2.2,2,0,1
13931,1.0,2,1,1
13932,1.0,3,1,0
13933,1.0,2,1,1
13934,0.2,3,0,0
13935,1.0,0,1,1
13936,0.2,2,0,0
13937,0.2,1,0,0
13938,1.0,2,1,0
13939,1.0,2,1,1
13940,1.0,1,1,1
13941,1.0,0,1,1
13942,0.2,2,0,0
13943,0.2,0,0,0
13944,1.0,1,1,1
13945,1.0,2,1,1
13946,0.2,2,0,0
13947,1.0,2,0,1
13948,1.0,1,1,0
13949,0.2,2,0,0
13950,0.2,2,0,1
13951,1.0,2,1,1
13952,1.0,2,0,0
13953,0.2,0,0,0
13954,0.2,0,0,0
13955,1.0,3,0,1
13956,0.2,0,0,0
13957,1.0,1,0,1
13958,1.0,1,1,1
13959,1.0,3,1,0
13960,0.2,1,0,0
13961,1.0,3,1,0
13962,1.0,1,0,1
13963,1.0,2,1,1
13964,1.0,2,1,1
13965,1.0,1,1,1
13966,0.2,1,0,0
13967,1.0,0,1,1
13968,1.0,2,0,1
13969,2.2,1,1,1
13970,1.0,1,1,1
13971,1.0,1,0,1
13972,0.2,1,0,0
13973,1.0,2,0,1
13974,1.0,1,1,1
13975,2.2,2,1,1
13976,0.2,3,0,0
13977,1.0,2,1,1
13978,0.2,2,0,0
13979,0.2,2,0,0
13980,0.2,3,0,0
13981,0.2,3,0,0
13982,1.0,0,1,1
13983,1.0,2,1,0
13984,1.0,1,1,0
13985,0.2,3,0,0
13986,0.2,2,0,1
13987,0.2,2,0,0
13988,0.2,2,0,0
13989,0.2,2,0,0
13990,1.0,2,1,1
13991,1.0,2,1,1
13992,2.2,1,1,1
13993,1.0,1,0,0
13994,0.2,1,0,0
13995,1.0,2,0,1
13996,1.0,1,1,1
13997,2.2,1,0,1
13998,0.2,1,0,0
13999,1.0,1,1,1
14000,0.2,0,0,0
14001,1.0,2,1,1
14002,0.2,2,0,1
14003,0.2,1,0,1
14004,2.2,0,1,1
14005,1.0,2,1,0
14006,1.0,1,1,1
14007,1.0,1,1,0
14008,0.2,1,0,0
14009,1.0,1,1,1
14010,1.0,2,1,0
14011,0.2,2,0,0
14012,0.2,0,0,0
14013,1.0,2,1,1
14014,1.0,3,1,0
14015,1.0,2,1,0
14016,2.2,1,1,1
14017,0.2,3,0,0
14018,1.0,2,1,1
14019,0.2,2,0,0
14020,1.0,1,1,0
14021,0.2,1,0,0
14022,0.2,2,0,0
14023,1.0,2,1,0
14024,2.2,1,1,1
14025,0.2,2,0,0
14026,2.2,3,0,1
14027,1.0,1,1,1
14028,1.0,1,1,1
14029,0.2,3,0,0
14030,2.2,1,1,1
14031,1.0,1,1,1
14032,0.2,2,0,0
14033,0.2,1,0,0
14034,1.0,2,1,1
14035,0.2,2,0,0
14036,1.0,1,0,1
14037,1.0,2,1,1
14038,2.2,1,1,1
14039,1.0,2,0,1
14040,1.0,2,1,1
14041,1.0,1,1,1
14042,1.0,2,0,0
14043,0.2,1,0,0
14044,1.0,0,1,1
14045,1.0,0,0,0
14046,0.2,2,0,0
14047,0.2,1,0,0
14048,2.2,2,1,1
14049,1.0,1,1,1
14050,0.2,3,0,0
14051,0.2,0,0,0
14052,1.0,1,1,0
14053,1.0,1,1,0
14054,0.2,1,0,0
14055,2.2,0,1,1
14056,0.2,3,0,0
14057,1.0,1,1,1
14058,1.0,1,1,1
14059,1.0,2,0,1
14060,1.0,1,1,1
14061,0.2,1,0,0
14062,0.2,1,0,0
14063,1.0,2,1,1
14064,1.0,2,1,1
14065,1.0,1,1,0
14066,1.0,1,1,1
14067,1.0,1,1,0
14068,1.0,1,0,1
14069,1.0,3,1,0
14070,0.2,3,0,0
14071,2.2,2,0,1
14072,0.2,2,0,0
14073,1.0,1,1,1
14074,0.2,1,0,0
14075,0.2,2,0,0
14076,1.0,1,0,0
14077,1.0,1,1,1
14078,1.0,2,0,1
14079,1.0,2,0,0
14080,2.2,0,1,1
14081,1.0,3,0,0
14082,0.2,3,0,0
14083,0.2,2,0,0
14084,1.0,1,1,0
14085,1.0,0,1,1
14086,0.2,1,0,0
14087,0.2,2,0,0
14088,1.0,1,1,0
14089,1.0,1,1,1
14090,2.2,0,1,1
14091,1.0,2,1,0
14092,1.0,1,1,1
14093,1.0,2,1,0
14094,1.0,2,1,1
14095,1.0,2,0,0
14096,0.2,1,0,0
14097,1.0,1,1,0
14098,0.2,1,0,1
14099,1.0,1,1,1
14100,0.2,0,0,0
14101,2.2,1,1,1
14102,2.2,2,1,1
14103,1.0,2,1,1
14104,1.0,1,1,1
14105,0.2,0,0,0
14106,1.0,2,1,0
14107,1.0,1,0,1
14108,0.2,0,0,1
14109,1.0,0,1,1
14110,1.0,1,0,1
14111,1.0,1,1,1
14112,0.2,1,0,0
14113,1.0,2,0,1
14114,1.0,0,1,1
14115,0.2,3,0,0
14116,1.0,0,1,0
14117,1.0,0,1,1
14118,0.2,2,0,0
14119,1.0,1,1,1
14120,1.0,1,1,1
14121,0.2,1,0,0
14122,1.0,1,1,1
14123,1.0,2,1,1
14124,0.2,1,0,0
14125,0.2,1,0,1
14126,0.2,3,0,0
14127,1.0,2,1,1
14128,2.2,3,1,1
14129,1.0,2,1,1
14130,0.2,1,0,0
14131,2.2,2,1,1
14132,0.2,3,0,0
14133,1.0,3,1,1
14134,0.2,1,0,0
14135,1.0,0,1,1
14136,2.2,2,1,1
14137,1.0,2,1,0
14138,0.2,2,0,1
14139,0.2,1,0,0
14140,0.2,2,0,0
14141,0.2,3,0,0
14142,1.0,3,1,1
14143,1.0,1,1,1
14144,0.2,2,0,0
14145,0.2,2,0,0
14146,1.0,1,1,1
14147,0.2,1,0,0
14148,2.2,1,1,1
14149,0.2,0,0,0
14150,1.0,1,0,0
14151,0.2,0,0,0
14152,3.8,2,1,0
14153,0.2,2,0,0
14154,1.0,2,1,1
14155,1.0,0,1,1
14156,0.2,1,0,0
14157,0.2,2,0,0
14158,1.0,2,0,1
14159,1.0,2,1,0
14160,2.2,1,1,1
14161,1.0,2,1,1
14162,0.2,1,0,0
14163,1.0,3,1,1
14164,1.0,1,1,1
14165,0.2,3,0,0
14166,1.0,0,1,1
14167,0.2,2,0,0
14168,1.0,1,0,1
14169,1.0,1,1,1
14170,2.2,1,1,1
14171,0.2,1,0,1
14172,1.0,2,1,1
14173,0.2,2,0,0
14174,2.2,1,1,1
14175,0.2,2,0,0
14176,1.0,1,0,1
14177,2.2,0,0,1
14178,0.2,3,0,0
14179,1.0,3,0,1
14180,1.0,2,1,0
14181,1.0,2,1,1
14182,0.2,2,0,0
14183,2.2,2,1,1
14184,2.2,2,1,1
14185,0.2,1,0,0
14186,0.2,0,0,0
14187,1.0,0,1,0
14188,1.0,1,1,1
14189,1.0,2,1,1
14190,0.2,1,0,0
14191,0.2,3,0,0
14192,1.0,1,1,1
14193,1.0,2,1,1
14194,0.2,1,0,0
14195,0.2,3,0,1
14196,0.2,3,0,0
14197,0.2,1,0,0
14198,1.0,3,1,1
14199,0.2,3,0,0
14200,1.0,2,1,1
14201,1.0,1,1,0
14202,1.0,3,1,1
14203,2.2,1,1,1
14204,0.2,0,0,0
14205,1.0,1,0,1
14206,1.0,2,1,0
14207,1.0,0,1,1
14208,1.0,1,1,1
14209,0.2,1,0,0
14210,0.2,1,0,0
14211,1.0,3,1,0
14212,1.0,0,1,0
14213,1.0,1,0,1
14214,2.2,1,1,1
14215,1.0,2,0,0
14216,0.2,3,0,0
14217,0.2,3,0,0
14218,1.0,0,0,1
14219,0.2,2,0,0
14220,2.2,0,1,1
14221,0.2,2,0,0
14222,0.2,1,0,0
14223,2.2,2,1,1
14224,0.2,2,0,0
14225,1.0,2,1,1
14226,1.0,0,1,0
14227,1.0,0,0,1
14228,1.0,1,1,0
14229,1.0,0,1,1
14230,1.0,1,1,1
14231,0.2,2,0,0
14232,1.0,2,1,0
14233,0.2,3,0,0
14234,0.2,0,0,0
14235,0.2,2,0,0
14236,0.2,2,0,0
14237,0.2,2,0,0
14238,1.0,2,1,1
14239,1.0,0,1,1
14240,0.2,1,0,0
14241,0.2,1,0,0
14242,1.0,3,0,0
14243,2.2,0,1,1
14244,0.2,1,0,0
14245,0.2,1,0,1
14246,0.2,2,0,0
14247,1.0,1,1,0
14248,0.2,3,0,0
14249,0.2,2,0,0
14250,0.2,1,0,0
14251,0.2,3,0,0
14252,1.0,3,1,1
14253,2.2,3,1,1
14254,0.2,0,0,0
14255,0.2,2,0,0
14256,1.0,2,1,1
14257,0.2,2,0,0
14258,1.0,1,1,1
14259,2.5999999999999996,2,1,1
14260,1.0,2,0,1
14261,1.0,2,1,0
14262,0.2,1,0,0
14263,1.0,1,1,0
14264,0.2,1,0,0
14265,0.2,0,0,0
14266,1.0,2,1,0
14267,1.0,3,1,1
14268,2.2,0,1,1
14269,1.0,2,1,0
14270,1.0,3,1,0
14271,0.2,0,0,1
14272,1.0,0,1,1
14273,0.2,1,0,0
14274,0.2,0,0,0
14275,0.2,3,0,0
14276,0.2,1,0,1
14277,0.2,2,0,0
14278,0.2,2,0,0
14279,1.0,1,1,1
14280,2.2,2,1,1
14281,0.2,2,0,0
14282,0.2,0,0,0
14283,1.0,2,1,1
14284,0.2,2,0,0
14285,1.0,2,0,0
14286,2.2,1,1,1
14287,2.2,2,1,1
14288,1.0,2,1,0
14289,1.0,1,0,1
14290,1.0,1,1,1
14291,1.0,2,1,1
14292,0.2,2,0,0
14293,1.0,0,0,1
14294,1.0,3,1,0
14295,1.0,0,1,1
14296,0.2,1,0,0
14297,1.0,1,0,0
14298,0.2,1,0,0
14299,0.2,1,0,1
14300,1.0,1,1,0
14301,0.2,0,0,1
14302,1.0,1,1,1
14303,1.0,1,0,1
14304,1.0,0,1,1
14305,0.2,2,0,0
14306,1.0,2,0,1
14307,1.0,2,1,1
14308,0.2,2,0,0
14309,0.2,2,0,0
14310,1.0,3,1,1
14311,1.0,1,1,1
14312,1.0,1,1,1
14313,0.2,2,0,0
14314,1.0,2,1,1
14315,1.0,2,1,1
14316,0.2,1,0,0
14317,0.2,1,0,0
14318,1.0,1,1,0
14319,0.2,2,0,0
14320,1.0,2,0,0
14321,1.0,3,1,0
14322,1.0,1,1,1
14323,0.2,1,0,0
14324,0.2,2,0,0
14325,1.0,3,1,0
14326,1.0,2,1,1
14327,0.2,2,0,0
14328,2.2,1,1,1
14329,1.0,1,1,1
14330,2.2,0,1,1
14331,1.0,3,1,1
14332,2.2,0,1,1
14333,0.2,1,0,1
14334,0.2,2,0,0
14335,1.0,1,1,0
14336,0.2,3,0,0
14337,1.0,1,0,1
14338,0.2,2,0,0
14339,0.2,3,0,0
14340,0.2,1,0,1
14341,2.2,1,1,1
14342,1.0,2,1,1
14343,0.2,1,0,0
14344,1.0,0,1,1
14345,0.2,1,0,0
14346,1.0,2,1,1
14347,0.2,3,0,0
14348,0.2,1,0,0
14349,1.0,2,1,1
14350,2.2,2,1,1
14351,1.0,3,1,1
14352,0.2,3,0,0
14353,0.2,1,0,0
14354,0.2,2,0,0
14355,0.2,1,0,0
14356,0.2,3,0,0
14357,0.2,0,0,0
14358,0.2,1,0,1
14359,2.2,1,1,1
14360,0.2,2,0,0
14361,1.0,2,1,1
14362,0.2,3,0,0
14363,1.0,1,0,1
14364,2.2,2,1,1
14365,0.2,1,0,0
14366,2.2,0,1,1
14367,1.0,2,1,0
14368,1.0,3,0,0
14369,2.2,1,1,1
14370,2.2,3,1,1
14371,0.2,3,0,1
14372,1.0,1,1,0
14373,1.0,3,0,1
14374,1.0,2,1,1
14375,1.0,2,1,1
14376,2.2,1,1,1
14377,0.2,1,0,0
14378,1.0,1,1,1
14379,0.2,2,0,0
14380,1.0,1,1,1
14381,2.2,2,1,1
14382,1.0,2,1,1
14383,0.2,0,0,0
14384,0.2,2,0,0
14385,1.0,2,0,1
14386,1.0,1,1,0
14387,0.2,2,0,0
14388,2.2,2,0,1
14389,0.2,1,0,1
14390,1.0,1,1,0
14391,0.2,1,0,0
14392,1.0,2,1,1
14393,1.4,1,1,1
14394,1.0,1,1,1
14395,1.0,2,1,1
14396,1.0,0,1,1
14397,2.2,2,1,1
14398,1.0,1,1,0
14399,1.0,2,0,1
14400,1.0,3,1,0
14401,1.0,0,0,1
14402,0.2,2,0,0
14403,0.2,0,0,0
14404,0.2,1,0,0
14405,1.0,2,1,1
14406,0.2,2,0,1
14407,0.2,3,0,0
14408,1.0,2,1,1
14409,1.0,2,1,1
14410,1.0,3,0,0
14411,0.2,2,0,1
14412,1.0,3,0,1
14413,1.0,1,1,1
14414,1.0,2,1,1
14415,0.2,0,0,0
14416,1.0,1,1,1
14417,1.0,1,1,0
14418,0.2,2,0,0
14419,2.2,0,1,1
14420,1.0,1,1,1
14421,1.0,1,1,0
14422,1.0,2,1,1
14423,0.2,1,0,0
14424,0.2,1,0,0
14425,0.2,0,0,1
14426,0.2,1,0,0
14427,0.2,3,0,0
14428,1.0,2,1,0
14429,1.0,1,1,1
14430,1.0,2,1,0
14431,1.0,1,1,0
14432,0.2,3,0,1
14433,0.2,0,0,0
14434,1.0,0,1,1
14435,2.2,3,1,1
14436,0.2,1,0,0
14437,1.0,2,1,0
14438,1.0,2,1,0
14439,0.2,1,0,0
14440,3.4000000000000004,3,1,1
14441,0.2,0,0,0
14442,0.2,3,0,0
14443,1.0,3,1,1
14444,1.0,0,1,1
14445,1.0,1,0,1
14446,1.0,1,1,0
14447,0.2,2,0,0
14448,0.2,0,0,0
14449,1.0,3,1,0
14450,1.0,3,1,1
14451,1.0,2,1,1
14452,1.0,3,1,1
14453,1.0,3,1,1
14454,1.0,1,1,1
14455,2.2,2,1,1
14456,1.0,3,1,1
14457,0.2,2,0,0
14458,1.0,1,1,1
14459,0.2,3,0,0
14460,1.0,2,1,1
14461,1.0,3,1,1
14462,0.2,1,0,1
14463,1.0,2,1,0
14464,0.2,0,0,0
14465,2.2,3,1,1
14466,0.2,3,0,0
14467,2.2,2,1,1
14468,0.2,1,0,0
14469,0.2,2,0,0
14470,0.2,1,0,0
14471,1.0,0,1,1
14472,1.0,1,1,1
14473,0.2,1,0,1
14474,1.0,1,0,1
14475,1.0,1,1,0
14476,1.0,3,1,1
14477,1.0,2,1,0
14478,1.0,1,1,1
14479,1.0,1,0,1
14480,0.2,2,0,0
14481,1.0,1,1,1
14482,1.0,3,1,0
14483,1.0,2,1,1
14484,0.2,0,0,1
14485,0.2,1,0,0
14486,1.0,2,1,1
14487,1.0,2,1,0
14488,2.2,1,1,1
14489,1.0,2,1,0
14490,1.0,2,1,0
14491,0.2,1,0,0
14492,0.2,2,0,0
14493,1.0,0,1,1
14494,1.0,0,1,0
14495,1.0,3,1,0
14496,1.0,2,1,1
14497,2.2,2,1,1
14498,1.0,3,1,0
14499,1.0,1,0,0
14500,1.0,1,1,1
14501,0.2,2,0,0
14502,0.2,3,0,0
14503,0.2,1,0,0
14504,1.0,0,1,0
14505,1.0,2,0,1
14506,0.2,1,0,0
14507,0.2,1,0,1
14508,0.2,2,0,0
14509,1.0,1,1,1
14510,0.2,1,0,0
14511,0.2,1,0,0
14512,2.2,0,0,1
14513,1.0,2,0,1
14514,0.2,2,0,0
14515,0.2,3,0,0
14516,1.0,1,1,0
14517,0.2,2,0,0
14518,0.2,0,0,0
14519,0.2,1,0,0
14520,0.2,1,0,0
14521,0.2,2,0,1
14522,1.0,2,1,1
14523,1.0,3,0,0
14524,1.0,2,1,1
14525,1.0,2,1,1
14526,0.2,2,0,1
14527,1.0,2,1,1
14528,0.2,2,0,1
14529,1.0,2,1,1
14530,1.0,3,0,1
14531,1.0,1,1,1
14532,0.2,1,0,0
14533,0.2,0,0,0
14534,1.0,2,0,0
14535,0.2,2,0,0
14536,1.0,2,0,1
14537,1.0,2,1,1
14538,1.0,3,1,0
14539,1.0,2,1,1
14540,0.2,1,0,0
14541,1.0,2,0,1
14542,1.0,2,1,1
14543,1.0,2,1,0
14544,0.2,3,0,0
14545,0.2,1,0,1
14546,1.0,0,0,0
14547,1.0,2,1,0
14548,1.0,0,0,1
14549,2.2,2,1,1
14550,1.0,1,1,1
14551,1.0,3,1,0
14552,0.2,3,0,0
14553,1.0,2,0,1
14554,0.2,1,0,1
14555,0.2,0,0,0
14556,0.2,0,0,0
14557,1.0,1,1,1
14558,1.0,3,1,1
14559,1.0,2,1,1
14560,1.0,0,1,1
14561,0.2,1,0,0
14562,1.0,0,1,1
14563,3.8,2,1,1
14564,1.0,3,1,1
14565,1.0,2,1,1
14566,0.2,2,0,0
14567,1.0,1,1,1
14568,0.2,3,0,1
14569,0.2,0,0,0
14570,0.2,3,0,0
14571,0.2,3,0,0
14572,0.2,1,0,0
14573,1.0,1,0,1
14574,1.0,1,1,1
14575,1.0,2,1,1
14576,1.0,0,1,1
14577,2.2,2,1,1
14578,1.0,2,1,0
14579,1.0,2,1,1
14580,0.2,2,0,0
14581,2.2,2,1,1
14582,0.2,1,0,0
14583,1.0,1,1,0
14584,1.0,3,1,1
14585,0.2,3,0,0
14586,0.2,0,0,0
14587,0.2,2,0,0
14588,0.2,2,0,0
14589,2.2,2,1,1
14590,1.0,3,1,1
14591,1.0,1,1,0
14592,0.2,2,0,0
14593,0.2,0,0,0
14594,2.2,1,1,1
14595,0.2,1,0,0
14596,1.0,2,1,1
14597,1.0,2,0,1
14598,1.0,1,1,1
14599,1.0,3,1,1
14600,1.0,0,1,0
14601,0.2,3,0,0
14602,1.0,2,1,1
14603,0.2,2,0,0
14604,1.0,0,1,1
14605,0.2,2,0,0
14606,0.2,0,0,0
14607,1.0,3,0,1
14608,1.0,1,1,0
14609,1.0,3,1,1
14610,0.2,3,0,0
14611,1.0,1,1,1
14612,1.0,2,1,1
14613,1.0,1,0,1
14614,1.0,2,1,1
14615,0.2,1,0,0
14616,0.2,2,0,0
14617,0.2,3,0,0
14618,1.0,2,1,0
14619,1.0,1,1,1
14620,2.2,1,1,1
14621,0.2,2,0,1
14622,0.2,3,0,0
14623,1.0,0,1,1
14624,1.0,3,1,0
14625,0.2,1,0,0
14626,2.2,3,1,1
14627,1.0,2,1,1
14628,0.2,2,0,0
14629,2.2,0,1,1
14630,1.0,1,1,1
14631,0.2,1,0,0
14632,1.0,2,1,1
14633,1.0,2,1,0
14634,0.2,1,0,0
14635,0.6000000000000001,1,1,1
14636,1.0,3,1,1
14637,2.2,1,1,1
14638,1.0,2,1,0
14639,0.2,2,0,0
14640,0.2,2,0,0
14641,2.2,1,1,1
14642,2.2,1,0,1
14643,1.0,2,0,1
14644,1.0,1,1,0
14645,1.0,2,1,0
14646,0.2,3,0,0
14647,2.2,0,1,1
14648,1.0,2,1,1
14649,0.2,3,0,0
14650,1.0,3,1,1
14651,0.2,3,0,0
14652,0.2,2,0,1
14653,1.0,3,1,1
14654,2.2,2,1,1
14655,0.2,2,0,0
14656,0.2,1,0,0
14657,0.2,2,0,0
14658,0.2,1,0,0
14659,1.0,2,1,1
14660,1.0,0,1,1
14661,1.0,2,1,1
14662,1.0,2,1,1
14663,1.0,1,1,1
14664,0.2,2,0,0
14665,0.2,2,0,0
14666,1.0,0,1,1
14667,0.2,3,0,0
14668,1.0,1,1,1
14669,0.2,2,0,0
14670,0.2,1,0,1
14671,0.2,1,0,0
14672,0.2,2,0,0
14673,1.0,2,0,1
14674,0.2,1,0,0
14675,0.2,0,0,0
14676,1.0,1,0,1
14677,1.0,2,0,0
14678,1.0,1,1,1
14679,0.2,1,0,0
14680,1.0,0,1,1
14681,1.0,0,0,1
14682,1.0,2,1,0
14683,0.2,2,0,0
14684,1.0,3,1,0
14685,0.2,2,0,0
14686,2.2,1,1,1
14687,0.2,0,0,0
14688,1.0,3,1,1
14689,0.2,2,0,0
14690,0.2,1,0,0
14691,2.2,2,1,1
14692,1.0,1,1,1
14693,0.2,0,0,0
14694,2.2,1,1,1
14695,0.2,2,0,0
14696,1.0,3,1,0
14697,1.0,2,1,1
14698,0.2,1,0,0
14699,1.0,2,1,0
14700,1.0,1,1,1
14701,1.0,3,1,0
14702,1.0,2,1,0
14703,0.2,2,0,0
14704,1.0,2,0,1
14705,1.0,1,0,1
14706,1.0,3,1,0
14707,0.2,2,0,0
14708,0.2,1,0,0
14709,0.2,3,0,0
14710,0.2,1,0,0
14711,0.2,3,0,0
14712,1.0,1,0,1
14713,1.0,1,1,1
14714,0.2,2,0,0
14715,2.2,1,0,1
14716,1.0,2,1,0
14717,1.0,0,1,1
14718,1.0,0,1,1
14719,1.0,1,1,1
14720,1.0,1,1,1
14721,0.2,1,0,1
14722,1.0,1,1,1
14723,0.2,1,0,0
14724,0.2,1,0,0
14725,0.2,2,0,0
14726,1.0,1,1,1
14727,0.2,3,0,0
14728,1.0,1,1,1
14729,1.0,0,0,0
14730,0.2,2,0,0
14731,0.2,2,0,0
14732,1.0,1,1,0
14733,0.2,2,0,0
14734,0.2,2,0,0
14735,1.0,0,1,1
14736,1.0,2,1,0
14737,1.0,2,1,1
14738,1.0,1,1,0
14739,1.0,2,0,1
14740,1.0,1,1,0
14741,0.2,3,0,0
14742,0.2,1,0,0
14743,1.0,1,1,1
14744,0.2,1,0,0
14745,0.2,1,0,0
14746,1.0,1,0,1
14747,0.2,1,0,0
14748,2.2,1,1,1
14749,1.0,3,1,1
14750,2.2,1,1,1
14751,0.2,1,0,1
14752,1.0,1,1,1
14753,0.2,3,0,0
14754,0.2,2,0,0
14755,0.2,3,0,0
14756,1.0,1,0,1
14757,1.0,0,1,1
14758,0.2,2,0,1
14759,2.2,1,1,1
14760,0.2,0,0,0
14761,0.2,2,0,0
14762,2.2,2,1,1
14763,1.0,2,0,0
14764,2.2,1,1,1
14765,0.2,0,0,0
14766,1.0,1,1,1
14767,0.2,3,0,0
14768,0.2,3,0,0
14769,0.2,2,0,0
14770,0.2,1,0,0
14771,0.2,1,0,0
14772,2.2,2,1,1
14773,0.2,2,0,0
14774,1.0,2,1,1
14775,1.0,3,1,0
14776,0.2,2,0,0
14777,1.0,2,1,0
14778,2.2,2,0,1
14779,0.2,1,0,0
14780,1.0,2,1,1
14781,1.0,1,1,1
14782,1.0,3,1,1
14783,0.2,2,0,0
14784,0.2,1,0,1
14785,0.2,1,0,0
14786,2.2,1,1,1
14787,1.0,2,1,1
14788,0.2,1,0,0
14789,1.0,1,1,1
14790,0.2,0,0,0
14791,1.0,1,1,0
14792,2.2,2,1,1
14793,0.2,2,0,0
14794,0.2,1,0,0
14795,1.0,0,0,1
14796,2.2,1,1,1
14797,0.2,2,0,0
14798,0.2,1,0,0
14799,1.0,1,1,1
14800,0.2,2,0,0
14801,1.0,1,1,0
14802,1.0,2,0,1
14803,0.2,2,0,0
14804,1.0,2,1,0
14805,0.2,2,0,0
14806,2.2,2,1,1
14807,2.2,0,1,1
14808,2.2,3,0,1
14809,0.2,1,0,0
14810,0.2,1,0,0
14811,1.0,3,1,1
14812,1.0,3,1,0
14813,0.2,2,0,0
14814,0.2,2,0,0
14815,1.0,2,1,1
14816,1.0,2,1,0
14817,2.2,3,0,1
14818,0.2,2,0,0
14819,1.0,2,0,0
14820,0.2,2,0,0
14821,0.2,3,0,0
14822,1.0,1,1,1
14823,1.0,3,1,1
14824,1.0,1,1,1
14825,1.0,1,1,0
14826,0.2,1,0,0
14827,1.0,2,1,0
14828,0.2,3,0,0
14829,1.0,1,1,1
14830,0.2,1,0,0
14831,2.2,2,1,1
14832,1.0,1,1,1
14833,1.0,1,1,1
14834,0.2,0,0,0
14835,0.2,3,0,0
14836,1.0,2,1,1
14837,0.2,2,0,0
14838,0.2,0,0,0
14839,1.0,0,1,1
14840,2.2,1,1,1
14841,0.2,1,0,0
14842,1.0,1,1,1
14843,2.2,2,1,1
14844,0.2,2,0,0
14845,2.2,0,1,1
14846,1.0,3,1,1
14847,1.0,3,1,0
14848,0.2,1,0,0
14849,1.0,2,1,0
14850,0.2,3,0,0
14851,1.0,0,1,1
14852,2.2,2,1,1
14853,1.0,3,1,0
14854,1.0,0,0,1
14855,0.2,2,0,0
14856,1.0,2,1,1
14857,1.0,2,0,0
14858,1.0,1,1,1
14859,1.0,1,1,0
14860,0.2,2,0,1
14861,1.0,1,1,1
14862,1.0,1,1,0
14863,0.2,1,0,0
14864,2.2,1,1,1
14865,1.0,1,1,1
14866,0.2,1,0,0
14867,1.0,0,0,1
14868,0.2,1,0,0
14869,2.2,2,1,1
14870,2.2,1,1,1
14871,0.2,2,0,0
14872,1.0,1,0,0
14873,2.2,3,1,1
14874,0.2,2,0,1
14875,0.2,0,0,1
14876,2.2,1,1,1
14877,1.0,3,1,1
14878,1.0,1,1,1
14879,1.0,1,1,1
14880,1.0,2,1,1
14881,0.2,1,0,1
14882,0.2,2,0,0
14883,0.2,2,0,0
14884,0.2,2,0,0
14885,1.0,0,1,1
14886,2.2,1,1,1
14887,1.0,2,1,1
14888,1.0,2,0,1
14889,0.2,2,0,0
14890,1.0,1,1,1
14891,0.2,1,0,0
14892,2.2,2,1,1
14893,1.0,2,1,1
14894,1.0,2,0,1
14895,1.0,2,1,1
14896,1.0,1,1,1
14897,0.2,3,0,0
14898,0.2,1,0,0
14899,1.0,3,1,1
14900,0.2,1,0,0
14901,2.2,0,1,1
14902,0.2,1,0,0
14903,1.0,3,1,1
14904,0.2,2,0,0
14905,0.2,1,0,0
14906,0.2,0,0,0
14907,0.2,1,0,0
14908,0.2,1,0,1
14909,1.0,2,1,1
14910,0.2,1,0,0
14911,0.2,1,0,0
14912,1.0,1,1,1
14913,1.0,3,1,1
14914,2.2,0,1,1
14915,0.2,2,0,1
14916,0.2,1,0,0
14917,1.0,2,1,0
14918,0.2,2,0,0
14919,1.0,2,1,1
14920,1.0,2,1,0
14921,1.0,1,1,1
14922,0.2,2,0,0
14923,1.0,3,0,1
14924,0.2,2,0,0
14925,3.8,1,1,1
14926,1.0,1,1,0
14927,2.2,1,1,1
14928,0.2,2,0,0
14929,0.2,1,0,0
14930,1.0,1,1,1
14931,1.0,2,1,0
14932,0.2,1,0,0
14933,0.2,1,0,0
14934,0.2,1,0,0
14935,1.0,3,1,1
14936,0.2,1,0,0
14937,0.2,1,0,0
14938,0.2,2,0,0
14939,0.2,1,0,0
14940,1.0,2,1,1
14941,1.0,2,0,1
14942,0.2,2,0,0
14943,0.2,1,0,0
14944,1.0,1,1,1
14945,1.0,1,1,1
14946,0.2,2,0,0
14947,0.2,3,0,0
14948,1.0,2,0,0
14949,0.2,3,0,0
14950,1.0,2,1,1
14951,0.2,0,0,0
14952,0.2,0,0,0
14953,1.0,0,1,1
14954,1.0,3,0,1
14955,1.0,1,1,0
14956,0.2,2,0,1
14957,1.0,2,1,1
14958,1.0,0,1,1
14959,1.0,2,1,1
14960,1.0,1,1,1
14961,2.2,1,1,1
14962,0.2,0,0,0
14963,1.0,1,1,0
14964,2.2,1,1,1
14965,1.0,2,1,1
14966,0.2,1,0,0
14967,1.0,2,1,1
14968,1.0,1,1,0
14969,1.0,0,0,1
14970,0.2,1,0,0
14971,0.2,1,0,1
14972,0.2,1,0,0
14973,1.0,1,1,1
14974,0.2,3,0,0
14975,0.2,1,0,0
14976,2.2,2,0,1
14977,1.0,2,0,1
14978,0.2,2,0,0
14979,1.0,2,1,1
14980,0.2,2,0,0
14981,0.2,0,0,0
14982,1.0,1,1,1
14983,1.0,2,1,1
14984,0.2,1,0,0
14985,0.2,1,0,0
14986,0.2,1,0,0
14987,0.2,1,0,0
14988,1.0,1,1,1
14989,2.2,1,1,1
14990,0.2,1,0,0
14991,0.2,2,0,0
14992,1.0,1,1,1
14993,1.0,2,1,1
14994,1.0,2,0,1
14995,1.0,0,1,1
14996,0.2,3,0,0
14997,1.0,3,1,0
14998,1.0,2,1,0
14999,1.0,1,1,1
15000,0.2,2,0,0
15001,2.2,3,1,1
15002,0.2,0,0,1
15003,1.0,1,1,0
15004,0.2,2,0,0
15005,1.0,1,1,1
15006,1.0,1,1,1
15007,0.2,1,0,0
15008,0.2,3,0,0
15009,0.2,2,0,0
15010,0.2,3,0,0
15011,1.0,1,1,0
15012,1.0,0,1,1
15013,1.4,2,1,0
15014,1.0,2,1,1
15015,1.0,1,1,0
15016,0.2,1,0,0
15017,2.2,2,1,1
15018,0.2,2,0,1
15019,0.2,2,0,1
15020,0.2,2,0,0
15021,1.0,1,1,1
15022,2.2,3,1,1
15023,1.0,1,0,1
15024,0.2,1,0,0
15025,0.2,1,0,1
15026,1.0,3,1,1
15027,1.0,3,1,0
15028,1.0,1,1,1
15029,2.2,1,1,1
15030,0.2,2,0,0
15031,0.2,2,0,0
15032,2.2,2,1,1
15033,1.0,1,1,1
15034,2.2,1,1,1
15035,1.0,1,0,1
15036,1.0,1,1,1
15037,0.2,2,0,0
15038,1.0,1,1,1
15039,0.2,1,0,0
15040,2.2,3,1,1
15041,1.0,2,1,1
15042,2.2,0,0,1
15043,1.0,1,1,1
15044,1.0,1,1,1
15045,1.0,1,1,0
15046,1.0,1,1,1
15047,1.0,3,0,1
15048,0.2,3,0,0
15049,0.2,1,0,0
15050,0.2,2,0,0
15051,1.0,2,0,1
15052,1.0,0,1,0
15053,1.0,1,0,1
15054,2.5999999999999996,2,1,1
15055,0.2,2,0,0
15056,0.2,2,0,0
15057,1.0,1,1,1
15058,1.0,3,1,1
15059,1.0,3,1,1
15060,2.2,2,1,1
15061,1.0,1,1,0
15062,1.0,1,0,0
15063,2.2,1,0,1
15064,1.0,0,1,1
15065,1.0,2,1,0
15066,1.0,2,1,1
15067,0.2,2,0,0
15068,0.2,2,0,1
15069,1.0,1,1,0
15070,0.2,1,0,0
15071,1.0,1,1,0
15072,2.2,0,1,1
15073,0.2,1,0,1
15074,1.0,0,1,0
15075,1.0,2,1,1
15076,0.2,1,0,1
15077,0.2,2,0,0
15078,1.0,3,1,1
15079,0.2,2,0,0
15080,2.2,1,1,1
15081,0.2,2,0,0
15082,1.0,1,1,1
15083,1.0,2,1,1
15084,2.2,2,1,1
15085,1.0,2,1,0
15086,0.2,0,0,0
15087,1.0,1,1,1
15088,0.2,3,0,0
15089,2.2,1,1,1
15090,1.0,1,1,0
15091,1.0,1,1,1
15092,1.0,0,1,1
15093,0.2,1,0,0
15094,0.2,1,0,0
15095,1.0,2,1,0
15096,0.2,1,0,0
15097,1.0,1,1,1
15098,1.0,1,1,1
15099,1.0,1,0,1
15100,1.0,1,1,1
15101,2.2,1,1,1
15102,2.2,0,1,1
15103,1.0,1,1,1
15104,1.0,3,1,1
15105,0.2,1,0,0
15106,0.2,1,0,0
15107,0.2,0,0,0
15108,1.0,1,1,1
15109,0.2,2,0,0
15110,2.2,2,1,1
15111,1.0,1,0,1
15112,0.2,1,0,1
15113,1.0,1,1,1
15114,0.2,2,0,0
15115,1.0,2,0,1
15116,0.2,3,0,1
15117,1.0,2,1,1
15118,1.0,0,1,1
15119,0.2,1,0,0
15120,1.0,1,1,1
15121,0.2,2,0,0
15122,0.2,0,0,1
15123,0.2,3,0,0
15124,1.0,2,0,1
15125,0.2,2,0,0
15126,0.2,2,0,0
15127,0.2,3,0,0
15128,1.0,1,1,0
15129,0.2,2,0,0
15130,1.0,1,0,1
15131,0.2,0,0,1
15132,0.2,2,0,1
15133,2.2,2,1,1
15134,1.0,1,1,1
15135,1.0,1,1,1
15136,2.2,1,1,1
15137,0.2,0,0,0
15138,1.0,1,1,1
15139,1.0,3,0,0
15140,0.2,2,0,0
15141,2.5999999999999996,2,1,0
15142,2.2,0,1,1
15143,1.0,2,1,0
15144,0.2,0,0,0
15145,1.0,2,1,0
15146,0.2,1,0,1
15147,1.0,2,1,0
15148,1.0,2,1,1
15149,1.0,3,1,0
15150,1.0,2,0,1
15151,1.0,2,1,1
15152,0.2,1,0,0
15153,1.0,1,1,1
15154,0.2,0,0,0
15155,1.0,0,1,1
15156,0.2,2,0,1
15157,2.2,2,1,1
15158,0.2,0,0,0
15159,1.0,0,1,1
15160,2.2,3,1,1
15161,1.0,3,1,1
15162,1.0,1,1,1
15163,1.0,2,1,0
15164,0.2,2,0,0
15165,1.0,1,1,1
15166,0.2,2,0,0
15167,0.2,0,0,0
15168,0.2,1,0,0
15169,2.2,2,1,1
15170,1.0,0,1,1
15171,0.2,1,0,0
15172,1.0,3,1,1
15173,0.2,3,0,0
15174,0.2,2,0,0
15175,2.2,0,1,1
15176,0.2,1,0,0
15177,1.0,2,1,0
15178,1.0,1,1,1
15179,1.0,3,1,1
15180,2.2,1,1,1
15181,0.2,2,0,0
15182,1.0,0,0,1
15183,1.0,1,1,1
15184,1.0,1,1,1
15185,1.0,2,0,1
15186,0.2,2,0,0
15187,0.2,2,0,0
15188,2.2,1,1,1
15189,1.0,1,1,0
15190,0.2,1,0,0
15191,1.0,1,1,1
15192,1.0,1,0,1
15193,1.0,1,1,1
15194,0.2,0,0,0
15195,0.2,2,0,0
15196,1.0,2,1,0
15197,1.0,1,0,0
15198,1.0,2,1,1
15199,1.0,2,1,1
15200,1.0,1,1,1
15201,0.2,2,0,0
15202,0.2,0,0,0
15203,1.0,3,1,1
15204,0.2,2,0,0
15205,1.0,2,0,1
15206,0.2,1,0,0
15207,0.2,2,0,0
15208,0.2,1,0,0
15209,1.0,2,1,1
15210,2.2,2,1,1
15211,1.0,1,1,1
15212,1.0,1,1,1
15213,0.2,1,0,0
15214,1.0,1,1,1
15215,1.0,2,0,1
15216,0.2,1,0,0
15217,1.0,1,0,1
15218,0.2,2,0,0
15219,1.0,2,0,1
15220,1.0,2,1,1
15221,0.2,2,0,0
15222,1.0,2,1,1
15223,1.0,1,1,1
15224,1.0,1,1,1
15225,2.2,2,1,1
15226,2.2,1,1,1
15227,1.0,1,0,0
15228,2.2,3,1,1
15229,2.2,2,1,1
15230,0.2,0,0,0
15231,1.0,1,0,1
15232,1.0,2,1,1
15233,0.2,0,0,0
15234,0.2,2,0,0
15235,0.2,1,0,1
15236,2.2,3,1,1
15237,0.2,2,0,0
15238,1.0,2,1,1
15239,0.2,2,0,0
15240,0.2,3,0,0
15241,0.2,0,0,1
15242,1.0,2,0,1
15243,1.0,2,1,1
15244,1.0,2,1,1
15245,1.0,2,1,1
15246,0.2,1,0,0
15247,1.0,0,1,0
15248,0.2,0,0,0
15249,1.0,0,1,1
15250,1.0,3,1,0
15251,1.0,3,1,0
15252,1.0,0,1,1
15253,1.0,2,1,1
15254,1.0,0,1,1
15255,0.2,1,0,0
15256,1.0,1,1,1
15257,1.0,1,1,0
15258,2.2,2,1,1
15259,0.2,2,0,1
15260,0.2,2,0,0
15261,0.2,1,0,0
15262,1.0,3,1,1
15263,1.0,2,1,1
15264,1.0,1,0,0
15265,0.2,3,0,0
15266,0.2,2,0,0
15267,1.0,2,1,1
15268,0.2,1,0,0
15269,0.2,2,0,0
15270,1.0,2,1,0
15271,2.2,0,0,1
15272,1.0,0,1,1
15273,0.2,3,0,1
15274,2.2,1,1,1
15275,1.0,1,1,1
15276,1.0,1,1,1
15277,1.0,3,1,0
15278,0.2,1,0,0
15279,1.0,2,1,1
15280,2.2,2,1,1
15281,2.2,3,1,1
15282,2.2,0,1,1
15283,2.2,0,1,1
15284,1.0,2,1,0
15285,0.2,1,0,1
15286,0.2,1,0,0
15287,0.2,1,0,1
15288,0.2,2,0,0
15289,1.0,2,0,1
15290,0.2,2,0,0
15291,2.2,0,1,1
15292,1.0,1,1,1
15293,0.2,2,0,0
15294,0.2,2,0,0
15295,0.2,2,0,0
15296,0.2,3,0,0
15297,0.2,1,0,0
15298,1.0,3,1,0
15299,2.2,1,1,1
15300,2.2,1,0,1
15301,1.0,2,0,1
15302,0.2,3,0,0
15303,0.2,2,0,0
15304,0.2,2,0,0
15305,0.2,1,0,0
15306,1.0,1,1,1
15307,0.2,1,0,0
15308,0.2,3,0,0
15309,0.2,2,0,0
15310,2.2,0,0,1
15311,1.0,0,1,1
15312,1.0,2,1,1
15313,2.2,0,1,1
15314,2.2,1,1,1
15315,1.0,1,1,0
15316,0.2,1,0,0
15317,0.2,0,0,0
15318,1.0,3,1,1
15319,1.0,2,0,1
15320,0.2,2,0,0
15321,0.2,3,0,0
15322,0.2,2,0,0
15323,1.0,1,0,1
15324,0.2,2,0,0
15325,1.0,2,1,1
15326,0.2,2,0,0
15327,0.2,1,0,0
15328,0.2,0,0,0
15329,0.2,1,0,0
15330,0.2,2,0,0
15331,0.2,2,0,0
15332,0.2,2,0,0
15333,1.0,1,1,1
15334,0.2,1,0,0
15335,1.0,3,0,0
15336,0.2,2,0,0
15337,0.2,2,0,0
15338,0.2,2,0,0
15339,0.2,2,0,1
15340,0.2,2,0,0
15341,1.0,1,1,1
15342,0.2,3,0,0
15343,1.0,1,1,0
15344,1.0,1,1,1
15345,0.2,0,0,0
15346,1.0,1,1,1
15347,2.2,1,1,1
15348,1.0,2,0,1
15349,0.2,1,0,0
15350,0.2,0,0,1
15351,0.2,2,0,0
15352,2.2,0,1,1
15353,1.0,0,1,1
15354,1.0,1,1,0
15355,0.2,3,0,0
15356,1.0,1,1,1
15357,0.2,3,0,0
15358,0.2,1,0,0
15359,0.2,3,0,0
15360,1.0,1,0,1
15361,1.0,2,1,0
15362,1.0,3,1,1
15363,1.0,0,1,1
15364,2.2,3,1,1
15365,1.0,3,1,0
15366,0.2,2,0,0
15367,1.0,3,0,0
15368,0.2,0,0,0
15369,0.2,0,0,0
15370,1.0,2,1,1
15371,2.2,1,0,1
15372,1.0,2,1,1
15373,2.2,2,0,1
15374,1.0,2,1,1
15375,0.2,2,0,0
15376,0.2,3,0,0
15377,0.2,3,0,0
15378,0.2,1,0,0
15379,0.2,2,0,0
15380,1.0,1,1,1
15381,1.0,1,1,1
15382,1.0,1,1,0
15383,1.0,2,1,0
15384,0.2,2,0,0
15385,2.2,2,1,1
15386,2.2,2,1,1
15387,1.0,2,1,1
15388,1.0,1,1,1
15389,1.0,1,1,1
15390,0.2,2,0,0
15391,0.2,2,0,0
15392,0.2,2,0,0
15393,2.2,0,1,1
15394,1.0,2,1,1
15395,1.0,0,1,1
15396,0.2,0,0,0
15397,0.2,1,0,0
15398,1.0,1,1,1
15399,0.2,2,0,0
15400,0.2,3,0,0
15401,0.2,3,0,0
15402,1.0,3,1,0
15403,2.2,2,1,1
15404,0.2,2,0,0
15405,1.0,3,1,0
15406,0.2,1,0,1
15407,1.0,2,1,0
15408,2.2,0,1,1
15409,1.0,1,0,1
15410,0.2,2,0,0
15411,0.2,2,0,0
15412,0.2,1,0,1
15413,1.0,1,1,0
15414,1.0,1,1,1
15415,1.0,1,1,1
15416,1.0,1,0,1
15417,1.0,0,1,0
15418,0.2,1,0,0
15419,1.0,1,1,1
15420,0.2,2,0,0
15421,1.0,1,1,1
15422,0.2,0,0,0
15423,0.2,1,0,0
15424,1.0,1,0,1
15425,1.0,2,0,0
15426,1.0,1,1,1
15427,0.2,2,0,0
15428,0.2,2,0,0
15429,0.2,2,0,0
15430,1.0,2,1,0
15431,0.2,1,0,0
15432,1.0,3,1,0
15433,0.2,1,0,1
15434,1.0,2,1,1
15435,0.2,2,0,0
15436,1.0,2,1,1
15437,1.0,0,1,0
15438,1.0,3,1,1
15439,1.0,2,1,1
15440,1.0,2,0,1
15441,0.2,2,0,0
15442,0.2,1,0,0
15443,2.2,0,1,1
15444,2.2,3,1,1
15445,1.0,3,1,1
15446,1.0,2,1,0
15447,0.2,2,0,0
15448,0.2,1,0,0
15449,1.0,3,1,0
15450,0.2,2,0,1
15451,0.2,3,0,0
15452,1.0,1,1,1
15453,2.2,1,1,1
15454,1.0,2,1,1
15455,1.0,0,1,1
15456,1.0,3,1,0
15457,0.2,2,0,0
15458,2.2,0,1,1
15459,1.0,2,1,0
15460,2.2,2,1,1
15461,2.2,3,1,1
15462,1.0,0,1,0
15463,1.0,0,1,1
15464,0.2,3,0,0
15465,1.0,2,0,0
15466,1.0,1,0,1
15467,0.2,2,0,0
15468,1.0,2,0,1
15469,1.0,2,1,1
15470,0.2,3,0,0
15471,0.2,3,0,0
15472,0.2,2,0,0
15473,1.0,0,1,1
15474,2.2,3,1,1
15475,2.2,1,1,1
15476,1.0,0,1,1
15477,0.2,1,0,0
15478,0.2,1,0,0
15479,0.2,3,0,1
15480,1.0,1,1,1
15481,2.2,2,0,1
15482,0.2,3,0,0
15483,0.2,3,0,0
15484,1.0,2,0,0
15485,1.0,0,0,1
15486,0.2,2,0,0
15487,1.0,2,1,0
15488,0.2,2,0,0
15489,1.0,2,1,1
15490,1.0,2,1,1
15491,1.0,2,1,1
15492,0.2,0,0,0
15493,0.2,1,0,1
15494,2.2,2,1,1
15495,1.0,1,1,1
15496,1.0,3,1,1
15497,2.2,2,1,1
15498,2.2,3,1,1
15499,0.2,2,0,0
15500,0.2,1,0,0
15501,1.0,2,1,0
15502,1.0,1,1,1
15503,0.2,2,0,0
15504,0.2,1,0,1
15505,0.2,2,0,0
15506,0.2,0,0,0
15507,0.2,2,0,0
15508,1.0,0,1,1
15509,0.2,2,0,0
15510,0.2,3,0,0
15511,2.2,1,1,1
15512,0.2,3,0,0
15513,1.0,1,1,1
15514,0.2,0,0,0
15515,0.2,0,0,1
15516,0.2,2,0,0
15517,1.0,1,0,1
15518,1.0,1,1,1
15519,1.0,1,1,0
15520,2.2,2,1,1
15521,0.2,1,0,0
15522,0.2,3,0,0
15523,1.0,2,1,1
15524,1.0,0,1,1
15525,1.0,0,1,0
15526,1.0,2,1,0
15527,1.0,1,0,0
15528,1.0,3,1,1
15529,1.0,1,1,1
15530,0.2,0,0,0
15531,0.2,2,0,1
15532,1.0,0,1,1
15533,0.2,1,0,0
15534,1.0,1,0,1
15535,0.2,1,0,0
15536,1.0,1,1,1
15537,0.2,2,0,0
15538,2.2,2,1,1
15539,1.0,2,1,1
15540,2.2,1,1,1
15541,0.2,3,0,0
15542,2.2,1,1,1
15543,1.0,1,1,1
15544,1.0,3,1,1
15545,0.2,2,0,0
15546,0.2,3,0,1
15547,1.0,1,1,1
15548,2.2,3,1,1
15549,1.0,1,1,1
15550,0.2,0,0,0
15551,0.2,1,0,0
15552,1.0,3,1,1
15553,1.0,2,0,1
15554,1.0,2,0,0
15555,1.0,1,1,1
15556,1.0,2,0,1
15557,0.2,3,0,0
15558,0.2,3,0,0
15559,1.0,1,1,1
15560,0.2,2,0,0
15561,0.2,0,0,1
15562,1.0,2,1,0
15563,1.0,1,1,1
15564,0.2,2,0,0
15565,0.2,0,0,0
15566,0.2,1,0,0
15567,0.2,3,0,0
15568,0.2,0,0,0
15569,1.0,2,1,0
15570,1.0,1,1,1
15571,0.2,3,0,0
15572,0.2,3,0,0
15573,1.0,1,1,1
15574,0.2,3,0,0
15575,1.0,1,1,1
15576,1.0,2,1,1
15577,2.2,3,1,1
15578,0.2,2,0,0
15579,2.2,2,1,1
15580,0.2,3,0,0
15581,1.0,2,1,1
15582,0.2,2,0,0
15583,1.0,0,1,0
15584,1.0,1,1,1
15585,0.2,3,0,1
15586,2.2,1,0,1
15587,1.0,2,0,1
15588,1.0,2,1,1
15589,1.0,2,1,0
15590,2.2,0,1,1
15591,0.2,0,0,0
15592,0.2,2,0,0
15593,1.0,2,1,1
15594,1.8,0,1,1
15595,0.2,1,0,0
15596,1.0,3,1,1
15597,0.2,2,0,0
15598,0.2,0,0,0
15599,0.2,1,0,0
15600,1.0,1,1,0
15601,1.0,0,1,0
15602,2.2,0,1,1
15603,1.0,1,1,0
15604,2.2,3,1,1
15605,1.0,2,1,1
15606,1.0,1,1,1
15607,1.0,1,1,1
15608,1.0,2,1,0
15609,2.2,1,1,1
15610,1.0,1,1,1
15611,1.0,2,1,0
15612,1.0,1,0,1
15613,0.2,2,0,0
15614,0.2,3,0,0
15615,1.0,1,0,0
15616,1.0,1,1,0
15617,1.0,3,1,1
15618,0.2,3,0,0
15619,0.2,2,0,0
15620,1.0,1,1,1
15621,0.2,1,0,0
15622,0.2,2,0,0
15623,1.0,1,1,1
15624,1.0,1,0,1
15625,1.0,2,1,1
15626,2.2,1,1,1
15627,0.2,1,0,0
15628,0.2,1,0,0
15629,0.2,2,0,0
15630,1.0,0,0,0
15631,1.0,1,1,1
15632,0.2,2,0,0
15633,1.0,2,1,0
15634,0.2,2,0,1
15635,0.2,3,0,0
15636,0.2,2,0,0
15637,0.2,1,0,0
15638,0.2,1,0,0
15639,1.0,2,1,1
15640,1.0,2,1,1
15641,0.2,2,0,0
15642,0.2,2,0,0
15643,1.0,1,1,1
15644,0.2,3,0,0
15645,2.2,1,1,1
15646,1.0,3,0,0
15647,0.2,2,0,0
15648,0.2,2,0,0
15649,2.2,3,1,1
15650,1.0,0,0,1
15651,0.2,0,0,0
15652,1.0,1,1,1
15653,0.2,3,0,0
15654,1.0,1,0,0
15655,0.2,1,0,1
15656,1.0,0,1,0
15657,0.2,1,0,0
15658,1.0,1,1,1
15659,1.0,3,1,1
15660,2.2,1,0,1
15661,1.0,1,1,1
15662,1.0,3,1,0
15663,1.0,3,0,0
15664,2.2,2,1,1
15665,0.2,1,0,0
15666,0.2,2,0,1
15667,0.2,1,0,0
15668,0.2,1,0,0
15669,1.0,2,1,1
15670,2.2,2,1,1
15671,1.0,1,0,0
15672,0.2,1,0,0
15673,1.0,2,1,1
15674,0.2,2,0,0
15675,0.2,2,0,0
15676,1.0,1,1,1
15677,0.2,1,0,0
15678,1.0,1,1,1
15679,0.2,0,0,0
15680,0.2,3,0,0
15681,0.2,2,0,0
15682,0.2,2,0,0
15683,0.2,2,0,0
15684,1.0,2,1,1
15685,1.0,3,1,0
15686,2.2,1,1,1
15687,1.0,3,1,1
15688,1.0,3,1,0
15689,1.0,1,1,1
15690,0.2,1,0,0
15691,2.2,2,1,1
15692,0.2,3,0,0
15693,0.2,1,0,1
15694,0.2,2,0,0
15695,1.0,0,1,0
15696,1.0,2,0,1
15697,1.0,1,1,1
15698,1.0,1,1,1
15699,1.0,1,1,1
15700,1.0,1,1,1
15701,1.0,1,1,0
15702,1.0,1,1,1
15703,1.0,2,1,0
15704,2.2,2,0,1
15705,1.0,2,1,1
15706,1.0,3,1,0
15707,1.0,2,1,1
15708,1.0,1,1,1
15709,1.0,1,1,1
15710,1.0,1,1,1
15711,0.2,1,0,0
15712,0.2,1,0,0
15713,0.2,1,0,1
15714,0.2,2,0,0
15715,0.2,2,0,0
15716,0.2,0,0,0
15717,0.2,2,0,0
15718,1.0,1,1,1
15719,0.2,2,0,0
15720,0.2,2,0,0
15721,2.2,3,0,1
15722,0.2,2,0,0
15723,1.0,2,1,1
15724,0.2,0,0,0
15725,0.2,1,0,0
15726,0.2,0,0,0
15727,1.0,0,1,1
15728,0.2,2,0,0
15729,1.0,2,1,1
15730,2.2,0,1,1
15731,1.0,2,0,1
15732,0.2,2,0,0
15733,1.0,2,1,0
15734,2.2,3,1,1
15735,0.2,0,0,0
15736,0.2,2,0,0
15737,0.2,0,0,0
15738,1.0,2,1,1
15739,1.0,1,1,0
15740,1.0,3,1,1
15741,1.0,2,1,1
15742,1.0,1,1,0
15743,0.2,2,0,1
15744,1.0,1,0,1
15745,1.0,2,1,0
15746,1.0,1,1,1
15747,1.0,1,1,1
15748,2.2,1,1,1
15749,1.0,2,1,1
15750,1.0,1,1,1
15751,0.2,2,0,0
15752,1.0,1,1,1
15753,1.0,3,0,0
15754,2.2,0,1,1
15755,1.0,1,1,1
15756,1.0,1,1,1
15757,1.0,2,1,1
15758,0.2,2,0,0
15759,0.2,2,0,0
15760,0.2,1,0,0
15761,0.2,1,0,0
15762,1.0,0,1,0
15763,2.2,2,0,1
15764,1.0,1,1,1
15765,1.0,2,1,1
15766,1.0,2,1,1
15767,1.0,1,1,1
15768,1.0,3,1,1
15769,1.0,1,1,1
15770,0.2,2,0,1
15771,0.2,2,0,0
15772,0.2,1,0,0
15773,1.0,2,1,1
15774,1.0,3,0,1
15775,0.2,3,0,0
15776,1.0,2,1,1
15777,0.2,2,0,0
15778,0.2,1,0,0
15779,0.2,1,0,0
15780,1.0,2,1,1
15781,0.2,2,0,0
15782,0.2,1,0,0
15783,1.0,1,1,1
15784,0.2,2,0,0
15785,1.0,0,1,0
15786,1.0,2,1,1
15787,1.0,2,1,1
15788,0.2,2,0,0
15789,1.0,0,0,1
15790,1.0,2,1,1
15791,0.2,3,0,0
15792,0.2,1,0,0
15793,1.0,2,1,1
15794,1.0,2,1,0
15795,1.0,1,1,1
15796,1.0,2,1,1
15797,1.0,1,1,1
15798,1.0,1,1,1
15799,0.2,2,0,0
15800,0.2,3,0,0
15801,1.0,1,1,1
15802,0.2,1,0,0
15803,0.2,0,0,0
15804,0.2,3,0,0
15805,0.2,2,0,0
15806,2.2,0,1,1
15807,1.0,2,0,1
15808,0.2,0,0,0
15809,1.0,1,0,0
15810,2.2,1,1,1
15811,0.2,1,0,0
15812,0.2,2,0,0
15813,1.0,2,1,1
15814,1.0,2,1,0
15815,1.0,1,1,0
15816,0.2,2,0,0
15817,0.2,2,0,0
15818,0.2,0,0,1
15819,1.0,0,1,1
15820,1.0,1,1,0
15821,1.0,0,1,1
15822,1.0,3,1,1
15823,0.2,2,0,0
15824,1.0,2,1,1
15825,0.2,1,0,0
15826,1.0,0,1,1
15827,0.2,1,0,0
15828,0.2,2,0,0
15829,2.2,0,1,1
15830,1.0,1,0,1
15831,1.0,2,0,0
15832,1.0,1,1,1
15833,1.0,2,1,1
15834,1.0,0,1,1
15835,2.2,3,1,1
15836,0.2,3,0,0
15837,1.0,2,1,1
15838,0.2,2,0,0
15839,3.4000000000000004,3,1,1
15840,1.0,1,1,0
15841,1.0,2,1,0
15842,1.0,2,1,0
15843,0.2,2,0,0
15844,0.2,2,0,0
15845,1.0,2,1,0
15846,2.2,2,1,1
15847,0.2,1,0,0
15848,1.0,1,1,1
15849,1.0,2,0,1
15850,0.2,2,0,1
15851,0.2,0,0,0
15852,1.0,3,0,1
15853,0.2,0,0,0
15854,2.2,1,1,1
15855,1.0,1,1,0
15856,0.2,1,0,0
15857,2.2,2,1,1
15858,0.2,3,0,0
15859,1.0,1,0,1
15860,0.2,1,0,1
15861,1.0,2,0,1
15862,2.2,2,1,1
15863,1.0,2,1,1
15864,1.0,3,1,0
15865,0.2,1,0,0
15866,0.2,1,0,0
15867,0.2,1,0,0
15868,1.0,1,1,1
15869,1.0,1,1,1
15870,0.2,1,0,0
15871,1.0,0,1,1
15872,1.0,1,1,0
15873,1.0,0,1,1
15874,0.2,2,0,0
15875,0.2,0,0,0
15876,0.2,1,0,0
15877,0.2,1,0,0
15878,0.2,1,0,0
15879,0.2,3,0,0
15880,1.0,1,0,1
15881,0.2,1,0,1
15882,0.2,1,0,0
15883,1.0,1,1,1
15884,1.0,3,1,0
15885,1.0,1,1,0
15886,0.2,1,0,0
15887,1.0,0,1,1
15888,0.2,1,0,0
15889,1.0,2,1,1
15890,0.2,1,0,0
15891,0.2,1,0,0
15892,0.2,3,0,0
15893,0.2,2,0,0
15894,1.0,2,1,1
15895,0.2,1,0,0
15896,1.0,3,1,0
15897,1.0,2,1,1
15898,0.2,1,0,1
15899,2.2,3,1,1
15900,2.2,1,1,1
15901,0.2,1,0,0
15902,1.0,0,0,1
15903,1.0,1,0,1
15904,1.0,0,1,1
15905,1.0,1,1,1
15906,1.0,1,1,0
15907,0.2,3,0,0
15908,0.2,2,0,0
15909,0.2,3,0,0
15910,2.2,3,1,1
15911,1.0,1,0,1
15912,2.2,3,1,1
15913,1.0,2,0,1
15914,1.0,2,1,1
15915,0.2,1,0,0
15916,2.2,0,1,1
15917,1.0,3,0,1
15918,0.2,1,0,0
15919,0.2,3,0,0
15920,0.2,2,0,0
15921,2.2,1,1,1
15922,1.0,2,1,1
15923,1.0,0,1,1
15924,0.2,2,0,1
15925,1.0,1,1,1
15926,0.2,1,0,0
15927,1.0,3,1,0
15928,0.2,3,0,0
15929,0.2,2,0,0
15930,0.2,1,0,0
15931,1.0,3,1,0
15932,0.2,1,0,0
15933,1.0,1,1,1
15934,1.0,1,1,1
15935,1.0,2,1,0
15936,1.0,3,1,1
15937,0.2,0,0,0
15938,1.0,1,1,1
15939,0.2,2,0,1
15940,1.0,1,1,1
15941,2.2,1,0,1
15942,1.0,0,1,0
15943,1.0,0,1,0
15944,1.0,2,0,0
15945,0.2,2,0,0
15946,0.2,3,0,0
15947,1.0,1,1,1
15948,1.0,2,1,1
15949,1.0,2,1,1
15950,0.2,3,0,0
15951,0.2,1,0,0
15952,0.2,2,0,0
15953,2.2,1,1,1
15954,2.2,2,0,1
15955,1.0,2,1,0
15956,1.0,1,1,1
15957,0.2,3,0,0
15958,0.2,0,0,0
15959,0.2,2,0,0
15960,0.2,0,0,0
15961,1.0,1,0,1
15962,1.0,2,1,1
15963,0.2,1,0,0
15964,1.0,3,1,1
15965,0.2,2,0,0
15966,0.2,3,0,0
15967,2.2,1,1,1
15968,1.0,2,1,1
15969,2.2,0,1,1
15970,0.2,2,0,0
15971,1.0,2,1,1
15972,1.0,0,1,0
15973,0.2,1,0,0
15974,1.0,1,1,1
15975,1.0,2,0,1
15976,0.2,2,0,0
15977,0.2,2,0,0
15978,2.2,1,1,1
15979,1.0,2,0,0
15980,1.0,2,1,1
15981,0.2,3,0,0
15982,0.2,2,0,0
15983,1.0,2,1,1
15984,1.0,0,1,1
15985,1.0,1,1,1
15986,1.0,1,1,1
15987,1.0,2,1,0
15988,1.0,1,1,1
15989,1.0,3,0,1
15990,0.2,0,0,1
15991,1.0,2,0,1
15992,1.0,2,1,1
15993,1.0,2,1,1
15994,1.0,2,1,1
15995,1.0,2,1,1
15996,2.2,1,0,1
15997,1.0,2,1,1
15998,1.0,2,1,1
15999,0.2,2,0,0
16000,1.0,2,0,1
16001,1.0,3,0,1
16002,0.2,1,0,0
16003,0.2,2,0,1
16004,2.2,2,1,1
16005,1.0,2,1,1
16006,1.0,1,1,1
16007,2.2,1,1,1
16008,1.0,1,1,1
16009,0.2,3,0,0
16010,0.2,1,0,0
16011,1.0,1,1,1
16012,1.0,2,0,0
16013,1.0,1,1,1
16014,0.2,0,0,0
16015,1.0,1,1,0
16016,2.2,1,1,1
16017,1.0,2,1,1
16018,1.0,0,1,1
16019,0.2,3,0,0
16020,2.2,2,1,1
16021,0.2,1,0,0
16022,2.2,0,1,1
16023,0.2,2,0,0
16024,0.2,3,0,0
16025,0.2,3,0,0
16026,0.2,2,0,0
16027,1.0,1,1,1
16028,0.2,1,0,0
16029,1.0,2,1,0
16030,1.0,1,1,1
16031,0.2,1,0,0
16032,0.2,3,0,0
16033,0.2,0,0,0
16034,0.2,1,0,0
16035,0.2,2,0,0
16036,2.2,2,0,1
16037,0.2,2,0,0
16038,1.0,1,1,1
16039,1.0,2,1,0
16040,1.0,3,0,1
16041,1.0,3,1,1
16042,1.0,1,1,0
16043,0.2,1,0,0
16044,1.0,2,1,1
16045,1.0,1,1,0
16046,1.0,1,1,0
16047,0.2,2,0,1
16048,0.2,1,0,0
16049,1.0,2,1,1
16050,1.0,0,1,1
16051,0.2,1,0,1
16052,1.0,2,0,0
16053,1.0,3,1,1
16054,0.2,2,0,0
16055,1.0,2,1,0
16056,0.2,1,0,1
16057,1.0,2,1,0
16058,2.2,1,1,1
16059,2.2,2,1,1
16060,0.2,2,0,0
16061,0.2,2,0,0
16062,0.2,3,0,0
16063,1.0,2,1,1
16064,0.2,1,0,0
16065,1.0,0,1,1
16066,1.0,0,1,1
16067,0.2,3,0,0
16068,0.2,2,0,0
16069,1.0,3,1,1
16070,0.2,1,0,0
16071,0.2,2,0,0
16072,0.2,1,0,0
16073,1.0,1,0,0
16074,1.0,2,0,0
16075,1.0,2,1,1
16076,1.0,1,1,1
16077,0.2,1,0,0
16078,1.0,1,1,1
16079,1.0,0,0,0
16080,1.0,2,1,1
16081,0.2,3,0,0
16082,0.2,3,0,0
16083,0.2,2,0,0
16084,0.2,3,0,0
16085,0.2,0,0,1
16086,1.0,1,1,1
16087,1.0,3,1,1
16088,0.2,2,0,0
16089,1.0,1,1,0
16090,1.0,1,1,1
16091,1.0,1,1,1
16092,1.0,0,1,1
16093,1.0,2,1,1
16094,0.2,1,0,0
16095,2.2,2,1,1
16096,1.0,1,1,1
16097,1.0,2,1,1
16098,2.2,1,1,1
16099,0.2,2,0,0
16100,0.2,1,0,0
16101,1.0,3,1,1
16102,0.2,3,0,1
16103,1.0,0,1,1
16104,1.0,1,1,1
16105,2.2,1,1,1
16106,1.0,0,1,1
16107,0.2,2,0,0
16108,0.2,1,0,0
16109,2.2,1,1,1
16110,0.2,1,0,1
16111,1.0,2,1,1
16112,1.0,1,0,0
16113,1.0,2,1,1
16114,1.0,1,1,1
16115,1.0,1,1,1
16116,1.0,3,1,1
16117,2.2,1,1,1
16118,2.2,1,1,1
16119,1.0,2,1,1
16120,0.2,1,0,0
16121,1.0,1,0,1
16122,1.0,2,1,1
16123,1.0,3,1,0
16124,1.0,1,1,0
16125,0.2,3,0,0
16126,0.2,0,0,0
16127,1.0,2,1,1
16128,2.2,1,1,1
16129,0.2,1,0,0
16130,1.0,2,1,0
16131,2.2,1,1,1
16132,1.0,1,1,1
16133,2.2,2,1,1
16134,0.2,1,0,0
16135,1.0,3,1,0
16136,0.2,2,0,0
16137,0.2,1,0,0
16138,0.2,1,0,0
16139,0.2,1,0,0
16140,1.0,2,1,1
16141,1.0,2,1,1
16142,1.0,2,1,0
16143,2.2,1,1,1
16144,0.2,1,0,0
16145,1.0,3,0,1
16146,1.0,2,1,1
16147,0.2,1,0,0
16148,1.0,3,1,1
16149,1.0,2,1,1
16150,1.0,1,1,1
16151,0.2,0,0,0
16152,0.2,1,0,0
16153,1.0,1,1,1
16154,1.0,1,1,1
16155,2.2,1,1,1
16156,1.0,1,1,1
16157,1.0,3,0,1
16158,2.5999999999999996,3,1,0
16159,2.5999999999999996,1,1,1
16160,0.2,1,0,0
16161,1.0,2,1,0
16162,1.0,1,1,1
16163,0.2,2,0,0
16164,1.0,1,0,1
16165,1.0,2,1,1
16166,1.0,1,1,1
16167,0.2,1,0,0
16168,0.2,2,0,0
16169,0.2,2,0,0
16170,0.2,1,0,0
16171,1.0,2,1,0
16172,1.0,1,1,1
16173,0.2,3,0,0
16174,1.0,1,1,0
16175,0.2,1,0,1
16176,1.0,1,0,1
16177,0.2,2,0,0
16178,1.0,1,0,1
16179,0.2,2,0,0
16180,1.0,1,1,0
16181,1.0,2,1,1
16182,0.2,3,0,0
16183,1.0,3,1,0
16184,1.0,1,1,1
16185,2.2,1,1,1
16186,1.0,3,1,0
16187,0.2,1,0,0
16188,1.0,3,1,0
16189,0.2,3,0,0
16190,0.2,1,0,0
16191,0.2,2,0,1
16192,0.2,3,0,0
16193,1.0,0,1,1
16194,1.0,1,0,1
16195,1.0,1,1,1
16196,0.2,2,0,0
16197,1.0,0,1,1
16198,1.0,1,1,1
16199,0.2,2,0,0
16200,0.2,1,0,1
16201,0.2,2,0,0
16202,0.2,3,0,0
16203,0.2,0,0,1
16204,2.2,1,1,1
16205,1.0,1,0,1
16206,1.0,2,0,0
16207,0.2,1,0,1
16208,1.0,2,1,1
16209,0.2,1,0,1
16210,0.2,2,0,0
16211,0.2,2,0,0
16212,0.2,3,0,0
16213,1.0,2,1,1
16214,2.2,2,1,1
16215,1.0,2,1,0
16216,1.0,1,1,1
16217,1.0,1,0,1
16218,1.0,2,1,0
16219,0.2,1,0,0
16220,1.0,2,0,0
16221,0.2,3,0,0
16222,1.0,2,1,1
16223,1.0,1,1,0
16224,1.0,1,0,1
16225,0.2,2,0,0
16226,1.0,1,1,1
16227,1.0,2,1,0
16228,2.2,1,1,1
16229,1.0,2,0,1
16230,2.2,1,1,1
16231,1.0,2,1,1
16232,1.0,0,1,1
16233,0.2,2,0,0
16234,2.2,3,1,1
16235,1.0,1,1,0
16236,1.0,1,1,1
16237,0.2,2,0,0
16238,0.2,2,0,0
16239,0.2,1,0,0
16240,1.0,3,0,0
16241,1.0,1,0,1
16242,1.0,1,1,1
16243,0.2,3,0,0
16244,1.0,2,1,1
16245,0.2,0,0,0
16246,1.0,2,1,1
16247,0.2,2,0,0
16248,1.0,2,1,1
16249,1.0,2,1,0
16250,0.2,1,0,0
16251,0.2,1,0,0
16252,0.2,1,0,0
16253,1.0,2,1,0
16254,0.2,0,0,0
16255,2.2,2,0,1
16256,1.0,1,1,1
16257,1.0,1,1,0
16258,0.2,2,0,0
16259,0.2,1,0,0
16260,0.2,3,0,0
16261,0.2,2,0,0
16262,0.2,3,0,0
16263,2.2,1,1,1
16264,2.2,1,1,1
16265,1.0,3,1,1
16266,0.2,1,0,0
16267,2.2,0,1,1
16268,1.0,1,1,1
16269,1.0,1,1,1
16270,1.0,2,0,1
16271,0.2,1,0,0
16272,1.0,2,1,0
16273,1.0,2,1,1
16274,1.0,2,1,1
16275,1.0,3,1,0
16276,0.2,0,0,0
16277,1.0,2,0,1
16278,2.2,2,1,1
16279,0.2,3,0,0
16280,0.2,2,0,0
16281,1.0,1,1,1
16282,1.0,2,0,1
16283,1.0,3,1,0
16284,2.2,1,1,1
16285,0.2,2,0,0
16286,1.0,1,1,0
16287,1.0,2,1,0
16288,2.2,1,1,1
16289,0.2,1,0,0
16290,0.2,1,0,1
16291,1.0,1,1,1
16292,0.2,3,0,0
16293,1.0,1,0,1
16294,1.0,2,1,1
16295,1.0,0,1,1
16296,2.2,2,1,1
16297,0.2,2,0,0
16298,0.2,2,0,0
16299,1.0,0,1,1
16300,2.2,2,0,1
16301,1.0,1,1,1
16302,1.0,2,0,0
16303,0.2,2,0,0
16304,0.2,3,0,0
16305,0.2,2,0,0
16306,1.0,2,1,1
16307,1.0,3,0,1
16308,1.0,0,0,1
16309,1.0,3,1,0
16310,1.0,2,0,1
16311,0.2,1,0,0
16312,0.2,2,0,0
16313,0.2,2,0,0
16314,1.0,1,1,1
16315,0.2,1,0,0
16316,1.0,2,1,1
16317,1.0,1,1,1
16318,0.2,3,0,1
16319,1.0,2,1,1
16320,1.0,3,1,0
16321,0.2,1,0,0
16322,0.2,1,0,0
16323,2.2,0,1,1
16324,0.2,0,0,1
16325,1.0,2,1,0
16326,2.2,2,1,1
16327,1.0,2,1,0
16328,0.2,2,0,0
16329,1.0,1,1,0
16330,1.0,2,0,1
16331,1.0,1,1,1
16332,1.0,1,1,0
16333,0.2,1,0,0
16334,2.5999999999999996,3,1,0
16335,1.0,2,0,1
16336,2.2,3,1,1
16337,0.2,2,0,0
16338,1.0,1,1,0
16339,2.2,2,1,1
16340,2.2,2,1,1
16341,0.2,1,0,0
16342,1.0,2,1,1
16343,0.2,1,0,0
16344,0.2,2,0,0
16345,1.0,1,1,1
16346,1.0,1,1,0
16347,2.2,0,0,1
16348,0.2,0,0,0
16349,0.2,2,0,0
16350,1.0,0,1,1
16351,0.2,2,0,1
16352,0.2,3,0,0
16353,1.0,2,1,0
16354,1.0,1,1,1
16355,1.0,1,0,1
16356,0.2,1,0,0
16357,1.0,1,1,1
16358,2.2,1,1,1
16359,0.2,2,0,1
16360,1.0,2,0,1
16361,0.2,3,0,0
16362,0.2,2,0,0
16363,0.2,0,0,0
16364,0.2,2,0,1
16365,0.2,3,0,0
16366,2.2,1,0,1
16367,0.2,3,0,0
16368,1.0,2,1,1
16369,0.2,1,0,0
16370,1.0,1,0,1
16371,1.0,1,0,1
16372,0.2,1,0,0
16373,0.2,1,0,1
16374,1.0,0,1,1
16375,0.2,3,0,0
16376,1.0,1,0,1
16377,1.0,2,1,1
16378,2.2,2,1,1
16379,1.0,2,1,1
16380,2.2,3,1,1
16381,1.0,2,0,0
16382,0.2,0,0,0
16383,1.0,3,1,1
16384,1.0,1,1,1
16385,0.2,0,0,0
16386,0.2,1,0,0
16387,1.0,1,1,1
16388,0.2,2,0,0
16389,0.2,1,0,0
16390,0.2,2,0,0
16391,1.0,3,0,1
16392,0.2,2,0,0
16393,1.0,0,1,1
16394,0.2,3,0,0
16395,1.0,2,0,1
16396,1.0,0,1,0
16397,0.2,1,0,0
16398,1.0,2,1,1
16399,1.0,1,1,0
16400,1.0,1,0,1
16401,3.0,2,1,0
16402,1.0,1,1,1
16403,1.0,1,1,1
16404,1.0,1,1,1
16405,0.2,0,0,0
16406,0.2,0,0,0
16407,0.2,2,0,0
16408,0.2,2,0,0
16409,0.2,2,0,0
16410,1.0,2,0,1
16411,1.0,2,1,0
16412,1.0,1,1,0
16413,0.2,1,0,0
16414,2.2,2,1,1
16415,2.2,1,1,1
16416,0.2,1,0,0
16417,0.2,1,0,0
16418,1.0,2,1,0
16419,2.2,2,1,1
16420,0.2,3,0,0
16421,1.0,0,1,0
16422,2.2,1,0,1
16423,1.0,1,1,0
16424,0.2,0,0,0
16425,1.0,0,1,0
16426,1.0,1,1,1
16427,1.0,2,1,0
16428,1.0,1,1,1
16429,2.2,3,1,1
16430,0.2,2,0,0
16431,1.0,2,1,1
16432,1.0,1,1,1
16433,1.0,0,1,1
16434,2.2,1,1,1
16435,0.2,2,0,1
16436,0.2,1,0,0
16437,0.2,2,0,0
16438,0.2,2,0,0
16439,2.2,0,1,1
16440,1.0,1,1,1
16441,0.2,1,0,0
16442,2.2,1,1,1
16443,1.0,1,1,0
16444,1.0,1,1,1
16445,1.0,0,1,1
16446,2.2,2,1,1
16447,2.2,2,1,1
16448,1.0,1,1,1
16449,0.2,1,0,0
16450,1.0,2,1,1
16451,1.0,0,1,1
16452,1.0,1,1,1
16453,0.2,3,0,0
16454,0.2,0,0,0
16455,1.0,1,1,1
16456,1.0,2,1,1
16457,0.2,0,0,0
16458,0.2,1,0,0
16459,0.2,1,0,0
16460,1.0,2,1,1
16461,1.0,2,1,0
16462,0.2,2,0,0
16463,2.2,1,1,1
16464,0.2,1,0,0
16465,1.0,2,1,1
16466,0.2,3,0,0
16467,0.2,0,0,0
16468,1.0,1,1,0
16469,0.2,1,0,0
16470,1.0,1,1,1
16471,1.0,1,1,0
16472,1.0,3,0,1
16473,1.0,2,1,1
16474,0.2,3,0,0
16475,2.2,2,1,1
16476,1.0,2,1,0
16477,1.0,1,1,0
16478,2.2,2,1,1
16479,1.0,2,1,1
16480,1.0,2,0,1
16481,1.0,2,1,0
16482,1.0,1,1,1
16483,1.0,2,1,1
16484,0.2,1,0,0
16485,1.0,0,0,1
16486,0.2,1,0,0
16487,0.2,3,0,0
16488,1.0,2,1,1
16489,1.0,3,1,0
16490,2.2,1,1,1
16491,0.2,1,0,0
16492,2.2,1,1,1
16493,2.2,1,1,1
16494,0.2,1,0,1
16495,1.0,2,1,1
16496,0.2,2,0,0
16497,1.0,2,1,1
16498,0.2,1,0,1
16499,1.0,2,1,1
16500,2.2,2,1,1
16501,1.0,2,1,1
16502,1.0,2,0,1
16503,1.0,2,1,1
16504,0.2,2,0,0
16505,0.2,2,0,0
16506,1.0,0,0,1
16507,1.0,1,1,1
16508,0.2,1,0,0
16509,1.0,2,1,1
16510,1.0,1,1,1
16511,0.2,2,0,0
16512,0.2,2,0,0
16513,1.0,2,1,1
16514,0.2,2,0,0
16515,1.0,1,0,1
16516,0.2,1,0,1
16517,0.2,3,0,1
16518,1.0,2,1,1
16519,1.0,2,1,1
16520,0.2,1,0,0
16521,1.0,1,1,1
16522,0.2,1,0,0
16523,1.0,3,1,1
16524,1.0,0,1,0
16525,0.2,2,0,0
16526,0.2,2,0,0
16527,1.0,1,1,0
16528,2.2,1,1,1
16529,1.0,2,1,1
16530,1.0,1,1,0
16531,0.2,3,0,0
16532,1.0,2,1,0
16533,0.2,1,0,0
16534,0.2,2,0,0
16535,1.0,1,1,1
16536,0.2,0,0,0
16537,0.2,2,0,0
16538,1.0,0,1,0
16539,1.0,0,0,1
16540,0.2,2,0,0
16541,1.0,3,1,1
16542,1.0,3,0,0
16543,1.0,2,0,1
16544,0.2,1,0,0
16545,1.0,1,1,1
16546,2.2,1,1,1
16547,1.0,1,1,1
16548,1.0,0,1,1
16549,1.0,0,1,1
16550,1.0,1,1,1
16551,1.0,1,1,1
16552,1.0,1,1,1
16553,2.2,2,1,1
16554,0.2,2,0,0
16555,0.2,1,0,0
16556,0.2,1,0,0
16557,1.0,2,1,1
16558,1.0,1,1,1
16559,0.2,3,0,0
16560,0.2,0,0,0
16561,1.0,0,1,1
16562,1.0,2,0,0
16563,2.2,1,1,1
16564,1.0,3,1,0
16565,1.0,0,1,1
16566,1.0,0,0,1
16567,2.2,2,1,1
16568,1.0,2,1,0
16569,0.2,1,0,0
16570,0.2,0,0,0
16571,0.2,1,0,1
16572,0.2,1,0,0
16573,0.2,2,0,0
16574,2.2,3,1,1
16575,2.2,2,1,1
16576,0.2,3,0,0
16577,0.2,1,0,0
16578,0.2,2,0,0
16579,0.2,1,0,0
16580,1.0,3,1,0
16581,0.2,2,0,1
16582,1.0,2,1,1
16583,0.2,1,0,0
16584,0.2,2,0,0
16585,0.2,0,0,0
16586,1.0,1,1,0
16587,1.0,1,1,1
16588,0.2,3,0,0
16589,0.2,1,0,0
16590,2.2,0,1,1
16591,0.2,1,0,0
16592,1.0,1,1,1
16593,0.2,2,0,0
16594,1.0,1,1,1
16595,0.2,1,0,0
16596,0.2,3,0,0
16597,0.2,2,0,1
16598,0.2,2,0,0
16599,0.2,2,0,1
16600,2.2,0,1,1
16601,0.2,2,0,0
16602,0.2,2,0,0
16603,1.0,3,1,1
16604,1.0,1,1,1
16605,1.0,1,1,1
16606,1.0,2,1,1
16607,1.0,1,1,1
16608,0.2,2,0,0
16609,1.0,0,0,1
16610,0.2,1,0,0
16611,0.2,0,0,0
16612,1.0,0,1,0
16613,0.2,0,0,0
16614,1.0,0,1,1
16615,1.0,1,1,1
16616,0.2,3,0,0
16617,1.0,0,1,0
16618,1.0,2,1,1
16619,2.2,2,1,1
16620,0.2,2,0,0
16621,2.2,1,0,1
16622,1.0,1,1,1
16623,1.0,1,1,0
16624,0.2,0,0,0
16625,0.2,1,0,1
16626,0.2,0,0,0
16627,0.2,1,0,0
16628,0.2,2,0,0
16629,1.0,3,1,1
16630,0.2,2,0,0
16631,1.0,2,1,0
16632,0.2,1,0,0
16633,1.0,1,1,1
16634,1.0,2,1,1
16635,1.0,1,1,0
16636,0.2,2,0,1
16637,0.2,0,0,0
16638,0.2,1,0,0
16639,0.2,2,0,1
16640,1.0,1,1,0
16641,1.0,2,1,0
16642,1.0,3,1,0
16643,1.0,2,1,1
16644,1.0,1,0,1
16645,2.2,1,1,1
16646,1.0,3,0,1
16647,1.0,0,0,0
16648,1.0,2,1,1
16649,0.2,2,0,0
16650,1.0,0,1,0
16651,1.0,1,1,1
16652,0.2,2,0,0
16653,0.2,2,0,0
16654,0.2,3,0,0
16655,0.2,3,0,0
16656,1.0,1,0,1
16657,1.0,1,1,0
16658,0.2,1,0,0
16659,0.2,1,0,1
16660,0.2,1,0,0
16661,1.0,1,1,1
16662,1.0,3,0,1
16663,0.2,1,0,0
16664,1.0,1,1,1
16665,2.2,1,1,1
16666,0.2,3,0,0
16667,1.0,1,1,1
16668,0.2,3,0,0
16669,1.0,1,1,1
16670,0.2,1,0,0
16671,0.2,1,0,0
16672,0.2,2,0,0
16673,0.2,2,0,0
16674,1.0,2,1,1
16675,0.2,1,0,0
16676,2.2,1,1,1
16677,0.2,2,0,0
16678,0.2,1,0,1
16679,1.0,1,1,1
16680,2.2,0,1,1
16681,1.0,2,1,1
16682,0.2,2,0,0
16683,1.0,2,1,0
16684,1.0,2,1,0
16685,0.2,2,0,0
16686,1.0,1,0,1
16687,0.2,1,0,0
16688,1.0,2,0,0
16689,0.2,1,0,0
16690,2.2,1,1,1
16691,0.2,2,0,0
16692,0.2,1,0,0
16693,1.0,2,0,0
16694,0.2,1,0,0
16695,2.2,1,1,1
16696,0.2,1,0,0
16697,1.0,2,0,1
16698,0.2,3,0,0
16699,1.0,2,1,1
16700,1.0,0,1,1
16701,0.2,1,0,0
16702,0.2,0,0,0
16703,2.2,2,1,1
16704,1.0,1,1,1
16705,1.0,1,0,0
16706,1.0,3,1,1
16707,0.2,1,0,0
16708,1.0,1,1,1
16709,0.2,3,0,0
16710,1.0,2,0,0
16711,1.0,1,1,1
16712,0.2,2,0,0
16713,2.2,1,1,1
16714,0.2,1,0,0
16715,1.0,1,1,0
16716,1.0,2,1,0
16717,1.0,3,1,1
16718,0.2,2,0,0
16719,0.2,2,0,0
16720,0.2,1,0,1
16721,0.2,1,0,0
16722,2.2,1,1,1
16723,1.0,3,0,1
16724,1.0,3,1,1
16725,1.0,2,1,1
16726,1.0,2,1,1
16727,0.2,3,0,0
16728,1.0,1,1,1
16729,2.2,1,1,1
16730,1.0,2,1,1
16731,1.0,0,1,1
16732,0.2,2,0,0
16733,1.0,3,1,1
16734,0.2,3,0,1
16735,1.0,2,1,1
16736,1.0,2,1,1
16737,1.0,2,1,0
16738,1.0,1,1,1
16739,1.0,3,1,0
16740,2.2,0,1,1
16741,1.0,2,1,0
16742,1.0,2,1,1
16743,0.2,2,0,0
16744,2.2,3,1,1
16745,1.0,1,1,1
16746,1.0,3,1,0
16747,1.0,3,1,1
16748,1.0,2,1,1
16749,2.2,1,1,1
16750,1.0,0,1,1
16751,1.0,1,0,1
16752,1.0,1,1,1
16753,1.0,1,1,1
16754,0.2,1,0,0
16755,1.0,2,0,1
16756,0.2,3,0,0
16757,0.2,3,0,0
16758,1.0,1,1,0
16759,0.2,2,0,0
16760,1.0,3,1,0
16761,2.2,1,0,1
16762,0.2,2,0,0
16763,1.0,1,1,0
16764,0.2,1,0,0
16765,1.0,3,1,1
16766,1.0,1,1,1
16767,0.2,3,0,0
16768,1.0,0,1,0
16769,2.2,1,1,1
16770,2.2,1,0,1
16771,2.2,1,1,1
16772,1.0,2,0,0
16773,1.0,2,1,0
16774,0.2,1,0,0
16775,2.2,0,1,1
16776,0.2,2,0,0
16777,1.0,0,1,1
16778,1.0,0,0,1
16779,0.2,1,0,0
16780,0.2,2,0,0
16781,1.0,2,1,0
16782,1.0,1,0,0
16783,1.0,1,0,1
16784,1.0,3,1,1
16785,0.2,3,0,0
16786,1.0,3,0,1
16787,1.0,2,0,1
16788,1.0,2,0,1
16789,0.2,2,0,0
16790,1.0,1,1,0
16791,1.0,1,1,1
16792,1.0,1,1,1
16793,0.2,0,0,1
16794,1.0,1,1,1
16795,0.2,3,0,0
16796,1.0,1,1,1
16797,0.2,1,0,0
16798,0.2,1,0,0
16799,2.2,1,1,1
16800,0.2,0,0,0
16801,1.0,2,0,1
16802,0.2,1,0,1
16803,1.0,1,1,0
16804,2.2,1,1,1
16805,0.2,0,0,0
16806,0.2,2,0,0
16807,1.0,1,1,1
16808,0.2,1,0,0
16809,0.2,2,0,1
16810,1.0,2,1,1
16811,1.0,1,1,1
16812,0.2,0,0,0
16813,2.2,0,1,1
16814,0.2,1,0,0
16815,1.0,0,1,1
16816,1.0,3,1,0
16817,1.0,2,1,0
16818,1.0,3,0,1
16819,0.2,3,0,0
16820,0.2,0,0,0
16821,0.2,2,0,1
16822,1.0,1,1,0
16823,1.0,0,1,1
16824,1.0,0,1,0
16825,1.0,0,1,0
16826,1.0,1,1,1
16827,2.2,2,1,1
16828,0.2,2,0,0
16829,0.2,0,0,0
16830,0.2,1,0,0
16831,1.0,0,1,1
16832,0.2,2,0,0
16833,1.0,1,1,1
16834,1.0,2,1,0
16835,0.2,3,0,1
16836,0.2,3,0,0
16837,1.0,1,1,0
16838,1.0,2,1,1
16839,1.0,2,1,1
16840,1.0,1,1,1
16841,1.0,2,0,1
16842,0.2,2,0,0
16843,1.0,1,0,1
16844,2.2,0,1,1
16845,1.0,0,0,1
16846,0.2,1,0,0
16847,1.0,3,1,0
16848,1.0,1,1,1
16849,1.0,2,1,1
16850,1.0,2,0,0
16851,1.0,1,0,1
16852,1.0,1,1,0
16853,0.2,2,0,0
16854,0.2,1,0,0
16855,1.0,1,1,1
16856,0.2,1,0,0
16857,0.2,3,0,0
16858,2.2,0,1,1
16859,1.0,0,0,1
16860,0.2,3,0,0
16861,1.0,2,1,1
16862,0.2,0,0,0
16863,0.2,2,0,0
16864,0.2,1,0,0
16865,0.2,3,0,1
16866,0.2,1,0,0
16867,2.2,1,1,1
16868,1.0,1,1,0
16869,0.2,3,0,0
16870,0.2,2,0,0
16871,0.2,3,0,0
16872,1.0,2,1,1
16873,2.2,2,1,1
16874,1.0,1,1,0
16875,1.0,2,1,0
16876,2.2,1,1,1
16877,1.0,1,1,1
16878,2.2,0,1,1
16879,0.2,3,0,0
16880,1.0,2,1,1
16881,1.0,1,1,1
16882,0.2,1,0,0
16883,1.0,1,0,1
16884,1.0,3,1,1
16885,1.0,1,1,1
16886,1.0,3,1,0
16887,1.0,2,1,1
16888,0.2,2,0,0
16889,1.0,1,1,0
16890,0.2,1,0,0
16891,2.2,1,1,1
16892,0.2,1,0,0
16893,0.2,3,0,0
16894,2.2,3,1,1
16895,2.2,2,1,1
16896,1.0,1,1,1
16897,0.2,1,0,0
16898,0.2,0,0,0
16899,1.0,2,1,1
16900,1.0,0,1,0
16901,1.0,2,1,1
16902,1.0,0,1,1
16903,0.2,2,0,0
16904,1.0,2,1,0
16905,1.0,2,0,1
16906,1.0,0,0,0
16907,1.0,1,0,1
16908,1.0,1,1,1
16909,1.0,1,0,1
16910,1.0,2,1,1
16911,0.2,1,0,0
16912,1.0,0,0,1
16913,1.0,2,1,1
16914,1.0,1,1,1
16915,1.0,2,1,1
16916,1.0,2,1,1
16917,0.2,2,0,0
16918,2.2,2,0,1
16919,0.2,3,0,0
16920,1.0,3,1,1
16921,1.0,2,1,1
16922,0.2,2,0,0
16923,1.0,1,1,1
16924,1.0,1,1,1
16925,1.0,2,1,1
16926,2.2,1,1,1
16927,0.2,2,0,0
16928,1.0,0,0,1
16929,0.2,2,0,0
16930,0.2,1,0,0
16931,1.0,2,1,0
16932,1.0,1,1,1
16933,2.2,2,1,1
16934,1.0,1,1,0
16935,0.2,1,0,0
16936,1.0,1,1,1
16937,2.2,1,1,1
16938,1.0,1,1,1
16939,1.0,2,1,0
16940,0.2,1,0,0
16941,0.2,3,0,0
16942,1.0,0,0,1
16943,0.2,3,0,0
16944,1.0,0,1,1
16945,1.0,1,1,1
16946,1.0,1,1,1
16947,1.0,1,1,0
16948,1.0,1,1,0
16949,1.0,2,1,1
16950,0.2,2,0,0
16951,1.0,2,1,1
16952,0.2,3,0,0
16953,0.2,1,0,0
16954,1.0,3,1,0
16955,0.2,2,0,0
16956,1.0,2,1,1
16957,1.0,1,1,1
16958,1.0,2,1,1
16959,0.2,3,0,0
16960,1.0,2,0,1
16961,0.2,1,0,1
16962,0.2,2,0,0
16963,1.0,2,1,1
16964,1.0,1,1,1
16965,0.2,0,0,0
16966,1.0,2,0,0
16967,1.0,2,0,0
16968,1.0,0,1,1
16969,1.0,2,1,1
16970,0.2,1,0,1
16971,1.0,1,1,1
16972,1.0,2,1,1
16973,1.0,3,1,0
16974,0.2,2,0,0
16975,2.2,2,1,1
16976,2.2,1,1,1
16977,1.0,1,1,1
16978,0.2,2,0,0
16979,1.0,2,1,1
16980,1.0,2,1,1
16981,0.2,2,0,0
16982,0.2,1,0,0
16983,0.2,3,0,0
16984,0.2,1,0,0
16985,0.2,0,0,0
16986,0.2,1,0,0
16987,1.0,1,1,1
16988,1.0,2,0,1
16989,1.0,1,1,1
16990,1.0,0,1,0
16991,2.2,2,0,1
16992,1.0,2,1,1
16993,1.0,2,0,1
16994,0.2,1,0,0
16995,0.2,2,0,0
16996,0.2,0,0,1
16997,2.2,3,1,1
16998,2.2,3,0,1
16999,1.0,3,1,0
17000,0.2,1,0,0
17001,1.0,3,1,0
17002,1.0,1,1,0
17003,1.0,2,1,1
17004,1.0,1,1,0
17005,0.2,2,0,0
17006,3.4000000000000004,3,1,1
17007,0.2,3,0,0
17008,1.0,3,1,1
17009,0.2,2,0,0
17010,1.0,3,1,1
17011,1.0,2,1,0
17012,0.2,1,0,0
17013,1.0,3,1,1
17014,0.2,3,0,0
17015,0.2,2,0,1
17016,1.0,0,1,1
17017,1.0,2,0,1
17018,2.2,2,0,1
17019,0.2,3,0,0
17020,1.0,1,0,1
17021,2.2,2,1,1
17022,1.0,0,1,1
17023,2.2,1,1,1
17024,1.0,0,1,0
17025,1.0,2,0,1
17026,2.2,2,1,1
17027,0.2,2,0,0
17028,0.2,2,0,0
17029,0.2,0,0,0
17030,1.0,1,1,0
17031,1.0,2,1,1
17032,0.2,2,0,0
17033,0.2,1,0,1
17034,1.0,1,0,1
17035,0.2,1,0,0
17036,1.0,1,1,1
17037,1.0,2,1,1
17038,1.0,2,1,1
17039,1.0,0,1,1
17040,1.0,1,0,0
17041,2.2,1,1,1
17042,0.2,2,0,0
17043,1.0,1,1,0
17044,0.2,1,0,0
17045,1.0,0,1,1
17046,0.2,2,0,0
17047,1.0,1,0,1
17048,0.2,1,0,1
17049,1.0,2,1,0
17050,0.2,1,0,1
17051,0.2,3,0,0
17052,1.0,2,0,1
17053,1.0,2,0,1
17054,1.0,3,1,0
17055,0.2,0,0,0
17056,1.0,1,1,0
17057,0.2,1,0,0
17058,0.2,2,0,0
17059,1.0,1,1,0
17060,0.2,3,0,0
17061,0.2,3,0,0
17062,1.0,2,1,0
17063,1.0,2,1,1
17064,0.2,1,0,1
17065,0.2,3,0,0
17066,0.2,3,0,1
17067,0.2,2,0,0
17068,0.2,2,0,0
17069,0.2,1,0,0
17070,2.2,3,0,1
17071,0.2,1,0,0
17072,1.0,2,1,1
17073,0.2,0,0,1
17074,1.0,3,1,0
17075,2.2,1,1,1
17076,1.0,0,1,1
17077,1.0,1,0,1
17078,1.0,2,1,1
17079,0.2,1,0,0
17080,1.0,1,1,1
17081,0.2,3,0,1
17082,1.0,0,1,1
17083,1.0,2,1,1
17084,1.0,1,1,1
17085,1.0,2,1,0
17086,2.2,2,1,1
17087,1.0,1,1,1
17088,1.0,0,0,1
17089,0.2,2,0,0
17090,2.2,3,1,1
17091,1.0,3,1,0
17092,1.0,1,1,1
17093,0.2,0,0,0
17094,1.0,2,1,0
17095,1.0,2,1,1
17096,1.0,1,1,1
17097,0.2,1,0,0
17098,1.0,2,1,1
17099,1.0,0,1,0
17100,0.2,1,0,0
17101,0.2,1,0,0
17102,0.2,2,0,1
17103,0.2,2,0,0
17104,0.2,1,0,0
17105,0.2,0,0,0
17106,0.2,2,0,0
17107,1.0,2,1,1
17108,0.2,2,0,0
17109,2.2,2,1,1
17110,0.2,2,0,0
17111,2.2,2,0,1
17112,1.0,2,1,0
17113,1.0,2,1,1
17114,1.0,1,1,0
17115,0.2,3,0,0
17116,0.2,1,0,0
17117,0.2,1,0,0
17118,0.2,3,0,0
17119,1.0,1,0,1
17120,1.0,3,1,1
17121,1.0,1,1,1
17122,1.0,1,0,1
17123,1.0,2,0,1
17124,2.2,2,1,1
17125,1.0,0,1,1
17126,0.2,2,0,0
17127,2.2,2,1,1
17128,0.2,2,0,0
17129,0.2,2,0,0
17130,1.0,3,0,0
17131,1.0,0,1,1
17132,1.0,1,1,1
17133,1.0,2,1,0
17134,1.0,2,0,0
17135,1.0,0,1,1
17136,1.0,0,1,1
17137,1.0,0,1,1
17138,0.2,2,0,0
17139,1.0,2,1,1
17140,0.2,2,0,0
17141,1.0,1,0,1
17142,0.2,1,0,0
17143,0.2,3,0,0
17144,0.2,3,0,0
17145,1.0,1,1,1
17146,1.0,1,1,1
17147,0.2,3,0,0
17148,1.0,0,1,0
17149,1.0,0,1,1
17150,0.2,1,0,0
17151,0.2,0,0,0
17152,1.0,3,1,0
17153,1.0,1,1,1
17154,0.2,1,0,0
17155,0.2,1,0,0
17156,1.0,2,1,1
17157,1.0,2,1,1
17158,1.0,0,1,1
17159,0.2,0,0,1
17160,1.0,3,0,0
17161,0.2,1,0,0
17162,1.0,1,1,0
17163,1.0,2,0,1
17164,2.2,3,0,1
17165,0.2,1,0,0
17166,1.0,2,1,1
17167,1.0,2,1,1
17168,0.2,2,0,0
17169,2.2,1,1,1
17170,0.2,3,0,0
17171,0.2,2,0,0
17172,1.0,1,1,0
17173,1.0,0,1,1
17174,2.2,2,0,1
17175,2.2,1,1,1
17176,0.2,1,0,0
17177,2.2,2,1,1
17178,0.2,0,0,1
17179,1.0,3,1,1
17180,1.0,1,1,0
17181,1.0,2,1,1
17182,0.2,1,0,0
17183,0.2,1,0,0
17184,1.0,1,1,1
17185,1.0,2,1,1
17186,1.0,1,1,0
17187,1.0,2,1,1
17188,0.2,1,0,0
17189,0.2,1,0,0
17190,0.2,0,0,0
17191,0.2,2,0,1
17192,1.0,1,1,1
17193,1.0,1,1,1
17194,1.0,1,1,1
17195,0.2,3,0,1
17196,1.0,2,0,1
17197,2.2,2,1,1
17198,0.2,2,0,1
17199,2.2,0,1,1
17200,1.0,1,1,1
17201,1.0,1,1,1
17202,0.2,1,0,1
17203,0.2,1,0,0
17204,2.2,1,0,1
17205,1.0,1,1,0
17206,0.2,1,0,0
17207,0.2,2,0,0
17208,1.0,3,1,0
17209,2.2,3,1,1
17210,1.0,2,1,1
17211,1.0,1,1,1
17212,0.2,1,0,0
17213,1.0,1,1,1
17214,1.0,2,1,1
17215,0.2,1,0,0
17216,2.2,3,1,1
17217,1.0,1,1,1
17218,2.2,3,1,1
17219,1.0,1,1,1
17220,1.0,2,1,0
17221,0.2,1,0,0
17222,1.0,1,1,0
17223,0.2,1,0,0
17224,1.0,1,1,0
17225,1.0,2,1,1
17226,1.0,1,1,1
17227,1.0,1,1,1
17228,1.0,2,1,0
17229,1.0,1,1,1
17230,1.0,0,1,1
17231,1.0,1,1,0
17232,0.2,0,0,1
17233,1.0,1,1,1
17234,0.2,1,0,0
17235,0.2,2,0,0
17236,1.0,0,1,1
17237,1.0,2,1,0
17238,1.0,1,1,1
17239,1.0,0,1,1
17240,1.0,2,0,0
17241,1.0,0,1,1
17242,0.2,2,0,0
17243,1.0,2,1,1
17244,0.2,2,0,0
17245,1.0,1,1,1
17246,2.2,1,0,1
17247,0.2,2,0,0
17248,0.2,2,0,0
17249,1.0,1,1,1
17250,2.2,1,1,1
17251,1.0,2,1,1
17252,1.0,2,1,1
17253,1.0,0,1,1
17254,1.0,0,1,1
17255,3.4000000000000004,0,1,1
17256,0.2,2,0,0
17257,0.2,2,0,0
17258,0.2,2,0,0
17259,1.0,3,1,1
17260,2.2,2,1,1
17261,1.0,2,0,0
17262,0.2,3,0,0
17263,0.2,2,0,0
17264,2.2,2,1,1
17265,1.0,1,1,1
17266,2.2,1,1,1
17267,1.0,2,1,1
17268,0.2,2,0,0
17269,1.0,2,1,1
17270,0.2,1,0,0
17271,0.2,2,0,0
17272,1.0,0,1,1
17273,1.0,0,1,1
17274,0.2,3,0,0
17275,1.0,1,1,1
17276,2.2,1,1,1
17277,0.2,0,0,0
17278,1.0,1,0,0
17279,0.2,3,0,0
17280,1.0,1,1,0
17281,1.0,1,1,0
17282,1.0,3,0,0
17283,1.0,3,1,0
17284,1.0,1,1,0
17285,0.2,1,0,0
17286,2.2,1,1,1
17287,1.0,1,1,0
17288,2.2,3,1,1
17289,1.0,1,1,0
17290,2.2,2,1,1
17291,0.2,1,0,0
17292,2.2,1,1,1
17293,1.0,2,1,1
17294,0.2,2,0,0
17295,1.0,2,1,1
17296,1.0,1,1,1
17297,0.2,3,0,0
17298,0.2,2,0,0
17299,0.2,3,0,0
17300,0.2,1,0,1
17301,1.0,1,0,1
17302,0.2,2,0,0
17303,1.0,1,1,0
17304,1.0,1,1,0
17305,0.2,2,0,0
17306,2.2,1,1,1
17307,1.0,2,1,1
17308,2.2,1,1,1
17309,2.2,1,1,1
17310,0.2,1,0,0
17311,0.2,3,0,0
17312,0.2,0,0,0
17313,1.0,2,1,1
17314,0.2,2,0,0
17315,0.2,1,0,0
17316,1.0,1,1,1
17317,0.2,1,0,0
17318,1.0,0,0,1
17319,0.2,1,0,0
17320,0.2,0,0,1
17321,0.2,2,0,0
17322,1.0,1,1,0
17323,0.2,3,0,0
17324,0.2,2,0,0
17325,1.0,1,1,1
17326,1.0,0,0,1
17327,0.2,1,0,0
17328,2.2,3,1,1
17329,1.0,2,1,0
17330,1.0,0,1,1
17331,1.0,2,1,0
17332,2.2,1,1,1
17333,0.2,2,0,0
17334,1.0,3,1,0
17335,0.2,1,0,0
17336,1.0,0,1,1
17337,0.2,2,0,0
17338,0.2,0,0,0
17339,0.2,1,0,0
17340,1.0,2,1,0
17341,2.2,0,1,1
17342,2.2,3,1,1
17343,0.2,0,0,0
17344,1.0,1,1,1
17345,2.2,3,1,1
17346,1.0,3,1,0
17347,2.2,2,1,1
17348,1.0,2,0,0
17349,0.2,0,0,0
17350,0.2,3,0,0
17351,1.0,1,1,0
17352,1.0,2,1,0
17353,2.2,2,1,1
17354,1.0,2,1,1
17355,1.0,2,1,0
17356,0.2,3,0,0
17357,1.0,1,1,1
17358,1.0,1,1,1
17359,0.2,1,0,0
17360,0.2,1,0,0
17361,0.2,1,0,1
17362,0.2,2,0,0
17363,2.2,3,1,1
17364,0.2,1,0,0
17365,1.8,0,1,1
17366,1.0,2,1,0
17367,1.0,0,1,1
17368,1.0,2,1,1
17369,2.2,0,1,1
17370,2.2,2,0,1
17371,1.0,3,1,1
17372,0.2,2,0,0
17373,1.0,2,0,0
17374,1.0,1,1,1
17375,1.0,1,1,0
17376,0.2,1,0,1
17377,0.2,2,0,0
17378,0.2,0,0,0
17379,1.0,2,1,1
17380,1.0,1,1,1
17381,0.2,2,0,0
17382,1.0,0,1,0
17383,1.0,2,1,1
17384,2.2,2,1,1
17385,0.2,1,0,0
17386,1.0,1,1,1
17387,1.0,1,1,1
17388,1.0,1,1,0
17389,2.2,1,1,1
17390,0.2,1,0,0
17391,0.2,1,0,0
17392,1.0,2,1,1
17393,1.0,0,1,1
17394,1.0,3,1,0
17395,2.2,3,0,1
17396,1.0,3,0,0
17397,1.0,2,0,1
17398,0.2,2,0,0
17399,0.2,2,0,0
17400,0.2,0,0,0
17401,2.2,1,1,1
17402,1.0,0,1,1
17403,1.0,1,1,0
17404,1.0,0,1,1
17405,1.0,0,1,1
17406,1.0,1,1,1
17407,1.0,2,1,0
17408,1.0,2,1,1
17409,0.2,3,0,0
17410,2.2,1,0,1
17411,1.0,2,0,0
17412,1.0,2,1,1
17413,0.2,2,0,0
17414,0.2,1,0,0
17415,0.2,2,0,0
17416,1.0,0,1,0
17417,1.0,1,1,1
17418,0.2,2,0,0
17419,0.2,2,0,0
17420,1.0,1,0,0
17421,1.0,2,1,1
17422,1.0,2,0,1
17423,1.0,1,1,1
17424,0.2,1,0,0
17425,0.2,1,0,0
17426,1.0,1,1,0
17427,0.2,2,0,0
17428,0.2,2,0,0
17429,0.2,2,0,0
17430,1.0,1,1,1
17431,0.2,3,0,0
17432,1.0,2,0,1
17433,0.2,1,0,0
17434,1.0,1,1,1
17435,1.0,2,1,0
17436,0.2,1,0,0
17437,2.2,1,1,1
17438,1.0,1,1,1
17439,2.2,1,0,1
17440,1.0,1,1,0
17441,0.2,1,0,0
17442,0.2,2,0,0
17443,2.2,0,1,1
17444,1.0,1,1,1
17445,0.2,0,0,0
17446,1.0,3,1,1
17447,1.0,1,1,1
17448,1.0,3,1,1
17449,1.0,0,0,1
17450,0.2,1,0,0
17451,0.2,2,0,1
17452,1.0,0,1,1
17453,0.2,2,0,0
17454,1.0,1,1,1
17455,0.2,2,0,0
17456,1.0,2,1,0
17457,0.2,3,0,0
17458,1.0,2,0,1
17459,1.8,0,1,1
17460,1.0,1,1,1
17461,1.0,1,1,1
17462,0.2,1,0,0
17463,1.0,1,0,1
17464,1.0,3,1,1
17465,2.2,2,1,1
17466,1.0,1,1,1
17467,0.2,1,0,0
17468,2.2,1,1,1
17469,0.2,1,0,0
17470,1.0,1,1,0
17471,1.0,2,1,1
17472,0.2,0,0,1
17473,0.2,3,0,0
17474,0.2,1,0,0
17475,0.2,2,0,1
17476,0.2,2,0,0
17477,0.2,3,0,0
17478,1.0,2,1,1
17479,0.2,0,0,0
17480,0.2,2,0,0
17481,1.0,2,1,1
17482,1.0,3,1,0
17483,0.2,1,0,0
17484,1.0,0,0,0
17485,1.0,0,1,1
17486,1.0,1,0,1
17487,2.2,1,1,1
17488,1.0,3,1,1
17489,0.2,1,0,0
17490,2.2,2,1,1
17491,0.2,1,0,1
17492,0.2,2,0,0
17493,1.0,2,1,1
17494,1.0,2,1,1
17495,0.2,1,0,0
17496,1.0,0,1,1
17497,1.0,0,1,0
17498,0.2,1,0,0
17499,2.2,0,1,1
17500,1.0,2,1,1
17501,0.2,3,0,0
17502,0.2,2,0,0
17503,0.2,2,0,0
17504,0.2,3,0,0
17505,0.2,2,0,0
17506,0.2,2,0,0
17507,0.2,1,0,0
17508,1.0,1,1,1
17509,0.2,0,0,0
17510,0.2,3,0,1
17511,1.0,2,1,0
17512,1.0,0,1,1
17513,2.2,1,1,1
17514,0.2,2,0,0
17515,1.0,3,0,1
17516,1.0,2,1,1
17517,2.2,2,1,1
17518,0.2,2,0,0
17519,1.0,2,1,1
17520,2.2,0,1,1
17521,1.0,2,1,1
17522,1.0,0,1,1
17523,1.0,3,1,0
17524,2.2,0,1,1
17525,1.0,1,1,1
17526,1.0,1,1,1
17527,1.0,2,1,1
17528,1.0,3,1,0
17529,0.2,3,0,0
17530,1.0,2,1,0
17531,2.2,2,1,1
17532,1.0,1,1,0
17533,1.0,1,1,0
17534,1.0,1,1,1
17535,1.0,1,1,0
17536,0.2,2,0,0
17537,1.0,2,0,1
17538,1.0,2,1,1
17539,0.2,2,0,0
17540,2.2,1,1,1
17541,1.0,0,1,1
17542,1.0,1,1,0
17543,0.2,1,0,0
17544,0.2,3,0,0
17545,0.2,1,0,0
17546,0.2,2,0,1
17547,1.0,2,1,1
17548,0.2,1,0,1
17549,0.2,1,0,1
17550,1.0,1,1,0
17551,1.0,1,0,1
17552,1.0,3,1,0
17553,0.2,3,0,0
17554,1.0,3,1,1
17555,0.2,1,0,0
17556,1.0,1,1,1
17557,0.2,2,0,0
17558,0.2,2,0,0
17559,0.2,2,0,1
17560,0.2,2,0,0
17561,1.0,0,1,1
17562,1.0,2,1,1
17563,0.2,2,0,0
17564,0.2,2,0,0
17565,1.0,2,1,0
17566,1.0,1,1,0
17567,0.2,1,0,0
17568,1.0,1,1,1
17569,1.0,2,1,0
17570,1.0,1,0,0
17571,1.0,2,1,0
17572,2.2,1,1,1
17573,1.0,2,1,1
17574,0.2,1,0,0
17575,0.2,3,0,0
17576,2.2,0,1,1
17577,0.2,1,0,0
17578,1.0,0,1,1
17579,0.2,3,0,0
17580,1.0,2,1,1
17581,1.0,1,1,0
17582,2.2,1,1,1
17583,0.2,2,0,0
17584,1.0,1,0,1
17585,1.0,1,1,1
17586,0.2,0,0,0
17587,1.0,2,1,0
17588,0.2,1,0,0
17589,0.2,2,0,0
17590,1.0,0,1,1
17591,0.2,3,0,0
17592,2.2,2,1,1
17593,0.2,2,0,0
17594,1.0,1,1,1
17595,1.0,0,1,0
17596,0.2,2,0,0
17597,2.2,2,1,1
17598,1.0,1,1,1
17599,2.2,2,1,1
17600,2.2,2,1,1
17601,1.0,1,1,1
17602,1.0,2,1,0
17603,2.2,2,1,1
17604,0.2,2,0,0
17605,2.2,3,1,1
17606,0.2,2,0,0
17607,1.0,2,1,1
17608,1.0,1,1,0
17609,1.0,2,1,1
17610,1.0,2,1,0
17611,0.2,1,0,0
17612,1.0,2,1,1
17613,1.0,1,1,1
17614,0.2,1,0,0
17615,0.2,0,0,1
17616,1.0,1,1,0
17617,0.2,2,0,1
17618,1.0,2,1,1
17619,1.0,1,1,1
17620,1.0,2,1,1
17621,0.2,2,0,0
17622,1.0,2,1,1
17623,0.2,1,0,0
17624,1.0,1,1,1
17625,0.2,1,0,0
17626,0.2,3,0,0
17627,1.0,1,1,1
17628,1.0,2,1,1
17629,1.0,2,1,1
17630,0.2,1,0,0
17631,0.2,1,0,0
17632,1.0,1,0,0
17633,0.2,3,0,0
17634,0.2,0,0,0
17635,1.0,3,1,1
17636,0.2,2,0,0
17637,0.2,1,0,1
17638,1.0,2,0,1
17639,1.0,2,1,1
17640,2.2,1,1,1
17641,2.2,2,1,1
17642,1.0,1,1,1
17643,0.2,3,0,0
17644,1.0,1,1,0
17645,0.2,1,0,1
17646,2.2,1,1,1
17647,0.2,2,0,1
17648,0.2,2,0,0
17649,1.0,3,1,1
17650,1.0,3,1,0
17651,2.2,2,0,1
17652,1.0,1,1,1
17653,0.2,2,0,0
17654,0.2,1,0,0
17655,1.0,2,1,1
17656,0.2,1,0,1
17657,2.2,2,0,1
17658,0.2,3,0,0
17659,0.2,3,0,1
17660,0.2,2,0,0
17661,1.0,2,1,1
17662,0.2,3,0,0
17663,1.0,2,1,1
17664,1.0,1,1,1
17665,0.2,1,0,0
17666,0.2,2,0,0
17667,0.2,1,0,0
17668,2.2,1,1,1
17669,0.2,3,0,0
17670,2.2,2,1,1
17671,1.0,1,1,1
17672,1.0,2,1,1
17673,2.2,3,1,0
17674,1.0,2,1,1
17675,1.0,1,1,0
17676,2.2,1,0,1
17677,3.4000000000000004,1,1,0
17678,2.2,2,1,1
17679,0.2,2,0,0
17680,0.2,1,0,0
17681,2.2,0,1,1
17682,1.0,2,1,1
17683,0.2,1,0,1
17684,1.0,0,1,1
17685,1.0,1,1,0
17686,2.2,3,1,1
17687,2.2,0,1,1
17688,0.2,1,0,0
17689,1.0,2,1,1
17690,1.0,2,1,1
17691,1.0,3,1,0
17692,1.0,2,0,1
17693,0.2,2,0,0
17694,0.2,1,0,0
17695,0.2,1,0,0
17696,2.2,3,1,1
17697,0.2,2,0,0
17698,0.2,2,0,0
17699,1.0,1,1,0
17700,0.2,2,0,0
17701,0.2,1,0,0
17702,1.0,1,1,1
17703,0.2,1,0,0
17704,0.2,1,0,0
17705,0.2,2,0,0
17706,0.2,1,0,0
17707,0.2,1,0,0
17708,1.0,2,1,0
17709,0.2,1,0,1
17710,1.0,1,1,1
17711,0.2,1,0,0
17712,0.2,0,0,0
17713,1.0,1,1,1
17714,0.2,1,0,0
17715,1.0,1,0,1
17716,1.0,2,1,1
17717,1.0,1,1,1
17718,0.2,3,0,0
17719,0.2,1,0,0
17720,1.0,3,1,1
17721,0.2,2,0,0
17722,1.0,3,1,1
17723,1.0,3,0,0
17724,0.2,1,0,0
17725,0.2,1,0,0
17726,1.0,1,1,0
17727,0.2,2,0,0
17728,0.2,0,0,0
17729,1.0,1,1,1
17730,1.0,0,1,1
17731,0.2,1,0,1
17732,0.2,1,0,0
17733,1.0,3,1,1
17734,1.0,1,1,1
17735,1.0,0,1,1
17736,2.2,0,1,1
17737,0.2,2,0,0
17738,0.2,3,0,0
17739,1.0,2,1,0
17740,0.2,2,0,0
17741,2.2,2,0,1
17742,1.0,2,1,0
17743,0.2,3,0,0
17744,1.0,0,0,1
17745,0.2,0,0,0
17746,0.2,1,0,0
17747,0.2,2,0,0
17748,1.0,1,1,1
17749,1.0,3,1,1
17750,1.0,3,0,1
17751,1.0,3,1,1
17752,1.0,1,1,1
17753,0.2,2,0,0
17754,1.0,1,1,1
17755,1.0,1,1,1
17756,0.2,1,0,0
17757,0.2,2,0,0
17758,0.2,1,0,0
17759,0.2,3,0,0
17760,1.0,2,1,1
17761,1.0,3,0,1
17762,1.0,3,1,1
17763,0.2,1,0,0
17764,2.2,2,1,1
17765,1.0,2,1,1
17766,2.2,0,0,1
17767,1.0,1,1,1
17768,1.0,2,1,1
17769,0.2,1,0,0
17770,1.0,2,1,1
17771,0.2,1,0,0
17772,0.2,1,0,0
17773,0.2,1,0,0
17774,1.0,1,1,1
17775,0.2,1,0,0
17776,1.0,0,1,0
17777,1.0,0,1,1
17778,2.2,3,1,1
17779,0.2,1,0,0
17780,1.0,2,1,1
17781,1.0,3,1,1
17782,0.2,0,0,0
17783,0.2,1,0,0
17784,0.2,3,0,0
17785,1.0,2,1,0
17786,1.0,3,1,0
17787,0.2,2,0,0
17788,1.0,3,1,0
17789,0.2,3,0,0
17790,1.0,2,0,0
17791,1.0,1,0,0
17792,0.2,2,0,0
17793,1.0,2,1,0
17794,0.2,1,0,0
17795,0.2,0,0,0
17796,0.2,0,0,0
17797,1.0,1,1,0
17798,0.2,1,0,0
17799,0.2,2,0,0
17800,0.2,1,0,0
17801,1.0,2,1,0
17802,2.2,1,1,1
17803,1.0,1,1,1
17804,1.0,2,1,1
17805,0.2,0,0,0
17806,1.0,2,1,1
17807,1.0,3,1,0
17808,1.0,2,1,1
17809,0.2,2,0,1
17810,0.2,3,0,0
17811,0.2,1,0,0
17812,0.2,2,0,0
17813,0.2,3,0,0
17814,1.0,3,0,1
17815,0.2,2,0,0
17816,2.2,2,1,1
17817,0.2,1,0,0
17818,0.2,3,0,0
17819,0.2,1,0,0
17820,1.0,1,0,1
17821,0.2,1,0,0
17822,1.0,2,1,1
17823,0.2,2,0,0
17824,1.0,1,1,1
17825,1.0,2,1,0
17826,1.0,1,1,1
17827,0.2,3,0,0
17828,0.2,2,0,0
17829,1.0,2,0,1
17830,1.0,0,1,0
17831,1.0,1,1,0
17832,2.2,1,1,1
17833,1.0,2,1,1
17834,0.2,3,0,0
17835,1.0,1,1,1
17836,0.2,1,0,1
17837,1.0,2,1,0
17838,2.2,3,1,1
17839,1.0,2,1,1
17840,0.2,2,0,0
17841,0.2,0,0,1
17842,1.0,1,1,1
17843,1.0,1,1,1
17844,0.2,2,0,0
17845,0.2,2,0,0
17846,0.2,3,0,0
17847,1.0,2,1,1
17848,1.0,0,1,0
17849,0.2,0,0,0
17850,0.2,3,0,0
17851,1.0,1,1,1
17852,0.2,2,0,0
17853,1.0,1,1,0
17854,2.2,1,1,1
17855,1.0,2,1,1
17856,1.0,2,1,0
17857,1.0,1,1,0
17858,1.0,1,1,1
17859,1.0,0,1,1
17860,1.0,3,1,1
17861,0.2,2,0,1
17862,1.0,1,1,1
17863,1.0,3,0,1
17864,0.2,3,0,0
17865,2.2,0,1,1
17866,1.0,1,0,0
17867,0.2,3,0,0
17868,1.0,1,1,0
17869,1.0,1,1,0
17870,1.0,2,1,1
17871,1.0,1,1,0
17872,1.0,1,1,1
17873,1.0,1,0,1
17874,0.2,2,0,0
17875,0.2,3,0,1
17876,0.2,2,0,0
17877,1.0,1,1,0
17878,0.2,3,0,1
17879,1.0,2,1,1
17880,1.0,0,1,0
17881,1.0,0,1,1
17882,1.0,1,1,1
17883,1.0,3,1,1
17884,0.2,0,0,0
17885,0.2,3,0,1
17886,0.2,1,0,0
17887,0.2,2,0,0
17888,0.2,1,0,0
17889,0.2,1,0,0
17890,0.2,1,0,0
17891,1.0,1,1,1
17892,1.0,1,1,1
17893,0.2,2,0,0
17894,1.0,2,1,0
17895,1.0,0,0,1
17896,2.2,1,0,1
17897,1.0,2,0,1
17898,1.0,1,1,1
17899,1.0,0,1,1
17900,1.0,1,1,1
17901,1.0,2,1,1
17902,1.0,1,1,1
17903,0.2,2,0,0
17904,1.0,2,1,1
17905,1.0,1,1,0
17906,0.2,2,0,0
17907,1.0,3,1,0
17908,0.2,2,0,0
17909,1.0,0,1,1
17910,0.2,2,0,0
17911,2.2,2,1,1
17912,0.2,3,0,0
17913,1.0,0,1,1
17914,2.2,1,1,1
17915,2.2,2,1,1
17916,0.2,1,0,1
17917,1.0,1,1,1
17918,0.2,2,0,0
17919,1.0,2,1,1
17920,1.0,3,1,1
17921,0.2,2,0,0
17922,1.0,0,1,1
17923,1.0,2,1,1
17924,1.0,1,1,0
17925,1.0,3,1,1
17926,1.0,3,0,0
17927,2.2,2,1,1
17928,0.2,1,0,0
17929,1.0,2,1,0
17930,0.2,1,0,0
17931,1.0,1,0,1
17932,1.0,1,1,1
17933,1.0,2,1,0
17934,1.0,2,1,1
17935,1.0,1,1,1
17936,2.2,2,0,1
17937,0.2,2,0,0
17938,1.0,1,0,1
17939,0.2,2,0,0
17940,0.2,1,0,0
17941,1.0,1,1,1
17942,2.2,1,1,1
17943,2.2,2,1,1
17944,1.0,0,1,1
17945,1.0,1,1,1
17946,0.2,0,0,0
17947,0.2,0,0,0
17948,0.2,2,0,0
17949,0.2,2,0,0
17950,0.2,2,0,0
17951,2.2,1,1,1
17952,1.0,1,1,0
17953,0.2,3,0,0
17954,2.2,1,1,1
17955,0.2,2,0,1
17956,1.0,1,1,1
17957,1.0,1,1,0
17958,0.2,2,0,0
17959,1.0,2,1,1
17960,1.0,1,1,1
17961,1.0,2,0,1
17962,1.0,1,0,0
17963,0.2,0,0,1
17964,1.0,0,1,1
17965,2.2,3,1,1
17966,1.0,1,1,1
17967,1.0,1,1,1
17968,1.8,1,1,1
17969,0.2,2,0,1
17970,2.2,2,1,1
17971,1.0,3,1,0
17972,1.0,1,0,1
17973,1.0,1,1,1
17974,0.2,3,0,0
17975,1.0,0,1,1
17976,0.2,2,0,0
17977,0.2,2,0,0
17978,1.0,1,1,1
17979,1.0,2,1,0
17980,0.2,1,0,0
17981,1.0,1,1,1
17982,0.2,1,0,0
17983,1.0,1,0,1
17984,2.2,2,1,1
17985,1.0,3,1,0
17986,1.0,2,1,1
17987,1.0,2,0,0
17988,1.0,0,1,0
17989,1.0,1,1,1
17990,0.2,1,0,0
17991,0.2,1,0,0
17992,0.2,2,0,0
17993,1.0,1,1,0
17994,1.0,1,1,1
17995,2.2,1,1,1
17996,0.2,2,0,0
17997,1.0,3,0,0
17998,0.2,2,0,0
17999,0.2,2,0,0
