,sex,age,race,priors_count,c_charge_degree,score_text,two_year_recid
0,1,40,0,29,0,1,1
1,1,58,0,2,0,2,0
2,1,40,0,29,1,1,0
3,1,22,0,15,0,1,1
4,0,21,0,3,0,2,0
5,1,53,0,0,1,1,0
6,1,40,0,7,0,2,0
7,1,36,0,0,0,0,1
8,1,27,0,0,0,1,1
9,1,24,0,1,0,1,0
10,1,21,0,5,0,2,1
11,1,27,0,1,0,0,0
12,0,36,0,1,0,2,0
13,1,45,0,1,0,2,1
14,1,53,0,1,1,1,0
15,1,61,0,15,0,1,0
16,1,21,0,1,0,1,0
17,0,24,0,7,0,1,1
18,1,27,0,1,0,0,1
19,1,55,0,1,0,2,0
20,1,30,0,0,0,0,1
21,1,21,0,13,0,1,1
22,0,40,0,13,0,1,1
23,0,52,0,0,0,1,0
24,1,24,0,0,1,1,1
25,1,27,0,0,0,2,1
26,1,40,0,29,0,1,0
27,0,24,0,1,1,2,0
28,1,40,0,0,0,0,1
29,1,83,0,1,0,1,1
30,1,24,0,2,0,2,1
31,0,53,0,2,1,0,1
32,1,61,0,1,1,1,0
33,1,22,0,5,1,1,0
34,1,21,0,0,0,0,0
35,1,83,0,1,0,2,1
36,1,83,0,2,0,2,1
37,1,40,0,11,1,1,0
38,1,40,0,0,1,2,0
39,1,40,0,1,0,1,0
40,0,52,0,0,0,2,0
41,1,55,0,5,0,1,1
42,1,83,0,5,0,0,1
43,1,40,0,3,0,2,1
44,1,40,0,15,1,1,1
45,1,30,0,2,0,1,1
46,0,30,0,0,1,2,0
47,1,24,0,7,1,1,0
48,1,21,0,5,0,2,0
49,1,24,0,1,0,1,1
50,1,30,0,8,0,0,0
51,0,24,0,1,1,1,0
52,0,55,0,11,0,2,0
53,1,60,0,13,0,2,0
54,1,67,0,23,0,1,1
55,1,52,0,0,1,2,0
56,1,27,0,0,1,0,1
57,0,30,0,8,1,1,1
58,1,21,0,5,0,1,0
59,0,36,0,1,1,1,0
60,0,40,0,2,1,0,0
61,1,58,0,24,1,0,1
62,1,83,0,0,0,0,0
63,1,53,0,1,0,0,0
64,1,21,0,0,1,2,0
65,0,30,0,0,1,1,1
66,1,24,0,1,0,0,0
67,1,27,0,30,1,2,0
68,1,36,0,5,1,0,1
69,0,40,0,1,1,1,0
70,1,27,0,1,0,1,1
71,0,21,0,1,0,2,1
72,1,40,0,0,1,1,0
73,1,24,0,0,0,1,1
74,1,83,0,0,1,2,0
75,1,40,0,0,0,1,0
76,1,67,0,11,0,2,1
77,0,62,0,15,1,1,0
78,1,45,0,2,0,1,0
79,1,30,0,29,1,1,1
80,0,60,0,1,0,2,1
81,1,27,0,0,0,1,0
82,0,21,0,0,0,2,1
83,1,21,0,5,1,1,1
84,0,36,0,11,1,1,0
85,1,21,0,1,0,0,0
86,1,24,0,5,0,2,0
87,1,24,0,1,1,2,0
88,1,21,0,0,0,2,0
89,1,36,0,1,0,0,1
90,1,55,0,15,0,0,0
91,1,40,0,5,0,2,0
92,0,36,0,2,1,1,1
93,1,53,0,0,0,2,1
94,1,45,0,3,0,1,0
95,1,53,0,29,0,1,0
96,0,58,0,2,1,1,1
97,0,45,0,1,1,1,1
98,0,83,0,5,0,1,0
99,1,73,0,0,0,2,0
100,1,24,0,0,0,2,0
101,1,30,0,0,1,1,1
102,1,60,0,29,0,1,0
103,1,21,0,5,0,0,1
104,1,21,0,1,0,0,0
105,0,60,0,1,0,2,0
106,1,24,0,0,0,1,1
107,1,40,0,1,0,0,0
108,0,52,0,0,0,1,1
109,1,21,0,0,1,1,1
110,1,21,0,23,0,2,1
111,1,55,0,11,0,2,1
112,1,21,0,11,0,0,0
113,0,55,0,0,0,2,1
114,1,27,0,2,0,1,1
115,1,60,0,5,0,0,1
116,0,27,0,3,0,1,0
117,1,52,0,1,0,1,1
118,0,60,0,2,0,1,1
119,0,58,0,0,1,2,1
120,0,24,0,5,1,1,1
121,1,83,0,23,1,1,1
122,1,61,0,7,0,0,1
123,0,21,0,29,0,0,1
124,1,21,0,11,0,1,0
125,1,40,0,1,0,0,0
126,1,58,0,0,1,1,0
127,0,36,0,5,1,1,0
128,1,27,0,4,0,0,0
129,1,45,0,0,1,1,0
130,1,36,0,0,1,1,0
131,0,83,0,2,0,2,1
132,0,21,0,13,0,1,0
133,0,55,0,0,1,1,0
134,0,53,0,0,0,0,0
135,1,24,0,2,1,2,1
136,1,21,0,0,1,1,1
137,1,58,0,0,0,2,0
138,1,21,0,29,0,1,0
139,1,52,0,0,0,0,0
140,0,24,0,5,0,1,0
141,1,27,0,1,1,0,1
142,1,61,0,15,0,0,0
143,1,55,0,5,0,2,0
144,1,83,0,23,1,1,1
145,1,24,0,2,1,1,0
146,1,61,0,29,1,2,0
147,1,45,0,15,0,2,0
148,1,24,0,23,0,1,1
149,1,30,0,2,0,1,0
150,1,58,0,2,0,1,0
151,1,36,0,1,0,2,1
152,1,40,0,1,0,2,0
153,0,55,0,1,0,1,1
154,0,36,0,0,1,2,1
155,1,52,0,1,0,1,1
156,0,36,0,0,1,2,0
157,1,40,0,24,0,1,1
158,0,27,0,0,0,2,1
159,1,61,0,1,1,1,0
160,1,55,0,2,1,1,1
161,1,27,0,1,0,1,1
162,0,61,0,13,0,2,1
163,1,58,0,29,0,0,1
164,1,24,0,1,1,1,0
165,1,24,0,1,1,1,0
166,0,22,0,2,1,1,1
167,0,24,0,0,1,2,0
168,1,58,0,0,1,2,0
169,1,36,0,5,1,2,0
170,1,58,0,1,1,1,0
171,1,21,0,2,0,1,1
172,1,36,0,5,1,1,1
173,1,58,0,23,1,2,1
174,1,21,0,1,0,1,1
175,0,55,0,0,0,0,0
176,1,30,0,11,0,0,0
177,1,40,0,0,1,2,0
178,1,24,0,0,0,1,0
179,1,27,0,0,1,1,1
180,1,45,0,0,1,1,1
181,0,58,0,1,0,0,0
182,1,30,0,2,0,2,1
183,1,21,0,23,0,1,1
184,0,27,0,1,0,2,1
185,1,22,0,7,0,1,1
186,1,27,0,24,0,1,1
187,1,30,0,0,1,1,0
188,0,21,0,0,0,1,1
189,1,83,0,0,0,0,1
190,1,58,0,1,0,1,1
191,1,45,0,2,0,0,0
192,1,27,0,7,0,1,1
193,1,27,0,0,0,1,1
194,1,40,0,0,1,1,0
195,1,24,0,1,1,2,1
196,1,21,0,1,1,2,1
197,1,21,0,0,0,2,0
198,0,83,0,4,1,0,1
199,1,58,0,29,0,2,0
200,0,27,0,0,0,2,1
201,0,24,0,5,0,0,1
202,1,27,0,1,0,1,0
203,1,62,0,7,0,2,1
204,1,27,0,11,1,0,1
205,0,24,0,29,0,2,1
206,0,58,0,0,0,1,0
207,1,40,0,0,0,1,1
208,0,45,0,2,0,2,1
209,0,21,0,0,1,0,1
210,1,27,0,5,0,1,0
211,1,27,0,0,0,0,0
212,1,45,0,4,0,1,0
213,1,61,0,0,0,1,0
214,1,27,0,0,0,0,1
215,1,36,0,1,1,0,0
216,1,45,0,0,0,1,0
217,1,22,0,1,1,1,0
218,1,24,0,7,1,1,1
219,1,62,0,1,0,1,1
220,1,45,0,5,0,1,0
221,1,21,0,0,0,2,1
222,1,83,0,0,1,1,1
223,1,61,0,2,1,1,0
224,1,21,0,13,0,0,0
225,1,62,0,0,0,0,0
226,1,55,0,0,0,2,0
227,0,58,0,0,0,2,1
228,1,83,0,3,0,1,1
229,1,45,0,1,0,1,1
230,1,30,0,0,0,0,1
231,1,27,0,8,1,1,1
232,1,83,0,1,0,1,0
233,1,60,0,2,1,1,1
234,1,55,0,2,1,1,0
235,0,21,0,0,0,0,0
236,0,40,0,0,0,1,1
237,1,21,0,0,0,1,0
238,1,21,0,2,0,1,1
239,1,24,0,3,0,2,1
240,1,21,0,0,1,1,1
241,1,60,0,29,0,0,1
242,1,24,0,0,0,2,1
243,1,27,0,1,0,0,0
244,1,40,0,1,0,1,1
245,0,40,0,4,0,1,0
246,1,40,0,7,0,2,1
247,1,40,0,1,0,1,1
248,1,45,0,1,1,1,0
249,1,40,0,0,0,1,1
250,1,30,0,1,0,1,0
251,1,58,0,0,0,1,0
252,1,30,0,0,1,2,0
253,1,24,0,2,1,1,0
254,0,36,0,0,0,2,1
255,1,21,0,1,0,1,0
256,1,58,0,2,1,1,1
257,0,55,0,3,0,0,1
258,1,24,0,1,0,1,0
259,1,24,0,0,0,2,1
260,1,40,0,1,1,1,0
261,1,21,0,13,0,1,0
262,1,40,0,4,1,2,1
263,0,24,0,0,0,2,1
264,1,45,0,1,1,1,1
265,1,24,0,0,0,0,1
266,1,52,0,0,1,1,0
267,1,83,0,2,0,2,0
268,1,60,0,0,0,1,1
269,1,60,0,1,0,1,0
270,1,60,0,1,1,1,0
271,1,27,0,13,1,0,0
272,1,60,0,1,0,2,1
273,0,27,0,0,0,0,0
274,1,27,0,0,0,1,0
275,1,40,0,29,1,1,0
276,1,24,0,4,1,2,1
277,0,78,0,4,1,1,0
278,0,83,0,0,0,1,0
279,1,27,0,0,0,2,0
280,0,45,0,0,0,1,0
281,0,67,0,8,1,1,1
282,0,24,0,3,0,0,0
283,1,60,0,29,0,2,1
284,0,27,0,4,0,2,0
285,0,60,0,1,0,1,0
286,1,53,0,30,0,2,0
287,1,45,0,4,0,1,1
288,1,27,0,7,0,2,1
289,1,24,0,4,1,0,1
290,1,83,0,0,1,1,0
291,1,58,0,0,1,0,0
292,1,83,0,0,0,2,0
293,1,60,0,8,1,1,1
294,1,24,0,0,1,1,0
295,1,21,0,3,1,0,0
296,0,30,0,1,1,2,0
297,1,24,0,1,0,1,0
298,0,30,0,1,0,1,1
299,1,60,0,0,0,0,0
300,1,21,0,0,0,1,1
301,1,40,0,1,0,0,1
302,1,27,0,1,1,1,0
303,1,83,0,15,0,1,1
304,1,24,0,30,1,1,1
305,1,21,0,23,0,2,0
306,1,40,0,3,0,2,1
307,1,27,0,2,0,1,0
308,1,24,0,1,0,2,0
309,1,21,0,1,0,0,1
310,1,27,0,0,0,1,0
311,1,61,0,7,0,1,0
312,1,30,0,0,0,1,0
313,1,21,0,8,0,0,1
314,1,24,0,8,1,0,1
315,1,60,0,5,0,1,1
316,1,45,0,0,0,2,1
317,1,60,0,2,0,0,1
318,0,40,0,5,0,2,0
319,1,21,0,0,0,0,1
320,1,24,0,5,1,1,1
321,1,24,0,4,0,2,1
322,1,22,0,5,1,1,1
323,1,55,0,1,0,0,0
324,1,24,0,3,0,2,0
325,1,40,0,2,1,1,0
326,1,40,0,1,0,1,0
327,1,62,0,29,0,0,0
328,1,30,0,2,0,1,1
329,1,61,0,2,0,1,0
330,1,27,0,7,0,1,0
331,1,21,0,2,0,1,0
332,1,55,0,29,0,1,1
333,1,30,0,0,0,2,1
334,0,30,0,0,0,1,1
335,0,24,0,1,0,2,1
336,1,24,0,0,0,2,0
337,0,27,0,0,1,1,1
338,1,21,0,8,0,1,1
339,1,22,0,0,0,1,0
340,1,36,0,0,0,0,0
341,0,58,0,1,1,2,1
342,1,55,0,29,1,1,1
343,1,58,0,0,1,1,1
344,1,36,0,0,1,0,1
345,1,27,0,1,1,1,1
346,1,24,0,4,1,2,1
347,1,60,0,7,0,0,1
348,0,27,0,1,1,1,0
349,0,52,0,0,0,1,1
350,1,53,0,0,0,1,1
351,0,36,0,15,0,2,1
352,1,52,0,1,0,1,0
353,1,60,0,1,1,1,1
354,1,40,0,11,0,0,0
355,1,61,0,0,0,1,0
356,0,27,0,1,0,0,0
357,1,40,0,7,0,2,1
358,1,40,0,0,0,1,1
359,1,21,0,1,1,1,1
360,1,24,0,1,0,1,1
361,1,24,0,2,0,1,0
362,0,21,0,1,0,0,1
363,1,22,0,11,0,1,0
364,1,58,0,0,0,0,0
365,1,24,0,15,1,2,0
366,0,27,0,5,1,1,0
367,1,21,0,2,1,1,0
368,1,27,0,2,0,1,1
369,1,27,0,0,0,0,1
370,0,24,0,1,1,1,0
371,1,30,0,4,0,2,0
372,1,21,0,0,1,1,0
373,1,45,0,1,0,1,0
374,1,62,0,0,0,1,0
375,1,60,0,13,0,1,0
376,1,45,0,1,0,0,1
377,1,40,0,0,1,0,1
378,1,30,0,8,0,0,0
379,0,30,0,0,1,0,0
380,1,24,0,0,1,1,0
381,0,40,0,1,1,1,0
382,1,24,0,0,0,1,0
383,1,36,0,1,0,2,1
384,1,27,0,0,0,2,1
385,0,24,0,1,0,1,1
386,1,55,0,1,0,2,0
387,0,61,0,15,1,1,1
388,1,24,0,0,1,1,1
389,1,30,0,1,1,1,0
390,1,30,0,7,0,2,0
391,0,67,0,5,1,1,0
392,1,21,0,15,0,2,0
393,1,21,0,1,0,0,0
394,0,60,0,4,0,2,1
395,1,24,0,1,1,1,1
396,1,27,0,8,0,2,0
397,1,24,0,0,0,0,1
398,1,40,0,1,0,1,1
399,1,62,0,24,0,1,1
400,1,53,0,1,0,1,0
401,1,27,0,3,0,0,0
402,1,58,0,8,0,0,0
403,1,27,0,1,0,1,0
404,1,30,0,1,1,1,0
405,0,58,0,0,1,1,1
406,1,24,0,5,0,1,0
407,1,40,0,7,1,2,1
408,1,61,0,11,0,1,1
409,1,36,0,15,0,1,1
410,1,24,0,4,1,0,0
411,1,45,0,23,0,1,0
412,0,27,0,1,0,2,1
413,0,27,0,1,0,2,1
414,1,27,0,15,1,0,1
415,1,21,0,1,0,1,0
416,1,24,0,3,1,0,1
417,1,60,0,15,0,1,0
418,0,40,0,0,1,0,0
419,0,30,0,1,0,1,0
420,1,58,1,0,0,0,1
421,1,30,0,23,0,2,0
422,1,21,0,2,1,2,0
423,1,58,0,0,1,1,0
424,1,40,0,0,0,2,1
425,0,52,0,0,1,1,0
426,1,45,0,15,0,1,1
427,1,62,0,5,0,0,1
428,1,21,0,1,1,1,0
429,1,21,0,0,1,2,1
430,1,21,0,0,1,1,0
431,1,30,0,5,1,1,0
432,1,27,0,1,0,1,0
433,1,83,0,1,0,1,0
434,1,40,0,0,1,1,1
435,1,27,0,1,0,2,1
436,1,24,0,1,1,1,1
437,1,27,0,2,0,1,1
438,1,21,0,2,0,1,0
439,0,21,0,0,0,2,1
440,1,24,0,1,1,0,0
441,1,40,0,2,1,1,0
442,1,30,0,15,1,2,1
443,1,83,0,11,1,2,1
444,0,27,0,5,0,2,0
445,1,22,0,5,0,1,0
446,1,58,0,1,0,1,0
447,1,27,0,5,1,2,0
448,1,58,0,2,1,1,1
449,1,24,0,0,1,1,1
450,1,58,0,1,0,2,0
451,0,21,0,24,0,1,0
452,1,24,0,4,1,1,0
453,1,52,0,2,0,2,0
454,1,30,0,24,0,1,1
455,1,52,0,5,0,0,0
456,1,67,0,15,1,2,1
457,1,24,0,1,1,2,1
458,1,61,0,0,1,1,1
459,1,45,0,4,0,0,1
460,1,24,0,0,1,1,0
461,1,21,0,24,0,0,0
462,1,60,0,29,1,1,1
463,0,27,0,15,1,1,1
464,1,53,0,11,0,2,1
465,1,83,0,2,1,1,0
466,1,61,0,5,1,1,0
467,0,24,0,0,0,1,1
468,0,24,0,23,0,1,1
469,0,24,0,2,0,1,1
470,1,24,0,7,1,1,0
471,1,83,0,1,1,1,0
472,1,53,0,3,0,1,0
473,1,21,0,24,1,2,0
474,1,40,0,2,0,1,1
475,1,58,0,0,1,0,1
476,1,21,0,1,1,1,1
477,1,27,0,1,1,0,1
478,0,58,0,29,1,2,0
479,1,21,0,4,0,0,1
480,1,27,0,2,1,2,0
481,1,24,0,0,0,2,1
482,1,27,0,15,1,2,1
483,1,53,0,0,0,2,1
484,1,30,0,1,1,1,0
485,1,24,0,0,0,2,0
486,1,45,0,1,0,1,0
487,1,83,0,5,0,0,0
488,1,24,0,8,0,1,0
489,1,45,0,5,1,2,1
490,1,53,0,3,1,0,0
491,1,27,0,2,0,0,0
492,0,45,0,0,1,2,1
493,0,58,0,2,1,1,0
494,1,24,0,13,1,1,1
495,0,62,0,15,0,1,0
496,1,55,0,5,1,1,0
497,1,21,0,3,1,1,1
498,1,24,0,0,0,0,1
499,1,27,0,8,0,1,0
500,1,60,0,2,1,1,0
501,0,58,0,7,1,0,0
502,1,61,0,15,0,2,0
503,1,36,0,0,1,0,0
504,1,21,0,13,1,1,1
505,1,21,0,2,1,1,1
506,1,61,0,7,1,1,1
507,0,21,0,29,1,0,1
508,1,21,0,29,1,0,0
509,1,55,0,11,0,2,0
510,1,45,0,0,0,2,1
511,1,27,0,0,1,1,0
512,1,30,0,23,0,1,0
513,1,52,0,0,0,0,0
514,1,22,0,15,0,1,0
515,1,21,0,29,0,2,0
516,0,27,0,0,1,1,0
517,1,40,0,1,1,1,1
518,1,21,0,3,0,1,1
519,1,24,0,2,0,2,1
520,1,21,0,11,1,1,1
521,0,24,0,5,1,0,1
522,1,40,0,7,1,1,0
523,0,21,0,5,0,2,1
524,1,60,0,4,0,2,0
525,1,24,0,0,0,0,0
526,1,24,0,1,0,1,1
527,1,53,0,7,1,2,1
528,1,24,0,1,1,0,0
529,0,36,0,2,1,0,1
530,1,21,1,2,0,2,0
531,1,36,0,15,0,2,1
532,0,21,0,5,0,2,0
533,1,58,0,0,1,2,0
534,0,45,0,24,1,0,1
535,1,58,0,29,1,1,1
536,0,30,0,5,0,0,1
537,1,24,0,0,1,1,0
538,1,21,0,3,1,0,0
539,1,40,0,0,1,1,0
540,1,61,0,7,1,1,1
541,1,58,0,1,1,2,1
542,0,27,0,5,0,1,1
543,1,60,0,29,0,0,1
544,0,21,0,0,0,1,1
545,1,58,0,0,0,0,0
546,1,52,0,7,0,1,0
547,1,21,0,29,0,1,1
548,0,55,0,0,1,1,1
549,1,21,0,3,1,2,1
550,1,61,0,2,1,1,0
551,1,36,0,11,0,1,1
552,0,22,0,1,1,2,0
553,1,21,0,2,0,1,1
554,1,27,0,0,1,1,0
555,1,58,0,0,0,2,0
556,1,78,0,7,0,0,0
557,1,53,0,0,0,0,0
558,1,40,0,2,0,0,1
559,0,58,0,24,0,2,1
560,0,53,0,1,1,1,0
561,0,29,0,0,1,1,0
562,1,30,0,1,0,1,1
563,1,62,0,29,1,0,0
564,1,24,0,5,1,0,0
565,0,60,0,24,0,0,0
566,1,58,0,5,1,2,1
567,1,53,0,29,0,0,0
568,0,53,0,0,0,0,0
569,0,60,0,0,1,1,0
570,0,62,0,5,0,2,1
571,0,61,0,0,0,1,0
572,1,60,0,7,0,1,0
573,0,58,0,24,0,2,1
574,1,24,0,0,0,1,0
575,0,21,0,1,0,1,0
576,1,40,0,4,1,1,0
577,0,40,0,0,1,0,0
578,1,55,0,15,1,2,1
579,1,83,0,0,0,0,1
580,1,24,0,0,1,0,0
581,1,27,0,23,1,1,0
582,1,21,0,23,0,1,1
583,1,21,0,2,0,2,0
584,0,55,0,2,1,2,0
585,1,21,0,2,0,2,0
586,1,27,0,5,1,1,1
587,1,27,0,1,0,1,0
588,1,24,0,0,1,1,0
589,1,52,0,0,1,0,1
590,1,45,0,2,1,1,1
591,1,40,0,1,0,0,1
592,0,53,0,5,0,1,0
593,1,27,0,0,1,1,1
594,1,27,0,23,0,1,1
595,1,24,0,11,0,0,1
596,1,58,0,7,1,2,0
597,0,55,0,0,0,2,1
598,1,55,0,1,0,0,0
599,0,24,0,1,0,1,0
600,1,83,0,2,1,1,0
601,1,24,0,3,0,0,1
602,1,30,0,2,0,2,0
603,1,24,0,13,0,1,0
604,1,24,0,0,1,1,1
605,1,21,0,5,0,1,0
606,1,36,0,0,1,1,0
607,0,60,0,1,0,1,1
608,0,53,0,0,1,2,0
609,1,21,0,0,1,1,0
610,1,27,0,4,1,1,0
611,1,21,0,24,1,1,1
612,0,55,0,15,1,1,0
613,1,40,0,1,0,2,0
614,1,40,0,7,0,2,1
615,1,53,0,0,0,1,0
616,1,53,0,29,1,1,0
617,1,40,0,1,1,0,0
618,1,40,0,1,0,1,0
619,0,40,0,5,1,1,0
620,1,45,0,0,0,2,0
621,0,27,0,3,0,1,1
622,1,21,0,29,1,1,0
623,0,30,0,0,1,1,0
624,1,27,0,0,0,2,1
625,1,24,0,0,1,1,0
626,1,24,0,0,1,2,1
627,1,55,0,0,0,1,1
628,1,40,0,3,0,0,0
629,1,53,0,1,1,2,1
630,0,24,0,1,0,1,1
631,0,27,0,1,1,1,0
632,1,45,0,0,1,1,0
633,1,21,0,2,0,0,0
634,1,60,0,0,0,1,1
635,1,61,0,0,1,1,0
636,1,22,0,0,1,2,1
637,1,30,0,0,0,2,1
638,1,53,0,5,1,2,0
639,1,24,0,0,0,1,0
640,1,40,0,1,0,1,0
641,1,58,0,0,0,0,0
642,1,27,0,23,0,1,0
643,1,24,0,24,1,2,0
644,0,53,0,1,1,1,1
645,0,40,0,5,0,1,0
646,1,58,0,2,1,2,0
647,1,83,0,5,0,1,0
648,1,21,0,4,0,2,0
649,1,21,0,0,0,1,1
650,1,27,0,1,0,2,1
651,1,21,0,1,0,1,1
652,1,21,1,24,1,2,1
653,1,55,0,1,0,1,0
654,1,53,0,0,1,1,0
655,1,45,0,23,1,1,0
656,0,24,0,5,1,1,0
657,1,21,0,3,1,1,0
658,1,21,0,29,0,0,1
659,0,45,0,0,0,0,0
660,0,62,0,0,1,1,1
661,1,52,0,15,0,1,1
662,1,40,0,0,1,1,1
663,1,53,0,0,0,0,1
664,0,40,0,1,1,1,0
665,1,27,0,0,1,1,0
666,1,40,0,0,0,1,0
667,0,58,0,4,1,1,0
668,1,55,0,5,0,1,0
669,0,60,0,0,0,0,0
670,1,40,0,0,0,1,1
671,1,67,0,2,1,1,0
672,1,60,0,0,1,1,1
673,1,67,0,1,0,0,0
674,1,52,0,1,0,2,0
675,0,58,0,1,0,1,0
676,1,21,0,1,0,2,1
677,1,21,0,1,0,0,0
678,1,21,0,0,0,1,0
679,1,52,0,1,0,0,0
680,1,60,0,0,1,1,1
681,1,62,0,2,1,1,1
682,1,24,0,5,1,1,0
683,1,58,0,0,0,1,0
684,1,60,0,0,0,2,1
685,1,83,0,1,0,0,1
686,1,21,0,3,0,0,0
687,1,45,0,0,0,2,0
688,1,45,0,3,1,1,1
689,1,52,0,5,1,0,1
690,1,60,0,0,1,2,1
691,1,40,0,2,0,1,0
692,1,52,0,5,0,2,1
693,1,21,0,15,0,1,1
694,1,21,0,0,0,1,1
695,1,21,0,29,1,0,1
696,1,62,0,7,0,0,0
697,0,30,0,0,0,2,0
698,1,21,0,15,1,1,0
699,1,24,0,2,1,1,1
700,1,55,0,0,1,1,1
701,0,27,0,5,1,1,0
702,1,21,0,29,1,0,0
703,0,61,0,0,0,2,0
704,1,53,0,1,0,1,0
705,1,30,0,0,0,2,1
706,1,29,0,1,0,2,0
707,0,30,0,1,1,2,1
708,0,21,0,11,1,1,1
709,1,30,0,0,0,1,0
710,0,21,0,2,0,1,1
711,1,24,0,33,0,1,0
712,1,60,0,3,0,1,1
713,1,55,0,0,0,1,1
714,1,58,0,1,0,2,0
715,1,24,0,3,0,2,0
716,1,83,0,0,0,1,1
717,1,27,0,30,0,0,1
718,1,21,0,1,0,0,1
719,1,21,0,1,0,0,0
720,1,24,0,2,0,1,0
721,1,21,0,2,0,1,0
722,1,21,0,1,1,1,0
723,1,27,0,15,0,1,1
724,1,55,0,0,0,0,1
725,0,24,0,1,1,2,0
726,1,21,0,0,1,1,0
727,1,58,0,0,1,1,1
728,0,58,0,5,0,1,0
729,1,61,0,0,0,2,0
730,0,27,0,4,1,1,1
731,1,53,0,1,0,1,1
732,1,58,0,3,0,2,1
733,0,40,0,29,1,1,1
734,1,55,0,7,0,2,1
735,1,21,0,23,0,1,1
736,1,27,0,0,0,1,1
737,1,27,0,1,1,2,0
738,1,27,0,4,1,1,0
739,1,53,0,0,0,1,0
740,1,45,0,1,0,0,1
741,1,30,0,0,1,1,0
742,1,24,0,29,0,0,0
743,1,55,0,2,0,1,0
744,1,21,0,0,1,1,0
745,1,27,0,1,0,1,1
746,1,36,0,5,0,2,0
747,1,60,0,3,0,2,1
748,0,27,0,7,0,1,0
749,1,27,0,0,0,0,0
750,1,27,0,7,0,0,0
751,0,45,0,2,1,1,0
752,1,53,1,8,0,1,0
753,1,55,0,0,0,1,0
754,1,30,0,2,0,1,1
755,1,21,0,0,1,0,0
756,1,52,0,0,1,1,0
757,1,45,0,24,0,1,1
758,1,45,0,0,0,0,0
759,0,21,0,0,0,0,1
760,1,36,0,5,0,2,1
761,1,30,0,0,0,1,0
762,1,60,0,13,0,1,0
763,1,30,0,29,0,0,1
764,1,52,0,4,0,2,0
765,0,21,0,5,0,1,0
766,1,24,0,4,0,2,0
767,1,83,0,7,1,0,0
768,1,27,0,8,0,1,1
769,1,58,0,4,0,2,0
770,0,45,0,11,1,1,0
771,1,45,0,0,1,1,0
772,1,60,0,15,0,0,0
773,1,24,0,0,0,1,0
774,1,58,0,2,0,1,1
775,0,83,0,1,1,2,0
776,1,55,0,3,1,1,0
777,1,21,0,0,1,1,0
778,1,45,0,0,0,1,0
779,1,21,0,3,0,1,0
780,1,24,0,2,0,2,1
781,1,24,0,1,1,2,1
782,0,60,0,0,0,1,0
783,1,30,0,1,1,2,1
784,1,62,0,0,0,2,0
785,1,36,0,0,0,2,1
786,1,24,0,1,1,1,1
787,1,21,0,1,0,1,0
788,1,45,0,1,1,2,1
789,1,60,0,7,0,1,0
790,1,30,0,29,1,1,1
791,1,52,0,0,1,2,1
792,1,27,0,8,0,2,1
793,1,60,0,1,0,0,1
794,0,24,0,29,0,2,0
795,0,36,0,1,0,1,0
796,1,27,0,29,0,1,0
797,1,62,0,0,0,2,0
798,1,58,1,1,1,1,1
799,1,21,0,2,0,1,1
800,0,21,0,7,1,2,1
801,1,21,0,1,1,1,0
802,1,21,0,1,0,1,0
803,1,55,0,15,0,0,0
804,1,36,0,1,0,2,0
805,1,53,0,23,1,1,0
806,1,83,0,1,0,2,0
807,1,36,0,7,0,1,1
808,0,40,0,2,1,1,0
809,1,30,0,1,0,0,1
810,1,62,0,1,0,0,1
811,1,60,0,3,0,0,0
812,1,53,0,16,1,1,0
813,1,22,0,29,1,1,1
814,1,45,0,0,0,0,1
815,1,53,0,0,1,1,1
816,1,60,0,2,1,1,1
817,0,53,0,2,1,2,0
818,0,24,0,1,0,1,0
819,1,40,0,0,1,2,0
820,1,52,0,2,0,2,1
821,1,61,0,2,0,2,0
822,1,45,0,2,0,1,0
823,1,21,0,5,1,1,0
824,1,24,0,29,0,0,0
825,1,24,0,0,0,0,0
826,1,60,0,1,0,1,1
827,1,24,0,0,0,1,0
828,1,52,0,5,0,1,1
829,1,27,0,2,0,0,1
830,1,58,0,0,1,1,1
831,0,24,0,1,0,2,0
832,1,40,0,1,0,1,1
833,1,21,0,2,0,1,1
834,1,52,0,7,0,1,1
835,1,40,0,4,0,1,1
836,0,61,0,0,0,0,1
837,0,21,0,30,0,1,0
838,1,36,0,3,1,0,0
839,1,45,0,1,0,1,0
840,1,27,0,11,1,2,1
841,1,60,0,0,0,1,0
842,1,24,0,0,1,2,0
843,1,27,0,0,1,2,0
844,1,62,0,8,0,1,1
845,1,30,0,1,1,1,1
846,0,83,0,24,0,2,0
847,1,52,0,0,0,1,0
848,1,30,0,5,0,0,1
849,1,27,0,5,0,1,1
850,1,60,0,29,0,0,1
851,1,62,0,29,0,0,1
852,1,30,0,5,0,2,0
853,1,21,0,1,0,0,0
854,1,36,0,0,0,0,0
855,1,24,0,2,1,1,0
856,1,27,0,23,1,1,0
857,1,53,0,5,0,0,1
858,1,21,0,0,0,1,0
859,0,21,0,0,1,2,0
860,1,24,0,5,0,0,0
861,1,27,0,0,1,1,0
862,1,27,0,1,1,1,0
863,1,45,0,2,0,1,0
864,0,27,0,0,1,1,1
865,1,24,0,0,0,2,0
866,1,30,0,4,0,0,1
867,1,52,0,8,0,2,0
868,1,24,0,0,1,2,0
869,1,27,0,0,0,0,0
870,1,60,0,15,1,2,0
871,1,53,0,3,0,2,0
872,1,24,0,30,1,2,0
873,1,40,0,2,0,1,0
874,1,21,0,0,1,1,1
875,1,36,0,0,0,1,0
876,1,83,0,0,1,1,0
877,1,52,0,0,0,1,1
878,1,52,0,0,0,2,0
879,1,53,0,24,1,1,0
880,0,40,0,0,1,1,0
881,1,36,0,1,1,1,1
882,1,22,0,0,1,0,1
883,1,21,0,2,0,1,1
884,1,60,0,0,0,1,0
885,0,30,0,29,1,1,1
886,1,30,0,3,0,2,0
887,0,61,0,5,0,1,0
888,1,30,0,4,1,1,0
889,1,45,0,0,1,1,1
890,1,60,0,5,1,2,1
891,1,27,0,0,1,1,0
892,1,62,0,4,0,2,1
893,1,24,0,0,1,1,1
894,1,40,0,0,1,0,0
895,1,21,0,13,1,1,1
896,1,29,0,2,0,1,0
897,1,61,0,5,1,1,0
898,1,21,0,2,1,2,1
899,1,30,0,29,0,0,0
900,1,24,0,15,0,0,0
901,1,45,0,5,0,1,1
902,0,58,0,8,0,2,1
903,1,40,0,2,1,1,0
904,1,40,0,13,1,1,0
905,1,58,0,24,1,2,1
906,0,61,0,1,0,1,0
907,1,30,0,0,1,1,1
908,1,58,0,1,0,1,1
909,1,24,0,2,0,2,1
910,1,27,0,1,0,1,1
911,1,21,0,2,1,1,1
912,0,21,0,1,0,1,1
913,1,45,0,29,1,2,0
914,1,24,0,0,0,1,0
915,1,30,0,7,0,1,1
916,0,58,0,7,1,2,1
917,1,21,0,1,0,2,0
918,1,40,0,24,0,1,1
919,1,53,0,15,0,1,1
920,1,24,0,0,0,0,1
921,1,61,0,0,0,0,0
922,1,27,0,0,0,1,1
923,1,53,0,24,1,1,1
924,1,52,0,2,0,0,0
925,1,21,0,1,0,1,1
926,1,58,0,2,0,1,0
927,1,21,0,4,0,1,0
928,0,30,0,0,0,1,0
929,1,21,0,0,0,2,1
930,1,60,0,1,1,2,0
931,1,58,0,2,0,2,0
932,1,27,0,0,0,2,1
933,0,21,0,1,0,0,1
934,1,24,0,29,0,2,1
935,1,40,0,1,1,2,1
936,0,45,0,1,0,2,1
937,1,24,0,3,0,2,0
938,1,27,0,1,1,1,1
939,1,21,0,2,0,1,1
940,1,29,0,0,0,1,1
941,1,36,0,24,0,0,0
942,1,21,0,1,1,0,1
943,1,52,0,0,1,1,0
944,1,24,0,1,0,0,0
945,0,21,0,4,0,2,0
946,1,30,0,24,0,1,0
947,0,21,0,3,0,1,1
948,0,24,0,0,0,0,1
949,1,58,0,1,1,1,1
950,1,55,0,7,1,2,1
951,1,27,0,24,0,2,1
952,0,83,0,4,0,1,0
953,1,21,0,1,0,1,1
954,1,24,0,4,0,0,0
955,1,45,0,1,0,0,0
956,1,24,0,0,1,2,1
957,0,24,0,0,0,1,1
958,1,21,0,3,0,0,0
959,1,27,0,1,1,1,1
960,1,58,0,0,1,0,1
961,1,36,0,8,0,0,1
962,0,52,0,0,1,1,0
963,1,60,0,0,0,1,0
964,0,24,0,2,0,1,1
965,1,27,0,1,1,1,1
966,1,40,0,11,0,1,1
967,1,61,0,3,0,1,0
968,1,61,0,5,0,2,1
969,1,24,0,0,0,0,0
970,1,60,0,1,0,2,0
971,0,22,0,0,0,1,1
972,1,45,0,7,0,1,0
973,1,45,0,3,1,1,1
974,0,27,0,7,0,0,1
975,1,60,0,5,0,1,1
976,1,21,0,5,0,1,1
977,1,45,0,0,0,1,0
978,1,52,0,1,0,1,1
979,1,21,0,0,0,0,1
980,1,55,0,0,0,2,0
981,1,40,0,15,0,2,0
982,1,67,0,1,0,0,0
983,1,60,0,0,1,1,0
984,1,58,0,0,1,1,1
985,1,61,0,5,0,1,1
986,0,21,0,13,0,0,1
987,1,45,0,0,0,1,0
988,1,21,0,11,0,2,0
989,1,27,0,11,0,0,1
990,1,40,0,23,0,0,1
991,0,62,0,13,1,2,1
992,1,53,0,23,0,2,0
993,1,53,0,0,0,1,0
994,1,24,0,0,1,2,0
995,1,36,0,3,0,1,0
996,1,24,0,23,0,1,0
997,0,21,0,29,0,0,0
998,1,45,0,2,0,0,0
999,1,30,0,0,0,0,0
1000,1,27,0,1,0,1,0
1001,0,27,0,1,0,1,0
1002,1,61,0,29,0,2,0
1003,1,58,0,1,0,1,1
1004,1,62,0,1,0,1,0
1005,1,27,0,1,0,1,0
1006,1,24,0,2,0,0,0
1007,1,27,0,5,0,1,0
1008,0,24,0,2,0,2,0
1009,1,24,0,29,1,2,0
1010,1,40,0,0,0,0,1
1011,1,40,0,5,1,1,1
1012,0,21,0,24,0,0,1
1013,0,45,0,0,0,1,1
1014,1,27,0,1,0,1,1
1015,1,24,0,0,0,0,1
1016,1,21,0,4,0,1,1
1017,1,24,0,23,1,1,0
1018,1,22,0,2,1,1,1
1019,1,21,0,1,0,2,0
1020,1,24,0,0,1,1,0
1021,0,24,0,5,1,1,1
1022,0,53,0,1,0,1,0
1023,1,24,0,0,1,1,0
1024,0,30,0,13,0,0,1
1025,1,24,0,0,0,0,0
1026,1,24,0,1,0,0,0
1027,1,24,0,1,0,0,0
1028,0,27,0,3,0,0,0
1029,1,61,0,29,0,1,0
1030,1,27,0,8,0,1,1
1031,1,21,0,0,0,1,0
1032,1,30,0,0,0,0,1
1033,1,27,0,1,0,1,0
1034,1,45,0,3,1,0,0
1035,1,60,0,1,0,1,1
1036,1,40,0,5,1,2,1
1037,1,27,0,1,1,1,0
1038,1,27,0,0,1,1,0
1039,1,83,0,0,0,0,1
1040,1,21,0,0,0,1,0
1041,1,60,0,3,1,1,1
1042,1,53,0,15,0,0,1
1043,1,40,0,0,0,2,1
1044,1,24,0,0,0,0,1
1045,1,24,0,7,0,1,1
1046,1,58,0,0,1,2,0
1047,1,21,0,0,1,2,1
1048,1,24,0,1,0,1,0
1049,1,27,0,7,1,2,0
1050,1,45,0,5,0,1,1
1051,0,27,0,5,0,0,0
1052,1,24,0,7,0,2,0
1053,1,30,0,1,0,1,0
1054,1,21,0,24,0,1,1
1055,0,52,0,2,0,1,0
1056,1,24,0,1,0,0,1
1057,1,24,0,0,1,2,0
1058,1,30,0,5,0,1,0
1059,1,52,0,5,1,2,1
1060,1,61,0,0,1,1,1
1061,0,45,0,29,1,2,1
1062,1,36,0,0,0,1,0
1063,1,53,0,5,1,1,0
1064,0,24,0,4,1,1,0
1065,0,61,0,0,0,1,1
1066,0,67,0,1,1,2,0
1067,1,21,0,2,0,1,0
1068,1,40,0,1,1,1,1
1069,0,21,0,0,0,2,1
1070,1,21,0,11,0,0,1
1071,0,55,0,0,1,1,1
1072,0,53,0,2,1,0,1
1073,0,24,0,0,0,0,1
1074,0,40,0,0,0,2,0
1075,0,55,0,3,1,0,1
1076,1,24,0,5,1,0,0
1077,1,53,0,3,0,2,1
1078,1,24,0,29,0,0,1
1079,0,60,0,1,0,1,0
1080,1,62,0,0,0,2,0
1081,0,36,0,4,0,1,1
1082,0,52,0,0,1,2,1
1083,1,36,0,15,0,1,0
1084,0,24,0,29,1,0,0
1085,1,58,0,1,0,1,0
1086,1,53,0,15,0,1,0
1087,1,21,0,0,0,2,0
1088,1,52,0,0,0,1,1
1089,1,24,0,15,1,1,1
1090,1,21,0,2,1,2,1
1091,1,55,0,0,1,0,0
1092,1,21,0,0,1,1,0
1093,1,55,0,30,0,2,1
1094,1,21,0,0,0,0,0
1095,1,21,0,5,0,1,1
1096,1,21,0,0,0,2,1
1097,1,21,0,5,0,1,0
1098,1,58,0,23,1,1,1
1099,1,21,0,8,0,2,1
1100,1,27,0,1,0,1,0
1101,1,24,0,5,0,1,1
1102,1,21,0,2,1,1,0
1103,1,27,0,0,0,1,1
1104,1,83,0,3,1,2,1
1105,0,30,0,0,0,0,0
1106,0,53,0,2,0,1,1
1107,1,21,0,0,0,2,1
1108,1,53,0,30,0,2,0
1109,1,27,0,1,0,0,1
1110,1,21,0,3,0,0,1
1111,1,52,0,2,1,0,0
1112,0,58,0,15,1,1,1
1113,0,30,0,2,1,0,0
1114,1,27,0,29,0,1,0
1115,1,52,0,0,1,2,0
1116,1,45,0,13,1,2,0
1117,1,61,0,0,0,1,0
1118,1,30,0,29,0,1,1
1119,0,21,0,0,0,0,1
1120,1,83,0,11,0,1,0
1121,0,60,0,0,0,1,0
1122,0,30,0,1,0,0,1
1123,1,30,0,1,0,2,1
1124,1,61,0,2,0,1,0
1125,1,55,0,1,1,1,0
1126,1,21,0,7,1,2,1
1127,1,83,0,4,0,0,1
1128,1,52,0,29,0,2,1
1129,1,45,0,1,0,1,0
1130,0,60,0,1,0,1,1
1131,1,36,0,13,0,1,0
1132,1,27,0,0,0,0,0
1133,1,55,0,2,0,1,0
1134,0,21,0,5,0,1,1
1135,1,24,0,29,0,0,0
1136,1,21,0,1,0,1,0
1137,0,36,0,0,0,0,1
1138,1,21,0,4,0,1,0
1139,1,21,0,23,0,2,1
1140,1,30,0,7,1,2,0
1141,1,21,0,1,1,2,0
1142,1,21,0,0,0,2,1
1143,0,61,0,11,0,2,1
1144,1,40,0,0,1,2,1
1145,1,53,0,3,1,1,1
1146,0,24,0,4,1,2,1
1147,1,24,0,13,0,2,0
1148,0,83,0,5,0,1,1
1149,1,83,0,1,0,2,1
1150,1,36,0,1,0,1,1
1151,1,60,0,15,0,0,0
1152,0,24,0,0,0,0,1
1153,0,21,0,15,0,1,0
1154,1,40,0,5,0,1,0
1155,1,30,0,2,0,1,0
1156,1,52,1,1,1,1,1
1157,0,58,0,3,0,1,0
1158,1,24,0,1,1,2,1
1159,0,24,0,0,0,1,1
1160,1,21,0,1,0,1,0
1161,1,83,0,5,0,1,0
1162,0,45,0,1,0,2,1
1163,1,24,0,0,0,2,0
1164,1,21,0,11,0,2,1
1165,1,21,0,29,0,1,1
1166,0,53,0,1,1,2,0
1167,1,36,0,2,1,1,1
1168,1,45,0,0,0,1,0
1169,1,27,0,1,0,1,0
1170,1,21,0,0,1,0,0
1171,1,45,0,2,0,1,1
1172,0,40,0,5,1,2,0
1173,1,45,0,0,1,1,1
1174,1,55,0,0,0,0,0
1175,0,30,0,8,1,0,1
1176,1,58,0,2,0,1,0
1177,0,60,0,2,0,0,0
1178,0,83,0,1,0,2,1
1179,1,60,0,1,1,2,1
1180,1,30,0,3,0,2,0
1181,1,30,0,29,1,1,1
1182,1,30,0,2,1,1,1
1183,1,36,0,0,0,2,1
1184,1,53,0,2,0,0,1
1185,1,67,0,1,0,2,0
1186,0,40,0,7,0,0,1
1187,0,53,0,0,0,0,1
1188,0,40,0,15,1,1,0
1189,0,27,0,0,0,2,0
1190,1,40,0,13,0,1,1
1191,1,24,0,0,1,1,1
1192,0,27,0,2,1,1,1
1193,1,40,0,0,0,2,0
1194,1,58,0,0,1,0,0
1195,1,61,0,7,1,1,1
1196,0,22,0,1,1,2,0
1197,0,36,0,7,1,2,0
1198,0,52,0,0,0,2,0
1199,1,27,0,1,0,2,0
1200,0,83,0,1,0,0,1
1201,1,40,0,5,0,1,0
1202,1,52,0,0,0,0,0
1203,1,45,0,0,0,0,0
1204,1,67,0,1,0,1,0
1205,0,24,0,3,1,1,1
1206,0,21,0,11,0,1,0
1207,0,21,0,11,1,1,0
1208,0,24,0,3,1,1,1
1209,1,36,0,2,0,1,0
1210,1,58,0,13,1,1,0
1211,1,24,0,1,0,1,0
1212,1,21,0,13,0,1,0
1213,1,53,0,11,0,1,1
1214,1,24,0,4,1,1,0
1215,0,61,0,0,1,2,0
1216,1,40,0,1,1,1,0
1217,1,24,0,3,0,2,1
1218,1,21,0,23,0,2,1
1219,1,24,0,4,0,1,1
1220,1,36,0,0,0,0,1
1221,1,83,0,5,0,1,0
1222,1,24,0,8,0,1,1
1223,1,21,0,0,0,1,1
1224,1,27,0,4,1,1,1
1225,0,21,0,0,0,1,1
1226,1,24,0,0,0,2,0
1227,1,21,0,5,0,1,1
1228,1,21,0,3,0,1,1
1229,1,24,0,1,0,2,0
1230,0,27,0,1,1,2,1
1231,1,40,0,1,1,1,0
1232,1,24,0,1,0,2,0
1233,1,27,0,5,1,0,1
1234,1,21,0,0,1,1,0
1235,1,24,0,5,0,1,0
1236,1,24,0,1,0,0,0
1237,1,55,0,7,0,1,1
1238,1,27,0,1,1,1,1
1239,1,24,0,5,0,0,0
1240,1,24,0,2,0,1,1
1241,1,21,0,1,1,1,0
1242,1,58,0,1,1,1,0
1243,1,21,0,0,0,1,1
1244,0,27,0,0,1,2,1
1245,1,27,0,0,0,1,1
1246,0,61,0,1,0,1,1
1247,1,21,0,1,1,1,0
1248,0,29,0,1,0,1,1
1249,1,24,0,0,1,1,0
1250,1,58,0,5,0,0,0
1251,0,21,0,0,1,1,0
1252,1,40,0,1,1,2,0
1253,0,61,0,2,1,1,1
1254,1,27,0,0,1,0,0
1255,1,67,0,0,0,2,1
1256,1,24,0,1,0,1,1
1257,0,21,0,15,0,2,1
1258,1,24,0,1,1,1,0
1259,1,40,0,2,0,1,0
1260,0,52,0,5,0,1,0
1261,1,21,0,0,0,0,0
1262,0,24,0,29,0,2,0
1263,1,21,0,0,0,1,0
1264,0,21,0,5,0,2,1
1265,1,36,0,3,1,2,1
1266,1,58,0,0,0,2,0
1267,0,40,0,0,0,1,0
1268,1,27,0,0,1,2,0
1269,0,21,0,1,0,0,0
1270,1,21,0,24,1,0,0
1271,1,27,0,1,0,1,1
1272,1,24,0,0,0,1,1
1273,0,52,0,0,0,2,0
1274,1,21,0,3,1,1,1
1275,0,24,0,29,0,1,1
1276,1,36,0,1,0,2,0
1277,1,30,0,0,1,1,1
1278,1,21,0,2,1,1,1
1279,1,60,0,0,1,1,0
1280,1,45,0,29,1,0,1
1281,0,52,0,23,0,1,1
1282,1,52,0,1,1,2,0
1283,1,83,0,2,0,1,1
1284,1,21,0,11,0,2,1
1285,1,30,0,0,0,2,1
1286,1,27,0,5,1,1,1
1287,1,29,0,5,0,2,1
1288,1,36,0,23,0,2,0
1289,0,27,0,7,1,1,1
1290,0,45,0,0,1,1,0
1291,1,61,0,7,1,0,1
1292,1,45,0,1,1,2,1
1293,1,62,0,11,1,2,1
1294,1,40,0,1,0,1,0
1295,1,21,0,0,0,0,1
1296,1,53,0,0,0,2,1
1297,1,24,0,0,1,1,1
1298,1,55,0,15,0,1,0
1299,1,21,0,4,0,1,0
1300,1,24,0,11,0,1,1
1301,1,22,0,0,0,2,0
1302,1,24,0,1,1,1,0
1303,0,45,0,1,0,2,0
1304,1,53,0,15,0,2,1
1305,1,53,0,3,1,0,0
1306,1,21,0,3,0,0,0
1307,1,55,0,2,1,2,1
1308,1,60,0,0,1,1,0
1309,1,40,0,13,1,1,0
1310,1,36,0,1,0,1,0
1311,1,24,0,24,0,1,1
1312,0,24,0,29,0,2,1
1313,1,27,0,29,0,1,0
1314,1,60,0,0,1,2,0
1315,1,24,0,0,0,1,0
1316,1,52,0,1,0,0,0
1317,1,45,0,2,0,2,0
1318,1,24,0,0,0,0,0
1319,0,36,0,29,0,1,0
1320,1,40,0,0,1,2,1
1321,1,21,0,5,0,0,0
1322,1,62,0,3,1,1,1
1323,1,40,0,0,0,1,1
1324,1,40,0,0,1,2,0
1325,0,21,0,1,0,1,1
1326,1,58,0,0,0,1,1
1327,0,30,0,1,1,1,0
1328,1,60,0,0,0,1,1
1329,1,60,0,2,1,2,0
1330,0,21,0,0,0,0,1
1331,1,45,0,5,0,1,0
1332,1,36,0,0,0,2,1
1333,1,27,0,1,0,1,0
1334,0,21,0,24,0,1,0
1335,1,27,0,0,0,1,1
1336,1,30,0,0,1,0,0
1337,1,21,0,8,0,2,1
1338,1,40,0,0,0,0,0
1339,1,24,0,11,0,2,1
1340,1,21,0,1,0,1,0
1341,1,21,0,0,0,1,0
1342,1,27,0,3,1,2,0
1343,1,27,0,2,0,1,1
1344,0,27,0,15,0,1,0
1345,1,40,0,5,1,1,0
1346,1,24,0,11,0,0,0
1347,1,60,0,2,0,1,1
1348,1,45,0,0,0,0,1
1349,1,30,0,7,1,1,1
1350,1,53,1,1,1,1,1
1351,1,24,0,1,0,2,1
1352,1,24,0,0,0,2,0
1353,1,55,0,15,0,1,1
1354,1,24,0,5,0,1,1
1355,1,83,0,0,1,1,1
1356,1,21,0,11,1,1,0
1357,1,21,0,1,1,1,0
1358,1,24,0,0,0,0,0
1359,1,40,0,4,1,1,0
1360,1,67,0,5,0,2,1
1361,1,58,0,0,0,0,0
1362,1,83,0,24,0,1,0
1363,0,22,0,0,1,1,0
1364,1,24,0,23,0,0,0
1365,1,24,0,0,0,1,1
1366,0,30,0,0,1,1,1
1367,0,58,0,0,0,2,1
1368,1,58,0,0,0,1,1
1369,1,53,0,0,0,1,0
1370,1,24,0,5,0,1,0
1371,0,27,0,0,0,1,0
1372,1,24,0,5,1,2,1
1373,1,55,0,15,0,0,1
1374,0,40,0,1,0,1,1
1375,0,24,0,0,1,0,1
1376,0,27,0,11,1,2,0
1377,0,52,0,0,0,0,0
1378,1,60,0,1,0,2,0
1379,1,21,0,0,0,2,0
1380,1,21,0,5,0,0,1
1381,1,24,0,5,0,2,0
1382,1,21,0,0,0,1,0
1383,1,22,0,5,0,2,0
1384,0,40,0,0,0,2,0
1385,1,30,0,0,1,0,0
1386,1,24,0,7,1,1,1
1387,1,24,0,0,1,2,1
1388,1,21,0,1,0,0,0
1389,1,78,0,1,1,1,0
1390,1,30,0,0,0,1,0
1391,1,53,0,0,1,1,1
1392,1,52,0,2,1,1,1
1393,0,40,0,11,0,1,0
1394,1,21,0,5,0,1,1
1395,0,40,0,11,0,0,1
1396,0,27,0,5,1,2,1
1397,0,21,0,1,0,1,0
1398,1,24,0,0,1,1,1
1399,1,40,0,4,1,1,0
1400,1,30,0,1,1,0,0
1401,1,53,0,3,0,0,1
1402,1,40,0,2,0,1,0
1403,1,21,0,7,0,1,1
1404,1,22,0,7,0,2,1
1405,1,45,0,1,0,1,0
1406,1,24,0,2,0,1,0
1407,1,58,0,1,0,2,1
1408,1,24,0,1,0,2,0
1409,1,45,0,2,1,1,1
1410,0,27,0,1,0,1,0
1411,1,21,0,7,1,2,1
1412,0,21,0,0,0,1,0
1413,1,21,0,29,0,0,0
1414,1,27,0,23,0,1,0
1415,1,62,0,23,1,1,1
1416,0,62,0,0,0,1,0
1417,1,58,0,1,0,2,0
1418,1,53,0,1,1,1,1
1419,1,27,0,0,1,2,0
1420,0,61,0,5,0,1,0
1421,1,58,0,29,1,1,0
1422,1,58,0,1,1,1,1
1423,1,53,1,1,1,1,0
1424,0,21,0,24,1,1,0
1425,1,24,0,1,1,1,0
1426,1,21,1,1,0,1,0
1427,0,21,0,1,0,2,0
1428,1,45,0,0,0,1,0
1429,0,30,0,11,0,1,1
1430,1,21,0,3,1,1,1
1431,1,40,0,1,0,2,0
1432,1,24,0,2,0,2,0
1433,1,83,0,1,1,1,0
1434,1,30,0,11,0,0,1
1435,1,30,0,1,0,2,0
1436,1,52,0,5,0,1,1
1437,1,53,0,5,0,1,0
1438,1,21,0,0,0,0,1
1439,1,60,0,13,0,1,0
1440,1,29,0,5,0,1,1
1441,1,53,0,8,1,1,0
1442,1,27,0,0,1,2,0
1443,1,45,0,0,1,0,1
1444,1,60,0,3,1,2,0
1445,1,60,0,3,0,1,0
1446,1,45,0,13,1,2,0
1447,1,21,0,0,0,2,1
1448,0,27,0,8,0,1,0
1449,1,24,0,7,1,1,1
1450,1,36,0,0,1,2,1
1451,0,45,0,13,1,1,1
1452,1,53,0,1,0,1,0
1453,1,58,0,5,0,0,0
1454,1,21,0,3,1,2,0
1455,1,27,0,1,0,1,1
1456,1,55,0,2,1,2,0
1457,1,30,0,11,1,1,0
1458,1,78,0,0,0,2,1
1459,1,83,0,16,0,0,0
1460,1,21,0,0,0,1,1
1461,1,52,0,2,1,1,0
1462,1,67,0,3,1,1,1
1463,0,45,0,0,0,2,1
1464,1,53,0,0,0,0,1
1465,1,22,0,5,1,0,1
1466,1,40,0,5,0,1,0
1467,1,83,0,23,0,0,0
1468,1,58,0,0,0,0,1
1469,1,27,0,1,1,1,1
1470,1,60,0,13,0,2,0
1471,1,60,0,29,0,1,1
1472,0,40,0,1,0,0,0
1473,1,36,0,0,0,1,0
1474,1,30,0,11,0,1,0
1475,1,58,0,0,1,2,1
1476,1,83,0,5,0,0,1
1477,1,21,0,15,0,2,0
1478,0,30,0,0,0,2,0
1479,1,30,0,0,1,0,0
1480,1,40,0,11,1,2,1
1481,0,61,0,0,0,0,1
1482,1,60,0,0,1,1,0
1483,1,83,0,3,0,1,0
1484,1,40,0,5,1,2,0
1485,0,40,0,1,1,1,1
1486,1,36,0,1,0,1,0
1487,1,21,0,29,1,2,0
1488,1,24,0,0,0,0,0
1489,1,21,0,15,0,1,1
1490,1,21,0,11,0,0,0
1491,1,21,0,0,1,2,0
1492,0,24,0,0,1,1,1
1493,1,52,0,0,1,1,0
1494,1,24,0,1,0,1,0
1495,1,21,0,3,1,1,1
1496,1,40,0,15,0,2,0
1497,1,27,0,15,0,1,1
1498,1,24,0,4,0,2,0
1499,1,53,0,0,0,0,0
1500,1,40,0,0,0,1,1
1501,1,60,0,0,0,2,1
1502,1,36,0,3,1,1,1
1503,0,40,0,0,0,2,0
1504,1,21,0,5,0,1,1
1505,1,24,0,2,0,1,0
1506,1,45,0,29,0,1,1
1507,1,21,0,1,1,2,1
1508,1,60,0,0,0,1,1
1509,1,45,0,0,0,0,1
1510,0,45,0,0,0,1,0
1511,1,24,0,8,1,0,1
1512,1,27,0,0,0,1,1
1513,1,52,0,2,0,0,0
1514,0,21,0,0,0,0,0
1515,0,24,0,7,1,1,0
1516,1,60,0,0,0,1,0
1517,0,21,0,0,1,1,1
1518,1,21,0,29,1,1,1
1519,1,22,0,0,1,2,0
1520,1,45,0,0,0,2,1
1521,1,22,0,1,0,1,1
1522,1,58,0,5,0,2,1
1523,0,60,0,15,1,2,0
1524,1,27,0,11,0,1,1
1525,1,27,0,0,1,2,0
1526,1,40,0,4,0,1,0
1527,0,21,0,11,0,2,1
1528,1,55,0,0,0,0,0
1529,1,21,0,0,1,1,1
1530,0,53,1,1,1,1,1
1531,1,58,0,4,0,1,0
1532,1,52,0,15,0,2,1
1533,1,58,0,0,0,1,1
1534,1,60,0,0,0,1,1
1535,1,24,0,1,0,1,0
1536,1,24,0,1,0,0,1
1537,1,58,0,0,0,1,0
1538,1,21,0,5,0,1,0
1539,0,24,0,3,0,2,0
1540,0,21,0,7,1,2,1
1541,1,40,0,1,1,2,1
1542,1,40,0,4,1,2,1
1543,0,52,0,7,0,2,0
1544,1,40,0,1,0,1,0
1545,1,21,0,15,0,1,1
1546,1,58,0,29,1,1,1
1547,1,21,0,1,0,0,0
1548,1,21,0,15,0,1,0
1549,1,24,0,1,0,1,1
1550,1,24,0,0,0,2,1
1551,0,60,0,1,0,1,0
1552,1,27,0,1,0,1,1
1553,1,83,0,16,1,1,0
1554,1,24,0,0,0,1,0
1555,1,53,0,11,0,1,1
1556,1,21,0,0,0,2,1
1557,1,27,0,2,0,1,0
1558,1,83,0,5,0,1,0
1559,0,30,0,13,0,1,1
1560,1,55,0,7,1,1,0
1561,1,27,0,5,0,0,1
1562,1,55,0,7,1,0,0
1563,1,83,0,0,0,0,0
1564,1,27,0,11,1,1,0
1565,1,58,0,3,0,1,1
1566,1,58,0,0,1,0,0
1567,1,52,0,0,0,1,0
1568,1,61,0,0,0,0,1
1569,0,60,0,29,1,1,0
1570,1,24,0,8,1,1,1
1571,1,21,0,1,0,0,0
1572,1,21,0,0,0,0,0
1573,1,55,0,5,0,2,1
1574,1,24,0,1,1,2,0
1575,1,21,0,1,0,1,1
1576,1,24,0,1,1,1,0
1577,1,45,0,0,0,1,0
1578,1,21,0,0,0,2,0
1579,1,53,0,2,0,0,1
1580,1,40,0,1,1,1,0
1581,1,30,0,0,0,2,0
1582,1,27,0,4,0,1,1
1583,1,40,0,1,0,1,1
1584,0,53,0,0,1,1,0
1585,0,27,0,0,1,2,1
1586,1,53,0,0,0,2,0
1587,0,22,0,0,1,2,0
1588,0,21,0,0,1,1,0
1589,0,27,0,0,0,2,0
1590,1,24,0,0,0,0,0
1591,1,53,0,3,1,2,0
1592,1,24,0,0,1,2,1
1593,1,21,0,0,1,2,0
1594,1,21,0,0,1,2,1
1595,1,61,0,5,0,0,0
1596,1,27,0,0,0,1,0
1597,0,40,0,0,0,1,0
1598,0,22,0,1,0,0,0
1599,1,52,0,1,0,1,1
1600,1,27,0,0,1,1,0
1601,0,60,0,30,0,2,1
1602,1,58,0,0,0,2,1
1603,1,21,0,0,1,0,0
1604,0,52,0,2,1,0,0
1605,1,21,0,0,0,1,1
1606,1,58,0,3,0,1,0
1607,0,27,0,29,0,2,1
1608,1,53,0,15,0,1,0
1609,1,24,0,0,1,1,0
1610,0,22,0,0,1,2,1
1611,1,78,0,7,0,0,0
1612,1,24,0,3,0,1,1
1613,0,27,0,2,0,2,1
1614,1,30,0,3,1,1,1
1615,1,27,0,4,1,1,0
1616,1,21,0,0,1,2,0
1617,0,24,0,2,0,2,1
1618,0,58,0,15,0,1,1
1619,1,27,0,23,1,1,1
1620,0,55,0,1,0,2,0
1621,1,61,0,0,0,0,0
1622,1,58,0,0,0,1,0
1623,1,30,0,0,1,1,0
1624,0,24,0,13,0,1,1
1625,0,21,0,2,1,2,0
1626,1,24,0,29,1,1,0
1627,1,27,0,13,0,2,1
1628,1,21,0,2,0,0,1
1629,1,21,0,0,0,0,0
1630,1,45,0,1,1,1,0
1631,1,24,0,23,0,1,1
1632,1,27,0,1,0,1,1
1633,1,53,0,0,0,1,1
1634,1,21,0,0,1,1,0
1635,0,24,0,11,1,0,0
1636,1,24,0,23,0,1,0
1637,1,24,0,1,0,0,0
1638,1,30,0,1,0,0,1
1639,1,58,0,2,1,1,1
1640,0,58,0,1,0,0,0
1641,1,36,0,0,0,1,1
1642,1,52,0,0,0,1,1
1643,1,83,0,23,0,1,1
1644,1,60,0,11,0,2,0
1645,1,36,0,5,1,1,1
1646,1,21,0,0,0,2,1
1647,1,21,0,1,1,1,1
1648,1,21,0,1,1,2,1
1649,0,45,0,2,0,1,1
1650,1,67,0,4,1,2,1
1651,1,83,0,29,1,0,1
1652,1,27,0,1,0,0,1
1653,1,21,0,4,1,2,0
1654,1,21,0,0,0,0,0
1655,1,40,0,1,1,0,0
1656,0,60,0,1,1,1,1
1657,1,30,0,0,0,1,0
1658,1,58,0,7,1,1,1
1659,1,62,0,0,0,1,1
1660,0,61,0,2,1,1,1
1661,1,61,0,11,0,1,0
1662,1,27,0,0,0,0,1
1663,0,24,0,11,0,1,1
1664,1,24,0,1,1,1,0
1665,0,53,0,0,1,2,0
1666,1,58,0,23,0,2,0
1667,1,60,0,0,1,1,1
1668,1,40,0,0,1,1,1
1669,1,83,0,29,0,1,1
1670,1,24,0,3,1,2,0
1671,1,58,0,2,0,1,0
1672,0,45,0,0,1,0,0
1673,1,30,0,8,0,2,1
1674,1,53,0,3,0,1,1
1675,1,58,0,7,0,2,0
1676,1,83,0,3,0,2,0
1677,1,24,0,1,1,2,0
1678,1,30,0,24,0,0,0
1679,1,52,0,29,0,0,0
1680,1,53,0,29,1,2,0
1681,1,24,0,1,0,2,0
1682,1,21,0,15,0,1,1
1683,1,21,0,5,0,2,1
1684,1,83,0,0,0,1,0
1685,1,21,0,4,1,1,0
1686,0,45,0,7,0,1,0
1687,1,24,0,2,1,1,1
1688,1,53,0,29,1,1,1
1689,1,53,0,3,0,2,0
1690,1,24,0,0,0,2,0
1691,1,21,0,11,1,1,0
1692,1,55,0,3,0,1,0
1693,1,45,0,11,0,2,1
1694,1,27,0,1,0,1,0
1695,0,36,0,0,0,2,0
1696,0,24,0,0,0,1,0
1697,1,40,0,0,0,0,1
1698,0,24,0,0,0,1,0
1699,1,21,0,3,1,2,1
1700,1,53,0,30,0,1,0
1701,0,52,0,1,0,0,1
1702,1,60,0,0,0,0,0
1703,1,27,0,0,0,1,0
1704,0,83,0,1,0,1,1
1705,1,52,0,29,0,2,0
1706,1,21,0,4,0,1,1
1707,1,40,0,13,0,1,1
1708,1,21,0,1,0,1,1
1709,1,53,0,24,0,1,1
1710,0,21,0,0,0,1,0
1711,1,21,0,1,0,1,1
1712,1,27,0,0,1,2,1
1713,1,24,0,4,0,0,1
1714,1,30,0,0,0,2,0
1715,1,40,0,0,1,1,1
1716,1,21,0,0,0,0,1
1717,0,27,0,1,0,0,1
1718,1,27,0,2,1,2,1
1719,1,30,0,30,1,1,0
1720,1,53,0,1,1,1,0
1721,1,21,0,0,1,2,0
1722,0,22,0,15,1,2,0
1723,1,52,0,0,0,1,0
1724,0,24,0,1,0,1,1
1725,1,24,0,0,0,2,0
1726,1,36,0,1,0,0,1
1727,1,27,0,5,1,2,0
1728,0,21,0,1,0,1,1
1729,1,55,0,0,0,1,0
1730,1,58,0,4,0,2,1
1731,1,30,0,0,0,0,1
1732,1,27,0,5,1,0,1
1733,1,24,0,23,0,1,0
1734,1,27,0,24,1,1,0
1735,0,21,0,0,1,1,0
1736,1,45,0,0,1,1,0
1737,1,40,0,24,0,1,1
1738,1,30,0,11,0,1,0
1739,1,27,0,2,0,1,0
1740,1,52,0,0,1,1,0
1741,1,62,0,15,0,2,0
1742,1,21,0,0,1,1,1
1743,1,27,0,29,0,1,0
1744,1,24,0,30,1,2,0
1745,1,21,0,1,1,1,0
1746,1,53,0,29,0,1,0
1747,1,24,0,11,0,1,1
1748,0,61,0,7,1,1,1
1749,1,21,0,0,0,2,0
1750,1,27,0,0,0,0,0
1751,1,40,0,3,0,2,1
1752,1,40,0,1,0,1,0
1753,1,27,0,0,0,1,1
1754,1,40,0,2,0,1,1
1755,1,67,0,0,0,0,0
1756,0,58,0,0,0,0,0
1757,0,61,0,1,1,1,0
1758,1,21,0,7,0,1,0
1759,0,55,0,3,1,1,0
1760,1,40,0,29,0,1,0
1761,1,27,0,2,1,2,0
1762,1,53,0,0,0,1,0
1763,1,27,0,1,1,2,1
1764,1,40,0,13,1,1,0
1765,1,40,0,1,1,2,1
1766,1,22,0,5,0,1,1
1767,1,61,0,0,0,0,0
1768,1,30,0,0,0,2,0
1769,0,45,0,0,1,1,1
1770,0,61,0,1,0,2,0
1771,1,21,0,5,0,1,0
1772,1,27,0,0,1,1,0
1773,1,52,0,0,0,0,1
1774,1,21,0,0,0,1,0
1775,0,55,0,23,1,2,1
1776,1,52,0,0,0,1,0
1777,1,21,0,1,0,2,0
1778,1,30,0,1,0,2,0
1779,0,40,0,0,0,2,0
1780,1,24,0,0,1,1,1
1781,1,52,0,0,0,1,0
1782,1,60,0,2,1,2,1
1783,1,45,0,0,1,1,1
1784,1,58,0,0,0,2,0
1785,1,45,0,29,1,0,1
1786,1,36,0,15,1,1,1
1787,1,21,0,0,0,2,0
1788,1,27,0,0,1,1,1
1789,0,21,0,29,1,0,0
1790,1,40,0,5,0,2,0
1791,1,60,0,29,0,1,0
1792,1,27,0,1,0,1,1
1793,1,24,0,16,1,2,0
1794,1,55,0,1,1,2,0
1795,1,21,0,2,0,2,0
1796,1,40,0,15,0,1,1
1797,1,61,0,1,1,1,0
1798,0,21,0,0,1,1,1
1799,1,40,0,15,0,1,1
1800,1,21,0,0,0,0,0
1801,1,83,0,1,0,1,0
1802,0,21,0,0,1,1,0
1803,1,60,0,1,1,1,0
1804,1,45,0,0,0,0,1
1805,1,21,0,1,0,1,0
1806,0,61,0,1,0,0,1
1807,0,27,0,23,0,2,1
1808,1,36,0,0,0,1,1
1809,0,21,0,3,1,1,1
1810,1,30,0,1,0,0,1
1811,1,30,0,2,1,1,0
1812,1,53,0,1,1,1,1
1813,0,40,0,4,0,1,0
1814,1,58,0,1,0,2,0
1815,1,60,0,1,0,1,1
1816,1,52,0,4,0,1,1
1817,1,24,0,0,0,2,1
1818,1,30,0,1,0,0,1
1819,1,24,0,1,0,1,0
1820,1,40,0,0,1,2,0
1821,1,60,0,3,1,1,1
1822,0,40,0,0,0,1,1
1823,1,24,0,1,0,2,1
1824,1,53,0,0,1,2,0
1825,1,61,0,15,0,1,1
1826,0,21,0,5,0,1,1
1827,1,27,0,1,1,1,1
1828,1,40,0,5,0,1,1
1829,0,21,0,3,0,0,0
1830,1,40,0,16,0,1,1
1831,1,21,0,1,1,1,0
1832,1,21,0,1,0,1,1
1833,1,21,0,29,0,1,0
1834,0,40,0,4,1,1,0
1835,1,21,0,0,0,2,1
1836,0,21,0,13,0,1,1
1837,1,45,0,5,1,1,1
1838,0,40,0,15,0,0,0
1839,1,60,0,2,0,1,0
1840,1,40,0,2,0,1,0
1841,1,52,0,1,0,1,0
1842,1,53,0,5,1,0,1
1843,1,24,0,4,0,2,1
1844,1,21,0,0,0,0,1
1845,1,40,0,1,0,1,1
1846,1,27,0,5,0,0,1
1847,1,55,0,23,0,2,1
1848,1,24,0,8,0,1,0
1849,1,21,0,1,0,1,1
1850,1,21,0,3,0,0,0
1851,0,27,0,1,1,1,0
1852,1,21,0,1,0,1,1
1853,0,27,0,5,0,2,1
1854,1,58,0,1,0,1,0
1855,1,67,0,7,0,1,0
1856,1,24,0,13,1,1,0
1857,1,21,0,1,0,1,0
1858,1,35,0,5,0,2,0
1859,0,21,0,0,1,2,1
1860,1,21,0,0,1,1,0
1861,0,21,0,0,1,2,1
1862,1,24,0,13,0,2,1
1863,1,58,0,29,0,2,0
1864,1,21,0,15,1,1,1
1865,0,40,0,5,0,1,0
1866,0,55,0,2,0,1,0
1867,0,21,0,24,0,2,1
1868,1,24,0,1,0,0,1
1869,1,45,0,0,0,1,1
1870,0,27,0,5,0,0,0
1871,0,27,0,0,0,0,0
1872,1,21,0,0,0,1,0
1873,1,21,0,0,1,1,0
1874,1,40,0,8,0,1,1
1875,1,30,0,4,0,2,1
1876,1,36,0,2,0,1,0
1877,1,27,0,11,0,2,0
1878,1,21,0,2,0,2,0
1879,1,21,0,7,0,1,1
1880,1,55,0,8,0,1,1
1881,1,21,0,1,1,1,1
1882,1,30,0,5,0,2,1
1883,1,22,0,5,0,0,0
1884,0,36,0,1,0,1,1
1885,1,58,0,4,0,1,0
1886,1,55,0,0,0,0,1
1887,0,21,0,2,1,2,1
1888,1,60,0,0,1,1,0
1889,1,21,0,1,0,1,0
1890,1,45,0,8,1,1,0
1891,1,21,0,11,1,1,1
1892,0,40,0,1,0,2,1
1893,1,29,0,11,1,1,0
1894,1,22,0,29,0,1,1
1895,0,62,0,1,1,1,0
1896,1,53,0,2,0,1,0
1897,1,45,0,23,0,1,0
1898,1,40,0,13,0,1,0
1899,1,24,0,0,0,2,0
1900,1,52,0,7,0,1,1
1901,1,21,0,29,1,0,1
1902,0,58,0,1,0,0,1
1903,0,40,0,3,1,2,1
1904,1,27,0,0,1,1,1
1905,1,36,0,3,1,2,1
1906,1,30,0,2,0,1,0
1907,1,21,0,29,0,1,0
1908,1,21,0,1,1,1,1
1909,1,27,0,15,1,1,0
1910,1,30,0,1,0,0,1
1911,1,83,0,7,1,2,1
1912,1,45,0,2,1,1,0
1913,0,62,0,0,0,0,0
1914,1,24,0,2,1,2,0
1915,1,24,0,3,0,1,0
1916,0,53,0,0,1,1,1
1917,1,21,0,1,0,2,0
1918,1,40,0,2,0,0,0
1919,0,27,0,0,0,2,1
1920,1,60,0,1,0,2,0
1921,0,21,0,4,0,2,1
1922,1,22,0,0,1,1,0
1923,1,45,0,2,0,1,0
1924,1,24,0,5,0,1,0
1925,1,61,0,1,0,0,1
1926,1,24,0,0,0,1,0
1927,1,83,0,1,0,1,1
1928,0,21,0,5,0,1,1
1929,1,21,0,1,0,1,0
1930,1,27,0,1,0,1,0
1931,1,60,0,29,1,1,1
1932,0,58,0,29,0,0,0
1933,0,24,0,1,0,1,1
1934,1,45,0,5,0,1,0
1935,1,61,0,0,1,1,1
1936,1,30,0,3,0,2,1
1937,1,21,0,1,0,1,0
1938,1,36,0,0,1,1,0
1939,1,40,0,29,0,0,0
1940,1,45,0,24,1,1,1
1941,1,55,0,5,0,1,1
1942,1,24,0,23,0,2,1
1943,1,60,0,1,0,2,0
1944,1,83,0,3,1,1,1
1945,1,22,0,15,1,1,0
1946,0,40,0,1,0,2,1
1947,0,27,0,0,1,1,0
1948,1,40,0,0,1,1,1
1949,0,53,0,15,1,1,0
1950,1,53,0,5,0,1,1
1951,1,30,0,29,1,0,1
1952,0,58,0,2,0,0,0
1953,1,45,0,0,1,2,0
1954,1,40,0,0,0,1,0
1955,1,40,0,5,1,1,0
1956,1,21,0,15,0,0,0
1957,1,24,0,1,0,0,1
1958,1,24,0,1,0,1,0
1959,1,45,0,2,1,1,0
1960,1,45,0,0,0,1,1
1961,1,21,0,29,1,1,0
1962,1,40,0,1,1,2,1
1963,1,21,0,1,0,1,0
1964,1,40,0,24,1,0,0
1965,1,40,0,11,0,1,1
1966,1,24,0,5,1,0,0
1967,1,21,0,1,0,2,1
1968,1,24,0,1,0,0,1
1969,1,40,0,0,0,2,1
1970,1,40,0,8,0,1,0
1971,1,40,0,5,1,2,1
1972,1,21,0,0,1,2,1
1973,1,24,0,0,1,1,1
1974,1,27,0,29,0,0,1
1975,1,45,0,5,1,1,0
1976,1,40,0,7,1,2,1
1977,0,22,0,1,1,1,0
1978,0,52,0,11,1,1,1
1979,1,40,0,0,0,1,1
1980,0,24,0,1,1,1,0
1981,0,24,0,0,0,1,1
1982,1,45,0,29,0,2,0
1983,1,53,0,1,0,1,0
1984,1,30,0,1,0,2,1
1985,0,24,0,5,0,2,1
1986,1,27,0,0,1,1,0
1987,1,53,1,7,0,1,1
1988,1,60,0,11,0,2,0
1989,1,40,0,5,0,1,0
1990,0,21,0,0,1,1,1
1991,1,55,0,13,0,1,1
1992,1,21,0,15,1,1,0
1993,1,45,0,2,1,0,0
1994,1,24,0,5,1,1,1
1995,1,52,0,15,1,0,0
1996,1,27,0,15,0,0,0
1997,1,24,0,3,1,2,0
1998,0,61,0,0,0,2,1
1999,0,27,0,1,0,0,0
2000,1,21,0,29,0,1,1
2001,1,30,0,1,0,2,0
2002,0,40,0,0,1,2,0
2003,1,24,0,0,0,2,0
2004,1,24,0,29,1,2,0
2005,1,21,0,0,0,0,0
2006,0,36,0,1,0,2,0
2007,0,21,0,2,0,0,1
2008,0,24,0,4,0,1,0
2009,1,62,0,5,0,1,0
2010,1,61,0,0,0,0,0
2011,1,21,0,2,1,2,0
2012,1,21,0,23,1,1,0
2013,0,27,0,1,1,1,0
2014,1,30,0,29,1,2,0
2015,1,21,0,30,0,1,0
2016,1,60,0,1,0,2,0
2017,0,30,0,29,0,1,1
2018,1,83,0,1,1,2,0
2019,1,24,0,15,0,1,1
2020,1,21,0,1,1,0,0
2021,1,61,0,1,0,1,0
2022,0,24,0,2,0,1,0
2023,1,45,0,1,0,2,1
2024,1,58,0,1,0,0,1
2025,1,40,0,15,0,2,0
2026,1,53,0,0,0,1,1
2027,1,60,0,1,1,0,1
2028,1,21,0,0,0,0,1
2029,1,61,0,1,0,1,1
2030,1,21,0,0,0,2,0
2031,1,60,0,1,0,1,0
2032,1,58,0,5,0,2,0
2033,1,52,0,0,1,0,0
2034,1,45,0,1,1,1,0
2035,0,21,0,0,1,1,0
2036,1,27,0,5,1,0,0
2037,1,83,0,1,1,1,1
2038,0,21,0,1,0,1,0
2039,1,27,0,0,0,1,1
2040,0,45,0,5,0,2,0
2041,1,24,0,1,1,2,1
2042,0,45,0,1,0,1,1
2043,1,45,0,7,0,1,1
2044,1,27,0,5,0,1,1
2045,1,24,0,1,0,0,1
2046,0,58,0,3,0,2,1
2047,1,24,0,1,0,1,0
2048,1,30,0,7,0,1,1
2049,1,21,0,1,0,1,1
2050,1,60,0,0,0,2,0
2051,1,21,0,0,1,1,0
2052,1,24,0,4,1,1,1
2053,1,21,0,1,0,2,0
2054,1,52,0,11,0,2,0
2055,0,27,0,24,0,1,0
2056,1,30,0,23,0,2,0
2057,1,21,0,11,1,2,0
2058,1,30,0,1,0,2,0
2059,1,58,0,5,0,1,0
2060,1,52,0,5,0,0,1
2061,0,30,0,0,0,1,1
2062,1,61,0,1,1,0,0
2063,1,27,0,3,1,2,0
2064,1,45,0,0,0,0,0
2065,0,24,0,0,1,1,1
2066,1,27,0,4,0,1,1
2067,1,24,0,0,1,1,1
2068,1,52,0,0,0,1,0
2069,1,21,0,0,1,0,1
2070,1,61,0,2,0,1,0
2071,1,21,0,1,0,2,0
2072,1,60,0,0,1,2,0
2073,0,83,0,0,1,2,1
2074,1,22,0,0,1,0,1
2075,1,60,0,0,1,1,1
2076,1,21,0,0,0,0,0
2077,1,22,0,1,0,1,0
2078,1,21,0,0,1,1,1
2079,1,21,0,29,1,1,1
2080,1,45,0,0,1,1,0
2081,1,60,0,29,0,1,1
2082,1,40,0,2,0,2,0
2083,1,40,0,0,0,0,0
2084,1,62,0,0,0,0,0
2085,1,40,0,23,0,2,0
2086,0,24,0,1,0,0,1
2087,1,21,0,0,0,0,1
2088,1,60,0,2,0,0,1
2089,1,27,0,1,0,1,0
2090,1,40,0,0,1,0,0
2091,1,45,0,29,1,2,1
2092,0,40,0,0,1,1,1
2093,1,55,0,0,0,1,0
2094,0,61,0,4,0,2,1
2095,1,60,0,4,0,1,1
2096,1,60,0,1,0,0,1
2097,1,40,0,15,0,1,0
2098,1,27,0,7,0,1,0
2099,0,21,0,2,1,1,0
2100,1,60,0,11,0,2,0
2101,1,21,0,1,0,1,0
2102,1,58,0,5,1,2,0
2103,0,30,0,4,1,1,1
2104,1,55,0,0,0,1,0
2105,1,24,0,0,1,2,1
2106,1,24,0,0,0,2,0
2107,1,60,0,0,1,1,0
2108,0,58,0,1,1,1,1
2109,1,24,0,1,0,2,1
2110,1,61,0,3,0,0,0
2111,1,27,0,1,0,1,0
2112,1,27,0,2,0,1,0
2113,1,27,0,1,1,1,0
2114,1,40,0,5,0,1,0
2115,1,52,0,7,0,1,0
2116,1,21,0,7,1,2,0
2117,1,60,0,23,0,1,0
2118,1,53,0,0,0,0,1
2119,1,30,0,1,0,2,0
2120,1,22,0,5,1,1,0
2121,1,45,0,2,1,2,0
2122,1,61,0,29,0,0,0
2123,1,40,0,29,0,2,0
2124,1,40,0,24,0,2,1
2125,1,21,0,7,0,1,0
2126,1,58,0,4,1,1,0
2127,0,27,0,1,0,2,1
2128,1,27,0,0,0,1,0
2129,1,21,0,0,0,1,1
2130,1,21,0,0,0,0,0
2131,0,78,0,8,0,1,1
2132,1,61,0,2,0,1,0
2133,0,45,0,0,1,1,0
2134,1,27,0,1,0,0,1
2135,1,21,0,3,0,2,1
2136,1,30,0,5,0,1,1
2137,1,27,0,0,0,0,0
2138,0,61,0,3,0,1,1
2139,1,30,0,5,1,1,0
2140,1,53,0,5,0,2,1
2141,0,24,0,24,0,0,0
2142,1,45,0,24,0,1,0
2143,1,40,0,0,0,2,0
2144,1,58,0,5,1,1,0
2145,0,21,0,1,1,1,0
2146,1,27,0,4,0,0,0
2147,1,27,0,0,1,2,0
2148,1,40,0,4,0,1,0
2149,1,53,0,7,1,1,1
2150,1,60,0,24,1,1,0
2151,1,53,0,2,0,1,1
2152,1,40,0,4,0,0,0
2153,1,58,0,0,1,1,0
2154,1,21,0,2,0,0,0
2155,1,58,0,1,1,1,0
2156,1,58,0,0,1,1,1
2157,0,22,0,2,0,2,0
2158,1,27,0,0,0,1,0
2159,1,83,0,0,0,2,1
2160,0,58,0,0,0,1,1
2161,0,24,0,5,0,0,1
2162,1,21,0,5,0,1,0
2163,1,21,0,5,0,0,0
2164,1,61,0,0,0,2,1
2165,1,36,0,0,0,1,0
2166,1,24,0,0,1,2,0
2167,0,61,0,0,0,2,1
2168,0,27,0,0,0,0,0
2169,1,30,0,0,0,1,0
2170,1,21,0,2,1,0,1
2171,1,27,0,5,0,0,0
2172,1,58,0,0,0,2,1
2173,1,52,0,4,0,1,1
2174,1,30,0,3,1,2,1
2175,0,61,0,5,0,0,1
2176,1,21,0,1,1,1,1
2177,0,24,0,1,1,2,1
2178,1,61,0,0,1,1,1
2179,1,45,0,0,0,1,1
2180,0,53,0,1,0,1,0
2181,0,36,0,0,0,1,0
2182,1,27,0,4,0,0,1
2183,1,60,0,1,0,1,0
2184,1,45,0,4,0,2,0
2185,1,27,0,0,1,1,0
2186,1,21,0,0,0,1,0
2187,1,30,0,1,1,0,1
2188,1,45,0,1,1,2,0
2189,1,58,0,13,0,0,0
2190,1,21,0,2,1,1,1
2191,0,21,0,3,1,1,0
2192,0,60,0,0,0,1,0
2193,1,60,0,3,0,1,0
2194,0,21,0,1,0,1,1
2195,1,53,0,1,1,2,1
2196,1,60,0,1,0,1,1
2197,1,36,0,11,0,2,1
2198,1,52,0,5,0,2,1
2199,1,58,0,30,1,2,0
2200,1,52,0,4,0,1,0
2201,0,53,0,3,0,1,1
2202,1,61,0,3,0,1,1
2203,1,21,0,13,1,2,1
2204,1,24,0,3,0,2,0
2205,1,67,0,0,0,1,1
2206,1,83,0,3,0,0,1
2207,1,53,0,1,0,2,0
2208,1,52,0,1,1,1,1
2209,1,27,0,5,0,0,0
2210,1,21,0,1,1,2,0
2211,1,40,0,1,0,2,1
2212,1,36,0,29,0,1,1
2213,1,83,0,0,0,2,1
2214,1,27,0,1,0,1,0
2215,0,24,0,24,1,1,0
2216,1,27,0,0,1,1,1
2217,1,53,0,4,0,0,0
2218,1,52,0,24,1,1,0
2219,1,40,0,0,0,1,1
2220,1,52,0,29,0,1,1
2221,0,60,0,0,1,1,0
2222,1,83,0,29,1,1,1
2223,1,83,0,1,1,1,0
2224,1,21,0,0,0,1,0
2225,0,40,0,1,0,1,0
2226,1,27,0,5,1,1,0
2227,1,40,0,3,0,1,0
2228,0,30,0,5,1,2,0
2229,1,55,0,0,1,2,1
2230,1,27,0,7,0,2,1
2231,1,62,0,1,1,1,0
2232,1,58,0,24,0,0,0
2233,1,36,0,0,0,0,0
2234,1,52,0,7,1,0,0
2235,1,21,0,5,0,1,0
2236,0,27,0,0,0,2,1
2237,1,83,0,1,0,2,0
2238,1,53,0,0,1,1,1
2239,0,30,0,15,1,1,0
2240,1,52,0,0,0,1,0
2241,1,21,0,29,0,0,1
2242,0,36,0,0,1,2,0
2243,0,40,0,29,0,1,0
2244,1,58,0,30,0,1,0
2245,1,21,0,1,1,2,1
2246,1,27,0,1,0,0,1
2247,1,55,0,7,0,0,1
2248,1,53,0,5,0,0,1
2249,1,27,0,2,0,0,0
2250,1,58,0,0,1,1,1
2251,1,53,0,4,0,1,0
2252,1,30,0,2,0,1,0
2253,1,52,0,0,0,1,1
2254,1,24,0,1,0,0,0
2255,1,24,0,4,0,2,1
2256,1,58,0,5,0,1,0
2257,1,24,0,2,1,1,1
2258,1,24,0,1,1,1,0
2259,1,83,0,0,0,1,1
2260,0,24,0,5,0,0,1
2261,1,27,0,1,0,0,0
2262,1,27,0,0,1,1,0
2263,0,27,0,0,1,1,1
2264,1,61,0,7,1,1,0
2265,1,21,0,5,1,0,0
2266,1,27,0,29,0,2,0
2267,1,61,0,29,0,1,0
2268,1,36,0,5,0,0,1
2269,1,40,0,7,0,1,0
2270,1,21,0,1,0,0,0
2271,1,24,0,7,1,1,0
2272,1,30,0,0,1,1,1
2273,1,21,0,0,0,2,0
2274,0,24,0,1,0,1,0
2275,1,61,0,13,1,1,0
2276,1,60,0,1,0,1,1
2277,1,24,0,1,1,1,0
2278,1,30,0,5,0,1,0
2279,1,21,0,1,0,0,0
2280,1,83,0,1,0,1,0
2281,1,53,0,1,0,1,0
2282,1,30,0,0,0,2,0
2283,1,21,0,5,0,1,0
2284,1,36,0,0,0,1,1
2285,1,55,0,0,0,2,1
2286,1,21,0,2,0,0,0
2287,1,24,0,5,1,2,0
2288,1,27,0,7,1,1,1
2289,1,58,0,7,0,2,0
2290,0,21,0,0,0,2,1
2291,0,45,0,1,0,1,1
2292,1,21,0,0,1,0,1
2293,1,62,0,0,1,1,0
2294,1,24,0,5,0,0,1
2295,0,24,0,1,1,2,1
2296,1,29,0,1,1,2,0
2297,1,61,0,0,0,0,0
2298,1,58,0,0,0,0,0
2299,1,22,0,1,0,1,0
2300,1,45,0,4,0,2,1
2301,1,27,0,0,1,0,1
2302,1,27,0,0,1,2,1
2303,0,21,0,15,0,1,0
2304,0,52,0,29,0,0,0
2305,1,27,0,1,0,1,1
2306,0,21,0,5,1,1,0
2307,1,27,0,1,0,1,0
2308,1,21,0,0,1,0,0
2309,1,30,0,29,0,0,1
2310,1,40,0,4,1,1,0
2311,1,21,0,15,0,1,1
2312,1,61,0,5,1,0,0
2313,1,24,0,2,0,0,1
2314,1,58,0,24,0,1,1
2315,0,45,0,2,1,1,1
2316,1,67,0,2,1,1,0
2317,1,21,0,1,1,1,0
2318,1,52,0,0,1,1,1
2319,1,24,0,23,0,1,0
2320,0,55,0,2,0,2,1
2321,0,36,0,2,0,2,0
2322,1,27,0,2,0,1,0
2323,1,27,0,4,0,1,0
2324,1,21,0,1,0,1,1
2325,0,27,0,29,0,0,0
2326,1,24,0,15,0,1,1
2327,1,53,0,5,0,1,0
2328,0,27,0,23,0,0,1
2329,1,21,0,3,0,1,1
2330,1,21,0,0,0,0,1
2331,1,55,0,0,1,1,0
2332,1,27,0,2,0,1,1
2333,0,45,0,1,0,2,1
2334,1,27,0,5,0,0,1
2335,1,24,0,29,1,1,0
2336,0,40,0,4,0,1,0
2337,1,24,0,0,0,0,1
2338,1,24,0,5,0,1,0
2339,1,52,0,2,0,0,0
2340,1,24,0,1,0,0,0
2341,0,52,0,2,0,2,0
2342,1,30,0,1,1,1,1
2343,1,24,0,0,0,1,1
2344,1,27,0,0,0,1,0
2345,1,52,0,2,0,1,0
2346,0,58,0,1,0,1,1
2347,1,40,0,11,1,2,1
2348,1,21,0,5,1,1,1
2349,1,40,0,0,0,1,1
2350,1,40,0,29,0,1,0
2351,1,53,0,2,1,0,0
2352,1,24,0,3,1,1,1
2353,1,35,0,2,0,2,0
2354,0,40,0,0,0,1,0
2355,0,27,0,1,0,0,1
2356,1,30,0,3,0,0,1
2357,1,61,0,5,0,1,1
2358,1,52,0,29,0,1,0
2359,1,24,0,11,0,0,1
2360,1,27,0,7,0,2,0
2361,1,40,0,11,0,1,0
2362,1,40,0,1,0,2,1
2363,1,27,0,1,1,1,0
2364,1,83,0,0,1,2,1
2365,1,58,0,2,0,0,0
2366,1,60,0,1,0,0,0
2367,0,58,0,1,1,1,1
2368,1,40,0,0,0,0,0
2369,1,24,0,1,0,1,0
2370,1,61,0,11,0,2,0
2371,1,21,0,24,0,1,0
2372,1,27,0,0,0,0,0
2373,1,27,0,24,1,1,1
2374,1,67,0,0,1,0,1
2375,1,45,0,4,1,1,0
2376,1,24,0,0,0,2,0
2377,1,45,0,1,0,0,0
2378,1,21,0,7,1,0,0
2379,0,67,0,29,0,1,0
2380,1,27,0,5,0,1,0
2381,1,61,0,29,1,1,0
2382,1,21,0,4,1,2,1
2383,0,40,0,5,0,1,1
2384,1,24,0,1,1,1,1
2385,0,36,0,0,0,0,0
2386,0,53,0,1,0,2,0
2387,1,61,0,7,0,1,0
2388,0,30,0,1,0,2,1
2389,0,45,0,5,1,1,1
2390,1,27,0,15,0,2,0
2391,1,40,0,5,0,2,0
2392,1,21,0,0,0,2,0
2393,1,45,0,7,1,2,1
2394,1,24,0,5,0,2,0
2395,1,36,0,0,0,2,0
2396,0,24,0,30,0,1,0
2397,1,24,0,1,0,2,0
2398,1,36,0,1,0,1,0
2399,1,40,0,1,1,1,0
2400,0,21,0,5,0,1,0
2401,1,21,0,0,0,0,1
2402,0,58,0,7,1,0,1
2403,1,53,0,16,1,1,1
2404,0,61,0,2,0,1,1
2405,0,21,0,0,0,2,0
2406,1,45,0,0,0,0,1
2407,0,60,0,29,1,0,0
2408,1,21,0,4,1,1,1
2409,1,27,0,29,0,1,1
2410,0,60,0,1,0,2,0
2411,1,21,0,0,0,1,0
2412,1,40,0,0,1,1,0
2413,1,62,0,0,1,1,0
2414,1,40,0,1,1,1,0
2415,1,30,0,29,1,1,0
2416,0,30,0,1,0,2,0
2417,1,53,0,4,0,1,1
2418,0,30,0,0,1,1,1
2419,1,27,0,0,0,0,0
2420,1,60,0,0,1,1,1
2421,1,27,0,15,1,1,0
2422,1,21,0,2,0,1,0
2423,1,27,0,0,1,1,0
2424,0,53,0,0,1,1,0
2425,1,40,0,15,1,0,0
2426,1,53,0,0,0,0,0
2427,1,24,0,7,0,1,0
2428,1,62,0,1,1,1,1
2429,0,58,0,0,0,2,1
2430,1,58,0,29,1,1,1
2431,0,58,0,7,0,2,1
2432,1,83,0,0,0,2,0
2433,1,55,0,2,0,1,0
2434,1,40,0,0,0,1,0
2435,1,58,0,2,1,1,1
2436,1,30,0,15,1,2,0
2437,1,40,0,0,0,2,1
2438,1,30,0,0,0,2,0
2439,1,40,0,0,0,2,1
2440,1,30,0,23,0,2,1
2441,1,45,0,0,0,1,1
2442,1,30,0,0,0,1,1
2443,1,52,0,0,1,2,1
2444,1,27,0,1,1,1,1
2445,0,60,0,0,0,1,1
2446,1,61,0,1,1,1,0
2447,1,45,0,2,0,1,0
2448,1,83,0,29,0,2,0
2449,0,21,0,5,0,2,0
2450,1,55,0,0,0,1,1
2451,1,27,0,4,1,1,0
2452,1,40,0,5,1,1,0
2453,1,27,0,0,0,1,1
2454,1,40,0,1,1,2,0
2455,1,55,0,0,1,2,0
2456,1,40,0,15,1,1,0
2457,1,21,0,15,0,1,0
2458,1,21,0,0,0,1,1
2459,0,58,0,29,0,1,0
2460,1,45,0,0,0,2,1
2461,1,21,0,7,0,2,1
2462,0,83,0,0,0,2,1
2463,1,58,0,0,0,1,0
2464,1,55,0,29,0,1,0
2465,1,35,0,0,0,1,0
2466,1,53,0,1,0,2,0
2467,0,21,0,0,0,1,0
2468,1,27,0,7,0,1,1
2469,1,60,0,4,0,0,1
2470,1,24,0,11,0,1,1
2471,0,24,0,1,0,0,1
2472,1,40,0,3,0,1,0
2473,1,60,0,0,1,1,1
2474,0,55,0,4,0,2,0
2475,1,40,0,0,0,2,0
2476,1,60,0,0,0,2,1
2477,1,60,0,1,1,1,1
2478,1,40,0,0,0,2,0
2479,0,27,0,1,1,1,0
2480,1,40,0,8,0,0,1
2481,1,27,0,1,0,0,1
2482,1,24,0,0,1,1,0
2483,0,58,0,4,1,1,1
2484,1,62,0,0,0,1,1
2485,1,27,0,0,0,2,1
2486,1,21,0,0,0,1,1
2487,1,83,0,5,0,1,1
2488,1,24,0,1,0,1,1
2489,1,58,0,2,0,0,0
2490,1,24,0,1,0,1,0
2491,1,58,0,0,0,2,1
2492,1,60,0,1,0,0,0
2493,1,21,0,0,1,1,0
2494,1,21,0,0,0,2,0
2495,1,30,0,0,0,2,0
2496,1,21,0,5,1,1,1
2497,1,58,0,0,0,1,0
2498,1,40,0,3,0,1,1
2499,1,62,0,1,1,0,0
2500,1,27,0,1,1,2,0
2501,0,21,0,1,1,1,0
2502,1,45,0,0,0,2,1
2503,1,53,0,0,0,1,1
2504,1,27,0,23,1,1,0
2505,1,21,0,24,1,1,1
2506,1,27,0,4,0,2,1
2507,1,21,0,13,0,0,0
2508,0,40,0,13,1,2,1
2509,0,62,0,0,0,2,1
2510,1,83,0,2,0,1,1
2511,1,53,0,29,0,1,0
2512,1,21,0,1,1,1,0
2513,1,45,0,0,0,0,1
2514,1,78,0,15,0,1,1
2515,0,40,0,1,1,2,1
2516,1,45,0,33,0,2,0
2517,1,21,0,29,0,0,1
2518,0,24,0,30,0,1,0
2519,0,45,0,1,0,1,0
2520,1,30,0,15,0,1,0
2521,1,21,0,29,0,1,1
2522,0,55,0,4,0,2,1
2523,1,27,0,2,1,1,1
2524,1,24,0,2,0,1,0
2525,1,60,0,13,1,1,0
2526,1,24,0,1,1,1,0
2527,1,21,0,5,0,2,1
2528,1,58,0,0,0,1,0
2529,1,45,0,1,1,1,1
2530,1,53,0,1,0,1,0
2531,1,83,0,4,1,1,0
2532,1,27,0,0,0,1,0
2533,1,55,0,29,0,0,1
2534,1,40,0,1,0,1,1
2535,1,40,0,4,0,2,0
2536,0,55,0,1,1,0,0
2537,0,58,0,13,0,2,0
2538,1,21,0,1,0,1,1
2539,1,21,0,0,1,1,1
2540,1,62,0,1,0,1,1
2541,1,21,0,0,0,2,0
2542,1,52,0,4,0,1,0
2543,1,21,0,2,1,2,0
2544,1,21,0,5,1,1,1
2545,1,53,0,0,0,0,1
2546,0,58,0,15,0,1,1
2547,1,21,0,7,0,1,0
2548,1,24,0,5,1,1,0
2549,1,27,0,1,1,1,0
2550,0,30,0,0,0,0,1
2551,0,60,0,1,1,1,0
2552,1,53,0,2,1,1,0
2553,0,53,0,0,1,2,1
2554,1,60,0,24,0,2,1
2555,1,36,0,0,1,1,0
2556,1,21,0,0,1,1,1
2557,1,24,0,3,1,1,1
2558,1,21,0,23,0,1,0
2559,1,30,0,0,0,0,1
2560,1,24,0,0,1,1,0
2561,1,24,0,23,1,0,0
2562,1,58,0,1,0,2,1
2563,1,24,0,4,1,1,0
2564,1,52,0,23,0,1,0
2565,0,58,0,1,0,0,1
2566,1,40,0,2,0,0,0
2567,1,58,0,7,0,1,0
2568,1,58,0,0,1,2,0
2569,0,24,0,8,1,1,0
2570,1,24,0,1,0,2,1
2571,1,60,0,0,0,1,1
2572,1,53,1,0,1,1,0
2573,1,58,0,2,1,0,1
2574,1,30,0,0,1,1,0
2575,1,61,0,1,0,2,0
2576,1,30,0,2,1,2,0
2577,1,24,0,1,1,1,1
2578,1,24,0,0,0,1,1
2579,1,58,0,1,1,0,0
2580,1,29,0,1,1,1,0
2581,1,60,0,5,0,1,1
2582,1,36,0,0,1,0,1
2583,1,21,0,29,0,2,1
2584,1,30,0,8,0,2,1
2585,1,21,0,1,0,1,1
2586,1,24,0,5,1,0,0
2587,1,52,0,0,1,1,0
2588,1,52,0,1,1,0,0
2589,1,58,0,1,1,1,0
2590,1,52,0,15,1,2,0
2591,1,61,0,15,0,1,1
2592,1,24,0,3,0,1,1
2593,1,27,0,2,1,0,1
2594,0,53,0,0,1,1,1
2595,1,21,0,0,0,1,0
2596,1,61,0,0,1,1,0
2597,1,21,0,0,0,2,0
2598,0,83,0,11,0,2,0
2599,1,61,0,1,1,1,1
2600,1,60,0,0,0,1,1
2601,0,21,0,5,1,1,0
2602,1,53,0,1,1,1,0
2603,0,83,0,0,1,2,1
2604,1,53,0,4,0,1,0
2605,0,60,0,29,1,1,0
2606,1,21,0,2,0,2,1
2607,1,24,0,1,1,0,1
2608,1,24,0,0,0,1,0
2609,1,24,0,1,0,0,0
2610,0,61,0,5,1,2,1
2611,1,24,0,29,0,1,0
2612,1,61,0,0,0,0,0
2613,0,21,0,1,1,1,0
2614,1,27,0,0,0,0,1
2615,1,21,0,0,1,1,1
2616,1,21,0,5,0,0,1
2617,1,40,0,4,0,1,1
2618,0,30,0,23,1,2,0
2619,1,24,0,5,1,1,0
2620,1,40,0,1,0,1,1
2621,1,24,0,1,0,2,1
2622,1,21,0,2,1,1,1
2623,0,30,0,0,1,1,0
2624,1,83,0,1,0,1,1
2625,1,45,0,5,0,0,0
2626,0,24,0,1,0,1,0
2627,1,21,0,1,0,1,1
2628,1,83,0,13,0,1,0
2629,1,30,0,0,0,1,1
2630,0,24,0,0,1,1,0
2631,1,58,0,0,0,1,1
2632,1,53,0,3,1,2,1
2633,1,30,0,1,1,1,1
2634,1,21,0,2,0,0,0
2635,1,52,0,0,1,1,0
2636,0,83,0,8,0,1,1
2637,1,21,0,0,0,1,1
2638,1,21,0,2,0,2,0
2639,0,59,0,1,1,1,0
2640,1,53,0,3,1,1,0
2641,1,67,0,0,0,1,0
2642,1,22,0,13,0,2,1
2643,1,21,0,1,0,2,0
2644,1,30,0,1,0,1,0
2645,1,27,0,2,0,1,0
2646,0,27,0,29,0,0,0
2647,0,30,0,0,0,2,1
2648,1,24,0,2,0,0,0
2649,1,24,0,11,0,0,1
2650,1,53,0,15,1,1,0
2651,1,53,0,5,0,1,0
2652,1,21,0,4,0,2,1
2653,1,45,0,15,0,1,1
2654,1,36,0,3,0,1,1
2655,1,24,0,7,1,0,1
2656,1,24,0,5,0,2,1
2657,1,52,0,3,0,1,0
2658,1,52,0,0,0,2,1
2659,1,21,0,5,1,1,0
2660,1,36,0,1,0,2,1
2661,1,24,0,2,1,1,0
2662,1,30,0,4,0,1,0
2663,1,55,0,0,0,0,1
2664,1,45,0,0,1,1,0
2665,1,61,0,0,0,2,0
2666,1,27,0,0,1,1,1
2667,1,62,0,5,0,1,0
2668,1,30,0,24,1,2,1
2669,1,40,0,0,0,1,1
2670,1,83,0,3,1,1,1
2671,1,55,0,1,0,1,0
2672,1,40,0,7,0,1,1
2673,1,40,0,23,0,0,0
2674,1,21,0,5,0,1,0
2675,1,58,0,7,0,0,1
2676,1,55,0,1,1,1,1
2677,1,67,0,5,0,1,0
2678,0,40,0,0,1,0,0
2679,0,52,0,8,0,2,0
2680,1,53,0,5,0,0,0
2681,1,60,0,0,0,1,1
2682,1,27,0,5,0,1,1
2683,1,27,0,0,0,0,1
2684,1,61,0,11,0,1,1
2685,0,58,0,1,0,1,1
2686,1,58,0,0,1,1,0
2687,0,30,0,1,0,0,0
2688,0,45,0,0,0,2,0
2689,1,27,0,0,0,1,1
2690,1,40,0,29,1,2,0
2691,1,27,0,15,0,2,0
2692,1,53,0,1,0,1,0
2693,1,55,0,29,1,1,0
2694,1,58,0,29,1,1,0
2695,1,61,0,0,1,1,1
2696,0,60,0,0,0,2,0
2697,1,21,0,0,0,1,1
2698,1,36,0,13,0,1,0
2699,1,27,0,0,0,1,1
2700,1,45,0,5,0,1,0
2701,1,21,0,1,1,2,0
2702,1,60,0,1,1,1,0
2703,1,58,0,3,1,2,1
2704,1,60,0,30,0,1,1
2705,1,22,0,29,0,1,1
2706,1,24,0,0,0,1,0
2707,1,53,0,7,0,0,1
2708,1,27,0,5,1,1,0
2709,1,24,0,2,1,1,0
2710,1,21,0,1,0,0,0
2711,1,53,0,1,1,1,0
2712,0,60,0,15,0,0,0
2713,0,21,0,4,1,2,1
2714,1,24,0,0,0,2,0
2715,1,27,0,3,0,1,1
2716,1,30,1,1,1,0,1
2717,0,24,0,3,0,2,1
2718,1,40,0,5,0,1,0
2719,1,21,0,24,1,2,0
2720,1,24,0,2,1,1,1
2721,0,24,0,1,0,0,0
2722,1,21,0,4,0,1,0
2723,1,52,0,2,1,2,1
2724,1,60,0,1,0,1,0
2725,1,40,0,2,1,1,1
2726,1,27,0,1,0,1,0
2727,1,52,0,23,0,1,1
2728,1,52,0,15,0,1,0
2729,1,55,0,1,0,2,1
2730,1,58,0,5,1,1,0
2731,1,21,0,0,0,1,1
2732,1,40,0,2,1,1,0
2733,1,58,0,1,0,0,0
2734,1,40,0,5,1,2,0
2735,1,27,0,29,0,2,0
2736,1,21,0,1,1,1,0
2737,1,30,0,1,1,1,0
2738,0,29,0,0,0,1,1
2739,1,61,0,1,0,2,1
2740,1,36,0,1,0,1,1
2741,1,36,0,0,0,2,1
2742,1,24,0,0,1,0,1
2743,0,36,0,4,1,0,0
2744,1,58,0,4,1,2,0
2745,1,53,0,0,1,1,0
2746,0,24,0,0,1,1,0
2747,1,24,0,4,0,1,0
2748,1,61,0,0,1,2,0
2749,1,27,0,1,1,1,0
2750,1,21,0,0,1,2,1
2751,0,55,0,0,0,1,1
2752,0,24,0,2,0,2,0
2753,0,21,0,0,0,1,0
2754,1,52,0,1,0,2,0
2755,0,60,0,5,1,1,0
2756,0,45,0,0,0,1,0
2757,0,21,0,29,0,2,0
2758,1,30,0,0,1,1,1
2759,0,61,0,1,0,1,0
2760,0,40,0,3,1,1,0
2761,1,40,0,0,0,1,0
2762,1,45,0,0,0,1,0
2763,1,60,0,1,0,1,0
2764,1,36,0,0,1,1,1
2765,1,40,0,8,0,1,1
2766,1,45,0,4,0,0,1
2767,0,83,0,1,0,0,0
2768,1,27,0,0,0,2,0
2769,1,83,0,0,0,2,0
2770,1,21,0,5,0,1,0
2771,1,53,0,7,0,0,0
2772,1,24,0,0,1,2,0
2773,1,55,0,5,0,0,0
2774,1,30,0,2,1,2,1
2775,1,24,0,5,0,2,0
2776,1,60,0,0,0,2,1
2777,1,53,0,0,1,1,1
2778,1,53,0,0,1,1,1
2779,0,45,0,1,0,2,0
2780,1,53,0,7,0,1,1
2781,1,83,0,3,0,0,0
2782,1,35,0,7,0,2,0
2783,1,45,0,7,1,1,1
2784,1,30,0,0,0,1,0
2785,1,61,0,0,0,0,0
2786,1,24,0,4,0,0,1
2787,1,21,0,4,0,2,1
2788,0,24,0,2,1,1,1
2789,1,53,0,7,0,1,0
2790,1,21,0,1,0,1,0
2791,0,24,0,1,0,1,0
2792,1,40,0,0,1,1,0
2793,1,55,0,4,0,1,1
2794,0,27,0,1,0,1,0
2795,1,40,0,3,0,2,0
2796,1,27,0,3,0,1,1
2797,1,40,0,0,0,2,1
2798,1,30,0,2,1,1,1
2799,0,27,0,24,0,0,0
2800,1,21,0,7,0,2,1
2801,0,53,0,1,1,1,1
2802,1,27,0,23,0,1,0
2803,1,27,0,5,0,0,1
2804,0,61,0,1,0,2,1
2805,1,60,0,1,0,2,0
2806,1,24,0,5,1,1,0
2807,0,21,0,1,0,2,1
2808,1,58,0,0,1,1,1
2809,1,27,0,0,1,2,1
2810,1,40,0,1,1,0,0
2811,1,36,0,1,0,1,0
2812,0,21,0,29,0,1,0
2813,1,24,0,0,1,0,0
2814,1,27,0,2,0,1,1
2815,0,21,0,4,0,0,0
2816,0,24,0,24,1,2,1
2817,1,22,0,2,0,1,0
2818,1,27,0,1,1,1,1
2819,1,30,0,2,0,2,0
2820,0,58,0,13,0,0,1
2821,0,21,0,1,0,1,1
2822,1,61,0,3,0,1,0
2823,1,52,0,13,0,1,1
2824,1,24,0,1,1,2,0
2825,1,36,0,30,0,2,1
2826,0,58,0,0,0,1,0
2827,0,24,0,5,0,2,1
2828,1,60,0,0,0,1,1
2829,1,24,0,0,1,1,1
2830,0,27,0,0,0,1,0
2831,0,40,0,3,0,1,1
2832,1,30,0,1,0,0,1
2833,0,53,0,0,0,1,1
2834,1,45,0,1,0,0,0
2835,1,30,0,2,0,1,1
2836,0,21,0,2,0,0,0
2837,1,83,0,0,0,1,0
2838,0,21,0,0,0,1,1
2839,0,40,0,0,0,0,1
2840,0,22,0,0,1,1,1
2841,1,55,0,5,1,1,1
2842,0,24,0,0,1,1,1
2843,1,58,0,1,0,1,0
2844,1,45,0,29,0,2,0
2845,1,21,0,7,0,2,1
2846,1,60,0,29,0,1,0
2847,1,58,0,5,0,1,0
2848,1,36,0,0,1,0,0
2849,1,83,0,5,0,0,1
2850,1,21,0,1,0,2,0
2851,1,53,0,0,0,0,0
2852,0,58,0,0,0,1,1
2853,0,21,0,1,0,1,1
2854,1,53,0,4,0,0,0
2855,1,36,0,1,1,1,1
2856,1,45,0,1,1,1,0
2857,0,40,0,5,0,1,1
2858,1,24,0,0,0,2,0
2859,1,21,0,7,1,1,1
2860,0,24,0,0,0,1,1
2861,1,21,0,3,0,0,1
2862,1,83,0,11,0,1,0
2863,1,60,0,1,0,1,0
2864,1,36,0,1,1,0,0
2865,0,30,0,5,1,0,1
2866,1,61,0,0,1,2,1
2867,1,62,0,5,0,0,0
2868,1,21,0,0,0,0,0
2869,0,52,0,8,1,1,0
2870,0,61,0,1,1,1,0
2871,1,40,0,29,1,1,1
2872,0,21,0,2,0,2,1
2873,0,27,0,0,0,1,1
2874,1,24,0,0,0,2,0
2875,1,21,0,0,0,0,1
2876,1,21,0,1,0,1,1
2877,1,40,0,1,0,1,1
2878,1,61,0,0,1,1,1
2879,0,24,0,15,0,0,0
2880,0,53,0,1,0,0,0
2881,1,24,0,0,0,1,0
2882,0,61,0,0,1,1,0
2883,1,27,0,3,1,1,0
2884,1,60,0,5,0,2,0
2885,1,24,0,0,1,1,1
2886,1,61,0,24,1,1,1
2887,1,21,0,1,0,1,1
2888,1,30,0,0,1,1,1
2889,1,24,0,1,1,1,0
2890,0,53,0,2,0,1,0
2891,1,61,0,2,1,1,0
2892,0,24,0,0,0,1,1
2893,1,40,0,0,0,0,1
2894,1,21,0,1,0,2,1
2895,1,36,0,1,0,1,1
2896,1,60,0,5,1,0,0
2897,1,45,0,0,0,0,1
2898,1,52,0,1,0,1,0
2899,1,45,0,0,1,1,0
2900,1,24,0,0,1,2,1
2901,1,21,0,2,0,1,0
2902,1,30,0,7,0,2,0
2903,1,60,0,1,1,1,1
2904,1,52,0,1,0,1,0
2905,1,30,0,24,1,1,1
2906,1,27,0,4,1,0,1
2907,1,61,0,5,0,1,1
2908,1,40,0,1,0,2,1
2909,0,53,0,13,0,1,1
2910,1,27,0,8,0,2,0
2911,1,24,0,0,0,1,1
2912,1,21,0,0,0,1,1
2913,1,60,0,5,1,2,1
2914,1,40,0,1,1,1,1
2915,0,83,0,7,0,0,0
2916,0,40,0,5,0,2,0
2917,1,27,0,29,0,1,1
2918,1,21,0,5,0,2,1
2919,1,27,0,11,0,0,0
2920,0,58,0,7,1,1,1
2921,1,24,0,5,0,2,1
2922,0,53,0,1,0,0,0
2923,1,61,0,1,0,1,0
2924,1,83,0,1,1,1,0
2925,1,53,0,1,0,1,0
2926,1,22,0,0,1,1,0
2927,1,21,0,2,0,0,1
2928,0,58,0,7,0,1,1
2929,1,30,0,1,0,2,0
2930,1,21,0,15,0,1,0
2931,1,24,0,4,1,2,1
2932,1,55,0,0,0,1,1
2933,1,21,0,1,0,1,0
2934,1,45,0,0,1,1,0
2935,1,53,0,0,1,2,1
2936,1,36,0,0,1,1,1
2937,1,40,0,0,0,2,1
2938,0,61,0,15,1,1,1
2939,1,24,0,0,0,1,1
2940,1,62,0,2,1,1,1
2941,1,30,0,1,0,0,0
2942,1,21,0,3,0,1,0
2943,1,53,0,2,0,1,1
2944,1,55,0,5,0,1,0
2945,1,45,0,24,1,1,0
2946,0,21,0,1,0,0,1
2947,1,53,0,0,0,0,1
2948,1,24,0,30,0,0,0
2949,1,53,0,30,1,0,0
2950,1,21,0,5,1,1,0
2951,1,24,0,5,1,1,1
2952,1,24,0,0,1,2,1
2953,1,55,0,11,0,1,1
2954,1,27,0,5,0,0,0
2955,1,30,0,29,1,1,1
2956,0,27,0,0,0,1,0
2957,1,30,0,1,0,1,0
2958,1,21,0,29,0,2,1
2959,1,21,0,1,0,2,1
2960,1,53,0,1,1,1,1
2961,1,53,0,29,0,2,0
2962,1,45,0,11,1,2,1
2963,1,27,0,7,0,1,0
2964,1,24,0,0,0,1,1
2965,1,53,0,4,0,1,0
2966,1,24,0,24,0,2,1
2967,1,30,0,1,0,2,0
2968,1,24,0,1,0,0,0
2969,1,52,0,1,0,2,1
2970,1,21,0,0,0,1,0
2971,1,27,0,1,0,1,0
2972,1,21,0,1,0,0,0
2973,1,61,0,11,0,1,1
2974,1,62,0,0,0,1,1
2975,0,58,0,0,0,1,0
2976,1,58,0,1,0,1,0
2977,1,27,0,2,1,2,0
2978,1,21,0,5,0,0,1
2979,1,24,0,5,0,1,0
2980,1,27,0,2,0,0,0
2981,0,53,0,0,0,1,0
2982,1,55,0,2,1,1,0
2983,1,27,0,5,0,1,1
2984,1,21,0,2,0,0,1
2985,1,21,0,11,0,0,1
2986,1,40,0,2,0,1,0
2987,0,30,0,1,1,0,0
2988,1,27,0,5,0,1,1
2989,0,55,0,3,0,0,0
2990,1,83,0,1,0,0,0
2991,0,21,0,15,0,1,0
2992,1,36,0,1,1,0,0
2993,0,21,0,0,0,1,1
2994,0,21,0,1,1,1,1
2995,0,27,0,2,0,1,1
2996,1,40,0,29,0,1,1
2997,1,24,0,5,0,2,1
2998,1,61,0,1,1,2,0
2999,1,40,0,0,0,0,0
3000,1,40,0,29,1,1,0
3001,1,24,0,1,1,2,1
3002,1,30,0,0,0,2,1
3003,1,45,0,5,1,1,1
3004,1,40,0,0,1,2,0
3005,1,36,0,0,0,1,0
3006,1,53,0,0,0,1,1
3007,1,21,0,4,0,2,0
3008,1,40,0,2,1,2,0
3009,1,61,0,1,0,0,0
3010,1,24,0,1,1,2,0
3011,1,40,0,0,1,1,1
3012,1,24,0,1,1,1,0
3013,0,45,0,11,1,1,0
3014,1,27,0,23,1,0,1
3015,0,24,0,0,0,2,1
3016,1,27,0,0,1,1,0
3017,1,27,0,0,0,1,1
3018,1,62,0,1,1,1,1
3019,0,40,0,7,0,2,1
3020,1,24,0,1,0,2,1
3021,1,27,0,0,1,1,1
3022,1,58,0,1,0,1,1
3023,0,55,0,1,1,1,0
3024,1,58,0,7,0,1,0
3025,1,53,0,0,1,2,0
3026,1,55,0,5,0,0,0
3027,1,21,0,0,1,2,1
3028,0,40,0,29,0,0,1
3029,1,40,0,0,1,2,0
3030,1,27,0,0,0,2,0
3031,1,45,0,29,0,0,0
3032,1,30,0,1,0,1,0
3033,1,27,0,0,0,2,1
3034,1,27,0,0,0,2,1
3035,1,27,0,1,0,0,1
3036,1,52,0,3,0,0,1
3037,1,60,0,29,1,1,1
3038,1,45,0,23,0,1,0
3039,1,21,0,5,0,2,0
3040,1,27,0,24,0,2,0
3041,1,53,0,2,1,1,1
3042,1,45,0,1,0,1,1
3043,1,40,0,0,1,1,1
3044,1,24,0,0,0,1,1
3045,1,52,0,0,0,1,0
3046,1,45,0,3,1,1,0
3047,1,61,0,0,1,0,0
3048,1,24,0,29,0,0,1
3049,1,61,0,1,0,1,0
3050,0,40,0,29,1,2,1
3051,0,62,0,2,1,1,0
3052,1,27,0,5,1,1,0
3053,0,27,0,7,0,0,0
3054,1,53,0,0,0,1,1
3055,1,53,0,2,1,2,1
3056,1,21,0,0,1,2,0
3057,0,83,0,15,0,0,1
3058,1,55,0,1,1,1,0
3059,1,40,0,1,0,1,1
3060,1,21,0,0,0,1,1
3061,1,53,0,3,1,2,0
3062,1,24,0,7,1,1,0
3063,1,24,0,1,0,1,0
3064,1,21,0,11,1,1,1
3065,1,22,0,1,0,2,1
3066,1,24,0,0,1,2,0
3067,1,21,0,1,0,1,1
3068,1,55,0,8,0,1,0
3069,0,24,0,15,0,1,1
3070,1,58,0,0,0,2,0
3071,1,60,0,11,0,0,1
3072,1,21,0,3,1,1,0
3073,1,45,0,5,0,2,1
3074,1,27,0,4,1,0,0
3075,1,24,0,1,1,1,1
3076,0,36,0,0,1,1,1
3077,1,83,0,0,0,1,0
3078,0,21,0,1,0,2,1
3079,1,21,0,2,1,2,1
3080,1,83,0,11,0,0,1
3081,1,55,0,5,0,0,1
3082,1,61,0,0,0,1,0
3083,1,27,0,1,1,1,1
3084,1,45,0,15,0,1,0
3085,1,36,0,1,0,0,0
3086,1,55,0,0,0,1,0
3087,1,21,0,1,0,1,0
3088,1,36,0,0,0,0,0
3089,0,52,0,0,0,1,0
3090,1,21,0,0,1,0,1
3091,0,24,0,29,0,1,1
3092,0,27,0,0,1,0,0
3093,1,27,0,4,0,1,0
3094,1,58,0,0,1,1,0
3095,1,24,0,5,1,2,0
3096,0,40,0,1,0,1,0
3097,1,53,0,1,1,0,1
3098,0,52,0,0,0,0,1
3099,0,52,0,3,1,1,0
3100,0,24,0,2,0,2,0
3101,1,27,0,7,0,0,1
3102,1,45,0,0,0,0,0
3103,1,22,0,2,0,2,1
3104,0,27,0,5,0,2,1
3105,1,21,0,29,1,0,1
3106,0,24,0,0,0,1,1
3107,1,61,0,2,0,1,0
3108,0,30,0,5,0,2,0
3109,1,60,0,13,0,1,1
3110,1,21,0,11,0,2,1
3111,0,24,0,0,0,1,0
3112,1,58,0,29,0,1,0
3113,1,30,0,2,1,1,1
3114,1,24,0,2,0,1,0
3115,0,27,0,1,1,0,0
3116,1,27,0,2,0,1,0
3117,1,45,0,5,1,2,0
3118,1,55,0,5,0,1,1
3119,1,52,0,0,0,1,0
3120,1,58,0,0,0,2,0
3121,1,53,0,5,0,0,1
3122,1,60,0,1,0,1,1
3123,1,24,0,15,0,2,1
3124,1,60,0,0,0,2,1
3125,1,24,0,2,0,0,1
3126,1,60,0,1,0,2,1
3127,1,60,0,0,0,2,0
3128,1,61,0,1,0,2,1
3129,1,60,0,1,0,0,0
3130,0,24,0,3,0,1,0
3131,0,21,0,13,0,1,1
3132,1,45,0,2,0,0,1
3133,1,27,0,23,0,1,1
3134,1,55,0,0,0,1,0
3135,1,36,0,2,0,0,1
3136,0,36,0,7,0,1,0
3137,0,21,0,0,0,1,0
3138,1,58,0,1,0,1,0
3139,0,62,0,0,1,1,0
3140,1,52,0,0,0,1,0
3141,1,40,0,1,0,0,0
3142,1,27,0,29,0,2,0
3143,1,27,0,0,0,2,0
3144,0,24,0,1,1,0,0
3145,1,30,0,0,0,1,1
3146,0,21,0,1,0,1,0
3147,1,21,0,0,0,1,1
3148,1,40,0,29,1,1,0
3149,0,83,0,0,0,0,0
3150,1,45,0,2,0,1,0
3151,1,29,0,29,0,0,1
3152,1,27,0,5,0,1,0
3153,1,55,0,0,0,1,0
3154,1,27,0,0,0,2,0
3155,1,55,0,1,1,1,0
3156,0,21,0,0,0,1,1
3157,1,61,0,0,0,2,1
3158,1,24,0,29,0,0,0
3159,1,60,0,1,1,1,1
3160,1,36,0,5,0,0,1
3161,1,27,0,24,0,2,1
3162,1,60,0,5,0,1,0
3163,1,53,0,0,0,1,1
3164,1,60,0,2,1,1,1
3165,1,40,0,15,0,1,1
3166,1,36,0,1,0,0,0
3167,1,60,0,3,0,1,0
3168,0,30,0,0,0,1,0
3169,0,55,0,0,0,1,0
3170,0,60,0,29,0,1,0
3171,1,27,1,1,0,2,1
3172,1,24,0,5,0,1,1
3173,0,40,0,2,0,1,1
3174,1,21,0,3,0,1,0
3175,1,83,0,0,1,1,1
3176,1,27,0,5,0,1,1
3177,1,45,0,0,0,0,1
3178,1,21,0,0,0,2,0
3179,1,40,0,1,0,0,0
3180,1,60,0,7,0,2,0
3181,1,24,0,30,0,2,1
3182,1,83,0,0,1,1,0
3183,1,40,0,1,0,2,0
3184,1,21,0,0,0,2,0
3185,1,40,0,0,0,0,0
3186,1,30,0,8,0,1,1
3187,1,21,0,15,0,1,0
3188,1,21,0,0,1,1,0
3189,0,40,0,24,0,2,0
3190,1,67,0,0,1,1,0
3191,1,58,0,0,1,1,0
3192,1,55,0,1,0,2,0
3193,1,21,0,5,0,2,1
3194,1,83,0,2,0,2,0
3195,0,30,0,1,0,2,1
3196,0,27,0,2,0,1,1
3197,1,40,0,0,1,0,1
3198,1,55,0,4,0,0,0
3199,1,53,0,1,0,0,1
3200,1,55,0,0,0,1,1
3201,1,24,0,11,0,2,1
3202,0,29,0,1,1,1,1
3203,1,62,0,2,0,2,0
3204,0,40,0,0,1,1,0
3205,1,40,0,1,0,2,0
3206,1,58,0,0,1,0,0
3207,1,53,0,0,0,1,1
3208,1,52,0,0,0,2,0
3209,1,27,0,3,0,1,0
3210,1,58,0,3,0,0,0
3211,1,53,0,23,0,2,1
3212,1,30,0,0,0,2,0
3213,1,27,0,3,1,1,1
3214,1,27,0,1,0,1,1
3215,1,60,0,1,0,1,1
3216,1,27,0,1,0,1,1
3217,1,27,0,0,0,2,0
3218,0,52,0,2,0,1,1
3219,0,40,0,2,0,2,0
3220,1,27,0,7,1,1,1
3221,1,24,0,2,0,2,0
3222,1,24,0,1,1,0,1
3223,0,60,0,0,0,2,0
3224,0,22,0,30,0,1,0
3225,1,36,0,0,0,0,1
3226,1,61,0,3,0,1,0
3227,1,21,0,5,0,0,1
3228,1,52,0,4,0,1,0
3229,1,27,0,1,0,0,0
3230,0,40,0,1,1,1,1
3231,1,21,0,1,0,2,0
3232,1,61,0,0,1,2,0
3233,1,52,0,29,0,2,1
3234,1,27,0,2,1,2,1
3235,1,60,0,0,0,1,0
3236,1,40,0,24,0,1,0
3237,1,61,0,0,0,2,1
3238,0,21,0,4,1,1,0
3239,1,36,0,13,0,1,1
3240,0,36,0,15,0,2,1
3241,1,53,0,0,0,2,0
3242,1,21,0,5,0,2,1
3243,1,40,0,0,1,1,1
3244,1,60,0,5,1,2,1
3245,1,24,0,29,1,2,1
3246,0,53,0,0,0,1,1
3247,1,24,0,1,0,1,0
3248,1,83,0,3,0,1,1
3249,0,21,0,2,1,2,1
3250,1,21,0,0,1,1,0
3251,0,83,0,30,0,1,1
3252,1,27,0,2,0,1,1
3253,1,40,0,5,1,1,0
3254,1,60,0,8,0,1,1
3255,1,55,0,13,0,0,1
3256,0,83,0,15,1,1,1
3257,1,24,0,1,0,2,0
3258,1,30,0,0,1,1,0
3259,0,30,0,3,0,1,1
3260,1,53,0,7,1,1,0
3261,1,24,0,1,0,1,0
3262,1,40,0,15,1,1,0
3263,1,40,0,15,0,0,0
3264,1,40,0,1,1,1,0
3265,1,83,0,1,1,1,0
3266,0,61,0,0,0,2,0
3267,0,61,0,7,0,2,1
3268,1,24,0,5,1,1,0
3269,1,24,0,29,0,1,0
3270,1,30,0,0,0,1,0
3271,1,21,0,29,0,2,1
3272,1,21,0,29,0,2,1
3273,1,52,0,0,1,1,0
3274,1,24,0,5,0,2,1
3275,0,21,0,8,1,1,1
3276,1,58,0,1,1,1,0
3277,1,52,0,7,1,0,1
3278,1,27,0,2,0,1,1
3279,1,60,0,0,0,1,0
3280,1,21,0,0,1,1,0
3281,1,58,0,4,0,2,0
3282,1,58,0,1,0,0,0
3283,1,40,0,5,1,2,1
3284,1,24,0,1,0,1,0
3285,1,61,0,0,1,1,1
3286,0,24,0,13,1,1,1
3287,1,58,0,29,1,1,1
3288,1,27,0,8,1,2,0
3289,0,24,0,0,1,1,1
3290,1,58,0,1,1,1,0
3291,1,40,0,0,0,2,0
3292,1,45,0,1,1,1,1
3293,1,61,0,2,0,2,0
3294,0,27,0,0,0,0,0
3295,1,21,0,0,0,1,0
3296,1,40,0,1,0,1,1
3297,1,21,0,15,1,1,0
3298,0,53,0,2,0,2,1
3299,1,40,0,0,0,0,0
3300,1,27,0,1,0,1,0
3301,1,27,0,1,0,2,1
3302,1,27,0,15,1,1,0
3303,0,27,0,29,0,2,1
3304,1,36,0,1,1,2,1
3305,1,58,0,1,0,1,1
3306,1,21,0,0,1,1,1
3307,0,61,0,0,1,2,0
3308,1,30,0,0,0,0,1
3309,1,55,0,1,0,1,1
3310,1,24,0,29,0,1,1
3311,1,21,0,0,1,1,0
3312,1,58,0,0,0,2,0
3313,1,62,0,1,1,1,0
3314,1,58,0,0,0,0,1
3315,1,21,0,1,1,2,0
3316,1,27,0,0,1,1,0
3317,1,40,0,1,1,1,0
3318,1,61,0,3,0,1,0
3319,1,27,0,24,1,1,0
3320,1,21,0,0,1,1,0
3321,1,60,0,5,0,1,1
3322,0,58,0,0,0,1,1
3323,1,27,0,29,1,0,0
3324,1,52,0,1,1,0,1
3325,1,58,0,2,0,0,0
3326,1,21,0,1,0,2,0
3327,1,60,0,2,1,1,1
3328,1,27,0,0,0,0,1
3329,1,21,0,4,0,1,0
3330,1,58,0,3,0,1,1
3331,1,52,0,1,0,2,0
3332,0,53,0,29,0,0,1
3333,0,53,0,0,0,2,0
3334,0,40,0,13,0,2,0
3335,1,22,0,1,0,1,0
3336,1,22,0,0,1,2,1
3337,0,58,0,24,0,1,0
3338,1,30,0,0,0,1,0
3339,0,60,0,1,0,1,1
3340,1,30,0,0,0,0,0
3341,1,53,0,4,0,2,0
3342,0,55,0,7,0,2,0
3343,0,24,0,0,1,1,0
3344,1,60,0,29,1,0,1
3345,1,36,0,3,0,1,0
3346,1,30,0,0,0,2,0
3347,1,45,0,3,0,2,1
3348,1,36,0,0,1,1,0
3349,1,45,0,2,1,1,1
3350,1,40,0,15,0,0,1
3351,0,36,0,0,0,1,1
3352,0,53,0,1,1,1,1
3353,1,45,0,5,0,0,0
3354,1,24,0,0,1,1,1
3355,1,21,0,0,0,1,0
3356,0,21,0,4,0,2,0
3357,0,21,0,7,1,1,1
3358,0,67,0,24,1,1,1
3359,0,30,0,0,0,2,1
3360,1,52,0,0,0,1,1
3361,1,45,0,1,1,1,0
3362,0,55,0,3,0,2,0
3363,0,30,0,29,1,1,1
3364,1,21,0,2,0,0,0
3365,0,21,0,1,1,1,1
3366,1,24,0,1,1,1,1
3367,0,52,0,2,1,2,1
3368,1,40,0,1,0,1,1
3369,1,40,0,0,1,1,1
3370,1,36,0,5,0,1,0
3371,1,27,0,0,0,0,0
3372,1,21,0,7,0,1,1
3373,1,24,0,15,0,0,1
3374,1,58,0,7,1,1,0
3375,1,67,0,2,0,1,1
3376,1,27,0,5,1,1,0
3377,1,21,0,0,1,1,1
3378,1,53,0,0,0,1,0
3379,0,30,0,0,0,1,0
3380,1,53,0,5,1,1,0
3381,1,83,0,0,0,1,0
3382,1,24,0,2,1,2,0
3383,1,30,0,0,1,1,0
3384,0,55,0,4,1,2,1
3385,1,55,0,2,0,0,1
3386,1,58,0,13,1,2,0
3387,0,21,0,0,0,0,1
3388,0,45,0,2,0,0,1
3389,1,58,0,15,0,2,1
3390,1,36,0,0,0,1,1
3391,1,55,0,1,0,1,1
3392,0,83,0,5,0,1,0
3393,1,21,0,1,1,1,1
3394,0,40,0,0,0,0,1
3395,1,52,0,5,0,0,1
3396,1,45,0,1,0,0,0
3397,1,52,0,0,1,1,0
3398,1,40,0,13,0,2,0
3399,1,60,0,2,0,0,0
3400,0,36,0,1,1,1,0
3401,1,27,0,1,0,1,0
3402,1,24,0,5,1,1,0
3403,1,21,0,0,1,2,0
3404,1,45,0,0,0,1,0
3405,0,60,0,29,1,0,0
3406,1,53,0,2,1,1,1
3407,0,83,0,0,0,0,1
3408,0,30,0,29,0,2,0
3409,1,24,0,0,1,1,0
3410,0,21,0,5,0,0,1
3411,1,27,0,1,1,0,1
3412,1,45,0,2,0,2,0
3413,0,21,0,0,0,0,0
3414,1,21,0,0,0,2,1
3415,0,55,0,3,0,1,1
3416,1,55,0,5,0,2,0
3417,1,21,0,4,0,2,1
3418,0,58,0,1,1,1,1
3419,0,55,0,0,0,1,0
3420,1,62,0,23,1,1,0
3421,1,45,0,1,1,2,0
3422,1,45,0,1,0,2,1
3423,1,27,0,0,0,0,1
3424,1,67,0,1,0,2,0
3425,1,27,0,5,0,1,0
3426,1,60,0,8,1,1,0
3427,1,24,0,1,0,2,0
3428,1,61,0,1,1,0,0
3429,1,40,0,0,0,1,0
3430,0,40,0,1,0,0,0
3431,1,27,0,0,1,1,1
3432,1,55,0,11,0,0,1
3433,1,55,0,1,0,1,0
3434,0,21,0,0,0,1,0
3435,1,53,0,0,0,1,0
3436,1,27,0,1,0,0,0
3437,1,60,0,1,1,0,0
3438,1,24,0,0,1,1,0
3439,1,24,0,0,1,2,0
3440,0,40,0,2,0,1,1
3441,1,45,0,1,0,2,0
3442,1,60,0,1,0,2,1
3443,0,58,0,5,0,2,0
3444,1,24,0,16,0,1,0
3445,0,21,0,0,0,1,0
3446,0,61,0,15,0,1,0
3447,1,58,0,4,0,1,0
3448,1,21,0,2,0,2,0
3449,1,40,0,4,0,0,1
3450,0,21,0,1,1,2,1
3451,1,21,0,2,1,0,1
3452,0,21,0,0,0,1,0
3453,1,61,0,15,1,1,1
3454,1,61,0,0,0,0,0
3455,1,21,0,0,0,2,0
3456,1,40,1,1,1,2,0
3457,1,24,0,0,0,1,0
3458,0,45,1,5,0,2,0
3459,1,55,0,23,1,1,1
3460,1,30,0,3,0,0,1
3461,0,78,0,15,0,0,1
3462,1,55,0,4,0,0,0
3463,1,40,0,29,0,1,1
3464,1,52,0,29,1,1,0
3465,1,58,0,0,0,1,0
3466,1,21,0,0,0,1,0
3467,1,21,0,0,0,1,1
3468,0,83,0,5,1,1,1
3469,1,52,0,7,0,0,1
3470,1,27,0,1,0,0,1
3471,1,45,0,0,0,1,0
3472,1,58,0,11,0,1,1
3473,1,40,0,2,1,2,1
3474,1,21,0,0,0,2,1
3475,1,21,0,8,0,1,0
3476,1,55,0,1,1,1,1
3477,0,29,0,3,0,1,1
3478,1,40,0,15,1,0,1
3479,1,21,0,0,1,1,1
3480,1,27,0,1,0,2,1
3481,0,52,0,0,1,1,1
3482,1,61,0,0,0,0,0
3483,1,21,0,1,0,1,0
3484,0,40,0,3,0,1,0
3485,0,53,0,8,0,2,0
3486,1,61,0,1,0,0,0
3487,0,61,0,24,0,0,1
3488,0,61,0,0,0,2,0
3489,0,60,0,7,1,1,1
3490,0,60,0,4,0,2,0
3491,1,67,0,29,0,2,0
3492,1,52,0,1,1,1,0
3493,1,21,0,1,0,1,0
3494,1,21,0,1,0,1,1
3495,1,24,0,16,0,0,1
3496,0,52,0,1,1,1,0
3497,1,27,0,1,1,2,1
3498,1,40,0,1,1,2,0
3499,1,40,0,8,0,2,0
3500,1,53,0,1,0,2,1
3501,1,27,0,23,1,2,1
3502,1,58,0,11,0,1,1
3503,1,36,0,16,1,1,1
3504,1,27,0,0,0,1,0
3505,1,30,0,0,1,1,1
3506,1,60,0,5,0,2,0
3507,1,24,0,29,0,2,0
3508,0,83,0,15,0,1,0
3509,1,45,0,7,1,0,0
3510,1,53,0,0,1,2,1
3511,0,40,0,1,0,1,1
3512,1,24,0,0,1,0,1
3513,1,53,0,0,0,2,1
3514,0,53,0,4,1,1,1
3515,0,60,0,0,0,2,0
3516,1,21,0,1,1,0,1
3517,1,45,0,3,1,0,1
3518,1,61,0,0,0,1,1
3519,1,60,0,4,0,1,1
3520,1,21,0,11,1,1,0
3521,1,30,0,0,0,1,1
3522,1,36,0,24,0,2,1
3523,1,27,0,4,0,2,0
3524,1,58,0,15,0,1,1
3525,1,30,0,1,1,0,0
3526,1,24,0,1,0,1,1
3527,0,27,0,1,0,0,1
3528,1,30,0,2,0,1,1
3529,1,36,0,0,0,1,0
3530,1,24,0,1,0,2,0
3531,1,40,0,1,0,0,1
3532,1,24,0,3,0,1,0
3533,0,22,0,15,0,1,0
3534,1,24,0,15,1,1,1
3535,1,30,0,24,0,2,0
3536,0,36,0,8,0,2,0
3537,1,24,0,24,0,2,0
3538,1,60,0,5,0,1,0
3539,0,55,0,0,0,1,0
3540,0,61,0,1,1,2,0
3541,1,27,0,29,1,1,0
3542,1,83,0,0,0,2,0
3543,1,24,0,0,0,2,0
3544,1,53,0,0,0,2,0
3545,1,29,0,5,0,1,1
3546,1,36,0,11,0,1,0
3547,1,53,0,1,0,2,1
3548,1,27,0,0,1,2,0
3549,0,45,0,2,1,1,1
3550,0,24,0,0,1,1,1
3551,1,60,0,24,0,1,0
3552,1,24,0,5,1,1,1
3553,1,58,0,5,0,2,0
3554,1,61,0,29,1,1,0
3555,1,21,0,5,0,2,0
3556,1,27,0,0,1,1,1
3557,1,21,0,1,1,1,1
3558,1,30,0,0,1,1,0
3559,1,36,0,15,1,1,0
3560,1,61,0,1,1,0,1
3561,1,24,0,0,0,1,1
3562,1,83,0,4,0,1,0
3563,1,60,0,0,0,1,0
3564,1,60,0,0,0,2,1
3565,1,40,0,1,1,2,0
3566,1,61,0,5,0,2,0
3567,0,58,0,3,0,0,1
3568,0,27,0,29,0,1,1
3569,1,27,0,7,0,1,1
3570,1,21,0,3,0,0,0
3571,1,52,0,1,0,0,0
3572,1,83,0,0,0,2,1
3573,0,62,0,0,0,1,0
3574,1,24,0,13,1,1,1
3575,1,40,0,0,1,2,1
3576,1,60,0,0,1,1,0
3577,1,52,0,0,1,1,0
3578,1,36,0,0,0,2,0
3579,1,21,0,3,0,2,1
3580,1,21,0,0,0,1,0
3581,1,27,0,23,0,1,0
3582,1,30,0,5,1,2,1
3583,1,24,0,2,0,2,0
3584,1,40,0,5,0,2,1
3585,1,58,0,2,0,2,1
3586,1,53,0,0,0,0,0
3587,1,21,0,3,1,1,1
3588,1,36,0,0,1,1,1
3589,1,53,0,0,1,1,0
3590,0,55,0,2,0,2,0
3591,1,53,0,1,0,1,1
3592,1,60,0,8,0,2,1
3593,1,21,0,5,0,0,0
3594,0,40,0,0,0,1,1
3595,1,21,0,2,0,2,1
3596,1,53,0,0,1,1,1
3597,0,24,0,8,1,1,0
3598,1,61,0,1,0,1,1
3599,0,60,0,0,1,1,0
3600,1,24,0,3,0,1,1
3601,1,24,0,1,0,0,0
3602,0,53,0,1,0,0,1
3603,1,24,0,29,0,1,0
3604,1,24,0,0,1,1,1
3605,1,21,0,2,0,1,0
3606,1,24,0,29,1,2,0
3607,1,27,0,2,0,0,1
3608,1,58,0,0,0,2,1
3609,0,55,0,0,0,1,0
3610,0,52,0,0,0,0,0
3611,1,55,0,0,1,1,0
3612,1,27,0,29,0,0,0
3613,0,40,0,1,1,1,1
3614,0,40,0,4,1,1,0
3615,0,24,0,3,0,1,1
3616,0,55,0,3,0,1,0
3617,1,27,0,11,1,1,0
3618,1,27,0,1,0,1,1
3619,1,53,0,2,0,0,0
3620,0,24,0,5,1,2,1
3621,0,53,0,0,0,1,1
3622,1,53,0,0,0,1,1
3623,1,24,0,0,1,0,0
3624,1,21,0,1,0,1,0
3625,0,61,0,13,1,1,0
3626,1,24,0,0,0,1,0
3627,0,40,0,0,0,0,1
3628,1,27,0,29,0,1,0
3629,1,24,0,1,0,2,0
3630,1,22,0,7,1,1,1
3631,1,36,0,0,0,2,0
3632,1,27,0,5,0,1,1
3633,0,21,0,2,1,2,1
3634,1,61,0,1,0,1,1
3635,1,30,0,0,0,2,0
3636,1,27,0,0,1,1,0
3637,1,45,0,1,1,2,1
3638,0,52,0,4,1,1,0
3639,1,24,0,3,0,0,1
3640,0,24,0,5,0,1,1
3641,0,45,0,2,1,1,0
3642,1,30,0,0,0,0,1
3643,1,21,0,1,0,2,0
3644,1,27,0,1,1,2,1
3645,1,24,0,1,1,1,0
3646,1,21,0,0,0,2,0
3647,1,21,0,2,0,0,1
3648,1,24,0,2,0,0,0
3649,1,53,0,0,0,2,0
3650,1,24,0,0,0,1,1
3651,1,30,0,0,0,0,1
3652,1,21,0,0,0,2,1
3653,1,53,0,1,1,0,1
3654,1,55,0,0,0,2,0
3655,1,52,0,2,0,1,1
3656,1,53,0,8,1,1,0
3657,1,45,0,8,0,1,1
3658,1,40,0,3,0,1,0
3659,1,53,0,0,0,2,0
3660,1,58,0,5,1,0,0
3661,1,21,0,1,0,2,0
3662,1,83,0,13,0,0,1
3663,1,27,0,1,1,0,0
3664,1,40,0,1,0,1,0
3665,1,21,0,29,0,1,1
3666,1,24,0,0,1,0,1
3667,1,52,0,7,0,1,0
3668,0,60,0,4,0,0,0
3669,1,21,0,0,0,1,0
3670,1,36,0,8,1,0,0
3671,0,45,0,0,0,1,1
3672,0,27,0,0,1,2,1
3673,0,27,0,0,0,1,0
3674,0,27,0,4,0,0,0
3675,1,24,0,24,0,1,0
3676,0,21,0,24,1,1,0
3677,0,30,0,0,1,1,0
3678,0,24,0,7,0,1,0
3679,1,53,0,5,1,1,1
3680,0,24,0,0,1,1,1
3681,1,45,0,0,1,0,0
3682,1,40,0,1,1,1,1
3683,1,21,0,5,0,0,1
3684,1,60,0,1,0,0,0
3685,1,60,0,7,0,0,0
3686,0,24,0,1,1,1,0
3687,1,40,0,7,0,2,1
3688,0,21,0,0,1,1,1
3689,1,40,0,11,0,1,1
3690,1,27,0,1,0,2,1
3691,1,83,0,0,0,1,0
3692,1,60,0,0,1,2,0
3693,1,21,0,11,0,1,1
3694,1,22,0,2,1,1,1
3695,1,30,0,0,1,2,1
3696,1,24,0,2,0,2,0
3697,1,61,0,0,0,1,0
3698,0,40,0,1,0,0,0
3699,0,30,0,1,0,0,1
3700,1,21,0,5,1,1,1
3701,1,27,0,0,0,1,0
3702,1,36,0,0,0,0,1
3703,1,62,0,5,1,1,1
3704,1,30,0,24,0,1,1
3705,1,58,0,4,0,0,1
3706,0,27,0,1,0,0,1
3707,1,27,0,15,1,1,1
3708,1,40,0,1,0,0,0
3709,1,30,0,0,1,2,1
3710,1,24,0,8,1,0,1
3711,0,21,0,0,1,1,0
3712,1,21,0,0,1,2,0
3713,0,83,0,0,1,1,0
3714,1,40,0,0,0,0,0
3715,1,52,0,0,0,1,0
3716,0,36,0,0,0,1,1
3717,1,24,0,0,0,1,0
3718,0,24,0,0,0,2,0
3719,0,60,0,2,1,2,0
3720,0,78,0,5,0,2,1
3721,0,21,0,23,0,1,0
3722,1,40,0,15,0,2,0
3723,1,21,0,1,1,2,1
3724,0,36,0,2,0,1,1
3725,1,53,1,0,0,2,1
3726,0,27,0,2,0,2,0
3727,1,53,0,30,0,2,1
3728,0,58,0,0,0,1,0
3729,0,22,0,0,0,1,1
3730,1,62,0,0,1,1,0
3731,1,21,0,1,1,2,1
3732,0,30,0,11,1,1,0
3733,1,61,0,0,0,0,1
3734,1,60,0,7,0,0,0
3735,1,60,0,24,1,2,0
3736,1,24,0,1,0,1,1
3737,1,55,0,1,0,1,1
3738,1,55,0,2,1,1,1
3739,1,83,0,0,0,2,1
3740,1,21,0,24,1,1,0
3741,1,67,0,0,0,0,0
3742,1,58,0,30,0,1,1
3743,1,21,0,0,1,1,0
3744,1,53,0,0,1,2,0
3745,1,83,0,2,0,1,0
3746,1,21,0,0,0,2,0
3747,1,58,0,0,0,2,1
3748,1,24,0,23,0,1,0
3749,1,21,0,0,0,2,1
3750,1,24,0,1,0,0,0
3751,1,60,0,0,0,0,0
3752,1,21,0,24,0,1,1
3753,1,40,0,13,1,1,0
3754,1,21,0,0,0,1,0
3755,1,52,0,0,0,0,0
3756,1,27,0,0,0,2,0
3757,1,45,0,0,0,1,1
3758,1,27,0,0,0,1,0
3759,0,52,0,15,0,2,1
3760,1,27,0,1,0,1,1
3761,1,24,0,29,0,0,0
3762,1,24,0,0,1,2,1
3763,1,40,0,7,0,1,1
3764,1,21,0,0,0,1,0
3765,1,38,0,5,1,1,0
3766,1,58,0,8,0,1,0
3767,0,27,0,5,0,1,0
3768,1,58,0,29,0,0,1
3769,1,21,0,1,0,1,0
3770,1,61,0,2,1,2,1
3771,1,21,0,1,0,0,0
3772,1,83,0,1,1,0,1
3773,1,21,0,1,0,0,0
3774,1,24,0,2,0,2,1
3775,1,60,0,1,1,1,0
3776,0,58,0,1,0,1,0
3777,1,27,0,29,1,1,0
3778,1,55,0,0,0,1,1
3779,1,27,0,1,0,2,1
3780,1,40,0,1,0,0,0
3781,1,83,0,1,0,1,1
3782,1,21,0,15,1,2,0
3783,1,83,0,0,0,0,1
3784,1,40,0,0,1,1,1
3785,0,24,0,23,1,1,0
3786,1,40,0,29,1,1,1
3787,1,52,0,1,0,1,0
3788,1,27,0,1,0,1,1
3789,1,27,0,1,1,0,0
3790,1,45,0,23,0,1,0
3791,0,52,0,0,0,0,0
3792,1,24,0,0,0,2,1
3793,1,24,0,1,1,2,0
3794,1,24,0,1,0,1,1
3795,1,21,0,24,0,1,1
3796,1,61,0,0,1,1,1
3797,0,60,0,1,0,1,0
3798,1,40,0,1,0,1,1
3799,0,60,0,0,0,0,0
3800,1,45,0,1,1,1,1
3801,1,30,0,0,1,2,1
3802,1,40,0,4,0,1,1
3803,0,21,0,7,0,1,0
3804,1,27,0,1,0,0,1
3805,1,52,0,11,0,1,0
3806,1,60,0,24,1,1,1
3807,1,21,0,0,0,1,0
3808,1,30,0,5,1,1,0
3809,0,24,0,5,1,1,0
3810,1,52,0,11,0,1,0
3811,1,45,0,8,1,1,1
3812,0,30,0,5,1,1,0
3813,1,45,0,1,1,1,0
3814,1,21,0,0,0,1,0
3815,1,60,0,0,0,0,0
3816,1,27,0,0,1,1,1
3817,1,24,0,0,0,1,0
3818,1,45,0,5,1,1,0
3819,1,24,0,1,1,1,0
3820,1,27,0,5,0,2,0
3821,1,40,0,7,1,1,1
3822,1,21,0,1,1,2,1
3823,1,36,0,7,1,1,0
3824,1,36,0,0,1,1,1
3825,1,21,0,5,0,1,0
3826,1,60,0,2,0,1,1
3827,1,61,0,1,0,0,1
3828,1,45,0,0,0,1,1
3829,1,24,0,0,0,1,0
3830,1,61,0,0,0,2,1
3831,1,27,0,0,1,2,0
3832,1,27,0,1,0,0,0
3833,1,61,0,1,1,2,1
3834,1,24,0,23,1,2,0
3835,1,61,0,0,1,2,0
3836,1,24,0,4,1,1,0
3837,0,55,0,5,0,2,1
3838,1,53,0,1,0,1,1
3839,1,21,0,2,0,0,0
3840,1,53,0,5,1,2,0
3841,1,30,0,0,0,1,0
3842,1,40,0,1,1,0,0
3843,1,30,0,0,1,2,0
3844,0,40,0,1,0,2,1
3845,1,24,0,0,0,2,1
3846,1,45,0,11,0,2,1
3847,1,40,0,1,1,1,1
3848,1,61,0,0,1,0,0
3849,1,61,0,0,0,2,1
3850,1,40,0,2,0,1,1
3851,1,52,0,24,1,1,1
3852,1,27,0,1,0,1,1
3853,1,21,0,3,0,1,0
3854,1,53,0,1,1,1,1
3855,1,53,0,0,0,0,1
3856,1,27,0,5,1,2,1
3857,0,53,0,4,1,1,0
3858,1,21,0,4,1,1,1
3859,1,83,0,29,0,2,0
3860,0,30,0,23,1,1,1
3861,1,52,0,0,0,0,1
3862,1,58,0,0,0,1,0
3863,1,40,0,11,1,1,0
3864,1,60,0,2,0,1,1
3865,1,53,0,1,0,2,0
3866,1,24,0,3,0,1,1
3867,0,21,0,23,0,0,0
3868,1,36,0,5,0,0,1
3869,1,62,0,0,0,1,0
3870,1,83,0,5,1,2,0
3871,1,45,0,15,1,1,0
3872,0,21,0,7,0,2,0
3873,1,27,0,0,0,2,0
3874,1,83,0,1,0,2,1
3875,1,60,0,29,0,1,1
3876,1,61,0,0,0,1,0
3877,1,24,0,0,0,1,0
3878,1,22,0,5,0,0,0
3879,1,21,0,0,1,1,0
3880,1,36,0,0,1,1,0
3881,0,24,0,3,1,0,1
3882,1,55,0,1,1,1,0
3883,1,21,0,5,0,1,0
3884,0,30,0,11,0,2,1
3885,1,62,0,1,1,0,1
3886,0,21,0,1,0,0,0
3887,1,61,0,15,0,1,0
3888,1,21,0,5,0,0,0
3889,1,24,0,0,0,1,0
3890,1,58,0,1,1,1,1
3891,1,45,0,4,1,2,1
3892,1,61,0,0,1,1,0
3893,1,53,0,1,0,1,0
3894,1,27,0,5,1,0,1
3895,1,21,0,7,1,1,1
3896,1,21,0,2,1,2,0
3897,1,61,0,8,0,1,0
3898,1,58,0,23,1,1,1
3899,1,24,0,1,0,1,1
3900,1,21,0,29,0,1,0
3901,0,60,0,1,0,1,0
3902,0,21,0,29,1,2,1
3903,1,45,0,3,1,1,0
3904,1,62,0,5,0,0,0
3905,1,21,0,0,0,2,0
3906,0,21,0,0,0,1,1
3907,1,58,0,1,1,1,1
3908,1,55,0,0,1,1,0
3909,1,52,0,4,0,1,0
3910,1,36,0,1,1,1,1
3911,1,45,0,5,1,1,0
3912,1,24,0,29,1,1,0
3913,1,21,0,5,1,2,0
3914,1,21,0,1,0,2,1
3915,1,36,0,1,1,1,1
3916,1,21,0,0,1,1,1
3917,0,22,0,0,1,1,1
3918,1,21,0,5,0,2,0
3919,1,30,0,23,0,2,1
3920,1,40,0,11,0,2,0
3921,0,27,0,24,0,1,0
3922,1,21,0,5,0,1,1
3923,1,21,0,4,0,1,0
3924,1,21,0,0,1,1,1
3925,1,52,0,23,0,0,1
3926,1,53,0,5,1,1,0
3927,1,30,0,0,1,0,1
3928,1,58,0,23,0,1,0
3929,1,27,0,5,0,0,0
3930,1,24,0,5,1,0,0
3931,1,22,0,0,0,1,1
3932,1,60,0,1,0,1,0
3933,1,53,0,0,1,2,0
3934,1,24,0,0,1,1,0
3935,1,83,0,0,0,1,0
3936,0,83,0,1,1,1,0
3937,0,40,0,0,0,1,0
3938,1,45,0,0,0,0,0
3939,1,30,0,0,0,0,0
3940,1,27,0,1,1,1,0
3941,1,45,0,2,0,0,1
3942,1,21,0,0,1,1,1
3943,1,52,0,1,0,1,0
3944,1,83,0,1,0,1,0
3945,0,30,0,0,1,0,0
3946,0,45,0,4,0,2,1
3947,1,45,0,1,0,1,0
3948,0,21,0,1,1,1,1
3949,0,27,0,23,1,1,1
3950,1,27,0,3,0,2,0
3951,0,60,0,23,1,2,1
3952,1,24,0,3,1,2,0
3953,1,60,0,2,1,1,0
3954,1,40,0,0,0,1,0
3955,1,61,0,0,1,2,1
3956,0,27,0,1,0,2,0
3957,1,27,0,15,0,1,1
3958,1,83,0,7,1,1,1
3959,1,55,0,15,0,0,1
3960,0,83,0,1,0,0,1
3961,1,30,0,24,0,1,1
3962,0,52,0,0,1,1,1
3963,1,61,0,2,0,1,1
3964,1,21,0,0,0,0,0
3965,1,24,0,2,1,1,1
3966,0,24,0,7,1,1,1
3967,1,24,0,1,0,1,1
3968,1,45,0,0,0,1,0
3969,1,30,0,0,0,2,0
3970,1,60,0,8,1,1,0
3971,0,21,0,0,0,1,0
3972,1,53,0,15,0,1,1
3973,1,21,0,11,0,2,0
3974,1,27,0,15,0,1,0
3975,1,61,0,11,0,2,0
3976,1,30,0,24,1,0,1
3977,0,21,0,29,0,2,1
3978,0,21,0,0,0,1,1
3979,1,40,0,0,0,2,1
3980,1,24,0,7,0,0,0
3981,1,55,0,2,0,1,1
3982,1,53,0,0,0,0,1
3983,1,61,0,1,0,1,0
3984,1,21,0,5,0,0,0
3985,1,40,0,0,0,1,1
3986,0,58,0,29,0,0,1
3987,1,36,0,11,1,0,1
3988,1,61,0,5,0,2,0
3989,1,21,0,1,0,1,0
3990,1,45,0,1,0,1,0
3991,1,24,0,2,0,1,1
3992,1,36,0,0,0,2,1
3993,1,21,0,29,0,1,0
3994,0,24,0,0,1,1,1
3995,1,58,0,29,0,1,0
3996,1,45,0,0,0,0,0
3997,1,55,0,1,0,2,0
3998,1,27,0,1,1,2,1
3999,1,21,0,0,1,2,0
4000,0,53,0,0,1,0,1
4001,1,29,0,29,0,0,1
4002,1,24,0,1,0,2,1
4003,1,30,0,7,0,0,1
4004,1,83,0,24,0,0,1
4005,1,40,0,30,1,1,1
4006,0,58,0,5,1,0,0
4007,0,83,0,5,1,1,0
4008,0,45,0,1,1,1,1
4009,1,40,0,4,1,2,0
4010,0,27,0,1,1,1,0
4011,0,83,0,0,1,2,0
4012,1,24,0,15,0,1,0
4013,1,36,0,0,0,0,0
4014,1,40,0,1,0,0,1
4015,1,27,1,0,1,2,1
4016,1,52,0,0,1,1,0
4017,1,27,0,4,1,0,1
4018,1,40,0,7,0,2,0
4019,1,24,0,15,0,0,0
4020,1,21,0,29,0,2,0
4021,0,27,0,4,0,2,1
4022,1,27,0,23,0,0,1
4023,0,21,0,29,0,1,1
4024,1,53,0,1,1,1,1
4025,1,21,0,0,0,0,0
4026,1,53,0,1,0,2,1
4027,1,61,0,0,0,1,1
4028,1,27,0,0,0,1,0
4029,1,40,0,4,1,0,1
4030,1,21,0,0,1,0,0
4031,1,53,0,1,0,2,0
4032,1,27,0,1,0,0,0
4033,1,62,0,0,0,1,0
4034,0,21,0,29,0,2,0
4035,1,21,0,11,0,1,1
4036,1,45,0,11,0,1,1
4037,1,36,0,2,0,1,0
4038,1,40,0,2,0,0,1
4039,1,24,0,1,1,0,1
4040,1,27,0,5,0,0,1
4041,1,40,0,1,0,0,0
4042,1,53,0,2,0,2,0
4043,1,36,0,1,0,1,0
4044,1,30,0,0,0,2,0
4045,1,40,0,1,0,1,1
4046,0,30,0,1,0,1,1
4047,0,21,0,0,0,0,0
4048,1,30,0,5,0,1,1
4049,1,58,0,3,1,2,0
4050,1,21,0,1,1,1,0
4051,1,58,0,1,0,0,1
4052,1,21,0,0,0,2,0
4053,1,21,0,0,1,1,0
4054,1,60,0,0,0,0,0
4055,0,40,0,0,0,0,0
4056,1,53,0,0,0,1,1
4057,1,53,0,5,1,0,0
4058,1,30,0,3,0,1,1
4059,0,60,0,24,1,0,0
4060,0,30,0,23,0,0,0
4061,1,24,0,0,1,1,0
4062,1,21,0,2,0,2,1
4063,1,58,0,23,0,2,1
4064,1,58,0,0,0,1,0
4065,1,55,0,0,1,0,0
4066,1,21,0,1,0,2,0
4067,1,83,0,7,0,1,1
4068,1,60,0,0,0,1,0
4069,1,30,0,0,1,1,1
4070,1,21,0,0,0,1,1
4071,1,36,0,0,1,2,0
4072,0,45,0,1,1,2,1
4073,1,21,0,1,0,1,1
4074,0,58,0,3,1,0,1
4075,1,45,0,1,0,2,0
4076,1,45,0,29,0,1,0
4077,0,36,0,1,0,0,0
4078,1,24,0,5,0,2,0
4079,1,21,0,1,1,1,0
4080,1,61,0,3,0,2,1
4081,1,52,0,13,0,2,1
4082,1,27,0,2,0,1,0
4083,1,83,0,1,0,1,0
4084,1,21,0,5,1,2,0
4085,1,52,0,1,1,0,1
4086,1,58,0,0,0,1,1
4087,1,55,0,3,0,1,0
4088,1,40,0,7,1,2,1
4089,1,21,0,0,0,1,0
4090,1,21,0,29,0,1,0
4091,1,53,0,5,1,2,0
4092,1,24,0,1,0,0,1
4093,1,21,0,0,1,1,0
4094,1,24,0,15,0,1,0
4095,1,52,0,3,0,2,1
4096,1,29,0,29,0,1,1
4097,0,83,0,24,0,1,0
4098,1,58,0,15,0,2,1
4099,1,22,0,1,1,1,1
4100,0,40,0,0,1,1,0
4101,1,52,0,0,1,1,0
4102,0,21,0,7,0,2,0
4103,1,24,0,1,0,0,0
4104,0,24,0,4,0,2,0
4105,1,53,0,3,1,0,0
4106,1,22,0,0,1,1,1
4107,1,21,0,0,0,0,0
4108,1,24,0,1,1,1,0
4109,1,52,0,5,0,0,1
4110,1,21,0,2,1,1,0
4111,0,27,0,1,1,2,1
4112,1,52,0,0,1,1,0
4113,1,22,0,2,0,2,0
4114,0,55,0,2,0,1,0
4115,1,40,0,15,1,1,0
4116,1,45,0,0,1,0,1
4117,1,45,0,7,0,0,1
4118,1,83,0,11,0,1,1
4119,0,62,0,7,0,1,1
4120,0,24,0,0,1,1,0
4121,1,36,0,4,0,2,0
4122,1,21,0,1,0,1,1
4123,0,21,0,29,0,1,0
4124,0,24,0,5,0,1,0
4125,1,40,0,15,1,2,1
4126,0,61,0,2,1,1,1
4127,1,21,0,4,0,1,0
4128,1,58,0,3,1,0,0
4129,1,58,0,1,0,1,0
4130,1,61,0,3,0,1,1
4131,1,52,0,15,1,1,0
4132,1,21,0,3,0,2,1
4133,1,30,0,0,1,2,1
4134,1,30,0,8,0,2,0
4135,1,60,0,0,1,1,0
4136,1,21,0,5,1,1,0
4137,1,53,0,5,0,1,1
4138,0,30,0,29,0,1,0
4139,1,40,0,1,0,2,1
4140,1,45,0,3,1,1,0
4141,1,21,0,2,1,1,1
4142,1,55,0,29,0,2,0
4143,1,61,0,24,1,2,1
4144,1,53,0,0,0,1,1
4145,1,35,0,29,0,1,1
4146,1,58,0,7,0,0,0
4147,1,40,0,1,0,0,1
4148,1,30,0,5,0,2,0
4149,1,24,0,5,0,1,1
4150,0,58,0,15,1,0,1
4151,0,24,0,29,1,1,1
4152,1,24,0,4,0,1,0
4153,1,52,0,1,0,1,0
4154,1,30,0,1,1,0,0
4155,1,30,0,1,0,0,1
4156,1,27,0,1,0,0,1
4157,1,21,0,0,0,1,0
4158,1,29,0,1,0,1,1
4159,1,83,0,3,0,1,0
4160,1,45,0,29,1,1,1
4161,1,21,0,3,0,1,0
4162,1,21,0,0,0,2,0
4163,1,27,0,0,0,1,1
4164,0,52,0,15,1,1,1
4165,0,24,0,23,0,2,0
4166,0,55,0,5,1,1,0
4167,1,52,0,3,0,1,0
4168,1,40,0,5,1,1,1
4169,1,61,0,5,0,1,0
4170,1,61,0,4,1,1,1
4171,1,58,0,0,1,1,1
4172,1,24,0,0,0,1,1
4173,1,40,0,0,1,1,0
4174,1,27,0,29,1,1,0
4175,1,24,0,1,1,1,1
4176,1,27,0,5,1,1,1
4177,1,53,0,0,1,2,1
4178,1,60,0,5,0,0,0
4179,1,24,0,2,0,0,1
4180,1,30,0,3,1,1,1
4181,1,53,0,2,1,1,1
4182,0,30,0,1,0,1,0
4183,1,45,0,0,0,1,0
4184,1,21,0,3,1,1,0
4185,1,45,0,5,0,0,1
4186,0,21,0,1,0,2,0
4187,0,30,0,11,1,2,0
4188,1,21,0,0,0,2,1
4189,1,30,0,0,0,2,1
4190,1,24,0,0,1,1,0
4191,1,83,0,0,0,1,0
4192,1,24,0,15,1,2,0
4193,1,53,0,1,0,0,0
4194,1,21,0,2,0,2,0
4195,0,24,0,4,0,2,1
4196,0,52,0,0,1,1,0
4197,1,27,0,3,1,2,0
4198,1,58,0,0,0,1,0
4199,1,21,0,7,0,1,1
4200,0,30,0,15,1,2,1
4201,1,55,0,13,1,2,0
4202,1,55,0,0,1,1,0
4203,1,45,0,4,0,0,1
4204,0,21,0,4,1,1,1
4205,0,24,0,11,1,0,1
4206,0,24,0,0,0,2,0
4207,0,36,0,29,0,2,0
4208,1,21,0,1,1,1,1
4209,1,83,0,29,0,2,0
4210,1,45,0,3,0,1,0
4211,0,83,0,23,1,2,0
4212,1,21,0,5,0,1,0
4213,1,24,0,29,1,1,0
4214,0,21,0,4,0,2,0
4215,1,45,0,0,0,2,0
4216,1,30,0,2,1,1,1
4217,1,58,0,15,0,2,1
4218,0,53,0,1,1,0,0
4219,1,22,0,0,0,0,1
4220,1,36,0,1,0,2,1
4221,0,24,0,0,0,1,0
4222,1,21,0,24,0,1,0
4223,1,30,0,0,0,1,1
4224,1,36,0,5,1,1,1
4225,0,60,0,11,0,2,0
4226,1,60,0,1,0,1,1
4227,1,40,0,0,0,2,1
4228,1,24,0,0,0,1,1
4229,1,52,0,5,0,1,0
4230,1,60,0,1,0,0,0
4231,1,62,0,1,1,2,0
4232,1,58,0,1,1,1,1
4233,1,40,0,29,0,2,0
4234,1,45,0,3,0,1,0
4235,1,21,0,7,1,1,0
4236,0,30,0,29,0,1,1
4237,1,45,0,0,0,0,0
4238,1,21,0,0,0,2,0
4239,1,61,0,0,0,1,0
4240,0,21,0,0,0,2,1
4241,1,55,0,2,0,1,1
4242,1,61,0,5,0,1,1
4243,0,21,0,2,1,1,1
4244,1,62,0,29,0,1,1
4245,1,40,0,29,0,2,1
4246,1,21,0,7,1,2,1
4247,1,27,0,0,0,0,1
4248,0,61,0,1,1,2,1
4249,0,40,0,0,0,0,1
4250,1,60,0,29,0,2,0
4251,0,24,0,16,1,2,1
4252,1,30,0,0,1,1,0
4253,1,61,0,4,0,1,0
4254,1,45,0,1,1,1,1
4255,1,24,0,1,1,1,1
4256,1,40,0,0,0,0,1
4257,1,45,0,0,0,2,0
4258,1,24,0,3,0,1,0
4259,1,53,0,0,1,0,0
4260,0,21,0,3,0,1,1
4261,1,55,0,0,0,0,0
4262,1,27,0,3,1,1,0
4263,1,30,0,1,0,2,0
4264,1,58,0,1,1,1,1
4265,1,21,0,0,0,1,0
4266,0,27,0,8,0,1,0
4267,1,58,0,1,0,1,0
4268,0,61,0,2,1,2,1
4269,1,24,0,5,0,1,0
4270,1,45,0,7,0,2,1
4271,0,21,0,29,1,1,0
4272,1,21,0,1,0,2,1
4273,1,60,0,1,0,1,0
4274,1,40,0,2,0,0,1
4275,1,40,0,29,0,1,0
4276,0,21,0,1,1,1,0
4277,1,22,0,1,1,1,0
4278,1,40,0,1,0,2,0
4279,1,27,0,3,1,1,1
4280,1,36,0,1,0,1,0
4281,1,21,0,2,1,0,1
4282,0,53,0,0,1,1,0
4283,1,40,0,13,0,2,0
4284,1,27,0,0,1,1,0
4285,1,21,0,0,1,1,1
4286,1,58,0,0,0,0,1
4287,1,24,0,7,0,2,0
4288,0,61,0,7,1,1,1
4289,1,22,0,2,0,2,1
4290,1,61,0,2,0,2,0
4291,1,60,0,0,0,0,1
4292,1,21,0,5,0,0,0
4293,1,61,0,0,1,2,1
4294,0,36,0,0,0,2,0
4295,1,58,0,29,0,1,1
4296,1,61,0,1,1,1,0
4297,0,53,0,2,1,2,1
4298,1,21,0,11,0,1,0
4299,1,61,0,11,0,1,0
4300,1,24,0,7,0,1,1
4301,1,21,0,1,0,1,1
4302,1,45,0,5,0,2,1
4303,1,30,0,15,0,0,0
4304,1,53,0,0,1,1,1
4305,1,61,0,3,0,1,1
4306,1,30,0,15,1,1,0
4307,1,27,0,7,0,2,0
4308,0,24,0,2,0,2,0
4309,1,27,0,0,1,1,1
4310,1,27,0,0,1,1,1
4311,1,24,0,4,0,1,1
4312,1,60,0,4,0,1,0
4313,1,27,0,0,0,0,0
4314,1,21,0,0,1,1,1
4315,1,24,0,1,1,1,0
4316,1,61,0,7,0,1,0
4317,1,27,0,1,0,1,1
4318,1,24,0,5,0,1,1
4319,0,24,0,11,1,1,0
4320,1,27,0,7,0,1,0
4321,1,45,0,0,1,2,1
4322,0,45,0,29,0,2,0
4323,0,24,0,3,0,1,0
4324,1,60,0,0,0,0,0
4325,1,24,0,1,0,1,0
4326,1,67,0,8,0,1,0
4327,1,40,0,13,1,2,1
4328,1,21,0,0,0,1,0
4329,1,21,0,1,0,0,0
4330,1,30,0,23,0,2,1
4331,1,21,0,1,0,0,0
4332,1,30,0,0,0,1,1
4333,1,27,0,1,0,1,1
4334,0,30,0,5,1,1,1
4335,1,52,0,4,1,1,0
4336,1,58,0,1,0,0,0
4337,1,27,0,11,0,1,0
4338,1,45,0,1,0,1,1
4339,1,24,0,0,1,1,0
4340,0,24,0,2,1,1,0
4341,1,53,0,7,0,2,0
4342,1,24,0,0,1,1,1
4343,1,40,0,0,0,0,0
4344,0,53,0,23,0,1,1
4345,1,24,0,0,1,1,0
4346,0,24,0,7,0,2,0
4347,0,21,0,1,0,2,0
4348,1,83,0,5,1,0,0
4349,0,21,0,0,0,1,1
4350,1,21,0,0,0,1,0
4351,1,45,0,15,0,1,0
4352,1,21,0,4,1,2,0
4353,1,52,0,1,0,2,0
4354,1,40,0,5,1,0,0
4355,1,24,0,2,0,0,1
4356,1,45,0,1,0,2,0
4357,1,24,0,13,0,2,1
4358,1,83,0,7,1,1,1
4359,1,24,0,2,1,1,0
4360,0,53,0,0,1,0,0
4361,1,21,0,8,0,2,1
4362,1,30,0,0,0,0,1
4363,1,60,0,0,0,2,0
4364,1,45,0,0,1,1,1
4365,1,61,0,0,0,2,0
4366,1,24,0,0,0,1,1
4367,1,78,0,5,0,1,1
4368,1,30,0,0,0,1,0
4369,1,53,0,11,0,0,0
4370,1,40,0,1,0,0,1
4371,1,40,0,0,0,0,1
4372,1,58,0,3,0,0,1
4373,1,24,0,5,0,2,1
4374,1,40,0,2,0,1,0
4375,1,24,0,0,1,2,1
4376,1,24,0,0,0,1,0
4377,1,67,0,5,0,1,1
4378,1,21,0,7,0,1,1
4379,1,58,0,4,1,0,0
4380,1,24,0,0,0,0,0
4381,0,24,0,1,1,2,1
4382,0,24,0,2,0,1,1
4383,1,83,0,5,0,2,0
4384,0,40,0,5,0,2,0
4385,1,21,0,4,0,0,0
4386,0,58,0,4,1,2,0
4387,1,55,0,5,1,2,0
4388,1,24,0,15,0,0,0
4389,1,40,0,0,1,1,0
4390,1,61,0,1,1,1,0
4391,1,30,0,0,0,2,1
4392,1,45,0,1,0,2,1
4393,1,36,0,1,1,0,0
4394,1,67,0,1,0,1,1
4395,1,55,0,1,1,1,1
4396,1,40,0,11,1,1,0
4397,1,21,0,0,0,0,1
4398,1,45,0,0,0,0,0
4399,0,53,0,0,1,0,1
4400,1,27,0,11,1,2,1
4401,1,53,0,5,0,1,0
4402,0,22,0,3,0,1,1
4403,1,45,0,1,0,2,0
4404,1,60,0,4,1,2,0
4405,1,52,0,1,1,1,1
4406,1,21,0,15,0,1,0
4407,1,62,0,3,1,1,1
4408,1,83,0,7,0,1,0
4409,1,40,0,0,1,1,0
4410,1,61,0,1,1,1,1
4411,0,22,0,1,1,1,1
4412,1,52,0,1,0,1,0
4413,1,45,0,5,0,1,1
4414,1,24,0,8,0,2,1
4415,1,27,0,3,1,1,0
4416,1,21,0,3,0,1,1
4417,1,40,0,0,1,0,1
4418,1,24,0,29,0,2,1
4419,1,21,0,5,0,0,0
4420,0,60,0,3,0,0,1
4421,0,55,0,0,0,1,0
4422,1,62,0,0,0,0,1
4423,1,27,0,1,0,0,0
4424,1,52,0,16,0,1,0
4425,0,45,0,5,0,2,1
4426,1,52,0,0,0,1,1
4427,1,27,0,0,0,2,1
4428,1,21,0,24,1,2,0
4429,1,21,0,1,0,1,1
4430,1,21,0,15,1,2,1
4431,1,40,0,2,0,2,1
4432,1,21,0,29,1,0,1
4433,1,27,0,0,1,1,0
4434,1,24,0,0,0,1,1
4435,1,36,0,5,0,1,1
4436,1,24,0,0,0,1,1
4437,0,27,0,5,1,0,0
4438,0,24,0,1,0,1,1
4439,0,45,0,1,0,2,1
4440,1,22,0,0,0,0,0
4441,1,45,0,0,0,1,0
4442,1,55,0,1,0,2,1
4443,1,21,0,2,0,2,1
4444,0,27,0,30,1,1,1
4445,1,52,0,0,1,1,1
4446,1,83,0,4,0,1,0
4447,1,58,0,1,1,1,1
4448,0,27,0,23,0,1,0
4449,0,83,0,13,0,1,1
4450,1,21,0,1,0,2,0
4451,1,36,0,0,1,1,0
4452,1,24,0,0,1,0,0
4453,0,24,0,1,0,1,0
4454,1,40,0,1,1,0,1
4455,1,60,0,0,0,1,0
4456,1,36,0,3,0,1,1
4457,0,27,0,3,1,0,1
4458,0,21,0,1,1,2,1
4459,1,30,0,4,1,0,1
4460,1,45,0,1,0,2,1
4461,1,45,0,1,1,1,0
4462,1,40,0,1,1,1,1
4463,1,27,0,0,0,0,0
4464,1,21,0,4,0,0,1
4465,1,24,0,11,0,1,1
4466,1,36,0,0,1,0,1
4467,1,52,0,2,0,2,1
4468,0,52,0,5,0,1,1
4469,0,21,0,2,0,0,1
4470,1,24,0,1,0,1,0
4471,1,24,0,1,0,0,1
4472,1,61,0,23,0,1,0
4473,1,21,0,0,1,1,0
4474,1,52,0,1,1,2,1
4475,1,27,0,29,1,0,0
4476,1,27,0,0,0,1,0
4477,1,58,0,1,0,1,0
4478,1,21,0,0,1,1,1
4479,0,61,0,29,0,2,1
4480,0,58,0,1,0,0,0
4481,1,52,0,1,0,2,0
4482,0,45,0,2,0,1,0
4483,1,30,0,0,1,1,1
4484,1,58,0,7,1,1,1
4485,1,55,0,1,1,2,1
4486,0,21,0,5,0,2,0
4487,1,60,0,8,0,0,0
4488,1,24,0,1,0,0,1
4489,1,52,0,5,1,1,0
4490,1,21,0,4,0,1,0
4491,1,24,0,2,1,1,0
4492,1,27,0,0,1,1,0
4493,1,61,0,23,1,2,1
4494,1,61,0,3,1,1,1
4495,0,24,0,11,0,1,0
4496,1,45,0,5,1,1,0
4497,1,27,0,5,0,1,0
4498,1,45,0,7,0,1,1
4499,1,27,0,0,0,0,1
4500,1,55,0,1,1,1,1
4501,1,52,0,0,1,1,0
4502,1,45,0,7,0,2,1
4503,1,30,0,2,1,1,1
4504,0,60,0,0,0,1,1
4505,1,24,0,0,0,2,0
4506,1,45,0,2,0,1,0
4507,0,83,0,2,0,1,0
4508,1,21,0,0,0,1,1
4509,1,40,0,5,0,1,0
4510,0,40,0,11,1,1,0
4511,1,24,0,1,0,2,1
4512,1,62,0,0,0,1,0
4513,1,60,0,0,1,1,1
4514,1,27,0,1,0,0,1
4515,1,40,0,0,0,1,1
4516,1,24,0,4,0,2,0
4517,1,52,0,7,0,2,1
4518,1,21,0,0,1,1,1
4519,1,27,0,0,0,2,0
4520,0,21,0,0,0,1,1
4521,1,24,0,0,1,1,0
4522,1,40,0,11,0,1,1
4523,0,53,0,15,0,1,0
4524,0,36,0,5,0,2,0
4525,0,21,0,0,0,0,0
4526,1,30,0,0,0,2,0
4527,1,58,0,0,1,0,0
4528,1,21,0,5,1,1,0
4529,1,83,0,0,1,1,0
4530,0,21,0,0,0,0,1
4531,0,58,0,0,1,1,1
4532,1,24,0,3,0,2,0
4533,0,22,0,29,0,2,1
4534,1,45,0,15,0,0,0
4535,1,30,0,3,0,0,0
4536,1,83,0,0,0,2,0
4537,0,21,0,2,1,0,0
4538,1,58,0,29,1,1,1
4539,1,45,0,0,1,1,1
4540,1,45,0,4,0,0,1
4541,1,21,0,11,0,2,0
4542,1,40,0,5,0,2,1
4543,1,61,0,8,0,1,0
4544,0,30,0,1,1,2,0
4545,1,21,0,2,0,1,1
4546,1,24,0,0,0,0,1
4547,1,36,0,29,1,0,1
4548,1,35,0,0,0,0,1
4549,1,62,0,29,0,1,1
4550,0,36,0,1,0,0,0
4551,1,21,0,1,0,1,0
4552,0,24,0,29,0,1,0
4553,1,27,0,0,0,1,1
4554,1,24,0,2,1,1,1
4555,1,55,0,0,0,1,1
4556,1,21,0,4,0,0,1
4557,1,52,0,0,1,0,0
4558,1,22,0,11,1,1,0
4559,1,24,0,1,1,1,1
4560,1,61,0,0,1,0,0
4561,1,36,0,15,0,0,0
4562,0,30,0,2,0,2,1
4563,1,45,0,23,0,0,0
4564,0,52,0,1,1,2,1
4565,1,40,0,0,0,0,1
4566,1,40,0,2,0,1,0
4567,1,62,0,11,1,1,0
4568,0,58,0,1,1,0,1
4569,0,60,0,0,1,1,1
4570,1,60,0,1,0,1,1
4571,1,58,0,1,0,2,1
4572,1,24,0,0,0,1,0
4573,1,21,0,2,0,0,0
4574,0,58,0,4,1,1,0
4575,1,55,0,4,0,2,1
4576,1,53,0,5,0,1,0
4577,1,30,0,29,0,1,1
4578,1,67,0,0,0,0,1
4579,1,61,0,0,0,1,0
4580,1,52,0,7,0,1,0
4581,1,53,0,0,1,1,1
4582,0,24,0,0,0,0,0
4583,1,22,0,1,0,2,1
4584,1,61,0,0,0,1,1
4585,0,21,0,4,0,2,1
4586,1,40,0,1,1,1,0
4587,1,40,0,24,1,1,1
4588,0,53,0,5,1,2,1
4589,1,27,0,13,1,2,1
4590,0,21,0,0,1,1,0
4591,1,21,0,29,0,0,1
4592,1,83,0,1,0,1,1
4593,1,62,0,0,0,1,0
4594,1,21,0,0,1,1,1
4595,0,53,0,7,0,0,0
4596,0,21,0,0,1,0,1
4597,1,55,0,1,1,2,0
4598,1,21,0,5,0,2,0
4599,1,21,0,0,1,1,0
4600,0,24,0,11,0,2,1
4601,0,30,0,2,1,2,1
4602,0,40,0,5,0,2,0
4603,1,24,0,2,0,2,0
4604,0,21,0,29,0,1,0
4605,1,21,0,24,0,2,0
4606,1,21,0,1,0,1,0
4607,1,24,0,13,0,1,0
4608,1,22,0,0,0,2,1
4609,1,45,0,7,0,0,1
4610,1,21,0,2,1,1,1
4611,1,62,0,0,0,0,1
4612,1,45,0,4,1,0,1
4613,1,21,0,4,1,1,1
4614,1,24,0,0,0,2,0
4615,1,30,0,1,0,1,0
4616,1,40,0,3,1,2,1
4617,0,27,0,29,1,0,1
4618,1,53,0,29,1,1,0
4619,1,21,0,0,1,2,1
4620,1,24,0,0,0,1,0
4621,1,24,0,2,0,1,1
4622,1,21,0,29,0,1,1
4623,1,60,0,1,0,1,1
4624,0,61,0,0,1,1,0
4625,0,27,0,2,0,0,1
4626,1,24,0,2,0,0,1
4627,0,24,0,1,0,0,0
4628,0,60,0,5,0,1,1
4629,1,21,0,5,0,1,1
4630,0,36,0,15,1,0,0
4631,1,27,0,3,0,1,1
4632,1,24,0,0,1,2,0
4633,1,55,0,5,0,1,0
4634,1,60,0,0,0,1,0
4635,0,24,0,0,0,0,0
4636,1,27,0,5,0,0,0
4637,0,24,0,23,0,1,1
4638,1,83,0,24,1,0,1
4639,1,21,0,3,0,2,1
4640,1,45,0,3,1,1,0
4641,1,40,0,11,0,2,1
4642,1,58,0,1,1,1,1
4643,0,30,0,1,0,1,1
4644,1,53,0,5,1,1,1
4645,1,53,0,13,1,0,1
4646,1,45,0,5,0,1,0
4647,1,58,0,29,0,2,0
4648,1,24,0,0,1,1,0
4649,1,40,0,29,0,2,0
4650,1,53,0,3,0,2,0
4651,1,53,0,29,1,0,1
4652,1,21,0,2,1,1,0
4653,1,60,0,29,0,1,1
4654,1,21,0,5,0,2,1
4655,1,27,0,0,1,1,1
4656,0,29,0,3,1,0,1
4657,1,21,0,0,0,0,0
4658,1,24,0,7,0,1,1
4659,0,21,0,1,0,1,0
4660,1,27,0,4,0,1,0
4661,1,21,0,1,0,2,1
4662,0,52,0,1,1,2,1
4663,1,83,0,29,0,2,1
4664,0,52,0,29,0,1,1
4665,1,61,0,1,1,1,1
4666,1,55,0,5,0,0,0
4667,1,36,0,0,1,1,1
4668,0,52,0,0,1,1,0
4669,1,24,0,24,0,2,0
4670,1,21,0,3,0,1,1
4671,1,30,0,0,1,0,1
4672,1,21,0,0,1,1,1
4673,1,27,0,0,0,0,1
4674,1,53,0,1,1,2,1
4675,1,24,0,8,1,2,0
4676,1,24,0,2,0,2,1
4677,1,21,0,2,0,1,1
4678,0,30,0,7,0,0,1
4679,1,30,0,1,0,2,0
4680,1,60,0,7,1,1,1
4681,1,60,0,23,0,1,0
4682,1,45,0,5,0,1,0
4683,1,24,0,29,0,1,1
4684,1,45,0,0,0,1,0
4685,1,27,0,4,1,1,1
4686,1,40,0,0,0,1,0
4687,1,53,0,5,0,1,0
4688,1,53,0,0,0,1,1
4689,1,61,0,29,0,1,1
4690,1,22,0,2,1,1,1
4691,1,45,0,0,1,1,1
4692,1,40,0,0,0,1,0
4693,1,24,0,7,0,1,1
4694,1,62,0,0,0,0,0
4695,1,45,1,2,1,1,1
4696,1,24,0,23,0,1,0
4697,1,21,0,11,0,1,0
4698,1,58,0,8,0,2,1
4699,1,21,0,29,1,1,1
4700,1,21,0,7,1,1,1
4701,1,24,0,1,1,1,0
4702,1,24,0,5,0,0,1
4703,1,60,0,3,0,0,1
4704,1,52,0,15,0,2,1
4705,1,58,0,1,1,1,1
4706,1,40,0,3,1,0,1
4707,1,21,0,1,0,1,1
4708,1,60,0,3,0,1,0
4709,1,55,0,30,1,1,1
4710,1,58,0,15,1,1,1
4711,0,61,0,7,0,1,0
4712,1,60,0,2,0,1,1
4713,1,53,0,23,1,1,1
4714,1,83,0,29,0,0,1
4715,1,21,0,0,0,0,0
4716,1,27,0,2,1,2,0
4717,1,21,0,0,0,0,1
4718,1,24,0,2,1,1,1
4719,1,24,0,0,0,2,1
4720,1,27,0,5,0,1,0
4721,1,55,0,11,0,1,1
4722,0,21,0,15,0,0,0
4723,1,73,0,0,1,1,0
4724,1,53,0,5,0,0,1
4725,1,21,0,8,1,1,0
4726,1,52,0,2,0,1,0
4727,1,83,0,23,0,0,0
4728,1,58,0,7,0,1,1
4729,1,53,0,11,1,0,1
4730,1,52,0,1,0,0,0
4731,1,53,0,4,1,1,1
4732,1,30,0,1,1,1,0
4733,1,27,0,1,1,2,1
4734,1,21,0,5,1,1,1
4735,1,24,0,1,0,2,0
4736,1,27,0,3,0,0,0
4737,1,24,0,1,0,1,1
4738,1,58,1,15,0,0,1
4739,1,55,0,13,0,0,0
4740,0,61,0,29,0,2,0
4741,1,60,0,0,1,0,0
4742,1,40,0,0,1,1,0
4743,1,27,0,0,1,1,1
4744,1,24,0,2,0,2,0
4745,1,53,0,1,1,2,0
4746,1,45,0,3,0,1,1
4747,1,55,0,2,0,1,1
4748,1,53,0,1,0,2,0
4749,0,21,0,1,0,0,0
4750,1,60,0,15,0,2,0
4751,1,40,0,7,1,0,0
4752,0,45,0,1,1,1,0
4753,1,36,0,0,0,1,0
4754,0,45,0,1,0,2,0
4755,0,45,0,0,1,1,0
4756,0,36,0,1,0,1,0
4757,1,58,0,8,0,0,1
4758,1,53,0,23,0,1,1
4759,1,24,0,7,0,0,1
4760,0,61,0,13,0,0,0
4761,1,36,0,0,0,2,1
4762,1,45,0,0,0,2,0
4763,1,58,0,1,0,0,0
4764,1,58,0,30,1,1,0
4765,1,24,0,0,0,0,1
4766,0,29,0,4,0,1,0
4767,1,45,0,15,1,1,0
4768,1,53,0,5,1,1,0
4769,1,24,0,0,0,0,0
4770,0,24,0,2,0,0,1
4771,1,36,0,0,0,2,1
4772,1,27,0,4,1,2,0
4773,0,45,0,15,0,1,0
4774,0,58,0,13,0,1,1
4775,1,61,0,1,1,1,1
4776,1,61,0,2,0,2,0
4777,0,27,0,2,1,1,1
4778,1,62,0,1,1,1,0
4779,1,24,0,3,1,1,1
4780,1,21,0,5,1,0,0
4781,0,45,0,0,1,2,1
4782,1,55,0,0,0,2,1
4783,1,24,0,15,1,1,1
4784,1,30,0,0,1,1,1
4785,1,40,0,0,1,1,1
4786,0,30,0,4,0,2,1
4787,1,60,0,2,0,2,0
4788,1,40,0,15,0,0,1
4789,1,30,0,13,0,1,1
4790,1,40,0,4,1,1,1
4791,1,24,0,0,0,1,0
4792,0,36,0,0,1,0,1
4793,0,27,0,11,0,1,0
4794,1,58,0,2,0,1,0
4795,0,53,0,15,0,2,0
4796,1,24,0,1,0,0,0
4797,0,40,0,0,1,1,0
4798,1,53,0,11,0,2,1
4799,0,58,0,5,0,0,1
4800,1,60,0,7,1,1,0
4801,0,58,0,5,0,2,1
4802,0,24,0,0,0,1,1
4803,1,24,0,0,0,1,0
4804,1,40,0,1,0,1,1
4805,1,27,0,1,0,1,1
4806,0,21,0,0,1,1,1
4807,0,24,0,23,0,2,1
4808,0,36,0,30,1,1,0
4809,0,40,0,16,0,0,1
4810,0,40,0,5,1,2,0
4811,1,27,0,1,0,1,1
4812,1,21,0,2,1,1,0
4813,1,21,0,16,0,1,1
4814,1,60,0,0,0,2,0
4815,1,61,0,2,0,0,1
4816,1,40,0,4,0,2,0
4817,1,40,0,5,0,1,1
4818,1,21,0,5,0,1,1
4819,1,27,0,11,0,2,0
4820,0,67,0,4,0,1,0
4821,1,40,0,1,1,1,0
4822,1,24,0,7,0,1,0
4823,1,55,0,1,0,2,1
4824,0,45,0,2,0,0,1
4825,1,58,0,15,0,2,0
4826,0,61,0,1,1,0,1
4827,1,61,0,0,0,1,1
4828,1,27,0,1,0,1,1
4829,0,27,0,4,1,1,1
4830,1,24,0,29,0,1,0
4831,1,83,0,0,0,2,0
4832,1,24,0,1,0,2,1
4833,0,27,0,0,0,2,1
4834,1,24,0,0,0,1,0
4835,1,21,0,24,0,2,1
4836,1,61,0,1,0,2,1
4837,1,27,0,0,1,0,1
4838,1,55,0,5,0,2,1
4839,1,21,0,1,1,1,1
4840,1,27,0,3,1,1,1
4841,1,40,0,3,1,2,0
4842,1,40,0,7,0,1,1
4843,1,21,0,11,0,1,0
4844,1,40,0,1,1,1,0
4845,1,40,0,30,1,1,1
4846,0,45,0,0,0,1,1
4847,1,58,0,3,0,2,1
4848,1,53,0,23,1,1,1
4849,1,27,0,5,0,2,1
4850,1,27,0,5,0,1,1
4851,1,61,0,7,1,1,1
4852,1,21,0,0,1,1,0
4853,0,45,0,24,1,1,0
4854,1,27,0,0,1,1,1
4855,0,21,0,1,0,1,0
4856,1,21,0,1,0,0,1
4857,1,61,0,7,1,2,0
4858,0,58,0,7,1,0,1
4859,1,60,0,15,1,1,1
4860,1,53,0,3,0,2,0
4861,1,30,0,4,1,0,0
4862,1,52,0,4,0,0,1
4863,1,27,0,3,0,0,1
4864,1,30,0,0,0,1,0
4865,1,83,0,15,0,2,1
4866,1,24,0,1,0,1,1
4867,0,30,0,0,0,2,1
4868,0,30,0,0,0,1,1
4869,1,40,0,1,0,1,0
4870,0,27,0,2,1,2,1
4871,1,30,0,0,1,1,0
4872,1,21,0,0,1,2,1
4873,1,21,0,1,0,1,0
4874,1,78,0,0,1,2,0
4875,1,52,0,24,0,2,0
4876,0,61,0,0,1,1,1
4877,1,24,0,1,1,1,1
4878,0,24,0,1,0,1,0
4879,1,21,0,2,1,1,0
4880,0,21,0,13,0,2,1
4881,1,53,0,0,1,1,0
4882,1,24,0,5,1,1,1
4883,1,53,0,2,1,1,0
4884,0,53,0,5,0,1,0
4885,1,55,0,0,0,1,1
4886,1,67,0,5,0,1,0
4887,1,36,0,11,1,2,1
4888,1,24,0,4,0,0,0
4889,1,58,0,2,1,1,1
4890,1,45,0,3,1,2,1
4891,1,21,0,0,0,1,0
4892,1,21,0,3,0,1,1
4893,1,21,0,1,0,1,0
4894,0,61,0,15,1,1,0
4895,1,40,0,0,0,1,0
4896,1,36,0,1,0,1,1
4897,1,30,0,1,1,1,0
4898,1,60,0,1,0,2,0
4899,1,55,0,1,1,0,0
4900,1,36,0,0,0,2,1
4901,1,55,0,23,0,0,0
4902,1,58,0,11,1,1,0
4903,1,40,0,2,0,2,0
4904,1,53,0,4,0,1,1
4905,1,61,0,4,1,1,0
4906,1,21,0,15,0,1,1
4907,0,24,0,5,0,2,1
4908,0,60,0,29,0,1,1
4909,1,21,0,29,0,0,0
4910,1,58,0,1,1,1,1
4911,1,40,0,2,1,2,1
4912,1,21,0,0,0,2,0
4913,1,30,0,0,0,2,1
4914,1,22,0,23,0,1,0
4915,1,62,0,3,0,1,1
4916,1,53,0,2,0,1,1
4917,1,27,0,24,1,2,1
4918,1,58,0,7,0,0,1
4919,1,27,0,1,1,1,1
4920,1,60,0,0,0,2,1
4921,1,27,0,7,0,0,1
4922,0,52,0,2,1,1,1
4923,1,24,0,5,1,1,1
4924,1,40,0,0,1,1,1
4925,1,21,0,1,0,1,0
4926,0,53,0,3,1,1,0
4927,0,21,0,3,1,1,0
4928,1,27,0,2,1,0,1
4929,1,58,0,0,0,1,1
4930,1,21,0,2,0,1,1
4931,0,45,0,11,1,1,0
4932,1,62,0,0,1,2,0
4933,1,83,0,5,1,1,0
4934,1,21,0,0,0,0,1
4935,0,53,0,1,0,1,1
4936,1,21,0,4,1,1,1
4937,1,61,0,5,0,1,0
4938,0,24,0,0,1,2,0
4939,1,21,0,4,1,1,1
4940,1,61,0,23,1,2,0
4941,1,40,0,5,0,1,1
4942,1,24,0,1,0,2,1
4943,1,58,0,3,0,2,1
4944,1,30,0,15,1,1,1
4945,1,30,0,0,0,1,1
4946,1,27,0,0,0,2,1
4947,1,52,0,5,0,1,0
4948,1,58,0,0,0,0,1
4949,1,27,0,0,0,1,0
4950,0,53,0,23,0,2,1
4951,1,36,0,0,0,2,0
4952,0,40,0,24,1,2,0
4953,1,60,0,15,0,1,1
4954,1,21,0,0,0,2,0
4955,0,21,0,1,1,2,1
4956,1,21,0,0,0,2,1
4957,1,24,0,0,1,1,1
4958,1,22,0,13,0,0,0
4959,1,27,0,0,1,2,0
4960,0,58,0,1,0,2,1
4961,0,53,0,1,0,1,1
4962,1,21,0,5,1,1,0
4963,1,40,0,15,1,1,0
4964,0,61,0,5,0,2,1
4965,1,40,0,24,1,2,1
4966,1,45,0,29,0,2,1
4967,1,24,0,24,0,2,0
4968,0,30,0,29,0,2,1
4969,1,58,0,0,0,2,1
4970,1,21,0,0,1,0,1
4971,1,21,0,2,0,2,1
4972,1,36,0,0,0,1,0
4973,1,21,0,0,0,1,0
4974,1,30,0,5,1,1,1
4975,0,21,0,0,0,2,0
4976,0,40,0,0,0,2,0
4977,1,45,0,1,0,2,1
4978,1,61,0,3,1,1,0
4979,1,21,0,0,1,1,1
4980,1,60,0,30,1,1,0
4981,1,22,0,1,0,1,1
4982,1,30,0,1,0,0,0
4983,1,27,0,8,0,1,1
4984,1,61,0,15,1,1,1
4985,1,36,1,24,0,0,1
4986,1,60,0,0,0,2,0
4987,1,27,0,0,0,2,0
4988,1,30,0,1,0,0,1
4989,1,21,0,11,0,0,0
4990,0,24,0,5,0,2,1
4991,1,53,0,15,1,2,0
4992,1,21,0,0,0,1,0
4993,1,24,0,3,1,2,1
4994,1,27,0,1,1,1,0
4995,1,78,0,1,1,0,1
4996,0,21,0,2,1,0,1
4997,1,61,0,23,0,0,0
4998,1,36,0,0,0,0,1
4999,1,27,0,0,1,2,1
5000,1,27,0,2,1,1,1
5001,1,27,0,0,0,0,1
5002,1,45,0,11,0,1,1
5003,0,36,0,0,0,1,1
5004,1,40,0,0,0,1,1
5005,1,61,0,7,0,0,1
5006,1,24,0,0,1,1,1
5007,1,27,0,5,1,1,1
5008,1,21,0,5,1,2,0
5009,1,30,0,1,0,1,0
5010,0,24,0,1,0,1,0
5011,1,40,0,2,1,1,0
5012,1,40,0,5,0,0,0
5013,0,61,0,1,0,2,1
5014,0,52,0,2,1,1,0
5015,1,45,0,11,1,0,0
5016,1,45,0,5,1,2,1
5017,1,36,0,1,1,1,1
5018,1,40,0,16,0,0,1
5019,1,83,0,15,0,0,1
5020,1,30,0,2,1,0,0
5021,1,27,0,5,0,1,1
5022,1,24,0,33,0,0,1
5023,1,83,0,2,0,2,1
5024,0,40,0,7,1,1,1
5025,1,24,0,1,1,0,0
5026,0,45,0,1,1,0,0
5027,1,53,0,7,0,2,0
5028,1,45,0,1,0,1,0
5029,1,21,0,2,0,2,0
5030,0,21,0,0,0,0,0
5031,1,83,0,0,0,1,0
5032,1,40,0,1,1,1,0
5033,0,21,0,1,0,0,0
5034,1,24,0,0,0,1,1
5035,1,27,0,5,0,0,0
5036,0,53,0,0,0,0,1
5037,1,45,0,1,0,2,1
5038,0,61,0,2,0,1,1
5039,0,24,0,0,0,1,0
5040,1,61,0,5,1,1,1
5041,1,52,0,0,0,2,1
5042,1,36,0,0,0,0,1
5043,1,27,0,3,0,2,1
5044,1,60,0,7,0,0,1
5045,1,58,0,5,0,2,0
5046,1,27,0,15,0,2,1
5047,0,53,0,0,0,1,0
5048,1,55,0,5,1,2,1
5049,0,21,0,5,1,1,1
5050,1,52,0,5,1,2,1
5051,1,36,0,4,0,2,1
5052,1,55,0,29,0,2,0
5053,1,30,0,0,0,2,1
5054,1,53,0,1,0,1,0
5055,1,40,0,24,1,0,1
5056,1,53,0,13,0,0,0
5057,1,24,0,0,0,0,1
5058,1,27,0,1,0,1,1
5059,1,22,0,1,0,1,0
5060,0,60,0,7,0,1,0
5061,1,36,0,1,0,2,1
5062,0,55,0,0,0,1,0
5063,1,21,0,1,0,0,0
5064,1,21,0,0,1,1,0
5065,1,30,0,2,0,1,0
5066,0,21,0,0,1,1,0
5067,1,36,0,1,0,1,1
5068,1,45,0,5,0,1,1
5069,1,55,0,29,1,1,0
5070,1,24,0,0,0,0,1
5071,1,60,0,1,1,1,0
5072,1,40,0,0,0,1,1
5073,1,21,0,1,1,1,1
5074,1,61,0,1,0,0,1
5075,1,40,0,16,1,1,1
5076,1,53,0,5,1,0,0
5077,1,53,0,4,1,0,1
5078,0,27,0,1,0,1,1
5079,1,21,0,0,1,0,1
5080,1,53,0,0,0,1,1
5081,0,27,0,1,0,0,0
5082,1,24,0,1,1,1,1
5083,1,30,0,0,1,1,1
5084,1,27,0,3,1,1,0
5085,1,27,0,1,0,2,0
5086,1,30,0,1,0,2,1
5087,1,21,0,1,0,0,1
5088,1,30,0,15,0,1,1
5089,1,40,0,23,1,0,1
5090,0,40,0,0,0,1,0
5091,1,55,0,0,1,1,0
5092,1,55,0,1,1,1,0
5093,0,60,0,29,0,2,1
5094,1,40,0,2,0,1,1
5095,1,21,0,0,0,0,1
5096,1,24,0,2,1,1,0
5097,1,21,0,2,0,1,0
5098,1,40,0,23,0,2,0
5099,1,21,0,11,0,2,1
5100,1,40,0,2,0,0,1
5101,0,61,0,2,0,1,0
5102,1,52,0,0,0,2,0
5103,1,21,0,0,1,0,1
5104,1,27,0,16,0,1,1
5105,1,30,0,0,0,0,1
5106,0,62,0,2,1,1,1
5107,1,40,0,1,1,1,0
5108,0,61,0,0,1,1,0
5109,1,58,0,1,0,0,1
5110,1,40,0,2,0,2,1
5111,1,61,0,5,0,0,0
5112,0,30,0,0,1,1,0
5113,1,40,0,0,0,2,0
5114,0,61,0,1,0,1,0
5115,1,36,0,7,0,1,0
5116,1,40,0,0,1,1,0
5117,1,21,0,1,0,1,0
5118,1,58,0,1,1,1,0
5119,1,24,0,1,1,1,1
5120,1,40,0,0,0,0,1
5121,1,61,0,1,1,1,0
5122,1,21,0,0,0,1,1
5123,1,53,0,0,0,0,1
5124,1,24,0,5,0,1,1
5125,0,58,1,5,1,1,1
5126,0,27,0,0,0,0,1
5127,0,53,0,5,0,1,0
5128,1,24,0,7,1,2,1
5129,1,30,0,1,0,0,0
5130,1,21,0,11,0,0,0
5131,1,60,0,0,0,1,0
5132,1,30,0,15,0,1,1
5133,1,53,0,4,0,2,1
5134,1,40,0,4,0,2,0
5135,1,61,0,29,1,1,1
5136,1,30,0,7,0,1,1
5137,1,40,0,1,0,2,0
5138,1,27,0,1,0,1,0
5139,0,27,0,7,0,1,0
5140,1,83,0,1,0,1,0
5141,1,27,0,15,0,0,0
5142,1,58,0,0,0,1,0
5143,1,40,0,1,0,2,0
5144,0,61,0,11,0,2,1
5145,1,24,0,13,1,0,0
5146,1,73,0,5,0,1,0
5147,1,29,0,5,0,1,0
5148,1,30,0,15,0,1,0
5149,1,24,0,15,0,1,0
5150,0,21,0,2,1,1,0
5151,0,27,0,0,0,2,0
5152,1,58,0,1,1,1,0
5153,1,21,0,24,0,1,0
5154,0,40,0,1,0,1,1
5155,1,60,0,0,0,2,1
5156,0,62,0,4,1,1,0
5157,1,40,0,7,1,1,0
5158,0,61,0,7,0,2,0
5159,1,21,0,4,1,0,1
5160,1,27,0,0,1,1,1
5161,0,24,0,1,0,0,0
5162,1,61,0,1,0,2,1
5163,0,67,0,2,0,0,0
5164,1,21,0,4,0,2,1
5165,1,45,0,5,1,0,1
5166,0,27,0,0,0,0,1
5167,0,40,0,5,0,1,0
5168,1,24,0,1,1,2,0
5169,0,40,0,5,1,0,1
5170,1,60,0,0,0,1,1
5171,1,40,0,8,1,1,1
5172,1,53,0,0,0,1,0
5173,1,45,0,0,0,1,0
5174,0,36,0,2,1,2,1
5175,1,58,0,0,0,1,0
5176,0,58,0,1,1,1,0
5177,1,21,0,1,1,0,1
5178,1,24,0,0,1,1,1
5179,0,27,0,1,0,1,0
5180,1,27,0,23,1,2,0
5181,1,21,1,23,0,1,1
5182,0,40,0,2,1,1,0
5183,1,21,0,1,0,2,1
5184,1,61,0,1,0,0,1
5185,1,83,0,0,1,1,0
5186,1,21,0,0,0,1,0
5187,1,24,0,0,0,1,0
5188,1,58,0,15,0,1,0
5189,1,40,0,2,0,0,1
5190,1,61,0,0,0,0,1
5191,1,40,0,15,0,0,1
5192,1,67,0,13,0,0,1
5193,1,53,0,1,0,1,1
5194,0,45,0,4,0,2,0
5195,1,21,0,1,0,1,1
5196,1,21,0,0,0,0,0
5197,1,83,0,13,0,0,0
5198,1,61,0,0,1,0,0
5199,1,27,0,1,0,1,0
5200,1,21,0,11,0,1,1
5201,1,27,0,1,0,0,1
5202,1,24,0,1,0,0,1
5203,1,61,0,11,1,1,1
5204,1,53,0,11,0,1,0
5205,0,60,0,1,0,1,1
5206,1,83,0,2,0,0,0
5207,1,53,0,24,0,2,0
5208,1,27,0,0,0,1,0
5209,1,24,0,1,0,0,0
5210,0,30,0,2,0,2,1
5211,1,27,0,15,0,1,1
5212,1,40,0,2,0,2,1
5213,1,22,0,5,0,1,0
5214,0,21,0,0,1,1,0
5215,1,61,0,8,0,0,0
5216,1,24,0,4,1,1,0
5217,1,24,0,2,0,1,0
5218,1,58,0,5,0,1,0
5219,1,21,0,0,1,1,1
5220,1,45,0,2,0,1,1
5221,1,83,0,1,0,1,0
5222,1,21,0,1,0,2,1
5223,1,24,0,2,0,2,1
5224,1,45,0,1,1,1,0
5225,0,40,0,3,1,1,1
5226,1,58,0,4,0,1,1
5227,1,40,0,0,0,2,0
5228,1,53,0,1,0,1,0
5229,1,24,0,1,0,2,1
5230,1,30,0,0,0,0,0
5231,1,40,0,2,0,2,1
5232,1,27,0,2,1,0,1
5233,0,21,0,0,0,1,0
5234,1,24,0,1,0,1,1
5235,1,21,0,5,0,1,0
5236,1,40,0,11,0,0,1
5237,1,24,0,4,0,1,1
5238,1,24,0,0,1,1,0
5239,1,27,0,0,0,2,1
5240,0,40,0,0,1,1,1
5241,1,40,0,0,1,1,1
5242,1,24,0,3,1,1,0
5243,1,24,0,5,0,1,1
5244,0,30,0,0,0,1,0
5245,0,53,0,1,1,1,1
5246,1,52,0,11,1,1,1
5247,1,36,0,1,0,2,0
5248,1,24,0,8,0,2,0
5249,0,24,0,0,0,2,1
5250,1,55,0,0,0,2,0
5251,1,60,0,1,0,0,1
5252,0,55,0,2,1,1,0
5253,0,27,0,0,0,1,1
5254,0,53,0,0,0,2,0
5255,1,24,0,0,0,2,0
5256,1,83,0,30,0,1,1
5257,1,24,0,0,1,1,0
5258,1,24,0,0,0,2,1
5259,1,61,0,1,0,1,1
5260,0,30,0,0,0,1,0
5261,1,21,0,29,0,0,0
5262,1,27,0,0,0,0,0
5263,1,21,0,0,0,0,0
5264,1,27,0,4,1,1,0
5265,1,30,0,1,0,2,0
5266,1,60,0,2,1,2,0
5267,1,24,0,1,0,0,1
5268,1,27,0,11,1,1,1
5269,1,55,0,4,0,2,0
5270,1,24,0,0,1,1,1
5271,1,45,0,0,0,2,0
5272,1,36,0,5,1,2,0
5273,1,40,0,1,0,2,1
5274,0,45,0,15,0,2,1
5275,1,40,0,0,0,1,0
5276,1,60,0,0,1,1,0
5277,1,24,0,5,0,2,0
5278,1,62,0,1,0,2,0
5279,1,53,0,0,0,1,0
5280,0,58,0,16,1,1,0
5281,0,27,0,2,0,0,0
5282,1,24,0,1,0,2,1
5283,1,21,0,1,0,1,0
5284,1,21,0,5,1,0,1
5285,0,24,0,23,0,0,1
5286,1,40,0,15,0,1,0
5287,0,52,0,5,1,2,0
5288,1,60,0,1,0,2,0
5289,1,60,0,29,0,2,1
5290,1,21,0,4,0,1,1
5291,1,21,0,2,0,0,1
5292,1,61,0,0,0,2,0
5293,1,30,0,1,0,0,0
5294,1,21,1,1,0,2,1
5295,0,83,0,5,0,0,1
5296,1,21,0,1,1,1,1
5297,1,61,0,15,1,2,1
5298,1,30,0,0,0,0,0
5299,1,27,0,0,0,2,0
5300,1,24,0,1,1,0,0
5301,1,60,0,1,1,2,1
5302,1,45,0,15,0,2,1
5303,0,53,0,0,0,2,1
5304,1,27,0,7,0,2,0
5305,0,60,0,1,1,1,1
5306,1,21,0,4,1,1,1
5307,0,52,0,24,0,1,1
5308,1,40,0,1,0,1,0
5309,1,21,0,8,1,1,0
5310,1,61,0,23,0,1,0
5311,0,58,0,1,0,0,0
5312,1,21,0,1,0,1,0
5313,1,21,0,1,1,1,0
5314,1,27,0,1,0,0,1
5315,1,24,0,11,0,2,0
5316,1,62,0,1,1,1,0
5317,1,83,0,5,1,1,0
5318,1,24,0,4,0,0,1
5319,0,55,0,4,0,2,1
5320,0,58,0,0,1,0,0
5321,1,21,0,1,1,0,1
5322,1,30,0,29,0,0,1
5323,1,55,0,29,0,0,0
5324,1,60,0,1,1,1,1
5325,0,60,0,0,0,0,0
5326,1,61,0,7,1,1,0
5327,0,52,0,7,0,2,1
5328,1,21,0,1,0,0,1
5329,1,40,0,0,1,1,0
5330,1,24,0,0,0,1,1
5331,1,24,0,16,0,1,0
5332,1,52,0,0,0,0,1
5333,1,21,0,7,0,2,1
5334,1,53,0,0,0,1,0
5335,0,83,0,15,1,1,1
5336,0,83,0,0,1,2,1
5337,0,40,0,13,0,1,0
5338,0,22,0,0,0,2,1
5339,1,55,0,29,0,0,1
5340,1,60,0,0,0,1,1
5341,1,83,0,13,1,2,0
5342,1,24,0,2,1,2,1
5343,1,24,0,1,0,2,0
5344,1,62,0,1,0,1,0
5345,1,53,0,0,0,0,0
5346,0,60,0,15,1,1,0
5347,1,27,0,1,1,1,0
5348,1,27,0,0,0,1,0
5349,0,53,0,1,0,1,0
5350,0,24,0,2,0,1,0
5351,1,53,0,1,1,0,1
5352,1,60,0,0,0,1,1
5353,1,21,0,1,1,1,1
5354,1,36,0,1,0,0,1
5355,1,60,0,5,1,1,1
5356,1,55,0,1,0,0,0
5357,1,60,0,1,0,1,0
5358,1,36,0,0,0,0,0
5359,0,24,0,5,0,1,1
5360,1,27,0,13,0,2,0
5361,1,40,0,0,0,1,0
5362,1,21,0,1,0,0,1
5363,1,40,0,2,1,1,0
5364,1,21,0,1,1,1,1
5365,1,21,0,0,1,1,0
5366,1,58,0,13,0,0,0
5367,1,27,0,3,1,1,0
5368,1,24,0,1,0,1,0
5369,1,40,0,5,1,2,0
5370,1,21,0,0,1,2,0
5371,1,27,0,29,1,1,0
5372,1,40,0,5,1,0,0
5373,1,61,0,0,0,1,1
5374,1,36,0,1,0,2,0
5375,1,29,0,0,1,1,1
5376,1,21,0,0,1,1,1
5377,0,21,0,0,0,2,1
5378,0,83,0,1,0,2,0
5379,1,40,0,24,1,1,0
5380,1,61,0,4,0,0,0
5381,1,27,0,15,0,1,0
5382,1,45,0,16,0,2,1
5383,1,60,0,0,1,0,0
5384,1,60,0,0,1,0,0
5385,1,52,0,15,0,2,0
5386,0,40,0,2,1,1,0
5387,1,21,0,2,1,2,1
5388,1,40,0,0,0,1,1
5389,1,30,0,1,0,1,1
5390,1,30,0,11,1,1,1
5391,1,24,0,11,0,0,0
5392,1,60,0,0,0,1,1
5393,1,40,0,29,0,0,1
5394,1,30,0,15,0,1,1
5395,0,24,0,0,1,1,1
5396,0,24,0,5,1,1,1
5397,1,45,0,23,1,2,1
5398,1,21,0,1,0,1,1
5399,1,61,0,0,0,2,1
5400,0,67,0,2,1,2,1
5401,1,27,0,5,1,2,1
5402,0,40,0,5,1,1,1
5403,1,27,0,0,0,0,0
5404,0,58,0,2,0,1,0
5405,1,45,0,15,0,1,0
5406,1,22,0,3,0,2,1
5407,1,24,0,0,1,2,1
5408,1,36,0,3,0,1,1
5409,1,21,0,1,1,1,0
5410,1,40,0,2,0,0,1
5411,0,21,0,2,0,1,1
5412,1,30,0,7,1,1,0
5413,1,55,0,4,0,2,0
5414,1,40,0,11,0,0,1
5415,1,53,0,0,1,1,1
5416,0,36,0,5,0,2,0
5417,1,61,0,15,0,1,0
5418,1,45,0,1,1,1,0
5419,1,21,0,1,1,2,1
5420,1,21,0,29,1,2,0
5421,0,21,0,0,0,2,1
5422,1,45,0,3,0,0,1
5423,1,61,0,4,0,2,0
5424,1,36,0,1,0,1,1
5425,1,61,0,5,0,2,1
5426,1,24,0,4,1,0,1
5427,0,55,0,1,0,2,1
5428,1,24,0,1,1,1,1
5429,0,40,0,3,1,2,0
5430,1,27,0,1,1,1,0
5431,1,58,0,3,0,1,1
5432,1,27,0,2,1,1,0
5433,1,21,0,4,1,2,0
5434,1,30,0,1,1,2,0
5435,1,53,0,5,0,1,1
5436,1,60,0,0,1,1,0
5437,1,24,0,0,1,1,0
5438,0,53,0,0,0,0,1
5439,1,40,0,0,1,1,1
5440,1,27,0,0,0,2,1
5441,1,52,0,2,0,2,1
5442,0,60,0,0,0,1,0
5443,1,83,0,29,0,0,1
5444,0,53,0,3,1,0,1
5445,1,45,0,4,0,0,0
5446,1,45,0,1,0,1,1
5447,1,21,0,15,0,2,0
5448,1,21,0,11,0,2,1
5449,1,36,0,5,0,1,1
5450,1,58,0,0,0,2,1
5451,0,67,0,1,0,1,1
5452,1,58,0,2,0,1,0
5453,1,24,0,3,1,1,1
5454,0,36,0,2,0,1,0
5455,0,40,0,0,0,2,1
5456,1,27,0,1,1,1,0
5457,1,40,0,4,0,1,0
5458,1,27,0,29,1,2,0
5459,1,53,0,1,1,1,0
5460,1,83,0,0,1,1,0
5461,1,27,0,1,1,1,0
5462,1,30,0,23,0,0,1
5463,0,30,0,0,0,2,0
5464,0,53,0,29,1,1,0
5465,1,61,0,2,1,2,1
5466,1,55,0,1,0,2,1
5467,0,21,0,0,0,2,0
5468,1,53,0,0,0,2,1
5469,1,22,0,3,1,1,1
5470,1,21,0,3,0,0,0
5471,1,83,0,1,1,2,1
5472,1,60,0,5,1,1,0
5473,1,45,0,0,0,1,0
5474,1,40,0,0,0,0,0
5475,0,60,0,15,1,1,1
5476,1,60,0,1,0,1,0
5477,0,53,0,1,1,1,1
5478,1,52,0,1,0,2,0
5479,1,21,0,0,0,1,0
5480,1,27,0,1,1,1,0
5481,1,55,0,24,1,1,0
5482,1,30,0,29,0,2,0
5483,1,24,0,0,1,1,0
5484,1,53,1,2,0,2,0
5485,1,36,0,0,0,1,1
5486,0,21,0,0,1,0,1
5487,1,61,0,1,1,1,0
5488,0,61,0,7,0,2,1
5489,1,21,0,5,0,1,0
5490,0,21,0,1,1,1,0
5491,1,36,0,11,0,1,1
5492,1,60,0,1,0,1,0
5493,1,30,0,0,1,1,0
5494,0,36,0,1,1,2,0
5495,1,53,0,8,1,1,0
5496,0,40,0,2,0,2,0
5497,1,21,0,3,0,1,0
5498,1,21,0,0,0,1,1
5499,1,21,0,5,1,1,1
5500,1,40,0,4,0,1,0
5501,1,21,0,4,1,2,0
5502,1,52,0,0,1,2,1
5503,1,21,0,2,0,1,1
5504,1,40,0,0,0,1,1
5505,0,40,0,1,1,2,1
5506,0,58,0,0,1,1,1
5507,1,53,0,1,1,0,1
5508,1,53,0,29,0,1,0
5509,1,21,0,15,0,1,0
5510,1,21,0,0,0,1,0
5511,1,27,0,29,0,2,1
5512,1,36,0,3,1,1,0
5513,1,58,0,29,0,1,0
5514,1,24,0,24,1,1,0
5515,1,21,0,1,1,2,1
5516,1,83,0,2,0,2,0
5517,1,45,0,3,0,2,0
5518,1,24,0,0,1,0,0
5519,1,60,0,7,0,1,1
5520,1,21,0,0,1,1,0
5521,1,27,0,1,1,2,1
5522,0,60,0,0,1,1,0
5523,0,27,0,1,0,1,1
5524,1,58,0,5,1,1,0
5525,1,30,0,0,0,1,0
5526,1,60,0,4,0,0,0
5527,0,21,0,5,0,0,1
5528,0,21,0,33,1,1,1
5529,1,58,0,1,0,1,0
5530,1,24,0,0,0,0,0
5531,1,67,0,1,0,2,1
5532,1,30,0,1,0,1,1
5533,1,24,0,1,0,2,1
5534,1,60,0,23,1,1,1
5535,1,55,0,1,0,2,1
5536,1,27,0,0,0,1,0
5537,1,45,0,1,1,2,0
5538,1,30,0,16,0,1,0
5539,1,55,0,5,1,2,0
5540,0,21,0,0,1,1,1
5541,1,27,0,0,0,1,1
5542,1,21,0,1,0,1,0
5543,0,52,0,0,1,2,0
5544,0,21,0,2,1,1,0
5545,1,60,0,2,1,2,0
5546,1,83,0,1,1,1,0
5547,0,60,0,5,0,1,0
5548,1,53,0,8,0,1,1
5549,1,24,0,0,1,2,1
5550,1,24,0,0,0,2,1
5551,1,53,0,11,0,0,1
5552,1,24,0,13,0,1,0
5553,1,53,0,29,0,2,0
5554,1,40,0,23,1,1,0
5555,1,58,1,0,0,1,1
5556,0,30,0,24,0,1,1
5557,0,40,0,0,0,1,0
5558,1,61,0,0,1,1,1
5559,1,27,0,5,1,1,1
5560,1,30,0,0,0,2,0
5561,1,30,0,1,1,2,0
5562,1,21,0,29,0,0,1
5563,1,55,0,1,0,1,0
5564,1,58,0,0,0,1,1
5565,0,30,0,0,1,0,1
5566,1,58,0,1,0,1,1
5567,1,21,0,3,0,2,0
5568,0,36,0,1,0,2,1
5569,1,21,0,15,0,1,1
5570,1,21,0,15,1,1,0
5571,1,21,0,1,0,1,0
5572,0,24,0,8,1,1,1
5573,1,24,0,5,0,2,1
5574,0,53,0,7,0,1,1
5575,0,61,0,23,1,1,1
5576,1,53,0,23,1,1,0
5577,1,60,0,0,1,0,0
5578,1,40,0,8,0,1,0
5579,1,40,0,15,0,2,0
5580,1,30,0,1,0,1,0
5581,1,21,0,2,0,1,0
5582,1,40,0,7,1,1,1
5583,1,62,0,0,0,1,1
5584,1,27,0,2,0,1,0
5585,1,21,0,0,0,0,0
5586,1,21,0,4,0,1,0
5587,0,24,0,0,0,2,1
5588,0,58,0,24,1,0,0
5589,1,40,0,23,0,1,0
5590,1,83,0,5,0,0,0
5591,0,45,0,2,1,1,1
5592,1,62,0,0,0,0,0
5593,1,21,0,3,0,2,0
5594,1,58,0,0,0,1,1
5595,0,58,0,2,1,0,0
5596,1,21,0,1,0,2,0
5597,1,21,0,1,0,1,1
5598,1,52,0,1,1,0,0
5599,1,53,0,1,0,2,1
5600,1,55,0,2,0,1,0
5601,1,24,0,1,0,2,0
5602,1,27,0,5,0,2,1
5603,1,40,0,2,0,2,1
5604,1,78,0,1,0,2,0
5605,1,21,0,0,0,2,1
5606,0,53,0,2,0,1,1
5607,1,83,0,1,1,2,1
5608,0,21,0,13,0,2,1
5609,1,83,0,4,0,0,0
5610,0,24,0,2,0,1,0
5611,1,83,0,7,1,1,0
5612,0,27,0,1,0,1,0
5613,0,27,0,0,0,1,0
5614,1,58,0,0,0,1,1
5615,1,58,0,29,1,1,1
5616,1,58,0,29,0,0,0
5617,1,40,0,4,0,1,0
5618,1,24,0,13,0,2,0
5619,1,62,0,1,1,1,0
5620,0,24,0,1,0,1,0
5621,1,55,0,0,0,1,0
5622,0,27,0,1,0,0,1
5623,0,35,0,8,0,1,0
5624,1,21,0,4,0,1,0
5625,1,61,0,1,0,2,1
5626,1,27,0,3,0,1,0
5627,1,40,0,1,0,0,0
5628,0,27,0,0,0,0,1
5629,1,40,0,1,1,1,1
5630,1,30,0,11,0,0,1
5631,1,45,0,1,0,1,0
5632,1,45,0,7,1,1,1
5633,1,52,0,24,1,2,1
5634,1,55,0,0,0,0,0
5635,0,53,0,2,1,1,0
5636,0,30,0,7,1,1,0
5637,1,62,0,0,0,1,0
5638,1,53,0,1,0,1,0
5639,1,21,0,0,0,2,1
5640,1,83,0,2,0,1,0
5641,1,45,0,1,1,1,0
5642,1,21,0,7,0,1,1
5643,0,53,0,29,1,2,1
5644,1,52,0,1,0,2,1
5645,1,24,0,5,0,2,0
5646,1,53,0,0,0,1,1
5647,0,24,0,13,1,2,1
5648,1,45,0,2,0,1,1
5649,1,61,0,2,0,0,1
5650,1,30,1,0,0,0,1
5651,1,55,0,1,0,2,1
5652,1,36,0,2,1,2,1
5653,1,22,0,0,0,1,1
5654,0,52,0,1,0,1,1
5655,1,27,0,0,1,2,0
5656,0,40,0,23,0,1,1
5657,1,24,0,0,0,1,1
5658,1,24,0,30,0,1,0
5659,1,24,0,0,0,0,0
5660,1,53,0,1,0,1,1
5661,1,30,0,3,0,1,0
5662,1,21,0,1,1,1,0
5663,0,24,0,1,0,0,1
5664,0,24,0,1,0,1,0
5665,0,30,0,7,1,1,1
5666,1,24,0,0,0,1,0
5667,1,21,0,29,1,2,0
5668,1,24,0,2,0,1,1
5669,1,27,0,3,0,1,0
5670,0,62,0,0,1,1,0
5671,1,40,0,24,0,2,1
5672,0,21,0,4,0,1,1
5673,1,24,0,0,0,1,0
5674,1,24,0,1,0,2,0
5675,0,58,0,0,0,1,0
5676,1,60,0,0,0,2,0
5677,1,58,0,11,1,2,1
5678,1,58,0,0,0,1,1
5679,1,21,0,2,1,1,1
5680,0,58,0,0,0,0,0
5681,1,27,0,1,0,0,1
5682,0,21,0,0,1,1,0
5683,0,45,0,24,0,1,1
5684,1,40,0,1,0,1,0
5685,1,40,0,0,0,2,1
5686,0,24,0,11,0,1,0
5687,0,27,0,0,1,1,0
5688,0,21,0,29,0,2,1
5689,1,55,0,1,0,1,1
5690,0,27,0,15,1,2,1
5691,1,36,0,8,0,0,1
5692,1,21,0,5,1,1,0
5693,1,58,0,0,0,2,1
5694,1,40,0,0,0,1,1
5695,0,24,0,4,0,2,1
5696,1,30,0,5,1,2,0
5697,1,58,0,0,1,1,1
5698,0,61,0,0,0,2,0
5699,0,45,0,29,1,2,1
5700,1,40,0,1,0,1,0
5701,1,55,0,1,1,1,1
5702,1,55,0,0,1,1,1
5703,1,22,0,8,0,1,0
5704,1,21,0,1,0,1,1
5705,1,24,0,0,1,1,1
5706,1,30,0,2,0,2,0
5707,0,27,0,1,0,1,1
5708,1,45,0,5,0,2,0
5709,1,60,0,0,0,1,1
5710,1,21,0,23,1,1,0
5711,1,60,0,0,0,1,1
5712,1,21,0,1,0,1,1
5713,1,21,0,0,0,1,1
5714,0,61,0,24,0,0,1
5715,0,53,0,1,0,1,0
5716,1,60,0,0,0,1,1
5717,1,53,0,1,1,1,0
5718,0,60,0,0,1,1,0
5719,1,36,0,4,0,0,1
5720,1,62,0,0,0,1,1
5721,0,53,0,0,0,1,0
5722,0,24,0,11,1,2,0
5723,1,24,0,4,0,2,0
5724,1,45,0,1,0,0,0
5725,1,83,0,0,1,1,0
5726,1,21,0,0,0,1,0
5727,0,60,0,0,0,2,1
5728,1,83,0,5,1,1,0
5729,0,60,0,1,1,2,0
5730,1,24,0,2,0,1,0
5731,0,52,0,15,1,1,0
5732,1,21,0,1,0,1,1
5733,1,52,0,1,0,2,0
5734,1,40,0,0,1,0,0
5735,1,21,0,1,1,1,0
5736,1,21,0,0,1,1,0
5737,1,21,0,5,1,1,0
5738,1,21,0,0,0,0,0
5739,1,45,0,0,1,2,0
5740,0,30,0,0,1,0,0
5741,1,53,0,1,1,1,1
5742,1,52,0,0,0,1,0
5743,1,24,0,24,0,1,1
5744,1,24,0,3,1,2,1
5745,1,22,0,3,0,2,0
5746,0,24,0,1,0,1,0
5747,0,27,0,5,0,2,1
5748,1,40,0,15,0,1,1
5749,0,83,0,0,1,2,1
5750,1,21,0,0,0,0,0
5751,1,55,0,13,1,2,0
5752,1,30,0,7,0,0,1
5753,1,24,0,13,0,2,1
5754,1,55,0,5,0,2,0
5755,1,36,0,0,0,1,0
5756,1,40,0,5,0,1,0
5757,1,24,0,1,0,1,0
5758,1,52,0,0,0,1,0
5759,0,36,0,1,1,2,1
5760,1,21,0,2,0,0,1
5761,0,27,0,0,0,2,1
5762,1,40,0,1,0,2,0
5763,1,40,0,1,0,0,0
5764,1,27,0,0,0,1,0
5765,1,29,0,1,0,0,1
5766,1,55,0,1,0,1,0
5767,1,21,0,1,0,0,0
5768,0,30,0,0,0,1,0
5769,1,40,0,3,1,2,1
5770,1,53,0,1,0,2,0
