,R,Q,A,Y
0,1.0,2,1,1
1,0.2,1,1,0
2,0.2,2,0,0
3,1.0,1,1,1
4,0.2,1,0,0
5,0.2,2,0,0
6,0.2,3,0,0
7,0.2,2,0,0
8,1.0,1,0,0
9,1.0,1,1,1
10,0.2,3,0,0
11,0.2,1,1,1
12,0.2,1,0,1
13,0.2,1,0,0
14,0.2,2,1,1
15,0.2,2,0,0
16,0.2,1,1,1
17,0.2,2,1,1
18,0.2,2,1,1
19,0.2,2,0,0
20,0.2,1,1,0
21,0.2,2,0,0
22,0.2,2,0,0
23,0.2,2,0,0
24,1.0,2,0,0
25,0.2,1,0,0
26,1.0,1,1,1
27,0.2,3,0,1
28,0.2,1,0,0
29,0.2,2,1,0
30,1.0,1,0,1
31,0.2,0,1,1
32,0.2,3,1,1
33,1.0,0,0,1
34,1.0,1,0,1
35,1.0,0,1,1
36,0.2,2,1,0
37,0.2,3,0,0
38,0.2,2,1,0
39,1.0,0,0,0
40,0.2,3,1,1
41,1.0,2,0,0
42,0.2,0,0,0
43,1.0,2,0,1
44,0.2,0,0,0
45,0.2,3,1,0
46,0.2,1,1,1
47,0.2,1,1,1
48,0.2,3,1,0
49,0.2,3,1,1
50,1.0,1,0,1
51,1.0,1,0,1
52,0.2,1,1,1
53,0.2,1,1,0
54,0.2,3,1,1
55,0.2,1,1,1
56,0.2,1,1,1
57,0.2,2,1,0
58,0.2,1,0,0
59,1.0,2,1,1
60,0.2,1,0,0
61,0.2,2,0,0
62,0.2,3,1,1
63,0.2,2,0,0
64,2.2,3,0,0
65,0.2,1,1,0
66,1.0,1,0,1
67,2.2,1,1,1
68,0.2,1,1,1
69,0.2,2,0,0
70,1.0,1,0,1
71,0.2,2,0,0
72,0.2,1,0,0
73,0.2,0,0,1
74,0.2,0,1,1
75,0.2,2,0,0
76,0.2,0,0,0
77,1.0,1,0,1
78,0.2,1,1,1
79,1.0,2,1,1
80,0.2,1,1,0
81,1.0,2,0,1
82,1.0,1,1,1
83,0.2,2,0,0
84,0.2,2,0,0
85,0.2,1,1,0
86,0.2,1,1,1
87,1.0,1,1,1
88,2.2,1,1,1
89,0.2,3,1,0
90,0.2,2,0,0
91,0.2,1,1,1
92,0.2,2,0,0
93,0.2,1,1,1
94,0.2,1,0,0
95,0.2,2,1,0
96,0.2,0,0,0
97,0.2,2,1,1
98,0.2,1,1,1
99,1.0,1,1,1
100,0.2,1,1,1
101,1.0,2,1,1
102,0.2,2,0,0
103,0.2,3,0,0
104,0.2,1,0,0
105,0.2,1,0,1
106,0.2,2,1,0
107,1.0,1,1,1
108,0.2,2,0,0
109,0.2,1,1,1
110,0.2,1,0,0
111,0.2,2,1,0
112,0.2,2,0,0
113,0.2,0,0,1
114,0.2,1,0,0
115,0.2,2,1,1
116,0.2,2,0,0
117,0.2,2,1,1
118,1.0,1,0,1
119,0.2,1,0,0
120,0.2,2,0,0
121,1.0,1,1,1
122,0.2,1,1,0
123,1.0,1,1,1
124,0.2,0,0,0
125,0.2,1,0,0
126,0.2,3,1,0
127,1.0,0,1,0
128,0.2,2,0,0
129,1.0,3,0,0
130,0.2,0,0,1
131,0.2,2,1,1
132,1.0,1,0,0
133,1.0,2,1,1
134,0.2,1,1,1
135,0.2,2,0,0
136,0.2,3,0,0
137,0.2,2,1,1
138,0.2,0,0,0
139,1.0,2,0,1
140,0.2,2,1,0
141,0.2,1,0,0
142,0.2,2,0,0
143,0.2,3,1,1
144,1.0,1,0,1
145,0.2,0,1,0
146,0.2,2,1,1
147,0.2,1,1,0
148,0.2,2,0,1
149,0.2,3,0,0
150,0.2,1,0,0
151,0.2,2,0,0
152,0.2,1,1,1
153,1.0,1,1,1
154,2.2,0,1,1
155,0.2,1,1,1
156,0.2,3,0,0
157,0.2,1,0,0
158,0.2,3,0,0
159,0.2,2,0,0
160,0.2,0,0,0
161,0.2,2,1,1
162,0.2,1,1,1
163,0.2,2,0,0
164,1.0,1,1,1
165,0.2,1,1,1
166,1.0,1,1,1
167,0.2,3,0,0
168,0.2,1,1,0
169,0.2,2,1,1
170,0.2,1,0,0
171,1.0,1,0,0
172,0.2,0,1,1
173,0.2,1,0,0
174,0.2,3,1,0
175,0.2,2,1,0
176,0.2,1,1,1
177,0.2,2,1,1
178,1.0,2,1,1
179,0.2,1,0,0
180,0.2,1,0,0
181,0.2,3,1,1
182,1.0,2,1,1
183,1.0,2,1,1
184,0.2,2,1,0
185,0.2,2,1,1
186,0.2,0,1,1
187,0.2,2,1,1
188,0.2,1,0,0
189,0.2,2,0,0
190,0.2,2,1,0
191,0.2,2,1,0
192,0.2,3,1,1
193,0.2,1,1,1
194,0.2,2,1,0
195,2.2,0,0,1
196,0.2,2,1,1
197,1.0,1,0,1
198,0.2,1,1,1
199,0.2,3,1,0
200,0.2,2,0,0
201,0.2,2,0,0
202,0.2,1,1,1
203,0.2,2,1,1
204,0.2,1,0,0
205,1.0,2,0,1
206,1.0,2,1,1
207,0.2,3,0,0
208,0.2,1,1,0
209,0.2,1,1,1
210,0.2,2,0,0
211,0.2,3,1,0
212,0.2,0,0,0
213,0.2,2,1,0
214,1.0,0,0,1
215,1.0,1,1,1
216,0.2,1,0,0
217,0.2,2,0,0
218,1.0,2,0,0
219,0.2,1,0,0
220,0.2,1,0,1
221,0.2,0,1,1
222,0.2,3,1,0
223,1.0,0,1,1
224,1.0,3,0,0
225,1.0,2,1,1
226,0.2,2,0,0
227,1.0,2,1,1
228,1.0,1,0,1
229,0.2,0,1,1
230,1.0,1,1,1
231,0.2,2,1,0
232,0.2,1,1,1
233,0.2,1,1,1
234,0.2,1,1,1
235,0.2,1,1,1
236,0.2,3,0,0
237,1.0,0,1,1
238,0.2,2,0,0
239,0.2,1,1,1
240,0.2,2,0,0
241,0.2,1,1,1
242,0.2,1,0,0
243,0.2,2,1,0
244,0.2,3,1,1
245,0.2,0,1,1
246,2.2,1,1,1
247,0.2,2,0,0
248,1.0,2,1,1
249,1.0,1,0,0
250,0.2,0,1,1
251,1.0,2,1,1
252,0.2,2,1,1
253,0.2,2,1,1
254,1.0,0,0,1
255,1.0,1,0,1
256,0.2,1,1,0
257,1.0,2,0,1
258,0.2,1,1,1
259,0.2,2,1,1
260,0.2,1,0,0
261,0.2,0,1,1
262,1.0,1,0,0
263,1.0,1,0,0
264,0.2,3,1,1
265,0.2,1,0,0
266,0.2,2,1,0
267,1.0,3,0,0
268,1.0,1,1,1
269,0.2,1,0,0
270,0.2,3,0,0
271,0.2,3,1,1
272,2.2,2,1,1
273,0.2,0,1,1
274,0.2,0,0,0
275,0.2,2,0,0
276,0.2,2,0,0
277,0.2,1,0,0
278,0.2,1,0,0
279,0.2,1,1,1
280,0.2,2,0,0
281,1.0,1,1,1
282,1.0,1,0,1
283,1.0,1,1,1
284,0.2,2,0,0
285,0.2,2,0,0
286,0.2,2,0,0
287,0.2,1,0,0
288,1.0,1,1,1
289,0.2,2,1,0
290,0.2,1,0,0
291,0.2,1,1,1
292,0.2,1,0,0
293,0.2,3,0,0
294,0.2,2,0,0
295,0.2,1,1,1
296,1.0,1,1,1
297,1.0,0,1,1
298,0.2,0,1,1
299,0.2,1,1,1
300,1.0,1,1,1
301,1.0,2,1,1
302,1.0,1,0,1
303,2.2,2,0,1
304,0.2,1,1,0
305,0.2,2,0,0
306,0.2,2,1,0
307,0.2,2,1,0
308,0.2,2,1,0
309,0.2,1,0,0
310,0.2,1,1,1
311,0.2,0,1,1
312,0.2,3,0,0
313,0.2,1,0,0
314,1.0,2,1,1
315,1.0,2,1,1
316,1.0,0,0,1
317,1.0,1,0,0
318,0.2,1,1,1
319,0.2,1,0,0
320,0.2,1,1,1
321,0.2,1,0,0
322,0.2,2,0,0
323,1.0,0,1,1
324,1.0,1,1,1
325,0.2,3,1,1
326,0.2,1,0,0
327,0.2,2,1,0
328,1.0,2,1,1
329,0.2,1,1,1
330,0.2,1,0,1
331,0.2,1,1,1
332,0.2,0,0,1
333,1.0,3,1,1
334,0.2,3,0,0
335,0.2,1,1,1
336,1.0,0,0,0
337,0.2,1,1,1
338,0.2,0,0,1
339,1.0,2,0,1
340,1.0,2,0,0
341,0.2,3,1,0
342,0.2,1,1,1
343,0.2,1,0,0
344,0.2,2,0,0
345,1.0,1,0,1
346,0.2,2,1,0
347,0.2,1,0,0
348,1.0,2,0,1
349,0.2,2,0,1
350,0.2,2,0,0
351,0.2,0,1,1
352,0.2,2,0,0
353,0.2,2,0,0
354,0.2,2,1,0
355,1.0,1,1,1
356,0.2,3,1,0
357,1.0,0,0,1
358,0.2,2,1,0
359,0.2,2,0,0
360,0.2,3,0,0
361,0.2,2,1,1
362,0.2,1,0,0
363,0.2,1,0,0
364,0.2,3,1,1
365,0.2,3,0,0
366,0.2,2,0,1
367,0.2,2,0,0
368,0.2,1,1,1
369,0.2,2,0,1
370,0.2,1,1,1
371,0.2,1,0,0
372,0.2,1,0,0
373,0.2,1,0,0
374,0.2,1,0,0
375,0.2,1,0,1
376,0.2,0,1,1
377,0.2,1,0,0
378,0.2,1,1,1
379,0.2,0,1,1
380,0.2,3,0,0
381,0.2,1,1,1
382,0.2,0,1,1
383,0.2,3,0,0
384,1.0,2,1,1
385,0.2,2,0,0
386,0.2,1,1,1
387,0.2,3,1,1
388,0.2,2,0,0
389,0.2,3,1,0
390,0.2,2,0,0
391,1.0,0,0,1
392,0.2,1,0,0
393,3.0,3,1,1
394,0.2,1,1,1
395,0.2,2,0,0
396,0.2,2,1,1
397,0.2,3,0,0
398,0.2,2,0,0
399,0.2,3,1,0
400,0.2,3,1,0
401,0.2,2,1,1
402,0.2,1,1,1
403,1.0,1,0,1
404,0.2,1,1,1
405,0.2,2,1,1
406,0.2,1,0,0
407,0.2,3,0,0
408,0.2,2,1,1
409,0.2,0,1,1
410,1.0,1,1,1
411,0.2,0,0,0
412,0.2,1,0,0
413,0.2,1,1,0
414,0.2,2,0,0
415,0.2,2,1,0
416,1.0,2,1,1
417,0.2,1,0,0
418,1.0,1,1,1
419,0.2,3,0,0
420,0.2,1,0,0
421,0.2,2,0,0
422,1.0,1,0,0
423,0.2,2,0,0
424,0.2,0,1,1
425,0.2,2,0,0
426,0.2,1,0,0
427,0.2,1,1,1
428,0.2,1,1,0
429,0.2,2,0,0
430,0.2,1,1,1
431,0.2,2,0,0
432,0.2,2,1,1
433,0.2,1,1,1
434,1.0,2,0,0
435,0.2,2,1,1
436,0.2,2,0,0
437,1.0,0,1,1
438,0.2,3,0,0
439,0.2,1,0,0
440,0.2,2,0,0
441,0.2,1,1,1
442,1.0,0,0,0
443,0.2,0,0,1
444,0.2,2,1,1
445,0.2,3,0,0
446,0.2,1,0,0
447,0.2,2,0,0
448,0.2,0,0,1
449,0.2,2,1,1
450,1.0,3,0,0
451,0.2,3,1,1
452,0.2,2,0,0
453,2.2,1,0,1
454,2.2,2,1,1
455,0.2,2,1,1
456,1.0,2,0,0
457,0.2,2,0,1
458,0.2,3,1,0
459,0.2,2,1,1
460,0.2,2,0,0
461,0.2,2,1,1
462,1.0,2,0,1
463,0.2,3,0,0
464,0.2,1,0,0
465,0.2,1,1,1
466,0.2,0,1,1
467,0.2,2,1,0
468,0.2,3,1,0
469,0.2,3,1,0
470,1.0,3,1,1
471,0.2,1,0,0
472,0.2,2,1,1
473,0.2,1,1,1
474,0.2,0,0,1
475,0.2,1,1,1
476,0.2,2,1,1
477,0.2,2,1,0
478,0.2,1,1,1
479,0.2,1,0,0
480,0.2,1,0,0
481,0.2,0,1,1
482,0.2,2,0,0
483,2.2,0,1,1
484,0.2,1,1,1
485,1.0,2,1,1
486,0.2,3,1,0
487,0.2,0,1,1
488,2.2,2,1,1
489,0.2,0,1,1
490,0.2,1,1,0
491,0.2,3,1,1
492,0.2,1,0,0
493,1.0,1,0,1
494,1.0,1,1,1
495,0.2,2,1,0
496,0.2,2,1,0
497,0.2,3,1,0
498,1.0,2,1,1
499,0.2,3,1,0
500,0.2,2,0,0
501,0.2,1,1,1
502,0.2,2,1,1
503,1.0,2,0,0
504,0.2,2,1,0
505,2.2,1,1,1
506,0.2,1,1,0
507,0.2,2,0,1
508,1.0,0,1,1
509,0.2,2,1,1
510,0.2,1,0,0
511,1.0,2,0,0
512,0.2,1,0,0
513,1.0,1,1,1
514,0.2,2,0,0
515,1.0,1,1,0
516,0.2,1,1,1
517,0.2,0,0,1
518,0.2,3,1,0
519,1.0,1,1,1
520,1.0,2,1,1
521,0.2,2,0,0
522,0.2,3,1,1
523,1.0,1,1,1
524,0.2,1,0,0
525,0.2,1,0,0
526,0.2,2,0,0
527,0.2,1,0,0
528,0.2,0,0,0
529,0.2,0,1,1
530,0.2,2,0,0
531,0.2,1,0,0
532,0.2,1,1,0
533,1.0,2,1,1
534,0.2,3,1,1
535,0.2,1,0,0
536,0.2,3,0,0
537,0.2,1,1,0
538,2.2,0,0,1
539,0.2,1,0,0
540,0.2,1,0,0
541,0.2,2,1,0
542,0.2,0,1,1
543,0.2,1,1,1
544,0.2,0,1,1
545,0.2,1,1,1
546,0.2,1,0,0
547,0.2,2,1,0
548,0.2,2,0,1
549,0.2,0,1,1
550,0.2,1,0,0
551,0.2,3,1,1
552,0.2,2,1,1
553,1.0,2,1,1
554,0.2,3,0,0
555,0.2,2,0,1
556,0.2,1,0,1
557,1.0,2,1,1
558,1.0,1,1,1
559,0.2,0,0,1
560,0.2,3,0,0
561,2.2,1,0,1
562,0.2,2,0,0
563,0.2,2,1,1
564,0.2,2,0,0
565,0.2,1,1,1
566,0.2,1,1,1
567,0.2,0,0,1
568,0.2,0,1,1
569,0.2,2,0,1
570,0.2,2,0,0
571,0.2,1,1,1
572,0.2,3,0,0
573,0.2,2,0,0
574,0.2,0,1,0
575,0.2,1,1,1
576,0.2,1,0,0
577,0.2,1,1,0
578,0.2,1,1,1
579,0.2,2,1,1
580,0.2,1,1,1
581,0.2,2,0,0
582,2.2,1,1,1
583,0.2,1,0,0
584,0.2,1,1,0
585,0.2,2,1,0
586,0.2,1,0,0
587,1.0,1,0,0
588,0.2,2,1,1
589,0.2,2,0,0
590,0.2,1,0,0
591,1.0,3,1,1
592,0.2,3,1,1
593,1.0,1,0,0
594,0.2,1,0,0
595,1.0,3,1,1
596,0.2,1,1,1
597,1.0,2,0,1
598,0.2,2,0,0
599,0.2,1,1,1
600,0.2,3,0,0
601,0.2,2,1,1
602,1.0,1,1,1
603,0.2,1,1,0
604,0.2,1,1,1
605,0.2,1,0,0
606,0.2,1,0,0
607,0.2,1,1,1
608,0.2,1,1,1
609,1.0,2,1,1
610,0.2,2,1,1
611,0.2,0,0,0
612,0.2,1,0,0
613,0.2,1,0,0
614,0.2,2,0,0
615,1.0,2,0,1
616,1.0,2,1,1
617,0.2,2,0,0
618,0.2,1,1,0
619,0.2,0,0,1
620,0.2,2,1,0
621,1.0,2,1,1
622,1.0,2,0,0
623,0.2,1,0,1
624,0.2,2,1,1
625,0.2,0,1,1
626,1.0,2,0,0
627,0.2,3,1,1
628,0.2,2,1,1
629,1.0,2,1,1
630,1.0,1,0,0
631,0.2,2,1,1
632,1.0,1,1,1
633,0.2,2,0,0
634,1.0,2,0,1
635,0.2,0,1,1
636,1.0,2,1,1
637,0.2,1,0,0
638,1.0,2,1,0
639,1.0,2,0,0
640,0.2,2,0,0
641,0.2,2,0,0
642,0.2,1,0,0
643,0.2,2,1,1
644,0.2,2,1,0
645,0.2,2,1,0
646,0.2,2,0,0
647,0.2,2,1,1
648,1.0,2,1,1
649,0.2,1,1,1
650,0.2,2,0,0
651,0.2,1,0,0
652,1.0,3,1,1
653,0.2,3,0,0
654,0.2,1,0,0
655,0.2,2,0,0
656,0.2,2,1,1
657,0.2,1,1,1
658,0.2,3,0,0
659,0.2,2,0,0
660,0.2,1,1,1
661,0.2,1,1,1
662,0.2,0,0,0
663,0.2,2,0,0
664,0.2,2,0,0
665,0.2,1,1,0
666,0.2,2,1,0
667,1.0,3,0,1
668,0.2,1,0,0
669,0.2,2,1,0
670,0.2,2,1,1
671,0.2,1,0,0
672,0.2,1,1,1
673,0.2,1,1,0
674,0.2,3,0,0
675,0.2,1,0,0
676,0.2,1,1,1
677,0.2,1,0,0
678,0.2,0,1,1
679,0.2,0,1,1
680,1.0,1,1,1
681,1.0,0,0,1
682,0.2,1,0,0
683,0.2,0,1,1
684,1.0,1,1,1
685,1.0,2,1,1
686,0.2,1,0,0
687,0.2,1,1,0
688,0.2,3,1,0
689,0.2,2,1,1
690,0.2,1,1,0
691,0.2,1,0,0
692,0.2,1,1,1
693,0.2,0,0,0
694,0.2,1,0,0
695,0.2,1,1,1
696,0.2,1,0,0
697,0.2,1,1,1
698,0.2,3,0,0
699,0.2,3,1,0
700,0.2,1,0,0
701,0.2,3,1,0
702,0.2,1,0,0
703,0.2,1,0,0
704,0.2,2,0,0
705,2.2,2,1,1
706,0.2,1,0,0
707,1.0,1,0,0
708,0.2,1,1,1
709,1.0,1,1,1
710,0.2,3,1,1
711,0.2,1,1,1
712,1.0,1,0,0
713,0.2,3,0,0
714,0.2,1,0,1
715,1.0,1,0,0
716,1.0,1,1,1
717,0.2,2,1,1
718,0.2,2,0,0
719,0.2,2,1,1
720,0.2,3,0,0
721,0.2,2,1,0
722,0.2,2,0,0
723,0.2,2,1,1
724,1.0,2,1,1
725,0.2,1,1,0
726,0.2,2,1,0
727,0.2,1,0,0
728,0.2,2,1,1
729,0.2,3,0,0
730,0.2,1,0,0
731,1.0,1,1,1
732,0.2,2,0,0
733,0.2,2,0,0
734,1.0,1,0,1
735,0.2,2,1,1
736,0.2,1,1,1
737,1.0,1,0,1
738,0.2,3,0,0
739,2.2,3,1,1
740,1.0,1,0,0
741,0.2,2,1,0
742,1.0,0,1,1
743,1.0,3,1,1
744,0.2,1,1,1
745,0.2,2,0,1
746,0.2,1,0,0
747,0.2,0,1,1
748,0.2,3,1,0
749,0.2,2,1,0
750,0.2,2,0,0
751,0.2,3,0,0
752,0.2,3,1,0
753,0.2,1,1,1
754,0.2,3,0,0
755,0.2,2,0,0
756,0.2,1,1,0
757,0.2,3,1,0
758,0.2,1,0,0
759,0.2,3,0,0
760,0.2,2,1,1
761,1.0,1,1,1
762,0.2,1,0,0
763,0.2,1,0,1
764,0.2,1,1,0
765,0.2,2,1,0
766,0.2,2,0,0
767,1.0,2,0,0
768,0.2,2,0,0
769,1.0,2,0,1
770,0.2,0,0,0
771,0.2,1,1,1
772,1.0,2,0,0
773,0.2,1,0,0
774,1.0,2,1,1
775,0.2,1,1,0
776,0.2,2,1,1
777,2.2,2,0,0
778,0.2,2,0,0
779,0.2,1,0,0
780,0.2,0,0,0
781,1.0,0,0,1
782,0.2,2,0,0
783,0.2,2,1,1
784,0.2,1,1,1
785,0.2,0,0,0
786,1.0,2,1,1
787,0.2,1,0,0
788,0.2,2,1,1
789,1.0,2,1,1
790,0.2,2,0,0
791,1.0,2,1,1
792,0.2,1,0,0
793,1.0,2,0,0
794,1.0,1,1,1
795,0.2,1,0,0
796,0.2,2,1,1
797,0.2,3,0,0
798,1.0,0,1,1
799,0.2,1,0,0
800,0.2,2,1,0
801,0.2,1,1,0
802,0.2,1,0,0
803,2.2,2,1,1
804,0.2,0,0,0
805,1.0,1,1,1
806,0.2,3,1,1
807,0.2,0,1,1
808,0.2,1,1,1
809,0.2,2,1,1
810,1.0,1,1,1
811,0.2,1,1,1
812,0.2,1,1,1
813,0.2,1,0,0
814,0.2,1,0,0
815,0.2,0,0,1
816,0.2,2,0,0
817,1.0,2,1,0
818,0.2,2,0,0
819,0.2,1,1,1
820,0.2,3,0,0
821,0.2,1,1,1
822,0.2,2,0,0
823,0.2,2,1,1
824,1.0,1,1,1
825,0.2,3,1,0
826,1.0,1,0,1
827,1.0,1,1,1
828,1.0,1,0,0
829,0.2,2,1,1
830,0.2,1,1,0
831,0.2,2,0,1
832,0.2,2,0,0
833,1.0,3,1,1
834,0.2,2,0,0
835,0.2,0,1,1
836,0.2,2,0,1
837,0.2,0,1,1
838,0.2,3,1,1
839,0.2,2,0,0
840,1.0,2,0,1
841,1.0,0,0,1
842,0.2,0,0,1
843,0.2,3,0,0
844,0.2,3,0,0
845,0.2,1,1,1
846,0.2,3,1,1
847,0.2,1,1,1
848,1.0,1,0,1
849,1.0,2,0,0
850,1.0,3,1,1
851,1.0,1,1,1
852,0.2,2,1,1
853,0.2,1,1,1
854,1.0,0,1,1
855,0.2,1,1,1
856,1.0,1,0,1
857,0.2,2,1,1
858,0.2,1,1,1
859,0.2,1,0,1
860,0.2,2,0,0
861,1.0,1,1,1
862,0.2,0,0,0
863,0.2,1,0,0
864,2.2,2,1,1
865,0.2,2,0,0
866,0.2,1,0,1
867,0.2,1,0,0
868,1.0,1,1,1
869,1.0,1,0,1
870,1.0,2,1,1
871,0.2,0,1,1
872,0.2,1,1,0
873,0.2,3,0,0
874,0.2,2,1,1
875,0.2,1,0,0
876,0.2,0,1,1
877,0.2,1,1,0
878,0.2,0,1,1
879,0.2,0,1,1
880,1.0,0,1,1
881,0.2,1,1,1
882,0.2,1,0,1
883,1.0,3,1,1
884,1.0,3,1,1
885,0.2,2,1,1
886,0.2,2,1,1
887,0.2,2,0,0
888,0.2,2,1,1
889,0.2,2,0,0
890,1.0,3,1,1
891,0.2,2,1,1
892,0.2,0,0,0
893,0.2,1,1,1
894,1.0,1,1,1
895,0.2,1,0,0
896,0.2,2,0,0
897,0.2,2,1,1
898,0.2,2,0,0
899,0.2,3,0,0
900,0.2,1,1,1
901,0.2,2,0,0
902,0.2,3,0,0
903,0.2,1,1,1
904,0.2,1,0,1
905,0.2,3,0,0
906,2.2,1,1,1
907,0.2,2,0,0
908,0.2,2,0,0
909,1.0,2,0,1
910,1.0,1,0,1
911,0.2,3,1,0
912,0.2,1,0,0
913,1.0,0,1,1
914,0.2,0,1,1
915,0.2,2,0,0
916,0.2,3,1,1
917,0.2,2,1,0
918,1.0,2,0,0
919,0.2,3,1,1
920,0.2,1,1,1
921,0.2,0,0,0
922,1.0,2,0,1
923,0.2,3,1,1
924,0.2,3,0,0
925,0.2,0,1,1
926,0.2,3,0,0
927,0.2,0,1,1
928,0.2,2,0,0
929,0.2,3,0,0
930,2.2,1,0,1
931,0.2,0,0,1
932,0.2,1,0,0
933,0.2,2,1,1
934,0.2,2,0,0
935,0.2,1,0,0
936,0.2,1,1,1
937,1.0,3,0,0
938,0.2,2,0,0
939,0.2,3,0,0
940,0.2,2,0,0
941,1.0,1,0,0
942,0.2,3,0,0
943,0.2,2,0,0
944,0.2,2,1,0
945,0.2,1,0,0
946,0.2,2,1,1
947,0.2,2,0,0
948,1.0,2,1,1
949,0.2,2,1,0
950,1.0,1,1,1
951,0.2,1,0,0
952,0.2,1,1,1
953,0.2,1,0,1
954,0.2,2,0,0
955,0.2,1,0,1
956,1.0,1,0,1
957,0.2,3,0,0
958,1.0,0,0,1
959,0.2,2,1,0
960,0.2,2,0,0
961,0.2,1,0,0
962,0.2,2,0,0
963,0.2,1,1,0
964,1.0,1,0,1
965,0.2,1,1,1
966,0.2,1,1,1
967,0.2,0,0,0
968,0.2,2,1,1
969,0.2,2,1,0
970,0.2,2,0,1
971,0.2,2,1,0
972,0.2,1,0,0
973,0.2,2,0,0
974,0.2,3,0,0
975,1.0,0,1,1
976,0.2,0,1,1
977,0.2,2,0,0
978,0.2,2,0,0
979,0.2,3,1,0
980,0.2,2,0,0
981,0.2,1,1,0
982,0.2,3,1,0
983,1.0,0,0,0
984,0.2,2,1,1
985,0.2,1,0,1
986,0.2,0,1,1
987,0.2,0,0,0
988,0.2,1,0,1
989,1.0,1,1,1
990,0.2,2,0,0
991,0.2,1,0,0
992,0.2,0,0,0
993,0.2,2,1,0
994,0.2,2,0,0
995,0.2,3,1,0
996,0.2,2,1,0
997,2.2,2,1,1
998,0.2,3,1,1
999,1.0,0,1,1
1000,0.2,2,1,0
1001,0.2,2,1,0
1002,0.2,2,1,1
1003,1.0,1,0,0
1004,0.2,2,1,1
1005,0.2,1,0,0
1006,0.2,3,1,0
1007,1.0,2,0,0
1008,0.2,1,0,1
1009,0.2,0,1,1
1010,0.2,1,1,1
1011,0.2,1,1,1
1012,0.2,1,1,1
1013,1.0,1,1,1
1014,0.2,3,1,0
1015,0.2,2,0,0
1016,1.0,2,0,0
1017,0.2,3,1,0
1018,0.2,2,0,0
1019,0.2,1,1,1
1020,0.2,1,1,1
1021,0.2,3,1,0
1022,1.0,1,1,1
1023,0.2,0,0,0
1024,0.2,1,1,0
1025,0.2,1,0,0
1026,1.0,1,0,0
1027,0.2,2,0,0
1028,1.0,3,0,0
1029,0.2,1,1,0
1030,0.2,2,1,0
1031,1.0,2,0,1
1032,0.2,0,1,1
1033,0.2,2,0,0
1034,1.0,2,0,0
1035,0.2,0,0,0
1036,0.2,1,0,1
1037,0.2,1,1,1
1038,1.0,1,1,1
1039,0.2,1,0,0
1040,1.0,1,0,1
1041,0.2,0,1,1
1042,0.2,0,0,0
1043,0.2,2,0,0
1044,1.0,1,1,1
1045,0.2,1,1,1
1046,0.2,0,0,0
1047,0.2,1,0,0
1048,1.0,2,1,1
1049,0.2,1,0,0
1050,1.0,1,0,0
1051,0.2,2,1,1
1052,0.2,0,0,0
1053,0.2,0,0,0
1054,0.2,3,0,0
1055,0.2,1,1,1
1056,0.2,2,0,0
1057,1.0,0,0,1
1058,0.2,0,1,1
1059,0.2,1,1,0
1060,0.2,0,0,0
1061,0.2,1,0,0
1062,0.2,3,0,0
1063,0.2,2,0,0
1064,0.2,3,0,0
1065,0.2,1,0,1
1066,1.0,0,1,1
1067,0.2,1,0,0
1068,1.0,2,1,1
1069,0.2,2,0,0
1070,0.2,2,0,0
1071,0.2,2,0,0
1072,0.2,3,1,0
1073,0.2,1,1,1
1074,0.2,2,1,1
1075,0.2,2,1,1
1076,0.2,3,1,0
1077,0.2,2,1,1
1078,0.2,1,0,0
1079,0.2,1,1,1
1080,0.2,3,0,0
1081,0.2,0,1,1
1082,1.0,1,1,1
1083,0.2,2,0,0
1084,0.2,1,1,1
1085,0.2,1,0,0
1086,0.2,2,0,0
1087,1.0,0,0,1
1088,0.2,2,1,0
1089,0.2,2,0,0
1090,1.0,1,1,1
1091,0.2,1,0,0
1092,0.2,1,1,1
1093,0.2,2,0,0
1094,0.2,3,0,0
1095,1.0,1,1,1
1096,1.0,1,1,1
1097,1.0,2,0,1
1098,0.2,2,1,0
1099,0.2,1,1,1
1100,0.2,1,0,0
1101,0.2,2,1,1
1102,0.2,1,0,0
1103,0.2,1,1,1
1104,0.2,1,0,0
1105,0.2,1,0,0
1106,0.2,2,0,0
1107,1.0,1,0,0
1108,1.0,2,1,1
1109,1.0,1,1,1
1110,0.2,1,0,0
1111,0.2,0,1,1
1112,0.2,1,1,0
1113,0.2,2,1,0
1114,1.0,0,0,0
1115,0.2,0,0,0
1116,0.2,0,1,1
1117,1.0,2,0,0
1118,1.0,1,1,1
1119,1.0,1,0,1
1120,0.2,1,0,0
1121,0.2,1,1,1
1122,0.2,0,1,1
1123,1.0,1,1,1
1124,0.2,1,0,0
1125,0.2,2,0,0
1126,0.2,1,0,1
1127,0.2,2,0,0
1128,0.2,3,1,1
1129,0.2,2,1,0
1130,0.2,1,1,0
1131,0.2,1,1,0
1132,0.2,2,1,1
1133,1.0,1,1,1
1134,0.2,2,1,1
1135,0.2,3,1,1
1136,0.2,2,1,0
1137,1.0,1,0,1
1138,0.2,3,1,1
1139,1.0,3,1,1
1140,0.2,1,1,1
1141,0.2,1,1,0
1142,1.0,0,0,1
1143,0.2,2,1,0
1144,0.2,1,0,0
1145,0.2,1,1,1
1146,0.2,3,0,0
1147,1.0,2,0,1
1148,0.2,2,0,0
1149,0.2,3,1,0
1150,0.2,1,1,1
1151,0.2,3,1,0
1152,0.2,1,0,0
1153,0.2,3,1,0
1154,0.2,0,1,1
1155,1.0,3,1,1
1156,1.0,1,0,1
1157,0.2,0,0,1
1158,0.2,2,1,0
1159,0.2,1,1,1
1160,0.2,1,1,1
1161,0.2,2,0,0
1162,0.2,2,1,1
1163,1.0,1,0,1
1164,0.2,1,1,1
1165,0.2,2,1,1
1166,1.0,1,0,1
1167,1.0,2,0,1
1168,0.2,2,1,1
1169,0.2,1,0,0
1170,0.2,3,1,1
1171,0.2,2,0,0
1172,0.2,1,0,0
1173,0.2,1,0,1
1174,0.2,2,0,0
1175,0.2,2,1,1
1176,0.2,2,0,0
1177,0.2,1,1,0
1178,1.0,1,1,1
1179,2.2,2,1,1
1180,0.2,0,1,1
1181,0.2,1,0,0
1182,0.2,2,1,1
1183,1.0,1,0,1
1184,0.2,2,1,1
1185,0.2,1,0,0
1186,1.0,2,1,1
1187,0.2,2,0,0
1188,0.2,0,0,0
1189,0.2,3,0,0
1190,0.2,2,0,0
1191,1.0,1,1,1
1192,0.2,1,1,0
1193,0.2,2,0,0
1194,0.2,1,1,1
1195,0.2,1,0,0
1196,1.0,2,0,0
1197,0.2,1,1,1
1198,1.0,1,0,1
1199,0.2,1,0,0
1200,0.2,1,0,0
1201,0.2,2,1,1
1202,1.0,1,0,1
1203,0.2,1,1,1
1204,0.2,1,0,1
1205,0.2,2,0,0
1206,1.0,1,1,1
1207,0.2,1,1,1
1208,0.2,1,0,0
1209,0.2,3,1,0
1210,0.2,1,1,1
1211,0.2,1,0,0
1212,1.0,1,0,1
1213,0.2,2,1,0
1214,0.2,1,1,1
1215,0.2,3,0,0
1216,0.2,1,0,0
1217,1.0,1,1,1
1218,1.0,2,1,1
1219,0.2,2,0,0
1220,0.2,2,0,0
1221,0.2,2,1,1
1222,0.2,2,1,1
1223,1.0,2,0,0
1224,0.2,1,1,1
1225,1.0,0,1,1
1226,1.0,2,1,1
1227,0.2,1,0,0
1228,0.2,3,1,1
1229,0.2,1,0,0
1230,0.2,2,0,0
1231,1.0,2,0,0
1232,0.2,2,1,0
1233,0.2,2,1,1
1234,0.2,2,1,1
1235,0.2,1,0,0
1236,0.2,0,1,1
1237,0.2,1,0,1
1238,0.2,2,1,1
1239,1.0,3,1,1
1240,1.0,1,0,0
1241,0.2,1,1,0
1242,0.2,1,1,1
1243,0.2,1,0,0
1244,1.0,0,1,1
1245,0.2,3,1,1
1246,0.2,3,0,0
1247,0.2,1,0,0
1248,0.2,1,0,0
1249,0.2,3,0,0
1250,0.2,2,1,1
1251,0.2,3,1,0
1252,1.0,1,1,1
1253,0.2,1,1,0
1254,0.2,1,0,0
1255,0.2,1,0,1
1256,0.2,2,1,1
1257,1.0,0,0,0
1258,0.2,0,1,1
1259,0.2,3,1,1
1260,1.0,2,1,1
1261,0.2,0,1,0
1262,0.2,3,0,0
1263,1.0,2,1,1
1264,1.0,1,0,1
1265,0.2,2,1,0
1266,0.2,1,0,0
1267,0.2,1,0,0
1268,1.0,2,1,1
1269,0.2,3,0,0
1270,0.2,1,1,1
1271,0.2,1,1,1
1272,0.2,1,1,1
1273,0.2,2,0,0
1274,0.2,1,1,1
1275,0.2,0,0,1
1276,0.2,1,0,0
1277,0.2,3,0,0
1278,0.2,1,0,0
1279,1.0,2,0,1
1280,0.2,2,1,1
1281,0.2,1,0,0
1282,0.2,1,0,0
1283,0.2,2,1,1
1284,1.0,2,0,1
1285,0.2,1,1,1
1286,0.2,2,1,0
1287,1.0,2,0,0
1288,0.2,2,0,0
1289,0.2,1,0,0
1290,0.2,1,1,1
1291,1.0,2,0,1
1292,0.2,1,0,0
1293,0.2,2,0,0
1294,0.2,0,1,1
1295,0.2,0,1,1
1296,0.2,0,1,1
1297,0.2,0,1,1
1298,0.2,2,1,1
1299,0.2,1,1,1
1300,0.2,1,0,0
1301,0.2,1,0,0
1302,0.2,2,0,1
1303,1.0,2,0,1
1304,0.2,1,1,1
1305,0.2,0,0,1
1306,1.0,1,1,1
1307,0.2,2,0,0
1308,0.2,2,0,0
1309,0.2,3,1,0
1310,0.2,2,0,0
1311,0.2,0,1,1
1312,0.2,2,0,0
1313,2.2,1,1,1
1314,0.2,3,0,0
1315,1.0,0,0,1
1316,0.2,1,1,1
1317,0.2,3,1,1
1318,0.2,1,0,0
1319,1.0,2,0,1
1320,0.2,3,0,0
1321,0.2,1,1,0
1322,0.2,2,1,0
1323,0.2,2,1,1
1324,0.2,1,1,0
1325,0.2,2,1,1
1326,1.0,2,0,1
1327,0.2,2,0,0
1328,1.0,2,0,1
1329,0.2,1,1,0
1330,1.0,0,0,1
1331,1.0,0,1,1
1332,0.2,1,1,1
1333,0.2,1,1,1
1334,1.0,0,0,1
1335,0.2,1,1,1
1336,2.2,0,0,1
1337,0.2,3,1,0
1338,1.0,2,1,1
1339,0.2,1,1,1
1340,1.0,2,1,1
1341,0.2,0,0,0
1342,0.2,0,0,0
1343,0.2,1,1,1
1344,0.2,1,1,1
1345,0.2,2,1,1
1346,0.2,2,1,1
1347,1.0,1,1,1
1348,1.0,1,1,1
1349,0.2,3,1,0
1350,0.2,3,0,0
1351,0.2,3,0,0
1352,0.2,2,0,0
1353,0.2,2,1,1
1354,0.2,1,1,1
1355,1.0,3,1,1
1356,2.2,1,0,1
1357,0.2,1,0,0
1358,0.2,2,0,0
1359,1.0,2,0,0
1360,0.2,1,1,0
1361,0.2,1,1,1
1362,1.0,1,0,1
1363,1.0,2,0,1
1364,0.2,1,1,1
1365,1.0,3,0,0
1366,0.2,1,0,0
1367,0.2,1,1,1
1368,0.2,2,1,0
1369,0.2,1,1,1
1370,0.2,1,1,1
1371,0.2,2,0,0
1372,0.2,0,1,1
1373,0.2,2,0,0
1374,1.0,2,1,1
1375,0.2,2,1,1
1376,0.2,0,0,0
1377,0.2,1,1,1
1378,0.2,1,0,0
1379,0.2,3,1,1
1380,0.2,2,0,0
1381,0.2,0,1,1
1382,0.2,2,0,0
1383,0.2,3,1,1
1384,0.2,0,1,1
1385,0.2,3,1,1
1386,0.2,2,0,1
1387,0.2,3,0,0
1388,1.0,2,0,0
1389,0.2,0,0,0
1390,0.2,1,0,0
1391,0.2,3,0,0
1392,0.2,0,0,0
1393,1.0,2,0,0
1394,0.2,1,1,1
1395,1.0,0,0,1
1396,0.2,2,0,0
1397,0.2,1,1,0
1398,0.2,1,1,1
1399,0.2,1,1,1
1400,1.0,2,0,0
1401,0.2,3,0,0
1402,0.2,2,0,0
1403,0.2,2,0,0
1404,1.0,1,0,1
1405,1.0,3,1,1
1406,0.2,2,1,1
1407,0.2,0,1,0
1408,0.2,2,1,1
1409,0.2,2,0,0
1410,0.2,2,0,0
1411,1.0,1,0,1
1412,0.2,2,1,1
1413,0.2,3,1,0
1414,0.2,2,0,0
1415,0.2,0,1,1
1416,0.2,1,1,1
1417,1.0,0,0,1
1418,0.2,1,1,1
1419,0.2,2,0,0
1420,1.0,2,0,1
1421,0.2,1,0,0
1422,1.0,1,0,0
1423,0.2,2,1,1
1424,0.2,0,0,0
1425,0.2,1,0,0
1426,0.2,2,1,1
1427,1.0,1,1,1
1428,0.2,2,0,0
1429,0.2,3,0,0
1430,1.0,2,1,1
1431,0.2,1,1,1
1432,0.2,1,1,0
1433,0.2,1,1,1
1434,0.2,2,1,1
1435,0.2,2,1,0
1436,0.2,1,1,1
1437,0.2,3,1,1
1438,0.2,1,1,1
1439,0.2,3,0,0
1440,0.2,3,1,0
1441,1.0,3,1,1
1442,0.2,1,1,1
1443,0.2,2,1,1
1444,0.2,0,1,1
1445,1.0,0,0,1
1446,0.2,0,1,1
1447,0.2,1,0,0
1448,1.0,2,0,1
1449,1.0,2,1,1
1450,1.0,1,1,1
1451,0.2,2,0,0
1452,0.2,2,1,0
1453,0.2,2,0,0
1454,0.2,2,1,1
1455,0.2,2,0,0
1456,0.2,0,1,1
1457,0.2,2,1,0
1458,1.0,2,0,0
1459,1.0,2,0,1
1460,0.2,3,0,0
1461,1.0,2,1,1
1462,0.2,1,1,1
1463,0.2,0,1,1
1464,1.0,1,0,0
1465,0.2,2,1,0
1466,0.2,1,0,0
1467,0.2,2,0,0
1468,0.2,2,0,1
1469,0.2,2,0,0
1470,1.0,1,1,1
1471,1.0,2,1,1
1472,0.2,2,1,0
1473,0.2,2,0,0
1474,2.2,1,0,1
1475,0.2,3,0,0
1476,0.2,2,0,1
1477,0.2,2,0,0
1478,0.2,2,1,1
1479,0.2,1,0,0
1480,0.2,1,0,0
1481,0.2,1,1,1
1482,0.2,1,1,1
1483,0.2,2,1,0
1484,1.0,3,1,1
1485,0.2,3,0,0
1486,1.0,1,1,1
1487,0.2,1,0,0
1488,0.2,2,0,0
1489,0.2,2,0,0
1490,1.0,3,1,1
1491,1.0,1,1,1
1492,0.2,2,0,0
1493,0.2,1,1,0
1494,0.2,1,1,1
1495,0.2,3,0,0
1496,1.0,2,0,1
1497,2.2,2,0,1
1498,1.0,2,0,0
1499,1.0,2,0,1
1500,0.2,3,1,0
1501,1.0,1,0,1
1502,0.2,3,1,1
1503,0.2,1,1,0
1504,1.0,3,0,0
1505,0.2,1,1,1
1506,0.2,2,0,0
1507,0.2,1,0,0
1508,0.2,2,0,0
1509,0.2,3,0,0
1510,0.2,2,1,1
1511,0.2,0,1,1
1512,0.2,0,0,0
1513,0.2,2,0,0
1514,1.0,3,1,1
1515,0.2,2,1,1
1516,1.0,1,1,1
1517,0.2,0,0,0
1518,1.0,1,0,1
1519,0.2,0,0,0
1520,0.2,2,1,1
1521,0.2,3,0,1
1522,0.2,2,1,0
1523,0.2,1,0,0
1524,0.2,2,0,0
1525,0.2,2,0,0
1526,0.2,1,1,1
1527,0.2,1,1,1
1528,0.2,1,0,0
1529,0.2,3,0,0
1530,0.2,2,1,1
1531,0.2,3,1,1
1532,0.2,3,0,0
1533,2.2,2,1,1
1534,0.2,2,0,0
1535,0.2,2,0,0
1536,0.2,1,0,0
1537,0.2,1,1,1
1538,2.2,1,0,1
1539,0.2,1,1,0
1540,0.2,2,0,1
1541,0.2,2,1,1
1542,0.2,1,1,1
1543,2.2,2,1,1
1544,0.2,3,1,0
1545,0.2,2,0,0
1546,0.2,1,1,1
1547,0.2,1,1,1
1548,1.0,0,0,1
1549,0.2,1,1,1
1550,0.2,2,0,0
1551,0.2,2,1,0
1552,0.2,2,1,1
1553,1.0,2,0,0
1554,0.2,3,1,0
1555,0.2,1,0,0
1556,0.2,2,0,0
1557,0.2,2,0,0
1558,0.2,1,1,1
1559,1.0,1,1,1
1560,1.0,1,0,1
1561,0.2,1,0,0
1562,0.2,2,1,1
1563,0.2,2,1,1
1564,0.2,2,1,0
1565,0.2,3,1,0
1566,0.2,2,0,0
1567,0.2,0,0,0
1568,1.0,1,1,1
1569,0.2,1,1,1
1570,0.2,1,1,1
1571,1.0,0,1,1
1572,0.2,1,0,0
1573,0.2,1,1,1
1574,1.0,2,0,0
1575,0.2,2,1,0
1576,0.2,2,0,0
1577,0.2,2,0,0
1578,0.2,3,0,0
1579,0.2,0,1,1
1580,0.2,1,0,0
1581,0.2,3,0,0
1582,2.2,2,1,1
1583,1.0,1,0,0
1584,0.2,1,1,1
1585,0.2,2,1,1
1586,0.2,1,0,0
1587,0.2,2,1,0
1588,0.2,1,1,0
1589,0.2,2,0,0
1590,0.2,2,1,0
1591,0.2,1,0,0
1592,0.2,3,0,0
1593,1.0,1,1,1
1594,0.2,1,1,1
1595,0.2,2,0,0
1596,0.2,1,1,1
1597,0.2,2,0,0
1598,1.0,2,1,1
1599,1.0,0,1,1
1600,0.2,2,1,0
1601,0.2,2,0,0
1602,0.2,1,1,1
1603,1.0,1,0,0
1604,1.0,1,1,1
1605,0.2,1,1,1
1606,0.2,0,1,1
1607,2.2,3,0,1
1608,2.2,2,0,1
1609,1.0,1,0,0
1610,1.0,1,0,0
1611,0.2,0,0,0
1612,0.2,2,1,1
1613,0.2,2,0,0
1614,0.2,3,1,0
1615,0.2,2,1,1
1616,0.2,1,1,1
1617,0.2,2,0,0
1618,1.0,2,1,1
1619,0.2,1,1,1
1620,0.2,1,1,0
1621,0.2,1,1,1
1622,0.2,2,0,0
1623,0.2,2,0,0
1624,0.2,1,1,0
1625,1.0,2,1,1
1626,0.2,2,1,1
1627,1.0,2,0,1
1628,0.2,1,1,1
1629,1.0,0,0,1
1630,0.2,0,0,1
1631,0.2,1,0,0
1632,1.0,2,0,0
1633,1.0,0,0,1
1634,0.2,1,0,0
1635,0.2,1,1,0
1636,1.0,1,0,1
1637,0.2,1,0,0
1638,0.2,3,0,1
1639,1.0,1,1,1
1640,0.2,3,0,1
1641,0.2,1,0,0
1642,0.2,2,0,0
1643,0.2,2,1,0
1644,1.0,1,1,1
1645,0.2,2,0,0
1646,0.2,1,0,0
1647,0.2,2,0,0
1648,0.2,0,1,1
1649,0.2,0,1,0
1650,1.0,2,0,0
1651,0.2,2,0,1
1652,1.0,0,0,1
1653,0.2,1,0,1
1654,0.2,1,0,0
1655,0.2,1,1,1
1656,0.2,1,1,0
1657,0.2,2,0,0
1658,0.2,2,1,1
1659,0.2,2,0,0
1660,0.2,0,1,1
1661,0.2,1,1,1
1662,0.2,2,0,1
1663,0.2,2,0,1
1664,0.2,0,1,1
1665,1.0,0,1,1
1666,0.2,3,0,1
1667,0.2,2,1,1
1668,0.2,1,1,1
1669,0.2,3,1,1
1670,0.2,1,1,1
1671,0.2,1,1,1
1672,1.0,0,1,1
1673,0.2,2,0,1
1674,0.2,1,0,0
1675,0.2,1,1,1
1676,1.0,3,1,1
1677,1.0,3,0,0
1678,0.2,1,0,0
1679,0.2,3,0,0
1680,0.2,1,1,1
1681,1.0,2,1,1
1682,1.0,1,0,1
1683,1.0,3,0,0
1684,0.2,2,1,0
1685,0.2,2,1,1
1686,0.2,0,0,0
1687,0.2,2,1,1
1688,0.2,1,1,1
1689,0.2,1,0,0
1690,0.2,1,1,0
1691,1.0,2,1,1
1692,1.0,0,1,1
1693,0.2,1,0,0
1694,0.2,2,1,1
1695,1.0,1,1,1
1696,1.0,1,1,1
1697,0.2,3,1,0
1698,0.2,2,1,1
1699,0.2,2,1,1
1700,0.2,1,1,1
1701,1.0,1,0,1
1702,1.0,1,0,0
1703,0.2,3,0,0
1704,0.2,1,1,1
1705,0.2,2,1,0
1706,0.2,1,0,0
1707,0.2,1,1,0
1708,0.2,2,0,0
1709,0.2,1,1,1
1710,0.2,2,0,0
1711,1.0,0,1,1
1712,0.2,2,1,1
1713,0.2,1,1,1
1714,1.0,1,0,1
1715,2.2,1,0,1
1716,0.2,2,0,0
1717,2.2,1,0,1
1718,0.2,1,0,0
1719,1.0,1,1,1
1720,1.0,1,1,1
1721,0.2,1,1,1
1722,0.2,3,0,0
1723,0.2,2,0,1
1724,1.0,0,1,1
1725,1.0,2,0,0
1726,0.2,0,1,1
1727,0.2,2,1,1
1728,0.2,1,1,1
1729,0.2,2,0,0
1730,0.2,0,0,0
1731,0.2,1,1,0
1732,0.2,2,0,0
1733,0.2,3,1,0
1734,0.2,0,0,0
1735,1.0,1,1,1
1736,0.2,2,1,1
1737,1.0,1,0,0
1738,0.2,2,1,1
1739,0.2,2,1,0
1740,0.2,2,0,0
1741,1.0,3,0,0
1742,0.2,1,0,1
1743,0.2,1,1,1
1744,0.2,1,1,1
1745,0.2,1,1,1
1746,0.2,1,1,1
1747,0.2,1,1,1
1748,0.2,1,1,1
1749,1.0,0,0,1
1750,0.2,2,1,0
1751,0.2,0,1,1
1752,0.2,1,0,1
1753,1.0,2,0,1
1754,0.2,0,0,0
1755,0.2,0,1,1
1756,0.2,1,0,1
1757,0.2,2,1,1
1758,0.2,0,1,1
1759,1.0,0,1,1
1760,0.2,1,1,1
1761,0.2,2,0,0
1762,1.0,0,1,1
1763,1.0,1,0,1
1764,0.2,2,0,0
1765,1.0,1,0,1
1766,0.2,1,0,0
1767,0.2,3,0,0
1768,0.2,1,0,0
1769,0.2,2,0,0
1770,0.2,2,0,0
1771,0.2,2,0,1
1772,1.0,1,0,0
1773,1.0,2,0,1
1774,0.2,1,1,1
1775,1.0,3,0,0
1776,1.0,2,1,1
1777,0.2,1,0,0
1778,1.0,1,0,0
1779,1.0,2,0,0
1780,0.2,2,0,0
1781,1.0,1,0,1
1782,1.0,2,1,1
1783,1.0,3,1,1
1784,1.0,2,1,1
1785,1.0,1,0,1
1786,0.2,0,1,0
1787,0.2,2,1,0
1788,0.2,2,1,1
1789,1.0,2,0,0
1790,0.2,2,1,1
1791,1.0,2,1,1
1792,0.2,2,0,0
1793,0.2,1,1,1
1794,0.2,0,0,0
1795,0.2,1,0,0
1796,1.0,2,0,0
1797,0.2,0,1,1
1798,0.2,1,0,0
1799,1.0,1,1,1
1800,0.2,2,1,0
1801,0.2,0,1,0
1802,0.2,2,0,0
1803,0.2,2,1,1
1804,0.2,1,0,0
1805,0.2,2,0,0
1806,0.2,2,1,1
1807,0.2,0,0,0
1808,0.2,2,0,0
1809,0.2,1,0,1
1810,0.2,1,1,1
1811,0.2,1,0,0
1812,1.0,2,1,1
1813,0.2,3,1,1
1814,2.2,3,1,1
1815,0.2,3,1,1
1816,0.2,0,0,0
1817,0.2,1,0,0
1818,0.2,3,0,0
1819,0.2,2,0,1
1820,0.2,1,0,0
1821,0.2,1,0,0
1822,0.2,2,1,1
1823,0.2,1,1,0
1824,0.2,1,0,1
1825,0.2,0,1,1
1826,1.0,2,0,0
1827,0.2,0,0,0
1828,0.2,3,1,1
1829,0.2,1,1,1
1830,0.2,2,0,0
1831,0.2,2,1,1
1832,0.2,2,1,1
1833,0.2,0,0,1
1834,0.2,2,0,0
1835,0.2,3,1,1
1836,0.2,3,1,0
1837,0.2,1,1,0
1838,0.2,2,0,0
1839,0.2,0,1,1
1840,0.2,2,1,0
1841,0.2,2,0,1
1842,0.2,2,1,0
1843,0.2,2,1,1
1844,0.2,2,1,1
1845,0.2,1,1,1
1846,0.2,2,1,1
1847,0.2,3,1,1
1848,0.2,2,1,1
1849,0.2,3,1,1
1850,0.2,2,1,0
1851,0.2,2,0,0
1852,0.2,2,0,0
1853,0.2,3,0,0
1854,0.2,1,0,0
1855,0.2,2,1,0
1856,1.0,2,1,1
1857,0.2,3,0,0
1858,0.2,1,1,1
1859,1.0,3,1,1
1860,0.2,3,0,0
1861,0.2,2,1,0
1862,0.2,2,1,1
1863,0.2,1,0,0
1864,0.2,0,1,1
1865,0.2,1,0,0
1866,0.2,2,1,0
1867,0.2,3,1,0
1868,0.2,3,0,0
1869,1.0,0,1,1
1870,0.2,2,0,0
1871,1.0,1,1,1
1872,0.2,1,1,0
1873,1.0,1,1,1
1874,0.2,1,1,0
1875,1.0,1,0,0
1876,0.2,1,1,1
1877,0.2,2,0,1
1878,0.2,2,0,0
1879,0.2,1,1,1
1880,0.2,2,0,0
1881,0.2,1,1,0
1882,0.2,2,0,0
1883,0.2,0,0,0
1884,1.0,1,1,1
1885,0.2,3,1,0
1886,0.2,2,1,0
1887,0.2,1,1,1
1888,0.2,2,0,0
1889,0.2,1,0,0
1890,1.0,2,1,1
1891,0.2,1,0,0
1892,0.2,2,0,0
1893,0.2,3,0,0
1894,0.2,2,1,1
1895,1.0,1,0,1
1896,0.2,2,1,1
1897,0.2,3,0,0
1898,0.2,1,0,0
1899,0.2,1,0,0
1900,0.2,2,0,0
1901,2.2,3,1,1
1902,0.2,3,1,0
1903,0.2,1,0,0
1904,0.2,0,1,1
1905,1.0,2,1,1
1906,0.2,1,0,0
1907,0.2,0,0,0
1908,1.0,1,1,1
1909,0.2,2,1,0
1910,0.2,1,0,1
1911,0.2,2,0,0
1912,0.2,3,1,0
1913,0.2,2,1,0
1914,0.2,1,1,1
1915,1.0,2,1,1
1916,0.2,2,1,0
1917,1.0,2,0,0
1918,0.2,1,1,1
1919,0.2,2,0,0
1920,2.2,1,0,1
1921,0.2,2,1,1
1922,0.2,0,0,0
1923,0.2,2,1,1
1924,1.0,1,1,1
1925,0.2,3,1,0
1926,0.2,2,1,0
1927,1.0,0,1,1
1928,1.0,2,0,1
1929,0.2,3,0,0
1930,0.2,2,0,0
1931,0.2,3,1,1
1932,0.2,3,1,0
1933,0.2,3,1,0
1934,0.2,1,1,1
1935,0.2,2,1,1
1936,0.2,0,0,1
1937,0.2,1,0,1
1938,0.2,2,0,0
1939,0.2,1,1,0
1940,0.2,2,0,0
1941,0.2,0,0,1
1942,0.2,1,0,0
1943,1.0,2,0,0
1944,0.2,0,1,1
1945,1.0,2,1,1
1946,1.0,2,0,0
1947,1.0,1,0,1
1948,0.2,2,1,1
1949,0.2,2,1,1
1950,0.2,2,1,1
1951,0.2,2,0,0
1952,1.0,1,0,0
1953,0.2,1,1,0
1954,0.2,1,0,0
1955,0.2,2,0,0
1956,0.2,3,0,0
1957,0.2,1,0,0
1958,1.0,2,1,1
1959,0.2,2,1,0
1960,0.2,0,1,1
1961,0.2,3,1,1
1962,0.2,2,0,0
1963,0.2,0,1,1
1964,0.2,0,1,1
1965,0.2,0,1,1
1966,0.2,2,1,0
1967,0.2,1,1,1
1968,0.2,1,1,1
1969,1.0,1,1,1
1970,0.2,0,0,0
1971,0.2,2,0,0
1972,1.0,1,0,1
1973,1.0,3,1,0
1974,0.2,0,0,0
1975,0.2,1,1,0
1976,1.0,1,0,0
1977,0.2,2,0,0
1978,1.0,1,0,0
1979,1.0,2,1,1
1980,0.2,1,0,0
1981,0.2,1,1,1
1982,0.2,3,1,0
1983,0.2,1,0,0
1984,0.2,2,1,0
1985,0.2,0,1,1
1986,0.2,1,1,1
1987,0.2,0,0,1
1988,1.0,2,1,1
1989,0.2,0,1,1
1990,1.0,2,1,1
1991,1.0,1,0,1
1992,1.0,1,0,1
1993,0.2,2,0,0
1994,0.2,2,1,0
1995,0.2,2,1,1
1996,0.2,1,1,0
1997,0.2,2,1,1
1998,0.2,1,1,1
1999,0.2,1,1,1
2000,0.2,2,1,1
2001,1.0,1,0,1
2002,0.2,1,0,0
2003,0.2,2,1,0
2004,0.2,2,0,1
2005,1.0,2,0,0
2006,0.2,1,0,0
2007,0.2,2,0,0
2008,0.2,1,0,0
2009,1.0,2,0,0
2010,0.2,2,0,1
2011,0.2,1,0,0
2012,1.0,2,1,1
2013,0.2,3,0,0
2014,0.2,1,0,0
2015,1.0,1,0,1
2016,0.2,1,0,0
2017,1.0,1,0,1
2018,1.0,2,1,1
2019,0.2,2,0,0
2020,0.2,0,1,1
2021,0.2,2,1,0
2022,1.0,2,1,1
2023,1.0,2,0,1
2024,0.2,2,1,0
2025,0.2,0,1,0
2026,1.0,1,1,1
2027,0.2,1,1,1
2028,1.0,1,1,1
2029,0.2,2,0,0
2030,1.0,1,1,1
2031,0.2,1,0,0
2032,2.2,0,0,1
2033,0.2,0,0,0
2034,0.2,1,0,0
2035,0.2,2,0,0
2036,0.2,1,1,0
2037,2.2,2,0,1
2038,0.2,0,0,0
2039,0.2,2,0,0
2040,1.0,2,0,0
2041,0.2,3,1,0
2042,0.2,1,0,0
2043,1.0,3,1,1
2044,0.2,2,1,1
2045,0.2,2,0,0
2046,0.2,2,0,0
2047,1.0,1,1,1
2048,0.2,3,0,0
2049,1.0,2,0,0
2050,0.2,1,1,1
2051,0.2,2,0,0
2052,0.2,1,1,1
2053,0.2,1,1,1
2054,0.2,0,0,0
2055,0.2,2,0,0
2056,0.2,1,1,1
2057,0.2,2,1,1
2058,0.2,1,0,0
2059,0.2,1,0,0
2060,0.2,3,1,1
2061,0.2,3,1,1
2062,0.2,1,1,1
2063,0.2,2,1,1
2064,0.2,1,0,0
2065,0.2,3,0,0
2066,0.2,0,1,1
2067,0.2,1,1,1
2068,1.0,2,0,1
2069,0.2,3,1,1
2070,1.0,2,1,1
2071,1.0,3,1,1
2072,0.2,1,1,0
2073,0.2,2,0,0
2074,1.0,1,0,0
2075,1.0,2,0,0
2076,1.0,1,1,1
2077,1.0,1,1,1
2078,0.2,3,1,0
2079,0.2,1,0,0
2080,0.2,2,0,1
2081,0.2,3,0,0
2082,0.2,2,0,0
2083,0.2,2,0,0
2084,0.2,1,1,1
2085,2.2,0,1,1
2086,0.2,1,1,1
2087,0.2,1,0,0
2088,0.2,2,0,0
2089,0.2,2,1,1
2090,0.2,0,0,1
2091,0.2,3,0,0
2092,0.2,2,0,0
2093,0.2,2,0,0
2094,0.2,1,0,0
2095,0.2,1,1,0
2096,0.2,2,1,1
2097,0.2,2,0,0
2098,2.2,2,1,1
2099,0.2,2,0,0
2100,1.0,3,0,1
2101,1.0,1,0,1
2102,0.2,3,1,0
2103,0.2,1,1,1
2104,1.0,3,1,1
2105,1.0,2,1,1
2106,0.2,1,0,0
2107,1.0,1,0,1
2108,2.2,2,1,1
2109,0.2,1,0,1
2110,0.2,1,1,1
2111,1.0,2,0,0
2112,0.2,2,0,0
2113,0.2,1,0,0
2114,0.2,0,0,0
2115,0.2,1,1,0
2116,0.2,2,0,0
2117,0.2,1,0,0
2118,0.2,2,1,1
2119,0.2,2,0,0
2120,0.2,1,0,0
2121,0.2,2,0,0
2122,1.0,0,0,1
2123,1.0,1,1,1
2124,0.2,1,0,0
2125,0.2,2,1,1
2126,1.0,1,0,0
2127,0.2,2,1,0
2128,0.2,1,1,1
2129,0.2,1,1,0
2130,1.0,2,1,1
2131,0.2,2,1,0
2132,0.2,0,0,0
2133,0.2,1,0,0
2134,0.2,1,0,0
2135,0.2,0,0,0
2136,0.2,2,0,0
2137,0.2,2,0,0
2138,0.2,1,1,1
2139,1.0,1,0,1
2140,1.0,1,1,1
2141,1.0,0,1,1
2142,0.2,2,1,1
2143,0.2,3,1,0
2144,0.2,1,0,0
2145,1.0,2,1,1
2146,0.2,2,0,0
2147,0.2,2,0,0
2148,0.2,2,1,0
2149,0.2,2,1,1
2150,0.2,2,1,1
2151,0.2,2,1,1
2152,0.2,0,1,1
2153,0.2,2,0,0
2154,1.0,0,0,1
2155,0.2,1,1,1
2156,0.2,1,0,0
2157,1.0,1,0,0
2158,0.2,2,1,0
2159,0.2,1,0,1
2160,1.0,2,1,1
2161,0.2,2,0,0
2162,0.2,0,1,1
2163,1.0,2,1,1
2164,0.2,1,1,1
2165,0.2,1,1,1
2166,1.0,2,0,0
2167,0.2,0,1,1
2168,0.2,1,1,0
2169,0.2,2,1,1
2170,0.2,2,1,1
2171,1.0,1,0,0
2172,1.0,1,0,0
2173,1.0,1,1,1
2174,0.2,2,0,0
2175,1.0,1,1,1
2176,1.0,1,0,1
2177,0.2,1,0,0
2178,0.2,1,0,0
2179,0.2,2,0,0
2180,0.2,1,1,1
2181,0.2,0,0,0
2182,0.2,2,1,1
2183,0.2,0,0,0
2184,0.2,1,1,1
2185,0.2,3,1,1
2186,0.2,1,1,1
2187,0.2,2,0,0
2188,1.0,0,0,1
2189,0.2,1,0,0
2190,0.2,2,1,1
2191,0.2,2,1,1
2192,1.0,2,0,1
2193,0.2,1,0,0
2194,0.2,1,1,0
2195,0.2,1,1,1
2196,0.2,3,0,0
2197,0.2,2,0,0
2198,0.2,1,0,0
2199,0.2,2,1,1
2200,2.2,3,1,1
2201,0.2,1,1,1
2202,1.0,2,0,0
2203,0.2,0,1,1
2204,1.0,2,0,0
2205,1.0,1,0,0
2206,0.2,1,0,0
2207,0.2,1,0,0
2208,0.2,3,0,0
2209,0.2,1,0,0
2210,0.2,2,1,1
2211,0.2,1,1,1
2212,0.2,1,1,0
2213,0.2,2,0,0
2214,0.2,1,1,1
2215,1.0,2,1,1
2216,0.2,2,0,0
2217,0.2,2,0,0
2218,0.2,1,1,1
2219,0.2,1,1,0
2220,1.0,1,0,1
2221,0.2,2,0,0
2222,1.0,1,0,0
2223,0.2,1,0,0
2224,0.2,0,0,0
2225,0.2,1,0,0
2226,0.2,1,1,0
2227,0.2,1,1,1
2228,0.2,3,0,0
2229,0.2,1,1,1
2230,0.2,1,1,1
2231,0.2,0,1,1
2232,0.2,1,0,0
2233,1.0,1,1,1
2234,0.2,2,1,0
2235,1.0,3,0,0
2236,0.2,3,1,1
2237,0.2,1,0,1
2238,0.2,1,1,0
2239,1.0,0,0,1
2240,0.2,2,0,0
2241,0.2,1,1,1
2242,0.2,0,0,1
2243,0.2,1,1,1
2244,1.0,1,0,0
2245,1.0,3,1,1
2246,0.2,3,0,0
2247,0.2,3,1,0
2248,1.0,1,0,0
2249,0.2,1,0,0
2250,0.2,1,1,1
2251,0.2,3,0,1
2252,0.2,2,0,0
2253,0.2,0,1,1
2254,1.0,2,0,1
2255,0.2,1,1,1
2256,1.0,3,1,0
2257,0.2,2,0,0
2258,1.0,2,0,0
2259,0.2,0,0,0
2260,0.2,2,1,0
2261,0.2,2,0,0
2262,0.2,2,0,0
2263,0.2,1,1,1
2264,0.2,2,1,0
2265,0.2,2,0,0
2266,0.2,2,0,0
2267,0.2,2,0,0
2268,0.2,2,0,0
2269,1.0,1,0,1
2270,0.2,1,1,0
2271,0.2,2,1,1
2272,0.2,2,1,1
2273,0.2,3,1,1
2274,0.2,1,1,1
2275,0.2,1,1,1
2276,0.2,3,0,0
2277,0.2,0,0,0
2278,0.2,2,0,0
2279,0.2,2,1,1
2280,1.0,2,1,1
2281,0.2,2,1,1
2282,0.2,2,0,0
2283,1.0,3,1,1
2284,0.2,1,0,0
2285,0.2,0,0,0
2286,0.2,0,0,0
2287,0.2,1,1,0
2288,0.2,2,1,1
2289,0.2,1,0,0
2290,1.0,1,1,1
2291,0.2,3,0,0
2292,0.2,1,0,0
2293,0.2,2,0,0
2294,0.2,0,0,0
2295,0.2,3,0,0
2296,1.0,2,1,1
2297,0.2,1,1,1
2298,0.2,2,1,1
2299,1.0,1,0,1
2300,0.2,1,1,1
2301,0.2,1,0,0
2302,0.2,0,0,1
2303,1.0,3,1,1
2304,0.2,2,0,0
2305,0.2,0,1,1
2306,0.2,0,0,0
2307,0.2,1,1,1
2308,0.2,1,1,1
2309,1.0,1,0,0
2310,1.0,1,1,1
2311,1.0,1,0,0
2312,0.2,2,1,1
2313,1.0,0,0,1
2314,0.2,2,1,1
2315,0.2,0,1,1
2316,0.2,1,1,1
2317,0.2,2,0,0
2318,0.2,2,0,0
2319,0.2,2,0,0
2320,1.0,2,1,1
2321,2.2,1,0,1
2322,0.2,2,1,1
2323,0.2,2,1,1
2324,1.0,2,0,1
2325,0.2,1,0,0
2326,1.0,0,0,1
2327,0.2,1,1,1
2328,0.2,2,0,0
2329,0.2,1,1,1
2330,0.2,0,1,0
2331,1.0,3,1,1
2332,0.2,1,1,1
2333,0.2,1,0,0
2334,0.2,2,1,1
2335,0.2,1,1,1
2336,0.2,2,1,0
2337,0.2,3,1,0
2338,0.2,1,1,0
2339,1.0,1,0,1
2340,0.2,3,1,0
2341,0.2,2,0,0
2342,0.2,2,1,0
2343,1.0,3,0,0
2344,0.2,0,1,1
2345,0.2,1,0,0
2346,2.2,2,0,1
2347,0.2,2,0,1
2348,1.0,1,0,1
2349,0.2,2,1,1
2350,0.2,0,1,1
2351,1.0,0,0,1
2352,0.2,2,0,1
2353,1.0,2,1,1
2354,0.2,1,0,0
2355,0.2,1,1,1
2356,0.2,2,1,1
2357,0.2,2,1,1
2358,0.2,2,1,0
2359,0.2,3,0,0
2360,0.2,3,0,0
2361,0.2,0,1,0
2362,0.2,3,1,0
2363,0.2,1,0,0
2364,0.2,0,1,1
2365,0.2,1,0,0
2366,1.0,0,0,1
2367,0.2,1,1,1
2368,0.2,3,0,0
2369,0.2,2,1,1
2370,0.2,2,1,0
2371,0.2,1,0,1
2372,1.0,2,1,1
2373,1.0,2,0,1
2374,0.2,0,1,1
2375,0.2,0,0,1
2376,0.2,2,0,0
2377,1.0,0,0,1
2378,0.2,2,1,0
2379,0.2,3,0,1
2380,0.2,1,1,1
2381,2.2,1,0,1
2382,0.2,1,0,0
2383,0.2,1,0,0
2384,0.2,1,0,0
2385,0.2,2,0,0
2386,0.2,2,1,1
2387,1.0,1,1,1
2388,0.2,2,1,1
2389,1.0,1,1,1
2390,0.2,1,1,1
2391,0.2,2,0,0
2392,0.2,1,1,1
2393,0.2,1,1,1
2394,0.2,1,1,1
2395,0.2,2,0,0
2396,0.2,2,1,1
2397,2.2,2,1,1
2398,0.2,2,1,1
2399,0.2,1,1,0
2400,0.2,2,1,0
2401,0.2,2,0,0
2402,0.2,2,1,1
2403,0.2,0,1,1
2404,1.0,1,0,0
2405,0.2,0,0,0
2406,0.2,2,0,0
2407,3.0,2,1,1
2408,0.2,0,0,1
2409,1.0,1,0,1
2410,0.2,1,1,1
2411,0.2,2,1,0
2412,1.0,3,1,1
2413,0.2,2,1,1
2414,0.2,2,1,1
2415,0.2,1,0,0
2416,1.0,1,0,0
2417,1.0,1,0,1
2418,0.2,1,0,0
2419,1.0,1,0,1
2420,0.2,1,1,1
2421,0.2,2,0,0
2422,2.2,1,1,1
2423,0.2,1,1,1
2424,0.2,2,0,0
2425,0.2,0,0,0
2426,1.0,1,0,0
2427,0.2,1,0,0
2428,1.0,0,0,1
2429,2.2,1,0,1
2430,1.0,2,0,0
2431,0.2,3,1,0
2432,0.2,1,1,1
2433,0.2,3,1,1
2434,1.0,2,0,0
2435,0.2,2,0,0
2436,0.2,0,0,0
2437,1.0,2,1,1
2438,0.2,0,0,0
2439,2.2,2,0,1
2440,0.2,3,0,0
2441,0.2,2,1,1
2442,0.2,1,0,0
2443,1.0,2,1,1
2444,1.0,1,0,0
2445,0.2,2,1,1
2446,0.2,3,0,0
2447,0.2,2,1,0
2448,0.2,2,0,0
2449,0.2,1,1,1
2450,1.0,0,1,1
2451,0.2,2,1,1
2452,0.2,2,0,0
2453,0.2,2,0,0
2454,0.2,2,1,0
2455,0.2,1,1,1
2456,0.2,2,1,1
2457,1.0,3,1,1
2458,0.2,2,0,0
2459,0.2,3,1,0
2460,0.2,3,1,0
2461,0.2,1,0,1
2462,0.2,2,1,0
2463,0.2,3,1,1
2464,0.2,3,0,0
2465,0.2,1,0,0
2466,0.2,2,0,0
2467,0.2,2,0,0
2468,0.2,1,0,0
2469,0.2,3,1,1
2470,1.0,1,0,0
2471,0.2,2,1,1
2472,1.0,2,0,0
2473,0.2,2,0,0
2474,1.0,2,1,1
2475,0.2,2,1,0
2476,0.2,2,1,1
2477,0.2,2,0,0
2478,0.2,1,1,0
2479,0.2,1,1,1
2480,0.2,3,1,0
2481,0.2,1,0,0
2482,0.2,2,1,0
2483,1.0,2,0,0
2484,0.2,2,0,0
2485,1.0,1,1,1
2486,0.2,2,1,1
2487,0.2,2,1,1
2488,0.2,1,1,0
2489,0.2,1,0,0
2490,0.2,0,0,0
2491,0.2,1,1,0
2492,0.2,2,0,0
2493,1.0,2,0,0
2494,1.0,1,0,1
2495,0.2,1,0,0
2496,0.2,1,1,1
2497,0.2,2,1,1
2498,0.2,3,0,0
2499,0.2,1,1,1
2500,1.0,1,1,1
2501,0.2,1,1,1
2502,0.2,3,1,0
2503,0.2,1,1,0
2504,0.2,0,1,1
2505,0.2,3,0,0
2506,0.2,1,0,0
2507,1.0,2,1,1
2508,0.2,2,1,1
2509,0.2,1,0,1
2510,1.0,2,1,1
2511,0.2,0,0,0
2512,1.0,2,1,1
2513,0.2,3,0,0
2514,0.2,0,1,0
2515,0.2,1,1,0
2516,0.2,2,1,0
2517,0.2,1,0,0
2518,0.2,2,0,0
2519,0.2,1,1,1
2520,1.0,2,1,1
2521,1.0,3,1,0
2522,0.2,2,0,0
2523,0.2,0,1,1
2524,0.2,2,0,0
2525,0.2,3,0,0
2526,0.2,0,0,1
2527,0.2,2,0,0
2528,0.2,1,1,1
2529,1.0,1,0,0
2530,2.2,3,0,0
2531,1.0,1,1,1
2532,0.2,1,1,0
2533,1.0,2,1,1
2534,1.0,2,0,0
2535,1.0,1,0,0
2536,1.0,1,1,1
2537,0.2,0,0,0
2538,0.2,1,1,1
2539,1.0,1,0,0
2540,0.2,2,1,0
2541,0.2,1,0,0
2542,0.2,2,0,0
2543,0.2,2,0,0
2544,0.2,2,0,1
2545,1.0,2,0,0
2546,1.0,1,0,1
2547,0.2,2,1,1
2548,0.2,3,0,0
2549,0.2,2,1,1
2550,0.2,2,0,0
2551,0.2,3,1,1
2552,0.2,1,0,0
2553,3.0,1,0,1
2554,0.2,1,0,0
2555,0.2,2,1,1
2556,0.2,2,1,1
2557,0.2,0,0,0
2558,0.2,1,1,1
2559,0.2,2,1,1
2560,0.2,2,0,0
2561,1.0,3,0,0
2562,0.2,0,1,1
2563,1.0,3,0,0
2564,0.2,0,1,1
2565,0.2,1,1,0
2566,0.2,1,1,1
2567,0.2,1,0,1
2568,0.2,1,1,1
2569,0.2,2,0,0
2570,0.2,1,0,0
2571,0.2,3,1,0
2572,0.2,0,0,1
2573,0.2,2,0,0
2574,0.2,1,1,1
2575,1.0,1,0,0
2576,0.2,1,0,0
2577,2.2,3,1,1
2578,0.2,2,1,1
2579,0.2,1,0,1
2580,0.2,2,0,0
2581,0.2,2,0,0
2582,0.2,1,0,0
2583,0.2,2,0,0
2584,0.2,2,0,0
2585,0.2,2,1,1
2586,1.0,1,0,0
2587,0.2,2,0,0
2588,1.0,0,1,1
2589,0.2,3,1,0
2590,0.2,2,1,1
2591,1.0,0,1,1
2592,0.2,0,1,1
2593,0.2,1,0,0
2594,1.0,2,0,0
2595,2.2,0,1,1
2596,0.2,2,0,0
2597,0.2,0,1,1
2598,0.2,2,1,0
2599,0.2,1,1,1
2600,0.2,1,0,0
2601,0.2,1,0,0
2602,0.2,1,0,0
2603,0.2,2,0,0
2604,0.2,2,0,1
2605,0.2,3,0,0
2606,0.2,0,1,1
2607,1.0,3,1,1
2608,1.0,0,0,1
2609,1.0,1,1,1
2610,0.2,2,0,0
2611,0.2,1,0,1
2612,1.0,1,1,1
2613,1.0,3,0,0
2614,1.0,3,0,0
2615,0.2,2,0,0
2616,1.0,2,1,1
2617,0.2,1,0,0
2618,1.0,1,1,1
2619,0.2,1,1,1
2620,0.2,1,0,0
2621,0.2,2,1,1
2622,1.0,1,0,1
2623,0.2,1,1,1
2624,0.2,1,1,1
2625,1.0,2,0,1
2626,1.0,0,0,1
2627,0.2,2,0,1
2628,0.2,2,1,1
2629,0.2,1,1,0
2630,0.2,2,0,0
2631,0.2,2,0,0
2632,1.0,1,1,1
2633,1.0,1,1,1
2634,0.2,2,1,0
2635,0.2,1,1,1
2636,0.2,2,1,1
2637,0.2,1,0,0
2638,0.2,1,0,1
2639,0.2,2,1,1
2640,0.2,0,1,1
2641,1.0,2,1,1
2642,0.2,3,1,1
2643,0.2,2,0,0
2644,2.2,1,1,1
2645,0.2,0,0,0
2646,1.0,2,1,0
2647,0.2,1,0,0
2648,0.2,1,1,1
2649,0.2,3,0,0
2650,0.2,2,0,1
2651,0.2,3,0,0
2652,0.2,1,1,1
2653,0.2,3,0,0
2654,0.2,1,0,1
2655,0.2,1,1,1
2656,0.2,1,0,0
2657,0.2,1,1,1
2658,0.2,2,1,1
2659,0.2,1,1,1
2660,0.2,2,1,1
2661,0.2,1,0,0
2662,0.2,1,1,1
2663,0.2,2,0,1
2664,0.2,1,1,1
2665,0.2,2,0,0
2666,0.2,2,0,0
2667,0.2,3,0,0
2668,0.2,2,0,0
2669,0.2,1,1,0
2670,0.2,2,0,0
2671,0.2,2,0,0
2672,0.2,0,1,1
2673,0.2,2,1,0
2674,0.2,3,1,0
2675,0.2,2,1,1
2676,0.2,3,1,1
2677,0.2,2,0,0
2678,0.2,1,1,1
2679,0.2,2,0,0
2680,0.2,3,0,0
2681,0.2,1,1,1
2682,1.0,2,0,0
2683,0.2,0,1,1
2684,1.0,1,1,1
2685,1.0,2,0,1
2686,0.2,2,0,0
2687,0.2,2,0,0
2688,0.2,0,0,0
2689,0.2,0,0,0
2690,1.0,1,1,1
2691,0.2,3,0,0
2692,1.0,2,1,0
2693,0.2,2,1,1
2694,0.2,1,1,1
2695,0.2,0,1,1
2696,0.2,2,0,0
2697,1.0,0,0,1
2698,0.2,2,0,0
2699,0.2,0,1,1
2700,0.2,2,1,0
2701,0.2,1,1,0
2702,1.0,1,1,1
2703,0.2,3,0,0
2704,0.2,3,1,0
2705,0.2,2,1,1
2706,2.2,3,1,1
2707,0.2,0,1,1
2708,0.2,2,0,0
2709,1.0,2,1,1
2710,0.2,1,1,1
2711,0.2,1,0,1
2712,1.0,0,0,1
2713,0.2,3,0,0
2714,1.0,2,1,1
2715,0.2,2,0,0
2716,1.0,1,0,1
2717,2.2,0,0,1
2718,0.2,0,1,1
2719,0.2,0,0,1
2720,3.0,1,0,1
2721,0.2,1,1,0
2722,0.2,2,0,0
2723,0.2,1,0,1
2724,0.2,2,0,0
2725,0.2,1,1,1
2726,1.0,1,0,1
2727,3.0,2,0,1
2728,0.2,3,1,1
2729,0.2,1,0,0
2730,0.2,2,0,0
2731,1.0,0,0,0
2732,0.2,2,0,0
2733,0.2,2,0,0
2734,0.2,2,1,0
2735,0.2,2,1,0
2736,0.2,1,1,0
2737,0.2,1,0,0
2738,1.0,1,1,1
2739,1.0,2,0,1
2740,0.2,1,1,1
2741,0.2,1,0,1
2742,1.0,2,0,1
2743,0.2,1,1,1
2744,0.2,2,0,0
2745,0.2,0,0,0
2746,0.2,3,1,0
2747,0.2,1,1,1
2748,0.2,1,0,0
2749,0.2,2,1,1
2750,0.2,2,0,0
2751,0.2,3,0,0
2752,1.0,2,1,0
2753,0.2,1,0,0
2754,0.2,1,1,1
2755,0.2,2,1,1
2756,1.0,1,0,0
2757,0.2,0,1,1
2758,0.2,1,1,1
2759,1.0,2,0,0
2760,0.2,2,0,0
2761,0.2,3,0,0
2762,0.2,2,1,0
2763,0.2,0,0,0
2764,1.0,1,0,1
2765,0.2,1,1,0
2766,0.2,2,1,1
2767,2.2,1,0,1
2768,0.2,1,0,0
2769,0.2,2,0,0
2770,0.2,1,0,0
2771,1.0,2,0,0
2772,0.2,1,0,0
2773,0.2,0,0,0
2774,0.2,1,1,1
2775,0.2,2,0,0
2776,1.0,3,1,1
2777,0.2,0,0,0
2778,0.2,1,1,0
2779,1.0,2,1,1
2780,0.2,3,1,0
2781,0.2,3,0,0
2782,2.2,2,1,1
2783,1.0,2,1,1
2784,0.2,1,0,0
2785,0.2,1,1,0
2786,0.2,2,1,1
2787,0.2,0,1,1
2788,1.0,2,1,0
2789,0.2,1,1,1
2790,2.2,1,0,1
2791,0.2,1,1,1
2792,1.0,2,1,1
2793,0.2,1,1,1
2794,1.0,1,0,0
2795,0.2,2,0,0
2796,0.2,1,0,0
2797,0.2,2,1,0
2798,0.2,1,0,0
2799,0.2,2,0,0
2800,0.2,3,0,0
2801,1.0,2,1,1
2802,0.2,2,0,0
2803,0.2,0,0,0
2804,0.2,2,1,1
2805,0.2,2,0,0
2806,0.2,2,0,0
2807,0.2,1,1,1
2808,0.2,2,1,0
2809,0.2,1,0,0
2810,1.0,2,0,0
2811,1.0,2,0,0
2812,0.2,2,0,0
2813,0.2,1,1,1
2814,2.2,0,1,1
2815,0.2,1,1,0
2816,0.2,1,0,0
2817,0.2,0,1,1
2818,1.0,2,0,0
2819,0.2,2,1,1
2820,0.2,3,1,0
2821,0.2,0,1,1
2822,0.2,3,0,0
2823,1.0,1,1,1
2824,0.2,1,1,1
2825,0.2,2,0,0
2826,0.2,1,1,0
2827,0.2,3,1,0
2828,0.2,2,0,0
2829,0.2,1,0,0
2830,0.2,1,1,1
2831,0.2,2,0,0
2832,1.0,2,0,0
2833,0.2,1,0,0
2834,0.2,1,0,0
2835,0.2,2,0,0
2836,0.2,1,1,1
2837,0.2,0,0,0
2838,0.2,2,1,1
2839,0.2,3,1,1
2840,0.2,1,0,0
2841,0.2,2,0,0
2842,0.2,2,0,0
2843,0.2,2,1,1
2844,0.2,0,1,0
2845,0.2,1,0,0
2846,1.0,1,0,1
2847,1.0,1,0,0
2848,1.0,3,1,1
2849,0.2,2,0,0
2850,2.2,1,1,1
2851,0.2,1,0,0
2852,0.2,1,1,1
2853,0.2,1,0,0
2854,0.2,2,1,1
2855,0.2,1,1,0
2856,0.2,2,1,0
2857,2.2,1,0,1
2858,1.0,1,0,1
2859,0.2,3,0,0
2860,0.2,2,0,0
2861,0.2,3,0,0
2862,0.2,2,0,0
2863,1.0,1,1,1
2864,0.2,1,0,0
2865,0.2,2,0,0
2866,0.2,3,0,0
2867,1.0,3,0,0
2868,0.2,1,0,1
2869,1.0,3,1,1
2870,0.2,1,1,1
2871,1.0,2,1,1
2872,0.2,0,1,1
2873,0.2,0,0,0
2874,1.0,3,1,1
2875,0.2,0,1,1
2876,0.2,3,0,0
2877,0.2,2,0,0
2878,0.2,3,1,1
2879,0.2,2,0,0
2880,0.2,3,1,1
2881,0.2,0,0,0
2882,0.2,1,0,0
2883,1.0,2,1,1
2884,1.0,1,1,1
2885,0.2,2,1,1
2886,0.2,2,1,1
2887,0.2,1,0,0
2888,0.2,1,0,0
2889,0.2,1,0,1
2890,0.2,2,1,0
2891,0.2,2,0,0
2892,0.2,1,1,1
2893,0.2,1,0,0
2894,1.0,3,0,0
2895,0.2,0,0,1
2896,0.2,2,1,1
2897,0.2,3,0,0
2898,0.2,2,1,1
2899,0.2,1,1,1
2900,0.2,1,1,1
2901,1.0,1,1,1
2902,0.2,3,1,1
2903,0.2,1,1,1
2904,0.2,3,0,0
2905,0.2,0,0,0
2906,0.2,1,0,0
2907,0.2,1,1,0
2908,0.2,2,0,0
2909,1.0,1,0,0
2910,1.0,2,0,1
2911,0.2,3,0,0
2912,1.0,2,1,1
2913,0.2,2,0,0
2914,1.0,1,0,1
2915,0.2,2,0,1
2916,1.0,2,0,1
2917,1.0,2,1,1
2918,0.2,2,0,0
2919,0.2,2,0,0
2920,0.2,1,0,0
2921,1.0,2,1,1
2922,0.2,0,1,1
2923,0.2,1,1,0
2924,1.0,3,1,1
2925,0.2,1,1,1
2926,0.2,2,0,0
2927,0.2,1,0,0
2928,0.2,3,1,0
2929,0.2,3,0,0
2930,0.2,1,0,1
2931,0.2,2,1,1
2932,0.2,1,0,0
2933,1.0,3,0,0
2934,0.2,3,0,0
2935,0.2,0,0,0
2936,0.2,1,0,0
2937,1.0,2,0,1
2938,0.2,3,0,0
2939,1.0,0,1,1
2940,2.2,2,0,1
2941,0.2,1,1,1
2942,0.2,3,0,0
2943,0.2,0,1,1
2944,0.2,2,1,1
2945,0.2,3,0,0
2946,0.2,2,1,1
2947,0.2,1,1,1
2948,0.2,0,1,1
2949,3.0,1,1,1
2950,0.2,2,1,1
2951,1.0,3,0,1
2952,0.2,3,1,0
2953,0.2,0,1,0
2954,0.2,1,1,1
2955,0.2,1,1,1
2956,0.2,2,1,1
2957,0.2,3,0,0
2958,0.2,3,1,0
2959,0.2,2,1,1
2960,0.2,2,0,0
2961,0.2,2,0,0
2962,0.2,2,1,1
2963,1.0,2,1,1
2964,0.2,0,0,0
2965,0.2,2,0,0
2966,1.0,2,0,1
2967,1.0,1,0,1
2968,0.2,2,1,0
2969,0.2,2,0,0
2970,2.2,3,1,1
2971,1.0,3,0,0
2972,0.2,2,0,0
2973,0.2,1,1,1
2974,1.0,2,1,1
2975,0.2,3,0,0
2976,2.2,2,1,1
2977,0.2,3,0,0
2978,0.2,2,0,0
2979,0.2,3,1,0
2980,0.2,3,1,1
2981,0.2,3,1,1
2982,0.2,3,0,0
2983,0.2,2,1,0
2984,0.2,3,1,0
2985,1.0,1,0,0
2986,1.0,1,1,1
2987,0.2,3,1,0
2988,0.2,1,1,1
2989,0.2,1,1,1
2990,0.2,2,0,0
2991,0.2,1,1,1
2992,0.2,2,0,0
2993,0.2,2,1,0
2994,0.2,3,0,0
2995,0.2,0,0,0
2996,0.2,2,1,1
2997,0.2,2,0,0
2998,0.2,0,1,1
2999,1.0,2,1,1
3000,0.2,1,0,0
3001,0.2,2,1,1
3002,0.2,2,0,1
3003,0.2,3,1,1
3004,0.2,1,1,1
3005,0.2,1,1,1
3006,0.2,3,1,1
3007,0.2,0,0,0
3008,0.2,1,1,1
3009,0.2,2,1,1
3010,2.2,1,1,1
3011,1.0,3,0,0
3012,1.0,1,0,0
3013,2.2,2,0,1
3014,0.2,0,0,0
3015,0.2,1,1,1
3016,0.2,2,1,0
3017,0.2,2,1,1
3018,0.2,3,0,0
3019,0.2,0,1,1
3020,0.2,2,0,0
3021,0.2,1,1,1
3022,0.2,2,0,0
3023,0.2,2,1,1
3024,0.2,2,0,0
3025,1.0,1,0,1
3026,0.2,3,1,0
3027,1.0,2,0,1
3028,1.0,1,1,1
3029,1.0,1,0,0
3030,0.2,2,1,0
3031,0.2,3,1,1
3032,0.2,2,0,1
3033,0.2,3,0,0
3034,0.2,2,1,1
3035,0.2,1,0,0
3036,0.2,2,0,0
3037,0.2,0,0,0
3038,0.2,3,0,0
3039,0.2,1,0,0
3040,0.2,2,1,1
3041,0.2,2,1,0
3042,0.2,2,0,0
3043,0.2,2,1,1
3044,1.0,0,1,1
3045,0.2,1,1,0
3046,0.2,1,1,0
3047,0.2,1,0,0
3048,1.0,0,1,1
3049,0.2,1,1,1
3050,0.2,2,1,1
3051,0.2,1,0,1
3052,1.0,2,0,1
3053,0.2,0,1,1
3054,0.2,1,1,0
3055,2.2,1,1,1
3056,0.2,2,0,0
3057,1.0,1,0,1
3058,1.0,2,1,1
3059,0.2,2,0,0
3060,0.2,1,1,1
3061,0.2,2,0,0
3062,1.0,1,1,1
3063,0.2,0,1,1
3064,0.2,1,1,1
3065,0.2,2,0,0
3066,0.2,1,0,0
3067,0.2,1,0,0
3068,1.0,1,1,1
3069,0.2,0,1,1
3070,0.2,2,1,1
3071,0.2,2,0,0
3072,0.2,1,1,0
3073,0.2,2,1,0
3074,0.2,1,0,1
3075,0.2,3,1,1
3076,0.2,3,0,0
3077,0.2,0,0,0
3078,1.0,3,1,1
3079,1.0,1,1,1
3080,0.2,0,1,0
3081,0.2,1,1,1
3082,2.2,2,1,1
3083,0.2,1,0,0
3084,0.2,2,1,0
3085,0.2,1,0,0
3086,1.0,1,0,1
3087,0.2,2,0,0
3088,1.0,1,0,0
3089,0.2,0,1,1
3090,0.2,1,0,0
3091,0.2,0,1,1
3092,1.0,2,1,1
3093,0.2,2,1,1
3094,1.0,1,0,0
3095,0.2,1,0,0
3096,0.2,1,1,1
3097,0.2,2,1,0
3098,0.2,3,0,0
3099,0.2,3,1,0
3100,0.2,2,1,1
3101,0.2,1,0,0
3102,0.2,1,0,0
3103,1.0,2,0,0
3104,1.0,1,0,1
3105,0.2,3,0,0
3106,1.0,2,0,1
3107,0.2,3,0,0
3108,0.2,2,0,0
3109,0.2,0,0,1
3110,0.2,3,0,0
3111,0.2,1,1,1
3112,0.2,2,1,0
3113,1.0,3,0,0
3114,0.2,3,1,1
3115,0.2,2,0,0
3116,0.2,1,0,0
3117,0.2,2,1,0
3118,0.2,2,1,1
3119,0.2,2,0,0
3120,1.0,3,0,0
3121,0.2,2,0,0
3122,1.0,1,0,1
3123,0.2,2,0,0
3124,0.2,2,1,0
3125,0.2,0,1,1
3126,0.2,2,1,1
3127,0.2,2,0,0
3128,0.2,2,1,1
3129,0.2,1,0,0
3130,2.2,2,0,1
3131,1.0,0,1,1
3132,0.2,2,1,1
3133,0.2,2,1,1
3134,0.2,1,0,0
3135,0.2,2,0,0
3136,1.0,1,1,1
3137,0.2,1,1,0
3138,0.2,3,0,0
3139,0.2,0,1,0
3140,1.0,1,1,1
3141,0.2,2,0,0
3142,0.2,2,1,1
3143,0.2,2,0,0
3144,0.2,2,0,0
3145,1.0,0,0,1
3146,0.2,1,0,0
3147,0.2,0,1,0
3148,0.2,1,1,0
3149,0.2,1,1,1
3150,2.2,2,1,1
3151,0.2,2,0,0
3152,1.0,2,0,1
3153,0.2,0,0,1
3154,0.2,3,0,0
3155,0.2,2,1,0
3156,0.2,1,0,1
3157,0.2,1,1,0
3158,0.2,0,1,1
3159,0.2,1,0,1
3160,0.2,3,0,0
3161,1.0,1,1,1
3162,1.0,1,0,1
3163,1.0,2,0,0
3164,0.2,1,1,0
3165,0.2,2,1,0
3166,0.2,1,1,0
3167,0.2,3,1,1
3168,1.0,1,1,1
3169,0.2,2,1,0
3170,0.2,1,1,0
3171,0.2,1,1,1
3172,0.2,2,1,1
3173,0.2,2,1,1
3174,0.2,2,1,1
3175,1.0,0,1,1
3176,0.2,0,0,0
3177,0.2,1,1,1
3178,0.2,1,0,0
3179,0.2,1,0,0
3180,0.2,2,1,1
3181,0.2,3,0,0
3182,0.2,1,0,0
3183,0.2,3,0,0
3184,0.2,1,0,0
3185,1.0,0,1,1
3186,0.2,3,0,1
3187,0.2,2,0,0
3188,0.2,0,0,0
3189,0.2,1,1,1
3190,0.2,1,1,1
3191,0.2,1,0,1
3192,0.2,2,0,0
3193,0.2,1,0,0
3194,0.2,0,1,1
3195,0.2,0,1,1
3196,0.2,1,1,0
3197,0.2,2,1,1
3198,1.0,1,0,0
3199,0.2,2,0,0
3200,1.0,2,1,1
3201,0.2,3,1,0
3202,0.2,0,0,0
3203,1.0,1,0,1
3204,1.0,2,1,1
3205,0.2,1,1,1
3206,1.0,0,0,1
3207,1.0,0,0,0
3208,0.2,2,1,1
3209,0.2,2,0,0
3210,0.2,1,1,1
3211,0.2,2,0,0
3212,0.2,2,0,0
3213,0.2,2,0,1
3214,1.0,0,0,1
3215,1.0,2,0,0
3216,0.2,2,1,1
3217,0.2,1,0,0
3218,0.2,1,0,0
3219,1.0,3,0,1
3220,0.2,1,0,0
3221,0.2,2,0,1
3222,0.2,2,1,1
3223,0.2,3,0,0
3224,0.2,1,1,1
3225,0.2,1,1,1
3226,0.2,3,1,1
3227,0.2,2,0,0
3228,0.2,0,0,1
3229,0.2,0,1,1
3230,1.0,2,1,1
3231,1.0,2,1,1
3232,1.0,3,0,0
3233,0.2,1,1,0
3234,0.2,3,0,0
3235,0.2,2,1,1
3236,0.2,1,1,1
3237,0.2,1,0,0
3238,0.2,1,0,0
3239,0.2,3,1,0
3240,0.2,1,0,0
3241,0.2,2,0,0
3242,1.0,3,0,0
3243,1.0,1,1,1
3244,0.2,1,0,0
3245,0.2,1,1,1
3246,0.2,1,0,0
3247,0.2,1,0,1
3248,1.0,0,1,1
3249,0.2,2,1,0
3250,0.2,1,1,1
3251,0.2,1,1,0
3252,1.0,1,1,1
3253,0.2,2,1,1
3254,0.2,2,1,1
3255,1.0,2,0,0
3256,0.2,2,1,0
3257,0.2,1,1,1
3258,0.2,2,0,0
3259,0.2,1,0,0
3260,1.0,1,1,1
3261,0.2,0,0,0
3262,0.2,0,1,1
3263,0.2,2,1,1
3264,0.2,0,1,0
3265,1.0,1,0,1
3266,0.2,3,0,0
3267,0.2,0,0,0
3268,0.2,2,0,0
3269,0.2,2,1,0
3270,0.2,1,0,0
3271,0.2,1,1,1
3272,0.2,3,1,0
3273,0.2,2,0,0
3274,1.0,1,0,1
3275,1.0,1,0,1
3276,0.2,1,0,0
3277,1.0,2,1,1
3278,0.2,0,1,1
3279,1.0,1,0,0
3280,0.2,1,1,1
3281,0.2,1,0,0
3282,0.2,1,1,0
3283,1.0,1,0,1
3284,0.2,1,1,1
3285,0.2,2,0,0
3286,0.2,3,0,0
3287,0.2,1,1,1
3288,0.2,1,0,0
3289,1.0,1,1,1
3290,0.2,2,0,1
3291,0.2,0,0,0
3292,1.0,1,1,1
3293,0.2,1,0,0
3294,0.2,1,1,0
3295,0.2,1,1,1
3296,1.0,1,0,1
3297,1.0,2,1,1
3298,0.2,2,0,0
3299,0.2,1,0,0
3300,0.2,2,1,1
3301,0.2,2,0,0
3302,0.2,2,0,0
3303,0.2,2,0,0
3304,1.0,3,0,0
3305,0.2,0,0,1
3306,0.2,2,1,1
3307,0.2,2,1,1
3308,1.0,0,0,1
3309,0.2,1,1,0
3310,0.2,2,0,0
3311,1.0,2,1,0
3312,0.2,2,0,0
3313,0.2,0,0,0
3314,0.2,1,0,0
3315,2.2,1,0,1
3316,0.2,2,0,0
3317,0.2,1,1,0
3318,1.0,2,0,1
3319,0.2,1,0,0
3320,1.0,2,1,1
3321,1.0,2,0,0
3322,0.2,1,0,0
3323,0.2,3,0,0
3324,0.2,2,0,0
3325,0.2,0,0,1
3326,0.2,2,0,0
3327,1.0,2,1,1
3328,0.2,1,1,0
3329,1.0,1,1,1
3330,0.2,1,1,0
3331,0.2,2,0,1
3332,0.2,2,1,0
3333,0.2,1,1,1
3334,0.2,2,0,0
3335,1.0,3,0,0
3336,0.2,1,0,1
3337,0.2,0,1,1
3338,0.2,0,1,1
3339,0.2,1,0,0
3340,0.2,2,0,1
3341,1.0,1,1,0
3342,1.0,2,0,1
3343,0.2,2,0,0
3344,0.2,2,1,1
3345,1.0,0,1,1
3346,2.2,3,1,1
3347,0.2,1,0,1
3348,0.2,2,0,0
3349,1.0,3,0,0
3350,0.2,2,1,1
3351,0.2,2,0,0
3352,0.2,2,0,0
3353,0.2,2,0,0
3354,0.2,3,1,0
3355,0.2,2,0,0
3356,0.2,3,1,1
3357,1.0,1,1,1
3358,0.2,2,1,1
3359,0.2,1,1,0
3360,0.2,1,0,0
3361,0.2,1,1,0
3362,0.2,1,0,0
3363,0.2,0,1,1
3364,0.2,3,0,0
3365,0.2,1,0,1
3366,0.2,3,0,0
3367,0.2,1,1,1
3368,0.2,2,0,0
3369,0.2,2,0,0
3370,1.0,3,1,1
3371,0.2,1,1,1
3372,0.2,2,0,0
3373,2.2,2,0,1
3374,0.2,0,1,0
3375,0.2,1,1,1
3376,0.2,3,0,0
3377,1.0,2,0,0
3378,0.2,0,1,1
3379,1.0,1,0,1
3380,0.2,3,0,0
3381,0.2,3,0,0
3382,1.0,3,0,0
3383,0.2,1,0,0
3384,0.2,1,1,0
3385,0.2,2,0,0
3386,0.2,1,1,0
3387,0.2,1,0,0
3388,0.2,2,0,0
3389,0.2,1,0,0
3390,0.2,1,0,1
3391,0.2,2,1,0
3392,1.0,2,0,0
3393,0.2,1,1,1
3394,0.2,1,1,1
3395,1.0,3,1,0
3396,0.2,2,1,0
3397,1.0,1,0,1
3398,0.2,3,1,0
3399,1.0,1,1,1
3400,0.2,0,1,1
3401,1.0,2,0,0
3402,1.0,1,0,1
3403,0.2,0,1,1
3404,0.2,1,0,0
3405,1.0,1,0,1
3406,0.2,1,1,1
3407,0.2,1,1,1
3408,1.0,2,1,1
3409,0.2,2,1,1
3410,0.2,2,0,0
3411,1.0,2,1,1
3412,1.0,0,1,1
3413,0.2,1,0,0
3414,0.2,2,0,0
3415,0.2,2,1,0
3416,0.2,1,0,0
3417,1.0,1,1,1
3418,1.0,2,1,1
3419,1.0,3,1,1
3420,0.2,1,0,0
3421,0.2,1,0,0
3422,0.2,1,1,1
3423,0.2,2,0,0
3424,0.2,2,0,0
3425,0.2,1,0,0
3426,1.0,3,0,0
3427,0.2,1,1,1
3428,0.2,1,1,1
3429,0.2,1,1,0
3430,2.2,2,1,1
3431,0.2,2,1,1
3432,0.2,0,0,0
3433,0.2,3,1,0
3434,0.2,2,0,0
3435,0.2,2,1,0
3436,0.2,1,0,0
3437,0.2,3,0,0
3438,0.2,1,1,1
3439,0.2,1,1,0
3440,0.2,2,0,0
3441,0.2,0,0,0
3442,0.2,1,0,0
3443,0.2,0,0,0
3444,1.0,2,0,0
3445,0.2,1,1,1
3446,1.0,2,0,1
3447,0.2,2,0,0
3448,0.2,3,1,0
3449,0.2,1,1,1
3450,0.2,1,0,0
3451,0.2,3,1,0
3452,1.0,1,0,0
3453,2.2,1,0,1
3454,1.0,1,1,1
3455,0.2,1,0,0
3456,0.2,1,0,0
3457,0.2,2,0,0
3458,1.0,2,0,1
3459,1.0,1,0,1
3460,0.2,2,1,1
3461,0.2,2,1,1
3462,0.2,3,1,0
3463,1.0,2,1,1
3464,0.2,2,0,0
3465,0.2,1,1,1
3466,1.0,2,0,1
3467,0.2,2,0,0
3468,0.2,1,1,1
3469,0.2,2,0,0
3470,0.2,0,1,1
3471,0.2,1,1,1
3472,0.2,0,1,1
3473,0.2,1,1,1
3474,0.2,2,1,1
3475,0.2,2,0,0
3476,0.2,2,1,0
3477,0.2,2,0,0
3478,0.2,2,0,0
3479,0.2,1,1,0
3480,1.0,2,0,0
3481,1.0,1,0,1
3482,0.2,2,0,0
3483,1.0,2,1,1
3484,0.2,0,1,1
3485,0.2,1,0,0
3486,0.2,2,0,0
3487,0.2,1,0,0
3488,0.2,1,0,0
3489,0.2,1,1,1
3490,0.2,1,0,0
3491,0.2,1,0,0
3492,0.2,2,1,1
3493,0.2,1,0,0
3494,0.2,2,0,0
3495,0.2,2,1,1
3496,0.2,1,0,1
3497,0.2,2,0,0
3498,0.2,1,0,0
3499,0.2,1,0,0
3500,0.2,0,1,1
3501,0.2,1,0,0
3502,0.2,2,1,1
3503,0.2,1,1,0
3504,0.2,3,0,0
3505,1.0,1,1,1
3506,0.2,1,0,0
3507,1.0,1,0,1
3508,0.2,0,0,0
3509,0.2,1,0,0
3510,0.2,2,0,0
3511,0.2,1,0,0
3512,0.2,1,1,1
3513,0.2,0,1,1
3514,0.2,1,0,0
3515,0.2,2,1,0
3516,0.2,1,1,1
3517,0.2,3,0,0
3518,1.0,2,0,1
3519,1.0,1,0,1
3520,0.2,2,0,0
3521,2.2,2,0,1
3522,0.2,1,1,1
3523,0.2,0,1,1
3524,0.2,1,1,1
3525,0.2,1,0,0
3526,0.2,0,1,1
3527,0.2,1,0,0
3528,0.2,2,0,0
3529,0.2,2,0,0
3530,0.2,1,1,0
3531,1.0,1,0,1
3532,0.2,2,0,0
3533,0.2,1,1,0
3534,0.2,3,1,0
3535,1.0,0,1,1
3536,0.2,1,1,1
3537,0.2,1,0,0
3538,0.2,2,1,0
3539,0.2,2,0,0
3540,0.2,0,1,1
3541,0.2,1,1,1
3542,1.0,0,1,1
3543,0.2,1,0,0
3544,0.2,1,0,0
3545,0.2,2,0,0
3546,0.2,1,1,1
3547,1.0,2,0,1
3548,0.2,1,0,0
3549,1.0,3,1,0
3550,0.2,2,0,0
3551,0.2,2,1,1
3552,1.0,2,0,0
3553,0.2,2,0,0
3554,0.2,3,0,0
3555,1.0,2,0,1
3556,0.2,1,1,0
3557,0.2,1,0,0
3558,0.2,2,0,1
3559,0.2,2,0,0
3560,0.2,2,0,0
3561,0.2,1,1,1
3562,0.2,1,0,0
3563,0.2,1,1,1
3564,0.2,1,1,0
3565,0.2,0,1,1
3566,1.0,3,0,0
3567,0.2,0,1,1
3568,1.0,2,1,1
3569,0.2,1,0,0
3570,0.2,3,0,0
3571,0.2,2,1,0
3572,0.2,2,0,0
3573,0.2,1,1,1
3574,0.2,3,1,0
3575,0.2,2,1,0
3576,0.2,1,0,0
3577,0.2,1,0,0
3578,0.2,1,1,1
3579,0.2,0,0,0
3580,1.0,1,0,0
3581,1.0,2,1,1
3582,0.2,2,1,0
3583,1.0,2,1,1
3584,1.0,0,1,1
3585,0.2,2,0,0
3586,0.2,1,0,0
3587,0.2,0,0,0
3588,0.2,1,1,1
3589,0.2,1,1,1
3590,0.2,2,1,1
3591,1.0,2,0,1
3592,0.2,3,0,0
3593,0.2,1,0,0
3594,0.2,2,0,0
3595,0.2,2,1,1
3596,1.0,2,0,1
3597,0.2,1,0,0
3598,0.2,3,0,0
3599,1.0,1,0,0
3600,0.2,1,0,0
3601,0.2,3,1,1
3602,0.2,1,0,0
3603,0.2,1,0,0
3604,2.2,2,1,1
3605,0.2,3,0,0
3606,0.2,1,0,0
3607,0.2,2,1,1
3608,1.0,3,1,1
3609,0.2,1,0,0
3610,0.2,3,0,0
3611,0.2,2,1,1
3612,0.2,0,1,1
3613,1.0,1,0,1
3614,0.2,0,1,1
3615,2.2,3,0,1
3616,0.2,3,0,0
3617,2.2,2,0,1
3618,0.2,1,1,1
3619,0.2,3,1,1
3620,0.2,2,1,1
3621,0.2,1,0,0
3622,0.2,2,0,0
3623,0.2,1,1,1
3624,0.2,0,0,0
3625,0.2,3,0,0
3626,0.2,1,0,0
3627,0.2,1,1,0
3628,2.2,2,1,1
3629,0.2,3,1,1
3630,0.2,2,1,1
3631,0.2,1,0,0
3632,0.2,2,0,0
3633,0.2,0,1,1
3634,1.0,2,1,1
3635,0.2,1,1,1
3636,0.2,0,0,1
3637,1.0,1,0,1
3638,0.2,1,1,0
3639,0.2,2,0,0
3640,0.2,2,0,0
3641,0.2,2,0,0
3642,0.2,1,1,1
3643,0.2,2,1,1
3644,0.2,2,0,0
3645,0.2,3,0,0
3646,0.2,2,0,0
3647,0.2,2,1,1
3648,0.2,2,1,0
3649,0.2,1,1,1
3650,0.2,2,0,1
3651,0.2,1,1,1
3652,1.0,2,0,1
3653,0.2,1,1,1
3654,1.0,2,0,0
3655,0.2,1,0,0
3656,0.2,2,0,0
3657,0.2,0,1,0
3658,1.0,1,1,1
3659,0.2,1,1,0
3660,0.2,0,1,1
3661,0.2,2,0,0
3662,0.2,1,0,0
3663,1.0,1,1,1
3664,0.2,1,0,0
3665,0.2,3,1,1
3666,0.2,1,0,0
3667,0.2,1,0,0
3668,0.2,2,0,0
3669,0.2,2,1,0
3670,0.2,2,0,0
3671,0.2,2,1,1
3672,0.2,3,0,1
3673,0.2,1,1,1
3674,0.2,1,0,0
3675,0.2,3,1,0
3676,0.2,1,1,1
3677,0.2,3,1,1
3678,0.2,3,0,0
3679,0.2,0,1,1
3680,0.2,2,0,0
3681,1.0,3,0,0
3682,1.0,1,1,1
3683,0.2,1,1,1
3684,1.0,1,1,1
3685,0.2,1,1,0
3686,0.2,1,1,1
3687,0.2,2,1,0
3688,0.2,2,1,1
3689,0.2,3,0,0
3690,0.2,2,1,1
3691,0.2,1,0,0
3692,1.0,1,0,0
3693,0.2,2,0,0
3694,0.2,1,0,0
3695,0.2,0,1,1
3696,0.2,1,1,1
3697,0.2,0,0,1
3698,0.2,2,1,1
3699,0.2,2,1,1
3700,0.2,1,0,0
3701,2.2,2,0,1
3702,0.2,2,0,0
3703,0.2,0,0,1
3704,0.2,3,1,1
3705,0.2,3,0,0
3706,0.2,2,0,0
3707,0.2,2,1,1
3708,0.2,1,0,0
3709,1.0,1,0,1
3710,0.2,1,0,0
3711,0.2,2,1,0
3712,0.2,2,0,0
3713,0.2,1,0,0
3714,0.2,2,0,0
3715,0.2,2,1,0
3716,0.2,2,0,1
3717,0.2,2,0,0
3718,0.2,2,0,0
3719,0.2,2,0,0
3720,0.2,2,1,0
3721,1.0,1,1,1
3722,1.0,3,0,1
3723,0.2,1,0,0
3724,0.2,0,0,1
3725,0.2,2,0,0
3726,0.2,1,0,0
3727,1.0,2,0,0
3728,0.2,1,1,1
3729,0.2,1,0,1
3730,0.2,1,1,1
3731,0.2,2,0,0
3732,2.2,1,1,1
3733,0.2,2,0,0
3734,0.2,1,0,0
3735,0.2,1,0,0
3736,0.2,2,1,1
3737,0.2,3,1,1
3738,0.2,1,0,0
3739,1.0,2,1,1
3740,0.2,0,0,0
3741,0.2,2,1,0
3742,0.2,1,1,1
3743,0.2,2,0,0
3744,1.0,2,1,1
3745,0.2,0,0,1
3746,1.0,2,0,0
3747,0.2,2,1,0
3748,0.2,1,0,0
3749,0.2,2,1,1
3750,1.0,1,1,1
3751,1.0,2,0,0
3752,0.2,1,1,1
3753,0.2,0,0,0
3754,0.2,0,0,0
3755,0.2,2,1,0
3756,0.2,1,0,0
3757,1.0,1,1,1
3758,0.2,2,1,1
3759,0.2,2,0,0
3760,0.2,1,0,0
3761,0.2,1,1,1
3762,0.2,1,0,0
3763,2.2,1,0,1
3764,1.0,2,0,0
3765,1.0,2,0,0
3766,0.2,1,0,0
3767,0.2,3,0,0
3768,0.2,3,0,0
3769,0.2,1,1,1
3770,1.0,2,1,1
3771,0.2,0,1,1
3772,0.2,2,1,0
3773,0.2,3,0,0
3774,0.2,2,0,0
3775,0.2,1,0,0
3776,0.2,2,1,1
3777,0.2,1,0,0
3778,2.2,3,1,1
3779,1.0,1,1,1
3780,0.2,0,1,1
3781,0.2,2,0,0
3782,1.0,3,1,1
3783,0.2,2,0,0
3784,0.2,2,1,1
3785,0.2,3,1,0
3786,0.2,1,0,0
3787,0.2,2,0,0
3788,0.2,1,0,0
3789,0.2,2,1,1
3790,2.2,3,0,1
3791,0.2,1,0,0
3792,0.2,1,0,0
3793,0.2,2,0,0
3794,0.2,1,0,0
3795,0.2,2,1,1
3796,0.2,2,1,1
3797,0.2,1,0,0
3798,0.2,2,1,1
3799,0.2,2,1,1
3800,0.2,3,0,0
3801,0.2,2,0,1
3802,0.2,2,1,1
3803,0.2,3,1,1
3804,0.2,0,0,0
3805,1.0,1,1,1
3806,0.2,2,1,1
3807,0.2,2,1,1
3808,0.2,0,0,0
3809,0.2,2,0,0
3810,1.0,2,0,1
3811,0.2,0,0,0
3812,0.2,1,0,0
3813,0.2,2,1,1
3814,1.0,1,0,1
3815,0.2,1,0,0
3816,2.2,1,1,1
3817,0.2,2,0,0
3818,0.2,1,0,0
3819,0.2,1,1,1
3820,0.2,0,1,1
3821,0.2,1,1,1
3822,0.2,1,1,1
3823,1.0,1,0,1
3824,0.2,1,0,0
3825,0.2,2,0,1
3826,0.2,0,1,0
3827,1.0,2,1,1
3828,0.2,2,0,0
3829,0.2,2,1,1
3830,0.2,3,1,0
3831,1.0,2,0,0
3832,0.2,2,1,0
3833,0.2,1,1,1
3834,0.2,3,0,0
3835,0.2,2,1,1
3836,0.2,0,1,1
3837,0.2,0,0,0
3838,0.2,2,0,0
3839,0.2,2,1,1
3840,1.0,1,0,0
3841,0.2,2,1,1
3842,0.2,1,1,1
3843,1.0,2,0,0
3844,0.2,0,0,0
3845,0.2,1,0,0
3846,0.2,1,0,0
3847,0.2,2,0,1
3848,0.2,1,1,1
3849,0.2,0,0,0
3850,0.2,1,0,0
3851,0.2,2,1,1
3852,0.2,1,1,0
3853,0.2,0,0,1
3854,1.0,1,1,1
3855,0.2,2,0,0
3856,1.0,0,1,1
3857,0.2,1,1,1
3858,0.2,2,1,0
3859,0.2,0,1,1
3860,1.0,2,0,1
3861,0.2,2,1,0
3862,0.2,2,0,0
3863,0.2,3,1,1
3864,1.0,0,0,0
3865,2.2,3,0,1
3866,0.2,1,1,0
3867,0.2,1,0,0
3868,0.2,3,1,0
3869,0.2,1,0,1
3870,0.2,3,0,0
3871,0.2,2,1,0
3872,0.2,0,1,1
3873,1.0,3,0,1
3874,0.2,3,1,1
3875,0.2,1,0,1
3876,0.2,1,1,1
3877,2.2,1,1,1
3878,0.2,1,0,0
3879,1.0,1,1,1
3880,0.2,3,1,1
3881,2.2,2,1,1
3882,0.2,1,1,1
3883,0.2,1,1,1
3884,1.0,1,1,1
3885,0.2,1,0,0
3886,0.2,2,1,0
3887,0.2,3,1,0
3888,0.2,2,1,1
3889,2.2,3,0,1
3890,0.2,1,0,0
3891,0.2,1,0,0
3892,0.2,1,0,0
3893,0.2,1,0,0
3894,1.0,3,1,1
3895,0.2,2,1,1
3896,0.2,2,1,0
3897,0.2,0,0,0
3898,0.2,2,0,0
3899,1.0,1,0,1
3900,1.0,1,1,1
3901,0.2,2,0,0
3902,0.2,0,0,0
3903,0.2,2,0,0
3904,0.2,1,0,0
3905,0.2,2,0,0
3906,0.2,1,1,0
3907,0.2,2,1,0
3908,0.2,2,1,0
3909,0.2,2,1,1
3910,0.2,1,0,0
3911,0.2,1,1,1
3912,0.2,0,1,1
3913,0.2,2,1,0
3914,0.2,1,0,0
3915,1.0,0,1,1
3916,0.2,3,0,0
3917,0.2,0,0,0
3918,1.0,2,0,0
3919,0.2,2,1,0
3920,0.2,1,1,0
3921,1.0,1,0,0
3922,0.2,3,1,1
3923,0.2,1,1,1
3924,0.2,2,0,0
3925,0.2,2,1,0
3926,0.2,2,0,0
3927,0.2,1,1,1
3928,0.2,2,0,1
3929,0.2,1,0,0
3930,0.2,0,1,1
3931,0.2,3,1,1
3932,0.2,2,1,0
3933,0.2,0,1,1
3934,0.2,2,1,1
3935,0.2,1,0,0
3936,0.2,2,1,1
3937,1.0,0,0,1
3938,0.2,1,1,0
3939,0.2,2,1,0
3940,0.2,0,0,0
3941,0.2,0,1,1
3942,1.0,1,1,1
3943,0.2,2,0,0
3944,0.2,2,0,0
3945,0.2,3,0,0
3946,1.0,0,1,1
3947,1.0,1,0,1
3948,0.2,2,1,0
3949,0.2,1,1,0
3950,0.2,2,1,1
3951,1.0,2,0,1
3952,1.0,2,1,1
3953,0.2,2,0,0
3954,0.2,2,1,1
3955,0.2,1,0,0
3956,0.2,3,0,0
3957,1.0,2,1,1
3958,0.2,2,1,1
3959,0.2,1,0,0
3960,0.2,1,0,0
3961,0.2,2,1,0
3962,0.2,2,0,0
3963,0.2,2,0,0
3964,0.2,1,1,0
3965,0.2,0,1,1
3966,0.2,2,0,0
3967,1.0,3,0,1
3968,0.2,2,1,1
3969,0.2,1,1,1
3970,0.2,1,1,1
3971,0.2,1,1,1
3972,1.0,1,0,0
3973,0.2,2,1,1
3974,0.2,2,0,0
3975,0.2,1,0,0
3976,0.2,2,1,1
3977,0.2,0,0,0
3978,2.2,0,0,1
3979,0.2,2,1,1
3980,1.0,2,1,0
3981,2.2,0,0,1
3982,1.0,3,1,1
3983,0.2,1,0,0
3984,1.0,1,0,1
3985,0.2,2,0,0
3986,0.2,1,0,0
3987,0.2,3,1,1
3988,0.2,1,1,0
3989,0.2,2,1,1
3990,0.2,2,0,0
3991,0.2,3,0,0
3992,0.2,2,1,0
3993,1.0,2,1,1
3994,0.2,1,0,0
3995,1.0,1,1,1
3996,0.2,2,0,0
3997,0.2,1,1,1
3998,1.0,3,0,1
3999,1.0,2,1,1
4000,0.2,2,1,1
4001,0.2,1,0,0
4002,0.2,1,0,1
4003,0.2,1,0,0
4004,0.2,0,0,0
4005,1.0,2,1,1
4006,0.2,2,1,1
4007,3.0,2,1,1
4008,1.0,0,1,1
4009,0.2,0,1,1
4010,1.0,1,1,1
4011,0.2,1,0,0
4012,0.2,3,0,0
4013,1.0,2,0,0
4014,0.2,3,1,1
4015,0.2,2,0,0
4016,0.2,2,1,1
4017,0.2,1,0,0
4018,0.2,2,1,1
4019,0.2,1,1,1
4020,1.0,2,1,1
4021,0.2,1,0,0
4022,0.2,2,1,0
4023,0.2,1,0,1
4024,0.2,1,1,1
4025,0.2,1,0,0
4026,0.2,1,0,0
4027,1.0,1,1,1
4028,0.2,3,1,0
4029,0.2,1,0,0
4030,0.2,2,0,0
4031,0.2,2,0,0
4032,0.2,0,0,0
4033,0.2,1,1,0
4034,1.0,1,1,1
4035,0.2,0,0,0
4036,0.2,2,1,1
4037,0.2,2,1,0
4038,1.0,2,1,1
4039,0.2,2,1,1
4040,1.0,1,0,1
4041,0.2,3,0,0
4042,0.2,2,0,0
4043,1.0,2,1,0
4044,0.2,3,0,0
4045,1.0,2,0,1
4046,0.2,2,0,0
4047,0.2,1,0,0
4048,0.2,2,0,0
4049,1.0,2,1,1
4050,0.2,0,0,1
4051,0.2,2,0,0
4052,0.2,1,1,1
4053,0.2,1,1,1
4054,0.2,0,0,0
4055,0.2,1,1,1
4056,0.2,2,0,1
4057,1.0,2,1,1
4058,0.2,3,0,1
4059,1.0,1,0,1
4060,0.2,3,1,0
4061,0.2,0,0,0
4062,0.2,1,0,0
4063,1.0,1,1,1
4064,1.0,2,1,1
4065,0.2,1,1,1
4066,1.0,3,1,1
4067,1.0,2,1,1
4068,0.2,0,0,0
4069,0.2,3,0,0
4070,0.2,2,1,0
4071,1.0,1,1,1
4072,1.0,3,1,1
4073,0.2,2,0,0
4074,0.2,0,0,0
4075,1.0,2,1,1
4076,0.2,1,1,1
4077,0.2,1,1,1
4078,1.0,2,0,0
4079,0.2,2,0,0
4080,0.2,1,0,0
4081,0.2,1,1,0
4082,0.2,1,0,0
4083,0.2,1,1,1
4084,0.2,0,1,1
4085,1.0,0,0,1
4086,1.0,0,0,1
4087,0.2,2,0,1
4088,0.2,2,0,0
4089,0.2,0,1,1
4090,1.0,3,0,0
4091,1.0,2,1,1
4092,0.2,1,1,1
4093,0.2,2,0,0
4094,0.2,1,1,1
4095,0.2,2,1,0
4096,0.2,3,0,0
4097,0.2,2,0,0
4098,0.2,2,0,0
4099,0.2,3,0,0
4100,0.2,1,1,1
4101,0.2,2,1,1
4102,0.2,1,0,0
4103,0.2,0,1,1
4104,1.0,3,0,0
4105,0.2,1,0,1
4106,0.2,3,0,0
4107,0.2,3,1,1
4108,0.2,0,1,1
4109,0.2,2,0,0
4110,0.2,2,1,1
4111,0.2,2,0,0
4112,0.2,2,0,0
4113,0.2,1,1,1
4114,0.2,0,1,1
4115,1.0,2,1,1
4116,0.2,3,0,0
4117,0.2,3,1,0
4118,1.0,2,1,1
4119,0.2,3,1,1
4120,0.2,1,0,1
4121,0.2,0,0,0
4122,0.2,0,0,0
4123,0.2,1,1,1
4124,0.2,2,1,1
4125,0.2,3,0,0
4126,1.0,1,1,1
4127,0.2,2,1,1
4128,0.2,2,1,1
4129,0.2,2,0,0
4130,0.2,1,1,1
4131,0.2,2,0,0
4132,0.2,3,1,1
4133,1.0,0,1,1
4134,0.2,1,1,0
4135,1.0,2,0,1
4136,0.2,1,1,0
4137,0.2,1,1,1
4138,1.0,1,1,1
4139,0.2,3,1,1
4140,0.2,1,1,0
4141,0.2,0,0,0
4142,1.0,1,1,1
4143,2.2,0,0,1
4144,0.2,0,0,0
4145,0.2,1,1,1
4146,0.2,0,1,0
4147,0.2,2,1,1
4148,1.0,1,0,1
4149,1.0,1,0,1
4150,0.2,2,0,0
4151,0.2,1,0,0
4152,0.2,2,0,0
4153,0.2,0,0,0
4154,1.0,1,1,1
4155,0.2,1,0,0
4156,0.2,3,0,1
4157,1.0,2,0,0
4158,0.2,2,1,1
4159,0.2,2,1,0
4160,0.2,3,0,0
4161,0.2,3,1,1
4162,0.2,1,1,0
4163,0.2,2,1,0
4164,0.2,1,1,1
4165,1.0,3,1,1
4166,0.2,1,0,0
4167,0.2,1,0,0
4168,0.2,2,0,0
4169,0.2,3,1,1
4170,0.2,2,0,0
4171,0.2,1,1,1
4172,0.2,1,1,0
4173,0.2,2,0,1
4174,0.2,0,0,0
4175,1.0,2,0,0
4176,1.0,2,1,1
4177,0.2,2,0,0
4178,0.2,3,1,1
4179,0.2,0,0,0
4180,0.2,2,1,1
4181,0.2,1,0,0
4182,0.2,1,0,0
4183,0.2,1,1,1
4184,0.2,3,1,0
4185,0.2,2,1,0
4186,0.2,0,1,1
4187,0.2,0,1,0
4188,0.2,2,0,0
4189,1.0,1,0,1
4190,1.0,1,0,1
4191,0.2,1,0,0
4192,0.2,1,0,0
4193,0.2,2,0,1
4194,0.2,1,0,0
4195,0.2,1,0,0
4196,0.2,1,1,1
4197,0.2,1,1,1
4198,0.2,1,0,1
4199,0.2,3,1,0
4200,0.2,2,1,0
4201,0.2,1,0,0
4202,1.0,3,0,0
4203,0.2,1,0,0
4204,0.2,2,0,0
4205,0.2,1,1,1
4206,1.0,1,0,0
4207,0.2,2,0,0
4208,0.2,2,0,0
4209,0.2,2,0,0
4210,0.2,1,1,0
4211,1.0,1,0,0
4212,0.2,1,0,0
4213,0.2,1,1,0
4214,1.0,3,1,1
4215,0.2,1,1,1
4216,0.2,0,0,0
4217,0.2,1,0,0
4218,0.2,1,1,1
4219,0.2,0,1,1
4220,0.2,2,1,1
4221,1.0,2,1,1
4222,1.0,2,1,1
4223,0.2,1,0,0
4224,0.2,1,0,0
4225,0.2,2,0,0
4226,1.0,2,1,1
4227,0.2,2,1,0
4228,0.2,2,0,0
4229,1.0,2,0,0
4230,0.2,1,0,0
4231,0.2,3,1,0
4232,0.2,1,1,1
4233,0.2,2,1,1
4234,0.2,2,0,0
4235,0.2,0,0,1
4236,0.2,1,0,0
4237,1.0,2,1,1
4238,1.0,0,1,1
4239,0.2,0,0,0
4240,0.2,3,0,0
4241,0.2,1,1,1
4242,0.2,1,0,0
4243,1.0,2,0,1
4244,0.2,2,1,0
4245,1.0,1,0,0
4246,2.2,2,1,1
4247,1.0,2,0,1
4248,0.2,1,1,1
4249,0.2,0,0,0
4250,0.2,0,0,1
4251,0.2,3,0,0
4252,0.2,1,0,0
4253,0.2,1,1,1
4254,0.2,1,0,0
4255,1.0,1,1,1
4256,1.0,1,0,0
4257,0.2,3,1,1
4258,0.2,2,1,1
4259,0.2,2,1,1
4260,0.2,2,1,1
4261,0.2,1,0,0
4262,0.2,2,1,1
4263,1.0,1,1,1
4264,0.2,2,0,0
4265,0.2,1,1,1
4266,0.2,2,1,0
4267,0.2,3,0,0
4268,0.2,2,1,1
4269,0.2,2,1,0
4270,0.2,1,0,0
4271,0.2,0,0,0
4272,0.2,2,1,1
4273,0.2,2,0,0
4274,1.0,1,0,0
4275,0.2,2,0,0
4276,0.2,3,1,0
4277,0.2,0,0,0
4278,1.0,2,1,1
4279,0.2,2,0,0
4280,0.2,1,0,0
4281,0.2,2,1,1
4282,0.2,1,1,1
4283,0.2,0,0,1
4284,1.0,1,0,1
4285,0.2,3,0,0
4286,0.2,0,0,1
4287,0.2,1,0,0
4288,0.2,1,0,0
4289,0.2,0,0,0
4290,0.2,2,0,0
4291,0.2,1,1,1
4292,1.0,1,1,1
4293,1.0,1,1,1
4294,0.2,1,1,1
4295,2.2,3,0,1
4296,0.2,2,1,0
4297,1.0,2,1,1
4298,1.0,0,0,1
4299,0.2,2,1,0
4300,0.2,0,0,0
4301,0.2,0,0,0
4302,0.2,2,0,0
4303,1.0,0,0,0
4304,0.2,0,0,0
4305,0.2,2,1,1
4306,1.0,2,1,1
4307,0.2,1,0,0
4308,0.2,1,0,1
4309,0.2,2,0,0
4310,0.2,1,1,0
4311,0.2,2,1,1
4312,0.2,2,1,1
4313,0.2,1,1,1
4314,0.2,2,1,1
4315,0.2,2,1,0
4316,0.2,2,0,0
4317,0.2,3,0,0
4318,0.2,1,0,0
4319,1.0,3,1,1
4320,0.2,1,1,1
4321,1.0,1,1,1
4322,0.2,2,1,1
4323,1.0,1,0,1
4324,2.2,1,1,1
4325,0.2,3,0,0
4326,0.2,2,1,1
4327,0.2,2,1,1
4328,0.2,0,0,0
4329,0.2,0,1,1
4330,1.0,2,0,0
4331,0.2,1,0,0
4332,0.2,1,1,0
4333,1.0,2,0,1
4334,0.2,2,1,1
4335,1.0,2,1,1
4336,0.2,0,0,0
4337,0.2,1,1,1
4338,0.2,1,1,1
4339,0.2,0,1,1
4340,0.2,1,0,1
4341,1.0,1,1,1
4342,0.2,1,0,1
4343,1.0,2,0,1
4344,0.2,1,0,0
4345,0.2,1,1,0
4346,0.2,3,1,0
4347,0.2,2,0,0
4348,0.2,2,1,1
4349,0.2,2,0,0
4350,0.2,1,1,1
4351,0.2,0,0,0
4352,0.2,0,1,1
4353,0.2,1,0,0
4354,0.2,1,1,1
4355,1.0,0,0,1
4356,0.2,2,0,0
4357,1.0,3,1,1
4358,0.2,1,1,1
4359,0.2,2,1,1
4360,0.2,2,0,1
4361,0.2,2,1,0
4362,1.0,0,0,1
4363,0.2,1,1,0
4364,1.0,3,0,0
4365,0.2,0,1,1
4366,0.2,1,0,0
4367,0.2,0,0,1
4368,0.2,1,0,0
4369,0.2,1,0,0
4370,1.0,2,1,1
4371,0.2,1,1,0
4372,0.2,1,1,1
4373,0.2,2,1,1
4374,0.2,1,1,1
4375,0.2,2,0,0
4376,1.0,1,0,1
4377,0.2,2,0,0
4378,1.0,3,1,1
4379,0.2,2,0,0
4380,0.2,3,0,0
4381,0.2,0,1,1
4382,0.2,2,1,1
4383,1.0,1,1,1
4384,0.2,1,0,1
4385,0.2,0,1,0
4386,0.2,2,1,1
4387,0.2,3,0,0
4388,1.0,3,1,0
4389,0.2,1,0,0
4390,0.2,2,1,0
4391,1.0,2,1,1
4392,2.2,2,0,1
4393,1.0,2,1,1
4394,1.0,2,1,1
4395,0.2,1,1,1
4396,0.2,1,1,1
4397,0.2,3,1,1
4398,0.2,1,1,1
4399,0.2,1,1,1
4400,1.0,2,1,1
4401,1.0,1,1,1
4402,0.2,2,1,1
4403,0.2,3,0,1
4404,0.2,3,0,0
4405,0.2,3,1,0
4406,0.2,3,1,0
4407,0.2,1,1,1
4408,0.2,0,1,0
4409,0.2,1,1,1
4410,1.0,1,1,1
4411,3.0,1,0,1
4412,0.2,3,0,0
4413,0.2,2,1,0
4414,0.2,2,0,1
4415,0.2,1,1,1
4416,0.2,1,0,0
4417,0.2,1,1,0
4418,0.2,3,1,0
4419,0.2,1,1,1
4420,0.2,3,1,0
4421,0.2,3,0,0
4422,1.0,1,1,1
4423,0.2,0,1,1
4424,0.2,1,0,0
4425,0.2,1,1,1
4426,0.2,2,0,1
4427,0.2,1,1,1
4428,0.2,2,0,0
4429,0.2,0,0,1
4430,1.0,3,1,1
4431,1.0,3,0,0
4432,0.2,1,0,0
4433,0.2,1,0,1
4434,0.2,1,1,1
4435,1.0,1,0,1
4436,0.2,1,0,0
4437,0.2,2,0,0
4438,1.0,2,1,1
4439,0.2,2,1,1
4440,0.2,0,1,1
4441,0.2,1,1,1
4442,0.2,2,0,0
4443,0.2,1,0,0
4444,0.2,1,0,0
4445,1.0,2,1,1
4446,0.2,2,0,0
4447,0.2,3,0,0
4448,1.0,2,0,1
4449,1.0,2,0,0
4450,0.2,1,1,1
4451,0.2,1,1,1
4452,1.0,1,0,1
4453,0.2,1,1,1
4454,0.2,3,1,1
4455,1.0,1,1,1
4456,1.0,0,0,1
4457,0.2,2,0,0
4458,0.2,2,1,0
4459,0.2,1,0,0
4460,0.2,1,0,0
4461,0.2,1,0,1
4462,0.2,1,1,1
4463,0.2,1,0,0
4464,0.2,0,1,1
4465,0.2,2,1,1
4466,0.2,1,0,1
4467,0.2,2,0,0
4468,0.2,2,0,0
4469,0.2,1,0,0
4470,0.2,2,0,0
4471,0.2,0,0,0
4472,0.2,3,0,0
4473,0.2,2,0,0
4474,0.2,1,1,1
4475,1.0,0,1,1
4476,0.2,2,1,1
4477,0.2,1,1,1
4478,1.0,2,0,1
4479,0.2,2,1,0
4480,0.2,2,1,1
4481,0.2,2,1,1
4482,0.2,1,0,0
4483,0.2,2,0,1
4484,1.0,2,1,1
4485,0.2,0,0,0
4486,0.2,0,0,0
4487,1.0,1,0,0
4488,0.2,0,0,0
4489,1.0,2,0,1
4490,0.2,2,0,0
4491,0.2,1,1,0
4492,0.2,3,1,1
4493,1.0,2,1,1
4494,0.2,2,0,0
4495,1.0,1,1,1
4496,0.2,0,0,0
4497,1.0,1,0,1
4498,0.2,2,0,0
4499,0.2,1,0,0
4500,0.2,1,1,0
4501,0.2,2,0,0
4502,1.0,1,1,1
4503,0.2,2,1,0
4504,0.2,0,1,1
4505,0.2,2,1,0
4506,0.2,3,1,0
4507,0.2,1,1,1
4508,0.2,2,0,0
4509,0.2,1,1,1
4510,0.2,2,0,0
4511,2.2,1,0,1
4512,0.2,2,0,1
4513,0.2,2,1,0
4514,0.2,2,0,0
4515,1.0,1,0,1
4516,1.0,3,1,1
4517,0.2,3,1,1
4518,0.2,2,1,1
4519,1.0,0,0,1
4520,0.2,1,0,0
4521,0.2,2,0,0
4522,0.2,2,0,0
4523,0.2,1,1,1
4524,1.0,0,1,1
4525,0.2,0,1,1
4526,1.0,3,1,1
4527,0.2,2,1,1
4528,0.2,2,1,1
4529,0.2,1,1,0
4530,0.2,1,0,1
4531,1.0,2,1,1
4532,0.2,1,1,1
4533,0.2,1,1,1
4534,0.2,1,1,1
4535,0.2,3,1,0
4536,0.2,3,1,0
4537,0.2,1,1,1
4538,1.0,2,1,1
4539,0.2,1,0,1
4540,0.2,2,1,1
4541,0.2,2,0,0
4542,0.2,2,1,1
4543,0.2,0,0,0
4544,1.0,1,0,1
4545,0.2,1,0,0
4546,0.2,2,0,0
4547,0.2,1,0,0
4548,0.2,2,1,1
4549,0.2,2,0,0
4550,1.0,0,0,1
4551,0.2,1,1,1
4552,2.2,1,1,1
4553,0.2,2,1,0
4554,0.2,2,0,0
4555,0.2,1,1,1
4556,0.2,2,0,0
4557,0.2,3,1,1
4558,2.2,2,0,1
4559,0.2,2,0,0
4560,0.2,2,1,1
4561,0.2,1,1,1
4562,0.2,0,1,1
4563,1.0,2,1,1
4564,0.2,1,0,0
4565,1.0,0,0,0
4566,0.2,1,1,1
4567,0.2,1,0,0
4568,0.2,0,1,1
4569,0.2,3,0,0
4570,1.0,2,0,0
4571,0.2,2,1,0
4572,0.2,1,1,1
4573,0.2,0,1,0
4574,0.2,1,0,0
4575,0.2,2,1,1
4576,0.2,2,1,1
4577,0.2,3,0,0
4578,0.2,0,0,0
4579,0.2,1,0,0
4580,0.2,1,1,0
4581,0.2,0,0,0
4582,0.2,2,0,0
4583,0.2,2,0,0
4584,1.0,2,0,0
4585,0.2,3,0,0
4586,0.2,2,1,0
4587,0.2,2,0,1
4588,0.2,2,1,1
4589,0.2,3,0,0
4590,0.2,1,0,0
4591,1.0,1,0,1
4592,1.0,2,1,1
4593,0.2,2,1,1
4594,0.2,1,0,0
4595,1.0,1,1,1
4596,0.2,1,0,0
4597,0.2,0,0,0
4598,0.2,1,1,0
4599,0.2,2,1,0
4600,0.2,2,0,0
4601,0.2,1,1,0
4602,1.0,3,1,1
4603,0.2,1,1,1
4604,0.2,3,1,1
4605,0.2,2,1,1
4606,0.2,3,1,0
4607,1.0,2,1,1
4608,0.2,2,1,1
4609,0.2,2,0,0
4610,0.2,1,1,1
4611,0.2,2,1,1
4612,0.2,2,0,0
4613,0.2,2,1,1
4614,0.2,3,1,0
4615,0.2,2,1,1
4616,0.2,0,0,1
4617,2.2,3,1,1
4618,0.2,2,0,1
4619,2.2,1,1,1
4620,0.2,1,0,0
4621,1.0,0,0,1
4622,1.0,2,1,1
4623,0.2,3,1,0
4624,1.0,1,1,1
4625,0.2,2,1,1
4626,0.2,3,0,0
4627,0.2,2,1,1
4628,0.2,0,1,1
4629,1.0,2,1,1
4630,0.2,3,1,0
4631,0.2,1,0,0
4632,0.2,2,0,0
4633,0.2,2,1,1
4634,1.0,0,0,0
4635,0.2,1,1,1
4636,0.2,2,1,0
4637,0.2,1,0,0
4638,1.0,3,1,1
4639,0.2,1,1,1
4640,1.0,1,1,1
4641,0.2,1,0,0
4642,1.0,3,0,0
4643,0.2,2,1,1
4644,0.2,1,0,0
4645,0.2,1,0,0
4646,1.0,1,0,0
4647,0.2,3,0,0
4648,0.2,1,1,1
4649,0.2,2,1,1
4650,0.2,0,1,1
4651,0.2,0,1,1
4652,0.2,2,1,0
4653,0.2,3,1,1
4654,0.2,1,0,0
4655,0.2,2,0,0
4656,0.2,1,1,0
4657,0.2,2,0,0
4658,1.0,1,1,1
4659,0.2,0,0,0
4660,0.2,3,1,0
4661,0.2,1,0,0
4662,1.0,2,0,0
4663,0.2,1,1,0
4664,0.2,1,0,0
4665,0.2,2,0,0
4666,1.0,3,1,1
4667,0.2,1,1,0
4668,0.2,3,1,1
4669,0.2,2,0,0
4670,0.2,0,1,1
4671,0.2,2,0,0
4672,0.2,2,1,0
4673,1.0,0,0,1
4674,1.0,0,0,0
4675,0.2,1,0,0
4676,0.2,1,0,0
4677,0.2,1,0,0
4678,1.0,2,1,1
4679,0.2,2,0,0
4680,0.2,0,1,1
4681,1.0,2,0,0
4682,0.2,2,1,1
4683,0.2,2,1,0
4684,0.2,2,1,1
4685,0.2,0,1,0
4686,1.0,2,1,1
4687,0.2,1,1,1
4688,1.0,2,0,0
4689,1.0,2,1,1
4690,0.2,1,0,0
4691,0.2,2,0,0
4692,0.2,1,1,1
4693,0.2,3,0,0
4694,1.0,2,0,1
4695,1.0,0,0,1
4696,1.0,1,0,1
4697,0.2,1,1,1
4698,1.0,3,0,0
4699,0.2,2,0,0
4700,0.2,2,1,1
4701,1.0,2,1,1
4702,0.2,2,1,1
4703,0.2,0,0,0
4704,0.2,2,0,1
4705,1.0,2,1,1
4706,0.2,2,0,0
4707,0.2,0,1,0
4708,0.2,1,0,0
4709,0.2,1,1,1
4710,0.2,2,1,0
4711,0.2,1,0,0
4712,0.2,1,1,1
4713,0.2,2,0,1
4714,0.2,1,0,0
4715,0.2,2,0,0
4716,1.0,3,0,0
4717,0.2,2,1,1
4718,0.2,2,1,0
4719,1.0,0,1,1
4720,1.0,2,0,0
4721,0.2,1,1,0
4722,1.0,1,1,1
4723,0.2,1,0,0
4724,0.2,3,0,0
4725,0.2,3,1,1
4726,1.0,1,1,1
4727,0.2,2,0,0
4728,0.2,3,0,0
4729,0.2,1,1,1
4730,2.2,2,1,1
4731,1.0,2,0,1
4732,0.2,2,1,1
4733,0.2,1,0,0
4734,0.2,2,1,1
4735,0.2,1,0,1
4736,0.2,1,1,1
4737,0.2,2,1,0
4738,0.2,1,1,0
4739,0.2,0,1,1
4740,1.0,2,1,1
4741,0.2,1,1,1
4742,0.2,2,0,0
4743,0.2,1,1,1
4744,0.2,3,0,0
4745,0.2,2,0,0
4746,1.0,2,0,1
4747,1.0,2,1,1
4748,0.2,2,1,0
4749,0.2,2,1,1
4750,1.0,0,1,1
4751,0.2,1,0,0
4752,0.2,2,0,0
4753,1.0,2,0,0
4754,1.0,2,1,1
4755,1.0,1,0,1
4756,0.2,1,0,1
4757,0.2,2,1,0
4758,0.2,2,1,1
4759,0.2,1,0,0
4760,0.2,3,0,0
4761,1.0,2,0,0
4762,0.2,2,1,1
4763,0.2,2,1,1
4764,0.2,1,1,1
4765,0.2,2,1,0
4766,0.2,0,1,1
4767,1.0,2,1,1
4768,0.2,2,0,0
4769,0.2,0,1,1
4770,0.2,2,0,0
4771,1.0,1,0,1
4772,1.0,0,1,1
4773,0.2,2,0,0
4774,0.2,1,1,1
4775,0.2,2,1,1
4776,0.2,1,0,0
4777,0.2,1,0,0
4778,0.2,2,1,0
4779,0.2,1,1,0
4780,0.2,1,0,0
4781,0.2,2,0,0
4782,0.2,3,0,0
4783,0.2,2,0,0
4784,0.2,3,1,0
4785,0.2,0,1,1
4786,0.2,2,0,0
4787,0.2,1,1,1
4788,0.2,3,0,0
4789,0.2,1,0,1
4790,1.0,3,1,1
4791,2.2,1,1,1
4792,0.2,1,0,0
4793,0.2,0,1,1
4794,1.0,1,0,0
4795,0.2,2,1,1
4796,0.2,1,1,1
4797,0.2,3,0,0
4798,0.2,3,0,0
4799,0.2,3,0,0
4800,0.2,1,1,1
4801,0.2,3,1,0
4802,0.2,0,1,1
4803,0.2,0,0,0
4804,0.2,0,1,1
4805,0.2,1,0,0
4806,1.0,2,1,1
4807,1.0,2,1,0
4808,1.0,1,0,0
4809,1.0,3,1,0
4810,0.2,2,0,0
4811,0.2,1,0,0
4812,0.2,3,0,0
4813,1.0,2,1,1
4814,1.0,1,0,1
4815,0.2,2,1,1
4816,0.2,1,0,1
4817,0.2,1,1,1
4818,0.2,2,1,1
4819,0.2,1,1,1
4820,0.2,0,1,1
4821,0.2,1,0,0
4822,0.2,0,1,1
4823,0.2,3,1,1
4824,1.0,3,0,0
4825,0.2,2,0,0
4826,1.0,1,1,1
4827,0.2,1,1,1
4828,0.2,1,1,1
4829,0.2,3,0,0
4830,0.2,1,0,0
4831,1.0,1,0,1
4832,0.2,1,1,1
4833,1.0,3,0,0
4834,0.2,1,0,0
4835,0.2,2,0,0
4836,0.2,2,1,1
4837,2.2,3,1,1
4838,1.0,3,0,1
4839,0.2,1,0,0
4840,0.2,3,0,1
4841,1.0,0,0,1
4842,0.2,2,1,0
4843,0.2,0,1,1
4844,0.2,0,0,1
4845,1.0,2,1,1
4846,0.2,2,1,1
4847,2.2,1,0,1
4848,0.2,3,0,0
4849,0.2,3,0,0
4850,1.0,0,1,1
4851,1.0,2,0,0
4852,0.2,1,0,0
4853,0.2,2,1,1
4854,0.2,1,0,0
4855,0.2,0,1,0
4856,1.0,2,1,1
4857,0.2,2,0,0
4858,0.2,1,1,1
4859,1.0,3,1,1
4860,0.2,3,1,0
4861,0.2,2,0,0
4862,0.2,2,1,0
4863,0.2,1,1,0
4864,0.2,3,1,0
4865,0.2,3,1,0
4866,0.2,2,0,0
4867,0.2,2,1,1
4868,0.2,2,0,0
4869,2.2,1,0,0
4870,0.2,2,0,0
4871,0.2,0,0,0
4872,0.2,1,0,0
4873,0.2,3,0,0
4874,0.2,2,1,1
4875,0.2,1,0,0
4876,1.0,3,1,1
4877,1.0,3,0,1
4878,0.2,1,0,0
4879,0.2,2,0,0
4880,0.2,1,0,0
4881,0.2,3,1,1
4882,0.2,1,1,1
4883,1.0,1,0,1
4884,1.0,2,1,1
4885,1.0,1,1,1
4886,0.2,2,0,0
4887,0.2,0,0,0
4888,0.2,1,1,1
4889,0.2,2,1,1
4890,1.0,1,1,1
4891,0.2,0,1,1
4892,0.2,1,1,0
4893,1.0,1,1,0
4894,0.2,2,1,1
4895,0.2,2,1,1
4896,0.2,2,1,1
4897,0.2,2,0,0
4898,0.2,2,0,0
4899,0.2,3,0,0
4900,0.2,2,0,0
4901,1.0,2,0,0
4902,0.2,1,1,1
4903,0.2,1,1,0
4904,1.0,1,1,1
4905,1.0,2,1,1
4906,0.2,0,0,0
4907,0.2,1,0,0
4908,0.2,0,1,1
4909,0.2,3,0,0
4910,0.2,1,1,1
4911,1.0,2,1,0
4912,0.2,2,0,0
4913,0.2,1,0,0
4914,0.2,1,0,0
4915,1.0,3,1,1
4916,0.2,1,0,1
4917,0.2,3,0,0
4918,0.2,1,0,0
4919,1.0,2,0,0
4920,0.2,2,0,1
4921,0.2,1,1,1
4922,0.2,1,0,0
4923,0.2,1,1,1
4924,0.2,1,0,1
4925,0.2,1,0,0
4926,1.0,2,0,0
4927,0.2,1,0,0
4928,0.2,2,0,0
4929,0.2,2,0,0
4930,0.2,1,1,1
4931,0.2,2,1,1
4932,1.0,0,0,1
4933,0.2,2,1,1
4934,0.2,1,0,0
4935,1.0,1,1,1
4936,0.2,1,0,1
4937,0.2,1,1,1
4938,2.2,0,0,1
4939,1.0,1,0,0
4940,0.2,2,1,1
4941,0.2,0,0,0
4942,0.2,0,1,0
4943,0.2,1,0,0
4944,0.2,1,1,1
4945,1.0,1,1,1
4946,0.2,2,1,0
4947,0.2,1,0,0
4948,0.2,3,0,0
4949,0.2,3,1,0
4950,0.2,0,1,1
4951,0.2,0,0,0
4952,0.2,1,1,1
4953,0.2,3,1,1
4954,0.2,3,0,0
4955,1.0,0,1,1
4956,0.2,3,0,0
4957,1.0,1,0,0
4958,0.2,2,0,0
4959,0.2,0,1,1
4960,0.2,2,0,0
4961,0.2,2,1,0
4962,0.2,3,0,0
4963,0.2,3,0,0
4964,0.2,1,0,1
4965,0.2,1,1,0
4966,1.0,3,1,1
4967,0.2,0,1,1
4968,0.2,2,1,0
4969,1.0,0,0,1
4970,1.0,1,1,1
4971,0.2,2,0,0
4972,1.0,1,1,1
4973,1.0,3,1,1
4974,0.2,0,0,0
4975,0.2,2,0,0
4976,0.2,1,1,0
4977,1.0,1,1,1
4978,0.2,1,1,1
4979,0.2,2,0,0
4980,0.2,0,1,1
4981,0.2,1,1,1
4982,0.2,3,0,0
4983,0.2,3,1,1
4984,0.2,2,1,0
4985,0.2,1,1,1
4986,1.0,3,0,0
4987,0.2,3,1,0
4988,0.2,1,1,1
4989,0.2,1,0,0
4990,0.2,2,1,0
4991,0.2,2,0,0
4992,0.2,1,0,0
4993,0.2,3,1,1
4994,3.0,2,1,1
4995,0.2,2,0,0
4996,0.2,1,0,0
4997,0.2,1,1,1
4998,0.2,2,0,0
4999,0.2,2,0,0
5000,1.0,2,1,1
5001,0.2,1,1,0
5002,0.2,1,0,0
5003,0.2,3,1,1
5004,0.2,1,0,0
5005,0.2,0,0,0
5006,0.2,2,0,0
5007,1.0,3,0,1
5008,0.2,1,0,0
5009,1.0,2,1,1
5010,2.2,0,1,1
5011,0.2,1,0,0
5012,1.0,2,1,1
5013,0.2,3,0,0
5014,0.2,1,1,0
5015,1.0,2,0,0
5016,0.2,2,1,1
5017,0.2,2,1,1
5018,0.2,2,1,0
5019,0.2,2,1,1
5020,0.2,2,0,0
5021,0.2,1,1,1
5022,0.2,2,0,0
5023,1.0,2,0,1
5024,1.0,2,1,1
5025,0.2,2,1,1
5026,0.2,2,1,1
5027,0.2,1,0,0
5028,0.2,2,1,1
5029,1.0,3,1,1
5030,0.2,2,1,0
5031,0.2,1,1,1
5032,0.2,2,1,1
5033,1.0,1,0,1
5034,0.2,2,1,1
5035,1.0,3,0,0
5036,0.2,3,0,0
5037,0.2,0,1,1
5038,0.2,2,1,1
5039,0.2,1,0,0
5040,0.2,1,1,1
5041,0.2,1,0,0
5042,0.2,1,0,0
5043,0.2,2,1,1
5044,1.0,2,1,0
5045,0.2,1,1,0
5046,0.2,1,1,1
5047,1.0,2,1,1
5048,0.2,1,1,1
5049,0.2,1,0,0
5050,1.0,3,0,0
5051,0.2,2,1,1
5052,0.2,1,0,1
5053,0.2,2,0,0
5054,0.2,3,1,1
5055,0.2,2,1,1
5056,0.2,2,0,0
5057,0.2,0,1,1
5058,1.0,1,1,1
5059,0.2,3,1,1
5060,0.2,2,1,0
5061,0.2,1,0,0
5062,0.2,1,0,0
5063,0.2,2,0,0
5064,0.2,3,1,0
5065,0.2,3,0,0
5066,0.2,2,0,0
5067,1.0,0,0,0
5068,0.2,1,1,1
5069,0.2,1,0,0
5070,0.2,1,0,0
5071,0.2,1,1,0
5072,1.0,1,1,1
5073,1.0,0,0,0
5074,0.2,3,1,1
5075,0.2,1,0,0
5076,1.0,1,0,0
5077,0.2,3,0,0
5078,1.0,0,1,1
5079,0.2,0,1,1
5080,0.2,0,0,0
5081,0.2,2,1,0
5082,1.0,2,1,1
5083,0.2,0,0,1
5084,1.0,2,1,1
5085,0.2,1,1,0
5086,0.2,2,0,0
5087,0.2,2,0,0
5088,1.0,0,1,1
5089,0.2,0,1,1
5090,0.2,3,0,0
5091,1.0,2,0,1
5092,1.0,2,0,1
5093,0.2,0,1,1
5094,0.2,2,0,1
5095,0.2,2,1,1
5096,0.2,1,1,1
5097,0.2,1,1,1
5098,0.2,0,0,0
5099,1.0,1,0,1
5100,0.2,2,1,0
5101,0.2,3,1,1
5102,0.2,0,0,1
5103,1.0,2,1,1
5104,0.2,1,0,0
5105,0.2,1,1,1
5106,0.2,2,1,0
5107,0.2,2,1,1
5108,0.2,0,1,0
5109,1.0,3,1,1
5110,0.2,1,0,0
5111,0.2,2,1,0
5112,0.2,2,1,1
5113,0.2,1,1,1
5114,0.2,0,1,1
5115,0.2,1,0,0
5116,0.2,3,1,1
5117,1.0,2,0,0
5118,0.2,1,1,1
5119,0.2,1,0,0
5120,1.0,2,0,1
5121,0.2,2,1,0
5122,0.2,0,1,0
5123,0.2,1,0,0
5124,0.2,0,0,0
5125,0.2,1,1,0
5126,1.0,1,1,1
5127,0.2,2,0,0
5128,0.2,2,1,1
5129,0.2,1,1,1
5130,1.0,1,1,1
5131,0.2,3,1,0
5132,1.0,1,1,1
5133,0.2,2,1,1
5134,0.2,3,0,0
5135,0.2,2,0,0
5136,0.2,0,1,1
5137,0.2,1,0,0
5138,0.2,2,0,0
5139,0.2,1,1,1
5140,0.2,3,0,0
5141,0.2,1,1,1
5142,0.2,1,1,1
5143,1.0,3,1,1
5144,1.0,1,0,0
5145,1.0,1,1,1
5146,1.0,3,0,0
5147,0.2,1,0,0
5148,0.2,3,0,0
5149,0.2,2,0,0
5150,0.2,1,0,0
5151,0.2,1,1,1
5152,1.0,1,1,1
5153,1.0,1,0,0
5154,0.2,2,0,0
5155,0.2,3,0,0
5156,0.2,3,1,1
5157,0.2,2,1,1
5158,0.2,0,1,1
5159,0.2,2,0,0
5160,1.0,0,0,1
5161,1.0,0,0,1
5162,0.2,1,1,1
5163,0.2,3,0,0
5164,1.0,3,0,0
5165,0.2,2,0,0
5166,0.2,2,0,0
5167,0.2,2,1,1
5168,1.0,1,1,1
5169,2.2,1,1,1
5170,1.0,3,0,0
5171,0.2,0,1,1
5172,0.2,1,1,0
5173,0.2,1,1,1
5174,0.2,2,1,1
5175,0.2,1,1,1
5176,0.2,0,0,0
5177,1.0,1,1,1
5178,1.0,1,1,1
5179,0.2,1,1,0
5180,0.2,2,0,0
5181,1.0,1,0,1
5182,0.2,2,1,1
5183,0.2,1,0,0
5184,0.2,0,0,0
5185,0.2,2,1,0
5186,0.2,3,0,0
5187,0.2,3,0,0
5188,0.2,1,1,1
5189,1.0,1,0,0
5190,0.2,1,1,1
5191,1.0,2,1,1
5192,0.2,1,0,0
5193,0.2,2,1,0
5194,0.2,1,1,1
5195,0.2,1,1,1
5196,0.2,1,1,0
5197,0.2,0,0,1
5198,0.2,1,0,0
5199,0.2,0,0,1
5200,1.0,2,1,1
5201,0.2,1,1,1
5202,0.2,1,1,1
5203,0.2,3,1,1
5204,0.2,3,0,0
5205,0.2,3,1,0
5206,0.2,1,1,1
5207,1.0,2,1,1
5208,0.2,2,0,0
5209,1.0,1,1,1
5210,0.2,1,1,1
5211,0.2,1,0,0
5212,0.2,2,0,0
5213,0.2,0,1,0
5214,0.2,1,0,0
5215,0.2,1,0,0
5216,1.0,0,1,1
5217,1.0,1,0,1
5218,0.2,1,0,0
5219,1.0,0,1,1
5220,0.2,0,1,1
5221,0.2,0,0,0
5222,0.2,1,0,1
5223,0.2,2,1,1
5224,1.0,3,0,0
5225,0.2,1,1,1
5226,0.2,2,1,1
5227,1.0,1,1,1
5228,0.2,2,1,0
5229,0.2,2,0,0
5230,0.2,2,1,0
5231,0.2,2,0,0
5232,0.2,3,1,0
5233,0.2,1,1,0
5234,1.0,1,0,1
5235,0.2,2,1,1
5236,0.2,2,0,0
5237,0.2,1,0,0
5238,0.2,0,0,1
5239,0.2,0,1,1
5240,0.2,1,1,1
5241,0.2,2,0,0
5242,0.2,1,1,1
5243,0.2,2,0,0
5244,0.2,2,1,1
5245,0.2,2,1,1
5246,1.0,2,1,1
5247,0.2,1,0,0
5248,0.2,1,1,1
5249,0.2,2,0,0
5250,0.2,1,0,0
5251,1.0,2,0,1
5252,0.2,1,1,1
5253,0.2,1,1,1
5254,1.0,3,0,0
5255,0.2,1,0,0
5256,0.2,1,0,0
5257,0.2,1,0,0
5258,0.2,2,1,1
5259,1.0,1,1,1
5260,0.2,1,0,0
5261,0.2,3,0,0
5262,0.2,1,1,1
5263,0.2,2,1,0
5264,0.2,1,1,1
5265,0.2,3,1,0
5266,0.2,1,1,1
5267,0.2,2,1,0
5268,1.0,1,1,1
5269,0.2,2,1,1
5270,0.2,2,0,0
5271,0.2,1,0,1
5272,0.2,1,1,1
5273,0.2,2,0,0
5274,1.0,1,1,0
5275,0.2,2,1,1
5276,0.2,1,1,1
5277,0.2,1,1,0
5278,0.2,0,1,0
5279,1.0,1,1,1
5280,0.2,2,0,0
5281,0.2,2,0,0
5282,0.2,0,1,1
5283,0.2,3,1,1
5284,2.2,2,1,1
5285,0.2,3,0,0
5286,1.0,2,0,0
5287,0.2,2,0,0
5288,0.2,1,1,0
5289,1.0,2,1,1
5290,1.0,1,0,0
5291,0.2,0,0,0
5292,0.2,2,0,0
5293,0.2,2,1,1
5294,0.2,2,1,1
5295,0.2,3,1,0
5296,1.0,2,0,1
5297,0.2,3,1,1
5298,1.0,1,0,1
5299,0.2,1,1,1
5300,0.2,2,1,1
5301,0.2,0,0,0
5302,1.0,2,1,1
5303,0.2,2,1,1
5304,0.2,1,0,0
5305,0.2,1,0,0
5306,1.0,2,1,0
5307,0.2,2,1,0
5308,1.0,2,0,0
5309,0.2,2,0,0
5310,0.2,1,1,1
5311,0.2,3,0,1
5312,0.2,1,1,1
5313,0.2,3,0,0
5314,1.0,2,1,1
5315,3.0,1,1,1
5316,0.2,2,0,0
5317,0.2,1,0,0
5318,0.2,3,1,0
5319,0.2,0,0,1
5320,0.2,3,0,0
5321,0.2,1,0,0
5322,1.0,2,0,1
5323,1.0,2,0,0
5324,1.0,2,0,0
5325,0.2,0,1,1
5326,0.2,0,0,0
5327,1.0,0,1,1
5328,0.2,2,0,0
5329,0.2,2,0,1
5330,0.2,1,0,0
5331,1.0,3,1,1
5332,0.2,3,1,1
5333,0.2,0,1,1
5334,0.2,2,1,0
5335,1.0,1,0,1
5336,1.0,1,0,1
5337,1.0,2,1,1
5338,0.2,3,1,1
5339,0.2,3,0,0
5340,0.2,2,0,0
5341,0.2,2,1,1
5342,1.0,0,1,1
5343,0.2,1,1,1
5344,0.2,3,1,0
5345,0.2,3,0,0
5346,1.0,2,1,1
5347,0.2,0,0,0
5348,0.2,1,1,1
5349,0.2,1,0,0
5350,0.2,1,1,0
5351,0.2,2,0,0
5352,2.2,0,0,1
5353,1.0,1,0,0
5354,0.2,1,0,0
5355,1.0,2,0,1
5356,0.2,2,1,0
5357,0.2,1,0,0
5358,0.2,2,0,0
5359,1.0,2,1,1
5360,0.2,1,0,1
5361,1.0,2,1,1
5362,1.0,2,0,0
5363,2.2,1,0,1
5364,0.2,2,1,0
5365,0.2,2,0,0
5366,0.2,2,0,0
5367,1.0,1,0,0
5368,0.2,1,1,1
5369,0.2,1,0,0
5370,0.2,1,1,1
5371,0.2,0,0,0
5372,0.2,2,1,1
5373,0.2,0,0,0
5374,1.0,2,1,1
5375,0.2,2,1,1
5376,0.2,1,0,0
5377,0.2,2,0,0
5378,0.2,1,1,1
5379,0.2,1,1,1
5380,1.0,3,0,1
5381,0.2,2,1,1
5382,0.2,2,0,0
5383,0.2,1,0,0
5384,2.2,0,1,1
5385,1.0,1,1,1
5386,0.2,2,0,0
5387,0.2,1,0,0
5388,0.2,3,1,0
5389,0.2,2,0,0
5390,1.0,0,0,1
5391,1.0,1,1,1
5392,2.2,0,0,1
5393,0.2,0,0,0
5394,1.0,3,0,0
5395,0.2,1,0,0
5396,1.0,0,0,1
5397,0.2,2,0,0
5398,0.2,2,1,0
5399,0.2,0,1,1
5400,0.2,1,0,0
5401,0.2,0,1,1
5402,1.0,3,0,0
5403,1.0,0,1,0
5404,0.2,1,1,1
5405,1.0,2,1,1
5406,0.2,2,1,1
5407,0.2,3,1,0
5408,0.2,1,1,1
5409,0.2,2,1,1
5410,0.2,2,1,0
5411,0.2,2,0,0
5412,1.0,1,0,0
5413,0.2,2,1,1
5414,0.2,1,1,1
5415,0.2,2,0,0
5416,1.0,1,0,1
5417,0.2,2,1,0
5418,0.2,2,0,1
5419,0.2,2,0,0
5420,0.2,2,1,1
5421,0.2,2,1,1
5422,1.0,2,0,1
5423,0.2,3,1,1
5424,1.0,2,1,1
5425,0.2,1,1,1
5426,0.2,1,1,1
5427,1.0,3,0,0
5428,1.0,3,1,1
5429,0.2,0,1,1
5430,0.2,2,0,0
5431,1.0,2,0,1
5432,0.2,3,0,0
5433,0.2,1,0,0
5434,0.2,0,0,0
5435,0.2,3,0,0
5436,0.2,3,0,0
5437,0.2,2,1,1
5438,1.0,2,1,1
5439,1.0,1,1,1
5440,0.2,2,1,0
5441,0.2,2,1,0
5442,0.2,2,0,1
5443,0.2,1,0,0
5444,0.2,2,0,0
5445,0.2,3,0,0
5446,0.2,1,1,1
5447,0.2,1,0,0
5448,0.2,2,0,0
5449,0.2,2,1,0
5450,0.2,2,1,0
5451,1.0,1,1,1
5452,1.0,0,0,1
5453,0.2,0,1,1
5454,0.2,1,1,1
5455,0.2,1,0,0
5456,0.2,1,1,0
5457,1.0,2,1,1
5458,0.2,0,0,0
5459,0.2,2,1,0
5460,0.2,0,0,0
5461,0.2,1,0,0
5462,0.2,2,1,1
5463,0.2,1,0,1
5464,0.2,2,1,0
5465,0.2,1,1,1
5466,0.2,3,0,0
5467,0.2,3,1,0
5468,0.2,1,1,1
5469,0.2,1,0,1
5470,0.2,3,1,1
5471,0.2,2,1,1
5472,0.2,3,0,0
5473,0.2,1,1,1
5474,0.2,0,1,1
5475,0.2,2,1,1
5476,1.0,2,0,0
5477,0.2,1,0,0
5478,0.2,2,0,1
5479,0.2,2,1,1
5480,0.2,2,1,0
5481,0.2,1,1,1
5482,0.2,1,1,1
5483,0.2,2,0,0
5484,0.2,1,1,0
5485,0.2,3,0,0
5486,0.2,2,1,1
5487,0.2,1,1,1
5488,0.2,1,0,0
5489,0.2,2,0,0
5490,0.2,3,1,1
5491,0.2,1,1,1
5492,1.0,2,0,0
5493,0.2,1,0,0
5494,0.2,1,0,0
5495,1.0,1,0,1
5496,1.0,2,0,1
5497,1.0,2,1,1
5498,1.0,1,1,1
5499,0.2,3,0,0
5500,0.2,1,0,0
5501,0.2,2,0,1
5502,0.2,1,1,1
5503,0.2,1,0,0
5504,0.2,2,0,0
5505,0.2,1,1,0
5506,0.2,2,1,1
5507,0.2,3,1,0
5508,1.0,2,0,1
5509,1.0,0,1,1
5510,0.2,2,1,0
5511,0.2,2,0,0
5512,0.2,1,1,1
5513,0.2,1,0,0
5514,0.2,1,0,1
5515,0.2,2,0,0
5516,0.2,3,1,0
5517,0.2,2,1,1
5518,0.2,1,0,0
5519,0.2,1,1,0
5520,0.2,1,0,0
5521,1.0,3,1,0
5522,0.2,0,1,1
5523,1.0,1,0,1
5524,1.0,1,1,1
5525,0.2,1,0,1
5526,2.2,1,1,1
5527,1.0,2,1,0
5528,1.0,3,0,0
5529,0.2,2,1,1
5530,0.2,1,0,0
5531,0.2,2,0,1
5532,1.0,2,0,1
5533,1.0,1,1,1
5534,1.0,1,0,1
5535,0.2,0,0,1
5536,0.2,3,1,1
5537,1.0,2,1,0
5538,0.2,0,1,1
5539,0.2,2,0,0
5540,0.2,3,0,0
5541,0.2,1,0,0
5542,0.2,2,0,0
5543,0.2,2,0,0
5544,1.0,1,1,0
5545,0.2,2,0,0
5546,0.2,0,1,1
5547,0.2,2,1,1
5548,0.2,1,1,1
5549,0.2,2,0,0
5550,0.2,2,1,0
5551,0.2,3,1,1
5552,0.2,3,1,1
5553,0.2,3,1,0
5554,0.2,1,1,1
5555,0.2,1,1,1
5556,0.2,2,0,0
5557,0.2,2,0,0
5558,0.2,2,0,0
5559,0.2,3,0,0
5560,2.2,2,1,1
5561,0.2,3,0,0
5562,0.2,2,0,0
5563,0.2,1,0,1
5564,1.0,3,1,1
5565,0.2,2,1,1
5566,0.2,1,1,1
5567,1.0,1,1,1
5568,0.2,2,1,0
5569,0.2,1,0,0
5570,0.2,2,1,1
5571,0.2,1,0,0
5572,0.2,0,0,1
5573,1.0,2,0,0
5574,0.2,0,1,1
5575,0.2,2,1,1
5576,0.2,1,1,1
5577,1.0,1,0,0
5578,2.2,1,0,1
5579,0.2,3,1,1
5580,0.2,0,1,1
5581,1.0,2,1,1
5582,0.2,2,1,1
5583,0.2,1,0,0
5584,0.2,1,0,0
5585,0.2,0,1,1
5586,0.2,2,1,0
5587,1.0,3,1,1
5588,0.2,0,1,1
5589,1.0,3,1,1
5590,0.2,1,0,0
5591,0.2,0,1,1
5592,0.2,1,0,0
5593,0.2,1,1,1
5594,0.2,2,1,0
5595,0.2,3,0,1
5596,0.2,2,1,1
5597,0.2,2,1,0
5598,0.2,3,0,0
5599,0.2,0,0,0
5600,0.2,2,0,0
5601,0.2,1,1,1
5602,0.2,2,1,0
5603,0.2,1,0,0
5604,0.2,1,0,0
5605,0.2,0,0,0
5606,0.2,0,0,0
5607,0.2,1,0,0
5608,0.2,1,1,1
5609,1.0,0,0,1
5610,1.0,1,0,1
5611,0.2,0,0,0
5612,0.2,0,0,1
5613,1.0,2,1,1
5614,0.2,1,0,0
5615,0.2,1,0,0
5616,0.2,2,0,0
5617,0.2,1,0,0
5618,0.2,2,0,0
5619,1.0,2,0,1
5620,0.2,0,1,1
5621,0.2,2,0,0
5622,0.2,1,0,0
5623,0.2,2,0,0
5624,0.2,2,1,1
5625,0.2,2,1,1
5626,1.0,1,0,0
5627,0.2,3,0,0
5628,1.0,2,0,1
5629,0.2,3,0,0
5630,0.2,2,1,0
5631,2.2,2,1,1
5632,2.2,2,1,1
5633,0.2,1,0,0
5634,0.2,1,0,0
5635,0.2,2,1,1
5636,1.0,2,0,0
5637,0.2,3,1,0
5638,0.2,1,0,0
5639,1.0,1,1,1
5640,0.2,1,1,1
5641,0.2,3,0,0
5642,0.2,2,0,0
5643,0.2,2,0,0
5644,0.2,1,0,1
5645,0.2,1,1,1
5646,0.2,0,0,0
5647,0.2,1,0,0
5648,0.2,2,1,1
5649,0.2,1,0,0
5650,0.2,2,0,0
5651,0.2,2,0,0
5652,0.2,1,0,0
5653,0.2,1,0,0
5654,0.2,3,1,1
5655,0.2,0,1,1
5656,0.2,1,0,0
5657,1.0,3,0,0
5658,1.0,2,1,1
5659,0.2,0,0,0
5660,0.2,2,1,1
5661,0.2,1,1,1
5662,0.2,0,0,1
5663,0.2,3,0,0
5664,0.2,1,1,1
5665,0.2,0,0,0
5666,0.2,3,1,0
5667,0.2,2,1,0
5668,0.2,2,1,0
5669,0.2,1,1,1
5670,0.2,2,0,0
5671,0.2,2,0,0
5672,0.2,3,0,0
5673,1.0,1,0,1
5674,0.2,1,0,0
5675,1.0,3,0,1
5676,0.2,3,0,0
5677,0.2,0,1,1
5678,0.2,1,0,0
5679,0.2,2,1,1
5680,0.2,2,1,0
5681,0.2,2,1,1
5682,0.2,1,1,0
5683,0.2,1,1,0
5684,0.2,2,0,0
5685,0.2,3,1,1
5686,0.2,2,0,0
5687,0.2,0,1,1
5688,1.0,2,1,1
5689,0.2,0,0,0
5690,0.2,1,1,1
5691,0.2,2,1,1
5692,0.2,2,0,0
5693,0.2,2,1,1
5694,1.0,2,1,1
5695,0.2,0,1,0
5696,0.2,1,0,0
5697,0.2,2,0,0
5698,0.2,3,0,0
5699,0.2,2,0,0
5700,0.2,0,0,0
5701,0.2,0,1,0
5702,0.2,0,0,1
5703,1.0,1,1,1
5704,0.2,1,1,1
5705,0.2,2,1,1
5706,0.2,1,1,1
5707,0.2,2,1,1
5708,0.2,2,0,0
5709,0.2,1,1,1
5710,0.2,1,0,0
5711,0.2,2,0,0
5712,0.2,1,1,1
5713,0.2,0,0,0
5714,0.2,2,1,1
5715,0.2,1,1,0
5716,0.2,2,0,0
5717,0.2,2,1,0
5718,0.2,3,0,1
5719,0.2,1,1,1
5720,0.2,0,1,0
5721,1.0,0,1,1
5722,1.0,1,0,1
5723,0.2,2,1,1
5724,0.2,2,0,0
5725,1.0,0,0,0
5726,0.2,1,0,1
5727,0.2,1,0,0
5728,0.2,3,1,0
5729,0.2,3,1,1
5730,1.0,1,0,0
5731,1.0,2,0,0
5732,1.0,1,1,1
5733,1.0,2,0,0
5734,0.2,2,0,0
5735,1.0,2,0,0
5736,0.2,2,0,0
5737,0.2,1,1,1
5738,1.0,1,0,0
5739,0.2,0,1,1
5740,0.2,1,0,0
5741,2.2,2,1,1
5742,1.0,1,0,1
5743,0.2,3,1,1
5744,0.2,2,0,0
5745,0.2,1,0,0
5746,1.0,0,0,1
5747,2.2,1,0,1
5748,1.0,3,1,1
5749,1.0,1,0,1
5750,0.2,2,0,0
5751,0.2,1,1,1
5752,0.2,2,0,0
5753,0.2,2,1,1
5754,1.0,3,1,1
5755,1.0,1,1,1
5756,1.0,2,1,1
5757,0.2,1,0,0
5758,1.0,2,1,1
5759,0.2,2,0,0
5760,0.2,1,0,0
5761,1.0,2,0,0
5762,0.2,3,1,0
5763,1.0,0,0,1
5764,0.2,1,0,0
5765,0.2,1,0,0
5766,0.2,2,0,0
5767,1.0,1,0,1
5768,0.2,1,1,1
5769,0.2,1,0,0
5770,0.2,2,1,0
5771,0.2,3,1,0
5772,0.2,2,0,0
5773,1.0,2,1,1
5774,1.0,2,0,1
5775,1.0,2,1,1
5776,1.0,2,0,0
5777,1.0,1,1,1
5778,0.2,2,0,0
5779,0.2,0,0,0
5780,0.2,0,1,0
5781,0.2,2,0,0
5782,2.2,2,0,1
5783,0.2,1,1,1
5784,0.2,2,0,0
5785,0.2,1,1,1
5786,0.2,2,1,1
5787,1.0,2,1,1
5788,0.2,0,0,0
5789,0.2,1,0,0
5790,0.2,1,1,1
5791,0.2,3,0,0
5792,0.2,2,0,0
5793,0.2,1,1,1
5794,0.2,1,1,1
5795,1.0,1,1,1
5796,0.2,2,0,0
5797,0.2,2,0,0
5798,0.2,2,0,0
5799,0.2,2,0,0
5800,0.2,1,1,1
5801,0.2,1,1,0
5802,0.2,2,1,0
5803,0.2,2,1,0
5804,0.2,2,1,1
5805,0.2,1,1,1
5806,0.2,1,1,1
5807,1.0,0,0,1
5808,1.0,3,1,1
5809,0.2,2,0,0
5810,0.2,1,1,1
5811,0.2,1,0,1
5812,0.2,2,0,0
5813,0.2,3,1,0
5814,0.2,2,1,1
5815,0.2,1,1,1
5816,0.2,1,1,1
5817,0.2,3,1,1
5818,0.2,3,1,0
5819,0.2,0,1,1
5820,0.2,3,1,0
5821,0.2,1,0,0
5822,0.2,2,1,0
5823,0.2,2,0,0
5824,1.0,1,1,1
5825,1.0,3,0,0
5826,0.2,1,1,1
5827,1.0,2,1,1
5828,1.0,1,0,1
5829,0.2,1,0,0
5830,0.2,0,0,1
5831,1.0,2,1,1
5832,0.2,2,0,0
5833,0.2,2,1,0
5834,0.2,2,1,1
5835,0.2,2,0,0
5836,0.2,1,1,1
5837,0.2,2,1,1
5838,0.2,0,0,0
5839,0.2,3,0,0
5840,0.2,0,1,1
5841,0.2,2,0,0
5842,0.2,1,0,1
5843,1.0,2,0,0
5844,0.2,1,0,0
5845,0.2,2,1,0
5846,0.2,0,0,0
5847,2.2,1,1,1
5848,0.2,1,1,1
5849,0.2,2,0,0
5850,0.2,1,1,1
5851,0.2,3,1,0
5852,0.2,1,0,1
5853,0.2,2,0,0
5854,0.2,3,1,1
5855,1.0,1,0,0
5856,0.2,1,1,1
5857,0.2,0,0,0
5858,1.0,3,0,0
5859,1.0,1,0,0
5860,0.2,1,0,0
5861,0.2,1,1,1
5862,1.0,2,1,1
5863,1.0,3,0,0
5864,0.2,1,0,1
5865,1.0,1,0,0
5866,0.2,1,1,1
5867,0.2,2,1,1
5868,0.2,1,0,0
5869,1.0,1,1,0
5870,0.2,0,1,0
5871,1.0,1,1,1
5872,0.2,2,1,0
5873,0.2,0,0,0
5874,1.0,3,0,0
5875,1.0,2,1,1
5876,1.0,1,1,1
5877,1.0,1,1,1
5878,0.2,1,1,1
5879,0.2,3,1,1
5880,1.0,1,1,1
5881,0.2,1,0,0
5882,1.0,1,0,0
5883,0.2,1,1,1
5884,0.2,3,1,0
5885,0.2,1,1,1
5886,0.2,2,0,0
5887,0.2,2,1,1
5888,0.2,1,0,1
5889,0.2,2,0,0
5890,0.2,2,0,0
5891,0.2,0,0,0
5892,1.0,3,0,0
5893,0.2,0,0,0
5894,0.2,2,0,0
5895,2.2,1,1,1
5896,0.2,0,0,0
5897,1.0,1,1,1
5898,0.2,0,0,0
5899,0.2,1,0,0
5900,0.2,2,0,0
5901,0.2,2,1,1
5902,1.0,3,0,0
5903,0.2,2,0,0
5904,0.2,0,0,1
5905,0.2,3,1,1
5906,0.2,2,1,1
5907,1.0,2,0,0
5908,0.2,1,1,1
5909,1.0,3,1,1
5910,1.0,2,0,0
5911,0.2,1,0,0
5912,0.2,0,1,0
5913,1.0,2,0,0
5914,1.0,1,1,1
5915,0.2,1,0,0
5916,0.2,1,0,0
5917,0.2,2,0,0
5918,0.2,1,1,1
5919,2.2,1,0,1
5920,1.0,2,1,1
5921,0.2,2,0,0
5922,0.2,0,0,1
5923,0.2,2,1,0
5924,0.2,2,0,0
5925,0.2,3,0,0
5926,0.2,1,0,0
5927,0.2,1,0,0
5928,0.2,1,1,1
5929,0.2,0,1,1
5930,0.2,2,1,1
5931,1.0,2,1,1
5932,0.2,2,0,0
5933,1.0,2,1,1
5934,0.2,2,1,1
5935,0.2,2,0,0
5936,0.2,2,0,0
5937,0.2,1,0,0
5938,0.2,2,0,0
5939,0.2,2,1,1
5940,0.2,3,1,1
5941,0.2,3,0,0
5942,0.2,1,1,1
5943,0.2,3,1,0
5944,0.2,2,0,0
5945,1.0,3,1,1
5946,1.0,2,0,1
5947,0.2,1,0,0
5948,0.2,1,1,1
5949,1.0,3,0,0
5950,0.2,1,1,1
5951,0.2,2,1,0
5952,1.0,1,1,1
5953,1.0,3,0,1
5954,1.0,1,1,1
5955,0.2,2,1,1
5956,0.2,2,1,1
5957,0.2,1,0,0
5958,1.0,2,1,1
5959,1.0,1,0,0
5960,1.0,2,0,0
5961,0.2,1,0,0
5962,0.2,2,1,1
5963,0.2,1,0,1
5964,0.2,1,1,1
5965,0.2,1,1,1
5966,0.2,2,0,0
5967,0.2,1,1,0
5968,0.2,1,0,0
5969,0.2,1,1,0
5970,0.2,1,1,1
5971,0.2,2,0,0
5972,0.2,2,1,1
5973,0.2,2,1,1
5974,0.2,2,0,0
5975,0.2,0,1,1
5976,0.2,1,0,0
5977,0.2,1,1,1
5978,0.2,1,0,0
5979,1.0,2,0,1
5980,1.0,0,0,0
5981,0.2,1,1,1
5982,1.0,2,0,0
5983,0.2,3,0,0
5984,0.2,1,0,0
5985,0.2,2,1,1
5986,0.2,0,1,1
5987,0.2,0,1,1
5988,1.0,3,0,0
5989,2.2,1,0,1
5990,0.2,0,0,0
5991,0.2,0,0,0
5992,0.2,1,0,0
5993,1.0,2,0,0
5994,0.2,1,1,1
5995,0.2,2,1,0
5996,0.2,2,1,1
5997,0.2,1,0,0
5998,1.0,2,0,1
5999,0.2,0,0,0
6000,1.0,1,1,1
6001,0.2,3,0,0
6002,0.2,2,0,0
6003,1.0,1,0,1
6004,1.0,2,0,1
6005,0.2,3,1,0
6006,0.2,2,0,0
6007,1.0,2,1,1
6008,1.0,2,0,0
6009,0.2,2,0,0
6010,0.2,1,1,1
6011,0.2,1,1,0
6012,0.2,3,0,0
6013,0.2,1,0,0
6014,1.0,1,1,1
6015,0.2,2,1,1
6016,0.2,0,1,1
6017,2.2,2,1,1
6018,1.0,0,0,0
6019,0.2,2,0,0
6020,0.2,1,0,0
6021,0.2,2,0,0
6022,1.0,1,1,1
6023,0.2,3,1,0
6024,0.2,2,0,0
6025,0.2,3,0,0
6026,0.2,0,1,1
6027,1.0,1,1,1
6028,0.2,2,1,0
6029,0.2,2,0,0
6030,0.2,2,0,1
6031,0.2,1,0,0
6032,0.2,0,0,1
6033,0.2,0,1,1
6034,1.0,1,0,0
6035,0.2,3,0,0
6036,0.2,2,1,1
6037,0.2,2,1,1
6038,0.2,2,0,0
6039,0.2,1,0,1
6040,0.2,1,0,0
6041,0.2,2,1,1
6042,0.2,1,0,0
6043,1.0,1,1,1
6044,0.2,1,1,1
6045,0.2,1,1,0
6046,0.2,2,1,1
6047,0.2,3,0,0
6048,0.2,2,1,0
6049,0.2,3,1,0
6050,0.2,2,0,0
6051,0.2,1,1,1
6052,0.2,2,1,1
6053,0.2,2,0,0
6054,0.2,3,1,1
6055,0.2,0,0,1
6056,0.2,2,0,0
6057,1.0,1,1,0
6058,0.2,2,1,1
6059,0.2,2,1,1
6060,0.2,2,1,0
6061,0.2,2,0,0
6062,0.2,1,1,1
6063,0.2,2,0,0
6064,0.2,2,1,0
6065,0.2,0,0,0
6066,0.2,1,0,0
6067,0.2,1,0,0
6068,0.2,2,1,1
6069,0.2,2,1,0
6070,1.0,1,0,0
6071,0.2,2,1,1
6072,1.0,2,0,0
6073,0.2,1,1,1
6074,0.2,0,1,1
6075,0.2,1,1,1
6076,1.0,1,1,1
6077,1.0,3,0,0
6078,0.2,2,1,1
6079,0.2,1,1,1
6080,1.0,0,1,1
6081,0.2,2,0,0
6082,0.2,3,1,0
6083,0.2,0,0,0
6084,0.2,2,1,1
6085,0.2,1,0,1
6086,0.2,1,1,0
6087,0.2,1,1,0
6088,0.2,1,0,0
6089,0.2,3,1,1
6090,0.2,2,0,0
6091,0.2,2,1,0
6092,1.0,2,1,1
6093,0.2,0,1,1
6094,0.2,1,0,0
6095,1.0,1,1,1
6096,1.0,0,0,1
6097,0.2,2,0,0
6098,0.2,2,0,0
6099,0.2,1,1,1
6100,0.2,1,0,0
6101,0.2,1,0,0
6102,0.2,1,1,1
6103,0.2,2,0,0
6104,0.2,2,1,1
6105,0.2,2,1,0
6106,0.2,1,1,1
6107,1.0,2,1,0
6108,0.2,1,1,1
6109,0.2,0,0,0
6110,1.0,1,1,1
6111,0.2,2,0,0
6112,1.0,1,1,1
6113,0.2,2,1,1
6114,0.2,3,0,0
6115,0.2,2,0,0
6116,1.0,3,1,1
6117,0.2,1,1,1
6118,0.2,2,1,0
6119,0.2,2,0,0
6120,0.2,2,1,1
6121,0.2,3,1,0
6122,0.2,2,1,0
6123,0.2,1,1,0
6124,0.2,1,0,1
6125,0.2,1,1,1
6126,0.2,1,0,0
6127,0.2,1,1,1
6128,0.2,3,1,1
6129,0.2,1,1,1
6130,0.2,2,1,1
6131,0.2,1,0,0
6132,0.2,2,0,0
6133,0.2,0,1,1
6134,0.2,1,1,1
6135,0.2,2,0,0
6136,1.0,2,1,1
6137,0.2,3,1,1
6138,0.2,1,1,1
6139,0.2,1,1,1
6140,3.0,1,0,1
6141,0.2,2,0,0
6142,1.0,1,1,1
6143,0.2,2,0,0
6144,0.2,2,1,1
6145,1.0,3,1,1
6146,1.0,1,1,1
6147,0.2,0,0,0
6148,0.2,0,1,1
6149,1.0,2,0,0
6150,0.2,3,0,0
6151,0.2,2,1,0
6152,2.2,1,1,1
6153,1.0,0,1,1
6154,0.2,2,1,1
6155,0.2,0,1,1
6156,0.2,0,1,1
6157,1.0,3,1,1
6158,1.0,1,0,1
6159,0.2,1,0,1
6160,0.2,1,1,1
6161,0.2,3,1,0
6162,1.0,1,0,0
6163,0.2,2,1,1
6164,1.0,1,0,0
6165,1.0,1,1,1
6166,0.2,0,1,1
6167,1.0,3,0,0
6168,2.2,1,1,1
6169,0.2,2,1,1
6170,0.2,2,1,1
6171,0.2,2,0,0
6172,2.2,2,1,1
6173,0.2,2,0,0
6174,0.2,1,1,1
6175,0.2,1,1,1
6176,0.2,1,1,1
6177,1.0,0,1,1
6178,0.2,0,0,0
6179,1.0,1,0,0
6180,2.2,2,0,1
6181,1.0,0,0,1
6182,1.0,1,0,1
6183,0.2,3,0,0
6184,0.2,1,1,1
6185,0.2,2,0,0
6186,0.2,1,1,1
6187,1.0,1,0,1
6188,0.2,0,0,1
6189,0.2,0,1,1
6190,1.0,1,0,1
6191,0.2,1,1,1
6192,1.0,2,0,1
6193,0.2,1,1,1
6194,0.2,1,0,0
6195,0.2,2,0,0
6196,0.2,2,1,1
6197,1.0,3,0,0
6198,0.2,3,0,1
6199,1.0,2,1,1
6200,0.2,2,1,1
6201,0.2,1,0,0
6202,0.2,3,0,0
6203,0.2,2,1,1
6204,1.0,2,0,1
6205,0.2,1,0,0
6206,2.2,2,1,1
6207,1.0,0,1,1
6208,0.2,1,0,0
6209,2.2,1,1,1
6210,0.2,1,1,1
6211,1.0,2,0,0
6212,1.0,2,1,1
6213,0.2,1,1,1
6214,0.2,3,0,0
6215,0.2,1,0,0
6216,0.2,1,1,1
6217,0.2,2,1,1
6218,0.2,1,1,0
6219,0.2,2,1,1
6220,0.2,2,0,0
6221,0.2,1,1,1
6222,1.0,1,1,1
6223,1.0,2,1,1
6224,0.2,0,0,0
6225,0.2,2,1,1
6226,1.0,2,1,1
6227,1.0,1,0,1
6228,0.2,0,0,0
6229,2.2,2,0,1
6230,0.2,1,1,1
6231,1.0,3,0,0
6232,0.2,0,1,1
6233,0.2,1,1,1
6234,0.2,3,1,1
6235,0.2,0,0,1
6236,0.2,1,0,1
6237,0.2,3,1,1
6238,0.2,2,0,1
6239,0.2,0,0,0
6240,0.2,1,1,1
6241,1.0,2,0,1
6242,1.0,0,1,1
6243,0.2,2,0,0
6244,0.2,2,1,1
6245,1.0,0,1,1
6246,0.2,0,0,0
6247,0.2,0,0,1
6248,0.2,1,0,0
6249,0.2,0,1,1
6250,1.0,1,1,1
6251,0.2,3,1,1
6252,0.2,1,1,1
6253,0.2,0,0,1
6254,1.0,3,0,0
6255,0.2,1,1,0
6256,1.0,3,1,1
6257,1.0,1,1,1
6258,0.2,2,1,0
6259,0.2,0,1,0
6260,0.2,1,1,1
6261,0.2,1,0,0
6262,0.2,0,0,0
6263,0.2,1,0,0
6264,0.2,1,1,1
6265,0.2,1,0,0
6266,0.2,1,1,1
6267,0.2,2,0,0
6268,1.0,1,1,1
6269,0.2,1,1,0
6270,0.2,0,0,0
6271,0.2,3,1,0
6272,0.2,1,1,1
6273,0.2,1,1,1
6274,0.2,2,0,0
6275,0.2,3,0,0
6276,0.2,2,1,1
6277,0.2,0,1,1
6278,0.2,1,0,0
6279,0.2,1,1,1
6280,0.2,3,1,1
6281,1.0,1,1,1
6282,1.0,3,0,0
6283,0.2,3,1,0
6284,0.2,1,1,0
6285,0.2,1,1,1
6286,0.2,3,0,0
6287,0.2,1,1,1
6288,0.2,2,0,0
6289,0.2,2,0,1
6290,0.2,0,0,0
6291,0.2,2,0,0
6292,1.0,1,1,1
6293,1.0,1,1,1
6294,0.2,2,1,1
6295,0.2,2,0,0
6296,1.0,2,1,1
6297,0.2,1,1,0
6298,0.2,1,1,1
6299,0.2,2,0,0
6300,0.2,1,0,1
6301,1.0,1,0,0
6302,0.2,1,0,0
6303,1.0,1,0,1
6304,0.2,3,0,0
6305,0.2,3,0,0
6306,1.0,1,0,1
6307,0.2,3,0,0
6308,0.2,3,0,0
6309,0.2,2,0,0
6310,0.2,1,0,1
6311,0.2,0,1,1
6312,0.2,0,1,1
6313,0.2,1,0,0
6314,0.2,2,1,0
6315,0.2,1,0,0
6316,0.2,3,1,0
6317,0.2,1,0,0
6318,0.2,2,0,0
6319,0.2,3,1,0
6320,1.0,0,0,1
6321,0.2,1,0,0
6322,0.2,2,1,1
6323,0.2,1,0,1
6324,0.2,3,0,0
6325,0.2,1,1,1
6326,0.2,3,0,0
6327,0.2,1,1,1
6328,0.2,3,0,0
6329,0.2,2,0,0
6330,3.0,3,1,1
6331,0.2,0,0,0
6332,1.0,0,0,1
6333,1.0,2,1,1
6334,2.2,1,0,1
6335,0.2,0,0,0
6336,0.2,0,0,1
6337,0.2,1,1,0
6338,0.2,3,0,0
6339,0.2,1,0,0
6340,2.2,1,0,1
6341,0.2,1,0,0
6342,0.2,2,1,1
6343,0.2,1,1,0
6344,1.0,1,0,1
6345,0.2,1,0,0
6346,0.2,2,0,0
6347,1.0,0,0,1
6348,0.2,2,0,0
6349,0.2,1,1,1
6350,0.2,2,1,1
6351,0.2,1,1,1
6352,1.0,2,0,0
6353,0.2,2,0,0
6354,0.2,0,0,0
6355,0.2,3,0,0
6356,0.2,3,0,0
6357,0.2,3,0,0
6358,0.2,2,1,1
6359,0.2,2,1,1
6360,0.2,3,1,1
6361,0.2,1,1,1
6362,0.2,2,0,0
6363,1.0,0,1,1
6364,0.2,3,1,1
6365,0.2,0,0,0
6366,0.2,1,0,0
6367,0.2,1,1,1
6368,0.2,1,0,0
6369,0.2,2,1,0
6370,1.0,2,1,1
6371,1.0,2,1,1
6372,1.0,0,1,1
6373,0.2,1,1,1
6374,0.2,1,1,1
6375,0.2,1,1,1
6376,1.0,2,1,1
6377,0.2,1,1,1
6378,0.2,1,1,1
6379,0.2,2,1,1
6380,0.2,1,1,1
6381,0.2,1,0,0
6382,1.0,0,0,0
6383,1.0,2,1,1
6384,0.2,1,1,0
6385,0.2,0,1,1
6386,0.2,1,0,0
6387,1.0,2,1,1
6388,0.2,1,0,0
6389,0.2,1,0,0
6390,0.2,1,1,1
6391,0.2,2,0,0
6392,1.0,2,1,1
6393,0.2,2,0,0
6394,0.2,1,1,0
6395,0.2,1,0,0
6396,0.2,1,0,0
6397,0.2,1,0,0
6398,0.2,2,1,1
6399,0.2,2,1,0
6400,0.2,3,0,0
6401,0.2,2,1,0
6402,0.2,2,1,0
6403,1.0,1,0,0
6404,0.2,2,1,1
6405,0.2,1,1,0
6406,0.2,1,0,1
6407,0.2,2,1,1
6408,1.0,2,1,1
6409,0.2,0,0,0
6410,0.2,1,0,0
6411,0.2,3,0,0
6412,1.0,0,0,0
6413,0.2,1,1,0
6414,0.2,0,1,1
6415,1.0,1,0,0
6416,2.2,1,0,1
6417,0.2,2,0,0
6418,0.2,2,0,0
6419,0.2,1,1,1
6420,0.2,2,0,0
6421,0.2,2,1,1
6422,0.2,1,0,0
6423,0.2,2,0,0
6424,0.2,1,0,1
6425,1.0,2,0,0
6426,0.2,3,1,0
6427,0.2,2,1,1
6428,0.2,1,1,0
6429,0.2,3,0,0
6430,0.2,1,0,0
6431,0.2,3,0,0
6432,1.0,2,0,0
6433,0.2,2,0,0
6434,0.2,1,0,0
6435,0.2,1,0,0
6436,0.2,1,0,0
6437,0.2,2,1,1
6438,0.2,1,0,0
6439,0.2,1,1,0
6440,0.2,1,0,0
6441,1.0,1,0,0
6442,0.2,1,0,0
6443,0.2,3,0,0
6444,2.2,2,1,1
6445,0.2,1,1,1
6446,1.0,2,0,1
6447,0.2,3,0,0
6448,0.2,2,0,0
6449,1.0,0,0,0
6450,0.2,1,1,1
6451,0.2,1,1,0
6452,1.0,1,1,1
6453,0.2,2,0,0
6454,0.2,2,1,1
6455,3.0,1,0,1
6456,0.2,1,1,0
6457,1.0,1,1,1
6458,1.0,1,0,1
6459,1.0,3,0,0
6460,0.2,1,0,0
6461,1.0,2,0,0
6462,0.2,2,0,0
6463,0.2,1,0,0
6464,1.0,1,0,0
6465,0.2,3,1,0
6466,1.0,0,1,1
6467,1.0,0,1,1
6468,1.0,2,0,0
6469,0.2,1,1,1
6470,1.0,1,0,1
6471,1.0,2,0,1
6472,0.2,1,0,0
6473,0.2,2,0,0
6474,0.2,1,1,1
6475,1.0,1,1,1
6476,0.2,2,0,0
6477,1.0,1,1,1
6478,0.2,0,1,1
6479,0.2,3,0,0
6480,0.2,3,0,0
6481,0.2,2,1,1
6482,0.2,1,0,0
6483,0.2,1,0,0
6484,0.2,1,0,0
6485,3.0,1,1,1
6486,0.2,2,0,0
6487,1.0,0,0,1
6488,0.2,2,1,1
6489,0.2,3,1,1
6490,0.2,1,1,1
6491,0.2,2,1,1
6492,0.2,2,1,1
6493,1.0,1,1,1
6494,0.2,0,1,1
6495,0.2,1,0,0
6496,0.2,3,1,0
6497,0.2,3,0,0
6498,0.2,0,1,1
6499,0.2,2,0,0
6500,0.2,1,0,0
6501,1.0,2,0,1
6502,0.2,1,0,1
6503,0.2,1,1,0
6504,0.2,1,0,0
6505,0.2,1,1,0
6506,0.2,2,0,0
6507,1.0,2,0,0
6508,0.2,1,0,0
6509,0.2,3,0,1
6510,0.2,2,1,1
6511,0.2,2,1,0
6512,1.0,3,0,0
6513,1.0,2,1,1
6514,0.2,1,1,1
6515,0.2,0,0,1
6516,0.2,2,1,1
6517,1.0,2,1,1
6518,0.2,2,1,1
6519,0.2,2,1,1
6520,0.2,1,0,0
6521,0.2,2,1,1
6522,0.2,1,1,1
6523,1.0,2,0,0
6524,2.2,1,1,1
6525,0.2,2,0,0
6526,0.2,0,1,1
6527,0.2,1,1,1
6528,1.0,2,0,1
6529,1.0,0,0,1
6530,0.2,0,1,1
6531,0.2,2,1,1
6532,0.2,2,0,0
6533,0.2,2,0,0
6534,0.2,2,0,0
6535,0.2,1,0,0
6536,0.2,1,1,0
6537,0.2,2,0,0
6538,1.0,1,1,1
6539,1.0,2,1,1
6540,0.2,2,0,0
6541,0.2,1,1,1
6542,1.0,2,1,1
6543,0.2,0,0,0
6544,0.2,2,1,1
6545,0.2,2,0,1
6546,0.2,2,0,0
6547,0.2,1,1,1
6548,0.2,1,1,1
6549,1.0,3,1,1
6550,0.2,1,0,0
6551,0.2,2,1,0
6552,0.2,2,0,0
6553,1.0,2,0,1
6554,0.2,3,0,0
6555,0.2,1,1,1
6556,1.0,1,0,0
6557,0.2,2,0,0
6558,0.2,2,0,0
6559,0.2,1,0,0
6560,2.2,2,1,1
6561,0.2,1,1,1
6562,0.2,2,1,1
6563,0.2,1,0,0
6564,0.2,2,1,0
6565,0.2,2,0,0
6566,0.2,1,1,0
6567,0.2,1,0,0
6568,0.2,1,1,0
6569,0.2,2,1,1
6570,0.2,2,0,0
6571,0.2,2,0,0
6572,0.2,3,0,0
6573,0.2,1,0,0
6574,0.2,0,1,1
6575,1.0,2,0,1
6576,0.2,1,0,0
6577,0.2,1,1,1
6578,0.2,2,1,1
6579,0.2,1,0,0
6580,0.2,2,0,0
6581,1.0,1,0,1
6582,0.2,1,0,0
6583,1.0,0,1,1
6584,0.2,2,0,0
6585,0.2,2,1,1
6586,1.0,1,1,1
6587,1.0,2,0,0
6588,0.2,0,1,1
6589,2.2,1,1,1
6590,0.2,2,1,1
6591,0.2,0,1,1
6592,0.2,1,0,0
6593,0.2,2,0,0
6594,0.2,2,1,1
6595,0.2,2,1,1
6596,0.2,2,1,0
6597,0.2,1,1,1
6598,0.2,1,1,1
6599,0.2,1,1,0
6600,0.2,2,1,1
6601,0.2,2,0,0
6602,0.2,1,1,1
6603,1.0,3,1,0
6604,0.2,2,0,0
6605,0.2,2,0,0
6606,0.2,0,0,0
6607,0.2,1,1,0
6608,0.2,2,1,1
6609,0.2,1,0,0
6610,0.2,1,1,1
6611,0.2,1,0,0
6612,0.2,0,0,1
6613,0.2,2,1,1
6614,0.2,2,1,1
6615,1.0,1,0,1
6616,0.2,1,0,0
6617,0.2,1,0,0
6618,0.2,2,0,0
6619,0.2,1,0,0
6620,1.0,1,1,1
6621,0.2,3,1,0
6622,0.2,2,0,0
6623,0.2,0,0,1
6624,0.2,1,1,0
6625,0.2,1,1,0
6626,0.2,1,0,0
6627,0.2,2,0,0
6628,1.0,0,0,0
6629,1.0,0,1,1
6630,0.2,0,1,1
6631,1.0,1,0,1
6632,0.2,2,1,0
6633,1.0,1,0,1
6634,0.2,1,1,0
6635,0.2,2,0,0
6636,1.0,1,1,1
6637,0.2,2,0,0
6638,0.2,2,0,0
6639,0.2,2,1,0
6640,0.2,1,0,0
6641,0.2,3,1,0
6642,0.2,0,0,0
6643,0.2,0,0,1
6644,0.2,1,0,0
6645,1.0,1,1,1
6646,1.0,3,1,1
6647,0.2,1,0,0
6648,1.0,2,1,1
6649,1.0,1,1,1
6650,1.0,2,1,1
6651,0.2,0,0,0
6652,0.2,2,0,0
6653,0.2,1,1,1
6654,0.2,1,0,1
6655,0.2,2,1,1
6656,1.0,3,0,0
6657,0.2,2,1,1
6658,0.2,2,0,0
6659,0.2,2,0,0
6660,0.2,0,0,0
6661,1.0,0,0,1
6662,0.2,2,0,0
6663,0.2,0,0,0
6664,1.0,2,0,0
6665,0.2,1,1,0
6666,1.0,2,1,1
6667,0.2,3,1,1
6668,0.2,1,0,0
6669,1.0,1,1,1
6670,0.2,2,0,0
6671,0.2,1,0,0
6672,0.2,2,0,0
6673,0.2,2,0,0
6674,0.2,1,0,0
6675,0.2,3,1,1
6676,0.2,0,1,1
6677,0.2,1,1,1
6678,0.2,0,0,0
6679,0.2,2,1,1
6680,0.2,1,1,1
6681,1.0,1,0,0
6682,1.0,1,0,1
6683,1.0,0,0,1
6684,0.2,3,0,0
6685,1.0,2,0,0
6686,0.2,1,0,0
6687,0.2,3,0,0
6688,0.2,2,1,1
6689,0.2,1,1,0
6690,0.2,3,1,0
6691,0.2,0,1,0
6692,0.2,0,1,0
6693,0.2,2,0,0
6694,0.2,2,1,0
6695,1.0,1,0,0
6696,0.2,2,0,0
6697,0.2,2,1,1
6698,1.0,2,1,1
6699,0.2,2,0,0
6700,1.0,3,1,1
6701,0.2,1,1,1
6702,0.2,1,1,1
6703,0.2,1,0,0
6704,0.2,1,0,0
6705,0.2,2,1,1
6706,0.2,0,1,1
6707,3.0,1,0,1
6708,0.2,2,0,0
6709,0.2,3,0,0
6710,1.0,0,1,1
6711,1.0,1,0,1
6712,1.0,0,0,1
6713,0.2,2,0,0
6714,2.2,0,1,1
6715,0.2,1,0,0
6716,0.2,1,1,1
6717,0.2,2,1,1
6718,0.2,1,0,0
6719,0.2,1,1,0
6720,0.2,1,0,0
6721,0.2,2,0,1
6722,1.0,1,0,1
6723,1.0,2,0,1
6724,0.2,1,0,0
6725,0.2,1,1,1
6726,0.2,3,1,0
6727,0.2,2,0,0
6728,1.0,1,0,1
6729,0.2,1,1,1
6730,0.2,1,0,1
6731,2.2,1,1,1
6732,0.2,3,0,0
6733,0.2,1,1,1
6734,1.0,2,1,1
6735,0.2,0,1,1
6736,0.2,1,0,0
6737,1.0,3,0,0
6738,0.2,2,0,0
6739,0.2,1,1,0
6740,1.0,1,0,0
6741,0.2,2,0,0
6742,1.0,1,0,0
6743,1.0,3,0,0
6744,0.2,3,1,1
6745,1.0,0,1,1
6746,1.0,2,0,1
6747,0.2,2,0,0
6748,0.2,3,0,0
6749,2.2,2,0,1
6750,0.2,1,1,1
6751,0.2,3,1,0
6752,0.2,0,1,1
6753,1.0,2,0,1
6754,0.2,3,1,1
6755,2.2,1,1,1
6756,0.2,2,1,1
6757,0.2,2,1,1
6758,0.2,2,1,1
6759,0.2,0,0,0
6760,0.2,2,0,0
6761,0.2,3,1,1
6762,0.2,2,1,1
6763,0.2,2,0,0
6764,1.0,1,1,1
6765,0.2,1,0,0
6766,0.2,3,1,0
6767,1.0,2,1,1
6768,1.0,2,1,1
6769,1.0,0,0,1
6770,0.2,1,1,0
6771,0.2,0,1,1
6772,0.2,1,1,1
6773,2.2,1,1,1
6774,0.2,2,0,0
6775,0.2,0,0,1
6776,0.2,1,0,1
6777,1.0,2,0,1
6778,0.2,2,1,0
6779,0.2,0,0,0
6780,0.2,1,1,1
6781,0.2,3,1,0
6782,0.2,2,1,1
6783,0.2,3,1,1
6784,1.0,2,0,0
6785,1.0,1,0,1
6786,0.2,1,0,1
6787,0.2,2,0,1
6788,1.0,3,1,1
6789,0.2,2,1,0
6790,0.2,2,1,0
6791,1.0,2,0,1
6792,0.2,0,0,0
6793,0.2,1,0,0
6794,0.2,2,0,0
6795,0.2,2,0,0
6796,1.0,1,1,1
6797,0.2,0,1,1
6798,0.2,3,0,0
6799,0.2,1,0,0
6800,0.2,3,1,0
6801,0.2,2,0,0
6802,0.2,2,0,0
6803,0.2,2,0,0
6804,0.2,1,1,0
6805,0.2,1,0,0
6806,0.2,2,0,0
6807,0.2,2,1,0
6808,0.2,0,0,0
6809,0.2,2,0,0
6810,0.2,0,1,1
6811,0.2,1,0,0
6812,0.2,0,0,0
6813,0.2,1,1,0
6814,0.2,0,0,0
6815,1.0,1,0,1
6816,0.2,1,1,1
6817,1.0,2,1,1
6818,0.2,2,1,1
6819,0.2,1,1,0
6820,0.2,2,1,1
6821,0.2,1,1,1
6822,2.2,1,0,1
6823,0.2,0,1,1
6824,0.2,1,1,1
6825,0.2,2,1,1
6826,0.2,1,0,0
6827,1.0,1,0,0
6828,0.2,1,1,1
6829,0.2,2,0,0
6830,2.2,2,1,1
6831,1.0,3,1,1
6832,0.2,1,0,1
6833,1.0,2,0,0
6834,0.2,1,0,0
6835,0.2,0,1,1
6836,1.0,3,1,1
6837,0.2,1,0,0
6838,0.2,1,1,1
6839,0.2,2,0,0
6840,0.2,2,0,0
6841,1.0,2,0,1
6842,0.2,1,1,0
6843,0.2,1,0,0
6844,0.2,1,1,1
6845,0.2,0,0,0
6846,0.2,2,1,0
6847,0.2,2,1,0
6848,1.0,2,1,1
6849,0.2,3,1,0
6850,0.2,1,0,0
6851,1.0,1,0,1
6852,0.2,0,0,0
6853,0.2,1,0,1
6854,2.2,1,1,1
6855,0.2,1,1,1
6856,0.2,3,0,0
6857,0.2,0,0,0
6858,0.2,2,0,0
6859,0.2,1,1,0
6860,0.2,3,0,0
6861,1.0,2,0,1
6862,0.2,1,1,1
6863,0.2,1,1,1
6864,0.2,1,0,0
6865,1.0,2,0,0
6866,0.2,1,1,1
6867,0.2,1,0,0
6868,0.2,2,0,0
6869,0.2,0,0,0
6870,0.2,2,0,1
6871,0.2,2,0,1
6872,0.2,3,0,0
6873,1.0,1,0,1
6874,1.0,1,0,1
6875,0.2,3,1,0
6876,1.0,3,0,0
6877,1.0,2,0,0
6878,1.0,1,1,1
6879,1.0,0,1,1
6880,0.2,0,0,0
6881,0.2,2,0,1
6882,0.2,1,1,1
6883,2.2,1,0,1
6884,0.2,1,0,0
6885,0.2,2,0,0
6886,0.2,2,0,0
6887,1.0,2,0,1
6888,0.2,1,0,0
6889,1.0,0,0,0
6890,0.2,1,0,0
6891,0.2,2,0,0
6892,0.2,1,0,0
6893,0.2,0,1,0
6894,0.2,0,0,1
6895,1.0,2,1,1
6896,1.0,1,0,1
6897,0.2,0,1,0
6898,0.2,1,0,0
6899,1.0,2,1,0
6900,1.0,2,1,1
6901,1.0,2,0,0
6902,0.2,1,1,1
6903,0.2,2,1,0
6904,0.2,2,0,0
6905,0.2,2,1,0
6906,0.2,3,0,0
6907,0.2,2,1,1
6908,0.2,1,0,0
6909,0.2,2,1,0
6910,0.2,2,0,0
6911,1.0,0,0,0
6912,1.0,3,0,0
6913,1.0,1,1,1
6914,0.2,1,0,0
6915,0.2,2,1,1
6916,0.2,1,1,0
6917,0.2,3,0,0
6918,1.0,2,0,0
6919,0.2,1,1,0
6920,0.2,1,0,0
6921,0.2,2,1,1
6922,0.2,3,1,1
6923,1.0,2,0,1
6924,0.2,1,1,0
6925,0.2,1,0,1
6926,0.2,2,0,0
6927,0.2,0,1,1
6928,0.2,0,1,1
6929,0.2,2,1,1
6930,0.2,1,0,0
6931,0.2,2,0,0
6932,0.2,2,0,0
6933,1.0,1,1,1
6934,1.0,2,1,1
6935,0.2,2,0,0
6936,0.2,2,1,0
6937,0.2,2,0,0
6938,1.0,0,1,1
6939,1.0,2,0,1
6940,0.2,1,1,1
6941,0.2,1,1,1
6942,0.2,2,1,1
6943,0.2,1,0,0
6944,2.2,1,1,1
6945,1.0,2,1,1
6946,1.0,3,0,1
6947,0.2,2,0,0
6948,1.0,0,0,1
6949,1.0,1,1,1
6950,0.2,2,1,1
6951,0.2,2,0,0
6952,0.2,3,1,1
6953,0.2,0,1,1
6954,1.0,1,0,1
6955,0.2,3,1,0
6956,0.2,3,1,0
6957,0.2,1,0,0
6958,1.0,3,1,1
6959,0.2,1,0,0
6960,0.2,2,1,1
6961,0.2,2,1,0
6962,0.2,0,0,1
6963,1.0,1,1,1
6964,0.2,2,1,0
6965,0.2,1,1,1
6966,0.2,2,0,0
6967,0.2,1,0,0
6968,0.2,1,0,0
6969,0.2,2,0,0
6970,0.2,3,1,0
6971,1.0,2,1,1
6972,0.2,0,0,0
6973,0.2,1,1,1
6974,0.2,1,1,0
6975,0.2,3,0,0
6976,0.2,2,0,0
6977,0.2,1,0,0
6978,0.2,2,1,1
6979,0.2,1,1,1
6980,1.0,1,0,1
6981,0.2,1,1,1
6982,1.0,2,1,1
6983,1.0,2,0,0
6984,1.0,1,1,1
6985,0.2,0,1,0
6986,1.0,1,0,1
6987,0.2,2,0,0
6988,1.0,0,0,1
6989,0.2,2,0,0
6990,0.2,2,1,0
6991,0.2,2,1,1
6992,1.0,1,1,1
6993,0.2,1,1,0
6994,0.2,2,1,1
6995,0.2,1,0,0
6996,0.2,1,0,0
6997,0.2,1,0,1
6998,0.2,2,0,0
6999,0.2,2,1,0
7000,0.2,2,1,1
7001,0.2,3,1,0
7002,1.0,2,0,1
7003,0.2,2,1,0
7004,1.0,0,0,1
7005,0.2,2,0,0
7006,1.0,2,1,1
7007,1.0,3,0,0
7008,1.0,0,0,0
7009,0.2,3,0,0
7010,0.2,1,0,0
7011,0.2,1,1,0
7012,0.2,3,1,1
7013,0.2,0,0,0
7014,1.0,0,0,0
7015,0.2,1,0,0
7016,0.2,0,0,0
7017,0.2,2,0,0
7018,0.2,2,1,0
7019,0.2,1,0,0
7020,0.2,1,0,0
7021,0.2,1,0,0
7022,0.2,1,1,1
7023,0.2,1,1,1
7024,0.2,2,1,1
7025,2.2,1,0,1
7026,0.2,3,0,0
7027,0.2,2,0,0
7028,0.2,2,1,1
7029,1.0,1,1,1
7030,1.0,2,1,1
7031,0.2,3,0,0
7032,0.2,1,0,0
7033,0.2,1,1,1
7034,1.0,0,0,1
7035,0.2,1,1,1
7036,1.0,3,1,1
7037,0.2,2,1,1
7038,1.0,0,0,0
7039,0.2,1,0,0
7040,0.2,2,1,0
7041,1.0,2,1,1
7042,0.2,1,0,0
7043,0.2,1,0,0
7044,1.0,3,0,0
7045,1.0,2,0,1
7046,0.2,2,0,0
7047,0.2,1,0,0
7048,0.2,2,1,1
7049,1.0,1,0,0
7050,0.2,0,0,0
7051,0.2,2,1,1
7052,1.0,0,0,1
7053,1.0,2,1,1
7054,0.2,2,0,0
7055,0.2,1,1,1
7056,1.0,2,0,0
7057,0.2,2,0,0
7058,0.2,1,1,0
7059,0.2,2,1,1
7060,1.0,0,1,1
7061,1.0,1,1,1
7062,0.2,1,1,1
7063,1.0,1,1,0
7064,0.2,2,1,1
7065,0.2,2,0,0
7066,0.2,2,1,1
7067,0.2,2,0,0
7068,1.0,1,0,0
7069,0.2,1,0,0
7070,1.0,3,0,1
7071,0.2,2,0,0
7072,1.0,2,1,0
7073,0.2,3,0,0
7074,0.2,1,0,0
7075,1.0,1,1,1
7076,1.0,1,0,1
7077,0.2,2,1,1
7078,0.2,1,0,0
7079,0.2,1,0,0
7080,0.2,2,0,1
7081,0.2,0,0,0
7082,0.2,2,0,0
7083,0.2,1,0,0
7084,0.2,2,0,0
7085,0.2,3,1,0
7086,0.2,2,1,0
7087,0.2,1,1,1
7088,2.2,2,0,0
7089,1.0,2,0,1
7090,0.2,3,0,0
7091,0.2,2,1,0
7092,0.2,1,0,0
7093,1.0,1,1,1
7094,1.0,3,0,0
7095,0.2,2,1,1
7096,0.2,2,1,0
7097,1.0,1,0,0
7098,0.2,2,0,0
7099,0.2,2,0,0
7100,0.2,3,0,0
7101,1.0,1,1,1
7102,0.2,2,1,0
7103,0.2,1,1,0
7104,0.2,2,1,1
7105,0.2,2,1,1
7106,0.2,1,1,1
7107,0.2,2,0,0
7108,1.0,1,1,1
7109,0.2,0,1,1
7110,0.2,1,0,1
7111,1.0,2,0,0
7112,0.2,1,0,1
7113,0.2,0,1,1
7114,0.2,1,0,0
7115,0.2,1,0,0
7116,0.2,1,0,0
7117,1.0,0,1,1
7118,0.2,1,1,1
7119,1.0,2,0,0
7120,0.2,1,1,0
7121,1.0,2,0,1
7122,0.2,1,0,0
7123,0.2,2,0,0
7124,0.2,2,1,0
7125,0.2,0,1,1
7126,1.0,3,1,1
7127,0.2,1,1,1
7128,1.0,0,0,0
7129,0.2,1,0,0
7130,1.0,1,0,1
7131,0.2,1,0,0
7132,0.2,2,0,0
7133,0.2,0,0,0
7134,0.2,0,0,0
7135,0.2,1,1,0
7136,1.0,2,1,1
7137,1.0,3,1,1
7138,0.2,2,0,0
7139,0.2,0,0,0
7140,1.0,1,1,1
7141,0.2,2,0,1
7142,0.2,1,1,0
7143,1.0,0,1,1
7144,0.2,1,0,0
7145,0.2,3,0,0
7146,1.0,3,1,1
7147,0.2,2,0,0
7148,0.2,2,0,0
7149,0.2,2,1,1
7150,0.2,1,0,0
7151,2.2,1,1,1
7152,1.0,1,1,1
7153,0.2,2,1,1
7154,0.2,2,0,0
7155,1.0,2,1,1
7156,0.2,1,1,1
7157,0.2,1,1,0
7158,0.2,2,0,0
7159,1.0,0,1,1
7160,1.0,2,1,1
7161,0.2,2,1,1
7162,0.2,2,0,0
7163,0.2,2,0,0
7164,0.2,2,0,0
7165,0.2,2,1,0
7166,0.2,2,0,0
7167,0.2,1,1,1
7168,2.2,1,0,1
7169,0.2,1,0,0
7170,0.2,1,0,0
7171,0.2,1,1,1
7172,0.2,0,0,0
7173,0.2,2,1,1
7174,2.2,1,0,1
7175,0.2,3,0,0
7176,1.0,2,1,1
7177,0.2,3,1,1
7178,0.2,3,0,0
7179,0.2,2,1,0
7180,1.0,1,0,1
7181,0.2,2,0,0
7182,1.0,2,0,0
7183,2.2,1,0,1
7184,0.2,2,0,0
7185,0.2,2,0,0
7186,0.2,2,1,1
7187,2.2,0,1,1
7188,0.2,2,0,0
7189,0.2,1,0,0
7190,1.0,0,1,1
7191,0.2,1,0,0
7192,0.2,0,0,0
7193,0.2,3,0,0
7194,0.2,2,1,0
7195,0.2,1,1,1
7196,1.0,0,0,1
7197,0.2,1,1,1
7198,0.2,2,0,0
7199,0.2,1,1,1
7200,0.2,2,0,0
7201,2.2,1,1,1
7202,0.2,2,0,0
7203,1.0,1,1,1
7204,0.2,1,1,1
7205,0.2,2,1,1
7206,2.2,1,1,1
7207,3.0,0,0,1
7208,0.2,0,0,0
7209,0.2,2,0,0
7210,0.2,2,1,1
7211,2.2,1,1,1
7212,0.2,2,1,0
7213,0.2,2,1,0
7214,0.2,2,0,0
7215,1.0,1,1,1
7216,0.2,2,1,0
7217,0.2,2,1,1
7218,0.2,2,1,0
7219,0.2,3,1,0
7220,0.2,1,0,0
7221,0.2,1,0,0
7222,0.2,0,1,1
7223,0.2,2,0,0
7224,0.2,2,0,0
7225,0.2,1,0,0
7226,1.0,1,1,1
7227,0.2,2,1,0
7228,0.2,2,1,0
7229,0.2,0,0,0
7230,0.2,1,1,1
7231,1.0,2,0,1
7232,1.0,2,1,1
7233,0.2,2,1,1
7234,0.2,2,1,0
7235,0.2,2,1,1
7236,0.2,1,0,0
7237,1.0,3,1,1
7238,0.2,3,1,1
7239,0.2,1,0,0
7240,0.2,1,1,1
7241,0.2,1,1,1
7242,0.2,2,1,1
7243,0.2,3,1,1
7244,0.2,0,1,0
7245,1.0,1,1,1
7246,0.2,1,1,1
7247,2.2,0,0,1
7248,0.2,3,1,0
7249,0.2,2,0,0
7250,0.2,1,0,0
7251,0.2,3,1,0
7252,0.2,0,0,1
7253,0.2,1,1,0
7254,1.0,0,0,0
7255,1.0,2,0,1
7256,0.2,1,1,1
7257,0.2,3,1,1
7258,1.0,2,0,0
7259,1.0,1,1,1
7260,0.2,2,1,1
7261,0.2,3,0,0
7262,1.0,2,1,1
7263,0.2,3,1,0
7264,0.2,0,0,0
7265,0.2,2,0,0
7266,0.2,1,1,1
7267,0.2,2,1,1
7268,1.0,2,1,1
7269,0.2,3,1,1
7270,0.2,1,1,1
7271,0.2,1,0,0
7272,0.2,2,1,0
7273,1.0,2,0,1
7274,0.2,2,0,0
7275,0.2,1,1,1
7276,0.2,2,0,0
7277,0.2,1,1,0
7278,0.2,1,1,1
7279,0.2,2,0,1
7280,1.0,3,1,1
7281,1.0,1,0,1
7282,0.2,1,1,1
7283,0.2,0,0,1
7284,0.2,3,0,0
7285,1.0,2,1,1
7286,0.2,2,1,1
7287,0.2,0,1,0
7288,0.2,1,1,1
7289,0.2,2,0,0
7290,1.0,1,1,1
7291,1.0,2,1,1
7292,0.2,3,1,1
7293,1.0,2,1,1
7294,0.2,1,0,0
7295,0.2,2,0,0
7296,0.2,2,1,1
7297,0.2,1,0,0
7298,0.2,2,1,0
7299,1.0,1,1,1
7300,1.0,1,1,1
7301,0.2,1,1,1
7302,0.2,2,1,1
7303,0.2,1,1,1
7304,0.2,1,0,0
7305,0.2,2,0,0
7306,1.0,2,1,1
7307,0.2,1,0,0
7308,0.2,3,0,0
7309,0.2,2,1,1
7310,0.2,3,1,0
7311,0.2,2,1,1
7312,0.2,0,1,1
7313,1.0,1,0,1
7314,0.2,2,1,0
7315,1.0,1,1,1
7316,0.2,2,0,0
7317,0.2,0,0,0
7318,0.2,1,1,1
7319,0.2,1,0,0
7320,1.0,0,1,1
7321,1.0,1,0,0
7322,0.2,1,1,1
7323,0.2,2,0,0
7324,0.2,2,1,1
7325,2.2,1,1,1
7326,0.2,2,1,1
7327,0.2,1,0,0
7328,0.2,2,0,0
7329,0.2,0,1,1
7330,1.0,2,0,1
7331,0.2,2,0,0
7332,0.2,1,1,0
7333,0.2,2,0,0
7334,0.2,2,0,0
7335,0.2,1,0,0
7336,1.0,0,1,1
7337,0.2,2,1,1
7338,0.2,2,0,0
7339,0.2,0,0,0
7340,0.2,0,1,0
7341,0.2,1,0,0
7342,0.2,1,0,1
7343,0.2,1,0,0
7344,0.2,2,1,1
7345,2.2,1,0,1
7346,0.2,2,0,0
7347,0.2,1,0,0
7348,0.2,2,0,0
7349,0.2,1,1,1
7350,0.2,3,0,0
7351,0.2,2,1,1
7352,0.2,1,1,1
7353,0.2,1,0,0
7354,2.2,1,1,1
7355,0.2,3,1,1
7356,0.2,2,0,0
7357,1.0,2,0,1
7358,0.2,2,0,0
7359,0.2,1,0,0
7360,0.2,1,0,0
7361,1.0,2,1,1
7362,0.2,2,0,0
7363,1.0,1,0,0
7364,0.2,1,1,1
7365,0.2,2,0,0
7366,0.2,1,1,1
7367,0.2,1,0,0
7368,1.0,2,0,0
7369,0.2,1,0,0
7370,0.2,2,0,0
7371,1.0,2,0,1
7372,0.2,1,1,1
7373,0.2,1,1,1
7374,0.2,1,1,1
7375,0.2,1,0,1
7376,0.2,2,0,0
7377,0.2,2,1,0
7378,0.2,0,1,1
7379,0.2,2,1,1
7380,1.0,1,1,1
7381,0.2,3,1,0
7382,0.2,2,1,1
7383,0.2,2,1,1
7384,0.2,1,0,0
7385,0.2,2,0,0
7386,1.0,2,0,0
7387,0.2,1,0,0
7388,0.2,3,1,1
7389,0.2,2,1,1
7390,1.0,2,0,1
7391,0.2,2,1,0
7392,0.2,1,1,0
7393,0.2,3,0,0
7394,0.2,1,1,1
7395,0.2,2,1,1
7396,0.2,1,0,1
7397,0.2,1,0,1
7398,0.2,3,0,0
7399,1.0,1,0,0
7400,0.2,1,1,1
7401,0.2,2,1,1
7402,0.2,2,0,0
7403,0.2,3,0,0
7404,0.2,1,1,1
7405,0.2,2,0,0
7406,0.2,1,1,1
7407,0.2,2,1,1
7408,0.2,2,1,0
7409,0.2,2,1,1
7410,0.2,2,1,1
7411,0.2,3,1,0
7412,0.2,1,1,1
7413,0.2,1,0,0
7414,0.2,0,1,1
7415,0.2,2,0,0
7416,0.2,1,1,1
7417,1.0,0,0,1
7418,1.0,1,0,0
7419,0.2,1,1,1
7420,0.2,2,1,0
7421,0.2,1,1,1
7422,0.2,3,0,0
7423,1.0,2,0,1
7424,0.2,1,0,0
7425,0.2,1,0,0
7426,0.2,2,0,0
7427,0.2,1,0,0
7428,0.2,1,1,1
7429,0.2,2,1,0
7430,1.0,2,1,1
7431,0.2,1,0,0
7432,0.2,2,0,0
7433,0.2,1,0,0
7434,0.2,1,0,0
7435,0.2,2,1,1
7436,0.2,1,1,1
7437,0.2,1,1,1
7438,0.2,2,1,1
7439,1.0,2,0,0
7440,1.0,2,1,1
7441,0.2,2,0,0
7442,0.2,1,0,0
7443,0.2,1,1,1
7444,0.2,1,1,1
7445,0.2,0,0,0
7446,0.2,0,0,1
7447,0.2,3,1,1
7448,0.2,1,1,0
7449,0.2,2,1,0
7450,0.2,0,0,0
7451,0.2,1,1,1
7452,1.0,3,1,1
7453,0.2,3,0,0
7454,1.0,2,0,0
7455,0.2,1,0,1
7456,0.2,2,1,1
7457,0.2,2,0,0
7458,0.2,2,0,0
7459,1.0,1,0,1
7460,0.2,2,0,0
7461,0.2,2,0,0
7462,1.0,1,0,1
7463,0.2,1,1,1
7464,0.2,2,1,0
7465,0.2,2,1,1
7466,0.2,1,1,1
7467,1.0,2,0,0
7468,0.2,2,1,0
7469,0.2,2,0,0
7470,0.2,2,0,0
7471,0.2,0,1,1
7472,2.2,3,1,1
7473,0.2,1,1,1
7474,0.2,1,1,1
7475,0.2,1,0,0
7476,0.2,2,1,0
7477,0.2,0,1,1
7478,0.2,1,0,0
7479,0.2,1,1,0
7480,0.2,2,0,0
7481,0.2,3,1,0
7482,0.2,0,1,0
7483,1.0,0,1,1
7484,0.2,1,0,0
7485,0.2,1,0,0
7486,1.0,2,1,1
7487,0.2,3,0,0
7488,0.2,1,0,0
7489,0.2,1,0,0
7490,1.0,2,0,1
7491,0.2,2,0,0
7492,0.2,0,0,0
7493,0.2,1,0,0
7494,0.2,2,1,1
7495,0.2,0,1,1
7496,0.2,2,1,1
7497,0.2,2,1,0
7498,0.2,0,1,1
7499,0.2,1,0,0
7500,0.2,0,1,1
7501,0.2,2,1,1
7502,1.0,1,0,0
7503,0.2,2,1,1
7504,0.2,0,0,0
7505,1.0,1,1,1
7506,2.2,1,0,1
7507,0.2,1,1,0
7508,1.0,0,1,1
7509,1.0,2,0,0
7510,0.2,1,0,0
7511,0.2,2,0,0
7512,0.2,1,0,0
7513,0.2,1,1,1
7514,0.2,2,0,0
7515,0.2,1,0,0
7516,0.2,1,1,0
7517,0.2,1,0,0
7518,0.2,2,0,0
7519,0.2,2,0,0
7520,0.2,1,0,0
7521,0.2,1,1,1
7522,0.2,0,0,0
7523,1.0,3,1,1
7524,0.2,1,1,1
7525,0.2,1,0,0
7526,0.2,2,1,1
7527,0.2,1,1,1
7528,0.2,2,0,0
7529,0.2,1,1,1
7530,0.2,0,1,1
7531,0.2,1,0,0
7532,0.2,3,1,0
7533,2.2,3,0,1
7534,0.2,2,0,0
7535,0.2,0,0,1
7536,0.2,2,1,0
7537,1.0,1,1,1
7538,0.2,2,1,0
7539,1.0,2,1,1
7540,0.2,3,0,0
7541,0.2,3,0,0
7542,2.2,2,1,1
7543,0.2,1,1,1
7544,2.2,2,1,1
7545,1.0,1,1,1
7546,0.2,0,1,1
7547,0.2,1,1,1
7548,0.2,1,0,0
7549,1.0,1,0,1
7550,0.2,2,0,0
7551,0.2,2,1,1
7552,0.2,3,1,1
7553,1.0,2,0,1
7554,0.2,0,1,1
7555,0.2,3,0,0
7556,0.2,1,1,1
7557,0.2,2,0,0
7558,0.2,1,1,1
7559,1.0,2,0,0
7560,0.2,2,1,0
7561,0.2,0,1,1
7562,0.2,1,0,0
7563,0.2,2,1,0
7564,0.2,2,0,0
7565,0.2,2,1,1
7566,0.2,1,0,0
7567,0.2,3,1,0
7568,1.0,1,0,1
7569,0.2,0,1,1
7570,1.0,3,0,0
7571,0.2,1,1,1
7572,0.2,1,0,0
7573,0.2,1,0,0
7574,0.2,1,1,1
7575,2.2,1,1,1
7576,0.2,0,0,0
7577,0.2,2,0,0
7578,0.2,2,1,0
7579,0.2,0,0,1
7580,0.2,1,0,0
7581,0.2,1,1,0
7582,0.2,2,0,0
7583,0.2,1,0,0
7584,0.2,2,1,1
7585,0.2,1,1,1
7586,1.0,1,0,0
7587,0.2,3,1,1
7588,0.2,2,0,0
7589,0.2,1,0,0
7590,0.2,1,1,1
7591,1.0,1,0,0
7592,0.2,0,1,1
7593,0.2,1,0,0
7594,0.2,1,0,0
7595,0.2,2,1,0
7596,0.2,2,1,1
7597,0.2,1,1,0
7598,0.2,2,1,0
7599,0.2,0,0,0
7600,1.0,3,0,1
7601,1.0,2,0,0
7602,0.2,1,1,1
7603,0.2,1,1,1
7604,0.2,2,0,0
7605,0.2,1,0,0
7606,1.0,2,1,1
7607,0.2,2,0,0
7608,0.2,0,1,1
7609,0.2,1,0,1
7610,0.2,3,1,0
7611,1.0,2,0,0
7612,0.2,2,1,1
7613,0.2,2,0,0
7614,0.2,0,1,1
7615,0.2,2,1,0
7616,0.2,2,0,0
7617,0.2,1,1,0
7618,1.0,3,0,0
7619,0.2,1,1,0
7620,0.2,1,1,1
7621,1.0,1,1,1
7622,0.2,1,0,0
7623,0.2,1,0,1
7624,0.2,1,1,1
7625,0.2,3,0,0
7626,0.2,0,1,1
7627,1.0,2,0,0
7628,0.2,0,1,1
7629,0.2,1,1,1
7630,1.0,2,1,1
7631,3.0,3,1,1
7632,0.2,2,1,1
7633,1.0,1,1,1
7634,0.2,1,1,1
7635,0.2,1,1,1
7636,0.2,2,0,0
7637,1.0,1,0,0
7638,0.2,1,1,1
7639,0.2,2,0,0
7640,0.2,2,1,0
7641,0.2,0,1,1
7642,0.2,1,1,0
7643,2.2,1,1,1
7644,0.2,2,1,1
7645,0.2,0,0,0
7646,0.2,2,1,0
7647,0.2,0,0,0
7648,0.2,2,1,0
7649,0.2,2,0,0
7650,0.2,2,1,0
7651,0.2,2,0,0
7652,0.2,1,1,0
7653,1.0,2,0,0
7654,0.2,2,0,0
7655,0.2,3,1,1
7656,0.2,2,1,1
7657,0.2,2,1,0
7658,1.0,1,1,1
7659,1.0,2,0,0
7660,0.2,2,0,0
7661,0.2,0,0,0
7662,1.0,1,0,0
7663,0.2,2,0,0
7664,1.0,1,0,0
7665,0.2,2,1,1
7666,0.2,1,0,0
7667,0.2,3,0,0
7668,0.2,2,1,0
7669,0.2,1,1,1
7670,0.2,2,1,1
7671,0.2,1,1,0
7672,0.2,1,1,1
7673,0.2,2,0,0
7674,1.0,0,0,1
7675,0.2,2,1,0
7676,0.2,1,1,0
7677,0.2,1,0,0
7678,0.2,1,1,0
7679,0.2,1,0,0
7680,0.2,1,0,0
7681,1.0,2,0,0
7682,0.2,2,0,0
7683,0.2,1,0,0
7684,2.2,1,1,1
7685,2.2,1,0,1
7686,1.0,2,0,1
7687,0.2,2,1,1
7688,0.2,1,0,0
7689,0.2,2,1,0
7690,0.2,1,0,0
7691,0.2,2,0,0
7692,1.0,1,1,1
7693,0.2,1,1,0
7694,0.2,1,0,0
7695,0.2,2,1,1
7696,0.2,3,0,0
7697,0.2,2,0,0
7698,0.2,2,0,0
7699,3.0,3,1,1
7700,1.0,1,1,1
7701,0.2,2,0,0
7702,0.2,3,0,1
7703,1.0,0,1,1
7704,0.2,3,1,1
7705,0.2,2,0,0
7706,0.2,0,1,1
7707,0.2,0,1,1
7708,0.2,2,1,1
7709,0.2,1,0,0
7710,0.2,2,1,0
7711,0.2,2,1,1
7712,0.2,1,1,1
7713,0.2,1,1,0
7714,0.2,1,0,0
7715,1.0,2,1,1
7716,0.2,2,1,0
7717,0.2,3,0,0
7718,0.2,2,0,0
7719,0.2,2,1,0
7720,0.2,2,0,0
7721,0.2,2,1,0
7722,0.2,1,1,1
7723,0.2,2,1,0
7724,1.0,1,1,1
7725,0.2,1,1,0
7726,0.2,1,0,1
7727,0.2,1,1,1
7728,1.0,0,1,1
7729,1.0,2,0,0
7730,1.0,3,0,0
7731,2.2,3,1,1
7732,0.2,3,0,0
7733,0.2,2,0,0
7734,0.2,2,1,1
7735,1.0,0,1,1
7736,2.2,3,0,1
7737,0.2,1,1,1
7738,0.2,1,0,0
7739,0.2,1,1,1
7740,0.2,1,0,0
7741,0.2,3,0,0
7742,1.0,1,1,1
7743,0.2,2,0,1
7744,0.2,0,1,1
7745,0.2,2,1,1
7746,0.2,2,0,1
7747,0.2,0,1,1
7748,0.2,1,0,0
7749,0.2,2,1,1
7750,0.2,1,1,1
7751,1.0,0,0,0
7752,0.2,2,0,0
7753,0.2,1,1,1
7754,1.0,3,1,1
7755,0.2,1,1,0
7756,0.2,2,0,0
7757,0.2,1,0,0
7758,2.2,1,1,1
7759,1.0,1,0,0
7760,1.0,1,1,1
7761,0.2,1,1,1
7762,0.2,3,1,0
7763,1.0,2,0,0
7764,0.2,2,0,0
7765,0.2,2,0,0
7766,0.2,3,1,0
7767,0.2,2,1,1
7768,0.2,3,1,0
7769,1.0,1,0,0
7770,0.2,2,1,0
7771,0.2,2,0,0
7772,0.2,3,1,1
7773,0.2,0,1,1
7774,0.2,2,0,0
7775,0.2,0,1,0
7776,0.2,2,0,0
7777,2.2,2,1,1
7778,0.2,0,1,1
7779,1.0,1,1,1
7780,0.2,1,1,1
7781,0.2,3,0,0
7782,0.2,3,1,1
7783,0.2,1,0,0
7784,0.2,0,1,1
7785,0.2,1,0,0
7786,0.2,2,0,0
7787,0.2,3,0,0
7788,0.2,3,1,0
7789,0.2,1,1,1
7790,1.0,1,0,1
7791,1.0,2,1,1
7792,0.2,2,0,0
7793,1.0,2,1,1
7794,0.2,1,0,0
7795,0.2,1,0,0
7796,0.2,2,1,1
7797,1.0,2,0,0
7798,0.2,3,1,1
7799,0.2,2,1,1
7800,0.2,2,1,1
7801,1.0,1,1,1
7802,2.2,1,1,1
7803,0.2,2,1,1
7804,1.0,1,0,0
7805,0.2,1,1,1
7806,0.2,2,0,0
7807,0.2,3,1,1
7808,1.0,2,1,1
7809,0.2,1,1,1
7810,0.2,2,0,0
7811,0.2,1,0,0
7812,0.2,1,1,1
7813,0.2,1,1,0
7814,1.0,2,0,1
7815,0.2,1,1,1
7816,1.0,2,1,1
7817,1.0,1,0,1
7818,2.2,1,1,1
7819,0.2,1,0,0
7820,0.2,1,1,1
7821,0.2,3,1,1
7822,2.2,2,1,1
7823,1.0,1,1,1
7824,0.2,1,0,0
7825,0.2,2,0,0
7826,0.2,1,1,1
7827,0.2,2,0,0
7828,1.0,1,0,1
7829,1.0,2,0,0
7830,0.2,1,1,1
7831,0.2,2,1,1
7832,1.0,1,1,1
7833,2.2,0,1,1
7834,0.2,2,1,1
7835,0.2,2,1,1
7836,0.2,1,1,1
7837,0.2,1,0,0
7838,0.2,1,1,1
7839,2.2,2,1,1
7840,0.2,2,1,1
7841,1.0,0,0,1
7842,0.2,0,1,1
7843,0.2,3,1,1
7844,1.0,1,1,1
7845,0.2,0,1,0
7846,0.2,1,1,1
7847,2.2,1,0,1
7848,0.2,2,0,0
7849,0.2,1,0,0
7850,0.2,2,1,1
7851,0.2,3,1,1
7852,1.0,1,1,1
7853,1.0,1,0,1
7854,1.0,1,1,1
7855,0.2,2,1,1
7856,0.2,1,1,1
7857,1.0,2,1,1
7858,0.2,3,0,0
7859,0.2,1,0,1
7860,0.2,0,0,0
7861,0.2,1,0,0
7862,0.2,3,0,0
7863,0.2,1,1,1
7864,0.2,1,0,0
7865,0.2,2,1,1
7866,0.2,1,1,1
7867,0.2,1,0,0
7868,1.0,1,1,1
7869,0.2,3,0,0
7870,0.2,2,1,1
7871,1.0,3,1,1
7872,1.0,1,1,1
7873,0.2,2,0,0
7874,0.2,2,1,0
7875,1.0,1,1,1
7876,1.0,2,0,0
7877,0.2,1,1,1
7878,0.2,2,0,1
7879,0.2,0,1,1
7880,0.2,1,0,1
7881,1.0,3,0,1
7882,1.0,2,1,1
7883,0.2,1,1,1
7884,0.2,2,0,0
7885,0.2,1,0,0
7886,0.2,2,0,0
7887,0.2,2,1,1
7888,0.2,0,1,1
7889,0.2,0,1,1
7890,1.0,1,1,1
7891,0.2,3,0,0
7892,2.2,2,1,1
7893,1.0,2,1,1
7894,0.2,1,1,1
7895,1.0,2,0,1
7896,0.2,2,0,0
7897,0.2,0,0,0
7898,2.2,1,1,1
7899,1.0,2,1,1
7900,0.2,2,1,1
7901,1.0,0,1,1
7902,0.2,3,0,0
7903,0.2,2,1,1
7904,0.2,3,1,0
7905,0.2,2,0,0
7906,0.2,1,1,1
7907,0.2,2,0,0
7908,0.2,1,0,0
7909,0.2,2,1,0
7910,1.0,2,0,0
7911,0.2,3,1,1
7912,1.0,2,0,1
7913,0.2,1,1,0
7914,0.2,2,1,1
7915,0.2,1,1,1
7916,1.0,3,0,0
7917,0.2,2,0,0
7918,0.2,1,0,0
7919,0.2,0,1,1
7920,0.2,3,0,0
7921,0.2,3,1,1
7922,0.2,2,0,0
7923,0.2,2,1,0
7924,0.2,2,1,1
7925,1.0,2,1,1
7926,0.2,1,0,0
7927,1.0,2,1,1
7928,1.0,1,0,1
7929,0.2,2,0,1
7930,0.2,2,1,0
7931,0.2,1,1,0
7932,0.2,1,0,0
7933,0.2,2,0,0
7934,1.0,1,1,1
7935,0.2,2,0,1
7936,0.2,1,0,0
7937,0.2,0,1,1
7938,0.2,0,1,1
7939,0.2,1,0,0
7940,0.2,2,0,0
7941,0.2,1,0,0
7942,0.2,2,1,1
7943,1.0,2,0,0
7944,1.0,3,0,0
7945,0.2,2,0,0
7946,0.2,1,0,0
7947,0.2,3,0,1
7948,2.2,2,1,1
7949,0.2,0,0,0
7950,1.0,0,0,1
7951,1.0,2,1,1
7952,0.2,3,1,0
7953,0.2,1,0,0
7954,0.2,2,0,0
7955,0.2,2,1,1
7956,0.2,1,1,1
7957,0.2,2,1,0
7958,1.0,1,1,1
7959,0.2,1,1,1
7960,1.0,1,1,1
7961,1.0,2,0,0
7962,0.2,0,1,1
7963,0.2,1,0,1
7964,1.0,2,1,1
7965,0.2,1,0,0
7966,0.2,1,0,0
7967,0.2,3,1,0
7968,0.2,2,1,0
7969,0.2,0,1,1
7970,1.0,0,0,0
7971,0.2,1,0,0
7972,1.0,0,1,1
7973,0.2,2,0,0
7974,0.2,2,1,1
7975,1.0,2,0,0
7976,0.2,1,0,0
7977,0.2,3,1,1
7978,0.2,3,1,1
7979,0.2,1,1,1
7980,0.2,2,1,1
7981,0.2,0,1,1
7982,0.2,3,0,0
7983,0.2,3,0,0
7984,0.2,2,0,0
7985,0.2,2,0,0
7986,1.0,2,0,0
7987,0.2,0,1,1
7988,1.0,0,0,1
7989,0.2,0,0,0
7990,0.2,2,0,0
7991,0.2,1,1,1
7992,0.2,2,1,1
7993,0.2,1,1,1
7994,2.2,1,0,1
7995,1.0,2,0,1
7996,1.0,1,1,1
7997,1.0,2,1,1
7998,0.2,0,1,1
7999,0.2,0,1,1
8000,0.2,2,1,1
8001,0.2,2,0,0
8002,0.2,1,1,1
8003,0.2,2,1,0
8004,0.2,0,1,1
8005,1.0,2,0,0
8006,0.2,0,1,1
8007,0.2,0,0,1
8008,2.2,1,0,1
8009,1.0,0,0,1
8010,0.2,3,1,0
8011,1.0,2,0,0
8012,0.2,0,1,1
8013,2.2,1,1,1
8014,0.2,2,0,0
8015,0.2,0,1,1
8016,0.2,1,0,0
8017,0.2,2,0,0
8018,0.2,1,1,1
8019,0.2,2,0,0
8020,0.2,1,0,1
8021,1.0,1,0,0
8022,0.2,1,0,0
8023,0.2,0,1,1
8024,0.2,1,0,0
8025,0.2,1,1,1
8026,0.2,3,0,0
8027,0.2,1,0,0
8028,1.0,1,0,0
8029,0.2,0,1,0
8030,0.2,2,0,0
8031,0.2,2,1,1
8032,0.2,2,1,1
8033,0.2,2,1,1
8034,0.2,0,1,1
8035,0.2,3,0,0
8036,1.0,2,1,1
8037,0.2,0,1,1
8038,0.2,1,0,0
8039,1.0,1,1,1
8040,1.0,2,1,1
8041,1.0,2,0,0
8042,1.0,2,0,1
8043,0.2,0,0,0
8044,0.2,3,1,0
8045,0.2,1,0,0
8046,1.0,1,0,0
8047,0.2,2,1,0
8048,0.2,1,1,1
8049,0.2,2,0,0
8050,0.2,1,1,1
8051,0.2,1,0,0
8052,1.0,1,1,1
8053,0.2,1,1,1
8054,0.2,2,1,0
8055,0.2,1,1,0
8056,0.2,1,0,0
8057,0.2,2,1,1
8058,0.2,0,1,1
8059,0.2,3,0,0
8060,0.2,2,1,0
8061,1.0,1,1,1
8062,0.2,2,1,0
8063,0.2,1,0,0
8064,2.2,1,0,1
8065,0.2,1,0,0
8066,0.2,3,0,0
8067,0.2,3,0,0
8068,1.0,1,0,1
8069,1.0,1,0,1
8070,0.2,3,0,0
8071,1.0,1,0,0
8072,0.2,2,0,0
8073,0.2,2,1,1
8074,0.2,0,0,0
8075,0.2,2,1,1
8076,0.2,2,0,0
8077,0.2,1,1,0
8078,0.2,1,0,0
8079,0.2,2,0,0
8080,0.2,2,0,0
8081,0.2,3,1,0
8082,0.2,1,1,1
8083,0.2,1,1,1
8084,1.0,1,0,1
8085,0.2,3,0,0
8086,0.2,3,0,0
8087,0.2,1,1,0
8088,0.2,1,0,0
8089,0.2,2,0,0
8090,0.2,3,1,1
8091,0.2,0,1,0
8092,0.2,0,0,0
8093,0.2,2,0,0
8094,0.2,1,0,0
8095,0.2,2,0,1
8096,0.2,1,0,0
8097,0.2,1,0,0
8098,0.2,1,0,0
8099,0.2,0,1,1
8100,0.2,3,0,0
8101,1.0,1,0,1
8102,1.0,1,1,1
8103,0.2,2,1,1
8104,2.2,2,1,1
8105,1.0,2,1,1
8106,0.2,2,1,0
8107,0.2,2,1,1
8108,0.2,1,1,0
8109,0.2,2,0,0
8110,0.2,0,1,1
8111,2.2,1,1,1
8112,0.2,1,0,0
8113,0.2,2,0,0
8114,0.2,0,0,0
8115,0.2,0,0,0
8116,0.2,0,0,1
8117,1.0,2,1,1
8118,0.2,2,1,1
8119,0.2,2,1,1
8120,0.2,3,0,0
8121,0.2,1,1,1
8122,0.2,2,0,0
8123,0.2,2,0,0
8124,0.2,2,0,0
8125,0.2,1,0,0
8126,0.2,2,0,0
8127,0.2,3,1,1
8128,0.2,2,1,1
8129,0.2,2,1,1
8130,0.2,2,0,0
8131,1.0,2,0,0
8132,0.2,2,1,1
8133,0.2,2,0,0
8134,0.2,2,1,0
8135,0.2,2,1,1
8136,1.0,1,1,1
8137,1.0,0,1,1
8138,0.2,1,0,1
8139,1.0,1,1,1
8140,0.2,3,1,0
8141,1.0,2,1,1
8142,0.2,1,0,0
8143,0.2,2,1,1
8144,0.2,1,0,0
8145,1.0,1,0,1
8146,1.0,2,0,1
8147,0.2,2,1,1
8148,1.0,1,1,1
8149,1.0,2,1,1
8150,1.0,1,1,1
8151,0.2,1,0,1
8152,0.2,1,1,1
8153,0.2,3,1,1
8154,0.2,2,0,0
8155,0.2,2,0,0
8156,1.0,2,1,1
8157,0.2,2,1,1
8158,0.2,2,0,0
8159,0.2,3,0,0
8160,0.2,1,0,0
8161,0.2,2,0,0
8162,1.0,0,1,1
8163,1.0,1,1,1
8164,1.0,1,1,1
8165,1.0,2,0,1
8166,0.2,1,0,0
8167,0.2,2,1,1
8168,0.2,2,1,1
8169,1.0,1,0,0
8170,0.2,2,1,0
8171,0.2,3,1,0
8172,1.0,2,0,1
8173,0.2,3,0,0
8174,0.2,1,0,0
8175,0.2,1,1,1
8176,0.2,2,0,0
8177,1.0,1,0,0
8178,1.0,1,1,1
8179,0.2,0,0,0
8180,0.2,3,1,1
8181,0.2,1,1,1
8182,0.2,1,0,1
8183,1.0,2,0,0
8184,0.2,1,1,1
8185,0.2,1,0,0
8186,1.0,1,1,1
8187,0.2,2,1,1
8188,0.2,3,0,0
8189,0.2,2,1,0
8190,1.0,2,1,1
8191,0.2,2,1,1
8192,0.2,3,0,0
8193,0.2,2,0,0
8194,0.2,1,1,0
8195,0.2,0,1,1
8196,0.2,1,0,0
8197,0.2,1,0,1
8198,0.2,1,1,0
8199,1.0,3,0,1
8200,0.2,3,0,0
8201,0.2,1,0,0
8202,0.2,2,0,0
8203,0.2,2,0,0
8204,0.2,2,1,1
8205,0.2,2,1,1
8206,0.2,1,0,0
8207,0.2,2,1,1
8208,0.2,2,1,1
8209,0.2,2,0,0
8210,0.2,3,0,0
8211,0.2,1,1,1
8212,1.0,2,0,0
8213,1.0,2,1,1
8214,1.0,2,1,1
8215,0.2,0,1,1
8216,0.2,2,1,1
8217,1.0,2,0,0
8218,0.2,2,0,0
8219,0.2,0,0,1
8220,0.2,1,0,0
8221,1.0,1,0,0
8222,1.0,1,0,1
8223,0.2,2,1,1
8224,0.2,2,1,1
8225,0.2,1,0,0
8226,0.2,2,0,0
8227,0.2,2,1,1
8228,0.2,1,0,0
8229,0.2,1,1,1
8230,0.2,1,0,0
8231,0.2,0,1,1
8232,1.0,1,1,1
8233,0.2,2,0,0
8234,0.2,1,0,0
8235,0.2,2,1,1
8236,1.0,2,0,0
8237,0.2,1,1,1
8238,0.2,0,1,1
8239,0.2,0,0,0
8240,0.2,2,0,0
8241,0.2,1,0,0
8242,0.2,2,1,0
8243,0.2,1,0,0
8244,1.0,3,0,0
8245,0.2,1,0,0
8246,0.2,0,1,1
8247,0.2,1,0,0
8248,0.2,2,0,0
8249,1.0,1,0,1
8250,1.0,2,1,1
8251,0.2,2,0,0
8252,0.2,1,0,0
8253,0.2,2,0,0
8254,2.2,2,0,1
8255,0.2,2,1,0
8256,2.2,1,1,1
8257,2.2,1,1,1
8258,0.2,2,1,1
8259,0.2,2,1,1
8260,0.2,1,0,0
8261,0.2,2,0,0
8262,1.0,2,0,0
8263,0.2,1,0,0
8264,0.2,1,1,1
8265,0.2,3,1,0
8266,1.0,2,0,1
8267,2.2,0,1,1
8268,0.2,1,1,0
8269,0.2,3,0,0
8270,0.2,2,1,0
8271,0.2,2,1,1
8272,1.0,1,0,1
8273,1.0,1,0,1
8274,0.2,2,0,0
8275,0.2,1,1,0
8276,0.2,2,1,1
8277,0.2,1,0,0
8278,0.2,1,1,0
8279,0.2,2,0,0
8280,0.2,3,1,0
8281,0.2,1,0,0
8282,0.2,0,1,0
8283,0.2,3,0,0
8284,0.2,1,1,1
8285,0.2,1,1,1
8286,0.2,1,1,1
8287,0.2,2,0,0
8288,0.2,2,0,0
8289,0.2,1,0,0
8290,0.2,1,1,1
8291,1.0,2,0,0
8292,0.2,0,0,1
8293,0.2,3,0,0
8294,0.2,1,0,0
8295,0.2,2,0,0
8296,0.2,1,1,1
8297,0.2,1,1,1
8298,0.2,2,0,0
8299,0.2,3,1,1
8300,1.0,1,1,1
8301,0.2,1,1,1
8302,0.2,3,0,0
8303,1.0,2,1,1
8304,0.2,2,1,1
8305,0.2,3,0,0
8306,0.2,3,1,1
8307,1.0,0,1,1
8308,2.2,1,0,1
8309,0.2,1,1,1
8310,0.2,1,0,0
8311,1.0,2,1,1
8312,0.2,1,1,1
8313,0.2,0,1,1
8314,1.0,1,0,0
8315,1.0,2,0,0
8316,0.2,1,1,1
8317,0.2,3,1,0
8318,0.2,1,0,1
8319,1.0,2,0,0
8320,0.2,2,1,1
8321,1.0,3,1,1
8322,1.0,0,0,1
8323,0.2,3,1,1
8324,0.2,0,1,1
8325,0.2,2,0,0
8326,0.2,0,0,0
8327,0.2,1,1,1
8328,1.0,0,0,1
8329,0.2,1,1,1
8330,0.2,1,1,1
8331,0.2,3,1,0
8332,1.0,3,1,1
8333,0.2,2,1,1
8334,0.2,2,0,0
8335,0.2,1,1,1
8336,0.2,1,0,0
8337,0.2,2,1,0
8338,0.2,2,1,1
8339,0.2,1,0,0
8340,0.2,1,1,1
8341,2.2,1,1,1
8342,0.2,0,1,1
8343,0.2,2,1,1
8344,0.2,2,0,0
8345,0.2,2,0,0
8346,0.2,1,0,0
8347,0.2,2,0,0
8348,0.2,1,0,0
8349,0.2,2,1,1
8350,0.2,2,1,1
8351,0.2,3,1,1
8352,0.2,1,0,0
8353,0.2,3,1,1
8354,0.2,2,1,1
8355,0.2,3,1,1
8356,0.2,2,1,1
8357,1.0,2,0,0
8358,1.0,1,1,1
8359,0.2,1,0,0
8360,0.2,2,0,0
8361,3.0,2,0,1
8362,0.2,0,1,1
8363,1.0,1,1,1
8364,0.2,2,0,0
8365,0.2,2,1,1
8366,0.2,0,1,1
8367,0.2,1,1,0
8368,0.2,1,1,1
8369,0.2,1,0,0
8370,0.2,2,1,1
8371,1.0,2,0,0
8372,0.2,1,1,1
8373,1.0,1,1,1
8374,0.2,2,0,0
8375,2.2,2,0,1
8376,0.2,0,1,1
8377,0.2,2,1,0
8378,1.0,2,1,1
8379,0.2,2,1,1
8380,0.2,2,1,1
8381,0.2,2,0,0
8382,0.2,0,0,0
8383,0.2,1,0,0
8384,0.2,1,0,0
8385,0.2,1,1,1
8386,0.2,2,1,0
8387,0.2,1,1,0
8388,1.0,3,1,1
8389,0.2,2,1,0
8390,0.2,0,1,1
8391,0.2,1,0,0
8392,0.2,2,1,1
8393,1.0,0,1,1
8394,1.0,2,0,0
8395,0.2,2,0,0
8396,0.2,0,1,1
8397,0.2,3,1,1
8398,0.2,1,1,1
8399,1.0,1,0,1
8400,0.2,2,0,0
8401,2.2,1,0,1
8402,1.0,1,0,0
8403,0.2,1,0,0
8404,1.0,2,0,0
8405,1.0,1,0,0
8406,0.2,1,1,1
8407,0.2,3,0,0
8408,1.0,1,0,0
8409,0.2,1,0,0
8410,0.2,0,1,1
8411,0.2,2,1,0
8412,0.2,3,0,0
8413,0.2,1,1,1
8414,0.2,1,0,0
8415,1.0,3,1,1
8416,1.0,1,1,1
8417,0.2,1,0,0
8418,0.2,1,1,1
8419,0.2,1,1,1
8420,0.2,2,0,0
8421,0.2,1,1,1
8422,0.2,2,0,0
8423,0.2,2,0,0
8424,1.0,0,1,0
8425,0.2,1,0,0
8426,0.2,1,0,0
8427,1.0,2,1,1
8428,1.0,3,1,1
8429,1.0,0,0,1
8430,2.2,3,1,1
8431,0.2,2,0,0
8432,0.2,1,1,1
8433,2.2,3,1,1
8434,0.2,2,1,0
8435,0.2,3,0,1
8436,0.2,2,0,1
8437,0.2,2,0,0
8438,0.2,3,0,0
8439,0.2,1,0,0
8440,1.0,2,0,1
8441,0.2,0,1,1
8442,0.2,2,1,1
8443,0.2,1,1,0
8444,1.0,1,0,1
8445,0.2,1,0,1
8446,1.0,1,1,1
8447,0.2,2,1,1
8448,1.0,1,0,1
8449,0.2,3,1,0
8450,0.2,2,1,1
8451,1.0,1,0,1
8452,1.0,1,1,1
8453,0.2,1,0,1
8454,0.2,2,1,1
8455,0.2,2,1,0
8456,0.2,2,0,1
8457,0.2,2,0,0
8458,0.2,2,1,1
8459,2.2,1,0,1
8460,0.2,3,0,0
8461,0.2,3,0,0
8462,0.2,2,1,1
8463,0.2,2,1,0
8464,0.2,1,1,0
8465,0.2,3,0,0
8466,0.2,3,0,0
8467,0.2,1,1,1
8468,0.2,2,0,0
8469,0.2,2,0,0
8470,0.2,2,1,1
8471,0.2,0,1,1
8472,1.0,1,0,1
8473,0.2,2,0,0
8474,0.2,1,0,0
8475,0.2,1,0,0
8476,0.2,1,0,0
8477,0.2,3,1,0
8478,1.0,1,1,1
8479,0.2,2,0,1
8480,0.2,3,1,0
8481,0.2,3,1,1
8482,1.0,2,1,1
8483,0.2,2,1,1
8484,0.2,0,1,1
8485,1.0,1,0,1
8486,0.2,3,0,0
8487,1.0,3,1,1
8488,0.2,0,1,1
8489,1.0,2,0,0
8490,0.2,3,0,0
8491,0.2,2,0,0
8492,1.0,2,1,1
8493,1.0,2,0,0
8494,0.2,2,1,0
8495,0.2,3,1,0
8496,0.2,2,1,0
8497,1.0,1,0,1
8498,0.2,1,0,0
8499,0.2,1,1,1
8500,0.2,0,1,1
8501,0.2,1,0,0
8502,1.0,2,1,1
8503,1.0,1,1,1
8504,0.2,1,0,1
8505,2.2,2,1,1
8506,0.2,3,0,0
8507,0.2,1,0,0
8508,0.2,1,1,1
8509,0.2,3,0,0
8510,0.2,3,1,1
8511,0.2,1,0,0
8512,0.2,3,1,0
8513,0.2,2,1,0
8514,0.2,1,1,1
8515,0.2,2,1,0
8516,1.0,1,1,1
8517,0.2,2,1,1
8518,0.2,1,1,1
8519,0.2,1,1,1
8520,1.0,0,0,1
8521,0.2,0,1,1
8522,1.0,2,1,1
8523,0.2,2,0,0
8524,0.2,1,1,1
8525,1.0,0,1,1
8526,2.2,2,1,1
8527,1.0,2,1,1
8528,0.2,2,1,0
8529,0.2,3,1,0
8530,0.2,1,1,0
8531,1.0,2,0,0
8532,1.0,2,1,1
8533,1.0,1,1,1
8534,0.2,2,0,0
8535,1.0,1,1,1
8536,1.0,1,1,1
8537,1.0,2,1,1
8538,0.2,2,0,0
8539,0.2,3,1,0
8540,0.2,1,0,0
8541,0.2,3,1,1
8542,0.2,2,0,0
8543,0.2,1,1,1
8544,0.2,0,0,0
8545,0.2,2,1,1
8546,1.0,2,1,1
8547,0.2,1,1,1
8548,0.2,1,0,0
8549,0.2,1,1,1
8550,0.2,3,0,0
8551,0.2,1,1,0
8552,0.2,3,0,0
8553,0.2,2,1,1
8554,0.2,2,0,0
8555,1.0,3,0,0
8556,0.2,3,0,0
8557,0.2,1,0,1
8558,0.2,1,1,1
8559,0.2,2,0,0
8560,1.0,2,0,0
8561,1.0,1,1,1
8562,0.2,1,0,0
8563,1.0,1,1,1
8564,1.0,3,0,1
8565,2.2,2,0,1
8566,0.2,3,1,1
8567,0.2,1,0,0
8568,0.2,1,1,1
8569,0.2,1,1,1
8570,0.2,1,0,0
8571,0.2,2,0,0
8572,1.0,1,0,1
8573,0.2,1,0,0
8574,0.2,1,0,0
8575,0.2,1,0,1
8576,1.0,1,0,0
8577,0.2,0,1,1
8578,0.2,1,0,0
8579,0.2,3,0,0
8580,1.0,0,1,1
8581,0.2,2,1,0
8582,0.2,3,1,0
8583,0.2,0,1,1
8584,0.2,2,1,1
8585,0.2,3,0,0
8586,0.2,1,0,0
8587,1.0,1,0,0
8588,0.2,1,0,1
8589,0.2,0,1,1
8590,0.2,0,0,0
8591,1.0,3,1,1
8592,0.2,3,0,0
8593,0.2,2,1,0
8594,1.0,1,0,0
8595,1.0,2,0,1
8596,1.0,2,1,1
8597,0.2,0,0,0
8598,0.2,1,0,0
8599,0.2,1,1,1
8600,0.2,2,1,0
8601,1.0,1,1,1
8602,0.2,1,0,0
8603,1.0,1,1,1
8604,0.2,2,1,0
8605,0.2,3,1,1
8606,0.2,1,1,1
8607,0.2,0,0,0
8608,0.2,2,1,0
8609,0.2,3,1,0
8610,0.2,2,1,0
8611,0.2,0,1,0
8612,0.2,0,1,1
8613,0.2,1,1,1
8614,0.2,3,0,0
8615,0.2,0,1,1
8616,1.0,2,0,1
8617,0.2,1,1,1
8618,0.2,2,1,1
8619,0.2,1,0,0
8620,0.2,3,0,0
8621,1.0,2,0,0
8622,0.2,1,0,0
8623,0.2,2,1,1
8624,1.0,3,1,1
8625,2.2,3,1,1
8626,1.0,2,1,1
8627,0.2,2,0,0
8628,0.2,3,0,0
8629,1.0,2,0,0
8630,0.2,2,0,1
8631,0.2,2,1,1
8632,0.2,2,1,1
8633,0.2,2,0,0
8634,0.2,2,0,0
8635,0.2,0,1,0
8636,0.2,2,1,0
8637,0.2,2,0,0
8638,0.2,2,0,0
8639,0.2,0,0,0
8640,1.0,2,1,1
8641,0.2,3,0,0
8642,0.2,2,0,0
8643,0.2,2,0,0
8644,0.2,2,0,0
8645,0.2,3,1,1
8646,2.2,3,0,1
8647,0.2,1,1,1
8648,0.2,3,0,0
8649,1.0,1,0,1
8650,0.2,2,1,1
8651,0.2,2,0,0
8652,0.2,1,1,1
8653,1.0,1,0,1
8654,0.2,1,1,0
8655,0.2,2,1,1
8656,0.2,3,1,1
8657,0.2,1,0,0
8658,0.2,1,1,1
8659,0.2,1,0,0
8660,0.2,1,1,1
8661,0.2,1,0,0
8662,1.0,2,0,0
8663,0.2,1,1,1
8664,0.2,2,0,0
8665,1.0,1,1,1
8666,0.2,2,0,0
8667,0.2,3,0,0
8668,1.0,1,0,0
8669,0.2,2,1,0
8670,0.2,0,1,0
8671,1.0,1,1,1
8672,0.2,0,1,1
8673,1.0,1,0,1
8674,1.0,1,0,1
8675,1.0,3,0,1
8676,0.2,1,1,0
8677,0.2,1,1,1
8678,1.0,1,1,1
8679,0.2,3,1,1
8680,0.2,2,0,0
8681,0.2,0,0,0
8682,0.2,2,1,1
8683,0.2,2,1,1
8684,0.2,1,1,1
8685,0.2,2,1,0
8686,0.2,0,1,1
8687,1.0,1,1,1
8688,0.2,1,0,0
8689,0.2,3,0,0
8690,0.2,1,1,1
8691,0.2,1,0,0
8692,0.2,1,0,0
8693,0.2,1,0,0
8694,0.2,3,0,0
8695,0.2,2,1,0
8696,0.2,1,1,1
8697,0.2,1,0,0
8698,1.0,1,0,1
8699,0.2,2,0,0
8700,0.2,1,0,0
8701,0.2,1,0,0
8702,2.2,1,1,1
8703,0.2,1,1,1
8704,0.2,2,1,1
8705,0.2,1,0,0
8706,0.2,0,1,1
8707,0.2,3,1,1
8708,0.2,3,1,0
8709,0.2,1,0,0
8710,1.0,2,0,1
8711,0.2,0,1,1
8712,2.2,1,1,1
8713,0.2,2,0,0
8714,0.2,1,1,1
8715,0.2,0,1,1
8716,0.2,2,1,0
8717,1.0,2,1,1
8718,0.2,2,1,0
8719,0.2,1,1,1
8720,0.2,2,0,0
8721,1.0,0,0,1
8722,0.2,2,1,1
8723,0.2,3,0,0
8724,1.0,3,1,0
8725,0.2,3,0,0
8726,0.2,3,1,0
8727,0.2,3,1,0
8728,0.2,3,1,0
8729,0.2,1,1,0
8730,0.2,3,0,0
8731,0.2,1,1,1
8732,0.2,2,1,0
8733,0.2,1,1,1
8734,1.0,1,0,0
8735,0.2,3,1,1
8736,0.2,1,0,0
8737,0.2,3,0,0
8738,0.2,2,0,0
8739,1.0,1,1,1
8740,0.2,1,0,0
8741,0.2,2,1,1
8742,0.2,3,0,0
8743,0.2,1,0,0
8744,0.2,0,1,1
8745,0.2,2,1,1
8746,0.2,1,1,0
8747,1.0,2,1,0
8748,1.0,1,1,1
8749,0.2,1,1,1
8750,0.2,2,1,1
8751,0.2,2,0,0
8752,2.2,0,0,1
8753,1.8,3,0,0
8754,1.0,1,1,1
8755,0.2,1,1,1
8756,0.2,2,0,0
8757,0.2,1,1,1
8758,0.2,1,0,0
8759,0.2,1,0,0
8760,0.2,1,0,0
8761,0.2,1,0,0
8762,0.2,1,1,1
8763,0.2,1,0,0
8764,0.2,3,0,0
8765,0.2,2,0,0
8766,0.2,1,0,0
8767,1.0,3,1,1
8768,0.2,1,1,1
8769,0.2,2,1,1
8770,0.2,1,0,0
8771,1.0,2,0,0
8772,1.0,1,1,1
8773,0.2,2,0,0
8774,0.2,1,0,0
8775,2.2,2,1,1
8776,1.0,2,0,0
8777,0.2,2,0,0
8778,0.2,3,0,0
8779,0.2,1,0,0
8780,0.2,3,0,0
8781,0.2,3,1,1
8782,2.2,2,0,1
8783,0.2,2,0,0
8784,0.2,3,0,0
8785,0.2,1,1,1
8786,0.2,3,0,0
8787,0.2,0,1,1
8788,0.2,0,0,1
8789,0.2,1,0,0
8790,0.2,1,1,0
8791,1.0,2,1,1
8792,0.2,1,1,1
8793,0.2,3,1,1
8794,1.0,3,0,0
8795,0.2,0,1,1
8796,0.2,1,0,0
8797,1.0,0,1,1
8798,0.2,1,0,0
8799,0.2,2,1,1
8800,0.2,2,0,0
8801,0.2,2,0,1
8802,2.2,2,1,1
8803,0.2,1,1,1
8804,0.2,3,0,0
8805,0.2,0,0,0
8806,0.2,3,0,0
8807,0.2,2,1,1
8808,0.2,2,1,0
8809,0.2,3,0,0
8810,2.2,3,1,1
8811,0.2,2,1,0
8812,0.2,1,1,1
8813,0.2,3,1,0
8814,0.2,1,0,1
8815,0.2,2,1,1
8816,0.2,2,1,1
8817,0.2,3,1,0
8818,0.2,1,1,1
8819,0.2,2,1,1
8820,0.2,2,0,0
8821,2.2,1,0,1
8822,0.2,1,1,1
8823,0.2,3,0,0
8824,0.2,3,1,0
8825,1.0,1,1,1
8826,0.2,2,1,1
8827,0.2,0,1,1
8828,3.0,2,0,1
8829,0.2,2,1,0
8830,0.2,2,1,1
8831,0.2,1,0,0
8832,0.2,3,1,0
8833,0.2,1,0,0
8834,0.2,3,0,0
8835,0.2,2,0,0
8836,0.2,1,1,0
8837,0.2,2,1,1
8838,0.2,1,1,1
8839,0.2,1,0,0
8840,0.2,1,1,0
8841,0.2,1,0,1
8842,0.2,1,1,1
8843,0.2,1,1,0
8844,0.2,3,0,0
8845,0.2,2,1,0
8846,0.2,1,1,1
8847,0.2,1,0,0
8848,0.2,2,0,0
8849,1.0,3,1,1
8850,0.2,3,1,0
8851,2.2,0,1,1
8852,0.2,3,1,1
8853,0.2,1,0,0
8854,0.2,1,0,0
8855,1.0,2,0,1
8856,0.2,2,0,0
8857,2.2,2,1,1
8858,0.2,2,1,0
8859,1.0,2,0,0
8860,2.2,2,1,1
8861,0.2,3,0,0
8862,0.2,2,0,0
8863,0.2,2,1,0
8864,0.2,2,1,0
8865,0.2,2,0,0
8866,2.2,1,1,1
8867,0.2,2,0,0
8868,1.0,3,1,1
8869,1.0,1,0,0
8870,0.2,2,0,0
8871,0.2,2,1,1
8872,0.2,0,0,0
8873,0.2,1,1,0
8874,0.2,2,0,0
8875,0.2,1,1,0
8876,0.2,1,0,0
8877,1.0,3,0,0
8878,1.0,2,0,0
8879,0.2,2,1,1
8880,0.2,1,1,1
8881,0.2,1,0,0
8882,1.0,3,1,1
8883,1.0,2,0,0
8884,0.2,1,0,0
8885,1.0,1,0,1
8886,0.2,2,1,1
8887,0.2,1,1,1
8888,0.2,1,0,0
8889,0.2,1,0,0
8890,1.0,1,0,0
8891,0.2,0,1,1
8892,0.2,3,1,0
8893,0.2,0,0,1
8894,0.2,1,0,0
8895,0.2,1,0,1
8896,0.2,2,1,1
8897,0.2,1,0,0
8898,0.2,2,0,0
8899,0.2,1,1,1
8900,1.0,2,1,1
8901,0.2,0,1,1
8902,0.2,1,0,0
8903,1.0,2,1,1
8904,0.2,2,1,1
8905,0.2,1,1,1
8906,0.2,3,0,0
8907,1.0,0,0,0
8908,1.0,2,1,1
8909,0.2,2,1,0
8910,0.2,1,1,0
8911,0.2,1,0,0
8912,0.2,1,1,1
8913,0.2,1,0,0
8914,0.2,3,1,1
8915,0.2,0,0,0
8916,1.0,1,1,1
8917,0.2,2,0,0
8918,1.0,0,1,1
8919,2.2,1,0,1
8920,0.2,3,0,0
8921,0.2,1,0,0
8922,0.2,2,0,0
8923,1.0,1,0,0
8924,0.2,1,0,0
8925,0.2,0,1,1
8926,0.2,1,1,1
8927,2.2,1,1,1
8928,1.0,2,0,1
8929,0.2,1,0,0
8930,0.2,1,1,1
8931,1.0,0,1,1
8932,0.2,1,1,1
8933,1.0,2,0,0
8934,0.2,1,1,1
8935,0.2,0,0,0
8936,0.2,3,1,0
8937,0.2,1,1,0
8938,0.2,1,1,1
8939,0.2,0,1,0
8940,0.2,3,1,1
8941,0.2,3,0,0
8942,0.2,2,1,0
8943,0.2,2,0,0
8944,0.2,1,0,0
8945,1.0,2,1,1
8946,0.2,2,1,1
8947,0.2,1,1,0
8948,0.2,1,1,1
8949,0.2,3,1,0
8950,0.2,2,0,0
8951,0.2,3,0,0
8952,1.0,3,1,1
8953,1.0,1,0,0
8954,0.2,2,1,1
8955,1.0,3,0,1
8956,0.2,2,1,1
8957,0.2,1,0,0
8958,0.2,1,0,0
8959,0.2,1,0,0
8960,0.2,1,0,0
8961,0.2,2,0,0
8962,0.2,2,1,1
8963,0.2,2,1,1
8964,0.2,0,1,1
8965,0.2,1,1,1
8966,0.2,0,0,0
8967,0.2,2,0,0
8968,0.2,1,0,0
8969,0.2,1,1,0
8970,0.2,1,0,0
8971,1.0,2,0,1
8972,0.2,1,1,1
8973,0.2,3,0,0
8974,0.2,2,1,1
8975,1.0,2,0,1
8976,0.2,2,1,1
8977,1.0,1,1,1
8978,1.0,2,1,1
8979,0.2,1,1,0
8980,1.0,2,0,1
8981,0.2,1,1,1
8982,0.2,2,1,1
8983,0.2,2,0,0
8984,0.2,3,1,0
8985,0.2,1,0,0
8986,0.2,0,0,0
8987,1.0,1,1,1
8988,0.2,2,1,1
8989,0.2,2,1,1
8990,0.2,1,1,0
8991,1.0,0,0,0
8992,0.2,1,0,0
8993,1.0,1,0,1
8994,1.0,1,1,1
8995,0.2,0,1,1
8996,0.2,2,1,1
8997,0.2,2,1,0
8998,0.2,2,1,1
8999,0.2,2,1,1
9000,0.2,1,1,1
9001,1.0,2,1,0
9002,0.2,0,1,1
9003,0.2,3,1,0
9004,0.2,2,1,1
9005,0.2,1,0,0
9006,0.2,2,1,0
9007,0.2,2,1,1
9008,0.2,0,1,0
9009,0.2,1,1,1
9010,1.0,3,0,0
9011,0.2,2,0,0
9012,0.2,2,0,0
9013,0.2,2,0,0
9014,0.2,2,1,1
9015,0.2,2,0,0
9016,0.2,1,0,0
9017,1.0,1,1,1
9018,0.2,1,0,0
9019,0.2,3,1,0
9020,1.0,0,1,1
9021,0.2,1,0,0
9022,0.2,1,1,1
9023,2.2,0,1,1
9024,0.2,1,1,1
9025,0.2,2,0,0
9026,0.2,3,0,0
9027,1.0,1,0,1
9028,0.2,0,0,0
9029,1.0,1,0,1
9030,0.2,1,0,0
9031,0.2,1,1,1
9032,0.2,1,0,0
9033,0.2,1,0,1
9034,0.2,1,1,0
9035,0.2,3,1,1
9036,1.0,0,0,1
9037,0.2,1,0,0
9038,1.0,1,1,1
9039,0.2,2,1,1
9040,0.2,2,0,0
9041,0.2,3,1,0
9042,0.2,2,0,0
9043,0.2,2,0,0
9044,0.2,1,1,1
9045,0.2,1,1,0
9046,0.2,1,0,1
9047,0.2,3,0,0
9048,0.2,2,0,0
9049,0.2,1,1,0
9050,0.2,2,1,1
9051,0.2,1,1,1
9052,0.2,2,0,0
9053,0.2,2,1,1
9054,0.2,2,1,0
9055,0.2,0,1,0
9056,0.2,3,1,1
9057,1.0,3,0,0
9058,1.0,2,1,1
9059,0.2,3,1,1
9060,0.2,0,1,1
9061,0.2,2,0,0
9062,0.2,1,1,1
9063,0.2,1,0,0
9064,0.2,2,0,0
9065,0.2,3,0,0
9066,0.2,3,0,0
9067,1.0,3,0,1
9068,0.2,2,0,0
9069,1.0,0,1,1
9070,0.2,1,0,0
9071,0.2,0,1,0
9072,0.2,2,1,1
9073,0.2,1,0,0
9074,0.2,1,0,0
9075,0.2,3,0,0
9076,0.2,0,0,0
9077,1.0,2,1,1
9078,1.0,2,1,1
9079,0.2,0,1,1
9080,0.2,2,1,1
9081,0.2,1,1,1
9082,0.2,3,0,0
9083,0.2,3,0,0
9084,0.2,1,1,1
9085,1.0,1,0,1
9086,0.2,3,1,0
9087,2.2,3,1,1
9088,0.2,2,1,1
9089,0.2,2,0,0
9090,1.0,0,1,1
9091,1.0,1,1,0
9092,0.2,3,0,0
9093,1.0,1,0,0
9094,0.2,2,0,0
9095,0.2,0,0,0
9096,0.2,2,0,0
9097,0.2,3,1,0
9098,0.2,1,1,1
9099,0.2,2,0,0
9100,0.2,1,1,0
9101,0.2,2,0,0
9102,1.0,2,0,0
9103,0.2,1,1,1
9104,0.2,2,1,1
9105,0.2,3,1,0
9106,0.2,2,1,1
9107,0.2,2,0,0
9108,0.2,1,1,1
9109,0.2,1,1,1
9110,1.0,3,0,1
9111,0.2,2,0,0
9112,0.2,3,1,1
9113,0.2,1,0,1
9114,0.2,2,0,0
9115,0.2,1,0,0
9116,0.2,3,0,0
9117,0.2,2,1,0
9118,1.0,2,0,0
9119,0.2,3,1,1
9120,0.2,3,0,0
9121,0.2,1,0,0
9122,0.2,1,1,0
9123,0.2,1,1,1
9124,0.2,1,1,1
9125,0.2,2,1,1
9126,1.0,1,0,1
9127,0.2,2,1,1
9128,0.2,2,1,0
9129,0.2,1,0,0
9130,0.2,2,1,0
9131,0.2,1,1,1
9132,1.0,2,0,1
9133,0.2,1,1,0
9134,0.2,1,0,0
9135,0.2,3,0,0
9136,0.2,2,0,0
9137,0.2,2,1,0
9138,0.2,3,1,1
9139,0.2,1,1,1
9140,1.0,1,1,1
9141,0.2,3,0,0
9142,0.2,1,0,0
9143,1.0,1,1,1
9144,0.2,2,1,1
9145,0.2,2,0,0
9146,1.0,2,0,0
9147,0.2,2,1,1
9148,0.2,1,1,1
9149,0.2,1,0,0
9150,0.2,2,1,1
9151,0.2,1,1,1
9152,0.2,2,1,1
9153,0.2,1,1,0
9154,0.2,1,1,1
9155,0.2,1,0,1
9156,1.0,1,0,0
9157,0.2,3,1,1
9158,1.0,2,1,1
9159,0.2,2,0,0
9160,0.2,1,1,1
9161,0.2,2,0,0
9162,0.2,2,0,0
9163,1.0,2,1,1
9164,0.2,2,1,0
9165,0.2,1,0,0
9166,0.2,2,0,0
9167,0.2,3,1,0
9168,0.2,2,1,1
9169,0.2,1,1,1
9170,0.2,2,0,0
9171,0.2,1,1,1
9172,0.2,3,0,1
9173,1.0,1,0,0
9174,0.2,0,1,1
9175,0.2,2,1,0
9176,0.2,2,1,1
9177,0.2,1,0,0
9178,0.2,3,0,0
9179,0.2,1,0,1
9180,0.2,2,0,1
9181,0.2,3,1,1
9182,2.2,2,0,1
9183,1.0,0,1,1
9184,0.2,2,1,1
9185,1.0,3,1,1
9186,0.2,1,0,0
9187,0.2,1,0,0
9188,0.2,0,1,1
9189,0.2,3,1,0
9190,0.2,1,0,0
9191,0.2,1,1,1
9192,1.0,0,0,1
9193,0.2,1,1,1
9194,0.2,1,0,0
9195,1.0,3,0,0
9196,1.0,2,0,0
9197,0.2,3,1,0
9198,0.2,1,1,1
9199,0.2,1,1,1
9200,0.2,0,1,0
9201,0.2,2,0,0
9202,0.2,0,1,1
9203,0.2,2,0,1
9204,1.0,2,0,0
9205,0.2,3,0,0
9206,0.2,2,1,1
9207,0.2,2,0,0
9208,0.2,1,0,0
9209,1.0,2,1,1
9210,0.2,2,1,1
9211,0.2,0,0,1
9212,1.0,2,0,1
9213,0.2,0,1,1
9214,1.0,2,0,1
9215,1.0,2,1,1
9216,0.2,3,1,0
9217,0.2,1,0,0
9218,0.2,0,0,0
9219,1.0,2,1,1
9220,1.0,1,1,1
9221,0.2,2,0,0
9222,0.2,1,0,0
9223,0.2,1,0,1
9224,0.2,1,0,0
9225,0.2,2,0,0
9226,0.2,1,0,1
9227,0.2,1,0,0
9228,0.2,1,0,0
9229,0.2,2,1,1
9230,1.0,2,0,0
9231,0.2,2,1,1
9232,0.2,1,1,1
9233,1.0,2,0,0
9234,2.2,2,0,1
9235,0.2,1,1,1
9236,1.0,1,0,0
9237,0.2,1,1,1
9238,0.2,1,1,1
9239,1.0,1,1,1
9240,0.2,1,1,1
9241,0.2,1,1,1
9242,0.2,3,1,0
9243,0.2,3,0,0
9244,0.2,1,0,1
9245,0.2,1,0,0
9246,0.2,2,0,0
9247,0.2,0,1,1
9248,0.2,2,1,1
9249,0.2,1,1,0
9250,0.2,0,0,0
9251,0.2,1,1,1
9252,0.2,2,0,0
9253,0.2,1,0,0
9254,1.0,1,1,0
9255,0.2,1,0,1
9256,0.2,1,0,0
9257,0.2,0,0,1
9258,1.0,2,0,0
9259,0.2,1,0,0
9260,0.2,2,0,0
9261,1.0,1,0,1
9262,0.2,2,1,0
9263,0.2,1,0,1
9264,0.2,3,0,0
9265,1.0,2,1,1
9266,0.2,2,1,1
9267,1.0,1,1,1
9268,0.2,2,0,0
9269,0.2,3,0,0
9270,0.2,1,0,0
9271,0.2,1,1,1
9272,0.2,2,1,1
9273,0.2,0,1,1
9274,0.2,0,0,0
9275,0.2,3,1,1
9276,0.2,3,0,0
9277,0.2,1,0,0
9278,1.0,1,0,1
9279,0.2,2,1,1
9280,0.2,3,0,0
9281,0.2,0,1,1
9282,0.2,1,1,1
9283,0.2,2,1,0
9284,0.2,1,1,1
9285,0.2,1,0,0
9286,0.2,2,1,1
9287,0.2,1,1,1
9288,0.2,1,1,0
9289,0.2,2,0,1
9290,0.2,1,0,0
9291,0.2,2,0,0
9292,0.2,0,1,1
9293,1.0,2,0,1
9294,0.2,0,0,0
9295,1.0,2,1,1
9296,0.2,2,1,1
9297,0.2,2,1,0
9298,1.0,2,1,1
9299,0.2,2,0,0
9300,1.0,3,0,0
9301,0.2,3,0,0
9302,0.2,1,1,0
9303,0.2,2,1,1
9304,1.0,2,0,1
9305,0.2,3,0,0
9306,1.0,2,1,1
9307,1.0,3,1,1
9308,0.2,1,1,1
9309,0.2,1,1,1
9310,0.2,1,0,0
9311,0.2,2,0,0
9312,0.2,2,0,0
9313,1.0,1,1,1
9314,1.0,2,0,0
9315,0.2,1,0,0
9316,0.2,2,0,0
9317,0.2,1,0,0
9318,0.2,2,1,0
9319,0.2,1,1,1
9320,1.0,1,1,1
9321,0.2,2,0,0
9322,1.0,0,1,1
9323,0.2,2,1,0
9324,0.2,2,1,1
9325,1.0,0,1,1
9326,0.2,2,0,0
9327,0.2,3,0,0
9328,0.2,2,0,0
9329,1.0,1,0,0
9330,0.2,2,0,0
9331,1.0,2,1,1
9332,0.2,2,1,1
9333,0.2,0,1,1
9334,0.2,1,1,1
9335,1.0,1,1,1
9336,0.2,1,1,1
9337,0.2,2,0,1
9338,0.2,2,0,0
9339,0.2,1,0,0
9340,0.2,1,1,1
9341,1.0,2,0,1
9342,0.2,2,0,0
9343,0.2,1,0,0
9344,0.2,0,1,1
9345,0.2,3,1,1
9346,0.2,1,1,1
9347,0.2,1,1,1
9348,0.2,1,0,0
9349,0.2,0,0,0
9350,1.0,0,0,1
9351,0.2,2,0,1
9352,0.2,1,0,0
9353,1.0,2,0,0
9354,1.0,2,1,1
9355,0.2,1,1,1
9356,0.2,1,0,0
9357,0.2,1,0,0
9358,0.2,1,0,0
9359,1.0,0,1,1
9360,0.2,2,0,0
9361,0.2,0,0,0
9362,0.2,2,0,0
9363,0.2,2,0,0
9364,0.2,1,0,0
9365,1.0,2,1,1
9366,0.2,1,0,0
9367,0.2,0,0,1
9368,0.2,0,0,1
9369,1.0,2,0,1
9370,1.0,2,0,0
9371,0.2,0,1,1
9372,0.2,3,0,0
9373,0.2,1,1,0
9374,1.0,1,1,1
9375,0.2,2,1,1
9376,0.2,0,0,0
9377,0.2,0,0,0
9378,0.2,2,0,0
9379,0.2,2,1,0
9380,1.0,2,1,1
9381,0.2,2,0,0
9382,0.2,1,0,0
9383,0.2,1,0,0
9384,1.0,2,0,1
9385,0.2,2,1,1
9386,0.2,2,0,0
9387,0.2,3,1,0
9388,1.0,3,0,0
9389,0.2,1,0,0
9390,0.2,0,1,1
9391,1.0,3,1,1
9392,1.0,3,0,0
9393,0.2,2,1,1
9394,1.0,1,1,1
9395,0.2,2,0,0
9396,1.0,1,0,1
9397,0.2,2,1,1
9398,0.2,0,0,1
9399,2.2,3,1,1
9400,1.0,0,0,0
9401,0.2,3,1,1
9402,0.2,1,1,1
9403,0.2,1,0,0
9404,0.2,1,0,0
9405,1.0,0,1,1
9406,1.0,2,0,0
9407,0.2,1,1,1
9408,1.0,3,0,0
9409,1.0,1,0,1
9410,0.2,1,0,0
9411,0.2,2,0,0
9412,0.2,1,0,0
9413,0.2,3,1,1
9414,0.2,2,0,0
9415,2.2,2,1,1
9416,0.2,0,0,0
9417,0.2,1,1,1
9418,0.2,1,1,0
9419,0.2,0,0,0
9420,0.2,1,1,1
9421,0.2,2,1,1
9422,1.0,2,0,0
9423,0.2,1,0,0
9424,0.2,3,0,0
9425,0.2,2,0,0
9426,0.2,1,0,0
9427,1.0,1,1,1
9428,0.2,2,0,0
9429,0.2,3,1,1
9430,0.2,3,0,0
9431,0.2,0,1,1
9432,0.2,1,1,1
9433,0.2,0,0,0
9434,0.2,1,0,0
9435,0.2,2,1,1
9436,0.2,2,1,1
9437,0.2,2,1,1
9438,0.2,2,0,0
9439,0.2,0,1,1
9440,0.2,1,1,1
9441,0.2,1,0,0
9442,0.2,1,1,1
9443,0.2,1,1,0
9444,0.2,1,0,1
9445,0.2,3,1,0
9446,0.2,2,1,1
9447,0.2,2,1,1
9448,1.0,1,1,1
9449,0.2,2,0,0
9450,0.2,2,1,0
9451,1.0,2,0,1
9452,0.2,2,0,0
9453,0.2,1,1,1
9454,0.2,2,1,1
9455,0.2,2,1,1
9456,0.2,3,0,0
9457,1.0,2,0,0
9458,0.2,3,1,1
9459,0.2,1,1,1
9460,0.2,1,0,0
9461,0.2,0,0,1
9462,0.2,1,0,0
9463,0.2,2,0,0
9464,0.2,1,1,1
9465,1.0,0,1,1
9466,0.2,1,1,1
9467,2.2,0,1,1
9468,0.2,1,0,0
9469,0.2,2,1,0
9470,0.2,0,1,1
9471,0.2,2,0,0
9472,1.0,1,1,1
9473,0.2,1,0,0
9474,0.2,3,1,0
9475,0.2,2,0,0
9476,0.2,2,0,0
9477,1.0,2,1,1
9478,0.2,2,1,1
9479,0.2,2,0,0
9480,0.2,1,0,0
9481,1.0,0,1,1
9482,0.2,2,0,1
9483,0.2,1,1,1
9484,1.0,1,0,1
9485,0.2,1,0,0
9486,0.2,2,1,1
9487,0.2,3,0,1
9488,0.2,1,0,0
9489,0.2,2,1,0
9490,0.2,0,0,0
9491,0.2,1,1,1
9492,0.2,2,1,1
9493,0.2,2,1,1
9494,1.0,2,1,1
9495,1.0,2,0,1
9496,0.2,1,1,1
9497,1.0,2,1,1
9498,1.0,3,0,1
9499,0.2,1,0,0
9500,0.2,1,0,0
9501,1.0,2,0,1
9502,0.2,3,1,0
9503,0.2,3,0,0
9504,0.2,2,0,1
9505,0.2,3,1,1
9506,0.2,1,1,1
9507,0.2,1,1,1
9508,0.2,2,0,0
9509,1.0,1,0,1
9510,0.2,1,1,1
9511,0.2,3,0,0
9512,0.2,0,0,0
9513,0.2,1,1,1
9514,0.2,3,1,0
9515,0.2,1,1,0
9516,0.2,2,0,1
9517,0.2,0,0,0
9518,1.0,1,0,1
9519,0.2,2,0,0
9520,0.2,1,1,1
9521,0.2,2,0,0
9522,1.0,2,0,0
9523,1.0,1,1,0
9524,0.2,1,0,0
9525,0.2,1,0,0
9526,0.2,3,0,0
9527,0.2,3,1,1
9528,0.2,0,0,0
9529,0.2,0,0,0
9530,0.2,1,1,1
9531,0.2,2,1,0
9532,0.2,1,0,0
9533,0.2,1,1,1
9534,0.2,3,0,0
9535,0.2,3,1,1
9536,0.2,1,1,1
9537,0.2,2,1,0
9538,0.2,1,1,0
9539,0.2,2,1,0
9540,1.0,1,0,1
9541,1.0,0,1,1
9542,1.0,1,1,1
9543,0.2,2,0,0
9544,0.2,1,1,1
9545,1.0,0,0,1
9546,0.2,2,0,0
9547,0.2,1,0,0
9548,0.2,0,1,1
9549,0.2,1,0,0
9550,0.2,1,1,1
9551,0.2,2,0,0
9552,0.2,1,0,0
9553,0.2,2,0,0
9554,0.2,2,0,0
9555,0.2,1,1,1
9556,0.2,1,1,1
9557,0.2,2,1,1
9558,0.2,2,0,0
9559,0.2,2,0,0
9560,0.2,2,1,0
9561,0.2,2,0,0
9562,1.0,2,0,0
9563,0.2,2,0,0
9564,0.2,2,0,0
9565,0.2,3,0,0
9566,0.2,2,1,1
9567,0.2,2,1,0
9568,1.0,1,0,0
9569,0.2,2,1,0
9570,0.2,1,1,1
9571,0.2,0,0,0
9572,0.2,0,1,1
9573,0.2,1,1,1
9574,0.2,2,0,0
9575,0.2,3,1,0
9576,0.2,1,0,0
9577,1.0,2,0,0
9578,0.2,2,1,1
9579,0.2,1,1,1
9580,0.2,1,0,0
9581,0.2,0,1,1
9582,0.2,2,1,1
9583,0.2,2,0,0
9584,0.2,1,0,1
9585,0.2,1,0,0
9586,0.2,1,0,0
9587,0.2,1,0,0
9588,0.2,1,1,1
9589,1.0,3,0,1
9590,1.0,3,0,0
9591,0.2,2,1,1
9592,0.2,2,0,0
9593,0.2,2,1,1
9594,0.2,3,1,1
9595,0.2,1,1,1
9596,1.0,1,1,1
9597,0.2,2,1,1
9598,1.0,1,0,0
9599,0.2,1,0,0
9600,1.0,2,1,1
9601,0.2,1,0,0
9602,0.2,3,1,1
9603,0.2,1,0,0
9604,2.2,0,1,1
9605,0.2,2,1,1
9606,0.2,1,1,0
9607,1.0,0,0,1
9608,0.2,3,1,1
9609,2.2,1,1,1
9610,0.2,0,1,1
9611,0.2,1,1,0
9612,1.0,3,0,0
9613,0.2,1,0,0
9614,1.0,2,1,1
9615,0.2,2,0,0
9616,0.2,2,1,0
9617,1.0,1,1,1
9618,0.2,1,0,0
9619,0.2,1,0,0
9620,1.0,0,1,1
9621,0.2,1,0,0
9622,0.2,3,1,0
9623,0.2,3,1,0
9624,0.2,1,0,1
9625,0.2,3,0,0
9626,0.2,1,0,0
9627,0.2,2,0,0
9628,0.2,0,0,0
9629,1.0,2,1,1
9630,0.2,0,0,0
9631,0.2,0,1,1
9632,0.2,1,1,1
9633,0.2,2,0,0
9634,1.0,0,1,1
9635,0.2,2,0,0
9636,0.2,1,1,1
9637,1.0,2,0,1
9638,0.2,1,1,1
9639,0.2,1,1,0
9640,0.2,1,1,0
9641,0.2,2,0,0
9642,0.2,1,0,0
9643,0.2,1,1,0
9644,0.2,0,1,0
9645,1.0,1,0,1
9646,0.2,2,1,1
9647,0.2,1,1,1
9648,0.2,2,0,0
9649,0.2,2,0,1
9650,0.2,1,1,0
9651,0.2,1,1,0
9652,0.2,2,1,1
9653,0.2,2,0,0
9654,0.2,1,1,1
9655,0.2,1,1,0
9656,0.2,0,1,1
9657,0.2,0,0,0
9658,0.2,1,1,1
9659,0.2,1,1,1
9660,1.0,0,0,1
9661,1.0,1,0,0
9662,0.2,0,0,0
9663,1.0,2,0,1
9664,0.2,1,1,1
9665,1.0,1,1,1
9666,0.2,0,0,0
9667,1.0,1,0,1
9668,0.2,0,0,0
9669,0.2,2,1,1
9670,2.2,1,0,0
9671,0.2,1,1,1
9672,0.2,2,0,0
9673,0.2,1,0,0
9674,0.2,1,1,1
9675,1.0,3,0,0
9676,0.2,0,0,0
9677,0.2,1,1,0
9678,0.2,1,0,0
9679,0.2,1,1,1
9680,2.2,1,1,1
9681,0.2,2,1,0
9682,0.2,2,1,1
9683,0.2,1,1,0
9684,1.0,2,1,1
9685,1.0,2,1,1
9686,0.2,2,0,0
9687,0.2,2,1,0
9688,1.0,1,0,0
9689,0.2,1,1,1
9690,0.2,1,1,0
9691,1.0,3,0,0
9692,0.2,3,0,0
9693,2.2,2,0,1
9694,0.2,0,1,1
9695,0.2,2,0,0
9696,0.2,2,0,0
9697,0.2,0,1,1
9698,1.0,2,1,1
9699,0.2,1,0,0
9700,0.2,1,1,1
9701,0.2,1,1,1
9702,0.2,0,0,0
9703,0.2,1,1,1
9704,0.2,3,0,0
9705,0.2,2,0,0
9706,0.2,3,0,0
9707,1.0,1,0,1
9708,0.2,1,1,1
9709,0.2,3,1,0
9710,0.2,2,0,0
9711,0.2,3,0,0
9712,1.0,3,1,1
9713,0.2,2,1,1
9714,0.2,2,0,0
9715,1.0,2,1,1
9716,1.0,1,0,1
9717,0.2,3,1,0
9718,0.2,0,1,1
9719,0.2,2,0,1
9720,0.2,1,1,1
9721,0.2,2,1,0
9722,1.0,2,0,0
9723,1.0,2,0,1
9724,0.2,0,0,0
9725,0.2,2,0,0
9726,0.2,0,1,0
9727,0.2,1,0,0
9728,1.0,2,1,1
9729,0.2,0,0,1
9730,0.2,1,1,1
9731,0.2,2,1,1
9732,0.2,1,1,1
9733,0.2,2,0,0
9734,0.2,1,1,1
9735,0.2,1,0,0
9736,0.2,1,0,0
9737,0.2,3,0,0
9738,2.2,2,0,1
9739,1.0,2,1,1
9740,0.2,0,0,0
9741,0.2,2,0,0
9742,0.2,0,1,1
9743,0.2,3,0,0
9744,0.2,1,0,0
9745,0.2,0,1,1
9746,0.2,2,0,1
9747,1.0,2,1,1
9748,0.2,1,1,0
9749,1.0,1,1,1
9750,0.2,1,1,1
9751,0.2,1,0,0
9752,0.2,2,1,1
9753,0.2,1,0,0
9754,0.2,2,0,0
9755,0.2,2,1,1
9756,0.2,1,0,0
9757,1.0,2,1,1
9758,0.2,1,1,1
9759,0.2,2,1,1
9760,0.2,0,1,1
9761,0.2,1,1,1
9762,0.2,2,1,1
9763,0.2,1,0,0
9764,0.2,1,1,1
9765,0.2,1,0,0
9766,1.0,2,0,1
9767,1.0,0,1,1
9768,1.0,1,0,1
9769,0.2,1,1,1
9770,0.2,2,1,1
9771,0.2,1,1,1
9772,0.2,3,0,0
9773,0.2,0,1,0
9774,0.2,1,0,0
9775,0.2,2,0,0
9776,0.2,1,0,0
9777,0.2,0,0,1
9778,0.2,3,1,0
9779,0.2,2,0,0
9780,0.2,0,0,0
9781,0.2,1,0,0
9782,0.2,1,0,0
9783,1.0,0,1,1
9784,0.2,1,1,0
9785,0.2,2,1,1
9786,1.0,1,1,1
9787,2.2,2,1,1
9788,0.2,1,0,0
9789,0.2,3,1,0
9790,0.2,0,0,1
9791,0.2,2,0,0
9792,0.2,0,1,1
9793,0.2,1,0,0
9794,1.0,3,1,1
9795,1.0,2,0,0
9796,1.0,1,1,1
9797,1.0,2,1,1
9798,0.2,1,0,0
9799,0.2,2,0,0
9800,1.0,1,1,1
9801,0.2,1,1,1
9802,1.0,1,1,1
9803,0.2,0,0,0
9804,0.2,2,1,1
9805,2.2,1,0,1
9806,0.2,3,0,0
9807,0.2,3,1,1
9808,0.2,2,0,0
9809,0.2,1,1,1
9810,0.2,2,0,0
9811,0.2,1,0,1
9812,0.2,2,1,1
9813,0.2,2,1,1
9814,0.2,2,0,0
9815,1.0,1,1,1
9816,0.2,2,1,0
9817,0.2,2,0,0
9818,1.0,2,1,1
9819,0.2,3,0,0
9820,1.0,3,0,1
9821,0.2,0,0,0
9822,0.2,3,0,0
9823,0.2,0,0,0
9824,1.0,1,0,1
9825,0.2,2,0,0
9826,0.2,1,1,1
9827,0.2,0,1,1
9828,0.2,0,1,1
9829,0.2,3,1,0
9830,0.2,1,1,1
9831,1.0,1,1,1
9832,0.2,3,1,1
9833,0.2,2,1,0
9834,2.2,1,1,1
9835,1.0,0,0,1
9836,0.2,2,0,0
9837,1.0,1,1,1
9838,0.2,0,1,1
9839,0.2,2,0,0
9840,0.2,2,1,0
9841,0.2,2,0,0
9842,1.0,1,0,1
9843,1.0,1,0,0
9844,0.2,3,0,0
9845,0.2,1,0,0
9846,1.0,0,0,1
9847,0.2,2,0,0
9848,0.2,1,1,1
9849,0.2,2,0,0
9850,1.0,0,0,0
9851,1.0,1,1,1
9852,0.2,2,0,0
9853,0.2,2,0,0
9854,0.2,0,1,1
9855,0.2,3,1,0
9856,1.0,2,1,1
9857,0.2,2,0,0
9858,0.2,2,1,1
9859,0.2,3,0,0
9860,0.2,2,1,1
9861,0.2,3,0,0
9862,0.2,2,0,1
9863,1.0,1,0,0
9864,0.2,2,1,0
9865,0.2,1,1,0
9866,0.2,0,0,0
9867,1.0,3,0,1
9868,0.2,2,1,0
9869,0.2,2,1,1
9870,0.2,2,1,1
9871,1.0,1,0,0
9872,0.2,2,0,0
9873,1.0,0,1,1
9874,0.2,3,1,1
9875,0.2,2,1,1
9876,0.2,0,0,1
9877,0.2,3,0,0
9878,0.2,2,0,0
9879,0.2,1,0,0
9880,0.2,1,1,1
9881,0.2,2,0,0
9882,0.2,1,1,1
9883,0.2,2,0,0
9884,1.0,0,0,1
9885,0.2,0,1,1
9886,0.2,1,1,1
9887,1.0,2,1,1
9888,0.2,3,0,0
9889,1.0,2,1,1
9890,0.2,2,1,1
9891,1.0,1,1,1
9892,0.2,0,0,0
9893,0.2,0,1,1
9894,0.2,2,0,0
9895,0.2,2,1,1
9896,0.2,1,0,0
9897,0.2,1,1,1
9898,0.2,2,0,0
9899,0.2,2,1,1
9900,0.2,1,1,1
9901,0.2,1,0,0
9902,0.2,1,0,0
9903,1.0,1,0,0
9904,0.2,2,1,1
9905,0.2,2,0,0
9906,0.2,1,0,1
9907,0.2,2,1,0
9908,0.2,0,1,0
9909,0.2,2,1,0
9910,0.2,3,1,0
9911,1.0,2,0,1
9912,0.2,1,0,1
9913,0.2,1,1,1
9914,1.0,2,0,0
9915,0.2,0,0,0
9916,0.2,2,0,0
9917,1.0,0,1,1
9918,0.2,1,0,0
9919,0.2,1,0,1
9920,0.2,2,1,1
9921,0.2,2,1,1
9922,2.2,1,1,1
9923,0.2,2,1,0
9924,1.0,1,1,1
9925,0.2,2,0,0
9926,1.0,2,0,1
9927,0.2,2,0,0
9928,1.0,0,1,1
9929,0.2,2,1,1
9930,0.2,1,1,1
9931,0.2,3,1,0
9932,0.2,2,0,0
9933,1.0,2,1,1
9934,0.2,2,1,0
9935,0.2,0,0,0
9936,0.2,2,1,0
9937,0.2,1,1,1
9938,1.0,1,0,1
9939,0.2,2,0,0
9940,0.2,1,0,0
9941,1.0,0,0,0
9942,0.2,3,0,0
9943,1.0,1,0,1
9944,0.2,1,0,0
9945,0.2,1,0,0
9946,0.2,2,1,1
9947,0.2,2,0,0
9948,0.2,0,0,0
9949,0.2,1,1,1
9950,1.0,1,1,1
9951,0.2,1,1,0
9952,0.2,1,0,0
9953,0.2,1,1,1
9954,0.2,1,1,1
9955,0.2,1,0,0
9956,0.2,1,0,1
9957,0.2,2,1,1
9958,1.0,2,1,1
9959,0.2,1,0,0
9960,0.2,1,0,0
9961,0.2,3,0,0
9962,0.2,1,0,0
9963,0.2,2,1,1
9964,0.2,1,1,1
9965,0.2,0,1,1
9966,0.2,0,1,1
9967,0.2,2,0,0
9968,1.0,1,1,1
9969,0.2,2,0,1
9970,0.2,2,0,0
9971,0.2,0,1,1
9972,0.2,3,0,0
9973,0.2,1,0,0
9974,0.2,0,1,1
9975,0.2,1,0,0
9976,0.2,2,0,0
9977,0.2,1,1,0
9978,1.0,3,1,1
9979,0.2,1,1,1
9980,0.2,0,1,1
9981,0.2,0,1,1
9982,0.2,2,0,1
9983,0.2,1,0,0
9984,0.2,1,0,0
9985,0.2,1,0,1
9986,0.2,2,0,0
9987,0.2,1,0,0
9988,0.2,1,1,0
9989,0.2,2,0,0
9990,0.2,1,1,1
9991,0.2,0,1,1
9992,0.2,2,0,0
9993,0.2,1,0,1
9994,0.2,2,1,1
9995,1.0,2,1,1
9996,1.0,2,0,1
9997,1.0,2,0,1
9998,0.2,1,1,0
9999,0.2,3,0,0
10000,0.2,2,1,1
10001,1.0,2,1,1
10002,0.2,3,1,1
10003,1.0,1,1,1
10004,2.2,1,0,1
10005,1.0,2,1,1
10006,0.2,1,1,0
10007,0.2,2,0,0
10008,0.2,2,0,0
10009,0.2,2,0,0
10010,0.2,0,0,0
10011,1.0,3,1,1
10012,0.2,2,1,0
10013,1.0,0,0,1
10014,0.2,1,0,0
10015,1.0,2,1,1
10016,0.2,2,0,0
10017,0.2,1,1,1
10018,0.2,1,0,0
10019,0.2,1,0,0
10020,0.2,2,0,0
10021,0.2,2,0,0
10022,0.2,1,1,1
10023,0.2,3,1,0
10024,0.2,1,1,0
10025,0.2,2,1,1
10026,0.2,0,0,0
10027,0.2,3,0,0
10028,0.2,2,0,1
10029,1.0,1,1,1
10030,0.2,1,0,0
10031,1.0,2,1,1
10032,1.0,1,0,0
10033,0.2,2,1,0
10034,0.2,1,0,0
10035,1.0,2,1,1
10036,0.2,1,0,1
10037,0.2,1,1,1
10038,0.2,1,0,0
10039,0.2,1,0,0
10040,0.2,0,1,1
10041,0.2,2,1,1
10042,0.2,0,0,0
10043,0.2,0,1,1
10044,0.2,1,1,1
10045,1.0,3,0,0
10046,0.2,0,0,0
10047,1.0,1,0,1
10048,0.2,2,1,1
10049,0.2,1,0,0
10050,0.2,2,1,1
10051,0.2,0,1,0
10052,1.0,1,0,1
10053,0.2,0,1,0
10054,0.2,1,1,1
10055,0.2,2,1,1
10056,0.2,2,0,0
10057,2.2,1,0,1
10058,0.2,2,0,1
10059,0.2,2,1,0
10060,0.2,1,1,1
10061,1.0,1,1,1
10062,0.2,1,1,0
10063,0.2,2,0,0
10064,0.2,3,0,0
10065,1.0,3,1,1
10066,0.2,3,1,1
10067,0.2,1,1,1
10068,0.2,3,1,0
10069,1.0,1,1,1
10070,0.2,3,1,0
10071,0.2,2,0,0
10072,1.0,1,0,1
10073,0.2,1,0,0
10074,1.0,2,0,1
10075,0.2,2,0,0
10076,0.2,0,0,0
10077,0.2,2,1,1
10078,1.0,2,0,1
10079,0.2,2,0,0
10080,0.2,2,0,0
10081,1.0,1,1,1
10082,0.2,2,0,0
10083,0.2,0,1,1
10084,2.2,2,0,1
10085,0.2,2,1,1
10086,0.2,2,1,1
10087,0.2,3,0,0
10088,0.2,2,0,0
10089,0.2,1,1,1
10090,0.2,1,1,0
10091,0.2,1,1,1
10092,0.2,2,0,0
10093,0.2,1,0,0
10094,0.2,3,1,1
10095,0.2,1,1,1
10096,0.2,1,1,1
10097,0.2,2,1,0
10098,0.2,1,1,1
10099,0.2,1,0,0
10100,0.2,3,0,0
10101,0.2,1,0,1
10102,1.0,1,1,1
10103,0.2,1,1,1
10104,0.2,0,1,1
10105,0.2,2,0,0
10106,0.2,1,1,1
10107,0.2,2,1,0
10108,1.0,2,1,1
10109,0.2,3,1,1
10110,0.2,0,1,0
10111,0.2,1,1,1
10112,1.0,0,0,1
10113,0.2,0,1,1
10114,0.2,0,1,1
10115,0.2,2,0,0
10116,0.2,1,0,0
10117,1.0,2,0,0
10118,0.2,1,1,1
10119,0.2,1,1,1
10120,0.2,2,1,1
10121,0.2,1,0,1
10122,0.2,2,0,0
10123,0.2,2,0,0
10124,0.2,1,1,1
10125,0.2,2,1,1
10126,0.2,2,0,0
10127,0.2,2,0,0
10128,0.2,2,0,0
10129,0.2,2,1,1
10130,0.2,2,0,0
10131,0.2,2,1,0
10132,0.2,2,1,1
10133,0.2,3,1,1
10134,0.2,2,1,1
10135,0.2,2,1,1
10136,0.2,3,1,0
10137,0.2,2,1,1
10138,0.2,1,0,0
10139,0.2,1,1,1
10140,1.0,1,0,0
10141,0.2,0,1,1
10142,0.2,3,0,0
10143,1.0,3,0,0
10144,2.2,0,0,1
10145,0.2,3,0,0
10146,0.2,1,1,1
10147,1.0,2,1,1
10148,0.2,2,1,1
10149,0.2,3,1,1
10150,1.0,1,0,0
10151,0.2,2,1,1
10152,0.2,3,0,0
10153,0.2,2,1,1
10154,0.2,2,0,0
10155,0.2,1,0,1
10156,0.2,1,1,0
10157,0.2,3,0,0
10158,0.2,1,1,1
10159,0.2,2,0,0
10160,0.2,1,1,1
10161,2.2,2,1,1
10162,0.2,3,0,0
10163,0.2,1,0,0
10164,0.2,1,1,1
10165,1.0,0,0,1
10166,0.2,2,1,1
10167,0.2,1,1,1
10168,0.2,1,1,1
10169,0.2,1,0,0
10170,0.2,1,1,1
10171,1.0,3,1,1
10172,0.2,2,0,0
10173,1.0,2,1,1
10174,0.2,3,1,1
10175,0.2,2,0,0
10176,0.2,3,1,0
10177,0.2,1,1,1
10178,0.2,2,1,0
10179,0.2,1,1,1
10180,0.2,2,1,0
10181,0.2,1,1,0
10182,0.2,2,1,1
10183,0.2,1,1,1
10184,0.2,0,0,0
10185,0.2,3,1,0
10186,0.2,1,0,0
10187,0.2,0,0,0
10188,0.2,0,0,0
10189,0.2,2,0,0
10190,0.2,0,1,1
10191,0.2,2,0,0
10192,1.0,1,0,1
10193,0.2,2,1,1
10194,0.2,1,0,0
10195,0.2,2,0,0
10196,0.2,2,1,0
10197,0.2,2,1,0
10198,2.2,1,0,1
10199,0.2,2,1,1
10200,0.2,1,1,0
10201,0.2,1,1,1
10202,0.2,2,1,1
10203,1.0,1,1,1
10204,1.0,2,1,1
10205,0.2,3,1,1
10206,0.2,2,1,0
10207,0.2,1,1,0
10208,1.0,1,0,0
10209,1.0,2,0,1
10210,2.2,2,0,1
10211,0.2,3,1,1
10212,0.2,2,1,1
10213,0.2,1,1,1
10214,0.2,1,0,1
10215,0.2,3,0,0
10216,0.2,2,0,0
10217,0.2,3,0,0
10218,0.2,2,1,0
10219,1.0,2,0,1
10220,0.2,2,0,0
10221,0.2,2,0,0
10222,1.0,1,0,0
10223,0.2,1,1,1
10224,0.2,1,0,0
10225,0.2,1,1,1
10226,0.2,2,1,1
10227,1.0,2,0,0
10228,0.2,0,0,0
10229,1.0,1,1,1
10230,0.2,1,1,1
10231,1.0,1,0,0
10232,0.2,2,1,0
10233,0.2,3,1,1
10234,0.2,2,0,0
10235,0.2,2,0,0
10236,0.2,1,1,0
10237,0.2,1,1,1
10238,0.2,1,0,0
10239,0.2,2,0,0
10240,0.2,2,1,1
10241,0.2,2,0,0
10242,1.0,2,0,1
10243,1.0,1,1,1
10244,1.0,3,1,1
10245,1.0,1,1,1
10246,0.2,2,1,1
10247,0.2,3,1,0
10248,0.2,1,0,0
10249,0.2,0,0,0
10250,0.2,2,0,0
10251,1.0,2,0,0
10252,0.2,1,1,1
10253,0.2,3,1,1
10254,0.2,1,0,0
10255,0.2,0,0,1
10256,0.2,3,0,0
10257,0.2,1,1,0
10258,0.2,2,1,0
10259,0.2,3,0,0
10260,0.2,1,0,0
10261,1.0,1,1,1
10262,1.0,2,0,1
10263,1.0,2,1,1
10264,0.2,3,1,0
10265,0.2,1,1,1
10266,0.2,2,0,0
10267,0.2,1,1,1
10268,0.2,2,0,0
10269,0.2,3,0,0
10270,1.0,2,1,1
10271,0.2,3,0,0
10272,1.0,2,1,1
10273,0.2,2,0,0
10274,0.2,1,1,1
10275,0.2,0,1,1
10276,1.0,1,0,1
10277,0.2,1,1,0
10278,0.2,2,0,0
10279,0.2,0,1,1
10280,1.0,0,1,0
10281,0.2,0,1,1
10282,0.2,0,1,0
10283,0.2,1,1,1
10284,0.2,1,1,1
10285,0.2,1,1,0
10286,0.2,1,1,1
10287,0.2,1,0,0
10288,0.2,1,1,1
10289,0.2,3,0,0
10290,0.2,0,0,1
10291,1.0,1,0,0
10292,0.2,0,0,0
10293,1.0,2,0,0
10294,0.2,2,0,0
10295,0.2,0,1,1
10296,0.2,2,0,1
10297,0.2,1,1,1
10298,0.2,2,1,0
10299,0.2,1,1,1
10300,0.2,1,0,0
10301,0.2,1,1,1
10302,0.2,2,0,0
10303,0.2,2,0,0
10304,0.2,1,0,0
10305,1.0,3,0,0
10306,0.2,1,0,0
10307,0.2,1,0,0
10308,0.2,2,1,0
10309,0.2,1,0,0
10310,0.2,1,1,0
10311,0.2,0,0,0
10312,0.2,1,1,0
10313,0.2,3,0,0
10314,0.2,2,1,1
10315,0.2,2,0,0
10316,0.2,3,0,0
10317,0.2,1,0,0
10318,0.2,1,0,0
10319,1.0,2,0,0
10320,1.0,0,0,1
10321,0.2,2,1,1
10322,0.2,2,0,0
10323,0.2,1,1,1
10324,0.2,2,0,1
10325,0.2,0,1,1
10326,0.2,1,0,0
10327,0.2,2,1,1
10328,0.2,2,1,1
10329,0.2,2,0,0
10330,0.2,1,0,0
10331,0.2,1,0,0
10332,0.2,1,1,1
10333,0.2,2,0,0
10334,0.2,1,1,1
10335,0.2,3,1,0
10336,0.2,2,0,0
10337,1.0,3,0,1
10338,0.2,2,0,0
10339,0.2,2,1,1
10340,0.2,2,1,1
10341,0.2,2,0,0
10342,0.2,2,0,0
10343,1.0,3,1,1
10344,0.2,2,1,1
10345,0.2,1,0,1
10346,0.2,2,0,0
10347,0.2,0,1,1
10348,0.2,1,1,0
10349,1.0,1,1,1
10350,0.2,1,1,0
10351,2.2,3,0,1
10352,0.2,2,0,0
10353,0.2,1,0,0
10354,0.2,2,1,0
10355,0.2,0,1,0
10356,1.0,1,0,1
10357,0.2,1,0,0
10358,1.0,1,0,1
10359,0.2,3,0,0
10360,1.0,1,1,1
10361,1.0,1,1,1
10362,0.2,2,0,0
10363,1.0,0,1,1
10364,0.2,2,1,1
10365,0.2,0,1,1
10366,0.2,0,0,0
10367,0.2,1,1,1
10368,1.0,1,1,1
10369,0.2,3,1,0
10370,0.2,1,1,0
10371,1.0,2,0,1
10372,1.0,2,0,1
10373,0.2,2,1,0
10374,0.2,1,1,0
10375,0.2,0,0,0
10376,2.2,1,0,0
10377,0.2,2,0,0
10378,0.2,0,0,1
10379,0.2,2,0,0
10380,1.0,0,1,1
10381,0.2,1,1,1
10382,0.2,2,1,1
10383,1.0,2,0,1
10384,0.2,1,1,1
10385,1.0,1,1,1
10386,2.2,1,1,1
10387,0.2,1,0,1
10388,0.2,1,1,1
10389,0.2,3,0,0
10390,1.0,3,0,0
10391,0.2,1,1,1
10392,0.2,2,0,0
10393,0.2,3,0,0
10394,0.2,0,0,0
10395,1.0,2,1,1
10396,1.0,2,0,1
10397,0.2,2,0,0
10398,0.2,2,0,0
10399,0.2,1,0,0
10400,0.2,0,1,1
10401,0.2,2,1,1
10402,1.0,3,1,0
10403,0.2,2,0,0
10404,1.0,1,1,1
10405,0.2,2,0,0
10406,0.2,2,1,0
10407,0.2,1,1,1
10408,0.2,2,0,0
10409,1.0,2,0,0
10410,1.0,3,1,1
10411,0.2,1,1,1
10412,1.0,0,0,0
10413,0.2,1,0,0
10414,0.2,1,0,0
10415,0.2,2,0,0
10416,0.2,1,0,0
10417,0.2,2,0,0
10418,1.0,2,1,0
10419,1.0,1,1,1
10420,0.2,2,1,1
10421,0.2,2,0,0
10422,0.2,1,1,0
10423,1.0,3,1,1
10424,0.2,2,1,1
10425,0.2,1,1,0
10426,0.2,1,1,1
10427,2.2,1,1,1
10428,0.2,2,0,0
10429,1.0,2,0,0
10430,0.2,2,1,1
10431,0.2,1,0,0
10432,0.2,2,0,0
10433,0.2,2,1,1
10434,1.0,2,0,1
10435,1.0,0,0,1
10436,1.0,0,0,1
10437,0.2,0,1,1
10438,1.0,1,1,1
10439,0.2,3,0,0
10440,0.2,1,1,1
10441,1.0,2,1,1
10442,1.0,0,0,0
10443,0.2,1,1,0
10444,0.2,1,0,0
10445,1.0,1,0,0
10446,1.0,1,1,1
10447,0.2,1,0,0
10448,0.2,2,0,0
10449,0.2,1,1,1
10450,0.2,2,0,0
10451,0.2,0,1,1
10452,0.2,2,0,0
10453,0.2,2,0,0
10454,0.2,2,1,0
10455,0.2,2,1,1
10456,0.2,0,1,1
10457,0.2,2,0,0
10458,0.2,3,0,0
10459,1.0,3,0,1
10460,0.2,1,0,0
10461,0.2,1,0,0
10462,0.2,1,1,1
10463,0.2,2,0,0
10464,1.0,1,1,1
10465,0.2,1,1,0
10466,0.2,1,1,0
10467,0.2,1,0,0
10468,0.2,3,1,0
10469,0.2,3,1,0
10470,0.2,1,0,0
10471,0.2,2,0,0
10472,0.2,3,1,0
10473,0.2,2,0,0
10474,0.2,1,0,1
10475,0.2,2,0,0
10476,1.0,2,0,1
10477,0.2,1,0,0
10478,0.2,1,1,1
10479,1.0,2,1,1
10480,1.0,3,1,1
10481,0.2,0,1,1
10482,0.2,2,0,0
10483,0.2,2,1,1
10484,1.0,1,1,1
10485,1.0,1,0,0
10486,1.0,2,1,1
10487,0.2,1,1,0
10488,1.0,0,0,1
10489,0.2,2,0,0
10490,0.2,1,0,1
10491,0.2,1,1,0
10492,1.0,1,0,1
10493,0.2,0,0,0
10494,0.2,2,0,0
10495,0.2,2,1,0
10496,0.2,1,0,1
10497,1.0,1,0,1
10498,0.2,1,1,1
10499,0.2,1,0,0
10500,0.2,2,0,0
10501,0.2,2,0,0
10502,0.2,1,0,0
10503,1.0,2,1,1
10504,0.2,3,1,0
10505,0.2,3,1,1
10506,1.0,3,0,0
10507,1.0,1,1,1
10508,0.2,2,0,0
10509,0.2,1,0,0
10510,0.2,0,1,1
10511,0.2,2,1,1
10512,0.2,1,0,0
10513,0.2,0,1,1
10514,0.2,3,0,0
10515,0.2,2,0,0
10516,0.2,2,1,1
10517,0.2,2,0,0
10518,0.2,0,0,0
10519,0.2,2,0,0
10520,1.0,0,0,0
10521,0.2,1,1,1
10522,0.2,2,0,0
10523,0.2,2,1,1
10524,0.2,0,0,1
10525,0.2,2,0,1
10526,0.2,3,1,0
10527,1.0,1,1,1
10528,0.2,0,0,0
10529,1.0,2,0,1
10530,0.2,3,1,0
10531,0.2,2,0,0
10532,0.2,0,0,0
10533,2.2,3,1,1
10534,1.0,2,1,1
10535,1.0,2,0,0
10536,2.2,1,0,1
10537,0.2,2,0,0
10538,0.2,1,1,0
10539,0.2,1,0,0
10540,0.2,3,1,0
10541,0.2,2,1,0
10542,0.2,0,1,1
10543,0.2,0,0,0
10544,0.2,2,1,0
10545,0.2,1,1,1
10546,0.2,1,1,0
10547,0.2,1,0,0
10548,0.2,0,1,1
10549,1.0,1,0,0
10550,1.0,1,1,1
10551,0.2,0,0,0
10552,1.0,2,1,1
10553,1.0,2,1,1
10554,2.2,2,0,1
10555,0.2,1,0,0
10556,0.2,3,1,1
10557,1.0,1,0,0
10558,1.0,2,1,1
10559,1.0,2,0,0
10560,0.2,1,0,0
10561,0.2,1,1,1
10562,0.2,1,0,0
10563,0.2,2,0,0
10564,1.0,2,0,0
10565,0.2,3,1,1
10566,0.2,3,1,0
10567,1.0,1,1,1
10568,0.2,1,0,0
10569,0.2,1,1,0
10570,1.0,2,1,1
10571,0.2,1,0,0
10572,0.2,1,1,1
10573,0.2,1,0,0
10574,0.2,1,1,1
10575,0.2,1,0,0
10576,0.2,1,0,1
10577,0.2,0,1,1
10578,0.2,2,0,0
10579,0.2,1,1,1
10580,0.2,1,1,1
10581,0.2,2,1,0
10582,1.0,1,0,0
10583,2.2,1,0,1
10584,0.2,1,0,0
10585,1.0,2,1,1
10586,0.2,2,0,0
10587,0.2,3,1,1
10588,0.2,2,1,0
10589,0.2,0,0,1
10590,1.0,2,1,1
10591,0.2,2,1,1
10592,0.2,1,0,0
10593,0.2,3,0,0
10594,0.2,2,0,0
10595,0.2,1,1,1
10596,0.2,3,1,0
10597,0.2,1,0,0
10598,0.2,1,1,1
10599,0.2,0,0,0
10600,0.2,2,1,1
10601,0.2,1,1,0
10602,0.2,1,0,0
10603,0.2,0,1,1
10604,0.2,2,0,1
10605,0.2,1,1,1
10606,0.2,3,1,0
10607,1.0,1,1,1
10608,0.2,2,1,1
10609,0.2,1,0,0
10610,1.0,2,0,0
10611,0.2,2,0,0
10612,0.2,1,0,0
10613,0.2,2,1,0
10614,0.2,3,0,0
10615,0.2,1,0,0
10616,1.0,2,1,1
10617,0.2,2,0,0
10618,1.0,2,0,1
10619,0.2,1,1,1
10620,0.2,1,0,0
10621,0.2,1,0,0
10622,1.0,2,1,0
10623,0.2,3,1,1
10624,0.2,1,0,0
10625,0.2,0,0,0
10626,0.2,2,1,1
10627,0.2,2,0,0
10628,0.2,2,1,1
10629,0.2,2,1,0
10630,0.2,2,1,1
10631,1.0,3,1,1
10632,1.0,1,1,1
10633,0.2,0,1,1
10634,0.2,2,0,0
10635,0.2,1,0,0
10636,0.2,2,0,0
10637,1.0,3,0,0
10638,2.2,2,0,1
10639,0.2,1,0,0
10640,0.2,1,0,0
10641,0.2,2,1,1
10642,0.2,2,0,0
10643,0.2,1,1,0
10644,0.2,2,1,1
10645,0.2,3,0,0
10646,0.2,1,0,0
10647,0.2,3,0,0
10648,0.2,3,1,0
10649,1.0,0,0,0
10650,0.2,2,1,1
10651,0.2,2,0,0
10652,0.2,1,1,1
10653,0.2,1,0,0
10654,0.2,2,0,0
10655,0.2,1,1,1
10656,0.2,2,1,1
10657,0.2,1,0,0
10658,0.2,3,1,1
10659,0.2,1,1,0
10660,0.2,2,0,0
10661,0.2,2,1,1
10662,0.2,2,1,0
10663,0.2,2,1,1
10664,0.2,1,1,1
10665,0.2,1,1,1
10666,0.2,2,0,0
10667,0.2,1,0,0
10668,0.2,2,0,0
10669,0.2,2,0,0
10670,0.2,3,0,0
10671,0.2,2,0,0
10672,0.2,1,1,1
10673,0.2,2,1,0
10674,0.2,1,1,1
10675,0.2,2,1,0
10676,0.2,1,1,1
10677,0.2,3,0,0
10678,0.2,0,1,1
10679,0.2,2,0,0
10680,0.2,0,0,1
10681,0.2,1,0,0
10682,0.2,3,0,0
10683,0.2,1,0,0
10684,0.2,2,0,0
10685,0.2,1,0,0
10686,0.2,1,1,1
10687,0.2,2,1,1
10688,0.2,2,0,0
10689,0.2,0,0,0
10690,1.0,1,0,0
10691,0.2,1,1,1
10692,0.2,3,0,0
10693,0.2,0,0,0
10694,0.2,3,1,1
10695,1.0,1,0,0
10696,1.0,1,0,1
10697,1.0,0,0,1
10698,3.0,2,1,1
10699,0.2,2,1,0
10700,0.2,1,0,0
10701,0.2,1,1,1
10702,0.2,2,0,0
10703,0.2,1,1,1
10704,0.2,1,0,0
10705,0.2,1,0,0
10706,0.2,1,0,0
10707,0.2,3,0,0
10708,0.2,2,0,1
10709,0.2,1,1,1
10710,0.2,2,0,0
10711,0.2,0,1,0
10712,0.2,1,1,0
10713,1.0,2,1,1
10714,0.2,3,1,1
10715,0.2,2,0,0
10716,1.0,0,1,1
10717,0.2,0,1,0
10718,0.2,3,0,0
10719,1.0,1,0,1
10720,0.2,1,1,1
10721,0.2,1,0,0
10722,0.2,1,0,0
10723,1.0,1,1,1
10724,0.2,1,1,1
10725,0.2,2,0,0
10726,1.0,1,1,1
10727,0.2,3,0,0
10728,0.2,1,0,0
10729,0.2,1,1,1
10730,0.2,2,0,0
10731,0.2,1,0,0
10732,0.2,3,0,0
10733,0.2,3,0,0
10734,1.0,1,1,0
10735,0.2,0,1,1
10736,1.0,3,1,1
10737,0.2,3,1,1
10738,1.0,3,1,1
10739,1.0,0,0,0
10740,1.0,3,1,1
10741,0.2,2,0,0
10742,0.2,1,0,1
10743,1.0,2,1,1
10744,0.2,2,1,0
10745,0.2,3,0,0
10746,1.0,1,0,1
10747,1.0,2,1,1
10748,0.2,0,1,1
10749,1.0,2,1,1
10750,0.2,1,0,0
10751,1.0,2,0,1
10752,0.2,3,0,0
10753,0.2,0,0,0
10754,0.2,2,0,0
10755,0.2,2,0,0
10756,0.2,2,1,1
10757,0.2,1,0,0
10758,0.2,2,1,1
10759,0.2,2,1,0
10760,0.2,0,0,1
10761,1.0,2,1,1
10762,0.2,3,0,0
10763,1.0,3,1,1
10764,1.0,0,0,0
10765,0.2,1,0,0
10766,0.2,2,1,1
10767,1.0,3,1,1
10768,0.2,1,0,0
10769,0.2,0,1,1
10770,0.2,0,0,0
10771,0.2,2,0,1
10772,0.2,1,1,1
10773,0.2,0,0,0
10774,1.0,0,1,1
10775,0.2,2,1,1
10776,0.2,1,1,1
10777,0.2,3,1,1
10778,0.2,2,1,1
10779,0.2,2,1,1
10780,0.2,1,0,0
10781,0.2,2,0,0
10782,0.2,3,0,0
10783,0.2,1,1,1
10784,1.0,2,0,1
10785,0.2,2,0,0
10786,0.2,2,0,0
10787,0.2,3,0,0
10788,0.2,1,1,0
10789,1.0,1,1,1
10790,0.2,2,1,1
10791,0.2,0,0,0
10792,0.2,3,1,0
10793,0.2,2,0,0
10794,1.0,1,0,1
10795,0.2,2,0,0
10796,0.2,1,0,0
10797,0.2,1,0,0
10798,0.2,1,0,0
10799,0.2,2,0,0
10800,1.0,1,0,1
10801,0.2,2,0,0
10802,0.2,2,0,0
10803,1.0,1,0,0
10804,0.2,1,1,1
10805,2.2,2,0,1
10806,0.2,0,0,1
10807,0.2,0,0,0
10808,0.2,0,0,1
10809,0.2,3,0,0
10810,0.2,1,0,0
10811,1.0,2,0,0
10812,0.2,2,0,0
10813,1.0,0,1,1
10814,1.0,0,0,1
10815,0.2,1,0,0
10816,0.2,2,0,0
10817,0.2,1,1,1
10818,0.2,0,0,0
10819,1.0,2,1,1
10820,0.2,1,1,1
10821,0.2,1,1,1
10822,1.0,2,0,0
10823,0.2,1,1,1
10824,1.0,0,0,0
10825,0.2,2,0,1
10826,0.2,3,0,0
10827,1.0,1,0,0
10828,1.0,1,1,1
10829,0.2,3,0,0
10830,0.2,1,1,0
10831,0.2,2,1,0
10832,0.2,1,0,0
10833,0.2,3,1,1
10834,0.2,1,0,0
10835,0.2,1,0,0
10836,2.2,3,0,1
10837,0.2,1,0,1
10838,0.2,2,0,0
10839,1.0,2,0,0
10840,0.2,2,0,0
10841,2.2,3,0,1
10842,0.2,1,0,0
10843,0.2,1,0,0
10844,0.2,2,1,1
10845,0.2,1,1,1
10846,0.2,1,0,0
10847,0.2,1,1,1
10848,0.2,3,0,0
10849,0.2,3,1,0
10850,0.2,1,0,0
10851,0.2,1,0,0
10852,0.2,1,0,0
10853,0.2,0,0,1
10854,0.2,1,0,0
10855,0.2,1,1,0
10856,0.2,1,1,0
10857,2.2,3,1,1
10858,0.2,1,0,0
10859,0.2,2,1,1
10860,1.0,2,1,1
10861,0.2,2,1,0
10862,0.2,1,1,0
10863,0.2,1,0,0
10864,0.2,2,0,0
10865,0.2,1,0,0
10866,1.0,1,1,1
10867,1.0,2,0,0
10868,1.0,2,1,1
10869,0.2,1,0,0
10870,0.2,2,0,0
10871,0.2,0,0,1
10872,0.2,2,0,0
10873,0.2,2,0,0
10874,0.2,3,1,0
10875,0.2,1,1,1
10876,0.2,3,1,1
10877,1.0,1,1,1
10878,1.0,1,0,1
10879,0.2,1,0,0
10880,0.2,1,1,1
10881,0.2,3,1,1
10882,0.2,2,0,0
10883,1.0,0,1,1
10884,1.0,1,1,1
10885,0.2,1,0,0
10886,0.2,0,1,1
10887,1.0,3,0,0
10888,0.2,2,1,0
10889,0.2,2,1,1
10890,0.2,0,1,1
10891,0.2,3,0,0
10892,1.0,1,1,1
10893,0.2,1,1,1
10894,1.0,3,0,0
10895,0.2,1,0,0
10896,0.2,2,0,0
10897,1.0,1,0,0
10898,0.2,2,0,0
10899,0.2,2,1,0
10900,1.0,3,0,1
10901,0.2,0,0,0
10902,0.2,0,1,1
10903,0.2,1,1,1
10904,0.2,3,0,0
10905,0.2,2,0,0
10906,0.2,0,1,1
10907,0.2,3,1,0
10908,0.2,1,0,0
10909,0.2,3,1,0
10910,0.2,0,1,1
10911,0.2,0,0,0
10912,0.2,1,1,1
10913,0.2,1,0,0
10914,2.2,2,1,1
10915,0.2,1,0,0
10916,0.2,0,1,1
10917,1.0,1,1,1
10918,0.2,2,0,0
10919,0.2,0,0,0
10920,1.0,2,1,1
10921,0.2,1,1,1
10922,0.2,3,1,1
10923,2.2,2,1,1
10924,0.2,1,0,0
10925,0.2,3,0,0
10926,0.2,2,0,0
10927,0.2,2,0,0
10928,1.0,1,1,1
10929,1.0,1,0,1
10930,1.0,0,0,1
10931,0.2,3,1,1
10932,0.2,1,1,0
10933,2.2,1,0,1
10934,0.2,2,0,0
10935,0.2,2,0,0
10936,1.0,2,1,0
10937,1.0,2,1,1
10938,0.2,2,1,0
10939,0.2,3,0,0
10940,0.2,3,1,0
10941,0.2,0,0,0
10942,0.2,1,0,0
10943,0.2,1,0,0
10944,0.2,3,0,0
10945,1.0,0,0,0
10946,0.2,2,0,1
10947,0.2,1,1,0
10948,0.2,2,0,0
10949,0.2,3,1,0
10950,0.2,2,0,0
10951,1.0,1,0,1
10952,0.2,2,1,1
10953,0.2,1,1,1
10954,0.2,1,0,0
10955,0.2,1,0,0
10956,0.2,1,0,0
10957,0.2,2,1,0
10958,0.2,1,0,0
10959,0.2,1,0,0
10960,2.2,3,0,1
10961,0.2,0,1,1
10962,1.0,1,1,1
10963,2.2,3,1,1
10964,0.2,0,1,1
10965,0.2,3,1,0
10966,2.2,1,1,1
10967,1.0,1,0,1
10968,0.2,3,1,1
10969,0.2,1,1,1
10970,1.0,2,1,1
10971,0.2,1,1,0
10972,0.2,1,0,0
10973,1.0,2,1,1
10974,0.2,2,1,1
10975,0.2,2,1,0
10976,0.2,1,1,1
10977,2.2,1,1,1
10978,0.2,1,0,1
10979,1.0,2,1,0
10980,0.2,0,1,1
10981,0.2,2,1,1
10982,0.2,0,0,1
10983,0.2,0,1,1
10984,0.2,1,0,0
10985,0.2,3,1,0
10986,0.2,0,0,0
10987,0.2,1,0,0
10988,0.2,3,1,0
10989,1.0,2,0,0
10990,0.2,2,1,0
10991,0.2,2,1,0
10992,1.0,0,0,1
10993,0.2,1,1,0
10994,0.2,1,1,0
10995,0.2,1,0,0
10996,0.2,0,0,0
10997,0.2,0,0,0
10998,0.2,1,0,0
10999,1.0,1,0,0
11000,0.2,0,0,0
11001,0.2,2,0,0
11002,0.2,1,1,0
11003,1.0,2,1,1
11004,0.2,2,0,0
11005,1.0,2,0,0
11006,0.2,3,0,0
11007,0.2,1,1,0
11008,0.2,3,1,0
11009,1.0,2,1,1
11010,0.2,3,0,1
11011,1.0,0,1,1
11012,1.0,0,1,1
11013,0.2,2,1,0
11014,0.2,1,1,1
11015,0.2,0,1,1
11016,0.2,1,1,1
11017,0.2,1,1,1
11018,0.2,2,1,0
11019,3.0,1,1,1
11020,0.2,1,1,1
11021,0.2,2,0,0
11022,3.0,0,0,1
11023,1.0,2,1,1
11024,0.2,3,0,0
11025,0.2,1,0,1
11026,0.2,1,0,0
11027,0.2,1,0,0
11028,0.2,1,1,1
11029,0.2,2,0,0
11030,0.2,0,0,0
11031,0.2,1,1,1
11032,0.2,3,1,0
11033,0.2,2,1,1
11034,0.2,0,1,1
11035,0.2,2,0,0
11036,2.2,1,1,1
11037,0.2,3,0,0
11038,0.2,2,1,1
11039,0.2,1,1,1
11040,0.2,0,1,1
11041,0.2,1,0,0
11042,0.2,0,0,1
11043,0.2,1,1,1
11044,0.2,1,0,0
11045,0.2,2,0,0
11046,1.0,2,0,0
11047,0.2,3,0,0
11048,0.2,0,1,1
11049,0.2,2,0,0
11050,1.0,2,1,1
11051,0.2,3,0,0
11052,0.2,1,1,1
11053,0.2,2,1,1
11054,0.2,1,1,0
11055,1.0,0,0,0
11056,0.2,0,1,1
11057,1.0,2,0,0
11058,0.2,2,1,0
11059,0.2,2,0,1
11060,0.2,2,0,0
11061,1.0,2,1,0
11062,1.0,3,0,1
11063,0.2,2,0,0
11064,0.2,3,0,0
11065,0.2,2,0,0
11066,1.0,0,1,1
11067,0.2,1,0,0
11068,3.0,3,0,1
11069,0.2,3,0,0
11070,0.2,0,1,1
11071,0.2,3,0,0
11072,1.0,1,1,1
11073,0.2,1,1,1
11074,0.2,1,0,0
11075,0.2,2,1,1
11076,1.0,1,1,1
11077,0.2,0,0,1
11078,0.2,2,1,1
11079,0.2,1,0,0
11080,0.2,1,0,0
11081,0.2,1,0,0
11082,1.0,2,0,1
11083,0.2,1,1,1
11084,0.2,1,0,0
11085,0.2,1,1,1
11086,0.2,1,1,0
11087,0.2,2,0,1
11088,0.2,0,0,0
11089,1.0,1,0,0
11090,0.2,2,1,1
11091,0.2,3,1,0
11092,0.2,2,1,1
11093,0.2,2,1,1
11094,0.2,1,0,0
11095,0.2,0,1,1
11096,0.2,2,0,0
11097,0.2,3,1,0
11098,0.2,2,0,0
11099,1.0,2,1,1
11100,0.2,2,0,0
11101,0.2,3,1,1
11102,0.2,2,0,0
11103,0.2,2,1,1
11104,1.0,2,0,0
11105,1.0,3,1,1
11106,2.2,1,0,1
11107,1.0,2,1,1
11108,0.2,0,1,1
11109,1.0,1,0,1
11110,0.2,1,1,1
11111,0.2,2,1,0
11112,0.2,2,1,0
11113,2.2,1,0,1
11114,1.0,2,0,0
11115,0.2,2,0,0
11116,1.0,0,1,1
11117,0.2,1,1,1
11118,0.2,0,0,0
11119,0.2,1,0,0
11120,0.2,1,1,1
11121,0.2,1,0,0
11122,1.0,1,0,0
11123,0.2,3,1,1
11124,0.2,0,0,1
11125,0.2,2,1,1
11126,0.2,0,0,0
11127,1.0,1,1,1
11128,0.2,2,1,0
11129,0.2,1,0,1
11130,1.0,2,0,1
11131,0.2,2,0,0
11132,1.0,3,1,0
11133,0.2,1,0,0
11134,0.2,3,0,0
11135,1.0,2,1,1
11136,0.2,0,0,0
11137,0.2,3,0,0
11138,1.0,3,1,1
11139,2.2,1,0,1
11140,1.0,2,1,1
11141,0.2,1,0,0
11142,0.2,0,0,0
11143,0.2,2,1,1
11144,0.2,0,1,1
11145,0.2,2,1,1
11146,0.2,1,1,0
11147,0.2,2,0,0
11148,0.2,0,1,1
11149,0.2,1,0,0
11150,0.2,1,0,0
11151,1.0,1,0,1
11152,0.2,1,1,1
11153,0.2,2,0,0
11154,0.2,1,1,0
11155,0.2,3,1,0
11156,1.0,2,1,1
11157,0.2,0,0,1
11158,0.2,1,1,1
11159,1.0,3,1,1
11160,1.0,2,1,1
11161,0.2,1,0,0
11162,0.2,0,1,1
11163,1.0,3,0,0
11164,0.2,1,1,1
11165,1.0,2,1,1
11166,0.2,2,1,1
11167,0.2,2,0,0
11168,0.2,1,1,1
11169,0.2,2,0,0
11170,0.2,1,0,0
11171,1.0,1,1,1
11172,0.2,2,1,1
11173,0.2,1,1,1
11174,0.2,1,0,0
11175,1.0,3,1,0
11176,0.2,1,1,1
11177,0.2,2,0,0
11178,1.0,0,1,1
11179,0.2,1,0,0
11180,0.2,0,0,0
11181,1.0,1,0,1
11182,0.2,2,1,0
11183,1.0,1,1,1
11184,1.0,1,0,1
11185,0.2,3,0,0
11186,0.2,1,0,1
11187,2.2,2,1,1
11188,1.0,2,1,1
11189,0.2,3,1,1
11190,0.2,0,1,1
11191,0.2,0,1,1
11192,0.2,1,0,1
11193,0.2,1,1,1
11194,0.2,0,1,1
11195,1.0,2,0,0
11196,0.2,1,1,1
11197,0.2,1,0,0
11198,0.2,2,1,1
11199,1.0,1,0,1
11200,0.2,1,1,1
11201,0.2,2,0,0
11202,0.2,0,0,0
11203,0.2,3,1,0
11204,0.2,1,1,0
11205,0.2,2,1,1
11206,1.0,2,0,1
11207,2.2,3,1,1
11208,0.2,0,1,1
11209,1.0,3,1,1
11210,1.0,3,1,1
11211,0.2,2,0,0
11212,0.2,3,1,0
11213,0.2,0,1,1
11214,0.2,1,0,0
11215,0.2,3,1,1
11216,0.2,1,0,0
11217,0.2,3,1,0
11218,0.2,1,1,1
11219,1.0,2,1,1
11220,0.2,1,0,0
11221,1.0,1,0,1
11222,2.2,1,0,1
11223,0.2,2,0,0
11224,0.2,1,1,1
11225,0.2,1,0,0
11226,0.2,0,1,1
11227,0.2,1,0,0
11228,0.2,2,1,1
11229,0.2,1,1,1
11230,1.0,2,0,0
11231,0.2,2,1,0
11232,0.2,1,0,0
11233,2.2,2,1,1
11234,1.0,1,0,1
11235,0.2,2,0,0
11236,0.2,2,1,0
11237,0.2,0,0,0
11238,0.2,3,1,1
11239,0.2,2,1,1
11240,0.2,2,1,0
11241,2.2,2,0,1
11242,1.0,0,1,1
11243,0.2,2,0,0
11244,0.2,2,1,1
11245,1.0,3,1,1
11246,0.2,2,0,0
11247,0.2,1,0,1
11248,0.2,2,0,0
11249,0.2,1,1,1
11250,0.2,1,1,0
11251,0.2,1,1,1
11252,0.2,2,0,0
11253,1.0,2,1,1
11254,1.0,0,1,1
11255,0.2,1,0,0
11256,0.2,0,0,1
11257,0.2,2,1,1
11258,0.2,2,0,0
11259,0.2,2,0,0
11260,0.2,2,0,1
11261,0.2,3,0,0
11262,0.2,1,0,0
11263,1.0,0,0,0
11264,0.2,1,0,0
11265,0.2,0,0,0
11266,0.2,1,1,0
11267,0.2,2,1,1
11268,1.0,0,1,1
11269,0.2,3,0,0
11270,0.2,1,0,0
11271,0.2,2,0,0
11272,1.0,2,0,0
11273,0.2,1,1,1
11274,1.0,1,0,1
11275,0.2,2,1,1
11276,0.2,2,1,1
11277,0.2,1,0,0
11278,0.2,2,1,0
11279,0.2,3,1,1
11280,2.2,2,1,1
11281,0.2,1,1,1
11282,1.0,3,1,1
11283,0.2,1,1,1
11284,0.2,1,0,0
11285,0.2,2,1,0
11286,0.2,3,0,0
11287,0.2,2,0,0
11288,0.2,1,0,0
11289,1.0,2,0,1
11290,0.2,1,0,0
11291,0.2,2,1,1
11292,0.2,1,0,0
11293,1.0,2,1,1
11294,0.2,2,1,0
11295,0.2,0,1,1
11296,0.2,2,0,0
11297,0.2,0,0,0
11298,2.2,1,1,1
11299,0.2,1,0,0
11300,0.2,3,0,0
11301,0.2,2,1,0
11302,1.0,3,0,0
11303,1.0,1,1,1
11304,0.2,2,1,0
11305,0.2,1,0,0
11306,0.2,1,1,0
11307,1.0,1,0,1
11308,1.0,2,1,1
11309,1.0,0,1,1
11310,1.0,2,1,1
11311,0.2,2,1,0
11312,0.2,2,0,0
11313,0.2,2,0,0
11314,1.0,0,1,1
11315,1.0,3,1,1
11316,0.2,1,1,1
11317,0.2,2,0,0
11318,0.2,1,1,0
11319,0.2,2,0,0
11320,0.2,0,1,1
11321,0.2,1,1,1
11322,0.2,1,1,1
11323,0.2,2,0,0
11324,0.2,3,1,1
11325,2.2,0,0,1
11326,0.2,2,1,1
11327,0.2,1,0,0
11328,0.2,1,0,0
11329,0.2,3,0,0
11330,0.2,1,0,0
11331,0.2,0,0,0
11332,0.2,2,0,0
11333,0.2,1,0,0
11334,0.2,1,1,1
11335,0.2,1,1,0
11336,0.2,1,1,0
11337,2.2,2,0,1
11338,0.2,1,0,0
11339,1.0,2,1,1
11340,0.2,3,0,0
11341,0.2,2,1,0
11342,1.0,2,1,1
11343,1.0,2,1,1
11344,0.2,2,1,1
11345,1.0,3,1,1
11346,1.0,2,0,1
11347,0.2,0,0,1
11348,0.2,1,0,0
11349,0.2,1,0,1
11350,0.2,3,1,1
11351,2.2,1,1,1
11352,0.2,3,1,1
11353,1.0,1,1,1
11354,0.2,1,0,0
11355,1.0,1,1,1
11356,0.2,2,1,0
11357,1.0,1,1,1
11358,0.2,2,1,0
11359,0.2,1,1,1
11360,1.0,1,1,1
11361,1.0,1,1,1
11362,0.2,1,1,1
11363,0.2,2,1,1
11364,0.2,1,1,0
11365,0.2,2,0,0
11366,0.2,3,0,0
11367,0.2,2,0,0
11368,0.2,3,1,0
11369,1.0,2,1,1
11370,0.2,3,1,0
11371,1.0,2,0,0
11372,1.0,0,1,1
11373,1.0,2,0,0
11374,0.2,2,0,0
11375,1.0,2,1,1
11376,0.2,1,0,0
11377,1.0,1,1,1
11378,0.2,1,1,1
11379,0.2,0,1,1
11380,0.2,1,0,0
11381,0.2,1,0,0
11382,2.2,3,1,1
11383,0.2,1,1,1
11384,0.2,2,0,0
11385,2.2,1,0,1
11386,2.2,2,0,1
11387,0.2,0,0,1
11388,0.2,1,1,1
11389,1.0,3,1,1
11390,1.0,2,0,1
11391,0.2,2,1,0
11392,0.2,1,0,0
11393,1.0,3,1,1
11394,1.0,3,0,0
11395,1.0,1,0,0
11396,2.2,0,0,1
11397,1.0,1,1,1
11398,0.2,2,0,0
11399,0.2,1,0,0
11400,0.2,1,1,0
11401,0.2,2,0,0
11402,0.2,2,0,0
11403,0.2,1,0,0
11404,0.2,3,1,1
11405,0.2,1,0,0
11406,1.0,2,0,1
11407,1.0,2,1,1
11408,0.2,2,0,0
11409,1.0,2,0,0
11410,0.2,3,0,0
11411,0.2,1,1,1
11412,1.0,2,0,0
11413,0.2,3,0,0
11414,0.2,2,0,0
11415,0.2,2,1,0
11416,0.2,2,0,0
11417,0.2,0,1,1
11418,0.2,0,0,0
11419,0.2,2,1,1
11420,2.2,3,0,1
11421,0.2,2,1,1
11422,0.2,2,0,0
11423,1.0,1,1,1
11424,0.2,2,1,1
11425,0.2,3,0,0
11426,0.2,3,1,1
11427,0.2,1,0,0
11428,0.2,2,1,0
11429,1.0,2,0,0
11430,0.2,2,1,1
11431,2.2,2,1,1
11432,2.2,2,1,1
11433,0.2,0,0,0
11434,0.2,2,0,0
11435,0.2,1,1,0
11436,0.2,1,1,1
11437,0.2,2,0,0
11438,0.2,1,0,0
11439,0.2,3,0,0
11440,0.2,1,1,0
11441,1.0,0,1,1
11442,1.0,1,0,1
11443,0.2,1,1,1
11444,1.0,1,0,1
11445,0.2,3,1,1
11446,1.0,1,0,1
11447,0.2,0,1,1
11448,0.2,3,0,0
11449,0.2,1,1,1
11450,0.2,3,1,1
11451,0.2,1,0,0
11452,0.2,2,1,0
11453,0.2,1,1,1
11454,0.2,1,1,0
11455,0.2,3,0,0
11456,0.2,2,0,0
11457,0.2,3,0,0
11458,0.2,2,0,0
11459,0.2,2,1,0
11460,0.2,3,0,0
11461,0.2,1,1,0
11462,0.2,2,0,0
11463,0.2,2,1,1
11464,0.2,2,1,0
11465,0.2,1,1,1
11466,0.2,2,0,0
11467,0.2,1,1,1
11468,0.2,1,1,1
11469,0.2,2,1,1
11470,0.2,2,0,1
11471,1.0,2,1,1
11472,1.0,2,0,1
11473,0.2,1,1,1
11474,2.2,1,0,1
11475,1.0,2,0,0
11476,0.2,1,1,1
11477,0.2,2,1,1
11478,2.2,1,1,1
11479,1.0,1,0,1
11480,0.2,0,1,1
11481,1.0,3,1,1
11482,0.2,0,1,1
11483,0.2,0,1,1
11484,0.2,1,0,0
11485,0.2,2,0,0
11486,0.2,0,0,1
11487,1.0,2,1,1
11488,0.2,2,1,1
11489,0.2,1,1,1
11490,0.2,3,0,0
11491,0.2,1,0,0
11492,0.2,2,0,1
11493,0.2,0,1,1
11494,0.2,1,1,1
11495,0.2,2,1,1
11496,0.2,1,1,1
11497,1.0,2,0,0
11498,0.2,0,0,0
11499,1.0,1,1,1
11500,0.2,2,0,0
11501,1.0,0,1,1
11502,0.2,1,0,0
11503,1.0,3,0,0
11504,0.2,2,1,1
11505,1.0,2,1,1
11506,0.2,2,1,1
11507,0.2,1,1,1
11508,0.2,1,1,0
11509,1.0,1,0,0
11510,0.2,2,0,0
11511,0.2,2,0,0
11512,0.2,1,1,0
11513,1.0,2,1,1
11514,0.2,1,1,1
11515,0.2,1,1,1
11516,0.2,1,1,1
11517,0.2,0,0,0
11518,0.2,1,1,1
11519,1.0,2,1,0
11520,1.0,1,1,1
11521,1.0,2,1,0
11522,0.2,1,0,0
11523,1.0,1,0,0
11524,1.0,0,0,1
11525,0.2,0,0,1
11526,0.2,1,0,1
11527,0.2,2,1,0
11528,0.2,0,0,1
11529,1.0,2,1,1
11530,1.0,1,0,0
11531,0.2,2,1,1
11532,0.2,2,0,0
11533,1.0,2,1,1
11534,0.2,1,0,0
11535,0.2,0,1,0
11536,0.2,2,0,0
11537,0.2,0,0,1
11538,0.2,1,0,0
11539,0.2,1,0,0
11540,0.2,2,1,1
11541,0.2,1,0,0
11542,0.2,1,0,0
11543,0.2,1,0,0
11544,0.2,2,1,1
11545,1.0,2,0,0
11546,0.2,2,0,0
11547,0.2,2,0,1
11548,0.2,2,1,1
11549,1.0,2,0,1
11550,0.2,0,1,0
11551,0.2,2,0,0
11552,0.2,2,0,0
11553,0.2,1,0,0
11554,0.2,0,1,1
11555,0.2,2,0,0
11556,0.2,2,1,1
11557,0.2,2,1,0
11558,0.2,0,1,1
11559,1.0,1,1,1
11560,0.2,2,0,0
11561,0.2,2,0,0
11562,0.2,1,0,0
11563,0.2,1,1,1
11564,1.0,3,1,1
11565,1.0,1,0,1
11566,0.2,2,1,1
11567,0.2,0,0,0
11568,0.2,3,1,0
11569,2.2,2,0,1
11570,2.2,0,1,1
11571,1.0,2,0,0
11572,0.2,2,1,1
11573,0.2,1,1,1
11574,0.2,2,1,0
11575,0.2,1,0,0
11576,1.0,1,1,1
11577,0.2,3,1,1
11578,0.2,2,1,1
11579,1.0,2,0,0
11580,0.2,2,0,0
11581,0.2,2,1,1
11582,2.2,1,1,1
11583,1.0,2,0,1
11584,0.2,0,1,1
11585,1.0,1,1,1
11586,1.0,2,1,1
11587,0.2,1,0,1
11588,0.2,1,0,1
11589,0.2,1,0,0
11590,0.2,1,0,0
11591,0.2,0,1,1
11592,0.2,2,0,0
11593,0.2,1,1,1
11594,1.0,2,1,1
11595,0.2,1,0,1
11596,2.2,2,1,1
11597,0.2,2,1,1
11598,1.0,2,1,1
11599,0.2,0,0,0
11600,0.2,3,1,1
11601,0.2,3,0,0
11602,0.2,3,0,0
11603,1.4,1,1,1
11604,1.0,3,0,0
11605,0.2,2,1,0
11606,0.2,0,0,0
11607,1.0,1,1,1
11608,0.2,2,0,0
11609,0.2,1,0,0
11610,1.0,2,1,1
11611,0.2,2,1,0
11612,0.2,1,1,1
11613,0.2,1,1,1
11614,1.0,2,0,0
11615,0.2,2,1,0
11616,0.2,0,1,1
11617,0.2,0,1,1
11618,2.2,3,1,1
11619,0.2,0,1,1
11620,0.2,1,0,0
11621,0.2,2,0,0
11622,0.2,0,1,1
11623,0.2,1,0,0
11624,0.2,1,0,0
11625,0.2,3,1,0
11626,0.2,0,0,1
11627,0.2,2,1,1
11628,0.2,1,0,1
11629,0.2,2,0,0
11630,0.2,1,0,0
11631,0.2,1,1,1
11632,0.2,0,1,1
11633,1.0,2,0,0
11634,0.2,1,0,0
11635,0.2,2,1,1
11636,0.2,2,1,1
11637,0.2,3,0,0
11638,0.2,3,1,1
11639,0.2,1,0,0
11640,0.2,1,0,0
11641,0.2,2,0,0
11642,0.2,2,0,0
11643,0.2,0,1,1
11644,0.2,1,0,0
11645,0.2,2,0,0
11646,1.0,1,0,1
11647,0.2,2,1,1
11648,0.2,2,0,0
11649,2.2,2,0,1
11650,0.2,1,1,1
11651,1.0,1,1,1
11652,0.2,1,1,1
11653,0.2,2,0,0
11654,0.2,3,1,0
11655,0.2,2,1,0
11656,0.2,1,1,1
11657,0.2,1,1,1
11658,1.0,1,0,1
11659,0.2,1,0,1
11660,0.2,1,0,0
11661,2.2,1,0,1
11662,0.2,1,0,0
11663,0.2,3,1,1
11664,2.2,0,1,1
11665,1.0,2,1,1
11666,0.2,1,0,0
11667,0.2,1,1,1
11668,0.2,2,1,1
11669,1.0,0,0,0
11670,0.2,1,1,1
11671,1.0,2,0,1
11672,0.2,1,0,0
11673,0.2,0,1,1
11674,0.2,2,0,0
11675,0.2,1,1,1
11676,0.2,2,1,1
11677,1.0,1,0,0
11678,1.0,1,0,0
11679,1.0,2,1,1
11680,0.2,3,0,0
11681,0.2,2,1,0
11682,0.2,1,1,1
11683,0.2,2,0,1
11684,1.0,1,0,1
11685,0.2,2,0,0
11686,0.2,1,0,0
11687,0.2,0,0,0
11688,0.2,1,0,0
11689,0.2,3,1,1
11690,1.0,1,1,1
11691,0.2,1,1,0
11692,0.2,2,0,0
11693,0.2,3,0,0
11694,1.0,1,0,0
11695,0.2,1,1,1
11696,0.2,1,1,1
11697,0.2,1,1,1
11698,1.0,2,1,1
11699,0.2,2,1,1
11700,1.0,0,1,1
11701,0.2,2,0,0
11702,0.2,1,0,0
11703,0.2,2,1,1
11704,0.2,3,1,0
11705,0.2,2,0,0
11706,0.2,2,1,1
11707,0.2,1,1,1
11708,0.2,2,1,0
11709,0.2,2,1,1
11710,0.2,2,0,0
11711,0.2,1,0,0
11712,0.2,1,1,1
11713,0.2,2,0,0
11714,0.2,3,0,0
11715,0.2,3,0,0
11716,0.2,1,0,0
11717,0.2,2,0,0
11718,2.2,1,1,1
11719,0.2,2,1,1
11720,0.2,0,1,1
11721,2.2,1,0,1
11722,0.2,3,1,1
11723,0.2,2,0,0
11724,1.0,1,0,0
11725,1.0,1,1,1
11726,2.2,2,0,1
11727,0.2,3,1,1
11728,0.2,2,1,0
11729,0.2,1,0,0
11730,0.2,1,1,1
11731,1.0,2,0,0
11732,0.2,1,1,0
11733,1.0,1,1,1
11734,0.2,3,0,0
11735,1.0,2,1,1
11736,1.0,1,0,1
11737,0.2,2,1,1
11738,0.2,1,0,0
11739,1.0,0,0,1
11740,0.2,2,0,0
11741,0.2,2,1,0
11742,0.2,1,1,0
11743,0.2,0,1,1
11744,1.0,2,0,1
11745,0.2,2,1,1
11746,0.2,0,1,0
11747,0.2,2,0,0
11748,0.2,2,1,0
11749,0.2,3,0,0
11750,2.2,1,1,1
11751,0.2,3,1,0
11752,1.0,0,1,1
11753,0.2,2,1,0
11754,0.2,2,0,0
11755,1.0,0,0,0
11756,0.2,2,0,0
11757,0.2,1,0,1
11758,0.2,2,0,0
11759,0.2,2,0,0
11760,1.0,0,1,1
11761,1.0,3,1,0
11762,0.2,0,1,1
11763,1.0,1,1,1
11764,0.2,2,1,0
11765,0.2,0,0,0
11766,0.2,1,1,1
11767,0.2,3,1,0
11768,0.2,1,0,0
11769,0.2,0,0,0
11770,0.2,2,0,0
11771,1.0,1,0,1
11772,0.2,2,0,0
11773,0.2,1,0,0
11774,1.0,1,0,1
11775,0.2,1,0,0
11776,0.2,1,1,0
11777,1.0,2,1,1
11778,0.2,1,1,1
11779,1.0,3,1,1
11780,0.2,3,1,0
11781,1.0,2,1,1
11782,0.2,3,0,0
11783,0.2,2,0,0
11784,0.2,1,1,1
11785,0.2,1,1,1
11786,0.2,1,0,0
11787,0.2,0,0,0
11788,1.0,2,0,1
11789,0.2,2,1,0
11790,0.2,1,0,0
11791,0.2,2,0,0
11792,1.0,2,0,0
11793,0.2,3,1,0
11794,0.2,0,0,0
11795,0.2,2,0,0
11796,0.2,1,1,1
11797,2.2,0,0,1
11798,1.0,2,1,1
11799,1.0,3,0,0
11800,0.2,1,0,0
11801,0.2,1,0,0
11802,0.2,2,0,0
11803,0.2,2,1,1
11804,1.0,2,1,1
11805,0.2,1,0,0
11806,0.2,0,0,0
11807,0.2,1,1,1
11808,0.2,1,0,0
11809,1.0,2,1,1
11810,0.2,3,1,0
11811,0.2,0,1,1
11812,0.2,2,0,0
11813,0.2,1,0,0
11814,0.2,1,1,1
11815,1.0,2,0,0
11816,0.2,3,0,0
11817,0.2,0,0,0
11818,0.2,1,0,0
11819,0.2,3,0,1
11820,0.2,1,1,0
11821,0.2,1,1,1
11822,1.0,2,1,1
11823,0.2,1,0,0
11824,0.2,0,1,1
11825,1.0,2,0,0
11826,0.2,3,1,1
11827,0.2,2,0,0
11828,0.2,2,0,0
11829,2.2,2,0,1
11830,0.2,3,1,0
11831,0.2,1,0,0
11832,0.2,3,1,1
11833,0.2,2,1,0
11834,0.2,1,1,1
11835,0.2,0,1,1
11836,0.2,2,1,1
11837,0.2,2,1,1
11838,0.2,2,0,0
11839,0.2,0,1,1
11840,0.2,2,0,0
11841,1.0,1,1,1
11842,0.2,0,1,1
11843,1.0,1,1,1
11844,0.2,3,0,0
11845,0.2,3,1,0
11846,0.2,2,1,0
11847,0.2,2,0,0
11848,0.2,2,0,0
11849,0.2,3,0,0
11850,0.2,3,1,0
11851,0.2,2,0,0
11852,0.2,1,0,0
11853,0.2,3,0,0
11854,0.2,1,1,1
11855,0.2,1,0,0
11856,0.2,3,1,1
11857,0.2,2,0,0
11858,0.2,1,1,0
11859,0.2,3,0,0
11860,0.2,2,0,0
11861,1.0,2,0,0
11862,1.0,2,1,1
11863,0.2,1,0,0
11864,1.0,1,1,1
11865,0.2,3,1,1
11866,0.2,1,0,0
11867,0.2,1,1,1
11868,0.2,1,1,1
11869,0.2,1,0,0
11870,1.0,1,1,1
11871,1.0,2,0,1
11872,0.2,0,0,0
11873,0.2,3,0,0
11874,0.2,3,1,0
11875,0.2,1,0,0
11876,0.2,1,1,0
11877,1.0,1,0,1
11878,1.0,1,1,1
11879,0.2,1,0,0
11880,0.2,1,1,1
11881,1.0,3,0,0
11882,0.2,0,0,1
11883,0.2,2,0,0
11884,0.2,2,0,0
11885,0.2,2,1,1
11886,0.2,1,1,1
11887,0.2,1,1,1
11888,0.2,1,1,0
11889,0.2,2,0,0
11890,1.0,0,0,1
11891,0.2,0,1,1
11892,0.2,1,1,1
11893,0.2,1,1,1
11894,0.2,2,0,0
11895,0.2,2,1,1
11896,0.2,1,0,0
11897,1.0,1,1,1
11898,0.2,1,1,1
11899,1.0,1,1,1
11900,0.2,1,1,1
11901,1.0,3,0,0
11902,1.0,1,0,1
11903,1.0,0,0,1
11904,0.2,2,0,0
11905,2.2,2,0,1
11906,0.2,1,1,0
11907,0.2,3,0,0
11908,0.2,1,0,0
11909,0.2,1,0,0
11910,0.2,2,1,0
11911,0.2,2,0,0
11912,1.0,3,0,1
11913,0.2,3,0,0
11914,1.0,2,0,1
11915,1.0,1,1,1
11916,0.2,1,1,0
11917,0.2,2,0,0
11918,0.2,0,1,1
11919,1.0,2,0,1
11920,0.2,1,0,0
11921,2.2,3,1,1
11922,0.2,2,0,0
11923,0.2,3,0,0
11924,0.2,0,1,1
11925,0.2,1,1,1
11926,0.2,1,0,0
11927,0.2,3,0,0
11928,0.2,2,1,1
11929,0.2,2,0,0
11930,0.2,1,1,1
11931,0.2,1,1,1
11932,1.0,1,1,1
11933,0.2,2,0,0
11934,0.2,1,1,0
11935,1.0,1,0,0
11936,0.2,0,1,1
11937,0.2,3,1,1
11938,0.2,2,0,0
11939,2.2,2,1,1
11940,0.2,1,0,0
11941,0.2,2,1,1
11942,0.2,1,0,0
11943,1.0,1,1,1
11944,0.2,1,0,0
11945,0.2,3,1,1
11946,0.2,3,0,0
11947,0.2,1,0,0
11948,1.0,2,1,1
11949,0.2,1,0,0
11950,0.2,1,0,0
11951,0.2,0,0,0
11952,0.2,0,1,1
11953,1.0,1,0,0
11954,1.0,1,0,0
11955,0.2,0,1,1
11956,0.2,2,0,0
11957,0.2,1,0,0
11958,1.0,1,1,1
11959,1.0,0,1,1
11960,0.2,1,0,1
11961,0.2,3,1,0
11962,0.2,2,0,0
11963,0.2,2,1,0
11964,1.0,3,1,1
11965,1.0,2,0,0
11966,0.2,1,0,0
11967,0.2,1,1,0
11968,0.2,2,1,1
11969,0.2,1,1,0
11970,1.0,1,0,0
11971,0.2,2,0,0
11972,1.0,1,1,1
11973,1.0,3,1,1
11974,0.2,2,0,0
11975,0.2,1,0,0
11976,0.2,0,1,1
11977,2.2,1,0,1
11978,1.0,1,1,1
11979,1.0,2,1,1
11980,0.2,3,1,0
11981,0.2,1,0,0
11982,0.2,3,0,0
11983,2.2,3,1,1
11984,0.2,1,0,0
11985,0.2,2,1,1
11986,0.2,0,0,0
11987,0.2,0,1,1
11988,0.2,0,0,0
11989,1.0,1,1,1
11990,0.2,1,1,0
11991,0.2,1,0,0
11992,0.2,0,1,1
11993,0.2,2,0,0
11994,0.2,1,0,0
11995,0.2,3,0,0
11996,0.2,1,0,0
11997,0.2,3,0,0
11998,1.0,2,1,1
11999,0.2,2,1,0
12000,0.2,1,1,1
12001,0.2,0,0,0
12002,1.0,3,1,1
12003,0.2,2,0,0
12004,1.0,1,1,1
12005,0.2,1,0,1
12006,0.2,0,0,0
12007,0.2,1,1,0
12008,0.2,0,0,1
12009,0.2,1,0,0
12010,0.2,3,1,1
12011,0.2,2,1,0
12012,0.2,2,1,1
12013,0.2,2,0,0
12014,0.2,1,1,1
12015,0.2,3,1,1
12016,0.2,2,0,0
12017,0.2,2,0,0
12018,0.2,0,1,1
12019,0.2,1,0,0
12020,0.2,0,0,0
12021,2.2,1,1,1
12022,0.2,0,1,1
12023,0.2,2,1,1
12024,1.0,2,1,1
12025,0.2,1,0,0
12026,1.0,1,1,1
12027,0.2,2,1,0
12028,0.2,2,1,0
12029,1.0,1,0,0
12030,1.0,1,1,1
12031,0.2,2,1,1
12032,0.2,2,0,1
12033,0.2,3,0,0
12034,1.0,2,0,0
12035,1.0,3,1,1
12036,0.2,1,1,1
12037,1.0,2,1,1
12038,0.2,2,1,1
12039,0.2,3,1,1
12040,0.2,1,1,1
12041,1.0,1,1,1
12042,1.0,2,1,1
12043,0.2,1,1,1
12044,0.2,1,1,1
12045,0.2,3,0,0
12046,1.0,2,1,1
12047,1.0,3,1,1
12048,1.0,3,0,0
12049,0.2,0,1,1
12050,0.2,2,1,0
12051,1.0,1,1,1
12052,0.2,1,1,1
12053,0.2,1,0,0
12054,0.2,2,0,0
12055,0.2,1,0,0
12056,0.2,2,0,0
12057,0.2,1,0,0
12058,0.2,1,0,0
12059,0.2,2,0,1
12060,0.2,1,0,0
12061,0.2,0,1,1
12062,0.2,0,1,0
12063,0.2,1,0,0
12064,0.2,1,1,1
12065,0.2,1,0,0
12066,0.2,3,1,0
12067,1.0,1,1,1
12068,0.2,1,0,0
12069,0.2,2,0,0
12070,0.2,1,0,0
12071,1.0,2,1,1
12072,0.2,0,0,0
12073,0.2,3,0,0
12074,0.2,2,0,0
12075,0.2,2,0,0
12076,1.0,2,1,1
12077,0.2,3,1,0
12078,0.2,1,0,0
12079,1.0,1,0,0
12080,1.0,3,0,0
12081,0.2,1,1,1
12082,0.2,2,0,0
12083,0.2,0,0,1
12084,0.2,2,1,1
12085,2.2,2,0,1
12086,0.2,1,1,1
12087,0.2,2,1,0
12088,0.2,2,1,0
12089,0.2,1,1,1
12090,0.2,1,1,1
12091,0.2,1,1,0
12092,0.2,1,0,0
12093,0.2,0,1,1
12094,0.2,2,0,0
12095,0.2,1,0,0
12096,0.2,2,1,1
12097,1.0,2,1,1
12098,0.2,0,1,1
12099,0.2,3,1,1
12100,0.2,3,0,0
12101,0.2,1,0,0
12102,1.0,3,0,1
12103,1.0,1,1,1
12104,0.2,1,1,1
12105,0.2,2,1,1
12106,0.2,2,1,1
12107,1.0,1,1,1
12108,0.2,1,1,1
12109,0.2,2,1,1
12110,0.2,1,1,1
12111,0.2,3,1,0
12112,1.0,3,1,1
12113,0.2,3,0,0
12114,0.2,2,0,0
12115,0.2,0,1,1
12116,0.2,1,1,0
12117,1.0,2,0,0
12118,0.2,0,1,1
12119,0.2,3,0,0
12120,2.2,2,0,1
12121,0.2,3,0,0
12122,0.2,2,0,0
12123,1.0,2,0,0
12124,0.2,1,0,0
12125,0.2,2,0,0
12126,0.2,1,0,0
12127,0.2,2,1,1
12128,1.0,3,0,0
12129,1.0,2,1,0
12130,2.2,1,1,1
12131,0.2,1,0,1
12132,1.0,3,0,1
12133,0.2,1,1,0
12134,0.2,0,1,1
12135,0.2,2,0,0
12136,0.2,2,0,0
12137,1.0,3,0,0
12138,1.0,2,1,1
12139,1.0,1,0,1
12140,1.0,2,1,1
12141,0.2,2,0,0
12142,0.2,3,0,0
12143,0.2,3,0,0
12144,0.2,1,1,0
12145,0.2,2,1,1
12146,0.2,1,0,0
12147,1.0,1,1,1
12148,1.0,2,0,1
12149,1.0,1,0,1
12150,0.2,1,0,0
12151,0.2,2,0,0
12152,0.2,1,0,0
12153,0.2,2,0,0
12154,0.2,2,1,1
12155,0.2,0,1,1
12156,0.2,2,1,0
12157,0.2,2,0,0
12158,0.2,1,1,1
12159,0.2,1,0,0
12160,1.0,0,1,1
12161,0.2,2,0,0
12162,0.2,1,1,1
12163,1.0,1,0,1
12164,0.2,0,1,1
12165,0.2,2,0,1
12166,0.2,1,1,0
12167,0.2,3,1,0
12168,0.2,1,0,0
12169,0.2,1,1,0
12170,0.2,0,0,0
12171,0.2,1,1,1
12172,0.2,1,0,0
12173,1.0,1,0,1
12174,0.2,1,1,0
12175,0.2,2,1,1
12176,0.2,2,1,0
12177,0.2,2,1,1
12178,0.2,2,0,0
12179,1.0,2,1,1
12180,1.0,2,0,0
12181,0.2,1,0,0
12182,0.2,2,0,0
12183,1.0,1,0,1
12184,0.2,1,0,1
12185,0.2,1,0,1
12186,0.2,1,1,1
12187,0.2,3,0,0
12188,1.0,2,0,0
12189,0.2,2,0,0
12190,1.0,3,0,0
12191,1.0,3,0,0
12192,0.2,2,1,1
12193,1.0,0,1,1
12194,0.2,2,0,1
12195,0.2,2,1,0
12196,0.2,1,0,0
12197,0.2,2,1,0
12198,1.0,3,1,1
12199,0.2,3,1,1
12200,0.2,2,0,0
12201,1.0,1,0,0
12202,0.2,2,0,0
12203,0.2,2,0,0
12204,1.0,1,0,0
12205,0.2,2,1,1
12206,1.0,0,1,1
12207,1.0,1,0,1
12208,0.2,1,1,1
12209,0.2,1,1,1
12210,0.2,1,1,1
12211,0.2,0,0,0
12212,0.2,2,1,1
12213,1.0,2,1,1
12214,0.2,3,0,0
12215,1.0,2,1,1
12216,0.2,2,1,0
12217,0.2,1,0,1
12218,0.2,1,0,0
12219,0.2,2,1,0
12220,0.2,1,1,1
12221,0.2,2,1,1
12222,0.2,1,1,1
12223,1.0,2,1,1
12224,0.2,1,1,1
12225,0.2,2,1,0
12226,0.2,2,0,0
12227,1.0,2,1,1
12228,0.2,1,1,1
12229,0.2,3,1,0
12230,0.2,1,0,0
12231,1.0,1,1,1
12232,0.2,2,1,0
12233,1.0,1,1,1
12234,1.0,1,0,1
12235,0.2,1,0,0
12236,0.2,0,1,1
12237,0.2,3,0,1
12238,1.0,3,1,1
12239,0.2,3,0,0
12240,0.2,1,0,0
12241,0.2,1,0,0
12242,2.2,0,0,1
12243,0.2,1,1,1
12244,0.2,1,0,0
12245,1.0,2,1,1
12246,0.2,2,1,1
12247,0.2,2,1,0
12248,0.2,0,1,1
12249,0.2,1,0,0
12250,1.0,3,0,1
12251,1.0,1,1,1
12252,0.2,1,1,1
12253,1.0,2,0,0
12254,0.2,0,0,0
12255,1.0,0,1,1
12256,0.2,2,1,1
12257,0.2,1,0,0
12258,0.2,1,1,0
12259,0.2,1,0,0
12260,0.2,1,0,0
12261,1.0,2,0,1
12262,0.2,3,1,1
12263,0.2,1,0,0
12264,0.2,1,1,1
12265,0.2,1,0,1
12266,0.2,1,0,0
12267,0.2,1,1,1
12268,0.2,2,1,1
12269,0.2,2,0,0
12270,0.2,0,0,1
12271,0.2,1,1,1
12272,2.2,2,0,1
12273,0.2,0,1,1
12274,0.2,0,1,1
12275,0.2,1,1,0
12276,1.0,1,0,0
12277,1.0,2,1,1
12278,0.2,1,1,1
12279,0.2,1,0,0
12280,0.2,2,0,1
12281,0.2,3,0,0
12282,1.0,1,0,1
12283,0.2,1,1,1
12284,1.0,2,1,1
12285,0.2,2,0,0
12286,0.2,2,1,0
12287,0.2,3,1,0
12288,0.2,2,1,0
12289,0.2,3,0,0
12290,0.2,2,0,0
12291,0.2,0,0,0
12292,0.2,0,1,1
12293,0.2,1,1,1
12294,0.2,1,1,1
12295,0.2,1,0,0
12296,0.2,1,0,0
12297,0.2,0,0,0
12298,0.2,3,0,0
12299,0.2,0,1,1
12300,0.2,3,0,0
12301,0.2,2,0,0
12302,0.2,3,1,0
12303,0.2,1,0,0
12304,1.0,1,0,1
12305,0.2,2,0,0
12306,1.0,1,0,0
12307,0.2,1,0,0
12308,0.2,2,1,1
12309,0.2,3,0,0
12310,0.2,2,1,1
12311,1.0,1,1,1
12312,1.0,2,1,1
12313,1.0,0,1,1
12314,0.2,2,0,0
12315,0.2,1,0,1
12316,0.2,3,0,0
12317,1.0,1,1,1
12318,1.0,2,0,1
12319,0.2,1,0,0
12320,0.2,2,0,0
12321,0.2,2,0,0
12322,0.2,2,0,1
12323,1.0,2,0,0
12324,1.0,0,0,1
12325,1.0,2,1,1
12326,1.0,2,0,0
12327,0.2,2,1,1
12328,1.0,1,0,0
12329,0.2,2,0,0
12330,0.2,0,0,1
12331,0.2,1,0,0
12332,0.2,1,1,1
12333,0.2,0,0,0
12334,0.2,2,0,0
12335,1.0,1,1,1
12336,0.2,3,1,0
12337,1.0,1,1,1
12338,0.2,3,1,0
12339,0.2,2,1,1
12340,0.2,2,1,0
12341,1.0,2,1,1
12342,0.2,3,1,0
12343,0.2,2,1,0
12344,0.2,1,1,0
12345,0.2,1,0,0
12346,0.2,1,1,1
12347,0.2,2,1,0
12348,0.2,2,0,0
12349,0.2,2,1,0
12350,0.2,2,1,1
12351,0.2,1,0,1
12352,0.2,2,1,1
12353,0.2,1,0,0
12354,1.0,2,1,1
12355,0.2,2,1,0
12356,0.2,2,1,0
12357,0.2,3,0,0
12358,0.2,2,1,1
12359,0.2,3,0,0
12360,1.0,1,0,1
12361,0.2,1,1,1
12362,0.2,2,1,0
12363,1.0,3,0,0
12364,0.2,1,0,0
12365,0.2,1,1,0
12366,0.2,2,1,1
12367,1.0,0,0,0
12368,0.2,1,1,0
12369,0.2,1,0,0
12370,1.0,0,0,0
12371,0.2,2,1,1
12372,0.2,1,1,1
12373,1.0,2,0,0
12374,1.0,3,0,0
12375,0.2,0,1,1
12376,0.2,1,0,1
12377,0.2,2,0,0
12378,0.2,0,0,0
12379,0.2,3,1,1
12380,0.2,3,1,1
12381,0.2,2,1,1
12382,0.2,0,1,1
12383,2.2,1,1,1
12384,1.0,0,0,0
12385,0.2,1,1,1
12386,0.2,3,0,0
12387,0.2,2,1,0
12388,1.0,2,1,1
12389,0.2,2,1,1
12390,1.0,1,1,1
12391,0.2,1,1,1
12392,1.0,2,0,0
12393,0.2,1,0,1
12394,0.2,1,0,0
12395,0.2,2,1,0
12396,0.2,3,0,0
12397,0.2,1,0,1
12398,0.2,2,1,1
12399,2.2,1,0,1
12400,0.2,0,1,1
12401,0.2,2,1,0
12402,0.2,2,1,1
12403,0.2,2,1,1
12404,0.2,0,1,1
12405,2.2,2,1,1
12406,0.2,2,0,0
12407,0.2,0,1,1
12408,1.0,1,0,0
12409,1.0,1,1,1
12410,0.2,3,0,0
12411,0.2,1,0,0
12412,0.2,0,0,0
12413,0.2,3,0,0
12414,0.2,3,0,0
12415,0.2,0,0,1
12416,2.2,2,1,1
12417,0.2,2,1,1
12418,0.2,0,0,0
12419,1.0,1,0,0
12420,1.0,2,0,0
12421,0.2,2,0,0
12422,0.2,2,1,1
12423,0.2,1,0,1
12424,0.2,1,0,0
12425,1.0,1,1,1
12426,0.2,2,1,1
12427,1.0,1,1,1
12428,0.2,1,0,1
12429,0.2,2,1,0
12430,0.2,1,1,1
12431,0.2,3,0,0
12432,0.2,2,1,0
12433,1.0,2,1,1
12434,1.0,1,1,1
12435,0.2,2,0,0
12436,0.2,2,0,0
12437,0.2,3,1,1
12438,0.2,1,0,0
12439,0.2,2,1,0
12440,0.2,1,0,0
12441,1.0,3,1,1
12442,0.2,3,1,1
12443,1.0,2,1,1
12444,0.2,2,0,0
12445,1.0,1,1,1
12446,0.2,2,0,0
12447,1.0,3,1,1
12448,0.2,0,1,1
12449,2.2,1,0,1
12450,0.2,0,0,0
12451,0.2,1,1,1
12452,1.0,1,1,0
12453,0.2,1,0,0
12454,0.2,3,0,0
12455,0.2,0,0,0
12456,0.2,1,1,1
12457,0.2,1,0,0
12458,0.2,3,1,1
12459,0.2,2,0,0
12460,1.0,2,0,1
12461,0.2,1,1,1
12462,0.2,3,1,0
12463,1.0,2,1,1
12464,1.0,0,0,1
12465,0.2,2,0,0
12466,0.2,1,0,1
12467,0.2,1,0,1
12468,0.2,0,1,1
12469,1.0,2,1,1
12470,0.2,2,1,1
12471,1.0,3,0,0
12472,0.2,2,1,1
12473,1.0,1,1,1
12474,0.2,3,1,0
12475,0.2,1,0,0
12476,0.2,0,1,1
12477,1.0,2,1,1
12478,0.2,0,1,1
12479,0.2,2,1,1
12480,1.0,3,0,1
12481,0.2,2,1,0
12482,0.2,1,1,0
12483,0.2,1,1,1
12484,0.2,1,0,0
12485,0.2,1,1,1
12486,0.2,0,0,0
12487,0.2,2,0,0
12488,1.0,2,0,0
12489,1.0,1,1,1
12490,0.2,2,0,0
12491,1.0,1,1,1
12492,0.2,2,1,1
12493,0.2,2,1,1
12494,0.2,2,0,0
12495,0.2,1,1,1
12496,0.2,1,0,0
12497,1.0,1,0,0
12498,1.0,1,1,0
12499,0.2,1,0,0
12500,0.2,1,1,1
12501,0.2,2,1,0
12502,0.2,1,0,0
12503,0.2,0,0,0
12504,0.2,2,1,0
12505,0.2,1,1,1
12506,0.2,3,1,1
12507,0.2,1,0,0
12508,1.0,1,0,0
12509,1.0,3,0,0
12510,0.2,2,0,0
12511,0.2,2,0,0
12512,0.2,0,0,1
12513,0.2,2,1,0
12514,0.2,1,1,1
12515,0.2,2,1,0
12516,0.2,1,1,1
12517,0.2,0,1,1
12518,0.2,1,1,1
12519,0.2,2,1,0
12520,1.0,1,0,1
12521,0.2,2,1,1
12522,0.2,1,0,0
12523,0.2,3,0,0
12524,0.2,1,0,0
12525,0.2,3,1,1
12526,0.2,0,0,0
12527,0.2,1,1,1
12528,0.2,2,0,0
12529,0.2,1,0,0
12530,0.2,2,0,0
12531,0.2,1,1,1
12532,2.2,2,0,1
12533,0.2,0,1,0
12534,0.2,1,1,0
12535,0.2,1,0,1
12536,0.2,1,0,0
12537,0.2,2,0,0
12538,1.0,0,1,1
12539,0.2,1,1,1
12540,0.2,0,1,0
12541,1.0,0,1,1
12542,0.2,3,0,0
12543,1.0,3,0,1
12544,0.2,0,0,0
12545,0.2,1,0,0
12546,0.2,2,1,0
12547,0.2,2,0,0
12548,1.0,2,0,1
12549,0.2,2,1,0
12550,0.2,1,0,0
12551,1.0,2,0,0
12552,0.2,2,0,0
12553,0.2,0,0,0
12554,0.2,0,0,0
12555,1.0,0,1,1
12556,0.2,1,0,1
12557,1.0,2,1,1
12558,1.0,1,1,0
12559,1.0,0,0,1
12560,1.0,1,0,0
12561,0.2,2,1,1
12562,2.2,2,0,1
12563,0.2,1,1,0
12564,0.2,1,0,1
12565,1.0,2,1,1
12566,0.2,2,0,0
12567,0.2,2,1,1
12568,1.0,1,0,0
12569,0.2,0,0,0
12570,1.0,1,1,1
12571,0.2,1,0,0
12572,0.2,1,1,1
12573,0.2,2,0,0
12574,0.2,1,0,1
12575,0.2,2,1,1
12576,1.0,2,0,0
12577,0.2,2,0,0
12578,0.2,1,0,0
12579,1.0,2,0,1
12580,1.0,1,0,1
12581,0.2,3,0,0
12582,1.0,2,1,1
12583,0.2,2,1,0
12584,0.2,3,0,0
12585,1.0,1,1,1
12586,1.0,0,1,1
12587,0.2,3,0,0
12588,0.2,1,0,0
12589,1.0,0,0,1
12590,0.2,2,1,1
12591,1.0,2,0,0
12592,0.2,2,1,1
12593,0.2,1,0,0
12594,1.0,0,1,1
12595,0.2,1,0,0
12596,0.2,1,1,1
12597,0.2,0,0,0
12598,1.0,2,0,1
12599,0.2,1,1,1
12600,0.2,3,0,0
12601,0.2,1,0,0
12602,1.0,2,1,1
12603,0.2,3,1,0
12604,0.2,1,1,0
12605,0.2,2,1,1
12606,0.2,2,1,1
12607,0.2,2,0,1
12608,0.2,1,1,1
12609,0.2,1,0,0
12610,0.2,1,1,0
12611,0.2,2,1,0
12612,0.2,1,0,0
12613,0.2,1,1,1
12614,0.2,1,0,0
12615,0.2,2,1,1
12616,1.0,0,1,1
12617,0.2,0,1,1
12618,0.2,2,0,0
12619,2.2,1,1,1
12620,1.0,0,1,1
12621,0.2,1,1,1
12622,2.2,3,1,1
12623,1.0,2,0,0
12624,1.0,0,0,1
12625,0.2,1,0,0
12626,0.2,0,0,0
12627,0.2,2,0,0
12628,0.2,1,1,1
12629,0.2,2,1,1
12630,1.0,2,1,1
12631,0.2,2,1,1
12632,0.2,1,1,1
12633,0.2,1,0,0
12634,0.2,1,1,1
12635,0.2,3,0,0
12636,2.2,0,0,1
12637,0.2,2,0,0
12638,1.0,1,0,0
12639,1.0,3,0,0
12640,0.2,1,0,0
12641,0.2,3,0,0
12642,0.2,2,0,0
12643,0.2,0,1,0
12644,0.2,1,1,1
12645,0.2,2,1,1
12646,1.0,1,1,1
12647,0.2,2,0,0
12648,0.2,2,1,0
12649,0.2,1,1,0
12650,0.2,1,1,0
12651,1.0,0,1,1
12652,1.0,1,1,1
12653,0.2,3,0,0
12654,0.2,1,1,0
12655,0.2,0,1,1
12656,1.0,1,0,0
12657,1.0,0,0,1
12658,1.0,0,0,1
12659,0.2,2,0,0
12660,0.2,2,0,0
12661,0.2,1,0,0
12662,0.2,1,1,1
12663,0.2,2,0,0
12664,0.2,1,0,1
12665,1.0,2,0,1
12666,0.2,2,1,0
12667,2.2,2,0,0
12668,0.2,2,0,0
12669,0.2,2,0,0
12670,0.2,2,0,0
12671,0.2,3,0,0
12672,0.2,1,0,0
12673,0.2,2,0,0
12674,0.2,0,0,0
12675,0.2,1,1,1
12676,0.2,0,1,1
12677,2.2,1,0,1
12678,0.2,3,1,1
12679,0.2,2,1,0
12680,0.2,2,0,0
12681,1.0,1,0,0
12682,0.2,2,1,1
12683,0.2,1,1,0
12684,1.0,2,1,1
12685,0.2,2,0,0
12686,1.0,3,0,0
12687,1.0,2,1,1
12688,0.2,1,1,1
12689,1.0,1,1,1
12690,1.0,2,0,0
12691,0.2,3,1,1
12692,0.2,1,1,1
12693,1.0,2,0,0
12694,0.2,2,0,0
12695,0.2,2,1,1
12696,0.2,2,1,0
12697,0.2,2,1,1
12698,1.0,1,1,1
12699,0.2,1,1,1
12700,1.0,1,1,1
12701,1.0,1,1,1
12702,0.2,2,0,0
12703,0.2,1,1,1
12704,0.2,3,0,0
12705,1.0,1,1,1
12706,1.0,2,0,1
12707,0.2,1,1,1
12708,2.2,2,1,1
12709,0.2,2,1,1
12710,0.2,2,1,0
12711,0.2,0,0,0
12712,1.0,1,0,1
12713,0.2,2,0,0
12714,0.2,1,1,1
12715,0.2,1,0,0
12716,0.2,0,0,0
12717,1.0,0,0,1
12718,0.2,3,1,1
12719,1.0,1,1,1
12720,0.2,2,1,1
12721,0.2,2,1,0
12722,0.2,1,0,0
12723,0.2,1,1,1
12724,0.2,1,0,0
12725,0.2,1,1,1
12726,0.2,1,0,1
12727,0.2,1,0,0
12728,0.2,1,1,1
12729,1.0,1,0,0
12730,0.2,2,0,0
12731,1.0,3,0,0
12732,0.2,2,0,0
12733,0.2,1,0,0
12734,0.2,0,1,0
12735,0.2,2,0,0
12736,0.2,2,0,0
12737,0.2,2,1,0
12738,0.2,1,0,0
12739,0.2,0,0,0
12740,0.2,2,1,1
12741,0.2,0,1,1
12742,1.0,1,1,1
12743,1.0,1,0,0
12744,0.2,1,0,0
12745,0.2,2,0,0
12746,0.2,1,1,0
12747,0.2,3,0,1
12748,0.2,0,0,0
12749,0.2,2,0,0
12750,0.2,1,1,1
12751,2.2,3,0,1
12752,0.2,2,1,0
12753,0.2,1,1,1
12754,0.2,0,0,0
12755,0.2,0,1,1
12756,0.2,3,0,0
12757,1.0,1,0,0
12758,0.2,1,1,1
12759,2.2,3,1,1
12760,1.0,2,0,1
12761,0.2,0,1,1
12762,0.2,2,1,1
12763,0.2,2,0,0
12764,1.0,1,0,1
12765,1.0,2,0,0
12766,0.2,2,1,1
12767,1.0,2,1,1
12768,0.2,3,0,0
12769,0.2,1,0,0
12770,0.2,2,1,0
12771,0.2,2,0,0
12772,0.2,2,0,0
12773,0.2,2,0,0
12774,0.2,1,1,0
12775,0.2,2,1,1
12776,0.2,2,1,1
12777,0.2,0,0,0
12778,0.2,2,0,0
12779,0.2,0,0,0
12780,1.0,2,1,1
12781,0.2,3,0,0
12782,1.0,1,1,1
12783,0.2,2,1,1
12784,0.2,1,0,0
12785,0.2,2,1,1
12786,1.0,2,1,1
12787,1.0,1,1,1
12788,0.2,2,0,1
12789,0.2,3,0,0
12790,0.2,3,1,0
12791,0.2,3,0,0
12792,0.2,1,0,0
12793,0.2,2,0,0
12794,0.2,2,0,0
12795,0.2,2,1,1
12796,0.2,1,0,0
12797,0.2,0,0,1
12798,0.2,0,0,1
12799,1.0,2,0,1
12800,1.0,2,0,0
12801,0.2,3,0,0
12802,1.0,3,1,1
12803,1.0,0,0,1
12804,1.0,1,1,1
12805,0.2,1,0,0
12806,1.0,1,0,1
12807,0.2,2,0,0
12808,1.0,2,0,1
12809,1.0,1,0,0
12810,0.2,1,1,1
12811,1.0,1,0,1
12812,1.0,3,0,1
12813,2.2,2,1,1
12814,0.2,2,0,0
12815,0.2,1,1,0
12816,0.2,2,0,0
12817,0.2,0,0,0
12818,0.2,3,0,0
12819,2.2,2,1,1
12820,0.2,0,1,1
12821,0.2,2,0,0
12822,0.2,1,1,1
12823,0.2,2,1,1
12824,0.2,3,0,0
12825,0.2,1,0,0
12826,0.2,0,0,1
12827,0.2,1,0,0
12828,0.2,2,0,0
12829,0.2,1,0,0
12830,0.2,2,1,1
12831,1.0,2,0,1
12832,0.2,2,1,1
12833,0.2,2,1,0
12834,1.0,2,1,1
12835,0.2,3,0,0
12836,0.2,0,1,1
12837,0.2,1,1,1
12838,0.2,2,0,0
12839,0.2,2,0,0
12840,0.2,2,0,0
12841,1.0,2,1,1
12842,0.2,3,0,0
12843,1.0,3,1,0
12844,2.2,2,0,1
12845,0.2,0,1,0
12846,2.2,1,1,1
12847,1.0,0,1,1
12848,0.2,1,1,1
12849,1.0,2,0,1
12850,0.2,2,1,1
12851,0.2,3,0,0
12852,0.2,0,0,0
12853,1.0,0,1,1
12854,0.2,1,0,0
12855,0.2,2,1,1
12856,0.2,2,1,1
12857,1.0,2,0,1
12858,0.2,1,1,1
12859,1.0,0,0,1
12860,0.2,2,1,1
12861,0.2,0,1,1
12862,0.2,3,1,0
12863,0.2,2,0,0
12864,0.2,1,0,0
12865,0.2,2,0,0
12866,0.2,1,0,0
12867,1.0,3,0,0
12868,0.2,1,0,0
12869,0.2,1,0,1
12870,0.2,2,1,0
12871,1.0,1,1,1
12872,0.2,1,0,0
12873,1.0,1,1,1
12874,0.2,2,0,0
12875,0.2,1,0,0
12876,0.2,1,1,1
12877,0.2,1,1,0
12878,0.2,2,0,0
12879,0.2,0,1,1
12880,1.0,1,0,1
12881,0.2,3,1,0
12882,1.0,1,0,1
12883,0.2,0,0,0
12884,2.2,2,0,1
12885,0.2,3,0,0
12886,0.2,2,1,1
12887,0.2,2,1,1
12888,0.2,2,0,0
12889,0.2,1,1,1
12890,0.2,2,0,0
12891,0.2,1,1,0
12892,0.2,1,0,0
12893,0.2,0,0,0
12894,0.2,2,1,0
12895,0.2,1,1,1
12896,1.0,2,1,1
12897,0.2,2,1,0
12898,0.2,2,0,0
12899,0.2,3,0,0
12900,0.2,3,1,0
12901,1.0,1,1,1
12902,0.2,2,0,0
12903,0.2,2,1,1
12904,1.0,1,0,1
12905,0.2,2,1,1
12906,0.2,1,0,0
12907,0.2,1,0,0
12908,1.0,3,0,1
12909,0.2,1,1,1
12910,1.0,3,0,0
12911,0.2,2,1,1
12912,1.0,0,0,1
12913,0.2,0,1,1
12914,0.2,1,0,0
12915,0.2,1,1,1
12916,0.2,1,0,0
12917,0.2,0,1,1
12918,0.2,1,0,1
12919,0.2,1,1,0
12920,0.2,1,1,1
12921,0.2,2,0,0
12922,0.2,0,1,1
12923,1.0,1,0,1
12924,1.0,1,1,1
12925,0.2,3,0,0
12926,0.2,1,0,0
12927,1.0,3,1,1
12928,1.0,2,0,0
12929,0.2,2,0,0
12930,0.2,2,1,1
12931,0.2,3,0,0
12932,1.0,3,1,1
12933,0.2,2,0,0
12934,1.0,1,0,1
12935,0.2,1,1,1
12936,0.2,2,0,0
12937,1.0,1,0,1
12938,0.2,2,0,0
12939,0.2,3,0,0
12940,1.0,1,1,1
12941,0.2,1,0,0
12942,0.2,0,1,1
12943,1.0,2,1,0
12944,0.2,3,1,1
12945,0.2,1,1,0
12946,1.0,2,0,0
12947,0.2,1,0,0
12948,1.0,1,1,1
12949,1.0,2,1,1
12950,1.0,2,0,0
12951,0.2,2,1,0
12952,1.0,1,1,1
12953,1.0,1,1,1
12954,0.2,3,1,1
12955,0.2,2,0,0
12956,0.2,2,1,1
12957,1.0,1,0,0
12958,0.2,1,1,1
12959,0.2,1,0,0
12960,0.2,1,1,1
12961,0.2,1,0,0
12962,1.0,2,0,0
12963,0.2,0,1,0
12964,0.2,2,0,0
12965,1.0,2,0,0
12966,0.2,3,0,0
12967,0.2,1,0,0
12968,0.2,3,0,0
12969,0.2,1,1,1
12970,0.2,1,1,1
12971,0.2,2,0,0
12972,0.2,1,0,0
12973,0.2,1,0,0
12974,1.0,1,0,0
12975,0.2,3,0,0
12976,0.2,0,1,1
12977,0.2,1,1,1
12978,0.2,3,1,0
12979,0.2,2,1,1
12980,1.0,3,0,0
12981,1.0,3,1,1
12982,1.0,1,1,1
12983,0.2,1,0,0
12984,1.0,2,1,1
12985,0.2,1,0,0
12986,0.2,1,1,1
12987,0.2,1,1,1
12988,1.0,2,0,0
12989,0.2,2,1,1
12990,0.2,3,1,1
12991,0.2,1,0,0
12992,1.0,1,0,1
12993,0.2,0,0,1
12994,0.2,2,1,0
12995,0.2,2,1,1
12996,0.2,0,0,0
12997,1.0,2,1,1
12998,0.2,1,0,0
12999,0.2,2,0,1
13000,0.2,3,0,0
13001,0.2,3,1,0
13002,0.2,1,1,0
13003,1.0,1,0,1
13004,0.2,0,1,0
13005,0.2,3,1,0
13006,0.2,2,0,0
13007,0.2,0,1,1
13008,0.2,1,1,1
13009,0.2,3,0,0
13010,1.0,2,1,1
13011,0.2,2,0,0
13012,0.2,2,1,1
13013,1.0,1,1,1
13014,0.2,1,0,0
13015,0.2,0,1,1
13016,0.2,2,0,0
13017,0.2,2,0,0
13018,2.2,1,1,1
13019,0.2,1,0,0
13020,0.2,1,1,1
13021,0.2,1,0,0
13022,0.2,0,1,1
13023,0.2,3,0,0
13024,0.2,2,1,0
13025,0.2,0,0,0
13026,0.2,1,1,1
13027,0.2,3,1,1
13028,0.2,0,1,1
13029,0.2,1,0,0
13030,0.2,3,0,0
13031,1.0,2,1,1
13032,2.2,0,1,1
13033,0.2,0,1,1
13034,0.2,2,0,0
13035,0.2,1,1,1
13036,0.2,1,1,0
13037,0.2,1,0,0
13038,0.2,3,0,0
13039,0.2,2,1,1
13040,0.2,2,0,0
13041,0.2,2,1,1
13042,0.2,2,0,0
13043,0.2,2,1,1
13044,0.2,1,0,0
13045,0.2,1,0,0
13046,0.2,1,0,0
13047,1.0,1,1,1
13048,0.2,3,0,0
13049,0.2,2,0,1
13050,0.2,1,0,0
13051,0.2,2,1,1
13052,0.2,2,0,0
13053,0.2,2,0,0
13054,0.2,1,1,1
13055,0.2,1,0,0
13056,1.0,1,1,1
13057,1.0,2,1,1
13058,0.2,0,0,1
13059,0.2,2,1,0
13060,0.2,2,0,0
13061,0.2,2,1,1
13062,1.0,1,0,0
13063,1.0,0,1,1
13064,0.2,1,1,1
13065,0.2,0,1,1
13066,0.2,3,1,1
13067,0.2,2,1,0
13068,0.2,2,1,1
13069,2.2,2,0,1
13070,0.2,3,1,1
13071,0.2,0,1,0
13072,0.2,2,1,1
13073,0.2,3,1,1
13074,0.2,1,0,0
13075,1.0,2,1,1
13076,0.2,1,1,1
13077,0.2,3,1,1
13078,0.2,1,0,0
13079,0.2,2,0,0
13080,0.2,0,1,1
13081,0.2,2,1,1
13082,0.2,3,0,0
13083,0.2,3,0,0
13084,0.2,1,1,1
13085,1.0,1,1,0
13086,0.2,1,1,1
13087,0.2,1,0,0
13088,0.2,1,0,1
13089,0.2,3,1,0
13090,0.2,2,0,0
13091,0.2,2,0,0
13092,0.2,2,0,0
13093,0.2,1,1,1
13094,0.2,2,1,0
13095,0.2,1,1,0
13096,0.2,3,0,0
13097,0.2,1,0,0
13098,0.2,3,1,0
13099,0.2,1,1,1
13100,0.2,2,0,0
13101,1.0,2,0,0
13102,0.2,1,0,0
13103,0.2,1,0,0
13104,0.2,1,1,1
13105,0.2,1,0,1
13106,0.2,2,0,0
13107,0.2,2,1,1
13108,0.2,2,0,0
13109,2.2,3,1,1
13110,0.2,0,0,1
13111,1.0,3,1,1
13112,0.2,1,0,1
13113,0.2,0,0,0
13114,0.2,2,0,0
13115,0.2,3,0,0
13116,0.2,1,0,0
13117,0.2,1,0,0
13118,1.0,2,0,0
13119,0.2,3,0,0
13120,2.2,1,1,1
13121,1.0,3,0,0
13122,0.2,2,0,0
13123,0.2,2,0,0
13124,0.2,1,0,0
13125,1.0,1,1,1
13126,1.0,1,0,1
13127,0.2,3,1,0
13128,1.0,2,0,0
13129,1.0,2,1,1
13130,0.2,2,0,0
13131,0.2,2,0,0
13132,0.2,0,1,1
13133,1.0,3,0,1
13134,1.0,2,0,0
13135,0.2,1,1,1
13136,1.0,2,0,1
13137,2.2,2,1,1
13138,0.2,1,0,0
13139,1.0,0,0,1
13140,0.2,2,0,0
13141,0.2,1,0,0
13142,0.2,2,1,0
13143,0.2,2,1,0
13144,0.2,2,0,0
13145,0.2,1,1,1
13146,0.2,1,1,1
13147,0.2,1,1,0
13148,1.0,2,1,1
13149,0.2,2,0,0
13150,1.0,0,0,1
13151,0.2,2,1,0
13152,0.2,2,0,0
13153,2.2,2,0,1
13154,1.0,2,0,0
13155,0.2,2,1,1
13156,0.2,2,0,0
13157,0.2,2,0,0
13158,0.2,1,0,0
13159,0.2,2,1,1
13160,2.2,1,0,1
13161,0.2,3,1,1
13162,0.2,2,1,1
13163,1.0,2,1,1
13164,0.2,2,1,0
13165,1.0,2,0,0
13166,0.2,0,1,1
13167,0.2,2,1,1
13168,0.2,3,0,0
13169,0.2,2,0,0
13170,1.0,1,0,1
13171,0.2,2,0,1
13172,0.2,1,1,1
13173,0.2,1,0,0
13174,0.2,1,1,0
13175,0.2,2,1,1
13176,1.0,0,1,1
13177,1.0,2,0,0
13178,0.2,3,1,0
13179,0.2,1,1,0
13180,0.2,2,0,0
13181,0.2,1,0,0
13182,0.2,1,0,0
13183,0.2,1,0,0
13184,0.2,1,0,1
13185,0.2,2,1,0
13186,1.0,2,1,1
13187,0.2,1,0,0
13188,0.2,1,0,1
13189,0.2,2,0,0
13190,0.2,0,0,0
13191,1.0,1,0,1
13192,0.2,1,1,1
13193,0.2,1,0,0
13194,0.2,2,1,1
13195,1.0,0,0,1
13196,0.2,2,0,0
13197,0.2,2,0,0
13198,0.2,0,1,1
13199,0.2,1,0,0
13200,0.2,2,0,0
13201,0.2,2,0,0
13202,0.2,2,0,0
13203,0.2,1,1,1
13204,0.2,2,0,0
13205,1.0,1,0,1
13206,0.2,2,1,0
13207,0.2,2,0,0
13208,0.2,1,1,0
13209,1.0,2,1,1
13210,0.2,1,0,0
13211,0.2,3,1,1
13212,0.2,2,0,0
13213,0.2,0,0,0
13214,3.0,2,0,1
13215,1.0,0,0,1
13216,1.0,2,1,1
13217,0.2,3,0,0
13218,0.2,3,1,0
13219,2.2,1,0,1
13220,0.2,2,0,0
13221,0.2,1,0,0
13222,1.0,1,1,1
13223,0.2,3,0,0
13224,0.2,1,1,1
13225,0.2,2,1,0
13226,0.2,3,0,0
13227,1.0,3,1,1
13228,0.2,1,0,0
13229,0.2,1,1,1
13230,1.0,1,0,0
13231,0.2,1,0,0
13232,0.2,2,1,1
13233,1.0,2,0,0
13234,0.2,1,0,0
13235,0.2,1,1,0
13236,1.0,3,0,0
13237,0.2,0,1,1
13238,1.0,1,1,1
13239,0.2,1,1,1
13240,0.2,0,0,1
13241,1.0,1,1,1
13242,0.2,2,0,0
13243,0.2,2,0,0
13244,0.2,1,1,0
13245,1.0,1,1,1
13246,0.2,1,1,1
13247,0.2,2,1,1
13248,0.2,0,0,0
13249,1.0,1,0,0
13250,0.2,2,1,0
13251,1.0,1,0,1
13252,0.2,2,0,0
13253,0.2,2,1,1
13254,0.2,2,0,0
13255,0.2,3,0,0
13256,0.2,2,1,0
13257,0.2,2,1,0
13258,0.2,1,0,0
13259,0.2,3,0,0
13260,0.2,1,0,0
13261,0.2,1,0,0
13262,0.2,2,1,1
13263,0.2,2,0,0
13264,0.2,2,0,0
13265,1.0,2,1,1
13266,0.2,1,1,1
13267,0.2,0,1,0
13268,0.2,1,0,0
13269,1.0,2,1,1
13270,0.2,1,1,1
13271,0.2,1,0,0
13272,0.2,1,0,1
13273,0.2,0,0,1
13274,0.2,1,0,0
13275,1.0,2,1,0
13276,0.2,1,0,0
13277,1.0,2,0,0
13278,2.2,1,0,1
13279,1.0,1,0,0
13280,0.2,1,0,0
13281,0.2,0,0,0
13282,0.2,2,1,1
13283,0.2,1,0,0
13284,0.2,0,0,1
13285,0.2,0,1,1
13286,1.0,2,1,1
13287,0.2,1,0,0
13288,0.2,2,0,1
13289,1.0,0,0,1
13290,1.0,1,1,1
13291,0.2,3,1,1
13292,0.2,1,1,1
13293,0.2,2,1,1
13294,0.2,1,0,0
13295,1.0,1,0,1
13296,0.2,1,1,1
13297,0.2,3,0,0
13298,0.2,1,0,0
13299,0.2,1,1,0
13300,0.2,0,1,1
13301,0.2,3,0,0
13302,0.2,1,0,0
13303,1.0,1,0,1
13304,0.2,1,0,0
13305,0.2,2,1,1
13306,0.2,1,1,0
13307,0.2,2,0,0
13308,1.0,1,1,1
13309,0.2,2,1,1
13310,0.2,1,1,1
13311,0.2,3,1,1
13312,0.2,2,0,0
13313,1.0,1,0,0
13314,1.0,3,1,1
13315,0.2,2,0,0
13316,0.2,0,1,1
13317,1.0,0,1,1
13318,0.2,1,1,1
13319,2.2,1,0,1
13320,0.2,2,1,0
13321,0.2,2,0,0
13322,0.2,2,0,0
13323,0.2,1,0,0
13324,1.0,2,1,1
13325,1.0,1,0,1
13326,0.2,1,0,0
13327,0.2,1,1,0
13328,0.2,0,0,0
13329,1.0,1,1,1
13330,0.2,2,1,1
13331,0.2,2,0,1
13332,0.2,1,1,1
13333,0.2,1,1,1
13334,0.2,2,0,0
13335,1.0,0,1,1
13336,0.2,1,0,0
13337,0.2,2,1,1
13338,0.2,1,1,1
13339,1.0,3,0,0
13340,0.2,1,1,1
13341,0.2,1,0,0
13342,0.2,2,0,0
13343,0.2,2,1,1
13344,0.2,2,1,0
13345,0.2,2,1,1
13346,1.0,1,1,1
13347,0.2,1,1,0
13348,0.2,2,0,0
13349,0.2,1,0,0
13350,0.2,1,0,1
13351,0.2,1,0,0
13352,0.2,1,0,0
13353,1.0,1,1,1
13354,0.2,1,1,1
13355,0.2,1,1,1
13356,1.0,1,0,1
13357,1.0,2,1,1
13358,0.2,3,1,0
13359,0.2,2,1,0
13360,0.2,1,0,0
13361,1.0,1,0,0
13362,1.0,1,1,1
13363,0.2,2,0,1
13364,1.0,1,0,1
13365,0.2,2,1,1
13366,1.0,2,0,1
13367,1.0,2,0,1
13368,0.2,2,0,0
13369,0.2,2,1,1
13370,0.2,2,0,0
13371,0.2,1,0,0
13372,0.2,2,1,0
13373,0.2,2,0,1
13374,0.2,1,0,0
13375,0.2,1,0,0
13376,0.2,1,1,0
13377,0.2,1,0,0
13378,0.2,1,0,0
13379,0.2,1,1,1
13380,0.2,1,0,1
13381,0.2,3,1,0
13382,1.0,1,0,1
13383,0.2,0,0,0
13384,0.2,1,0,1
13385,0.2,2,0,0
13386,0.2,1,0,0
13387,0.2,3,0,0
13388,0.2,1,0,0
13389,0.2,1,1,0
13390,0.2,3,0,0
13391,0.2,0,1,1
13392,0.2,2,0,0
13393,0.2,2,1,1
13394,0.2,0,0,0
13395,0.2,0,0,0
13396,0.2,3,0,0
13397,1.0,2,0,0
13398,0.2,3,0,0
13399,0.2,2,0,0
13400,0.2,2,0,0
13401,0.2,0,0,0
13402,1.0,2,1,1
13403,0.2,0,1,1
13404,0.2,0,0,0
13405,0.2,1,1,1
13406,1.0,1,1,1
13407,0.2,3,1,1
13408,0.2,2,1,1
13409,0.2,2,1,1
13410,0.2,2,1,1
13411,1.0,1,1,1
13412,1.0,2,1,1
13413,0.2,2,0,1
13414,1.0,1,1,1
13415,0.2,1,0,0
13416,0.2,2,1,0
13417,0.2,1,0,0
13418,0.2,1,0,0
13419,1.0,2,1,1
13420,0.2,2,1,1
13421,0.2,0,1,1
13422,0.2,2,1,0
13423,0.2,2,1,1
13424,0.2,2,1,0
13425,0.2,1,1,1
13426,0.2,2,0,0
13427,0.2,0,1,0
13428,0.2,2,0,0
13429,0.2,1,0,1
13430,2.2,2,0,1
13431,1.0,2,0,0
13432,0.2,2,1,1
13433,0.2,2,0,0
13434,1.0,3,1,1
13435,2.2,2,1,1
13436,0.2,3,0,0
13437,0.2,2,0,0
13438,0.2,1,0,0
13439,0.2,2,1,1
13440,0.2,0,1,0
13441,0.2,3,0,0
13442,0.2,2,1,1
13443,0.2,1,0,0
13444,0.2,2,0,1
13445,0.2,1,0,0
13446,0.2,1,1,1
13447,0.2,1,1,1
13448,0.2,2,1,1
13449,1.0,0,0,1
13450,0.2,2,0,0
13451,1.0,2,1,0
13452,1.0,1,0,1
13453,1.0,1,1,1
13454,1.0,1,0,1
13455,0.2,2,1,1
13456,0.2,3,1,1
13457,0.2,1,1,1
13458,0.2,3,0,0
13459,1.0,2,0,0
13460,0.2,2,0,0
13461,1.0,2,0,1
13462,0.2,1,1,1
13463,0.2,2,1,0
13464,0.2,2,0,0
13465,0.2,2,0,0
13466,0.2,2,1,1
13467,0.2,2,1,0
13468,1.0,1,0,1
13469,0.2,2,0,0
13470,1.0,1,1,1
13471,0.2,2,1,1
13472,0.2,1,0,0
13473,1.0,3,1,1
13474,0.2,2,1,1
13475,0.2,2,0,0
13476,0.2,2,1,1
13477,0.2,1,0,0
13478,0.2,1,1,1
13479,0.2,1,0,0
13480,0.2,2,0,0
13481,0.2,2,0,0
13482,0.2,0,1,1
13483,0.2,2,0,0
13484,0.2,2,1,1
13485,0.2,2,1,0
13486,1.0,1,1,1
13487,0.2,1,0,1
13488,0.2,2,0,0
13489,0.2,1,0,0
13490,0.2,2,0,0
13491,0.2,3,0,0
13492,1.0,1,0,0
13493,0.2,3,0,0
13494,0.2,2,0,0
13495,1.0,1,0,0
13496,0.2,1,1,1
13497,0.2,1,0,0
13498,0.2,0,1,1
13499,0.2,1,1,1
13500,0.2,1,1,1
13501,0.2,2,1,1
13502,0.2,2,1,1
13503,0.2,1,0,1
13504,0.2,2,0,0
13505,0.2,1,0,0
13506,1.0,2,0,0
13507,0.2,3,0,0
13508,0.2,1,1,0
13509,0.2,3,1,1
13510,2.2,3,0,1
13511,0.2,2,1,0
13512,0.2,2,0,0
13513,0.2,2,0,0
13514,1.0,1,1,1
13515,0.2,1,0,0
13516,0.2,3,0,0
13517,0.2,2,0,0
13518,0.2,1,1,1
13519,2.2,1,1,1
13520,0.2,2,0,0
13521,0.2,2,0,0
13522,0.2,0,1,1
13523,0.2,2,0,0
13524,0.2,1,0,0
13525,0.2,1,0,0
13526,1.0,2,1,1
13527,2.2,0,0,1
13528,0.2,1,1,1
13529,1.0,1,1,1
13530,0.2,3,1,0
13531,2.2,1,1,1
13532,1.0,3,0,0
13533,0.2,1,1,0
13534,0.2,1,0,1
13535,0.2,1,1,1
13536,0.2,1,0,0
13537,0.2,2,1,0
13538,0.2,1,0,0
13539,0.2,3,1,0
13540,1.0,0,1,1
13541,0.2,1,1,1
13542,0.2,2,1,1
13543,1.0,2,1,1
13544,1.0,2,0,1
13545,0.2,2,1,0
13546,1.0,1,1,1
13547,1.0,1,0,1
13548,0.2,1,1,0
13549,0.2,3,1,0
13550,0.2,1,0,0
13551,0.2,2,0,0
13552,0.2,1,1,1
13553,0.2,3,0,0
13554,0.2,1,1,1
13555,0.2,2,0,0
13556,0.2,2,0,0
13557,0.2,3,1,0
13558,1.0,2,1,1
13559,1.0,1,0,0
13560,0.2,2,0,0
13561,0.2,1,0,1
13562,0.2,2,1,1
13563,0.2,3,1,0
13564,0.2,2,1,1
13565,0.2,2,1,1
13566,0.2,1,1,1
13567,0.2,1,1,1
13568,0.2,1,0,0
13569,0.2,2,1,0
13570,0.2,1,1,1
13571,1.0,0,1,1
13572,0.2,0,0,0
13573,0.2,1,1,1
13574,1.0,1,1,1
13575,1.0,2,0,1
13576,0.2,1,0,1
13577,0.2,0,1,1
13578,1.0,3,1,1
13579,0.2,1,1,1
13580,0.2,1,1,1
13581,0.2,2,0,0
13582,0.2,2,1,1
13583,0.2,1,0,0
13584,0.2,1,0,0
13585,1.0,2,1,1
13586,0.2,1,1,1
13587,1.0,2,1,1
13588,1.0,1,0,0
13589,0.2,1,1,1
13590,1.0,2,1,1
13591,0.2,2,1,1
13592,0.2,1,1,1
13593,0.2,2,0,0
13594,1.0,1,1,1
13595,1.0,2,1,1
13596,0.2,1,1,1
13597,0.2,0,0,0
13598,0.2,2,1,0
13599,1.0,0,0,1
13600,0.2,2,0,0
13601,0.2,3,1,0
13602,0.2,3,1,1
13603,0.2,2,0,0
13604,0.2,1,1,1
13605,0.2,3,0,0
13606,1.0,1,1,1
13607,1.0,3,0,0
13608,0.2,2,0,0
13609,0.2,2,0,0
13610,0.2,3,1,1
13611,0.2,1,1,0
13612,0.2,1,0,1
13613,1.0,1,1,1
13614,0.2,2,0,0
13615,0.2,0,0,0
13616,0.2,2,1,0
13617,0.2,2,0,0
13618,1.0,2,1,1
13619,1.0,1,1,1
13620,1.0,1,1,1
13621,0.2,2,1,0
13622,0.2,2,0,0
13623,0.2,1,0,0
13624,0.2,2,1,1
13625,1.0,0,1,1
13626,1.0,0,0,1
13627,0.2,3,0,0
13628,0.2,2,1,1
13629,1.0,1,0,0
13630,1.0,1,1,1
13631,0.2,1,1,1
13632,0.2,1,0,0
13633,0.2,0,1,0
13634,0.2,1,0,0
13635,0.2,2,0,0
13636,0.2,3,1,0
13637,0.2,2,0,0
13638,0.2,3,1,1
13639,1.0,1,1,1
13640,0.2,1,1,1
13641,0.2,1,0,0
13642,0.2,2,1,0
13643,1.0,2,1,1
13644,0.2,2,1,0
13645,0.2,2,1,1
13646,0.2,1,0,0
13647,0.2,2,1,0
13648,1.0,1,0,0
13649,2.2,1,0,1
13650,0.2,1,0,0
13651,0.2,3,0,0
13652,0.2,2,0,0
13653,1.0,2,0,1
13654,0.2,0,0,1
13655,1.0,0,0,0
13656,0.2,2,1,0
13657,0.2,1,0,0
13658,0.2,2,1,0
13659,0.2,0,1,1
13660,1.0,2,1,1
13661,0.2,0,1,0
13662,1.0,2,1,1
13663,0.2,2,0,0
13664,1.0,1,1,1
13665,0.2,1,0,0
13666,0.2,2,1,1
13667,0.2,1,0,0
13668,0.2,3,0,0
13669,0.2,2,1,0
13670,0.2,2,1,0
13671,1.0,1,1,1
13672,0.2,1,1,1
13673,1.0,1,1,1
13674,0.2,1,1,1
13675,0.2,3,1,0
13676,0.2,1,1,1
13677,1.0,1,0,1
13678,1.0,1,1,1
13679,0.2,2,0,0
13680,0.2,2,1,0
13681,0.2,2,1,1
13682,0.2,2,1,0
13683,0.2,3,0,0
13684,1.0,0,0,0
13685,0.2,1,1,1
13686,0.2,3,1,1
13687,0.2,2,1,1
13688,1.0,1,0,1
13689,0.2,1,1,1
13690,0.2,2,0,0
13691,0.2,2,1,1
13692,1.0,3,1,1
13693,0.2,2,1,1
13694,1.0,3,1,1
13695,0.2,2,0,0
13696,0.2,0,1,1
13697,0.2,2,1,0
13698,1.0,2,0,0
13699,0.2,1,0,0
13700,0.2,2,0,0
13701,0.2,0,0,0
13702,0.2,2,0,0
13703,0.2,1,1,0
13704,2.2,1,1,1
13705,1.0,0,1,1
13706,0.2,0,0,0
13707,1.0,1,1,1
13708,0.2,1,0,0
13709,0.2,1,0,0
13710,0.2,0,0,0
13711,0.2,0,0,0
13712,0.2,3,1,0
13713,0.2,1,1,1
13714,2.2,1,0,1
13715,0.2,2,1,1
13716,0.2,1,0,0
13717,0.2,2,1,1
13718,1.0,2,1,1
13719,0.2,3,1,0
13720,0.2,0,1,1
13721,0.2,2,0,0
13722,1.0,3,1,1
13723,0.2,2,1,1
13724,0.2,2,0,1
13725,1.0,0,0,1
13726,2.2,1,1,1
13727,0.2,3,0,0
13728,1.0,2,1,1
13729,0.2,3,1,0
13730,0.2,3,0,0
13731,0.2,1,1,0
13732,0.2,1,1,1
13733,0.2,3,1,1
13734,1.0,1,1,1
13735,0.2,1,1,1
13736,0.2,1,1,0
13737,0.2,2,1,1
13738,0.2,2,1,1
13739,0.2,3,1,1
13740,0.2,2,1,1
13741,0.2,0,0,0
13742,1.0,2,1,1
13743,0.2,1,1,1
13744,1.0,1,0,0
13745,1.0,0,1,1
13746,0.2,1,1,1
13747,0.2,1,0,0
13748,0.2,1,1,1
13749,0.2,1,1,1
13750,1.0,2,1,1
13751,0.2,1,0,0
13752,0.2,1,1,1
13753,0.2,1,0,0
13754,0.2,2,1,1
13755,0.2,2,1,0
13756,1.0,0,0,1
13757,1.0,1,1,1
13758,1.0,1,1,1
13759,1.0,2,1,1
13760,0.2,1,0,0
13761,0.2,2,0,0
13762,0.2,1,0,0
13763,0.2,1,1,0
13764,0.2,2,0,0
13765,0.2,2,1,1
13766,0.2,3,1,1
13767,1.0,1,0,1
13768,0.2,0,0,0
13769,0.2,2,1,1
13770,0.2,1,0,1
13771,0.2,1,1,1
13772,0.2,0,1,1
13773,2.2,2,0,1
13774,1.0,1,1,1
13775,1.0,1,1,1
13776,0.2,1,1,1
13777,0.2,2,1,0
13778,0.2,1,1,1
13779,0.2,1,1,1
13780,0.2,2,0,0
13781,0.2,1,1,1
13782,1.0,2,0,0
13783,0.2,0,0,0
13784,0.2,3,0,0
13785,0.2,1,1,1
13786,0.2,0,0,0
13787,0.2,1,1,1
13788,2.2,2,1,1
13789,0.2,1,1,1
13790,1.0,1,1,1
13791,0.2,1,0,0
13792,0.2,0,1,1
13793,0.2,2,0,1
13794,1.0,2,0,0
13795,0.2,0,0,0
13796,0.2,1,0,0
13797,0.2,2,1,0
13798,0.2,1,0,0
13799,0.2,3,1,1
13800,0.2,2,0,0
13801,2.2,2,1,1
13802,0.2,2,1,1
13803,0.2,1,0,1
13804,0.2,0,1,1
13805,1.0,2,0,0
13806,0.2,1,1,1
13807,0.2,1,1,1
13808,0.2,2,0,0
13809,1.0,2,0,0
13810,0.2,1,0,0
13811,0.2,2,0,0
13812,0.2,3,1,1
13813,0.2,1,0,0
13814,0.2,1,1,0
13815,1.0,2,1,1
13816,0.2,3,1,0
13817,0.2,2,0,0
13818,0.2,1,1,1
13819,0.2,3,0,0
13820,1.0,1,0,1
13821,0.2,2,0,0
13822,0.2,2,1,1
13823,1.0,2,0,0
13824,0.2,1,1,1
13825,0.2,1,1,1
13826,0.2,2,1,0
13827,1.0,0,0,1
13828,0.2,1,1,1
13829,0.2,1,1,1
13830,1.0,0,0,0
13831,0.2,1,1,1
13832,0.2,2,1,1
13833,0.2,3,0,0
13834,0.2,3,0,0
13835,0.2,2,0,0
13836,0.2,1,1,1
13837,1.0,2,1,1
13838,0.2,1,0,0
13839,0.2,2,1,1
13840,0.2,0,0,1
13841,0.2,2,1,1
13842,1.0,1,1,1
13843,1.0,3,0,0
13844,0.2,3,0,0
13845,0.2,2,1,1
13846,0.2,2,0,0
13847,1.0,1,0,1
13848,1.0,1,0,1
13849,0.2,3,1,0
13850,0.2,2,1,1
13851,0.2,3,0,0
13852,1.0,2,0,0
13853,0.2,2,1,1
13854,0.2,1,0,0
13855,0.2,2,0,0
13856,1.0,0,0,1
13857,1.0,1,1,1
13858,0.2,2,0,0
13859,0.2,1,0,0
13860,1.0,1,1,1
13861,1.0,2,0,0
13862,2.2,2,0,1
13863,0.2,1,0,0
13864,1.0,1,0,0
13865,1.0,2,0,1
13866,1.0,3,0,0
13867,0.2,2,0,0
13868,0.2,1,1,1
13869,0.2,0,1,0
13870,0.2,0,0,0
13871,0.2,1,0,0
13872,0.2,2,0,0
13873,0.2,1,0,0
13874,0.2,0,1,1
13875,0.2,2,1,1
13876,0.2,1,0,0
13877,1.0,1,0,1
13878,0.2,0,1,0
13879,0.2,2,0,0
13880,0.2,3,0,0
13881,0.2,2,1,0
13882,0.2,2,1,0
13883,0.2,0,0,1
13884,0.2,1,0,1
13885,0.2,1,1,1
13886,0.2,2,0,0
13887,0.2,3,1,1
13888,1.0,0,0,1
13889,0.2,2,0,0
13890,0.2,3,0,0
13891,0.2,1,1,1
13892,0.2,1,1,1
13893,0.2,1,1,1
13894,0.2,2,1,1
13895,0.2,2,1,1
13896,0.2,1,0,0
13897,0.2,1,0,1
13898,0.2,1,1,1
13899,0.2,2,0,0
13900,0.2,2,0,0
13901,0.2,1,0,0
13902,0.2,0,0,0
13903,0.2,1,1,0
13904,1.0,2,1,1
13905,0.2,3,0,0
13906,0.2,0,1,1
13907,1.0,2,0,1
13908,0.2,1,0,0
13909,0.2,2,1,1
13910,0.2,0,1,1
13911,0.2,2,0,0
13912,0.2,2,0,0
13913,0.2,1,1,1
13914,0.2,2,1,1
13915,0.2,1,1,1
13916,0.2,2,0,0
13917,1.0,3,1,1
13918,0.2,2,1,1
13919,0.2,0,1,1
13920,1.0,2,0,0
13921,1.0,3,0,1
13922,0.2,1,0,0
13923,0.2,0,0,0
13924,0.2,3,1,1
13925,1.0,1,1,0
13926,0.2,2,1,1
13927,0.2,2,1,1
13928,1.0,2,1,1
13929,0.2,1,1,1
13930,1.0,3,1,1
13931,0.2,1,1,1
13932,1.0,1,0,1
13933,0.2,3,0,0
13934,0.2,2,0,0
13935,0.2,3,1,0
13936,0.2,2,1,0
13937,1.0,3,0,0
13938,1.0,2,1,1
13939,0.2,3,1,1
13940,1.0,1,0,1
13941,0.2,2,0,0
13942,0.2,1,0,0
13943,1.0,0,1,1
13944,0.2,2,1,0
13945,0.2,1,1,0
13946,1.0,1,0,1
13947,0.2,1,1,0
13948,0.2,2,1,1
13949,0.2,2,0,0
13950,0.2,2,0,0
13951,0.2,1,1,0
13952,1.0,0,0,1
13953,0.2,2,0,0
13954,0.2,0,0,0
13955,0.2,0,0,0
13956,0.2,2,1,0
13957,0.2,2,0,0
13958,0.2,2,1,1
13959,0.2,2,0,0
13960,0.2,0,1,1
13961,0.2,2,1,0
13962,0.2,2,0,0
13963,0.2,3,0,0
13964,0.2,1,0,0
13965,0.2,2,0,0
13966,0.2,0,1,1
13967,1.0,0,1,1
13968,0.2,2,0,0
13969,0.2,1,1,1
13970,1.0,2,0,0
13971,0.2,1,0,0
13972,0.2,3,0,0
13973,0.2,2,0,0
13974,0.2,1,1,0
13975,1.0,2,1,1
13976,0.2,0,0,1
13977,0.2,2,0,0
13978,0.2,2,0,0
13979,0.2,1,0,0
13980,0.2,2,1,1
13981,0.2,2,0,0
13982,0.2,1,0,0
13983,0.2,2,1,0
13984,0.2,0,1,1
13985,0.2,2,0,0
13986,1.0,1,0,0
13987,1.0,0,1,1
13988,0.2,2,0,1
13989,0.2,1,0,0
13990,1.0,1,0,1
13991,0.2,2,1,1
13992,0.2,2,1,0
13993,0.2,2,1,0
13994,0.2,2,0,0
13995,1.0,1,1,1
13996,1.0,1,0,0
13997,0.2,1,0,0
13998,0.2,1,1,1
13999,1.0,2,1,1
14000,1.0,1,1,1
14001,0.2,3,0,0
14002,0.2,1,1,0
14003,2.2,2,1,1
14004,1.0,1,1,1
14005,0.2,2,1,1
14006,0.2,2,1,1
14007,0.2,2,1,1
14008,0.2,1,0,0
14009,1.0,1,1,1
14010,0.2,3,0,0
14011,0.2,2,0,0
14012,0.2,0,1,1
14013,1.0,0,0,0
14014,0.2,1,1,1
14015,0.2,3,0,0
14016,0.2,2,1,0
14017,0.2,2,0,0
14018,0.2,3,0,0
14019,0.2,2,1,0
14020,0.2,3,0,0
14021,0.2,2,0,0
14022,0.2,2,0,0
14023,0.2,2,0,0
14024,0.2,2,1,1
14025,0.2,1,0,1
14026,0.2,0,0,1
14027,0.2,2,0,0
14028,0.2,1,1,1
14029,1.0,1,0,0
14030,1.0,1,1,1
14031,0.2,1,1,0
14032,0.2,1,1,0
14033,1.0,2,1,1
14034,0.2,2,0,0
14035,2.2,3,1,1
14036,0.2,2,1,1
14037,0.2,3,1,0
14038,0.2,2,1,0
14039,1.0,0,0,1
14040,0.2,3,1,1
14041,0.2,1,0,0
14042,0.2,2,1,0
14043,0.2,2,1,1
14044,0.2,1,1,1
14045,1.0,2,1,1
14046,1.0,2,0,1
14047,0.2,1,1,0
14048,0.2,2,1,1
14049,1.0,0,0,1
14050,1.0,1,0,1
14051,1.0,0,0,1
14052,1.0,2,0,0
14053,0.2,3,0,0
14054,0.2,1,1,1
14055,0.2,2,1,1
14056,1.0,2,1,1
14057,0.2,3,0,0
14058,0.2,1,1,1
14059,0.2,2,0,0
14060,0.2,2,0,0
14061,0.2,1,0,0
14062,0.2,1,1,1
14063,0.2,0,1,1
14064,0.2,2,1,0
14065,0.2,2,0,0
14066,0.2,2,0,0
14067,0.2,2,1,1
14068,0.2,3,0,0
14069,0.2,2,1,1
14070,1.0,0,0,1
14071,0.2,1,0,1
14072,2.2,2,1,1
14073,0.2,2,0,0
14074,0.2,2,1,0
14075,0.2,1,0,1
14076,0.2,2,1,0
14077,0.2,2,1,1
14078,1.0,2,0,0
14079,0.2,1,0,0
14080,0.2,1,0,0
14081,1.0,2,1,1
14082,0.2,1,0,0
14083,0.2,1,0,0
14084,0.2,2,1,0
14085,0.2,1,0,0
14086,1.0,2,1,1
14087,0.2,2,1,1
14088,1.0,1,1,1
14089,0.2,3,0,0
14090,0.2,2,0,0
14091,1.0,1,0,0
14092,0.2,1,1,1
14093,0.2,3,0,0
14094,0.2,1,1,0
14095,0.2,0,0,1
14096,0.2,1,0,1
14097,0.2,1,1,1
14098,0.2,2,0,0
14099,1.0,1,1,1
14100,0.2,1,1,1
14101,1.0,1,1,1
14102,0.2,2,0,1
14103,0.2,2,0,0
14104,0.2,2,1,1
14105,0.2,2,0,0
14106,0.2,1,0,0
14107,0.2,3,0,0
14108,0.2,1,1,0
14109,0.2,2,0,0
14110,0.2,2,0,0
14111,1.0,2,0,1
14112,0.2,1,0,0
14113,0.2,1,1,1
14114,0.2,2,0,0
14115,0.2,0,0,0
14116,0.2,1,1,1
14117,0.2,1,1,1
14118,0.2,1,1,1
14119,1.0,1,0,1
14120,1.0,0,1,1
14121,0.2,1,0,0
14122,0.2,1,1,1
14123,0.2,1,0,0
14124,1.0,2,1,1
14125,0.2,3,1,0
14126,0.2,0,1,1
14127,0.2,3,0,0
14128,1.0,2,1,1
14129,1.4,3,1,1
14130,0.2,1,1,1
14131,0.2,1,1,1
14132,2.2,3,1,1
14133,0.2,2,1,1
14134,0.2,3,1,1
14135,0.2,2,1,1
14136,2.2,2,1,1
14137,0.2,2,0,0
14138,0.2,3,0,0
14139,0.2,1,0,0
14140,0.2,2,1,1
14141,0.2,0,1,1
14142,0.2,0,1,1
14143,0.2,3,0,0
14144,0.2,0,1,1
14145,0.2,2,1,0
14146,0.2,1,0,0
14147,0.2,1,0,0
14148,1.0,1,1,1
14149,0.2,2,0,0
14150,1.0,2,1,1
14151,1.0,3,1,0
14152,0.2,2,0,0
14153,0.2,0,1,0
14154,0.2,1,0,0
14155,1.0,2,0,0
14156,0.2,1,0,0
14157,0.2,3,0,0
14158,0.2,1,1,0
14159,1.0,0,0,1
14160,0.2,2,1,0
14161,1.0,2,0,0
14162,0.2,3,1,0
14163,0.2,2,1,1
14164,0.2,0,0,0
14165,0.2,0,1,1
14166,0.2,1,0,0
14167,1.0,1,0,1
14168,0.2,3,0,0
14169,0.2,2,0,0
14170,2.2,2,1,1
14171,0.2,1,0,0
14172,0.2,2,0,0
14173,1.0,1,0,1
14174,0.2,2,1,0
14175,0.2,2,0,0
14176,0.2,1,0,0
14177,0.2,3,0,0
14178,0.2,2,1,1
14179,0.2,2,1,1
14180,1.0,3,1,1
14181,1.0,3,0,0
14182,0.2,1,0,0
14183,0.2,1,1,1
14184,0.2,3,1,1
14185,0.2,3,0,0
14186,0.2,3,0,0
14187,0.2,1,1,1
14188,0.2,1,0,0
14189,0.2,1,1,1
14190,1.0,2,1,1
14191,1.0,2,0,1
14192,0.2,1,1,1
14193,0.2,2,1,0
14194,0.2,2,0,0
14195,0.2,2,0,0
14196,0.2,2,0,0
14197,1.0,2,1,1
14198,0.2,0,0,0
14199,0.2,1,0,0
14200,1.0,2,1,1
14201,0.2,1,1,1
14202,2.2,2,1,1
14203,0.2,1,1,1
14204,1.0,2,0,0
14205,0.2,2,1,1
14206,0.2,0,1,1
14207,1.0,2,0,1
14208,1.0,2,0,0
14209,0.2,2,0,0
14210,0.2,1,1,0
14211,0.2,3,1,0
14212,0.2,2,0,0
14213,0.2,1,1,1
14214,0.2,1,1,0
14215,0.2,2,0,0
14216,0.2,0,0,0
14217,0.2,2,0,1
14218,0.2,2,0,0
14219,0.2,2,0,0
14220,0.2,2,0,0
14221,0.2,1,0,0
14222,0.2,1,1,1
14223,1.0,0,1,1
14224,0.2,1,0,0
14225,0.2,1,1,1
14226,0.2,2,0,0
14227,0.2,2,0,0
14228,1.0,2,0,0
14229,0.2,1,1,1
14230,0.2,1,1,0
14231,0.2,2,1,0
14232,1.0,3,1,1
14233,0.2,0,1,1
14234,1.0,2,1,1
14235,0.2,1,0,0
14236,0.2,2,1,1
14237,0.2,3,0,0
14238,0.2,1,0,0
14239,1.0,1,1,1
14240,0.2,2,1,1
14241,1.0,2,0,1
14242,0.2,0,0,0
14243,1.0,2,0,1
14244,0.2,0,0,0
14245,0.2,2,1,1
14246,0.2,2,0,1
14247,1.0,2,0,1
14248,1.0,1,1,1
14249,0.2,3,1,1
14250,0.2,1,1,0
14251,0.2,2,1,1
14252,0.2,1,0,1
14253,0.2,0,1,1
14254,0.2,1,1,0
14255,0.2,0,1,1
14256,1.0,1,1,1
14257,0.2,0,1,1
14258,0.2,2,0,0
14259,0.2,1,1,1
14260,0.2,1,1,1
14261,0.2,3,0,0
14262,0.2,0,0,0
14263,0.2,0,1,1
14264,0.2,1,0,0
14265,0.2,1,1,1
14266,0.2,0,1,1
14267,1.0,2,0,0
14268,0.2,2,1,0
14269,0.2,1,0,0
14270,0.2,2,1,1
14271,0.2,1,0,0
14272,1.0,1,1,0
14273,1.0,1,0,1
14274,0.2,2,1,0
14275,0.2,2,0,0
14276,1.0,1,1,1
14277,0.2,3,1,1
14278,2.2,0,0,1
14279,0.2,2,0,0
14280,0.2,3,0,0
14281,0.2,1,1,0
14282,1.0,0,1,1
14283,0.2,2,1,1
14284,1.0,2,1,1
14285,0.2,1,1,1
14286,0.2,2,0,0
14287,0.2,2,1,1
14288,0.2,2,1,1
14289,0.2,3,0,0
14290,0.2,2,0,0
14291,1.0,1,1,1
14292,0.2,2,1,1
14293,0.2,1,0,0
14294,0.2,0,0,0
14295,0.2,0,0,0
14296,1.0,2,1,1
14297,0.2,2,1,1
14298,0.2,1,0,0
14299,0.2,1,0,1
14300,1.0,1,1,1
14301,1.0,1,1,1
14302,0.2,1,0,0
14303,0.2,3,1,1
14304,0.2,2,0,0
14305,0.2,2,1,1
14306,0.2,0,0,1
14307,1.0,2,1,1
14308,0.2,2,0,0
14309,0.2,1,1,1
14310,0.2,0,0,1
14311,0.2,2,1,1
14312,1.0,2,1,1
14313,0.2,1,1,0
14314,2.2,1,1,1
14315,0.2,2,0,1
14316,0.2,1,0,0
14317,0.2,1,1,0
14318,1.0,3,1,1
14319,0.2,1,0,1
14320,0.2,2,0,0
14321,0.2,1,0,0
14322,1.0,2,0,0
14323,0.2,1,1,1
14324,0.2,2,1,1
14325,1.0,2,0,0
14326,0.2,2,1,0
14327,0.2,1,0,0
14328,0.2,0,0,0
14329,0.2,1,1,1
14330,0.2,2,1,0
14331,0.2,0,0,0
14332,0.2,3,0,0
14333,0.2,1,0,0
14334,0.2,2,0,0
14335,0.2,2,1,1
14336,0.2,2,0,1
14337,1.0,2,0,1
14338,1.0,0,0,1
14339,1.0,1,0,0
14340,0.2,3,0,0
14341,0.2,2,1,0
14342,1.0,1,1,1
14343,0.2,0,0,0
14344,1.0,2,0,0
14345,0.2,3,1,0
14346,0.2,2,0,0
14347,0.2,1,0,0
14348,1.0,2,0,1
14349,0.2,0,0,0
14350,0.2,1,0,1
14351,0.2,1,1,1
14352,0.2,2,1,0
14353,0.2,2,0,0
14354,0.2,2,1,1
14355,0.2,2,1,0
14356,1.0,1,0,0
14357,0.2,2,1,1
14358,0.2,1,0,0
14359,0.2,0,0,0
14360,0.2,2,1,1
14361,0.2,1,1,1
14362,0.2,2,1,1
14363,0.2,0,1,1
14364,1.0,0,1,1
14365,0.2,0,1,1
14366,2.2,2,1,1
14367,1.0,2,1,0
14368,0.2,2,0,0
14369,0.2,2,0,0
14370,0.2,1,0,0
14371,0.2,2,0,1
14372,0.2,3,1,1
14373,0.2,3,1,1
14374,0.2,2,1,1
14375,1.0,3,1,1
14376,0.2,1,0,0
14377,0.2,1,0,0
14378,1.0,2,0,0
14379,0.2,2,0,0
14380,0.2,1,0,0
14381,0.2,1,0,0
14382,0.2,1,1,1
14383,1.0,1,1,1
14384,0.2,1,1,1
14385,0.2,1,0,0
14386,0.2,2,0,0
14387,0.2,1,0,0
14388,0.2,3,0,1
14389,1.0,3,1,1
14390,0.2,1,0,0
14391,0.2,2,0,0
14392,0.2,1,1,1
14393,2.2,0,0,1
14394,0.2,2,0,0
14395,0.2,0,0,0
14396,0.2,3,1,0
14397,0.2,0,1,0
14398,0.2,2,1,1
14399,0.2,3,1,1
14400,0.2,3,0,0
14401,0.2,2,0,0
14402,1.0,2,0,1
14403,1.0,2,1,1
14404,0.2,2,1,1
14405,0.2,2,0,0
14406,0.2,2,1,0
14407,0.2,3,0,0
14408,0.2,2,0,0
14409,0.2,1,0,0
14410,1.0,2,0,1
14411,0.2,2,1,1
14412,0.2,1,0,0
14413,0.2,2,1,1
14414,0.2,2,1,1
14415,0.2,2,1,0
14416,0.2,1,1,1
14417,0.2,1,0,0
14418,0.2,2,1,1
14419,0.2,1,0,0
14420,0.2,0,0,1
14421,0.2,0,0,0
14422,2.2,2,0,1
14423,1.0,3,1,1
14424,0.2,0,1,1
14425,2.2,2,0,1
14426,1.0,1,0,1
14427,0.2,2,0,0
14428,0.2,2,1,1
14429,0.2,2,1,1
14430,0.2,3,1,0
14431,0.2,1,0,0
14432,0.2,3,1,1
14433,0.2,2,0,0
14434,0.2,2,0,1
14435,0.2,2,1,1
14436,0.2,2,0,0
14437,1.0,1,1,1
14438,0.2,1,0,0
14439,1.0,2,1,1
14440,0.2,1,0,0
14441,0.2,2,0,0
14442,0.2,2,1,0
14443,0.2,0,0,0
14444,0.2,1,1,1
14445,0.2,2,1,1
14446,0.2,1,1,1
14447,1.0,2,1,1
14448,0.2,2,1,1
14449,0.2,1,1,0
14450,0.2,1,1,0
14451,0.2,3,1,1
14452,0.2,1,1,1
14453,0.2,2,0,0
14454,0.2,1,1,1
14455,0.2,0,1,1
14456,0.2,2,1,1
14457,1.0,0,1,1
14458,1.0,2,1,1
14459,0.2,2,1,0
14460,0.2,2,0,0
14461,0.2,2,0,0
14462,0.2,2,0,0
14463,0.2,2,0,0
14464,1.0,2,1,1
14465,0.2,2,1,0
14466,1.0,3,0,1
14467,1.0,2,0,1
14468,0.2,0,1,1
14469,0.2,1,0,0
14470,1.0,1,1,1
14471,0.2,2,0,1
14472,0.2,2,1,0
14473,0.2,2,1,1
14474,0.2,1,1,0
14475,0.2,2,0,0
14476,0.2,2,0,0
14477,1.0,2,0,0
14478,1.0,2,1,1
14479,1.0,1,0,0
14480,0.2,1,0,0
14481,2.2,1,1,1
14482,0.2,2,0,0
14483,0.2,0,0,0
14484,0.2,1,0,0
14485,0.2,1,0,0
14486,1.0,1,0,1
14487,0.2,3,1,1
14488,0.2,2,0,0
14489,0.2,1,0,0
14490,0.2,1,1,1
14491,1.0,2,0,0
14492,0.2,1,1,1
14493,2.2,1,0,1
14494,1.0,2,1,1
14495,0.2,2,0,0
14496,0.2,3,1,1
14497,0.2,1,1,0
14498,0.2,2,1,1
14499,0.2,0,0,0
14500,0.2,0,1,1
14501,1.0,1,0,1
14502,1.0,1,1,1
14503,0.2,0,1,1
14504,0.2,1,1,1
14505,1.0,2,0,0
14506,2.2,2,0,1
14507,0.2,3,0,0
14508,1.0,1,0,0
14509,0.2,1,1,1
14510,0.2,2,0,0
14511,0.2,1,0,0
14512,0.2,1,1,1
14513,0.2,2,1,1
14514,0.2,1,1,1
14515,0.2,3,0,0
14516,0.2,3,0,0
14517,0.2,0,1,1
14518,1.0,1,0,0
14519,0.2,2,0,0
14520,0.2,1,1,1
14521,0.2,1,0,0
14522,0.2,1,1,1
14523,0.2,2,0,1
14524,0.2,2,1,1
14525,0.2,3,0,0
14526,1.0,0,1,1
14527,1.0,2,0,1
14528,1.0,3,1,1
14529,0.2,0,1,1
14530,0.2,1,1,1
14531,0.2,2,0,0
14532,1.0,1,1,1
14533,0.2,2,1,1
14534,1.0,1,1,1
14535,1.0,2,0,0
14536,0.2,1,0,0
14537,0.2,1,0,0
14538,0.2,1,0,0
14539,0.2,1,0,0
14540,0.2,1,0,0
14541,1.0,2,1,1
14542,0.2,1,0,1
14543,1.0,3,0,1
14544,0.2,2,1,1
14545,0.2,2,1,1
14546,0.2,0,1,1
14547,0.2,0,1,1
14548,1.0,0,0,1
14549,0.2,3,0,0
14550,1.0,2,1,1
14551,0.2,1,0,1
14552,0.2,1,0,0
14553,1.0,1,0,1
14554,0.2,2,1,0
14555,0.2,1,0,0
14556,1.0,2,1,1
14557,0.2,1,0,0
14558,0.2,2,1,1
14559,0.2,2,1,0
14560,0.2,2,0,0
14561,0.2,2,0,0
14562,0.2,0,1,1
14563,0.2,3,1,1
14564,0.2,2,1,1
14565,0.2,3,1,1
14566,0.2,1,0,0
14567,0.2,0,0,1
14568,1.0,3,1,1
14569,0.2,3,0,0
14570,0.2,1,1,0
14571,0.2,1,0,0
14572,0.2,2,0,0
14573,0.2,2,0,0
14574,0.2,0,0,0
14575,1.0,1,1,1
14576,0.2,1,1,0
14577,1.0,3,0,0
14578,0.2,0,0,0
14579,0.2,2,1,1
14580,0.2,1,0,0
14581,0.2,3,0,0
14582,0.2,2,1,0
14583,0.2,1,0,0
14584,1.0,2,1,1
14585,0.2,2,0,0
14586,0.2,1,0,0
14587,0.2,2,0,0
14588,0.2,3,1,1
14589,0.2,0,0,1
14590,0.2,1,1,1
14591,0.2,3,0,0
14592,0.2,2,0,0
14593,0.2,1,0,0
14594,0.2,2,0,0
14595,1.0,2,1,1
14596,1.0,1,1,1
14597,1.0,2,1,1
14598,0.2,2,0,0
14599,0.2,2,0,0
14600,0.2,1,0,0
14601,1.0,1,1,1
14602,0.2,1,0,0
14603,0.2,2,0,0
14604,0.2,2,0,0
14605,0.2,2,1,1
14606,1.0,2,0,1
14607,1.0,1,0,0
14608,0.2,1,1,0
14609,0.2,0,0,0
14610,0.2,2,1,1
14611,0.2,2,1,1
14612,1.0,1,0,1
14613,0.2,0,1,1
14614,1.0,1,1,1
14615,0.2,2,1,0
14616,0.2,1,0,0
14617,0.2,2,0,0
14618,0.2,3,1,0
14619,0.2,2,1,1
14620,0.2,2,1,1
14621,0.2,2,0,0
14622,1.0,2,1,1
14623,0.2,0,1,1
14624,0.2,1,1,1
14625,0.2,1,0,0
14626,1.0,2,0,0
14627,0.2,3,0,0
14628,0.2,1,1,0
14629,0.2,2,1,0
14630,0.2,3,1,1
14631,1.0,2,1,1
14632,1.0,2,0,0
14633,0.2,1,1,1
14634,0.2,0,0,0
14635,0.2,2,1,1
14636,0.2,2,1,1
14637,0.2,1,1,1
14638,0.2,1,0,0
14639,0.2,1,0,0
14640,1.0,2,1,1
14641,0.2,2,0,0
14642,0.2,2,0,0
14643,0.2,0,0,0
14644,0.2,2,1,1
14645,2.2,1,0,1
14646,0.2,2,1,0
14647,0.2,1,1,1
14648,0.2,1,1,1
14649,1.0,1,1,1
14650,0.2,1,0,0
14651,1.0,2,0,1
14652,0.2,0,0,0
14653,0.2,2,0,0
14654,0.2,3,0,0
14655,0.2,2,1,0
14656,0.2,2,1,1
14657,0.2,2,1,1
14658,1.0,1,1,1
14659,0.2,1,0,0
14660,0.2,1,1,1
14661,0.2,2,0,0
14662,0.2,1,0,0
14663,0.2,3,0,0
14664,0.2,3,0,0
14665,0.2,1,1,1
14666,1.0,1,1,1
14667,0.2,1,1,1
14668,0.2,3,1,0
14669,0.2,3,0,1
14670,1.0,2,1,1
14671,0.2,1,1,1
14672,0.2,0,0,0
14673,0.2,1,1,1
14674,1.0,1,1,1
14675,0.2,2,0,0
14676,0.2,3,1,1
14677,1.0,1,0,1
14678,1.0,2,0,1
14679,0.2,1,0,0
14680,1.0,1,1,1
14681,0.2,0,1,0
14682,1.0,1,0,1
14683,0.2,1,1,1
14684,0.2,1,0,0
14685,0.2,1,1,1
14686,0.2,1,0,0
14687,0.2,2,0,0
14688,1.0,1,0,1
14689,0.2,3,0,0
14690,0.2,1,0,0
14691,0.2,2,1,1
14692,0.2,1,0,0
14693,0.2,3,1,1
14694,0.2,0,0,0
14695,0.2,1,1,1
14696,1.0,2,1,1
14697,0.2,2,0,0
14698,0.2,0,0,0
14699,2.2,1,1,1
14700,1.0,0,0,1
14701,0.2,2,0,0
14702,0.2,1,1,1
14703,0.2,2,1,1
14704,1.0,1,0,0
14705,1.0,3,1,1
14706,0.2,1,0,1
14707,0.2,0,1,1
14708,2.2,0,0,1
14709,1.0,2,1,1
14710,0.2,2,1,1
14711,1.0,3,1,1
14712,0.2,1,1,1
14713,1.0,3,1,0
14714,1.0,0,0,0
14715,1.0,2,1,1
14716,0.2,1,0,0
14717,0.2,3,1,1
14718,0.2,3,1,0
14719,0.2,2,1,1
14720,0.2,2,1,0
14721,0.2,2,1,0
14722,0.2,0,1,0
14723,0.2,2,1,1
14724,1.0,1,1,1
14725,0.2,1,0,0
14726,0.2,2,1,0
14727,0.2,2,1,1
14728,0.2,3,1,0
14729,0.2,2,0,0
14730,0.2,1,0,0
14731,0.2,2,1,1
14732,0.2,1,0,0
14733,0.2,1,1,1
14734,1.0,2,0,0
14735,1.0,2,1,0
14736,1.0,2,0,1
14737,0.2,1,1,1
14738,0.2,0,1,1
14739,0.2,3,0,0
14740,0.2,1,1,1
14741,0.2,1,0,0
14742,1.0,2,0,0
14743,1.0,1,0,1
14744,0.2,3,0,1
14745,0.2,2,0,0
14746,0.2,1,1,1
14747,0.2,1,1,1
14748,0.2,0,1,1
14749,0.2,3,0,0
14750,0.2,3,0,0
14751,0.2,3,0,0
14752,0.2,1,0,0
14753,0.2,2,0,0
14754,0.2,1,1,1
14755,0.2,1,0,0
14756,1.0,2,1,1
14757,0.2,2,1,1
14758,0.2,2,1,0
14759,1.0,2,1,0
14760,1.0,0,0,1
14761,0.2,1,1,1
14762,0.2,2,0,0
14763,0.2,2,1,0
14764,0.2,2,0,0
14765,0.2,0,1,0
14766,1.0,2,1,1
14767,0.2,1,1,1
14768,1.0,3,1,1
14769,1.0,2,1,1
14770,0.2,2,1,0
14771,0.2,3,0,0
14772,0.2,0,1,1
14773,1.0,1,0,0
14774,0.2,2,0,0
14775,0.2,2,1,1
14776,0.2,1,1,1
14777,1.0,2,1,1
14778,0.2,3,1,0
14779,0.2,2,1,1
14780,0.2,1,0,1
14781,1.0,1,1,1
14782,0.2,1,1,0
14783,1.0,2,0,1
14784,1.0,1,1,1
14785,0.2,2,1,1
14786,0.2,2,0,0
14787,1.0,1,1,1
14788,2.2,1,0,1
14789,1.0,1,0,0
14790,0.2,3,0,0
14791,0.2,2,1,1
14792,0.2,1,0,0
14793,0.2,2,1,1
14794,0.2,2,0,1
14795,0.2,2,1,0
14796,0.2,1,1,1
14797,0.2,0,0,0
14798,0.2,2,1,1
14799,0.2,2,0,0
14800,0.2,0,0,0
14801,0.2,1,1,1
14802,0.2,1,0,0
14803,0.2,3,1,0
14804,0.2,2,0,0
14805,0.2,1,1,1
14806,0.2,0,0,0
14807,0.2,2,0,0
14808,0.2,0,1,1
14809,0.2,1,0,1
14810,0.2,2,1,1
14811,0.2,1,1,1
14812,1.0,1,1,1
14813,0.2,3,1,0
14814,0.2,2,0,0
14815,1.0,2,1,1
14816,0.2,0,1,1
14817,0.2,2,1,1
14818,0.2,1,0,0
14819,0.2,1,1,1
14820,0.2,3,1,1
14821,0.2,3,0,0
14822,0.2,2,0,0
14823,0.2,0,0,1
14824,0.2,1,0,0
14825,0.2,0,1,1
14826,0.2,0,0,1
14827,2.2,2,1,1
14828,0.2,2,0,1
14829,0.2,1,0,0
14830,1.0,2,1,1
14831,0.2,1,1,1
14832,0.2,2,0,1
14833,0.2,2,1,0
14834,1.0,1,0,1
14835,1.0,2,1,1
14836,0.2,1,0,0
14837,1.0,2,0,1
14838,0.2,0,0,0
14839,1.0,2,0,0
14840,0.2,1,1,1
14841,0.2,0,1,1
14842,0.2,0,1,1
14843,0.2,0,1,1
14844,0.2,1,1,1
14845,1.0,2,0,1
14846,1.0,1,0,1
14847,1.0,2,1,1
14848,0.2,0,0,0
14849,0.2,3,0,0
14850,0.2,3,1,1
14851,0.2,1,0,0
14852,0.2,1,0,1
14853,1.0,1,0,1
14854,0.2,2,1,0
14855,0.2,1,0,0
14856,0.2,1,0,0
14857,1.0,1,1,1
14858,0.2,3,1,0
14859,0.2,1,0,1
14860,1.0,2,0,0
14861,0.2,2,1,0
14862,0.2,2,1,1
14863,1.0,1,0,1
14864,0.2,2,1,1
14865,1.0,2,1,1
14866,1.0,2,1,1
14867,0.2,2,1,0
14868,2.2,2,0,1
14869,0.2,2,1,0
14870,0.2,3,1,0
14871,0.2,1,1,1
14872,0.2,1,1,0
14873,0.2,0,0,0
14874,2.2,3,0,1
14875,0.2,1,1,1
14876,0.2,2,0,1
14877,0.2,0,0,1
14878,0.2,2,1,1
14879,0.2,3,1,0
14880,1.0,2,0,0
14881,0.2,3,1,0
14882,0.2,1,1,1
14883,1.0,3,1,1
14884,0.2,1,0,0
14885,0.2,1,0,0
14886,0.2,1,0,0
14887,0.2,3,1,1
14888,0.2,1,0,0
14889,0.2,2,0,0
14890,1.0,0,0,1
14891,0.2,2,0,0
14892,0.2,1,0,1
14893,1.0,2,0,1
14894,0.2,1,0,1
14895,0.2,3,0,0
14896,2.2,2,1,1
14897,1.0,1,0,0
14898,0.2,3,1,1
14899,0.2,1,1,1
14900,0.2,3,0,0
14901,0.2,1,0,0
14902,0.2,0,1,1
14903,0.2,1,1,0
14904,0.2,1,0,0
14905,0.2,1,0,0
14906,1.0,2,1,1
14907,0.2,3,0,0
14908,0.2,2,0,0
14909,0.2,0,1,1
14910,0.2,1,0,0
14911,1.0,1,1,1
14912,0.2,2,0,0
14913,0.2,1,1,0
14914,0.2,0,0,0
14915,0.2,0,0,0
14916,0.2,2,1,1
14917,1.0,2,0,1
14918,1.0,2,0,0
14919,0.2,1,1,1
14920,0.2,2,0,0
14921,0.2,2,0,0
14922,1.0,0,1,1
14923,0.2,1,1,1
14924,0.2,0,1,1
14925,1.0,2,0,0
14926,0.2,2,0,0
14927,0.2,0,1,1
14928,0.2,1,1,0
14929,0.2,2,0,0
14930,1.0,1,1,1
14931,0.2,2,0,0
14932,1.0,1,1,1
14933,0.2,1,1,1
14934,1.0,2,1,1
14935,0.2,2,1,0
14936,1.0,2,0,0
14937,0.2,1,1,1
14938,0.2,3,0,0
14939,0.2,2,0,0
14940,1.0,1,1,1
14941,0.2,1,1,1
14942,0.2,3,1,1
14943,0.2,3,1,0
14944,0.2,1,0,0
14945,2.2,2,1,1
14946,0.2,1,1,1
14947,0.2,2,0,0
14948,0.2,3,0,0
14949,0.2,1,1,1
14950,0.2,2,0,0
14951,0.2,0,1,1
14952,1.0,0,0,1
14953,0.2,1,1,1
14954,0.2,2,1,0
14955,0.2,3,0,0
14956,0.2,2,1,1
14957,0.2,1,1,1
14958,0.2,1,1,0
14959,0.2,1,0,0
14960,0.2,2,0,0
14961,0.2,2,0,0
14962,1.0,2,0,0
14963,0.2,3,1,1
14964,0.2,1,1,0
14965,2.2,1,0,1
14966,0.2,1,0,0
14967,1.0,3,0,1
14968,0.2,2,0,0
14969,0.2,1,0,0
14970,2.2,2,0,1
14971,0.2,1,0,0
14972,1.0,3,0,0
14973,0.2,1,1,1
14974,1.0,3,1,1
14975,1.0,1,1,1
14976,1.0,2,1,1
14977,0.2,1,1,1
14978,0.2,3,0,0
14979,0.2,2,1,1
14980,0.2,0,1,1
14981,0.2,2,1,1
14982,0.2,3,1,0
14983,0.2,2,0,0
14984,1.0,1,1,1
14985,1.0,1,0,0
14986,0.2,1,0,0
14987,0.2,0,0,0
14988,0.2,0,0,1
14989,1.8,2,1,1
14990,0.2,1,0,0
14991,0.2,2,1,1
14992,0.2,0,0,0
14993,0.2,2,1,1
14994,0.2,1,1,1
14995,0.2,1,0,1
14996,0.2,1,0,0
14997,0.2,3,0,1
14998,0.2,1,1,1
14999,1.0,2,0,0
15000,0.2,3,1,1
15001,0.2,2,0,0
15002,0.2,2,1,0
15003,0.2,3,0,0
15004,1.0,3,0,0
15005,1.0,1,0,1
15006,0.2,3,1,1
15007,1.0,2,0,0
15008,0.2,2,0,0
15009,1.0,0,0,1
15010,0.2,1,1,1
15011,0.2,0,1,1
15012,0.2,2,0,0
15013,1.0,1,0,0
15014,0.2,1,1,1
15015,0.2,1,0,0
15016,0.2,2,1,1
15017,0.2,1,0,0
15018,0.2,1,1,1
15019,0.2,1,0,0
15020,0.2,3,0,0
15021,0.2,3,1,1
15022,0.2,3,1,1
15023,0.2,0,1,1
15024,0.2,0,1,1
15025,0.2,1,0,0
15026,0.2,1,0,0
15027,0.2,2,1,1
15028,0.2,1,0,0
15029,0.2,2,1,1
15030,0.2,3,0,0
15031,0.2,1,0,0
15032,0.2,3,1,1
15033,1.0,3,0,0
15034,1.0,1,1,1
15035,0.2,1,0,0
15036,0.2,1,1,0
15037,0.2,2,1,1
15038,0.2,3,1,0
15039,0.2,0,1,1
15040,1.0,0,0,1
15041,0.2,1,0,0
15042,0.2,1,1,1
15043,0.2,2,0,0
15044,0.2,1,1,1
15045,1.0,0,1,1
15046,0.2,3,1,0
15047,0.2,3,1,1
15048,0.2,2,1,0
15049,0.2,2,0,1
15050,0.2,2,0,0
15051,0.2,0,0,1
15052,1.0,2,0,0
15053,0.2,2,0,1
15054,0.2,1,1,0
15055,0.2,3,1,1
15056,1.0,2,0,0
15057,0.2,1,1,1
15058,0.2,1,1,1
15059,0.2,2,0,0
15060,0.2,1,1,1
15061,0.2,0,1,1
15062,0.2,1,1,1
15063,0.2,1,1,1
15064,0.2,2,1,0
15065,2.2,3,1,1
15066,0.2,3,1,1
15067,0.2,1,0,0
15068,0.2,2,1,1
15069,0.2,0,1,1
15070,0.2,2,1,1
15071,1.0,2,1,0
15072,0.2,2,1,1
15073,0.2,2,1,0
15074,0.2,1,1,0
15075,0.2,1,0,1
15076,0.2,1,1,1
15077,0.2,0,1,1
15078,0.2,0,0,1
15079,0.2,3,0,0
15080,0.2,1,0,0
15081,0.2,1,0,0
15082,0.2,1,0,0
15083,0.2,2,1,1
15084,0.2,0,1,1
15085,0.2,1,0,0
15086,0.2,0,0,0
15087,0.2,2,1,0
15088,1.0,1,1,1
15089,1.0,3,1,1
15090,0.2,1,1,0
15091,0.2,1,0,0
15092,0.2,1,1,1
15093,0.2,0,1,0
15094,0.2,3,1,1
15095,0.2,2,0,0
15096,1.0,1,0,0
15097,0.2,1,0,0
15098,1.0,2,0,1
15099,0.2,2,1,0
15100,1.0,1,0,1
15101,0.2,1,0,0
15102,0.2,1,0,1
15103,1.0,1,0,0
15104,0.2,3,0,0
15105,0.2,2,1,0
15106,1.0,2,0,0
15107,0.2,2,1,1
15108,0.2,3,0,0
15109,0.2,1,1,1
15110,0.2,0,1,1
15111,0.2,1,1,0
15112,0.2,0,0,0
15113,0.2,1,0,0
15114,0.2,2,0,0
15115,0.2,2,1,1
15116,0.2,0,0,0
15117,3.0,0,0,1
15118,0.2,2,1,1
15119,1.0,0,0,1
15120,0.2,2,0,1
15121,0.2,3,1,1
15122,0.2,2,0,1
15123,0.2,3,0,0
15124,0.2,0,0,1
15125,0.2,2,0,0
15126,0.2,0,0,0
15127,0.2,1,1,1
15128,0.2,1,0,1
15129,0.2,2,0,0
15130,0.2,1,1,1
15131,0.2,1,0,1
15132,0.2,3,0,0
15133,1.0,1,0,1
15134,0.2,2,1,1
15135,0.2,1,0,0
15136,0.2,2,0,0
15137,1.0,1,0,0
15138,0.2,1,1,1
15139,0.2,1,0,0
15140,0.2,1,0,1
15141,0.2,2,1,1
15142,0.2,2,1,1
15143,0.2,1,0,0
15144,0.2,1,1,1
15145,0.2,1,0,0
15146,1.0,2,0,0
15147,0.2,1,0,0
15148,0.2,0,0,0
15149,0.2,1,0,0
15150,0.2,0,0,0
15151,0.2,0,1,1
15152,1.0,1,0,0
15153,0.2,1,0,0
15154,2.2,1,0,1
15155,0.2,1,0,0
15156,0.2,1,0,0
15157,0.2,0,0,0
15158,0.2,3,1,0
15159,0.2,2,1,0
15160,0.2,1,0,0
15161,0.2,1,1,1
15162,0.2,1,1,1
15163,0.2,0,0,1
15164,0.2,2,1,0
15165,0.2,1,1,1
15166,0.2,2,1,1
15167,0.2,1,0,0
15168,1.0,2,0,1
15169,0.2,1,0,0
15170,0.2,3,1,0
15171,1.0,0,0,1
15172,0.2,2,0,0
15173,0.2,1,0,0
15174,0.2,1,0,0
15175,0.2,1,1,1
15176,0.2,0,1,1
15177,0.2,1,0,0
15178,0.2,1,1,1
15179,0.2,1,1,1
15180,0.2,2,1,1
15181,0.2,2,1,1
15182,1.0,3,0,1
15183,0.2,2,0,0
15184,0.2,2,1,0
15185,0.2,2,1,1
15186,0.2,1,1,1
15187,0.2,2,0,0
15188,0.2,1,0,0
15189,1.0,1,0,1
15190,1.0,2,1,1
15191,0.2,1,1,1
15192,1.0,1,1,1
15193,1.0,1,0,1
15194,0.2,2,0,0
15195,0.2,0,1,1
15196,0.2,1,0,0
15197,1.0,2,0,0
15198,0.2,3,1,1
15199,1.0,0,0,1
15200,0.2,2,1,1
15201,1.0,2,1,1
15202,1.0,2,1,1
15203,0.2,1,0,1
15204,0.2,2,0,0
15205,2.2,2,1,1
15206,0.2,0,1,1
15207,0.2,1,1,1
15208,0.2,1,1,0
15209,0.2,1,1,1
15210,0.2,2,0,0
15211,0.2,2,1,1
15212,0.2,2,1,1
15213,1.0,2,0,0
15214,1.0,1,0,1
15215,0.2,2,0,0
15216,0.2,1,0,0
15217,1.0,2,0,1
15218,0.2,0,0,0
15219,0.2,3,1,1
15220,0.2,1,1,1
15221,1.0,2,1,1
15222,0.2,2,0,0
15223,0.2,1,0,0
15224,0.2,2,1,1
15225,0.2,2,0,1
15226,0.2,1,1,0
15227,1.0,1,1,1
15228,0.2,2,1,1
15229,1.0,0,0,1
15230,0.2,2,1,1
15231,0.2,1,1,1
15232,0.2,1,1,0
15233,0.2,2,1,1
15234,0.2,1,1,0
15235,0.2,2,0,0
15236,0.2,2,0,0
15237,0.2,2,1,0
15238,0.2,2,1,1
15239,0.2,1,1,1
15240,1.0,2,0,1
15241,0.2,2,1,1
15242,0.2,1,0,0
15243,0.2,1,1,1
15244,0.2,1,0,0
15245,0.2,1,0,0
15246,0.2,1,0,0
15247,0.2,1,1,0
15248,0.2,1,0,0
15249,0.2,1,1,1
15250,0.2,1,0,0
15251,0.2,1,1,0
15252,0.2,0,0,0
15253,0.2,2,1,1
15254,0.2,3,0,0
15255,3.0,0,1,1
15256,0.2,1,1,1
15257,0.2,1,1,1
15258,0.2,0,0,1
15259,0.2,3,1,0
15260,1.0,2,1,1
15261,0.2,0,0,1
15262,0.2,0,0,0
15263,0.2,1,0,0
15264,1.0,2,1,1
15265,0.2,2,1,1
15266,0.2,1,1,1
15267,0.2,2,1,0
15268,0.2,2,0,0
15269,0.2,2,0,1
15270,1.0,0,0,0
15271,1.0,1,0,0
15272,0.2,0,1,1
15273,0.2,3,1,1
15274,0.2,1,0,1
15275,0.2,2,0,0
15276,0.2,1,0,0
15277,0.2,1,1,1
15278,0.2,1,1,1
15279,0.2,2,1,1
15280,0.2,3,1,0
15281,0.2,2,0,1
15282,0.2,2,1,1
15283,1.0,1,1,1
15284,0.2,0,0,0
15285,0.2,1,0,1
15286,0.2,0,1,1
15287,0.2,0,1,1
15288,2.2,2,1,1
15289,0.2,2,0,0
15290,0.2,2,1,0
15291,0.2,0,1,1
15292,0.2,1,0,0
15293,0.2,2,1,1
15294,0.2,1,0,0
15295,0.2,0,0,0
15296,0.2,2,0,0
15297,0.2,2,0,0
15298,0.2,2,1,1
15299,0.2,1,0,0
15300,0.2,2,1,1
15301,0.2,1,1,1
15302,0.2,0,0,0
15303,1.0,2,1,1
15304,0.2,1,0,0
15305,0.2,2,0,0
15306,0.2,2,0,0
15307,0.2,2,0,0
15308,0.2,2,0,0
15309,1.0,3,0,0
15310,0.2,2,1,0
15311,1.0,1,1,1
15312,0.2,0,0,0
15313,2.2,2,1,1
15314,0.2,1,0,0
15315,1.0,0,1,1
15316,0.2,0,1,1
15317,1.0,2,0,1
15318,1.0,2,0,0
15319,0.2,2,0,0
15320,1.0,2,1,1
15321,1.0,1,1,1
15322,0.2,3,0,0
15323,0.2,1,1,0
15324,1.0,0,0,1
15325,0.2,1,1,0
15326,1.0,1,1,1
15327,0.2,2,0,0
15328,0.2,1,1,0
15329,0.2,0,1,1
15330,0.2,2,1,1
15331,0.2,1,1,1
15332,0.2,1,1,0
15333,0.2,3,0,0
15334,0.2,1,0,0
15335,0.2,2,0,0
15336,1.0,2,1,1
15337,0.2,2,0,0
15338,0.2,2,1,1
15339,0.2,2,1,0
15340,0.2,3,1,1
15341,0.2,1,0,0
15342,0.2,2,1,1
15343,0.2,1,1,1
15344,0.2,3,0,0
15345,0.2,3,0,0
15346,0.2,2,0,0
15347,1.0,0,0,1
15348,0.2,2,0,0
15349,1.0,1,1,1
15350,0.2,0,0,0
15351,0.2,2,0,0
15352,0.2,1,0,0
15353,0.2,1,0,0
15354,0.2,0,0,0
15355,0.2,2,1,0
15356,0.2,1,0,0
15357,0.2,1,1,1
15358,1.0,2,0,1
15359,0.2,2,0,0
15360,0.2,2,1,1
15361,0.2,1,1,1
15362,0.2,1,1,1
15363,1.0,1,0,0
15364,1.0,2,0,0
15365,0.2,3,0,0
15366,1.0,0,0,1
15367,0.2,3,1,1
15368,0.2,1,0,0
15369,0.2,2,0,0
15370,0.2,0,0,0
15371,0.2,2,0,0
15372,0.2,2,1,1
15373,0.2,1,1,1
15374,0.2,1,0,0
15375,0.2,1,1,1
15376,0.2,0,1,1
15377,0.2,3,0,0
15378,0.2,1,0,0
15379,0.2,0,1,0
15380,0.2,1,1,0
15381,0.2,2,1,1
15382,0.2,3,1,1
15383,0.2,2,1,1
15384,1.0,2,1,1
15385,1.0,0,1,1
15386,0.2,2,0,0
15387,0.2,2,0,0
15388,0.2,2,1,1
15389,0.2,1,0,0
15390,0.2,1,0,0
15391,0.2,2,0,0
15392,0.2,0,0,1
15393,0.2,2,1,1
15394,1.0,2,1,1
15395,1.0,2,0,1
15396,0.2,0,1,1
15397,0.2,1,0,0
15398,0.2,1,0,0
15399,0.2,0,1,1
15400,1.0,2,1,0
15401,0.2,1,0,0
15402,1.0,1,0,0
15403,0.2,1,1,1
15404,0.2,1,0,0
15405,1.0,1,1,1
15406,0.2,3,0,0
15407,1.0,2,0,1
15408,0.2,0,1,1
15409,0.2,2,1,0
15410,0.2,1,1,1
15411,1.0,1,0,1
15412,0.2,3,0,0
15413,0.2,1,1,0
15414,0.2,2,1,0
15415,0.2,1,0,1
15416,0.2,1,1,1
15417,0.2,1,0,1
15418,0.2,1,1,1
15419,0.2,1,0,0
15420,0.2,2,0,0
15421,0.2,2,1,1
15422,1.0,2,0,1
15423,0.2,1,1,1
15424,0.2,1,0,0
15425,0.2,1,0,0
15426,1.0,1,0,1
15427,1.0,3,1,0
15428,1.0,2,1,1
15429,0.2,1,1,1
15430,1.0,2,0,1
15431,2.2,1,0,1
15432,0.2,2,1,1
15433,0.2,1,1,0
15434,0.2,1,1,1
15435,0.2,2,0,1
15436,1.0,1,1,1
15437,0.2,1,1,1
15438,0.2,0,0,0
15439,0.2,1,0,0
15440,1.0,1,1,1
15441,0.2,2,1,1
15442,0.2,2,0,0
15443,1.0,0,0,1
15444,1.0,2,1,1
15445,0.2,0,1,1
15446,0.2,0,1,0
15447,2.2,0,0,1
15448,0.2,2,1,1
15449,0.2,0,0,0
15450,1.0,2,1,1
15451,0.2,2,1,0
15452,0.2,1,1,0
15453,1.0,1,0,0
15454,0.2,1,1,0
15455,0.2,1,0,0
15456,0.2,2,0,0
15457,0.2,1,1,1
15458,0.2,1,1,1
15459,0.2,2,0,0
15460,0.2,1,0,0
15461,0.2,3,0,0
15462,0.2,1,0,0
15463,0.2,1,1,0
15464,0.2,1,1,1
15465,0.2,3,0,0
15466,0.2,2,0,0
15467,0.2,1,0,0
15468,0.2,1,1,1
15469,0.2,2,1,0
15470,1.0,3,0,0
15471,0.2,2,1,1
15472,0.2,2,1,1
15473,0.2,1,0,1
15474,0.2,1,0,0
15475,0.2,2,1,1
15476,0.2,1,1,1
15477,0.2,2,0,0
15478,0.2,3,0,0
15479,1.0,2,0,0
15480,0.2,3,0,0
15481,0.2,1,0,0
15482,0.2,1,0,0
15483,0.2,1,1,1
15484,0.2,3,1,1
15485,0.2,1,1,1
15486,0.2,1,0,0
15487,0.2,2,0,0
15488,0.2,1,1,1
15489,0.2,2,0,0
15490,0.2,1,1,1
15491,0.2,1,0,0
15492,0.2,2,0,0
15493,1.0,1,0,0
15494,0.2,0,0,0
15495,1.0,1,1,1
15496,0.2,2,0,1
15497,0.2,1,0,0
15498,0.2,1,0,0
15499,0.2,1,0,0
15500,0.2,1,0,0
15501,0.2,1,0,0
15502,0.2,2,0,0
15503,0.2,1,1,1
15504,0.2,2,1,1
15505,0.2,2,1,1
15506,0.2,0,1,1
15507,2.2,1,1,1
15508,0.2,1,0,1
15509,0.2,1,1,0
15510,0.2,0,0,0
15511,0.2,1,1,1
15512,0.2,2,1,1
15513,0.2,1,1,1
15514,0.2,2,0,0
15515,0.2,1,1,0
15516,1.0,1,1,1
15517,1.0,2,1,1
15518,1.0,1,0,1
15519,0.2,1,1,0
15520,0.2,2,1,0
15521,0.2,2,1,1
15522,0.2,2,0,0
15523,1.0,1,0,0
15524,0.2,2,0,0
15525,0.2,0,0,0
15526,0.2,1,0,0
15527,0.2,2,1,1
15528,0.2,1,0,0
15529,0.2,2,0,0
15530,0.2,2,1,1
15531,1.0,1,1,1
15532,0.2,2,0,0
15533,1.0,2,0,1
15534,0.2,1,1,1
15535,1.0,2,1,1
15536,0.2,1,1,1
15537,0.2,2,0,0
15538,0.2,1,1,1
15539,1.0,2,0,0
15540,0.2,1,0,0
15541,0.2,2,1,0
15542,0.2,3,1,1
15543,0.2,0,0,0
15544,0.2,2,1,1
15545,1.0,2,1,1
15546,0.2,1,0,0
15547,0.2,2,1,1
15548,0.2,3,1,0
15549,1.0,0,1,1
15550,0.2,3,0,0
15551,0.2,1,0,1
15552,0.2,2,0,0
15553,0.2,2,0,0
15554,0.2,1,0,0
15555,0.2,2,0,0
15556,0.2,2,0,0
15557,0.2,0,1,0
15558,0.2,0,1,1
15559,0.2,2,0,0
15560,1.0,3,0,1
15561,0.2,1,0,0
15562,0.2,1,0,0
15563,0.2,3,0,0
15564,0.2,1,1,0
15565,1.0,1,1,1
15566,0.2,2,1,1
15567,0.2,2,1,1
15568,0.2,1,0,0
15569,0.2,2,1,0
15570,0.2,1,1,1
15571,0.2,1,1,1
15572,0.2,0,0,1
15573,1.0,1,1,1
15574,0.2,1,1,1
15575,0.2,2,1,1
15576,1.0,0,1,1
15577,1.0,1,0,1
15578,0.2,2,0,0
15579,1.0,2,0,0
15580,0.2,2,1,1
15581,0.2,2,0,0
15582,0.2,3,0,0
15583,2.2,1,1,1
15584,0.2,2,0,0
15585,0.2,1,0,0
15586,0.2,3,0,0
15587,1.0,1,0,0
15588,0.2,1,1,0
15589,0.2,1,1,1
15590,0.2,2,0,0
15591,0.2,0,0,0
15592,0.2,3,0,0
15593,0.2,3,1,0
15594,0.2,1,1,0
15595,0.2,2,0,1
15596,1.0,1,1,1
15597,0.2,2,1,0
15598,0.2,1,0,0
15599,0.2,2,0,0
15600,0.2,2,1,1
15601,0.2,3,0,0
15602,0.2,2,0,0
15603,0.2,1,0,0
15604,0.2,2,1,0
15605,1.0,1,0,1
15606,0.2,2,1,1
15607,0.2,3,0,0
15608,0.2,1,0,1
15609,0.2,3,0,0
15610,0.2,3,0,0
15611,0.2,2,1,1
15612,1.0,1,1,1
15613,1.0,3,0,1
15614,1.0,2,0,1
15615,0.2,2,1,0
15616,0.2,1,1,1
15617,0.2,1,1,0
15618,0.2,1,0,0
15619,0.2,1,1,1
15620,1.0,3,1,1
15621,0.2,3,1,1
15622,1.0,0,1,1
15623,0.2,0,1,1
15624,0.2,1,1,1
15625,0.2,3,0,0
15626,0.2,1,1,1
15627,1.0,0,1,1
15628,0.2,1,0,0
15629,0.2,2,0,0
15630,0.2,2,0,0
15631,0.2,2,1,0
15632,0.2,0,1,1
15633,1.0,1,1,1
15634,0.2,1,1,1
15635,0.2,2,0,0
15636,0.2,0,0,0
15637,1.0,2,1,0
15638,0.2,1,1,1
15639,0.2,3,0,0
15640,0.2,2,0,0
15641,1.0,2,0,1
15642,1.0,2,0,0
15643,0.2,1,1,1
15644,0.2,0,0,0
15645,0.2,1,0,0
15646,0.2,3,1,0
15647,0.2,2,0,0
15648,0.2,2,0,0
15649,1.0,3,1,1
15650,0.2,2,0,0
15651,0.2,2,0,0
15652,0.2,1,0,1
15653,0.2,1,0,1
15654,1.0,3,0,0
15655,1.0,1,0,0
15656,1.0,2,1,1
15657,0.2,3,0,0
15658,1.0,1,0,0
15659,0.2,2,1,0
15660,0.2,2,0,0
15661,0.2,1,0,1
15662,0.2,2,0,0
15663,0.2,3,1,1
15664,0.2,1,1,1
15665,0.2,3,1,1
15666,0.2,1,1,1
15667,1.0,2,1,1
15668,1.0,2,1,1
15669,0.2,1,0,0
15670,0.2,1,0,0
15671,0.2,3,1,0
15672,0.2,1,1,1
15673,0.2,1,1,1
15674,0.2,1,0,0
15675,0.2,0,0,0
15676,1.0,0,1,1
15677,0.2,2,0,0
15678,1.0,1,0,0
15679,0.2,0,0,0
15680,0.2,1,0,0
15681,0.2,2,1,1
15682,0.2,2,0,0
15683,1.0,1,0,1
15684,0.2,2,0,0
15685,0.2,1,0,0
15686,1.0,2,0,0
15687,0.2,1,0,0
15688,0.2,1,0,0
15689,2.2,1,1,1
15690,0.2,1,1,1
15691,0.2,0,1,0
15692,0.2,1,0,0
15693,0.2,1,0,0
15694,0.2,1,0,0
15695,0.2,3,0,1
15696,0.2,2,0,0
15697,0.2,3,0,0
15698,1.0,2,0,1
15699,0.2,1,0,0
15700,0.2,1,1,1
15701,0.2,0,0,1
15702,0.2,2,1,0
15703,0.2,2,1,0
15704,0.2,2,1,1
15705,0.2,1,0,0
15706,0.2,2,0,0
15707,1.0,3,0,0
15708,0.2,1,1,0
15709,1.0,3,0,0
15710,1.0,3,0,1
15711,0.2,2,0,0
15712,0.2,1,1,1
15713,0.2,1,0,0
15714,1.0,1,0,0
15715,0.2,1,1,1
15716,0.2,0,1,1
15717,0.2,3,0,0
15718,0.2,1,0,0
15719,0.2,2,1,1
15720,0.2,2,0,0
15721,0.2,2,1,1
15722,0.2,2,1,0
15723,0.2,2,1,0
15724,0.2,3,0,0
15725,0.2,1,1,0
15726,0.2,3,0,1
15727,0.2,1,1,1
15728,0.2,1,0,0
15729,1.0,2,0,1
15730,1.0,1,0,1
15731,0.2,2,1,1
15732,0.2,2,0,1
15733,0.2,1,1,0
15734,0.2,1,1,1
15735,0.2,2,1,1
15736,1.0,2,0,0
15737,0.2,2,1,0
15738,0.2,2,0,1
15739,0.2,2,0,0
15740,0.2,2,0,0
15741,0.2,3,0,0
15742,0.2,3,1,1
15743,0.2,1,0,0
15744,0.2,1,0,0
15745,0.2,2,0,0
15746,0.2,0,1,1
15747,0.2,3,1,0
15748,1.0,3,1,1
15749,0.2,2,1,1
15750,0.2,1,0,0
15751,1.0,0,1,1
15752,0.2,2,0,0
15753,0.2,2,0,0
15754,0.2,1,0,0
15755,0.2,1,1,1
15756,0.2,1,1,1
15757,0.2,2,0,0
15758,0.2,3,1,1
15759,0.2,2,0,0
15760,0.2,1,1,1
15761,0.2,0,0,0
15762,0.2,1,0,0
15763,0.2,1,0,0
15764,0.2,1,0,0
15765,0.2,2,0,0
15766,0.2,1,1,1
15767,1.0,3,0,0
15768,0.2,1,0,0
15769,0.2,1,1,1
15770,0.2,1,1,1
15771,0.2,1,1,1
15772,0.2,1,0,0
15773,0.2,2,0,0
15774,0.2,2,1,1
15775,0.2,1,1,1
15776,0.2,3,0,1
15777,0.2,0,0,0
15778,0.2,3,1,0
15779,0.2,1,0,0
15780,1.0,2,0,0
15781,0.2,2,0,0
15782,0.2,3,0,0
15783,1.0,3,0,0
15784,0.2,2,0,0
15785,1.0,0,0,1
15786,1.0,3,1,1
15787,0.2,2,1,1
15788,1.0,3,0,1
15789,0.2,2,1,1
15790,0.2,1,0,0
15791,0.2,3,0,0
15792,0.2,1,1,1
15793,0.2,1,1,0
15794,1.0,3,0,1
15795,0.2,0,1,1
15796,0.2,1,0,0
15797,0.2,2,1,1
15798,0.2,1,0,0
15799,0.2,1,0,1
15800,0.2,1,0,0
15801,0.2,1,0,0
15802,1.0,2,1,1
15803,0.2,3,1,0
15804,0.2,3,1,1
15805,1.0,2,1,1
15806,0.2,1,1,1
15807,0.2,2,1,0
15808,0.2,1,1,1
15809,2.2,1,0,1
15810,0.2,1,1,1
15811,0.2,2,0,1
15812,0.2,2,1,1
15813,1.0,0,1,1
15814,0.2,1,1,0
15815,1.0,2,1,1
15816,0.2,1,1,1
15817,0.2,3,1,1
15818,0.2,2,1,0
15819,1.0,0,0,0
15820,1.0,3,0,0
15821,0.2,3,0,0
15822,1.0,2,1,1
15823,0.2,0,0,0
15824,0.2,1,0,0
15825,0.2,1,1,1
15826,0.2,2,0,0
15827,0.2,1,0,0
15828,0.2,2,0,1
15829,1.0,2,1,1
15830,0.2,0,1,1
15831,0.2,1,0,0
15832,0.2,1,1,1
15833,0.2,2,1,0
15834,1.0,1,0,1
15835,0.2,0,0,0
15836,1.0,1,0,1
15837,1.0,3,0,1
15838,1.0,3,1,0
15839,0.2,2,0,0
15840,0.2,1,0,0
15841,1.0,1,1,1
15842,0.2,1,0,0
15843,1.4,1,0,0
15844,0.2,2,0,0
15845,1.0,1,0,1
15846,0.2,2,1,0
15847,0.2,1,1,1
15848,0.2,1,1,0
15849,0.2,2,0,0
15850,1.0,3,0,1
15851,0.2,0,1,1
15852,0.2,2,1,0
15853,1.0,1,0,0
15854,1.0,1,0,0
15855,0.2,2,1,1
15856,1.0,2,0,1
15857,0.2,3,0,0
15858,0.2,3,1,0
15859,0.2,1,0,1
15860,0.2,2,0,0
15861,0.2,0,1,0
15862,0.2,1,1,1
15863,0.2,3,1,1
15864,0.2,2,0,0
15865,1.0,2,1,1
15866,0.2,2,0,0
15867,0.2,2,0,0
15868,1.0,3,0,1
15869,0.2,1,1,1
15870,1.0,1,1,0
15871,0.2,2,0,0
15872,0.2,0,0,0
15873,0.2,1,0,0
15874,0.2,1,1,1
15875,1.0,2,1,1
15876,0.2,2,0,0
15877,0.2,1,0,0
15878,1.0,1,0,0
15879,1.0,2,1,1
15880,0.2,2,0,0
15881,0.2,3,1,1
15882,0.2,3,0,0
15883,2.2,1,1,1
15884,1.0,1,0,0
15885,0.2,2,1,0
15886,0.2,1,1,1
15887,1.0,0,0,1
15888,0.2,3,0,0
15889,0.2,1,0,0
15890,0.2,1,1,1
15891,1.0,2,0,1
15892,0.2,1,0,0
15893,0.2,1,0,0
15894,0.2,1,0,0
15895,0.2,0,0,1
15896,0.2,2,0,0
15897,1.0,1,1,1
15898,0.2,2,1,1
15899,1.0,2,1,1
15900,0.2,2,0,0
15901,0.2,2,0,0
15902,0.2,0,1,1
15903,0.2,1,1,1
15904,2.2,3,1,1
15905,0.2,2,1,0
15906,0.2,2,1,0
15907,0.2,3,0,0
15908,0.2,2,1,0
15909,0.2,2,0,0
15910,0.2,2,0,1
15911,0.2,2,1,1
15912,0.2,1,1,1
15913,1.0,1,0,0
15914,1.0,1,1,0
15915,0.2,0,1,1
15916,0.2,1,1,1
15917,0.2,1,0,0
15918,1.0,2,1,1
15919,1.0,1,0,0
15920,1.0,1,1,1
15921,0.2,1,1,1
15922,0.2,2,1,1
15923,0.2,2,1,1
15924,1.0,3,0,1
15925,0.2,1,0,0
15926,0.2,1,0,0
15927,1.0,2,1,1
15928,0.2,2,0,0
15929,0.2,1,0,0
15930,0.2,1,1,1
15931,1.0,3,1,0
15932,1.0,1,0,0
15933,1.0,1,0,0
15934,0.2,1,0,0
15935,0.2,1,0,0
15936,0.2,3,0,0
15937,0.2,2,1,1
15938,0.2,1,1,1
15939,0.2,1,0,0
15940,0.2,2,1,1
15941,0.2,0,1,1
15942,0.2,2,1,1
15943,0.2,2,1,0
15944,0.2,1,1,1
15945,0.2,1,1,1
15946,0.2,1,1,1
15947,0.2,2,0,0
15948,0.2,2,0,0
15949,0.2,2,1,1
15950,1.0,1,1,1
15951,2.2,3,1,1
15952,0.2,2,1,1
15953,0.2,2,1,0
15954,0.2,3,0,0
15955,0.2,1,1,1
15956,0.2,0,1,1
15957,1.0,1,0,0
15958,0.2,2,1,1
15959,0.2,0,1,1
15960,0.2,2,1,1
15961,0.2,2,1,0
15962,0.2,2,1,1
15963,0.2,3,1,1
15964,0.2,1,0,0
15965,1.0,2,1,1
15966,0.2,3,1,0
15967,0.2,1,1,1
15968,0.2,2,0,0
15969,0.2,0,1,1
15970,1.0,3,0,0
15971,0.2,2,1,1
15972,1.0,2,0,0
15973,0.2,3,1,0
15974,0.2,1,1,1
15975,0.2,2,1,1
15976,0.2,0,1,0
15977,0.2,3,0,0
15978,1.0,2,0,0
15979,0.2,0,1,1
15980,1.0,2,1,1
15981,0.2,2,1,1
15982,1.0,1,0,1
15983,1.0,2,0,1
15984,0.2,0,1,1
15985,0.2,1,0,0
15986,0.2,2,0,0
15987,0.2,0,1,1
15988,0.2,0,0,0
15989,1.0,1,0,0
15990,1.0,2,0,0
15991,0.2,0,1,1
15992,0.2,2,0,0
15993,0.2,2,1,1
15994,0.2,2,1,1
15995,0.2,1,0,0
15996,0.2,2,1,1
15997,0.2,0,0,1
15998,0.2,2,0,0
15999,0.2,1,1,0
16000,0.2,1,0,1
16001,0.2,2,0,0
16002,0.2,1,0,0
16003,0.2,2,0,0
16004,0.2,1,0,0
16005,0.2,3,0,0
16006,1.0,1,1,1
16007,0.2,2,1,1
16008,1.0,1,1,1
16009,0.2,1,1,1
16010,0.2,3,1,1
16011,0.2,2,1,1
16012,0.2,2,1,1
16013,0.2,3,1,0
16014,0.2,1,1,1
16015,1.0,1,1,1
16016,0.2,2,0,1
16017,1.0,3,1,1
16018,0.2,1,1,1
16019,0.2,1,0,1
16020,0.2,2,0,0
16021,0.2,1,0,0
16022,0.2,3,1,0
16023,1.0,0,1,1
16024,0.2,1,1,0
16025,0.2,1,1,1
16026,0.2,3,0,0
16027,0.2,0,0,1
16028,0.2,0,0,0
16029,1.0,1,1,1
16030,0.2,3,1,0
16031,1.0,1,0,1
16032,0.2,2,0,0
16033,0.2,2,0,0
16034,0.2,0,1,1
16035,0.2,1,0,0
16036,0.2,2,0,0
16037,0.2,2,1,1
16038,0.2,0,0,0
16039,0.2,2,1,1
16040,0.2,1,0,0
16041,0.2,3,0,0
16042,0.2,1,0,0
16043,0.2,2,0,0
16044,2.2,1,0,1
16045,0.2,2,0,0
16046,0.2,2,1,1
16047,1.0,3,0,1
16048,0.2,3,1,0
16049,0.2,1,0,1
16050,0.2,2,0,0
16051,0.2,1,0,0
16052,1.0,1,0,1
16053,0.2,3,0,0
16054,0.2,1,0,0
16055,0.2,1,1,0
16056,1.0,2,1,1
16057,0.2,2,0,0
16058,0.2,3,1,0
16059,0.2,0,0,0
16060,0.2,1,1,1
16061,0.2,2,0,0
16062,0.2,0,0,1
16063,0.2,2,0,0
16064,0.2,2,1,0
16065,0.2,2,0,0
16066,0.2,1,0,0
16067,0.2,0,1,1
16068,0.2,1,1,1
16069,0.2,0,0,1
16070,0.2,1,0,0
16071,0.2,2,0,0
16072,1.0,2,0,0
16073,0.2,1,0,0
16074,1.0,2,1,1
16075,0.2,0,1,1
16076,1.0,2,1,1
16077,0.2,0,1,1
16078,0.2,2,0,0
16079,0.2,1,0,0
16080,0.2,1,0,1
16081,0.2,1,1,0
16082,0.2,2,0,0
16083,3.0,3,1,1
16084,1.0,2,0,1
16085,0.2,2,0,0
16086,1.0,1,0,1
16087,0.2,1,0,0
16088,0.2,2,1,1
16089,0.2,2,1,1
16090,1.0,0,0,1
16091,1.0,0,1,1
16092,0.2,2,0,0
16093,0.2,3,0,0
16094,0.2,1,0,0
16095,0.2,2,1,1
16096,1.0,2,1,1
16097,1.0,1,0,0
16098,1.0,3,0,1
16099,0.2,1,0,0
16100,0.2,1,0,0
16101,0.2,1,0,0
16102,2.2,1,1,1
16103,1.0,1,1,1
16104,0.2,1,0,0
16105,0.2,2,1,0
16106,0.2,1,0,0
16107,0.2,0,0,0
16108,0.2,1,1,1
16109,1.0,2,0,0
16110,0.2,1,1,1
16111,0.2,2,0,0
16112,1.0,2,0,0
16113,0.2,1,0,0
16114,1.0,0,0,1
16115,0.2,1,0,0
16116,0.2,0,1,1
16117,0.2,1,0,0
16118,1.0,1,0,1
16119,0.2,3,1,0
16120,1.0,2,1,1
16121,1.0,1,1,1
16122,0.2,0,0,0
16123,0.2,3,1,0
16124,0.2,1,1,1
16125,0.2,1,0,0
16126,0.2,2,0,0
16127,0.2,3,0,0
16128,0.2,1,1,1
16129,1.0,1,1,1
16130,0.2,1,1,1
16131,1.0,3,1,1
16132,0.2,1,0,1
16133,1.0,1,1,1
16134,1.0,1,1,1
16135,0.2,3,0,0
16136,0.2,2,0,0
16137,0.2,2,1,1
16138,0.2,2,0,0
16139,0.2,1,0,0
16140,0.2,2,0,0
16141,0.2,2,1,1
16142,0.2,1,1,1
16143,2.2,3,1,1
16144,0.2,2,1,1
16145,0.2,1,0,0
16146,0.2,3,1,0
16147,0.2,0,1,1
16148,0.2,2,0,0
16149,0.2,1,1,1
16150,0.2,3,0,0
16151,0.2,2,0,0
16152,0.2,2,1,1
16153,1.0,2,1,1
16154,0.2,2,1,0
16155,0.2,2,0,0
16156,0.2,2,0,0
16157,0.2,2,1,1
16158,1.0,1,0,0
16159,0.2,0,1,1
16160,0.2,3,0,0
16161,1.0,0,0,1
16162,1.0,1,0,1
16163,0.2,1,0,0
16164,1.0,3,0,0
16165,1.0,1,1,1
16166,1.0,0,0,1
16167,0.2,2,0,0
16168,0.2,0,0,0
16169,0.2,3,1,0
16170,0.2,2,0,0
16171,0.2,2,1,1
16172,0.2,1,0,0
16173,0.2,2,0,0
16174,0.2,1,0,0
16175,1.0,1,0,0
16176,0.2,1,0,1
16177,0.2,1,1,1
16178,0.2,2,0,0
16179,0.2,1,0,0
16180,0.2,2,0,1
16181,0.2,1,0,0
16182,0.2,2,0,0
16183,0.2,1,0,0
16184,0.2,2,1,1
16185,0.2,2,0,0
16186,0.2,2,0,0
16187,0.2,3,1,0
16188,0.2,1,1,1
16189,0.2,0,0,0
16190,0.2,1,0,0
16191,0.2,2,0,0
16192,1.0,0,1,1
16193,1.0,2,0,1
16194,0.2,2,0,0
16195,0.2,3,1,0
16196,0.2,2,0,0
16197,0.2,3,1,0
16198,0.2,1,0,1
16199,0.2,2,0,0
16200,0.2,1,1,0
16201,0.2,1,0,0
16202,0.2,2,0,0
16203,0.2,1,1,1
16204,1.0,2,1,1
16205,0.2,1,1,1
16206,0.2,2,0,0
16207,0.2,2,1,1
16208,0.2,1,0,0
16209,0.2,2,1,1
16210,0.2,0,1,0
16211,0.2,2,1,1
16212,0.2,1,0,0
16213,0.2,0,1,1
16214,0.2,2,1,1
16215,0.2,1,0,1
16216,0.2,1,0,0
16217,0.2,1,1,0
16218,0.2,2,1,0
16219,2.2,2,0,1
16220,0.2,3,0,0
16221,0.2,0,0,0
16222,0.2,1,1,1
16223,0.2,0,0,0
16224,0.2,1,1,0
16225,0.2,1,1,1
16226,0.2,1,1,1
16227,0.2,3,0,0
16228,0.2,0,1,1
16229,1.0,1,0,0
16230,0.2,2,1,1
16231,1.0,0,1,1
16232,0.2,1,1,0
16233,0.2,1,0,0
16234,1.0,1,1,1
16235,0.2,1,1,1
16236,0.2,2,1,1
16237,0.2,2,1,1
16238,0.2,1,0,0
16239,0.2,2,0,0
16240,0.2,1,0,0
16241,0.2,2,1,1
16242,1.0,1,0,1
16243,0.2,2,0,0
16244,0.2,2,0,0
16245,0.2,0,1,1
16246,0.2,0,1,1
16247,0.2,2,0,0
16248,0.2,2,0,0
16249,0.2,2,0,0
16250,1.0,1,0,0
16251,0.2,1,0,0
16252,1.0,1,1,1
16253,0.2,3,1,1
16254,0.2,1,0,0
16255,0.2,1,0,0
16256,0.2,2,1,1
16257,0.2,3,0,0
16258,0.2,1,0,1
16259,0.2,1,1,1
16260,0.2,1,1,1
16261,0.2,2,0,0
16262,0.2,1,0,0
16263,0.2,1,0,0
16264,0.2,1,0,0
16265,1.0,1,1,1
16266,0.2,2,1,0
16267,0.2,1,0,0
16268,0.2,1,0,0
16269,0.2,1,0,0
16270,0.2,1,1,0
16271,0.2,1,0,0
16272,0.2,1,0,0
16273,0.2,2,0,0
16274,0.2,2,1,0
16275,0.2,0,1,1
16276,1.0,1,0,1
16277,0.2,1,1,1
16278,0.2,0,0,1
16279,1.0,0,1,1
16280,0.2,1,0,0
16281,0.2,2,0,0
16282,0.2,3,1,1
16283,0.2,3,0,0
16284,1.0,3,0,1
16285,0.2,2,1,1
16286,0.2,1,1,1
16287,0.2,1,1,0
16288,0.2,2,1,0
16289,0.2,2,1,1
16290,0.2,1,1,1
16291,0.2,1,1,1
16292,0.2,0,0,1
16293,0.2,1,1,1
16294,1.0,2,1,1
16295,0.2,1,0,0
16296,0.2,0,1,1
16297,0.2,1,1,1
16298,0.2,1,1,1
16299,0.2,2,1,1
16300,1.0,1,0,1
16301,0.2,2,1,0
16302,0.2,2,0,0
16303,0.2,2,1,1
16304,0.2,1,1,1
16305,0.2,2,0,1
16306,0.2,2,0,0
16307,2.2,1,0,1
16308,0.2,2,0,0
16309,0.2,2,0,0
16310,0.2,1,1,0
16311,0.2,1,1,0
16312,0.2,1,1,1
16313,1.0,3,1,0
16314,0.2,1,0,0
16315,0.2,1,0,0
16316,0.2,1,0,0
16317,0.2,2,1,1
16318,1.0,2,1,1
16319,1.0,1,1,1
16320,1.0,0,0,0
16321,1.0,2,0,1
16322,0.2,1,0,1
16323,0.2,1,0,0
16324,0.2,2,1,1
16325,0.2,1,0,1
16326,1.0,2,1,1
16327,0.2,1,0,0
16328,0.2,1,1,1
16329,2.2,1,1,1
16330,0.2,2,0,0
16331,0.2,1,1,1
16332,0.2,1,0,0
16333,0.2,0,0,0
16334,0.2,2,0,0
16335,0.2,2,0,0
16336,1.0,2,0,1
16337,0.2,3,0,0
16338,0.2,3,0,0
16339,0.2,2,1,0
16340,1.0,1,0,1
16341,0.2,1,0,1
16342,1.0,3,0,0
16343,0.2,2,0,0
16344,0.2,2,0,0
16345,0.2,0,1,1
16346,0.2,1,1,1
16347,1.0,0,0,1
16348,0.2,1,0,0
16349,0.2,3,1,0
16350,0.2,1,1,1
16351,1.0,3,0,0
16352,0.2,3,1,0
16353,0.2,0,0,0
16354,0.2,3,1,1
16355,1.0,2,0,1
16356,0.2,1,0,0
16357,0.2,1,0,1
16358,0.2,1,0,0
16359,0.2,3,0,1
16360,1.0,1,0,0
16361,0.2,2,0,0
16362,0.2,3,0,0
16363,0.2,1,0,1
16364,0.2,1,1,1
16365,0.2,1,1,1
16366,0.2,1,1,1
16367,1.0,3,0,0
16368,0.2,2,0,0
16369,0.2,1,1,1
16370,0.2,2,1,1
16371,0.2,1,0,0
16372,1.0,1,0,1
16373,1.0,1,1,1
16374,0.2,1,0,0
16375,0.2,2,0,0
16376,0.2,0,1,1
16377,0.2,0,1,1
16378,0.2,2,1,1
16379,0.2,1,0,0
16380,1.0,1,0,0
16381,0.2,2,1,0
16382,1.0,0,0,0
16383,0.2,2,1,1
16384,0.2,2,1,0
16385,0.2,2,0,0
16386,0.2,2,0,0
16387,1.0,1,1,1
16388,0.2,3,0,0
16389,0.2,1,0,0
16390,0.2,1,0,0
16391,0.2,1,0,0
16392,0.2,2,0,0
16393,0.2,2,1,1
16394,0.2,1,0,1
16395,0.2,2,1,1
16396,0.2,1,1,1
16397,0.2,2,0,0
16398,1.0,2,0,0
16399,0.2,1,0,1
16400,0.2,2,1,1
16401,0.2,1,1,1
16402,0.2,2,1,1
16403,0.2,0,0,0
16404,1.0,2,0,1
16405,0.2,2,1,1
16406,0.2,0,0,0
16407,0.2,0,0,0
16408,1.0,0,0,1
16409,0.2,0,0,0
16410,1.0,1,1,1
16411,0.2,3,0,0
16412,1.0,2,1,1
16413,0.2,1,1,1
16414,1.0,3,0,1
16415,0.2,2,1,0
16416,0.2,1,1,1
16417,1.0,1,0,0
16418,1.0,1,0,0
16419,0.2,2,1,0
16420,0.2,1,0,0
16421,0.2,1,0,0
16422,1.0,3,1,1
16423,1.0,2,0,0
16424,0.2,1,1,1
16425,0.2,3,1,0
16426,0.2,1,1,1
16427,1.0,1,0,1
16428,0.2,3,1,1
16429,1.0,2,0,1
16430,0.2,1,0,0
16431,1.0,0,1,1
16432,0.2,2,0,0
16433,1.0,1,1,1
16434,1.0,1,1,1
16435,0.2,1,1,1
16436,0.2,1,1,1
16437,0.2,2,0,0
16438,3.0,0,1,1
16439,0.2,2,0,0
16440,0.2,2,1,1
16441,0.2,1,1,1
16442,0.2,3,1,1
16443,0.2,2,0,0
16444,0.2,2,1,0
16445,1.0,0,1,1
16446,0.2,1,1,0
16447,1.0,1,1,1
16448,0.2,1,1,0
16449,0.2,3,0,0
16450,0.2,2,0,0
16451,0.2,1,1,1
16452,0.2,1,1,1
16453,0.2,1,0,0
16454,0.2,0,1,1
16455,0.2,1,1,1
16456,0.2,2,1,1
16457,0.2,2,0,0
16458,0.2,1,1,1
16459,0.2,1,0,0
16460,0.2,1,0,0
16461,1.0,2,0,0
16462,0.2,2,1,1
16463,1.0,2,0,1
16464,0.2,1,0,0
16465,1.0,2,1,1
16466,0.2,2,1,0
16467,0.2,1,1,0
16468,0.2,2,0,0
16469,0.2,2,0,0
16470,0.2,1,1,1
16471,0.2,1,1,0
16472,0.2,2,1,1
16473,0.2,1,0,0
16474,1.0,2,1,1
16475,0.2,2,1,0
16476,1.0,1,1,1
16477,0.2,3,1,0
16478,0.2,0,1,1
16479,0.2,1,0,0
16480,0.2,2,1,0
16481,1.0,1,0,0
16482,0.2,0,0,0
16483,0.2,1,1,1
16484,0.2,1,0,0
16485,1.0,1,1,1
16486,0.2,2,0,0
16487,0.2,2,1,0
16488,0.2,2,0,0
16489,0.2,3,1,1
16490,1.0,1,1,1
16491,0.2,2,1,0
16492,1.0,2,1,1
16493,2.2,1,1,1
16494,0.2,1,1,1
16495,0.2,2,1,1
16496,0.2,0,0,0
16497,0.2,0,0,1
16498,1.0,1,1,1
16499,0.2,3,0,0
16500,1.0,0,1,1
16501,1.0,2,1,1
16502,0.2,2,1,1
16503,0.2,3,0,0
16504,3.0,1,1,1
16505,0.2,2,1,1
16506,0.2,2,0,0
16507,0.2,1,0,0
16508,0.2,1,1,0
16509,1.0,3,1,1
16510,0.2,0,1,1
16511,0.2,1,1,1
16512,0.2,2,1,0
16513,0.2,1,0,0
16514,1.0,3,0,1
16515,0.2,1,0,1
16516,0.2,2,1,1
16517,1.0,1,1,1
16518,0.2,2,0,0
16519,1.0,1,0,0
16520,0.2,2,1,0
16521,0.2,2,0,0
16522,0.2,3,1,1
16523,0.2,2,0,0
16524,0.2,1,0,0
16525,2.2,2,1,1
16526,0.2,3,1,1
16527,0.2,1,1,1
16528,0.2,1,0,0
16529,0.2,2,1,1
16530,0.2,1,1,1
16531,0.2,1,1,1
16532,1.0,1,0,1
16533,0.2,0,0,0
16534,0.2,0,0,0
16535,1.0,3,0,1
16536,0.2,2,0,0
16537,0.2,1,0,0
16538,0.2,2,0,0
16539,0.2,1,1,1
16540,0.2,1,1,1
16541,0.2,1,1,1
16542,1.0,2,1,1
16543,0.2,1,1,0
16544,0.2,1,0,0
16545,0.2,2,0,0
16546,2.2,1,1,1
16547,0.2,2,0,0
16548,0.2,1,1,1
16549,1.0,1,0,0
16550,0.2,2,0,0
16551,0.2,2,0,1
16552,0.2,1,0,0
16553,1.0,1,0,1
16554,0.2,0,0,0
16555,1.0,2,0,0
16556,1.0,2,0,1
16557,0.2,3,0,0
16558,1.0,1,1,1
16559,0.2,1,0,0
16560,0.2,1,0,0
16561,0.2,1,0,0
16562,0.2,2,0,0
16563,0.2,0,0,1
16564,0.2,1,0,0
16565,1.0,2,1,1
16566,1.0,2,0,0
16567,0.2,1,0,0
16568,0.2,3,0,0
16569,0.2,1,0,0
16570,0.2,2,0,0
16571,0.2,1,1,1
16572,0.2,1,0,0
16573,0.2,0,1,1
16574,1.0,1,0,0
16575,0.2,1,0,0
16576,0.2,1,1,1
16577,0.2,3,1,1
16578,1.0,2,0,0
16579,1.0,2,0,1
16580,0.2,3,0,0
16581,1.0,1,1,1
16582,0.2,2,0,0
16583,0.2,1,0,0
16584,1.0,2,0,0
16585,0.2,3,0,0
16586,0.2,0,0,1
16587,0.2,0,0,0
16588,0.2,2,0,0
16589,0.2,2,0,0
16590,1.0,1,0,1
16591,0.2,0,0,0
16592,0.2,0,0,0
16593,0.2,3,0,0
16594,1.0,1,1,1
16595,0.2,2,0,0
16596,0.2,0,0,0
16597,1.0,3,1,1
16598,1.0,1,0,1
16599,0.2,1,0,1
16600,0.2,0,0,0
16601,1.0,3,0,0
16602,3.0,1,0,1
16603,1.0,3,0,1
16604,0.2,1,0,0
16605,0.2,2,1,1
16606,0.2,1,0,1
16607,0.2,3,1,0
16608,1.0,1,0,0
16609,0.2,3,0,0
16610,1.0,3,0,0
16611,1.0,2,1,1
16612,1.0,0,1,1
16613,0.2,1,1,1
16614,0.2,1,1,1
16615,0.2,2,0,0
16616,0.2,2,1,1
16617,1.0,3,0,0
16618,0.2,1,1,0
16619,0.2,1,1,0
16620,0.2,1,1,0
16621,1.0,2,0,1
16622,0.2,0,1,1
16623,0.2,0,0,0
16624,0.2,2,1,0
16625,1.0,2,0,0
16626,0.2,2,0,1
16627,0.2,2,0,0
16628,0.2,3,1,1
16629,0.2,1,1,1
16630,0.2,1,0,0
16631,0.2,1,1,0
16632,0.2,1,0,0
16633,3.0,1,1,1
16634,0.2,1,0,1
16635,0.2,1,0,0
16636,0.2,1,0,0
16637,0.2,1,0,0
16638,0.2,1,1,1
16639,0.2,2,0,1
16640,0.2,2,1,0
16641,0.2,2,0,0
16642,0.2,1,0,0
16643,0.2,1,1,0
16644,1.0,3,0,1
16645,0.2,1,1,1
16646,0.2,0,0,0
16647,0.2,2,1,1
16648,0.2,1,0,0
16649,0.2,3,1,0
16650,1.0,2,0,1
16651,0.2,1,1,0
16652,0.2,0,0,1
16653,1.0,3,1,1
16654,0.2,2,0,0
16655,1.0,1,0,1
16656,0.2,1,1,0
16657,0.2,0,1,1
16658,0.2,2,1,1
16659,0.2,1,1,1
16660,0.2,1,1,1
16661,0.2,1,1,0
16662,0.2,1,1,1
16663,0.2,2,0,0
16664,0.2,1,0,0
16665,0.2,0,1,1
16666,0.2,1,0,1
16667,0.2,1,0,1
16668,0.2,0,0,0
16669,0.2,2,1,0
16670,0.2,1,0,1
16671,0.2,1,1,1
16672,1.0,3,1,1
16673,0.2,3,1,0
16674,0.2,1,0,0
16675,0.2,2,0,0
16676,0.2,1,1,1
16677,1.0,1,1,1
16678,0.2,2,1,0
16679,0.2,0,1,1
16680,0.2,3,0,0
16681,1.0,2,1,1
16682,0.2,3,1,1
16683,1.0,0,0,1
16684,0.2,2,1,1
16685,0.2,0,0,1
16686,0.2,2,0,0
16687,0.2,0,1,1
16688,0.2,3,0,0
16689,0.2,3,0,0
16690,0.2,1,1,1
16691,0.2,1,1,1
16692,0.2,0,1,1
16693,0.2,2,0,0
16694,0.2,2,1,1
16695,1.0,1,1,1
16696,0.2,0,0,0
16697,1.0,1,0,0
16698,0.2,1,1,1
16699,0.2,2,1,1
16700,0.2,1,1,1
16701,0.2,1,0,0
16702,0.2,1,1,1
16703,0.2,3,1,0
16704,0.2,2,0,0
16705,0.2,3,0,0
16706,0.2,2,1,0
16707,1.0,1,0,1
16708,0.2,2,1,1
16709,0.2,3,0,0
16710,0.2,1,0,0
16711,1.0,0,0,0
16712,0.2,2,1,1
16713,0.2,2,1,1
16714,0.2,0,0,0
16715,0.2,3,0,0
16716,0.2,2,1,1
16717,0.2,1,1,1
16718,0.2,3,1,1
16719,0.2,1,0,0
16720,1.0,3,1,0
16721,1.0,2,0,0
16722,0.2,2,0,1
16723,1.0,3,0,1
16724,0.2,2,0,0
16725,0.2,1,1,1
16726,0.2,2,0,0
16727,0.2,2,0,0
16728,1.0,1,1,1
16729,0.2,2,0,1
16730,1.0,1,0,1
16731,1.0,1,1,1
16732,1.0,1,0,1
16733,2.2,3,0,1
16734,0.2,1,1,1
16735,2.2,2,1,1
16736,1.0,0,0,0
16737,0.2,1,0,0
16738,1.0,3,0,0
16739,0.2,1,0,0
16740,0.2,2,0,0
16741,1.0,3,1,1
16742,0.2,2,1,1
16743,1.0,1,0,0
16744,1.0,2,0,1
16745,0.2,2,0,0
16746,1.0,2,0,0
16747,1.0,3,1,1
16748,0.2,1,0,0
16749,0.2,1,0,1
16750,0.2,1,1,1
16751,0.2,0,1,1
16752,0.2,1,1,0
16753,0.2,3,0,0
16754,0.2,2,1,1
16755,1.0,1,1,1
16756,0.2,2,0,0
16757,1.0,2,1,0
16758,0.2,1,0,0
16759,0.2,1,1,0
16760,0.2,1,0,0
16761,0.2,3,1,1
16762,1.0,0,1,1
16763,0.2,3,0,0
16764,1.0,2,0,0
16765,1.0,3,0,1
16766,2.2,2,1,1
16767,0.2,2,1,1
16768,0.2,3,0,0
16769,0.2,3,0,0
16770,1.0,2,0,1
16771,0.2,3,1,0
16772,0.2,2,1,1
16773,0.2,1,1,1
16774,0.2,1,1,0
16775,0.2,0,1,0
16776,1.0,1,1,1
16777,0.2,2,0,0
16778,2.2,3,0,1
16779,1.0,2,1,1
16780,0.2,3,1,1
16781,0.2,1,0,0
16782,1.0,2,0,1
16783,0.2,1,1,1
16784,0.2,1,1,1
16785,0.2,3,0,0
16786,0.2,2,1,1
16787,0.2,2,0,0
16788,0.2,1,1,1
16789,1.0,1,1,1
16790,0.2,3,0,0
16791,0.2,2,0,0
16792,0.2,2,1,1
16793,0.2,2,0,0
16794,0.2,1,0,0
16795,0.2,2,1,1
16796,0.2,1,0,0
16797,0.2,2,0,0
16798,0.2,3,0,0
16799,0.2,2,1,1
16800,0.2,2,1,0
16801,0.2,2,1,1
16802,0.2,0,0,0
16803,0.2,1,0,1
16804,1.0,1,1,1
16805,1.0,1,1,1
16806,1.0,2,1,1
16807,0.2,2,1,1
16808,0.2,1,1,1
16809,1.0,2,0,0
16810,0.2,1,0,0
16811,1.0,1,1,1
16812,0.2,2,0,0
16813,0.2,2,0,0
16814,1.0,2,1,1
16815,0.2,0,0,0
16816,0.2,2,0,0
16817,0.2,3,1,1
16818,0.2,1,0,0
16819,1.0,1,1,1
16820,0.2,0,1,1
16821,0.2,3,1,0
16822,0.2,2,0,0
16823,0.2,1,0,0
16824,0.2,2,1,1
16825,1.0,0,0,1
16826,0.2,2,0,0
16827,1.0,2,1,1
16828,0.2,2,0,0
16829,0.2,1,0,0
16830,1.0,1,1,1
16831,0.2,3,1,1
16832,0.2,1,0,0
16833,1.0,2,1,1
16834,0.2,1,1,1
16835,1.0,2,1,1
16836,0.2,3,0,0
16837,0.2,3,1,1
16838,0.2,2,0,0
16839,0.2,2,1,1
16840,0.2,0,1,1
16841,1.0,1,1,1
16842,0.2,1,1,1
16843,0.2,2,1,1
16844,0.2,1,1,1
16845,0.2,2,0,0
16846,0.2,3,0,0
16847,0.2,2,1,1
16848,1.0,2,0,0
16849,0.2,0,1,1
16850,0.2,3,1,0
16851,0.2,1,0,0
16852,0.2,2,0,0
16853,0.2,1,1,1
16854,0.2,2,0,0
16855,0.2,2,0,0
16856,0.2,0,1,1
16857,0.2,1,1,1
16858,0.2,1,1,0
16859,0.2,1,0,0
16860,1.0,2,0,0
16861,0.2,1,1,1
16862,1.0,2,0,1
16863,0.2,3,0,0
16864,0.2,2,1,0
16865,0.2,2,1,0
16866,1.0,2,1,1
16867,0.2,2,1,1
16868,1.0,0,0,1
16869,0.2,0,1,1
16870,0.2,1,1,1
16871,0.2,1,1,1
16872,0.2,3,1,1
16873,0.2,0,1,1
16874,0.2,1,0,0
16875,1.0,1,1,0
16876,0.2,1,0,0
16877,0.2,1,0,0
16878,0.2,1,0,0
16879,0.2,3,1,1
16880,0.2,2,0,0
16881,0.2,1,1,0
16882,0.2,3,1,1
16883,0.2,2,0,0
16884,1.0,3,1,1
16885,0.2,1,1,1
16886,1.0,1,0,1
16887,0.2,1,1,1
16888,0.2,2,0,0
16889,0.2,2,1,1
16890,0.2,1,1,0
16891,1.0,1,1,1
16892,1.0,2,1,0
16893,0.2,1,0,0
16894,1.0,1,0,1
16895,0.2,1,0,0
16896,1.0,3,0,1
16897,0.2,1,1,1
16898,0.2,1,1,1
16899,0.2,1,0,0
16900,0.2,0,1,1
16901,0.2,2,1,1
16902,0.2,2,0,0
16903,0.2,0,1,0
16904,1.0,2,0,0
16905,0.2,1,1,1
16906,0.2,2,1,1
16907,0.2,1,0,1
16908,2.2,2,0,1
16909,0.2,3,1,0
16910,0.2,2,0,0
16911,0.2,3,0,1
16912,0.2,3,0,0
16913,0.2,2,0,0
16914,0.2,1,0,1
16915,1.0,1,0,1
16916,0.2,1,1,1
16917,0.2,1,1,1
16918,0.2,2,1,1
16919,0.2,2,0,0
16920,0.2,3,0,0
16921,1.0,2,1,1
16922,1.0,1,0,0
16923,0.2,1,0,0
16924,0.2,1,1,1
16925,0.2,2,0,0
16926,1.0,3,1,1
16927,0.2,2,0,0
16928,0.2,1,1,0
16929,0.2,1,1,1
16930,0.2,3,0,0
16931,0.2,1,1,1
16932,0.2,0,1,1
16933,1.0,1,1,1
16934,1.0,3,1,1
16935,0.2,2,0,0
16936,0.2,1,1,1
16937,1.0,1,0,1
16938,0.2,3,1,0
16939,0.2,2,0,0
16940,0.2,1,0,0
16941,0.2,2,0,0
16942,0.2,1,1,1
16943,0.2,1,1,1
16944,2.2,0,0,1
16945,0.2,2,1,1
16946,0.2,2,0,0
16947,0.2,3,1,1
16948,0.2,1,0,0
16949,0.2,0,0,0
16950,1.0,2,0,1
16951,0.2,2,0,0
16952,0.2,2,1,0
16953,0.2,0,1,1
16954,0.2,2,0,0
16955,0.2,2,0,0
16956,0.2,1,0,0
16957,1.0,2,0,0
16958,1.0,2,1,1
16959,0.2,1,1,0
16960,1.0,0,1,1
16961,1.0,2,1,1
16962,1.0,1,1,1
16963,0.2,3,1,0
16964,0.2,2,0,1
16965,0.2,2,0,0
16966,0.2,3,0,0
16967,0.2,1,0,0
16968,0.2,1,0,0
16969,1.0,3,0,0
16970,1.0,1,0,0
16971,0.2,2,1,0
16972,0.2,0,1,1
16973,0.2,1,1,1
16974,0.2,2,0,0
16975,1.0,1,1,1
16976,1.0,1,1,1
16977,0.2,1,0,1
16978,0.2,2,0,0
16979,0.2,1,1,1
16980,0.2,2,1,1
16981,1.0,2,0,1
16982,0.2,2,1,1
16983,0.2,2,0,0
16984,0.2,1,0,1
16985,0.2,2,1,0
16986,0.2,1,0,0
16987,0.2,1,1,1
16988,1.0,1,0,1
16989,2.2,1,0,1
16990,1.0,0,0,0
16991,0.2,1,1,1
16992,0.2,3,0,0
16993,0.2,2,0,0
16994,0.2,2,1,1
16995,0.2,1,0,0
16996,0.2,1,1,1
16997,1.0,1,0,0
16998,0.2,1,1,0
16999,0.2,2,1,1
17000,1.0,1,1,1
17001,0.2,1,0,0
17002,0.2,2,0,0
17003,0.2,1,0,0
17004,0.2,1,1,1
17005,0.2,1,1,1
17006,0.2,2,0,0
17007,0.2,0,1,1
17008,1.0,2,0,1
17009,0.2,2,1,1
17010,0.2,1,0,0
17011,0.2,0,1,1
17012,0.2,1,0,0
17013,0.2,2,1,1
17014,0.2,2,0,0
17015,1.0,1,1,1
17016,0.2,1,1,1
17017,0.2,0,1,1
17018,0.2,0,1,1
17019,0.2,1,0,0
17020,0.2,2,0,0
17021,0.2,2,1,0
17022,0.2,2,0,0
17023,0.2,2,0,0
17024,1.0,3,1,1
17025,0.2,2,0,0
17026,0.2,2,1,0
17027,0.2,1,1,1
17028,0.2,1,0,0
17029,0.2,1,0,0
17030,0.2,1,1,1
17031,0.2,3,1,1
17032,1.0,2,0,0
17033,0.2,0,0,0
17034,0.2,2,1,0
17035,0.2,2,0,0
17036,1.0,0,1,1
17037,0.2,0,0,1
17038,0.2,2,0,0
17039,0.2,0,0,0
17040,0.2,1,0,0
17041,0.2,1,1,0
17042,0.2,3,1,0
17043,0.2,0,0,0
17044,0.2,1,1,0
17045,0.2,1,0,0
17046,1.0,3,0,0
17047,1.0,1,1,1
17048,0.2,2,1,0
17049,0.2,2,0,0
17050,0.2,1,0,0
17051,0.2,1,0,0
17052,0.2,1,0,0
17053,0.2,2,0,0
17054,0.2,1,0,0
17055,0.2,2,0,1
17056,0.2,3,0,0
17057,1.0,2,0,1
17058,0.2,1,1,1
17059,1.0,3,0,0
17060,1.0,1,0,1
17061,1.0,2,1,1
17062,0.2,1,1,0
17063,0.2,1,1,1
17064,0.2,2,0,0
17065,0.2,1,0,0
17066,1.0,2,1,1
17067,0.2,1,1,1
17068,0.2,1,0,1
17069,0.2,0,0,0
17070,0.2,2,1,0
17071,0.2,3,1,1
17072,0.2,1,0,0
17073,0.2,2,1,0
17074,0.2,1,1,1
17075,0.2,2,1,1
17076,0.2,2,0,0
17077,0.2,1,0,0
17078,0.2,2,0,0
17079,0.2,1,1,1
17080,0.2,2,0,1
17081,0.2,1,0,0
17082,0.2,3,0,0
17083,0.2,1,1,1
17084,0.2,2,0,0
17085,0.2,1,0,0
17086,1.0,2,1,1
17087,0.2,3,1,1
17088,0.2,1,0,1
17089,0.2,1,0,0
17090,0.2,3,0,0
17091,0.2,2,1,1
17092,0.2,2,1,0
17093,0.2,0,1,1
17094,0.2,2,1,0
17095,0.2,1,0,0
17096,0.2,1,0,0
17097,0.2,1,1,1
17098,1.0,1,0,0
17099,1.0,2,0,1
17100,1.0,1,1,1
17101,0.2,1,0,1
17102,1.0,2,1,1
17103,0.2,2,0,0
17104,0.2,1,0,0
17105,0.2,2,0,0
17106,1.0,1,0,0
17107,0.2,1,0,0
17108,0.2,1,0,1
17109,0.2,2,0,0
17110,0.2,1,1,0
17111,0.2,1,0,0
17112,0.2,1,0,0
17113,1.0,1,0,0
17114,0.2,2,0,0
17115,0.2,2,0,0
17116,1.0,1,1,0
17117,2.2,1,0,1
17118,1.0,1,0,0
17119,0.2,1,0,0
17120,0.2,2,0,0
17121,0.2,1,0,0
17122,0.2,0,1,1
17123,1.0,1,1,1
17124,0.2,3,1,1
17125,0.2,1,0,1
17126,1.0,1,1,1
17127,0.2,2,1,0
17128,1.0,2,1,1
17129,0.2,0,0,0
17130,0.2,2,1,0
17131,0.2,3,0,0
17132,0.2,2,0,0
17133,0.2,2,0,0
17134,1.0,2,0,0
17135,0.2,1,0,0
17136,1.0,1,1,1
17137,0.2,2,1,1
17138,0.2,2,0,0
17139,1.0,1,0,1
17140,0.2,3,0,0
17141,0.2,2,0,0
17142,0.2,2,1,1
17143,1.0,3,1,1
17144,0.2,0,1,1
17145,0.2,2,0,0
17146,1.0,2,1,1
17147,3.0,3,0,1
17148,2.2,1,0,1
17149,0.2,2,0,0
17150,1.0,3,0,1
17151,1.0,1,1,1
17152,0.2,1,0,1
17153,0.2,2,1,1
17154,0.2,2,0,0
17155,0.2,2,0,0
17156,0.2,3,1,0
17157,0.2,1,0,0
17158,0.2,0,0,1
17159,0.2,1,0,0
17160,0.2,2,1,1
17161,1.0,1,0,1
17162,0.2,0,0,0
17163,0.2,3,0,0
17164,0.2,1,0,1
17165,0.2,2,0,0
17166,1.0,2,0,1
17167,0.2,3,0,0
17168,0.2,2,1,0
17169,0.2,2,0,0
17170,0.2,2,0,0
17171,0.2,1,0,0
17172,0.2,2,1,1
17173,0.2,1,1,1
17174,0.2,0,1,1
17175,0.2,1,1,1
17176,0.2,2,0,0
17177,0.2,1,0,0
17178,0.2,3,0,0
17179,0.2,1,1,1
17180,0.2,3,0,0
17181,0.2,1,0,0
17182,0.2,2,0,0
17183,0.2,2,0,0
17184,0.2,1,1,1
17185,0.2,0,0,0
17186,0.2,2,1,0
17187,1.0,2,0,1
17188,0.2,1,1,1
17189,0.2,0,1,0
17190,0.2,2,0,0
17191,0.2,1,1,1
17192,0.2,1,0,0
17193,1.0,3,1,1
17194,0.2,1,0,0
17195,0.2,1,0,0
17196,0.2,1,0,0
17197,1.0,2,1,1
17198,0.2,0,0,1
17199,0.2,3,1,0
17200,0.2,1,1,1
17201,0.2,2,0,0
17202,0.2,2,1,0
17203,0.2,1,1,1
17204,0.2,2,0,0
17205,1.0,0,1,1
17206,0.2,1,1,0
17207,1.0,1,1,0
17208,0.2,1,1,0
17209,0.2,1,0,0
17210,0.2,2,1,0
17211,0.2,2,0,0
17212,0.2,2,0,0
17213,1.0,2,0,1
17214,1.0,2,1,1
17215,1.0,3,1,1
17216,0.2,2,1,1
17217,0.2,3,1,1
17218,1.0,1,0,1
17219,0.2,1,1,1
17220,1.0,2,1,1
17221,0.2,1,0,0
17222,1.0,2,1,1
17223,1.0,1,0,0
17224,2.2,2,1,1
17225,0.2,2,0,0
17226,1.0,2,1,1
17227,0.2,2,1,1
17228,0.2,0,0,0
17229,0.2,2,1,1
17230,0.2,3,1,1
17231,0.2,2,0,0
17232,0.2,1,0,0
17233,1.0,0,0,1
17234,0.2,3,0,0
17235,1.0,1,0,1
17236,2.2,0,1,1
17237,0.2,1,1,1
17238,0.2,2,0,0
17239,0.2,1,0,0
17240,1.0,0,1,1
17241,0.2,2,1,0
17242,0.2,0,1,1
17243,1.0,0,0,1
17244,0.2,2,1,1
17245,1.0,2,1,1
17246,1.0,2,1,1
17247,1.0,1,0,1
17248,0.2,1,0,0
17249,1.0,2,0,0
17250,0.2,1,1,1
17251,0.2,1,1,1
17252,0.2,2,1,0
17253,1.0,1,1,1
17254,0.2,2,0,0
17255,0.2,0,0,0
17256,0.2,0,1,1
17257,0.2,0,0,0
17258,0.2,0,0,0
17259,1.0,2,0,1
17260,0.2,1,1,0
17261,1.0,0,1,1
17262,0.2,1,1,1
17263,1.0,0,0,1
17264,1.0,1,0,1
17265,1.0,1,0,0
17266,0.2,1,1,1
17267,1.0,1,1,1
17268,0.2,1,0,0
17269,0.2,1,1,0
17270,0.2,1,0,0
17271,0.2,2,0,0
17272,1.0,1,0,1
17273,0.2,2,1,0
17274,0.2,0,0,1
17275,0.2,1,0,0
17276,1.0,3,0,0
17277,0.2,1,1,1
17278,0.2,2,1,1
17279,0.2,1,1,1
17280,0.2,0,1,1
17281,0.2,1,0,0
17282,1.0,0,1,1
17283,0.2,2,0,0
17284,0.2,2,1,0
17285,0.2,1,1,1
17286,0.2,0,0,1
17287,0.2,1,0,0
17288,0.2,1,1,1
17289,0.2,1,1,1
17290,1.0,2,1,1
17291,0.2,2,0,1
17292,0.2,2,1,0
17293,0.2,2,0,0
17294,0.2,2,1,1
17295,1.0,1,0,1
17296,1.0,1,0,1
17297,1.0,1,1,1
17298,1.0,2,0,1
17299,0.2,1,0,0
17300,0.2,2,1,1
17301,0.2,1,0,0
17302,0.2,1,0,0
17303,0.2,2,1,0
17304,1.0,1,0,1
17305,0.2,0,1,1
17306,0.2,1,1,1
17307,1.0,1,0,1
17308,1.0,2,1,0
17309,0.2,1,0,0
17310,0.2,2,1,1
17311,0.2,2,0,0
17312,0.2,2,0,0
17313,1.0,2,0,0
17314,0.2,2,0,0
17315,1.0,1,1,1
17316,0.2,1,0,0
17317,0.2,1,1,0
17318,0.2,1,0,0
17319,0.2,1,1,1
17320,0.2,0,1,0
17321,2.2,2,0,1
17322,0.2,1,1,1
17323,0.2,1,0,1
17324,0.2,2,1,1
17325,0.2,1,1,1
17326,1.0,3,1,1
17327,2.2,1,0,1
17328,0.2,3,1,1
17329,0.2,1,1,1
17330,0.2,2,1,0
17331,1.0,2,0,1
17332,2.2,1,1,1
17333,0.2,2,1,0
17334,0.2,3,0,0
17335,0.2,1,0,0
17336,0.2,2,0,0
17337,0.2,2,1,0
17338,0.2,3,0,0
17339,1.0,2,0,1
17340,0.2,2,1,1
17341,0.2,0,0,1
17342,0.2,2,1,0
17343,0.2,0,0,0
17344,0.2,3,1,1
17345,0.2,1,1,1
17346,1.0,2,1,1
17347,0.2,1,1,1
17348,1.0,3,0,1
17349,0.2,2,1,0
17350,0.2,0,0,0
17351,0.2,0,0,0
17352,0.2,2,1,1
17353,0.2,2,1,1
17354,0.2,2,0,0
17355,0.2,2,1,1
17356,1.0,1,1,1
17357,0.2,2,0,0
17358,0.2,2,0,0
17359,0.2,3,0,0
17360,0.2,1,1,1
17361,0.2,3,1,0
17362,0.2,1,0,0
17363,0.2,1,1,1
17364,0.2,3,1,0
17365,0.2,1,1,1
17366,0.2,2,1,0
17367,0.2,1,1,1
17368,0.2,3,0,0
17369,0.2,0,0,1
17370,1.0,0,0,1
17371,0.2,0,0,0
17372,1.0,2,1,1
17373,0.2,0,1,1
17374,0.2,1,0,1
17375,0.2,1,0,0
17376,0.2,3,0,1
17377,1.0,2,0,0
17378,0.2,0,1,1
17379,0.2,1,1,1
17380,0.2,0,0,0
17381,1.0,2,1,1
17382,0.2,2,1,1
17383,0.2,0,1,1
17384,0.2,1,1,1
17385,0.2,1,1,1
17386,0.2,1,0,0
17387,0.2,0,1,1
17388,0.2,0,1,1
17389,1.0,2,1,1
17390,0.2,1,1,1
17391,1.0,1,0,1
17392,0.2,2,1,0
17393,1.0,2,1,1
17394,0.2,2,0,0
17395,1.0,2,1,1
17396,0.2,1,1,0
17397,0.2,3,1,0
17398,0.2,2,0,1
17399,0.2,1,1,1
17400,0.2,2,0,0
17401,0.2,1,1,0
17402,0.2,2,1,1
17403,1.0,2,1,1
17404,1.0,2,1,1
17405,1.0,1,1,1
17406,0.2,0,0,0
17407,1.0,0,1,1
17408,0.2,2,1,1
17409,0.2,3,0,0
17410,0.2,2,1,1
17411,0.2,2,0,0
17412,0.2,3,1,1
17413,1.0,1,0,1
17414,0.2,2,1,0
17415,1.0,1,1,1
17416,0.2,1,1,1
17417,1.0,1,0,1
17418,1.0,0,0,1
17419,1.0,3,1,1
17420,2.2,2,0,1
17421,0.2,1,0,0
17422,1.0,3,0,0
17423,0.2,0,1,1
17424,0.2,1,0,0
17425,1.0,2,0,0
17426,0.2,3,1,1
17427,0.2,2,1,1
17428,0.2,1,0,1
17429,0.2,1,0,0
17430,0.2,0,1,1
17431,0.2,2,0,0
17432,0.2,2,0,0
17433,0.2,0,1,1
17434,0.2,2,1,1
17435,0.2,0,0,0
17436,0.2,2,1,1
17437,0.2,3,1,1
17438,0.2,2,0,0
17439,0.2,2,0,0
17440,0.2,2,0,0
17441,2.2,2,0,0
17442,0.2,1,0,0
17443,0.2,2,0,0
17444,0.2,1,1,1
17445,0.2,2,0,0
17446,0.2,2,0,0
17447,0.2,2,1,0
17448,0.2,0,1,1
17449,0.2,2,0,0
17450,0.2,2,1,0
17451,0.2,0,0,0
17452,1.0,2,1,1
17453,0.2,1,0,0
17454,0.2,1,0,0
17455,3.0,1,1,1
17456,0.2,2,0,0
17457,1.0,2,1,1
17458,0.2,0,1,1
17459,0.2,1,1,1
17460,1.0,2,1,1
17461,0.2,2,1,0
17462,1.0,2,0,0
17463,1.0,1,1,1
17464,0.2,2,0,0
17465,1.0,0,0,0
17466,0.2,3,0,0
17467,0.2,1,0,0
17468,1.0,2,1,1
17469,0.2,2,1,1
17470,0.2,2,1,1
17471,0.2,2,0,0
17472,0.2,3,0,1
17473,0.2,1,1,1
17474,0.2,2,1,1
17475,0.2,1,0,1
17476,0.2,3,1,0
17477,0.2,2,0,0
17478,1.0,3,1,1
17479,0.2,1,0,0
17480,0.2,1,0,0
17481,0.2,3,1,1
17482,1.0,2,1,1
17483,0.2,2,0,0
17484,0.2,2,1,0
17485,0.2,2,1,0
17486,0.2,2,1,0
17487,0.2,1,0,0
17488,2.2,1,1,1
17489,0.2,1,1,1
17490,0.2,1,1,0
17491,0.2,2,0,0
17492,0.2,1,1,1
17493,0.2,1,1,0
17494,0.2,2,0,0
17495,0.2,1,0,0
17496,0.2,3,0,0
17497,0.2,0,0,1
17498,0.2,2,0,0
17499,0.2,1,1,1
17500,0.2,1,1,1
17501,1.0,1,0,1
17502,0.2,2,0,0
17503,1.0,1,0,0
17504,0.2,1,0,0
17505,1.0,2,0,1
17506,0.2,2,1,1
17507,0.2,0,1,1
17508,0.2,0,1,1
17509,0.2,1,0,0
17510,0.2,1,0,0
17511,0.2,2,0,0
17512,2.2,2,0,1
17513,0.2,1,0,1
17514,0.2,0,0,1
17515,0.2,0,0,0
17516,0.2,1,0,0
17517,0.2,0,1,1
17518,0.2,2,1,1
17519,0.2,2,0,0
17520,0.2,3,1,1
17521,1.0,1,0,1
17522,0.2,2,1,0
17523,0.2,2,1,1
17524,1.0,2,1,1
17525,0.2,2,0,0
17526,0.2,1,1,1
17527,0.2,2,1,1
17528,1.0,2,0,0
17529,0.2,3,1,1
17530,0.2,3,1,0
17531,1.0,1,1,1
17532,0.2,2,0,0
17533,0.2,0,0,1
17534,1.0,3,1,0
17535,0.2,1,1,1
17536,0.2,2,1,1
17537,1.0,2,1,1
17538,1.0,1,0,1
17539,0.2,2,1,0
17540,0.2,2,0,0
17541,0.2,2,0,0
17542,0.2,3,1,1
17543,0.2,2,1,0
17544,1.0,2,1,1
17545,1.0,3,0,1
17546,0.2,1,0,0
17547,0.2,3,0,0
17548,2.2,2,1,1
17549,0.2,1,1,1
17550,0.2,3,1,0
17551,0.2,1,1,1
17552,0.2,1,1,0
17553,0.2,0,0,0
17554,1.0,2,1,1
17555,0.2,0,1,1
17556,0.2,2,0,0
17557,0.2,3,0,0
17558,0.2,2,1,0
17559,0.2,0,0,0
17560,0.2,0,1,1
17561,1.0,3,1,1
17562,1.0,2,0,1
17563,0.2,1,1,1
17564,0.2,2,0,0
17565,1.0,0,1,1
17566,1.0,1,0,0
17567,0.2,2,0,0
17568,0.2,2,1,1
17569,0.2,0,1,1
17570,0.2,3,1,0
17571,1.0,1,1,1
17572,1.0,1,0,0
17573,0.2,1,0,1
17574,0.2,2,1,1
17575,0.2,2,1,1
17576,1.0,2,0,1
17577,1.0,2,1,1
17578,0.2,2,1,1
17579,0.2,2,0,0
17580,0.2,1,0,0
17581,1.0,2,0,0
17582,0.2,1,0,0
17583,0.2,1,1,1
17584,1.0,2,0,1
17585,0.2,3,0,1
17586,0.2,2,0,0
17587,0.2,0,1,1
17588,1.0,0,0,1
17589,1.0,0,0,1
17590,0.2,2,1,0
17591,0.2,3,1,1
17592,0.2,2,1,1
17593,0.2,2,1,1
17594,2.2,0,0,1
17595,0.2,1,0,0
17596,0.2,2,0,0
17597,0.2,2,1,0
17598,1.0,0,0,1
17599,0.2,1,0,1
17600,2.2,1,0,1
17601,0.2,0,0,0
17602,1.0,1,1,1
17603,0.2,1,1,1
17604,1.0,1,1,1
17605,0.2,2,1,1
17606,0.2,0,1,1
17607,1.0,2,0,0
17608,0.2,3,0,0
17609,1.0,2,0,1
17610,1.0,1,0,1
17611,0.2,0,0,0
17612,0.2,3,1,1
17613,0.2,2,1,1
17614,0.2,2,0,0
17615,0.2,0,1,1
17616,0.2,3,1,1
17617,0.2,2,0,0
17618,1.0,1,0,1
17619,0.2,2,1,1
17620,2.2,1,0,1
17621,0.2,1,1,0
17622,0.2,1,0,1
17623,0.2,2,1,1
17624,1.0,0,1,1
17625,0.2,2,0,0
17626,1.0,1,0,0
17627,0.2,2,1,0
17628,0.2,1,1,1
17629,1.0,2,1,1
17630,1.0,2,0,1
17631,0.2,3,0,0
17632,0.2,2,1,1
17633,0.2,1,0,0
17634,0.2,2,0,0
17635,0.2,2,1,0
17636,1.0,3,0,0
17637,0.2,1,0,0
17638,0.2,1,1,0
17639,1.0,1,0,1
17640,0.2,1,1,1
17641,0.2,1,1,0
17642,1.0,1,0,1
17643,0.2,1,0,0
17644,1.0,1,1,1
17645,0.2,1,1,1
17646,3.0,2,1,1
17647,0.2,1,1,0
17648,0.2,2,1,1
17649,0.2,0,1,1
17650,2.2,2,0,1
17651,1.0,2,0,1
17652,0.2,2,1,0
17653,1.0,2,0,0
17654,1.0,1,0,1
17655,0.2,2,0,0
17656,0.2,1,1,0
17657,0.2,1,1,1
17658,1.0,0,0,1
17659,1.0,2,1,1
17660,0.2,1,0,0
17661,0.2,2,1,1
17662,0.2,1,0,1
17663,0.2,2,0,1
17664,0.2,1,0,0
17665,2.2,2,1,1
17666,1.0,3,1,1
17667,0.2,2,0,0
17668,1.0,3,1,0
17669,0.2,2,0,0
17670,0.2,2,0,0
17671,1.0,1,1,1
17672,0.2,1,0,0
17673,0.2,2,0,0
17674,0.2,2,1,1
17675,0.2,2,0,0
17676,0.2,3,1,0
17677,1.0,2,0,1
17678,0.2,2,1,1
17679,0.2,2,0,0
17680,0.2,1,0,0
17681,1.0,0,0,0
17682,0.2,2,0,0
17683,0.2,2,1,0
17684,0.2,1,0,0
17685,0.2,3,1,0
17686,0.2,1,1,1
17687,0.2,2,1,0
17688,0.2,1,0,0
17689,0.2,1,1,1
17690,0.2,3,1,0
17691,0.2,1,1,0
17692,0.2,3,0,0
17693,1.0,0,1,1
17694,0.2,1,1,0
17695,0.2,3,0,0
17696,0.2,0,1,1
17697,0.2,0,1,1
17698,0.2,1,0,0
17699,0.2,1,1,1
17700,1.0,2,1,1
17701,0.2,1,0,0
17702,1.0,2,0,1
17703,0.2,1,1,1
17704,1.0,1,0,1
17705,1.0,2,1,1
17706,0.2,3,0,0
17707,1.0,2,0,1
17708,0.2,2,0,0
17709,1.0,1,1,1
17710,0.2,1,1,1
17711,0.2,0,1,1
17712,0.2,0,1,1
17713,0.2,0,1,1
17714,0.2,2,1,1
17715,0.2,2,1,1
17716,0.2,1,0,0
17717,0.2,0,0,0
17718,0.2,2,0,0
17719,0.2,2,0,0
17720,0.2,2,1,1
17721,0.2,3,1,1
17722,0.2,2,1,1
17723,1.0,1,0,1
17724,0.2,0,1,1
17725,0.2,2,0,0
17726,1.0,2,0,1
17727,1.0,0,0,1
17728,0.2,1,0,0
17729,0.2,2,1,1
17730,0.2,2,0,0
17731,0.2,2,0,1
17732,0.2,2,0,0
17733,0.2,3,0,0
17734,0.2,2,1,0
17735,0.2,2,1,1
17736,0.2,0,0,0
17737,0.2,0,0,1
17738,0.2,1,0,0
17739,0.2,1,0,1
17740,1.0,1,1,1
17741,1.0,2,0,0
17742,0.2,2,1,1
17743,0.2,1,1,1
17744,1.0,0,1,1
17745,0.2,2,1,1
17746,1.0,2,0,0
17747,1.0,2,0,0
17748,1.0,1,0,1
17749,0.2,3,1,1
17750,1.0,1,0,0
17751,1.0,2,0,1
17752,0.2,2,1,1
17753,0.2,3,0,0
17754,0.2,3,0,0
17755,0.2,2,1,1
17756,0.2,2,0,0
17757,0.2,2,0,1
17758,1.0,3,1,1
17759,1.0,0,1,1
17760,0.2,1,0,0
17761,0.2,3,1,1
17762,0.2,1,1,1
17763,1.0,2,0,0
17764,0.2,2,0,0
17765,1.0,2,1,1
17766,1.0,1,0,1
17767,0.2,0,0,0
17768,0.2,3,0,1
17769,2.2,2,1,1
17770,0.2,0,0,0
17771,0.2,2,0,0
17772,0.2,3,0,0
17773,0.2,2,0,0
17774,1.0,1,0,1
17775,0.2,1,0,0
17776,0.2,2,1,1
17777,0.2,1,1,1
17778,0.2,2,0,0
17779,0.2,1,1,1
17780,0.2,3,1,0
17781,1.0,1,1,1
17782,0.2,2,0,0
17783,0.2,1,1,1
17784,0.2,2,1,0
17785,0.2,2,1,1
17786,0.2,0,0,0
17787,1.0,2,0,0
17788,0.2,1,0,0
17789,0.2,2,0,0
17790,1.0,2,0,0
17791,0.2,2,1,1
17792,0.2,2,1,1
17793,2.2,2,1,1
17794,0.2,1,1,1
17795,0.2,1,1,1
17796,0.2,2,0,0
17797,0.2,1,0,0
17798,1.0,1,0,0
17799,0.2,2,1,0
17800,0.2,2,0,0
17801,0.2,2,0,0
17802,0.2,2,1,1
17803,0.2,1,1,1
17804,0.2,2,0,0
17805,0.2,2,1,1
17806,0.2,2,0,0
17807,0.2,1,0,0
17808,0.2,0,1,1
17809,1.0,3,0,0
17810,0.2,3,1,1
17811,0.2,1,1,1
17812,0.2,2,0,0
17813,0.2,1,1,1
17814,0.2,1,0,0
17815,0.2,1,0,0
17816,0.2,2,0,0
17817,0.2,2,1,1
17818,0.2,0,0,0
17819,1.0,2,0,0
17820,1.0,1,1,1
17821,0.2,1,0,0
17822,1.0,0,0,1
17823,1.0,1,0,1
17824,0.2,2,1,0
17825,0.2,2,1,1
17826,0.2,1,0,0
17827,0.2,0,1,1
17828,1.0,3,1,1
17829,1.0,1,1,1
17830,1.0,1,1,1
17831,0.2,0,1,1
17832,1.0,1,0,0
17833,0.2,1,1,0
17834,1.0,1,0,0
17835,1.0,2,1,0
17836,0.2,1,1,0
17837,0.2,2,0,0
17838,0.2,1,1,0
17839,0.2,0,0,1
17840,0.2,1,0,0
17841,1.0,1,0,1
17842,0.2,1,0,0
17843,0.2,1,0,0
17844,0.2,2,1,1
17845,0.2,0,1,1
17846,0.2,1,1,1
17847,0.2,1,1,1
17848,1.0,2,0,1
17849,0.2,0,1,1
17850,0.2,2,1,1
17851,0.2,3,0,0
17852,0.2,1,0,0
17853,0.2,2,1,0
17854,0.2,2,0,1
17855,1.0,2,1,1
17856,0.2,1,1,0
17857,0.2,1,0,1
17858,0.2,3,1,1
17859,1.0,1,0,1
17860,0.2,3,0,0
17861,0.2,0,1,1
17862,0.2,3,1,0
17863,0.2,3,1,0
17864,0.2,3,0,0
17865,1.0,2,0,0
17866,0.2,0,0,0
17867,0.2,2,1,1
17868,1.0,1,0,0
17869,1.0,0,0,0
17870,0.2,1,1,1
17871,1.0,0,1,1
17872,0.2,1,1,1
17873,0.2,1,1,1
17874,1.0,1,0,1
17875,0.2,3,1,0
17876,0.2,0,1,1
17877,0.2,2,1,0
17878,0.2,1,0,0
17879,0.2,2,1,1
17880,0.2,1,1,1
17881,0.2,2,1,1
17882,0.2,1,1,1
17883,1.0,0,1,1
17884,0.2,1,0,0
17885,0.2,2,0,0
17886,0.2,2,1,1
17887,0.2,2,0,0
17888,0.2,1,1,1
17889,0.2,1,0,0
17890,0.2,2,0,0
17891,0.2,2,0,0
17892,1.0,0,0,1
17893,0.2,2,0,0
17894,0.2,1,0,0
17895,0.2,3,1,0
17896,0.2,2,0,0
17897,1.0,3,0,0
17898,0.2,3,0,0
17899,0.2,3,0,0
17900,0.2,2,1,0
17901,1.0,3,0,0
17902,1.0,2,1,1
17903,1.0,1,0,1
17904,0.2,1,0,0
17905,0.2,2,0,0
17906,0.2,1,1,1
17907,0.2,0,0,0
17908,0.2,1,0,0
17909,0.2,2,1,1
17910,1.0,2,1,1
17911,0.2,3,1,0
17912,0.2,2,1,1
17913,0.2,2,0,0
17914,0.2,1,0,0
17915,0.2,3,0,0
17916,1.0,0,0,1
17917,1.0,1,0,0
17918,0.2,2,0,0
17919,1.0,2,0,0
17920,0.2,2,0,0
17921,0.2,1,0,0
17922,0.2,2,1,1
17923,0.2,2,0,0
17924,0.2,2,1,1
17925,0.2,1,0,0
17926,0.2,1,0,0
17927,0.2,2,0,0
17928,0.2,0,1,1
17929,1.0,0,0,1
17930,0.2,1,0,0
17931,0.2,2,1,1
17932,0.2,2,0,0
17933,0.2,2,1,0
17934,0.2,3,0,0
17935,0.2,1,1,1
17936,1.0,2,0,0
17937,0.2,1,0,0
17938,0.2,3,0,0
17939,0.2,3,0,0
17940,0.2,1,1,1
17941,1.0,1,0,0
17942,0.2,0,1,1
17943,0.2,2,1,0
17944,1.0,2,1,1
17945,1.0,1,1,1
17946,0.2,2,1,1
17947,0.2,1,0,1
17948,0.2,2,0,0
17949,0.2,3,0,0
17950,0.2,1,0,0
17951,0.2,3,0,0
17952,0.2,1,0,0
17953,0.2,1,0,0
17954,1.0,2,0,0
17955,0.2,1,0,0
17956,1.0,2,1,1
17957,0.2,3,0,0
17958,0.2,2,0,1
17959,1.0,2,0,0
17960,0.2,2,1,0
17961,0.2,2,1,0
17962,0.2,2,0,0
17963,0.2,3,0,0
17964,0.2,1,0,0
17965,0.2,1,1,1
17966,1.0,3,1,1
17967,0.2,1,0,0
17968,1.0,1,0,0
17969,0.2,1,0,0
17970,0.2,1,1,1
17971,0.2,1,0,0
17972,0.2,1,0,0
17973,0.2,2,0,0
17974,0.2,2,0,1
17975,0.2,1,1,1
17976,0.2,2,1,1
17977,0.2,0,1,1
17978,1.0,1,0,0
17979,0.2,2,1,0
17980,0.2,2,0,0
17981,0.2,3,0,0
17982,0.2,0,1,1
17983,0.2,2,1,1
17984,0.2,2,0,0
17985,0.2,1,1,1
17986,0.2,2,0,0
17987,0.2,3,0,0
17988,0.2,0,0,0
17989,0.2,2,0,0
17990,1.0,0,1,1
17991,0.2,1,0,0
17992,0.2,1,1,1
17993,0.2,3,0,0
17994,1.0,0,1,1
17995,0.2,3,0,0
17996,0.2,1,1,1
17997,0.2,0,1,1
17998,1.0,1,1,1
17999,0.2,0,1,0
