,R,Q,A,Y
0,0.2,3,0,0
1,0.2,3,0,0
2,2.2,0,1,1
3,0.2,3,0,0
4,0.2,3,0,1
5,1.0,0,1,1
6,1.0,0,1,1
7,2.2,0,1,1
8,1.0,0,1,1
9,0.2,3,0,0
10,0.2,3,0,0
11,0.2,3,0,1
12,0.2,3,0,0
13,1.0,0,1,1
14,1.0,0,1,1
15,2.2,0,1,1
16,0.2,3,0,0
17,1.0,0,1,1
18,1.0,0,0,1
19,0.2,3,0,0
20,2.2,0,1,1
21,1.0,0,1,1
22,0.2,3,0,0
23,0.2,3,0,0
24,1.0,0,1,1
25,0.2,3,0,0
26,1.0,0,1,1
27,1.0,0,1,1
28,2.2,0,1,1
29,2.2,0,0,1
30,1.0,0,1,0
31,2.2,0,1,1
32,0.2,3,0,0
33,0.2,3,0,0
34,0.2,3,0,0
35,0.2,3,0,0
36,0.2,3,0,0
37,0.2,3,0,0
38,0.2,3,0,0
39,0.2,3,0,0
40,1.0,0,1,1
41,1.0,0,0,1
42,0.2,3,0,0
43,1.0,0,1,1
44,1.0,0,0,1
45,0.2,3,0,0
46,2.2,0,1,1
47,2.2,0,1,1
48,2.2,0,1,1
49,0.2,3,0,0
50,0.2,3,0,0
51,0.2,3,0,0
52,2.2,0,1,1
53,1.0,0,1,1
54,0.2,3,0,0
55,1.0,0,0,1
56,0.2,3,0,0
57,2.2,0,1,1
58,0.2,3,0,0
59,1.0,0,1,1
60,0.2,3,0,0
61,0.2,3,0,0
62,1.0,0,1,1
63,1.0,0,0,1
64,1.0,0,1,1
65,1.0,0,1,1
66,1.0,0,0,1
67,0.2,3,0,0
68,1.0,0,1,1
69,0.2,3,0,0
70,0.2,3,0,0
71,1.0,0,1,1
72,1.0,0,1,1
73,2.2,0,1,1
74,2.2,0,1,1
75,1.0,0,1,0
76,1.0,0,0,1
77,0.2,3,0,1
78,0.2,3,0,0
79,1.0,0,1,1
80,1.0,0,0,1
81,1.0,0,1,1
82,0.2,3,0,0
83,1.0,0,1,1
84,0.2,3,0,0
85,0.2,3,0,0
86,1.0,0,0,1
87,0.2,3,0,0
88,1.0,0,1,1
89,2.2,0,1,1
90,0.2,3,0,0
91,1.0,3,0,0
92,1.0,0,1,1
93,0.2,3,0,0
94,1.0,0,0,1
95,1.0,0,1,1
96,0.2,3,0,0
97,1.0,0,1,1
98,3.0,0,1,1
99,3.0,0,1,1
100,0.2,3,0,0
101,0.2,3,0,1
102,1.0,0,0,0
103,1.0,0,1,1
104,1.0,0,0,1
105,1.0,0,0,1
106,1.0,0,1,1
107,1.0,0,1,1
108,1.0,0,1,1
109,1.0,0,1,1
110,0.2,3,0,0
111,1.0,0,0,1
112,1.0,0,1,1
113,1.0,0,1,1
114,0.2,3,0,0
115,0.2,3,0,0
116,1.0,0,1,1
117,2.2,0,1,1
118,0.2,3,0,0
119,0.2,3,0,0
120,0.2,3,0,0
121,0.2,3,0,0
122,1.0,0,0,1
123,0.2,3,0,0
124,1.0,0,1,1
125,0.2,3,0,0
126,1.0,3,0,0
127,2.2,0,1,1
128,0.2,3,0,0
129,0.2,3,0,0
130,0.2,3,0,0
131,0.2,3,0,0
132,0.2,3,0,0
133,1.0,0,1,0
134,1.0,0,1,1
135,1.0,0,1,1
136,0.2,3,0,0
137,1.0,0,1,1
138,1.0,0,1,1
139,0.2,3,0,0
140,0.2,3,0,0
141,2.2,0,1,1
142,1.0,0,1,1
143,2.2,0,1,1
144,1.0,0,1,1
145,1.0,0,1,1
146,0.2,3,0,0
147,0.2,3,0,0
148,1.0,0,1,0
149,1.0,0,1,1
150,1.0,0,1,1
151,0.2,3,0,0
152,2.2,0,1,1
153,1.0,0,0,0
154,2.2,0,1,1
155,1.0,0,0,0
156,2.2,0,0,1
157,1.0,0,0,1
158,1.0,0,1,1
159,1.0,0,1,1
160,0.2,3,0,0
161,0.2,3,0,0
162,1.0,0,1,1
163,0.2,3,0,0
164,0.2,3,0,0
165,0.2,3,0,0
166,1.0,0,1,1
167,0.2,3,0,1
168,1.0,0,1,1
169,0.2,3,0,0
170,1.0,0,1,1
171,2.2,0,1,1
172,2.2,0,1,1
173,0.2,3,0,0
174,0.2,3,0,0
175,1.0,3,0,0
176,0.2,3,0,0
177,0.2,3,0,0
178,2.2,0,1,1
179,2.2,0,1,1
180,2.2,0,1,1
181,3.4000000000000004,1,1,0
182,1.0,0,1,1
183,1.0,0,1,0
184,1.0,0,1,0
185,0.2,3,0,0
186,2.2,0,1,1
187,2.2,0,0,1
188,2.2,0,1,1
189,0.2,3,0,0
190,0.2,3,0,0
191,0.2,3,0,0
192,1.0,0,1,1
193,0.2,3,0,0
194,0.2,3,0,0
195,0.2,3,0,0
196,0.2,3,0,0
197,0.2,3,0,0
198,1.0,0,0,0
199,1.0,0,0,1
200,1.0,0,1,1
201,0.2,3,0,0
202,0.2,3,0,0
203,2.2,0,1,1
204,1.0,0,1,1
205,1.0,0,1,0
206,1.0,0,1,1
207,1.0,0,1,1
208,0.2,3,0,0
209,0.2,3,0,0
210,1.0,0,0,1
211,1.0,0,1,1
212,0.2,3,0,0
213,1.0,0,1,1
214,1.0,0,1,1
215,1.0,0,1,1
216,1.0,0,1,0
217,0.2,3,0,0
218,0.2,3,0,0
219,1.0,0,1,1
220,0.2,3,0,0
221,2.2,0,1,1
222,1.0,0,1,1
223,0.2,3,0,0
224,1.0,0,1,1
225,0.2,3,0,0
226,0.2,3,0,0
227,1.0,0,1,1
228,2.2,0,1,1
229,0.2,3,0,0
230,1.0,0,1,0
231,1.0,0,1,1
232,0.2,3,0,0
233,1.0,0,1,1
234,1.0,0,0,1
235,0.2,3,0,0
236,0.2,3,0,0
237,0.2,3,0,0
238,0.2,3,0,0
239,0.2,3,0,0
240,1.0,0,1,1
241,1.0,0,1,1
242,1.0,0,1,1
243,0.2,3,0,0
244,0.2,3,0,0
245,1.0,0,1,1
246,1.0,0,1,1
247,0.2,3,0,0
248,0.2,3,0,0
249,1.0,0,0,0
250,1.0,0,1,1
251,0.2,3,0,0
252,0.2,3,0,0
253,1.0,0,1,1
254,2.2,0,1,1
255,1.0,0,0,1
256,1.0,0,1,1
257,0.2,3,0,0
258,1.0,0,1,1
259,1.0,0,1,1
260,1.0,0,1,1
261,0.2,3,0,0
262,1.0,0,1,1
263,1.0,0,1,1
264,0.2,3,0,0
265,0.2,3,0,0
266,1.0,0,1,0
267,0.2,3,0,0
268,1.0,0,1,1
269,1.0,0,1,1
270,0.2,3,0,0
271,1.0,0,0,1
272,0.2,3,0,0
273,0.2,3,0,0
274,0.2,3,0,0
275,1.0,0,1,1
276,1.0,0,0,1
277,0.2,3,0,0
278,0.2,3,0,0
279,1.0,0,0,1
280,0.2,3,0,0
281,2.2,0,1,1
282,0.2,3,0,0
283,1.0,0,1,0
284,1.0,0,1,1
285,1.0,0,1,1
286,1.0,0,1,1
287,0.2,3,0,0
288,2.2,0,1,1
289,0.2,3,0,0
290,0.2,3,0,0
291,1.0,0,1,1
292,1.0,0,1,0
293,1.0,0,1,1
294,1.0,0,1,1
295,0.2,3,0,0
296,1.0,0,1,1
297,2.2,0,1,1
298,0.2,3,0,1
299,1.0,3,0,0
300,1.0,0,1,0
301,1.0,0,1,1
302,1.0,0,1,1
303,1.0,0,0,1
304,0.2,3,0,0
305,1.0,0,1,1
306,0.2,3,0,0
307,1.0,0,1,1
308,0.2,3,0,0
309,0.2,3,0,0
310,0.2,3,0,0
311,0.2,3,0,0
312,1.0,0,1,1
313,0.2,3,0,0
314,1.0,0,1,1
315,0.2,3,0,0
316,0.2,3,0,0
317,1.0,0,1,1
318,0.2,3,0,0
319,1.0,0,1,0
320,2.2,0,1,1
321,2.2,0,1,1
322,0.2,3,0,0
323,1.0,0,1,1
324,1.0,0,0,1
325,1.0,0,1,1
326,1.0,0,0,1
327,1.0,0,1,1
328,2.2,0,1,1
329,1.0,0,1,1
330,0.2,3,0,0
331,0.2,3,0,0
332,1.0,0,1,1
333,1.0,1,0,0
334,1.0,0,1,1
335,1.0,0,0,0
336,0.2,3,0,0
337,0.2,3,0,0
338,0.2,3,0,0
339,1.0,0,1,1
340,2.2,0,1,1
341,1.0,0,1,1
342,1.0,0,1,1
343,1.0,0,0,1
344,0.2,3,0,0
345,1.0,0,1,1
346,0.2,3,0,0
347,1.0,0,1,1
348,1.0,0,1,1
349,1.0,0,1,1
350,1.0,0,1,1
351,2.2,0,1,1
352,1.0,0,0,1
353,1.0,0,1,1
354,0.2,3,0,0
355,1.0,0,1,1
356,1.0,0,0,0
357,0.2,3,0,0
358,2.2,0,1,1
359,1.0,3,0,0
360,1.0,0,1,1
361,0.2,3,0,0
362,0.2,3,0,0
363,1.0,0,1,1
364,2.2,0,1,1
365,1.0,0,1,1
366,1.0,0,1,1
367,1.0,0,1,1
368,0.2,3,0,0
369,0.2,3,0,0
370,0.2,3,0,0
371,1.0,0,1,1
372,1.0,0,1,1
373,1.0,0,1,1
374,1.0,0,1,1
375,1.0,0,1,1
376,0.2,3,0,0
377,2.2,0,1,1
378,1.0,0,0,1
379,1.0,0,1,0
380,0.2,3,0,0
381,3.0,0,1,1
382,1.0,0,1,1
383,1.0,0,0,0
384,2.2,0,1,1
385,1.0,0,1,1
386,1.0,0,1,1
387,0.2,3,0,0
388,0.2,3,0,0
389,0.2,3,0,0
390,0.2,3,0,0
391,1.0,0,0,1
392,1.0,0,1,1
393,0.2,3,0,0
394,0.2,3,0,0
395,2.2,0,1,1
396,0.2,3,0,0
397,0.2,3,0,0
398,0.2,3,0,0
399,1.0,0,1,1
400,1.0,3,0,0
401,1.0,0,1,1
402,0.2,3,0,0
403,0.2,3,0,0
404,1.0,0,1,1
405,0.2,3,0,0
406,1.0,0,1,1
407,0.2,3,0,0
408,0.2,3,0,0
409,0.2,3,0,0
410,0.2,3,0,0
411,1.0,0,0,1
412,1.0,0,1,0
413,1.0,0,1,1
414,1.0,0,1,1
415,0.2,3,0,0
416,0.2,3,0,0
417,0.2,3,0,0
418,1.0,0,1,1
419,0.2,3,0,1
420,1.0,0,1,0
421,0.2,3,0,1
422,0.2,3,0,0
423,1.0,0,1,1
424,2.2,0,1,1
425,0.2,3,0,0
426,1.0,0,1,1
427,1.0,0,1,0
428,0.2,3,0,0
429,0.2,3,0,0
430,0.2,0,0,1
431,1.0,0,0,1
432,0.2,3,0,0
433,0.2,3,0,0
434,1.0,0,1,1
435,1.0,0,0,1
436,0.2,3,0,0
437,0.2,3,0,0
438,0.2,3,0,0
439,3.0,0,1,1
440,0.2,3,0,0
441,0.2,3,0,0
442,1.0,1,0,0
443,0.2,3,0,0
444,0.2,3,0,0
445,1.0,0,1,1
446,0.2,3,0,1
447,1.0,0,1,1
448,1.0,0,1,1
449,1.0,0,0,1
450,2.2,0,1,1
451,0.2,3,0,0
452,2.2,0,0,1
453,1.0,0,1,1
454,1.0,0,1,1
455,0.2,3,0,0
456,0.2,3,0,0
457,1.0,0,0,1
458,0.2,3,0,0
459,1.0,0,1,1
460,0.2,3,0,0
461,0.2,3,0,0
462,1.0,0,1,1
463,0.2,3,0,0
464,0.2,3,0,0
465,0.2,3,0,0
466,1.0,0,1,1
467,2.2,0,1,1
468,0.2,3,0,0
469,1.0,0,1,1
470,1.0,0,1,1
471,0.2,3,0,0
472,0.2,3,0,0
473,2.2,0,1,1
474,0.2,3,0,0
475,2.2,0,0,1
476,3.0,0,1,1
477,1.0,0,1,0
478,1.0,0,1,1
479,1.0,0,1,1
480,1.0,0,1,1
481,0.2,3,0,0
482,2.2,0,1,1
483,1.0,0,1,1
484,0.2,3,0,0
485,0.2,3,0,0
486,0.2,3,0,0
487,1.0,0,1,1
488,0.2,3,0,0
489,2.2,0,1,1
490,2.2,0,1,1
491,1.0,0,0,0
492,0.2,3,0,0
493,0.2,3,0,0
494,0.2,3,0,0
495,0.2,3,0,1
496,1.0,0,1,1
497,1.0,0,1,0
498,1.0,0,1,1
499,0.2,3,0,0
500,0.2,3,0,0
501,0.2,3,0,0
502,1.0,0,1,1
503,1.0,0,1,1
504,0.2,3,0,1
505,2.2,0,1,1
506,2.2,0,1,1
507,1.0,0,1,1
508,1.0,0,1,1
509,0.2,3,0,0
510,2.2,0,1,1
511,1.0,0,1,1
512,1.0,0,1,1
513,1.0,0,1,1
514,1.0,0,1,1
515,1.0,0,1,1
516,0.2,3,0,0
517,0.2,3,0,0
518,0.2,3,0,0
519,0.2,3,0,0
520,0.2,3,0,0
521,0.2,3,0,0
522,1.0,0,1,1
523,2.2,0,1,1
524,1.0,0,1,1
525,1.0,0,1,1
526,0.2,3,0,0
527,2.2,0,1,1
528,1.0,0,1,1
529,1.0,0,0,1
530,1.0,0,1,0
531,1.0,0,0,1
532,1.0,0,1,1
533,1.0,0,1,1
534,1.0,0,1,1
535,0.2,3,0,0
536,1.0,0,1,0
537,0.2,3,0,1
538,2.2,0,1,1
539,2.2,0,1,1
540,1.0,0,0,1
541,2.2,0,1,1
542,1.0,0,0,1
543,1.0,0,1,1
544,0.2,3,0,0
545,0.2,3,0,0
546,1.0,0,1,1
547,1.0,0,1,1
548,1.0,0,1,1
549,0.2,3,0,0
550,0.2,3,0,0
551,0.2,3,0,0
552,2.2,0,1,1
553,1.0,0,0,1
554,1.0,0,0,1
555,1.0,0,1,1
556,0.2,3,0,0
557,0.2,3,0,0
558,3.4000000000000004,1,1,0
559,0.2,3,0,0
560,1.0,0,1,1
561,0.2,3,0,0
562,2.2,0,1,1
563,0.2,3,0,0
564,2.2,0,1,1
565,1.0,0,1,1
566,1.0,0,1,1
567,1.0,0,1,0
568,1.0,0,1,1
569,2.2,0,1,1
570,1.0,0,1,1
571,1.0,0,1,0
572,0.2,3,0,0
573,1.0,0,1,1
574,1.0,0,0,0
575,0.2,3,0,0
576,1.0,0,1,1
577,2.2,0,1,1
578,1.0,0,1,1
579,0.2,3,0,0
580,0.2,3,0,0
581,2.2,0,1,1
582,0.2,3,0,0
583,0.2,3,0,0
584,2.2,0,1,1
585,0.2,3,0,0
586,1.0,0,1,1
587,1.0,0,1,0
588,1.0,0,1,1
589,1.0,0,1,1
590,0.2,3,0,0
591,1.0,0,1,1
592,1.0,0,1,1
593,1.0,0,1,1
594,0.2,3,0,0
595,1.0,0,1,1
596,0.2,3,0,0
597,1.0,0,0,1
598,1.0,0,1,0
599,0.2,3,0,0
600,1.0,0,1,1
601,2.2,0,1,1
602,0.2,3,0,0
603,1.0,0,1,1
604,2.2,0,1,1
605,2.2,0,1,1
606,0.2,3,0,0
607,0.2,3,0,0
608,1.0,0,1,0
609,1.0,0,1,1
610,0.2,3,0,0
611,1.0,0,1,1
612,0.2,3,0,0
613,0.2,3,0,0
614,1.0,0,1,1
615,2.2,0,1,1
616,0.2,3,0,0
617,0.2,3,0,0
618,1.0,0,1,1
619,1.0,0,1,1
620,0.2,3,0,0
621,1.0,0,1,1
622,1.0,0,1,1
623,0.2,3,0,0
624,0.2,3,0,0
625,0.2,3,0,0
626,1.0,0,1,1
627,1.0,0,0,1
628,3.0,0,1,1
629,0.2,3,0,0
630,2.2,0,1,1
631,0.2,3,0,0
632,0.2,3,0,1
633,1.0,0,0,1
634,1.0,0,0,0
635,1.0,0,0,1
636,1.0,0,1,1
637,1.0,0,1,1
638,1.0,0,0,1
639,0.2,3,0,0
640,1.0,0,1,1
641,0.2,3,0,0
642,0.2,3,0,0
643,0.2,3,0,0
644,0.2,3,0,0
645,0.2,3,0,0
646,1.0,0,1,1
647,1.0,0,0,1
648,1.0,0,1,1
649,0.2,3,0,0
650,1.0,0,1,1
651,0.2,3,0,0
652,0.2,3,0,0
653,0.2,3,0,0
654,1.0,0,0,1
655,1.0,0,0,1
656,1.0,0,0,0
657,1.0,0,1,1
658,1.0,0,1,1
659,1.0,0,1,1
660,0.2,3,0,0
661,0.2,3,0,0
662,2.2,0,1,1
663,1.0,0,1,1
664,2.2,0,1,1
665,0.2,3,0,0
666,1.0,0,1,1
667,0.2,3,0,0
668,0.2,3,0,0
669,1.0,0,1,1
670,0.2,3,0,0
671,1.0,0,0,1
672,1.0,0,1,1
673,0.2,3,0,0
674,1.0,0,1,1
675,1.0,0,1,1
676,2.2,0,1,1
677,1.0,0,1,1
678,0.2,3,0,0
679,1.0,0,0,1
680,0.2,3,0,0
681,1.0,0,1,0
682,0.2,3,0,0
683,1.0,0,1,1
684,1.0,0,1,1
685,0.2,3,0,0
686,0.2,3,0,0
687,0.2,3,0,0
688,0.2,3,0,0
689,1.0,0,1,1
690,1.0,0,1,1
691,1.0,0,1,1
692,1.0,0,1,1
693,0.2,3,0,0
694,1.0,0,1,1
695,1.0,0,1,1
696,1.0,0,1,0
697,0.2,3,0,0
698,1.0,0,1,0
699,1.0,0,1,1
700,2.2,0,1,1
701,1.0,0,1,1
702,1.0,0,0,0
703,1.0,0,1,1
704,1.0,0,1,1
705,1.0,0,1,1
706,1.0,3,0,0
707,2.2,0,1,1
708,2.2,0,1,1
709,0.2,3,0,0
710,0.2,3,0,0
711,1.0,0,1,1
712,0.2,3,0,0
713,0.2,3,0,0
714,1.0,1,0,0
715,0.2,3,0,0
716,0.2,3,0,1
717,1.0,0,0,1
718,2.2,0,1,1
719,1.0,0,1,1
720,0.2,3,0,0
721,1.0,0,1,1
722,1.0,0,1,1
723,1.0,0,0,1
724,1.0,0,1,1
725,0.2,3,0,0
726,0.2,3,0,0
727,0.2,3,0,0
728,2.2,0,1,1
729,2.2,0,1,1
730,2.2,0,1,1
731,1.0,0,1,1
732,0.2,3,0,0
733,0.2,3,0,0
734,0.2,3,0,0
735,1.0,0,1,1
736,1.0,0,1,1
737,0.2,3,0,0
738,0.2,3,0,0
739,1.0,0,0,1
740,0.2,3,0,0
741,3.0,0,1,1
742,1.0,0,1,1
743,1.0,0,1,1
744,0.2,3,0,0
745,0.2,3,0,0
746,1.0,0,1,1
747,0.2,3,0,0
748,0.2,3,0,0
749,1.0,0,1,0
750,1.0,0,1,1
751,1.0,0,1,1
752,0.2,3,0,0
753,0.2,3,0,0
754,1.0,0,1,0
755,1.0,0,1,1
756,2.2,0,1,1
757,2.2,0,1,1
758,1.0,0,1,1
759,1.0,0,1,1
760,0.2,3,0,0
761,0.2,3,0,0
762,1.0,0,0,1
763,1.0,0,1,1
764,1.0,0,1,1
765,0.2,3,0,0
766,0.2,3,0,0
767,2.2,0,1,1
768,1.0,0,0,1
769,1.0,0,1,1
770,0.2,3,0,0
771,1.0,0,1,1
772,0.2,3,0,0
773,1.0,0,1,1
774,1.0,0,1,1
775,1.0,0,1,1
776,1.0,0,1,1
777,3.4000000000000004,1,1,0
778,1.0,0,1,1
779,1.0,3,0,0
780,0.2,3,0,0
781,0.2,3,0,0
782,0.2,3,0,0
783,0.2,3,0,0
784,0.2,3,0,0
785,1.0,0,1,1
786,0.2,3,0,0
787,0.2,3,0,0
788,0.2,3,0,0
789,0.2,3,0,0
790,1.0,0,1,1
791,1.0,0,1,0
792,1.0,0,1,0
793,1.0,0,1,1
794,3.0,3,0,0
795,1.0,0,1,0
796,0.2,3,0,0
797,1.0,0,1,1
798,1.0,0,1,1
799,0.2,3,0,0
800,1.0,0,1,1
801,1.0,0,0,1
802,1.0,0,1,0
803,2.2,0,1,1
804,0.2,3,0,0
805,0.2,3,0,0
806,0.2,3,0,0
807,2.2,0,1,1
808,0.2,3,0,0
809,1.0,0,1,1
810,3.0,3,0,0
811,0.2,3,0,0
812,0.2,3,0,0
813,0.2,3,0,0
814,0.2,3,0,0
815,0.2,3,0,0
816,0.2,3,0,0
817,1.0,0,1,1
818,0.2,3,0,0
819,1.0,0,1,1
820,1.0,0,1,1
821,1.0,1,0,0
822,0.2,3,0,0
823,0.2,3,0,0
824,1.0,0,1,1
825,0.2,3,0,0
826,1.0,0,1,1
827,1.0,0,1,0
828,1.0,0,1,1
829,1.0,0,1,0
830,2.2,0,1,1
831,0.2,3,0,0
832,1.0,0,0,0
833,1.0,0,0,1
834,0.2,3,0,0
835,1.0,0,1,1
836,1.0,0,0,1
837,1.0,0,1,1
838,1.0,0,1,1
839,0.2,3,0,0
840,0.2,3,0,0
841,1.0,0,0,1
842,2.2,0,1,1
843,0.2,3,0,0
844,1.0,0,0,1
845,1.0,0,1,1
846,1.0,0,1,1
847,0.2,3,0,0
848,0.2,3,0,0
849,0.2,3,0,0
850,1.0,0,1,1
851,1.0,0,0,1
852,2.2,0,1,1
853,1.0,0,1,1
854,1.0,0,1,1
855,0.2,3,0,0
856,0.2,3,0,0
857,1.0,0,1,1
858,1.0,0,1,1
859,1.0,0,1,1
860,1.0,0,1,1
861,1.0,0,1,0
862,1.0,0,1,1
863,1.0,0,1,1
864,0.2,3,0,0
865,0.2,3,0,0
866,0.2,3,0,0
867,0.2,3,0,0
868,1.0,0,1,1
869,0.2,3,0,0
870,0.2,3,0,0
871,0.2,3,0,0
872,0.2,3,0,0
873,1.0,0,1,1
874,0.2,3,0,0
875,1.0,0,0,1
876,2.2,0,1,1
877,1.0,0,1,1
878,0.2,3,0,0
879,1.0,0,1,1
880,1.0,0,1,1
881,2.2,0,1,1
882,1.0,0,1,1
883,1.0,0,1,0
884,0.2,3,0,0
885,0.2,3,0,0
886,0.2,3,0,0
887,1.0,0,1,1
888,0.2,3,0,0
889,1.0,0,0,0
890,1.0,0,1,1
891,2.2,0,1,1
892,2.2,0,1,1
893,1.0,0,0,0
894,1.0,0,0,1
895,0.2,3,0,0
896,1.0,0,1,1
897,1.0,0,1,0
898,1.0,0,0,1
899,1.0,0,1,1
900,0.2,3,0,0
901,1.0,0,1,1
902,0.2,3,0,0
903,1.0,0,1,1
904,0.2,3,0,0
905,0.2,3,0,0
906,2.2,0,1,1
907,1.0,0,1,1
908,0.2,3,0,0
909,0.2,3,0,0
910,2.2,0,1,1
911,0.2,3,0,0
912,3.0,3,0,0
913,0.2,3,0,0
914,1.0,0,1,1
915,0.2,3,0,0
916,0.2,3,0,0
917,2.2,0,1,1
918,1.0,0,1,0
919,0.2,3,0,1
920,1.0,0,1,1
921,0.2,3,0,0
922,0.2,3,0,0
923,0.2,3,0,0
924,1.0,1,0,0
925,0.2,3,0,0
926,0.2,3,0,0
927,2.2,0,1,1
928,0.2,3,0,0
929,0.2,3,0,0
930,1.0,0,1,1
931,0.2,3,0,0
932,2.2,0,1,1
933,0.2,3,0,0
934,1.0,0,1,1
935,0.2,3,0,0
936,1.0,0,1,1
937,1.0,0,1,1
938,1.0,0,0,1
939,0.2,3,0,0
940,0.2,3,0,0
941,0.2,3,0,0
942,1.0,0,0,1
943,1.0,0,1,1
944,1.0,0,0,1
945,0.2,3,0,0
946,0.2,3,0,0
947,1.0,0,1,1
948,1.0,0,0,1
949,0.2,3,0,0
950,1.0,0,1,1
951,0.2,3,0,0
952,0.2,3,0,0
953,1.0,0,1,1
954,1.0,0,0,1
955,0.2,3,0,0
956,0.2,3,0,0
957,0.2,3,0,0
958,1.0,0,1,0
959,1.0,0,1,1
960,2.2,0,1,1
961,3.0,0,1,1
962,1.0,0,0,1
963,2.2,0,1,1
964,0.2,3,0,0
965,1.0,0,1,1
966,0.2,3,0,0
967,1.0,0,1,1
968,0.2,3,0,0
969,0.2,3,0,0
970,1.0,0,1,1
971,1.0,0,1,1
972,0.2,3,0,1
973,0.2,3,0,0
974,1.0,0,1,0
975,1.0,0,1,1
976,0.2,3,0,0
977,1.0,0,1,1
978,1.0,0,1,1
979,1.0,0,1,1
980,1.0,0,1,1
981,1.0,0,0,1
982,1.0,0,1,1
983,0.2,3,0,0
984,1.0,0,1,1
985,0.2,3,0,0
986,0.2,3,0,1
987,0.2,3,0,0
988,0.2,3,0,0
989,2.2,0,1,1
990,1.0,0,1,1
991,2.2,0,1,1
992,1.0,0,1,1
993,1.0,0,1,1
994,1.0,0,0,1
995,1.0,0,1,1
996,1.0,0,1,1
997,0.2,3,0,0
998,0.2,3,0,0
999,1.0,0,1,1
1000,0.2,3,0,0
1001,0.2,3,0,0
1002,2.2,0,1,1
1003,1.0,0,1,1
1004,0.2,3,0,0
1005,1.0,0,1,0
1006,1.0,1,0,0
1007,1.0,0,1,1
1008,2.2,0,1,1
1009,0.2,3,0,0
1010,1.0,0,1,0
1011,1.0,0,1,0
1012,1.0,0,1,1
1013,0.2,3,0,0
1014,0.2,3,0,0
1015,0.2,3,0,0
1016,3.0,0,1,1
1017,2.2,0,1,1
1018,0.2,3,0,0
1019,2.2,0,1,1
1020,1.0,0,1,1
1021,0.2,3,0,0
1022,2.2,0,1,1
1023,1.0,0,1,1
1024,0.2,3,0,0
1025,0.2,3,0,0
1026,0.2,3,0,0
1027,0.2,3,0,0
1028,0.2,3,0,0
1029,1.0,0,1,1
1030,0.2,3,0,0
1031,0.2,3,0,0
1032,3.0,3,0,0
1033,0.2,3,0,0
1034,1.0,0,1,1
1035,1.0,0,1,1
1036,1.0,0,1,1
1037,1.0,0,1,1
1038,1.0,0,1,1
1039,1.0,0,0,1
1040,1.0,0,1,1
1041,0.2,3,0,1
1042,0.2,3,0,0
1043,0.2,3,0,0
1044,0.2,3,0,0
1045,0.2,3,0,0
1046,0.2,3,0,0
1047,2.2,0,0,1
1048,1.0,0,1,1
1049,0.2,3,0,0
1050,1.0,0,1,1
1051,3.0,0,1,1
1052,1.0,3,0,0
1053,1.0,0,0,1
1054,1.0,0,0,0
1055,0.2,3,0,0
1056,1.0,0,1,1
1057,1.0,0,1,0
1058,1.0,0,1,1
1059,0.2,3,0,0
1060,0.2,3,0,0
1061,0.2,3,0,0
1062,2.2,0,1,1
1063,2.2,0,1,1
1064,1.0,0,1,1
1065,1.0,0,0,1
1066,0.2,3,0,0
1067,1.0,0,1,1
1068,0.2,3,0,0
1069,0.2,3,0,0
1070,1.0,0,1,1
1071,1.0,0,1,1
1072,0.2,3,0,0
1073,0.2,3,0,0
1074,1.0,0,1,1
1075,1.0,0,1,0
1076,1.0,0,1,1
1077,0.2,3,0,0
1078,0.2,3,0,0
1079,0.2,3,0,0
1080,0.2,3,0,0
1081,0.2,3,0,0
1082,0.2,3,0,0
1083,1.0,0,1,1
1084,1.0,1,0,0
1085,0.2,3,0,0
1086,0.2,3,0,0
1087,0.2,3,0,0
1088,0.2,3,0,0
1089,1.0,0,1,1
1090,1.0,0,1,1
1091,0.2,3,0,0
1092,0.2,3,0,0
1093,1.0,0,1,1
1094,1.0,0,1,1
1095,0.2,3,0,0
1096,1.0,0,1,1
1097,0.2,3,0,0
1098,1.0,0,1,1
1099,0.2,3,0,0
1100,0.2,3,0,0
1101,1.0,0,0,0
1102,1.0,0,1,1
1103,0.2,3,0,0
1104,0.2,3,0,0
1105,1.0,0,1,1
1106,0.2,3,0,0
1107,0.2,3,0,0
1108,1.0,0,0,1
1109,0.2,3,0,0
1110,1.0,0,0,0
1111,1.0,0,1,1
1112,0.2,3,0,0
1113,2.2,0,1,1
1114,1.0,0,1,1
1115,2.2,0,1,1
1116,1.0,0,1,0
1117,0.2,3,0,0
1118,1.0,0,1,1
1119,1.0,0,1,1
1120,1.0,0,1,0
1121,1.0,0,1,1
1122,2.2,0,1,1
1123,1.0,0,1,1
1124,1.0,0,1,1
1125,1.0,0,1,1
1126,1.0,0,1,0
1127,1.0,0,1,1
1128,0.2,3,0,0
1129,0.2,3,0,0
1130,0.2,3,0,0
1131,2.2,0,1,1
1132,1.0,0,1,1
1133,1.0,0,1,1
1134,0.2,3,0,0
1135,2.2,0,1,1
1136,0.2,3,0,0
1137,1.0,0,1,1
1138,1.0,0,1,0
1139,0.2,3,0,0
1140,3.0,0,1,1
1141,0.2,3,0,0
1142,1.0,0,0,1
1143,2.2,0,1,1
1144,1.0,0,1,1
1145,0.2,3,0,0
1146,1.0,0,1,1
1147,0.2,3,0,0
1148,2.2,0,1,1
1149,1.0,0,1,1
1150,1.0,0,1,1
1151,1.0,0,1,1
1152,1.0,0,1,1
1153,1.0,0,1,1
1154,1.0,0,1,1
1155,1.0,0,1,0
1156,2.2,0,1,1
1157,0.2,3,0,0
1158,1.0,0,1,1
1159,1.0,0,1,1
1160,0.2,3,0,0
1161,0.2,3,0,1
1162,0.2,3,0,0
1163,1.0,3,0,0
1164,0.2,3,0,0
1165,1.0,0,1,1
1166,1.0,0,1,1
1167,1.0,0,1,1
1168,0.2,3,0,0
1169,1.0,0,1,1
1170,1.0,0,1,1
1171,1.0,0,1,1
1172,0.2,3,0,0
1173,1.0,0,1,1
1174,1.0,0,1,1
1175,1.0,0,1,1
1176,1.0,0,1,0
1177,0.2,3,0,0
1178,0.2,3,0,0
1179,1.0,0,1,1
1180,0.2,3,0,0
1181,2.2,0,1,1
1182,0.2,3,0,0
1183,0.2,3,0,0
1184,0.2,3,0,0
1185,0.2,3,0,0
1186,1.0,0,1,1
1187,1.0,0,1,1
1188,1.0,0,1,0
1189,0.2,3,0,0
1190,0.2,3,0,1
1191,0.2,3,0,0
1192,1.0,0,1,1
1193,1.0,0,1,1
1194,0.2,3,0,0
1195,3.0,0,1,1
1196,2.2,0,1,1
1197,2.2,0,1,1
1198,2.2,0,1,1
1199,0.2,3,0,0
1200,0.2,3,0,0
1201,1.0,0,0,1
1202,0.2,3,0,0
1203,1.0,0,1,0
1204,0.2,3,0,0
1205,1.0,0,1,1
1206,1.0,0,1,1
1207,0.2,3,0,0
1208,0.2,3,0,0
1209,0.2,3,0,0
1210,1.0,0,1,1
1211,1.0,0,1,0
1212,0.2,3,0,0
1213,0.2,3,0,0
1214,1.0,0,1,1
1215,2.2,0,1,1
1216,0.2,3,0,0
1217,0.2,3,0,0
1218,0.2,3,0,0
1219,1.0,0,1,1
1220,1.0,0,1,1
1221,1.0,0,0,1
1222,0.2,3,0,0
1223,0.2,3,0,0
1224,1.0,0,1,0
1225,0.2,3,0,0
1226,0.2,3,0,0
1227,0.2,3,0,0
1228,0.2,3,0,0
1229,0.2,3,0,0
1230,0.2,3,0,0
1231,1.0,0,0,1
1232,0.2,3,0,0
1233,0.2,3,0,0
1234,0.2,3,0,0
1235,0.2,3,0,0
1236,0.2,3,0,0
1237,1.0,0,1,1
1238,1.0,0,1,0
1239,0.2,3,0,0
1240,2.2,0,1,1
1241,2.2,0,1,1
1242,2.2,0,1,1
1243,1.0,0,1,1
1244,1.0,0,1,1
1245,1.0,0,1,1
1246,1.0,0,1,1
1247,0.2,3,0,0
1248,0.2,3,0,0
1249,1.0,0,1,1
1250,1.0,0,1,1
1251,0.2,3,0,0
1252,0.2,3,0,0
1253,1.0,0,0,1
1254,0.2,3,0,0
1255,0.2,3,0,0
1256,1.0,0,1,1
1257,0.2,3,0,0
1258,1.0,0,1,1
1259,0.2,3,0,0
1260,2.2,0,1,1
1261,1.0,0,1,1
1262,1.0,0,1,1
1263,1.0,0,1,0
1264,0.2,3,0,0
1265,0.2,3,0,1
1266,0.2,3,0,0
1267,1.0,0,1,1
1268,0.2,3,0,1
1269,0.2,3,0,0
1270,1.0,0,1,1
1271,0.2,3,0,0
1272,0.2,3,0,0
1273,1.0,0,1,0
1274,1.0,0,1,1
1275,1.0,0,0,0
1276,0.2,3,0,0
1277,2.2,0,1,1
1278,1.0,0,1,1
1279,0.2,3,0,0
1280,1.0,0,1,0
1281,1.0,0,1,1
1282,1.0,0,1,1
1283,0.2,3,0,0
1284,0.2,3,0,0
1285,0.2,3,0,0
1286,0.2,3,0,0
1287,0.2,3,0,0
1288,1.0,0,1,0
1289,1.0,0,1,0
1290,1.0,0,1,1
1291,1.0,0,1,1
1292,2.2,0,0,1
1293,1.0,0,1,1
1294,0.2,3,0,0
1295,2.2,0,1,1
1296,0.2,3,0,0
1297,0.2,3,0,0
1298,1.0,0,1,1
1299,0.2,3,0,0
1300,3.4000000000000004,1,1,0
1301,0.2,3,0,0
1302,0.2,3,0,0
1303,1.0,0,1,1
1304,1.0,0,1,1
1305,0.2,3,0,0
1306,1.0,0,1,1
1307,1.0,0,1,1
1308,0.2,3,0,0
1309,1.0,0,1,1
1310,1.0,0,0,1
1311,0.2,3,0,0
1312,1.0,0,1,1
1313,1.0,0,0,1
1314,0.2,3,0,0
1315,0.2,3,0,0
1316,1.0,0,1,1
1317,1.0,0,0,1
1318,1.0,0,1,1
1319,1.0,0,1,1
1320,2.2,0,1,1
1321,0.2,3,0,0
1322,1.0,0,1,1
1323,0.2,3,0,0
1324,0.2,3,0,0
1325,0.2,3,0,0
1326,0.2,3,0,0
1327,1.0,0,1,1
1328,0.2,3,0,0
1329,2.2,0,1,1
1330,1.0,0,1,1
1331,1.0,0,1,0
1332,1.0,0,1,1
1333,0.2,3,0,0
1334,1.0,0,1,1
1335,1.0,0,1,1
1336,1.0,0,1,1
1337,1.0,0,1,1
1338,1.0,0,0,0
1339,0.2,3,0,0
1340,1.0,0,1,1
1341,1.0,0,1,1
1342,1.0,0,1,1
1343,2.2,0,1,1
1344,0.2,3,0,0
1345,2.2,0,1,1
1346,0.2,3,0,0
1347,0.2,3,0,0
1348,1.0,0,1,1
1349,0.2,3,0,0
1350,1.0,3,0,0
1351,0.2,3,0,0
1352,1.0,0,0,1
1353,1.0,0,1,1
1354,0.2,3,0,0
1355,1.0,0,1,1
1356,1.0,0,0,1
1357,0.2,3,0,0
1358,1.0,0,1,1
1359,0.2,3,0,0
1360,0.2,3,0,0
1361,0.2,3,0,0
1362,0.2,3,0,0
1363,0.2,3,0,0
1364,1.0,0,1,1
1365,1.0,0,0,1
1366,1.0,0,1,1
1367,2.2,0,1,1
1368,0.2,3,0,0
1369,1.0,0,0,0
1370,0.2,3,0,0
1371,2.2,0,0,1
1372,0.2,3,0,0
1373,1.0,0,1,1
1374,2.2,0,1,1
1375,0.2,3,0,0
1376,1.0,0,1,1
1377,1.0,0,0,1
1378,0.2,3,0,0
1379,0.2,3,0,0
1380,0.2,3,0,0
1381,0.2,3,0,0
1382,1.0,3,0,0
1383,1.0,0,1,1
1384,2.2,0,1,1
1385,0.2,3,0,0
1386,1.0,0,1,1
1387,2.2,0,1,1
1388,2.2,0,1,1
1389,3.0,0,1,1
1390,0.2,3,0,0
1391,1.0,0,0,1
1392,0.2,3,0,0
1393,1.0,0,1,1
1394,0.2,3,0,0
1395,1.0,0,0,1
1396,2.2,0,1,1
1397,1.0,0,1,1
1398,2.2,0,0,1
1399,0.2,3,0,0
1400,1.0,0,1,1
1401,1.0,0,1,1
1402,1.0,0,1,1
1403,1.0,0,0,1
1404,0.2,3,0,0
1405,1.0,0,1,0
1406,1.0,0,1,1
1407,0.2,3,0,0
1408,0.2,3,0,0
1409,0.2,3,0,0
1410,1.0,0,1,1
1411,2.2,0,1,1
1412,1.0,0,1,1
1413,1.0,0,1,1
1414,0.2,3,0,0
1415,3.0,0,1,1
1416,1.0,0,1,1
1417,1.0,0,0,1
1418,0.2,3,0,0
1419,0.2,3,0,1
1420,0.2,3,0,0
1421,1.0,0,1,1
1422,0.2,3,0,0
1423,2.2,0,1,1
1424,1.0,0,1,0
1425,1.0,0,1,0
1426,1.0,0,1,0
1427,0.2,3,0,0
1428,0.2,3,0,0
1429,1.0,0,1,1
1430,1.0,3,0,0
1431,1.0,0,0,1
1432,0.2,3,0,0
1433,0.2,3,0,0
1434,1.0,0,1,0
1435,1.0,0,1,1
1436,0.2,3,0,0
1437,2.2,0,1,1
1438,1.0,1,0,0
1439,1.0,0,1,1
1440,2.2,0,1,1
1441,1.0,0,1,1
1442,0.2,3,0,0
1443,1.0,0,1,1
1444,0.2,3,0,0
1445,1.0,0,0,1
1446,1.0,0,1,1
1447,0.2,3,0,0
1448,1.0,0,1,1
1449,0.2,3,0,0
1450,2.2,0,1,1
1451,0.2,3,0,0
1452,2.2,0,1,1
1453,0.2,3,0,0
1454,1.0,0,1,1
1455,1.0,0,1,1
1456,0.2,3,0,0
1457,0.2,3,0,1
1458,0.2,3,0,0
1459,0.2,3,0,1
1460,1.0,0,1,1
1461,0.2,3,0,0
1462,0.2,3,0,0
1463,0.2,3,0,0
1464,0.2,3,0,0
1465,1.0,0,1,1
1466,0.2,3,0,0
1467,1.0,0,1,1
1468,1.0,0,1,1
1469,1.0,0,1,1
1470,2.2,0,1,1
1471,0.2,3,0,0
1472,0.2,3,0,0
1473,0.2,3,0,0
1474,2.2,0,1,1
1475,1.0,0,1,1
1476,0.2,3,0,0
1477,0.2,3,0,0
1478,1.0,0,1,1
1479,0.2,3,0,0
1480,0.2,3,0,0
1481,1.0,0,1,1
1482,1.0,0,1,1
1483,1.0,0,1,1
1484,0.2,3,0,0
1485,0.2,3,0,0
1486,0.2,3,0,0
1487,1.0,0,1,1
1488,1.0,0,1,1
1489,0.2,3,0,0
1490,1.0,0,1,1
1491,1.0,0,0,1
1492,2.2,0,1,1
1493,2.2,0,1,1
1494,2.2,0,1,1
1495,0.2,3,0,0
1496,1.0,0,1,1
1497,1.0,0,0,1
1498,1.0,0,1,0
1499,1.0,0,1,1
1500,0.2,3,0,0
1501,0.2,3,0,0
1502,0.2,3,0,0
1503,1.0,0,0,1
1504,0.2,3,0,0
1505,2.2,0,1,1
1506,0.2,0,0,1
1507,1.0,0,1,1
1508,0.2,3,0,0
1509,0.2,3,0,0
1510,0.2,3,0,1
1511,1.0,0,0,1
1512,0.2,3,0,0
1513,0.2,3,0,0
1514,0.2,3,0,0
1515,1.0,0,1,1
1516,0.2,3,0,0
1517,1.0,0,1,0
1518,1.0,0,1,1
1519,0.2,3,0,0
1520,0.2,3,0,0
1521,1.0,0,1,1
1522,0.2,3,0,0
1523,1.0,0,1,1
1524,1.0,0,1,1
1525,2.2,0,1,1
1526,0.2,3,0,0
1527,0.2,3,0,0
1528,1.0,0,1,1
1529,2.2,0,1,1
1530,0.2,3,0,0
1531,1.0,0,1,1
1532,1.0,0,1,1
1533,1.0,0,1,1
1534,2.2,0,1,1
1535,0.2,3,0,0
1536,1.0,0,1,1
1537,2.2,0,1,1
1538,0.2,3,0,0
1539,2.2,0,1,1
1540,0.2,3,0,0
1541,0.2,3,0,0
1542,1.0,0,1,0
1543,1.0,0,1,1
1544,1.0,0,1,1
1545,0.2,3,0,0
1546,1.0,0,1,1
1547,0.2,3,0,0
1548,0.2,3,0,0
1549,0.2,3,0,0
1550,0.2,3,0,0
1551,1.0,0,1,1
1552,1.0,0,1,1
1553,0.2,3,0,0
1554,0.2,3,0,0
1555,1.0,0,1,1
1556,1.0,0,1,1
1557,0.2,3,0,0
1558,2.2,0,1,1
1559,0.2,3,0,0
1560,3.0,0,1,1
1561,1.0,0,1,0
1562,0.2,3,0,0
1563,1.0,0,1,1
1564,0.2,3,0,0
1565,0.2,3,0,0
1566,1.0,3,0,0
1567,0.2,3,0,0
1568,1.0,0,0,1
1569,0.2,3,0,0
1570,0.2,3,0,0
1571,0.2,3,0,0
1572,0.2,3,0,0
1573,0.2,3,0,0
1574,0.2,3,0,0
1575,0.2,3,0,0
1576,0.2,3,0,0
1577,0.2,3,0,0
1578,1.0,0,1,1
1579,0.2,3,0,0
1580,1.0,0,1,1
1581,0.2,3,0,0
1582,0.2,3,0,0
1583,0.2,3,0,0
1584,0.2,3,0,0
1585,0.2,3,0,0
1586,0.2,3,0,0
1587,0.2,3,0,0
1588,1.0,0,1,1
1589,1.0,0,0,1
1590,0.2,3,0,0
1591,0.2,3,0,0
1592,1.0,0,1,1
1593,0.2,3,0,0
1594,1.0,0,1,1
1595,1.0,0,1,0
1596,0.2,3,0,0
1597,0.2,3,0,0
1598,0.2,3,0,0
1599,1.0,0,1,1
1600,1.0,0,1,1
1601,0.2,3,0,0
1602,1.0,0,1,1
1603,0.2,3,0,0
1604,0.2,3,0,1
1605,1.0,0,1,1
1606,1.0,0,0,1
1607,0.2,3,0,0
1608,1.0,0,1,1
1609,2.2,0,1,1
1610,1.0,0,1,1
1611,0.2,3,0,0
1612,2.2,0,1,1
1613,0.2,3,0,0
1614,0.2,3,0,0
1615,1.0,0,1,1
1616,2.2,0,1,1
1617,2.2,0,1,1
1618,1.0,0,1,1
1619,1.0,0,1,1
1620,1.0,0,1,0
1621,1.0,0,0,1
1622,0.2,3,0,0
1623,0.2,3,0,0
1624,1.0,0,1,1
1625,2.2,0,1,1
1626,0.2,3,0,0
1627,1.0,0,1,1
1628,1.0,0,1,1
1629,1.0,0,1,1
1630,0.2,3,0,0
1631,2.2,0,1,1
1632,1.0,0,1,1
1633,0.2,3,0,0
1634,1.0,0,1,1
1635,1.0,0,1,1
1636,0.2,3,0,0
1637,0.2,3,0,0
1638,1.0,0,1,1
1639,1.0,0,1,1
1640,1.0,0,1,1
1641,2.2,0,1,1
1642,2.2,0,1,1
1643,3.0,3,0,0
1644,2.2,0,1,1
1645,0.2,3,0,0
1646,0.2,3,0,0
1647,0.2,3,0,0
1648,1.0,0,1,1
1649,3.0,0,1,1
1650,1.0,0,1,1
1651,1.0,0,1,1
1652,0.2,3,0,0
1653,1.0,0,1,1
1654,1.0,0,1,1
1655,1.0,0,1,1
1656,0.2,3,0,0
1657,0.2,3,0,0
1658,1.0,0,1,1
1659,1.0,0,1,0
1660,1.0,0,0,1
1661,1.0,0,0,1
1662,0.2,3,0,0
1663,1.0,0,0,0
1664,0.2,3,0,1
1665,1.0,0,1,1
1666,1.0,0,1,1
1667,1.0,0,1,1
1668,0.2,3,0,0
1669,1.0,0,1,1
1670,0.2,3,0,0
1671,0.2,3,0,0
1672,1.0,0,1,1
1673,1.0,0,1,1
1674,1.0,0,1,1
1675,0.2,3,0,0
1676,1.0,0,0,1
1677,1.0,3,0,0
1678,1.0,0,1,1
1679,1.0,0,1,1
1680,0.2,3,0,0
1681,3.0,0,1,1
1682,2.2,0,1,1
1683,0.2,3,0,0
1684,1.0,0,1,1
1685,1.0,0,1,0
1686,1.0,0,1,1
1687,0.2,3,0,0
1688,0.2,3,0,0
1689,1.0,0,1,1
1690,1.0,0,1,1
1691,0.2,3,0,0
1692,0.2,3,0,0
1693,0.2,3,0,0
1694,1.0,0,1,0
1695,1.0,0,0,1
1696,0.2,3,0,0
1697,2.2,0,1,1
1698,3.0,0,1,1
1699,1.0,0,1,0
1700,1.0,0,1,0
1701,1.0,0,1,1
1702,0.2,3,0,0
1703,0.2,3,0,0
1704,0.2,3,0,0
1705,0.2,3,0,0
1706,0.2,3,0,0
1707,1.0,0,1,1
1708,0.2,3,0,0
1709,1.0,0,1,1
1710,0.2,3,0,0
1711,0.2,3,0,0
1712,0.2,3,0,0
1713,1.0,0,0,0
1714,0.2,3,0,0
1715,1.0,0,1,1
1716,0.2,3,0,0
1717,1.0,0,0,1
1718,1.0,0,0,1
1719,0.2,3,0,0
1720,1.0,0,0,1
1721,0.2,3,0,0
1722,2.2,0,1,1
1723,1.0,3,0,0
1724,0.2,3,0,0
1725,1.0,0,1,1
1726,1.0,0,1,0
1727,1.0,0,1,1
1728,0.2,3,0,0
1729,1.0,0,1,0
1730,1.0,0,1,1
1731,1.0,0,1,0
1732,0.2,3,0,0
1733,2.2,0,1,1
1734,0.2,3,0,0
1735,1.0,0,1,1
1736,1.0,0,1,0
1737,1.0,0,1,1
1738,0.2,3,0,0
1739,0.2,3,0,0
1740,0.2,3,0,0
1741,2.2,0,1,1
1742,0.2,3,0,0
1743,1.0,0,1,1
1744,0.2,3,0,0
1745,0.2,3,0,0
1746,1.0,0,1,1
1747,0.2,3,0,0
1748,2.2,0,1,1
1749,0.2,3,0,0
1750,0.2,3,0,0
1751,1.0,0,1,1
1752,1.0,0,0,0
1753,1.0,0,1,1
1754,0.2,3,0,0
1755,0.2,3,0,0
1756,1.0,0,0,1
1757,1.0,0,0,1
1758,1.0,0,1,1
1759,0.2,3,0,0
1760,1.0,0,1,1
1761,2.2,0,1,1
1762,2.2,0,1,1
1763,1.0,0,0,1
1764,1.0,0,1,1
1765,2.2,0,1,1
1766,1.0,0,0,1
1767,0.2,3,0,0
1768,1.0,0,1,1
1769,0.2,3,0,0
1770,1.0,0,1,0
1771,1.0,0,0,1
1772,0.2,3,0,0
1773,0.2,3,0,0
1774,1.0,0,1,1
1775,0.2,3,0,0
1776,0.2,3,0,0
1777,0.2,3,0,0
1778,0.2,3,0,0
1779,0.2,3,0,0
1780,1.0,0,0,1
1781,0.2,3,0,0
1782,0.2,3,0,0
1783,0.2,3,0,0
1784,1.0,0,1,1
1785,1.0,0,1,1
1786,1.0,0,1,1
1787,0.2,3,0,0
1788,0.2,3,0,1
1789,3.0,3,0,0
1790,0.2,3,0,0
1791,1.0,0,1,1
1792,0.2,3,0,0
1793,1.0,0,1,1
1794,1.0,0,0,1
1795,0.2,3,0,0
1796,0.2,3,0,0
1797,1.0,0,1,1
1798,0.2,3,0,0
1799,1.0,0,1,1
1800,1.0,0,1,1
1801,0.2,3,0,0
1802,0.2,3,0,0
1803,1.0,0,1,1
1804,1.0,0,1,1
1805,1.0,0,1,1
1806,1.0,0,1,1
1807,1.0,0,1,0
1808,0.2,3,0,0
1809,0.2,3,0,0
1810,1.0,0,1,1
1811,0.2,3,0,0
1812,1.0,0,1,1
1813,0.2,3,0,0
1814,0.2,3,0,0
1815,3.0,0,1,1
1816,0.2,3,0,0
1817,1.0,0,1,1
1818,1.0,0,1,1
1819,0.2,3,0,0
1820,1.0,0,1,1
1821,0.2,3,0,0
1822,1.0,0,1,1
1823,1.0,0,1,1
1824,0.2,3,0,0
1825,1.0,0,1,1
1826,1.0,0,1,1
1827,0.2,3,0,0
1828,0.2,3,0,0
1829,0.2,3,0,1
1830,0.2,3,0,0
1831,0.2,3,0,0
1832,0.2,3,0,0
1833,1.0,0,0,0
1834,0.2,3,0,0
1835,1.0,0,1,1
1836,1.0,0,1,1
1837,2.2,0,1,1
1838,0.2,3,0,0
1839,1.0,0,0,1
1840,1.0,0,1,1
1841,1.0,0,1,1
1842,0.2,3,0,0
1843,3.0,0,1,1
1844,2.2,0,1,1
1845,0.2,3,0,0
1846,0.2,3,0,0
1847,1.0,0,1,1
1848,1.0,0,1,1
1849,0.2,3,0,0
1850,1.0,0,1,1
1851,1.0,3,0,0
1852,1.0,0,1,1
1853,0.2,3,0,0
1854,1.0,0,1,1
1855,0.2,3,0,0
1856,0.2,3,0,0
1857,1.0,0,1,1
1858,0.2,3,0,0
1859,3.0,3,0,0
1860,0.2,3,0,0
1861,0.2,3,0,0
1862,0.2,3,0,0
1863,1.0,0,1,1
1864,1.0,0,1,1
1865,1.0,0,0,1
1866,0.2,3,0,0
1867,1.0,0,1,1
1868,0.2,3,0,0
1869,1.0,0,1,1
1870,0.2,3,0,0
1871,0.2,3,0,0
1872,1.0,0,1,1
1873,1.0,0,1,1
1874,0.2,3,0,0
1875,0.2,3,0,0
1876,0.2,3,0,0
1877,0.2,3,0,0
1878,3.0,0,1,1
1879,0.2,3,0,0
1880,1.0,0,1,1
1881,0.2,3,0,0
1882,1.0,0,1,1
1883,1.0,0,1,1
1884,0.2,3,0,0
1885,1.0,1,0,0
1886,0.2,3,0,0
1887,2.2,0,1,1
1888,1.0,0,1,1
1889,0.2,3,0,0
1890,0.2,3,0,0
1891,1.0,0,0,1
1892,1.0,0,1,0
1893,1.0,0,1,1
1894,1.0,0,1,1
1895,1.0,0,1,1
1896,0.2,3,0,0
1897,0.2,3,0,0
1898,0.2,3,0,0
1899,2.2,0,1,1
1900,0.2,3,0,0
1901,1.0,0,1,1
1902,0.2,3,0,0
1903,1.0,0,0,1
1904,0.2,3,0,0
1905,0.2,3,0,0
1906,0.2,3,0,0
1907,0.2,3,0,0
1908,1.0,0,0,1
1909,0.2,3,0,0
1910,1.0,0,0,1
1911,0.2,3,0,0
1912,2.2,0,1,1
1913,0.2,3,0,0
1914,0.2,3,0,0
1915,1.0,0,1,0
1916,1.0,0,1,1
1917,0.2,3,0,0
1918,1.0,0,1,0
1919,1.0,0,1,1
1920,0.2,3,0,0
1921,1.0,0,1,1
1922,1.0,0,1,1
1923,1.0,0,1,0
1924,1.0,0,0,1
1925,0.2,3,0,0
1926,1.0,0,1,1
1927,0.2,3,0,0
1928,2.2,0,1,1
1929,0.2,3,0,0
1930,1.0,0,1,0
1931,2.2,0,1,1
1932,1.0,0,0,1
1933,2.2,0,1,1
1934,1.0,0,1,1
1935,1.0,0,1,1
1936,1.0,0,1,0
1937,1.0,0,1,0
1938,0.2,3,0,0
1939,1.0,0,1,0
1940,1.0,0,1,1
1941,0.2,3,0,0
1942,0.2,3,0,0
1943,2.2,0,1,1
1944,1.0,0,1,1
1945,1.0,0,1,1
1946,1.0,0,1,1
1947,1.0,0,1,1
1948,0.2,3,0,0
1949,0.2,3,0,0
1950,1.0,0,1,1
1951,0.2,3,0,0
1952,1.0,0,1,1
1953,0.2,3,0,0
1954,1.0,0,0,1
1955,0.2,3,0,0
1956,1.0,0,1,1
1957,1.0,0,1,1
1958,2.2,0,1,1
1959,0.2,3,0,0
1960,0.2,3,0,0
1961,1.0,0,1,1
1962,1.0,0,1,1
1963,1.0,1,0,0
1964,1.0,0,1,1
1965,1.0,0,1,0
1966,1.0,0,0,1
1967,0.2,3,0,0
1968,1.0,0,0,1
1969,1.0,0,1,1
1970,0.2,3,0,0
1971,0.2,3,0,0
1972,2.2,0,1,1
1973,1.0,0,1,1
1974,1.0,0,1,1
1975,0.2,3,0,0
1976,0.2,3,0,0
1977,0.2,3,0,0
1978,0.2,3,0,0
1979,2.2,0,1,1
1980,0.2,3,0,0
1981,1.0,0,1,1
1982,2.2,0,1,1
1983,1.0,0,1,1
1984,1.0,0,0,1
1985,0.2,3,0,0
1986,0.2,3,0,0
1987,2.2,0,0,1
1988,1.0,0,1,1
1989,0.2,3,0,0
1990,1.0,0,1,1
1991,0.2,3,0,0
1992,1.0,0,1,1
1993,1.0,0,1,1
1994,1.0,0,1,1
1995,1.0,0,1,1
1996,1.0,0,1,0
1997,0.2,3,0,0
1998,0.2,3,0,0
1999,0.2,3,0,0
2000,1.0,0,1,1
2001,0.2,3,0,0
2002,0.2,3,0,0
2003,2.2,0,1,1
2004,0.2,3,0,0
2005,0.2,3,0,0
2006,2.2,0,1,1
2007,1.0,0,1,1
2008,2.2,0,0,1
2009,1.0,0,1,1
2010,1.0,0,0,0
2011,2.2,0,1,1
2012,0.2,3,0,1
2013,2.2,0,1,1
2014,1.0,0,1,1
2015,0.2,3,0,0
2016,1.0,0,0,0
2017,0.2,3,0,0
2018,1.0,0,0,0
2019,1.0,1,0,0
2020,1.0,0,1,1
2021,1.0,0,1,1
2022,0.2,3,0,0
2023,0.2,3,0,0
2024,0.2,3,0,0
2025,1.0,0,1,1
2026,0.2,3,0,0
2027,1.0,0,1,0
2028,2.2,0,1,1
2029,0.2,3,0,0
2030,2.2,0,0,1
2031,0.2,3,0,0
2032,0.2,3,0,0
2033,0.2,3,0,1
2034,0.2,3,0,0
2035,1.0,0,1,1
2036,1.0,0,1,1
2037,1.0,0,1,1
2038,0.2,3,0,0
2039,1.0,0,1,1
2040,1.0,0,1,1
2041,2.2,0,1,1
2042,1.0,0,1,1
2043,0.2,3,0,0
2044,1.0,1,0,0
2045,0.2,3,0,0
2046,1.0,0,1,0
2047,0.2,3,0,0
2048,2.2,0,1,1
2049,2.2,0,1,1
2050,1.0,0,0,1
2051,0.2,3,0,0
2052,0.2,3,0,0
2053,1.0,0,1,1
2054,2.2,0,1,1
2055,1.0,0,1,1
2056,0.2,3,0,0
2057,1.0,0,1,1
2058,1.0,0,1,0
2059,2.2,0,1,1
2060,1.0,0,1,1
2061,1.0,3,0,0
2062,0.2,3,0,0
2063,0.2,3,0,0
2064,1.0,0,0,1
2065,0.2,3,0,0
2066,0.2,3,0,0
2067,1.0,0,1,1
2068,0.2,3,0,0
2069,1.0,0,1,1
2070,2.2,0,1,1
2071,0.2,3,0,0
2072,1.0,0,1,1
2073,2.2,0,1,1
2074,3.0,0,1,1
2075,1.0,0,1,1
2076,1.0,0,1,0
2077,2.2,0,1,1
2078,3.0,3,0,0
2079,0.2,3,0,0
2080,1.0,0,1,1
2081,1.0,0,0,1
2082,1.0,0,0,1
2083,1.0,0,1,1
2084,0.2,3,0,0
2085,1.0,0,1,1
2086,0.2,3,0,0
2087,2.2,0,1,1
2088,1.0,0,1,1
2089,0.2,3,0,0
2090,2.2,0,1,1
2091,0.2,3,0,0
2092,1.0,3,0,0
2093,1.0,0,1,0
2094,1.0,0,1,1
2095,1.0,3,0,0
2096,2.2,0,0,1
2097,0.2,3,0,0
2098,1.0,0,1,1
2099,0.2,3,0,0
2100,0.2,3,0,0
2101,1.0,0,0,0
2102,0.2,3,0,0
2103,1.0,0,1,1
2104,1.0,0,1,1
2105,0.2,3,0,1
2106,0.2,3,0,0
2107,0.2,3,0,0
2108,0.2,3,0,0
2109,1.0,0,1,1
2110,2.2,0,1,1
2111,1.0,0,1,1
2112,1.0,0,1,1
2113,1.0,0,1,0
2114,0.2,3,0,0
2115,1.0,0,0,0
2116,1.0,0,1,1
2117,1.0,0,0,1
2118,0.2,3,0,0
2119,0.2,3,0,0
2120,0.2,3,0,0
2121,1.0,0,1,1
2122,1.0,0,0,1
2123,1.0,0,1,1
2124,0.2,3,0,0
2125,0.2,3,0,0
2126,1.0,0,1,1
2127,1.0,0,1,1
2128,1.0,0,1,1
2129,1.0,0,1,0
2130,1.0,0,1,1
2131,0.2,3,0,0
2132,2.2,0,1,1
2133,0.2,3,0,1
2134,0.2,3,0,0
2135,0.2,3,0,0
2136,1.0,0,1,1
2137,1.0,0,1,1
2138,0.2,3,0,0
2139,0.2,3,0,0
2140,1.0,0,1,1
2141,1.0,0,1,1
2142,0.2,3,0,0
2143,1.0,0,1,1
2144,0.2,3,0,0
2145,0.2,3,0,0
2146,1.0,0,1,1
2147,2.2,0,1,1
2148,1.0,0,1,0
2149,1.0,0,1,1
2150,1.0,0,1,1
2151,0.2,3,0,0
2152,0.2,3,0,0
2153,0.2,3,0,0
2154,0.2,3,0,0
2155,1.0,0,0,1
2156,1.0,0,1,0
2157,1.0,0,1,1
2158,1.0,0,1,1
2159,0.2,3,0,0
2160,2.2,0,1,1
2161,1.0,0,0,1
2162,2.2,0,1,1
2163,1.0,0,1,1
2164,0.2,3,0,0
2165,0.2,3,0,0
2166,1.0,0,1,1
2167,1.0,0,1,1
2168,0.2,3,0,0
2169,0.2,3,0,0
2170,1.0,0,1,1
2171,1.0,0,1,0
2172,1.0,0,1,1
2173,1.0,0,1,0
2174,2.2,0,1,1
2175,0.2,3,0,0
2176,2.2,0,1,1
2177,0.2,3,0,0
2178,0.2,3,0,0
2179,1.0,0,1,1
2180,0.2,3,0,1
2181,0.2,3,0,0
2182,1.0,0,1,1
2183,2.2,0,1,1
2184,1.0,0,1,1
2185,1.0,0,1,0
2186,1.0,0,1,1
2187,1.0,0,1,1
2188,2.2,0,1,1
2189,0.2,3,0,0
2190,0.2,3,0,0
2191,2.2,0,1,1
2192,1.0,0,0,1
2193,1.0,0,1,1
2194,2.2,0,1,1
2195,1.0,0,1,1
2196,1.0,0,1,1
2197,1.0,0,1,1
2198,1.0,0,1,1
2199,1.0,0,1,1
2200,1.0,0,1,1
2201,0.2,3,0,0
2202,2.2,0,1,1
2203,2.2,0,1,1
2204,1.0,0,0,1
2205,1.0,0,0,1
2206,1.0,0,1,1
2207,1.0,0,1,1
2208,1.0,0,1,1
2209,1.0,0,0,1
2210,1.0,0,1,1
2211,1.0,0,1,1
2212,1.0,0,1,1
2213,0.2,3,0,0
2214,2.2,0,1,1
2215,1.0,0,0,1
2216,1.0,0,1,1
2217,0.2,3,0,0
2218,1.0,0,1,1
2219,0.2,3,0,0
2220,1.0,0,1,1
2221,0.2,3,0,0
2222,1.0,0,1,1
2223,1.0,0,0,1
2224,1.0,0,1,1
2225,0.2,3,0,0
2226,0.2,3,0,0
2227,2.2,0,1,1
2228,0.2,3,0,0
2229,1.0,3,0,0
2230,1.0,0,1,1
2231,2.2,0,1,1
2232,2.2,0,1,1
2233,0.2,3,0,0
2234,1.0,0,1,1
2235,1.0,0,1,1
2236,1.0,0,0,1
2237,0.2,3,0,0
2238,0.2,3,0,0
2239,0.2,3,0,0
2240,1.0,0,1,1
2241,0.2,3,0,0
2242,0.2,3,0,0
2243,1.0,0,1,1
2244,0.2,3,0,0
2245,1.0,0,1,1
2246,0.2,3,0,0
2247,2.2,0,1,1
2248,0.2,3,0,0
2249,0.2,3,0,0
2250,1.0,0,0,1
2251,0.2,3,0,0
2252,0.2,3,0,0
2253,1.0,0,1,1
2254,0.2,3,0,0
2255,1.0,0,0,1
2256,0.2,3,0,0
2257,1.0,0,1,1
2258,0.2,3,0,0
2259,3.4000000000000004,1,1,0
2260,0.2,3,0,0
2261,1.0,0,1,1
2262,1.0,0,1,1
2263,0.2,3,0,0
2264,0.2,3,0,0
2265,0.2,3,0,0
2266,1.0,0,1,1
2267,1.0,0,1,0
2268,1.0,0,1,1
2269,2.2,0,1,1
2270,1.0,0,0,1
2271,0.2,3,0,0
2272,0.2,3,0,0
2273,1.0,0,1,1
2274,0.2,3,0,0
2275,2.2,0,1,1
2276,0.2,3,0,0
2277,1.0,0,0,1
2278,1.0,0,1,1
2279,0.2,3,0,0
2280,0.2,3,0,0
2281,1.0,0,1,1
2282,1.0,0,1,1
2283,0.2,3,0,0
2284,1.0,0,1,1
2285,1.0,0,1,1
2286,0.2,3,0,0
2287,1.0,0,1,1
2288,1.0,0,0,1
2289,0.2,3,0,0
2290,0.2,3,0,0
2291,0.2,3,0,0
2292,0.2,3,0,0
2293,1.0,0,1,1
2294,0.2,3,0,0
2295,1.0,0,1,1
2296,1.0,0,1,1
2297,2.2,0,1,1
2298,0.2,3,0,0
2299,0.2,3,0,0
2300,0.2,3,0,0
2301,1.0,0,1,1
2302,1.0,0,1,1
2303,1.0,0,1,1
2304,1.0,0,1,1
2305,1.0,0,1,1
2306,1.0,0,1,1
2307,0.2,3,0,0
2308,0.2,3,0,0
2309,1.0,0,1,1
2310,0.2,3,0,0
2311,1.0,0,1,1
2312,0.2,3,0,0
2313,2.2,0,1,1
2314,0.2,3,0,0
2315,0.2,3,0,0
2316,0.2,3,0,0
2317,1.0,0,1,1
2318,1.0,0,1,1
2319,0.2,3,0,0
2320,0.2,3,0,0
2321,1.0,0,1,1
2322,0.2,3,0,0
2323,1.0,0,1,1
2324,0.2,3,0,0
2325,2.2,0,1,1
2326,0.2,3,0,0
2327,1.0,0,1,1
2328,0.2,3,0,0
2329,2.2,0,1,1
2330,0.2,3,0,0
2331,1.0,1,0,0
2332,1.0,0,1,0
2333,1.0,0,0,0
2334,1.0,0,1,1
2335,0.2,3,0,0
2336,1.0,0,1,1
2337,0.2,3,0,0
2338,0.2,3,0,0
2339,1.0,0,1,1
2340,2.2,0,0,1
2341,1.0,0,0,1
2342,0.2,3,0,0
2343,1.0,0,1,1
2344,0.2,3,0,0
2345,1.0,0,1,1
2346,2.2,0,1,1
2347,1.0,0,1,1
2348,0.2,3,0,0
2349,2.2,0,1,1
2350,0.2,3,0,1
2351,1.0,0,1,0
2352,0.2,3,0,0
2353,0.2,3,0,0
2354,0.2,3,0,0
2355,0.2,3,0,0
2356,2.2,0,1,1
2357,0.2,3,0,0
2358,1.0,0,0,1
2359,0.2,3,0,0
2360,0.2,3,0,0
2361,1.0,0,1,0
2362,1.0,0,1,1
2363,1.0,0,1,1
2364,1.0,0,0,1
2365,1.0,0,1,1
2366,1.0,0,1,1
2367,1.0,0,1,1
2368,2.2,0,1,1
2369,2.2,0,1,1
2370,0.2,3,0,0
2371,0.2,3,0,0
2372,1.0,0,1,1
2373,1.0,0,1,1
2374,1.0,0,0,1
2375,0.2,3,0,0
2376,0.2,3,0,0
2377,1.0,0,1,1
2378,0.2,3,0,0
2379,1.0,0,1,1
2380,1.0,0,1,1
2381,1.0,0,1,1
2382,1.0,0,1,1
2383,1.0,0,0,1
2384,1.0,0,1,1
2385,0.2,3,0,0
2386,0.2,3,0,0
2387,1.0,0,1,0
2388,1.0,0,0,1
2389,1.0,0,1,1
2390,1.0,0,0,0
2391,1.0,0,1,1
2392,2.2,0,1,1
2393,1.0,0,1,1
2394,0.2,3,0,0
2395,1.0,0,1,1
2396,0.2,3,0,0
2397,0.2,3,0,0
2398,0.2,3,0,0
2399,1.0,0,1,1
2400,1.0,0,1,1
2401,1.0,0,1,1
2402,1.0,0,1,1
2403,0.2,3,0,0
2404,0.2,3,0,0
2405,1.0,0,0,0
2406,0.2,3,0,0
2407,2.2,0,1,1
2408,0.2,3,0,0
2409,0.2,3,0,0
2410,1.0,0,1,1
2411,1.0,0,1,1
2412,1.0,0,1,1
2413,0.2,3,0,0
2414,0.2,3,0,0
2415,1.0,0,1,0
2416,1.0,0,1,1
2417,1.0,0,1,1
2418,0.2,3,0,0
2419,1.0,0,0,1
2420,0.2,3,0,0
2421,1.0,0,1,1
2422,0.2,3,0,0
2423,0.2,3,0,0
2424,0.2,3,0,0
2425,0.2,3,0,0
2426,1.0,0,1,1
2427,0.2,3,0,0
2428,1.0,0,1,1
2429,1.0,0,1,1
2430,0.2,3,0,0
2431,0.2,3,0,0
2432,0.2,3,0,0
2433,0.2,3,0,0
2434,1.0,0,1,1
2435,0.2,3,0,0
2436,0.2,3,0,0
2437,1.0,0,1,0
2438,0.2,3,0,0
2439,1.0,0,0,1
2440,0.2,3,0,0
2441,0.2,3,0,0
2442,1.0,0,1,1
2443,1.0,0,1,1
2444,1.0,0,1,0
2445,1.0,0,1,1
2446,0.2,3,0,0
2447,0.2,3,0,0
2448,1.0,0,0,1
2449,1.0,0,1,1
2450,1.0,0,0,1
2451,1.0,0,1,1
2452,0.2,3,0,0
2453,1.0,0,1,1
2454,1.0,0,1,0
2455,1.0,0,1,0
2456,0.2,3,0,0
2457,0.2,3,0,0
2458,0.2,3,0,0
2459,1.0,0,1,0
2460,2.2,0,1,1
2461,1.0,0,1,1
2462,0.2,3,0,0
2463,0.2,3,0,0
2464,0.2,3,0,0
2465,0.2,3,0,0
2466,0.2,3,0,0
2467,1.0,0,1,1
2468,1.0,0,1,1
2469,1.0,0,1,1
2470,0.2,3,0,0
2471,0.2,3,0,0
2472,0.2,3,0,0
2473,1.0,0,1,1
2474,2.2,0,1,1
2475,0.2,3,0,0
2476,0.2,3,0,0
2477,2.2,0,1,1
2478,0.2,3,0,0
2479,1.0,0,0,1
2480,0.2,3,0,0
2481,1.0,0,1,1
2482,0.2,3,0,0
2483,1.0,0,1,1
2484,0.2,3,0,0
2485,1.0,0,1,1
2486,0.2,3,0,0
2487,0.2,3,0,0
2488,1.0,0,1,1
2489,0.2,3,0,0
2490,1.0,0,1,1
2491,0.2,3,0,0
2492,0.2,3,0,0
2493,0.2,3,0,1
2494,1.0,0,1,1
2495,0.2,3,0,0
2496,0.2,3,0,0
2497,1.0,0,1,1
2498,1.0,0,1,1
2499,0.2,3,0,0
2500,3.0,0,1,1
2501,2.2,0,1,1
2502,1.0,0,1,1
2503,1.0,0,1,0
2504,0.2,3,0,0
2505,2.2,0,1,1
2506,1.0,0,0,1
2507,0.2,3,0,0
2508,1.0,0,1,1
2509,2.2,0,1,1
2510,0.2,3,0,0
2511,1.0,0,1,1
2512,1.0,0,1,1
2513,1.0,0,1,1
2514,1.0,0,1,1
2515,1.0,0,1,1
2516,0.2,3,0,0
2517,2.2,0,1,1
2518,1.0,0,1,1
2519,3.0,3,0,0
2520,1.0,0,0,1
2521,0.2,3,0,0
2522,1.0,0,1,1
2523,1.0,0,0,1
2524,2.2,0,1,1
2525,2.2,0,1,1
2526,1.0,0,1,1
2527,1.0,0,1,1
2528,1.0,0,1,1
2529,0.2,3,0,0
2530,1.0,0,1,1
2531,1.0,0,1,1
2532,0.2,3,0,0
2533,3.4000000000000004,1,1,0
2534,1.0,0,1,1
2535,0.2,3,0,0
2536,1.0,0,1,1
2537,1.0,0,1,1
2538,1.0,0,0,1
2539,1.0,0,1,1
2540,0.2,3,0,0
2541,1.0,0,1,1
2542,1.0,0,1,0
2543,1.0,0,0,1
2544,1.0,0,1,1
2545,1.0,0,0,1
2546,0.2,3,0,0
2547,0.2,3,0,0
2548,0.2,3,0,0
2549,1.0,0,1,1
2550,0.2,3,0,0
2551,0.2,3,0,0
2552,1.0,0,1,1
2553,0.2,3,0,0
2554,2.2,0,0,1
2555,1.0,0,1,1
2556,0.2,3,0,0
2557,1.0,0,1,1
2558,3.4000000000000004,1,1,0
2559,2.2,0,1,1
2560,1.0,0,0,1
2561,0.2,3,0,0
2562,0.2,3,0,0
2563,0.2,3,0,0
2564,1.0,0,1,1
2565,0.2,3,0,0
2566,1.0,0,1,1
2567,1.0,0,1,1
2568,0.2,3,0,0
2569,0.2,3,0,0
2570,1.0,0,0,1
2571,1.0,0,1,1
2572,0.2,3,0,0
2573,1.0,0,0,1
2574,1.0,1,0,0
2575,0.2,3,0,0
2576,0.2,3,0,0
2577,1.0,0,1,1
2578,0.2,3,0,0
2579,0.2,3,0,0
2580,0.2,3,0,0
2581,1.0,0,1,0
2582,1.0,3,0,0
2583,1.0,0,1,1
2584,1.0,0,1,1
2585,1.0,0,0,1
2586,1.0,0,1,1
2587,1.0,0,1,1
2588,1.0,0,1,1
2589,2.2,0,1,1
2590,0.2,3,0,0
2591,0.2,3,0,0
2592,0.2,3,0,0
2593,0.2,3,0,0
2594,1.0,0,1,1
2595,0.2,3,0,0
2596,0.2,3,0,0
2597,0.2,3,0,0
2598,1.0,0,1,1
2599,1.0,0,1,0
2600,1.0,0,1,1
2601,0.2,3,0,0
2602,0.2,3,0,0
2603,0.2,3,0,0
2604,0.2,3,0,0
2605,2.2,0,1,1
2606,0.2,3,0,0
2607,0.2,3,0,0
2608,0.2,3,0,0
2609,0.2,3,0,0
2610,1.0,0,1,1
2611,1.0,0,1,1
2612,1.0,0,1,1
2613,1.0,0,1,1
2614,0.2,3,0,0
2615,1.0,0,1,1
2616,0.2,3,0,0
2617,1.0,0,1,1
2618,1.0,0,1,1
2619,0.2,3,0,0
2620,0.2,3,0,0
2621,0.2,3,0,0
2622,1.0,0,0,1
2623,3.4000000000000004,1,1,0
2624,1.0,0,1,1
2625,1.0,0,1,1
2626,1.0,0,1,1
2627,1.0,0,1,1
2628,1.0,0,1,1
2629,0.2,3,0,0
2630,1.0,0,0,1
2631,0.2,3,0,0
2632,1.0,0,0,1
2633,0.2,3,0,0
2634,1.0,0,1,1
2635,1.0,0,1,1
2636,3.4000000000000004,1,1,0
2637,1.0,0,0,0
2638,0.2,3,0,0
2639,0.2,3,0,1
2640,1.0,0,1,1
2641,0.2,3,0,0
2642,0.2,3,0,0
2643,1.0,0,1,1
2644,1.0,0,0,0
2645,1.0,0,1,1
2646,1.0,0,1,1
2647,0.2,3,0,0
2648,1.0,0,1,1
2649,1.0,0,1,1
2650,1.0,0,1,1
2651,1.0,0,1,1
2652,1.0,0,1,1
2653,2.2,0,1,1
2654,0.2,3,0,0
2655,1.0,0,1,1
2656,1.0,0,1,1
2657,1.0,0,0,1
2658,0.2,3,0,0
2659,2.2,0,1,1
2660,0.2,3,0,0
2661,1.0,0,1,1
2662,1.0,0,1,1
2663,1.0,0,1,1
2664,1.0,0,0,0
2665,0.2,3,0,0
2666,1.0,0,1,0
2667,0.2,3,0,0
2668,0.2,3,0,0
2669,0.2,3,0,0
2670,0.2,3,0,0
2671,2.2,0,1,1
2672,1.0,0,1,1
2673,1.0,0,1,0
2674,1.0,0,1,1
2675,0.2,3,0,0
2676,0.2,3,0,0
2677,2.2,0,1,1
2678,1.0,0,0,1
2679,1.0,0,1,1
2680,1.0,0,0,1
2681,1.0,0,0,1
2682,0.2,3,0,0
2683,0.2,3,0,0
2684,0.2,3,0,0
2685,0.2,3,0,0
2686,0.2,3,0,0
2687,1.0,0,1,1
2688,0.2,3,0,0
2689,0.2,3,0,0
2690,0.2,3,0,0
2691,1.0,0,1,1
2692,0.2,3,0,0
2693,1.0,0,0,1
2694,1.0,0,1,1
2695,1.0,0,1,1
2696,0.2,3,0,0
2697,1.0,0,1,1
2698,1.0,0,0,1
2699,0.2,3,0,0
2700,0.2,3,0,0
2701,1.0,0,1,1
2702,0.2,3,0,0
2703,0.2,3,0,0
2704,0.2,3,0,0
2705,2.2,0,1,1
2706,0.2,3,0,1
2707,0.2,3,0,0
2708,1.0,0,1,1
2709,1.0,0,1,0
2710,0.2,3,0,0
2711,1.0,0,1,1
2712,1.0,0,1,1
2713,0.2,3,0,1
2714,2.2,0,1,1
2715,0.2,3,0,0
2716,1.0,0,0,0
2717,1.0,0,1,1
2718,1.0,0,1,1
2719,2.2,0,1,1
2720,1.0,0,1,1
2721,2.2,0,1,1
2722,1.0,0,1,1
2723,1.0,0,0,1
2724,3.0,0,1,1
2725,1.0,0,1,1
2726,1.0,0,0,1
2727,1.0,0,1,1
2728,1.0,0,1,1
2729,0.2,3,0,0
2730,1.0,0,1,1
2731,1.0,0,1,0
2732,1.0,0,1,1
2733,0.2,3,0,0
2734,0.2,3,0,0
2735,0.2,3,0,0
2736,0.2,3,0,0
2737,1.0,0,1,1
2738,1.0,0,1,1
2739,1.0,0,1,1
2740,0.2,3,0,0
2741,0.2,3,0,0
2742,0.2,3,0,0
2743,0.2,3,0,0
2744,0.2,3,0,0
2745,0.2,3,0,0
2746,1.0,0,1,1
2747,0.2,3,0,0
2748,2.2,0,1,1
2749,1.0,0,1,1
2750,1.0,0,1,1
2751,0.2,3,0,0
2752,1.0,0,1,1
2753,1.0,0,0,1
2754,1.0,0,1,1
2755,0.2,3,0,0
2756,0.2,3,0,0
2757,0.2,3,0,0
2758,0.2,3,0,0
2759,0.2,3,0,0
2760,1.0,0,1,0
2761,2.2,0,1,1
2762,2.2,0,1,1
2763,0.2,3,0,0
2764,0.2,3,0,0
2765,0.2,3,0,0
2766,0.2,3,0,0
2767,2.2,0,1,1
2768,0.2,3,0,0
2769,0.2,3,0,0
2770,2.2,0,1,1
2771,1.0,0,1,1
2772,0.2,3,0,0
2773,0.2,3,0,0
2774,0.2,3,0,0
2775,0.2,3,0,0
2776,2.2,0,1,1
2777,2.2,0,1,1
2778,1.0,0,1,1
2779,1.0,0,1,1
2780,0.2,3,0,0
2781,2.2,0,1,1
2782,1.0,0,1,0
2783,2.2,0,1,1
2784,1.0,0,0,1
2785,0.2,3,0,0
2786,0.2,3,0,0
2787,1.0,0,1,1
2788,0.2,3,0,0
2789,0.2,3,0,0
2790,1.0,0,1,1
2791,3.0,0,1,1
2792,0.2,3,0,0
2793,0.2,3,0,0
2794,0.2,3,0,0
2795,1.0,0,1,1
2796,1.0,0,1,1
2797,0.2,3,0,0
2798,0.2,3,0,0
2799,0.2,3,0,0
2800,1.0,0,1,1
2801,1.0,0,1,1
2802,1.0,0,1,1
2803,1.0,0,0,1
2804,1.0,0,1,1
2805,1.0,0,1,1
2806,0.2,3,0,0
2807,1.0,0,1,1
2808,1.0,0,1,1
2809,1.0,0,1,1
2810,1.0,0,1,1
2811,1.0,0,1,1
2812,1.0,0,0,1
2813,0.2,3,0,0
2814,0.2,3,0,0
2815,1.0,0,1,1
2816,1.0,0,1,1
2817,1.0,0,0,0
2818,0.2,3,0,0
2819,1.0,0,1,1
2820,1.0,0,0,1
2821,0.2,3,0,0
2822,1.0,0,0,1
2823,0.2,3,0,0
2824,2.2,0,1,1
2825,2.2,0,1,1
2826,0.2,3,0,0
2827,1.0,0,1,1
2828,0.2,3,0,0
2829,0.2,3,0,0
2830,0.2,3,0,0
2831,1.0,0,0,1
2832,1.0,0,1,1
2833,0.2,3,0,0
2834,1.0,0,1,1
2835,0.2,3,0,0
2836,0.2,3,0,0
2837,1.0,0,1,1
2838,1.0,0,1,1
2839,1.0,3,0,0
2840,1.0,0,0,1
2841,0.2,3,0,0
2842,1.0,0,1,1
2843,0.2,3,0,0
2844,2.2,0,1,1
2845,2.2,0,1,1
2846,0.2,3,0,0
2847,0.2,3,0,0
2848,1.0,0,1,1
2849,1.0,0,0,1
2850,2.2,0,1,1
2851,0.2,3,0,0
2852,0.2,3,0,0
2853,1.0,0,1,1
2854,1.0,0,1,1
2855,1.0,0,0,1
2856,1.0,0,1,1
2857,1.0,0,1,1
2858,1.0,0,1,1
2859,1.0,0,1,1
2860,0.2,3,0,0
2861,1.0,0,1,1
2862,1.0,0,1,1
2863,1.0,0,1,1
2864,2.2,0,1,1
2865,1.0,0,1,0
2866,1.0,0,1,1
2867,0.2,3,0,0
2868,1.0,0,1,1
2869,0.2,3,0,0
2870,0.2,3,0,0
2871,1.0,0,1,1
2872,1.0,0,1,1
2873,1.0,0,1,0
2874,1.0,0,1,1
2875,0.2,3,0,0
2876,0.2,3,0,0
2877,1.0,0,1,0
2878,0.2,3,0,0
2879,0.2,3,0,0
2880,3.0,0,1,1
2881,0.2,3,0,0
2882,1.0,0,1,1
2883,0.2,3,0,0
2884,1.0,0,1,1
2885,0.2,3,0,0
2886,1.0,0,1,1
2887,1.0,0,1,1
2888,1.0,0,1,1
2889,0.2,3,0,0
2890,0.2,3,0,0
2891,1.0,0,1,1
2892,1.0,0,0,1
2893,1.0,0,1,1
2894,1.0,0,1,1
2895,1.0,0,0,1
2896,0.2,3,0,0
2897,1.0,0,1,1
2898,0.2,3,0,0
2899,1.0,0,1,1
2900,2.2,0,1,1
2901,1.0,0,1,0
2902,0.2,3,0,0
2903,0.2,3,0,0
2904,1.0,0,1,1
2905,0.2,3,0,0
2906,0.2,3,0,0
2907,0.2,3,0,0
2908,1.0,0,1,0
2909,0.2,3,0,0
2910,1.0,0,1,1
2911,1.0,0,1,1
2912,1.0,0,1,1
2913,2.2,0,0,1
2914,0.2,3,0,0
2915,2.2,0,0,1
2916,0.2,3,0,0
2917,2.2,0,1,1
2918,0.2,3,0,0
2919,1.0,0,1,1
2920,0.2,3,0,0
2921,1.0,0,1,1
2922,1.0,3,0,0
2923,1.0,0,1,1
2924,0.2,3,0,0
2925,1.0,0,1,1
2926,1.0,0,1,1
2927,0.2,3,0,0
2928,0.2,3,0,0
2929,1.0,0,0,1
2930,1.0,0,1,1
2931,2.2,0,1,1
2932,1.0,0,1,1
2933,1.0,0,1,0
2934,0.2,3,0,0
2935,1.0,0,1,1
2936,1.0,0,1,1
2937,1.0,0,1,1
2938,1.0,0,1,1
2939,1.0,0,1,1
2940,1.0,0,1,0
2941,1.0,0,0,1
2942,0.2,3,0,0
2943,0.2,3,0,0
2944,0.2,3,0,0
2945,1.0,0,1,1
2946,2.2,0,1,1
2947,1.0,0,1,1
2948,0.2,3,0,0
2949,2.2,0,1,1
2950,2.2,0,1,1
2951,1.0,0,1,1
2952,0.2,3,0,0
2953,0.2,3,0,0
2954,0.2,3,0,0
2955,2.2,0,1,1
2956,1.0,0,1,1
2957,0.2,3,0,0
2958,3.0,0,1,1
2959,2.2,0,1,1
2960,1.0,0,0,1
2961,0.2,0,0,1
2962,2.2,0,1,1
2963,0.2,3,0,0
2964,1.0,0,1,1
2965,0.2,3,0,0
2966,0.2,3,0,0
2967,3.0,0,1,1
2968,0.2,3,0,0
2969,1.0,0,1,0
2970,1.0,0,0,1
2971,0.2,3,0,0
2972,0.2,3,0,0
2973,0.2,3,0,0
2974,1.0,0,0,0
2975,0.2,3,0,0
2976,0.2,3,0,0
2977,1.0,0,1,1
2978,0.2,3,0,0
2979,0.2,3,0,0
2980,0.2,3,0,0
2981,1.0,0,1,1
2982,0.2,3,0,0
2983,1.0,0,1,1
2984,0.2,3,0,0
2985,0.2,3,0,0
2986,0.2,3,0,0
2987,2.2,0,1,1
2988,2.2,0,1,1
2989,1.0,0,1,1
2990,0.2,3,0,0
2991,0.2,3,0,0
2992,1.0,0,1,1
2993,1.0,0,1,1
2994,0.2,3,0,0
2995,1.0,0,0,1
2996,1.0,0,1,1
2997,1.0,0,1,1
2998,1.0,0,1,1
2999,1.0,0,1,0
3000,1.0,0,1,1
3001,0.2,3,0,0
3002,2.2,0,1,1
3003,1.0,0,1,1
3004,0.2,3,0,0
3005,1.0,0,1,1
3006,1.0,0,1,1
3007,1.0,0,1,1
3008,1.0,0,1,1
3009,0.2,3,0,0
3010,2.2,0,1,1
3011,2.2,0,1,1
3012,1.0,0,1,0
3013,0.2,3,0,0
3014,1.0,0,0,1
3015,1.0,0,0,1
3016,1.0,0,1,1
3017,1.0,0,1,1
3018,1.0,0,1,1
3019,0.2,3,0,0
3020,1.0,0,1,1
3021,0.2,3,0,0
3022,1.0,0,1,1
3023,0.2,3,0,0
3024,0.2,3,0,0
3025,0.2,3,0,0
3026,1.0,0,1,1
3027,0.2,3,0,0
3028,1.0,0,1,1
3029,1.0,0,1,1
3030,1.0,0,1,1
3031,3.0,0,1,1
3032,1.0,0,0,1
3033,0.2,3,0,0
3034,1.0,0,1,1
3035,0.2,3,0,0
3036,1.0,0,1,1
3037,0.2,3,0,0
3038,0.2,3,0,0
3039,1.0,0,0,1
3040,1.0,0,1,1
3041,2.2,0,1,1
3042,1.0,0,1,1
3043,1.0,0,1,1
3044,1.0,0,1,1
3045,1.0,1,0,0
3046,0.2,3,0,0
3047,0.2,3,0,0
3048,0.2,3,0,0
3049,0.2,3,0,0
3050,0.2,3,0,0
3051,0.2,3,0,0
3052,0.2,3,0,0
3053,1.0,0,1,0
3054,1.0,0,1,0
3055,1.0,0,1,1
3056,0.2,3,0,0
3057,0.2,3,0,0
3058,0.2,3,0,0
3059,1.0,0,1,1
3060,1.0,0,1,1
3061,0.2,3,0,0
3062,0.2,3,0,0
3063,1.0,0,1,1
3064,1.0,0,1,1
3065,0.2,3,0,0
3066,1.0,0,1,1
3067,0.2,3,0,0
3068,0.2,3,0,0
3069,1.0,0,1,1
3070,1.0,0,1,0
3071,0.2,3,0,0
3072,0.2,3,0,0
3073,1.0,0,1,1
3074,1.0,0,1,1
3075,2.2,0,1,1
3076,0.2,3,0,1
3077,1.0,3,0,0
3078,1.0,0,1,1
3079,0.2,3,0,0
3080,1.0,0,1,0
3081,2.2,0,1,1
3082,1.0,0,1,1
3083,1.0,0,1,1
3084,0.2,3,0,0
3085,0.2,3,0,0
3086,1.0,0,1,1
3087,0.2,3,0,0
3088,1.0,0,0,1
3089,0.2,3,0,0
3090,1.0,0,1,1
3091,0.2,3,0,0
3092,2.2,0,1,1
3093,0.2,3,0,0
3094,0.2,3,0,0
3095,0.2,3,0,0
3096,1.0,0,1,1
3097,1.0,0,1,1
3098,1.0,0,1,1
3099,0.2,3,0,0
3100,1.0,0,1,1
3101,0.2,3,0,0
3102,1.0,0,1,1
3103,1.0,0,1,1
3104,0.2,3,0,0
3105,2.2,0,1,1
3106,1.0,0,1,1
3107,0.2,3,0,0
3108,1.0,0,1,1
3109,1.0,0,1,1
3110,1.0,0,1,1
3111,1.0,0,1,1
3112,0.2,3,0,0
3113,0.2,3,0,0
3114,0.2,3,0,0
3115,0.2,3,0,0
3116,1.0,0,1,1
3117,1.0,0,1,1
3118,0.2,3,0,0
3119,1.0,0,1,1
3120,1.0,0,1,1
3121,1.0,0,1,1
3122,0.2,3,0,0
3123,2.2,0,1,1
3124,0.2,3,0,0
3125,1.0,0,1,1
3126,2.2,0,1,1
3127,2.2,0,1,1
3128,2.2,0,1,1
3129,0.2,3,0,0
3130,1.0,0,1,1
3131,2.2,0,1,1
3132,0.2,3,0,0
3133,1.0,0,1,1
3134,1.0,0,1,1
3135,1.0,3,0,0
3136,0.2,3,0,0
3137,0.2,3,0,0
3138,1.0,0,1,1
3139,0.2,3,0,0
3140,0.2,3,0,0
3141,0.2,3,0,0
3142,1.0,0,1,1
3143,0.2,3,0,0
3144,0.2,3,0,0
3145,0.2,3,0,0
3146,1.0,0,1,1
3147,0.2,3,0,0
3148,2.2,0,1,1
3149,0.2,3,0,0
3150,1.0,0,1,1
3151,0.2,3,0,0
3152,1.0,0,1,1
3153,0.2,3,0,0
3154,0.2,3,0,0
3155,0.2,3,0,0
3156,1.0,0,1,1
3157,0.2,3,0,0
3158,1.0,0,1,1
3159,1.0,0,0,0
3160,0.2,3,0,0
3161,1.0,0,0,1
3162,2.2,0,1,1
3163,2.2,0,1,1
3164,0.2,3,0,0
3165,0.2,3,0,0
3166,1.0,1,0,0
3167,1.0,0,1,1
3168,1.0,0,1,1
3169,2.2,0,1,1
3170,1.0,0,1,0
3171,1.0,0,1,1
3172,0.2,3,0,0
3173,1.0,0,1,1
3174,3.0,0,1,1
3175,0.2,3,0,0
3176,0.2,3,0,0
3177,0.2,3,0,0
3178,0.2,3,0,0
3179,0.2,3,0,0
3180,0.2,3,0,0
3181,0.2,3,0,0
3182,0.2,3,0,0
3183,1.0,0,1,1
3184,1.0,0,0,0
3185,3.0,0,1,1
3186,1.0,0,1,1
3187,1.0,0,1,0
3188,0.2,3,0,0
3189,1.0,0,1,1
3190,0.2,3,0,0
3191,0.2,3,0,0
3192,1.0,0,1,1
3193,0.2,3,0,0
3194,0.2,3,0,0
3195,1.0,0,0,0
3196,1.0,0,0,0
3197,1.0,0,1,1
3198,1.0,0,1,1
3199,1.0,0,1,1
3200,1.0,0,1,0
3201,1.0,0,0,1
3202,0.2,3,0,0
3203,1.0,0,1,1
3204,2.2,0,0,1
3205,0.2,3,0,0
3206,0.2,3,0,0
3207,0.2,3,0,0
3208,2.2,0,1,1
3209,0.2,3,0,0
3210,2.2,0,1,1
3211,1.0,0,1,1
3212,1.0,0,1,1
3213,0.2,3,0,0
3214,1.0,0,0,1
3215,1.0,0,1,1
3216,1.0,0,1,1
3217,3.4000000000000004,1,1,0
3218,1.0,0,1,1
3219,1.0,0,0,1
3220,1.0,0,1,1
3221,1.0,0,1,1
3222,0.2,3,0,0
3223,0.2,3,0,0
3224,0.2,3,0,0
3225,1.0,0,1,0
3226,1.0,0,1,1
3227,1.0,0,1,1
3228,0.2,3,0,0
3229,1.0,0,1,0
3230,0.2,3,0,0
3231,0.2,3,0,0
3232,0.2,3,0,0
3233,0.2,3,0,0
3234,3.0,3,0,0
3235,0.2,3,0,0
3236,1.0,0,0,0
3237,0.2,3,0,1
3238,0.2,3,0,0
3239,1.0,0,0,1
3240,1.0,0,1,1
3241,2.2,0,1,1
3242,0.2,3,0,0
3243,1.0,0,1,0
3244,2.2,0,1,1
3245,0.2,3,0,0
3246,2.2,0,0,1
3247,2.2,0,1,1
3248,0.2,3,0,0
3249,0.2,3,0,0
3250,1.0,0,1,1
3251,1.0,0,1,0
3252,1.0,0,1,1
3253,2.2,0,1,1
3254,0.2,3,0,0
3255,0.2,3,0,0
3256,1.0,0,1,1
3257,0.2,3,0,0
3258,0.2,3,0,0
3259,0.2,3,0,0
3260,0.2,3,0,0
3261,1.0,0,1,1
3262,0.2,3,0,0
3263,1.0,0,1,1
3264,1.0,0,1,1
3265,0.2,3,0,0
3266,1.0,0,1,1
3267,0.2,3,0,0
3268,1.0,0,1,0
3269,1.0,0,1,1
3270,1.0,3,0,0
3271,0.2,3,0,0
3272,0.2,3,0,0
3273,0.2,3,0,0
3274,2.2,0,1,1
3275,0.2,3,0,0
3276,1.0,1,0,0
3277,0.2,3,0,0
3278,0.2,3,0,0
3279,0.2,3,0,0
3280,1.0,0,1,1
3281,1.0,0,1,0
3282,0.2,3,0,0
3283,1.0,0,1,1
3284,1.0,0,1,1
3285,0.2,3,0,0
3286,1.0,0,1,0
3287,0.2,3,0,0
3288,0.2,3,0,0
3289,0.2,3,0,0
3290,0.2,3,0,0
3291,0.2,3,0,0
3292,2.2,0,1,1
3293,0.2,3,0,0
3294,1.0,0,1,1
3295,0.2,3,0,0
3296,0.2,3,0,0
3297,0.2,3,0,0
3298,2.2,0,1,1
3299,1.0,0,1,1
3300,0.2,3,0,0
3301,0.2,3,0,0
3302,0.2,3,0,0
3303,0.2,3,0,0
3304,0.2,3,0,0
3305,0.2,3,0,0
3306,0.2,3,0,0
3307,1.0,0,1,1
3308,0.2,3,0,0
3309,1.0,0,1,1
3310,2.2,0,1,1
3311,0.2,3,0,0
3312,0.2,3,0,0
3313,0.2,3,0,0
3314,1.0,0,1,1
3315,0.2,3,0,0
3316,0.2,3,0,0
3317,1.0,0,1,1
3318,2.2,0,1,1
3319,1.0,0,0,1
3320,1.0,0,1,1
3321,1.0,0,1,1
3322,0.2,3,0,0
3323,1.0,0,0,1
3324,1.0,0,1,1
3325,1.0,0,1,1
3326,1.0,0,1,1
3327,0.2,3,0,0
3328,1.0,0,1,1
3329,0.2,3,0,0
3330,1.0,0,1,1
3331,1.0,0,1,1
3332,0.2,3,0,1
3333,1.0,0,1,1
3334,0.2,3,0,1
3335,0.2,3,0,0
3336,0.2,3,0,0
3337,0.2,3,0,0
3338,0.2,3,0,0
3339,2.2,0,1,1
3340,1.0,0,1,1
3341,1.0,0,1,1
3342,1.0,0,1,1
3343,0.2,3,0,0
3344,0.2,3,0,0
3345,0.2,3,0,0
3346,0.2,3,0,0
3347,0.2,3,0,0
3348,1.0,0,0,1
3349,0.2,3,0,0
3350,0.2,3,0,0
3351,1.0,0,0,1
3352,1.0,0,1,1
3353,1.0,0,1,1
3354,0.2,3,0,0
3355,3.0,3,0,0
3356,1.0,0,1,1
3357,0.2,3,0,0
3358,0.2,3,0,0
3359,0.2,3,0,0
3360,1.0,0,1,1
3361,0.2,3,0,0
3362,0.2,3,0,0
3363,0.2,3,0,0
3364,0.2,3,0,0
3365,0.2,3,0,0
3366,1.0,0,0,0
3367,0.2,3,0,1
3368,0.2,3,0,0
3369,0.2,3,0,0
3370,1.0,0,0,0
3371,0.2,3,0,0
3372,2.2,0,1,1
3373,1.0,0,1,1
3374,1.0,0,0,1
3375,0.2,3,0,1
3376,1.0,0,1,1
3377,1.0,0,1,1
3378,0.2,3,0,0
3379,0.2,3,0,0
3380,1.0,0,1,1
3381,2.2,0,1,1
3382,1.0,0,1,1
3383,0.2,3,0,0
3384,3.0,0,1,1
3385,0.2,3,0,0
3386,0.2,3,0,0
3387,1.0,0,1,0
3388,0.2,3,0,0
3389,1.0,0,1,1
3390,1.0,0,1,1
3391,0.2,3,0,0
3392,0.2,3,0,0
3393,2.2,3,0,1
3394,0.2,3,0,0
3395,0.2,3,0,0
3396,1.0,0,1,1
3397,0.2,3,0,0
3398,2.2,0,1,1
3399,1.0,0,1,1
3400,1.0,0,1,1
3401,1.0,0,1,1
3402,0.2,3,0,0
3403,1.0,0,1,1
3404,1.0,0,0,1
3405,3.0,0,1,1
3406,0.2,3,0,0
3407,1.0,0,1,0
3408,0.2,3,0,0
3409,1.0,0,1,1
3410,1.0,0,1,1
3411,2.2,0,1,1
3412,2.2,0,1,1
3413,2.2,0,1,1
3414,0.2,3,0,0
3415,1.0,0,1,1
3416,1.0,0,1,1
3417,1.0,0,0,0
3418,1.0,0,1,1
3419,1.0,0,1,1
3420,0.2,3,0,0
3421,0.2,3,0,0
3422,1.0,0,1,1
3423,1.0,0,1,1
3424,2.2,0,1,1
3425,1.0,0,1,1
3426,1.0,0,1,1
3427,0.2,3,0,0
3428,0.2,3,0,0
3429,3.0,0,1,1
3430,1.0,0,1,1
3431,0.2,3,0,0
3432,0.2,3,0,0
3433,1.0,0,1,1
3434,1.0,0,1,1
3435,0.2,3,0,1
3436,0.2,3,0,0
3437,1.0,0,1,1
3438,0.2,3,0,0
3439,0.2,3,0,0
3440,1.0,0,0,1
3441,1.0,0,1,1
3442,1.0,0,1,1
3443,0.2,3,0,0
3444,2.2,0,1,1
3445,0.2,3,0,0
3446,2.2,0,1,1
3447,1.0,0,1,0
3448,1.0,0,0,0
3449,1.0,0,1,1
3450,1.0,0,1,1
3451,1.0,0,1,1
3452,1.0,0,1,1
3453,0.2,3,0,0
3454,0.2,3,0,0
3455,1.0,0,1,1
3456,0.2,3,0,0
3457,0.2,3,0,0
3458,0.2,3,0,0
3459,1.0,0,1,1
3460,1.0,0,1,1
3461,1.0,0,1,1
3462,1.0,0,1,1
3463,0.2,3,0,0
3464,1.0,0,1,0
3465,1.0,0,0,1
3466,1.0,0,0,1
3467,1.0,0,1,1
3468,1.0,0,1,1
3469,0.2,3,0,0
3470,1.0,0,1,1
3471,1.0,3,0,0
3472,0.2,3,0,0
3473,0.2,3,0,0
3474,1.0,0,1,1
3475,1.0,0,1,1
3476,0.2,3,0,0
3477,0.2,3,0,0
3478,1.0,0,1,1
3479,1.0,0,0,0
3480,0.2,3,0,0
3481,0.2,3,0,0
3482,2.2,0,1,1
3483,2.2,0,1,1
3484,1.0,0,1,1
3485,0.2,3,0,0
3486,1.0,0,0,1
3487,1.0,0,1,0
3488,2.2,0,1,1
3489,0.2,3,0,0
3490,2.2,0,1,1
3491,0.2,3,0,0
3492,1.0,0,1,1
3493,3.0,0,1,1
3494,0.2,3,0,0
3495,0.2,3,0,0
3496,1.0,0,0,1
3497,1.0,0,1,0
3498,0.2,3,0,0
3499,1.0,0,0,1
3500,0.2,3,0,0
3501,1.0,0,0,1
3502,1.0,0,1,0
3503,1.0,0,1,1
3504,1.0,0,1,1
3505,1.0,0,1,0
3506,0.2,3,0,0
3507,1.0,0,1,1
3508,1.0,0,0,0
3509,0.2,3,0,0
3510,1.0,0,1,1
3511,1.0,0,1,1
3512,0.2,3,0,0
3513,2.2,0,1,1
3514,0.2,3,0,0
3515,1.0,0,1,1
3516,1.0,0,1,1
3517,0.2,3,0,0
3518,1.0,0,1,1
3519,1.0,0,0,1
3520,0.2,3,0,0
3521,1.0,0,0,0
3522,0.2,3,0,0
3523,1.0,0,1,1
3524,0.2,3,0,0
3525,1.0,0,1,1
3526,1.0,0,1,1
3527,1.0,0,1,1
3528,1.0,0,0,1
3529,1.0,0,1,1
3530,2.2,0,0,1
3531,0.2,3,0,0
3532,0.2,3,0,0
3533,1.0,0,1,0
3534,1.0,0,1,1
3535,0.2,3,0,0
3536,0.2,3,0,0
3537,1.0,0,1,1
3538,1.0,0,1,1
3539,1.0,0,0,1
3540,1.0,0,0,1
3541,1.0,0,1,1
3542,0.2,3,0,0
3543,1.0,0,1,0
3544,1.0,0,1,1
3545,1.0,0,1,1
3546,1.0,0,1,1
3547,0.2,3,0,0
3548,1.0,0,1,1
3549,1.0,0,1,1
3550,1.0,0,0,0
3551,1.0,3,0,0
3552,0.2,3,0,0
3553,1.0,0,1,1
3554,0.2,3,0,0
3555,1.0,0,1,1
3556,0.2,3,0,0
3557,0.2,3,0,0
3558,0.2,3,0,0
3559,0.2,3,0,0
3560,0.2,3,0,0
3561,1.0,0,0,1
3562,1.0,0,1,1
3563,1.0,0,1,1
3564,1.0,0,1,1
3565,1.0,0,1,1
3566,0.2,3,0,0
3567,0.2,3,0,0
3568,1.0,0,1,1
3569,1.0,0,1,0
3570,2.2,0,1,1
3571,0.2,3,0,0
3572,1.0,1,0,0
3573,0.2,3,0,0
3574,0.2,3,0,0
3575,1.0,0,1,0
3576,0.2,3,0,0
3577,0.2,3,0,0
3578,2.2,0,1,1
3579,1.0,0,1,0
3580,2.2,0,1,1
3581,1.0,0,0,0
3582,0.2,3,0,1
3583,1.0,0,0,0
3584,0.2,3,0,0
3585,0.2,3,0,0
3586,0.2,3,0,0
3587,1.0,0,1,1
3588,2.2,0,1,1
3589,0.2,3,0,0
3590,1.0,0,1,1
3591,1.0,0,1,1
3592,1.0,0,0,1
3593,2.2,0,1,1
3594,1.0,0,1,0
3595,1.0,0,1,1
3596,1.0,0,1,1
3597,0.2,3,0,0
3598,0.2,3,0,0
3599,1.0,0,1,1
3600,1.0,0,1,1
3601,0.2,3,0,0
3602,1.0,0,1,1
3603,0.2,3,0,0
3604,0.2,3,0,0
3605,0.2,3,0,0
3606,1.0,0,1,1
3607,2.2,0,1,1
3608,0.2,3,0,0
3609,0.2,3,0,1
3610,0.2,3,0,0
3611,2.2,0,1,1
3612,1.0,0,1,1
3613,0.2,3,0,0
3614,0.2,3,0,0
3615,0.2,3,0,0
3616,1.0,0,1,0
3617,0.2,3,0,0
3618,0.2,3,0,0
3619,0.2,3,0,0
3620,0.2,3,0,0
3621,0.2,3,0,1
3622,1.0,0,0,0
3623,0.2,3,0,0
3624,0.2,3,0,0
3625,1.0,0,1,1
3626,0.2,3,0,0
3627,1.0,0,1,1
3628,0.2,3,0,0
3629,0.2,3,0,0
3630,1.0,0,1,1
3631,2.2,0,0,1
3632,0.2,3,0,0
3633,0.2,3,0,0
3634,1.0,0,1,1
3635,1.0,0,1,1
3636,1.0,0,1,1
3637,2.2,0,1,1
3638,1.0,0,1,1
3639,0.2,3,0,0
3640,1.0,0,1,1
3641,0.2,3,0,0
3642,1.0,0,1,1
3643,1.0,0,0,1
3644,1.0,0,0,1
3645,0.2,3,0,1
3646,0.2,3,0,0
3647,1.0,0,1,1
3648,1.0,0,1,1
3649,0.2,3,0,0
3650,2.2,0,1,1
3651,1.0,0,1,1
3652,0.2,3,0,0
3653,1.0,0,1,1
3654,1.0,0,0,1
3655,0.2,3,0,0
3656,0.2,3,0,0
3657,0.2,3,0,0
3658,0.2,3,0,0
3659,1.0,0,0,1
3660,1.0,0,0,1
3661,0.2,3,0,0
3662,1.0,0,1,1
3663,2.2,0,1,1
3664,0.2,3,0,0
3665,1.0,0,1,0
3666,2.2,0,1,1
3667,1.0,0,1,1
3668,1.0,0,1,1
3669,0.2,3,0,0
3670,1.0,0,1,1
3671,1.0,0,1,1
3672,1.0,0,1,0
3673,0.2,3,0,0
3674,1.0,0,1,1
3675,1.0,0,1,1
3676,1.0,0,1,1
3677,1.0,0,1,1
3678,1.0,0,1,1
3679,1.0,0,1,1
3680,1.0,0,1,1
3681,2.2,0,1,1
3682,1.0,0,1,1
3683,0.2,3,0,0
3684,0.2,3,0,0
3685,1.0,0,1,1
3686,2.2,0,1,1
3687,1.0,0,1,1
3688,1.0,0,1,1
3689,1.0,0,1,1
3690,1.0,0,1,1
3691,0.2,3,0,0
3692,0.2,3,0,0
3693,0.2,3,0,0
3694,1.0,0,1,0
3695,0.2,3,0,0
3696,0.2,0,0,1
3697,1.0,0,0,1
3698,0.2,3,0,0
3699,1.0,0,1,1
3700,0.2,3,0,0
3701,1.0,0,1,1
3702,2.2,0,1,1
3703,0.2,3,0,0
3704,0.2,3,0,0
3705,0.2,3,0,0
3706,1.0,0,1,1
3707,2.2,0,1,1
3708,0.2,3,0,0
3709,1.0,0,1,1
3710,0.2,3,0,0
3711,1.0,0,1,1
3712,1.0,0,1,1
3713,0.2,3,0,0
3714,0.2,3,0,0
3715,1.0,0,0,1
3716,0.2,3,0,0
3717,0.2,3,0,0
3718,0.2,3,0,0
3719,1.0,0,1,1
3720,1.0,0,1,1
3721,0.2,3,0,0
3722,1.0,0,1,1
3723,1.0,0,1,1
3724,1.0,0,1,1
3725,0.2,3,0,0
3726,0.2,3,0,0
3727,2.2,0,0,1
3728,1.0,0,1,1
3729,1.0,0,1,1
3730,0.2,3,0,0
3731,1.0,0,1,1
3732,1.0,0,0,1
3733,1.0,0,1,0
3734,0.2,3,0,0
3735,0.2,3,0,0
3736,1.0,0,1,0
3737,1.0,0,1,1
3738,0.2,3,0,0
3739,2.2,0,0,1
3740,0.2,3,0,0
3741,1.0,0,0,0
3742,0.2,3,0,0
3743,1.0,0,1,1
3744,0.2,3,0,0
3745,2.2,0,1,1
3746,0.2,3,0,0
3747,0.2,3,0,0
3748,0.2,3,0,0
3749,1.0,0,1,1
3750,0.2,3,0,0
3751,1.0,0,1,1
3752,0.2,3,0,0
3753,0.2,3,0,0
3754,0.2,3,0,0
3755,0.2,3,0,0
3756,0.2,3,0,0
3757,0.2,3,0,0
3758,0.2,3,0,0
3759,1.0,0,1,1
3760,1.0,0,1,1
3761,0.2,3,0,0
3762,1.0,0,1,1
3763,0.2,3,0,0
3764,1.0,0,0,1
3765,0.2,3,0,0
3766,1.0,0,1,1
3767,0.2,3,0,0
3768,2.2,0,1,1
3769,0.2,3,0,0
3770,1.0,0,0,1
3771,0.2,3,0,0
3772,0.2,3,0,0
3773,2.2,0,1,1
3774,0.2,3,0,1
3775,1.0,0,1,0
3776,1.0,0,0,0
3777,1.0,0,1,1
3778,0.2,3,0,0
3779,0.2,3,0,0
3780,1.0,0,0,0
3781,1.0,0,1,1
3782,1.0,0,1,0
3783,1.0,0,1,1
3784,0.2,3,0,0
3785,1.0,0,1,1
3786,0.2,3,0,0
3787,1.0,0,1,1
3788,1.0,0,0,1
3789,0.2,3,0,0
3790,3.0,3,0,0
3791,0.2,3,0,0
3792,1.0,0,1,1
3793,1.0,0,0,1
3794,0.2,3,0,0
3795,1.0,0,1,1
3796,0.2,3,0,0
3797,0.2,3,0,0
3798,0.2,3,0,0
3799,0.2,3,0,0
3800,1.0,1,0,0
3801,1.0,0,1,1
3802,1.0,0,1,1
3803,0.2,3,0,0
3804,1.0,0,1,1
3805,1.0,0,1,1
3806,0.2,3,0,0
3807,1.0,0,0,0
3808,1.0,0,1,1
3809,1.0,0,1,1
3810,1.0,0,1,1
3811,0.2,3,0,0
3812,1.0,0,1,1
3813,0.2,3,0,0
3814,0.2,3,0,0
3815,0.2,3,0,0
3816,1.0,0,1,1
3817,2.2,0,1,1
3818,2.2,0,1,1
3819,1.0,0,1,1
3820,1.0,0,1,1
3821,2.2,0,1,1
3822,1.0,0,1,0
3823,2.2,0,1,1
3824,1.0,0,0,1
3825,1.0,0,0,1
3826,1.0,0,1,1
3827,0.2,3,0,0
3828,0.2,3,0,0
3829,0.2,3,0,0
3830,1.0,0,1,1
3831,0.2,3,0,0
3832,0.2,3,0,0
3833,1.0,0,1,0
3834,0.2,3,0,0
3835,0.2,3,0,0
3836,0.2,3,0,0
3837,1.0,0,1,1
3838,1.0,0,1,0
3839,0.2,3,0,0
3840,0.2,3,0,0
3841,2.2,0,1,1
3842,1.0,0,1,1
3843,0.2,3,0,0
3844,1.0,0,1,0
3845,0.2,3,0,0
3846,2.2,0,1,1
3847,2.2,0,1,1
3848,1.0,0,0,1
3849,1.0,0,1,1
3850,0.2,3,0,1
3851,0.2,3,0,0
3852,0.2,3,0,0
3853,1.0,0,1,1
3854,0.2,3,0,0
3855,1.0,0,1,1
3856,2.2,0,1,1
3857,2.2,0,1,1
3858,1.0,0,1,1
3859,0.2,3,0,0
3860,1.0,0,1,1
3861,1.0,0,1,1
3862,0.2,3,0,1
3863,1.0,0,1,1
3864,0.2,3,0,0
3865,1.0,0,1,0
3866,1.0,0,0,1
3867,0.2,3,0,0
3868,1.0,0,1,1
3869,0.2,3,0,0
3870,1.0,0,1,0
3871,2.2,0,1,1
3872,1.0,0,1,1
3873,0.2,3,0,0
3874,0.2,3,0,0
3875,0.2,3,0,0
3876,0.2,3,0,0
3877,1.0,0,1,1
3878,1.0,0,1,0
3879,0.2,3,0,0
3880,0.2,3,0,0
3881,0.2,3,0,0
3882,0.2,3,0,0
3883,1.0,0,1,1
3884,2.2,0,1,1
3885,0.2,3,0,0
3886,0.2,3,0,0
3887,0.2,3,0,0
3888,0.2,3,0,0
3889,0.2,3,0,0
3890,1.0,0,1,1
3891,1.0,0,1,0
3892,1.0,0,1,1
3893,1.0,0,1,1
3894,0.2,3,0,0
3895,0.2,3,0,0
3896,1.0,0,0,1
3897,1.0,0,1,0
3898,1.0,0,1,1
3899,0.2,3,0,0
3900,1.0,0,1,0
3901,2.2,0,1,1
3902,1.0,0,1,1
3903,1.0,0,1,1
3904,1.0,0,1,1
3905,0.2,3,0,0
3906,1.0,0,1,1
3907,1.0,0,1,1
3908,0.2,3,0,0
3909,1.0,0,0,1
3910,0.2,3,0,0
3911,1.0,1,0,0
3912,0.2,3,0,0
3913,1.0,0,1,1
3914,2.2,0,1,1
3915,2.2,0,1,1
3916,2.2,0,1,1
3917,0.2,3,0,0
3918,0.2,3,0,0
3919,1.0,0,1,1
3920,1.0,0,1,1
3921,1.0,0,1,1
3922,0.2,3,0,0
3923,2.2,0,1,1
3924,0.2,3,0,0
3925,1.0,0,1,1
3926,0.2,3,0,0
3927,0.2,3,0,0
3928,0.2,3,0,0
3929,0.2,3,0,0
3930,0.2,3,0,0
3931,0.2,3,0,0
3932,1.0,0,1,1
3933,0.2,3,0,0
3934,2.2,0,1,1
3935,2.2,0,1,1
3936,1.0,0,1,1
3937,0.2,3,0,1
3938,1.0,0,1,1
3939,1.0,0,1,1
3940,1.0,0,1,1
3941,0.2,3,0,0
3942,0.2,3,0,0
3943,1.0,0,1,1
3944,0.2,3,0,0
3945,0.2,3,0,0
3946,1.0,0,1,1
3947,1.0,0,1,1
3948,1.0,0,1,1
3949,0.2,3,0,0
3950,1.0,0,1,1
3951,0.2,3,0,0
3952,0.2,3,0,0
3953,1.0,0,1,1
3954,1.0,0,1,1
3955,3.0,0,1,1
3956,0.2,3,0,0
3957,1.0,0,1,1
3958,1.0,3,0,0
3959,0.2,3,0,0
3960,0.2,3,0,0
3961,1.0,0,1,1
3962,0.2,3,0,0
3963,2.2,0,1,1
3964,0.2,3,0,0
3965,0.2,3,0,0
3966,1.0,0,1,1
3967,1.0,0,1,1
3968,2.2,0,0,1
3969,1.0,0,0,1
3970,3.0,0,1,1
3971,1.0,0,1,1
3972,2.2,0,1,1
3973,1.0,0,1,1
3974,0.2,3,0,0
3975,0.2,3,0,0
3976,0.2,3,0,0
3977,1.0,0,0,1
3978,0.2,3,0,0
3979,0.2,3,0,0
3980,0.2,3,0,0
3981,1.0,0,1,1
3982,0.2,3,0,0
3983,1.0,0,1,1
3984,0.2,3,0,0
3985,0.2,3,0,0
3986,1.0,0,1,0
3987,1.0,0,1,1
3988,0.2,3,0,0
3989,3.0,0,1,1
3990,1.0,0,1,0
3991,0.2,3,0,0
3992,1.0,0,1,1
3993,1.0,0,1,1
3994,0.2,3,0,0
3995,1.0,0,0,1
3996,1.0,0,1,1
3997,1.0,0,1,1
3998,1.0,0,1,1
3999,0.2,3,0,0
4000,0.2,3,0,0
4001,0.2,3,0,0
4002,2.2,0,1,1
4003,1.0,0,0,1
4004,1.0,1,0,0
4005,1.0,0,1,1
4006,0.2,3,0,0
4007,0.2,3,0,0
4008,2.2,0,1,1
4009,0.2,3,0,0
4010,0.2,3,0,0
4011,1.0,1,0,0
4012,0.2,3,0,0
4013,1.0,0,0,1
4014,0.2,3,0,0
4015,1.0,0,1,1
4016,0.2,3,0,0
4017,1.0,0,0,1
4018,1.0,0,1,1
4019,1.0,0,1,1
4020,0.2,3,0,0
4021,0.2,3,0,0
4022,0.2,3,0,0
4023,3.0,0,1,1
4024,1.0,0,1,1
4025,1.0,0,1,1
4026,0.2,3,0,0
4027,2.2,0,1,1
4028,1.0,0,0,1
4029,0.2,3,0,0
4030,2.2,0,1,1
4031,0.2,3,0,0
4032,1.0,0,1,1
4033,0.2,3,0,0
4034,1.0,0,1,1
4035,1.0,0,1,1
4036,3.0,0,1,1
4037,1.0,0,1,0
4038,0.2,3,0,0
4039,1.0,0,1,1
4040,0.2,3,0,0
4041,0.2,3,0,0
4042,0.2,3,0,0
4043,0.2,3,0,0
4044,1.0,0,0,1
4045,0.2,3,0,0
4046,0.2,3,0,0
4047,0.2,3,0,1
4048,1.0,0,0,1
4049,1.0,1,0,0
4050,2.2,0,1,1
4051,0.2,3,0,0
4052,0.2,3,0,0
4053,2.2,0,1,1
4054,0.2,3,0,0
4055,0.2,3,0,0
4056,1.0,0,0,0
4057,1.0,0,1,1
4058,0.2,3,0,0
4059,2.2,0,1,1
4060,1.0,0,1,0
4061,2.2,0,1,1
4062,0.2,3,0,0
4063,0.2,3,0,0
4064,0.2,3,0,0
4065,0.2,3,0,1
4066,1.0,0,1,1
4067,1.0,0,0,1
4068,1.0,0,1,0
4069,2.2,0,1,1
4070,0.2,3,0,0
4071,0.2,3,0,0
4072,0.2,3,0,0
4073,1.0,0,1,1
4074,1.0,0,1,0
4075,2.2,0,1,1
4076,1.0,0,1,1
4077,0.2,3,0,0
4078,1.0,1,0,0
4079,0.2,3,0,0
4080,1.0,0,1,1
4081,1.0,0,1,1
4082,2.2,0,1,1
4083,1.0,0,1,1
4084,2.2,0,1,1
4085,1.0,0,0,0
4086,2.2,0,1,1
4087,0.2,3,0,0
4088,1.0,0,1,1
4089,0.2,3,0,0
4090,0.2,3,0,0
4091,0.2,3,0,0
4092,1.0,0,1,0
4093,0.2,3,0,0
4094,1.0,0,1,1
4095,0.2,3,0,0
4096,1.0,0,1,1
4097,1.0,0,1,1
4098,1.0,0,1,1
4099,1.0,0,1,1
4100,0.2,3,0,0
4101,1.0,0,1,1
4102,1.0,0,1,1
4103,1.0,0,1,1
4104,1.0,0,0,1
4105,1.0,0,1,1
4106,1.0,0,0,1
4107,0.2,3,0,0
4108,1.0,0,0,0
4109,1.0,0,1,1
4110,0.2,3,0,0
4111,1.0,0,1,1
4112,1.0,0,0,1
4113,0.2,3,0,0
4114,2.2,0,1,1
4115,2.2,0,1,1
4116,1.0,0,1,1
4117,0.2,3,0,0
4118,0.2,3,0,0
4119,1.0,0,1,1
4120,1.0,0,1,1
4121,0.2,3,0,0
4122,0.2,3,0,0
4123,1.0,0,1,1
4124,0.2,3,0,0
4125,3.4000000000000004,1,1,0
4126,0.2,3,0,0
4127,0.2,3,0,0
4128,1.0,0,1,1
4129,1.0,0,1,1
4130,1.0,0,1,1
4131,0.2,3,0,0
4132,1.0,0,1,1
4133,0.2,3,0,0
4134,1.0,0,1,1
4135,2.2,0,1,1
4136,1.0,0,1,1
4137,1.0,0,1,0
4138,0.2,3,0,0
4139,1.0,0,1,1
4140,3.0,0,1,1
4141,1.0,0,1,1
4142,1.0,0,1,1
4143,1.0,0,1,1
4144,1.0,0,1,1
4145,0.2,3,0,0
4146,1.0,0,1,1
4147,0.2,3,0,0
4148,0.2,3,0,0
4149,2.2,0,1,1
4150,1.0,0,1,1
4151,1.0,0,1,1
4152,1.0,0,1,1
4153,1.0,0,0,0
4154,0.2,3,0,0
4155,0.2,3,0,0
4156,0.2,3,0,0
4157,1.0,0,1,0
4158,2.2,0,1,1
4159,3.0,3,0,0
4160,1.0,0,1,1
4161,1.0,0,1,1
4162,0.2,3,0,0
4163,0.2,3,0,0
4164,0.2,3,0,0
4165,1.0,0,1,1
4166,0.2,3,0,0
4167,1.0,0,1,1
4168,1.0,0,1,1
4169,2.2,0,1,1
4170,0.2,3,0,0
4171,0.2,3,0,1
4172,1.0,0,1,1
4173,0.2,3,0,0
4174,1.0,0,0,1
4175,0.2,3,0,0
4176,2.2,0,0,1
4177,0.2,3,0,0
4178,0.2,3,0,0
4179,2.2,0,1,1
4180,2.2,0,1,1
4181,2.2,0,0,1
4182,0.2,3,0,0
4183,1.0,0,1,1
4184,1.0,0,1,1
4185,1.0,0,1,1
4186,1.0,0,0,0
4187,0.2,3,0,0
4188,1.0,0,0,1
4189,1.0,0,0,1
4190,0.2,3,0,0
4191,2.2,0,1,1
4192,1.0,0,1,1
4193,0.2,3,0,0
4194,2.2,0,1,1
4195,2.2,0,1,1
4196,0.2,3,0,0
4197,0.2,3,0,0
4198,2.2,0,1,1
4199,1.0,0,1,1
4200,0.2,3,0,0
4201,1.0,0,1,1
4202,0.2,3,0,0
4203,1.0,0,1,1
4204,2.2,0,1,1
4205,0.2,3,0,0
4206,0.2,3,0,0
4207,1.0,0,1,1
4208,1.0,0,1,1
4209,0.2,3,0,0
4210,0.2,3,0,0
4211,0.2,3,0,0
4212,1.0,0,0,1
4213,1.0,0,0,1
4214,2.2,0,1,1
4215,1.0,0,0,0
4216,0.2,3,0,0
4217,1.0,0,1,1
4218,0.2,3,0,0
4219,1.0,0,0,1
4220,0.2,3,0,0
4221,1.0,0,1,1
4222,0.2,3,0,0
4223,0.2,3,0,0
4224,0.2,3,0,0
4225,1.0,0,1,1
4226,0.2,3,0,0
4227,0.2,3,0,0
4228,0.2,3,0,0
4229,1.0,0,1,1
4230,1.0,0,1,1
4231,0.2,3,0,0
4232,1.0,0,1,1
4233,0.2,3,0,0
4234,1.0,0,1,1
4235,1.0,0,1,0
4236,2.2,0,1,1
4237,1.0,0,1,1
4238,0.2,3,0,0
4239,1.0,0,1,1
4240,1.0,0,1,0
4241,1.0,3,0,0
4242,0.2,3,0,0
4243,1.0,3,0,0
4244,1.0,0,0,1
4245,0.2,3,0,0
4246,1.0,0,1,1
4247,1.0,0,1,1
4248,0.2,3,0,0
4249,0.2,3,0,0
4250,2.2,0,1,1
4251,0.2,3,0,0
4252,1.0,0,1,1
4253,0.2,3,0,0
4254,0.2,3,0,0
4255,1.0,0,1,1
4256,0.2,3,0,0
4257,1.0,0,1,1
4258,0.2,3,0,0
4259,0.2,3,0,0
4260,0.2,3,0,0
4261,1.0,0,1,1
4262,1.0,0,1,1
4263,0.2,3,0,0
4264,0.2,3,0,0
4265,1.0,0,1,1
4266,0.2,3,0,0
4267,2.2,0,1,1
4268,0.2,3,0,0
4269,1.0,0,1,0
4270,1.0,0,1,1
4271,1.0,0,1,1
4272,1.0,0,1,0
4273,1.0,0,1,1
4274,2.2,0,1,1
4275,0.2,3,0,0
4276,1.0,0,1,1
4277,0.2,3,0,0
4278,0.2,3,0,0
4279,0.2,3,0,0
4280,2.2,0,1,1
4281,3.0,3,0,0
4282,1.0,0,1,1
4283,0.2,3,0,0
4284,0.2,3,0,0
4285,1.0,0,0,1
4286,1.0,0,1,1
4287,0.2,3,0,0
4288,0.2,3,0,0
4289,0.2,3,0,0
4290,0.2,3,0,0
4291,0.2,3,0,0
4292,2.2,0,1,1
4293,0.2,3,0,0
4294,0.2,3,0,0
4295,0.2,3,0,0
4296,1.0,0,1,1
4297,1.0,0,1,1
4298,0.2,3,0,0
4299,1.0,0,1,1
4300,1.0,0,0,1
4301,1.0,0,1,1
4302,1.0,0,1,1
4303,0.2,3,0,0
4304,0.2,3,0,0
4305,2.2,0,1,1
4306,1.0,0,1,1
4307,0.2,3,0,0
4308,1.0,0,1,1
4309,1.0,0,1,1
4310,1.0,0,1,1
4311,0.2,3,0,0
4312,0.2,3,0,0
4313,1.0,0,1,1
4314,0.2,3,0,0
4315,0.2,3,0,0
4316,1.0,0,1,1
4317,2.2,3,0,1
4318,0.2,3,0,0
4319,1.0,0,1,1
4320,1.0,0,1,1
4321,1.0,3,0,0
4322,1.0,0,1,1
4323,1.0,0,1,1
4324,0.2,3,0,0
4325,0.2,3,0,1
4326,0.2,3,0,0
4327,0.2,3,0,0
4328,1.0,0,0,1
4329,1.0,0,1,1
4330,1.0,0,1,1
4331,1.0,0,1,1
4332,0.2,3,0,0
4333,0.2,3,0,0
4334,1.0,0,1,1
4335,1.0,0,1,1
4336,0.2,3,0,0
4337,1.0,0,1,0
4338,1.0,0,1,1
4339,0.2,3,0,0
4340,0.2,3,0,0
4341,0.2,3,0,0
4342,0.2,3,0,0
4343,1.0,0,1,1
4344,0.2,3,0,0
4345,0.2,3,0,0
4346,1.0,0,1,0
4347,0.2,3,0,0
4348,1.0,0,1,1
4349,2.2,0,1,1
4350,1.0,0,1,1
4351,1.0,0,1,1
4352,1.0,0,1,1
4353,1.0,0,1,1
4354,0.2,3,0,0
4355,1.0,0,1,1
4356,1.0,0,1,1
4357,1.0,0,1,1
4358,0.2,3,0,0
4359,1.0,0,1,1
4360,0.2,3,0,0
4361,1.0,0,0,1
4362,0.2,3,0,0
4363,2.2,0,1,1
4364,0.2,3,0,0
4365,1.0,3,0,0
4366,0.2,3,0,0
4367,1.0,0,1,1
4368,1.0,0,1,0
4369,0.2,3,0,0
4370,2.2,0,1,1
4371,1.0,0,1,1
4372,1.0,0,1,1
4373,0.2,3,0,0
4374,0.2,3,0,0
4375,1.0,0,1,0
4376,1.0,0,0,1
4377,1.0,0,1,0
4378,2.2,0,1,1
4379,1.0,0,1,1
4380,2.2,0,1,1
4381,0.2,3,0,0
4382,1.0,0,1,1
4383,2.2,0,1,1
4384,1.0,0,1,0
4385,1.0,0,1,1
4386,0.2,3,0,0
4387,1.0,0,1,1
4388,0.2,3,0,0
4389,1.0,0,1,1
4390,0.2,3,0,0
4391,0.2,3,0,0
4392,1.0,0,1,1
4393,0.2,3,0,0
4394,0.2,3,0,0
4395,1.0,0,1,0
4396,0.2,3,0,0
4397,1.0,0,1,1
4398,0.2,3,0,0
4399,2.2,0,1,1
4400,0.2,3,0,0
4401,1.0,0,1,1
4402,2.2,0,1,1
4403,2.2,0,1,1
4404,0.2,3,0,0
4405,1.0,0,1,1
4406,2.2,0,1,1
4407,1.0,0,1,1
4408,3.0,0,1,1
4409,0.2,3,0,0
4410,1.0,0,1,0
4411,2.2,0,1,1
4412,1.0,0,1,1
4413,1.0,0,1,1
4414,1.0,0,1,1
4415,0.2,3,0,0
4416,1.0,0,0,1
4417,0.2,3,0,0
4418,0.2,3,0,0
4419,1.0,0,1,1
4420,2.2,0,1,1
4421,0.2,3,0,0
4422,1.0,0,1,1
4423,3.4000000000000004,1,1,0
4424,1.0,0,1,1
4425,0.2,3,0,0
4426,1.0,0,1,1
4427,0.2,3,0,0
4428,1.0,0,1,1
4429,0.2,3,0,0
4430,0.2,3,0,0
4431,0.2,3,0,0
4432,1.0,0,1,1
4433,2.2,0,1,1
4434,1.0,0,1,1
4435,1.0,0,1,1
4436,0.2,3,0,0
4437,1.0,0,1,1
4438,0.2,3,0,0
4439,1.0,0,1,1
4440,1.0,0,1,0
4441,1.0,0,1,1
4442,0.2,3,0,0
4443,0.2,3,0,0
4444,1.0,0,1,1
4445,1.0,0,1,1
4446,0.2,3,0,0
4447,1.0,0,1,1
4448,0.2,3,0,0
4449,0.2,3,0,0
4450,1.0,0,1,0
4451,0.2,3,0,0
4452,0.2,3,0,0
4453,0.2,3,0,1
4454,1.0,0,1,1
4455,1.0,0,1,1
4456,1.0,0,1,1
4457,0.2,3,0,0
4458,1.0,0,1,1
4459,2.2,0,1,1
4460,2.2,0,1,1
4461,1.0,0,1,1
4462,0.2,3,0,0
4463,0.2,3,0,0
4464,0.2,3,0,0
4465,1.0,0,1,1
4466,1.0,0,1,1
4467,1.0,0,0,1
4468,1.0,0,1,1
4469,2.2,0,1,1
4470,2.2,0,1,1
4471,2.2,0,1,1
4472,0.2,3,0,0
4473,1.0,0,0,1
4474,1.0,0,1,1
4475,0.2,3,0,0
4476,0.2,3,0,0
4477,1.0,0,1,1
4478,0.2,3,0,0
4479,1.0,0,1,1
4480,0.2,3,0,0
4481,1.0,0,1,0
4482,1.0,0,1,0
4483,1.0,0,1,1
4484,1.0,0,1,1
4485,2.2,0,0,1
4486,0.2,3,0,0
4487,1.0,0,1,1
4488,0.2,3,0,0
4489,0.2,3,0,0
4490,1.0,0,1,1
4491,2.2,0,1,1
4492,2.2,0,1,1
4493,0.2,3,0,0
4494,0.2,3,0,0
4495,1.0,0,1,1
4496,0.2,3,0,0
4497,0.2,3,0,0
4498,1.0,0,1,1
4499,0.2,3,0,0
4500,1.0,0,1,1
4501,0.2,3,0,0
4502,2.2,0,1,1
4503,0.2,3,0,0
4504,0.2,3,0,0
4505,1.0,0,1,1
4506,0.2,3,0,0
4507,0.2,3,0,0
4508,0.2,3,0,0
4509,1.0,0,0,1
4510,1.0,0,1,1
4511,2.2,0,1,1
4512,0.2,3,0,0
4513,1.0,0,1,1
4514,1.0,0,1,1
4515,0.2,3,0,0
4516,0.2,3,0,0
4517,2.2,0,1,1
4518,0.2,3,0,0
4519,1.0,0,1,1
4520,2.2,0,1,1
4521,1.0,0,1,1
4522,0.2,3,0,0
4523,1.0,0,1,1
4524,0.2,3,0,0
4525,2.2,0,1,1
4526,1.0,0,1,1
4527,0.2,3,0,0
4528,2.2,0,1,1
4529,1.0,0,1,1
4530,0.2,3,0,0
4531,0.2,3,0,0
4532,3.0,3,0,0
4533,0.2,3,0,0
4534,1.0,0,1,1
4535,1.0,0,1,1
4536,1.0,0,1,1
4537,0.2,3,0,0
4538,0.2,3,0,0
4539,0.2,3,0,0
4540,1.0,0,1,1
4541,1.0,0,1,1
4542,1.0,0,1,1
4543,1.0,0,1,1
4544,1.0,0,1,1
4545,0.2,3,0,0
4546,2.2,0,1,1
4547,1.0,0,1,1
4548,0.2,3,0,0
4549,1.0,0,1,1
4550,1.0,0,1,1
4551,2.2,0,1,1
4552,1.0,0,1,1
4553,1.0,0,1,1
4554,2.2,0,1,1
4555,2.2,0,1,1
4556,0.2,3,0,1
4557,1.0,0,1,1
4558,1.0,0,1,1
4559,1.0,0,0,1
4560,1.0,0,1,1
4561,1.0,0,1,1
4562,1.0,0,1,1
4563,1.0,0,1,1
4564,2.2,0,1,1
4565,3.0,0,1,1
4566,1.0,0,1,1
4567,1.0,0,1,1
4568,0.2,3,0,0
4569,0.2,3,0,0
4570,2.2,0,1,1
4571,1.0,0,1,0
4572,0.2,3,0,0
4573,0.2,3,0,0
4574,1.0,0,1,1
4575,0.2,3,0,0
4576,1.0,0,1,1
4577,0.2,3,0,0
4578,1.0,0,0,1
4579,1.0,0,1,0
4580,1.0,0,1,0
4581,1.0,0,0,0
4582,2.2,0,1,1
4583,0.2,3,0,0
4584,1.0,0,1,1
4585,1.0,0,1,1
4586,1.0,0,1,1
4587,1.0,0,0,1
4588,1.0,0,1,1
4589,1.0,0,1,1
4590,1.0,0,0,1
4591,0.2,3,0,0
4592,1.0,0,1,1
4593,1.0,0,1,1
4594,1.0,0,1,1
4595,1.0,0,1,1
4596,1.0,0,0,1
4597,0.2,3,0,0
4598,1.0,0,1,1
4599,1.0,0,1,1
4600,1.0,0,1,1
4601,1.0,0,1,1
4602,2.2,0,1,1
4603,1.0,0,1,1
4604,0.2,3,0,1
4605,2.2,0,1,1
4606,2.2,0,1,1
4607,1.0,0,0,1
4608,0.2,3,0,0
4609,3.0,0,1,1
4610,0.2,3,0,0
4611,1.0,0,1,1
4612,1.0,0,1,1
4613,1.0,0,1,1
4614,0.2,3,0,0
4615,1.0,0,1,1
4616,1.0,0,1,1
4617,1.0,0,1,1
4618,0.2,3,0,0
4619,0.2,3,0,0
4620,3.0,0,1,1
4621,1.0,0,1,1
4622,0.2,3,0,0
4623,2.2,0,1,1
4624,1.0,0,1,1
4625,1.0,0,1,1
4626,0.2,3,0,0
4627,2.2,0,0,1
4628,0.2,3,0,0
4629,1.0,0,1,1
4630,2.2,0,1,1
4631,0.2,3,0,0
4632,0.2,3,0,0
4633,1.0,0,1,1
4634,0.2,3,0,0
4635,3.0,0,1,1
4636,3.0,0,1,1
4637,1.0,0,1,1
4638,1.0,0,1,1
4639,0.2,3,0,0
4640,1.0,3,0,0
4641,1.0,0,0,1
4642,0.2,3,0,0
4643,1.0,0,1,1
4644,1.0,0,0,1
4645,0.2,3,0,0
4646,1.0,0,0,1
4647,1.0,0,1,1
4648,0.2,3,0,0
4649,0.2,3,0,0
4650,0.2,3,0,0
4651,2.2,0,1,1
4652,1.0,0,1,0
4653,1.0,0,0,1
4654,1.0,0,1,1
4655,1.0,0,1,1
4656,1.0,0,1,1
4657,1.0,0,1,1
4658,2.2,0,1,1
4659,2.2,0,1,1
4660,0.2,3,0,0
4661,1.0,0,0,1
4662,1.0,0,1,1
4663,0.2,3,0,0
4664,0.2,3,0,0
4665,0.2,3,0,0
4666,1.0,0,1,1
4667,1.0,0,1,1
4668,0.2,3,0,0
4669,0.2,3,0,0
4670,0.2,3,0,0
4671,2.2,0,1,1
4672,1.0,0,1,1
4673,1.0,0,1,1
4674,1.0,0,1,1
4675,0.2,3,0,0
4676,0.2,3,0,0
4677,1.0,0,1,1
4678,1.0,0,1,1
4679,0.2,3,0,0
4680,1.0,0,0,1
4681,1.0,0,1,1
4682,0.2,3,0,1
4683,0.2,3,0,0
4684,0.2,3,0,0
4685,1.0,3,0,0
4686,0.2,3,0,0
4687,1.0,0,0,0
4688,1.0,0,1,1
4689,1.0,0,1,1
4690,1.0,1,0,0
4691,0.2,3,0,0
4692,0.2,3,0,0
4693,0.2,3,0,0
4694,0.2,3,0,0
4695,1.0,0,1,1
4696,1.0,0,1,1
4697,2.2,0,1,1
4698,0.2,3,0,0
4699,0.2,3,0,0
4700,1.0,0,1,1
4701,0.2,3,0,0
4702,1.0,0,0,0
4703,3.0,0,1,1
4704,0.2,3,0,0
4705,0.2,3,0,0
4706,2.2,0,1,1
4707,0.2,3,0,0
4708,2.2,0,1,1
4709,2.2,0,1,1
4710,0.2,3,0,0
4711,0.2,3,0,0
4712,1.0,0,1,1
4713,2.2,0,1,1
4714,0.2,3,0,0
4715,0.2,3,0,0
4716,0.2,3,0,0
4717,1.0,0,1,0
4718,0.2,3,0,0
4719,1.0,0,1,1
4720,2.2,0,0,1
4721,1.0,0,1,1
4722,1.0,0,0,0
4723,0.2,3,0,0
4724,1.0,0,1,1
4725,1.0,1,0,0
4726,1.0,0,1,1
4727,1.0,0,1,1
4728,0.2,3,0,0
4729,0.2,3,0,0
4730,1.0,0,1,1
4731,0.2,3,0,0
4732,2.2,0,1,1
4733,1.0,0,1,0
4734,0.2,3,0,0
4735,1.0,0,1,1
4736,2.2,0,1,1
4737,1.0,0,1,1
4738,0.2,3,0,0
4739,0.2,3,0,0
4740,0.2,3,0,0
4741,0.2,3,0,0
4742,1.0,0,1,1
4743,0.2,3,0,0
4744,2.2,0,1,1
4745,1.0,0,1,1
4746,0.2,3,0,0
4747,1.0,0,1,1
4748,0.2,3,0,0
4749,0.2,3,0,0
4750,0.2,3,0,0
4751,1.0,0,0,1
4752,1.0,0,1,1
4753,0.2,3,0,0
4754,0.2,3,0,0
4755,1.0,0,1,1
4756,1.0,0,1,1
4757,1.0,0,1,0
4758,0.2,3,0,0
4759,1.0,0,1,1
4760,0.2,3,0,0
4761,0.2,3,0,0
4762,0.2,3,0,0
4763,1.0,0,1,1
4764,0.2,3,0,0
4765,0.2,3,0,0
4766,1.0,0,1,1
4767,2.2,0,1,1
4768,1.0,0,1,1
4769,1.0,0,1,1
4770,0.2,3,0,0
4771,0.2,3,0,0
4772,2.2,0,1,1
4773,1.0,0,1,1
4774,2.2,0,1,1
4775,1.0,0,1,1
4776,0.2,3,0,0
4777,1.0,0,0,1
4778,1.0,0,1,1
4779,2.2,0,1,1
4780,2.2,0,1,1
4781,1.0,0,0,1
4782,1.0,0,0,1
4783,0.2,3,0,0
4784,0.2,3,0,0
4785,0.2,3,0,0
4786,0.2,3,0,0
4787,1.0,0,1,1
4788,0.2,3,0,0
4789,0.2,3,0,0
4790,0.2,3,0,0
4791,1.0,0,1,1
4792,2.2,0,1,1
4793,0.2,3,0,0
4794,2.2,0,1,1
4795,1.0,0,1,1
4796,1.0,0,0,1
4797,2.2,0,0,1
4798,1.0,0,1,0
4799,0.2,3,0,0
4800,1.0,0,1,0
4801,0.2,3,0,0
4802,0.2,3,0,0
4803,1.0,0,1,1
4804,1.0,0,0,1
4805,0.2,3,0,0
4806,2.2,0,0,1
4807,2.2,0,1,1
4808,1.0,0,1,1
4809,1.0,0,1,1
4810,0.2,3,0,0
4811,1.0,0,1,1
4812,0.2,3,0,0
4813,1.0,0,1,1
4814,1.0,0,0,1
4815,1.0,0,1,1
4816,2.2,0,1,1
4817,1.0,0,0,1
4818,1.0,0,1,1
4819,3.0,0,1,1
4820,1.0,0,0,1
4821,2.2,0,1,1
4822,0.2,3,0,0
4823,0.2,3,0,0
4824,1.0,0,1,1
4825,1.0,0,1,1
4826,0.2,3,0,0
4827,1.0,0,1,1
4828,0.2,3,0,0
4829,1.0,0,1,1
4830,1.0,0,1,1
4831,0.2,3,0,0
4832,1.0,3,0,0
4833,1.0,0,1,1
4834,0.2,3,0,1
4835,1.0,0,1,0
4836,0.2,3,0,0
4837,1.0,0,1,1
4838,1.0,0,1,1
4839,1.0,0,1,1
4840,0.2,3,0,0
4841,3.0,0,1,1
4842,0.2,3,0,0
4843,0.2,3,0,0
4844,2.2,0,1,1
4845,1.0,0,1,1
4846,0.2,3,0,0
4847,0.2,3,0,1
4848,0.2,3,0,0
4849,0.2,3,0,0
4850,1.0,0,1,1
4851,2.2,0,1,1
4852,2.2,0,1,1
4853,0.2,3,0,0
4854,0.2,3,0,0
4855,1.0,0,1,1
4856,1.0,0,1,1
4857,0.2,3,0,0
4858,1.0,0,1,1
4859,1.0,0,1,1
4860,0.2,3,0,0
4861,2.2,0,1,1
4862,0.2,3,0,0
4863,1.0,0,0,1
4864,0.2,3,0,0
4865,1.0,0,1,1
4866,1.0,0,1,1
4867,1.0,0,0,1
4868,1.0,0,1,0
4869,1.0,0,1,0
4870,2.2,0,0,1
4871,0.2,3,0,0
4872,0.2,3,0,0
4873,0.2,3,0,0
4874,0.2,3,0,0
4875,0.2,3,0,0
4876,1.0,0,0,1
4877,1.0,0,0,1
4878,1.0,0,1,1
4879,0.2,3,0,0
4880,1.0,0,1,1
4881,0.2,3,0,0
4882,0.2,3,0,0
4883,1.0,0,1,0
4884,0.2,3,0,0
4885,0.2,3,0,0
4886,1.0,0,1,1
4887,1.0,0,1,1
4888,2.2,0,1,1
4889,0.2,3,0,0
4890,0.2,3,0,0
4891,0.2,3,0,0
4892,1.0,0,0,1
4893,1.0,0,0,0
4894,0.2,3,0,0
4895,0.2,3,0,0
4896,1.0,0,1,1
4897,1.0,0,1,1
4898,1.0,0,1,1
4899,1.0,0,1,1
4900,0.2,3,0,0
4901,0.2,3,0,0
4902,0.2,3,0,0
4903,2.2,0,1,1
4904,1.0,0,1,1
4905,0.2,3,0,0
4906,1.0,0,1,1
4907,1.0,0,1,0
4908,0.2,3,0,0
4909,0.2,3,0,0
4910,1.0,0,1,1
4911,0.2,3,0,0
4912,0.2,3,0,0
4913,1.0,0,1,1
4914,0.2,3,0,0
4915,2.2,0,1,1
4916,1.0,0,1,1
4917,0.2,3,0,0
4918,1.0,0,1,1
4919,1.0,0,1,1
4920,1.0,0,1,0
4921,0.2,3,0,0
4922,1.0,0,1,1
4923,1.0,0,1,1
4924,0.2,3,0,0
4925,1.0,0,1,1
4926,0.2,3,0,0
4927,0.2,3,0,0
4928,1.0,0,1,1
4929,0.2,3,0,0
4930,3.0,0,1,1
4931,0.2,3,0,0
4932,1.0,0,1,0
4933,2.2,0,1,1
4934,0.2,3,0,1
4935,1.0,0,1,1
4936,1.0,0,1,1
4937,0.2,3,0,0
4938,0.2,3,0,0
4939,1.0,0,1,0
4940,2.2,0,1,1
4941,1.0,0,0,1
4942,1.0,0,1,1
4943,0.2,3,0,0
4944,0.2,3,0,0
4945,1.0,0,1,1
4946,0.2,3,0,1
4947,0.2,3,0,0
4948,1.0,0,0,1
4949,0.2,3,0,0
4950,1.0,0,1,1
4951,0.2,3,0,0
4952,1.0,0,0,1
4953,0.2,3,0,1
4954,0.2,3,0,0
4955,2.2,0,1,1
4956,2.2,0,1,1
4957,0.2,3,0,0
4958,1.0,0,1,1
4959,1.0,0,1,1
4960,0.2,3,0,0
4961,1.0,0,1,1
4962,1.0,0,1,0
4963,0.2,3,0,0
4964,2.2,0,1,1
4965,1.0,0,1,1
4966,1.0,0,1,1
4967,1.0,0,1,1
4968,0.2,3,0,0
4969,1.0,0,1,1
4970,1.0,0,0,1
4971,1.0,0,1,1
4972,0.2,3,0,0
4973,0.2,3,0,0
4974,1.0,0,1,1
4975,2.2,0,1,1
4976,1.0,0,1,1
4977,0.2,3,0,0
4978,0.2,3,0,0
4979,0.2,3,0,0
4980,1.0,0,0,1
4981,0.2,3,0,0
4982,1.0,0,1,1
4983,1.0,0,1,0
4984,1.0,0,0,1
4985,1.0,0,1,1
4986,0.2,3,0,0
4987,1.0,0,0,1
4988,1.0,0,1,1
4989,0.2,3,0,0
4990,2.2,0,1,1
4991,0.2,3,0,0
4992,1.0,0,1,1
4993,0.2,3,0,0
4994,0.2,3,0,1
4995,1.0,0,1,1
4996,1.0,0,1,1
4997,0.2,3,0,0
4998,1.0,0,1,1
4999,2.2,0,1,1
5000,0.2,3,0,0
5001,0.2,3,0,0
5002,0.2,3,0,0
5003,2.2,0,1,1
5004,2.2,0,1,1
5005,2.2,0,1,1
5006,1.0,0,1,1
5007,1.0,0,1,1
5008,1.0,1,0,0
5009,0.2,3,0,0
5010,1.0,0,1,1
5011,1.0,0,1,1
5012,0.2,3,0,0
5013,0.2,3,0,0
5014,1.0,0,1,1
5015,0.2,3,0,0
5016,1.0,0,1,1
5017,2.2,0,1,1
5018,0.2,3,0,0
5019,0.2,3,0,0
5020,0.2,3,0,0
5021,1.0,0,1,1
5022,0.2,3,0,0
5023,0.2,3,0,0
5024,1.0,0,1,1
5025,1.0,0,1,1
5026,2.2,0,1,1
5027,0.2,3,0,0
5028,1.0,0,0,1
5029,1.0,0,1,0
5030,2.2,0,1,1
5031,1.0,0,1,1
5032,2.2,0,1,1
5033,1.0,0,1,1
5034,1.0,0,1,1
5035,1.0,0,1,1
5036,0.2,3,0,0
5037,0.2,3,0,0
5038,0.2,3,0,0
5039,1.0,0,1,1
5040,0.2,3,0,0
5041,1.0,0,1,1
5042,0.2,3,0,0
5043,0.2,3,0,0
5044,1.0,0,0,0
5045,0.2,3,0,0
5046,0.2,3,0,0
5047,1.0,0,0,1
5048,1.0,0,1,1
5049,0.2,3,0,0
5050,0.2,3,0,0
5051,0.2,3,0,0
5052,0.2,3,0,1
5053,0.2,3,0,0
5054,2.2,0,1,1
5055,1.0,0,0,1
5056,0.2,3,0,0
5057,1.0,0,1,1
5058,0.2,3,0,0
5059,1.0,0,1,1
5060,1.0,3,0,0
5061,0.2,3,0,0
5062,0.2,3,0,0
5063,1.0,0,1,0
5064,1.0,0,1,1
5065,1.0,0,1,1
5066,1.0,0,1,1
5067,1.0,0,1,0
5068,0.2,3,0,0
5069,0.2,3,0,0
5070,2.2,0,1,1
5071,0.2,3,0,0
5072,0.2,3,0,0
5073,0.2,3,0,0
5074,2.2,0,1,1
5075,1.0,0,1,1
5076,1.0,0,0,0
5077,2.2,0,1,1
5078,1.0,0,1,1
5079,0.2,3,0,0
5080,1.0,0,1,1
5081,2.2,0,1,1
5082,1.0,0,1,0
5083,0.2,3,0,0
5084,0.2,3,0,1
5085,2.2,0,1,1
5086,0.2,3,0,0
5087,1.0,0,1,1
5088,1.0,0,1,1
5089,2.2,0,1,1
5090,0.2,3,0,0
5091,1.0,0,1,1
5092,0.2,3,0,0
5093,0.2,3,0,0
5094,0.2,3,0,0
5095,0.2,3,0,0
5096,0.2,3,0,0
5097,1.0,0,1,1
5098,1.0,0,1,1
5099,1.0,0,1,0
5100,1.0,0,0,1
5101,1.0,3,0,0
5102,1.0,0,1,1
5103,0.2,3,0,0
5104,0.2,3,0,0
5105,0.2,3,0,0
5106,1.0,0,1,1
5107,0.2,3,0,0
5108,1.0,0,1,1
5109,1.0,0,1,1
5110,1.0,1,0,0
5111,1.0,0,1,0
5112,1.0,0,1,1
5113,0.2,3,0,0
5114,0.2,3,0,0
5115,0.2,3,0,0
5116,0.2,3,0,0
5117,0.2,3,0,0
5118,0.2,3,0,0
5119,0.2,3,0,0
5120,0.2,3,0,0
5121,1.0,0,1,1
5122,0.2,3,0,0
5123,1.0,0,1,1
5124,1.0,0,1,1
5125,0.2,3,0,0
5126,0.2,3,0,0
5127,0.2,3,0,0
5128,0.2,3,0,0
5129,0.2,3,0,0
5130,1.0,0,0,0
5131,1.0,0,1,0
5132,0.2,3,0,0
5133,1.0,0,1,0
5134,1.0,0,1,1
5135,0.2,3,0,0
5136,1.0,1,0,0
5137,0.2,3,0,0
5138,1.0,0,1,1
5139,1.0,0,1,1
5140,2.2,0,0,1
5141,0.2,3,0,0
5142,1.0,0,1,1
5143,1.0,0,1,1
5144,0.2,3,0,0
5145,0.2,3,0,0
5146,1.0,0,0,1
5147,1.0,0,1,1
5148,1.0,0,1,1
5149,0.2,3,0,0
5150,0.2,3,0,0
5151,0.2,3,0,0
5152,1.0,0,1,1
5153,1.0,0,0,0
5154,0.2,3,0,0
5155,1.0,0,1,0
5156,0.2,3,0,0
5157,0.2,3,0,0
5158,0.2,3,0,0
5159,1.0,0,1,1
5160,1.0,0,1,1
5161,1.0,0,1,1
5162,1.0,0,1,1
5163,0.2,3,0,0
5164,2.2,0,1,1
5165,1.0,0,0,1
5166,1.0,0,1,1
5167,0.2,3,0,0
5168,1.0,0,1,1
5169,0.2,3,0,0
5170,1.0,0,1,1
5171,1.0,0,1,1
5172,1.0,0,1,1
5173,2.2,0,1,1
5174,2.2,0,1,1
5175,2.2,0,1,1
5176,1.0,0,0,1
5177,1.0,3,0,0
5178,1.0,0,1,1
5179,0.2,3,0,0
5180,0.2,3,0,0
5181,2.2,0,1,1
5182,0.2,3,0,0
5183,0.2,3,0,0
5184,0.2,3,0,0
5185,0.2,3,0,1
5186,1.0,0,1,0
5187,0.2,3,0,0
5188,1.0,0,1,1
5189,0.2,3,0,0
5190,1.0,0,1,1
5191,1.0,0,0,1
5192,0.2,3,0,0
5193,0.2,3,0,0
5194,1.0,0,1,1
5195,1.0,0,1,1
5196,1.0,0,0,1
5197,0.2,3,0,0
5198,1.0,0,1,0
5199,0.2,3,0,0
5200,0.2,3,0,0
5201,0.2,3,0,0
5202,2.2,0,1,1
5203,3.4000000000000004,1,1,0
5204,1.0,0,1,0
5205,1.0,0,1,1
5206,1.0,0,0,1
5207,0.2,3,0,0
5208,1.0,0,1,1
5209,1.0,0,0,0
5210,1.0,0,1,1
5211,1.0,0,0,1
5212,1.0,0,1,1
5213,3.0,3,0,0
5214,0.2,3,0,0
5215,0.2,3,0,0
5216,1.0,0,1,1
5217,3.0,0,1,1
5218,3.0,3,0,0
5219,0.2,3,0,0
5220,0.2,3,0,0
5221,0.2,3,0,0
5222,1.0,0,1,0
5223,1.0,0,1,1
5224,0.2,3,0,0
5225,1.0,3,0,0
5226,1.0,0,1,0
5227,0.2,3,0,0
5228,0.2,3,0,0
5229,0.2,3,0,0
5230,0.2,3,0,0
5231,0.2,3,0,0
5232,1.0,0,1,1
5233,1.0,0,1,1
5234,1.0,0,1,1
5235,0.2,3,0,0
5236,0.2,3,0,0
5237,0.2,3,0,0
5238,1.0,0,0,0
5239,2.2,0,1,1
5240,0.2,3,0,0
5241,2.2,0,1,1
5242,0.2,3,0,0
5243,1.0,3,0,0
5244,1.0,0,1,0
5245,1.0,0,1,1
5246,0.2,3,0,0
5247,3.0,0,1,1
5248,1.0,0,1,0
5249,0.2,3,0,0
5250,0.2,3,0,0
5251,0.2,3,0,0
5252,2.2,0,1,1
5253,0.2,3,0,0
5254,0.2,3,0,0
5255,0.2,3,0,0
5256,2.2,0,1,1
5257,0.2,3,0,0
5258,0.2,3,0,0
5259,0.2,3,0,0
5260,0.2,3,0,0
5261,0.2,3,0,0
5262,0.2,3,0,0
5263,1.0,0,1,1
5264,3.0,0,1,1
5265,1.0,0,1,1
5266,0.2,3,0,0
5267,0.2,3,0,0
5268,1.0,0,1,0
5269,1.0,0,1,1
5270,0.2,3,0,0
5271,1.0,0,1,1
5272,2.2,0,0,1
5273,1.0,0,1,1
5274,2.2,0,0,1
5275,0.2,3,0,0
5276,1.0,0,1,0
5277,1.0,0,1,1
5278,1.0,0,1,1
5279,0.2,3,0,0
5280,1.0,0,1,1
5281,0.2,3,0,0
5282,1.0,0,1,1
5283,1.0,3,0,0
5284,0.2,3,0,0
5285,2.2,0,1,1
5286,0.2,3,0,0
5287,1.0,0,1,1
5288,1.0,0,1,1
5289,0.2,3,0,1
5290,0.2,3,0,0
5291,1.0,0,1,1
5292,0.2,3,0,0
5293,0.2,3,0,0
5294,0.2,3,0,0
5295,1.0,0,1,1
5296,2.2,0,1,1
5297,0.2,3,0,0
5298,1.0,0,1,1
5299,0.2,3,0,0
5300,1.0,0,1,1
5301,2.2,0,1,1
5302,0.2,3,0,0
5303,1.0,0,1,1
5304,0.2,3,0,0
5305,0.2,3,0,0
5306,2.2,0,1,1
5307,1.0,0,1,1
5308,0.2,3,0,0
5309,1.0,0,1,1
5310,0.2,3,0,0
5311,0.2,3,0,0
5312,0.2,3,0,0
5313,1.0,0,1,1
5314,0.2,3,0,0
5315,0.2,3,0,0
5316,2.2,0,1,1
5317,2.2,0,1,1
5318,0.2,3,0,0
5319,0.2,3,0,0
5320,0.2,3,0,0
5321,0.2,3,0,0
5322,1.0,0,1,1
5323,1.0,0,0,1
5324,1.0,0,1,1
5325,1.0,0,1,1
5326,0.2,3,0,0
5327,1.0,0,1,1
5328,3.0,3,0,0
5329,0.2,3,0,0
5330,0.2,3,0,0
5331,1.0,0,1,1
5332,0.2,3,0,0
5333,2.2,0,1,1
5334,0.2,3,0,0
5335,0.2,3,0,0
5336,1.0,0,0,1
5337,1.0,0,1,1
5338,1.0,0,1,1
5339,1.0,0,1,1
5340,0.2,3,0,0
5341,2.2,0,1,1
5342,1.0,0,1,1
5343,1.0,0,1,1
5344,0.2,3,0,0
5345,1.0,0,1,1
5346,1.0,0,1,1
5347,0.2,3,0,0
5348,1.0,0,1,1
5349,0.2,3,0,0
5350,0.2,3,0,0
5351,0.2,3,0,0
5352,1.0,0,1,1
5353,0.2,3,0,0
5354,1.0,0,0,1
5355,1.0,0,1,1
5356,1.0,0,1,1
5357,2.2,0,1,1
5358,0.2,3,0,0
5359,0.2,3,0,0
5360,0.2,3,0,0
5361,1.0,0,0,1
5362,0.2,3,0,0
5363,1.0,0,0,0
5364,1.0,0,1,0
5365,2.2,0,1,1
5366,1.0,0,1,1
5367,1.0,0,1,0
5368,0.2,3,0,0
5369,0.2,3,0,0
5370,1.0,3,0,0
5371,0.2,3,0,0
5372,0.2,3,0,0
5373,0.2,3,0,1
5374,0.2,3,0,0
5375,1.0,0,1,1
5376,1.0,0,1,1
5377,1.0,0,1,1
5378,2.2,0,1,1
5379,0.2,3,0,0
5380,0.2,3,0,0
5381,1.0,0,0,1
5382,0.2,3,0,0
5383,1.0,0,1,1
5384,1.0,0,1,1
5385,1.0,0,1,1
5386,0.2,3,0,1
5387,0.2,3,0,0
5388,0.2,3,0,0
5389,0.2,3,0,0
5390,1.0,0,1,1
5391,2.2,0,1,1
5392,0.2,3,0,0
5393,1.0,0,0,1
5394,1.0,0,1,1
5395,1.0,0,1,1
5396,0.2,3,0,0
5397,1.0,0,1,0
5398,0.2,3,0,0
5399,1.0,0,1,0
5400,0.2,3,0,0
5401,1.0,0,1,1
5402,2.2,0,1,1
5403,0.2,3,0,0
5404,1.0,0,1,1
5405,1.0,0,1,1
5406,2.2,0,1,1
5407,0.2,3,0,0
5408,2.2,0,1,1
5409,1.0,0,1,1
5410,0.2,3,0,0
5411,1.0,0,1,1
5412,1.0,0,1,1
5413,0.2,3,0,0
5414,1.0,0,1,1
5415,0.2,3,0,0
5416,0.2,3,0,0
5417,1.0,0,1,1
5418,1.0,0,1,1
5419,0.2,3,0,0
5420,0.2,3,0,0
5421,0.2,3,0,0
5422,1.0,0,0,1
5423,1.0,0,1,1
5424,1.0,0,1,1
5425,1.0,0,1,0
5426,0.2,3,0,0
5427,1.0,0,1,0
5428,1.0,0,1,1
5429,0.2,3,0,0
5430,0.2,3,0,0
5431,1.0,0,1,1
5432,1.0,0,1,1
5433,0.2,3,0,0
5434,0.2,3,0,0
5435,0.2,3,0,1
5436,0.2,3,0,0
5437,2.2,0,1,1
5438,1.0,0,1,1
5439,1.0,0,1,1
5440,1.0,0,1,1
5441,0.2,3,0,0
5442,0.2,3,0,0
5443,1.0,0,1,0
5444,0.2,3,0,0
5445,1.0,0,1,1
5446,1.0,3,0,0
5447,1.0,0,1,0
5448,2.2,0,1,1
5449,1.0,0,0,1
5450,1.0,0,0,1
5451,2.2,0,0,1
5452,0.2,3,0,0
5453,1.0,0,1,1
5454,0.2,3,0,0
5455,1.0,0,1,0
5456,0.2,3,0,0
5457,1.0,0,1,0
5458,1.0,0,1,1
5459,0.2,3,0,0
5460,2.2,0,1,1
5461,1.0,0,1,1
5462,1.0,0,0,1
5463,0.2,3,0,0
5464,1.0,0,1,1
5465,1.0,0,1,1
5466,0.2,3,0,0
5467,1.0,0,0,1
5468,1.0,0,1,1
5469,1.0,0,1,1
5470,0.2,3,0,0
5471,0.2,3,0,0
5472,1.0,0,1,1
5473,1.0,0,1,1
5474,1.0,0,1,1
5475,0.2,3,0,1
5476,1.0,0,1,1
5477,0.2,3,0,0
5478,1.0,0,1,1
5479,1.0,0,1,1
5480,0.2,3,0,0
5481,0.2,3,0,0
5482,1.0,0,1,1
5483,1.0,0,1,1
5484,0.2,3,0,0
5485,0.2,3,0,0
5486,1.0,0,1,1
5487,0.2,3,0,0
5488,1.0,0,1,1
5489,0.2,3,0,0
5490,1.0,0,1,1
5491,0.2,3,0,0
5492,0.2,3,0,0
5493,1.0,0,1,1
5494,0.2,3,0,0
5495,2.2,0,1,1
5496,1.0,0,1,0
5497,1.0,0,1,1
5498,2.2,0,1,1
5499,0.2,3,0,0
5500,0.2,3,0,0
5501,1.0,0,0,0
5502,1.0,0,1,0
5503,1.0,0,1,1
5504,0.2,3,0,0
5505,1.0,0,0,1
5506,1.0,0,0,1
5507,1.0,0,1,1
5508,2.2,0,1,1
5509,0.2,3,0,1
5510,0.2,3,0,0
5511,0.2,3,0,0
5512,1.0,0,1,1
5513,1.0,0,1,1
5514,0.2,3,0,0
5515,1.0,0,1,0
5516,0.2,3,0,0
5517,1.0,0,1,0
5518,1.0,0,1,1
5519,2.2,0,1,1
5520,0.2,3,0,0
5521,2.2,0,0,1
5522,1.0,0,0,1
5523,0.2,3,0,0
5524,1.0,0,1,1
5525,0.2,3,0,0
5526,1.0,0,1,1
5527,2.2,0,1,1
5528,1.0,0,1,1
5529,0.2,3,0,0
5530,0.2,3,0,0
5531,2.2,0,1,1
5532,2.2,0,1,1
5533,0.2,3,0,0
5534,0.2,3,0,0
5535,1.0,0,1,1
5536,1.0,0,1,1
5537,2.2,0,1,1
5538,0.2,3,0,0
5539,0.2,3,0,0
5540,1.0,0,0,1
5541,1.0,0,1,1
5542,0.2,3,0,0
5543,1.0,0,1,1
5544,1.0,0,1,1
5545,1.0,0,1,1
5546,1.0,0,1,0
5547,0.2,3,0,0
5548,1.0,0,1,1
5549,0.2,3,0,0
5550,0.2,3,0,0
5551,1.0,0,1,1
5552,0.2,3,0,0
5553,1.0,0,1,1
5554,0.2,3,0,0
5555,0.2,3,0,0
5556,0.2,3,0,0
5557,2.2,0,1,1
5558,2.2,0,1,1
5559,1.0,0,1,0
5560,0.2,3,0,0
5561,0.2,3,0,0
5562,0.2,3,0,0
5563,1.0,0,1,1
5564,1.0,0,1,1
5565,1.0,0,0,1
5566,1.0,0,1,1
5567,1.0,0,1,1
5568,1.0,0,0,1
5569,0.2,3,0,0
5570,1.0,0,0,1
5571,0.2,3,0,0
5572,0.2,3,0,0
5573,0.2,3,0,0
5574,0.2,3,0,0
5575,1.0,0,1,1
5576,1.0,0,1,1
5577,0.2,3,0,0
5578,2.2,0,1,1
5579,0.2,3,0,0
5580,0.2,3,0,1
5581,1.0,0,1,1
5582,1.0,0,1,1
5583,0.2,3,0,0
5584,1.0,0,1,1
5585,0.2,3,0,0
5586,1.0,0,1,1
5587,1.0,0,1,1
5588,1.0,0,1,1
5589,0.2,3,0,0
5590,1.0,0,1,1
5591,0.2,3,0,0
5592,3.0,0,1,1
5593,1.0,0,1,1
5594,0.2,3,0,0
5595,1.0,0,0,1
5596,0.2,3,0,0
5597,0.2,3,0,0
5598,1.0,0,1,1
5599,0.2,3,0,0
5600,1.0,0,1,1
5601,1.0,0,1,0
5602,1.0,0,1,1
5603,1.0,0,0,1
5604,1.0,0,1,1
5605,0.2,3,0,0
5606,0.2,3,0,1
5607,1.0,0,1,1
5608,0.2,3,0,0
5609,0.2,3,0,0
5610,1.0,0,0,1
5611,1.0,0,1,1
5612,0.2,3,0,0
5613,0.2,3,0,0
5614,0.2,3,0,0
5615,1.0,0,1,1
5616,2.2,0,1,1
5617,0.2,3,0,0
5618,0.2,3,0,0
5619,1.0,0,1,1
5620,0.2,3,0,0
5621,0.2,3,0,0
5622,1.0,0,1,1
5623,1.0,0,1,1
5624,0.2,3,0,0
5625,0.2,3,0,0
5626,0.2,3,0,0
5627,0.2,3,0,0
5628,0.2,3,0,0
5629,0.2,3,0,0
5630,1.0,0,1,1
5631,1.0,0,0,1
5632,1.0,0,1,1
5633,1.0,0,0,1
5634,1.0,0,1,1
5635,1.0,0,1,1
5636,1.0,3,0,0
5637,1.0,0,1,1
5638,1.0,0,1,1
5639,1.0,0,1,0
5640,0.2,3,0,0
5641,1.0,0,1,1
5642,0.2,3,0,0
5643,0.2,3,0,0
5644,1.0,0,1,1
5645,0.2,3,0,0
5646,0.2,3,0,0
5647,0.2,3,0,0
5648,0.2,3,0,0
5649,1.0,0,1,1
5650,1.0,0,1,1
5651,1.0,0,1,1
5652,0.2,3,0,0
5653,1.0,0,1,1
5654,0.2,3,0,0
5655,1.0,0,1,1
5656,0.2,3,0,0
5657,1.0,0,1,1
5658,1.0,0,1,1
5659,0.2,3,0,0
5660,0.2,3,0,0
5661,1.0,0,0,1
5662,0.2,3,0,0
5663,1.0,0,1,1
5664,1.0,0,1,1
5665,2.2,0,0,1
5666,3.0,0,1,1
5667,1.0,0,1,1
5668,0.2,3,0,0
5669,1.0,0,0,1
5670,0.2,3,0,0
5671,1.0,0,1,1
5672,2.2,0,1,1
5673,0.2,3,0,0
5674,2.2,0,1,1
5675,1.0,0,1,1
5676,0.2,3,0,0
5677,0.2,3,0,0
5678,0.2,3,0,0
5679,1.0,0,1,1
5680,2.2,0,1,1
5681,1.0,0,1,1
5682,0.2,3,0,0
5683,0.2,3,0,0
5684,1.0,0,1,1
5685,0.2,3,0,0
5686,0.2,3,0,0
5687,1.0,0,1,1
5688,0.2,3,0,0
5689,1.0,0,0,1
5690,0.2,3,0,0
5691,2.2,0,1,1
5692,0.2,3,0,0
5693,2.2,0,1,1
5694,1.0,0,0,1
5695,0.2,3,0,0
5696,0.2,3,0,0
5697,0.2,3,0,0
5698,2.2,0,1,1
5699,0.2,3,0,0
5700,1.0,0,1,0
5701,1.0,0,1,1
5702,0.2,3,0,0
5703,1.0,0,1,1
5704,1.0,0,1,1
5705,0.2,3,0,0
5706,1.0,0,1,1
5707,1.0,0,1,1
5708,0.2,3,0,0
5709,0.2,3,0,0
5710,1.0,0,1,1
5711,0.2,3,0,0
5712,0.2,3,0,0
5713,1.0,0,0,1
5714,1.0,0,1,1
5715,1.0,0,1,1
5716,1.0,0,1,0
5717,0.2,3,0,0
5718,0.2,3,0,0
5719,1.0,0,1,1
5720,1.0,0,0,1
5721,2.2,0,1,1
5722,1.0,0,1,1
5723,0.2,3,0,0
5724,1.0,0,1,1
5725,0.2,3,0,0
5726,0.2,3,0,0
5727,1.0,0,1,0
5728,1.0,0,1,1
5729,0.2,3,0,0
5730,0.2,3,0,0
5731,1.0,0,0,0
5732,0.2,3,0,0
5733,0.2,3,0,0
5734,2.2,0,1,1
5735,1.0,0,1,1
5736,1.0,0,1,1
5737,1.0,0,1,1
5738,0.2,3,0,0
5739,0.2,3,0,0
5740,0.2,3,0,0
5741,1.0,0,1,1
5742,1.0,0,0,1
5743,0.2,3,0,1
5744,1.0,0,1,0
5745,1.0,0,1,1
5746,0.2,3,0,0
5747,0.2,3,0,0
5748,1.0,0,1,0
5749,0.2,3,0,0
5750,0.2,3,0,0
5751,1.0,0,0,1
5752,1.0,0,0,1
5753,0.2,3,0,0
5754,1.0,0,0,1
5755,1.0,0,1,1
5756,1.0,0,1,1
5757,1.0,0,1,1
5758,3.0,0,1,1
5759,1.0,0,1,1
5760,1.0,0,0,1
5761,2.2,0,1,1
5762,1.0,0,1,1
5763,0.2,3,0,0
5764,0.2,3,0,1
5765,1.0,0,1,1
5766,1.0,0,1,1
5767,1.0,0,1,1
5768,1.0,0,0,0
5769,1.0,0,1,1
5770,1.0,0,1,0
5771,3.4000000000000004,1,1,0
5772,1.0,0,1,1
5773,0.2,3,0,0
5774,1.0,0,1,1
5775,0.2,3,0,0
5776,0.2,3,0,0
5777,0.2,3,0,0
5778,1.0,0,1,1
5779,1.0,0,0,0
5780,1.0,0,1,1
5781,0.2,3,0,0
5782,1.0,0,1,1
5783,1.0,0,1,1
5784,1.0,0,1,1
5785,0.2,3,0,0
5786,0.2,3,0,0
5787,1.0,0,1,1
5788,0.2,3,0,0
5789,1.0,0,1,1
5790,0.2,3,0,0
5791,0.2,3,0,0
5792,1.0,0,1,1
5793,0.2,3,0,0
5794,1.0,0,1,1
5795,0.2,3,0,0
5796,1.0,0,1,1
5797,0.2,3,0,0
5798,1.0,0,1,1
5799,1.0,0,1,1
5800,1.0,0,1,1
5801,2.2,0,1,1
5802,1.0,0,1,0
5803,1.0,0,0,1
5804,1.0,0,1,1
5805,2.2,0,1,1
5806,1.0,0,1,1
5807,0.2,3,0,0
5808,0.2,3,0,0
5809,3.0,3,0,0
5810,2.2,0,1,1
5811,1.0,0,1,1
5812,1.0,0,1,1
5813,2.2,3,0,1
5814,1.0,0,1,1
5815,1.0,0,1,1
5816,0.2,3,0,0
5817,1.0,0,1,1
5818,1.0,0,1,1
5819,0.2,3,0,0
5820,0.2,3,0,0
5821,1.0,0,0,1
5822,0.2,3,0,0
5823,0.2,3,0,0
5824,2.2,0,1,1
5825,0.2,3,0,0
5826,1.0,0,1,1
5827,0.2,3,0,0
5828,1.0,0,0,1
5829,1.0,0,1,1
5830,1.0,0,0,1
5831,0.2,3,0,0
5832,1.0,0,1,1
5833,1.0,0,1,1
5834,0.2,3,0,0
5835,1.0,0,1,1
5836,1.0,0,1,1
5837,0.2,3,0,0
5838,3.0,3,0,0
5839,1.0,0,1,1
5840,0.2,3,0,0
5841,1.0,0,1,1
5842,1.0,0,1,1
5843,1.0,0,1,0
5844,1.0,0,1,1
5845,0.2,3,0,0
5846,1.0,0,1,1
5847,0.2,3,0,0
5848,2.2,0,1,1
5849,0.2,3,0,0
5850,1.0,0,1,0
5851,1.0,0,1,1
5852,1.0,0,1,0
5853,1.0,0,1,1
5854,1.0,3,0,0
5855,1.0,0,0,1
5856,1.0,0,1,1
5857,0.2,3,0,0
5858,1.0,0,1,1
5859,1.0,0,1,1
5860,3.4000000000000004,1,1,0
5861,1.0,0,1,1
5862,0.2,3,0,0
5863,1.0,0,1,1
5864,0.2,3,0,0
5865,0.2,3,0,0
5866,0.2,3,0,0
5867,1.0,0,1,1
5868,1.0,3,0,0
5869,1.0,0,0,1
5870,0.2,3,0,0
5871,0.2,3,0,0
5872,1.0,0,1,1
5873,1.0,0,1,0
5874,0.2,3,0,0
5875,1.0,0,1,1
5876,1.0,0,1,1
5877,1.0,0,1,1
5878,1.0,0,1,1
5879,1.0,0,1,1
5880,0.2,3,0,0
5881,0.2,3,0,0
5882,1.0,0,1,1
5883,1.0,0,1,1
5884,1.0,0,1,1
5885,1.0,0,1,1
5886,1.0,0,0,1
5887,0.2,3,0,1
5888,2.2,0,1,1
5889,1.0,0,1,1
5890,0.2,3,0,0
5891,0.2,3,0,0
5892,0.2,3,0,0
5893,0.2,3,0,0
5894,0.2,3,0,0
5895,1.0,0,1,1
5896,0.2,3,0,1
5897,1.0,0,1,1
5898,0.2,3,0,0
5899,0.2,3,0,0
5900,0.2,3,0,0
5901,1.0,0,1,1
5902,1.0,0,1,1
5903,0.2,3,0,1
5904,1.0,0,1,1
5905,1.0,0,1,1
5906,0.2,3,0,0
5907,1.0,0,1,1
5908,2.2,0,1,1
5909,1.0,0,1,1
5910,0.2,3,0,0
5911,1.0,0,1,1
5912,1.0,0,1,1
5913,1.0,0,1,1
5914,1.0,0,1,1
5915,1.0,0,0,1
5916,0.2,3,0,0
5917,2.2,0,1,1
5918,2.2,0,1,1
5919,1.0,0,1,1
5920,0.2,3,0,0
5921,1.0,0,1,1
5922,1.0,0,1,1
5923,0.2,3,0,0
5924,1.0,0,0,1
5925,0.2,3,0,0
5926,0.2,3,0,0
5927,1.0,0,1,1
5928,1.0,0,1,1
5929,1.0,0,0,1
5930,1.0,0,1,1
5931,1.0,0,1,1
5932,1.0,0,1,1
5933,1.0,0,1,1
5934,0.2,3,0,0
5935,1.0,0,1,1
5936,1.0,0,1,1
5937,1.0,0,1,1
5938,0.2,3,0,0
5939,0.2,3,0,0
5940,0.2,3,0,0
5941,0.2,3,0,1
5942,0.2,3,0,0
5943,0.2,3,0,0
5944,1.0,0,1,1
5945,1.0,0,1,1
5946,0.2,3,0,0
5947,1.0,0,1,1
5948,1.0,0,1,1
5949,1.0,0,0,1
5950,1.0,0,0,0
5951,0.2,3,0,0
5952,1.0,0,1,1
5953,1.0,0,0,1
5954,0.2,3,0,0
5955,0.2,3,0,0
5956,1.0,0,1,1
5957,1.0,0,1,1
5958,1.0,0,1,1
5959,1.0,0,1,1
5960,1.0,0,1,1
5961,0.2,3,0,0
5962,1.0,0,1,1
5963,1.0,0,1,1
5964,0.2,3,0,0
5965,1.0,0,0,1
5966,1.0,0,1,1
5967,0.2,3,0,0
5968,0.2,3,0,0
5969,1.0,0,1,1
5970,1.0,0,1,1
5971,0.2,3,0,0
5972,0.2,3,0,0
5973,1.0,0,1,0
5974,1.0,0,1,1
5975,1.0,0,1,1
5976,1.0,0,1,1
5977,0.2,3,0,0
5978,3.0,0,1,1
5979,0.2,3,0,0
5980,1.0,0,1,1
5981,1.0,0,1,1
5982,2.2,0,1,1
5983,1.0,0,1,0
5984,0.2,3,0,0
5985,1.0,0,1,1
5986,1.0,0,1,1
5987,2.2,0,1,1
5988,0.2,3,0,1
5989,2.2,0,1,1
5990,0.2,3,0,0
5991,2.2,0,1,1
5992,1.0,0,0,1
5993,0.2,3,0,0
5994,1.0,0,1,1
5995,1.0,0,1,1
5996,1.0,0,1,1
5997,0.2,3,0,0
5998,1.0,0,1,1
5999,0.2,3,0,0
6000,1.0,0,1,1
6001,1.0,0,1,1
6002,1.0,0,1,1
6003,2.2,0,1,1
6004,0.2,3,0,0
6005,0.2,3,0,0
6006,1.0,0,1,1
6007,2.2,0,1,1
6008,1.0,0,1,1
6009,1.0,0,0,1
6010,0.2,3,0,0
6011,0.2,3,0,0
6012,1.0,0,0,1
6013,1.0,0,1,1
6014,1.0,0,0,1
6015,2.2,0,0,1
6016,0.2,3,0,0
6017,1.0,0,1,1
6018,0.2,3,0,0
6019,1.0,0,1,1
6020,1.0,0,1,1
6021,1.0,0,1,1
6022,0.2,3,0,0
6023,1.0,0,1,1
6024,0.2,3,0,0
6025,0.2,3,0,0
6026,0.2,3,0,0
6027,1.0,0,1,1
6028,0.2,3,0,0
6029,0.2,3,0,0
6030,0.2,3,0,0
6031,0.2,3,0,0
6032,0.2,3,0,0
6033,1.0,0,0,1
6034,1.0,0,1,1
6035,0.2,3,0,0
6036,0.2,3,0,0
6037,1.0,0,1,1
6038,0.2,3,0,0
6039,0.2,3,0,0
6040,1.0,0,1,1
6041,0.2,3,0,0
6042,0.2,3,0,0
6043,0.2,3,0,0
6044,1.0,0,1,1
6045,0.2,3,0,0
6046,0.2,3,0,0
6047,1.0,0,1,1
6048,1.0,0,1,1
6049,1.0,0,1,1
6050,1.0,0,1,1
6051,1.0,0,1,0
6052,0.2,3,0,0
6053,1.0,0,1,1
6054,0.2,3,0,0
6055,1.0,0,1,1
6056,0.2,3,0,0
6057,1.0,0,0,1
6058,1.0,0,1,0
6059,1.0,0,0,1
6060,1.0,0,1,0
6061,1.0,0,1,0
6062,2.2,0,1,1
6063,2.2,0,1,1
6064,1.0,0,1,1
6065,1.0,0,1,1
6066,0.2,3,0,0
6067,2.2,0,1,1
6068,2.2,0,1,1
6069,0.2,3,0,0
6070,1.0,0,1,0
6071,1.0,0,1,1
6072,1.0,0,0,1
6073,1.0,0,1,1
6074,0.2,3,0,0
6075,0.2,3,0,0
6076,2.2,0,1,1
6077,0.2,3,0,0
6078,1.0,0,1,1
6079,0.2,3,0,0
6080,0.2,3,0,0
6081,1.0,0,1,1
6082,1.0,0,1,1
6083,1.0,0,0,1
6084,1.0,0,1,0
6085,0.2,3,0,0
6086,1.0,0,1,1
6087,1.0,0,1,0
6088,0.2,3,0,1
6089,0.2,3,0,0
6090,2.2,0,1,1
6091,1.0,0,1,1
6092,0.2,3,0,0
6093,0.2,3,0,0
6094,3.4000000000000004,1,1,0
6095,0.2,3,0,0
6096,0.2,3,0,0
6097,0.2,3,0,0
6098,1.0,0,1,1
6099,0.2,3,0,0
6100,0.2,3,0,0
6101,1.0,0,1,0
6102,0.2,3,0,0
6103,0.2,3,0,0
6104,0.2,3,0,0
6105,1.0,0,1,1
6106,0.2,3,0,0
6107,1.0,3,0,0
6108,0.2,3,0,0
6109,0.2,3,0,0
6110,1.0,0,0,1
6111,2.2,0,1,1
6112,0.2,3,0,0
6113,0.2,3,0,0
6114,0.2,3,0,0
6115,0.2,3,0,0
6116,0.2,3,0,0
6117,0.2,3,0,0
6118,1.0,0,1,0
6119,2.2,0,1,1
6120,1.0,0,1,1
6121,1.0,0,1,0
6122,0.2,3,0,0
6123,1.0,0,0,1
6124,1.0,0,1,0
6125,1.0,0,1,1
6126,1.0,0,1,1
6127,1.0,0,0,1
6128,1.0,0,1,1
6129,1.0,0,1,1
6130,1.0,3,0,0
6131,1.0,0,1,0
6132,2.2,0,1,1
6133,0.2,3,0,0
6134,1.0,0,1,1
6135,2.2,0,1,1
6136,2.2,0,1,1
6137,2.2,0,1,1
6138,0.2,3,0,0
6139,1.0,0,1,1
6140,1.0,0,1,1
6141,0.2,3,0,1
6142,0.2,3,0,0
6143,2.2,0,1,1
6144,0.2,3,0,0
6145,0.2,3,0,0
6146,1.0,0,0,1
6147,1.0,0,1,1
6148,0.2,3,0,0
6149,1.0,0,1,0
6150,2.2,0,1,1
6151,1.0,0,1,1
6152,1.0,0,1,0
6153,0.2,3,0,0
6154,0.2,3,0,0
6155,1.0,0,1,1
6156,0.2,3,0,0
6157,0.2,3,0,0
6158,0.2,3,0,0
6159,1.0,0,1,1
6160,2.2,0,1,1
6161,0.2,3,0,0
6162,1.0,0,1,1
6163,0.2,3,0,0
6164,0.2,3,0,0
6165,1.0,0,1,1
6166,0.2,3,0,0
6167,0.2,3,0,0
6168,1.0,0,1,1
6169,1.0,0,1,1
6170,1.0,0,1,1
6171,1.0,0,1,1
6172,1.0,0,1,1
6173,0.2,3,0,0
6174,1.0,0,1,1
6175,1.0,0,1,0
6176,1.0,0,1,1
6177,1.0,0,1,1
6178,1.0,0,1,1
6179,0.2,3,0,0
6180,0.2,3,0,0
6181,0.2,3,0,0
6182,0.2,3,0,0
6183,0.2,3,0,0
6184,0.2,3,0,0
6185,1.0,0,1,1
6186,0.2,3,0,0
6187,0.2,3,0,0
6188,0.2,3,0,0
6189,1.0,0,1,1
6190,2.2,0,1,1
6191,0.2,3,0,0
6192,0.2,3,0,0
6193,1.0,0,0,1
6194,1.0,0,0,1
6195,1.0,0,1,1
6196,0.2,3,0,0
6197,0.2,3,0,0
6198,1.0,0,1,1
6199,1.0,0,1,1
6200,0.2,3,0,0
6201,1.0,0,0,1
6202,0.2,3,0,0
6203,0.2,3,0,0
6204,0.2,3,0,0
6205,1.0,0,1,1
6206,1.0,0,1,1
6207,1.0,0,1,1
6208,0.2,3,0,0
6209,2.2,0,1,1
6210,1.0,0,1,1
6211,2.2,0,1,1
6212,2.2,0,1,1
6213,2.2,0,1,1
6214,1.0,0,1,1
6215,1.0,0,1,1
6216,1.0,0,1,1
6217,0.2,3,0,0
6218,0.2,3,0,0
6219,2.2,0,0,1
6220,1.0,0,1,0
6221,1.0,0,0,1
6222,1.0,0,1,0
6223,3.4000000000000004,1,1,0
6224,0.2,3,0,0
6225,1.0,0,1,1
6226,1.0,0,1,1
6227,0.2,3,0,0
6228,0.2,3,0,0
6229,0.2,3,0,0
6230,0.2,3,0,0
6231,0.2,3,0,0
6232,0.2,3,0,0
6233,0.2,3,0,0
6234,0.2,3,0,0
6235,0.2,3,0,0
6236,1.0,0,1,1
6237,1.0,0,1,1
6238,0.2,3,0,0
6239,1.0,0,0,1
6240,0.2,3,0,0
6241,0.2,3,0,0
6242,0.2,3,0,0
6243,2.2,0,1,1
6244,0.2,3,0,0
6245,2.2,0,1,1
6246,1.0,0,1,0
6247,0.2,3,0,0
6248,1.0,0,1,1
6249,0.2,3,0,0
6250,1.0,3,0,0
6251,0.2,3,0,0
6252,0.2,3,0,0
6253,0.2,3,0,0
6254,1.0,0,1,1
6255,1.0,0,1,1
6256,0.2,3,0,0
6257,0.2,3,0,0
6258,1.0,0,1,1
6259,2.2,0,1,1
6260,1.0,0,1,1
6261,0.2,3,0,0
6262,1.0,0,0,1
6263,1.0,0,1,1
6264,0.2,3,0,0
6265,0.2,3,0,0
6266,1.0,0,0,1
6267,1.0,0,0,1
6268,1.0,0,1,1
6269,0.2,3,0,1
6270,0.2,3,0,0
6271,0.2,3,0,0
6272,1.0,0,0,1
6273,0.2,3,0,0
6274,1.0,0,1,1
6275,1.0,0,1,1
6276,0.2,3,0,0
6277,0.2,3,0,0
6278,0.2,3,0,1
6279,0.2,3,0,0
6280,0.2,3,0,0
6281,1.0,0,1,1
6282,1.0,0,1,0
6283,1.0,0,1,1
6284,1.0,0,1,1
6285,1.0,0,1,1
6286,0.2,3,0,0
6287,1.0,0,1,1
6288,0.2,3,0,0
6289,0.2,3,0,0
6290,0.2,3,0,0
6291,1.0,0,0,1
6292,1.0,0,1,1
6293,0.2,3,0,0
6294,1.0,0,1,1
6295,1.0,0,0,1
6296,0.2,3,0,0
6297,1.0,0,1,1
6298,0.2,3,0,0
6299,1.0,0,1,1
6300,0.2,3,0,0
6301,1.0,0,1,0
6302,1.0,0,1,1
6303,1.0,0,0,1
6304,1.0,0,1,0
6305,1.0,0,1,1
6306,0.2,3,0,0
6307,0.2,3,0,0
6308,1.0,0,1,0
6309,2.2,0,1,1
6310,1.0,0,0,1
6311,1.0,0,1,1
6312,1.0,0,1,1
6313,0.2,3,0,0
6314,0.2,3,0,0
6315,0.2,3,0,0
6316,0.2,3,0,0
6317,0.2,3,0,0
6318,1.0,0,1,1
6319,1.0,0,1,1
6320,1.0,0,0,1
6321,1.0,0,1,1
6322,2.2,0,1,1
6323,0.2,3,0,0
6324,0.2,3,0,0
6325,2.2,0,1,1
6326,1.0,1,0,0
6327,0.2,3,0,0
6328,0.2,3,0,0
6329,0.2,3,0,0
6330,0.2,3,0,0
6331,1.0,0,0,1
6332,0.2,3,0,0
6333,0.2,3,0,1
6334,0.2,3,0,0
6335,1.0,0,1,1
6336,0.2,3,0,0
6337,0.2,3,0,0
6338,0.2,3,0,0
6339,0.2,3,0,0
6340,1.0,0,1,1
6341,1.0,0,1,1
6342,1.0,0,1,1
6343,1.0,0,1,1
6344,0.2,3,0,0
6345,1.0,0,1,1
6346,0.2,3,0,0
6347,0.2,3,0,0
6348,0.2,3,0,0
6349,1.0,0,0,1
6350,0.2,3,0,0
6351,1.0,0,1,1
6352,0.2,3,0,0
6353,1.0,0,1,0
6354,0.2,3,0,0
6355,1.0,0,1,1
6356,0.2,3,0,0
6357,1.0,0,1,1
6358,1.0,0,1,1
6359,0.2,3,0,0
6360,0.2,3,0,0
6361,0.2,3,0,0
6362,2.2,0,1,1
6363,1.0,0,1,1
6364,2.2,0,1,1
6365,0.2,3,0,0
6366,1.0,0,1,1
6367,0.2,3,0,0
6368,1.0,0,1,1
6369,0.2,3,0,0
6370,0.2,3,0,0
6371,2.2,0,1,1
6372,0.2,3,0,0
6373,0.2,3,0,0
6374,0.2,3,0,0
6375,2.2,0,1,1
6376,1.0,0,1,1
6377,0.2,3,0,0
6378,0.2,3,0,0
6379,1.0,0,1,1
6380,0.2,3,0,0
6381,0.2,3,0,0
6382,1.0,0,1,1
6383,1.0,0,0,1
6384,0.2,3,0,0
6385,0.2,3,0,0
6386,0.2,3,0,0
6387,1.0,0,1,1
6388,0.2,3,0,0
6389,0.2,3,0,0
6390,1.0,0,1,1
6391,0.2,3,0,0
6392,2.2,0,0,1
6393,0.2,3,0,0
6394,1.0,0,1,1
6395,0.2,3,0,0
6396,0.2,3,0,0
6397,0.2,3,0,0
6398,1.0,0,1,0
6399,2.2,0,1,1
6400,0.2,3,0,1
6401,0.2,3,0,0
6402,2.2,0,1,1
6403,1.0,0,1,1
6404,2.2,0,1,1
6405,0.2,3,0,0
6406,0.2,3,0,0
6407,1.0,0,1,1
6408,1.0,0,1,1
6409,1.0,0,1,1
6410,1.0,0,1,1
6411,1.0,0,1,0
6412,2.2,0,1,1
6413,1.0,0,1,1
6414,1.0,0,1,1
6415,1.0,0,1,1
6416,0.2,3,0,0
6417,2.2,0,1,1
6418,0.2,3,0,0
6419,0.2,3,0,0
6420,1.0,0,1,0
6421,0.2,3,0,0
6422,0.2,3,0,0
6423,1.0,0,1,1
6424,1.0,0,1,0
6425,1.0,0,1,1
6426,1.0,0,0,0
6427,1.0,0,1,1
6428,0.2,3,0,0
6429,1.0,0,1,1
6430,0.2,3,0,0
6431,1.0,0,1,0
6432,1.0,0,1,1
6433,1.0,0,1,1
6434,1.0,0,0,1
6435,0.2,3,0,0
6436,0.2,3,0,0
6437,1.0,0,1,1
6438,0.2,3,0,0
6439,1.0,0,1,1
6440,1.0,0,1,1
6441,1.0,0,1,1
6442,0.2,3,0,0
6443,2.2,0,1,1
6444,1.0,0,1,1
6445,2.2,0,1,1
6446,0.2,3,0,0
6447,1.0,0,1,1
6448,0.2,3,0,0
6449,1.0,0,1,1
6450,1.0,0,1,1
6451,0.2,3,0,0
6452,1.0,0,1,1
6453,0.2,3,0,0
6454,1.0,0,0,1
6455,0.2,3,0,0
6456,0.2,3,0,0
6457,0.2,3,0,0
6458,0.2,3,0,0
6459,1.0,0,1,1
6460,0.2,3,0,0
6461,1.0,0,1,1
6462,0.2,3,0,0
6463,0.2,3,0,0
6464,0.2,3,0,0
6465,1.0,0,1,0
6466,1.0,0,1,1
6467,1.0,0,1,1
6468,0.2,3,0,0
6469,1.0,0,1,0
6470,0.2,3,0,0
6471,1.0,0,1,1
6472,0.2,3,0,0
6473,1.0,0,1,1
6474,1.0,0,1,1
6475,1.0,1,0,0
6476,2.2,0,1,1
6477,1.0,0,1,1
6478,2.2,0,1,1
6479,1.0,0,1,1
6480,1.0,0,0,1
6481,0.2,3,0,0
6482,0.2,3,0,0
6483,0.2,3,0,0
6484,1.0,0,1,1
6485,1.0,0,1,1
6486,1.0,0,1,1
6487,0.2,3,0,0
6488,1.0,0,1,1
6489,1.0,0,1,1
6490,2.2,0,1,1
6491,1.0,0,1,1
6492,0.2,3,0,0
6493,0.2,3,0,0
6494,0.2,3,0,0
6495,0.2,3,0,0
6496,2.2,0,1,1
6497,0.2,3,0,0
6498,1.0,0,0,1
6499,2.2,0,1,1
6500,2.2,0,1,1
6501,1.0,0,1,1
6502,2.2,0,1,1
6503,1.0,0,1,1
6504,0.2,3,0,0
6505,0.2,3,0,0
6506,1.0,0,1,1
6507,1.0,0,1,1
6508,1.0,0,1,0
6509,1.0,0,1,1
6510,0.2,3,0,0
6511,0.2,3,0,0
6512,0.2,3,0,0
6513,1.0,0,1,1
6514,1.0,0,1,1
6515,1.0,0,1,1
6516,1.0,0,1,1
6517,0.2,3,0,0
6518,0.2,3,0,0
6519,1.0,0,1,1
6520,1.0,0,1,1
6521,0.2,3,0,0
6522,2.2,0,1,1
6523,1.0,0,1,1
6524,1.0,0,1,1
6525,0.2,3,0,0
6526,0.2,3,0,0
6527,1.0,0,1,1
6528,1.0,0,1,1
6529,2.2,0,1,1
6530,0.2,3,0,0
6531,1.0,0,1,1
6532,0.2,3,0,0
6533,0.2,3,0,0
6534,0.2,3,0,0
6535,2.2,0,1,1
6536,1.0,0,1,1
6537,0.2,3,0,0
6538,0.2,3,0,0
6539,1.0,0,1,0
6540,1.0,0,1,1
6541,0.2,3,0,0
6542,1.0,0,1,1
6543,1.0,0,1,1
6544,1.0,0,1,1
6545,1.0,0,1,1
6546,2.2,0,1,1
6547,0.2,3,0,0
6548,0.2,3,0,0
6549,0.2,3,0,0
6550,0.2,3,0,0
6551,0.2,3,0,0
6552,0.2,3,0,0
6553,0.2,3,0,0
6554,0.2,3,0,0
6555,0.2,3,0,0
6556,0.2,3,0,0
6557,0.2,3,0,0
6558,3.4000000000000004,1,1,0
6559,0.2,3,0,0
6560,1.0,0,1,1
6561,2.2,0,1,1
6562,0.2,3,0,0
6563,3.0,0,1,1
6564,1.0,0,1,1
6565,1.0,0,1,1
6566,1.0,0,0,0
6567,2.2,0,1,1
6568,1.0,0,0,1
6569,1.0,0,1,0
6570,1.0,0,1,1
6571,0.2,3,0,0
6572,0.2,3,0,0
6573,2.2,0,1,1
6574,2.2,0,1,1
6575,1.0,0,1,0
6576,1.0,0,1,1
6577,0.2,3,0,0
6578,0.2,3,0,0
6579,0.2,3,0,0
6580,0.2,3,0,0
6581,1.0,0,1,0
6582,0.2,3,0,0
6583,1.0,0,1,1
6584,1.0,0,1,1
6585,0.2,3,0,0
6586,2.2,0,1,1
6587,0.2,3,0,0
6588,1.0,0,1,1
6589,1.0,0,1,1
6590,0.2,3,0,0
6591,0.2,3,0,0
6592,1.0,0,1,1
6593,1.0,0,1,1
6594,0.2,3,0,0
6595,1.0,0,1,1
6596,2.2,0,1,1
6597,1.0,1,0,0
6598,2.2,3,0,1
6599,1.0,0,0,1
6600,1.0,0,1,1
6601,1.0,0,1,1
6602,0.2,3,0,0
6603,2.2,0,1,1
6604,0.2,3,0,0
6605,0.2,3,0,0
6606,0.2,3,0,0
6607,0.2,3,0,0
6608,0.2,3,0,0
6609,2.2,0,1,1
6610,1.0,0,1,1
6611,0.2,3,0,0
6612,1.0,3,0,0
6613,0.2,3,0,1
6614,0.2,3,0,0
6615,1.0,0,1,1
6616,2.2,0,1,1
6617,0.2,3,0,0
6618,0.2,3,0,0
6619,1.0,0,1,1
6620,1.0,0,1,1
6621,1.0,0,1,0
6622,1.0,0,0,1
6623,1.0,0,1,1
6624,1.0,0,1,1
6625,0.2,3,0,0
6626,0.2,3,0,0
6627,1.0,0,1,1
6628,1.0,0,1,1
6629,1.0,0,0,1
6630,1.0,0,1,1
6631,1.0,0,1,1
6632,1.0,0,1,1
6633,0.2,3,0,0
6634,0.2,3,0,0
6635,0.2,3,0,0
6636,0.2,3,0,0
6637,1.0,0,0,0
6638,1.0,0,1,1
6639,1.0,0,1,1
6640,1.0,0,1,1
6641,0.2,3,0,0
6642,0.2,3,0,0
6643,1.0,3,0,0
6644,0.2,3,0,0
6645,0.2,3,0,1
6646,1.0,0,1,1
6647,0.2,3,0,0
6648,1.0,0,1,1
6649,1.0,0,1,1
6650,0.2,3,0,0
6651,1.0,0,1,1
6652,1.0,0,1,0
6653,1.0,0,0,0
6654,0.2,3,0,0
6655,2.2,0,1,1
6656,0.2,3,0,1
6657,1.0,0,1,1
6658,1.0,0,1,1
6659,1.0,0,0,1
6660,1.0,0,1,1
6661,1.0,0,1,1
6662,1.0,0,1,1
6663,0.2,3,0,0
6664,1.0,0,1,1
6665,0.2,3,0,0
6666,1.0,0,1,1
6667,1.0,0,0,0
6668,0.2,3,0,0
6669,1.0,0,1,1
6670,1.0,3,0,0
6671,1.0,0,1,0
6672,1.0,0,1,1
6673,1.0,0,0,1
6674,0.2,3,0,0
6675,0.2,3,0,0
6676,1.0,0,1,1
6677,0.2,3,0,0
6678,1.0,0,1,1
6679,2.2,0,1,1
6680,1.0,0,1,1
6681,0.2,3,0,0
6682,1.0,0,1,1
6683,1.0,0,0,1
6684,1.0,0,1,1
6685,1.0,0,0,1
6686,1.0,0,0,1
6687,1.0,0,0,1
6688,1.0,0,1,1
6689,1.0,0,1,1
6690,1.0,0,1,1
6691,1.0,0,0,1
6692,2.2,0,1,1
6693,0.2,3,0,0
6694,1.0,0,1,1
6695,1.0,0,1,1
6696,1.0,0,0,1
6697,2.2,0,1,1
6698,0.2,3,0,0
6699,2.2,0,1,1
6700,0.2,3,0,0
6701,0.2,3,0,0
6702,0.2,3,0,1
6703,1.0,0,1,1
6704,0.2,3,0,0
6705,1.0,0,0,0
6706,1.0,0,1,1
6707,1.0,0,1,1
6708,0.2,3,0,0
6709,1.0,0,1,1
6710,1.0,0,1,1
6711,1.0,3,0,0
6712,1.0,0,1,1
6713,2.2,0,1,1
6714,1.0,0,1,1
6715,0.2,3,0,0
6716,1.0,0,1,0
6717,0.2,3,0,0
6718,0.2,3,0,1
6719,1.0,0,1,1
6720,0.2,3,0,0
6721,0.2,3,0,0
6722,0.2,3,0,0
6723,1.0,0,1,1
6724,2.2,0,1,1
6725,1.0,0,1,1
6726,0.2,3,0,0
6727,1.0,0,1,0
6728,1.0,0,1,0
6729,1.0,0,1,1
6730,0.2,3,0,0
6731,1.0,0,0,1
6732,2.2,0,1,1
6733,1.0,0,1,1
6734,0.2,3,0,0
6735,1.0,0,1,1
6736,0.2,3,0,0
6737,0.2,3,0,0
6738,0.2,3,0,0
6739,1.0,0,1,1
6740,1.0,0,1,1
6741,1.0,0,1,1
6742,0.2,3,0,0
6743,1.0,0,1,1
6744,0.2,3,0,0
6745,1.0,0,0,1
6746,0.2,3,0,0
6747,0.2,3,0,0
6748,0.2,3,0,0
6749,0.2,3,0,0
6750,1.0,0,0,1
6751,2.2,0,1,1
6752,0.2,3,0,0
6753,2.2,0,1,1
6754,2.2,0,1,1
6755,0.2,3,0,0
6756,2.2,0,1,1
6757,1.0,0,1,1
6758,0.2,3,0,0
6759,1.0,0,1,1
6760,1.0,0,1,1
6761,0.2,3,0,0
6762,0.2,3,0,0
6763,0.2,3,0,0
6764,0.2,3,0,0
6765,0.2,3,0,0
6766,1.0,0,1,1
6767,2.2,0,1,1
6768,1.0,0,1,1
6769,1.0,0,1,1
6770,2.2,0,1,1
6771,0.2,3,0,0
6772,0.2,3,0,0
6773,1.0,0,1,1
6774,0.2,3,0,1
6775,1.0,0,1,1
6776,1.0,0,1,1
6777,0.2,3,0,0
6778,3.0,0,1,1
6779,0.2,3,0,0
6780,0.2,3,0,0
6781,0.2,3,0,0
6782,0.2,3,0,0
6783,1.0,0,1,1
6784,1.0,0,0,1
6785,0.2,3,0,0
6786,1.0,0,1,1
6787,0.2,3,0,0
6788,1.0,0,1,1
6789,1.0,0,1,1
6790,1.0,0,1,1
6791,0.2,3,0,0
6792,1.0,0,1,1
6793,0.2,3,0,0
6794,0.2,3,0,0
6795,1.0,0,1,1
6796,0.2,3,0,0
6797,0.2,3,0,0
6798,1.0,0,1,1
6799,1.0,0,1,1
6800,0.2,3,0,0
6801,0.2,3,0,0
6802,0.2,3,0,0
6803,0.2,3,0,0
6804,0.2,3,0,0
6805,1.0,0,1,1
6806,0.2,3,0,0
6807,2.2,0,1,1
6808,0.2,3,0,0
6809,1.0,0,1,1
6810,1.0,0,1,1
6811,0.2,3,0,0
6812,2.2,0,1,1
6813,0.2,3,0,0
6814,1.0,0,1,1
6815,0.2,3,0,0
6816,0.2,3,0,0
6817,0.2,3,0,1
6818,0.2,3,0,0
6819,1.0,0,1,1
6820,1.0,1,0,0
6821,0.2,3,0,0
6822,2.2,0,1,1
6823,1.0,0,1,0
6824,1.0,0,1,1
6825,2.2,0,1,1
6826,0.2,3,0,0
6827,1.0,0,0,1
6828,1.0,0,0,1
6829,2.2,0,1,1
6830,0.2,3,0,0
6831,0.2,3,0,0
6832,0.2,3,0,0
6833,1.0,0,1,1
6834,0.2,3,0,0
6835,0.2,3,0,0
6836,1.0,0,0,0
6837,0.2,3,0,0
6838,0.2,3,0,0
6839,1.0,0,1,1
6840,1.0,0,1,1
6841,1.0,0,1,1
6842,1.0,0,1,1
6843,0.2,3,0,0
6844,0.2,3,0,0
6845,1.0,0,1,1
6846,0.2,3,0,0
6847,0.2,3,0,0
6848,0.2,3,0,0
6849,1.0,0,1,1
6850,1.0,0,1,1
6851,1.0,0,1,1
6852,0.2,3,0,0
6853,0.2,3,0,0
6854,0.2,3,0,0
6855,0.2,3,0,0
6856,0.2,3,0,0
6857,1.0,0,1,1
6858,1.0,0,1,1
6859,1.0,0,1,1
6860,0.2,3,0,0
6861,1.0,0,0,1
6862,0.2,3,0,0
6863,0.2,3,0,0
6864,0.2,3,0,0
6865,1.0,0,1,1
6866,1.0,0,0,1
6867,1.0,0,1,0
6868,1.0,0,1,0
6869,3.0,0,1,1
6870,1.0,0,0,1
6871,0.2,3,0,0
6872,3.0,0,1,1
6873,1.0,0,1,1
6874,1.0,0,1,1
6875,0.2,3,0,0
6876,0.2,3,0,0
6877,1.0,0,1,1
6878,0.2,3,0,0
6879,0.2,3,0,0
6880,0.2,3,0,0
6881,0.2,3,0,0
6882,1.0,0,1,1
6883,2.2,0,1,1
6884,0.2,3,0,0
6885,0.2,3,0,0
6886,0.2,3,0,0
6887,1.0,0,1,1
6888,1.0,0,1,1
6889,1.0,0,1,1
6890,1.0,0,0,1
6891,1.0,0,1,1
6892,2.2,0,1,1
6893,0.2,3,0,1
6894,0.2,3,0,0
6895,1.0,0,0,0
6896,1.0,0,0,1
6897,1.0,0,1,1
6898,0.2,3,0,0
6899,0.2,3,0,0
6900,1.0,0,1,1
6901,0.2,3,0,0
6902,2.2,0,1,1
6903,0.2,3,0,1
6904,1.0,0,1,0
6905,1.0,0,1,1
6906,1.0,0,1,1
6907,2.2,0,1,1
6908,2.2,0,1,1
6909,0.2,3,0,0
6910,1.0,0,0,1
6911,1.0,0,1,1
6912,2.2,0,1,1
6913,1.0,0,1,1
6914,0.2,3,0,0
6915,0.2,3,0,0
6916,1.0,0,1,1
6917,1.0,0,1,1
6918,2.2,0,1,1
6919,0.2,3,0,0
6920,3.0,3,0,0
6921,2.2,0,1,1
6922,1.0,0,1,0
6923,0.2,3,0,0
6924,1.0,0,0,1
6925,1.0,0,1,0
6926,1.0,0,1,1
6927,1.0,0,1,1
6928,2.2,0,1,1
6929,1.0,0,1,1
6930,0.2,3,0,0
6931,0.2,3,0,0
6932,1.0,0,1,1
6933,0.2,3,0,0
6934,1.0,0,1,1
6935,0.2,3,0,0
6936,2.2,0,1,1
6937,2.2,0,1,1
6938,1.0,0,0,1
6939,1.0,0,1,1
6940,1.0,0,1,0
6941,1.0,0,1,0
6942,1.0,0,1,1
6943,1.0,0,0,1
6944,2.2,0,1,1
6945,0.2,3,0,0
6946,1.0,0,1,1
6947,1.0,0,1,1
6948,0.2,3,0,0
6949,0.2,3,0,0
6950,1.0,0,1,1
6951,1.0,0,1,1
6952,1.0,0,1,1
6953,0.2,3,0,0
6954,0.2,3,0,0
6955,1.0,0,1,1
6956,0.2,3,0,0
6957,1.0,0,0,1
6958,0.2,3,0,0
6959,1.0,0,1,1
6960,1.0,0,1,1
6961,0.2,3,0,0
6962,0.2,3,0,0
6963,0.2,3,0,0
6964,0.2,3,0,0
6965,1.0,0,1,1
6966,1.0,0,1,1
6967,0.2,3,0,0
6968,1.0,0,0,1
6969,0.2,3,0,0
6970,0.2,3,0,0
6971,0.2,3,0,0
6972,2.2,0,1,1
6973,0.2,3,0,0
6974,1.0,0,1,1
6975,0.2,3,0,0
6976,2.2,0,0,1
6977,0.2,3,0,0
6978,0.2,3,0,0
6979,2.2,0,1,1
6980,1.0,0,0,1
6981,0.2,3,0,0
6982,0.2,3,0,0
6983,0.2,3,0,0
6984,0.2,3,0,0
6985,0.2,3,0,0
6986,1.0,0,0,1
6987,1.0,0,1,1
6988,1.0,0,1,1
6989,1.0,0,1,1
6990,1.0,0,1,1
6991,1.0,0,1,0
6992,1.0,0,0,0
6993,0.2,3,0,0
6994,0.2,3,0,0
6995,0.2,3,0,0
6996,0.2,3,0,0
6997,1.0,0,1,1
6998,0.2,3,0,0
6999,0.2,3,0,0
7000,0.2,3,0,0
7001,1.0,0,0,1
7002,1.0,3,0,0
7003,0.2,3,0,0
7004,1.0,0,1,1
7005,0.2,3,0,0
7006,1.0,0,1,0
7007,1.0,0,1,1
7008,1.0,0,1,1
7009,0.2,3,0,0
7010,0.2,3,0,0
7011,2.2,0,1,1
7012,1.0,0,1,1
7013,0.2,3,0,0
7014,0.2,3,0,0
7015,0.2,3,0,0
7016,1.0,0,1,1
7017,0.2,3,0,0
7018,0.2,3,0,0
7019,2.2,0,1,1
7020,2.2,0,1,1
7021,1.0,0,1,1
7022,1.0,0,1,0
7023,1.0,0,1,1
7024,2.2,0,1,1
7025,0.2,3,0,0
7026,0.2,3,0,0
7027,1.0,0,1,1
7028,2.2,0,1,1
7029,1.0,0,1,1
7030,2.2,0,1,1
7031,0.2,3,0,0
7032,1.0,0,1,1
7033,0.2,3,0,0
7034,1.0,0,1,1
7035,1.0,0,1,1
7036,1.0,0,1,1
7037,1.0,0,1,1
7038,0.2,3,0,0
7039,1.0,0,1,1
7040,2.2,0,1,1
7041,0.2,3,0,0
7042,0.2,3,0,0
7043,1.0,0,1,1
7044,1.0,0,1,1
7045,0.2,3,0,0
7046,0.2,3,0,0
7047,1.0,0,1,1
7048,1.0,0,1,1
7049,0.2,3,0,0
7050,0.2,3,0,0
7051,1.0,0,1,0
7052,0.2,3,0,0
7053,2.2,0,1,1
7054,1.0,0,1,1
7055,2.2,0,1,1
7056,1.0,0,1,0
7057,0.2,3,0,0
7058,1.0,0,1,1
7059,1.0,0,1,1
7060,0.2,3,0,0
7061,0.2,3,0,0
7062,0.2,3,0,0
7063,1.0,0,1,1
7064,1.0,0,0,0
7065,0.2,3,0,0
7066,1.0,0,0,1
7067,1.0,0,1,1
7068,0.2,3,0,0
7069,1.0,0,1,0
7070,1.0,0,1,1
7071,1.0,0,1,1
7072,0.2,3,0,0
7073,2.2,0,1,1
7074,1.0,0,1,1
7075,1.0,0,1,1
7076,0.2,3,0,0
7077,0.2,3,0,0
7078,0.2,3,0,0
7079,1.0,0,1,1
7080,0.2,3,0,0
7081,0.2,3,0,1
7082,0.2,3,0,0
7083,2.2,0,0,1
7084,1.0,0,1,1
7085,2.2,0,1,1
7086,1.0,0,1,1
7087,0.2,3,0,0
7088,0.2,3,0,0
7089,1.0,0,1,1
7090,1.0,0,1,1
7091,0.2,3,0,0
7092,2.2,0,1,1
7093,2.2,0,1,1
7094,2.2,0,0,1
7095,1.0,0,1,1
7096,0.2,3,0,0
7097,0.2,3,0,0
7098,1.0,0,1,1
7099,0.2,3,0,0
7100,2.2,0,1,1
7101,0.2,3,0,0
7102,2.2,0,1,1
7103,1.0,0,1,0
7104,1.0,0,1,1
7105,1.0,0,1,1
7106,1.0,0,0,0
7107,1.0,0,1,1
7108,1.0,0,0,1
7109,2.2,0,1,1
7110,1.0,0,1,1
7111,0.2,3,0,0
7112,1.0,0,1,1
7113,1.0,0,1,1
7114,0.2,3,0,0
7115,1.0,0,1,1
7116,0.2,3,0,0
7117,1.0,0,1,1
7118,0.2,3,0,0
7119,1.0,0,1,1
7120,1.0,0,0,0
7121,1.0,0,1,1
7122,1.0,0,1,1
7123,1.0,0,0,1
7124,1.0,0,1,1
7125,0.2,3,0,0
7126,1.0,0,1,1
7127,0.2,3,0,0
7128,1.0,0,1,1
7129,2.2,0,1,1
7130,1.0,0,1,1
7131,0.2,3,0,0
7132,1.0,0,1,1
7133,0.2,3,0,0
7134,0.2,3,0,1
7135,1.0,0,0,1
7136,0.2,3,0,0
7137,0.2,3,0,0
7138,1.0,0,1,1
7139,0.2,3,0,0
7140,2.2,0,1,1
7141,1.0,0,1,1
7142,1.0,0,1,1
7143,1.0,0,1,1
7144,2.2,0,1,1
7145,0.2,3,0,0
7146,0.2,3,0,0
7147,1.0,0,1,1
7148,1.0,0,1,1
7149,0.2,3,0,0
7150,1.0,0,1,1
7151,1.0,0,1,1
7152,1.0,0,1,0
7153,1.0,0,1,1
7154,0.2,3,0,0
7155,0.2,3,0,0
7156,0.2,3,0,0
7157,1.0,0,1,1
7158,0.2,3,0,0
7159,1.0,0,0,1
7160,0.2,3,0,0
7161,1.0,3,0,0
7162,2.2,0,1,1
7163,1.0,0,1,1
7164,1.0,0,1,0
7165,1.0,1,0,0
7166,0.2,3,0,0
7167,1.0,0,1,1
7168,1.0,0,1,1
7169,2.2,0,1,1
7170,0.2,3,0,0
7171,1.0,0,1,1
7172,0.2,3,0,0
7173,1.0,0,1,1
7174,1.0,0,1,1
7175,1.0,0,1,1
7176,1.0,0,1,0
7177,2.2,0,1,1
7178,1.0,0,1,1
7179,1.0,0,1,0
7180,1.0,0,1,1
7181,0.2,3,0,0
7182,1.0,0,1,1
7183,1.0,0,1,1
7184,1.0,0,1,1
7185,1.0,0,0,1
7186,2.2,0,1,1
7187,1.0,0,1,1
7188,1.0,0,1,1
7189,1.0,0,1,1
7190,1.0,0,0,1
7191,2.2,0,1,1
7192,1.0,0,1,1
7193,2.2,0,1,1
7194,1.0,0,1,1
7195,1.0,0,1,1
7196,1.0,0,1,1
7197,0.2,3,0,0
7198,0.2,3,0,0
7199,1.0,0,1,1
7200,1.0,0,1,1
7201,0.2,3,0,0
7202,0.2,3,0,0
7203,1.0,0,1,1
7204,1.0,0,1,1
7205,1.0,0,0,1
7206,0.2,3,0,0
7207,0.2,3,0,0
7208,1.0,0,1,1
7209,1.0,0,0,1
7210,1.0,0,1,1
7211,2.2,0,1,1
7212,0.2,3,0,0
7213,1.0,0,1,1
7214,0.2,3,0,0
7215,0.2,3,0,0
7216,0.2,3,0,0
7217,0.2,3,0,0
7218,2.2,0,1,1
7219,1.0,1,0,0
7220,0.2,3,0,0
7221,1.0,0,1,1
7222,0.2,3,0,0
7223,0.2,3,0,0
7224,1.0,0,1,1
7225,1.0,0,1,1
7226,1.0,0,0,1
7227,2.2,0,1,1
7228,2.2,0,1,1
7229,0.2,3,0,1
7230,0.2,3,0,0
7231,0.2,3,0,0
7232,1.0,0,1,1
7233,0.2,3,0,0
7234,1.0,3,0,0
7235,2.2,0,1,1
7236,1.0,0,1,1
7237,1.0,0,1,1
7238,1.0,0,1,1
7239,1.0,0,1,1
7240,2.2,0,1,1
7241,1.0,0,1,1
7242,1.0,0,1,1
7243,0.2,3,0,0
7244,1.0,0,1,1
7245,0.2,3,0,0
7246,1.0,0,1,0
7247,1.0,0,0,1
7248,1.0,0,0,1
7249,1.0,0,0,1
7250,0.2,3,0,0
7251,0.2,3,0,0
7252,0.2,3,0,0
7253,1.0,0,1,1
7254,2.2,0,0,1
7255,0.2,3,0,0
7256,1.0,0,1,0
7257,0.2,3,0,0
7258,1.0,0,1,0
7259,1.0,0,1,1
7260,0.2,3,0,0
7261,0.2,3,0,0
7262,1.0,0,1,1
7263,0.2,3,0,0
7264,0.2,3,0,0
7265,0.2,3,0,0
7266,1.0,0,1,1
7267,0.2,3,0,0
7268,1.0,0,1,1
7269,0.2,3,0,0
7270,1.0,1,0,0
7271,1.0,0,1,1
7272,1.0,0,1,1
7273,1.0,0,1,1
7274,3.0,0,1,1
7275,2.2,0,0,1
7276,2.2,0,1,1
7277,1.0,0,1,1
7278,2.2,0,1,1
7279,0.2,3,0,0
7280,1.0,0,1,1
7281,1.0,0,0,1
7282,3.0,0,1,1
7283,1.0,0,1,1
7284,1.0,0,1,1
7285,1.0,0,1,1
7286,1.0,0,1,1
7287,1.0,0,1,0
7288,1.0,0,1,1
7289,0.2,3,0,0
7290,1.0,0,1,0
7291,0.2,3,0,0
7292,0.2,3,0,0
7293,1.0,0,1,1
7294,2.2,0,1,1
7295,1.0,0,1,0
7296,0.2,3,0,0
7297,1.0,0,1,0
7298,2.2,0,1,1
7299,0.2,3,0,0
7300,0.2,3,0,0
7301,2.2,0,1,1
7302,2.2,0,1,1
7303,1.0,0,0,1
7304,0.2,3,0,0
7305,2.2,0,1,1
7306,1.0,0,1,1
7307,0.2,3,0,1
7308,1.0,0,1,0
7309,1.0,0,1,1
7310,1.0,0,1,1
7311,0.2,3,0,0
7312,1.0,0,1,1
7313,2.2,0,0,1
7314,0.2,3,0,0
7315,0.2,3,0,0
7316,1.0,0,0,1
7317,0.2,3,0,0
7318,2.2,0,1,1
7319,1.0,0,1,1
7320,1.0,0,1,1
7321,1.0,0,1,1
7322,2.2,0,0,1
7323,1.0,0,1,1
7324,1.0,0,1,1
7325,1.0,0,1,1
7326,2.2,0,1,1
7327,0.2,3,0,0
7328,2.2,0,1,1
7329,0.2,3,0,0
7330,0.2,3,0,0
7331,1.0,0,1,1
7332,0.2,3,0,0
7333,2.2,0,1,1
7334,0.2,3,0,0
7335,0.2,3,0,0
7336,2.2,0,1,1
7337,0.2,3,0,0
7338,1.0,1,0,0
7339,0.2,3,0,0
7340,0.2,3,0,0
7341,0.2,3,0,1
7342,0.2,3,0,0
7343,0.2,3,0,0
7344,0.2,3,0,0
7345,1.0,0,1,0
7346,0.2,3,0,0
7347,2.2,0,1,1
7348,1.0,0,0,1
7349,0.2,3,0,0
7350,0.2,3,0,0
7351,1.0,0,1,1
7352,1.0,0,1,1
7353,1.0,0,1,1
7354,1.0,0,1,1
7355,0.2,3,0,0
7356,0.2,3,0,1
7357,0.2,3,0,0
7358,0.2,3,0,1
7359,0.2,3,0,0
7360,0.2,3,0,0
7361,1.0,0,1,1
7362,0.2,3,0,0
7363,1.0,0,1,1
7364,1.0,0,1,1
7365,0.2,3,0,0
7366,1.0,0,1,1
7367,1.0,0,1,1
7368,1.0,0,1,1
7369,0.2,3,0,0
7370,1.0,0,0,1
7371,1.0,0,1,1
7372,2.2,0,1,1
7373,2.2,0,1,1
7374,1.0,0,1,1
7375,1.0,0,1,1
7376,1.0,0,1,1
7377,1.0,0,1,1
7378,0.2,3,0,0
7379,0.2,3,0,0
7380,1.0,0,1,1
7381,1.0,0,1,1
7382,0.2,3,0,0
7383,0.2,3,0,0
7384,2.2,0,1,1
7385,1.0,0,1,1
7386,1.0,0,0,1
7387,1.0,0,1,1
7388,1.0,0,1,1
7389,0.2,3,0,0
7390,0.2,3,0,0
7391,0.2,3,0,0
7392,1.0,0,1,1
7393,2.2,0,1,1
7394,0.2,3,0,0
7395,0.2,3,0,0
7396,0.2,3,0,0
7397,1.0,0,1,1
7398,0.2,3,0,0
7399,1.0,0,1,1
7400,0.2,3,0,0
7401,0.2,3,0,0
7402,1.0,0,1,1
7403,1.0,0,1,1
7404,1.0,0,1,1
7405,2.2,0,1,1
7406,2.2,0,1,1
7407,2.2,0,0,1
7408,0.2,3,0,0
7409,0.2,3,0,0
7410,0.2,3,0,0
7411,1.0,0,1,1
7412,0.2,3,0,1
7413,1.0,0,1,1
7414,2.2,0,1,1
7415,2.2,0,1,1
7416,1.0,0,1,1
7417,1.0,0,1,1
7418,1.0,0,1,1
7419,1.0,0,1,1
7420,1.0,0,1,1
7421,0.2,3,0,0
7422,1.0,0,1,1
7423,1.0,0,1,1
7424,0.2,3,0,0
7425,0.2,3,0,0
7426,0.2,3,0,0
7427,3.0,0,1,1
7428,0.2,3,0,0
7429,0.2,3,0,0
7430,1.0,0,1,1
7431,0.2,3,0,0
7432,1.0,0,1,1
7433,1.0,0,1,1
7434,0.2,3,0,0
7435,1.0,0,0,1
7436,1.0,0,1,1
7437,0.2,3,0,0
7438,1.0,0,1,1
7439,1.0,0,1,1
7440,0.2,3,0,0
7441,0.2,3,0,0
7442,1.0,0,0,1
7443,1.0,0,1,0
7444,1.0,0,1,1
7445,1.0,0,1,0
7446,1.0,0,1,0
7447,0.2,3,0,0
7448,0.2,3,0,0
7449,0.2,3,0,0
7450,0.2,3,0,0
7451,0.2,3,0,0
7452,0.2,3,0,0
7453,0.2,3,0,0
7454,0.2,3,0,0
7455,0.2,3,0,0
7456,3.0,0,1,1
7457,0.2,3,0,0
7458,2.2,0,1,1
7459,0.2,3,0,0
7460,0.2,3,0,0
7461,1.0,0,1,1
7462,0.2,3,0,0
7463,1.0,0,1,1
7464,2.2,0,1,1
7465,1.0,0,1,1
7466,1.0,0,1,1
7467,1.0,0,1,1
7468,1.0,0,1,1
7469,2.2,0,1,1
7470,2.2,3,0,1
7471,1.0,0,1,1
7472,1.0,0,1,1
7473,0.2,3,0,0
7474,1.0,0,1,0
7475,0.2,3,0,0
7476,1.0,0,1,1
7477,1.0,0,0,1
7478,2.2,0,1,1
7479,0.2,3,0,0
7480,1.0,0,1,0
7481,1.0,0,1,1
7482,0.2,3,0,0
7483,0.2,3,0,0
7484,0.2,3,0,0
7485,1.0,0,1,1
7486,0.2,3,0,0
7487,1.0,0,1,1
7488,0.2,3,0,0
7489,1.0,0,1,1
7490,1.0,0,1,1
7491,1.0,0,1,1
7492,0.2,3,0,0
7493,0.2,3,0,0
7494,0.2,3,0,0
7495,2.2,0,0,1
7496,1.0,0,1,1
7497,0.2,3,0,0
7498,0.2,3,0,0
7499,1.0,0,1,1
7500,0.2,3,0,0
7501,1.0,0,1,1
7502,1.0,0,0,0
7503,2.2,0,1,1
7504,1.0,0,0,1
7505,1.0,0,1,0
7506,1.0,0,1,1
7507,0.2,3,0,0
7508,0.2,3,0,0
7509,1.0,0,0,1
7510,1.0,0,1,1
7511,0.2,3,0,0
7512,1.0,0,1,1
7513,0.2,3,0,0
7514,0.2,3,0,0
7515,1.0,0,1,1
7516,1.0,0,0,1
7517,0.2,3,0,0
7518,0.2,3,0,0
7519,1.0,0,1,1
7520,0.2,3,0,0
7521,0.2,3,0,0
7522,1.0,0,1,1
7523,0.2,3,0,0
7524,0.2,3,0,0
7525,0.2,3,0,0
7526,1.0,0,1,1
7527,1.0,0,1,1
7528,0.2,3,0,0
7529,1.0,0,1,1
7530,1.0,3,0,0
7531,1.0,0,0,1
7532,1.0,0,1,1
7533,1.0,0,0,0
7534,1.0,0,1,0
7535,0.2,3,0,0
7536,2.2,0,1,1
7537,0.2,3,0,0
7538,1.0,0,1,1
7539,1.0,0,1,1
7540,0.2,3,0,0
7541,2.2,0,1,1
7542,1.0,0,1,0
7543,0.2,3,0,1
7544,1.0,0,0,1
7545,1.0,0,1,1
7546,0.2,3,0,0
7547,2.2,0,1,1
7548,1.0,0,1,1
7549,1.0,0,1,0
7550,1.0,0,1,1
7551,0.2,3,0,0
7552,1.0,0,1,1
7553,0.2,3,0,0
7554,1.0,0,1,0
7555,0.2,3,0,0
7556,1.0,0,1,1
7557,2.2,0,1,1
7558,1.0,0,1,1
7559,0.2,3,0,0
7560,1.0,0,1,1
7561,0.2,3,0,0
7562,0.2,3,0,0
7563,0.2,3,0,0
7564,0.2,3,0,0
7565,1.0,0,1,1
7566,1.0,0,1,1
7567,1.0,0,1,1
7568,1.0,0,1,0
7569,1.0,0,1,1
7570,2.2,0,1,1
7571,1.0,0,1,1
7572,0.2,3,0,0
7573,0.2,3,0,0
7574,1.0,0,1,1
7575,0.2,3,0,0
7576,0.2,3,0,0
7577,0.2,3,0,0
7578,1.0,0,1,0
7579,1.0,0,1,0
7580,0.2,3,0,0
7581,1.0,0,1,0
7582,1.0,0,1,1
7583,0.2,3,0,1
7584,1.0,0,0,1
7585,1.0,0,1,1
7586,1.0,0,1,1
7587,0.2,3,0,1
7588,1.0,0,1,1
7589,0.2,3,0,0
7590,1.0,0,0,0
7591,0.2,3,0,0
7592,1.0,0,1,1
7593,1.0,0,1,1
7594,1.0,0,1,1
7595,2.2,0,1,1
7596,1.0,0,0,1
7597,1.0,0,1,1
7598,1.0,0,1,1
7599,0.2,3,0,0
7600,0.2,3,0,0
7601,1.0,0,1,1
7602,0.2,3,0,0
7603,1.0,0,1,1
7604,1.0,0,1,1
7605,1.0,0,1,1
7606,1.0,0,0,1
7607,1.0,0,1,1
7608,2.2,0,1,1
7609,0.2,3,0,0
7610,2.2,0,1,1
7611,1.0,0,1,1
7612,1.0,0,1,1
7613,0.2,3,0,0
7614,0.2,3,0,0
7615,1.0,0,1,1
7616,0.2,3,0,1
7617,0.2,3,0,0
7618,1.0,0,1,1
7619,0.2,3,0,0
7620,1.0,0,0,1
7621,2.2,0,1,1
7622,1.0,0,1,1
7623,1.0,0,1,1
7624,2.2,0,1,1
7625,0.2,3,0,0
7626,1.0,0,1,1
7627,0.2,3,0,0
7628,1.0,0,1,1
7629,2.2,0,0,1
7630,0.2,3,0,0
7631,1.0,0,1,1
7632,0.2,3,0,0
7633,1.0,0,1,1
7634,0.2,3,0,0
7635,1.0,0,1,1
7636,0.2,3,0,0
7637,0.2,3,0,0
7638,1.0,0,1,1
7639,0.2,3,0,0
7640,0.2,3,0,0
7641,0.2,3,0,1
7642,1.0,0,1,1
7643,0.2,3,0,0
7644,1.0,0,1,1
7645,1.0,0,1,1
7646,0.2,3,0,0
7647,1.0,0,0,1
7648,1.0,0,1,1
7649,1.0,0,1,1
7650,1.0,0,1,1
7651,0.2,3,0,0
7652,0.2,3,0,0
7653,1.0,0,1,1
7654,1.0,0,1,1
7655,1.0,0,1,1
7656,1.0,0,1,0
7657,0.2,3,0,0
7658,1.0,0,1,1
7659,0.2,3,0,0
7660,0.2,3,0,0
7661,2.2,0,1,1
7662,1.0,0,1,1
7663,1.0,0,1,1
7664,0.2,3,0,0
7665,1.0,0,1,1
7666,1.0,0,0,1
7667,0.2,3,0,0
7668,0.2,3,0,0
7669,1.0,0,1,1
7670,0.2,3,0,0
7671,1.0,0,1,1
7672,1.0,0,1,1
7673,0.2,3,0,0
7674,2.2,0,1,1
7675,2.2,0,1,1
7676,1.0,0,1,0
7677,1.0,0,1,1
7678,0.2,3,0,0
7679,1.0,0,1,1
7680,1.0,0,1,1
7681,1.0,0,0,1
7682,0.2,3,0,0
7683,0.2,3,0,0
7684,0.2,3,0,0
7685,1.0,0,1,1
7686,0.2,3,0,0
7687,0.2,3,0,0
7688,1.0,0,1,1
7689,0.2,3,0,0
7690,0.2,3,0,0
7691,1.0,0,1,1
7692,1.0,0,1,1
7693,2.2,0,1,1
7694,2.2,0,1,1
7695,2.2,0,1,1
7696,1.0,0,1,1
7697,0.2,3,0,0
7698,0.2,3,0,0
7699,0.2,3,0,0
7700,1.0,0,1,1
7701,1.0,0,1,1
7702,1.0,0,1,1
7703,1.0,0,1,1
7704,1.0,0,1,1
7705,2.2,0,1,1
7706,0.2,3,0,0
7707,1.0,0,1,1
7708,0.2,3,0,0
7709,0.2,3,0,0
7710,0.2,3,0,0
7711,0.2,3,0,0
7712,1.0,0,1,1
7713,0.2,3,0,0
7714,1.0,0,1,1
7715,0.2,3,0,0
7716,2.2,0,1,1
7717,1.0,0,1,1
7718,1.0,0,1,1
7719,1.0,0,1,1
7720,0.2,3,0,0
7721,1.0,0,1,1
7722,0.2,3,0,0
7723,0.2,3,0,0
7724,0.2,3,0,0
7725,0.2,3,0,0
7726,1.0,0,0,1
7727,1.0,0,1,1
7728,2.2,0,1,1
7729,2.2,0,1,1
7730,1.0,0,1,1
7731,1.0,0,0,1
7732,0.2,3,0,0
7733,1.0,0,1,1
7734,1.0,0,1,1
7735,0.2,3,0,0
7736,3.0,0,1,1
7737,1.0,0,1,1
7738,2.2,0,1,1
7739,1.0,0,1,1
7740,2.2,0,1,1
7741,1.0,0,1,1
7742,1.0,0,1,1
7743,0.2,3,0,0
7744,0.2,3,0,0
7745,1.0,3,0,0
7746,1.0,0,0,1
7747,0.2,3,0,0
7748,1.0,0,1,1
7749,1.0,0,1,1
7750,2.2,0,1,1
7751,2.2,0,1,1
7752,1.0,0,1,1
7753,0.2,3,0,0
7754,1.0,0,1,0
7755,0.2,3,0,0
7756,2.2,0,1,1
7757,0.2,3,0,0
7758,2.2,0,1,1
7759,0.2,3,0,0
7760,1.0,0,1,1
7761,0.2,3,0,0
7762,1.0,0,0,1
7763,2.2,0,1,1
7764,1.0,0,1,1
7765,1.0,0,1,1
7766,1.0,0,0,0
7767,1.0,0,1,1
7768,1.0,0,1,1
7769,2.2,0,1,1
7770,1.0,0,0,1
7771,0.2,3,0,0
7772,1.0,0,1,1
7773,1.0,0,0,0
7774,2.2,0,1,1
7775,1.0,0,1,1
7776,0.2,3,0,1
7777,0.2,3,0,0
7778,1.0,0,1,1
7779,1.0,0,1,0
7780,0.2,3,0,1
7781,1.0,0,0,1
7782,2.2,0,1,1
7783,0.2,3,0,0
7784,1.0,0,1,1
7785,1.0,0,0,1
7786,0.2,3,0,0
7787,0.2,3,0,0
7788,0.2,3,0,0
7789,0.2,3,0,0
7790,1.0,0,0,1
7791,0.2,3,0,0
7792,1.0,0,1,1
7793,2.2,0,1,1
7794,2.2,0,1,1
7795,2.2,0,1,1
7796,2.2,0,1,1
7797,1.0,0,1,1
7798,0.2,3,0,0
7799,1.0,0,1,1
7800,0.2,3,0,0
7801,0.2,3,0,0
7802,2.2,0,0,1
7803,0.2,3,0,0
7804,1.0,0,0,1
7805,0.2,3,0,0
7806,1.0,0,0,1
7807,1.0,0,1,0
7808,1.0,0,1,1
7809,0.2,3,0,0
7810,0.2,3,0,0
7811,1.0,0,1,1
7812,0.2,3,0,0
7813,0.2,3,0,0
7814,1.0,3,0,0
7815,0.2,3,0,0
7816,1.0,0,1,1
7817,1.0,0,1,1
7818,0.2,3,0,0
7819,1.0,0,1,1
7820,1.0,0,1,1
7821,1.0,0,1,1
7822,0.2,3,0,0
7823,1.0,0,1,1
7824,2.2,0,1,1
7825,0.2,3,0,0
7826,0.2,3,0,0
7827,0.2,3,0,0
7828,1.0,0,1,1
7829,0.2,3,0,0
7830,1.0,0,1,1
7831,2.2,0,0,1
7832,0.2,3,0,0
7833,1.0,0,1,1
7834,1.0,0,1,1
7835,1.0,3,0,0
7836,1.0,0,1,1
7837,0.2,3,0,0
7838,0.2,3,0,0
7839,2.2,0,1,1
7840,0.2,3,0,0
7841,1.0,0,0,1
7842,1.0,0,1,1
7843,0.2,3,0,0
7844,1.0,0,1,1
7845,0.2,3,0,0
7846,1.0,0,1,1
7847,0.2,3,0,0
7848,0.2,3,0,0
7849,1.0,0,1,1
7850,0.2,3,0,0
7851,2.2,0,1,1
7852,1.0,0,0,1
7853,1.0,0,1,0
7854,1.0,0,1,0
7855,0.2,3,0,0
7856,1.0,0,1,1
7857,1.0,0,1,0
7858,0.2,3,0,0
7859,0.2,3,0,0
7860,0.2,3,0,0
7861,2.2,0,1,1
7862,1.0,0,1,1
7863,0.2,3,0,0
7864,1.0,0,1,1
7865,0.2,3,0,0
7866,0.2,3,0,0
7867,1.0,0,1,0
7868,1.0,0,1,0
7869,0.2,3,0,1
7870,2.2,0,1,1
7871,0.2,3,0,0
7872,1.0,0,0,0
7873,1.0,0,1,1
7874,0.2,3,0,0
7875,1.0,0,1,0
7876,0.2,3,0,0
7877,0.2,3,0,0
7878,0.2,3,0,0
7879,0.2,3,0,0
7880,1.0,0,1,1
7881,0.2,3,0,0
7882,1.0,0,1,1
7883,0.2,3,0,0
7884,1.0,0,1,1
7885,1.0,0,1,1
7886,2.2,0,1,1
7887,1.0,0,0,1
7888,3.0,3,0,0
7889,0.2,3,0,0
7890,2.2,0,1,1
7891,1.0,0,1,0
7892,0.2,3,0,0
7893,1.0,0,1,1
7894,1.0,0,0,1
7895,0.2,3,0,0
7896,2.2,0,1,1
7897,0.2,3,0,0
7898,0.2,3,0,0
7899,0.2,3,0,0
7900,0.2,3,0,0
7901,1.0,0,0,0
7902,2.2,0,1,1
7903,1.0,0,1,1
7904,1.0,0,0,1
7905,1.0,0,1,0
7906,0.2,3,0,0
7907,1.0,0,1,1
7908,0.2,3,0,0
7909,0.2,3,0,0
7910,1.0,0,1,1
7911,1.0,0,1,1
7912,1.0,0,1,1
7913,2.2,0,1,1
7914,2.2,0,1,1
7915,1.0,0,1,1
7916,0.2,3,0,0
7917,0.2,3,0,0
7918,0.2,3,0,0
7919,1.0,0,1,1
7920,1.0,0,1,1
7921,0.2,3,0,0
7922,1.0,0,1,1
7923,0.2,3,0,0
7924,1.0,3,0,0
7925,0.2,3,0,0
7926,0.2,3,0,0
7927,1.0,0,1,1
7928,0.2,3,0,0
7929,1.0,0,1,1
7930,1.0,0,1,1
7931,0.2,3,0,0
7932,1.0,0,1,0
7933,0.2,3,0,0
7934,0.2,3,0,0
7935,0.2,3,0,0
7936,1.0,0,1,1
7937,0.2,3,0,0
7938,0.2,3,0,0
7939,2.2,0,1,1
7940,0.2,3,0,0
7941,0.2,3,0,0
7942,0.2,3,0,0
7943,1.0,3,0,0
7944,0.2,3,0,0
7945,1.0,0,1,1
7946,1.0,0,1,1
7947,0.2,3,0,0
7948,0.2,3,0,0
7949,0.2,3,0,0
7950,0.2,3,0,0
7951,1.0,0,0,1
7952,1.0,0,1,1
7953,1.0,0,1,1
7954,1.0,0,1,1
7955,0.2,3,0,0
7956,0.2,3,0,0
7957,1.0,0,1,1
7958,0.2,3,0,0
7959,1.0,0,1,1
7960,0.2,3,0,0
7961,1.0,0,1,1
7962,2.2,0,1,1
7963,1.0,0,1,1
7964,2.2,0,1,1
7965,0.2,3,0,0
7966,0.2,3,0,0
7967,0.2,3,0,0
7968,1.0,0,1,1
7969,1.0,0,0,1
7970,0.2,3,0,0
7971,2.2,0,1,1
7972,0.2,3,0,1
7973,1.0,0,1,1
7974,2.2,0,1,1
7975,0.2,3,0,0
7976,1.0,0,1,1
7977,1.0,0,1,1
7978,0.2,3,0,0
7979,1.0,0,1,1
7980,1.0,0,1,1
7981,0.2,3,0,0
7982,1.0,0,1,1
7983,1.0,0,1,1
7984,0.2,3,0,0
7985,1.0,0,1,1
7986,0.2,3,0,0
7987,1.0,0,1,1
7988,1.0,0,1,1
7989,1.0,0,1,1
7990,0.2,3,0,0
7991,0.2,3,0,0
7992,1.0,0,1,1
7993,2.2,0,1,1
7994,1.0,0,1,1
7995,1.0,0,1,0
7996,1.0,0,1,1
7997,0.2,3,0,0
7998,1.0,0,1,1
7999,1.0,0,1,1
8000,2.2,0,1,1
8001,1.0,0,0,1
8002,1.0,0,1,1
8003,0.2,3,0,0
8004,1.0,0,1,1
8005,1.0,0,1,1
8006,0.2,3,0,0
8007,1.0,0,1,1
8008,0.2,3,0,0
8009,1.0,0,1,1
8010,0.2,3,0,0
8011,1.0,0,1,1
8012,1.0,0,1,1
8013,0.2,3,0,0
8014,1.0,0,1,1
8015,2.2,0,1,1
8016,1.0,0,1,1
8017,1.0,0,1,1
8018,0.2,3,0,0
8019,1.0,0,1,1
8020,1.0,0,1,1
8021,2.2,0,1,1
8022,0.2,3,0,0
8023,1.0,0,0,1
8024,0.2,3,0,0
8025,2.2,0,0,1
8026,1.0,0,1,1
8027,1.0,0,0,1
8028,1.0,0,1,1
8029,1.0,0,1,1
8030,1.0,0,1,1
8031,0.2,3,0,0
8032,1.0,0,1,1
8033,0.2,3,0,0
8034,2.2,0,1,1
8035,0.2,3,0,0
8036,0.2,3,0,0
8037,1.0,0,0,1
8038,1.0,0,1,1
8039,0.2,3,0,0
8040,1.0,0,0,1
8041,1.0,0,1,1
8042,0.2,3,0,0
8043,0.2,3,0,0
8044,1.0,0,1,1
8045,2.2,0,1,1
8046,0.2,3,0,0
8047,1.0,0,0,0
8048,1.0,0,1,1
8049,1.0,0,1,1
8050,0.2,3,0,0
8051,0.2,3,0,0
8052,0.2,3,0,0
8053,0.2,3,0,0
8054,0.2,3,0,0
8055,0.2,3,0,1
8056,0.2,3,0,0
8057,2.2,0,1,1
8058,0.2,3,0,0
8059,1.0,0,1,1
8060,2.2,0,1,1
8061,2.2,0,1,1
8062,2.2,0,1,1
8063,1.0,0,1,1
8064,0.2,3,0,0
8065,0.2,3,0,0
8066,1.0,0,0,1
8067,1.0,0,1,1
8068,0.2,3,0,0
8069,3.0,0,1,1
8070,2.2,0,1,1
8071,1.0,0,1,1
8072,1.0,0,1,1
8073,1.0,0,1,1
8074,0.2,3,0,0
8075,1.0,0,1,1
8076,1.0,0,1,1
8077,0.2,3,0,0
8078,0.2,3,0,0
8079,0.2,3,0,0
8080,2.2,0,1,1
8081,1.0,0,1,1
8082,1.0,0,1,1
8083,1.0,0,1,1
8084,1.0,0,1,0
8085,2.2,0,0,1
8086,1.0,0,1,1
8087,1.0,0,0,1
8088,1.0,0,1,1
8089,0.2,3,0,0
8090,1.0,0,1,1
8091,0.2,3,0,0
8092,1.0,0,1,0
8093,1.0,0,1,1
8094,1.0,0,0,1
8095,0.2,3,0,0
8096,0.2,3,0,0
8097,1.0,0,1,1
8098,1.0,0,0,1
8099,2.2,0,1,1
8100,1.0,0,1,1
8101,1.0,0,0,1
8102,0.2,3,0,0
8103,1.0,0,1,1
8104,1.0,0,1,1
8105,0.2,3,0,0
8106,0.2,3,0,0
8107,0.2,3,0,0
8108,1.0,0,1,1
8109,0.2,3,0,0
8110,1.0,0,1,0
8111,0.2,3,0,0
8112,0.2,3,0,0
8113,0.2,3,0,0
8114,0.2,3,0,0
8115,0.2,3,0,0
8116,0.2,3,0,0
8117,0.2,3,0,0
8118,1.0,0,1,1
8119,2.2,0,1,1
8120,0.2,3,0,0
8121,1.0,0,1,1
8122,0.2,3,0,0
8123,0.2,3,0,0
8124,0.2,3,0,0
8125,1.0,0,1,1
8126,0.2,3,0,0
8127,0.2,3,0,0
8128,0.2,3,0,0
8129,2.2,0,1,1
8130,1.0,0,1,1
8131,1.0,0,1,1
8132,1.0,0,1,1
8133,1.0,0,1,1
8134,0.2,3,0,0
8135,1.0,0,1,1
8136,0.2,3,0,0
8137,1.0,0,1,1
8138,0.2,3,0,0
8139,1.0,0,1,1
8140,1.0,0,1,1
8141,1.0,0,1,1
8142,1.0,0,1,1
8143,0.2,3,0,0
8144,2.2,0,1,1
8145,1.0,0,1,1
8146,1.0,0,1,1
8147,0.2,3,0,0
8148,2.2,0,1,1
8149,1.0,0,0,1
8150,0.2,3,0,0
8151,1.0,0,0,1
8152,2.2,0,1,1
8153,0.2,3,0,0
8154,0.2,3,0,0
8155,2.2,0,1,1
8156,0.2,3,0,0
8157,1.0,0,0,0
8158,0.2,3,0,0
8159,2.2,0,1,1
8160,2.2,0,0,1
8161,0.2,3,0,1
8162,1.0,0,1,0
8163,1.0,0,1,1
8164,0.2,3,0,0
8165,0.2,3,0,0
8166,0.2,3,0,0
8167,3.0,0,1,1
8168,1.0,0,1,1
8169,2.2,0,1,1
8170,1.0,0,1,0
8171,2.2,0,0,1
8172,0.2,3,0,0
8173,1.0,0,0,1
8174,1.0,0,1,1
8175,0.2,3,0,0
8176,0.2,3,0,0
8177,2.2,0,1,1
8178,1.0,0,0,1
8179,0.2,3,0,0
8180,0.2,3,0,0
8181,0.2,3,0,0
8182,1.0,0,1,1
8183,0.2,3,0,0
8184,1.0,0,1,1
8185,0.2,3,0,0
8186,1.0,0,1,0
8187,0.2,3,0,0
8188,1.0,0,1,1
8189,1.0,0,1,1
8190,1.0,0,1,1
8191,1.0,0,1,1
8192,0.2,3,0,0
8193,1.0,0,0,0
8194,0.2,3,0,0
8195,0.2,3,0,0
8196,0.2,3,0,0
8197,0.2,3,0,0
8198,0.2,3,0,0
8199,0.2,3,0,0
8200,2.2,0,1,1
8201,1.0,0,1,1
8202,1.0,0,1,1
8203,1.0,0,1,1
8204,1.0,0,0,1
8205,2.2,0,1,1
8206,0.2,3,0,0
8207,2.2,0,1,1
8208,0.2,3,0,0
8209,1.0,0,1,1
8210,1.0,0,0,1
8211,1.0,0,1,1
8212,0.2,3,0,0
8213,0.2,3,0,0
8214,1.0,0,1,1
8215,1.0,0,1,0
8216,3.0,3,0,0
8217,0.2,3,0,0
8218,1.0,0,1,1
8219,0.2,3,0,0
8220,1.0,0,1,1
8221,0.2,3,0,0
8222,1.0,0,1,1
8223,1.0,0,1,0
8224,1.0,0,1,1
8225,1.0,0,1,0
8226,1.0,0,1,1
8227,0.2,3,0,0
8228,1.0,0,0,1
8229,0.2,3,0,0
8230,0.2,3,0,0
8231,0.2,3,0,0
8232,1.0,0,1,1
8233,1.0,1,0,0
8234,1.0,0,1,1
8235,0.2,3,0,0
8236,1.0,0,0,1
8237,1.0,0,1,0
8238,1.0,0,1,1
8239,0.2,3,0,0
8240,3.0,0,1,1
8241,0.2,3,0,0
8242,1.0,0,1,1
8243,0.2,3,0,0
8244,0.2,3,0,0
8245,2.2,0,1,1
8246,0.2,3,0,1
8247,0.2,3,0,0
8248,0.2,3,0,0
8249,1.0,0,1,1
8250,0.2,3,0,0
8251,1.0,0,1,1
8252,1.0,0,0,1
8253,1.0,0,1,1
8254,0.2,3,0,1
8255,1.0,0,1,1
8256,0.2,3,0,0
8257,2.2,0,1,1
8258,1.0,0,1,1
8259,0.2,3,0,0
8260,1.0,0,0,1
8261,1.0,0,1,1
8262,1.0,0,1,1
8263,3.0,0,1,1
8264,0.2,3,0,0
8265,1.0,0,1,0
8266,0.2,3,0,0
8267,1.0,0,1,1
8268,3.0,0,1,1
8269,1.0,0,0,1
8270,0.2,3,0,0
8271,0.2,3,0,0
8272,0.2,3,0,0
8273,1.0,0,1,1
8274,0.2,3,0,0
8275,0.2,3,0,0
8276,0.2,3,0,0
8277,1.0,0,1,1
8278,1.0,0,1,0
8279,2.2,0,1,1
8280,2.2,0,1,1
8281,1.0,0,1,1
8282,1.0,0,1,0
8283,0.2,3,0,0
8284,0.2,3,0,0
8285,2.2,0,1,1
8286,1.0,0,1,1
8287,0.2,3,0,1
8288,0.2,3,0,0
8289,1.0,0,0,1
8290,0.2,3,0,0
8291,0.2,3,0,0
8292,1.0,0,1,1
8293,0.2,3,0,0
8294,0.2,3,0,0
8295,2.2,0,1,1
8296,2.2,0,1,1
8297,1.0,0,1,1
8298,0.2,3,0,0
8299,1.0,0,1,1
8300,0.2,3,0,0
8301,0.2,3,0,0
8302,1.0,0,1,1
8303,1.0,0,1,1
8304,0.2,3,0,0
8305,1.0,0,0,1
8306,1.0,0,1,1
8307,1.0,0,1,0
8308,1.0,0,1,1
8309,1.0,0,1,1
8310,1.0,0,1,1
8311,0.2,3,0,0
8312,0.2,3,0,0
8313,0.2,3,0,0
8314,1.0,0,1,1
8315,0.2,3,0,0
8316,0.2,3,0,0
8317,0.2,3,0,0
8318,2.2,0,1,1
8319,0.2,3,0,0
8320,0.2,3,0,0
8321,0.2,3,0,0
8322,0.2,3,0,0
8323,0.2,3,0,0
8324,0.2,3,0,0
8325,0.2,3,0,0
8326,0.2,3,0,0
8327,2.2,0,1,1
8328,1.0,0,1,1
8329,1.0,0,1,1
8330,1.0,0,1,1
8331,1.0,0,0,1
8332,2.2,0,1,1
8333,1.0,0,1,0
8334,0.2,3,0,0
8335,1.0,0,1,1
8336,0.2,3,0,0
8337,1.0,0,1,1
8338,1.0,0,1,1
8339,1.0,0,1,1
8340,1.0,0,1,1
8341,1.0,0,1,1
8342,0.2,3,0,0
8343,1.0,0,1,1
8344,0.2,3,0,0
8345,0.2,3,0,0
8346,1.0,0,1,1
8347,0.2,3,0,0
8348,1.0,0,1,1
8349,2.2,0,1,1
8350,1.0,0,1,1
8351,0.2,3,0,0
8352,1.0,0,1,1
8353,0.2,3,0,0
8354,1.0,0,1,1
8355,1.0,0,1,1
8356,1.0,0,0,1
8357,0.2,3,0,0
8358,1.0,0,1,1
8359,1.0,3,0,0
8360,1.0,0,1,1
8361,1.0,0,1,1
8362,1.0,0,1,1
8363,1.0,0,1,1
8364,2.2,0,1,1
8365,1.0,0,1,1
8366,0.2,3,0,0
8367,1.0,0,1,1
8368,0.2,3,0,0
8369,1.0,0,1,1
8370,1.0,0,1,1
8371,3.0,0,1,1
8372,1.0,0,1,1
8373,1.0,0,1,1
8374,1.0,0,1,1
8375,1.0,3,0,0
8376,1.0,0,1,1
8377,2.2,0,1,1
8378,1.0,0,1,1
8379,0.2,3,0,0
8380,0.2,3,0,0
8381,0.2,3,0,0
8382,1.0,0,1,1
8383,1.0,0,1,1
8384,3.0,3,0,0
8385,0.2,3,0,0
8386,0.2,3,0,0
8387,1.0,0,1,1
8388,0.2,3,0,0
8389,0.2,3,0,0
8390,1.0,0,1,0
8391,1.0,0,0,1
8392,1.0,0,1,1
8393,1.0,0,1,1
8394,0.2,3,0,0
8395,0.2,3,0,0
8396,0.2,3,0,0
8397,1.0,0,1,1
8398,0.2,3,0,0
8399,1.0,0,1,1
8400,1.0,0,1,1
8401,1.0,0,1,1
8402,0.2,3,0,0
8403,2.2,0,1,1
8404,1.0,0,1,1
8405,1.0,0,1,1
8406,0.2,3,0,0
8407,1.0,0,1,1
8408,0.2,3,0,0
8409,0.2,3,0,0
8410,0.2,3,0,0
8411,2.2,0,1,1
8412,1.0,0,1,1
8413,2.2,0,1,1
8414,2.2,0,1,1
8415,1.0,0,1,1
8416,0.2,3,0,0
8417,1.0,0,1,1
8418,1.0,0,1,1
8419,1.0,0,1,0
8420,1.0,0,1,1
8421,0.2,3,0,0
8422,0.2,3,0,0
8423,1.0,0,1,1
8424,0.2,3,0,0
8425,1.0,0,1,1
8426,0.2,3,0,0
8427,0.2,3,0,0
8428,0.2,3,0,0
8429,0.2,3,0,0
8430,0.2,3,0,0
8431,0.2,3,0,0
8432,1.0,0,0,1
8433,2.2,0,1,1
8434,1.0,0,1,1
8435,1.0,0,1,1
8436,1.0,0,1,1
8437,2.2,0,0,1
8438,1.0,0,1,1
8439,1.0,0,1,1
8440,0.2,3,0,0
8441,0.2,3,0,0
8442,1.0,0,1,0
8443,2.2,0,1,1
8444,1.0,0,1,1
8445,1.0,0,1,1
8446,0.2,3,0,0
8447,0.2,3,0,0
8448,1.0,0,1,1
8449,0.2,3,0,0
8450,0.2,3,0,0
8451,0.2,3,0,0
8452,0.2,3,0,0
8453,3.0,0,1,1
8454,1.0,0,1,1
8455,1.0,0,1,1
8456,0.2,3,0,0
8457,1.0,0,1,1
8458,2.2,0,1,1
8459,0.2,3,0,0
8460,0.2,3,0,0
8461,2.2,0,1,1
8462,1.0,0,1,1
8463,0.2,3,0,1
8464,2.2,0,1,1
8465,1.0,0,1,1
8466,1.0,0,1,1
8467,0.2,3,0,0
8468,1.0,0,1,1
8469,1.0,0,1,0
8470,2.2,0,1,1
8471,0.2,3,0,0
8472,0.2,3,0,0
8473,1.0,0,1,1
8474,1.0,0,1,1
8475,0.2,3,0,0
8476,1.0,0,1,1
8477,1.0,0,1,1
8478,1.0,0,1,0
8479,1.0,0,1,1
8480,0.2,3,0,0
8481,1.0,0,1,1
8482,0.2,3,0,0
8483,1.0,0,1,1
8484,0.2,3,0,0
8485,1.0,0,1,1
8486,1.0,0,1,0
8487,0.2,3,0,0
8488,1.0,0,1,1
8489,1.0,0,1,1
8490,1.0,0,1,1
8491,1.0,3,0,0
8492,1.0,0,1,1
8493,2.2,0,1,1
8494,1.0,0,1,1
8495,0.2,3,0,0
8496,1.0,0,1,1
8497,1.0,0,1,1
8498,2.2,0,0,1
8499,1.0,0,1,1
8500,1.0,0,1,1
8501,1.0,0,1,1
8502,0.2,3,0,0
8503,1.0,0,1,1
8504,1.0,3,0,0
8505,0.2,3,0,0
8506,1.0,0,1,1
8507,0.2,3,0,0
8508,1.0,0,0,1
8509,1.0,0,0,1
8510,1.0,0,0,1
8511,1.0,0,1,0
8512,1.0,0,1,1
8513,0.2,3,0,0
8514,0.2,3,0,0
8515,0.2,3,0,0
8516,1.0,0,1,1
8517,0.2,3,0,0
8518,0.2,3,0,0
8519,1.0,0,1,1
8520,2.2,0,1,1
8521,2.2,0,0,1
8522,0.2,3,0,0
8523,1.0,0,1,1
8524,2.2,0,1,1
8525,1.0,0,1,1
8526,1.0,0,1,0
8527,1.0,0,1,1
8528,0.2,3,0,0
8529,0.2,3,0,0
8530,2.2,0,1,1
8531,1.0,0,1,1
8532,3.0,0,1,1
8533,1.0,0,1,0
8534,0.2,3,0,0
8535,1.0,0,1,1
8536,3.4000000000000004,0,1,0
8537,0.2,3,0,0
8538,1.0,0,1,1
8539,0.2,3,0,0
8540,0.2,3,0,0
8541,1.0,0,1,1
8542,1.0,0,1,1
8543,1.0,0,1,0
8544,1.0,0,0,0
8545,0.2,3,0,0
8546,0.2,3,0,0
8547,1.0,0,1,1
8548,0.2,3,0,0
8549,1.0,0,1,1
8550,0.2,3,0,0
8551,2.2,0,1,1
8552,0.2,3,0,0
8553,0.2,3,0,0
8554,0.2,3,0,0
8555,1.0,0,1,1
8556,0.2,3,0,0
8557,0.2,3,0,0
8558,1.0,3,0,0
8559,0.2,3,0,0
8560,1.0,0,1,1
8561,1.0,0,1,0
8562,1.0,0,0,1
8563,1.0,0,1,1
8564,1.0,0,1,1
8565,0.2,3,0,0
8566,0.2,3,0,0
8567,1.0,1,0,0
8568,1.0,0,1,1
8569,1.0,0,1,1
8570,0.2,3,0,0
8571,1.0,0,1,1
8572,1.0,0,1,1
8573,1.0,3,0,0
8574,1.0,0,1,1
8575,1.0,0,1,0
8576,1.0,0,0,1
8577,1.0,0,0,1
8578,2.2,0,1,1
8579,1.0,0,1,1
8580,1.0,0,1,1
8581,0.2,3,0,0
8582,1.0,0,1,1
8583,0.2,3,0,0
8584,1.0,0,1,1
8585,0.2,3,0,0
8586,1.0,0,0,1
8587,0.2,3,0,0
8588,1.0,0,0,1
8589,0.2,3,0,0
8590,0.2,3,0,0
8591,0.2,3,0,0
8592,0.2,3,0,0
8593,1.0,0,1,1
8594,0.2,3,0,0
8595,1.0,0,1,1
8596,0.2,3,0,0
8597,1.0,0,1,1
8598,0.2,3,0,1
8599,0.2,3,0,0
8600,1.0,0,1,1
8601,1.0,0,1,1
8602,0.2,3,0,0
8603,1.0,0,1,1
8604,0.2,3,0,0
8605,0.2,3,0,0
8606,0.2,3,0,0
8607,2.2,0,0,1
8608,1.0,0,1,1
8609,0.2,3,0,0
8610,2.2,0,1,1
8611,0.2,3,0,0
8612,1.0,0,1,1
8613,2.2,0,1,1
8614,0.2,3,0,0
8615,2.2,0,0,1
8616,1.0,0,1,1
8617,1.0,0,1,1
8618,0.2,3,0,0
8619,1.0,0,1,1
8620,0.2,3,0,0
8621,1.0,0,0,1
8622,1.0,0,1,1
8623,1.0,0,1,1
8624,0.2,3,0,0
8625,1.0,0,0,1
8626,0.2,3,0,0
8627,2.2,0,1,1
8628,1.0,0,0,1
8629,1.0,0,1,1
8630,1.0,0,0,1
8631,1.0,0,1,1
8632,1.0,0,0,1
8633,0.2,3,0,0
8634,0.2,3,0,0
8635,1.0,0,1,1
8636,1.0,3,0,0
8637,0.2,3,0,0
8638,2.2,0,0,1
8639,3.4000000000000004,1,1,0
8640,1.0,0,1,1
8641,0.2,3,0,0
8642,2.2,0,1,1
8643,1.0,0,1,1
8644,0.2,3,0,0
8645,1.0,0,1,1
8646,1.0,0,1,1
8647,1.0,0,1,1
8648,1.0,0,1,1
8649,1.0,0,1,1
8650,1.0,0,1,1
8651,1.0,0,1,1
8652,0.2,3,0,0
8653,1.0,0,1,1
8654,0.2,3,0,0
8655,1.0,0,1,1
8656,0.2,3,0,0
8657,0.2,3,0,0
8658,0.2,3,0,0
8659,0.2,3,0,0
8660,1.0,0,1,1
8661,0.2,3,0,0
8662,0.2,3,0,0
8663,1.0,0,1,1
8664,1.0,0,1,1
8665,1.0,0,1,1
8666,0.2,3,0,0
8667,1.0,0,1,1
8668,1.0,0,1,1
8669,1.0,0,1,0
8670,0.2,3,0,0
8671,0.2,3,0,0
8672,0.2,3,0,0
8673,1.0,0,1,1
8674,0.2,3,0,0
8675,0.2,3,0,0
8676,1.0,0,1,0
8677,2.2,0,1,1
8678,1.0,0,1,1
8679,1.0,0,1,1
8680,0.2,3,0,0
8681,0.2,3,0,0
8682,1.0,0,1,1
8683,1.0,0,1,0
8684,1.0,0,1,1
8685,1.0,0,1,1
8686,1.0,0,1,1
8687,0.2,3,0,0
8688,1.0,0,1,1
8689,0.2,3,0,0
8690,0.2,3,0,0
8691,1.0,0,0,0
8692,0.2,3,0,0
8693,1.0,0,1,1
8694,0.2,3,0,0
8695,2.2,0,1,1
8696,1.0,0,1,1
8697,1.0,0,1,0
8698,0.2,3,0,0
8699,2.2,0,0,1
8700,2.2,0,1,1
8701,1.0,0,1,1
8702,1.0,0,1,1
8703,1.0,0,0,1
8704,1.0,0,1,1
8705,1.0,3,0,0
8706,1.0,0,1,1
8707,1.0,0,0,1
8708,0.2,3,0,0
8709,3.4000000000000004,1,1,0
8710,1.0,0,1,1
8711,2.2,0,0,1
8712,0.2,3,0,0
8713,1.0,0,1,1
8714,1.0,0,1,1
8715,0.2,3,0,0
8716,0.2,3,0,0
8717,1.0,0,1,1
8718,1.0,0,0,1
8719,0.2,3,0,0
8720,1.0,0,1,1
8721,1.0,0,1,0
8722,1.0,0,1,1
8723,1.0,0,1,1
8724,1.0,0,1,1
8725,1.0,0,1,1
8726,1.0,0,1,1
8727,1.0,0,1,1
8728,1.0,0,1,1
8729,0.2,3,0,0
8730,1.0,0,1,1
8731,0.2,3,0,0
8732,0.2,3,0,0
8733,0.2,3,0,0
8734,1.0,0,1,1
8735,0.2,3,0,0
8736,2.2,0,1,1
8737,1.0,0,1,1
8738,0.2,3,0,0
8739,1.0,0,1,1
8740,1.0,0,0,1
8741,1.0,0,1,1
8742,1.0,0,1,1
8743,0.2,3,0,0
8744,0.2,3,0,0
8745,0.2,3,0,0
8746,0.2,3,0,0
8747,1.0,0,1,0
8748,0.2,3,0,0
8749,0.2,3,0,0
8750,1.0,0,1,1
8751,0.2,3,0,0
8752,0.2,3,0,0
8753,1.0,0,1,1
8754,0.2,3,0,0
8755,1.0,0,1,1
8756,0.2,3,0,0
8757,1.0,0,1,1
8758,0.2,3,0,1
8759,0.2,3,0,0
8760,1.0,0,1,0
8761,1.0,0,1,1
8762,1.0,0,1,1
8763,1.0,0,1,1
8764,0.2,3,0,0
8765,1.0,0,1,1
8766,2.2,0,1,1
8767,0.2,3,0,1
8768,3.0,3,0,0
8769,0.2,3,0,0
8770,1.0,0,1,1
8771,0.2,3,0,1
8772,0.2,3,0,0
8773,1.0,0,0,1
8774,0.2,3,0,0
8775,1.0,0,1,1
8776,0.2,3,0,0
8777,1.0,0,0,1
8778,1.0,0,1,1
8779,0.2,3,0,0
8780,1.0,0,1,0
8781,1.0,0,1,1
8782,0.2,3,0,0
8783,0.2,3,0,0
8784,1.0,0,1,1
8785,0.2,3,0,0
8786,1.0,0,1,1
8787,0.2,3,0,0
8788,0.2,3,0,0
8789,1.0,0,1,1
8790,0.2,3,0,0
8791,1.0,0,1,1
8792,2.2,0,1,1
8793,1.0,0,1,1
8794,0.2,3,0,0
8795,1.0,0,0,0
8796,2.2,0,1,1
8797,1.0,0,1,1
8798,0.2,3,0,0
8799,1.0,0,1,1
8800,0.2,3,0,0
8801,0.2,3,0,0
8802,0.2,3,0,0
8803,0.2,3,0,0
8804,1.0,0,1,1
8805,0.2,3,0,0
8806,1.0,0,1,1
8807,1.0,0,1,1
8808,0.2,3,0,0
8809,0.2,3,0,0
8810,0.2,3,0,0
8811,1.0,0,1,1
8812,0.2,3,0,0
8813,0.2,3,0,0
8814,1.0,0,1,1
8815,1.0,0,1,1
8816,2.2,0,1,1
8817,1.0,0,1,1
8818,0.2,3,0,0
8819,0.2,3,0,0
8820,1.0,0,1,1
8821,1.0,0,1,1
8822,0.2,3,0,0
8823,1.0,0,1,1
8824,0.2,3,0,0
8825,2.2,0,1,1
8826,0.2,3,0,0
8827,0.2,3,0,1
8828,1.0,0,1,1
8829,1.0,0,0,1
8830,1.0,0,1,1
8831,0.2,3,0,0
8832,0.2,3,0,0
8833,0.2,3,0,0
8834,0.2,3,0,0
8835,0.2,3,0,0
8836,0.2,3,0,0
8837,1.0,0,1,1
8838,0.2,3,0,0
8839,1.0,0,1,1
8840,1.0,0,1,0
8841,0.2,3,0,0
8842,0.2,3,0,0
8843,1.0,0,1,0
8844,1.0,0,0,1
8845,3.0,0,1,1
8846,1.0,0,1,1
8847,1.0,0,1,1
8848,0.2,3,0,0
8849,1.0,0,1,0
8850,1.0,0,1,1
8851,2.2,0,1,1
8852,1.0,0,1,1
8853,0.2,3,0,0
8854,1.0,0,1,1
8855,1.0,0,1,0
8856,0.2,3,0,0
8857,1.0,0,1,1
8858,0.2,3,0,0
8859,1.0,0,1,0
8860,1.0,0,0,0
8861,2.2,0,1,1
8862,2.2,0,1,1
8863,0.2,3,0,0
8864,0.2,3,0,0
8865,2.2,0,1,1
8866,1.0,3,0,0
8867,1.0,0,1,0
8868,1.0,0,1,1
8869,1.0,0,0,1
8870,1.0,0,1,1
8871,1.0,0,1,1
8872,1.0,0,1,1
8873,1.0,0,1,1
8874,2.2,0,1,1
8875,0.2,3,0,0
8876,1.0,0,1,1
8877,0.2,3,0,0
8878,0.2,3,0,0
8879,2.2,0,1,1
8880,3.0,3,0,0
8881,1.0,0,1,1
8882,1.0,0,1,1
8883,0.2,3,0,0
8884,0.2,3,0,0
8885,1.0,0,1,1
8886,0.2,3,0,0
8887,0.2,3,0,0
8888,0.2,3,0,0
8889,0.2,3,0,0
8890,2.2,0,1,1
8891,0.2,3,0,0
8892,1.0,0,1,0
8893,1.0,0,1,1
8894,0.2,3,0,0
8895,0.2,3,0,0
8896,1.0,0,1,1
8897,1.0,0,0,1
8898,0.2,3,0,0
8899,0.2,3,0,0
8900,1.0,0,1,1
8901,1.0,0,1,1
8902,0.2,3,0,0
8903,1.0,0,1,1
8904,1.0,0,1,1
8905,1.0,0,1,1
8906,1.0,0,1,1
8907,1.0,0,1,1
8908,0.2,3,0,0
8909,0.2,3,0,0
8910,1.0,0,1,1
8911,0.2,3,0,0
8912,2.2,0,1,1
8913,0.2,3,0,0
8914,1.0,0,1,0
8915,1.0,0,1,0
8916,1.0,0,1,1
8917,1.0,0,1,1
8918,2.2,0,1,1
8919,1.0,0,0,0
8920,1.0,0,1,1
8921,1.0,0,0,1
8922,0.2,3,0,0
8923,1.0,0,1,1
8924,0.2,3,0,0
8925,1.0,0,0,1
8926,1.0,0,0,1
8927,2.2,0,1,1
8928,1.0,0,1,1
8929,1.0,0,1,0
8930,0.2,3,0,0
8931,1.0,0,1,1
8932,0.2,3,0,0
8933,1.0,0,1,1
8934,1.0,0,1,1
8935,2.2,0,1,1
8936,1.0,0,1,1
8937,1.0,0,1,1
8938,0.2,3,0,0
8939,1.0,0,0,1
8940,0.2,3,0,0
8941,1.0,0,1,1
8942,1.0,0,1,1
8943,0.2,3,0,0
8944,1.0,0,1,1
8945,1.0,0,1,1
8946,0.2,3,0,0
8947,1.0,0,0,1
8948,0.2,3,0,0
8949,0.2,3,0,0
8950,1.0,0,1,0
8951,0.2,3,0,0
8952,0.2,3,0,0
8953,2.2,0,1,1
8954,0.2,3,0,0
8955,0.2,3,0,0
8956,1.0,0,1,1
8957,1.0,0,0,0
8958,1.0,0,1,1
8959,1.0,0,1,1
8960,0.2,3,0,0
8961,1.0,0,1,1
8962,0.2,3,0,0
8963,0.2,3,0,0
8964,1.0,0,1,1
8965,0.2,3,0,0
8966,0.2,3,0,0
8967,0.2,3,0,0
8968,1.0,0,1,0
8969,1.0,0,1,0
8970,2.2,0,1,1
8971,0.2,3,0,0
8972,1.0,0,1,1
8973,1.0,0,1,1
8974,1.0,0,1,1
8975,0.2,3,0,0
8976,1.0,0,1,1
8977,0.2,3,0,0
8978,2.2,0,1,1
8979,1.0,0,1,1
8980,2.2,0,1,1
8981,1.0,0,0,0
8982,1.0,0,1,1
8983,1.0,0,1,1
8984,1.0,0,1,1
8985,0.2,3,0,0
8986,0.2,3,0,0
8987,3.0,3,0,0
8988,1.0,0,1,1
8989,0.2,3,0,0
8990,1.0,0,1,1
8991,0.2,3,0,0
8992,0.2,3,0,0
8993,0.2,3,0,0
8994,0.2,3,0,0
8995,1.0,0,1,0
8996,0.2,3,0,0
8997,1.0,0,1,1
8998,0.2,3,0,0
8999,1.0,0,1,1
9000,1.0,0,1,1
9001,1.0,0,1,1
9002,1.0,0,1,1
9003,0.2,3,0,0
9004,1.0,0,1,0
9005,0.2,3,0,0
9006,0.2,3,0,0
9007,1.0,0,0,0
9008,1.0,0,0,1
9009,0.2,3,0,0
9010,2.2,0,1,1
9011,0.2,3,0,0
9012,1.0,0,0,1
9013,0.2,3,0,0
9014,1.0,0,1,1
9015,0.2,3,0,0
9016,2.2,0,1,1
9017,0.2,3,0,0
9018,1.0,0,1,1
9019,2.2,0,1,1
9020,0.2,3,0,0
9021,1.0,0,1,0
9022,0.2,3,0,0
9023,0.2,3,0,0
9024,1.0,3,0,0
9025,1.0,1,0,0
9026,2.2,0,1,1
9027,1.0,0,1,1
9028,1.0,0,0,0
9029,2.2,0,1,1
9030,1.0,0,1,1
9031,0.2,3,0,0
9032,0.2,3,0,1
9033,0.2,3,0,0
9034,0.2,3,0,0
9035,1.0,0,1,1
9036,0.2,3,0,0
9037,1.0,0,1,1
9038,0.2,3,0,0
9039,1.0,0,1,0
9040,1.0,0,1,1
9041,1.0,0,1,0
9042,1.0,0,1,1
9043,1.0,0,1,1
9044,1.0,0,1,1
9045,1.0,0,1,1
9046,0.2,3,0,0
9047,1.0,0,1,1
9048,1.0,0,1,1
9049,2.2,0,1,1
9050,0.2,3,0,0
9051,0.2,3,0,0
9052,0.2,3,0,0
9053,0.2,3,0,0
9054,0.2,3,0,0
9055,0.2,3,0,0
9056,0.2,3,0,0
9057,0.2,3,0,0
9058,1.0,0,0,0
9059,2.2,0,1,1
9060,1.0,0,1,0
9061,0.2,3,0,0
9062,0.2,3,0,0
9063,0.2,3,0,0
9064,0.2,3,0,0
9065,1.0,0,1,1
9066,2.2,0,1,1
9067,1.0,0,1,0
9068,1.0,0,1,1
9069,1.0,0,1,1
9070,1.0,0,1,1
9071,0.2,3,0,0
9072,0.2,3,0,0
9073,0.2,3,0,0
9074,2.2,0,1,1
9075,1.0,0,0,1
9076,1.0,0,1,1
9077,1.0,0,1,1
9078,0.2,3,0,0
9079,1.0,0,1,1
9080,0.2,3,0,0
9081,1.0,0,0,1
9082,1.0,0,1,1
9083,1.0,0,1,1
9084,1.0,0,1,1
9085,0.2,3,0,0
9086,2.2,0,1,1
9087,0.2,3,0,0
9088,0.2,3,0,0
9089,2.2,0,1,1
9090,1.0,0,1,1
9091,1.0,0,1,1
9092,0.2,3,0,0
9093,1.0,0,1,1
9094,0.2,3,0,0
9095,1.0,0,1,1
9096,1.0,0,1,1
9097,2.2,0,1,1
9098,0.2,3,0,0
9099,2.2,0,1,1
9100,1.0,0,1,1
9101,0.2,3,0,0
9102,0.2,3,0,0
9103,1.0,0,1,1
9104,0.2,3,0,0
9105,0.2,3,0,1
9106,0.2,3,0,0
9107,0.2,3,0,0
9108,1.0,0,1,1
9109,0.2,3,0,0
9110,1.0,0,1,1
9111,0.2,3,0,1
9112,2.2,0,1,1
9113,0.2,3,0,0
9114,1.0,0,1,1
9115,0.2,3,0,0
9116,0.2,3,0,0
9117,2.2,0,1,1
9118,2.2,0,1,1
9119,1.0,0,1,1
9120,1.0,0,1,1
9121,1.0,0,1,0
9122,1.0,0,1,1
9123,0.2,3,0,0
9124,1.0,0,1,1
9125,1.0,0,1,1
9126,1.0,0,1,1
9127,0.2,3,0,0
9128,1.0,0,1,1
9129,1.0,0,1,1
9130,1.0,0,1,1
9131,1.0,0,1,1
9132,1.0,0,1,1
9133,1.0,0,1,1
9134,1.0,0,1,1
9135,0.2,3,0,0
9136,1.0,0,0,1
9137,0.2,3,0,0
9138,2.2,3,0,1
9139,0.2,3,0,0
9140,2.2,0,1,1
9141,1.0,0,1,1
9142,1.0,0,1,0
9143,0.2,3,0,0
9144,2.2,0,1,1
9145,3.0,3,0,0
9146,2.2,0,1,1
9147,2.2,0,1,1
9148,1.0,0,1,1
9149,1.0,0,1,1
9150,2.2,0,1,1
9151,1.0,0,0,1
9152,1.0,0,1,0
9153,1.0,0,1,1
9154,2.2,0,1,1
9155,1.0,0,1,1
9156,1.0,0,1,1
9157,1.0,0,1,1
9158,1.0,0,1,1
9159,1.0,0,1,1
9160,0.2,3,0,0
9161,2.2,0,1,1
9162,1.0,0,0,1
9163,1.0,0,1,1
9164,1.0,0,1,1
9165,1.0,0,1,1
9166,1.0,0,1,1
9167,0.2,3,0,0
9168,0.2,3,0,0
9169,0.2,3,0,0
9170,0.2,3,0,0
9171,1.0,0,1,1
9172,0.2,3,0,0
9173,1.0,0,1,1
9174,0.2,3,0,0
9175,1.0,0,1,1
9176,1.0,0,1,1
9177,3.0,0,1,1
9178,0.2,3,0,0
9179,1.0,0,1,1
9180,1.0,0,1,0
9181,0.2,3,0,0
9182,0.2,3,0,0
9183,0.2,3,0,0
9184,1.0,0,1,1
9185,1.0,0,1,1
9186,1.0,0,1,1
9187,0.2,3,0,0
9188,0.2,3,0,0
9189,0.2,3,0,0
9190,2.2,0,1,1
9191,1.0,0,1,0
9192,0.2,3,0,0
9193,0.2,3,0,0
9194,1.0,0,1,1
9195,0.2,3,0,0
9196,0.2,3,0,0
9197,0.2,3,0,0
9198,2.2,0,1,1
9199,1.0,0,1,1
9200,0.2,3,0,0
9201,0.2,3,0,0
9202,0.2,3,0,0
9203,0.2,3,0,0
9204,1.0,0,1,1
9205,2.2,0,1,1
9206,1.0,0,1,1
9207,0.2,3,0,0
9208,0.2,3,0,0
9209,1.0,0,1,1
9210,0.2,3,0,1
9211,2.2,3,0,1
9212,1.0,0,1,1
9213,1.0,0,1,1
9214,0.2,3,0,0
9215,0.2,3,0,0
9216,0.2,3,0,0
9217,1.0,0,0,1
9218,1.0,0,1,1
9219,1.0,0,1,1
9220,0.2,3,0,0
9221,1.0,0,1,0
9222,0.2,3,0,0
9223,1.0,0,1,1
9224,1.0,0,1,0
9225,0.2,3,0,0
9226,0.2,3,0,0
9227,0.2,3,0,0
9228,1.0,0,1,0
9229,1.0,0,1,1
9230,0.2,3,0,0
9231,3.0,3,0,0
9232,0.2,3,0,0
9233,1.0,0,1,1
9234,0.2,3,0,0
9235,1.0,0,1,1
9236,1.0,0,1,1
9237,2.2,0,1,1
9238,1.0,0,1,1
9239,0.2,3,0,0
9240,0.2,3,0,0
9241,2.2,0,1,1
9242,0.2,3,0,0
9243,2.2,0,1,1
9244,0.2,3,0,0
9245,0.2,3,0,0
9246,1.0,0,1,1
9247,1.0,0,1,1
9248,0.2,3,0,0
9249,1.0,0,1,1
9250,0.2,3,0,0
9251,0.2,3,0,0
9252,2.2,0,1,1
9253,0.2,3,0,0
9254,1.0,0,1,1
9255,1.0,0,0,0
9256,1.0,0,1,1
9257,1.0,0,1,1
9258,1.0,0,1,1
9259,1.0,0,1,0
9260,1.0,0,1,1
9261,1.0,0,1,1
9262,2.2,0,1,1
9263,2.2,0,1,1
9264,1.0,0,1,1
9265,0.2,3,0,0
9266,1.0,0,1,1
9267,1.0,0,0,1
9268,1.0,0,1,1
9269,0.2,3,0,0
9270,1.0,0,1,1
9271,0.2,3,0,0
9272,0.2,3,0,0
9273,1.0,0,1,1
9274,0.2,3,0,0
9275,1.0,0,1,1
9276,1.0,0,1,1
9277,1.0,0,1,1
9278,0.2,3,0,0
9279,0.2,3,0,0
9280,1.0,0,1,1
9281,0.2,3,0,0
9282,1.0,0,0,1
9283,0.2,3,0,0
9284,1.0,0,1,1
9285,1.0,0,1,1
9286,0.2,3,0,0
9287,2.2,0,1,1
9288,0.2,3,0,0
9289,0.2,3,0,0
9290,1.0,0,1,1
9291,1.0,0,0,1
9292,0.2,3,0,0
9293,0.2,3,0,0
9294,1.0,0,1,1
9295,0.2,3,0,0
9296,1.0,0,1,1
9297,1.0,0,1,1
9298,1.0,0,1,1
9299,0.2,3,0,0
9300,1.0,0,1,1
9301,1.0,0,1,1
9302,0.2,3,0,0
9303,2.2,0,1,1
9304,0.2,3,0,0
9305,1.0,0,1,1
9306,1.0,0,1,1
9307,1.0,0,1,1
9308,0.2,3,0,0
9309,1.0,0,1,1
9310,0.2,3,0,0
9311,0.2,3,0,0
9312,0.2,3,0,0
9313,0.2,3,0,0
9314,0.2,3,0,0
9315,0.2,3,0,0
9316,1.0,0,1,1
9317,0.2,3,0,0
9318,0.2,3,0,0
9319,0.2,3,0,0
9320,1.0,3,0,0
9321,0.2,3,0,0
9322,1.0,3,0,0
9323,1.0,0,1,1
9324,0.2,3,0,0
9325,0.2,3,0,0
9326,0.2,3,0,0
9327,3.4000000000000004,1,1,0
9328,1.0,0,1,1
9329,0.2,3,0,0
9330,1.0,0,0,1
9331,0.2,3,0,0
9332,0.2,3,0,0
9333,0.2,3,0,0
9334,0.2,3,0,0
9335,1.0,0,1,1
9336,1.0,0,0,1
9337,1.0,0,1,1
9338,0.2,3,0,0
9339,0.2,3,0,0
9340,0.2,3,0,0
9341,0.2,3,0,0
9342,3.0,3,0,0
9343,0.2,3,0,0
9344,0.2,3,0,0
9345,0.2,3,0,0
9346,1.0,0,0,1
9347,1.0,0,1,1
9348,0.2,3,0,0
9349,1.0,0,1,0
9350,0.2,3,0,0
9351,1.0,0,1,1
9352,1.0,0,1,1
9353,1.0,0,1,0
9354,1.0,0,1,1
9355,0.2,3,0,0
9356,2.2,0,1,1
9357,1.0,0,1,1
9358,0.2,3,0,0
9359,0.2,3,0,0
9360,1.0,0,1,0
9361,2.2,0,1,1
9362,0.2,3,0,0
9363,1.0,0,1,0
9364,1.0,0,1,1
9365,0.2,3,0,0
9366,1.0,0,0,0
9367,1.0,0,1,1
9368,0.2,3,0,0
9369,2.2,0,1,1
9370,1.0,0,1,1
9371,1.0,0,0,1
9372,1.0,0,1,1
9373,0.2,3,0,0
9374,1.0,0,1,1
9375,1.0,0,1,1
9376,1.0,0,1,1
9377,0.2,3,0,0
9378,1.0,0,1,1
9379,0.2,3,0,0
9380,1.0,0,1,1
9381,1.0,0,0,1
9382,0.2,3,0,0
9383,1.0,0,1,1
9384,1.0,0,1,1
9385,0.2,3,0,0
9386,0.2,3,0,0
9387,1.0,0,1,1
9388,0.2,3,0,0
9389,1.0,1,0,0
9390,1.0,0,1,1
9391,2.2,0,1,1
9392,0.2,3,0,0
9393,1.0,0,1,1
9394,2.2,0,1,1
9395,0.2,3,0,0
9396,0.2,3,0,0
9397,2.2,0,1,1
9398,2.2,0,0,1
9399,2.2,0,1,1
9400,0.2,3,0,0
9401,0.2,3,0,0
9402,0.2,3,0,0
9403,0.2,3,0,0
9404,0.2,3,0,0
9405,0.2,3,0,0
9406,1.0,0,0,0
9407,1.0,0,1,0
9408,0.2,3,0,0
9409,3.0,3,0,0
9410,1.0,0,1,1
9411,0.2,3,0,0
9412,0.2,3,0,0
9413,0.2,3,0,1
9414,0.2,3,0,0
9415,0.2,3,0,0
9416,0.2,3,0,0
9417,1.0,0,1,1
9418,1.0,0,1,1
9419,0.2,3,0,0
9420,0.2,3,0,0
9421,0.2,3,0,0
9422,0.2,3,0,0
9423,1.0,0,1,1
9424,1.0,0,1,1
9425,1.0,0,1,1
9426,1.0,0,1,1
9427,1.0,0,1,1
9428,2.2,0,1,1
9429,1.0,0,1,1
9430,2.2,0,1,1
9431,0.2,3,0,0
9432,2.2,0,1,1
9433,2.2,0,1,1
9434,1.0,0,1,1
9435,2.2,0,0,1
9436,1.0,0,1,1
9437,1.0,0,1,1
9438,1.0,0,1,1
9439,1.0,0,0,1
9440,1.0,3,0,0
9441,1.0,0,1,1
9442,0.2,3,0,0
9443,1.0,0,1,0
9444,1.0,0,1,1
9445,1.0,0,1,1
9446,0.2,3,0,0
9447,1.0,0,0,1
9448,0.2,3,0,0
9449,0.2,3,0,0
9450,2.2,0,1,1
9451,1.0,0,1,1
9452,1.0,0,1,1
9453,0.2,3,0,0
9454,0.2,3,0,0
9455,1.0,0,1,1
9456,0.2,3,0,0
9457,1.0,0,1,0
9458,0.2,3,0,0
9459,0.2,3,0,0
9460,2.2,0,1,1
9461,0.2,3,0,0
9462,0.2,3,0,0
9463,2.2,0,1,1
9464,0.2,3,0,0
9465,1.0,0,0,1
9466,0.2,3,0,0
9467,0.2,3,0,1
9468,1.0,0,1,1
9469,1.0,0,1,1
9470,1.0,0,0,1
9471,0.2,3,0,0
9472,2.2,3,0,1
9473,0.2,3,0,0
9474,0.2,3,0,0
9475,1.0,0,0,1
9476,1.0,0,1,1
9477,1.0,0,1,1
9478,0.2,3,0,0
9479,0.2,3,0,0
9480,0.2,3,0,0
9481,0.2,3,0,0
9482,0.2,3,0,0
9483,1.0,3,0,0
9484,1.0,0,1,1
9485,1.0,0,1,0
9486,1.0,0,1,1
9487,0.2,3,0,0
9488,0.2,3,0,0
9489,1.0,0,1,1
9490,1.0,0,0,1
9491,0.2,3,0,0
9492,0.2,3,0,0
9493,1.0,0,1,1
9494,1.0,0,1,1
9495,1.0,0,1,1
9496,0.2,3,0,0
9497,1.0,0,0,0
9498,1.0,0,0,1
9499,0.2,3,0,1
9500,0.2,3,0,0
9501,0.2,3,0,0
9502,2.2,0,1,1
9503,1.0,0,0,1
9504,1.0,0,1,1
9505,1.0,0,1,1
9506,2.2,0,1,1
9507,1.0,0,0,0
9508,0.2,3,0,0
9509,1.0,0,1,1
9510,2.2,0,0,1
9511,1.0,0,0,1
9512,1.0,0,1,1
9513,0.2,3,0,0
9514,2.2,0,1,1
9515,1.0,0,0,1
9516,0.2,3,0,0
9517,1.0,0,1,0
9518,0.2,3,0,0
9519,1.0,0,1,1
9520,1.0,0,1,1
9521,1.0,0,1,0
9522,1.0,0,1,1
9523,1.0,0,1,1
9524,1.0,0,0,1
9525,1.0,0,1,1
9526,0.2,3,0,0
9527,0.2,3,0,1
9528,0.2,3,0,0
9529,1.0,0,0,1
9530,0.2,3,0,0
9531,0.2,3,0,0
9532,0.2,3,0,0
9533,1.0,0,1,1
9534,0.2,3,0,0
9535,3.4000000000000004,1,1,0
9536,1.0,0,1,1
9537,0.2,3,0,0
9538,0.2,3,0,0
9539,0.2,3,0,0
9540,1.0,0,1,1
9541,1.0,0,0,1
9542,1.0,0,1,1
9543,1.0,0,1,1
9544,0.2,3,0,0
9545,1.0,0,0,0
9546,0.2,3,0,0
9547,1.0,0,1,1
9548,1.0,0,1,1
9549,0.2,3,0,0
9550,1.0,0,1,1
9551,0.2,3,0,0
9552,0.2,3,0,0
9553,1.0,0,1,1
9554,1.0,0,1,1
9555,1.0,1,0,0
9556,0.2,3,0,0
9557,0.2,3,0,0
9558,1.0,0,1,1
9559,0.2,3,0,0
9560,2.2,0,1,1
9561,0.2,3,0,0
9562,1.0,0,1,1
9563,1.0,0,0,1
9564,0.2,3,0,0
9565,0.2,3,0,0
9566,0.2,3,0,0
9567,1.0,0,1,1
9568,1.0,0,1,1
9569,1.0,3,0,0
9570,1.0,0,1,1
9571,2.2,0,1,1
9572,1.0,0,1,1
9573,0.2,3,0,0
9574,1.0,0,1,1
9575,1.0,0,1,1
9576,0.2,3,0,0
9577,0.2,3,0,0
9578,1.0,0,1,0
9579,1.0,0,1,1
9580,0.2,3,0,0
9581,1.0,0,1,1
9582,2.2,0,1,1
9583,1.0,0,1,1
9584,0.2,3,0,0
9585,1.0,0,1,0
9586,1.0,0,1,1
9587,2.2,0,1,1
9588,1.0,0,1,1
9589,2.2,0,1,1
9590,0.2,3,0,0
9591,0.2,0,0,1
9592,0.2,3,0,0
9593,0.2,3,0,0
9594,1.0,0,0,1
9595,2.2,0,1,1
9596,1.0,0,1,1
9597,1.0,0,0,1
9598,1.0,0,1,1
9599,1.0,0,0,1
9600,0.2,3,0,0
9601,1.0,0,1,1
9602,1.0,0,1,1
9603,0.2,3,0,0
9604,1.0,0,0,1
9605,2.2,0,1,1
9606,1.0,0,0,1
9607,0.2,3,0,0
9608,0.2,3,0,0
9609,0.2,3,0,0
9610,0.2,3,0,0
9611,0.2,3,0,0
9612,3.0,3,0,0
9613,1.0,0,1,1
9614,1.0,0,1,1
9615,1.0,0,1,1
9616,1.0,0,1,1
9617,1.0,0,1,1
9618,1.0,0,1,1
9619,2.2,0,1,1
9620,1.0,0,1,1
9621,2.2,0,1,1
9622,0.2,3,0,0
9623,0.2,3,0,0
9624,0.2,3,0,0
9625,1.0,0,1,1
9626,1.0,0,1,1
9627,1.0,0,0,1
9628,1.0,0,1,1
9629,0.2,3,0,0
9630,0.2,3,0,0
9631,1.0,0,0,1
9632,3.0,3,0,0
9633,0.2,3,0,0
9634,0.2,3,0,0
9635,0.2,3,0,0
9636,1.0,0,1,1
9637,2.2,0,1,1
9638,0.2,3,0,0
9639,0.2,3,0,0
9640,1.0,0,1,1
9641,0.2,3,0,0
9642,1.0,0,1,1
9643,1.0,0,1,1
9644,0.2,3,0,0
9645,2.2,0,1,1
9646,0.2,3,0,0
9647,0.2,3,0,1
9648,0.2,3,0,0
9649,1.0,0,0,1
9650,1.0,0,1,0
9651,0.2,3,0,0
9652,0.2,3,0,0
9653,0.2,3,0,0
9654,1.0,0,1,1
9655,1.0,0,1,1
9656,0.2,3,0,0
9657,1.0,0,1,1
9658,0.2,3,0,0
9659,1.0,0,1,1
9660,0.2,3,0,0
9661,0.2,3,0,0
9662,1.0,0,1,1
9663,0.2,3,0,0
9664,1.0,3,0,0
9665,0.2,3,0,0
9666,1.0,0,0,1
9667,0.2,3,0,0
9668,1.0,0,0,1
9669,2.2,0,1,1
9670,1.0,0,1,1
9671,1.0,0,1,0
9672,1.0,0,0,1
9673,1.0,0,1,1
9674,0.2,3,0,0
9675,0.2,3,0,0
9676,1.0,0,1,1
9677,0.2,3,0,0
9678,1.0,0,1,1
9679,1.0,0,0,1
9680,0.2,3,0,0
9681,2.2,0,1,1
9682,1.0,0,1,1
9683,1.0,0,1,1
9684,1.0,0,1,1
9685,1.0,0,1,0
9686,1.0,0,1,0
9687,2.2,0,0,1
9688,0.2,3,0,0
9689,0.2,3,0,0
9690,1.0,0,0,1
9691,0.2,3,0,0
9692,1.0,0,0,1
9693,2.2,0,1,1
9694,0.2,3,0,0
9695,1.0,0,0,1
9696,1.0,0,1,1
9697,1.0,0,1,1
9698,1.0,0,1,0
9699,0.2,3,0,0
9700,1.0,0,1,1
9701,1.0,0,0,1
9702,1.0,0,1,0
9703,1.0,0,0,1
9704,0.2,3,0,0
9705,0.2,3,0,0
9706,0.2,3,0,0
9707,1.0,0,1,1
9708,1.0,0,1,1
9709,0.2,3,0,0
9710,0.2,3,0,0
9711,1.0,0,1,1
9712,2.2,0,1,1
9713,0.2,3,0,0
9714,0.2,3,0,0
9715,0.2,3,0,0
9716,0.2,3,0,0
9717,1.0,0,1,1
9718,1.0,0,0,1
9719,1.0,0,1,1
9720,0.2,3,0,0
9721,1.0,0,1,1
9722,0.2,3,0,0
9723,1.0,0,1,1
9724,0.2,3,0,0
9725,1.0,0,1,1
9726,1.0,0,1,1
9727,0.2,3,0,0
9728,2.2,0,1,1
9729,1.0,0,1,0
9730,1.0,0,1,0
9731,2.2,0,1,1
9732,1.0,0,0,1
9733,1.0,0,1,0
9734,1.0,0,1,0
9735,1.0,0,0,1
9736,0.2,3,0,0
9737,1.0,0,1,1
9738,0.2,3,0,0
9739,0.2,3,0,0
9740,0.2,3,0,0
9741,2.2,0,1,1
9742,0.2,3,0,0
9743,1.0,0,1,1
9744,0.2,3,0,0
9745,0.2,3,0,0
9746,0.2,3,0,0
9747,0.2,3,0,0
9748,2.2,0,1,1
9749,1.0,0,1,1
9750,0.2,3,0,0
9751,0.2,3,0,0
9752,1.0,0,0,1
9753,0.2,3,0,0
9754,1.0,0,1,0
9755,0.2,3,0,0
9756,1.0,0,1,1
9757,0.2,3,0,0
9758,0.2,3,0,0
9759,0.2,3,0,0
9760,1.0,0,1,1
9761,1.0,0,1,1
9762,1.0,0,1,1
9763,0.2,3,0,0
9764,1.0,0,1,1
9765,1.0,0,0,1
9766,0.2,3,0,0
9767,0.2,3,0,0
9768,0.2,3,0,0
9769,0.2,3,0,0
9770,1.0,1,0,0
9771,1.0,0,1,1
9772,0.2,3,0,0
9773,1.0,0,1,1
9774,0.2,3,0,0
9775,0.2,3,0,0
9776,0.2,3,0,0
9777,0.2,3,0,0
9778,0.2,3,0,0
9779,0.2,3,0,0
9780,1.0,0,1,1
9781,0.2,3,0,0
9782,1.0,0,1,1
9783,0.2,3,0,0
9784,0.2,3,0,0
9785,1.0,0,1,1
9786,0.2,3,0,0
9787,1.0,0,1,1
9788,1.0,0,1,1
9789,0.2,3,0,0
9790,0.2,3,0,0
9791,1.0,0,1,1
9792,1.0,0,1,1
9793,1.0,0,0,1
9794,1.0,0,1,1
9795,1.0,0,1,1
9796,2.2,0,1,1
9797,1.0,0,1,1
9798,1.0,0,1,1
9799,0.2,3,0,0
9800,0.2,3,0,0
9801,0.2,3,0,0
9802,1.0,0,1,1
9803,0.2,3,0,0
9804,0.2,3,0,0
9805,1.0,0,1,0
9806,0.2,3,0,0
9807,1.0,0,1,1
9808,0.2,3,0,0
9809,1.0,0,0,1
9810,0.2,3,0,0
9811,0.2,3,0,0
9812,0.2,3,0,0
9813,1.0,0,1,1
9814,2.2,0,1,1
9815,0.2,3,0,0
9816,1.0,0,1,1
9817,1.0,0,1,1
9818,1.0,0,1,1
9819,0.2,3,0,0
9820,1.0,0,1,1
9821,2.2,0,1,1
9822,0.2,3,0,0
9823,1.0,0,1,1
9824,0.2,3,0,0
9825,0.2,3,0,0
9826,0.2,3,0,0
9827,1.0,0,1,0
9828,0.2,3,0,0
9829,1.0,0,1,1
9830,1.0,0,1,1
9831,1.0,0,0,1
9832,0.2,3,0,0
9833,0.2,3,0,0
9834,0.2,3,0,0
9835,1.0,0,1,1
9836,2.2,0,1,1
9837,1.0,0,1,1
9838,0.2,3,0,0
9839,1.0,0,1,1
9840,1.0,0,1,1
9841,0.2,3,0,0
9842,0.2,3,0,0
9843,0.2,3,0,0
9844,0.2,3,0,0
9845,2.2,0,0,1
9846,2.2,0,1,1
9847,2.2,0,1,1
9848,2.2,0,1,1
9849,2.2,0,1,1
9850,1.0,0,1,1
9851,0.2,3,0,0
9852,1.0,0,1,1
9853,0.2,3,0,0
9854,0.2,3,0,0
9855,1.0,0,1,1
9856,1.0,0,1,1
9857,2.2,0,1,1
9858,1.0,0,1,1
9859,1.0,0,1,1
9860,1.0,0,1,1
9861,0.2,3,0,0
9862,1.0,0,1,1
9863,0.2,3,0,0
9864,2.2,0,1,1
9865,0.2,3,0,0
9866,0.2,3,0,0
9867,1.0,0,0,1
9868,1.0,0,1,1
9869,0.2,3,0,0
9870,2.2,0,0,1
9871,3.4000000000000004,1,1,0
9872,0.2,3,0,0
9873,1.0,0,1,1
9874,1.0,0,1,1
9875,0.2,3,0,0
9876,1.0,0,1,1
9877,0.2,3,0,0
9878,0.2,3,0,0
9879,0.2,3,0,0
9880,1.0,0,0,1
9881,2.2,0,1,1
9882,3.4000000000000004,1,1,0
9883,1.0,0,0,1
9884,0.2,3,0,0
9885,0.2,3,0,0
9886,1.0,0,1,1
9887,0.2,3,0,0
9888,0.2,3,0,0
9889,1.0,0,1,1
9890,0.2,3,0,0
9891,1.0,0,1,1
9892,0.2,3,0,0
9893,1.0,0,0,1
9894,1.0,0,1,1
9895,0.2,3,0,0
9896,1.0,0,1,1
9897,0.2,3,0,0
9898,0.2,3,0,0
9899,2.2,0,1,1
9900,1.0,0,1,1
9901,1.0,0,0,1
9902,0.2,3,0,1
9903,1.0,0,1,1
9904,2.2,0,1,1
9905,2.2,0,1,1
9906,1.0,0,1,1
9907,1.0,0,1,1
9908,2.2,0,1,1
9909,0.2,3,0,0
9910,0.2,3,0,0
9911,0.2,3,0,0
9912,1.0,0,1,1
9913,0.2,3,0,0
9914,1.0,0,1,1
9915,1.0,0,1,1
9916,1.0,0,1,1
9917,1.0,0,1,1
9918,0.2,3,0,0
9919,1.0,0,1,0
9920,1.0,0,1,1
9921,0.2,3,0,0
9922,0.2,3,0,0
9923,1.0,0,0,1
9924,0.2,3,0,0
9925,1.0,0,1,1
9926,2.2,0,1,1
9927,2.2,0,1,1
9928,0.2,3,0,0
9929,0.2,3,0,0
9930,1.0,0,1,1
9931,0.2,3,0,0
9932,1.0,0,1,0
9933,1.0,0,0,1
9934,0.2,3,0,0
9935,0.2,3,0,0
9936,1.0,0,1,1
9937,1.0,0,1,1
9938,0.2,3,0,0
9939,1.0,0,1,1
9940,0.2,3,0,0
9941,0.2,3,0,0
9942,2.2,0,1,1
9943,1.0,0,1,1
9944,0.2,3,0,0
9945,1.0,0,1,1
9946,1.0,0,1,1
9947,0.2,3,0,0
9948,1.0,0,1,1
9949,0.2,3,0,0
9950,0.2,3,0,0
9951,1.0,0,1,1
9952,1.0,0,1,1
9953,0.2,3,0,0
9954,2.2,0,1,1
9955,0.2,3,0,0
9956,0.2,3,0,0
9957,0.2,3,0,0
9958,0.2,3,0,0
9959,1.0,0,0,1
9960,1.0,0,1,1
9961,0.2,3,0,0
9962,1.0,0,1,1
9963,0.2,3,0,0
9964,1.0,0,1,1
9965,1.0,0,1,0
9966,1.0,0,1,0
9967,1.0,0,1,0
9968,1.0,0,1,1
9969,0.2,3,0,0
9970,1.0,0,1,1
9971,1.0,0,1,1
9972,0.2,3,0,0
9973,1.0,0,1,1
9974,0.2,3,0,0
9975,0.2,3,0,0
9976,1.0,0,1,1
9977,1.0,0,1,1
9978,0.2,3,0,0
9979,0.2,3,0,0
9980,2.2,0,1,1
9981,1.0,0,1,1
9982,0.2,3,0,0
9983,1.0,0,1,1
9984,2.2,0,1,1
9985,1.0,0,1,1
9986,1.0,0,1,1
9987,0.2,3,0,0
9988,2.2,0,1,1
9989,1.0,0,1,1
9990,1.0,0,1,1
9991,2.2,0,1,1
9992,2.2,0,1,1
9993,0.2,3,0,1
9994,1.0,0,0,1
9995,1.0,0,1,0
9996,1.0,0,1,1
9997,0.2,3,0,0
9998,0.2,3,0,0
9999,1.0,0,1,1
10000,1.0,0,1,1
10001,0.2,3,0,0
10002,1.0,0,1,1
10003,1.0,0,1,1
10004,1.0,0,1,1
10005,1.0,0,1,0
10006,2.2,0,1,1
10007,0.2,3,0,0
10008,0.2,3,0,0
10009,1.0,0,0,1
10010,1.0,0,1,1
10011,0.2,3,0,0
10012,1.0,0,0,1
10013,1.0,0,1,1
10014,1.0,0,1,0
10015,0.2,3,0,0
10016,3.4000000000000004,1,1,0
10017,0.2,3,0,0
10018,0.2,3,0,0
10019,1.0,0,1,1
10020,1.0,0,1,1
10021,1.0,0,1,1
10022,0.2,3,0,0
10023,1.0,0,1,1
10024,1.0,0,0,1
10025,0.2,3,0,0
10026,0.2,3,0,0
10027,1.0,0,1,1
10028,1.0,0,1,1
10029,1.0,0,1,1
10030,0.2,3,0,0
10031,1.0,0,1,1
10032,2.2,0,1,1
10033,2.2,0,1,1
10034,1.0,0,1,1
10035,0.2,3,0,0
10036,1.0,0,1,1
10037,1.0,0,1,1
10038,0.2,3,0,0
10039,1.0,0,1,1
10040,1.0,0,1,1
10041,1.0,0,1,1
10042,1.0,0,1,1
10043,1.0,0,1,1
10044,0.2,3,0,0
10045,1.0,0,1,1
10046,0.2,3,0,0
10047,0.2,3,0,0
10048,1.0,0,1,1
10049,1.0,0,1,1
10050,1.0,0,1,0
10051,1.0,0,1,1
10052,1.0,0,1,1
10053,0.2,3,0,0
10054,2.2,0,1,1
10055,0.2,3,0,0
10056,0.2,3,0,0
10057,0.2,3,0,0
10058,0.2,3,0,0
10059,1.0,0,1,1
10060,1.0,0,1,1
10061,2.2,0,1,1
10062,0.2,3,0,0
10063,1.0,0,1,1
10064,1.0,0,1,1
10065,0.2,3,0,0
10066,1.0,0,0,0
10067,2.2,0,1,1
10068,0.2,3,0,0
10069,0.2,3,0,0
10070,1.0,0,0,1
10071,1.0,0,1,1
10072,0.2,3,0,0
10073,0.2,3,0,0
10074,0.2,3,0,1
10075,0.2,3,0,0
10076,0.2,3,0,0
10077,0.2,3,0,0
10078,1.0,0,1,1
10079,1.0,0,1,1
10080,0.2,3,0,0
10081,1.0,0,0,1
10082,1.0,3,0,0
10083,1.0,0,1,0
10084,1.0,0,1,0
10085,1.0,0,1,1
10086,1.0,0,1,1
10087,1.0,0,1,1
10088,1.0,0,1,1
10089,0.2,3,0,0
10090,2.2,0,1,1
10091,0.2,3,0,0
10092,1.0,0,1,1
10093,0.2,3,0,0
10094,1.0,0,1,1
10095,0.2,3,0,0
10096,0.2,3,0,0
10097,1.0,0,1,1
10098,2.2,0,0,1
10099,1.0,0,0,0
10100,1.0,0,1,0
10101,0.2,3,0,0
10102,0.2,3,0,0
10103,0.2,3,0,0
10104,1.0,0,1,1
10105,1.0,0,1,1
10106,1.0,0,1,1
10107,0.2,3,0,0
10108,0.2,3,0,0
10109,1.0,0,1,1
10110,0.2,3,0,0
10111,0.2,3,0,0
10112,0.2,3,0,0
10113,1.0,0,1,1
10114,2.2,0,1,1
10115,1.0,0,1,1
10116,2.2,0,1,1
10117,0.2,3,0,0
10118,1.0,0,0,1
10119,0.2,3,0,0
10120,1.0,0,1,1
10121,0.2,3,0,0
10122,1.0,0,1,1
10123,0.2,3,0,0
10124,3.0,0,1,1
10125,2.2,0,1,1
10126,3.0,0,1,1
10127,0.2,3,0,0
10128,0.2,3,0,0
10129,1.0,0,1,1
10130,1.0,0,1,0
10131,1.0,0,1,0
10132,1.0,0,1,1
10133,0.2,3,0,0
10134,0.2,3,0,0
10135,1.0,0,1,1
10136,2.2,0,1,1
10137,0.2,3,0,0
10138,1.0,0,1,1
10139,0.2,3,0,0
10140,0.2,3,0,0
10141,0.2,3,0,0
10142,1.0,0,1,0
10143,2.2,0,1,1
10144,1.0,0,1,1
10145,0.2,3,0,0
10146,0.2,3,0,0
10147,0.2,3,0,0
10148,0.2,3,0,0
10149,0.2,3,0,0
10150,0.2,3,0,0
10151,1.0,0,0,1
10152,2.2,0,1,1
10153,1.0,0,0,0
10154,0.2,3,0,0
10155,0.2,3,0,0
10156,1.0,0,1,0
10157,1.0,0,1,1
10158,0.2,3,0,0
10159,0.2,3,0,0
10160,0.2,3,0,0
10161,0.2,3,0,0
10162,1.0,0,1,1
10163,2.2,0,1,1
10164,1.0,0,1,1
10165,1.0,0,1,1
10166,1.0,0,1,1
10167,0.2,3,0,0
10168,0.2,3,0,0
10169,2.2,0,1,1
10170,1.0,0,1,1
10171,0.2,3,0,0
10172,1.0,0,1,1
10173,2.2,0,1,1
10174,0.2,3,0,0
10175,2.2,0,1,1
10176,1.0,0,1,1
10177,0.2,3,0,0
10178,1.0,0,1,1
10179,1.0,0,1,1
10180,1.0,0,1,0
10181,3.0,0,1,1
10182,0.2,3,0,0
10183,1.0,0,1,0
10184,1.0,0,1,1
10185,2.2,0,1,1
10186,1.0,0,1,1
10187,1.0,0,1,0
10188,0.2,3,0,0
10189,0.2,3,0,0
10190,1.0,0,0,1
10191,1.0,0,0,1
10192,1.0,0,1,1
10193,0.2,3,0,0
10194,0.2,3,0,0
10195,1.0,0,1,1
10196,1.0,0,1,1
10197,0.2,3,0,0
10198,2.2,0,1,1
10199,1.0,0,1,1
10200,1.0,0,1,1
10201,1.0,0,0,1
10202,3.4000000000000004,1,1,0
10203,1.0,0,1,1
10204,0.2,3,0,0
10205,1.0,0,1,1
10206,2.2,0,1,1
10207,0.2,3,0,0
10208,2.2,0,1,1
10209,1.0,0,1,1
10210,1.0,0,1,1
10211,0.2,3,0,0
10212,1.0,0,1,1
10213,1.0,0,1,1
10214,0.2,3,0,0
10215,1.0,0,1,1
10216,1.0,0,1,1
10217,1.0,0,1,1
10218,1.0,0,1,1
10219,2.2,0,1,1
10220,1.0,0,1,1
10221,0.2,3,0,0
10222,1.0,0,0,1
10223,1.0,3,0,0
10224,1.0,0,1,1
10225,1.0,0,0,1
10226,0.2,3,0,0
10227,1.0,0,1,1
10228,1.0,0,1,1
10229,0.2,3,0,0
10230,1.0,3,0,0
10231,0.2,3,0,0
10232,1.0,0,1,1
10233,1.0,0,0,1
10234,0.2,3,0,0
10235,1.0,0,0,1
10236,1.0,0,1,1
10237,1.0,0,0,1
10238,0.2,3,0,0
10239,1.0,0,1,1
10240,0.2,3,0,0
10241,0.2,3,0,0
10242,1.0,0,1,1
10243,1.0,0,1,1
10244,0.2,3,0,0
10245,1.0,0,1,1
10246,0.2,3,0,0
10247,0.2,3,0,0
10248,1.0,0,1,1
10249,0.2,3,0,0
10250,3.0,3,0,0
10251,1.0,0,0,1
10252,0.2,3,0,0
10253,1.0,0,1,1
10254,1.0,3,0,0
10255,2.2,0,1,1
10256,1.0,0,1,1
10257,0.2,3,0,0
10258,0.2,3,0,0
10259,0.2,3,0,0
10260,1.0,0,1,1
10261,2.2,0,1,1
10262,1.0,0,1,1
10263,0.2,3,0,0
10264,0.2,3,0,0
10265,1.0,0,1,0
10266,0.2,3,0,0
10267,1.0,0,1,1
10268,0.2,3,0,0
10269,2.2,0,1,1
10270,0.2,3,0,0
10271,1.0,1,0,0
10272,1.0,0,1,1
10273,1.0,0,1,1
10274,0.2,3,0,1
10275,2.2,0,1,1
10276,0.2,3,0,0
10277,1.0,0,1,1
10278,2.2,0,1,1
10279,0.2,3,0,0
10280,1.0,0,1,1
10281,1.0,0,1,1
10282,0.2,3,0,0
10283,2.2,0,1,1
10284,1.0,0,1,1
10285,1.0,0,0,0
10286,2.2,0,1,1
10287,1.0,0,1,1
10288,1.0,0,1,1
10289,1.0,0,1,1
10290,1.0,0,1,0
10291,2.2,0,1,1
10292,0.2,3,0,0
10293,0.2,3,0,0
10294,0.2,3,0,0
10295,0.2,3,0,0
10296,1.0,0,0,1
10297,1.0,0,1,0
10298,0.2,3,0,0
10299,1.0,0,1,1
10300,1.0,0,1,1
10301,1.0,0,1,1
10302,0.2,3,0,0
10303,0.2,3,0,0
10304,0.2,3,0,0
10305,0.2,3,0,1
10306,1.0,0,1,1
10307,1.0,0,0,0
10308,1.0,0,1,1
10309,0.2,3,0,0
10310,0.2,3,0,0
10311,1.0,0,1,1
10312,0.2,3,0,0
10313,0.2,3,0,0
10314,2.2,0,1,1
10315,1.0,0,0,0
10316,1.0,0,1,1
10317,1.0,0,1,1
10318,1.0,0,1,1
10319,2.2,0,1,1
10320,1.0,0,1,1
10321,2.2,0,1,1
10322,0.2,3,0,0
10323,0.2,3,0,0
10324,1.0,0,0,1
10325,0.2,3,0,0
10326,1.0,0,1,1
10327,0.2,3,0,0
10328,0.2,3,0,0
10329,0.2,3,0,0
10330,2.2,0,1,1
10331,1.0,0,1,0
10332,0.2,3,0,0
10333,0.2,3,0,0
10334,0.2,3,0,0
10335,2.2,0,1,1
10336,1.0,0,1,1
10337,1.0,0,1,1
10338,1.0,0,1,1
10339,2.2,0,1,1
10340,1.0,0,1,1
10341,1.0,3,0,0
10342,1.0,0,1,1
10343,1.0,0,1,1
10344,0.2,3,0,0
10345,0.2,3,0,0
10346,2.2,0,1,1
10347,1.0,0,1,1
10348,1.0,0,1,1
10349,0.2,3,0,0
10350,0.2,3,0,0
10351,0.2,3,0,0
10352,0.2,3,0,0
10353,1.0,0,1,1
10354,1.0,0,1,1
10355,1.0,0,0,1
10356,2.2,0,1,1
10357,2.2,0,1,1
10358,0.2,3,0,0
10359,2.2,0,1,1
10360,0.2,3,0,0
10361,2.2,0,1,1
10362,1.0,0,1,0
10363,0.2,3,0,0
10364,1.0,0,0,0
10365,1.0,0,1,1
10366,0.2,3,0,1
10367,1.0,0,1,0
10368,0.2,3,0,0
10369,0.2,3,0,0
10370,2.2,0,1,1
10371,0.2,3,0,0
10372,0.2,3,0,0
10373,3.4000000000000004,1,1,0
10374,1.0,0,1,1
10375,1.0,0,1,0
10376,1.0,0,1,0
10377,1.0,0,1,1
10378,0.2,3,0,0
10379,0.2,3,0,0
10380,1.0,0,1,1
10381,1.0,0,0,1
10382,0.2,3,0,0
10383,1.0,0,1,1
10384,0.2,3,0,0
10385,1.0,0,1,1
10386,2.2,0,1,1
10387,0.2,3,0,0
10388,0.2,3,0,0
10389,0.2,3,0,0
10390,0.2,3,0,0
10391,1.0,0,1,1
10392,1.0,0,1,1
10393,0.2,3,0,0
10394,0.2,3,0,0
10395,0.2,3,0,0
10396,1.0,0,1,0
10397,1.0,0,1,1
10398,0.2,3,0,0
10399,2.2,0,1,1
10400,1.0,0,1,1
10401,2.2,0,1,1
10402,1.0,0,1,1
10403,0.2,3,0,0
10404,1.0,0,1,1
10405,1.0,0,1,1
10406,1.0,0,1,1
10407,1.0,0,1,0
10408,2.2,0,1,1
10409,1.0,0,1,1
10410,1.0,0,1,1
10411,1.0,0,1,1
10412,0.2,3,0,0
10413,0.2,3,0,0
10414,0.2,3,0,0
10415,3.0,0,1,1
10416,1.0,0,1,1
10417,0.2,3,0,0
10418,1.0,0,1,1
10419,1.0,0,1,0
10420,1.0,0,1,0
10421,0.2,3,0,0
10422,0.2,3,0,0
10423,0.2,3,0,0
10424,3.0,0,1,1
10425,0.2,3,0,0
10426,0.2,3,0,0
10427,1.0,0,0,1
10428,1.0,0,0,1
10429,1.0,0,1,1
10430,1.0,0,1,1
10431,1.0,0,1,0
10432,0.2,3,0,0
10433,0.2,3,0,0
10434,1.0,0,1,1
10435,0.2,3,0,0
10436,2.2,0,1,1
10437,1.0,0,1,1
10438,1.0,0,1,1
10439,0.2,3,0,0
10440,2.2,0,1,1
10441,1.0,0,1,1
10442,0.2,3,0,0
10443,1.0,0,0,0
10444,1.0,0,1,1
10445,1.0,0,1,1
10446,0.2,3,0,0
10447,1.0,0,0,1
10448,1.0,0,1,1
10449,1.0,0,1,1
10450,0.2,3,0,0
10451,1.0,0,1,1
10452,1.0,0,1,0
10453,0.2,3,0,0
10454,1.0,0,1,1
10455,0.2,3,0,0
10456,1.0,0,1,1
10457,2.2,0,1,1
10458,0.2,3,0,0
10459,0.2,3,0,0
10460,0.2,3,0,0
10461,0.2,3,0,0
10462,1.0,0,0,0
10463,1.0,0,0,0
10464,0.2,3,0,0
10465,2.2,0,1,1
10466,0.2,3,0,0
10467,2.2,0,1,1
10468,2.2,0,1,1
10469,1.0,0,1,1
10470,1.0,0,1,1
10471,0.2,3,0,0
10472,1.0,0,1,1
10473,0.2,3,0,0
10474,0.2,3,0,0
10475,1.0,0,1,1
10476,1.0,0,1,1
10477,1.0,0,1,1
10478,0.2,3,0,0
10479,1.0,0,0,1
10480,1.0,0,0,0
10481,2.2,0,1,1
10482,0.2,3,0,0
10483,1.0,0,1,1
10484,1.0,0,0,1
10485,1.0,0,1,1
10486,0.2,3,0,0
10487,2.2,0,1,1
10488,1.0,0,1,1
10489,1.0,0,1,1
10490,1.0,0,0,0
10491,1.0,0,0,1
10492,0.2,3,0,0
10493,0.2,3,0,0
10494,0.2,3,0,0
10495,1.0,0,1,1
10496,1.0,0,1,1
10497,2.2,0,1,1
10498,1.0,0,1,1
10499,1.0,0,1,1
10500,1.0,0,1,1
10501,1.0,0,1,1
10502,2.2,0,1,1
10503,1.0,0,1,1
10504,1.0,0,1,1
10505,0.2,3,0,0
10506,0.2,3,0,0
10507,1.0,0,0,1
10508,0.2,3,0,0
10509,0.2,3,0,0
10510,0.2,3,0,0
10511,0.2,3,0,0
10512,1.0,0,1,1
10513,2.2,0,0,1
10514,1.0,0,1,1
10515,0.2,3,0,0
10516,1.0,0,1,1
10517,0.2,3,0,0
10518,1.0,0,1,0
10519,1.0,0,1,1
10520,1.0,0,0,1
10521,1.0,0,0,0
10522,1.0,0,1,1
10523,0.2,3,0,1
10524,2.2,0,0,1
10525,0.2,3,0,0
10526,1.0,0,1,0
10527,1.0,3,0,0
10528,0.2,3,0,0
10529,1.0,0,1,0
10530,1.0,0,1,1
10531,1.0,0,0,0
10532,2.2,0,1,1
10533,1.0,3,0,0
10534,0.2,3,0,0
10535,1.0,0,1,1
10536,0.2,3,0,0
10537,1.0,0,0,1
10538,0.2,3,0,0
10539,0.2,3,0,0
10540,1.0,0,1,1
10541,1.0,0,1,1
10542,1.0,0,1,1
10543,2.2,0,1,1
10544,2.2,0,1,1
10545,0.2,3,0,0
10546,1.0,0,1,1
10547,0.2,3,0,0
10548,1.0,0,1,1
10549,1.0,0,0,1
10550,1.0,0,1,1
10551,0.2,3,0,0
10552,0.2,3,0,0
10553,1.0,0,1,0
10554,0.2,3,0,0
10555,0.2,3,0,0
10556,0.2,3,0,0
10557,2.2,3,0,1
10558,0.2,3,0,0
10559,0.2,3,0,0
10560,1.0,0,1,1
10561,0.2,3,0,0
10562,1.0,0,1,1
10563,1.0,0,1,0
10564,1.0,0,1,0
10565,0.2,3,0,0
10566,1.0,0,1,1
10567,0.2,3,0,0
10568,0.2,3,0,0
10569,1.0,0,1,1
10570,1.0,0,1,1
10571,1.0,0,1,1
10572,1.0,0,1,1
10573,1.0,0,1,1
10574,3.0,0,1,1
10575,1.0,0,1,1
10576,1.0,0,1,0
10577,1.0,0,1,1
10578,1.0,0,1,1
10579,2.2,0,1,1
10580,1.0,0,1,1
10581,0.2,3,0,0
10582,2.2,0,1,1
10583,0.2,3,0,0
10584,0.2,3,0,0
10585,0.2,3,0,0
10586,1.0,0,0,1
10587,1.0,0,1,1
10588,0.2,3,0,0
10589,1.0,0,1,1
10590,0.2,3,0,0
10591,0.2,3,0,0
10592,0.2,3,0,0
10593,1.0,0,1,1
10594,1.0,0,0,0
10595,1.0,0,1,1
10596,1.0,0,1,1
10597,0.2,3,0,0
10598,1.0,0,1,0
10599,1.0,0,1,1
10600,0.2,3,0,1
10601,1.0,0,1,1
10602,1.0,0,1,0
10603,0.2,3,0,0
10604,1.0,0,1,1
10605,1.0,0,1,1
10606,0.2,3,0,0
10607,0.2,3,0,0
10608,1.0,0,1,1
10609,0.2,3,0,0
10610,1.0,0,1,1
10611,2.2,0,1,1
10612,1.0,0,1,0
10613,0.2,3,0,0
10614,1.0,0,1,1
10615,0.2,3,0,0
10616,1.0,0,1,1
10617,1.0,0,0,0
10618,0.2,3,0,0
10619,1.0,0,0,1
10620,0.2,3,0,0
10621,0.2,3,0,0
10622,1.0,0,0,1
10623,0.2,3,0,0
10624,1.0,0,1,1
10625,0.2,3,0,0
10626,0.2,3,0,0
10627,1.0,0,1,1
10628,0.2,3,0,0
10629,1.0,0,1,1
10630,0.2,0,0,1
10631,1.0,0,1,1
10632,1.0,0,0,1
10633,1.0,0,1,1
10634,0.2,3,0,0
10635,0.2,3,0,0
10636,0.2,3,0,1
10637,1.0,0,1,1
10638,1.0,0,1,1
10639,1.0,0,0,0
10640,0.2,3,0,0
10641,0.2,3,0,0
10642,1.0,0,0,1
10643,0.2,3,0,0
10644,1.0,0,1,1
10645,1.0,0,0,1
10646,1.0,0,1,1
10647,1.0,0,1,1
10648,1.0,0,1,1
10649,1.0,0,1,1
10650,2.2,0,1,1
10651,1.0,0,1,1
10652,0.2,3,0,0
10653,0.2,3,0,0
10654,2.2,0,1,1
10655,1.0,0,1,1
10656,1.0,0,1,1
10657,0.2,3,0,0
10658,0.2,3,0,0
10659,1.0,0,1,1
10660,0.2,3,0,0
10661,1.0,0,1,1
10662,1.0,0,1,0
10663,0.2,3,0,0
10664,1.0,0,1,1
10665,1.0,0,1,1
10666,0.2,3,0,0
10667,0.2,3,0,0
10668,1.0,0,1,0
10669,0.2,3,0,0
10670,2.2,0,1,1
10671,0.2,3,0,0
10672,0.2,3,0,0
10673,2.2,0,0,1
10674,0.2,3,0,0
10675,0.2,3,0,0
10676,1.0,0,1,1
10677,0.2,3,0,0
10678,1.0,0,1,1
10679,1.0,0,1,1
10680,1.0,0,1,1
10681,1.0,0,1,1
10682,2.2,0,1,1
10683,1.0,0,1,1
10684,0.2,3,0,0
10685,2.2,0,1,1
10686,1.0,0,1,1
10687,1.0,0,1,0
10688,2.2,0,1,1
10689,1.0,0,1,0
10690,0.2,3,0,0
10691,1.0,0,1,1
10692,1.0,0,1,1
10693,2.2,0,1,1
10694,0.2,3,0,0
10695,1.0,3,0,0
10696,0.2,3,0,0
10697,0.2,3,0,0
10698,1.0,0,1,1
10699,0.2,3,0,0
10700,0.2,3,0,0
10701,1.0,0,1,1
10702,1.0,0,1,0
10703,0.2,3,0,0
10704,1.0,0,0,0
10705,0.2,3,0,0
10706,1.0,0,1,1
10707,2.2,3,0,1
10708,0.2,3,0,0
10709,1.0,0,1,1
10710,1.0,0,1,1
10711,1.0,0,0,0
10712,0.2,3,0,0
10713,0.2,3,0,0
10714,0.2,3,0,0
10715,2.2,0,1,1
10716,1.0,0,0,1
10717,0.2,3,0,0
10718,1.0,0,1,1
10719,0.2,3,0,0
10720,2.2,0,1,1
10721,1.0,0,0,0
10722,1.0,0,1,1
10723,0.2,3,0,1
10724,0.2,3,0,0
10725,0.2,3,0,0
10726,0.2,3,0,0
10727,2.2,0,1,1
10728,0.2,3,0,1
10729,0.2,3,0,0
10730,2.2,0,1,1
10731,0.2,3,0,0
10732,2.2,0,1,1
10733,1.0,0,1,0
10734,1.0,0,1,1
10735,1.0,0,1,1
10736,0.2,3,0,0
10737,0.2,3,0,0
10738,2.2,0,1,1
10739,0.2,3,0,0
10740,0.2,3,0,0
10741,0.2,3,0,0
10742,1.0,0,1,1
10743,0.2,3,0,0
10744,1.0,0,1,1
10745,1.0,0,1,1
10746,0.2,3,0,0
10747,0.2,3,0,1
10748,1.0,0,1,1
10749,1.0,0,1,1
10750,0.2,3,0,0
10751,0.2,3,0,0
10752,0.2,3,0,0
10753,0.2,3,0,0
10754,1.0,0,0,0
10755,1.0,0,0,1
10756,1.0,0,1,1
10757,0.2,3,0,0
10758,0.2,3,0,0
10759,1.0,0,1,1
10760,0.2,3,0,0
10761,0.2,3,0,0
10762,0.2,3,0,0
10763,1.0,0,1,0
10764,0.2,3,0,0
10765,1.0,0,0,1
10766,1.0,0,1,1
10767,1.0,3,0,0
10768,0.2,3,0,0
10769,0.2,3,0,0
10770,0.2,3,0,0
10771,1.0,0,1,1
10772,1.0,0,1,1
10773,0.2,3,0,0
10774,0.2,3,0,0
10775,1.0,0,1,1
10776,1.0,0,1,1
10777,0.2,3,0,0
10778,2.2,0,1,1
10779,0.2,3,0,0
10780,1.0,0,1,1
10781,1.0,0,1,0
10782,2.2,0,1,1
10783,1.0,0,0,1
10784,1.0,0,0,1
10785,2.2,0,1,1
10786,2.2,0,1,1
10787,0.2,3,0,0
10788,0.2,3,0,0
10789,0.2,3,0,0
10790,1.0,0,1,0
10791,1.0,0,1,1
10792,2.2,0,1,1
10793,1.0,0,1,1
10794,0.2,3,0,0
10795,0.2,3,0,0
10796,0.2,3,0,0
10797,2.2,0,1,1
10798,0.2,3,0,0
10799,1.0,0,1,1
10800,0.2,3,0,0
10801,2.2,0,1,1
10802,0.2,3,0,0
10803,1.0,0,1,1
10804,0.2,3,0,0
10805,1.0,0,1,1
10806,0.2,3,0,0
10807,1.0,0,1,1
10808,0.2,3,0,0
10809,0.2,3,0,0
10810,0.2,3,0,0
10811,2.2,0,1,1
10812,1.0,0,0,1
10813,0.2,3,0,0
10814,0.2,3,0,0
10815,1.0,0,1,1
10816,1.0,0,1,1
10817,0.2,3,0,0
10818,0.2,3,0,1
10819,1.0,0,1,1
10820,1.0,0,1,1
10821,0.2,3,0,0
10822,0.2,3,0,0
10823,0.2,3,0,0
10824,0.2,3,0,0
10825,1.0,0,1,1
10826,0.2,3,0,0
10827,1.0,0,1,1
10828,0.2,3,0,0
10829,0.2,3,0,0
10830,1.0,0,1,1
10831,1.0,0,1,1
10832,1.0,0,1,1
10833,0.2,3,0,0
10834,2.2,0,1,1
10835,0.2,3,0,1
10836,1.0,0,1,1
10837,1.0,0,1,1
10838,1.0,0,1,1
10839,0.2,3,0,0
10840,2.2,0,0,1
10841,0.2,3,0,0
10842,0.2,3,0,0
10843,2.2,0,1,1
10844,1.0,0,1,1
10845,0.2,3,0,0
10846,2.2,0,1,1
10847,0.2,3,0,0
10848,0.2,3,0,0
10849,1.0,0,1,1
10850,1.0,0,1,1
10851,2.2,0,1,1
10852,1.0,0,1,1
10853,0.2,3,0,0
10854,1.0,0,1,1
10855,1.0,0,1,1
10856,1.0,0,0,0
10857,1.0,0,0,0
10858,1.0,0,1,1
10859,0.2,3,0,0
10860,1.0,0,0,1
10861,1.0,0,1,1
10862,1.0,0,0,1
10863,1.0,0,1,1
10864,1.0,0,1,1
10865,1.0,0,0,1
10866,3.0,3,0,1
10867,0.2,3,0,0
10868,1.0,0,0,1
10869,1.0,3,0,0
10870,0.2,3,0,0
10871,1.0,0,1,1
10872,1.0,0,1,1
10873,0.2,3,0,0
10874,0.2,3,0,0
10875,0.2,3,0,0
10876,1.0,0,1,1
10877,1.0,0,1,0
10878,1.0,1,0,0
10879,0.2,3,0,0
10880,0.2,3,0,0
10881,0.2,3,0,0
10882,1.0,0,0,1
10883,0.2,3,0,0
10884,1.0,0,1,1
10885,0.2,3,0,0
10886,1.0,0,1,1
10887,1.0,0,0,1
10888,0.2,3,0,0
10889,1.0,0,1,0
10890,1.0,0,1,1
10891,1.0,0,1,1
10892,1.0,0,1,1
10893,1.0,0,0,1
10894,1.0,0,1,1
10895,1.0,0,1,1
10896,1.0,0,1,1
10897,1.0,0,1,1
10898,1.0,0,1,1
10899,0.2,3,0,0
10900,2.2,0,1,1
10901,0.2,3,0,0
10902,1.0,0,1,1
10903,1.0,0,1,0
10904,0.2,3,0,0
10905,1.0,0,0,1
10906,0.2,3,0,0
10907,0.2,3,0,0
10908,0.2,3,0,0
10909,2.2,0,1,1
10910,1.0,0,1,1
10911,2.2,0,1,1
10912,0.2,3,0,0
10913,1.0,0,1,1
10914,2.2,0,1,1
10915,1.0,0,0,0
10916,1.0,0,0,1
10917,0.2,3,0,0
10918,1.0,0,1,0
10919,1.0,0,1,1
10920,1.0,0,1,1
10921,2.2,0,1,1
10922,1.0,0,1,1
10923,1.0,0,1,1
10924,0.2,3,0,0
10925,0.2,3,0,1
10926,0.2,3,0,0
10927,0.2,3,0,0
10928,2.2,0,1,1
10929,0.2,3,0,0
10930,2.2,0,1,1
10931,0.2,3,0,0
10932,0.2,3,0,0
10933,1.0,0,0,1
10934,0.2,3,0,0
10935,0.2,3,0,0
10936,0.2,3,0,0
10937,1.0,0,0,1
10938,0.2,3,0,0
10939,0.2,3,0,0
10940,1.0,0,1,1
10941,0.2,3,0,0
10942,0.2,3,0,0
10943,2.2,0,1,1
10944,1.0,0,1,1
10945,1.0,0,1,1
10946,1.0,0,1,1
10947,0.2,3,0,0
10948,1.0,0,1,1
10949,1.0,0,1,1
10950,1.0,0,1,1
10951,0.2,3,0,0
10952,0.2,3,0,0
10953,0.2,3,0,1
10954,1.0,0,0,1
10955,0.2,3,0,0
10956,0.2,3,0,0
10957,2.2,0,1,1
10958,1.0,0,0,1
10959,1.0,0,1,1
10960,0.2,3,0,0
10961,1.0,0,1,1
10962,0.2,3,0,0
10963,2.2,0,1,1
10964,1.0,0,1,1
10965,1.0,0,1,1
10966,1.0,0,1,1
10967,1.0,0,0,0
10968,1.0,0,1,1
10969,0.2,3,0,0
10970,1.0,0,1,1
10971,1.0,0,1,1
10972,0.2,3,0,0
10973,1.0,0,1,1
10974,0.2,3,0,0
10975,1.0,0,1,1
10976,1.0,0,1,1
10977,1.0,0,1,0
10978,0.2,3,0,0
10979,1.0,0,1,1
10980,0.2,3,0,0
10981,1.0,0,1,1
10982,2.2,0,1,1
10983,1.0,0,1,1
10984,1.0,0,1,0
10985,1.0,0,1,1
10986,1.0,0,1,1
10987,1.0,0,1,1
10988,0.2,3,0,0
10989,0.2,3,0,0
10990,1.0,0,1,0
10991,1.0,0,1,0
10992,0.2,3,0,0
10993,1.0,0,1,1
10994,1.0,0,0,1
10995,0.2,3,0,0
10996,0.2,3,0,0
10997,1.0,0,0,1
10998,1.0,0,0,0
10999,0.2,3,0,0
11000,1.0,0,1,0
11001,1.0,0,1,1
11002,1.0,0,1,1
11003,1.0,0,1,1
11004,1.0,0,1,1
11005,0.2,3,0,0
11006,0.2,3,0,0
11007,1.0,0,1,1
11008,3.0,0,1,1
11009,1.0,0,1,1
11010,0.2,3,0,0
11011,1.0,0,1,0
11012,1.0,0,1,0
11013,1.0,0,1,0
11014,2.2,0,1,1
11015,1.0,0,1,0
11016,0.2,3,0,0
11017,1.0,0,1,1
11018,0.2,3,0,0
11019,1.0,0,1,1
11020,0.2,3,0,0
11021,0.2,3,0,0
11022,1.0,0,0,1
11023,0.2,3,0,1
11024,0.2,3,0,0
11025,0.2,3,0,0
11026,1.0,0,1,1
11027,2.2,0,1,1
11028,1.0,0,0,0
11029,0.2,3,0,0
11030,0.2,3,0,0
11031,1.0,0,1,1
11032,0.2,3,0,0
11033,1.0,0,1,1
11034,0.2,3,0,0
11035,1.0,0,1,1
11036,0.2,3,0,0
11037,1.0,0,1,1
11038,1.0,0,1,1
11039,1.0,0,1,1
11040,0.2,3,0,0
11041,0.2,3,0,0
11042,2.2,0,1,1
11043,1.0,0,1,1
11044,0.2,3,0,0
11045,2.2,0,1,1
11046,3.0,3,0,0
11047,1.0,0,1,1
11048,0.2,3,0,0
11049,1.0,0,1,1
11050,0.2,3,0,0
11051,0.2,3,0,0
11052,0.2,3,0,0
11053,1.0,0,1,1
11054,1.0,0,1,1
11055,0.2,3,0,0
11056,1.0,0,1,1
11057,0.2,3,0,0
11058,1.0,1,0,0
11059,0.2,3,0,0
11060,0.2,3,0,0
11061,1.0,0,1,1
11062,1.0,0,1,1
11063,1.0,0,1,1
11064,0.2,3,0,0
11065,0.2,3,0,0
11066,0.2,3,0,0
11067,1.0,0,0,1
11068,1.0,0,1,0
11069,0.2,3,0,0
11070,1.0,0,1,1
11071,2.2,0,1,1
11072,1.0,0,1,1
11073,1.0,0,1,1
11074,2.2,0,1,1
11075,0.2,3,0,0
11076,0.2,3,0,0
11077,1.0,0,1,1
11078,0.2,3,0,0
11079,0.2,3,0,0
11080,1.0,0,0,1
11081,0.2,3,0,0
11082,1.0,0,1,1
11083,1.0,3,0,0
11084,1.0,0,1,1
11085,0.2,3,0,0
11086,2.2,0,1,1
11087,0.2,3,0,0
11088,1.0,0,1,1
11089,1.0,0,1,1
11090,0.2,3,0,0
11091,1.0,0,1,0
11092,1.0,0,1,1
11093,3.0,0,1,1
11094,1.0,0,1,1
11095,0.2,3,0,0
11096,1.0,0,1,1
11097,1.0,0,1,1
11098,1.0,3,0,0
11099,1.0,0,1,1
11100,2.2,0,1,1
11101,1.0,0,1,0
11102,1.0,0,1,1
11103,2.2,0,1,1
11104,0.2,3,0,0
11105,0.2,3,0,0
11106,1.0,0,1,0
11107,0.2,3,0,0
11108,0.2,3,0,0
11109,1.0,0,0,1
11110,1.0,0,1,1
11111,0.2,3,0,0
11112,0.2,3,0,0
11113,0.2,3,0,0
11114,2.2,0,1,1
11115,0.2,3,0,0
11116,1.0,0,1,1
11117,1.0,0,1,1
11118,0.2,3,0,0
11119,0.2,3,0,0
11120,0.2,3,0,0
11121,1.0,0,0,1
11122,1.0,0,1,1
11123,0.2,3,0,0
11124,1.0,0,1,1
11125,1.0,0,1,1
11126,0.2,3,0,0
11127,0.2,3,0,0
11128,2.2,0,1,1
11129,0.2,3,0,0
11130,2.2,0,1,1
11131,2.2,0,1,1
11132,1.0,0,1,1
11133,0.2,3,0,0
11134,2.2,0,1,1
11135,0.2,3,0,0
11136,0.2,3,0,0
11137,1.0,0,1,1
11138,0.2,3,0,0
11139,0.2,3,0,0
11140,0.2,3,0,0
11141,1.0,0,1,1
11142,2.2,0,1,1
11143,0.2,3,0,0
11144,0.2,3,0,0
11145,0.2,3,0,0
11146,1.0,0,1,1
11147,0.2,3,0,0
11148,1.0,0,1,1
11149,0.2,3,0,0
11150,0.2,3,0,0
11151,0.2,3,0,0
11152,1.0,0,0,1
11153,2.2,0,1,1
11154,1.0,0,1,1
11155,0.2,3,0,0
11156,1.0,0,0,1
11157,0.2,3,0,0
11158,1.0,0,1,1
11159,0.2,3,0,0
11160,1.0,0,1,1
11161,0.2,3,0,0
11162,1.0,0,0,1
11163,1.0,0,1,1
11164,0.2,3,0,0
11165,0.2,3,0,0
11166,3.0,0,1,1
11167,0.2,3,0,0
11168,0.2,3,0,0
11169,1.0,0,1,1
11170,0.2,3,0,0
11171,0.2,3,0,0
11172,0.2,3,0,0
11173,1.0,0,0,1
11174,1.0,0,1,1
11175,1.0,0,1,1
11176,0.2,3,0,0
11177,2.2,0,1,1
11178,1.0,0,1,1
11179,0.2,3,0,0
11180,0.2,3,0,0
11181,0.2,3,0,0
11182,2.2,0,1,1
11183,0.2,3,0,0
11184,0.2,3,0,0
11185,0.2,3,0,0
11186,1.0,0,1,1
11187,1.0,0,1,1
11188,1.0,0,1,1
11189,1.0,0,0,1
11190,1.0,0,0,1
11191,0.2,3,0,0
11192,3.4000000000000004,1,1,0
11193,1.0,0,0,1
11194,1.0,0,1,1
11195,0.2,3,0,0
11196,2.2,0,1,1
11197,0.2,3,0,0
11198,0.2,3,0,0
11199,0.2,3,0,0
11200,0.2,3,0,0
11201,1.0,0,1,1
11202,0.2,3,0,0
11203,1.0,0,1,1
11204,2.2,0,1,1
11205,1.0,0,1,1
11206,0.2,3,0,0
11207,1.0,0,1,1
11208,0.2,3,0,0
11209,0.2,3,0,0
11210,1.0,0,1,1
11211,0.2,3,0,0
11212,1.0,0,1,1
11213,1.0,0,1,1
11214,1.0,0,1,0
11215,2.2,0,1,1
11216,2.2,0,1,1
11217,0.2,3,0,0
11218,1.0,0,1,1
11219,0.2,3,0,0
11220,0.2,3,0,0
11221,1.0,0,1,1
11222,0.2,3,0,0
11223,0.2,3,0,1
11224,0.2,3,0,0
11225,1.0,0,1,1
11226,2.2,0,1,1
11227,1.0,0,0,1
11228,2.2,0,1,1
11229,1.0,0,1,1
11230,0.2,3,0,0
11231,0.2,3,0,0
11232,1.0,0,1,1
11233,1.0,0,0,1
11234,1.0,0,1,1
11235,0.2,3,0,0
11236,1.0,0,1,1
11237,0.2,3,0,0
11238,0.2,3,0,0
11239,1.0,0,1,1
11240,0.2,3,0,0
11241,0.2,3,0,0
11242,1.0,0,1,1
11243,1.0,0,1,1
11244,1.0,0,1,1
11245,2.2,0,1,1
11246,1.0,0,1,1
11247,0.2,3,0,0
11248,2.2,0,1,1
11249,0.2,3,0,0
11250,0.2,3,0,0
11251,1.0,3,0,0
11252,0.2,3,0,0
11253,1.0,0,0,0
11254,1.0,0,1,1
11255,1.0,0,1,1
11256,0.2,3,0,0
11257,1.0,0,1,1
11258,2.2,0,1,1
11259,2.2,0,1,1
11260,2.2,0,1,1
11261,1.0,0,1,0
11262,1.0,0,1,1
11263,1.0,0,1,1
11264,1.0,0,1,1
11265,0.2,3,0,0
11266,1.0,0,1,0
11267,1.0,0,1,1
11268,1.0,0,1,1
11269,1.0,0,1,1
11270,1.0,0,1,1
11271,2.2,0,1,1
11272,1.0,0,0,1
11273,0.2,3,0,0
11274,0.2,3,0,0
11275,0.2,3,0,0
11276,1.0,0,1,0
11277,1.0,0,0,1
11278,1.0,3,0,0
11279,1.0,0,1,1
11280,0.2,3,0,0
11281,1.0,0,1,1
11282,1.0,0,1,1
11283,0.2,3,0,0
11284,1.0,0,1,1
11285,1.0,0,1,1
11286,0.2,3,0,0
11287,2.2,0,1,1
11288,0.2,3,0,0
11289,0.2,3,0,0
11290,1.0,0,1,1
11291,2.2,0,1,1
11292,1.0,0,1,1
11293,1.0,0,1,1
11294,1.0,0,1,1
11295,1.0,0,1,0
11296,0.2,3,0,0
11297,0.2,3,0,0
11298,1.0,0,0,1
11299,1.0,0,1,1
11300,0.2,3,0,0
11301,0.2,3,0,0
11302,1.0,0,1,1
11303,1.0,0,1,0
11304,0.2,3,0,1
11305,1.0,0,1,1
11306,1.0,0,1,1
11307,0.2,3,0,0
11308,1.0,0,1,0
11309,0.2,3,0,0
11310,3.0,0,1,1
11311,1.0,0,1,1
11312,1.0,0,1,0
11313,0.2,3,0,0
11314,1.0,0,1,1
11315,0.2,3,0,0
11316,1.0,0,1,1
11317,1.0,0,1,1
11318,1.0,0,1,1
11319,0.2,3,0,1
11320,0.2,3,0,0
11321,0.2,3,0,0
11322,0.2,3,0,0
11323,2.2,0,1,1
11324,1.0,0,1,1
11325,0.2,3,0,0
11326,0.2,3,0,0
11327,0.2,3,0,0
11328,1.0,0,1,1
11329,0.2,3,0,0
11330,1.0,0,1,1
11331,0.2,3,0,0
11332,0.2,3,0,0
11333,0.2,3,0,0
11334,1.0,0,1,1
11335,0.2,3,0,0
11336,2.2,0,1,1
11337,1.0,0,1,1
11338,0.2,3,0,0
11339,1.0,0,1,1
11340,1.0,0,1,1
11341,1.0,0,1,1
11342,1.0,0,1,1
11343,0.2,3,0,0
11344,0.2,3,0,0
11345,1.0,0,1,1
11346,0.2,3,0,0
11347,0.2,3,0,0
11348,1.0,0,0,1
11349,0.2,3,0,0
11350,1.0,0,1,0
11351,0.2,3,0,0
11352,0.2,3,0,0
11353,1.0,0,1,1
11354,0.2,3,0,0
11355,0.2,3,0,0
11356,0.2,3,0,0
11357,1.0,0,1,1
11358,1.0,0,1,1
11359,0.2,3,0,0
11360,1.0,0,1,1
11361,0.2,3,0,0
11362,2.2,0,1,1
11363,1.0,0,1,1
11364,1.0,0,1,0
11365,1.0,0,1,1
11366,0.2,3,0,0
11367,0.2,3,0,0
11368,0.2,3,0,0
11369,1.0,0,1,1
11370,0.2,3,0,0
11371,0.2,3,0,0
11372,1.0,0,0,1
11373,0.2,3,0,0
11374,2.2,0,1,1
11375,0.2,3,0,0
11376,1.0,3,0,0
11377,1.0,0,1,1
11378,1.0,0,1,1
11379,2.2,0,1,1
11380,1.0,0,1,1
11381,0.2,3,0,0
11382,1.0,0,1,1
11383,2.2,0,1,1
11384,0.2,3,0,0
11385,0.2,3,0,0
11386,1.0,0,1,1
11387,1.0,0,1,1
11388,0.2,3,0,0
11389,1.0,0,1,1
11390,1.0,0,0,1
11391,0.2,3,0,0
11392,0.2,3,0,1
11393,0.2,3,0,0
11394,1.0,0,1,1
11395,0.2,3,0,0
11396,1.0,0,0,1
11397,0.2,3,0,0
11398,1.0,0,1,0
11399,1.0,0,1,1
11400,0.2,3,0,0
11401,0.2,3,0,0
11402,2.2,0,1,1
11403,2.2,0,1,1
11404,1.0,3,0,0
11405,0.2,3,0,0
11406,1.0,0,0,0
11407,0.2,3,0,0
11408,1.0,0,0,1
11409,1.0,0,1,1
11410,1.0,0,1,1
11411,1.0,0,1,1
11412,0.2,3,0,0
11413,0.2,3,0,0
11414,0.2,3,0,0
11415,0.2,3,0,0
11416,1.0,0,1,1
11417,1.0,0,1,1
11418,1.0,0,0,1
11419,1.0,0,1,1
11420,1.0,0,1,1
11421,1.0,0,1,1
11422,0.2,3,0,0
11423,1.0,0,1,1
11424,0.2,3,0,0
11425,1.0,0,1,1
11426,1.0,0,0,1
11427,0.2,3,0,0
11428,1.0,0,1,1
11429,1.0,0,1,1
11430,1.0,0,0,1
11431,0.2,3,0,1
11432,1.0,3,0,0
11433,1.0,0,1,1
11434,1.0,0,0,0
11435,0.2,3,0,0
11436,2.2,0,1,1
11437,1.0,0,1,1
11438,3.4000000000000004,1,1,0
11439,1.0,0,1,1
11440,3.0,0,1,1
11441,1.0,0,1,1
11442,2.2,0,1,1
11443,0.2,3,0,0
11444,0.2,3,0,0
11445,0.2,3,0,0
11446,2.2,0,1,1
11447,2.2,0,1,1
11448,2.2,0,1,1
11449,0.2,3,0,0
11450,0.2,3,0,0
11451,1.0,0,1,1
11452,3.0,0,1,1
11453,0.2,3,0,0
11454,0.2,3,0,0
11455,1.0,0,0,1
11456,0.2,3,0,0
11457,2.2,0,1,1
11458,0.2,3,0,0
11459,0.2,3,0,0
11460,2.2,3,0,1
11461,0.2,3,0,0
11462,0.2,3,0,0
11463,1.0,0,1,1
11464,1.0,0,1,1
11465,0.2,3,0,0
11466,1.0,0,1,1
11467,1.0,0,1,1
11468,1.0,0,1,1
11469,1.0,0,1,1
11470,0.2,3,0,0
11471,1.0,0,1,1
11472,1.0,0,1,1
11473,1.0,0,1,0
11474,1.0,0,1,1
11475,2.2,0,0,1
11476,1.0,0,1,1
11477,1.0,0,1,1
11478,1.0,0,1,1
11479,0.2,3,0,0
11480,0.2,3,0,0
11481,0.2,3,0,0
11482,1.0,0,1,1
11483,1.0,3,0,0
11484,0.2,3,0,0
11485,0.2,3,0,0
11486,1.0,0,1,1
11487,0.2,3,0,0
11488,2.2,0,1,1
11489,1.0,0,1,1
11490,1.0,0,1,1
11491,0.2,3,0,0
11492,1.0,0,1,1
11493,1.0,0,1,1
11494,0.2,3,0,0
11495,1.0,0,1,1
11496,0.2,3,0,0
11497,0.2,3,0,0
11498,0.2,3,0,0
11499,1.0,0,1,1
11500,1.0,0,1,1
11501,0.2,3,0,0
11502,0.2,3,0,0
11503,0.2,3,0,0
11504,0.2,3,0,0
11505,0.2,3,0,0
11506,1.0,0,1,1
11507,2.2,0,0,1
11508,2.2,0,1,1
11509,2.2,0,1,1
11510,0.2,3,0,0
11511,0.2,3,0,0
11512,0.2,3,0,0
11513,0.2,3,0,0
11514,0.2,3,0,0
11515,1.0,0,1,1
11516,0.2,3,0,0
11517,0.2,3,0,0
11518,1.0,0,1,1
11519,1.0,0,1,1
11520,0.2,3,0,0
11521,1.0,0,1,1
11522,0.2,3,0,0
11523,1.0,0,1,1
11524,2.2,0,1,1
11525,0.2,3,0,0
11526,1.0,0,1,1
11527,2.2,0,1,1
11528,0.2,3,0,0
11529,1.0,0,1,1
11530,1.0,0,1,1
11531,0.2,3,0,0
11532,1.0,0,1,1
11533,0.2,3,0,0
11534,1.0,0,1,1
11535,1.0,0,0,1
11536,0.2,3,0,0
11537,1.0,0,1,1
11538,1.0,0,0,1
11539,1.0,0,1,1
11540,0.2,3,0,0
11541,1.0,0,1,1
11542,1.0,0,1,1
11543,0.2,3,0,0
11544,1.0,0,1,0
11545,1.0,0,1,0
11546,0.2,3,0,0
11547,1.0,0,1,1
11548,0.2,3,0,0
11549,1.0,0,1,1
11550,2.2,0,1,1
11551,1.0,0,1,1
11552,1.0,0,1,1
11553,1.0,0,0,1
11554,1.0,0,1,1
11555,1.0,0,0,1
11556,1.0,0,1,1
11557,1.0,0,1,1
11558,0.2,3,0,0
11559,1.0,0,1,1
11560,2.2,0,1,1
11561,0.2,3,0,0
11562,1.0,0,1,0
11563,1.0,0,1,1
11564,0.2,3,0,0
11565,1.0,0,1,1
11566,0.2,3,0,0
11567,0.2,3,0,0
11568,0.2,3,0,0
11569,0.2,3,0,0
11570,0.2,3,0,0
11571,1.0,0,1,1
11572,0.2,3,0,0
11573,0.2,3,0,0
11574,1.0,0,1,1
11575,2.2,3,0,1
11576,0.2,3,0,0
11577,1.0,0,0,1
11578,1.0,0,0,1
11579,1.0,0,1,1
11580,2.2,0,1,1
11581,1.0,0,0,1
11582,0.2,3,0,0
11583,1.0,0,1,1
11584,0.2,3,0,0
11585,0.2,3,0,0
11586,0.2,3,0,0
11587,0.2,3,0,0
11588,1.0,0,1,0
11589,0.2,3,0,0
11590,2.2,0,1,1
11591,1.0,0,0,1
11592,1.0,3,0,0
11593,0.2,3,0,0
11594,0.2,3,0,0
11595,1.0,0,0,1
11596,0.2,3,0,0
11597,1.0,0,1,1
11598,2.2,0,1,1
11599,1.0,0,1,1
11600,2.2,0,1,1
11601,0.2,3,0,0
11602,1.0,0,1,1
11603,0.2,3,0,0
11604,0.2,3,0,0
11605,0.2,3,0,1
11606,0.2,3,0,0
11607,0.2,3,0,0
11608,0.2,3,0,0
11609,0.2,3,0,0
11610,1.0,0,1,1
11611,1.0,0,1,1
11612,2.2,0,1,1
11613,1.0,0,0,1
11614,1.0,0,0,1
11615,0.2,3,0,0
11616,0.2,3,0,0
11617,2.2,0,1,1
11618,1.0,0,1,1
11619,1.0,0,1,1
11620,0.2,3,0,0
11621,1.0,0,1,1
11622,1.0,0,1,1
11623,1.0,0,1,0
11624,1.0,0,1,1
11625,1.0,0,1,0
11626,0.2,3,0,0
11627,2.2,0,1,1
11628,0.2,3,0,0
11629,0.2,3,0,0
11630,1.0,0,1,1
11631,0.2,3,0,0
11632,1.0,0,1,0
11633,1.0,0,1,1
11634,2.2,0,1,1
11635,1.0,0,1,1
11636,1.0,0,0,1
11637,1.0,0,1,1
11638,0.2,3,0,0
11639,0.2,3,0,1
11640,0.2,3,0,0
11641,1.0,0,1,1
11642,1.0,0,0,1
11643,0.2,3,0,0
11644,0.2,3,0,0
11645,1.0,0,1,1
11646,1.0,0,1,1
11647,1.0,0,1,1
11648,1.0,0,1,1
11649,0.2,3,0,0
11650,2.2,0,1,1
11651,1.0,3,0,0
11652,3.0,0,1,1
11653,0.2,3,0,0
11654,1.0,0,1,1
11655,3.4000000000000004,1,1,0
11656,0.2,3,0,0
11657,1.0,0,1,0
11658,1.0,0,1,1
11659,1.0,0,1,1
11660,2.2,0,1,1
11661,0.2,3,0,0
11662,1.0,0,1,1
11663,1.0,0,1,1
11664,1.0,0,1,1
11665,2.2,0,1,1
11666,1.0,0,1,1
11667,0.2,3,0,0
11668,1.0,0,0,1
11669,0.2,3,0,0
11670,3.0,0,1,1
11671,0.2,3,0,0
11672,0.2,3,0,0
11673,1.0,0,1,1
11674,3.4000000000000004,1,1,0
11675,1.0,0,1,1
11676,0.2,3,0,0
11677,1.0,0,1,0
11678,1.0,0,1,1
11679,0.2,3,0,0
11680,1.0,0,0,1
11681,2.2,0,1,1
11682,0.2,3,0,1
11683,0.2,3,0,0
11684,2.2,0,1,1
11685,1.0,0,1,1
11686,1.0,0,0,1
11687,1.0,0,1,1
11688,1.0,0,1,1
11689,1.0,0,1,1
11690,0.2,3,0,0
11691,0.2,3,0,0
11692,0.2,3,0,1
11693,0.2,3,0,0
11694,0.2,3,0,0
11695,2.2,0,1,1
11696,1.0,0,1,0
11697,1.0,0,1,1
11698,1.0,0,1,1
11699,1.0,0,1,0
11700,2.2,0,1,1
11701,1.0,0,1,1
11702,1.0,0,1,0
11703,1.0,0,1,1
11704,0.2,3,0,0
11705,0.2,3,0,0
11706,1.0,0,1,1
11707,0.2,3,0,0
11708,1.0,0,1,1
11709,0.2,3,0,0
11710,0.2,3,0,0
11711,1.0,0,1,1
11712,1.0,3,0,0
11713,1.0,0,1,1
11714,0.2,3,0,0
11715,1.0,0,1,1
11716,0.2,3,0,0
11717,2.2,0,1,1
11718,1.0,0,1,1
11719,0.2,3,0,0
11720,0.2,3,0,0
11721,0.2,3,0,0
11722,2.2,0,1,1
11723,0.2,3,0,0
11724,1.0,0,0,0
11725,1.0,0,1,1
11726,0.2,3,0,0
11727,0.2,3,0,0
11728,1.0,0,1,1
11729,0.2,3,0,0
11730,0.2,3,0,0
11731,0.2,3,0,0
11732,0.2,3,0,0
11733,1.0,0,1,1
11734,1.0,3,0,0
11735,1.0,0,1,0
11736,1.0,0,0,1
11737,0.2,3,0,0
11738,2.2,0,1,1
11739,1.0,0,1,1
11740,1.0,0,1,1
11741,1.0,0,1,1
11742,1.0,0,1,1
11743,1.0,0,0,1
11744,0.2,3,0,0
11745,0.2,3,0,0
11746,2.2,0,1,1
11747,0.2,3,0,0
11748,1.0,0,1,0
11749,1.0,0,0,1
11750,1.0,0,1,1
11751,1.0,0,1,1
11752,1.0,0,1,1
11753,0.2,3,0,0
11754,0.2,3,0,0
11755,1.0,0,1,1
11756,0.2,3,0,0
11757,0.2,3,0,0
11758,0.2,3,0,0
11759,1.0,0,1,1
11760,0.2,3,0,0
11761,0.2,3,0,0
11762,2.2,0,1,1
11763,0.2,3,0,0
11764,0.2,3,0,0
11765,0.2,3,0,0
11766,0.2,3,0,0
11767,1.0,0,1,1
11768,0.2,3,0,0
11769,1.0,0,1,0
11770,1.0,0,1,1
11771,2.2,0,1,1
11772,0.2,3,0,0
11773,0.2,3,0,0
11774,0.2,3,0,0
11775,2.2,0,1,1
11776,1.0,0,1,1
11777,2.2,0,1,1
11778,2.2,0,1,1
11779,1.0,0,0,1
11780,1.0,0,1,1
11781,0.2,3,0,0
11782,0.2,3,0,0
11783,0.2,3,0,0
11784,1.0,0,1,1
11785,1.0,0,1,1
11786,1.0,0,1,1
11787,1.0,0,1,1
11788,0.2,3,0,0
11789,0.2,3,0,0
11790,1.0,0,1,1
11791,0.2,3,0,0
11792,0.2,3,0,0
11793,0.2,3,0,0
11794,1.0,0,1,1
11795,1.0,0,1,1
11796,2.2,0,1,1
11797,1.0,0,1,1
11798,2.2,0,0,1
11799,1.0,0,1,1
11800,0.2,3,0,0
11801,0.2,3,0,0
11802,1.0,0,1,1
11803,2.2,0,1,1
11804,3.0,0,1,1
11805,1.0,0,1,1
11806,2.2,0,1,1
11807,0.2,3,0,0
11808,1.0,0,1,0
11809,0.2,3,0,0
11810,2.2,0,1,1
11811,0.2,3,0,0
11812,1.0,0,1,1
11813,1.0,0,1,1
11814,0.2,3,0,0
11815,1.0,0,1,1
11816,1.0,3,0,0
11817,1.0,0,1,1
11818,1.0,0,1,1
11819,0.2,3,0,0
11820,0.2,3,0,0
11821,1.0,0,0,1
11822,0.2,3,0,0
11823,1.0,0,1,1
11824,0.2,3,0,1
11825,0.2,3,0,0
11826,0.2,3,0,0
11827,1.0,0,1,1
11828,1.0,0,1,0
11829,1.0,0,0,1
11830,0.2,3,0,0
11831,0.2,3,0,0
11832,1.0,0,1,0
11833,1.0,0,1,1
11834,1.0,0,1,1
11835,1.0,0,1,1
11836,0.2,3,0,0
11837,1.0,0,1,1
11838,0.2,3,0,1
11839,1.0,0,1,0
11840,1.0,0,1,1
11841,1.0,0,1,1
11842,1.0,0,0,1
11843,1.0,0,1,1
11844,1.0,0,1,1
11845,1.0,0,1,0
11846,1.0,0,1,1
11847,2.2,0,1,1
11848,0.2,3,0,0
11849,2.2,0,1,1
11850,1.0,0,1,1
11851,1.0,0,0,0
11852,3.0,3,0,0
11853,1.0,0,1,0
11854,3.0,0,1,1
11855,2.2,0,1,1
11856,1.0,0,1,1
11857,0.2,3,0,0
11858,0.2,3,0,0
11859,0.2,3,0,0
11860,2.2,0,1,1
11861,0.2,3,0,0
11862,0.2,3,0,1
11863,2.2,0,1,1
11864,0.2,3,0,0
11865,0.2,3,0,0
11866,0.2,3,0,0
11867,1.0,0,0,1
11868,0.2,3,0,0
11869,0.2,3,0,0
11870,1.0,0,0,1
11871,1.0,0,0,1
11872,0.2,3,0,0
11873,0.2,3,0,0
11874,0.2,3,0,0
11875,1.0,0,0,1
11876,1.0,0,1,1
11877,0.2,3,0,0
11878,1.0,0,1,1
11879,0.2,3,0,0
11880,1.0,0,1,1
11881,1.0,0,1,1
11882,0.2,3,0,0
11883,1.0,0,1,1
11884,1.0,0,1,1
11885,1.0,0,1,1
11886,1.0,0,1,1
11887,0.2,3,0,0
11888,1.0,0,1,0
11889,0.2,3,0,0
11890,0.2,3,0,0
11891,1.0,0,1,1
11892,1.0,0,1,1
11893,0.2,3,0,0
11894,1.0,0,1,1
11895,1.0,0,1,1
11896,1.0,0,1,1
11897,0.2,3,0,0
11898,0.2,3,0,0
11899,1.0,0,1,1
11900,1.0,0,1,0
11901,0.2,3,0,0
11902,3.0,0,1,1
11903,2.2,0,1,1
11904,1.0,0,1,1
11905,1.0,0,1,1
11906,0.2,3,0,0
11907,0.2,3,0,0
11908,1.0,0,1,1
11909,0.2,3,0,0
11910,2.2,0,1,1
11911,1.0,0,1,1
11912,0.2,3,0,0
11913,0.2,3,0,0
11914,1.0,0,1,1
11915,1.0,0,1,1
11916,1.0,0,1,1
11917,0.2,3,0,0
11918,0.2,3,0,0
11919,0.2,3,0,0
11920,1.0,0,1,1
11921,1.0,0,1,1
11922,1.0,0,1,1
11923,0.2,3,0,0
11924,0.2,3,0,0
11925,1.0,0,1,0
11926,1.0,0,1,1
11927,2.2,0,1,1
11928,1.0,0,1,1
11929,1.0,0,1,0
11930,1.0,0,1,1
11931,1.0,0,1,1
11932,1.0,0,1,1
11933,1.0,0,1,1
11934,1.0,0,1,1
11935,0.2,3,0,0
11936,2.2,0,1,1
11937,0.2,3,0,0
11938,1.0,0,0,1
11939,0.2,3,0,0
11940,1.0,0,0,1
11941,2.2,0,1,1
11942,0.2,3,0,0
11943,0.2,3,0,0
11944,0.2,3,0,0
11945,0.2,3,0,0
11946,1.0,3,0,0
11947,0.2,3,0,0
11948,2.2,0,1,1
11949,0.2,3,0,0
11950,0.2,3,0,0
11951,1.0,0,1,0
11952,2.2,0,1,1
11953,0.2,3,0,0
11954,0.2,3,0,0
11955,2.2,0,1,1
11956,2.2,0,1,1
11957,1.0,0,1,1
11958,0.2,3,0,0
11959,1.0,0,1,1
11960,0.2,3,0,0
11961,0.2,3,0,0
11962,0.2,3,0,0
11963,1.0,0,1,1
11964,2.2,0,0,1
11965,0.2,3,0,0
11966,0.2,3,0,0
11967,1.0,0,1,1
11968,0.2,3,0,0
11969,1.0,0,1,1
11970,1.0,0,1,1
11971,1.0,0,1,1
11972,1.0,0,0,1
11973,0.2,3,0,0
11974,1.0,0,1,1
11975,2.2,0,1,1
11976,1.0,0,1,1
11977,1.0,0,1,1
11978,2.2,0,1,1
11979,1.0,0,1,1
11980,0.2,3,0,0
11981,0.2,3,0,0
11982,1.0,0,1,1
11983,0.2,3,0,0
11984,0.2,3,0,0
11985,2.2,0,0,1
11986,0.2,3,0,0
11987,1.0,0,1,1
11988,1.0,0,1,1
11989,1.0,0,1,1
11990,1.0,0,1,1
11991,1.0,0,1,1
11992,1.0,0,1,1
11993,0.2,3,0,0
11994,1.0,0,1,1
11995,1.0,0,1,1
11996,1.0,0,1,1
11997,0.2,3,0,0
11998,1.0,0,1,1
11999,0.2,3,0,0
12000,1.0,0,0,1
12001,1.0,0,0,1
12002,0.2,3,0,0
12003,0.2,3,0,0
12004,1.0,0,1,1
12005,1.0,0,1,1
12006,2.2,0,1,1
12007,1.0,0,1,1
12008,1.0,0,1,1
12009,0.2,3,0,0
12010,0.2,3,0,0
12011,0.2,3,0,0
12012,0.2,3,0,0
12013,2.2,0,1,1
12014,0.2,3,0,0
12015,1.0,0,1,1
12016,0.2,3,0,0
12017,0.2,3,0,0
12018,1.0,0,0,1
12019,2.2,0,1,1
12020,2.2,0,1,1
12021,1.0,0,1,1
12022,1.0,1,0,0
12023,1.0,0,1,1
12024,0.2,3,0,0
12025,1.0,0,1,1
12026,1.0,0,1,1
12027,2.2,0,1,1
12028,0.2,3,0,0
12029,0.2,3,0,0
12030,0.2,0,0,1
12031,0.2,3,0,0
12032,1.0,0,1,0
12033,0.2,3,0,0
12034,3.4000000000000004,1,1,0
12035,1.0,0,1,1
12036,1.0,0,0,1
12037,0.2,3,0,0
12038,1.0,0,0,1
12039,1.0,0,1,0
12040,1.0,0,1,1
12041,0.2,3,0,0
12042,2.2,0,1,1
12043,0.2,3,0,0
12044,1.0,0,1,1
12045,1.0,0,0,1
12046,0.2,3,0,0
12047,1.0,0,1,0
12048,1.0,0,1,1
12049,0.2,3,0,0
12050,2.2,0,1,1
12051,0.2,3,0,0
12052,1.0,0,1,1
12053,1.0,0,1,1
12054,1.0,0,1,1
12055,1.0,0,1,1
12056,1.0,0,1,1
12057,2.2,0,1,1
12058,2.2,0,1,1
12059,1.0,0,1,0
12060,0.2,3,0,0
12061,1.0,0,1,1
12062,0.2,3,0,0
12063,0.2,3,0,0
12064,0.2,3,0,0
12065,2.2,0,1,1
12066,0.2,3,0,0
12067,0.2,3,0,0
12068,0.2,3,0,0
12069,1.0,0,1,1
12070,1.0,0,1,1
12071,1.0,0,1,1
12072,2.2,0,1,1
12073,0.2,3,0,0
12074,1.0,0,1,1
12075,0.2,3,0,0
12076,1.0,0,0,1
12077,0.2,3,0,0
12078,1.0,0,1,1
12079,0.2,3,0,0
12080,1.0,0,1,1
12081,1.0,0,0,1
12082,0.2,3,0,0
12083,1.0,0,1,1
12084,0.2,3,0,0
12085,0.2,3,0,0
12086,0.2,3,0,0
12087,1.0,0,1,1
12088,1.0,0,0,0
12089,0.2,3,0,1
12090,0.2,3,0,1
12091,1.0,0,1,1
12092,2.2,0,0,1
12093,0.2,3,0,0
12094,1.0,0,1,1
12095,1.0,0,1,1
12096,1.0,0,1,1
12097,0.2,3,0,0
12098,1.0,0,1,0
12099,1.0,0,1,1
12100,0.2,3,0,0
12101,1.0,0,1,1
12102,1.0,0,1,0
12103,1.0,0,1,1
12104,1.0,0,0,1
12105,0.2,3,0,0
12106,1.0,0,1,1
12107,1.0,0,1,0
12108,0.2,3,0,0
12109,0.2,3,0,0
12110,1.0,0,1,1
12111,0.2,3,0,0
12112,0.2,3,0,0
12113,1.0,3,0,0
12114,1.0,0,1,1
12115,0.2,3,0,1
12116,1.0,0,1,1
12117,2.2,0,1,1
12118,2.2,0,1,1
12119,2.2,0,1,1
12120,1.0,0,1,1
12121,1.0,0,1,1
12122,0.2,3,0,0
12123,1.0,0,1,1
12124,0.2,3,0,0
12125,1.0,0,1,1
12126,0.2,3,0,0
12127,0.2,3,0,0
12128,1.0,0,1,1
12129,0.2,3,0,0
12130,0.2,3,0,0
12131,0.2,3,0,0
12132,1.0,0,1,1
12133,0.2,3,0,0
12134,1.0,0,1,1
12135,1.0,0,1,1
12136,1.0,0,1,1
12137,1.0,0,1,0
12138,1.0,0,1,1
12139,1.0,0,1,1
12140,1.0,0,1,0
12141,0.2,3,0,0
12142,1.0,0,1,1
12143,0.2,3,0,0
12144,2.2,0,0,1
12145,1.0,0,1,1
12146,0.2,3,0,0
12147,1.0,0,0,1
12148,0.2,3,0,0
12149,1.0,0,1,1
12150,1.0,0,1,1
12151,0.2,3,0,0
12152,0.2,3,0,0
12153,1.0,0,0,0
12154,1.0,0,1,1
12155,0.2,3,0,0
12156,2.2,0,1,1
12157,1.0,0,1,0
12158,0.2,3,0,0
12159,0.2,3,0,0
12160,0.2,3,0,0
12161,1.0,0,0,1
12162,0.2,3,0,0
12163,1.0,0,1,1
12164,0.2,3,0,0
12165,0.2,3,0,0
12166,0.2,3,0,0
12167,0.2,3,0,0
12168,2.2,0,1,1
12169,1.0,0,1,1
12170,0.2,3,0,0
12171,1.0,0,1,1
12172,1.0,0,1,1
12173,0.2,3,0,0
12174,2.2,0,1,1
12175,1.0,0,1,1
12176,1.0,0,1,1
12177,0.2,3,0,0
12178,1.0,0,1,1
12179,1.0,0,1,1
12180,2.2,0,1,1
12181,2.2,0,1,1
12182,3.0,3,0,0
12183,0.2,3,0,0
12184,3.0,0,1,1
12185,0.2,3,0,0
12186,0.2,3,0,0
12187,1.0,0,1,1
12188,0.2,3,0,0
12189,0.2,3,0,0
12190,1.0,0,0,1
12191,1.0,0,1,1
12192,1.0,0,0,1
12193,0.2,3,0,0
12194,0.2,3,0,0
12195,0.2,3,0,0
12196,1.0,0,1,1
12197,0.2,3,0,0
12198,1.0,0,1,1
12199,0.2,3,0,0
12200,2.2,0,1,1
12201,2.2,0,1,1
12202,1.0,0,1,1
12203,1.0,0,1,1
12204,2.2,0,1,1
12205,2.2,0,1,1
12206,2.2,0,1,1
12207,1.0,0,1,1
12208,1.0,0,0,0
12209,0.2,3,0,0
12210,2.2,0,1,1
12211,1.0,0,1,1
12212,2.2,0,1,1
12213,1.0,0,1,1
12214,0.2,3,0,0
12215,0.2,3,0,0
12216,1.0,1,0,0
12217,2.2,0,1,1
12218,0.2,3,0,0
12219,0.2,3,0,0
12220,1.0,0,1,0
12221,0.2,3,0,0
12222,0.2,3,0,0
12223,1.0,0,1,1
12224,1.0,0,0,1
12225,0.2,3,0,0
12226,1.0,0,1,1
12227,0.2,3,0,0
12228,0.2,3,0,0
12229,0.2,3,0,0
12230,0.2,3,0,0
12231,1.0,0,1,1
12232,1.0,0,1,1
12233,0.2,3,0,0
12234,0.2,3,0,0
12235,1.0,0,1,1
12236,2.2,0,0,1
12237,0.2,3,0,0
12238,1.0,0,1,1
12239,0.2,3,0,0
12240,1.0,0,1,0
12241,1.0,0,1,1
12242,1.0,0,1,0
12243,1.0,0,1,1
12244,0.2,3,0,0
12245,0.2,3,0,0
12246,1.0,0,1,1
12247,2.2,0,1,1
12248,0.2,3,0,0
12249,0.2,3,0,0
12250,0.2,3,0,0
12251,0.2,3,0,0
12252,0.2,3,0,1
12253,0.2,3,0,0
12254,1.0,0,1,1
12255,2.2,0,1,1
12256,1.0,0,1,1
12257,0.2,3,0,0
12258,0.2,3,0,0
12259,2.2,0,1,1
12260,1.0,0,1,1
12261,1.0,0,1,1
12262,0.2,3,0,0
12263,1.0,0,1,1
12264,1.0,0,1,0
12265,0.2,3,0,0
12266,1.0,0,1,0
12267,0.2,3,0,0
12268,1.0,0,1,1
12269,2.2,0,1,1
12270,0.2,3,0,0
12271,0.2,3,0,0
12272,1.0,0,1,1
12273,1.0,0,1,1
12274,1.0,0,1,1
12275,0.2,3,0,0
12276,1.0,0,1,1
12277,2.2,0,1,1
12278,1.0,0,1,1
12279,0.2,3,0,0
12280,1.0,0,1,1
12281,1.0,0,1,1
12282,3.0,3,0,0
12283,0.2,3,0,0
12284,0.2,3,0,0
12285,0.2,3,0,0
12286,1.0,0,1,1
12287,1.0,0,1,1
12288,0.2,3,0,0
12289,1.0,0,1,1
12290,0.2,3,0,0
12291,1.0,0,1,1
12292,2.2,0,1,1
12293,2.2,0,1,1
12294,0.2,3,0,0
12295,1.0,0,0,1
12296,1.0,0,1,1
12297,2.2,0,0,1
12298,0.2,3,0,0
12299,0.2,3,0,0
12300,1.0,0,0,0
12301,0.2,3,0,0
12302,2.2,0,1,1
12303,0.2,3,0,0
12304,0.2,3,0,0
12305,1.0,0,0,0
12306,0.2,3,0,0
12307,0.2,3,0,0
12308,1.0,0,1,1
12309,1.0,0,1,1
12310,1.0,0,1,1
12311,2.2,0,1,1
12312,1.0,0,1,1
12313,1.0,0,1,1
12314,1.0,0,1,1
12315,1.0,0,1,1
12316,0.2,3,0,0
12317,1.0,0,1,1
12318,0.2,3,0,0
12319,1.0,0,1,1
12320,0.2,3,0,0
12321,1.0,0,1,1
12322,0.2,3,0,0
12323,0.2,3,0,0
12324,1.0,0,1,1
12325,1.0,0,0,1
12326,2.2,0,1,1
12327,0.2,3,0,0
12328,1.0,0,1,1
12329,0.2,3,0,0
12330,0.2,3,0,0
12331,1.0,0,1,1
12332,1.0,0,1,1
12333,1.0,0,1,1
12334,0.2,3,0,0
12335,1.0,0,1,1
12336,3.4000000000000004,1,1,0
12337,1.0,0,0,1
12338,1.0,0,1,1
12339,2.2,0,1,1
12340,1.0,0,1,1
12341,2.2,0,1,1
12342,1.0,0,1,1
12343,1.0,0,1,1
12344,0.2,3,0,0
12345,2.2,0,1,1
12346,0.2,3,0,0
12347,0.2,3,0,0
12348,0.2,3,0,0
12349,1.0,0,0,1
12350,0.2,3,0,0
12351,1.0,0,1,1
12352,1.0,0,1,1
12353,1.0,0,1,1
12354,0.2,3,0,0
12355,1.0,0,1,1
12356,0.2,3,0,0
12357,1.0,0,0,1
12358,2.2,0,1,1
12359,0.2,3,0,0
12360,0.2,3,0,0
12361,0.2,3,0,0
12362,1.0,0,1,1
12363,2.2,0,1,1
12364,0.2,3,0,0
12365,0.2,3,0,0
12366,0.2,3,0,0
12367,1.0,0,1,1
12368,2.2,0,1,1
12369,1.0,0,1,1
12370,2.2,0,1,1
12371,2.2,0,1,1
12372,0.2,3,0,0
12373,1.0,0,1,0
12374,1.0,0,1,0
12375,1.0,0,1,1
12376,0.2,3,0,0
12377,0.2,1,0,0
12378,1.0,0,1,1
12379,1.0,0,0,1
12380,1.0,0,1,1
12381,2.2,0,1,1
12382,1.0,0,1,1
12383,0.2,3,0,0
12384,0.2,3,0,0
12385,0.2,3,0,0
12386,1.0,0,0,0
12387,1.0,0,0,1
12388,0.2,3,0,0
12389,1.0,0,1,1
12390,0.2,3,0,0
12391,1.0,0,0,1
12392,2.2,0,1,1
12393,1.0,1,0,0
12394,0.2,3,0,0
12395,0.2,3,0,0
12396,2.2,0,1,1
12397,0.2,3,0,0
12398,1.0,0,1,1
12399,1.0,0,1,1
12400,1.0,0,1,1
12401,1.0,0,1,0
12402,0.2,3,0,0
12403,1.0,0,0,1
12404,1.0,0,0,1
12405,0.2,3,0,0
12406,1.0,0,1,1
12407,1.0,0,1,1
12408,1.0,0,1,1
12409,1.0,0,1,1
12410,0.2,3,0,0
12411,0.2,3,0,0
12412,1.0,0,1,0
12413,0.2,3,0,0
12414,0.2,3,0,0
12415,0.2,3,0,0
12416,1.0,0,1,1
12417,1.0,0,1,1
12418,0.2,3,0,0
12419,1.0,0,1,1
12420,0.2,3,0,0
12421,0.2,3,0,0
12422,1.0,0,1,0
12423,0.2,3,0,0
12424,1.0,0,1,1
12425,1.0,0,1,0
12426,1.0,0,0,1
12427,1.0,0,1,1
12428,2.2,0,0,1
12429,1.0,0,1,1
12430,1.0,0,1,1
12431,0.2,3,0,0
12432,0.2,3,0,0
12433,1.0,0,1,1
12434,1.0,0,0,1
12435,1.0,0,1,0
12436,0.2,3,0,0
12437,0.2,3,0,0
12438,0.2,3,0,0
12439,0.2,3,0,0
12440,1.0,0,1,0
12441,0.2,3,0,0
12442,1.0,0,1,1
12443,1.0,0,1,0
12444,0.2,3,0,0
12445,1.0,0,0,0
12446,0.2,3,0,0
12447,0.2,3,0,0
12448,1.0,0,1,1
12449,0.2,3,0,0
12450,0.2,3,0,0
12451,0.2,3,0,0
12452,1.0,0,1,1
12453,0.2,3,0,0
12454,1.0,0,1,1
12455,0.2,3,0,0
12456,0.2,3,0,0
12457,1.0,0,1,1
12458,0.2,3,0,0
12459,0.2,3,0,0
12460,0.2,3,0,0
12461,0.2,3,0,0
12462,1.0,0,0,1
12463,1.0,0,0,1
12464,0.2,3,0,0
12465,1.0,0,1,1
12466,2.2,0,0,1
12467,1.0,0,1,1
12468,1.0,0,1,1
12469,1.0,0,1,1
12470,1.0,0,1,1
12471,0.2,3,0,0
12472,1.0,0,0,0
12473,2.2,0,1,1
12474,3.0,3,0,0
12475,1.0,0,1,1
12476,0.2,3,0,0
12477,1.0,0,1,1
12478,0.2,3,0,0
12479,1.0,0,1,1
12480,1.0,0,1,1
12481,0.2,3,0,0
12482,0.2,3,0,0
12483,1.0,0,1,1
12484,2.2,0,1,1
12485,0.2,3,0,0
12486,0.2,3,0,0
12487,0.2,3,0,0
12488,1.0,0,1,1
12489,1.0,0,1,1
12490,0.2,3,0,0
12491,1.0,0,1,1
12492,0.2,3,0,1
12493,1.0,0,1,0
12494,1.0,0,1,1
12495,1.0,0,1,1
12496,1.0,0,0,1
12497,0.2,3,0,0
12498,1.0,0,1,1
12499,1.0,0,1,1
12500,0.2,3,0,0
12501,1.0,0,1,1
12502,0.2,3,0,0
12503,1.0,0,1,1
12504,1.0,0,1,1
12505,0.2,3,0,0
12506,0.2,3,0,0
12507,0.2,3,0,0
12508,1.0,0,0,1
12509,0.2,3,0,0
12510,1.0,0,0,1
12511,1.0,0,1,1
12512,0.2,3,0,0
12513,2.2,0,1,1
12514,0.2,3,0,0
12515,1.0,0,1,1
12516,0.2,3,0,0
12517,1.0,0,1,1
12518,0.2,3,0,0
12519,1.0,0,1,1
12520,0.2,3,0,0
12521,1.0,0,0,0
12522,0.2,3,0,0
12523,0.2,3,0,0
12524,2.2,0,1,1
12525,1.0,0,0,1
12526,1.0,0,1,0
12527,3.0,0,1,1
12528,1.0,0,1,1
12529,1.0,0,1,1
12530,0.2,3,0,0
12531,2.2,0,1,1
12532,0.2,3,0,0
12533,1.0,0,1,1
12534,1.0,0,1,0
12535,1.0,0,1,1
12536,1.0,0,1,1
12537,0.2,3,0,0
12538,1.0,0,1,1
12539,1.0,0,1,1
12540,1.0,0,1,1
12541,1.0,0,1,0
12542,1.0,1,0,0
12543,0.2,3,0,0
12544,1.0,0,1,1
12545,0.2,3,0,0
12546,1.0,0,0,1
12547,0.2,3,0,0
12548,1.0,0,1,1
12549,1.0,0,1,1
12550,1.0,0,1,1
12551,1.0,3,0,0
12552,0.2,3,0,0
12553,0.2,3,0,0
12554,0.2,3,0,0
12555,0.2,3,0,0
12556,1.0,0,0,1
12557,0.2,3,0,0
12558,1.0,0,1,1
12559,0.2,3,0,0
12560,0.2,3,0,0
12561,1.0,0,1,1
12562,0.2,3,0,0
12563,1.0,0,0,1
12564,0.2,3,0,0
12565,2.2,0,1,1
12566,1.0,0,0,1
12567,2.2,0,1,1
12568,1.0,0,1,1
12569,1.0,0,1,1
12570,1.0,0,1,1
12571,0.2,3,0,0
12572,2.2,0,1,1
12573,0.2,3,0,0
12574,0.2,3,0,0
12575,1.0,0,1,1
12576,2.2,0,0,1
12577,0.2,3,0,0
12578,1.0,0,1,1
12579,1.0,0,1,0
12580,1.0,0,1,1
12581,1.0,0,1,1
12582,1.0,0,1,1
12583,1.0,0,1,1
12584,1.0,0,1,1
12585,0.2,3,0,0
12586,0.2,3,0,0
12587,0.2,3,0,0
12588,1.0,0,0,0
12589,0.2,3,0,0
12590,2.2,0,1,1
12591,1.0,0,1,1
12592,0.2,3,0,0
12593,0.2,3,0,0
12594,1.0,0,1,1
12595,0.2,3,0,0
12596,1.0,0,1,0
12597,1.0,0,1,1
12598,1.0,0,0,1
12599,2.2,0,1,1
12600,1.0,0,1,0
12601,1.0,0,0,1
12602,1.0,0,0,1
12603,1.0,0,1,1
12604,0.2,3,0,0
12605,2.2,0,1,1
12606,1.0,0,1,0
12607,0.2,3,0,0
12608,2.2,0,1,1
12609,2.2,0,1,1
12610,0.2,3,0,0
12611,0.2,3,0,0
12612,0.2,3,0,0
12613,1.0,0,1,1
12614,1.0,0,1,1
12615,0.2,3,0,0
12616,1.0,0,1,1
12617,0.2,3,0,0
12618,0.2,3,0,0
12619,0.2,3,0,0
12620,2.2,0,1,1
12621,2.2,0,0,1
12622,0.2,3,0,0
12623,1.0,1,0,0
12624,1.0,0,1,1
12625,1.0,0,1,1
12626,1.0,0,1,0
12627,1.0,0,1,1
12628,1.0,0,1,1
12629,0.2,3,0,0
12630,1.0,0,1,0
12631,0.2,3,0,0
12632,0.2,3,0,0
12633,2.2,0,1,1
12634,0.2,3,0,0
12635,1.0,0,1,1
12636,1.0,0,0,0
12637,1.0,0,1,1
12638,1.0,0,0,1
12639,0.2,3,0,0
12640,1.0,0,1,1
12641,1.0,0,1,1
12642,2.2,0,1,1
12643,1.0,0,1,0
12644,2.2,0,1,1
12645,0.2,3,0,0
12646,2.2,0,1,1
12647,1.0,0,1,1
12648,1.0,0,1,1
12649,1.0,0,1,1
12650,1.0,0,1,1
12651,1.0,0,1,1
12652,0.2,3,0,0
12653,0.2,3,0,0
12654,1.0,0,1,1
12655,0.2,3,0,0
12656,1.0,0,1,0
12657,0.2,3,0,0
12658,1.0,0,1,0
12659,0.2,3,0,0
12660,1.0,0,1,0
12661,2.2,0,1,1
12662,1.0,0,1,0
12663,0.2,3,0,0
12664,0.2,3,0,0
12665,0.2,3,0,0
12666,1.0,0,1,1
12667,1.0,0,1,0
12668,1.0,0,1,1
12669,0.2,3,0,0
12670,0.2,3,0,0
12671,1.0,0,1,1
12672,2.2,0,1,1
12673,1.0,0,1,1
12674,2.2,0,1,1
12675,0.2,3,0,0
12676,0.2,3,0,0
12677,0.2,3,0,0
12678,1.0,0,0,1
12679,1.0,0,1,1
12680,2.2,0,1,1
12681,1.0,0,1,1
12682,1.0,0,1,1
12683,1.0,0,1,0
12684,0.2,3,0,0
12685,0.2,3,0,0
12686,1.0,3,0,0
12687,0.2,3,0,0
12688,1.0,0,0,0
12689,1.0,0,1,1
12690,1.0,0,1,1
12691,2.2,0,1,1
12692,2.2,0,1,1
12693,0.2,3,0,0
12694,0.2,3,0,0
12695,1.0,0,0,1
12696,2.2,0,1,1
12697,1.0,0,1,1
12698,0.2,3,0,1
12699,0.2,3,0,0
12700,0.2,3,0,0
12701,2.2,0,1,1
12702,1.0,0,1,1
12703,0.2,3,0,0
12704,0.2,3,0,0
12705,0.2,3,0,0
12706,1.0,0,0,0
12707,2.2,0,1,1
12708,0.2,3,0,0
12709,0.2,3,0,0
12710,2.2,3,0,1
12711,3.0,0,1,1
12712,1.0,0,1,1
12713,1.0,0,1,1
12714,3.0,0,1,1
12715,1.0,0,1,1
12716,1.0,0,1,1
12717,1.0,0,1,1
12718,1.0,0,1,0
12719,1.0,0,0,1
12720,1.0,0,1,1
12721,0.2,3,0,0
12722,0.2,3,0,1
12723,1.0,0,1,1
12724,0.2,3,0,0
12725,0.2,3,0,0
12726,1.0,0,1,1
12727,2.2,0,1,1
12728,0.2,3,0,0
12729,1.0,0,1,1
12730,1.0,0,1,1
12731,1.0,0,1,1
12732,1.0,0,1,0
12733,0.2,3,0,0
12734,0.2,3,0,0
12735,0.2,3,0,0
12736,1.0,0,1,1
12737,2.2,0,1,1
12738,1.0,0,0,0
12739,1.0,0,1,0
12740,1.0,3,0,0
12741,1.0,0,1,1
12742,0.2,3,0,0
12743,2.2,0,1,1
12744,0.2,3,0,0
12745,1.0,0,0,1
12746,1.0,0,1,1
12747,0.2,3,0,0
12748,2.2,0,0,1
12749,0.2,3,0,0
12750,1.0,0,1,1
12751,1.0,0,1,1
12752,1.0,0,1,0
12753,0.2,3,0,0
12754,3.0,0,1,1
12755,3.0,0,1,1
12756,0.2,3,0,0
12757,2.2,0,1,1
12758,1.0,0,1,1
12759,1.0,0,1,1
12760,1.0,0,1,1
12761,2.2,0,1,1
12762,0.2,3,0,0
12763,0.2,3,0,0
12764,1.0,0,1,1
12765,1.0,0,1,1
12766,2.2,0,1,1
12767,1.0,0,0,0
12768,1.0,0,1,1
12769,2.2,0,1,1
12770,1.0,0,0,1
12771,1.0,0,1,1
12772,0.2,3,0,0
12773,0.2,3,0,0
12774,1.0,0,1,1
12775,0.2,3,0,1
12776,0.2,3,0,0
12777,1.0,0,1,0
12778,0.2,3,0,0
12779,1.0,0,1,0
12780,0.2,0,0,1
12781,0.2,3,0,0
12782,1.0,0,1,1
12783,0.2,3,0,1
12784,0.2,3,0,0
12785,1.0,0,1,1
12786,0.2,3,0,0
12787,0.2,3,0,0
12788,2.2,0,1,1
12789,1.0,0,1,1
12790,2.2,0,1,1
12791,1.0,0,1,1
12792,0.2,3,0,0
12793,0.2,3,0,0
12794,1.0,0,1,1
12795,1.0,0,1,1
12796,0.2,3,0,0
12797,0.2,3,0,0
12798,1.0,0,1,1
12799,1.0,0,0,0
12800,1.0,0,0,0
12801,1.0,0,1,0
12802,0.2,3,0,0
12803,1.0,0,1,1
12804,1.0,0,1,1
12805,0.2,3,0,0
12806,1.0,0,0,1
12807,0.2,3,0,0
12808,1.0,0,1,1
12809,0.2,3,0,0
12810,1.0,0,1,1
12811,0.2,3,0,0
12812,1.0,0,1,0
12813,1.0,0,1,1
12814,1.0,0,1,1
12815,1.0,0,1,1
12816,0.2,3,0,0
12817,1.0,0,1,1
12818,0.2,3,0,0
12819,1.0,0,1,1
12820,0.2,3,0,0
12821,1.0,0,1,1
12822,2.2,0,1,1
12823,2.2,0,1,1
12824,1.0,0,1,1
12825,0.2,3,0,0
12826,1.0,0,1,1
12827,1.0,0,0,1
12828,0.2,3,0,0
12829,1.0,0,1,1
12830,0.2,3,0,0
12831,0.2,3,0,0
12832,0.2,3,0,0
12833,1.0,0,1,1
12834,3.0,0,1,1
12835,2.2,0,1,1
12836,2.2,0,0,1
12837,0.2,3,0,0
12838,1.0,0,1,1
12839,0.2,3,0,0
12840,1.0,0,1,1
12841,1.0,0,1,0
12842,0.2,3,0,0
12843,1.0,0,1,1
12844,0.2,3,0,0
12845,1.0,0,1,1
12846,2.2,0,1,1
12847,1.0,0,1,1
12848,1.0,0,1,1
12849,1.0,0,1,0
12850,0.2,3,0,0
12851,0.2,3,0,0
12852,1.0,0,1,0
12853,1.0,0,1,0
12854,1.0,0,0,0
12855,1.0,0,0,1
12856,0.2,3,0,0
12857,0.2,3,0,0
12858,0.2,3,0,0
12859,0.2,3,0,0
12860,0.2,3,0,0
12861,1.0,0,0,1
12862,0.2,3,0,0
12863,0.2,3,0,0
12864,0.2,3,0,0
12865,0.2,3,0,0
12866,1.0,0,1,1
12867,1.0,0,1,1
12868,1.0,0,0,1
12869,1.0,0,1,1
12870,1.0,0,1,1
12871,0.2,3,0,0
12872,2.2,0,1,1
12873,0.2,3,0,0
12874,1.0,0,1,1
12875,0.2,3,0,0
12876,1.0,0,1,1
12877,0.2,3,0,0
12878,1.0,0,0,1
12879,0.2,3,0,0
12880,1.0,0,1,1
12881,1.0,0,1,1
12882,1.0,0,1,1
12883,0.2,3,0,0
12884,0.2,3,0,0
12885,0.2,3,0,0
12886,1.0,0,1,1
12887,0.2,3,0,0
12888,0.2,3,0,0
12889,3.0,3,0,0
12890,1.0,0,1,1
12891,1.0,0,1,1
12892,1.0,0,1,1
12893,0.2,3,0,0
12894,2.2,0,1,1
12895,2.2,0,1,1
12896,0.2,3,0,0
12897,1.0,0,1,1
12898,0.2,3,0,0
12899,0.2,3,0,0
12900,1.0,0,1,1
12901,1.0,0,1,1
12902,1.0,0,1,1
12903,1.0,0,1,0
12904,1.0,0,1,1
12905,1.0,0,1,1
12906,0.2,3,0,0
12907,2.2,0,1,1
12908,1.0,0,1,1
12909,2.2,0,1,1
12910,0.2,3,0,0
12911,0.2,3,0,0
12912,1.0,0,0,0
12913,1.0,0,1,1
12914,1.0,0,1,1
12915,1.0,0,1,1
12916,0.2,3,0,0
12917,3.4000000000000004,1,1,0
12918,1.0,0,1,1
12919,1.0,0,1,1
12920,1.0,0,1,1
12921,1.0,0,1,0
12922,1.0,0,1,1
12923,1.0,0,1,1
12924,0.2,3,0,0
12925,1.0,0,1,1
12926,1.0,0,1,1
12927,1.0,0,1,1
12928,1.0,1,0,0
12929,1.0,0,1,1
12930,0.2,3,0,0
12931,1.0,0,1,1
12932,1.0,0,1,1
12933,0.2,3,0,0
12934,0.2,3,0,0
12935,0.2,3,0,0
12936,0.2,3,0,0
12937,3.4000000000000004,1,1,0
12938,0.2,3,0,0
12939,1.0,0,0,0
12940,0.2,3,0,0
12941,1.0,0,1,1
12942,2.2,0,1,1
12943,1.0,0,1,1
12944,0.2,3,0,0
12945,0.2,3,0,0
12946,1.0,0,1,1
12947,1.0,0,1,1
12948,1.0,0,1,1
12949,1.0,0,1,0
12950,1.0,0,1,1
12951,1.0,0,1,0
12952,1.0,0,0,1
12953,1.0,0,1,1
12954,0.2,3,0,0
12955,1.0,0,0,1
12956,1.0,0,1,0
12957,0.2,3,0,0
12958,1.0,0,1,1
12959,1.0,0,1,1
12960,1.0,0,1,1
12961,0.2,3,0,0
12962,0.2,3,0,0
12963,0.2,3,0,0
12964,2.2,0,1,1
12965,0.2,3,0,0
12966,3.0,0,1,1
12967,1.0,0,1,1
12968,0.2,3,0,0
12969,1.0,0,1,1
12970,0.2,3,0,0
12971,0.2,3,0,0
12972,1.0,0,0,1
12973,1.0,0,0,1
12974,2.2,0,1,1
12975,1.0,0,1,1
12976,1.0,0,1,1
12977,0.2,3,0,0
12978,0.2,3,0,0
12979,0.2,3,0,0
12980,0.2,3,0,0
12981,1.0,0,1,1
12982,1.0,0,1,1
12983,0.2,3,0,0
12984,0.2,3,0,0
12985,1.0,0,1,1
12986,1.0,0,1,1
12987,1.0,0,1,1
12988,0.2,3,0,0
12989,1.0,0,1,1
12990,1.0,0,1,1
12991,1.0,0,1,1
12992,1.0,0,0,1
12993,1.0,0,1,1
12994,1.0,0,1,1
12995,1.0,0,1,1
12996,1.0,0,1,1
12997,0.2,3,0,0
12998,1.0,0,0,1
12999,1.0,0,1,1
13000,1.0,0,1,1
13001,1.0,0,1,1
13002,1.0,0,1,0
13003,2.2,0,1,1
13004,1.0,0,1,1
13005,0.2,3,0,0
13006,0.2,3,0,0
13007,0.2,3,0,0
13008,1.0,0,0,1
13009,0.2,3,0,0
13010,2.2,0,1,1
13011,0.2,3,0,1
13012,0.2,3,0,0
13013,0.2,3,0,0
13014,0.2,3,0,0
13015,0.2,3,0,0
13016,0.2,3,0,0
13017,1.0,0,0,1
13018,2.2,0,1,1
13019,1.0,0,1,0
13020,1.0,0,1,1
13021,1.0,0,1,1
13022,1.0,0,1,1
13023,1.0,0,1,1
13024,0.2,3,0,0
13025,1.0,0,1,0
13026,0.2,3,0,0
13027,1.0,0,1,1
13028,1.0,0,0,1
13029,2.2,0,1,1
13030,0.2,3,0,0
13031,1.0,0,1,1
13032,1.0,0,1,1
13033,0.2,3,0,0
13034,1.0,0,1,0
13035,2.2,0,1,1
13036,1.0,0,0,1
13037,2.2,0,1,1
13038,0.2,3,0,0
13039,1.0,0,1,1
13040,0.2,3,0,0
13041,1.0,0,1,1
13042,1.0,0,0,1
13043,2.2,0,1,1
13044,0.2,3,0,0
13045,0.2,3,0,0
13046,1.0,0,1,1
13047,1.0,0,1,1
13048,2.2,0,1,1
13049,1.0,0,1,1
13050,0.2,3,0,0
13051,0.2,3,0,0
13052,0.2,3,0,0
13053,1.0,0,0,0
13054,0.2,3,0,0
13055,2.2,0,1,1
13056,0.2,3,0,0
13057,1.0,0,0,1
13058,0.2,3,0,0
13059,0.2,3,0,0
13060,0.2,3,0,0
13061,1.0,0,1,1
13062,0.2,3,0,0
13063,1.0,0,0,1
13064,1.0,0,1,1
13065,2.2,0,1,1
13066,2.2,0,1,1
13067,1.0,0,1,1
13068,0.2,3,0,0
13069,0.2,3,0,0
13070,1.0,0,1,1
13071,1.0,0,1,1
13072,0.2,3,0,0
13073,0.2,3,0,0
13074,1.0,0,1,1
13075,0.2,3,0,0
13076,1.0,0,1,0
13077,1.0,0,0,1
13078,1.0,0,1,1
13079,0.2,3,0,0
13080,1.0,0,0,1
13081,1.0,0,1,1
13082,1.0,0,1,1
13083,0.2,3,0,0
13084,1.0,0,1,1
13085,1.0,0,1,1
13086,0.2,3,0,0
13087,1.0,0,1,1
13088,2.2,0,1,1
13089,1.0,0,1,1
13090,0.2,3,0,0
13091,2.2,0,1,1
13092,0.2,3,0,0
13093,1.0,0,1,0
13094,1.0,0,1,0
13095,1.0,0,0,1
13096,1.0,0,1,1
13097,0.2,3,0,0
13098,1.0,0,1,1
13099,1.0,0,1,1
13100,0.2,3,0,0
13101,1.0,0,0,1
13102,1.0,0,1,1
13103,2.2,0,1,1
13104,1.0,0,1,1
13105,1.0,0,1,1
13106,0.2,3,0,0
13107,0.2,3,0,0
13108,0.2,3,0,0
13109,1.0,0,1,1
13110,2.2,0,1,1
13111,0.2,3,0,0
13112,1.0,0,1,1
13113,1.0,0,1,1
13114,1.0,0,1,1
13115,0.2,3,0,0
13116,0.2,3,0,0
13117,1.0,0,1,1
13118,1.0,3,0,0
13119,0.2,3,0,0
13120,0.2,3,0,0
13121,0.2,3,0,0
13122,1.0,0,1,1
13123,0.2,3,0,0
13124,1.0,3,0,0
13125,0.2,3,0,0
13126,1.0,0,1,1
13127,1.0,0,1,0
13128,2.2,0,0,1
13129,0.2,3,0,0
13130,1.0,0,0,1
13131,1.0,0,1,1
13132,2.2,0,1,1
13133,1.0,0,1,1
13134,0.2,3,0,1
13135,1.0,0,1,1
13136,0.2,3,0,0
13137,1.0,0,1,1
13138,0.2,3,0,0
13139,0.2,3,0,0
13140,1.0,0,1,1
13141,1.0,0,1,1
13142,1.0,0,0,1
13143,0.2,3,0,0
13144,2.2,0,0,1
13145,1.0,0,1,0
13146,1.0,0,1,1
13147,1.0,0,1,1
13148,0.2,3,0,0
13149,0.2,3,0,0
13150,0.2,3,0,0
13151,0.2,3,0,0
13152,1.0,0,1,1
13153,0.2,3,0,0
13154,0.2,3,0,0
13155,0.2,3,0,0
13156,0.2,3,0,0
13157,1.0,0,1,1
13158,0.2,3,0,0
13159,0.2,3,0,0
13160,1.0,0,1,0
13161,1.0,0,1,1
13162,1.0,0,1,1
13163,1.0,0,1,1
13164,1.0,0,1,1
13165,2.2,0,1,1
13166,1.0,0,1,1
13167,0.2,3,0,0
13168,1.0,0,1,1
13169,2.2,0,1,1
13170,1.0,0,1,1
13171,0.2,3,0,0
13172,1.0,0,1,1
13173,0.2,3,0,0
13174,1.0,0,1,1
13175,2.2,0,0,1
13176,1.0,0,0,1
13177,0.2,3,0,0
13178,0.2,3,0,0
13179,0.2,3,0,0
13180,1.0,0,1,1
13181,0.2,3,0,0
13182,1.0,0,1,1
13183,0.2,3,0,0
13184,0.2,3,0,0
13185,3.0,3,0,0
13186,1.0,0,1,1
13187,0.2,3,0,0
13188,0.2,3,0,0
13189,0.2,3,0,0
13190,1.0,0,1,1
13191,1.0,0,1,1
13192,0.2,3,0,0
13193,1.0,0,1,1
13194,1.0,0,1,1
13195,2.2,0,1,1
13196,1.0,0,1,1
13197,1.0,0,1,1
13198,0.2,3,0,0
13199,1.0,0,1,1
13200,1.0,0,0,1
13201,2.2,0,0,1
13202,1.0,0,1,1
13203,1.0,0,0,1
13204,1.0,0,1,1
13205,1.0,0,1,1
13206,1.0,0,1,1
13207,1.0,0,1,1
13208,1.0,0,1,1
13209,1.0,0,1,1
13210,0.2,3,0,0
13211,0.2,3,0,0
13212,0.2,3,0,0
13213,1.0,0,1,0
13214,1.0,0,1,1
13215,1.0,0,1,1
13216,1.0,0,1,1
13217,0.2,3,0,0
13218,0.2,3,0,0
13219,1.0,0,1,1
13220,0.2,3,0,0
13221,0.2,3,0,0
13222,2.2,0,0,1
13223,1.0,0,1,1
13224,0.2,3,0,0
13225,2.2,0,1,1
13226,0.2,3,0,0
13227,1.0,0,1,1
13228,0.2,3,0,0
13229,0.2,3,0,0
13230,1.0,0,0,0
13231,1.0,0,1,1
13232,0.2,3,0,0
13233,0.2,3,0,0
13234,2.2,0,0,1
13235,0.2,3,0,0
13236,1.0,0,1,0
13237,1.0,0,1,1
13238,1.0,0,1,1
13239,0.2,3,0,0
13240,0.2,3,0,0
13241,1.0,0,1,0
13242,1.0,0,1,1
13243,1.0,0,1,0
13244,0.2,3,0,0
13245,0.2,3,0,0
13246,0.2,3,0,0
13247,0.2,3,0,0
13248,1.0,0,1,1
13249,1.0,0,1,1
13250,0.2,3,0,0
13251,1.0,0,1,1
13252,0.2,3,0,0
13253,1.0,0,1,1
13254,2.2,0,1,1
13255,1.0,0,1,1
13256,1.0,0,1,1
13257,1.0,0,1,1
13258,0.2,3,0,0
13259,1.0,0,1,1
13260,0.2,3,0,0
13261,1.0,0,1,1
13262,0.2,3,0,0
13263,1.0,0,1,1
13264,0.2,3,0,0
13265,0.2,3,0,0
13266,0.2,3,0,0
13267,0.2,3,0,0
13268,1.0,0,1,1
13269,1.0,0,1,1
13270,0.2,3,0,1
13271,0.2,3,0,0
13272,1.0,0,1,1
13273,2.2,0,1,1
13274,1.0,0,1,0
13275,0.2,3,0,0
13276,1.0,0,0,1
13277,0.2,3,0,0
13278,1.0,0,1,1
13279,1.0,0,1,1
13280,1.0,0,1,1
13281,0.2,3,0,0
13282,1.0,1,0,0
13283,2.2,0,1,1
13284,0.2,3,0,0
13285,1.0,0,1,1
13286,1.0,0,1,1
13287,1.0,0,1,1
13288,0.2,3,0,0
13289,0.2,3,0,0
13290,0.2,3,0,0
13291,1.0,0,1,1
13292,2.2,0,1,1
13293,2.2,0,1,1
13294,1.0,0,0,1
13295,2.2,0,1,1
13296,0.2,3,0,0
13297,2.2,0,1,1
13298,0.2,3,0,0
13299,0.2,3,0,0
13300,1.0,0,1,1
13301,0.2,3,0,0
13302,1.0,0,1,1
13303,1.0,0,1,1
13304,0.2,3,0,0
13305,0.2,3,0,0
13306,0.2,3,0,0
13307,1.0,0,0,1
13308,1.0,0,1,1
13309,1.0,0,1,1
13310,1.0,0,1,1
13311,1.0,0,1,1
13312,0.2,3,0,0
13313,1.0,0,1,1
13314,1.0,0,0,1
13315,0.2,3,0,0
13316,1.0,0,1,1
13317,1.0,0,1,1
13318,1.0,0,1,1
13319,1.0,0,1,1
13320,1.0,0,1,0
13321,0.2,3,0,0
13322,1.0,3,0,0
13323,1.0,0,1,0
13324,1.0,0,1,1
13325,1.0,0,1,1
13326,0.2,3,0,0
13327,1.0,0,1,1
13328,2.2,0,1,1
13329,1.0,0,1,1
13330,1.0,1,0,0
13331,0.2,3,0,1
13332,0.2,3,0,0
13333,0.2,3,0,0
13334,1.0,0,1,1
13335,1.0,3,0,0
13336,0.2,3,0,0
13337,1.0,0,1,1
13338,2.2,0,1,1
13339,0.2,3,0,0
13340,0.2,3,0,0
13341,2.2,0,1,1
13342,0.2,3,0,0
13343,1.0,0,1,1
13344,1.0,0,1,1
13345,0.2,3,0,0
13346,0.2,3,0,0
13347,1.0,0,1,1
13348,0.2,3,0,0
13349,2.2,0,1,1
13350,1.0,0,1,1
13351,1.0,0,1,1
13352,1.0,0,1,1
13353,1.0,0,1,0
13354,1.0,0,1,1
13355,0.2,3,0,0
13356,1.0,0,1,1
13357,1.0,3,0,0
13358,0.2,3,0,0
13359,1.0,0,1,1
13360,1.0,0,1,1
13361,0.2,3,0,0
13362,1.0,0,1,1
13363,0.2,3,0,0
13364,1.0,0,1,1
13365,0.2,3,0,1
13366,0.2,3,0,0
13367,0.2,3,0,0
13368,3.4000000000000004,1,1,0
13369,1.0,0,1,1
13370,1.0,0,1,1
13371,0.2,3,0,0
13372,0.2,3,0,0
13373,1.0,0,0,1
13374,0.2,3,0,0
13375,0.2,3,0,0
13376,0.2,3,0,0
13377,0.2,3,0,0
13378,0.2,3,0,0
13379,0.2,3,0,0
13380,0.2,3,0,0
13381,1.0,0,1,1
13382,3.0,0,1,1
13383,1.0,0,1,1
13384,1.0,0,0,1
13385,1.0,0,1,1
13386,1.0,1,0,0
13387,0.2,3,0,0
13388,1.0,0,1,1
13389,1.0,0,1,1
13390,1.0,0,1,1
13391,0.2,3,0,0
13392,1.0,0,1,1
13393,0.2,3,0,0
13394,2.2,0,1,1
13395,1.0,0,0,0
13396,0.2,3,0,0
13397,1.0,0,1,0
13398,0.2,3,0,0
13399,0.2,3,0,0
13400,0.2,3,0,0
13401,0.2,3,0,0
13402,0.2,3,0,0
13403,1.0,0,1,1
13404,0.2,3,0,0
13405,0.2,3,0,0
13406,0.2,3,0,0
13407,0.2,3,0,0
13408,1.0,0,1,1
13409,1.0,0,1,1
13410,1.0,0,0,1
13411,1.0,0,1,1
13412,1.0,3,0,0
13413,1.0,0,0,0
13414,2.2,0,1,1
13415,0.2,3,0,0
13416,1.0,0,1,1
13417,1.0,0,0,1
13418,0.2,3,0,0
13419,1.0,0,1,0
13420,2.2,0,1,1
13421,0.2,3,0,0
13422,1.0,0,1,1
13423,0.2,3,0,0
13424,1.0,0,0,1
13425,0.2,3,0,0
13426,1.0,0,1,1
13427,1.0,0,1,1
13428,3.0,0,1,1
13429,2.2,0,1,1
13430,0.2,3,0,0
13431,1.0,0,1,1
13432,1.0,0,1,1
13433,1.0,0,1,1
13434,0.2,3,0,0
13435,0.2,3,0,0
13436,0.2,3,0,0
13437,0.2,3,0,0
13438,2.2,0,1,1
13439,2.2,0,1,1
13440,1.0,0,1,1
13441,1.0,0,1,1
13442,1.0,0,1,0
13443,0.2,3,0,1
13444,2.2,0,1,1
13445,1.0,0,1,1
13446,0.2,3,0,0
13447,0.2,3,0,0
13448,0.2,3,0,0
13449,1.0,0,1,0
13450,0.2,3,0,0
13451,0.2,3,0,0
13452,1.0,0,1,1
13453,0.2,3,0,0
13454,1.0,0,1,1
13455,0.2,3,0,0
13456,0.2,3,0,0
13457,0.2,3,0,0
13458,0.2,3,0,0
13459,0.2,3,0,0
13460,1.0,1,0,0
13461,1.0,0,1,0
13462,0.2,3,0,0
13463,1.0,0,1,1
13464,0.2,3,0,0
13465,2.2,0,1,1
13466,1.0,0,1,1
13467,1.0,0,1,0
13468,1.0,0,1,1
13469,1.0,0,1,1
13470,1.0,0,1,1
13471,0.2,3,0,0
13472,2.2,0,1,1
13473,0.2,3,0,0
13474,0.2,3,0,0
13475,0.2,3,0,0
13476,1.0,0,1,1
13477,0.2,3,0,0
13478,0.2,3,0,0
13479,0.2,3,0,0
13480,0.2,3,0,0
13481,1.0,0,1,1
13482,0.2,3,0,0
13483,0.2,3,0,0
13484,1.0,0,1,1
13485,1.0,0,1,1
13486,0.2,3,0,0
13487,0.2,3,0,0
13488,1.0,0,1,1
13489,0.2,3,0,0
13490,1.0,0,1,1
13491,1.0,0,1,0
13492,1.0,0,1,1
13493,2.2,0,1,1
13494,2.2,0,1,1
13495,0.2,3,0,0
13496,1.0,0,1,1
13497,1.0,0,0,1
13498,2.2,0,1,1
13499,1.0,0,1,1
13500,0.2,3,0,0
13501,0.2,3,0,0
13502,2.2,0,0,1
13503,1.0,0,0,1
13504,1.0,0,1,1
13505,1.0,0,1,1
13506,1.0,0,1,1
13507,0.2,3,0,0
13508,1.0,0,0,1
13509,1.0,0,1,1
13510,1.0,0,1,1
13511,1.0,0,0,1
13512,0.2,3,0,0
13513,0.2,3,0,0
13514,0.2,3,0,0
13515,0.2,3,0,0
13516,2.2,0,1,1
13517,0.2,3,0,0
13518,1.0,0,1,1
13519,2.2,0,1,1
13520,0.2,3,0,1
13521,1.0,0,1,1
13522,2.2,0,1,1
13523,0.2,3,0,0
13524,1.0,0,1,1
13525,1.0,0,0,0
13526,1.0,0,0,1
13527,1.0,0,1,1
13528,0.2,3,0,0
13529,0.2,3,0,0
13530,0.2,3,0,0
13531,1.0,0,1,1
13532,0.2,3,0,0
13533,1.0,0,1,0
13534,1.0,0,1,1
13535,0.2,3,0,0
13536,1.0,0,1,1
13537,1.0,0,1,1
13538,1.0,0,1,1
13539,2.2,0,1,1
13540,1.0,0,0,0
13541,1.0,0,1,1
13542,0.2,3,0,0
13543,1.0,0,0,1
13544,1.0,0,1,1
13545,0.2,3,0,0
13546,1.0,0,1,1
13547,0.2,3,0,0
13548,1.0,0,1,1
13549,0.2,3,0,0
13550,1.0,0,1,1
13551,1.0,0,1,1
13552,0.2,3,0,0
13553,1.0,3,0,0
13554,0.2,3,0,0
13555,0.2,3,0,0
13556,0.2,3,0,0
13557,1.0,0,1,1
13558,1.0,0,1,1
13559,1.0,0,1,1
13560,0.2,3,0,0
13561,1.0,0,1,1
13562,0.2,3,0,0
13563,0.2,3,0,0
13564,1.0,0,1,1
13565,0.2,3,0,0
13566,1.0,0,1,1
13567,0.2,3,0,0
13568,1.0,0,1,1
13569,0.2,3,0,0
13570,1.0,0,1,1
13571,1.0,0,1,1
13572,2.2,0,1,1
13573,0.2,3,0,0
13574,0.2,3,0,0
13575,0.2,3,0,0
13576,1.0,0,0,1
13577,1.0,0,1,1
13578,0.2,3,0,0
13579,1.0,0,1,1
13580,0.2,3,0,0
13581,1.0,0,1,1
13582,1.0,0,1,1
13583,1.0,0,1,1
13584,1.0,3,0,0
13585,2.2,0,1,1
13586,1.0,0,1,1
13587,0.2,3,0,0
13588,0.2,3,0,0
13589,1.0,0,1,1
13590,1.0,0,0,1
13591,1.0,0,1,1
13592,1.0,0,1,1
13593,0.2,3,0,0
13594,0.2,3,0,0
13595,0.2,3,0,0
13596,0.2,3,0,0
13597,0.2,3,0,0
13598,3.0,0,1,1
13599,1.0,0,1,1
13600,3.0,0,1,1
13601,1.0,0,1,1
13602,2.2,0,1,1
13603,0.2,3,0,0
13604,2.2,0,1,1
13605,1.0,0,1,1
13606,1.0,0,1,1
13607,1.0,0,0,1
13608,0.2,3,0,0
13609,1.0,0,1,1
13610,0.2,3,0,0
13611,1.0,0,1,1
13612,1.0,0,1,1
13613,0.2,3,0,0
13614,1.0,0,1,1
13615,0.2,3,0,0
13616,1.0,0,1,0
13617,0.2,3,0,0
13618,0.2,3,0,0
13619,1.0,0,0,1
13620,1.0,0,1,1
13621,0.2,3,0,0
13622,0.2,3,0,0
13623,1.0,1,0,0
13624,1.0,0,1,1
13625,0.2,3,0,0
13626,1.0,0,1,1
13627,1.0,0,1,1
13628,0.2,3,0,0
13629,0.2,3,0,0
13630,1.0,0,1,1
13631,0.2,3,0,0
13632,1.0,0,1,1
13633,1.0,0,1,1
13634,0.2,3,0,0
13635,0.2,3,0,0
13636,0.2,3,0,0
13637,1.0,0,0,0
13638,2.2,0,1,1
13639,1.0,0,1,0
13640,0.2,3,0,0
13641,1.0,0,1,1
13642,0.2,3,0,0
13643,1.0,0,1,1
13644,0.2,3,0,0
13645,1.0,0,1,1
13646,0.2,3,0,0
13647,0.2,3,0,0
13648,1.0,0,1,1
13649,0.2,3,0,0
13650,1.0,0,1,0
13651,0.2,3,0,0
13652,0.2,3,0,0
13653,1.0,0,1,1
13654,0.2,3,0,0
13655,0.2,3,0,0
13656,1.0,0,1,1
13657,0.2,3,0,0
13658,1.0,0,1,1
13659,1.0,0,1,1
13660,1.0,0,0,1
13661,1.0,0,1,1
13662,0.2,3,0,0
13663,1.0,0,1,1
13664,0.2,3,0,0
13665,1.0,0,1,1
13666,1.0,0,1,1
13667,0.2,3,0,0
13668,1.0,0,1,1
13669,1.0,0,1,1
13670,0.2,3,0,0
13671,0.2,3,0,0
13672,1.0,0,1,0
13673,1.0,0,1,1
13674,1.0,0,0,1
13675,2.2,0,0,1
13676,1.0,0,1,1
13677,1.0,0,1,1
13678,0.2,3,0,0
13679,1.0,0,1,1
13680,0.2,3,0,0
13681,1.0,0,1,1
13682,1.0,0,1,1
13683,2.2,0,1,1
13684,1.0,0,1,1
13685,0.2,3,0,0
13686,2.2,0,0,1
13687,1.0,0,1,1
13688,0.2,3,0,0
13689,0.2,3,0,0
13690,0.2,3,0,0
13691,0.2,3,0,0
13692,1.0,0,1,1
13693,2.2,0,1,1
13694,1.0,0,1,1
13695,1.0,0,1,1
13696,0.2,3,0,0
13697,0.2,3,0,0
13698,1.0,0,1,1
13699,1.0,0,1,1
13700,0.2,3,0,0
13701,0.2,3,0,0
13702,0.2,3,0,0
13703,1.0,0,1,0
13704,1.0,0,0,1
13705,0.2,3,0,0
13706,0.2,3,0,0
13707,1.0,0,1,1
13708,0.2,3,0,0
13709,0.2,3,0,0
13710,2.2,0,1,1
13711,0.2,3,0,0
13712,0.2,3,0,1
13713,1.0,0,1,1
13714,2.2,0,1,1
13715,2.2,0,1,1
13716,2.2,0,1,1
13717,1.0,0,1,1
13718,1.0,1,0,0
13719,1.0,0,1,0
13720,0.2,3,0,0
13721,0.2,3,0,0
13722,1.0,0,1,1
13723,1.0,0,1,1
13724,2.2,0,1,1
13725,1.0,0,1,1
13726,1.0,0,0,1
13727,2.2,0,1,1
13728,1.0,0,0,0
13729,1.0,0,1,1
13730,2.2,0,1,1
13731,1.0,0,1,1
13732,0.2,3,0,0
13733,0.2,3,0,0
13734,1.0,0,0,1
13735,1.0,0,1,1
13736,0.2,3,0,0
13737,1.0,0,1,1
13738,1.0,0,1,1
13739,2.2,0,1,1
13740,1.0,0,1,1
13741,1.0,0,0,1
13742,0.2,3,0,0
13743,0.2,3,0,0
13744,0.2,3,0,0
13745,1.0,0,1,1
13746,2.2,0,1,1
13747,2.2,0,1,1
13748,0.2,3,0,0
13749,1.0,0,0,1
13750,1.0,0,1,1
13751,0.2,3,0,0
13752,1.0,0,1,1
13753,1.0,0,0,1
13754,0.2,3,0,0
13755,0.2,3,0,0
13756,1.0,0,1,1
13757,0.2,3,0,0
13758,2.2,0,0,1
13759,1.0,0,1,1
13760,0.2,3,0,0
13761,0.2,3,0,0
13762,0.2,3,0,0
13763,1.0,3,0,0
13764,0.2,3,0,0
13765,0.2,3,0,0
13766,0.2,3,0,0
13767,0.2,3,0,0
13768,0.2,3,0,0
13769,1.0,0,1,1
13770,2.2,0,1,1
13771,0.2,3,0,0
13772,0.2,3,0,0
13773,0.2,3,0,0
13774,0.2,3,0,0
13775,1.0,0,0,0
13776,0.2,3,0,0
13777,0.2,3,0,0
13778,1.0,0,1,1
13779,0.2,3,0,1
13780,0.2,3,0,0
13781,1.0,0,1,1
13782,1.0,0,1,1
13783,0.2,3,0,0
13784,0.2,3,0,0
13785,0.2,3,0,0
13786,1.0,0,1,1
13787,2.2,0,1,1
13788,0.2,3,0,0
13789,1.0,0,0,1
13790,1.0,0,1,0
13791,0.2,3,0,0
13792,1.0,0,1,1
13793,2.2,0,1,1
13794,1.0,0,1,0
13795,2.2,0,1,1
13796,0.2,3,0,0
13797,1.0,0,0,1
13798,0.2,3,0,0
13799,1.0,0,0,1
13800,0.2,3,0,0
13801,1.0,0,1,1
13802,1.0,0,1,1
13803,1.0,0,1,1
13804,0.2,3,0,0
13805,1.0,0,1,0
13806,1.0,0,0,0
13807,3.0,3,0,0
13808,1.0,0,1,1
13809,2.2,0,1,1
13810,0.2,3,0,0
13811,0.2,3,0,0
13812,1.0,0,1,1
13813,2.2,0,1,1
13814,1.0,1,0,0
13815,1.0,0,1,1
13816,0.2,3,0,0
13817,1.0,0,1,1
13818,0.2,3,0,0
13819,0.2,3,0,0
13820,2.2,0,1,1
13821,0.2,3,0,0
13822,0.2,3,0,0
13823,0.2,3,0,0
13824,2.2,0,1,1
13825,1.0,0,1,0
13826,1.0,0,1,1
13827,1.0,0,1,1
13828,0.2,3,0,0
13829,1.0,0,1,1
13830,1.0,0,1,0
13831,1.0,0,1,0
13832,2.2,0,1,1
13833,1.0,0,1,1
13834,0.2,3,0,0
13835,0.2,3,0,0
13836,0.2,3,0,0
13837,0.2,3,0,0
13838,2.2,0,1,1
13839,1.0,0,0,1
13840,2.2,0,1,1
13841,1.0,0,0,0
13842,1.0,0,1,1
13843,1.0,0,1,1
13844,0.2,3,0,1
13845,0.2,3,0,0
13846,0.2,3,0,1
13847,2.2,0,1,1
13848,1.0,0,1,1
13849,0.2,3,0,0
13850,1.0,0,0,1
13851,1.0,0,1,1
13852,1.0,0,1,1
13853,1.0,0,1,1
13854,1.0,0,1,1
13855,0.2,3,0,1
13856,0.2,3,0,0
13857,1.0,0,1,1
13858,2.2,0,1,1
13859,0.2,3,0,0
13860,1.0,3,0,0
13861,0.2,3,0,0
13862,1.0,0,1,0
13863,0.2,3,0,0
13864,1.0,0,1,0
13865,2.2,0,1,1
13866,0.2,3,0,0
13867,1.0,0,0,1
13868,2.2,0,1,1
13869,1.0,0,1,1
13870,2.2,0,1,1
13871,0.2,3,0,0
13872,1.0,0,0,1
13873,2.2,0,1,1
13874,1.0,0,1,1
13875,1.0,0,1,1
13876,0.2,3,0,0
13877,1.0,0,1,1
13878,0.2,3,0,0
13879,0.2,3,0,0
13880,0.2,3,0,0
13881,1.0,0,1,1
13882,1.0,0,1,1
13883,1.0,0,1,1
13884,1.0,0,1,1
13885,1.0,0,1,1
13886,1.0,0,1,1
13887,2.2,0,1,1
13888,1.0,0,1,0
13889,1.0,0,1,1
13890,1.0,0,1,1
13891,1.0,0,1,1
13892,1.0,0,1,1
13893,0.2,3,0,0
13894,1.0,0,1,1
13895,0.2,3,0,0
13896,1.0,0,0,1
13897,1.0,0,1,1
13898,0.2,3,0,0
13899,1.0,0,0,1
13900,1.0,0,1,1
13901,1.0,0,1,1
13902,2.2,0,1,1
13903,1.0,0,1,1
13904,2.2,0,1,1
13905,2.2,0,1,1
13906,2.2,0,1,1
13907,0.2,3,0,0
13908,0.2,3,0,0
13909,1.0,0,1,1
13910,1.0,0,1,1
13911,0.2,3,0,0
13912,0.2,3,0,0
13913,1.0,0,0,1
13914,1.0,0,1,1
13915,1.0,0,1,1
13916,1.0,0,1,0
13917,2.2,0,1,1
13918,0.2,3,0,0
13919,0.2,3,0,0
13920,1.0,0,0,1
13921,0.2,3,0,0
13922,0.2,3,0,0
13923,0.2,3,0,0
13924,1.0,0,0,1
13925,1.0,0,0,1
13926,0.2,3,0,0
13927,0.2,3,0,0
13928,1.0,0,1,1
13929,1.0,0,0,1
13930,0.2,3,0,0
13931,0.2,3,0,0
13932,1.0,0,1,1
13933,1.0,0,1,1
13934,2.2,0,1,1
13935,1.0,0,1,1
13936,1.0,0,1,0
13937,0.2,3,0,0
13938,1.0,0,1,1
13939,0.2,3,0,0
13940,0.2,3,0,0
13941,0.2,3,0,0
13942,0.2,3,0,0
13943,1.0,3,0,0
13944,1.0,0,1,1
13945,1.0,0,1,1
13946,1.0,0,1,1
13947,1.0,0,1,1
13948,0.2,3,0,0
13949,1.0,0,1,1
13950,0.2,3,0,0
13951,0.2,0,0,1
13952,2.2,0,1,1
13953,0.2,3,0,0
13954,1.0,0,1,1
13955,0.2,3,0,0
13956,0.2,3,0,0
13957,1.0,0,0,1
13958,0.2,3,0,0
13959,0.2,3,0,0
13960,2.2,0,1,1
13961,1.0,0,1,1
13962,0.2,3,0,0
13963,1.0,0,0,1
13964,1.0,0,0,1
13965,1.0,0,1,1
13966,1.0,0,1,1
13967,1.0,0,1,0
13968,0.2,3,0,0
13969,0.2,3,0,0
13970,1.0,0,1,1
13971,0.2,3,0,0
13972,1.0,0,1,1
13973,1.0,0,1,1
13974,2.2,0,1,1
13975,0.2,3,0,0
13976,1.0,0,1,1
13977,1.0,0,1,1
13978,1.0,0,1,1
13979,0.2,3,0,0
13980,1.0,0,1,1
13981,1.0,0,0,1
13982,1.0,0,1,1
13983,1.0,0,1,1
13984,0.2,3,0,0
13985,1.0,0,1,1
13986,0.2,3,0,0
13987,1.0,0,1,1
13988,1.0,0,1,1
13989,0.2,3,0,0
13990,0.2,3,0,0
13991,1.0,0,1,1
13992,0.2,3,0,0
13993,1.0,0,1,0
13994,0.2,3,0,0
13995,2.2,0,1,1
13996,1.0,0,1,1
13997,3.0,0,1,1
13998,1.0,0,1,1
13999,1.0,0,1,1
14000,0.2,3,0,0
14001,0.2,3,0,0
14002,0.2,3,0,0
14003,1.0,0,1,1
14004,0.2,3,0,0
14005,1.0,0,0,0
14006,0.2,3,0,0
14007,1.0,0,0,1
14008,2.2,0,1,1
14009,0.2,3,0,0
14010,1.0,0,1,1
14011,0.2,3,0,0
14012,1.0,0,0,1
14013,1.0,0,1,1
14014,0.2,3,0,0
14015,1.0,0,1,1
14016,2.2,0,1,1
14017,1.0,0,1,1
14018,0.2,3,0,0
14019,1.0,0,1,1
14020,2.2,0,1,1
14021,0.2,3,0,0
14022,0.2,3,0,0
14023,2.2,0,1,1
14024,0.2,3,0,0
14025,1.0,0,1,1
14026,1.0,0,1,1
14027,0.2,3,0,0
14028,1.0,1,0,0
14029,0.2,3,0,0
14030,1.0,0,1,1
14031,1.0,0,0,1
14032,0.2,3,0,0
14033,0.2,3,0,0
14034,1.0,0,0,1
14035,1.0,0,1,1
14036,0.2,3,0,0
14037,0.2,3,0,0
14038,1.0,0,0,0
14039,1.0,0,1,1
14040,0.2,3,0,0
14041,2.2,0,1,1
14042,3.0,0,1,1
14043,1.0,0,1,1
14044,2.2,0,1,1
14045,0.2,3,0,0
14046,1.0,0,1,1
14047,1.0,0,1,1
14048,1.0,0,0,1
14049,0.2,3,0,0
14050,0.2,3,0,0
14051,1.0,0,1,1
14052,1.0,0,1,1
14053,0.2,3,0,0
14054,0.2,3,0,0
14055,2.2,0,1,1
14056,0.2,3,0,0
14057,1.0,0,1,1
14058,1.0,0,1,1
14059,0.2,3,0,0
14060,0.2,3,0,0
14061,0.2,3,0,0
14062,0.2,3,0,0
14063,0.2,3,0,0
14064,0.2,3,0,0
14065,0.2,3,0,0
14066,2.2,0,1,1
14067,1.0,0,1,1
14068,1.0,0,1,1
14069,1.0,0,1,0
14070,1.0,0,1,0
14071,1.0,0,1,1
14072,0.2,3,0,0
14073,0.2,3,0,0
14074,0.2,3,0,0
14075,1.0,0,0,1
14076,0.2,3,0,0
14077,1.0,0,0,1
14078,1.0,0,1,1
14079,2.2,0,1,1
14080,0.2,3,0,0
14081,1.0,0,1,1
14082,0.2,3,0,0
14083,1.0,0,1,1
14084,0.2,3,0,0
14085,1.0,0,1,1
14086,1.0,0,1,0
14087,1.0,0,1,1
14088,1.0,0,1,1
14089,0.2,3,0,0
14090,2.2,0,1,1
14091,1.0,0,1,1
14092,0.2,3,0,0
14093,1.0,0,1,1
14094,2.2,0,1,1
14095,1.0,0,1,1
14096,2.2,0,1,1
14097,0.2,3,0,0
14098,1.0,0,1,1
14099,1.0,0,1,0
14100,0.2,3,0,0
14101,1.0,0,1,1
14102,1.0,0,1,1
14103,0.2,3,0,0
14104,0.2,3,0,0
14105,1.0,0,1,0
14106,1.0,0,1,0
14107,1.0,0,1,1
14108,2.2,0,1,1
14109,0.2,3,0,0
14110,0.2,3,0,1
14111,1.0,0,1,1
14112,1.0,0,1,1
14113,1.0,0,1,1
14114,1.0,0,1,1
14115,1.0,0,1,0
14116,0.2,3,0,0
14117,2.2,0,1,1
14118,1.0,0,1,0
14119,0.2,3,0,0
14120,1.0,0,0,0
14121,2.2,0,0,1
14122,1.0,0,0,1
14123,0.2,3,0,0
14124,1.0,0,1,1
14125,1.0,0,0,1
14126,0.2,3,0,0
14127,0.2,3,0,0
14128,0.2,3,0,0
14129,1.0,0,1,1
14130,1.0,1,0,0
14131,2.2,0,1,1
14132,1.0,0,1,1
14133,0.2,3,0,0
14134,0.2,3,0,0
14135,0.2,3,0,0
14136,1.0,0,1,1
14137,1.0,0,1,0
14138,1.0,0,1,0
14139,0.2,3,0,0
14140,1.0,0,1,1
14141,1.0,0,1,1
14142,1.0,0,1,1
14143,0.2,3,0,0
14144,1.0,0,1,1
14145,1.0,0,1,1
14146,1.0,0,1,0
14147,1.0,0,1,1
14148,2.2,0,1,1
14149,1.0,0,0,1
14150,1.0,0,1,1
14151,0.2,3,0,0
14152,1.0,0,1,1
14153,1.0,0,1,1
14154,1.0,0,0,1
14155,0.2,3,0,0
14156,0.2,3,0,0
14157,0.2,3,0,0
14158,1.0,0,1,1
14159,0.2,3,0,0
14160,1.0,0,0,1
14161,1.0,0,1,1
14162,0.2,3,0,0
14163,1.0,0,1,1
14164,0.2,3,0,1
14165,0.2,3,0,0
14166,1.0,0,0,1
14167,0.2,3,0,0
14168,0.2,3,0,0
14169,1.0,0,1,1
14170,0.2,3,0,0
14171,1.0,0,1,1
14172,0.2,3,0,0
14173,1.0,0,1,1
14174,1.0,0,1,1
14175,0.2,3,0,0
14176,0.2,3,0,0
14177,0.2,3,0,0
14178,1.0,0,1,1
14179,0.2,3,0,0
14180,1.0,0,1,1
14181,1.0,0,1,1
14182,2.2,0,1,1
14183,1.0,0,1,1
14184,0.2,3,0,0
14185,0.2,3,0,0
14186,1.0,0,1,1
14187,1.0,3,0,0
14188,1.0,0,1,1
14189,0.2,3,0,0
14190,0.2,3,0,0
14191,1.0,0,1,1
14192,1.0,0,1,1
14193,1.0,0,1,0
14194,1.0,0,1,0
14195,0.2,3,0,0
14196,0.2,3,0,0
14197,1.0,0,1,1
14198,2.2,0,1,1
14199,0.2,3,0,0
14200,0.2,3,0,0
14201,0.2,3,0,0
14202,0.2,3,0,1
14203,0.2,3,0,0
14204,1.0,0,1,1
14205,1.0,0,1,1
14206,1.0,0,1,1
14207,0.2,3,0,0
14208,0.2,3,0,0
14209,1.0,0,1,1
14210,1.0,1,0,0
14211,1.0,0,0,1
14212,2.2,0,1,1
14213,0.2,3,0,0
14214,1.0,0,1,0
14215,1.0,0,1,1
14216,0.2,3,0,0
14217,0.2,3,0,0
14218,1.0,0,1,0
14219,0.2,3,0,0
14220,0.2,3,0,0
14221,0.2,3,0,0
14222,0.2,3,0,0
14223,0.2,3,0,0
14224,0.2,3,0,0
14225,0.2,3,0,0
14226,0.2,3,0,0
14227,1.0,0,1,1
14228,1.0,0,1,1
14229,1.0,0,1,1
14230,2.2,0,1,1
14231,1.0,0,1,0
14232,2.2,0,1,1
14233,1.0,0,1,1
14234,1.0,0,1,1
14235,0.2,3,0,0
14236,2.2,0,1,1
14237,0.2,3,0,0
14238,0.2,3,0,0
14239,0.2,3,0,0
14240,1.0,0,1,1
14241,0.2,3,0,1
14242,1.0,0,1,1
14243,1.0,0,0,1
14244,1.0,0,1,1
14245,0.2,3,0,0
14246,1.0,0,1,1
14247,2.2,0,0,1
14248,2.2,0,1,1
14249,0.2,3,0,0
14250,1.0,0,1,1
14251,0.2,3,0,0
14252,0.2,3,0,0
14253,1.0,0,1,1
14254,0.2,3,0,0
14255,1.0,0,1,1
14256,2.2,0,1,1
14257,2.2,0,0,1
14258,0.2,3,0,0
14259,2.2,0,1,1
14260,1.0,0,1,1
14261,1.0,0,1,0
14262,0.2,3,0,0
14263,1.0,0,0,1
14264,2.2,0,1,1
14265,0.2,3,0,0
14266,0.2,3,0,0
14267,0.2,3,0,0
14268,1.0,0,1,1
14269,0.2,3,0,0
14270,0.2,3,0,0
14271,0.2,3,0,0
14272,0.2,3,0,0
14273,2.2,0,1,1
14274,0.2,3,0,0
14275,1.0,0,1,1
14276,1.0,0,1,1
14277,2.2,0,1,1
14278,0.2,3,0,0
14279,0.2,3,0,0
14280,1.0,0,1,1
14281,0.2,3,0,0
14282,1.0,0,1,1
14283,1.0,0,1,0
14284,1.0,0,1,1
14285,0.2,3,0,0
14286,2.2,0,1,1
14287,1.0,0,1,1
14288,0.2,3,0,0
14289,1.0,0,1,1
14290,1.0,0,1,1
14291,1.0,0,1,1
14292,0.2,3,0,0
14293,1.0,0,1,0
14294,1.0,0,0,1
14295,0.2,3,0,0
14296,0.2,3,0,0
14297,0.2,3,0,0
14298,0.2,3,0,0
14299,1.0,0,1,1
14300,1.0,0,1,1
14301,2.2,0,1,1
14302,0.2,3,0,0
14303,1.0,0,0,1
14304,0.2,3,0,0
14305,0.2,3,0,0
14306,1.0,0,0,1
14307,1.0,0,1,1
14308,0.2,3,0,0
14309,1.0,0,1,1
14310,1.0,0,1,1
14311,2.2,0,1,1
14312,1.0,0,1,1
14313,0.2,3,0,0
14314,0.2,3,0,0
14315,0.2,3,0,0
14316,0.2,3,0,0
14317,1.0,0,1,1
14318,1.0,0,1,1
14319,1.0,0,1,1
14320,1.0,0,1,1
14321,1.0,0,1,1
14322,1.0,0,1,1
14323,1.0,0,1,0
14324,2.2,0,0,1
14325,0.2,3,0,0
14326,1.0,0,0,1
14327,1.0,0,0,1
14328,0.2,3,0,0
14329,0.2,3,0,0
14330,0.2,0,0,1
14331,1.0,0,1,1
14332,0.2,3,0,0
14333,0.2,3,0,0
14334,1.0,0,0,1
14335,1.0,0,1,1
14336,1.0,0,1,1
14337,1.0,0,1,1
14338,1.0,0,0,1
14339,1.0,0,0,1
14340,0.2,3,0,0
14341,1.0,0,1,0
14342,0.2,3,0,0
14343,0.2,3,0,0
14344,1.0,0,1,1
14345,0.2,3,0,0
14346,0.2,3,0,0
14347,1.0,0,1,0
14348,1.0,0,1,1
14349,1.0,0,0,1
14350,0.2,3,0,0
14351,0.2,3,0,1
14352,0.2,3,0,0
14353,0.2,3,0,0
14354,0.2,3,0,0
14355,1.0,0,1,1
14356,1.0,0,1,1
14357,1.0,0,1,1
14358,1.0,0,0,1
14359,1.0,0,1,1
14360,1.0,0,1,0
14361,1.0,0,1,1
14362,2.2,0,1,1
14363,0.2,3,0,0
14364,1.0,0,1,0
14365,0.2,3,0,0
14366,0.2,3,0,0
14367,0.2,3,0,0
14368,0.2,3,0,0
14369,0.2,3,0,0
14370,0.2,3,0,0
14371,0.2,3,0,0
14372,1.0,1,0,0
14373,0.2,3,0,0
14374,2.2,0,1,1
14375,0.2,3,0,0
14376,0.2,3,0,0
14377,1.0,0,1,1
14378,0.2,3,0,0
14379,0.2,3,0,0
14380,2.2,0,1,1
14381,1.0,0,1,1
14382,1.0,0,1,1
14383,3.0,3,0,0
14384,2.2,0,1,1
14385,0.2,3,0,0
14386,1.0,0,1,1
14387,2.2,0,1,1
14388,0.2,3,0,0
14389,2.2,0,1,1
14390,1.0,0,0,1
14391,1.0,0,1,1
14392,1.0,0,1,0
14393,1.0,0,1,1
14394,1.0,0,0,1
14395,2.2,0,1,1
14396,1.0,0,0,1
14397,1.0,0,1,1
14398,0.2,3,0,0
14399,1.0,0,1,1
14400,0.2,3,0,0
14401,0.2,3,0,0
14402,0.2,3,0,0
14403,0.2,3,0,0
14404,1.0,0,1,1
14405,1.0,0,1,1
14406,2.2,0,1,1
14407,0.2,3,0,0
14408,1.0,0,0,1
14409,1.0,0,1,0
14410,1.0,0,1,1
14411,0.2,3,0,0
14412,2.2,0,1,1
14413,0.2,3,0,0
14414,1.0,0,1,1
14415,0.2,3,0,0
14416,1.0,0,1,0
14417,0.2,3,0,0
14418,0.2,3,0,0
14419,0.2,3,0,0
14420,2.2,0,1,1
14421,0.2,3,0,0
14422,0.2,3,0,0
14423,1.0,0,1,1
14424,1.0,0,0,1
14425,0.2,3,0,0
14426,0.2,3,0,0
14427,1.0,0,1,1
14428,1.0,0,1,0
14429,1.0,0,1,1
14430,1.0,0,1,1
14431,0.2,3,0,0
14432,1.0,0,1,1
14433,1.0,0,1,1
14434,0.2,3,0,0
14435,0.2,3,0,0
14436,0.2,3,0,0
14437,1.0,0,1,1
14438,0.2,3,0,0
14439,1.0,0,1,1
14440,2.2,0,1,1
14441,0.2,3,0,0
14442,1.0,0,1,1
14443,0.2,3,0,0
14444,0.2,3,0,0
14445,1.0,0,1,1
14446,1.0,0,1,1
14447,0.2,3,0,0
14448,0.2,3,0,0
14449,1.0,0,1,1
14450,0.2,1,0,0
14451,0.2,3,0,0
14452,2.2,0,1,1
14453,0.2,3,0,0
14454,1.0,0,1,1
14455,1.0,0,1,1
14456,1.0,1,0,0
14457,1.0,0,1,1
14458,1.0,0,1,0
14459,1.0,0,0,1
14460,1.0,0,1,1
14461,0.2,3,0,0
14462,1.0,0,1,1
14463,1.0,0,1,1
14464,1.0,0,1,1
14465,0.2,3,0,0
14466,1.0,0,1,1
14467,0.2,3,0,0
14468,0.2,3,0,0
14469,1.0,0,1,1
14470,0.2,3,0,0
14471,0.2,3,0,0
14472,1.0,0,1,1
14473,0.2,3,0,0
14474,1.0,1,0,0
14475,2.2,0,1,1
14476,0.2,3,0,0
14477,1.0,0,1,1
14478,0.2,3,0,0
14479,1.0,0,1,1
14480,0.2,3,0,0
14481,2.2,0,1,1
14482,1.0,0,1,1
14483,2.2,0,1,1
14484,1.0,0,1,1
14485,0.2,3,0,0
14486,0.2,3,0,0
14487,1.0,0,1,1
14488,0.2,3,0,0
14489,1.0,0,1,1
14490,1.0,0,1,1
14491,1.0,0,1,1
14492,0.2,3,0,0
14493,1.0,0,1,1
14494,1.0,0,1,1
14495,1.0,0,1,1
14496,1.0,0,1,1
14497,1.0,0,1,1
14498,1.0,0,1,1
14499,1.0,0,1,0
14500,1.0,0,0,1
14501,0.2,3,0,0
14502,1.0,0,1,0
14503,1.0,0,1,1
14504,0.2,3,0,0
14505,1.0,0,1,1
14506,1.0,0,1,1
14507,0.2,3,0,0
14508,0.2,3,0,0
14509,3.0,3,0,0
14510,1.0,1,0,0
14511,1.0,0,1,1
14512,1.0,0,1,1
14513,0.2,3,0,0
14514,1.0,0,1,1
14515,3.0,3,0,0
14516,0.2,3,0,0
14517,0.2,3,0,0
14518,0.2,3,0,0
14519,0.2,3,0,0
14520,1.0,0,0,1
14521,0.2,3,0,0
14522,0.2,3,0,1
14523,0.2,3,0,0
14524,0.2,3,0,0
14525,0.2,3,0,0
14526,0.2,3,0,0
14527,3.0,0,1,1
14528,1.0,0,1,0
14529,0.2,3,0,0
14530,1.0,0,1,1
14531,0.2,3,0,0
14532,0.2,3,0,0
14533,1.0,0,0,0
14534,0.2,3,0,0
14535,0.2,3,0,0
14536,1.0,0,1,1
14537,1.0,0,1,1
14538,0.2,3,0,0
14539,1.0,0,1,1
14540,0.2,3,0,0
14541,1.0,0,1,1
14542,1.0,0,0,0
14543,3.0,0,1,1
14544,1.0,0,1,1
14545,0.2,3,0,0
14546,0.2,3,0,0
14547,0.2,3,0,0
14548,1.0,0,1,1
14549,1.0,0,1,1
14550,0.2,3,0,0
14551,1.0,1,0,0
14552,0.2,3,0,0
14553,1.0,0,0,1
14554,0.2,3,0,0
14555,1.0,0,1,1
14556,0.2,3,0,0
14557,0.2,3,0,0
14558,0.2,3,0,0
14559,1.0,0,1,1
14560,1.0,0,1,1
14561,1.0,0,1,0
14562,1.0,0,1,1
14563,0.2,3,0,0
14564,2.2,0,1,1
14565,1.0,0,1,0
14566,0.2,3,0,0
14567,0.2,3,0,0
14568,0.2,3,0,0
14569,1.0,0,1,1
14570,0.2,3,0,0
14571,2.2,0,1,1
14572,0.2,3,0,0
14573,0.2,3,0,0
14574,1.0,0,1,1
14575,1.0,0,1,1
14576,0.2,3,0,0
14577,0.2,3,0,0
14578,1.0,0,0,0
14579,1.0,0,1,1
14580,0.2,3,0,0
14581,0.2,3,0,0
14582,1.0,0,1,1
14583,1.0,0,1,1
14584,0.2,3,0,0
14585,1.0,0,1,1
14586,1.0,0,1,1
14587,1.0,0,1,1
14588,1.0,0,1,1
14589,1.0,0,1,1
14590,0.2,3,0,1
14591,0.2,3,0,0
14592,1.0,0,0,1
14593,0.2,3,0,1
14594,1.0,0,1,1
14595,1.0,0,1,0
14596,1.0,0,1,1
14597,0.2,3,0,0
14598,1.0,0,1,0
14599,0.2,3,0,0
14600,1.0,0,1,1
14601,1.0,0,1,1
14602,1.0,0,1,1
14603,0.2,3,0,0
14604,2.2,0,1,1
14605,1.0,0,1,1
14606,0.2,3,0,0
14607,0.2,3,0,0
14608,2.2,0,1,1
14609,1.0,0,0,1
14610,1.0,0,1,1
14611,0.2,3,0,0
14612,0.2,3,0,0
14613,0.2,3,0,0
14614,2.2,0,1,1
14615,1.0,0,1,1
14616,1.0,0,1,1
14617,1.0,0,0,1
14618,1.0,0,0,1
14619,1.0,3,0,0
14620,0.2,3,0,0
14621,1.0,0,1,0
14622,0.2,3,0,0
14623,1.0,0,1,1
14624,3.0,0,1,1
14625,1.0,0,1,1
14626,0.2,3,0,0
14627,0.2,3,0,0
14628,1.0,0,1,0
14629,1.0,0,1,1
14630,0.2,3,0,0
14631,0.2,3,0,0
14632,1.0,0,1,1
14633,1.0,0,1,1
14634,1.0,0,1,1
14635,2.2,0,1,1
14636,0.2,3,0,0
14637,0.2,3,0,0
14638,0.2,3,0,0
14639,0.2,3,0,0
14640,0.2,3,0,0
14641,0.2,3,0,0
14642,1.0,0,1,1
14643,1.0,0,1,1
14644,1.0,0,1,1
14645,1.0,0,1,1
14646,2.2,0,1,1
14647,1.0,0,1,1
14648,1.0,0,1,1
14649,0.2,3,0,0
14650,1.0,0,1,0
14651,0.2,3,0,0
14652,0.2,3,0,0
14653,0.2,3,0,0
14654,1.0,0,1,1
14655,0.2,3,0,0
14656,0.2,3,0,0
14657,0.2,3,0,0
14658,2.2,0,1,1
14659,0.2,3,0,0
14660,0.2,3,0,0
14661,1.0,0,1,1
14662,1.0,0,1,1
14663,1.0,0,1,1
14664,1.0,0,1,1
14665,1.0,0,0,0
14666,0.2,3,0,0
14667,1.0,0,1,1
14668,1.0,0,0,1
14669,0.2,3,0,0
14670,2.2,0,1,1
14671,1.0,0,1,1
14672,2.2,0,1,1
14673,1.0,0,1,1
14674,2.2,0,1,1
14675,1.0,0,1,1
14676,2.2,0,1,1
14677,2.2,0,1,1
14678,0.2,3,0,0
14679,0.2,3,0,0
14680,2.2,0,0,1
14681,0.2,3,0,0
14682,2.2,0,1,1
14683,0.2,3,0,0
14684,1.0,0,0,1
14685,2.2,0,1,1
14686,0.2,3,0,0
14687,1.0,0,0,1
14688,0.2,3,0,0
14689,0.2,3,0,0
14690,0.2,3,0,0
14691,0.2,3,0,0
14692,0.2,3,0,0
14693,1.0,0,1,1
14694,1.0,0,1,1
14695,0.2,3,0,0
14696,1.0,0,1,1
14697,1.0,0,1,1
14698,2.2,0,1,1
14699,0.2,3,0,0
14700,0.2,3,0,0
14701,0.2,3,0,0
14702,1.0,0,1,0
14703,1.0,0,1,1
14704,1.0,0,1,1
14705,1.0,0,0,0
14706,0.2,3,0,0
14707,1.0,0,1,0
14708,0.2,3,0,0
14709,1.0,0,1,1
14710,1.0,0,0,1
14711,1.0,0,1,0
14712,0.2,3,0,0
14713,1.0,0,1,1
14714,1.0,0,1,1
14715,0.2,3,0,0
14716,0.2,3,0,0
14717,0.2,3,0,0
14718,1.0,0,1,1
14719,1.0,0,1,1
14720,0.2,3,0,0
14721,1.0,0,1,1
14722,1.0,0,1,1
14723,2.2,0,1,1
14724,0.2,3,0,0
14725,1.0,3,0,0
14726,1.0,0,1,1
14727,0.2,3,0,0
14728,0.2,3,0,0
14729,0.2,3,0,0
14730,2.2,0,1,1
14731,1.0,0,1,1
14732,1.0,0,1,1
14733,0.2,3,0,0
14734,0.2,3,0,0
14735,0.2,3,0,0
14736,0.2,3,0,0
14737,0.2,3,0,0
14738,1.0,0,1,1
14739,1.0,0,1,1
14740,1.0,0,1,1
14741,2.2,0,0,1
14742,1.0,0,0,0
14743,1.0,0,1,1
14744,0.2,3,0,0
14745,1.0,0,1,0
14746,3.0,0,1,1
14747,1.0,0,1,1
14748,0.2,3,0,0
14749,0.2,3,0,0
14750,2.2,0,1,1
14751,0.2,3,0,0
14752,0.2,3,0,0
14753,1.0,0,1,1
14754,1.0,0,1,1
14755,0.2,3,0,1
14756,0.2,3,0,0
14757,1.0,0,0,1
14758,0.2,3,0,0
14759,1.0,0,1,1
14760,1.0,0,1,1
14761,2.2,0,1,1
14762,0.2,3,0,0
14763,0.2,3,0,0
14764,0.2,3,0,0
14765,2.2,0,0,1
14766,0.2,3,0,0
14767,1.0,0,1,1
14768,1.0,0,1,1
14769,1.0,0,1,1
14770,0.2,3,0,1
14771,0.2,3,0,0
14772,0.2,3,0,0
14773,0.2,3,0,1
14774,1.0,0,1,1
14775,0.2,3,0,0
14776,0.2,3,0,0
14777,1.0,0,1,1
14778,1.0,0,1,1
14779,1.0,0,1,1
14780,1.0,0,1,1
14781,1.0,0,1,0
14782,1.0,0,1,1
14783,1.0,0,1,1
14784,0.2,3,0,0
14785,2.2,0,1,1
14786,0.2,3,0,0
14787,1.0,0,1,0
14788,0.2,3,0,0
14789,0.2,3,0,0
14790,1.0,0,1,1
14791,1.0,0,1,1
14792,1.0,0,0,1
14793,0.2,3,0,0
14794,0.2,3,0,0
14795,1.0,0,0,1
14796,2.2,0,1,1
14797,1.0,0,0,1
14798,1.0,0,1,1
14799,1.0,0,0,1
14800,1.0,0,1,1
14801,1.0,0,1,1
14802,0.2,3,0,0
14803,0.2,3,0,0
14804,0.2,3,0,0
14805,0.2,3,0,0
14806,0.2,3,0,0
14807,2.2,0,1,1
14808,2.2,0,1,1
14809,2.2,0,1,1
14810,1.0,0,1,1
14811,1.0,0,1,1
14812,1.0,0,0,1
14813,2.2,0,0,1
14814,1.0,0,1,1
14815,0.2,3,0,0
14816,1.0,0,1,1
14817,1.0,0,1,1
14818,1.0,0,1,1
14819,1.0,0,1,1
14820,1.0,0,1,1
14821,1.0,0,1,1
14822,0.2,3,0,1
14823,0.2,3,0,0
14824,1.0,0,1,0
14825,0.2,3,0,0
14826,1.0,0,1,1
14827,0.2,3,0,0
14828,1.0,0,1,1
14829,0.2,3,0,0
14830,1.0,0,1,1
14831,1.0,0,0,1
14832,0.2,3,0,0
14833,0.2,3,0,0
14834,0.2,3,0,0
14835,1.0,0,1,1
14836,0.2,3,0,0
14837,1.0,0,1,1
14838,1.0,0,1,1
14839,1.0,0,1,1
14840,1.0,0,1,0
14841,1.0,0,1,0
14842,1.0,0,1,1
14843,2.2,0,1,1
14844,1.0,0,1,1
14845,0.2,3,0,0
14846,1.0,0,1,1
14847,1.0,0,1,1
14848,1.0,0,1,0
14849,0.2,3,0,1
14850,0.2,3,0,0
14851,2.2,0,1,1
14852,0.2,3,0,0
14853,1.0,0,1,1
14854,1.0,0,1,1
14855,1.0,0,1,1
14856,0.2,3,0,0
14857,1.0,0,0,1
14858,0.2,3,0,0
14859,0.2,3,0,0
14860,1.0,0,0,1
14861,0.2,3,0,0
14862,1.0,0,1,1
14863,1.0,0,1,1
14864,1.0,0,0,1
14865,0.2,3,0,0
14866,0.2,3,0,0
14867,1.0,0,1,1
14868,1.0,0,1,1
14869,0.2,3,0,0
14870,0.2,3,0,0
14871,0.2,3,0,0
14872,1.0,0,1,1
14873,0.2,3,0,0
14874,0.2,3,0,0
14875,0.2,3,0,0
14876,0.2,3,0,0
14877,0.2,3,0,0
14878,1.0,0,1,0
14879,1.0,0,1,1
14880,2.2,0,1,1
14881,0.2,3,0,0
14882,2.2,0,1,1
14883,1.0,0,0,1
14884,1.0,0,1,1
14885,1.0,0,0,1
14886,1.0,0,1,1
14887,1.0,0,1,1
14888,1.0,0,1,1
14889,1.0,0,1,1
14890,0.2,3,0,0
14891,0.2,3,0,0
14892,0.2,3,0,0
14893,0.2,3,0,0
14894,1.0,0,1,1
14895,1.0,0,1,1
14896,1.0,0,1,1
14897,1.0,3,0,0
14898,1.0,0,1,0
14899,0.2,3,0,0
14900,1.0,0,1,1
14901,0.2,3,0,0
14902,1.0,0,1,1
14903,0.2,3,0,0
14904,1.0,0,1,1
14905,1.0,0,1,1
14906,1.0,0,1,1
14907,1.0,0,1,1
14908,1.0,0,0,1
14909,0.2,3,0,0
14910,1.0,0,1,1
14911,1.0,0,1,1
14912,1.0,0,1,1
14913,1.0,0,1,1
14914,0.2,3,0,0
14915,1.0,0,1,1
14916,0.2,3,0,0
14917,1.0,3,0,0
14918,0.2,3,0,0
14919,0.2,3,0,0
14920,0.2,3,0,0
14921,1.0,0,1,1
14922,1.0,0,1,1
14923,1.0,0,1,0
14924,1.0,0,1,1
14925,0.2,3,0,0
14926,0.2,3,0,0
14927,2.2,0,1,1
14928,2.2,0,1,1
14929,1.0,0,0,1
14930,0.2,3,0,0
14931,1.0,0,1,0
14932,0.2,3,0,0
14933,0.2,3,0,0
14934,0.2,3,0,0
14935,1.0,0,1,1
14936,0.2,3,0,0
14937,0.2,3,0,0
14938,1.0,0,1,1
14939,1.0,0,1,1
14940,1.0,0,0,0
14941,1.0,0,1,1
14942,1.0,0,1,0
14943,2.2,0,1,1
14944,1.0,0,0,0
14945,1.0,0,1,1
14946,1.0,0,1,1
14947,1.0,0,1,1
14948,1.0,0,1,1
14949,1.0,0,0,0
14950,1.0,0,0,1
14951,1.0,0,0,1
14952,1.0,0,1,1
14953,2.2,0,1,1
14954,2.2,0,1,1
14955,0.2,3,0,0
14956,1.0,0,1,0
14957,2.2,0,1,1
14958,1.0,0,1,1
14959,2.2,0,1,1
14960,2.2,0,1,1
14961,2.2,0,0,1
14962,1.0,0,0,1
14963,0.2,3,0,0
14964,1.0,0,1,1
14965,1.0,0,1,1
14966,0.2,3,0,0
14967,0.2,3,0,0
14968,0.2,3,0,0
14969,0.2,3,0,0
14970,0.2,3,0,1
14971,1.0,0,0,0
14972,0.2,3,0,0
14973,1.0,0,1,1
14974,2.2,0,1,1
14975,0.2,3,0,0
14976,0.2,3,0,0
14977,1.0,0,1,1
14978,0.2,3,0,0
14979,0.2,3,0,0
14980,0.2,3,0,0
14981,0.2,3,0,0
14982,0.2,3,0,0
14983,0.2,3,0,0
14984,1.0,0,1,1
14985,0.2,3,0,0
14986,0.2,3,0,0
14987,1.0,0,1,1
14988,0.2,3,0,0
14989,1.0,0,1,1
14990,1.0,0,1,1
14991,2.2,0,1,1
14992,0.2,3,0,0
14993,2.2,0,1,1
14994,0.2,3,0,0
14995,1.0,0,1,1
14996,1.0,0,1,1
14997,2.2,0,1,1
14998,1.0,0,1,1
14999,1.0,0,1,0
15000,0.2,3,0,0
15001,1.0,0,1,1
15002,0.2,3,0,0
15003,0.2,3,0,0
15004,0.2,3,0,0
15005,2.2,0,1,1
15006,0.2,3,0,0
15007,0.2,3,0,0
15008,0.2,3,0,0
15009,0.2,3,0,0
15010,1.0,0,1,1
15011,0.2,3,0,0
15012,0.2,3,0,0
15013,1.0,0,1,1
15014,0.2,3,0,0
15015,1.0,0,1,1
15016,0.2,3,0,0
15017,1.0,0,0,0
15018,0.2,3,0,0
15019,0.2,3,0,0
15020,1.0,0,0,1
15021,1.0,0,0,1
15022,1.0,0,1,0
15023,0.2,3,0,0
15024,0.2,3,0,1
15025,1.0,0,1,1
15026,1.0,0,1,1
15027,2.2,0,1,1
15028,1.0,0,1,1
15029,0.2,3,0,0
15030,1.0,0,0,1
15031,0.2,3,0,0
15032,1.0,0,1,0
15033,2.2,0,0,1
15034,0.2,3,0,0
15035,1.0,0,1,1
15036,1.0,0,1,1
15037,1.0,0,1,0
15038,1.0,0,1,0
15039,0.2,3,0,0
15040,1.0,0,1,1
15041,0.2,3,0,0
15042,0.2,3,0,0
15043,1.0,0,1,1
15044,0.2,3,0,0
15045,0.2,3,0,0
15046,1.0,0,1,0
15047,0.2,3,0,0
15048,2.2,0,1,1
15049,2.2,0,1,1
15050,2.2,0,0,1
15051,1.0,0,1,1
15052,0.2,3,0,0
15053,0.2,3,0,0
15054,1.0,0,1,1
15055,0.2,3,0,0
15056,0.2,3,0,0
15057,1.0,0,1,1
15058,0.2,3,0,0
15059,1.0,0,1,0
15060,0.2,3,0,0
15061,1.0,0,1,1
15062,1.0,0,1,1
15063,0.2,3,0,0
15064,0.2,3,0,0
15065,1.0,0,1,1
15066,0.2,3,0,0
15067,0.2,3,0,0
15068,1.0,0,0,1
15069,0.2,3,0,0
15070,0.2,3,0,0
15071,1.0,0,1,0
15072,0.2,3,0,0
15073,0.2,3,0,0
15074,1.0,0,1,1
15075,0.2,3,0,0
15076,0.2,3,0,0
15077,0.2,3,0,0
15078,0.2,3,0,0
15079,0.2,3,0,0
15080,1.0,0,1,1
15081,1.0,0,0,1
15082,1.0,0,1,1
15083,0.2,3,0,0
15084,0.2,3,0,0
15085,1.0,0,0,1
15086,0.2,3,0,0
15087,1.0,0,0,1
15088,1.0,0,1,1
15089,2.2,0,1,1
15090,0.2,3,0,0
15091,0.2,3,0,0
15092,0.2,3,0,0
15093,1.0,0,1,1
15094,0.2,3,0,0
15095,0.2,3,0,0
15096,0.2,3,0,0
15097,0.2,3,0,0
15098,2.2,3,0,1
15099,0.2,3,0,0
15100,0.2,3,0,0
15101,0.2,3,0,0
15102,1.0,0,1,1
15103,2.2,0,1,1
15104,1.0,0,1,1
15105,1.0,0,1,0
15106,1.0,0,1,1
15107,3.0,0,1,1
15108,0.2,3,0,0
15109,0.2,3,0,0
15110,0.2,3,0,0
15111,0.2,3,0,0
15112,2.2,0,1,1
15113,1.0,0,1,1
15114,1.0,0,1,1
15115,0.2,3,0,0
15116,0.2,3,0,0
15117,1.0,0,1,1
15118,1.0,0,0,0
15119,0.2,3,0,0
15120,0.2,3,0,0
15121,1.0,0,1,1
15122,2.2,0,0,1
15123,2.2,0,1,1
15124,1.0,0,1,1
15125,1.0,0,1,1
15126,0.2,3,0,0
15127,2.2,0,1,1
15128,1.0,0,1,1
15129,0.2,3,0,0
15130,0.2,3,0,0
15131,0.2,3,0,0
15132,2.2,0,1,1
15133,0.2,3,0,0
15134,0.2,3,0,0
15135,1.0,0,0,1
15136,0.2,3,0,0
15137,0.2,3,0,0
15138,1.0,0,1,1
15139,1.0,0,1,0
15140,2.2,0,1,1
15141,1.0,0,1,1
15142,0.2,3,0,0
15143,1.0,0,0,1
15144,2.2,0,1,1
15145,1.0,0,1,1
15146,0.2,3,0,0
15147,1.0,0,1,1
15148,0.2,3,0,0
15149,0.2,3,0,0
15150,1.0,0,1,1
15151,1.0,3,0,0
15152,0.2,3,0,0
15153,1.0,0,1,1
15154,0.2,3,0,0
15155,0.2,3,0,0
15156,1.0,0,1,1
15157,1.0,0,1,1
15158,0.2,3,0,0
15159,0.2,3,0,0
15160,0.2,3,0,0
15161,1.0,0,1,1
15162,1.0,0,1,1
15163,1.0,0,1,1
15164,1.0,0,1,0
15165,1.0,0,1,1
15166,1.0,0,1,1
15167,1.0,0,1,1
15168,0.2,3,0,0
15169,1.0,0,1,1
15170,2.2,0,1,1
15171,1.0,0,1,0
15172,2.2,0,1,1
15173,0.2,3,0,0
15174,0.2,3,0,0
15175,0.2,3,0,0
15176,1.0,0,1,1
15177,1.0,0,1,1
15178,2.2,0,1,1
15179,0.2,3,0,0
15180,0.2,3,0,0
15181,1.0,0,1,1
15182,1.0,0,1,1
15183,0.2,3,0,0
15184,2.2,0,1,1
15185,0.2,3,0,0
15186,1.0,0,1,1
15187,0.2,3,0,0
15188,1.0,0,1,1
15189,0.2,3,0,0
15190,1.0,0,0,1
15191,0.2,3,0,0
15192,1.0,0,1,1
15193,1.0,3,0,0
15194,2.2,0,1,1
15195,0.2,3,0,0
15196,1.0,0,1,1
15197,2.2,0,1,1
15198,1.0,0,1,1
15199,0.2,3,0,0
15200,0.2,3,0,0
15201,1.0,0,1,1
15202,0.2,3,0,0
15203,1.0,0,1,1
15204,0.2,3,0,0
15205,1.0,0,1,1
15206,1.0,0,1,1
15207,1.0,0,1,1
15208,0.2,3,0,0
15209,1.0,0,1,1
15210,0.2,3,0,1
15211,1.0,0,1,1
15212,1.0,0,1,1
15213,1.0,0,1,0
15214,0.2,3,0,1
15215,1.0,0,0,1
15216,1.0,0,1,1
15217,0.2,3,0,0
15218,0.2,3,0,0
15219,1.0,0,0,0
15220,0.2,3,0,0
15221,0.2,3,0,0
15222,0.2,3,0,0
15223,1.0,0,1,1
15224,1.0,0,1,0
15225,2.2,0,1,1
15226,1.0,0,1,1
15227,1.0,0,0,1
15228,1.0,0,1,1
15229,0.2,3,0,0
15230,1.0,0,1,1
15231,0.2,3,0,0
15232,2.2,0,1,1
15233,0.2,3,0,0
15234,0.2,3,0,0
15235,1.0,0,1,0
15236,1.0,0,1,1
15237,1.0,0,1,0
15238,1.0,0,1,1
15239,0.2,3,0,0
15240,2.2,0,1,1
15241,1.0,0,1,1
15242,0.2,3,0,0
15243,1.0,0,1,0
15244,1.0,0,0,1
15245,0.2,3,0,0
15246,1.0,0,1,1
15247,0.2,3,0,0
15248,2.2,0,1,1
15249,0.2,3,0,0
15250,0.2,3,0,0
15251,1.0,0,0,1
15252,1.0,0,1,1
15253,0.2,3,0,0
15254,1.0,0,1,1
15255,1.0,0,1,1
15256,0.2,3,0,0
15257,2.2,0,1,1
15258,1.0,0,1,1
15259,0.2,3,0,0
15260,2.2,0,1,1
15261,0.2,3,0,0
15262,1.0,0,1,1
15263,0.2,3,0,0
15264,0.2,3,0,0
15265,1.0,0,1,1
15266,1.0,0,1,0
15267,0.2,3,0,0
15268,0.2,3,0,0
15269,0.2,3,0,0
15270,0.2,3,0,0
15271,0.2,3,0,0
15272,0.2,3,0,0
15273,2.2,0,1,1
15274,0.2,3,0,0
15275,1.0,0,1,0
15276,1.0,0,0,1
15277,1.0,0,0,0
15278,0.2,3,0,0
15279,0.2,3,0,0
15280,0.2,3,0,0
15281,1.0,0,0,1
15282,0.2,3,0,0
15283,1.0,0,1,1
15284,0.2,3,0,0
15285,1.0,0,1,1
15286,0.2,3,0,0
15287,0.2,3,0,0
15288,0.2,3,0,0
15289,2.2,0,1,1
15290,1.0,0,1,1
15291,1.0,0,1,1
15292,0.2,3,0,0
15293,0.2,3,0,0
15294,1.0,0,1,1
15295,0.2,3,0,0
15296,1.0,0,1,1
15297,0.2,3,0,0
15298,1.0,0,1,0
15299,1.0,0,1,0
15300,0.2,3,0,0
15301,0.2,3,0,0
15302,2.2,0,1,1
15303,1.0,0,1,1
15304,3.0,0,1,1
15305,0.2,3,0,0
15306,1.0,0,0,1
15307,0.2,3,0,0
15308,2.2,0,1,1
15309,1.0,0,0,1
15310,1.0,0,1,1
15311,0.2,3,0,0
15312,1.0,0,1,1
15313,1.0,0,1,1
15314,1.0,0,0,1
15315,1.0,0,1,1
15316,0.2,3,0,0
15317,1.0,0,1,1
15318,1.0,0,1,1
15319,1.0,0,1,1
15320,2.2,0,1,1
15321,0.2,3,0,0
15322,2.2,0,1,1
15323,1.0,0,1,1
15324,0.2,3,0,0
15325,0.2,3,0,0
15326,0.2,3,0,0
15327,1.0,0,1,1
15328,0.2,3,0,0
15329,1.0,0,1,1
15330,2.2,0,1,1
15331,0.2,3,0,0
15332,0.2,3,0,0
15333,1.0,0,1,1
15334,0.2,3,0,0
15335,1.0,0,1,1
15336,0.2,3,0,0
15337,0.2,3,0,0
15338,1.0,0,1,1
15339,0.2,3,0,0
15340,1.0,0,1,1
15341,0.2,3,0,0
15342,1.0,0,0,1
15343,0.2,3,0,0
15344,0.2,3,0,0
15345,1.0,0,0,1
15346,1.0,0,1,0
15347,1.0,0,1,0
15348,1.0,0,1,0
15349,1.0,0,1,1
15350,1.0,0,1,1
15351,0.2,3,0,0
15352,2.2,0,1,1
15353,1.0,0,1,1
15354,1.0,0,1,1
15355,1.0,0,1,1
15356,1.0,0,0,0
15357,0.2,3,0,0
15358,1.0,0,0,1
15359,1.0,0,1,1
15360,0.2,3,0,0
15361,0.2,3,0,0
15362,0.2,3,0,0
15363,1.0,0,1,0
15364,0.2,3,0,0
15365,1.0,0,1,1
15366,1.0,0,1,1
15367,1.0,0,1,1
15368,1.0,3,0,0
15369,1.0,0,1,1
15370,2.2,0,1,1
15371,1.0,0,1,1
15372,1.0,0,1,1
15373,1.0,0,1,0
15374,0.2,3,0,0
15375,1.0,0,0,0
15376,1.0,0,1,0
15377,1.0,0,1,1
15378,0.2,3,0,0
15379,1.0,0,1,1
15380,1.0,0,1,1
15381,0.2,3,0,0
15382,0.2,3,0,0
15383,0.2,3,0,0
15384,2.2,0,1,1
15385,1.0,0,1,1
15386,1.0,0,1,0
15387,1.0,0,1,0
15388,1.0,0,1,1
15389,0.2,3,0,0
15390,1.0,0,1,1
15391,0.2,3,0,0
15392,0.2,3,0,0
15393,1.0,0,1,0
15394,1.0,0,1,1
15395,1.0,0,1,1
15396,0.2,3,0,0
15397,0.2,3,0,0
15398,0.2,3,0,0
15399,1.0,0,1,1
15400,0.2,3,0,0
15401,1.0,0,1,1
15402,0.2,3,0,0
15403,1.0,0,1,1
15404,2.2,0,1,1
15405,1.0,0,1,1
15406,1.0,0,1,1
15407,2.2,0,1,1
15408,1.0,0,0,1
15409,0.2,3,0,0
15410,1.0,0,1,1
15411,1.0,0,1,1
15412,1.0,0,0,1
15413,1.0,0,1,1
15414,1.0,0,1,0
15415,1.0,0,1,1
15416,1.0,0,1,0
15417,1.0,0,1,1
15418,1.0,0,1,1
15419,1.0,0,1,1
15420,1.0,0,1,1
15421,0.2,3,0,0
15422,1.0,0,1,1
15423,0.2,3,0,0
15424,1.0,0,1,1
15425,1.0,0,1,1
15426,2.2,0,1,1
15427,0.2,3,0,0
15428,2.2,0,1,1
15429,1.0,0,1,1
15430,0.2,3,0,1
15431,0.2,3,0,0
15432,2.2,0,1,1
15433,0.2,3,0,0
15434,1.0,0,1,1
15435,1.0,0,1,0
15436,2.2,0,0,1
15437,0.2,3,0,0
15438,1.0,0,1,1
15439,0.2,3,0,0
15440,2.2,0,1,1
15441,2.2,0,1,1
15442,0.2,3,0,0
15443,1.0,0,1,1
15444,1.0,0,1,1
15445,1.0,0,0,1
15446,2.2,0,1,1
15447,1.0,0,1,1
15448,1.0,0,1,1
15449,0.2,3,0,0
15450,1.0,0,0,1
15451,0.2,3,0,0
15452,0.2,3,0,0
15453,0.2,3,0,0
15454,1.0,0,1,0
15455,1.0,0,1,1
15456,1.0,0,1,1
15457,1.0,0,1,1
15458,1.0,0,1,1
15459,2.2,0,1,1
15460,2.2,0,1,1
15461,0.2,3,0,0
15462,1.0,0,1,0
15463,0.2,3,0,0
15464,0.2,3,0,0
15465,0.2,3,0,0
15466,1.0,0,1,0
15467,1.0,0,1,0
15468,0.2,3,0,1
15469,0.2,3,0,0
15470,1.0,3,0,0
15471,0.2,3,0,0
15472,0.2,3,0,0
15473,0.2,3,0,0
15474,1.0,0,0,1
15475,2.2,0,1,1
15476,1.0,0,1,0
15477,0.2,3,0,0
15478,0.2,3,0,0
15479,2.2,0,0,1
15480,0.2,3,0,0
15481,1.0,0,1,1
15482,1.0,0,1,1
15483,1.0,0,1,1
15484,1.0,0,1,0
15485,1.0,0,1,0
15486,2.2,0,1,1
15487,1.0,0,1,1
15488,1.0,0,1,1
15489,0.2,3,0,0
15490,2.2,0,1,1
15491,1.0,0,0,1
15492,1.0,0,1,1
15493,2.2,0,1,1
15494,2.2,0,1,1
15495,1.0,0,1,1
15496,0.2,3,0,0
15497,1.0,0,1,1
15498,0.2,3,0,0
15499,0.2,3,0,0
15500,0.2,3,0,0
15501,0.2,3,0,0
15502,1.0,0,1,1
15503,1.0,0,0,1
15504,0.2,3,0,0
15505,1.0,0,0,1
15506,0.2,3,0,0
15507,1.0,0,1,1
15508,0.2,3,0,0
15509,0.2,3,0,0
15510,0.2,3,0,0
15511,0.2,3,0,0
15512,0.2,3,0,0
15513,1.0,0,1,1
15514,3.0,0,1,1
15515,1.0,0,0,1
15516,1.0,0,1,0
15517,0.2,3,0,0
15518,1.0,0,0,1
15519,1.0,0,1,0
15520,1.0,0,1,1
15521,0.2,3,0,0
15522,1.0,0,1,1
15523,0.2,3,0,0
15524,0.2,3,0,0
15525,0.2,3,0,0
15526,0.2,3,0,0
15527,0.2,3,0,0
15528,0.2,3,0,0
15529,2.2,0,1,1
15530,1.0,0,1,1
15531,0.2,3,0,0
15532,1.0,0,0,1
15533,0.2,3,0,0
15534,0.2,3,0,0
15535,0.2,3,0,0
15536,1.0,0,1,0
15537,1.0,0,0,1
15538,1.0,0,1,1
15539,1.0,0,0,1
15540,2.2,0,1,1
15541,0.2,3,0,0
15542,0.2,3,0,0
15543,0.2,3,0,0
15544,1.0,0,1,1
15545,3.0,3,0,0
15546,1.0,0,1,1
15547,0.2,3,0,0
15548,1.0,0,1,1
15549,1.0,0,0,1
15550,0.2,3,0,0
15551,1.0,0,1,1
15552,0.2,3,0,0
15553,1.0,0,1,1
15554,3.0,0,1,1
15555,1.0,0,1,1
15556,1.0,0,1,1
15557,1.0,0,0,1
15558,0.2,3,0,0
15559,2.2,0,1,1
15560,2.2,0,1,1
15561,1.0,0,1,1
15562,1.0,0,1,1
15563,0.2,3,0,0
15564,1.0,0,1,1
15565,1.0,0,1,1
15566,2.2,0,1,1
15567,0.2,3,0,0
15568,0.2,3,0,0
15569,0.2,3,0,0
15570,2.2,0,1,1
15571,2.2,0,1,1
15572,1.0,0,1,1
15573,1.0,0,1,1
15574,1.0,0,1,1
15575,2.2,0,1,1
15576,1.0,0,1,1
15577,0.2,3,0,0
15578,0.2,3,0,0
15579,0.2,3,0,0
15580,0.2,3,0,0
15581,1.0,0,1,1
15582,0.2,3,0,0
15583,1.0,0,0,1
15584,1.0,0,1,1
15585,1.0,0,1,1
15586,0.2,3,0,0
15587,3.4000000000000004,1,1,0
15588,1.0,0,1,1
15589,0.2,3,0,0
15590,2.2,0,1,1
15591,1.0,0,1,1
15592,1.0,0,1,1
15593,0.2,3,0,0
15594,0.2,3,0,0
15595,1.0,0,1,0
15596,1.0,0,1,0
15597,1.0,0,1,1
15598,1.0,0,1,0
15599,2.2,0,1,1
15600,0.2,3,0,0
15601,2.2,0,1,1
15602,1.0,1,0,0
15603,1.0,0,1,1
15604,0.2,3,0,1
15605,0.2,3,0,0
15606,1.0,0,1,1
15607,1.0,0,1,1
15608,2.2,0,1,1
15609,0.2,3,0,0
15610,0.2,3,0,0
15611,0.2,3,0,0
15612,1.0,3,0,0
15613,3.0,0,1,1
15614,0.2,3,0,0
15615,0.2,3,0,0
15616,1.0,0,1,1
15617,1.0,0,1,1
15618,1.0,0,1,1
15619,1.0,0,1,1
15620,0.2,3,0,1
15621,0.2,3,0,0
15622,1.0,0,0,0
15623,1.0,0,1,1
15624,1.0,0,1,0
15625,1.0,0,1,1
15626,1.0,0,1,1
15627,0.2,3,0,0
15628,1.0,0,1,1
15629,0.2,3,0,0
15630,1.0,0,1,1
15631,0.2,3,0,0
15632,0.2,3,0,0
15633,0.2,3,0,0
15634,1.0,0,1,1
15635,0.2,3,0,0
15636,0.2,3,0,0
15637,0.2,3,0,0
15638,0.2,3,0,0
15639,0.2,3,0,0
15640,0.2,3,0,1
15641,2.2,0,0,1
15642,2.2,0,1,1
15643,0.2,3,0,0
15644,0.2,3,0,0
15645,0.2,3,0,0
15646,3.0,0,1,1
15647,1.0,0,1,1
15648,1.0,0,1,1
15649,2.2,0,1,1
15650,1.0,0,0,0
15651,1.0,0,1,1
15652,0.2,3,0,0
15653,1.0,0,0,1
15654,1.0,0,1,1
15655,0.2,3,0,0
15656,0.2,3,0,0
15657,0.2,3,0,0
15658,0.2,3,0,0
15659,0.2,3,0,0
15660,0.2,3,0,0
15661,1.0,0,1,1
15662,2.2,0,0,1
15663,0.2,3,0,0
15664,0.2,3,0,0
15665,2.2,0,1,1
15666,1.0,0,1,1
15667,0.2,3,0,0
15668,1.0,0,1,1
15669,1.0,0,1,1
15670,1.0,0,1,1
15671,0.2,3,0,0
15672,1.0,0,1,1
15673,1.0,0,1,1
15674,1.0,0,1,1
15675,0.2,3,0,0
15676,1.0,0,1,1
15677,0.2,3,0,0
15678,1.0,0,1,1
15679,1.0,0,1,1
15680,1.0,0,1,1
15681,2.2,0,1,1
15682,0.2,3,0,0
15683,1.0,0,1,0
15684,1.0,0,1,1
15685,1.0,0,1,1
15686,1.0,0,1,1
15687,1.0,0,1,1
15688,2.2,0,0,1
15689,0.2,3,0,0
15690,0.2,3,0,0
15691,1.0,0,1,1
15692,1.0,0,1,1
15693,1.0,0,1,1
15694,2.2,0,1,1
15695,1.0,0,1,1
15696,1.0,0,1,1
15697,0.2,3,0,0
15698,1.0,0,1,1
15699,0.2,3,0,0
15700,1.0,0,1,1
15701,0.2,3,0,0
15702,1.0,0,1,1
15703,1.0,0,1,1
15704,1.0,0,1,1
15705,0.2,3,0,0
15706,1.0,0,1,1
15707,0.2,3,0,0
15708,0.2,3,0,0
15709,2.2,0,1,1
15710,1.0,0,1,0
15711,0.2,3,0,0
15712,0.2,3,0,0
15713,0.2,3,0,0
15714,0.2,3,0,0
15715,0.2,3,0,0
15716,1.0,0,1,1
15717,0.2,3,0,0
15718,2.2,0,1,1
15719,0.2,3,0,0
15720,0.2,3,0,0
15721,0.2,3,0,0
15722,1.0,0,1,1
15723,0.2,3,0,0
15724,1.0,0,1,1
15725,0.2,3,0,0
15726,1.0,0,1,1
15727,1.0,0,1,1
15728,3.0,0,1,1
15729,1.0,0,1,1
15730,1.0,0,1,1
15731,1.0,0,1,0
15732,0.2,3,0,0
15733,1.0,0,0,1
15734,0.2,3,0,0
15735,2.2,0,1,1
15736,1.0,0,1,1
15737,1.0,0,1,1
15738,1.0,0,1,0
15739,0.2,3,0,0
15740,2.2,0,1,1
15741,1.0,0,1,1
15742,1.0,0,0,1
15743,1.0,0,1,1
15744,2.2,0,1,1
15745,1.0,0,1,1
15746,1.0,0,1,0
15747,1.0,0,1,1
15748,0.2,3,0,0
15749,1.0,0,0,0
15750,0.2,3,0,0
15751,1.0,0,1,1
15752,1.0,0,1,1
15753,1.0,0,1,0
15754,1.0,0,1,1
15755,1.0,0,1,1
15756,1.0,0,1,1
15757,2.2,0,1,1
15758,0.2,3,0,0
15759,1.0,0,0,1
15760,1.0,0,1,1
15761,1.0,0,1,1
15762,1.0,0,0,0
15763,0.2,3,0,1
15764,1.0,0,1,1
15765,0.2,3,0,0
15766,1.0,0,1,1
15767,0.2,3,0,0
15768,1.0,0,1,1
15769,0.2,3,0,0
15770,1.0,0,1,1
15771,1.0,0,1,1
15772,0.2,3,0,0
15773,1.0,1,0,0
15774,0.2,3,0,0
15775,0.2,3,0,0
15776,1.0,3,0,0
15777,0.2,3,0,0
15778,0.2,3,0,0
15779,1.0,0,1,1
15780,1.0,0,1,1
15781,1.0,0,0,1
15782,1.0,0,1,1
15783,0.2,3,0,0
15784,1.0,0,0,1
15785,1.0,0,1,1
15786,0.2,3,0,0
15787,2.2,0,1,1
15788,1.0,0,1,1
15789,1.0,0,1,1
15790,2.2,0,1,1
15791,1.0,0,1,1
15792,1.0,0,0,1
15793,2.2,0,1,1
15794,1.0,0,1,1
15795,1.0,0,1,0
15796,1.0,0,1,1
15797,0.2,3,0,0
15798,2.2,0,1,1
15799,0.2,3,0,0
15800,0.2,3,0,1
15801,0.2,3,0,0
15802,1.0,0,1,1
15803,0.2,3,0,0
15804,0.2,3,0,0
15805,1.0,0,1,0
15806,1.0,0,1,1
15807,0.2,3,0,0
15808,1.0,0,0,1
15809,0.2,3,0,0
15810,1.0,0,0,1
15811,3.4000000000000004,1,1,0
15812,0.2,3,0,0
15813,1.0,0,1,0
15814,0.2,3,0,0
15815,1.0,0,1,1
15816,1.0,0,1,1
15817,2.2,0,1,1
15818,1.0,0,1,1
15819,1.0,0,1,1
15820,0.2,3,0,0
15821,0.2,3,0,0
15822,1.0,0,1,1
15823,2.2,0,1,1
15824,1.0,0,1,1
15825,0.2,3,0,0
15826,0.2,3,0,0
15827,1.0,0,1,1
15828,1.0,0,1,1
15829,1.0,0,1,1
15830,0.2,3,0,0
15831,2.2,0,1,1
15832,0.2,3,0,0
15833,1.0,0,1,0
15834,1.0,0,1,0
15835,0.2,3,0,0
15836,0.2,3,0,0
15837,0.2,3,0,0
15838,1.0,0,1,1
15839,1.0,0,1,1
15840,0.2,3,0,0
15841,0.2,3,0,0
15842,1.0,0,1,1
15843,0.2,3,0,0
15844,1.0,0,1,1
15845,0.2,3,0,0
15846,1.0,0,1,1
15847,1.0,0,1,1
15848,2.2,0,1,1
15849,1.0,0,1,1
15850,1.0,0,1,1
15851,0.2,3,0,0
15852,0.2,3,0,0
15853,0.2,3,0,0
15854,0.2,3,0,0
15855,0.2,3,0,0
15856,1.0,0,1,1
15857,0.2,3,0,0
15858,1.0,0,0,0
15859,1.0,0,1,1
15860,1.0,0,1,1
15861,1.0,0,1,1
15862,0.2,3,0,0
15863,0.2,3,0,0
15864,0.2,3,0,0
15865,1.0,0,1,1
15866,0.2,3,0,0
15867,1.0,0,1,1
15868,1.0,0,1,1
15869,0.2,3,0,0
15870,1.0,0,1,1
15871,0.2,3,0,0
15872,0.2,3,0,0
15873,1.0,0,1,1
15874,0.2,3,0,0
15875,2.2,0,1,1
15876,1.0,0,1,0
15877,0.2,3,0,0
15878,0.2,3,0,0
15879,1.0,0,1,1
15880,1.0,0,1,1
15881,1.0,0,1,1
15882,1.0,0,1,1
15883,2.2,0,1,1
15884,0.2,3,0,0
15885,1.0,0,1,1
15886,1.0,1,0,0
15887,0.2,3,0,0
15888,0.2,3,0,1
15889,0.2,3,0,0
15890,1.0,0,1,1
15891,1.0,0,1,1
15892,1.0,3,0,0
15893,1.0,0,0,1
15894,1.0,0,1,1
15895,0.2,3,0,0
15896,2.2,0,0,1
15897,0.2,3,0,0
15898,2.2,0,1,1
15899,1.0,0,1,1
15900,0.2,3,0,0
15901,0.2,3,0,0
15902,1.0,0,1,1
15903,1.0,0,1,0
15904,2.2,0,1,1
15905,0.2,3,0,0
15906,1.0,0,1,1
15907,1.0,0,1,1
15908,2.2,0,1,1
15909,0.2,3,0,0
15910,0.2,3,0,0
15911,0.2,3,0,0
15912,2.2,0,1,1
15913,0.2,3,0,0
15914,1.0,0,1,1
15915,1.0,0,1,1
15916,1.0,0,1,1
15917,1.0,0,1,1
15918,0.2,3,0,0
15919,0.2,3,0,0
15920,1.0,0,1,1
15921,1.0,0,1,1
15922,0.2,3,0,0
15923,1.0,0,0,1
15924,1.0,0,1,1
15925,1.0,0,1,1
15926,1.0,0,1,1
15927,0.2,3,0,0
15928,2.2,0,1,1
15929,1.0,0,1,1
15930,0.2,3,0,0
15931,1.0,0,1,1
15932,2.2,0,1,1
15933,0.2,3,0,0
15934,2.2,0,1,1
15935,0.2,3,0,0
15936,1.0,0,0,1
15937,0.2,3,0,0
15938,1.0,0,1,1
15939,1.0,0,0,0
15940,0.2,3,0,0
15941,0.2,3,0,0
15942,2.2,0,1,1
15943,2.2,0,1,1
15944,0.2,3,0,0
15945,0.2,3,0,0
15946,0.2,3,0,0
15947,0.2,3,0,0
15948,1.0,0,1,1
15949,2.2,0,1,1
15950,0.2,3,0,0
15951,0.2,3,0,0
15952,1.0,0,1,1
15953,1.0,0,1,0
15954,1.0,0,1,0
15955,1.0,0,1,1
15956,1.0,0,1,1
15957,1.0,0,1,1
15958,1.0,0,0,1
15959,2.2,0,1,1
15960,0.2,3,0,0
15961,1.0,0,1,1
15962,2.2,0,1,1
15963,2.2,0,1,1
15964,1.0,0,1,1
15965,0.2,3,0,0
15966,2.2,0,1,1
15967,0.2,3,0,0
15968,1.0,0,1,1
15969,0.2,3,0,0
15970,1.0,0,1,1
15971,1.0,0,1,0
15972,1.0,0,1,1
15973,0.2,3,0,1
15974,0.2,3,0,0
15975,1.0,0,1,1
15976,1.0,0,1,1
15977,2.2,0,1,1
15978,0.2,3,0,0
15979,0.2,3,0,0
15980,0.2,3,0,0
15981,2.2,0,0,1
15982,2.2,0,1,1
15983,1.0,0,1,1
15984,0.2,3,0,0
15985,1.0,0,1,1
15986,1.0,0,1,1
15987,1.0,0,1,1
15988,1.0,0,1,0
15989,1.0,0,0,1
15990,1.0,0,1,1
15991,0.2,3,0,0
15992,3.0,3,0,0
15993,0.2,3,0,0
15994,0.2,3,0,0
15995,1.0,0,1,1
15996,1.0,0,1,1
15997,2.2,0,1,1
15998,1.0,0,1,1
15999,0.2,3,0,0
16000,1.0,0,1,1
16001,1.0,0,1,1
16002,0.2,3,0,0
16003,0.2,3,0,0
16004,1.0,0,1,1
16005,1.0,0,1,1
16006,1.0,0,1,1
16007,1.0,0,1,0
16008,0.2,3,0,0
16009,1.0,0,1,1
16010,2.2,0,1,1
16011,1.0,0,1,1
16012,0.2,3,0,0
16013,1.0,0,1,1
16014,1.0,0,1,1
16015,0.2,3,0,0
16016,1.0,0,1,1
16017,0.2,3,0,0
16018,1.0,0,0,0
16019,0.2,3,0,0
16020,1.0,0,1,1
16021,1.0,0,0,1
16022,1.0,0,1,1
16023,0.2,3,0,0
16024,1.0,0,1,0
16025,2.2,0,1,1
16026,2.2,0,1,1
16027,2.2,0,1,1
16028,1.0,0,0,1
16029,1.0,0,1,1
16030,1.0,0,1,0
16031,1.0,0,1,1
16032,0.2,3,0,0
16033,1.0,0,1,0
16034,1.0,0,1,1
16035,0.2,3,0,0
16036,0.2,3,0,0
16037,0.2,3,0,0
16038,1.0,0,1,1
16039,1.0,0,1,1
16040,0.2,3,0,0
16041,1.0,0,1,1
16042,1.0,0,1,0
16043,0.2,3,0,0
16044,0.2,3,0,1
16045,0.2,3,0,0
16046,1.0,0,1,1
16047,0.2,3,0,0
16048,2.2,0,1,1
16049,0.2,3,0,0
16050,0.2,3,0,0
16051,1.0,0,1,1
16052,1.0,0,1,0
16053,1.0,0,1,1
16054,2.2,0,1,1
16055,1.0,0,1,1
16056,0.2,3,0,0
16057,0.2,3,0,0
16058,1.0,0,0,1
16059,0.2,3,0,0
16060,1.0,0,1,1
16061,1.0,0,0,1
16062,0.2,3,0,0
16063,1.0,0,0,1
16064,0.2,3,0,0
16065,1.0,0,1,0
16066,0.2,3,0,0
16067,0.2,3,0,0
16068,0.2,3,0,0
16069,0.2,3,0,0
16070,2.2,0,1,1
16071,0.2,3,0,0
16072,0.2,3,0,1
16073,1.0,0,1,1
16074,1.0,0,1,1
16075,0.2,3,0,0
16076,0.2,3,0,0
16077,2.2,0,1,1
16078,1.0,0,0,1
16079,0.2,3,0,0
16080,1.0,0,1,0
16081,2.2,0,1,1
16082,0.2,3,0,0
16083,0.2,3,0,0
16084,1.0,0,0,1
16085,1.0,0,1,1
16086,1.0,0,1,1
16087,1.0,0,1,1
16088,2.2,0,1,1
16089,1.0,0,1,1
16090,0.2,3,0,0
16091,2.2,0,1,1
16092,2.2,0,1,1
16093,2.2,0,1,1
16094,1.0,0,1,1
16095,2.2,0,1,1
16096,1.0,0,1,1
16097,0.2,3,0,0
16098,0.2,3,0,0
16099,0.2,3,0,0
16100,1.0,0,1,1
16101,0.2,3,0,0
16102,1.0,0,1,0
16103,1.0,0,1,0
16104,1.0,0,1,1
16105,0.2,3,0,0
16106,0.2,3,0,1
16107,1.0,0,1,1
16108,1.0,0,1,0
16109,0.2,3,0,0
16110,1.0,0,0,1
16111,1.0,0,1,1
16112,0.2,3,0,0
16113,0.2,3,0,0
16114,1.0,0,1,1
16115,0.2,3,0,0
16116,1.0,0,0,1
16117,2.2,0,1,1
16118,1.0,0,1,1
16119,0.2,3,0,0
16120,0.2,3,0,0
16121,1.0,0,1,1
16122,1.0,0,0,1
16123,1.0,0,0,1
16124,2.2,0,1,1
16125,2.2,0,1,1
16126,1.0,0,1,1
16127,0.2,3,0,0
16128,1.0,0,0,1
16129,1.0,0,1,1
16130,0.2,3,0,0
16131,0.2,3,0,0
16132,1.0,0,1,1
16133,1.0,0,1,1
16134,1.0,0,0,1
16135,1.0,0,1,1
16136,1.0,0,0,1
16137,0.2,3,0,1
16138,1.0,0,0,1
16139,1.0,0,0,1
16140,0.2,3,0,0
16141,1.0,0,1,1
16142,1.0,0,0,1
16143,0.2,3,0,0
16144,1.0,0,0,0
16145,1.0,0,1,1
16146,2.2,0,1,1
16147,1.0,0,1,1
16148,1.0,0,1,1
16149,1.0,0,1,1
16150,1.0,0,1,1
16151,0.2,3,0,0
16152,0.2,3,0,0
16153,1.0,0,1,1
16154,1.0,0,0,1
16155,2.2,0,1,1
16156,0.2,3,0,0
16157,1.0,0,1,0
16158,1.0,0,1,1
16159,1.0,0,1,0
16160,1.0,0,1,1
16161,1.0,0,1,1
16162,1.0,0,1,1
16163,1.0,0,1,1
16164,0.2,3,0,0
16165,0.2,3,0,0
16166,1.0,0,1,1
16167,2.2,0,1,1
16168,1.0,0,1,1
16169,0.2,3,0,0
16170,2.2,0,1,1
16171,1.0,0,0,1
16172,3.0,3,0,0
16173,1.0,0,1,1
16174,1.0,0,0,1
16175,1.0,0,1,1
16176,0.2,3,0,0
16177,1.0,0,1,0
16178,0.2,3,0,0
16179,0.2,3,0,0
16180,0.2,3,0,0
16181,0.2,3,0,0
16182,0.2,3,0,0
16183,1.0,0,1,1
16184,1.0,0,1,1
16185,0.2,3,0,0
16186,1.0,0,1,0
16187,0.2,3,0,0
16188,2.2,0,1,1
16189,0.2,3,0,0
16190,1.0,0,1,1
16191,0.2,3,0,0
16192,0.2,3,0,0
16193,0.2,3,0,0
16194,1.0,0,1,1
16195,0.2,3,0,0
16196,0.2,3,0,0
16197,0.2,3,0,0
16198,0.2,3,0,0
16199,0.2,3,0,0
16200,1.0,0,1,1
16201,2.2,0,1,1
16202,1.0,0,1,1
16203,1.0,0,1,1
16204,1.0,0,1,1
16205,0.2,3,0,0
16206,1.0,0,0,1
16207,1.0,0,1,1
16208,2.2,0,1,1
16209,0.2,3,0,0
16210,1.0,0,1,1
16211,0.2,3,0,0
16212,0.2,3,0,0
16213,1.0,0,1,1
16214,0.2,3,0,0
16215,2.2,0,1,1
16216,1.0,0,1,1
16217,1.0,0,1,1
16218,0.2,3,0,0
16219,2.2,0,1,1
16220,0.2,3,0,0
16221,1.0,0,0,1
16222,0.2,3,0,0
16223,1.0,0,1,1
16224,0.2,3,0,0
16225,1.0,0,1,1
16226,1.0,0,1,0
16227,0.2,3,0,0
16228,1.0,0,1,1
16229,1.0,0,1,1
16230,0.2,3,0,0
16231,1.0,0,1,1
16232,1.0,0,0,1
16233,1.0,0,1,1
16234,1.0,0,1,1
16235,1.0,0,1,1
16236,0.2,3,0,0
16237,3.0,0,1,1
16238,1.0,0,1,1
16239,1.0,0,1,1
16240,0.2,3,0,0
16241,1.0,0,1,1
16242,1.0,0,1,1
16243,1.0,0,1,1
16244,1.0,0,1,1
16245,0.2,3,0,0
16246,1.0,0,1,1
16247,1.0,0,0,1
16248,1.0,0,0,1
16249,2.2,0,1,1
16250,0.2,3,0,0
16251,1.0,0,1,1
16252,1.0,0,1,1
16253,0.2,3,0,0
16254,1.0,0,1,1
16255,1.0,0,1,1
16256,2.2,0,1,1
16257,0.2,3,0,0
16258,0.2,3,0,0
16259,0.2,3,0,0
16260,1.0,0,0,0
16261,0.2,3,0,0
16262,1.0,0,1,1
16263,0.2,3,0,0
16264,0.2,3,0,0
16265,1.0,0,1,1
16266,0.2,3,0,0
16267,0.2,3,0,0
16268,2.2,0,1,1
16269,0.2,3,0,0
16270,2.2,0,1,1
16271,1.0,3,0,0
16272,2.2,0,1,1
16273,0.2,3,0,0
16274,0.2,3,0,0
16275,0.2,3,0,1
16276,0.2,3,0,0
16277,2.2,0,1,1
16278,0.2,3,0,0
16279,0.2,3,0,0
16280,0.2,3,0,1
16281,1.0,0,1,1
16282,0.2,3,0,0
16283,1.0,0,1,1
16284,0.2,3,0,0
16285,1.0,0,1,1
16286,2.2,0,1,1
16287,2.2,0,1,1
16288,0.2,3,0,0
16289,1.0,0,1,1
16290,1.0,0,1,1
16291,1.0,0,1,1
16292,1.0,0,1,1
16293,0.2,3,0,0
16294,1.0,0,1,1
16295,1.0,0,1,1
16296,1.0,0,1,1
16297,1.0,0,1,1
16298,1.0,0,1,1
16299,0.2,3,0,0
16300,0.2,3,0,0
16301,1.0,1,0,0
16302,1.0,0,1,1
16303,1.0,0,1,1
16304,1.0,0,1,1
16305,1.0,0,1,1
16306,0.2,3,0,0
16307,0.2,3,0,0
16308,0.2,3,0,1
16309,1.0,0,1,1
16310,1.0,0,1,1
16311,1.0,0,0,1
16312,0.2,3,0,1
16313,1.0,0,0,0
16314,3.0,0,1,1
16315,1.0,0,0,1
16316,1.0,0,1,1
16317,1.0,0,1,1
16318,1.0,0,1,1
16319,1.0,0,1,1
16320,0.2,3,0,0
16321,1.0,0,1,1
16322,1.0,0,0,0
16323,1.0,0,1,1
16324,1.0,0,1,1
16325,1.0,0,1,1
16326,1.0,0,1,0
16327,1.0,0,1,1
16328,1.0,0,0,1
16329,1.0,0,1,1
16330,2.2,0,0,1
16331,1.0,0,0,1
16332,1.0,0,1,1
16333,0.2,3,0,0
16334,1.0,0,0,1
16335,1.0,0,1,1
16336,1.0,0,1,1
16337,1.0,0,1,1
16338,1.0,0,1,1
16339,1.0,0,1,1
16340,0.2,3,0,0
16341,1.0,0,1,1
16342,1.0,0,1,1
16343,1.0,0,1,1
16344,0.2,3,0,0
16345,0.2,3,0,0
16346,0.2,3,0,0
16347,3.0,0,1,1
16348,0.2,3,0,0
16349,0.2,3,0,0
16350,1.0,0,1,1
16351,0.2,3,0,0
16352,0.2,3,0,0
16353,0.2,3,0,0
16354,0.2,3,0,0
16355,1.0,3,0,0
16356,1.0,0,1,1
16357,1.0,0,1,1
16358,1.0,0,1,1
16359,2.2,0,1,1
16360,1.0,0,1,1
16361,0.2,3,0,0
16362,1.0,0,0,0
16363,1.0,1,0,0
16364,1.0,0,1,0
16365,2.2,0,1,1
16366,0.2,3,0,0
16367,1.0,0,1,1
16368,1.0,0,0,1
16369,1.0,0,1,1
16370,1.0,0,1,1
16371,1.0,0,1,1
16372,1.0,0,1,1
16373,0.2,3,0,0
16374,0.2,3,0,0
16375,0.2,3,0,0
16376,2.2,0,1,1
16377,1.0,0,1,1
16378,1.0,0,1,0
16379,1.0,0,1,0
16380,0.2,3,0,0
16381,0.2,3,0,0
16382,1.0,0,1,1
16383,1.0,0,1,1
16384,1.0,0,1,1
16385,0.2,3,0,0
16386,0.2,3,0,0
16387,1.0,0,1,1
16388,0.2,3,0,0
16389,0.2,3,0,0
16390,0.2,3,0,0
16391,1.0,0,1,1
16392,1.0,0,0,1
16393,1.0,0,0,1
16394,0.2,3,0,0
16395,0.2,3,0,0
16396,1.0,0,1,0
16397,1.0,0,1,1
16398,0.2,3,0,0
16399,0.2,3,0,0
16400,0.2,3,0,0
16401,1.0,0,1,1
16402,1.0,0,1,1
16403,0.2,3,0,0
16404,0.2,3,0,1
16405,0.2,3,0,0
16406,0.2,3,0,0
16407,0.2,3,0,0
16408,1.0,0,1,1
16409,1.0,0,1,1
16410,2.2,0,1,1
16411,0.2,3,0,0
16412,0.2,3,0,0
16413,0.2,3,0,0
16414,0.2,3,0,0
16415,1.0,0,1,0
16416,1.0,1,0,0
16417,0.2,3,0,0
16418,2.2,0,1,1
16419,0.2,3,0,0
16420,3.0,0,1,1
16421,2.2,0,1,1
16422,0.2,3,0,0
16423,1.0,0,1,0
16424,2.2,0,1,1
16425,0.2,3,0,1
16426,2.2,0,1,1
16427,1.0,0,1,1
16428,0.2,3,0,0
16429,0.2,3,0,1
16430,3.0,0,1,1
16431,0.2,3,0,0
16432,1.0,0,1,1
16433,2.2,0,1,1
16434,0.2,3,0,0
16435,0.2,3,0,0
16436,1.0,0,1,1
16437,1.0,0,1,1
16438,1.0,0,1,1
16439,2.2,0,1,1
16440,0.2,3,0,0
16441,1.0,0,1,1
16442,1.0,0,1,1
16443,0.2,3,0,0
16444,0.2,3,0,0
16445,0.2,3,0,0
16446,1.0,0,1,1
16447,1.0,0,1,0
16448,0.2,3,0,0
16449,1.0,0,1,1
16450,0.2,3,0,0
16451,1.0,0,1,1
16452,1.0,0,0,1
16453,1.0,0,1,1
16454,1.0,0,1,1
16455,1.0,0,1,1
16456,1.0,0,0,1
16457,0.2,3,0,0
16458,1.0,0,1,1
16459,2.2,0,1,1
16460,0.2,3,0,0
16461,1.0,0,1,1
16462,0.2,3,0,0
16463,3.0,0,1,1
16464,0.2,3,0,0
16465,1.0,0,1,0
16466,1.0,0,0,0
16467,1.0,0,1,0
16468,0.2,3,0,0
16469,0.2,3,0,0
16470,0.2,3,0,0
16471,2.2,0,1,1
16472,1.0,0,1,1
16473,1.0,0,1,1
16474,1.0,0,1,0
16475,2.2,0,0,1
16476,1.0,0,1,0
16477,1.0,0,0,1
16478,0.2,3,0,0
16479,1.0,0,1,0
16480,0.2,3,0,0
16481,3.0,0,1,1
16482,2.2,0,1,1
16483,1.0,0,1,1
16484,1.0,0,1,1
16485,1.0,0,1,1
16486,1.0,0,1,1
16487,0.2,3,0,0
16488,0.2,3,0,0
16489,1.0,0,0,1
16490,0.2,3,0,0
16491,0.2,3,0,0
16492,0.2,3,0,0
16493,1.0,0,1,0
16494,1.0,0,0,1
16495,0.2,3,0,0
16496,3.4000000000000004,1,1,0
16497,1.0,0,1,1
16498,0.2,3,0,0
16499,1.0,0,1,1
16500,0.2,3,0,0
16501,0.2,3,0,0
16502,1.0,0,1,1
16503,1.0,0,0,1
16504,0.2,3,0,0
16505,0.2,3,0,0
16506,1.0,0,1,1
16507,1.0,0,0,1
16508,2.2,0,1,1
16509,0.2,3,0,0
16510,2.2,0,1,1
16511,1.0,0,1,1
16512,0.2,3,0,0
16513,1.0,3,0,0
16514,0.2,3,0,0
16515,0.2,3,0,0
16516,1.0,0,1,1
16517,0.2,3,0,0
16518,0.2,3,0,0
16519,1.0,0,1,1
16520,1.0,0,1,1
16521,1.0,0,1,1
16522,0.2,3,0,0
16523,0.2,3,0,0
16524,2.2,0,1,1
16525,0.2,3,0,0
16526,1.0,0,0,1
16527,0.2,3,0,0
16528,1.0,0,1,1
16529,0.2,3,0,0
16530,0.2,3,0,0
16531,1.0,0,0,1
16532,1.0,0,1,1
16533,1.0,0,0,1
16534,1.0,0,1,0
16535,2.2,0,1,1
16536,0.2,3,0,0
16537,1.0,0,1,1
16538,0.2,3,0,0
16539,1.0,0,1,1
16540,2.2,0,1,1
16541,2.2,0,1,1
16542,1.0,0,0,1
16543,0.2,3,0,0
16544,0.2,3,0,0
16545,3.4000000000000004,1,1,0
16546,0.2,3,0,0
16547,1.0,0,1,0
16548,1.0,0,1,1
16549,0.2,3,0,0
16550,0.2,3,0,0
16551,0.2,3,0,0
16552,1.0,0,1,1
16553,0.2,3,0,0
16554,1.0,0,1,1
16555,2.2,0,1,1
16556,0.2,3,0,0
16557,1.0,0,1,0
16558,1.0,0,0,1
16559,0.2,3,0,0
16560,0.2,3,0,0
16561,1.0,0,1,1
16562,0.2,3,0,0
16563,0.2,3,0,1
16564,0.2,3,0,0
16565,0.2,3,0,0
16566,2.2,0,1,1
16567,0.2,3,0,0
16568,0.2,3,0,0
16569,2.2,0,1,1
16570,1.0,0,1,1
16571,0.2,3,0,0
16572,0.2,3,0,0
16573,2.2,0,1,1
16574,0.2,3,0,0
16575,1.0,0,1,1
16576,1.0,0,1,1
16577,0.2,3,0,0
16578,0.2,3,0,0
16579,0.2,3,0,0
16580,0.2,3,0,0
16581,0.2,3,0,0
16582,1.0,0,1,1
16583,1.0,0,1,0
16584,0.2,3,0,0
16585,0.2,3,0,0
16586,1.0,0,1,1
16587,0.2,3,0,0
16588,0.2,3,0,0
16589,1.0,0,1,1
16590,1.0,0,1,1
16591,0.2,3,0,0
16592,0.2,3,0,0
16593,0.2,3,0,0
16594,0.2,3,0,0
16595,1.0,0,1,1
16596,2.2,0,1,1
16597,0.2,3,0,0
16598,1.0,0,0,1
16599,0.2,3,0,0
16600,1.0,0,1,1
16601,1.0,0,0,1
16602,0.2,3,0,0
16603,0.2,3,0,0
16604,0.2,3,0,0
16605,1.0,0,1,1
16606,1.0,0,1,1
16607,1.0,0,1,1
16608,1.0,0,1,1
16609,0.2,3,0,0
16610,0.2,3,0,0
16611,2.2,0,1,1
16612,0.2,3,0,0
16613,0.2,3,0,0
16614,0.2,3,0,0
16615,1.0,0,1,1
16616,1.0,0,1,1
16617,0.2,3,0,0
16618,1.0,0,1,1
16619,1.0,0,0,1
16620,1.0,0,0,0
16621,0.2,3,0,0
16622,1.0,0,0,1
16623,0.2,3,0,0
16624,0.2,3,0,0
16625,1.0,0,1,1
16626,1.0,0,1,1
16627,0.2,3,0,0
16628,1.0,0,1,0
16629,2.2,0,1,1
16630,1.0,0,0,0
16631,1.0,0,1,1
16632,1.0,0,0,1
16633,2.2,0,1,1
16634,1.0,0,1,1
16635,2.2,0,1,1
16636,1.0,0,1,1
16637,1.0,0,1,1
16638,1.0,0,1,1
16639,2.2,0,1,1
16640,1.0,0,1,1
16641,1.0,0,1,1
16642,2.2,0,1,1
16643,2.2,0,1,1
16644,2.2,0,1,1
16645,0.2,3,0,0
16646,0.2,3,0,0
16647,1.0,0,1,1
16648,2.2,0,0,1
16649,0.2,3,0,0
16650,0.2,3,0,0
16651,0.2,3,0,0
16652,0.2,3,0,0
16653,0.2,3,0,0
16654,0.2,3,0,0
16655,0.2,3,0,1
16656,0.2,3,0,0
16657,0.2,3,0,0
16658,1.0,0,1,1
16659,0.2,3,0,0
16660,0.2,3,0,0
16661,1.0,0,1,1
16662,1.0,0,1,0
16663,2.2,0,1,1
16664,2.2,0,1,1
16665,0.2,3,0,0
16666,0.2,3,0,1
16667,2.2,0,1,1
16668,0.2,3,0,0
16669,0.2,3,0,0
16670,1.0,0,1,1
16671,1.0,0,1,1
16672,0.2,3,0,0
16673,0.2,3,0,0
16674,1.0,0,1,1
16675,0.2,3,0,0
16676,0.2,3,0,0
16677,2.2,0,1,1
16678,1.0,0,1,1
16679,1.0,0,1,1
16680,1.0,0,1,1
16681,1.0,0,1,0
16682,0.2,3,0,0
16683,0.2,3,0,0
16684,0.2,3,0,0
16685,0.2,3,0,0
16686,1.0,0,0,1
16687,1.0,0,1,1
16688,0.2,3,0,0
16689,0.2,3,0,0
16690,1.0,0,1,1
16691,1.0,0,1,1
16692,1.0,0,1,1
16693,1.0,0,1,1
16694,0.2,3,0,1
16695,2.2,0,1,1
16696,0.2,3,0,0
16697,1.0,0,1,1
16698,1.0,3,0,0
16699,1.0,0,1,1
16700,1.0,0,1,1
16701,1.0,0,1,1
16702,0.2,3,0,0
16703,1.0,0,1,1
16704,1.0,0,1,0
16705,0.2,3,0,0
16706,1.0,0,1,1
16707,1.0,0,1,1
16708,1.0,0,1,1
16709,2.2,0,1,1
16710,0.2,3,0,0
16711,2.2,0,1,1
16712,1.0,0,1,1
16713,1.0,0,1,1
16714,1.0,0,0,1
16715,1.0,0,0,1
16716,0.2,3,0,0
16717,1.0,0,0,0
16718,0.2,3,0,0
16719,2.2,0,1,1
16720,0.2,0,0,1
16721,1.0,0,1,1
16722,1.0,3,0,0
16723,1.0,0,0,1
16724,0.2,3,0,0
16725,2.2,0,1,1
16726,1.0,0,1,1
16727,1.0,0,1,1
16728,0.2,3,0,0
16729,1.0,0,1,1
16730,1.0,0,1,1
16731,1.0,0,0,0
16732,1.0,0,1,1
16733,0.2,3,0,0
16734,0.2,3,0,0
16735,0.2,3,0,0
16736,1.0,0,1,0
16737,2.2,0,1,1
16738,0.2,3,0,0
16739,1.0,0,1,1
16740,1.0,0,0,1
16741,1.0,0,1,0
16742,0.2,3,0,0
16743,0.2,3,0,0
16744,0.2,3,0,0
16745,1.0,0,1,1
16746,1.0,0,1,0
16747,1.0,0,1,1
16748,1.0,0,1,1
16749,0.2,3,0,0
16750,0.2,3,0,0
16751,1.0,0,0,1
16752,0.2,3,0,0
16753,1.0,0,1,1
16754,0.2,3,0,0
16755,1.0,0,0,1
16756,0.2,3,0,0
16757,0.2,3,0,0
16758,0.2,3,0,0
16759,1.0,0,1,1
16760,2.2,0,1,1
16761,1.0,0,0,1
16762,0.2,3,0,0
16763,1.0,0,1,1
16764,0.2,3,0,0
16765,1.0,3,0,0
16766,1.0,0,1,1
16767,1.0,0,1,0
16768,1.0,0,1,1
16769,0.2,3,0,0
16770,0.2,3,0,0
16771,1.0,0,1,1
16772,0.2,3,0,0
16773,1.0,0,1,1
16774,0.2,3,0,0
16775,0.2,3,0,0
16776,2.2,0,1,1
16777,0.2,3,0,0
16778,1.0,0,1,1
16779,1.0,0,1,1
16780,0.2,3,0,0
16781,0.2,3,0,0
16782,0.2,3,0,0
16783,0.2,3,0,0
16784,1.0,0,1,0
16785,1.0,0,1,1
16786,0.2,3,0,0
16787,1.0,0,1,1
16788,0.2,3,0,1
16789,0.2,3,0,0
16790,0.2,3,0,0
16791,1.0,0,1,1
16792,1.0,0,1,1
16793,2.2,0,1,1
16794,1.0,0,1,1
16795,0.2,3,0,0
16796,2.2,0,1,1
16797,1.0,0,1,1
16798,0.2,3,0,0
16799,2.2,0,0,1
16800,0.2,3,0,0
16801,1.0,0,1,1
16802,1.0,0,0,0
16803,0.2,3,0,0
16804,1.0,0,1,1
16805,0.2,3,0,0
16806,1.0,0,1,1
16807,0.2,3,0,0
16808,2.2,0,1,1
16809,0.2,3,0,0
16810,1.0,0,1,1
16811,1.0,0,1,1
16812,1.0,0,1,1
16813,1.0,0,1,1
16814,0.2,3,0,0
16815,1.0,0,0,0
16816,1.0,0,1,1
16817,1.0,0,1,1
16818,0.2,3,0,0
16819,1.0,0,1,1
16820,1.0,0,1,1
16821,0.2,3,0,0
16822,1.0,0,0,1
16823,0.2,3,0,0
16824,0.2,3,0,0
16825,0.2,3,0,0
16826,2.2,0,1,1
16827,0.2,3,0,0
16828,0.2,3,0,0
16829,0.2,3,0,0
16830,1.0,0,1,1
16831,0.2,3,0,0
16832,0.2,3,0,0
16833,0.2,3,0,0
16834,0.2,3,0,0
16835,0.2,3,0,0
16836,2.2,0,1,1
16837,0.2,3,0,0
16838,1.0,0,1,1
16839,1.0,0,1,1
16840,0.2,3,0,0
16841,0.2,3,0,0
16842,0.2,3,0,0
16843,1.0,0,1,1
16844,0.2,3,0,0
16845,1.0,0,1,1
16846,1.0,0,1,0
16847,0.2,3,0,0
16848,1.0,0,1,1
16849,0.2,3,0,0
16850,1.0,0,1,0
16851,1.0,0,1,1
16852,1.0,0,1,1
16853,1.0,0,1,1
16854,1.0,0,1,1
16855,0.2,3,0,0
16856,2.2,0,1,1
16857,0.2,3,0,0
16858,0.2,3,0,0
16859,1.0,0,1,1
16860,1.0,0,1,1
16861,1.0,0,1,1
16862,0.2,3,0,0
16863,0.2,3,0,0
16864,1.0,0,0,1
16865,1.0,0,1,1
16866,1.0,0,1,1
16867,1.0,0,1,0
16868,1.0,0,1,1
16869,0.2,3,0,0
16870,0.2,3,0,0
16871,0.2,3,0,0
16872,0.2,3,0,0
16873,1.0,0,0,1
16874,1.0,0,1,1
16875,1.0,0,0,1
16876,1.0,0,1,1
16877,1.0,0,1,1
16878,0.2,3,0,0
16879,1.0,0,1,1
16880,0.2,3,0,0
16881,1.0,0,1,1
16882,1.0,0,0,1
16883,0.2,3,0,0
16884,0.2,3,0,0
16885,0.2,3,0,0
16886,1.0,0,1,1
16887,1.0,0,1,1
16888,1.0,0,0,1
16889,1.0,0,1,0
16890,1.0,0,1,1
16891,2.2,0,1,1
16892,1.0,0,0,1
16893,1.0,0,1,1
16894,1.0,0,1,1
16895,1.0,0,1,1
16896,1.0,0,1,1
16897,0.2,3,0,0
16898,2.2,0,1,1
16899,1.0,0,1,0
16900,1.0,0,0,1
16901,1.0,0,1,1
16902,1.0,0,1,1
16903,0.2,3,0,0
16904,1.0,0,1,1
16905,1.0,0,0,1
16906,1.0,0,0,1
16907,1.0,0,1,1
16908,1.0,0,1,1
16909,0.2,3,0,1
16910,0.2,3,0,0
16911,0.2,3,0,0
16912,1.0,0,1,0
16913,1.0,0,1,1
16914,1.0,0,1,1
16915,0.2,3,0,0
16916,1.0,0,0,0
16917,1.0,0,1,1
16918,0.2,3,0,0
16919,0.2,3,0,0
16920,2.2,0,1,1
16921,1.0,0,1,1
16922,1.0,0,0,1
16923,1.0,0,1,1
16924,1.0,0,1,1
16925,1.0,0,0,1
16926,1.0,0,1,1
16927,1.0,0,1,1
16928,1.0,0,1,1
16929,0.2,3,0,0
16930,1.0,0,1,1
16931,0.2,3,0,0
16932,0.2,3,0,0
16933,0.2,3,0,0
16934,0.2,3,0,0
16935,2.2,0,1,1
16936,1.0,0,0,1
16937,3.0,0,1,1
16938,0.2,3,0,0
16939,1.0,0,0,1
16940,0.2,3,0,0
16941,1.0,0,1,1
16942,1.0,0,1,0
16943,3.4000000000000004,1,1,0
16944,0.2,3,0,0
16945,0.2,3,0,0
16946,1.0,0,1,1
16947,1.0,0,0,1
16948,0.2,3,0,0
16949,0.2,3,0,0
16950,0.2,3,0,0
16951,1.0,0,1,0
16952,1.0,0,0,1
16953,1.0,0,1,1
16954,0.2,3,0,0
16955,0.2,3,0,0
16956,0.2,3,0,0
16957,0.2,3,0,0
16958,1.0,0,1,1
16959,1.0,0,1,1
16960,1.0,0,1,0
16961,1.0,0,1,1
16962,1.0,0,1,1
16963,0.2,3,0,0
16964,1.0,0,1,1
16965,2.2,0,1,1
16966,3.0,0,1,1
16967,0.2,3,0,0
16968,1.0,0,1,1
16969,0.2,3,0,0
16970,1.0,0,1,1
16971,0.2,3,0,0
16972,1.0,0,1,1
16973,0.2,3,0,0
16974,1.0,0,1,1
16975,0.2,3,0,0
16976,2.2,0,1,1
16977,1.0,0,1,1
16978,1.0,0,1,0
16979,0.2,3,0,0
16980,1.0,0,1,1
16981,1.0,0,1,1
16982,0.2,3,0,0
16983,2.2,0,1,1
16984,0.2,3,0,0
16985,0.2,3,0,0
16986,1.0,0,1,1
16987,1.0,0,1,0
16988,2.2,0,1,1
16989,1.0,0,1,0
16990,0.2,3,0,0
16991,1.0,3,0,0
16992,1.0,0,1,0
16993,0.2,3,0,0
16994,1.0,0,0,1
16995,0.2,3,0,0
16996,1.0,0,1,1
16997,1.0,0,1,1
16998,1.0,1,0,0
16999,2.2,0,1,1
17000,1.0,0,1,1
17001,1.0,0,1,1
17002,1.0,0,0,0
17003,1.0,0,1,1
17004,0.2,3,0,0
17005,0.2,3,0,0
17006,1.0,0,1,1
17007,2.2,0,1,1
17008,0.2,3,0,0
17009,0.2,3,0,0
17010,1.0,0,1,1
17011,0.2,3,0,0
17012,1.0,0,1,1
17013,1.0,0,1,1
17014,0.2,3,0,0
17015,2.2,0,1,1
17016,1.0,0,1,1
17017,0.2,3,0,0
17018,2.2,0,1,1
17019,0.2,3,0,0
17020,1.0,0,1,1
17021,1.0,0,1,1
17022,1.0,0,1,1
17023,0.2,3,0,0
17024,1.0,0,1,1
17025,1.0,0,1,1
17026,0.2,3,0,0
17027,0.2,3,0,0
17028,1.0,0,1,1
17029,0.2,3,0,0
17030,1.0,0,1,0
17031,1.0,0,1,1
17032,2.2,0,1,1
17033,1.0,0,1,1
17034,1.0,0,1,1
17035,3.0,0,1,1
17036,1.0,0,1,1
17037,0.2,3,0,0
17038,3.0,0,1,1
17039,1.0,0,1,1
17040,2.2,0,1,1
17041,0.2,3,0,0
17042,1.0,0,1,1
17043,1.0,0,1,1
17044,1.0,0,1,1
17045,3.0,3,0,0
17046,1.0,0,1,1
17047,1.0,0,0,0
17048,0.2,3,0,0
17049,0.2,3,0,0
17050,1.0,0,1,1
17051,0.2,3,0,0
17052,1.0,0,1,1
17053,1.0,0,1,1
17054,1.0,0,0,1
17055,2.2,0,1,1
17056,1.0,0,1,1
17057,0.2,3,0,0
17058,0.2,3,0,0
17059,0.2,3,0,0
17060,2.2,0,1,1
17061,0.2,3,0,0
17062,0.2,3,0,0
17063,1.0,0,1,1
17064,0.2,3,0,0
17065,0.2,0,0,1
17066,1.0,0,1,1
17067,1.0,0,0,1
17068,1.0,0,0,1
17069,0.2,3,0,0
17070,0.2,3,0,0
17071,0.2,3,0,0
17072,0.2,3,0,0
17073,1.0,0,1,1
17074,0.2,3,0,0
17075,0.2,3,0,0
17076,1.0,0,1,1
17077,0.2,3,0,0
17078,1.0,0,1,1
17079,0.2,3,0,0
17080,1.0,0,1,1
17081,0.2,3,0,0
17082,0.2,3,0,0
17083,0.2,3,0,0
17084,1.0,0,1,1
17085,1.0,0,1,1
17086,1.0,0,1,1
17087,0.2,3,0,0
17088,0.2,3,0,0
17089,1.0,0,1,1
17090,0.2,3,0,0
17091,0.2,3,0,0
17092,2.2,0,1,1
17093,0.2,3,0,0
17094,1.0,0,1,1
17095,0.2,3,0,0
17096,1.0,0,1,1
17097,2.2,0,1,1
17098,1.0,0,0,1
17099,0.2,3,0,0
17100,1.0,0,0,1
17101,0.2,3,0,0
17102,1.0,0,1,1
17103,1.0,0,0,1
17104,3.4000000000000004,1,1,0
17105,1.0,0,1,1
17106,1.0,0,1,1
17107,0.2,3,0,0
17108,1.0,0,1,1
17109,0.2,3,0,0
17110,1.0,0,1,0
17111,0.2,3,0,0
17112,2.2,0,1,1
17113,1.0,0,1,1
17114,1.0,0,1,1
17115,1.0,0,1,1
17116,2.2,0,1,1
17117,1.0,0,1,1
17118,1.0,0,1,1
17119,0.2,3,0,0
17120,0.2,3,0,0
17121,0.2,3,0,0
17122,0.2,3,0,0
17123,2.2,0,1,1
17124,0.2,3,0,0
17125,0.2,3,0,0
17126,2.2,0,0,1
17127,0.2,3,0,0
17128,0.2,3,0,0
17129,0.2,3,0,0
17130,0.2,3,0,0
17131,1.0,0,1,1
17132,2.2,0,1,1
17133,1.0,0,1,1
17134,1.0,0,1,0
17135,1.0,1,0,0
17136,0.2,3,0,0
17137,1.0,0,1,1
17138,0.2,3,0,0
17139,0.2,3,0,0
17140,0.2,3,0,0
17141,1.0,0,1,1
17142,0.2,3,0,0
17143,0.2,3,0,0
17144,0.2,3,0,0
17145,0.2,3,0,0
17146,2.2,0,1,1
17147,0.2,3,0,0
17148,0.2,3,0,0
17149,2.2,0,1,1
17150,1.0,0,1,1
17151,1.0,0,1,1
17152,2.2,0,1,1
17153,0.2,3,0,0
17154,0.2,3,0,0
17155,1.0,0,1,1
17156,2.2,0,1,1
17157,1.0,0,0,1
17158,2.2,0,1,1
17159,1.0,0,1,1
17160,0.2,3,0,0
17161,0.2,3,0,0
17162,1.0,0,1,1
17163,1.0,0,1,1
17164,1.0,0,1,1
17165,1.0,0,1,1
17166,0.2,3,0,0
17167,1.0,0,1,1
17168,1.0,0,0,1
17169,1.0,0,1,1
17170,0.2,3,0,0
17171,0.2,3,0,0
17172,0.2,3,0,0
17173,0.2,3,0,0
17174,1.0,0,1,0
17175,0.2,3,0,0
17176,1.0,0,1,1
17177,0.2,3,0,0
17178,0.2,3,0,0
17179,1.0,0,1,1
17180,0.2,3,0,0
17181,1.0,0,1,1
17182,0.2,3,0,0
17183,1.0,0,1,1
17184,1.0,0,1,1
17185,0.2,3,0,1
17186,1.0,0,0,1
17187,0.2,3,0,0
17188,0.2,3,0,0
17189,0.2,3,0,0
17190,0.2,3,0,0
17191,2.2,0,1,1
17192,1.0,0,1,1
17193,0.2,3,0,0
17194,1.0,0,1,1
17195,1.0,0,1,1
17196,1.0,0,1,1
17197,1.0,0,1,1
17198,0.2,3,0,0
17199,1.0,0,0,0
17200,0.2,3,0,0
17201,1.0,0,1,1
17202,0.2,3,0,0
17203,1.0,0,1,0
17204,1.0,0,1,1
17205,0.2,3,0,0
17206,1.0,3,0,0
17207,2.2,0,1,1
17208,1.0,3,0,0
17209,0.2,3,0,0
17210,1.0,0,1,1
17211,2.2,0,1,1
17212,0.2,3,0,0
17213,0.2,3,0,0
17214,1.0,0,0,1
17215,1.0,0,1,1
17216,1.0,0,0,1
17217,1.0,0,0,1
17218,0.2,3,0,0
17219,1.0,0,1,0
17220,1.0,0,0,1
17221,1.0,0,1,1
17222,0.2,3,0,0
17223,0.2,3,0,0
17224,0.2,3,0,0
17225,0.2,3,0,0
17226,1.0,0,1,1
17227,2.2,0,1,1
17228,1.0,0,1,1
17229,2.2,0,1,1
17230,2.2,0,1,1
17231,0.2,3,0,0
17232,1.0,0,1,1
17233,2.2,0,1,1
17234,1.0,0,1,1
17235,0.2,3,0,0
17236,1.0,0,1,1
17237,1.0,0,1,0
17238,1.0,0,1,1
17239,0.2,3,0,0
17240,1.0,0,1,1
17241,1.0,0,1,1
17242,1.0,0,1,0
17243,0.2,3,0,0
17244,0.2,3,0,0
17245,1.0,0,1,1
17246,1.0,0,1,1
17247,1.0,0,1,1
17248,1.0,0,1,1
17249,0.2,3,0,0
17250,1.0,0,1,1
17251,1.0,0,1,1
17252,2.2,0,1,1
17253,1.0,0,1,1
17254,1.0,0,1,0
17255,1.0,0,0,1
17256,0.2,3,0,0
17257,1.0,0,1,1
17258,0.2,3,0,0
17259,1.0,0,1,1
17260,0.2,3,0,0
17261,1.0,0,1,1
17262,2.2,0,1,1
17263,1.0,0,1,1
17264,0.2,3,0,0
17265,0.2,3,0,0
17266,1.0,0,1,1
17267,1.0,0,1,1
17268,1.0,0,1,1
17269,1.0,0,1,1
17270,0.2,3,0,0
17271,2.2,0,1,1
17272,1.0,0,1,1
17273,1.0,0,1,1
17274,1.0,3,0,0
17275,0.2,3,0,0
17276,1.0,0,1,1
17277,2.2,0,1,1
17278,0.2,3,0,0
17279,1.0,0,1,1
17280,0.2,3,0,0
17281,0.2,3,0,0
17282,2.2,0,1,1
17283,1.0,0,1,1
17284,0.2,3,0,1
17285,2.2,0,1,1
17286,0.2,3,0,0
17287,1.0,0,1,1
17288,1.0,0,1,1
17289,0.2,3,0,0
17290,1.0,0,1,1
17291,1.0,0,1,1
17292,1.0,0,0,1
17293,0.2,3,0,0
17294,0.2,3,0,0
17295,2.2,0,1,1
17296,1.0,0,1,0
17297,1.0,0,1,1
17298,0.2,3,0,0
17299,1.0,0,1,1
17300,1.0,0,1,1
17301,1.0,0,1,1
17302,0.2,3,0,0
17303,1.0,0,1,1
17304,1.0,0,0,1
17305,1.0,0,1,1
17306,0.2,3,0,0
17307,1.0,0,1,1
17308,1.0,0,1,1
17309,0.2,3,0,0
17310,0.2,3,0,0
17311,1.0,0,1,1
17312,0.2,3,0,0
17313,1.0,0,1,1
17314,1.0,1,0,0
17315,1.0,0,1,1
17316,1.0,0,1,1
17317,0.2,3,0,0
17318,1.0,0,1,1
17319,0.2,3,0,0
17320,0.2,3,0,0
17321,0.2,3,0,0
17322,1.0,0,1,1
17323,1.0,0,1,1
17324,0.2,3,0,0
17325,2.2,0,1,1
17326,1.0,0,1,1
17327,1.0,0,1,1
17328,0.2,3,0,0
17329,0.2,3,0,0
17330,0.2,3,0,0
17331,1.0,1,0,0
17332,0.2,3,0,0
17333,0.2,3,0,0
17334,1.0,0,1,1
17335,0.2,3,0,0
17336,2.2,0,1,1
17337,1.0,0,1,1
17338,2.2,0,1,1
17339,0.2,3,0,0
17340,1.0,0,1,1
17341,0.2,3,0,0
17342,0.2,3,0,0
17343,1.0,0,1,1
17344,0.2,3,0,0
17345,1.0,0,1,0
17346,1.0,0,1,1
17347,0.2,3,0,0
17348,0.2,3,0,0
17349,0.2,3,0,0
17350,1.0,0,0,1
17351,0.2,3,0,0
17352,1.0,0,1,1
17353,1.0,0,1,1
17354,1.0,0,1,0
17355,1.0,0,1,1
17356,1.0,0,1,1
17357,2.2,0,1,1
17358,0.2,3,0,0
17359,0.2,3,0,0
17360,0.2,3,0,0
17361,3.0,0,1,1
17362,1.0,0,1,0
17363,1.0,0,1,0
17364,1.0,0,0,0
17365,1.0,3,0,0
17366,0.2,3,0,0
17367,0.2,3,0,0
17368,0.2,3,0,0
17369,0.2,3,0,0
17370,1.0,0,0,1
17371,0.2,3,0,0
17372,0.2,3,0,0
17373,1.0,0,1,1
17374,0.2,3,0,0
17375,3.0,0,1,1
17376,1.0,0,1,1
17377,1.0,0,1,1
17378,0.2,3,0,0
17379,1.0,0,0,1
17380,1.0,0,1,1
17381,1.0,0,1,1
17382,0.2,3,0,0
17383,1.0,0,0,1
17384,1.0,0,1,1
17385,1.0,1,0,0
17386,0.2,3,0,0
17387,0.2,3,0,0
17388,1.0,0,0,1
17389,0.2,3,0,0
17390,3.4000000000000004,1,1,0
17391,1.0,0,1,1
17392,0.2,3,0,0
17393,1.0,0,1,1
17394,2.2,0,1,1
17395,1.0,0,1,1
17396,1.0,0,1,1
17397,1.0,0,1,1
17398,1.0,0,1,1
17399,1.0,0,1,0
17400,2.2,0,1,1
17401,1.0,0,1,1
17402,2.2,0,1,1
17403,1.0,0,1,1
17404,1.0,0,1,1
17405,1.0,0,1,1
17406,0.2,3,0,0
17407,0.2,3,0,0
17408,2.2,0,0,1
17409,1.0,0,1,1
17410,0.2,3,0,0
17411,1.0,0,1,1
17412,1.0,0,1,1
17413,1.0,0,1,1
17414,0.2,3,0,0
17415,0.2,3,0,0
17416,1.0,0,1,0
17417,0.2,3,0,0
17418,2.2,0,1,1
17419,1.0,0,1,0
17420,1.0,0,1,1
17421,2.2,0,1,1
17422,1.0,0,1,1
17423,0.2,3,0,0
17424,1.0,0,1,1
17425,2.2,0,1,1
17426,2.2,0,0,1
17427,0.2,3,0,0
17428,1.0,0,1,1
17429,1.0,0,1,1
17430,0.2,3,0,0
17431,1.0,0,1,1
17432,2.2,0,1,1
17433,1.0,0,1,1
17434,0.2,3,0,0
17435,0.2,3,0,0
17436,1.0,0,1,1
17437,0.2,3,0,0
17438,1.0,0,1,1
17439,2.2,0,1,1
17440,1.0,0,1,1
17441,2.2,0,1,1
17442,1.0,0,0,1
17443,1.0,0,1,0
17444,1.0,0,1,1
17445,0.2,3,0,0
17446,1.0,0,1,1
17447,0.2,3,0,0
17448,1.0,0,1,1
17449,1.0,0,1,1
17450,0.2,3,0,0
17451,0.2,3,0,0
17452,0.2,3,0,0
17453,1.0,0,1,0
17454,0.2,3,0,0
17455,1.0,0,1,1
17456,1.0,0,0,1
17457,0.2,3,0,0
17458,0.2,3,0,0
17459,2.2,0,1,1
17460,1.0,0,1,1
17461,1.0,0,1,1
17462,0.2,3,0,0
17463,1.0,0,1,1
17464,1.0,0,1,1
17465,0.2,3,0,0
17466,3.0,0,1,1
17467,1.0,0,1,1
17468,1.0,0,1,0
17469,0.2,3,0,0
17470,0.2,3,0,0
17471,0.2,3,0,0
17472,1.0,0,1,1
17473,0.2,3,0,0
17474,1.0,0,1,1
17475,2.2,0,1,1
17476,1.0,0,1,1
17477,1.0,0,1,1
17478,1.0,0,1,1
17479,1.0,0,1,1
17480,0.2,3,0,0
17481,1.0,0,1,0
17482,1.0,0,1,1
17483,0.2,3,0,0
17484,0.2,3,0,0
17485,3.0,0,1,1
17486,0.2,3,0,1
17487,2.2,0,1,1
17488,0.2,3,0,0
17489,1.0,0,1,1
17490,1.0,0,1,1
17491,1.0,0,1,1
17492,1.0,0,1,1
17493,1.0,0,1,1
17494,2.2,0,1,1
17495,1.0,0,1,1
17496,1.0,0,1,1
17497,0.2,3,0,0
17498,0.2,3,0,0
17499,1.0,0,1,0
17500,1.0,0,0,1
17501,1.0,0,1,1
17502,0.2,3,0,0
17503,0.2,3,0,0
17504,1.0,0,1,1
17505,1.0,0,1,0
17506,0.2,3,0,0
17507,1.0,0,1,1
17508,1.0,0,1,1
17509,0.2,3,0,0
17510,0.2,3,0,0
17511,1.0,0,1,1
17512,1.0,0,0,0
17513,1.0,0,1,1
17514,1.0,0,1,1
17515,1.0,0,1,1
17516,0.2,3,0,0
17517,0.2,3,0,0
17518,1.0,0,0,0
17519,0.2,3,0,0
17520,1.0,0,1,1
17521,1.0,0,1,0
17522,0.2,3,0,0
17523,0.2,3,0,1
17524,1.0,0,0,1
17525,1.0,0,1,1
17526,0.2,3,0,0
17527,0.2,3,0,0
17528,0.2,3,0,0
17529,1.0,0,1,1
17530,0.2,3,0,0
17531,0.2,3,0,0
17532,1.0,0,1,1
17533,2.2,0,1,1
17534,0.2,3,0,0
17535,0.2,3,0,0
17536,0.2,3,0,0
17537,1.0,0,1,1
17538,2.2,0,1,1
17539,1.0,0,0,1
17540,0.2,3,0,0
17541,2.2,0,1,1
17542,0.2,3,0,0
17543,0.2,3,0,0
17544,1.0,0,1,1
17545,1.0,0,0,1
17546,1.0,0,1,1
17547,0.2,3,0,0
17548,0.2,3,0,0
17549,0.2,3,0,0
17550,0.2,3,0,0
17551,0.2,3,0,0
17552,1.0,0,1,0
17553,1.0,0,1,1
17554,1.0,0,1,1
17555,1.0,0,1,1
17556,0.2,3,0,0
17557,0.2,3,0,0
17558,0.2,3,0,0
17559,1.0,0,1,1
17560,1.0,0,1,1
17561,1.0,0,1,1
17562,1.0,0,0,1
17563,1.0,0,0,1
17564,1.0,0,1,1
17565,1.0,0,1,1
17566,1.0,0,1,0
17567,2.2,0,1,1
17568,0.2,3,0,0
17569,0.2,3,0,0
17570,1.0,0,1,1
17571,1.0,0,1,1
17572,1.0,0,1,1
17573,0.2,3,0,0
17574,1.0,0,1,1
17575,1.0,0,1,0
17576,2.2,0,1,1
17577,1.0,0,1,1
17578,1.0,0,1,1
17579,0.2,3,0,0
17580,1.0,0,1,1
17581,0.2,3,0,0
17582,1.0,0,1,1
17583,0.2,3,0,0
17584,1.0,0,1,1
17585,0.2,3,0,0
17586,0.2,3,0,0
17587,0.2,3,0,0
17588,0.2,3,0,0
17589,1.0,0,1,1
17590,0.2,3,0,0
17591,1.0,0,1,0
17592,0.2,3,0,0
17593,0.2,3,0,0
17594,1.0,0,1,1
17595,1.0,0,1,1
17596,0.2,3,0,0
17597,2.2,0,1,1
17598,1.0,0,1,1
17599,1.0,0,1,0
17600,2.2,0,1,1
17601,0.2,3,0,0
17602,1.0,0,1,1
17603,2.2,0,0,1
17604,1.0,0,1,1
17605,1.0,0,1,1
17606,1.0,0,1,1
17607,1.0,0,1,1
17608,0.2,3,0,0
17609,0.2,3,0,0
17610,1.0,0,0,1
17611,1.0,0,1,1
17612,1.0,0,1,1
17613,1.0,0,1,1
17614,1.0,0,0,1
17615,2.2,0,1,1
17616,0.2,3,0,0
17617,0.2,3,0,0
17618,1.0,0,1,1
17619,0.2,3,0,0
17620,1.0,0,1,1
17621,1.0,0,1,1
17622,1.0,0,1,1
17623,2.2,0,1,1
17624,0.2,3,0,0
17625,0.2,3,0,0
17626,1.0,3,0,0
17627,0.2,3,0,0
17628,1.0,0,1,1
17629,0.2,3,0,0
17630,1.0,0,1,1
17631,0.2,3,0,0
17632,1.0,0,0,1
17633,0.2,3,0,0
17634,1.0,0,1,1
17635,1.0,0,1,1
17636,1.0,0,1,1
17637,1.0,0,1,0
17638,0.2,3,0,0
17639,0.2,3,0,0
17640,1.0,0,0,1
17641,1.0,0,0,1
17642,1.0,0,1,1
17643,0.2,3,0,0
17644,1.0,0,1,1
17645,0.2,3,0,1
17646,0.2,3,0,0
17647,1.0,0,1,1
17648,1.0,0,1,1
17649,0.2,3,0,0
17650,2.2,0,1,1
17651,1.0,0,0,1
17652,1.0,1,0,0
17653,0.2,3,0,0
17654,1.0,0,1,1
17655,1.0,0,1,1
17656,1.0,0,1,1
17657,1.0,0,1,1
17658,2.2,0,1,1
17659,1.0,0,1,1
17660,1.0,0,1,1
17661,0.2,3,0,0
17662,1.0,0,1,1
17663,2.2,0,1,1
17664,0.2,3,0,0
17665,1.0,0,1,1
17666,0.2,3,0,0
17667,1.0,0,1,1
17668,1.0,0,0,1
17669,1.0,0,1,1
17670,1.0,0,1,1
17671,2.2,0,1,1
17672,0.2,3,0,0
17673,0.2,3,0,0
17674,0.2,3,0,0
17675,1.0,0,1,1
17676,0.2,3,0,0
17677,0.2,3,0,0
17678,0.2,3,0,0
17679,0.2,3,0,0
17680,2.2,0,1,1
17681,0.2,3,0,0
17682,0.2,3,0,0
17683,0.2,3,0,0
17684,1.0,0,1,1
17685,1.0,0,1,0
17686,0.2,3,0,0
17687,1.0,0,1,1
17688,0.2,3,0,0
17689,0.2,3,0,0
17690,0.2,3,0,0
17691,1.0,0,1,1
17692,0.2,3,0,0
17693,1.0,0,0,1
17694,1.0,0,1,1
17695,1.0,0,1,0
17696,1.0,0,1,0
17697,0.2,3,0,1
17698,2.2,0,1,1
17699,0.2,3,0,0
17700,1.0,0,1,1
17701,0.2,3,0,0
17702,0.2,3,0,0
17703,1.0,0,1,1
17704,1.0,0,1,1
17705,0.2,3,0,0
17706,1.0,0,1,1
17707,1.0,0,1,0
17708,1.0,0,1,1
17709,0.2,3,0,0
17710,0.2,3,0,0
17711,1.0,0,0,1
17712,0.2,3,0,0
17713,1.0,0,1,1
17714,1.0,0,1,1
17715,0.2,3,0,0
17716,0.2,3,0,0
17717,0.2,3,0,0
17718,1.0,0,1,1
17719,0.2,3,0,0
17720,0.2,3,0,0
17721,1.0,0,1,1
17722,1.0,0,1,1
17723,0.2,3,0,0
17724,0.2,3,0,0
17725,1.0,0,0,0
17726,2.2,0,1,1
17727,1.0,0,1,1
17728,1.0,0,1,1
17729,1.0,0,1,1
17730,0.2,3,0,0
17731,2.2,0,1,1
17732,0.2,3,0,0
17733,3.4000000000000004,1,1,0
17734,1.0,0,1,1
17735,0.2,3,0,0
17736,2.2,0,1,1
17737,1.0,0,1,0
17738,1.0,0,1,1
17739,1.0,0,1,1
17740,0.2,3,0,0
17741,1.0,0,1,1
17742,1.0,0,1,1
17743,0.2,3,0,0
17744,0.2,3,0,0
17745,1.0,0,1,0
17746,0.2,3,0,0
17747,1.0,0,1,1
17748,1.0,0,1,1
17749,1.0,0,1,1
17750,2.2,0,1,1
17751,0.2,3,0,0
17752,2.2,0,1,1
17753,1.0,0,1,1
17754,3.0,0,1,1
17755,1.0,0,1,1
17756,0.2,3,0,0
17757,1.0,0,1,0
17758,0.2,3,0,0
17759,0.2,3,0,0
17760,0.2,3,0,0
17761,0.2,3,0,0
17762,1.0,0,0,1
17763,0.2,3,0,0
17764,1.0,0,0,1
17765,1.0,0,1,0
17766,0.2,3,0,0
17767,1.0,0,1,1
17768,1.0,0,1,1
17769,0.2,3,0,0
17770,0.2,3,0,0
17771,1.0,0,1,1
17772,1.0,0,1,1
17773,1.0,0,1,1
17774,0.2,3,0,0
17775,0.2,3,0,0
17776,1.0,0,1,1
17777,1.0,0,0,1
17778,0.2,3,0,0
17779,0.2,3,0,0
17780,1.0,0,1,1
17781,2.2,0,1,1
17782,0.2,3,0,0
17783,1.0,0,1,1
17784,0.2,3,0,0
17785,0.2,3,0,0
17786,2.2,0,1,1
17787,2.2,0,1,1
17788,0.2,3,0,0
17789,2.2,0,1,1
17790,0.2,3,0,0
17791,0.2,3,0,0
17792,0.2,3,0,0
17793,1.0,0,1,1
17794,0.2,3,0,0
17795,1.0,0,0,1
17796,0.2,3,0,1
17797,0.2,3,0,0
17798,0.2,3,0,0
17799,0.2,3,0,0
17800,1.0,0,1,1
17801,1.0,0,1,1
17802,0.2,3,0,0
17803,0.2,3,0,0
17804,1.0,0,1,1
17805,0.2,3,0,0
17806,0.2,3,0,0
17807,1.0,0,1,1
17808,0.2,3,0,0
17809,1.0,3,0,0
17810,0.2,3,0,0
17811,1.0,0,1,1
17812,1.0,0,1,1
17813,1.0,0,1,1
17814,0.2,3,0,0
17815,1.0,0,1,1
17816,0.2,3,0,0
17817,1.0,0,1,1
17818,0.2,3,0,0
17819,2.2,0,1,1
17820,2.2,0,1,1
17821,0.2,3,0,0
17822,3.4000000000000004,1,1,0
17823,1.0,0,1,1
17824,1.0,0,1,1
17825,1.0,0,1,1
17826,1.0,0,1,1
17827,2.2,0,1,1
17828,0.2,3,0,0
17829,3.0,0,1,1
17830,0.2,3,0,0
17831,0.2,3,0,0
17832,0.2,3,0,0
17833,0.2,3,0,0
17834,1.0,0,0,0
17835,0.2,3,0,0
17836,0.2,3,0,0
17837,1.0,0,1,1
17838,1.0,0,0,1
17839,0.2,3,0,0
17840,0.2,3,0,0
17841,2.2,0,1,1
17842,0.2,3,0,0
17843,1.0,0,1,1
17844,0.2,3,0,0
17845,1.0,0,1,1
17846,0.2,3,0,0
17847,2.2,0,1,1
17848,1.0,0,1,0
17849,1.0,0,1,1
17850,1.0,0,1,0
17851,0.2,3,0,0
17852,1.0,0,1,0
17853,0.2,3,0,0
17854,1.0,0,1,1
17855,0.2,3,0,0
17856,0.2,3,0,0
17857,0.2,3,0,0
17858,0.2,3,0,0
17859,1.0,0,1,1
17860,1.0,0,1,1
17861,1.0,0,1,1
17862,1.0,0,1,1
17863,0.2,3,0,0
17864,0.2,3,0,0
17865,2.2,0,1,1
17866,2.2,0,0,1
17867,1.0,0,1,1
17868,0.2,3,0,0
17869,1.0,0,0,1
17870,2.2,0,1,1
17871,1.0,0,0,0
17872,1.0,0,1,1
17873,0.2,3,0,0
17874,0.2,3,0,0
17875,1.0,0,1,1
17876,0.2,3,0,0
17877,0.2,3,0,0
17878,1.0,0,1,1
17879,0.2,3,0,0
17880,1.0,0,1,1
17881,2.2,0,1,1
17882,1.0,0,1,1
17883,0.2,3,0,0
17884,1.0,0,0,1
17885,3.4000000000000004,1,1,0
17886,1.0,0,0,1
17887,1.0,0,1,1
17888,0.2,3,0,0
17889,0.2,3,0,0
17890,0.2,3,0,0
17891,1.0,1,0,0
17892,2.2,0,1,1
17893,1.0,0,1,0
17894,1.0,0,1,1
17895,1.0,0,1,1
17896,1.0,0,1,1
17897,1.0,0,1,1
17898,1.0,0,1,1
17899,0.2,3,0,0
17900,1.0,0,1,1
17901,1.0,0,1,1
17902,0.2,3,0,0
17903,1.0,0,0,1
17904,1.0,0,0,1
17905,0.2,3,0,0
17906,1.0,0,0,0
17907,1.0,0,0,1
17908,0.2,3,0,0
17909,1.0,0,0,1
17910,1.0,0,1,0
17911,0.2,3,0,0
17912,1.0,0,1,1
17913,0.2,3,0,0
17914,0.2,3,0,0
17915,1.0,0,1,1
17916,1.0,0,1,1
17917,0.2,3,0,0
17918,1.0,0,1,1
17919,0.2,3,0,0
17920,1.0,0,1,0
17921,1.0,0,0,0
17922,1.0,0,1,1
17923,0.2,3,0,0
17924,1.0,0,1,1
17925,0.2,3,0,0
17926,0.2,3,0,0
17927,1.0,0,1,1
17928,1.0,0,0,0
17929,0.2,3,0,0
17930,0.2,3,0,0
17931,0.2,3,0,0
17932,0.2,3,0,0
17933,1.0,0,1,1
17934,1.0,0,0,1
17935,0.2,3,0,0
17936,1.0,0,1,1
17937,2.2,0,1,1
17938,1.0,0,1,1
17939,1.0,0,1,0
17940,1.0,0,1,1
17941,1.0,0,1,0
17942,1.0,1,0,0
17943,1.0,0,0,1
17944,1.0,0,1,1
17945,0.2,3,0,0
17946,1.0,0,1,1
17947,0.2,3,0,0
17948,0.2,3,0,0
17949,0.2,3,0,0
17950,1.0,0,1,0
17951,1.0,0,1,1
17952,1.0,0,1,1
17953,0.2,3,0,0
17954,1.0,0,1,1
17955,1.0,0,1,1
17956,1.0,0,1,1
17957,2.2,0,1,1
17958,1.0,0,0,0
17959,1.0,0,1,1
17960,0.2,3,0,0
17961,0.2,3,0,0
17962,1.0,0,1,1
17963,0.2,3,0,0
17964,0.2,3,0,0
17965,1.0,0,1,0
17966,1.0,0,1,1
17967,0.2,3,0,0
17968,0.2,3,0,0
17969,1.0,0,1,1
17970,1.0,0,1,1
17971,0.2,3,0,0
17972,0.2,3,0,0
17973,0.2,3,0,0
17974,0.2,3,0,0
17975,0.2,3,0,0
17976,1.0,0,1,1
17977,1.0,0,1,1
17978,0.2,3,0,0
17979,3.0,0,1,1
17980,1.0,0,1,1
17981,2.2,0,1,1
17982,0.2,3,0,0
17983,0.2,3,0,0
17984,1.0,0,1,1
17985,0.2,3,0,0
17986,0.2,3,0,0
17987,0.2,3,0,0
17988,1.0,0,1,1
17989,0.2,3,0,0
17990,1.0,0,1,1
17991,1.0,0,1,1
17992,0.2,3,0,0
17993,0.2,3,0,0
17994,0.2,3,0,0
17995,1.0,0,1,0
17996,0.2,3,0,0
17997,1.0,0,1,1
17998,2.2,0,1,1
17999,0.2,3,0,0
