,R,Q,A,Y
0,0.4,3,0,0
1,1.2000000000000002,0,1,1
2,1.2000000000000002,0,1,1
3,0.4,3,0,0
4,0.4,3,0,0
5,0.4,3,0,0
6,1.2000000000000002,0,1,1
7,1.2000000000000002,3,0,0
8,1.2000000000000002,0,1,0
9,1.2000000000000002,0,1,1
10,1.2000000000000002,0,1,1
11,1.2000000000000002,0,1,1
12,2.0,0,1,1
13,0.4,3,0,0
14,1.2000000000000002,0,1,1
15,0.4,3,0,0
16,0.4,3,0,0
17,1.2000000000000002,0,1,0
18,0.4,3,0,0
19,1.2000000000000002,0,1,1
20,0.4,3,0,0
21,0.4,3,0,0
22,0.4,3,0,0
23,0.4,3,0,0
24,1.2000000000000002,0,1,1
25,1.2000000000000002,1,0,0
26,0.4,3,0,0
27,1.2000000000000002,0,1,1
28,0.4,3,0,1
29,0.4,3,0,0
30,0.4,3,0,0
31,0.4,3,0,0
32,2.0,0,0,1
33,2.0,0,1,1
34,0.4,3,0,0
35,1.2000000000000002,0,1,1
36,0.4,3,0,0
37,1.2000000000000002,0,0,1
38,0.4,3,0,0
39,1.2000000000000002,0,1,1
40,0.4,3,0,0
41,1.2000000000000002,0,1,1
42,1.2000000000000002,0,1,1
43,1.2000000000000002,0,1,1
44,0.4,3,0,0
45,1.2000000000000002,0,1,1
46,1.2000000000000002,0,0,0
47,0.4,3,0,1
48,0.4,3,0,0
49,1.2000000000000002,0,1,1
50,0.4,3,0,1
51,2.0,0,1,1
52,0.4,3,0,0
53,2.0,0,1,1
54,1.2000000000000002,0,1,1
55,0.4,3,0,0
56,0.4,3,0,0
57,0.4,3,0,0
58,0.4,3,0,0
59,1.2000000000000002,0,1,0
60,1.2000000000000002,0,1,1
61,1.2000000000000002,0,1,1
62,1.2000000000000002,0,1,1
63,1.2000000000000002,0,1,1
64,1.2000000000000002,0,0,1
65,1.2000000000000002,0,1,1
66,0.4,3,0,0
67,0.4,3,0,0
68,1.2000000000000002,0,1,1
69,1.2000000000000002,0,1,1
70,1.2000000000000002,0,1,0
71,0.4,3,0,0
72,1.2000000000000002,0,1,1
73,0.4,3,0,0
74,0.4,3,0,0
75,1.2000000000000002,0,1,1
76,1.2000000000000002,0,1,1
77,1.2000000000000002,0,1,1
78,0.4,3,0,0
79,1.2000000000000002,0,1,0
80,0.4,3,0,0
81,0.4,3,0,0
82,0.4,3,0,0
83,0.4,3,0,0
84,1.2000000000000002,0,1,1
85,0.4,3,0,0
86,0.4,3,0,0
87,0.4,3,0,0
88,0.4,3,0,0
89,1.2000000000000002,2,0,0
90,1.2000000000000002,0,1,1
91,0.4,3,0,0
92,0.4,3,0,0
93,0.4,3,0,0
94,1.2000000000000002,0,1,1
95,0.4,3,0,0
96,1.2000000000000002,0,1,0
97,0.4,3,0,0
98,0.4,3,0,0
99,0.4,3,0,0
100,0.4,3,0,0
101,1.2000000000000002,0,1,1
102,0.4,3,0,0
103,0.4,3,0,0
104,2.0,0,1,1
105,1.2000000000000002,0,1,1
106,0.4,3,0,0
107,2.0,0,1,1
108,0.4,3,0,0
109,1.2000000000000002,0,1,1
110,1.2000000000000002,0,1,1
111,2.0,0,0,1
112,1.2000000000000002,0,1,1
113,1.2000000000000002,0,0,1
114,1.2000000000000002,0,1,1
115,1.2000000000000002,0,0,0
116,1.2000000000000002,0,0,0
117,1.2000000000000002,0,1,1
118,0.4,3,0,0
119,1.2000000000000002,0,1,0
120,1.2000000000000002,0,1,1
121,0.4,3,0,1
122,2.0,0,1,1
123,0.4,3,0,1
124,0.4,3,0,0
125,2.0,0,1,1
126,1.2000000000000002,0,1,0
127,0.4,3,0,0
128,1.2000000000000002,0,1,1
129,1.2000000000000002,0,1,1
130,0.4,3,0,0
131,0.4,3,0,0
132,1.2000000000000002,0,0,1
133,1.2000000000000002,0,1,0
134,2.0,0,0,1
135,1.2000000000000002,0,1,1
136,1.2000000000000002,0,0,1
137,0.4,3,0,0
138,1.2000000000000002,0,1,0
139,0.4,3,0,0
140,0.4,3,0,0
141,1.2000000000000002,0,1,1
142,1.2000000000000002,0,1,1
143,1.2000000000000002,0,0,1
144,0.4,3,0,0
145,0.4,3,0,0
146,0.4,3,0,0
147,0.4,3,0,0
148,0.4,3,0,0
149,1.2000000000000002,0,1,0
150,1.2000000000000002,0,1,1
151,1.2000000000000002,0,1,1
152,2.0,0,1,1
153,1.2000000000000002,0,0,1
154,1.2000000000000002,0,1,1
155,1.2000000000000002,0,1,1
156,0.4,3,0,0
157,0.4,3,0,0
158,1.2000000000000002,1,0,1
159,0.4,3,0,0
160,1.2000000000000002,0,1,1
161,2.0,0,1,1
162,2.0,0,0,1
163,2.0,0,1,1
164,1.2000000000000002,0,1,1
165,1.2000000000000002,0,1,0
166,0.4,3,0,0
167,2.0,0,1,1
168,0.4,3,0,0
169,0.4,3,0,0
170,1.2000000000000002,0,1,1
171,2.0,0,1,1
172,1.2000000000000002,0,1,1
173,1.2000000000000002,0,0,1
174,1.2000000000000002,0,1,1
175,1.2000000000000002,0,1,1
176,1.2000000000000002,0,1,1
177,0.4,3,0,0
178,1.2000000000000002,0,1,1
179,1.2000000000000002,0,1,1
180,1.2000000000000002,0,1,1
181,1.2000000000000002,0,1,1
182,1.2000000000000002,0,0,1
183,0.4,3,0,0
184,0.4,3,0,0
185,0.4,3,0,0
186,0.4,3,0,0
187,1.2000000000000002,0,0,1
188,0.4,3,0,0
189,1.2000000000000002,0,0,1
190,1.2000000000000002,0,1,1
191,0.4,3,0,0
192,1.2000000000000002,0,1,1
193,1.2000000000000002,0,1,1
194,1.2000000000000002,3,0,0
195,0.4,3,0,0
196,2.0,0,1,1
197,1.2000000000000002,0,1,0
198,2.0,0,1,1
199,2.0,0,1,1
200,1.2000000000000002,0,1,1
201,1.2000000000000002,0,1,1
202,0.4,3,0,0
203,0.4,3,0,0
204,2.0,0,1,1
205,1.2000000000000002,0,1,1
206,1.2000000000000002,0,1,1
207,1.2000000000000002,0,1,1
208,1.2000000000000002,0,0,1
209,1.2000000000000002,0,1,1
210,1.2000000000000002,0,1,1
211,0.4,3,0,0
212,1.2000000000000002,0,1,1
213,1.2000000000000002,0,1,1
214,0.4,3,0,0
215,1.2000000000000002,0,1,1
216,0.4,3,0,0
217,0.4,3,0,0
218,1.2000000000000002,0,1,1
219,1.2000000000000002,0,1,1
220,0.4,3,0,0
221,0.4,3,0,0
222,2.0,0,1,1
223,1.2000000000000002,0,1,1
224,2.0,0,1,1
225,1.2000000000000002,0,1,1
226,2.0,0,1,1
227,0.4,3,0,0
228,0.4,3,0,0
229,0.4,3,0,0
230,1.2000000000000002,0,1,1
231,1.2000000000000002,0,1,0
232,1.2000000000000002,0,1,1
233,0.4,3,0,0
234,0.4,3,0,0
235,1.2000000000000002,0,1,1
236,0.4,3,0,0
237,2.0,0,1,1
238,2.0,0,1,1
239,0.4,3,0,0
240,2.8,0,1,1
241,0.4,3,0,0
242,1.2000000000000002,0,1,1
243,0.4,3,0,0
244,1.2000000000000002,0,1,1
245,0.4,3,0,0
246,1.2000000000000002,0,1,1
247,1.2000000000000002,0,1,1
248,1.2000000000000002,0,0,1
249,0.4,3,0,0
250,0.4,3,0,0
251,0.4,3,0,0
252,1.2000000000000002,0,0,1
253,1.2000000000000002,0,1,1
254,1.2000000000000002,0,1,1
255,2.0,0,1,1
256,1.2000000000000002,0,1,1
257,0.4,3,0,0
258,0.4,3,0,0
259,1.2000000000000002,0,1,1
260,0.4,3,0,0
261,0.4,3,0,0
262,1.2000000000000002,0,1,1
263,1.2000000000000002,0,1,1
264,1.2000000000000002,0,1,1
265,1.2000000000000002,0,1,1
266,0.4,3,0,0
267,2.0,0,1,0
268,1.2000000000000002,0,1,1
269,0.4,3,0,0
270,0.4,3,0,0
271,1.2000000000000002,0,0,1
272,0.4,3,0,0
273,1.2000000000000002,0,1,1
274,1.2000000000000002,0,1,1
275,1.2000000000000002,0,1,0
276,1.2000000000000002,0,0,0
277,1.2000000000000002,0,1,0
278,0.4,3,0,0
279,1.2000000000000002,0,1,1
280,0.4,3,0,0
281,0.4,3,0,0
282,0.4,3,0,0
283,1.2000000000000002,2,0,0
284,1.2000000000000002,0,1,1
285,2.0,0,1,1
286,1.2000000000000002,0,1,1
287,1.2000000000000002,0,1,1
288,0.4,3,0,0
289,2.0,0,1,0
290,0.4,3,0,0
291,2.0,0,1,1
292,1.2000000000000002,0,1,1
293,1.2000000000000002,0,1,1
294,1.2000000000000002,3,0,0
295,2.0,0,1,1
296,0.4,3,0,0
297,0.4,3,0,0
298,1.2000000000000002,0,1,1
299,0.4,3,0,0
300,0.4,3,0,0
301,1.2000000000000002,0,1,1
302,0.4,3,0,0
303,0.4,3,0,0
304,1.2000000000000002,0,1,1
305,2.0,0,1,1
306,1.2000000000000002,0,1,1
307,0.4,3,0,0
308,0.4,3,0,0
309,1.2000000000000002,0,1,1
310,0.4,3,0,0
311,2.0,0,1,1
312,2.0,0,1,1
313,0.4,3,0,0
314,1.2000000000000002,0,0,1
315,0.4,3,0,0
316,1.2000000000000002,0,1,1
317,0.4,3,0,0
318,1.2000000000000002,0,1,1
319,1.2000000000000002,0,1,1
320,0.4,3,0,0
321,0.4,3,0,0
322,1.2000000000000002,0,1,0
323,0.4,3,0,0
324,0.4,3,0,0
325,0.4,3,0,0
326,0.4,3,0,0
327,1.2000000000000002,0,0,1
328,2.8,0,0,0
329,0.4,3,0,0
330,0.4,3,0,0
331,1.2000000000000002,0,1,1
332,0.4,3,0,0
333,1.2000000000000002,0,1,0
334,0.4,3,0,0
335,1.2000000000000002,0,1,1
336,0.4,3,0,0
337,1.2000000000000002,0,0,0
338,2.0,0,0,1
339,1.2000000000000002,0,1,1
340,1.2000000000000002,0,1,1
341,0.4,3,0,1
342,1.2000000000000002,0,1,1
343,0.4,3,0,0
344,1.2000000000000002,0,1,1
345,1.2000000000000002,0,0,0
346,0.4,3,0,0
347,2.0,0,1,1
348,1.2000000000000002,0,1,1
349,0.4,3,0,0
350,0.4,3,0,0
351,0.4,3,0,0
352,0.4,3,0,0
353,1.2000000000000002,0,1,1
354,1.2000000000000002,2,0,1
355,0.4,3,0,0
356,1.2000000000000002,0,1,1
357,1.2000000000000002,0,1,1
358,0.4,3,0,0
359,0.4,3,0,0
360,0.4,3,0,0
361,1.2000000000000002,0,0,0
362,0.4,3,0,0
363,0.4,3,0,0
364,1.2000000000000002,0,1,1
365,0.4,3,0,0
366,0.4,3,0,0
367,2.0,0,0,1
368,0.4,3,0,0
369,2.0,0,1,1
370,1.2000000000000002,0,1,1
371,1.2000000000000002,0,0,1
372,2.0,0,1,1
373,1.2000000000000002,0,1,1
374,1.2000000000000002,0,1,1
375,0.4,3,0,0
376,0.4,3,0,0
377,0.4,3,0,0
378,0.4,3,0,0
379,0.4,3,0,0
380,0.4,3,0,0
381,0.4,3,0,0
382,1.2000000000000002,0,1,1
383,0.4,3,0,0
384,2.0,0,1,1
385,1.2000000000000002,2,0,0
386,0.4,3,0,0
387,1.2000000000000002,0,1,1
388,0.4,3,0,0
389,1.2000000000000002,0,1,1
390,1.2000000000000002,0,1,1
391,1.2000000000000002,0,1,1
392,2.0,0,1,1
393,1.2000000000000002,0,1,1
394,0.4,3,0,0
395,1.2000000000000002,0,1,1
396,0.4,3,0,0
397,0.4,3,0,0
398,0.4,3,0,0
399,0.4,3,0,0
400,0.4,3,0,0
401,1.2000000000000002,0,1,1
402,0.4,3,0,1
403,1.2000000000000002,0,1,0
404,1.2000000000000002,0,0,1
405,0.4,3,0,1
406,0.4,3,0,0
407,0.4,3,0,0
408,1.2000000000000002,0,1,1
409,1.2000000000000002,0,1,1
410,0.4,3,0,0
411,2.0,0,1,1
412,1.2000000000000002,0,1,1
413,0.4,3,0,0
414,0.4,3,0,0
415,1.2000000000000002,0,0,1
416,1.2000000000000002,0,1,1
417,1.2000000000000002,0,1,1
418,0.4,3,0,0
419,1.2000000000000002,0,1,1
420,1.2000000000000002,0,1,0
421,1.2000000000000002,0,1,1
422,2.8,0,0,1
423,0.4,3,0,1
424,1.2000000000000002,0,1,1
425,0.4,3,0,0
426,0.4,3,0,0
427,1.2000000000000002,0,1,1
428,2.0,0,1,1
429,0.4,3,0,0
430,1.2000000000000002,0,1,1
431,0.4,3,0,0
432,1.2000000000000002,0,1,1
433,0.4,3,0,0
434,2.0,0,1,1
435,0.4,3,0,0
436,1.2000000000000002,0,1,0
437,1.2000000000000002,0,1,1
438,1.2000000000000002,0,1,1
439,0.4,3,0,0
440,2.0,0,1,0
441,0.4,3,0,0
442,0.4,3,0,0
443,1.2000000000000002,0,0,1
444,0.4,3,0,0
445,0.4,3,0,0
446,1.2000000000000002,0,1,1
447,2.0,0,1,1
448,2.0,0,1,0
449,0.4,3,0,0
450,1.2000000000000002,0,1,0
451,1.2000000000000002,0,1,1
452,2.0,0,1,1
453,1.2000000000000002,0,1,1
454,1.2000000000000002,0,1,0
455,0.4,3,0,0
456,0.4,3,0,0
457,1.2000000000000002,0,1,1
458,0.4,3,0,0
459,2.0,0,1,1
460,1.2000000000000002,0,1,1
461,0.4,3,0,0
462,1.2000000000000002,0,1,1
463,0.4,3,0,0
464,1.2000000000000002,0,1,1
465,1.2000000000000002,0,1,1
466,1.2000000000000002,0,1,1
467,1.2000000000000002,0,1,1
468,0.4,3,0,0
469,1.2000000000000002,0,1,1
470,1.2000000000000002,0,1,0
471,1.2000000000000002,0,1,1
472,0.4,3,0,0
473,0.4,3,0,0
474,0.4,3,0,0
475,0.4,3,0,0
476,2.0,0,0,1
477,0.4,3,0,0
478,0.4,3,0,0
479,1.2000000000000002,0,1,1
480,0.4,3,0,0
481,1.2000000000000002,0,1,1
482,1.2000000000000002,0,1,1
483,0.4,3,0,1
484,2.0,0,1,1
485,1.2000000000000002,0,1,1
486,1.2000000000000002,0,1,1
487,0.4,3,0,0
488,1.2000000000000002,0,1,1
489,2.0,0,1,1
490,0.4,3,0,0
491,1.2000000000000002,0,1,1
492,0.4,3,0,0
493,1.2000000000000002,0,1,1
494,0.4,3,0,0
495,0.4,3,0,0
496,1.2000000000000002,0,1,1
497,1.2000000000000002,0,1,1
498,2.0,0,0,0
499,1.2000000000000002,0,1,1
500,0.4,3,0,0
501,1.2000000000000002,0,1,1
502,1.2000000000000002,0,1,1
503,1.2000000000000002,0,0,1
504,0.4,3,0,0
505,0.4,3,0,0
506,2.0,0,1,1
507,1.2000000000000002,0,1,0
508,2.0,0,1,1
509,1.2000000000000002,0,0,1
510,0.4,3,0,0
511,1.2000000000000002,0,0,1
512,1.2000000000000002,0,1,0
513,0.4,3,0,0
514,0.4,3,0,0
515,1.2000000000000002,0,1,1
516,1.2000000000000002,0,0,1
517,1.2000000000000002,0,1,1
518,2.0,0,1,1
519,1.2000000000000002,0,0,1
520,2.0,0,1,1
521,0.4,3,0,0
522,0.4,3,0,0
523,1.2000000000000002,0,1,1
524,1.2000000000000002,0,1,1
525,0.4,3,0,0
526,1.2000000000000002,0,1,1
527,0.4,3,0,0
528,0.4,3,0,0
529,0.4,3,0,0
530,0.4,3,0,0
531,1.2000000000000002,0,1,1
532,0.4,3,0,0
533,1.2000000000000002,0,1,1
534,1.2000000000000002,0,1,1
535,1.2000000000000002,0,1,1
536,0.4,3,0,0
537,0.4,3,0,0
538,1.2000000000000002,0,1,1
539,0.4,3,0,0
540,1.2000000000000002,0,1,1
541,0.4,3,0,0
542,1.2000000000000002,0,1,1
543,0.4,3,0,0
544,1.2000000000000002,0,0,0
545,0.4,3,0,0
546,1.2000000000000002,0,1,1
547,0.4,3,0,0
548,0.4,3,0,0
549,0.4,3,0,0
550,0.4,3,0,0
551,1.2000000000000002,0,1,1
552,1.2000000000000002,0,1,1
553,1.2000000000000002,0,1,1
554,1.2000000000000002,0,1,1
555,1.2000000000000002,0,1,1
556,2.0,0,1,1
557,1.2000000000000002,0,1,1
558,0.4,3,0,0
559,0.4,3,0,1
560,1.2000000000000002,0,1,0
561,0.4,3,0,0
562,0.4,3,0,0
563,0.4,3,0,0
564,1.2000000000000002,0,0,1
565,1.2000000000000002,0,1,1
566,1.2000000000000002,0,1,1
567,0.4,3,0,0
568,0.4,3,0,0
569,1.2000000000000002,0,1,1
570,0.4,3,0,0
571,1.2000000000000002,0,1,1
572,2.0,0,1,1
573,0.4,3,0,0
574,0.4,3,0,0
575,0.4,3,0,0
576,1.2000000000000002,0,1,1
577,2.0,0,1,1
578,0.4,3,0,0
579,1.2000000000000002,0,1,1
580,2.0,0,1,1
581,0.4,3,0,0
582,0.4,3,0,0
583,0.4,3,0,0
584,0.4,3,0,0
585,1.2000000000000002,0,1,0
586,0.4,3,0,0
587,0.4,3,0,0
588,0.4,3,0,0
589,0.4,3,0,0
590,1.2000000000000002,0,1,1
591,1.2000000000000002,0,1,1
592,0.4,3,0,0
593,1.2000000000000002,0,1,1
594,0.4,3,0,0
595,1.2000000000000002,0,1,0
596,1.2000000000000002,0,1,1
597,0.4,3,0,0
598,1.2000000000000002,0,1,0
599,1.2000000000000002,0,1,1
600,0.4,3,0,0
601,1.2000000000000002,0,1,1
602,1.2000000000000002,0,0,1
603,2.0,0,1,1
604,1.2000000000000002,0,1,1
605,0.4,3,0,0
606,0.4,3,0,0
607,1.2000000000000002,0,0,1
608,2.0,0,1,1
609,1.2000000000000002,0,1,1
610,1.2000000000000002,0,1,0
611,0.4,3,0,1
612,0.4,3,0,0
613,1.2000000000000002,0,1,1
614,0.4,3,0,0
615,1.2000000000000002,0,1,1
616,1.2000000000000002,0,1,1
617,1.2000000000000002,0,1,1
618,0.4,3,0,0
619,2.0,0,1,1
620,1.2000000000000002,0,1,1
621,2.0,0,1,1
622,1.2000000000000002,0,1,1
623,1.2000000000000002,0,1,1
624,0.4,3,0,0
625,0.4,3,0,0
626,2.0,0,0,1
627,0.4,3,0,0
628,1.2000000000000002,0,1,1
629,1.2000000000000002,0,1,1
630,1.2000000000000002,0,1,0
631,0.4,3,0,0
632,2.0,0,1,0
633,1.2000000000000002,0,1,1
634,0.4,3,0,0
635,1.2000000000000002,0,1,1
636,1.2000000000000002,0,1,0
637,0.4,3,0,0
638,1.2000000000000002,0,1,1
639,0.4,3,0,0
640,1.2000000000000002,0,1,1
641,0.4,3,0,0
642,0.4,3,0,0
643,1.2000000000000002,0,1,1
644,1.2000000000000002,0,1,1
645,1.2000000000000002,0,1,1
646,0.4,3,0,0
647,1.2000000000000002,0,1,1
648,1.2000000000000002,0,1,1
649,0.4,3,0,0
650,2.0,0,1,1
651,1.2000000000000002,0,1,1
652,2.0,0,1,1
653,1.2000000000000002,0,1,1
654,0.4,3,0,0
655,1.2000000000000002,0,1,1
656,0.4,3,0,0
657,1.2000000000000002,0,1,0
658,1.2000000000000002,0,1,1
659,1.2000000000000002,0,1,1
660,1.2000000000000002,0,1,1
661,2.0,0,1,1
662,0.4,3,0,0
663,0.4,3,0,0
664,2.0,0,1,0
665,1.2000000000000002,0,1,1
666,1.2000000000000002,0,0,1
667,1.2000000000000002,0,1,1
668,0.4,3,0,0
669,0.4,3,0,0
670,0.4,3,0,0
671,1.2000000000000002,0,1,1
672,1.2000000000000002,0,1,1
673,1.2000000000000002,0,1,0
674,0.4,3,0,0
675,0.4,3,0,0
676,0.4,3,0,0
677,1.2000000000000002,0,1,1
678,0.4,3,0,0
679,0.4,3,0,0
680,1.2000000000000002,0,1,1
681,1.2000000000000002,0,1,1
682,1.2000000000000002,0,1,1
683,1.2000000000000002,0,1,1
684,0.4,3,0,0
685,0.4,3,0,0
686,2.0,0,1,1
687,2.0,0,1,1
688,0.4,3,0,0
689,1.2000000000000002,0,1,1
690,0.4,3,0,0
691,0.4,3,0,0
692,0.4,3,0,0
693,0.4,3,0,0
694,2.0,0,1,1
695,0.4,3,0,0
696,2.0,0,1,1
697,0.4,3,0,0
698,0.4,3,0,0
699,1.2000000000000002,0,0,1
700,1.2000000000000002,0,1,1
701,1.2000000000000002,0,1,1
702,0.4,3,0,0
703,0.4,3,0,0
704,0.4,3,0,0
705,2.0,0,1,1
706,0.4,3,0,0
707,1.2000000000000002,0,1,1
708,0.4,3,0,0
709,1.2000000000000002,0,1,1
710,1.2000000000000002,0,1,1
711,0.4,3,0,1
712,1.2000000000000002,0,1,1
713,1.2000000000000002,0,0,1
714,1.2000000000000002,0,1,1
715,2.0,0,1,1
716,1.2000000000000002,0,0,1
717,1.2000000000000002,0,1,0
718,1.2000000000000002,0,0,1
719,0.4,3,0,0
720,0.4,3,0,0
721,1.2000000000000002,0,0,1
722,0.4,3,0,0
723,1.2000000000000002,0,1,1
724,0.4,3,0,0
725,1.2000000000000002,0,1,1
726,2.0,0,1,1
727,2.0,0,1,1
728,1.2000000000000002,0,0,1
729,0.4,3,0,0
730,0.4,3,0,0
731,1.2000000000000002,0,0,1
732,1.2000000000000002,0,1,1
733,1.2000000000000002,0,0,1
734,2.0,0,1,1
735,0.4,3,0,0
736,0.4,3,0,0
737,1.2000000000000002,0,1,1
738,1.2000000000000002,0,1,1
739,1.2000000000000002,0,1,1
740,0.4,3,0,0
741,1.2000000000000002,0,1,1
742,1.2000000000000002,0,0,1
743,1.2000000000000002,0,1,1
744,1.2000000000000002,0,1,0
745,0.4,3,0,0
746,0.4,3,0,0
747,1.2000000000000002,0,1,1
748,0.4,3,0,0
749,0.4,3,0,1
750,0.4,3,0,0
751,0.4,3,0,0
752,0.4,3,0,0
753,0.4,3,0,0
754,0.4,3,0,0
755,0.4,3,0,0
756,0.4,3,0,0
757,0.4,3,0,0
758,0.4,3,0,0
759,0.4,3,0,0
760,0.4,3,0,0
761,2.0,0,1,1
762,1.2000000000000002,0,0,1
763,1.2000000000000002,0,1,1
764,1.2000000000000002,0,1,1
765,1.2000000000000002,0,1,1
766,0.4,3,0,0
767,0.4,3,0,0
768,0.4,3,0,0
769,0.4,3,0,0
770,2.0,0,1,0
771,2.0,0,1,1
772,1.2000000000000002,0,1,1
773,2.0,0,0,1
774,0.4,3,0,0
775,0.4,3,0,0
776,1.2000000000000002,0,0,1
777,1.2000000000000002,0,1,1
778,1.2000000000000002,0,1,1
779,0.4,3,0,0
780,1.2000000000000002,0,1,1
781,0.4,3,0,0
782,1.2000000000000002,0,1,1
783,2.0,0,0,1
784,0.4,3,0,0
785,0.4,3,0,1
786,1.2000000000000002,0,1,1
787,0.4,3,0,0
788,1.2000000000000002,0,0,1
789,1.2000000000000002,0,1,1
790,1.2000000000000002,0,1,1
791,0.4,3,0,0
792,1.2000000000000002,0,1,0
793,1.2000000000000002,0,1,1
794,1.2000000000000002,0,1,1
795,0.4,3,0,0
796,0.4,3,0,0
797,1.2000000000000002,0,1,1
798,0.4,3,0,0
799,0.4,3,0,0
800,2.0,0,1,1
801,1.2000000000000002,0,1,1
802,1.2000000000000002,0,1,1
803,1.2000000000000002,0,0,1
804,0.4,3,0,0
805,1.2000000000000002,0,1,1
806,0.4,3,0,0
807,2.0,0,1,1
808,1.2000000000000002,0,1,0
809,1.2000000000000002,0,1,1
810,1.2000000000000002,0,1,1
811,1.2000000000000002,0,1,0
812,1.2000000000000002,0,0,1
813,1.2000000000000002,0,1,1
814,0.4,3,0,0
815,0.4,3,0,0
816,1.2000000000000002,0,0,1
817,0.4,3,0,0
818,0.4,3,0,0
819,1.2000000000000002,0,1,1
820,0.4,3,0,0
821,0.4,3,0,0
822,0.4,3,0,0
823,0.4,3,0,0
824,1.2000000000000002,1,1,1
825,1.2000000000000002,0,1,1
826,0.4,3,0,0
827,0.4,3,0,0
828,0.4,3,0,0
829,0.4,3,0,0
830,0.4,3,0,1
831,2.0,0,1,1
832,1.2000000000000002,0,1,1
833,1.2000000000000002,0,1,1
834,0.4,3,0,0
835,1.2000000000000002,0,1,1
836,1.2000000000000002,0,1,1
837,1.2000000000000002,0,1,1
838,1.2000000000000002,0,1,1
839,0.4,3,0,0
840,0.4,3,0,0
841,1.2000000000000002,0,1,1
842,0.4,3,0,0
843,1.2000000000000002,0,1,1
844,1.2000000000000002,0,1,1
845,0.4,3,0,0
846,0.4,3,0,0
847,0.4,3,0,0
848,2.0,0,1,1
849,1.2000000000000002,0,1,1
850,1.2000000000000002,0,0,0
851,0.4,3,0,0
852,0.4,3,0,0
853,0.4,3,0,0
854,1.2000000000000002,0,1,1
855,1.2000000000000002,3,0,0
856,0.4,3,0,0
857,1.2000000000000002,0,1,1
858,1.2000000000000002,0,0,1
859,0.4,3,0,0
860,1.2000000000000002,0,1,1
861,0.4,3,0,0
862,1.2000000000000002,0,1,1
863,2.0,0,1,0
864,0.4,3,0,0
865,0.4,3,0,0
866,1.2000000000000002,0,1,1
867,0.4,3,0,0
868,1.2000000000000002,0,1,0
869,1.2000000000000002,0,1,1
870,0.4,3,0,0
871,0.4,3,0,0
872,0.4,3,0,0
873,1.2000000000000002,0,1,1
874,2.0,0,1,1
875,1.2000000000000002,0,1,1
876,0.4,3,0,0
877,1.2000000000000002,0,1,1
878,1.2000000000000002,0,1,1
879,0.4,3,0,1
880,0.4,3,0,0
881,1.2000000000000002,0,1,0
882,1.2000000000000002,0,0,1
883,0.4,3,0,0
884,0.4,3,0,0
885,0.4,3,0,0
886,1.2000000000000002,0,1,1
887,1.2000000000000002,0,1,0
888,1.2000000000000002,0,1,1
889,1.2000000000000002,0,1,0
890,1.2000000000000002,0,1,1
891,2.8,0,1,1
892,1.2000000000000002,0,1,1
893,1.2000000000000002,0,1,1
894,0.4,3,0,0
895,1.2000000000000002,0,1,1
896,0.4,3,0,0
897,1.2000000000000002,0,1,1
898,1.2000000000000002,0,1,1
899,1.2000000000000002,0,1,1
900,1.2000000000000002,0,1,0
901,0.4,3,0,0
902,0.4,3,0,0
903,0.4,3,0,0
904,0.4,3,0,0
905,1.2000000000000002,0,1,1
906,1.2000000000000002,0,1,1
907,1.2000000000000002,0,1,1
908,0.4,3,0,0
909,1.2000000000000002,0,1,0
910,0.4,3,0,0
911,1.2000000000000002,0,1,1
912,1.2000000000000002,0,1,0
913,1.2000000000000002,0,1,1
914,0.4,3,0,0
915,0.4,3,0,0
916,1.2000000000000002,0,1,1
917,0.4,3,0,0
918,2.0,0,0,1
919,0.4,3,0,0
920,1.2000000000000002,0,1,1
921,1.2000000000000002,0,0,1
922,0.4,3,0,0
923,1.2000000000000002,0,1,1
924,1.2000000000000002,0,1,1
925,2.0,0,1,1
926,1.2000000000000002,0,1,1
927,0.4,3,0,0
928,2.0,0,1,1
929,0.4,3,0,0
930,0.4,3,0,0
931,0.4,3,0,0
932,1.2000000000000002,0,1,1
933,0.4,3,0,0
934,1.2000000000000002,0,0,0
935,1.2000000000000002,0,0,1
936,2.0,0,1,1
937,0.4,3,0,0
938,1.2000000000000002,0,1,1
939,2.8,0,1,1
940,2.0,0,1,1
941,2.0,0,1,1
942,1.2000000000000002,0,1,1
943,1.2000000000000002,0,1,1
944,0.4,3,0,0
945,1.2000000000000002,0,1,1
946,2.8,0,1,1
947,0.4,3,0,0
948,0.4,3,0,0
949,1.2000000000000002,0,1,1
950,1.2000000000000002,0,0,1
951,1.2000000000000002,0,1,1
952,1.2000000000000002,0,1,1
953,2.0,0,1,1
954,0.4,3,0,0
955,1.2000000000000002,0,1,1
956,0.4,3,0,0
957,1.2000000000000002,0,1,1
958,0.4,3,0,0
959,1.2000000000000002,0,1,1
960,1.2000000000000002,0,1,1
961,1.2000000000000002,0,0,1
962,2.0,0,1,1
963,0.4,3,0,0
964,0.4,3,0,0
965,0.4,3,0,0
966,0.4,3,0,0
967,0.4,3,0,0
968,1.2000000000000002,0,1,1
969,1.2000000000000002,0,1,1
970,0.4,3,0,0
971,1.2000000000000002,0,1,1
972,0.4,3,0,0
973,0.4,3,0,0
974,1.2000000000000002,0,1,1
975,1.2000000000000002,0,1,0
976,1.2000000000000002,0,1,1
977,0.4,3,0,0
978,1.2000000000000002,0,1,1
979,0.4,3,0,1
980,0.4,3,0,0
981,1.2000000000000002,0,1,1
982,2.0,0,0,1
983,6.0,0,0,1
984,2.0,0,1,1
985,1.2000000000000002,0,1,1
986,0.4,3,0,0
987,1.2000000000000002,0,1,1
988,0.4,3,0,0
989,2.0,0,1,1
990,1.2000000000000002,0,1,1
991,1.2000000000000002,0,1,1
992,1.2000000000000002,0,1,1
993,1.2000000000000002,0,1,1
994,1.2000000000000002,3,0,0
995,0.4,3,0,0
996,0.4,3,0,0
997,1.2000000000000002,0,0,1
998,1.2000000000000002,0,1,1
999,0.4,3,0,0
1000,2.0,0,1,1
1001,0.4,3,0,0
1002,1.2000000000000002,0,1,1
1003,1.2000000000000002,0,1,1
1004,0.4,3,0,1
1005,1.2000000000000002,0,1,1
1006,1.2000000000000002,0,1,1
1007,0.4,3,0,0
1008,2.0,0,0,1
1009,1.2000000000000002,0,1,1
1010,1.2000000000000002,0,1,1
1011,1.2000000000000002,0,1,1
1012,0.4,3,0,0
1013,2.0,0,1,1
1014,0.4,3,0,0
1015,0.4,3,0,0
1016,0.4,3,0,0
1017,0.4,3,0,0
1018,1.2000000000000002,0,1,1
1019,0.4,3,0,0
1020,1.2000000000000002,0,1,1
1021,2.0,0,1,1
1022,0.4,3,0,0
1023,1.2000000000000002,0,1,1
1024,0.4,3,0,0
1025,0.4,3,0,0
1026,0.4,3,0,0
1027,1.2000000000000002,0,1,1
1028,0.4,3,0,0
1029,0.4,3,0,0
1030,0.4,3,0,0
1031,0.4,3,0,0
1032,0.4,3,0,0
1033,1.2000000000000002,0,1,0
1034,1.2000000000000002,0,0,1
1035,1.2000000000000002,3,0,0
1036,0.4,3,0,0
1037,1.2000000000000002,0,1,1
1038,0.4,3,0,0
1039,0.4,3,0,0
1040,1.2000000000000002,0,0,1
1041,1.2000000000000002,0,1,1
1042,0.4,3,0,0
1043,0.4,3,0,0
1044,1.2000000000000002,0,1,1
1045,0.4,3,0,0
1046,1.2000000000000002,0,1,1
1047,0.4,3,0,0
1048,1.2000000000000002,0,1,1
1049,1.2000000000000002,0,0,1
1050,2.8,0,0,0
1051,0.4,3,0,0
1052,0.4,3,0,0
1053,2.0,0,1,1
1054,0.4,3,0,0
1055,0.4,3,0,0
1056,1.2000000000000002,0,1,1
1057,0.4,3,0,0
1058,2.0,0,1,1
1059,1.2000000000000002,0,1,1
1060,2.0,0,1,1
1061,0.4,3,0,0
1062,0.4,3,0,0
1063,1.2000000000000002,3,0,0
1064,1.2000000000000002,0,1,1
1065,0.4,3,0,0
1066,1.2000000000000002,0,0,1
1067,1.2000000000000002,0,1,1
1068,1.2000000000000002,0,1,1
1069,1.2000000000000002,0,1,1
1070,1.2000000000000002,0,0,1
1071,2.0,0,0,1
1072,1.2000000000000002,0,1,1
1073,1.2000000000000002,0,1,1
1074,0.4,3,0,0
1075,1.2000000000000002,0,1,1
1076,1.2000000000000002,0,1,1
1077,1.2000000000000002,0,0,1
1078,1.2000000000000002,0,0,1
1079,0.4,3,0,0
1080,1.2000000000000002,0,1,1
1081,2.0,0,1,1
1082,2.0,0,1,1
1083,1.2000000000000002,0,1,1
1084,1.2000000000000002,0,1,1
1085,0.4,3,0,0
1086,1.2000000000000002,0,1,1
1087,1.2000000000000002,0,0,1
1088,0.4,3,0,0
1089,1.2000000000000002,0,1,1
1090,0.4,3,0,0
1091,1.2000000000000002,0,1,1
1092,0.4,3,0,0
1093,0.4,0,1,1
1094,2.0,0,1,1
1095,0.4,3,0,0
1096,1.2000000000000002,0,1,1
1097,1.2000000000000002,0,1,1
1098,0.4,3,0,0
1099,0.4,3,0,0
1100,1.2000000000000002,0,1,0
1101,1.2000000000000002,0,1,1
1102,0.4,3,0,0
1103,1.2000000000000002,0,0,1
1104,1.2000000000000002,0,1,1
1105,1.2000000000000002,0,1,1
1106,0.4,3,0,0
1107,0.4,3,0,0
1108,1.2000000000000002,0,1,1
1109,1.2000000000000002,0,1,1
1110,2.0,0,1,1
1111,0.4,3,0,0
1112,0.4,3,0,0
1113,1.2000000000000002,0,1,1
1114,1.2000000000000002,3,0,0
1115,1.2000000000000002,0,1,1
1116,0.4,3,0,0
1117,2.0,0,1,1
1118,0.4,3,0,0
1119,0.4,3,0,0
1120,1.2000000000000002,2,0,0
1121,1.2000000000000002,0,1,1
1122,1.2000000000000002,0,0,1
1123,1.2000000000000002,0,1,1
1124,1.2000000000000002,0,1,0
1125,1.2000000000000002,0,1,1
1126,0.4,3,0,0
1127,1.2000000000000002,0,1,0
1128,2.0,0,1,1
1129,0.4,3,0,0
1130,0.4,3,0,0
1131,0.4,3,0,0
1132,0.4,3,0,0
1133,1.2000000000000002,0,1,1
1134,1.2000000000000002,0,1,1
1135,1.2000000000000002,0,1,1
1136,1.2000000000000002,0,1,0
1137,2.0,0,1,1
1138,0.4,3,0,0
1139,0.4,3,0,0
1140,0.4,3,0,0
1141,2.0,0,1,1
1142,1.2000000000000002,0,1,1
1143,0.4,3,0,1
1144,1.2000000000000002,0,1,1
1145,0.4,3,0,0
1146,0.4,3,0,0
1147,0.4,3,0,0
1148,0.4,3,0,0
1149,1.2000000000000002,0,1,1
1150,1.2000000000000002,0,1,1
1151,1.2000000000000002,0,1,1
1152,1.2000000000000002,0,1,1
1153,1.2000000000000002,3,0,1
1154,0.4,3,0,0
1155,1.2000000000000002,0,1,1
1156,1.2000000000000002,0,0,1
1157,0.4,3,0,0
1158,0.4,3,0,0
1159,0.4,3,0,0
1160,0.4,3,0,0
1161,1.2000000000000002,0,1,1
1162,1.2000000000000002,0,1,0
1163,0.4,3,0,0
1164,0.4,3,0,0
1165,1.2000000000000002,3,0,0
1166,0.4,3,0,0
1167,0.4,3,0,0
1168,1.2000000000000002,0,1,1
1169,1.2000000000000002,0,1,0
1170,1.2000000000000002,0,1,1
1171,0.4,3,0,0
1172,2.0,0,1,1
1173,1.2000000000000002,0,1,1
1174,0.4,3,0,0
1175,2.0,0,1,1
1176,0.4,3,0,0
1177,0.4,3,0,0
1178,1.2000000000000002,0,1,1
1179,0.4,3,0,0
1180,1.2000000000000002,0,1,1
1181,2.8,0,1,1
1182,0.4,3,0,0
1183,2.0,0,1,0
1184,1.2000000000000002,0,0,1
1185,0.4,3,0,0
1186,1.2000000000000002,0,1,0
1187,1.2000000000000002,0,1,0
1188,1.2000000000000002,0,1,1
1189,1.2000000000000002,0,1,1
1190,1.2000000000000002,0,1,1
1191,0.4,3,0,0
1192,0.4,3,0,0
1193,1.2000000000000002,0,1,1
1194,1.2000000000000002,0,1,1
1195,0.4,3,0,0
1196,0.4,3,0,0
1197,0.4,3,0,0
1198,0.4,3,0,0
1199,1.2000000000000002,0,1,1
1200,0.4,3,0,0
1201,0.4,3,0,0
1202,0.4,3,0,0
1203,0.4,3,0,0
1204,0.4,3,0,0
1205,2.0,0,1,1
1206,1.2000000000000002,0,0,1
1207,0.4,3,0,0
1208,1.2000000000000002,0,1,1
1209,1.2000000000000002,0,1,1
1210,1.2000000000000002,0,1,1
1211,2.0,0,1,1
1212,0.4,3,0,0
1213,0.4,3,0,0
1214,2.0,0,1,1
1215,0.4,3,0,0
1216,0.4,3,0,0
1217,2.8,0,1,1
1218,1.2000000000000002,0,0,1
1219,1.2000000000000002,0,1,1
1220,1.2000000000000002,0,0,1
1221,0.4,3,0,0
1222,0.4,3,0,0
1223,1.2000000000000002,0,1,1
1224,1.2000000000000002,0,1,1
1225,0.4,3,0,0
1226,0.4,3,0,0
1227,1.2000000000000002,0,1,1
1228,1.2000000000000002,0,1,0
1229,0.4,3,0,0
1230,0.4,3,0,0
1231,1.2000000000000002,0,1,0
1232,1.2000000000000002,0,1,1
1233,0.4,3,0,0
1234,0.4,3,0,0
1235,1.2000000000000002,2,0,1
1236,0.4,3,0,0
1237,0.4,3,0,0
1238,1.2000000000000002,0,1,1
1239,0.4,3,0,0
1240,1.2000000000000002,0,0,1
1241,1.2000000000000002,0,1,1
1242,1.2000000000000002,0,1,1
1243,0.4,3,0,0
1244,1.2000000000000002,0,0,1
1245,1.2000000000000002,0,1,1
1246,0.4,3,0,0
1247,1.2000000000000002,0,1,1
1248,2.0,0,1,1
1249,1.2000000000000002,0,1,1
1250,1.2000000000000002,0,1,1
1251,1.2000000000000002,0,1,1
1252,1.2000000000000002,0,1,1
1253,2.0,0,1,1
1254,1.2000000000000002,0,1,1
1255,0.4,3,0,0
1256,0.4,3,0,0
1257,2.0,0,1,1
1258,1.2000000000000002,0,1,1
1259,1.2000000000000002,0,1,1
1260,0.4,3,0,0
1261,1.2000000000000002,0,1,1
1262,1.2000000000000002,0,1,1
1263,1.2000000000000002,0,1,1
1264,1.2000000000000002,0,1,1
1265,1.2000000000000002,0,1,0
1266,1.2000000000000002,0,1,1
1267,1.2000000000000002,0,1,1
1268,1.2000000000000002,0,1,1
1269,1.2000000000000002,0,1,1
1270,2.8,0,1,1
1271,1.2000000000000002,0,0,1
1272,1.2000000000000002,0,0,1
1273,1.2000000000000002,0,1,0
1274,1.2000000000000002,0,1,1
1275,1.2000000000000002,0,1,1
1276,0.4,3,0,0
1277,0.4,3,0,0
1278,1.2000000000000002,0,1,0
1279,0.4,3,0,0
1280,1.2000000000000002,0,1,1
1281,0.4,3,0,0
1282,0.4,3,0,0
1283,1.2000000000000002,0,1,1
1284,0.4,3,0,0
1285,1.2000000000000002,0,1,1
1286,1.2000000000000002,0,1,1
1287,0.4,3,0,0
1288,0.4,3,0,0
1289,1.2000000000000002,0,1,1
1290,1.2000000000000002,0,1,0
1291,1.2000000000000002,0,1,1
1292,1.2000000000000002,0,0,1
1293,1.2000000000000002,0,1,1
1294,2.0,0,1,1
1295,0.4,3,0,0
1296,1.2000000000000002,0,1,0
1297,1.2000000000000002,0,1,1
1298,0.4,3,0,0
1299,0.4,3,0,0
1300,1.2000000000000002,0,1,1
1301,1.2000000000000002,1,0,0
1302,2.0,0,1,1
1303,1.2000000000000002,0,1,1
1304,0.4,3,0,0
1305,1.2000000000000002,0,0,1
1306,0.4,3,0,0
1307,1.2000000000000002,0,0,1
1308,2.0,0,1,1
1309,2.0,0,1,1
1310,0.4,3,0,0
1311,1.2000000000000002,0,1,1
1312,1.2000000000000002,0,1,1
1313,1.2000000000000002,0,0,1
1314,1.2000000000000002,0,1,1
1315,0.4,3,0,0
1316,0.4,3,0,0
1317,1.2000000000000002,0,1,1
1318,0.4,3,0,0
1319,1.2000000000000002,0,1,0
1320,1.2000000000000002,0,0,1
1321,0.4,3,0,0
1322,1.2000000000000002,0,1,1
1323,1.2000000000000002,0,1,1
1324,1.2000000000000002,0,1,0
1325,1.2000000000000002,0,1,0
1326,0.4,3,0,0
1327,2.0,0,1,0
1328,2.0,0,1,1
1329,1.2000000000000002,0,1,1
1330,1.2000000000000002,0,1,1
1331,1.2000000000000002,0,1,1
1332,0.4,3,0,0
1333,1.2000000000000002,0,1,1
1334,0.4,3,0,0
1335,1.2000000000000002,0,1,1
1336,2.0,0,1,0
1337,1.2000000000000002,0,1,1
1338,1.2000000000000002,0,0,1
1339,1.2000000000000002,0,1,1
1340,0.4,3,0,0
1341,1.2000000000000002,0,1,1
1342,1.2000000000000002,0,1,1
1343,0.4,3,0,0
1344,1.2000000000000002,0,1,0
1345,1.2000000000000002,0,1,1
1346,0.4,3,0,0
1347,0.4,3,0,0
1348,2.0,0,1,1
1349,1.2000000000000002,0,1,1
1350,0.4,3,0,0
1351,0.4,3,0,0
1352,1.2000000000000002,0,1,1
1353,1.2000000000000002,0,1,1
1354,2.0,0,1,1
1355,0.4,3,0,0
1356,1.2000000000000002,1,0,1
1357,0.4,3,0,0
1358,1.2000000000000002,0,1,1
1359,1.2000000000000002,0,1,1
1360,0.4,3,0,0
1361,1.2000000000000002,0,1,1
1362,1.2000000000000002,0,1,1
1363,0.4,3,0,0
1364,1.2000000000000002,0,1,0
1365,2.0,0,1,1
1366,1.2000000000000002,0,1,1
1367,1.2000000000000002,0,1,1
1368,0.4,3,0,0
1369,1.2000000000000002,0,1,1
1370,0.4,3,0,0
1371,1.2000000000000002,0,1,1
1372,1.2000000000000002,0,1,1
1373,1.2000000000000002,0,1,1
1374,1.2000000000000002,0,1,0
1375,0.4,3,0,0
1376,1.2000000000000002,2,0,1
1377,1.2000000000000002,0,1,1
1378,0.4,3,0,0
1379,1.2000000000000002,0,1,1
1380,0.4,3,0,0
1381,1.2000000000000002,0,1,1
1382,0.4,3,0,0
1383,0.4,3,0,0
1384,0.4,3,0,0
1385,0.4,3,0,0
1386,1.2000000000000002,0,1,1
1387,1.2000000000000002,0,1,1
1388,1.2000000000000002,0,1,1
1389,1.2000000000000002,0,1,1
1390,0.4,3,0,0
1391,1.2000000000000002,0,1,1
1392,0.4,3,0,0
1393,0.4,3,0,0
1394,0.4,3,0,0
1395,2.0,0,0,1
1396,2.0,0,1,1
1397,1.2000000000000002,0,1,1
1398,0.4,3,0,0
1399,0.4,3,0,0
1400,0.4,3,0,0
1401,0.4,3,0,0
1402,1.2000000000000002,0,1,1
1403,0.4,3,0,0
1404,0.4,3,0,0
1405,2.0,0,0,1
1406,2.0,0,1,1
1407,2.0,0,1,1
1408,1.2000000000000002,0,1,0
1409,1.2000000000000002,0,0,1
1410,0.4,3,0,0
1411,1.2000000000000002,0,1,0
1412,0.4,3,0,0
1413,0.4,3,0,1
1414,2.0,0,1,1
1415,0.4,3,0,0
1416,1.2000000000000002,0,1,1
1417,1.2000000000000002,0,1,1
1418,0.4,3,0,0
1419,1.2000000000000002,0,1,0
1420,1.2000000000000002,0,1,1
1421,0.4,3,0,0
1422,1.2000000000000002,0,0,1
1423,0.4,3,0,0
1424,0.4,3,0,0
1425,1.2000000000000002,0,1,0
1426,1.2000000000000002,0,1,1
1427,1.2000000000000002,0,1,1
1428,1.2000000000000002,0,1,1
1429,0.4,3,0,0
1430,1.2000000000000002,0,1,1
1431,2.0,0,1,1
1432,0.4,3,0,0
1433,2.0,0,0,1
1434,0.4,3,0,0
1435,1.2000000000000002,0,1,0
1436,2.0,0,0,1
1437,1.2000000000000002,0,1,1
1438,2.0,0,1,1
1439,1.2000000000000002,0,1,1
1440,0.4,3,0,0
1441,2.0,0,1,1
1442,1.2000000000000002,0,1,1
1443,1.2000000000000002,0,1,1
1444,1.2000000000000002,0,1,1
1445,1.2000000000000002,0,1,1
1446,1.2000000000000002,0,1,1
1447,1.2000000000000002,0,1,1
1448,1.2000000000000002,0,1,1
1449,0.4,3,0,0
1450,1.2000000000000002,0,1,1
1451,0.4,3,0,0
1452,0.4,3,0,0
1453,0.4,3,0,0
1454,1.2000000000000002,0,1,1
1455,1.2000000000000002,0,1,1
1456,0.4,3,0,0
1457,1.2000000000000002,0,1,1
1458,0.4,3,0,0
1459,1.2000000000000002,0,1,1
1460,1.2000000000000002,0,1,1
1461,0.4,3,0,0
1462,1.2000000000000002,0,1,1
1463,2.0,0,1,1
1464,1.2000000000000002,0,1,1
1465,1.2000000000000002,0,1,1
1466,0.4,3,0,0
1467,0.4,3,0,0
1468,0.4,3,0,0
1469,0.4,3,0,0
1470,0.4,3,0,0
1471,1.2000000000000002,0,1,0
1472,0.4,3,0,0
1473,1.2000000000000002,0,1,1
1474,0.4,3,0,0
1475,0.4,3,0,0
1476,0.4,3,0,0
1477,0.4,3,0,0
1478,1.2000000000000002,0,1,1
1479,2.0,0,1,1
1480,0.4,3,0,1
1481,0.4,3,0,0
1482,1.2000000000000002,0,1,1
1483,1.2000000000000002,0,1,0
1484,0.4,3,0,0
1485,0.4,3,0,0
1486,1.2000000000000002,0,1,1
1487,1.2000000000000002,0,1,0
1488,0.4,3,0,0
1489,2.8,0,0,1
1490,0.4,3,0,0
1491,0.4,3,0,0
1492,0.4,3,0,0
1493,0.4,3,0,0
1494,0.4,3,0,0
1495,2.0,0,0,0
1496,1.2000000000000002,0,1,1
1497,1.2000000000000002,0,1,1
1498,0.4,3,0,0
1499,1.2000000000000002,0,1,0
1500,1.2000000000000002,0,1,1
1501,0.4,3,0,0
1502,1.2000000000000002,0,1,1
1503,0.4,3,0,0
1504,0.4,3,0,0
1505,0.4,3,0,0
1506,0.4,3,0,0
1507,1.2000000000000002,0,0,1
1508,0.4,3,0,0
1509,0.4,3,0,0
1510,0.4,3,0,0
1511,0.4,3,0,0
1512,1.2000000000000002,0,1,1
1513,0.4,3,0,0
1514,0.4,3,0,1
1515,0.4,3,0,0
1516,0.4,3,0,0
1517,0.4,3,0,0
1518,1.2000000000000002,0,1,1
1519,1.2000000000000002,1,0,1
1520,0.4,3,0,0
1521,0.4,3,0,0
1522,1.2000000000000002,0,1,1
1523,0.4,3,0,0
1524,0.4,3,0,0
1525,1.2000000000000002,0,1,1
1526,0.4,3,0,0
1527,2.0,0,0,1
1528,2.0,0,1,1
1529,0.4,3,0,0
1530,1.2000000000000002,0,1,1
1531,2.0,0,1,1
1532,1.2000000000000002,0,1,1
1533,0.4,3,0,0
1534,0.4,3,0,0
1535,1.2000000000000002,0,1,1
1536,1.2000000000000002,0,1,1
1537,0.4,3,0,0
1538,2.0,0,1,1
1539,0.4,3,0,0
1540,0.4,3,0,0
1541,1.2000000000000002,0,1,1
1542,0.4,3,0,0
1543,0.4,3,0,0
1544,0.4,3,0,0
1545,1.2000000000000002,0,0,1
1546,0.4,3,0,0
1547,1.2000000000000002,0,1,1
1548,0.4,3,0,0
1549,0.4,3,0,0
1550,1.2000000000000002,0,1,0
1551,0.4,3,0,1
1552,0.4,3,0,0
1553,1.2000000000000002,0,1,1
1554,0.4,3,0,0
1555,1.2000000000000002,0,1,1
1556,2.0,0,1,1
1557,1.2000000000000002,0,1,0
1558,1.2000000000000002,0,1,1
1559,0.4,3,0,0
1560,1.2000000000000002,3,0,0
1561,0.4,3,0,0
1562,2.0,0,1,1
1563,2.0,0,1,1
1564,1.2000000000000002,0,1,1
1565,1.2000000000000002,0,1,1
1566,0.4,3,0,1
1567,0.4,3,0,0
1568,1.2000000000000002,0,1,0
1569,0.4,3,0,0
1570,0.4,3,0,0
1571,0.4,3,0,0
1572,2.0,0,1,0
1573,2.0,0,1,0
1574,0.4,3,0,0
1575,0.4,3,0,0
1576,1.2000000000000002,2,0,0
1577,0.4,3,0,0
1578,0.4,3,0,0
1579,1.2000000000000002,0,1,1
1580,0.4,3,0,0
1581,1.2000000000000002,0,1,1
1582,1.2000000000000002,0,1,1
1583,1.2000000000000002,0,1,0
1584,1.2000000000000002,0,0,1
1585,1.2000000000000002,0,1,1
1586,1.2000000000000002,0,1,1
1587,1.2000000000000002,0,1,0
1588,1.2000000000000002,0,1,0
1589,1.2000000000000002,0,1,0
1590,1.2000000000000002,0,1,1
1591,1.2000000000000002,0,1,1
1592,0.4,3,0,0
1593,2.0,0,0,0
1594,1.2000000000000002,0,0,0
1595,0.4,3,0,0
1596,1.2000000000000002,0,1,1
1597,0.4,3,0,0
1598,0.4,3,0,0
1599,1.2000000000000002,0,1,1
1600,2.0,0,1,1
1601,1.2000000000000002,0,1,1
1602,1.2000000000000002,0,1,1
1603,1.2000000000000002,0,1,1
1604,0.4,3,0,0
1605,1.2000000000000002,0,1,1
1606,1.2000000000000002,0,1,1
1607,0.4,3,0,0
1608,0.4,3,0,0
1609,0.4,3,0,0
1610,0.4,3,0,0
1611,1.2000000000000002,0,1,1
1612,1.2000000000000002,0,1,1
1613,0.4,3,0,0
1614,0.4,3,0,0
1615,1.2000000000000002,0,1,1
1616,0.4,3,0,0
1617,2.0,0,1,1
1618,1.2000000000000002,0,1,1
1619,2.0,0,1,1
1620,0.4,3,0,0
1621,1.2000000000000002,0,1,1
1622,0.4,3,0,0
1623,1.2000000000000002,0,1,1
1624,0.4,3,0,0
1625,1.2000000000000002,0,0,1
1626,1.2000000000000002,0,1,1
1627,1.2000000000000002,0,1,1
1628,1.2000000000000002,0,1,1
1629,0.4,3,0,0
1630,1.2000000000000002,0,1,0
1631,0.4,3,0,0
1632,0.4,3,0,0
1633,1.2000000000000002,0,0,1
1634,1.2000000000000002,0,0,1
1635,1.2000000000000002,0,1,1
1636,2.0,0,1,1
1637,1.2000000000000002,0,1,0
1638,0.4,3,0,0
1639,2.0,0,1,1
1640,0.4,3,0,0
1641,1.2000000000000002,1,0,0
1642,1.2000000000000002,0,1,1
1643,1.2000000000000002,0,1,0
1644,0.4,3,0,0
1645,0.4,3,0,0
1646,1.2000000000000002,0,1,1
1647,2.0,0,1,0
1648,2.0,0,1,1
1649,0.4,3,0,0
1650,0.4,3,0,0
1651,0.4,3,0,0
1652,0.4,3,0,0
1653,1.2000000000000002,0,1,1
1654,1.2000000000000002,0,1,1
1655,0.4,3,0,0
1656,1.2000000000000002,3,0,0
1657,0.4,3,0,0
1658,1.2000000000000002,0,1,1
1659,0.4,3,0,0
1660,0.4,3,0,0
1661,0.4,3,0,0
1662,1.2000000000000002,0,1,1
1663,1.2000000000000002,0,1,1
1664,0.4,3,0,0
1665,0.4,3,0,0
1666,2.8,0,1,1
1667,0.4,3,0,0
1668,1.2000000000000002,0,1,1
1669,0.4,3,0,0
1670,1.2000000000000002,0,1,1
1671,0.4,3,0,0
1672,0.4,3,0,0
1673,0.4,3,0,0
1674,2.0,0,0,1
1675,1.2000000000000002,0,1,1
1676,0.4,3,0,0
1677,2.0,0,1,1
1678,1.2000000000000002,0,1,1
1679,0.4,3,0,0
1680,1.2000000000000002,0,0,1
1681,1.2000000000000002,0,1,1
1682,0.4,3,0,0
1683,1.2000000000000002,0,1,1
1684,2.0,0,1,1
1685,1.2000000000000002,0,1,1
1686,0.4,3,0,0
1687,0.4,3,0,0
1688,2.0,0,1,1
1689,1.2000000000000002,0,1,1
1690,1.2000000000000002,0,1,1
1691,0.4,3,0,0
1692,0.4,3,0,0
1693,0.4,3,0,0
1694,1.2000000000000002,0,1,1
1695,1.2000000000000002,0,1,1
1696,1.2000000000000002,0,1,0
1697,0.4,3,0,0
1698,1.2000000000000002,0,0,0
1699,1.2000000000000002,0,1,1
1700,1.2000000000000002,0,1,0
1701,0.4,3,0,0
1702,1.2000000000000002,0,1,1
1703,0.4,3,0,0
1704,0.4,3,0,0
1705,2.0,0,1,1
1706,1.2000000000000002,0,1,1
1707,1.2000000000000002,0,1,0
1708,0.4,3,0,0
1709,1.2000000000000002,0,0,1
1710,0.4,3,0,0
1711,1.2000000000000002,0,1,1
1712,0.4,3,0,0
1713,1.2000000000000002,0,1,1
1714,0.4,3,0,0
1715,1.2000000000000002,0,1,1
1716,0.4,3,0,0
1717,1.2000000000000002,0,1,1
1718,1.2000000000000002,0,0,0
1719,0.4,3,0,0
1720,0.4,3,0,0
1721,1.2000000000000002,0,1,0
1722,2.0,0,1,1
1723,1.2000000000000002,0,1,0
1724,0.4,3,0,0
1725,1.2000000000000002,0,1,1
1726,1.2000000000000002,0,1,1
1727,0.4,3,0,0
1728,1.2000000000000002,0,0,0
1729,1.2000000000000002,0,1,1
1730,1.2000000000000002,0,1,1
1731,0.4,3,0,0
1732,0.4,3,0,0
1733,1.2000000000000002,0,1,1
1734,1.2000000000000002,0,1,1
1735,0.4,3,0,0
1736,1.2000000000000002,0,1,1
1737,0.4,3,0,0
1738,0.4,3,0,0
1739,1.2000000000000002,0,0,1
1740,1.2000000000000002,3,0,0
1741,0.4,3,0,0
1742,1.2000000000000002,0,1,1
1743,1.2000000000000002,0,1,0
1744,1.2000000000000002,0,0,1
1745,0.4,3,0,0
1746,0.4,3,0,0
1747,1.2000000000000002,0,1,1
1748,0.4,3,0,0
1749,1.2000000000000002,0,1,1
1750,1.2000000000000002,0,1,1
1751,0.4,3,0,0
1752,1.2000000000000002,0,1,1
1753,0.4,3,0,0
1754,1.2000000000000002,0,1,1
1755,1.2000000000000002,0,1,1
1756,0.4,3,0,0
1757,0.4,3,0,0
1758,1.2000000000000002,0,1,0
1759,1.2000000000000002,0,1,1
1760,1.2000000000000002,0,1,1
1761,1.2000000000000002,0,1,1
1762,2.0,0,1,1
1763,1.2000000000000002,0,1,1
1764,1.2000000000000002,0,1,1
1765,1.2000000000000002,0,1,1
1766,1.2000000000000002,0,1,1
1767,1.2000000000000002,0,1,1
1768,0.4,3,0,0
1769,0.4,3,0,0
1770,0.4,3,0,0
1771,0.4,0,1,1
1772,0.4,3,0,0
1773,0.4,3,0,0
1774,2.0,0,1,1
1775,0.4,3,0,0
1776,1.2000000000000002,0,1,1
1777,0.4,3,0,0
1778,0.4,3,0,0
1779,1.2000000000000002,0,1,1
1780,1.2000000000000002,0,1,1
1781,1.2000000000000002,0,1,1
1782,1.2000000000000002,0,1,1
1783,0.4,3,0,0
1784,1.2000000000000002,0,1,0
1785,1.2000000000000002,0,1,1
1786,1.2000000000000002,0,1,1
1787,0.4,3,0,0
1788,2.0,0,1,1
1789,1.2000000000000002,0,1,1
1790,0.4,3,0,0
1791,0.4,3,0,0
1792,1.2000000000000002,0,1,1
1793,1.2000000000000002,0,1,1
1794,0.4,3,0,0
1795,2.0,0,1,1
1796,2.0,0,1,1
1797,1.2000000000000002,0,1,1
1798,2.0,0,1,1
1799,1.2000000000000002,0,1,0
1800,0.4,3,0,0
1801,2.0,0,1,1
1802,2.0,0,1,1
1803,0.4,3,0,0
1804,0.4,3,0,0
1805,2.8,0,1,1
1806,1.2000000000000002,0,1,1
1807,2.0,0,1,1
1808,1.2000000000000002,0,1,1
1809,1.2000000000000002,0,1,0
1810,1.2000000000000002,0,1,1
1811,1.2000000000000002,0,1,1
1812,1.2000000000000002,0,1,1
1813,0.4,3,0,0
1814,1.2000000000000002,0,1,0
1815,0.4,3,0,0
1816,0.4,3,0,0
1817,0.4,3,0,0
1818,0.4,3,0,0
1819,0.4,3,0,0
1820,1.2000000000000002,0,1,1
1821,2.0,0,1,1
1822,1.2000000000000002,0,1,1
1823,0.4,3,0,0
1824,0.4,3,0,0
1825,1.2000000000000002,0,1,1
1826,1.2000000000000002,0,1,1
1827,2.0,0,1,0
1828,0.4,3,0,1
1829,2.0,0,1,1
1830,0.4,3,0,0
1831,0.4,3,0,0
1832,0.4,3,0,0
1833,1.2000000000000002,0,1,1
1834,1.2000000000000002,0,1,1
1835,0.4,3,0,0
1836,1.2000000000000002,0,0,0
1837,1.2000000000000002,0,1,1
1838,1.2000000000000002,0,1,1
1839,0.4,3,0,0
1840,1.2000000000000002,0,1,1
1841,1.2000000000000002,0,1,1
1842,1.2000000000000002,0,1,1
1843,0.4,3,0,0
1844,1.2000000000000002,0,0,1
1845,0.4,3,0,0
1846,1.2000000000000002,0,1,1
1847,2.0,0,1,1
1848,0.4,3,0,0
1849,1.2000000000000002,0,1,0
1850,1.2000000000000002,0,0,1
1851,2.0,0,1,1
1852,1.2000000000000002,0,1,0
1853,1.2000000000000002,0,1,1
1854,0.4,3,0,0
1855,1.2000000000000002,0,1,1
1856,0.4,3,0,0
1857,1.2000000000000002,0,0,1
1858,1.2000000000000002,0,0,1
1859,1.2000000000000002,0,1,1
1860,0.4,3,0,0
1861,1.2000000000000002,0,1,1
1862,0.4,3,0,0
1863,0.4,3,0,0
1864,1.2000000000000002,3,0,0
1865,2.8,0,1,1
1866,1.2000000000000002,0,1,1
1867,1.2000000000000002,0,1,0
1868,0.4,3,0,0
1869,0.4,3,0,0
1870,1.2000000000000002,0,0,1
1871,0.4,3,0,0
1872,2.0,0,1,1
1873,1.2000000000000002,0,1,1
1874,0.4,3,0,0
1875,2.0,0,1,1
1876,1.2000000000000002,0,1,1
1877,0.4,3,0,0
1878,1.2000000000000002,0,1,1
1879,1.2000000000000002,0,1,1
1880,0.4,3,0,0
1881,2.0,0,1,0
1882,1.2000000000000002,0,0,1
1883,1.2000000000000002,0,1,1
1884,1.2000000000000002,0,1,1
1885,2.0,0,1,1
1886,2.0,0,1,1
1887,1.2000000000000002,0,0,0
1888,1.2000000000000002,3,0,0
1889,1.2000000000000002,3,0,0
1890,1.2000000000000002,0,1,1
1891,1.2000000000000002,0,1,1
1892,0.4,3,0,0
1893,0.4,3,0,0
1894,0.4,3,0,0
1895,1.2000000000000002,0,1,1
1896,0.4,3,0,0
1897,0.4,3,0,0
1898,0.4,3,0,0
1899,2.0,0,1,1
1900,1.2000000000000002,0,1,1
1901,1.2000000000000002,0,1,1
1902,0.4,3,0,0
1903,1.2000000000000002,0,1,1
1904,1.2000000000000002,0,1,0
1905,0.4,3,0,0
1906,1.2000000000000002,0,0,1
1907,1.2000000000000002,0,1,1
1908,0.4,3,0,0
1909,1.2000000000000002,0,1,1
1910,1.2000000000000002,0,1,1
1911,0.4,3,0,0
1912,1.2000000000000002,0,1,1
1913,0.4,3,0,0
1914,0.4,3,0,0
1915,0.4,3,0,0
1916,1.2000000000000002,0,0,1
1917,1.2000000000000002,0,1,1
1918,1.2000000000000002,0,0,1
1919,0.4,3,0,0
1920,0.4,3,0,0
1921,1.2000000000000002,0,1,1
1922,1.2000000000000002,0,1,1
1923,0.4,3,0,0
1924,1.2000000000000002,0,1,1
1925,0.4,3,0,0
1926,1.2000000000000002,0,1,0
1927,0.4,3,0,0
1928,1.2000000000000002,0,0,0
1929,1.2000000000000002,0,1,1
1930,0.4,3,0,0
1931,1.2000000000000002,0,1,1
1932,1.2000000000000002,0,1,1
1933,0.4,3,0,0
1934,1.2000000000000002,0,1,1
1935,0.4,3,0,0
1936,0.4,3,0,1
1937,0.4,3,0,0
1938,0.4,3,0,0
1939,1.2000000000000002,0,1,0
1940,1.2000000000000002,0,1,1
1941,1.2000000000000002,0,0,1
1942,0.4,3,0,0
1943,1.2000000000000002,0,1,1
1944,1.2000000000000002,0,1,1
1945,1.2000000000000002,0,1,1
1946,0.4,3,0,0
1947,1.2000000000000002,0,1,0
1948,0.4,3,0,0
1949,0.4,3,0,0
1950,1.2000000000000002,0,1,1
1951,1.2000000000000002,0,1,1
1952,2.0,0,1,1
1953,0.4,3,0,0
1954,0.4,3,0,0
1955,0.4,3,0,0
1956,1.2000000000000002,0,1,1
1957,0.4,3,0,0
1958,0.4,3,0,0
1959,0.4,3,0,0
1960,1.2000000000000002,0,1,1
1961,0.4,3,0,0
1962,2.0,0,1,1
1963,2.0,0,1,1
1964,2.0,0,1,1
1965,1.2000000000000002,0,0,1
1966,0.4,3,0,0
1967,1.2000000000000002,0,1,1
1968,1.2000000000000002,0,1,0
1969,0.4,3,0,0
1970,2.0,0,1,1
1971,1.2000000000000002,0,1,1
1972,1.2000000000000002,0,0,1
1973,1.2000000000000002,0,1,1
1974,0.4,3,0,0
1975,2.0,0,1,0
1976,2.0,0,1,1
1977,0.4,3,0,1
1978,0.4,3,0,0
1979,0.4,3,0,0
1980,1.2000000000000002,0,1,1
1981,0.4,3,0,0
1982,0.4,3,0,1
1983,0.4,3,0,0
1984,0.4,3,0,0
1985,1.2000000000000002,0,0,0
1986,2.0,0,0,1
1987,1.2000000000000002,0,1,1
1988,0.4,3,0,0
1989,1.2000000000000002,0,1,1
1990,1.2000000000000002,0,0,1
1991,0.4,3,0,1
1992,1.2000000000000002,0,1,1
1993,2.0,0,1,1
1994,0.4,3,0,0
1995,1.2000000000000002,0,0,1
1996,0.4,3,0,0
1997,1.2000000000000002,0,1,1
1998,0.4,3,0,0
1999,2.0,0,1,1
2000,1.2000000000000002,0,1,1
2001,1.2000000000000002,2,0,1
2002,2.0,0,1,1
2003,0.4,3,0,0
2004,1.2000000000000002,0,1,1
2005,1.2000000000000002,0,1,1
2006,2.0,0,1,1
2007,1.2000000000000002,0,1,1
2008,1.2000000000000002,1,1,0
2009,1.2000000000000002,0,0,1
2010,2.0,0,1,1
2011,1.2000000000000002,0,0,0
2012,0.4,3,0,0
2013,0.4,3,0,1
2014,1.2000000000000002,0,1,1
2015,1.2000000000000002,0,1,1
2016,1.2000000000000002,0,0,1
2017,1.2000000000000002,0,1,0
2018,1.2000000000000002,0,1,0
2019,2.0,0,1,1
2020,1.2000000000000002,0,1,1
2021,1.2000000000000002,0,1,1
2022,0.4,3,0,0
2023,0.4,3,0,0
2024,1.2000000000000002,0,1,1
2025,0.4,3,0,0
2026,1.2000000000000002,0,1,1
2027,0.4,3,0,0
2028,2.0,0,1,1
2029,0.4,3,0,1
2030,1.2000000000000002,0,0,1
2031,0.4,3,0,0
2032,0.4,3,0,0
2033,1.2000000000000002,0,1,1
2034,0.4,3,0,0
2035,1.2000000000000002,0,1,1
2036,0.4,3,0,0
2037,0.4,3,0,0
2038,1.2000000000000002,0,1,1
2039,0.4,3,0,0
2040,1.2000000000000002,0,1,1
2041,2.0,0,1,1
2042,1.2000000000000002,0,1,1
2043,1.2000000000000002,0,0,1
2044,2.0,0,0,1
2045,1.2000000000000002,0,0,0
2046,1.2000000000000002,0,1,1
2047,2.8,0,0,1
2048,1.2000000000000002,0,0,1
2049,0.4,3,0,0
2050,1.2000000000000002,0,1,1
2051,1.2000000000000002,0,1,1
2052,1.2000000000000002,0,1,1
2053,1.2000000000000002,0,1,0
2054,0.4,3,0,0
2055,2.0,0,1,1
2056,2.0,0,1,1
2057,1.2000000000000002,0,1,1
2058,1.2000000000000002,0,1,0
2059,1.2000000000000002,0,0,1
2060,2.0,0,1,1
2061,1.2000000000000002,0,1,1
2062,0.4,3,0,0
2063,2.0,0,1,1
2064,1.2000000000000002,0,1,1
2065,1.2000000000000002,0,1,1
2066,1.2000000000000002,0,1,1
2067,1.2000000000000002,0,1,1
2068,0.4,3,0,0
2069,0.4,3,0,0
2070,1.2000000000000002,0,1,1
2071,1.2000000000000002,0,1,1
2072,1.2000000000000002,0,1,1
2073,1.2000000000000002,0,1,1
2074,1.2000000000000002,0,1,1
2075,1.2000000000000002,0,1,1
2076,1.2000000000000002,0,1,1
2077,0.4,3,0,0
2078,1.2000000000000002,0,0,1
2079,0.4,3,0,0
2080,0.4,3,0,0
2081,1.2000000000000002,1,0,0
2082,1.2000000000000002,0,1,1
2083,2.0,0,1,1
2084,1.2000000000000002,0,1,1
2085,1.2000000000000002,0,0,1
2086,1.2000000000000002,0,1,1
2087,1.2000000000000002,0,1,1
2088,1.2000000000000002,0,1,1
2089,1.2000000000000002,0,0,1
2090,1.2000000000000002,0,1,1
2091,1.2000000000000002,0,1,1
2092,0.4,3,0,1
2093,0.4,3,0,0
2094,1.2000000000000002,0,1,0
2095,1.2000000000000002,0,0,1
2096,0.4,3,0,0
2097,0.4,3,0,1
2098,1.2000000000000002,0,1,1
2099,0.4,3,0,0
2100,0.4,3,0,0
2101,1.2000000000000002,0,1,1
2102,0.4,3,0,0
2103,0.4,3,0,0
2104,0.4,3,0,0
2105,0.4,3,0,0
2106,0.4,3,0,0
2107,1.2000000000000002,0,1,1
2108,1.2000000000000002,0,1,1
2109,0.4,3,0,0
2110,1.2000000000000002,0,0,1
2111,1.2000000000000002,0,1,1
2112,0.4,3,0,0
2113,2.0,0,1,1
2114,1.2000000000000002,0,1,0
2115,0.4,3,0,0
2116,1.2000000000000002,0,1,1
2117,1.2000000000000002,0,1,1
2118,0.4,3,0,0
2119,0.4,3,0,0
2120,1.2000000000000002,0,1,1
2121,0.4,3,0,0
2122,0.4,3,0,0
2123,2.0,0,1,1
2124,1.2000000000000002,0,1,1
2125,0.4,3,0,0
2126,1.2000000000000002,0,1,1
2127,2.0,0,1,1
2128,0.4,3,0,0
2129,0.4,3,0,0
2130,2.0,0,1,1
2131,1.2000000000000002,0,1,1
2132,1.2000000000000002,0,0,1
2133,0.4,3,0,0
2134,1.2000000000000002,0,1,1
2135,0.4,3,0,0
2136,1.2000000000000002,0,1,1
2137,1.2000000000000002,0,1,1
2138,1.2000000000000002,0,1,1
2139,0.4,3,0,0
2140,1.2000000000000002,0,0,1
2141,1.2000000000000002,0,1,1
2142,1.2000000000000002,0,1,1
2143,1.2000000000000002,0,1,1
2144,1.2000000000000002,2,0,0
2145,0.4,3,0,0
2146,1.2000000000000002,0,1,1
2147,0.4,3,0,0
2148,1.2000000000000002,0,1,0
2149,1.2000000000000002,0,1,1
2150,1.2000000000000002,0,1,1
2151,1.2000000000000002,0,1,0
2152,1.2000000000000002,0,1,1
2153,0.4,3,0,0
2154,1.2000000000000002,0,1,1
2155,1.2000000000000002,0,1,0
2156,1.2000000000000002,0,1,1
2157,1.2000000000000002,0,1,1
2158,2.0,0,1,0
2159,1.2000000000000002,0,1,1
2160,0.4,3,0,0
2161,1.2000000000000002,0,1,1
2162,1.2000000000000002,0,1,1
2163,2.0,0,1,1
2164,2.0,0,1,1
2165,1.2000000000000002,0,1,1
2166,2.0,0,1,1
2167,1.2000000000000002,0,1,1
2168,1.2000000000000002,0,1,1
2169,1.2000000000000002,0,1,1
2170,1.2000000000000002,0,1,1
2171,0.4,3,0,0
2172,2.0,0,1,1
2173,1.2000000000000002,0,1,1
2174,0.4,3,0,0
2175,0.4,3,0,0
2176,0.4,3,0,0
2177,1.2000000000000002,0,1,1
2178,0.4,3,0,0
2179,1.2000000000000002,0,1,1
2180,2.0,0,1,1
2181,0.4,3,0,0
2182,1.2000000000000002,0,1,1
2183,0.4,3,0,0
2184,1.2000000000000002,0,1,1
2185,1.2000000000000002,0,1,1
2186,1.2000000000000002,0,1,1
2187,2.0,0,1,1
2188,1.2000000000000002,0,1,1
2189,1.2000000000000002,0,1,1
2190,1.2000000000000002,0,1,1
2191,1.2000000000000002,0,1,1
2192,1.2000000000000002,0,1,1
2193,1.2000000000000002,0,1,1
2194,1.2000000000000002,0,1,1
2195,2.0,0,1,1
2196,1.2000000000000002,0,1,1
2197,0.4,3,0,0
2198,1.2000000000000002,0,1,1
2199,1.2000000000000002,0,1,1
2200,1.2000000000000002,0,1,1
2201,1.2000000000000002,2,0,0
2202,0.4,3,0,0
2203,1.2000000000000002,0,1,1
2204,0.4,3,0,0
2205,0.4,3,0,0
2206,1.2000000000000002,0,1,1
2207,0.4,3,0,0
2208,0.4,3,0,0
2209,1.2000000000000002,0,1,1
2210,0.4,3,0,0
2211,1.2000000000000002,0,1,1
2212,0.4,3,0,0
2213,1.2000000000000002,0,1,0
2214,2.0,0,1,1
2215,0.4,3,0,0
2216,1.2000000000000002,0,1,1
2217,1.2000000000000002,0,0,0
2218,0.4,3,0,0
2219,0.4,3,0,0
2220,0.4,3,0,0
2221,1.2000000000000002,0,1,1
2222,0.4,3,0,0
2223,1.2000000000000002,0,0,1
2224,1.2000000000000002,0,1,1
2225,0.4,3,0,0
2226,2.0,0,1,1
2227,0.4,3,0,0
2228,1.2000000000000002,0,1,1
2229,0.4,3,0,0
2230,1.2000000000000002,0,1,1
2231,1.2000000000000002,0,1,1
2232,1.2000000000000002,0,1,1
2233,0.4,3,0,0
2234,0.4,3,0,0
2235,1.2000000000000002,0,1,1
2236,0.4,3,0,0
2237,1.2000000000000002,0,1,1
2238,1.2000000000000002,0,1,1
2239,0.4,3,0,0
2240,0.4,3,0,0
2241,1.2000000000000002,0,1,1
2242,1.2000000000000002,0,1,1
2243,0.4,3,0,0
2244,0.4,3,0,0
2245,1.2000000000000002,0,1,1
2246,2.0,0,1,1
2247,1.2000000000000002,0,1,1
2248,1.2000000000000002,0,1,1
2249,1.2000000000000002,0,1,0
2250,1.2000000000000002,0,0,1
2251,0.4,3,0,0
2252,1.2000000000000002,0,1,1
2253,1.2000000000000002,0,1,1
2254,1.2000000000000002,0,1,0
2255,1.2000000000000002,0,1,1
2256,1.2000000000000002,0,1,1
2257,0.4,3,0,0
2258,1.2000000000000002,0,0,1
2259,0.4,3,0,0
2260,0.4,3,0,0
2261,0.4,3,0,0
2262,0.4,3,0,0
2263,0.4,3,0,1
2264,1.2000000000000002,0,1,1
2265,1.2000000000000002,0,0,1
2266,0.4,3,0,0
2267,0.4,3,0,0
2268,2.0,0,1,1
2269,0.4,3,0,0
2270,0.4,3,0,0
2271,1.2000000000000002,0,1,1
2272,1.2000000000000002,0,1,1
2273,2.0,0,1,1
2274,0.4,3,0,0
2275,1.2000000000000002,0,1,0
2276,2.0,0,1,1
2277,1.2000000000000002,0,1,1
2278,0.4,3,0,0
2279,0.4,3,0,0
2280,1.2000000000000002,0,1,1
2281,1.2000000000000002,0,1,1
2282,1.2000000000000002,0,1,1
2283,1.2000000000000002,0,1,1
2284,0.4,3,0,0
2285,1.2000000000000002,0,1,0
2286,1.2000000000000002,0,0,1
2287,1.2000000000000002,0,1,1
2288,0.4,3,0,0
2289,0.4,3,0,0
2290,1.2000000000000002,0,1,1
2291,1.2000000000000002,0,0,1
2292,1.2000000000000002,0,1,1
2293,1.2000000000000002,0,1,1
2294,1.2000000000000002,0,1,1
2295,1.2000000000000002,0,1,1
2296,0.4,3,0,0
2297,0.4,3,0,0
2298,1.2000000000000002,0,1,1
2299,1.2000000000000002,0,0,1
2300,2.0,0,1,1
2301,1.2000000000000002,0,1,1
2302,1.2000000000000002,0,1,1
2303,1.2000000000000002,0,1,1
2304,1.2000000000000002,0,0,1
2305,0.4,3,0,0
2306,1.2000000000000002,0,1,1
2307,1.2000000000000002,0,1,1
2308,1.2000000000000002,0,1,1
2309,1.2000000000000002,0,1,1
2310,1.2000000000000002,0,1,1
2311,0.4,3,0,0
2312,1.2000000000000002,0,1,1
2313,2.0,0,1,1
2314,1.2000000000000002,0,1,1
2315,2.0,0,1,1
2316,0.4,3,0,0
2317,1.2000000000000002,0,1,1
2318,2.0,0,0,1
2319,1.2000000000000002,0,1,1
2320,1.2000000000000002,0,1,1
2321,1.2000000000000002,0,1,1
2322,1.2000000000000002,1,0,1
2323,0.4,3,0,0
2324,0.4,3,0,0
2325,1.2000000000000002,0,1,1
2326,1.2000000000000002,0,1,1
2327,0.4,3,0,0
2328,1.2000000000000002,0,1,1
2329,2.0,0,1,1
2330,0.4,3,0,0
2331,0.4,3,0,0
2332,2.0,0,1,1
2333,1.2000000000000002,0,1,1
2334,1.2000000000000002,0,1,1
2335,0.4,3,0,0
2336,1.2000000000000002,0,1,1
2337,2.0,0,1,1
2338,1.2000000000000002,0,0,1
2339,0.4,3,0,0
2340,1.2000000000000002,0,1,1
2341,0.4,3,0,0
2342,0.4,3,0,0
2343,1.2000000000000002,0,1,1
2344,2.0,0,1,0
2345,1.2000000000000002,0,0,1
2346,0.4,3,0,0
2347,1.2000000000000002,0,1,1
2348,1.2000000000000002,0,1,1
2349,1.2000000000000002,0,1,0
2350,2.0,0,1,1
2351,1.2000000000000002,0,1,1
2352,0.4,3,0,0
2353,1.2000000000000002,0,0,1
2354,2.0,0,1,1
2355,1.2000000000000002,0,0,1
2356,0.4,3,0,0
2357,1.2000000000000002,0,0,1
2358,0.4,3,0,0
2359,0.4,3,0,0
2360,1.2000000000000002,0,1,1
2361,2.0,0,1,1
2362,0.4,3,0,0
2363,2.0,0,1,0
2364,0.4,3,0,0
2365,0.4,3,0,0
2366,1.2000000000000002,0,1,0
2367,1.2000000000000002,0,1,1
2368,1.2000000000000002,0,1,1
2369,0.4,3,0,1
2370,1.2000000000000002,2,0,0
2371,1.2000000000000002,0,1,1
2372,1.2000000000000002,0,1,1
2373,0.4,3,0,0
2374,1.2000000000000002,0,0,1
2375,0.4,3,0,0
2376,1.2000000000000002,0,1,1
2377,0.4,3,0,0
2378,0.4,3,0,0
2379,1.2000000000000002,0,1,1
2380,1.2000000000000002,0,1,1
2381,2.0,0,0,1
2382,0.4,3,0,0
2383,2.0,0,1,1
2384,2.0,0,1,0
2385,0.4,3,0,0
2386,0.4,3,0,0
2387,1.2000000000000002,0,1,1
2388,0.4,3,0,0
2389,2.0,0,1,1
2390,0.4,3,0,0
2391,0.4,3,0,0
2392,1.2000000000000002,0,1,1
2393,1.2000000000000002,0,1,0
2394,1.2000000000000002,0,1,1
2395,1.2000000000000002,0,1,1
2396,1.2000000000000002,0,1,1
2397,2.0,0,1,1
2398,1.2000000000000002,0,1,1
2399,0.4,3,0,0
2400,1.2000000000000002,0,1,1
2401,1.2000000000000002,0,1,1
2402,1.2000000000000002,0,1,1
2403,2.0,0,1,1
2404,0.4,3,0,1
2405,2.0,0,1,1
2406,1.2000000000000002,1,0,1
2407,0.4,3,0,0
2408,0.4,3,0,0
2409,2.0,0,1,1
2410,1.2000000000000002,0,1,1
2411,1.2000000000000002,0,1,1
2412,1.2000000000000002,0,1,1
2413,0.4,3,0,0
2414,1.2000000000000002,0,0,1
2415,2.0,0,1,0
2416,1.2000000000000002,0,1,1
2417,0.4,3,0,0
2418,1.2000000000000002,0,1,1
2419,1.2000000000000002,0,1,1
2420,1.2000000000000002,0,1,1
2421,1.2000000000000002,0,1,0
2422,0.4,3,0,0
2423,0.4,3,0,0
2424,1.2000000000000002,0,1,1
2425,1.2000000000000002,0,1,1
2426,1.2000000000000002,0,0,1
2427,0.4,3,0,0
2428,0.4,3,0,0
2429,0.4,3,0,0
2430,0.4,3,0,0
2431,1.2000000000000002,0,1,1
2432,0.4,3,0,0
2433,1.2000000000000002,0,1,1
2434,1.2000000000000002,0,1,1
2435,0.4,3,0,0
2436,0.4,3,0,0
2437,1.2000000000000002,0,1,1
2438,0.4,3,0,0
2439,1.2000000000000002,0,1,1
2440,1.2000000000000002,0,0,1
2441,1.2000000000000002,0,1,1
2442,1.2000000000000002,0,1,1
2443,1.2000000000000002,0,1,0
2444,0.4,3,0,1
2445,1.2000000000000002,0,1,1
2446,0.4,3,0,0
2447,0.4,3,0,0
2448,2.0,0,1,1
2449,1.2000000000000002,0,1,1
2450,2.0,0,1,1
2451,1.2000000000000002,0,1,1
2452,1.2000000000000002,0,1,1
2453,1.2000000000000002,0,1,1
2454,1.2000000000000002,0,1,1
2455,1.2000000000000002,0,1,1
2456,1.2000000000000002,0,1,0
2457,1.2000000000000002,0,1,1
2458,2.0,0,1,1
2459,1.2000000000000002,3,0,0
2460,0.4,3,0,1
2461,0.4,3,0,0
2462,0.4,3,0,0
2463,1.2000000000000002,0,1,0
2464,1.2000000000000002,0,1,1
2465,0.4,3,0,0
2466,0.4,3,0,0
2467,1.2000000000000002,0,1,1
2468,1.2000000000000002,0,0,0
2469,0.4,3,0,0
2470,0.4,3,0,0
2471,2.0,0,1,1
2472,0.4,3,0,0
2473,0.4,3,0,0
2474,1.2000000000000002,0,1,1
2475,0.4,3,0,1
2476,1.2000000000000002,0,1,1
2477,1.2000000000000002,0,1,1
2478,0.4,3,0,0
2479,0.4,3,0,0
2480,0.4,3,0,0
2481,1.2000000000000002,0,1,1
2482,1.2000000000000002,0,1,1
2483,1.2000000000000002,0,1,1
2484,1.2000000000000002,0,1,1
2485,1.2000000000000002,0,1,1
2486,0.4,3,0,0
2487,0.4,3,0,0
2488,0.4,3,0,0
2489,0.4,3,0,0
2490,1.2000000000000002,0,1,1
2491,1.2000000000000002,0,1,1
2492,0.4,3,0,0
2493,0.4,3,0,0
2494,1.2000000000000002,0,1,1
2495,1.2000000000000002,0,1,1
2496,1.2000000000000002,0,1,1
2497,1.2000000000000002,0,1,1
2498,1.2000000000000002,0,1,1
2499,1.2000000000000002,0,1,1
2500,1.2000000000000002,0,1,1
2501,0.4,3,0,0
2502,0.4,3,0,0
2503,0.4,3,0,0
2504,0.4,3,0,0
2505,0.4,3,0,0
2506,1.2000000000000002,0,1,1
2507,2.0,0,1,1
2508,0.4,3,0,0
2509,0.4,3,0,0
2510,1.2000000000000002,0,1,1
2511,0.4,3,0,0
2512,1.2000000000000002,0,1,1
2513,0.4,3,0,0
2514,0.4,3,0,0
2515,1.2000000000000002,0,1,1
2516,0.4,3,0,0
2517,1.2000000000000002,2,0,0
2518,1.2000000000000002,0,1,1
2519,0.4,3,0,0
2520,1.2000000000000002,0,1,0
2521,0.4,3,0,0
2522,2.0,0,0,1
2523,0.4,3,0,1
2524,1.2000000000000002,0,1,1
2525,1.2000000000000002,0,1,1
2526,1.2000000000000002,0,1,1
2527,0.4,3,0,0
2528,0.4,3,0,0
2529,2.0,0,1,1
2530,0.4,3,0,0
2531,2.0,0,0,1
2532,0.4,3,0,0
2533,0.4,3,0,0
2534,0.4,3,0,0
2535,0.4,3,0,0
2536,2.0,0,1,1
2537,2.0,0,1,1
2538,1.2000000000000002,1,1,0
2539,1.2000000000000002,0,1,1
2540,2.0,0,1,1
2541,1.2000000000000002,0,1,1
2542,0.4,3,0,0
2543,1.2000000000000002,0,1,1
2544,1.2000000000000002,0,1,1
2545,1.2000000000000002,0,1,1
2546,1.2000000000000002,3,0,0
2547,0.4,3,0,0
2548,1.2000000000000002,0,1,1
2549,0.4,3,0,0
2550,2.0,0,1,1
2551,0.4,3,0,0
2552,1.2000000000000002,0,1,1
2553,0.4,3,0,0
2554,0.4,3,0,1
2555,1.2000000000000002,0,1,1
2556,0.4,3,0,0
2557,1.2000000000000002,0,1,0
2558,1.2000000000000002,0,1,1
2559,0.4,3,0,0
2560,1.2000000000000002,0,1,1
2561,0.4,3,0,0
2562,0.4,3,0,0
2563,0.4,3,0,0
2564,0.4,3,0,0
2565,1.2000000000000002,0,1,1
2566,0.4,3,0,0
2567,0.4,3,0,0
2568,0.4,3,0,0
2569,0.4,3,0,0
2570,1.2000000000000002,0,1,1
2571,1.2000000000000002,0,1,1
2572,0.4,3,0,0
2573,1.2000000000000002,0,1,1
2574,0.4,3,0,0
2575,0.4,3,0,0
2576,0.4,3,0,0
2577,1.2000000000000002,0,1,1
2578,1.2000000000000002,0,1,1
2579,2.0,0,1,1
2580,1.2000000000000002,0,1,1
2581,0.4,3,0,0
2582,0.4,3,0,0
2583,1.2000000000000002,0,1,1
2584,1.2000000000000002,0,1,1
2585,1.2000000000000002,0,1,1
2586,1.2000000000000002,0,1,1
2587,0.4,3,0,0
2588,0.4,3,0,1
2589,1.2000000000000002,0,1,1
2590,1.2000000000000002,0,1,1
2591,0.4,3,0,0
2592,0.4,3,0,0
2593,1.2000000000000002,1,1,1
2594,1.2000000000000002,0,1,1
2595,1.2000000000000002,0,0,1
2596,1.2000000000000002,0,1,1
2597,2.0,0,1,1
2598,1.2000000000000002,0,0,1
2599,0.4,3,0,0
2600,1.2000000000000002,0,1,1
2601,0.4,3,0,0
2602,0.4,3,0,0
2603,1.2000000000000002,0,1,1
2604,1.2000000000000002,0,1,1
2605,0.4,3,0,1
2606,0.4,3,0,0
2607,1.2000000000000002,0,1,1
2608,1.2000000000000002,0,1,0
2609,0.4,3,0,0
2610,1.2000000000000002,0,1,0
2611,1.2000000000000002,0,1,1
2612,1.2000000000000002,0,1,1
2613,1.2000000000000002,0,1,1
2614,1.2000000000000002,0,0,0
2615,0.4,3,0,0
2616,0.4,3,0,0
2617,1.2000000000000002,0,1,1
2618,0.4,3,0,0
2619,1.2000000000000002,0,1,1
2620,1.2000000000000002,0,1,1
2621,1.2000000000000002,0,1,1
2622,1.2000000000000002,0,0,1
2623,1.2000000000000002,0,1,1
2624,2.0,0,1,1
2625,2.0,0,1,0
2626,1.2000000000000002,0,1,1
2627,1.2000000000000002,0,1,1
2628,0.4,3,0,0
2629,1.2000000000000002,0,1,1
2630,1.2000000000000002,0,1,1
2631,0.4,3,0,0
2632,0.4,3,0,0
2633,0.4,3,0,0
2634,0.4,3,0,0
2635,2.0,0,1,0
2636,1.2000000000000002,0,1,1
2637,0.4,3,0,1
2638,1.2000000000000002,0,1,1
2639,2.0,0,0,1
2640,0.4,3,0,0
2641,0.4,3,0,0
2642,2.0,0,1,1
2643,1.2000000000000002,0,1,1
2644,0.4,3,0,1
2645,1.2000000000000002,0,1,1
2646,1.2000000000000002,0,0,0
2647,0.4,3,0,0
2648,1.2000000000000002,0,1,1
2649,0.4,3,0,0
2650,1.2000000000000002,0,0,1
2651,2.0,0,1,1
2652,1.2000000000000002,0,1,1
2653,1.2000000000000002,0,1,1
2654,1.2000000000000002,0,1,1
2655,0.4,3,0,0
2656,1.2000000000000002,0,1,1
2657,1.2000000000000002,0,1,1
2658,2.0,0,1,1
2659,0.4,3,0,0
2660,0.4,3,0,0
2661,2.8,0,1,1
2662,1.2000000000000002,0,0,1
2663,0.4,3,0,0
2664,1.2000000000000002,0,1,1
2665,1.2000000000000002,0,1,0
2666,1.2000000000000002,0,1,1
2667,1.2000000000000002,0,1,1
2668,1.2000000000000002,0,1,1
2669,0.4,3,0,1
2670,1.2000000000000002,3,0,0
2671,0.4,3,0,0
2672,1.2000000000000002,0,1,1
2673,1.2000000000000002,3,0,0
2674,1.2000000000000002,0,0,1
2675,1.2000000000000002,0,1,1
2676,0.4,3,0,1
2677,0.4,3,0,0
2678,1.2000000000000002,0,1,1
2679,1.2000000000000002,0,1,1
2680,0.4,3,0,0
2681,1.2000000000000002,0,1,1
2682,1.2000000000000002,0,1,1
2683,0.4,3,0,0
2684,0.4,3,0,0
2685,0.4,3,0,1
2686,0.4,3,0,0
2687,0.4,3,0,0
2688,1.2000000000000002,0,1,1
2689,0.4,3,0,0
2690,1.2000000000000002,0,1,0
2691,0.4,3,0,0
2692,0.4,3,0,0
2693,0.4,3,0,0
2694,1.2000000000000002,0,1,1
2695,1.2000000000000002,0,1,1
2696,1.2000000000000002,0,1,1
2697,1.2000000000000002,0,1,1
2698,0.4,3,0,0
2699,1.2000000000000002,0,1,1
2700,1.2000000000000002,0,1,1
2701,1.2000000000000002,0,1,1
2702,0.4,3,0,0
2703,0.4,3,0,0
2704,1.2000000000000002,0,1,1
2705,1.2000000000000002,0,0,1
2706,0.4,3,0,0
2707,1.2000000000000002,0,1,1
2708,0.4,3,0,0
2709,0.4,3,0,0
2710,1.2000000000000002,0,1,1
2711,1.2000000000000002,0,1,0
2712,1.2000000000000002,0,1,1
2713,1.2000000000000002,0,0,1
2714,1.2000000000000002,0,1,1
2715,1.2000000000000002,0,1,1
2716,1.2000000000000002,0,0,1
2717,0.4,3,0,0
2718,1.2000000000000002,0,1,1
2719,0.4,3,0,0
2720,0.4,3,0,0
2721,1.2000000000000002,0,1,1
2722,0.4,3,0,0
2723,0.4,3,0,0
2724,2.0,0,1,1
2725,1.2000000000000002,0,1,0
2726,0.4,3,0,0
2727,0.4,3,0,0
2728,1.2000000000000002,0,1,1
2729,1.2000000000000002,0,1,1
2730,0.4,3,0,0
2731,1.2000000000000002,0,0,1
2732,1.2000000000000002,0,1,1
2733,0.4,3,0,0
2734,1.2000000000000002,0,1,1
2735,0.4,3,0,0
2736,2.0,0,0,1
2737,0.4,3,0,0
2738,0.4,3,0,0
2739,1.2000000000000002,0,1,1
2740,1.2000000000000002,0,1,1
2741,1.2000000000000002,0,1,1
2742,2.0,0,1,1
2743,1.2000000000000002,0,1,1
2744,0.4,3,0,0
2745,0.4,3,0,0
2746,0.4,3,0,0
2747,1.2000000000000002,0,1,1
2748,1.2000000000000002,0,1,1
2749,0.4,3,0,0
2750,1.2000000000000002,0,1,1
2751,0.4,3,0,0
2752,1.2000000000000002,0,1,1
2753,2.0,0,1,1
2754,1.2000000000000002,0,1,1
2755,0.4,3,0,0
2756,1.2000000000000002,0,1,1
2757,0.4,3,0,0
2758,1.2000000000000002,0,1,0
2759,1.2000000000000002,0,1,1
2760,0.4,3,0,0
2761,1.2000000000000002,0,1,1
2762,1.2000000000000002,0,0,1
2763,0.4,3,0,0
2764,1.2000000000000002,0,1,1
2765,0.4,3,0,0
2766,0.4,3,0,0
2767,2.0,0,1,1
2768,0.4,3,0,0
2769,1.2000000000000002,0,1,1
2770,0.4,3,0,1
2771,1.2000000000000002,0,1,1
2772,0.4,3,0,0
2773,2.0,0,1,0
2774,1.2000000000000002,0,0,1
2775,1.2000000000000002,0,1,1
2776,0.4,3,0,0
2777,1.2000000000000002,0,1,1
2778,1.2000000000000002,2,0,0
2779,1.2000000000000002,3,0,0
2780,1.2000000000000002,0,1,1
2781,1.2000000000000002,0,1,0
2782,1.2000000000000002,0,1,1
2783,1.2000000000000002,0,1,1
2784,1.2000000000000002,0,0,1
2785,0.4,3,0,0
2786,1.2000000000000002,0,1,1
2787,1.2000000000000002,0,1,1
2788,1.2000000000000002,0,0,1
2789,0.4,3,0,0
2790,0.4,3,0,0
2791,0.4,3,0,0
2792,0.4,3,0,0
2793,1.2000000000000002,0,1,1
2794,1.2000000000000002,0,1,1
2795,1.2000000000000002,0,1,1
2796,2.0,0,1,1
2797,0.4,3,0,0
2798,1.2000000000000002,0,1,1
2799,0.4,3,0,0
2800,1.2000000000000002,0,1,1
2801,0.4,3,0,0
2802,0.4,3,0,0
2803,1.2000000000000002,0,1,1
2804,1.2000000000000002,0,1,1
2805,0.4,3,0,0
2806,1.2000000000000002,0,0,0
2807,1.2000000000000002,0,1,0
2808,1.2000000000000002,1,1,1
2809,2.0,0,1,1
2810,0.4,3,0,0
2811,0.4,3,0,0
2812,1.2000000000000002,0,0,1
2813,0.4,3,0,0
2814,0.4,3,0,0
2815,1.2000000000000002,0,1,0
2816,0.4,3,0,0
2817,0.4,3,0,0
2818,2.0,0,1,1
2819,1.2000000000000002,0,1,1
2820,0.4,3,0,0
2821,0.4,3,0,0
2822,0.4,3,0,0
2823,0.4,3,0,0
2824,1.2000000000000002,0,0,0
2825,1.2000000000000002,0,1,1
2826,0.4,3,0,0
2827,1.2000000000000002,0,1,1
2828,1.2000000000000002,0,1,1
2829,0.4,3,0,0
2830,0.4,3,0,0
2831,2.8,0,1,1
2832,2.0,0,0,1
2833,0.4,3,0,0
2834,0.4,3,0,0
2835,1.2000000000000002,0,1,1
2836,1.2000000000000002,0,1,0
2837,1.2000000000000002,0,1,1
2838,1.2000000000000002,0,1,1
2839,0.4,3,0,0
2840,0.4,3,0,0
2841,0.4,3,0,0
2842,0.4,3,0,0
2843,1.2000000000000002,0,1,1
2844,1.2000000000000002,0,1,0
2845,1.2000000000000002,0,1,1
2846,0.4,3,0,0
2847,2.0,0,1,1
2848,0.4,3,0,0
2849,0.4,3,0,0
2850,0.4,3,0,0
2851,0.4,3,0,0
2852,2.0,0,1,1
2853,2.0,0,1,1
2854,0.4,3,0,0
2855,1.2000000000000002,0,0,1
2856,0.4,3,0,0
2857,1.2000000000000002,0,1,1
2858,0.4,3,0,0
2859,0.4,3,0,0
2860,0.4,3,0,0
2861,1.2000000000000002,0,1,1
2862,0.4,3,0,0
2863,1.2000000000000002,0,1,1
2864,2.0,0,1,0
2865,1.2000000000000002,0,1,1
2866,1.2000000000000002,0,1,1
2867,1.2000000000000002,0,1,1
2868,2.8,0,0,1
2869,0.4,3,0,0
2870,1.2000000000000002,0,1,1
2871,1.2000000000000002,0,1,1
2872,1.2000000000000002,0,1,0
2873,1.2000000000000002,0,1,1
2874,0.4,3,0,0
2875,1.2000000000000002,3,0,0
2876,1.2000000000000002,0,1,1
2877,0.4,3,0,0
2878,2.0,0,1,0
2879,1.2000000000000002,0,1,1
2880,2.0,0,1,1
2881,0.4,3,0,0
2882,1.2000000000000002,0,1,1
2883,1.2000000000000002,0,1,1
2884,0.4,3,0,0
2885,1.2000000000000002,0,1,1
2886,1.2000000000000002,3,0,0
2887,1.2000000000000002,0,1,1
2888,2.0,0,1,1
2889,1.2000000000000002,0,1,1
2890,1.2000000000000002,0,1,0
2891,1.2000000000000002,2,0,0
2892,0.4,3,0,0
2893,0.4,3,0,0
2894,1.2000000000000002,0,1,1
2895,0.4,3,0,0
2896,1.2000000000000002,0,1,1
2897,1.2000000000000002,0,1,1
2898,2.0,0,1,1
2899,0.4,3,0,0
2900,1.2000000000000002,0,1,1
2901,1.2000000000000002,0,1,1
2902,2.0,0,1,1
2903,2.0,0,1,1
2904,1.2000000000000002,0,1,1
2905,1.2000000000000002,0,1,1
2906,1.2000000000000002,0,1,1
2907,2.0,0,1,0
2908,1.2000000000000002,0,1,0
2909,0.4,3,0,0
2910,2.8,0,1,1
2911,0.4,3,0,0
2912,0.4,3,0,0
2913,0.4,3,0,0
2914,0.4,3,0,0
2915,0.4,3,0,0
2916,0.4,3,0,0
2917,1.2000000000000002,0,1,1
2918,2.0,0,1,0
2919,1.2000000000000002,0,1,1
2920,1.2000000000000002,0,1,1
2921,1.2000000000000002,0,0,1
2922,0.4,3,0,0
2923,1.2000000000000002,0,1,1
2924,0.4,3,0,0
2925,2.8,0,1,1
2926,2.8,0,1,1
2927,1.2000000000000002,0,0,1
2928,1.2000000000000002,0,1,1
2929,0.4,3,0,0
2930,0.4,3,0,0
2931,2.0,0,1,0
2932,1.2000000000000002,0,1,1
2933,1.2000000000000002,0,1,1
2934,1.2000000000000002,0,1,1
2935,1.2000000000000002,0,1,0
2936,2.8,0,1,1
2937,2.0,0,1,1
2938,1.2000000000000002,0,1,0
2939,0.4,3,0,1
2940,1.2000000000000002,0,1,1
2941,1.2000000000000002,0,1,1
2942,0.4,3,0,0
2943,0.4,3,0,0
2944,0.4,3,0,0
2945,0.4,3,0,0
2946,0.4,3,0,0
2947,1.2000000000000002,0,1,0
2948,2.0,0,1,0
2949,1.2000000000000002,0,1,1
2950,0.4,3,0,0
2951,0.4,3,0,0
2952,1.2000000000000002,0,1,1
2953,2.8,0,0,0
2954,1.2000000000000002,0,1,1
2955,0.4,3,0,0
2956,0.4,3,0,0
2957,1.2000000000000002,0,0,1
2958,1.2000000000000002,0,1,1
2959,0.4,3,0,0
2960,0.4,3,0,0
2961,2.0,0,1,0
2962,0.4,3,0,0
2963,2.0,0,1,1
2964,1.2000000000000002,0,1,1
2965,1.2000000000000002,0,1,1
2966,1.2000000000000002,0,1,1
2967,1.2000000000000002,0,1,1
2968,0.4,3,0,0
2969,1.2000000000000002,0,1,1
2970,1.2000000000000002,0,1,1
2971,2.0,0,1,1
2972,0.4,3,0,0
2973,0.4,3,0,0
2974,1.2000000000000002,0,1,1
2975,1.2000000000000002,0,1,1
2976,2.0,0,1,1
2977,1.2000000000000002,0,1,1
2978,2.0,3,0,0
2979,1.2000000000000002,0,1,1
2980,1.2000000000000002,0,0,1
2981,1.2000000000000002,0,1,1
2982,2.0,0,0,1
2983,0.4,3,0,0
2984,0.4,3,0,0
2985,0.4,3,0,0
2986,0.4,3,0,0
2987,0.4,3,0,0
2988,1.2000000000000002,0,1,1
2989,1.2000000000000002,0,1,1
2990,0.4,3,0,0
2991,1.2000000000000002,0,1,1
2992,0.4,3,0,0
2993,0.4,3,0,0
2994,1.2000000000000002,0,1,1
2995,1.2000000000000002,0,1,1
2996,2.0,0,1,1
2997,0.4,3,0,0
2998,0.4,3,0,0
2999,0.4,3,0,0
3000,0.4,3,0,0
3001,1.2000000000000002,0,0,1
3002,0.4,3,0,0
3003,0.4,3,0,0
3004,1.2000000000000002,0,1,1
3005,1.2000000000000002,0,0,1
3006,0.4,3,0,0
3007,1.2000000000000002,0,0,1
3008,1.2000000000000002,0,1,1
3009,1.2000000000000002,0,1,1
3010,1.2000000000000002,0,1,1
3011,0.4,3,0,0
3012,1.2000000000000002,0,1,1
3013,1.2000000000000002,0,1,1
3014,1.2000000000000002,0,1,1
3015,1.2000000000000002,0,1,1
3016,0.4,3,0,0
3017,1.2000000000000002,0,1,1
3018,1.2000000000000002,0,1,1
3019,1.2000000000000002,0,1,1
3020,0.4,3,0,0
3021,1.2000000000000002,0,0,1
3022,2.0,0,1,1
3023,2.0,0,1,1
3024,1.2000000000000002,0,1,1
3025,2.0,0,1,1
3026,0.4,3,0,0
3027,1.2000000000000002,0,1,1
3028,0.4,3,0,0
3029,1.2000000000000002,0,1,1
3030,0.4,3,0,0
3031,2.0,0,1,1
3032,1.2000000000000002,0,1,1
3033,1.2000000000000002,0,1,1
3034,0.4,3,0,0
3035,0.4,3,0,0
3036,1.2000000000000002,0,1,1
3037,1.2000000000000002,0,1,1
3038,0.4,3,0,0
3039,1.2000000000000002,0,1,1
3040,1.2000000000000002,0,1,1
3041,0.4,3,0,0
3042,1.2000000000000002,2,1,0
3043,0.4,3,0,0
3044,0.4,3,0,0
3045,0.4,3,0,0
3046,1.2000000000000002,0,1,1
3047,1.2000000000000002,0,1,0
3048,2.0,0,1,1
3049,1.2000000000000002,0,1,1
3050,0.4,3,0,0
3051,0.4,3,0,0
3052,1.2000000000000002,0,1,1
3053,1.2000000000000002,0,1,1
3054,0.4,3,0,0
3055,0.4,3,0,0
3056,2.0,0,1,1
3057,1.2000000000000002,0,1,1
3058,1.2000000000000002,0,1,1
3059,0.4,3,0,0
3060,0.4,3,0,0
3061,1.2000000000000002,0,1,1
3062,1.2000000000000002,0,1,1
3063,0.4,3,0,0
3064,0.4,3,0,0
3065,1.2000000000000002,0,1,1
3066,1.2000000000000002,0,0,1
3067,1.2000000000000002,0,1,1
3068,1.2000000000000002,0,0,0
3069,1.2000000000000002,0,1,1
3070,0.4,3,0,0
3071,1.2000000000000002,0,0,1
3072,1.2000000000000002,0,1,1
3073,0.4,3,0,0
3074,0.4,3,0,0
3075,1.2000000000000002,0,1,0
3076,0.4,3,0,0
3077,0.4,3,0,0
3078,0.4,3,0,0
3079,0.4,3,0,0
3080,1.2000000000000002,0,0,1
3081,0.4,3,0,0
3082,0.4,3,0,0
3083,2.0,0,1,1
3084,1.2000000000000002,0,1,1
3085,0.4,3,0,0
3086,1.2000000000000002,0,1,0
3087,1.2000000000000002,0,1,1
3088,1.2000000000000002,0,1,0
3089,1.2000000000000002,0,1,1
3090,0.4,3,0,0
3091,1.2000000000000002,0,1,1
3092,1.2000000000000002,0,1,1
3093,0.4,3,0,0
3094,0.4,3,0,0
3095,1.2000000000000002,0,1,1
3096,0.4,3,0,0
3097,1.2000000000000002,0,1,1
3098,0.4,3,0,0
3099,2.0,0,0,1
3100,1.2000000000000002,0,1,1
3101,0.4,3,0,0
3102,0.4,3,0,0
3103,1.2000000000000002,2,0,0
3104,1.2000000000000002,0,1,1
3105,1.2000000000000002,0,1,1
3106,1.2000000000000002,0,1,1
3107,0.4,3,0,0
3108,1.2000000000000002,0,1,1
3109,1.2000000000000002,0,0,1
3110,0.4,3,0,0
3111,0.4,3,0,0
3112,0.4,3,0,0
3113,0.4,3,0,0
3114,0.4,3,0,0
3115,1.2000000000000002,0,1,1
3116,0.4,3,0,0
3117,0.4,3,0,0
3118,0.4,3,0,0
3119,1.2000000000000002,0,1,1
3120,1.2000000000000002,0,1,1
3121,2.0,0,1,1
3122,1.2000000000000002,0,1,1
3123,1.2000000000000002,0,1,0
3124,1.2000000000000002,0,0,1
3125,0.4,3,0,0
3126,1.2000000000000002,0,1,1
3127,2.0,0,1,1
3128,0.4,3,0,0
3129,0.4,3,0,0
3130,1.2000000000000002,0,0,1
3131,0.4,3,0,0
3132,1.2000000000000002,0,1,1
3133,1.2000000000000002,0,1,1
3134,1.2000000000000002,0,0,1
3135,1.2000000000000002,0,1,1
3136,1.2000000000000002,0,1,1
3137,1.2000000000000002,0,1,1
3138,2.8,0,1,0
3139,1.2000000000000002,0,1,1
3140,0.4,3,0,0
3141,1.2000000000000002,0,1,0
3142,0.4,3,0,0
3143,0.4,3,0,0
3144,1.2000000000000002,0,1,1
3145,1.2000000000000002,0,1,1
3146,0.4,3,0,0
3147,0.4,3,0,0
3148,0.4,3,0,0
3149,0.4,3,0,0
3150,1.2000000000000002,0,1,1
3151,1.2000000000000002,0,1,1
3152,1.2000000000000002,0,0,1
3153,0.4,3,0,0
3154,0.4,3,0,0
3155,1.2000000000000002,0,0,1
3156,0.4,3,0,0
3157,1.2000000000000002,0,1,1
3158,1.2000000000000002,2,0,0
3159,1.2000000000000002,0,1,1
3160,2.0,0,1,1
3161,0.4,3,0,0
3162,0.4,3,0,0
3163,1.2000000000000002,0,1,0
3164,1.2000000000000002,0,1,1
3165,0.4,3,0,0
3166,0.4,3,0,0
3167,1.2000000000000002,0,1,1
3168,1.2000000000000002,0,1,1
3169,2.0,0,1,1
3170,1.2000000000000002,0,1,1
3171,1.2000000000000002,0,1,1
3172,1.2000000000000002,0,1,1
3173,1.2000000000000002,0,1,1
3174,2.0,0,1,1
3175,1.2000000000000002,0,1,1
3176,1.2000000000000002,0,1,1
3177,0.4,3,0,0
3178,0.4,3,0,0
3179,0.4,3,0,0
3180,1.2000000000000002,0,1,1
3181,1.2000000000000002,0,1,1
3182,0.4,3,0,0
3183,1.2000000000000002,0,1,1
3184,0.4,3,0,0
3185,2.0,0,1,0
3186,0.4,3,0,0
3187,0.4,3,0,0
3188,2.0,0,0,1
3189,0.4,3,0,0
3190,1.2000000000000002,0,1,0
3191,0.4,3,0,0
3192,1.2000000000000002,0,0,1
3193,1.2000000000000002,0,0,1
3194,0.4,3,0,0
3195,0.4,3,0,0
3196,0.4,3,0,1
3197,0.4,3,0,0
3198,2.0,0,1,1
3199,0.4,3,0,0
3200,2.0,0,0,1
3201,1.2000000000000002,3,0,0
3202,1.2000000000000002,0,1,1
3203,2.0,0,1,1
3204,0.4,3,0,0
3205,1.2000000000000002,0,1,1
3206,1.2000000000000002,0,1,0
3207,1.2000000000000002,0,1,1
3208,1.2000000000000002,0,1,1
3209,1.2000000000000002,0,1,0
3210,1.2000000000000002,0,1,1
3211,1.2000000000000002,0,1,1
3212,0.4,3,0,0
3213,1.2000000000000002,0,1,1
3214,0.4,3,0,0
3215,0.4,3,0,0
3216,0.4,3,0,0
3217,0.4,3,0,0
3218,0.4,3,0,0
3219,1.2000000000000002,0,1,1
3220,0.4,3,0,0
3221,1.2000000000000002,0,1,1
3222,0.4,3,0,0
3223,0.4,3,0,0
3224,2.0,0,0,1
3225,1.2000000000000002,0,1,1
3226,0.4,3,0,0
3227,0.4,3,0,0
3228,1.2000000000000002,0,0,1
3229,0.4,3,0,0
3230,1.2000000000000002,0,1,1
3231,2.0,0,1,0
3232,1.2000000000000002,0,0,1
3233,1.2000000000000002,1,0,0
3234,0.4,3,0,0
3235,2.0,0,0,1
3236,0.4,3,0,0
3237,1.2000000000000002,0,1,1
3238,2.0,0,0,1
3239,1.2000000000000002,0,1,0
3240,0.4,3,0,0
3241,2.0,0,1,1
3242,1.2000000000000002,0,1,1
3243,1.2000000000000002,0,1,1
3244,1.2000000000000002,0,0,1
3245,1.2000000000000002,0,1,0
3246,0.4,3,0,0
3247,2.0,0,1,1
3248,0.4,3,0,0
3249,1.2000000000000002,1,0,0
3250,0.4,3,0,0
3251,0.4,3,0,0
3252,1.2000000000000002,0,1,1
3253,0.4,3,0,0
3254,0.4,3,0,0
3255,1.2000000000000002,0,1,1
3256,1.2000000000000002,0,0,1
3257,0.4,3,0,0
3258,1.2000000000000002,0,1,1
3259,1.2000000000000002,0,1,1
3260,1.2000000000000002,0,1,1
3261,1.2000000000000002,0,1,0
3262,1.2000000000000002,0,1,1
3263,1.2000000000000002,0,1,1
3264,0.4,3,0,0
3265,1.2000000000000002,0,1,0
3266,0.4,3,0,0
3267,2.0,0,1,1
3268,2.0,0,1,1
3269,0.4,3,0,0
3270,1.2000000000000002,0,1,0
3271,0.4,3,0,0
3272,1.2000000000000002,0,1,1
3273,0.4,3,0,1
3274,0.4,3,0,0
3275,0.4,3,0,0
3276,0.4,3,0,0
3277,0.4,3,0,0
3278,1.2000000000000002,0,0,1
3279,1.2000000000000002,0,1,1
3280,0.4,3,0,0
3281,1.2000000000000002,0,1,1
3282,0.4,3,0,0
3283,0.4,3,0,0
3284,0.4,3,0,0
3285,1.2000000000000002,0,1,1
3286,1.2000000000000002,0,1,1
3287,1.2000000000000002,0,1,1
3288,1.2000000000000002,0,1,1
3289,1.2000000000000002,0,1,1
3290,0.4,3,0,0
3291,1.2000000000000002,0,1,1
3292,0.4,3,0,0
3293,0.4,3,0,0
3294,0.4,3,0,0
3295,2.0,0,1,1
3296,0.4,3,0,0
3297,1.2000000000000002,0,1,1
3298,0.4,3,0,0
3299,1.2000000000000002,1,0,1
3300,1.2000000000000002,0,1,1
3301,1.2000000000000002,0,1,1
3302,0.4,3,0,0
3303,1.2000000000000002,0,1,1
3304,1.2000000000000002,0,1,1
3305,0.4,3,0,0
3306,0.4,3,0,0
3307,0.4,3,0,0
3308,1.2000000000000002,0,1,1
3309,1.2000000000000002,0,1,1
3310,1.2000000000000002,0,1,0
3311,0.4,3,0,0
3312,0.4,3,0,0
3313,0.4,3,0,0
3314,1.2000000000000002,0,1,1
3315,0.4,3,0,0
3316,2.0,0,1,1
3317,1.2000000000000002,0,1,1
3318,1.2000000000000002,0,1,1
3319,0.4,3,0,0
3320,1.2000000000000002,0,1,1
3321,1.2000000000000002,0,1,1
3322,1.2000000000000002,0,1,1
3323,1.2000000000000002,0,1,1
3324,2.0,0,1,1
3325,0.4,3,0,0
3326,0.4,3,0,0
3327,0.4,3,0,0
3328,2.0,0,1,1
3329,0.4,3,0,0
3330,0.4,3,0,0
3331,1.2000000000000002,0,1,1
3332,1.2000000000000002,0,1,1
3333,1.2000000000000002,0,1,1
3334,0.4,3,0,0
3335,2.8,0,1,1
3336,2.0,0,1,1
3337,1.2000000000000002,0,1,1
3338,1.2000000000000002,0,0,1
3339,0.4,3,0,0
3340,1.2000000000000002,0,1,1
3341,0.4,3,0,0
3342,0.4,3,0,0
3343,0.4,3,0,0
3344,1.2000000000000002,0,1,0
3345,0.4,3,0,0
3346,0.4,3,0,0
3347,0.4,3,0,0
3348,0.4,3,0,0
3349,0.4,3,0,0
3350,1.2000000000000002,0,1,1
3351,1.2000000000000002,0,1,1
3352,0.4,3,0,0
3353,1.2000000000000002,0,1,1
3354,0.4,3,0,0
3355,0.4,3,0,1
3356,0.4,3,0,0
3357,0.4,3,0,0
3358,0.4,3,0,0
3359,1.2000000000000002,0,1,1
3360,2.0,0,1,1
3361,1.2000000000000002,0,0,1
3362,0.4,3,0,0
3363,2.0,0,1,1
3364,0.4,3,0,0
3365,1.2000000000000002,0,1,1
3366,1.2000000000000002,0,0,1
3367,1.2000000000000002,0,1,1
3368,0.4,3,0,0
3369,1.2000000000000002,0,1,1
3370,0.4,3,0,0
3371,0.4,3,0,0
3372,1.2000000000000002,0,1,1
3373,0.4,3,0,0
3374,1.2000000000000002,0,1,1
3375,1.2000000000000002,0,1,1
3376,1.2000000000000002,0,1,1
3377,1.2000000000000002,0,1,0
3378,1.2000000000000002,0,0,1
3379,0.4,3,0,0
3380,2.0,0,1,1
3381,0.4,3,0,0
3382,0.4,3,0,0
3383,1.2000000000000002,0,1,1
3384,0.4,3,0,0
3385,2.0,0,1,1
3386,1.2000000000000002,0,1,1
3387,1.2000000000000002,0,1,1
3388,1.2000000000000002,0,1,1
3389,1.2000000000000002,0,1,1
3390,1.2000000000000002,0,1,1
3391,1.2000000000000002,0,1,1
3392,0.4,3,0,0
3393,0.4,3,0,0
3394,1.2000000000000002,0,1,1
3395,2.0,0,1,1
3396,0.4,3,0,0
3397,0.4,3,0,0
3398,1.2000000000000002,0,1,1
3399,1.2000000000000002,0,1,1
3400,0.4,3,0,0
3401,2.0,0,0,1
3402,0.4,3,0,0
3403,0.4,3,0,0
3404,1.2000000000000002,0,1,1
3405,0.4,3,0,0
3406,1.2000000000000002,0,0,1
3407,1.2000000000000002,0,0,1
3408,0.4,3,0,0
3409,0.4,3,0,0
3410,1.2000000000000002,0,1,1
3411,2.0,0,1,1
3412,1.2000000000000002,0,0,1
3413,0.4,3,0,0
3414,1.2000000000000002,0,1,1
3415,1.2000000000000002,0,1,1
3416,1.2000000000000002,0,1,1
3417,0.4,3,0,1
3418,1.2000000000000002,0,1,1
3419,0.4,3,0,0
3420,1.2000000000000002,0,1,1
3421,1.2000000000000002,0,1,1
3422,0.4,3,0,0
3423,0.4,3,0,0
3424,1.2000000000000002,0,1,1
3425,0.4,3,0,0
3426,1.2000000000000002,0,1,1
3427,1.2000000000000002,0,1,1
3428,0.4,3,0,0
3429,1.2000000000000002,0,1,1
3430,1.2000000000000002,0,1,1
3431,1.2000000000000002,0,1,1
3432,2.0,0,1,1
3433,0.4,3,0,0
3434,0.4,3,0,0
3435,0.4,3,0,1
3436,0.4,3,0,0
3437,2.0,0,1,1
3438,2.0,0,1,1
3439,1.2000000000000002,0,0,1
3440,0.4,3,0,0
3441,0.4,3,0,0
3442,0.4,3,0,0
3443,1.2000000000000002,0,1,1
3444,0.4,3,0,0
3445,0.4,3,0,0
3446,2.0,0,0,1
3447,1.2000000000000002,0,1,1
3448,1.2000000000000002,0,1,1
3449,1.2000000000000002,0,1,1
3450,0.4,3,0,0
3451,1.2000000000000002,0,1,1
3452,0.4,3,0,0
3453,1.2000000000000002,0,1,1
3454,1.2000000000000002,0,1,1
3455,1.2000000000000002,0,1,1
3456,0.4,3,0,0
3457,1.2000000000000002,0,1,1
3458,1.2000000000000002,0,1,1
3459,1.2000000000000002,0,1,1
3460,1.2000000000000002,0,1,1
3461,1.2000000000000002,0,1,1
3462,2.0,0,1,1
3463,0.4,3,0,0
3464,2.0,0,1,1
3465,1.2000000000000002,0,1,1
3466,1.2000000000000002,0,1,0
3467,0.4,3,0,0
3468,0.4,3,0,0
3469,0.4,3,0,0
3470,1.2000000000000002,0,1,1
3471,0.4,3,0,1
3472,2.0,0,1,1
3473,1.2000000000000002,0,0,1
3474,0.4,3,0,0
3475,0.4,3,0,0
3476,2.0,0,1,1
3477,1.2000000000000002,0,1,1
3478,0.4,3,0,0
3479,0.4,3,0,0
3480,1.2000000000000002,0,0,0
3481,1.2000000000000002,0,1,1
3482,1.2000000000000002,0,1,1
3483,1.2000000000000002,0,1,1
3484,1.2000000000000002,0,0,1
3485,1.2000000000000002,0,1,0
3486,1.2000000000000002,0,1,1
3487,1.2000000000000002,0,1,1
3488,1.2000000000000002,0,1,1
3489,1.2000000000000002,0,1,1
3490,2.0,0,1,1
3491,1.2000000000000002,0,0,1
3492,0.4,3,0,0
3493,0.4,3,0,0
3494,0.4,3,0,0
3495,1.2000000000000002,0,1,1
3496,2.0,0,1,0
3497,2.0,0,1,1
3498,1.2000000000000002,0,1,1
3499,0.4,3,0,0
3500,1.2000000000000002,0,0,1
3501,1.2000000000000002,0,1,1
3502,2.0,0,0,1
3503,0.4,3,0,0
3504,1.2000000000000002,0,1,1
3505,0.4,3,0,0
3506,1.2000000000000002,0,1,0
3507,1.2000000000000002,0,1,0
3508,0.4,3,0,0
3509,0.4,3,0,0
3510,0.4,3,0,0
3511,1.2000000000000002,0,0,1
3512,1.2000000000000002,0,1,1
3513,2.0,0,1,1
3514,1.2000000000000002,0,1,1
3515,1.2000000000000002,0,0,1
3516,0.4,3,0,0
3517,0.4,3,0,0
3518,0.4,3,0,0
3519,0.4,3,0,0
3520,1.2000000000000002,0,1,1
3521,0.4,3,0,0
3522,2.0,0,1,0
3523,1.2000000000000002,0,1,0
3524,0.4,3,0,0
3525,0.4,3,0,0
3526,0.4,3,0,0
3527,0.4,3,0,0
3528,1.2000000000000002,0,1,0
3529,0.4,3,0,0
3530,1.2000000000000002,0,1,0
3531,1.2000000000000002,0,1,0
3532,1.2000000000000002,0,0,1
3533,1.2000000000000002,0,1,1
3534,0.4,3,0,0
3535,0.4,3,0,0
3536,1.2000000000000002,0,1,1
3537,0.4,3,0,0
3538,0.4,3,0,0
3539,1.2000000000000002,0,1,1
3540,0.4,3,0,0
3541,1.2000000000000002,0,1,1
3542,0.4,3,0,0
3543,2.0,0,1,1
3544,0.4,3,0,0
3545,2.0,0,1,1
3546,1.2000000000000002,0,1,0
3547,1.2000000000000002,0,1,1
3548,0.4,3,0,0
3549,0.4,3,0,0
3550,1.2000000000000002,0,1,1
3551,0.4,3,0,0
3552,0.4,3,0,0
3553,0.4,3,0,0
3554,0.4,3,0,0
3555,0.4,3,0,0
3556,0.4,3,0,0
3557,2.0,0,1,1
3558,1.2000000000000002,1,0,0
3559,2.0,0,1,1
3560,0.4,3,0,0
3561,1.2000000000000002,0,0,1
3562,1.2000000000000002,0,1,0
3563,0.4,3,0,1
3564,1.2000000000000002,0,1,1
3565,1.2000000000000002,0,1,1
3566,1.2000000000000002,0,1,1
3567,0.4,3,0,0
3568,1.2000000000000002,0,0,1
3569,0.4,3,0,0
3570,0.4,3,0,0
3571,1.2000000000000002,0,1,0
3572,1.2000000000000002,0,1,1
3573,0.4,3,0,0
3574,1.2000000000000002,0,1,1
3575,1.2000000000000002,0,1,1
3576,0.4,3,0,0
3577,0.4,3,0,0
3578,1.2000000000000002,0,1,1
3579,1.2000000000000002,0,1,1
3580,0.4,3,0,0
3581,1.2000000000000002,0,0,1
3582,1.2000000000000002,0,1,1
3583,1.2000000000000002,0,1,1
3584,1.2000000000000002,0,1,1
3585,1.2000000000000002,0,1,1
3586,0.4,3,0,0
3587,2.0,0,0,1
3588,0.4,3,0,0
3589,0.4,3,0,1
3590,0.4,3,0,0
3591,0.4,3,0,0
3592,1.2000000000000002,0,1,1
3593,0.4,3,0,0
3594,1.2000000000000002,0,1,1
3595,0.4,3,0,0
3596,0.4,3,0,0
3597,1.2000000000000002,0,1,1
3598,0.4,3,0,0
3599,2.0,0,1,1
3600,0.4,3,0,0
3601,1.2000000000000002,0,1,1
3602,1.2000000000000002,0,0,1
3603,1.2000000000000002,0,1,1
3604,0.4,3,0,0
3605,1.2000000000000002,1,0,0
3606,1.2000000000000002,0,1,1
3607,0.4,3,0,0
3608,0.4,3,0,0
3609,1.2000000000000002,0,0,1
3610,1.2000000000000002,0,1,1
3611,1.2000000000000002,0,1,1
3612,1.2000000000000002,0,1,1
3613,1.2000000000000002,0,1,1
3614,1.2000000000000002,0,1,1
3615,0.4,3,0,0
3616,1.2000000000000002,0,0,1
3617,0.4,3,0,0
3618,0.4,3,0,0
3619,0.4,3,0,0
3620,1.2000000000000002,0,1,1
3621,1.2000000000000002,0,1,1
3622,0.4,3,0,0
3623,0.4,3,0,0
3624,2.0,0,1,1
3625,0.4,3,0,0
3626,1.2000000000000002,0,1,1
3627,0.4,3,0,0
3628,0.4,3,0,0
3629,2.0,0,1,1
3630,2.0,0,1,1
3631,1.2000000000000002,0,1,1
3632,1.2000000000000002,0,1,0
3633,0.4,3,0,0
3634,1.2000000000000002,0,1,1
3635,0.4,3,0,0
3636,0.4,3,0,0
3637,0.4,3,0,0
3638,2.0,0,1,1
3639,0.4,3,0,0
3640,2.0,0,1,1
3641,0.4,3,0,0
3642,0.4,3,0,0
3643,0.4,3,0,0
3644,1.2000000000000002,0,0,1
3645,1.2000000000000002,0,1,1
3646,0.4,3,0,0
3647,2.0,0,1,1
3648,2.0,0,1,1
3649,1.2000000000000002,0,1,0
3650,1.2000000000000002,0,1,1
3651,1.2000000000000002,0,1,1
3652,0.4,3,0,0
3653,1.2000000000000002,0,0,1
3654,1.2000000000000002,0,1,1
3655,2.0,0,1,0
3656,0.4,3,0,0
3657,0.4,3,0,0
3658,2.0,0,1,1
3659,0.4,3,0,0
3660,0.4,3,0,0
3661,1.2000000000000002,0,1,0
3662,1.2000000000000002,0,0,1
3663,0.4,3,0,0
3664,1.2000000000000002,0,1,1
3665,1.2000000000000002,0,1,0
3666,1.2000000000000002,0,1,1
3667,1.2000000000000002,0,0,1
3668,1.2000000000000002,0,1,1
3669,0.4,3,0,0
3670,2.0,0,1,1
3671,1.2000000000000002,0,1,1
3672,1.2000000000000002,0,1,1
3673,0.4,3,0,0
3674,0.4,3,0,0
3675,0.4,3,0,0
3676,1.2000000000000002,0,1,1
3677,1.2000000000000002,0,1,1
3678,1.2000000000000002,0,1,1
3679,0.4,3,0,0
3680,0.4,3,0,0
3681,1.2000000000000002,0,0,1
3682,1.2000000000000002,0,1,1
3683,1.2000000000000002,0,1,0
3684,1.2000000000000002,0,1,1
3685,0.4,3,0,0
3686,0.4,3,0,0
3687,1.2000000000000002,0,1,1
3688,0.4,3,0,0
3689,1.2000000000000002,0,1,1
3690,1.2000000000000002,0,1,1
3691,0.4,3,0,0
3692,1.2000000000000002,0,1,1
3693,1.2000000000000002,0,1,1
3694,1.2000000000000002,0,1,1
3695,0.4,3,0,0
3696,1.2000000000000002,3,0,0
3697,1.2000000000000002,0,1,1
3698,0.4,3,0,0
3699,0.4,3,0,0
3700,0.4,3,0,0
3701,1.2000000000000002,0,1,1
3702,0.4,3,0,0
3703,2.0,0,1,1
3704,0.4,3,0,0
3705,2.0,0,1,0
3706,0.4,3,0,0
3707,1.2000000000000002,0,1,1
3708,1.2000000000000002,0,1,0
3709,0.4,3,0,0
3710,2.0,0,1,0
3711,1.2000000000000002,0,1,1
3712,1.2000000000000002,0,1,1
3713,0.4,3,0,0
3714,2.0,0,1,1
3715,0.4,3,0,0
3716,1.2000000000000002,0,1,1
3717,1.2000000000000002,0,1,1
3718,0.4,3,0,0
3719,1.2000000000000002,0,1,1
3720,0.4,3,0,0
3721,1.2000000000000002,0,1,1
3722,1.2000000000000002,0,1,1
3723,0.4,3,0,0
3724,1.2000000000000002,0,1,0
3725,1.2000000000000002,0,0,1
3726,0.4,3,0,0
3727,0.4,3,0,0
3728,0.4,3,0,1
3729,0.4,3,0,0
3730,2.0,0,1,1
3731,0.4,3,0,0
3732,2.0,0,1,1
3733,0.4,3,0,0
3734,1.2000000000000002,0,1,1
3735,2.0,0,1,1
3736,0.4,3,0,0
3737,0.4,3,0,0
3738,2.0,0,1,1
3739,2.0,0,1,1
3740,0.4,3,0,0
3741,1.2000000000000002,0,1,1
3742,1.2000000000000002,0,1,0
3743,1.2000000000000002,0,1,1
3744,1.2000000000000002,0,1,1
3745,1.2000000000000002,0,1,1
3746,1.2000000000000002,0,1,1
3747,2.0,0,1,1
3748,0.4,3,0,0
3749,1.2000000000000002,0,1,0
3750,1.2000000000000002,0,1,1
3751,1.2000000000000002,0,1,1
3752,1.2000000000000002,0,1,1
3753,2.0,0,1,1
3754,1.2000000000000002,0,1,0
3755,0.4,3,0,0
3756,1.2000000000000002,0,1,1
3757,1.2000000000000002,0,0,1
3758,1.2000000000000002,0,1,1
3759,0.4,3,0,0
3760,1.2000000000000002,0,1,1
3761,1.2000000000000002,1,0,1
3762,0.4,3,0,0
3763,2.0,0,1,0
3764,1.2000000000000002,0,1,0
3765,1.2000000000000002,0,0,0
3766,2.0,0,1,1
3767,0.4,3,0,0
3768,1.2000000000000002,0,1,0
3769,1.2000000000000002,0,1,1
3770,0.4,3,0,0
3771,1.2000000000000002,0,1,1
3772,0.4,3,0,0
3773,0.4,3,0,0
3774,0.4,3,0,0
3775,2.8,0,0,1
3776,0.4,3,0,0
3777,0.4,3,0,0
3778,1.2000000000000002,0,1,1
3779,0.4,3,0,0
3780,0.4,3,0,0
3781,1.2000000000000002,0,1,1
3782,1.2000000000000002,0,0,1
3783,1.2000000000000002,0,1,1
3784,1.2000000000000002,0,1,1
3785,1.2000000000000002,0,1,1
3786,1.2000000000000002,0,0,1
3787,0.4,3,0,0
3788,1.2000000000000002,0,1,1
3789,1.2000000000000002,0,0,1
3790,1.2000000000000002,0,0,1
3791,2.0,0,1,1
3792,1.2000000000000002,0,1,1
3793,1.2000000000000002,0,1,1
3794,6.800000000000001,0,1,1
3795,0.4,3,0,0
3796,0.4,3,0,0
3797,1.2000000000000002,0,1,1
3798,0.4,3,0,0
3799,0.4,3,0,0
3800,0.4,3,0,0
3801,1.2000000000000002,0,1,1
3802,0.4,3,0,0
3803,1.2000000000000002,0,1,0
3804,1.2000000000000002,0,1,0
3805,2.0,0,1,1
3806,2.0,0,1,1
3807,0.4,3,0,0
3808,1.2000000000000002,0,0,1
3809,2.0,0,1,1
3810,0.4,3,0,0
3811,0.4,3,0,1
3812,0.4,3,0,0
3813,1.2000000000000002,0,1,1
3814,0.4,3,0,0
3815,1.2000000000000002,0,1,1
3816,0.4,3,0,0
3817,1.2000000000000002,0,1,1
3818,0.4,3,0,0
3819,0.4,3,0,0
3820,0.4,3,0,0
3821,0.4,3,0,0
3822,0.4,3,0,0
3823,0.4,3,0,0
3824,0.4,3,0,0
3825,1.2000000000000002,0,1,1
3826,2.0,0,1,1
3827,0.4,3,0,0
3828,0.4,3,0,0
3829,0.4,3,0,0
3830,1.2000000000000002,0,1,1
3831,0.4,3,0,0
3832,1.2000000000000002,0,1,1
3833,0.4,3,0,0
3834,1.2000000000000002,0,1,1
3835,0.4,3,0,0
3836,2.0,0,0,1
3837,1.2000000000000002,0,1,1
3838,0.4,3,0,0
3839,0.4,3,0,0
3840,0.4,3,0,0
3841,1.2000000000000002,0,1,1
3842,1.2000000000000002,0,1,1
3843,0.4,3,0,0
3844,0.4,3,0,0
3845,0.4,3,0,0
3846,1.2000000000000002,0,1,0
3847,1.2000000000000002,0,1,1
3848,0.4,3,0,0
3849,0.4,3,0,0
3850,0.4,3,0,0
3851,0.4,3,0,0
3852,1.2000000000000002,0,1,1
3853,1.2000000000000002,0,1,1
3854,0.4,3,0,0
3855,0.4,3,0,0
3856,2.0,0,1,1
3857,1.2000000000000002,0,0,1
3858,0.4,3,0,0
3859,0.4,3,0,0
3860,0.4,3,0,0
3861,0.4,3,0,1
3862,0.4,3,0,0
3863,1.2000000000000002,0,1,1
3864,1.2000000000000002,0,1,1
3865,0.4,3,0,0
3866,1.2000000000000002,0,1,1
3867,0.4,3,0,0
3868,0.4,3,0,0
3869,0.4,3,0,0
3870,1.2000000000000002,0,1,1
3871,0.4,3,0,0
3872,1.2000000000000002,0,1,1
3873,1.2000000000000002,0,1,1
3874,1.2000000000000002,0,1,1
3875,1.2000000000000002,0,1,1
3876,1.2000000000000002,0,1,1
3877,2.0,0,1,0
3878,0.4,3,0,0
3879,2.0,0,0,1
3880,0.4,3,0,0
3881,2.0,0,1,1
3882,0.4,3,0,0
3883,1.2000000000000002,0,1,1
3884,1.2000000000000002,0,1,1
3885,1.2000000000000002,0,1,1
3886,1.2000000000000002,0,1,1
3887,1.2000000000000002,0,1,1
3888,1.2000000000000002,0,1,1
3889,2.0,0,0,1
3890,1.2000000000000002,0,1,0
3891,1.2000000000000002,0,1,1
3892,1.2000000000000002,0,1,1
3893,0.4,3,0,0
3894,1.2000000000000002,0,1,1
3895,1.2000000000000002,0,1,1
3896,0.4,3,0,0
3897,1.2000000000000002,0,1,1
3898,1.2000000000000002,0,1,1
3899,1.2000000000000002,0,1,1
3900,2.0,0,1,1
3901,1.2000000000000002,0,1,1
3902,0.4,3,0,0
3903,0.4,3,0,0
3904,0.4,3,0,0
3905,0.4,3,0,0
3906,0.4,3,0,0
3907,0.4,3,0,0
3908,1.2000000000000002,0,1,1
3909,0.4,3,0,0
3910,0.4,3,0,0
3911,1.2000000000000002,0,1,1
3912,1.2000000000000002,0,1,1
3913,0.4,3,0,0
3914,1.2000000000000002,0,1,1
3915,0.4,3,0,0
3916,0.4,3,0,0
3917,0.4,3,0,0
3918,1.2000000000000002,0,1,0
3919,0.4,3,0,0
3920,1.2000000000000002,0,1,1
3921,0.4,3,0,0
3922,1.2000000000000002,0,0,1
3923,1.2000000000000002,0,1,1
3924,0.4,3,0,0
3925,1.2000000000000002,0,1,1
3926,1.2000000000000002,0,1,1
3927,1.2000000000000002,0,1,1
3928,2.0,0,1,1
3929,0.4,3,0,0
3930,0.4,3,0,0
3931,1.2000000000000002,0,1,1
3932,0.4,3,0,0
3933,2.0,0,1,1
3934,0.4,3,0,0
3935,1.2000000000000002,0,0,1
3936,0.4,3,0,0
3937,0.4,3,0,0
3938,0.4,3,0,0
3939,0.4,3,0,1
3940,1.2000000000000002,0,1,1
3941,0.4,3,0,0
3942,1.2000000000000002,0,0,1
3943,1.2000000000000002,0,1,1
3944,0.4,3,0,0
3945,1.2000000000000002,0,0,1
3946,1.2000000000000002,0,1,1
3947,2.0,0,1,1
3948,0.4,3,0,0
3949,1.2000000000000002,0,0,1
3950,0.4,3,0,0
3951,1.2000000000000002,0,1,1
3952,0.4,3,0,0
3953,1.2000000000000002,0,1,1
3954,1.2000000000000002,0,1,1
3955,1.2000000000000002,0,1,1
3956,1.2000000000000002,0,1,1
3957,1.2000000000000002,0,1,1
3958,1.2000000000000002,0,1,0
3959,0.4,3,0,0
3960,0.4,3,0,0
3961,0.4,3,0,0
3962,0.4,3,0,0
3963,0.4,3,0,0
3964,1.2000000000000002,0,1,1
3965,0.4,3,0,0
3966,0.4,3,0,0
3967,1.2000000000000002,0,1,1
3968,0.4,3,0,0
3969,1.2000000000000002,0,1,0
3970,1.2000000000000002,0,1,1
3971,1.2000000000000002,0,1,1
3972,0.4,3,0,1
3973,1.2000000000000002,0,1,1
3974,1.2000000000000002,0,1,1
3975,1.2000000000000002,0,1,1
3976,1.2000000000000002,0,1,0
3977,1.2000000000000002,0,1,1
3978,0.4,3,0,0
3979,0.4,3,0,0
3980,0.4,3,0,1
3981,0.4,3,0,0
3982,1.2000000000000002,0,1,1
3983,1.2000000000000002,0,1,0
3984,0.4,3,0,0
3985,1.2000000000000002,0,1,1
3986,0.4,3,0,0
3987,2.0,0,1,1
3988,0.4,3,0,0
3989,1.2000000000000002,0,1,1
3990,1.2000000000000002,0,1,1
3991,1.2000000000000002,0,1,1
3992,1.2000000000000002,0,1,1
3993,0.4,3,0,0
3994,0.4,3,0,0
3995,2.0,0,1,1
3996,0.4,3,0,0
3997,0.4,3,0,0
3998,1.2000000000000002,0,1,1
3999,0.4,3,0,0
4000,1.2000000000000002,0,0,1
4001,2.0,0,1,1
4002,2.0,0,1,1
4003,1.2000000000000002,0,1,1
4004,1.2000000000000002,0,1,1
4005,1.2000000000000002,1,0,0
4006,0.4,3,0,0
4007,2.0,0,1,1
4008,1.2000000000000002,0,1,1
4009,0.4,3,0,0
4010,1.2000000000000002,0,1,1
4011,0.4,3,0,0
4012,0.4,3,0,0
4013,0.4,3,0,0
4014,1.2000000000000002,0,1,1
4015,1.2000000000000002,0,1,1
4016,2.0,0,1,1
4017,0.4,3,0,0
4018,1.2000000000000002,0,1,1
4019,0.4,3,0,0
4020,1.2000000000000002,0,1,1
4021,1.2000000000000002,0,1,1
4022,1.2000000000000002,0,0,0
4023,0.4,3,0,0
4024,1.2000000000000002,0,1,1
4025,0.4,3,0,0
4026,1.2000000000000002,0,1,1
4027,1.2000000000000002,0,1,1
4028,1.2000000000000002,0,1,1
4029,0.4,3,0,0
4030,0.4,3,0,0
4031,1.2000000000000002,0,1,1
4032,1.2000000000000002,0,1,1
4033,1.2000000000000002,0,1,1
4034,1.2000000000000002,0,1,1
4035,0.4,3,0,0
4036,0.4,3,0,0
4037,0.4,3,0,0
4038,0.4,3,0,0
4039,0.4,3,0,0
4040,2.0,0,1,0
4041,0.4,3,0,0
4042,0.4,3,0,0
4043,0.4,3,0,0
4044,0.4,3,0,0
4045,1.2000000000000002,0,1,1
4046,1.2000000000000002,0,1,1
4047,0.4,3,0,0
4048,0.4,3,0,0
4049,1.2000000000000002,0,1,1
4050,0.4,3,0,0
4051,1.2000000000000002,0,1,1
4052,1.2000000000000002,0,1,1
4053,1.2000000000000002,0,1,1
4054,1.2000000000000002,0,1,1
4055,1.2000000000000002,0,1,1
4056,1.2000000000000002,0,1,1
4057,0.4,3,0,0
4058,0.4,3,0,0
4059,1.2000000000000002,0,1,1
4060,1.2000000000000002,0,1,1
4061,1.2000000000000002,0,1,1
4062,1.2000000000000002,0,1,0
4063,0.4,3,0,0
4064,0.4,3,0,0
4065,1.2000000000000002,0,1,1
4066,0.4,3,0,0
4067,1.2000000000000002,0,0,1
4068,1.2000000000000002,0,1,1
4069,1.2000000000000002,0,1,1
4070,0.4,3,0,0
4071,0.4,3,0,0
4072,0.4,3,0,0
4073,0.4,3,0,0
4074,1.2000000000000002,0,1,1
4075,0.4,3,0,0
4076,1.2000000000000002,0,0,1
4077,0.4,3,0,0
4078,0.4,3,0,0
4079,0.4,3,0,0
4080,1.2000000000000002,0,1,1
4081,0.4,3,0,0
4082,0.4,3,0,0
4083,1.2000000000000002,0,1,0
4084,0.4,3,0,0
4085,0.4,3,0,0
4086,1.2000000000000002,0,1,1
4087,1.2000000000000002,0,1,1
4088,0.4,3,0,0
4089,0.4,3,0,0
4090,1.2000000000000002,0,1,1
4091,0.4,3,0,0
4092,1.2000000000000002,0,0,1
4093,1.2000000000000002,0,1,1
4094,1.2000000000000002,3,0,0
4095,1.2000000000000002,3,0,0
4096,1.2000000000000002,0,1,1
4097,0.4,3,0,0
4098,0.4,3,0,0
4099,1.2000000000000002,0,1,1
4100,1.2000000000000002,0,1,1
4101,0.4,3,0,0
4102,0.4,3,0,0
4103,1.2000000000000002,0,0,1
4104,1.2000000000000002,0,1,1
4105,1.2000000000000002,0,0,1
4106,1.2000000000000002,0,0,0
4107,0.4,3,0,0
4108,1.2000000000000002,0,1,1
4109,1.2000000000000002,0,1,1
4110,1.2000000000000002,0,0,1
4111,2.0,0,1,1
4112,0.4,3,0,0
4113,0.4,3,0,0
4114,0.4,3,0,0
4115,1.2000000000000002,0,1,1
4116,0.4,3,0,0
4117,1.2000000000000002,0,1,1
4118,2.0,0,1,1
4119,1.2000000000000002,0,1,1
4120,1.2000000000000002,0,0,1
4121,0.4,3,0,0
4122,0.4,3,0,0
4123,1.2000000000000002,0,1,1
4124,0.4,3,0,0
4125,0.4,3,0,0
4126,1.2000000000000002,0,1,1
4127,0.4,3,0,0
4128,1.2000000000000002,0,0,0
4129,1.2000000000000002,0,1,1
4130,0.4,3,0,0
4131,0.4,3,0,0
4132,0.4,3,0,0
4133,2.0,0,0,1
4134,1.2000000000000002,0,1,1
4135,2.0,0,1,1
4136,0.4,3,0,0
4137,0.4,3,0,0
4138,1.2000000000000002,0,1,1
4139,1.2000000000000002,0,1,1
4140,0.4,3,0,0
4141,1.2000000000000002,0,1,1
4142,1.2000000000000002,0,1,1
4143,0.4,3,0,0
4144,1.2000000000000002,0,0,1
4145,0.4,3,0,0
4146,1.2000000000000002,0,1,1
4147,2.0,0,1,1
4148,2.0,0,1,1
4149,0.4,3,0,0
4150,1.2000000000000002,0,1,0
4151,0.4,3,0,0
4152,0.4,3,0,0
4153,1.2000000000000002,0,1,1
4154,1.2000000000000002,0,0,1
4155,0.4,3,0,0
4156,1.2000000000000002,0,1,1
4157,2.0,0,0,1
4158,0.4,3,0,0
4159,2.0,0,1,1
4160,0.4,3,0,0
4161,1.2000000000000002,0,1,1
4162,1.2000000000000002,0,0,1
4163,1.2000000000000002,0,1,1
4164,1.2000000000000002,0,1,1
4165,2.0,0,1,0
4166,0.4,3,0,0
4167,0.4,3,0,0
4168,1.2000000000000002,0,1,1
4169,2.0,0,1,1
4170,1.2000000000000002,0,1,0
4171,2.0,0,1,0
4172,0.4,3,0,0
4173,0.4,3,0,0
4174,1.2000000000000002,0,1,1
4175,1.2000000000000002,0,1,1
4176,0.4,3,0,0
4177,0.4,3,0,0
4178,0.4,3,0,0
4179,1.2000000000000002,0,1,1
4180,0.4,3,0,0
4181,0.4,3,0,0
4182,1.2000000000000002,0,1,1
4183,1.2000000000000002,0,1,1
4184,1.2000000000000002,0,1,0
4185,1.2000000000000002,0,1,1
4186,1.2000000000000002,0,1,1
4187,0.4,3,0,0
4188,0.4,3,0,0
4189,1.2000000000000002,0,1,1
4190,2.8,2,0,0
4191,1.2000000000000002,0,1,1
4192,0.4,3,0,0
4193,0.4,3,0,0
4194,2.0,0,1,1
4195,1.2000000000000002,0,1,1
4196,0.4,3,0,0
4197,1.2000000000000002,0,1,1
4198,2.0,0,1,1
4199,1.2000000000000002,0,1,1
4200,1.2000000000000002,0,1,1
4201,0.4,3,0,0
4202,1.2000000000000002,0,1,1
4203,1.2000000000000002,0,1,1
4204,0.4,3,0,0
4205,0.4,3,0,0
4206,0.4,3,0,0
4207,0.4,3,0,0
4208,2.0,0,0,1
4209,1.2000000000000002,0,1,1
4210,0.4,3,0,0
4211,2.0,0,1,1
4212,0.4,3,0,0
4213,1.2000000000000002,0,1,0
4214,1.2000000000000002,0,1,1
4215,0.4,3,0,0
4216,1.2000000000000002,0,0,1
4217,0.4,3,0,0
4218,1.2000000000000002,0,1,1
4219,2.0,0,1,1
4220,0.4,3,0,0
4221,0.4,3,0,0
4222,1.2000000000000002,0,1,1
4223,0.4,3,0,0
4224,1.2000000000000002,0,1,0
4225,0.4,3,0,0
4226,1.2000000000000002,0,1,1
4227,1.2000000000000002,0,1,0
4228,1.2000000000000002,0,1,0
4229,1.2000000000000002,0,1,1
4230,0.4,3,0,0
4231,0.4,3,0,0
4232,0.4,3,0,0
4233,1.2000000000000002,0,1,1
4234,1.2000000000000002,0,1,1
4235,0.4,3,0,0
4236,2.0,0,1,1
4237,2.0,0,1,1
4238,1.2000000000000002,0,0,1
4239,0.4,3,0,0
4240,0.4,3,0,0
4241,1.2000000000000002,0,1,1
4242,1.2000000000000002,0,1,1
4243,0.4,3,0,0
4244,1.2000000000000002,0,1,0
4245,0.4,3,0,0
4246,1.2000000000000002,0,1,1
4247,0.4,3,0,0
4248,1.2000000000000002,0,1,1
4249,2.0,0,1,0
4250,1.2000000000000002,0,1,1
4251,0.4,3,0,0
4252,1.2000000000000002,0,1,1
4253,2.0,0,1,1
4254,0.4,3,0,0
4255,1.2000000000000002,0,0,1
4256,0.4,3,0,0
4257,0.4,3,0,0
4258,0.4,3,0,1
4259,1.2000000000000002,0,1,1
4260,1.2000000000000002,0,1,0
4261,1.2000000000000002,0,1,1
4262,1.2000000000000002,0,0,1
4263,0.4,3,0,0
4264,1.2000000000000002,0,1,1
4265,0.4,3,0,0
4266,2.0,0,1,1
4267,0.4,3,0,0
4268,1.2000000000000002,0,1,1
4269,1.2000000000000002,0,1,1
4270,1.2000000000000002,0,1,1
4271,0.4,3,0,0
4272,0.4,3,0,0
4273,1.2000000000000002,0,1,1
4274,0.4,3,0,0
4275,1.2000000000000002,0,0,1
4276,0.4,3,0,0
4277,1.2000000000000002,3,0,1
4278,0.4,3,0,0
4279,0.4,3,0,0
4280,1.2000000000000002,0,1,1
4281,0.4,3,0,0
4282,1.2000000000000002,0,1,1
4283,0.4,3,0,0
4284,0.4,3,0,0
4285,1.2000000000000002,0,1,1
4286,1.2000000000000002,0,1,1
4287,0.4,3,0,0
4288,0.4,3,0,0
4289,1.2000000000000002,0,1,1
4290,0.4,3,0,0
4291,0.4,3,0,0
4292,0.4,3,0,0
4293,1.2000000000000002,0,1,1
4294,2.8,0,1,1
4295,0.4,3,0,0
4296,2.0,0,1,1
4297,0.4,3,0,0
4298,1.2000000000000002,0,1,1
4299,0.4,3,0,0
4300,1.2000000000000002,0,0,1
4301,0.4,3,0,0
4302,1.2000000000000002,0,1,1
4303,2.0,0,1,1
4304,1.2000000000000002,0,1,1
4305,0.4,3,0,0
4306,1.2000000000000002,0,1,1
4307,1.2000000000000002,0,1,0
4308,0.4,3,0,1
4309,1.2000000000000002,0,1,1
4310,1.2000000000000002,0,1,1
4311,1.2000000000000002,0,1,1
4312,2.0,0,1,1
4313,0.4,3,0,1
4314,0.4,3,0,1
4315,0.4,3,0,0
4316,1.2000000000000002,0,1,1
4317,1.2000000000000002,0,1,1
4318,1.2000000000000002,0,1,0
4319,0.4,3,0,0
4320,1.2000000000000002,0,1,1
4321,1.2000000000000002,0,0,1
4322,0.4,3,0,0
4323,0.4,3,0,0
4324,1.2000000000000002,0,1,1
4325,0.4,3,0,0
4326,0.4,3,0,0
4327,0.4,3,0,0
4328,0.4,3,0,0
4329,0.4,3,0,0
4330,1.2000000000000002,0,1,1
4331,0.4,3,0,0
4332,1.2000000000000002,0,1,0
4333,0.4,3,0,0
4334,1.2000000000000002,0,1,1
4335,2.0,0,1,0
4336,1.2000000000000002,0,1,1
4337,2.0,0,0,1
4338,0.4,3,0,0
4339,0.4,3,0,0
4340,0.4,3,0,0
4341,1.2000000000000002,0,1,1
4342,1.2000000000000002,0,0,1
4343,1.2000000000000002,3,0,0
4344,1.2000000000000002,0,1,1
4345,1.2000000000000002,0,1,1
4346,1.2000000000000002,0,1,1
4347,1.2000000000000002,0,0,1
4348,0.4,3,0,0
4349,1.2000000000000002,0,1,1
4350,0.4,3,0,0
4351,0.4,3,0,0
4352,1.2000000000000002,0,1,1
4353,1.2000000000000002,0,1,1
4354,1.2000000000000002,0,1,1
4355,1.2000000000000002,0,1,1
4356,0.4,3,0,0
4357,0.4,3,0,0
4358,1.2000000000000002,0,1,1
4359,0.4,3,0,0
4360,1.2000000000000002,0,1,1
4361,1.2000000000000002,0,1,1
4362,1.2000000000000002,0,0,0
4363,0.4,3,0,0
4364,0.4,3,0,0
4365,1.2000000000000002,0,1,0
4366,1.2000000000000002,0,1,1
4367,1.2000000000000002,0,1,1
4368,1.2000000000000002,0,1,1
4369,0.4,3,0,0
4370,1.2000000000000002,0,1,1
4371,2.0,0,1,1
4372,2.0,0,0,1
4373,0.4,3,0,0
4374,0.4,3,0,0
4375,1.2000000000000002,0,1,1
4376,1.2000000000000002,0,1,1
4377,1.2000000000000002,0,1,1
4378,0.4,3,0,0
4379,0.4,3,0,0
4380,1.2000000000000002,0,1,1
4381,1.2000000000000002,0,1,1
4382,1.2000000000000002,0,1,1
4383,1.2000000000000002,0,1,1
4384,0.4,3,0,0
4385,0.4,3,0,0
4386,1.2000000000000002,0,1,0
4387,0.4,3,0,0
4388,1.2000000000000002,0,0,1
4389,1.2000000000000002,0,1,1
4390,2.0,0,1,1
4391,1.2000000000000002,2,0,0
4392,0.4,3,0,0
4393,0.4,3,0,0
4394,1.2000000000000002,0,0,1
4395,0.4,3,0,0
4396,0.4,3,0,0
4397,1.2000000000000002,0,1,1
4398,1.2000000000000002,0,1,1
4399,0.4,3,0,0
4400,0.4,3,0,1
4401,0.4,3,0,0
4402,1.2000000000000002,2,0,0
4403,2.0,0,1,1
4404,0.4,3,0,0
4405,2.0,0,0,1
4406,1.2000000000000002,0,1,1
4407,1.2000000000000002,0,1,1
4408,1.2000000000000002,0,0,1
4409,2.0,0,1,1
4410,1.2000000000000002,0,1,0
4411,1.2000000000000002,0,1,0
4412,1.2000000000000002,0,1,1
4413,1.2000000000000002,0,1,1
4414,0.4,3,0,0
4415,2.0,0,0,1
4416,0.4,3,0,0
4417,0.4,3,0,0
4418,1.2000000000000002,0,1,1
4419,0.4,3,0,0
4420,2.0,0,1,1
4421,1.2000000000000002,0,1,1
4422,1.2000000000000002,0,1,1
4423,0.4,3,0,0
4424,1.2000000000000002,0,1,1
4425,1.2000000000000002,0,1,1
4426,1.2000000000000002,0,0,1
4427,0.4,3,0,0
4428,1.2000000000000002,0,1,1
4429,0.4,3,0,0
4430,1.2000000000000002,0,1,1
4431,1.2000000000000002,0,1,1
4432,0.4,3,0,0
4433,0.4,3,0,0
4434,0.4,3,0,0
4435,1.2000000000000002,0,0,1
4436,2.0,0,0,1
4437,1.2000000000000002,0,1,1
4438,0.4,3,0,0
4439,0.4,3,0,0
4440,0.4,3,0,0
4441,0.4,3,0,0
4442,1.2000000000000002,0,1,1
4443,0.4,3,0,0
4444,0.4,3,0,0
4445,1.2000000000000002,0,0,1
4446,2.0,0,1,1
4447,1.2000000000000002,0,1,1
4448,0.4,3,0,0
4449,1.2000000000000002,0,1,1
4450,0.4,3,0,0
4451,0.4,3,0,0
4452,0.4,3,0,0
4453,0.4,3,0,0
4454,0.4,3,0,0
4455,1.2000000000000002,0,1,1
4456,0.4,3,0,0
4457,0.4,3,0,0
4458,0.4,3,0,0
4459,1.2000000000000002,1,1,1
4460,1.2000000000000002,0,1,1
4461,0.4,3,0,0
4462,1.2000000000000002,0,1,1
4463,1.2000000000000002,0,1,1
4464,1.2000000000000002,0,1,0
4465,2.0,0,1,1
4466,1.2000000000000002,0,1,1
4467,0.4,3,0,0
4468,0.4,3,0,0
4469,0.4,3,0,0
4470,1.2000000000000002,0,1,1
4471,0.4,3,0,0
4472,0.4,3,0,0
4473,1.2000000000000002,0,1,1
4474,1.2000000000000002,0,1,1
4475,0.4,3,0,0
4476,1.2000000000000002,0,1,0
4477,0.4,3,0,0
4478,0.4,3,0,0
4479,0.4,3,0,0
4480,2.0,0,1,1
4481,1.2000000000000002,0,0,1
4482,1.2000000000000002,0,1,1
4483,1.2000000000000002,0,1,1
4484,0.4,3,0,0
4485,1.2000000000000002,0,1,1
4486,1.2000000000000002,0,1,0
4487,1.2000000000000002,0,1,0
4488,0.4,3,0,0
4489,0.4,3,0,0
4490,1.2000000000000002,0,1,0
4491,1.2000000000000002,0,1,1
4492,1.2000000000000002,0,1,1
4493,1.2000000000000002,0,1,1
4494,1.2000000000000002,0,1,1
4495,0.4,3,0,0
4496,1.2000000000000002,0,1,1
4497,0.4,3,0,0
4498,0.4,3,0,0
4499,2.0,0,1,1
4500,1.2000000000000002,3,0,0
4501,1.2000000000000002,0,1,1
4502,0.4,3,0,0
4503,0.4,3,0,0
4504,0.4,3,0,0
4505,1.2000000000000002,0,1,1
4506,2.0,0,1,1
4507,1.2000000000000002,0,1,1
4508,1.2000000000000002,0,1,1
4509,1.2000000000000002,0,1,1
4510,0.4,3,0,0
4511,1.2000000000000002,0,0,0
4512,0.4,3,0,0
4513,1.2000000000000002,0,1,1
4514,0.4,3,0,0
4515,1.2000000000000002,0,1,1
4516,1.2000000000000002,0,1,1
4517,0.4,3,0,0
4518,1.2000000000000002,0,1,1
4519,0.4,3,0,0
4520,0.4,3,0,0
4521,2.0,0,1,0
4522,1.2000000000000002,0,1,1
4523,1.2000000000000002,0,1,1
4524,1.2000000000000002,0,1,0
4525,0.4,3,0,0
4526,1.2000000000000002,0,1,1
4527,0.4,3,0,0
4528,0.4,3,0,0
4529,0.4,3,0,0
4530,2.0,0,1,1
4531,1.2000000000000002,0,1,1
4532,2.0,0,1,1
4533,0.4,3,0,0
4534,1.2000000000000002,0,1,1
4535,0.4,3,0,1
4536,1.2000000000000002,3,0,0
4537,1.2000000000000002,3,0,0
4538,1.2000000000000002,0,1,0
4539,0.4,3,0,0
4540,1.2000000000000002,0,1,1
4541,1.2000000000000002,0,1,1
4542,2.0,0,1,1
4543,0.4,3,0,0
4544,0.4,3,0,0
4545,1.2000000000000002,0,0,1
4546,1.2000000000000002,0,1,0
4547,0.4,3,0,0
4548,1.2000000000000002,0,1,1
4549,0.4,3,0,0
4550,0.4,3,0,0
4551,0.4,3,0,0
4552,1.2000000000000002,0,1,1
4553,2.0,0,1,0
4554,0.4,3,0,0
4555,0.4,3,0,0
4556,0.4,3,0,1
4557,0.4,3,0,0
4558,1.2000000000000002,0,1,1
4559,1.2000000000000002,0,1,1
4560,0.4,3,0,0
4561,1.2000000000000002,0,1,1
4562,1.2000000000000002,0,1,1
4563,0.4,3,0,0
4564,1.2000000000000002,0,0,1
4565,0.4,3,0,0
4566,1.2000000000000002,0,1,1
4567,1.2000000000000002,0,1,1
4568,0.4,3,0,0
4569,1.2000000000000002,0,1,1
4570,1.2000000000000002,0,1,1
4571,1.2000000000000002,0,1,0
4572,1.2000000000000002,0,1,1
4573,1.2000000000000002,0,1,0
4574,1.2000000000000002,0,0,1
4575,2.0,0,1,0
4576,2.0,0,1,1
4577,1.2000000000000002,0,1,1
4578,2.0,0,1,0
4579,0.4,3,0,0
4580,2.0,0,1,1
4581,0.4,3,0,0
4582,1.2000000000000002,0,1,1
4583,0.4,3,0,0
4584,0.4,3,0,0
4585,1.2000000000000002,0,1,1
4586,2.0,0,1,1
4587,0.4,3,0,0
4588,1.2000000000000002,0,1,1
4589,1.2000000000000002,0,1,1
4590,0.4,3,0,0
4591,0.4,3,0,0
4592,0.4,3,0,0
4593,1.2000000000000002,2,0,0
4594,0.4,3,0,0
4595,2.0,0,0,1
4596,0.4,3,0,0
4597,2.0,0,1,1
4598,0.4,3,0,0
4599,0.4,3,0,0
4600,0.4,3,0,0
4601,1.2000000000000002,0,1,1
4602,1.2000000000000002,0,1,1
4603,1.2000000000000002,0,1,1
4604,1.2000000000000002,0,1,1
4605,2.0,0,1,1
4606,1.2000000000000002,0,1,1
4607,2.8,0,1,1
4608,0.4,3,0,0
4609,1.2000000000000002,0,1,1
4610,0.4,3,0,0
4611,1.2000000000000002,0,1,1
4612,1.2000000000000002,0,1,1
4613,1.2000000000000002,0,1,1
4614,1.2000000000000002,0,1,1
4615,0.4,3,0,0
4616,1.2000000000000002,0,0,1
4617,0.4,3,0,1
4618,1.2000000000000002,0,1,1
4619,0.4,3,0,0
4620,0.4,3,0,1
4621,1.2000000000000002,0,1,1
4622,0.4,3,0,0
4623,1.2000000000000002,0,1,1
4624,0.4,3,0,0
4625,0.4,3,0,0
4626,1.2000000000000002,0,1,1
4627,2.8,0,1,1
4628,1.2000000000000002,0,0,1
4629,0.4,3,0,0
4630,0.4,3,0,1
4631,1.2000000000000002,0,1,1
4632,1.2000000000000002,0,1,1
4633,1.2000000000000002,0,1,1
4634,1.2000000000000002,0,1,1
4635,1.2000000000000002,0,1,1
4636,2.0,0,1,0
4637,0.4,3,0,0
4638,0.4,3,0,0
4639,1.2000000000000002,2,0,0
4640,1.2000000000000002,0,1,1
4641,1.2000000000000002,0,1,1
4642,1.2000000000000002,0,1,1
4643,1.2000000000000002,0,1,1
4644,2.0,0,1,1
4645,2.0,0,1,1
4646,0.4,3,0,0
4647,1.2000000000000002,0,1,1
4648,0.4,3,0,0
4649,2.0,0,1,1
4650,2.0,0,1,1
4651,0.4,3,0,0
4652,1.2000000000000002,0,0,1
4653,0.4,3,0,0
4654,1.2000000000000002,0,0,1
4655,1.2000000000000002,1,0,0
4656,0.4,3,0,0
4657,2.8,3,0,0
4658,1.2000000000000002,0,1,1
4659,0.4,3,0,0
4660,0.4,3,0,0
4661,1.2000000000000002,0,1,1
4662,1.2000000000000002,0,0,1
4663,0.4,3,0,0
4664,0.4,3,0,0
4665,2.0,0,0,1
4666,0.4,3,0,0
4667,1.2000000000000002,0,1,0
4668,1.2000000000000002,0,0,1
4669,1.2000000000000002,0,1,1
4670,1.2000000000000002,0,1,1
4671,0.4,3,0,0
4672,0.4,3,0,0
4673,0.4,3,0,0
4674,0.4,3,0,0
4675,1.2000000000000002,0,1,1
4676,0.4,3,0,0
4677,0.4,3,0,0
4678,1.2000000000000002,0,1,1
4679,0.4,3,0,0
4680,1.2000000000000002,0,1,1
4681,0.4,3,0,1
4682,1.2000000000000002,0,1,1
4683,1.2000000000000002,0,1,1
4684,0.4,3,0,0
4685,2.0,0,1,1
4686,0.4,3,0,0
4687,1.2000000000000002,0,1,1
4688,1.2000000000000002,0,1,1
4689,0.4,3,0,0
4690,1.2000000000000002,0,1,0
4691,1.2000000000000002,0,1,1
4692,1.2000000000000002,0,1,1
4693,1.2000000000000002,3,0,0
4694,2.0,0,1,1
4695,1.2000000000000002,0,1,1
4696,1.2000000000000002,0,1,1
4697,1.2000000000000002,0,1,1
4698,1.2000000000000002,0,1,1
4699,0.4,3,0,0
4700,1.2000000000000002,0,1,1
4701,1.2000000000000002,0,1,1
4702,0.4,3,0,0
4703,0.4,3,0,0
4704,0.4,3,0,0
4705,1.2000000000000002,0,1,0
4706,1.2000000000000002,0,0,1
4707,0.4,3,0,0
4708,0.4,3,0,0
4709,0.4,3,0,0
4710,0.4,3,0,0
4711,1.2000000000000002,0,0,1
4712,1.2000000000000002,0,1,1
4713,1.2000000000000002,0,1,1
4714,0.4,3,0,0
4715,0.4,3,0,0
4716,0.4,3,0,0
4717,0.4,3,0,0
4718,1.2000000000000002,0,1,1
4719,0.4,3,0,0
4720,0.4,3,0,0
4721,0.4,3,0,0
4722,1.2000000000000002,0,1,1
4723,1.2000000000000002,0,0,1
4724,1.2000000000000002,0,1,1
4725,1.2000000000000002,0,1,1
4726,1.2000000000000002,0,1,1
4727,1.2000000000000002,0,1,1
4728,1.2000000000000002,0,1,1
4729,1.2000000000000002,0,1,1
4730,1.2000000000000002,0,0,1
4731,1.2000000000000002,0,0,1
4732,0.4,3,0,0
4733,1.2000000000000002,0,1,1
4734,0.4,3,0,0
4735,0.4,3,0,0
4736,1.2000000000000002,0,0,1
4737,0.4,3,0,0
4738,1.2000000000000002,0,1,1
4739,1.2000000000000002,0,1,0
4740,0.4,3,0,0
4741,1.2000000000000002,0,1,1
4742,0.4,3,0,0
4743,0.4,3,0,0
4744,1.2000000000000002,2,0,1
4745,1.2000000000000002,0,1,1
4746,0.4,3,0,0
4747,2.0,0,1,1
4748,2.0,0,1,1
4749,0.4,3,0,0
4750,1.2000000000000002,0,1,0
4751,0.4,3,0,0
4752,2.0,0,1,1
4753,1.2000000000000002,0,1,0
4754,0.4,3,0,0
4755,0.4,3,0,0
4756,1.2000000000000002,0,1,1
4757,1.2000000000000002,0,1,1
4758,0.4,3,0,0
4759,1.2000000000000002,0,1,1
4760,0.4,3,0,0
4761,0.4,3,0,0
4762,1.2000000000000002,0,1,1
4763,0.4,3,0,0
4764,0.4,3,0,0
4765,2.0,0,1,1
4766,1.2000000000000002,0,1,1
4767,1.2000000000000002,0,0,1
4768,1.2000000000000002,0,1,1
4769,1.2000000000000002,0,0,1
4770,1.2000000000000002,0,1,1
4771,1.2000000000000002,0,1,1
4772,1.2000000000000002,0,1,1
4773,2.8,0,1,1
4774,0.4,3,0,0
4775,1.2000000000000002,0,1,1
4776,0.4,3,0,0
4777,2.0,0,1,1
4778,1.2000000000000002,0,1,1
4779,0.4,3,0,0
4780,0.4,3,0,0
4781,1.2000000000000002,0,1,1
4782,1.2000000000000002,2,0,0
4783,0.4,3,0,0
4784,2.0,0,0,0
4785,0.4,3,0,0
4786,0.4,3,0,0
4787,1.2000000000000002,0,1,1
4788,1.2000000000000002,0,0,1
4789,0.4,3,0,0
4790,1.2000000000000002,0,1,1
4791,0.4,3,0,0
4792,0.4,3,0,0
4793,1.2000000000000002,0,1,0
4794,0.4,3,0,0
4795,0.4,3,0,0
4796,0.4,3,0,0
4797,1.2000000000000002,0,1,1
4798,1.2000000000000002,0,1,1
4799,1.2000000000000002,0,1,1
4800,1.2000000000000002,0,1,1
4801,1.2000000000000002,0,1,1
4802,1.2000000000000002,0,1,1
4803,1.2000000000000002,0,1,1
4804,0.4,3,0,1
4805,2.0,0,1,0
4806,1.2000000000000002,0,0,1
4807,0.4,3,0,0
4808,2.0,0,0,1
4809,1.2000000000000002,0,1,1
4810,1.2000000000000002,0,1,1
4811,1.2000000000000002,0,1,1
4812,1.2000000000000002,1,0,1
4813,0.4,3,0,0
4814,1.2000000000000002,0,1,1
4815,0.4,3,0,0
4816,2.0,0,1,1
4817,1.2000000000000002,0,1,1
4818,1.2000000000000002,0,1,1
4819,1.2000000000000002,0,1,0
4820,0.4,3,0,0
4821,2.0,0,1,0
4822,1.2000000000000002,1,0,0
4823,0.4,3,0,0
4824,1.2000000000000002,0,0,1
4825,1.2000000000000002,0,1,1
4826,0.4,3,0,0
4827,0.4,3,0,0
4828,1.2000000000000002,0,1,1
4829,0.4,3,0,0
4830,0.4,3,0,0
4831,1.2000000000000002,0,1,1
4832,1.2000000000000002,0,1,1
4833,0.4,3,0,0
4834,1.2000000000000002,0,1,1
4835,2.0,0,1,1
4836,0.4,3,0,0
4837,1.2000000000000002,0,1,1
4838,0.4,3,0,0
4839,1.2000000000000002,0,0,1
4840,0.4,3,0,0
4841,0.4,3,0,0
4842,0.4,3,0,0
4843,1.2000000000000002,0,1,1
4844,1.2000000000000002,0,0,1
4845,2.0,0,0,1
4846,1.2000000000000002,0,1,0
4847,1.2000000000000002,0,0,1
4848,1.2000000000000002,0,1,1
4849,1.2000000000000002,0,1,1
4850,0.4,3,0,0
4851,0.4,3,0,0
4852,1.2000000000000002,0,1,1
4853,0.4,3,0,0
4854,2.0,0,0,1
4855,0.4,3,0,0
4856,0.4,3,0,0
4857,0.4,3,0,0
4858,1.2000000000000002,0,1,1
4859,0.4,3,0,0
4860,1.2000000000000002,0,1,1
4861,0.4,3,0,0
4862,1.2000000000000002,0,1,1
4863,0.4,3,0,0
4864,1.2000000000000002,0,1,1
4865,0.4,3,0,0
4866,1.2000000000000002,0,1,1
4867,0.4,3,0,0
4868,0.4,3,0,0
4869,0.4,3,0,0
4870,1.2000000000000002,0,1,1
4871,0.4,3,0,0
4872,0.4,3,0,0
4873,2.0,0,1,1
4874,1.2000000000000002,0,1,0
4875,0.4,3,0,0
4876,1.2000000000000002,0,1,1
4877,0.4,3,0,0
4878,0.4,3,0,0
4879,1.2000000000000002,0,0,1
4880,0.4,3,0,0
4881,0.4,3,0,0
4882,0.4,3,0,0
4883,1.2000000000000002,0,0,1
4884,1.2000000000000002,0,1,1
4885,1.2000000000000002,0,1,1
4886,1.2000000000000002,0,1,1
4887,1.2000000000000002,0,1,1
4888,0.4,3,0,0
4889,1.2000000000000002,0,1,1
4890,0.4,3,0,0
4891,1.2000000000000002,0,1,1
4892,1.2000000000000002,0,1,0
4893,1.2000000000000002,0,1,0
4894,1.2000000000000002,0,1,1
4895,1.2000000000000002,0,1,1
4896,1.2000000000000002,0,1,1
4897,2.0,0,1,1
4898,0.4,3,0,0
4899,0.4,3,0,0
4900,1.2000000000000002,0,1,1
4901,1.2000000000000002,0,1,1
4902,1.2000000000000002,0,1,1
4903,1.2000000000000002,0,1,1
4904,0.4,3,0,0
4905,0.4,3,0,0
4906,1.2000000000000002,0,1,1
4907,1.2000000000000002,0,1,1
4908,1.2000000000000002,0,1,1
4909,0.4,3,0,0
4910,1.2000000000000002,0,1,1
4911,1.2000000000000002,0,1,0
4912,0.4,3,0,0
4913,1.2000000000000002,0,1,1
4914,1.2000000000000002,0,1,1
4915,1.2000000000000002,0,1,1
4916,2.0,0,1,1
4917,0.4,3,0,0
4918,0.4,3,0,0
4919,0.4,3,0,0
4920,1.2000000000000002,0,1,1
4921,1.2000000000000002,0,1,1
4922,1.2000000000000002,0,1,1
4923,1.2000000000000002,0,1,1
4924,1.2000000000000002,0,1,1
4925,0.4,3,0,0
4926,0.4,3,0,0
4927,1.2000000000000002,0,1,1
4928,0.4,3,0,0
4929,0.4,3,0,0
4930,1.2000000000000002,0,1,1
4931,0.4,3,0,0
4932,0.4,3,0,0
4933,0.4,3,0,0
4934,2.0,0,1,1
4935,1.2000000000000002,0,0,1
4936,0.4,3,0,0
4937,0.4,3,0,0
4938,0.4,3,0,1
4939,1.2000000000000002,0,0,1
4940,0.4,3,0,0
4941,1.2000000000000002,0,1,1
4942,0.4,3,0,0
4943,1.2000000000000002,0,1,1
4944,1.2000000000000002,0,0,1
4945,0.4,3,0,0
4946,1.2000000000000002,0,1,1
4947,1.2000000000000002,0,1,1
4948,1.2000000000000002,0,1,1
4949,0.4,3,0,0
4950,1.2000000000000002,0,1,1
4951,0.4,3,0,0
4952,0.4,3,0,0
4953,1.2000000000000002,0,1,1
4954,0.4,3,0,0
4955,1.2000000000000002,0,1,1
4956,0.4,3,0,0
4957,1.2000000000000002,0,1,0
4958,0.4,3,0,0
4959,0.4,3,0,0
4960,0.4,3,0,0
4961,0.4,3,0,0
4962,2.0,0,1,1
4963,0.4,3,0,0
4964,1.2000000000000002,0,1,1
4965,1.2000000000000002,0,1,1
4966,1.2000000000000002,0,1,1
4967,0.4,3,0,0
4968,0.4,3,0,0
4969,0.4,3,0,0
4970,1.2000000000000002,0,1,1
4971,1.2000000000000002,0,0,1
4972,0.4,3,0,0
4973,2.0,0,1,1
4974,0.4,3,0,0
4975,1.2000000000000002,0,0,1
4976,0.4,3,0,0
4977,1.2000000000000002,0,1,0
4978,1.2000000000000002,0,1,1
4979,0.4,3,0,0
4980,0.4,3,0,1
4981,1.2000000000000002,0,1,1
4982,1.2000000000000002,0,1,1
4983,0.4,3,0,0
4984,2.0,0,1,1
4985,2.0,0,1,1
4986,1.2000000000000002,0,1,0
4987,1.2000000000000002,0,1,1
4988,0.4,3,0,0
4989,0.4,3,0,0
4990,1.2000000000000002,0,1,0
4991,1.2000000000000002,0,1,1
4992,0.4,3,0,0
4993,0.4,3,0,0
4994,1.2000000000000002,0,1,1
4995,0.4,3,0,0
4996,0.4,3,0,0
4997,1.2000000000000002,0,1,1
4998,1.2000000000000002,0,1,1
4999,0.4,3,0,1
5000,0.4,3,0,0
5001,0.4,3,0,0
5002,0.4,3,0,0
5003,2.0,0,1,1
5004,1.2000000000000002,0,1,1
5005,1.2000000000000002,0,0,1
5006,2.0,0,1,1
5007,2.8,0,0,1
5008,1.2000000000000002,0,1,1
5009,0.4,3,0,0
5010,0.4,3,0,0
5011,0.4,3,0,0
5012,1.2000000000000002,0,1,1
5013,1.2000000000000002,0,1,1
5014,0.4,3,0,0
5015,0.4,3,0,0
5016,1.2000000000000002,0,1,1
5017,1.2000000000000002,0,1,1
5018,2.0,0,1,1
5019,1.2000000000000002,0,1,1
5020,1.2000000000000002,0,1,0
5021,1.2000000000000002,0,0,0
5022,1.2000000000000002,0,1,1
5023,1.2000000000000002,0,1,1
5024,0.4,3,0,0
5025,1.2000000000000002,3,0,0
5026,0.4,3,0,0
5027,1.2000000000000002,0,1,1
5028,2.0,0,1,1
5029,2.0,0,1,1
5030,0.4,3,0,0
5031,0.4,3,0,1
5032,0.4,3,0,0
5033,2.0,0,1,1
5034,0.4,3,0,0
5035,1.2000000000000002,0,1,1
5036,1.2000000000000002,0,1,1
5037,0.4,3,0,0
5038,1.2000000000000002,0,1,1
5039,0.4,3,0,0
5040,2.0,0,1,1
5041,0.4,3,0,0
5042,1.2000000000000002,0,1,1
5043,0.4,3,0,0
5044,1.2000000000000002,0,1,1
5045,2.8,0,0,1
5046,0.4,3,0,0
5047,1.2000000000000002,0,1,1
5048,1.2000000000000002,0,1,1
5049,0.4,3,0,0
5050,2.0,0,1,0
5051,1.2000000000000002,0,1,1
5052,2.0,0,1,1
5053,2.0,0,1,0
5054,1.2000000000000002,0,1,1
5055,1.2000000000000002,1,0,1
5056,0.4,3,0,0
5057,0.4,3,0,0
5058,2.0,0,1,1
5059,1.2000000000000002,0,0,1
5060,1.2000000000000002,0,0,1
5061,1.2000000000000002,0,1,0
5062,1.2000000000000002,0,1,1
5063,0.4,3,0,0
5064,1.2000000000000002,0,1,1
5065,0.4,3,0,0
5066,0.4,3,0,0
5067,1.2000000000000002,0,1,1
5068,1.2000000000000002,0,0,1
5069,1.2000000000000002,0,1,1
5070,0.4,3,0,0
5071,2.0,0,1,0
5072,0.4,3,0,0
5073,1.2000000000000002,0,1,1
5074,0.4,3,0,0
5075,1.2000000000000002,0,0,1
5076,0.4,3,0,0
5077,0.4,3,0,0
5078,1.2000000000000002,1,0,0
5079,0.4,3,0,0
5080,0.4,3,0,0
5081,2.0,0,1,1
5082,0.4,3,0,0
5083,1.2000000000000002,0,1,0
5084,0.4,3,0,0
5085,2.0,0,1,1
5086,0.4,3,0,0
5087,1.2000000000000002,0,1,1
5088,1.2000000000000002,0,1,1
5089,1.2000000000000002,0,1,1
5090,1.2000000000000002,0,0,1
5091,0.4,3,0,0
5092,1.2000000000000002,0,1,0
5093,0.4,3,0,0
5094,2.0,0,1,1
5095,0.4,3,0,0
5096,0.4,3,0,0
5097,0.4,3,0,0
5098,1.2000000000000002,0,1,0
5099,0.4,3,0,0
5100,0.4,3,0,0
5101,1.2000000000000002,0,1,1
5102,1.2000000000000002,0,0,1
5103,0.4,3,0,0
5104,2.0,0,1,1
5105,1.2000000000000002,0,1,1
5106,0.4,3,0,0
5107,1.2000000000000002,0,1,1
5108,1.2000000000000002,0,1,1
5109,2.0,0,1,1
5110,0.4,3,0,0
5111,0.4,3,0,0
5112,0.4,3,0,0
5113,2.0,0,1,1
5114,0.4,3,0,0
5115,1.2000000000000002,0,1,1
5116,0.4,3,0,0
5117,1.2000000000000002,0,0,1
5118,0.4,3,0,0
5119,0.4,3,0,0
5120,0.4,3,0,0
5121,2.0,0,1,1
5122,1.2000000000000002,0,1,1
5123,0.4,3,0,1
5124,0.4,3,0,0
5125,0.4,3,0,0
5126,2.0,0,1,1
5127,1.2000000000000002,0,1,0
5128,0.4,3,0,0
5129,1.2000000000000002,0,1,1
5130,1.2000000000000002,0,1,0
5131,0.4,3,0,0
5132,1.2000000000000002,0,1,1
5133,1.2000000000000002,0,1,1
5134,0.4,3,0,0
5135,0.4,3,0,0
5136,1.2000000000000002,0,1,0
5137,1.2000000000000002,0,1,1
5138,0.4,3,0,0
5139,0.4,3,0,0
5140,1.2000000000000002,0,1,1
5141,0.4,3,0,0
5142,1.2000000000000002,0,0,1
5143,0.4,3,0,0
5144,0.4,3,0,0
5145,1.2000000000000002,0,1,1
5146,2.0,0,1,1
5147,1.2000000000000002,0,1,1
5148,1.2000000000000002,0,1,1
5149,1.2000000000000002,0,1,1
5150,1.2000000000000002,0,1,1
5151,0.4,3,0,0
5152,1.2000000000000002,0,1,1
5153,0.4,3,0,0
5154,1.2000000000000002,0,0,1
5155,0.4,3,0,0
5156,0.4,3,0,0
5157,1.2000000000000002,0,1,1
5158,0.4,3,0,0
5159,1.2000000000000002,0,1,1
5160,0.4,3,0,0
5161,1.2000000000000002,0,1,1
5162,0.4,3,0,0
5163,0.4,3,0,0
5164,1.2000000000000002,0,1,1
5165,1.2000000000000002,0,1,1
5166,0.4,3,0,0
5167,2.0,0,1,1
5168,1.2000000000000002,0,1,1
5169,0.4,3,0,0
5170,0.4,3,0,0
5171,2.0,0,1,1
5172,1.2000000000000002,0,1,1
5173,0.4,3,0,0
5174,1.2000000000000002,0,1,1
5175,1.2000000000000002,0,1,1
5176,0.4,3,0,0
5177,0.4,3,0,0
5178,1.2000000000000002,0,1,1
5179,1.2000000000000002,0,1,1
5180,0.4,3,0,0
5181,1.2000000000000002,0,1,1
5182,0.4,3,0,0
5183,1.2000000000000002,0,1,1
5184,0.4,3,0,0
5185,1.2000000000000002,0,1,1
5186,1.2000000000000002,0,0,0
5187,1.2000000000000002,0,1,1
5188,1.2000000000000002,0,0,0
5189,0.4,3,0,0
5190,0.4,3,0,0
5191,0.4,3,0,0
5192,0.4,3,0,0
5193,0.4,3,0,0
5194,0.4,3,0,0
5195,1.2000000000000002,0,1,1
5196,0.4,3,0,0
5197,0.4,3,0,0
5198,2.8,0,1,0
5199,1.2000000000000002,0,1,1
5200,1.2000000000000002,0,1,1
5201,1.2000000000000002,0,1,1
5202,1.2000000000000002,0,1,1
5203,0.4,3,0,0
5204,1.2000000000000002,0,1,1
5205,1.2000000000000002,0,0,1
5206,1.2000000000000002,0,1,1
5207,1.2000000000000002,0,0,1
5208,0.4,3,0,0
5209,0.4,3,0,0
5210,0.4,3,0,0
5211,0.4,3,0,0
5212,1.2000000000000002,0,1,1
5213,1.2000000000000002,0,1,1
5214,0.4,3,0,0
5215,0.4,3,0,0
5216,0.4,3,0,0
5217,0.4,3,0,0
5218,0.4,3,0,0
5219,0.4,3,0,0
5220,0.4,3,0,0
5221,0.4,3,0,0
5222,2.0,0,1,1
5223,0.4,3,0,0
5224,1.2000000000000002,0,1,1
5225,1.2000000000000002,0,1,1
5226,1.2000000000000002,0,1,1
5227,1.2000000000000002,0,1,1
5228,1.2000000000000002,0,1,1
5229,0.4,3,0,0
5230,0.4,3,0,0
5231,1.2000000000000002,0,1,1
5232,0.4,3,0,0
5233,1.2000000000000002,0,1,1
5234,2.8,0,1,1
5235,0.4,3,0,0
5236,0.4,3,0,0
5237,1.2000000000000002,0,1,1
5238,0.4,3,0,0
5239,1.2000000000000002,0,1,1
5240,0.4,3,0,0
5241,0.4,3,0,0
5242,0.4,3,0,0
5243,1.2000000000000002,0,1,1
5244,1.2000000000000002,0,1,1
5245,0.4,3,0,0
5246,2.0,0,1,1
5247,1.2000000000000002,0,1,0
5248,1.2000000000000002,0,1,1
5249,1.2000000000000002,0,1,1
5250,1.2000000000000002,0,1,0
5251,1.2000000000000002,0,0,0
5252,1.2000000000000002,0,1,1
5253,1.2000000000000002,0,1,1
5254,0.4,3,0,0
5255,1.2000000000000002,0,1,1
5256,0.4,3,0,0
5257,2.0,0,1,1
5258,0.4,3,0,0
5259,1.2000000000000002,0,1,0
5260,1.2000000000000002,0,1,1
5261,0.4,3,0,0
5262,1.2000000000000002,0,1,1
5263,2.0,0,1,1
5264,0.4,3,0,0
5265,0.4,3,0,0
5266,0.4,3,0,0
5267,0.4,3,0,0
5268,0.4,3,0,0
5269,0.4,3,0,0
5270,2.0,0,1,1
5271,0.4,3,0,0
5272,1.2000000000000002,0,1,1
5273,1.2000000000000002,0,1,1
5274,1.2000000000000002,0,1,1
5275,0.4,3,0,0
5276,1.2000000000000002,0,1,1
5277,0.4,3,0,0
5278,0.4,3,0,0
5279,2.0,0,1,1
5280,0.4,3,0,0
5281,1.2000000000000002,0,1,1
5282,0.4,3,0,0
5283,0.4,3,0,0
5284,2.0,0,1,1
5285,2.0,0,1,0
5286,1.2000000000000002,0,1,1
5287,0.4,3,0,0
5288,1.2000000000000002,0,1,1
5289,0.4,3,0,0
5290,1.2000000000000002,0,0,1
5291,0.4,3,0,0
5292,0.4,3,0,0
5293,0.4,3,0,0
5294,1.2000000000000002,0,1,1
5295,1.2000000000000002,0,1,1
5296,0.4,3,0,0
5297,0.4,3,0,0
5298,2.8,0,1,1
5299,0.4,3,0,0
5300,1.2000000000000002,0,1,1
5301,2.0,0,0,1
5302,1.2000000000000002,0,1,1
5303,1.2000000000000002,0,1,1
5304,2.0,0,1,1
5305,1.2000000000000002,0,0,0
5306,2.0,0,1,1
5307,0.4,3,0,0
5308,0.4,3,0,0
5309,0.4,3,0,0
5310,1.2000000000000002,0,1,1
5311,2.0,0,1,1
5312,0.4,3,0,0
5313,1.2000000000000002,0,0,1
5314,0.4,3,0,0
5315,0.4,3,0,0
5316,0.4,3,0,0
5317,2.0,0,1,1
5318,2.0,0,1,1
5319,1.2000000000000002,0,0,1
5320,0.4,3,0,0
5321,1.2000000000000002,0,1,1
5322,0.4,3,0,0
5323,0.4,3,0,0
5324,2.0,0,1,1
5325,0.4,3,0,0
5326,1.2000000000000002,0,1,0
5327,1.2000000000000002,0,1,1
5328,1.2000000000000002,0,1,0
5329,1.2000000000000002,0,0,1
5330,1.2000000000000002,0,1,1
5331,2.0,0,1,1
5332,0.4,3,0,0
5333,0.4,3,0,0
5334,2.8,0,1,1
5335,1.2000000000000002,0,1,1
5336,0.4,3,0,0
5337,0.4,3,0,0
5338,1.2000000000000002,0,1,0
5339,1.2000000000000002,0,0,1
5340,0.4,3,0,0
5341,0.4,3,0,0
5342,1.2000000000000002,0,1,1
5343,1.2000000000000002,0,1,1
5344,0.4,3,0,0
5345,1.2000000000000002,0,1,1
5346,1.2000000000000002,0,0,1
5347,2.0,0,1,1
5348,0.4,3,0,0
5349,1.2000000000000002,0,1,0
5350,1.2000000000000002,0,1,0
5351,0.4,3,0,0
5352,1.2000000000000002,0,1,1
5353,1.2000000000000002,0,1,0
5354,1.2000000000000002,0,1,1
5355,0.4,3,0,0
5356,1.2000000000000002,0,1,1
5357,0.4,3,0,0
5358,1.2000000000000002,0,1,1
5359,1.2000000000000002,0,1,1
5360,0.4,3,0,0
5361,0.4,3,0,0
5362,1.2000000000000002,0,0,0
5363,1.2000000000000002,0,1,1
5364,1.2000000000000002,0,0,1
5365,1.2000000000000002,0,1,1
5366,0.4,3,0,0
5367,1.2000000000000002,0,1,1
5368,1.2000000000000002,0,1,1
5369,0.4,3,0,0
5370,1.2000000000000002,0,1,0
5371,0.4,3,0,0
5372,1.2000000000000002,0,1,1
5373,0.4,3,0,0
5374,0.4,3,0,0
5375,0.4,3,0,0
5376,1.2000000000000002,0,1,0
5377,2.0,0,1,1
5378,1.2000000000000002,0,1,1
5379,1.2000000000000002,0,1,1
5380,1.2000000000000002,0,1,1
5381,0.4,3,0,0
5382,0.4,3,0,0
5383,1.2000000000000002,0,0,1
5384,0.4,3,0,0
5385,1.2000000000000002,0,1,1
5386,1.2000000000000002,0,1,1
5387,0.4,3,0,0
5388,0.4,3,0,0
5389,1.2000000000000002,0,1,1
5390,0.4,3,0,0
5391,1.2000000000000002,0,1,0
5392,0.4,3,0,0
5393,0.4,3,0,0
5394,1.2000000000000002,0,1,1
5395,0.4,3,0,0
5396,0.4,3,0,0
5397,1.2000000000000002,0,0,0
5398,0.4,3,0,0
5399,1.2000000000000002,0,1,1
5400,1.2000000000000002,0,1,1
5401,0.4,3,0,0
5402,0.4,3,0,0
5403,1.2000000000000002,0,0,1
5404,1.2000000000000002,0,0,1
5405,1.2000000000000002,0,1,1
5406,0.4,3,0,0
5407,0.4,3,0,0
5408,1.2000000000000002,0,1,1
5409,0.4,3,0,0
5410,1.2000000000000002,0,1,1
5411,0.4,3,0,0
5412,1.2000000000000002,0,0,1
5413,1.2000000000000002,0,1,1
5414,0.4,3,0,0
5415,0.4,3,0,0
5416,0.4,3,0,0
5417,0.4,3,0,0
5418,1.2000000000000002,0,1,1
5419,1.2000000000000002,0,1,0
5420,0.4,3,0,0
5421,1.2000000000000002,0,0,1
5422,2.0,0,1,1
5423,1.2000000000000002,0,1,1
5424,1.2000000000000002,0,1,1
5425,1.2000000000000002,0,0,1
5426,1.2000000000000002,0,1,1
5427,1.2000000000000002,0,1,1
5428,1.2000000000000002,0,0,1
5429,0.4,3,0,0
5430,1.2000000000000002,0,1,1
5431,1.2000000000000002,0,0,1
5432,0.4,3,0,0
5433,0.4,3,0,0
5434,2.0,0,1,1
5435,1.2000000000000002,0,1,0
5436,1.2000000000000002,0,1,1
5437,1.2000000000000002,0,1,1
5438,1.2000000000000002,0,1,1
5439,2.0,0,1,1
5440,0.4,3,0,0
5441,0.4,3,0,0
5442,0.4,3,0,0
5443,1.2000000000000002,0,1,1
5444,0.4,3,0,0
5445,0.4,3,0,0
5446,0.4,3,0,0
5447,1.2000000000000002,0,1,1
5448,0.4,3,0,0
5449,1.2000000000000002,0,1,1
5450,1.2000000000000002,0,1,1
5451,1.2000000000000002,0,1,1
5452,0.4,3,0,0
5453,1.2000000000000002,0,1,1
5454,0.4,3,0,0
5455,1.2000000000000002,0,1,1
5456,1.2000000000000002,0,0,1
5457,0.4,3,0,0
5458,1.2000000000000002,0,1,1
5459,1.2000000000000002,0,1,1
5460,1.2000000000000002,0,1,1
5461,1.2000000000000002,0,1,1
5462,0.4,3,0,0
5463,2.0,0,1,1
5464,1.2000000000000002,0,1,1
5465,1.2000000000000002,0,1,1
5466,2.0,0,1,0
5467,1.2000000000000002,0,1,1
5468,1.2000000000000002,0,1,1
5469,2.0,0,1,1
5470,1.2000000000000002,0,1,1
5471,0.4,3,0,0
5472,0.4,3,0,0
5473,1.2000000000000002,0,1,1
5474,0.4,3,0,0
5475,1.2000000000000002,0,1,1
5476,1.2000000000000002,0,1,1
5477,0.4,3,0,0
5478,0.4,3,0,0
5479,1.2000000000000002,0,1,1
5480,2.0,0,1,1
5481,0.4,3,0,0
5482,1.2000000000000002,3,0,0
5483,0.4,3,0,0
5484,0.4,3,0,0
5485,0.4,3,0,0
5486,1.2000000000000002,0,1,1
5487,1.2000000000000002,0,1,1
5488,1.2000000000000002,0,1,1
5489,1.2000000000000002,0,1,1
5490,1.2000000000000002,0,1,1
5491,1.2000000000000002,0,1,1
5492,2.0,0,1,0
5493,2.0,0,1,1
5494,1.2000000000000002,0,1,1
5495,1.2000000000000002,0,1,1
5496,0.4,3,0,0
5497,0.4,3,0,0
5498,1.2000000000000002,0,1,1
5499,1.2000000000000002,0,1,1
5500,1.2000000000000002,0,1,1
5501,1.2000000000000002,0,1,1
5502,0.4,3,0,0
5503,0.4,3,0,0
5504,0.4,3,0,0
5505,1.2000000000000002,0,1,1
5506,1.2000000000000002,0,1,1
5507,2.0,0,1,1
5508,1.2000000000000002,0,1,1
5509,2.0,0,1,1
5510,1.2000000000000002,0,1,1
5511,1.2000000000000002,0,1,1
5512,1.2000000000000002,0,1,1
5513,1.2000000000000002,0,1,1
5514,0.4,3,0,0
5515,1.2000000000000002,0,0,1
5516,0.4,3,0,0
5517,1.2000000000000002,0,1,1
5518,1.2000000000000002,0,1,1
5519,0.4,3,0,0
5520,1.2000000000000002,0,1,1
5521,0.4,3,0,0
5522,0.4,3,0,0
5523,1.2000000000000002,0,1,1
5524,1.2000000000000002,0,1,0
5525,1.2000000000000002,0,1,1
5526,1.2000000000000002,0,1,1
5527,0.4,3,0,0
5528,0.4,3,0,0
5529,1.2000000000000002,0,1,1
5530,1.2000000000000002,0,1,1
5531,1.2000000000000002,0,1,1
5532,1.2000000000000002,0,1,0
5533,2.0,0,1,1
5534,0.4,3,0,0
5535,0.4,3,0,1
5536,1.2000000000000002,0,1,1
5537,1.2000000000000002,0,1,1
5538,0.4,3,0,0
5539,1.2000000000000002,0,1,0
5540,1.2000000000000002,0,1,1
5541,1.2000000000000002,0,1,1
5542,1.2000000000000002,0,1,1
5543,0.4,3,0,0
5544,0.4,3,0,0
5545,0.4,3,0,1
5546,0.4,3,0,0
5547,0.4,3,0,0
5548,2.8,0,1,1
5549,2.0,0,1,1
5550,1.2000000000000002,0,0,1
5551,2.0,0,1,1
5552,1.2000000000000002,0,0,1
5553,1.2000000000000002,0,1,1
5554,0.4,3,0,0
5555,0.4,3,0,0
5556,1.2000000000000002,0,1,1
5557,1.2000000000000002,0,1,1
5558,0.4,3,0,0
5559,0.4,3,0,0
5560,1.2000000000000002,0,1,1
5561,1.2000000000000002,0,0,1
5562,2.0,0,1,0
5563,1.2000000000000002,0,1,1
5564,0.4,3,0,0
5565,0.4,3,0,0
5566,1.2000000000000002,0,1,0
5567,1.2000000000000002,0,1,1
5568,1.2000000000000002,0,1,1
5569,2.0,0,1,0
5570,0.4,3,0,0
5571,1.2000000000000002,0,1,0
5572,1.2000000000000002,0,1,1
5573,1.2000000000000002,0,1,1
5574,0.4,3,0,0
5575,1.2000000000000002,0,1,1
5576,0.4,3,0,0
5577,1.2000000000000002,0,0,1
5578,0.4,3,0,0
5579,0.4,3,0,0
5580,0.4,3,0,0
5581,1.2000000000000002,0,1,1
5582,0.4,3,0,0
5583,0.4,3,0,0
5584,1.2000000000000002,0,1,0
5585,0.4,3,0,0
5586,0.4,3,0,0
5587,1.2000000000000002,0,1,1
5588,2.0,0,1,1
5589,1.2000000000000002,0,1,1
5590,1.2000000000000002,0,1,1
5591,0.4,3,0,0
5592,1.2000000000000002,0,1,1
5593,1.2000000000000002,0,0,1
5594,2.0,0,1,1
5595,0.4,3,0,0
5596,1.2000000000000002,0,1,1
5597,0.4,3,0,0
5598,1.2000000000000002,0,1,1
5599,1.2000000000000002,0,1,1
5600,0.4,3,0,0
5601,1.2000000000000002,0,1,1
5602,1.2000000000000002,0,1,1
5603,0.4,3,0,0
5604,1.2000000000000002,0,1,1
5605,1.2000000000000002,0,1,1
5606,1.2000000000000002,0,1,1
5607,1.2000000000000002,3,0,0
5608,0.4,3,0,0
5609,0.4,3,0,0
5610,1.2000000000000002,0,1,1
5611,0.4,3,0,0
5612,1.2000000000000002,0,1,1
5613,2.0,0,1,1
5614,0.4,3,0,0
5615,1.2000000000000002,0,1,1
5616,1.2000000000000002,0,0,1
5617,1.2000000000000002,0,1,1
5618,1.2000000000000002,0,1,1
5619,1.2000000000000002,0,1,1
5620,1.2000000000000002,0,1,1
5621,0.4,3,0,0
5622,1.2000000000000002,0,1,1
5623,1.2000000000000002,0,1,0
5624,2.0,0,1,1
5625,0.4,3,0,1
5626,1.2000000000000002,0,1,1
5627,0.4,3,0,0
5628,1.2000000000000002,0,1,1
5629,1.2000000000000002,0,1,1
5630,0.4,3,0,0
5631,0.4,3,0,0
5632,0.4,3,0,0
5633,0.4,3,0,0
5634,0.4,3,0,0
5635,2.0,0,0,1
5636,1.2000000000000002,3,0,0
5637,1.2000000000000002,0,1,1
5638,0.4,3,0,0
5639,2.0,0,1,0
5640,0.4,3,0,0
5641,1.2000000000000002,0,1,1
5642,1.2000000000000002,0,1,0
5643,0.4,3,0,0
5644,1.2000000000000002,0,1,0
5645,0.4,3,0,0
5646,1.2000000000000002,0,1,1
5647,1.2000000000000002,0,1,1
5648,1.2000000000000002,0,1,1
5649,0.4,3,0,0
5650,2.0,0,1,1
5651,1.2000000000000002,0,1,1
5652,1.2000000000000002,0,1,1
5653,0.4,3,0,0
5654,1.2000000000000002,0,1,1
5655,0.4,3,0,0
5656,1.2000000000000002,0,1,1
5657,1.2000000000000002,0,1,1
5658,2.0,0,1,1
5659,1.2000000000000002,0,1,1
5660,1.2000000000000002,0,0,1
5661,0.4,3,0,0
5662,1.2000000000000002,0,1,1
5663,0.4,3,0,0
5664,1.2000000000000002,0,1,1
5665,2.0,0,0,1
5666,1.2000000000000002,0,1,1
5667,0.4,3,0,0
5668,1.2000000000000002,0,1,1
5669,1.2000000000000002,0,1,1
5670,1.2000000000000002,0,0,1
5671,0.4,3,0,0
5672,0.4,3,0,0
5673,1.2000000000000002,0,1,1
5674,2.0,0,1,1
5675,1.2000000000000002,0,1,1
5676,1.2000000000000002,0,1,1
5677,1.2000000000000002,0,1,0
5678,1.2000000000000002,0,0,1
5679,2.0,0,0,1
5680,0.4,3,0,0
5681,0.4,3,0,0
5682,1.2000000000000002,0,1,1
5683,1.2000000000000002,0,1,1
5684,1.2000000000000002,0,1,1
5685,1.2000000000000002,0,1,1
5686,1.2000000000000002,0,1,1
5687,1.2000000000000002,0,1,1
5688,0.4,3,0,0
5689,1.2000000000000002,0,1,1
5690,2.8,0,1,1
5691,0.4,3,0,0
5692,0.4,3,0,0
5693,0.4,3,0,0
5694,1.2000000000000002,0,1,1
5695,2.0,0,1,1
5696,1.2000000000000002,0,1,1
5697,1.2000000000000002,0,1,1
5698,0.4,3,0,0
5699,0.4,3,0,0
5700,1.2000000000000002,0,1,1
5701,1.2000000000000002,0,1,1
5702,0.4,3,0,0
5703,1.2000000000000002,0,1,1
5704,2.0,0,1,0
5705,0.4,3,0,0
5706,0.4,3,0,0
5707,1.2000000000000002,0,1,1
5708,0.4,3,0,0
5709,1.2000000000000002,0,1,0
5710,0.4,3,0,1
5711,1.2000000000000002,0,1,1
5712,0.4,3,0,0
5713,1.2000000000000002,0,1,1
5714,1.2000000000000002,0,1,1
5715,1.2000000000000002,0,1,1
5716,1.2000000000000002,0,1,1
5717,1.2000000000000002,0,1,1
5718,0.4,3,0,0
5719,0.4,3,0,0
5720,1.2000000000000002,0,1,1
5721,0.4,3,0,0
5722,0.4,3,0,0
5723,0.4,3,0,0
5724,0.4,3,0,0
5725,0.4,3,0,0
5726,2.0,0,1,1
5727,1.2000000000000002,0,1,0
5728,0.4,3,0,0
5729,0.4,3,0,0
5730,0.4,3,0,0
5731,2.0,0,1,1
5732,1.2000000000000002,0,1,1
5733,2.0,0,1,1
5734,0.4,3,0,1
5735,1.2000000000000002,0,1,0
5736,2.8,0,1,1
5737,0.4,3,0,0
5738,0.4,3,0,0
5739,1.2000000000000002,0,1,1
5740,0.4,3,0,0
5741,1.2000000000000002,0,1,1
5742,1.2000000000000002,0,1,1
5743,1.2000000000000002,0,1,1
5744,0.4,3,0,0
5745,1.2000000000000002,0,1,1
5746,1.2000000000000002,0,1,1
5747,1.2000000000000002,0,1,1
5748,0.4,3,0,0
5749,0.4,3,0,0
5750,1.2000000000000002,0,0,1
5751,0.4,3,0,1
5752,1.2000000000000002,0,1,1
5753,1.2000000000000002,0,1,1
5754,0.4,3,0,0
5755,0.4,3,0,0
5756,2.0,0,1,1
5757,1.2000000000000002,0,0,1
5758,0.4,3,0,0
5759,1.2000000000000002,0,0,1
5760,2.0,0,1,1
5761,0.4,3,0,0
5762,1.2000000000000002,0,1,1
5763,2.0,0,1,1
5764,0.4,3,0,0
5765,1.2000000000000002,0,1,1
5766,1.2000000000000002,0,1,1
5767,0.4,3,0,0
5768,2.0,0,1,1
5769,1.2000000000000002,0,1,1
5770,1.2000000000000002,0,1,1
5771,1.2000000000000002,0,1,1
5772,1.2000000000000002,0,1,1
5773,1.2000000000000002,0,1,1
5774,1.2000000000000002,0,1,0
5775,2.0,0,1,1
5776,1.2000000000000002,0,0,1
5777,1.2000000000000002,0,1,1
5778,0.4,3,0,0
5779,0.4,3,0,0
5780,1.2000000000000002,0,1,1
5781,0.4,3,0,0
5782,1.2000000000000002,0,1,1
5783,1.2000000000000002,0,1,1
5784,1.2000000000000002,0,1,1
5785,1.2000000000000002,0,1,1
5786,1.2000000000000002,0,1,1
5787,1.2000000000000002,0,1,1
5788,1.2000000000000002,0,1,1
5789,0.4,3,0,0
5790,0.4,3,0,0
5791,0.4,3,0,0
5792,1.2000000000000002,0,1,1
5793,0.4,3,0,0
5794,0.4,3,0,0
5795,2.0,0,1,1
5796,1.2000000000000002,0,1,1
5797,0.4,3,0,0
5798,0.4,3,0,0
5799,0.4,3,0,0
5800,1.2000000000000002,0,1,1
5801,0.4,3,0,0
5802,1.2000000000000002,0,1,1
5803,1.2000000000000002,0,0,1
5804,0.4,3,0,0
5805,1.2000000000000002,0,1,1
5806,0.4,3,0,0
5807,0.4,3,0,0
5808,1.2000000000000002,0,1,1
5809,0.4,3,0,0
5810,0.4,3,0,0
5811,0.4,3,0,0
5812,2.0,0,0,1
5813,0.4,3,0,1
5814,1.2000000000000002,0,1,1
5815,2.0,0,1,1
5816,1.2000000000000002,0,1,1
5817,1.2000000000000002,0,1,1
5818,1.2000000000000002,0,1,1
5819,1.2000000000000002,0,1,1
5820,1.2000000000000002,0,1,1
5821,0.4,3,0,0
5822,0.4,3,0,0
5823,1.2000000000000002,0,0,1
5824,0.4,3,0,0
5825,0.4,3,0,0
5826,0.4,3,0,0
5827,0.4,3,0,0
5828,1.2000000000000002,0,0,1
5829,1.2000000000000002,0,1,1
5830,1.2000000000000002,0,1,1
5831,0.4,3,0,0
5832,1.2000000000000002,0,0,1
5833,1.2000000000000002,0,1,1
5834,1.2000000000000002,0,1,1
5835,1.2000000000000002,3,0,0
5836,1.2000000000000002,0,1,1
5837,0.4,3,0,0
5838,1.2000000000000002,0,1,1
5839,0.4,3,0,0
5840,0.4,3,0,0
5841,0.4,3,0,0
5842,0.4,3,0,0
5843,1.2000000000000002,0,1,0
5844,6.800000000000001,0,1,1
5845,1.2000000000000002,0,1,1
5846,0.4,3,0,0
5847,1.2000000000000002,0,1,1
5848,1.2000000000000002,0,1,1
5849,2.0,0,1,1
5850,1.2000000000000002,0,1,1
5851,0.4,3,0,0
5852,0.4,3,0,0
5853,1.2000000000000002,0,1,1
5854,1.2000000000000002,0,1,1
5855,2.0,0,1,1
5856,1.2000000000000002,0,1,1
5857,0.4,3,0,0
5858,0.4,3,0,0
5859,0.4,3,0,0
5860,0.4,3,0,0
5861,0.4,3,0,0
5862,0.4,3,0,0
5863,0.4,3,0,0
5864,1.2000000000000002,0,1,1
5865,0.4,3,0,1
5866,0.4,3,0,0
5867,0.4,3,0,0
5868,0.4,3,0,0
5869,1.2000000000000002,0,1,1
5870,1.2000000000000002,0,1,1
5871,1.2000000000000002,0,1,1
5872,0.4,3,0,0
5873,1.2000000000000002,0,1,1
5874,1.2000000000000002,0,1,1
5875,1.2000000000000002,0,1,1
5876,1.2000000000000002,0,1,1
5877,1.2000000000000002,0,1,1
5878,0.4,3,0,0
5879,2.0,0,1,1
5880,2.0,0,1,1
5881,1.2000000000000002,0,1,1
5882,0.4,3,0,0
5883,0.4,3,0,0
5884,0.4,3,0,0
5885,0.4,3,0,1
5886,1.2000000000000002,0,1,1
5887,1.2000000000000002,0,1,1
5888,2.0,0,0,1
5889,0.4,3,0,0
5890,1.2000000000000002,0,1,0
5891,1.2000000000000002,0,1,1
5892,1.2000000000000002,0,1,1
5893,1.2000000000000002,0,1,1
5894,0.4,3,0,0
5895,1.2000000000000002,0,1,1
5896,0.4,3,0,0
5897,0.4,3,0,0
5898,1.2000000000000002,0,1,1
5899,1.2000000000000002,0,1,1
5900,0.4,3,0,0
5901,1.2000000000000002,0,1,1
5902,1.2000000000000002,0,1,1
5903,0.4,3,0,0
5904,0.4,3,0,0
5905,0.4,3,0,0
5906,1.2000000000000002,0,1,1
5907,1.2000000000000002,0,1,1
5908,1.2000000000000002,0,1,1
5909,1.2000000000000002,0,0,1
5910,1.2000000000000002,0,1,1
5911,1.2000000000000002,0,1,1
5912,0.4,3,0,0
5913,1.2000000000000002,0,1,1
5914,0.4,3,0,0
5915,1.2000000000000002,0,0,1
5916,2.8,0,1,0
5917,0.4,3,0,0
5918,1.2000000000000002,0,1,1
5919,0.4,3,0,0
5920,1.2000000000000002,0,1,1
5921,1.2000000000000002,0,1,1
5922,2.0,0,0,1
5923,0.4,3,0,0
5924,1.2000000000000002,0,0,1
5925,1.2000000000000002,0,1,1
5926,0.4,3,0,0
5927,0.4,3,0,0
5928,1.2000000000000002,0,1,1
5929,1.2000000000000002,0,1,1
5930,1.2000000000000002,0,1,1
5931,1.2000000000000002,0,1,0
5932,1.2000000000000002,3,0,0
5933,1.2000000000000002,0,1,1
5934,1.2000000000000002,0,1,1
5935,0.4,3,0,0
5936,2.0,0,1,1
5937,1.2000000000000002,0,0,1
5938,0.4,3,0,0
5939,1.2000000000000002,0,1,0
5940,1.2000000000000002,0,1,1
5941,0.4,3,0,0
5942,0.4,3,0,0
5943,0.4,3,0,0
5944,0.4,3,0,0
5945,1.2000000000000002,0,1,1
5946,0.4,3,0,0
5947,0.4,3,0,0
5948,0.4,3,0,0
5949,1.2000000000000002,0,1,0
5950,2.0,0,1,1
5951,0.4,3,0,0
5952,0.4,3,0,0
5953,2.0,0,1,1
5954,0.4,3,0,0
5955,0.4,3,0,0
5956,1.2000000000000002,0,1,1
5957,0.4,3,0,0
5958,1.2000000000000002,0,1,1
5959,1.2000000000000002,0,1,1
5960,0.4,3,0,0
5961,0.4,3,0,0
5962,0.4,3,0,0
5963,0.4,3,0,0
5964,1.2000000000000002,0,0,1
5965,1.2000000000000002,0,1,1
5966,0.4,3,0,0
5967,0.4,3,0,0
5968,0.4,3,0,0
5969,0.4,3,0,0
5970,0.4,3,0,0
5971,0.4,3,0,0
5972,1.2000000000000002,0,1,1
5973,0.4,3,0,0
5974,1.2000000000000002,0,1,1
5975,1.2000000000000002,0,1,0
5976,0.4,3,0,1
5977,1.2000000000000002,0,1,1
5978,0.4,3,0,0
5979,0.4,3,0,0
5980,0.4,3,0,0
5981,1.2000000000000002,0,1,1
5982,0.4,3,0,0
5983,1.2000000000000002,0,1,1
5984,1.2000000000000002,0,1,1
5985,0.4,3,0,0
5986,1.2000000000000002,0,1,1
5987,0.4,3,0,0
5988,0.4,3,0,0
5989,0.4,3,0,0
5990,2.0,0,1,1
5991,1.2000000000000002,0,1,1
5992,2.0,0,1,1
5993,0.4,3,0,0
5994,1.2000000000000002,0,0,1
5995,1.2000000000000002,0,1,1
5996,0.4,3,0,0
5997,1.2000000000000002,0,1,1
5998,0.4,3,0,0
5999,1.2000000000000002,0,0,1
6000,1.2000000000000002,0,1,1
6001,1.2000000000000002,0,1,0
6002,1.2000000000000002,0,1,1
6003,2.0,0,0,1
6004,1.2000000000000002,0,1,1
6005,1.2000000000000002,0,1,1
6006,1.2000000000000002,0,1,1
6007,0.4,3,0,0
6008,0.4,3,0,0
6009,1.2000000000000002,0,1,0
6010,0.4,3,0,0
6011,0.4,3,0,0
6012,0.4,3,0,0
6013,0.4,3,0,0
6014,0.4,3,0,0
6015,1.2000000000000002,0,1,0
6016,1.2000000000000002,0,1,1
6017,0.4,3,0,0
6018,1.2000000000000002,0,1,1
6019,0.4,3,0,0
6020,0.4,3,0,0
6021,0.4,3,0,0
6022,1.2000000000000002,0,1,0
6023,1.2000000000000002,0,1,1
6024,2.0,0,1,1
6025,1.2000000000000002,0,1,1
6026,1.2000000000000002,0,1,1
6027,1.2000000000000002,0,1,1
6028,2.0,0,1,1
6029,1.2000000000000002,0,0,0
6030,1.2000000000000002,0,1,1
6031,1.2000000000000002,0,1,1
6032,1.2000000000000002,0,0,1
6033,0.4,3,0,0
6034,1.2000000000000002,0,1,1
6035,1.2000000000000002,0,0,1
6036,0.4,3,0,0
6037,0.4,3,0,0
6038,1.2000000000000002,0,1,0
6039,1.2000000000000002,0,1,1
6040,0.4,3,0,0
6041,0.4,3,0,0
6042,0.4,3,0,0
6043,1.2000000000000002,0,1,1
6044,0.4,3,0,0
6045,1.2000000000000002,0,1,0
6046,0.4,3,0,0
6047,1.2000000000000002,0,1,1
6048,0.4,3,0,0
6049,1.2000000000000002,0,1,1
6050,1.2000000000000002,0,1,1
6051,0.4,3,0,0
6052,0.4,3,0,0
6053,1.2000000000000002,0,1,1
6054,1.2000000000000002,0,1,1
6055,2.0,0,0,1
6056,2.8,0,1,1
6057,1.2000000000000002,0,1,1
6058,0.4,3,0,0
6059,1.2000000000000002,0,1,1
6060,1.2000000000000002,0,1,1
6061,0.4,3,0,0
6062,1.2000000000000002,0,1,1
6063,0.4,3,0,0
6064,1.2000000000000002,0,1,1
6065,0.4,3,0,0
6066,1.2000000000000002,0,1,1
6067,0.4,3,0,0
6068,0.4,3,0,0
6069,1.2000000000000002,0,1,1
6070,2.0,0,1,1
6071,1.2000000000000002,0,1,1
6072,1.2000000000000002,0,1,1
6073,1.2000000000000002,0,1,1
6074,0.4,3,0,0
6075,1.2000000000000002,0,1,1
6076,1.2000000000000002,0,1,1
6077,0.4,3,0,0
6078,1.2000000000000002,0,1,1
6079,0.4,3,0,0
6080,1.2000000000000002,0,1,1
6081,0.4,3,0,0
6082,1.2000000000000002,0,1,1
6083,1.2000000000000002,0,1,1
6084,2.0,0,1,1
6085,0.4,3,0,0
6086,1.2000000000000002,0,1,1
6087,1.2000000000000002,0,1,1
6088,0.4,3,0,0
6089,1.2000000000000002,0,1,1
6090,1.2000000000000002,0,1,1
6091,1.2000000000000002,0,1,1
6092,0.4,3,0,0
6093,0.4,3,0,0
6094,1.2000000000000002,0,1,1
6095,0.4,3,0,0
6096,0.4,3,0,0
6097,1.2000000000000002,0,1,1
6098,1.2000000000000002,0,1,1
6099,1.2000000000000002,0,1,1
6100,2.0,0,1,1
6101,0.4,3,0,0
6102,1.2000000000000002,0,0,1
6103,0.4,3,0,0
6104,1.2000000000000002,0,1,1
6105,1.2000000000000002,0,1,1
6106,1.2000000000000002,0,1,1
6107,0.4,3,0,0
6108,0.4,3,0,0
6109,0.4,3,0,0
6110,0.4,3,0,0
6111,0.4,3,0,0
6112,1.2000000000000002,0,1,1
6113,1.2000000000000002,0,1,1
6114,1.2000000000000002,0,1,1
6115,0.4,3,0,0
6116,0.4,3,0,0
6117,0.4,3,0,0
6118,2.0,0,1,0
6119,0.4,3,0,0
6120,1.2000000000000002,0,1,1
6121,0.4,3,0,0
6122,1.2000000000000002,0,1,1
6123,1.2000000000000002,0,0,1
6124,1.2000000000000002,0,1,0
6125,2.0,0,1,0
6126,1.2000000000000002,0,1,1
6127,1.2000000000000002,0,1,1
6128,0.4,3,0,0
6129,0.4,3,0,0
6130,1.2000000000000002,3,0,0
6131,1.2000000000000002,0,1,1
6132,0.4,3,0,0
6133,0.4,3,0,0
6134,0.4,3,0,0
6135,2.0,0,1,1
6136,0.4,3,0,0
6137,0.4,3,0,0
6138,1.2000000000000002,0,0,0
6139,1.2000000000000002,0,1,0
6140,1.2000000000000002,0,1,0
6141,1.2000000000000002,0,1,1
6142,1.2000000000000002,0,1,1
6143,1.2000000000000002,0,1,1
6144,0.4,3,0,0
6145,0.4,3,0,0
6146,1.2000000000000002,0,0,1
6147,1.2000000000000002,3,0,0
6148,0.4,3,0,0
6149,0.4,3,0,0
6150,0.4,3,0,0
6151,1.2000000000000002,0,1,1
6152,1.2000000000000002,0,1,1
6153,1.2000000000000002,0,1,1
6154,1.2000000000000002,0,1,1
6155,0.4,3,0,1
6156,2.0,0,1,1
6157,1.2000000000000002,0,1,1
6158,0.4,3,0,0
6159,0.4,3,0,0
6160,1.2000000000000002,0,0,0
6161,1.2000000000000002,0,0,1
6162,0.4,3,0,0
6163,0.4,3,0,1
6164,2.0,0,1,1
6165,0.4,3,0,1
6166,0.4,3,0,1
6167,2.0,0,1,1
6168,0.4,3,0,0
6169,0.4,3,0,0
6170,0.4,3,0,0
6171,1.2000000000000002,0,1,1
6172,1.2000000000000002,0,1,1
6173,2.0,0,1,1
6174,1.2000000000000002,0,1,1
6175,1.2000000000000002,0,1,1
6176,0.4,3,0,0
6177,1.2000000000000002,3,0,0
6178,1.2000000000000002,0,1,1
6179,0.4,3,0,0
6180,0.4,3,0,0
6181,1.2000000000000002,0,1,1
6182,1.2000000000000002,0,1,1
6183,1.2000000000000002,0,1,1
6184,2.0,0,1,1
6185,0.4,3,0,0
6186,1.2000000000000002,0,1,1
6187,1.2000000000000002,0,1,1
6188,1.2000000000000002,0,1,1
6189,1.2000000000000002,0,1,0
6190,2.0,0,1,1
6191,0.4,3,0,0
6192,1.2000000000000002,0,1,1
6193,1.2000000000000002,0,1,1
6194,0.4,3,0,0
6195,2.0,0,0,1
6196,1.2000000000000002,0,1,1
6197,0.4,3,0,0
6198,1.2000000000000002,0,1,0
6199,1.2000000000000002,0,1,1
6200,0.4,3,0,0
6201,0.4,3,0,1
6202,1.2000000000000002,0,1,0
6203,0.4,3,0,0
6204,2.8,0,1,1
6205,1.2000000000000002,0,1,0
6206,2.0,0,0,1
6207,1.2000000000000002,0,1,0
6208,1.2000000000000002,0,1,1
6209,1.2000000000000002,0,1,1
6210,1.2000000000000002,0,1,1
6211,1.2000000000000002,0,1,1
6212,0.4,3,0,0
6213,0.4,3,0,1
6214,1.2000000000000002,0,1,1
6215,1.2000000000000002,0,1,1
6216,0.4,3,0,0
6217,1.2000000000000002,0,1,1
6218,0.4,3,0,1
6219,0.4,3,0,0
6220,1.2000000000000002,0,1,1
6221,1.2000000000000002,0,1,1
6222,0.4,3,0,0
6223,1.2000000000000002,0,1,1
6224,1.2000000000000002,0,0,1
6225,1.2000000000000002,0,1,1
6226,1.2000000000000002,0,1,1
6227,0.4,3,0,0
6228,1.2000000000000002,0,1,1
6229,1.2000000000000002,0,1,1
6230,0.4,3,0,0
6231,1.2000000000000002,0,1,1
6232,0.4,3,0,0
6233,1.2000000000000002,0,1,1
6234,0.4,3,0,0
6235,0.4,3,0,0
6236,1.2000000000000002,0,1,1
6237,0.4,3,0,0
6238,1.2000000000000002,0,1,1
6239,2.0,0,1,1
6240,0.4,3,0,0
6241,0.4,3,0,0
6242,0.4,3,0,0
6243,0.4,3,0,0
6244,0.4,3,0,0
6245,1.2000000000000002,0,1,1
6246,0.4,3,0,0
6247,0.4,3,0,0
6248,1.2000000000000002,0,1,1
6249,0.4,3,0,0
6250,0.4,3,0,0
6251,1.2000000000000002,0,1,0
6252,1.2000000000000002,0,0,1
6253,0.4,3,0,0
6254,0.4,3,0,0
6255,1.2000000000000002,0,1,1
6256,0.4,3,0,0
6257,0.4,3,0,0
6258,1.2000000000000002,0,1,1
6259,1.2000000000000002,0,1,1
6260,1.2000000000000002,0,1,0
6261,0.4,3,0,0
6262,0.4,3,0,0
6263,2.0,0,0,0
6264,1.2000000000000002,0,1,0
6265,0.4,3,0,0
6266,1.2000000000000002,0,1,1
6267,0.4,3,0,0
6268,2.0,0,1,1
6269,0.4,3,0,1
6270,0.4,3,0,0
6271,1.2000000000000002,0,1,1
6272,0.4,3,0,0
6273,1.2000000000000002,0,1,1
6274,0.4,3,0,0
6275,0.4,3,0,0
6276,0.4,3,0,0
6277,2.0,0,1,1
6278,2.0,0,1,1
6279,1.2000000000000002,0,1,1
6280,1.2000000000000002,0,1,0
6281,2.0,0,0,0
6282,1.2000000000000002,0,0,1
6283,0.4,3,0,0
6284,1.2000000000000002,0,1,1
6285,0.4,3,0,0
6286,0.4,3,0,0
6287,1.2000000000000002,0,1,1
6288,2.0,0,1,1
6289,2.0,0,1,1
6290,0.4,3,0,0
6291,0.4,3,0,0
6292,1.2000000000000002,0,1,1
6293,0.4,3,0,0
6294,0.4,3,0,0
6295,1.2000000000000002,0,1,1
6296,1.2000000000000002,0,1,1
6297,1.2000000000000002,0,1,1
6298,0.4,3,0,0
6299,0.4,3,0,0
6300,1.2000000000000002,0,1,1
6301,0.4,3,0,0
6302,1.2000000000000002,0,1,1
6303,1.2000000000000002,0,1,1
6304,1.2000000000000002,0,0,1
6305,0.4,3,0,0
6306,1.2000000000000002,0,0,1
6307,1.2000000000000002,0,1,1
6308,1.2000000000000002,0,1,1
6309,1.2000000000000002,0,1,1
6310,0.4,3,0,0
6311,2.0,0,1,1
6312,1.2000000000000002,0,1,0
6313,0.4,3,0,0
6314,0.4,3,0,0
6315,0.4,3,0,0
6316,1.2000000000000002,0,1,1
6317,0.4,3,0,0
6318,2.0,0,1,1
6319,0.4,3,0,0
6320,0.4,3,0,0
6321,1.2000000000000002,0,1,0
6322,1.2000000000000002,0,1,1
6323,2.0,0,1,1
6324,2.0,0,1,1
6325,0.4,3,0,0
6326,1.2000000000000002,0,1,1
6327,1.2000000000000002,0,1,0
6328,0.4,3,0,0
6329,1.2000000000000002,3,0,0
6330,1.2000000000000002,0,1,1
6331,1.2000000000000002,0,1,1
6332,0.4,3,0,0
6333,0.4,3,0,0
6334,0.4,3,0,0
6335,2.0,0,1,1
6336,0.4,3,0,0
6337,1.2000000000000002,0,1,1
6338,0.4,3,0,0
6339,2.8,0,1,0
6340,1.2000000000000002,0,1,0
6341,1.2000000000000002,0,1,1
6342,1.2000000000000002,0,0,1
6343,1.2000000000000002,0,1,1
6344,1.2000000000000002,0,1,1
6345,1.2000000000000002,0,1,0
6346,0.4,3,0,0
6347,0.4,3,0,0
6348,2.0,0,1,0
6349,0.4,3,0,0
6350,0.4,3,0,0
6351,1.2000000000000002,2,0,0
6352,0.4,3,0,0
6353,2.0,0,1,1
6354,2.0,0,1,1
6355,0.4,3,0,0
6356,2.0,0,0,1
6357,0.4,3,0,0
6358,1.2000000000000002,0,1,0
6359,1.2000000000000002,0,1,1
6360,2.0,0,1,1
6361,1.2000000000000002,0,1,1
6362,0.4,3,0,0
6363,1.2000000000000002,0,1,1
6364,2.0,0,1,1
6365,1.2000000000000002,0,1,1
6366,1.2000000000000002,0,1,1
6367,0.4,3,0,0
6368,0.4,3,0,0
6369,0.4,3,0,0
6370,0.4,3,0,0
6371,1.2000000000000002,0,1,1
6372,0.4,3,0,0
6373,0.4,3,0,0
6374,0.4,3,0,0
6375,2.0,0,1,1
6376,1.2000000000000002,0,1,1
6377,1.2000000000000002,0,1,1
6378,0.4,3,0,0
6379,2.0,0,1,0
6380,1.2000000000000002,0,1,1
6381,0.4,3,0,0
6382,1.2000000000000002,0,1,1
6383,0.4,3,0,0
6384,0.4,3,0,0
6385,0.4,3,0,0
6386,0.4,3,0,0
6387,0.4,3,0,0
6388,0.4,3,0,0
6389,1.2000000000000002,0,1,1
6390,1.2000000000000002,0,1,1
6391,2.0,0,1,1
6392,0.4,3,0,0
6393,1.2000000000000002,0,1,0
6394,2.0,0,1,1
6395,0.4,3,0,0
6396,2.0,0,1,1
6397,0.4,3,0,0
6398,0.4,3,0,0
6399,1.2000000000000002,0,1,1
6400,1.2000000000000002,0,1,1
6401,1.2000000000000002,3,0,0
6402,0.4,3,0,0
6403,1.2000000000000002,0,1,1
6404,0.4,3,0,0
6405,0.4,3,0,0
6406,2.0,0,1,1
6407,2.0,0,1,1
6408,1.2000000000000002,0,1,0
6409,2.0,0,0,0
6410,1.2000000000000002,0,0,1
6411,1.2000000000000002,0,1,1
6412,0.4,3,0,0
6413,2.0,0,1,0
6414,1.2000000000000002,0,1,1
6415,2.0,0,1,1
6416,0.4,3,0,0
6417,1.2000000000000002,0,1,1
6418,1.2000000000000002,1,0,0
6419,0.4,3,0,1
6420,0.4,3,0,0
6421,0.4,3,0,0
6422,0.4,3,0,0
6423,1.2000000000000002,0,1,1
6424,1.2000000000000002,0,1,0
6425,0.4,3,0,0
6426,1.2000000000000002,0,1,1
6427,1.2000000000000002,0,1,1
6428,1.2000000000000002,0,1,1
6429,0.4,3,0,0
6430,1.2000000000000002,0,1,1
6431,0.4,3,0,0
6432,1.2000000000000002,0,0,1
6433,1.2000000000000002,0,1,1
6434,0.4,3,0,0
6435,1.2000000000000002,0,1,1
6436,1.2000000000000002,0,1,1
6437,1.2000000000000002,0,1,0
6438,0.4,3,0,0
6439,1.2000000000000002,0,1,1
6440,1.2000000000000002,0,1,1
6441,1.2000000000000002,0,1,1
6442,0.4,3,0,0
6443,0.4,3,0,0
6444,1.2000000000000002,0,0,1
6445,1.2000000000000002,0,1,1
6446,0.4,3,0,0
6447,0.4,3,0,1
6448,0.4,3,0,0
6449,0.4,3,0,0
6450,0.4,3,0,0
6451,0.4,3,0,0
6452,1.2000000000000002,0,1,1
6453,1.2000000000000002,0,1,1
6454,1.2000000000000002,0,0,1
6455,0.4,3,0,0
6456,0.4,3,0,0
6457,0.4,3,0,0
6458,1.2000000000000002,0,1,1
6459,0.4,3,0,0
6460,1.2000000000000002,0,0,1
6461,0.4,3,0,0
6462,0.4,3,0,0
6463,1.2000000000000002,0,1,0
6464,1.2000000000000002,0,1,1
6465,0.4,3,0,0
6466,1.2000000000000002,0,1,1
6467,0.4,3,0,0
6468,1.2000000000000002,0,1,1
6469,1.2000000000000002,0,1,1
6470,0.4,3,0,0
6471,0.4,3,0,0
6472,2.0,0,1,1
6473,0.4,3,0,0
6474,0.4,3,0,0
6475,1.2000000000000002,0,1,1
6476,2.0,0,1,1
6477,0.4,3,0,0
6478,0.4,3,0,0
6479,0.4,3,0,0
6480,1.2000000000000002,0,1,1
6481,1.2000000000000002,0,1,1
6482,0.4,3,0,0
6483,0.4,3,0,0
6484,0.4,3,0,0
6485,1.2000000000000002,0,1,1
6486,1.2000000000000002,0,1,1
6487,0.4,3,0,0
6488,0.4,3,0,0
6489,0.4,3,0,0
6490,0.4,3,0,0
6491,1.2000000000000002,0,1,1
6492,0.4,3,0,0
6493,0.4,3,0,0
6494,2.0,0,1,1
6495,0.4,3,0,0
6496,1.2000000000000002,0,1,1
6497,1.2000000000000002,0,1,1
6498,2.0,0,1,1
6499,0.4,3,0,0
6500,2.0,0,1,1
6501,1.2000000000000002,0,0,1
6502,0.4,3,0,0
6503,1.2000000000000002,0,1,1
6504,1.2000000000000002,0,1,0
6505,1.2000000000000002,0,1,1
6506,1.2000000000000002,0,0,1
6507,1.2000000000000002,0,1,1
6508,1.2000000000000002,0,1,1
6509,1.2000000000000002,0,1,1
6510,0.4,3,0,0
6511,0.4,3,0,0
6512,0.4,3,0,0
6513,0.4,3,0,0
6514,0.4,3,0,0
6515,1.2000000000000002,0,1,1
6516,0.4,3,0,0
6517,0.4,3,0,0
6518,0.4,3,0,0
6519,2.0,0,1,1
6520,1.2000000000000002,0,1,0
6521,0.4,3,0,0
6522,1.2000000000000002,0,1,1
6523,1.2000000000000002,0,1,0
6524,1.2000000000000002,0,0,1
6525,1.2000000000000002,0,1,1
6526,0.4,3,0,0
6527,1.2000000000000002,0,1,1
6528,1.2000000000000002,0,1,1
6529,1.2000000000000002,0,1,1
6530,0.4,3,0,0
6531,0.4,3,0,0
6532,1.2000000000000002,0,1,1
6533,1.2000000000000002,0,1,1
6534,0.4,3,0,0
6535,0.4,3,0,0
6536,1.2000000000000002,0,0,1
6537,1.2000000000000002,0,1,0
6538,1.2000000000000002,0,1,1
6539,1.2000000000000002,0,1,0
6540,1.2000000000000002,0,0,1
6541,2.0,0,0,0
6542,1.2000000000000002,0,1,1
6543,1.2000000000000002,0,1,1
6544,1.2000000000000002,0,1,1
6545,1.2000000000000002,0,1,1
6546,1.2000000000000002,0,1,1
6547,1.2000000000000002,0,1,1
6548,1.2000000000000002,0,1,1
6549,1.2000000000000002,0,1,1
6550,1.2000000000000002,0,1,1
6551,2.0,0,1,1
6552,1.2000000000000002,0,1,1
6553,1.2000000000000002,0,1,1
6554,0.4,3,0,0
6555,0.4,3,0,0
6556,1.2000000000000002,0,1,1
6557,1.2000000000000002,0,1,1
6558,1.2000000000000002,0,1,1
6559,1.2000000000000002,0,1,1
6560,1.2000000000000002,0,1,0
6561,0.4,3,0,0
6562,1.2000000000000002,0,0,1
6563,1.2000000000000002,3,0,0
6564,2.0,0,1,1
6565,1.2000000000000002,0,1,1
6566,1.2000000000000002,0,1,0
6567,1.2000000000000002,0,1,1
6568,0.4,3,0,0
6569,0.4,3,0,0
6570,0.4,3,0,0
6571,1.2000000000000002,0,1,1
6572,1.2000000000000002,0,0,1
6573,1.2000000000000002,0,1,1
6574,1.2000000000000002,0,1,1
6575,2.0,0,0,1
6576,0.4,3,0,0
6577,1.2000000000000002,0,1,1
6578,0.4,3,0,0
6579,1.2000000000000002,0,1,1
6580,0.4,3,0,0
6581,1.2000000000000002,0,1,1
6582,2.0,0,1,0
6583,1.2000000000000002,0,1,1
6584,0.4,3,0,0
6585,2.0,0,1,1
6586,1.2000000000000002,0,0,1
6587,1.2000000000000002,0,1,0
6588,1.2000000000000002,0,1,1
6589,2.0,0,1,1
6590,0.4,3,0,0
6591,0.4,3,0,0
6592,1.2000000000000002,0,1,1
6593,1.2000000000000002,0,1,0
6594,1.2000000000000002,0,1,1
6595,0.4,3,0,0
6596,1.2000000000000002,0,0,1
6597,2.0,0,1,1
6598,1.2000000000000002,0,1,1
6599,1.2000000000000002,0,1,1
6600,0.4,3,0,0
6601,1.2000000000000002,0,1,1
6602,0.4,3,0,0
6603,0.4,3,0,0
6604,0.4,3,0,0
6605,2.0,0,1,1
6606,1.2000000000000002,0,1,1
6607,2.0,0,0,1
6608,1.2000000000000002,0,1,1
6609,1.2000000000000002,0,1,1
6610,2.0,0,1,1
6611,0.4,3,0,0
6612,2.0,0,0,1
6613,1.2000000000000002,0,1,1
6614,2.0,0,1,1
6615,1.2000000000000002,0,1,1
6616,1.2000000000000002,3,0,0
6617,1.2000000000000002,0,1,1
6618,1.2000000000000002,0,1,1
6619,2.0,0,1,1
6620,1.2000000000000002,0,1,1
6621,0.4,3,0,0
6622,2.0,0,1,0
6623,1.2000000000000002,0,1,1
6624,0.4,3,0,0
6625,1.2000000000000002,0,1,1
6626,1.2000000000000002,0,1,1
6627,1.2000000000000002,0,1,1
6628,1.2000000000000002,0,1,1
6629,1.2000000000000002,0,0,1
6630,1.2000000000000002,0,1,1
6631,1.2000000000000002,0,0,1
6632,1.2000000000000002,0,0,0
6633,0.4,3,0,0
6634,0.4,3,0,1
6635,1.2000000000000002,0,1,1
6636,1.2000000000000002,0,1,1
6637,0.4,3,0,0
6638,2.0,0,1,1
6639,2.0,0,1,1
6640,1.2000000000000002,0,1,1
6641,0.4,3,0,0
6642,1.2000000000000002,0,0,1
6643,1.2000000000000002,0,1,1
6644,1.2000000000000002,0,1,1
6645,2.0,0,1,0
6646,1.2000000000000002,0,1,1
6647,1.2000000000000002,0,1,1
6648,0.4,3,0,0
6649,1.2000000000000002,0,1,1
6650,2.0,0,1,1
6651,0.4,3,0,0
6652,1.2000000000000002,0,0,1
6653,1.2000000000000002,0,1,1
6654,0.4,3,0,0
6655,1.2000000000000002,0,0,1
6656,0.4,3,0,0
6657,1.2000000000000002,0,1,1
6658,1.2000000000000002,0,1,1
6659,2.0,0,0,0
6660,1.2000000000000002,0,1,1
6661,0.4,3,0,0
6662,0.4,3,0,0
6663,0.4,3,0,0
6664,0.4,3,0,0
6665,0.4,3,0,0
6666,0.4,3,0,0
6667,1.2000000000000002,0,1,0
6668,1.2000000000000002,0,1,1
6669,0.4,3,0,0
6670,0.4,3,0,0
6671,1.2000000000000002,0,1,1
6672,0.4,3,0,0
6673,1.2000000000000002,0,1,1
6674,0.4,3,0,0
6675,2.0,0,1,1
6676,1.2000000000000002,0,1,1
6677,1.2000000000000002,0,1,1
6678,0.4,3,0,0
6679,2.0,0,1,1
6680,0.4,3,0,0
6681,0.4,3,0,0
6682,1.2000000000000002,0,1,1
6683,2.0,0,1,1
6684,0.4,3,0,0
6685,1.2000000000000002,0,1,1
6686,1.2000000000000002,0,1,1
6687,1.2000000000000002,0,1,1
6688,1.2000000000000002,0,1,1
6689,0.4,3,0,0
6690,0.4,3,0,0
6691,1.2000000000000002,0,1,1
6692,1.2000000000000002,0,1,1
6693,1.2000000000000002,0,1,1
6694,1.2000000000000002,0,1,1
6695,0.4,3,0,0
6696,2.0,0,1,1
6697,1.2000000000000002,0,0,1
6698,1.2000000000000002,0,1,1
6699,0.4,3,0,0
6700,1.2000000000000002,0,1,1
6701,1.2000000000000002,0,1,1
6702,1.2000000000000002,0,1,1
6703,1.2000000000000002,0,1,1
6704,0.4,3,0,0
6705,0.4,3,0,0
6706,2.0,0,1,0
6707,0.4,3,0,0
6708,0.4,3,0,0
6709,0.4,3,0,0
6710,1.2000000000000002,0,1,1
6711,1.2000000000000002,0,0,1
6712,0.4,3,0,0
6713,2.0,0,1,1
6714,1.2000000000000002,0,1,1
6715,1.2000000000000002,0,0,1
6716,0.4,3,0,0
6717,0.4,3,0,0
6718,0.4,3,0,0
6719,0.4,3,0,0
6720,0.4,3,0,0
6721,1.2000000000000002,0,1,1
6722,1.2000000000000002,0,1,1
6723,0.4,3,0,0
6724,1.2000000000000002,0,1,1
6725,1.2000000000000002,0,1,1
6726,0.4,3,0,0
6727,2.0,0,1,0
6728,2.0,0,0,1
6729,1.2000000000000002,0,1,1
6730,1.2000000000000002,0,1,1
6731,0.4,3,0,0
6732,2.0,0,1,1
6733,0.4,3,0,0
6734,0.4,3,0,1
6735,0.4,3,0,0
6736,0.4,3,0,0
6737,1.2000000000000002,0,1,1
6738,0.4,3,0,0
6739,1.2000000000000002,0,1,1
6740,0.4,3,0,0
6741,1.2000000000000002,0,1,0
6742,1.2000000000000002,0,1,1
6743,1.2000000000000002,0,1,0
6744,0.4,3,0,0
6745,0.4,3,0,0
6746,1.2000000000000002,1,1,1
6747,1.2000000000000002,0,1,1
6748,0.4,3,0,0
6749,1.2000000000000002,0,1,1
6750,1.2000000000000002,0,1,1
6751,1.2000000000000002,0,1,0
6752,0.4,3,0,0
6753,1.2000000000000002,0,0,1
6754,1.2000000000000002,0,1,1
6755,0.4,3,0,0
6756,0.4,3,0,0
6757,0.4,3,0,0
6758,0.4,3,0,0
6759,1.2000000000000002,0,1,1
6760,2.0,0,0,1
6761,1.2000000000000002,0,0,1
6762,1.2000000000000002,0,1,1
6763,1.2000000000000002,0,1,1
6764,0.4,3,0,0
6765,0.4,3,0,0
6766,0.4,3,0,0
6767,0.4,3,0,0
6768,1.2000000000000002,0,0,1
6769,1.2000000000000002,0,1,1
6770,0.4,3,0,0
6771,0.4,3,0,0
6772,0.4,3,0,0
6773,0.4,3,0,1
6774,0.4,3,0,0
6775,0.4,3,0,0
6776,0.4,3,0,0
6777,0.4,3,0,0
6778,1.2000000000000002,0,1,1
6779,0.4,3,0,0
6780,2.0,0,1,1
6781,2.0,0,1,1
6782,0.4,3,0,0
6783,1.2000000000000002,0,1,1
6784,1.2000000000000002,0,1,1
6785,0.4,3,0,0
6786,2.0,0,1,1
6787,2.0,0,1,1
6788,0.4,3,0,0
6789,1.2000000000000002,0,1,1
6790,2.0,0,1,1
6791,1.2000000000000002,0,1,1
6792,1.2000000000000002,0,1,1
6793,1.2000000000000002,0,1,1
6794,0.4,3,0,0
6795,0.4,3,0,0
6796,0.4,3,0,0
6797,0.4,3,0,0
6798,0.4,3,0,1
6799,0.4,3,0,0
6800,1.2000000000000002,0,0,1
6801,0.4,3,0,0
6802,1.2000000000000002,0,1,0
6803,0.4,3,0,0
6804,2.0,0,1,0
6805,0.4,3,0,0
6806,1.2000000000000002,0,0,1
6807,1.2000000000000002,0,1,1
6808,1.2000000000000002,0,0,0
6809,1.2000000000000002,0,1,1
6810,0.4,3,0,0
6811,1.2000000000000002,0,1,1
6812,1.2000000000000002,0,0,1
6813,2.8,0,1,1
6814,0.4,3,0,0
6815,1.2000000000000002,0,1,1
6816,0.4,3,0,0
6817,1.2000000000000002,0,1,1
6818,1.2000000000000002,0,1,0
6819,0.4,3,0,0
6820,1.2000000000000002,0,1,0
6821,1.2000000000000002,1,0,1
6822,0.4,3,0,0
6823,0.4,3,0,0
6824,1.2000000000000002,0,1,1
6825,1.2000000000000002,0,1,1
6826,1.2000000000000002,0,1,1
6827,0.4,3,0,0
6828,1.2000000000000002,0,1,1
6829,2.0,0,1,1
6830,1.2000000000000002,0,1,1
6831,1.2000000000000002,0,1,1
6832,1.2000000000000002,0,1,1
6833,0.4,3,0,0
6834,1.2000000000000002,0,1,1
6835,1.2000000000000002,0,1,1
6836,1.2000000000000002,0,1,1
6837,1.2000000000000002,0,0,1
6838,0.4,3,0,0
6839,2.0,0,1,1
6840,1.2000000000000002,0,1,1
6841,1.2000000000000002,0,1,1
6842,1.2000000000000002,0,1,0
6843,1.2000000000000002,0,1,1
6844,0.4,3,0,0
6845,1.2000000000000002,0,1,0
6846,0.4,3,0,0
6847,0.4,3,0,0
6848,0.4,3,0,0
6849,0.4,3,0,0
6850,0.4,3,0,0
6851,1.2000000000000002,0,1,1
6852,1.2000000000000002,0,1,1
6853,0.4,3,0,0
6854,1.2000000000000002,3,0,0
6855,0.4,3,0,0
6856,0.4,3,0,0
6857,1.2000000000000002,0,1,1
6858,0.4,3,0,0
6859,0.4,3,0,0
6860,0.4,3,0,0
6861,0.4,3,0,0
6862,1.2000000000000002,0,1,1
6863,1.2000000000000002,0,1,1
6864,0.4,3,0,0
6865,0.4,3,0,0
6866,1.2000000000000002,0,0,0
6867,1.2000000000000002,0,1,1
6868,1.2000000000000002,0,0,1
6869,0.4,3,0,0
6870,1.2000000000000002,0,0,1
6871,2.0,0,1,1
6872,0.4,3,0,0
6873,1.2000000000000002,0,1,1
6874,0.4,3,0,0
6875,0.4,3,0,0
6876,1.2000000000000002,0,1,1
6877,2.0,0,1,1
6878,0.4,3,0,0
6879,0.4,3,0,0
6880,0.4,3,0,1
6881,1.2000000000000002,0,1,1
6882,1.2000000000000002,0,1,1
6883,1.2000000000000002,0,1,1
6884,0.4,3,0,0
6885,1.2000000000000002,0,1,0
6886,1.2000000000000002,0,1,1
6887,1.2000000000000002,0,1,1
6888,1.2000000000000002,0,1,1
6889,1.2000000000000002,0,1,1
6890,1.2000000000000002,0,1,1
6891,1.2000000000000002,0,1,1
6892,2.0,0,1,1
6893,1.2000000000000002,0,1,1
6894,1.2000000000000002,3,0,0
6895,0.4,3,0,0
6896,1.2000000000000002,0,0,1
6897,2.0,0,1,1
6898,0.4,3,0,0
6899,0.4,3,0,0
6900,0.4,3,0,0
6901,0.4,3,0,0
6902,1.2000000000000002,0,1,1
6903,0.4,3,0,0
6904,0.4,3,0,0
6905,2.0,0,1,1
6906,0.4,3,0,0
6907,1.2000000000000002,0,1,1
6908,1.2000000000000002,0,1,1
6909,1.2000000000000002,0,0,1
6910,0.4,3,0,0
6911,1.2000000000000002,0,1,1
6912,0.4,3,0,0
6913,0.4,3,0,0
6914,1.2000000000000002,0,1,1
6915,2.0,0,1,1
6916,1.2000000000000002,0,1,1
6917,0.4,3,0,0
6918,1.2000000000000002,0,1,1
6919,0.4,3,0,0
6920,1.2000000000000002,2,0,0
6921,1.2000000000000002,0,1,1
6922,1.2000000000000002,0,1,1
6923,0.4,3,0,0
6924,2.0,0,0,1
6925,1.2000000000000002,0,1,1
6926,0.4,3,0,0
6927,0.4,3,0,0
6928,0.4,3,0,0
6929,1.2000000000000002,0,0,1
6930,1.2000000000000002,0,1,1
6931,0.4,3,0,0
6932,1.2000000000000002,0,1,1
6933,0.4,3,0,0
6934,1.2000000000000002,0,1,1
6935,0.4,3,0,0
6936,0.4,3,0,0
6937,2.0,0,0,1
6938,0.4,3,0,0
6939,0.4,3,0,0
6940,1.2000000000000002,0,1,1
6941,1.2000000000000002,0,1,1
6942,2.0,0,1,1
6943,0.4,3,0,0
6944,1.2000000000000002,0,1,1
6945,1.2000000000000002,0,1,1
6946,1.2000000000000002,0,1,1
6947,0.4,3,0,0
6948,0.4,3,0,0
6949,1.2000000000000002,0,0,1
6950,0.4,3,0,0
6951,1.2000000000000002,0,1,1
6952,1.2000000000000002,0,1,1
6953,0.4,3,0,0
6954,2.0,0,1,0
6955,0.4,3,0,0
6956,2.0,0,1,1
6957,0.4,3,0,0
6958,1.2000000000000002,0,1,0
6959,1.2000000000000002,0,0,1
6960,0.4,3,0,0
6961,0.4,3,0,0
6962,0.4,3,0,1
6963,0.4,3,0,0
6964,1.2000000000000002,0,1,1
6965,0.4,3,0,0
6966,1.2000000000000002,0,1,0
6967,1.2000000000000002,0,1,1
6968,1.2000000000000002,0,1,1
6969,1.2000000000000002,0,1,1
6970,1.2000000000000002,0,1,1
6971,0.4,3,0,0
6972,1.2000000000000002,0,1,1
6973,0.4,3,0,0
6974,1.2000000000000002,0,1,1
6975,1.2000000000000002,0,1,1
6976,2.0,0,1,1
6977,0.4,3,0,0
6978,0.4,3,0,0
6979,1.2000000000000002,0,0,1
6980,1.2000000000000002,0,1,1
6981,1.2000000000000002,0,1,1
6982,1.2000000000000002,0,1,1
6983,0.4,3,0,0
6984,2.0,0,1,1
6985,0.4,3,0,0
6986,2.0,0,1,1
6987,0.4,3,0,0
6988,0.4,3,0,0
6989,2.0,0,1,1
6990,1.2000000000000002,0,1,1
6991,1.2000000000000002,0,1,1
6992,1.2000000000000002,0,1,1
6993,2.0,0,1,1
6994,0.4,3,0,0
6995,1.2000000000000002,0,1,1
6996,1.2000000000000002,0,1,1
6997,0.4,3,0,0
6998,1.2000000000000002,0,1,1
6999,0.4,3,0,0
7000,0.4,3,0,0
7001,1.2000000000000002,2,0,1
7002,0.4,3,0,0
7003,0.4,3,0,0
7004,1.2000000000000002,0,1,0
7005,2.0,0,1,1
7006,1.2000000000000002,0,1,0
7007,1.2000000000000002,0,1,1
7008,0.4,3,0,0
7009,0.4,3,0,0
7010,1.2000000000000002,0,1,0
7011,1.2000000000000002,0,1,1
7012,1.2000000000000002,0,0,1
7013,1.2000000000000002,0,1,1
7014,0.4,3,0,0
7015,1.2000000000000002,0,1,1
7016,0.4,3,0,0
7017,1.2000000000000002,0,1,1
7018,1.2000000000000002,0,1,1
7019,0.4,3,0,0
7020,0.4,3,0,0
7021,1.2000000000000002,0,1,1
7022,1.2000000000000002,0,1,1
7023,1.2000000000000002,0,1,1
7024,1.2000000000000002,0,1,1
7025,1.2000000000000002,0,1,0
7026,0.4,3,0,0
7027,0.4,3,0,0
7028,1.2000000000000002,0,1,1
7029,1.2000000000000002,0,1,1
7030,0.4,3,0,0
7031,1.2000000000000002,0,1,1
7032,1.2000000000000002,0,1,1
7033,1.2000000000000002,0,1,0
7034,1.2000000000000002,0,0,1
7035,1.2000000000000002,0,1,1
7036,0.4,3,0,0
7037,0.4,3,0,0
7038,1.2000000000000002,0,0,1
7039,1.2000000000000002,0,1,1
7040,2.8,0,1,1
7041,1.2000000000000002,0,1,1
7042,0.4,3,0,0
7043,0.4,3,0,0
7044,0.4,3,0,0
7045,2.0,0,0,1
7046,0.4,3,0,0
7047,1.2000000000000002,0,1,1
7048,1.2000000000000002,0,1,1
7049,0.4,3,0,0
7050,1.2000000000000002,0,1,1
7051,0.4,3,0,0
7052,0.4,3,0,0
7053,1.2000000000000002,0,1,1
7054,0.4,3,0,0
7055,2.0,0,1,1
7056,2.0,0,1,1
7057,0.4,3,0,0
7058,1.2000000000000002,0,1,1
7059,1.2000000000000002,0,1,1
7060,0.4,3,0,0
7061,1.2000000000000002,0,1,1
7062,1.2000000000000002,0,1,1
7063,0.4,3,0,0
7064,0.4,3,0,0
7065,2.0,0,1,1
7066,0.4,3,0,0
7067,1.2000000000000002,0,1,1
7068,0.4,3,0,1
7069,1.2000000000000002,0,1,1
7070,1.2000000000000002,0,1,1
7071,2.0,0,1,1
7072,1.2000000000000002,0,1,1
7073,0.4,3,0,0
7074,1.2000000000000002,0,1,1
7075,2.0,0,1,1
7076,1.2000000000000002,0,1,1
7077,1.2000000000000002,0,1,1
7078,0.4,3,0,0
7079,1.2000000000000002,0,0,1
7080,0.4,3,0,0
7081,0.4,3,0,0
7082,0.4,3,0,0
7083,1.2000000000000002,0,1,1
7084,0.4,3,0,0
7085,0.4,3,0,0
7086,0.4,3,0,1
7087,1.2000000000000002,0,1,1
7088,2.0,0,1,1
7089,0.4,3,0,0
7090,0.4,3,0,0
7091,0.4,3,0,0
7092,2.0,0,1,1
7093,2.0,0,0,1
7094,2.0,0,1,1
7095,0.4,3,0,0
7096,1.2000000000000002,0,1,1
7097,1.2000000000000002,0,0,1
7098,2.0,0,1,1
7099,1.2000000000000002,0,1,1
7100,1.2000000000000002,0,1,1
7101,1.2000000000000002,0,0,1
7102,1.2000000000000002,0,0,1
7103,1.2000000000000002,0,1,1
7104,1.2000000000000002,0,1,1
7105,1.2000000000000002,0,1,1
7106,2.0,0,1,1
7107,0.4,3,0,0
7108,1.2000000000000002,0,0,1
7109,1.2000000000000002,0,1,1
7110,1.2000000000000002,0,1,1
7111,0.4,3,0,0
7112,1.2000000000000002,0,1,1
7113,1.2000000000000002,0,1,1
7114,1.2000000000000002,0,1,1
7115,2.0,0,0,1
7116,1.2000000000000002,0,1,1
7117,0.4,3,0,0
7118,1.2000000000000002,0,1,1
7119,1.2000000000000002,0,1,1
7120,1.2000000000000002,0,1,1
7121,1.2000000000000002,0,1,1
7122,1.2000000000000002,0,1,1
7123,0.4,3,0,0
7124,1.2000000000000002,0,1,1
7125,0.4,3,0,0
7126,0.4,3,0,0
7127,1.2000000000000002,0,1,1
7128,1.2000000000000002,0,1,1
7129,0.4,3,0,0
7130,0.4,3,0,0
7131,0.4,3,0,0
7132,1.2000000000000002,0,1,1
7133,1.2000000000000002,0,1,1
7134,1.2000000000000002,0,1,1
7135,0.4,3,0,0
7136,0.4,3,0,0
7137,0.4,3,0,0
7138,0.4,3,0,0
7139,0.4,3,0,0
7140,0.4,3,0,0
7141,0.4,3,0,0
7142,0.4,3,0,0
7143,0.4,3,0,0
7144,0.4,3,0,0
7145,0.4,3,0,0
7146,0.4,3,0,0
7147,1.2000000000000002,0,1,1
7148,1.2000000000000002,0,0,1
7149,0.4,3,0,0
7150,1.2000000000000002,0,1,1
7151,2.0,0,1,1
7152,1.2000000000000002,0,1,1
7153,0.4,3,0,0
7154,1.2000000000000002,0,1,1
7155,0.4,3,0,0
7156,0.4,3,0,0
7157,1.2000000000000002,0,1,1
7158,1.2000000000000002,3,0,0
7159,1.2000000000000002,0,1,1
7160,1.2000000000000002,0,1,1
7161,0.4,3,0,0
7162,1.2000000000000002,0,1,1
7163,1.2000000000000002,0,0,1
7164,1.2000000000000002,0,1,1
7165,0.4,3,0,0
7166,0.4,3,0,0
7167,0.4,3,0,0
7168,0.4,3,0,0
7169,2.0,0,1,1
7170,1.2000000000000002,0,1,1
7171,1.2000000000000002,0,1,1
7172,0.4,3,0,0
7173,1.2000000000000002,0,1,0
7174,1.2000000000000002,0,1,1
7175,0.4,3,0,0
7176,0.4,3,0,0
7177,2.0,0,1,1
7178,0.4,3,0,0
7179,1.2000000000000002,0,1,1
7180,1.2000000000000002,0,1,1
7181,1.2000000000000002,0,0,1
7182,1.2000000000000002,0,1,1
7183,1.2000000000000002,0,1,0
7184,1.2000000000000002,0,1,1
7185,0.4,3,0,0
7186,2.0,0,0,1
7187,0.4,3,0,0
7188,2.0,0,1,1
7189,1.2000000000000002,0,1,0
7190,0.4,3,0,0
7191,1.2000000000000002,0,1,1
7192,1.2000000000000002,0,1,1
7193,2.8,0,1,1
7194,1.2000000000000002,0,1,1
7195,2.0,0,1,1
7196,1.2000000000000002,0,1,1
7197,2.0,0,1,1
7198,0.4,3,0,1
7199,0.4,3,0,0
7200,1.2000000000000002,0,1,1
7201,1.2000000000000002,3,0,0
7202,1.2000000000000002,0,1,1
7203,0.4,3,0,1
7204,0.4,3,0,0
7205,1.2000000000000002,0,1,1
7206,0.4,3,0,0
7207,1.2000000000000002,0,1,1
7208,0.4,3,0,0
7209,0.4,3,0,0
7210,1.2000000000000002,0,1,1
7211,1.2000000000000002,0,1,1
7212,0.4,3,0,0
7213,1.2000000000000002,0,1,0
7214,1.2000000000000002,0,1,1
7215,2.0,0,1,1
7216,0.4,3,0,1
7217,0.4,3,0,0
7218,0.4,3,0,0
7219,1.2000000000000002,0,1,1
7220,2.0,0,1,1
7221,0.4,3,0,0
7222,0.4,3,0,0
7223,0.4,3,0,0
7224,0.4,3,0,0
7225,1.2000000000000002,0,1,1
7226,0.4,3,0,0
7227,1.2000000000000002,0,1,0
7228,2.0,0,1,1
7229,1.2000000000000002,0,1,1
7230,0.4,3,0,0
7231,0.4,3,0,0
7232,1.2000000000000002,0,1,1
7233,1.2000000000000002,0,1,1
7234,1.2000000000000002,0,1,1
7235,0.4,3,0,0
7236,0.4,3,0,0
7237,0.4,3,0,0
7238,0.4,3,0,0
7239,0.4,3,0,0
7240,2.0,0,1,1
7241,1.2000000000000002,0,1,1
7242,1.2000000000000002,0,1,1
7243,1.2000000000000002,0,1,1
7244,0.4,3,0,0
7245,1.2000000000000002,0,0,0
7246,0.4,3,0,0
7247,2.0,0,1,1
7248,0.4,3,0,0
7249,1.2000000000000002,0,1,1
7250,0.4,3,0,0
7251,1.2000000000000002,0,0,1
7252,0.4,3,0,0
7253,1.2000000000000002,0,1,1
7254,1.2000000000000002,0,1,1
7255,0.4,3,0,0
7256,0.4,3,0,0
7257,1.2000000000000002,0,0,1
7258,0.4,3,0,0
7259,0.4,3,0,0
7260,2.0,0,1,1
7261,1.2000000000000002,0,1,1
7262,1.2000000000000002,0,1,1
7263,1.2000000000000002,0,1,1
7264,0.4,3,0,0
7265,2.0,0,1,1
7266,0.4,3,0,0
7267,2.0,0,1,1
7268,2.0,0,1,1
7269,1.2000000000000002,0,0,1
7270,1.2000000000000002,0,0,1
7271,2.0,0,1,0
7272,1.2000000000000002,0,1,1
7273,0.4,3,0,0
7274,0.4,3,0,0
7275,1.2000000000000002,0,1,0
7276,1.2000000000000002,0,1,1
7277,1.2000000000000002,0,1,1
7278,0.4,3,0,0
7279,0.4,3,0,0
7280,1.2000000000000002,0,1,1
7281,0.4,3,0,0
7282,1.2000000000000002,0,1,1
7283,0.4,3,0,0
7284,0.4,3,0,0
7285,0.4,3,0,0
7286,0.4,3,0,0
7287,1.2000000000000002,0,1,1
7288,1.2000000000000002,0,1,1
7289,1.2000000000000002,0,1,1
7290,2.0,0,1,1
7291,1.2000000000000002,0,1,1
7292,1.2000000000000002,0,1,1
7293,0.4,3,0,0
7294,0.4,3,0,0
7295,1.2000000000000002,0,1,1
7296,1.2000000000000002,0,1,1
7297,1.2000000000000002,0,1,1
7298,1.2000000000000002,0,1,1
7299,1.2000000000000002,0,1,1
7300,1.2000000000000002,0,0,0
7301,1.2000000000000002,3,0,0
7302,1.2000000000000002,0,1,1
7303,1.2000000000000002,0,1,1
7304,1.2000000000000002,0,1,1
7305,1.2000000000000002,0,1,1
7306,0.4,3,0,0
7307,2.0,0,1,1
7308,0.4,3,0,0
7309,0.4,3,0,0
7310,0.4,3,0,0
7311,0.4,3,0,0
7312,2.0,0,1,1
7313,0.4,3,0,0
7314,1.2000000000000002,0,1,0
7315,0.4,3,0,0
7316,1.2000000000000002,0,0,1
7317,0.4,3,0,0
7318,0.4,3,0,0
7319,0.4,3,0,0
7320,1.2000000000000002,0,1,1
7321,0.4,3,0,0
7322,2.0,0,1,1
7323,0.4,3,0,0
7324,1.2000000000000002,0,1,1
7325,0.4,3,0,1
7326,1.2000000000000002,0,1,1
7327,1.2000000000000002,0,1,1
7328,0.4,3,0,0
7329,0.4,3,0,0
7330,0.4,3,0,0
7331,1.2000000000000002,0,1,0
7332,1.2000000000000002,0,0,1
7333,2.8,0,1,1
7334,1.2000000000000002,0,1,1
7335,1.2000000000000002,0,1,1
7336,2.0,0,1,1
7337,2.0,0,1,1
7338,1.2000000000000002,0,1,1
7339,0.4,3,0,0
7340,1.2000000000000002,0,1,1
7341,1.2000000000000002,0,1,1
7342,1.2000000000000002,0,1,1
7343,1.2000000000000002,0,1,1
7344,1.2000000000000002,0,1,1
7345,2.0,0,1,1
7346,0.4,3,0,0
7347,0.4,3,0,0
7348,0.4,3,0,0
7349,0.4,3,0,0
7350,2.8,0,1,0
7351,0.4,3,0,0
7352,1.2000000000000002,0,0,0
7353,0.4,3,0,1
7354,0.4,3,0,0
7355,2.0,0,1,1
7356,1.2000000000000002,0,1,0
7357,1.2000000000000002,0,1,0
7358,1.2000000000000002,0,1,1
7359,0.4,3,0,0
7360,1.2000000000000002,0,1,1
7361,0.4,3,0,0
7362,1.2000000000000002,2,0,0
7363,1.2000000000000002,0,1,1
7364,0.4,3,0,0
7365,0.4,3,0,0
7366,0.4,3,0,0
7367,1.2000000000000002,0,1,0
7368,1.2000000000000002,0,1,1
7369,0.4,3,0,0
7370,0.4,3,0,0
7371,1.2000000000000002,0,1,1
7372,0.4,3,0,0
7373,1.2000000000000002,0,1,1
7374,2.0,0,1,1
7375,1.2000000000000002,0,1,1
7376,2.0,0,1,1
7377,2.0,0,1,1
7378,2.0,0,1,1
7379,1.2000000000000002,0,1,0
7380,2.0,0,1,1
7381,1.2000000000000002,0,1,1
7382,1.2000000000000002,0,1,1
7383,1.2000000000000002,0,1,1
7384,0.4,3,0,0
7385,0.4,3,0,0
7386,2.0,0,1,1
7387,1.2000000000000002,0,1,1
7388,0.4,3,0,0
7389,1.2000000000000002,0,1,0
7390,1.2000000000000002,0,1,1
7391,0.4,3,0,0
7392,0.4,3,0,0
7393,1.2000000000000002,0,1,1
7394,1.2000000000000002,0,1,1
7395,1.2000000000000002,0,0,1
7396,2.0,0,1,1
7397,0.4,3,0,0
7398,0.4,3,0,0
7399,0.4,3,0,0
7400,1.2000000000000002,0,1,0
7401,0.4,3,0,0
7402,0.4,3,0,0
7403,0.4,3,0,0
7404,1.2000000000000002,0,0,1
7405,1.2000000000000002,0,1,1
7406,1.2000000000000002,0,0,0
7407,1.2000000000000002,0,1,1
7408,0.4,3,0,0
7409,0.4,3,0,0
7410,1.2000000000000002,0,1,1
7411,1.2000000000000002,0,1,1
7412,0.4,3,0,0
7413,0.4,3,0,0
7414,1.2000000000000002,0,1,1
7415,0.4,3,0,0
7416,1.2000000000000002,2,0,0
7417,0.4,3,0,0
7418,0.4,3,0,0
7419,0.4,3,0,0
7420,2.0,0,1,1
7421,0.4,3,0,0
7422,1.2000000000000002,0,1,1
7423,1.2000000000000002,0,1,1
7424,1.2000000000000002,0,1,1
7425,1.2000000000000002,0,1,0
7426,0.4,3,0,0
7427,1.2000000000000002,0,1,0
7428,0.4,3,0,0
7429,0.4,3,0,0
7430,1.2000000000000002,0,1,1
7431,0.4,3,0,0
7432,1.2000000000000002,0,1,1
7433,0.4,3,0,0
7434,1.2000000000000002,0,0,1
7435,1.2000000000000002,0,1,1
7436,0.4,3,0,0
7437,0.4,3,0,0
7438,0.4,3,0,0
7439,1.2000000000000002,0,1,0
7440,0.4,3,0,0
7441,0.4,3,0,0
7442,0.4,3,0,1
7443,0.4,3,0,0
7444,2.0,0,1,1
7445,1.2000000000000002,0,1,1
7446,1.2000000000000002,0,1,0
7447,1.2000000000000002,0,1,1
7448,0.4,3,0,0
7449,1.2000000000000002,0,1,1
7450,2.0,0,1,1
7451,1.2000000000000002,0,1,1
7452,1.2000000000000002,0,1,1
7453,0.4,3,0,0
7454,0.4,3,0,0
7455,0.4,3,0,0
7456,0.4,3,0,0
7457,1.2000000000000002,0,1,1
7458,2.0,0,1,1
7459,1.2000000000000002,0,1,1
7460,1.2000000000000002,0,1,1
7461,0.4,3,0,0
7462,0.4,3,0,0
7463,0.4,3,0,0
7464,2.0,0,1,1
7465,0.4,3,0,0
7466,0.4,3,0,0
7467,2.0,0,1,1
7468,0.4,3,0,0
7469,1.2000000000000002,0,1,1
7470,1.2000000000000002,0,1,1
7471,1.2000000000000002,0,1,1
7472,1.2000000000000002,0,1,1
7473,1.2000000000000002,0,1,1
7474,1.2000000000000002,0,1,1
7475,1.2000000000000002,0,1,1
7476,1.2000000000000002,0,1,1
7477,1.2000000000000002,0,1,1
7478,0.4,3,0,0
7479,1.2000000000000002,0,1,1
7480,1.2000000000000002,0,0,1
7481,1.2000000000000002,0,1,1
7482,0.4,3,0,0
7483,0.4,3,0,0
7484,0.4,3,0,0
7485,1.2000000000000002,0,1,0
7486,1.2000000000000002,0,1,1
7487,0.4,3,0,0
7488,2.0,0,1,1
7489,0.4,3,0,0
7490,1.2000000000000002,0,1,1
7491,1.2000000000000002,0,0,1
7492,2.0,0,1,1
7493,1.2000000000000002,0,1,1
7494,1.2000000000000002,0,1,1
7495,0.4,3,0,0
7496,0.4,3,0,0
7497,1.2000000000000002,0,1,1
7498,2.0,0,1,1
7499,1.2000000000000002,0,1,0
7500,1.2000000000000002,0,1,1
7501,1.2000000000000002,0,1,1
7502,0.4,3,0,0
7503,1.2000000000000002,0,1,1
7504,0.4,3,0,0
7505,0.4,3,0,0
7506,1.2000000000000002,0,1,1
7507,1.2000000000000002,0,0,1
7508,0.4,3,0,0
7509,0.4,3,0,0
7510,1.2000000000000002,0,1,1
7511,0.4,3,0,0
7512,1.2000000000000002,0,1,1
7513,1.2000000000000002,0,1,0
7514,0.4,3,0,0
7515,1.2000000000000002,0,1,1
7516,1.2000000000000002,0,1,1
7517,0.4,3,0,0
7518,1.2000000000000002,0,1,1
7519,1.2000000000000002,0,1,1
7520,0.4,3,0,0
7521,0.4,3,0,0
7522,1.2000000000000002,0,1,1
7523,1.2000000000000002,0,1,1
7524,1.2000000000000002,0,1,1
7525,1.2000000000000002,0,1,1
7526,1.2000000000000002,0,0,1
7527,0.4,3,0,0
7528,0.4,3,0,0
7529,0.4,3,0,0
7530,0.4,3,0,0
7531,0.4,3,0,0
7532,0.4,3,0,0
7533,1.2000000000000002,0,1,1
7534,0.4,3,0,0
7535,0.4,3,0,0
7536,1.2000000000000002,0,1,1
7537,0.4,3,0,0
7538,1.2000000000000002,0,1,0
7539,1.2000000000000002,0,1,1
7540,1.2000000000000002,0,1,1
7541,2.8,0,1,1
7542,2.0,0,0,1
7543,0.4,3,0,0
7544,1.2000000000000002,0,1,1
7545,1.2000000000000002,0,1,1
7546,1.2000000000000002,1,1,0
7547,1.2000000000000002,0,0,1
7548,0.4,3,0,0
7549,0.4,3,0,0
7550,2.0,0,1,1
7551,1.2000000000000002,0,1,0
7552,2.0,0,1,1
7553,0.4,3,0,0
7554,1.2000000000000002,0,1,0
7555,2.0,0,1,1
7556,0.4,3,0,0
7557,0.4,3,0,0
7558,2.8,0,0,1
7559,1.2000000000000002,0,1,1
7560,1.2000000000000002,0,0,0
7561,0.4,3,0,1
7562,1.2000000000000002,0,1,1
7563,0.4,3,0,0
7564,0.4,3,0,0
7565,1.2000000000000002,0,1,1
7566,1.2000000000000002,0,1,1
7567,1.2000000000000002,0,1,1
7568,1.2000000000000002,0,1,1
7569,1.2000000000000002,0,1,1
7570,0.4,3,0,0
7571,0.4,3,0,1
7572,0.4,3,0,0
7573,0.4,3,0,0
7574,1.2000000000000002,0,1,1
7575,0.4,3,0,1
7576,1.2000000000000002,0,1,1
7577,1.2000000000000002,0,1,1
7578,1.2000000000000002,0,1,1
7579,1.2000000000000002,0,1,1
7580,0.4,3,0,1
7581,2.0,0,1,1
7582,1.2000000000000002,0,1,1
7583,2.0,0,1,1
7584,1.2000000000000002,0,1,1
7585,1.2000000000000002,0,1,1
7586,1.2000000000000002,0,1,0
7587,1.2000000000000002,0,1,1
7588,1.2000000000000002,0,1,1
7589,0.4,3,0,0
7590,0.4,3,0,0
7591,0.4,3,0,0
7592,2.0,0,1,1
7593,0.4,3,0,0
7594,2.0,0,1,1
7595,0.4,3,0,0
7596,0.4,3,0,0
7597,0.4,3,0,0
7598,1.2000000000000002,0,1,1
7599,1.2000000000000002,0,1,1
7600,1.2000000000000002,0,0,1
7601,2.0,0,1,1
7602,1.2000000000000002,0,1,1
7603,0.4,3,0,0
7604,0.4,3,0,0
7605,1.2000000000000002,0,1,1
7606,1.2000000000000002,0,0,1
7607,0.4,3,0,0
7608,1.2000000000000002,0,1,1
7609,1.2000000000000002,0,1,1
7610,0.4,3,0,0
7611,1.2000000000000002,0,1,1
7612,1.2000000000000002,0,1,1
7613,1.2000000000000002,0,1,0
7614,1.2000000000000002,0,1,1
7615,2.0,0,1,0
7616,0.4,3,0,0
7617,0.4,3,0,0
7618,1.2000000000000002,0,1,1
7619,0.4,3,0,0
7620,0.4,3,0,0
7621,0.4,3,0,0
7622,1.2000000000000002,0,1,1
7623,0.4,3,0,0
7624,1.2000000000000002,0,1,1
7625,1.2000000000000002,3,0,0
7626,0.4,3,0,0
7627,1.2000000000000002,0,1,1
7628,2.0,0,1,1
7629,1.2000000000000002,0,1,1
7630,2.0,0,0,0
7631,0.4,3,0,0
7632,2.0,0,1,1
7633,1.2000000000000002,0,1,1
7634,0.4,3,0,0
7635,0.4,3,0,0
7636,0.4,3,0,0
7637,0.4,3,0,1
7638,1.2000000000000002,0,1,0
7639,0.4,3,0,0
7640,1.2000000000000002,0,1,0
7641,0.4,3,0,0
7642,1.2000000000000002,0,0,1
7643,0.4,3,0,0
7644,1.2000000000000002,0,1,1
7645,2.0,0,0,1
7646,1.2000000000000002,0,1,1
7647,2.0,0,1,1
7648,1.2000000000000002,0,0,1
7649,1.2000000000000002,0,1,1
7650,1.2000000000000002,0,1,1
7651,1.2000000000000002,0,1,1
7652,1.2000000000000002,0,1,1
7653,1.2000000000000002,0,1,0
7654,0.4,3,0,0
7655,1.2000000000000002,0,1,1
7656,1.2000000000000002,0,1,1
7657,1.2000000000000002,0,1,1
7658,1.2000000000000002,0,1,1
7659,0.4,3,0,0
7660,1.2000000000000002,0,1,1
7661,1.2000000000000002,0,1,1
7662,0.4,3,0,0
7663,0.4,3,0,0
7664,0.4,3,0,0
7665,0.4,3,0,0
7666,1.2000000000000002,0,1,1
7667,1.2000000000000002,0,1,1
7668,0.4,3,0,0
7669,2.0,0,1,1
7670,0.4,3,0,0
7671,0.4,3,0,0
7672,0.4,3,0,1
7673,0.4,3,0,0
7674,1.2000000000000002,0,1,1
7675,1.2000000000000002,0,1,1
7676,0.4,3,0,0
7677,1.2000000000000002,0,1,1
7678,1.2000000000000002,0,1,1
7679,1.2000000000000002,0,1,1
7680,1.2000000000000002,0,1,1
7681,1.2000000000000002,0,1,1
7682,0.4,3,0,0
7683,0.4,3,0,0
7684,1.2000000000000002,0,1,1
7685,1.2000000000000002,0,1,1
7686,0.4,3,0,0
7687,1.2000000000000002,0,1,1
7688,0.4,3,0,0
7689,1.2000000000000002,0,1,1
7690,2.0,0,1,1
7691,0.4,3,0,0
7692,0.4,3,0,0
7693,1.2000000000000002,0,1,1
7694,1.2000000000000002,0,1,1
7695,0.4,3,0,0
7696,0.4,3,0,0
7697,1.2000000000000002,3,0,0
7698,0.4,3,0,0
7699,1.2000000000000002,0,1,1
7700,1.2000000000000002,0,1,1
7701,0.4,3,0,0
7702,2.0,0,0,1
7703,1.2000000000000002,0,1,1
7704,0.4,3,0,0
7705,0.4,3,0,0
7706,0.4,3,0,0
7707,0.4,3,0,0
7708,0.4,3,0,0
7709,1.2000000000000002,2,0,0
7710,1.2000000000000002,0,1,1
7711,0.4,3,0,0
7712,0.4,3,0,1
7713,0.4,3,0,1
7714,1.2000000000000002,0,1,0
7715,1.2000000000000002,0,1,1
7716,1.2000000000000002,0,1,0
7717,1.2000000000000002,0,1,1
7718,1.2000000000000002,0,1,1
7719,0.4,3,0,0
7720,1.2000000000000002,0,1,1
7721,1.2000000000000002,0,1,1
7722,0.4,3,0,0
7723,0.4,3,0,0
7724,1.2000000000000002,0,1,1
7725,1.2000000000000002,0,1,1
7726,1.2000000000000002,0,1,1
7727,1.2000000000000002,0,1,1
7728,2.0,0,1,1
7729,0.4,3,0,0
7730,1.2000000000000002,0,1,0
7731,0.4,3,0,0
7732,1.2000000000000002,0,1,1
7733,1.2000000000000002,0,0,1
7734,1.2000000000000002,0,1,1
7735,1.2000000000000002,0,0,1
7736,0.4,3,0,0
7737,0.4,3,0,0
7738,0.4,3,0,0
7739,1.2000000000000002,0,1,0
7740,0.4,3,0,0
7741,0.4,3,0,0
7742,1.2000000000000002,0,1,1
7743,1.2000000000000002,0,1,1
7744,0.4,3,0,0
7745,1.2000000000000002,0,1,1
7746,1.2000000000000002,0,1,1
7747,0.4,3,0,0
7748,1.2000000000000002,0,1,0
7749,1.2000000000000002,0,1,1
7750,2.0,0,1,1
7751,0.4,3,0,0
7752,1.2000000000000002,0,1,1
7753,0.4,3,0,0
7754,0.4,3,0,0
7755,1.2000000000000002,0,1,1
7756,1.2000000000000002,0,1,1
7757,1.2000000000000002,3,0,0
7758,1.2000000000000002,0,1,1
7759,0.4,3,0,0
7760,0.4,3,0,0
7761,1.2000000000000002,2,0,0
7762,0.4,3,0,0
7763,0.4,3,0,0
7764,1.2000000000000002,0,1,1
7765,1.2000000000000002,0,1,1
7766,1.2000000000000002,0,1,1
7767,0.4,3,0,0
7768,1.2000000000000002,0,1,1
7769,0.4,3,0,0
7770,1.2000000000000002,0,1,1
7771,0.4,3,0,0
7772,1.2000000000000002,0,1,1
7773,0.4,3,0,0
7774,2.0,0,1,0
7775,1.2000000000000002,0,0,0
7776,1.2000000000000002,0,1,1
7777,0.4,3,0,0
7778,2.0,0,0,1
7779,2.0,0,1,1
7780,2.0,0,0,1
7781,0.4,3,0,0
7782,0.4,3,0,1
7783,1.2000000000000002,0,1,1
7784,0.4,3,0,0
7785,1.2000000000000002,0,1,1
7786,0.4,3,0,0
7787,0.4,3,0,0
7788,1.2000000000000002,0,0,1
7789,0.4,3,0,0
7790,1.2000000000000002,0,1,1
7791,1.2000000000000002,0,1,1
7792,0.4,3,0,0
7793,0.4,3,0,0
7794,0.4,3,0,0
7795,1.2000000000000002,0,1,1
7796,1.2000000000000002,0,1,1
7797,2.0,0,1,0
7798,1.2000000000000002,0,0,1
7799,0.4,3,0,0
7800,0.4,3,0,0
7801,2.0,0,1,1
7802,0.4,3,0,0
7803,1.2000000000000002,0,1,0
7804,2.0,0,0,1
7805,1.2000000000000002,0,1,1
7806,0.4,3,0,0
7807,1.2000000000000002,0,1,1
7808,0.4,3,0,0
7809,0.4,3,0,0
7810,1.2000000000000002,0,0,1
7811,2.0,0,1,1
7812,2.0,0,1,0
7813,0.4,3,0,0
7814,0.4,3,0,0
7815,1.2000000000000002,0,1,1
7816,0.4,3,0,0
7817,1.2000000000000002,0,1,0
7818,0.4,3,0,0
7819,1.2000000000000002,0,1,1
7820,1.2000000000000002,0,1,1
7821,1.2000000000000002,0,1,1
7822,1.2000000000000002,0,1,0
7823,0.4,3,0,0
7824,0.4,3,0,0
7825,2.0,0,0,0
7826,0.4,3,0,0
7827,1.2000000000000002,0,1,0
7828,0.4,3,0,1
7829,0.4,3,0,0
7830,2.0,0,1,1
7831,0.4,3,0,0
7832,0.4,3,0,0
7833,1.2000000000000002,3,0,0
7834,1.2000000000000002,0,1,1
7835,1.2000000000000002,0,1,1
7836,1.2000000000000002,0,1,1
7837,0.4,3,0,0
7838,1.2000000000000002,0,1,1
7839,1.2000000000000002,0,1,1
7840,1.2000000000000002,0,1,1
7841,1.2000000000000002,0,1,0
7842,2.0,0,1,1
7843,2.0,0,1,1
7844,1.2000000000000002,0,1,1
7845,1.2000000000000002,0,1,0
7846,1.2000000000000002,2,0,1
7847,2.0,0,1,1
7848,1.2000000000000002,0,1,0
7849,1.2000000000000002,0,1,1
7850,1.2000000000000002,0,1,1
7851,0.4,3,0,0
7852,1.2000000000000002,0,0,1
7853,2.0,0,1,1
7854,0.4,3,0,1
7855,0.4,3,0,0
7856,1.2000000000000002,0,1,1
7857,2.0,0,1,1
7858,0.4,3,0,0
7859,0.4,3,0,0
7860,1.2000000000000002,0,1,1
7861,0.4,3,0,0
7862,2.0,0,1,1
7863,1.2000000000000002,0,1,1
7864,2.0,0,1,1
7865,1.2000000000000002,0,1,0
7866,1.2000000000000002,0,1,1
7867,1.2000000000000002,0,1,1
7868,0.4,3,0,0
7869,0.4,3,0,0
7870,0.4,3,0,0
7871,0.4,3,0,1
7872,0.4,3,0,0
7873,1.2000000000000002,0,0,1
7874,1.2000000000000002,0,1,1
7875,0.4,3,0,0
7876,1.2000000000000002,0,1,1
7877,1.2000000000000002,0,1,1
7878,1.2000000000000002,0,1,0
7879,0.4,3,0,0
7880,0.4,3,0,0
7881,1.2000000000000002,0,1,0
7882,0.4,3,0,0
7883,0.4,3,0,0
7884,1.2000000000000002,0,1,1
7885,1.2000000000000002,0,1,1
7886,1.2000000000000002,0,1,0
7887,1.2000000000000002,0,0,1
7888,0.4,3,0,0
7889,0.4,3,0,0
7890,1.2000000000000002,0,1,1
7891,1.2000000000000002,0,1,1
7892,0.4,3,0,0
7893,1.2000000000000002,0,1,1
7894,1.2000000000000002,0,1,1
7895,2.0,0,0,1
7896,0.4,3,0,0
7897,1.2000000000000002,0,1,1
7898,1.2000000000000002,0,1,1
7899,0.4,3,0,0
7900,0.4,3,0,0
7901,0.4,3,0,0
7902,1.2000000000000002,0,0,1
7903,1.2000000000000002,0,1,1
7904,0.4,3,0,0
7905,0.4,3,0,0
7906,1.2000000000000002,0,1,1
7907,2.0,0,1,1
7908,1.2000000000000002,0,0,1
7909,2.0,0,1,1
7910,0.4,3,0,0
7911,0.4,3,0,0
7912,1.2000000000000002,0,1,1
7913,1.2000000000000002,0,1,1
7914,1.2000000000000002,0,1,1
7915,1.2000000000000002,0,1,1
7916,2.0,0,1,1
7917,1.2000000000000002,0,1,1
7918,1.2000000000000002,0,1,0
7919,0.4,3,0,0
7920,1.2000000000000002,0,0,1
7921,0.4,3,0,0
7922,0.4,3,0,0
7923,2.0,0,1,0
7924,2.0,0,1,1
7925,0.4,3,0,0
7926,2.0,0,1,1
7927,0.4,3,0,0
7928,1.2000000000000002,0,1,0
7929,0.4,3,0,0
7930,2.0,0,0,1
7931,1.2000000000000002,0,1,1
7932,1.2000000000000002,0,1,1
7933,1.2000000000000002,0,1,1
7934,1.2000000000000002,0,1,1
7935,1.2000000000000002,0,1,1
7936,0.4,3,0,0
7937,1.2000000000000002,0,1,1
7938,1.2000000000000002,0,1,1
7939,0.4,3,0,0
7940,1.2000000000000002,0,0,1
7941,2.0,0,1,1
7942,2.0,0,0,1
7943,0.4,3,0,0
7944,1.2000000000000002,0,1,1
7945,1.2000000000000002,0,1,1
7946,0.4,3,0,0
7947,2.0,0,1,1
7948,0.4,3,0,0
7949,0.4,3,0,0
7950,0.4,3,0,0
7951,0.4,3,0,0
7952,0.4,3,0,1
7953,1.2000000000000002,0,1,1
7954,1.2000000000000002,0,1,1
7955,0.4,3,0,0
7956,0.4,3,0,0
7957,2.0,0,1,1
7958,1.2000000000000002,0,0,1
7959,0.4,3,0,0
7960,0.4,3,0,0
7961,2.0,0,1,1
7962,0.4,3,0,0
7963,1.2000000000000002,0,1,1
7964,1.2000000000000002,0,1,1
7965,0.4,3,0,0
7966,2.0,0,1,1
7967,2.0,0,1,1
7968,0.4,3,0,0
7969,1.2000000000000002,0,1,1
7970,1.2000000000000002,0,1,0
7971,0.4,3,0,0
7972,1.2000000000000002,0,1,1
7973,0.4,3,0,0
7974,1.2000000000000002,1,1,0
7975,1.2000000000000002,3,0,0
7976,1.2000000000000002,0,1,0
7977,1.2000000000000002,0,1,1
7978,2.0,0,1,1
7979,1.2000000000000002,0,1,0
7980,0.4,3,0,1
7981,0.4,3,0,0
7982,0.4,3,0,0
7983,1.2000000000000002,0,0,1
7984,0.4,3,0,0
7985,1.2000000000000002,0,1,1
7986,1.2000000000000002,0,1,1
7987,0.4,3,0,0
7988,0.4,3,0,0
7989,0.4,3,0,0
7990,1.2000000000000002,0,1,1
7991,1.2000000000000002,0,1,1
7992,1.2000000000000002,0,0,1
7993,0.4,3,0,0
7994,0.4,3,0,0
7995,1.2000000000000002,0,1,1
7996,0.4,3,0,0
7997,1.2000000000000002,0,1,1
7998,1.2000000000000002,0,1,1
7999,0.4,3,0,0
8000,1.2000000000000002,0,1,1
8001,1.2000000000000002,0,1,1
8002,0.4,3,0,0
8003,1.2000000000000002,0,1,1
8004,1.2000000000000002,0,1,1
8005,1.2000000000000002,0,1,1
8006,0.4,3,0,0
8007,1.2000000000000002,0,1,1
8008,1.2000000000000002,0,1,1
8009,1.2000000000000002,0,1,1
8010,1.2000000000000002,0,1,1
8011,1.2000000000000002,0,1,1
8012,0.4,3,0,0
8013,0.4,3,0,0
8014,1.2000000000000002,0,1,0
8015,1.2000000000000002,1,1,1
8016,0.4,3,0,0
8017,0.4,3,0,0
8018,1.2000000000000002,2,0,1
8019,0.4,3,0,0
8020,2.0,0,0,1
8021,1.2000000000000002,0,1,1
8022,0.4,3,0,0
8023,2.0,0,1,0
8024,0.4,3,0,0
8025,1.2000000000000002,0,1,1
8026,0.4,3,0,0
8027,0.4,3,0,0
8028,1.2000000000000002,0,1,0
8029,1.2000000000000002,0,1,1
8030,2.0,0,1,1
8031,1.2000000000000002,0,0,1
8032,0.4,3,0,1
8033,0.4,3,0,0
8034,1.2000000000000002,0,0,1
8035,1.2000000000000002,0,1,0
8036,1.2000000000000002,0,1,1
8037,2.0,0,1,1
8038,1.2000000000000002,0,1,1
8039,1.2000000000000002,0,1,1
8040,0.4,3,0,0
8041,1.2000000000000002,0,1,1
8042,1.2000000000000002,0,1,1
8043,2.0,0,1,1
8044,1.2000000000000002,0,1,0
8045,0.4,3,0,0
8046,0.4,3,0,0
8047,0.4,3,0,0
8048,1.2000000000000002,0,0,1
8049,0.4,3,0,0
8050,0.4,3,0,0
8051,0.4,3,0,0
8052,1.2000000000000002,1,1,1
8053,0.4,3,0,0
8054,0.4,3,0,1
8055,0.4,3,0,0
8056,1.2000000000000002,0,1,1
8057,1.2000000000000002,0,0,1
8058,2.0,0,1,0
8059,1.2000000000000002,0,1,1
8060,0.4,3,0,0
8061,2.0,0,1,1
8062,1.2000000000000002,0,1,0
8063,1.2000000000000002,0,1,1
8064,0.4,3,0,0
8065,0.4,3,0,0
8066,0.4,3,0,0
8067,1.2000000000000002,0,1,1
8068,1.2000000000000002,0,1,1
8069,1.2000000000000002,2,0,0
8070,0.4,3,0,0
8071,1.2000000000000002,0,0,1
8072,1.2000000000000002,0,1,1
8073,0.4,3,0,0
8074,1.2000000000000002,0,0,1
8075,0.4,3,0,0
8076,1.2000000000000002,0,1,1
8077,1.2000000000000002,0,1,1
8078,1.2000000000000002,0,1,1
8079,4.4,0,1,1
8080,1.2000000000000002,0,1,1
8081,1.2000000000000002,0,1,1
8082,0.4,3,0,0
8083,0.4,3,0,0
8084,2.0,0,0,1
8085,1.2000000000000002,0,0,1
8086,0.4,3,0,0
8087,1.2000000000000002,0,1,1
8088,0.4,3,0,0
8089,1.2000000000000002,0,1,0
8090,0.4,3,0,0
8091,0.4,3,0,0
8092,0.4,3,0,0
8093,0.4,3,0,0
8094,1.2000000000000002,0,1,1
8095,0.4,3,0,0
8096,1.2000000000000002,0,1,1
8097,0.4,3,0,1
8098,1.2000000000000002,0,1,1
8099,0.4,3,0,0
8100,1.2000000000000002,0,1,1
8101,0.4,3,0,0
8102,0.4,3,0,1
8103,0.4,3,0,0
8104,1.2000000000000002,0,1,1
8105,0.4,3,0,0
8106,1.2000000000000002,0,1,1
8107,1.2000000000000002,0,0,1
8108,1.2000000000000002,0,1,1
8109,0.4,3,0,0
8110,2.0,0,1,1
8111,2.0,0,1,1
8112,1.2000000000000002,0,1,1
8113,2.0,0,1,1
8114,1.2000000000000002,0,1,1
8115,1.2000000000000002,0,1,1
8116,1.2000000000000002,0,1,1
8117,2.0,0,0,1
8118,0.4,3,0,0
8119,0.4,3,0,0
8120,0.4,3,0,0
8121,1.2000000000000002,0,1,0
8122,0.4,3,0,0
8123,1.2000000000000002,0,1,1
8124,1.2000000000000002,0,0,0
8125,1.2000000000000002,0,0,1
8126,1.2000000000000002,0,1,1
8127,1.2000000000000002,0,1,1
8128,0.4,3,0,0
8129,0.4,3,0,0
8130,1.2000000000000002,0,1,1
8131,2.0,0,1,1
8132,0.4,3,0,0
8133,0.4,3,0,0
8134,2.0,0,1,1
8135,2.0,0,1,1
8136,1.2000000000000002,0,1,1
8137,1.2000000000000002,0,1,1
8138,2.0,0,1,1
8139,1.2000000000000002,0,0,1
8140,1.2000000000000002,0,1,1
8141,1.2000000000000002,0,1,1
8142,0.4,3,0,0
8143,0.4,3,0,0
8144,0.4,3,0,0
8145,0.4,3,0,0
8146,0.4,3,0,0
8147,1.2000000000000002,0,1,1
8148,1.2000000000000002,0,1,0
8149,0.4,3,0,0
8150,0.4,3,0,0
8151,1.2000000000000002,0,1,1
8152,0.4,3,0,0
8153,2.0,0,1,1
8154,1.2000000000000002,0,1,0
8155,0.4,3,0,0
8156,0.4,3,0,0
8157,0.4,3,0,0
8158,1.2000000000000002,0,1,1
8159,1.2000000000000002,0,1,1
8160,1.2000000000000002,0,1,1
8161,0.4,3,0,0
8162,0.4,3,0,0
8163,1.2000000000000002,0,1,1
8164,1.2000000000000002,0,1,1
8165,0.4,3,0,0
8166,2.0,0,1,1
8167,0.4,3,0,0
8168,0.4,3,0,1
8169,1.2000000000000002,0,1,1
8170,0.4,3,0,0
8171,0.4,3,0,0
8172,1.2000000000000002,0,1,0
8173,1.2000000000000002,0,1,1
8174,0.4,3,0,0
8175,0.4,3,0,0
8176,1.2000000000000002,0,1,1
8177,0.4,3,0,0
8178,0.4,3,0,0
8179,1.2000000000000002,0,0,1
8180,1.2000000000000002,0,1,1
8181,1.2000000000000002,0,1,1
8182,1.2000000000000002,0,1,1
8183,0.4,3,0,0
8184,1.2000000000000002,0,1,1
8185,0.4,3,0,0
8186,1.2000000000000002,0,1,1
8187,0.4,3,0,0
8188,0.4,3,0,0
8189,1.2000000000000002,0,1,0
8190,2.0,0,1,0
8191,2.0,0,1,1
8192,1.2000000000000002,0,1,1
8193,0.4,3,0,0
8194,0.4,3,0,0
8195,2.0,0,1,1
8196,1.2000000000000002,0,0,0
8197,1.2000000000000002,0,1,1
8198,1.2000000000000002,0,1,0
8199,0.4,3,0,0
8200,0.4,3,0,0
8201,0.4,3,0,0
8202,2.0,0,1,0
8203,0.4,3,0,0
8204,0.4,3,0,0
8205,1.2000000000000002,0,0,1
8206,1.2000000000000002,0,1,1
8207,1.2000000000000002,0,1,0
8208,1.2000000000000002,0,1,1
8209,1.2000000000000002,0,1,1
8210,0.4,3,0,0
8211,0.4,3,0,0
8212,1.2000000000000002,0,1,1
8213,1.2000000000000002,0,1,1
8214,1.2000000000000002,0,1,1
8215,1.2000000000000002,0,1,1
8216,0.4,3,0,0
8217,1.2000000000000002,0,1,1
8218,0.4,3,0,0
8219,1.2000000000000002,0,1,1
8220,2.0,0,1,1
8221,1.2000000000000002,0,1,1
8222,1.2000000000000002,0,1,1
8223,0.4,3,0,0
8224,1.2000000000000002,0,1,1
8225,0.4,3,0,0
8226,1.2000000000000002,0,1,1
8227,0.4,3,0,0
8228,2.0,0,1,1
8229,0.4,3,0,0
8230,0.4,3,0,0
8231,0.4,3,0,0
8232,0.4,3,0,0
8233,1.2000000000000002,0,1,1
8234,0.4,3,0,0
8235,0.4,3,0,0
8236,0.4,3,0,0
8237,1.2000000000000002,0,0,0
8238,1.2000000000000002,0,1,1
8239,1.2000000000000002,0,1,1
8240,1.2000000000000002,0,1,1
8241,0.4,3,0,0
8242,0.4,3,0,0
8243,0.4,3,0,0
8244,0.4,3,0,0
8245,2.0,0,1,1
8246,1.2000000000000002,0,1,1
8247,0.4,3,0,0
8248,1.2000000000000002,0,1,1
8249,0.4,3,0,0
8250,0.4,3,0,0
8251,1.2000000000000002,0,1,1
8252,0.4,3,0,0
8253,0.4,3,0,0
8254,0.4,3,0,0
8255,0.4,3,0,0
8256,1.2000000000000002,0,1,1
8257,0.4,3,0,0
8258,1.2000000000000002,0,1,1
8259,1.2000000000000002,0,1,1
8260,1.2000000000000002,0,1,1
8261,0.4,3,0,0
8262,1.2000000000000002,0,1,1
8263,2.0,0,0,1
8264,1.2000000000000002,0,1,1
8265,1.2000000000000002,0,0,1
8266,0.4,3,0,0
8267,0.4,3,0,0
8268,1.2000000000000002,0,1,1
8269,1.2000000000000002,0,1,1
8270,1.2000000000000002,0,0,1
8271,0.4,3,0,0
8272,1.2000000000000002,0,1,0
8273,0.4,3,0,0
8274,0.4,3,0,0
8275,1.2000000000000002,0,1,1
8276,2.0,0,1,1
8277,2.0,0,1,1
8278,2.0,0,1,0
8279,0.4,3,0,0
8280,1.2000000000000002,0,1,1
8281,1.2000000000000002,0,1,0
8282,0.4,3,0,0
8283,2.0,0,0,1
8284,1.2000000000000002,0,1,1
8285,1.2000000000000002,0,1,1
8286,0.4,3,0,0
8287,1.2000000000000002,0,1,0
8288,0.4,3,0,0
8289,0.4,3,0,0
8290,0.4,3,0,1
8291,1.2000000000000002,0,1,1
8292,2.0,0,1,1
8293,1.2000000000000002,0,0,1
8294,1.2000000000000002,0,0,1
8295,1.2000000000000002,0,1,1
8296,0.4,1,1,1
8297,2.0,0,1,1
8298,2.0,0,0,1
8299,1.2000000000000002,0,1,0
8300,0.4,3,0,0
8301,0.4,3,0,0
8302,0.4,3,0,0
8303,1.2000000000000002,0,1,0
8304,2.0,0,1,1
8305,1.2000000000000002,0,1,1
8306,0.4,3,0,0
8307,0.4,3,0,0
8308,1.2000000000000002,0,1,1
8309,1.2000000000000002,0,0,1
8310,1.2000000000000002,0,1,1
8311,1.2000000000000002,0,1,0
8312,1.2000000000000002,0,1,1
8313,0.4,3,0,0
8314,1.2000000000000002,3,0,0
8315,0.4,3,0,0
8316,0.4,3,0,0
8317,0.4,3,0,0
8318,1.2000000000000002,0,1,1
8319,1.2000000000000002,0,1,0
8320,2.0,0,1,1
8321,1.2000000000000002,0,0,1
8322,0.4,3,0,0
8323,0.4,3,0,0
8324,0.4,3,0,0
8325,1.2000000000000002,0,1,1
8326,1.2000000000000002,0,1,1
8327,0.4,3,0,0
8328,1.2000000000000002,0,1,1
8329,1.2000000000000002,0,0,1
8330,1.2000000000000002,0,1,0
8331,0.4,3,0,0
8332,1.2000000000000002,0,1,1
8333,2.0,0,1,1
8334,1.2000000000000002,0,0,0
8335,1.2000000000000002,0,1,1
8336,1.2000000000000002,0,1,1
8337,2.0,0,1,1
8338,1.2000000000000002,0,1,1
8339,1.2000000000000002,0,1,1
8340,2.0,0,1,1
8341,1.2000000000000002,0,1,1
8342,2.0,0,1,1
8343,1.2000000000000002,0,1,1
8344,0.4,3,0,0
8345,1.2000000000000002,0,0,1
8346,1.2000000000000002,0,1,1
8347,0.4,3,0,0
8348,0.4,3,0,0
8349,0.4,3,0,0
8350,0.4,3,0,0
8351,1.2000000000000002,0,1,0
8352,1.2000000000000002,0,1,1
8353,0.4,3,0,0
8354,1.2000000000000002,0,1,1
8355,0.4,3,0,0
8356,1.2000000000000002,2,0,0
8357,2.0,0,1,1
8358,0.4,3,0,1
8359,1.2000000000000002,0,1,1
8360,2.0,0,1,1
8361,0.4,3,0,0
8362,2.0,0,1,1
8363,1.2000000000000002,0,1,1
8364,0.4,3,0,0
8365,0.4,3,0,0
8366,1.2000000000000002,0,1,1
8367,2.0,0,1,1
8368,0.4,3,0,0
8369,0.4,3,0,0
8370,1.2000000000000002,0,0,1
8371,1.2000000000000002,0,1,1
8372,0.4,3,0,0
8373,1.2000000000000002,0,1,1
8374,0.4,3,0,0
8375,0.4,3,0,0
8376,2.0,0,1,1
8377,1.2000000000000002,0,1,1
8378,0.4,3,0,0
8379,0.4,3,0,0
8380,0.4,3,0,0
8381,1.2000000000000002,0,1,1
8382,1.2000000000000002,0,0,1
8383,0.4,3,0,0
8384,0.4,3,0,1
8385,1.2000000000000002,0,1,1
8386,1.2000000000000002,0,1,1
8387,0.4,3,0,0
8388,0.4,3,0,0
8389,0.4,3,0,0
8390,0.4,3,0,0
8391,1.2000000000000002,0,1,1
8392,2.8,0,1,1
8393,1.2000000000000002,0,1,1
8394,1.2000000000000002,0,1,0
8395,1.2000000000000002,0,1,1
8396,1.2000000000000002,0,1,1
8397,2.0,0,0,1
8398,0.4,3,0,0
8399,1.2000000000000002,0,1,1
8400,1.2000000000000002,0,1,1
8401,1.2000000000000002,0,1,1
8402,1.2000000000000002,0,1,1
8403,1.2000000000000002,0,1,1
8404,1.2000000000000002,0,1,1
8405,0.4,3,0,0
8406,0.4,3,0,0
8407,1.2000000000000002,0,1,1
8408,0.4,3,0,0
8409,2.0,0,1,1
8410,0.4,3,0,1
8411,1.2000000000000002,0,1,1
8412,1.2000000000000002,0,1,1
8413,1.2000000000000002,0,1,1
8414,2.0,0,1,1
8415,1.2000000000000002,0,0,1
8416,1.2000000000000002,0,1,1
8417,0.4,3,0,0
8418,1.2000000000000002,0,1,1
8419,0.4,3,0,0
8420,0.4,3,0,0
8421,1.2000000000000002,0,1,1
8422,1.2000000000000002,0,1,1
8423,0.4,3,0,0
8424,0.4,3,0,0
8425,0.4,3,0,0
8426,2.0,0,0,1
8427,0.4,3,0,0
8428,1.2000000000000002,0,0,1
8429,0.4,3,0,1
8430,1.2000000000000002,0,0,1
8431,1.2000000000000002,0,1,1
8432,1.2000000000000002,0,1,1
8433,1.2000000000000002,0,1,1
8434,0.4,3,0,0
8435,1.2000000000000002,0,0,1
8436,1.2000000000000002,0,1,1
8437,1.2000000000000002,0,1,0
8438,0.4,3,0,0
8439,0.4,3,0,0
8440,0.4,3,0,0
8441,1.2000000000000002,0,1,1
8442,1.2000000000000002,0,1,1
8443,0.4,3,0,0
8444,0.4,3,0,0
8445,1.2000000000000002,2,0,1
8446,1.2000000000000002,0,1,1
8447,0.4,3,0,0
8448,0.4,3,0,0
8449,2.8,0,1,1
8450,1.2000000000000002,0,1,1
8451,1.2000000000000002,0,1,1
8452,1.2000000000000002,0,1,1
8453,1.2000000000000002,0,1,0
8454,0.4,3,0,0
8455,2.0,0,1,1
8456,1.2000000000000002,0,1,1
8457,2.0,0,1,1
8458,1.2000000000000002,0,1,1
8459,1.2000000000000002,0,1,1
8460,0.4,3,0,0
8461,0.4,3,0,0
8462,0.4,3,0,0
8463,0.4,3,0,0
8464,2.0,0,1,1
8465,1.2000000000000002,3,0,0
8466,0.4,3,0,0
8467,0.4,3,0,0
8468,1.2000000000000002,0,1,1
8469,1.2000000000000002,0,1,1
8470,1.2000000000000002,0,1,1
8471,1.2000000000000002,0,1,1
8472,0.4,3,0,0
8473,1.2000000000000002,0,1,1
8474,0.4,3,0,0
8475,1.2000000000000002,0,1,1
8476,2.0,0,1,0
8477,1.2000000000000002,0,1,1
8478,0.4,3,0,0
8479,0.4,3,0,0
8480,1.2000000000000002,0,1,1
8481,1.2000000000000002,0,1,1
8482,0.4,3,0,0
8483,2.8,0,1,1
8484,2.0,0,1,1
8485,1.2000000000000002,0,1,1
8486,1.2000000000000002,0,1,1
8487,0.4,3,0,0
8488,1.2000000000000002,0,1,1
8489,1.2000000000000002,0,1,1
8490,0.4,3,0,0
8491,0.4,3,0,1
8492,1.2000000000000002,0,1,1
8493,2.0,0,0,1
8494,0.4,3,0,0
8495,0.4,3,0,0
8496,1.2000000000000002,0,1,1
8497,0.4,3,0,0
8498,1.2000000000000002,0,1,1
8499,1.2000000000000002,0,1,1
8500,0.4,3,0,0
8501,0.4,3,0,0
8502,0.4,3,0,0
8503,2.8,0,1,1
8504,1.2000000000000002,0,0,1
8505,0.4,3,0,0
8506,0.4,3,0,0
8507,0.4,3,0,0
8508,0.4,3,0,0
8509,0.4,3,0,0
8510,2.0,0,0,1
8511,1.2000000000000002,0,1,1
8512,1.2000000000000002,0,1,1
8513,1.2000000000000002,0,0,1
8514,0.4,3,0,0
8515,1.2000000000000002,0,1,1
8516,0.4,3,0,1
8517,1.2000000000000002,0,1,1
8518,0.4,3,0,0
8519,1.2000000000000002,0,1,1
8520,2.0,0,0,1
8521,0.4,3,0,0
8522,0.4,3,0,0
8523,1.2000000000000002,0,1,1
8524,1.2000000000000002,0,1,1
8525,1.2000000000000002,0,1,1
8526,0.4,3,0,0
8527,0.4,3,0,0
8528,1.2000000000000002,0,1,1
8529,2.0,0,1,1
8530,0.4,3,0,0
8531,2.8,0,1,1
8532,2.0,0,1,0
8533,0.4,3,0,0
8534,0.4,3,0,0
8535,1.2000000000000002,0,1,1
8536,0.4,3,0,0
8537,1.2000000000000002,0,1,1
8538,1.2000000000000002,0,1,0
8539,1.2000000000000002,0,0,1
8540,1.2000000000000002,0,1,1
8541,1.2000000000000002,0,1,1
8542,2.8,0,1,1
8543,1.2000000000000002,0,1,1
8544,2.8,0,1,1
8545,0.4,3,0,0
8546,1.2000000000000002,0,1,1
8547,1.2000000000000002,0,1,1
8548,0.4,3,0,0
8549,1.2000000000000002,0,1,1
8550,0.4,3,0,0
8551,0.4,3,0,0
8552,1.2000000000000002,0,1,1
8553,1.2000000000000002,0,1,1
8554,1.2000000000000002,0,1,1
8555,1.2000000000000002,0,1,1
8556,1.2000000000000002,0,1,1
8557,0.4,3,0,0
8558,1.2000000000000002,0,1,1
8559,0.4,3,0,0
8560,1.2000000000000002,0,1,1
8561,2.0,0,1,1
8562,1.2000000000000002,0,0,1
8563,1.2000000000000002,0,1,1
8564,1.2000000000000002,0,1,1
8565,1.2000000000000002,0,0,1
8566,0.4,3,0,0
8567,0.4,3,0,0
8568,1.2000000000000002,0,1,1
8569,2.0,0,1,1
8570,1.2000000000000002,0,0,1
8571,0.4,3,0,0
8572,1.2000000000000002,3,0,0
8573,1.2000000000000002,0,1,1
8574,0.4,3,0,0
8575,1.2000000000000002,0,1,1
8576,0.4,3,0,0
8577,1.2000000000000002,0,1,1
8578,1.2000000000000002,0,1,1
8579,1.2000000000000002,0,1,0
8580,0.4,3,0,0
8581,1.2000000000000002,0,1,1
8582,1.2000000000000002,0,1,0
8583,1.2000000000000002,0,1,1
8584,1.2000000000000002,3,0,0
8585,0.4,3,0,1
8586,1.2000000000000002,0,1,1
8587,1.2000000000000002,0,1,1
8588,0.4,3,0,1
8589,0.4,3,0,0
8590,0.4,3,0,0
8591,1.2000000000000002,0,1,1
8592,0.4,3,0,0
8593,1.2000000000000002,0,1,0
8594,2.0,0,0,0
8595,1.2000000000000002,0,1,1
8596,1.2000000000000002,0,1,1
8597,1.2000000000000002,0,1,1
8598,0.4,3,0,0
8599,2.0,0,0,1
8600,0.4,3,0,0
8601,0.4,3,0,0
8602,1.2000000000000002,0,1,1
8603,2.0,0,1,1
8604,0.4,3,0,0
8605,0.4,3,0,0
8606,0.4,3,0,0
8607,1.2000000000000002,0,1,1
8608,1.2000000000000002,0,1,1
8609,1.2000000000000002,0,1,1
8610,0.4,3,0,0
8611,1.2000000000000002,0,0,1
8612,1.2000000000000002,0,1,1
8613,1.2000000000000002,0,1,1
8614,0.4,3,0,0
8615,2.0,0,1,1
8616,1.2000000000000002,0,1,1
8617,0.4,3,0,0
8618,0.4,3,0,0
8619,0.4,3,0,0
8620,2.0,0,1,1
8621,2.0,0,1,1
8622,0.4,3,0,0
8623,2.0,0,1,0
8624,1.2000000000000002,0,1,0
8625,0.4,3,0,0
8626,0.4,3,0,0
8627,1.2000000000000002,0,1,1
8628,1.2000000000000002,0,1,1
8629,1.2000000000000002,0,1,0
8630,1.2000000000000002,0,1,1
8631,2.0,0,1,1
8632,2.0,0,1,1
8633,1.2000000000000002,0,1,1
8634,1.2000000000000002,0,1,1
8635,1.2000000000000002,0,1,1
8636,0.4,3,0,0
8637,0.4,3,0,0
8638,1.2000000000000002,0,1,1
8639,1.2000000000000002,0,1,1
8640,2.0,0,1,1
8641,1.2000000000000002,0,1,1
8642,0.4,3,0,0
8643,0.4,3,0,0
8644,2.0,0,0,1
8645,0.4,3,0,0
8646,1.2000000000000002,0,1,1
8647,0.4,3,0,0
8648,2.0,0,1,1
8649,1.2000000000000002,0,1,1
8650,1.2000000000000002,0,0,1
8651,0.4,3,0,0
8652,1.2000000000000002,0,1,1
8653,0.4,3,0,0
8654,1.2000000000000002,0,1,1
8655,0.4,3,0,0
8656,1.2000000000000002,0,1,0
8657,2.0,0,1,1
8658,0.4,3,0,0
8659,0.4,3,0,0
8660,1.2000000000000002,0,1,0
8661,1.2000000000000002,0,1,1
8662,0.4,3,0,0
8663,1.2000000000000002,0,1,1
8664,1.2000000000000002,0,1,1
8665,0.4,3,0,0
8666,0.4,3,0,0
8667,1.2000000000000002,3,0,1
8668,2.0,0,0,1
8669,2.0,0,1,1
8670,1.2000000000000002,0,1,1
8671,0.4,3,0,0
8672,1.2000000000000002,0,0,1
8673,1.2000000000000002,0,1,1
8674,1.2000000000000002,0,1,1
8675,0.4,3,0,0
8676,1.2000000000000002,0,0,1
8677,1.2000000000000002,3,0,0
8678,0.4,3,0,0
8679,1.2000000000000002,0,1,1
8680,0.4,3,0,0
8681,2.0,0,0,1
8682,1.2000000000000002,2,0,0
8683,0.4,3,0,0
8684,1.2000000000000002,0,1,1
8685,0.4,3,0,0
8686,0.4,3,0,0
8687,1.2000000000000002,0,1,1
8688,1.2000000000000002,0,0,1
8689,1.2000000000000002,0,1,1
8690,1.2000000000000002,0,1,1
8691,1.2000000000000002,0,1,1
8692,0.4,3,0,0
8693,1.2000000000000002,0,1,1
8694,0.4,3,0,0
8695,0.4,3,0,0
8696,1.2000000000000002,0,1,1
8697,1.2000000000000002,0,0,1
8698,0.4,3,0,0
8699,1.2000000000000002,0,1,1
8700,2.0,0,0,1
8701,2.0,0,1,1
8702,0.4,3,0,0
8703,2.0,0,1,1
8704,0.4,3,0,0
8705,1.2000000000000002,0,1,1
8706,0.4,3,0,0
8707,0.4,3,0,0
8708,2.0,0,0,1
8709,1.2000000000000002,0,1,1
8710,0.4,3,0,0
8711,2.0,0,1,1
8712,1.2000000000000002,0,1,1
8713,0.4,3,0,0
8714,1.2000000000000002,0,1,1
8715,1.2000000000000002,0,1,1
8716,0.4,3,0,0
8717,2.0,0,0,0
8718,0.4,3,0,0
8719,1.2000000000000002,0,1,1
8720,0.4,3,0,0
8721,1.2000000000000002,0,1,1
8722,1.2000000000000002,0,1,1
8723,1.2000000000000002,0,0,1
8724,1.2000000000000002,3,0,0
8725,1.2000000000000002,0,1,0
8726,1.2000000000000002,0,1,1
8727,0.4,3,0,0
8728,1.2000000000000002,0,0,1
8729,1.2000000000000002,0,1,1
8730,0.4,3,0,0
8731,1.2000000000000002,0,1,1
8732,1.2000000000000002,0,1,1
8733,0.4,3,0,0
8734,2.0,0,1,1
8735,2.0,0,1,1
8736,0.4,3,0,0
8737,1.2000000000000002,0,1,1
8738,1.2000000000000002,0,0,0
8739,1.2000000000000002,0,1,1
8740,0.4,3,0,0
8741,0.4,3,0,0
8742,0.4,3,0,0
8743,1.2000000000000002,0,1,1
8744,0.4,3,0,0
8745,2.0,0,1,1
8746,0.4,3,0,0
8747,0.4,3,0,0
8748,1.2000000000000002,0,1,1
8749,0.4,3,0,0
8750,2.0,0,1,1
8751,1.2000000000000002,0,1,1
8752,0.4,3,0,0
8753,0.4,3,0,0
8754,1.2000000000000002,0,1,1
8755,1.2000000000000002,0,1,1
8756,0.4,3,0,0
8757,1.2000000000000002,0,1,1
8758,0.4,3,0,0
8759,1.2000000000000002,0,1,1
8760,1.2000000000000002,0,1,1
8761,1.2000000000000002,0,1,1
8762,0.4,3,0,0
8763,2.0,0,1,0
8764,1.2000000000000002,0,1,1
8765,1.2000000000000002,0,1,1
8766,1.2000000000000002,0,1,1
8767,1.2000000000000002,0,1,1
8768,1.2000000000000002,0,1,1
8769,2.0,0,1,0
8770,1.2000000000000002,0,1,1
8771,0.4,3,0,0
8772,1.2000000000000002,0,1,1
8773,0.4,3,0,0
8774,1.2000000000000002,0,1,1
8775,0.4,3,0,0
8776,1.2000000000000002,0,1,1
8777,0.4,3,0,0
8778,1.2000000000000002,0,1,0
8779,1.2000000000000002,0,1,1
8780,0.4,3,0,0
8781,0.4,3,0,0
8782,1.2000000000000002,0,1,0
8783,0.4,3,0,0
8784,0.4,3,0,0
8785,1.2000000000000002,0,1,1
8786,0.4,3,0,1
8787,0.4,3,0,0
8788,0.4,3,0,0
8789,0.4,3,0,0
8790,1.2000000000000002,0,1,1
8791,1.2000000000000002,0,1,1
8792,0.4,3,0,0
8793,2.0,0,1,1
8794,0.4,3,0,0
8795,2.0,0,1,1
8796,0.4,3,0,0
8797,1.2000000000000002,0,1,1
8798,0.4,3,0,0
8799,1.2000000000000002,0,1,1
8800,0.4,3,0,1
8801,0.4,3,0,0
8802,1.2000000000000002,0,1,1
8803,0.4,3,0,0
8804,1.2000000000000002,0,1,1
8805,1.2000000000000002,0,1,1
8806,0.4,3,0,0
8807,1.2000000000000002,0,1,1
8808,1.2000000000000002,0,1,1
8809,0.4,3,0,0
8810,1.2000000000000002,0,1,1
8811,1.2000000000000002,0,1,1
8812,1.2000000000000002,0,1,1
8813,1.2000000000000002,0,1,1
8814,2.0,0,1,1
8815,0.4,3,0,0
8816,1.2000000000000002,0,1,1
8817,0.4,3,0,0
8818,1.2000000000000002,0,1,1
8819,0.4,3,0,0
8820,0.4,3,0,0
8821,1.2000000000000002,0,1,0
8822,1.2000000000000002,3,0,0
8823,1.2000000000000002,0,1,1
8824,1.2000000000000002,0,0,1
8825,1.2000000000000002,0,1,1
8826,0.4,3,0,0
8827,1.2000000000000002,0,1,0
8828,0.4,3,0,0
8829,0.4,3,0,0
8830,1.2000000000000002,0,0,1
8831,0.4,3,0,0
8832,1.2000000000000002,0,1,1
8833,1.2000000000000002,1,0,0
8834,1.2000000000000002,0,1,1
8835,0.4,3,0,0
8836,0.4,3,0,0
8837,0.4,3,0,0
8838,0.4,3,0,0
8839,1.2000000000000002,0,1,1
8840,0.4,3,0,0
8841,1.2000000000000002,0,1,1
8842,1.2000000000000002,0,1,1
8843,1.2000000000000002,0,1,1
8844,1.2000000000000002,0,1,1
8845,2.0,0,1,1
8846,0.4,3,0,0
8847,1.2000000000000002,0,1,1
8848,0.4,3,0,0
8849,0.4,3,0,0
8850,1.2000000000000002,0,1,0
8851,0.4,3,0,0
8852,0.4,3,0,0
8853,0.4,3,0,0
8854,0.4,3,0,0
8855,1.2000000000000002,0,1,1
8856,0.4,3,0,0
8857,0.4,3,0,0
8858,1.2000000000000002,0,1,1
8859,0.4,3,0,0
8860,0.4,3,0,0
8861,0.4,3,0,0
8862,0.4,3,0,0
8863,1.2000000000000002,0,1,1
8864,1.2000000000000002,0,1,1
8865,2.0,0,1,1
8866,1.2000000000000002,0,1,0
8867,0.4,3,0,0
8868,0.4,3,0,0
8869,2.0,0,1,1
8870,1.2000000000000002,0,1,1
8871,2.0,0,1,0
8872,1.2000000000000002,0,1,1
8873,0.4,3,0,0
8874,1.2000000000000002,0,1,1
8875,1.2000000000000002,0,1,1
8876,2.0,0,1,1
8877,1.2000000000000002,0,0,1
8878,0.4,3,0,0
8879,1.2000000000000002,0,1,1
8880,2.0,0,1,1
8881,1.2000000000000002,0,1,1
8882,1.2000000000000002,0,1,1
8883,1.2000000000000002,0,1,1
8884,0.4,3,0,0
8885,1.2000000000000002,0,1,1
8886,0.4,3,0,0
8887,1.2000000000000002,0,0,1
8888,0.4,3,0,1
8889,0.4,3,0,0
8890,0.4,3,0,0
8891,0.4,3,0,0
8892,0.4,3,0,0
8893,1.2000000000000002,0,1,1
8894,2.0,0,1,1
8895,1.2000000000000002,0,1,1
8896,0.4,3,0,0
8897,0.4,3,0,0
8898,0.4,3,0,0
8899,0.4,3,0,0
8900,2.0,0,1,1
8901,1.2000000000000002,0,1,1
8902,2.0,0,0,1
8903,1.2000000000000002,0,1,1
8904,0.4,3,0,0
8905,0.4,3,0,0
8906,1.2000000000000002,0,1,1
8907,2.0,0,1,0
8908,0.4,3,0,0
8909,0.4,3,0,0
8910,0.4,3,0,0
8911,1.2000000000000002,0,1,1
8912,0.4,3,0,0
8913,0.4,3,0,0
8914,0.4,3,0,0
8915,1.2000000000000002,0,1,0
8916,0.4,3,0,0
8917,0.4,3,0,0
8918,1.2000000000000002,0,1,1
8919,1.2000000000000002,0,1,1
8920,1.2000000000000002,0,1,1
8921,1.2000000000000002,0,1,1
8922,1.2000000000000002,0,1,1
8923,1.2000000000000002,0,1,1
8924,0.4,3,0,0
8925,0.4,3,0,0
8926,1.2000000000000002,0,1,0
8927,2.0,0,1,1
8928,1.2000000000000002,0,0,1
8929,0.4,3,0,0
8930,2.0,0,1,1
8931,1.2000000000000002,0,1,1
8932,1.2000000000000002,0,1,1
8933,2.0,0,1,1
8934,0.4,3,0,0
8935,0.4,3,0,1
8936,1.2000000000000002,1,0,0
8937,1.2000000000000002,0,1,1
8938,0.4,3,0,0
8939,1.2000000000000002,0,1,1
8940,1.2000000000000002,0,1,1
8941,0.4,3,0,0
8942,1.2000000000000002,0,0,1
8943,0.4,3,0,0
8944,1.2000000000000002,0,1,1
8945,0.4,3,0,0
8946,2.0,0,1,1
8947,1.2000000000000002,0,1,1
8948,2.0,0,1,1
8949,0.4,3,0,0
8950,2.0,0,1,1
8951,0.4,3,0,0
8952,0.4,3,0,0
8953,1.2000000000000002,0,1,1
8954,1.2000000000000002,0,1,1
8955,0.4,3,0,0
8956,1.2000000000000002,0,1,0
8957,0.4,3,0,0
8958,1.2000000000000002,0,1,1
8959,2.0,0,0,1
8960,0.4,3,0,1
8961,0.4,3,0,0
8962,1.2000000000000002,0,1,1
8963,1.2000000000000002,0,1,1
8964,1.2000000000000002,0,1,0
8965,1.2000000000000002,0,0,1
8966,0.4,3,0,0
8967,1.2000000000000002,0,1,1
8968,2.0,0,1,1
8969,1.2000000000000002,0,1,1
8970,0.4,3,0,0
8971,0.4,3,0,0
8972,1.2000000000000002,0,1,0
8973,2.0,0,1,1
8974,1.2000000000000002,0,1,1
8975,1.2000000000000002,0,1,1
8976,1.2000000000000002,0,1,1
8977,0.4,3,0,0
8978,1.2000000000000002,0,1,1
8979,2.0,0,0,1
8980,0.4,3,0,0
8981,1.2000000000000002,0,1,1
8982,1.2000000000000002,0,0,1
8983,0.4,3,0,0
8984,1.2000000000000002,0,1,1
8985,1.2000000000000002,0,1,1
8986,0.4,3,0,0
8987,1.2000000000000002,0,1,1
8988,0.4,3,0,0
8989,0.4,3,0,0
8990,1.2000000000000002,0,0,1
8991,0.4,3,0,0
8992,1.2000000000000002,0,1,1
8993,0.4,3,0,0
8994,1.2000000000000002,0,1,1
8995,1.2000000000000002,0,1,1
8996,1.2000000000000002,0,1,0
8997,1.2000000000000002,0,1,1
8998,0.4,3,0,0
8999,2.0,0,1,1
9000,2.0,0,1,1
9001,0.4,3,0,0
9002,1.2000000000000002,0,0,1
9003,1.2000000000000002,0,1,1
9004,0.4,3,0,0
9005,0.4,3,0,0
9006,0.4,3,0,0
9007,0.4,3,0,0
9008,1.2000000000000002,0,1,1
9009,1.2000000000000002,0,1,1
9010,1.2000000000000002,0,1,1
9011,0.4,3,0,0
9012,1.2000000000000002,0,1,1
9013,0.4,3,0,0
9014,2.0,0,1,1
9015,1.2000000000000002,0,1,1
9016,1.2000000000000002,0,1,1
9017,0.4,3,0,0
9018,1.2000000000000002,0,1,1
9019,1.2000000000000002,0,0,1
9020,0.4,3,0,0
9021,0.4,3,0,0
9022,2.0,0,1,1
9023,1.2000000000000002,0,1,1
9024,0.4,3,0,0
9025,0.4,3,0,0
9026,1.2000000000000002,0,1,1
9027,1.2000000000000002,0,1,1
9028,1.2000000000000002,0,1,1
9029,2.0,0,1,1
9030,0.4,3,0,0
9031,0.4,3,0,0
9032,1.2000000000000002,0,1,1
9033,1.2000000000000002,0,1,1
9034,0.4,3,0,0
9035,1.2000000000000002,0,1,1
9036,1.2000000000000002,0,1,1
9037,1.2000000000000002,0,1,1
9038,2.0,0,1,1
9039,1.2000000000000002,0,1,1
9040,1.2000000000000002,0,1,1
9041,1.2000000000000002,0,1,1
9042,1.2000000000000002,0,1,1
9043,1.2000000000000002,3,0,0
9044,0.4,3,0,0
9045,0.4,3,0,0
9046,1.2000000000000002,0,1,1
9047,0.4,3,0,0
9048,1.2000000000000002,0,1,1
9049,2.0,0,1,1
9050,0.4,3,0,0
9051,0.4,3,0,1
9052,1.2000000000000002,0,1,1
9053,1.2000000000000002,0,1,1
9054,1.2000000000000002,0,1,1
9055,0.4,3,0,0
9056,1.2000000000000002,0,1,1
9057,0.4,3,0,0
9058,1.2000000000000002,0,0,1
9059,1.2000000000000002,0,1,0
9060,0.4,3,0,0
9061,1.2000000000000002,0,1,1
9062,0.4,3,0,0
9063,2.0,0,1,1
9064,2.0,0,0,1
9065,1.2000000000000002,0,1,1
9066,0.4,3,0,0
9067,1.2000000000000002,0,1,1
9068,1.2000000000000002,0,1,1
9069,1.2000000000000002,0,1,1
9070,1.2000000000000002,0,1,1
9071,1.2000000000000002,2,0,0
9072,2.0,0,1,1
9073,2.0,0,1,1
9074,0.4,3,0,0
9075,1.2000000000000002,0,1,0
9076,0.4,3,0,1
9077,0.4,3,0,0
9078,1.2000000000000002,0,1,1
9079,1.2000000000000002,0,1,1
9080,1.2000000000000002,0,1,1
9081,0.4,3,0,0
9082,1.2000000000000002,0,1,1
9083,1.2000000000000002,0,1,1
9084,2.0,0,1,1
9085,1.2000000000000002,0,1,1
9086,1.2000000000000002,0,1,1
9087,2.0,0,1,0
9088,1.2000000000000002,0,1,1
9089,1.2000000000000002,0,1,1
9090,0.4,3,0,0
9091,0.4,3,0,0
9092,1.2000000000000002,0,1,0
9093,0.4,3,0,0
9094,0.4,3,0,0
9095,2.0,0,1,1
9096,0.4,3,0,0
9097,1.2000000000000002,0,1,1
9098,1.2000000000000002,0,0,1
9099,1.2000000000000002,0,1,1
9100,1.2000000000000002,0,1,1
9101,0.4,3,0,0
9102,0.4,3,0,0
9103,1.2000000000000002,0,1,1
9104,0.4,3,0,0
9105,0.4,3,0,0
9106,1.2000000000000002,0,1,1
9107,1.2000000000000002,0,1,1
9108,0.4,3,0,0
9109,1.2000000000000002,0,0,1
9110,2.0,0,1,0
9111,1.2000000000000002,0,0,1
9112,0.4,3,0,0
9113,0.4,3,0,0
9114,0.4,3,0,1
9115,2.0,0,0,1
9116,0.4,3,0,0
9117,2.0,0,1,1
9118,0.4,3,0,0
9119,2.0,0,1,1
9120,0.4,3,0,0
9121,1.2000000000000002,0,1,1
9122,1.2000000000000002,0,1,1
9123,2.0,0,1,0
9124,1.2000000000000002,0,1,1
9125,2.0,0,1,1
9126,0.4,3,0,0
9127,2.8,0,1,1
9128,1.2000000000000002,0,1,1
9129,1.2000000000000002,0,1,1
9130,1.2000000000000002,0,1,1
9131,1.2000000000000002,0,1,1
9132,1.2000000000000002,0,1,1
9133,1.2000000000000002,0,1,1
9134,0.4,3,0,0
9135,1.2000000000000002,0,1,1
9136,1.2000000000000002,0,0,1
9137,1.2000000000000002,0,0,1
9138,0.4,3,0,0
9139,0.4,3,0,0
9140,2.0,0,1,1
9141,0.4,3,0,0
9142,1.2000000000000002,0,1,1
9143,1.2000000000000002,0,1,1
9144,0.4,3,0,0
9145,2.0,0,1,1
9146,1.2000000000000002,0,1,1
9147,1.2000000000000002,0,0,1
9148,1.2000000000000002,0,1,1
9149,0.4,3,0,0
9150,1.2000000000000002,0,1,1
9151,1.2000000000000002,0,1,1
9152,2.0,0,1,1
9153,1.2000000000000002,0,1,1
9154,0.4,3,0,0
9155,0.4,3,0,0
9156,0.4,3,0,0
9157,1.2000000000000002,0,1,1
9158,0.4,3,0,0
9159,5.199999999999999,0,1,1
9160,0.4,3,0,0
9161,0.4,3,0,0
9162,2.0,0,1,0
9163,0.4,3,0,0
9164,0.4,3,0,0
9165,0.4,3,0,0
9166,0.4,3,0,0
9167,1.2000000000000002,0,1,1
9168,0.4,3,0,1
9169,1.2000000000000002,0,0,1
9170,1.2000000000000002,0,1,1
9171,2.0,0,0,1
9172,2.0,0,0,0
9173,2.0,0,1,1
9174,0.4,3,0,0
9175,1.2000000000000002,0,1,1
9176,1.2000000000000002,0,1,1
9177,0.4,3,0,0
9178,2.0,0,1,1
9179,2.0,0,1,1
9180,0.4,3,0,0
9181,1.2000000000000002,0,1,1
9182,0.4,3,0,0
9183,0.4,3,0,0
9184,0.4,3,0,0
9185,0.4,3,0,0
9186,0.4,3,0,0
9187,1.2000000000000002,0,1,1
9188,1.2000000000000002,0,1,1
9189,0.4,3,0,0
9190,1.2000000000000002,0,0,1
9191,0.4,3,0,0
9192,1.2000000000000002,0,1,1
9193,2.0,0,1,1
9194,1.2000000000000002,0,1,1
9195,2.0,0,1,1
9196,1.2000000000000002,0,1,1
9197,0.4,3,0,0
9198,0.4,3,0,0
9199,1.2000000000000002,0,0,1
9200,1.2000000000000002,0,1,1
9201,1.2000000000000002,0,1,1
9202,1.2000000000000002,0,1,1
9203,1.2000000000000002,0,1,1
9204,1.2000000000000002,0,1,1
9205,0.4,3,0,0
9206,1.2000000000000002,0,1,0
9207,0.4,3,0,1
9208,1.2000000000000002,0,1,1
9209,0.4,3,0,0
9210,1.2000000000000002,0,1,1
9211,0.4,3,0,0
9212,1.2000000000000002,0,1,1
9213,0.4,3,0,0
9214,0.4,3,0,1
9215,1.2000000000000002,0,1,1
9216,2.0,0,1,1
9217,0.4,3,0,0
9218,0.4,3,0,0
9219,1.2000000000000002,0,0,1
9220,0.4,3,0,0
9221,2.0,0,1,1
9222,0.4,3,0,0
9223,0.4,3,0,0
9224,1.2000000000000002,0,1,1
9225,0.4,3,0,0
9226,0.4,3,0,0
9227,1.2000000000000002,0,1,1
9228,1.2000000000000002,0,1,1
9229,1.2000000000000002,0,1,1
9230,0.4,3,0,0
9231,0.4,3,0,0
9232,0.4,3,0,0
9233,1.2000000000000002,0,1,1
9234,0.4,3,0,0
9235,2.0,0,1,1
9236,2.0,0,1,1
9237,1.2000000000000002,0,1,0
9238,0.4,3,0,0
9239,1.2000000000000002,0,0,1
9240,1.2000000000000002,0,1,1
9241,2.0,0,1,1
9242,1.2000000000000002,0,1,1
9243,1.2000000000000002,0,1,1
9244,1.2000000000000002,0,1,1
9245,0.4,3,0,0
9246,0.4,3,0,0
9247,1.2000000000000002,0,1,1
9248,1.2000000000000002,0,1,1
9249,1.2000000000000002,0,0,1
9250,0.4,3,0,0
9251,0.4,3,0,0
9252,1.2000000000000002,0,1,0
9253,0.4,3,0,0
9254,1.2000000000000002,0,1,1
9255,0.4,3,0,0
9256,1.2000000000000002,0,1,1
9257,0.4,3,0,0
9258,1.2000000000000002,0,1,1
9259,1.2000000000000002,0,1,1
9260,0.4,3,0,0
9261,0.4,3,0,0
9262,0.4,3,0,0
9263,0.4,3,0,0
9264,0.4,3,0,0
9265,0.4,3,0,0
9266,1.2000000000000002,0,1,1
9267,0.4,3,0,0
9268,0.4,3,0,0
9269,2.0,0,0,1
9270,0.4,3,0,1
9271,0.4,3,0,0
9272,1.2000000000000002,0,1,1
9273,1.2000000000000002,0,0,1
9274,2.8,0,1,0
9275,0.4,3,0,0
9276,0.4,3,0,0
9277,0.4,3,0,0
9278,1.2000000000000002,2,0,1
9279,1.2000000000000002,0,0,1
9280,1.2000000000000002,0,1,1
9281,1.2000000000000002,0,1,1
9282,0.4,3,0,0
9283,1.2000000000000002,0,1,1
9284,1.2000000000000002,0,1,1
9285,1.2000000000000002,0,1,1
9286,1.2000000000000002,0,1,1
9287,0.4,3,0,0
9288,1.2000000000000002,0,1,1
9289,1.2000000000000002,0,1,1
9290,1.2000000000000002,0,1,0
9291,0.4,3,0,0
9292,1.2000000000000002,0,1,1
9293,0.4,3,0,1
9294,0.4,3,0,0
9295,1.2000000000000002,1,0,1
9296,1.2000000000000002,0,1,1
9297,1.2000000000000002,0,1,1
9298,1.2000000000000002,0,1,1
9299,1.2000000000000002,0,1,1
9300,2.0,0,1,1
9301,2.0,0,1,1
9302,1.2000000000000002,0,1,1
9303,0.4,3,0,0
9304,1.2000000000000002,0,0,0
9305,0.4,3,0,0
9306,1.2000000000000002,0,1,1
9307,0.4,3,0,0
9308,0.4,3,0,0
9309,0.4,3,0,0
9310,1.2000000000000002,0,1,1
9311,0.4,3,0,0
9312,1.2000000000000002,0,1,1
9313,2.0,0,1,1
9314,0.4,3,0,0
9315,1.2000000000000002,0,1,1
9316,1.2000000000000002,0,0,1
9317,0.4,3,0,1
9318,1.2000000000000002,0,1,1
9319,1.2000000000000002,0,1,1
9320,2.8,0,1,1
9321,1.2000000000000002,0,1,1
9322,1.2000000000000002,0,0,1
9323,1.2000000000000002,0,1,1
9324,2.0,0,1,1
9325,1.2000000000000002,0,0,1
9326,0.4,3,0,0
9327,1.2000000000000002,0,1,1
9328,1.2000000000000002,0,1,1
9329,0.4,3,0,0
9330,1.2000000000000002,0,1,1
9331,0.4,3,0,0
9332,1.2000000000000002,0,1,1
9333,1.2000000000000002,0,1,1
9334,0.4,3,0,0
9335,1.2000000000000002,0,1,1
9336,0.4,3,0,0
9337,1.2000000000000002,0,1,1
9338,1.2000000000000002,0,1,1
9339,1.2000000000000002,0,1,1
9340,0.4,3,0,0
9341,1.2000000000000002,0,1,1
9342,1.2000000000000002,0,0,1
9343,1.2000000000000002,0,1,1
9344,0.4,3,0,0
9345,0.4,3,0,0
9346,0.4,3,0,0
9347,1.2000000000000002,0,0,1
9348,0.4,3,0,0
9349,0.4,3,0,0
9350,1.2000000000000002,0,1,0
9351,1.2000000000000002,0,1,0
9352,0.4,3,0,0
9353,1.2000000000000002,0,1,1
9354,1.2000000000000002,0,1,1
9355,1.2000000000000002,0,0,1
9356,1.2000000000000002,0,1,1
9357,0.4,3,0,1
9358,0.4,3,0,0
9359,0.4,3,0,0
9360,0.4,3,0,0
9361,1.2000000000000002,0,1,1
9362,1.2000000000000002,1,0,1
9363,1.2000000000000002,0,1,1
9364,0.4,3,0,0
9365,1.2000000000000002,0,1,1
9366,0.4,3,0,0
9367,1.2000000000000002,0,1,1
9368,0.4,3,0,0
9369,1.2000000000000002,0,1,1
9370,0.4,3,0,0
9371,0.4,3,0,0
9372,0.4,3,0,0
9373,1.2000000000000002,0,0,0
9374,2.0,0,1,1
9375,0.4,3,0,0
9376,0.4,3,0,0
9377,2.0,0,0,1
9378,2.0,0,1,1
9379,1.2000000000000002,0,0,0
9380,0.4,3,0,0
9381,1.2000000000000002,0,0,1
9382,1.2000000000000002,0,1,0
9383,0.4,3,0,0
9384,2.0,0,1,1
9385,1.2000000000000002,0,1,1
9386,0.4,3,0,0
9387,1.2000000000000002,0,1,1
9388,0.4,3,0,0
9389,1.2000000000000002,0,1,1
9390,1.2000000000000002,0,1,1
9391,1.2000000000000002,0,1,1
9392,1.2000000000000002,0,1,1
9393,1.2000000000000002,0,1,1
9394,1.2000000000000002,0,1,1
9395,0.4,3,0,0
9396,2.0,0,1,1
9397,1.2000000000000002,0,1,0
9398,0.4,3,0,0
9399,0.4,3,0,0
9400,1.2000000000000002,0,1,1
9401,1.2000000000000002,0,1,1
9402,0.4,3,0,0
9403,0.4,3,0,0
9404,1.2000000000000002,0,0,1
9405,0.4,3,0,0
9406,2.0,0,0,1
9407,0.4,3,0,0
9408,0.4,3,0,0
9409,0.4,3,0,0
9410,1.2000000000000002,0,1,1
9411,2.0,0,1,1
9412,0.4,3,0,0
9413,0.4,3,0,0
9414,1.2000000000000002,0,0,0
9415,1.2000000000000002,0,1,1
9416,0.4,3,0,0
9417,2.0,0,1,1
9418,0.4,3,0,0
9419,1.2000000000000002,0,1,1
9420,1.2000000000000002,0,1,1
9421,0.4,3,0,0
9422,0.4,3,0,0
9423,0.4,3,0,0
9424,0.4,3,0,0
9425,2.0,0,1,1
9426,2.0,0,0,1
9427,1.2000000000000002,0,1,1
9428,1.2000000000000002,0,0,1
9429,2.0,0,1,1
9430,0.4,3,0,0
9431,0.4,3,0,0
9432,1.2000000000000002,0,1,1
9433,1.2000000000000002,0,1,1
9434,1.2000000000000002,0,1,1
9435,1.2000000000000002,0,1,0
9436,0.4,3,0,0
9437,1.2000000000000002,0,1,1
9438,2.0,0,0,1
9439,1.2000000000000002,0,1,1
9440,0.4,3,0,0
9441,1.2000000000000002,0,1,1
9442,0.4,3,0,0
9443,0.4,3,0,0
9444,1.2000000000000002,0,1,1
9445,1.2000000000000002,0,1,1
9446,2.0,0,1,1
9447,1.2000000000000002,0,1,1
9448,0.4,3,0,0
9449,1.2000000000000002,0,1,1
9450,1.2000000000000002,0,1,1
9451,0.4,3,0,0
9452,0.4,3,0,0
9453,0.4,3,0,0
9454,2.0,0,1,1
9455,0.4,3,0,1
9456,0.4,3,0,0
9457,1.2000000000000002,0,1,1
9458,2.0,0,1,0
9459,0.4,3,0,0
9460,1.2000000000000002,0,0,1
9461,1.2000000000000002,0,1,1
9462,0.4,3,0,0
9463,2.8,0,0,1
9464,1.2000000000000002,0,1,0
9465,0.4,3,0,0
9466,1.2000000000000002,0,1,1
9467,1.2000000000000002,0,1,1
9468,0.4,3,0,0
9469,1.2000000000000002,0,1,0
9470,1.2000000000000002,0,1,1
9471,0.4,3,0,0
9472,0.4,3,0,0
9473,0.4,3,0,0
9474,0.4,3,0,0
9475,1.2000000000000002,0,0,0
9476,0.4,3,0,0
9477,0.4,3,0,0
9478,1.2000000000000002,0,1,1
9479,1.2000000000000002,0,1,0
9480,1.2000000000000002,0,1,0
9481,0.4,3,0,0
9482,1.2000000000000002,0,1,1
9483,0.4,3,0,0
9484,0.4,3,0,0
9485,1.2000000000000002,0,1,1
9486,2.0,0,1,1
9487,0.4,3,0,0
9488,1.2000000000000002,0,0,1
9489,0.4,3,0,0
9490,1.2000000000000002,0,1,0
9491,0.4,3,0,0
9492,1.2000000000000002,0,1,1
9493,0.4,3,0,0
9494,1.2000000000000002,0,1,1
9495,0.4,3,0,0
9496,1.2000000000000002,0,1,1
9497,1.2000000000000002,0,1,1
9498,1.2000000000000002,0,1,1
9499,1.2000000000000002,0,1,1
9500,1.2000000000000002,0,1,1
9501,1.2000000000000002,0,1,1
9502,0.4,3,0,0
9503,1.2000000000000002,0,1,1
9504,2.0,0,1,1
9505,0.4,3,0,0
9506,1.2000000000000002,0,1,1
9507,1.2000000000000002,0,1,1
9508,1.2000000000000002,3,0,0
9509,0.4,3,0,0
9510,0.4,3,0,0
9511,0.4,3,0,0
9512,0.4,3,0,0
9513,2.0,0,1,1
9514,0.4,3,0,0
9515,1.2000000000000002,0,0,1
9516,1.2000000000000002,0,1,1
9517,1.2000000000000002,0,1,1
9518,1.2000000000000002,0,1,1
9519,2.0,0,1,1
9520,1.2000000000000002,0,1,1
9521,0.4,3,0,0
9522,1.2000000000000002,0,1,1
9523,1.2000000000000002,0,1,1
9524,2.0,0,1,0
9525,1.2000000000000002,0,1,1
9526,1.2000000000000002,0,1,1
9527,1.2000000000000002,0,1,1
9528,0.4,3,0,0
9529,2.0,0,1,1
9530,0.4,3,0,0
9531,1.2000000000000002,0,1,1
9532,1.2000000000000002,0,1,1
9533,0.4,3,0,0
9534,2.0,0,1,1
9535,0.4,3,0,1
9536,0.4,3,0,0
9537,0.4,3,0,1
9538,1.2000000000000002,0,0,1
9539,0.4,3,0,0
9540,0.4,3,0,0
9541,1.2000000000000002,0,1,1
9542,1.2000000000000002,0,1,0
9543,0.4,3,0,0
9544,0.4,3,0,0
9545,0.4,3,0,0
9546,0.4,3,0,0
9547,2.0,0,1,1
9548,0.4,3,0,0
9549,0.4,3,0,0
9550,0.4,3,0,0
9551,1.2000000000000002,1,0,0
9552,1.2000000000000002,0,1,1
9553,0.4,3,0,0
9554,0.4,3,0,1
9555,1.2000000000000002,0,1,1
9556,1.2000000000000002,0,1,1
9557,1.2000000000000002,0,1,0
9558,1.2000000000000002,0,0,1
9559,0.4,3,0,0
9560,0.4,3,0,0
9561,1.2000000000000002,0,1,1
9562,0.4,3,0,0
9563,1.2000000000000002,0,1,1
9564,2.8,0,0,1
9565,0.4,3,0,0
9566,1.2000000000000002,0,1,1
9567,1.2000000000000002,0,1,1
9568,0.4,3,0,0
9569,1.2000000000000002,0,0,1
9570,0.4,3,0,0
9571,0.4,3,0,0
9572,0.4,3,0,0
9573,0.4,3,0,0
9574,1.2000000000000002,0,1,0
9575,1.2000000000000002,0,0,0
9576,1.2000000000000002,0,1,1
9577,1.2000000000000002,0,1,1
9578,2.0,0,0,1
9579,1.2000000000000002,0,1,1
9580,0.4,3,0,0
9581,0.4,3,0,0
9582,1.2000000000000002,1,0,1
9583,0.4,3,0,0
9584,1.2000000000000002,0,1,1
9585,1.2000000000000002,0,0,0
9586,1.2000000000000002,0,1,1
9587,0.4,3,0,0
9588,1.2000000000000002,0,1,1
9589,1.2000000000000002,0,1,1
9590,1.2000000000000002,0,1,1
9591,1.2000000000000002,3,0,0
9592,0.4,3,0,0
9593,1.2000000000000002,0,1,1
9594,2.0,0,0,1
9595,2.0,0,1,1
9596,0.4,3,0,0
9597,0.4,3,0,0
9598,1.2000000000000002,0,1,1
9599,0.4,3,0,0
9600,0.4,3,0,0
9601,0.4,3,0,0
9602,1.2000000000000002,0,1,1
9603,1.2000000000000002,0,1,1
9604,1.2000000000000002,1,0,1
9605,1.2000000000000002,0,1,1
9606,0.4,3,0,0
9607,1.2000000000000002,0,1,1
9608,0.4,3,0,0
9609,0.4,3,0,0
9610,0.4,3,0,0
9611,0.4,3,0,1
9612,1.2000000000000002,0,0,1
9613,1.2000000000000002,0,1,1
9614,0.4,3,0,0
9615,0.4,3,0,0
9616,0.4,3,0,0
9617,0.4,3,0,0
9618,0.4,3,0,0
9619,1.2000000000000002,0,1,1
9620,1.2000000000000002,0,1,1
9621,1.2000000000000002,0,1,1
9622,0.4,3,0,0
9623,1.2000000000000002,0,1,1
9624,0.4,3,0,0
9625,0.4,3,0,0
9626,2.0,0,1,1
9627,1.2000000000000002,0,1,1
9628,2.0,0,1,1
9629,1.2000000000000002,0,1,1
9630,2.0,0,1,1
9631,0.4,3,0,0
9632,1.2000000000000002,0,1,1
9633,1.2000000000000002,0,1,1
9634,0.4,3,0,0
9635,1.2000000000000002,0,1,0
9636,1.2000000000000002,0,1,1
9637,0.4,3,0,0
9638,1.2000000000000002,0,1,1
9639,0.4,3,0,0
9640,0.4,3,0,0
9641,1.2000000000000002,0,1,1
9642,2.0,0,1,1
9643,0.4,3,0,0
9644,1.2000000000000002,0,1,1
9645,1.2000000000000002,0,1,1
9646,0.4,3,0,0
9647,1.2000000000000002,0,1,1
9648,0.4,3,0,0
9649,2.0,0,1,1
9650,0.4,3,0,0
9651,0.4,3,0,0
9652,0.4,3,0,0
9653,0.4,3,0,0
9654,0.4,3,0,0
9655,1.2000000000000002,0,1,1
9656,1.2000000000000002,3,0,0
9657,2.0,0,1,0
9658,0.4,3,0,0
9659,1.2000000000000002,0,0,1
9660,0.4,3,0,0
9661,1.2000000000000002,0,1,0
9662,1.2000000000000002,0,1,1
9663,0.4,3,0,0
9664,1.2000000000000002,0,0,1
9665,1.2000000000000002,0,1,1
9666,1.2000000000000002,0,1,1
9667,0.4,3,0,0
9668,0.4,3,0,0
9669,1.2000000000000002,0,1,1
9670,1.2000000000000002,0,1,1
9671,1.2000000000000002,0,1,1
9672,0.4,3,0,1
9673,1.2000000000000002,0,1,0
9674,1.2000000000000002,0,1,1
9675,1.2000000000000002,0,1,1
9676,1.2000000000000002,0,1,1
9677,0.4,3,0,0
9678,1.2000000000000002,0,1,0
9679,1.2000000000000002,0,1,1
9680,1.2000000000000002,0,1,1
9681,1.2000000000000002,0,1,1
9682,0.4,3,0,0
9683,1.2000000000000002,0,0,0
9684,0.4,3,0,0
9685,1.2000000000000002,0,1,1
9686,1.2000000000000002,0,1,1
9687,1.2000000000000002,0,1,1
9688,1.2000000000000002,0,1,0
9689,0.4,3,0,0
9690,1.2000000000000002,0,1,1
9691,1.2000000000000002,0,1,1
9692,0.4,3,0,0
9693,1.2000000000000002,0,1,1
9694,2.0,0,1,1
9695,0.4,3,0,0
9696,1.2000000000000002,0,1,1
9697,1.2000000000000002,0,0,1
9698,1.2000000000000002,0,1,1
9699,0.4,3,0,0
9700,0.4,3,0,0
9701,1.2000000000000002,0,1,1
9702,1.2000000000000002,0,1,1
9703,1.2000000000000002,0,1,1
9704,2.0,0,1,1
9705,1.2000000000000002,0,0,1
9706,1.2000000000000002,0,0,1
9707,1.2000000000000002,0,0,1
9708,0.4,3,0,0
9709,2.0,0,1,1
9710,0.4,3,0,0
9711,1.2000000000000002,0,1,0
9712,1.2000000000000002,0,1,0
9713,1.2000000000000002,0,1,1
9714,1.2000000000000002,0,1,1
9715,2.0,0,1,1
9716,0.4,3,0,0
9717,1.2000000000000002,1,0,0
9718,1.2000000000000002,0,1,1
9719,0.4,3,0,0
9720,0.4,3,0,0
9721,0.4,3,0,0
9722,1.2000000000000002,0,1,1
9723,2.0,0,1,1
9724,1.2000000000000002,0,1,0
9725,1.2000000000000002,0,1,1
9726,1.2000000000000002,0,1,1
9727,1.2000000000000002,0,1,0
9728,0.4,3,0,0
9729,1.2000000000000002,0,1,0
9730,1.2000000000000002,0,0,1
9731,1.2000000000000002,0,1,1
9732,2.0,0,1,1
9733,1.2000000000000002,0,1,1
9734,1.2000000000000002,0,1,1
9735,0.4,3,0,0
9736,1.2000000000000002,0,1,0
9737,1.2000000000000002,0,0,1
9738,0.4,3,0,0
9739,1.2000000000000002,0,1,1
9740,1.2000000000000002,0,1,1
9741,0.4,3,0,0
9742,1.2000000000000002,0,1,1
9743,2.0,0,1,1
9744,0.4,3,0,0
9745,1.2000000000000002,0,1,1
9746,1.2000000000000002,0,1,1
9747,0.4,3,0,0
9748,1.2000000000000002,0,0,1
9749,1.2000000000000002,0,1,1
9750,1.2000000000000002,2,0,0
9751,1.2000000000000002,0,1,0
9752,1.2000000000000002,0,1,1
9753,1.2000000000000002,0,1,0
9754,2.0,0,0,1
9755,1.2000000000000002,3,0,0
9756,2.0,0,0,0
9757,1.2000000000000002,0,1,1
9758,0.4,3,0,0
9759,2.8,0,1,1
9760,1.2000000000000002,0,0,1
9761,2.0,0,1,1
9762,2.0,0,1,1
9763,0.4,3,0,0
9764,0.4,3,0,1
9765,0.4,3,0,0
9766,1.2000000000000002,0,1,1
9767,0.4,3,0,0
9768,1.2000000000000002,0,1,1
9769,0.4,3,0,0
9770,0.4,3,0,1
9771,1.2000000000000002,0,1,1
9772,0.4,3,0,0
9773,1.2000000000000002,0,1,1
9774,2.0,0,1,1
9775,0.4,3,0,0
9776,0.4,3,0,0
9777,2.0,0,1,1
9778,1.2000000000000002,0,1,1
9779,0.4,3,0,0
9780,1.2000000000000002,0,1,1
9781,2.0,0,1,0
9782,0.4,3,0,0
9783,1.2000000000000002,0,1,1
9784,0.4,3,0,0
9785,1.2000000000000002,0,1,1
9786,2.0,0,0,1
9787,1.2000000000000002,0,1,0
9788,0.4,3,0,0
9789,0.4,3,0,0
9790,2.0,0,1,0
9791,1.2000000000000002,0,0,1
9792,1.2000000000000002,0,1,1
9793,1.2000000000000002,0,1,1
9794,1.2000000000000002,0,1,1
9795,0.4,3,0,0
9796,0.4,3,0,0
9797,1.2000000000000002,0,0,0
9798,1.2000000000000002,0,1,1
9799,1.2000000000000002,0,1,1
9800,0.4,3,0,0
9801,2.8,0,1,1
9802,1.2000000000000002,0,1,1
9803,0.4,3,0,0
9804,2.0,0,1,1
9805,0.4,3,0,0
9806,0.4,3,0,0
9807,2.8,0,1,1
9808,1.2000000000000002,0,1,1
9809,0.4,3,0,0
9810,1.2000000000000002,0,1,1
9811,0.4,3,0,0
9812,0.4,3,0,0
9813,0.4,3,0,0
9814,0.4,3,0,0
9815,0.4,3,0,0
9816,1.2000000000000002,0,1,1
9817,1.2000000000000002,0,1,1
9818,2.0,0,1,1
9819,1.2000000000000002,0,1,1
9820,0.4,3,0,0
9821,2.0,0,0,1
9822,1.2000000000000002,0,1,1
9823,1.2000000000000002,0,1,1
9824,1.2000000000000002,0,1,0
9825,0.4,3,0,0
9826,1.2000000000000002,0,1,1
9827,0.4,3,0,0
9828,1.2000000000000002,0,1,1
9829,1.2000000000000002,0,1,0
9830,1.2000000000000002,0,1,1
9831,1.2000000000000002,0,1,0
9832,1.2000000000000002,0,1,1
9833,1.2000000000000002,0,1,1
9834,1.2000000000000002,0,1,0
9835,1.2000000000000002,0,1,1
9836,0.4,3,0,0
9837,0.4,3,0,0
9838,0.4,3,0,0
9839,0.4,3,0,0
9840,0.4,3,0,0
9841,0.4,3,0,0
9842,0.4,3,0,0
9843,1.2000000000000002,0,1,0
9844,2.0,0,1,0
9845,0.4,3,0,0
9846,1.2000000000000002,0,1,0
9847,0.4,3,0,0
9848,2.8,0,1,1
9849,1.2000000000000002,0,0,1
9850,1.2000000000000002,0,1,1
9851,0.4,3,0,0
9852,0.4,3,0,0
9853,2.0,0,0,1
9854,1.2000000000000002,0,1,1
9855,1.2000000000000002,0,1,1
9856,2.8,0,1,1
9857,1.2000000000000002,0,1,1
9858,0.4,3,0,0
9859,1.2000000000000002,0,1,1
9860,0.4,3,0,0
9861,0.4,3,0,0
9862,1.2000000000000002,0,1,1
9863,1.2000000000000002,0,1,1
9864,0.4,3,0,0
9865,0.4,3,0,1
9866,1.2000000000000002,0,1,1
9867,2.0,0,0,1
9868,1.2000000000000002,0,0,1
9869,0.4,3,0,0
9870,0.4,3,0,0
9871,1.2000000000000002,0,1,1
9872,0.4,3,0,0
9873,1.2000000000000002,0,1,1
9874,2.0,0,1,1
9875,0.4,3,0,0
9876,1.2000000000000002,0,1,0
9877,0.4,3,0,0
9878,1.2000000000000002,0,1,0
9879,1.2000000000000002,0,1,1
9880,2.0,0,1,1
9881,1.2000000000000002,0,1,1
9882,1.2000000000000002,0,0,1
9883,1.2000000000000002,0,1,1
9884,0.4,3,0,0
9885,1.2000000000000002,0,1,1
9886,2.0,0,1,1
9887,1.2000000000000002,0,1,1
9888,1.2000000000000002,0,1,1
9889,0.4,3,0,0
9890,1.2000000000000002,0,1,1
9891,1.2000000000000002,0,1,1
9892,1.2000000000000002,2,0,0
9893,1.2000000000000002,0,1,0
9894,2.0,0,1,1
9895,1.2000000000000002,0,1,1
9896,1.2000000000000002,0,1,1
9897,1.2000000000000002,0,1,1
9898,2.0,0,1,1
9899,1.2000000000000002,0,1,1
9900,1.2000000000000002,0,1,1
9901,1.2000000000000002,0,0,1
9902,1.2000000000000002,0,0,1
9903,0.4,3,0,0
9904,0.4,3,0,0
9905,0.4,3,0,0
9906,1.2000000000000002,0,1,1
9907,1.2000000000000002,0,1,1
9908,1.2000000000000002,0,1,1
9909,1.2000000000000002,0,1,1
9910,0.4,3,0,0
9911,1.2000000000000002,0,1,1
9912,1.2000000000000002,0,1,0
9913,1.2000000000000002,0,1,0
9914,0.4,3,0,0
9915,2.0,0,1,1
9916,0.4,3,0,0
9917,0.4,3,0,0
9918,1.2000000000000002,0,1,1
9919,1.2000000000000002,0,0,1
9920,0.4,3,0,0
9921,1.2000000000000002,0,1,1
9922,1.2000000000000002,0,1,1
9923,0.4,3,0,0
9924,1.2000000000000002,0,1,0
9925,1.2000000000000002,0,1,1
9926,1.2000000000000002,0,0,1
9927,0.4,3,0,0
9928,1.2000000000000002,0,1,1
9929,1.2000000000000002,0,1,1
9930,2.0,0,1,1
9931,1.2000000000000002,0,1,1
9932,2.0,0,1,1
9933,0.4,3,0,0
9934,0.4,3,0,0
9935,1.2000000000000002,0,1,1
9936,0.4,3,0,0
9937,2.0,0,1,1
9938,2.0,0,0,1
9939,1.2000000000000002,0,1,1
9940,0.4,3,0,0
9941,2.0,0,1,1
9942,1.2000000000000002,0,1,1
9943,0.4,3,0,0
9944,1.2000000000000002,0,1,1
9945,2.0,0,0,1
9946,1.2000000000000002,0,1,0
9947,0.4,3,0,0
9948,1.2000000000000002,0,0,1
9949,1.2000000000000002,0,0,1
9950,0.4,3,0,0
9951,1.2000000000000002,0,1,1
9952,0.4,3,0,0
9953,0.4,3,0,0
9954,2.0,0,1,1
9955,0.4,3,0,0
9956,0.4,3,0,0
9957,1.2000000000000002,0,1,1
9958,1.2000000000000002,0,0,0
9959,1.2000000000000002,0,1,0
9960,1.2000000000000002,0,1,1
9961,1.2000000000000002,0,1,1
9962,2.0,0,1,1
9963,0.4,3,0,0
9964,0.4,3,0,0
9965,1.2000000000000002,0,1,1
9966,1.2000000000000002,0,1,0
9967,0.4,3,0,0
9968,0.4,3,0,0
9969,0.4,3,0,0
9970,1.2000000000000002,0,1,1
9971,1.2000000000000002,0,1,1
9972,1.2000000000000002,0,1,1
9973,2.0,0,0,1
9974,1.2000000000000002,0,1,1
9975,1.2000000000000002,0,1,1
9976,0.4,3,0,0
9977,0.4,3,0,0
9978,1.2000000000000002,0,1,0
9979,1.2000000000000002,0,0,1
9980,1.2000000000000002,0,0,1
9981,1.2000000000000002,0,1,1
9982,1.2000000000000002,0,1,1
9983,0.4,3,0,0
9984,0.4,3,0,0
9985,0.4,3,0,0
9986,1.2000000000000002,0,0,1
9987,1.2000000000000002,0,1,1
9988,0.4,3,0,0
9989,1.2000000000000002,0,1,0
9990,0.4,3,0,0
9991,1.2000000000000002,0,1,1
9992,1.2000000000000002,0,1,1
9993,1.2000000000000002,0,0,0
9994,1.2000000000000002,0,1,1
9995,1.2000000000000002,0,1,1
9996,1.2000000000000002,0,1,1
9997,0.4,3,0,0
9998,0.4,3,0,0
9999,0.4,3,0,0
10000,0.4,3,0,0
10001,1.2000000000000002,0,1,1
10002,2.0,0,1,1
10003,0.4,3,0,0
10004,0.4,3,0,0
10005,1.2000000000000002,0,1,0
10006,1.2000000000000002,0,1,1
10007,2.0,0,1,1
10008,0.4,3,0,0
10009,1.2000000000000002,0,1,1
10010,1.2000000000000002,0,1,1
10011,0.4,3,0,0
10012,2.0,0,0,1
10013,2.0,0,1,1
10014,0.4,3,0,0
10015,0.4,3,0,0
10016,0.4,3,0,0
10017,0.4,3,0,0
10018,0.4,3,0,0
10019,1.2000000000000002,0,1,1
10020,1.2000000000000002,0,1,1
10021,0.4,3,0,0
10022,2.8,0,1,1
10023,0.4,3,0,0
10024,0.4,3,0,0
10025,1.2000000000000002,0,1,1
10026,1.2000000000000002,0,1,1
10027,0.4,3,0,0
10028,1.2000000000000002,0,1,0
10029,2.0,0,1,1
10030,1.2000000000000002,0,1,1
10031,1.2000000000000002,0,1,1
10032,2.0,0,1,1
10033,0.4,3,0,0
10034,1.2000000000000002,2,0,1
10035,1.2000000000000002,0,1,1
10036,0.4,3,0,0
10037,0.4,3,0,0
10038,0.4,3,0,0
10039,0.4,3,0,0
10040,0.4,3,0,0
10041,1.2000000000000002,0,1,1
10042,0.4,3,0,0
10043,1.2000000000000002,0,1,1
10044,0.4,3,0,0
10045,2.0,0,1,0
10046,1.2000000000000002,0,1,1
10047,1.2000000000000002,0,1,1
10048,2.0,0,1,1
10049,1.2000000000000002,0,1,1
10050,1.2000000000000002,0,1,1
10051,0.4,3,0,0
10052,1.2000000000000002,0,1,1
10053,1.2000000000000002,0,0,1
10054,0.4,3,0,0
10055,0.4,3,0,0
10056,1.2000000000000002,0,1,1
10057,7.6,0,1,1
10058,0.4,3,0,0
10059,1.2000000000000002,0,0,1
10060,1.2000000000000002,0,0,1
10061,1.2000000000000002,0,1,1
10062,0.4,3,0,0
10063,1.2000000000000002,0,1,1
10064,0.4,3,0,0
10065,1.2000000000000002,0,1,1
10066,0.4,3,0,0
10067,0.4,3,0,0
10068,0.4,3,0,0
10069,1.2000000000000002,0,1,1
10070,0.4,3,0,0
10071,1.2000000000000002,0,1,1
10072,2.0,0,1,1
10073,1.2000000000000002,0,1,1
10074,1.2000000000000002,0,1,1
10075,1.2000000000000002,0,1,1
10076,0.4,3,0,0
10077,1.2000000000000002,0,1,1
10078,0.4,3,0,0
10079,1.2000000000000002,0,1,0
10080,1.2000000000000002,0,1,1
10081,0.4,3,0,0
10082,1.2000000000000002,0,1,1
10083,1.2000000000000002,0,0,1
10084,1.2000000000000002,0,1,1
10085,1.2000000000000002,0,1,1
10086,1.2000000000000002,0,1,1
10087,1.2000000000000002,0,0,1
10088,0.4,3,0,0
10089,1.2000000000000002,0,1,1
10090,1.2000000000000002,0,1,1
10091,1.2000000000000002,0,1,1
10092,1.2000000000000002,0,1,1
10093,0.4,3,0,0
10094,1.2000000000000002,0,1,1
10095,0.4,3,0,0
10096,1.2000000000000002,0,1,1
10097,1.2000000000000002,0,1,1
10098,0.4,3,0,1
10099,0.4,3,1,0
10100,0.4,3,0,1
10101,1.2000000000000002,0,1,1
10102,1.2000000000000002,0,1,1
10103,1.2000000000000002,0,1,0
10104,0.4,3,0,0
10105,0.4,3,0,0
10106,0.4,3,0,0
10107,0.4,3,0,0
10108,1.2000000000000002,0,1,1
10109,1.2000000000000002,0,1,1
10110,1.2000000000000002,0,1,1
10111,0.4,3,0,0
10112,1.2000000000000002,3,0,0
10113,1.2000000000000002,0,1,1
10114,0.4,3,0,0
10115,1.2000000000000002,0,1,1
10116,0.4,3,0,0
10117,0.4,3,0,0
10118,0.4,3,0,0
10119,0.4,3,0,0
10120,1.2000000000000002,0,1,1
10121,0.4,3,0,0
10122,1.2000000000000002,0,1,0
10123,1.2000000000000002,0,1,1
10124,1.2000000000000002,0,1,1
10125,1.2000000000000002,2,1,0
10126,1.2000000000000002,0,1,1
10127,1.2000000000000002,0,1,1
10128,1.2000000000000002,0,1,0
10129,1.2000000000000002,0,1,1
10130,0.4,3,0,0
10131,1.2000000000000002,0,0,1
10132,0.4,3,0,0
10133,1.2000000000000002,0,1,0
10134,0.4,3,0,0
10135,0.4,3,0,0
10136,1.2000000000000002,0,1,1
10137,0.4,3,0,0
10138,0.4,3,0,0
10139,0.4,3,0,0
10140,1.2000000000000002,0,1,1
10141,1.2000000000000002,0,1,1
10142,0.4,3,0,0
10143,1.2000000000000002,0,0,1
10144,0.4,3,0,0
10145,0.4,3,0,0
10146,0.4,3,0,0
10147,1.2000000000000002,0,1,1
10148,1.2000000000000002,0,1,1
10149,0.4,3,0,0
10150,0.4,3,0,0
10151,0.4,3,0,0
10152,1.2000000000000002,0,1,1
10153,1.2000000000000002,0,1,1
10154,0.4,3,0,0
10155,1.2000000000000002,0,1,1
10156,2.0,0,1,1
10157,1.2000000000000002,0,1,1
10158,0.4,3,0,0
10159,1.2000000000000002,0,1,0
10160,0.4,3,0,0
10161,0.4,3,0,0
10162,0.4,3,0,0
10163,1.2000000000000002,0,0,1
10164,1.2000000000000002,0,1,1
10165,1.2000000000000002,0,1,1
10166,1.2000000000000002,0,0,1
10167,0.4,3,0,0
10168,1.2000000000000002,0,1,1
10169,2.0,0,1,0
10170,1.2000000000000002,0,1,1
10171,2.0,0,1,1
10172,1.2000000000000002,0,1,1
10173,0.4,3,0,0
10174,1.2000000000000002,2,0,0
10175,0.4,3,0,0
10176,0.4,3,0,0
10177,0.4,3,0,0
10178,1.2000000000000002,0,1,1
10179,1.2000000000000002,0,1,1
10180,1.2000000000000002,0,1,0
10181,1.2000000000000002,0,1,1
10182,1.2000000000000002,0,0,1
10183,1.2000000000000002,0,0,1
10184,1.2000000000000002,0,1,1
10185,1.2000000000000002,1,1,1
10186,2.0,0,1,1
10187,1.2000000000000002,0,1,1
10188,1.2000000000000002,0,0,1
10189,0.4,3,0,0
10190,0.4,3,0,0
10191,2.0,0,1,1
10192,1.2000000000000002,0,1,1
10193,1.2000000000000002,0,1,1
10194,0.4,3,0,0
10195,1.2000000000000002,0,0,1
10196,1.2000000000000002,0,1,1
10197,0.4,3,0,0
10198,1.2000000000000002,0,1,1
10199,0.4,3,0,0
10200,2.0,0,1,1
10201,0.4,3,0,0
10202,1.2000000000000002,0,1,1
10203,1.2000000000000002,0,1,1
10204,2.0,0,1,0
10205,0.4,3,0,0
10206,0.4,3,0,0
10207,1.2000000000000002,3,0,0
10208,0.4,3,0,0
10209,0.4,3,0,0
10210,0.4,3,0,0
10211,1.2000000000000002,0,1,1
10212,1.2000000000000002,0,0,1
10213,1.2000000000000002,0,1,1
10214,1.2000000000000002,0,1,1
10215,1.2000000000000002,0,1,1
10216,0.4,3,0,0
10217,0.4,3,0,0
10218,1.2000000000000002,0,1,1
10219,1.2000000000000002,0,1,1
10220,1.2000000000000002,0,1,1
10221,1.2000000000000002,0,1,1
10222,1.2000000000000002,0,1,1
10223,2.0,0,0,1
10224,0.4,3,0,0
10225,0.4,3,0,0
10226,1.2000000000000002,0,1,1
10227,1.2000000000000002,0,1,1
10228,1.2000000000000002,0,1,1
10229,0.4,3,0,0
10230,0.4,3,0,0
10231,0.4,3,0,0
10232,1.2000000000000002,0,1,1
10233,1.2000000000000002,3,0,0
10234,0.4,3,0,0
10235,1.2000000000000002,0,1,0
10236,2.0,0,1,1
10237,0.4,3,0,0
10238,0.4,3,0,0
10239,1.2000000000000002,0,1,1
10240,1.2000000000000002,0,1,1
10241,0.4,3,0,0
10242,2.0,0,1,1
10243,1.2000000000000002,0,1,1
10244,0.4,3,0,0
10245,2.0,0,1,1
10246,0.4,3,0,0
10247,0.4,3,0,0
10248,1.2000000000000002,0,1,1
10249,0.4,3,0,0
10250,0.4,3,0,0
10251,0.4,3,0,0
10252,1.2000000000000002,0,1,1
10253,0.4,3,0,0
10254,0.4,3,0,0
10255,0.4,3,0,0
10256,1.2000000000000002,0,1,1
10257,1.2000000000000002,0,1,0
10258,1.2000000000000002,0,1,1
10259,0.4,3,0,0
10260,0.4,3,0,0
10261,0.4,3,0,0
10262,1.2000000000000002,0,0,1
10263,2.0,0,1,1
10264,1.2000000000000002,0,1,1
10265,0.4,3,0,0
10266,1.2000000000000002,0,1,1
10267,0.4,3,0,1
10268,0.4,3,0,0
10269,2.0,0,1,0
10270,1.2000000000000002,0,1,1
10271,2.0,0,1,1
10272,1.2000000000000002,0,1,1
10273,2.0,0,1,1
10274,1.2000000000000002,0,1,1
10275,1.2000000000000002,0,1,1
10276,1.2000000000000002,0,1,1
10277,2.0,0,1,1
10278,1.2000000000000002,0,1,1
10279,1.2000000000000002,0,1,1
10280,0.4,3,0,0
10281,1.2000000000000002,0,1,1
10282,0.4,3,0,0
10283,0.4,3,0,0
10284,0.4,3,0,0
10285,0.4,3,0,0
10286,0.4,3,0,0
10287,0.4,3,0,0
10288,1.2000000000000002,0,1,1
10289,0.4,3,0,0
10290,1.2000000000000002,0,0,1
10291,2.0,0,1,1
10292,2.0,0,1,1
10293,1.2000000000000002,0,0,0
10294,1.2000000000000002,0,1,0
10295,0.4,3,0,0
10296,1.2000000000000002,0,0,0
10297,0.4,3,0,0
10298,0.4,3,0,0
10299,2.0,0,1,1
10300,1.2000000000000002,0,1,1
10301,0.4,3,0,0
10302,1.2000000000000002,0,1,1
10303,0.4,3,0,0
10304,1.2000000000000002,0,1,1
10305,1.2000000000000002,0,1,1
10306,1.2000000000000002,0,1,1
10307,1.2000000000000002,0,1,1
10308,0.4,3,0,0
10309,0.4,3,0,0
10310,1.2000000000000002,0,0,0
10311,1.2000000000000002,3,0,0
10312,0.4,3,0,0
10313,2.0,0,1,1
10314,1.2000000000000002,0,1,1
10315,1.2000000000000002,0,1,1
10316,0.4,3,0,0
10317,0.4,3,0,0
10318,1.2000000000000002,0,1,1
10319,0.4,3,0,0
10320,0.4,3,0,0
10321,0.4,3,0,0
10322,1.2000000000000002,0,1,0
10323,0.4,3,0,0
10324,1.2000000000000002,3,0,0
10325,0.4,3,0,0
10326,1.2000000000000002,0,1,1
10327,1.2000000000000002,3,0,0
10328,0.4,3,0,0
10329,0.4,3,0,0
10330,0.4,3,0,0
10331,1.2000000000000002,0,1,1
10332,1.2000000000000002,0,1,1
10333,2.0,0,1,1
10334,2.0,0,1,1
10335,0.4,3,0,0
10336,1.2000000000000002,0,1,1
10337,0.4,3,0,0
10338,0.4,3,0,0
10339,0.4,3,0,0
10340,1.2000000000000002,0,1,1
10341,1.2000000000000002,0,1,0
10342,0.4,3,0,0
10343,0.4,3,0,0
10344,1.2000000000000002,0,1,1
10345,1.2000000000000002,0,0,0
10346,0.4,3,0,0
10347,0.4,3,0,0
10348,2.0,0,1,1
10349,0.4,3,0,0
10350,1.2000000000000002,0,1,1
10351,2.0,0,1,1
10352,0.4,3,0,0
10353,0.4,3,0,0
10354,0.4,3,0,0
10355,0.4,3,0,0
10356,2.0,0,1,1
10357,0.4,3,0,0
10358,0.4,3,0,0
10359,0.4,3,0,0
10360,1.2000000000000002,0,1,0
10361,1.2000000000000002,0,0,1
10362,1.2000000000000002,0,1,1
10363,2.0,0,1,1
10364,0.4,3,0,0
10365,1.2000000000000002,0,1,1
10366,1.2000000000000002,3,0,0
10367,1.2000000000000002,0,1,1
10368,0.4,3,0,0
10369,1.2000000000000002,0,1,1
10370,0.4,3,0,0
10371,0.4,3,0,0
10372,1.2000000000000002,0,0,1
10373,2.0,0,1,1
10374,0.4,3,0,0
10375,1.2000000000000002,0,1,1
10376,0.4,3,0,0
10377,1.2000000000000002,0,1,1
10378,0.4,3,0,0
10379,0.4,3,0,0
10380,1.2000000000000002,0,1,0
10381,1.2000000000000002,0,1,1
10382,1.2000000000000002,0,1,1
10383,0.4,3,0,0
10384,0.4,3,0,0
10385,2.0,0,1,1
10386,1.2000000000000002,0,1,1
10387,1.2000000000000002,0,1,1
10388,0.4,3,0,0
10389,0.4,3,0,0
10390,1.2000000000000002,0,1,1
10391,1.2000000000000002,0,1,1
10392,0.4,3,0,0
10393,2.0,0,1,0
10394,0.4,3,0,0
10395,2.0,0,1,1
10396,1.2000000000000002,0,1,1
10397,0.4,3,0,0
10398,0.4,3,0,0
10399,0.4,3,0,0
10400,2.0,0,1,1
10401,0.4,3,0,0
10402,1.2000000000000002,0,1,1
10403,2.0,0,1,1
10404,2.0,0,1,1
10405,1.2000000000000002,0,0,1
10406,1.2000000000000002,0,0,1
10407,1.2000000000000002,0,1,1
10408,1.2000000000000002,0,1,1
10409,1.2000000000000002,0,1,1
10410,1.2000000000000002,0,1,0
10411,1.2000000000000002,0,1,1
10412,0.4,3,0,0
10413,0.4,3,0,0
10414,1.2000000000000002,0,0,1
10415,1.2000000000000002,0,1,1
10416,0.4,3,0,0
10417,0.4,3,0,0
10418,1.2000000000000002,0,1,1
10419,2.0,0,1,1
10420,1.2000000000000002,0,1,1
10421,0.4,3,0,0
10422,0.4,3,0,0
10423,1.2000000000000002,0,1,1
10424,2.0,0,1,1
10425,0.4,3,0,0
10426,1.2000000000000002,0,0,1
10427,0.4,3,0,0
10428,0.4,3,0,0
10429,1.2000000000000002,0,1,1
10430,1.2000000000000002,0,1,1
10431,1.2000000000000002,0,1,0
10432,0.4,3,0,0
10433,1.2000000000000002,0,1,0
10434,0.4,3,0,0
10435,0.4,3,0,0
10436,0.4,3,0,0
10437,2.0,0,1,0
10438,1.2000000000000002,0,1,1
10439,1.2000000000000002,0,0,1
10440,0.4,3,0,0
10441,1.2000000000000002,0,1,1
10442,1.2000000000000002,0,0,1
10443,0.4,3,0,0
10444,0.4,3,0,0
10445,1.2000000000000002,0,1,1
10446,1.2000000000000002,0,1,1
10447,1.2000000000000002,0,1,1
10448,1.2000000000000002,0,1,0
10449,1.2000000000000002,0,1,1
10450,1.2000000000000002,0,1,0
10451,2.0,0,1,1
10452,1.2000000000000002,0,0,1
10453,0.4,3,0,0
10454,0.4,3,0,0
10455,2.0,0,1,1
10456,0.4,3,0,0
10457,1.2000000000000002,0,1,1
10458,0.4,3,0,0
10459,0.4,3,0,0
10460,1.2000000000000002,0,1,0
10461,1.2000000000000002,0,1,1
10462,1.2000000000000002,0,1,1
10463,0.4,3,0,1
10464,0.4,3,0,0
10465,2.0,0,1,1
10466,0.4,3,0,0
10467,1.2000000000000002,0,1,1
10468,2.0,0,1,1
10469,1.2000000000000002,0,1,1
10470,1.2000000000000002,0,0,1
10471,0.4,3,0,0
10472,2.0,0,1,1
10473,0.4,3,0,0
10474,1.2000000000000002,0,0,1
10475,1.2000000000000002,0,1,1
10476,0.4,3,0,0
10477,2.0,0,1,0
10478,1.2000000000000002,0,1,1
10479,0.4,3,0,0
10480,1.2000000000000002,0,1,1
10481,1.2000000000000002,0,1,1
10482,1.2000000000000002,0,1,1
10483,0.4,3,0,0
10484,0.4,3,0,0
10485,0.4,3,0,0
10486,1.2000000000000002,0,0,1
10487,1.2000000000000002,0,1,1
10488,0.4,3,0,0
10489,1.2000000000000002,0,1,1
10490,0.4,3,0,0
10491,0.4,3,0,0
10492,0.4,3,0,0
10493,0.4,3,0,0
10494,0.4,3,0,0
10495,0.4,3,0,0
10496,1.2000000000000002,0,1,1
10497,1.2000000000000002,0,1,1
10498,0.4,3,0,0
10499,0.4,3,0,0
10500,0.4,3,0,0
10501,0.4,3,0,0
10502,1.2000000000000002,0,1,1
10503,0.4,3,0,0
10504,0.4,3,0,0
10505,2.0,0,1,1
10506,1.2000000000000002,0,1,1
10507,0.4,3,0,0
10508,1.2000000000000002,3,0,0
10509,1.2000000000000002,0,0,1
10510,1.2000000000000002,3,0,0
10511,1.2000000000000002,0,1,1
10512,1.2000000000000002,0,1,1
10513,1.2000000000000002,0,1,1
10514,1.2000000000000002,0,1,0
10515,0.4,3,0,0
10516,1.2000000000000002,0,1,1
10517,0.4,3,0,0
10518,1.2000000000000002,0,1,0
10519,0.4,3,0,0
10520,0.4,3,0,0
10521,2.0,0,1,0
10522,1.2000000000000002,0,1,1
10523,2.0,0,1,1
10524,1.2000000000000002,0,1,1
10525,1.2000000000000002,0,1,1
10526,1.2000000000000002,0,1,1
10527,1.2000000000000002,0,1,1
10528,1.2000000000000002,0,1,1
10529,0.4,3,0,0
10530,0.4,3,0,0
10531,1.2000000000000002,0,1,1
10532,1.2000000000000002,0,1,1
10533,0.4,3,0,0
10534,0.4,3,0,0
10535,1.2000000000000002,0,1,0
10536,1.2000000000000002,0,1,1
10537,0.4,3,0,0
10538,2.0,0,1,1
10539,0.4,3,0,0
10540,1.2000000000000002,0,1,1
10541,1.2000000000000002,0,1,0
10542,1.2000000000000002,0,1,1
10543,2.0,0,1,1
10544,0.4,3,0,0
10545,1.2000000000000002,0,1,1
10546,2.0,0,1,1
10547,1.2000000000000002,0,1,0
10548,2.8,0,1,1
10549,1.2000000000000002,0,1,1
10550,1.2000000000000002,0,1,1
10551,0.4,3,0,0
10552,0.4,3,0,0
10553,0.4,3,0,1
10554,2.0,0,0,1
10555,1.2000000000000002,0,1,1
10556,0.4,3,0,0
10557,1.2000000000000002,0,1,0
10558,0.4,3,0,0
10559,0.4,3,0,0
10560,1.2000000000000002,0,1,1
10561,1.2000000000000002,0,1,1
10562,1.2000000000000002,0,1,1
10563,1.2000000000000002,0,0,1
10564,1.2000000000000002,0,1,1
10565,2.0,0,1,1
10566,1.2000000000000002,0,0,1
10567,1.2000000000000002,0,1,1
10568,1.2000000000000002,0,1,1
10569,1.2000000000000002,0,1,1
10570,2.0,0,1,1
10571,0.4,3,0,0
10572,0.4,3,0,0
10573,1.2000000000000002,0,1,1
10574,1.2000000000000002,0,1,1
10575,0.4,3,0,0
10576,0.4,3,0,0
10577,0.4,3,0,0
10578,0.4,3,0,0
10579,0.4,3,0,0
10580,1.2000000000000002,0,1,1
10581,1.2000000000000002,0,1,1
10582,0.4,3,0,0
10583,0.4,3,0,0
10584,2.0,0,1,1
10585,1.2000000000000002,0,1,1
10586,0.4,3,0,0
10587,1.2000000000000002,0,0,1
10588,1.2000000000000002,0,1,1
10589,1.2000000000000002,0,1,1
10590,0.4,3,0,0
10591,1.2000000000000002,0,0,1
10592,1.2000000000000002,0,1,1
10593,0.4,3,0,0
10594,0.4,3,0,0
10595,1.2000000000000002,0,1,1
10596,1.2000000000000002,0,1,1
10597,0.4,3,0,0
10598,1.2000000000000002,0,1,1
10599,0.4,3,0,0
10600,1.2000000000000002,0,1,1
10601,1.2000000000000002,0,1,1
10602,0.4,3,0,0
10603,1.2000000000000002,0,1,1
10604,0.4,3,0,0
10605,1.2000000000000002,0,1,1
10606,0.4,3,0,0
10607,1.2000000000000002,0,1,1
10608,1.2000000000000002,0,1,1
10609,1.2000000000000002,0,1,1
10610,1.2000000000000002,0,1,1
10611,2.0,0,1,0
10612,2.0,0,0,1
10613,1.2000000000000002,0,1,1
10614,2.0,0,1,1
10615,0.4,3,0,0
10616,1.2000000000000002,0,1,0
10617,2.0,0,1,1
10618,1.2000000000000002,0,1,1
10619,0.4,3,0,0
10620,0.4,3,0,1
10621,2.0,0,1,1
10622,0.4,3,0,0
10623,2.0,0,1,1
10624,1.2000000000000002,0,1,0
10625,0.4,3,0,0
10626,1.2000000000000002,0,1,0
10627,0.4,3,0,0
10628,1.2000000000000002,0,0,1
10629,0.4,3,0,0
10630,0.4,3,0,0
10631,1.2000000000000002,0,1,1
10632,1.2000000000000002,0,1,1
10633,0.4,3,0,0
10634,0.4,3,0,0
10635,0.4,3,0,0
10636,1.2000000000000002,0,1,1
10637,1.2000000000000002,0,1,1
10638,1.2000000000000002,0,0,1
10639,1.2000000000000002,0,1,1
10640,1.2000000000000002,0,1,1
10641,0.4,3,0,0
10642,1.2000000000000002,0,1,1
10643,1.2000000000000002,0,1,1
10644,2.0,0,1,1
10645,0.4,3,0,0
10646,1.2000000000000002,0,1,1
10647,1.2000000000000002,0,0,1
10648,0.4,3,0,0
10649,1.2000000000000002,0,1,1
10650,1.2000000000000002,0,1,1
10651,0.4,3,0,0
10652,1.2000000000000002,0,1,1
10653,0.4,3,0,0
10654,1.2000000000000002,0,1,1
10655,1.2000000000000002,0,0,1
10656,0.4,3,0,0
10657,0.4,3,0,0
10658,1.2000000000000002,0,1,1
10659,1.2000000000000002,0,1,1
10660,0.4,3,0,0
10661,0.4,3,0,0
10662,0.4,3,0,1
10663,0.4,3,0,0
10664,1.2000000000000002,0,1,1
10665,0.4,3,0,1
10666,0.4,3,0,0
10667,0.4,3,0,0
10668,1.2000000000000002,0,1,1
10669,1.2000000000000002,0,1,0
10670,1.2000000000000002,0,1,1
10671,0.4,3,0,0
10672,2.0,0,1,1
10673,0.4,3,0,0
10674,0.4,3,0,0
10675,2.0,0,0,1
10676,1.2000000000000002,0,1,1
10677,0.4,3,0,0
10678,1.2000000000000002,0,0,1
10679,0.4,3,0,0
10680,1.2000000000000002,0,1,1
10681,0.4,3,0,0
10682,0.4,3,0,0
10683,1.2000000000000002,0,1,1
10684,1.2000000000000002,0,1,1
10685,0.4,3,0,0
10686,1.2000000000000002,0,1,1
10687,1.2000000000000002,0,1,1
10688,1.2000000000000002,0,1,1
10689,1.2000000000000002,0,0,1
10690,0.4,3,0,0
10691,0.4,3,0,0
10692,1.2000000000000002,0,1,1
10693,1.2000000000000002,0,0,1
10694,2.0,0,1,1
10695,0.4,3,0,0
10696,1.2000000000000002,0,1,1
10697,0.4,3,0,0
10698,0.4,3,0,0
10699,1.2000000000000002,0,1,1
10700,0.4,3,0,0
10701,0.4,3,0,0
10702,1.2000000000000002,0,1,0
10703,0.4,3,0,0
10704,0.4,3,0,0
10705,1.2000000000000002,0,1,1
10706,0.4,3,0,0
10707,1.2000000000000002,0,1,1
10708,0.4,3,0,1
10709,1.2000000000000002,0,1,0
10710,2.0,0,1,0
10711,0.4,3,0,0
10712,0.4,3,0,0
10713,2.0,0,1,1
10714,0.4,3,0,0
10715,1.2000000000000002,0,1,1
10716,0.4,3,0,0
10717,2.8,0,1,0
10718,0.4,3,0,0
10719,1.2000000000000002,0,1,0
10720,1.2000000000000002,0,1,1
10721,1.2000000000000002,0,0,1
10722,1.2000000000000002,0,1,1
10723,1.2000000000000002,0,1,1
10724,0.4,3,0,0
10725,0.4,3,0,0
10726,0.4,3,0,0
10727,0.4,3,0,1
10728,0.4,3,0,0
10729,1.2000000000000002,1,0,0
10730,0.4,3,0,0
10731,0.4,3,0,0
10732,1.2000000000000002,2,0,0
10733,1.2000000000000002,0,1,1
10734,1.2000000000000002,0,1,1
10735,1.2000000000000002,0,1,1
10736,2.8,0,1,1
10737,0.4,3,0,0
10738,0.4,3,0,0
10739,1.2000000000000002,0,1,1
10740,1.2000000000000002,0,0,1
10741,0.4,3,0,0
10742,2.0,0,1,1
10743,1.2000000000000002,0,1,0
10744,1.2000000000000002,0,1,1
10745,2.8,0,1,1
10746,0.4,3,0,0
10747,1.2000000000000002,0,1,0
10748,1.2000000000000002,0,1,1
10749,2.0,0,1,1
10750,0.4,3,0,0
10751,0.4,3,0,0
10752,0.4,3,0,0
10753,1.2000000000000002,0,1,1
10754,0.4,3,0,0
10755,1.2000000000000002,0,1,1
10756,0.4,3,0,0
10757,2.0,0,0,0
10758,1.2000000000000002,0,1,1
10759,0.4,3,0,0
10760,0.4,3,0,0
10761,1.2000000000000002,0,1,1
10762,0.4,3,0,0
10763,0.4,3,0,0
10764,1.2000000000000002,0,1,1
10765,0.4,3,0,1
10766,0.4,3,0,0
10767,0.4,3,0,0
10768,0.4,3,0,0
10769,0.4,3,0,0
10770,1.2000000000000002,0,1,1
10771,1.2000000000000002,0,1,1
10772,1.2000000000000002,0,1,1
10773,1.2000000000000002,0,1,0
10774,1.2000000000000002,0,1,1
10775,0.4,3,0,0
10776,0.4,3,0,1
10777,1.2000000000000002,0,1,1
10778,1.2000000000000002,0,1,0
10779,1.2000000000000002,0,1,0
10780,0.4,3,0,0
10781,1.2000000000000002,0,0,1
10782,0.4,3,0,0
10783,1.2000000000000002,0,1,0
10784,1.2000000000000002,0,0,1
10785,1.2000000000000002,0,1,1
10786,0.4,3,0,0
10787,1.2000000000000002,0,1,1
10788,0.4,3,0,0
10789,0.4,3,0,0
10790,1.2000000000000002,0,1,1
10791,0.4,3,0,0
10792,0.4,3,0,0
10793,0.4,3,0,0
10794,0.4,3,0,0
10795,1.2000000000000002,0,1,1
10796,1.2000000000000002,0,0,1
10797,0.4,3,0,0
10798,0.4,3,0,0
10799,0.4,3,0,0
10800,1.2000000000000002,0,1,1
10801,1.2000000000000002,0,1,1
10802,1.2000000000000002,0,1,1
10803,0.4,3,0,0
10804,2.8,0,1,1
10805,0.4,3,0,0
10806,0.4,3,0,0
10807,2.0,0,1,1
10808,0.4,3,0,0
10809,1.2000000000000002,0,1,1
10810,1.2000000000000002,0,1,1
10811,0.4,3,0,0
10812,0.4,3,0,0
10813,0.4,3,0,0
10814,0.4,3,0,0
10815,1.2000000000000002,0,1,1
10816,0.4,3,0,0
10817,1.2000000000000002,0,1,1
10818,0.4,3,0,0
10819,2.0,0,0,1
10820,0.4,3,0,0
10821,0.4,3,0,0
10822,1.2000000000000002,0,1,0
10823,1.2000000000000002,0,0,1
10824,0.4,3,0,1
10825,1.2000000000000002,0,1,1
10826,1.2000000000000002,0,0,1
10827,1.2000000000000002,0,1,1
10828,1.2000000000000002,0,1,1
10829,1.2000000000000002,0,1,1
10830,0.4,3,0,0
10831,1.2000000000000002,0,1,1
10832,1.2000000000000002,0,1,0
10833,0.4,3,0,0
10834,2.0,0,1,0
10835,1.2000000000000002,0,1,1
10836,0.4,3,0,0
10837,1.2000000000000002,0,1,0
10838,0.4,3,0,0
10839,2.0,0,1,1
10840,1.2000000000000002,0,1,1
10841,2.0,0,1,1
10842,1.2000000000000002,0,0,0
10843,1.2000000000000002,0,1,1
10844,0.4,3,0,0
10845,0.4,3,0,0
10846,0.4,3,0,0
10847,0.4,3,0,0
10848,1.2000000000000002,0,1,1
10849,1.2000000000000002,0,1,1
10850,2.0,0,1,1
10851,0.4,3,0,0
10852,0.4,3,0,0
10853,0.4,3,0,0
10854,2.0,0,1,1
10855,0.4,3,0,0
10856,0.4,3,0,0
10857,1.2000000000000002,0,1,1
10858,1.2000000000000002,0,1,1
10859,0.4,3,0,0
10860,1.2000000000000002,0,0,1
10861,0.4,3,0,1
10862,0.4,3,0,0
10863,0.4,3,0,0
10864,0.4,3,0,0
10865,1.2000000000000002,3,0,0
10866,1.2000000000000002,0,1,1
10867,1.2000000000000002,0,1,1
10868,2.0,0,1,1
10869,1.2000000000000002,0,1,1
10870,0.4,3,0,0
10871,1.2000000000000002,0,1,1
10872,0.4,3,0,0
10873,1.2000000000000002,0,0,0
10874,0.4,3,0,0
10875,1.2000000000000002,0,1,1
10876,1.2000000000000002,0,1,1
10877,0.4,3,0,0
10878,0.4,3,0,0
10879,1.2000000000000002,0,1,1
10880,0.4,3,0,0
10881,1.2000000000000002,0,1,1
10882,2.0,0,1,1
10883,1.2000000000000002,0,1,1
10884,0.4,3,0,0
10885,0.4,3,0,0
10886,1.2000000000000002,0,1,0
10887,0.4,3,0,0
10888,1.2000000000000002,0,1,1
10889,1.2000000000000002,0,1,1
10890,2.8,0,1,1
10891,1.2000000000000002,0,1,1
10892,0.4,3,0,0
10893,1.2000000000000002,0,1,0
10894,1.2000000000000002,0,0,1
10895,1.2000000000000002,0,1,1
10896,0.4,3,0,0
10897,0.4,3,0,0
10898,0.4,3,0,0
10899,0.4,3,0,0
10900,0.4,3,0,0
10901,1.2000000000000002,0,1,1
10902,1.2000000000000002,0,1,1
10903,1.2000000000000002,0,1,1
10904,0.4,3,0,0
10905,1.2000000000000002,0,1,1
10906,1.2000000000000002,0,1,1
10907,1.2000000000000002,0,1,1
10908,0.4,3,0,0
10909,0.4,3,0,0
10910,0.4,3,0,0
10911,0.4,3,0,0
10912,0.4,3,0,0
10913,2.0,0,1,1
10914,1.2000000000000002,0,1,1
10915,1.2000000000000002,0,1,1
10916,0.4,3,0,0
10917,0.4,3,0,0
10918,0.4,3,0,0
10919,1.2000000000000002,0,1,1
10920,1.2000000000000002,0,1,1
10921,1.2000000000000002,0,1,1
10922,1.2000000000000002,0,1,1
10923,2.0,0,1,1
10924,2.0,0,0,1
10925,1.2000000000000002,0,1,1
10926,0.4,3,0,0
10927,1.2000000000000002,0,1,1
10928,1.2000000000000002,0,1,1
10929,1.2000000000000002,0,1,0
10930,2.8,0,1,1
10931,2.0,0,1,1
10932,1.2000000000000002,0,1,1
10933,0.4,3,0,0
10934,0.4,3,0,0
10935,0.4,3,0,0
10936,0.4,3,0,0
10937,1.2000000000000002,0,0,1
10938,1.2000000000000002,0,1,1
10939,0.4,3,0,0
10940,1.2000000000000002,0,1,0
10941,1.2000000000000002,0,1,1
10942,0.4,3,0,0
10943,1.2000000000000002,0,1,1
10944,0.4,3,0,0
10945,0.4,3,0,0
10946,1.2000000000000002,0,1,0
10947,1.2000000000000002,0,1,1
10948,1.2000000000000002,0,1,1
10949,1.2000000000000002,0,1,1
10950,0.4,3,0,0
10951,1.2000000000000002,0,1,1
10952,1.2000000000000002,0,1,1
10953,1.2000000000000002,0,0,1
10954,0.4,3,0,0
10955,2.0,0,1,1
10956,1.2000000000000002,0,1,1
10957,0.4,3,0,1
10958,0.4,3,0,1
10959,0.4,3,0,0
10960,1.2000000000000002,0,1,1
10961,0.4,3,0,0
10962,0.4,3,0,0
10963,0.4,3,0,0
10964,0.4,3,0,0
10965,0.4,3,0,0
10966,1.2000000000000002,0,1,1
10967,1.2000000000000002,0,1,1
10968,1.2000000000000002,0,1,1
10969,0.4,3,0,0
10970,0.4,3,0,0
10971,0.4,3,0,0
10972,0.4,3,0,0
10973,2.0,0,1,1
10974,1.2000000000000002,0,1,1
10975,1.2000000000000002,0,1,1
10976,0.4,3,0,0
10977,0.4,3,0,0
10978,1.2000000000000002,0,1,1
10979,1.2000000000000002,0,0,1
10980,1.2000000000000002,0,1,1
10981,1.2000000000000002,0,1,1
10982,1.2000000000000002,0,1,1
10983,0.4,3,0,0
10984,1.2000000000000002,0,1,0
10985,1.2000000000000002,0,1,1
10986,0.4,3,0,0
10987,1.2000000000000002,0,1,1
10988,1.2000000000000002,0,1,1
10989,2.0,0,1,1
10990,1.2000000000000002,0,1,1
10991,1.2000000000000002,0,1,1
10992,2.0,0,1,1
10993,0.4,3,0,0
10994,1.2000000000000002,0,1,1
10995,1.2000000000000002,0,1,1
10996,0.4,3,0,0
10997,1.2000000000000002,0,1,0
10998,0.4,3,0,1
10999,0.4,3,0,0
11000,0.4,3,0,0
11001,1.2000000000000002,0,1,1
11002,0.4,3,0,0
11003,1.2000000000000002,0,1,1
11004,2.0,0,1,1
11005,1.2000000000000002,0,1,1
11006,1.2000000000000002,0,1,1
11007,1.2000000000000002,0,1,1
11008,1.2000000000000002,0,1,1
11009,0.4,3,0,0
11010,1.2000000000000002,0,1,1
11011,2.0,0,1,1
11012,0.4,3,0,0
11013,1.2000000000000002,0,0,1
11014,0.4,3,0,0
11015,1.2000000000000002,2,0,0
11016,0.4,3,0,0
11017,0.4,3,0,0
11018,1.2000000000000002,0,1,1
11019,1.2000000000000002,0,1,1
11020,0.4,3,0,0
11021,1.2000000000000002,0,1,1
11022,0.4,3,0,0
11023,0.4,3,0,0
11024,1.2000000000000002,0,1,1
11025,0.4,3,0,0
11026,2.0,0,1,1
11027,1.2000000000000002,0,1,1
11028,1.2000000000000002,0,0,1
11029,0.4,3,0,0
11030,2.0,0,1,1
11031,0.4,3,0,0
11032,1.2000000000000002,0,0,1
11033,1.2000000000000002,0,1,1
11034,1.2000000000000002,0,0,0
11035,1.2000000000000002,0,1,1
11036,0.4,3,0,0
11037,1.2000000000000002,0,1,1
11038,1.2000000000000002,0,1,1
11039,2.0,0,0,1
11040,0.4,3,0,0
11041,0.4,3,0,0
11042,0.4,3,0,0
11043,0.4,3,0,0
11044,0.4,3,0,0
11045,1.2000000000000002,0,1,1
11046,1.2000000000000002,0,1,1
11047,1.2000000000000002,0,1,1
11048,2.0,0,1,1
11049,0.4,3,0,0
11050,2.0,0,1,1
11051,1.2000000000000002,0,1,1
11052,0.4,3,0,0
11053,1.2000000000000002,0,0,1
11054,1.2000000000000002,0,1,1
11055,1.2000000000000002,3,0,0
11056,0.4,3,0,1
11057,1.2000000000000002,0,0,1
11058,1.2000000000000002,0,0,0
11059,1.2000000000000002,0,1,1
11060,0.4,3,0,0
11061,1.2000000000000002,3,0,0
11062,0.4,3,0,0
11063,1.2000000000000002,0,1,1
11064,2.0,0,1,1
11065,1.2000000000000002,0,1,1
11066,1.2000000000000002,0,1,1
11067,1.2000000000000002,0,1,1
11068,1.2000000000000002,0,0,1
11069,0.4,3,0,0
11070,1.2000000000000002,0,1,0
11071,2.0,0,1,1
11072,0.4,3,0,0
11073,1.2000000000000002,0,1,1
11074,0.4,3,0,0
11075,0.4,3,0,0
11076,0.4,3,0,0
11077,1.2000000000000002,0,1,1
11078,0.4,3,0,0
11079,2.0,0,0,1
11080,1.2000000000000002,0,1,1
11081,2.0,0,0,1
11082,1.2000000000000002,0,1,1
11083,1.2000000000000002,0,1,1
11084,2.0,0,1,1
11085,0.4,3,0,0
11086,1.2000000000000002,0,0,1
11087,0.4,3,0,0
11088,1.2000000000000002,0,1,1
11089,0.4,3,0,0
11090,2.0,0,0,1
11091,0.4,3,0,0
11092,0.4,3,0,0
11093,1.2000000000000002,0,0,1
11094,0.4,3,0,0
11095,0.4,3,0,0
11096,0.4,3,0,0
11097,1.2000000000000002,0,1,1
11098,0.4,3,0,0
11099,0.4,3,0,0
11100,1.2000000000000002,0,1,1
11101,1.2000000000000002,0,1,1
11102,1.2000000000000002,0,1,1
11103,1.2000000000000002,0,1,1
11104,2.0,0,1,0
11105,1.2000000000000002,0,1,1
11106,1.2000000000000002,0,1,1
11107,1.2000000000000002,0,1,1
11108,0.4,3,0,0
11109,1.2000000000000002,0,1,1
11110,0.4,3,0,0
11111,1.2000000000000002,0,1,1
11112,1.2000000000000002,0,0,1
11113,0.4,3,0,0
11114,0.4,3,0,0
11115,0.4,3,0,0
11116,0.4,3,0,0
11117,0.4,3,0,0
11118,0.4,3,0,0
11119,2.0,0,1,1
11120,1.2000000000000002,0,0,1
11121,1.2000000000000002,0,1,1
11122,2.0,0,1,1
11123,2.0,0,1,1
11124,1.2000000000000002,0,1,1
11125,1.2000000000000002,0,1,1
11126,0.4,3,0,0
11127,0.4,3,0,0
11128,0.4,3,0,0
11129,1.2000000000000002,0,1,1
11130,0.4,3,0,0
11131,0.4,3,0,0
11132,1.2000000000000002,0,1,1
11133,1.2000000000000002,0,1,1
11134,1.2000000000000002,0,1,1
11135,0.4,3,0,0
11136,0.4,3,0,0
11137,1.2000000000000002,0,0,1
11138,1.2000000000000002,0,1,0
11139,0.4,3,0,0
11140,1.2000000000000002,0,1,1
11141,0.4,3,0,0
11142,1.2000000000000002,0,1,1
11143,0.4,3,0,0
11144,0.4,3,0,0
11145,2.0,0,1,1
11146,1.2000000000000002,0,1,1
11147,0.4,3,0,0
11148,0.4,3,0,0
11149,1.2000000000000002,0,1,1
11150,0.4,3,0,0
11151,0.4,3,0,0
11152,2.0,0,1,0
11153,0.4,3,0,0
11154,0.4,3,0,0
11155,1.2000000000000002,0,1,0
11156,0.4,3,0,0
11157,0.4,3,0,0
11158,0.4,3,0,0
11159,0.4,3,0,0
11160,2.0,0,1,1
11161,0.4,3,0,0
11162,0.4,3,0,0
11163,0.4,3,0,0
11164,2.0,0,1,0
11165,1.2000000000000002,0,1,1
11166,0.4,3,0,0
11167,0.4,3,0,0
11168,1.2000000000000002,0,1,1
11169,0.4,3,0,1
11170,2.0,0,1,1
11171,1.2000000000000002,0,1,1
11172,0.4,3,0,0
11173,2.0,0,1,1
11174,0.4,3,0,0
11175,2.0,0,1,1
11176,1.2000000000000002,0,1,0
11177,1.2000000000000002,0,1,1
11178,1.2000000000000002,0,1,1
11179,2.0,0,0,1
11180,2.0,0,1,1
11181,0.4,3,0,0
11182,0.4,3,0,0
11183,1.2000000000000002,0,1,0
11184,0.4,3,0,0
11185,0.4,3,0,0
11186,2.0,0,0,1
11187,0.4,3,0,0
11188,1.2000000000000002,0,1,0
11189,1.2000000000000002,0,1,1
11190,0.4,3,0,0
11191,2.0,0,1,1
11192,1.2000000000000002,0,0,1
11193,0.4,3,0,0
11194,0.4,3,0,0
11195,0.4,3,0,0
11196,1.2000000000000002,0,1,1
11197,1.2000000000000002,0,0,1
11198,2.0,0,1,1
11199,0.4,3,0,0
11200,0.4,3,0,0
11201,0.4,3,0,0
11202,0.4,3,0,0
11203,1.2000000000000002,0,1,1
11204,1.2000000000000002,0,1,1
11205,1.2000000000000002,1,0,1
11206,0.4,3,0,0
11207,1.2000000000000002,0,1,1
11208,0.4,3,0,0
11209,1.2000000000000002,0,1,1
11210,0.4,3,0,1
11211,1.2000000000000002,0,1,1
11212,1.2000000000000002,0,1,1
11213,0.4,3,0,0
11214,0.4,3,0,0
11215,0.4,3,0,0
11216,0.4,3,0,0
11217,0.4,3,0,0
11218,1.2000000000000002,0,1,1
11219,1.2000000000000002,0,1,0
11220,1.2000000000000002,0,0,1
11221,0.4,3,0,0
11222,1.2000000000000002,0,1,1
11223,1.2000000000000002,0,1,1
11224,0.4,3,0,0
11225,0.4,3,0,0
11226,0.4,3,0,0
11227,1.2000000000000002,0,1,0
11228,0.4,3,0,0
11229,2.0,0,1,1
11230,0.4,3,0,0
11231,2.0,0,1,1
11232,1.2000000000000002,0,0,1
11233,0.4,3,0,0
11234,1.2000000000000002,0,0,1
11235,0.4,3,0,0
11236,0.4,3,0,0
11237,0.4,3,0,0
11238,1.2000000000000002,0,0,1
11239,0.4,3,0,0
11240,0.4,3,0,0
11241,2.0,0,1,1
11242,0.4,3,0,0
11243,0.4,3,0,0
11244,0.4,3,0,0
11245,0.4,3,0,0
11246,0.4,3,0,0
11247,0.4,3,0,0
11248,0.4,3,0,0
11249,0.4,3,0,0
11250,0.4,3,0,0
11251,0.4,3,0,0
11252,1.2000000000000002,0,1,1
11253,1.2000000000000002,0,1,0
11254,0.4,3,0,0
11255,0.4,3,0,0
11256,1.2000000000000002,0,1,1
11257,1.2000000000000002,0,1,1
11258,1.2000000000000002,0,1,1
11259,1.2000000000000002,0,1,1
11260,1.2000000000000002,0,0,1
11261,1.2000000000000002,0,1,1
11262,0.4,3,0,0
11263,1.2000000000000002,0,1,1
11264,0.4,3,0,0
11265,1.2000000000000002,0,1,1
11266,0.4,3,0,0
11267,0.4,3,0,0
11268,0.4,3,0,0
11269,1.2000000000000002,0,1,1
11270,1.2000000000000002,0,1,1
11271,1.2000000000000002,1,0,0
11272,0.4,3,0,0
11273,1.2000000000000002,0,1,1
11274,0.4,3,0,0
11275,0.4,3,0,0
11276,0.4,3,0,0
11277,0.4,3,0,1
11278,1.2000000000000002,0,1,1
11279,1.2000000000000002,0,1,1
11280,1.2000000000000002,0,1,1
11281,1.2000000000000002,0,1,1
11282,1.2000000000000002,0,1,1
11283,1.2000000000000002,0,0,1
11284,1.2000000000000002,0,1,1
11285,0.4,3,0,0
11286,1.2000000000000002,0,1,1
11287,0.4,3,0,0
11288,0.4,3,0,0
11289,1.2000000000000002,0,1,1
11290,0.4,3,0,0
11291,2.0,0,1,1
11292,0.4,3,0,0
11293,2.0,0,1,1
11294,2.0,0,0,1
11295,1.2000000000000002,0,1,1
11296,0.4,3,0,0
11297,0.4,3,0,0
11298,0.4,3,0,0
11299,1.2000000000000002,0,1,1
11300,1.2000000000000002,0,1,1
11301,1.2000000000000002,0,1,1
11302,1.2000000000000002,0,1,1
11303,1.2000000000000002,0,1,1
11304,1.2000000000000002,0,1,0
11305,1.2000000000000002,0,1,1
11306,0.4,3,0,0
11307,0.4,3,0,0
11308,1.2000000000000002,0,0,1
11309,1.2000000000000002,0,1,1
11310,1.2000000000000002,0,1,1
11311,2.0,0,1,1
11312,0.4,3,0,0
11313,0.4,3,0,0
11314,1.2000000000000002,0,0,0
11315,0.4,3,0,0
11316,2.0,0,1,1
11317,1.2000000000000002,0,0,1
11318,1.2000000000000002,0,0,1
11319,0.4,3,0,0
11320,1.2000000000000002,0,1,0
11321,0.4,3,0,0
11322,1.2000000000000002,0,1,1
11323,0.4,3,0,0
11324,1.2000000000000002,0,1,1
11325,0.4,3,0,0
11326,0.4,3,0,0
11327,0.4,3,0,0
11328,0.4,3,0,0
11329,1.2000000000000002,0,1,0
11330,1.2000000000000002,0,1,0
11331,0.4,3,0,0
11332,1.2000000000000002,0,1,1
11333,1.2000000000000002,0,1,1
11334,0.4,3,0,0
11335,1.2000000000000002,0,1,1
11336,0.4,3,0,0
11337,0.4,3,0,0
11338,2.0,0,1,1
11339,2.0,0,1,1
11340,0.4,3,0,0
11341,2.0,0,1,1
11342,2.0,0,1,1
11343,2.0,0,1,1
11344,0.4,3,0,0
11345,0.4,3,0,0
11346,0.4,3,0,0
11347,1.2000000000000002,0,1,1
11348,0.4,3,0,0
11349,1.2000000000000002,0,1,1
11350,2.0,0,1,1
11351,0.4,3,0,0
11352,1.2000000000000002,0,1,1
11353,0.4,3,0,0
11354,1.2000000000000002,0,1,1
11355,2.0,0,1,1
11356,0.4,3,0,0
11357,1.2000000000000002,0,1,1
11358,1.2000000000000002,0,0,1
11359,1.2000000000000002,0,1,1
11360,0.4,3,0,0
11361,0.4,3,0,0
11362,0.4,3,0,0
11363,1.2000000000000002,0,1,1
11364,1.2000000000000002,0,0,1
11365,1.2000000000000002,0,1,1
11366,0.4,3,0,0
11367,2.0,0,0,0
11368,1.2000000000000002,1,0,0
11369,1.2000000000000002,0,1,1
11370,1.2000000000000002,0,1,1
11371,0.4,3,0,0
11372,1.2000000000000002,0,1,1
11373,0.4,3,0,0
11374,0.4,3,0,0
11375,1.2000000000000002,0,1,1
11376,0.4,3,0,0
11377,0.4,3,0,0
11378,1.2000000000000002,0,1,1
11379,0.4,3,0,0
11380,1.2000000000000002,0,1,1
11381,2.0,0,1,1
11382,1.2000000000000002,0,1,1
11383,2.0,0,1,1
11384,1.2000000000000002,0,0,1
11385,1.2000000000000002,0,1,1
11386,1.2000000000000002,0,0,1
11387,0.4,3,0,0
11388,0.4,3,0,0
11389,1.2000000000000002,0,1,1
11390,0.4,3,0,0
11391,0.4,3,0,0
11392,0.4,3,0,0
11393,1.2000000000000002,0,1,1
11394,1.2000000000000002,0,1,1
11395,2.0,0,1,1
11396,0.4,3,0,0
11397,1.2000000000000002,0,0,1
11398,0.4,3,0,0
11399,1.2000000000000002,0,1,1
11400,0.4,3,0,0
11401,2.0,0,1,1
11402,2.0,0,1,1
11403,0.4,3,0,0
11404,1.2000000000000002,0,1,1
11405,0.4,3,0,0
11406,0.4,3,0,0
11407,0.4,3,0,0
11408,1.2000000000000002,0,1,0
11409,1.2000000000000002,0,1,0
11410,1.2000000000000002,0,1,1
11411,0.4,3,0,0
11412,1.2000000000000002,0,1,0
11413,0.4,3,0,0
11414,1.2000000000000002,0,1,1
11415,1.2000000000000002,0,1,1
11416,0.4,3,0,0
11417,2.8,0,1,1
11418,0.4,3,0,0
11419,1.2000000000000002,0,1,1
11420,1.2000000000000002,0,1,1
11421,0.4,3,0,0
11422,1.2000000000000002,0,1,1
11423,0.4,3,0,0
11424,0.4,3,0,0
11425,1.2000000000000002,0,1,0
11426,0.4,3,0,0
11427,1.2000000000000002,0,1,1
11428,1.2000000000000002,0,1,1
11429,1.2000000000000002,0,1,1
11430,1.2000000000000002,0,1,1
11431,0.4,3,0,0
11432,1.2000000000000002,3,0,0
11433,1.2000000000000002,0,0,1
11434,0.4,3,0,0
11435,2.0,0,1,1
11436,1.2000000000000002,0,1,0
11437,0.4,3,0,0
11438,1.2000000000000002,0,1,0
11439,0.4,3,0,0
11440,1.2000000000000002,0,0,1
11441,1.2000000000000002,1,0,1
11442,1.2000000000000002,0,1,1
11443,1.2000000000000002,0,1,1
11444,0.4,3,0,0
11445,0.4,3,0,0
11446,0.4,3,0,0
11447,0.4,3,0,1
11448,1.2000000000000002,3,0,0
11449,1.2000000000000002,0,1,1
11450,1.2000000000000002,0,1,1
11451,1.2000000000000002,0,1,1
11452,1.2000000000000002,0,1,1
11453,1.2000000000000002,0,1,1
11454,1.2000000000000002,0,1,1
11455,1.2000000000000002,0,1,1
11456,0.4,3,0,0
11457,0.4,3,0,0
11458,1.2000000000000002,0,1,1
11459,1.2000000000000002,0,1,1
11460,1.2000000000000002,0,1,1
11461,1.2000000000000002,1,0,0
11462,1.2000000000000002,0,1,1
11463,0.4,3,0,0
11464,1.2000000000000002,0,1,1
11465,1.2000000000000002,0,1,1
11466,0.4,3,0,0
11467,0.4,3,0,0
11468,1.2000000000000002,0,1,1
11469,0.4,3,0,0
11470,0.4,3,0,0
11471,0.4,3,0,0
11472,0.4,3,0,0
11473,0.4,3,0,0
11474,0.4,3,0,0
11475,0.4,3,0,0
11476,1.2000000000000002,0,1,1
11477,0.4,3,0,0
11478,2.0,0,1,1
11479,0.4,3,0,0
11480,0.4,3,0,0
11481,2.0,0,1,1
11482,1.2000000000000002,0,1,1
11483,1.2000000000000002,0,1,1
11484,2.0,0,1,1
11485,0.4,3,0,0
11486,2.0,0,1,1
11487,1.2000000000000002,0,1,1
11488,0.4,3,0,0
11489,1.2000000000000002,0,1,1
11490,1.2000000000000002,0,1,1
11491,0.4,3,0,0
11492,1.2000000000000002,0,1,1
11493,0.4,3,0,0
11494,2.0,0,1,1
11495,1.2000000000000002,0,1,1
11496,1.2000000000000002,0,1,1
11497,1.2000000000000002,0,1,1
11498,1.2000000000000002,0,1,1
11499,1.2000000000000002,0,1,1
11500,2.0,0,0,1
11501,1.2000000000000002,0,1,1
11502,0.4,3,0,0
11503,1.2000000000000002,0,1,1
11504,2.0,0,1,1
11505,2.0,0,1,1
11506,2.0,0,1,1
11507,1.2000000000000002,0,1,1
11508,1.2000000000000002,0,1,0
11509,0.4,3,0,0
11510,1.2000000000000002,0,0,1
11511,1.2000000000000002,0,0,1
11512,0.4,3,0,0
11513,1.2000000000000002,0,1,1
11514,0.4,3,0,0
11515,0.4,3,0,0
11516,0.4,3,0,0
11517,1.2000000000000002,1,0,0
11518,1.2000000000000002,0,1,1
11519,0.4,3,0,0
11520,1.2000000000000002,0,1,1
11521,1.2000000000000002,0,1,1
11522,0.4,3,0,1
11523,0.4,3,0,0
11524,1.2000000000000002,0,1,1
11525,1.2000000000000002,0,1,1
11526,0.4,3,0,0
11527,0.4,3,0,0
11528,0.4,3,0,0
11529,1.2000000000000002,0,1,1
11530,1.2000000000000002,0,1,1
11531,0.4,3,0,0
11532,1.2000000000000002,0,1,1
11533,1.2000000000000002,0,1,1
11534,1.2000000000000002,0,1,1
11535,1.2000000000000002,0,1,1
11536,1.2000000000000002,0,1,1
11537,1.2000000000000002,0,1,1
11538,1.2000000000000002,0,1,0
11539,1.2000000000000002,0,1,1
11540,1.2000000000000002,0,1,1
11541,1.2000000000000002,1,0,0
11542,0.4,3,0,0
11543,2.0,0,1,1
11544,1.2000000000000002,0,1,1
11545,1.2000000000000002,0,1,1
11546,1.2000000000000002,0,1,1
11547,1.2000000000000002,0,1,1
11548,1.2000000000000002,0,1,0
11549,0.4,3,0,0
11550,0.4,3,0,1
11551,1.2000000000000002,0,1,1
11552,0.4,3,0,0
11553,1.2000000000000002,0,1,1
11554,1.2000000000000002,0,1,1
11555,0.4,3,0,0
11556,0.4,3,0,0
11557,0.4,3,0,0
11558,1.2000000000000002,0,1,1
11559,0.4,3,0,0
11560,0.4,3,0,0
11561,1.2000000000000002,0,1,1
11562,0.4,3,0,0
11563,2.0,0,1,1
11564,2.0,0,1,1
11565,0.4,3,0,0
11566,0.4,3,0,0
11567,1.2000000000000002,0,1,1
11568,0.4,3,0,0
11569,1.2000000000000002,0,1,0
11570,0.4,3,0,0
11571,1.2000000000000002,0,1,1
11572,0.4,3,0,0
11573,0.4,3,0,0
11574,2.0,0,1,1
11575,0.4,3,0,0
11576,0.4,3,0,0
11577,1.2000000000000002,0,1,1
11578,4.4,3,0,0
11579,1.2000000000000002,0,1,1
11580,1.2000000000000002,0,1,1
11581,1.2000000000000002,0,1,0
11582,1.2000000000000002,0,1,1
11583,0.4,3,0,0
11584,0.4,3,0,0
11585,1.2000000000000002,0,0,1
11586,1.2000000000000002,0,1,1
11587,0.4,3,0,0
11588,1.2000000000000002,0,1,0
11589,1.2000000000000002,0,1,1
11590,0.4,3,0,0
11591,0.4,3,0,0
11592,0.4,3,0,0
11593,1.2000000000000002,0,1,0
11594,0.4,3,0,0
11595,1.2000000000000002,0,1,1
11596,0.4,3,0,0
11597,1.2000000000000002,0,1,1
11598,0.4,3,0,0
11599,1.2000000000000002,0,1,1
11600,2.0,0,0,0
11601,0.4,3,0,0
11602,1.2000000000000002,0,0,1
11603,1.2000000000000002,0,1,1
11604,1.2000000000000002,0,1,1
11605,0.4,3,0,0
11606,0.4,3,0,0
11607,1.2000000000000002,0,1,1
11608,0.4,3,0,0
11609,0.4,3,0,0
11610,0.4,3,0,0
11611,1.2000000000000002,0,1,0
11612,0.4,3,0,0
11613,1.2000000000000002,0,1,0
11614,1.2000000000000002,0,1,1
11615,0.4,3,0,0
11616,1.2000000000000002,0,1,1
11617,1.2000000000000002,0,1,1
11618,1.2000000000000002,0,1,1
11619,1.2000000000000002,0,0,1
11620,0.4,3,0,0
11621,0.4,3,0,0
11622,0.4,3,0,0
11623,1.2000000000000002,0,0,1
11624,2.0,0,1,0
11625,0.4,3,0,0
11626,1.2000000000000002,0,1,1
11627,2.0,0,1,0
11628,0.4,3,0,0
11629,1.2000000000000002,0,1,1
11630,1.2000000000000002,0,1,1
11631,1.2000000000000002,0,0,1
11632,1.2000000000000002,0,1,1
11633,1.2000000000000002,0,1,1
11634,1.2000000000000002,0,1,1
11635,0.4,3,0,0
11636,0.4,3,0,0
11637,1.2000000000000002,0,1,1
11638,2.0,0,1,1
11639,1.2000000000000002,0,1,0
11640,1.2000000000000002,0,1,1
11641,0.4,3,0,0
11642,1.2000000000000002,0,1,1
11643,1.2000000000000002,0,1,1
11644,1.2000000000000002,0,0,1
11645,2.0,0,1,1
11646,1.2000000000000002,0,1,1
11647,0.4,3,0,0
11648,1.2000000000000002,0,1,1
11649,1.2000000000000002,0,1,1
11650,0.4,3,0,0
11651,0.4,3,0,0
11652,1.2000000000000002,0,1,1
11653,2.8,0,1,1
11654,0.4,3,0,0
11655,1.2000000000000002,0,1,1
11656,1.2000000000000002,0,1,1
11657,0.4,3,0,0
11658,1.2000000000000002,0,1,1
11659,0.4,3,0,0
11660,1.2000000000000002,0,1,0
11661,0.4,3,0,0
11662,0.4,3,0,0
11663,0.4,3,0,0
11664,2.0,0,1,1
11665,1.2000000000000002,0,0,1
11666,2.0,0,1,1
11667,1.2000000000000002,0,0,1
11668,0.4,3,0,0
11669,1.2000000000000002,0,1,1
11670,0.4,3,0,0
11671,1.2000000000000002,0,0,1
11672,0.4,3,0,1
11673,1.2000000000000002,0,1,1
11674,1.2000000000000002,0,1,1
11675,0.4,3,0,0
11676,1.2000000000000002,0,1,1
11677,1.2000000000000002,0,1,1
11678,1.2000000000000002,0,1,1
11679,1.2000000000000002,0,1,1
11680,0.4,3,0,0
11681,0.4,3,0,0
11682,1.2000000000000002,0,1,1
11683,0.4,3,0,0
11684,1.2000000000000002,0,0,1
11685,0.4,3,0,0
11686,0.4,3,0,0
11687,1.2000000000000002,0,1,1
11688,0.4,3,0,0
11689,1.2000000000000002,0,0,1
11690,0.4,3,0,0
11691,0.4,3,0,0
11692,0.4,3,0,0
11693,0.4,3,0,0
11694,0.4,3,0,0
11695,1.2000000000000002,0,1,0
11696,1.2000000000000002,0,0,1
11697,2.0,0,1,1
11698,1.2000000000000002,0,1,1
11699,0.4,3,0,0
11700,1.2000000000000002,0,1,1
11701,0.4,3,0,0
11702,0.4,3,0,0
11703,1.2000000000000002,0,1,1
11704,1.2000000000000002,0,1,1
11705,2.0,0,1,1
11706,1.2000000000000002,0,1,1
11707,2.0,0,0,1
11708,1.2000000000000002,1,0,0
11709,1.2000000000000002,0,1,1
11710,1.2000000000000002,0,1,1
11711,0.4,3,0,0
11712,1.2000000000000002,0,1,1
11713,1.2000000000000002,0,1,1
11714,0.4,3,0,0
11715,1.2000000000000002,0,1,1
11716,1.2000000000000002,0,1,1
11717,0.4,3,0,1
11718,1.2000000000000002,0,0,1
11719,0.4,3,0,0
11720,0.4,3,0,0
11721,2.0,0,1,1
11722,0.4,3,0,0
11723,1.2000000000000002,0,1,0
11724,1.2000000000000002,0,1,1
11725,1.2000000000000002,0,0,1
11726,0.4,3,0,0
11727,1.2000000000000002,3,0,0
11728,0.4,3,0,0
11729,0.4,3,0,0
11730,2.0,0,1,1
11731,1.2000000000000002,0,0,1
11732,1.2000000000000002,0,1,0
11733,2.0,0,1,1
11734,1.2000000000000002,0,0,1
11735,0.4,3,0,0
11736,1.2000000000000002,0,0,0
11737,0.4,3,0,0
11738,1.2000000000000002,0,1,1
11739,1.2000000000000002,0,1,1
11740,0.4,3,0,0
11741,0.4,3,0,0
11742,1.2000000000000002,0,1,1
11743,1.2000000000000002,0,0,0
11744,1.2000000000000002,0,1,0
11745,1.2000000000000002,0,1,1
11746,1.2000000000000002,0,1,0
11747,0.4,3,0,0
11748,1.2000000000000002,0,1,1
11749,1.2000000000000002,0,1,1
11750,1.2000000000000002,0,1,0
11751,1.2000000000000002,0,1,1
11752,0.4,3,0,0
11753,1.2000000000000002,0,1,1
11754,0.4,3,0,0
11755,0.4,3,0,0
11756,0.4,3,0,0
11757,1.2000000000000002,0,0,0
11758,0.4,3,0,0
11759,1.2000000000000002,0,1,1
11760,1.2000000000000002,0,1,1
11761,1.2000000000000002,0,1,1
11762,1.2000000000000002,0,0,1
11763,1.2000000000000002,0,1,1
11764,1.2000000000000002,0,1,1
11765,0.4,3,0,0
11766,0.4,3,0,0
11767,0.4,3,0,0
11768,2.0,0,1,1
11769,1.2000000000000002,0,1,1
11770,2.0,0,1,1
11771,2.0,0,1,1
11772,0.4,3,0,0
11773,1.2000000000000002,0,1,1
11774,1.2000000000000002,0,1,1
11775,0.4,3,0,0
11776,1.2000000000000002,0,1,1
11777,0.4,3,0,0
11778,1.2000000000000002,0,1,1
11779,0.4,3,0,0
11780,1.2000000000000002,0,1,0
11781,1.2000000000000002,0,1,1
11782,1.2000000000000002,0,1,1
11783,0.4,3,0,0
11784,0.4,3,0,0
11785,2.8,0,1,1
11786,1.2000000000000002,0,1,1
11787,1.2000000000000002,3,0,0
11788,0.4,3,0,0
11789,0.4,3,0,0
11790,0.4,3,0,0
11791,2.8,0,1,1
11792,0.4,3,0,0
11793,0.4,3,0,0
11794,1.2000000000000002,0,0,1
11795,2.0,0,1,1
11796,1.2000000000000002,0,1,1
11797,1.2000000000000002,0,1,1
11798,2.0,0,1,1
11799,0.4,3,0,0
11800,1.2000000000000002,0,1,1
11801,0.4,3,0,0
11802,1.2000000000000002,0,1,1
11803,1.2000000000000002,0,1,1
11804,0.4,3,0,0
11805,0.4,3,0,0
11806,0.4,3,0,0
11807,1.2000000000000002,0,1,1
11808,0.4,3,0,0
11809,0.4,3,0,0
11810,1.2000000000000002,0,1,1
11811,1.2000000000000002,0,1,1
11812,0.4,3,0,0
11813,1.2000000000000002,0,1,1
11814,0.4,3,0,0
11815,1.2000000000000002,0,1,1
11816,1.2000000000000002,0,1,1
11817,0.4,3,0,0
11818,2.0,0,1,1
11819,0.4,3,0,0
11820,0.4,3,0,0
11821,0.4,3,0,0
11822,2.0,0,1,1
11823,0.4,3,0,0
11824,0.4,3,0,0
11825,1.2000000000000002,0,1,1
11826,1.2000000000000002,0,0,1
11827,0.4,3,0,0
11828,0.4,3,0,0
11829,1.2000000000000002,0,1,1
11830,0.4,3,0,0
11831,1.2000000000000002,0,1,1
11832,1.2000000000000002,0,1,0
11833,1.2000000000000002,0,1,1
11834,0.4,3,0,0
11835,1.2000000000000002,0,1,0
11836,2.0,0,1,0
11837,1.2000000000000002,0,1,1
11838,0.4,3,0,0
11839,0.4,3,0,0
11840,0.4,3,0,0
11841,2.0,0,0,1
11842,0.4,3,0,0
11843,1.2000000000000002,0,1,1
11844,0.4,3,0,0
11845,0.4,3,0,0
11846,0.4,3,0,0
11847,1.2000000000000002,0,1,0
11848,0.4,3,0,0
11849,0.4,3,0,0
11850,0.4,3,0,0
11851,1.2000000000000002,0,0,0
11852,0.4,3,0,0
11853,1.2000000000000002,0,0,1
11854,0.4,3,0,0
11855,2.0,0,1,1
11856,0.4,3,0,0
11857,2.0,0,1,1
11858,1.2000000000000002,0,1,1
11859,1.2000000000000002,0,0,0
11860,1.2000000000000002,0,1,1
11861,1.2000000000000002,0,1,1
11862,2.0,0,1,1
11863,0.4,3,0,0
11864,0.4,3,0,0
11865,0.4,3,0,0
11866,1.2000000000000002,0,1,0
11867,0.4,3,0,0
11868,0.4,3,0,0
11869,0.4,3,0,0
11870,1.2000000000000002,0,1,0
11871,0.4,3,0,0
11872,1.2000000000000002,0,0,0
11873,1.2000000000000002,0,1,0
11874,1.2000000000000002,0,1,1
11875,1.2000000000000002,0,0,1
11876,1.2000000000000002,0,1,1
11877,1.2000000000000002,0,1,1
11878,1.2000000000000002,0,1,1
11879,2.0,0,1,1
11880,1.2000000000000002,0,1,1
11881,0.4,3,0,0
11882,0.4,3,0,0
11883,1.2000000000000002,0,1,1
11884,1.2000000000000002,0,1,0
11885,1.2000000000000002,0,1,0
11886,0.4,3,0,0
11887,0.4,3,0,0
11888,0.4,3,0,0
11889,1.2000000000000002,0,1,1
11890,0.4,3,0,0
11891,0.4,3,0,0
11892,1.2000000000000002,0,0,1
11893,1.2000000000000002,0,1,1
11894,0.4,3,0,1
11895,1.2000000000000002,0,1,1
11896,1.2000000000000002,0,1,1
11897,1.2000000000000002,0,0,1
11898,0.4,3,0,0
11899,0.4,3,0,0
11900,1.2000000000000002,0,1,1
11901,0.4,3,0,0
11902,2.8,0,1,1
11903,1.2000000000000002,0,1,1
11904,0.4,3,0,0
11905,2.0,0,1,0
11906,1.2000000000000002,3,0,0
11907,2.0,0,1,1
11908,1.2000000000000002,0,1,1
11909,0.4,3,0,0
11910,0.4,3,0,0
11911,0.4,3,0,0
11912,1.2000000000000002,0,1,1
11913,1.2000000000000002,0,1,1
11914,1.2000000000000002,0,1,0
11915,0.4,3,0,0
11916,0.4,3,0,0
11917,0.4,3,0,0
11918,2.0,0,1,0
11919,1.2000000000000002,0,1,1
11920,1.2000000000000002,0,0,1
11921,2.0,0,1,0
11922,1.2000000000000002,0,1,1
11923,0.4,3,0,0
11924,0.4,3,0,0
11925,1.2000000000000002,0,1,1
11926,0.4,3,0,0
11927,0.4,3,0,0
11928,1.2000000000000002,0,1,1
11929,0.4,3,0,1
11930,1.2000000000000002,0,1,1
11931,2.0,0,1,1
11932,2.0,0,1,1
11933,1.2000000000000002,0,1,1
11934,1.2000000000000002,0,1,1
11935,0.4,3,0,0
11936,0.4,3,0,0
11937,1.2000000000000002,0,1,0
11938,1.2000000000000002,0,1,1
11939,1.2000000000000002,0,1,1
11940,0.4,3,0,0
11941,0.4,3,0,0
11942,0.4,3,0,0
11943,1.2000000000000002,0,1,1
11944,1.2000000000000002,0,1,1
11945,1.2000000000000002,0,0,1
11946,0.4,3,0,0
11947,1.2000000000000002,0,1,1
11948,1.2000000000000002,0,1,1
11949,0.4,3,0,0
11950,0.4,3,0,0
11951,2.0,0,0,1
11952,0.4,3,0,0
11953,0.4,3,0,0
11954,0.4,3,0,0
11955,0.4,3,0,0
11956,1.2000000000000002,0,1,1
11957,0.4,3,0,0
11958,0.4,3,0,0
11959,1.2000000000000002,0,1,1
11960,0.4,3,0,0
11961,2.0,0,1,1
11962,1.2000000000000002,0,1,1
11963,0.4,3,0,0
11964,1.2000000000000002,0,1,1
11965,0.4,3,0,0
11966,0.4,3,0,0
11967,0.4,3,0,0
11968,1.2000000000000002,0,1,1
11969,0.4,3,0,0
11970,0.4,3,0,0
11971,0.4,3,0,1
11972,0.4,3,0,0
11973,1.2000000000000002,0,0,1
11974,0.4,3,0,0
11975,0.4,3,0,0
11976,2.0,0,0,1
11977,1.2000000000000002,0,1,1
11978,1.2000000000000002,0,1,0
11979,2.0,0,1,1
11980,0.4,3,0,0
11981,0.4,3,0,0
11982,0.4,3,0,0
11983,2.0,0,1,1
11984,0.4,3,0,0
11985,1.2000000000000002,0,0,1
11986,1.2000000000000002,0,1,1
11987,2.0,0,1,1
11988,0.4,3,0,0
11989,1.2000000000000002,0,0,1
11990,1.2000000000000002,0,0,1
11991,1.2000000000000002,0,1,1
11992,1.2000000000000002,0,1,1
11993,0.4,3,0,0
11994,1.2000000000000002,0,1,0
11995,1.2000000000000002,0,1,1
11996,2.0,0,1,1
11997,1.2000000000000002,0,1,1
11998,1.2000000000000002,0,1,1
11999,0.4,3,0,0
12000,1.2000000000000002,0,1,0
12001,1.2000000000000002,0,1,1
12002,0.4,3,0,0
12003,0.4,3,0,0
12004,1.2000000000000002,0,1,1
12005,1.2000000000000002,0,0,1
12006,1.2000000000000002,0,0,1
12007,1.2000000000000002,0,1,1
12008,1.2000000000000002,0,1,1
12009,0.4,3,0,0
12010,1.2000000000000002,0,1,1
12011,1.2000000000000002,0,0,1
12012,1.2000000000000002,0,0,1
12013,1.2000000000000002,0,1,0
12014,1.2000000000000002,0,0,0
12015,0.4,3,0,0
12016,1.2000000000000002,0,1,1
12017,2.0,0,0,1
12018,1.2000000000000002,3,0,0
12019,2.0,0,1,1
12020,1.2000000000000002,0,1,1
12021,2.0,0,1,1
12022,0.4,3,0,0
12023,2.0,0,1,1
12024,1.2000000000000002,0,1,1
12025,1.2000000000000002,0,1,1
12026,0.4,3,0,0
12027,1.2000000000000002,0,1,1
12028,2.0,0,0,1
12029,0.4,3,0,0
12030,0.4,3,0,0
12031,1.2000000000000002,0,1,0
12032,1.2000000000000002,0,1,0
12033,1.2000000000000002,0,1,1
12034,1.2000000000000002,0,0,1
12035,0.4,3,0,0
12036,1.2000000000000002,0,1,1
12037,2.0,0,1,1
12038,0.4,3,0,0
12039,0.4,3,0,0
12040,0.4,3,0,0
12041,1.2000000000000002,0,1,1
12042,1.2000000000000002,0,1,1
12043,0.4,3,0,0
12044,1.2000000000000002,0,1,0
12045,1.2000000000000002,0,1,1
12046,1.2000000000000002,0,1,1
12047,0.4,3,0,0
12048,0.4,3,0,0
12049,2.0,0,1,0
12050,1.2000000000000002,0,0,1
12051,0.4,3,0,0
12052,1.2000000000000002,0,1,1
12053,1.2000000000000002,0,1,1
12054,1.2000000000000002,0,1,0
12055,0.4,3,0,0
12056,0.4,3,0,0
12057,2.0,0,1,1
12058,1.2000000000000002,0,1,1
12059,1.2000000000000002,0,1,1
12060,1.2000000000000002,0,1,1
12061,0.4,3,0,0
12062,1.2000000000000002,0,1,1
12063,0.4,3,0,0
12064,2.0,0,1,1
12065,1.2000000000000002,0,1,1
12066,2.0,0,1,1
12067,1.2000000000000002,0,1,1
12068,0.4,3,0,0
12069,0.4,3,0,0
12070,0.4,3,0,0
12071,0.4,3,0,0
12072,1.2000000000000002,0,1,1
12073,0.4,3,0,0
12074,1.2000000000000002,0,1,1
12075,2.8,0,1,1
12076,1.2000000000000002,0,1,1
12077,0.4,3,0,0
12078,0.4,3,0,0
12079,1.2000000000000002,0,0,1
12080,1.2000000000000002,0,1,1
12081,0.4,3,0,0
12082,1.2000000000000002,0,1,0
12083,1.2000000000000002,0,1,1
12084,1.2000000000000002,0,1,1
12085,1.2000000000000002,0,1,1
12086,0.4,3,0,0
12087,0.4,3,0,0
12088,1.2000000000000002,0,1,1
12089,0.4,3,0,0
12090,0.4,3,0,0
12091,0.4,3,0,1
12092,0.4,3,0,0
12093,0.4,3,0,0
12094,1.2000000000000002,0,1,0
12095,0.4,3,0,0
12096,2.0,0,1,1
12097,2.0,0,1,1
12098,1.2000000000000002,0,0,1
12099,1.2000000000000002,0,1,1
12100,1.2000000000000002,0,1,1
12101,0.4,3,0,0
12102,1.2000000000000002,0,1,0
12103,1.2000000000000002,0,0,1
12104,0.4,3,0,0
12105,1.2000000000000002,3,0,0
12106,0.4,3,0,0
12107,0.4,3,0,0
12108,0.4,3,0,0
12109,1.2000000000000002,0,1,1
12110,0.4,3,0,0
12111,2.0,0,1,1
12112,1.2000000000000002,0,1,0
12113,2.0,0,1,0
12114,1.2000000000000002,0,1,1
12115,0.4,3,0,0
12116,1.2000000000000002,0,1,1
12117,1.2000000000000002,0,1,0
12118,0.4,3,0,0
12119,1.2000000000000002,0,1,1
12120,1.2000000000000002,0,1,1
12121,1.2000000000000002,0,0,1
12122,1.2000000000000002,0,1,1
12123,1.2000000000000002,0,0,1
12124,0.4,3,0,0
12125,1.2000000000000002,0,1,1
12126,0.4,3,0,0
12127,0.4,3,0,0
12128,0.4,3,0,0
12129,0.4,3,0,0
12130,1.2000000000000002,0,1,1
12131,1.2000000000000002,0,1,1
12132,0.4,3,0,0
12133,1.2000000000000002,0,0,0
12134,1.2000000000000002,0,1,1
12135,2.0,0,1,1
12136,0.4,3,0,0
12137,0.4,3,0,0
12138,0.4,3,0,0
12139,1.2000000000000002,0,1,1
12140,2.0,0,1,1
12141,1.2000000000000002,0,0,1
12142,1.2000000000000002,0,0,1
12143,1.2000000000000002,0,1,1
12144,0.4,3,0,0
12145,1.2000000000000002,0,1,1
12146,1.2000000000000002,0,1,0
12147,2.0,0,1,1
12148,1.2000000000000002,0,1,1
12149,0.4,3,0,0
12150,1.2000000000000002,0,1,1
12151,2.0,0,1,1
12152,0.4,3,0,0
12153,1.2000000000000002,0,1,1
12154,1.2000000000000002,0,1,1
12155,0.4,3,0,0
12156,1.2000000000000002,0,1,1
12157,0.4,3,0,0
12158,2.0,0,1,1
12159,1.2000000000000002,0,1,1
12160,0.4,3,0,0
12161,1.2000000000000002,0,0,0
12162,0.4,3,0,0
12163,0.4,3,0,0
12164,1.2000000000000002,0,1,1
12165,0.4,3,0,0
12166,1.2000000000000002,0,1,1
12167,0.4,3,0,0
12168,0.4,3,0,0
12169,2.0,0,1,1
12170,1.2000000000000002,0,1,1
12171,2.0,0,1,1
12172,0.4,3,0,0
12173,1.2000000000000002,0,1,1
12174,0.4,3,0,0
12175,0.4,3,0,0
12176,1.2000000000000002,0,1,0
12177,0.4,3,0,0
12178,1.2000000000000002,0,1,1
12179,0.4,3,0,0
12180,1.2000000000000002,0,1,1
12181,1.2000000000000002,0,1,1
12182,1.2000000000000002,0,1,0
12183,1.2000000000000002,0,1,1
12184,0.4,3,0,0
12185,1.2000000000000002,0,1,1
12186,1.2000000000000002,0,1,1
12187,0.4,3,0,0
12188,1.2000000000000002,0,1,1
12189,1.2000000000000002,0,1,1
12190,0.4,3,0,0
12191,1.2000000000000002,0,1,1
12192,2.8,0,1,1
12193,1.2000000000000002,0,1,1
12194,0.4,3,0,0
12195,1.2000000000000002,0,1,1
12196,2.0,0,1,1
12197,1.2000000000000002,0,1,0
12198,2.0,0,1,1
12199,2.0,0,1,1
12200,0.4,3,0,0
12201,1.2000000000000002,0,1,1
12202,2.0,0,1,1
12203,0.4,3,0,0
12204,0.4,3,0,0
12205,0.4,3,0,0
12206,1.2000000000000002,0,1,1
12207,2.0,0,1,1
12208,0.4,3,0,0
12209,2.0,0,1,1
12210,0.4,3,0,0
12211,0.4,3,0,0
12212,0.4,3,0,0
12213,2.0,0,1,1
12214,1.2000000000000002,0,1,1
12215,0.4,3,0,0
12216,2.0,0,1,1
12217,0.4,3,0,0
12218,1.2000000000000002,0,1,1
12219,1.2000000000000002,0,1,1
12220,1.2000000000000002,0,1,0
12221,1.2000000000000002,0,1,1
12222,2.0,0,1,0
12223,2.0,0,1,1
12224,2.0,0,1,1
12225,2.8,0,1,1
12226,1.2000000000000002,0,1,1
12227,1.2000000000000002,0,1,1
12228,2.0,0,0,1
12229,0.4,3,0,0
12230,1.2000000000000002,0,1,1
12231,1.2000000000000002,0,1,1
12232,0.4,3,0,0
12233,1.2000000000000002,0,0,1
12234,1.2000000000000002,0,1,0
12235,1.2000000000000002,0,1,0
12236,1.2000000000000002,0,1,1
12237,0.4,3,0,0
12238,2.0,0,1,0
12239,0.4,3,0,0
12240,0.4,3,0,0
12241,1.2000000000000002,0,1,1
12242,2.0,0,1,1
12243,2.8,0,1,1
12244,2.0,0,1,1
12245,1.2000000000000002,0,1,1
12246,0.4,3,0,0
12247,0.4,3,0,0
12248,2.0,0,1,1
12249,1.2000000000000002,0,1,1
12250,0.4,3,0,0
12251,1.2000000000000002,0,1,1
12252,1.2000000000000002,0,1,1
12253,1.2000000000000002,0,0,1
12254,0.4,3,0,0
12255,2.0,0,1,1
12256,0.4,3,0,0
12257,0.4,3,0,0
12258,2.0,0,1,1
12259,1.2000000000000002,0,1,1
12260,1.2000000000000002,0,1,1
12261,0.4,3,0,0
12262,0.4,3,0,0
12263,1.2000000000000002,0,1,1
12264,1.2000000000000002,0,1,1
12265,1.2000000000000002,0,1,1
12266,0.4,3,0,0
12267,1.2000000000000002,0,1,1
12268,1.2000000000000002,0,1,1
12269,0.4,3,0,0
12270,1.2000000000000002,0,1,1
12271,1.2000000000000002,0,1,1
12272,1.2000000000000002,0,0,1
12273,0.4,3,0,0
12274,2.0,0,1,1
12275,1.2000000000000002,0,0,1
12276,1.2000000000000002,0,1,1
12277,0.4,3,0,0
12278,1.2000000000000002,0,1,1
12279,2.0,0,1,1
12280,1.2000000000000002,0,1,1
12281,1.2000000000000002,0,1,1
12282,1.2000000000000002,0,1,1
12283,0.4,3,0,0
12284,2.0,0,1,1
12285,1.2000000000000002,0,1,1
12286,1.2000000000000002,0,1,1
12287,0.4,3,0,0
12288,0.4,3,0,0
12289,1.2000000000000002,0,1,0
12290,2.0,0,1,1
12291,0.4,3,0,0
12292,1.2000000000000002,0,1,1
12293,0.4,3,0,0
12294,0.4,3,0,0
12295,0.4,3,0,0
12296,2.0,0,1,1
12297,0.4,3,0,0
12298,1.2000000000000002,0,1,1
12299,0.4,3,0,0
12300,1.2000000000000002,0,1,1
12301,1.2000000000000002,0,1,0
12302,2.0,0,1,1
12303,2.0,0,1,1
12304,1.2000000000000002,0,1,1
12305,0.4,3,0,0
12306,0.4,3,0,0
12307,1.2000000000000002,0,1,1
12308,1.2000000000000002,0,1,1
12309,0.4,3,0,0
12310,1.2000000000000002,3,0,0
12311,1.2000000000000002,0,1,1
12312,0.4,3,0,0
12313,1.2000000000000002,0,1,1
12314,0.4,3,0,0
12315,1.2000000000000002,0,1,1
12316,1.2000000000000002,0,1,1
12317,0.4,3,0,0
12318,0.4,3,0,0
12319,1.2000000000000002,0,1,1
12320,0.4,3,0,0
12321,1.2000000000000002,0,0,1
12322,1.2000000000000002,0,1,1
12323,0.4,3,0,0
12324,0.4,3,0,0
12325,2.0,0,0,0
12326,0.4,3,0,0
12327,0.4,3,0,0
12328,0.4,3,0,0
12329,1.2000000000000002,0,1,1
12330,1.2000000000000002,0,0,1
12331,1.2000000000000002,0,1,1
12332,0.4,3,0,0
12333,2.0,0,1,1
12334,0.4,3,0,0
12335,1.2000000000000002,0,1,1
12336,0.4,3,0,0
12337,0.4,3,0,0
12338,1.2000000000000002,0,1,1
12339,2.0,0,1,0
12340,1.2000000000000002,0,1,1
12341,0.4,3,0,0
12342,1.2000000000000002,0,1,1
12343,1.2000000000000002,0,1,1
12344,1.2000000000000002,0,1,1
12345,1.2000000000000002,0,1,0
12346,1.2000000000000002,0,1,1
12347,0.4,3,0,0
12348,1.2000000000000002,0,1,0
12349,1.2000000000000002,0,1,1
12350,0.4,3,0,0
12351,1.2000000000000002,0,1,1
12352,1.2000000000000002,0,1,1
12353,0.4,3,0,0
12354,0.4,3,0,0
12355,2.0,0,1,0
12356,1.2000000000000002,0,1,1
12357,0.4,3,0,0
12358,0.4,3,0,0
12359,0.4,3,0,0
12360,1.2000000000000002,0,1,1
12361,1.2000000000000002,0,1,1
12362,0.4,3,0,0
12363,1.2000000000000002,0,0,1
12364,1.2000000000000002,0,1,0
12365,1.2000000000000002,0,1,1
12366,1.2000000000000002,0,1,1
12367,1.2000000000000002,0,1,1
12368,0.4,3,0,0
12369,1.2000000000000002,0,1,1
12370,0.4,3,0,0
12371,1.2000000000000002,0,1,1
12372,0.4,3,0,0
12373,0.4,3,0,0
12374,0.4,3,0,0
12375,0.4,3,0,0
12376,0.4,3,0,0
12377,1.2000000000000002,0,0,0
12378,1.2000000000000002,0,1,0
12379,1.2000000000000002,0,1,1
12380,1.2000000000000002,0,1,1
12381,0.4,3,0,0
12382,0.4,3,0,1
12383,0.4,3,0,0
12384,2.0,0,1,0
12385,1.2000000000000002,0,1,1
12386,0.4,3,0,0
12387,0.4,3,0,0
12388,0.4,3,0,0
12389,1.2000000000000002,0,1,1
12390,2.0,0,1,1
12391,0.4,3,0,0
12392,2.0,0,1,1
12393,1.2000000000000002,0,1,1
12394,0.4,3,0,1
12395,0.4,3,0,0
12396,2.0,0,1,1
12397,1.2000000000000002,0,1,0
12398,0.4,3,0,0
12399,2.8,0,0,1
12400,0.4,3,0,0
12401,1.2000000000000002,0,0,1
12402,1.2000000000000002,0,0,0
12403,0.4,3,0,0
12404,1.2000000000000002,0,1,1
12405,1.2000000000000002,0,1,1
12406,0.4,3,0,0
12407,1.2000000000000002,0,1,0
12408,0.4,3,0,0
12409,1.2000000000000002,0,1,1
12410,0.4,3,0,0
12411,1.2000000000000002,0,1,1
12412,1.2000000000000002,0,1,1
12413,2.0,0,1,1
12414,1.2000000000000002,0,1,1
12415,0.4,3,0,0
12416,1.2000000000000002,0,1,1
12417,2.0,0,1,1
12418,0.4,3,0,0
12419,1.2000000000000002,0,1,1
12420,1.2000000000000002,0,1,1
12421,1.2000000000000002,0,1,1
12422,0.4,3,0,1
12423,1.2000000000000002,0,1,1
12424,1.2000000000000002,0,1,1
12425,1.2000000000000002,0,1,0
12426,1.2000000000000002,0,1,1
12427,1.2000000000000002,0,1,1
12428,0.4,3,0,1
12429,0.4,3,0,0
12430,0.4,3,0,0
12431,0.4,3,0,0
12432,0.4,3,0,0
12433,0.4,3,0,0
12434,2.0,0,1,1
12435,0.4,3,0,0
12436,0.4,3,0,1
12437,0.4,3,0,0
12438,1.2000000000000002,0,1,1
12439,1.2000000000000002,0,1,1
12440,1.2000000000000002,0,1,1
12441,0.4,3,0,0
12442,1.2000000000000002,0,1,1
12443,1.2000000000000002,0,1,1
12444,0.4,3,0,0
12445,0.4,3,0,0
12446,1.2000000000000002,0,1,1
12447,0.4,3,0,0
12448,1.2000000000000002,0,1,1
12449,0.4,3,0,0
12450,0.4,3,0,0
12451,0.4,3,0,0
12452,0.4,3,0,0
12453,0.4,3,0,0
12454,1.2000000000000002,0,1,0
12455,1.2000000000000002,0,1,0
12456,1.2000000000000002,0,0,1
12457,1.2000000000000002,0,1,1
12458,1.2000000000000002,0,0,0
12459,1.2000000000000002,0,1,1
12460,1.2000000000000002,0,1,1
12461,1.2000000000000002,0,1,1
12462,1.2000000000000002,0,1,1
12463,1.2000000000000002,0,1,1
12464,2.0,0,0,1
12465,0.4,3,0,0
12466,1.2000000000000002,0,1,1
12467,0.4,3,0,0
12468,1.2000000000000002,0,0,1
12469,1.2000000000000002,0,0,1
12470,1.2000000000000002,0,1,1
12471,2.0,0,1,1
12472,0.4,3,0,0
12473,1.2000000000000002,0,1,1
12474,1.2000000000000002,0,1,1
12475,0.4,3,0,0
12476,1.2000000000000002,0,1,1
12477,2.0,0,1,1
12478,0.4,3,0,0
12479,2.0,0,1,1
12480,2.0,0,1,0
12481,1.2000000000000002,0,1,1
12482,1.2000000000000002,0,1,1
12483,1.2000000000000002,0,1,1
12484,1.2000000000000002,0,1,1
12485,1.2000000000000002,0,1,1
12486,0.4,3,0,0
12487,0.4,3,0,0
12488,1.2000000000000002,0,1,1
12489,1.2000000000000002,0,1,0
12490,0.4,3,0,0
12491,0.4,3,0,0
12492,2.0,0,1,1
12493,0.4,3,0,0
12494,2.0,0,1,1
12495,2.0,0,1,1
12496,1.2000000000000002,0,0,1
12497,1.2000000000000002,0,1,0
12498,1.2000000000000002,0,1,1
12499,1.2000000000000002,0,1,1
12500,0.4,3,0,1
12501,1.2000000000000002,0,1,1
12502,1.2000000000000002,0,1,1
12503,1.2000000000000002,0,1,1
12504,1.2000000000000002,0,1,1
12505,2.0,0,1,1
12506,1.2000000000000002,0,1,1
12507,0.4,3,0,0
12508,1.2000000000000002,0,1,1
12509,1.2000000000000002,0,1,1
12510,1.2000000000000002,0,1,1
12511,0.4,3,0,1
12512,1.2000000000000002,0,1,1
12513,2.8,0,1,1
12514,1.2000000000000002,0,1,0
12515,1.2000000000000002,0,1,1
12516,1.2000000000000002,0,1,1
12517,0.4,3,0,0
12518,2.8,0,1,1
12519,1.2000000000000002,0,0,0
12520,0.4,3,0,0
12521,2.0,0,1,1
12522,1.2000000000000002,0,1,0
12523,0.4,3,0,0
12524,1.2000000000000002,0,1,1
12525,1.2000000000000002,0,1,1
12526,0.4,3,0,0
12527,1.2000000000000002,0,1,1
12528,0.4,3,0,0
12529,1.2000000000000002,0,1,1
12530,0.4,3,0,0
12531,0.4,3,0,0
12532,0.4,3,0,0
12533,0.4,3,0,0
12534,1.2000000000000002,0,1,1
12535,1.2000000000000002,0,1,0
12536,1.2000000000000002,0,1,1
12537,2.0,0,1,1
12538,1.2000000000000002,0,1,1
12539,0.4,3,0,0
12540,1.2000000000000002,0,1,1
12541,0.4,3,0,0
12542,0.4,3,0,0
12543,0.4,3,0,0
12544,1.2000000000000002,0,1,1
12545,1.2000000000000002,0,1,0
12546,1.2000000000000002,0,1,1
12547,1.2000000000000002,0,1,1
12548,0.4,3,0,0
12549,0.4,3,0,0
12550,2.0,0,1,1
12551,2.0,0,1,1
12552,1.2000000000000002,0,1,1
12553,1.2000000000000002,0,1,1
12554,0.4,3,0,1
12555,0.4,3,0,0
12556,2.0,0,1,1
12557,2.0,0,0,1
12558,0.4,3,0,0
12559,1.2000000000000002,0,1,0
12560,1.2000000000000002,0,1,1
12561,0.4,3,0,0
12562,1.2000000000000002,0,1,1
12563,1.2000000000000002,0,1,1
12564,0.4,3,0,0
12565,1.2000000000000002,0,0,1
12566,0.4,3,0,0
12567,1.2000000000000002,0,1,1
12568,0.4,3,0,0
12569,1.2000000000000002,0,1,1
12570,0.4,3,0,0
12571,1.2000000000000002,0,1,1
12572,1.2000000000000002,0,1,1
12573,1.2000000000000002,0,1,1
12574,2.8,0,0,1
12575,1.2000000000000002,0,1,1
12576,0.4,3,0,0
12577,2.0,0,0,1
12578,0.4,3,0,0
12579,1.2000000000000002,0,1,1
12580,1.2000000000000002,0,1,1
12581,0.4,3,0,0
12582,1.2000000000000002,0,1,1
12583,2.0,0,1,1
12584,1.2000000000000002,0,1,1
12585,2.8,0,1,1
12586,0.4,3,0,0
12587,0.4,3,0,0
12588,1.2000000000000002,0,1,1
12589,1.2000000000000002,0,1,1
12590,2.0,0,1,1
12591,0.4,3,0,0
12592,1.2000000000000002,0,0,1
12593,0.4,3,0,0
12594,1.2000000000000002,0,1,1
12595,1.2000000000000002,0,1,1
12596,0.4,3,0,0
12597,1.2000000000000002,0,1,1
12598,0.4,3,0,0
12599,1.2000000000000002,0,1,1
12600,1.2000000000000002,0,1,1
12601,0.4,3,0,0
12602,0.4,3,0,1
12603,2.0,0,1,1
12604,0.4,3,0,0
12605,0.4,3,0,0
12606,1.2000000000000002,0,1,1
12607,1.2000000000000002,0,1,1
12608,1.2000000000000002,0,1,1
12609,0.4,3,0,0
12610,1.2000000000000002,0,1,0
12611,2.0,0,1,1
12612,0.4,3,0,0
12613,0.4,3,0,0
12614,0.4,3,0,0
12615,0.4,3,0,0
12616,1.2000000000000002,0,1,1
12617,1.2000000000000002,0,1,1
12618,1.2000000000000002,0,0,1
12619,1.2000000000000002,0,0,1
12620,0.4,3,0,0
12621,1.2000000000000002,0,1,1
12622,0.4,3,0,0
12623,0.4,3,0,0
12624,2.0,0,0,1
12625,1.2000000000000002,0,0,1
12626,2.0,0,1,0
12627,0.4,3,0,0
12628,1.2000000000000002,0,1,1
12629,2.0,0,1,0
12630,0.4,3,0,0
12631,1.2000000000000002,0,1,1
12632,1.2000000000000002,0,1,1
12633,0.4,3,0,0
12634,1.2000000000000002,0,1,1
12635,0.4,3,0,0
12636,1.2000000000000002,0,1,1
12637,2.0,0,1,1
12638,1.2000000000000002,0,1,1
12639,2.0,0,1,0
12640,1.2000000000000002,0,1,1
12641,1.2000000000000002,0,1,1
12642,0.4,3,0,0
12643,1.2000000000000002,0,0,1
12644,0.4,3,0,0
12645,1.2000000000000002,0,1,1
12646,0.4,3,0,1
12647,2.0,0,0,1
12648,1.2000000000000002,0,1,1
12649,1.2000000000000002,0,1,0
12650,1.2000000000000002,0,1,1
12651,0.4,3,0,0
12652,1.2000000000000002,0,1,0
12653,1.2000000000000002,0,0,1
12654,1.2000000000000002,0,0,1
12655,1.2000000000000002,0,1,1
12656,1.2000000000000002,0,1,1
12657,1.2000000000000002,0,1,1
12658,1.2000000000000002,0,1,1
12659,1.2000000000000002,0,1,1
12660,1.2000000000000002,0,1,0
12661,1.2000000000000002,0,0,0
12662,1.2000000000000002,0,1,1
12663,1.2000000000000002,0,1,1
12664,1.2000000000000002,0,1,1
12665,0.4,3,0,0
12666,1.2000000000000002,0,1,1
12667,0.4,3,0,0
12668,1.2000000000000002,0,1,1
12669,0.4,3,0,0
12670,0.4,3,0,0
12671,1.2000000000000002,0,1,1
12672,2.0,0,1,1
12673,1.2000000000000002,0,0,1
12674,0.4,3,0,0
12675,0.4,3,0,0
12676,1.2000000000000002,0,1,1
12677,0.4,3,0,0
12678,0.4,3,0,0
12679,1.2000000000000002,0,1,1
12680,1.2000000000000002,0,1,0
12681,0.4,3,0,0
12682,0.4,3,0,0
12683,0.4,3,0,0
12684,0.4,3,0,0
12685,0.4,3,0,1
12686,2.0,0,1,1
12687,0.4,3,0,0
12688,1.2000000000000002,0,0,1
12689,2.0,0,1,1
12690,1.2000000000000002,0,1,1
12691,0.4,3,0,0
12692,0.4,3,0,0
12693,0.4,3,0,0
12694,1.2000000000000002,0,1,1
12695,1.2000000000000002,0,1,1
12696,0.4,3,0,0
12697,0.4,3,0,0
12698,1.2000000000000002,0,1,1
12699,1.2000000000000002,0,1,1
12700,1.2000000000000002,0,0,1
12701,0.4,3,0,0
12702,0.4,3,0,0
12703,2.0,0,1,1
12704,1.2000000000000002,0,0,1
12705,1.2000000000000002,0,1,1
12706,1.2000000000000002,0,1,1
12707,0.4,3,0,0
12708,0.4,3,0,0
12709,0.4,3,0,0
12710,0.4,3,0,0
12711,1.2000000000000002,0,0,1
12712,1.2000000000000002,0,1,1
12713,0.4,3,0,0
12714,0.4,3,0,0
12715,0.4,3,0,0
12716,0.4,3,0,0
12717,0.4,3,0,0
12718,1.2000000000000002,0,1,1
12719,1.2000000000000002,0,1,1
12720,1.2000000000000002,0,1,1
12721,2.0,0,1,0
12722,1.2000000000000002,0,1,1
12723,1.2000000000000002,0,1,1
12724,0.4,3,0,0
12725,1.2000000000000002,0,0,0
12726,0.4,3,0,0
12727,1.2000000000000002,0,1,0
12728,2.0,0,0,1
12729,1.2000000000000002,0,1,0
12730,1.2000000000000002,0,1,1
12731,1.2000000000000002,0,1,1
12732,1.2000000000000002,0,1,1
12733,0.4,3,0,0
12734,1.2000000000000002,0,0,1
12735,0.4,3,0,0
12736,0.4,3,0,0
12737,0.4,3,0,0
12738,0.4,3,0,0
12739,1.2000000000000002,0,1,1
12740,0.4,3,0,0
12741,0.4,3,0,0
12742,1.2000000000000002,0,1,1
12743,1.2000000000000002,0,1,1
12744,1.2000000000000002,0,1,1
12745,1.2000000000000002,0,0,1
12746,1.2000000000000002,0,1,1
12747,2.0,0,1,0
12748,1.2000000000000002,0,1,1
12749,0.4,3,0,0
12750,1.2000000000000002,0,1,1
12751,1.2000000000000002,0,1,0
12752,0.4,3,0,0
12753,0.4,3,0,0
12754,2.0,0,1,1
12755,0.4,3,0,0
12756,0.4,3,0,0
12757,0.4,3,0,0
12758,0.4,3,0,0
12759,0.4,3,0,0
12760,1.2000000000000002,0,1,1
12761,1.2000000000000002,0,1,1
12762,0.4,3,0,0
12763,1.2000000000000002,0,1,0
12764,1.2000000000000002,0,1,1
12765,1.2000000000000002,0,1,1
12766,1.2000000000000002,0,1,0
12767,0.4,3,0,0
12768,0.4,3,0,0
12769,1.2000000000000002,0,1,1
12770,0.4,3,0,0
12771,1.2000000000000002,0,1,1
12772,0.4,3,0,0
12773,2.0,0,1,1
12774,0.4,3,0,0
12775,0.4,3,0,0
12776,1.2000000000000002,0,1,1
12777,0.4,3,0,1
12778,0.4,3,0,0
12779,1.2000000000000002,0,1,1
12780,1.2000000000000002,0,1,1
12781,1.2000000000000002,0,1,1
12782,1.2000000000000002,2,0,0
12783,0.4,3,0,0
12784,0.4,3,0,0
12785,0.4,3,0,0
12786,1.2000000000000002,0,1,1
12787,0.4,3,0,0
12788,0.4,3,0,0
12789,0.4,3,0,0
12790,1.2000000000000002,0,0,0
12791,1.2000000000000002,0,1,1
12792,1.2000000000000002,0,1,1
12793,0.4,3,0,0
12794,1.2000000000000002,0,1,1
12795,1.2000000000000002,0,1,0
12796,0.4,3,0,0
12797,2.0,0,1,1
12798,0.4,3,0,0
12799,0.4,3,0,0
12800,1.2000000000000002,0,1,1
12801,1.2000000000000002,0,1,1
12802,1.2000000000000002,0,1,1
12803,2.0,0,1,1
12804,0.4,3,0,0
12805,2.0,0,1,1
12806,1.2000000000000002,0,1,0
12807,1.2000000000000002,0,0,1
12808,1.2000000000000002,0,1,1
12809,1.2000000000000002,0,1,0
12810,2.0,0,1,1
12811,0.4,3,0,0
12812,1.2000000000000002,0,1,1
12813,0.4,3,0,0
12814,1.2000000000000002,0,1,1
12815,0.4,3,0,0
12816,0.4,3,0,0
12817,1.2000000000000002,0,1,1
12818,0.4,3,0,0
12819,2.0,0,0,1
12820,0.4,3,0,0
12821,1.2000000000000002,0,1,1
12822,0.4,3,0,0
12823,1.2000000000000002,0,1,1
12824,0.4,3,0,0
12825,1.2000000000000002,0,1,1
12826,0.4,3,0,0
12827,1.2000000000000002,0,1,1
12828,1.2000000000000002,0,1,1
12829,1.2000000000000002,0,0,0
12830,1.2000000000000002,0,1,1
12831,2.0,0,1,1
12832,0.4,3,0,0
12833,1.2000000000000002,0,1,1
12834,2.0,0,1,1
12835,0.4,3,0,0
12836,0.4,3,0,1
12837,0.4,3,0,0
12838,0.4,3,0,0
12839,1.2000000000000002,0,1,1
12840,1.2000000000000002,0,1,1
12841,0.4,3,0,0
12842,1.2000000000000002,0,1,1
12843,2.0,0,1,1
12844,1.2000000000000002,0,1,1
12845,0.4,3,0,0
12846,1.2000000000000002,0,1,1
12847,0.4,3,0,0
12848,0.4,3,0,0
12849,0.4,3,0,0
12850,1.2000000000000002,0,1,1
12851,2.0,0,1,1
12852,0.4,3,0,0
12853,2.0,0,1,1
12854,0.4,3,0,0
12855,0.4,3,0,0
12856,0.4,3,0,0
12857,0.4,3,0,0
12858,0.4,3,0,0
12859,0.4,3,0,0
12860,1.2000000000000002,0,1,1
12861,0.4,3,0,0
12862,1.2000000000000002,0,1,1
12863,0.4,3,0,0
12864,0.4,3,0,0
12865,0.4,3,0,0
12866,0.4,3,0,0
12867,0.4,3,0,0
12868,1.2000000000000002,0,1,1
12869,1.2000000000000002,0,1,1
12870,0.4,3,0,0
12871,1.2000000000000002,0,1,1
12872,0.4,3,0,0
12873,0.4,3,0,0
12874,1.2000000000000002,0,1,0
12875,2.0,0,0,0
12876,0.4,3,0,0
12877,0.4,3,0,0
12878,1.2000000000000002,0,0,1
12879,0.4,3,0,0
12880,1.2000000000000002,0,1,1
12881,1.2000000000000002,0,1,1
12882,1.2000000000000002,0,1,1
12883,1.2000000000000002,0,0,1
12884,0.4,3,0,0
12885,0.4,3,0,0
12886,1.2000000000000002,0,1,1
12887,1.2000000000000002,0,0,1
12888,1.2000000000000002,0,1,1
12889,0.4,3,0,0
12890,2.0,0,1,1
12891,0.4,3,0,0
12892,1.2000000000000002,0,1,1
12893,1.2000000000000002,0,0,1
12894,1.2000000000000002,0,1,0
12895,2.0,0,1,1
12896,0.4,3,0,0
12897,0.4,3,0,0
12898,2.0,0,1,1
12899,1.2000000000000002,0,1,1
12900,1.2000000000000002,0,1,1
12901,1.2000000000000002,0,1,1
12902,0.4,3,0,0
12903,1.2000000000000002,0,1,1
12904,1.2000000000000002,0,1,1
12905,1.2000000000000002,0,1,1
12906,0.4,3,0,0
12907,1.2000000000000002,0,1,1
12908,1.2000000000000002,0,1,1
12909,0.4,3,0,0
12910,0.4,3,0,0
12911,0.4,3,0,0
12912,2.0,0,1,0
12913,0.4,3,0,0
12914,1.2000000000000002,0,0,1
12915,1.2000000000000002,0,1,1
12916,0.4,3,0,0
12917,1.2000000000000002,0,1,1
12918,1.2000000000000002,0,1,1
12919,1.2000000000000002,0,1,1
12920,0.4,3,0,0
12921,1.2000000000000002,0,1,0
12922,1.2000000000000002,0,1,0
12923,1.2000000000000002,0,1,1
12924,0.4,3,0,1
12925,0.4,3,0,0
12926,0.4,3,0,0
12927,0.4,3,0,0
12928,1.2000000000000002,0,1,1
12929,1.2000000000000002,0,1,0
12930,1.2000000000000002,0,1,1
12931,1.2000000000000002,0,0,1
12932,1.2000000000000002,0,0,0
12933,1.2000000000000002,0,1,0
12934,0.4,3,0,0
12935,1.2000000000000002,0,1,1
12936,1.2000000000000002,0,1,1
12937,0.4,3,0,0
12938,1.2000000000000002,0,1,1
12939,1.2000000000000002,0,1,0
12940,1.2000000000000002,0,1,1
12941,1.2000000000000002,2,0,1
12942,2.0,0,1,1
12943,2.0,0,1,0
12944,1.2000000000000002,0,1,0
12945,0.4,3,0,0
12946,2.0,0,1,1
12947,0.4,3,0,1
12948,1.2000000000000002,0,1,1
12949,0.4,3,0,0
12950,1.2000000000000002,0,1,1
12951,0.4,3,0,0
12952,1.2000000000000002,0,1,1
12953,0.4,3,0,0
12954,0.4,3,0,1
12955,0.4,3,0,0
12956,1.2000000000000002,0,0,1
12957,0.4,3,0,0
12958,0.4,3,0,1
12959,0.4,3,0,0
12960,0.4,3,0,0
12961,0.4,3,0,0
12962,0.4,3,0,0
12963,0.4,3,0,0
12964,0.4,3,0,0
12965,0.4,3,0,0
12966,0.4,3,0,0
12967,0.4,3,0,0
12968,0.4,3,0,0
12969,0.4,3,0,0
12970,1.2000000000000002,0,1,1
12971,1.2000000000000002,0,1,0
12972,1.2000000000000002,0,1,1
12973,0.4,3,0,0
12974,1.2000000000000002,0,1,1
12975,0.4,3,0,0
12976,0.4,3,0,0
12977,1.2000000000000002,0,1,1
12978,1.2000000000000002,0,1,1
12979,1.2000000000000002,0,1,1
12980,0.4,3,0,0
12981,0.4,3,0,0
12982,1.2000000000000002,0,0,1
12983,1.2000000000000002,0,1,1
12984,0.4,3,0,0
12985,0.4,3,0,0
12986,1.2000000000000002,0,0,1
12987,1.2000000000000002,0,1,0
12988,0.4,3,0,0
12989,1.2000000000000002,0,1,1
12990,1.2000000000000002,0,1,1
12991,1.2000000000000002,0,1,1
12992,0.4,3,0,0
12993,1.2000000000000002,0,1,1
12994,0.4,3,0,0
12995,1.2000000000000002,0,1,1
12996,1.2000000000000002,0,1,1
12997,0.4,3,0,0
12998,1.2000000000000002,0,1,1
12999,0.4,3,0,0
13000,0.4,3,0,0
13001,1.2000000000000002,0,0,0
13002,1.2000000000000002,0,1,1
13003,1.2000000000000002,0,1,1
13004,2.0,0,1,1
13005,2.0,0,1,0
13006,1.2000000000000002,0,0,1
13007,0.4,3,0,1
13008,1.2000000000000002,0,1,1
13009,0.4,3,0,0
13010,0.4,3,0,0
13011,1.2000000000000002,0,1,1
13012,1.2000000000000002,0,1,1
13013,0.4,3,0,0
13014,1.2000000000000002,0,1,1
13015,1.2000000000000002,0,1,1
13016,2.0,0,0,0
13017,1.2000000000000002,0,1,1
13018,1.2000000000000002,0,1,1
13019,0.4,3,0,0
13020,1.2000000000000002,0,1,1
13021,1.2000000000000002,0,1,1
13022,1.2000000000000002,0,0,1
13023,0.4,3,0,0
13024,1.2000000000000002,0,1,1
13025,2.0,0,0,1
13026,1.2000000000000002,0,1,1
13027,2.0,0,1,1
13028,0.4,3,0,0
13029,1.2000000000000002,2,0,1
13030,0.4,3,0,0
13031,0.4,3,0,0
13032,1.2000000000000002,0,1,1
13033,0.4,3,0,0
13034,0.4,3,0,0
13035,0.4,3,0,0
13036,1.2000000000000002,0,1,1
13037,1.2000000000000002,0,1,1
13038,2.0,0,1,1
13039,0.4,3,0,0
13040,0.4,3,0,0
13041,1.2000000000000002,0,1,1
13042,1.2000000000000002,0,1,1
13043,0.4,3,0,0
13044,0.4,3,0,0
13045,0.4,3,0,0
13046,1.2000000000000002,0,1,1
13047,0.4,3,0,0
13048,1.2000000000000002,0,1,0
13049,1.2000000000000002,2,0,1
13050,0.4,3,0,0
13051,1.2000000000000002,0,0,1
13052,0.4,3,0,0
13053,0.4,3,0,0
13054,0.4,3,0,0
13055,0.4,3,0,0
13056,0.4,3,0,0
13057,1.2000000000000002,0,1,1
13058,2.8,0,1,1
13059,1.2000000000000002,0,1,0
13060,1.2000000000000002,0,1,1
13061,0.4,3,0,0
13062,1.2000000000000002,0,1,1
13063,1.2000000000000002,0,1,1
13064,1.2000000000000002,0,1,1
13065,0.4,3,0,0
13066,2.0,0,1,1
13067,1.2000000000000002,0,1,1
13068,0.4,3,0,0
13069,1.2000000000000002,0,1,0
13070,0.4,3,0,0
13071,0.4,3,0,0
13072,0.4,3,0,0
13073,2.0,0,1,1
13074,1.2000000000000002,0,1,1
13075,2.0,0,1,1
13076,1.2000000000000002,0,1,1
13077,1.2000000000000002,0,1,1
13078,2.8,0,1,0
13079,0.4,3,0,0
13080,0.4,3,0,0
13081,1.2000000000000002,0,1,1
13082,0.4,3,0,0
13083,1.2000000000000002,0,1,1
13084,0.4,3,0,0
13085,1.2000000000000002,0,1,1
13086,1.2000000000000002,0,1,0
13087,1.2000000000000002,0,1,1
13088,2.0,0,1,1
13089,0.4,3,0,0
13090,1.2000000000000002,0,1,1
13091,1.2000000000000002,2,0,0
13092,1.2000000000000002,0,0,1
13093,2.0,0,1,1
13094,0.4,3,0,0
13095,1.2000000000000002,0,1,1
13096,0.4,3,0,0
13097,1.2000000000000002,0,1,1
13098,1.2000000000000002,2,0,0
13099,2.0,0,0,1
13100,0.4,3,0,0
13101,0.4,3,0,0
13102,1.2000000000000002,0,1,1
13103,1.2000000000000002,0,1,1
13104,1.2000000000000002,3,0,0
13105,1.2000000000000002,0,1,1
13106,2.0,0,1,1
13107,0.4,3,0,0
13108,0.4,3,0,0
13109,1.2000000000000002,0,0,1
13110,0.4,3,0,0
13111,1.2000000000000002,0,0,1
13112,2.0,0,0,0
13113,1.2000000000000002,0,1,1
13114,0.4,3,0,0
13115,0.4,3,0,0
13116,1.2000000000000002,0,1,1
13117,2.0,0,1,1
13118,1.2000000000000002,0,1,0
13119,1.2000000000000002,0,0,1
13120,0.4,3,0,0
13121,1.2000000000000002,0,1,1
13122,0.4,3,0,0
13123,1.2000000000000002,0,1,1
13124,0.4,3,0,0
13125,1.2000000000000002,0,0,1
13126,1.2000000000000002,0,1,1
13127,0.4,3,0,0
13128,1.2000000000000002,0,1,1
13129,1.2000000000000002,0,1,1
13130,0.4,3,0,0
13131,2.0,0,1,1
13132,0.4,3,0,0
13133,1.2000000000000002,0,1,1
13134,2.0,0,1,1
13135,0.4,3,0,0
13136,0.4,3,0,0
13137,0.4,3,0,0
13138,0.4,3,0,0
13139,1.2000000000000002,0,1,1
13140,1.2000000000000002,0,1,1
13141,0.4,3,0,0
13142,1.2000000000000002,0,1,1
13143,0.4,3,0,0
13144,1.2000000000000002,0,0,1
13145,0.4,3,0,0
13146,1.2000000000000002,0,1,1
13147,0.4,3,0,0
13148,1.2000000000000002,0,1,1
13149,1.2000000000000002,0,1,1
13150,1.2000000000000002,0,0,1
13151,1.2000000000000002,0,1,1
13152,1.2000000000000002,0,1,1
13153,1.2000000000000002,0,1,1
13154,1.2000000000000002,0,1,1
13155,1.2000000000000002,0,1,1
13156,1.2000000000000002,0,1,1
13157,0.4,3,0,0
13158,0.4,3,0,0
13159,1.2000000000000002,0,1,1
13160,1.2000000000000002,0,1,1
13161,1.2000000000000002,0,1,1
13162,2.0,0,1,1
13163,2.0,0,0,1
13164,0.4,3,0,0
13165,0.4,3,0,0
13166,0.4,3,0,0
13167,0.4,3,0,0
13168,1.2000000000000002,0,1,1
13169,1.2000000000000002,0,1,1
13170,1.2000000000000002,0,1,1
13171,0.4,3,0,0
13172,2.0,0,1,1
13173,2.0,0,1,1
13174,2.0,0,1,1
13175,0.4,3,0,0
13176,0.4,3,0,0
13177,0.4,3,0,0
13178,0.4,3,0,0
13179,1.2000000000000002,0,1,1
13180,2.8,0,1,1
13181,0.4,3,0,0
13182,0.4,3,0,0
13183,1.2000000000000002,0,1,1
13184,0.4,3,0,0
13185,1.2000000000000002,0,1,1
13186,0.4,3,0,0
13187,1.2000000000000002,0,1,1
13188,1.2000000000000002,0,1,1
13189,1.2000000000000002,0,0,1
13190,1.2000000000000002,0,1,1
13191,1.2000000000000002,0,1,1
13192,0.4,3,0,0
13193,0.4,3,0,0
13194,1.2000000000000002,3,0,0
13195,1.2000000000000002,0,1,1
13196,1.2000000000000002,0,1,0
13197,2.0,0,1,1
13198,0.4,3,0,0
13199,1.2000000000000002,0,1,1
13200,1.2000000000000002,0,1,1
13201,1.2000000000000002,0,1,1
13202,2.0,0,1,0
13203,1.2000000000000002,0,1,1
13204,0.4,3,0,0
13205,0.4,3,0,0
13206,1.2000000000000002,0,1,0
13207,0.4,3,0,0
13208,0.4,3,0,0
13209,1.2000000000000002,0,1,1
13210,0.4,3,0,0
13211,1.2000000000000002,0,1,1
13212,2.0,0,1,1
13213,1.2000000000000002,0,1,1
13214,2.0,0,1,1
13215,1.2000000000000002,0,1,1
13216,0.4,3,0,0
13217,0.4,3,0,0
13218,1.2000000000000002,0,1,1
13219,1.2000000000000002,0,1,1
13220,1.2000000000000002,0,1,1
13221,1.2000000000000002,0,1,1
13222,1.2000000000000002,0,1,1
13223,1.2000000000000002,0,1,1
13224,1.2000000000000002,0,1,1
13225,1.2000000000000002,0,1,1
13226,0.4,3,0,0
13227,2.0,0,1,1
13228,0.4,3,0,0
13229,0.4,3,0,0
13230,1.2000000000000002,0,1,1
13231,2.0,0,1,1
13232,1.2000000000000002,0,0,1
13233,0.4,3,0,0
13234,1.2000000000000002,0,1,1
13235,0.4,3,0,0
13236,2.0,0,1,1
13237,2.0,0,0,1
13238,0.4,3,0,0
13239,0.4,3,0,0
13240,2.0,0,0,0
13241,0.4,3,0,0
13242,0.4,3,0,0
13243,1.2000000000000002,0,1,1
13244,1.2000000000000002,0,1,1
13245,0.4,3,0,0
13246,0.4,3,0,0
13247,1.2000000000000002,0,1,1
13248,1.2000000000000002,0,1,1
13249,0.4,3,0,1
13250,0.4,3,0,0
13251,0.4,3,0,0
13252,0.4,3,0,0
13253,0.4,3,0,0
13254,1.2000000000000002,0,0,1
13255,0.4,3,0,0
13256,2.0,0,1,1
13257,2.0,0,1,1
13258,0.4,3,0,0
13259,0.4,3,0,0
13260,1.2000000000000002,0,1,0
13261,0.4,3,0,0
13262,0.4,3,0,0
13263,0.4,3,0,0
13264,0.4,3,0,0
13265,0.4,3,0,0
13266,0.4,3,0,0
13267,2.0,0,1,1
13268,1.2000000000000002,0,1,1
13269,1.2000000000000002,0,1,1
13270,1.2000000000000002,0,1,1
13271,0.4,3,0,0
13272,0.4,3,0,0
13273,2.0,0,1,1
13274,1.2000000000000002,0,0,1
13275,1.2000000000000002,0,1,1
13276,2.0,0,1,1
13277,2.0,0,1,1
13278,1.2000000000000002,0,1,0
13279,0.4,3,0,0
13280,2.0,0,1,1
13281,0.4,3,0,0
13282,1.2000000000000002,0,0,1
13283,2.8,0,1,1
13284,1.2000000000000002,0,1,0
13285,1.2000000000000002,0,1,0
13286,0.4,3,0,0
13287,1.2000000000000002,0,1,0
13288,0.4,3,0,0
13289,1.2000000000000002,0,1,1
13290,1.2000000000000002,0,1,1
13291,0.4,3,0,0
13292,0.4,3,0,0
13293,0.4,3,0,0
13294,1.2000000000000002,0,0,0
13295,0.4,3,0,0
13296,1.2000000000000002,0,1,1
13297,0.4,3,0,0
13298,0.4,3,0,1
13299,1.2000000000000002,0,0,1
13300,1.2000000000000002,0,1,1
13301,1.2000000000000002,0,1,1
13302,1.2000000000000002,0,1,1
13303,0.4,3,0,0
13304,1.2000000000000002,0,1,1
13305,2.0,0,1,1
13306,0.4,3,0,0
13307,1.2000000000000002,0,1,1
13308,0.4,3,0,0
13309,2.0,0,1,1
13310,0.4,3,0,0
13311,0.4,3,0,0
13312,1.2000000000000002,0,1,1
13313,1.2000000000000002,0,1,1
13314,1.2000000000000002,0,1,1
13315,0.4,3,0,0
13316,2.0,0,1,1
13317,1.2000000000000002,0,1,1
13318,1.2000000000000002,0,1,1
13319,1.2000000000000002,0,0,1
13320,1.2000000000000002,0,1,1
13321,1.2000000000000002,0,1,1
13322,0.4,3,0,0
13323,1.2000000000000002,0,1,1
13324,0.4,3,0,0
13325,0.4,3,0,0
13326,0.4,3,0,0
13327,0.4,3,0,0
13328,0.4,3,0,0
13329,0.4,3,0,0
13330,2.0,0,1,1
13331,0.4,3,0,0
13332,0.4,3,0,0
13333,1.2000000000000002,0,1,0
13334,1.2000000000000002,0,1,1
13335,1.2000000000000002,3,0,0
13336,1.2000000000000002,0,1,1
13337,1.2000000000000002,0,1,0
13338,2.0,0,1,1
13339,1.2000000000000002,0,1,1
13340,0.4,3,0,0
13341,0.4,3,0,0
13342,2.0,0,1,1
13343,1.2000000000000002,0,0,1
13344,0.4,3,0,0
13345,1.2000000000000002,0,1,1
13346,1.2000000000000002,0,1,1
13347,1.2000000000000002,0,0,1
13348,0.4,3,0,0
13349,1.2000000000000002,0,1,1
13350,0.4,3,0,0
13351,0.4,3,0,0
13352,1.2000000000000002,0,0,1
13353,0.4,3,0,0
13354,2.0,0,1,1
13355,1.2000000000000002,0,1,1
13356,0.4,3,0,0
13357,0.4,3,0,0
13358,1.2000000000000002,0,1,1
13359,0.4,3,0,0
13360,0.4,3,0,0
13361,0.4,3,0,0
13362,1.2000000000000002,0,1,1
13363,1.2000000000000002,0,1,1
13364,1.2000000000000002,0,1,1
13365,2.0,0,1,1
13366,1.2000000000000002,0,1,1
13367,1.2000000000000002,0,1,0
13368,0.4,3,0,0
13369,1.2000000000000002,0,1,1
13370,2.8,0,1,1
13371,0.4,3,0,0
13372,0.4,3,0,0
13373,0.4,3,0,0
13374,1.2000000000000002,0,1,1
13375,0.4,3,0,0
13376,2.0,0,1,1
13377,1.2000000000000002,0,1,1
13378,2.0,0,0,1
13379,0.4,3,0,0
13380,0.4,3,0,0
13381,0.4,3,0,0
13382,0.4,3,0,0
13383,1.2000000000000002,0,1,1
13384,0.4,3,0,0
13385,1.2000000000000002,0,1,1
13386,0.4,3,0,0
13387,0.4,3,0,0
13388,0.4,3,0,0
13389,1.2000000000000002,0,1,1
13390,0.4,3,0,0
13391,1.2000000000000002,0,0,1
13392,0.4,3,0,0
13393,0.4,3,0,0
13394,1.2000000000000002,0,1,1
13395,1.2000000000000002,0,1,1
13396,0.4,3,0,0
13397,0.4,3,0,0
13398,2.0,0,1,1
13399,1.2000000000000002,0,1,1
13400,1.2000000000000002,0,1,1
13401,0.4,3,0,0
13402,1.2000000000000002,0,1,1
13403,1.2000000000000002,0,1,1
13404,2.0,0,1,1
13405,1.2000000000000002,0,1,0
13406,0.4,3,0,0
13407,0.4,3,0,0
13408,0.4,3,0,0
13409,1.2000000000000002,0,0,1
13410,1.2000000000000002,0,1,1
13411,0.4,3,0,0
13412,1.2000000000000002,0,1,1
13413,0.4,3,0,0
13414,0.4,3,0,0
13415,1.2000000000000002,0,1,1
13416,0.4,3,0,0
13417,2.0,0,1,1
13418,1.2000000000000002,0,0,0
13419,0.4,3,0,0
13420,2.0,0,1,1
13421,0.4,3,0,0
13422,0.4,3,0,0
13423,0.4,3,0,0
13424,1.2000000000000002,0,0,0
13425,0.4,3,0,0
13426,0.4,3,0,0
13427,0.4,3,0,0
13428,0.4,3,0,0
13429,1.2000000000000002,0,1,1
13430,2.0,0,0,1
13431,2.0,0,1,1
13432,1.2000000000000002,0,1,1
13433,0.4,3,0,0
13434,1.2000000000000002,0,1,1
13435,0.4,3,0,0
13436,1.2000000000000002,0,1,0
13437,0.4,3,0,0
13438,0.4,3,0,0
13439,1.2000000000000002,0,1,1
13440,1.2000000000000002,0,0,1
13441,1.2000000000000002,0,1,1
13442,1.2000000000000002,0,1,1
13443,0.4,3,0,0
13444,2.8,0,1,0
13445,0.4,3,0,0
13446,0.4,3,0,0
13447,0.4,3,0,0
13448,1.2000000000000002,0,1,1
13449,1.2000000000000002,0,0,1
13450,2.0,0,1,1
13451,2.0,0,0,1
13452,0.4,3,0,0
13453,0.4,3,0,0
13454,0.4,3,0,0
13455,0.4,3,0,0
13456,1.2000000000000002,0,1,1
13457,0.4,3,0,0
13458,0.4,3,0,0
13459,0.4,3,0,1
13460,1.2000000000000002,0,1,1
13461,0.4,3,0,0
13462,0.4,3,0,0
13463,1.2000000000000002,0,1,1
13464,1.2000000000000002,0,1,1
13465,0.4,3,0,0
13466,1.2000000000000002,0,1,1
13467,0.4,3,0,0
13468,0.4,3,0,0
13469,1.2000000000000002,2,0,0
13470,1.2000000000000002,0,1,1
13471,1.2000000000000002,0,1,1
13472,1.2000000000000002,0,1,1
13473,1.2000000000000002,0,1,1
13474,1.2000000000000002,0,1,1
13475,2.0,0,1,1
13476,0.4,3,0,0
13477,0.4,3,0,0
13478,2.0,0,1,1
13479,0.4,3,0,1
13480,1.2000000000000002,0,1,1
13481,1.2000000000000002,0,0,1
13482,0.4,3,0,0
13483,0.4,3,0,0
13484,1.2000000000000002,0,0,1
13485,0.4,3,0,0
13486,0.4,3,0,0
13487,1.2000000000000002,0,1,1
13488,1.2000000000000002,0,0,1
13489,1.2000000000000002,0,1,1
13490,0.4,3,0,0
13491,0.4,3,0,0
13492,2.0,0,1,1
13493,0.4,3,0,0
13494,0.4,3,0,0
13495,2.0,0,1,1
13496,1.2000000000000002,0,1,1
13497,0.4,3,0,0
13498,1.2000000000000002,0,1,1
13499,1.2000000000000002,0,1,0
13500,0.4,3,0,0
13501,0.4,3,0,0
13502,1.2000000000000002,3,0,0
13503,0.4,3,0,0
13504,1.2000000000000002,0,1,1
13505,2.0,0,1,1
13506,1.2000000000000002,0,1,0
13507,1.2000000000000002,0,0,1
13508,2.0,0,1,1
13509,0.4,3,0,0
13510,0.4,3,0,0
13511,2.0,0,1,1
13512,2.8,0,1,1
13513,2.0,0,1,1
13514,0.4,3,0,0
13515,1.2000000000000002,0,1,1
13516,0.4,3,0,0
13517,1.2000000000000002,0,1,1
13518,2.0,0,1,1
13519,1.2000000000000002,2,0,0
13520,0.4,3,0,0
13521,1.2000000000000002,0,1,1
13522,1.2000000000000002,0,1,1
13523,1.2000000000000002,0,1,1
13524,0.4,3,0,0
13525,1.2000000000000002,0,1,1
13526,0.4,3,0,0
13527,1.2000000000000002,0,1,1
13528,1.2000000000000002,0,1,1
13529,1.2000000000000002,0,1,1
13530,1.2000000000000002,0,1,1
13531,0.4,3,0,0
13532,1.2000000000000002,0,1,1
13533,0.4,3,0,0
13534,1.2000000000000002,0,0,1
13535,0.4,3,0,0
13536,1.2000000000000002,0,1,1
13537,0.4,3,0,0
13538,0.4,3,0,0
13539,1.2000000000000002,0,1,0
13540,0.4,3,0,0
13541,0.4,3,0,0
13542,1.2000000000000002,0,1,0
13543,1.2000000000000002,0,1,1
13544,0.4,3,0,0
13545,0.4,3,0,0
13546,1.2000000000000002,0,1,1
13547,1.2000000000000002,0,0,1
13548,1.2000000000000002,0,1,0
13549,2.8,0,1,1
13550,1.2000000000000002,0,1,1
13551,0.4,3,0,0
13552,0.4,3,0,0
13553,1.2000000000000002,0,1,1
13554,1.2000000000000002,0,1,1
13555,1.2000000000000002,0,1,1
13556,2.0,0,1,1
13557,1.2000000000000002,0,1,1
13558,1.2000000000000002,0,1,1
13559,0.4,3,0,0
13560,2.0,0,1,1
13561,1.2000000000000002,0,1,1
13562,1.2000000000000002,0,1,0
13563,1.2000000000000002,0,1,1
13564,0.4,3,0,0
13565,0.4,3,0,0
13566,0.4,3,0,0
13567,1.2000000000000002,0,1,0
13568,1.2000000000000002,0,1,1
13569,1.2000000000000002,0,1,1
13570,1.2000000000000002,0,1,0
13571,0.4,3,0,0
13572,0.4,3,0,0
13573,1.2000000000000002,2,0,0
13574,0.4,3,0,0
13575,2.8,0,0,1
13576,1.2000000000000002,0,0,1
13577,1.2000000000000002,0,0,1
13578,1.2000000000000002,0,1,1
13579,0.4,3,0,0
13580,0.4,3,1,0
13581,0.4,3,0,0
13582,0.4,3,0,0
13583,1.2000000000000002,0,1,1
13584,0.4,3,0,0
13585,0.4,3,0,0
13586,0.4,3,0,0
13587,1.2000000000000002,0,1,1
13588,1.2000000000000002,0,0,1
13589,0.4,3,0,0
13590,2.0,0,0,1
13591,1.2000000000000002,0,1,1
13592,0.4,3,0,0
13593,0.4,3,0,0
13594,0.4,3,0,0
13595,2.0,0,0,1
13596,0.4,3,0,0
13597,0.4,3,0,0
13598,1.2000000000000002,0,1,1
13599,2.0,0,1,0
13600,0.4,3,0,0
13601,0.4,3,0,0
13602,1.2000000000000002,0,1,1
13603,1.2000000000000002,1,0,1
13604,2.0,0,1,1
13605,1.2000000000000002,0,1,1
13606,0.4,3,0,0
13607,1.2000000000000002,0,1,1
13608,1.2000000000000002,0,1,1
13609,0.4,3,0,0
13610,0.4,3,0,0
13611,2.0,0,0,1
13612,1.2000000000000002,0,1,1
13613,1.2000000000000002,0,1,1
13614,1.2000000000000002,0,1,1
13615,1.2000000000000002,0,1,1
13616,1.2000000000000002,0,1,1
13617,2.0,0,1,1
13618,0.4,3,0,0
13619,0.4,3,0,0
13620,0.4,3,0,0
13621,1.2000000000000002,0,1,1
13622,0.4,3,0,0
13623,0.4,3,0,0
13624,1.2000000000000002,0,1,1
13625,0.4,3,0,0
13626,0.4,3,0,0
13627,1.2000000000000002,0,0,1
13628,1.2000000000000002,0,0,1
13629,1.2000000000000002,0,1,1
13630,0.4,3,0,0
13631,0.4,3,0,0
13632,0.4,3,0,0
13633,0.4,3,0,0
13634,0.4,3,0,0
13635,0.4,3,0,0
13636,1.2000000000000002,0,1,1
13637,2.0,0,1,1
13638,0.4,3,0,0
13639,1.2000000000000002,0,1,1
13640,1.2000000000000002,0,1,1
13641,1.2000000000000002,0,1,1
13642,0.4,3,0,0
13643,1.2000000000000002,0,1,1
13644,0.4,3,0,0
13645,0.4,3,0,0
13646,0.4,3,0,0
13647,1.2000000000000002,0,1,0
13648,0.4,3,0,0
13649,0.4,3,0,0
13650,1.2000000000000002,0,1,1
13651,1.2000000000000002,0,1,1
13652,0.4,3,0,0
13653,0.4,3,0,0
13654,1.2000000000000002,0,1,0
13655,0.4,3,0,0
13656,1.2000000000000002,0,1,1
13657,0.4,3,0,1
13658,0.4,3,0,0
13659,1.2000000000000002,0,1,1
13660,0.4,3,0,0
13661,0.4,3,0,0
13662,1.2000000000000002,0,1,1
13663,1.2000000000000002,0,1,1
13664,1.2000000000000002,0,0,1
13665,1.2000000000000002,2,1,0
13666,1.2000000000000002,0,1,0
13667,1.2000000000000002,3,0,0
13668,1.2000000000000002,0,1,1
13669,2.0,0,1,0
13670,1.2000000000000002,0,0,1
13671,0.4,3,0,0
13672,1.2000000000000002,0,1,1
13673,2.0,0,1,1
13674,1.2000000000000002,0,0,1
13675,0.4,3,0,0
13676,0.4,3,0,0
13677,1.2000000000000002,0,1,1
13678,1.2000000000000002,0,1,1
13679,2.0,0,1,1
13680,1.2000000000000002,0,1,1
13681,0.4,3,0,0
13682,1.2000000000000002,0,1,1
13683,1.2000000000000002,0,1,1
13684,1.2000000000000002,0,1,1
13685,1.2000000000000002,0,1,1
13686,1.2000000000000002,0,1,0
13687,1.2000000000000002,3,0,0
13688,0.4,3,0,0
13689,0.4,3,0,0
13690,1.2000000000000002,0,1,1
13691,0.4,3,0,0
13692,1.2000000000000002,0,1,1
13693,1.2000000000000002,0,1,1
13694,0.4,3,0,0
13695,0.4,3,0,0
13696,1.2000000000000002,0,1,1
13697,2.0,0,0,1
13698,0.4,3,0,0
13699,0.4,3,0,1
13700,1.2000000000000002,0,1,1
13701,0.4,3,0,0
13702,1.2000000000000002,0,1,1
13703,2.0,0,1,1
13704,0.4,3,0,0
13705,1.2000000000000002,0,1,1
13706,0.4,3,0,0
13707,0.4,3,0,0
13708,0.4,3,0,0
13709,2.0,0,1,0
13710,1.2000000000000002,0,1,1
13711,0.4,3,0,0
13712,0.4,3,0,0
13713,0.4,3,0,0
13714,1.2000000000000002,0,1,1
13715,1.2000000000000002,0,1,0
13716,1.2000000000000002,0,1,1
13717,0.4,3,0,0
13718,1.2000000000000002,0,1,1
13719,1.2000000000000002,0,1,1
13720,2.0,0,1,1
13721,1.2000000000000002,0,1,1
13722,0.4,3,0,0
13723,1.2000000000000002,0,1,1
13724,0.4,3,0,0
13725,1.2000000000000002,0,1,1
13726,1.2000000000000002,0,1,1
13727,1.2000000000000002,0,1,0
13728,0.4,3,0,1
13729,1.2000000000000002,0,1,1
13730,1.2000000000000002,0,1,1
13731,2.0,0,1,1
13732,1.2000000000000002,0,1,1
13733,0.4,3,0,0
13734,0.4,3,0,0
13735,2.0,0,1,1
13736,0.4,3,0,1
13737,1.2000000000000002,0,1,1
13738,0.4,3,0,0
13739,0.4,3,0,0
13740,0.4,3,0,0
13741,0.4,3,0,0
13742,1.2000000000000002,0,0,1
13743,0.4,3,0,0
13744,0.4,3,0,0
13745,1.2000000000000002,0,1,1
13746,1.2000000000000002,0,1,1
13747,0.4,3,0,0
13748,0.4,3,0,0
13749,0.4,3,0,0
13750,1.2000000000000002,0,0,1
13751,0.4,3,0,0
13752,1.2000000000000002,0,1,1
13753,0.4,3,0,0
13754,0.4,3,0,0
13755,0.4,3,0,0
13756,1.2000000000000002,0,0,1
13757,1.2000000000000002,0,1,1
13758,1.2000000000000002,0,0,1
13759,1.2000000000000002,0,1,0
13760,1.2000000000000002,0,1,1
13761,0.4,3,0,0
13762,1.2000000000000002,0,1,1
13763,1.2000000000000002,0,1,1
13764,0.4,3,0,0
13765,0.4,3,0,0
13766,0.4,3,0,0
13767,2.0,0,1,1
13768,1.2000000000000002,0,1,1
13769,0.4,3,0,0
13770,0.4,3,0,0
13771,1.2000000000000002,0,1,1
13772,1.2000000000000002,0,1,1
13773,0.4,3,0,0
13774,1.2000000000000002,0,1,0
13775,0.4,3,0,0
13776,0.4,3,0,0
13777,0.4,3,0,0
13778,2.0,0,1,1
13779,2.0,0,0,1
13780,1.2000000000000002,0,1,1
13781,1.2000000000000002,0,1,1
13782,1.2000000000000002,0,1,1
13783,2.0,0,1,1
13784,0.4,3,0,0
13785,1.2000000000000002,0,1,1
13786,0.4,3,0,0
13787,1.2000000000000002,0,1,1
13788,1.2000000000000002,0,1,1
13789,1.2000000000000002,0,0,1
13790,0.4,3,0,0
13791,0.4,3,0,0
13792,0.4,3,0,0
13793,1.2000000000000002,0,1,0
13794,1.2000000000000002,0,1,1
13795,1.2000000000000002,0,1,1
13796,0.4,3,0,0
13797,1.2000000000000002,0,1,1
13798,0.4,3,0,0
13799,0.4,3,0,0
13800,0.4,3,0,0
13801,1.2000000000000002,0,1,1
13802,1.2000000000000002,0,1,1
13803,0.4,3,0,0
13804,1.2000000000000002,0,1,1
13805,0.4,3,0,0
13806,2.0,0,1,1
13807,1.2000000000000002,0,1,1
13808,0.4,3,0,0
13809,2.0,0,1,1
13810,0.4,3,0,0
13811,0.4,3,0,0
13812,0.4,3,0,0
13813,2.0,0,1,1
13814,2.0,0,1,1
13815,0.4,3,0,0
13816,0.4,3,0,0
13817,0.4,3,0,0
13818,0.4,3,0,0
13819,1.2000000000000002,0,1,1
13820,0.4,3,0,0
13821,0.4,3,0,0
13822,0.4,3,0,0
13823,1.2000000000000002,0,1,0
13824,1.2000000000000002,0,1,1
13825,1.2000000000000002,0,1,1
13826,0.4,3,0,0
13827,1.2000000000000002,0,1,1
13828,1.2000000000000002,0,1,1
13829,1.2000000000000002,0,1,1
13830,0.4,3,0,0
13831,1.2000000000000002,0,1,0
13832,1.2000000000000002,0,1,0
13833,0.4,3,0,0
13834,2.0,0,1,1
13835,0.4,3,0,0
13836,0.4,3,0,1
13837,1.2000000000000002,3,0,0
13838,1.2000000000000002,0,1,1
13839,1.2000000000000002,0,1,1
13840,1.2000000000000002,0,1,1
13841,2.0,0,1,1
13842,1.2000000000000002,0,1,1
13843,0.4,3,0,0
13844,0.4,3,0,0
13845,1.2000000000000002,0,1,1
13846,2.0,0,1,0
13847,1.2000000000000002,0,1,1
13848,1.2000000000000002,0,1,1
13849,2.0,0,1,1
13850,1.2000000000000002,0,1,1
13851,2.0,0,1,1
13852,1.2000000000000002,0,0,1
13853,1.2000000000000002,0,1,1
13854,1.2000000000000002,0,1,1
13855,1.2000000000000002,0,1,1
13856,2.0,0,1,1
13857,2.0,0,1,1
13858,1.2000000000000002,0,1,0
13859,1.2000000000000002,0,1,1
13860,1.2000000000000002,0,1,0
13861,1.2000000000000002,0,1,1
13862,2.0,0,1,1
13863,0.4,3,0,0
13864,1.2000000000000002,0,1,0
13865,1.2000000000000002,0,1,1
13866,1.2000000000000002,0,0,1
13867,0.4,3,0,0
13868,0.4,3,0,0
13869,2.0,0,1,1
13870,1.2000000000000002,0,1,1
13871,0.4,3,0,0
13872,1.2000000000000002,0,1,1
13873,1.2000000000000002,0,1,1
13874,1.2000000000000002,0,1,1
13875,1.2000000000000002,0,1,1
13876,1.2000000000000002,0,1,1
13877,1.2000000000000002,0,1,1
13878,0.4,3,0,0
13879,2.0,0,1,1
13880,1.2000000000000002,3,0,0
13881,1.2000000000000002,0,1,1
13882,1.2000000000000002,0,1,1
13883,0.4,3,0,0
13884,2.0,0,1,0
13885,0.4,3,0,0
13886,1.2000000000000002,0,0,1
13887,2.0,0,1,0
13888,1.2000000000000002,0,1,1
13889,0.4,3,0,0
13890,1.2000000000000002,0,1,1
13891,2.0,0,1,1
13892,1.2000000000000002,0,0,1
13893,1.2000000000000002,0,1,1
13894,0.4,3,0,0
13895,2.0,0,1,1
13896,1.2000000000000002,0,1,1
13897,1.2000000000000002,0,1,1
13898,1.2000000000000002,0,1,1
13899,1.2000000000000002,0,1,1
13900,0.4,3,0,1
13901,1.2000000000000002,0,1,1
13902,0.4,3,0,0
13903,0.4,3,0,0
13904,1.2000000000000002,0,1,0
13905,0.4,3,0,0
13906,1.2000000000000002,0,1,0
13907,0.4,3,0,0
13908,0.4,3,0,0
13909,0.4,3,0,0
13910,1.2000000000000002,0,1,1
13911,1.2000000000000002,0,1,1
13912,1.2000000000000002,0,1,1
13913,1.2000000000000002,0,0,1
13914,1.2000000000000002,0,0,1
13915,0.4,3,0,0
13916,0.4,3,0,0
13917,0.4,3,0,0
13918,0.4,3,0,0
13919,0.4,3,0,0
13920,0.4,3,0,0
13921,0.4,3,0,0
13922,0.4,3,0,0
13923,0.4,3,0,0
13924,0.4,3,0,0
13925,1.2000000000000002,0,1,1
13926,0.4,3,0,0
13927,2.0,0,1,1
13928,1.2000000000000002,0,1,0
13929,0.4,3,0,0
13930,1.2000000000000002,0,1,1
13931,0.4,3,0,0
13932,1.2000000000000002,0,1,1
13933,1.2000000000000002,0,1,1
13934,0.4,3,0,0
13935,0.4,3,0,0
13936,2.0,0,1,1
13937,0.4,3,0,0
13938,0.4,3,0,0
13939,1.2000000000000002,0,1,1
13940,0.4,3,0,0
13941,1.2000000000000002,0,1,1
13942,0.4,3,0,0
13943,0.4,3,0,0
13944,1.2000000000000002,0,1,1
13945,0.4,3,0,0
13946,1.2000000000000002,0,1,1
13947,1.2000000000000002,0,0,1
13948,1.2000000000000002,0,1,1
13949,1.2000000000000002,0,1,0
13950,1.2000000000000002,0,1,1
13951,0.4,3,0,0
13952,1.2000000000000002,0,1,1
13953,2.0,0,1,0
13954,1.2000000000000002,0,0,1
13955,0.4,3,0,0
13956,1.2000000000000002,0,0,1
13957,2.0,0,1,1
13958,0.4,3,0,0
13959,0.4,3,0,0
13960,1.2000000000000002,0,1,1
13961,1.2000000000000002,0,1,1
13962,0.4,3,0,0
13963,1.2000000000000002,0,1,1
13964,0.4,3,0,0
13965,0.4,3,0,0
13966,1.2000000000000002,0,0,1
13967,1.2000000000000002,0,1,0
13968,0.4,3,0,0
13969,2.0,0,1,1
13970,1.2000000000000002,0,1,1
13971,1.2000000000000002,0,0,1
13972,0.4,3,0,0
13973,1.2000000000000002,0,1,1
13974,0.4,3,0,0
13975,1.2000000000000002,0,1,1
13976,0.4,3,0,0
13977,1.2000000000000002,0,1,1
13978,1.2000000000000002,0,1,1
13979,0.4,3,0,0
13980,0.4,3,0,0
13981,0.4,3,0,0
13982,0.4,3,0,0
13983,1.2000000000000002,0,1,1
13984,0.4,3,0,1
13985,2.0,0,1,1
13986,1.2000000000000002,3,0,0
13987,1.2000000000000002,3,0,1
13988,2.0,0,1,1
13989,1.2000000000000002,0,1,1
13990,0.4,3,0,0
13991,0.4,3,0,0
13992,1.2000000000000002,0,0,1
13993,1.2000000000000002,0,0,0
13994,1.2000000000000002,0,1,1
13995,0.4,3,0,0
13996,1.2000000000000002,0,1,1
13997,0.4,3,0,0
13998,0.4,3,0,0
13999,1.2000000000000002,0,0,1
14000,1.2000000000000002,0,1,1
14001,1.2000000000000002,0,1,1
14002,0.4,3,0,0
14003,1.2000000000000002,0,1,1
14004,1.2000000000000002,0,1,1
14005,0.4,3,0,0
14006,2.0,0,1,0
14007,2.0,0,1,1
14008,1.2000000000000002,0,1,1
14009,0.4,3,0,0
14010,0.4,3,0,0
14011,1.2000000000000002,0,0,1
14012,1.2000000000000002,0,1,1
14013,1.2000000000000002,0,1,1
14014,2.0,0,1,1
14015,1.2000000000000002,0,1,1
14016,0.4,3,0,0
14017,1.2000000000000002,0,1,1
14018,1.2000000000000002,0,1,1
14019,0.4,3,0,0
14020,1.2000000000000002,0,1,1
14021,2.0,0,1,1
14022,1.2000000000000002,0,1,1
14023,0.4,3,0,0
14024,1.2000000000000002,0,1,0
14025,1.2000000000000002,0,1,1
14026,1.2000000000000002,0,1,1
14027,0.4,3,0,0
14028,0.4,3,0,0
14029,2.0,0,1,1
14030,1.2000000000000002,0,1,1
14031,0.4,3,0,0
14032,0.4,3,0,0
14033,0.4,3,0,1
14034,0.4,3,0,0
14035,1.2000000000000002,0,1,1
14036,1.2000000000000002,0,1,1
14037,0.4,3,0,0
14038,0.4,3,0,0
14039,2.0,0,1,1
14040,0.4,3,0,0
14041,0.4,3,0,0
14042,0.4,3,0,0
14043,1.2000000000000002,0,0,1
14044,1.2000000000000002,0,1,1
14045,1.2000000000000002,0,1,1
14046,0.4,3,0,0
14047,0.4,3,0,0
14048,1.2000000000000002,0,1,1
14049,0.4,3,0,0
14050,0.4,3,0,0
14051,1.2000000000000002,0,1,1
14052,0.4,3,0,0
14053,1.2000000000000002,0,1,0
14054,1.2000000000000002,0,1,1
14055,1.2000000000000002,0,1,0
14056,1.2000000000000002,0,0,1
14057,1.2000000000000002,0,1,1
14058,1.2000000000000002,0,1,1
14059,0.4,3,0,0
14060,1.2000000000000002,0,1,1
14061,1.2000000000000002,0,1,1
14062,1.2000000000000002,0,1,1
14063,1.2000000000000002,0,1,1
14064,0.4,3,0,0
14065,0.4,3,0,0
14066,0.4,3,0,0
14067,1.2000000000000002,0,1,1
14068,1.2000000000000002,0,1,1
14069,1.2000000000000002,0,1,1
14070,0.4,3,0,0
14071,0.4,3,0,0
14072,0.4,3,0,0
14073,1.2000000000000002,0,1,1
14074,0.4,3,0,0
14075,2.0,0,1,0
14076,1.2000000000000002,0,1,1
14077,1.2000000000000002,0,1,1
14078,1.2000000000000002,0,1,1
14079,0.4,3,0,0
14080,0.4,3,0,0
14081,0.4,3,0,0
14082,0.4,3,0,1
14083,1.2000000000000002,0,1,0
14084,0.4,3,0,0
14085,1.2000000000000002,0,1,1
14086,1.2000000000000002,0,1,0
14087,0.4,3,0,0
14088,1.2000000000000002,0,1,1
14089,1.2000000000000002,0,1,1
14090,0.4,3,0,0
14091,1.2000000000000002,0,1,1
14092,1.2000000000000002,0,0,1
14093,0.4,3,0,0
14094,0.4,3,0,0
14095,1.2000000000000002,0,1,1
14096,0.4,3,0,0
14097,2.0,0,1,1
14098,1.2000000000000002,0,1,1
14099,1.2000000000000002,0,1,1
14100,1.2000000000000002,0,1,1
14101,0.4,3,0,0
14102,0.4,3,0,0
14103,1.2000000000000002,0,1,0
14104,1.2000000000000002,0,1,1
14105,1.2000000000000002,0,0,1
14106,0.4,3,0,0
14107,1.2000000000000002,0,1,1
14108,2.8,0,1,1
14109,1.2000000000000002,0,1,1
14110,1.2000000000000002,0,1,1
14111,0.4,3,0,0
14112,2.0,0,1,1
14113,1.2000000000000002,0,1,1
14114,1.2000000000000002,0,1,1
14115,1.2000000000000002,0,1,1
14116,1.2000000000000002,0,1,0
14117,1.2000000000000002,2,0,1
14118,1.2000000000000002,0,1,1
14119,1.2000000000000002,0,1,1
14120,1.2000000000000002,0,1,1
14121,0.4,3,0,0
14122,2.0,0,0,1
14123,0.4,3,0,0
14124,1.2000000000000002,0,1,1
14125,0.4,3,0,0
14126,0.4,3,0,0
14127,0.4,3,0,0
14128,0.4,3,0,0
14129,0.4,3,0,0
14130,2.0,0,1,1
14131,2.0,0,1,1
14132,1.2000000000000002,0,1,1
14133,1.2000000000000002,0,1,1
14134,0.4,3,0,0
14135,1.2000000000000002,0,1,1
14136,0.4,3,0,0
14137,0.4,3,0,0
14138,1.2000000000000002,0,0,1
14139,1.2000000000000002,0,1,1
14140,1.2000000000000002,0,1,1
14141,1.2000000000000002,1,0,0
14142,0.4,3,0,0
14143,0.4,3,0,0
14144,1.2000000000000002,0,1,1
14145,1.2000000000000002,0,1,1
14146,1.2000000000000002,0,1,1
14147,1.2000000000000002,0,1,1
14148,0.4,3,0,0
14149,0.4,3,0,0
14150,1.2000000000000002,0,1,1
14151,0.4,3,0,0
14152,1.2000000000000002,0,1,1
14153,0.4,3,0,0
14154,2.0,0,1,1
14155,2.0,0,1,1
14156,0.4,3,0,0
14157,2.0,0,1,1
14158,1.2000000000000002,0,1,1
14159,0.4,3,0,0
14160,1.2000000000000002,2,0,1
14161,0.4,3,0,0
14162,1.2000000000000002,0,1,1
14163,1.2000000000000002,0,1,1
14164,2.0,0,0,1
14165,0.4,3,0,0
14166,0.4,3,0,0
14167,0.4,3,0,0
14168,1.2000000000000002,0,1,1
14169,1.2000000000000002,0,0,1
14170,1.2000000000000002,0,1,1
14171,1.2000000000000002,0,1,1
14172,0.4,3,0,1
14173,0.4,3,0,0
14174,1.2000000000000002,0,1,1
14175,1.2000000000000002,0,1,1
14176,0.4,3,0,0
14177,1.2000000000000002,0,1,0
14178,1.2000000000000002,0,1,1
14179,0.4,3,0,0
14180,0.4,3,0,0
14181,1.2000000000000002,0,1,1
14182,1.2000000000000002,0,1,1
14183,1.2000000000000002,0,1,1
14184,0.4,3,0,0
14185,0.4,3,0,0
14186,1.2000000000000002,0,1,1
14187,1.2000000000000002,0,0,1
14188,1.2000000000000002,0,0,1
14189,2.0,0,1,1
14190,1.2000000000000002,0,1,1
14191,1.2000000000000002,0,1,1
14192,2.0,0,1,1
14193,1.2000000000000002,0,1,1
14194,1.2000000000000002,0,1,1
14195,0.4,3,0,0
14196,0.4,3,0,1
14197,0.4,3,0,0
14198,2.0,0,1,1
14199,1.2000000000000002,0,1,0
14200,1.2000000000000002,0,0,1
14201,1.2000000000000002,0,0,1
14202,0.4,3,0,0
14203,0.4,3,0,0
14204,2.0,0,1,1
14205,1.2000000000000002,0,1,1
14206,0.4,3,0,0
14207,1.2000000000000002,0,1,1
14208,1.2000000000000002,1,0,1
14209,0.4,3,0,0
14210,0.4,3,0,0
14211,0.4,3,0,0
14212,0.4,3,0,0
14213,1.2000000000000002,0,1,1
14214,0.4,3,0,0
14215,1.2000000000000002,0,1,1
14216,0.4,3,0,0
14217,0.4,3,0,0
14218,1.2000000000000002,0,1,1
14219,1.2000000000000002,0,1,1
14220,1.2000000000000002,0,1,1
14221,0.4,3,0,0
14222,0.4,3,0,0
14223,2.0,0,1,1
14224,1.2000000000000002,0,1,1
14225,1.2000000000000002,0,0,0
14226,1.2000000000000002,0,1,0
14227,0.4,3,0,0
14228,0.4,3,0,1
14229,0.4,3,0,0
14230,0.4,3,0,0
14231,1.2000000000000002,0,1,1
14232,0.4,3,0,0
14233,1.2000000000000002,0,1,1
14234,0.4,3,0,0
14235,1.2000000000000002,0,0,1
14236,1.2000000000000002,0,1,1
14237,0.4,3,0,0
14238,1.2000000000000002,0,1,1
14239,0.4,3,0,0
14240,1.2000000000000002,0,1,1
14241,0.4,3,0,0
14242,1.2000000000000002,0,1,1
14243,0.4,3,0,0
14244,1.2000000000000002,0,1,1
14245,0.4,3,0,0
14246,0.4,3,0,0
14247,0.4,3,0,0
14248,1.2000000000000002,0,1,0
14249,2.0,0,1,1
14250,0.4,3,0,0
14251,0.4,3,0,0
14252,1.2000000000000002,0,1,1
14253,1.2000000000000002,0,1,1
14254,1.2000000000000002,0,1,1
14255,0.4,3,0,0
14256,0.4,3,0,0
14257,2.0,0,1,1
14258,1.2000000000000002,0,1,1
14259,1.2000000000000002,0,1,1
14260,1.2000000000000002,0,0,1
14261,1.2000000000000002,0,1,0
14262,0.4,3,0,0
14263,0.4,3,0,0
14264,1.2000000000000002,0,0,1
14265,0.4,3,0,0
14266,0.4,3,0,0
14267,1.2000000000000002,0,1,1
14268,2.0,0,1,1
14269,1.2000000000000002,0,1,1
14270,1.2000000000000002,0,0,1
14271,1.2000000000000002,0,1,1
14272,1.2000000000000002,0,1,1
14273,1.2000000000000002,0,0,1
14274,1.2000000000000002,0,1,1
14275,1.2000000000000002,0,1,1
14276,1.2000000000000002,0,1,1
14277,1.2000000000000002,0,1,1
14278,1.2000000000000002,0,1,1
14279,1.2000000000000002,0,1,1
14280,1.2000000000000002,0,1,1
14281,0.4,3,0,0
14282,1.2000000000000002,0,1,1
14283,0.4,3,0,0
14284,1.2000000000000002,0,1,0
14285,2.0,0,1,1
14286,1.2000000000000002,0,0,1
14287,0.4,3,0,0
14288,1.2000000000000002,0,1,1
14289,1.2000000000000002,0,1,1
14290,0.4,3,0,0
14291,0.4,3,0,0
14292,1.2000000000000002,0,1,1
14293,0.4,3,0,0
14294,0.4,3,0,0
14295,1.2000000000000002,0,1,1
14296,0.4,3,0,0
14297,1.2000000000000002,0,1,1
14298,0.4,3,0,0
14299,1.2000000000000002,0,1,1
14300,2.0,0,1,0
14301,1.2000000000000002,2,1,0
14302,1.2000000000000002,0,1,1
14303,0.4,3,0,0
14304,2.0,0,1,1
14305,1.2000000000000002,0,1,0
14306,0.4,3,0,0
14307,0.4,3,0,0
14308,1.2000000000000002,0,1,1
14309,0.4,3,0,0
14310,1.2000000000000002,0,1,1
14311,2.0,0,1,1
14312,2.8,0,1,1
14313,0.4,3,0,0
14314,0.4,3,0,0
14315,1.2000000000000002,0,1,1
14316,0.4,3,0,0
14317,0.4,3,0,0
14318,2.0,0,1,1
14319,0.4,3,0,0
14320,0.4,3,0,0
14321,1.2000000000000002,0,1,1
14322,0.4,3,0,0
14323,0.4,3,0,1
14324,1.2000000000000002,0,0,1
14325,0.4,3,0,0
14326,1.2000000000000002,0,1,1
14327,0.4,3,0,0
14328,0.4,3,0,0
14329,2.0,0,1,1
14330,0.4,3,0,0
14331,0.4,3,0,0
14332,1.2000000000000002,0,1,1
14333,1.2000000000000002,0,1,1
14334,1.2000000000000002,0,1,0
14335,0.4,3,0,0
14336,1.2000000000000002,0,1,1
14337,0.4,3,0,0
14338,0.4,3,0,0
14339,0.4,3,0,0
14340,1.2000000000000002,0,0,1
14341,0.4,3,0,0
14342,1.2000000000000002,0,1,1
14343,1.2000000000000002,0,1,1
14344,1.2000000000000002,0,0,1
14345,2.0,0,1,1
14346,0.4,3,0,0
14347,0.4,3,0,0
14348,1.2000000000000002,0,1,1
14349,0.4,3,0,0
14350,0.4,3,0,0
14351,1.2000000000000002,0,1,1
14352,0.4,3,0,0
14353,1.2000000000000002,0,0,1
14354,0.4,3,0,0
14355,0.4,3,0,0
14356,0.4,3,0,0
14357,1.2000000000000002,0,1,1
14358,0.4,3,0,0
14359,2.0,0,1,1
14360,0.4,3,0,0
14361,0.4,3,0,0
14362,0.4,3,0,0
14363,1.2000000000000002,0,1,1
14364,1.2000000000000002,0,1,1
14365,1.2000000000000002,0,0,1
14366,2.0,0,1,1
14367,1.2000000000000002,0,1,0
14368,0.4,3,0,0
14369,1.2000000000000002,0,1,1
14370,1.2000000000000002,0,1,1
14371,1.2000000000000002,0,1,1
14372,0.4,3,0,0
14373,1.2000000000000002,0,1,1
14374,1.2000000000000002,0,1,1
14375,1.2000000000000002,0,0,1
14376,2.0,0,1,1
14377,0.4,3,0,0
14378,0.4,3,0,0
14379,1.2000000000000002,0,1,1
14380,1.2000000000000002,0,1,1
14381,1.2000000000000002,0,1,1
14382,1.2000000000000002,0,0,1
14383,1.2000000000000002,0,1,1
14384,0.4,3,0,0
14385,1.2000000000000002,0,1,1
14386,1.2000000000000002,0,1,0
14387,0.4,3,0,0
14388,0.4,3,0,0
14389,0.4,3,0,0
14390,0.4,3,0,0
14391,1.2000000000000002,0,1,1
14392,0.4,3,0,0
14393,1.2000000000000002,0,1,1
14394,0.4,3,0,0
14395,1.2000000000000002,0,1,1
14396,1.2000000000000002,0,1,1
14397,0.4,3,0,0
14398,0.4,3,0,0
14399,0.4,3,0,0
14400,0.4,3,0,0
14401,0.4,3,0,0
14402,0.4,3,0,0
14403,1.2000000000000002,0,0,1
14404,1.2000000000000002,0,1,0
14405,0.4,3,0,1
14406,0.4,3,0,0
14407,1.2000000000000002,0,0,1
14408,0.4,3,0,0
14409,0.4,3,0,0
14410,0.4,3,0,0
14411,0.4,3,0,0
14412,1.2000000000000002,0,1,0
14413,1.2000000000000002,0,1,1
14414,1.2000000000000002,0,1,0
14415,1.2000000000000002,0,1,1
14416,0.4,3,0,0
14417,1.2000000000000002,0,1,1
14418,0.4,3,0,0
14419,0.4,3,0,0
14420,0.4,3,0,0
14421,1.2000000000000002,0,1,1
14422,0.4,3,0,0
14423,0.4,3,0,0
14424,1.2000000000000002,0,1,1
14425,1.2000000000000002,0,0,0
14426,1.2000000000000002,3,0,0
14427,0.4,3,0,0
14428,1.2000000000000002,0,1,0
14429,0.4,3,0,0
14430,2.0,0,0,1
14431,0.4,3,0,0
14432,1.2000000000000002,0,1,0
14433,1.2000000000000002,0,1,1
14434,1.2000000000000002,0,1,1
14435,1.2000000000000002,0,1,1
14436,0.4,3,0,0
14437,1.2000000000000002,0,1,1
14438,1.2000000000000002,0,1,1
14439,1.2000000000000002,0,1,1
14440,1.2000000000000002,0,1,0
14441,1.2000000000000002,2,0,0
14442,0.4,3,0,0
14443,2.0,0,1,1
14444,0.4,3,0,0
14445,1.2000000000000002,0,0,1
14446,0.4,3,0,0
14447,1.2000000000000002,0,1,1
14448,1.2000000000000002,0,1,1
14449,2.0,0,1,1
14450,2.8,0,1,1
14451,1.2000000000000002,0,1,1
14452,2.0,0,1,1
14453,1.2000000000000002,0,0,1
14454,1.2000000000000002,0,1,0
14455,2.8,0,1,1
14456,1.2000000000000002,0,1,1
14457,1.2000000000000002,0,1,1
14458,0.4,3,0,0
14459,0.4,3,0,0
14460,0.4,3,0,1
14461,0.4,3,0,0
14462,1.2000000000000002,0,0,1
14463,0.4,3,0,0
14464,0.4,3,0,1
14465,1.2000000000000002,0,1,1
14466,1.2000000000000002,0,1,1
14467,0.4,3,0,0
14468,1.2000000000000002,0,1,1
14469,1.2000000000000002,1,0,0
14470,0.4,3,0,0
14471,0.4,3,0,0
14472,2.0,0,1,0
14473,1.2000000000000002,0,1,1
14474,0.4,3,0,0
14475,1.2000000000000002,0,1,1
14476,1.2000000000000002,0,1,1
14477,1.2000000000000002,0,1,1
14478,1.2000000000000002,0,1,1
14479,0.4,3,0,0
14480,1.2000000000000002,0,1,1
14481,1.2000000000000002,0,1,1
14482,1.2000000000000002,0,1,1
14483,0.4,3,0,0
14484,2.0,0,1,1
14485,1.2000000000000002,0,1,1
14486,1.2000000000000002,0,1,1
14487,1.2000000000000002,0,1,1
14488,2.0,0,1,1
14489,0.4,3,0,0
14490,1.2000000000000002,0,1,1
14491,1.2000000000000002,0,1,1
14492,1.2000000000000002,0,1,1
14493,1.2000000000000002,0,1,1
14494,0.4,3,0,0
14495,1.2000000000000002,0,1,1
14496,2.0,0,1,0
14497,0.4,3,0,0
14498,0.4,3,0,0
14499,1.2000000000000002,0,1,1
14500,0.4,3,0,0
14501,1.2000000000000002,0,1,1
14502,0.4,3,0,0
14503,2.0,0,0,1
14504,1.2000000000000002,0,1,1
14505,0.4,3,0,0
14506,0.4,3,0,0
14507,1.2000000000000002,0,1,1
14508,0.4,3,0,0
14509,1.2000000000000002,0,1,0
14510,0.4,3,0,0
14511,0.4,3,0,0
14512,0.4,3,0,0
14513,1.2000000000000002,0,1,0
14514,1.2000000000000002,0,1,1
14515,1.2000000000000002,0,1,1
14516,0.4,3,0,0
14517,1.2000000000000002,0,1,1
14518,2.0,0,1,1
14519,2.0,0,1,1
14520,2.0,0,0,1
14521,2.8,0,1,1
14522,0.4,3,0,1
14523,1.2000000000000002,0,0,1
14524,0.4,3,0,0
14525,0.4,3,0,0
14526,1.2000000000000002,0,1,1
14527,0.4,3,0,0
14528,1.2000000000000002,0,1,1
14529,1.2000000000000002,0,1,1
14530,0.4,3,0,0
14531,1.2000000000000002,3,0,0
14532,0.4,3,0,0
14533,0.4,3,0,0
14534,0.4,3,0,0
14535,1.2000000000000002,0,1,1
14536,1.2000000000000002,0,1,1
14537,1.2000000000000002,0,1,1
14538,1.2000000000000002,0,1,1
14539,2.0,0,1,1
14540,0.4,3,0,0
14541,1.2000000000000002,0,1,1
14542,0.4,3,0,0
14543,1.2000000000000002,0,1,1
14544,0.4,3,0,0
14545,1.2000000000000002,0,0,1
14546,1.2000000000000002,0,1,1
14547,0.4,3,0,0
14548,2.0,0,1,1
14549,2.0,0,0,1
14550,2.0,0,1,1
14551,1.2000000000000002,0,1,1
14552,0.4,3,0,0
14553,0.4,3,0,0
14554,1.2000000000000002,0,1,1
14555,0.4,3,0,0
14556,2.0,0,1,0
14557,1.2000000000000002,0,0,1
14558,0.4,3,0,0
14559,2.0,0,1,1
14560,0.4,3,0,0
14561,1.2000000000000002,0,1,1
14562,0.4,3,0,0
14563,0.4,3,0,0
14564,1.2000000000000002,0,1,0
14565,1.2000000000000002,0,1,1
14566,1.2000000000000002,0,0,1
14567,0.4,3,0,0
14568,0.4,3,0,0
14569,0.4,3,0,0
14570,1.2000000000000002,0,0,0
14571,0.4,3,0,0
14572,0.4,3,0,0
14573,0.4,3,0,0
14574,1.2000000000000002,0,1,1
14575,1.2000000000000002,0,1,1
14576,1.2000000000000002,0,1,1
14577,0.4,3,0,0
14578,0.4,3,0,0
14579,0.4,3,0,0
14580,0.4,3,0,0
14581,0.4,3,0,0
14582,1.2000000000000002,0,1,1
14583,0.4,3,0,0
14584,0.4,3,0,0
14585,1.2000000000000002,0,1,1
14586,0.4,3,0,0
14587,1.2000000000000002,0,1,1
14588,0.4,3,0,0
14589,1.2000000000000002,0,1,0
14590,1.2000000000000002,0,1,1
14591,0.4,3,0,0
14592,0.4,3,0,0
14593,0.4,3,0,0
14594,2.0,0,1,1
14595,1.2000000000000002,0,1,1
14596,1.2000000000000002,0,1,0
14597,1.2000000000000002,0,0,1
14598,0.4,3,0,0
14599,1.2000000000000002,0,1,1
14600,1.2000000000000002,0,1,1
14601,0.4,3,0,0
14602,1.2000000000000002,0,1,1
14603,1.2000000000000002,0,1,1
14604,1.2000000000000002,0,1,1
14605,1.2000000000000002,0,1,0
14606,1.2000000000000002,0,1,1
14607,0.4,3,0,0
14608,1.2000000000000002,0,1,1
14609,1.2000000000000002,0,1,1
14610,0.4,3,0,1
14611,0.4,3,0,0
14612,0.4,3,0,0
14613,1.2000000000000002,0,1,1
14614,1.2000000000000002,0,0,1
14615,0.4,3,0,0
14616,1.2000000000000002,0,0,1
14617,0.4,3,0,0
14618,1.2000000000000002,0,1,1
14619,2.0,0,1,1
14620,1.2000000000000002,0,1,1
14621,1.2000000000000002,0,0,0
14622,1.2000000000000002,0,1,1
14623,0.4,3,0,0
14624,0.4,3,0,0
14625,1.2000000000000002,0,1,1
14626,2.8,0,1,1
14627,2.0,0,1,1
14628,1.2000000000000002,0,1,1
14629,0.4,3,0,0
14630,0.4,3,0,0
14631,0.4,3,0,0
14632,0.4,3,0,0
14633,1.2000000000000002,0,1,1
14634,1.2000000000000002,0,1,1
14635,0.4,3,0,0
14636,2.8,0,1,1
14637,0.4,3,0,0
14638,1.2000000000000002,0,1,1
14639,1.2000000000000002,0,1,1
14640,1.2000000000000002,3,0,0
14641,0.4,3,0,0
14642,0.4,3,0,0
14643,1.2000000000000002,3,0,0
14644,1.2000000000000002,0,1,1
14645,0.4,3,0,0
14646,1.2000000000000002,0,1,1
14647,0.4,3,0,0
14648,1.2000000000000002,0,0,1
14649,1.2000000000000002,0,1,1
14650,1.2000000000000002,0,1,1
14651,2.0,0,1,1
14652,0.4,3,0,0
14653,0.4,3,0,0
14654,0.4,3,0,0
14655,2.8,0,0,0
14656,0.4,3,0,0
14657,0.4,3,0,1
14658,1.2000000000000002,0,0,1
14659,0.4,3,0,0
14660,1.2000000000000002,0,1,1
14661,1.2000000000000002,0,1,0
14662,0.4,3,0,0
14663,2.0,0,1,1
14664,2.0,0,1,1
14665,1.2000000000000002,0,1,0
14666,1.2000000000000002,0,1,1
14667,0.4,3,0,0
14668,1.2000000000000002,0,1,1
14669,1.2000000000000002,0,1,1
14670,1.2000000000000002,0,1,1
14671,1.2000000000000002,0,1,1
14672,1.2000000000000002,0,1,0
14673,1.2000000000000002,0,1,1
14674,0.4,3,0,0
14675,0.4,3,0,1
14676,0.4,3,0,0
14677,1.2000000000000002,0,1,1
14678,0.4,3,0,0
14679,0.4,3,0,0
14680,1.2000000000000002,0,0,1
14681,2.0,0,1,1
14682,0.4,3,0,0
14683,1.2000000000000002,0,1,1
14684,0.4,3,0,0
14685,1.2000000000000002,0,1,1
14686,0.4,3,0,0
14687,1.2000000000000002,0,1,1
14688,1.2000000000000002,0,1,1
14689,0.4,3,0,0
14690,1.2000000000000002,0,1,1
14691,0.4,3,0,0
14692,0.4,3,0,0
14693,0.4,3,0,0
14694,0.4,3,0,0
14695,0.4,3,0,0
14696,1.2000000000000002,0,1,1
14697,1.2000000000000002,0,1,1
14698,0.4,3,0,0
14699,1.2000000000000002,0,1,1
14700,0.4,3,0,0
14701,1.2000000000000002,0,1,1
14702,0.4,3,0,0
14703,1.2000000000000002,0,0,1
14704,0.4,3,0,0
14705,1.2000000000000002,0,1,1
14706,1.2000000000000002,0,1,0
14707,0.4,3,0,0
14708,1.2000000000000002,0,1,1
14709,1.2000000000000002,0,1,0
14710,1.2000000000000002,0,1,1
14711,2.0,0,1,1
14712,1.2000000000000002,0,0,0
14713,0.4,3,0,0
14714,1.2000000000000002,0,1,0
14715,2.0,0,1,1
14716,0.4,3,0,0
14717,1.2000000000000002,0,1,1
14718,0.4,3,0,0
14719,2.8,0,1,1
14720,1.2000000000000002,0,1,1
14721,1.2000000000000002,0,1,1
14722,0.4,3,0,0
14723,0.4,3,0,0
14724,0.4,3,0,0
14725,1.2000000000000002,0,1,1
14726,0.4,3,0,0
14727,1.2000000000000002,0,1,1
14728,1.2000000000000002,0,1,1
14729,0.4,3,0,0
14730,0.4,3,0,0
14731,2.0,0,1,1
14732,0.4,3,0,0
14733,1.2000000000000002,0,1,1
14734,0.4,3,0,0
14735,1.2000000000000002,0,1,1
14736,1.2000000000000002,0,0,1
14737,0.4,3,0,0
14738,1.2000000000000002,0,1,1
14739,0.4,3,0,0
14740,1.2000000000000002,0,1,0
14741,0.4,3,0,0
14742,1.2000000000000002,0,1,1
14743,1.2000000000000002,0,1,1
14744,2.0,0,0,1
14745,2.8,0,1,1
14746,1.2000000000000002,0,1,1
14747,0.4,3,0,0
14748,1.2000000000000002,0,1,1
14749,1.2000000000000002,0,1,1
14750,0.4,3,0,0
14751,0.4,3,0,0
14752,1.2000000000000002,0,1,1
14753,0.4,3,0,0
14754,0.4,3,0,0
14755,1.2000000000000002,0,1,1
14756,0.4,3,0,0
14757,0.4,3,0,0
14758,0.4,3,0,0
14759,0.4,3,0,0
14760,1.2000000000000002,0,1,1
14761,0.4,3,0,0
14762,0.4,3,0,0
14763,0.4,3,0,0
14764,2.0,0,1,1
14765,2.0,0,1,1
14766,0.4,3,0,0
14767,0.4,3,0,0
14768,2.0,0,1,1
14769,2.0,0,1,1
14770,2.0,0,1,1
14771,1.2000000000000002,0,1,1
14772,1.2000000000000002,3,0,0
14773,1.2000000000000002,0,0,1
14774,1.2000000000000002,0,1,1
14775,0.4,3,0,0
14776,2.0,0,1,1
14777,1.2000000000000002,0,1,1
14778,0.4,3,0,0
14779,0.4,3,0,0
14780,0.4,3,0,0
14781,0.4,3,0,0
14782,0.4,3,0,1
14783,0.4,3,0,0
14784,1.2000000000000002,0,1,1
14785,0.4,3,0,0
14786,0.4,3,0,0
14787,1.2000000000000002,0,1,1
14788,0.4,3,0,0
14789,1.2000000000000002,0,1,1
14790,0.4,3,0,0
14791,0.4,3,0,0
14792,1.2000000000000002,0,1,1
14793,2.0,0,1,1
14794,1.2000000000000002,0,1,1
14795,1.2000000000000002,0,1,1
14796,1.2000000000000002,0,1,1
14797,1.2000000000000002,0,1,1
14798,1.2000000000000002,0,1,1
14799,0.4,3,0,0
14800,0.4,3,0,0
14801,1.2000000000000002,0,1,1
14802,1.2000000000000002,0,1,1
14803,1.2000000000000002,0,1,1
14804,1.2000000000000002,0,1,1
14805,1.2000000000000002,3,0,0
14806,1.2000000000000002,0,1,0
14807,1.2000000000000002,0,1,1
14808,1.2000000000000002,0,1,1
14809,1.2000000000000002,0,1,1
14810,1.2000000000000002,0,1,1
14811,2.0,0,1,0
14812,0.4,3,0,0
14813,1.2000000000000002,0,1,1
14814,2.0,0,1,1
14815,0.4,3,0,0
14816,1.2000000000000002,0,1,1
14817,1.2000000000000002,0,1,1
14818,0.4,3,0,0
14819,1.2000000000000002,0,1,1
14820,0.4,3,0,0
14821,0.4,3,0,0
14822,0.4,3,0,0
14823,2.0,0,1,1
14824,1.2000000000000002,0,1,1
14825,0.4,3,0,0
14826,0.4,3,0,0
14827,0.4,3,0,0
14828,0.4,3,0,0
14829,0.4,3,0,0
14830,1.2000000000000002,0,1,1
14831,0.4,3,0,0
14832,0.4,3,0,0
14833,0.4,3,0,0
14834,0.4,3,0,0
14835,1.2000000000000002,0,1,1
14836,0.4,3,0,0
14837,0.4,3,0,0
14838,1.2000000000000002,0,1,1
14839,2.0,0,0,1
14840,1.2000000000000002,0,1,0
14841,0.4,3,0,0
14842,2.0,0,1,1
14843,1.2000000000000002,0,1,1
14844,1.2000000000000002,0,1,1
14845,0.4,3,0,0
14846,0.4,3,0,0
14847,1.2000000000000002,0,1,1
14848,2.0,0,1,1
14849,1.2000000000000002,0,1,1
14850,1.2000000000000002,0,1,1
14851,0.4,3,0,0
14852,0.4,3,0,0
14853,1.2000000000000002,0,1,1
14854,2.0,0,1,1
14855,1.2000000000000002,0,1,0
14856,1.2000000000000002,0,1,1
14857,1.2000000000000002,0,0,1
14858,1.2000000000000002,0,1,1
14859,0.4,3,0,0
14860,1.2000000000000002,0,1,1
14861,1.2000000000000002,0,1,1
14862,1.2000000000000002,0,1,0
14863,0.4,3,0,0
14864,0.4,3,0,0
14865,1.2000000000000002,0,1,1
14866,1.2000000000000002,0,0,1
14867,0.4,3,0,0
14868,2.0,0,1,1
14869,1.2000000000000002,0,1,1
14870,0.4,3,0,0
14871,0.4,3,0,0
14872,0.4,3,0,0
14873,1.2000000000000002,0,1,1
14874,1.2000000000000002,0,1,0
14875,0.4,3,0,0
14876,0.4,3,0,0
14877,1.2000000000000002,0,1,0
14878,0.4,3,0,0
14879,1.2000000000000002,0,1,1
14880,1.2000000000000002,0,1,0
14881,0.4,3,0,0
14882,0.4,3,0,0
14883,0.4,3,0,0
14884,0.4,3,0,0
14885,1.2000000000000002,0,1,1
14886,1.2000000000000002,0,1,1
14887,0.4,3,0,0
14888,0.4,3,0,0
14889,0.4,3,0,0
14890,0.4,3,0,0
14891,1.2000000000000002,0,1,0
14892,0.4,3,0,0
14893,1.2000000000000002,0,1,1
14894,1.2000000000000002,0,1,1
14895,0.4,3,0,0
14896,1.2000000000000002,0,0,1
14897,2.0,0,1,1
14898,2.0,0,1,1
14899,2.0,0,1,1
14900,0.4,0,1,1
14901,1.2000000000000002,0,1,1
14902,1.2000000000000002,0,1,1
14903,1.2000000000000002,0,0,1
14904,1.2000000000000002,0,1,1
14905,0.4,3,0,0
14906,0.4,3,0,0
14907,1.2000000000000002,0,1,0
14908,1.2000000000000002,0,1,1
14909,0.4,3,0,0
14910,2.0,0,1,1
14911,2.0,0,1,1
14912,0.4,3,0,0
14913,1.2000000000000002,0,1,0
14914,0.4,3,0,0
14915,0.4,3,0,0
14916,2.0,0,1,1
14917,0.4,3,0,0
14918,0.4,3,0,0
14919,1.2000000000000002,0,1,1
14920,1.2000000000000002,0,1,1
14921,1.2000000000000002,0,1,1
14922,0.4,3,0,0
14923,1.2000000000000002,0,1,1
14924,0.4,3,0,0
14925,1.2000000000000002,0,1,1
14926,1.2000000000000002,0,0,1
14927,1.2000000000000002,0,1,1
14928,1.2000000000000002,0,1,1
14929,0.4,3,0,0
14930,1.2000000000000002,3,0,0
14931,0.4,3,0,0
14932,0.4,3,0,0
14933,1.2000000000000002,0,1,0
14934,1.2000000000000002,0,1,1
14935,1.2000000000000002,0,1,1
14936,1.2000000000000002,0,1,1
14937,0.4,3,0,0
14938,1.2000000000000002,0,1,1
14939,1.2000000000000002,0,1,1
14940,1.2000000000000002,0,1,1
14941,1.2000000000000002,0,1,1
14942,0.4,3,0,0
14943,1.2000000000000002,0,1,1
14944,2.0,0,1,1
14945,1.2000000000000002,0,1,0
14946,2.8,0,1,1
14947,1.2000000000000002,0,1,1
14948,0.4,3,0,0
14949,1.2000000000000002,0,1,1
14950,0.4,3,0,0
14951,0.4,3,0,0
14952,0.4,3,0,0
14953,1.2000000000000002,0,1,1
14954,0.4,3,0,0
14955,0.4,3,0,0
14956,1.2000000000000002,0,1,1
14957,0.4,3,0,0
14958,1.2000000000000002,0,1,1
14959,1.2000000000000002,0,1,1
14960,1.2000000000000002,0,1,1
14961,1.2000000000000002,0,1,1
14962,0.4,3,0,0
14963,2.0,0,0,1
14964,1.2000000000000002,0,1,1
14965,1.2000000000000002,0,1,1
14966,1.2000000000000002,0,1,1
14967,1.2000000000000002,0,1,1
14968,0.4,3,0,1
14969,0.4,3,0,0
14970,1.2000000000000002,0,1,1
14971,2.8,0,1,1
14972,1.2000000000000002,0,1,1
14973,2.0,0,1,1
14974,2.0,0,1,1
14975,1.2000000000000002,0,1,1
14976,0.4,3,0,0
14977,1.2000000000000002,0,1,1
14978,1.2000000000000002,0,1,1
14979,1.2000000000000002,0,1,1
14980,1.2000000000000002,0,1,1
14981,1.2000000000000002,0,0,1
14982,1.2000000000000002,0,1,1
14983,0.4,3,0,0
14984,0.4,3,0,0
14985,0.4,3,0,0
14986,2.0,0,1,1
14987,0.4,3,0,0
14988,2.0,0,1,1
14989,0.4,3,0,0
14990,1.2000000000000002,0,1,1
14991,1.2000000000000002,0,1,1
14992,0.4,3,0,0
14993,2.0,0,0,1
14994,1.2000000000000002,0,0,1
14995,0.4,3,0,0
14996,0.4,3,0,0
14997,0.4,3,0,1
14998,2.0,0,1,1
14999,1.2000000000000002,0,1,1
15000,1.2000000000000002,0,1,1
15001,1.2000000000000002,0,0,1
15002,0.4,3,0,1
15003,1.2000000000000002,0,0,1
15004,2.0,0,0,1
15005,1.2000000000000002,0,1,1
15006,0.4,3,0,0
15007,1.2000000000000002,0,1,1
15008,1.2000000000000002,0,1,1
15009,1.2000000000000002,3,0,0
15010,1.2000000000000002,0,1,0
15011,0.4,3,0,0
15012,1.2000000000000002,0,1,1
15013,1.2000000000000002,0,1,1
15014,1.2000000000000002,0,1,1
15015,1.2000000000000002,0,1,1
15016,0.4,3,0,0
15017,0.4,3,0,0
15018,1.2000000000000002,0,1,1
15019,1.2000000000000002,0,1,1
15020,0.4,3,0,0
15021,0.4,3,0,0
15022,0.4,3,0,0
15023,1.2000000000000002,0,1,1
15024,0.4,3,0,0
15025,1.2000000000000002,0,1,1
15026,1.2000000000000002,0,1,1
15027,1.2000000000000002,0,0,1
15028,0.4,3,0,0
15029,0.4,3,0,0
15030,0.4,3,0,0
15031,1.2000000000000002,0,1,1
15032,1.2000000000000002,0,1,1
15033,0.4,3,0,0
15034,0.4,3,0,0
15035,1.2000000000000002,0,0,1
15036,1.2000000000000002,0,1,1
15037,1.2000000000000002,0,1,1
15038,1.2000000000000002,0,1,1
15039,0.4,3,0,0
15040,0.4,3,0,0
15041,0.4,3,0,0
15042,1.2000000000000002,0,1,1
15043,0.4,3,0,0
15044,0.4,3,0,0
15045,1.2000000000000002,0,1,1
15046,0.4,3,0,1
15047,0.4,3,0,0
15048,2.0,0,1,1
15049,1.2000000000000002,0,1,1
15050,0.4,3,0,0
15051,0.4,3,0,0
15052,0.4,3,0,0
15053,1.2000000000000002,0,1,0
15054,1.2000000000000002,0,1,1
15055,1.2000000000000002,0,1,1
15056,1.2000000000000002,0,1,0
15057,2.0,0,1,1
15058,0.4,3,0,0
15059,0.4,3,0,0
15060,0.4,3,0,0
15061,0.4,3,0,0
15062,2.0,0,1,1
15063,0.4,3,0,0
15064,0.4,3,0,0
15065,0.4,3,0,0
15066,1.2000000000000002,0,1,1
15067,0.4,3,0,0
15068,1.2000000000000002,0,1,1
15069,1.2000000000000002,0,1,1
15070,0.4,3,0,0
15071,1.2000000000000002,0,1,1
15072,1.2000000000000002,0,1,1
15073,1.2000000000000002,0,1,0
15074,1.2000000000000002,0,1,1
15075,0.4,3,0,0
15076,1.2000000000000002,0,1,0
15077,1.2000000000000002,0,1,1
15078,1.2000000000000002,0,1,1
15079,2.0,0,1,1
15080,1.2000000000000002,3,0,0
15081,0.4,3,0,0
15082,2.0,0,1,1
15083,0.4,3,0,0
15084,1.2000000000000002,0,0,1
15085,0.4,3,0,0
15086,1.2000000000000002,0,1,1
15087,0.4,3,0,0
15088,1.2000000000000002,0,1,0
15089,0.4,3,0,0
15090,0.4,3,0,0
15091,1.2000000000000002,0,1,1
15092,1.2000000000000002,0,1,1
15093,1.2000000000000002,0,1,1
15094,1.2000000000000002,0,1,1
15095,0.4,3,0,0
15096,1.2000000000000002,0,1,1
15097,0.4,3,0,0
15098,2.0,0,1,1
15099,1.2000000000000002,2,0,1
15100,2.0,0,1,1
15101,1.2000000000000002,0,1,1
15102,0.4,3,0,1
15103,0.4,3,0,0
15104,1.2000000000000002,0,1,0
15105,2.0,0,1,1
15106,1.2000000000000002,0,0,1
15107,1.2000000000000002,0,1,0
15108,1.2000000000000002,0,1,1
15109,1.2000000000000002,0,1,0
15110,1.2000000000000002,0,1,1
15111,2.0,0,1,1
15112,0.4,3,0,1
15113,1.2000000000000002,0,0,0
15114,1.2000000000000002,0,1,1
15115,0.4,3,0,0
15116,1.2000000000000002,0,1,1
15117,2.0,0,1,1
15118,1.2000000000000002,0,1,1
15119,0.4,3,0,0
15120,2.0,0,1,1
15121,0.4,3,0,0
15122,1.2000000000000002,0,1,1
15123,1.2000000000000002,0,1,1
15124,1.2000000000000002,0,1,1
15125,1.2000000000000002,0,1,1
15126,1.2000000000000002,0,1,1
15127,0.4,3,0,0
15128,0.4,3,0,0
15129,0.4,3,0,0
15130,1.2000000000000002,0,1,1
15131,1.2000000000000002,0,1,1
15132,0.4,3,0,0
15133,0.4,3,0,0
15134,1.2000000000000002,0,1,0
15135,0.4,3,0,0
15136,0.4,3,0,0
15137,1.2000000000000002,0,1,1
15138,0.4,3,0,0
15139,1.2000000000000002,0,0,1
15140,0.4,3,0,0
15141,0.4,3,0,0
15142,1.2000000000000002,0,0,0
15143,1.2000000000000002,0,1,1
15144,2.0,0,1,1
15145,1.2000000000000002,0,1,1
15146,0.4,3,0,1
15147,1.2000000000000002,0,1,1
15148,0.4,3,0,0
15149,2.0,0,1,1
15150,1.2000000000000002,0,1,1
15151,0.4,3,0,0
15152,0.4,3,0,0
15153,2.0,0,1,1
15154,1.2000000000000002,0,1,1
15155,1.2000000000000002,0,1,0
15156,0.4,3,0,0
15157,1.2000000000000002,0,0,1
15158,0.4,3,0,0
15159,0.4,3,0,0
15160,0.4,3,0,0
15161,1.2000000000000002,0,1,1
15162,0.4,3,0,0
15163,0.4,3,0,0
15164,1.2000000000000002,0,1,1
15165,1.2000000000000002,0,1,1
15166,0.4,3,0,0
15167,0.4,3,0,0
15168,1.2000000000000002,0,1,1
15169,1.2000000000000002,0,1,0
15170,0.4,3,0,1
15171,0.4,3,0,0
15172,1.2000000000000002,0,1,1
15173,1.2000000000000002,0,1,1
15174,1.2000000000000002,0,1,1
15175,0.4,3,0,0
15176,1.2000000000000002,0,1,1
15177,1.2000000000000002,0,1,1
15178,1.2000000000000002,0,1,1
15179,1.2000000000000002,0,1,0
15180,1.2000000000000002,0,1,1
15181,0.4,3,0,0
15182,0.4,3,0,0
15183,0.4,3,0,0
15184,0.4,3,0,0
15185,0.4,3,0,0
15186,1.2000000000000002,0,1,1
15187,0.4,3,0,0
15188,0.4,3,0,0
15189,1.2000000000000002,0,1,1
15190,0.4,3,0,0
15191,0.4,3,0,0
15192,1.2000000000000002,0,1,1
15193,0.4,3,0,0
15194,0.4,3,0,0
15195,1.2000000000000002,0,1,0
15196,1.2000000000000002,0,1,1
15197,0.4,3,0,0
15198,1.2000000000000002,0,1,1
15199,0.4,3,0,0
15200,1.2000000000000002,0,1,1
15201,1.2000000000000002,0,1,1
15202,0.4,3,0,0
15203,1.2000000000000002,0,1,1
15204,0.4,3,0,0
15205,0.4,3,0,0
15206,0.4,3,0,0
15207,1.2000000000000002,0,0,1
15208,1.2000000000000002,0,0,0
15209,0.4,3,0,0
15210,1.2000000000000002,0,0,1
15211,0.4,3,0,0
15212,1.2000000000000002,0,1,1
15213,2.0,0,0,0
15214,1.2000000000000002,0,1,1
15215,1.2000000000000002,0,1,1
15216,0.4,3,0,0
15217,1.2000000000000002,0,1,1
15218,0.4,3,0,1
15219,1.2000000000000002,0,1,1
15220,1.2000000000000002,0,1,1
15221,1.2000000000000002,0,1,1
15222,1.2000000000000002,0,1,1
15223,0.4,3,0,0
15224,0.4,3,0,0
15225,2.0,0,1,1
15226,0.4,3,0,0
15227,1.2000000000000002,0,1,1
15228,1.2000000000000002,0,1,1
15229,1.2000000000000002,0,1,1
15230,2.0,0,1,0
15231,0.4,3,0,0
15232,0.4,3,0,0
15233,0.4,3,0,0
15234,0.4,3,0,0
15235,1.2000000000000002,0,0,1
15236,0.4,3,0,0
15237,1.2000000000000002,0,1,1
15238,1.2000000000000002,0,1,1
15239,1.2000000000000002,0,1,1
15240,1.2000000000000002,0,1,1
15241,1.2000000000000002,0,1,0
15242,1.2000000000000002,0,0,1
15243,0.4,3,0,0
15244,0.4,3,0,0
15245,1.2000000000000002,0,1,1
15246,0.4,3,0,0
15247,1.2000000000000002,0,1,1
15248,1.2000000000000002,0,1,1
15249,0.4,3,0,0
15250,1.2000000000000002,2,0,0
15251,0.4,3,0,0
15252,1.2000000000000002,0,1,1
15253,1.2000000000000002,0,1,1
15254,1.2000000000000002,0,1,1
15255,0.4,3,0,0
15256,1.2000000000000002,0,1,0
15257,1.2000000000000002,0,1,1
15258,1.2000000000000002,0,1,1
15259,0.4,3,0,0
15260,2.0,0,1,1
15261,0.4,3,0,0
15262,1.2000000000000002,0,0,1
15263,0.4,3,0,0
15264,1.2000000000000002,0,1,1
15265,1.2000000000000002,0,0,1
15266,1.2000000000000002,0,0,1
15267,0.4,3,0,0
15268,1.2000000000000002,0,1,1
15269,1.2000000000000002,0,1,1
15270,1.2000000000000002,0,1,1
15271,0.4,3,0,0
15272,0.4,3,0,0
15273,1.2000000000000002,0,1,1
15274,0.4,3,0,0
15275,2.0,0,1,1
15276,1.2000000000000002,0,1,1
15277,1.2000000000000002,0,1,0
15278,2.0,0,1,1
15279,1.2000000000000002,0,1,0
15280,0.4,3,0,0
15281,2.0,0,0,1
15282,0.4,3,0,0
15283,1.2000000000000002,0,1,1
15284,1.2000000000000002,0,1,1
15285,0.4,3,0,1
15286,1.2000000000000002,0,1,1
15287,1.2000000000000002,3,0,0
15288,0.4,3,0,0
15289,0.4,3,0,0
15290,0.4,3,0,0
15291,1.2000000000000002,0,1,0
15292,1.2000000000000002,0,1,1
15293,1.2000000000000002,0,1,1
15294,0.4,3,0,0
15295,2.0,0,1,1
15296,1.2000000000000002,0,1,1
15297,1.2000000000000002,0,1,1
15298,1.2000000000000002,3,0,0
15299,0.4,3,0,0
15300,2.8,0,1,1
15301,0.4,3,0,0
15302,1.2000000000000002,0,0,0
15303,1.2000000000000002,0,1,1
15304,0.4,3,0,0
15305,0.4,3,0,1
15306,1.2000000000000002,0,1,1
15307,1.2000000000000002,0,1,1
15308,1.2000000000000002,0,1,0
15309,0.4,3,0,0
15310,1.2000000000000002,0,1,0
15311,1.2000000000000002,0,0,1
15312,1.2000000000000002,0,1,1
15313,0.4,3,0,0
15314,1.2000000000000002,0,1,1
15315,1.2000000000000002,0,1,0
15316,1.2000000000000002,0,1,0
15317,0.4,3,0,1
15318,1.2000000000000002,0,1,1
15319,2.0,0,1,1
15320,1.2000000000000002,3,0,0
15321,1.2000000000000002,0,1,1
15322,0.4,3,0,0
15323,1.2000000000000002,2,0,1
15324,1.2000000000000002,0,1,0
15325,2.0,0,1,1
15326,1.2000000000000002,0,1,1
15327,1.2000000000000002,0,1,0
15328,1.2000000000000002,0,1,1
15329,0.4,3,0,0
15330,1.2000000000000002,0,1,1
15331,0.4,3,0,0
15332,1.2000000000000002,0,1,1
15333,1.2000000000000002,0,1,1
15334,1.2000000000000002,0,1,1
15335,0.4,3,0,0
15336,0.4,3,0,0
15337,0.4,3,0,0
15338,1.2000000000000002,0,1,1
15339,0.4,3,0,0
15340,0.4,3,0,0
15341,1.2000000000000002,0,1,1
15342,0.4,3,0,0
15343,0.4,3,0,0
15344,1.2000000000000002,0,1,0
15345,0.4,3,0,0
15346,1.2000000000000002,0,1,1
15347,1.2000000000000002,0,0,1
15348,2.0,0,1,1
15349,1.2000000000000002,0,1,1
15350,0.4,3,0,0
15351,0.4,3,0,0
15352,0.4,3,0,0
15353,0.4,3,0,0
15354,1.2000000000000002,0,0,1
15355,0.4,3,0,0
15356,2.8,0,1,1
15357,0.4,3,0,0
15358,2.8,0,1,1
15359,1.2000000000000002,0,1,0
15360,0.4,3,0,0
15361,0.4,3,0,0
15362,1.2000000000000002,0,1,1
15363,1.2000000000000002,0,1,1
15364,0.4,3,0,0
15365,0.4,3,0,1
15366,1.2000000000000002,0,1,1
15367,1.2000000000000002,0,1,1
15368,0.4,3,0,0
15369,1.2000000000000002,0,1,1
15370,1.2000000000000002,0,1,1
15371,0.4,3,0,0
15372,0.4,3,0,0
15373,1.2000000000000002,0,0,1
15374,1.2000000000000002,0,0,1
15375,0.4,3,0,0
15376,1.2000000000000002,0,1,1
15377,0.4,3,0,0
15378,0.4,3,0,0
15379,0.4,3,0,0
15380,2.0,0,1,1
15381,1.2000000000000002,0,1,1
15382,1.2000000000000002,0,1,1
15383,2.0,0,1,1
15384,0.4,3,0,0
15385,0.4,3,0,0
15386,0.4,3,0,1
15387,1.2000000000000002,0,1,1
15388,1.2000000000000002,0,1,1
15389,1.2000000000000002,0,0,0
15390,0.4,3,0,0
15391,2.0,0,1,1
15392,1.2000000000000002,0,1,1
15393,0.4,3,0,0
15394,1.2000000000000002,0,1,1
15395,1.2000000000000002,0,1,1
15396,1.2000000000000002,0,1,0
15397,0.4,3,0,1
15398,0.4,3,0,0
15399,2.0,0,1,1
15400,0.4,3,0,0
15401,1.2000000000000002,0,0,1
15402,1.2000000000000002,0,1,1
15403,1.2000000000000002,0,1,1
15404,1.2000000000000002,0,1,1
15405,1.2000000000000002,0,1,0
15406,1.2000000000000002,0,1,1
15407,1.2000000000000002,0,1,1
15408,0.4,3,0,0
15409,0.4,3,0,0
15410,1.2000000000000002,0,1,1
15411,0.4,3,0,0
15412,2.0,0,1,1
15413,2.0,0,1,1
15414,1.2000000000000002,0,1,1
15415,0.4,3,0,0
15416,0.4,3,0,0
15417,0.4,3,0,0
15418,0.4,3,0,0
15419,0.4,3,0,0
15420,1.2000000000000002,0,1,0
15421,1.2000000000000002,0,1,1
15422,1.2000000000000002,0,1,1
15423,0.4,3,0,0
15424,0.4,3,0,0
15425,1.2000000000000002,0,1,1
15426,2.0,0,1,1
15427,0.4,3,0,0
15428,1.2000000000000002,0,1,1
15429,2.0,0,1,0
15430,0.4,3,0,0
15431,1.2000000000000002,0,1,1
15432,0.4,3,0,0
15433,1.2000000000000002,0,1,1
15434,0.4,3,0,0
15435,1.2000000000000002,0,0,1
15436,0.4,3,0,0
15437,1.2000000000000002,0,1,1
15438,0.4,3,0,0
15439,0.4,3,0,0
15440,0.4,3,0,0
15441,0.4,3,0,0
15442,1.2000000000000002,0,1,1
15443,2.0,0,1,0
15444,1.2000000000000002,0,1,1
15445,1.2000000000000002,0,1,1
15446,1.2000000000000002,0,1,1
15447,0.4,3,0,0
15448,0.4,3,0,0
15449,1.2000000000000002,0,1,1
15450,1.2000000000000002,0,0,1
15451,1.2000000000000002,0,0,1
15452,0.4,3,0,0
15453,0.4,3,0,0
15454,0.4,3,0,0
15455,0.4,3,0,0
15456,1.2000000000000002,0,1,1
15457,0.4,3,0,0
15458,1.2000000000000002,0,1,1
15459,0.4,3,0,0
15460,1.2000000000000002,0,1,1
15461,0.4,3,0,0
15462,1.2000000000000002,0,1,1
15463,1.2000000000000002,0,1,0
15464,0.4,3,0,0
15465,1.2000000000000002,0,1,1
15466,1.2000000000000002,0,1,1
15467,0.4,3,0,0
15468,1.2000000000000002,0,1,1
15469,1.2000000000000002,0,1,1
15470,1.2000000000000002,0,1,1
15471,2.0,0,1,1
15472,1.2000000000000002,0,1,1
15473,1.2000000000000002,0,1,1
15474,1.2000000000000002,0,1,1
15475,1.2000000000000002,0,0,1
15476,0.4,3,0,0
15477,1.2000000000000002,0,1,1
15478,1.2000000000000002,3,0,0
15479,0.4,3,0,0
15480,1.2000000000000002,0,0,1
15481,1.2000000000000002,0,1,1
15482,1.2000000000000002,0,1,1
15483,0.4,3,0,0
15484,1.2000000000000002,0,1,1
15485,0.4,3,0,0
15486,1.2000000000000002,0,1,0
15487,0.4,3,0,0
15488,1.2000000000000002,0,1,1
15489,2.0,0,1,1
15490,1.2000000000000002,0,1,1
15491,0.4,3,0,1
15492,0.4,3,0,0
15493,1.2000000000000002,0,1,1
15494,0.4,3,0,0
15495,1.2000000000000002,0,1,1
15496,1.2000000000000002,0,1,1
15497,1.2000000000000002,0,1,1
15498,2.0,0,1,1
15499,2.0,0,1,1
15500,1.2000000000000002,0,0,1
15501,2.0,0,1,1
15502,0.4,3,0,0
15503,0.4,3,0,0
15504,0.4,3,0,0
15505,0.4,3,0,0
15506,1.2000000000000002,0,1,1
15507,1.2000000000000002,0,1,1
15508,0.4,3,0,0
15509,0.4,3,0,0
15510,1.2000000000000002,0,1,1
15511,2.0,0,1,1
15512,1.2000000000000002,0,1,1
15513,2.8,0,1,1
15514,1.2000000000000002,0,1,1
15515,0.4,3,0,0
15516,1.2000000000000002,0,0,1
15517,1.2000000000000002,0,1,1
15518,1.2000000000000002,0,1,0
15519,1.2000000000000002,0,1,1
15520,1.2000000000000002,0,1,1
15521,0.4,3,0,0
15522,0.4,3,0,0
15523,1.2000000000000002,0,1,1
15524,2.8,0,1,1
15525,1.2000000000000002,0,1,1
15526,0.4,3,0,0
15527,1.2000000000000002,0,0,1
15528,0.4,3,0,0
15529,2.0,0,0,1
15530,2.0,0,1,0
15531,0.4,3,0,0
15532,1.2000000000000002,0,1,1
15533,2.0,0,1,0
15534,0.4,3,0,0
15535,1.2000000000000002,0,0,1
15536,1.2000000000000002,0,1,1
15537,2.0,0,1,1
15538,0.4,3,0,0
15539,1.2000000000000002,0,1,1
15540,1.2000000000000002,0,1,1
15541,0.4,3,0,0
15542,2.0,0,0,1
15543,0.4,3,0,0
15544,2.0,0,0,1
15545,2.0,0,1,1
15546,1.2000000000000002,0,1,1
15547,2.0,0,1,1
15548,0.4,3,0,1
15549,0.4,3,0,0
15550,0.4,3,0,0
15551,0.4,3,0,0
15552,1.2000000000000002,0,1,1
15553,0.4,3,0,1
15554,0.4,3,0,0
15555,1.2000000000000002,0,1,1
15556,0.4,3,0,1
15557,1.2000000000000002,0,1,1
15558,1.2000000000000002,0,1,1
15559,1.2000000000000002,0,1,1
15560,0.4,3,0,0
15561,1.2000000000000002,0,0,1
15562,1.2000000000000002,0,1,1
15563,0.4,3,0,0
15564,1.2000000000000002,0,0,1
15565,1.2000000000000002,0,1,1
15566,0.4,3,0,0
15567,0.4,3,0,0
15568,0.4,3,0,0
15569,0.4,3,0,0
15570,0.4,3,0,0
15571,1.2000000000000002,0,1,1
15572,0.4,3,0,0
15573,1.2000000000000002,3,0,0
15574,2.0,0,1,1
15575,2.0,0,1,1
15576,1.2000000000000002,0,1,1
15577,1.2000000000000002,0,1,1
15578,2.0,0,1,1
15579,0.4,3,0,0
15580,0.4,3,0,0
15581,0.4,3,0,0
15582,1.2000000000000002,0,1,1
15583,0.4,3,0,0
15584,2.0,0,1,1
15585,0.4,3,0,0
15586,1.2000000000000002,0,0,1
15587,0.4,3,0,0
15588,0.4,3,0,0
15589,1.2000000000000002,0,1,1
15590,1.2000000000000002,0,1,0
15591,0.4,3,0,0
15592,2.0,0,1,1
15593,0.4,3,0,0
15594,0.4,3,0,0
15595,1.2000000000000002,0,1,1
15596,0.4,3,0,0
15597,1.2000000000000002,0,1,0
15598,0.4,3,0,0
15599,1.2000000000000002,1,0,0
15600,2.0,0,1,1
15601,1.2000000000000002,0,1,1
15602,1.2000000000000002,0,1,1
15603,0.4,3,0,0
15604,1.2000000000000002,0,0,1
15605,0.4,3,0,0
15606,1.2000000000000002,0,1,1
15607,0.4,3,0,0
15608,1.2000000000000002,0,1,1
15609,1.2000000000000002,0,1,0
15610,2.0,0,1,1
15611,1.2000000000000002,0,1,0
15612,2.0,0,0,1
15613,1.2000000000000002,0,1,0
15614,0.4,3,0,0
15615,1.2000000000000002,0,0,1
15616,1.2000000000000002,3,0,0
15617,0.4,3,0,0
15618,0.4,3,0,0
15619,0.4,3,0,0
15620,1.2000000000000002,0,0,1
15621,1.2000000000000002,0,1,1
15622,0.4,3,0,0
15623,0.4,3,0,0
15624,0.4,3,0,0
15625,1.2000000000000002,1,1,1
15626,0.4,3,0,0
15627,2.0,0,1,1
15628,1.2000000000000002,0,1,1
15629,1.2000000000000002,0,1,1
15630,1.2000000000000002,0,1,1
15631,1.2000000000000002,0,1,1
15632,0.4,3,0,0
15633,2.0,0,1,1
15634,0.4,3,0,0
15635,1.2000000000000002,0,1,1
15636,1.2000000000000002,0,1,1
15637,0.4,3,0,0
15638,0.4,3,0,0
15639,0.4,3,0,0
15640,0.4,3,0,0
15641,1.2000000000000002,0,1,1
15642,2.0,0,1,1
15643,1.2000000000000002,0,0,1
15644,1.2000000000000002,0,1,0
15645,2.0,0,1,1
15646,2.0,0,1,1
15647,1.2000000000000002,0,1,1
15648,1.2000000000000002,0,1,1
15649,1.2000000000000002,0,1,1
15650,1.2000000000000002,0,1,0
15651,1.2000000000000002,0,1,1
15652,1.2000000000000002,0,1,1
15653,0.4,3,0,0
15654,2.0,0,1,1
15655,1.2000000000000002,0,0,1
15656,1.2000000000000002,0,0,1
15657,1.2000000000000002,0,1,1
15658,1.2000000000000002,0,1,1
15659,0.4,3,0,0
15660,2.0,0,1,1
15661,1.2000000000000002,0,1,1
15662,1.2000000000000002,0,1,1
15663,1.2000000000000002,0,1,1
15664,1.2000000000000002,0,1,0
15665,0.4,3,0,0
15666,1.2000000000000002,0,1,1
15667,0.4,3,0,0
15668,0.4,3,0,0
15669,1.2000000000000002,0,1,1
15670,1.2000000000000002,3,0,0
15671,1.2000000000000002,0,1,1
15672,1.2000000000000002,0,1,1
15673,0.4,3,0,0
15674,1.2000000000000002,0,1,1
15675,0.4,3,0,0
15676,1.2000000000000002,0,1,1
15677,0.4,3,0,0
15678,0.4,3,0,0
15679,1.2000000000000002,0,1,1
15680,1.2000000000000002,0,1,1
15681,0.4,3,0,0
15682,1.2000000000000002,0,1,1
15683,0.4,3,0,0
15684,0.4,3,0,0
15685,0.4,3,0,0
15686,1.2000000000000002,0,1,1
15687,0.4,3,0,0
15688,0.4,3,0,0
15689,0.4,3,0,0
15690,1.2000000000000002,0,1,1
15691,0.4,3,0,0
15692,1.2000000000000002,0,1,1
15693,1.2000000000000002,0,1,1
15694,1.2000000000000002,0,0,1
15695,0.4,3,0,0
15696,1.2000000000000002,0,1,1
15697,1.2000000000000002,0,1,1
15698,2.0,0,1,0
15699,0.4,3,0,0
15700,0.4,3,0,0
15701,1.2000000000000002,0,1,1
15702,1.2000000000000002,0,1,1
15703,0.4,3,0,0
15704,0.4,3,0,0
15705,1.2000000000000002,0,0,0
15706,2.0,0,1,1
15707,1.2000000000000002,0,1,1
15708,1.2000000000000002,0,1,1
15709,1.2000000000000002,0,1,0
15710,1.2000000000000002,0,1,1
15711,0.4,3,0,0
15712,1.2000000000000002,0,1,1
15713,0.4,3,0,0
15714,1.2000000000000002,0,1,1
15715,1.2000000000000002,0,1,1
15716,1.2000000000000002,0,1,1
15717,1.2000000000000002,0,1,1
15718,1.2000000000000002,0,1,1
15719,2.0,0,1,1
15720,1.2000000000000002,0,0,1
15721,0.4,3,0,0
15722,0.4,3,0,0
15723,0.4,3,0,0
15724,0.4,3,0,0
15725,0.4,3,0,0
15726,1.2000000000000002,0,1,1
15727,1.2000000000000002,0,1,1
15728,1.2000000000000002,0,1,1
15729,1.2000000000000002,0,1,1
15730,0.4,3,0,0
15731,0.4,3,0,0
15732,2.0,0,1,1
15733,1.2000000000000002,0,1,1
15734,1.2000000000000002,0,0,1
15735,0.4,3,0,0
15736,1.2000000000000002,0,1,1
15737,1.2000000000000002,0,1,1
15738,1.2000000000000002,0,1,1
15739,0.4,3,0,0
15740,1.2000000000000002,0,1,1
15741,2.0,0,1,1
15742,2.0,0,1,1
15743,0.4,3,0,0
15744,1.2000000000000002,0,1,1
15745,1.2000000000000002,0,1,1
15746,0.4,3,0,0
15747,0.4,3,0,0
15748,1.2000000000000002,0,1,0
15749,0.4,3,0,0
15750,1.2000000000000002,0,1,1
15751,2.0,0,1,1
15752,0.4,3,0,0
15753,1.2000000000000002,0,1,1
15754,2.0,0,1,1
15755,1.2000000000000002,0,1,1
15756,2.0,0,1,1
15757,0.4,3,0,0
15758,0.4,3,0,0
15759,0.4,3,0,0
15760,0.4,3,0,0
15761,0.4,3,0,0
15762,0.4,3,0,0
15763,1.2000000000000002,0,1,1
15764,0.4,3,0,0
15765,1.2000000000000002,0,1,1
15766,1.2000000000000002,0,0,1
15767,0.4,3,0,0
15768,1.2000000000000002,0,1,0
15769,1.2000000000000002,0,1,1
15770,1.2000000000000002,0,1,1
15771,0.4,3,0,0
15772,1.2000000000000002,0,1,1
15773,1.2000000000000002,0,0,1
15774,2.0,0,1,0
15775,1.2000000000000002,0,1,1
15776,1.2000000000000002,0,1,1
15777,1.2000000000000002,0,1,1
15778,0.4,3,0,0
15779,0.4,3,0,0
15780,0.4,3,0,0
15781,0.4,3,0,0
15782,2.0,0,1,1
15783,1.2000000000000002,0,1,1
15784,0.4,3,0,0
15785,0.4,3,0,0
15786,0.4,3,0,0
15787,1.2000000000000002,0,1,1
15788,0.4,3,0,0
15789,1.2000000000000002,0,1,0
15790,1.2000000000000002,0,1,0
15791,0.4,3,0,0
15792,1.2000000000000002,0,1,1
15793,2.0,0,1,1
15794,2.0,0,1,1
15795,0.4,3,0,0
15796,0.4,3,0,0
15797,0.4,3,0,1
15798,0.4,3,0,0
15799,0.4,3,0,0
15800,1.2000000000000002,0,1,1
15801,1.2000000000000002,0,1,1
15802,0.4,3,0,0
15803,2.0,0,1,1
15804,0.4,3,0,0
15805,1.2000000000000002,0,1,1
15806,2.0,0,1,1
15807,0.4,3,0,0
15808,0.4,3,0,0
15809,1.2000000000000002,0,1,1
15810,0.4,3,0,0
15811,0.4,3,0,0
15812,1.2000000000000002,0,1,1
15813,1.2000000000000002,0,1,1
15814,2.0,0,1,1
15815,2.0,0,1,1
15816,1.2000000000000002,0,1,1
15817,1.2000000000000002,0,1,1
15818,1.2000000000000002,0,1,1
15819,0.4,3,0,0
15820,0.4,3,0,0
15821,0.4,3,0,0
15822,0.4,3,0,0
15823,0.4,3,0,0
15824,1.2000000000000002,0,1,1
15825,1.2000000000000002,0,1,1
15826,1.2000000000000002,0,0,1
15827,1.2000000000000002,0,1,1
15828,1.2000000000000002,0,1,1
15829,1.2000000000000002,0,1,1
15830,0.4,3,0,0
15831,1.2000000000000002,0,1,1
15832,0.4,3,0,0
15833,1.2000000000000002,0,1,1
15834,1.2000000000000002,0,1,0
15835,1.2000000000000002,0,0,1
15836,0.4,3,0,0
15837,0.4,3,0,0
15838,0.4,3,0,0
15839,0.4,3,0,0
15840,0.4,3,0,0
15841,1.2000000000000002,0,0,0
15842,0.4,3,0,0
15843,1.2000000000000002,0,1,1
15844,0.4,3,0,0
15845,1.2000000000000002,0,1,0
15846,1.2000000000000002,0,1,1
15847,0.4,3,0,0
15848,0.4,3,0,0
15849,0.4,3,0,0
15850,1.2000000000000002,0,1,1
15851,1.2000000000000002,0,1,1
15852,0.4,3,0,0
15853,0.4,3,0,0
15854,0.4,3,0,0
15855,0.4,3,0,0
15856,0.4,3,0,1
15857,0.4,3,0,0
15858,1.2000000000000002,0,1,1
15859,0.4,3,0,0
15860,0.4,3,0,0
15861,2.0,0,1,1
15862,0.4,3,0,0
15863,0.4,3,0,0
15864,1.2000000000000002,0,1,1
15865,0.4,3,0,0
15866,1.2000000000000002,0,1,1
15867,0.4,3,0,0
15868,1.2000000000000002,0,0,0
15869,1.2000000000000002,0,1,1
15870,0.4,3,0,0
15871,1.2000000000000002,0,0,1
15872,1.2000000000000002,0,1,1
15873,1.2000000000000002,0,1,1
15874,1.2000000000000002,0,1,1
15875,0.4,3,0,0
15876,1.2000000000000002,0,1,1
15877,1.2000000000000002,0,1,1
15878,1.2000000000000002,0,1,1
15879,2.0,0,1,0
15880,2.0,0,1,1
15881,1.2000000000000002,0,1,1
15882,2.0,0,1,1
15883,0.4,3,0,0
15884,1.2000000000000002,0,1,1
15885,0.4,3,0,0
15886,1.2000000000000002,0,0,0
15887,0.4,3,0,0
15888,2.0,0,1,1
15889,0.4,3,0,0
15890,0.4,3,0,0
15891,0.4,3,0,0
15892,1.2000000000000002,0,0,1
15893,0.4,3,0,0
15894,1.2000000000000002,0,1,1
15895,1.2000000000000002,0,1,1
15896,1.2000000000000002,0,1,0
15897,2.0,0,1,1
15898,1.2000000000000002,0,1,1
15899,0.4,3,0,0
15900,1.2000000000000002,0,1,1
15901,2.0,0,1,1
15902,1.2000000000000002,0,1,1
15903,0.4,3,0,0
15904,0.4,3,0,0
15905,1.2000000000000002,0,0,1
15906,1.2000000000000002,0,1,1
15907,1.2000000000000002,0,0,1
15908,0.4,3,0,0
15909,0.4,3,0,0
15910,0.4,3,0,0
15911,1.2000000000000002,0,1,1
15912,1.2000000000000002,0,1,1
15913,1.2000000000000002,0,1,1
15914,2.0,0,1,1
15915,0.4,3,0,0
15916,1.2000000000000002,0,1,1
15917,0.4,3,0,0
15918,1.2000000000000002,0,1,1
15919,2.0,0,1,1
15920,0.4,3,0,0
15921,0.4,3,0,0
15922,0.4,3,0,1
15923,0.4,3,0,0
15924,0.4,3,0,0
15925,0.4,3,0,0
15926,1.2000000000000002,0,1,1
15927,1.2000000000000002,0,1,1
15928,2.0,0,1,1
15929,1.2000000000000002,0,0,1
15930,0.4,3,0,0
15931,1.2000000000000002,0,1,1
15932,1.2000000000000002,0,1,1
15933,1.2000000000000002,1,0,0
15934,0.4,3,0,0
15935,0.4,3,0,0
15936,0.4,3,0,0
15937,1.2000000000000002,0,1,1
15938,1.2000000000000002,0,0,1
15939,1.2000000000000002,0,1,1
15940,0.4,3,0,0
15941,1.2000000000000002,0,1,1
15942,1.2000000000000002,0,1,1
15943,1.2000000000000002,0,1,1
15944,0.4,3,0,0
15945,0.4,3,0,0
15946,1.2000000000000002,0,1,1
15947,1.2000000000000002,0,1,1
15948,1.2000000000000002,0,1,1
15949,2.0,0,1,1
15950,0.4,3,0,0
15951,1.2000000000000002,0,1,1
15952,1.2000000000000002,0,1,1
15953,2.0,0,1,1
15954,1.2000000000000002,0,0,0
15955,1.2000000000000002,0,1,1
15956,2.0,0,1,1
15957,1.2000000000000002,0,1,1
15958,0.4,3,0,0
15959,1.2000000000000002,0,1,1
15960,0.4,3,0,0
15961,1.2000000000000002,0,1,1
15962,1.2000000000000002,0,1,1
15963,0.4,3,0,0
15964,0.4,3,0,0
15965,0.4,3,0,0
15966,0.4,3,0,0
15967,1.2000000000000002,0,1,1
15968,1.2000000000000002,0,1,1
15969,0.4,3,0,0
15970,0.4,3,0,0
15971,0.4,3,0,0
15972,0.4,3,0,0
15973,2.0,0,1,1
15974,0.4,3,0,0
15975,1.2000000000000002,0,1,1
15976,0.4,3,0,0
15977,1.2000000000000002,0,0,1
15978,2.0,0,1,1
15979,1.2000000000000002,0,1,1
15980,0.4,3,0,0
15981,0.4,3,0,1
15982,0.4,3,0,0
15983,2.0,0,1,1
15984,1.2000000000000002,0,0,1
15985,0.4,3,0,0
15986,0.4,3,0,0
15987,0.4,3,0,0
15988,0.4,3,0,0
15989,0.4,3,0,0
15990,1.2000000000000002,0,1,0
15991,0.4,3,0,0
15992,0.4,3,0,0
15993,1.2000000000000002,0,1,1
15994,1.2000000000000002,0,1,1
15995,0.4,3,0,0
15996,1.2000000000000002,0,1,1
15997,2.0,0,1,1
15998,1.2000000000000002,0,1,1
15999,2.0,0,1,1
16000,1.2000000000000002,0,1,1
16001,0.4,3,0,0
16002,1.2000000000000002,0,1,0
16003,1.2000000000000002,0,1,1
16004,1.2000000000000002,0,1,1
16005,0.4,3,0,0
16006,1.2000000000000002,0,1,1
16007,0.4,3,0,0
16008,0.4,3,0,0
16009,0.4,3,0,0
16010,0.4,3,0,0
16011,0.4,3,0,0
16012,2.0,0,1,1
16013,0.4,3,0,0
16014,0.4,3,0,0
16015,1.2000000000000002,0,0,1
16016,1.2000000000000002,0,1,1
16017,2.0,0,0,1
16018,0.4,3,0,0
16019,1.2000000000000002,0,1,0
16020,0.4,3,0,0
16021,1.2000000000000002,0,1,1
16022,1.2000000000000002,0,0,1
16023,1.2000000000000002,0,1,1
16024,2.0,0,1,1
16025,1.2000000000000002,0,1,1
16026,2.0,0,1,1
16027,0.4,3,0,0
16028,1.2000000000000002,0,1,1
16029,1.2000000000000002,0,1,1
16030,0.4,3,0,0
16031,1.2000000000000002,0,1,1
16032,0.4,3,0,0
16033,0.4,3,0,0
16034,1.2000000000000002,0,0,1
16035,0.4,3,0,0
16036,1.2000000000000002,0,0,1
16037,0.4,3,0,0
16038,1.2000000000000002,0,1,1
16039,0.4,3,0,0
16040,1.2000000000000002,0,1,1
16041,1.2000000000000002,0,1,1
16042,0.4,3,0,0
16043,0.4,3,0,0
16044,0.4,3,0,0
16045,1.2000000000000002,0,1,1
16046,2.0,0,1,1
16047,1.2000000000000002,0,1,1
16048,2.0,0,1,1
16049,0.4,3,0,0
16050,1.2000000000000002,0,1,1
16051,0.4,3,0,0
16052,2.0,0,1,0
16053,0.4,3,0,0
16054,1.2000000000000002,0,1,0
16055,1.2000000000000002,0,1,1
16056,1.2000000000000002,0,1,0
16057,1.2000000000000002,3,0,0
16058,1.2000000000000002,0,1,0
16059,2.8,0,0,1
16060,0.4,3,0,0
16061,1.2000000000000002,0,1,0
16062,2.0,0,0,0
16063,0.4,3,0,0
16064,1.2000000000000002,0,1,1
16065,2.0,0,1,1
16066,1.2000000000000002,0,1,1
16067,1.2000000000000002,0,1,1
16068,1.2000000000000002,0,1,0
16069,0.4,3,0,0
16070,0.4,3,0,0
16071,1.2000000000000002,0,1,1
16072,0.4,3,0,0
16073,2.0,0,1,1
16074,1.2000000000000002,0,1,1
16075,0.4,3,0,0
16076,0.4,3,0,0
16077,1.2000000000000002,1,1,1
16078,2.0,0,1,1
16079,1.2000000000000002,0,1,1
16080,0.4,3,0,0
16081,1.2000000000000002,0,1,0
16082,1.2000000000000002,0,0,1
16083,0.4,3,0,0
16084,1.2000000000000002,0,1,1
16085,1.2000000000000002,0,1,1
16086,1.2000000000000002,0,0,1
16087,0.4,3,0,0
16088,0.4,3,0,0
16089,0.4,3,0,0
16090,2.0,0,1,1
16091,2.8,0,0,1
16092,2.0,0,1,1
16093,1.2000000000000002,0,1,1
16094,1.2000000000000002,0,0,1
16095,1.2000000000000002,0,1,1
16096,1.2000000000000002,0,1,1
16097,1.2000000000000002,0,1,1
16098,1.2000000000000002,0,1,1
16099,1.2000000000000002,0,1,1
16100,0.4,3,0,0
16101,1.2000000000000002,0,1,1
16102,2.0,0,1,1
16103,0.4,3,0,0
16104,0.4,3,0,0
16105,1.2000000000000002,0,1,1
16106,1.2000000000000002,0,1,1
16107,1.2000000000000002,0,1,1
16108,1.2000000000000002,0,1,1
16109,1.2000000000000002,0,1,1
16110,0.4,3,0,0
16111,1.2000000000000002,0,1,1
16112,1.2000000000000002,0,1,1
16113,1.2000000000000002,0,0,1
16114,1.2000000000000002,0,1,1
16115,0.4,3,0,0
16116,0.4,3,0,0
16117,1.2000000000000002,0,1,1
16118,0.4,3,0,0
16119,1.2000000000000002,0,1,1
16120,1.2000000000000002,3,0,0
16121,0.4,3,0,0
16122,0.4,3,0,0
16123,1.2000000000000002,0,0,1
16124,1.2000000000000002,0,1,1
16125,0.4,3,0,0
16126,2.0,0,0,1
16127,0.4,3,0,1
16128,1.2000000000000002,0,1,1
16129,1.2000000000000002,0,1,1
16130,1.2000000000000002,0,1,1
16131,1.2000000000000002,0,1,1
16132,0.4,3,0,0
16133,0.4,3,0,0
16134,1.2000000000000002,0,1,1
16135,0.4,3,0,0
16136,0.4,3,0,0
16137,1.2000000000000002,0,1,1
16138,0.4,3,0,0
16139,0.4,3,0,0
16140,1.2000000000000002,0,1,1
16141,0.4,3,0,0
16142,0.4,3,0,0
16143,2.8,0,1,1
16144,0.4,3,0,0
16145,1.2000000000000002,0,1,1
16146,2.0,0,0,1
16147,1.2000000000000002,0,1,1
16148,1.2000000000000002,0,1,1
16149,1.2000000000000002,0,1,1
16150,0.4,3,0,0
16151,0.4,3,0,0
16152,1.2000000000000002,0,1,1
16153,0.4,3,0,0
16154,0.4,3,0,0
16155,2.0,0,1,1
16156,0.4,3,0,0
16157,0.4,3,0,0
16158,1.2000000000000002,0,1,0
16159,1.2000000000000002,0,1,1
16160,1.2000000000000002,0,1,1
16161,1.2000000000000002,0,1,1
16162,0.4,3,0,0
16163,0.4,3,0,0
16164,0.4,3,0,0
16165,1.2000000000000002,0,1,0
16166,1.2000000000000002,0,1,1
16167,0.4,3,0,0
16168,1.2000000000000002,1,0,0
16169,1.2000000000000002,0,1,1
16170,0.4,3,0,0
16171,1.2000000000000002,0,1,0
16172,1.2000000000000002,0,1,1
16173,0.4,3,0,0
16174,2.0,0,1,1
16175,1.2000000000000002,0,1,1
16176,1.2000000000000002,0,1,1
16177,0.4,3,0,0
16178,0.4,3,0,0
16179,0.4,3,0,0
16180,1.2000000000000002,0,0,0
16181,1.2000000000000002,0,1,1
16182,1.2000000000000002,0,1,1
16183,1.2000000000000002,0,1,1
16184,0.4,3,0,0
16185,2.0,0,1,0
16186,0.4,3,0,0
16187,1.2000000000000002,3,0,0
16188,1.2000000000000002,0,1,1
16189,1.2000000000000002,0,0,1
16190,0.4,3,0,0
16191,0.4,3,0,0
16192,2.0,2,0,0
16193,0.4,3,0,0
16194,0.4,3,0,0
16195,1.2000000000000002,0,1,1
16196,1.2000000000000002,0,0,1
16197,1.2000000000000002,0,1,1
16198,1.2000000000000002,0,1,1
16199,1.2000000000000002,0,1,1
16200,0.4,3,0,0
16201,0.4,3,0,0
16202,0.4,3,0,0
16203,1.2000000000000002,0,1,1
16204,0.4,3,0,0
16205,0.4,3,0,0
16206,1.2000000000000002,0,0,1
16207,0.4,3,0,0
16208,0.4,3,0,0
16209,1.2000000000000002,0,0,1
16210,1.2000000000000002,0,1,1
16211,0.4,3,0,0
16212,1.2000000000000002,0,1,1
16213,0.4,3,0,0
16214,0.4,3,0,0
16215,0.4,3,0,0
16216,0.4,3,0,0
16217,1.2000000000000002,0,0,1
16218,1.2000000000000002,0,0,1
16219,1.2000000000000002,0,1,1
16220,0.4,3,0,0
16221,0.4,3,0,0
16222,1.2000000000000002,0,1,1
16223,0.4,3,0,0
16224,0.4,3,0,0
16225,0.4,3,0,0
16226,0.4,3,0,0
16227,0.4,3,0,0
16228,0.4,3,0,0
16229,1.2000000000000002,0,1,1
16230,0.4,3,0,0
16231,1.2000000000000002,0,1,1
16232,2.0,0,1,1
16233,1.2000000000000002,0,1,1
16234,1.2000000000000002,0,1,1
16235,2.0,0,1,1
16236,0.4,3,0,0
16237,1.2000000000000002,0,1,1
16238,2.0,0,1,1
16239,0.4,3,0,0
16240,1.2000000000000002,0,0,1
16241,0.4,3,0,0
16242,0.4,3,0,0
16243,1.2000000000000002,0,0,1
16244,0.4,3,0,0
16245,1.2000000000000002,0,1,1
16246,2.8,0,1,1
16247,0.4,3,0,0
16248,0.4,3,0,0
16249,1.2000000000000002,0,1,1
16250,0.4,3,0,0
16251,1.2000000000000002,0,1,1
16252,1.2000000000000002,0,1,1
16253,0.4,3,0,0
16254,2.0,0,1,0
16255,0.4,3,0,0
16256,0.4,3,0,0
16257,1.2000000000000002,0,1,1
16258,1.2000000000000002,0,1,1
16259,0.4,3,0,0
16260,0.4,3,0,0
16261,1.2000000000000002,0,1,1
16262,1.2000000000000002,0,0,1
16263,0.4,3,0,0
16264,1.2000000000000002,0,1,1
16265,0.4,3,0,0
16266,1.2000000000000002,0,1,1
16267,2.0,0,1,1
16268,0.4,3,0,0
16269,0.4,3,0,0
16270,0.4,3,0,0
16271,2.0,0,0,1
16272,1.2000000000000002,0,1,1
16273,0.4,3,0,0
16274,1.2000000000000002,0,1,1
16275,1.2000000000000002,0,0,1
16276,0.4,3,0,0
16277,1.2000000000000002,0,1,1
16278,0.4,3,0,0
16279,1.2000000000000002,0,0,1
16280,2.0,0,1,0
16281,1.2000000000000002,0,0,1
16282,2.0,0,1,1
16283,1.2000000000000002,0,1,0
16284,1.2000000000000002,0,1,0
16285,0.4,3,0,0
16286,1.2000000000000002,0,1,1
16287,0.4,3,0,0
16288,0.4,3,0,0
16289,0.4,3,0,0
16290,1.2000000000000002,0,1,0
16291,1.2000000000000002,0,1,0
16292,1.2000000000000002,0,1,1
16293,2.0,0,0,1
16294,1.2000000000000002,0,1,1
16295,1.2000000000000002,0,1,1
16296,1.2000000000000002,0,0,1
16297,1.2000000000000002,0,1,1
16298,0.4,3,0,0
16299,1.2000000000000002,0,1,1
16300,0.4,3,0,0
16301,0.4,3,0,0
16302,1.2000000000000002,0,1,1
16303,2.0,0,1,1
16304,0.4,3,0,0
16305,0.4,3,0,0
16306,1.2000000000000002,0,1,1
16307,0.4,3,0,0
16308,0.4,3,0,0
16309,0.4,3,0,0
16310,0.4,3,0,0
16311,0.4,3,0,0
16312,0.4,3,0,0
16313,1.2000000000000002,0,1,0
16314,1.2000000000000002,0,1,1
16315,1.2000000000000002,0,1,1
16316,1.2000000000000002,0,1,1
16317,0.4,3,0,0
16318,0.4,3,0,0
16319,0.4,3,0,0
16320,1.2000000000000002,0,1,1
16321,1.2000000000000002,0,1,0
16322,1.2000000000000002,0,1,1
16323,1.2000000000000002,0,0,1
16324,1.2000000000000002,0,1,1
16325,1.2000000000000002,0,1,0
16326,0.4,3,0,0
16327,2.8,0,1,1
16328,1.2000000000000002,0,1,1
16329,0.4,3,0,0
16330,1.2000000000000002,0,1,1
16331,1.2000000000000002,0,1,0
16332,1.2000000000000002,0,1,1
16333,1.2000000000000002,0,1,1
16334,1.2000000000000002,0,1,1
16335,1.2000000000000002,0,1,1
16336,1.2000000000000002,0,0,1
16337,1.2000000000000002,0,1,1
16338,0.4,3,0,0
16339,1.2000000000000002,0,1,1
16340,1.2000000000000002,0,0,0
16341,1.2000000000000002,0,0,0
16342,1.2000000000000002,0,1,1
16343,1.2000000000000002,0,1,1
16344,1.2000000000000002,0,1,1
16345,0.4,3,0,0
16346,0.4,3,0,0
16347,1.2000000000000002,0,1,1
16348,1.2000000000000002,0,1,0
16349,2.0,0,1,1
16350,2.0,0,1,1
16351,0.4,3,0,0
16352,1.2000000000000002,0,0,1
16353,1.2000000000000002,0,1,1
16354,1.2000000000000002,0,1,0
16355,0.4,3,0,0
16356,1.2000000000000002,0,1,1
16357,0.4,3,0,0
16358,2.0,0,1,0
16359,0.4,3,0,0
16360,0.4,3,0,0
16361,0.4,3,0,0
16362,0.4,3,0,0
16363,0.4,3,0,0
16364,0.4,3,0,0
16365,1.2000000000000002,0,1,1
16366,1.2000000000000002,0,1,0
16367,2.0,0,1,1
16368,0.4,3,0,0
16369,1.2000000000000002,0,1,1
16370,0.4,3,0,0
16371,0.4,3,0,0
16372,1.2000000000000002,0,1,0
16373,2.0,0,1,1
16374,0.4,3,0,0
16375,0.4,3,0,0
16376,0.4,3,0,0
16377,1.2000000000000002,0,1,1
16378,2.0,0,0,1
16379,1.2000000000000002,0,1,1
16380,2.0,0,1,1
16381,0.4,3,0,0
16382,1.2000000000000002,0,1,1
16383,1.2000000000000002,0,1,1
16384,0.4,3,0,0
16385,0.4,3,0,0
16386,2.0,0,1,1
16387,0.4,3,0,0
16388,1.2000000000000002,0,1,1
16389,2.0,0,1,1
16390,1.2000000000000002,0,1,1
16391,1.2000000000000002,0,1,1
16392,0.4,3,0,0
16393,2.0,0,1,1
16394,1.2000000000000002,0,1,1
16395,0.4,3,0,0
16396,0.4,3,0,0
16397,1.2000000000000002,0,1,1
16398,1.2000000000000002,0,1,1
16399,1.2000000000000002,0,1,1
16400,1.2000000000000002,0,1,1
16401,1.2000000000000002,0,1,1
16402,0.4,3,0,0
16403,2.8,0,1,1
16404,1.2000000000000002,0,1,1
16405,1.2000000000000002,0,1,1
16406,2.0,0,1,1
16407,1.2000000000000002,0,1,1
16408,0.4,3,0,0
16409,0.4,3,0,0
16410,1.2000000000000002,0,1,1
16411,1.2000000000000002,0,0,1
16412,1.2000000000000002,3,0,1
16413,1.2000000000000002,0,1,1
16414,1.2000000000000002,0,1,1
16415,0.4,3,0,0
16416,1.2000000000000002,0,1,1
16417,0.4,3,0,1
16418,1.2000000000000002,0,1,1
16419,1.2000000000000002,0,1,0
16420,0.4,3,0,0
16421,2.0,0,1,0
16422,0.4,3,0,0
16423,1.2000000000000002,0,0,1
16424,1.2000000000000002,0,1,1
16425,2.8,0,0,1
16426,1.2000000000000002,0,1,0
16427,2.0,0,1,0
16428,1.2000000000000002,0,1,1
16429,0.4,3,0,0
16430,0.4,3,0,0
16431,1.2000000000000002,0,1,1
16432,0.4,3,0,0
16433,1.2000000000000002,0,1,0
16434,0.4,3,0,0
16435,2.0,0,1,1
16436,0.4,3,0,0
16437,1.2000000000000002,0,1,1
16438,2.0,0,1,1
16439,1.2000000000000002,0,1,1
16440,0.4,3,0,0
16441,1.2000000000000002,0,1,1
16442,1.2000000000000002,0,0,1
16443,1.2000000000000002,0,1,1
16444,0.4,3,0,0
16445,1.2000000000000002,0,1,1
16446,0.4,3,0,0
16447,0.4,3,0,0
16448,1.2000000000000002,0,1,1
16449,1.2000000000000002,0,1,0
16450,1.2000000000000002,0,1,0
16451,1.2000000000000002,0,1,1
16452,1.2000000000000002,0,1,1
16453,1.2000000000000002,0,0,1
16454,0.4,3,0,0
16455,0.4,3,0,0
16456,2.0,0,1,1
16457,1.2000000000000002,0,1,1
16458,1.2000000000000002,0,1,1
16459,0.4,3,0,0
16460,0.4,3,0,0
16461,1.2000000000000002,0,1,1
16462,1.2000000000000002,0,1,1
16463,0.4,3,0,0
16464,2.0,0,1,0
16465,1.2000000000000002,1,0,0
16466,2.0,0,0,1
16467,1.2000000000000002,0,1,1
16468,1.2000000000000002,0,0,1
16469,1.2000000000000002,0,1,1
16470,0.4,3,0,0
16471,1.2000000000000002,0,1,1
16472,0.4,3,0,0
16473,0.4,3,0,1
16474,1.2000000000000002,0,1,0
16475,0.4,3,0,1
16476,0.4,3,0,0
16477,0.4,3,0,0
16478,1.2000000000000002,0,1,1
16479,0.4,3,0,0
16480,1.2000000000000002,0,1,1
16481,0.4,3,0,0
16482,0.4,3,0,0
16483,0.4,3,0,0
16484,1.2000000000000002,3,0,0
16485,0.4,3,0,1
16486,1.2000000000000002,0,1,1
16487,1.2000000000000002,0,1,1
16488,1.2000000000000002,0,1,1
16489,1.2000000000000002,0,1,1
16490,1.2000000000000002,0,1,1
16491,0.4,3,0,0
16492,0.4,3,0,0
16493,0.4,3,0,0
16494,0.4,3,0,0
16495,1.2000000000000002,0,1,1
16496,1.2000000000000002,1,0,0
16497,0.4,3,0,0
16498,0.4,3,0,0
16499,0.4,3,0,0
16500,2.8,0,1,1
16501,1.2000000000000002,0,1,1
16502,2.0,0,1,1
16503,2.0,0,1,1
16504,1.2000000000000002,0,1,1
16505,2.8,0,1,1
16506,0.4,3,0,0
16507,1.2000000000000002,0,1,1
16508,2.0,0,1,0
16509,0.4,3,0,0
16510,1.2000000000000002,0,0,1
16511,0.4,3,0,0
16512,0.4,3,0,0
16513,1.2000000000000002,0,1,1
16514,0.4,3,0,0
16515,1.2000000000000002,0,1,1
16516,1.2000000000000002,0,1,0
16517,0.4,3,0,0
16518,2.0,0,1,1
16519,1.2000000000000002,0,1,1
16520,1.2000000000000002,0,0,1
16521,2.0,0,1,0
16522,0.4,3,0,0
16523,1.2000000000000002,0,1,1
16524,0.4,3,0,0
16525,0.4,3,0,0
16526,1.2000000000000002,0,0,1
16527,1.2000000000000002,0,1,0
16528,1.2000000000000002,0,1,0
16529,2.0,0,1,1
16530,1.2000000000000002,0,1,1
16531,1.2000000000000002,0,1,1
16532,1.2000000000000002,0,0,1
16533,0.4,3,0,0
16534,2.0,0,1,1
16535,1.2000000000000002,0,1,1
16536,2.0,0,1,0
16537,1.2000000000000002,0,1,1
16538,0.4,3,0,0
16539,0.4,3,0,0
16540,0.4,3,0,0
16541,0.4,3,0,0
16542,1.2000000000000002,0,1,1
16543,0.4,3,0,0
16544,0.4,3,0,0
16545,0.4,3,0,0
16546,0.4,3,0,0
16547,1.2000000000000002,0,1,1
16548,2.0,0,1,1
16549,0.4,3,0,0
16550,1.2000000000000002,0,0,1
16551,1.2000000000000002,0,1,1
16552,0.4,3,0,0
16553,1.2000000000000002,0,1,1
16554,0.4,3,0,0
16555,2.0,0,1,1
16556,1.2000000000000002,0,0,1
16557,0.4,3,0,1
16558,2.0,0,1,0
16559,1.2000000000000002,0,1,1
16560,1.2000000000000002,0,1,1
16561,0.4,3,0,0
16562,1.2000000000000002,0,1,1
16563,0.4,3,0,0
16564,1.2000000000000002,0,1,1
16565,1.2000000000000002,0,1,1
16566,1.2000000000000002,0,1,1
16567,1.2000000000000002,0,1,0
16568,1.2000000000000002,0,1,1
16569,0.4,3,0,0
16570,1.2000000000000002,0,1,1
16571,0.4,3,0,0
16572,1.2000000000000002,0,1,1
16573,1.2000000000000002,0,1,1
16574,2.0,0,0,1
16575,0.4,3,0,0
16576,0.4,3,0,0
16577,0.4,3,0,0
16578,1.2000000000000002,0,1,0
16579,1.2000000000000002,0,1,1
16580,0.4,3,0,1
16581,0.4,3,0,0
16582,1.2000000000000002,0,1,1
16583,1.2000000000000002,0,1,1
16584,1.2000000000000002,0,1,1
16585,0.4,3,0,0
16586,0.4,3,0,0
16587,1.2000000000000002,0,1,0
16588,0.4,3,0,0
16589,1.2000000000000002,0,1,0
16590,0.4,3,0,0
16591,1.2000000000000002,0,1,1
16592,1.2000000000000002,0,1,1
16593,1.2000000000000002,0,1,1
16594,2.0,0,1,1
16595,2.0,0,1,1
16596,2.0,0,1,1
16597,0.4,3,0,0
16598,2.0,0,0,1
16599,0.4,3,0,0
16600,2.0,0,1,1
16601,0.4,3,0,0
16602,0.4,3,0,0
16603,1.2000000000000002,0,1,1
16604,1.2000000000000002,0,1,1
16605,1.2000000000000002,0,1,1
16606,2.0,0,1,1
16607,0.4,3,0,0
16608,2.0,0,1,1
16609,0.4,3,0,0
16610,1.2000000000000002,0,1,1
16611,1.2000000000000002,0,1,1
16612,0.4,3,0,0
16613,1.2000000000000002,0,1,1
16614,0.4,3,0,0
16615,1.2000000000000002,0,0,1
16616,0.4,3,0,0
16617,1.2000000000000002,0,1,1
16618,1.2000000000000002,0,1,1
16619,1.2000000000000002,0,1,1
16620,1.2000000000000002,0,1,1
16621,1.2000000000000002,0,1,0
16622,0.4,3,0,0
16623,2.0,0,1,1
16624,0.4,3,0,0
16625,1.2000000000000002,0,1,1
16626,1.2000000000000002,0,0,1
16627,1.2000000000000002,0,1,1
16628,1.2000000000000002,0,1,1
16629,0.4,3,0,0
16630,0.4,3,0,0
16631,1.2000000000000002,0,0,0
16632,1.2000000000000002,0,1,1
16633,1.2000000000000002,0,1,1
16634,1.2000000000000002,0,0,1
16635,1.2000000000000002,0,1,1
16636,2.8,0,1,1
16637,0.4,3,0,0
16638,1.2000000000000002,0,1,1
16639,1.2000000000000002,0,1,0
16640,1.2000000000000002,0,1,1
16641,0.4,3,0,0
16642,0.4,3,0,0
16643,2.0,0,1,1
16644,1.2000000000000002,0,1,1
16645,1.2000000000000002,0,1,1
16646,1.2000000000000002,0,1,1
16647,1.2000000000000002,0,1,0
16648,1.2000000000000002,0,1,0
16649,1.2000000000000002,0,1,1
16650,0.4,3,0,0
16651,0.4,3,0,0
16652,1.2000000000000002,1,0,1
16653,1.2000000000000002,0,1,1
16654,2.0,0,1,1
16655,1.2000000000000002,0,1,1
16656,0.4,3,0,0
16657,0.4,3,0,0
16658,0.4,3,0,0
16659,0.4,3,0,0
16660,0.4,3,0,0
16661,0.4,3,0,0
16662,1.2000000000000002,0,1,1
16663,2.8,0,1,1
16664,1.2000000000000002,0,1,0
16665,0.4,3,0,0
16666,0.4,3,0,0
16667,1.2000000000000002,0,1,1
16668,1.2000000000000002,0,1,1
16669,0.4,3,0,0
16670,1.2000000000000002,0,1,1
16671,0.4,3,0,0
16672,0.4,3,0,0
16673,0.4,3,0,0
16674,1.2000000000000002,0,1,1
16675,0.4,3,0,0
16676,0.4,3,0,0
16677,1.2000000000000002,0,1,1
16678,1.2000000000000002,0,1,1
16679,2.0,0,0,0
16680,1.2000000000000002,0,1,1
16681,1.2000000000000002,0,1,1
16682,0.4,3,0,0
16683,0.4,3,0,0
16684,0.4,0,1,1
16685,2.0,0,0,1
16686,2.0,0,1,0
16687,0.4,3,0,0
16688,0.4,3,0,0
16689,1.2000000000000002,0,1,1
16690,1.2000000000000002,0,1,0
16691,2.0,0,1,0
16692,1.2000000000000002,0,1,0
16693,0.4,3,0,0
16694,1.2000000000000002,0,1,0
16695,0.4,3,0,0
16696,1.2000000000000002,0,1,1
16697,0.4,3,0,0
16698,0.4,3,0,0
16699,0.4,3,0,0
16700,1.2000000000000002,0,1,1
16701,1.2000000000000002,0,1,1
16702,0.4,3,0,0
16703,1.2000000000000002,0,1,1
16704,1.2000000000000002,0,1,1
16705,2.0,0,1,1
16706,1.2000000000000002,0,1,0
16707,1.2000000000000002,0,1,1
16708,1.2000000000000002,0,1,1
16709,0.4,3,0,0
16710,1.2000000000000002,0,1,1
16711,0.4,3,0,0
16712,1.2000000000000002,0,1,1
16713,1.2000000000000002,0,1,1
16714,1.2000000000000002,0,1,1
16715,0.4,3,0,0
16716,0.4,3,0,0
16717,1.2000000000000002,0,1,1
16718,1.2000000000000002,0,1,0
16719,2.0,0,1,1
16720,0.4,3,0,0
16721,1.2000000000000002,0,0,1
16722,1.2000000000000002,0,1,1
16723,2.0,0,1,1
16724,1.2000000000000002,0,1,1
16725,0.4,3,0,0
16726,1.2000000000000002,0,1,1
16727,0.4,3,0,0
16728,1.2000000000000002,0,1,1
16729,1.2000000000000002,0,1,1
16730,0.4,3,0,0
16731,1.2000000000000002,0,1,0
16732,0.4,3,0,0
16733,1.2000000000000002,0,1,1
16734,1.2000000000000002,0,1,1
16735,0.4,3,0,0
16736,0.4,3,0,0
16737,0.4,3,0,0
16738,0.4,3,0,0
16739,1.2000000000000002,0,0,1
16740,0.4,3,0,0
16741,1.2000000000000002,0,0,1
16742,0.4,3,0,0
16743,0.4,3,0,0
16744,1.2000000000000002,0,0,1
16745,1.2000000000000002,0,1,1
16746,0.4,3,0,0
16747,1.2000000000000002,0,1,1
16748,0.4,3,0,0
16749,0.4,3,0,1
16750,0.4,3,0,0
16751,0.4,3,0,0
16752,0.4,3,0,0
16753,1.2000000000000002,1,0,1
16754,1.2000000000000002,0,0,1
16755,1.2000000000000002,0,1,1
16756,0.4,3,0,0
16757,1.2000000000000002,0,1,1
16758,2.0,0,1,1
16759,1.2000000000000002,0,1,1
16760,1.2000000000000002,3,0,0
16761,1.2000000000000002,0,1,0
16762,1.2000000000000002,0,1,1
16763,2.0,0,1,1
16764,1.2000000000000002,0,1,1
16765,1.2000000000000002,0,1,0
16766,1.2000000000000002,0,0,1
16767,2.0,0,1,1
16768,0.4,3,0,0
16769,1.2000000000000002,0,1,0
16770,0.4,3,0,0
16771,0.4,3,0,0
16772,1.2000000000000002,0,0,1
16773,0.4,3,0,0
16774,2.8,0,1,1
16775,0.4,3,0,1
16776,1.2000000000000002,0,1,1
16777,2.0,0,1,1
16778,1.2000000000000002,0,1,1
16779,0.4,3,0,0
16780,1.2000000000000002,0,0,1
16781,0.4,3,0,0
16782,1.2000000000000002,0,0,1
16783,1.2000000000000002,0,1,1
16784,1.2000000000000002,0,1,1
16785,0.4,3,0,0
16786,0.4,3,0,1
16787,1.2000000000000002,0,0,1
16788,0.4,3,0,0
16789,0.4,3,0,0
16790,0.4,3,0,0
16791,1.2000000000000002,0,1,1
16792,0.4,3,0,0
16793,1.2000000000000002,0,1,0
16794,1.2000000000000002,0,1,1
16795,0.4,3,0,0
16796,0.4,3,0,0
16797,1.2000000000000002,0,1,1
16798,1.2000000000000002,0,1,1
16799,1.2000000000000002,0,1,1
16800,1.2000000000000002,0,1,1
16801,2.0,0,0,1
16802,2.0,0,1,1
16803,0.4,3,0,0
16804,0.4,3,0,1
16805,0.4,3,0,0
16806,0.4,3,0,0
16807,0.4,3,0,0
16808,1.2000000000000002,0,1,1
16809,0.4,3,0,0
16810,0.4,3,0,0
16811,0.4,3,0,0
16812,0.4,3,0,0
16813,0.4,3,0,0
16814,2.0,0,1,1
16815,1.2000000000000002,0,1,1
16816,1.2000000000000002,0,1,1
16817,1.2000000000000002,0,0,1
16818,0.4,3,0,0
16819,2.0,0,1,1
16820,1.2000000000000002,0,1,1
16821,0.4,3,0,0
16822,0.4,3,0,0
16823,0.4,3,0,0
16824,2.0,0,1,1
16825,1.2000000000000002,0,1,1
16826,1.2000000000000002,0,1,1
16827,0.4,3,0,1
16828,0.4,3,0,0
16829,2.0,0,1,1
16830,0.4,3,0,0
16831,1.2000000000000002,0,1,1
16832,0.4,3,0,0
16833,0.4,3,0,0
16834,1.2000000000000002,0,1,1
16835,2.0,0,1,1
16836,1.2000000000000002,0,1,1
16837,1.2000000000000002,0,1,1
16838,1.2000000000000002,0,1,1
16839,1.2000000000000002,0,1,1
16840,2.0,0,1,0
16841,1.2000000000000002,0,1,1
16842,1.2000000000000002,0,0,1
16843,1.2000000000000002,0,1,1
16844,1.2000000000000002,0,1,0
16845,1.2000000000000002,0,1,1
16846,1.2000000000000002,0,1,1
16847,0.4,3,0,0
16848,1.2000000000000002,0,1,1
16849,2.0,0,0,1
16850,1.2000000000000002,0,1,1
16851,0.4,3,0,0
16852,0.4,3,0,1
16853,0.4,3,0,0
16854,1.2000000000000002,0,1,1
16855,0.4,3,0,0
16856,0.4,3,0,0
16857,1.2000000000000002,0,1,1
16858,0.4,3,0,0
16859,0.4,3,0,1
16860,0.4,3,0,0
16861,0.4,3,0,0
16862,1.2000000000000002,0,1,1
16863,1.2000000000000002,0,1,1
16864,0.4,3,0,0
16865,1.2000000000000002,0,0,1
16866,2.0,0,1,0
16867,1.2000000000000002,0,1,1
16868,0.4,3,0,0
16869,1.2000000000000002,0,1,0
16870,1.2000000000000002,0,1,0
16871,1.2000000000000002,0,1,1
16872,0.4,3,0,0
16873,1.2000000000000002,3,0,0
16874,1.2000000000000002,0,1,1
16875,2.0,0,1,1
16876,1.2000000000000002,0,1,1
16877,1.2000000000000002,0,1,1
16878,0.4,3,0,0
16879,2.8,0,1,1
16880,2.0,0,1,1
16881,0.4,3,0,0
16882,0.4,3,0,0
16883,1.2000000000000002,0,0,1
16884,0.4,3,0,0
16885,1.2000000000000002,3,0,0
16886,1.2000000000000002,0,1,1
16887,0.4,3,0,0
16888,1.2000000000000002,0,1,1
16889,0.4,3,0,0
16890,0.4,3,0,0
16891,0.4,3,0,0
16892,0.4,3,0,0
16893,0.4,3,0,0
16894,0.4,3,0,0
16895,0.4,3,0,0
16896,1.2000000000000002,0,0,0
16897,1.2000000000000002,1,1,1
16898,1.2000000000000002,0,1,1
16899,1.2000000000000002,0,0,1
16900,1.2000000000000002,0,1,1
16901,0.4,3,0,0
16902,0.4,3,0,0
16903,1.2000000000000002,0,1,1
16904,1.2000000000000002,0,1,1
16905,0.4,3,0,0
16906,1.2000000000000002,0,1,0
16907,1.2000000000000002,0,0,1
16908,1.2000000000000002,0,1,1
16909,0.4,3,0,0
16910,1.2000000000000002,0,1,1
16911,0.4,3,0,0
16912,0.4,3,0,0
16913,0.4,3,0,0
16914,0.4,3,0,0
16915,1.2000000000000002,3,0,0
16916,1.2000000000000002,0,0,0
16917,1.2000000000000002,2,0,0
16918,1.2000000000000002,0,1,1
16919,0.4,3,0,0
16920,2.0,0,1,0
16921,1.2000000000000002,0,1,1
16922,0.4,3,0,0
16923,1.2000000000000002,3,0,0
16924,0.4,3,0,0
16925,1.2000000000000002,0,1,0
16926,0.4,3,0,0
16927,1.2000000000000002,0,1,1
16928,2.0,0,1,1
16929,0.4,3,0,0
16930,1.2000000000000002,0,0,1
16931,0.4,3,0,0
16932,1.2000000000000002,0,1,1
16933,1.2000000000000002,0,1,1
16934,1.2000000000000002,0,1,0
16935,1.2000000000000002,0,1,1
16936,1.2000000000000002,0,0,1
16937,2.0,0,0,1
16938,1.2000000000000002,0,1,1
16939,1.2000000000000002,0,1,1
16940,0.4,3,0,0
16941,2.0,0,0,1
16942,1.2000000000000002,0,1,1
16943,2.0,0,1,1
16944,1.2000000000000002,0,1,1
16945,2.0,0,1,1
16946,0.4,3,0,0
16947,1.2000000000000002,0,1,1
16948,0.4,3,0,0
16949,2.0,0,0,1
16950,0.4,3,0,0
16951,0.4,3,0,0
16952,0.4,3,0,1
16953,0.4,3,0,0
16954,1.2000000000000002,0,1,1
16955,1.2000000000000002,0,1,0
16956,0.4,3,0,0
16957,1.2000000000000002,0,0,1
16958,0.4,3,0,0
16959,0.4,3,0,0
16960,1.2000000000000002,0,1,1
16961,0.4,3,0,0
16962,1.2000000000000002,0,1,0
16963,0.4,3,0,0
16964,2.0,0,1,1
16965,1.2000000000000002,0,0,1
16966,0.4,3,0,0
16967,1.2000000000000002,0,1,1
16968,1.2000000000000002,0,0,1
16969,1.2000000000000002,0,1,0
16970,0.4,3,0,0
16971,1.2000000000000002,0,1,1
16972,1.2000000000000002,0,1,1
16973,0.4,3,0,0
16974,1.2000000000000002,0,1,0
16975,0.4,3,0,0
16976,0.4,3,0,0
16977,2.0,0,1,1
16978,1.2000000000000002,0,1,1
16979,1.2000000000000002,0,1,1
16980,2.0,0,1,1
16981,0.4,3,0,0
16982,0.4,3,0,0
16983,0.4,3,0,0
16984,1.2000000000000002,0,1,1
16985,0.4,3,0,0
16986,1.2000000000000002,0,1,1
16987,1.2000000000000002,0,1,1
16988,0.4,3,0,0
16989,0.4,3,0,0
16990,1.2000000000000002,0,1,1
16991,0.4,3,0,0
16992,0.4,3,0,0
16993,0.4,3,0,0
16994,0.4,3,0,0
16995,1.2000000000000002,0,1,1
16996,0.4,3,0,0
16997,1.2000000000000002,0,1,1
16998,1.2000000000000002,0,1,1
16999,0.4,3,0,0
17000,2.0,0,1,1
17001,1.2000000000000002,0,1,1
17002,1.2000000000000002,0,1,0
17003,1.2000000000000002,0,1,1
17004,1.2000000000000002,0,1,1
17005,1.2000000000000002,0,0,1
17006,0.4,3,0,0
17007,1.2000000000000002,0,1,1
17008,0.4,3,0,0
17009,1.2000000000000002,0,0,1
17010,1.2000000000000002,0,1,1
17011,0.4,3,0,0
17012,0.4,3,0,0
17013,0.4,3,0,0
17014,0.4,3,0,0
17015,1.2000000000000002,0,1,1
17016,1.2000000000000002,0,1,1
17017,1.2000000000000002,0,0,1
17018,2.0,0,1,1
17019,1.2000000000000002,0,1,0
17020,2.0,0,1,1
17021,0.4,3,0,0
17022,0.4,3,0,0
17023,1.2000000000000002,0,1,1
17024,1.2000000000000002,0,1,1
17025,0.4,3,0,0
17026,2.0,0,1,1
17027,0.4,3,0,0
17028,0.4,3,0,0
17029,2.0,0,1,1
17030,1.2000000000000002,0,1,1
17031,0.4,3,0,0
17032,2.8,0,1,1
17033,1.2000000000000002,0,1,1
17034,0.4,3,0,0
17035,1.2000000000000002,0,1,1
17036,1.2000000000000002,0,1,1
17037,2.0,0,1,1
17038,0.4,3,0,1
17039,1.2000000000000002,0,1,1
17040,1.2000000000000002,0,1,1
17041,0.4,3,0,0
17042,1.2000000000000002,0,1,1
17043,1.2000000000000002,0,1,1
17044,1.2000000000000002,0,1,1
17045,1.2000000000000002,0,1,1
17046,0.4,3,0,0
17047,1.2000000000000002,0,1,1
17048,1.2000000000000002,0,1,1
17049,1.2000000000000002,0,1,1
17050,0.4,3,0,0
17051,0.4,3,0,0
17052,0.4,3,0,0
17053,0.4,3,0,0
17054,2.8,0,1,0
17055,0.4,3,0,0
17056,0.4,3,0,0
17057,0.4,3,0,0
17058,1.2000000000000002,0,0,0
17059,2.0,0,1,1
17060,2.0,0,1,1
17061,1.2000000000000002,0,1,0
17062,0.4,3,0,0
17063,1.2000000000000002,3,0,0
17064,1.2000000000000002,0,1,1
17065,1.2000000000000002,0,1,1
17066,1.2000000000000002,0,1,1
17067,1.2000000000000002,0,1,1
17068,1.2000000000000002,0,0,1
17069,0.4,3,0,0
17070,2.0,0,1,1
17071,0.4,3,0,0
17072,1.2000000000000002,0,1,1
17073,0.4,3,0,0
17074,0.4,3,0,0
17075,1.2000000000000002,0,1,1
17076,0.4,3,0,0
17077,1.2000000000000002,0,1,1
17078,0.4,3,0,0
17079,1.2000000000000002,0,1,1
17080,1.2000000000000002,0,1,1
17081,2.0,0,1,1
17082,0.4,3,0,0
17083,0.4,3,0,0
17084,0.4,3,0,0
17085,1.2000000000000002,0,1,1
17086,0.4,3,0,0
17087,1.2000000000000002,0,1,1
17088,0.4,3,0,0
17089,0.4,3,0,0
17090,0.4,3,0,0
17091,1.2000000000000002,0,1,1
17092,2.0,0,1,1
17093,0.4,3,0,0
17094,0.4,3,0,1
17095,1.2000000000000002,0,0,1
17096,1.2000000000000002,0,1,1
17097,0.4,3,0,0
17098,1.2000000000000002,0,1,1
17099,0.4,3,0,0
17100,0.4,3,0,0
17101,0.4,3,0,0
17102,1.2000000000000002,0,1,1
17103,1.2000000000000002,0,1,1
17104,0.4,3,0,0
17105,2.0,0,1,0
17106,1.2000000000000002,0,1,1
17107,0.4,3,0,0
17108,1.2000000000000002,0,1,1
17109,0.4,3,0,0
17110,1.2000000000000002,0,1,1
17111,0.4,3,0,0
17112,2.0,0,1,1
17113,1.2000000000000002,0,1,0
17114,0.4,3,0,0
17115,0.4,3,0,0
17116,0.4,3,0,0
17117,0.4,3,0,0
17118,1.2000000000000002,0,1,0
17119,2.8,0,1,1
17120,0.4,3,0,0
17121,2.0,0,0,1
17122,0.4,3,0,0
17123,0.4,3,0,0
17124,0.4,3,0,0
17125,2.0,0,1,1
17126,1.2000000000000002,0,1,1
17127,1.2000000000000002,0,0,1
17128,1.2000000000000002,0,1,1
17129,1.2000000000000002,0,1,1
17130,0.4,3,0,0
17131,1.2000000000000002,0,0,1
17132,2.8,0,1,1
17133,2.0,0,1,1
17134,2.0,0,0,1
17135,1.2000000000000002,0,0,1
17136,1.2000000000000002,0,1,1
17137,1.2000000000000002,0,0,1
17138,0.4,3,0,0
17139,1.2000000000000002,0,1,1
17140,1.2000000000000002,3,0,0
17141,1.2000000000000002,0,1,1
17142,0.4,3,0,0
17143,0.4,3,0,0
17144,0.4,3,0,0
17145,1.2000000000000002,0,1,1
17146,2.0,0,1,1
17147,1.2000000000000002,0,1,1
17148,0.4,3,0,0
17149,1.2000000000000002,0,1,1
17150,2.0,0,0,1
17151,0.4,3,0,0
17152,1.2000000000000002,0,1,0
17153,1.2000000000000002,0,1,1
17154,0.4,3,0,0
17155,1.2000000000000002,0,1,1
17156,1.2000000000000002,0,1,0
17157,1.2000000000000002,0,0,1
17158,0.4,3,0,0
17159,0.4,3,0,0
17160,0.4,3,0,0
17161,1.2000000000000002,0,1,1
17162,0.4,3,0,0
17163,0.4,3,0,0
17164,0.4,3,0,0
17165,0.4,3,0,0
17166,0.4,3,0,0
17167,1.2000000000000002,0,1,1
17168,0.4,3,0,0
17169,0.4,3,0,0
17170,1.2000000000000002,0,0,1
17171,0.4,3,0,0
17172,2.0,0,1,1
17173,0.4,3,0,0
17174,0.4,3,0,0
17175,0.4,3,0,0
17176,1.2000000000000002,0,1,1
17177,1.2000000000000002,0,1,1
17178,1.2000000000000002,0,1,1
17179,0.4,3,0,0
17180,0.4,3,0,0
17181,1.2000000000000002,0,1,1
17182,1.2000000000000002,0,1,1
17183,0.4,3,0,0
17184,1.2000000000000002,0,1,1
17185,0.4,3,0,0
17186,0.4,3,0,0
17187,1.2000000000000002,0,1,0
17188,0.4,3,0,0
17189,1.2000000000000002,0,1,1
17190,0.4,3,0,0
17191,2.0,0,1,1
17192,0.4,3,0,0
17193,1.2000000000000002,0,0,1
17194,0.4,3,0,0
17195,1.2000000000000002,0,0,1
17196,0.4,3,0,0
17197,0.4,3,0,1
17198,2.0,0,1,1
17199,1.2000000000000002,0,0,1
17200,0.4,3,0,0
17201,1.2000000000000002,0,1,1
17202,1.2000000000000002,0,1,1
17203,1.2000000000000002,2,0,0
17204,0.4,3,0,0
17205,0.4,3,0,0
17206,1.2000000000000002,0,1,1
17207,1.2000000000000002,0,1,1
17208,2.0,0,1,0
17209,0.4,3,0,0
17210,0.4,3,0,0
17211,1.2000000000000002,0,1,1
17212,0.4,3,0,0
17213,1.2000000000000002,0,1,1
17214,0.4,3,0,0
17215,1.2000000000000002,0,1,1
17216,2.0,0,1,1
17217,1.2000000000000002,0,1,1
17218,1.2000000000000002,0,1,1
17219,1.2000000000000002,0,1,1
17220,1.2000000000000002,0,1,1
17221,1.2000000000000002,0,1,1
17222,1.2000000000000002,0,1,1
17223,0.4,3,0,0
17224,1.2000000000000002,0,1,0
17225,1.2000000000000002,0,1,0
17226,0.4,3,0,0
17227,0.4,3,0,0
17228,1.2000000000000002,0,1,1
17229,0.4,3,0,0
17230,0.4,3,0,0
17231,0.4,3,0,0
17232,2.0,0,1,1
17233,0.4,3,0,0
17234,0.4,3,0,0
17235,0.4,3,0,0
17236,1.2000000000000002,0,1,1
17237,0.4,3,0,0
17238,2.0,0,0,0
17239,0.4,3,0,0
17240,1.2000000000000002,0,1,1
17241,0.4,3,0,0
17242,0.4,3,0,0
17243,0.4,3,0,0
17244,1.2000000000000002,0,1,1
17245,1.2000000000000002,0,1,1
17246,0.4,3,0,0
17247,0.4,3,0,0
17248,0.4,3,0,0
17249,0.4,3,0,0
17250,0.4,3,0,0
17251,2.0,0,1,1
17252,2.0,0,1,1
17253,0.4,3,0,0
17254,2.0,0,1,1
17255,1.2000000000000002,0,1,1
17256,1.2000000000000002,0,0,0
17257,1.2000000000000002,0,1,1
17258,0.4,3,0,0
17259,1.2000000000000002,0,1,1
17260,2.0,0,1,1
17261,0.4,3,0,0
17262,0.4,3,0,0
17263,0.4,3,0,0
17264,1.2000000000000002,0,1,1
17265,2.0,0,1,1
17266,0.4,3,0,0
17267,1.2000000000000002,0,1,1
17268,1.2000000000000002,0,0,1
17269,0.4,3,0,0
17270,0.4,3,0,1
17271,0.4,3,0,0
17272,1.2000000000000002,0,1,1
17273,1.2000000000000002,0,1,0
17274,2.0,0,1,1
17275,0.4,3,0,0
17276,1.2000000000000002,0,1,1
17277,0.4,3,0,0
17278,0.4,3,0,0
17279,1.2000000000000002,0,1,1
17280,0.4,3,0,1
17281,1.2000000000000002,0,0,1
17282,0.4,3,0,0
17283,1.2000000000000002,0,1,1
17284,1.2000000000000002,3,0,0
17285,1.2000000000000002,0,1,1
17286,0.4,3,0,0
17287,2.0,0,1,1
17288,1.2000000000000002,0,1,1
17289,1.2000000000000002,0,1,1
17290,0.4,3,0,0
17291,0.4,3,0,0
17292,1.2000000000000002,0,1,1
17293,1.2000000000000002,0,1,1
17294,0.4,3,0,1
17295,0.4,3,0,0
17296,0.4,3,0,0
17297,0.4,3,0,0
17298,1.2000000000000002,0,1,1
17299,0.4,3,0,0
17300,0.4,3,0,0
17301,0.4,3,0,0
17302,1.2000000000000002,0,1,1
17303,2.0,0,1,1
17304,0.4,3,0,0
17305,1.2000000000000002,0,1,0
17306,1.2000000000000002,0,1,1
17307,0.4,3,0,0
17308,0.4,3,0,0
17309,1.2000000000000002,0,1,1
17310,1.2000000000000002,0,1,1
17311,1.2000000000000002,0,1,1
17312,1.2000000000000002,0,1,1
17313,1.2000000000000002,0,1,1
17314,1.2000000000000002,0,1,1
17315,1.2000000000000002,0,1,1
17316,1.2000000000000002,0,1,0
17317,1.2000000000000002,0,0,1
17318,0.4,3,0,0
17319,1.2000000000000002,0,0,1
17320,0.4,3,0,1
17321,1.2000000000000002,0,1,1
17322,0.4,3,0,0
17323,0.4,3,0,0
17324,0.4,3,0,0
17325,1.2000000000000002,0,1,1
17326,1.2000000000000002,0,1,1
17327,1.2000000000000002,0,1,1
17328,0.4,3,0,0
17329,0.4,3,0,0
17330,0.4,3,0,0
17331,1.2000000000000002,0,0,1
17332,0.4,3,0,0
17333,1.2000000000000002,0,1,1
17334,2.0,0,1,1
17335,1.2000000000000002,0,1,1
17336,1.2000000000000002,0,1,1
17337,0.4,3,0,0
17338,1.2000000000000002,0,1,1
17339,1.2000000000000002,0,0,1
17340,0.4,3,0,0
17341,1.2000000000000002,0,1,1
17342,1.2000000000000002,0,1,1
17343,0.4,3,0,0
17344,0.4,3,0,0
17345,1.2000000000000002,0,0,1
17346,1.2000000000000002,0,1,0
17347,0.4,3,0,0
17348,0.4,3,0,0
17349,0.4,3,0,0
17350,1.2000000000000002,0,1,0
17351,1.2000000000000002,0,1,1
17352,2.0,0,1,1
17353,1.2000000000000002,0,1,0
17354,0.4,3,0,0
17355,1.2000000000000002,0,1,1
17356,1.2000000000000002,0,1,1
17357,2.0,0,1,1
17358,0.4,3,0,0
17359,0.4,3,0,0
17360,1.2000000000000002,0,1,1
17361,1.2000000000000002,0,0,0
17362,1.2000000000000002,0,0,1
17363,0.4,3,0,0
17364,0.4,3,0,0
17365,0.4,3,0,0
17366,0.4,3,0,0
17367,1.2000000000000002,0,1,1
17368,1.2000000000000002,0,1,1
17369,0.4,3,0,0
17370,0.4,3,0,0
17371,0.4,3,0,0
17372,1.2000000000000002,0,0,1
17373,1.2000000000000002,0,1,1
17374,1.2000000000000002,0,1,1
17375,0.4,3,0,0
17376,0.4,3,0,0
17377,1.2000000000000002,0,1,1
17378,1.2000000000000002,0,1,1
17379,1.2000000000000002,0,1,1
17380,1.2000000000000002,0,1,1
17381,0.4,3,0,0
17382,0.4,3,0,0
17383,0.4,3,0,1
17384,1.2000000000000002,0,1,0
17385,2.0,0,1,1
17386,1.2000000000000002,0,1,1
17387,1.2000000000000002,0,1,1
17388,0.4,3,0,0
17389,0.4,3,0,0
17390,0.4,3,0,0
17391,2.0,0,1,1
17392,1.2000000000000002,0,1,1
17393,0.4,3,0,0
17394,1.2000000000000002,0,1,1
17395,0.4,3,0,0
17396,1.2000000000000002,0,1,1
17397,1.2000000000000002,0,1,1
17398,1.2000000000000002,0,1,0
17399,0.4,3,0,0
17400,2.0,0,1,1
17401,1.2000000000000002,0,1,1
17402,1.2000000000000002,0,1,1
17403,1.2000000000000002,3,0,0
17404,0.4,3,0,0
17405,0.4,3,0,0
17406,1.2000000000000002,0,1,1
17407,0.4,3,0,0
17408,0.4,3,0,0
17409,1.2000000000000002,0,1,1
17410,1.2000000000000002,0,1,1
17411,0.4,3,0,0
17412,1.2000000000000002,0,1,1
17413,1.2000000000000002,0,1,1
17414,0.4,3,0,0
17415,1.2000000000000002,0,1,1
17416,1.2000000000000002,0,1,1
17417,0.4,3,0,0
17418,0.4,3,0,0
17419,0.4,3,0,0
17420,0.4,3,0,0
17421,0.4,3,0,0
17422,1.2000000000000002,0,1,1
17423,0.4,3,0,0
17424,0.4,3,0,0
17425,1.2000000000000002,0,1,1
17426,2.0,0,1,1
17427,0.4,3,0,0
17428,1.2000000000000002,0,1,0
17429,1.2000000000000002,0,1,1
17430,0.4,3,0,0
17431,0.4,3,0,0
17432,0.4,3,0,0
17433,1.2000000000000002,0,0,1
17434,0.4,3,0,1
17435,1.2000000000000002,0,1,1
17436,0.4,3,0,0
17437,1.2000000000000002,0,1,0
17438,1.2000000000000002,0,0,0
17439,0.4,3,0,1
17440,0.4,3,0,0
17441,0.4,3,0,0
17442,0.4,3,0,0
17443,0.4,3,0,0
17444,1.2000000000000002,0,0,1
17445,1.2000000000000002,0,1,1
17446,0.4,3,0,0
17447,2.0,0,1,0
17448,1.2000000000000002,0,1,1
17449,0.4,3,0,0
17450,0.4,3,0,0
17451,2.0,0,1,1
17452,0.4,3,0,0
17453,0.4,3,0,0
17454,0.4,3,0,0
17455,1.2000000000000002,0,1,1
17456,0.4,3,0,0
17457,1.2000000000000002,0,0,1
17458,1.2000000000000002,0,1,1
17459,1.2000000000000002,0,1,1
17460,0.4,3,0,0
17461,0.4,3,0,0
17462,1.2000000000000002,0,1,0
17463,1.2000000000000002,0,1,1
17464,1.2000000000000002,0,1,1
17465,0.4,3,0,0
17466,0.4,3,0,0
17467,1.2000000000000002,0,1,0
17468,1.2000000000000002,0,1,0
17469,0.4,3,0,0
17470,1.2000000000000002,0,0,1
17471,0.4,3,0,0
17472,1.2000000000000002,0,1,1
17473,0.4,3,0,0
17474,0.4,3,0,0
17475,1.2000000000000002,0,1,1
17476,1.2000000000000002,0,1,1
17477,0.4,3,0,0
17478,0.4,3,0,0
17479,2.0,0,1,1
17480,2.0,0,1,1
17481,0.4,3,0,0
17482,1.2000000000000002,0,1,1
17483,1.2000000000000002,0,1,1
17484,0.4,3,0,0
17485,2.0,0,1,1
17486,1.2000000000000002,1,1,0
17487,2.0,0,1,1
17488,2.0,0,1,1
17489,0.4,3,0,0
17490,0.4,3,0,0
17491,1.2000000000000002,0,1,1
17492,0.4,3,0,0
17493,1.2000000000000002,0,1,1
17494,0.4,3,0,0
17495,1.2000000000000002,0,1,0
17496,1.2000000000000002,0,0,1
17497,0.4,3,0,0
17498,2.0,0,1,1
17499,1.2000000000000002,0,1,1
17500,0.4,3,0,0
17501,1.2000000000000002,1,0,0
17502,0.4,3,0,0
17503,1.2000000000000002,0,1,1
17504,1.2000000000000002,0,1,1
17505,1.2000000000000002,0,1,1
17506,0.4,3,0,0
17507,1.2000000000000002,0,1,1
17508,0.4,3,0,0
17509,2.8,0,1,1
17510,0.4,3,0,0
17511,0.4,3,0,0
17512,1.2000000000000002,0,0,1
17513,0.4,3,0,0
17514,2.0,0,1,1
17515,2.0,0,1,0
17516,0.4,3,0,0
17517,0.4,3,0,0
17518,1.2000000000000002,0,1,0
17519,1.2000000000000002,0,1,1
17520,0.4,3,0,0
17521,0.4,3,0,0
17522,0.4,3,0,0
17523,1.2000000000000002,0,1,1
17524,1.2000000000000002,0,1,1
17525,0.4,3,0,0
17526,0.4,3,0,0
17527,1.2000000000000002,0,1,1
17528,0.4,3,0,0
17529,1.2000000000000002,0,1,1
17530,0.4,3,0,0
17531,0.4,3,0,0
17532,1.2000000000000002,0,1,1
17533,1.2000000000000002,0,1,1
17534,1.2000000000000002,0,1,1
17535,0.4,3,0,0
17536,0.4,3,0,0
17537,1.2000000000000002,0,1,1
17538,0.4,3,0,0
17539,0.4,3,0,0
17540,1.2000000000000002,0,1,1
17541,1.2000000000000002,0,1,0
17542,0.4,3,0,0
17543,1.2000000000000002,0,0,1
17544,1.2000000000000002,0,1,1
17545,0.4,3,0,0
17546,2.0,0,1,1
17547,0.4,3,0,0
17548,0.4,3,0,0
17549,1.2000000000000002,0,0,1
17550,0.4,3,0,0
17551,1.2000000000000002,0,1,0
17552,1.2000000000000002,0,1,1
17553,0.4,3,0,0
17554,0.4,3,0,0
17555,0.4,3,0,0
17556,0.4,3,0,0
17557,0.4,3,0,0
17558,1.2000000000000002,3,0,0
17559,0.4,3,0,0
17560,0.4,3,0,0
17561,1.2000000000000002,0,1,1
17562,0.4,3,0,0
17563,0.4,3,0,0
17564,0.4,3,0,0
17565,2.0,0,1,0
17566,0.4,3,0,0
17567,1.2000000000000002,0,1,1
17568,0.4,3,0,0
17569,1.2000000000000002,0,1,1
17570,2.0,0,1,1
17571,0.4,3,0,0
17572,1.2000000000000002,0,1,0
17573,1.2000000000000002,0,0,1
17574,1.2000000000000002,0,1,1
17575,0.4,3,0,0
17576,0.4,3,0,0
17577,1.2000000000000002,0,1,1
17578,0.4,3,0,0
17579,0.4,3,0,0
17580,1.2000000000000002,0,1,1
17581,0.4,3,0,0
17582,0.4,3,0,0
17583,1.2000000000000002,0,1,1
17584,1.2000000000000002,0,1,1
17585,0.4,3,0,0
17586,0.4,3,0,0
17587,2.0,0,1,1
17588,2.0,0,1,1
17589,0.4,3,0,0
17590,0.4,3,0,0
17591,0.4,3,0,0
17592,0.4,3,0,0
17593,0.4,3,0,0
17594,2.0,0,1,1
17595,1.2000000000000002,3,0,0
17596,1.2000000000000002,0,1,1
17597,0.4,3,0,0
17598,0.4,3,0,0
17599,1.2000000000000002,0,0,0
17600,1.2000000000000002,0,1,1
17601,1.2000000000000002,0,1,1
17602,1.2000000000000002,0,0,1
17603,1.2000000000000002,0,0,1
17604,1.2000000000000002,3,0,0
17605,1.2000000000000002,0,0,1
17606,1.2000000000000002,0,1,1
17607,1.2000000000000002,0,0,1
17608,1.2000000000000002,0,1,1
17609,1.2000000000000002,0,1,1
17610,0.4,3,0,0
17611,0.4,3,0,0
17612,1.2000000000000002,0,1,1
17613,1.2000000000000002,0,1,1
17614,0.4,3,0,0
17615,0.4,3,0,0
17616,2.0,0,1,1
17617,1.2000000000000002,0,1,1
17618,0.4,3,0,0
17619,0.4,3,0,0
17620,0.4,3,0,1
17621,0.4,3,0,1
17622,0.4,3,0,0
17623,1.2000000000000002,0,1,1
17624,0.4,3,0,0
17625,1.2000000000000002,0,1,1
17626,1.2000000000000002,0,1,0
17627,0.4,3,0,0
17628,1.2000000000000002,0,0,1
17629,0.4,3,0,0
17630,0.4,3,0,0
17631,1.2000000000000002,0,1,1
17632,2.0,0,1,1
17633,1.2000000000000002,0,1,0
17634,1.2000000000000002,0,1,0
17635,0.4,3,0,0
17636,1.2000000000000002,0,1,1
17637,0.4,3,0,0
17638,1.2000000000000002,0,1,1
17639,0.4,3,0,0
17640,0.4,3,0,0
17641,2.0,0,1,1
17642,2.8,0,1,1
17643,1.2000000000000002,0,1,1
17644,1.2000000000000002,0,1,1
17645,1.2000000000000002,0,1,1
17646,1.2000000000000002,0,1,1
17647,1.2000000000000002,0,1,1
17648,2.8,0,1,1
17649,0.4,3,0,0
17650,0.4,3,0,0
17651,1.2000000000000002,0,1,1
17652,0.4,3,0,0
17653,0.4,3,0,0
17654,2.0,0,1,0
17655,0.4,3,0,0
17656,0.4,3,0,0
17657,1.2000000000000002,0,1,1
17658,0.4,3,0,0
17659,0.4,3,0,0
17660,1.2000000000000002,0,1,1
17661,0.4,3,0,0
17662,1.2000000000000002,0,1,1
17663,1.2000000000000002,0,1,0
17664,1.2000000000000002,0,1,1
17665,0.4,3,0,0
17666,1.2000000000000002,0,1,1
17667,2.0,0,1,1
17668,2.0,0,0,1
17669,1.2000000000000002,0,1,1
17670,0.4,3,0,0
17671,1.2000000000000002,0,1,1
17672,0.4,3,0,1
17673,0.4,3,0,0
17674,0.4,3,0,0
17675,1.2000000000000002,0,1,1
17676,0.4,3,0,0
17677,1.2000000000000002,0,1,1
17678,1.2000000000000002,0,1,1
17679,1.2000000000000002,0,1,1
17680,1.2000000000000002,0,1,1
17681,1.2000000000000002,0,1,1
17682,0.4,3,0,0
17683,1.2000000000000002,0,1,1
17684,1.2000000000000002,0,1,1
17685,1.2000000000000002,0,1,1
17686,0.4,3,0,0
17687,0.4,3,0,1
17688,1.2000000000000002,0,1,1
17689,1.2000000000000002,1,0,1
17690,1.2000000000000002,0,1,1
17691,1.2000000000000002,0,1,1
17692,0.4,3,0,0
17693,0.4,3,0,0
17694,1.2000000000000002,0,1,1
17695,1.2000000000000002,0,1,1
17696,0.4,3,0,0
17697,0.4,3,0,0
17698,0.4,3,0,0
17699,1.2000000000000002,0,0,1
17700,1.2000000000000002,0,1,1
17701,1.2000000000000002,0,1,1
17702,1.2000000000000002,0,1,0
17703,2.0,0,0,1
17704,1.2000000000000002,0,1,1
17705,0.4,3,0,0
17706,1.2000000000000002,0,1,1
17707,0.4,3,0,0
17708,1.2000000000000002,0,1,1
17709,1.2000000000000002,0,1,0
17710,0.4,3,0,0
17711,1.2000000000000002,0,1,1
17712,1.2000000000000002,0,1,1
17713,1.2000000000000002,0,1,1
17714,1.2000000000000002,0,1,1
17715,0.4,3,0,0
17716,2.0,0,1,1
17717,0.4,3,0,0
17718,1.2000000000000002,0,1,1
17719,2.0,0,1,1
17720,1.2000000000000002,0,1,1
17721,1.2000000000000002,0,1,1
17722,2.0,0,1,1
17723,1.2000000000000002,0,1,1
17724,0.4,3,0,1
17725,0.4,3,0,0
17726,1.2000000000000002,0,1,1
17727,1.2000000000000002,0,1,1
17728,1.2000000000000002,0,1,1
17729,1.2000000000000002,0,1,1
17730,0.4,3,0,0
17731,0.4,3,0,0
17732,0.4,3,0,0
17733,0.4,3,0,0
17734,0.4,3,0,0
17735,0.4,3,0,0
17736,0.4,3,0,0
17737,0.4,3,0,0
17738,0.4,3,0,0
17739,0.4,3,0,0
17740,1.2000000000000002,0,0,1
17741,2.0,0,1,1
17742,1.2000000000000002,0,0,1
17743,0.4,3,0,0
17744,1.2000000000000002,0,1,1
17745,0.4,3,0,0
17746,1.2000000000000002,0,1,1
17747,0.4,3,0,0
17748,0.4,3,0,0
17749,0.4,3,0,0
17750,2.0,0,0,1
17751,0.4,3,0,0
17752,1.2000000000000002,0,0,1
17753,0.4,3,0,0
17754,1.2000000000000002,0,1,1
17755,0.4,3,0,0
17756,2.0,0,1,1
17757,1.2000000000000002,0,1,1
17758,1.2000000000000002,0,1,1
17759,1.2000000000000002,3,0,0
17760,1.2000000000000002,0,1,1
17761,0.4,3,0,0
17762,1.2000000000000002,0,1,1
17763,1.2000000000000002,0,1,1
17764,0.4,3,0,0
17765,0.4,3,0,0
17766,1.2000000000000002,0,1,1
17767,1.2000000000000002,0,1,1
17768,7.6,0,0,1
17769,2.0,0,1,1
17770,1.2000000000000002,0,0,1
17771,0.4,3,0,0
17772,0.4,3,0,0
17773,0.4,3,0,0
17774,1.2000000000000002,0,1,1
17775,0.4,3,0,0
17776,0.4,3,0,0
17777,0.4,3,0,0
17778,0.4,3,0,0
17779,1.2000000000000002,0,1,1
17780,0.4,3,0,0
17781,0.4,3,0,0
17782,1.2000000000000002,0,1,1
17783,1.2000000000000002,0,1,1
17784,0.4,3,0,0
17785,0.4,3,0,0
17786,0.4,3,0,0
17787,1.2000000000000002,0,1,1
17788,0.4,3,0,0
17789,1.2000000000000002,0,1,1
17790,1.2000000000000002,0,0,1
17791,2.0,0,1,0
17792,1.2000000000000002,0,1,1
17793,0.4,3,0,0
17794,1.2000000000000002,0,1,1
17795,0.4,3,0,0
17796,2.8,0,0,1
17797,0.4,3,0,0
17798,0.4,3,0,0
17799,0.4,3,0,0
17800,1.2000000000000002,0,1,1
17801,1.2000000000000002,0,1,1
17802,1.2000000000000002,0,0,1
17803,1.2000000000000002,0,1,0
17804,0.4,3,0,0
17805,1.2000000000000002,0,1,1
17806,1.2000000000000002,0,0,1
17807,1.2000000000000002,0,1,1
17808,1.2000000000000002,0,1,1
17809,0.4,3,0,0
17810,1.2000000000000002,0,0,1
17811,1.2000000000000002,0,0,1
17812,0.4,3,0,0
17813,0.4,3,0,0
17814,1.2000000000000002,0,1,1
17815,1.2000000000000002,0,1,1
17816,1.2000000000000002,0,1,1
17817,2.0,0,1,0
17818,0.4,3,0,0
17819,0.4,3,0,0
17820,1.2000000000000002,0,1,1
17821,1.2000000000000002,0,1,1
17822,1.2000000000000002,0,1,1
17823,1.2000000000000002,0,1,0
17824,0.4,3,0,0
17825,1.2000000000000002,0,1,1
17826,0.4,3,0,0
17827,0.4,3,0,0
17828,1.2000000000000002,0,0,1
17829,0.4,3,0,0
17830,1.2000000000000002,0,1,1
17831,1.2000000000000002,0,1,1
17832,0.4,3,0,0
17833,0.4,3,0,0
17834,2.0,0,1,1
17835,1.2000000000000002,0,1,1
17836,1.2000000000000002,0,0,1
17837,1.2000000000000002,0,1,1
17838,0.4,3,0,0
17839,0.4,3,0,0
17840,1.2000000000000002,0,1,1
17841,0.4,3,0,0
17842,0.4,3,0,0
17843,1.2000000000000002,0,1,1
17844,1.2000000000000002,0,1,1
17845,0.4,3,0,0
17846,0.4,3,0,0
17847,0.4,3,0,0
17848,0.4,3,0,0
17849,1.2000000000000002,0,1,1
17850,1.2000000000000002,0,1,1
17851,1.2000000000000002,0,1,1
17852,0.4,3,0,0
17853,0.4,3,0,0
17854,1.2000000000000002,0,1,1
17855,1.2000000000000002,0,0,1
17856,1.2000000000000002,1,0,1
17857,0.4,3,0,0
17858,1.2000000000000002,0,1,1
17859,1.2000000000000002,0,1,1
17860,1.2000000000000002,0,1,1
17861,0.4,3,0,0
17862,0.4,3,0,0
17863,2.0,0,1,0
17864,0.4,3,0,0
17865,1.2000000000000002,0,1,1
17866,1.2000000000000002,0,1,1
17867,0.4,3,0,0
17868,1.2000000000000002,0,1,1
17869,1.2000000000000002,0,1,1
17870,1.2000000000000002,0,0,1
17871,1.2000000000000002,0,1,0
17872,1.2000000000000002,0,0,1
17873,1.2000000000000002,0,1,1
17874,1.2000000000000002,0,1,1
17875,0.4,3,0,0
17876,2.0,0,1,1
17877,0.4,3,0,0
17878,0.4,3,0,0
17879,1.2000000000000002,0,1,1
17880,1.2000000000000002,0,1,1
17881,0.4,3,0,0
17882,0.4,3,0,0
17883,0.4,3,0,0
17884,0.4,3,0,1
17885,1.2000000000000002,0,1,1
17886,0.4,3,0,0
17887,1.2000000000000002,0,1,1
17888,2.0,0,1,1
17889,1.2000000000000002,0,1,1
17890,0.4,3,0,0
17891,1.2000000000000002,0,1,0
17892,1.2000000000000002,0,1,1
17893,1.2000000000000002,0,1,1
17894,1.2000000000000002,0,1,1
17895,0.4,3,0,0
17896,1.2000000000000002,0,1,1
17897,0.4,3,0,0
17898,0.4,3,0,1
17899,0.4,3,0,0
17900,1.2000000000000002,0,1,1
17901,0.4,3,0,0
17902,0.4,3,0,0
17903,2.0,0,0,1
17904,0.4,3,0,0
17905,0.4,3,0,0
17906,1.2000000000000002,0,1,1
17907,1.2000000000000002,0,1,1
17908,0.4,3,0,0
17909,0.4,3,0,0
17910,0.4,3,0,0
17911,0.4,3,0,0
17912,1.2000000000000002,0,1,1
17913,0.4,3,0,0
17914,0.4,3,0,0
17915,1.2000000000000002,0,1,1
17916,1.2000000000000002,0,0,1
17917,1.2000000000000002,0,1,0
17918,1.2000000000000002,0,1,1
17919,1.2000000000000002,0,1,0
17920,1.2000000000000002,0,1,1
17921,1.2000000000000002,0,1,1
17922,1.2000000000000002,0,1,0
17923,1.2000000000000002,0,1,1
17924,0.4,3,0,0
17925,1.2000000000000002,0,1,0
17926,1.2000000000000002,0,1,1
17927,2.0,0,1,1
17928,1.2000000000000002,0,1,1
17929,0.4,3,0,0
17930,0.4,3,0,0
17931,0.4,3,0,0
17932,0.4,3,0,0
17933,0.4,3,0,0
17934,2.0,0,1,1
17935,0.4,3,0,0
17936,1.2000000000000002,0,1,1
17937,0.4,3,0,0
17938,2.0,0,1,1
17939,1.2000000000000002,0,1,1
17940,1.2000000000000002,0,1,1
17941,0.4,3,0,0
17942,1.2000000000000002,0,1,1
17943,1.2000000000000002,0,0,1
17944,1.2000000000000002,0,1,1
17945,0.4,3,0,0
17946,0.4,3,0,0
17947,0.4,3,0,0
17948,1.2000000000000002,0,1,1
17949,1.2000000000000002,0,0,0
17950,1.2000000000000002,0,1,1
17951,1.2000000000000002,0,1,1
17952,0.4,3,0,0
17953,0.4,3,0,0
17954,2.0,0,0,1
17955,0.4,3,0,0
17956,1.2000000000000002,0,1,1
17957,0.4,3,0,0
17958,1.2000000000000002,0,1,1
17959,0.4,3,0,0
17960,0.4,3,0,0
17961,0.4,3,0,0
17962,2.0,0,1,1
17963,1.2000000000000002,0,1,1
17964,0.4,3,0,0
17965,2.0,0,1,1
17966,1.2000000000000002,0,1,1
17967,1.2000000000000002,0,0,0
17968,0.4,3,0,0
17969,1.2000000000000002,0,1,1
17970,0.4,3,0,0
17971,0.4,3,0,0
17972,0.4,3,0,0
17973,0.4,3,0,0
17974,2.0,0,1,1
17975,0.4,3,0,0
17976,0.4,3,0,0
17977,0.4,3,0,0
17978,1.2000000000000002,0,0,1
17979,1.2000000000000002,0,0,1
17980,0.4,3,0,0
17981,1.2000000000000002,0,1,0
17982,0.4,3,0,0
17983,0.4,3,0,0
17984,1.2000000000000002,2,0,0
17985,0.4,3,0,0
17986,1.2000000000000002,0,1,1
17987,0.4,3,0,0
17988,1.2000000000000002,0,1,1
17989,1.2000000000000002,0,0,1
17990,0.4,3,0,0
17991,0.4,3,0,0
17992,2.0,0,1,0
17993,1.2000000000000002,0,1,1
17994,0.4,3,0,0
17995,1.2000000000000002,0,1,1
17996,0.4,3,0,0
17997,0.4,3,0,0
17998,1.2000000000000002,0,1,1
17999,1.2000000000000002,0,1,1
