,R,Q,A,Y
0,0.2,3,1,1
1,0.2,0,1,1
2,1.0,2,1,1
3,0.2,1,1,1
4,0.2,1,1,1
5,0.2,1,0,0
6,1.0,1,0,0
7,0.2,1,0,0
8,1.0,3,1,1
9,0.2,2,0,0
10,0.2,2,0,0
11,0.2,3,0,0
12,0.2,1,0,0
13,0.2,1,0,0
14,0.2,1,0,0
15,0.2,1,0,0
16,0.2,1,0,0
17,0.2,2,1,1
18,2.2,0,1,1
19,0.2,2,1,1
20,0.2,1,1,1
21,0.2,3,0,0
22,0.2,3,0,0
23,0.2,2,0,1
24,0.2,2,1,1
25,1.0,1,0,0
26,1.0,2,1,1
27,0.2,0,0,0
28,0.2,1,1,1
29,0.2,1,0,0
30,0.2,1,0,0
31,0.2,2,0,0
32,0.2,3,1,0
33,0.2,1,1,1
34,0.2,1,1,1
35,1.0,0,0,1
36,0.2,2,0,0
37,0.2,2,1,0
38,0.2,2,0,0
39,1.0,1,1,1
40,0.2,1,0,0
41,0.2,2,0,0
42,0.2,2,0,0
43,0.2,2,1,0
44,0.2,2,1,1
45,0.2,2,0,1
46,0.2,2,1,0
47,0.2,1,1,0
48,2.2,1,0,1
49,0.2,1,0,0
50,0.2,1,1,1
51,0.2,1,0,1
52,0.2,2,0,0
53,0.2,2,1,1
54,0.2,1,0,0
55,0.2,2,1,0
56,1.0,3,1,1
57,1.0,0,1,1
58,1.0,0,1,1
59,0.2,0,0,0
60,0.2,1,0,0
61,0.2,1,1,0
62,0.2,1,0,1
63,1.0,1,0,0
64,1.0,2,1,1
65,0.2,1,1,1
66,1.0,2,1,1
67,0.2,2,1,1
68,0.2,0,0,0
69,1.0,2,1,0
70,0.2,3,1,0
71,0.2,1,1,1
72,0.2,1,0,0
73,0.2,2,0,0
74,1.0,0,1,1
75,0.2,1,0,1
76,0.2,2,0,0
77,2.2,2,1,1
78,1.0,0,1,1
79,0.2,2,0,0
80,1.0,0,1,1
81,0.2,1,0,0
82,0.2,1,0,0
83,1.0,0,1,0
84,0.2,2,0,0
85,0.2,2,0,0
86,1.0,1,0,1
87,1.0,1,1,1
88,0.2,1,0,0
89,0.2,0,1,0
90,0.2,2,0,0
91,0.2,2,1,1
92,0.2,2,1,1
93,0.2,2,1,0
94,1.0,1,1,1
95,1.0,2,0,0
96,1.0,1,1,0
97,0.2,1,0,0
98,1.0,2,1,1
99,0.2,2,1,0
100,0.2,2,0,1
101,0.2,2,0,0
102,0.2,2,0,0
103,0.2,3,1,1
104,0.2,1,1,1
105,2.2,1,1,1
106,0.2,3,0,0
107,0.2,2,1,0
108,0.2,3,0,0
109,0.2,0,0,0
110,0.2,2,1,1
111,0.2,1,1,1
112,0.2,3,0,0
113,0.2,2,1,1
114,0.2,1,1,1
115,0.2,1,1,0
116,0.2,0,0,1
117,0.2,3,0,0
118,0.2,2,0,0
119,0.2,1,0,0
120,0.2,2,1,1
121,0.2,1,0,0
122,0.2,1,1,0
123,0.2,2,1,1
124,1.0,2,1,1
125,0.2,1,0,1
126,0.2,1,1,1
127,0.2,0,1,1
128,0.2,2,0,0
129,1.0,3,1,1
130,1.0,1,0,0
131,1.0,3,1,1
132,0.2,1,1,1
133,0.2,1,0,0
134,0.2,1,0,1
135,0.2,2,1,1
136,0.2,2,0,0
137,0.2,1,1,1
138,0.2,0,1,1
139,0.2,2,0,0
140,1.0,2,1,1
141,0.2,2,0,0
142,0.2,0,1,1
143,1.0,3,1,1
144,1.0,2,1,1
145,0.2,2,0,1
146,0.2,3,0,0
147,0.2,1,0,0
148,0.2,3,0,0
149,1.0,1,0,0
150,0.2,2,0,0
151,0.2,2,1,1
152,0.2,3,0,0
153,0.2,1,0,1
154,0.2,3,1,1
155,0.2,2,1,0
156,0.2,1,1,0
157,0.2,2,0,0
158,0.2,2,0,0
159,1.0,3,1,1
160,0.2,3,1,0
161,1.0,1,1,1
162,0.2,2,0,0
163,1.0,2,0,0
164,0.2,3,0,0
165,1.0,3,1,1
166,0.2,2,0,0
167,0.2,2,0,0
168,0.2,1,1,1
169,0.2,3,1,0
170,0.2,2,1,1
171,0.2,2,1,1
172,1.0,1,0,0
173,0.2,2,0,0
174,0.2,1,1,1
175,1.0,2,0,1
176,0.2,2,1,0
177,0.2,0,1,1
178,0.2,2,1,0
179,0.2,2,0,0
180,1.0,1,1,1
181,0.2,1,0,0
182,0.2,0,0,0
183,2.2,0,1,1
184,0.2,1,0,0
185,0.2,2,0,0
186,0.2,1,0,0
187,0.2,1,0,0
188,1.0,0,0,0
189,1.0,2,1,1
190,0.2,2,1,0
191,0.2,1,0,1
192,0.2,1,0,0
193,0.2,0,1,0
194,1.0,3,1,0
195,0.2,1,0,0
196,0.2,2,0,0
197,0.2,2,1,1
198,1.0,1,1,1
199,0.2,3,0,0
200,1.0,2,0,0
201,0.2,1,1,1
202,0.2,1,0,0
203,0.2,1,0,0
204,0.2,0,0,1
205,0.2,2,0,0
206,1.0,1,1,1
207,0.2,3,0,0
208,0.2,3,1,0
209,0.2,1,1,1
210,2.2,1,0,1
211,0.2,3,0,0
212,0.2,1,0,1
213,1.0,0,1,1
214,0.2,1,1,1
215,1.0,2,1,1
216,0.2,2,0,0
217,1.0,2,1,0
218,0.2,0,1,1
219,0.2,3,0,0
220,0.2,1,1,1
221,0.2,2,0,0
222,1.0,2,0,0
223,0.2,2,1,1
224,0.2,2,0,0
225,0.2,3,0,0
226,0.2,1,0,0
227,0.2,2,0,0
228,0.2,2,0,0
229,0.2,1,0,0
230,1.0,2,1,1
231,0.2,0,0,0
232,0.2,3,1,0
233,0.2,3,0,1
234,0.2,2,1,1
235,0.2,2,1,0
236,0.2,3,1,0
237,0.2,1,1,1
238,0.2,2,0,1
239,0.2,2,1,1
240,1.0,0,0,1
241,0.2,1,0,0
242,0.2,0,1,1
243,1.0,1,1,1
244,0.2,1,0,0
245,0.2,3,1,1
246,0.2,2,1,1
247,1.0,1,1,1
248,2.2,1,0,1
249,0.2,1,0,0
250,0.2,2,0,0
251,0.2,1,1,1
252,0.2,1,1,1
253,0.2,2,0,0
254,0.2,1,0,0
255,0.2,1,1,1
256,0.2,1,1,1
257,0.2,1,1,1
258,0.2,1,0,1
259,0.2,0,0,0
260,0.2,1,0,0
261,0.2,0,0,0
262,0.2,3,0,0
263,0.2,2,1,0
264,0.2,1,1,1
265,2.2,2,0,1
266,0.2,2,1,1
267,1.0,1,1,1
268,1.0,1,1,1
269,0.2,2,1,1
270,0.2,2,1,1
271,0.2,2,1,1
272,0.2,0,0,1
273,0.2,3,1,1
274,1.0,0,1,1
275,0.2,1,0,0
276,1.0,2,1,1
277,0.2,0,0,0
278,1.0,1,1,1
279,0.2,2,0,0
280,0.2,1,0,0
281,0.2,2,1,1
282,1.0,2,0,0
283,0.2,2,1,0
284,0.2,2,0,0
285,0.2,3,0,1
286,1.0,3,1,0
287,0.2,2,0,0
288,0.2,2,0,0
289,0.2,2,0,0
290,1.0,1,0,1
291,0.2,2,1,1
292,1.0,1,1,1
293,1.0,3,0,0
294,0.2,3,0,0
295,0.2,1,0,1
296,0.2,0,1,1
297,0.2,1,1,0
298,1.0,1,1,1
299,0.2,2,0,0
300,0.2,2,1,0
301,0.2,2,0,0
302,0.2,2,1,0
303,0.2,1,1,1
304,0.2,2,1,1
305,0.2,3,0,0
306,0.2,1,1,1
307,1.0,3,0,0
308,0.2,1,1,0
309,1.0,1,1,1
310,0.2,3,1,0
311,0.2,1,1,1
312,0.2,1,0,0
313,0.2,2,0,0
314,0.2,1,1,1
315,0.2,3,1,1
316,0.2,2,0,0
317,0.2,2,0,0
318,1.0,3,1,1
319,1.0,3,1,1
320,0.2,2,0,0
321,0.2,1,1,1
322,0.2,1,0,0
323,0.2,1,1,1
324,1.0,0,0,1
325,0.2,1,0,0
326,1.0,1,1,1
327,0.2,0,0,0
328,0.2,3,0,0
329,0.2,1,0,0
330,0.2,1,0,0
331,0.2,2,1,0
332,2.2,0,1,1
333,0.2,1,1,1
334,0.2,2,0,0
335,0.2,1,0,0
336,1.0,2,0,1
337,0.2,1,0,0
338,0.2,2,0,0
339,0.2,1,0,0
340,0.2,0,1,1
341,0.2,3,1,1
342,1.0,1,0,1
343,0.2,0,0,0
344,0.2,1,1,0
345,0.2,2,0,0
346,0.2,2,0,0
347,1.0,1,1,1
348,1.0,0,1,1
349,1.0,3,0,0
350,1.0,1,0,0
351,0.2,2,1,1
352,0.2,3,0,0
353,0.2,3,1,0
354,0.2,2,1,1
355,0.2,3,1,0
356,0.2,0,0,0
357,0.2,2,0,0
358,0.2,1,0,0
359,0.2,2,1,0
360,0.2,1,0,0
361,0.2,2,1,1
362,0.2,2,0,0
363,1.0,0,0,1
364,0.2,2,0,1
365,1.0,3,1,1
366,0.2,2,0,0
367,1.0,3,1,1
368,0.2,2,1,0
369,0.2,1,1,1
370,0.2,3,1,1
371,0.2,1,0,0
372,1.0,2,1,1
373,0.2,2,1,0
374,1.0,0,1,1
375,0.2,1,1,1
376,1.0,2,0,1
377,0.2,1,1,0
378,0.2,1,1,1
379,0.2,3,0,1
380,0.2,3,0,0
381,0.2,2,0,0
382,0.2,1,0,0
383,0.2,1,0,0
384,1.0,2,1,1
385,0.2,0,0,0
386,0.2,1,1,1
387,0.2,2,0,1
388,0.2,0,1,1
389,1.0,2,1,1
390,0.2,1,0,0
391,0.2,3,1,1
392,0.2,0,1,0
393,0.2,2,0,0
394,0.2,1,0,1
395,0.2,2,0,0
396,0.2,2,1,0
397,0.2,1,0,0
398,1.0,2,0,0
399,0.2,1,1,0
400,1.0,2,1,0
401,0.2,2,1,1
402,0.2,2,0,0
403,1.0,2,1,1
404,0.2,1,0,0
405,1.0,1,1,1
406,0.2,1,0,1
407,0.2,2,0,0
408,0.2,2,1,1
409,0.2,1,0,0
410,0.2,1,1,0
411,0.2,1,0,0
412,0.2,3,0,0
413,0.2,1,0,1
414,1.0,1,1,1
415,1.0,2,1,1
416,0.2,3,0,1
417,0.2,0,1,1
418,0.2,3,0,0
419,0.2,2,0,0
420,0.2,1,1,1
421,0.2,3,0,0
422,2.2,1,0,1
423,0.2,2,0,0
424,2.2,2,0,1
425,0.2,2,1,0
426,0.2,2,1,0
427,1.0,1,0,0
428,0.2,1,1,1
429,0.2,1,1,0
430,0.2,1,1,1
431,1.0,2,1,1
432,0.2,3,1,1
433,0.2,3,1,1
434,1.0,0,1,1
435,1.0,2,1,1
436,0.2,0,1,1
437,0.2,2,1,1
438,0.2,1,1,1
439,1.0,1,0,1
440,0.2,2,0,0
441,1.0,2,0,0
442,0.2,1,0,0
443,1.0,2,0,1
444,1.0,2,0,0
445,0.2,1,1,1
446,0.2,2,0,0
447,0.2,3,0,1
448,1.0,1,1,1
449,0.2,3,0,0
450,0.2,1,0,0
451,0.2,2,0,0
452,0.2,1,0,1
453,0.2,0,1,1
454,1.0,2,0,0
455,2.2,2,1,1
456,0.2,2,1,1
457,0.2,1,1,0
458,0.2,2,1,0
459,0.2,2,1,1
460,0.2,3,0,0
461,1.0,0,0,1
462,0.2,2,0,0
463,0.2,2,1,0
464,0.2,2,0,0
465,1.0,2,1,0
466,1.0,2,0,0
467,1.0,2,1,1
468,1.0,2,0,0
469,0.2,1,0,0
470,0.2,1,0,0
471,0.2,2,1,1
472,0.2,1,1,1
473,0.2,0,1,1
474,0.2,2,0,0
475,0.2,2,1,0
476,0.2,1,1,0
477,0.2,0,1,1
478,1.0,1,0,0
479,0.2,0,0,1
480,0.2,2,1,1
481,0.2,1,0,0
482,1.0,1,1,1
483,0.2,2,1,1
484,0.2,2,0,1
485,1.0,1,0,0
486,2.2,0,1,1
487,0.2,2,1,0
488,1.0,0,0,1
489,0.2,1,0,0
490,0.2,3,0,0
491,0.2,0,1,1
492,0.2,2,0,0
493,1.0,2,0,0
494,0.2,3,0,0
495,0.2,1,1,1
496,1.0,2,1,1
497,0.2,2,0,0
498,0.2,1,1,1
499,0.2,1,0,1
500,0.2,3,0,0
501,0.2,2,0,1
502,1.0,2,1,1
503,0.2,1,0,0
504,0.2,3,0,0
505,0.2,1,0,0
506,0.2,1,1,1
507,0.2,2,0,0
508,1.4,2,1,1
509,0.2,2,1,1
510,0.2,3,0,0
511,1.0,1,1,1
512,0.2,3,0,0
513,0.2,2,1,1
514,1.0,1,1,1
515,0.2,3,0,0
516,0.2,2,1,1
517,0.2,2,1,1
518,0.2,1,0,0
519,0.2,1,0,0
520,0.2,0,1,1
521,0.2,2,0,0
522,1.0,2,0,1
523,0.2,1,0,0
524,0.2,2,1,0
525,1.0,2,1,1
526,0.2,2,1,1
527,0.2,1,0,0
528,0.2,3,1,1
529,0.2,2,1,0
530,0.2,1,1,1
531,1.0,2,0,0
532,1.0,2,0,0
533,0.2,3,1,0
534,0.2,1,0,0
535,0.2,1,1,1
536,0.2,0,1,0
537,0.2,2,1,1
538,0.2,1,1,1
539,0.2,2,1,1
540,0.2,3,0,0
541,0.2,1,1,0
542,0.2,1,0,0
543,0.2,1,1,1
544,0.2,2,1,0
545,1.0,0,1,1
546,0.2,3,1,0
547,0.2,1,0,0
548,0.2,2,0,0
549,0.2,0,0,0
550,0.2,2,1,1
551,0.2,1,1,1
552,0.2,2,0,0
553,1.0,1,1,1
554,0.2,1,0,1
555,0.2,1,1,1
556,0.2,1,1,1
557,0.2,2,1,1
558,0.2,2,0,0
559,0.2,2,1,0
560,0.2,2,0,0
561,0.2,3,0,0
562,0.2,2,1,1
563,1.0,1,1,1
564,0.2,1,0,0
565,0.2,1,0,0
566,0.2,2,0,0
567,0.2,1,1,0
568,1.0,1,0,1
569,0.2,2,0,0
570,1.0,1,0,0
571,0.2,1,1,0
572,1.0,1,1,1
573,0.2,1,1,1
574,0.2,3,1,1
575,2.2,1,1,1
576,0.2,2,1,1
577,0.2,1,0,0
578,0.2,1,0,0
579,0.2,2,0,0
580,0.2,0,1,1
581,1.0,3,0,0
582,0.2,1,0,1
583,0.2,1,0,0
584,0.2,0,1,1
585,0.2,0,0,1
586,0.2,2,0,0
587,0.2,1,0,0
588,0.2,2,1,1
589,0.2,2,1,1
590,2.2,3,1,1
591,0.2,2,0,0
592,0.2,1,1,1
593,0.2,0,1,1
594,1.0,1,1,1
595,1.0,2,1,1
596,0.2,2,1,0
597,0.2,2,0,0
598,0.2,1,0,1
599,1.0,3,0,0
600,0.2,1,1,1
601,0.2,2,0,0
602,0.2,2,0,0
603,0.2,1,1,1
604,2.2,1,1,1
605,1.0,2,1,1
606,1.0,2,1,1
607,0.2,1,0,0
608,1.0,1,1,1
609,0.2,1,1,1
610,0.2,2,1,1
611,0.2,2,0,0
612,0.2,1,1,1
613,0.2,3,1,0
614,1.0,3,0,0
615,0.2,1,0,0
616,1.0,2,1,1
617,0.2,1,0,0
618,1.0,1,1,1
619,0.2,2,0,1
620,1.0,3,1,1
621,0.2,2,1,1
622,1.0,2,1,1
623,1.0,2,1,1
624,1.0,2,0,0
625,1.0,3,1,1
626,1.0,0,1,1
627,0.2,1,1,1
628,0.2,0,0,0
629,0.2,0,0,1
630,0.2,3,1,0
631,0.2,2,0,0
632,0.2,2,1,1
633,0.2,2,0,0
634,0.2,3,0,0
635,1.0,1,0,1
636,2.2,3,0,1
637,0.2,2,0,0
638,0.2,1,1,1
639,1.0,1,1,0
640,1.4,1,1,1
641,0.2,2,0,0
642,0.2,2,0,0
643,1.0,1,0,1
644,0.2,3,0,0
645,1.0,1,0,1
646,0.2,1,0,1
647,0.2,1,1,0
648,0.2,2,0,0
649,2.2,0,1,1
650,0.2,2,0,0
651,0.2,0,1,1
652,0.2,1,1,1
653,0.2,0,0,0
654,1.0,2,1,0
655,0.2,1,1,0
656,0.2,3,0,0
657,0.2,1,1,1
658,0.2,1,0,1
659,0.2,2,0,0
660,0.2,2,1,0
661,1.0,1,1,1
662,0.2,2,1,1
663,0.2,3,1,0
664,0.2,3,0,0
665,0.2,2,0,0
666,0.2,1,1,0
667,0.2,1,1,1
668,0.2,2,1,1
669,0.2,1,1,1
670,0.2,1,1,0
671,0.2,1,0,0
672,0.2,1,0,0
673,0.2,3,1,0
674,1.0,1,1,1
675,0.2,2,1,0
676,0.2,1,1,1
677,0.2,2,0,0
678,0.2,3,1,1
679,0.2,1,0,1
680,1.0,3,0,0
681,0.2,2,1,1
682,0.2,2,1,1
683,0.2,2,0,0
684,0.2,1,0,0
685,1.0,2,0,1
686,0.2,3,1,0
687,1.0,1,1,1
688,0.2,2,0,0
689,0.2,1,0,0
690,1.0,2,0,0
691,0.2,1,1,0
692,0.2,1,0,0
693,1.0,1,0,0
694,0.2,0,0,0
695,0.2,2,0,0
696,1.0,0,1,1
697,1.0,3,1,0
698,0.2,0,1,1
699,0.2,0,1,1
700,0.2,2,0,0
701,0.2,0,0,0
702,0.2,2,0,0
703,1.0,2,0,0
704,1.0,0,0,1
705,0.2,2,0,0
706,0.2,1,1,1
707,1.0,1,1,1
708,0.2,2,0,0
709,0.2,1,0,0
710,0.2,2,1,0
711,1.0,1,1,1
712,0.2,1,0,0
713,0.2,1,0,0
714,0.2,2,1,0
715,0.2,0,1,1
716,0.2,1,1,1
717,0.2,2,1,0
718,1.0,1,1,0
719,1.0,3,1,1
720,0.2,2,1,1
721,0.2,2,1,1
722,0.2,2,1,1
723,0.2,2,0,0
724,0.2,0,1,1
725,0.2,2,1,1
726,0.2,1,1,1
727,0.2,0,1,1
728,0.2,2,0,0
729,0.2,3,0,0
730,1.0,3,1,1
731,0.2,1,0,0
732,2.5999999999999996,2,0,1
733,0.2,1,1,1
734,1.0,1,1,0
735,0.2,2,0,0
736,2.2,3,1,1
737,2.2,2,0,1
738,1.0,2,0,0
739,0.2,1,0,1
740,0.2,1,1,1
741,1.0,1,1,1
742,0.2,1,1,1
743,0.2,1,1,0
744,0.2,2,1,1
745,0.2,2,0,0
746,0.2,1,0,0
747,0.2,2,1,0
748,0.2,2,1,1
749,0.2,2,1,1
750,0.2,0,1,1
751,0.2,0,0,0
752,1.0,1,1,1
753,0.2,1,1,1
754,1.0,2,1,1
755,0.2,3,0,0
756,0.2,1,0,1
757,1.0,3,1,1
758,0.2,2,0,1
759,0.2,1,1,1
760,0.2,3,0,0
761,0.2,2,0,0
762,0.2,0,1,1
763,0.2,2,0,0
764,0.2,3,0,0
765,0.2,1,0,0
766,0.2,0,1,1
767,0.2,1,1,1
768,0.2,1,1,0
769,1.0,1,0,1
770,0.2,2,0,1
771,0.2,0,1,1
772,1.0,1,0,1
773,0.2,2,0,0
774,0.2,1,0,0
775,0.2,3,0,0
776,0.2,3,0,0
777,0.2,1,0,1
778,1.0,0,1,1
779,0.2,1,0,0
780,0.2,2,0,0
781,1.0,1,0,1
782,0.2,3,0,0
783,1.0,2,1,1
784,0.2,2,1,1
785,0.2,1,1,1
786,1.0,0,1,1
787,1.0,2,1,1
788,0.2,2,0,0
789,0.2,2,0,0
790,0.2,1,0,1
791,0.2,1,1,1
792,0.2,0,1,1
793,0.2,3,1,1
794,0.2,1,0,0
795,0.2,0,1,1
796,0.2,2,1,1
797,2.2,3,1,1
798,1.0,1,1,1
799,0.2,2,1,0
800,1.0,1,1,1
801,0.2,1,0,0
802,2.2,1,0,1
803,0.2,1,1,1
804,0.2,2,0,0
805,1.0,2,1,1
806,0.2,3,0,0
807,1.0,0,1,1
808,1.0,3,1,1
809,0.2,0,1,1
810,0.2,1,0,0
811,0.2,2,0,0
812,0.2,0,1,1
813,2.2,1,1,1
814,0.2,1,0,1
815,0.2,1,0,0
816,0.2,0,0,1
817,0.2,2,1,1
818,0.2,1,0,1
819,1.0,0,1,1
820,2.2,1,1,1
821,0.2,2,1,1
822,1.0,1,1,0
823,0.2,2,0,0
824,1.0,3,1,1
825,0.2,2,1,1
826,0.2,1,1,1
827,0.2,1,1,1
828,0.2,2,0,0
829,0.2,1,0,0
830,1.0,2,1,1
831,0.2,1,1,1
832,0.2,1,0,0
833,0.2,0,0,0
834,1.0,2,0,1
835,0.2,2,1,1
836,0.2,1,1,0
837,0.2,2,0,0
838,0.2,3,0,0
839,0.2,3,0,0
840,1.0,2,1,0
841,0.2,2,1,1
842,0.2,0,0,0
843,0.2,2,0,0
844,0.2,1,1,1
845,1.0,1,1,1
846,0.2,2,0,0
847,0.2,0,1,0
848,1.0,3,1,0
849,0.2,1,0,0
850,0.2,2,0,0
851,1.0,2,0,0
852,0.2,2,0,0
853,0.2,3,1,0
854,1.0,0,1,1
855,0.2,1,0,0
856,0.2,2,0,0
857,0.2,1,0,0
858,0.2,1,0,0
859,0.2,2,0,0
860,0.2,1,1,1
861,1.0,3,0,1
862,0.2,3,0,0
863,1.0,0,0,1
864,1.0,1,0,0
865,0.2,3,0,0
866,1.0,2,0,0
867,0.2,2,1,0
868,0.2,2,1,1
869,0.2,3,0,0
870,0.2,1,1,1
871,0.2,2,0,0
872,0.2,3,0,0
873,0.2,1,1,1
874,0.2,2,0,0
875,0.2,1,0,1
876,0.2,3,1,1
877,1.0,2,1,1
878,0.2,3,1,1
879,1.0,0,0,1
880,0.2,1,1,0
881,0.2,2,0,0
882,0.2,1,0,0
883,0.2,2,0,0
884,0.2,2,0,0
885,0.2,1,0,0
886,0.2,3,1,0
887,0.2,2,0,0
888,0.2,3,1,0
889,0.2,1,0,0
890,0.2,2,1,0
891,0.2,3,1,0
892,0.2,2,1,1
893,1.0,0,1,1
894,0.2,2,0,0
895,0.2,2,0,0
896,0.2,2,1,1
897,1.0,2,1,0
898,0.2,1,0,0
899,0.2,2,1,1
900,0.2,2,0,0
901,0.2,3,1,1
902,0.2,1,1,1
903,1.0,1,1,1
904,1.0,1,1,1
905,0.2,3,0,0
906,0.2,2,1,0
907,0.2,3,1,0
908,0.2,2,1,1
909,0.2,1,1,1
910,0.2,3,1,1
911,0.2,1,1,0
912,0.2,2,1,0
913,0.2,1,1,1
914,0.2,2,0,0
915,1.0,2,1,1
916,0.2,2,0,0
917,0.2,1,0,0
918,0.2,2,0,0
919,0.2,2,0,0
920,0.2,1,0,1
921,1.0,1,0,0
922,0.2,1,0,0
923,0.2,1,0,0
924,0.2,1,0,0
925,0.2,1,1,0
926,0.2,1,0,1
927,0.2,2,0,1
928,0.2,2,1,0
929,0.2,3,1,1
930,0.2,2,1,1
931,0.2,2,0,0
932,0.2,2,1,0
933,0.2,2,1,0
934,0.2,0,1,0
935,0.2,1,0,0
936,0.2,1,1,1
937,0.2,2,1,0
938,1.0,1,0,0
939,0.2,3,0,0
940,0.2,3,0,1
941,0.2,1,1,1
942,0.2,0,1,0
943,1.0,1,1,1
944,0.2,1,0,0
945,1.0,1,0,1
946,0.2,2,1,0
947,0.2,1,1,1
948,0.2,1,0,0
949,2.2,2,1,1
950,0.2,1,1,0
951,0.2,3,1,0
952,0.2,0,1,0
953,0.2,1,0,0
954,0.2,0,1,1
955,0.2,1,1,1
956,1.0,2,1,1
957,0.2,2,0,0
958,0.2,1,1,1
959,0.2,1,0,0
960,0.2,2,1,0
961,0.2,1,1,1
962,0.2,1,0,1
963,1.0,2,0,0
964,0.2,2,0,1
965,1.0,1,1,1
966,0.2,2,0,1
967,0.2,0,1,1
968,0.2,2,0,0
969,0.2,3,1,1
970,0.2,2,0,0
971,0.2,2,0,1
972,0.2,3,0,0
973,0.2,0,1,1
974,0.2,1,0,0
975,1.0,2,1,1
976,0.2,2,0,1
977,0.2,1,0,0
978,0.2,2,0,0
979,1.0,0,1,1
980,0.2,1,1,1
981,1.0,1,0,0
982,0.2,2,1,1
983,0.2,1,0,1
984,1.0,1,0,1
985,0.2,3,0,0
986,0.2,2,0,0
987,2.2,2,0,1
988,0.2,2,1,1
989,0.2,2,0,0
990,2.2,0,1,1
991,0.2,0,1,1
992,1.0,1,1,1
993,1.0,3,1,1
994,1.0,1,1,1
995,0.2,1,0,1
996,0.2,1,1,1
997,0.2,0,1,1
998,0.2,1,1,0
999,0.2,0,0,1
1000,0.2,2,0,0
1001,0.2,1,1,0
1002,0.2,2,0,0
1003,0.2,1,0,0
1004,0.2,2,1,0
1005,1.0,0,0,1
1006,0.2,1,0,0
1007,2.2,1,1,1
1008,0.2,1,0,0
1009,0.2,1,1,1
1010,2.2,0,1,1
1011,0.2,2,1,0
1012,0.2,2,0,0
1013,0.2,3,0,0
1014,1.0,2,0,1
1015,0.2,2,1,0
1016,0.2,2,1,1
1017,0.2,0,0,0
1018,0.2,2,0,0
1019,0.2,0,0,0
1020,0.2,3,0,0
1021,0.2,0,1,1
1022,1.0,2,0,0
1023,1.0,2,0,0
1024,0.2,2,1,1
1025,0.2,1,0,0
1026,0.2,2,0,0
1027,0.2,3,0,0
1028,0.2,2,0,0
1029,0.2,1,1,1
1030,0.2,1,0,0
1031,1.0,0,1,1
1032,0.2,1,0,0
1033,0.2,1,0,0
1034,0.2,1,1,1
1035,0.2,1,0,0
1036,0.2,1,0,1
1037,1.0,2,1,1
1038,2.2,1,1,1
1039,0.2,2,1,0
1040,0.2,0,1,0
1041,0.2,0,1,0
1042,0.2,2,1,1
1043,1.0,1,0,1
1044,0.2,2,1,1
1045,1.0,1,0,1
1046,1.0,1,1,1
1047,0.2,1,0,0
1048,0.2,2,1,1
1049,2.2,2,1,1
1050,0.2,1,1,1
1051,0.2,1,0,1
1052,0.2,0,0,0
1053,1.0,1,1,1
1054,0.2,1,1,1
1055,1.0,0,1,1
1056,0.2,1,0,0
1057,0.2,2,0,0
1058,0.2,3,0,0
1059,1.0,1,1,1
1060,0.2,1,1,1
1061,0.2,1,1,1
1062,0.2,0,1,0
1063,1.0,1,1,1
1064,0.2,1,0,0
1065,1.0,2,0,0
1066,0.2,0,0,0
1067,1.0,0,1,1
1068,0.2,1,1,1
1069,0.2,1,0,1
1070,0.2,3,0,1
1071,0.2,0,0,1
1072,0.2,2,1,1
1073,1.0,1,1,0
1074,0.2,2,1,0
1075,1.0,3,1,1
1076,0.2,1,0,0
1077,0.2,0,1,1
1078,0.2,3,0,0
1079,0.2,3,0,0
1080,0.2,0,0,1
1081,2.2,1,1,1
1082,0.2,0,0,0
1083,0.2,2,0,0
1084,1.0,2,1,1
1085,1.0,1,0,0
1086,0.2,0,1,1
1087,0.2,2,1,1
1088,0.2,3,0,0
1089,1.0,1,1,1
1090,0.2,1,0,0
1091,0.2,2,1,1
1092,0.2,3,0,0
1093,0.2,1,1,0
1094,0.2,3,1,1
1095,0.2,1,1,1
1096,0.2,1,1,1
1097,0.2,2,1,1
1098,0.2,3,1,0
1099,0.2,1,0,0
1100,0.2,1,1,1
1101,1.0,2,1,1
1102,0.2,1,0,0
1103,0.2,1,1,0
1104,0.2,1,1,1
1105,0.2,1,0,0
1106,0.2,1,0,1
1107,1.0,2,1,1
1108,0.2,0,0,0
1109,1.0,1,1,1
1110,0.2,1,1,1
1111,1.0,2,1,1
1112,1.0,3,1,1
1113,0.2,2,0,0
1114,2.2,2,1,1
1115,0.2,1,1,0
1116,1.0,2,0,0
1117,0.2,3,0,0
1118,0.2,2,0,0
1119,0.2,3,1,1
1120,0.2,3,1,0
1121,0.2,1,1,1
1122,0.2,2,0,0
1123,2.2,2,1,1
1124,0.2,1,0,1
1125,0.2,2,0,0
1126,0.2,3,1,1
1127,0.2,0,1,1
1128,0.2,2,0,0
1129,0.2,1,0,0
1130,0.2,1,0,0
1131,0.2,0,1,0
1132,0.2,1,0,0
1133,0.2,1,1,1
1134,1.0,1,1,1
1135,2.2,2,1,1
1136,0.2,1,1,1
1137,0.2,1,1,1
1138,0.2,1,1,1
1139,1.0,1,0,0
1140,0.2,2,0,1
1141,0.2,2,1,1
1142,0.2,2,0,0
1143,1.0,2,0,0
1144,0.2,2,0,0
1145,0.2,1,0,0
1146,1.0,2,1,1
1147,0.2,0,0,0
1148,0.2,1,0,0
1149,0.2,2,1,1
1150,1.0,0,1,1
1151,0.2,2,0,0
1152,0.2,2,1,0
1153,1.0,2,0,1
1154,0.2,1,0,0
1155,0.2,2,1,1
1156,1.0,2,0,0
1157,0.2,3,1,0
1158,0.2,2,0,0
1159,0.2,3,1,0
1160,0.2,1,1,0
1161,1.0,1,1,1
1162,0.2,2,0,0
1163,0.2,1,0,0
1164,3.0,0,0,1
1165,0.2,1,1,1
1166,0.2,2,1,0
1167,0.2,3,1,1
1168,0.2,1,1,1
1169,0.2,0,0,0
1170,0.2,2,1,0
1171,0.2,1,0,0
1172,0.2,1,1,0
1173,0.2,1,1,1
1174,0.2,1,1,0
1175,2.2,1,1,1
1176,0.2,2,1,1
1177,0.2,2,0,0
1178,0.2,1,0,1
1179,1.0,0,1,1
1180,0.2,1,0,0
1181,0.2,1,0,0
1182,0.2,2,1,1
1183,1.0,2,1,1
1184,0.2,3,0,1
1185,0.2,2,0,0
1186,0.2,3,0,0
1187,0.2,3,0,1
1188,0.2,0,0,0
1189,0.2,1,0,0
1190,0.2,1,0,0
1191,0.2,2,1,1
1192,0.2,0,1,1
1193,0.2,1,1,1
1194,0.2,2,1,0
1195,1.0,1,0,0
1196,0.2,2,1,1
1197,1.0,1,1,0
1198,0.2,1,0,0
1199,0.2,2,1,1
1200,0.2,0,1,1
1201,2.2,0,1,1
1202,0.2,1,1,1
1203,0.2,0,0,1
1204,1.0,1,1,1
1205,1.0,1,1,1
1206,0.2,3,0,0
1207,0.2,1,0,1
1208,1.0,3,0,0
1209,0.2,2,0,0
1210,0.2,1,0,0
1211,0.2,3,1,0
1212,0.2,1,1,0
1213,0.2,1,1,0
1214,1.0,3,0,0
1215,0.2,2,0,0
1216,0.2,0,0,0
1217,0.2,0,0,1
1218,0.2,0,1,0
1219,0.2,2,0,1
1220,0.2,3,1,0
1221,0.2,1,0,0
1222,0.2,2,1,0
1223,1.0,3,0,1
1224,0.2,2,1,0
1225,1.0,1,1,1
1226,0.2,1,0,0
1227,1.0,1,1,1
1228,0.2,2,0,0
1229,1.0,1,0,0
1230,0.2,3,0,0
1231,0.2,2,0,0
1232,0.2,1,1,1
1233,0.2,3,0,0
1234,1.0,1,0,1
1235,0.2,1,1,0
1236,1.0,2,0,0
1237,0.2,2,0,0
1238,0.2,2,0,1
1239,0.2,1,1,0
1240,0.2,1,1,1
1241,0.2,2,1,1
1242,0.2,3,1,0
1243,0.2,1,1,1
1244,0.2,1,1,1
1245,0.2,2,0,0
1246,0.2,1,1,1
1247,0.2,1,1,1
1248,1.0,2,0,0
1249,0.2,2,0,0
1250,0.2,1,0,0
1251,0.2,1,1,0
1252,0.2,2,0,0
1253,0.2,1,1,1
1254,1.0,1,0,1
1255,0.2,2,0,0
1256,0.2,0,1,1
1257,0.2,0,1,1
1258,0.2,2,1,1
1259,0.2,2,1,0
1260,0.2,3,1,1
1261,0.2,1,1,1
1262,1.0,2,1,1
1263,1.0,1,1,1
1264,0.2,2,0,0
1265,0.2,2,0,1
1266,0.2,0,0,0
1267,0.2,3,0,0
1268,1.0,2,1,1
1269,0.2,1,0,0
1270,0.2,1,0,0
1271,0.2,3,0,0
1272,0.2,2,1,1
1273,1.0,1,0,1
1274,0.2,2,1,1
1275,0.2,1,0,1
1276,0.2,2,0,0
1277,1.0,2,0,0
1278,0.2,2,1,0
1279,0.2,2,0,0
1280,0.2,1,0,1
1281,0.2,3,0,0
1282,0.2,2,1,1
1283,0.2,1,0,0
1284,0.2,2,0,0
1285,0.2,1,0,0
1286,0.2,2,1,0
1287,0.2,1,0,0
1288,0.2,1,0,0
1289,0.2,1,1,1
1290,1.0,2,1,1
1291,0.2,3,0,0
1292,0.2,1,1,0
1293,0.2,3,1,1
1294,0.2,2,1,1
1295,0.2,1,0,0
1296,0.2,1,0,0
1297,0.2,0,0,0
1298,0.2,0,0,0
1299,2.2,2,1,1
1300,0.2,1,0,1
1301,0.2,1,1,1
1302,1.0,3,1,1
1303,0.2,1,1,1
1304,0.2,2,1,1
1305,0.2,1,0,0
1306,0.2,1,0,1
1307,1.0,3,1,0
1308,0.2,2,0,1
1309,0.2,2,0,0
1310,1.0,1,1,1
1311,0.2,1,1,0
1312,0.2,3,1,1
1313,0.2,2,0,0
1314,0.2,2,0,0
1315,0.2,1,0,0
1316,0.2,2,0,0
1317,0.2,2,1,1
1318,0.2,2,1,0
1319,1.0,0,1,1
1320,0.2,1,1,1
1321,0.2,3,1,1
1322,1.0,2,0,1
1323,0.2,0,1,1
1324,0.2,1,0,0
1325,0.2,1,0,0
1326,0.2,2,0,1
1327,0.2,1,1,0
1328,0.2,2,0,0
1329,0.2,2,0,0
1330,0.2,0,1,1
1331,1.0,0,1,1
1332,0.2,2,1,0
1333,1.0,2,0,0
1334,0.2,2,0,0
1335,0.2,3,1,1
1336,0.2,1,0,0
1337,0.2,2,1,1
1338,0.2,1,0,0
1339,1.0,2,1,1
1340,0.2,2,0,0
1341,0.2,3,1,1
1342,0.2,1,1,1
1343,0.2,3,0,0
1344,1.0,2,1,1
1345,0.2,0,0,1
1346,0.2,2,0,0
1347,0.2,1,0,0
1348,1.0,0,0,0
1349,1.0,2,0,0
1350,0.2,3,0,0
1351,0.2,1,0,0
1352,1.0,2,0,0
1353,0.2,2,1,1
1354,0.2,3,1,1
1355,2.2,2,0,1
1356,0.2,1,1,1
1357,1.0,1,0,1
1358,0.2,2,0,0
1359,1.0,2,0,0
1360,0.2,0,0,0
1361,0.2,3,1,1
1362,1.0,2,0,1
1363,0.2,1,1,0
1364,0.2,2,1,0
1365,1.0,2,1,1
1366,0.2,0,1,1
1367,0.2,0,1,1
1368,0.2,2,1,0
1369,0.2,1,1,1
1370,1.0,2,0,1
1371,0.2,1,0,0
1372,0.2,2,0,0
1373,0.2,2,1,1
1374,0.2,3,0,0
1375,0.2,1,1,0
1376,0.2,1,0,0
1377,0.2,2,0,0
1378,1.0,0,1,1
1379,0.2,3,1,0
1380,0.2,1,1,1
1381,1.0,2,1,1
1382,1.0,3,1,1
1383,0.2,1,0,0
1384,0.2,1,1,0
1385,0.2,2,1,1
1386,0.2,1,1,1
1387,0.2,1,1,0
1388,0.2,2,0,0
1389,0.2,1,1,0
1390,2.2,1,1,1
1391,0.2,0,1,1
1392,2.2,2,1,1
1393,0.2,2,0,0
1394,0.2,1,0,0
1395,1.0,1,0,0
1396,0.2,2,0,1
1397,0.2,1,1,1
1398,0.2,0,0,0
1399,0.2,1,1,0
1400,0.2,3,0,0
1401,0.2,2,0,0
1402,0.2,1,0,0
1403,0.2,2,0,0
1404,0.2,1,0,0
1405,1.0,2,0,1
1406,0.2,2,0,0
1407,0.2,2,1,0
1408,0.2,1,0,0
1409,0.2,2,1,1
1410,0.2,1,1,0
1411,1.0,2,1,1
1412,0.2,1,0,0
1413,0.2,3,1,1
1414,0.2,2,0,0
1415,1.0,1,1,1
1416,0.2,1,1,1
1417,0.2,0,1,0
1418,0.2,1,0,0
1419,1.0,2,0,0
1420,1.0,1,0,1
1421,0.2,2,0,1
1422,0.2,2,0,0
1423,0.2,2,0,0
1424,0.2,2,1,1
1425,0.2,1,1,1
1426,0.2,0,1,1
1427,0.2,2,1,1
1428,0.2,0,0,1
1429,1.0,2,1,1
1430,1.0,0,1,1
1431,0.2,1,0,0
1432,0.2,2,0,1
1433,0.2,1,0,1
1434,1.0,2,1,1
1435,1.0,3,1,1
1436,0.2,1,0,0
1437,0.2,1,1,1
1438,1.0,2,1,1
1439,0.2,1,0,0
1440,0.2,3,0,0
1441,0.2,1,0,1
1442,0.2,2,1,1
1443,0.2,2,1,0
1444,1.0,2,0,1
1445,0.2,3,1,1
1446,0.2,1,0,0
1447,1.0,1,1,1
1448,0.2,1,0,0
1449,0.2,1,0,0
1450,0.2,3,1,1
1451,0.2,1,1,0
1452,1.0,2,0,0
1453,1.0,1,0,0
1454,0.2,3,0,0
1455,0.2,1,0,1
1456,1.0,1,1,1
1457,0.2,1,0,0
1458,0.2,1,0,0
1459,0.2,1,0,0
1460,0.2,2,0,0
1461,0.2,1,0,1
1462,0.2,1,1,0
1463,1.0,1,1,1
1464,1.0,1,0,1
1465,0.2,1,0,0
1466,1.0,2,0,0
1467,0.2,2,0,0
1468,0.2,1,0,0
1469,0.2,2,1,0
1470,0.2,1,1,1
1471,0.2,3,0,0
1472,1.0,1,0,1
1473,0.2,2,0,0
1474,0.2,1,0,0
1475,0.2,1,0,0
1476,0.2,1,1,1
1477,0.2,2,0,0
1478,0.2,1,0,0
1479,1.0,1,1,1
1480,1.0,1,1,1
1481,1.0,2,0,0
1482,0.2,2,0,0
1483,0.2,1,1,1
1484,0.2,3,1,0
1485,0.2,2,0,0
1486,0.2,0,1,1
1487,0.2,0,0,0
1488,0.2,2,0,1
1489,0.2,2,1,1
1490,0.2,0,1,1
1491,0.2,2,1,1
1492,0.2,0,1,1
1493,0.2,2,0,0
1494,0.2,1,1,1
1495,0.2,1,0,0
1496,0.2,0,1,1
1497,0.2,2,0,0
1498,0.2,2,0,0
1499,0.2,3,0,0
1500,0.2,2,1,0
1501,0.2,0,0,1
1502,1.0,1,0,0
1503,0.2,2,1,1
1504,0.2,3,1,0
1505,0.2,3,1,0
1506,0.2,2,1,1
1507,0.2,0,1,1
1508,0.2,0,1,1
1509,0.2,2,1,1
1510,1.0,0,1,1
1511,0.2,1,1,1
1512,0.2,2,0,0
1513,0.2,2,1,1
1514,0.2,2,1,1
1515,0.2,3,0,1
1516,0.2,1,0,0
1517,0.2,1,0,0
1518,0.2,2,0,0
1519,0.2,2,1,1
1520,0.2,2,1,0
1521,0.2,2,1,0
1522,0.2,1,1,0
1523,0.2,0,1,1
1524,1.0,1,1,1
1525,0.2,2,0,0
1526,1.0,0,1,1
1527,1.0,2,1,1
1528,0.2,2,1,1
1529,0.2,1,1,1
1530,1.0,2,1,1
1531,1.0,1,1,1
1532,1.0,2,1,1
1533,0.2,0,1,1
1534,0.2,2,0,0
1535,0.2,3,1,1
1536,0.2,1,0,0
1537,0.2,2,1,0
1538,0.2,3,1,1
1539,0.2,1,1,1
1540,0.2,2,0,0
1541,0.2,2,0,0
1542,0.2,3,0,0
1543,0.2,2,0,0
1544,1.0,2,0,0
1545,1.0,2,1,0
1546,0.2,1,0,0
1547,0.2,3,0,1
1548,0.2,2,1,1
1549,0.2,3,0,0
1550,0.2,2,0,1
1551,0.2,1,1,0
1552,0.2,1,0,0
1553,0.2,2,1,1
1554,0.2,1,1,1
1555,0.2,1,0,0
1556,1.0,3,0,0
1557,0.2,1,0,0
1558,0.2,2,0,1
1559,0.2,1,1,1
1560,0.2,1,0,0
1561,0.2,2,1,1
1562,0.2,1,0,0
1563,1.0,2,1,1
1564,1.0,2,0,0
1565,0.2,1,1,1
1566,0.2,2,1,1
1567,0.2,3,1,0
1568,1.0,0,1,1
1569,0.2,1,0,1
1570,1.0,1,0,0
1571,0.2,2,0,0
1572,0.2,2,0,0
1573,1.0,1,1,1
1574,1.0,0,0,1
1575,0.2,2,1,0
1576,0.2,1,0,0
1577,0.2,1,1,0
1578,0.2,1,1,1
1579,0.2,1,0,0
1580,0.2,1,0,0
1581,0.2,1,0,0
1582,1.0,2,1,1
1583,0.2,3,0,0
1584,1.0,1,1,1
1585,0.2,3,0,0
1586,1.0,2,1,1
1587,0.2,1,0,0
1588,0.2,2,0,0
1589,0.2,1,0,0
1590,0.2,2,1,1
1591,1.0,1,1,1
1592,2.2,3,1,1
1593,0.2,1,0,0
1594,0.2,1,1,1
1595,0.2,2,0,0
1596,0.2,1,0,1
1597,0.2,1,0,1
1598,0.2,0,0,0
1599,0.2,2,1,0
1600,0.2,2,1,1
1601,1.0,1,1,1
1602,0.2,1,0,0
1603,0.2,1,0,1
1604,0.2,1,1,1
1605,0.2,2,1,1
1606,0.2,3,0,0
1607,0.2,1,0,0
1608,0.2,1,0,1
1609,0.2,2,0,0
1610,0.2,3,0,0
1611,0.2,1,0,0
1612,0.2,2,0,0
1613,2.2,2,0,1
1614,0.2,3,0,0
1615,1.0,2,0,0
1616,0.2,2,1,1
1617,0.2,2,1,1
1618,0.2,3,0,0
1619,0.2,2,0,0
1620,1.0,1,1,1
1621,0.2,0,0,1
1622,0.2,3,0,0
1623,0.2,1,1,1
1624,0.2,0,1,1
1625,0.2,1,1,1
1626,0.2,1,0,0
1627,1.0,2,1,1
1628,1.0,2,1,1
1629,0.2,1,1,0
1630,0.2,1,0,0
1631,0.2,2,0,0
1632,0.2,2,1,1
1633,0.2,0,0,1
1634,0.2,1,1,0
1635,0.2,2,0,1
1636,0.2,1,1,1
1637,0.2,1,0,0
1638,2.2,3,1,1
1639,0.2,1,0,1
1640,1.0,2,1,0
1641,0.2,2,1,0
1642,0.2,2,1,1
1643,0.2,2,0,0
1644,1.0,2,1,1
1645,1.0,2,1,1
1646,1.0,2,1,1
1647,0.2,3,0,0
1648,0.2,1,0,0
1649,1.0,2,1,1
1650,0.2,3,0,0
1651,0.2,3,0,0
1652,1.0,2,1,1
1653,1.0,0,0,1
1654,1.0,1,1,1
1655,0.2,1,1,0
1656,0.2,1,0,0
1657,0.2,1,0,1
1658,0.2,0,1,1
1659,1.0,2,1,1
1660,0.2,2,1,1
1661,0.2,2,0,0
1662,0.2,2,0,0
1663,0.2,1,1,1
1664,0.2,1,1,1
1665,0.2,0,0,0
1666,0.2,3,0,0
1667,0.2,1,0,1
1668,0.2,1,1,1
1669,0.2,2,0,0
1670,0.2,2,1,0
1671,1.0,2,1,1
1672,0.2,1,1,1
1673,1.0,1,1,1
1674,0.2,2,0,0
1675,0.2,2,1,1
1676,1.0,2,0,0
1677,0.2,2,0,0
1678,0.2,3,1,1
1679,0.2,0,1,1
1680,0.2,0,0,0
1681,1.0,1,1,1
1682,0.2,1,1,1
1683,0.2,2,0,0
1684,0.2,2,0,0
1685,0.2,2,0,0
1686,0.2,2,0,0
1687,1.0,2,1,1
1688,1.0,1,1,1
1689,0.2,2,1,0
1690,0.2,1,1,1
1691,0.2,1,1,1
1692,1.0,2,1,1
1693,0.2,1,0,0
1694,1.0,0,1,1
1695,0.2,0,1,0
1696,0.2,2,0,0
1697,0.2,3,0,0
1698,0.2,1,0,0
1699,0.2,3,1,0
1700,1.0,2,0,1
1701,0.2,1,1,1
1702,1.0,1,1,0
1703,0.2,2,0,1
1704,0.2,2,0,0
1705,0.2,2,0,0
1706,0.2,2,1,0
1707,0.2,2,0,0
1708,0.2,1,0,0
1709,0.2,2,0,0
1710,0.2,0,1,1
1711,0.2,1,1,0
1712,0.2,1,0,1
1713,0.2,2,0,0
1714,0.2,3,0,0
1715,1.0,1,1,1
1716,0.2,2,1,1
1717,0.2,3,1,1
1718,0.2,3,0,0
1719,0.2,2,1,0
1720,0.2,3,0,0
1721,0.2,1,0,1
1722,0.2,2,0,0
1723,2.2,1,1,1
1724,0.2,1,0,0
1725,0.2,2,1,1
1726,1.0,2,1,1
1727,0.2,1,0,0
1728,0.2,3,1,1
1729,3.0,1,1,1
1730,1.0,2,0,0
1731,0.2,1,0,0
1732,0.2,2,0,0
1733,0.2,1,0,0
1734,0.2,0,1,1
1735,1.0,3,1,1
1736,0.2,1,0,0
1737,0.2,2,0,1
1738,0.2,2,1,1
1739,1.0,2,1,1
1740,0.2,1,0,0
1741,0.2,2,1,0
1742,1.0,2,1,1
1743,1.0,1,1,1
1744,0.2,2,0,0
1745,0.2,2,1,1
1746,0.2,3,0,0
1747,1.0,0,0,0
1748,0.2,2,1,0
1749,0.2,0,1,1
1750,0.2,3,0,1
1751,0.2,2,0,0
1752,1.0,2,1,1
1753,1.0,1,1,1
1754,0.2,1,1,1
1755,0.2,2,0,0
1756,0.2,2,1,0
1757,0.2,0,1,1
1758,0.2,3,1,1
1759,0.2,1,1,1
1760,0.2,2,1,1
1761,0.2,1,1,1
1762,0.2,2,0,0
1763,1.0,1,1,1
1764,0.2,3,1,0
1765,0.2,1,0,0
1766,1.0,0,1,0
1767,0.2,1,0,1
1768,0.2,1,0,0
1769,0.2,1,0,0
1770,1.0,0,1,1
1771,0.2,0,1,1
1772,1.0,1,1,1
1773,0.2,0,1,1
1774,0.2,2,0,0
1775,2.2,1,0,1
1776,0.2,1,0,0
1777,0.2,3,0,0
1778,0.2,2,0,0
1779,1.0,3,1,1
1780,0.2,2,1,0
1781,0.2,2,0,0
1782,0.2,2,1,1
1783,1.0,3,1,0
1784,0.2,2,1,1
1785,1.0,1,0,0
1786,1.0,2,1,1
1787,0.2,2,0,0
1788,0.2,3,0,0
1789,1.0,1,1,1
1790,1.0,1,0,1
1791,0.2,2,0,0
1792,0.2,3,0,0
1793,0.2,2,0,1
1794,1.0,3,1,1
1795,0.2,2,0,0
1796,1.0,2,1,1
1797,0.2,1,0,0
1798,0.2,1,1,0
1799,0.2,2,0,0
1800,0.2,1,1,1
1801,0.2,1,0,0
1802,0.2,3,0,0
1803,1.0,2,0,1
1804,0.2,1,1,1
1805,0.2,2,0,0
1806,1.0,1,1,1
1807,0.2,2,0,0
1808,1.0,1,1,1
1809,1.0,0,1,1
1810,0.2,1,1,1
1811,0.2,1,0,1
1812,0.2,1,0,1
1813,0.2,3,0,0
1814,0.2,2,1,1
1815,0.2,1,1,1
1816,0.2,2,0,1
1817,0.2,1,1,1
1818,1.0,3,1,1
1819,0.2,3,0,0
1820,0.2,2,1,1
1821,0.2,1,1,1
1822,1.0,1,1,1
1823,1.0,1,1,1
1824,0.2,2,0,0
1825,1.0,1,1,1
1826,1.0,2,1,1
1827,1.0,3,1,1
1828,0.2,0,1,0
1829,0.2,2,0,0
1830,0.2,2,0,0
1831,0.2,3,0,0
1832,0.2,1,0,1
1833,0.2,0,1,0
1834,0.2,2,0,0
1835,0.2,1,0,0
1836,1.0,1,1,1
1837,0.2,3,1,0
1838,0.2,1,0,0
1839,0.2,1,1,0
1840,0.2,2,0,0
1841,1.0,3,1,1
1842,0.2,1,0,0
1843,0.2,1,0,0
1844,1.0,1,0,0
1845,0.2,1,1,1
1846,0.2,1,0,0
1847,0.2,0,1,1
1848,0.2,2,0,0
1849,0.2,0,1,1
1850,0.2,3,0,0
1851,0.2,2,0,0
1852,0.2,1,0,0
1853,0.2,3,0,0
1854,0.2,2,1,0
1855,0.2,1,1,1
1856,0.2,2,1,1
1857,0.2,3,0,0
1858,0.2,2,0,1
1859,0.2,1,0,0
1860,0.2,2,1,0
1861,0.2,1,1,1
1862,0.2,2,0,0
1863,0.2,2,1,0
1864,0.2,2,1,1
1865,0.2,0,0,0
1866,0.2,1,1,0
1867,0.2,2,1,1
1868,1.0,1,1,1
1869,0.2,0,0,0
1870,1.0,2,1,1
1871,1.0,2,1,0
1872,1.0,1,0,1
1873,0.2,0,0,0
1874,0.2,0,1,1
1875,0.2,2,1,1
1876,0.2,1,0,1
1877,0.2,1,0,0
1878,0.2,0,1,0
1879,0.2,2,0,0
1880,1.0,1,0,1
1881,0.2,2,1,0
1882,1.0,0,1,1
1883,1.0,1,0,1
1884,0.2,2,0,0
1885,0.2,2,0,0
1886,0.2,3,0,0
1887,0.2,1,0,0
1888,0.2,2,1,1
1889,0.2,2,1,1
1890,0.2,2,0,0
1891,0.2,1,1,1
1892,0.2,3,0,0
1893,0.2,2,0,0
1894,0.2,2,0,0
1895,0.2,2,1,0
1896,1.0,2,1,1
1897,0.2,3,1,0
1898,0.2,3,0,0
1899,0.2,1,1,0
1900,1.0,0,1,1
1901,0.2,1,0,1
1902,1.0,2,0,0
1903,2.2,0,1,1
1904,0.2,2,1,1
1905,1.0,1,1,1
1906,0.2,3,0,1
1907,0.2,1,1,1
1908,0.2,2,0,0
1909,0.2,2,0,0
1910,1.0,1,1,1
1911,1.0,1,1,1
1912,0.2,3,0,0
1913,0.2,1,1,1
1914,0.2,0,1,1
1915,0.2,3,0,1
1916,0.2,2,1,1
1917,0.2,1,0,0
1918,0.2,0,1,1
1919,0.2,1,0,1
1920,0.2,0,1,1
1921,0.2,1,1,1
1922,0.2,0,1,0
1923,0.2,2,1,0
1924,0.2,0,1,1
1925,0.2,2,1,1
1926,0.2,2,1,1
1927,0.2,3,0,0
1928,1.0,0,0,1
1929,0.2,0,1,1
1930,0.2,1,0,1
1931,0.2,2,0,0
1932,1.0,3,0,1
1933,1.0,3,0,0
1934,0.2,1,1,1
1935,1.0,2,1,1
1936,2.2,2,1,1
1937,0.2,1,1,1
1938,0.2,2,0,0
1939,0.2,0,0,0
1940,1.0,2,1,0
1941,0.2,0,1,1
1942,0.2,1,1,1
1943,0.2,3,0,0
1944,0.2,1,0,0
1945,0.2,2,0,0
1946,0.2,2,1,0
1947,0.2,1,1,1
1948,0.2,2,1,1
1949,0.2,1,0,0
1950,1.0,0,1,1
1951,0.2,1,0,0
1952,0.2,2,0,0
1953,1.0,1,1,1
1954,0.2,0,0,0
1955,0.2,1,0,0
1956,0.2,2,0,0
1957,0.2,1,1,0
1958,0.2,1,1,1
1959,0.2,3,0,0
1960,0.2,3,0,0
1961,0.2,3,0,0
1962,0.2,2,0,0
1963,0.2,2,0,0
1964,0.2,3,0,1
1965,0.2,1,0,0
1966,0.2,1,0,0
1967,1.0,0,0,1
1968,0.2,1,0,1
1969,0.2,2,1,0
1970,1.0,2,0,0
1971,0.2,1,1,1
1972,0.2,0,0,0
1973,0.2,1,0,0
1974,0.2,2,0,0
1975,0.2,2,0,1
1976,0.2,3,1,1
1977,0.2,1,0,0
1978,0.2,1,0,0
1979,0.2,1,1,1
1980,0.2,2,1,1
1981,0.2,1,1,0
1982,0.2,2,1,1
1983,0.2,1,0,0
1984,0.2,1,1,1
1985,1.0,1,1,1
1986,0.2,3,1,1
1987,0.2,2,0,0
1988,0.2,1,0,1
1989,0.2,2,0,0
1990,0.2,1,0,1
1991,0.2,2,1,1
1992,0.2,3,1,0
1993,0.2,2,0,0
1994,0.2,1,1,1
1995,0.2,1,1,1
1996,0.2,1,0,0
1997,0.2,2,0,0
1998,0.2,1,0,0
1999,0.2,2,0,0
2000,0.2,2,0,0
2001,1.0,1,1,1
2002,0.2,3,1,0
2003,1.0,1,0,0
2004,1.0,1,0,0
2005,0.2,3,1,1
2006,2.2,1,0,1
2007,0.2,1,1,1
2008,0.2,1,1,1
2009,0.2,2,0,0
2010,0.2,3,1,0
2011,0.2,3,1,0
2012,0.2,0,1,1
2013,0.2,2,0,0
2014,0.2,2,1,0
2015,0.2,3,1,1
2016,0.2,2,0,0
2017,0.2,1,0,0
2018,0.2,2,0,0
2019,0.2,3,0,1
2020,0.2,3,1,0
2021,0.2,2,0,1
2022,1.0,0,1,1
2023,1.0,1,0,1
2024,0.2,2,1,0
2025,0.2,1,0,0
2026,0.2,0,1,1
2027,0.2,3,1,0
2028,0.2,1,1,1
2029,0.2,1,1,1
2030,1.0,0,1,1
2031,0.2,2,1,1
2032,0.2,1,1,1
2033,0.2,0,0,0
2034,2.2,0,1,1
2035,1.0,2,0,1
2036,0.2,2,1,0
2037,0.2,2,1,1
2038,1.0,2,1,1
2039,0.2,3,0,1
2040,0.2,2,0,0
2041,0.2,2,0,0
2042,1.0,1,0,0
2043,0.2,0,1,1
2044,0.2,0,1,1
2045,0.2,1,0,0
2046,0.2,0,1,1
2047,0.2,2,0,0
2048,0.2,1,0,0
2049,0.2,2,0,0
2050,1.0,1,1,1
2051,0.2,0,1,1
2052,0.2,1,0,1
2053,0.2,3,0,0
2054,0.2,1,0,0
2055,0.2,1,0,0
2056,0.2,3,0,1
2057,0.2,0,1,1
2058,1.0,2,1,1
2059,0.2,2,0,0
2060,0.2,0,0,1
2061,1.0,2,0,1
2062,0.2,2,1,1
2063,0.2,2,0,0
2064,0.2,2,1,1
2065,0.2,3,0,0
2066,1.0,0,1,1
2067,0.2,3,0,0
2068,0.2,0,1,1
2069,0.2,2,0,0
2070,0.2,2,1,0
2071,1.0,1,1,1
2072,0.2,2,0,1
2073,0.2,2,1,1
2074,1.0,2,0,0
2075,0.2,0,0,1
2076,0.2,1,1,1
2077,0.2,2,0,0
2078,0.2,3,0,0
2079,0.2,1,0,1
2080,1.0,3,1,1
2081,1.0,1,0,0
2082,2.2,1,0,1
2083,0.2,0,0,0
2084,0.2,1,0,0
2085,0.2,3,0,0
2086,0.2,2,0,1
2087,0.2,0,0,0
2088,0.2,1,1,0
2089,1.0,1,0,0
2090,0.2,1,1,1
2091,0.2,1,1,0
2092,1.0,2,0,0
2093,0.2,3,0,1
2094,0.2,2,1,1
2095,0.2,2,0,0
2096,0.2,2,0,1
2097,1.0,3,0,1
2098,0.2,1,1,0
2099,0.2,0,0,0
2100,0.2,1,1,1
2101,0.2,2,1,1
2102,0.2,2,1,0
2103,0.2,2,0,0
2104,0.2,2,0,0
2105,1.0,3,1,1
2106,0.2,2,0,0
2107,0.2,2,0,0
2108,0.2,2,0,0
2109,1.0,0,0,1
2110,0.2,2,1,1
2111,0.2,1,1,1
2112,0.2,1,1,0
2113,1.0,2,1,1
2114,0.2,2,0,0
2115,1.0,1,1,1
2116,1.0,0,1,1
2117,1.0,2,0,0
2118,0.2,2,0,1
2119,1.0,2,0,1
2120,0.2,2,0,0
2121,0.2,1,1,1
2122,0.2,1,1,1
2123,1.0,1,1,1
2124,0.2,3,1,0
2125,0.2,0,1,1
2126,1.0,1,1,1
2127,0.2,1,1,1
2128,0.2,0,0,0
2129,0.2,3,0,0
2130,0.2,2,0,0
2131,0.2,2,0,0
2132,0.2,2,0,0
2133,0.2,0,1,1
2134,0.2,1,0,1
2135,0.2,0,1,1
2136,0.2,1,1,0
2137,0.2,0,1,1
2138,1.0,2,1,1
2139,0.2,1,0,0
2140,1.0,1,0,1
2141,0.2,1,1,1
2142,0.2,1,1,0
2143,1.0,1,1,1
2144,1.0,1,1,1
2145,0.2,1,1,0
2146,0.2,1,1,1
2147,0.2,2,0,0
2148,1.0,1,1,1
2149,0.2,2,1,1
2150,0.2,3,1,1
2151,1.0,1,1,1
2152,0.2,2,0,0
2153,1.0,1,1,1
2154,0.2,3,0,0
2155,1.0,2,1,1
2156,0.2,2,1,1
2157,0.2,1,1,1
2158,0.2,0,0,1
2159,0.2,2,0,0
2160,0.2,1,0,0
2161,0.2,1,1,1
2162,1.0,0,1,1
2163,0.2,1,1,1
2164,0.2,1,0,0
2165,0.2,1,1,0
2166,1.0,2,1,1
2167,0.2,2,1,0
2168,1.0,2,0,0
2169,0.2,0,1,1
2170,0.2,1,1,1
2171,0.2,3,1,1
2172,1.0,0,0,1
2173,0.2,1,1,1
2174,0.2,3,0,0
2175,1.0,3,1,1
2176,0.2,2,0,0
2177,0.2,0,1,1
2178,1.0,2,1,1
2179,0.2,2,1,1
2180,0.2,0,0,1
2181,0.2,2,0,0
2182,1.0,2,1,1
2183,0.2,2,1,1
2184,0.2,2,1,1
2185,0.2,2,1,1
2186,0.2,2,1,1
2187,0.2,1,1,0
2188,1.0,3,0,1
2189,0.2,0,1,1
2190,0.2,1,0,0
2191,0.2,3,0,0
2192,0.2,1,0,0
2193,0.2,3,1,0
2194,1.0,1,1,1
2195,0.2,1,0,0
2196,0.2,0,0,0
2197,1.0,2,0,0
2198,0.2,2,0,0
2199,0.2,1,1,1
2200,1.0,2,1,1
2201,1.0,1,0,1
2202,1.0,0,1,0
2203,0.2,2,0,0
2204,0.2,2,1,0
2205,0.2,2,1,1
2206,0.2,2,0,0
2207,0.2,1,0,1
2208,0.2,2,0,0
2209,1.0,1,1,1
2210,0.2,2,1,1
2211,0.2,1,1,1
2212,1.0,0,1,1
2213,2.2,2,1,1
2214,0.2,2,0,0
2215,0.2,3,1,1
2216,0.2,0,1,1
2217,0.2,1,1,1
2218,0.2,3,0,0
2219,0.2,1,0,0
2220,0.2,1,0,1
2221,0.2,2,0,0
2222,1.0,2,1,1
2223,0.2,2,0,0
2224,1.0,2,0,0
2225,0.2,0,1,1
2226,0.2,1,1,1
2227,0.2,2,1,1
2228,2.2,2,1,1
2229,1.0,2,0,0
2230,1.0,2,1,1
2231,0.2,1,1,1
2232,0.2,2,1,0
2233,0.2,3,1,1
2234,0.2,2,0,0
2235,0.2,1,0,0
2236,0.2,1,1,1
2237,0.2,1,0,0
2238,1.0,1,1,1
2239,0.2,2,0,0
2240,0.2,3,1,1
2241,0.2,2,1,1
2242,1.0,1,1,1
2243,0.2,1,1,1
2244,0.2,2,0,0
2245,0.2,1,0,1
2246,1.0,1,1,1
2247,1.0,1,1,1
2248,0.2,2,1,1
2249,2.2,1,0,1
2250,1.0,2,1,1
2251,0.2,3,1,0
2252,0.2,1,0,0
2253,0.2,2,0,0
2254,0.2,3,0,0
2255,0.2,1,1,1
2256,0.2,1,0,0
2257,1.0,1,1,0
2258,0.2,0,1,1
2259,0.2,1,0,0
2260,0.2,3,1,1
2261,0.2,0,0,0
2262,0.2,2,1,0
2263,0.2,1,1,0
2264,0.2,3,0,1
2265,0.2,1,1,1
2266,0.2,0,0,0
2267,0.2,1,0,0
2268,0.2,1,1,1
2269,0.2,2,0,0
2270,0.2,2,0,0
2271,0.2,2,0,0
2272,0.2,2,0,1
2273,0.2,2,0,0
2274,0.2,3,1,1
2275,0.2,0,1,1
2276,0.2,2,1,1
2277,1.0,1,1,1
2278,0.2,2,1,1
2279,0.2,2,0,0
2280,0.2,1,0,0
2281,1.0,1,0,0
2282,0.2,1,0,0
2283,0.2,2,0,0
2284,0.2,2,1,1
2285,0.2,1,0,0
2286,0.2,2,1,1
2287,1.0,2,1,0
2288,1.0,2,1,1
2289,0.2,1,1,1
2290,1.0,1,1,1
2291,0.2,3,0,0
2292,1.0,3,1,1
2293,1.0,1,0,1
2294,0.2,0,0,0
2295,0.2,1,0,0
2296,0.2,3,0,0
2297,0.2,1,1,0
2298,0.2,2,0,0
2299,0.2,0,1,1
2300,0.2,0,0,1
2301,0.2,3,0,0
2302,1.0,1,1,1
2303,0.2,2,0,1
2304,1.0,1,1,1
2305,0.2,2,0,0
2306,0.2,3,1,0
2307,0.2,1,1,0
2308,0.2,2,1,1
2309,0.2,1,1,0
2310,0.2,1,0,0
2311,0.2,1,1,0
2312,0.2,1,1,1
2313,1.0,1,0,0
2314,0.2,1,0,0
2315,0.2,1,1,0
2316,1.0,1,0,1
2317,0.2,2,0,0
2318,0.2,3,1,0
2319,0.2,2,1,1
2320,0.2,2,0,1
2321,1.0,1,0,0
2322,0.2,1,0,0
2323,0.2,1,1,1
2324,2.2,1,1,1
2325,0.2,2,1,0
2326,0.2,2,0,0
2327,0.2,1,1,1
2328,1.0,1,1,1
2329,0.2,3,0,0
2330,0.2,3,0,0
2331,0.2,3,1,1
2332,0.2,2,0,0
2333,1.0,2,1,1
2334,0.2,1,1,1
2335,1.0,2,1,1
2336,1.0,1,1,1
2337,0.2,2,0,0
2338,0.2,2,1,1
2339,2.2,0,1,1
2340,0.2,1,1,1
2341,1.0,2,0,1
2342,0.2,2,0,0
2343,0.2,2,1,1
2344,0.2,0,1,1
2345,1.0,2,1,1
2346,1.0,0,0,1
2347,0.2,1,0,1
2348,0.2,1,1,0
2349,0.2,1,1,1
2350,0.2,2,0,0
2351,1.0,2,1,1
2352,0.2,1,1,0
2353,1.0,1,1,1
2354,2.2,2,1,1
2355,0.2,1,0,0
2356,0.2,1,0,1
2357,1.0,2,0,1
2358,0.2,3,0,0
2359,0.2,1,0,0
2360,1.0,1,1,0
2361,0.2,3,0,0
2362,0.2,1,1,1
2363,1.0,0,1,1
2364,0.2,2,0,0
2365,0.2,2,1,1
2366,0.2,2,1,1
2367,0.2,1,1,1
2368,0.2,2,0,0
2369,1.0,1,1,1
2370,0.2,2,0,0
2371,0.2,2,1,0
2372,1.0,2,0,0
2373,0.2,3,0,0
2374,0.2,1,1,1
2375,0.2,1,0,0
2376,1.0,2,1,1
2377,0.2,1,1,1
2378,0.2,2,0,1
2379,0.2,3,1,1
2380,1.0,0,1,1
2381,0.2,0,1,1
2382,0.2,1,1,1
2383,1.0,3,1,1
2384,0.2,0,1,0
2385,2.2,1,1,1
2386,0.2,2,1,0
2387,0.2,1,0,0
2388,0.2,0,1,1
2389,0.2,1,1,0
2390,0.2,2,0,0
2391,0.2,3,1,1
2392,0.2,3,1,0
2393,1.0,2,0,0
2394,2.2,1,1,1
2395,0.2,1,1,0
2396,0.2,2,0,0
2397,0.2,2,0,0
2398,0.2,1,1,1
2399,0.2,0,0,0
2400,0.2,1,1,1
2401,0.2,2,0,0
2402,0.2,1,0,0
2403,0.2,2,1,1
2404,0.2,1,0,0
2405,1.0,1,1,1
2406,0.2,1,0,0
2407,0.2,0,0,0
2408,0.2,2,1,1
2409,0.2,3,1,0
2410,0.2,1,1,1
2411,0.2,2,0,0
2412,0.2,3,0,0
2413,0.2,1,0,1
2414,1.0,3,0,0
2415,1.0,1,1,1
2416,0.2,1,1,1
2417,0.2,1,0,0
2418,0.2,1,1,1
2419,0.2,1,1,0
2420,0.2,1,1,0
2421,0.2,1,1,1
2422,0.2,3,1,1
2423,0.2,2,0,0
2424,1.0,3,0,1
2425,0.2,0,1,1
2426,0.2,0,1,1
2427,1.0,1,1,1
2428,1.0,2,0,0
2429,0.2,3,0,0
2430,0.2,1,1,0
2431,1.0,1,0,1
2432,0.2,2,0,0
2433,1.0,3,0,1
2434,0.2,3,1,0
2435,0.2,1,0,0
2436,0.2,1,1,1
2437,0.2,1,1,1
2438,0.2,2,1,0
2439,0.2,1,1,1
2440,0.2,2,1,0
2441,0.2,2,0,0
2442,0.2,1,1,1
2443,0.2,3,0,0
2444,0.2,0,0,0
2445,0.2,2,0,0
2446,0.2,2,1,1
2447,0.2,2,1,0
2448,1.0,0,1,1
2449,0.2,3,1,0
2450,0.2,3,1,0
2451,0.2,2,0,0
2452,0.2,2,0,1
2453,0.2,2,0,0
2454,0.2,1,0,0
2455,0.2,2,0,0
2456,0.2,3,1,0
2457,0.2,1,0,0
2458,0.2,1,1,0
2459,1.0,0,1,1
2460,0.2,1,1,1
2461,0.2,1,1,1
2462,0.2,0,0,1
2463,0.2,1,0,0
2464,1.0,3,1,1
2465,0.2,1,0,0
2466,1.0,3,1,1
2467,0.2,1,0,0
2468,0.2,1,1,1
2469,0.2,3,1,0
2470,1.0,3,1,1
2471,0.2,2,0,0
2472,0.2,1,0,0
2473,0.2,2,1,1
2474,0.2,2,1,1
2475,0.2,0,1,1
2476,0.2,1,0,1
2477,0.2,0,0,0
2478,0.2,2,0,0
2479,0.2,2,0,0
2480,0.2,1,0,0
2481,0.2,3,0,1
2482,0.2,1,0,0
2483,1.0,1,1,1
2484,0.2,1,1,1
2485,0.2,2,1,1
2486,1.0,2,0,1
2487,0.2,2,1,1
2488,0.2,0,1,1
2489,0.2,3,1,1
2490,0.2,2,0,0
2491,0.2,2,0,0
2492,2.2,1,0,1
2493,0.2,2,0,0
2494,1.0,2,0,1
2495,0.2,2,0,0
2496,0.2,3,1,1
2497,0.2,2,1,0
2498,0.2,2,1,0
2499,0.2,1,1,1
2500,0.2,2,1,1
2501,1.0,2,1,1
2502,1.0,2,1,1
2503,0.2,0,0,0
2504,0.2,2,0,0
2505,0.2,2,0,0
2506,1.0,2,0,0
2507,1.0,0,1,1
2508,0.2,2,0,1
2509,0.2,1,0,0
2510,0.2,1,0,0
2511,0.2,0,1,0
2512,1.0,0,1,1
2513,0.2,1,1,1
2514,0.2,2,0,0
2515,0.2,2,1,0
2516,1.0,1,0,1
2517,1.0,0,1,1
2518,0.2,2,1,1
2519,0.2,3,0,0
2520,0.2,2,1,1
2521,0.2,1,0,0
2522,1.0,1,0,0
2523,2.2,0,0,1
2524,0.2,0,0,0
2525,0.2,1,0,0
2526,0.2,2,0,0
2527,0.2,3,0,0
2528,0.2,1,0,0
2529,0.2,2,0,0
2530,1.0,2,1,0
2531,0.2,2,1,1
2532,0.2,1,0,0
2533,0.2,2,1,1
2534,0.2,2,1,0
2535,0.2,3,0,0
2536,0.2,3,1,1
2537,0.2,2,1,1
2538,0.2,1,0,0
2539,0.2,2,1,1
2540,0.2,1,1,1
2541,0.2,2,0,0
2542,0.2,1,1,0
2543,0.2,2,1,1
2544,1.0,1,1,1
2545,0.2,1,0,0
2546,1.0,1,1,1
2547,0.2,1,0,1
2548,1.0,2,1,1
2549,0.2,2,0,0
2550,0.2,3,0,0
2551,1.0,1,1,1
2552,0.2,1,1,0
2553,1.0,1,1,1
2554,0.2,2,0,0
2555,0.2,1,1,0
2556,0.2,0,1,1
2557,0.2,2,0,0
2558,0.2,3,0,0
2559,0.2,0,0,0
2560,0.2,2,0,0
2561,1.0,3,1,1
2562,0.2,3,0,0
2563,0.2,3,1,1
2564,0.2,2,0,0
2565,0.2,1,0,0
2566,0.2,2,0,0
2567,0.2,3,1,0
2568,0.2,2,0,0
2569,0.2,0,1,1
2570,0.2,2,0,0
2571,1.0,1,1,1
2572,1.0,2,1,1
2573,0.2,3,0,1
2574,1.0,3,1,1
2575,0.2,1,1,1
2576,2.2,1,1,1
2577,0.2,3,0,0
2578,0.2,2,1,0
2579,0.2,2,1,0
2580,0.2,3,1,1
2581,0.2,2,1,0
2582,0.2,1,0,1
2583,0.2,1,1,0
2584,0.2,3,0,0
2585,0.2,2,0,0
2586,1.0,2,1,1
2587,0.2,1,1,0
2588,0.2,2,1,0
2589,0.2,2,0,0
2590,0.2,1,1,1
2591,0.2,2,0,0
2592,0.2,2,1,1
2593,0.2,0,1,1
2594,0.2,2,0,0
2595,0.2,1,1,1
2596,0.2,2,0,0
2597,0.2,2,0,0
2598,0.2,2,1,0
2599,0.2,2,0,0
2600,2.2,2,0,1
2601,1.0,1,0,1
2602,0.2,2,0,0
2603,0.2,1,0,0
2604,1.0,1,1,1
2605,0.2,0,0,0
2606,0.2,3,1,0
2607,0.2,2,0,1
2608,0.2,1,0,1
2609,0.2,3,1,1
2610,0.2,3,0,1
2611,0.2,0,0,0
2612,0.2,3,0,0
2613,0.2,2,1,0
2614,0.2,1,0,0
2615,0.2,1,1,1
2616,0.2,0,1,0
2617,0.2,1,1,1
2618,0.2,1,1,1
2619,1.0,1,1,1
2620,0.2,1,0,0
2621,0.2,2,0,0
2622,0.2,1,1,0
2623,0.2,2,0,0
2624,0.2,2,0,0
2625,0.2,2,1,0
2626,0.2,1,1,1
2627,1.0,1,1,1
2628,0.2,2,1,0
2629,0.2,1,0,0
2630,1.0,1,1,1
2631,1.0,2,1,1
2632,0.2,2,0,0
2633,1.0,2,0,0
2634,0.2,2,0,0
2635,0.2,1,0,0
2636,0.2,2,1,1
2637,0.2,2,0,0
2638,0.2,1,1,0
2639,0.2,1,1,1
2640,0.2,3,0,0
2641,0.2,2,0,0
2642,0.2,2,1,1
2643,1.0,3,1,1
2644,0.2,2,0,0
2645,1.0,2,1,1
2646,0.2,1,0,0
2647,0.2,0,1,1
2648,0.2,1,0,1
2649,0.2,1,1,1
2650,0.2,0,1,1
2651,0.2,1,0,1
2652,0.2,3,0,0
2653,0.2,1,0,0
2654,0.2,1,1,0
2655,0.2,0,1,1
2656,0.2,3,0,0
2657,1.0,3,1,1
2658,0.2,0,0,0
2659,0.2,1,1,1
2660,1.0,1,0,1
2661,0.2,3,0,0
2662,0.2,2,0,0
2663,0.2,1,1,1
2664,0.2,1,1,0
2665,0.2,1,1,1
2666,0.2,3,0,0
2667,0.2,3,0,0
2668,0.2,1,1,1
2669,0.2,1,1,1
2670,0.2,0,1,1
2671,1.0,0,1,1
2672,0.2,3,0,1
2673,0.2,2,0,0
2674,1.0,1,0,0
2675,0.2,1,1,1
2676,0.2,2,0,0
2677,1.0,2,1,1
2678,1.0,1,0,0
2679,0.2,1,1,0
2680,0.2,2,1,1
2681,0.2,2,1,1
2682,1.0,2,1,0
2683,1.0,2,1,1
2684,0.2,2,0,0
2685,0.2,2,0,0
2686,0.2,2,0,0
2687,1.0,2,0,0
2688,0.2,1,0,0
2689,0.2,2,1,0
2690,0.2,2,0,0
2691,0.2,1,1,1
2692,0.2,1,1,1
2693,1.0,1,0,0
2694,0.2,2,1,1
2695,1.0,1,1,1
2696,1.0,2,0,0
2697,0.2,2,0,0
2698,0.2,1,0,0
2699,0.2,2,0,0
2700,1.0,2,1,1
2701,0.2,3,0,0
2702,0.2,1,0,0
2703,1.0,2,0,0
2704,0.2,2,1,1
2705,0.2,0,1,0
2706,0.2,2,0,0
2707,0.2,1,1,0
2708,0.2,3,0,0
2709,0.2,1,0,0
2710,1.0,2,1,0
2711,0.2,2,0,0
2712,0.2,2,1,1
2713,0.2,0,1,0
2714,1.0,2,1,1
2715,0.2,3,1,1
2716,0.2,2,1,1
2717,0.2,1,1,1
2718,0.2,1,1,1
2719,0.2,0,0,0
2720,0.2,1,0,0
2721,1.0,2,1,0
2722,1.0,2,0,0
2723,0.2,2,1,0
2724,0.2,1,0,0
2725,0.2,1,0,0
2726,1.0,2,1,1
2727,0.2,1,0,1
2728,0.2,2,1,1
2729,0.2,1,0,1
2730,0.2,2,0,0
2731,1.0,2,1,1
2732,0.2,2,0,0
2733,0.2,2,0,0
2734,1.0,1,1,1
2735,0.2,2,1,1
2736,0.2,0,1,1
2737,1.0,2,0,1
2738,0.2,2,1,1
2739,0.2,1,0,0
2740,0.2,3,0,0
2741,0.2,0,0,0
2742,0.2,1,0,0
2743,0.2,3,0,0
2744,0.2,1,0,0
2745,0.2,1,1,1
2746,1.0,3,1,1
2747,1.0,1,1,1
2748,0.2,3,0,0
2749,1.0,2,1,1
2750,1.0,0,0,1
2751,0.2,1,0,0
2752,0.2,1,0,0
2753,0.2,1,0,0
2754,0.2,1,1,0
2755,0.2,1,1,1
2756,0.2,3,1,1
2757,0.2,1,1,1
2758,0.2,3,0,0
2759,1.0,1,1,1
2760,0.2,1,0,0
2761,0.2,2,1,1
2762,0.2,1,1,1
2763,0.2,3,0,0
2764,1.0,1,1,1
2765,0.2,2,0,0
2766,1.0,3,1,1
2767,0.2,1,1,1
2768,0.2,1,0,0
2769,1.0,1,1,1
2770,1.0,2,0,0
2771,0.2,2,1,1
2772,0.2,3,0,0
2773,2.2,0,1,1
2774,0.2,2,0,0
2775,1.0,0,1,1
2776,1.0,1,0,1
2777,0.2,1,0,0
2778,0.2,1,1,1
2779,0.2,0,0,1
2780,0.2,2,0,1
2781,0.2,1,0,0
2782,1.0,3,0,0
2783,0.2,1,0,0
2784,0.2,1,0,1
2785,0.2,1,0,0
2786,0.2,2,1,0
2787,0.2,1,0,0
2788,0.2,1,1,1
2789,0.2,1,0,1
2790,0.2,2,1,0
2791,0.2,2,1,1
2792,1.0,1,1,1
2793,0.2,3,0,0
2794,0.2,2,1,1
2795,0.2,2,1,1
2796,0.2,2,0,0
2797,0.2,2,0,0
2798,0.2,2,0,0
2799,0.2,1,1,1
2800,0.2,1,1,1
2801,2.2,3,1,1
2802,0.2,1,0,0
2803,0.2,1,0,0
2804,0.2,1,1,0
2805,1.0,1,1,1
2806,0.2,2,0,0
2807,0.2,0,1,1
2808,0.2,0,1,1
2809,0.2,2,1,1
2810,0.2,1,1,1
2811,0.2,1,0,0
2812,0.2,1,0,0
2813,0.2,1,0,1
2814,0.2,3,1,0
2815,2.2,2,0,1
2816,0.2,1,1,1
2817,0.2,2,1,1
2818,0.2,1,0,0
2819,0.2,1,1,1
2820,0.2,1,1,1
2821,0.2,3,0,0
2822,0.2,1,1,1
2823,1.0,1,0,1
2824,0.2,2,1,0
2825,2.2,2,1,1
2826,0.2,1,0,0
2827,0.2,1,0,0
2828,0.2,1,1,0
2829,0.2,3,0,0
2830,1.0,2,0,0
2831,0.2,3,0,0
2832,0.2,2,1,1
2833,0.2,1,0,0
2834,2.2,1,1,1
2835,1.0,0,1,1
2836,0.2,2,0,0
2837,0.2,1,1,1
2838,0.2,3,1,0
2839,0.2,0,1,1
2840,0.2,0,0,1
2841,0.2,2,1,1
2842,0.2,1,1,1
2843,0.2,3,0,0
2844,0.2,1,1,0
2845,0.2,3,1,1
2846,0.2,1,1,1
2847,0.2,2,1,0
2848,1.0,2,1,1
2849,0.2,3,0,0
2850,1.0,2,0,0
2851,1.0,0,1,1
2852,0.2,2,0,0
2853,0.2,2,0,1
2854,0.2,3,1,0
2855,0.2,3,1,1
2856,1.0,1,1,1
2857,0.2,1,0,1
2858,2.2,2,1,1
2859,0.2,0,0,0
2860,0.2,1,0,0
2861,0.2,1,0,0
2862,0.2,2,0,1
2863,0.2,0,1,1
2864,0.2,1,1,1
2865,0.2,1,1,1
2866,0.2,1,1,1
2867,0.2,2,1,1
2868,0.2,0,1,1
2869,1.0,2,1,0
2870,0.2,2,0,0
2871,0.2,2,0,0
2872,1.0,3,1,0
2873,0.2,1,1,0
2874,1.0,2,1,1
2875,0.2,2,0,0
2876,0.2,2,1,1
2877,0.2,1,1,1
2878,0.2,2,1,1
2879,0.2,2,1,0
2880,0.2,2,1,1
2881,0.2,2,0,0
2882,0.2,2,0,0
2883,0.2,1,0,0
2884,1.0,3,1,1
2885,0.2,1,0,0
2886,0.2,1,1,1
2887,1.0,2,1,1
2888,0.2,2,0,0
2889,3.4000000000000004,0,0,1
2890,0.2,2,0,0
2891,1.0,2,1,1
2892,0.2,1,0,1
2893,0.2,2,0,0
2894,0.2,1,1,1
2895,0.2,1,1,1
2896,1.0,1,1,1
2897,2.2,0,0,1
2898,1.0,1,0,0
2899,1.0,1,1,1
2900,0.2,2,1,0
2901,1.0,1,1,1
2902,1.0,2,0,0
2903,0.2,1,0,0
2904,0.2,0,1,1
2905,0.2,2,0,0
2906,2.2,0,1,1
2907,0.2,2,0,0
2908,0.2,0,0,0
2909,0.2,1,0,0
2910,0.2,2,1,0
2911,0.2,0,0,0
2912,1.0,2,1,1
2913,0.2,1,0,0
2914,0.2,2,1,1
2915,0.2,1,1,1
2916,1.0,1,0,0
2917,1.0,3,0,0
2918,0.2,1,1,1
2919,0.2,1,1,1
2920,0.2,2,0,0
2921,0.2,1,1,0
2922,0.2,1,0,0
2923,1.0,1,1,1
2924,1.0,2,1,1
2925,1.0,2,0,1
2926,0.2,2,0,0
2927,0.2,1,0,0
2928,0.2,1,0,0
2929,0.2,2,0,0
2930,0.2,2,0,0
2931,0.2,2,1,1
2932,0.2,1,0,0
2933,0.2,1,0,0
2934,0.2,2,1,1
2935,0.2,3,0,0
2936,0.2,2,0,0
2937,0.2,1,1,1
2938,1.0,2,0,1
2939,0.2,1,0,0
2940,0.2,1,0,1
2941,0.2,1,0,1
2942,0.2,1,0,0
2943,0.2,2,0,0
2944,0.2,2,0,0
2945,0.2,3,0,0
2946,0.2,2,0,0
2947,0.2,1,0,0
2948,0.2,1,1,0
2949,0.2,0,0,0
2950,0.2,2,0,0
2951,0.2,1,0,0
2952,0.2,3,0,0
2953,1.0,1,1,1
2954,0.2,1,0,0
2955,0.2,1,0,1
2956,1.0,2,1,1
2957,0.2,1,0,1
2958,0.2,0,1,0
2959,0.2,1,0,0
2960,2.2,2,0,1
2961,0.2,3,1,1
2962,0.2,2,0,0
2963,0.2,1,1,1
2964,0.2,1,0,0
2965,0.2,1,0,1
2966,0.2,0,0,0
2967,0.2,2,1,1
2968,1.0,2,0,0
2969,0.2,1,0,1
2970,0.2,2,1,0
2971,0.2,1,0,0
2972,1.0,2,1,1
2973,0.2,0,1,1
2974,1.0,1,1,1
2975,0.2,2,0,0
2976,0.2,2,1,1
2977,0.2,1,0,1
2978,0.2,1,0,0
2979,0.2,1,0,0
2980,1.0,2,0,1
2981,1.0,0,1,1
2982,1.0,3,1,0
2983,0.2,1,0,1
2984,2.2,0,1,1
2985,0.2,1,0,0
2986,0.2,0,1,1
2987,0.2,2,0,0
2988,1.0,1,0,1
2989,0.2,1,0,0
2990,0.2,2,1,1
2991,0.2,1,0,0
2992,0.2,2,1,1
2993,0.2,1,0,1
2994,0.2,1,1,1
2995,0.2,1,0,0
2996,0.2,1,0,0
2997,0.2,2,0,0
2998,0.2,2,0,0
2999,1.0,2,1,1
3000,0.2,2,0,0
3001,0.2,1,1,1
3002,0.2,1,0,0
3003,0.2,2,0,0
3004,0.2,1,1,1
3005,1.0,0,1,1
3006,2.2,2,1,1
3007,0.2,2,1,0
3008,0.2,2,1,1
3009,0.2,1,0,0
3010,0.2,2,0,0
3011,0.2,1,0,0
3012,1.0,2,1,1
3013,1.0,2,0,0
3014,0.2,3,1,1
3015,0.2,1,0,0
3016,1.0,2,1,1
3017,1.0,3,1,1
3018,0.2,1,0,0
3019,0.2,0,0,0
3020,0.2,2,0,0
3021,1.0,2,1,0
3022,0.2,2,0,1
3023,0.2,1,1,1
3024,0.2,3,0,0
3025,0.2,0,1,0
3026,0.2,0,0,0
3027,0.2,2,0,0
3028,0.2,2,1,1
3029,1.0,1,1,1
3030,0.2,1,0,0
3031,1.0,2,1,1
3032,0.2,1,0,0
3033,0.2,3,1,1
3034,0.2,2,1,0
3035,0.2,3,1,1
3036,1.0,2,0,0
3037,0.2,2,1,1
3038,2.2,1,1,1
3039,1.0,1,1,1
3040,1.0,2,0,0
3041,0.2,2,0,0
3042,0.2,2,0,0
3043,1.0,1,1,1
3044,0.2,2,1,1
3045,0.2,0,0,0
3046,0.2,1,0,1
3047,0.2,2,1,1
3048,0.2,2,1,0
3049,0.2,2,1,0
3050,0.2,1,0,0
3051,0.2,1,0,0
3052,0.2,1,1,1
3053,1.0,1,1,1
3054,1.0,0,1,1
3055,0.2,2,0,1
3056,0.2,2,1,1
3057,1.0,1,1,1
3058,1.0,2,0,0
3059,0.2,0,1,1
3060,0.2,2,0,0
3061,1.0,1,1,1
3062,0.2,2,1,1
3063,2.2,2,0,1
3064,0.2,2,0,0
3065,0.2,2,1,1
3066,0.2,0,1,0
3067,1.0,0,1,0
3068,0.2,1,1,0
3069,1.0,1,0,1
3070,0.2,1,1,0
3071,0.2,2,1,1
3072,0.2,0,1,1
3073,0.2,0,1,1
3074,0.2,1,0,0
3075,0.2,0,1,1
3076,0.2,1,1,1
3077,0.2,2,0,0
3078,0.2,2,0,0
3079,1.0,3,0,1
3080,1.0,1,1,1
3081,0.2,0,0,0
3082,0.2,2,1,0
3083,1.0,1,0,0
3084,1.0,2,1,1
3085,0.2,0,1,1
3086,0.2,2,0,0
3087,0.2,2,0,0
3088,0.2,1,0,0
3089,0.2,1,0,0
3090,0.2,1,0,1
3091,0.2,3,0,0
3092,0.2,2,1,0
3093,1.0,3,0,1
3094,0.2,1,0,0
3095,2.2,1,1,1
3096,1.0,0,0,1
3097,0.2,1,0,1
3098,0.2,1,1,1
3099,0.2,1,1,1
3100,1.0,0,1,1
3101,1.0,0,1,1
3102,0.2,1,0,0
3103,0.2,1,0,0
3104,0.2,2,0,0
3105,0.2,3,0,0
3106,2.2,0,1,1
3107,0.2,1,1,0
3108,1.0,1,0,1
3109,0.2,2,0,0
3110,0.2,3,1,0
3111,0.2,2,1,0
3112,0.2,1,1,0
3113,0.2,2,0,0
3114,1.0,2,1,0
3115,0.2,1,0,1
3116,0.2,1,0,0
3117,1.0,2,1,1
3118,0.2,0,1,1
3119,0.2,2,0,0
3120,0.2,0,1,0
3121,0.2,0,1,1
3122,0.2,2,0,0
3123,1.0,2,0,1
3124,0.2,0,0,0
3125,0.2,1,1,1
3126,0.2,0,1,1
3127,0.2,1,0,0
3128,0.2,0,0,0
3129,1.0,1,0,1
3130,0.2,3,0,0
3131,1.0,1,1,1
3132,0.2,1,0,1
3133,0.2,1,0,1
3134,0.2,1,1,1
3135,1.0,3,0,1
3136,1.0,0,0,0
3137,0.2,0,1,1
3138,0.2,2,0,0
3139,0.2,1,0,1
3140,0.2,1,1,0
3141,0.2,0,0,1
3142,0.2,2,0,0
3143,0.2,1,1,1
3144,1.0,2,0,1
3145,1.0,1,0,0
3146,0.2,2,0,1
3147,0.2,2,0,0
3148,1.0,0,1,1
3149,0.2,1,0,1
3150,0.2,3,1,0
3151,1.0,1,0,0
3152,0.2,2,1,1
3153,0.2,1,1,0
3154,0.2,1,1,1
3155,0.2,0,0,0
3156,0.2,1,1,0
3157,0.2,1,0,0
3158,0.2,2,0,0
3159,0.2,1,1,1
3160,0.2,3,0,0
3161,0.2,3,0,0
3162,0.2,0,0,1
3163,0.2,3,1,1
3164,1.0,0,0,1
3165,0.2,1,0,1
3166,0.2,2,1,0
3167,0.2,1,0,0
3168,1.0,1,1,1
3169,0.2,1,0,1
3170,0.2,3,0,0
3171,1.0,2,1,1
3172,0.2,3,1,0
3173,1.0,3,1,1
3174,1.0,1,0,1
3175,0.2,2,1,1
3176,0.2,0,1,0
3177,0.2,1,1,0
3178,0.2,1,1,0
3179,0.2,1,1,0
3180,0.2,2,1,1
3181,1.0,1,1,1
3182,0.2,2,0,0
3183,0.2,1,1,0
3184,0.2,2,0,0
3185,1.0,3,0,0
3186,0.2,2,1,1
3187,0.2,2,0,0
3188,1.0,0,0,0
3189,0.2,1,0,0
3190,0.2,1,0,1
3191,0.2,3,0,0
3192,0.2,3,1,1
3193,1.0,3,1,0
3194,0.2,1,0,1
3195,1.0,2,1,1
3196,0.2,2,1,1
3197,0.2,0,0,0
3198,0.2,1,1,1
3199,1.0,1,0,0
3200,0.2,2,0,0
3201,0.2,2,1,1
3202,0.2,0,1,1
3203,0.2,1,0,0
3204,0.2,1,0,0
3205,0.2,2,1,1
3206,0.2,2,1,0
3207,0.2,2,0,1
3208,1.0,2,0,0
3209,1.0,2,1,0
3210,0.2,2,1,0
3211,0.2,2,0,0
3212,1.0,1,1,1
3213,0.2,2,1,0
3214,0.2,1,1,1
3215,0.2,2,0,0
3216,0.2,1,1,1
3217,1.0,0,1,1
3218,0.2,2,1,1
3219,0.2,0,1,0
3220,0.2,1,0,0
3221,0.2,1,0,0
3222,0.2,2,0,1
3223,0.2,2,0,0
3224,0.2,3,1,1
3225,0.2,3,1,0
3226,1.0,2,0,1
3227,0.2,1,0,0
3228,0.2,1,1,1
3229,0.2,1,0,0
3230,0.2,2,1,0
3231,0.2,0,1,1
3232,0.2,1,0,0
3233,0.2,2,0,0
3234,0.2,2,1,0
3235,0.2,1,1,1
3236,0.2,2,1,1
3237,0.2,0,0,0
3238,0.2,2,1,1
3239,0.2,1,0,0
3240,0.2,1,0,0
3241,0.2,2,0,0
3242,1.0,1,1,1
3243,0.2,2,0,0
3244,0.2,1,0,0
3245,0.2,1,1,1
3246,0.2,3,0,0
3247,0.2,1,0,0
3248,1.0,2,1,1
3249,0.2,1,0,1
3250,0.2,2,0,0
3251,0.2,2,0,1
3252,0.2,2,0,1
3253,0.2,2,1,0
3254,1.0,1,1,1
3255,0.2,3,0,0
3256,0.2,1,1,0
3257,0.2,1,0,0
3258,0.2,1,0,0
3259,1.0,3,0,1
3260,0.2,1,1,1
3261,1.0,1,1,0
3262,0.2,3,1,1
3263,0.2,2,0,0
3264,1.0,1,1,0
3265,0.2,0,1,1
3266,0.2,0,0,1
3267,0.2,1,0,0
3268,2.2,1,1,1
3269,0.2,1,0,0
3270,0.2,1,1,1
3271,0.2,2,0,0
3272,0.2,2,1,1
3273,1.0,1,1,1
3274,0.2,2,0,0
3275,0.2,0,1,1
3276,0.2,2,1,1
3277,1.0,2,1,0
3278,0.2,1,0,1
3279,1.0,1,1,1
3280,1.0,0,1,1
3281,0.2,2,1,1
3282,0.2,0,1,1
3283,0.2,1,0,0
3284,1.0,2,1,1
3285,1.0,0,1,0
3286,1.0,2,0,0
3287,0.2,2,0,0
3288,0.2,2,1,1
3289,1.0,1,1,1
3290,1.0,2,0,0
3291,0.2,2,1,1
3292,0.2,2,0,1
3293,0.2,2,0,1
3294,0.2,0,1,1
3295,0.2,2,0,0
3296,0.2,2,0,1
3297,0.2,2,0,0
3298,0.2,2,1,1
3299,2.2,1,0,1
3300,0.2,2,1,1
3301,0.2,1,0,0
3302,0.2,1,1,1
3303,0.2,1,0,1
3304,0.2,3,1,0
3305,0.2,1,0,0
3306,0.2,3,1,0
3307,0.2,2,0,0
3308,0.2,2,0,0
3309,0.2,1,0,0
3310,1.0,1,0,0
3311,0.2,2,0,0
3312,0.2,2,1,0
3313,1.0,2,1,1
3314,0.2,0,1,1
3315,0.2,1,0,0
3316,0.2,0,0,0
3317,0.2,2,1,1
3318,1.0,2,0,1
3319,0.2,2,1,0
3320,0.2,3,1,1
3321,0.2,2,0,0
3322,1.0,1,1,1
3323,0.2,1,1,0
3324,0.2,2,1,1
3325,0.2,1,0,0
3326,0.2,1,0,1
3327,0.2,1,0,0
3328,0.2,2,1,0
3329,0.2,2,0,0
3330,0.2,1,1,1
3331,0.2,1,0,0
3332,0.2,0,1,1
3333,1.0,0,1,1
3334,0.2,1,1,1
3335,0.2,1,0,0
3336,1.0,3,0,0
3337,1.0,1,1,1
3338,0.2,0,0,0
3339,0.2,2,0,0
3340,0.2,2,0,1
3341,0.2,2,0,0
3342,0.2,2,0,0
3343,0.2,2,0,0
3344,0.2,0,0,0
3345,0.2,1,0,0
3346,0.2,0,1,1
3347,0.2,1,0,0
3348,0.2,2,1,1
3349,0.2,2,1,1
3350,0.2,3,0,0
3351,0.2,0,1,0
3352,0.2,1,1,1
3353,2.2,3,1,1
3354,1.0,2,0,0
3355,0.2,3,0,0
3356,1.0,0,1,1
3357,0.2,2,0,1
3358,0.2,3,1,1
3359,1.0,0,1,1
3360,0.2,1,0,0
3361,1.0,2,0,0
3362,0.2,1,0,0
3363,0.2,2,0,0
3364,1.0,2,0,0
3365,0.2,2,1,0
3366,0.2,1,0,0
3367,0.2,2,0,1
3368,0.2,2,1,1
3369,0.2,1,0,0
3370,0.2,3,0,0
3371,0.2,1,0,0
3372,2.2,1,1,1
3373,0.2,2,0,0
3374,0.2,0,1,1
3375,1.0,2,0,0
3376,0.2,2,1,0
3377,0.2,1,1,1
3378,0.2,0,0,0
3379,0.2,1,0,0
3380,0.2,0,0,0
3381,0.2,2,0,0
3382,1.0,1,0,1
3383,0.2,2,1,0
3384,1.0,1,1,1
3385,0.2,3,0,0
3386,0.2,2,1,1
3387,0.2,2,1,0
3388,0.2,2,0,0
3389,0.2,0,0,0
3390,1.0,2,1,1
3391,0.2,1,0,0
3392,0.2,1,1,1
3393,1.0,2,1,1
3394,1.0,1,1,1
3395,3.4000000000000004,3,1,1
3396,0.2,2,1,0
3397,0.2,1,1,0
3398,1.0,0,1,1
3399,0.2,1,0,0
3400,0.2,2,1,1
3401,0.2,1,0,0
3402,1.0,1,0,0
3403,0.2,3,1,1
3404,1.0,3,0,0
3405,0.2,2,1,1
3406,0.2,3,1,1
3407,0.2,2,0,0
3408,2.2,0,1,1
3409,0.2,1,1,1
3410,0.2,1,0,0
3411,0.2,2,1,1
3412,0.2,2,0,1
3413,0.2,3,0,1
3414,0.2,1,0,0
3415,0.2,2,0,0
3416,0.2,2,0,0
3417,1.0,2,1,1
3418,0.2,1,1,1
3419,1.0,2,1,1
3420,0.2,3,0,0
3421,0.2,1,1,1
3422,0.2,2,0,0
3423,0.2,2,1,0
3424,0.2,2,1,0
3425,1.0,1,1,1
3426,1.0,1,0,1
3427,1.0,2,0,1
3428,0.2,1,1,1
3429,2.2,2,1,1
3430,0.2,2,1,0
3431,0.2,1,1,0
3432,1.0,1,1,1
3433,0.2,2,0,0
3434,0.2,2,0,0
3435,0.2,2,1,0
3436,1.0,1,1,1
3437,0.2,2,0,1
3438,0.2,2,1,0
3439,0.2,1,1,1
3440,0.2,2,1,1
3441,0.2,2,0,0
3442,2.2,0,1,1
3443,0.2,3,0,0
3444,0.2,1,0,0
3445,1.0,1,0,1
3446,0.2,0,0,0
3447,0.2,0,0,0
3448,0.2,1,0,0
3449,0.2,1,1,1
3450,0.2,3,0,0
3451,0.2,1,0,0
3452,1.0,0,0,0
3453,0.2,1,1,1
3454,0.2,2,0,0
3455,0.2,1,0,0
3456,0.2,1,0,0
3457,0.2,1,0,0
3458,0.2,1,0,1
3459,1.0,1,0,0
3460,0.2,1,1,1
3461,1.0,1,1,0
3462,1.0,3,1,1
3463,0.2,3,0,1
3464,1.0,1,1,1
3465,0.2,1,0,0
3466,2.2,1,1,1
3467,1.0,1,0,0
3468,1.0,0,0,1
3469,0.2,3,0,0
3470,0.2,2,0,0
3471,0.2,1,1,0
3472,1.0,2,0,1
3473,0.2,1,0,0
3474,1.0,1,1,1
3475,0.2,1,1,1
3476,0.2,1,1,1
3477,0.2,2,0,0
3478,1.0,2,0,0
3479,0.2,1,0,0
3480,0.2,1,1,1
3481,0.2,1,0,0
3482,0.2,1,1,1
3483,0.2,2,0,1
3484,1.0,0,1,1
3485,0.2,0,1,1
3486,0.2,3,0,0
3487,0.2,3,0,0
3488,0.2,2,1,1
3489,0.2,2,1,1
3490,0.2,0,0,0
3491,0.2,1,0,0
3492,0.2,1,1,1
3493,0.2,1,1,0
3494,0.2,3,1,1
3495,0.2,2,1,1
3496,0.2,2,1,1
3497,0.2,2,0,1
3498,0.2,2,1,0
3499,0.2,2,0,0
3500,0.2,0,0,0
3501,1.0,1,1,1
3502,1.0,2,0,0
3503,1.0,2,1,1
3504,1.0,2,0,0
3505,1.0,1,1,1
3506,0.2,1,1,1
3507,0.2,3,1,1
3508,0.2,0,1,1
3509,0.2,1,0,0
3510,2.2,1,1,1
3511,1.0,2,0,0
3512,0.2,1,0,0
3513,0.2,2,1,1
3514,2.2,2,1,1
3515,0.2,1,1,1
3516,0.2,2,0,0
3517,1.0,3,0,1
3518,0.2,0,1,1
3519,1.0,0,0,1
3520,0.2,1,0,1
3521,0.2,1,1,1
3522,0.2,1,1,0
3523,0.2,2,1,0
3524,1.0,1,1,1
3525,0.2,1,0,0
3526,0.2,1,0,0
3527,0.2,1,0,1
3528,0.2,2,1,1
3529,0.2,3,0,0
3530,0.2,2,1,1
3531,0.2,2,0,0
3532,0.2,1,0,0
3533,0.2,3,0,0
3534,0.2,2,0,0
3535,0.2,0,1,1
3536,2.2,2,1,1
3537,0.2,0,0,0
3538,0.2,2,0,0
3539,0.2,0,0,1
3540,0.2,2,1,0
3541,1.0,1,0,0
3542,2.2,2,1,1
3543,0.2,2,1,1
3544,0.2,0,1,1
3545,0.2,2,0,0
3546,0.2,3,1,0
3547,0.2,2,0,0
3548,0.2,1,1,0
3549,1.0,3,1,1
3550,1.0,1,0,1
3551,0.2,1,1,1
3552,0.2,1,0,0
3553,0.2,0,0,0
3554,0.2,2,1,0
3555,0.2,2,1,0
3556,0.2,2,0,0
3557,0.2,3,0,0
3558,0.2,1,1,0
3559,0.2,1,1,1
3560,1.0,3,1,0
3561,0.2,2,0,0
3562,0.2,2,0,0
3563,0.2,2,1,1
3564,1.0,1,1,1
3565,0.2,2,1,1
3566,0.2,1,0,0
3567,0.2,1,0,0
3568,0.2,2,0,0
3569,0.2,2,0,1
3570,0.2,2,1,1
3571,0.2,0,1,0
3572,0.2,2,0,0
3573,0.2,1,0,0
3574,0.2,1,0,0
3575,0.2,1,1,0
3576,0.2,1,0,0
3577,0.2,1,0,0
3578,0.2,1,0,0
3579,0.2,2,1,1
3580,0.2,3,0,1
3581,0.2,1,0,0
3582,0.2,1,1,1
3583,1.0,1,0,0
3584,0.2,2,0,1
3585,1.0,0,0,1
3586,0.2,1,1,1
3587,0.2,2,0,0
3588,0.2,1,1,1
3589,0.2,2,0,0
3590,0.2,1,0,0
3591,0.2,1,0,1
3592,0.2,0,0,0
3593,1.0,2,1,1
3594,0.2,3,1,0
3595,0.2,1,0,0
3596,0.2,1,0,0
3597,1.0,1,1,1
3598,0.2,1,1,1
3599,2.2,1,1,1
3600,1.0,1,1,1
3601,0.2,0,0,0
3602,0.2,1,0,0
3603,0.2,1,0,0
3604,0.2,1,0,0
3605,0.2,1,0,0
3606,0.2,1,1,1
3607,0.2,2,0,0
3608,0.2,2,0,0
3609,0.2,3,0,1
3610,0.2,2,1,1
3611,1.0,2,1,1
3612,1.0,1,0,1
3613,0.2,2,1,0
3614,0.2,1,0,1
3615,0.2,3,0,0
3616,0.2,1,0,0
3617,0.2,0,0,1
3618,1.0,1,0,1
3619,0.2,0,0,1
3620,0.2,2,1,0
3621,0.2,2,0,0
3622,0.2,1,1,0
3623,0.2,3,1,0
3624,0.2,2,1,0
3625,0.2,0,1,1
3626,0.2,2,0,0
3627,0.2,1,1,1
3628,1.0,3,1,1
3629,0.2,1,0,0
3630,1.0,2,0,0
3631,0.2,3,0,0
3632,0.2,1,0,1
3633,0.2,1,0,0
3634,1.0,1,0,0
3635,0.2,1,0,1
3636,0.2,1,0,0
3637,0.2,2,0,0
3638,0.2,0,1,1
3639,0.2,2,1,1
3640,0.2,2,1,1
3641,0.2,1,0,0
3642,0.2,2,1,1
3643,1.0,1,0,0
3644,0.2,0,1,1
3645,0.2,2,0,0
3646,1.0,0,0,1
3647,0.2,2,0,0
3648,0.2,1,1,1
3649,0.2,2,1,1
3650,1.0,2,1,1
3651,1.0,3,1,1
3652,0.2,3,0,0
3653,1.0,2,0,0
3654,0.2,1,1,1
3655,0.2,2,1,1
3656,0.2,2,0,0
3657,0.2,1,1,1
3658,0.2,2,0,0
3659,0.2,2,1,1
3660,0.2,3,0,0
3661,0.2,2,0,0
3662,0.2,2,1,1
3663,2.2,2,1,1
3664,1.0,1,1,1
3665,0.2,2,0,0
3666,0.2,1,1,1
3667,0.2,0,1,0
3668,0.2,1,0,0
3669,0.2,2,1,0
3670,0.2,2,0,0
3671,0.2,1,1,1
3672,0.2,2,0,0
3673,0.2,0,0,0
3674,0.2,1,0,0
3675,0.2,1,1,1
3676,0.2,2,1,0
3677,1.0,1,1,1
3678,1.0,1,1,1
3679,0.2,2,0,0
3680,1.0,2,0,0
3681,0.2,2,1,1
3682,0.2,2,0,0
3683,0.2,0,0,0
3684,1.0,2,0,1
3685,1.0,1,1,1
3686,1.0,1,1,1
3687,1.0,2,1,1
3688,1.0,2,1,0
3689,0.2,1,1,1
3690,0.2,2,0,0
3691,0.2,3,0,0
3692,0.2,1,0,1
3693,0.2,2,1,1
3694,0.2,1,0,0
3695,1.0,2,1,1
3696,0.2,1,0,0
3697,0.2,2,1,0
3698,0.2,2,0,0
3699,0.2,2,0,0
3700,0.2,2,0,0
3701,0.2,1,0,0
3702,1.0,1,1,1
3703,0.2,2,0,0
3704,1.0,2,1,1
3705,0.2,2,0,0
3706,0.2,2,1,0
3707,0.2,0,0,0
3708,0.2,3,1,0
3709,0.2,2,0,0
3710,0.2,3,0,0
3711,0.2,1,1,1
3712,2.2,1,0,1
3713,0.2,2,0,1
3714,0.2,0,1,1
3715,0.2,2,1,1
3716,0.2,3,0,0
3717,0.2,1,0,0
3718,0.2,2,1,1
3719,0.2,3,1,0
3720,0.2,3,1,0
3721,0.2,0,0,0
3722,0.2,2,0,0
3723,0.2,3,0,0
3724,0.2,1,1,1
3725,0.2,1,1,1
3726,2.2,1,1,1
3727,0.2,2,1,0
3728,1.0,2,1,1
3729,0.2,1,1,1
3730,0.2,2,1,1
3731,2.2,3,0,0
3732,0.2,2,1,1
3733,0.2,0,1,0
3734,0.2,1,0,0
3735,0.2,2,0,0
3736,0.2,2,1,1
3737,0.2,2,1,1
3738,0.2,2,0,1
3739,1.0,1,1,1
3740,1.0,0,1,1
3741,0.2,2,0,0
3742,0.2,0,0,0
3743,1.0,2,1,1
3744,0.2,2,0,1
3745,0.2,0,1,1
3746,0.2,2,1,1
3747,0.2,3,1,1
3748,0.2,3,0,0
3749,0.2,3,1,0
3750,0.2,2,0,0
3751,1.0,3,0,1
3752,1.0,1,0,0
3753,1.0,1,1,1
3754,0.2,2,0,0
3755,0.2,3,0,0
3756,0.2,3,0,0
3757,0.2,0,0,1
3758,0.2,2,1,1
3759,0.2,2,1,1
3760,1.0,2,0,1
3761,1.0,3,0,1
3762,1.0,1,1,1
3763,1.0,1,1,1
3764,0.2,0,1,0
3765,1.0,2,0,1
3766,1.0,2,1,1
3767,0.2,0,0,0
3768,1.0,0,1,1
3769,0.2,1,0,0
3770,0.2,3,1,1
3771,0.2,2,0,0
3772,0.2,3,1,1
3773,0.2,2,1,1
3774,1.0,2,1,1
3775,1.0,1,1,1
3776,2.2,2,1,1
3777,0.2,1,0,0
3778,1.0,1,1,1
3779,0.2,1,0,1
3780,1.0,0,1,1
3781,0.2,2,0,0
3782,0.2,1,0,0
3783,0.2,1,1,1
3784,0.2,1,0,0
3785,0.2,0,0,1
3786,0.2,1,1,1
3787,0.2,2,0,0
3788,0.2,2,1,0
3789,0.2,1,0,0
3790,1.0,1,1,1
3791,0.2,0,1,1
3792,0.2,1,0,1
3793,0.2,2,0,0
3794,1.0,1,1,1
3795,0.2,2,0,1
3796,0.2,2,1,1
3797,0.2,0,1,1
3798,0.2,2,0,0
3799,0.2,2,0,0
3800,0.2,2,1,0
3801,0.2,0,1,0
3802,0.2,1,0,0
3803,0.2,2,0,0
3804,0.2,1,1,1
3805,0.2,2,1,1
3806,0.2,1,1,1
3807,0.2,2,1,1
3808,1.0,1,0,1
3809,0.2,2,0,0
3810,1.0,1,1,1
3811,0.2,2,1,0
3812,0.2,3,1,0
3813,0.2,3,0,0
3814,0.2,1,1,1
3815,0.2,0,0,0
3816,0.2,2,0,1
3817,1.0,2,0,0
3818,1.0,2,0,0
3819,0.2,2,1,1
3820,0.2,2,0,0
3821,0.2,3,0,0
3822,1.0,1,1,1
3823,1.0,1,1,1
3824,2.2,0,1,1
3825,0.2,0,1,1
3826,0.2,2,0,0
3827,0.2,1,0,0
3828,0.2,1,0,0
3829,0.2,1,0,1
3830,1.0,1,1,1
3831,0.2,1,1,1
3832,0.2,1,0,0
3833,0.2,1,1,1
3834,0.2,3,0,1
3835,0.2,1,0,1
3836,0.2,2,1,1
3837,0.2,2,1,1
3838,1.0,2,0,0
3839,0.2,1,0,1
3840,0.2,1,1,1
3841,0.2,1,0,0
3842,0.2,2,1,1
3843,0.2,2,1,0
3844,0.2,1,1,1
3845,1.0,2,0,1
3846,0.2,3,1,0
3847,0.2,0,1,1
3848,0.2,1,1,1
3849,1.0,0,0,1
3850,0.2,3,0,0
3851,1.0,3,1,1
3852,1.0,1,1,1
3853,0.2,2,0,0
3854,0.2,2,0,0
3855,0.2,3,0,0
3856,0.2,2,0,0
3857,1.0,0,1,1
3858,0.2,2,0,1
3859,1.0,1,1,0
3860,0.2,3,0,0
3861,2.2,2,1,1
3862,1.0,2,1,1
3863,0.2,2,1,1
3864,0.2,1,0,0
3865,0.2,0,0,0
3866,1.0,0,0,0
3867,0.2,2,1,1
3868,0.2,1,0,0
3869,0.2,0,1,0
3870,0.2,2,0,0
3871,0.2,1,0,0
3872,0.2,2,1,0
3873,0.2,2,0,0
3874,2.2,1,1,1
3875,1.0,1,1,1
3876,0.2,2,0,0
3877,0.2,1,1,0
3878,0.2,1,1,0
3879,1.0,1,1,1
3880,0.2,0,0,0
3881,2.2,2,1,1
3882,0.2,0,0,0
3883,1.0,2,0,0
3884,1.0,1,1,1
3885,0.2,2,0,0
3886,0.2,1,1,0
3887,1.0,2,0,0
3888,1.0,3,0,0
3889,0.2,2,1,1
3890,0.2,3,0,0
3891,0.2,2,0,0
3892,0.2,2,0,0
3893,0.2,1,0,1
3894,0.2,1,0,0
3895,1.0,1,1,1
3896,0.2,1,0,1
3897,0.2,2,1,1
3898,0.2,0,1,1
3899,1.0,1,1,1
3900,0.2,2,0,0
3901,0.2,2,1,0
3902,0.2,2,0,0
3903,0.2,1,0,0
3904,0.2,1,0,0
3905,0.2,1,1,0
3906,0.2,1,1,1
3907,0.2,2,1,1
3908,0.2,2,1,1
3909,0.2,2,0,0
3910,0.2,2,1,0
3911,0.2,2,0,0
3912,1.0,0,1,1
3913,0.2,2,0,0
3914,1.0,1,1,1
3915,0.2,2,0,1
3916,0.2,1,1,1
3917,0.2,3,0,0
3918,0.2,0,1,1
3919,0.2,0,1,0
3920,0.2,2,0,0
3921,0.2,1,1,1
3922,0.2,0,0,0
3923,0.2,2,0,0
3924,2.2,1,1,1
3925,1.0,0,0,1
3926,0.2,2,0,0
3927,0.2,1,0,0
3928,0.2,1,0,0
3929,1.0,0,1,1
3930,0.2,1,0,0
3931,0.2,1,1,1
3932,0.2,1,0,1
3933,0.2,2,0,0
3934,0.2,1,1,1
3935,0.2,1,1,0
3936,0.2,0,1,0
3937,0.2,2,1,1
3938,1.0,2,1,1
3939,1.0,1,0,0
3940,0.2,3,0,0
3941,0.2,1,0,0
3942,0.2,0,1,1
3943,0.2,3,0,0
3944,0.2,2,1,1
3945,0.2,1,1,0
3946,1.0,2,1,0
3947,0.2,2,0,0
3948,0.2,1,0,0
3949,1.0,1,1,1
3950,0.2,1,0,0
3951,1.0,0,0,1
3952,0.2,1,0,0
3953,0.2,2,0,0
3954,0.2,2,0,0
3955,0.2,2,0,0
3956,0.2,2,0,0
3957,0.2,3,1,1
3958,0.2,0,0,0
3959,1.0,2,0,1
3960,0.2,2,1,1
3961,0.2,1,1,1
3962,1.0,2,0,0
3963,0.2,1,0,0
3964,0.2,2,0,0
3965,0.2,3,0,0
3966,0.2,2,0,1
3967,0.2,1,1,0
3968,0.2,2,1,1
3969,0.2,1,0,0
3970,1.0,1,1,1
3971,0.2,2,1,1
3972,0.2,0,0,0
3973,0.2,1,1,1
3974,2.2,0,1,1
3975,0.2,2,1,1
3976,0.2,1,0,0
3977,1.0,2,1,1
3978,1.0,2,0,1
3979,0.2,2,0,0
3980,1.0,1,0,0
3981,0.2,3,0,0
3982,0.2,2,0,0
3983,1.0,2,1,1
3984,0.2,2,1,1
3985,0.2,0,1,1
3986,0.2,1,0,0
3987,1.0,1,1,1
3988,1.0,1,1,1
3989,0.2,3,0,0
3990,0.2,2,0,0
3991,1.0,1,1,1
3992,0.2,2,0,1
3993,0.2,0,0,0
3994,1.0,3,1,1
3995,0.2,0,0,0
3996,0.2,2,0,0
3997,0.2,1,0,0
3998,0.2,0,1,0
3999,0.2,2,1,0
4000,0.2,0,1,1
4001,0.2,2,1,1
4002,0.2,2,1,1
4003,0.2,2,1,0
4004,1.0,2,0,1
4005,0.2,1,1,1
4006,0.2,0,0,1
4007,0.2,1,0,0
4008,0.2,1,1,1
4009,0.2,3,1,1
4010,0.2,3,0,0
4011,0.2,2,1,0
4012,0.2,1,1,0
4013,0.2,2,0,0
4014,1.0,2,0,1
4015,1.0,0,1,1
4016,1.0,2,0,0
4017,0.2,2,1,1
4018,2.2,2,1,1
4019,0.2,2,0,0
4020,0.2,1,1,1
4021,0.2,2,1,1
4022,0.2,0,0,0
4023,0.2,1,0,0
4024,0.2,0,0,0
4025,0.2,2,1,1
4026,0.2,0,1,1
4027,0.2,1,0,0
4028,0.2,2,0,0
4029,0.2,2,1,1
4030,1.0,2,1,0
4031,1.0,0,0,1
4032,0.2,2,0,0
4033,0.2,0,1,1
4034,0.2,2,1,1
4035,0.2,1,1,1
4036,0.2,1,1,0
4037,1.0,0,1,1
4038,0.2,3,0,0
4039,0.2,1,1,1
4040,0.2,3,0,0
4041,0.2,0,1,1
4042,1.0,0,1,1
4043,0.2,3,0,0
4044,0.2,0,0,0
4045,0.2,1,1,1
4046,0.2,2,1,0
4047,0.2,1,1,1
4048,1.0,1,1,1
4049,0.2,2,0,0
4050,1.0,1,0,0
4051,0.2,2,0,0
4052,0.2,2,0,0
4053,1.0,1,0,1
4054,0.2,2,0,0
4055,1.0,1,0,0
4056,1.0,1,0,1
4057,0.2,1,0,0
4058,0.2,2,1,1
4059,1.0,1,1,1
4060,1.0,2,1,1
4061,0.2,3,0,0
4062,0.2,1,1,1
4063,1.0,1,0,0
4064,1.0,2,0,1
4065,0.2,2,1,1
4066,1.0,0,0,0
4067,2.2,3,0,1
4068,0.2,3,1,0
4069,0.2,1,0,0
4070,1.0,1,0,0
4071,0.2,1,0,0
4072,0.2,2,0,0
4073,0.2,3,0,0
4074,1.0,2,0,0
4075,0.2,2,1,1
4076,0.2,1,0,0
4077,1.0,0,1,1
4078,0.2,2,1,1
4079,0.2,1,0,0
4080,0.2,3,1,0
4081,0.2,2,1,1
4082,0.2,1,0,0
4083,0.2,0,1,1
4084,0.2,1,0,0
4085,0.2,0,0,0
4086,0.2,1,1,1
4087,1.0,2,1,1
4088,0.2,3,0,0
4089,0.2,3,0,0
4090,1.0,0,1,1
4091,1.0,1,1,1
4092,0.2,1,1,1
4093,0.2,2,0,0
4094,0.2,1,0,0
4095,0.2,2,1,1
4096,1.0,2,0,1
4097,0.2,0,1,1
4098,0.2,1,1,0
4099,0.2,2,0,0
4100,0.2,1,1,1
4101,0.2,2,1,0
4102,0.2,3,0,0
4103,0.2,3,0,0
4104,0.2,2,0,0
4105,2.5999999999999996,1,1,1
4106,0.2,1,1,1
4107,0.2,2,0,0
4108,0.2,2,1,0
4109,0.2,2,0,0
4110,1.0,3,0,0
4111,0.2,1,0,1
4112,0.2,0,0,0
4113,0.2,2,1,1
4114,1.0,1,1,1
4115,0.2,3,0,0
4116,0.2,2,0,0
4117,0.2,1,1,0
4118,0.2,2,1,0
4119,0.2,1,0,0
4120,0.2,2,1,1
4121,0.2,2,0,0
4122,0.2,1,1,0
4123,0.2,0,0,0
4124,0.2,1,1,1
4125,0.2,2,0,0
4126,1.0,0,1,1
4127,0.2,1,1,1
4128,1.0,1,0,1
4129,1.0,2,0,1
4130,0.2,2,0,0
4131,1.0,3,0,0
4132,0.2,2,0,0
4133,0.2,1,1,1
4134,0.2,1,0,1
4135,1.0,1,1,1
4136,0.2,1,0,0
4137,1.0,2,0,0
4138,0.2,1,1,1
4139,0.2,0,1,1
4140,0.2,1,0,0
4141,0.2,1,1,1
4142,0.2,1,0,0
4143,0.2,2,1,1
4144,0.2,2,0,0
4145,1.0,2,1,1
4146,0.2,2,1,1
4147,0.2,3,1,0
4148,0.2,2,0,0
4149,1.0,1,1,0
4150,0.2,2,0,0
4151,0.2,2,1,1
4152,0.2,2,0,0
4153,1.0,1,0,0
4154,0.2,0,0,1
4155,0.2,1,1,1
4156,0.2,0,1,1
4157,1.0,2,0,0
4158,0.2,2,1,1
4159,0.2,3,0,0
4160,0.2,2,1,1
4161,0.2,1,0,0
4162,0.2,1,0,0
4163,0.2,1,1,0
4164,0.2,2,0,0
4165,0.2,2,1,1
4166,0.2,2,1,1
4167,1.0,2,0,0
4168,0.2,0,0,1
4169,0.2,2,0,0
4170,1.0,3,1,1
4171,0.2,1,0,0
4172,0.2,1,1,1
4173,0.2,1,1,1
4174,1.0,1,0,1
4175,0.2,2,1,1
4176,0.2,1,0,0
4177,0.2,0,1,1
4178,1.0,1,0,1
4179,1.0,2,1,1
4180,0.2,2,0,1
4181,1.0,1,0,0
4182,1.0,3,0,1
4183,0.2,2,1,1
4184,0.2,1,1,1
4185,0.2,1,0,0
4186,1.0,1,1,1
4187,0.2,2,1,1
4188,0.2,2,1,1
4189,0.2,1,0,1
4190,0.2,2,0,0
4191,0.2,1,1,1
4192,0.2,1,0,0
4193,0.2,3,0,0
4194,0.2,1,0,0
4195,0.2,1,0,0
4196,0.2,1,0,1
4197,0.2,1,0,0
4198,0.2,2,0,0
4199,0.2,1,0,0
4200,0.2,1,0,0
4201,0.2,1,1,1
4202,0.2,3,0,0
4203,0.2,2,0,0
4204,0.2,0,0,0
4205,2.2,2,1,1
4206,0.2,1,0,0
4207,0.2,1,1,1
4208,1.0,1,1,1
4209,0.2,2,0,0
4210,0.2,3,0,0
4211,1.0,0,1,1
4212,0.2,0,0,0
4213,0.2,2,0,1
4214,1.0,0,1,1
4215,0.2,1,1,0
4216,0.2,0,0,0
4217,0.2,2,1,0
4218,0.2,0,0,0
4219,1.0,2,1,1
4220,1.0,3,1,1
4221,0.2,3,1,0
4222,1.0,2,1,1
4223,0.2,1,0,0
4224,1.0,1,0,1
4225,0.2,2,0,1
4226,0.2,1,0,0
4227,1.0,2,0,0
4228,0.2,1,0,0
4229,0.2,1,1,0
4230,0.2,2,0,0
4231,0.2,1,0,1
4232,1.0,3,1,1
4233,0.2,2,1,1
4234,0.2,1,1,1
4235,0.2,2,1,1
4236,0.2,2,0,0
4237,0.2,3,0,0
4238,1.0,2,0,0
4239,0.2,2,0,0
4240,1.0,1,1,1
4241,1.0,1,0,1
4242,0.2,1,0,1
4243,0.2,2,1,1
4244,0.2,1,1,1
4245,1.0,1,1,1
4246,0.2,2,0,0
4247,1.0,1,0,0
4248,2.2,2,0,0
4249,0.2,1,1,1
4250,2.2,1,1,1
4251,0.2,2,0,1
4252,0.2,2,1,1
4253,0.2,2,1,1
4254,0.2,1,0,0
4255,0.2,2,0,0
4256,1.0,2,0,0
4257,1.0,3,1,1
4258,0.2,3,1,1
4259,1.0,1,0,1
4260,0.2,2,0,0
4261,0.2,1,1,1
4262,0.2,1,0,0
4263,2.2,1,1,1
4264,0.2,1,0,0
4265,0.2,2,0,0
4266,0.2,0,1,1
4267,1.0,1,1,0
4268,1.0,0,1,1
4269,0.2,1,0,1
4270,0.2,2,0,0
4271,1.0,1,1,1
4272,1.0,1,0,0
4273,1.0,0,1,1
4274,0.2,3,1,1
4275,0.2,1,0,0
4276,1.0,1,1,1
4277,2.2,1,1,1
4278,0.2,3,0,0
4279,1.0,2,1,1
4280,1.0,1,1,1
4281,0.2,1,1,0
4282,0.2,1,0,0
4283,0.2,1,0,0
4284,1.0,2,1,1
4285,0.2,2,0,0
4286,0.2,3,0,0
4287,0.2,1,1,1
4288,1.0,2,1,1
4289,0.2,3,0,0
4290,1.0,1,0,0
4291,1.0,2,1,1
4292,1.0,1,1,0
4293,0.2,2,0,0
4294,0.2,1,0,0
4295,1.0,1,1,1
4296,0.2,1,0,0
4297,0.2,1,0,1
4298,0.2,2,1,1
4299,0.2,1,0,0
4300,0.2,1,0,0
4301,0.2,1,0,0
4302,0.2,1,0,1
4303,1.0,1,1,1
4304,0.2,0,0,0
4305,0.2,1,0,0
4306,0.2,2,1,1
4307,0.2,2,0,0
4308,0.2,2,0,0
4309,1.0,1,0,0
4310,0.2,0,1,1
4311,0.2,2,1,1
4312,0.2,1,0,1
4313,0.2,1,1,1
4314,0.2,2,0,0
4315,0.2,2,0,0
4316,0.2,2,1,1
4317,1.0,1,1,1
4318,1.0,1,0,1
4319,0.2,1,1,1
4320,1.0,2,1,1
4321,1.0,2,0,0
4322,0.2,1,1,1
4323,0.2,0,1,1
4324,0.2,0,0,0
4325,0.2,1,0,0
4326,0.2,2,1,1
4327,0.2,1,0,1
4328,1.0,2,1,1
4329,0.2,1,1,1
4330,0.2,1,0,0
4331,0.2,1,0,0
4332,2.2,2,1,1
4333,0.2,1,1,1
4334,0.2,2,0,0
4335,0.2,3,0,0
4336,0.2,1,1,0
4337,0.2,2,0,0
4338,0.2,1,1,1
4339,1.0,2,1,1
4340,0.2,1,1,1
4341,0.2,2,0,0
4342,0.2,1,1,1
4343,0.2,3,0,0
4344,0.2,2,1,0
4345,0.2,2,0,0
4346,1.0,1,1,1
4347,0.2,1,0,0
4348,1.0,0,1,1
4349,1.0,0,1,1
4350,1.0,2,1,1
4351,0.2,1,0,0
4352,0.2,3,0,0
4353,1.0,0,0,0
4354,0.2,0,0,0
4355,1.0,2,0,1
4356,1.0,2,1,1
4357,0.2,2,0,0
4358,0.2,2,1,1
4359,1.0,0,0,1
4360,0.2,3,1,0
4361,0.2,2,1,0
4362,0.2,3,0,0
4363,0.2,0,0,0
4364,0.2,0,1,1
4365,0.2,1,0,0
4366,0.2,2,1,1
4367,0.2,3,0,0
4368,0.2,2,1,1
4369,0.2,3,1,0
4370,1.0,3,1,1
4371,0.2,2,0,0
4372,1.0,3,1,1
4373,0.2,3,0,0
4374,0.2,2,0,0
4375,0.2,2,1,1
4376,0.2,1,0,1
4377,0.2,0,0,0
4378,0.2,2,0,0
4379,0.2,1,0,1
4380,1.0,2,0,1
4381,0.2,2,0,0
4382,0.2,1,0,0
4383,0.2,2,0,1
4384,0.2,3,1,1
4385,0.2,2,0,0
4386,0.2,0,1,1
4387,0.2,1,0,0
4388,0.2,1,0,0
4389,1.0,1,0,0
4390,1.0,1,0,0
4391,0.2,1,0,1
4392,0.2,1,0,1
4393,0.2,1,1,1
4394,0.2,3,0,0
4395,0.2,3,1,1
4396,1.0,2,1,1
4397,1.0,1,1,1
4398,1.0,0,1,1
4399,0.2,3,1,1
4400,0.2,1,0,0
4401,0.2,1,0,0
4402,0.2,0,1,1
4403,0.2,2,1,1
4404,0.2,3,1,0
4405,0.2,3,0,0
4406,2.2,2,1,1
4407,1.0,1,0,1
4408,0.2,1,0,0
4409,1.0,2,1,1
4410,2.2,1,1,1
4411,0.2,2,0,0
4412,0.2,3,1,0
4413,1.0,1,0,0
4414,0.2,1,0,0
4415,1.0,1,1,1
4416,0.2,0,0,1
4417,1.0,2,0,1
4418,1.0,1,0,1
4419,0.2,2,1,1
4420,0.2,1,0,0
4421,0.2,0,1,1
4422,1.0,1,0,0
4423,0.2,2,0,0
4424,0.2,2,1,0
4425,0.2,3,1,1
4426,0.2,1,1,1
4427,0.2,0,1,1
4428,0.2,1,0,0
4429,0.2,3,1,1
4430,0.2,1,0,1
4431,1.0,2,1,1
4432,0.2,3,0,0
4433,0.2,0,0,0
4434,0.2,2,0,0
4435,0.2,1,1,0
4436,1.0,1,1,1
4437,1.0,1,1,1
4438,1.0,1,1,0
4439,0.2,1,1,1
4440,0.2,0,0,0
4441,0.2,2,1,0
4442,0.2,0,0,0
4443,0.2,3,1,0
4444,0.2,0,1,1
4445,0.2,0,0,0
4446,0.2,2,0,0
4447,0.2,2,1,1
4448,0.2,0,0,1
4449,0.2,1,0,0
4450,0.2,2,1,1
4451,0.2,2,0,0
4452,0.2,0,0,0
4453,0.2,2,0,1
4454,0.2,0,1,1
4455,0.2,2,1,0
4456,1.0,2,1,1
4457,0.2,2,0,1
4458,1.0,2,1,1
4459,1.0,2,0,0
4460,0.2,1,0,0
4461,0.2,1,0,0
4462,0.2,1,0,0
4463,0.2,1,1,1
4464,0.2,2,0,0
4465,0.2,1,0,0
4466,0.2,2,1,1
4467,0.2,3,1,0
4468,0.2,1,1,1
4469,0.2,2,0,0
4470,1.0,2,0,0
4471,0.2,3,0,0
4472,0.2,1,0,0
4473,0.2,0,0,0
4474,1.0,0,1,1
4475,0.2,3,1,1
4476,0.2,2,0,1
4477,1.0,3,0,0
4478,2.2,1,0,1
4479,0.2,2,1,1
4480,0.2,1,0,1
4481,2.2,1,1,1
4482,0.2,1,0,0
4483,0.2,1,0,0
4484,0.2,3,0,0
4485,0.2,0,1,1
4486,1.0,2,1,1
4487,0.2,1,1,1
4488,1.0,2,1,0
4489,1.0,0,1,1
4490,0.2,2,0,0
4491,0.2,1,1,1
4492,0.2,1,0,1
4493,0.2,1,0,0
4494,0.2,2,0,0
4495,0.2,1,1,1
4496,0.2,1,0,1
4497,0.2,3,1,0
4498,0.2,0,1,1
4499,0.2,2,1,0
4500,0.2,1,0,0
4501,0.2,2,1,0
4502,0.2,1,1,1
4503,0.2,2,1,1
4504,0.2,2,0,0
4505,0.2,1,1,0
4506,0.2,2,1,1
4507,1.0,3,1,1
4508,0.2,1,0,0
4509,0.2,2,0,0
4510,0.2,0,0,0
4511,0.2,2,0,0
4512,0.2,1,1,0
4513,0.2,1,0,1
4514,0.2,2,1,1
4515,2.2,1,1,1
4516,0.2,2,0,0
4517,0.2,2,1,1
4518,1.0,1,0,1
4519,1.0,3,0,0
4520,0.2,1,0,0
4521,0.2,1,0,1
4522,0.2,2,1,1
4523,0.2,3,1,1
4524,1.0,1,0,0
4525,1.0,0,0,1
4526,0.2,0,1,1
4527,0.2,1,0,0
4528,0.2,1,0,0
4529,0.2,2,1,0
4530,0.2,2,1,0
4531,1.0,1,0,1
4532,0.2,1,0,0
4533,0.2,2,0,1
4534,0.2,1,0,0
4535,0.2,1,0,0
4536,0.2,3,1,1
4537,0.2,2,1,1
4538,0.2,1,0,0
4539,0.2,1,1,1
4540,2.2,1,0,1
4541,0.2,2,0,0
4542,0.2,1,0,0
4543,0.2,3,0,0
4544,0.2,3,0,0
4545,0.2,1,1,1
4546,0.2,3,1,1
4547,1.8,1,1,1
4548,1.0,1,1,1
4549,0.2,2,1,1
4550,0.2,3,0,0
4551,0.2,3,0,0
4552,2.2,0,1,1
4553,0.2,1,1,1
4554,1.0,0,0,0
4555,0.2,0,0,0
4556,0.2,1,0,1
4557,1.0,2,0,1
4558,0.2,3,0,0
4559,0.2,1,1,1
4560,1.0,2,0,0
4561,0.2,2,0,1
4562,0.2,3,1,1
4563,0.2,2,0,0
4564,0.2,1,1,1
4565,0.2,0,1,0
4566,1.0,1,0,1
4567,0.2,3,0,0
4568,1.0,2,0,1
4569,0.2,2,0,0
4570,0.2,2,0,0
4571,0.2,3,1,1
4572,0.2,1,0,1
4573,0.2,2,0,0
4574,1.0,3,0,0
4575,0.2,2,1,1
4576,0.2,1,1,1
4577,1.0,1,0,1
4578,0.2,2,1,1
4579,0.2,1,1,1
4580,0.2,1,1,0
4581,0.2,2,1,1
4582,0.2,3,1,0
4583,0.2,1,1,1
4584,1.0,2,1,1
4585,1.0,1,0,0
4586,0.2,0,1,1
4587,0.2,2,0,1
4588,0.2,2,0,0
4589,0.2,1,0,0
4590,0.2,1,1,1
4591,0.2,0,0,0
4592,0.2,1,0,0
4593,0.2,2,1,1
4594,0.2,2,0,0
4595,0.2,1,1,0
4596,1.0,1,1,1
4597,0.2,1,1,1
4598,0.2,1,1,1
4599,0.2,2,1,0
4600,0.2,1,1,0
4601,0.2,0,1,1
4602,0.2,1,0,0
4603,0.2,2,1,0
4604,0.2,3,0,0
4605,0.2,2,1,1
4606,2.2,2,1,1
4607,1.0,2,0,0
4608,0.2,1,1,1
4609,0.2,2,0,0
4610,0.2,1,1,1
4611,0.2,1,1,1
4612,0.2,3,1,0
4613,0.2,3,0,0
4614,0.2,2,0,0
4615,1.0,2,0,0
4616,0.2,2,0,0
4617,1.0,2,1,1
4618,2.2,0,1,1
4619,0.2,1,1,1
4620,0.2,1,1,0
4621,1.0,0,0,1
4622,0.2,1,0,0
4623,0.2,1,1,0
4624,0.2,3,0,0
4625,1.0,2,1,0
4626,1.0,0,1,1
4627,1.0,1,1,1
4628,1.0,1,0,0
4629,0.2,2,1,1
4630,1.0,3,0,1
4631,0.2,2,0,0
4632,0.2,2,0,0
4633,0.2,1,0,0
4634,0.2,1,0,0
4635,0.2,1,0,0
4636,1.0,0,0,0
4637,0.2,0,0,0
4638,0.2,2,1,1
4639,1.0,1,0,0
4640,0.2,1,0,0
4641,0.2,0,1,1
4642,0.2,1,0,0
4643,1.0,1,0,1
4644,0.2,1,1,1
4645,0.2,2,0,0
4646,0.2,3,1,0
4647,0.2,2,0,0
4648,0.2,2,1,0
4649,0.2,3,1,1
4650,0.2,3,1,0
4651,0.2,1,0,0
4652,0.2,1,0,0
4653,0.2,2,0,0
4654,1.0,1,1,1
4655,1.0,2,0,1
4656,1.0,2,0,1
4657,0.2,1,1,1
4658,1.0,2,1,1
4659,0.2,2,0,0
4660,0.2,2,0,0
4661,0.2,1,0,0
4662,0.2,1,0,0
4663,1.0,1,1,1
4664,0.2,2,1,0
4665,2.2,1,1,1
4666,0.2,3,0,0
4667,0.2,1,1,0
4668,0.2,2,1,1
4669,0.2,3,0,0
4670,1.0,1,0,1
4671,0.2,3,1,1
4672,0.2,2,1,1
4673,0.2,2,1,0
4674,0.2,2,0,1
4675,1.0,1,1,1
4676,1.0,0,0,1
4677,1.0,2,0,1
4678,0.2,1,0,0
4679,0.2,1,1,1
4680,1.0,1,1,1
4681,0.2,1,0,0
4682,0.2,1,1,1
4683,0.2,1,1,1
4684,0.2,1,0,1
4685,0.2,2,1,1
4686,0.2,1,1,0
4687,0.2,3,1,1
4688,2.2,1,1,1
4689,1.0,1,0,0
4690,0.2,1,0,0
4691,0.2,2,1,0
4692,1.0,0,1,1
4693,0.2,2,1,1
4694,1.0,1,0,0
4695,0.2,2,1,1
4696,0.2,0,0,0
4697,0.2,2,0,0
4698,0.2,0,0,0
4699,0.2,3,1,1
4700,1.0,3,0,0
4701,0.2,1,1,1
4702,1.0,1,0,0
4703,0.2,3,0,1
4704,0.2,2,0,0
4705,0.2,2,0,1
4706,0.2,1,0,0
4707,0.2,1,0,0
4708,0.2,2,0,0
4709,0.2,3,0,0
4710,1.0,2,0,1
4711,0.2,3,0,0
4712,1.0,1,1,1
4713,0.2,1,1,1
4714,1.0,3,0,0
4715,0.2,2,0,0
4716,1.0,2,1,0
4717,0.2,1,0,0
4718,0.2,1,1,1
4719,0.2,0,0,0
4720,0.2,1,0,0
4721,1.0,2,0,1
4722,0.2,1,1,1
4723,0.2,2,1,1
4724,0.2,2,0,0
4725,0.2,1,1,1
4726,0.2,2,1,0
4727,0.2,2,0,0
4728,1.0,1,1,1
4729,0.2,3,0,0
4730,0.2,2,0,0
4731,0.2,2,1,1
4732,0.2,2,0,0
4733,0.2,2,1,0
4734,0.2,3,1,0
4735,1.0,2,1,0
4736,1.0,1,1,1
4737,0.2,0,0,0
4738,0.2,0,0,1
4739,0.2,1,0,0
4740,0.2,0,0,0
4741,0.2,2,0,1
4742,0.2,1,1,1
4743,0.2,1,0,0
4744,0.2,0,0,0
4745,1.0,0,1,1
4746,0.2,2,0,0
4747,0.2,0,0,0
4748,0.2,0,1,1
4749,2.2,1,1,1
4750,0.2,1,0,0
4751,0.2,1,0,0
4752,0.2,1,0,0
4753,1.0,0,1,1
4754,2.2,1,1,1
4755,0.2,3,0,0
4756,0.2,0,1,0
4757,0.2,1,1,1
4758,0.2,1,1,1
4759,0.2,2,1,1
4760,2.2,1,0,1
4761,0.2,2,0,1
4762,1.0,1,1,1
4763,0.2,2,0,0
4764,1.0,0,1,1
4765,0.2,3,0,0
4766,0.2,2,1,1
4767,0.2,1,1,0
4768,0.2,1,1,1
4769,0.2,0,0,1
4770,0.2,1,1,1
4771,0.2,0,0,1
4772,0.2,1,1,1
4773,0.2,0,1,1
4774,1.0,2,1,1
4775,0.2,1,0,0
4776,0.2,2,0,0
4777,0.2,1,1,1
4778,0.2,2,1,1
4779,0.2,0,0,0
4780,0.2,2,0,0
4781,1.0,1,1,1
4782,1.0,0,1,1
4783,0.2,1,0,1
4784,0.2,2,0,0
4785,1.0,2,0,0
4786,0.2,2,1,1
4787,0.2,2,0,0
4788,1.0,2,1,1
4789,0.2,2,0,1
4790,1.0,0,0,1
4791,0.2,2,0,0
4792,1.0,3,0,0
4793,0.2,1,0,0
4794,0.2,2,1,0
4795,1.0,0,1,1
4796,1.0,1,1,1
4797,0.2,2,0,0
4798,0.2,3,0,0
4799,1.0,2,1,1
4800,0.2,3,1,0
4801,1.0,2,0,0
4802,0.2,2,0,0
4803,0.2,0,0,0
4804,0.2,2,1,1
4805,0.2,2,0,0
4806,0.2,1,0,0
4807,0.2,1,0,1
4808,1.0,1,1,1
4809,0.2,1,0,0
4810,0.2,3,0,0
4811,0.2,3,0,0
4812,0.2,1,0,0
4813,0.2,0,1,0
4814,0.2,2,0,0
4815,0.2,2,1,1
4816,0.2,3,0,1
4817,0.2,3,1,0
4818,0.2,1,1,1
4819,0.2,1,1,1
4820,0.2,1,0,0
4821,1.0,1,1,0
4822,0.2,2,0,0
4823,0.2,1,0,0
4824,0.2,0,0,0
4825,0.2,2,1,0
4826,0.2,2,1,1
4827,2.2,1,1,1
4828,0.2,2,0,0
4829,0.2,2,0,1
4830,0.2,1,0,1
4831,0.2,1,1,1
4832,0.2,1,1,0
4833,0.2,2,0,0
4834,0.2,2,0,0
4835,0.2,0,1,1
4836,0.2,1,1,0
4837,1.0,1,1,1
4838,1.0,1,0,0
4839,0.2,2,1,1
4840,0.2,2,0,1
4841,0.2,1,0,0
4842,1.0,1,1,1
4843,1.0,2,1,1
4844,0.2,2,0,0
4845,1.0,2,1,0
4846,0.2,1,1,1
4847,0.2,1,0,0
4848,0.2,0,1,1
4849,0.2,0,0,0
4850,0.2,1,0,0
4851,0.2,1,0,0
4852,0.2,2,0,0
4853,0.2,1,0,0
4854,0.2,1,1,1
4855,0.2,2,0,0
4856,1.0,2,0,1
4857,0.2,1,1,1
4858,2.2,1,1,1
4859,1.0,1,0,1
4860,0.2,0,1,0
4861,0.2,1,1,1
4862,0.2,1,0,0
4863,0.2,2,0,0
4864,0.2,2,0,0
4865,0.2,2,1,1
4866,1.0,2,1,1
4867,1.0,1,1,1
4868,1.0,3,0,0
4869,0.2,2,1,0
4870,0.2,2,1,0
4871,0.2,3,0,0
4872,0.2,1,1,0
4873,0.2,1,0,1
4874,1.0,3,1,1
4875,0.2,1,1,1
4876,0.2,1,1,1
4877,1.0,1,1,1
4878,0.2,2,0,0
4879,0.2,1,1,0
4880,0.2,2,0,0
4881,0.2,1,1,1
4882,1.0,2,0,0
4883,0.2,1,0,1
4884,0.2,1,1,1
4885,0.2,1,0,0
4886,0.2,1,0,0
4887,0.2,2,0,0
4888,0.2,1,0,1
4889,0.2,3,0,0
4890,0.2,3,0,0
4891,0.2,1,0,0
4892,0.2,1,1,1
4893,0.2,1,0,1
4894,0.2,1,1,1
4895,1.0,2,1,1
4896,0.2,2,0,0
4897,0.2,1,1,0
4898,0.2,1,1,1
4899,0.2,1,0,0
4900,1.0,1,0,0
4901,0.2,2,0,0
4902,1.0,1,1,1
4903,0.2,0,0,1
4904,1.0,1,1,1
4905,2.2,3,1,1
4906,0.2,2,1,1
4907,0.2,1,1,1
4908,1.0,2,1,1
4909,1.0,0,0,1
4910,1.0,3,0,0
4911,0.2,1,1,1
4912,0.2,2,0,0
4913,0.2,2,1,1
4914,0.2,2,1,1
4915,0.2,0,1,1
4916,0.2,2,1,1
4917,0.2,2,0,0
4918,0.2,3,0,0
4919,0.2,3,0,0
4920,0.2,3,0,0
4921,0.2,0,1,1
4922,0.2,1,1,1
4923,0.2,3,1,0
4924,1.0,1,1,1
4925,0.2,2,0,0
4926,0.2,1,0,0
4927,2.2,2,1,1
4928,0.2,2,1,0
4929,0.2,2,0,0
4930,0.2,1,0,1
4931,1.0,1,0,0
4932,0.2,1,0,1
4933,0.2,1,0,0
4934,0.2,2,0,1
4935,0.2,2,1,0
4936,0.2,2,1,0
4937,1.0,1,0,1
4938,0.2,1,1,1
4939,0.2,0,1,1
4940,0.2,2,0,0
4941,2.5999999999999996,2,1,1
4942,0.2,1,1,1
4943,0.2,2,0,0
4944,0.2,1,1,1
4945,1.0,2,0,1
4946,0.2,1,0,1
4947,0.2,1,1,1
4948,0.2,1,1,1
4949,0.2,2,0,0
4950,1.0,1,1,1
4951,0.2,1,1,1
4952,0.2,2,0,0
4953,0.2,3,1,0
4954,0.2,1,0,0
4955,0.2,2,1,0
4956,0.2,1,1,1
4957,0.2,2,1,1
4958,0.2,2,0,0
4959,2.2,0,0,1
4960,0.2,2,0,1
4961,1.0,1,1,0
4962,0.2,2,0,0
4963,1.0,3,1,1
4964,0.2,2,0,0
4965,0.2,2,1,1
4966,0.2,0,1,1
4967,0.2,3,0,0
4968,0.2,1,0,0
4969,0.2,0,1,1
4970,1.0,2,0,0
4971,0.2,2,0,0
4972,0.2,2,1,0
4973,0.2,1,0,0
4974,1.0,1,1,1
4975,0.2,2,0,0
4976,1.0,3,0,1
4977,0.2,2,0,0
4978,0.2,2,1,0
4979,0.2,1,0,0
4980,0.2,1,1,1
4981,0.2,2,0,0
4982,1.0,2,0,0
4983,0.2,0,0,0
4984,0.2,1,0,0
4985,0.2,0,1,1
4986,0.2,3,0,0
4987,1.0,3,0,0
4988,0.2,2,0,1
4989,1.0,1,0,0
4990,1.0,0,1,1
4991,1.0,1,1,1
4992,0.2,2,0,0
4993,0.2,0,1,1
4994,0.2,2,0,0
4995,1.0,2,0,1
4996,1.0,2,0,1
4997,0.2,1,0,1
4998,0.2,2,0,0
4999,0.2,0,1,1
5000,0.2,2,0,0
5001,1.0,0,1,1
5002,0.2,2,1,1
5003,0.2,2,1,1
5004,0.2,0,0,1
5005,0.2,2,1,1
5006,0.2,1,0,0
5007,1.0,2,0,0
5008,0.2,1,1,1
5009,0.2,0,1,1
5010,0.2,2,1,1
5011,0.2,1,1,1
5012,0.2,2,0,0
5013,0.2,3,1,1
5014,1.0,1,0,1
5015,1.0,1,0,1
5016,0.2,2,1,0
5017,0.2,2,0,1
5018,0.2,2,0,0
5019,0.2,2,0,0
5020,1.0,1,1,1
5021,0.2,0,0,0
5022,0.2,0,0,0
5023,0.2,1,0,0
5024,0.2,1,0,0
5025,0.2,2,1,1
5026,0.2,3,1,0
5027,0.2,2,0,0
5028,1.0,1,0,0
5029,0.2,2,0,0
5030,0.2,2,0,0
5031,0.2,2,1,1
5032,0.2,2,0,0
5033,0.2,3,0,0
5034,0.2,2,0,1
5035,0.2,1,0,0
5036,1.0,1,0,1
5037,0.2,0,0,0
5038,0.2,2,0,0
5039,0.2,2,1,1
5040,0.2,2,1,1
5041,0.2,3,1,0
5042,1.0,2,1,0
5043,1.0,2,0,0
5044,0.2,1,0,0
5045,0.2,2,0,0
5046,0.2,1,1,1
5047,0.2,3,1,0
5048,1.0,3,1,1
5049,0.2,1,0,0
5050,0.2,2,0,0
5051,1.0,2,1,0
5052,0.2,2,0,0
5053,0.2,1,0,0
5054,0.2,2,0,0
5055,0.2,1,0,0
5056,0.2,1,0,0
5057,1.0,0,1,1
5058,0.2,2,0,0
5059,0.2,1,1,1
5060,0.2,1,1,0
5061,0.2,1,0,0
5062,2.2,1,1,1
5063,0.2,1,0,0
5064,0.2,3,1,0
5065,0.2,1,0,0
5066,0.2,1,0,0
5067,0.2,1,0,0
5068,0.2,1,0,0
5069,0.2,0,1,0
5070,1.0,1,1,1
5071,1.0,1,0,0
5072,0.2,2,1,0
5073,1.0,1,1,1
5074,1.0,0,0,0
5075,0.2,2,0,0
5076,0.2,2,1,0
5077,0.2,2,0,0
5078,0.2,2,1,1
5079,0.2,1,1,0
5080,1.0,2,1,1
5081,0.2,1,0,0
5082,0.2,1,0,1
5083,1.0,2,0,0
5084,1.0,2,0,0
5085,0.2,1,1,1
5086,0.2,1,1,0
5087,0.2,0,0,0
5088,0.2,0,0,1
5089,1.0,2,1,0
5090,1.0,1,1,1
5091,1.0,0,0,1
5092,2.2,1,1,1
5093,0.2,0,1,1
5094,1.0,1,1,1
5095,0.2,2,0,0
5096,1.0,1,0,1
5097,0.2,2,1,0
5098,0.2,2,0,0
5099,0.2,3,0,0
5100,0.2,1,0,0
5101,0.2,1,1,1
5102,0.2,2,1,1
5103,0.2,2,1,0
5104,0.2,1,0,1
5105,2.2,1,0,1
5106,1.0,1,1,1
5107,1.0,1,0,0
5108,0.2,2,1,1
5109,0.2,1,0,0
5110,1.0,1,1,1
5111,0.2,2,0,0
5112,1.0,1,0,1
5113,0.2,2,1,0
5114,0.2,1,0,0
5115,2.2,1,1,1
5116,0.2,0,0,0
5117,0.2,0,1,0
5118,0.2,1,0,0
5119,0.2,2,0,0
5120,1.0,3,1,1
5121,0.2,0,1,1
5122,0.2,2,1,1
5123,0.2,1,1,1
5124,0.2,0,1,1
5125,0.2,3,0,0
5126,0.2,3,1,0
5127,0.2,1,0,0
5128,0.2,2,0,0
5129,0.2,2,1,1
5130,1.0,2,1,1
5131,0.2,3,0,0
5132,0.2,3,0,1
5133,1.0,1,0,0
5134,0.2,0,1,1
5135,0.2,2,0,1
5136,0.2,1,0,0
5137,2.2,2,1,1
5138,0.2,1,0,1
5139,0.2,1,0,0
5140,0.2,1,0,0
5141,1.0,2,1,1
5142,0.2,3,0,0
5143,0.2,3,0,0
5144,2.2,2,1,1
5145,0.2,2,1,1
5146,0.2,0,0,0
5147,1.0,2,1,0
5148,0.2,1,0,1
5149,0.2,3,0,0
5150,0.2,0,0,0
5151,0.2,0,1,1
5152,0.2,3,0,0
5153,0.2,2,1,1
5154,1.0,1,0,1
5155,0.2,3,0,0
5156,0.2,2,0,0
5157,1.0,1,1,1
5158,0.2,1,1,1
5159,2.2,2,1,1
5160,0.2,1,0,0
5161,0.2,2,1,1
5162,0.2,3,0,0
5163,0.2,1,0,0
5164,0.2,3,1,0
5165,1.0,3,1,1
5166,0.2,1,1,1
5167,0.2,0,1,1
5168,0.2,2,0,0
5169,1.0,3,1,1
5170,0.2,0,0,0
5171,0.2,1,0,0
5172,0.2,1,1,0
5173,1.0,0,1,1
5174,0.2,2,1,1
5175,1.0,1,0,0
5176,0.2,2,0,0
5177,2.2,1,1,1
5178,1.0,1,0,0
5179,1.0,0,0,0
5180,1.0,0,1,1
5181,1.0,1,1,1
5182,0.2,2,0,0
5183,0.2,3,0,0
5184,0.2,2,0,0
5185,1.0,1,1,1
5186,0.2,2,0,1
5187,0.2,1,1,1
5188,0.2,1,1,1
5189,0.2,1,0,0
5190,1.0,1,1,1
5191,0.2,2,0,0
5192,0.2,1,0,0
5193,0.2,1,0,0
5194,1.0,1,0,1
5195,0.2,1,1,1
5196,0.2,1,0,0
5197,0.2,2,0,0
5198,0.2,1,0,1
5199,0.2,3,0,0
5200,0.2,1,1,1
5201,1.0,3,1,1
5202,1.0,2,0,0
5203,0.2,1,1,1
5204,0.2,2,0,0
5205,0.2,1,1,0
5206,0.2,1,1,1
5207,1.0,2,1,1
5208,0.2,0,1,1
5209,0.2,1,0,1
5210,0.2,3,0,0
5211,0.2,1,1,0
5212,1.0,1,0,0
5213,0.2,1,0,1
5214,1.0,1,1,1
5215,0.2,2,0,0
5216,0.2,1,0,0
5217,0.2,2,1,0
5218,0.2,1,0,0
5219,0.2,1,1,1
5220,1.0,0,0,1
5221,0.2,2,0,0
5222,1.0,1,1,1
5223,1.0,2,1,1
5224,0.2,1,1,1
5225,0.2,1,1,0
5226,0.2,0,1,1
5227,0.2,2,0,1
5228,0.2,1,0,1
5229,0.2,1,0,0
5230,0.2,2,1,1
5231,0.2,2,1,0
5232,0.2,1,1,1
5233,0.2,1,0,0
5234,0.2,1,1,1
5235,0.2,1,1,1
5236,0.2,1,0,0
5237,0.2,1,0,0
5238,0.2,1,1,0
5239,0.2,2,0,0
5240,0.2,2,0,1
5241,0.2,0,0,0
5242,1.0,3,1,1
5243,1.0,1,0,0
5244,0.2,1,1,1
5245,0.2,1,0,0
5246,0.2,2,0,0
5247,0.2,1,1,1
5248,1.0,0,1,1
5249,0.2,2,1,1
5250,0.2,2,0,0
5251,0.2,2,0,0
5252,1.0,1,1,1
5253,0.2,2,1,1
5254,1.0,0,1,1
5255,0.2,1,1,0
5256,0.2,2,1,1
5257,1.0,1,0,1
5258,1.0,2,0,0
5259,0.2,2,0,0
5260,0.2,0,0,0
5261,0.2,2,1,1
5262,0.2,2,1,0
5263,1.0,1,1,1
5264,0.2,1,1,0
5265,0.2,1,1,0
5266,0.2,1,0,0
5267,0.2,2,0,1
5268,0.2,3,0,0
5269,0.2,1,0,0
5270,1.0,0,1,1
5271,0.2,1,0,0
5272,0.2,2,1,1
5273,0.2,1,1,1
5274,1.0,2,1,1
5275,1.0,3,1,1
5276,1.0,0,1,1
5277,1.0,3,0,1
5278,0.2,0,1,0
5279,0.2,0,1,0
5280,0.2,3,0,0
5281,0.2,1,0,1
5282,0.2,2,0,1
5283,0.2,2,0,0
5284,1.0,1,1,1
5285,0.2,1,0,0
5286,0.2,0,0,0
5287,0.2,0,0,1
5288,0.2,2,1,1
5289,0.2,2,1,1
5290,1.0,2,0,0
5291,1.0,1,1,1
5292,0.2,1,1,0
5293,0.2,2,1,1
5294,1.0,1,1,1
5295,0.2,2,1,1
5296,1.0,1,0,1
5297,1.0,1,0,1
5298,0.2,0,1,1
5299,0.2,2,0,1
5300,0.2,1,1,1
5301,0.2,2,0,1
5302,2.2,1,1,1
5303,1.0,2,0,1
5304,0.2,3,0,0
5305,0.2,2,1,1
5306,0.2,1,1,1
5307,0.2,2,0,0
5308,0.2,0,1,0
5309,0.2,2,0,0
5310,0.2,0,1,1
5311,0.2,1,0,0
5312,0.2,2,1,1
5313,0.2,1,0,1
5314,0.2,1,1,0
5315,0.2,3,0,0
5316,0.2,2,1,1
5317,0.2,1,1,1
5318,0.2,2,0,1
5319,2.2,1,1,1
5320,0.2,2,0,0
5321,0.2,3,0,0
5322,0.2,2,0,0
5323,0.2,1,0,0
5324,0.2,1,1,0
5325,1.0,1,1,1
5326,0.2,1,0,0
5327,0.2,0,1,1
5328,1.0,1,1,1
5329,1.0,2,0,0
5330,1.0,1,0,0
5331,0.2,1,0,0
5332,0.2,1,1,0
5333,0.2,2,0,0
5334,1.0,2,1,1
5335,0.2,2,0,0
5336,0.2,1,1,1
5337,1.0,2,1,1
5338,0.2,0,1,0
5339,0.2,3,0,0
5340,1.0,1,1,1
5341,0.2,0,1,1
5342,0.2,1,1,1
5343,0.2,3,1,1
5344,0.2,3,1,1
5345,0.2,3,1,1
5346,0.2,1,0,0
5347,0.2,2,1,1
5348,1.0,1,0,0
5349,1.0,3,0,0
5350,1.0,3,0,0
5351,1.0,0,1,1
5352,0.2,2,0,0
5353,0.2,2,0,1
5354,0.2,1,1,1
5355,0.2,2,0,0
5356,0.2,1,0,1
5357,0.2,3,0,0
5358,0.2,1,1,1
5359,0.2,3,0,0
5360,1.0,1,0,0
5361,0.2,1,0,0
5362,1.0,1,1,1
5363,0.2,1,1,1
5364,0.2,2,0,0
5365,0.2,2,0,0
5366,0.2,2,1,1
5367,1.0,1,1,1
5368,1.0,3,0,0
5369,0.2,1,1,1
5370,0.2,2,1,1
5371,0.2,2,1,1
5372,0.2,1,0,0
5373,0.2,2,0,0
5374,2.2,1,1,1
5375,0.2,2,0,0
5376,0.2,1,1,0
5377,0.2,2,0,0
5378,1.0,2,0,1
5379,1.0,1,1,0
5380,0.2,2,1,0
5381,1.0,2,1,1
5382,0.2,3,1,0
5383,0.2,0,0,0
5384,1.0,0,1,1
5385,0.2,3,1,1
5386,0.2,2,1,1
5387,0.2,0,0,0
5388,0.2,2,0,0
5389,0.2,0,0,1
5390,0.2,1,1,1
5391,0.2,0,1,1
5392,0.2,1,1,0
5393,0.2,3,1,1
5394,0.2,1,0,0
5395,0.2,1,1,1
5396,0.2,2,0,0
5397,0.2,0,1,1
5398,0.2,2,1,0
5399,0.2,2,0,0
5400,0.2,2,0,0
5401,0.2,1,0,0
5402,0.2,2,0,0
5403,0.2,2,1,1
5404,0.2,2,0,0
5405,0.2,1,0,0
5406,0.2,3,0,0
5407,1.0,1,1,1
5408,0.2,2,1,1
5409,0.2,2,1,1
5410,0.2,1,0,0
5411,0.2,2,1,0
5412,0.2,2,1,1
5413,0.2,1,0,1
5414,0.2,0,0,0
5415,0.2,1,0,0
5416,1.0,1,0,0
5417,0.2,3,0,0
5418,1.0,2,0,1
5419,0.2,1,0,0
5420,0.2,1,0,0
5421,2.2,0,1,1
5422,1.0,1,1,1
5423,0.2,2,1,0
5424,0.2,1,0,0
5425,2.2,0,1,1
5426,0.2,1,0,0
5427,1.0,2,1,0
5428,0.2,2,1,0
5429,0.2,1,1,1
5430,0.2,2,0,1
5431,0.2,0,1,1
5432,0.2,2,1,0
5433,1.0,1,0,0
5434,2.2,1,1,1
5435,0.2,1,0,0
5436,0.2,2,1,1
5437,0.2,3,1,0
5438,0.2,3,1,1
5439,0.2,2,0,0
5440,0.2,0,1,1
5441,0.2,2,1,1
5442,1.0,1,1,1
5443,0.2,0,0,0
5444,0.2,3,0,0
5445,0.2,1,1,1
5446,0.2,1,1,0
5447,0.2,1,0,0
5448,0.2,1,0,0
5449,0.2,0,0,0
5450,0.2,2,0,0
5451,0.2,2,1,0
5452,0.2,0,1,0
5453,0.2,1,1,1
5454,0.2,1,1,0
5455,0.2,1,0,0
5456,0.2,2,1,1
5457,0.2,1,1,1
5458,1.0,2,1,1
5459,0.2,0,1,1
5460,0.2,2,1,1
5461,0.2,1,0,1
5462,0.2,2,1,0
5463,0.2,1,1,1
5464,0.2,0,1,1
5465,1.0,0,1,1
5466,0.2,1,0,1
5467,0.2,1,1,1
5468,0.2,2,0,0
5469,0.2,2,0,0
5470,0.2,2,0,0
5471,0.2,1,1,1
5472,0.2,3,0,0
5473,1.0,1,1,1
5474,0.2,3,0,0
5475,1.0,1,0,1
5476,1.0,1,1,1
5477,0.2,2,0,0
5478,0.2,1,0,0
5479,0.2,3,1,0
5480,0.2,2,0,0
5481,0.2,2,1,1
5482,0.2,0,0,0
5483,0.2,2,1,1
5484,0.2,1,1,1
5485,0.2,2,0,0
5486,0.2,0,1,1
5487,0.2,1,0,0
5488,0.2,2,1,1
5489,0.2,1,1,1
5490,1.0,1,0,1
5491,0.2,2,1,1
5492,0.2,2,1,1
5493,1.0,2,1,1
5494,0.2,2,0,1
5495,0.2,2,0,0
5496,0.2,1,0,1
5497,0.2,1,0,0
5498,2.2,3,0,1
5499,0.2,3,0,0
5500,2.2,2,1,1
5501,1.0,2,1,1
5502,0.2,1,1,0
5503,0.2,0,0,0
5504,1.0,2,0,1
5505,0.2,2,0,0
5506,0.2,3,1,0
5507,0.2,1,1,0
5508,1.0,2,0,0
5509,2.2,3,1,1
5510,0.2,1,0,0
5511,0.2,0,0,0
5512,0.2,3,1,0
5513,0.2,0,1,1
5514,0.2,3,0,0
5515,0.2,2,0,0
5516,0.2,1,0,0
5517,0.2,1,1,1
5518,1.0,3,0,0
5519,2.2,3,1,1
5520,0.2,1,1,1
5521,0.2,2,0,0
5522,0.2,2,1,0
5523,0.2,1,0,0
5524,2.2,2,1,1
5525,1.0,3,1,1
5526,1.0,1,1,1
5527,0.2,0,1,1
5528,0.2,3,0,0
5529,0.2,1,0,0
5530,1.0,3,1,1
5531,0.2,3,0,1
5532,0.2,2,1,1
5533,0.2,3,1,0
5534,0.2,0,1,1
5535,0.2,2,0,0
5536,0.2,1,0,0
5537,1.0,2,1,1
5538,0.2,1,0,0
5539,1.0,1,1,1
5540,0.2,1,0,1
5541,0.2,2,1,0
5542,0.2,1,0,0
5543,1.0,1,1,1
5544,0.2,3,0,0
5545,0.2,1,1,1
5546,0.2,2,0,1
5547,0.2,1,1,0
5548,0.2,1,0,0
5549,0.2,0,1,1
5550,0.2,1,1,1
5551,0.2,3,1,1
5552,0.2,2,1,1
5553,0.2,3,0,0
5554,0.2,0,1,1
5555,0.2,1,0,0
5556,0.2,1,0,1
5557,1.0,3,1,1
5558,0.2,1,1,1
5559,0.2,1,1,1
5560,1.0,2,1,1
5561,0.2,3,0,1
5562,0.2,1,1,1
5563,0.2,3,0,0
5564,0.2,2,0,0
5565,0.2,1,0,1
5566,0.2,2,1,1
5567,0.2,2,1,0
5568,0.2,1,1,1
5569,0.2,0,1,1
5570,0.2,1,1,1
5571,0.2,0,1,1
5572,0.2,1,1,1
5573,1.0,2,1,1
5574,0.2,2,1,0
5575,0.2,1,1,0
5576,2.2,1,1,1
5577,0.2,1,0,0
5578,0.2,2,0,0
5579,1.0,3,1,1
5580,0.2,1,0,0
5581,0.2,2,0,0
5582,0.2,1,0,0
5583,0.2,1,1,1
5584,1.0,1,1,0
5585,0.2,2,0,0
5586,0.2,1,1,0
5587,0.2,2,0,0
5588,1.0,0,1,1
5589,1.0,0,1,1
5590,0.2,0,0,0
5591,0.2,1,0,1
5592,0.2,1,1,0
5593,0.2,3,1,0
5594,0.2,2,0,0
5595,0.2,1,1,1
5596,0.2,3,0,0
5597,0.2,1,0,0
5598,1.0,2,1,1
5599,2.2,1,0,1
5600,0.2,1,1,1
5601,0.2,0,0,0
5602,0.2,1,0,0
5603,0.2,1,1,1
5604,0.2,2,1,0
5605,0.2,1,1,1
5606,0.2,2,0,0
5607,0.2,1,1,0
5608,0.2,1,0,0
5609,0.2,2,1,1
5610,1.0,1,0,0
5611,1.0,0,1,1
5612,0.2,2,0,0
5613,0.2,2,1,1
5614,0.2,1,1,1
5615,0.2,2,1,1
5616,1.0,0,0,1
5617,1.0,2,1,1
5618,1.0,2,1,0
5619,1.0,2,1,1
5620,1.0,2,1,0
5621,0.2,3,1,1
5622,0.2,2,1,1
5623,0.2,1,1,0
5624,1.0,2,0,0
5625,0.2,2,1,1
5626,2.2,0,1,1
5627,0.2,2,0,1
5628,0.2,2,0,0
5629,0.2,2,1,1
5630,2.2,1,1,1
5631,0.2,1,0,0
5632,0.2,2,1,1
5633,0.2,1,1,1
5634,0.2,3,0,1
5635,0.2,0,1,0
5636,0.2,2,0,0
5637,0.2,3,1,0
5638,0.2,2,0,0
5639,0.2,2,0,0
5640,0.2,2,0,0
5641,1.0,1,1,1
5642,0.2,2,0,0
5643,1.0,1,1,1
5644,0.2,0,1,1
5645,1.0,3,1,1
5646,0.2,2,0,0
5647,0.2,3,0,0
5648,0.2,0,1,0
5649,0.2,0,1,1
5650,0.2,2,1,1
5651,1.0,2,1,1
5652,0.2,2,1,1
5653,0.2,2,1,0
5654,1.0,1,0,0
5655,0.2,1,0,1
5656,0.2,1,1,1
5657,0.2,2,0,0
5658,0.2,2,0,0
5659,0.2,1,0,0
5660,0.2,3,0,1
5661,0.2,2,0,0
5662,0.2,2,0,0
5663,0.2,0,1,0
5664,0.2,0,0,0
5665,0.2,2,0,0
5666,0.2,2,0,0
5667,0.2,3,0,0
5668,2.2,1,1,1
5669,0.2,0,0,0
5670,0.2,2,1,0
5671,0.2,2,0,0
5672,1.0,0,0,0
5673,1.0,0,1,0
5674,0.2,2,0,0
5675,1.0,0,0,0
5676,0.2,2,0,0
5677,0.2,0,1,0
5678,0.2,0,1,1
5679,0.2,2,0,0
5680,0.2,1,1,1
5681,0.2,0,0,1
5682,0.2,2,0,0
5683,1.0,3,0,1
5684,0.2,3,1,1
5685,1.0,0,1,1
5686,0.2,1,1,1
5687,0.2,1,0,0
5688,0.2,2,0,0
5689,0.2,2,0,1
5690,1.0,2,1,1
5691,0.2,1,0,0
5692,1.0,0,1,1
5693,0.2,1,0,0
5694,0.2,1,1,1
5695,0.2,2,0,0
5696,0.2,2,1,1
5697,1.0,1,0,0
5698,0.2,2,0,0
5699,0.2,0,1,1
5700,0.2,3,0,0
5701,0.2,1,0,0
5702,0.2,1,0,0
5703,0.2,2,0,0
5704,2.2,2,1,1
5705,0.2,1,0,1
5706,0.2,1,1,1
5707,0.2,3,1,1
5708,0.2,1,1,1
5709,0.2,1,1,0
5710,1.0,3,0,1
5711,0.2,2,0,1
5712,1.0,1,1,1
5713,0.2,2,1,1
5714,1.0,3,0,0
5715,0.2,2,0,0
5716,1.0,2,1,1
5717,0.2,3,0,1
5718,0.2,2,0,0
5719,0.2,2,1,1
5720,0.2,1,0,0
5721,0.2,1,0,0
5722,1.0,2,0,1
5723,0.2,2,1,1
5724,0.2,1,1,1
5725,0.2,0,1,1
5726,0.2,1,0,0
5727,0.2,2,0,0
5728,0.2,3,0,0
5729,1.0,1,0,0
5730,0.2,2,1,1
5731,0.2,3,0,0
5732,0.2,1,0,0
5733,0.2,0,1,1
5734,0.2,2,0,1
5735,1.0,1,1,1
5736,1.0,2,1,1
5737,0.2,2,1,0
5738,0.2,2,1,0
5739,0.2,1,1,1
5740,0.2,3,0,0
5741,0.2,1,1,0
5742,0.2,2,0,0
5743,0.2,3,0,0
5744,0.2,2,0,0
5745,0.2,1,0,0
5746,0.2,2,0,1
5747,2.2,1,1,1
5748,0.2,2,0,0
5749,1.0,1,1,1
5750,1.0,0,1,1
5751,0.2,2,1,1
5752,0.2,1,0,0
5753,0.2,2,1,0
5754,0.2,0,0,1
5755,0.2,2,1,1
5756,0.2,0,0,0
5757,0.2,1,0,0
5758,1.0,0,1,1
5759,0.2,1,0,0
5760,1.0,1,1,1
5761,0.2,2,1,0
5762,0.2,2,1,1
5763,0.2,3,1,0
5764,0.2,3,0,1
5765,0.2,2,0,0
5766,0.2,2,1,0
5767,0.2,3,1,0
5768,0.2,1,0,1
5769,0.2,1,1,1
5770,0.2,0,0,0
5771,0.2,0,1,1
5772,1.0,2,1,1
5773,1.0,1,1,1
5774,0.2,3,0,0
5775,0.2,2,1,1
5776,0.2,2,0,0
5777,0.2,2,0,0
5778,0.2,3,0,0
5779,0.2,2,1,0
5780,0.2,1,0,0
5781,0.2,2,0,0
5782,1.0,2,1,1
5783,0.2,1,1,1
5784,0.2,0,0,0
5785,0.2,1,1,0
5786,0.2,2,0,0
5787,0.2,2,0,0
5788,0.2,1,0,0
5789,0.2,2,1,1
5790,1.0,1,1,1
5791,1.0,2,1,1
5792,1.0,2,1,1
5793,1.0,1,1,1
5794,0.2,1,0,0
5795,0.2,3,0,0
5796,0.2,2,1,1
5797,0.2,2,0,0
5798,0.2,2,0,0
5799,0.2,1,0,0
5800,1.0,2,0,0
5801,0.2,1,0,0
5802,0.2,3,1,0
5803,1.0,2,1,1
5804,0.2,2,0,0
5805,0.2,2,1,1
5806,0.2,3,0,0
5807,1.0,2,1,1
5808,0.2,1,1,1
5809,0.2,1,1,1
5810,0.2,1,0,0
5811,0.2,2,0,0
5812,1.0,2,1,1
5813,0.2,3,0,0
5814,0.2,1,1,0
5815,0.2,2,1,0
5816,0.2,3,0,0
5817,0.2,3,0,0
5818,1.0,1,1,1
5819,0.2,1,0,0
5820,1.0,2,0,1
5821,0.2,2,0,0
5822,0.2,3,0,0
5823,0.2,3,1,0
5824,1.0,1,0,1
5825,0.2,3,0,0
5826,0.2,2,1,1
5827,1.0,2,0,0
5828,0.2,3,0,0
5829,1.0,1,1,1
5830,1.0,0,0,1
5831,0.2,1,1,1
5832,0.2,0,0,0
5833,0.2,2,1,1
5834,1.0,2,0,0
5835,0.2,0,0,0
5836,0.2,2,0,0
5837,0.2,0,0,1
5838,0.2,2,0,0
5839,0.2,1,0,0
5840,1.0,3,1,1
5841,0.2,2,0,0
5842,0.2,3,1,0
5843,0.2,2,1,1
5844,2.2,1,1,1
5845,0.2,2,1,0
5846,0.2,2,0,0
5847,0.2,1,0,1
5848,1.0,1,0,0
5849,1.0,0,1,1
5850,0.2,3,0,0
5851,0.2,1,1,1
5852,0.2,0,0,0
5853,0.2,2,0,0
5854,0.2,3,0,0
5855,0.2,1,1,1
5856,1.0,1,1,1
5857,0.2,2,0,0
5858,1.0,2,1,1
5859,2.2,0,1,1
5860,0.2,2,0,1
5861,0.2,2,1,0
5862,0.2,2,1,0
5863,0.2,1,1,1
5864,0.2,2,1,1
5865,1.0,1,1,1
5866,0.2,3,0,1
5867,0.2,0,1,0
5868,1.0,1,0,0
5869,0.2,1,1,0
5870,0.2,2,0,0
5871,0.2,3,0,0
5872,0.2,2,1,1
5873,0.2,2,1,0
5874,0.2,1,0,0
5875,0.2,3,0,0
5876,1.0,2,1,1
5877,1.0,3,0,0
5878,1.0,2,1,1
5879,2.2,2,1,1
5880,1.0,2,0,1
5881,0.2,2,0,0
5882,0.2,3,0,0
5883,1.0,3,1,1
5884,0.2,1,1,0
5885,0.2,2,0,0
5886,1.0,3,1,0
5887,0.2,1,1,1
5888,0.2,2,1,0
5889,0.2,2,1,1
5890,0.2,1,0,0
5891,0.2,1,0,0
5892,0.2,2,1,1
5893,0.2,2,1,0
5894,0.2,1,1,1
5895,0.2,2,1,1
5896,0.2,2,0,0
5897,1.0,3,0,0
5898,0.2,2,0,1
5899,0.2,2,0,0
5900,1.0,1,1,1
5901,1.0,3,0,0
5902,1.0,1,1,1
5903,0.2,0,0,0
5904,0.2,0,1,1
5905,1.0,1,1,1
5906,0.2,2,1,1
5907,0.2,2,1,1
5908,1.0,0,0,1
5909,0.2,2,0,0
5910,1.0,1,0,1
5911,0.2,1,0,1
5912,0.2,2,1,1
5913,1.0,3,0,0
5914,0.2,2,0,0
5915,0.2,2,0,0
5916,0.2,1,0,0
5917,1.0,1,1,1
5918,0.2,2,0,0
5919,0.2,0,0,1
5920,0.2,3,0,0
5921,0.2,1,1,0
5922,0.2,2,0,0
5923,0.2,3,0,0
5924,0.2,1,1,1
5925,0.2,1,1,0
5926,0.2,2,1,0
5927,0.2,1,0,0
5928,1.0,3,0,0
5929,0.2,1,1,1
5930,1.0,0,1,1
5931,0.2,1,1,1
5932,0.2,2,1,1
5933,0.2,2,1,1
5934,1.0,1,1,1
5935,0.2,1,1,0
5936,0.2,1,0,0
5937,0.2,1,0,0
5938,0.2,0,0,0
5939,1.0,1,1,1
5940,0.2,3,0,0
5941,0.2,2,1,1
5942,0.2,2,0,0
5943,0.2,2,1,1
5944,1.0,3,0,1
5945,0.2,2,0,0
5946,0.2,3,1,0
5947,0.2,1,1,1
5948,0.2,1,0,0
5949,0.2,1,0,0
5950,0.2,2,0,0
5951,0.2,2,1,1
5952,1.0,2,1,0
5953,1.0,2,1,0
5954,0.2,0,0,0
5955,0.2,1,1,0
5956,1.0,1,1,1
5957,0.2,1,1,1
5958,0.2,2,0,1
5959,0.2,3,0,0
5960,1.0,1,0,0
5961,2.2,1,1,1
5962,0.2,2,0,0
5963,0.2,2,0,0
5964,0.2,1,0,0
5965,0.2,2,0,0
5966,0.2,1,0,1
5967,0.2,1,0,0
5968,0.2,0,0,0
5969,0.2,0,0,0
5970,0.2,3,1,1
5971,0.2,1,1,1
5972,0.2,1,0,1
5973,0.2,1,1,1
5974,0.2,3,1,1
5975,0.2,2,0,1
5976,0.2,2,0,0
5977,1.0,2,1,1
5978,0.2,0,1,1
5979,0.2,2,0,0
5980,1.0,0,1,1
5981,0.2,2,1,0
5982,0.2,1,1,1
5983,0.2,2,1,1
5984,0.2,1,0,1
5985,0.2,2,0,0
5986,0.2,2,0,0
5987,0.2,1,1,1
5988,0.2,0,0,0
5989,1.0,1,1,1
5990,0.2,2,0,0
5991,0.2,1,0,0
5992,0.2,2,1,1
5993,1.0,1,0,1
5994,0.2,3,0,0
5995,0.2,1,1,0
5996,0.2,0,1,1
5997,0.2,3,0,0
5998,0.2,3,1,0
5999,0.2,2,0,0
6000,0.2,1,1,0
6001,1.0,1,0,0
6002,0.2,1,0,0
6003,0.2,3,0,0
6004,0.2,2,0,0
6005,0.2,1,0,0
6006,1.0,1,1,1
6007,0.2,1,0,0
6008,0.2,3,0,0
6009,1.0,2,1,1
6010,1.0,2,0,0
6011,0.2,0,1,0
6012,0.2,1,1,1
6013,1.0,0,1,1
6014,0.2,2,0,0
6015,0.2,2,0,1
6016,0.2,2,0,0
6017,0.2,1,0,0
6018,0.2,2,0,0
6019,0.2,1,0,0
6020,0.2,1,1,1
6021,0.2,2,1,0
6022,0.2,2,0,0
6023,0.2,1,0,0
6024,0.2,1,1,0
6025,0.2,2,1,1
6026,1.0,2,1,1
6027,1.0,1,1,1
6028,0.2,1,1,0
6029,0.2,1,0,0
6030,1.0,1,1,0
6031,0.2,2,0,0
6032,0.2,1,0,0
6033,0.2,2,1,1
6034,0.2,1,0,0
6035,0.2,2,0,1
6036,0.2,1,1,1
6037,0.2,0,0,1
6038,0.2,2,0,0
6039,0.2,1,1,1
6040,1.0,2,1,1
6041,0.2,1,1,1
6042,0.2,1,1,1
6043,1.0,2,1,1
6044,0.2,2,0,0
6045,1.0,2,1,1
6046,0.2,3,1,0
6047,1.0,0,0,1
6048,0.2,3,0,1
6049,0.2,1,0,1
6050,0.2,3,0,0
6051,0.2,1,0,0
6052,1.0,1,1,1
6053,0.2,1,0,0
6054,1.0,1,1,1
6055,0.2,3,0,0
6056,0.2,1,1,1
6057,1.0,1,1,1
6058,0.2,1,0,0
6059,0.2,1,0,0
6060,0.2,1,1,1
6061,0.2,2,0,0
6062,1.0,2,0,0
6063,0.2,2,0,0
6064,0.2,2,1,1
6065,0.2,0,0,0
6066,0.2,2,0,0
6067,0.2,0,1,1
6068,0.2,2,0,0
6069,1.0,1,1,1
6070,1.0,1,1,1
6071,0.2,2,0,0
6072,0.2,2,1,1
6073,0.2,0,1,1
6074,0.2,2,1,0
6075,1.0,3,1,0
6076,0.2,2,0,0
6077,0.2,1,1,1
6078,1.0,0,0,0
6079,0.2,1,0,1
6080,1.0,3,0,0
6081,0.2,2,1,1
6082,0.2,0,1,1
6083,0.2,2,0,0
6084,0.2,2,0,0
6085,0.2,2,0,0
6086,0.2,1,0,1
6087,0.2,1,0,1
6088,0.2,1,1,1
6089,0.2,2,1,1
6090,0.2,2,0,0
6091,1.0,1,1,1
6092,0.2,2,0,0
6093,0.2,3,1,0
6094,0.2,1,1,0
6095,0.2,2,0,0
6096,0.2,2,1,0
6097,0.2,2,1,1
6098,0.2,2,1,1
6099,0.2,0,0,0
6100,0.2,1,1,1
6101,0.2,3,0,0
6102,0.2,1,0,0
6103,0.2,2,1,0
6104,0.2,0,1,1
6105,0.2,1,0,0
6106,1.0,2,0,0
6107,0.2,2,0,1
6108,0.2,2,0,0
6109,0.2,2,1,1
6110,0.2,3,0,0
6111,0.2,2,0,0
6112,1.0,2,0,0
6113,0.2,1,1,1
6114,1.0,1,1,1
6115,0.2,1,1,1
6116,0.2,2,1,0
6117,0.2,2,0,0
6118,0.2,1,1,1
6119,0.2,0,1,1
6120,0.2,1,0,0
6121,0.2,1,0,0
6122,1.0,0,1,1
6123,2.2,1,1,1
6124,0.2,1,0,0
6125,0.2,1,0,0
6126,0.2,1,0,0
6127,0.2,3,0,0
6128,0.2,3,0,0
6129,0.2,0,0,0
6130,0.2,1,0,1
6131,0.2,0,0,0
6132,1.0,1,0,1
6133,0.2,3,0,0
6134,1.0,1,1,1
6135,0.2,1,0,0
6136,0.2,2,0,0
6137,0.2,0,0,1
6138,0.2,2,1,0
6139,0.2,2,0,0
6140,1.0,1,1,1
6141,0.2,1,1,0
6142,0.2,1,0,0
6143,0.2,2,1,1
6144,0.2,1,1,1
6145,0.2,1,1,1
6146,0.2,1,0,0
6147,0.2,3,0,0
6148,0.2,1,1,1
6149,0.2,2,1,0
6150,0.2,1,0,0
6151,0.2,1,0,0
6152,0.2,3,0,0
6153,0.2,2,0,0
6154,0.2,3,0,0
6155,0.2,2,0,0
6156,1.0,2,0,1
6157,0.2,1,1,1
6158,0.2,3,0,0
6159,0.2,1,1,1
6160,1.0,2,0,0
6161,1.0,2,1,1
6162,0.2,1,0,1
6163,2.2,1,1,1
6164,1.0,2,1,0
6165,1.0,1,1,1
6166,0.2,2,0,0
6167,0.2,1,0,0
6168,0.2,2,0,0
6169,1.0,1,1,1
6170,0.2,0,0,0
6171,0.2,2,0,0
6172,0.2,3,0,0
6173,0.2,2,1,1
6174,0.2,2,0,1
6175,0.2,2,0,0
6176,1.0,1,0,0
6177,1.0,2,0,0
6178,0.2,1,1,1
6179,0.2,2,1,0
6180,1.0,1,1,1
6181,0.2,3,0,0
6182,0.2,2,0,0
6183,0.2,3,1,0
6184,0.2,3,1,0
6185,0.2,1,1,1
6186,1.0,1,1,1
6187,0.2,3,1,1
6188,0.2,1,0,0
6189,0.2,2,0,0
6190,1.0,1,0,0
6191,1.0,1,1,1
6192,0.2,2,0,0
6193,1.0,3,1,1
6194,0.2,1,0,0
6195,0.2,0,0,0
6196,0.2,0,1,0
6197,0.2,0,1,0
6198,1.0,1,0,0
6199,0.2,0,1,1
6200,0.2,1,0,0
6201,0.2,2,1,1
6202,0.2,2,1,1
6203,0.2,1,0,0
6204,0.2,1,1,0
6205,0.2,1,0,0
6206,0.2,1,0,0
6207,0.2,1,0,0
6208,1.0,2,0,1
6209,0.2,3,0,1
6210,0.2,2,0,0
6211,0.2,2,0,0
6212,0.2,2,0,1
6213,0.2,1,1,1
6214,0.2,0,1,0
6215,0.2,2,0,0
6216,0.2,1,0,0
6217,0.2,2,0,0
6218,0.2,2,0,0
6219,0.2,3,0,0
6220,0.2,2,1,1
6221,0.2,0,1,0
6222,0.2,2,0,0
6223,0.2,0,0,0
6224,1.0,3,1,1
6225,0.2,2,0,0
6226,0.2,2,0,0
6227,0.2,1,1,1
6228,0.2,1,1,1
6229,1.0,2,1,1
6230,0.2,2,0,0
6231,0.2,1,1,1
6232,1.0,3,0,0
6233,0.2,1,0,0
6234,0.2,1,0,0
6235,0.2,1,1,0
6236,0.2,2,0,0
6237,1.0,2,0,0
6238,1.0,2,1,1
6239,0.2,3,0,0
6240,0.2,3,1,1
6241,1.0,3,1,1
6242,0.2,2,1,1
6243,0.2,1,0,0
6244,0.2,1,1,1
6245,0.2,1,1,1
6246,0.2,2,0,0
6247,0.2,2,1,1
6248,0.2,1,1,1
6249,0.2,3,1,1
6250,0.2,2,0,0
6251,1.0,1,0,1
6252,1.0,1,1,1
6253,0.2,3,0,0
6254,0.2,3,0,0
6255,0.2,3,0,0
6256,0.2,3,1,1
6257,0.2,2,1,0
6258,0.2,2,1,0
6259,0.2,2,0,0
6260,1.0,3,1,1
6261,0.2,1,0,0
6262,0.2,1,0,1
6263,0.2,2,0,0
6264,1.0,2,1,1
6265,0.2,2,0,1
6266,0.2,2,1,1
6267,0.2,0,1,0
6268,0.2,1,0,0
6269,0.2,1,1,0
6270,1.0,0,1,1
6271,0.2,1,1,1
6272,0.2,1,1,1
6273,0.2,2,0,0
6274,0.2,2,0,0
6275,0.2,2,0,0
6276,0.2,2,1,1
6277,1.0,1,0,0
6278,0.2,1,0,0
6279,0.2,2,1,1
6280,1.0,0,1,1
6281,2.2,1,1,1
6282,0.2,0,0,0
6283,0.2,3,1,1
6284,0.2,2,0,0
6285,0.2,1,0,0
6286,0.2,2,0,0
6287,0.2,2,1,1
6288,1.0,1,1,1
6289,1.0,0,0,0
6290,0.2,2,1,0
6291,0.2,3,0,0
6292,0.2,1,1,1
6293,1.0,2,1,1
6294,1.0,1,1,1
6295,2.2,3,0,1
6296,0.2,3,0,0
6297,0.2,1,0,0
6298,0.2,2,0,0
6299,1.0,0,1,1
6300,0.2,1,0,1
6301,0.2,0,0,1
6302,0.2,2,1,0
6303,0.2,3,0,0
6304,1.0,0,1,1
6305,0.2,1,1,1
6306,0.2,2,1,1
6307,0.2,3,0,1
6308,0.2,0,0,0
6309,1.0,2,0,0
6310,1.0,3,1,1
6311,0.2,1,1,1
6312,0.2,2,0,0
6313,0.2,2,0,0
6314,0.2,2,0,1
6315,0.2,1,0,0
6316,0.2,1,1,1
6317,0.2,0,0,1
6318,0.2,1,1,0
6319,0.2,3,1,0
6320,0.2,1,0,1
6321,1.0,3,1,1
6322,1.0,2,0,0
6323,1.0,2,0,0
6324,1.0,1,1,1
6325,0.2,1,1,0
6326,0.2,1,1,1
6327,0.2,2,0,1
6328,0.2,1,1,1
6329,0.2,1,1,0
6330,0.2,0,1,1
6331,1.0,3,0,0
6332,0.2,1,0,0
6333,0.2,1,0,0
6334,0.2,1,0,1
6335,0.2,1,0,0
6336,2.2,3,1,1
6337,0.2,1,1,1
6338,0.2,1,0,0
6339,0.2,3,0,0
6340,2.2,0,1,1
6341,0.2,1,1,0
6342,0.2,2,0,0
6343,0.2,1,0,0
6344,0.2,3,1,1
6345,0.2,2,0,0
6346,0.2,2,1,0
6347,0.2,1,0,0
6348,0.2,3,0,0
6349,0.2,1,0,0
6350,0.2,2,1,1
6351,0.2,2,0,0
6352,0.2,3,1,1
6353,0.2,0,0,0
6354,0.2,2,0,0
6355,0.2,2,1,1
6356,0.2,2,1,1
6357,1.0,3,1,1
6358,0.2,2,1,0
6359,1.0,2,1,1
6360,0.2,1,1,1
6361,0.2,0,1,1
6362,1.0,0,1,1
6363,1.0,1,0,0
6364,0.2,0,1,1
6365,0.2,2,1,0
6366,0.2,3,0,0
6367,0.2,2,1,1
6368,0.2,1,0,0
6369,0.2,1,0,0
6370,0.2,3,0,0
6371,0.2,2,1,0
6372,0.2,2,0,0
6373,0.2,1,1,1
6374,0.2,2,1,0
6375,0.2,1,0,0
6376,1.0,0,1,1
6377,0.2,2,0,0
6378,0.2,3,1,1
6379,0.2,1,0,0
6380,0.2,2,0,0
6381,0.2,1,1,1
6382,0.2,2,0,0
6383,0.2,2,1,1
6384,0.2,1,0,0
6385,0.2,1,1,0
6386,0.2,1,0,1
6387,0.2,2,0,1
6388,2.2,3,1,1
6389,0.2,1,1,1
6390,0.2,1,0,0
6391,0.2,1,1,0
6392,0.2,0,1,1
6393,0.2,2,0,0
6394,0.2,2,1,1
6395,1.0,2,1,1
6396,0.2,2,0,0
6397,1.0,2,0,1
6398,1.0,2,0,0
6399,0.2,2,0,0
6400,0.2,0,0,0
6401,1.0,2,1,1
6402,0.2,2,1,1
6403,0.2,1,0,1
6404,1.0,1,0,0
6405,0.2,3,0,0
6406,1.0,2,1,1
6407,1.0,1,1,1
6408,0.2,2,1,1
6409,0.2,1,1,1
6410,0.2,2,0,1
6411,0.2,3,0,0
6412,0.2,2,0,0
6413,0.2,1,0,0
6414,0.2,2,0,0
6415,0.2,2,1,1
6416,0.2,2,0,0
6417,1.0,1,0,1
6418,0.2,1,1,1
6419,0.2,0,1,0
6420,0.2,2,1,0
6421,0.2,2,0,0
6422,0.2,2,0,0
6423,1.0,1,1,1
6424,0.2,2,0,0
6425,0.2,1,0,0
6426,1.0,1,0,1
6427,0.2,1,0,0
6428,0.2,1,0,0
6429,0.2,2,0,0
6430,0.2,0,0,0
6431,0.2,1,0,0
6432,0.2,2,0,0
6433,0.2,3,0,0
6434,0.2,1,1,1
6435,0.2,0,1,0
6436,0.2,2,1,1
6437,1.0,1,1,1
6438,0.2,0,1,1
6439,0.2,1,1,1
6440,0.2,2,0,0
6441,0.2,2,0,0
6442,0.2,1,1,1
6443,0.2,2,0,0
6444,0.2,1,0,0
6445,0.2,2,0,0
6446,0.2,2,0,0
6447,1.0,0,0,1
6448,0.2,0,0,0
6449,2.2,1,1,1
6450,0.2,2,1,1
6451,0.2,2,1,1
6452,0.2,1,0,0
6453,1.0,1,1,1
6454,0.2,0,0,0
6455,1.0,1,0,1
6456,1.0,2,1,1
6457,1.0,0,1,0
6458,1.0,2,1,1
6459,0.2,3,0,0
6460,0.2,3,1,0
6461,0.2,1,0,1
6462,0.2,1,0,0
6463,0.2,2,1,0
6464,0.2,1,1,1
6465,0.2,2,0,0
6466,0.2,2,0,0
6467,0.2,1,1,1
6468,0.2,1,1,0
6469,0.2,1,0,1
6470,1.0,0,0,1
6471,0.2,2,0,0
6472,0.2,2,0,0
6473,1.0,2,1,1
6474,0.2,1,1,1
6475,0.2,1,0,0
6476,0.2,3,0,0
6477,0.2,2,0,0
6478,0.2,2,0,0
6479,0.2,0,1,1
6480,0.2,0,0,0
6481,1.0,2,1,1
6482,0.2,2,1,1
6483,0.2,2,1,1
6484,0.2,1,0,0
6485,0.2,2,1,0
6486,1.0,0,0,1
6487,0.2,1,1,1
6488,0.2,2,1,1
6489,0.2,2,0,0
6490,1.0,2,0,0
6491,0.2,2,1,1
6492,1.0,2,0,1
6493,0.2,2,1,1
6494,0.2,3,1,0
6495,0.2,1,0,0
6496,1.0,3,0,0
6497,0.2,1,1,0
6498,1.0,2,1,1
6499,0.2,2,1,0
6500,0.2,3,1,0
6501,0.2,2,1,1
6502,0.2,1,0,0
6503,1.0,1,1,1
6504,0.2,2,0,0
6505,0.2,3,0,0
6506,0.2,1,1,1
6507,1.0,1,1,1
6508,0.2,1,0,0
6509,0.2,1,1,0
6510,0.2,2,0,0
6511,1.0,2,1,1
6512,0.2,2,1,0
6513,0.2,2,1,1
6514,0.2,3,0,0
6515,0.2,1,1,1
6516,0.2,1,1,1
6517,2.2,2,0,1
6518,0.2,1,1,1
6519,0.2,1,0,0
6520,0.2,0,1,1
6521,0.2,1,1,0
6522,0.2,1,0,0
6523,1.0,2,1,1
6524,0.2,3,0,0
6525,0.2,2,1,1
6526,0.2,1,0,0
6527,0.2,2,1,1
6528,0.2,2,0,0
6529,2.2,1,1,1
6530,1.0,1,1,1
6531,0.2,0,0,0
6532,0.2,1,1,1
6533,0.2,2,1,0
6534,0.2,1,1,0
6535,0.2,0,0,0
6536,0.2,0,1,1
6537,0.2,2,0,1
6538,0.2,2,1,1
6539,0.2,3,0,0
6540,0.2,2,0,0
6541,1.0,0,0,1
6542,1.0,1,1,0
6543,0.2,1,0,0
6544,0.2,1,0,0
6545,1.0,3,1,1
6546,0.2,1,0,0
6547,1.0,1,1,1
6548,0.2,2,1,1
6549,0.2,0,0,0
6550,0.2,1,1,1
6551,1.0,3,1,1
6552,0.2,1,0,0
6553,0.2,2,0,0
6554,0.2,0,1,1
6555,1.0,1,0,1
6556,2.2,2,1,1
6557,0.2,3,1,0
6558,0.2,1,1,1
6559,1.0,0,0,1
6560,0.2,1,1,0
6561,1.0,1,1,1
6562,0.2,3,1,1
6563,1.0,1,1,1
6564,0.2,0,1,1
6565,2.2,1,1,1
6566,0.2,1,0,0
6567,0.2,2,0,0
6568,0.2,1,0,1
6569,0.2,2,1,1
6570,0.2,1,1,1
6571,0.2,2,0,1
6572,0.2,2,1,0
6573,0.2,2,0,0
6574,1.0,1,1,1
6575,0.2,0,0,1
6576,1.0,1,1,1
6577,0.2,2,0,0
6578,1.0,2,0,1
6579,0.2,2,1,1
6580,1.0,0,0,0
6581,0.2,1,1,1
6582,0.2,3,0,0
6583,0.2,3,0,1
6584,0.2,1,0,0
6585,1.0,2,1,1
6586,0.2,2,1,1
6587,0.2,3,0,0
6588,1.0,1,1,1
6589,1.0,1,1,1
6590,0.2,1,0,1
6591,0.2,0,1,0
6592,0.2,1,1,1
6593,0.2,1,1,1
6594,0.2,2,0,0
6595,0.2,1,0,0
6596,1.0,1,0,1
6597,0.2,1,1,1
6598,0.2,2,0,0
6599,0.2,2,0,0
6600,1.0,2,1,1
6601,0.2,3,0,0
6602,0.2,1,1,1
6603,0.2,1,1,1
6604,0.2,3,1,0
6605,1.0,2,0,0
6606,1.0,2,1,1
6607,0.2,2,0,0
6608,0.2,1,1,1
6609,0.2,0,1,1
6610,0.2,0,0,0
6611,0.2,0,0,0
6612,1.0,1,0,1
6613,0.2,2,0,0
6614,0.2,0,1,1
6615,0.2,1,0,1
6616,0.2,1,1,1
6617,0.2,3,0,0
6618,0.2,2,1,1
6619,0.2,3,1,1
6620,1.0,2,1,1
6621,0.2,1,1,1
6622,0.2,0,1,0
6623,1.0,2,0,1
6624,1.0,1,1,1
6625,0.2,1,1,0
6626,0.2,2,1,1
6627,0.2,2,1,0
6628,0.2,1,0,1
6629,1.0,2,1,1
6630,0.2,2,0,0
6631,0.2,1,0,0
6632,0.2,1,1,0
6633,0.2,0,1,1
6634,0.2,0,0,0
6635,1.0,1,1,0
6636,0.2,1,0,0
6637,0.2,0,0,1
6638,0.2,1,0,0
6639,1.0,1,0,0
6640,1.0,2,1,1
6641,0.2,2,0,0
6642,1.0,1,0,0
6643,0.2,3,0,1
6644,0.2,2,0,1
6645,1.0,0,0,1
6646,0.2,1,1,1
6647,0.2,2,0,0
6648,2.2,1,1,1
6649,0.2,1,1,1
6650,0.2,2,1,1
6651,1.0,2,1,0
6652,0.2,0,1,0
6653,0.2,2,1,0
6654,0.2,1,1,0
6655,0.2,2,0,0
6656,0.2,2,0,0
6657,2.2,0,1,1
6658,1.0,0,0,1
6659,1.0,3,0,0
6660,0.2,3,0,0
6661,0.2,1,1,1
6662,2.2,1,1,1
6663,0.2,2,0,0
6664,1.0,1,1,1
6665,0.2,2,1,1
6666,0.2,1,0,0
6667,2.2,2,1,1
6668,0.2,1,0,0
6669,0.2,3,0,0
6670,0.2,2,0,1
6671,1.0,1,1,1
6672,0.2,1,1,1
6673,0.2,2,1,1
6674,1.0,1,0,1
6675,1.0,0,1,1
6676,0.2,3,1,0
6677,0.2,2,1,1
6678,1.0,2,1,1
6679,1.0,0,0,1
6680,0.2,1,0,0
6681,2.2,2,0,1
6682,1.0,2,1,1
6683,0.2,0,0,0
6684,0.2,1,0,0
6685,0.2,2,1,0
6686,0.2,1,1,1
6687,0.2,0,1,0
6688,1.0,1,1,1
6689,2.2,3,0,0
6690,1.0,2,1,1
6691,1.0,2,1,1
6692,1.0,2,1,1
6693,0.2,1,1,0
6694,0.2,1,0,0
6695,0.2,2,1,1
6696,0.2,2,0,0
6697,0.2,1,0,0
6698,0.2,2,1,1
6699,0.2,1,1,0
6700,0.2,2,1,1
6701,1.0,1,0,1
6702,1.0,1,1,0
6703,2.2,0,1,1
6704,1.0,2,1,1
6705,0.2,2,0,0
6706,1.0,2,1,0
6707,0.2,1,0,0
6708,0.2,3,1,0
6709,1.0,2,0,1
6710,0.2,1,0,0
6711,1.0,3,1,1
6712,0.2,2,1,1
6713,0.2,2,0,0
6714,0.2,2,1,0
6715,1.0,3,1,1
6716,1.0,2,1,1
6717,0.2,3,0,0
6718,1.0,2,1,1
6719,0.2,2,0,0
6720,0.2,2,0,0
6721,0.2,2,1,0
6722,0.2,0,1,0
6723,1.0,0,1,1
6724,0.2,0,1,1
6725,0.2,3,0,0
6726,1.0,2,1,1
6727,0.2,2,1,1
6728,0.2,2,0,0
6729,0.2,0,1,1
6730,1.0,1,1,1
6731,0.2,2,0,0
6732,0.2,0,1,0
6733,0.2,1,1,1
6734,1.0,0,0,1
6735,0.2,1,1,0
6736,0.2,0,1,1
6737,0.2,1,1,1
6738,0.2,0,1,1
6739,0.2,1,1,1
6740,0.2,1,0,0
6741,1.0,3,0,0
6742,0.2,2,0,0
6743,1.0,2,1,1
6744,0.2,0,1,1
6745,0.2,1,0,1
6746,0.2,0,1,1
6747,0.2,1,1,1
6748,0.2,0,1,0
6749,0.2,1,0,0
6750,0.2,2,0,0
6751,0.2,2,1,1
6752,0.2,1,1,0
6753,0.2,3,0,0
6754,1.0,1,1,1
6755,1.0,2,1,1
6756,0.2,0,1,1
6757,2.2,2,1,1
6758,0.2,3,0,0
6759,0.2,0,0,0
6760,0.2,2,0,0
6761,1.0,1,1,1
6762,1.0,1,0,1
6763,0.2,0,1,1
6764,2.2,1,1,1
6765,0.2,2,1,1
6766,0.2,1,0,0
6767,0.2,0,1,0
6768,0.2,1,1,1
6769,1.0,1,1,1
6770,1.0,2,0,0
6771,0.2,2,0,0
6772,0.2,1,1,1
6773,0.2,2,1,1
6774,0.2,2,0,0
6775,1.0,3,0,0
6776,0.2,3,1,1
6777,0.2,2,1,1
6778,1.0,2,1,1
6779,0.2,1,1,1
6780,0.2,3,1,1
6781,0.2,1,0,0
6782,1.0,2,1,1
6783,0.2,1,1,1
6784,0.2,1,0,0
6785,0.2,1,1,1
6786,0.2,1,1,0
6787,0.2,2,1,1
6788,1.0,2,0,1
6789,0.2,2,1,1
6790,0.2,0,1,1
6791,0.2,1,0,0
6792,1.0,1,1,1
6793,0.2,1,1,1
6794,2.2,1,1,1
6795,0.2,1,1,1
6796,0.2,1,1,1
6797,0.2,2,1,1
6798,1.0,3,1,1
6799,1.0,1,1,1
6800,0.2,2,1,1
6801,0.2,2,1,0
6802,0.2,2,1,1
6803,0.2,2,0,0
6804,0.2,1,0,0
6805,0.2,0,1,1
6806,0.2,2,0,1
6807,0.2,3,0,0
6808,0.2,2,0,0
6809,0.2,2,1,1
6810,0.2,1,1,1
6811,0.2,0,0,0
6812,1.0,3,0,0
6813,0.2,3,0,0
6814,0.2,2,1,1
6815,0.2,0,0,0
6816,0.2,2,1,1
6817,0.2,2,1,0
6818,0.2,1,1,1
6819,0.2,1,0,0
6820,0.2,1,0,0
6821,0.2,2,0,0
6822,0.2,1,1,0
6823,0.2,3,1,1
6824,0.2,3,1,1
6825,0.2,1,1,1
6826,1.0,2,1,1
6827,0.2,3,1,1
6828,0.2,0,0,0
6829,1.0,1,1,1
6830,0.2,3,0,0
6831,1.0,2,1,1
6832,0.2,2,0,0
6833,0.2,2,0,0
6834,0.2,2,0,1
6835,1.0,3,1,1
6836,0.2,1,1,1
6837,0.2,2,0,0
6838,2.2,1,1,1
6839,0.2,1,1,0
6840,1.0,1,0,0
6841,0.2,0,1,1
6842,1.0,3,0,0
6843,0.2,0,0,1
6844,0.2,0,1,1
6845,0.2,2,1,1
6846,0.2,1,1,0
6847,0.2,0,0,0
6848,0.2,3,1,1
6849,1.0,2,1,1
6850,0.2,1,1,1
6851,0.2,2,1,1
6852,0.2,3,0,0
6853,0.2,1,1,0
6854,0.2,2,0,0
6855,0.2,1,1,1
6856,0.2,2,0,0
6857,0.2,0,0,0
6858,0.2,0,1,1
6859,0.2,2,0,0
6860,1.0,2,1,1
6861,0.2,2,1,1
6862,1.0,1,0,0
6863,0.2,1,1,0
6864,1.0,1,1,1
6865,0.2,2,0,0
6866,0.2,2,1,1
6867,1.0,3,1,1
6868,1.0,1,0,1
6869,0.2,0,1,1
6870,0.2,1,1,1
6871,1.0,1,1,1
6872,0.2,1,1,0
6873,1.0,2,0,1
6874,0.2,0,1,1
6875,0.2,1,0,0
6876,0.2,1,1,0
6877,0.2,3,1,0
6878,0.2,0,0,1
6879,0.2,2,1,1
6880,0.2,1,0,0
6881,0.2,2,0,0
6882,0.2,1,0,0
6883,1.0,2,1,1
6884,1.0,3,1,1
6885,0.2,3,0,0
6886,0.2,2,1,1
6887,1.0,2,1,1
6888,1.0,3,1,1
6889,0.2,2,0,0
6890,0.2,1,1,1
6891,0.2,2,0,0
6892,0.2,1,0,0
6893,0.2,1,1,1
6894,1.0,1,1,1
6895,0.2,0,0,0
6896,0.2,3,0,0
6897,1.0,1,1,1
6898,0.2,1,0,1
6899,1.0,0,1,1
6900,0.2,1,0,0
6901,0.2,2,1,0
6902,1.0,2,1,1
6903,0.2,3,0,0
6904,0.2,2,0,0
6905,0.2,2,1,0
6906,0.2,1,1,1
6907,0.2,3,0,0
6908,2.2,1,1,1
6909,1.0,0,1,1
6910,0.2,1,1,1
6911,0.2,3,0,0
6912,0.2,0,0,0
6913,1.0,3,1,1
6914,0.2,2,1,0
6915,2.2,1,0,1
6916,0.2,2,1,0
6917,0.2,2,1,0
6918,1.0,2,0,0
6919,1.0,2,1,1
6920,0.2,1,1,1
6921,1.0,3,0,0
6922,0.2,3,1,1
6923,0.2,1,1,0
6924,0.2,1,0,0
6925,1.0,1,1,1
6926,1.0,2,0,0
6927,0.2,2,0,0
6928,1.0,3,0,0
6929,0.2,0,0,0
6930,0.2,2,1,1
6931,0.2,2,1,1
6932,0.2,2,0,0
6933,0.2,0,1,1
6934,1.0,0,1,1
6935,0.2,1,0,0
6936,0.2,2,0,0
6937,0.2,1,0,1
6938,0.2,2,0,0
6939,0.2,1,1,1
6940,0.2,1,0,1
6941,1.0,3,1,0
6942,0.2,1,0,1
6943,0.2,1,0,0
6944,0.2,1,1,1
6945,1.0,2,1,1
6946,0.2,1,1,1
6947,1.0,2,1,1
6948,0.2,2,0,0
6949,0.2,2,0,0
6950,0.2,2,0,1
6951,0.2,1,0,0
6952,0.2,1,1,1
6953,0.2,2,0,0
6954,2.2,2,1,1
6955,0.2,2,1,0
6956,1.0,3,0,0
6957,0.2,2,1,1
6958,1.0,1,0,0
6959,0.2,2,0,0
6960,0.2,3,1,1
6961,0.2,2,1,0
6962,0.2,1,0,1
6963,0.2,2,0,0
6964,0.2,2,1,0
6965,0.2,1,0,0
6966,0.2,0,1,1
6967,0.2,2,0,0
6968,0.2,0,0,0
6969,0.2,2,1,0
6970,0.2,2,0,0
6971,0.2,1,0,0
6972,0.2,1,1,1
6973,0.2,1,1,1
6974,0.2,1,0,0
6975,1.0,2,0,0
6976,1.0,1,1,1
6977,0.2,2,1,0
6978,0.2,1,1,0
6979,0.2,2,1,1
6980,1.0,3,0,0
6981,1.0,3,1,1
6982,2.2,2,1,1
6983,0.2,2,1,1
6984,0.2,1,1,1
6985,0.2,1,0,0
6986,0.2,1,0,1
6987,0.2,0,1,1
6988,2.2,1,1,1
6989,0.2,2,0,0
6990,0.2,0,1,1
6991,0.2,0,1,1
6992,0.2,1,0,0
6993,1.0,2,0,1
6994,0.2,2,1,0
6995,0.2,2,0,0
6996,1.0,1,1,1
6997,0.2,1,1,1
6998,0.2,2,0,0
6999,0.2,0,0,0
7000,0.2,0,0,1
7001,1.0,1,0,0
7002,0.2,2,0,0
7003,0.2,1,0,0
7004,0.2,0,1,1
7005,0.2,2,0,0
7006,0.2,0,1,1
7007,0.2,0,0,0
7008,0.2,3,0,0
7009,0.2,0,0,1
7010,1.0,2,0,1
7011,0.2,1,1,0
7012,1.0,2,1,1
7013,0.2,0,0,0
7014,0.2,2,0,0
7015,0.2,1,0,1
7016,2.2,0,1,1
7017,1.0,1,0,0
7018,1.0,2,1,1
7019,0.2,2,0,0
7020,1.0,3,1,1
7021,0.2,1,0,0
7022,0.2,2,0,0
7023,0.2,1,1,1
7024,0.2,0,0,0
7025,1.0,2,0,1
7026,0.2,2,0,0
7027,0.2,1,1,0
7028,0.2,2,0,0
7029,0.2,0,1,1
7030,0.2,1,1,1
7031,0.2,1,0,0
7032,0.2,2,0,0
7033,0.2,2,0,0
7034,0.2,3,0,1
7035,1.0,1,1,1
7036,1.0,2,0,1
7037,0.2,1,0,0
7038,0.2,1,1,0
7039,1.0,2,1,1
7040,0.2,0,1,0
7041,0.2,3,1,1
7042,0.2,2,0,1
7043,0.2,1,0,1
7044,1.0,3,0,0
7045,1.0,3,1,0
7046,0.2,1,1,1
7047,0.2,1,0,0
7048,1.0,1,1,1
7049,0.2,2,0,0
7050,0.2,3,1,0
7051,1.0,2,0,0
7052,0.2,1,0,0
7053,1.0,2,0,1
7054,0.2,1,0,0
7055,1.0,0,1,1
7056,0.2,1,1,0
7057,0.2,2,0,0
7058,0.2,2,0,0
7059,0.2,2,1,1
7060,0.2,1,1,1
7061,0.2,1,0,1
7062,0.2,2,0,0
7063,1.0,1,1,1
7064,0.2,1,1,1
7065,1.0,1,1,1
7066,1.0,2,1,1
7067,0.2,0,0,0
7068,1.0,1,1,1
7069,0.2,2,0,0
7070,0.2,3,0,0
7071,0.2,1,1,1
7072,0.2,1,1,1
7073,0.2,1,1,0
7074,0.2,3,1,0
7075,0.2,1,1,1
7076,1.0,0,1,1
7077,0.2,3,0,0
7078,0.2,2,1,1
7079,0.2,3,0,0
7080,1.0,2,1,1
7081,0.2,1,0,0
7082,1.0,2,1,1
7083,0.2,2,0,0
7084,0.2,0,0,0
7085,0.2,2,1,0
7086,0.2,3,0,0
7087,0.2,1,1,1
7088,0.2,3,0,0
7089,0.2,1,0,1
7090,0.2,1,1,1
7091,0.2,2,1,0
7092,0.2,1,0,0
7093,0.2,1,1,1
7094,1.0,1,0,0
7095,0.2,2,1,0
7096,2.2,1,1,1
7097,0.2,2,1,0
7098,0.2,1,1,1
7099,0.2,1,0,0
7100,1.0,1,1,1
7101,0.2,1,0,0
7102,1.0,3,1,1
7103,0.2,0,0,0
7104,0.2,1,0,0
7105,1.0,0,0,0
7106,1.0,1,1,1
7107,0.2,2,0,0
7108,0.2,1,0,1
7109,0.2,1,1,0
7110,0.2,0,1,1
7111,1.0,2,1,1
7112,0.2,3,1,1
7113,1.0,0,1,1
7114,0.2,1,0,1
7115,1.0,1,0,0
7116,0.2,3,0,0
7117,0.2,1,1,1
7118,0.2,2,0,0
7119,0.2,1,1,1
7120,0.2,2,1,0
7121,0.2,3,0,0
7122,0.2,1,1,0
7123,0.2,2,1,1
7124,0.2,2,0,0
7125,0.2,2,1,1
7126,2.2,3,0,1
7127,0.2,2,0,1
7128,1.0,2,0,1
7129,0.2,3,0,0
7130,1.0,1,0,1
7131,0.2,2,0,0
7132,0.2,2,1,1
7133,0.2,3,0,0
7134,0.2,3,1,0
7135,0.2,2,1,1
7136,0.2,2,0,0
7137,0.2,1,0,0
7138,0.2,1,1,0
7139,0.2,1,1,1
7140,0.2,2,0,1
7141,1.0,1,1,1
7142,0.2,2,1,1
7143,0.2,2,1,1
7144,0.2,0,1,1
7145,0.2,1,0,0
7146,1.0,2,1,0
7147,1.0,2,0,1
7148,0.2,3,0,1
7149,2.2,0,1,1
7150,0.2,3,1,1
7151,0.2,3,0,1
7152,0.2,1,1,1
7153,1.0,0,1,1
7154,0.2,2,1,0
7155,0.2,1,0,0
7156,0.2,2,0,0
7157,0.2,2,1,1
7158,0.2,3,0,0
7159,0.2,1,0,0
7160,0.2,2,0,0
7161,0.2,1,0,0
7162,1.0,1,1,1
7163,0.2,1,1,1
7164,0.2,2,1,1
7165,2.2,2,1,1
7166,0.2,3,1,1
7167,0.2,2,1,1
7168,0.2,2,0,0
7169,1.0,2,0,0
7170,0.2,0,1,1
7171,0.2,3,0,0
7172,0.2,1,0,0
7173,0.2,1,0,0
7174,0.2,1,1,1
7175,0.2,2,0,0
7176,1.0,1,1,1
7177,0.2,1,0,1
7178,0.2,2,1,0
7179,2.2,1,0,1
7180,0.2,2,1,1
7181,0.2,3,0,0
7182,1.0,1,0,0
7183,0.2,2,0,0
7184,0.2,3,0,1
7185,0.2,1,1,0
7186,1.0,2,1,1
7187,1.0,1,1,1
7188,0.2,1,1,0
7189,1.0,2,1,1
7190,0.2,2,0,0
7191,0.2,3,1,0
7192,0.2,3,0,0
7193,0.2,0,1,0
7194,0.2,0,0,0
7195,0.2,1,0,0
7196,0.2,1,0,0
7197,0.2,1,0,0
7198,0.2,2,1,0
7199,1.0,1,1,1
7200,1.0,1,0,1
7201,0.2,1,1,1
7202,1.0,1,1,0
7203,0.2,1,1,1
7204,0.2,1,0,0
7205,0.2,2,0,0
7206,0.2,2,0,0
7207,1.0,0,1,1
7208,0.2,1,1,1
7209,0.2,3,1,1
7210,0.2,3,1,1
7211,0.2,0,0,0
7212,1.0,2,1,1
7213,0.2,1,0,0
7214,1.0,2,1,1
7215,0.2,3,0,0
7216,1.0,1,0,1
7217,0.2,2,0,0
7218,2.2,1,0,1
7219,0.2,1,1,1
7220,0.2,2,1,0
7221,0.2,0,1,0
7222,0.2,0,0,0
7223,1.0,2,0,1
7224,0.2,2,0,0
7225,0.2,2,0,0
7226,1.0,2,1,1
7227,0.2,3,1,0
7228,0.2,2,1,1
7229,0.2,2,0,0
7230,0.2,2,1,1
7231,0.2,1,0,0
7232,0.2,1,0,1
7233,0.2,1,0,0
7234,0.2,1,0,0
7235,0.2,2,1,0
7236,0.2,2,0,0
7237,1.0,2,1,1
7238,1.0,0,0,1
7239,1.0,1,0,1
7240,0.2,1,1,1
7241,1.0,1,1,1
7242,0.2,1,1,1
7243,0.2,2,0,0
7244,0.2,2,1,1
7245,0.2,1,1,1
7246,0.2,0,1,0
7247,0.2,2,1,1
7248,0.2,2,1,1
7249,0.2,1,1,1
7250,0.2,3,0,0
7251,0.2,1,0,0
7252,0.2,1,0,0
7253,1.0,1,1,1
7254,0.2,2,0,0
7255,1.0,1,1,1
7256,1.0,2,0,0
7257,0.2,0,1,1
7258,1.0,1,0,0
7259,0.2,1,1,0
7260,1.0,1,0,0
7261,0.2,3,0,0
7262,0.2,2,1,0
7263,0.2,1,1,1
7264,0.2,3,0,0
7265,0.2,2,1,0
7266,0.2,1,1,1
7267,1.0,2,1,0
7268,1.0,3,0,1
7269,0.2,2,0,0
7270,0.2,2,1,1
7271,0.2,1,1,0
7272,0.2,0,1,0
7273,0.2,2,0,1
7274,1.0,2,1,1
7275,0.2,1,1,1
7276,0.2,2,0,0
7277,0.2,2,0,0
7278,0.2,2,1,1
7279,0.2,2,1,1
7280,0.2,2,0,0
7281,0.2,3,1,1
7282,0.2,1,0,1
7283,0.2,0,0,1
7284,0.2,2,0,0
7285,0.2,1,1,0
7286,0.2,1,1,1
7287,1.0,2,1,1
7288,0.2,2,0,1
7289,0.2,1,1,1
7290,0.2,2,1,1
7291,1.0,1,0,1
7292,0.2,2,0,0
7293,0.2,2,0,0
7294,0.2,0,0,0
7295,0.2,1,1,1
7296,0.2,2,1,1
7297,0.2,3,0,0
7298,0.2,1,0,0
7299,2.2,1,1,1
7300,0.2,1,1,1
7301,0.2,2,0,0
7302,0.2,3,0,0
7303,1.0,3,0,0
7304,0.2,2,0,0
7305,0.2,2,1,0
7306,0.2,1,1,0
7307,0.2,2,0,0
7308,0.2,2,1,1
7309,0.2,0,0,1
7310,0.2,2,0,0
7311,0.2,0,0,0
7312,0.2,2,0,0
7313,1.0,3,1,1
7314,0.2,2,1,1
7315,0.2,2,1,0
7316,0.2,0,0,0
7317,0.2,1,0,0
7318,0.2,2,0,0
7319,0.2,2,0,0
7320,0.2,2,0,1
7321,1.0,2,1,1
7322,1.0,1,0,1
7323,0.2,0,1,1
7324,0.2,1,0,0
7325,0.2,2,0,0
7326,0.2,3,0,0
7327,0.2,3,0,0
7328,0.2,2,1,0
7329,0.2,3,0,0
7330,1.0,2,1,0
7331,0.2,1,1,0
7332,0.2,2,0,1
7333,0.2,1,0,0
7334,0.2,1,1,1
7335,1.0,3,1,1
7336,0.2,2,0,0
7337,1.0,2,1,0
7338,0.2,2,0,0
7339,0.2,2,1,1
7340,0.2,1,0,0
7341,0.2,2,0,1
7342,0.2,2,0,0
7343,2.2,3,0,1
7344,0.2,1,0,1
7345,0.2,0,1,1
7346,0.2,1,0,1
7347,0.2,2,1,1
7348,1.0,3,0,0
7349,0.2,2,0,0
7350,0.2,1,1,0
7351,0.2,1,1,1
7352,1.0,3,1,1
7353,0.2,2,1,0
7354,0.2,0,1,1
7355,0.2,1,0,1
7356,0.2,1,1,1
7357,0.2,2,0,0
7358,0.2,2,0,0
7359,0.2,3,0,0
7360,1.0,1,1,1
7361,0.2,1,1,1
7362,1.0,0,0,1
7363,0.2,3,1,0
7364,0.2,2,1,0
7365,0.2,1,1,1
7366,0.2,0,0,0
7367,0.2,2,1,1
7368,1.0,1,0,0
7369,0.2,0,1,1
7370,0.2,0,0,0
7371,0.2,0,1,0
7372,0.2,1,1,0
7373,0.2,1,0,1
7374,1.0,2,0,1
7375,0.2,1,0,0
7376,1.0,2,1,1
7377,0.2,2,1,1
7378,1.0,2,1,1
7379,1.0,2,0,0
7380,1.0,3,0,0
7381,0.2,0,1,1
7382,0.2,3,0,1
7383,0.2,1,1,0
7384,1.0,2,0,0
7385,1.0,2,0,1
7386,0.2,1,1,1
7387,0.2,2,1,1
7388,1.0,0,1,1
7389,0.2,3,0,0
7390,0.2,1,0,0
7391,1.0,0,1,0
7392,0.2,1,1,0
7393,0.2,1,0,0
7394,0.2,2,0,0
7395,1.0,1,1,1
7396,0.2,2,1,1
7397,0.2,2,1,0
7398,0.2,1,1,1
7399,1.0,1,1,1
7400,0.2,3,1,1
7401,1.0,2,1,1
7402,0.2,2,1,1
7403,0.2,1,0,0
7404,0.2,2,0,1
7405,0.2,0,0,0
7406,0.2,1,0,0
7407,0.2,2,0,0
7408,0.2,0,1,1
7409,1.0,2,0,1
7410,0.2,3,1,0
7411,0.2,2,0,0
7412,0.2,1,1,1
7413,0.2,3,0,0
7414,0.2,0,1,0
7415,0.2,2,1,1
7416,0.2,2,0,0
7417,0.2,2,1,1
7418,0.2,1,1,1
7419,0.2,1,0,0
7420,0.2,1,0,0
7421,0.2,3,1,1
7422,0.2,2,0,0
7423,1.0,1,0,1
7424,0.2,0,1,1
7425,0.2,2,1,0
7426,1.0,1,1,1
7427,1.0,1,0,1
7428,0.2,2,0,0
7429,0.2,2,0,0
7430,0.2,2,0,0
7431,0.2,1,1,1
7432,0.2,1,0,0
7433,0.2,1,1,1
7434,0.2,2,1,1
7435,0.2,2,1,0
7436,0.2,2,1,1
7437,0.2,0,0,1
7438,0.2,3,0,0
7439,0.2,2,0,0
7440,0.2,1,0,0
7441,1.0,2,1,1
7442,0.2,2,1,0
7443,1.0,2,1,1
7444,1.0,2,1,0
7445,0.2,0,0,0
7446,0.2,1,0,0
7447,0.2,3,1,1
7448,0.2,3,0,0
7449,0.2,3,0,0
7450,1.0,1,1,1
7451,1.0,1,1,1
7452,0.2,3,0,0
7453,0.2,1,1,1
7454,0.2,1,0,0
7455,0.2,1,1,1
7456,2.2,1,1,1
7457,0.2,2,0,0
7458,0.2,1,0,0
7459,0.2,2,0,0
7460,0.2,1,0,1
7461,0.2,2,1,1
7462,2.2,2,1,1
7463,0.2,2,1,1
7464,1.0,0,1,1
7465,1.0,1,0,0
7466,0.2,2,1,0
7467,0.2,1,0,0
7468,0.2,1,0,0
7469,0.2,2,0,0
7470,0.2,2,0,0
7471,0.2,0,1,1
7472,0.2,2,0,0
7473,1.0,0,1,1
7474,1.0,2,1,1
7475,0.2,1,0,1
7476,0.2,1,0,0
7477,0.2,2,0,0
7478,0.2,1,1,1
7479,0.2,1,0,0
7480,1.0,0,1,1
7481,0.2,2,0,1
7482,1.0,2,0,0
7483,0.2,1,0,1
7484,0.2,2,1,0
7485,0.2,1,0,0
7486,0.2,2,1,1
7487,0.2,1,1,1
7488,0.2,2,0,0
7489,1.0,2,1,1
7490,0.2,3,0,0
7491,0.2,2,1,1
7492,0.2,2,0,0
7493,0.2,1,1,1
7494,0.2,1,0,0
7495,0.2,2,0,0
7496,1.0,1,0,1
7497,1.0,2,1,1
7498,0.2,2,0,0
7499,0.2,2,0,0
7500,0.2,2,1,1
7501,0.2,0,1,1
7502,0.2,2,1,0
7503,0.2,0,1,1
7504,0.2,1,1,0
7505,0.2,2,1,1
7506,0.2,1,0,0
7507,0.2,2,0,0
7508,0.2,3,0,1
7509,1.0,1,1,1
7510,1.0,3,1,1
7511,0.2,2,0,0
7512,1.0,1,1,1
7513,0.2,1,0,0
7514,0.2,2,1,1
7515,0.2,2,1,1
7516,0.2,1,0,0
7517,1.0,1,1,1
7518,0.2,3,0,0
7519,1.0,2,0,0
7520,0.2,1,0,1
7521,0.2,1,0,0
7522,0.2,1,1,1
7523,0.2,1,1,1
7524,1.0,2,1,1
7525,1.0,0,1,1
7526,1.0,1,1,1
7527,0.2,1,0,1
7528,0.2,2,0,0
7529,0.2,0,0,1
7530,1.0,3,1,1
7531,0.2,1,0,0
7532,0.2,2,1,0
7533,0.2,2,1,0
7534,0.2,0,1,1
7535,0.2,1,1,1
7536,0.2,1,1,0
7537,0.2,1,1,1
7538,0.2,2,1,1
7539,0.2,2,0,0
7540,0.2,0,0,0
7541,1.0,1,1,1
7542,0.2,1,1,0
7543,0.2,1,1,1
7544,0.2,1,0,1
7545,0.2,1,1,1
7546,0.2,3,0,0
7547,1.0,1,1,1
7548,0.2,2,1,0
7549,0.2,0,1,1
7550,1.0,3,1,1
7551,0.2,2,0,0
7552,1.0,0,1,1
7553,0.2,1,0,0
7554,0.2,2,0,1
7555,0.2,0,0,0
7556,0.2,3,0,0
7557,0.2,3,1,1
7558,0.2,2,1,1
7559,1.0,1,1,1
7560,0.2,1,1,1
7561,0.2,1,1,1
7562,0.2,2,0,1
7563,0.2,3,1,0
7564,0.2,2,1,1
7565,0.2,1,0,0
7566,0.2,1,0,0
7567,1.0,2,1,1
7568,0.2,1,1,0
7569,0.2,1,1,1
7570,0.2,2,0,0
7571,0.2,2,0,0
7572,0.2,2,0,0
7573,0.2,1,0,1
7574,0.2,2,0,0
7575,0.2,2,0,0
7576,0.2,2,0,0
7577,0.2,1,0,0
7578,1.0,2,1,0
7579,1.0,1,0,1
7580,0.2,1,1,1
7581,0.2,2,0,1
7582,0.2,2,1,1
7583,0.2,1,0,0
7584,0.2,3,1,0
7585,2.2,1,0,1
7586,0.2,1,0,1
7587,0.2,1,1,1
7588,1.8,2,1,1
7589,0.2,3,0,0
7590,0.2,0,1,1
7591,0.2,2,0,1
7592,1.0,2,1,1
7593,0.2,2,1,0
7594,0.2,2,0,0
7595,1.0,2,1,1
7596,0.2,1,0,1
7597,0.2,3,1,0
7598,0.2,0,1,0
7599,1.0,1,0,0
7600,0.2,1,1,1
7601,1.0,1,1,1
7602,0.2,1,1,1
7603,1.0,2,1,1
7604,0.2,1,0,1
7605,0.2,3,0,0
7606,0.2,2,0,0
7607,0.2,1,1,1
7608,0.2,1,0,0
7609,0.2,3,1,1
7610,1.0,1,0,1
7611,0.2,0,1,0
7612,0.2,2,0,1
7613,0.2,1,0,0
7614,0.2,1,0,0
7615,0.2,1,1,1
7616,0.2,3,1,0
7617,1.0,0,1,1
7618,0.2,1,0,0
7619,0.2,2,1,1
7620,0.2,1,0,0
7621,0.2,2,0,0
7622,0.2,0,0,0
7623,0.2,3,0,0
7624,0.2,2,0,0
7625,0.2,1,0,1
7626,0.2,3,0,0
7627,0.2,1,1,1
7628,0.2,2,1,1
7629,0.2,3,1,1
7630,0.2,2,1,1
7631,0.2,2,1,1
7632,0.2,1,1,1
7633,0.2,2,0,0
7634,0.2,2,1,0
7635,0.2,0,1,1
7636,0.2,3,0,1
7637,1.0,1,1,1
7638,0.2,2,0,0
7639,0.2,3,0,0
7640,0.2,2,0,0
7641,0.2,1,1,1
7642,0.2,2,0,1
7643,0.2,2,0,1
7644,0.2,1,1,1
7645,1.0,1,0,1
7646,0.2,1,0,1
7647,0.2,3,0,0
7648,0.2,1,0,0
7649,1.0,3,0,1
7650,0.2,2,1,0
7651,1.0,1,1,1
7652,0.2,2,1,1
7653,0.2,1,0,0
7654,0.2,1,0,0
7655,2.2,0,1,1
7656,1.0,2,1,1
7657,0.2,1,0,0
7658,0.2,2,0,1
7659,0.2,1,1,1
7660,0.2,1,1,1
7661,1.0,1,0,0
7662,1.0,1,1,1
7663,0.2,2,0,1
7664,1.0,2,1,1
7665,0.2,1,0,0
7666,0.2,0,1,1
7667,0.2,2,1,1
7668,0.2,2,0,0
7669,0.2,2,1,1
7670,1.0,2,1,1
7671,1.0,1,0,1
7672,0.2,1,1,1
7673,0.2,2,0,0
7674,1.0,2,1,1
7675,0.2,0,0,1
7676,0.2,1,1,1
7677,1.0,1,1,1
7678,0.2,1,1,1
7679,0.2,2,1,1
7680,0.2,1,1,1
7681,1.0,2,1,1
7682,0.2,2,1,1
7683,0.2,1,0,0
7684,0.2,1,0,0
7685,0.2,2,0,0
7686,0.2,1,0,0
7687,0.2,3,1,0
7688,0.2,1,0,0
7689,0.2,2,0,0
7690,1.0,3,0,1
7691,1.0,2,0,1
7692,1.0,2,1,1
7693,0.2,1,1,1
7694,0.2,1,1,1
7695,0.2,2,1,1
7696,0.2,0,1,1
7697,0.2,0,1,1
7698,1.0,1,1,1
7699,0.2,2,1,1
7700,0.2,1,0,0
7701,0.2,2,1,0
7702,0.2,2,0,0
7703,0.2,2,1,0
7704,0.2,0,1,1
7705,1.0,1,1,0
7706,0.2,3,0,1
7707,1.0,1,1,1
7708,0.2,2,0,0
7709,1.0,0,1,1
7710,0.2,1,1,1
7711,0.2,1,1,1
7712,0.2,1,1,1
7713,1.0,1,1,1
7714,1.0,2,0,0
7715,0.2,0,1,1
7716,0.2,1,0,1
7717,0.2,2,1,0
7718,0.2,1,0,0
7719,0.2,2,1,0
7720,1.0,1,0,0
7721,0.2,1,0,0
7722,0.2,1,1,1
7723,1.0,2,0,1
7724,0.2,1,0,0
7725,0.2,1,1,0
7726,0.2,2,0,0
7727,1.0,2,0,0
7728,0.2,1,0,0
7729,1.0,2,0,0
7730,0.2,0,1,0
7731,1.0,1,0,0
7732,1.0,3,0,0
7733,0.2,1,0,0
7734,0.2,1,1,1
7735,0.2,1,0,1
7736,0.2,1,1,0
7737,0.2,1,0,0
7738,0.2,1,0,0
7739,1.0,2,0,0
7740,0.2,1,1,1
7741,0.2,1,1,1
7742,0.2,3,0,0
7743,0.2,1,1,1
7744,0.2,3,0,0
7745,0.2,3,0,0
7746,0.2,1,0,0
7747,0.2,1,0,0
7748,0.2,2,1,0
7749,0.2,0,1,1
7750,0.2,1,0,0
7751,1.0,2,1,1
7752,0.2,1,1,1
7753,1.0,1,0,0
7754,0.2,1,0,0
7755,0.2,3,1,1
7756,0.2,2,0,0
7757,0.2,0,0,0
7758,0.2,3,0,0
7759,0.2,1,1,1
7760,0.2,1,0,1
7761,0.2,1,0,0
7762,1.0,2,1,1
7763,0.2,2,1,1
7764,0.2,0,0,1
7765,0.2,3,1,1
7766,0.2,2,0,0
7767,0.2,2,1,1
7768,0.2,1,1,1
7769,0.2,1,0,0
7770,0.2,0,1,1
7771,0.2,2,0,0
7772,0.2,2,0,0
7773,0.2,1,1,0
7774,0.2,1,1,1
7775,0.2,2,0,0
7776,0.2,0,0,1
7777,1.0,1,0,0
7778,0.2,2,1,0
7779,1.0,2,0,0
7780,1.0,2,0,1
7781,1.0,1,1,1
7782,0.2,1,0,1
7783,0.2,1,0,0
7784,0.2,2,0,0
7785,0.2,1,1,1
7786,0.2,0,1,1
7787,2.2,2,1,1
7788,0.2,3,1,1
7789,1.0,1,1,1
7790,1.0,3,1,1
7791,0.2,2,0,1
7792,0.2,1,0,0
7793,1.0,2,1,0
7794,1.0,2,0,1
7795,0.2,2,0,1
7796,0.2,1,1,0
7797,0.2,0,1,1
7798,1.0,2,0,0
7799,1.0,2,0,0
7800,1.0,1,0,1
7801,1.0,0,1,1
7802,0.2,2,0,0
7803,0.2,2,0,0
7804,0.2,3,1,1
7805,0.2,3,0,0
7806,1.0,3,1,1
7807,0.2,3,1,0
7808,0.2,1,0,1
7809,0.2,0,1,0
7810,0.2,0,0,1
7811,0.2,1,1,0
7812,0.2,0,1,1
7813,0.2,2,0,0
7814,0.2,0,1,1
7815,0.2,2,1,1
7816,0.2,1,1,1
7817,1.0,2,0,1
7818,0.2,1,0,1
7819,0.2,1,0,0
7820,0.2,1,0,0
7821,2.2,2,0,0
7822,0.2,2,0,0
7823,0.2,2,0,0
7824,0.2,1,1,0
7825,0.2,1,1,1
7826,0.2,1,1,1
7827,0.2,1,0,1
7828,0.2,1,1,0
7829,0.2,1,1,1
7830,1.0,3,1,1
7831,0.2,3,0,0
7832,0.2,1,0,0
7833,1.0,2,1,1
7834,0.2,1,0,0
7835,0.2,1,0,1
7836,0.2,1,0,0
7837,0.2,1,0,0
7838,0.2,2,1,1
7839,0.2,2,0,1
7840,0.2,2,0,1
7841,1.0,2,1,1
7842,1.0,0,1,1
7843,0.2,0,1,1
7844,2.2,1,1,1
7845,0.6000000000000001,1,1,1
7846,2.2,2,1,1
7847,1.0,2,1,1
7848,0.2,1,1,0
7849,0.2,1,1,0
7850,0.2,3,0,0
7851,0.2,3,1,1
7852,1.0,1,1,1
7853,0.2,0,0,0
7854,0.2,2,0,0
7855,1.0,1,1,1
7856,0.2,3,0,0
7857,0.2,2,1,1
7858,0.2,2,0,0
7859,1.0,0,0,0
7860,0.2,1,1,1
7861,0.2,1,1,1
7862,0.2,2,1,0
7863,0.2,1,1,1
7864,1.0,2,1,1
7865,1.0,2,0,1
7866,0.2,0,1,1
7867,1.0,2,1,1
7868,0.2,2,0,0
7869,2.2,1,1,1
7870,0.2,2,0,0
7871,0.2,2,1,1
7872,0.2,2,0,0
7873,0.2,1,1,0
7874,0.2,2,0,0
7875,0.2,0,1,1
7876,0.2,0,1,0
7877,0.2,1,0,0
7878,0.2,0,0,1
7879,0.2,1,0,0
7880,0.2,2,0,0
7881,0.2,1,1,1
7882,0.2,2,0,0
7883,0.2,0,0,1
7884,0.2,2,1,1
7885,1.0,2,0,0
7886,0.2,1,1,1
7887,0.2,2,1,1
7888,0.2,3,1,0
7889,0.2,2,0,1
7890,0.2,3,0,0
7891,0.2,1,0,0
7892,0.2,1,1,1
7893,1.0,1,1,1
7894,1.0,0,1,1
7895,0.2,2,0,0
7896,1.0,0,1,1
7897,0.2,2,1,1
7898,1.0,1,0,0
7899,1.0,0,1,1
7900,0.2,2,1,1
7901,0.2,1,1,1
7902,0.2,1,0,0
7903,1.0,1,0,0
7904,0.2,1,0,0
7905,0.2,1,0,0
7906,0.2,2,1,0
7907,1.0,1,1,1
7908,0.2,3,0,0
7909,0.2,2,1,1
7910,0.2,1,0,0
7911,1.0,1,0,0
7912,0.2,1,0,0
7913,0.2,2,1,1
7914,0.2,1,0,0
7915,0.2,1,0,0
7916,0.2,1,1,0
7917,0.2,1,0,0
7918,0.2,1,1,1
7919,1.0,1,0,0
7920,0.2,2,0,0
7921,1.0,1,0,1
7922,0.2,2,0,0
7923,0.2,2,0,0
7924,1.0,1,0,0
7925,0.2,1,0,0
7926,0.2,1,1,0
7927,0.2,3,0,0
7928,0.2,1,0,1
7929,0.2,1,1,1
7930,0.2,3,0,1
7931,0.2,1,1,1
7932,1.0,1,1,1
7933,0.2,0,0,0
7934,0.2,1,1,0
7935,0.2,3,0,0
7936,1.0,1,0,0
7937,0.2,3,0,0
7938,1.0,2,1,1
7939,0.2,2,0,1
7940,0.2,2,1,1
7941,0.2,1,1,1
7942,0.2,1,0,0
7943,0.2,3,1,0
7944,0.2,1,1,0
7945,0.2,2,0,0
7946,0.2,3,0,0
7947,1.0,0,1,1
7948,0.2,2,0,0
7949,0.2,2,0,1
7950,1.0,2,1,1
7951,0.2,1,0,0
7952,0.2,0,1,0
7953,0.2,1,1,1
7954,0.2,0,1,1
7955,0.2,0,0,0
7956,0.2,1,0,0
7957,0.2,3,0,0
7958,1.0,1,1,0
7959,0.2,0,0,0
7960,0.2,1,0,0
7961,0.2,2,0,0
7962,0.2,2,0,1
7963,0.2,2,0,0
7964,0.2,2,0,0
7965,0.2,2,0,0
7966,0.2,2,1,1
7967,0.2,2,0,0
7968,0.2,2,0,0
7969,0.2,2,0,0
7970,0.2,1,1,0
7971,0.2,1,0,0
7972,0.2,1,1,1
7973,0.2,1,0,0
7974,1.0,0,1,1
7975,0.2,3,1,1
7976,0.2,1,0,0
7977,0.2,1,1,1
7978,0.2,0,0,0
7979,0.2,2,1,1
7980,0.2,0,0,1
7981,0.2,0,1,1
7982,1.0,2,0,0
7983,0.2,1,0,1
7984,0.2,2,1,0
7985,0.2,1,1,1
7986,0.2,0,1,1
7987,0.2,1,0,0
7988,0.2,1,0,0
7989,1.0,0,1,1
7990,1.0,1,1,1
7991,0.2,3,0,0
7992,0.2,2,1,1
7993,0.2,3,0,0
7994,1.0,2,1,1
7995,0.2,3,0,0
7996,0.2,1,0,0
7997,1.0,2,1,1
7998,0.2,2,0,1
7999,1.0,1,1,1
8000,0.2,1,1,1
8001,0.2,2,1,1
8002,0.2,2,1,0
8003,0.2,1,0,0
8004,1.0,0,0,0
8005,2.2,2,1,1
8006,0.2,2,0,0
8007,0.2,2,0,0
8008,1.0,1,0,1
8009,0.2,0,0,0
8010,1.0,3,1,1
8011,0.2,1,1,1
8012,0.2,2,1,0
8013,0.2,1,0,0
8014,0.2,1,1,1
8015,0.2,2,0,0
8016,0.2,1,1,1
8017,0.2,2,1,1
8018,0.2,1,1,1
8019,0.2,1,1,0
8020,0.2,2,0,0
8021,1.0,2,1,1
8022,0.2,2,1,1
8023,0.2,3,0,0
8024,0.2,2,0,1
8025,1.0,1,0,1
8026,0.2,1,0,0
8027,0.2,2,0,0
8028,0.2,1,1,1
8029,0.2,2,0,0
8030,0.2,1,0,0
8031,0.2,0,0,0
8032,0.2,1,1,1
8033,0.2,2,0,0
8034,0.2,1,1,1
8035,0.2,1,1,1
8036,0.2,2,0,0
8037,0.2,1,0,0
8038,0.2,0,0,0
8039,0.2,2,0,0
8040,0.2,1,0,0
8041,0.2,2,0,1
8042,0.2,2,0,0
8043,0.2,1,1,1
8044,0.2,0,0,0
8045,0.2,2,0,0
8046,0.2,0,0,0
8047,0.2,1,0,0
8048,0.2,1,0,0
8049,1.0,0,0,1
8050,0.2,0,0,0
8051,1.0,1,1,1
8052,1.0,1,1,1
8053,0.2,2,1,1
8054,0.2,1,1,1
8055,0.2,1,1,1
8056,1.0,1,0,0
8057,0.2,1,1,1
8058,0.2,1,1,1
8059,0.2,2,0,0
8060,1.0,0,1,1
8061,0.2,3,0,0
8062,0.2,3,0,0
8063,0.2,2,0,1
8064,0.2,2,1,1
8065,0.2,2,1,1
8066,0.2,1,1,1
8067,0.2,3,1,1
8068,0.2,1,0,0
8069,0.2,1,0,0
8070,2.2,1,1,1
8071,0.2,1,0,0
8072,0.2,2,0,0
8073,0.2,1,1,1
8074,2.2,2,1,1
8075,0.2,2,0,0
8076,0.2,1,1,1
8077,0.2,2,0,0
8078,0.2,2,0,1
8079,0.2,1,1,1
8080,0.2,1,0,0
8081,0.2,1,1,1
8082,1.0,2,0,0
8083,0.2,1,0,0
8084,0.2,3,1,1
8085,0.2,1,1,1
8086,1.0,2,0,1
8087,0.2,1,0,0
8088,0.2,2,0,1
8089,1.0,2,0,1
8090,0.2,2,0,0
8091,1.0,1,1,1
8092,0.2,1,1,1
8093,0.2,1,1,0
8094,0.2,2,1,1
8095,0.2,1,0,0
8096,1.0,0,0,1
8097,0.2,2,0,1
8098,0.2,1,0,0
8099,0.2,1,1,1
8100,0.2,1,1,1
8101,0.2,2,1,0
8102,0.2,2,0,0
8103,0.2,1,0,0
8104,0.2,2,0,0
8105,0.2,1,1,1
8106,0.2,3,1,0
8107,1.0,2,1,1
8108,0.2,0,1,1
8109,0.2,1,0,0
8110,0.2,2,0,0
8111,0.2,1,0,0
8112,0.2,2,0,0
8113,0.2,1,0,0
8114,0.2,2,0,0
8115,1.0,2,0,0
8116,0.2,2,0,0
8117,0.2,1,0,0
8118,0.2,1,1,1
8119,0.2,0,0,0
8120,0.2,2,1,0
8121,1.0,1,1,1
8122,0.2,1,1,0
8123,0.2,3,0,0
8124,0.2,1,0,0
8125,0.2,1,1,1
8126,0.2,2,1,1
8127,0.2,3,0,0
8128,0.2,2,0,1
8129,0.2,2,0,0
8130,0.2,3,1,1
8131,0.2,1,0,0
8132,0.2,2,1,1
8133,0.2,1,0,0
8134,0.2,2,1,0
8135,0.2,1,1,0
8136,0.2,0,0,0
8137,1.0,2,1,1
8138,0.2,2,1,1
8139,0.2,2,0,0
8140,0.2,0,0,1
8141,0.2,2,1,0
8142,0.2,1,1,1
8143,0.2,2,0,1
8144,0.2,2,0,0
8145,0.2,1,1,0
8146,1.0,0,1,1
8147,0.2,2,0,0
8148,0.2,2,1,1
8149,0.2,3,0,0
8150,0.2,2,1,1
8151,0.2,3,1,0
8152,0.2,2,1,1
8153,0.2,2,0,0
8154,0.2,0,1,0
8155,0.2,1,1,1
8156,0.2,1,0,0
8157,0.2,3,1,1
8158,0.2,1,0,0
8159,0.2,3,0,0
8160,0.2,2,0,0
8161,0.2,2,1,0
8162,0.2,1,0,0
8163,0.2,1,0,0
8164,0.2,1,1,1
8165,0.2,1,0,0
8166,0.2,2,1,1
8167,1.0,2,0,0
8168,0.2,2,1,1
8169,0.2,2,0,1
8170,0.2,2,0,0
8171,0.2,1,1,1
8172,0.2,1,0,0
8173,0.2,2,1,1
8174,1.0,2,1,1
8175,0.2,2,0,0
8176,0.2,2,1,1
8177,1.0,1,1,1
8178,0.2,2,1,1
8179,0.2,3,0,0
8180,1.0,3,1,1
8181,0.2,0,0,0
8182,0.2,0,1,1
8183,0.2,1,1,1
8184,0.2,2,1,0
8185,0.2,0,1,1
8186,0.2,1,1,1
8187,1.0,2,0,0
8188,0.2,1,1,1
8189,0.2,3,0,0
8190,0.2,1,1,1
8191,0.2,0,1,0
8192,0.2,0,0,0
8193,1.0,0,1,1
8194,0.2,0,1,1
8195,0.2,1,1,1
8196,0.2,1,1,1
8197,1.0,3,1,1
8198,1.0,1,1,1
8199,1.0,2,1,1
8200,0.2,0,1,1
8201,2.2,0,1,1
8202,0.2,1,0,0
8203,1.0,1,1,1
8204,0.2,1,0,0
8205,0.2,2,1,0
8206,0.2,1,1,0
8207,1.0,2,1,1
8208,0.2,2,0,0
8209,0.2,2,0,0
8210,1.0,1,0,1
8211,0.2,1,0,0
8212,0.2,0,1,1
8213,0.2,2,1,1
8214,0.2,1,1,1
8215,0.2,1,0,1
8216,0.2,2,1,1
8217,0.2,3,1,1
8218,0.2,2,1,1
8219,1.0,2,1,1
8220,0.2,2,0,0
8221,1.0,0,0,1
8222,0.2,2,1,0
8223,0.2,2,0,0
8224,0.2,2,1,1
8225,0.2,2,0,0
8226,0.2,2,1,1
8227,0.2,1,0,0
8228,0.2,1,1,1
8229,0.2,1,1,0
8230,0.2,1,1,1
8231,1.0,2,0,1
8232,0.2,0,1,1
8233,0.2,2,1,0
8234,0.2,2,0,0
8235,0.2,3,0,0
8236,0.2,2,0,0
8237,0.2,2,0,0
8238,0.2,2,0,0
8239,0.2,1,1,0
8240,0.2,1,0,1
8241,0.2,1,1,0
8242,0.2,3,1,1
8243,1.0,0,1,1
8244,0.2,2,1,1
8245,0.2,2,1,1
8246,1.0,1,0,1
8247,1.0,2,0,0
8248,0.2,0,1,1
8249,0.2,2,0,0
8250,0.2,2,0,0
8251,0.2,2,0,0
8252,0.2,1,0,0
8253,0.2,3,0,0
8254,0.2,3,0,1
8255,0.2,3,1,0
8256,0.2,1,0,0
8257,1.0,1,1,1
8258,0.2,1,1,0
8259,1.0,3,1,1
8260,0.2,1,0,0
8261,0.2,1,0,0
8262,0.2,1,0,1
8263,0.2,3,1,1
8264,0.2,1,0,0
8265,0.2,2,0,0
8266,0.2,0,1,0
8267,0.2,1,1,1
8268,0.2,1,0,0
8269,1.0,3,1,1
8270,0.2,1,1,1
8271,0.2,2,1,1
8272,1.0,1,1,1
8273,0.2,1,0,0
8274,0.2,1,0,0
8275,0.2,3,0,0
8276,0.2,2,1,0
8277,0.2,3,1,1
8278,0.2,2,1,0
8279,0.2,1,0,0
8280,0.2,2,0,0
8281,0.2,3,1,1
8282,0.2,3,0,0
8283,0.2,3,1,1
8284,1.0,2,0,0
8285,0.2,3,0,0
8286,0.2,1,0,0
8287,0.2,1,1,1
8288,1.0,2,0,0
8289,0.2,1,0,0
8290,0.2,2,1,1
8291,0.2,2,0,0
8292,0.2,2,1,1
8293,1.0,2,1,1
8294,0.2,1,0,0
8295,0.2,2,0,1
8296,1.0,1,1,1
8297,0.2,0,1,1
8298,0.2,2,1,1
8299,0.2,2,0,0
8300,1.0,1,1,1
8301,0.2,0,1,0
8302,1.0,3,0,1
8303,0.2,2,1,1
8304,1.0,2,1,1
8305,0.2,0,1,1
8306,0.2,0,0,0
8307,0.2,2,1,1
8308,0.2,0,0,0
8309,0.2,0,1,1
8310,0.2,2,1,1
8311,1.0,2,1,1
8312,0.2,0,1,1
8313,0.2,3,1,1
8314,0.2,2,0,0
8315,0.2,2,0,0
8316,1.0,1,1,1
8317,0.2,1,1,0
8318,0.2,3,0,0
8319,0.2,2,1,0
8320,0.2,1,0,0
8321,1.0,2,0,1
8322,0.2,2,1,1
8323,0.2,3,0,0
8324,0.2,0,0,0
8325,0.2,1,0,0
8326,0.2,2,0,0
8327,0.2,1,0,0
8328,0.2,3,0,0
8329,1.0,0,0,1
8330,0.2,3,0,0
8331,1.0,1,1,1
8332,2.2,0,1,1
8333,0.2,2,0,0
8334,1.0,1,1,1
8335,0.2,1,0,1
8336,0.2,1,1,1
8337,0.2,2,0,0
8338,0.2,1,0,0
8339,0.2,1,0,1
8340,0.2,0,1,1
8341,0.2,1,0,1
8342,1.0,2,0,1
8343,0.2,2,1,1
8344,0.2,1,1,0
8345,0.2,1,1,1
8346,0.2,3,0,0
8347,0.2,1,1,0
8348,0.2,1,1,0
8349,0.2,1,1,0
8350,0.2,1,1,0
8351,0.2,1,1,1
8352,0.2,2,1,1
8353,1.0,0,1,1
8354,0.2,2,0,0
8355,0.2,2,1,1
8356,0.2,0,0,0
8357,1.0,1,1,1
8358,1.0,1,1,1
8359,0.2,2,1,1
8360,0.2,2,1,1
8361,0.2,2,1,0
8362,0.2,1,0,1
8363,0.2,2,0,1
8364,0.2,0,1,1
8365,1.0,1,0,0
8366,0.2,1,0,1
8367,0.2,1,0,0
8368,0.2,0,0,0
8369,0.2,2,0,0
8370,0.2,1,1,1
8371,0.2,2,0,0
8372,1.0,1,0,1
8373,1.0,0,0,1
8374,0.2,1,0,0
8375,0.2,1,1,1
8376,0.2,2,0,0
8377,0.2,1,1,1
8378,0.2,2,1,0
8379,1.0,3,0,1
8380,0.2,2,0,0
8381,0.2,3,0,0
8382,0.2,1,1,1
8383,0.2,2,0,0
8384,0.2,2,0,0
8385,0.2,2,0,0
8386,0.2,2,0,0
8387,0.2,1,1,0
8388,0.2,2,1,1
8389,0.2,1,1,1
8390,0.2,2,0,0
8391,0.2,0,0,1
8392,2.2,2,0,0
8393,0.2,2,0,0
8394,1.0,2,1,1
8395,0.2,1,1,1
8396,1.0,3,1,1
8397,0.2,2,1,0
8398,0.2,0,1,1
8399,0.2,2,0,0
8400,0.2,1,0,0
8401,0.2,1,0,0
8402,0.2,1,1,1
8403,1.0,1,0,1
8404,0.2,2,1,1
8405,0.2,3,1,0
8406,0.2,2,1,1
8407,0.2,3,0,0
8408,0.2,1,0,0
8409,0.2,3,0,0
8410,0.2,2,0,0
8411,0.2,0,1,1
8412,0.2,1,0,1
8413,0.2,1,1,1
8414,2.2,2,0,1
8415,0.2,1,0,0
8416,0.2,2,1,1
8417,0.2,2,1,0
8418,1.0,2,1,0
8419,1.0,2,1,0
8420,0.2,0,0,1
8421,0.2,2,1,1
8422,0.2,2,1,1
8423,0.2,2,0,0
8424,1.0,3,1,1
8425,0.2,1,1,1
8426,0.2,3,0,0
8427,1.0,1,0,1
8428,0.2,2,0,0
8429,0.2,1,1,0
8430,0.2,1,0,0
8431,0.2,2,1,1
8432,1.0,0,1,1
8433,1.0,1,1,1
8434,0.2,2,0,0
8435,0.2,0,0,1
8436,0.2,1,1,1
8437,0.2,2,0,0
8438,2.2,0,1,1
8439,0.2,2,1,0
8440,0.2,1,1,0
8441,0.2,1,1,1
8442,0.2,1,1,1
8443,1.0,2,0,1
8444,0.2,2,0,0
8445,0.2,1,0,0
8446,0.2,2,1,0
8447,0.2,2,0,0
8448,0.2,1,1,1
8449,0.2,1,1,0
8450,2.2,1,1,1
8451,1.0,2,1,1
8452,0.2,0,0,0
8453,0.2,0,1,1
8454,0.2,1,0,0
8455,0.2,1,1,1
8456,1.0,2,1,1
8457,0.2,1,0,1
8458,1.0,2,0,0
8459,0.2,2,0,0
8460,0.2,1,1,1
8461,0.2,1,1,0
8462,0.2,1,0,0
8463,0.2,1,0,0
8464,0.2,2,1,0
8465,0.2,0,0,1
8466,1.0,0,0,0
8467,0.2,3,1,1
8468,0.2,1,1,0
8469,0.2,3,1,0
8470,0.2,1,1,0
8471,1.0,1,0,1
8472,0.2,2,0,0
8473,0.2,2,0,0
8474,0.2,1,0,0
8475,0.2,0,0,0
8476,2.2,2,0,1
8477,1.0,1,1,1
8478,0.2,2,0,0
8479,0.2,3,0,0
8480,0.2,3,1,0
8481,1.0,1,1,1
8482,1.0,2,1,1
8483,1.0,1,1,1
8484,1.0,1,1,1
8485,0.2,0,0,0
8486,1.0,2,1,0
8487,0.2,2,0,0
8488,0.2,1,0,0
8489,0.2,1,1,0
8490,0.2,1,0,0
8491,0.2,1,1,1
8492,0.2,0,1,0
8493,1.0,3,0,1
8494,0.2,1,0,0
8495,0.2,3,0,0
8496,0.2,1,1,0
8497,1.0,3,0,1
8498,1.0,1,0,1
8499,0.2,3,1,0
8500,0.2,1,0,0
8501,0.2,2,1,1
8502,0.2,0,0,0
8503,0.2,2,0,0
8504,0.2,1,0,0
8505,1.0,2,1,1
8506,0.2,1,1,1
8507,0.2,1,0,1
8508,0.2,0,0,0
8509,0.2,1,0,0
8510,0.2,1,1,0
8511,0.2,1,1,0
8512,0.2,3,0,1
8513,0.2,1,1,1
8514,0.2,2,1,0
8515,0.2,1,0,1
8516,0.2,1,0,1
8517,1.0,3,1,0
8518,1.0,1,1,1
8519,0.2,1,0,0
8520,0.2,1,1,1
8521,1.0,1,1,1
8522,0.2,1,0,0
8523,1.0,3,0,0
8524,1.0,0,0,1
8525,0.2,1,0,1
8526,0.2,2,1,1
8527,0.2,1,1,0
8528,0.2,2,0,0
8529,0.2,2,0,0
8530,0.2,2,1,1
8531,0.2,2,1,0
8532,0.2,0,0,1
8533,0.2,1,1,1
8534,0.2,2,1,1
8535,0.2,2,1,1
8536,1.0,3,0,1
8537,0.2,3,0,0
8538,0.2,2,1,1
8539,1.0,1,0,0
8540,1.0,2,1,1
8541,0.2,2,1,1
8542,0.2,2,0,1
8543,1.0,2,1,1
8544,0.2,2,0,0
8545,0.2,1,0,0
8546,1.0,1,1,1
8547,0.2,1,0,0
8548,0.2,1,1,1
8549,0.2,2,0,0
8550,0.2,2,1,0
8551,0.2,3,1,1
8552,1.0,1,0,0
8553,2.2,1,1,1
8554,0.2,2,0,0
8555,1.0,1,1,1
8556,0.2,2,0,0
8557,0.2,0,0,0
8558,0.2,1,0,0
8559,0.2,2,1,1
8560,1.0,0,1,1
8561,1.0,2,1,1
8562,0.2,2,1,1
8563,0.2,1,1,1
8564,0.2,2,0,0
8565,0.2,3,0,0
8566,0.2,1,0,0
8567,0.2,2,1,1
8568,0.2,1,1,1
8569,0.2,2,0,1
8570,1.0,2,0,0
8571,0.2,1,1,0
8572,0.2,2,1,1
8573,1.0,0,1,1
8574,0.2,2,0,0
8575,0.2,2,0,0
8576,1.0,1,0,0
8577,0.2,1,1,0
8578,0.2,1,1,1
8579,0.2,3,0,1
8580,0.2,1,1,1
8581,0.2,1,0,0
8582,1.0,3,0,1
8583,0.2,1,1,1
8584,0.2,2,1,0
8585,0.2,3,1,1
8586,0.2,3,0,1
8587,1.0,2,0,0
8588,0.2,2,0,0
8589,0.2,1,0,0
8590,1.0,0,1,1
8591,0.2,1,0,1
8592,0.2,1,0,0
8593,0.2,1,0,0
8594,0.2,0,1,1
8595,0.2,1,1,0
8596,1.0,2,0,1
8597,0.2,2,1,1
8598,1.0,2,0,0
8599,0.2,1,1,1
8600,2.2,3,1,1
8601,0.2,1,1,1
8602,0.2,2,0,0
8603,0.2,2,1,1
8604,0.2,2,1,1
8605,1.0,0,1,1
8606,0.2,3,0,0
8607,0.2,2,0,0
8608,0.2,0,1,1
8609,1.0,3,0,0
8610,0.2,1,0,0
8611,0.2,1,1,1
8612,1.0,3,0,0
8613,0.2,3,1,0
8614,0.2,1,0,0
8615,0.2,1,0,0
8616,0.2,2,1,1
8617,0.2,0,0,0
8618,0.2,2,1,1
8619,1.0,1,1,1
8620,0.2,0,1,0
8621,0.2,2,1,1
8622,0.2,1,1,1
8623,0.2,0,1,1
8624,1.0,0,1,1
8625,1.0,1,0,0
8626,0.2,3,0,0
8627,0.2,1,0,0
8628,1.0,3,0,0
8629,0.2,2,1,1
8630,1.0,1,1,1
8631,0.2,1,1,1
8632,0.2,2,1,1
8633,0.2,2,1,1
8634,0.2,1,0,0
8635,0.2,2,1,0
8636,0.2,2,0,0
8637,0.2,1,0,1
8638,0.2,1,1,1
8639,0.2,2,0,0
8640,0.2,2,0,0
8641,1.0,1,1,1
8642,0.2,2,1,1
8643,0.2,2,0,0
8644,0.2,2,1,0
8645,0.2,1,1,0
8646,0.2,1,1,1
8647,1.0,1,1,1
8648,0.2,2,0,0
8649,0.2,1,0,0
8650,0.2,3,1,0
8651,0.2,2,0,0
8652,0.2,0,0,0
8653,0.2,1,1,1
8654,0.2,2,0,0
8655,0.2,2,0,1
8656,0.2,2,1,1
8657,0.2,2,0,0
8658,0.2,2,1,1
8659,0.2,2,0,1
8660,0.2,2,1,1
8661,2.2,3,1,1
8662,0.2,3,1,1
8663,0.2,3,1,1
8664,0.2,3,1,1
8665,0.2,0,1,0
8666,0.2,0,1,1
8667,0.2,1,1,0
8668,0.2,3,0,0
8669,0.2,3,1,1
8670,0.2,2,0,0
8671,0.2,3,1,0
8672,0.2,1,0,0
8673,0.2,2,0,0
8674,0.2,1,0,0
8675,0.2,3,1,1
8676,0.2,3,1,1
8677,0.2,2,1,1
8678,1.0,2,1,1
8679,0.2,3,1,1
8680,1.0,0,1,1
8681,0.2,2,0,0
8682,0.2,3,1,1
8683,1.0,0,0,1
8684,0.2,0,1,1
8685,0.2,1,0,0
8686,0.2,3,0,1
8687,0.2,2,0,0
8688,0.2,1,1,1
8689,0.2,2,1,1
8690,0.2,1,0,0
8691,0.2,2,0,0
8692,1.0,2,0,0
8693,1.0,0,0,0
8694,0.2,2,1,1
8695,0.2,2,0,0
8696,0.2,2,0,0
8697,1.0,2,1,1
8698,0.2,2,0,0
8699,0.2,3,0,0
8700,0.2,1,1,1
8701,1.0,1,1,1
8702,0.2,1,0,0
8703,0.2,2,0,1
8704,0.2,1,1,0
8705,0.2,1,0,0
8706,0.2,0,0,0
8707,0.2,2,0,0
8708,0.2,0,0,1
8709,1.0,3,1,0
8710,0.2,0,0,0
8711,0.2,0,0,0
8712,1.0,1,1,1
8713,1.0,0,1,1
8714,0.2,2,1,1
8715,2.2,1,0,1
8716,0.2,0,1,1
8717,0.2,0,1,1
8718,0.2,0,0,0
8719,1.0,1,1,0
8720,0.2,1,0,0
8721,0.2,3,0,0
8722,0.2,1,0,0
8723,0.2,2,0,0
8724,1.0,2,0,1
8725,0.2,1,0,0
8726,0.2,3,1,0
8727,0.2,2,0,0
8728,0.2,1,0,0
8729,0.2,2,0,1
8730,0.2,1,1,1
8731,0.2,2,0,0
8732,1.0,3,1,1
8733,0.2,2,0,0
8734,0.2,1,0,0
8735,0.2,1,0,0
8736,1.0,2,1,0
8737,1.0,3,0,0
8738,1.0,0,1,1
8739,0.2,0,1,1
8740,0.2,3,0,0
8741,0.2,1,1,1
8742,0.2,2,1,1
8743,0.2,0,1,1
8744,1.0,0,1,1
8745,1.0,2,1,1
8746,0.2,1,1,1
8747,0.2,2,1,0
8748,0.2,3,1,1
8749,0.2,2,1,1
8750,0.2,2,0,1
8751,0.2,1,0,1
8752,0.2,2,0,0
8753,0.2,3,1,0
8754,0.2,1,1,1
8755,1.0,3,1,1
8756,1.0,1,1,1
8757,0.2,2,0,0
8758,1.0,2,1,1
8759,0.2,2,1,0
8760,0.2,1,0,0
8761,0.2,3,0,0
8762,0.2,2,1,1
8763,0.2,3,1,0
8764,0.2,3,0,0
8765,0.2,2,0,0
8766,0.2,1,1,1
8767,0.2,2,0,0
8768,0.2,1,0,0
8769,0.2,2,0,0
8770,0.2,1,1,1
8771,0.2,1,1,0
8772,0.2,2,0,0
8773,1.0,2,1,1
8774,0.2,2,0,0
8775,1.0,1,1,1
8776,0.2,0,0,1
8777,0.2,3,1,1
8778,0.2,2,0,0
8779,1.0,3,1,1
8780,1.0,1,0,1
8781,0.2,2,1,1
8782,0.2,1,0,0
8783,2.2,1,0,1
8784,0.2,2,0,0
8785,0.2,1,0,0
8786,2.2,2,1,1
8787,0.2,3,0,0
8788,0.2,1,1,0
8789,0.2,2,1,0
8790,1.0,0,1,1
8791,0.2,2,1,1
8792,0.2,2,1,1
8793,1.0,1,0,0
8794,0.2,2,1,0
8795,2.2,1,1,1
8796,0.2,1,0,0
8797,0.2,1,1,1
8798,0.2,1,1,1
8799,0.2,2,0,0
8800,1.0,3,1,1
8801,1.0,1,1,1
8802,0.2,2,1,0
8803,1.0,0,0,0
8804,0.2,1,1,1
8805,0.2,2,0,0
8806,0.2,3,1,0
8807,0.2,2,1,0
8808,0.2,1,0,0
8809,0.2,1,0,0
8810,0.2,1,0,0
8811,0.2,1,1,0
8812,0.2,2,1,0
8813,0.2,1,0,0
8814,2.2,2,1,1
8815,0.2,0,0,0
8816,0.2,2,0,0
8817,0.2,1,0,0
8818,0.2,2,1,0
8819,0.2,1,0,0
8820,2.2,2,1,1
8821,0.2,3,0,0
8822,0.2,0,1,1
8823,2.2,1,1,1
8824,0.2,1,0,0
8825,0.2,2,1,0
8826,1.0,0,1,0
8827,0.2,1,0,0
8828,0.2,1,1,1
8829,0.2,0,0,0
8830,0.2,3,0,0
8831,1.0,2,0,1
8832,0.2,1,1,1
8833,0.2,1,0,0
8834,1.0,1,1,1
8835,1.0,3,0,0
8836,0.2,1,1,1
8837,0.2,0,1,0
8838,0.2,3,1,1
8839,1.0,2,0,1
8840,0.2,1,1,1
8841,0.2,2,1,1
8842,0.2,2,1,0
8843,0.2,3,0,0
8844,0.2,3,0,0
8845,1.0,2,1,0
8846,0.2,1,1,1
8847,0.2,2,0,0
8848,0.2,0,1,1
8849,0.2,1,1,0
8850,0.2,2,0,0
8851,1.0,1,0,0
8852,1.0,1,0,1
8853,1.0,1,1,1
8854,0.2,2,0,0
8855,0.2,2,0,0
8856,0.2,3,1,0
8857,1.0,2,1,1
8858,0.2,2,1,1
8859,0.2,2,0,1
8860,0.2,1,1,1
8861,0.2,2,1,1
8862,0.2,2,1,1
8863,0.2,2,0,0
8864,1.0,1,0,1
8865,0.2,2,0,0
8866,1.0,0,1,1
8867,0.2,0,0,0
8868,0.2,2,1,1
8869,0.2,2,1,1
8870,2.2,2,0,1
8871,0.2,0,1,0
8872,0.2,2,0,0
8873,1.0,2,1,1
8874,0.2,2,1,1
8875,0.2,2,1,0
8876,1.0,3,0,1
8877,0.2,1,0,0
8878,0.2,1,0,0
8879,0.2,2,0,0
8880,0.2,2,1,1
8881,0.2,2,0,0
8882,0.2,1,0,0
8883,0.2,3,0,0
8884,0.2,2,0,1
8885,0.2,2,0,0
8886,0.2,2,1,1
8887,0.2,0,0,1
8888,1.0,1,1,1
8889,0.2,1,0,0
8890,0.2,3,0,0
8891,1.0,1,0,0
8892,0.2,1,0,1
8893,0.2,1,1,1
8894,0.2,2,1,1
8895,0.2,1,0,0
8896,0.2,1,0,0
8897,1.0,1,1,1
8898,0.2,1,0,0
8899,2.2,1,1,1
8900,0.2,2,0,0
8901,0.2,2,1,1
8902,0.2,2,0,0
8903,1.0,0,1,1
8904,0.2,1,1,1
8905,0.2,1,0,0
8906,0.2,3,0,0
8907,0.2,0,1,1
8908,0.2,2,0,0
8909,0.2,2,1,0
8910,1.0,1,1,1
8911,0.2,1,0,0
8912,0.2,1,0,0
8913,1.0,0,1,0
8914,1.0,0,1,1
8915,0.2,2,0,0
8916,1.0,3,1,1
8917,0.2,3,0,1
8918,0.2,1,1,1
8919,0.2,2,1,0
8920,0.2,2,1,1
8921,1.0,1,1,1
8922,0.2,2,0,0
8923,0.2,1,1,1
8924,0.2,2,1,0
8925,0.2,3,0,0
8926,1.0,2,1,1
8927,0.2,2,0,0
8928,0.2,1,1,1
8929,0.2,3,0,0
8930,0.2,0,0,0
8931,0.2,1,1,1
8932,0.2,0,1,0
8933,0.2,2,0,1
8934,1.0,2,1,1
8935,0.2,1,0,0
8936,0.2,1,0,0
8937,0.2,1,0,0
8938,0.2,1,1,1
8939,0.2,0,1,1
8940,0.2,1,1,1
8941,0.2,1,1,1
8942,1.0,0,1,1
8943,0.2,0,0,0
8944,0.2,2,0,1
8945,0.2,1,1,1
8946,1.0,2,0,1
8947,0.2,1,0,0
8948,0.2,2,1,1
8949,0.2,1,1,0
8950,0.2,1,1,1
8951,0.2,1,1,1
8952,1.0,3,1,1
8953,0.2,0,1,1
8954,0.2,2,0,0
8955,0.2,1,1,1
8956,0.2,0,1,1
8957,0.2,0,1,0
8958,0.2,1,0,0
8959,0.2,2,0,0
8960,1.0,1,1,1
8961,0.2,2,0,0
8962,0.2,1,1,1
8963,1.0,1,1,1
8964,0.2,3,0,0
8965,0.2,1,1,0
8966,1.0,1,1,1
8967,0.2,2,1,0
8968,0.2,1,0,0
8969,0.2,2,1,0
8970,0.2,0,1,1
8971,0.2,2,0,1
8972,0.2,1,1,1
8973,0.2,0,0,1
8974,0.2,1,0,0
8975,0.2,2,1,1
8976,0.2,1,1,0
8977,0.2,2,1,0
8978,0.2,3,0,0
8979,0.2,2,1,1
8980,0.2,0,0,0
8981,1.0,2,1,1
8982,0.2,1,0,0
8983,1.0,2,1,1
8984,0.2,1,1,0
8985,0.2,2,0,0
8986,1.0,2,1,1
8987,0.2,1,1,1
8988,0.2,2,1,1
8989,0.2,2,1,1
8990,0.2,1,1,1
8991,1.0,2,1,1
8992,0.2,0,0,0
8993,0.2,0,0,0
8994,0.2,1,1,1
8995,2.2,2,1,1
8996,0.2,0,1,1
8997,0.2,3,0,0
8998,0.2,1,0,0
8999,1.0,1,1,1
9000,0.2,2,0,0
9001,0.2,3,1,0
9002,0.2,3,1,1
9003,1.0,1,1,1
9004,2.2,1,0,1
9005,0.2,3,1,0
9006,0.2,2,0,0
9007,0.2,1,1,0
9008,1.0,1,1,1
9009,1.0,3,0,0
9010,1.0,2,1,1
9011,0.2,1,1,1
9012,0.2,1,1,1
9013,0.2,1,1,1
9014,0.2,1,1,1
9015,0.2,1,1,1
9016,0.2,2,0,0
9017,1.0,3,0,0
9018,0.2,1,1,1
9019,0.2,1,1,1
9020,0.2,3,1,0
9021,0.2,2,1,0
9022,0.2,1,0,0
9023,0.2,2,0,0
9024,0.2,2,1,1
9025,0.2,1,1,1
9026,0.2,0,1,1
9027,0.2,3,0,0
9028,0.2,2,0,0
9029,0.2,1,0,1
9030,1.0,2,0,0
9031,0.2,1,0,0
9032,0.2,1,1,1
9033,1.0,2,0,1
9034,0.2,3,0,0
9035,0.2,1,0,0
9036,0.2,1,0,0
9037,1.0,1,0,1
9038,0.2,0,1,0
9039,0.2,2,0,0
9040,0.2,1,0,0
9041,0.2,3,0,1
9042,2.2,2,1,1
9043,1.0,2,0,0
9044,0.2,1,1,1
9045,1.0,1,1,0
9046,0.2,1,1,1
9047,0.2,3,1,1
9048,1.0,2,1,1
9049,0.2,2,1,1
9050,0.2,2,0,0
9051,1.0,0,0,0
9052,0.2,0,1,1
9053,1.0,3,1,1
9054,0.2,1,0,0
9055,0.2,2,0,0
9056,0.2,3,1,0
9057,1.0,0,1,1
9058,0.2,2,0,0
9059,0.2,2,0,0
9060,0.2,1,1,1
9061,1.0,3,0,1
9062,0.2,2,0,1
9063,0.2,3,0,0
9064,0.2,2,1,1
9065,0.2,0,1,1
9066,0.2,2,0,0
9067,0.2,3,0,0
9068,0.2,2,1,1
9069,1.0,1,0,1
9070,0.2,1,0,0
9071,0.2,2,0,0
9072,1.0,1,1,1
9073,0.2,2,0,0
9074,0.2,3,0,0
9075,0.2,2,0,1
9076,1.0,0,1,1
9077,0.2,1,0,0
9078,0.2,1,0,1
9079,0.2,1,1,1
9080,0.2,1,0,0
9081,0.2,2,0,0
9082,0.2,2,1,1
9083,0.2,2,0,0
9084,0.2,1,1,1
9085,1.0,0,1,0
9086,0.2,2,1,0
9087,2.2,1,0,1
9088,0.2,1,1,1
9089,0.2,1,0,0
9090,0.2,2,1,1
9091,1.0,2,0,1
9092,0.2,0,0,0
9093,0.2,1,0,0
9094,0.2,2,0,0
9095,1.0,1,1,1
9096,1.0,0,0,0
9097,0.2,1,1,1
9098,0.2,0,0,0
9099,0.2,2,0,0
9100,0.2,2,1,0
9101,0.2,2,1,1
9102,0.2,2,1,0
9103,0.2,1,1,0
9104,0.2,2,0,0
9105,0.2,3,1,0
9106,0.2,0,1,1
9107,1.0,2,1,1
9108,2.2,3,1,1
9109,0.2,2,0,0
9110,1.0,0,1,1
9111,0.2,1,0,0
9112,0.2,1,1,1
9113,0.2,1,0,0
9114,1.0,3,0,0
9115,0.2,1,0,0
9116,0.2,2,0,0
9117,0.2,2,0,0
9118,0.2,1,0,0
9119,0.2,2,1,1
9120,0.2,2,0,1
9121,0.2,1,1,1
9122,1.0,1,1,1
9123,0.2,2,0,0
9124,1.0,0,1,1
9125,1.0,1,1,1
9126,0.2,0,1,1
9127,0.2,1,1,1
9128,0.2,1,0,1
9129,0.2,2,1,1
9130,0.2,1,1,0
9131,0.2,1,0,1
9132,1.0,2,0,1
9133,0.2,2,1,1
9134,0.2,1,0,0
9135,0.2,0,0,0
9136,1.0,2,0,1
9137,0.2,0,1,1
9138,0.2,0,0,0
9139,1.0,1,1,1
9140,0.2,2,0,1
9141,0.2,2,0,0
9142,1.0,1,1,1
9143,0.2,1,0,0
9144,0.2,2,0,0
9145,0.2,2,1,1
9146,0.2,1,0,0
9147,0.2,1,1,1
9148,0.2,3,1,1
9149,0.2,2,0,0
9150,2.2,2,1,1
9151,0.2,1,0,0
9152,0.2,0,1,1
9153,1.0,1,1,1
9154,1.0,1,1,1
9155,0.2,0,0,1
9156,0.2,2,1,1
9157,0.2,1,1,1
9158,0.2,3,1,0
9159,0.2,2,0,0
9160,1.0,2,0,0
9161,0.2,1,0,0
9162,0.2,2,1,1
9163,1.0,2,0,0
9164,0.2,1,0,0
9165,0.2,1,0,0
9166,0.2,1,1,0
9167,0.2,1,0,0
9168,0.2,1,1,0
9169,0.2,1,1,1
9170,1.0,1,1,1
9171,0.2,0,1,0
9172,0.2,2,1,1
9173,0.2,0,1,1
9174,0.2,1,0,0
9175,0.2,1,0,0
9176,0.2,1,0,0
9177,1.0,0,1,1
9178,0.2,2,0,0
9179,0.2,2,0,0
9180,0.2,3,1,0
9181,0.2,1,1,0
9182,0.2,2,0,0
9183,0.2,1,1,1
9184,0.2,3,0,0
9185,0.2,2,1,0
9186,1.0,3,1,0
9187,1.0,2,1,1
9188,2.2,1,1,1
9189,0.2,3,0,0
9190,0.2,2,0,0
9191,0.2,1,0,0
9192,0.2,2,1,1
9193,0.2,3,1,0
9194,0.2,1,1,0
9195,0.2,2,0,1
9196,0.2,2,1,0
9197,0.2,2,0,0
9198,0.2,1,0,0
9199,1.0,0,1,1
9200,2.2,1,0,1
9201,1.0,1,0,1
9202,0.2,0,1,0
9203,1.0,1,0,0
9204,0.2,2,1,1
9205,1.0,1,1,1
9206,0.2,3,1,1
9207,1.0,1,1,1
9208,0.2,2,1,0
9209,1.0,1,1,0
9210,0.2,1,1,1
9211,0.2,3,1,1
9212,0.2,0,0,0
9213,0.2,0,0,0
9214,1.0,1,1,1
9215,1.0,1,1,1
9216,0.2,2,0,0
9217,0.2,1,0,0
9218,0.2,2,1,1
9219,0.2,0,1,1
9220,0.2,2,0,0
9221,0.2,2,1,1
9222,0.2,2,1,1
9223,0.2,3,1,1
9224,0.2,2,1,1
9225,0.2,3,0,0
9226,0.2,1,1,0
9227,0.2,1,1,1
9228,0.2,2,0,0
9229,0.2,1,1,1
9230,0.2,1,0,1
9231,1.0,2,1,1
9232,0.2,2,0,0
9233,2.2,1,1,1
9234,1.0,2,1,1
9235,0.2,1,0,0
9236,0.2,2,1,1
9237,1.0,0,0,1
9238,1.0,2,1,1
9239,0.2,3,1,0
9240,0.2,2,0,0
9241,0.2,1,1,0
9242,1.0,1,0,0
9243,0.2,2,1,1
9244,0.2,2,1,1
9245,1.0,1,1,1
9246,0.2,1,1,1
9247,1.0,1,0,1
9248,0.2,2,1,1
9249,0.2,1,0,1
9250,1.0,1,0,1
9251,0.2,1,1,0
9252,0.2,2,0,0
9253,1.0,1,1,1
9254,0.2,0,0,0
9255,0.2,3,0,0
9256,0.2,1,1,1
9257,0.2,3,0,0
9258,0.2,1,1,0
9259,0.2,2,0,0
9260,1.0,2,1,1
9261,0.2,1,0,0
9262,0.2,2,0,0
9263,1.0,3,1,1
9264,0.2,2,1,1
9265,0.2,2,1,1
9266,0.2,1,1,1
9267,1.0,1,1,1
9268,0.2,2,1,0
9269,0.2,2,0,0
9270,0.2,2,0,0
9271,1.0,2,1,1
9272,0.2,1,1,1
9273,0.2,3,0,0
9274,0.2,3,0,0
9275,0.2,0,0,0
9276,0.2,0,0,0
9277,0.2,2,0,0
9278,0.2,3,1,0
9279,0.2,3,0,0
9280,0.2,2,1,0
9281,1.0,0,1,1
9282,0.2,3,0,0
9283,0.2,1,0,0
9284,0.2,1,1,1
9285,0.2,2,0,0
9286,0.2,1,1,1
9287,0.2,1,1,1
9288,1.0,2,1,1
9289,0.2,1,0,0
9290,0.2,2,0,0
9291,0.2,2,1,0
9292,0.2,3,0,0
9293,0.2,1,0,0
9294,0.2,1,0,0
9295,1.0,1,1,1
9296,0.2,1,0,0
9297,0.2,1,0,0
9298,1.0,1,1,1
9299,2.2,3,1,1
9300,0.2,2,0,0
9301,0.2,2,0,0
9302,0.2,1,0,1
9303,0.2,0,1,0
9304,0.2,1,1,1
9305,0.2,2,0,0
9306,1.0,1,1,1
9307,0.2,2,0,0
9308,0.2,2,0,0
9309,0.2,2,1,0
9310,0.2,1,1,0
9311,0.2,0,1,0
9312,1.0,0,0,1
9313,0.2,3,0,0
9314,0.2,0,1,1
9315,0.2,2,1,1
9316,0.2,2,1,1
9317,0.2,1,1,1
9318,0.2,3,0,0
9319,0.2,1,1,1
9320,0.2,1,1,1
9321,1.0,0,0,1
9322,1.0,2,0,1
9323,1.0,1,0,1
9324,0.2,1,1,1
9325,0.2,1,1,1
9326,0.2,1,0,1
9327,0.2,1,0,0
9328,2.2,1,1,1
9329,0.2,1,1,1
9330,0.2,3,1,1
9331,0.2,1,0,1
9332,0.2,3,0,0
9333,0.2,1,0,0
9334,0.2,1,1,1
9335,0.2,1,0,0
9336,0.2,3,0,0
9337,1.0,2,0,1
9338,0.2,2,1,1
9339,1.0,2,0,1
9340,1.0,1,0,0
9341,0.2,1,0,0
9342,0.2,2,0,0
9343,0.2,1,1,0
9344,0.2,2,0,1
9345,0.2,2,1,1
9346,0.2,2,1,1
9347,0.2,1,1,1
9348,0.2,0,1,0
9349,0.2,2,0,0
9350,0.2,0,1,1
9351,1.0,0,0,1
9352,0.2,2,1,1
9353,0.2,2,0,0
9354,0.2,2,1,0
9355,0.2,2,0,0
9356,0.2,0,1,1
9357,0.2,1,1,1
9358,0.2,2,1,0
9359,0.2,2,1,1
9360,0.2,3,0,0
9361,0.2,1,0,1
9362,0.2,2,1,1
9363,0.2,2,0,0
9364,0.2,1,1,1
9365,0.2,2,1,1
9366,1.0,1,1,1
9367,0.2,0,0,0
9368,1.0,2,1,1
9369,0.2,3,1,0
9370,0.2,3,0,0
9371,1.0,1,1,1
9372,0.2,1,1,0
9373,0.2,2,0,0
9374,0.2,0,1,1
9375,0.2,2,1,0
9376,0.2,2,1,1
9377,1.0,0,1,1
9378,1.0,3,1,1
9379,0.2,0,0,0
9380,0.2,0,1,1
9381,0.2,1,0,0
9382,0.2,2,1,1
9383,0.2,1,0,0
9384,0.2,1,0,0
9385,1.0,1,1,1
9386,0.2,3,0,0
9387,0.2,1,0,1
9388,1.0,0,1,1
9389,2.2,1,1,1
9390,0.2,2,0,0
9391,0.2,1,0,0
9392,0.2,3,0,0
9393,0.2,1,0,0
9394,0.2,1,0,0
9395,0.2,1,1,1
9396,1.0,1,1,1
9397,0.2,2,0,0
9398,1.0,0,1,1
9399,0.2,2,1,0
9400,0.2,1,0,1
9401,0.2,2,0,0
9402,1.0,0,1,0
9403,0.2,1,1,1
9404,0.2,1,0,0
9405,0.2,2,0,1
9406,0.2,2,1,1
9407,0.2,0,1,1
9408,0.2,1,0,0
9409,0.2,2,1,1
9410,1.0,1,0,0
9411,0.2,1,0,0
9412,0.2,1,1,1
9413,0.2,2,1,0
9414,0.2,3,1,1
9415,0.2,3,0,0
9416,1.0,3,1,1
9417,1.0,2,1,0
9418,0.2,2,0,1
9419,0.2,2,1,1
9420,0.2,3,0,0
9421,1.0,2,1,1
9422,1.0,2,0,0
9423,0.2,1,1,1
9424,0.2,1,0,1
9425,0.2,1,1,1
9426,0.2,2,0,0
9427,1.0,1,1,1
9428,1.0,0,1,1
9429,0.2,1,1,1
9430,0.2,2,0,0
9431,0.2,2,0,1
9432,0.2,3,1,0
9433,1.0,2,0,0
9434,0.2,1,1,1
9435,0.2,1,1,1
9436,0.2,0,0,0
9437,0.2,2,0,1
9438,0.2,3,1,0
9439,1.0,1,1,1
9440,1.0,1,1,1
9441,0.2,1,1,1
9442,0.2,3,0,0
9443,1.0,0,1,1
9444,0.2,2,0,0
9445,0.2,2,0,0
9446,0.2,2,0,0
9447,0.2,1,1,1
9448,0.2,0,1,1
9449,0.2,1,1,1
9450,0.2,1,1,0
9451,0.2,1,0,0
9452,1.0,1,1,1
9453,0.2,2,1,1
9454,0.2,2,0,1
9455,0.2,0,0,1
9456,0.2,1,0,0
9457,0.2,2,0,1
9458,0.2,1,0,0
9459,1.0,0,0,1
9460,0.2,2,1,1
9461,0.2,2,0,0
9462,1.0,2,1,1
9463,2.2,2,1,1
9464,0.2,2,1,1
9465,0.2,0,1,1
9466,1.0,0,1,1
9467,1.0,1,0,0
9468,0.2,2,1,1
9469,0.2,1,0,0
9470,0.2,1,1,0
9471,1.0,1,0,1
9472,0.2,1,0,0
9473,0.2,2,1,1
9474,0.2,0,0,0
9475,1.0,0,1,1
9476,0.2,2,0,0
9477,1.0,1,1,1
9478,0.2,2,1,1
9479,0.2,1,1,1
9480,0.2,2,0,0
9481,0.2,2,1,0
9482,1.0,3,0,0
9483,0.2,2,0,0
9484,0.2,1,1,1
9485,1.0,1,0,1
9486,1.0,3,1,1
9487,0.2,1,1,1
9488,0.2,2,1,1
9489,0.2,1,0,1
9490,1.0,2,1,1
9491,0.2,1,1,1
9492,0.2,1,0,0
9493,0.2,1,1,0
9494,1.0,0,1,1
9495,1.0,2,1,1
9496,0.2,0,0,1
9497,0.2,0,0,0
9498,1.0,0,1,1
9499,0.2,3,0,0
9500,1.0,1,1,1
9501,0.2,1,1,1
9502,0.2,0,1,1
9503,0.2,3,0,0
9504,0.2,0,0,0
9505,0.2,2,0,0
9506,0.2,2,0,0
9507,0.2,3,0,0
9508,0.2,2,0,1
9509,0.2,2,1,0
9510,0.2,1,1,1
9511,1.0,0,0,0
9512,0.2,2,0,0
9513,0.2,1,1,0
9514,0.2,1,1,1
9515,0.2,2,0,0
9516,1.0,2,1,0
9517,0.2,1,1,0
9518,0.2,2,1,0
9519,0.2,2,1,1
9520,0.2,1,0,1
9521,0.2,2,1,0
9522,0.2,2,1,0
9523,0.2,1,1,0
9524,0.2,0,0,0
9525,1.0,1,0,0
9526,1.0,1,1,1
9527,0.2,2,0,0
9528,0.2,1,1,1
9529,0.2,3,0,1
9530,2.2,2,0,1
9531,0.2,0,0,0
9532,1.0,2,1,1
9533,0.2,2,0,0
9534,0.2,1,1,1
9535,0.2,2,1,1
9536,0.2,1,1,1
9537,0.2,1,0,0
9538,0.2,2,0,0
9539,0.2,1,1,0
9540,0.2,2,0,0
9541,0.2,0,0,0
9542,0.2,1,1,1
9543,0.2,2,0,1
9544,0.2,3,1,1
9545,0.2,1,0,0
9546,0.2,2,0,1
9547,1.0,1,1,1
9548,0.2,2,0,0
9549,1.0,2,1,1
9550,0.2,2,0,0
9551,0.2,1,0,0
9552,0.2,1,1,0
9553,0.2,1,1,1
9554,1.0,1,0,0
9555,0.2,1,0,0
9556,0.2,1,1,1
9557,0.2,3,0,0
9558,0.2,3,0,0
9559,0.2,2,0,1
9560,0.2,1,0,1
9561,0.2,2,0,0
9562,0.2,2,0,0
9563,2.2,2,1,1
9564,1.0,1,1,1
9565,0.2,3,0,0
9566,0.2,1,0,0
9567,0.2,1,0,0
9568,0.2,2,0,0
9569,0.2,2,1,0
9570,0.2,0,1,0
9571,0.2,2,1,1
9572,0.2,2,0,0
9573,0.2,2,0,0
9574,0.2,1,1,1
9575,0.2,2,1,0
9576,0.2,2,0,1
9577,0.2,0,0,0
9578,0.2,2,0,0
9579,0.2,3,0,0
9580,0.2,1,0,0
9581,0.2,2,0,0
9582,1.0,2,1,1
9583,0.2,1,0,0
9584,1.0,1,0,1
9585,1.0,1,1,1
9586,1.0,2,0,0
9587,0.2,1,0,0
9588,0.2,1,1,1
9589,0.2,2,1,1
9590,0.2,2,0,0
9591,0.2,0,1,0
9592,1.0,1,0,1
9593,0.2,2,0,0
9594,0.2,2,1,1
9595,0.2,1,1,1
9596,1.0,0,1,1
9597,1.0,1,1,1
9598,0.2,3,1,1
9599,0.2,2,0,0
9600,0.2,3,0,0
9601,1.0,2,1,1
9602,0.2,3,0,0
9603,0.2,2,1,0
9604,0.2,1,0,0
9605,2.2,1,1,1
9606,0.2,2,1,1
9607,0.2,2,1,1
9608,0.2,3,0,0
9609,0.2,1,0,0
9610,0.2,1,1,0
9611,1.0,1,0,0
9612,0.2,2,1,1
9613,1.0,1,1,1
9614,1.0,0,1,1
9615,1.0,3,1,1
9616,0.2,1,0,0
9617,1.0,1,1,1
9618,0.2,3,0,0
9619,0.2,2,0,0
9620,0.2,1,1,1
9621,0.2,2,1,0
9622,0.2,1,1,1
9623,0.2,1,0,0
9624,1.0,0,0,0
9625,0.2,1,1,1
9626,0.2,3,1,1
9627,0.2,1,0,0
9628,1.0,2,0,0
9629,0.2,1,0,0
9630,1.0,0,0,1
9631,1.0,1,0,0
9632,0.2,2,1,1
9633,1.0,2,0,0
9634,0.2,1,1,1
9635,0.2,1,1,1
9636,1.0,0,0,1
9637,2.2,3,1,1
9638,0.2,2,0,0
9639,0.2,2,0,0
9640,1.0,1,1,1
9641,0.2,1,1,1
9642,0.2,1,0,0
9643,0.2,2,1,1
9644,0.2,2,0,0
9645,2.2,1,0,1
9646,1.0,1,0,1
9647,0.2,1,0,0
9648,0.2,1,1,1
9649,0.2,1,1,0
9650,1.0,2,0,1
9651,0.2,3,0,0
9652,0.2,3,0,0
9653,0.2,3,1,0
9654,1.0,2,1,1
9655,0.2,1,0,0
9656,0.2,2,1,1
9657,0.2,3,0,0
9658,0.2,1,0,0
9659,0.2,1,0,0
9660,0.2,2,0,1
9661,0.2,1,1,1
9662,0.2,2,0,0
9663,0.2,1,0,0
9664,1.0,3,1,1
9665,0.2,3,1,0
9666,0.2,2,1,1
9667,0.2,2,0,0
9668,0.2,1,0,1
9669,0.2,1,0,1
9670,0.2,2,0,0
9671,0.2,2,1,1
9672,0.2,1,0,0
9673,0.2,1,0,0
9674,0.2,1,0,0
9675,0.2,2,0,0
9676,1.0,2,0,0
9677,0.2,1,1,1
9678,0.2,0,0,0
9679,0.2,2,1,1
9680,1.0,2,0,1
9681,1.0,0,0,0
9682,1.0,2,0,0
9683,0.2,1,0,1
9684,0.2,2,0,0
9685,0.2,1,1,1
9686,0.2,0,1,1
9687,1.0,2,0,1
9688,0.2,2,0,0
9689,0.2,1,1,1
9690,0.2,2,0,0
9691,0.2,1,1,1
9692,0.2,2,0,0
9693,0.2,0,0,1
9694,1.0,0,1,1
9695,0.2,2,1,1
9696,0.2,3,0,0
9697,1.0,2,0,0
9698,2.2,1,1,1
9699,0.2,2,0,0
9700,0.2,3,0,0
9701,0.2,3,1,0
9702,0.2,1,1,1
9703,0.2,2,0,0
9704,2.2,2,0,0
9705,1.0,1,0,1
9706,0.2,2,0,0
9707,0.2,1,1,1
9708,0.2,2,0,1
9709,0.2,1,1,0
9710,0.2,2,0,0
9711,0.2,1,0,1
9712,0.2,3,0,0
9713,0.2,2,0,0
9714,0.2,1,1,1
9715,1.0,2,1,1
9716,0.2,3,0,1
9717,0.2,2,0,0
9718,0.2,1,1,1
9719,0.2,2,1,1
9720,1.0,0,1,1
9721,0.2,2,1,1
9722,0.2,2,1,1
9723,0.2,3,1,1
9724,0.2,0,1,1
9725,0.2,3,1,1
9726,0.2,0,1,1
9727,1.0,1,0,1
9728,1.0,1,0,1
9729,0.2,2,1,0
9730,1.0,1,1,1
9731,0.2,0,0,0
9732,1.0,0,0,0
9733,0.2,1,1,0
9734,0.2,1,0,0
9735,0.2,2,0,1
9736,0.2,3,0,0
9737,0.2,2,0,1
9738,1.0,1,1,1
9739,0.2,1,0,0
9740,0.2,3,1,0
9741,0.2,2,1,0
9742,2.2,2,0,1
9743,0.2,1,1,0
9744,0.2,1,0,0
9745,1.0,1,1,1
9746,0.2,2,0,0
9747,0.2,2,1,1
9748,0.2,2,1,0
9749,0.2,0,0,0
9750,0.2,2,0,0
9751,0.2,2,0,0
9752,0.2,3,1,1
9753,0.2,3,0,1
9754,0.2,1,0,0
9755,0.2,2,1,0
9756,2.2,3,1,1
9757,0.2,2,0,1
9758,1.0,2,1,1
9759,0.2,2,1,0
9760,0.2,0,0,0
9761,2.2,1,0,1
9762,0.2,2,1,1
9763,0.2,1,1,1
9764,0.2,0,1,0
9765,0.2,1,1,1
9766,0.2,1,0,1
9767,0.2,2,0,0
9768,0.2,2,1,1
9769,0.2,2,1,1
9770,0.2,1,0,0
9771,1.0,2,0,0
9772,0.2,1,0,0
9773,0.2,2,1,1
9774,0.2,1,0,0
9775,0.2,2,0,0
9776,0.2,2,0,0
9777,1.0,1,1,1
9778,0.2,1,0,0
9779,0.2,2,0,0
9780,0.2,3,0,0
9781,0.2,2,1,0
9782,0.2,2,0,0
9783,1.0,2,1,1
9784,0.2,3,0,0
9785,0.2,1,0,0
9786,0.2,2,0,0
9787,0.2,1,1,1
9788,0.2,1,1,0
9789,0.2,3,1,1
9790,0.2,1,0,0
9791,0.2,2,1,1
9792,0.2,2,1,0
9793,0.2,2,0,0
9794,0.2,1,1,1
9795,0.2,3,0,0
9796,1.0,2,0,0
9797,1.0,2,0,1
9798,0.2,1,0,0
9799,0.2,1,0,0
9800,1.0,1,1,1
9801,0.2,3,1,1
9802,0.2,2,1,1
9803,0.2,2,0,0
9804,0.2,2,0,0
9805,0.2,0,0,0
9806,1.0,1,0,0
9807,0.2,1,0,0
9808,0.2,2,0,0
9809,0.2,0,0,0
9810,0.2,2,0,0
9811,0.2,1,0,1
9812,0.2,2,0,0
9813,0.2,3,0,0
9814,0.2,1,0,0
9815,0.2,2,0,0
9816,1.0,3,1,1
9817,0.2,1,1,0
9818,1.0,2,1,1
9819,0.2,2,0,0
9820,1.0,2,0,1
9821,1.0,1,1,1
9822,0.2,1,1,1
9823,0.2,3,0,0
9824,1.0,1,1,1
9825,0.2,2,0,0
9826,0.2,2,0,0
9827,0.2,1,1,1
9828,0.2,3,1,0
9829,0.2,2,0,0
9830,1.0,3,1,1
9831,0.2,2,0,0
9832,0.2,2,1,1
9833,0.2,1,1,1
9834,0.2,2,0,0
9835,0.2,2,1,0
9836,0.2,1,1,1
9837,0.2,2,0,1
9838,0.2,0,0,1
9839,0.2,1,0,0
9840,0.2,1,1,0
9841,0.2,0,1,1
9842,1.0,3,0,0
9843,0.2,1,0,0
9844,0.2,2,1,1
9845,0.2,2,0,0
9846,1.0,1,1,1
9847,0.2,2,1,0
9848,1.0,2,1,1
9849,0.2,3,1,1
9850,0.2,1,1,1
9851,0.2,2,0,0
9852,0.2,2,0,0
9853,0.2,2,1,0
9854,1.0,2,0,1
9855,2.2,2,1,1
9856,1.0,1,1,1
9857,0.2,2,0,0
9858,0.2,1,1,1
9859,1.0,1,0,0
9860,0.2,2,0,0
9861,0.2,0,1,1
9862,0.2,1,0,0
9863,0.2,2,0,0
9864,0.2,2,0,0
9865,0.2,2,1,1
9866,0.2,2,1,1
9867,0.2,2,0,0
9868,0.2,2,0,1
9869,0.2,1,0,0
9870,0.2,1,1,0
9871,0.2,1,1,1
9872,0.2,2,0,0
9873,0.2,1,0,1
9874,0.2,1,1,1
9875,0.2,0,1,1
9876,1.0,1,0,1
9877,0.2,1,0,0
9878,0.2,3,1,1
9879,0.2,2,0,0
9880,1.0,1,0,0
9881,0.2,3,0,0
9882,1.0,1,0,1
9883,0.2,2,0,0
9884,1.0,2,1,1
9885,0.2,1,0,0
9886,0.2,0,0,0
9887,0.2,1,1,1
9888,0.2,1,1,1
9889,1.0,1,1,0
9890,1.0,3,1,1
9891,1.0,0,0,1
9892,0.2,2,0,0
9893,0.2,3,0,1
9894,0.2,0,0,1
9895,0.2,2,0,0
9896,0.2,2,1,1
9897,0.2,2,0,0
9898,1.0,2,1,1
9899,0.2,2,1,0
9900,0.2,1,0,0
9901,1.0,2,1,1
9902,0.2,3,0,0
9903,0.2,3,0,0
9904,1.0,1,1,1
9905,0.2,2,0,0
9906,0.2,1,0,0
9907,0.2,1,1,0
9908,0.2,3,0,0
9909,1.0,2,1,1
9910,0.2,1,1,0
9911,0.2,2,0,0
9912,2.2,2,0,1
9913,0.2,3,1,1
9914,0.2,2,0,0
9915,0.2,3,0,0
9916,0.2,1,0,0
9917,1.0,2,1,1
9918,0.2,1,0,0
9919,0.2,0,1,1
9920,0.2,3,0,0
9921,1.0,2,1,1
9922,0.2,1,0,0
9923,0.2,2,1,1
9924,0.2,1,0,0
9925,0.2,1,0,0
9926,0.2,1,1,1
9927,0.2,1,0,0
9928,0.2,1,1,1
9929,0.2,0,1,1
9930,0.2,2,1,1
9931,0.2,1,0,0
9932,1.0,0,1,1
9933,0.2,2,0,0
9934,0.2,1,0,0
9935,0.2,2,0,0
9936,0.2,2,0,0
9937,0.2,1,0,0
9938,1.0,1,1,1
9939,0.2,2,0,1
9940,0.2,2,1,1
9941,0.2,3,1,0
9942,1.0,1,1,1
9943,1.0,2,1,1
9944,0.2,1,0,0
9945,2.2,0,0,0
9946,0.2,3,0,0
9947,1.0,1,0,0
9948,0.2,2,1,1
9949,1.0,2,0,0
9950,1.0,0,1,1
9951,0.2,2,0,0
9952,0.2,1,1,1
9953,0.2,2,1,1
9954,0.2,1,1,1
9955,1.0,1,1,1
9956,1.0,0,1,1
9957,0.2,1,0,0
9958,0.2,2,0,0
9959,0.2,2,0,0
9960,0.2,2,1,0
9961,0.2,1,0,0
9962,0.2,2,1,0
9963,0.2,0,0,0
9964,0.2,1,0,0
9965,1.0,3,0,1
9966,1.0,1,1,1
9967,0.2,2,1,1
9968,1.0,3,1,1
9969,2.5999999999999996,1,1,1
9970,0.2,0,1,1
9971,0.2,2,0,0
9972,0.2,1,0,0
9973,1.0,1,0,0
9974,0.2,2,1,1
9975,1.0,1,1,0
9976,0.2,2,0,0
9977,0.2,1,0,0
9978,0.2,3,0,0
9979,0.2,1,0,0
9980,1.0,1,0,0
9981,1.0,1,1,1
9982,0.2,2,1,0
9983,0.2,1,1,1
9984,0.2,1,1,0
9985,0.2,3,0,0
9986,1.0,1,1,1
9987,0.2,1,0,0
9988,0.2,2,1,1
9989,0.2,1,0,0
9990,0.2,2,0,0
9991,0.2,1,1,0
9992,0.2,2,1,0
9993,0.2,3,0,0
9994,0.2,2,1,1
9995,0.2,2,1,1
9996,0.2,2,1,1
9997,1.0,1,1,1
9998,0.2,1,0,0
9999,0.2,2,1,1
10000,1.0,3,0,1
10001,0.2,2,0,0
10002,1.0,2,1,1
10003,0.2,2,0,0
10004,0.2,2,0,0
10005,0.2,2,0,0
10006,0.2,1,1,1
10007,1.0,2,0,1
10008,0.2,0,1,1
10009,1.0,1,1,1
10010,0.2,1,0,1
10011,0.2,1,1,0
10012,0.2,2,1,1
10013,0.2,3,0,1
10014,0.2,0,1,1
10015,1.0,1,1,1
10016,0.2,0,0,0
10017,0.2,3,1,0
10018,1.0,1,1,1
10019,0.2,3,0,0
10020,0.2,1,0,0
10021,0.2,3,0,0
10022,0.2,2,0,0
10023,0.2,0,0,0
10024,0.2,3,0,0
10025,0.2,2,0,0
10026,1.0,1,1,1
10027,1.0,1,1,1
10028,1.0,1,1,1
10029,0.2,2,0,0
10030,0.2,0,1,1
10031,1.0,2,0,0
10032,0.2,3,1,1
10033,2.2,1,0,1
10034,0.2,0,0,1
10035,0.2,0,1,1
10036,0.2,1,1,1
10037,1.0,1,1,1
10038,1.0,1,1,1
10039,0.2,2,1,1
10040,0.2,2,1,1
10041,1.0,1,1,1
10042,1.0,2,1,1
10043,0.2,1,1,1
10044,1.0,1,1,1
10045,0.2,3,1,0
10046,1.0,0,1,1
10047,1.0,2,0,1
10048,0.2,0,0,0
10049,2.2,2,1,1
10050,1.0,2,1,1
10051,1.0,2,1,1
10052,1.0,0,1,1
10053,0.2,3,0,0
10054,0.2,1,0,0
10055,1.0,2,0,0
10056,0.2,2,0,0
10057,0.2,1,0,0
10058,0.2,3,0,0
10059,2.2,3,1,1
10060,1.0,3,0,0
10061,0.2,1,1,1
10062,1.0,1,0,1
10063,0.2,1,0,0
10064,0.2,3,0,0
10065,0.2,0,1,1
10066,1.0,2,1,0
10067,1.0,2,0,0
10068,0.2,3,1,0
10069,0.2,1,1,1
10070,0.2,3,0,0
10071,0.2,1,0,1
10072,0.2,2,0,0
10073,0.2,2,1,1
10074,0.2,2,0,0
10075,0.2,1,1,0
10076,0.2,0,0,1
10077,0.2,0,1,1
10078,0.2,0,1,1
10079,0.2,2,1,1
10080,0.2,0,1,1
10081,0.2,2,0,0
10082,0.2,1,0,0
10083,0.2,3,0,0
10084,0.2,0,1,1
10085,0.2,2,0,0
10086,0.2,2,1,0
10087,0.2,0,1,1
10088,1.0,1,0,1
10089,1.0,2,1,1
10090,0.2,2,0,0
10091,1.0,0,1,1
10092,0.2,3,1,0
10093,2.2,1,1,1
10094,0.2,1,1,1
10095,0.2,2,1,0
10096,0.2,1,0,0
10097,0.2,2,1,1
10098,0.2,2,0,0
10099,0.2,1,1,1
10100,0.2,2,1,0
10101,0.2,2,0,0
10102,0.2,1,1,1
10103,1.0,3,0,0
10104,0.2,2,0,0
10105,0.2,3,0,1
10106,1.0,2,0,1
10107,0.2,1,0,0
10108,0.2,2,0,0
10109,0.2,1,1,1
10110,0.2,0,0,0
10111,0.2,2,0,0
10112,0.2,1,0,0
10113,0.2,1,1,1
10114,0.2,3,0,0
10115,0.2,2,0,0
10116,0.2,2,1,1
10117,0.2,2,0,0
10118,0.2,1,0,0
10119,1.0,1,1,1
10120,1.0,0,1,1
10121,1.0,3,0,0
10122,0.2,0,1,0
10123,0.2,0,0,0
10124,0.2,2,1,1
10125,0.2,2,0,1
10126,0.2,2,1,0
10127,1.0,3,1,1
10128,0.2,2,0,0
10129,0.2,2,1,1
10130,1.0,0,0,1
10131,0.2,2,0,0
10132,0.2,2,0,0
10133,0.2,1,1,1
10134,0.2,1,1,1
10135,0.2,1,1,1
10136,0.2,2,0,0
10137,1.0,3,0,0
10138,2.2,2,1,1
10139,0.2,1,0,0
10140,0.2,2,0,0
10141,0.2,2,1,1
10142,0.2,1,0,0
10143,1.0,1,0,1
10144,0.2,1,1,0
10145,1.0,0,1,1
10146,1.0,2,1,1
10147,1.0,2,1,1
10148,0.2,0,0,1
10149,1.0,1,1,1
10150,0.2,1,1,0
10151,0.2,2,0,0
10152,0.2,0,0,0
10153,0.2,1,0,0
10154,0.2,1,0,0
10155,0.2,1,1,1
10156,0.2,1,0,1
10157,0.2,2,0,0
10158,0.2,3,0,0
10159,0.2,2,0,0
10160,0.2,1,0,0
10161,0.2,3,1,1
10162,0.2,1,0,1
10163,0.2,2,0,0
10164,0.2,2,1,1
10165,1.0,1,1,1
10166,0.2,1,1,1
10167,0.2,0,0,0
10168,0.2,3,0,1
10169,0.2,2,0,0
10170,0.2,1,0,0
10171,0.2,3,0,1
10172,0.2,1,1,1
10173,0.2,1,0,0
10174,0.2,1,0,0
10175,0.2,0,0,1
10176,0.2,0,1,1
10177,0.2,2,0,0
10178,0.2,0,0,0
10179,0.2,2,1,1
10180,0.2,2,0,0
10181,0.2,2,0,0
10182,0.2,1,0,0
10183,0.2,3,0,0
10184,0.2,1,1,0
10185,0.2,1,0,0
10186,1.0,2,1,1
10187,0.2,1,1,1
10188,0.2,1,0,0
10189,1.0,2,1,1
10190,1.0,3,1,1
10191,0.2,2,1,0
10192,0.2,1,0,0
10193,2.2,0,1,1
10194,0.2,2,0,0
10195,1.0,2,0,0
10196,0.2,2,0,0
10197,0.2,1,1,1
10198,0.2,2,0,0
10199,0.2,2,0,0
10200,0.2,2,1,1
10201,1.0,2,1,1
10202,1.0,3,0,0
10203,0.2,1,0,0
10204,0.2,2,1,1
10205,1.0,2,1,1
10206,1.0,1,0,0
10207,0.2,0,1,1
10208,0.2,2,1,0
10209,1.0,1,1,1
10210,1.0,1,0,0
10211,0.2,1,0,0
10212,0.2,2,1,1
10213,0.2,3,1,1
10214,0.2,1,0,0
10215,0.2,2,1,1
10216,0.2,3,0,0
10217,0.2,2,1,0
10218,1.0,1,0,0
10219,0.2,1,1,1
10220,0.2,1,1,1
10221,0.2,2,1,1
10222,0.2,1,1,1
10223,1.0,2,1,1
10224,1.0,3,1,1
10225,0.2,1,0,0
10226,0.2,3,0,0
10227,1.0,1,1,0
10228,0.2,2,1,0
10229,0.2,2,0,0
10230,0.2,0,1,1
10231,0.2,2,0,0
10232,0.2,3,0,0
10233,0.2,2,0,0
10234,2.2,2,1,1
10235,0.2,2,1,0
10236,1.0,1,1,1
10237,0.2,3,0,0
10238,1.0,2,1,1
10239,0.2,3,0,0
10240,0.2,2,1,0
10241,0.2,1,1,1
10242,0.2,1,0,0
10243,0.2,1,1,0
10244,0.2,1,0,1
10245,0.2,2,0,1
10246,0.2,2,0,0
10247,1.0,3,1,1
10248,0.2,3,0,0
10249,0.2,1,1,1
10250,0.2,2,0,0
10251,1.0,2,0,0
10252,0.2,2,1,1
10253,0.2,0,1,1
10254,0.2,1,0,1
10255,0.2,2,1,0
10256,0.2,3,0,0
10257,0.2,2,0,0
10258,0.2,0,0,0
10259,0.2,1,0,0
10260,0.2,3,0,0
10261,0.2,1,0,0
10262,0.2,2,1,0
10263,0.2,2,1,1
10264,1.0,1,0,0
10265,0.2,1,0,0
10266,0.2,2,0,0
10267,0.2,1,0,1
10268,0.2,1,0,0
10269,0.2,3,0,0
10270,0.2,1,1,1
10271,1.0,1,0,0
10272,0.2,2,0,0
10273,1.0,1,1,1
10274,0.2,1,0,0
10275,0.2,1,0,0
10276,0.2,2,1,0
10277,0.2,1,0,0
10278,0.2,2,0,0
10279,1.0,2,0,1
10280,1.0,1,1,1
10281,0.2,2,0,0
10282,1.0,1,1,1
10283,1.0,2,0,1
10284,0.2,1,1,0
10285,0.2,2,0,1
10286,0.2,1,0,0
10287,0.2,2,0,1
10288,0.2,3,0,1
10289,0.2,2,0,1
10290,0.2,2,0,0
10291,0.2,3,1,1
10292,0.2,1,1,1
10293,1.0,2,0,1
10294,1.0,2,1,1
10295,1.0,2,1,1
10296,0.2,0,0,1
10297,0.2,2,0,0
10298,0.2,1,1,1
10299,0.2,2,0,0
10300,0.2,2,1,1
10301,0.2,0,1,0
10302,1.0,2,0,1
10303,2.2,2,1,1
10304,0.2,2,0,1
10305,0.2,1,1,0
10306,0.2,1,0,1
10307,1.0,2,1,1
10308,0.2,3,0,0
10309,1.0,1,1,1
10310,0.2,1,0,1
10311,0.2,0,1,0
10312,0.2,1,0,1
10313,1.0,2,1,1
10314,0.2,2,0,0
10315,1.0,0,1,1
10316,0.2,2,0,0
10317,0.2,2,0,0
10318,0.2,1,1,1
10319,0.2,0,0,0
10320,0.2,1,1,1
10321,0.2,1,0,0
10322,1.0,1,1,1
10323,0.2,1,0,0
10324,0.2,1,1,1
10325,0.2,2,0,0
10326,0.2,1,1,0
10327,0.2,2,1,1
10328,0.2,2,1,1
10329,0.2,3,0,0
10330,0.2,1,0,1
10331,0.2,3,1,1
10332,0.2,0,0,0
10333,1.0,1,1,1
10334,1.0,2,1,0
10335,0.2,1,0,0
10336,1.0,2,1,1
10337,0.2,0,0,0
10338,0.2,1,0,0
10339,1.0,0,0,0
10340,0.2,2,0,0
10341,0.2,3,1,1
10342,0.2,2,0,0
10343,1.0,1,1,1
10344,0.2,1,0,1
10345,0.2,1,0,1
10346,0.2,2,0,0
10347,0.2,2,0,0
10348,0.2,2,0,0
10349,0.2,2,0,0
10350,0.2,2,1,1
10351,0.2,0,0,0
10352,1.0,1,1,1
10353,0.2,0,0,0
10354,1.0,2,1,1
10355,0.2,0,0,0
10356,0.2,0,0,0
10357,0.2,2,0,0
10358,0.2,1,1,1
10359,0.2,3,0,1
10360,0.2,1,0,0
10361,0.2,1,1,0
10362,0.2,2,1,1
10363,0.2,3,0,0
10364,0.2,1,0,0
10365,0.2,1,1,1
10366,0.2,0,0,0
10367,0.2,3,0,0
10368,0.2,0,0,1
10369,0.2,1,0,0
10370,1.0,2,1,1
10371,0.2,2,0,0
10372,0.2,1,0,1
10373,0.2,1,1,1
10374,0.2,1,1,0
10375,0.2,0,0,0
10376,0.2,3,0,0
10377,0.2,3,0,0
10378,0.2,0,1,1
10379,0.2,1,0,0
10380,0.2,1,0,1
10381,0.2,3,0,1
10382,1.0,1,1,1
10383,1.0,2,1,1
10384,0.2,1,0,0
10385,1.0,2,1,1
10386,0.2,0,1,1
10387,0.2,1,0,0
10388,0.2,1,0,1
10389,1.0,2,1,1
10390,0.2,2,0,0
10391,0.2,3,0,0
10392,1.0,3,1,1
10393,0.2,2,1,1
10394,0.2,2,0,0
10395,0.2,2,1,0
10396,2.2,2,1,1
10397,0.2,1,1,1
10398,0.2,2,1,1
10399,0.2,1,1,1
10400,0.2,1,1,1
10401,0.2,1,0,0
10402,0.2,2,0,0
10403,0.2,3,1,1
10404,0.2,2,0,0
10405,0.2,3,0,0
10406,0.2,1,0,0
10407,0.2,2,0,0
10408,0.2,1,1,1
10409,0.2,1,0,0
10410,0.2,1,0,0
10411,1.0,0,1,1
10412,1.0,0,1,1
10413,0.2,0,1,1
10414,1.0,2,0,1
10415,1.0,2,1,1
10416,0.2,2,1,0
10417,0.2,0,0,0
10418,0.2,3,1,0
10419,0.2,1,1,1
10420,0.2,1,0,1
10421,0.2,2,0,0
10422,1.0,1,0,1
10423,0.2,3,0,0
10424,0.2,1,0,0
10425,0.2,3,0,1
10426,0.2,1,1,0
10427,0.2,1,0,0
10428,0.2,1,1,1
10429,0.2,1,1,1
10430,0.2,0,1,0
10431,0.2,0,1,1
10432,0.2,1,0,1
10433,0.2,1,1,1
10434,0.2,2,1,1
10435,0.2,2,0,0
10436,0.2,2,0,0
10437,1.0,0,1,1
10438,0.2,0,1,0
10439,0.2,2,0,0
10440,0.2,3,1,1
10441,0.2,2,1,1
10442,0.2,0,1,1
10443,0.2,1,0,0
10444,1.4,2,1,1
10445,1.0,2,0,0
10446,0.2,3,1,0
10447,0.2,2,0,0
10448,1.0,2,0,0
10449,2.2,2,1,1
10450,0.2,3,1,0
10451,0.2,2,0,0
10452,0.2,3,1,1
10453,1.0,2,0,0
10454,0.2,0,0,0
10455,0.2,2,0,0
10456,0.2,2,0,0
10457,2.2,1,1,1
10458,1.0,1,1,1
10459,1.0,2,1,1
10460,0.2,2,0,0
10461,0.2,2,0,1
10462,0.2,1,1,1
10463,1.0,2,0,0
10464,1.0,2,1,1
10465,2.2,1,1,1
10466,0.2,1,0,1
10467,0.2,3,0,0
10468,0.2,2,0,0
10469,0.2,2,0,0
10470,0.2,2,1,1
10471,0.2,3,0,1
10472,0.2,2,1,1
10473,0.2,2,1,0
10474,0.2,2,0,0
10475,1.0,1,1,1
10476,1.0,2,1,0
10477,1.0,2,1,1
10478,0.2,2,1,0
10479,1.0,1,1,1
10480,0.2,0,0,0
10481,0.2,2,0,1
10482,1.0,1,0,1
10483,0.2,3,0,0
10484,0.2,1,1,1
10485,1.0,2,1,1
10486,1.0,1,1,1
10487,0.2,2,0,0
10488,1.0,2,1,1
10489,0.2,3,0,0
10490,0.2,1,1,1
10491,1.0,1,1,1
10492,0.2,2,0,0
10493,0.2,2,0,0
10494,0.2,2,0,0
10495,1.0,3,0,0
10496,0.2,1,1,1
10497,1.0,2,1,1
10498,1.0,0,0,1
10499,0.2,0,1,1
10500,1.0,3,0,0
10501,1.0,1,0,0
10502,0.2,2,1,0
10503,0.2,1,1,0
10504,0.2,2,1,0
10505,0.2,1,1,1
10506,0.2,1,0,0
10507,0.2,1,1,1
10508,1.0,1,0,1
10509,1.0,1,1,1
10510,2.2,3,1,1
10511,0.2,2,0,0
10512,2.2,1,1,1
10513,0.2,2,1,0
10514,0.2,2,1,1
10515,0.2,1,0,0
10516,1.0,2,0,0
10517,0.2,2,1,0
10518,0.2,3,1,1
10519,1.0,2,1,1
10520,0.2,1,1,0
10521,0.2,1,1,0
10522,1.0,1,0,0
10523,1.0,1,0,0
10524,1.0,1,1,1
10525,0.2,2,1,0
10526,0.2,1,1,0
10527,0.2,1,0,0
10528,0.2,3,0,0
10529,0.2,2,0,0
10530,1.0,0,1,1
10531,0.2,1,1,1
10532,1.0,0,1,1
10533,0.2,2,1,1
10534,0.2,2,0,0
10535,0.2,1,0,0
10536,1.0,2,1,1
10537,0.2,1,0,0
10538,0.2,3,0,0
10539,0.2,1,1,1
10540,1.0,2,1,1
10541,0.2,3,0,1
10542,0.2,2,0,1
10543,0.2,3,1,1
10544,2.2,3,1,1
10545,0.2,1,1,1
10546,1.0,1,1,1
10547,0.2,3,0,0
10548,0.2,1,1,1
10549,0.2,2,0,0
10550,1.0,2,1,1
10551,0.2,0,1,1
10552,0.2,1,0,0
10553,0.2,0,0,0
10554,0.2,2,1,1
10555,0.2,1,1,0
10556,0.2,1,0,0
10557,0.2,3,0,0
10558,0.2,1,0,0
10559,0.2,1,0,0
10560,0.2,2,0,0
10561,0.2,2,1,1
10562,0.2,2,0,0
10563,0.2,2,0,0
10564,0.2,0,1,0
10565,0.2,1,1,1
10566,1.0,1,1,1
10567,0.2,3,0,1
10568,1.0,2,1,1
10569,0.2,0,1,1
10570,0.2,1,1,1
10571,0.2,2,1,1
10572,0.2,2,1,0
10573,0.2,2,0,0
10574,0.2,2,0,0
10575,1.0,2,1,1
10576,0.2,2,0,0
10577,0.2,1,1,1
10578,1.0,0,1,1
10579,0.2,0,1,1
10580,1.0,3,1,1
10581,0.2,2,0,0
10582,0.2,1,0,0
10583,1.0,1,0,0
10584,0.2,1,0,0
10585,0.2,2,0,1
10586,1.0,1,1,1
10587,0.2,1,0,0
10588,2.2,1,1,1
10589,1.0,2,1,1
10590,0.2,1,0,0
10591,0.2,1,1,1
10592,0.2,1,1,1
10593,0.2,1,1,1
10594,0.2,2,0,0
10595,0.2,2,0,0
10596,1.0,3,1,1
10597,0.2,0,1,1
10598,1.0,1,1,0
10599,0.2,3,0,0
10600,1.0,2,1,1
10601,1.0,0,0,0
10602,0.2,2,0,1
10603,0.2,2,0,0
10604,0.2,2,1,1
10605,1.0,0,0,0
10606,0.2,2,0,0
10607,0.2,1,1,1
10608,0.2,1,1,1
10609,0.2,2,1,1
10610,0.2,2,0,0
10611,0.2,1,1,1
10612,0.2,1,1,1
10613,0.2,0,1,1
10614,0.2,0,1,1
10615,0.2,0,1,0
10616,0.2,1,1,0
10617,0.2,2,0,0
10618,0.2,2,0,0
10619,0.2,2,1,0
10620,0.2,1,0,0
10621,0.2,1,1,0
10622,1.0,0,0,0
10623,1.0,1,1,0
10624,0.2,2,0,0
10625,0.2,2,0,0
10626,0.2,1,1,1
10627,0.2,1,1,1
10628,0.2,2,1,0
10629,0.2,1,1,1
10630,0.2,1,0,0
10631,1.0,0,1,1
10632,0.2,2,1,1
10633,0.2,0,1,1
10634,0.2,1,0,0
10635,0.2,1,1,0
10636,1.0,0,1,1
10637,0.2,1,0,0
10638,2.2,1,0,1
10639,0.2,2,0,0
10640,1.0,1,0,1
10641,0.2,3,0,0
10642,1.0,0,1,1
10643,0.2,3,1,1
10644,1.0,2,0,0
10645,0.2,2,0,1
10646,0.2,2,0,1
10647,0.2,2,1,1
10648,0.2,2,0,0
10649,0.2,1,1,1
10650,1.0,0,1,1
10651,0.2,1,0,0
10652,1.0,0,1,1
10653,0.2,2,0,0
10654,0.2,1,0,0
10655,0.2,1,1,0
10656,0.2,2,1,0
10657,0.2,2,0,0
10658,0.2,2,1,1
10659,0.2,0,1,1
10660,1.0,1,1,1
10661,0.2,2,1,1
10662,0.2,1,0,1
10663,0.2,1,1,0
10664,0.2,3,0,0
10665,2.2,2,1,1
10666,0.2,2,1,0
10667,1.0,2,1,1
10668,0.2,2,0,0
10669,0.2,2,0,0
10670,2.2,2,1,1
10671,0.2,0,0,0
10672,0.2,2,1,1
10673,0.2,2,0,0
10674,1.0,2,1,1
10675,0.2,0,1,1
10676,1.0,0,0,1
10677,0.2,2,0,0
10678,0.2,2,0,0
10679,0.2,2,0,0
10680,0.2,0,1,1
10681,1.0,3,1,1
10682,0.2,2,1,0
10683,0.2,1,1,1
10684,0.2,0,1,1
10685,0.2,0,1,1
10686,1.0,1,1,1
10687,0.2,0,0,0
10688,2.2,0,1,1
10689,1.0,2,0,1
10690,0.2,0,1,1
10691,0.2,1,0,0
10692,0.2,3,0,0
10693,0.2,1,1,0
10694,0.2,3,1,0
10695,0.2,2,0,0
10696,2.2,2,1,1
10697,0.2,3,1,0
10698,1.0,1,1,1
10699,0.2,3,0,0
10700,0.2,1,0,1
10701,0.2,0,1,1
10702,1.0,1,0,1
10703,0.2,1,1,1
10704,0.2,1,1,0
10705,1.0,2,1,1
10706,0.2,1,0,0
10707,0.2,2,1,1
10708,0.2,1,0,0
10709,0.2,2,0,0
10710,0.2,1,0,0
10711,0.2,1,1,1
10712,0.2,0,0,1
10713,0.2,1,0,0
10714,1.0,2,1,1
10715,0.2,1,0,1
10716,0.2,3,0,0
10717,1.0,2,1,1
10718,0.2,3,0,0
10719,1.0,2,0,1
10720,2.2,2,1,1
10721,1.0,2,0,1
10722,0.2,1,1,1
10723,0.2,1,1,1
10724,0.2,1,1,1
10725,0.2,2,1,0
10726,0.2,0,0,0
10727,0.2,3,0,0
10728,0.2,2,0,0
10729,0.2,1,1,1
10730,0.2,1,1,0
10731,0.2,3,0,0
10732,0.2,0,0,1
10733,0.2,3,0,1
10734,0.2,1,1,0
10735,0.2,3,1,0
10736,0.2,2,0,0
10737,0.2,2,0,0
10738,1.0,3,1,0
10739,0.2,1,0,0
10740,1.0,2,1,1
10741,0.2,2,0,0
10742,1.0,1,1,1
10743,0.2,0,1,1
10744,1.0,1,0,1
10745,0.2,1,0,0
10746,0.2,2,1,0
10747,0.2,1,0,0
10748,0.2,2,0,0
10749,0.2,3,1,1
10750,0.2,2,1,1
10751,0.2,1,1,0
10752,1.0,1,0,0
10753,1.0,2,1,1
10754,0.2,1,0,0
10755,0.2,0,1,1
10756,0.2,1,0,0
10757,0.2,2,1,1
10758,0.2,2,1,0
10759,0.2,2,1,1
10760,0.2,2,1,1
10761,1.0,0,0,0
10762,0.2,0,0,1
10763,0.2,1,1,1
10764,0.2,2,1,1
10765,0.2,3,0,0
10766,0.2,1,0,0
10767,0.2,2,0,0
10768,0.2,2,0,0
10769,0.2,1,0,1
10770,0.2,1,0,0
10771,0.2,3,0,0
10772,1.0,3,0,1
10773,0.2,3,0,0
10774,0.2,1,1,0
10775,0.2,3,0,0
10776,0.2,2,0,0
10777,0.2,2,0,1
10778,0.2,3,0,0
10779,0.2,1,1,1
10780,0.2,2,1,0
10781,1.0,1,1,1
10782,0.2,0,0,1
10783,1.0,1,1,1
10784,0.2,2,1,1
10785,0.2,3,1,1
10786,0.2,2,1,1
10787,0.2,1,1,1
10788,0.2,2,0,0
10789,1.0,3,0,0
10790,0.2,1,0,0
10791,0.2,1,0,0
10792,0.2,2,1,1
10793,0.2,1,0,0
10794,0.2,2,0,0
10795,0.2,2,1,1
10796,1.0,1,1,1
10797,0.2,2,0,0
10798,0.2,2,0,0
10799,1.0,2,1,1
10800,0.2,0,1,1
10801,0.2,1,0,0
10802,0.2,1,1,1
10803,0.2,1,0,0
10804,2.2,0,0,1
10805,1.0,2,1,1
10806,0.2,3,1,0
10807,0.2,0,1,0
10808,0.2,1,1,1
10809,0.2,1,0,0
10810,1.0,2,1,0
10811,0.2,1,0,1
10812,0.2,3,1,1
10813,0.2,1,1,1
10814,0.2,1,1,1
10815,0.2,2,1,1
10816,0.2,0,0,1
10817,0.2,1,0,0
10818,1.0,1,1,1
10819,0.2,2,1,1
10820,1.0,0,1,1
10821,0.2,2,0,0
10822,0.2,3,0,0
10823,1.0,2,1,1
10824,0.2,2,0,0
10825,0.2,1,1,0
10826,0.2,3,0,0
10827,0.2,1,1,0
10828,0.2,1,0,0
10829,1.0,1,1,1
10830,0.2,2,1,1
10831,0.2,1,1,0
10832,0.2,2,0,0
10833,0.2,1,0,1
10834,0.2,1,1,0
10835,1.0,0,0,1
10836,1.0,1,0,1
10837,1.0,1,0,1
10838,1.0,0,0,0
10839,0.2,0,1,1
10840,1.0,2,1,1
10841,0.2,2,0,0
10842,1.0,2,1,1
10843,1.0,1,1,1
10844,0.2,1,0,1
10845,0.2,1,0,0
10846,0.2,2,1,1
10847,1.0,2,1,0
10848,0.2,1,0,1
10849,0.2,1,0,0
10850,1.0,2,0,0
10851,1.0,2,0,1
10852,0.2,1,1,0
10853,0.2,0,0,1
10854,1.0,2,1,1
10855,0.2,1,1,0
10856,0.2,0,0,1
10857,0.2,2,1,1
10858,0.2,1,0,0
10859,0.2,0,1,1
10860,0.2,0,0,0
10861,1.0,0,0,0
10862,2.2,2,1,1
10863,0.2,2,0,0
10864,0.2,3,0,0
10865,1.0,0,1,1
10866,0.2,1,1,1
10867,0.2,3,0,0
10868,1.0,2,1,0
10869,1.0,2,0,1
10870,1.0,1,1,0
10871,0.2,1,0,0
10872,1.0,1,1,1
10873,0.2,2,1,0
10874,0.2,1,1,0
10875,0.2,0,1,1
10876,0.2,1,0,0
10877,0.2,3,1,1
10878,1.0,3,0,1
10879,1.0,0,1,1
10880,0.2,1,1,1
10881,0.2,2,0,0
10882,0.2,2,1,1
10883,0.2,2,1,1
10884,1.0,3,0,0
10885,0.2,1,1,1
10886,1.0,0,1,1
10887,0.2,2,0,0
10888,1.0,1,1,1
10889,0.2,1,0,0
10890,0.2,1,1,0
10891,2.2,1,0,1
10892,0.2,3,0,0
10893,0.2,1,0,1
10894,0.2,3,0,0
10895,0.2,0,0,0
10896,1.0,0,1,1
10897,0.2,3,0,1
10898,0.2,2,0,0
10899,0.2,1,0,0
10900,0.2,1,0,0
10901,1.0,3,1,1
10902,0.2,3,0,0
10903,1.0,0,1,1
10904,0.2,2,1,1
10905,0.2,0,1,1
10906,0.2,1,0,0
10907,0.2,0,0,0
10908,0.2,2,1,0
10909,0.2,2,1,0
10910,0.2,1,1,1
10911,0.2,1,0,0
10912,1.0,2,0,0
10913,0.2,1,1,0
10914,2.2,2,1,1
10915,0.2,0,1,1
10916,0.2,2,0,0
10917,1.0,1,0,1
10918,0.2,1,1,1
10919,0.2,2,0,0
10920,0.2,2,1,0
10921,0.2,2,0,0
10922,0.2,1,1,1
10923,0.2,3,0,0
10924,0.2,1,1,1
10925,0.2,1,0,0
10926,0.2,2,0,0
10927,0.2,2,1,1
10928,0.2,0,1,1
10929,0.2,1,0,0
10930,0.2,2,1,0
10931,0.2,0,0,0
10932,0.2,3,0,0
10933,1.0,1,0,0
10934,0.2,0,0,1
10935,1.0,1,1,1
10936,0.2,2,1,1
10937,1.0,2,1,1
10938,0.2,0,1,0
10939,0.2,2,0,0
10940,0.2,1,1,0
10941,1.0,1,0,1
10942,1.0,1,0,1
10943,1.0,1,1,1
10944,0.2,0,0,0
10945,0.2,1,0,1
10946,0.2,2,0,0
10947,0.2,1,0,0
10948,0.2,1,0,0
10949,0.2,3,1,0
10950,1.0,2,1,1
10951,0.2,2,1,1
10952,0.2,3,0,0
10953,1.0,2,1,1
10954,0.2,1,0,0
10955,0.2,1,1,1
10956,0.2,3,0,0
10957,0.2,2,1,0
10958,1.0,2,1,1
10959,0.2,1,1,1
10960,0.2,3,0,0
10961,0.2,3,0,0
10962,0.2,3,0,0
10963,0.2,0,0,0
10964,0.2,1,0,0
10965,0.2,2,1,1
10966,0.2,1,0,0
10967,1.0,2,1,1
10968,0.2,1,1,0
10969,0.2,1,1,1
10970,0.2,3,1,0
10971,0.2,1,0,1
10972,0.2,1,1,1
10973,0.2,2,1,1
10974,2.2,2,1,1
10975,0.2,2,0,0
10976,0.2,2,0,0
10977,0.2,1,0,0
10978,1.0,3,0,1
10979,0.2,2,0,0
10980,1.0,1,0,1
10981,0.2,3,0,0
10982,0.2,2,0,0
10983,0.2,1,1,1
10984,0.2,3,0,0
10985,0.2,3,1,0
10986,0.2,3,1,1
10987,0.2,1,0,0
10988,1.0,2,1,0
10989,0.2,3,0,0
10990,0.2,1,0,0
10991,0.2,2,1,1
10992,0.2,1,1,1
10993,0.2,2,0,1
10994,0.2,1,0,0
10995,1.0,0,1,1
10996,0.2,2,1,1
10997,0.2,0,0,0
10998,0.2,2,0,0
10999,0.2,1,1,1
11000,1.0,2,1,1
11001,0.2,3,1,1
11002,0.2,2,0,0
11003,0.2,1,0,0
11004,1.0,0,1,1
11005,1.0,3,0,0
11006,0.2,1,1,1
11007,0.2,0,0,1
11008,1.0,2,1,0
11009,2.2,1,0,1
11010,1.0,2,1,1
11011,1.0,1,1,1
11012,0.2,1,0,0
11013,0.2,2,1,1
11014,0.2,1,0,0
11015,0.2,1,0,0
11016,1.0,0,0,1
11017,0.2,2,0,0
11018,1.0,1,0,0
11019,0.2,1,1,0
11020,0.2,0,1,0
11021,0.2,3,1,0
11022,0.2,1,0,0
11023,0.2,1,0,0
11024,0.2,1,0,0
11025,0.2,1,0,0
11026,0.2,3,0,0
11027,0.2,3,0,0
11028,1.0,0,1,1
11029,0.2,1,1,1
11030,1.0,2,1,1
11031,1.0,1,1,1
11032,0.2,3,0,0
11033,0.2,1,0,0
11034,0.2,1,0,0
11035,0.2,0,1,1
11036,0.2,2,1,1
11037,1.0,3,1,1
11038,0.2,2,1,1
11039,2.2,2,1,1
11040,0.2,0,0,0
11041,0.2,2,1,0
11042,0.2,1,0,1
11043,0.2,2,1,0
11044,0.2,1,0,0
11045,0.2,1,0,1
11046,1.0,2,1,1
11047,0.2,2,0,0
11048,1.0,0,1,1
11049,0.2,2,1,1
11050,0.2,1,1,1
11051,1.0,0,1,1
11052,0.2,2,0,0
11053,0.2,0,0,1
11054,0.2,3,1,0
11055,0.2,0,0,0
11056,0.2,2,0,1
11057,0.2,2,1,1
11058,0.2,3,0,0
11059,1.0,1,1,1
11060,1.0,0,0,1
11061,0.2,2,1,1
11062,0.2,3,0,0
11063,0.2,2,1,0
11064,0.2,0,1,1
11065,0.2,2,1,0
11066,0.2,2,1,0
11067,0.2,2,1,0
11068,0.2,3,0,0
11069,1.0,2,1,1
11070,0.2,2,0,0
11071,0.2,2,1,1
11072,0.2,2,1,1
11073,0.2,1,0,0
11074,1.0,0,1,1
11075,0.2,1,0,0
11076,0.2,0,1,1
11077,0.2,0,0,1
11078,1.0,1,0,1
11079,1.0,1,1,1
11080,0.2,2,0,0
11081,0.2,2,0,0
11082,0.2,1,0,1
11083,0.2,0,1,1
11084,0.2,2,0,0
11085,0.2,1,0,0
11086,0.2,1,1,1
11087,0.2,3,1,1
11088,0.2,1,1,1
11089,0.2,1,0,0
11090,0.2,1,0,0
11091,0.2,2,0,1
11092,0.2,0,0,0
11093,1.0,0,0,1
11094,0.2,2,1,0
11095,0.2,3,1,0
11096,1.0,2,1,0
11097,2.2,2,1,1
11098,0.2,2,1,1
11099,1.0,1,1,1
11100,0.2,1,1,0
11101,0.2,3,0,0
11102,0.2,0,1,1
11103,0.2,3,0,0
11104,1.0,3,0,0
11105,1.0,0,1,1
11106,0.2,1,0,1
11107,1.0,0,1,1
11108,0.2,3,1,0
11109,0.2,1,1,1
11110,1.0,0,1,1
11111,0.2,1,0,1
11112,2.2,2,0,1
11113,0.2,2,0,0
11114,0.2,2,1,1
11115,0.2,1,0,1
11116,0.2,0,1,0
11117,0.2,1,0,0
11118,0.2,3,1,1
11119,0.2,1,1,1
11120,0.2,1,0,1
11121,0.2,1,0,0
11122,0.2,1,0,0
11123,0.2,0,1,0
11124,0.2,0,0,1
11125,0.2,3,0,0
11126,1.0,3,1,1
11127,1.0,1,1,1
11128,0.2,1,0,0
11129,1.0,2,0,0
11130,0.2,2,1,0
11131,1.0,1,1,1
11132,0.2,1,1,1
11133,0.2,1,0,0
11134,1.0,3,0,0
11135,0.2,1,1,1
11136,0.2,3,0,0
11137,0.2,0,0,0
11138,1.0,0,0,1
11139,0.2,0,1,1
11140,0.2,2,1,0
11141,1.0,2,0,0
11142,0.2,2,0,0
11143,0.2,2,0,0
11144,0.2,3,0,0
11145,0.2,1,0,0
11146,0.2,1,1,1
11147,0.2,1,1,1
11148,0.2,2,1,0
11149,0.2,3,0,0
11150,1.0,1,1,1
11151,0.2,0,1,1
11152,0.2,1,1,1
11153,0.2,1,1,1
11154,1.0,1,1,1
11155,0.2,1,1,1
11156,0.2,3,0,0
11157,1.0,1,0,0
11158,0.2,0,1,0
11159,1.0,1,1,1
11160,1.0,0,1,1
11161,0.2,3,0,0
11162,0.2,2,0,0
11163,1.0,1,1,1
11164,0.2,3,0,0
11165,1.0,2,1,1
11166,2.2,2,1,1
11167,0.2,2,1,1
11168,0.2,1,0,0
11169,1.0,3,1,0
11170,0.2,1,0,0
11171,0.2,2,0,0
11172,0.2,2,1,1
11173,0.2,2,0,0
11174,0.2,3,0,1
11175,2.2,1,1,1
11176,0.2,2,1,1
11177,0.2,2,0,0
11178,0.2,2,1,0
11179,0.2,1,1,1
11180,0.2,1,1,1
11181,0.2,3,1,1
11182,0.2,1,0,0
11183,1.0,2,1,1
11184,0.2,1,0,0
11185,0.2,2,1,1
11186,0.2,2,1,0
11187,0.2,2,0,0
11188,0.2,1,0,0
11189,0.2,1,1,1
11190,1.0,1,1,0
11191,1.0,2,0,0
11192,0.2,2,1,1
11193,0.2,2,0,0
11194,1.0,2,0,1
11195,0.2,2,1,0
11196,0.2,3,0,0
11197,0.2,1,0,0
11198,0.2,2,0,0
11199,1.0,1,0,1
11200,0.2,0,1,0
11201,0.2,1,1,0
11202,0.2,2,0,0
11203,1.0,1,1,1
11204,1.0,0,1,1
11205,0.2,1,1,0
11206,0.2,1,1,0
11207,0.2,3,1,0
11208,0.2,0,1,1
11209,0.2,2,0,1
11210,1.0,1,0,0
11211,0.2,2,0,0
11212,0.2,1,0,0
11213,0.2,3,1,1
11214,1.0,1,0,0
11215,0.2,1,1,1
11216,0.2,3,1,1
11217,0.2,0,0,0
11218,0.2,1,0,0
11219,1.0,0,1,1
11220,2.2,1,1,1
11221,0.2,2,0,1
11222,1.0,1,1,1
11223,0.2,2,0,0
11224,0.2,2,0,0
11225,0.2,2,1,0
11226,0.2,2,0,0
11227,1.0,3,0,1
11228,0.2,2,0,0
11229,1.0,1,1,0
11230,0.2,2,0,0
11231,0.2,3,1,1
11232,1.0,3,1,1
11233,0.2,0,0,1
11234,2.2,1,1,1
11235,0.2,1,0,0
11236,0.2,1,0,0
11237,0.2,1,1,1
11238,0.2,1,1,1
11239,0.2,2,0,0
11240,0.2,1,0,0
11241,0.2,1,1,0
11242,1.0,3,1,1
11243,0.2,2,0,1
11244,0.2,0,0,1
11245,0.2,1,1,1
11246,0.2,2,0,0
11247,0.2,0,1,1
11248,1.0,1,1,1
11249,0.2,2,1,1
11250,0.2,2,0,0
11251,0.2,2,1,0
11252,0.2,1,0,0
11253,0.2,3,0,0
11254,0.2,1,0,0
11255,0.2,1,0,0
11256,1.0,3,1,1
11257,1.0,1,0,1
11258,0.2,2,1,0
11259,0.2,3,1,1
11260,0.2,1,1,1
11261,1.0,0,1,1
11262,0.2,3,1,0
11263,1.0,2,1,1
11264,0.2,0,1,1
11265,0.2,3,1,1
11266,0.2,1,0,1
11267,0.2,2,0,0
11268,0.2,2,0,0
11269,0.2,0,0,1
11270,0.2,2,0,0
11271,1.0,1,1,1
11272,0.2,2,1,1
11273,0.2,2,0,0
11274,1.0,3,0,0
11275,0.2,1,1,1
11276,0.2,1,1,0
11277,0.2,1,0,0
11278,0.2,1,1,1
11279,0.2,3,1,1
11280,0.2,1,0,0
11281,0.2,3,1,1
11282,0.2,1,1,1
11283,0.2,3,0,0
11284,0.2,1,1,1
11285,0.2,1,0,1
11286,0.2,2,1,0
11287,0.2,1,0,0
11288,0.2,0,0,0
11289,1.0,1,0,1
11290,1.0,1,1,1
11291,0.2,3,0,0
11292,0.2,1,0,0
11293,0.2,1,0,0
11294,0.2,0,0,1
11295,0.2,3,0,0
11296,0.2,3,1,1
11297,0.2,1,1,1
11298,1.0,0,0,0
11299,1.0,0,1,1
11300,0.2,2,1,1
11301,1.0,2,0,1
11302,0.2,0,1,1
11303,0.2,0,1,1
11304,0.2,2,1,1
11305,1.0,1,1,1
11306,0.2,1,0,1
11307,0.2,2,0,0
11308,0.2,2,1,1
11309,0.2,0,0,1
11310,0.2,1,1,1
11311,0.2,1,1,1
11312,0.2,0,0,0
11313,0.2,3,1,1
11314,1.0,1,0,1
11315,0.2,2,1,0
11316,0.2,2,1,1
11317,0.2,3,1,1
11318,1.0,2,0,0
11319,0.2,1,0,1
11320,0.2,3,0,0
11321,0.2,2,1,0
11322,0.2,1,1,0
11323,0.2,0,1,0
11324,1.0,2,1,1
11325,0.2,1,1,1
11326,0.2,2,1,1
11327,0.2,0,1,1
11328,1.0,2,0,1
11329,1.0,2,0,0
11330,0.2,1,1,0
11331,0.2,1,1,0
11332,0.2,2,0,0
11333,0.2,0,1,1
11334,0.2,2,1,1
11335,1.0,2,0,0
11336,0.2,1,1,1
11337,0.2,2,0,0
11338,0.2,3,0,0
11339,2.2,2,1,1
11340,0.2,2,0,0
11341,0.2,2,0,0
11342,0.2,1,0,0
11343,0.2,1,1,1
11344,0.2,3,1,0
11345,0.2,2,1,0
11346,1.0,1,1,1
11347,0.2,1,0,0
11348,0.2,1,1,1
11349,0.2,2,0,0
11350,0.2,1,1,1
11351,0.2,1,0,0
11352,1.0,2,1,0
11353,0.2,1,1,1
11354,1.0,2,1,1
11355,0.2,1,1,1
11356,0.2,0,0,0
11357,0.2,2,0,0
11358,1.0,1,1,1
11359,0.2,2,0,0
11360,1.0,1,1,1
11361,2.2,2,1,1
11362,0.2,1,0,0
11363,0.2,2,0,1
11364,2.2,1,0,1
11365,0.2,1,1,1
11366,0.2,0,0,0
11367,1.0,1,1,1
11368,0.2,1,0,0
11369,0.2,1,1,1
11370,0.2,3,0,1
11371,0.2,3,0,0
11372,0.2,2,1,1
11373,0.2,1,1,1
11374,1.0,3,1,1
11375,1.0,0,1,1
11376,1.0,0,1,1
11377,1.0,3,0,0
11378,0.2,2,0,0
11379,0.2,0,0,0
11380,2.2,2,1,1
11381,1.0,1,0,0
11382,0.2,0,1,1
11383,0.2,0,0,1
11384,0.2,3,0,0
11385,1.0,2,1,1
11386,1.0,1,1,1
11387,0.2,1,1,1
11388,0.2,1,0,0
11389,1.0,1,1,1
11390,0.2,1,1,1
11391,0.2,3,0,1
11392,0.2,2,0,0
11393,0.2,1,1,1
11394,0.2,1,1,0
11395,0.2,1,0,0
11396,0.2,3,1,1
11397,2.2,1,1,1
11398,0.2,3,1,1
11399,0.2,2,0,1
11400,0.2,1,0,1
11401,0.2,2,0,0
11402,0.2,2,1,0
11403,0.2,1,0,0
11404,0.2,2,1,0
11405,0.2,1,1,1
11406,0.2,0,1,1
11407,0.2,0,0,1
11408,1.0,0,1,1
11409,0.2,2,0,0
11410,0.2,3,0,0
11411,1.0,1,1,1
11412,0.2,2,1,1
11413,0.2,3,0,0
11414,1.0,1,1,1
11415,0.2,1,1,1
11416,0.2,1,1,0
11417,1.0,0,1,1
11418,0.2,2,0,0
11419,0.2,2,0,0
11420,0.2,2,1,1
11421,0.2,1,1,0
11422,1.0,3,1,0
11423,0.2,0,1,1
11424,0.2,1,0,0
11425,0.2,3,0,1
11426,0.2,1,0,0
11427,0.2,1,0,1
11428,0.2,1,1,0
11429,0.2,3,1,0
11430,0.2,1,1,0
11431,0.2,2,0,0
11432,0.2,2,0,1
11433,1.0,1,0,0
11434,0.2,2,1,1
11435,0.2,0,0,0
11436,0.2,1,0,0
11437,0.2,2,0,0
11438,0.2,1,0,0
11439,0.2,2,0,0
11440,0.2,1,1,0
11441,1.0,2,1,1
11442,1.0,1,1,1
11443,0.2,2,0,0
11444,0.2,2,0,0
11445,0.2,2,1,1
11446,0.2,3,0,0
11447,2.2,2,0,1
11448,0.2,1,0,0
11449,0.2,1,1,0
11450,0.2,0,1,1
11451,0.2,2,0,0
11452,0.2,1,0,0
11453,0.2,1,0,0
11454,0.2,1,0,0
11455,1.0,1,1,1
11456,1.0,0,0,0
11457,0.2,1,0,0
11458,0.2,2,0,0
11459,1.0,0,1,1
11460,0.2,2,0,0
11461,1.0,0,1,1
11462,0.2,0,0,0
11463,1.0,0,0,1
11464,0.2,2,1,1
11465,0.2,1,0,0
11466,0.2,2,0,0
11467,0.2,3,1,0
11468,0.2,3,0,0
11469,0.2,1,1,1
11470,0.2,0,1,1
11471,0.2,0,1,1
11472,0.2,2,0,0
11473,0.2,1,1,1
11474,0.2,3,1,1
11475,0.2,2,1,1
11476,0.2,1,0,1
11477,0.2,1,1,1
11478,0.2,1,0,0
11479,0.2,1,1,0
11480,1.0,1,1,1
11481,1.0,2,1,1
11482,0.2,2,1,1
11483,1.0,2,1,1
11484,0.2,3,1,0
11485,1.0,3,0,0
11486,1.0,3,1,1
11487,0.2,0,0,1
11488,0.2,1,0,0
11489,0.2,1,1,1
11490,0.2,2,1,1
11491,0.2,1,0,0
11492,1.0,1,0,1
11493,0.2,0,1,0
11494,0.2,1,1,1
11495,0.2,2,1,1
11496,1.0,3,0,1
11497,0.2,2,0,0
11498,1.0,0,1,1
11499,0.2,2,0,0
11500,0.2,3,0,0
11501,0.2,1,1,1
11502,0.2,2,0,0
11503,2.2,1,1,1
11504,0.2,2,1,0
11505,0.2,1,1,1
11506,1.0,0,1,1
11507,0.2,2,1,1
11508,0.2,0,0,0
11509,1.0,2,1,0
11510,0.2,1,0,0
11511,2.2,1,1,1
11512,1.0,1,1,1
11513,0.2,2,1,1
11514,1.0,1,1,1
11515,2.2,0,0,1
11516,1.0,0,0,0
11517,0.2,2,0,0
11518,1.0,1,1,1
11519,0.2,3,0,0
11520,0.2,2,0,0
11521,0.2,0,0,0
11522,1.0,1,1,1
11523,2.2,0,0,1
11524,0.2,2,0,0
11525,1.0,1,0,1
11526,0.2,1,0,0
11527,1.0,2,1,1
11528,0.2,1,0,0
11529,0.2,1,0,0
11530,0.2,3,0,0
11531,2.2,1,0,1
11532,0.2,0,0,0
11533,2.2,3,1,1
11534,2.2,2,1,1
11535,0.2,1,1,1
11536,0.2,2,0,0
11537,0.2,2,1,1
11538,0.2,3,0,0
11539,0.2,0,0,0
11540,1.0,2,1,1
11541,0.2,2,0,0
11542,0.2,0,1,1
11543,0.2,1,1,1
11544,0.2,3,1,1
11545,0.2,2,0,0
11546,0.2,2,1,1
11547,0.2,1,1,1
11548,0.2,2,1,1
11549,0.2,2,0,0
11550,0.2,3,1,0
11551,0.2,1,0,0
11552,0.2,2,0,0
11553,0.2,2,0,0
11554,0.2,2,0,1
11555,0.2,1,1,0
11556,0.2,0,1,0
11557,0.2,2,1,1
11558,0.2,1,1,1
11559,1.0,1,1,0
11560,0.2,2,0,0
11561,0.2,2,0,1
11562,0.2,1,0,0
11563,0.2,0,1,1
11564,1.0,0,1,1
11565,0.2,0,0,0
11566,1.0,3,0,1
11567,1.0,1,1,1
11568,0.2,3,1,0
11569,1.0,0,1,1
11570,0.2,1,0,0
11571,0.2,1,1,1
11572,0.2,2,0,0
11573,0.2,2,1,1
11574,0.2,1,1,1
11575,1.0,2,1,1
11576,0.2,3,0,0
11577,0.2,1,1,1
11578,0.2,1,1,1
11579,0.2,1,1,1
11580,0.2,2,0,0
11581,0.2,1,0,0
11582,0.2,1,1,1
11583,0.2,0,1,0
11584,0.2,2,0,0
11585,0.2,2,0,0
11586,0.2,1,0,0
11587,0.2,2,1,0
11588,1.0,1,1,1
11589,1.0,2,0,1
11590,0.2,1,0,0
11591,0.2,1,0,0
11592,0.2,2,0,0
11593,0.2,1,0,1
11594,0.2,2,1,0
11595,0.2,2,0,0
11596,0.2,1,0,0
11597,0.2,0,0,1
11598,0.2,1,1,1
11599,0.2,3,1,1
11600,1.0,0,0,1
11601,0.2,0,0,0
11602,0.2,1,0,0
11603,0.2,1,0,0
11604,0.2,2,0,1
11605,0.2,1,0,0
11606,0.2,2,1,1
11607,1.0,0,1,1
11608,0.2,0,1,1
11609,0.2,2,0,1
11610,1.0,2,1,1
11611,0.2,3,0,0
11612,0.2,2,1,1
11613,0.2,3,1,1
11614,1.0,1,1,1
11615,0.2,2,0,0
11616,0.2,0,1,1
11617,0.2,1,1,0
11618,0.2,1,1,0
11619,0.2,1,0,0
11620,0.2,2,0,0
11621,1.0,1,1,1
11622,0.2,1,0,0
11623,0.2,1,0,1
11624,2.2,2,1,1
11625,0.2,1,1,1
11626,0.2,3,0,0
11627,0.2,0,0,0
11628,2.2,3,1,1
11629,0.2,0,1,1
11630,0.2,1,1,1
11631,0.2,2,0,0
11632,0.2,1,1,1
11633,0.2,2,1,1
11634,0.2,1,0,0
11635,1.0,1,1,1
11636,0.2,2,0,0
11637,0.2,2,0,0
11638,0.2,2,1,0
11639,1.0,1,1,1
11640,0.2,2,0,0
11641,1.0,2,1,1
11642,0.2,2,1,1
11643,1.0,2,0,1
11644,0.2,1,1,1
11645,1.0,3,1,1
11646,0.2,1,0,1
11647,1.0,2,1,0
11648,0.2,0,1,1
11649,0.2,1,1,1
11650,0.2,0,0,0
11651,0.2,2,0,0
11652,0.2,2,0,0
11653,0.2,1,0,0
11654,0.2,1,0,0
11655,0.2,2,0,0
11656,2.2,2,1,0
11657,0.2,3,0,0
11658,0.2,2,1,1
11659,0.2,2,0,0
11660,0.2,3,0,0
11661,0.2,2,0,0
11662,0.2,2,0,0
11663,0.2,0,0,1
11664,0.2,1,0,0
11665,0.2,2,0,1
11666,0.2,0,1,1
11667,1.0,3,0,0
11668,0.2,1,0,0
11669,0.2,3,0,0
11670,0.2,3,0,0
11671,0.2,2,0,0
11672,0.2,2,1,0
11673,0.2,0,1,1
11674,0.2,2,0,0
11675,0.2,2,0,1
11676,0.2,3,0,0
11677,1.0,1,1,1
11678,0.2,1,1,1
11679,0.2,2,0,0
11680,1.0,3,1,1
11681,1.0,2,1,1
11682,0.2,3,1,1
11683,0.2,2,0,0
11684,0.2,3,1,0
11685,2.2,2,1,1
11686,0.2,2,1,1
11687,1.0,1,0,1
11688,1.0,1,1,1
11689,0.2,2,0,1
11690,0.2,1,1,0
11691,0.2,1,1,0
11692,0.2,2,0,0
11693,0.2,1,0,0
11694,0.2,2,0,0
11695,0.2,1,1,1
11696,1.0,1,1,1
11697,0.2,1,0,0
11698,0.2,3,1,0
11699,0.2,2,0,0
11700,0.2,2,1,1
11701,0.2,2,1,1
11702,0.2,2,0,0
11703,0.2,3,0,0
11704,0.2,2,0,0
11705,1.0,0,1,1
11706,0.2,3,0,0
11707,0.2,1,0,0
11708,1.0,1,1,1
11709,0.2,2,1,0
11710,1.0,1,0,0
11711,0.2,1,1,0
11712,0.2,3,0,0
11713,0.2,0,1,1
11714,0.2,3,0,1
11715,0.2,1,0,0
11716,0.2,2,0,0
11717,1.0,1,0,0
11718,0.2,0,1,0
11719,0.2,0,1,1
11720,0.2,1,1,0
11721,0.2,3,0,0
11722,0.2,2,0,0
11723,0.2,1,0,0
11724,1.0,1,0,1
11725,0.2,1,0,1
11726,0.2,0,0,0
11727,0.2,2,0,0
11728,1.0,1,1,0
11729,0.2,2,0,0
11730,1.0,1,1,1
11731,0.2,0,0,0
11732,1.0,3,1,1
11733,1.0,1,0,0
11734,1.0,2,1,1
11735,0.2,0,0,1
11736,1.0,0,0,0
11737,0.2,1,0,0
11738,0.2,1,0,1
11739,0.2,1,1,1
11740,0.2,3,0,0
11741,0.2,1,1,1
11742,0.2,1,1,1
11743,0.2,2,1,1
11744,0.2,0,0,0
11745,1.0,2,1,0
11746,0.2,2,0,1
11747,0.2,3,1,0
11748,1.0,1,1,1
11749,0.2,2,1,0
11750,0.2,2,0,1
11751,0.2,3,0,0
11752,0.2,0,0,0
11753,0.2,2,0,0
11754,0.2,3,0,0
11755,1.0,1,0,0
11756,0.2,2,0,0
11757,0.2,0,0,0
11758,0.2,2,1,0
11759,0.2,2,0,1
11760,2.2,0,1,1
11761,0.2,2,0,0
11762,1.0,1,0,0
11763,1.0,0,0,0
11764,0.2,2,1,1
11765,0.2,2,0,0
11766,1.0,1,0,0
11767,0.2,2,1,1
11768,0.2,1,1,1
11769,0.2,1,0,0
11770,0.2,1,1,1
11771,2.2,2,1,1
11772,1.0,1,1,1
11773,1.0,0,1,1
11774,1.0,1,1,1
11775,0.2,3,0,0
11776,0.2,1,0,0
11777,1.0,3,1,1
11778,0.2,2,1,0
11779,0.2,0,1,1
11780,0.2,2,0,0
11781,0.2,1,0,0
11782,0.2,3,0,0
11783,0.2,2,1,1
11784,2.2,1,0,0
11785,1.0,0,0,1
11786,0.2,3,0,0
11787,1.0,1,1,1
11788,0.2,3,1,0
11789,0.2,2,1,0
11790,0.2,3,0,0
11791,1.0,1,0,1
11792,0.2,2,1,1
11793,0.2,1,0,0
11794,0.2,1,1,1
11795,0.2,3,0,0
11796,1.0,2,1,1
11797,0.2,0,0,0
11798,0.2,0,1,1
11799,0.2,2,1,0
11800,0.2,0,0,0
11801,0.2,2,0,0
11802,1.0,1,0,0
11803,0.2,0,1,1
11804,0.2,2,1,1
11805,1.0,1,1,1
11806,0.2,1,1,1
11807,0.2,0,1,1
11808,0.2,2,1,1
11809,0.2,2,1,0
11810,0.2,2,0,0
11811,0.2,3,0,0
11812,0.2,1,0,0
11813,0.2,3,0,0
11814,0.2,1,0,1
11815,2.2,2,0,1
11816,0.2,2,0,0
11817,0.2,2,0,0
11818,0.2,0,1,1
11819,0.2,3,0,1
11820,0.2,2,0,0
11821,0.2,2,1,1
11822,0.2,2,1,1
11823,0.2,3,0,0
11824,0.2,3,0,0
11825,0.2,3,0,0
11826,1.0,2,1,1
11827,0.2,1,0,0
11828,0.2,1,0,0
11829,0.2,3,0,1
11830,2.2,0,1,1
11831,0.2,1,1,1
11832,2.2,2,1,1
11833,1.4,2,0,1
11834,0.2,2,0,0
11835,0.2,1,0,0
11836,0.2,2,1,0
11837,0.2,3,0,0
11838,0.2,1,0,0
11839,0.2,0,1,1
11840,0.2,1,0,0
11841,1.0,1,1,1
11842,0.2,1,0,0
11843,0.2,0,1,1
11844,0.2,3,0,0
11845,0.2,0,1,1
11846,0.2,3,1,1
11847,0.2,1,1,0
11848,2.2,3,1,1
11849,0.2,3,0,0
11850,0.2,1,0,0
11851,0.2,1,0,0
11852,0.2,1,0,0
11853,0.2,2,0,0
11854,0.2,1,1,1
11855,0.2,1,0,0
11856,0.2,1,0,0
11857,0.2,0,0,0
11858,0.2,1,0,0
11859,0.2,3,0,0
11860,1.0,2,0,1
11861,1.0,1,1,1
11862,1.0,1,1,1
11863,0.2,1,0,0
11864,1.0,0,1,1
11865,0.2,3,1,1
11866,0.2,2,0,0
11867,1.0,2,1,1
11868,0.2,0,0,1
11869,0.2,1,1,1
11870,1.0,2,0,0
11871,0.2,1,1,1
11872,0.2,1,0,1
11873,1.0,2,0,1
11874,0.2,2,0,0
11875,0.2,0,0,0
11876,1.0,2,1,1
11877,1.0,1,1,1
11878,0.2,1,0,0
11879,0.2,3,1,1
11880,0.2,2,1,1
11881,0.2,3,0,0
11882,0.2,2,0,1
11883,1.0,2,0,0
11884,0.2,2,1,1
11885,1.0,1,1,1
11886,1.0,1,1,1
11887,0.2,2,1,1
11888,0.2,0,1,1
11889,0.2,1,1,0
11890,0.2,2,0,0
11891,0.2,2,0,0
11892,0.2,2,1,0
11893,0.2,2,0,0
11894,2.2,2,0,1
11895,1.0,2,1,0
11896,0.2,1,0,1
11897,0.2,3,0,0
11898,1.0,2,1,1
11899,0.2,1,0,0
11900,0.2,2,0,1
11901,0.2,0,1,1
11902,0.2,2,0,0
11903,2.2,1,1,1
11904,1.0,1,0,0
11905,0.2,2,1,1
11906,0.2,1,1,1
11907,0.2,1,0,0
11908,0.2,2,0,0
11909,0.2,1,0,0
11910,0.2,2,0,1
11911,1.0,1,1,1
11912,0.2,1,1,1
11913,0.2,2,1,0
11914,0.2,3,1,1
11915,0.2,2,0,0
11916,0.2,2,1,1
11917,1.0,2,1,1
11918,1.0,3,1,1
11919,0.2,2,0,0
11920,0.2,1,1,0
11921,0.2,1,1,1
11922,0.2,1,0,0
11923,0.2,2,0,0
11924,0.2,1,0,0
11925,0.2,3,1,0
11926,0.2,2,0,0
11927,0.2,1,0,0
11928,1.0,2,1,1
11929,0.2,2,1,1
11930,0.2,1,1,1
11931,0.2,1,1,1
11932,1.0,0,1,1
11933,0.2,2,1,1
11934,0.2,0,1,1
11935,0.2,2,0,1
11936,0.2,0,0,0
11937,0.2,3,1,1
11938,0.2,0,1,0
11939,1.0,1,1,1
11940,0.2,1,0,0
11941,0.2,3,0,1
11942,0.2,1,0,0
11943,0.2,2,0,0
11944,0.2,2,1,0
11945,0.2,1,1,0
11946,0.2,0,0,0
11947,1.0,3,0,1
11948,0.2,3,0,0
11949,1.0,2,0,1
11950,0.2,2,0,0
11951,0.2,1,0,0
11952,0.2,2,0,0
11953,0.2,1,0,0
11954,0.2,0,1,1
11955,0.2,1,1,0
11956,1.0,2,0,1
11957,0.2,1,0,0
11958,0.2,1,1,1
11959,1.0,1,1,1
11960,0.2,3,0,0
11961,0.2,2,0,0
11962,0.2,1,1,1
11963,0.2,1,0,0
11964,0.2,1,0,0
11965,0.2,1,1,1
11966,0.2,3,0,0
11967,0.2,1,0,0
11968,0.2,1,0,0
11969,1.0,1,1,1
11970,0.2,1,0,0
11971,0.2,2,1,1
11972,0.2,0,1,0
11973,0.2,1,0,0
11974,0.2,0,1,0
11975,0.2,3,1,0
11976,1.0,2,1,1
11977,0.2,0,1,1
11978,0.2,1,1,1
11979,0.2,1,0,0
11980,0.2,1,0,0
11981,0.2,1,0,0
11982,0.2,1,0,0
11983,0.2,2,0,0
11984,0.2,1,1,1
11985,0.2,2,1,1
11986,0.2,3,1,1
11987,0.2,1,1,0
11988,0.2,2,0,0
11989,0.2,2,0,0
11990,1.0,1,1,1
11991,0.2,1,1,1
11992,0.2,0,1,1
11993,0.2,1,1,1
11994,0.2,2,1,1
11995,0.2,2,1,1
11996,0.2,2,0,0
11997,0.2,3,0,1
11998,0.2,1,1,1
11999,0.2,2,0,1
12000,0.2,3,0,0
12001,0.2,2,0,0
12002,0.2,2,0,0
12003,0.2,1,0,0
12004,2.2,2,1,1
12005,0.2,1,1,1
12006,0.2,3,0,0
12007,0.2,0,0,0
12008,1.0,3,0,0
12009,0.2,1,0,1
12010,0.2,2,0,0
12011,0.2,2,1,1
12012,1.0,2,1,1
12013,1.0,2,0,1
12014,0.2,1,1,1
12015,0.2,1,1,1
12016,0.2,0,1,1
12017,2.2,1,1,1
12018,0.2,0,0,1
12019,0.2,1,0,0
12020,1.0,0,1,1
12021,0.2,2,1,1
12022,0.2,1,0,0
12023,1.0,3,1,1
12024,0.2,2,0,1
12025,0.2,0,0,0
12026,0.2,3,1,0
12027,0.2,2,0,0
12028,0.2,1,0,1
12029,0.2,1,0,1
12030,1.0,1,1,1
12031,0.2,2,0,0
12032,0.2,2,0,0
12033,0.2,2,1,0
12034,1.0,2,1,1
12035,1.0,0,1,1
12036,0.2,3,0,0
12037,0.2,1,0,0
12038,0.2,2,1,1
12039,0.2,3,0,0
12040,1.0,2,0,1
12041,2.2,2,1,1
12042,0.2,1,1,0
12043,0.2,2,1,0
12044,0.2,2,0,0
12045,0.2,1,1,0
12046,0.2,2,1,1
12047,0.2,1,1,1
12048,0.2,1,0,1
12049,0.2,1,0,0
12050,0.2,2,0,0
12051,0.2,1,1,1
12052,0.2,2,0,0
12053,0.2,2,0,0
12054,0.2,1,1,1
12055,2.2,1,1,1
12056,0.2,3,0,0
12057,0.2,2,0,0
12058,0.2,2,0,0
12059,1.0,0,1,1
12060,2.2,2,1,1
12061,0.2,2,1,0
12062,0.2,0,1,1
12063,0.2,1,1,0
12064,0.2,1,0,0
12065,0.2,1,1,0
12066,1.0,3,0,1
12067,0.2,2,1,1
12068,0.2,1,1,0
12069,0.2,0,1,1
12070,1.0,1,1,1
12071,0.2,2,1,1
12072,1.0,0,1,1
12073,1.0,2,1,1
12074,0.2,1,1,0
12075,0.2,2,1,1
12076,0.2,1,1,1
12077,1.0,2,1,1
12078,1.0,1,1,1
12079,0.2,2,0,0
12080,0.2,1,1,0
12081,0.2,2,0,0
12082,0.2,3,1,0
12083,0.2,3,0,0
12084,0.2,2,0,0
12085,0.2,1,1,1
12086,0.2,2,1,1
12087,0.2,1,1,1
12088,0.2,0,1,0
12089,1.0,2,0,0
12090,0.2,2,0,1
12091,0.2,1,0,1
12092,0.2,2,0,0
12093,0.2,2,0,0
12094,0.2,1,0,1
12095,1.0,1,1,1
12096,1.0,1,1,1
12097,0.2,2,0,0
12098,0.2,1,0,1
12099,1.0,1,1,1
12100,0.2,0,0,0
12101,0.2,2,0,0
12102,0.2,0,1,1
12103,0.2,2,1,1
12104,1.0,0,1,1
12105,0.2,1,1,1
12106,1.0,2,0,0
12107,1.0,3,0,1
12108,1.0,0,0,1
12109,1.0,1,1,1
12110,0.2,0,1,1
12111,1.0,2,0,1
12112,0.2,1,0,0
12113,1.0,0,0,1
12114,0.2,0,0,0
12115,0.2,1,0,0
12116,1.0,2,1,1
12117,0.2,2,1,0
12118,0.2,1,1,1
12119,0.2,1,0,0
12120,1.0,1,1,1
12121,0.2,3,0,0
12122,1.0,2,0,1
12123,0.2,1,0,0
12124,0.2,3,0,0
12125,1.0,1,1,1
12126,0.2,1,0,0
12127,0.2,1,0,0
12128,0.2,2,0,0
12129,0.2,1,0,0
12130,0.2,0,1,1
12131,0.2,1,1,0
12132,0.2,1,0,0
12133,1.0,3,1,1
12134,0.2,3,1,0
12135,1.0,0,0,1
12136,0.2,3,1,1
12137,0.2,2,0,0
12138,0.2,0,1,1
12139,0.2,0,1,1
12140,0.2,2,1,0
12141,0.2,2,0,0
12142,0.2,2,1,1
12143,0.2,1,1,1
12144,0.2,1,1,1
12145,0.2,0,0,1
12146,0.2,2,0,0
12147,0.2,3,0,1
12148,0.2,2,1,0
12149,0.2,1,1,1
12150,1.0,2,1,1
12151,0.2,2,1,0
12152,1.0,1,0,1
12153,1.0,1,1,1
12154,0.2,1,0,0
12155,0.2,1,1,1
12156,1.0,0,1,1
12157,0.2,1,1,1
12158,1.0,0,1,1
12159,0.2,1,1,1
12160,0.2,0,1,1
12161,0.2,3,0,0
12162,1.0,1,1,1
12163,1.0,2,1,1
12164,1.0,2,1,1
12165,1.0,1,1,1
12166,0.2,1,1,0
12167,0.2,3,0,0
12168,0.2,1,0,0
12169,0.2,2,0,0
12170,0.2,2,1,1
12171,0.2,2,1,1
12172,1.0,0,1,1
12173,0.2,2,1,0
12174,0.2,1,1,1
12175,0.2,1,0,0
12176,0.2,1,0,0
12177,0.2,2,1,1
12178,0.2,2,1,1
12179,0.2,1,0,0
12180,1.0,1,0,1
12181,0.2,1,1,0
12182,0.2,1,0,1
12183,0.2,2,0,0
12184,0.2,2,0,0
12185,0.2,2,1,0
12186,0.2,1,0,0
12187,1.0,2,0,0
12188,0.2,2,1,1
12189,0.2,2,1,1
12190,0.2,2,0,0
12191,0.2,3,0,0
12192,0.2,2,0,0
12193,0.2,1,1,1
12194,1.0,1,1,1
12195,0.2,2,1,1
12196,1.0,1,1,1
12197,0.2,0,0,0
12198,0.2,2,0,1
12199,0.2,1,0,0
12200,1.0,1,1,1
12201,0.2,1,1,1
12202,0.2,2,1,1
12203,1.0,0,0,0
12204,1.0,0,1,1
12205,0.2,3,1,0
12206,0.2,1,0,0
12207,0.2,1,0,0
12208,0.2,2,0,0
12209,1.0,2,1,1
12210,1.0,3,1,1
12211,0.2,2,1,1
12212,0.2,1,1,1
12213,1.0,2,1,1
12214,0.2,1,0,0
12215,1.0,0,1,1
12216,0.2,2,0,0
12217,0.2,0,1,1
12218,1.0,1,1,1
12219,0.2,1,1,1
12220,0.2,1,0,0
12221,0.2,2,1,1
12222,0.2,2,0,0
12223,1.0,2,1,1
12224,0.2,2,1,1
12225,0.2,2,0,0
12226,0.2,1,1,0
12227,0.2,1,1,0
12228,1.0,0,1,1
12229,1.0,1,0,1
12230,2.2,1,1,1
12231,1.0,1,1,1
12232,0.2,2,0,1
12233,0.2,3,0,0
12234,0.2,0,1,1
12235,0.2,1,1,1
12236,1.0,2,0,0
12237,0.2,2,0,1
12238,0.2,2,0,0
12239,0.2,1,0,0
12240,1.0,2,1,1
12241,1.0,1,1,1
12242,1.0,2,0,1
12243,0.2,1,0,0
12244,1.0,0,1,1
12245,1.0,1,1,1
12246,0.2,1,1,1
12247,0.2,3,0,0
12248,0.2,2,0,1
12249,1.0,1,1,1
12250,0.2,2,0,0
12251,1.0,1,1,1
12252,0.2,3,1,0
12253,0.2,1,1,1
12254,0.2,0,0,0
12255,0.2,2,0,0
12256,0.2,2,1,0
12257,0.2,1,1,0
12258,1.0,2,0,1
12259,0.2,2,0,0
12260,0.2,2,1,1
12261,0.2,3,1,1
12262,1.0,2,0,0
12263,0.2,3,1,1
12264,0.2,3,0,0
12265,1.0,3,0,0
12266,0.2,2,0,0
12267,1.0,2,0,1
12268,0.2,1,1,1
12269,0.2,2,1,1
12270,0.2,1,1,1
12271,0.2,0,1,1
12272,1.0,3,0,1
12273,0.2,2,1,0
12274,0.2,3,1,0
12275,0.2,1,1,1
12276,1.0,2,0,1
12277,0.2,2,0,0
12278,0.2,2,0,0
12279,1.0,1,1,1
12280,1.0,2,1,1
12281,1.0,0,1,1
12282,0.2,1,0,0
12283,1.0,2,0,0
12284,0.2,2,1,1
12285,0.2,2,0,0
12286,0.2,0,1,1
12287,0.2,2,1,1
12288,1.0,1,0,1
12289,0.2,2,0,0
12290,0.2,0,0,0
12291,0.2,1,1,1
12292,0.2,2,1,0
12293,1.0,3,1,1
12294,1.0,2,0,1
12295,0.2,2,0,1
12296,0.2,1,0,0
12297,0.2,1,0,0
12298,0.2,2,0,1
12299,0.2,2,0,0
12300,0.2,3,1,0
12301,0.2,3,0,0
12302,1.0,2,0,1
12303,0.2,0,1,1
12304,0.2,2,1,1
12305,0.2,1,0,0
12306,0.2,0,1,1
12307,0.2,1,0,0
12308,1.0,3,1,1
12309,0.2,0,1,1
12310,0.2,2,1,1
12311,0.2,1,0,0
12312,0.2,2,0,1
12313,0.2,0,0,0
12314,0.2,1,0,0
12315,1.0,1,1,1
12316,1.0,2,1,1
12317,1.0,1,1,0
12318,0.2,1,0,0
12319,0.2,2,1,1
12320,0.2,2,0,0
12321,1.0,2,1,1
12322,0.2,0,1,1
12323,0.2,1,0,0
12324,0.2,1,0,0
12325,0.2,2,0,0
12326,0.2,3,1,0
12327,0.2,2,1,0
12328,1.0,0,1,1
12329,0.2,1,1,1
12330,0.2,3,0,0
12331,0.2,2,0,0
12332,0.2,2,1,1
12333,0.2,1,0,0
12334,0.2,1,0,0
12335,1.0,1,0,0
12336,1.0,3,1,1
12337,0.2,0,1,1
12338,0.2,2,0,1
12339,0.2,2,0,0
12340,0.2,1,0,0
12341,0.2,1,0,0
12342,1.0,2,0,1
12343,1.0,2,1,1
12344,0.2,2,1,1
12345,0.2,2,1,1
12346,0.2,1,1,1
12347,0.2,2,1,1
12348,0.2,2,1,1
12349,0.2,2,0,0
12350,2.2,2,1,1
12351,1.0,1,0,1
12352,0.2,1,0,0
12353,1.0,0,1,1
12354,0.2,2,0,0
12355,0.2,1,1,0
12356,0.2,2,1,1
12357,2.2,2,1,1
12358,0.2,1,1,0
12359,0.2,1,0,0
12360,1.0,1,1,1
12361,0.2,2,1,1
12362,0.2,3,0,1
12363,1.0,1,1,1
12364,1.0,1,1,0
12365,0.2,1,0,0
12366,0.2,1,1,1
12367,0.2,0,0,0
12368,1.0,2,1,1
12369,0.2,0,1,1
12370,0.2,0,1,1
12371,1.0,1,0,1
12372,0.2,2,0,0
12373,0.2,1,1,1
12374,0.2,2,0,1
12375,0.2,1,0,0
12376,1.0,1,1,1
12377,0.2,3,0,0
12378,0.2,2,0,0
12379,0.2,1,0,0
12380,0.2,1,0,0
12381,0.2,3,0,0
12382,1.0,1,1,1
12383,1.0,2,0,1
12384,0.2,0,1,1
12385,0.2,2,1,0
12386,1.0,2,0,0
12387,0.2,2,0,0
12388,0.2,1,0,0
12389,0.2,1,0,0
12390,0.2,2,1,1
12391,0.2,2,1,1
12392,0.2,3,1,1
12393,1.0,1,1,1
12394,1.0,1,1,1
12395,0.2,1,0,0
12396,0.2,2,0,0
12397,0.2,2,1,1
12398,0.2,2,1,1
12399,0.2,0,1,0
12400,1.0,1,0,0
12401,1.0,0,1,1
12402,0.2,0,1,1
12403,1.0,3,0,0
12404,0.2,2,0,1
12405,0.2,2,1,1
12406,0.2,2,0,0
12407,0.2,2,0,0
12408,0.2,0,1,1
12409,2.2,2,1,1
12410,0.2,2,0,0
12411,0.2,1,1,0
12412,0.2,3,0,0
12413,0.2,2,0,0
12414,0.2,1,0,1
12415,2.2,0,1,1
12416,0.2,1,1,1
12417,0.2,1,0,0
12418,0.2,3,0,0
12419,0.2,2,0,0
12420,0.2,1,0,0
12421,0.2,2,0,0
12422,0.2,2,0,0
12423,0.2,2,0,1
12424,0.2,2,1,0
12425,0.2,2,0,0
12426,0.2,3,0,0
12427,0.2,3,0,1
12428,0.2,1,0,0
12429,0.2,1,0,0
12430,0.2,2,1,1
12431,1.0,1,0,0
12432,0.2,3,0,0
12433,1.0,1,0,0
12434,0.2,1,0,0
12435,0.2,1,1,0
12436,1.0,1,0,1
12437,0.2,1,0,1
12438,0.2,0,1,1
12439,0.2,3,1,1
12440,0.2,1,0,0
12441,0.2,1,1,1
12442,1.0,3,0,0
12443,0.2,3,0,0
12444,1.0,2,0,1
12445,1.0,1,1,1
12446,0.2,1,0,0
12447,1.0,1,1,1
12448,0.2,1,1,1
12449,0.2,2,1,0
12450,1.0,1,1,1
12451,1.0,2,0,0
12452,0.2,0,1,1
12453,0.2,2,0,0
12454,1.0,1,0,0
12455,0.2,3,0,0
12456,0.2,2,0,0
12457,0.2,3,0,0
12458,0.2,1,1,1
12459,0.2,1,1,0
12460,0.2,1,0,0
12461,0.2,2,1,0
12462,0.2,3,1,1
12463,0.2,0,0,0
12464,0.2,3,0,0
12465,1.0,2,1,1
12466,0.2,2,1,1
12467,1.0,1,1,1
12468,0.2,3,1,1
12469,0.2,0,0,1
12470,0.2,0,1,1
12471,1.0,0,0,0
12472,0.2,3,0,0
12473,0.2,1,0,0
12474,0.2,0,1,1
12475,1.0,2,1,0
12476,0.2,3,0,0
12477,0.2,3,0,0
12478,0.2,2,0,0
12479,0.2,1,0,0
12480,0.2,1,1,1
12481,0.2,3,1,1
12482,0.2,2,0,0
12483,0.2,1,0,0
12484,0.2,1,1,1
12485,0.2,1,1,1
12486,0.2,2,1,0
12487,0.2,0,1,1
12488,0.2,2,1,1
12489,0.2,2,1,1
12490,0.2,2,0,0
12491,0.2,3,1,1
12492,0.2,2,1,0
12493,1.0,1,0,0
12494,0.2,1,1,1
12495,0.2,1,0,0
12496,1.0,1,1,1
12497,0.2,2,1,1
12498,1.0,2,1,1
12499,0.2,1,0,0
12500,0.2,3,1,1
12501,0.2,2,0,0
12502,0.2,3,0,0
12503,1.0,1,0,1
12504,1.0,0,1,1
12505,0.2,2,0,0
12506,0.2,1,0,1
12507,0.2,2,0,0
12508,0.2,1,0,1
12509,0.2,1,0,0
12510,0.2,2,0,0
12511,0.2,1,0,0
12512,0.2,2,0,0
12513,0.2,2,0,0
12514,0.2,1,0,0
12515,0.2,2,0,0
12516,0.2,1,1,0
12517,0.2,2,0,0
12518,0.2,3,0,0
12519,0.2,1,1,1
12520,0.2,2,0,0
12521,1.0,1,1,1
12522,2.2,1,0,1
12523,0.2,1,1,1
12524,0.2,2,0,0
12525,0.2,1,1,1
12526,0.2,2,0,0
12527,1.0,3,0,0
12528,0.2,1,1,0
12529,1.0,3,1,1
12530,0.2,3,0,0
12531,0.2,0,1,1
12532,0.2,2,0,0
12533,1.0,1,0,1
12534,0.2,3,1,1
12535,0.2,1,1,1
12536,0.2,1,0,0
12537,0.2,3,1,0
12538,0.2,1,0,0
12539,0.2,0,1,1
12540,0.2,0,1,1
12541,0.2,3,0,0
12542,0.2,1,1,0
12543,0.2,2,1,1
12544,1.0,1,0,0
12545,1.0,1,1,0
12546,0.2,2,1,1
12547,0.2,1,0,1
12548,1.0,1,0,0
12549,0.2,1,0,0
12550,0.2,0,0,0
12551,0.2,1,0,0
12552,0.2,0,1,0
12553,0.2,3,0,0
12554,2.2,3,1,1
12555,0.2,0,1,0
12556,0.2,2,0,1
12557,0.2,2,0,0
12558,0.2,1,1,0
12559,0.2,1,1,1
12560,1.0,1,0,0
12561,0.2,2,1,0
12562,0.2,2,0,1
12563,0.2,1,1,1
12564,1.0,2,1,1
12565,0.2,2,0,0
12566,0.2,2,0,0
12567,0.2,1,1,1
12568,0.2,0,1,1
12569,0.2,3,0,0
12570,0.2,1,0,0
12571,0.2,0,1,1
12572,0.2,2,0,0
12573,0.2,1,1,0
12574,1.0,2,0,0
12575,0.2,2,1,0
12576,0.2,1,1,1
12577,0.2,1,1,1
12578,0.2,3,0,1
12579,0.2,3,1,0
12580,0.2,1,1,0
12581,0.2,1,0,1
12582,0.2,2,1,1
12583,0.2,1,0,0
12584,0.2,1,0,0
12585,0.2,1,0,0
12586,2.2,2,1,1
12587,0.2,3,0,0
12588,0.2,3,0,0
12589,1.0,3,0,0
12590,0.2,2,0,1
12591,0.2,2,1,1
12592,1.0,1,1,1
12593,0.2,2,1,1
12594,1.0,1,1,1
12595,0.2,3,0,0
12596,0.2,3,1,1
12597,0.2,1,1,1
12598,2.2,1,0,1
12599,0.2,1,0,0
12600,0.2,1,0,0
12601,1.0,2,1,1
12602,0.2,0,1,0
12603,1.0,3,0,0
12604,0.2,0,1,1
12605,0.2,2,0,0
12606,0.2,2,1,1
12607,0.2,2,0,0
12608,0.2,0,0,0
12609,0.2,2,1,1
12610,1.0,1,1,1
12611,0.2,2,1,0
12612,0.2,3,1,0
12613,0.2,2,0,0
12614,1.0,1,1,1
12615,0.2,1,1,1
12616,0.2,1,0,0
12617,0.2,0,0,0
12618,0.2,3,0,0
12619,0.2,3,0,0
12620,0.2,2,1,0
12621,0.2,3,1,1
12622,0.2,3,0,1
12623,0.2,1,1,1
12624,0.2,1,1,1
12625,0.2,2,0,0
12626,0.2,1,1,1
12627,1.0,3,1,1
12628,0.2,1,1,0
12629,1.0,0,0,1
12630,1.0,2,1,1
12631,0.2,1,1,1
12632,0.2,1,1,0
12633,0.2,2,0,0
12634,0.2,1,1,1
12635,0.2,0,1,1
12636,1.0,0,1,1
12637,1.0,1,0,0
12638,1.0,2,0,0
12639,0.2,2,0,0
12640,1.0,0,0,1
12641,0.2,2,0,1
12642,0.2,2,1,1
12643,1.0,1,0,0
12644,1.0,2,1,1
12645,0.2,3,1,1
12646,0.2,1,1,1
12647,0.2,2,1,1
12648,1.0,0,1,0
12649,0.2,1,1,1
12650,0.2,2,1,1
12651,0.2,3,0,0
12652,0.2,2,0,0
12653,0.2,3,0,0
12654,1.0,2,1,1
12655,1.0,1,1,1
12656,1.0,3,1,1
12657,0.2,1,1,1
12658,1.0,3,1,1
12659,0.2,2,0,0
12660,0.2,3,0,0
12661,0.2,2,1,1
12662,0.2,2,0,0
12663,0.2,3,1,1
12664,1.0,1,1,1
12665,1.0,0,0,1
12666,0.2,3,0,0
12667,0.2,1,0,0
12668,1.0,3,1,0
12669,0.2,0,1,1
12670,0.2,1,1,0
12671,0.2,3,1,1
12672,0.2,1,0,0
12673,2.2,1,1,1
12674,0.2,1,0,0
12675,0.2,0,0,0
12676,0.2,2,0,0
12677,0.2,0,1,1
12678,0.2,1,0,1
12679,0.2,3,1,0
12680,0.2,1,0,1
12681,0.2,1,0,0
12682,0.2,3,0,0
12683,1.0,0,1,1
12684,1.0,2,1,1
12685,0.2,1,0,0
12686,1.0,3,1,1
12687,2.2,3,0,1
12688,0.2,0,1,1
12689,0.2,2,0,0
12690,0.2,3,0,0
12691,0.2,0,0,0
12692,1.0,1,1,1
12693,0.2,2,0,0
12694,0.2,2,1,0
12695,0.2,1,1,1
12696,0.2,1,0,0
12697,0.2,2,1,1
12698,0.2,2,1,0
12699,0.2,2,0,0
12700,0.2,0,0,0
12701,0.2,2,0,0
12702,0.2,1,1,1
12703,0.2,1,1,1
12704,0.2,3,1,1
12705,0.2,1,1,0
12706,0.2,1,0,0
12707,0.2,1,0,0
12708,0.2,3,0,0
12709,0.2,1,0,0
12710,0.2,2,1,0
12711,2.2,1,1,1
12712,0.2,2,0,0
12713,0.2,1,1,1
12714,0.2,2,0,0
12715,0.2,2,0,0
12716,1.0,3,1,1
12717,0.2,0,0,0
12718,1.0,1,1,1
12719,0.2,1,1,0
12720,0.2,2,0,0
12721,1.0,0,1,1
12722,0.2,2,1,1
12723,0.2,1,0,0
12724,0.2,0,1,1
12725,1.0,1,1,1
12726,0.2,2,1,1
12727,0.2,1,1,1
12728,0.2,2,0,0
12729,0.2,2,0,1
12730,0.2,2,0,0
12731,0.2,1,0,1
12732,0.2,1,0,1
12733,2.2,2,1,1
12734,0.2,2,1,1
12735,2.2,2,1,1
12736,1.0,3,0,0
12737,1.0,0,1,1
12738,0.2,0,1,1
12739,0.2,2,1,1
12740,0.2,1,0,0
12741,0.2,1,0,1
12742,0.2,1,0,0
12743,0.2,1,0,0
12744,0.2,0,0,1
12745,0.2,3,0,0
12746,1.0,1,1,1
12747,0.2,1,0,0
12748,0.2,1,0,0
12749,0.2,1,0,0
12750,1.0,3,1,0
12751,1.0,1,1,1
12752,1.0,0,1,1
12753,0.2,1,1,1
12754,1.0,0,0,0
12755,0.2,1,0,1
12756,0.2,1,1,1
12757,0.2,1,1,1
12758,0.2,2,1,0
12759,0.2,0,1,1
12760,0.2,2,0,0
12761,0.2,3,1,1
12762,0.2,2,0,0
12763,0.2,3,0,0
12764,0.2,2,0,0
12765,0.2,3,0,0
12766,0.2,2,0,0
12767,0.2,3,1,1
12768,0.2,0,0,1
12769,0.2,1,0,0
12770,1.0,2,0,0
12771,0.2,0,0,0
12772,0.2,2,1,1
12773,0.2,3,0,0
12774,0.2,0,0,1
12775,0.2,2,1,1
12776,0.2,2,0,0
12777,1.0,1,1,1
12778,0.2,2,0,0
12779,0.2,1,0,0
12780,0.2,0,1,1
12781,0.2,2,0,0
12782,0.2,3,0,1
12783,0.2,2,0,0
12784,1.0,2,0,0
12785,1.0,2,0,0
12786,0.2,1,0,0
12787,1.0,0,0,1
12788,0.2,1,1,1
12789,0.2,1,1,1
12790,0.2,0,0,1
12791,0.2,1,0,0
12792,0.2,1,1,0
12793,1.0,1,1,1
12794,0.2,2,1,1
12795,0.2,2,0,0
12796,0.2,0,1,1
12797,1.0,2,1,1
12798,0.2,1,1,0
12799,0.2,1,1,1
12800,0.2,2,1,1
12801,0.2,1,0,0
12802,0.2,2,1,1
12803,0.2,2,0,0
12804,0.2,1,0,1
12805,0.2,2,0,0
12806,0.2,2,1,1
12807,0.2,0,0,0
12808,0.2,1,0,0
12809,0.2,1,0,0
12810,0.2,2,0,0
12811,1.0,2,1,0
12812,0.2,3,0,0
12813,1.0,1,1,1
12814,0.2,2,1,1
12815,0.2,2,1,1
12816,0.2,1,0,0
12817,0.2,2,0,0
12818,0.2,0,1,1
12819,0.2,1,1,1
12820,0.2,1,1,0
12821,0.2,1,1,1
12822,0.2,0,1,1
12823,0.2,1,1,0
12824,0.2,2,0,1
12825,0.2,2,1,1
12826,0.2,2,1,0
12827,0.2,0,1,1
12828,0.2,1,0,0
12829,0.2,2,1,0
12830,0.2,2,1,1
12831,1.0,2,0,1
12832,0.2,2,1,1
12833,1.0,2,1,1
12834,1.0,2,1,1
12835,0.2,2,0,0
12836,0.2,3,0,0
12837,0.2,2,0,0
12838,1.0,1,1,1
12839,0.2,0,0,0
12840,0.2,0,1,1
12841,1.0,3,1,1
12842,0.2,2,0,1
12843,0.2,2,1,0
12844,0.2,3,1,0
12845,1.0,1,1,1
12846,0.2,2,1,1
12847,0.2,0,1,1
12848,0.2,2,0,0
12849,0.2,3,0,1
12850,0.2,1,0,1
12851,0.2,2,0,0
12852,0.2,2,0,0
12853,0.2,1,0,0
12854,0.2,2,1,1
12855,0.2,0,1,1
12856,1.0,2,1,1
12857,0.2,1,0,0
12858,0.2,1,1,1
12859,0.2,2,0,0
12860,0.2,2,1,1
12861,1.0,2,0,1
12862,0.2,1,1,1
12863,0.2,1,0,1
12864,1.0,3,0,0
12865,1.0,3,1,0
12866,0.2,2,1,1
12867,0.2,1,0,0
12868,0.2,1,0,0
12869,0.2,0,1,1
12870,1.0,1,1,1
12871,0.2,3,0,0
12872,0.2,2,1,0
12873,0.2,2,0,0
12874,0.2,2,0,0
12875,0.2,1,0,1
12876,0.2,3,0,0
12877,1.0,1,1,1
12878,1.0,1,0,0
12879,1.0,1,1,1
12880,0.2,1,1,1
12881,0.2,2,1,0
12882,0.2,2,1,1
12883,1.0,2,1,1
12884,0.2,1,0,0
12885,0.2,0,0,0
12886,0.2,1,0,1
12887,0.2,1,0,1
12888,0.2,2,0,0
12889,1.0,1,1,1
12890,0.2,3,0,1
12891,1.0,1,1,1
12892,0.2,0,0,1
12893,0.2,2,0,0
12894,0.2,2,0,0
12895,0.2,3,0,0
12896,0.2,1,1,1
12897,0.2,3,0,0
12898,1.0,0,1,1
12899,1.0,1,1,1
12900,0.2,1,0,0
12901,1.0,2,1,1
12902,0.2,3,0,0
12903,0.2,2,0,0
12904,1.0,1,1,1
12905,1.0,1,1,1
12906,1.0,0,1,1
12907,0.2,1,0,1
12908,0.2,2,1,1
12909,0.2,3,1,1
12910,0.2,1,1,0
12911,0.2,2,0,0
12912,0.2,2,1,0
12913,0.2,2,0,0
12914,0.2,1,0,0
12915,1.0,0,1,1
12916,0.2,2,1,1
12917,0.2,0,0,1
12918,1.0,3,1,1
12919,0.2,0,1,1
12920,0.2,2,1,0
12921,1.0,0,0,1
12922,1.0,1,1,1
12923,1.0,2,1,1
12924,2.2,1,1,1
12925,0.2,1,1,0
12926,0.2,2,1,1
12927,0.2,1,0,0
12928,0.2,1,0,0
12929,1.0,1,1,1
12930,0.2,1,0,0
12931,0.2,2,1,1
12932,0.2,1,0,0
12933,1.0,0,1,1
12934,0.2,3,1,0
12935,0.2,2,0,0
12936,0.2,2,1,0
12937,0.2,2,0,0
12938,0.2,2,1,1
12939,0.2,0,0,0
12940,0.2,1,0,1
12941,0.2,2,0,1
12942,0.2,1,0,0
12943,0.2,2,0,0
12944,2.2,0,1,1
12945,0.2,1,0,0
12946,1.0,1,1,1
12947,0.2,0,1,1
12948,1.0,2,0,0
12949,0.2,1,0,0
12950,0.2,1,0,1
12951,0.2,1,0,1
12952,1.0,1,0,1
12953,1.0,1,1,1
12954,0.2,2,1,1
12955,0.2,3,1,0
12956,0.2,2,1,1
12957,0.2,2,1,1
12958,0.2,2,0,0
12959,0.2,1,0,0
12960,0.2,1,0,0
12961,0.2,0,0,0
12962,0.2,1,0,0
12963,0.2,3,0,1
12964,0.2,2,1,0
12965,0.2,2,1,1
12966,0.2,2,1,0
12967,0.2,2,0,0
12968,1.0,2,1,1
12969,0.2,1,1,1
12970,0.2,2,0,0
12971,0.2,2,1,0
12972,0.2,2,1,1
12973,2.2,2,0,1
12974,0.2,0,0,0
12975,2.2,0,1,1
12976,0.2,3,0,0
12977,0.2,0,1,1
12978,0.2,3,1,0
12979,1.0,3,1,1
12980,0.2,0,0,1
12981,0.2,0,0,0
12982,0.2,2,1,1
12983,0.2,3,0,0
12984,0.2,1,1,1
12985,0.2,0,0,0
12986,0.2,3,1,0
12987,0.2,3,1,0
12988,0.2,2,1,0
12989,0.2,2,1,1
12990,0.2,1,1,1
12991,1.0,0,1,1
12992,1.0,3,0,0
12993,0.2,2,0,0
12994,1.0,1,1,1
12995,0.2,2,1,0
12996,0.2,3,0,0
12997,0.2,2,0,0
12998,1.0,2,1,1
12999,0.2,0,0,1
13000,0.2,2,1,1
13001,0.2,1,0,0
13002,0.2,0,1,1
13003,0.2,2,0,0
13004,2.2,2,1,1
13005,0.2,1,1,0
13006,0.2,1,1,0
13007,0.2,2,1,0
13008,1.0,2,0,1
13009,0.2,1,1,0
13010,0.2,2,1,1
13011,0.2,3,0,0
13012,0.2,1,0,0
13013,0.2,1,0,0
13014,0.2,2,1,0
13015,0.2,1,1,1
13016,0.2,2,0,0
13017,0.2,2,1,1
13018,0.2,2,0,0
13019,0.2,2,0,0
13020,0.2,1,0,0
13021,0.2,2,1,1
13022,0.2,2,0,0
13023,1.0,2,0,0
13024,0.2,1,1,1
13025,0.2,2,0,0
13026,1.0,0,1,1
13027,1.0,2,1,1
13028,0.2,2,0,0
13029,0.2,2,1,0
13030,0.2,1,0,0
13031,1.0,1,1,1
13032,0.2,2,0,0
13033,0.2,1,0,0
13034,1.0,1,0,0
13035,0.2,0,1,1
13036,0.2,1,1,0
13037,0.2,1,1,1
13038,0.2,3,0,0
13039,0.2,1,0,0
13040,1.0,1,1,0
13041,0.2,1,0,0
13042,0.2,2,0,0
13043,0.2,2,0,0
13044,1.0,1,1,1
13045,0.2,0,0,1
13046,0.2,2,1,1
13047,0.2,1,0,0
13048,0.2,0,1,0
13049,0.2,1,1,0
13050,0.2,2,1,1
13051,0.2,2,0,0
13052,0.2,1,1,1
13053,0.2,0,0,0
13054,0.2,1,1,0
13055,0.2,1,0,0
13056,0.2,1,1,1
13057,2.2,1,1,1
13058,0.2,1,0,0
13059,0.2,0,0,1
13060,0.2,2,1,0
13061,0.2,2,1,1
13062,1.0,1,1,1
13063,1.0,2,1,0
13064,0.2,2,1,1
13065,0.2,0,0,0
13066,0.2,3,0,0
13067,0.2,2,1,0
13068,0.2,2,1,1
13069,0.2,2,1,1
13070,0.2,2,0,0
13071,1.0,2,0,0
13072,0.2,2,1,1
13073,1.0,2,1,1
13074,0.2,1,0,0
13075,2.2,1,1,1
13076,0.2,3,0,0
13077,1.0,0,1,1
13078,0.2,2,0,0
13079,0.2,1,0,0
13080,0.2,2,0,0
13081,0.2,0,1,1
13082,1.0,1,0,0
13083,1.0,0,1,1
13084,0.2,3,0,0
13085,0.2,2,1,1
13086,0.2,0,0,1
13087,0.2,3,1,1
13088,0.2,2,0,0
13089,1.0,0,1,1
13090,0.2,2,0,0
13091,0.2,1,0,1
13092,0.2,1,0,0
13093,0.2,2,0,0
13094,0.2,2,0,0
13095,0.2,0,1,1
13096,0.2,0,1,1
13097,0.2,2,0,0
13098,0.2,2,1,0
13099,0.2,2,0,0
13100,1.0,2,0,0
13101,1.0,1,1,1
13102,0.2,1,1,1
13103,0.2,1,0,0
13104,1.0,0,1,1
13105,0.2,2,0,0
13106,0.2,1,0,0
13107,0.2,1,0,0
13108,0.2,2,0,0
13109,0.2,2,1,0
13110,0.2,3,1,1
13111,0.2,1,1,0
13112,0.2,2,0,0
13113,0.2,2,0,0
13114,0.2,0,0,0
13115,0.2,1,1,1
13116,1.0,3,1,0
13117,0.2,0,0,1
13118,0.2,1,0,1
13119,0.2,2,0,0
13120,0.2,1,0,1
13121,0.2,2,0,0
13122,1.0,1,1,1
13123,0.2,1,1,1
13124,1.0,1,0,1
13125,0.2,2,0,0
13126,1.0,1,1,0
13127,0.2,1,0,0
13128,0.2,1,0,0
13129,0.2,1,0,1
13130,1.0,2,1,1
13131,1.0,2,1,0
13132,0.2,1,0,0
13133,1.0,3,1,1
13134,1.0,0,1,1
13135,1.0,2,0,1
13136,0.2,0,0,0
13137,0.2,2,0,0
13138,0.2,2,1,1
13139,0.2,2,0,0
13140,0.2,1,0,0
13141,0.2,2,1,1
13142,0.2,2,0,0
13143,0.2,2,1,1
13144,0.2,0,1,1
13145,0.2,2,0,0
13146,1.0,2,1,1
13147,0.2,2,0,0
13148,0.2,2,1,0
13149,1.0,1,0,1
13150,0.2,2,0,0
13151,0.2,2,1,1
13152,1.0,3,1,1
13153,0.2,3,1,0
13154,0.2,1,1,0
13155,0.2,3,1,1
13156,0.2,2,0,0
13157,0.2,1,1,0
13158,0.2,1,0,1
13159,1.0,0,1,1
13160,0.2,1,0,0
13161,1.0,2,1,1
13162,0.2,0,1,1
13163,0.2,0,1,1
13164,0.2,2,0,0
13165,1.0,3,1,1
13166,0.2,3,1,1
13167,0.2,1,1,1
13168,0.2,1,1,0
13169,0.2,2,1,1
13170,0.2,1,0,1
13171,1.0,3,1,1
13172,0.2,0,1,1
13173,1.0,0,0,0
13174,0.2,1,1,1
13175,0.2,1,0,0
13176,0.2,2,1,1
13177,1.0,2,1,1
13178,0.2,1,1,1
13179,1.0,3,0,1
13180,0.2,1,0,0
13181,1.0,2,1,1
13182,0.2,1,0,0
13183,1.0,0,0,0
13184,0.2,0,1,1
13185,0.2,2,0,0
13186,0.2,3,0,0
13187,0.2,2,1,1
13188,0.2,1,1,1
13189,0.2,1,1,1
13190,0.2,1,1,1
13191,0.2,3,0,0
13192,0.2,1,0,1
13193,2.2,0,0,1
13194,0.6000000000000001,2,0,1
13195,0.2,0,0,0
13196,0.2,1,0,0
13197,1.0,0,1,1
13198,0.2,1,1,1
13199,0.2,3,0,0
13200,0.2,1,0,1
13201,0.2,1,0,0
13202,0.2,2,1,0
13203,1.0,1,1,1
13204,1.0,0,1,1
13205,0.2,1,0,0
13206,1.0,1,1,0
13207,0.2,0,1,1
13208,1.0,3,1,1
13209,0.2,2,0,0
13210,0.2,2,1,0
13211,0.2,1,1,0
13212,0.2,1,1,0
13213,0.2,1,1,1
13214,0.2,2,0,0
13215,0.2,1,0,1
13216,0.2,1,1,0
13217,1.0,2,1,1
13218,0.2,2,1,1
13219,0.2,2,1,1
13220,0.2,3,1,0
13221,0.2,3,0,0
13222,0.2,2,1,1
13223,0.2,0,0,1
13224,1.0,1,1,1
13225,1.0,1,1,1
13226,1.0,1,0,1
13227,1.0,2,1,1
13228,0.2,1,0,1
13229,0.2,2,0,0
13230,0.2,0,1,0
13231,0.2,3,1,0
13232,0.2,1,1,0
13233,0.2,3,1,1
13234,0.2,1,1,1
13235,1.0,3,0,0
13236,1.0,2,1,0
13237,2.2,2,1,1
13238,0.2,1,0,1
13239,0.2,1,1,1
13240,0.2,1,0,1
13241,0.2,1,0,0
13242,1.0,0,1,1
13243,1.0,1,1,0
13244,0.2,0,1,1
13245,0.2,2,0,0
13246,0.2,2,0,0
13247,0.2,1,0,0
13248,0.2,1,0,0
13249,0.2,0,1,0
13250,0.2,0,0,0
13251,0.2,2,0,0
13252,0.2,1,0,1
13253,0.2,3,1,0
13254,1.0,2,1,1
13255,0.2,1,0,1
13256,0.2,1,0,0
13257,0.2,0,0,0
13258,0.2,2,1,1
13259,0.2,2,1,1
13260,0.2,1,1,1
13261,0.2,2,1,0
13262,0.2,3,0,0
13263,0.2,2,1,1
13264,0.2,2,1,1
13265,0.2,1,0,0
13266,0.2,3,1,1
13267,1.0,3,0,1
13268,1.0,2,1,1
13269,0.2,0,1,1
13270,0.2,2,1,1
13271,0.2,1,1,1
13272,0.2,2,0,0
13273,1.0,2,1,1
13274,0.2,1,1,1
13275,0.2,1,1,1
13276,0.2,0,1,1
13277,0.2,2,0,0
13278,1.0,2,0,0
13279,1.0,1,1,1
13280,1.0,3,0,0
13281,0.2,1,0,0
13282,0.2,0,1,1
13283,0.2,2,1,1
13284,1.0,3,1,1
13285,0.2,1,0,0
13286,1.0,2,0,1
13287,0.2,2,1,1
13288,2.2,2,1,1
13289,1.0,1,1,1
13290,0.2,1,0,1
13291,1.0,2,0,0
13292,1.0,3,1,1
13293,0.2,3,1,0
13294,0.2,0,0,1
13295,0.2,1,0,0
13296,0.2,3,0,0
13297,0.2,2,1,1
13298,0.2,2,0,0
13299,1.0,0,1,1
13300,0.2,2,1,1
13301,0.2,1,0,0
13302,0.2,2,0,0
13303,2.2,1,1,1
13304,2.2,3,1,1
13305,1.0,1,1,1
13306,0.2,3,0,0
13307,0.2,0,1,0
13308,0.2,1,0,0
13309,0.2,3,1,0
13310,0.2,1,0,1
13311,0.2,1,1,1
13312,0.2,2,0,0
13313,1.0,2,0,0
13314,0.2,1,1,1
13315,0.2,3,1,0
13316,0.2,2,0,0
13317,0.2,2,1,0
13318,0.2,1,0,0
13319,2.2,2,0,1
13320,2.2,2,1,1
13321,0.2,1,1,0
13322,0.2,0,1,1
13323,1.0,1,1,1
13324,0.2,2,0,1
13325,0.2,2,1,1
13326,1.0,2,1,1
13327,1.0,3,0,0
13328,0.2,2,1,0
13329,0.2,3,1,1
13330,0.2,1,1,1
13331,0.2,2,0,1
13332,0.2,3,1,1
13333,0.2,1,0,1
13334,0.2,1,1,1
13335,0.2,2,0,0
13336,0.2,1,0,0
13337,0.2,3,0,0
13338,0.2,1,0,1
13339,1.0,0,1,1
13340,0.2,2,0,0
13341,0.2,3,0,0
13342,1.0,1,0,1
13343,0.2,0,1,1
13344,0.2,0,1,1
13345,0.2,1,0,0
13346,0.2,2,1,0
13347,0.2,2,1,0
13348,0.2,0,1,1
13349,0.2,3,0,0
13350,0.2,0,0,0
13351,0.2,1,0,0
13352,1.0,1,0,0
13353,0.2,1,1,0
13354,1.0,2,1,1
13355,0.2,2,0,0
13356,0.2,3,1,1
13357,0.2,2,1,1
13358,1.0,2,1,1
13359,0.2,2,1,0
13360,0.2,2,1,0
13361,0.2,1,1,1
13362,0.2,3,0,0
13363,0.2,2,0,0
13364,0.2,2,1,1
13365,0.2,1,0,0
13366,1.0,2,0,0
13367,0.2,2,0,0
13368,0.2,3,0,0
13369,0.2,1,0,0
13370,0.2,2,1,1
13371,0.2,2,1,1
13372,1.0,2,1,1
13373,0.2,0,1,1
13374,1.0,1,1,0
13375,0.2,2,0,0
13376,1.0,1,1,1
13377,0.2,1,0,1
13378,0.2,1,1,1
13379,1.0,1,0,1
13380,0.2,2,1,1
13381,0.2,0,0,0
13382,0.2,1,0,0
13383,0.2,3,1,1
13384,0.2,2,0,0
13385,0.2,2,0,0
13386,1.0,0,0,0
13387,0.2,1,0,0
13388,0.2,2,0,1
13389,0.2,2,0,0
13390,0.2,2,0,0
13391,0.2,2,0,0
13392,0.2,1,0,1
13393,0.2,3,0,0
13394,0.2,2,0,0
13395,0.2,2,1,0
13396,0.2,2,0,0
13397,0.2,0,1,1
13398,0.2,2,0,0
13399,0.2,0,1,1
13400,0.2,0,1,1
13401,0.2,3,0,0
13402,0.2,1,1,1
13403,1.0,2,1,1
13404,0.2,1,1,1
13405,0.2,1,1,1
13406,0.2,1,1,1
13407,1.0,1,0,0
13408,0.2,2,0,0
13409,0.2,2,0,0
13410,1.0,3,0,1
13411,0.2,1,1,1
13412,0.2,3,1,0
13413,1.0,1,1,1
13414,0.2,3,1,1
13415,0.2,0,0,0
13416,0.2,2,1,1
13417,0.2,3,0,0
13418,0.2,1,0,0
13419,0.2,1,0,0
13420,0.2,2,0,0
13421,0.2,2,0,0
13422,0.2,2,0,0
13423,0.2,0,0,0
13424,1.0,2,0,0
13425,1.0,1,0,1
13426,0.2,0,1,0
13427,1.0,1,1,1
13428,0.2,1,0,0
13429,1.0,3,1,0
13430,0.2,1,1,1
13431,0.2,2,1,1
13432,1.0,2,1,0
13433,0.2,2,1,1
13434,0.2,2,0,0
13435,0.2,2,0,1
13436,0.2,0,1,1
13437,0.2,2,0,0
13438,0.2,1,0,1
13439,1.0,1,1,0
13440,0.2,3,1,1
13441,0.2,1,1,1
13442,0.2,3,0,0
13443,0.2,2,0,1
13444,0.2,1,0,0
13445,0.2,1,0,1
13446,0.2,3,0,0
13447,0.2,2,0,0
13448,1.0,1,0,0
13449,0.2,2,1,1
13450,0.2,2,1,1
13451,1.0,2,1,1
13452,0.2,1,0,0
13453,0.2,3,0,0
13454,2.2,1,1,1
13455,1.0,3,1,0
13456,0.2,1,1,0
13457,0.2,2,0,0
13458,0.2,2,0,0
13459,0.2,2,1,0
13460,0.2,2,0,0
13461,0.2,1,0,1
13462,1.0,2,0,0
13463,0.2,1,1,0
13464,0.2,0,0,0
13465,0.2,2,1,0
13466,0.2,1,0,0
13467,0.2,0,0,0
13468,0.2,2,0,0
13469,0.2,1,0,0
13470,0.2,2,0,0
13471,1.0,1,1,1
13472,0.2,0,1,1
13473,0.2,0,0,0
13474,0.2,2,1,1
13475,0.2,0,0,1
13476,0.2,1,1,1
13477,0.2,3,0,1
13478,0.2,3,1,1
13479,1.0,1,1,1
13480,1.0,1,0,0
13481,0.2,0,0,0
13482,0.2,2,0,0
13483,0.2,2,0,0
13484,0.2,1,0,0
13485,0.2,2,1,1
13486,0.2,2,1,0
13487,0.2,0,1,1
13488,1.0,1,1,1
13489,1.0,3,0,0
13490,1.0,1,1,1
13491,0.2,2,1,1
13492,1.0,1,1,1
13493,0.2,0,0,0
13494,0.2,1,1,1
13495,0.2,2,1,0
13496,0.2,1,0,0
13497,0.2,2,0,0
13498,0.2,2,0,0
13499,0.2,1,1,1
13500,0.2,0,1,1
13501,0.2,0,1,0
13502,0.2,2,1,0
13503,0.2,2,1,0
13504,0.2,1,0,0
13505,0.2,2,0,1
13506,0.2,2,0,0
13507,0.2,2,1,1
13508,0.2,1,0,0
13509,0.2,2,1,1
13510,0.2,1,1,0
13511,1.0,3,0,0
13512,0.2,1,1,0
13513,0.2,2,0,0
13514,0.2,2,0,0
13515,1.0,3,1,1
13516,0.2,3,1,0
13517,1.0,1,1,1
13518,0.2,2,1,1
13519,0.2,1,1,1
13520,1.0,2,0,0
13521,0.2,3,0,0
13522,2.2,1,1,1
13523,1.0,1,1,1
13524,0.2,1,1,1
13525,1.0,1,0,1
13526,0.2,2,1,1
13527,0.2,1,1,1
13528,0.2,3,1,0
13529,0.2,1,0,0
13530,0.2,0,0,0
13531,0.2,1,1,1
13532,0.2,3,0,0
13533,0.2,1,1,1
13534,1.0,1,0,1
13535,0.2,0,1,1
13536,1.0,2,0,0
13537,0.2,3,0,0
13538,1.0,3,1,1
13539,0.2,2,0,0
13540,0.2,0,0,0
13541,0.2,2,0,0
13542,0.2,2,1,1
13543,0.2,0,0,0
13544,0.2,0,1,1
13545,0.2,2,0,1
13546,0.2,2,0,0
13547,0.2,2,0,0
13548,0.2,2,0,0
13549,0.2,2,0,0
13550,0.2,1,0,0
13551,0.2,1,0,0
13552,0.2,1,1,1
13553,0.2,2,0,0
13554,0.2,2,0,0
13555,0.2,1,0,0
13556,1.0,1,0,0
13557,0.2,1,1,1
13558,1.0,3,0,0
13559,0.2,3,1,1
13560,0.2,2,0,1
13561,0.2,1,0,0
13562,0.2,1,0,0
13563,0.2,1,1,0
13564,0.2,2,0,0
13565,0.2,1,0,0
13566,1.0,2,1,1
13567,0.2,2,1,0
13568,0.2,1,0,0
13569,1.0,2,0,1
13570,0.2,3,0,0
13571,1.0,2,0,0
13572,0.2,1,0,0
13573,0.2,1,0,1
13574,2.2,2,1,1
13575,1.0,1,1,1
13576,0.2,1,0,0
13577,1.0,1,1,1
13578,1.0,1,1,1
13579,0.2,3,1,0
13580,0.2,1,1,0
13581,0.2,3,0,0
13582,0.2,1,1,1
13583,0.2,3,0,1
13584,0.2,3,1,0
13585,0.2,0,0,0
13586,0.2,0,1,1
13587,1.0,1,1,1
13588,1.0,0,1,0
13589,0.2,2,1,1
13590,0.2,1,0,0
13591,0.2,3,0,0
13592,0.2,2,1,0
13593,0.2,1,1,1
13594,0.2,3,0,0
13595,0.2,1,0,1
13596,0.2,2,0,0
13597,0.2,2,1,1
13598,0.2,3,1,0
13599,0.2,0,0,1
13600,0.2,1,1,0
13601,0.2,1,1,0
13602,0.2,1,1,0
13603,0.2,1,1,1
13604,0.2,1,0,0
13605,1.0,1,0,0
13606,0.2,1,0,0
13607,0.2,1,0,0
13608,0.2,1,0,0
13609,1.0,0,1,1
13610,1.0,3,0,0
13611,0.2,2,1,1
13612,0.2,2,0,0
13613,0.2,2,1,1
13614,0.2,1,0,0
13615,0.2,1,0,0
13616,0.2,2,0,0
13617,1.0,1,1,1
13618,0.2,2,0,1
13619,1.0,1,1,1
13620,0.2,0,1,1
13621,0.2,1,0,1
13622,1.0,3,1,1
13623,0.2,1,0,0
13624,1.0,2,1,1
13625,0.2,1,0,0
13626,0.2,3,0,0
13627,0.2,2,0,1
13628,1.0,1,1,1
13629,2.2,2,1,1
13630,0.2,2,1,1
13631,0.2,2,1,1
13632,0.2,3,0,0
13633,0.2,2,0,0
13634,1.0,1,1,1
13635,0.2,2,0,0
13636,0.2,1,1,1
13637,1.0,3,1,1
13638,0.2,1,1,1
13639,0.2,2,1,1
13640,0.2,2,0,0
13641,1.0,0,1,1
13642,1.0,1,0,1
13643,0.2,3,1,1
13644,1.0,1,1,0
13645,0.2,1,1,1
13646,0.2,0,0,0
13647,0.2,1,0,0
13648,0.2,3,0,0
13649,0.2,1,0,0
13650,1.0,0,0,1
13651,0.2,1,1,0
13652,0.2,1,0,0
13653,0.2,2,1,0
13654,0.2,3,0,0
13655,0.2,1,1,0
13656,0.2,2,1,0
13657,0.2,1,1,1
13658,0.2,1,1,1
13659,0.2,0,0,0
13660,0.2,2,0,0
13661,0.2,3,0,0
13662,0.2,1,0,0
13663,0.2,2,1,1
13664,0.2,1,0,0
13665,1.0,2,1,1
13666,0.2,2,1,1
13667,0.2,1,1,1
13668,0.2,1,0,0
13669,0.2,1,0,0
13670,1.0,0,0,1
13671,0.2,1,1,1
13672,0.2,2,1,0
13673,0.2,1,0,0
13674,1.0,0,0,1
13675,0.2,2,0,0
13676,0.2,1,0,1
13677,1.0,3,1,1
13678,0.2,2,0,0
13679,0.2,2,1,1
13680,0.2,0,1,1
13681,0.2,0,0,0
13682,0.2,0,1,1
13683,0.2,0,1,1
13684,2.2,1,1,1
13685,0.2,2,1,1
13686,1.0,1,1,1
13687,0.2,0,0,0
13688,0.2,1,1,1
13689,0.2,1,1,1
13690,0.2,2,0,0
13691,0.2,1,1,1
13692,0.2,1,0,0
13693,0.2,2,1,0
13694,2.2,1,1,1
13695,0.2,2,0,0
13696,0.2,2,0,0
13697,0.2,2,1,1
13698,0.2,1,0,0
13699,0.2,1,1,1
13700,0.2,1,0,0
13701,0.2,0,1,1
13702,0.2,1,0,0
13703,0.2,2,0,0
13704,0.2,1,1,0
13705,0.2,0,1,1
13706,1.0,2,0,0
13707,0.2,1,0,0
13708,0.2,1,0,0
13709,0.2,1,1,1
13710,0.2,1,0,0
13711,0.2,2,1,1
13712,0.2,0,0,0
13713,0.2,3,0,0
13714,1.0,2,0,1
13715,0.2,1,0,1
13716,0.2,2,0,0
13717,0.2,2,0,0
13718,0.2,0,0,0
13719,0.2,1,1,1
13720,0.2,1,0,0
13721,1.0,1,1,0
13722,0.2,1,0,0
13723,2.2,1,1,1
13724,0.2,2,0,0
13725,0.2,2,1,1
13726,0.2,1,0,0
13727,1.0,1,1,1
13728,0.2,2,0,0
13729,1.0,0,1,1
13730,0.2,1,0,0
13731,0.2,1,0,0
13732,1.0,1,1,1
13733,0.2,2,1,1
13734,0.2,1,0,0
13735,0.2,1,0,0
13736,1.0,1,1,1
13737,0.2,2,0,1
13738,0.2,1,0,0
13739,0.2,2,0,0
13740,1.0,1,1,1
13741,1.0,0,0,0
13742,0.2,2,0,1
13743,0.2,2,0,0
13744,0.2,3,0,0
13745,0.2,0,1,0
13746,0.2,2,1,1
13747,1.0,1,1,1
13748,0.2,3,0,0
13749,0.2,0,1,1
13750,0.2,2,1,0
13751,0.2,2,0,0
13752,0.2,1,0,0
13753,1.0,2,1,1
13754,0.2,2,1,0
13755,1.0,2,0,1
13756,1.0,1,1,1
13757,0.2,1,1,1
13758,0.2,2,1,1
13759,0.2,2,1,0
13760,0.2,2,0,0
13761,1.0,0,0,0
13762,0.2,2,1,1
13763,2.2,2,1,1
13764,0.2,3,0,0
13765,0.2,1,0,0
13766,0.2,1,1,0
13767,0.2,2,1,1
13768,0.2,2,0,0
13769,1.0,2,0,1
13770,0.2,2,0,0
13771,0.2,3,0,1
13772,0.2,0,0,0
13773,0.2,1,0,0
13774,0.2,2,1,1
13775,0.2,2,0,0
13776,0.2,2,1,0
13777,0.2,1,0,0
13778,0.2,1,0,0
13779,0.2,1,0,0
13780,0.2,2,0,0
13781,0.2,2,1,1
13782,0.2,2,1,1
13783,0.2,1,0,0
13784,0.2,1,0,0
13785,1.0,1,1,1
13786,0.2,2,0,0
13787,0.2,1,1,1
13788,1.0,2,0,1
13789,0.2,1,1,0
13790,0.2,2,0,0
13791,0.2,1,0,0
13792,0.2,2,1,1
13793,0.2,3,0,0
13794,0.2,1,1,1
13795,0.2,2,1,1
13796,0.2,2,0,1
13797,1.0,1,1,1
13798,0.2,1,0,0
13799,0.2,3,1,1
13800,1.0,2,1,1
13801,0.2,2,0,0
13802,0.2,1,0,0
13803,0.2,2,1,1
13804,0.2,3,0,0
13805,1.0,1,0,0
13806,1.0,2,1,1
13807,0.2,1,1,0
13808,0.2,1,1,1
13809,0.2,2,0,0
13810,0.2,2,1,1
13811,0.2,2,0,1
13812,0.2,2,0,0
13813,1.0,2,0,0
13814,1.0,1,1,1
13815,1.0,1,1,1
13816,0.2,0,0,0
13817,1.0,1,0,0
13818,0.2,3,0,0
13819,0.2,3,0,0
13820,1.0,2,0,1
13821,0.2,2,0,1
13822,0.2,2,1,0
13823,0.2,1,1,1
13824,0.2,2,1,0
13825,0.2,2,1,1
13826,1.0,0,1,1
13827,1.0,2,0,1
13828,1.0,1,0,1
13829,1.0,1,1,1
13830,0.2,2,1,1
13831,0.2,0,0,0
13832,0.2,0,1,0
13833,0.2,2,0,0
13834,0.2,1,1,1
13835,1.0,1,1,1
13836,1.0,2,1,1
13837,1.0,1,1,1
13838,0.2,3,1,0
13839,0.2,1,0,0
13840,0.2,2,0,0
13841,1.0,1,1,1
13842,0.2,1,0,0
13843,0.2,0,1,1
13844,1.0,3,0,0
13845,0.2,0,1,1
13846,0.2,2,1,1
13847,0.2,1,1,1
13848,0.2,1,0,0
13849,1.0,0,0,1
13850,0.2,2,1,0
13851,0.2,1,1,1
13852,0.2,3,1,0
13853,0.2,3,0,0
13854,1.0,0,0,1
13855,0.2,0,0,0
13856,0.2,1,1,0
13857,0.2,3,0,0
13858,0.2,2,0,0
13859,0.2,3,0,0
13860,0.2,2,0,0
13861,0.2,2,1,1
13862,1.0,1,1,1
13863,0.2,1,0,1
13864,0.2,1,0,0
13865,0.2,1,0,1
13866,0.2,1,0,0
13867,0.2,2,1,1
13868,0.2,1,1,0
13869,0.2,1,0,1
13870,0.2,1,1,1
13871,1.0,1,1,1
13872,1.0,2,1,1
13873,0.2,1,0,0
13874,0.2,2,1,0
13875,0.2,2,1,0
13876,0.2,2,0,0
13877,0.2,2,0,0
13878,0.2,1,0,1
13879,1.0,2,1,0
13880,0.2,2,1,1
13881,0.2,2,0,0
13882,1.0,2,0,0
13883,0.2,0,1,1
13884,0.2,1,1,1
13885,0.2,0,1,1
13886,2.2,2,1,1
13887,0.2,2,0,0
13888,0.2,2,0,0
13889,0.2,0,1,1
13890,0.2,3,0,0
13891,0.2,1,1,1
13892,0.2,1,1,1
13893,0.2,2,1,1
13894,0.2,0,0,0
13895,0.2,2,1,0
13896,1.0,2,0,0
13897,0.2,0,0,0
13898,0.2,1,0,0
13899,0.2,0,1,1
13900,0.2,2,0,0
13901,0.2,1,1,0
13902,0.2,1,0,0
13903,0.2,2,1,1
13904,0.2,1,1,1
13905,0.2,0,0,0
13906,2.2,0,0,1
13907,0.2,1,0,0
13908,0.2,3,0,0
13909,1.0,3,1,0
13910,0.2,0,1,1
13911,0.2,0,0,1
13912,0.2,1,1,1
13913,0.2,1,0,0
13914,0.2,2,1,0
13915,0.2,0,0,1
13916,1.0,3,1,1
13917,0.2,3,1,1
13918,0.2,2,0,0
13919,0.2,2,0,0
13920,0.2,2,0,0
13921,0.2,2,1,1
13922,0.2,2,0,0
13923,1.0,2,0,0
13924,0.2,1,1,0
13925,1.0,1,0,1
13926,0.2,3,0,0
13927,0.2,2,0,0
13928,0.2,2,0,1
13929,2.2,2,1,1
13930,0.2,1,1,1
13931,0.2,1,0,0
13932,0.2,2,0,1
13933,0.2,1,0,0
13934,0.2,2,1,1
13935,0.2,1,1,0
13936,1.0,1,1,0
13937,0.2,3,1,1
13938,1.0,1,0,1
13939,1.0,1,1,1
13940,0.2,2,1,0
13941,0.2,1,1,1
13942,1.0,3,0,1
13943,1.0,3,1,1
13944,0.2,1,0,0
13945,1.0,2,1,1
13946,0.2,0,1,1
13947,0.2,2,1,0
13948,0.2,2,1,1
13949,1.0,1,0,1
13950,0.2,2,0,0
13951,0.2,2,1,1
13952,0.2,0,1,1
13953,0.2,2,1,1
13954,2.2,1,1,1
13955,0.2,2,1,0
13956,0.2,1,1,1
13957,1.0,3,1,1
13958,0.2,1,0,0
13959,0.2,1,1,1
13960,0.2,2,1,1
13961,0.2,2,1,1
13962,0.2,1,1,1
13963,1.0,0,1,1
13964,1.0,2,0,0
13965,0.2,1,1,1
13966,0.2,2,1,0
13967,0.2,2,0,1
13968,0.2,1,0,0
13969,0.2,3,0,0
13970,0.2,1,1,1
13971,0.2,2,0,0
13972,0.2,2,1,1
13973,0.2,2,0,0
13974,1.0,0,1,1
13975,0.2,1,1,1
13976,0.2,1,0,0
13977,1.0,1,1,1
13978,0.2,2,0,0
13979,0.2,1,0,0
13980,2.2,0,1,1
13981,0.2,2,0,0
13982,1.0,1,1,1
13983,1.0,2,1,1
13984,1.0,1,1,1
13985,0.2,2,1,0
13986,0.2,1,1,1
13987,0.2,1,1,0
13988,0.2,2,1,1
13989,0.2,2,1,1
13990,0.2,1,1,1
13991,0.2,1,0,0
13992,0.2,1,0,0
13993,1.0,2,1,0
13994,0.2,2,0,1
13995,0.2,1,0,0
13996,0.2,0,0,0
13997,0.2,2,1,1
13998,0.2,2,0,0
13999,0.2,0,1,1
14000,1.0,1,1,1
14001,1.0,2,0,0
14002,1.0,1,1,1
14003,0.2,1,1,1
14004,0.2,1,0,0
14005,0.2,0,0,1
14006,0.2,2,1,1
14007,0.2,0,1,1
14008,0.2,2,1,1
14009,0.2,0,1,1
14010,0.2,1,1,1
14011,0.2,3,1,0
14012,1.0,1,1,1
14013,1.0,1,1,1
14014,0.2,1,1,1
14015,1.0,1,1,1
14016,0.2,1,1,0
14017,1.0,1,1,1
14018,0.2,2,0,0
14019,1.0,3,1,1
14020,0.2,2,1,1
14021,1.0,2,1,1
14022,0.2,1,1,1
14023,0.2,0,1,1
14024,0.2,1,1,0
14025,0.2,1,0,0
14026,0.2,3,0,0
14027,0.2,3,1,1
14028,0.2,1,1,0
14029,0.2,1,1,1
14030,0.2,2,0,1
14031,0.2,1,1,1
14032,1.0,1,1,1
14033,0.2,2,0,0
14034,0.2,1,1,1
14035,0.2,2,1,1
14036,0.2,3,0,0
14037,0.2,3,1,1
14038,1.0,0,1,1
14039,0.2,2,0,0
14040,1.0,2,1,1
14041,0.2,1,0,1
14042,0.2,1,0,0
14043,0.2,3,1,1
14044,0.2,1,0,0
14045,0.2,2,1,0
14046,0.2,1,1,1
14047,0.2,2,0,0
14048,1.0,1,0,1
14049,0.2,3,0,0
14050,0.2,3,0,0
14051,0.2,2,1,1
14052,0.2,2,0,0
14053,1.0,1,1,1
14054,0.2,3,1,0
14055,0.2,1,0,0
14056,0.2,1,1,1
14057,0.2,1,0,0
14058,0.2,2,1,0
14059,0.2,2,0,0
14060,1.0,1,1,1
14061,1.0,2,1,1
14062,0.2,2,0,0
14063,0.2,3,0,0
14064,0.2,1,0,1
14065,0.2,1,1,1
14066,0.2,1,1,0
14067,1.0,3,0,0
14068,0.2,1,0,0
14069,0.2,1,0,0
14070,1.0,0,0,1
14071,0.2,2,0,0
14072,0.2,2,0,0
14073,0.2,1,1,1
14074,0.2,1,1,1
14075,0.2,3,1,1
14076,0.2,3,1,1
14077,0.2,1,1,1
14078,0.2,1,0,0
14079,1.0,2,1,1
14080,0.2,2,0,0
14081,0.2,3,1,1
14082,0.2,1,1,1
14083,0.2,2,0,1
14084,0.2,2,1,0
14085,0.2,1,0,1
14086,0.2,2,1,1
14087,0.2,2,1,1
14088,0.2,1,1,0
14089,0.2,1,1,1
14090,0.2,0,0,0
14091,1.0,2,0,1
14092,0.2,3,0,0
14093,2.2,1,1,1
14094,0.2,1,0,0
14095,0.2,1,0,0
14096,1.0,2,1,1
14097,1.0,3,0,0
14098,0.2,2,0,0
14099,0.2,2,1,1
14100,0.2,2,0,0
14101,1.0,1,1,1
14102,0.2,1,1,1
14103,0.2,0,1,0
14104,1.0,1,1,0
14105,1.0,2,1,1
14106,0.2,3,0,0
14107,0.2,3,0,0
14108,0.2,2,0,0
14109,1.0,2,0,0
14110,0.2,3,1,0
14111,0.2,1,0,0
14112,0.2,2,0,0
14113,1.0,2,1,1
14114,0.2,2,0,0
14115,0.2,2,0,0
14116,1.0,1,0,0
14117,0.2,3,1,1
14118,1.0,2,0,0
14119,0.2,0,1,1
14120,2.2,0,0,1
14121,0.2,0,1,1
14122,0.2,1,0,1
14123,0.2,2,0,0
14124,0.2,2,0,0
14125,0.2,1,0,0
14126,0.2,0,1,0
14127,1.0,1,1,1
14128,0.2,3,0,0
14129,0.2,1,1,1
14130,0.2,1,0,0
14131,0.2,0,0,0
14132,0.2,3,0,0
14133,1.0,0,0,0
14134,0.2,0,1,0
14135,1.0,2,1,1
14136,0.2,2,1,1
14137,0.2,1,1,1
14138,0.2,0,1,1
14139,0.2,2,0,0
14140,0.2,1,0,1
14141,1.0,1,1,1
14142,0.2,3,0,0
14143,0.2,2,1,1
14144,0.2,1,1,1
14145,0.2,2,0,0
14146,0.2,2,0,0
14147,0.2,1,1,1
14148,0.2,1,1,1
14149,2.2,1,1,1
14150,0.2,0,1,1
14151,0.2,2,0,0
14152,0.2,1,1,1
14153,0.2,0,0,0
14154,0.2,2,0,1
14155,0.2,0,1,1
14156,0.2,1,0,0
14157,2.2,1,0,1
14158,0.2,2,0,0
14159,1.0,1,1,1
14160,0.2,0,1,1
14161,1.0,1,0,0
14162,1.0,2,1,0
14163,0.2,1,0,0
14164,1.0,2,0,0
14165,1.0,2,1,1
14166,0.2,3,1,1
14167,0.2,1,0,1
14168,0.2,2,0,1
14169,1.0,1,1,1
14170,0.2,1,1,1
14171,1.0,1,0,0
14172,1.0,1,1,1
14173,0.2,3,0,0
14174,0.2,2,0,0
14175,0.2,0,1,1
14176,0.2,1,1,1
14177,0.2,2,0,0
14178,0.2,2,0,0
14179,0.2,2,1,1
14180,1.0,1,1,1
14181,0.2,1,0,0
14182,1.0,0,1,1
14183,0.2,0,0,0
14184,1.0,1,0,0
14185,0.2,3,0,0
14186,0.2,1,0,0
14187,0.2,2,0,0
14188,0.2,2,0,1
14189,0.2,1,1,1
14190,0.2,0,1,0
14191,0.2,2,0,0
14192,0.2,0,1,0
14193,1.0,2,1,1
14194,0.2,1,1,1
14195,0.2,1,0,0
14196,1.0,2,1,1
14197,0.2,3,1,0
14198,0.2,2,0,0
14199,2.2,0,0,0
14200,2.2,2,1,1
14201,0.2,1,0,0
14202,0.2,3,0,0
14203,0.2,3,0,1
14204,0.2,2,0,0
14205,0.2,0,0,0
14206,1.0,3,1,1
14207,0.2,1,0,0
14208,0.2,1,0,0
14209,0.2,1,1,0
14210,0.2,2,1,1
14211,0.2,2,0,0
14212,0.2,2,1,1
14213,0.2,2,0,0
14214,0.2,1,1,1
14215,0.2,1,0,0
14216,0.2,1,0,0
14217,0.2,1,1,1
14218,0.2,0,0,0
14219,0.2,3,0,0
14220,0.2,2,0,0
14221,0.2,1,1,1
14222,0.2,3,0,0
14223,0.2,1,1,1
14224,1.0,2,1,1
14225,0.2,2,0,1
14226,0.2,2,0,1
14227,0.2,1,0,0
14228,0.2,0,1,1
14229,0.2,2,1,1
14230,0.2,1,1,1
14231,1.0,1,1,1
14232,0.2,2,1,0
14233,0.2,1,0,1
14234,0.2,2,1,1
14235,0.2,1,0,0
14236,0.2,1,0,0
14237,0.2,1,0,0
14238,1.0,2,1,1
14239,0.2,2,0,0
14240,0.2,2,1,1
14241,1.0,2,1,1
14242,0.2,1,0,0
14243,0.2,1,1,0
14244,0.2,1,0,0
14245,0.2,1,1,1
14246,1.0,2,1,1
14247,0.2,0,1,1
14248,0.2,1,1,0
14249,0.2,3,1,1
14250,0.2,2,0,1
14251,0.2,1,0,0
14252,0.2,2,0,0
14253,0.2,0,0,0
14254,0.2,2,1,0
14255,1.0,1,0,1
14256,0.2,2,0,0
14257,0.2,2,1,1
14258,0.2,2,1,1
14259,2.2,1,1,1
14260,0.2,1,0,0
14261,0.2,1,0,1
14262,1.0,3,0,0
14263,0.2,2,1,1
14264,0.2,1,1,1
14265,0.2,2,0,0
14266,0.2,2,1,1
14267,0.2,1,1,1
14268,0.2,3,1,0
14269,0.2,3,0,1
14270,1.0,1,1,1
14271,1.0,2,0,1
14272,0.2,2,0,0
14273,0.2,3,0,0
14274,0.2,0,1,1
14275,0.2,1,0,0
14276,0.2,1,1,0
14277,0.2,2,1,1
14278,0.2,2,0,1
14279,0.2,2,0,0
14280,0.2,3,1,1
14281,0.2,2,1,0
14282,0.2,1,1,0
14283,0.2,1,0,0
14284,0.2,0,1,1
14285,1.0,2,0,1
14286,0.2,1,1,1
14287,0.2,1,1,0
14288,1.0,2,1,0
14289,0.2,1,1,0
14290,0.2,2,0,0
14291,0.2,1,1,0
14292,0.2,2,1,1
14293,0.2,2,0,0
14294,0.2,2,1,1
14295,0.2,3,0,0
14296,0.2,1,0,1
14297,0.2,2,1,1
14298,0.2,3,0,0
14299,1.0,0,1,1
14300,0.2,2,0,0
14301,0.2,1,1,1
14302,0.2,2,0,0
14303,0.2,2,0,1
14304,0.2,1,1,1
14305,0.2,2,0,0
14306,0.2,2,1,1
14307,1.0,2,1,1
14308,0.2,0,0,1
14309,0.2,0,0,0
14310,0.2,2,0,0
14311,0.2,2,1,1
14312,1.0,1,1,1
14313,0.2,2,1,1
14314,1.0,3,0,0
14315,0.2,1,0,0
14316,0.2,1,0,0
14317,0.2,2,0,0
14318,0.2,1,1,1
14319,0.2,2,0,0
14320,0.2,1,0,0
14321,0.2,1,0,0
14322,0.2,1,0,0
14323,0.2,1,1,0
14324,1.0,2,0,0
14325,0.2,1,0,0
14326,0.2,1,0,0
14327,1.0,2,1,1
14328,1.0,1,1,1
14329,1.0,2,0,0
14330,0.2,0,0,0
14331,1.0,1,1,0
14332,1.0,3,0,0
14333,0.2,1,1,1
14334,0.2,2,1,1
14335,1.0,1,0,0
14336,1.0,1,1,1
14337,1.0,2,0,0
14338,0.2,3,0,0
14339,0.2,2,0,0
14340,0.2,3,0,0
14341,1.0,1,0,0
14342,0.2,1,1,0
14343,1.0,3,0,0
14344,0.2,1,0,1
14345,0.2,1,0,0
14346,0.2,0,1,1
14347,0.2,1,0,0
14348,0.2,1,0,0
14349,1.0,2,1,1
14350,0.2,1,0,0
14351,0.2,1,1,0
14352,1.0,2,1,1
14353,0.2,2,0,0
14354,0.2,1,1,0
14355,0.2,2,0,1
14356,0.2,2,0,1
14357,0.2,0,1,1
14358,0.2,0,1,1
14359,0.2,3,0,0
14360,1.0,2,0,1
14361,1.0,1,0,1
14362,0.2,2,0,1
14363,1.0,2,0,1
14364,0.2,2,0,0
14365,0.2,1,1,0
14366,1.0,1,1,1
14367,0.2,1,1,1
14368,0.2,0,0,0
14369,0.2,1,1,1
14370,0.2,2,0,0
14371,0.2,3,0,1
14372,1.0,2,0,1
14373,0.2,2,0,0
14374,0.2,1,1,0
14375,1.0,1,0,1
14376,2.2,2,1,1
14377,0.2,1,1,1
14378,1.0,0,1,1
14379,0.2,2,0,0
14380,1.0,1,0,0
14381,1.0,1,1,1
14382,0.2,1,1,0
14383,0.2,1,0,0
14384,0.2,1,0,0
14385,0.2,2,1,1
14386,0.2,2,0,0
14387,0.2,1,1,1
14388,1.0,1,1,1
14389,0.2,2,0,0
14390,1.0,0,0,1
14391,0.2,2,0,0
14392,0.2,2,0,0
14393,0.2,2,1,1
14394,0.2,1,0,1
14395,1.0,0,0,1
14396,0.2,0,1,0
14397,1.0,1,1,1
14398,0.2,2,0,0
14399,0.2,3,1,1
14400,1.0,1,1,1
14401,1.0,1,1,1
14402,0.2,2,0,1
14403,0.2,1,1,1
14404,1.0,1,1,1
14405,0.2,3,0,1
14406,1.0,3,1,1
14407,0.2,2,1,0
14408,0.2,2,0,0
14409,0.2,1,0,0
14410,0.2,0,0,0
14411,1.0,3,0,1
14412,0.2,2,0,0
14413,2.2,3,1,1
14414,1.0,0,1,1
14415,0.2,0,0,0
14416,0.2,2,1,1
14417,0.2,1,0,1
14418,0.2,3,0,0
14419,0.2,1,1,1
14420,0.2,1,0,0
14421,0.2,0,1,1
14422,0.2,1,1,0
14423,0.2,1,0,0
14424,1.0,1,1,1
14425,1.0,1,1,1
14426,1.0,2,1,1
14427,0.2,2,0,0
14428,0.2,1,1,1
14429,1.0,1,0,0
14430,1.0,1,0,1
14431,0.2,3,0,0
14432,0.2,2,0,0
14433,0.2,1,1,1
14434,0.2,2,0,0
14435,0.2,1,0,0
14436,0.2,0,1,1
14437,1.0,0,1,1
14438,0.2,1,1,0
14439,0.2,3,0,0
14440,0.2,2,0,0
14441,0.2,1,0,0
14442,0.2,3,1,1
14443,0.2,1,1,1
14444,0.2,2,1,1
14445,1.0,0,1,1
14446,0.2,2,1,0
14447,0.2,2,1,0
14448,0.2,3,1,0
14449,0.2,1,1,0
14450,0.2,1,0,0
14451,0.2,2,0,0
14452,0.2,1,1,0
14453,0.2,2,0,0
14454,0.2,2,0,0
14455,0.2,0,0,1
14456,0.2,1,0,1
14457,3.8,2,1,1
14458,1.0,1,1,0
14459,0.2,1,0,0
14460,0.2,2,0,0
14461,0.2,1,0,0
14462,0.2,2,0,0
14463,0.2,2,0,1
14464,0.2,1,0,0
14465,0.2,3,0,0
14466,0.2,2,0,0
14467,0.2,2,0,1
14468,1.0,2,0,0
14469,0.2,2,0,0
14470,1.0,1,1,1
14471,0.2,1,1,1
14472,1.0,1,1,0
14473,1.0,0,1,1
14474,1.0,3,1,1
14475,0.2,1,1,1
14476,0.2,3,1,1
14477,0.2,3,0,0
14478,0.2,1,0,0
14479,0.2,2,1,0
14480,1.0,2,0,0
14481,0.2,1,1,1
14482,1.0,3,1,1
14483,0.2,1,0,0
14484,1.0,1,0,1
14485,0.2,2,0,0
14486,0.2,0,0,0
14487,0.2,1,0,0
14488,0.2,2,0,0
14489,0.2,1,1,0
14490,0.2,2,1,1
14491,0.2,2,0,0
14492,1.0,2,1,1
14493,0.2,2,0,0
14494,0.2,1,0,0
14495,0.2,1,0,0
14496,0.2,2,0,0
14497,1.0,0,1,1
14498,0.2,2,0,0
14499,0.2,2,1,0
14500,0.2,1,0,0
14501,0.2,3,0,0
14502,0.2,2,0,0
14503,0.2,2,1,0
14504,1.0,3,0,0
14505,0.2,1,1,1
14506,0.2,1,0,0
14507,0.2,1,0,0
14508,0.2,3,0,0
14509,0.2,2,0,0
14510,0.2,2,1,1
14511,0.2,1,0,0
14512,1.0,1,0,1
14513,0.2,0,0,0
14514,2.2,2,1,1
14515,1.0,3,1,0
14516,2.5999999999999996,3,1,1
14517,0.2,2,0,1
14518,0.2,1,0,0
14519,0.2,3,1,1
14520,0.2,1,1,1
14521,0.2,3,0,0
14522,1.0,3,0,1
14523,1.0,1,0,1
14524,1.0,2,1,1
14525,1.0,1,0,0
14526,1.0,2,0,1
14527,0.2,1,0,0
14528,0.2,0,1,1
14529,0.2,1,1,1
14530,0.2,2,0,0
14531,1.0,0,1,1
14532,0.2,1,1,1
14533,0.2,1,0,0
14534,2.2,2,1,1
14535,0.2,1,0,0
14536,0.2,3,0,0
14537,1.0,1,0,1
14538,0.2,1,1,0
14539,0.2,0,0,0
14540,0.2,2,1,0
14541,0.2,2,0,0
14542,0.2,3,1,0
14543,0.2,1,1,0
14544,1.0,2,1,1
14545,2.2,0,0,1
14546,0.2,3,0,0
14547,0.2,1,0,0
14548,0.2,1,0,0
14549,0.2,1,1,0
14550,0.2,2,0,0
14551,0.2,3,0,0
14552,0.2,1,1,1
14553,0.2,0,0,1
14554,0.2,2,0,0
14555,0.2,0,1,1
14556,0.2,1,0,0
14557,0.2,2,0,1
14558,0.2,0,1,1
14559,0.2,0,1,0
14560,0.2,1,0,0
14561,1.0,3,0,1
14562,0.2,3,0,0
14563,0.2,0,0,1
14564,0.2,1,0,0
14565,0.2,1,1,0
14566,0.2,1,1,0
14567,0.2,1,0,0
14568,0.2,1,1,0
14569,1.0,0,1,1
14570,0.2,0,1,1
14571,0.2,2,0,1
14572,0.2,1,0,0
14573,0.2,1,0,1
14574,0.2,3,0,0
14575,1.0,2,0,0
14576,1.0,2,0,0
14577,0.2,2,1,1
14578,0.2,3,1,1
14579,0.2,2,0,0
14580,1.0,0,1,1
14581,0.2,0,0,1
14582,1.0,2,1,1
14583,0.2,3,0,0
14584,1.0,2,1,1
14585,0.2,1,1,0
14586,0.2,0,0,1
14587,0.2,2,1,1
14588,1.0,3,1,0
14589,0.2,3,0,0
14590,1.0,3,0,1
14591,0.2,1,1,0
14592,0.2,1,1,1
14593,1.0,2,0,1
14594,2.2,3,1,1
14595,0.2,2,0,0
14596,2.2,2,1,1
14597,0.2,0,1,1
14598,0.2,1,1,1
14599,0.2,2,0,0
14600,2.2,1,1,1
14601,0.2,2,1,1
14602,0.2,2,1,1
14603,0.2,2,0,1
14604,1.0,1,0,1
14605,0.2,2,1,1
14606,1.0,2,0,0
14607,1.0,2,0,0
14608,0.2,1,0,0
14609,0.2,0,0,1
14610,0.2,2,0,1
14611,0.2,2,1,1
14612,1.0,2,1,1
14613,0.2,1,1,0
14614,0.2,2,1,0
14615,0.2,3,0,0
14616,0.2,0,1,1
14617,1.0,3,1,1
14618,2.2,0,1,1
14619,0.2,1,1,0
14620,0.2,2,1,0
14621,0.2,1,1,1
14622,0.2,2,0,0
14623,0.2,1,0,0
14624,0.2,1,1,1
14625,0.2,3,0,1
14626,0.2,2,0,0
14627,1.0,1,1,1
14628,0.2,2,0,0
14629,0.2,0,1,1
14630,0.2,2,0,0
14631,0.2,2,0,1
14632,0.2,2,1,0
14633,0.2,2,0,0
14634,0.2,1,0,0
14635,0.2,1,0,0
14636,0.2,1,1,0
14637,0.2,3,0,0
14638,0.2,1,0,0
14639,0.2,3,0,0
14640,0.2,2,1,1
14641,0.2,2,0,0
14642,0.2,2,1,1
14643,1.0,0,1,1
14644,0.2,3,0,1
14645,0.2,2,1,0
14646,1.0,2,0,0
14647,1.0,0,0,0
14648,0.2,3,0,0
14649,0.2,1,1,1
14650,0.2,1,1,1
14651,1.0,0,1,1
14652,2.2,1,0,1
14653,0.2,1,0,0
14654,0.2,3,1,1
14655,1.0,2,0,0
14656,0.2,0,1,0
14657,0.2,3,0,0
14658,0.2,1,0,0
14659,1.0,1,0,1
14660,0.2,1,0,0
14661,0.2,2,1,1
14662,0.2,2,0,1
14663,0.2,3,1,1
14664,1.0,1,1,1
14665,0.2,3,1,0
14666,1.0,1,1,1
14667,0.2,3,0,0
14668,0.2,1,0,0
14669,0.2,1,0,1
14670,0.2,1,1,1
14671,1.0,2,1,1
14672,0.2,0,0,0
14673,0.2,1,0,0
14674,0.2,0,0,0
14675,0.2,2,1,0
14676,0.2,1,1,0
14677,0.2,0,0,0
14678,0.2,3,1,0
14679,0.2,2,1,1
14680,0.2,1,1,1
14681,1.0,1,1,1
14682,0.2,1,1,1
14683,0.2,0,1,1
14684,1.0,1,1,1
14685,1.0,1,1,0
14686,0.2,3,1,0
14687,0.2,2,1,0
14688,2.2,1,1,1
14689,0.2,1,0,0
14690,0.2,2,1,1
14691,0.2,1,1,0
14692,1.0,0,0,1
14693,1.0,1,1,0
14694,0.2,2,0,0
14695,0.2,3,0,0
14696,1.0,1,0,0
14697,2.2,3,1,1
14698,0.2,2,1,1
14699,0.2,1,0,0
14700,0.2,1,0,0
14701,0.2,2,0,1
14702,0.2,1,0,0
14703,1.0,0,1,0
14704,0.2,3,0,0
14705,0.2,2,1,1
14706,1.0,1,1,1
14707,2.2,2,0,1
14708,0.2,2,0,0
14709,2.2,1,1,1
14710,0.2,1,0,1
14711,0.2,2,1,1
14712,0.2,1,1,1
14713,2.2,2,1,1
14714,0.2,0,1,1
14715,0.2,2,0,0
14716,1.0,3,1,1
14717,0.2,1,0,0
14718,1.0,0,1,1
14719,1.0,2,1,1
14720,1.0,2,0,0
14721,0.2,2,1,1
14722,0.2,1,0,0
14723,0.2,0,0,1
14724,2.2,3,0,0
14725,0.2,0,0,1
14726,0.2,1,0,0
14727,0.2,2,0,0
14728,1.0,2,0,1
14729,0.2,0,1,1
14730,0.2,0,1,1
14731,0.2,2,0,0
14732,0.2,1,1,1
14733,0.2,2,0,0
14734,2.2,1,1,1
14735,1.0,1,0,0
14736,0.2,2,0,0
14737,0.2,0,1,0
14738,0.2,1,0,0
14739,0.2,1,1,1
14740,0.2,0,0,1
14741,0.2,2,0,1
14742,0.2,2,0,0
14743,0.2,2,0,0
14744,0.2,2,1,1
14745,2.2,3,0,0
14746,0.2,2,0,1
14747,0.2,3,1,0
14748,0.2,2,0,0
14749,0.2,0,1,1
14750,0.2,3,0,0
14751,0.2,0,1,1
14752,0.2,1,1,1
14753,0.2,2,0,0
14754,0.2,1,1,0
14755,2.2,2,1,1
14756,0.2,3,0,0
14757,0.2,2,1,1
14758,0.2,2,1,1
14759,0.2,2,0,0
14760,0.2,1,0,1
14761,0.2,1,0,0
14762,0.2,1,1,1
14763,0.2,3,1,0
14764,0.2,2,1,0
14765,0.2,1,0,1
14766,1.0,2,1,1
14767,0.2,2,1,1
14768,0.2,3,1,0
14769,0.2,2,1,1
14770,0.2,0,1,1
14771,0.2,1,1,1
14772,0.2,0,0,0
14773,1.0,1,1,1
14774,0.2,2,0,1
14775,1.0,2,1,1
14776,1.0,2,0,0
14777,2.2,2,1,1
14778,0.2,2,0,0
14779,0.2,3,1,0
14780,0.2,3,0,0
14781,0.2,2,0,0
14782,0.2,1,0,0
14783,0.2,0,1,1
14784,0.2,1,1,1
14785,0.2,2,0,0
14786,0.2,1,1,1
14787,0.2,2,1,1
14788,1.0,1,1,1
14789,0.2,1,1,1
14790,0.2,2,1,1
14791,0.2,0,0,0
14792,0.2,2,0,0
14793,0.2,1,1,1
14794,1.0,0,1,1
14795,0.2,2,1,0
14796,0.2,2,0,0
14797,1.0,2,1,1
14798,0.2,1,1,1
14799,0.2,1,1,1
14800,0.2,1,1,1
14801,0.2,3,1,1
14802,0.2,2,1,0
14803,0.2,1,1,1
14804,1.0,2,0,0
14805,0.2,1,1,1
14806,0.2,3,1,1
14807,0.2,3,1,0
14808,0.2,2,0,0
14809,0.2,1,1,1
14810,1.0,1,1,1
14811,1.0,1,1,1
14812,1.0,1,1,1
14813,1.0,1,0,1
14814,1.0,2,0,0
14815,0.2,0,1,0
14816,0.2,1,1,1
14817,0.2,2,1,0
14818,0.2,0,0,1
14819,0.2,2,0,0
14820,1.0,1,1,1
14821,0.2,2,0,0
14822,1.0,3,1,1
14823,1.0,1,1,1
14824,1.0,2,1,1
14825,0.2,0,1,1
14826,0.2,2,0,0
14827,0.2,2,1,1
14828,0.2,1,0,0
14829,1.0,2,1,1
14830,0.2,1,1,0
14831,1.0,0,0,1
14832,0.2,1,1,0
14833,0.2,2,1,1
14834,0.2,2,1,1
14835,0.2,1,1,0
14836,0.2,2,1,1
14837,0.2,1,0,0
14838,0.2,1,1,1
14839,0.2,3,0,0
14840,0.2,2,0,0
14841,1.0,2,1,1
14842,1.0,2,1,1
14843,0.2,2,0,0
14844,1.0,2,1,1
14845,0.2,1,0,0
14846,0.2,0,0,0
14847,0.2,0,0,0
14848,1.0,2,1,1
14849,0.2,1,0,1
14850,0.2,0,0,1
14851,0.2,1,0,0
14852,0.2,1,1,1
14853,0.2,1,0,0
14854,1.0,0,1,1
14855,0.2,3,0,0
14856,0.2,0,1,0
14857,1.0,0,0,1
14858,0.2,0,1,1
14859,0.2,3,1,1
14860,0.2,2,0,1
14861,0.2,2,1,1
14862,0.2,2,0,1
14863,0.2,2,0,1
14864,1.0,3,0,0
14865,0.2,2,1,0
14866,0.2,1,0,0
14867,1.0,1,1,1
14868,1.0,2,0,0
14869,0.2,1,1,1
14870,0.2,0,1,1
14871,1.0,3,0,1
14872,0.2,2,1,1
14873,0.2,2,1,0
14874,0.2,0,0,0
14875,0.2,0,0,0
14876,2.2,1,1,1
14877,0.2,0,1,1
14878,0.2,1,1,0
14879,1.0,1,0,1
14880,0.2,3,0,0
14881,0.2,1,1,1
14882,0.2,1,1,1
14883,0.2,1,1,1
14884,0.2,3,0,0
14885,2.2,0,1,1
14886,0.2,1,1,1
14887,1.0,1,1,1
14888,0.2,2,0,1
14889,0.2,3,1,1
14890,1.0,0,1,1
14891,1.0,2,1,1
14892,0.2,1,1,0
14893,0.2,3,1,0
14894,0.2,1,0,0
14895,1.0,1,1,0
14896,0.2,0,1,1
14897,0.2,2,0,1
14898,0.2,2,1,1
14899,0.2,2,1,1
14900,0.2,2,1,1
14901,0.2,2,0,0
14902,0.2,1,1,1
14903,0.2,2,0,0
14904,0.2,3,0,0
14905,0.2,2,0,1
14906,1.0,1,0,1
14907,2.2,1,1,1
14908,0.2,0,0,0
14909,0.2,2,1,1
14910,1.0,2,1,1
14911,0.2,2,1,0
14912,0.2,2,0,0
14913,0.2,2,0,0
14914,0.2,2,1,0
14915,0.2,3,0,0
14916,1.0,2,0,0
14917,0.2,1,0,0
14918,1.0,2,0,1
14919,1.0,0,0,0
14920,0.2,0,0,0
14921,0.2,3,1,1
14922,0.2,3,0,0
14923,0.2,1,0,0
14924,1.0,0,1,1
14925,0.2,3,0,0
14926,1.0,2,0,1
14927,1.0,2,0,1
14928,0.2,1,0,1
14929,0.2,1,1,1
14930,1.0,1,1,1
14931,0.2,2,1,1
14932,0.2,2,1,1
14933,0.2,0,0,0
14934,0.2,3,0,0
14935,0.2,1,0,0
14936,1.0,2,0,0
14937,0.2,2,1,1
14938,0.2,0,1,1
14939,1.0,1,1,1
14940,1.0,1,1,1
14941,0.2,1,0,0
14942,0.2,3,0,1
14943,0.2,1,0,1
14944,0.2,2,1,1
14945,0.2,1,0,0
14946,0.2,3,0,0
14947,1.0,2,1,1
14948,0.2,1,0,0
14949,0.2,2,1,0
14950,0.2,3,1,0
14951,0.2,3,1,0
14952,1.0,1,1,1
14953,1.0,2,1,1
14954,0.2,2,0,0
14955,0.2,1,0,0
14956,1.0,1,1,1
14957,0.2,0,0,0
14958,0.2,2,1,0
14959,0.2,2,1,1
14960,1.0,2,1,1
14961,1.0,3,1,1
14962,0.2,2,1,1
14963,2.2,2,1,1
14964,0.2,1,0,0
14965,0.2,2,1,1
14966,1.0,3,0,0
14967,1.0,1,1,1
14968,0.2,1,1,1
14969,1.0,2,1,0
14970,0.2,3,1,1
14971,0.2,2,0,0
14972,0.2,1,0,0
14973,1.0,1,1,1
14974,1.0,2,1,1
14975,1.0,0,1,1
14976,2.2,0,1,1
14977,0.2,0,1,1
14978,0.2,2,1,0
14979,0.2,2,1,1
14980,1.0,1,0,0
14981,1.0,2,0,0
14982,0.2,0,1,1
14983,1.0,2,1,1
14984,0.2,0,1,1
14985,0.2,2,1,1
14986,0.2,1,0,0
14987,1.0,2,1,1
14988,0.2,1,1,1
14989,0.2,2,1,0
14990,0.2,2,0,0
14991,0.2,3,0,0
14992,2.2,2,1,1
14993,0.2,1,0,0
14994,0.2,0,0,0
14995,1.0,2,0,0
14996,0.2,2,1,1
14997,2.2,3,0,1
14998,0.2,2,1,1
14999,0.2,2,1,1
15000,1.0,3,1,1
15001,1.0,1,1,1
15002,1.0,2,0,0
15003,0.2,1,0,0
15004,0.2,1,0,0
15005,0.2,3,0,0
15006,0.2,3,0,0
15007,0.2,2,0,1
15008,0.2,0,0,0
15009,0.2,2,0,0
15010,0.2,2,0,0
15011,0.2,2,0,0
15012,0.2,0,1,1
15013,0.2,1,0,0
15014,0.2,2,0,0
15015,0.2,1,0,0
15016,0.2,2,1,0
15017,0.2,2,0,0
15018,0.2,3,1,0
15019,1.0,1,1,1
15020,0.2,1,0,0
15021,1.0,2,1,1
15022,0.2,2,0,1
15023,0.2,1,1,1
15024,0.2,0,0,0
15025,2.2,1,1,1
15026,0.2,1,0,0
15027,0.2,1,1,1
15028,1.0,2,0,0
15029,2.2,3,1,1
15030,0.2,0,1,1
15031,0.2,0,0,1
15032,0.2,1,1,0
15033,1.0,2,1,1
15034,0.2,0,0,1
15035,1.0,2,1,0
15036,0.2,1,0,0
15037,0.2,3,0,0
15038,0.2,3,1,1
15039,2.2,0,1,1
15040,1.0,2,1,0
15041,0.2,0,0,0
15042,0.2,1,0,0
15043,0.2,2,1,1
15044,0.2,2,1,1
15045,0.2,1,1,1
15046,0.2,1,1,1
15047,1.0,2,0,0
15048,1.0,1,0,0
15049,2.2,0,1,1
15050,0.2,1,0,0
15051,0.2,2,0,0
15052,1.0,1,1,1
15053,0.2,2,0,0
15054,1.0,1,1,1
15055,0.2,3,0,0
15056,1.0,0,1,1
15057,0.2,1,1,0
15058,0.2,2,1,1
15059,0.2,3,0,0
15060,1.0,3,1,1
15061,1.0,0,1,1
15062,0.2,2,0,1
15063,0.2,2,0,0
15064,0.2,0,0,0
15065,0.2,2,0,0
15066,0.2,3,1,1
15067,0.2,1,1,1
15068,0.2,1,1,1
15069,0.2,0,1,1
15070,0.2,0,1,1
15071,0.2,1,1,1
15072,0.2,2,0,0
15073,0.2,0,0,0
15074,1.0,0,1,1
15075,0.2,1,1,1
15076,0.2,1,0,1
15077,1.0,2,0,1
15078,1.0,3,1,1
15079,0.2,3,0,0
15080,1.0,2,0,0
15081,0.2,2,1,1
15082,0.2,3,0,0
15083,0.2,1,1,1
15084,1.0,1,1,1
15085,0.2,2,1,1
15086,0.2,3,0,0
15087,1.0,2,1,0
15088,1.0,1,1,1
15089,0.2,2,0,0
15090,0.2,1,1,1
15091,0.2,2,1,1
15092,0.2,0,0,1
15093,0.2,1,0,0
15094,0.2,2,0,0
15095,1.0,0,1,1
15096,1.0,1,1,1
15097,2.2,2,1,1
15098,0.2,1,0,0
15099,0.2,2,0,0
15100,0.2,0,0,0
15101,0.2,2,1,1
15102,0.2,3,1,1
15103,0.2,3,0,0
15104,0.2,1,1,1
15105,0.2,2,0,0
15106,0.2,1,1,1
15107,0.2,2,1,1
15108,0.2,1,1,1
15109,0.2,1,0,0
15110,2.2,1,0,1
15111,0.2,3,1,1
15112,0.2,3,1,0
15113,0.2,2,0,0
15114,0.2,1,0,0
15115,0.2,2,0,0
15116,0.2,1,0,0
15117,1.0,0,1,1
15118,1.0,2,0,0
15119,2.2,1,1,1
15120,1.0,1,1,1
15121,0.2,2,0,0
15122,1.0,2,1,1
15123,0.2,0,1,0
15124,0.2,0,1,1
15125,0.2,1,1,1
15126,0.2,1,0,0
15127,0.2,1,1,1
15128,0.2,3,0,0
15129,0.2,0,0,1
15130,0.2,1,0,0
15131,0.2,2,0,0
15132,0.2,0,0,0
15133,1.0,0,1,1
15134,1.0,1,1,1
15135,1.0,3,1,1
15136,0.2,3,0,0
15137,1.0,1,1,1
15138,0.2,1,1,1
15139,0.2,2,1,1
15140,0.2,2,1,0
15141,1.0,1,0,1
15142,0.2,0,1,1
15143,1.0,2,0,0
15144,0.2,1,0,1
15145,0.2,1,0,0
15146,0.2,2,1,0
15147,0.2,1,0,0
15148,0.2,2,1,1
15149,1.0,1,1,1
15150,0.2,2,0,0
15151,0.2,2,0,0
15152,0.2,2,0,0
15153,0.2,2,1,0
15154,0.2,2,0,0
15155,0.2,1,1,1
15156,0.2,0,0,1
15157,1.0,0,1,1
15158,0.2,1,1,1
15159,1.0,0,0,0
15160,0.2,2,1,1
15161,0.2,0,0,0
15162,1.0,0,1,1
15163,0.2,1,0,0
15164,0.2,3,0,0
15165,0.2,3,0,0
15166,0.2,1,1,1
15167,0.2,1,1,1
15168,1.0,2,0,0
15169,0.2,1,1,1
15170,0.2,1,0,1
15171,1.0,2,1,1
15172,0.2,2,0,0
15173,0.2,0,1,1
15174,0.2,3,1,1
15175,0.2,1,0,0
15176,0.2,2,1,0
15177,0.2,2,0,0
15178,1.0,2,1,1
15179,0.2,0,0,0
15180,0.2,2,1,0
15181,0.2,2,1,1
15182,0.2,1,1,1
15183,0.2,2,1,1
15184,0.2,1,1,0
15185,0.2,1,1,1
15186,0.2,3,0,0
15187,0.2,1,0,0
15188,1.0,1,1,1
15189,0.2,2,1,0
15190,0.2,2,1,0
15191,0.2,2,0,0
15192,0.2,2,1,1
15193,1.0,2,0,1
15194,1.0,1,1,1
15195,0.2,1,1,1
15196,0.2,1,1,1
15197,0.2,3,1,1
15198,0.2,1,1,0
15199,1.0,2,1,1
15200,0.2,1,0,0
15201,0.2,1,0,0
15202,0.2,1,1,1
15203,0.2,2,0,0
15204,0.2,2,0,0
15205,1.0,1,0,0
15206,0.2,1,0,0
15207,0.2,3,1,1
15208,0.2,2,1,0
15209,0.2,1,0,0
15210,0.2,2,0,0
15211,0.2,3,0,0
15212,0.2,0,1,1
15213,0.2,1,1,1
15214,0.2,2,1,0
15215,0.2,2,1,1
15216,0.2,1,0,0
15217,0.2,2,0,0
15218,0.2,2,1,1
15219,0.2,2,1,1
15220,0.2,1,1,1
15221,0.2,2,1,1
15222,0.2,2,0,0
15223,0.2,1,0,0
15224,0.2,2,1,1
15225,0.2,2,0,0
15226,0.2,3,0,0
15227,0.2,1,0,0
15228,0.2,2,0,0
15229,1.0,1,0,1
15230,0.2,0,1,1
15231,0.2,3,0,0
15232,0.2,2,0,1
15233,1.0,1,0,0
15234,0.2,1,1,1
15235,0.2,3,0,0
15236,0.2,3,1,1
15237,1.0,1,1,1
15238,0.2,2,0,0
15239,0.2,1,1,1
15240,1.0,1,1,1
15241,0.2,2,1,1
15242,0.2,1,0,0
15243,0.2,2,0,0
15244,0.2,1,0,0
15245,0.2,1,0,1
15246,1.0,3,0,0
15247,0.2,0,1,1
15248,0.2,2,1,1
15249,0.2,0,1,0
15250,0.2,1,1,1
15251,0.2,1,0,1
15252,1.0,0,1,1
15253,0.2,3,0,1
15254,0.2,2,1,1
15255,0.2,0,0,0
15256,0.2,1,0,0
15257,1.0,1,1,1
15258,1.0,1,0,1
15259,0.2,1,1,1
15260,1.0,3,0,0
15261,0.2,2,1,0
15262,0.2,2,0,0
15263,1.0,2,1,1
15264,0.2,2,1,1
15265,0.2,2,1,1
15266,1.0,3,1,1
15267,0.2,2,0,0
15268,0.2,1,1,1
15269,0.2,0,0,1
15270,0.2,0,0,0
15271,0.2,1,0,0
15272,0.2,3,1,1
15273,0.2,0,0,0
15274,0.2,2,0,0
15275,0.2,2,1,0
15276,0.2,1,1,1
15277,0.2,2,0,0
15278,0.2,2,1,1
15279,0.2,1,1,1
15280,0.2,3,0,0
15281,0.2,1,0,1
15282,0.2,1,0,0
15283,0.2,1,0,0
15284,0.2,2,0,0
15285,0.2,2,1,1
15286,0.2,2,0,0
15287,0.2,1,1,0
15288,1.0,0,1,1
15289,1.0,2,1,1
15290,0.2,0,1,1
15291,0.2,1,0,0
15292,0.2,2,1,1
15293,0.2,2,0,0
15294,0.2,1,0,0
15295,0.2,2,0,0
15296,1.0,2,0,0
15297,0.2,0,1,0
15298,0.2,1,1,0
15299,0.2,0,1,1
15300,0.2,0,1,0
15301,0.2,1,0,0
15302,0.2,1,1,1
15303,0.2,2,0,0
15304,1.0,0,1,1
15305,0.2,0,0,1
15306,0.2,1,0,1
15307,0.2,1,1,0
15308,0.2,1,0,0
15309,0.2,1,1,1
15310,0.2,1,1,1
15311,0.2,0,1,0
15312,0.2,3,0,0
15313,1.0,1,1,1
15314,0.2,2,0,0
15315,1.0,1,0,0
15316,0.2,2,1,1
15317,1.0,2,0,0
15318,0.2,2,1,0
15319,0.2,2,0,0
15320,0.2,0,0,0
15321,0.2,1,1,1
15322,0.2,3,0,0
15323,0.2,2,1,0
15324,0.2,3,0,0
15325,1.0,2,0,0
15326,1.0,0,1,1
15327,0.2,1,1,1
15328,0.2,3,0,0
15329,0.2,0,0,0
15330,1.0,1,1,1
15331,1.0,2,1,1
15332,0.2,1,1,1
15333,0.2,2,1,1
15334,1.0,2,1,1
15335,0.2,1,0,0
15336,0.2,1,0,0
15337,0.2,1,1,1
15338,1.0,0,1,1
15339,0.2,1,0,0
15340,0.2,0,0,0
15341,1.0,1,1,1
15342,0.2,1,0,0
15343,0.2,1,0,0
15344,0.2,1,1,1
15345,0.2,2,0,1
15346,0.2,2,1,1
15347,0.2,1,1,0
15348,1.0,1,1,1
15349,1.0,1,1,1
15350,0.2,1,0,1
15351,0.2,1,0,0
15352,0.2,2,0,0
15353,0.2,0,1,0
15354,1.0,2,0,0
15355,1.0,1,1,1
15356,0.2,2,0,0
15357,0.2,1,1,1
15358,0.2,1,0,0
15359,1.0,1,1,1
15360,0.2,1,1,0
15361,0.2,3,0,0
15362,0.2,2,0,0
15363,0.2,0,1,1
15364,0.2,2,0,0
15365,0.2,2,1,0
15366,0.2,3,1,1
15367,0.2,1,0,0
15368,0.2,3,0,0
15369,0.2,0,1,1
15370,0.2,1,0,0
15371,0.2,2,0,0
15372,0.2,2,0,1
15373,2.2,2,0,0
15374,1.0,2,0,0
15375,1.0,3,0,1
15376,0.2,1,1,1
15377,1.0,2,0,1
15378,0.2,2,0,0
15379,1.0,3,0,0
15380,0.2,2,0,0
15381,1.0,3,1,1
15382,0.2,1,0,0
15383,0.2,1,0,0
15384,1.0,1,0,1
15385,0.2,2,0,0
15386,0.2,3,1,1
15387,0.2,0,1,1
15388,0.2,2,0,0
15389,0.2,3,1,0
15390,0.2,2,1,1
15391,0.2,3,0,0
15392,1.0,2,1,1
15393,1.0,2,0,0
15394,1.0,2,1,1
15395,0.2,0,1,0
15396,0.2,2,1,0
15397,1.0,2,1,1
15398,0.2,3,0,1
15399,0.2,1,0,0
15400,0.2,2,0,0
15401,0.2,1,0,1
15402,2.2,0,1,1
15403,0.2,0,0,0
15404,0.2,1,1,0
15405,0.2,2,0,0
15406,0.2,2,0,0
15407,0.2,0,0,0
15408,0.2,2,0,0
15409,0.2,1,0,0
15410,0.2,2,1,0
15411,0.2,2,0,0
15412,0.2,2,0,0
15413,1.0,2,0,1
15414,0.2,2,1,0
15415,1.0,1,1,1
15416,0.2,2,0,0
15417,0.2,1,1,1
15418,1.0,3,1,1
15419,0.2,1,1,1
15420,2.2,0,1,1
15421,0.2,1,1,1
15422,0.2,2,1,1
15423,0.2,3,0,0
15424,0.2,1,1,1
15425,0.2,2,0,0
15426,0.2,1,1,1
15427,0.2,1,0,1
15428,0.2,0,1,1
15429,0.2,2,0,0
15430,0.2,2,1,1
15431,0.2,0,0,1
15432,1.0,1,1,1
15433,0.2,3,0,0
15434,0.2,1,0,0
15435,0.2,1,1,1
15436,0.2,1,0,0
15437,1.0,1,1,1
15438,0.2,1,0,0
15439,0.2,1,0,0
15440,1.0,1,1,1
15441,0.2,2,0,0
15442,0.2,0,1,0
15443,0.2,3,0,0
15444,0.2,2,0,1
15445,0.2,3,0,0
15446,0.2,1,1,1
15447,0.2,1,1,0
15448,0.2,1,0,0
15449,0.2,2,0,0
15450,0.2,1,1,1
15451,0.2,1,1,1
15452,0.2,1,0,0
15453,1.0,1,1,1
15454,0.2,1,0,0
15455,0.2,1,1,1
15456,0.2,0,0,0
15457,0.2,1,1,1
15458,0.2,1,0,0
15459,0.2,1,0,0
15460,0.2,1,0,0
15461,1.0,1,0,0
15462,0.2,3,1,0
15463,0.2,3,0,1
15464,1.0,1,0,0
15465,0.2,3,1,1
15466,0.2,2,1,0
15467,0.2,2,1,1
15468,0.2,1,1,1
15469,1.0,1,1,1
15470,0.2,1,0,0
15471,1.0,1,0,1
15472,0.2,2,0,0
15473,0.2,2,0,0
15474,0.2,2,0,0
15475,0.2,2,0,0
15476,1.0,2,0,1
15477,0.2,3,0,0
15478,0.2,1,1,1
15479,0.2,1,1,1
15480,0.2,2,0,0
15481,0.2,2,0,0
15482,0.2,1,1,1
15483,0.2,1,0,0
15484,1.0,0,1,1
15485,1.0,1,1,1
15486,0.2,3,0,0
15487,0.2,2,1,0
15488,0.2,0,0,0
15489,0.2,2,0,0
15490,0.2,0,1,0
15491,0.2,2,0,0
15492,0.2,2,1,1
15493,0.2,3,0,1
15494,1.0,2,0,0
15495,0.2,1,0,1
15496,1.0,1,0,0
15497,0.2,1,0,1
15498,0.2,1,1,1
15499,0.2,2,1,1
15500,0.2,1,0,0
15501,0.2,1,1,1
15502,0.2,0,0,1
15503,0.2,2,0,1
15504,0.2,1,0,0
15505,0.2,1,1,1
15506,1.0,1,1,1
15507,0.2,1,0,0
15508,1.0,2,1,1
15509,1.0,2,1,1
15510,1.0,3,0,0
15511,0.2,0,0,0
15512,0.2,2,1,0
15513,0.2,2,1,1
15514,0.2,1,0,1
15515,0.2,1,0,0
15516,2.2,1,1,1
15517,0.2,2,0,0
15518,0.2,1,1,0
15519,0.2,0,1,1
15520,0.2,1,0,0
15521,0.2,1,0,0
15522,2.2,1,1,1
15523,0.2,2,1,1
15524,1.0,0,1,1
15525,0.2,1,1,0
15526,0.2,1,0,0
15527,1.0,2,1,1
15528,0.2,0,1,1
15529,0.2,0,0,0
15530,0.2,3,0,0
15531,0.2,3,1,1
15532,0.2,0,1,0
15533,0.2,2,1,0
15534,0.2,2,1,1
15535,1.0,1,0,0
15536,0.2,1,1,0
15537,2.2,0,1,1
15538,0.2,3,0,0
15539,0.2,1,0,1
15540,0.2,2,0,0
15541,0.2,0,0,0
15542,0.2,0,0,0
15543,0.2,2,1,1
15544,0.2,1,0,0
15545,1.0,2,0,0
15546,0.2,3,0,0
15547,0.2,1,1,1
15548,0.2,2,1,1
15549,0.2,2,0,0
15550,0.2,0,1,1
15551,1.0,1,0,1
15552,0.2,2,0,0
15553,0.2,2,0,0
15554,0.2,3,1,1
15555,1.0,1,1,1
15556,0.2,3,0,0
15557,0.2,1,1,1
15558,0.2,3,0,0
15559,0.2,1,0,0
15560,0.2,1,1,1
15561,0.2,2,0,0
15562,0.2,3,0,0
15563,1.0,0,0,1
15564,0.2,1,0,0
15565,0.2,2,1,0
15566,1.0,2,0,0
15567,2.2,2,0,1
15568,0.2,2,0,0
15569,1.0,1,1,1
15570,1.0,2,0,0
15571,0.2,2,0,0
15572,0.2,1,1,1
15573,0.2,1,0,0
15574,2.2,1,1,1
15575,1.0,2,0,0
15576,0.2,1,0,1
15577,3.8,2,1,1
15578,0.2,2,1,0
15579,1.0,0,1,1
15580,1.0,1,0,1
15581,1.0,0,1,1
15582,0.2,2,0,0
15583,0.2,2,0,1
15584,0.2,2,1,1
15585,0.2,2,0,0
15586,0.2,1,0,0
15587,0.2,2,0,0
15588,0.2,2,0,0
15589,0.2,1,1,0
15590,1.0,2,1,1
15591,0.2,0,1,1
15592,0.2,0,0,0
15593,0.2,2,0,0
15594,0.2,1,0,1
15595,0.2,2,0,0
15596,0.2,1,0,0
15597,1.0,1,0,1
15598,0.2,2,1,1
15599,0.2,0,1,1
15600,0.2,3,1,1
15601,0.2,1,0,0
15602,0.2,0,0,0
15603,0.2,3,0,0
15604,0.2,1,1,1
15605,1.0,1,0,0
15606,0.2,2,0,0
15607,0.2,2,1,1
15608,0.2,2,1,1
15609,0.2,2,0,1
15610,1.0,1,0,1
15611,0.2,2,0,0
15612,0.2,1,0,0
15613,0.2,2,1,1
15614,0.2,1,0,0
15615,0.2,1,1,1
15616,0.2,1,1,1
15617,0.2,2,0,0
15618,0.2,3,0,0
15619,0.2,3,1,0
15620,0.2,1,0,0
15621,0.2,2,0,0
15622,1.0,2,0,0
15623,0.2,2,1,1
15624,0.2,1,1,1
15625,1.0,2,1,1
15626,1.0,1,0,1
15627,0.2,3,0,1
15628,0.2,2,0,0
15629,0.2,0,0,0
15630,0.2,2,1,1
15631,2.2,1,1,1
15632,0.2,1,0,0
15633,0.2,1,0,0
15634,0.2,2,0,0
15635,0.2,1,1,1
15636,0.2,2,1,0
15637,0.2,1,1,1
15638,0.2,0,1,1
15639,0.2,2,0,0
15640,0.2,1,0,0
15641,0.2,2,0,0
15642,2.2,2,1,1
15643,0.2,2,0,0
15644,1.0,2,0,0
15645,0.2,1,0,1
15646,0.2,1,1,0
15647,1.0,1,1,1
15648,0.2,2,0,0
15649,1.0,2,1,1
15650,2.2,2,1,1
15651,0.2,0,1,0
15652,1.4,1,0,1
15653,0.2,2,0,0
15654,0.2,3,0,0
15655,0.2,3,0,0
15656,0.2,3,0,1
15657,0.2,1,1,0
15658,0.2,1,0,0
15659,0.2,3,0,0
15660,0.2,2,0,0
15661,1.0,1,1,1
15662,0.2,2,1,1
15663,0.2,2,0,0
15664,0.2,2,1,1
15665,1.0,0,1,1
15666,0.2,1,1,1
15667,0.2,1,0,1
15668,0.2,1,0,0
15669,0.2,2,0,1
15670,0.2,2,0,0
15671,0.2,2,0,0
15672,0.2,2,0,1
15673,0.2,1,1,1
15674,0.2,0,1,1
15675,0.2,1,0,0
15676,0.2,1,1,1
15677,1.0,2,1,1
15678,0.2,0,0,0
15679,0.2,1,1,1
15680,1.0,1,0,0
15681,0.2,0,1,1
15682,1.0,1,1,1
15683,0.2,2,1,1
15684,0.2,2,1,1
15685,0.2,2,1,0
15686,1.0,1,1,1
15687,0.2,1,1,0
15688,0.2,3,0,1
15689,0.2,1,1,1
15690,0.2,1,0,0
15691,1.0,0,1,0
15692,0.2,2,0,0
15693,0.2,1,1,1
15694,0.2,1,0,0
15695,0.2,2,0,0
15696,0.2,2,1,1
15697,0.2,1,1,1
15698,0.2,2,0,0
15699,1.0,2,1,1
15700,0.2,3,0,1
15701,0.2,1,1,0
15702,0.2,3,0,0
15703,1.0,1,0,0
15704,0.2,2,0,0
15705,0.2,2,1,1
15706,0.2,0,0,0
15707,0.2,2,1,1
15708,0.2,1,0,0
15709,2.2,2,1,1
15710,0.2,0,0,0
15711,0.2,2,0,0
15712,0.2,2,1,0
15713,0.2,2,1,1
15714,0.2,2,1,0
15715,0.2,1,0,0
15716,1.0,1,0,0
15717,0.2,1,1,1
15718,1.0,0,1,1
15719,0.2,1,0,0
15720,0.2,1,0,1
15721,0.2,2,1,0
15722,0.2,1,0,0
15723,0.2,1,1,1
15724,0.2,1,0,0
15725,0.2,1,0,0
15726,0.2,2,1,0
15727,0.2,2,0,0
15728,0.2,2,1,1
15729,0.2,2,0,0
15730,0.2,1,1,1
15731,0.2,2,0,0
15732,0.2,1,0,0
15733,0.2,2,0,0
15734,0.2,1,0,1
15735,1.0,2,0,0
15736,1.0,1,1,0
15737,1.0,2,1,1
15738,0.2,2,0,1
15739,0.2,2,1,0
15740,0.2,1,0,0
15741,1.0,0,1,1
15742,0.2,3,0,0
15743,1.0,3,0,1
15744,0.2,1,0,0
15745,0.2,1,1,1
15746,0.2,3,0,0
15747,0.2,0,1,0
15748,0.2,2,1,1
15749,0.2,0,0,0
15750,0.2,1,0,0
15751,0.2,2,0,0
15752,0.2,1,1,1
15753,0.2,1,1,1
15754,0.2,1,0,0
15755,0.2,2,0,1
15756,0.2,1,1,1
15757,0.2,1,1,1
15758,0.2,0,1,1
15759,1.0,0,1,1
15760,0.2,2,1,1
15761,0.2,1,0,0
15762,0.2,2,1,1
15763,0.2,1,1,1
15764,0.2,2,0,0
15765,1.0,2,1,1
15766,0.2,1,0,0
15767,0.2,0,1,0
15768,0.2,1,1,0
15769,0.2,1,0,0
15770,0.2,2,1,1
15771,0.2,2,0,0
15772,1.0,2,0,0
15773,0.2,2,0,0
15774,0.2,0,0,0
15775,1.0,1,0,1
15776,0.2,0,1,1
15777,0.2,1,0,0
15778,0.2,1,1,1
15779,0.2,1,0,0
15780,0.2,2,1,1
15781,0.2,1,0,0
15782,0.2,1,0,0
15783,0.2,2,1,1
15784,0.2,1,1,0
15785,0.2,2,0,0
15786,0.2,1,0,0
15787,1.0,0,0,0
15788,0.2,1,0,1
15789,0.2,1,0,0
15790,0.2,2,0,0
15791,0.2,1,0,1
15792,0.2,3,1,1
15793,2.2,2,1,1
15794,0.2,1,0,1
15795,0.2,2,0,0
15796,1.0,1,1,1
15797,0.2,1,0,0
15798,0.2,1,0,1
15799,0.2,1,1,1
15800,0.2,2,0,0
15801,0.2,2,0,1
15802,0.2,1,1,1
15803,0.2,2,1,1
15804,0.2,2,1,1
15805,0.2,0,0,0
15806,1.0,1,1,0
15807,0.2,1,0,1
15808,0.2,1,1,1
15809,0.2,2,1,1
15810,0.2,3,0,0
15811,0.2,2,0,0
15812,0.2,1,0,0
15813,0.2,0,0,0
15814,0.2,1,1,1
15815,0.2,1,0,0
15816,0.2,2,0,0
15817,0.2,1,1,1
15818,0.2,1,1,0
15819,0.2,3,0,0
15820,0.2,1,0,0
15821,0.2,1,0,1
15822,1.0,2,1,1
15823,0.2,2,1,1
15824,0.2,3,0,0
15825,1.0,1,0,0
15826,0.2,2,0,0
15827,0.2,1,0,0
15828,2.2,1,1,1
15829,0.2,1,1,0
15830,0.2,2,0,0
15831,0.2,1,1,1
15832,0.2,1,1,1
15833,0.2,1,0,0
15834,1.0,2,1,1
15835,0.2,2,0,0
15836,0.2,2,0,0
15837,0.2,3,0,0
15838,0.2,1,1,0
15839,0.2,1,0,1
15840,1.0,0,0,0
15841,1.0,3,0,0
15842,0.2,1,0,0
15843,0.2,1,0,1
15844,0.2,2,1,1
15845,0.2,3,1,0
15846,0.2,1,0,0
15847,0.2,1,0,0
15848,0.2,2,0,0
15849,1.0,2,1,0
15850,0.2,2,1,1
15851,1.0,2,1,1
15852,0.2,2,1,1
15853,0.2,1,0,0
15854,0.2,1,0,0
15855,0.2,2,0,0
15856,0.2,1,0,0
15857,0.2,0,1,1
15858,2.2,2,1,1
15859,0.2,1,0,0
15860,0.2,2,0,1
15861,0.2,3,1,1
15862,0.2,2,0,0
15863,2.2,0,1,1
15864,1.0,2,1,1
15865,0.2,3,1,1
15866,2.2,0,0,1
15867,0.2,2,0,0
15868,0.2,2,0,0
15869,0.2,3,1,1
15870,0.2,3,1,1
15871,1.0,0,1,1
15872,1.0,3,1,1
15873,0.2,0,1,1
15874,0.2,2,1,1
15875,0.2,1,0,0
15876,0.2,1,1,1
15877,1.0,1,0,0
15878,1.0,2,0,0
15879,1.0,2,1,1
15880,0.2,2,0,0
15881,1.0,1,0,1
15882,0.2,1,1,1
15883,0.2,1,1,1
15884,0.2,2,0,1
15885,0.2,1,1,0
15886,0.2,1,1,0
15887,0.2,2,0,0
15888,1.0,2,1,1
15889,1.0,0,1,1
15890,0.2,2,1,1
15891,0.2,2,1,0
15892,1.0,2,1,1
15893,0.2,2,1,1
15894,0.2,1,0,0
15895,0.2,3,0,0
15896,0.2,0,1,1
15897,0.2,1,1,1
15898,0.2,1,0,0
15899,1.0,0,0,0
15900,0.2,3,1,1
15901,0.2,3,0,0
15902,0.2,3,0,0
15903,0.2,2,0,0
15904,0.2,2,0,0
15905,0.2,3,1,0
15906,0.2,1,1,1
15907,0.2,0,1,1
15908,0.2,1,0,0
15909,0.2,2,0,0
15910,0.2,3,1,0
15911,0.2,2,1,1
15912,0.2,2,1,1
15913,1.0,1,1,1
15914,1.0,1,0,0
15915,0.2,1,0,0
15916,0.2,0,1,1
15917,1.0,2,1,1
15918,0.2,2,1,0
15919,1.0,2,1,1
15920,0.2,2,0,0
15921,0.2,2,1,0
15922,1.0,0,1,1
15923,0.2,1,1,1
15924,0.2,1,0,0
15925,0.2,1,1,0
15926,0.2,2,0,0
15927,0.2,3,1,0
15928,0.2,1,0,1
15929,1.0,0,0,1
15930,0.2,1,0,1
15931,1.0,1,1,1
15932,0.2,1,1,1
15933,0.2,1,0,1
15934,0.2,2,0,0
15935,1.0,1,0,0
15936,0.2,1,1,1
15937,0.2,2,0,0
15938,0.2,1,0,1
15939,1.0,2,1,1
15940,0.2,1,0,0
15941,1.0,1,1,1
15942,0.2,2,0,0
15943,0.2,2,1,1
15944,0.2,1,1,1
15945,1.0,3,0,0
15946,0.2,1,1,1
15947,1.0,1,0,1
15948,0.2,0,0,0
15949,0.2,2,1,1
15950,1.0,2,0,1
15951,1.0,2,1,1
15952,0.2,2,1,1
15953,0.2,0,0,0
15954,0.2,0,0,1
15955,0.2,2,1,1
15956,0.2,1,0,0
15957,0.2,1,1,0
15958,0.2,2,0,0
15959,0.2,1,1,1
15960,0.2,2,0,0
15961,0.2,1,1,1
15962,1.0,2,1,1
15963,0.2,2,0,1
15964,0.2,2,1,0
15965,0.2,3,0,0
15966,0.2,2,0,0
15967,1.0,0,0,0
15968,0.2,2,1,1
15969,0.2,1,1,1
15970,0.2,1,1,0
15971,0.2,1,0,0
15972,0.2,0,1,1
15973,1.0,2,0,1
15974,1.0,1,1,1
15975,0.2,2,0,0
15976,1.0,1,1,1
15977,0.2,1,1,1
15978,1.0,1,0,1
15979,0.2,2,0,0
15980,0.2,0,1,1
15981,0.2,3,0,0
15982,0.2,2,1,1
15983,0.2,1,0,0
15984,1.0,1,0,1
15985,0.2,1,0,0
15986,1.0,1,1,1
15987,1.0,1,1,1
15988,0.2,0,1,1
15989,0.2,2,1,1
15990,1.0,2,1,1
15991,1.0,0,0,1
15992,2.2,2,1,1
15993,0.2,3,1,1
15994,1.0,2,0,0
15995,0.2,3,0,0
15996,0.2,2,0,0
15997,1.0,2,0,1
15998,1.0,2,1,1
15999,0.2,0,0,0
16000,0.2,1,0,1
16001,1.0,1,0,1
16002,0.2,1,1,1
16003,0.2,1,1,1
16004,1.0,3,1,1
16005,0.2,2,1,1
16006,0.2,2,1,0
16007,0.2,2,0,0
16008,1.0,1,1,1
16009,0.2,2,1,1
16010,1.0,2,1,1
16011,0.2,3,0,0
16012,1.0,3,1,0
16013,0.2,0,0,0
16014,1.0,0,0,1
16015,0.2,1,0,0
16016,0.2,3,0,0
16017,0.2,1,0,0
16018,0.2,0,0,1
16019,0.2,0,0,0
16020,0.2,2,1,0
16021,0.2,1,0,0
16022,0.2,1,0,0
16023,0.2,2,1,1
16024,0.2,1,1,1
16025,0.2,2,0,0
16026,0.2,2,0,0
16027,0.2,1,1,1
16028,0.2,2,0,0
16029,0.2,2,1,0
16030,0.2,1,0,0
16031,0.2,3,0,0
16032,0.2,1,0,0
16033,1.0,1,1,1
16034,0.2,3,0,1
16035,0.2,1,0,0
16036,0.2,2,1,1
16037,0.2,3,1,0
16038,1.0,2,1,1
16039,0.2,2,0,0
16040,0.2,1,0,0
16041,0.2,0,1,1
16042,0.2,3,1,0
16043,1.0,1,1,1
16044,0.2,2,0,0
16045,0.2,2,0,0
16046,1.0,3,0,0
16047,1.0,2,1,1
16048,0.2,1,1,1
16049,0.2,1,1,0
16050,0.2,2,0,0
16051,0.2,3,0,0
16052,1.0,1,1,0
16053,0.2,1,1,1
16054,0.2,2,1,1
16055,0.2,3,1,0
16056,0.2,1,1,1
16057,0.2,1,1,1
16058,0.2,1,1,1
16059,0.2,1,1,0
16060,0.2,1,1,1
16061,1.0,1,1,1
16062,0.2,0,1,0
16063,1.0,2,1,1
16064,0.2,1,1,1
16065,0.2,3,1,1
16066,1.0,0,1,1
16067,2.2,0,1,1
16068,0.2,2,0,0
16069,1.0,0,1,1
16070,0.2,2,0,0
16071,0.2,3,1,0
16072,0.2,2,1,1
16073,0.2,2,1,1
16074,0.2,1,1,0
16075,1.0,2,0,0
16076,0.2,2,0,1
16077,1.0,2,1,1
16078,0.2,1,1,1
16079,0.2,2,0,0
16080,0.2,2,1,1
16081,0.2,1,0,0
16082,1.0,3,1,1
16083,0.2,2,0,0
16084,0.2,1,0,0
16085,0.2,3,0,0
16086,1.0,2,1,1
16087,0.2,1,0,0
16088,1.0,2,1,1
16089,0.2,2,1,1
16090,0.2,2,1,0
16091,0.2,3,1,0
16092,0.2,1,0,1
16093,1.0,2,0,0
16094,0.2,3,0,0
16095,0.2,1,1,1
16096,0.2,1,1,1
16097,0.2,2,1,0
16098,0.2,2,1,1
16099,0.2,2,1,0
16100,0.2,1,1,1
16101,0.2,1,0,0
16102,0.2,3,0,0
16103,1.0,0,1,1
16104,0.2,1,0,0
16105,0.2,2,0,1
16106,0.2,1,0,0
16107,0.2,1,0,0
16108,1.0,1,1,0
16109,1.0,2,1,1
16110,0.2,0,1,1
16111,0.2,2,0,0
16112,1.0,3,1,1
16113,0.2,2,0,0
16114,0.2,2,0,0
16115,1.0,2,1,1
16116,1.0,2,0,0
16117,0.2,1,1,1
16118,1.0,0,0,1
16119,0.2,2,1,1
16120,0.2,2,0,0
16121,0.2,1,1,1
16122,0.2,0,1,1
16123,1.0,2,1,1
16124,1.0,1,0,1
16125,0.2,2,0,0
16126,1.0,2,0,1
16127,0.2,2,0,0
16128,0.2,3,0,0
16129,0.2,1,0,1
16130,0.2,2,0,0
16131,0.2,0,0,0
16132,0.2,2,1,1
16133,0.2,0,1,1
16134,1.0,2,0,1
16135,0.2,2,0,1
16136,0.2,3,1,1
16137,0.2,0,1,1
16138,0.2,0,0,0
16139,0.2,2,0,1
16140,1.0,1,0,1
16141,0.2,2,1,1
16142,0.2,2,0,0
16143,1.0,1,1,1
16144,1.0,0,1,1
16145,0.2,1,0,0
16146,0.2,1,0,0
16147,0.2,1,0,0
16148,0.2,0,0,0
16149,1.0,2,1,0
16150,0.2,1,1,1
16151,0.2,1,1,1
16152,0.2,3,0,0
16153,0.2,3,1,1
16154,0.2,2,1,1
16155,0.2,2,1,1
16156,0.2,2,1,0
16157,1.0,1,0,1
16158,0.2,2,1,1
16159,1.0,1,1,1
16160,0.2,2,1,1
16161,0.2,2,0,0
16162,0.2,0,0,0
16163,0.2,2,1,0
16164,1.0,3,1,1
16165,0.2,0,1,1
16166,0.2,0,1,1
16167,0.2,3,0,0
16168,1.0,1,1,1
16169,0.2,1,1,0
16170,0.2,1,0,0
16171,0.2,0,1,1
16172,1.0,1,0,0
16173,0.2,0,0,0
16174,1.0,1,1,1
16175,1.0,2,0,1
16176,2.5999999999999996,1,1,1
16177,2.2,0,0,1
16178,1.0,2,0,0
16179,0.2,2,0,1
16180,0.2,0,1,1
16181,0.2,2,0,0
16182,1.0,1,0,0
16183,1.0,3,0,0
16184,0.2,3,0,0
16185,0.2,2,0,0
16186,0.2,1,0,1
16187,0.2,1,1,1
16188,0.2,2,0,1
16189,0.2,2,0,0
16190,0.2,1,1,1
16191,0.2,2,1,1
16192,1.0,2,1,1
16193,1.0,0,1,0
16194,0.2,1,1,1
16195,1.0,2,0,0
16196,0.2,0,1,1
16197,0.2,0,0,0
16198,0.2,2,0,0
16199,0.2,1,0,0
16200,1.0,2,1,1
16201,0.2,2,0,0
16202,0.2,1,0,0
16203,0.2,0,0,1
16204,0.2,1,0,0
16205,0.2,0,1,1
16206,1.0,2,1,1
16207,0.2,1,0,1
16208,1.0,0,0,1
16209,1.0,1,1,1
16210,0.2,1,0,0
16211,0.2,1,0,0
16212,1.0,2,1,1
16213,0.2,2,0,0
16214,0.2,1,0,0
16215,1.0,0,0,1
16216,0.2,0,0,1
16217,0.2,3,1,0
16218,1.0,1,1,1
16219,0.2,2,1,0
16220,1.0,1,0,0
16221,1.0,0,1,1
16222,1.0,2,1,1
16223,1.0,2,1,1
16224,0.2,2,1,1
16225,1.0,1,1,1
16226,1.0,0,0,1
16227,0.2,3,0,0
16228,0.2,3,0,1
16229,0.2,3,1,0
16230,0.2,2,0,0
16231,0.2,2,0,0
16232,0.2,2,0,0
16233,0.2,1,0,0
16234,0.2,3,0,0
16235,0.2,2,1,0
16236,0.2,1,1,1
16237,0.2,2,0,1
16238,0.2,1,1,1
16239,0.2,2,1,1
16240,1.0,2,1,1
16241,1.0,1,0,0
16242,1.0,0,1,1
16243,1.0,0,0,0
16244,0.2,1,0,0
16245,0.2,0,1,1
16246,2.2,1,1,0
16247,1.0,1,0,1
16248,1.0,2,0,0
16249,0.2,1,1,1
16250,2.2,2,1,1
16251,0.2,2,1,1
16252,0.2,2,1,0
16253,0.2,2,1,1
16254,0.2,2,1,1
16255,0.2,1,0,0
16256,0.2,3,1,1
16257,0.2,1,0,0
16258,0.2,3,0,1
16259,1.0,0,1,1
16260,0.2,2,1,1
16261,0.2,2,1,1
16262,0.2,2,0,0
16263,0.2,1,0,0
16264,0.2,1,1,1
16265,1.0,1,1,0
16266,1.0,1,1,1
16267,0.2,2,1,1
16268,0.2,1,0,0
16269,0.2,2,0,0
16270,0.2,2,1,1
16271,0.2,2,0,0
16272,0.2,3,0,0
16273,0.2,2,0,0
16274,1.0,1,1,1
16275,1.0,1,1,1
16276,0.2,3,0,0
16277,0.2,2,0,0
16278,0.2,3,0,0
16279,0.2,1,0,0
16280,0.2,2,1,1
16281,0.2,2,0,0
16282,0.2,1,0,0
16283,0.2,2,0,0
16284,0.2,1,0,0
16285,1.0,3,1,0
16286,0.2,3,0,0
16287,0.2,2,0,0
16288,0.2,3,0,0
16289,0.2,1,1,1
16290,0.2,0,1,1
16291,1.0,0,1,1
16292,1.0,2,0,0
16293,0.2,1,0,0
16294,1.0,1,1,1
16295,0.2,0,0,1
16296,0.2,1,0,0
16297,1.0,1,0,1
16298,0.2,1,1,0
16299,0.2,1,1,1
16300,1.0,0,0,0
16301,1.0,2,1,1
16302,0.2,1,0,0
16303,0.2,1,1,1
16304,0.2,2,0,0
16305,0.2,1,1,1
16306,0.2,2,0,0
16307,0.2,2,1,1
16308,0.2,1,0,0
16309,0.2,2,1,1
16310,2.2,2,0,1
16311,0.2,2,0,0
16312,1.0,0,1,1
16313,1.0,1,1,0
16314,0.2,1,1,1
16315,0.2,1,1,1
16316,0.2,2,0,1
16317,0.2,1,0,0
16318,0.2,2,1,0
16319,0.2,3,1,1
16320,1.0,1,1,1
16321,0.2,1,1,0
16322,0.2,0,1,1
16323,0.2,0,0,1
16324,0.2,1,1,0
16325,0.2,2,0,1
16326,0.2,2,1,0
16327,0.2,2,1,0
16328,1.0,1,1,1
16329,0.2,2,0,1
16330,2.2,1,1,1
16331,2.2,2,1,1
16332,0.2,2,0,0
16333,0.2,1,0,0
16334,0.2,1,0,0
16335,1.0,1,1,1
16336,0.2,3,0,0
16337,0.2,2,1,1
16338,0.2,0,1,1
16339,0.2,3,1,1
16340,1.0,2,1,0
16341,1.0,1,0,0
16342,1.0,2,1,1
16343,0.2,1,0,0
16344,0.2,3,0,0
16345,1.0,2,1,1
16346,0.2,1,0,0
16347,0.2,1,0,0
16348,0.2,3,0,0
16349,0.2,2,1,0
16350,1.0,1,1,1
16351,0.2,3,0,0
16352,0.2,3,0,0
16353,0.2,1,0,0
16354,0.2,2,1,1
16355,1.0,2,0,0
16356,0.2,0,0,0
16357,0.2,2,0,1
16358,1.0,1,1,1
16359,0.2,2,1,1
16360,0.2,2,1,0
16361,2.2,1,0,1
16362,0.2,2,0,0
16363,0.2,2,1,1
16364,1.0,3,1,0
16365,2.2,2,1,1
16366,1.0,1,1,1
16367,0.2,2,0,0
16368,0.2,2,0,1
16369,0.2,1,1,0
16370,0.2,2,1,1
16371,0.2,1,0,0
16372,0.2,1,0,1
16373,0.2,3,0,0
16374,0.2,2,1,1
16375,0.2,0,0,0
16376,0.2,2,1,1
16377,0.2,3,1,0
16378,0.2,2,1,1
16379,1.0,2,0,0
16380,0.2,0,0,1
16381,0.2,3,0,0
16382,0.2,3,1,0
16383,0.2,2,0,0
16384,0.2,3,1,1
16385,0.2,2,0,0
16386,0.2,2,0,0
16387,0.2,3,1,0
16388,0.2,1,1,1
16389,0.2,2,0,0
16390,0.2,1,1,1
16391,0.2,1,1,1
16392,0.2,2,1,1
16393,0.2,1,0,0
16394,0.2,2,1,1
16395,0.2,2,1,1
16396,0.2,2,1,1
16397,0.2,2,0,0
16398,1.0,2,0,0
16399,0.2,1,0,0
16400,0.2,3,1,0
16401,0.2,2,1,0
16402,0.2,3,1,1
16403,0.2,3,1,0
16404,0.2,0,1,1
16405,0.2,3,0,0
16406,0.2,2,1,1
16407,0.2,2,1,1
16408,0.2,1,0,0
16409,0.2,3,0,0
16410,0.2,2,0,0
16411,1.0,0,1,1
16412,0.2,3,0,0
16413,0.2,2,1,1
16414,0.2,3,0,0
16415,0.2,1,1,0
16416,0.2,1,1,1
16417,0.2,1,1,1
16418,0.2,2,0,0
16419,0.2,3,0,1
16420,1.0,1,1,1
16421,0.2,1,1,1
16422,0.2,2,0,1
16423,0.2,0,1,0
16424,0.2,3,0,0
16425,0.2,0,0,1
16426,0.2,2,1,1
16427,0.2,1,1,1
16428,0.2,1,0,0
16429,0.2,2,1,0
16430,0.2,1,1,1
16431,0.2,2,0,0
16432,0.2,1,1,1
16433,2.2,2,0,1
16434,0.2,2,0,0
16435,1.0,2,0,0
16436,0.2,0,0,1
16437,1.0,2,1,1
16438,0.2,3,0,0
16439,0.2,1,1,0
16440,0.2,1,1,0
16441,0.2,2,0,0
16442,0.2,0,0,1
16443,0.2,3,1,0
16444,0.2,1,0,0
16445,0.2,1,1,1
16446,0.2,1,0,0
16447,0.2,1,1,1
16448,0.2,1,0,0
16449,0.2,2,0,0
16450,0.2,1,0,0
16451,0.2,0,0,0
16452,0.2,0,1,0
16453,0.2,0,0,1
16454,1.0,2,1,0
16455,0.2,2,0,1
16456,0.2,0,1,0
16457,0.2,1,0,0
16458,0.2,2,0,0
16459,0.2,1,1,0
16460,0.2,2,1,1
16461,0.2,3,1,0
16462,0.2,1,1,0
16463,1.0,3,1,1
16464,0.2,2,1,0
16465,0.2,2,0,0
16466,0.2,1,1,1
16467,1.0,1,1,1
16468,0.2,0,1,0
16469,0.2,0,0,0
16470,1.0,1,1,1
16471,0.2,2,0,0
16472,0.2,1,0,1
16473,1.0,2,1,0
16474,0.2,1,0,0
16475,0.2,1,0,0
16476,0.2,2,0,0
16477,0.2,1,1,0
16478,0.2,2,1,1
16479,0.2,1,1,0
16480,0.2,1,1,1
16481,1.0,2,1,1
16482,0.2,2,0,0
16483,0.2,2,1,1
16484,0.2,2,0,0
16485,0.2,2,0,0
16486,0.2,2,0,0
16487,1.0,1,1,1
16488,0.2,2,0,0
16489,0.2,1,1,0
16490,0.2,2,0,0
16491,1.0,1,1,1
16492,1.0,2,1,1
16493,1.0,1,1,1
16494,1.0,1,1,1
16495,0.2,2,1,0
16496,0.2,3,0,0
16497,0.2,0,0,0
16498,0.2,1,0,0
16499,1.0,1,1,1
16500,1.0,2,0,1
16501,0.2,1,0,0
16502,0.2,0,1,1
16503,0.2,3,1,1
16504,0.2,3,0,0
16505,1.0,2,1,1
16506,0.2,1,1,1
16507,0.2,1,1,1
16508,0.2,2,0,0
16509,0.2,2,1,0
16510,0.2,2,1,0
16511,0.2,3,1,1
16512,0.2,1,0,0
16513,2.2,1,1,1
16514,0.2,3,0,0
16515,0.2,0,1,1
16516,0.2,1,0,0
16517,0.2,2,0,0
16518,0.2,1,0,0
16519,1.0,0,0,1
16520,0.2,2,1,1
16521,0.2,2,0,1
16522,0.2,2,1,1
16523,1.0,1,1,1
16524,0.2,2,0,0
16525,0.2,1,0,1
16526,0.2,1,0,0
16527,1.0,2,0,1
16528,0.2,2,1,1
16529,1.0,3,1,1
16530,0.2,1,1,0
16531,1.0,2,1,1
16532,0.2,2,0,0
16533,0.2,1,0,1
16534,0.2,0,1,1
16535,1.0,3,1,1
16536,1.0,2,1,0
16537,1.0,2,0,0
16538,0.2,1,1,1
16539,0.2,0,1,1
16540,0.2,1,1,1
16541,0.2,1,1,0
16542,0.2,2,0,0
16543,0.2,0,1,1
16544,1.0,1,0,1
16545,0.2,1,0,0
16546,0.2,2,0,0
16547,0.2,2,0,0
16548,0.2,1,1,1
16549,0.2,2,0,0
16550,0.2,1,1,0
16551,0.2,2,0,0
16552,0.2,1,0,0
16553,0.2,1,0,0
16554,0.2,1,1,0
16555,0.2,2,0,0
16556,0.2,1,0,1
16557,1.0,1,0,0
16558,1.0,2,1,1
16559,0.2,1,1,0
16560,0.2,1,0,0
16561,0.2,0,0,0
16562,0.2,2,0,0
16563,0.2,3,0,0
16564,0.2,2,1,1
16565,0.2,2,0,0
16566,0.2,2,1,0
16567,0.2,1,1,1
16568,0.2,2,0,0
16569,0.2,0,0,0
16570,0.2,3,0,0
16571,0.2,0,1,1
16572,0.2,0,1,1
16573,1.0,1,1,1
16574,0.2,3,0,0
16575,0.2,2,0,0
16576,0.2,3,0,0
16577,0.2,2,0,0
16578,0.2,2,1,0
16579,1.0,1,1,1
16580,0.2,3,0,0
16581,0.2,2,1,1
16582,0.2,2,1,1
16583,0.2,2,0,0
16584,0.2,2,0,0
16585,1.0,2,0,0
16586,0.2,1,0,0
16587,0.2,2,0,0
16588,0.2,2,1,1
16589,0.2,1,0,0
16590,0.2,2,0,0
16591,0.2,2,1,0
16592,1.0,1,1,1
16593,1.0,1,0,0
16594,2.2,1,1,1
16595,0.2,1,0,0
16596,0.2,1,0,0
16597,0.2,1,0,0
16598,1.0,1,1,1
16599,0.2,2,1,0
16600,0.2,2,1,1
16601,0.2,3,0,0
16602,1.0,0,1,1
16603,1.0,1,0,0
16604,0.2,1,0,0
16605,0.2,1,1,1
16606,0.2,1,0,0
16607,0.2,1,1,0
16608,0.2,3,0,0
16609,0.2,1,0,0
16610,1.0,2,0,0
16611,1.0,1,1,1
16612,0.2,2,0,0
16613,1.0,3,0,0
16614,0.2,2,1,1
16615,0.2,1,0,1
16616,2.2,2,0,0
16617,0.2,1,1,1
16618,0.2,0,1,1
16619,0.2,2,0,1
16620,0.2,1,1,0
16621,0.2,1,0,0
16622,0.2,0,1,1
16623,0.2,1,1,1
16624,1.0,2,0,0
16625,1.0,0,1,1
16626,0.2,0,0,0
16627,0.2,3,0,0
16628,1.0,1,0,1
16629,0.2,2,1,1
16630,0.2,2,1,1
16631,1.0,1,1,0
16632,1.0,2,0,0
16633,0.2,0,1,1
16634,0.2,1,1,1
16635,1.0,0,1,1
16636,0.2,1,1,1
16637,0.2,1,1,0
16638,0.2,1,1,0
16639,0.2,1,0,1
16640,0.2,2,1,0
16641,0.2,1,0,0
16642,0.2,2,0,0
16643,1.0,0,1,1
16644,1.0,2,1,1
16645,0.2,0,0,1
16646,0.2,2,1,1
16647,0.2,0,0,0
16648,0.2,1,0,0
16649,0.2,2,0,0
16650,0.2,1,1,1
16651,0.2,2,1,0
16652,0.2,1,1,1
16653,0.2,1,1,1
16654,1.0,2,0,0
16655,0.2,1,0,0
16656,0.2,2,0,0
16657,1.0,2,1,1
16658,0.2,3,1,0
16659,0.2,1,0,0
16660,0.2,2,1,1
16661,0.2,1,0,0
16662,0.2,1,1,1
16663,0.2,0,0,0
16664,0.2,2,1,1
16665,0.2,1,1,0
16666,0.2,2,0,0
16667,1.0,0,1,1
16668,0.2,3,0,0
16669,0.2,2,1,1
16670,0.2,2,0,0
16671,0.2,1,0,0
16672,0.2,2,0,0
16673,1.0,1,0,0
16674,0.2,2,1,0
16675,0.2,1,0,0
16676,0.2,3,1,0
16677,2.2,1,1,1
16678,1.0,0,0,0
16679,1.0,1,1,1
16680,0.2,2,1,1
16681,0.2,3,1,1
16682,0.2,1,1,0
16683,0.2,2,0,0
16684,0.2,2,1,1
16685,0.2,2,1,1
16686,0.2,2,1,1
16687,0.2,2,0,0
16688,0.2,2,1,0
16689,0.2,1,0,0
16690,0.2,2,1,1
16691,0.2,1,0,0
16692,0.2,1,1,1
16693,0.2,2,1,1
16694,0.2,2,0,0
16695,1.0,1,0,1
16696,0.2,2,0,1
16697,0.2,3,0,0
16698,0.2,0,1,1
16699,0.2,3,0,0
16700,0.2,2,0,0
16701,0.2,2,0,0
16702,0.2,3,1,0
16703,0.2,2,1,1
16704,1.0,0,1,1
16705,0.2,1,1,1
16706,0.2,0,1,1
16707,0.2,3,1,1
16708,0.2,0,0,0
16709,0.2,1,0,0
16710,0.2,2,0,1
16711,0.2,0,0,1
16712,1.0,1,1,1
16713,1.0,0,1,1
16714,0.2,1,0,0
16715,1.0,1,0,1
16716,0.2,2,0,0
16717,0.2,2,0,0
16718,1.0,1,1,1
16719,0.2,2,0,0
16720,0.2,1,0,0
16721,0.2,2,1,0
16722,0.2,1,0,0
16723,0.2,0,1,0
16724,0.2,2,0,0
16725,0.2,1,0,0
16726,0.2,1,1,0
16727,0.2,1,0,0
16728,1.0,2,1,1
16729,0.2,1,1,1
16730,0.2,1,0,0
16731,0.2,0,0,0
16732,0.2,2,1,0
16733,2.2,1,1,1
16734,0.2,2,0,0
16735,0.2,2,1,1
16736,0.2,2,0,0
16737,0.2,2,0,0
16738,1.0,3,0,1
16739,0.2,3,1,1
16740,0.2,1,1,1
16741,0.2,2,0,0
16742,1.0,0,1,0
16743,0.2,2,1,1
16744,0.2,1,1,0
16745,0.2,0,0,0
16746,0.2,0,0,0
16747,1.0,1,1,1
16748,0.2,2,0,0
16749,0.2,3,0,0
16750,1.0,2,1,1
16751,0.2,3,0,0
16752,0.2,1,0,0
16753,0.2,3,1,1
16754,0.2,1,1,0
16755,1.0,0,1,1
16756,0.2,2,0,0
16757,0.2,0,1,0
16758,1.0,1,0,0
16759,0.2,3,1,0
16760,0.2,1,0,1
16761,0.2,1,1,1
16762,2.2,2,1,1
16763,0.2,1,1,0
16764,1.0,3,1,1
16765,0.2,3,1,1
16766,0.2,0,0,1
16767,0.2,2,1,0
16768,0.2,2,1,0
16769,0.2,1,1,0
16770,1.0,0,1,1
16771,0.2,1,0,0
16772,0.2,0,0,0
16773,1.0,1,0,1
16774,0.2,3,0,0
16775,0.2,2,0,0
16776,0.2,2,0,0
16777,0.2,1,1,1
16778,1.0,1,0,0
16779,0.2,1,1,1
16780,0.2,2,1,0
16781,0.2,1,1,0
16782,0.2,1,0,1
16783,0.2,1,1,1
16784,1.0,1,1,1
16785,0.2,1,0,0
16786,0.2,0,1,1
16787,0.2,1,0,1
16788,0.2,3,1,0
16789,0.2,3,0,0
16790,0.2,2,0,1
16791,0.2,3,1,0
16792,1.0,3,0,0
16793,0.2,3,0,0
16794,0.2,1,1,1
16795,0.2,1,1,0
16796,0.2,1,0,0
16797,1.0,1,1,1
16798,0.2,2,0,0
16799,0.2,2,1,0
16800,0.2,0,1,1
16801,0.2,0,0,0
16802,2.2,2,1,1
16803,0.2,2,0,0
16804,0.2,1,1,1
16805,0.2,2,0,1
16806,0.2,0,0,0
16807,0.2,3,1,0
16808,0.2,2,1,0
16809,0.2,2,0,1
16810,0.2,1,1,0
16811,0.2,1,0,0
16812,0.2,2,0,0
16813,0.2,1,0,1
16814,0.2,1,0,0
16815,0.2,1,0,0
16816,1.0,1,0,1
16817,0.2,3,0,0
16818,1.0,1,0,1
16819,0.2,1,0,1
16820,0.2,2,0,0
16821,0.2,2,0,0
16822,0.2,2,0,0
16823,0.2,1,1,1
16824,1.0,3,0,0
16825,0.2,2,0,1
16826,1.0,2,1,1
16827,0.2,2,0,0
16828,0.2,2,0,1
16829,0.2,1,1,1
16830,0.2,1,1,1
16831,0.2,2,0,0
16832,1.0,3,0,0
16833,0.2,2,1,1
16834,0.2,2,1,1
16835,0.2,0,1,1
16836,0.2,2,1,0
16837,0.2,3,0,0
16838,1.0,0,1,1
16839,0.2,1,1,1
16840,0.2,1,1,1
16841,0.2,2,0,0
16842,0.2,0,0,0
16843,0.2,1,0,0
16844,0.2,2,0,0
16845,0.2,1,0,0
16846,0.2,1,0,0
16847,0.2,1,1,1
16848,0.2,3,1,1
16849,0.2,1,1,1
16850,0.2,0,1,1
16851,1.0,2,1,1
16852,0.2,2,0,0
16853,0.2,2,0,0
16854,0.2,0,1,1
16855,1.0,1,0,1
16856,0.2,3,1,0
16857,0.2,0,0,1
16858,0.2,2,1,1
16859,1.0,1,1,1
16860,0.2,1,1,1
16861,1.0,3,0,0
16862,0.2,2,1,1
16863,1.0,2,0,1
16864,1.0,1,1,1
16865,0.2,1,1,1
16866,0.2,1,0,0
16867,1.0,1,1,1
16868,1.0,0,1,1
16869,1.0,1,0,0
16870,1.8,1,1,1
16871,0.2,3,0,1
16872,0.2,3,0,1
16873,0.2,2,1,1
16874,1.0,1,1,1
16875,0.2,3,0,0
16876,0.2,1,1,1
16877,1.0,2,1,1
16878,0.2,1,1,0
16879,0.2,3,1,0
16880,0.2,1,0,0
16881,0.2,1,0,1
16882,0.2,1,1,1
16883,0.2,1,1,1
16884,0.2,3,1,0
16885,0.2,1,1,1
16886,0.2,2,0,0
16887,0.2,1,1,1
16888,1.0,2,1,1
16889,0.2,1,1,1
16890,0.2,1,0,0
16891,1.0,1,0,1
16892,0.2,1,0,0
16893,0.2,2,0,0
16894,1.0,2,1,0
16895,0.2,2,0,0
16896,0.2,1,1,1
16897,0.2,3,0,0
16898,0.2,1,0,0
16899,1.0,1,1,1
16900,0.2,2,0,0
16901,1.0,1,1,1
16902,0.2,1,0,0
16903,1.0,2,1,1
16904,0.2,2,0,0
16905,1.0,2,1,1
16906,0.2,1,0,0
16907,0.2,1,0,0
16908,0.2,3,0,0
16909,0.2,1,0,0
16910,0.2,2,1,1
16911,0.2,1,1,1
16912,0.2,2,1,1
16913,1.0,2,0,0
16914,0.2,3,0,0
16915,1.0,3,1,1
16916,0.2,2,1,1
16917,0.2,1,0,0
16918,0.2,2,0,1
16919,1.0,1,1,0
16920,0.2,1,1,1
16921,0.2,1,0,0
16922,2.2,1,1,1
16923,0.2,3,1,1
16924,0.2,3,1,1
16925,0.2,1,1,1
16926,1.0,3,0,0
16927,0.2,1,1,1
16928,0.2,1,0,0
16929,0.2,3,0,0
16930,0.2,2,0,0
16931,1.0,3,1,1
16932,0.2,3,1,0
16933,0.2,1,0,1
16934,0.2,2,0,1
16935,0.2,1,0,0
16936,0.2,2,0,0
16937,0.2,2,1,1
16938,1.0,2,1,0
16939,2.2,1,1,1
16940,0.2,2,1,1
16941,0.2,2,1,0
16942,1.0,3,1,1
16943,0.2,0,1,1
16944,0.2,1,1,0
16945,0.2,1,0,0
16946,0.2,3,1,0
16947,0.2,3,1,0
16948,0.2,3,0,0
16949,0.2,1,0,0
16950,0.2,2,1,1
16951,0.2,1,0,0
16952,1.0,2,1,1
16953,0.2,1,1,1
16954,0.2,2,0,1
16955,0.2,2,1,0
16956,0.2,3,1,0
16957,2.2,0,1,1
16958,1.0,2,1,1
16959,0.2,1,0,0
16960,0.2,1,0,1
16961,1.0,1,0,1
16962,0.2,1,1,1
16963,0.2,0,1,0
16964,1.0,0,1,1
16965,0.2,2,0,0
16966,1.0,2,0,1
16967,0.2,1,0,0
16968,1.0,2,1,1
16969,0.2,3,1,1
16970,0.2,1,1,1
16971,1.0,0,1,1
16972,0.2,2,0,0
16973,0.2,1,0,0
16974,1.0,1,0,0
16975,0.2,3,0,0
16976,0.2,2,0,1
16977,0.2,2,0,1
16978,1.0,2,1,1
16979,1.0,2,0,1
16980,2.2,1,1,1
16981,1.0,1,1,1
16982,1.0,0,0,1
16983,1.0,2,1,1
16984,0.2,1,1,1
16985,0.2,2,1,1
16986,0.2,1,0,0
16987,1.0,0,0,0
16988,0.2,1,0,0
16989,1.0,2,0,1
16990,0.2,2,1,0
16991,0.2,2,0,0
16992,0.2,3,0,0
16993,0.2,1,0,0
16994,0.2,3,1,0
16995,0.2,0,1,1
16996,2.2,2,1,1
16997,0.2,1,1,1
16998,0.2,2,0,0
16999,0.2,2,1,0
17000,0.2,1,1,1
17001,1.0,0,1,1
17002,1.0,1,0,0
17003,0.2,2,1,1
17004,1.0,2,1,1
17005,0.2,1,0,0
17006,0.2,1,0,1
17007,0.2,3,1,1
17008,0.2,1,0,0
17009,0.2,1,1,1
17010,1.0,1,1,1
17011,0.2,1,1,1
17012,0.2,1,1,1
17013,0.2,3,0,0
17014,0.2,2,0,0
17015,0.2,2,1,0
17016,0.2,3,0,0
17017,0.2,1,0,0
17018,0.2,2,0,0
17019,0.2,3,0,0
17020,0.2,2,0,0
17021,0.2,1,0,0
17022,0.2,0,1,1
17023,0.2,1,0,0
17024,0.2,1,1,1
17025,0.2,0,0,0
17026,0.2,2,0,0
17027,0.2,2,0,0
17028,1.0,2,1,1
17029,0.2,1,0,0
17030,0.2,1,0,0
17031,0.2,1,1,1
17032,1.0,2,1,1
17033,0.2,3,0,0
17034,1.0,1,0,1
17035,0.2,1,1,0
17036,0.2,2,0,0
17037,0.2,1,0,1
17038,0.2,2,1,1
17039,0.2,2,0,0
17040,0.2,1,1,1
17041,0.2,2,1,1
17042,0.2,2,1,0
17043,0.2,2,0,0
17044,1.0,2,0,0
17045,0.2,2,1,0
17046,0.2,1,1,0
17047,2.2,2,1,1
17048,0.2,2,0,0
17049,1.0,1,1,1
17050,0.2,1,0,1
17051,1.0,2,0,0
17052,0.2,1,0,0
17053,0.2,1,0,0
17054,1.0,0,1,1
17055,0.2,1,1,1
17056,0.2,1,0,0
17057,1.0,1,1,1
17058,1.0,0,0,0
17059,0.2,1,1,0
17060,0.2,1,0,0
17061,0.2,3,0,0
17062,0.2,2,0,0
17063,0.2,2,1,0
17064,2.2,0,1,1
17065,1.0,0,0,0
17066,0.2,1,1,1
17067,0.2,2,0,0
17068,0.2,1,0,1
17069,1.0,1,1,0
17070,0.2,1,1,0
17071,1.0,1,1,1
17072,1.0,1,0,1
17073,0.2,1,1,1
17074,0.2,1,1,0
17075,1.0,2,1,1
17076,1.0,1,0,0
17077,0.2,2,1,1
17078,0.2,3,0,0
17079,1.0,1,1,1
17080,2.2,2,1,1
17081,0.2,0,1,1
17082,0.2,2,0,0
17083,0.2,2,0,0
17084,0.2,2,0,0
17085,0.2,2,1,1
17086,0.2,2,0,1
17087,0.2,3,0,0
17088,0.2,2,1,1
17089,0.2,0,0,0
17090,0.2,2,0,0
17091,0.2,2,0,0
17092,0.2,2,0,0
17093,0.2,2,0,0
17094,1.0,1,1,1
17095,0.2,3,0,0
17096,1.0,0,0,1
17097,0.2,2,0,0
17098,0.2,1,0,0
17099,0.2,2,0,0
17100,0.2,2,0,0
17101,0.2,0,1,1
17102,0.2,1,1,1
17103,0.2,3,0,0
17104,0.2,2,1,1
17105,0.2,1,1,0
17106,1.0,1,0,1
17107,0.2,3,1,0
17108,2.2,1,1,1
17109,0.2,2,0,0
17110,0.2,1,1,0
17111,1.0,2,1,1
17112,2.2,1,1,1
17113,0.2,3,0,0
17114,0.2,1,1,0
17115,0.2,1,0,0
17116,0.2,1,1,1
17117,0.2,1,1,1
17118,0.2,2,0,1
17119,0.2,2,0,1
17120,1.0,1,1,1
17121,0.2,2,0,0
17122,0.2,1,1,1
17123,0.2,1,1,0
17124,1.0,1,1,1
17125,2.2,2,0,1
17126,0.2,2,0,0
17127,0.2,1,0,1
17128,0.2,1,1,0
17129,0.2,1,1,0
17130,0.2,3,1,1
17131,0.2,1,1,0
17132,0.2,1,0,0
17133,0.2,1,0,0
17134,0.2,1,0,0
17135,0.2,2,1,1
17136,1.0,1,0,1
17137,0.2,2,0,0
17138,0.2,1,0,0
17139,0.2,0,0,0
17140,1.0,1,0,0
17141,0.2,2,1,1
17142,0.2,1,1,1
17143,0.2,2,0,0
17144,0.2,3,1,1
17145,2.2,1,1,1
17146,1.0,2,1,1
17147,0.2,0,1,1
17148,0.2,1,0,0
17149,1.0,1,1,1
17150,0.2,3,0,0
17151,0.2,0,1,1
17152,0.2,1,0,0
17153,0.2,2,0,0
17154,1.0,3,1,1
17155,0.2,1,1,1
17156,0.2,0,0,0
17157,1.0,2,1,1
17158,0.2,2,0,0
17159,1.0,1,1,1
17160,1.0,2,0,1
17161,0.2,2,1,0
17162,0.2,1,0,1
17163,0.2,0,1,1
17164,0.2,1,1,0
17165,1.0,3,1,0
17166,1.0,1,1,1
17167,0.2,2,0,0
17168,0.2,2,0,0
17169,0.2,1,1,1
17170,1.0,1,1,1
17171,0.2,1,1,1
17172,0.2,3,1,0
17173,0.2,2,1,1
17174,1.0,1,0,0
17175,0.2,1,1,1
17176,1.0,3,1,1
17177,0.2,1,1,0
17178,0.2,2,1,0
17179,0.2,0,0,0
17180,1.0,3,1,1
17181,0.2,2,1,1
17182,0.2,1,1,1
17183,0.2,2,1,1
17184,1.0,3,1,1
17185,0.2,2,1,1
17186,0.2,3,0,0
17187,2.2,0,0,1
17188,1.0,2,0,0
17189,0.2,1,0,0
17190,0.2,0,1,1
17191,1.0,2,0,1
17192,1.0,3,1,1
17193,1.0,2,1,1
17194,1.0,2,1,1
17195,1.0,1,1,1
17196,0.2,1,1,1
17197,0.2,1,0,0
17198,0.2,0,1,0
17199,0.2,1,0,1
17200,0.2,2,0,0
17201,0.2,1,0,0
17202,0.2,3,1,1
17203,0.2,3,1,1
17204,0.2,2,1,0
17205,2.2,3,1,1
17206,0.2,1,1,0
17207,0.2,2,0,0
17208,1.0,1,1,1
17209,0.2,1,1,1
17210,1.0,2,1,1
17211,0.2,1,1,0
17212,1.0,1,0,1
17213,0.2,1,1,0
17214,0.2,1,0,0
17215,1.0,0,0,1
17216,0.2,1,1,1
17217,1.0,2,0,1
17218,0.2,1,1,1
17219,0.2,3,1,1
17220,1.0,0,1,1
17221,1.0,2,1,1
17222,0.2,0,1,0
17223,0.2,0,1,1
17224,0.2,1,0,0
17225,0.2,1,1,1
17226,0.2,0,1,0
17227,2.2,1,0,1
17228,0.2,2,0,0
17229,0.2,0,0,0
17230,0.2,2,1,1
17231,0.2,2,0,0
17232,0.2,2,1,0
17233,0.2,3,1,1
17234,0.2,2,1,0
17235,1.0,0,1,1
17236,1.0,2,0,0
17237,0.2,1,1,1
17238,0.2,2,0,1
17239,0.2,1,0,0
17240,0.2,1,1,1
17241,0.2,3,0,0
17242,0.2,1,0,0
17243,0.2,2,1,1
17244,0.2,1,0,0
17245,1.0,2,1,1
17246,0.2,2,1,1
17247,0.2,2,0,0
17248,1.0,3,0,1
17249,0.2,1,0,1
17250,0.2,3,0,0
17251,1.0,1,0,1
17252,0.2,2,0,0
17253,0.2,3,1,1
17254,0.2,2,0,0
17255,0.2,1,1,1
17256,1.0,0,0,0
17257,0.2,3,0,0
17258,0.2,2,0,0
17259,1.0,2,1,1
17260,0.2,2,1,1
17261,0.2,2,0,0
17262,0.2,2,1,1
17263,0.2,1,1,1
17264,1.0,2,1,0
17265,1.0,0,1,1
17266,1.0,1,0,1
17267,0.2,2,1,1
17268,0.2,0,1,1
17269,0.2,2,0,0
17270,0.2,2,0,0
17271,0.2,3,0,0
17272,0.2,3,0,0
17273,1.0,1,0,1
17274,0.2,1,1,1
17275,0.2,2,0,0
17276,0.2,3,0,0
17277,0.2,3,0,0
17278,0.2,3,1,1
17279,0.2,3,0,0
17280,0.2,2,0,0
17281,0.2,3,1,1
17282,0.2,1,1,1
17283,0.2,2,0,1
17284,0.2,3,0,0
17285,2.5999999999999996,2,1,1
17286,0.2,1,0,1
17287,0.2,1,0,0
17288,0.2,3,1,1
17289,0.2,2,0,0
17290,1.0,0,1,1
17291,0.2,2,1,1
17292,1.0,2,1,1
17293,0.2,1,1,1
17294,0.2,2,0,0
17295,0.2,1,1,1
17296,0.2,1,1,0
17297,0.2,2,0,0
17298,0.2,1,1,1
17299,1.0,2,1,1
17300,1.0,2,1,1
17301,0.2,2,0,0
17302,0.2,1,0,0
17303,0.2,3,0,1
17304,0.2,3,1,0
17305,0.2,2,0,0
17306,0.2,1,0,0
17307,0.2,1,0,1
17308,0.2,3,0,0
17309,0.2,1,0,0
17310,0.2,1,0,0
17311,0.2,2,0,1
17312,0.2,2,0,0
17313,0.2,2,0,0
17314,1.0,1,0,1
17315,0.2,2,0,1
17316,0.2,2,0,0
17317,0.2,2,1,0
17318,0.2,0,1,1
17319,0.2,2,1,1
17320,0.2,2,0,1
17321,0.2,2,0,0
17322,0.2,1,0,1
17323,0.2,2,0,0
17324,0.2,0,0,1
17325,0.2,2,0,0
17326,0.2,1,1,1
17327,0.2,3,0,0
17328,1.0,3,1,1
17329,0.2,1,1,0
17330,0.2,0,1,1
17331,0.2,2,0,0
17332,1.0,2,0,1
17333,0.2,2,0,0
17334,0.2,2,0,0
17335,0.2,3,0,0
17336,0.2,1,0,0
17337,0.2,2,0,1
17338,0.2,2,0,1
17339,0.2,0,1,1
17340,0.2,2,0,0
17341,0.2,1,1,1
17342,0.2,2,0,0
17343,0.2,2,0,0
17344,0.2,2,1,1
17345,0.2,2,1,1
17346,0.2,0,1,1
17347,0.2,2,0,0
17348,0.2,3,1,0
17349,1.0,1,0,0
17350,1.0,0,1,1
17351,1.0,0,1,1
17352,0.2,1,1,1
17353,2.2,1,1,1
17354,1.0,3,1,1
17355,1.0,1,1,1
17356,0.2,2,0,0
17357,0.2,1,0,0
17358,1.0,1,0,0
17359,0.2,1,1,1
17360,0.2,2,1,1
17361,0.2,3,1,1
17362,0.2,3,0,0
17363,1.0,2,1,0
17364,1.0,1,0,0
17365,1.0,1,0,1
17366,0.2,2,0,0
17367,0.2,2,0,1
17368,0.2,2,0,0
17369,0.2,2,0,0
17370,0.2,1,0,1
17371,0.2,1,1,0
17372,0.2,1,1,1
17373,0.2,1,0,0
17374,2.2,3,0,1
17375,1.0,3,1,1
17376,0.2,2,0,0
17377,0.2,2,1,1
17378,0.2,1,1,1
17379,0.2,2,0,1
17380,0.2,1,1,0
17381,1.0,1,0,1
17382,1.0,2,0,0
17383,0.2,1,0,0
17384,0.2,2,0,0
17385,0.2,2,0,0
17386,0.2,1,0,0
17387,0.2,2,0,0
17388,0.2,2,0,0
17389,1.0,0,1,1
17390,0.2,2,0,0
17391,0.2,2,1,1
17392,0.2,2,0,0
17393,0.2,3,0,0
17394,0.2,2,1,1
17395,0.2,2,0,0
17396,0.2,1,1,0
17397,1.0,1,1,1
17398,1.0,2,1,1
17399,0.2,1,1,1
17400,0.2,0,1,1
17401,0.2,1,0,0
17402,0.2,1,1,0
17403,0.2,2,0,0
17404,0.2,1,0,0
17405,0.2,1,1,0
17406,1.0,3,0,0
17407,0.2,2,1,1
17408,0.2,1,0,1
17409,0.2,3,0,0
17410,0.2,1,0,0
17411,0.2,1,0,0
17412,0.2,2,1,1
17413,1.0,2,0,0
17414,1.0,1,0,0
17415,0.2,2,0,0
17416,1.0,0,1,1
17417,1.0,2,0,1
17418,0.2,3,1,0
17419,0.2,2,0,0
17420,0.2,3,1,1
17421,0.2,2,0,0
17422,0.2,3,1,0
17423,0.2,1,0,0
17424,0.2,1,1,1
17425,0.2,2,0,0
17426,0.2,2,1,1
17427,0.2,3,0,0
17428,0.2,2,0,0
17429,0.2,2,1,1
17430,0.2,3,1,1
17431,0.2,1,1,1
17432,0.2,1,1,1
17433,0.2,1,1,1
17434,0.2,2,0,1
17435,0.2,2,0,1
17436,0.2,1,0,0
17437,0.2,1,0,0
17438,0.2,2,1,0
17439,0.2,2,0,0
17440,1.0,3,1,1
17441,0.2,0,1,1
17442,0.2,1,1,1
17443,0.2,2,1,1
17444,0.2,1,1,1
17445,1.0,2,1,1
17446,1.0,0,1,1
17447,0.2,0,0,1
17448,0.2,0,1,1
17449,0.2,2,0,0
17450,1.0,2,0,0
17451,0.2,3,0,0
17452,0.2,2,0,0
17453,0.2,3,1,0
17454,1.0,2,1,1
17455,0.2,0,0,0
17456,1.0,2,1,1
17457,1.0,1,0,1
17458,0.2,1,1,1
17459,0.2,2,0,0
17460,1.0,1,1,1
17461,0.2,1,0,1
17462,0.2,2,0,0
17463,0.2,1,0,1
17464,0.2,1,0,0
17465,0.2,2,1,1
17466,0.2,1,1,1
17467,0.2,0,1,1
17468,0.2,3,1,1
17469,0.2,1,1,1
17470,0.2,1,0,0
17471,1.0,0,0,0
17472,0.2,2,0,0
17473,0.2,2,0,1
17474,0.2,1,0,0
17475,0.2,2,1,0
17476,0.2,1,0,0
17477,2.2,1,1,1
17478,0.2,2,0,0
17479,0.2,3,1,1
17480,1.0,1,1,1
17481,0.2,2,0,0
17482,0.2,1,1,1
17483,0.2,1,0,1
17484,2.2,2,1,1
17485,0.2,2,0,0
17486,0.2,2,0,0
17487,0.2,2,0,1
17488,0.2,1,1,1
17489,0.2,2,0,0
17490,0.2,1,1,1
17491,0.2,0,1,0
17492,0.2,1,0,0
17493,1.0,2,0,0
17494,0.2,1,1,0
17495,1.0,1,1,1
17496,0.2,3,1,0
17497,2.2,0,1,1
17498,1.0,2,1,1
17499,1.0,1,1,1
17500,0.2,2,1,1
17501,2.2,1,1,1
17502,1.0,2,1,1
17503,1.0,2,1,1
17504,1.0,1,1,1
17505,0.2,1,0,1
17506,0.2,2,1,0
17507,0.2,1,1,1
17508,0.2,3,0,0
17509,0.2,2,0,1
17510,0.2,3,1,1
17511,0.2,0,1,1
17512,0.2,2,0,0
17513,0.2,2,0,0
17514,0.2,0,0,1
17515,0.2,2,1,1
17516,0.2,2,0,0
17517,1.0,1,0,0
17518,0.2,1,1,1
17519,0.2,1,1,1
17520,0.2,0,0,0
17521,1.0,2,1,1
17522,0.2,2,0,0
17523,0.2,2,0,0
17524,2.2,3,0,1
17525,0.2,0,0,0
17526,1.0,2,1,1
17527,0.2,1,0,1
17528,0.2,1,1,0
17529,0.2,3,0,1
17530,0.2,1,1,1
17531,0.2,2,1,1
17532,0.2,2,1,0
17533,0.2,1,1,0
17534,1.0,1,0,0
17535,0.2,2,0,0
17536,1.0,0,1,1
17537,0.2,2,1,0
17538,0.2,3,0,0
17539,0.2,2,0,0
17540,0.2,2,1,0
17541,0.2,2,0,1
17542,0.2,3,0,0
17543,0.2,2,0,0
17544,0.2,1,1,1
17545,0.2,2,1,0
17546,1.0,1,1,1
17547,0.2,2,1,0
17548,1.0,1,1,1
17549,1.0,1,1,1
17550,0.2,3,0,1
17551,0.2,1,1,0
17552,0.2,0,0,0
17553,0.2,0,1,0
17554,0.2,1,0,1
17555,0.2,2,0,0
17556,0.2,2,0,0
17557,1.0,3,1,1
17558,1.0,1,1,1
17559,2.2,2,1,1
17560,1.0,1,1,1
17561,0.2,2,1,1
17562,2.2,0,0,0
17563,0.2,1,1,1
17564,0.2,3,0,1
17565,0.2,0,0,0
17566,0.2,0,1,1
17567,0.2,3,1,0
17568,0.2,3,0,0
17569,0.2,1,0,0
17570,0.2,3,1,0
17571,0.2,2,1,0
17572,0.2,1,0,1
17573,0.2,1,1,0
17574,1.0,0,1,1
17575,1.0,2,1,1
17576,0.2,0,0,0
17577,0.2,1,0,0
17578,0.2,0,1,1
17579,0.2,1,1,1
17580,0.2,2,1,0
17581,1.0,1,0,1
17582,0.2,3,0,0
17583,1.0,1,1,0
17584,0.2,2,0,0
17585,0.2,2,1,1
17586,1.0,1,1,1
17587,0.2,1,1,1
17588,0.2,1,1,1
17589,0.2,2,0,0
17590,1.0,3,0,0
17591,0.2,1,0,0
17592,1.0,2,1,1
17593,1.0,2,1,1
17594,0.2,2,0,0
17595,0.2,2,1,1
17596,1.0,1,1,1
17597,0.2,2,1,0
17598,0.2,0,0,1
17599,0.2,1,1,1
17600,2.2,2,1,1
17601,0.2,2,1,1
17602,0.2,2,1,1
17603,0.2,1,0,0
17604,1.0,2,0,0
17605,0.2,0,1,1
17606,1.0,2,0,1
17607,0.2,1,0,0
17608,0.2,1,0,1
17609,0.2,3,0,0
17610,0.2,1,1,1
17611,1.0,1,1,1
17612,0.2,2,1,1
17613,0.2,1,1,0
17614,1.0,2,1,1
17615,0.2,1,1,1
17616,0.2,2,0,0
17617,0.2,3,1,0
17618,0.2,3,0,0
17619,0.2,0,1,1
17620,0.2,1,0,0
17621,0.2,2,0,0
17622,0.2,0,1,1
17623,0.2,1,1,0
17624,1.0,2,0,1
17625,0.2,1,0,1
17626,0.2,2,0,0
17627,0.2,1,0,1
17628,0.2,2,0,1
17629,0.2,2,0,0
17630,0.2,2,1,1
17631,1.0,2,0,1
17632,0.2,2,0,1
17633,1.0,1,1,1
17634,0.2,0,1,1
17635,0.2,2,1,1
17636,0.2,3,0,0
17637,0.2,0,0,0
17638,0.2,2,0,0
17639,0.2,0,0,0
17640,0.2,0,1,1
17641,0.2,1,1,0
17642,0.2,2,0,0
17643,0.2,1,1,1
17644,1.0,1,1,1
17645,0.2,1,0,0
17646,1.0,1,0,0
17647,0.2,1,0,0
17648,0.2,3,0,0
17649,0.2,1,0,0
17650,0.2,1,1,0
17651,1.0,2,0,0
17652,0.2,1,0,1
17653,0.2,3,0,0
17654,0.2,1,1,0
17655,1.0,0,0,1
17656,0.2,2,1,1
17657,0.2,0,1,1
17658,0.2,3,0,0
17659,0.2,2,0,0
17660,0.2,1,0,0
17661,0.2,3,0,0
17662,0.2,1,0,0
17663,0.2,2,0,0
17664,0.2,1,0,0
17665,0.2,1,1,0
17666,1.0,0,0,1
17667,0.2,3,1,1
17668,0.2,1,1,1
17669,0.2,1,1,1
17670,0.2,1,1,0
17671,0.2,1,0,0
17672,0.2,1,0,0
17673,0.2,2,0,0
17674,0.2,3,1,0
17675,0.2,1,0,0
17676,0.2,2,0,0
17677,0.2,1,1,1
17678,0.2,1,0,0
17679,0.2,1,0,1
17680,1.0,2,0,0
17681,0.2,1,1,0
17682,0.2,2,0,1
17683,0.2,1,1,1
17684,2.2,1,1,1
17685,0.2,2,1,1
17686,0.2,0,0,0
17687,0.2,2,1,1
17688,0.2,2,1,1
17689,0.2,3,0,0
17690,0.2,1,0,0
17691,0.2,1,0,0
17692,0.2,1,1,0
17693,0.2,0,1,0
17694,1.8,3,1,1
17695,0.2,2,0,0
17696,0.2,1,0,0
17697,0.2,2,0,0
17698,0.2,0,0,0
17699,0.2,0,0,0
17700,1.0,0,1,1
17701,0.2,2,1,0
17702,0.2,2,0,0
17703,1.0,2,0,1
17704,0.2,1,0,0
17705,0.2,3,0,0
17706,0.2,1,1,1
17707,0.2,1,0,0
17708,0.2,0,0,0
17709,0.2,2,1,1
17710,0.2,2,0,0
17711,0.2,2,0,1
17712,0.2,1,0,0
17713,0.2,2,0,0
17714,0.2,1,0,1
17715,0.2,2,0,1
17716,0.2,0,1,0
17717,0.2,1,1,1
17718,0.2,3,1,0
17719,0.2,1,1,1
17720,0.2,3,0,0
17721,0.2,2,0,0
17722,1.0,2,0,0
17723,0.2,2,1,1
17724,1.0,1,0,0
17725,0.2,2,1,1
17726,0.2,2,0,0
17727,0.2,2,0,0
17728,1.0,3,1,0
17729,0.2,1,1,1
17730,0.2,1,1,0
17731,0.2,3,0,0
17732,0.2,2,1,1
17733,0.2,1,0,0
17734,0.2,2,0,0
17735,0.2,2,0,1
17736,1.0,3,1,0
17737,0.2,0,0,0
17738,0.2,1,0,1
17739,0.2,0,0,0
17740,1.0,2,1,1
17741,0.2,1,0,0
17742,0.2,1,0,0
17743,0.2,1,0,0
17744,0.2,1,0,0
17745,0.2,3,0,0
17746,0.2,2,1,1
17747,0.2,1,1,1
17748,0.2,0,1,0
17749,0.2,1,0,0
17750,0.2,1,0,1
17751,0.2,1,1,0
17752,2.2,1,0,1
17753,0.2,2,1,1
17754,0.2,2,0,0
17755,0.2,0,1,1
17756,0.2,2,0,0
17757,0.2,2,0,0
17758,0.2,2,0,0
17759,0.2,2,1,0
17760,0.2,2,1,1
17761,0.2,0,1,1
17762,0.2,2,0,0
17763,0.2,3,0,0
17764,0.2,2,1,1
17765,0.2,1,1,1
17766,0.2,1,1,1
17767,0.2,2,0,0
17768,0.2,1,0,0
17769,0.2,0,0,1
17770,0.2,1,0,0
17771,0.2,2,1,1
17772,1.0,2,0,1
17773,1.0,2,0,0
17774,0.2,1,0,0
17775,0.2,1,1,1
17776,0.2,1,0,0
17777,0.2,2,1,1
17778,0.2,2,0,0
17779,0.2,2,1,0
17780,0.2,1,1,1
17781,0.2,0,1,1
17782,1.0,2,1,1
17783,0.2,2,0,0
17784,0.2,2,1,1
17785,0.2,1,0,1
17786,1.0,0,1,1
17787,0.2,0,1,1
17788,0.2,3,0,0
17789,0.2,2,1,1
17790,2.2,1,1,1
17791,0.2,1,1,0
17792,1.0,2,0,0
17793,1.0,3,0,0
17794,1.0,2,1,1
17795,0.2,3,1,1
17796,0.2,2,0,0
17797,2.2,1,1,1
17798,2.2,1,1,1
17799,0.2,1,0,0
17800,0.2,2,0,0
17801,1.0,1,0,0
17802,1.0,2,0,1
17803,0.2,2,1,0
17804,1.0,2,0,0
17805,0.2,1,0,0
17806,1.0,1,1,1
17807,0.2,1,1,0
17808,1.0,2,1,1
17809,0.2,2,1,1
17810,1.0,1,0,0
17811,1.0,2,1,1
17812,0.2,2,0,0
17813,0.2,1,0,1
17814,0.2,1,1,1
17815,0.2,3,0,0
17816,0.2,1,1,0
17817,1.0,3,1,1
17818,0.2,2,0,0
17819,0.2,2,1,1
17820,0.2,2,0,0
17821,0.2,1,1,1
17822,0.2,1,0,0
17823,0.2,2,0,0
17824,0.2,2,0,0
17825,0.2,1,1,1
17826,0.2,2,0,0
17827,0.2,1,1,0
17828,0.2,2,1,1
17829,0.2,1,0,0
17830,0.2,2,1,0
17831,0.2,0,0,0
17832,0.2,2,0,0
17833,0.2,3,0,0
17834,0.2,2,1,1
17835,0.2,2,1,1
17836,0.2,2,1,1
17837,1.0,2,0,0
17838,1.0,1,1,1
17839,0.2,1,0,0
17840,0.2,2,1,1
17841,1.0,1,1,1
17842,0.2,1,1,0
17843,0.2,3,1,0
17844,0.2,2,1,1
17845,0.2,2,0,0
17846,0.2,2,1,1
17847,1.0,0,0,0
17848,1.0,1,1,0
17849,0.2,2,0,0
17850,0.2,1,0,0
17851,1.0,2,0,1
17852,1.0,1,1,1
17853,0.2,1,0,0
17854,0.2,3,0,0
17855,0.2,2,1,0
17856,0.2,2,1,1
17857,0.2,2,0,0
17858,1.0,2,1,0
17859,1.0,2,1,1
17860,0.2,1,1,1
17861,0.2,2,0,0
17862,0.2,1,1,1
17863,0.2,0,0,1
17864,0.2,1,1,1
17865,1.0,2,0,1
17866,1.0,3,0,1
17867,0.2,0,1,1
17868,0.2,2,0,1
17869,1.0,2,1,1
17870,1.0,0,0,1
17871,0.2,2,0,0
17872,0.2,2,1,1
17873,1.0,2,1,1
17874,0.2,1,1,1
17875,0.2,2,0,0
17876,0.2,2,1,0
17877,0.2,2,0,0
17878,0.2,3,0,0
17879,1.0,1,0,1
17880,0.2,2,0,0
17881,0.2,3,1,1
17882,0.2,3,1,0
17883,0.2,2,0,1
17884,1.0,1,1,0
17885,0.2,0,1,1
17886,0.2,1,1,1
17887,0.2,1,1,0
17888,0.2,1,0,0
17889,0.2,1,1,1
17890,0.2,1,0,1
17891,0.2,3,0,0
17892,2.2,2,0,1
17893,0.2,2,0,0
17894,1.0,0,1,1
17895,0.2,0,1,1
17896,0.2,2,1,0
17897,0.2,3,0,0
17898,0.2,2,0,0
17899,0.2,1,1,1
17900,0.2,0,1,1
17901,1.0,2,1,1
17902,0.2,2,0,0
17903,0.2,2,0,0
17904,0.2,2,0,0
17905,0.2,0,0,1
17906,0.2,1,1,0
17907,0.2,0,0,0
17908,0.2,2,0,0
17909,0.2,0,0,0
17910,0.2,0,0,0
17911,0.2,1,1,1
17912,0.2,2,0,0
17913,0.2,0,0,1
17914,1.0,0,1,1
17915,1.0,1,1,1
17916,0.2,2,1,1
17917,0.2,1,1,0
17918,0.2,1,0,0
17919,0.2,3,1,1
17920,2.2,2,1,1
17921,0.2,1,1,0
17922,0.2,2,1,0
17923,0.2,1,1,1
17924,0.2,1,0,1
17925,0.2,3,0,0
17926,0.2,2,0,0
17927,0.2,1,0,0
17928,0.2,2,1,0
17929,0.2,2,1,0
17930,0.2,2,0,0
17931,0.2,0,1,1
17932,0.2,3,0,0
17933,1.0,1,0,0
17934,1.0,1,1,0
17935,0.2,1,0,0
17936,0.2,3,1,0
17937,0.2,2,1,0
17938,0.2,0,1,1
17939,0.2,2,1,1
17940,0.2,2,1,1
17941,0.2,2,0,0
17942,1.0,3,1,1
17943,0.2,2,0,0
17944,0.2,2,1,1
17945,0.2,1,0,0
17946,1.0,2,1,1
17947,0.2,1,0,0
17948,0.2,2,0,0
17949,1.0,1,1,1
17950,0.2,2,0,0
17951,0.2,3,0,0
17952,0.2,2,1,1
17953,0.2,3,0,0
17954,0.2,2,0,0
17955,0.2,2,0,0
17956,2.2,1,1,1
17957,0.2,3,0,0
17958,0.2,1,0,1
17959,0.2,2,0,0
17960,1.0,2,0,0
17961,0.2,1,1,1
17962,1.0,1,1,1
17963,0.2,2,0,0
17964,1.0,1,1,1
17965,0.2,2,0,0
17966,0.2,2,0,0
17967,0.2,1,1,1
17968,0.2,2,0,1
17969,1.0,3,1,0
17970,0.2,3,0,0
17971,1.0,1,1,1
17972,0.2,1,0,1
17973,0.2,2,1,0
17974,1.0,3,0,0
17975,0.2,1,0,0
17976,0.2,1,0,0
17977,0.2,2,1,1
17978,0.2,1,1,1
17979,0.2,0,1,1
17980,1.0,2,0,1
17981,0.2,2,0,0
17982,1.0,1,0,1
17983,0.2,1,0,0
17984,0.2,1,1,1
17985,1.0,1,1,1
17986,0.2,1,0,0
17987,0.2,1,0,0
17988,1.0,0,0,0
17989,1.0,3,1,1
17990,0.2,1,0,1
17991,0.2,3,1,1
17992,1.0,0,0,1
17993,0.2,1,1,1
17994,0.2,3,0,0
17995,0.2,2,0,0
17996,0.2,1,1,1
17997,0.2,1,1,1
17998,0.2,2,1,0
17999,1.0,0,0,1
