,age,workclass,education,marital-status,occupation,relationship,race,sex,hours-per-week,native-country,income
0,10,4,11,0,12,1,1,1,2,2,0
1,6,4,11,2,3,0,0,1,2,2,1
2,6,4,15,0,7,1,1,1,2,2,0
3,7,4,0,2,8,0,1,1,2,2,0
4,10,4,11,2,3,0,1,1,2,2,0
5,6,6,7,0,4,1,1,0,2,2,0
6,6,4,10,4,5,1,1,1,3,2,0
7,10,2,1,4,14,3,1,1,2,2,0
8,6,4,11,2,4,0,1,1,2,2,0
9,3,7,8,4,4,3,1,0,0,2,0
10,8,4,7,2,3,0,1,1,2,2,1
11,8,4,5,2,6,0,0,1,2,2,0
12,6,5,15,2,4,0,0,1,2,2,1
13,7,6,7,2,4,0,1,1,2,2,1
14,5,4,9,2,14,0,1,1,2,2,1
15,4,6,8,4,12,3,1,1,1,2,0
16,13,1,15,2,4,0,1,1,2,2,0
17,7,4,11,4,7,1,1,0,2,2,1
18,9,4,11,2,3,0,1,1,2,2,1
19,7,6,11,2,12,0,1,1,3,2,1
20,8,6,0,2,5,0,1,1,2,2,0
21,9,4,11,2,3,0,1,1,3,1,0
22,6,4,15,4,13,3,1,0,2,2,0
23,3,4,11,5,8,1,1,0,1,2,0
24,9,4,4,2,3,0,1,1,2,2,0
25,11,6,15,2,11,0,1,1,2,2,0
26,3,4,1,4,3,1,1,1,2,2,0
27,8,4,15,0,1,1,1,0,2,2,0
28,13,4,11,2,3,0,1,1,1,2,0
29,10,6,15,2,3,0,0,1,2,2,0
30,18,4,15,2,4,0,0,1,1,2,0
31,6,4,11,2,7,0,0,1,2,2,0
32,6,6,7,4,4,1,1,1,2,2,0
33,9,4,0,2,12,5,0,0,2,2,0
34,8,4,12,5,4,4,1,0,2,2,1
35,12,4,8,2,12,0,1,1,2,4,0
36,10,4,9,6,4,3,1,1,2,2,0
37,7,4,11,2,3,0,1,1,2,2,0
38,6,4,15,2,12,0,1,1,2,2,1
39,8,4,9,2,12,5,1,0,3,2,0
40,7,4,9,4,3,3,1,1,2,2,0
41,8,4,8,6,1,4,1,0,2,2,0
42,10,4,15,2,3,0,1,1,2,2,0
43,4,5,5,4,14,1,1,1,2,2,0
44,5,5,15,0,12,3,1,1,2,2,0
45,5,1,15,2,1,0,1,1,2,2,0
46,5,5,10,4,10,4,1,0,2,2,0
47,8,4,15,0,3,4,1,1,2,2,0
48,14,4,11,2,12,0,1,1,0,2,1
49,6,6,6,0,12,1,0,1,1,2,0
50,8,7,11,2,11,0,1,1,2,2,1
51,9,1,14,2,10,5,1,0,1,2,1
52,6,4,11,4,14,3,0,1,1,2,0
53,6,4,9,5,8,4,0,0,2,2,0
54,11,4,11,2,8,0,0,1,2,2,1
55,3,4,7,4,12,4,1,0,1,2,0
56,6,6,10,0,5,1,1,1,2,2,0
57,13,4,11,2,8,0,1,1,1,2,0
58,8,7,12,0,10,1,1,0,1,2,0
59,8,4,8,2,8,5,1,0,3,2,1
60,8,4,1,2,7,0,1,1,2,2,0
61,9,0,0,0,0,4,1,0,2,2,0
62,6,4,11,4,12,1,1,0,2,2,0
63,6,4,10,2,10,2,1,0,2,2,0
64,3,1,10,4,10,2,1,1,1,2,1
65,7,4,7,0,1,4,1,1,2,2,0
66,3,4,11,4,3,3,1,1,1,2,0
67,3,4,11,4,14,3,1,0,0,2,0
68,4,4,11,4,7,1,1,0,2,2,0
69,6,6,11,2,12,0,1,1,3,2,1
70,5,5,11,4,3,1,1,1,1,2,0
71,4,0,15,4,0,1,1,1,2,2,0
72,7,4,2,2,13,0,0,1,2,2,0
73,6,4,9,4,4,4,1,0,2,2,0
74,9,4,11,2,3,0,1,1,2,2,1
75,10,4,9,2,12,0,1,1,2,2,0
76,8,4,9,2,12,0,1,1,2,2,1
77,5,0,11,6,0,1,1,0,2,2,0
78,6,4,11,2,8,0,1,1,2,2,0
79,10,4,1,2,3,0,1,1,2,0,0
80,5,4,11,2,8,0,1,1,2,2,1
81,8,1,15,0,4,3,1,0,2,2,0
82,7,6,1,2,3,0,1,1,2,2,1
83,5,2,9,4,4,1,1,0,2,2,0
84,5,6,10,2,10,0,1,1,2,2,0
85,9,4,11,2,3,0,1,1,3,2,0
86,8,4,11,2,3,0,1,1,2,2,0
87,4,6,9,4,10,1,1,1,0,2,1
88,6,4,15,2,1,0,1,1,2,2,0
89,11,4,1,2,3,0,0,1,1,2,0
90,9,4,15,0,4,1,1,1,2,2,0
91,11,2,9,0,3,4,1,0,0,2,0
92,7,4,15,0,11,1,1,0,2,2,0
93,7,4,11,2,14,0,1,1,2,2,0
94,5,4,8,2,3,0,1,1,2,2,1
95,8,4,11,0,3,1,1,1,2,2,0
96,4,1,9,4,4,1,1,1,0,2,0
97,5,4,15,4,8,3,0,1,2,2,0
98,9,4,8,2,9,0,1,1,2,2,0
99,7,6,9,2,12,0,1,1,2,2,1
100,4,4,11,4,3,1,1,1,2,2,0
101,5,4,8,0,13,1,1,1,1,2,0
102,15,4,5,6,14,1,0,1,3,2,0
103,6,5,11,4,12,1,1,1,2,2,0
104,6,4,15,0,1,1,1,0,1,2,0
105,4,4,9,4,10,1,1,0,1,2,0
106,4,4,15,4,1,2,1,0,2,2,0
107,5,4,9,2,3,0,0,1,2,2,0
108,4,0,1,4,0,1,1,1,1,2,0
109,6,2,11,0,8,1,1,0,1,2,0
110,3,6,8,4,1,3,0,1,1,0,0
111,10,4,15,2,4,0,1,1,2,2,0
112,8,4,9,2,12,5,1,0,2,2,1
113,5,4,11,2,1,0,0,1,1,2,0
114,15,4,9,6,14,1,1,1,0,2,1
115,6,4,8,0,3,4,1,1,2,2,0
116,9,1,11,4,14,1,1,1,1,2,0
117,5,4,15,4,8,2,1,1,1,1,0
118,9,4,9,2,12,0,1,1,2,2,0
119,7,4,12,2,10,0,1,1,2,2,0
120,8,4,11,5,3,1,1,0,2,2,0
121,10,4,11,2,3,0,1,1,2,1,0
122,8,4,15,0,3,1,1,1,3,2,1
123,5,7,11,2,11,0,0,1,2,2,0
124,4,2,11,4,11,3,1,1,0,2,0
125,6,4,11,4,8,1,1,1,3,2,0
126,4,4,10,4,10,1,1,1,1,2,0
127,7,6,11,0,5,1,1,1,2,2,0
128,10,4,11,2,3,0,0,1,2,2,0
129,8,4,11,0,1,3,1,0,1,2,0
130,4,4,15,4,4,1,1,0,1,2,0
131,10,4,7,2,14,0,1,1,2,2,0
132,6,4,11,2,4,2,1,0,1,2,0
133,6,4,11,2,10,0,0,1,2,2,1
134,6,4,15,2,7,0,1,1,2,2,0
135,4,0,9,2,0,0,1,1,2,2,1
136,11,0,9,0,0,1,1,0,2,2,0
137,9,4,12,2,4,0,1,1,2,2,1
138,7,4,11,2,6,0,1,1,2,2,1
139,4,4,0,4,3,3,1,1,1,2,0
140,4,2,11,4,8,3,1,0,1,2,0
141,4,4,11,2,8,0,1,1,1,2,1
142,7,4,15,4,8,1,1,0,2,2,1
143,5,4,11,4,3,3,0,0,2,2,0
144,9,5,1,2,3,0,1,1,2,0,0
145,6,4,15,2,8,0,1,1,2,2,1
146,7,4,8,2,4,0,1,1,2,2,0
147,3,2,15,4,8,1,1,0,2,2,0
148,4,4,1,4,3,3,1,1,2,2,0
149,9,4,11,2,8,0,1,1,1,2,1
150,10,4,9,0,10,1,0,1,2,0,1
151,9,4,9,2,1,0,1,1,2,2,1
152,9,4,11,2,7,0,0,1,2,0,1
153,9,4,6,0,12,4,1,0,3,2,0
154,4,4,15,4,8,1,1,1,2,2,1
155,6,4,15,2,11,0,1,1,2,2,0
156,7,4,15,2,8,0,1,1,2,2,0
157,6,4,11,0,8,1,1,0,2,2,0
158,12,4,11,2,8,0,1,1,4,2,0
159,7,4,9,0,12,4,1,0,3,2,0
160,4,4,11,4,1,1,1,1,2,2,1
161,4,4,1,4,3,3,1,1,2,2,0
162,6,4,11,0,3,3,1,1,3,2,0
163,10,4,9,0,13,4,1,0,2,2,0
164,9,6,11,2,5,0,1,1,2,2,1
165,9,6,11,2,5,0,1,1,1,2,1
166,14,6,11,3,3,1,1,1,3,2,0
167,10,4,15,2,14,0,0,1,2,2,1
168,6,4,11,2,14,0,0,1,3,2,0
169,7,4,7,4,12,1,1,0,2,2,0
170,4,7,9,4,13,1,1,1,2,2,0
171,11,0,13,2,0,0,1,1,2,2,1
172,5,4,8,2,3,0,1,1,2,2,0
173,10,4,7,0,8,4,1,0,2,2,0
174,10,4,11,4,12,2,1,0,2,2,0
175,9,4,6,2,3,0,1,1,2,2,1
176,4,0,15,4,0,1,1,1,2,2,0
177,12,0,8,2,0,0,1,1,2,2,0
178,9,5,5,2,3,0,1,1,2,2,0
179,8,5,15,2,4,0,1,1,2,1,0
180,9,4,11,2,8,0,1,1,2,2,0
181,5,6,9,4,12,3,0,1,2,0,0
182,9,5,9,2,4,0,0,1,2,2,0
183,5,4,11,2,3,0,1,1,2,2,1
184,4,4,9,4,1,3,1,0,1,2,0
185,5,2,8,0,8,4,1,0,2,2,0
186,9,4,11,2,3,0,0,1,2,2,0
187,5,4,15,4,8,4,1,0,2,2,0
188,7,4,12,2,5,0,1,1,1,2,0
189,14,4,11,4,1,1,1,0,0,2,0
190,5,7,9,2,10,0,1,1,2,2,1
191,3,4,15,4,1,3,1,0,1,2,0
192,10,4,11,0,14,1,1,1,2,2,0
193,8,4,11,2,7,0,1,1,2,2,1
194,8,4,9,2,4,0,1,1,2,2,0
195,4,4,11,4,7,1,1,0,2,2,1
196,6,4,5,2,9,5,1,0,2,2,0
197,4,6,12,4,4,1,1,1,2,2,0
198,14,4,8,6,12,1,0,1,1,2,0
199,14,4,4,2,8,0,0,1,0,2,1
200,12,4,11,3,1,4,1,0,4,2,0
201,6,4,15,2,6,0,0,1,2,2,0
202,5,4,11,4,7,1,1,1,2,2,0
203,5,4,15,4,12,3,0,0,3,2,0
204,12,7,11,0,1,4,1,1,2,2,1
205,4,6,15,4,5,3,1,1,2,2,0
206,5,4,12,4,9,1,1,1,2,2,0
207,12,4,15,2,12,0,1,1,4,2,0
208,7,0,15,2,3,0,1,1,2,2,1
209,6,6,10,4,10,3,1,1,2,2,0
210,9,4,1,2,7,0,0,1,2,0,1
211,6,1,11,2,1,0,1,1,3,2,0
212,8,4,0,2,14,0,0,1,1,2,0
213,4,4,11,2,3,0,1,1,1,2,1
214,7,4,8,4,13,1,1,1,2,2,0
215,6,4,8,4,3,1,1,1,2,2,0
216,6,2,15,4,11,3,1,1,2,2,0
217,6,4,11,4,7,1,1,0,3,2,0
218,9,4,1,2,7,5,0,0,2,3,0
219,4,4,11,2,7,0,1,1,2,2,0
220,3,4,0,2,3,0,1,1,0,2,1
221,8,4,11,4,8,4,1,0,2,2,0
222,8,0,11,2,0,0,1,1,2,2,0
223,6,4,15,4,1,1,1,0,2,2,0
224,11,4,11,2,8,0,1,1,2,2,1
225,7,6,15,4,10,3,1,0,2,2,0
226,4,4,12,4,4,3,1,1,0,2,0
227,13,4,11,6,3,4,1,0,2,2,0
228,6,6,11,4,3,3,1,1,1,2,0
229,10,6,11,2,12,0,0,1,1,2,0
230,9,4,7,4,4,3,0,1,2,2,0
231,10,0,15,2,0,0,1,1,2,2,0
232,5,6,11,4,5,1,0,1,0,2,1
233,6,4,12,2,10,0,0,1,2,2,1
234,8,4,8,2,6,0,0,1,2,0,1
235,4,6,11,4,12,2,1,1,2,2,0
236,8,4,9,2,1,0,1,1,2,2,0
237,10,4,11,2,4,0,1,1,2,2,1
238,7,4,0,2,8,0,1,1,2,2,0
239,7,4,11,0,3,1,1,1,2,2,0
240,9,4,7,2,4,0,0,1,2,2,0
241,6,4,9,2,10,0,1,1,2,1,0
242,6,6,11,0,1,1,1,0,4,2,0
243,9,4,5,0,10,1,1,0,1,2,1
244,6,4,8,2,7,0,1,1,2,2,0
245,8,4,11,2,8,5,1,0,2,2,1
246,9,4,15,2,4,0,1,1,2,2,1
247,10,4,11,2,3,0,1,1,3,2,0
248,8,4,0,2,8,0,0,1,2,2,1
249,6,7,10,2,13,0,1,1,2,2,1
250,4,4,9,4,4,3,1,0,1,2,0
251,9,4,11,5,8,2,1,0,2,2,0
252,9,4,11,2,14,0,1,1,2,2,0
253,5,4,9,6,4,1,1,0,2,2,0
254,9,4,9,6,12,4,1,1,3,2,0
255,15,4,9,0,4,1,1,0,3,2,0
256,8,4,11,4,1,4,1,0,2,2,0
257,10,2,14,2,10,0,1,1,1,2,0
258,8,6,8,2,4,0,1,1,0,2,1
259,6,4,11,5,1,1,1,0,2,2,1
260,9,4,11,2,3,0,1,1,2,2,1
261,9,4,15,2,4,5,1,0,2,2,1
262,6,4,9,0,10,1,1,1,1,2,1
263,9,4,11,2,8,0,1,1,2,2,1
264,6,4,11,4,1,1,0,0,2,2,0
265,11,4,15,2,1,5,1,0,2,2,0
266,6,7,10,4,10,1,1,0,2,2,0
267,7,2,9,2,10,0,1,1,2,2,1
268,6,7,12,2,10,0,1,1,1,2,0
269,11,0,2,0,0,1,1,0,2,2,0
270,5,4,6,2,3,0,1,1,0,2,0
271,11,4,15,2,6,0,1,1,2,2,1
272,5,4,5,2,3,0,1,1,0,2,0
273,3,4,9,4,12,2,1,1,1,2,0
274,7,4,1,2,3,0,1,1,2,2,1
275,4,4,15,4,12,3,1,0,3,2,0
276,4,4,11,4,3,3,1,1,1,2,0
277,7,4,9,2,10,0,1,1,2,2,0
278,6,4,5,2,3,0,1,1,3,2,1
279,8,5,11,2,3,0,1,1,2,2,0
280,7,4,1,4,8,3,1,0,2,2,0
281,5,4,11,2,3,0,1,1,2,2,1
282,10,4,11,2,14,0,1,1,1,2,1
283,8,6,12,2,10,0,1,1,3,2,0
284,6,4,1,2,3,0,0,1,2,2,1
285,10,4,8,0,4,3,1,0,1,2,0
286,6,4,12,2,6,0,1,1,2,2,1
287,13,4,9,2,7,0,1,1,0,2,0
288,4,4,15,4,6,3,1,1,2,2,0
289,7,6,11,0,8,4,1,0,2,2,0
290,9,4,10,2,10,0,1,1,2,2,0
291,9,2,2,2,11,0,0,1,1,2,1
292,4,4,1,4,12,3,1,1,1,2,0
293,6,4,11,2,6,0,1,1,2,2,0
294,3,4,5,4,10,3,1,1,1,2,0
295,9,4,11,2,3,0,1,1,2,2,0
296,11,4,11,2,4,0,1,1,2,2,0
297,9,4,14,2,4,0,1,1,2,2,0
298,13,6,9,6,12,4,1,0,1,2,0
299,7,4,9,2,4,0,1,1,2,2,0
300,3,2,11,4,3,1,0,1,2,2,0
301,6,4,15,4,3,3,1,1,2,1,0
302,8,4,11,5,3,1,1,1,2,2,0
303,11,4,11,2,4,0,1,1,2,2,0
304,6,6,9,4,10,3,1,1,2,2,0
305,12,5,9,2,4,0,1,1,1,4,1
306,6,4,0,4,8,3,0,0,2,2,0
307,8,4,15,2,13,0,1,1,2,2,0
308,4,4,9,4,1,3,1,0,1,2,0
309,9,4,11,4,1,4,0,0,2,2,0
310,6,4,15,4,1,4,1,0,1,2,0
311,11,2,8,6,3,1,1,1,0,2,0
312,8,4,8,2,12,0,0,1,2,2,0
313,10,6,11,0,12,2,1,0,2,2,0
314,11,4,11,0,1,1,1,0,2,2,0
315,4,4,12,2,10,0,1,1,2,2,0
316,6,5,0,5,12,2,1,1,2,2,0
317,10,4,1,2,7,0,1,1,2,2,0
318,5,4,9,4,4,4,1,0,2,2,0
319,5,4,15,4,1,3,1,0,2,2,0
320,6,4,11,4,3,2,1,1,1,2,0
321,8,4,6,2,3,0,1,1,2,2,0
322,4,4,11,4,12,4,1,0,2,2,0
323,10,4,14,4,10,1,1,0,2,2,0
324,9,7,9,2,4,0,1,1,2,2,0
325,5,4,15,4,10,1,1,1,2,2,0
326,8,7,15,0,10,1,1,1,2,2,1
327,9,2,9,4,10,1,1,0,2,2,0
328,8,4,11,2,6,0,1,1,2,2,1
329,6,2,14,4,10,3,1,1,2,2,0
330,6,4,11,2,4,0,1,1,2,2,0
331,8,4,15,6,4,1,1,1,2,2,0
332,4,4,8,4,1,3,1,0,2,2,0
333,7,2,11,2,14,0,1,1,1,1,1
334,10,4,15,2,3,0,1,1,2,4,0
335,7,6,9,2,4,0,1,1,2,2,1
336,4,4,9,2,10,0,1,1,0,2,0
337,8,4,11,4,3,3,1,1,2,2,0
338,10,4,8,2,1,2,0,1,2,2,0
339,6,4,8,3,10,5,1,0,2,2,1
340,5,5,9,2,4,0,1,1,1,2,0
341,5,6,0,2,5,0,1,1,2,2,0
342,3,4,6,4,12,1,1,1,4,2,0
343,6,2,12,0,10,1,1,1,0,2,0
344,6,2,9,0,10,1,0,0,2,2,0
345,10,4,15,2,3,0,1,1,2,2,0
346,6,4,11,0,8,1,0,0,4,0,0
347,4,4,15,4,13,1,1,0,2,2,0
348,12,4,11,2,8,0,1,1,2,2,0
349,15,4,15,2,7,0,1,1,3,2,1
350,8,4,5,4,10,4,1,1,2,4,0
351,5,4,15,4,12,3,1,1,2,2,0
352,4,4,11,4,8,3,1,0,1,2,0
353,9,2,9,2,4,0,1,1,2,2,0
354,10,4,15,2,13,0,1,1,3,2,0
355,6,4,15,4,12,4,1,0,2,2,0
356,12,4,9,2,12,0,1,1,4,2,0
357,6,0,11,0,0,4,1,0,2,2,0
358,8,6,1,0,8,3,1,1,2,2,0
359,6,6,11,2,3,5,1,0,2,2,1
360,11,4,11,2,7,5,1,1,2,2,1
361,5,4,8,2,6,0,0,1,2,2,0
362,7,6,9,0,12,1,1,1,2,2,1
363,7,6,11,2,11,0,1,1,2,2,1
364,5,0,0,4,0,4,1,0,3,1,0
365,7,4,9,4,4,4,1,1,3,2,0
366,5,4,11,4,6,3,0,0,2,2,0
367,10,4,15,2,12,0,1,1,3,2,0
368,10,2,14,2,10,0,1,1,3,2,0
369,10,4,11,2,6,0,1,1,2,2,0
370,10,4,15,2,10,0,1,1,2,2,0
371,7,2,9,4,4,3,1,0,2,2,0
372,7,4,12,2,12,0,1,1,2,2,1
373,5,4,15,2,3,0,1,1,2,2,0
374,7,4,15,0,1,0,0,1,2,2,1
375,5,2,9,2,10,0,1,1,2,2,1
376,7,6,9,2,10,0,1,1,2,2,0
377,4,4,11,4,1,3,1,0,1,2,0
378,8,4,1,2,3,0,1,1,2,2,1
379,3,4,15,4,5,3,1,1,1,2,0
380,10,4,6,2,9,5,1,0,2,2,1
381,6,4,12,4,4,1,1,0,2,2,0
382,4,5,8,4,5,3,1,1,2,2,0
383,8,4,15,0,13,1,1,1,2,2,1
384,7,4,11,2,14,0,1,1,2,2,1
385,4,7,12,4,10,3,1,0,2,2,0
386,10,4,7,2,3,0,1,1,2,2,0
387,12,6,14,2,10,5,1,0,2,2,1
388,9,4,11,4,4,3,1,1,2,2,0
389,10,7,9,0,10,4,1,0,2,2,0
390,6,4,11,2,8,5,0,0,1,2,0
391,14,4,9,2,12,0,1,1,1,2,1
392,7,4,9,4,8,1,0,1,2,2,0
393,7,4,6,2,12,0,1,1,2,2,0
394,5,4,15,0,11,4,1,1,2,2,0
395,11,4,6,0,3,1,1,1,1,2,0
396,6,4,9,4,8,3,1,0,1,2,0
397,10,4,5,2,5,0,0,1,2,0,1
398,7,4,12,2,6,0,1,1,2,2,0
399,12,4,15,2,3,0,1,1,2,2,0
400,5,6,11,2,7,0,1,1,2,2,1
401,9,4,9,5,12,5,1,0,2,0,1
402,9,4,1,0,6,1,1,1,2,2,0
403,6,4,11,2,8,5,1,0,2,2,0
404,8,7,7,2,10,0,1,1,1,2,1
405,8,4,9,2,4,0,0,1,2,0,0
406,11,0,15,0,0,1,1,0,2,2,0
407,13,4,11,2,4,0,1,1,0,2,1
408,6,4,15,2,3,0,1,1,2,2,1
409,5,4,11,4,12,4,0,0,2,4,0
410,4,4,12,4,10,3,1,1,2,2,0
411,5,4,2,4,9,1,1,1,2,2,0
412,6,4,9,4,4,1,1,0,3,2,0
413,7,4,11,2,4,0,0,1,3,2,0
414,5,4,9,2,12,0,1,1,2,2,1
415,6,4,12,2,10,0,0,1,2,2,1
416,6,6,11,2,14,0,1,1,2,2,0
417,4,4,15,4,1,3,1,0,2,2,0
418,7,5,15,2,10,0,1,1,2,2,1
419,3,6,1,5,3,1,1,1,0,2,0
420,6,4,11,4,8,3,1,0,2,2,0
421,8,4,11,2,3,0,1,1,2,2,0
422,8,2,11,2,8,0,1,1,2,2,0
423,8,4,11,2,7,0,0,1,2,2,0
424,11,5,9,4,4,3,1,1,2,2,0
425,6,2,7,2,14,0,0,1,2,0,1
426,4,2,10,2,10,0,1,1,2,2,1
427,12,4,15,2,13,0,1,1,4,2,1
428,4,4,11,4,7,1,1,1,2,2,0
429,8,0,15,2,0,0,0,1,2,2,0
430,4,4,11,4,12,3,0,1,1,0,0
431,6,4,8,2,3,0,1,1,2,2,0
432,9,6,15,4,4,1,1,1,2,2,0
433,7,4,11,2,7,0,1,1,2,2,1
434,6,2,14,2,10,0,1,1,2,2,1
435,9,6,11,2,14,0,1,1,1,2,0
436,4,2,12,4,10,4,1,0,0,2,0
437,9,4,12,5,10,1,1,1,1,2,0
438,5,4,15,2,7,0,1,1,2,2,1
439,6,4,15,2,12,0,1,1,1,2,0
440,11,4,11,6,3,4,1,0,2,2,0
441,5,6,15,4,12,1,1,0,2,2,0
442,5,4,9,2,12,0,1,1,2,2,1
443,9,0,11,4,6,2,1,1,2,2,0
444,7,4,11,2,8,5,1,0,2,2,0
445,11,4,15,2,1,5,1,0,2,2,1
446,11,4,11,2,14,0,1,1,2,2,0
447,6,4,5,2,12,0,1,1,2,2,0
448,3,4,15,4,4,3,1,1,0,2,0
449,8,4,11,2,1,0,1,1,2,2,1
450,8,4,15,2,1,0,1,1,1,2,1
451,9,4,15,2,12,0,1,1,2,2,1
452,8,4,15,0,1,4,1,0,2,2,0
453,9,4,5,4,8,3,1,1,2,2,0
454,7,4,15,0,12,1,1,0,2,2,0
455,7,4,1,4,3,3,1,1,1,2,0
456,10,4,11,2,4,0,1,1,2,2,1
457,6,4,11,0,3,1,1,1,2,2,0
458,6,4,11,4,7,4,1,1,2,2,0
459,7,7,11,0,13,4,1,0,2,2,0
460,10,4,4,2,3,0,1,1,1,1,1
461,6,4,15,2,6,0,1,1,2,2,0
462,9,6,9,0,10,1,1,1,2,2,1
463,7,4,9,2,12,0,1,1,3,2,1
464,8,4,9,2,14,0,1,1,2,2,1
465,4,6,11,4,7,1,1,1,1,2,1
466,4,0,15,2,0,0,1,1,0,2,0
467,8,4,11,2,4,0,1,1,1,2,1
468,4,4,0,4,1,3,1,0,2,2,0
469,7,4,15,4,4,3,1,1,2,2,0
470,6,7,15,4,8,4,0,0,2,2,0
471,6,4,11,5,8,1,1,1,2,2,0
472,7,2,15,4,1,1,1,0,2,2,0
473,6,4,11,2,14,0,1,1,2,2,1
474,10,4,9,2,4,5,1,0,2,2,1
475,6,2,8,4,4,1,0,1,2,2,0
476,13,6,15,2,12,0,1,1,0,2,1
477,9,4,15,0,12,4,1,0,2,2,0
478,6,6,11,2,5,0,1,1,4,2,0
479,8,4,15,4,13,3,1,1,2,2,0
480,3,1,15,4,1,3,1,0,0,2,0
481,11,4,15,4,1,3,0,0,2,2,0
482,8,4,11,0,3,1,1,1,2,2,0
483,6,4,0,4,12,1,0,1,2,2,0
484,5,4,11,4,4,1,1,1,2,2,1
485,12,4,3,2,10,0,0,1,2,2,1
486,3,2,11,4,3,3,1,1,1,2,0
487,11,4,15,2,7,0,1,1,2,2,0
488,5,4,9,4,10,1,0,0,2,2,0
489,5,4,6,2,7,0,1,1,2,2,0
490,4,4,15,3,1,1,1,0,1,2,1
491,7,4,15,2,12,5,1,0,3,2,0
492,6,4,11,5,4,1,1,1,1,2,0
493,13,4,11,6,6,1,1,0,1,2,0
494,6,4,9,4,7,3,1,1,2,2,0
495,10,4,11,2,1,5,1,0,2,2,1
496,10,6,9,2,12,0,1,1,2,2,0
497,5,7,8,5,1,4,1,0,2,2,1
498,12,4,9,0,4,4,1,0,2,2,0
499,7,2,15,0,1,4,1,0,2,2,0
500,9,4,15,2,11,0,1,1,2,2,1
501,3,4,9,4,4,1,1,1,4,2,0
502,14,6,8,2,4,0,1,1,1,2,0
503,10,4,11,0,1,4,1,0,2,2,0
504,10,4,6,0,3,1,1,0,2,2,0
505,6,4,10,4,4,3,1,1,2,2,0
506,9,4,11,2,3,0,1,1,2,2,1
507,9,0,11,0,3,1,1,1,1,2,0
508,9,4,1,4,3,1,1,1,2,2,0
509,5,4,9,4,4,1,1,1,2,2,1
510,12,4,15,0,12,1,1,0,1,2,0
511,11,4,15,2,3,0,1,1,2,2,0
512,9,4,11,2,12,0,1,1,1,2,1
513,4,4,15,4,6,3,1,1,2,2,0
514,3,4,7,4,7,1,0,1,2,2,0
515,4,4,11,4,7,1,1,1,2,2,0
516,8,4,11,2,7,0,1,1,2,2,1
517,5,4,1,4,6,3,1,1,1,2,0
518,11,4,0,2,8,0,1,1,2,2,0
519,9,4,9,2,4,0,1,1,1,2,1
520,9,4,11,2,7,0,1,1,2,2,1
521,11,5,15,2,4,0,1,1,2,2,0
522,5,6,11,2,5,0,1,1,2,4,1
523,4,6,11,2,7,0,1,1,2,2,1
524,9,4,15,0,8,2,1,0,2,2,0
525,7,4,7,4,1,1,1,1,1,2,0
526,3,4,15,4,3,3,0,1,1,1,0
527,6,4,0,2,3,0,1,1,2,2,0
528,10,4,6,2,8,0,1,1,2,2,0
529,7,4,11,2,12,0,1,1,2,2,0
530,6,4,15,2,1,5,1,0,1,2,0
531,4,6,9,4,4,1,1,1,2,2,0
532,5,4,8,4,3,1,1,1,2,2,0
533,7,4,8,2,4,5,1,0,2,2,0
534,8,4,11,0,8,4,0,0,2,2,0
535,5,4,11,4,8,1,1,1,2,2,0
536,7,4,15,4,12,2,1,0,2,2,0
537,8,4,15,3,12,5,1,0,2,2,1
538,5,4,11,4,14,1,0,0,2,2,0
539,4,5,15,4,12,3,1,0,1,2,0
540,9,4,15,2,1,0,1,1,2,2,1
541,9,4,15,2,3,0,1,1,2,2,0
542,5,4,6,2,3,0,1,1,1,2,1
543,5,4,11,4,3,1,1,1,2,2,0
544,10,4,11,2,3,0,1,1,3,2,0
545,9,4,11,2,14,0,1,1,2,2,1
546,3,4,6,4,8,2,1,0,1,2,0
547,5,4,12,4,4,3,1,1,2,2,0
548,6,2,15,4,10,3,1,1,1,2,0
549,14,7,12,0,10,4,1,1,1,2,0
550,6,2,15,2,10,0,1,1,2,2,0
551,6,4,11,0,14,4,1,1,2,2,1
552,4,4,0,4,7,4,1,1,1,2,0
553,11,4,4,2,3,0,1,1,2,2,1
554,8,4,1,0,8,1,1,1,2,2,0
555,6,4,9,4,12,4,1,0,2,2,0
556,8,2,9,2,14,0,1,1,2,2,1
557,11,4,15,6,4,4,1,0,3,2,0
558,8,4,11,0,1,1,1,0,4,2,0
559,13,4,0,2,14,0,0,1,2,2,1
560,5,4,9,2,12,0,0,1,2,2,0
561,4,1,11,4,4,1,0,1,2,2,0
562,11,6,11,2,12,0,1,1,1,2,0
563,10,4,12,2,4,5,1,0,1,2,0
564,8,4,11,2,3,0,1,1,2,2,1
565,4,0,11,4,0,3,1,0,1,2,0
566,7,4,7,4,4,1,1,0,2,2,0
567,11,4,15,2,12,0,1,1,2,2,0
568,10,4,11,2,10,0,1,1,2,2,1
569,10,4,2,6,9,1,1,1,2,2,0
570,6,4,15,4,8,3,1,1,2,2,0
571,8,4,1,2,8,5,0,0,2,2,1
572,4,0,15,4,0,3,1,0,1,2,0
573,3,4,15,4,10,1,1,0,2,2,1
574,9,4,9,2,10,0,1,1,2,2,1
575,5,4,1,2,6,0,1,1,2,2,1
576,8,1,14,0,10,1,1,0,2,2,0
577,4,4,15,4,12,3,1,0,2,2,0
578,14,4,15,2,12,0,1,1,0,2,1
579,4,1,11,4,14,1,0,1,1,2,0
580,4,4,8,4,1,1,0,0,1,2,0
581,8,4,12,2,12,0,1,1,2,2,0
582,4,4,9,0,10,4,1,0,2,2,0
583,4,0,11,4,0,1,0,1,2,2,0
584,7,4,5,2,3,0,1,1,2,2,0
585,4,4,9,4,10,3,0,0,2,2,0
586,7,4,11,0,1,4,0,0,1,2,0
587,8,4,11,2,7,0,1,1,2,2,0
588,4,2,9,4,4,3,1,0,2,2,0
589,4,1,15,4,1,3,1,0,1,2,0
590,8,6,9,2,12,0,1,1,1,2,0
591,3,0,15,4,0,1,1,0,1,2,0
592,7,0,11,2,1,0,1,1,2,2,1
593,6,4,5,2,12,5,1,0,2,2,0
594,4,4,11,4,4,3,1,1,2,2,0
595,12,4,1,2,14,0,1,1,2,2,0
596,8,4,9,0,10,1,1,1,2,2,1
597,9,4,11,5,7,2,1,0,2,2,0
598,7,5,15,4,4,1,1,1,2,2,0
599,4,4,11,4,12,3,1,1,2,2,0
600,5,4,12,2,12,0,1,1,2,1,1
601,11,7,14,2,10,0,1,1,2,2,0
602,6,4,9,0,4,1,1,1,2,2,0
603,5,5,15,3,12,4,1,1,1,2,1
604,6,6,15,2,12,0,1,1,2,2,1
605,9,4,11,2,6,0,0,1,2,2,1
606,10,4,15,2,8,0,1,1,2,2,0
607,8,2,8,2,10,0,1,1,2,2,1
608,4,4,9,2,14,0,1,1,2,2,0
609,8,6,11,0,1,1,1,0,2,2,1
610,13,4,15,0,13,1,1,1,0,2,0
611,5,4,11,4,8,3,1,0,2,2,0
612,14,4,9,2,1,5,1,0,3,2,0
613,12,0,2,2,0,0,1,1,4,2,1
614,10,4,7,2,8,0,1,1,2,2,0
615,6,7,9,4,1,1,1,0,2,2,0
616,8,4,15,0,4,1,1,1,3,2,0
617,10,2,9,2,10,0,1,1,2,2,0
618,6,2,12,0,8,1,1,0,2,2,0
619,4,4,15,4,12,4,1,0,2,2,0
620,12,4,11,2,14,0,1,1,2,2,0
621,4,4,11,4,8,1,1,0,1,2,0
622,8,4,6,0,8,1,1,1,2,2,0
623,12,4,11,4,7,1,1,1,1,2,0
624,7,4,9,4,8,2,1,1,2,2,0
625,12,7,11,6,8,1,1,0,0,2,0
626,7,4,15,0,4,1,1,0,2,2,1
627,9,2,7,2,14,0,1,1,2,2,0
628,6,4,15,4,1,3,1,1,1,2,0
629,5,4,11,4,12,3,1,0,2,2,0
630,8,4,15,2,12,0,1,1,3,2,0
631,9,4,11,2,7,0,1,1,2,2,1
632,14,4,11,2,8,0,1,1,3,2,0
633,10,2,12,2,10,0,1,1,2,2,0
634,4,4,11,4,4,3,1,0,2,2,0
635,6,4,0,4,3,3,1,1,2,2,0
636,5,4,15,0,14,1,1,1,2,2,0
637,7,4,11,2,1,0,1,1,2,2,0
638,5,0,10,2,0,0,0,1,2,2,0
639,5,4,12,4,4,1,1,0,2,2,0
640,15,4,12,2,4,0,0,1,3,2,1
641,9,4,7,0,1,4,0,0,2,2,0
642,6,4,10,2,10,0,1,1,2,2,1
643,12,4,11,0,12,4,1,0,1,2,0
644,5,4,3,4,1,4,1,0,2,2,0
645,6,4,15,2,10,0,1,1,2,2,1
646,8,4,9,2,14,0,1,1,2,2,1
647,13,6,1,2,3,0,1,1,1,2,1
648,9,4,11,2,3,0,1,1,3,2,0
649,8,0,15,4,0,1,1,0,2,2,0
650,6,2,15,2,11,0,1,1,2,2,1
651,15,4,12,0,10,4,1,0,3,2,0
652,7,4,15,4,8,1,1,0,2,2,0
653,8,4,11,2,8,0,0,1,2,2,0
654,10,4,7,2,7,0,1,1,1,2,0
655,9,4,15,2,12,0,1,1,2,2,0
656,12,4,15,2,1,0,1,1,2,2,0
657,11,0,11,2,0,3,1,0,1,2,0
658,5,4,8,4,13,1,1,1,2,2,0
659,10,2,12,2,4,0,1,1,2,2,1
660,13,4,11,2,3,0,1,1,2,2,0
661,8,4,11,2,8,0,1,1,2,2,0
662,4,4,11,4,3,1,1,1,1,2,0
663,11,4,15,0,1,1,1,0,2,2,1
664,8,4,12,2,4,0,1,1,2,2,0
665,10,5,9,2,12,0,1,1,2,2,0
666,3,4,11,2,12,0,1,1,0,2,1
667,9,4,11,0,8,1,1,0,2,2,0
668,7,4,9,4,12,4,1,0,2,2,0
669,9,4,11,2,6,0,1,1,2,1,1
670,12,1,15,6,1,1,1,0,4,2,0
671,13,4,9,6,1,1,1,0,2,2,0
672,7,4,11,2,1,5,1,0,2,2,0
673,9,4,12,4,10,1,1,0,1,2,0
674,11,6,11,2,5,0,1,1,2,2,1
675,4,4,14,4,4,3,0,1,1,2,0
676,4,1,11,4,1,4,1,0,3,2,0
677,8,4,15,0,12,1,1,0,2,2,0
678,10,4,7,0,1,2,0,0,2,2,0
679,3,4,11,4,14,3,1,1,3,2,0
680,7,1,15,4,1,1,1,1,2,2,0
681,7,4,11,4,1,3,1,0,2,2,0
682,6,4,11,5,8,4,1,0,2,2,0
683,6,4,11,2,6,0,0,1,2,2,0
684,10,0,10,0,0,1,0,1,2,0,0
685,3,4,15,4,12,3,1,1,1,2,0
686,7,4,15,4,6,3,1,1,2,2,0
687,6,2,11,0,1,1,1,1,2,2,0
688,10,4,9,2,12,0,1,1,2,2,1
689,6,6,11,2,12,0,0,1,2,2,1
690,5,4,9,2,4,0,1,1,2,2,0
691,9,4,15,2,13,0,1,1,2,2,0
692,11,4,9,2,1,5,1,1,2,2,0
693,6,4,11,4,12,1,1,1,2,2,0
694,6,4,10,4,10,3,0,0,2,2,0
695,8,4,7,2,7,0,1,1,2,2,0
696,4,4,11,4,6,3,1,1,2,2,0
697,5,2,9,4,4,3,1,1,2,2,0
698,4,4,11,4,7,1,1,0,2,2,0
699,8,4,1,4,7,1,0,1,2,2,0
700,11,2,11,2,14,0,1,1,2,2,0
701,7,4,11,0,6,1,1,1,1,2,0
702,9,6,2,2,5,0,1,1,1,2,1
703,9,4,11,2,1,0,1,1,2,2,1
704,4,4,15,4,3,1,1,1,2,2,0
705,13,4,11,2,6,0,1,1,0,2,0
706,7,4,11,2,12,0,1,1,3,2,1
707,5,4,1,4,6,3,1,1,2,2,0
708,7,0,0,2,0,0,1,1,1,2,0
709,8,4,15,4,13,3,1,1,2,2,0
710,6,4,15,0,3,4,1,1,2,2,0
711,10,1,15,2,4,0,1,1,1,2,1
712,14,4,0,0,8,1,0,1,1,2,0
713,6,2,11,4,8,3,1,1,2,2,0
714,6,4,11,0,13,2,1,1,2,2,1
715,4,4,11,4,8,3,0,0,2,2,0
716,6,6,11,0,7,1,1,1,2,2,0
717,8,0,2,2,0,0,1,1,2,2,1
718,9,4,11,2,4,0,1,1,3,0,1
719,6,4,7,2,4,5,1,0,2,2,0
720,8,4,11,2,3,0,1,1,2,2,0
721,4,7,8,4,13,2,1,0,2,2,0
722,4,4,0,4,3,3,1,1,1,2,0
723,3,4,9,4,12,3,1,1,1,2,0
724,4,4,15,4,1,3,1,0,2,2,0
725,5,4,15,4,8,4,0,0,2,2,0
726,10,5,11,2,10,5,1,0,2,2,1
727,6,4,11,4,7,3,0,1,2,2,0
728,15,4,8,0,1,4,1,0,3,2,0
729,7,4,11,2,3,0,1,1,2,2,0
730,4,4,8,4,1,1,1,1,0,2,0
731,6,4,12,4,4,3,1,1,3,2,0
732,11,4,9,2,3,0,1,1,2,2,1
733,8,4,9,2,11,0,0,1,1,2,1
734,4,4,9,4,12,1,1,1,1,2,0
735,9,4,11,2,14,0,1,1,2,2,1
736,12,4,12,2,10,2,1,0,4,2,0
737,8,0,11,6,0,4,0,0,2,2,0
738,5,4,12,4,4,3,1,1,2,2,0
739,11,7,9,6,10,1,1,0,1,2,0
740,5,7,11,2,1,0,1,1,2,2,0
741,12,4,8,0,13,4,1,0,2,2,0
742,8,7,9,2,10,0,1,1,2,2,1
743,5,4,4,2,6,0,1,1,2,2,0
744,11,4,9,2,3,0,1,1,2,2,0
745,4,4,15,0,10,4,1,0,0,2,0
746,12,4,6,6,7,1,1,0,2,2,0
747,11,4,11,0,3,4,1,0,2,1,0
748,4,4,15,4,3,1,1,1,2,2,0
749,5,2,5,4,5,1,1,1,1,2,1
750,5,4,6,2,6,0,1,1,2,2,0
751,5,6,11,4,3,3,1,0,2,2,0
752,13,4,9,6,1,4,0,0,1,2,0
753,6,7,12,2,4,0,1,1,2,2,1
754,6,4,0,0,8,4,1,0,3,2,0
755,10,4,11,2,3,0,1,1,1,2,1
756,3,4,15,4,14,3,1,1,2,2,0
757,4,4,11,4,8,1,0,0,2,2,0
758,4,4,6,4,3,3,1,1,2,2,0
759,9,4,11,2,14,0,0,1,2,2,0
760,7,6,11,2,3,0,1,1,1,2,1
761,8,4,9,2,10,0,1,1,2,2,1
762,6,4,0,2,5,0,1,1,2,2,0
763,4,4,11,4,7,3,1,1,1,2,0
764,12,4,11,2,13,0,0,1,2,2,0
765,7,4,11,2,8,5,0,0,2,2,0
766,8,4,9,2,10,0,0,1,2,2,1
767,8,4,11,5,10,4,1,1,2,2,0
768,9,4,9,0,10,4,0,1,2,4,0
769,6,4,15,4,3,1,1,1,2,2,0
770,10,4,9,2,12,0,1,1,2,2,0
771,6,4,9,4,3,3,1,1,2,2,0
772,5,4,8,2,5,0,1,1,1,2,0
773,7,4,9,2,4,0,1,1,2,2,1
774,8,4,6,2,7,0,1,1,2,2,0
775,11,4,9,2,12,0,1,1,2,2,1
776,7,0,9,2,0,0,1,1,2,2,1
777,5,4,15,2,12,0,1,1,2,2,0
778,9,7,2,0,8,1,1,0,2,2,0
779,8,4,9,0,12,1,1,1,2,2,0
780,4,4,15,4,4,1,1,1,1,2,0
781,7,1,9,4,10,1,1,0,3,2,0
782,6,4,15,4,1,4,1,0,2,2,0
783,6,4,11,2,4,0,1,1,4,2,1
784,6,4,11,0,1,4,1,0,2,2,0
785,11,4,10,2,10,0,0,1,2,2,0
786,10,4,15,2,12,5,1,0,2,2,0
787,7,4,5,2,9,0,1,1,2,2,0
788,4,4,9,4,4,1,1,1,2,2,0
789,6,5,15,2,4,0,1,1,2,2,0
790,9,4,9,2,4,0,1,1,2,2,0
791,5,4,9,2,13,0,1,1,2,2,1
792,9,4,11,2,8,0,1,1,3,2,1
793,4,4,9,4,10,3,0,1,2,2,0
794,4,4,9,0,6,4,1,1,2,2,0
795,10,7,9,0,1,4,1,0,2,2,0
796,10,4,11,2,12,0,1,1,1,2,1
797,10,6,12,2,4,0,1,1,3,2,1
798,6,6,6,4,14,3,0,0,2,0,0
799,5,5,11,2,3,0,1,1,2,2,0
800,7,7,15,4,1,1,1,0,2,2,0
801,8,7,15,6,11,4,1,0,2,2,0
802,5,5,11,4,3,1,1,1,2,2,0
803,7,4,9,2,10,0,1,1,2,2,1
804,10,4,11,2,7,0,1,1,2,2,0
805,5,5,11,4,12,1,1,0,1,2,1
806,8,4,11,2,4,0,1,1,1,2,0
807,8,4,9,2,11,0,1,1,2,2,0
808,10,4,11,2,3,5,1,1,3,2,0
809,6,4,15,3,8,2,1,0,1,1,0
810,9,4,11,2,12,2,1,0,2,2,0
811,5,0,15,4,0,1,1,1,2,2,0
812,4,4,11,4,8,3,1,0,1,2,0
813,7,4,15,2,3,0,1,1,2,2,0
814,10,4,15,2,11,0,1,1,2,2,1
815,4,4,12,4,12,1,1,1,0,2,0
816,10,4,8,4,8,3,0,0,2,2,0
817,7,5,11,2,11,0,1,1,2,2,0
818,7,4,0,2,13,5,1,0,2,2,1
819,5,6,11,2,10,0,1,1,2,2,1
820,10,4,15,4,3,4,1,0,0,2,0
821,6,4,15,2,6,0,1,1,2,2,0
822,7,4,15,2,3,0,0,1,2,2,1
823,7,2,11,2,8,0,1,1,2,2,0
824,3,4,11,4,8,1,1,0,2,2,0
825,9,2,11,2,8,5,1,0,1,2,0
826,6,7,15,2,4,0,1,1,2,2,0
827,8,4,1,0,14,1,1,1,2,2,0
828,9,2,12,2,4,0,1,1,2,2,0
829,8,4,11,2,6,0,0,1,2,2,0
830,4,6,9,4,10,1,1,0,2,2,0
831,18,4,15,5,3,1,1,1,1,2,0
832,12,2,15,6,4,1,1,1,1,2,0
833,6,4,9,0,12,1,0,0,2,2,0
834,10,2,15,2,3,0,1,1,1,2,1
835,5,4,11,2,12,5,1,0,2,2,1
836,11,4,11,0,14,4,1,1,2,2,0
837,3,5,15,4,12,1,1,0,2,2,0
838,8,4,15,0,1,4,1,0,2,2,0
839,8,4,11,0,1,4,1,0,2,2,1
840,10,7,9,0,10,1,1,0,2,2,0
841,8,4,9,2,1,0,1,1,1,2,0
842,9,4,15,2,12,0,1,1,2,2,0
843,6,6,12,4,4,2,0,0,2,2,0
844,13,2,8,2,14,0,1,1,2,2,0
845,10,4,14,2,10,0,1,1,2,2,1
846,5,6,11,4,5,3,1,1,2,2,0
847,4,4,9,4,12,1,1,0,2,2,0
848,7,4,9,2,12,0,1,1,2,2,0
849,6,4,12,2,10,0,0,1,2,2,0
850,6,4,15,2,1,0,1,1,2,2,1
851,6,4,9,3,4,1,1,0,4,2,0
852,7,4,9,5,8,4,0,1,2,2,0
853,4,2,15,4,10,1,1,0,1,1,0
854,5,4,8,2,6,0,1,1,2,2,0
855,7,5,9,2,4,0,1,1,2,2,1
856,9,4,11,2,1,0,0,1,1,2,0
857,5,4,11,2,12,0,1,1,2,2,0
858,9,2,15,0,11,1,1,0,2,2,1
859,7,2,11,2,3,0,1,1,2,2,0
860,8,4,11,0,7,1,0,0,2,2,0
861,12,4,8,2,6,0,1,1,2,2,1
862,7,4,7,4,8,3,1,1,2,2,0
863,5,4,7,2,1,0,1,1,2,2,0
864,4,1,1,4,6,1,1,1,2,2,0
865,4,4,15,4,10,4,1,0,2,2,0
866,5,4,11,4,3,1,1,1,2,2,0
867,8,4,15,0,4,4,0,0,2,2,0
868,5,4,15,0,1,4,1,0,2,2,0
869,8,4,7,0,10,1,1,1,2,2,0
870,8,4,15,2,4,0,1,1,2,2,0
871,6,5,11,2,14,0,1,1,2,2,1
872,11,4,15,2,12,0,1,1,2,2,1
873,10,4,7,2,4,0,1,1,2,2,1
874,8,2,7,5,4,4,1,0,2,2,0
875,5,4,9,2,12,0,1,1,2,2,0
876,8,4,14,2,4,0,1,1,2,2,1
877,6,4,5,2,3,0,1,1,2,2,0
878,10,4,0,2,12,0,1,1,2,2,0
879,10,4,15,5,1,1,0,0,1,2,0
880,9,4,15,2,7,0,1,1,1,2,0
881,3,4,1,4,3,3,1,1,1,2,0
882,5,2,11,2,14,0,0,1,1,2,1
883,11,4,5,2,14,0,0,1,2,2,0
884,4,4,6,4,3,3,1,0,2,2,0
885,9,4,11,0,12,1,1,1,2,2,1
886,4,4,9,4,4,3,1,1,2,2,0
887,5,1,9,4,10,3,1,0,2,2,0
888,6,4,8,2,10,0,0,1,2,2,1
889,6,4,11,4,8,1,1,1,2,2,1
890,6,4,11,2,8,0,1,1,2,2,0
891,4,4,11,4,8,3,1,0,2,2,0
892,8,1,15,2,1,5,0,0,3,2,1
893,3,4,14,4,10,3,1,1,0,2,0
894,3,0,0,4,0,1,0,0,2,2,0
895,8,4,11,2,12,0,1,1,3,2,0
896,4,7,11,3,4,4,1,0,2,2,0
897,8,4,15,2,3,0,1,1,3,2,0
898,9,5,9,2,12,0,1,1,2,2,1
899,5,4,0,4,8,1,1,1,2,2,0
900,8,5,15,2,4,5,1,0,2,2,0
901,5,6,12,4,4,1,0,0,2,2,0
902,13,4,9,2,10,0,0,1,2,0,1
903,8,4,9,2,10,0,0,1,2,2,0
904,9,4,15,2,8,0,1,1,1,2,0
905,5,2,15,2,11,0,0,1,2,2,0
906,4,2,5,4,10,1,1,1,2,1,0
907,8,4,11,6,3,4,1,0,1,2,1
908,5,4,11,4,3,3,0,0,2,2,0
909,9,4,9,5,6,4,1,1,1,2,0
910,4,4,11,4,1,4,1,0,2,2,0
911,7,6,15,2,10,5,1,0,2,2,1
912,4,4,11,4,6,1,1,1,2,2,0
913,9,4,11,2,12,0,0,1,2,2,1
914,9,4,11,0,13,3,1,1,2,2,0
915,11,4,11,2,14,0,1,1,2,2,1
916,6,6,15,4,12,3,1,0,2,2,0
917,10,4,8,2,3,0,1,1,2,2,1
918,5,4,11,2,8,0,1,1,1,2,0
919,8,7,9,2,11,0,1,1,3,2,1
920,5,4,11,4,7,3,1,0,2,2,0
921,4,4,11,4,3,3,1,1,1,2,0
922,8,1,11,2,3,0,1,1,2,2,0
923,4,4,14,4,4,1,1,0,2,2,0
924,8,4,9,0,13,4,1,0,1,2,0
925,6,4,11,2,8,5,0,0,3,2,0
926,5,4,15,4,5,1,1,1,2,2,0
927,11,4,9,2,12,0,1,1,1,2,1
928,4,4,11,4,1,3,1,0,2,2,0
929,10,4,9,0,8,1,1,1,2,2,0
930,7,4,11,2,5,0,1,1,2,2,0
931,8,4,15,2,12,0,1,1,1,2,0
932,13,4,1,6,12,4,1,0,1,2,0
933,8,4,11,2,12,0,1,1,2,2,0
934,14,1,11,2,1,5,1,0,1,2,0
935,8,4,11,2,3,0,1,1,2,2,0
936,7,4,11,2,7,0,0,1,2,0,1
937,11,2,15,2,11,0,0,1,2,2,0
938,5,4,15,3,1,3,1,0,2,1,0
939,10,4,11,2,1,0,1,1,2,2,1
940,6,4,0,2,3,0,1,1,2,2,1
941,4,4,9,4,13,1,1,1,2,2,0
942,7,4,4,0,8,4,0,0,2,2,0
943,5,4,11,4,3,3,1,1,2,2,0
944,5,7,15,4,1,3,1,0,2,2,0
945,11,4,15,2,12,0,1,1,3,2,0
946,3,4,7,4,13,1,1,1,2,2,0
947,7,6,11,2,4,0,1,1,2,2,0
948,18,4,12,4,8,1,0,0,1,2,0
949,5,4,0,5,6,1,1,0,2,2,0
950,4,7,8,4,10,1,1,1,1,2,0
951,7,4,5,2,9,0,1,1,2,2,0
952,7,4,11,2,4,0,1,1,2,2,0
953,11,4,15,6,1,4,1,0,2,2,0
954,9,4,15,2,3,5,1,1,2,2,0
955,5,2,14,2,10,0,1,1,2,2,0
956,6,4,12,0,4,1,1,1,2,2,0
957,4,4,11,5,3,1,1,1,2,2,0
958,6,5,11,4,10,1,0,0,2,2,0
959,9,2,8,2,14,0,1,1,2,2,1
960,10,2,11,2,3,0,1,1,1,2,1
961,10,4,14,2,10,0,0,1,2,2,0
962,12,1,11,4,4,3,0,1,1,4,0
963,9,4,9,2,10,0,1,1,2,2,1
964,14,5,11,0,4,1,1,0,1,2,1
965,5,4,15,0,7,3,1,0,2,2,0
966,7,4,15,0,12,2,1,1,3,2,0
967,3,4,15,4,1,1,1,0,1,2,0
968,10,4,11,2,6,0,1,1,2,2,0
969,11,1,14,2,10,5,1,0,2,2,1
970,6,4,11,2,3,0,1,1,2,2,0
971,4,4,9,2,3,0,1,1,2,2,1
972,9,0,15,0,0,1,1,0,3,2,0
973,10,4,11,2,12,0,1,1,2,2,1
974,11,4,1,2,6,0,1,1,2,2,0
975,8,4,11,2,14,0,1,1,2,2,0
976,4,4,15,2,14,0,1,1,1,2,0
977,8,4,1,0,8,4,0,0,2,2,0
978,3,4,9,4,10,3,1,1,4,2,0
979,9,5,11,0,12,1,1,1,2,2,0
980,5,4,11,2,8,0,1,1,2,2,1
981,6,4,11,2,3,0,1,1,2,2,1
982,10,4,15,6,12,1,0,0,2,2,0
983,4,4,11,4,8,1,1,1,2,2,0
984,9,4,6,2,7,5,1,1,2,2,1
985,12,4,15,2,3,0,1,1,2,2,1
986,4,4,15,4,13,1,1,1,2,2,0
987,9,1,9,2,10,0,1,1,2,2,0
988,5,7,9,4,13,2,1,1,2,2,0
989,9,4,14,0,10,1,1,0,2,2,0
990,3,4,9,4,10,1,1,0,4,2,0
991,14,4,11,3,3,1,1,1,1,2,0
992,11,6,5,5,3,1,1,1,0,2,0
993,14,4,1,2,7,5,1,0,1,2,0
994,5,4,8,2,1,0,0,1,2,0,0
995,3,2,9,4,8,1,0,0,0,2,0
996,3,4,1,4,7,2,1,1,2,2,1
997,6,4,15,2,3,0,1,1,3,2,1
998,7,4,11,2,4,0,1,1,2,2,1
999,8,4,1,2,8,5,1,0,2,2,1
1000,5,4,15,4,1,1,1,0,1,2,0
1001,3,2,0,4,8,1,1,0,2,2,0
1002,10,4,15,2,12,0,1,1,3,4,0
1003,5,4,11,4,6,4,1,0,1,2,0
1004,3,4,8,4,1,1,1,0,2,2,0
1005,6,4,11,4,7,3,1,0,2,2,0
1006,8,4,12,2,6,0,1,1,2,2,0
1007,4,4,9,4,8,3,1,1,2,2,0
1008,7,6,11,4,14,1,1,1,2,2,0
1009,4,4,15,4,1,1,1,0,1,2,0
1010,7,0,9,2,0,0,1,1,1,2,1
1011,3,4,9,4,3,3,1,1,1,2,0
1012,7,5,12,4,4,3,1,0,2,2,0
1013,6,4,9,2,12,0,1,1,1,2,1
1014,6,4,15,2,12,0,1,1,1,2,0
1015,6,4,6,2,9,0,1,1,2,2,0
1016,9,4,1,0,6,1,1,1,3,2,0
1017,5,4,11,4,4,1,1,0,2,2,0
1018,5,4,0,2,3,0,1,1,2,2,1
1019,10,7,9,2,10,0,1,1,2,2,1
1020,6,4,15,2,4,0,1,1,2,2,0
1021,6,4,15,0,4,1,1,1,2,2,0
1022,10,5,9,2,12,5,1,0,2,2,0
1023,8,4,15,0,12,4,1,0,2,2,0
1024,6,2,11,4,11,1,0,1,2,2,0
1025,13,4,9,2,4,0,1,1,2,2,1
1026,9,2,0,0,14,1,0,1,2,0,0
1027,8,4,11,0,14,4,1,1,2,2,0
1028,9,4,15,2,12,0,1,1,1,2,1
1029,7,4,12,2,8,0,1,1,2,2,1
1030,10,4,11,2,8,0,1,1,0,2,0
1031,5,0,15,4,0,3,1,1,0,2,0
1032,8,4,11,4,7,1,0,1,2,2,0
1033,10,4,15,2,7,0,0,1,2,0,0
1034,3,4,9,4,12,2,1,0,1,2,0
1035,3,4,11,4,3,3,1,1,3,2,0
1036,9,4,11,2,3,0,1,1,2,2,0
1037,9,4,11,0,11,4,0,1,2,2,0
1038,3,1,11,4,1,3,0,0,2,2,0
1039,6,4,15,2,6,0,1,1,2,2,0
1040,4,4,11,4,3,3,1,1,1,2,0
1041,8,6,0,0,3,1,1,1,3,2,0
1042,9,4,2,2,8,5,0,1,2,2,1
1043,11,4,11,2,10,0,1,1,2,1,1
1044,4,4,11,4,3,3,1,1,2,2,0
1045,8,4,9,2,10,0,0,1,2,2,1
1046,7,4,15,2,3,0,1,1,2,2,0
1047,7,4,11,4,8,3,1,0,1,2,0
1048,3,4,0,4,7,1,1,0,2,2,1
1049,6,4,11,2,3,0,1,1,2,2,0
1050,9,4,15,2,3,0,1,1,2,2,0
1051,8,4,1,2,8,5,0,0,2,2,1
1052,9,6,9,0,14,4,1,1,2,2,0
1053,6,4,6,4,8,3,0,0,3,2,0
1054,3,6,9,4,4,3,0,1,0,2,0
1055,4,4,11,4,3,1,1,1,1,2,0
1056,4,4,11,4,1,1,1,1,2,2,0
1057,9,4,15,2,4,0,0,1,2,2,0
1058,11,4,11,2,7,0,1,1,2,2,0
1059,6,4,9,2,12,0,1,1,2,2,1
1060,8,4,15,4,14,3,0,1,2,2,0
1061,6,4,11,2,7,0,1,1,2,2,0
1062,7,0,11,2,0,0,1,1,1,2,1
1063,4,4,9,3,4,4,1,0,2,2,0
1064,8,4,11,0,1,4,1,0,1,2,0
1065,8,7,8,2,11,0,1,1,2,2,1
1066,8,4,11,0,1,1,1,0,2,2,0
1067,8,4,11,0,10,1,1,0,2,2,1
1068,12,4,11,0,3,1,1,1,2,2,0
1069,5,6,14,0,10,1,0,0,2,0,1
1070,7,4,11,0,12,1,1,0,1,2,0
1071,11,4,9,2,11,0,0,1,3,2,1
1072,8,4,11,0,12,1,0,0,2,2,0
1073,10,4,15,2,4,0,0,1,2,2,1
1074,6,4,15,0,10,4,1,0,2,2,0
1075,11,4,15,2,12,0,1,1,1,2,1
1076,10,4,11,2,3,0,1,1,2,2,1
1077,6,4,0,2,3,0,1,1,1,2,1
1078,5,4,11,2,8,0,1,1,2,2,1
1079,6,4,11,4,7,3,1,1,4,2,0
1080,3,4,15,4,12,1,1,1,1,2,0
1081,7,4,9,2,13,5,1,0,2,2,0
1082,9,0,10,2,0,2,1,1,2,1,0
1083,8,4,0,2,7,0,1,1,2,2,1
1084,9,6,15,0,4,1,1,0,2,2,0
1085,6,4,15,2,7,0,1,1,2,2,0
1086,4,4,9,4,1,3,0,1,2,0,0
1087,11,6,11,5,3,2,1,1,2,2,0
1088,6,4,9,4,12,1,1,1,1,2,0
1089,9,4,11,2,3,0,1,1,2,2,0
1090,5,2,11,4,5,3,1,1,1,2,0
1091,4,4,15,4,8,1,1,0,0,2,0
1092,5,4,11,4,4,1,1,1,1,2,0
1093,7,6,8,5,8,4,1,1,2,2,0
1094,6,6,5,2,3,0,1,1,3,2,0
1095,7,4,9,2,4,0,0,1,2,2,1
1096,6,4,11,4,1,1,1,0,2,2,1
1097,5,0,9,4,0,1,1,0,2,2,0
1098,7,0,10,0,0,4,1,1,2,2,0
1099,11,4,11,0,4,1,1,0,2,2,0
1100,5,4,6,4,7,1,1,0,2,2,0
1101,6,4,9,2,12,0,1,1,3,2,1
1102,5,6,15,2,12,5,1,0,1,2,1
1103,6,4,5,4,9,3,0,1,3,2,0
1104,9,4,11,2,4,0,1,1,2,2,1
1105,8,6,15,4,1,3,1,1,2,2,0
1106,13,2,1,2,8,0,1,1,1,2,0
1107,7,4,15,2,3,0,1,1,1,2,1
1108,5,7,9,4,10,2,1,0,2,2,0
1109,6,4,9,2,12,0,1,1,2,2,1
1110,6,4,9,2,12,0,1,1,3,2,0
1111,6,4,9,2,4,0,0,1,2,2,0
1112,8,2,9,4,8,1,1,1,2,2,0
1113,6,4,11,4,7,1,1,0,1,2,0
1114,7,4,15,2,12,0,1,1,3,2,0
1115,7,5,11,2,14,0,1,1,2,2,1
1116,6,4,2,2,9,0,1,1,1,2,1
1117,4,4,11,5,8,1,1,1,1,2,0
1118,5,6,15,4,8,3,1,0,2,2,0
1119,6,4,8,2,1,5,1,0,2,2,0
1120,6,4,15,5,12,2,1,1,1,2,0
1121,9,6,11,2,5,0,1,1,2,2,0
1122,9,4,7,2,8,0,0,1,2,2,0
1123,6,0,8,2,0,0,1,1,2,2,1
1124,8,4,15,0,1,1,0,0,4,2,0
1125,4,4,8,4,1,1,0,0,2,2,0
1126,7,4,11,4,13,1,1,0,1,2,0
1127,7,4,15,2,3,0,1,1,2,2,0
1128,4,4,15,4,8,1,1,0,2,2,0
1129,8,4,11,6,5,3,1,1,2,2,0
1130,6,4,14,2,10,5,1,0,2,2,1
1131,10,4,7,0,1,4,1,0,2,2,0
1132,6,4,15,4,10,4,1,0,2,2,0
1133,8,6,11,0,7,4,0,0,2,2,0
1134,12,4,9,3,12,4,1,0,1,2,0
1135,4,4,6,4,12,3,1,0,2,2,0
1136,10,4,11,2,3,0,1,1,0,2,0
1137,10,4,15,6,1,4,1,0,2,2,0
1138,9,6,15,5,4,4,1,1,2,2,0
1139,9,4,11,2,4,0,1,1,2,2,0
1140,10,4,15,0,14,1,1,1,2,2,0
1141,6,4,9,2,4,0,1,1,2,2,1
1142,7,4,10,0,10,1,1,1,2,2,0
1143,6,4,2,4,8,1,0,0,2,2,0
1144,6,4,11,2,5,0,1,1,2,2,0
1145,6,7,14,2,10,0,0,1,2,2,1
1146,6,6,15,2,14,0,1,1,2,2,0
1147,11,4,11,0,8,4,0,0,2,2,0
1148,8,4,12,2,10,0,0,1,2,0,0
1149,9,4,8,2,1,0,0,1,1,2,0
1150,5,4,9,2,1,0,1,1,2,2,0
1151,7,4,15,4,6,3,0,1,2,2,0
1152,3,4,11,5,8,1,1,0,1,2,0
1153,12,6,11,2,1,0,1,1,2,2,0
1154,4,4,15,4,3,3,1,1,2,2,0
1155,6,4,11,0,8,1,1,0,2,2,0
1156,7,4,15,2,1,3,1,0,2,2,0
1157,12,4,15,6,8,1,1,0,1,2,0
1158,5,2,1,4,11,1,1,1,2,2,0
1159,3,4,9,4,10,3,1,0,1,2,0
1160,7,4,11,2,3,0,1,1,1,2,1
1161,4,4,15,4,12,3,1,0,2,2,0
1162,7,4,11,2,8,0,1,1,2,2,1
1163,8,4,15,6,1,1,1,0,1,1,0
1164,9,6,11,4,3,3,1,1,2,2,0
1165,7,4,9,2,10,0,1,1,2,2,1
1166,7,6,11,4,12,1,1,0,2,2,0
1167,11,4,9,2,12,0,1,1,2,2,1
1168,3,4,15,4,13,3,0,0,1,2,0
1169,9,4,9,4,12,1,0,1,2,2,0
1170,6,4,11,2,3,0,1,1,2,2,1
1171,9,4,13,0,13,4,1,0,2,2,0
1172,13,4,9,6,12,4,1,1,1,2,0
1173,9,4,11,2,6,0,1,1,3,2,0
1174,6,1,15,4,1,3,1,1,1,2,0
1175,4,4,1,4,3,1,1,1,1,1,0
1176,4,4,15,4,1,1,1,0,1,2,0
1177,7,4,15,4,10,3,1,1,2,2,0
1178,10,2,12,0,8,1,0,0,2,2,0
1179,7,4,9,0,4,3,0,1,2,2,0
1180,7,4,8,4,1,1,1,1,2,2,0
1181,5,4,11,2,3,0,1,1,1,2,0
1182,7,4,11,0,4,1,1,0,2,2,0
1183,4,7,11,4,11,3,1,1,1,2,0
1184,9,4,11,2,4,0,1,1,2,2,1
1185,6,4,0,0,8,1,1,1,2,2,0
1186,9,4,9,4,4,3,1,1,2,2,0
1187,4,0,8,4,0,2,1,0,1,2,0
1188,5,4,9,6,1,1,1,0,2,2,0
1189,12,4,11,2,6,0,1,1,4,2,0
1190,4,4,15,4,8,2,0,0,2,2,0
1191,6,6,9,4,8,3,1,0,2,2,0
1192,11,4,15,2,3,0,1,1,2,2,0
1193,9,4,12,2,12,0,0,1,2,2,0
1194,4,4,11,4,12,3,0,0,0,2,0
1195,5,1,5,4,10,2,1,1,2,2,0
1196,11,4,12,2,4,5,1,0,2,2,1
1197,10,4,1,2,14,0,0,1,2,2,1
1198,4,5,2,4,11,3,1,1,2,2,0
1199,10,1,7,0,1,4,1,0,2,2,0
1200,15,4,15,0,3,1,1,1,3,2,0
1201,7,4,15,2,8,0,1,1,2,2,1
1202,9,6,12,0,4,1,1,0,2,2,0
1203,4,4,15,4,6,3,1,1,1,2,0
1204,10,4,15,2,14,0,1,1,2,2,1
1205,7,2,10,4,10,1,1,0,2,2,0
1206,7,6,3,5,2,4,0,0,2,2,0
1207,7,4,15,5,4,4,1,1,2,2,0
1208,4,4,15,0,8,4,1,0,2,2,0
1209,7,2,9,2,4,0,1,1,2,2,0
1210,13,1,12,2,10,0,1,1,0,2,1
1211,4,0,11,4,0,1,1,0,2,2,0
1212,10,6,11,2,5,0,1,1,1,2,0
1213,8,6,11,2,8,0,1,1,2,2,0
1214,8,4,11,6,4,1,1,0,2,2,0
1215,6,6,15,2,3,0,1,1,2,2,0
1216,5,4,9,6,10,4,1,0,2,2,0
1217,4,4,11,4,1,3,1,0,1,2,0
1218,7,4,8,4,1,3,1,1,2,2,0
1219,5,4,9,4,12,3,0,0,2,2,0
1220,5,7,11,2,4,0,1,1,2,2,1
1221,4,4,9,4,8,3,1,0,2,2,0
1222,9,4,12,5,4,2,0,0,2,2,0
1223,6,4,11,3,12,4,1,0,2,2,0
1224,4,4,15,4,4,1,1,0,1,2,0
1225,6,4,15,2,7,0,0,1,2,2,1
1226,9,4,11,2,3,0,1,1,2,2,1
1227,6,4,1,0,3,3,1,1,2,2,0
1228,8,2,0,0,3,4,1,1,1,2,0
1229,4,2,15,0,1,4,1,0,2,2,0
1230,9,4,9,0,12,4,0,0,2,2,0
1231,7,4,15,2,1,0,1,1,2,2,1
1232,4,4,15,0,12,2,1,1,2,2,0
1233,7,4,11,2,12,0,1,1,2,2,0
1234,5,4,5,3,9,5,1,0,1,2,0
1235,11,6,8,2,4,0,1,1,2,2,1
1236,9,4,11,2,3,0,1,1,2,2,0
1237,7,6,11,0,3,2,1,1,2,2,0
1238,6,4,11,2,1,0,1,1,1,2,0
1239,6,2,9,2,10,0,1,1,3,2,1
1240,10,4,15,5,12,4,1,0,0,2,0
1241,11,2,12,2,10,0,1,1,0,2,1
1242,3,4,12,4,10,3,1,1,0,2,0
1243,7,6,11,4,1,4,1,0,2,2,0
1244,8,6,1,0,5,2,1,1,2,2,0
1245,7,1,8,5,13,1,1,0,2,2,0
1246,9,4,15,2,4,0,1,1,1,2,0
1247,4,4,11,0,4,1,1,0,2,4,0
1248,9,5,15,2,4,0,1,1,2,2,0
1249,8,1,11,0,1,1,1,0,3,2,0
1250,9,4,11,2,10,5,1,0,1,2,0
1251,11,4,12,6,12,1,1,0,2,2,0
1252,4,4,6,4,12,3,0,0,1,2,0
1253,4,4,15,4,1,3,0,0,2,2,0
1254,9,4,9,6,10,1,1,0,3,2,0
1255,8,4,9,0,4,1,1,0,2,2,0
1256,9,6,7,2,7,0,1,1,2,2,1
1257,6,4,15,5,1,1,1,0,2,2,0
1258,12,4,7,2,14,0,1,1,1,2,1
1259,4,1,15,4,1,1,0,0,0,4,0
1260,8,4,11,0,8,4,1,0,2,2,0
1261,6,4,9,4,12,3,1,0,1,2,0
1262,8,4,9,0,3,1,1,1,1,2,0
1263,10,4,9,0,12,1,1,1,2,2,0
1264,9,6,11,2,8,5,1,0,2,2,0
1265,5,0,11,2,0,0,1,1,3,2,0
1266,5,4,11,4,1,1,1,0,1,2,0
1267,4,4,2,4,7,3,1,0,1,2,0
1268,9,4,10,2,7,0,1,1,2,2,0
1269,5,4,15,4,12,1,1,1,1,2,0
1270,8,4,9,0,13,1,1,0,2,2,0
1271,5,4,9,2,1,0,1,1,2,2,1
1272,9,4,15,2,7,0,1,1,2,2,1
1273,12,1,11,2,4,5,1,0,2,2,0
1274,7,4,11,5,1,1,1,0,2,2,0
1275,3,4,1,4,12,4,1,0,1,2,0
1276,8,4,5,2,10,0,1,1,2,2,0
1277,7,6,11,2,10,0,1,1,2,2,0
1278,13,4,11,2,3,0,1,1,0,2,0
1279,9,4,11,2,14,0,0,1,2,2,0
1280,5,4,11,4,3,2,1,1,2,2,0
1281,4,0,0,0,0,1,1,0,2,2,0
1282,8,4,15,2,3,0,1,1,2,2,0
1283,8,4,15,0,8,1,0,0,2,2,0
1284,8,7,11,2,8,0,1,1,3,2,0
1285,4,4,8,2,12,0,1,1,2,2,0
1286,7,4,11,2,4,0,1,1,2,2,1
1287,11,4,11,5,12,1,1,1,2,2,0
1288,10,4,15,0,7,0,1,1,2,2,0
1289,7,4,11,2,6,0,1,1,2,2,1
1290,9,6,11,2,3,0,1,1,2,2,0
1291,6,4,11,0,10,4,1,1,2,2,0
1292,11,2,8,0,1,3,1,0,2,2,0
1293,9,6,7,2,14,0,1,1,2,1,0
1294,6,0,15,0,0,4,1,0,2,2,0
1295,7,4,11,2,14,0,1,1,2,2,1
1296,12,4,0,2,12,0,1,1,2,2,0
1297,6,4,7,5,13,2,1,0,1,2,0
1298,8,6,15,2,5,0,1,1,2,2,1
1299,7,0,11,2,0,5,1,0,2,2,1
1300,3,4,11,4,3,3,1,1,4,2,0
1301,7,4,11,2,7,2,1,1,2,2,0
1302,4,4,12,4,4,1,1,1,1,2,0
1303,8,4,15,2,10,0,1,1,2,1,1
1304,9,6,8,4,10,3,1,0,2,2,0
1305,11,4,9,2,3,0,0,1,2,2,0
1306,10,4,0,0,8,4,1,0,2,2,0
1307,5,4,6,4,7,1,1,0,2,4,0
1308,10,5,9,0,4,1,1,1,2,2,1
1309,9,6,11,2,3,0,1,1,2,2,1
1310,4,4,9,2,4,0,1,1,1,2,1
1311,3,4,11,4,3,1,1,1,1,2,0
1312,7,4,8,4,12,1,1,1,2,2,0
1313,9,4,11,2,14,0,0,1,2,2,0
1314,8,4,9,2,12,5,1,0,3,4,0
1315,9,4,14,0,10,4,1,0,2,2,0
1316,7,1,12,2,10,0,1,1,2,2,1
1317,8,6,0,2,5,0,1,1,2,2,1
1318,7,4,5,2,6,0,0,1,2,2,0
1319,7,4,15,0,7,1,1,0,2,2,0
1320,6,4,2,2,6,0,0,1,2,2,1
1321,7,4,9,2,10,0,0,1,2,2,0
1322,7,1,15,4,13,1,1,0,2,2,0
1323,7,4,9,0,4,3,1,1,2,2,0
1324,9,4,15,2,12,0,1,1,2,2,1
1325,9,6,8,2,3,1,1,1,2,2,0
1326,5,4,15,4,12,2,1,0,2,2,0
1327,9,2,11,2,1,5,0,0,2,2,1
1328,9,4,2,3,13,4,1,0,2,2,0
1329,5,4,11,4,4,2,0,0,3,2,0
1330,7,4,1,0,7,4,0,0,2,2,0
1331,6,4,11,2,1,0,1,1,2,2,1
1332,5,4,15,4,8,1,1,1,2,2,0
1333,5,4,11,4,12,4,1,0,2,2,0
1334,3,4,8,4,10,3,1,1,2,2,0
1335,6,6,9,2,8,0,1,1,2,2,0
1336,6,4,11,4,7,1,1,1,2,2,1
1337,6,2,11,0,8,4,1,0,2,2,0
1338,4,4,11,4,8,1,1,0,2,2,0
1339,4,4,15,4,10,2,1,1,2,2,0
1340,9,4,15,6,1,1,1,0,1,2,0
1341,11,4,11,2,12,0,1,1,2,2,1
1342,5,4,11,4,1,3,1,1,2,2,0
1343,10,4,0,0,8,4,0,0,1,2,1
1344,9,4,15,2,14,0,1,1,2,2,0
1345,8,0,6,4,0,3,0,0,2,2,0
1346,6,4,15,4,4,2,1,1,1,2,0
1347,7,6,11,4,12,3,0,1,1,0,0
1348,6,4,11,2,3,0,1,1,0,2,0
1349,7,4,11,2,6,0,0,1,2,2,1
1350,11,4,9,2,3,0,1,1,2,2,0
1351,10,7,11,2,11,0,1,1,0,2,0
1352,7,4,9,0,8,4,1,0,2,2,0
1353,11,7,11,2,1,5,0,0,0,3,0
1354,7,4,15,4,12,1,1,0,2,2,0
1355,5,6,15,4,3,1,0,1,1,2,0
1356,4,2,14,2,10,0,1,1,1,2,0
1357,10,4,15,2,8,0,0,1,2,2,0
1358,9,4,7,2,3,0,1,1,2,2,1
1359,7,4,15,4,12,1,1,1,2,2,0
1360,7,4,15,4,8,1,0,0,2,0,1
1361,5,7,15,3,12,4,1,0,2,2,0
1362,17,4,11,5,8,4,1,0,1,2,0
1363,9,4,11,0,8,4,1,0,2,2,0
1364,7,4,11,2,1,0,0,1,2,2,1
1365,12,6,11,6,5,1,1,1,1,2,0
1366,4,2,7,4,4,3,1,1,1,2,0
1367,9,6,11,2,3,0,1,1,2,2,0
1368,8,4,15,0,1,2,1,0,2,2,0
1369,7,4,8,5,13,4,1,0,2,2,0
1370,5,4,9,4,10,2,1,1,2,2,1
1371,10,4,9,2,12,0,1,1,2,2,1
1372,7,0,11,2,0,0,1,1,1,2,1
1373,9,4,11,0,1,4,0,0,2,2,1
1374,6,5,15,2,4,0,1,1,2,2,0
1375,9,4,15,4,1,1,0,0,2,2,0
1376,9,4,9,4,10,3,1,0,2,2,0
1377,7,2,9,2,11,0,1,1,2,4,1
1378,8,1,8,2,1,5,0,0,2,2,1
1379,11,4,11,2,3,0,1,1,2,2,1
1380,8,4,9,2,12,0,1,1,2,2,0
1381,8,4,6,4,12,1,1,0,2,2,0
1382,7,4,9,2,4,2,1,0,3,2,0
1383,8,4,14,4,4,1,1,0,2,2,0
1384,4,4,12,4,10,3,1,1,2,2,0
1385,7,4,8,2,12,0,1,1,2,2,0
1386,6,4,15,2,10,0,1,1,2,2,0
1387,9,4,9,5,12,4,1,0,2,2,0
1388,5,4,15,2,7,0,1,1,2,2,0
1389,4,4,11,4,8,3,1,0,0,2,0
1390,11,1,14,0,10,4,1,0,3,2,1
1391,5,4,2,4,6,1,1,1,2,2,0
1392,15,4,9,0,8,1,1,0,3,2,1
1393,4,4,11,4,3,3,1,1,0,2,0
1394,4,0,2,4,0,3,1,1,2,2,0
1395,4,4,11,2,3,0,0,1,0,0,0
1396,8,4,0,4,1,1,0,0,2,0,0
1397,12,4,15,6,13,4,1,0,2,2,0
1398,7,4,15,4,8,3,1,0,2,2,0
1399,9,4,11,2,4,0,1,1,2,2,1
1400,7,2,9,4,4,1,1,1,2,2,0
1401,5,4,14,4,10,3,1,1,2,2,0
1402,4,4,11,4,7,1,1,1,1,2,0
1403,10,6,11,2,5,0,1,1,0,2,1
1404,9,1,11,0,10,4,1,0,2,2,0
1405,5,4,11,4,8,3,1,0,0,2,0
1406,13,0,11,6,6,1,1,1,1,2,0
1407,7,4,1,4,7,1,1,0,2,2,0
1408,8,4,9,0,10,1,1,0,2,2,1
1409,10,4,15,3,12,1,1,0,2,2,1
1410,7,4,15,0,1,0,0,1,1,0,0
1411,11,4,9,0,4,1,1,0,2,2,0
1412,7,4,15,4,8,2,1,0,2,2,0
1413,5,4,11,4,14,2,0,1,1,2,0
1414,7,4,15,4,3,1,1,1,2,2,0
1415,7,4,5,4,6,3,0,1,3,2,0
1416,6,4,11,2,4,5,1,0,2,2,0
1417,3,0,12,4,0,3,1,1,1,2,0
1418,9,1,8,2,1,5,1,0,2,2,1
1419,6,2,15,0,8,1,1,0,2,2,0
1420,4,4,11,2,14,0,1,1,2,2,0
1421,10,4,15,2,1,0,1,1,3,2,1
1422,11,4,15,4,14,3,1,1,2,2,0
1423,14,2,12,1,10,3,1,0,1,2,0
1424,8,4,11,4,1,1,1,0,2,2,0
1425,5,7,0,4,1,1,0,0,2,2,0
1426,6,6,12,4,5,3,1,1,2,2,0
1427,12,4,11,0,12,4,1,0,2,2,0
1428,9,4,11,2,7,0,1,1,2,2,0
1429,9,4,15,2,6,0,1,1,2,2,0
1430,9,6,11,2,7,1,1,0,2,2,0
1431,5,2,6,4,3,3,1,1,2,2,0
1432,9,4,11,2,7,0,1,1,1,2,0
1433,7,4,9,2,4,0,0,1,2,2,0
1434,15,4,11,2,3,0,0,1,2,2,0
1435,5,4,15,4,12,3,1,1,1,2,0
1436,7,4,15,2,8,0,1,1,2,2,0
1437,5,4,11,4,12,2,1,1,2,2,0
1438,6,4,11,2,3,0,1,1,2,2,0
1439,12,4,7,2,10,0,1,1,2,2,1
1440,3,4,15,4,1,3,1,0,1,2,0
1441,4,4,8,4,12,2,1,0,2,2,0
1442,11,4,11,4,8,1,1,0,3,1,0
1443,8,4,9,0,12,1,1,0,2,2,0
1444,3,4,15,5,1,1,1,0,2,2,0
1445,10,4,12,4,5,1,1,1,2,2,0
1446,6,4,11,4,1,4,1,1,2,2,0
1447,5,4,9,4,7,1,1,1,2,2,0
1448,6,2,8,2,13,0,1,1,2,1,1
1449,9,4,11,2,12,0,1,1,2,3,1
1450,8,4,14,4,10,3,1,1,2,2,0
1451,4,2,15,4,1,3,1,0,2,2,0
1452,6,4,0,5,8,2,1,0,2,2,0
1453,6,4,9,2,3,0,0,1,2,2,0
1454,3,4,15,2,7,0,1,1,2,2,1
1455,6,6,11,2,3,0,1,1,2,2,1
1456,5,4,9,4,4,3,1,0,2,2,0
1457,6,4,11,4,6,1,1,0,2,2,0
1458,10,4,2,2,8,0,1,1,1,2,1
1459,5,1,11,2,1,5,1,0,1,2,0
1460,12,0,2,2,0,0,1,1,1,2,0
1461,4,4,11,4,7,3,1,1,2,2,0
1462,8,4,11,0,4,1,1,0,2,2,0
1463,6,4,11,4,12,3,1,0,0,2,0
1464,12,4,15,2,3,0,1,1,1,2,0
1465,8,2,8,2,11,0,1,1,1,2,0
1466,5,6,9,4,4,1,1,0,2,2,1
1467,6,4,10,4,10,3,1,1,2,2,0
1468,5,7,14,4,10,1,1,0,2,2,0
1469,13,1,11,0,13,4,0,0,1,2,0
1470,9,4,8,2,1,0,1,1,2,2,0
1471,7,4,9,0,12,4,1,1,2,2,0
1472,9,4,11,2,11,0,1,1,1,2,0
1473,3,4,7,4,12,3,1,1,0,2,0
1474,9,4,9,0,12,4,1,0,2,2,0
1475,5,5,12,2,10,0,1,1,2,2,1
1476,14,4,15,2,12,0,1,1,3,2,1
1477,6,4,1,2,7,0,1,1,2,2,1
1478,8,7,12,4,10,3,1,1,2,2,0
1479,9,4,11,2,14,0,1,1,1,2,1
1480,4,4,1,4,12,2,1,1,0,2,0
1481,7,4,15,0,12,4,1,0,2,2,0
1482,8,2,11,0,10,1,1,1,2,2,0
1483,6,4,11,2,12,5,1,0,2,2,0
1484,8,2,10,4,10,3,1,1,2,2,0
1485,8,0,15,2,0,0,1,1,2,2,0
1486,11,0,15,2,0,0,1,1,2,2,1
1487,11,4,9,2,4,0,1,1,2,2,0
1488,5,4,8,0,3,1,1,1,1,2,0
1489,3,0,15,4,0,1,1,1,1,2,0
1490,4,4,12,0,10,4,1,0,2,2,0
1491,10,4,9,5,4,4,1,0,1,2,0
1492,6,4,15,2,12,0,1,1,1,2,1
1493,4,4,11,4,12,1,1,0,0,2,0
1494,10,4,15,2,12,0,1,1,2,2,0
1495,7,4,11,2,7,0,0,1,2,0,0
1496,3,4,12,4,1,4,0,0,2,2,0
1497,11,4,15,5,14,4,1,1,2,2,0
1498,14,4,8,1,10,3,1,0,1,2,0
1499,11,2,9,2,1,5,0,0,2,2,0
1500,8,4,6,0,12,1,1,0,3,2,0
1501,6,4,8,2,3,0,1,1,2,2,1
1502,11,2,9,6,11,1,1,1,2,2,0
1503,3,6,11,4,12,1,1,1,2,2,0
1504,4,2,15,4,10,1,1,1,2,2,0
1505,7,7,12,2,10,0,1,1,2,2,0
1506,4,4,1,4,8,3,1,0,1,2,0
1507,7,4,7,2,10,0,0,1,2,2,0
1508,4,4,15,4,8,1,1,1,0,2,0
1509,7,4,9,0,4,1,1,0,2,2,0
1510,10,6,0,0,5,1,1,1,2,2,0
1511,9,4,11,5,1,1,1,0,1,2,1
1512,9,4,8,2,10,0,1,1,2,2,1
1513,11,7,11,0,1,4,1,0,2,2,0
1514,12,6,12,4,1,1,0,0,0,2,0
1515,8,7,8,2,10,0,1,1,2,2,0
1516,7,6,2,2,0,0,1,1,2,1,1
1517,11,5,11,2,12,0,1,1,2,2,0
1518,3,4,1,4,8,1,1,1,0,2,0
1519,7,4,9,4,13,1,1,0,2,2,0
1520,7,4,11,4,1,3,1,0,2,2,0
1521,5,4,15,4,13,1,1,1,2,2,0
1522,12,4,9,2,12,0,1,1,1,2,0
1523,8,4,11,2,4,0,0,1,2,2,0
1524,6,4,11,2,1,5,1,0,2,2,0
1525,9,4,11,4,3,3,1,1,1,2,0
1526,7,4,11,2,5,0,1,1,2,2,1
1527,14,6,9,2,3,0,1,1,2,2,0
1528,6,4,1,2,8,5,1,0,2,2,0
1529,8,2,9,2,11,0,1,1,1,2,0
1530,4,4,11,4,12,3,1,1,2,2,0
1531,9,4,11,2,1,0,1,1,2,2,0
1532,8,6,11,2,3,0,1,1,2,2,0
1533,5,4,5,4,10,1,1,1,2,2,0
1534,5,4,6,2,12,0,1,1,1,2,0
1535,11,4,8,6,12,1,1,1,2,2,0
1536,13,4,9,2,1,0,0,1,2,0,1
1537,10,1,11,2,6,0,1,1,2,2,0
1538,4,4,15,4,1,3,1,0,2,2,0
1539,7,4,8,0,10,1,1,1,2,2,0
1540,5,4,11,2,14,0,1,1,1,2,1
1541,7,4,15,4,6,1,1,1,2,2,0
1542,9,7,15,2,10,0,1,1,2,2,1
1543,3,4,11,4,3,1,1,1,2,2,0
1544,6,4,11,2,7,0,1,1,2,2,0
1545,8,7,5,2,10,0,0,1,2,2,1
1546,7,2,9,0,4,4,1,0,2,2,0
1547,5,4,11,4,3,3,1,1,1,2,0
1548,4,4,1,4,3,1,1,1,0,2,0
1549,6,4,11,4,8,3,1,1,2,2,0
1550,9,4,11,2,3,0,1,1,3,2,0
1551,9,4,15,0,12,1,1,1,1,2,0
1552,4,6,11,4,3,3,1,1,2,2,0
1553,10,2,9,0,13,4,1,0,2,2,0
1554,6,4,9,0,10,4,1,1,3,2,1
1555,8,6,15,5,4,1,1,0,3,2,0
1556,8,6,11,2,12,0,1,1,2,2,1
1557,4,4,7,2,4,0,1,1,0,2,1
1558,8,4,11,2,1,0,1,1,2,2,0
1559,8,4,1,2,8,5,0,0,2,0,0
1560,4,4,7,3,4,2,1,0,1,2,0
1561,8,4,11,2,5,0,1,1,2,2,0
1562,10,4,15,0,4,4,1,1,1,2,0
1563,9,4,15,2,12,0,1,1,2,2,0
1564,10,7,11,4,4,3,1,1,2,2,0
1565,14,4,11,2,1,5,1,0,0,2,1
1566,9,4,11,4,12,3,1,1,2,2,0
1567,6,4,8,2,9,5,0,0,2,2,1
1568,9,4,1,2,14,0,1,1,2,2,1
1569,11,5,11,2,4,0,1,1,1,2,1
1570,5,4,10,4,10,1,1,0,2,1,0
1571,7,4,11,2,6,0,1,1,2,2,0
1572,5,6,8,4,3,3,1,1,2,2,0
1573,4,4,11,2,4,0,1,1,1,2,0
1574,6,4,12,2,10,0,1,1,2,2,0
1575,5,2,11,4,14,3,1,1,2,2,0
1576,9,6,11,2,12,0,1,1,2,2,1
1577,9,4,8,0,1,1,1,0,2,2,0
1578,5,4,15,2,7,0,1,1,1,2,1
1579,5,2,15,4,11,1,1,1,2,2,0
1580,12,4,15,4,4,4,1,1,2,1,0
1581,8,2,8,2,14,0,0,1,2,2,1
1582,9,4,11,2,12,0,1,1,2,2,1
1583,10,4,5,2,8,3,1,0,2,2,0
1584,4,4,11,4,3,3,1,1,2,2,0
1585,5,0,11,4,0,3,0,0,1,2,0
1586,11,5,15,2,4,1,1,1,2,2,0
1587,6,4,11,2,3,0,1,1,2,2,0
1588,5,6,0,0,7,4,1,1,2,2,0
1589,8,4,15,2,7,0,1,1,3,2,0
1590,4,4,15,4,3,3,1,1,1,2,0
1591,5,4,15,4,4,3,1,0,2,2,0
1592,7,4,15,2,5,0,1,1,1,2,0
1593,6,4,15,4,6,1,1,0,1,2,0
1594,8,5,7,0,10,4,1,0,0,2,0
1595,6,4,15,0,13,1,1,0,1,2,0
1596,5,4,11,4,1,3,1,0,2,2,0
1597,9,7,9,2,10,0,1,1,3,2,1
1598,6,4,11,4,3,3,1,1,4,2,0
1599,8,5,15,2,12,0,1,1,1,2,1
1600,5,4,15,4,4,3,1,0,1,2,0
1601,6,2,11,4,4,3,1,1,2,2,0
1602,9,6,1,6,7,1,1,1,2,2,0
1603,6,4,1,2,14,0,1,1,2,2,1
1604,10,4,11,2,7,0,1,1,2,2,1
1605,10,5,15,0,4,4,0,0,2,0,1
1606,14,4,1,5,6,1,1,0,3,2,0
1607,4,5,15,4,4,3,1,0,1,2,0
1608,6,4,8,4,13,4,1,0,2,2,0
1609,11,4,9,6,10,4,1,0,1,2,0
1610,6,4,11,2,3,0,1,1,1,2,0
1611,4,2,14,4,4,3,1,0,2,2,0
1612,9,5,11,2,12,0,1,1,2,2,1
1613,7,4,8,4,12,3,1,1,2,2,0
1614,4,4,7,4,4,1,1,0,0,2,0
1615,8,4,11,2,12,0,1,1,3,2,1
1616,7,4,11,2,3,0,1,1,2,2,1
1617,9,4,15,2,1,0,1,1,2,2,1
1618,4,2,15,4,1,1,0,0,1,0,0
1619,5,6,11,0,4,4,1,0,2,2,0
1620,4,4,9,4,7,3,1,1,2,2,0
1621,6,4,11,4,1,3,1,0,2,2,0
1622,6,4,11,4,3,3,1,1,2,2,0
1623,6,4,11,4,6,1,0,1,2,2,0
1624,6,2,9,4,1,1,0,0,2,2,0
1625,8,4,15,0,12,4,1,0,3,2,0
1626,11,4,15,6,8,4,1,0,2,2,0
1627,9,4,8,4,10,3,0,0,2,2,0
1628,5,4,15,2,5,0,1,1,2,2,0
1629,4,4,15,4,12,3,1,0,1,2,0
1630,6,6,9,2,4,0,1,1,2,2,0
1631,7,4,11,4,13,1,1,0,3,2,0
1632,9,4,15,2,7,0,1,1,2,2,0
1633,4,7,9,4,10,3,1,1,1,2,0
1634,8,6,11,4,14,1,1,0,2,2,0
1635,13,7,15,2,3,0,1,1,2,2,1
1636,6,6,14,0,10,4,1,0,2,2,0
1637,10,4,9,0,12,4,1,0,2,2,0
1638,11,4,7,2,10,0,1,1,2,2,0
1639,9,2,11,0,3,1,1,0,1,2,0
1640,7,4,11,4,14,3,1,1,2,2,0
1641,11,0,3,2,0,5,1,0,2,4,0
1642,15,4,11,6,3,1,1,1,0,2,0
1643,4,4,15,6,12,4,1,0,0,2,0
1644,9,1,9,6,10,4,1,0,1,2,0
1645,7,4,9,0,10,4,1,0,2,2,0
1646,12,4,2,2,6,0,1,1,2,2,0
1647,5,4,14,2,10,0,1,1,2,2,1
1648,5,7,15,4,1,1,1,0,2,2,1
1649,5,4,9,2,12,0,1,1,2,2,1
1650,6,4,15,4,12,1,1,1,2,2,0
1651,7,7,11,2,10,0,0,1,2,2,1
1652,3,4,1,4,3,2,1,1,1,2,0
1653,9,1,9,0,4,1,1,1,2,2,0
1654,7,4,15,0,3,1,1,1,2,2,1
1655,4,4,11,4,14,3,1,1,2,2,0
1656,9,4,15,2,12,0,1,1,2,2,0
1657,11,4,15,2,6,0,1,1,2,4,0
1658,10,4,11,2,6,0,0,1,2,2,1
1659,8,4,11,2,6,0,1,1,2,2,1
1660,13,2,11,0,7,4,1,0,2,1,0
1661,4,5,9,4,4,1,1,1,2,2,0
1662,4,4,11,4,7,1,1,1,0,2,0
1663,13,6,11,6,0,1,0,1,2,2,0
1664,9,4,9,2,13,0,1,1,1,2,0
1665,7,4,11,0,8,1,1,0,2,2,0
1666,8,4,8,0,7,1,1,0,2,2,0
1667,10,4,11,2,3,0,1,1,2,2,1
1668,4,7,15,4,4,3,1,1,2,2,0
1669,7,2,15,4,11,3,1,1,2,1,0
1670,4,4,11,4,8,1,1,1,2,2,0
1671,5,0,2,4,0,3,0,0,1,2,0
1672,4,4,15,4,10,1,1,1,1,2,0
1673,7,4,15,2,12,0,1,1,2,2,0
1674,5,4,2,4,5,1,1,1,2,2,0
1675,6,5,10,5,10,1,0,1,2,2,0
1676,6,4,15,0,8,4,0,0,2,2,0
1677,10,4,15,6,13,1,1,1,2,2,0
1678,6,4,15,3,3,3,0,1,2,2,0
1679,5,4,15,3,10,1,1,0,2,2,0
1680,10,4,5,2,9,0,1,1,0,2,0
1681,7,4,8,2,3,0,1,1,2,2,1
1682,5,4,11,4,8,3,1,0,2,2,0
1683,6,4,11,0,6,2,1,0,1,2,0
1684,12,4,9,2,3,0,1,1,2,2,1
1685,8,4,11,2,12,0,1,1,2,2,0
1686,7,4,0,0,7,4,1,0,2,2,0
1687,7,4,15,2,4,0,1,1,3,2,1
1688,11,4,15,0,1,1,1,1,2,2,0
1689,6,5,9,4,13,2,0,0,2,0,0
1690,6,2,9,2,10,0,0,1,2,2,0
1691,12,4,9,2,4,0,1,1,2,2,0
1692,7,4,9,2,10,0,1,1,1,2,1
1693,4,4,15,4,11,3,1,1,2,2,0
1694,7,4,9,2,14,3,0,1,2,0,0
1695,7,6,15,0,12,4,1,0,2,2,0
1696,6,4,9,2,4,0,1,1,2,2,0
1697,7,7,8,2,2,5,0,0,2,2,0
1698,12,4,8,2,12,0,1,1,2,2,0
1699,6,6,11,2,5,0,1,1,2,2,0
1700,12,4,12,2,10,5,1,0,2,2,0
1701,13,4,5,2,8,0,1,1,2,2,0
1702,4,5,12,3,4,2,1,1,2,2,1
1703,5,4,15,4,12,3,1,0,2,2,0
1704,5,4,11,4,1,3,1,0,2,2,0
1705,9,0,0,2,0,0,1,1,2,2,0
1706,9,6,11,2,5,0,1,1,2,2,1
1707,5,4,11,2,3,0,1,1,2,2,0
1708,10,4,15,2,8,0,1,1,1,2,1
1709,4,7,15,5,1,4,1,0,2,2,0
1710,6,4,15,4,12,3,1,1,2,2,0
1711,7,4,11,2,3,0,1,1,2,2,0
1712,8,4,6,2,3,0,1,1,2,2,0
1713,8,4,11,4,12,1,1,1,2,2,0
1714,3,4,15,4,1,2,1,0,1,2,0
1715,6,4,11,0,3,1,0,0,2,2,0
1716,5,7,11,4,11,3,1,1,0,2,0
1717,10,1,11,2,1,0,1,1,2,2,0
1718,7,4,15,0,12,1,1,0,2,2,0
1719,7,6,9,4,12,3,1,1,2,2,0
1720,9,4,11,2,1,0,0,1,1,2,1
1721,6,4,15,0,1,4,1,0,2,2,0
1722,7,4,15,2,4,0,1,1,1,2,0
1723,12,4,11,2,1,5,1,0,1,2,0
1724,6,7,9,2,11,0,1,1,2,2,0
1725,5,4,11,4,3,1,1,1,1,2,0
1726,6,4,11,4,4,1,1,1,1,2,0
1727,8,4,5,2,9,0,1,1,2,2,0
1728,10,4,7,2,1,5,0,0,3,0,0
1729,7,4,11,4,6,3,1,1,2,2,0
1730,3,4,15,4,14,1,1,1,4,2,0
1731,10,4,11,2,8,5,1,1,2,2,1
1732,11,1,8,4,4,3,1,1,2,2,0
1733,6,4,15,2,12,0,1,1,2,2,1
1734,7,4,9,2,4,0,1,1,2,2,1
1735,14,4,5,2,10,0,1,1,2,2,1
1736,10,0,11,2,3,0,1,1,2,2,0
1737,5,4,11,4,6,4,1,1,2,2,0
1738,5,4,0,4,8,1,1,1,2,1,0
1739,11,2,12,2,10,0,1,1,2,2,0
1740,5,4,9,2,4,0,1,1,2,2,0
1741,4,6,11,2,5,0,1,1,1,2,0
1742,8,7,12,4,10,3,1,1,2,2,0
1743,6,4,9,5,12,4,1,1,4,2,0
1744,6,4,11,5,12,4,1,0,2,2,0
1745,6,4,14,2,10,0,1,1,3,4,0
1746,7,4,2,2,8,0,0,1,2,2,0
1747,10,6,0,2,12,0,1,1,2,2,1
1748,9,4,15,2,7,0,1,1,2,2,0
1749,8,4,1,0,8,1,1,0,3,2,0
1750,8,6,8,2,3,0,1,1,2,2,1
1751,13,4,8,6,4,4,1,0,0,2,0
1752,5,4,9,4,1,3,0,1,2,2,0
1753,7,4,12,2,5,0,1,1,2,2,0
1754,5,4,7,2,10,0,1,1,2,2,0
1755,5,4,15,0,10,1,1,1,2,2,0
1756,5,2,9,4,10,1,1,0,1,2,0
1757,8,6,12,2,4,0,1,1,2,2,0
1758,15,0,12,0,0,1,0,0,3,2,1
1759,8,1,1,2,14,0,1,1,2,2,0
1760,12,1,11,5,1,4,1,0,1,2,0
1761,10,2,15,2,8,5,1,0,1,2,0
1762,4,4,15,4,4,3,1,0,2,2,0
1763,4,4,9,4,4,3,1,0,1,2,0
1764,11,6,12,2,10,0,1,1,3,1,0
1765,6,4,15,4,1,3,1,0,1,1,0
1766,6,4,11,4,12,1,1,0,3,2,0
1767,11,4,4,2,3,0,1,1,2,2,1
1768,5,4,11,2,3,0,1,1,2,2,0
1769,6,6,9,0,10,1,0,1,2,2,0
1770,11,4,9,2,10,0,1,1,2,2,1
1771,4,5,15,4,5,3,1,1,0,2,0
1772,9,5,15,2,12,0,1,1,2,2,0
1773,4,6,7,4,4,1,1,1,2,2,0
1774,10,4,11,6,7,1,1,0,1,2,0
1775,4,4,12,4,6,3,1,1,1,2,0
1776,10,4,11,2,8,0,1,1,2,2,0
1777,12,4,0,2,3,0,1,1,2,2,0
1778,13,0,11,2,0,0,0,1,1,2,0
1779,3,4,15,4,4,1,1,1,1,2,0
1780,9,5,9,4,10,1,1,1,2,2,0
1781,11,6,15,2,5,0,1,1,1,2,0
1782,7,4,11,2,12,0,1,1,3,2,1
1783,11,7,11,2,1,0,1,1,2,2,0
1784,12,1,15,2,3,0,1,1,4,2,1
1785,10,4,7,2,12,0,1,1,2,2,0
1786,5,7,15,4,11,1,1,1,2,2,0
1787,8,4,11,2,3,3,1,0,2,2,0
1788,14,4,15,2,4,0,1,1,2,2,0
1789,8,4,9,2,10,0,1,1,2,2,0
1790,6,4,12,0,4,4,1,0,1,2,0
1791,6,4,12,0,10,4,1,0,2,2,0
1792,7,5,15,5,4,1,1,1,2,2,0
1793,9,2,5,2,10,5,0,0,2,2,0
1794,5,4,9,2,13,5,0,0,2,2,1
1795,3,4,11,4,14,1,0,1,1,2,0
1796,12,4,9,3,4,1,1,1,2,2,0
1797,8,4,11,2,12,0,1,1,2,2,0
1798,3,4,11,4,3,1,1,0,2,2,0
1799,7,4,8,4,12,3,1,1,2,2,0
1800,4,4,15,4,1,3,1,0,0,2,0
1801,7,5,2,2,12,0,1,1,1,2,0
1802,3,4,11,4,7,3,1,1,2,2,0
1803,5,4,8,4,1,1,1,0,2,2,0
1804,5,4,0,2,3,0,1,1,1,2,0
1805,13,1,9,6,10,1,1,0,1,2,0
1806,7,4,15,2,3,0,1,1,2,2,1
1807,12,7,1,2,2,0,0,1,2,2,1
1808,5,4,15,0,1,1,1,1,2,2,0
1809,10,4,1,2,7,0,1,1,2,2,1
1810,10,4,15,2,4,0,1,1,2,2,1
1811,7,4,11,2,3,0,0,1,2,0,0
1812,12,4,9,2,4,0,1,1,2,2,0
1813,5,4,2,4,8,1,1,0,1,2,0
1814,5,4,9,2,1,0,1,1,2,2,1
1815,12,4,6,2,7,0,1,1,1,2,1
1816,7,4,11,2,3,0,1,1,2,2,0
1817,7,7,9,5,10,1,1,1,2,2,0
1818,6,4,8,4,3,1,1,1,2,2,0
1819,3,4,11,4,8,3,1,0,1,2,0
1820,13,4,11,2,3,0,1,1,2,2,0
1821,7,0,15,2,3,1,1,1,2,2,0
1822,4,4,15,3,12,4,1,0,2,2,0
1823,4,4,12,4,12,3,1,0,2,2,0
1824,9,4,15,2,8,0,0,1,1,0,0
1825,4,7,15,4,11,3,1,1,2,2,0
1826,8,4,12,2,6,0,1,1,2,2,1
1827,9,4,1,4,14,4,1,0,2,2,0
1828,5,0,11,2,0,0,1,1,1,2,0
1829,5,4,11,4,12,4,1,1,2,4,0
1830,12,4,15,2,3,0,1,1,1,2,0
1831,7,4,11,2,8,0,0,1,2,4,0
1832,5,5,11,2,12,0,1,1,2,2,0
1833,15,4,11,6,12,1,1,0,0,4,0
1834,7,4,15,2,7,0,1,1,2,2,1
1835,5,4,0,4,8,1,0,0,2,2,0
1836,10,4,11,2,8,0,0,1,1,2,0
1837,6,4,12,2,10,0,1,1,2,2,1
1838,4,4,15,4,3,1,1,1,2,2,0
1839,9,1,9,2,10,0,1,1,3,2,0
1840,8,4,11,2,8,0,1,1,1,2,0
1841,7,4,12,0,10,1,1,0,1,2,0
1842,4,6,15,4,8,4,1,0,0,2,0
1843,5,4,11,4,12,3,1,0,1,2,0
1844,3,4,9,4,4,1,1,1,0,2,0
1845,4,4,11,4,12,4,1,1,2,2,0
1846,9,4,9,2,12,0,1,1,2,2,1
1847,10,4,11,2,1,0,1,1,2,2,1
1848,7,5,11,0,4,1,1,0,2,2,0
1849,7,4,1,0,8,1,1,0,2,2,0
1850,11,4,15,2,6,0,1,1,1,2,1
1851,9,4,7,2,13,0,1,1,2,2,1
1852,10,4,15,2,3,0,1,1,2,2,0
1853,5,4,1,2,8,0,1,1,2,2,1
1854,7,4,15,2,4,0,1,1,2,2,0
1855,5,4,9,4,10,2,1,0,3,2,0
1856,4,4,15,4,7,3,1,0,1,2,0
1857,13,4,4,2,8,0,1,1,0,2,1
1858,11,4,15,2,1,0,0,1,2,2,0
1859,9,4,2,2,7,0,1,1,2,2,1
1860,11,4,11,2,12,0,1,1,2,2,1
1861,3,4,11,4,8,3,0,0,1,2,0
1862,12,4,15,2,3,0,1,1,1,2,1
1863,6,4,15,4,1,3,1,0,3,2,0
1864,10,4,9,2,10,0,1,1,1,2,1
1865,9,2,15,2,1,5,1,0,3,2,0
1866,9,6,15,2,8,5,0,0,2,2,1
1867,8,4,5,2,9,0,1,1,2,2,1
1868,12,4,8,2,13,0,1,1,2,2,0
1869,12,2,11,0,10,1,1,1,2,2,0
1870,5,4,9,4,13,1,1,0,2,2,0
1871,5,4,15,4,11,1,1,1,1,2,0
1872,7,4,8,4,13,3,1,0,1,2,0
1873,10,4,15,4,10,4,1,0,2,1,0
1874,7,4,1,2,12,0,1,1,2,2,0
1875,12,4,15,4,1,2,1,0,2,2,0
1876,9,4,11,2,13,0,1,1,2,2,0
1877,12,6,11,6,1,4,1,0,1,2,0
1878,8,4,11,2,12,0,1,1,1,2,0
1879,4,4,15,4,8,3,1,1,1,2,0
1880,7,4,0,2,3,0,1,1,2,2,0
1881,8,4,14,2,10,0,1,1,3,2,0
1882,5,4,9,4,4,3,1,1,2,2,0
1883,9,6,11,2,14,5,1,0,2,2,0
1884,9,4,15,0,1,4,0,1,1,2,0
1885,4,4,14,4,10,3,1,0,1,2,0
1886,4,7,7,0,1,1,1,0,0,2,0
1887,6,5,11,4,12,3,1,0,2,2,0
1888,7,4,15,4,10,3,0,1,1,2,0
1889,9,4,15,2,13,0,1,1,2,2,0
1890,8,4,15,2,1,5,1,0,2,2,0
1891,9,4,11,2,7,0,1,1,2,2,1
1892,11,2,5,2,3,0,1,1,2,1,1
1893,5,5,15,0,12,4,1,0,0,2,1
1894,5,4,5,2,6,5,0,0,2,4,1
1895,7,0,15,4,0,1,0,0,2,2,0
1896,8,4,9,0,10,4,0,0,2,2,0
1897,14,4,11,2,8,0,1,1,0,2,1
1898,6,4,11,2,4,0,1,1,2,2,1
1899,4,4,11,0,4,1,1,1,1,2,0
1900,5,4,15,4,13,3,0,0,2,2,0
1901,11,6,12,2,12,0,1,1,2,2,1
1902,6,4,11,2,7,0,1,1,3,2,0
1903,7,4,14,4,10,1,1,1,2,2,0
1904,6,4,6,2,7,5,0,0,1,2,1
1905,9,6,9,0,10,1,0,0,2,2,0
1906,4,4,1,0,3,4,1,1,1,2,1
1907,9,4,14,2,10,0,1,1,2,2,1
1908,6,0,15,2,0,0,1,1,2,2,0
1909,6,4,11,2,3,0,1,1,2,2,1
1910,4,6,5,4,5,3,1,1,2,2,0
1911,6,4,9,2,3,0,1,1,2,2,1
1912,7,4,11,2,3,0,0,1,2,2,1
1913,4,4,11,4,3,1,1,0,2,2,0
1914,8,7,2,0,8,4,1,0,2,2,0
1915,11,4,15,2,12,0,1,1,2,2,1
1916,9,4,4,0,3,1,1,1,2,2,0
1917,8,1,11,2,14,0,1,1,2,2,0
1918,9,4,11,0,7,4,1,0,2,2,0
1919,4,4,11,4,12,3,1,1,2,2,0
1920,13,4,11,2,7,0,1,1,2,2,1
1921,4,5,11,4,4,1,1,0,1,2,0
1922,6,4,11,2,8,0,1,1,2,2,0
1923,12,4,11,2,8,0,1,1,2,2,0
1924,9,5,9,2,11,0,1,1,1,2,0
1925,5,6,11,2,3,0,1,1,2,2,0
1926,5,5,11,3,4,1,1,1,2,2,0
1927,9,4,11,0,3,4,1,0,1,2,0
1928,5,4,11,4,3,3,1,1,2,2,0
1929,5,4,12,6,8,4,1,0,2,2,0
1930,18,4,2,4,9,2,1,1,1,2,0
1931,9,5,12,2,4,0,1,1,2,2,0
1932,5,4,9,4,4,4,0,1,2,2,0
1933,5,4,11,4,12,1,1,0,2,2,0
1934,9,1,4,2,6,0,0,1,3,2,0
1935,4,4,11,4,6,1,1,1,2,2,0
1936,7,4,11,2,12,0,1,1,3,2,1
1937,3,5,11,4,12,3,1,0,0,1,0
1938,9,4,11,2,14,0,1,1,2,2,0
1939,4,4,11,4,3,1,1,1,1,2,0
1940,10,7,15,6,13,1,1,0,1,2,0
1941,13,4,15,6,7,1,1,1,0,2,0
1942,4,4,6,3,8,2,1,0,2,2,0
1943,3,4,15,4,12,1,1,1,1,2,1
1944,9,4,14,0,10,4,1,0,2,2,0
1945,4,2,14,4,10,1,1,1,1,2,0
1946,3,4,11,4,1,1,1,0,2,2,0
1947,4,4,0,4,3,3,0,1,2,2,0
1948,8,5,11,2,5,0,1,1,2,2,1
1949,6,4,15,4,12,1,1,0,2,2,1
1950,7,6,14,4,4,1,1,1,1,4,0
1951,9,4,9,0,10,1,1,0,2,2,0
1952,9,4,1,2,7,0,1,1,1,2,1
1953,10,4,11,2,8,0,0,1,2,2,0
1954,4,4,9,4,8,1,1,0,2,2,1
1955,7,4,11,2,3,2,0,1,2,2,1
1956,12,4,15,2,1,0,1,1,2,2,0
1957,11,7,11,2,11,0,1,1,2,2,0
1958,7,4,7,2,4,0,1,1,2,2,1
1959,9,4,11,2,14,5,1,0,2,2,0
1960,6,5,15,2,12,0,1,1,2,2,1
1961,9,4,11,0,12,4,1,0,2,2,0
1962,4,2,11,4,10,1,1,1,0,2,0
1963,8,2,7,2,10,0,1,1,2,2,0
1964,10,4,11,2,1,0,1,1,1,2,0
1965,8,1,15,2,10,0,1,1,2,2,0
1966,3,4,11,4,12,1,1,0,1,2,0
1967,8,4,11,2,4,0,1,1,2,2,1
1968,8,5,0,6,12,1,1,0,1,2,0
1969,11,4,8,6,10,1,1,1,1,2,0
1970,6,0,15,4,0,1,1,0,2,2,0
1971,7,4,4,0,8,1,1,0,2,2,1
1972,7,4,11,2,3,0,1,1,3,2,0
1973,4,4,9,4,3,1,1,1,1,2,0
1974,6,4,15,4,12,3,1,1,2,2,0
1975,9,4,15,2,12,0,1,1,2,2,0
1976,8,4,15,4,12,3,1,0,2,2,0
1977,11,4,15,5,8,4,1,0,2,2,0
1978,12,4,11,0,12,1,1,1,1,2,0
1979,11,4,15,2,12,0,1,1,3,2,0
1980,12,4,8,2,8,0,1,1,0,2,0
1981,10,7,15,0,11,1,1,1,2,2,0
1982,5,4,11,2,5,0,1,1,2,2,1
1983,3,4,12,4,4,2,1,1,1,2,0
1984,7,4,15,2,12,0,1,1,2,2,0
1985,5,4,11,2,13,0,1,1,2,2,1
1986,7,4,15,0,12,1,1,1,2,2,0
1987,6,6,15,2,4,0,1,1,2,2,0
1988,6,4,11,2,12,0,1,1,1,2,1
1989,13,4,8,2,3,0,1,1,2,2,0
1990,8,4,9,4,4,3,1,1,2,2,0
1991,4,7,5,4,10,3,1,1,2,2,0
1992,11,5,7,2,4,0,1,1,2,2,1
1993,6,4,2,0,3,2,1,1,2,2,0
1994,7,4,6,2,3,0,1,1,2,2,1
1995,6,6,11,2,14,0,1,1,2,2,1
1996,10,6,11,2,12,0,1,1,2,2,0
1997,4,4,11,4,8,1,1,0,1,2,0
1998,3,4,9,4,7,3,0,0,0,2,0
1999,5,4,9,2,4,0,1,1,2,2,1
2000,5,4,7,4,10,3,1,0,1,2,0
2001,3,4,7,4,1,4,1,0,4,2,0
2002,3,6,9,4,3,1,1,1,2,2,0
2003,5,2,9,2,4,0,1,1,2,2,1
2004,7,4,8,4,1,2,1,0,2,2,0
2005,9,2,14,2,10,0,1,1,2,2,0
2006,5,4,12,2,10,0,1,1,2,2,0
2007,4,0,11,4,0,3,1,1,0,2,0
2008,4,4,5,2,6,0,1,1,0,2,0
2009,8,4,11,2,8,5,0,0,2,2,1
2010,9,4,12,2,10,0,0,1,2,2,0
2011,4,0,7,4,0,3,0,1,1,2,0
2012,9,4,0,2,14,0,1,1,2,2,0
2013,5,4,11,2,3,0,1,1,2,2,0
2014,5,4,6,2,6,0,1,1,2,2,1
2015,9,1,11,2,4,0,1,1,3,2,1
2016,7,4,11,2,1,0,0,1,3,0,1
2017,5,4,3,2,7,0,1,1,2,2,1
2018,4,6,15,4,3,1,1,1,2,2,0
2019,3,5,15,4,4,3,1,1,1,2,0
2020,10,2,11,0,14,3,1,1,2,2,0
2021,14,4,11,1,8,3,1,1,0,2,0
2022,13,6,9,2,10,0,0,1,2,0,1
2023,4,4,6,2,7,0,1,1,2,2,1
2024,6,4,15,0,12,1,1,1,2,2,0
2025,10,7,14,2,10,0,1,1,0,2,0
2026,9,4,12,2,10,0,1,1,2,2,0
2027,10,4,11,2,12,0,1,1,3,2,1
2028,11,4,15,2,12,0,1,1,2,2,0
2029,5,4,6,2,6,0,1,1,2,2,0
2030,4,4,11,4,7,1,1,0,1,2,0
2031,10,4,1,2,14,0,1,1,2,4,1
2032,6,4,8,2,7,0,1,1,2,2,0
2033,8,0,5,2,0,0,1,1,2,2,1
2034,6,4,15,5,3,1,1,1,2,2,0
2035,6,6,9,2,10,5,1,0,2,2,0
2036,8,4,9,6,10,1,1,0,3,2,0
2037,8,4,9,2,12,0,1,1,2,2,0
2038,8,4,15,2,6,0,1,1,2,2,1
2039,8,4,15,2,3,0,1,1,1,2,0
2040,7,6,11,2,3,0,1,1,3,2,1
2041,7,4,9,4,6,1,1,1,2,2,1
2042,4,4,7,4,14,1,1,1,2,2,1
2043,5,4,15,2,8,0,1,1,2,2,0
2044,8,4,9,2,10,0,1,1,2,2,0
2045,3,4,5,2,10,0,1,1,1,2,0
2046,8,4,11,0,4,4,1,0,2,2,0
2047,10,4,14,4,10,3,1,1,2,2,0
2048,9,4,8,4,8,1,1,0,2,2,0
2049,6,4,11,5,7,1,1,0,2,2,0
2050,8,4,11,2,8,0,0,1,3,2,0
2051,5,4,11,4,14,3,1,1,3,2,0
2052,12,2,15,6,1,4,1,1,2,2,0
2053,7,4,2,2,6,0,1,1,2,2,0
2054,7,4,9,2,3,0,1,1,2,2,0
2055,4,2,11,4,1,3,1,0,2,2,0
2056,4,0,8,0,0,1,1,1,2,2,0
2057,11,4,9,2,10,0,1,1,2,2,1
2058,6,4,9,2,1,0,1,1,2,2,1
2059,4,2,0,2,8,0,1,1,2,2,1
2060,6,5,15,4,13,3,1,1,2,2,0
2061,3,4,5,4,8,3,0,0,0,2,0
2062,7,4,15,2,8,0,1,1,2,2,0
2063,12,4,1,2,8,0,1,1,2,2,1
2064,5,2,15,2,11,0,1,1,2,2,0
2065,11,4,15,2,12,0,1,1,2,2,1
2066,8,4,9,2,1,5,1,0,2,2,0
2067,9,4,15,2,13,0,1,1,2,2,0
2068,6,6,15,2,4,0,1,1,1,2,0
2069,6,4,6,2,3,0,1,1,2,2,0
2070,6,6,8,4,3,1,1,1,1,2,0
2071,5,4,11,4,3,3,1,1,1,2,0
2072,12,4,15,2,12,5,1,0,2,2,1
2073,9,7,11,2,4,0,1,1,2,2,1
2074,5,4,0,4,3,3,1,1,2,2,0
2075,11,4,11,2,1,0,0,1,2,2,0
2076,6,4,15,0,13,1,1,0,2,2,0
2077,7,4,15,2,3,0,1,1,1,2,1
2078,5,7,2,4,13,3,1,1,2,2,0
2079,10,4,10,4,4,1,0,0,2,0,0
2080,3,4,15,4,8,3,0,1,1,2,0
2081,5,4,7,2,4,0,1,1,2,2,0
2082,13,4,0,6,6,1,0,1,2,0,0
2083,4,4,11,4,1,3,0,0,1,2,0
2084,7,4,9,2,4,0,1,1,2,2,1
2085,8,4,11,4,8,1,1,0,3,2,0
2086,8,4,11,4,4,1,1,0,2,2,0
2087,5,4,11,4,6,1,1,1,2,2,0
2088,6,4,15,4,1,1,1,0,1,2,0
2089,5,4,9,4,10,1,1,0,2,2,0
2090,8,4,11,3,12,4,1,0,2,2,0
2091,12,0,3,2,0,0,1,1,2,2,0
2092,3,4,1,4,12,4,0,0,1,2,0
2093,9,2,9,2,10,0,1,1,2,2,1
2094,11,4,15,0,12,3,1,1,2,2,0
2095,6,4,11,4,8,4,1,0,1,4,0
2096,8,6,9,4,12,1,1,1,2,2,0
2097,4,0,11,6,0,4,0,0,2,2,0
2098,10,4,11,2,3,0,1,1,2,1,0
2099,4,4,15,4,1,1,1,1,1,2,0
2100,4,4,2,4,13,3,0,1,1,2,0
2101,9,1,15,4,13,3,1,0,2,2,0
2102,5,4,11,4,13,3,1,0,2,2,0
2103,8,4,9,2,10,0,1,1,2,2,0
2104,6,4,11,5,8,1,1,0,2,2,1
2105,6,5,15,2,3,0,1,1,3,2,1
2106,12,4,11,0,6,4,1,1,2,2,0
2107,5,5,15,4,4,1,1,1,2,2,0
2108,9,4,15,4,4,2,1,1,2,2,0
2109,7,1,15,2,3,2,1,1,2,2,0
2110,12,4,11,2,14,0,1,1,2,2,0
2111,4,4,7,4,1,2,1,1,2,2,1
2112,9,0,15,2,0,0,1,1,2,2,0
2113,7,4,6,4,6,2,0,1,2,2,0
2114,6,7,10,4,10,1,1,0,2,2,0
2115,8,4,11,2,7,0,1,1,2,2,0
2116,6,2,8,2,3,0,0,1,2,2,0
2117,10,4,11,2,14,0,1,1,2,2,1
2118,8,4,15,2,3,0,1,1,2,2,1
2119,6,4,9,2,1,0,1,1,2,2,1
2120,6,4,15,0,3,4,1,1,2,2,0
2121,4,4,0,4,7,1,0,1,2,2,0
2122,10,2,15,2,10,0,1,1,1,2,1
2123,6,4,7,4,4,1,1,0,2,2,0
2124,12,6,7,2,3,0,0,1,2,2,1
2125,6,0,11,2,0,5,0,0,2,2,0
2126,6,4,8,4,1,1,0,0,2,2,1
2127,3,4,15,4,14,3,1,0,0,2,1
2128,7,4,15,0,1,1,1,0,1,2,0
2129,4,4,9,4,10,1,1,1,3,2,0
2130,6,4,15,5,3,1,1,1,1,2,0
2131,5,4,5,4,3,1,1,0,2,2,0
2132,9,4,11,5,1,1,1,1,2,2,0
2133,13,4,15,6,8,4,1,0,0,2,0
2134,9,4,9,2,14,0,1,1,2,2,1
2135,8,4,11,2,3,0,1,1,2,2,1
2136,7,4,11,2,3,0,1,1,2,2,0
2137,3,0,0,4,0,3,1,0,2,2,0
2138,6,1,15,2,13,5,1,0,2,2,1
2139,10,5,9,4,4,1,1,1,2,2,0
2140,4,2,11,4,4,3,1,0,2,2,0
2141,4,4,7,4,4,4,1,0,2,2,1
2142,11,4,15,6,6,4,1,0,2,2,0
2143,9,4,12,2,9,0,1,1,2,2,0
2144,6,4,7,4,8,3,0,1,2,2,0
2145,13,7,1,2,8,0,0,1,0,2,1
2146,7,4,15,2,3,0,1,1,2,2,0
2147,10,4,15,4,5,3,1,1,2,2,0
2148,3,4,0,5,1,1,0,0,1,2,0
2149,3,4,11,4,7,3,1,1,1,2,0
2150,11,4,9,6,12,1,1,1,2,2,0
2151,8,4,11,2,3,0,1,1,2,2,1
2152,7,4,9,4,4,3,1,0,2,2,0
2153,8,4,11,2,4,0,1,1,2,2,1
2154,8,4,11,2,5,0,1,1,2,2,0
2155,10,4,7,2,12,0,1,1,2,2,1
2156,9,2,15,2,11,0,1,1,1,2,1
2157,6,6,11,2,11,0,0,1,1,2,1
2158,9,4,15,2,3,0,1,1,2,2,0
2159,13,4,1,2,6,0,1,1,1,2,0
2160,10,4,5,2,3,0,1,1,2,2,1
2161,6,6,11,2,4,0,0,1,2,2,1
2162,9,6,12,4,4,3,1,0,2,2,0
2163,7,4,11,5,3,1,1,1,2,2,0
2164,10,4,11,0,7,1,1,1,2,2,0
2165,3,4,7,4,1,1,1,1,0,2,0
2166,8,4,15,2,1,5,1,0,2,2,0
2167,7,4,11,2,3,0,1,1,2,2,1
2168,5,4,15,4,8,3,1,1,2,2,0
2169,11,5,11,2,3,0,1,1,3,2,0
2170,4,4,9,4,4,4,1,0,2,2,0
2171,11,0,0,2,0,0,1,1,3,2,1
2172,11,6,11,4,3,4,0,0,2,2,1
2173,8,4,12,2,4,0,1,1,2,2,1
2174,14,4,14,1,4,3,1,0,2,2,0
2175,8,4,7,2,4,0,1,1,1,2,1
2176,11,4,11,4,8,3,1,0,2,2,0
2177,12,2,11,6,4,1,1,0,4,2,0
2178,5,4,11,4,7,3,1,1,3,1,0
2179,7,4,1,2,12,0,1,1,2,2,0
2180,6,1,7,0,10,1,1,0,2,2,0
2181,4,4,1,3,3,1,1,1,2,2,0
2182,8,4,11,5,7,4,1,0,2,2,0
2183,7,0,11,4,0,3,1,1,2,2,0
2184,11,4,11,5,14,1,0,1,2,2,0
2185,3,4,11,4,7,4,1,1,0,2,0
2186,4,6,15,2,5,0,1,1,1,2,1
2187,7,4,7,2,4,0,1,1,2,2,0
2188,9,4,9,2,12,0,1,1,2,2,1
2189,4,4,11,4,3,3,1,1,2,2,0
2190,4,4,2,4,6,3,1,0,2,2,0
2191,7,5,9,2,4,0,1,1,2,2,0
2192,11,4,11,2,7,0,1,1,1,2,1
2193,5,4,9,2,4,0,1,1,2,2,0
2194,6,4,4,2,6,0,1,1,2,2,1
2195,4,6,9,5,4,5,1,0,2,2,1
2196,13,4,7,2,3,0,1,1,2,2,1
2197,6,4,9,2,12,0,1,1,2,2,0
2198,6,4,9,4,12,3,1,1,2,2,0
2199,8,4,6,2,3,0,1,1,2,2,1
2200,4,4,11,0,3,4,1,1,0,2,0
2201,3,4,2,4,6,3,1,1,2,2,0
2202,9,7,11,2,8,0,0,1,1,2,1
2203,10,6,9,2,12,0,1,1,2,2,1
2204,3,2,12,4,10,1,1,1,3,2,0
2205,9,4,15,0,8,1,0,1,2,2,0
2206,7,4,9,2,12,0,1,1,2,2,0
2207,6,4,15,0,8,4,1,0,3,2,0
2208,5,4,11,2,14,0,1,1,2,2,0
2209,15,2,11,6,1,4,1,0,0,2,0
2210,6,4,11,2,3,0,1,1,2,2,0
2211,15,4,2,0,8,3,1,0,2,2,0
2212,7,6,11,2,4,0,1,1,3,2,0
2213,6,0,15,2,0,5,0,0,3,2,0
2214,3,4,9,4,12,1,0,1,1,2,0
2215,3,4,11,4,1,3,1,0,2,2,0
2216,3,4,11,2,3,0,1,1,1,2,1
2217,12,4,14,3,10,4,1,1,1,2,0
2218,13,4,11,6,3,4,0,1,1,0,0
2219,6,0,15,2,6,0,1,1,4,2,0
2220,6,4,11,4,3,3,1,1,2,2,0
2221,3,4,1,4,3,1,1,1,0,2,0
2222,4,4,15,4,10,1,0,0,0,2,1
2223,8,4,15,5,1,4,1,0,3,2,0
2224,5,4,11,4,3,1,1,1,1,2,0
2225,5,4,15,2,12,0,1,1,2,2,1
2226,10,4,4,2,1,0,1,1,2,2,0
2227,15,4,1,0,8,1,1,0,0,2,0
2228,13,4,11,0,8,4,1,0,1,1,0
2229,10,4,8,2,13,2,1,0,1,2,0
2230,10,4,0,2,7,5,1,0,2,2,0
2231,6,6,6,2,14,0,1,1,2,2,1
2232,3,4,11,4,14,3,1,1,1,2,0
2233,4,4,7,4,4,1,1,1,1,2,0
2234,4,4,12,3,8,1,1,1,2,2,0
2235,10,4,11,0,12,3,1,1,2,2,0
2236,5,2,9,2,11,0,1,1,2,2,0
2237,3,4,0,4,14,3,1,1,2,2,0
2238,15,4,8,4,7,1,1,1,2,2,0
2239,7,7,15,2,4,0,1,1,2,2,1
2240,4,4,11,4,12,1,0,1,1,0,0
2241,4,1,11,4,1,1,1,1,1,2,0
2242,8,4,11,2,1,0,0,1,2,2,0
2243,6,4,12,4,4,3,1,1,2,2,0
2244,5,2,14,2,10,0,1,1,2,0,1
2245,6,4,15,0,4,1,1,1,2,2,0
2246,5,4,9,4,1,1,1,1,2,2,0
2247,4,4,15,4,12,1,1,1,2,2,0
2248,12,6,7,0,4,4,1,1,2,2,0
2249,4,4,9,2,10,0,1,1,2,2,1
2250,6,4,11,4,4,1,1,0,2,2,0
2251,4,4,11,4,8,1,1,0,2,2,0
2252,5,4,9,3,1,1,0,0,2,2,0
2253,4,2,15,4,1,1,1,0,3,2,0
2254,8,4,9,2,4,0,1,1,1,2,0
2255,8,4,11,2,3,0,1,1,2,2,0
2256,10,4,11,4,3,1,0,0,2,2,0
2257,4,4,9,4,12,3,1,0,1,2,0
2258,12,6,11,2,7,0,1,1,4,2,0
2259,10,6,9,2,12,0,1,1,2,2,1
2260,8,4,15,2,4,0,1,1,2,2,1
2261,5,4,8,4,1,4,1,0,2,2,0
2262,9,4,15,2,3,0,1,1,2,2,0
2263,10,4,9,2,3,0,0,1,0,2,0
2264,4,6,14,4,10,3,1,0,0,2,0
2265,4,7,15,4,8,1,0,0,2,2,0
2266,8,5,9,2,4,0,1,1,2,2,0
2267,12,4,12,4,10,1,1,1,2,2,0
2268,4,1,15,4,1,3,1,0,1,2,0
2269,12,0,8,2,0,0,1,1,2,2,0
2270,6,6,11,4,7,1,1,0,2,2,0
2271,6,2,15,0,3,1,1,1,2,1,0
2272,7,4,15,2,12,0,0,1,2,2,1
2273,3,4,1,4,8,1,0,1,1,2,0
2274,11,7,15,2,13,0,1,1,2,2,0
2275,6,4,11,2,14,0,1,1,2,2,0
2276,8,1,11,0,4,1,1,1,2,2,0
2277,5,6,11,0,3,1,1,1,2,2,0
2278,6,4,12,4,10,4,1,0,3,2,0
2279,8,6,11,2,3,0,1,1,2,2,0
2280,10,4,15,2,8,0,1,1,2,0,0
2281,4,4,9,4,7,1,1,0,2,2,0
2282,4,4,15,4,6,3,1,1,1,2,0
2283,11,4,5,2,6,0,1,1,2,2,0
2284,7,4,10,4,10,1,0,1,2,2,0
2285,8,4,15,2,12,0,1,1,2,2,0
2286,6,4,11,5,8,5,1,0,4,2,1
2287,7,4,15,4,8,1,1,0,2,4,0
2288,6,2,11,2,11,0,0,1,0,2,0
2289,7,7,15,2,8,0,1,1,2,2,1
2290,6,2,15,2,8,5,1,0,2,2,0
2291,11,4,9,2,10,0,1,1,2,2,0
2292,4,4,11,4,1,1,1,1,2,2,0
2293,11,2,15,2,10,0,1,1,2,2,0
2294,4,4,15,4,1,3,1,1,0,2,0
2295,6,4,9,4,4,1,1,0,2,2,0
2296,5,4,10,4,5,3,1,1,2,2,0
2297,9,4,15,2,10,0,1,1,2,2,0
2298,6,4,15,2,1,0,1,1,2,2,1
2299,9,4,8,0,1,4,0,0,2,2,0
2300,5,4,4,4,8,1,1,0,2,2,0
2301,7,4,9,2,10,0,1,1,2,2,0
2302,6,4,11,2,8,0,1,1,1,2,0
2303,4,4,1,4,14,1,1,1,1,2,0
2304,9,4,12,2,12,0,0,1,1,2,1
2305,6,0,15,2,0,0,1,1,4,2,0
2306,8,2,9,4,10,3,1,0,1,2,0
2307,9,2,11,4,10,1,0,1,2,2,0
2308,6,4,11,4,3,1,1,1,2,2,0
2309,4,4,9,4,12,1,1,0,2,2,0
2310,10,4,11,2,4,0,1,1,2,2,0
2311,11,1,9,2,4,0,1,1,2,2,0
2312,10,4,11,2,4,0,1,1,0,2,0
2313,6,4,13,0,7,1,0,1,2,2,1
2314,10,4,11,2,7,0,1,1,2,2,0
2315,3,4,11,2,4,0,1,1,1,2,0
2316,7,4,14,2,10,0,0,1,3,2,1
2317,6,0,12,4,0,3,0,1,1,2,0
2318,10,4,9,2,14,0,1,1,2,2,0
2319,7,5,9,2,4,0,0,1,2,2,1
2320,9,2,15,2,11,0,1,1,2,2,1
2321,8,4,11,2,11,0,0,1,2,2,0
2322,3,2,11,4,8,3,0,0,1,0,0
2323,5,0,15,4,0,1,1,1,2,4,0
2324,10,4,15,2,12,5,1,0,3,2,0
2325,11,5,11,2,14,0,1,1,2,2,1
2326,5,4,12,2,4,0,1,1,2,2,0
2327,4,4,15,4,1,1,1,0,2,2,0
2328,6,4,11,2,8,0,1,1,1,2,1
2329,8,4,2,4,11,3,1,1,2,2,0
2330,10,4,11,2,12,0,1,1,2,2,1
2331,5,4,11,2,6,0,1,1,2,2,1
2332,11,6,9,2,10,5,1,0,2,2,0
2333,6,6,0,4,8,3,1,0,3,2,0
2334,8,4,1,2,14,0,1,1,2,2,0
2335,11,4,1,0,3,4,0,1,2,2,0
2336,6,4,15,2,10,0,1,1,1,2,0
2337,4,2,10,4,10,1,1,1,2,2,0
2338,7,4,9,2,10,0,1,1,2,2,0
2339,7,4,12,0,4,1,1,1,2,2,0
2340,11,5,7,2,4,5,1,0,2,2,0
2341,6,6,11,4,3,3,1,1,2,2,0
2342,8,5,9,2,10,0,1,1,2,2,0
2343,7,0,11,2,0,0,1,1,2,2,1
2344,11,4,11,0,1,3,1,0,2,2,0
2345,5,6,11,4,14,1,1,1,3,2,0
2346,3,4,11,4,1,1,1,0,1,2,0
2347,3,4,15,4,3,1,0,1,0,2,0
2348,6,4,11,4,8,1,1,1,2,2,0
2349,3,4,7,4,1,2,1,0,1,2,0
2350,7,2,15,0,8,1,1,0,2,2,0
2351,7,2,11,2,8,0,1,1,2,2,0
2352,7,4,11,2,3,0,1,1,2,2,1
2353,8,4,15,4,12,2,1,0,2,2,0
2354,4,7,12,4,10,3,0,0,1,2,1
2355,18,4,15,0,12,3,1,1,1,2,0
2356,11,4,15,2,1,2,1,0,2,2,0
2357,4,4,11,4,1,1,1,0,1,2,0
2358,13,4,11,2,3,0,0,1,0,0,0
2359,8,4,11,2,14,0,1,1,3,2,0
2360,5,0,15,6,0,4,1,0,2,2,0
2361,3,4,11,4,1,3,0,0,1,2,0
2362,7,7,11,2,5,0,1,1,2,2,0
2363,11,4,8,2,3,0,1,1,4,2,0
2364,9,4,11,2,4,0,1,1,3,2,0
2365,11,4,6,2,7,0,1,1,2,2,0
2366,13,6,11,2,5,0,1,1,1,2,0
2367,14,4,1,2,14,0,1,1,1,2,1
2368,4,4,9,4,4,1,1,1,2,2,0
2369,9,4,1,2,6,0,0,1,2,2,1
2370,7,4,11,4,1,3,1,0,2,2,0
2371,4,4,10,3,10,1,1,0,1,2,0
2372,7,4,1,4,3,1,1,1,2,2,1
2373,7,6,10,2,10,5,1,0,2,2,1
2374,9,4,9,2,7,0,1,1,3,2,0
2375,11,4,11,2,8,5,1,0,2,2,0
2376,14,4,11,3,7,1,1,1,1,2,0
2377,8,4,8,0,9,4,1,0,2,2,0
2378,7,4,9,2,10,0,0,1,3,2,1
2379,4,4,11,4,12,3,1,0,1,2,0
2380,5,4,11,4,6,3,1,1,2,2,0
2381,10,4,11,2,8,3,1,0,2,2,0
2382,12,6,8,2,5,0,1,1,1,2,0
2383,7,2,15,2,10,5,1,0,3,2,1
2384,3,4,8,4,1,1,1,0,0,2,1
2385,6,4,4,2,8,5,1,0,2,2,1
2386,12,2,1,2,14,0,0,1,1,0,0
2387,9,6,14,2,10,5,1,0,2,2,1
2388,10,4,15,2,7,0,1,1,2,2,0
2389,4,4,15,4,14,3,1,1,2,2,0
2390,9,5,1,2,3,0,1,1,2,2,1
2391,10,4,9,2,3,0,1,1,2,2,0
2392,8,4,9,0,8,4,1,0,2,2,0
2393,12,4,7,0,12,1,1,1,2,2,0
2394,6,4,11,4,8,1,1,1,2,2,1
2395,9,4,15,4,3,3,1,1,3,2,0
2396,11,4,4,2,1,5,1,0,2,2,1
2397,5,4,15,4,14,3,1,1,2,2,0
2398,6,4,11,2,3,0,1,1,2,2,0
2399,12,4,11,4,14,3,1,1,2,2,0
2400,9,4,11,2,4,0,1,1,2,2,0
2401,12,4,6,0,8,1,1,0,1,2,0
2402,7,2,15,2,8,0,0,1,2,2,0
2403,5,4,14,2,10,0,1,1,2,2,0
2404,3,4,11,2,7,0,1,1,2,2,0
2405,7,4,11,4,8,1,1,0,2,2,0
2406,4,7,2,2,11,0,1,1,2,2,1
2407,5,4,11,4,7,3,1,1,1,2,0
2408,9,4,11,2,3,0,1,1,2,2,0
2409,9,5,12,2,4,0,1,1,2,2,1
2410,9,4,11,2,3,0,1,1,2,2,1
2411,6,5,7,2,4,0,1,1,2,2,1
2412,12,4,15,0,1,4,0,0,1,0,0
2413,6,6,11,3,12,1,1,1,2,2,0
2414,8,4,9,0,12,1,1,1,2,2,0
2415,6,4,9,2,10,0,1,1,2,2,0
2416,5,4,11,4,7,1,1,1,1,1,0
2417,9,4,11,4,12,1,1,1,2,2,1
2418,5,4,9,2,4,0,0,1,2,2,0
2419,7,4,11,2,8,0,0,1,3,2,1
2420,4,7,5,4,8,1,1,0,1,2,0
2421,12,6,7,0,14,4,1,1,2,2,0
2422,10,4,9,2,14,0,0,1,2,2,1
2423,8,4,12,2,6,0,0,1,2,2,1
2424,10,4,9,0,10,4,1,1,2,2,1
2425,7,4,9,2,14,0,0,1,2,2,0
2426,8,4,12,2,10,0,1,1,2,2,1
2427,5,6,9,4,12,1,1,0,2,2,0
2428,6,4,15,0,4,2,1,1,2,2,0
2429,4,4,5,4,6,1,1,1,2,3,0
2430,9,4,11,0,1,4,1,0,2,2,0
2431,11,0,15,2,0,0,1,1,2,2,1
2432,9,6,11,2,7,0,1,1,2,2,1
2433,3,4,11,4,12,1,1,0,0,2,0
2434,10,4,9,0,8,4,1,1,2,1,0
2435,10,4,0,2,7,0,1,1,2,2,1
2436,5,4,11,4,1,1,1,1,2,2,0
2437,3,4,11,4,8,2,1,0,1,2,0
2438,9,5,11,4,3,3,1,1,2,2,0
2439,7,2,15,4,11,1,1,1,2,2,0
2440,11,4,6,0,12,4,1,0,2,2,0
2441,10,4,0,2,3,0,1,1,2,2,0
2442,10,2,9,2,4,0,1,1,2,2,0
2443,3,4,12,4,6,3,1,1,1,2,0
2444,6,7,11,2,5,0,1,1,2,2,0
2445,10,4,9,2,10,0,1,1,3,2,1
2446,6,4,11,2,1,0,0,1,2,2,1
2447,9,6,11,2,3,0,1,1,2,2,1
2448,4,4,9,4,4,3,1,1,2,2,0
2449,4,7,15,4,1,1,1,1,1,2,0
2450,3,4,12,4,1,1,1,0,0,2,0
2451,4,4,11,4,8,1,1,0,2,2,1
2452,9,4,9,0,13,4,1,0,1,2,0
2453,7,1,9,2,10,0,1,1,1,2,0
2454,5,4,0,6,8,1,1,0,2,2,0
2455,8,4,8,2,6,0,1,1,2,2,1
2456,8,4,4,2,3,0,1,1,3,2,0
2457,9,6,11,0,12,4,0,0,2,2,0
2458,6,4,15,2,3,0,1,1,2,2,1
2459,4,4,15,3,3,1,1,1,2,2,0
2460,7,4,11,4,12,1,1,0,2,4,0
2461,14,4,11,6,1,1,1,1,1,2,0
2462,3,6,8,4,5,3,1,1,2,2,0
2463,4,4,12,4,10,1,1,1,0,2,0
2464,12,4,11,0,4,4,1,0,1,2,0
2465,4,2,12,4,10,3,1,1,2,2,0
2466,3,4,9,4,4,3,1,1,1,2,0
2467,7,4,11,4,1,1,0,0,2,0,0
2468,6,6,9,0,3,4,1,1,3,2,0
2469,9,4,9,0,10,3,0,1,2,2,0
2470,13,4,8,2,8,0,1,1,2,2,1
2471,7,0,11,0,0,1,0,1,2,2,0
2472,4,4,0,4,9,3,1,0,1,2,0
2473,7,4,11,2,6,0,0,1,2,2,0
2474,13,6,11,2,8,0,1,1,0,2,0
2475,4,4,15,4,4,3,1,1,2,2,0
2476,12,4,9,0,4,1,1,0,1,2,0
2477,10,4,11,2,14,0,1,1,3,2,0
2478,6,4,12,2,10,0,1,1,2,2,0
2479,5,4,9,6,10,4,1,0,1,2,0
2480,15,2,11,4,14,3,1,1,0,2,0
2481,5,4,15,4,1,3,1,0,2,2,0
2482,7,4,9,5,10,4,1,0,2,2,0
2483,3,0,11,4,0,3,1,1,1,2,0
2484,7,4,9,2,1,0,1,1,2,2,0
2485,5,5,2,2,13,0,0,1,2,2,0
2486,8,0,11,2,0,0,1,1,2,2,0
2487,6,2,15,2,11,0,0,1,1,2,0
2488,9,4,11,2,1,5,1,0,2,2,0
2489,5,4,11,2,3,0,1,1,2,2,1
2490,9,7,11,2,14,0,1,1,2,2,1
2491,8,1,11,2,13,0,1,1,2,2,1
2492,8,4,15,2,4,0,1,1,2,2,1
2493,10,4,1,2,3,0,1,1,2,2,0
2494,13,4,11,2,1,0,1,1,1,2,1
2495,9,4,11,0,1,2,1,0,2,2,0
2496,13,4,11,2,3,0,0,1,1,0,0
2497,13,4,7,2,4,0,1,1,2,2,0
2498,4,1,11,4,3,1,1,1,0,2,0
2499,4,6,11,4,3,1,1,1,2,2,0
2500,4,4,15,4,10,3,1,0,0,2,0
2501,5,4,0,4,12,3,0,0,2,2,0
2502,3,4,11,4,8,1,1,0,1,4,0
2503,7,6,15,0,8,1,1,1,2,2,0
2504,7,4,11,2,8,0,1,1,3,2,0
2505,13,4,1,2,3,0,1,1,2,2,1
2506,6,4,11,2,14,0,1,1,2,2,1
2507,4,4,9,4,1,1,1,0,2,2,1
2508,4,4,11,4,3,3,1,1,1,2,0
2509,8,4,9,2,12,0,1,1,2,2,0
2510,7,4,11,2,6,0,1,1,2,2,0
2511,10,5,12,2,10,0,1,1,2,2,0
2512,5,4,15,2,12,0,1,1,2,2,0
2513,10,4,11,2,7,0,1,1,2,2,1
2514,4,4,15,4,12,1,1,0,2,2,0
2515,4,4,15,4,1,3,1,0,2,2,0
2516,8,0,10,4,0,1,0,0,2,2,0
2517,7,4,4,4,3,3,1,1,2,2,0
2518,12,4,15,2,4,0,1,1,2,2,0
2519,10,0,11,2,0,0,0,1,2,2,1
2520,5,5,9,2,11,0,1,1,2,2,0
2521,3,4,12,4,10,3,1,1,0,2,0
2522,9,4,9,0,1,1,1,0,2,2,0
2523,4,0,6,4,0,4,1,0,2,2,0
2524,5,4,15,4,12,3,1,0,1,2,0
2525,11,4,11,6,8,1,1,0,2,2,0
2526,8,7,11,0,1,4,1,0,1,2,0
2527,4,7,11,4,8,3,1,1,0,2,0
2528,4,3,11,2,6,0,1,1,2,2,0
2529,12,4,9,2,12,0,1,1,2,2,0
2530,9,4,12,2,12,0,1,1,2,2,0
2531,9,4,8,2,12,0,1,1,2,2,0
2532,7,4,11,2,6,0,1,1,2,2,1
2533,5,6,9,2,4,0,1,1,2,2,1
2534,7,4,11,2,5,0,1,1,2,2,0
2535,7,5,9,2,11,0,0,1,2,2,0
2536,7,7,10,0,10,4,1,1,2,2,0
2537,8,4,11,2,4,0,1,1,2,2,0
2538,10,2,11,0,8,1,1,0,2,2,0
2539,3,4,11,4,7,3,1,1,2,2,0
2540,11,0,8,6,0,1,1,1,3,2,0
2541,8,4,9,0,6,1,1,1,2,2,0
2542,3,4,7,4,12,1,1,0,1,2,0
2543,8,0,15,0,0,4,1,0,2,2,0
2544,8,4,14,0,10,3,1,0,3,2,0
2545,8,2,12,2,10,0,1,1,2,2,0
2546,11,4,6,0,3,1,1,1,3,2,0
2547,11,4,6,2,3,0,1,1,2,2,1
2548,7,4,15,2,4,0,1,1,2,2,0
2549,14,7,15,1,1,5,1,0,1,2,0
2550,6,4,10,4,10,3,1,1,2,1,0
2551,7,4,11,0,8,1,1,0,2,2,0
2552,14,4,7,5,3,1,1,1,2,2,0
2553,3,4,11,4,7,3,1,0,0,2,0
2554,10,4,0,0,8,4,1,0,2,2,0
2555,6,4,10,4,10,3,1,0,2,2,0
2556,6,7,9,2,10,5,1,0,3,2,0
2557,5,4,11,2,3,0,1,1,2,2,1
2558,9,4,11,5,8,1,1,1,2,2,0
2559,9,4,8,5,4,1,1,1,2,2,0
2560,9,6,9,2,4,0,1,1,2,2,0
2561,6,4,1,5,8,2,0,0,2,2,1
2562,3,4,15,4,1,1,0,0,0,2,0
2563,11,4,12,2,10,0,1,1,2,2,0
2564,9,4,8,5,3,4,0,0,2,2,0
2565,13,4,12,4,10,1,1,0,0,2,1
2566,13,4,9,0,1,1,1,0,0,2,0
2567,6,4,15,4,3,3,1,1,2,1,0
2568,4,4,15,4,3,1,1,1,2,1,0
2569,3,1,9,4,10,1,1,0,1,2,0
2570,4,4,11,4,1,2,1,0,0,2,0
2571,9,4,0,2,6,0,1,1,2,2,1
2572,7,4,12,2,10,0,1,1,1,2,1
2573,11,4,15,4,11,1,1,1,2,2,0
2574,10,4,11,4,1,1,1,0,2,2,0
2575,8,4,10,5,10,1,1,0,2,2,0
2576,10,6,11,2,12,0,0,1,0,2,1
2577,7,0,11,2,0,0,1,1,2,2,1
2578,8,4,9,0,4,4,1,1,2,2,0
2579,6,4,9,2,10,0,1,1,3,2,0
2580,9,6,11,2,4,0,1,1,2,2,1
2581,5,6,11,2,4,0,1,1,2,2,0
2582,8,2,15,2,4,2,1,0,2,2,0
2583,9,4,8,2,6,0,1,1,2,2,0
2584,10,4,11,2,7,0,1,1,2,2,0
2585,10,4,15,2,12,0,1,1,2,2,0
2586,6,4,1,0,7,3,0,0,1,2,0
2587,4,4,15,4,8,1,1,0,2,2,0
2588,8,4,0,0,7,0,1,1,2,2,0
2589,5,4,11,0,1,4,1,0,1,2,0
2590,11,4,15,0,1,1,1,0,2,2,0
2591,10,4,12,2,12,0,1,1,2,2,0
2592,5,4,15,4,1,1,0,0,2,2,0
2593,7,4,15,2,5,0,1,1,1,2,1
2594,8,4,1,2,3,0,1,1,2,2,0
2595,4,4,11,4,3,1,1,1,1,2,0
2596,10,4,12,2,8,5,1,0,2,4,0
2597,11,4,7,0,3,1,1,1,2,2,0
2598,4,4,9,4,10,1,1,1,2,2,0
2599,4,4,15,4,3,3,1,1,1,2,0
2600,8,4,5,5,8,1,1,0,2,2,0
2601,8,4,9,2,14,0,1,1,2,2,1
2602,13,4,11,6,1,1,1,0,2,2,0
2603,4,4,11,2,6,0,1,1,2,2,0
2604,7,4,9,2,12,0,1,1,2,2,0
2605,11,2,8,2,10,0,1,1,0,2,0
2606,4,6,14,2,10,0,1,1,2,2,0
2607,4,4,11,4,8,1,0,0,0,2,0
2608,9,4,15,2,12,0,1,1,2,2,1
2609,8,4,9,2,4,5,0,0,2,0,0
2610,6,4,8,5,10,1,1,1,2,2,1
2611,4,4,15,4,13,1,1,0,2,2,0
2612,4,4,1,4,3,1,1,1,0,2,0
2613,7,4,1,2,8,0,1,1,2,2,0
2614,8,4,15,2,3,0,1,1,2,2,1
2615,5,2,11,2,14,0,0,1,2,2,1
2616,6,6,9,4,10,3,0,1,2,2,0
2617,4,4,11,4,12,1,1,0,2,2,0
2618,11,4,0,0,14,1,1,1,2,2,1
2619,5,4,9,2,13,0,1,1,2,2,0
2620,7,4,11,2,3,0,1,1,2,2,1
2621,10,4,12,2,12,0,0,1,2,2,1
2622,6,4,11,2,7,0,1,1,4,2,1
2623,6,4,7,2,10,0,1,1,2,2,1
2624,4,4,15,4,13,3,1,0,1,2,0
2625,4,4,15,4,4,1,1,1,2,2,0
2626,5,4,11,4,5,1,1,1,2,2,0
2627,11,4,12,0,12,1,1,0,2,2,0
2628,4,4,0,4,7,1,1,1,2,2,0
2629,14,4,9,6,1,4,1,0,0,2,0
2630,8,4,9,5,12,4,1,0,2,2,0
2631,5,4,12,4,8,4,0,0,2,2,0
2632,6,4,1,4,8,1,1,0,2,2,1
2633,5,4,10,0,7,1,1,0,1,2,0
2634,6,4,11,2,5,0,1,1,2,2,0
2635,4,4,5,4,9,3,1,1,2,2,0
2636,4,4,15,2,4,5,1,0,2,2,1
2637,11,4,0,2,3,0,1,1,1,2,0
2638,8,6,9,2,4,0,1,1,3,2,0
2639,10,4,11,0,1,4,1,0,2,2,0
2640,11,0,11,2,0,0,1,1,2,2,0
2641,10,4,9,4,10,4,1,0,2,2,0
2642,8,4,15,0,3,1,0,1,2,2,0
2643,16,2,15,2,4,0,1,1,1,2,1
2644,8,4,11,2,7,0,1,1,2,2,1
2645,7,4,11,2,7,0,0,1,1,2,0
2646,13,6,10,2,5,0,1,1,0,4,1
2647,10,5,14,0,10,1,1,1,0,2,0
2648,7,4,8,4,10,1,1,1,2,2,0
2649,6,6,11,4,12,1,1,0,2,2,0
2650,8,4,11,5,8,1,1,0,1,2,1
2651,7,0,15,0,0,1,1,1,1,2,0
2652,7,4,15,0,1,3,1,0,2,2,0
2653,8,6,0,2,7,0,1,1,2,2,0
2654,4,4,9,4,8,1,0,0,2,2,0
2655,5,1,5,2,3,0,1,1,2,1,0
2656,8,4,9,0,12,1,1,1,2,2,0
2657,11,4,11,2,8,0,1,1,2,2,0
2658,3,4,12,4,10,2,1,1,1,2,0
2659,10,4,4,2,8,0,1,1,2,2,0
2660,6,4,15,2,11,0,0,1,2,2,0
2661,10,5,11,2,4,0,1,1,2,2,1
2662,6,4,11,3,4,2,1,1,2,2,0
2663,4,4,11,4,13,4,1,0,1,2,0
2664,7,4,0,2,3,0,1,1,3,2,0
2665,4,7,8,4,13,1,1,1,1,4,0
2666,5,6,11,2,12,0,1,1,2,2,1
2667,12,4,11,2,3,0,1,1,4,2,1
2668,6,6,14,2,10,0,1,1,1,2,0
2669,8,4,15,2,3,5,1,0,1,2,0
2670,5,4,11,4,6,1,1,1,2,2,0
2671,13,4,1,1,8,3,0,1,0,2,0
2672,7,4,1,4,6,1,1,1,2,2,0
2673,9,4,15,4,10,3,1,1,2,2,0
2674,4,0,2,4,0,3,1,1,0,2,0
2675,4,6,11,4,5,1,1,1,1,2,1
2676,5,4,9,2,12,0,1,1,0,1,0
2677,6,4,11,0,8,1,1,0,2,2,0
2678,7,4,15,4,6,3,1,1,1,2,0
2679,9,1,15,0,1,1,1,0,2,2,0
2680,8,4,15,0,1,1,1,0,2,2,0
2681,6,4,11,4,1,4,1,0,2,2,0
2682,5,0,15,3,0,4,1,0,2,2,0
2683,4,4,9,4,12,4,1,1,1,2,1
2684,3,6,9,4,12,3,1,0,4,2,0
2685,3,4,1,2,6,0,0,1,1,2,0
2686,6,6,11,2,5,0,1,1,3,2,1
2687,4,2,9,4,10,1,1,1,2,4,0
2688,3,2,9,4,10,3,1,1,2,2,0
2689,9,4,8,0,8,4,1,0,2,2,0
2690,4,4,11,4,8,4,0,1,2,2,0
2691,8,4,11,0,1,1,1,0,2,2,0
2692,6,4,15,4,1,3,1,0,3,2,0
2693,5,4,11,4,12,4,1,0,1,2,0
2694,10,4,5,2,8,0,1,1,2,1,0
2695,9,4,8,4,6,1,1,1,2,2,0
2696,6,2,15,2,1,0,1,1,2,2,1
2697,6,4,11,2,8,5,0,0,2,2,0
2698,6,4,11,2,3,0,0,1,2,2,0
2699,4,5,9,2,10,0,1,1,2,1,0
2700,9,0,2,2,0,0,1,1,2,2,0
2701,13,4,11,2,12,0,1,1,0,2,0
2702,12,4,15,6,1,4,1,0,0,2,0
2703,7,5,11,0,3,1,1,1,2,2,0
2704,14,4,15,2,7,0,1,1,1,2,0
2705,7,4,11,4,7,1,1,0,2,2,1
2706,9,4,11,2,3,0,1,1,2,2,0
2707,5,2,9,2,10,0,1,1,1,2,0
2708,7,4,15,2,14,2,1,1,2,1,0
2709,9,1,9,0,10,4,1,0,2,2,0
2710,11,4,11,6,1,4,1,0,1,2,0
2711,11,4,11,2,7,0,1,1,2,2,1
2712,10,2,14,4,10,3,1,0,2,2,0
2713,7,4,15,0,1,1,1,0,2,2,0
2714,7,4,15,4,1,3,1,0,2,2,0
2715,8,1,10,2,10,5,1,0,2,2,1
2716,4,4,11,4,12,3,1,1,1,2,0
2717,4,4,11,4,12,2,1,1,1,2,0
2718,6,4,15,4,4,3,1,0,3,2,0
2719,7,4,15,2,5,0,1,1,1,2,1
2720,10,6,9,4,4,1,1,1,2,2,0
2721,9,4,12,0,4,1,1,0,1,2,0
2722,12,4,9,6,4,1,1,1,2,2,0
2723,5,4,8,0,4,2,1,1,2,2,0
2724,10,4,9,0,10,4,1,0,2,2,0
2725,7,4,7,4,4,3,1,1,2,2,0
2726,8,6,15,0,10,4,1,0,2,2,0
2727,5,4,15,2,7,0,1,1,2,2,0
2728,9,4,11,2,14,0,0,1,2,2,1
2729,7,4,11,5,13,4,1,1,2,4,0
2730,4,4,12,4,4,4,1,0,1,2,0
2731,12,4,11,6,8,1,0,0,2,2,0
2732,7,4,8,0,10,1,1,1,2,2,0
2733,4,6,15,4,10,3,1,1,2,2,0
2734,4,4,9,4,10,3,1,1,1,2,0
2735,7,4,1,4,3,4,1,1,2,2,0
2736,7,4,15,4,8,3,1,0,2,2,0
2737,12,4,11,0,6,4,0,1,1,2,0
2738,9,4,11,2,4,0,1,1,2,2,1
2739,11,2,7,4,1,3,1,1,2,2,0
2740,10,4,11,0,3,1,1,1,2,2,0
2741,11,4,15,2,12,0,1,1,2,2,1
2742,8,4,15,2,12,5,1,0,2,2,1
2743,5,4,15,2,11,0,1,1,2,2,1
2744,10,4,15,2,4,0,1,1,3,2,1
2745,4,4,9,4,12,1,1,0,2,2,0
2746,8,4,6,3,12,4,1,0,2,2,0
2747,6,1,5,2,10,5,1,0,2,2,0
2748,8,7,15,2,11,0,0,1,3,0,0
2749,6,4,11,2,7,0,0,1,2,2,0
2750,6,4,11,4,7,3,1,1,2,2,0
2751,5,0,15,4,0,3,1,0,2,2,0
2752,7,4,11,2,3,0,1,1,2,2,0
2753,8,4,8,3,1,1,0,0,2,2,0
2754,6,2,11,0,14,1,1,1,2,2,0
2755,4,4,15,2,3,0,0,1,2,2,1
2756,9,6,11,2,4,0,1,1,3,2,0
2757,7,4,15,2,7,0,0,1,2,2,0
2758,5,6,11,4,4,4,1,0,2,2,0
2759,4,4,12,2,4,0,1,1,1,2,0
2760,5,4,11,4,1,3,1,0,2,2,0
2761,12,6,15,2,3,0,1,1,1,2,1
2762,8,4,7,2,14,0,1,1,2,2,1
2763,6,4,8,2,5,0,1,1,1,2,0
2764,12,4,10,2,10,0,1,1,1,2,0
2765,7,4,11,0,12,4,1,0,2,2,0
2766,7,4,8,2,3,0,0,1,2,2,0
2767,9,1,11,0,14,4,1,1,1,2,0
2768,9,4,11,2,6,0,1,1,2,2,1
2769,4,1,9,4,10,1,1,1,1,2,0
2770,7,2,8,2,10,0,1,1,2,2,0
2771,9,4,11,2,4,2,1,1,1,2,0
2772,4,4,8,2,8,0,1,1,2,2,1
2773,6,6,1,2,5,0,1,1,2,2,1
2774,6,4,15,2,7,0,1,1,2,2,0
2775,3,2,11,4,1,4,0,0,4,2,0
2776,5,4,11,6,3,3,1,0,1,2,0
2777,5,4,15,4,1,1,1,0,2,2,1
2778,5,6,9,2,4,5,1,0,2,2,1
2779,8,4,8,2,4,0,0,1,2,2,1
2780,6,4,0,2,3,0,1,1,2,2,0
2781,5,4,8,4,1,1,1,0,2,2,0
2782,4,4,9,4,10,1,1,1,2,2,0
2783,10,4,15,2,3,0,1,1,2,2,1
2784,8,4,11,2,12,0,1,1,2,2,1
2785,9,4,14,0,10,1,1,0,2,2,0
2786,10,1,10,2,10,0,1,1,2,2,0
2787,4,4,9,4,10,3,1,1,2,2,0
2788,6,7,11,4,4,1,1,1,2,2,0
2789,5,4,11,4,14,2,1,1,2,2,0
2790,6,4,15,5,14,4,1,0,1,2,0
2791,7,4,0,2,1,0,1,1,2,2,1
2792,6,4,11,2,8,5,1,0,2,2,0
2793,10,5,10,2,10,0,1,1,2,2,0
2794,8,4,0,2,3,0,1,1,2,2,1
2795,8,7,15,2,10,0,1,1,2,2,1
2796,8,4,1,2,12,5,1,0,1,2,1
2797,4,1,9,3,4,1,1,0,1,2,0
2798,8,0,11,0,6,3,1,0,2,2,0
2799,8,4,9,2,4,0,1,1,3,2,0
2800,10,2,0,2,8,0,1,1,2,2,0
2801,8,1,15,4,1,1,1,0,3,2,0
2802,5,0,15,4,0,1,1,0,1,2,0
2803,6,4,8,5,7,1,1,0,2,2,0
2804,4,4,15,4,13,3,1,0,2,2,0
2805,3,4,7,4,1,1,1,0,1,2,0
2806,7,4,1,2,7,0,1,1,2,2,0
2807,4,4,11,0,1,4,1,0,2,2,0
2808,9,4,9,0,10,4,1,0,2,2,0
2809,6,4,15,0,3,1,1,1,2,2,1
2810,12,4,9,2,10,0,1,1,0,2,1
2811,6,7,11,2,10,0,1,1,1,2,1
2812,8,4,9,2,3,0,1,1,1,2,1
2813,15,4,11,0,3,1,1,1,3,2,0
2814,7,4,9,4,8,1,0,1,2,2,0
2815,7,4,15,4,10,3,1,0,2,2,0
2816,6,4,11,2,12,0,1,1,2,2,1
2817,5,4,0,3,13,1,1,0,2,2,0
2818,7,6,10,2,5,0,1,1,2,2,1
2819,6,4,11,2,3,0,1,1,2,4,0
2820,5,4,7,4,13,1,1,0,2,2,0
2821,10,4,7,2,1,0,1,1,2,2,0
2822,6,4,8,2,6,0,1,1,1,2,1
2823,11,4,8,2,10,0,1,1,2,2,1
2824,8,4,1,4,8,2,1,1,3,2,0
2825,6,4,15,2,4,0,1,1,3,1,0
2826,5,4,9,2,4,0,1,1,2,2,0
2827,8,4,11,0,7,1,1,1,2,2,0
2828,6,0,11,5,0,4,1,0,2,2,0
2829,9,0,11,2,0,0,1,1,1,2,1
2830,9,2,9,2,11,0,1,1,1,2,0
2831,9,4,11,2,12,0,1,1,2,2,0
2832,5,4,15,2,8,0,1,1,1,2,1
2833,5,4,15,0,13,2,1,0,2,2,0
2834,11,4,15,2,3,0,1,1,2,2,1
2835,4,0,11,4,0,3,1,1,2,2,0
2836,5,4,15,2,8,0,1,1,2,2,0
2837,4,4,15,4,1,3,1,0,2,2,0
2838,8,5,15,2,12,2,1,1,2,2,0
2839,6,4,5,0,10,4,1,0,4,2,0
2840,12,7,1,2,8,0,0,1,4,2,1
2841,6,4,11,4,14,3,1,1,2,2,0
2842,6,6,1,2,3,0,1,1,2,2,1
2843,10,4,11,5,4,4,1,0,2,2,0
2844,9,4,15,4,1,3,1,0,2,2,0
2845,3,4,11,4,12,3,1,0,1,2,0
2846,5,6,8,4,5,3,1,1,3,2,0
2847,12,4,15,6,12,1,1,0,2,2,0
2848,9,7,15,2,11,0,0,1,2,2,1
2849,7,4,9,2,4,0,1,1,2,2,1
2850,13,4,11,2,12,0,1,1,2,2,0
2851,5,4,11,4,14,3,1,1,2,2,0
2852,10,4,11,4,7,3,1,1,1,2,0
2853,9,4,9,5,10,4,1,0,2,2,0
2854,6,4,9,5,4,4,1,1,2,2,0
2855,10,4,8,2,14,0,1,1,1,2,1
2856,11,4,11,2,6,0,1,1,0,2,1
2857,9,4,11,5,7,1,1,1,1,2,0
2858,9,4,9,2,4,5,1,0,2,2,1
2859,10,4,15,2,8,0,0,1,2,0,1
2860,5,0,11,4,8,3,1,0,2,2,0
2861,9,6,11,2,4,0,1,1,2,2,0
2862,6,6,12,0,10,2,1,0,2,2,0
2863,9,4,11,2,14,0,1,1,3,2,0
2864,5,4,15,2,4,0,1,1,2,2,1
2865,13,4,11,2,8,0,1,1,1,2,1
2866,7,4,8,4,9,1,1,0,2,2,0
2867,14,1,9,4,10,3,1,0,1,2,0
2868,6,4,9,4,12,1,0,1,2,2,0
2869,10,7,9,2,10,0,0,1,2,0,0
2870,5,4,9,4,10,3,1,1,1,2,0
2871,4,4,15,4,8,1,1,1,0,2,0
2872,4,6,1,4,8,1,1,0,0,2,1
2873,9,4,11,2,1,2,0,0,1,2,0
2874,7,6,15,0,5,3,1,1,2,2,0
2875,4,2,15,4,1,3,1,0,2,2,0
2876,7,5,14,4,10,3,1,1,2,2,0
2877,6,6,11,2,3,0,1,1,2,2,0
2878,8,4,15,2,10,0,1,1,2,2,1
2879,5,4,15,4,8,3,1,0,2,2,0
2880,12,4,15,2,3,0,1,1,1,2,1
2881,12,4,15,2,14,0,1,1,2,2,0
2882,4,4,15,2,1,5,1,0,1,4,1
2883,6,4,15,2,7,0,1,1,2,2,0
2884,5,4,15,4,3,1,1,1,2,2,0
2885,5,4,9,4,4,3,1,1,2,2,0
2886,5,4,9,4,12,1,1,1,2,2,0
2887,6,4,11,5,8,4,1,0,2,2,0
2888,5,4,11,6,4,1,1,0,2,2,0
2889,5,1,11,2,1,5,1,0,2,2,0
2890,11,4,2,0,1,3,1,0,1,2,0
2891,7,4,5,2,3,0,1,1,2,2,0
2892,5,4,11,3,12,1,1,0,1,2,0
2893,6,6,15,4,4,3,1,0,2,1,0
2894,4,6,7,4,12,3,1,1,2,2,0
2895,8,6,15,4,12,1,1,1,2,2,0
2896,7,4,9,2,4,0,1,1,2,2,1
2897,7,6,9,2,4,0,1,1,2,2,0
2898,7,4,15,4,3,3,1,1,3,2,0
2899,5,4,11,4,7,3,1,0,0,2,0
2900,6,6,7,2,3,0,1,1,2,2,0
2901,10,4,12,2,4,0,1,1,2,2,1
2902,5,4,6,4,7,1,1,0,2,2,0
2903,9,4,15,2,12,0,1,1,3,2,0
2904,7,7,0,4,8,1,1,1,1,2,0
2905,11,4,11,2,6,0,1,1,0,2,0
2906,7,6,2,2,5,0,1,1,2,2,1
2907,6,4,11,0,1,4,1,0,2,2,0
2908,8,4,6,2,12,0,1,1,2,2,1
2909,6,4,10,4,10,3,1,0,4,2,0
2910,7,4,15,2,4,0,1,1,2,2,0
2911,14,4,9,2,4,0,1,1,3,2,1
2912,7,6,11,0,4,4,1,0,2,2,0
2913,5,2,11,0,8,4,1,0,2,2,0
2914,7,4,8,2,3,0,1,1,2,2,1
2915,8,7,9,2,10,0,1,1,1,2,0
2916,8,4,0,2,8,5,1,0,3,2,0
2917,9,4,11,0,8,1,0,0,2,2,0
2918,9,7,8,2,10,0,1,1,2,3,1
2919,9,4,6,2,12,3,0,1,2,2,0
2920,15,0,15,6,0,1,0,1,0,2,1
2921,7,1,11,0,1,4,1,0,2,2,0
2922,6,4,9,4,4,3,1,0,2,2,0
2923,7,4,11,2,3,0,1,1,2,2,1
2924,10,4,11,2,3,0,1,1,1,2,1
2925,4,4,0,4,6,3,1,1,2,2,0
2926,7,4,1,0,14,2,1,1,1,2,0
2927,7,4,7,0,10,1,1,0,2,2,0
2928,5,4,7,4,13,3,1,1,2,2,0
2929,11,4,11,0,14,1,1,1,2,2,0
2930,4,4,1,4,3,3,0,1,2,2,0
2931,5,4,9,3,12,2,0,0,2,2,0
2932,6,6,11,0,4,4,1,1,2,2,0
2933,6,4,6,2,14,0,1,1,3,2,1
2934,8,4,9,0,6,1,0,1,3,0,0
2935,3,4,15,4,3,1,1,0,1,2,0
2936,7,6,5,4,10,3,1,0,2,2,0
2937,4,4,14,0,4,1,0,0,0,2,0
2938,7,4,15,5,8,4,1,1,2,2,1
2939,12,6,9,6,10,4,1,0,2,2,0
2940,5,4,15,4,12,3,1,1,2,2,0
2941,7,4,11,4,8,1,0,0,2,0,1
2942,10,7,15,6,13,1,1,1,2,2,0
2943,11,4,7,2,3,0,1,1,1,2,0
2944,6,4,15,2,1,0,1,1,2,2,0
2945,8,4,15,2,11,0,0,1,2,4,0
2946,4,4,4,4,8,3,1,1,1,2,0
2947,13,2,11,2,11,0,1,1,1,2,0
2948,9,2,9,2,10,5,1,0,2,2,0
2949,9,4,8,2,12,0,1,1,2,2,1
2950,9,4,8,2,3,0,1,1,3,2,0
2951,7,4,15,4,12,3,1,0,2,2,0
2952,5,4,15,4,3,3,1,1,1,2,0
2953,7,5,9,2,12,0,1,1,2,2,0
2954,12,4,9,2,4,0,1,1,2,2,1
2955,10,4,11,2,3,0,0,1,2,2,0
2956,9,6,7,0,10,1,1,0,2,2,0
2957,7,4,15,2,10,0,1,1,2,2,0
2958,4,4,9,6,12,1,1,1,2,2,0
2959,13,6,0,2,5,0,1,1,1,2,0
2960,8,4,11,2,8,0,1,1,1,2,1
2961,6,4,11,4,4,1,1,1,2,2,0
2962,8,4,15,4,4,3,1,0,2,2,0
2963,12,4,11,2,8,0,1,1,2,2,0
2964,8,4,11,0,3,1,1,1,2,2,0
2965,11,4,11,2,1,0,1,1,2,2,1
2966,5,4,11,4,7,1,0,1,1,2,0
2967,9,4,8,2,4,0,1,1,2,2,0
2968,6,4,15,2,14,0,1,1,2,2,0
2969,6,5,15,2,4,5,1,0,3,2,1
2970,10,4,11,0,12,1,1,0,2,2,0
2971,4,4,15,4,6,3,1,1,2,2,0
2972,5,4,11,4,4,1,0,0,2,2,0
2973,7,4,11,2,3,0,1,1,2,2,0
2974,4,4,15,2,7,0,1,1,2,2,0
2975,7,4,15,2,12,0,1,1,1,2,0
2976,9,4,11,5,8,2,0,0,1,0,0
2977,4,4,0,2,7,0,1,1,1,2,0
2978,7,4,11,2,6,0,1,1,2,2,1
2979,7,4,7,2,1,5,1,0,2,2,0
2980,13,2,11,1,14,3,1,1,2,2,0
2981,5,7,11,4,1,1,1,0,2,2,0
2982,8,4,11,2,3,0,0,1,2,2,1
2983,5,4,11,2,4,0,1,1,3,2,1
2984,10,4,11,2,1,5,1,0,2,2,1
2985,11,4,4,0,8,1,1,1,2,2,0
2986,7,0,11,2,0,0,0,1,2,2,0
2987,8,6,15,2,5,0,1,1,2,2,1
2988,7,4,15,0,3,1,1,1,2,2,0
2989,8,4,15,2,7,0,1,1,2,2,0
2990,4,4,12,4,4,4,1,0,2,2,0
2991,9,4,11,0,4,4,0,0,2,2,0
2992,5,5,12,2,4,0,1,1,2,2,1
2993,5,4,14,4,10,3,1,1,2,2,0
2994,9,0,11,2,0,0,0,1,1,2,0
2995,8,4,9,2,10,0,1,1,2,2,0
2996,12,4,12,2,10,0,1,1,2,2,0
2997,6,4,9,2,13,0,1,1,1,2,0
2998,9,4,8,2,13,0,1,1,2,2,0
2999,9,4,15,0,10,4,1,0,2,2,0
3000,3,4,11,4,1,1,1,0,1,2,0
3001,8,4,7,2,10,0,1,1,1,2,0
3002,5,4,15,4,1,1,0,0,2,2,0
3003,7,0,0,2,6,0,1,1,1,2,0
3004,7,4,9,0,10,4,1,0,2,2,0
3005,3,7,8,4,4,3,1,1,2,2,0
3006,9,4,11,0,3,4,1,1,2,2,0
3007,5,4,11,4,1,3,1,0,2,2,0
3008,10,4,15,2,11,0,1,1,2,2,0
3009,7,4,7,4,3,1,1,1,2,2,0
3010,7,4,11,2,5,0,1,1,3,2,1
3011,6,4,11,2,1,5,1,0,2,2,1
3012,6,4,11,2,14,0,1,1,2,2,1
3013,7,0,15,4,0,1,1,0,2,2,0
3014,10,4,11,0,1,3,1,0,2,2,0
3015,6,4,9,4,1,4,1,0,2,2,0
3016,5,4,15,4,4,1,1,1,2,2,0
3017,7,4,8,2,8,0,1,1,3,2,1
3018,4,1,7,4,1,1,1,0,2,2,0
3019,10,2,15,0,11,3,1,0,2,2,0
3020,6,4,8,2,12,0,1,1,2,2,0
3021,13,4,15,2,6,0,1,1,2,2,1
3022,13,4,11,6,12,1,1,1,0,2,0
3023,10,4,8,4,1,4,0,0,2,2,0
3024,8,6,9,2,4,0,1,1,2,2,0
3025,9,6,15,2,5,0,1,1,2,2,1
3026,4,4,8,4,4,3,0,1,2,2,0
3027,9,1,1,0,6,1,1,1,3,2,1
3028,9,4,15,2,6,5,0,0,3,2,0
3029,9,4,11,2,3,0,1,1,2,2,1
3030,4,4,0,4,1,3,0,0,1,2,0
3031,7,4,11,0,8,1,1,1,2,2,0
3032,5,4,2,0,5,3,1,1,2,2,0
3033,7,6,11,2,3,0,1,1,2,2,0
3034,11,4,11,2,7,0,1,1,3,1,1
3035,8,4,11,2,3,0,1,1,3,2,1
3036,5,4,5,2,8,5,1,0,1,2,0
3037,6,4,15,0,3,1,1,1,2,2,0
3038,6,4,8,2,4,0,1,1,2,2,0
3039,6,4,9,4,7,1,1,1,2,2,0
3040,11,2,12,2,4,0,1,1,2,2,0
3041,12,4,8,2,5,0,1,1,1,2,0
3042,5,4,11,2,6,0,1,1,1,2,0
3043,8,4,11,2,10,0,1,1,3,2,1
3044,6,7,9,4,10,2,1,0,2,2,0
3045,4,4,11,4,1,3,1,0,0,2,0
3046,8,6,11,0,3,3,1,1,2,2,0
3047,9,4,8,0,1,4,1,0,2,2,0
3048,5,0,13,2,0,5,1,0,2,2,0
3049,4,4,15,4,1,3,1,0,3,2,0
3050,14,4,11,2,3,0,1,1,1,2,1
3051,4,2,8,2,10,0,1,1,1,2,0
3052,4,4,8,4,12,2,0,0,2,2,1
3053,3,4,1,4,8,3,1,1,1,2,0
3054,9,4,11,2,6,5,1,0,2,2,0
3055,5,4,9,0,4,1,1,1,2,2,0
3056,5,4,15,4,12,1,0,1,2,2,0
3057,3,4,9,4,10,1,1,1,4,2,0
3058,5,5,10,4,10,1,1,0,2,4,1
3059,10,2,7,4,10,3,0,0,2,2,0
3060,14,4,9,3,1,4,0,0,1,2,0
3061,6,4,11,0,8,4,1,0,2,2,0
3062,9,6,15,2,3,0,1,1,2,2,1
3063,10,4,15,2,8,0,0,1,2,0,1
3064,11,4,11,2,7,0,1,1,0,2,1
3065,3,4,15,2,11,0,1,1,0,2,0
3066,4,2,15,4,10,4,1,0,1,2,0
3067,5,4,8,2,1,0,1,1,2,2,1
3068,9,5,12,2,4,0,1,1,2,2,0
3069,4,4,10,4,10,4,0,1,2,2,0
3070,5,4,12,4,6,3,1,1,2,2,0
3071,10,4,6,2,8,0,0,1,2,2,0
3072,8,4,15,4,1,1,1,0,2,2,0
3073,3,4,15,4,10,3,1,1,1,2,0
3074,12,4,1,2,12,0,1,1,2,2,0
3075,8,4,11,4,13,3,1,1,2,2,0
3076,3,4,11,4,8,1,1,1,1,2,0
3077,6,4,11,0,4,4,1,0,2,2,0
3078,4,4,15,4,1,1,1,0,2,2,0
3079,9,2,15,2,11,0,1,1,2,2,0
3080,10,4,0,2,3,0,1,1,2,2,0
3081,5,4,11,4,8,1,1,1,2,2,0
3082,7,2,0,2,1,5,1,0,2,2,0
3083,6,6,8,5,4,1,1,0,2,2,0
3084,7,4,11,2,3,0,1,1,2,2,0
3085,5,4,9,4,11,1,0,1,1,2,0
3086,9,4,15,0,12,3,1,1,2,1,0
3087,6,4,11,4,6,1,1,1,1,2,1
3088,6,6,9,4,10,3,0,0,2,2,0
3089,5,0,9,4,0,3,0,0,2,2,0
3090,7,2,8,4,8,3,1,0,2,2,0
3091,11,4,9,2,4,0,1,1,2,2,0
3092,3,4,11,2,4,0,1,1,0,2,1
3093,10,4,9,2,6,0,1,1,2,2,0
3094,4,4,11,4,4,1,1,1,2,2,0
3095,10,4,9,2,10,0,1,1,2,2,0
3096,4,4,11,3,3,1,1,1,2,2,0
3097,11,4,15,0,14,1,1,1,2,2,0
3098,9,0,0,5,0,2,1,1,3,2,0
3099,9,4,15,2,4,0,1,1,2,2,1
3100,10,4,11,4,7,3,1,0,2,2,0
3101,17,2,9,0,10,4,1,0,1,2,0
3102,7,4,15,4,14,1,1,1,2,2,0
3103,3,5,15,4,12,3,0,1,1,2,0
3104,9,4,11,2,1,0,1,1,2,2,0
3105,5,4,9,4,10,1,1,0,2,2,0
3106,4,4,15,4,1,4,1,0,2,2,0
3107,12,2,12,0,10,1,1,0,2,1,1
3108,6,4,9,2,1,0,1,1,2,2,0
3109,9,4,5,2,6,0,1,1,2,2,0
3110,6,4,9,4,10,1,1,0,2,2,0
3111,5,4,0,2,14,0,1,1,2,2,0
3112,3,4,9,4,12,1,0,0,2,2,0
3113,5,4,15,2,4,0,1,1,2,2,1
3114,4,4,1,4,8,4,1,0,2,2,0
3115,3,4,11,4,3,3,1,1,2,2,0
3116,9,4,11,2,3,0,1,1,2,2,1
3117,3,4,11,4,3,3,1,1,1,2,0
3118,7,4,15,2,10,0,1,1,2,2,1
3119,8,4,11,2,7,0,1,1,2,2,1
3120,4,4,8,4,1,1,1,0,0,2,0
3121,6,7,11,2,14,0,1,1,2,2,0
3122,11,4,11,2,14,0,1,1,1,2,0
3123,8,2,9,2,10,0,1,1,2,2,1
3124,9,4,10,2,4,0,1,1,3,2,1
3125,8,4,15,0,8,4,0,0,1,0,0
3126,5,4,11,4,11,1,1,1,1,0,0
3127,3,4,0,4,7,3,1,1,1,2,0
3128,7,4,15,0,13,1,1,1,2,2,0
3129,9,1,9,2,10,0,1,1,2,2,0
3130,9,4,15,2,14,5,1,1,2,2,0
3131,4,4,8,4,4,1,1,1,3,2,0
3132,8,7,11,4,1,4,0,0,1,2,0
3133,10,4,9,2,7,0,1,1,2,2,0
3134,6,4,15,2,3,0,1,1,3,2,0
3135,7,4,12,2,10,2,1,0,2,2,0
3136,11,2,10,2,10,0,0,1,2,2,1
3137,4,4,6,4,7,1,1,1,2,2,0
3138,8,2,9,0,10,1,1,1,2,2,1
3139,7,5,9,2,12,0,1,1,3,2,1
3140,7,6,15,2,14,0,1,1,3,2,0
3141,7,4,14,4,4,3,1,0,2,0,0
3142,4,4,12,4,12,1,1,1,2,2,0
3143,5,6,11,4,3,3,1,1,2,2,0
3144,3,4,11,2,1,0,1,1,0,2,0
3145,9,4,15,2,1,0,1,1,2,2,1
3146,8,4,12,2,10,0,1,1,2,2,0
3147,4,2,9,4,4,3,1,1,1,2,0
3148,7,2,9,4,10,1,1,1,1,2,0
3149,4,4,15,4,1,1,1,1,2,2,0
3150,7,4,11,2,10,0,1,1,2,2,1
3151,6,4,8,0,3,1,1,1,2,2,0
3152,5,4,15,2,8,0,1,1,2,2,0
3153,11,4,11,0,8,1,1,1,2,2,0
3154,8,7,14,2,10,5,1,0,2,2,0
3155,9,4,7,5,12,4,1,0,2,2,0
3156,6,4,11,2,5,0,1,1,2,2,0
3157,6,4,11,4,7,3,0,1,3,0,0
3158,7,4,15,2,3,0,1,1,2,2,1
3159,5,4,11,2,8,0,1,1,3,2,0
3160,7,6,9,2,10,0,1,1,2,2,0
3161,6,7,12,5,10,1,1,0,2,2,0
3162,7,4,11,2,7,0,1,1,2,2,0
3163,10,0,15,5,0,2,1,0,1,2,0
3164,7,5,8,4,10,1,1,0,2,2,0
3165,8,4,9,0,12,1,1,1,2,2,0
3166,11,7,9,6,10,1,1,1,2,2,0
3167,9,4,1,0,8,4,1,0,2,2,0
3168,10,4,9,0,4,4,1,0,1,2,0
3169,7,4,4,4,8,3,1,1,2,2,0
3170,4,4,12,4,10,4,1,0,2,2,0
3171,11,4,12,2,4,0,1,1,2,2,0
3172,7,2,12,2,10,0,1,1,2,2,0
3173,10,4,11,4,12,3,1,0,2,2,0
3174,5,4,15,4,12,1,1,0,2,2,0
3175,8,4,9,2,10,5,0,0,2,2,1
3176,13,4,11,2,7,0,1,1,0,2,0
3177,18,5,9,2,10,5,1,0,1,2,1
3178,6,7,7,2,10,0,0,1,2,2,1
3179,6,0,2,2,0,0,1,1,2,2,0
3180,9,4,15,2,12,0,1,1,3,2,1
3181,11,4,11,2,8,0,1,1,1,2,0
3182,15,4,9,6,12,3,0,0,0,2,0
3183,13,2,11,0,14,1,1,1,1,2,0
3184,7,4,15,2,7,5,0,0,2,2,1
3185,10,4,15,2,4,0,1,1,2,2,1
3186,9,4,11,0,1,4,1,0,2,2,0
3187,9,4,11,5,6,1,1,1,2,2,0
3188,5,0,9,2,0,0,1,1,2,2,0
3189,5,4,15,4,6,1,1,1,2,2,0
3190,7,4,11,0,1,4,1,0,2,2,0
3191,8,4,15,0,4,4,1,0,2,0,0
3192,13,7,15,2,4,0,1,1,1,2,0
3193,7,0,15,0,0,1,1,0,2,2,0
3194,7,4,15,0,12,1,0,1,1,0,0
3195,10,4,9,2,4,0,1,1,2,2,1
3196,4,4,11,4,3,3,1,1,2,2,0
3197,5,4,11,4,3,1,1,1,2,2,0
3198,9,4,15,4,8,1,1,0,3,2,0
3199,5,4,11,4,14,3,1,1,2,2,0
3200,5,4,9,2,3,0,1,1,1,2,0
3201,4,2,7,4,4,3,1,1,2,2,0
3202,4,4,15,4,1,1,1,1,2,2,0
3203,7,4,14,2,10,0,1,1,2,2,1
3204,9,4,9,2,10,0,1,1,1,2,1
3205,8,4,9,2,1,0,1,1,2,2,1
3206,4,2,9,4,13,3,1,0,2,2,0
3207,10,2,6,0,14,4,1,1,1,2,0
3208,7,4,7,4,3,1,1,1,2,2,0
3209,11,4,9,2,14,0,0,1,2,2,0
3210,12,4,11,0,4,1,1,1,2,2,0
3211,11,4,11,2,3,0,1,1,2,2,0
3212,9,4,1,2,3,0,1,1,1,2,0
3213,10,4,11,4,8,3,1,0,2,2,0
3214,11,4,15,2,3,0,1,1,2,2,0
3215,5,4,15,4,6,3,1,1,2,2,0
3216,8,4,11,4,1,2,1,0,2,2,0
3217,6,4,6,4,8,1,1,1,3,2,0
3218,10,4,11,2,4,0,1,1,1,2,0
3219,8,4,9,2,4,0,1,1,2,2,0
3220,8,4,11,5,3,1,1,1,2,2,0
3221,8,6,15,0,4,1,1,1,2,2,0
3222,12,4,11,2,7,0,1,1,2,2,0
3223,9,4,9,2,10,0,1,1,2,2,0
3224,8,5,9,2,10,0,1,1,2,2,1
3225,6,5,9,2,4,0,1,1,2,1,0
3226,4,4,11,4,3,1,1,1,2,2,1
3227,10,4,2,2,6,0,1,1,2,2,1
3228,4,4,11,4,7,1,1,0,1,2,0
3229,11,4,15,4,12,1,1,1,2,2,0
3230,5,4,15,5,6,1,0,1,2,2,0
3231,7,6,11,2,3,0,1,1,3,2,0
3232,3,4,15,4,1,1,1,1,0,2,0
3233,7,4,11,4,1,3,1,0,2,1,0
3234,4,4,11,4,12,1,1,0,1,2,0
3235,6,4,15,2,12,0,1,1,2,2,0
3236,8,5,9,2,4,0,1,1,2,2,0
3237,5,4,2,4,9,1,0,0,2,2,0
3238,3,4,15,4,1,4,1,0,0,2,0
3239,13,4,15,6,12,1,1,0,1,2,0
3240,6,4,11,2,12,0,1,1,3,2,0
3241,3,4,0,4,3,3,1,1,1,2,0
3242,4,4,11,4,3,1,1,1,2,2,0
3243,14,2,11,3,1,1,1,1,1,2,0
3244,5,4,15,4,14,1,1,1,2,2,1
3245,9,4,9,5,12,2,1,1,2,2,0
3246,3,1,15,4,1,3,1,0,1,2,0
3247,4,4,9,4,12,3,1,0,2,2,0
3248,7,6,15,5,8,4,0,0,2,2,0
3249,9,6,11,2,3,0,1,1,2,2,1
3250,15,4,9,2,4,0,1,1,0,2,0
3251,8,2,9,6,10,4,1,1,1,2,0
3252,4,4,0,4,8,3,1,0,1,2,0
3253,8,4,15,2,8,0,0,1,1,2,0
3254,12,4,1,6,12,1,0,1,2,2,0
3255,3,0,11,4,0,3,1,0,2,2,0
3256,6,4,11,0,1,4,1,0,2,2,0
3257,4,4,11,4,7,3,1,0,0,2,0
3258,12,6,5,2,5,0,1,1,1,2,0
3259,8,1,11,4,4,1,1,1,2,2,0
3260,8,4,9,0,12,4,1,0,2,2,0
3261,9,4,9,2,12,0,1,1,2,2,1
3262,4,6,15,4,3,1,1,1,1,2,0
3263,11,4,11,6,3,1,1,1,2,2,0
3264,4,4,11,4,12,1,1,0,1,2,0
3265,6,4,15,2,3,0,1,1,2,2,0
3266,8,4,4,0,1,1,1,1,2,0,1
3267,11,4,15,2,13,0,1,1,2,2,1
3268,9,1,12,0,10,3,1,0,2,2,0
3269,4,4,15,4,3,1,1,1,2,2,0
3270,5,4,15,4,1,1,1,0,2,2,0
3271,12,4,15,0,11,4,1,0,2,2,0
3272,9,4,15,4,12,3,1,1,2,2,0
3273,6,4,11,0,12,2,1,0,2,2,0
3274,11,4,11,5,1,5,1,0,0,2,0
3275,8,2,12,4,8,1,1,0,2,2,0
3276,6,4,6,2,12,0,1,1,2,2,1
3277,4,4,9,4,12,4,1,0,2,2,0
3278,10,4,1,2,14,0,1,1,2,2,1
3279,9,2,11,2,11,0,1,1,2,2,0
3280,5,6,11,2,1,0,1,1,2,2,0
3281,5,4,15,2,4,0,1,1,2,2,0
3282,6,4,11,2,3,0,1,1,2,2,0
3283,9,4,11,2,3,0,1,1,2,2,1
3284,5,4,10,4,10,1,1,1,2,2,0
3285,6,4,0,2,7,0,1,1,2,2,1
3286,9,1,11,0,1,1,1,0,3,2,0
3287,10,2,12,2,10,0,1,1,1,2,0
3288,9,4,11,2,10,0,1,1,2,2,1
3289,4,4,15,4,12,3,1,0,1,2,0
3290,4,4,6,4,8,3,1,0,1,2,0
3291,6,7,11,4,1,3,0,0,2,2,0
3292,9,2,12,2,10,0,0,1,1,2,1
3293,11,4,5,2,6,0,1,1,3,2,0
3294,12,0,2,2,0,0,1,1,2,2,0
3295,5,4,11,2,7,0,1,1,2,2,1
3296,7,2,9,4,10,2,1,0,2,2,0
3297,9,4,12,0,4,1,1,1,1,2,0
3298,5,4,15,4,8,1,0,1,1,0,1
3299,7,4,9,0,3,1,1,1,1,2,0
3300,4,6,1,4,3,3,1,1,2,2,0
3301,3,4,11,4,10,4,0,1,1,2,0
3302,9,4,2,2,8,0,1,1,2,2,0
3303,12,0,9,2,0,0,1,1,2,2,1
3304,15,4,11,6,3,1,1,0,2,2,0
3305,12,4,9,2,10,0,1,1,2,2,1
3306,9,4,15,0,1,4,1,1,2,2,0
3307,7,6,0,4,12,1,1,0,2,2,0
3308,6,4,0,0,1,1,0,0,2,2,0
3309,7,4,11,4,4,1,1,1,1,2,0
3310,10,4,6,2,8,0,1,1,2,2,0
3311,8,4,2,2,6,0,1,1,2,2,0
3312,8,4,11,0,14,4,1,1,2,2,0
3313,5,6,11,2,3,0,1,1,2,2,1
3314,4,4,10,4,1,1,1,0,2,2,1
3315,12,4,4,5,8,4,1,0,2,2,0
3316,3,4,11,4,1,3,1,1,2,2,0
3317,8,4,11,2,7,0,0,1,2,2,0
3318,9,4,11,2,1,0,1,1,2,2,1
3319,8,1,11,4,1,1,1,1,2,2,0
3320,8,4,11,2,12,0,1,1,2,2,1
3321,3,4,11,4,12,1,1,0,0,2,0
3322,5,4,11,2,7,0,1,1,1,2,0
3323,8,5,11,2,12,0,1,1,2,2,1
3324,16,4,15,0,1,4,1,0,1,2,0
3325,10,4,9,2,8,1,0,0,2,4,0
3326,5,5,12,2,12,0,1,1,1,2,1
3327,9,4,0,2,14,0,1,1,2,2,0
3328,8,4,15,2,8,0,1,1,2,2,1
3329,11,4,5,5,9,4,1,0,1,2,0
3330,5,4,11,4,14,1,1,1,2,2,0
3331,10,4,15,2,5,0,1,1,2,2,0
3332,11,4,6,2,3,0,1,1,2,2,1
3333,6,2,15,2,1,2,1,0,3,2,0
3334,6,4,15,2,3,0,1,1,3,2,1
3335,7,4,11,0,12,4,1,0,2,2,0
3336,10,4,9,2,4,0,1,1,2,2,0
3337,8,0,11,2,0,0,1,1,2,2,0
3338,5,4,15,4,1,2,1,0,2,2,0
3339,6,4,11,0,1,4,1,0,1,2,1
3340,4,4,8,4,3,3,0,1,2,2,0
3341,5,4,0,2,8,0,1,1,3,2,1
3342,5,4,1,2,3,0,0,1,2,2,0
3343,3,4,12,4,10,1,1,0,2,2,0
3344,8,4,15,0,6,1,0,1,1,2,0
3345,8,4,15,0,4,2,1,1,2,2,0
3346,6,4,15,4,12,3,1,1,2,2,0
3347,8,4,12,2,10,0,1,1,2,2,0
3348,7,4,9,0,10,4,1,0,2,2,0
3349,9,2,15,2,11,0,1,1,2,2,0
3350,6,4,11,2,8,0,1,1,2,2,0
3351,7,4,15,0,12,1,1,1,3,2,0
3352,9,4,12,0,4,1,1,0,3,2,0
3353,8,4,15,2,1,0,1,1,1,2,0
3354,6,6,15,2,3,0,1,1,2,2,0
3355,7,4,9,0,4,1,1,0,2,2,0
3356,10,4,0,2,8,0,0,1,3,2,1
3357,7,4,8,5,1,4,1,0,2,2,0
3358,7,1,15,0,1,1,1,1,2,2,0
3359,6,4,9,2,4,0,1,1,2,2,0
3360,6,4,9,2,3,0,1,1,2,2,1
3361,4,4,12,4,12,1,1,1,2,0,1
3362,6,4,11,4,7,3,1,1,2,2,0
3363,9,0,8,2,0,0,1,1,1,2,0
3364,8,4,12,2,10,0,1,1,2,2,0
3365,5,4,15,4,1,3,1,0,2,2,0
3366,9,4,11,2,6,0,0,1,2,2,1
3367,7,4,8,2,1,0,1,1,2,2,1
3368,3,4,7,4,1,1,1,1,1,2,0
3369,6,4,9,5,10,1,1,0,2,2,0
3370,5,4,8,4,10,3,1,1,2,2,0
3371,13,4,7,1,1,4,1,0,2,2,0
3372,10,4,8,0,13,2,0,0,2,2,0
3373,4,6,11,4,5,3,1,1,2,2,0
3374,6,4,9,2,10,5,1,0,1,2,0
3375,6,6,0,4,8,3,1,1,1,2,0
3376,3,4,2,5,9,4,1,1,1,2,0
3377,5,2,9,5,11,1,1,1,2,2,0
3378,12,4,15,2,7,0,1,1,1,2,0
3379,3,1,12,4,10,3,0,1,1,2,0
3380,12,4,11,2,14,0,1,1,1,2,0
3381,11,4,15,2,8,0,1,1,2,2,1
3382,9,4,9,2,4,0,1,1,1,2,0
3383,5,4,12,4,10,1,1,0,2,2,0
3384,6,4,11,2,3,0,1,1,2,2,0
3385,13,4,11,0,7,1,0,0,0,2,0
3386,8,4,15,2,4,0,1,1,2,2,0
3387,7,4,1,0,7,4,1,0,2,2,0
3388,6,2,14,2,10,0,0,1,2,2,1
3389,13,2,0,6,8,4,1,0,1,2,0
3390,3,4,1,4,3,3,0,1,1,2,0
3391,10,4,15,0,10,1,1,1,1,2,0
3392,8,4,15,4,1,1,0,0,1,2,1
3393,4,4,15,4,1,1,1,0,0,2,0
3394,8,4,6,4,12,1,0,0,2,2,0
3395,5,4,8,4,6,1,1,1,1,2,0
3396,5,2,15,4,3,1,1,1,2,2,0
3397,4,4,15,4,3,1,0,1,2,2,0
3398,9,4,8,4,8,3,0,1,2,2,0
3399,9,4,9,2,3,0,1,1,1,2,0
3400,7,4,1,0,8,1,1,0,3,2,0
3401,10,4,11,2,1,0,1,1,2,2,0
3402,4,2,11,4,1,3,1,0,1,2,0
3403,4,6,11,4,1,3,0,0,2,2,0
3404,7,4,12,2,10,0,1,1,3,2,1
3405,6,4,15,4,1,3,1,1,1,2,0
3406,7,4,9,2,4,0,1,1,2,2,1
3407,17,7,7,5,1,1,1,0,1,2,1
3408,4,6,11,4,14,1,1,1,2,2,0
3409,4,4,15,4,8,1,0,0,1,2,0
3410,4,4,11,4,3,3,1,1,2,2,0
3411,8,5,15,2,4,0,1,1,2,2,1
3412,9,6,1,5,12,2,1,1,2,2,0
3413,8,4,0,2,7,0,1,1,2,2,0
3414,5,4,15,4,12,2,1,0,2,2,0
3415,17,4,15,4,1,1,1,0,1,2,0
3416,4,4,11,4,4,1,0,1,2,2,1
3417,13,4,5,0,6,1,1,1,1,2,0
3418,4,4,15,4,8,3,1,0,1,2,0
3419,5,4,12,4,4,3,1,1,3,2,0
3420,8,0,15,0,0,4,1,0,2,2,0
3421,4,4,15,4,5,3,1,1,2,2,0
3422,7,4,8,2,12,0,0,1,2,2,1
3423,4,4,15,4,3,3,1,1,1,2,0
3424,7,7,5,2,8,5,1,0,2,2,1
3425,5,4,15,4,1,3,0,0,2,0,0
3426,6,6,11,0,12,1,1,0,2,2,0
3427,9,4,9,0,1,1,1,0,2,2,0
3428,5,4,15,6,3,1,1,1,2,2,1
3429,6,4,9,2,4,0,1,1,0,2,0
3430,8,4,9,2,10,0,1,1,4,2,1
3431,10,4,15,0,1,1,1,0,2,2,0
3432,13,4,1,6,8,1,0,0,1,2,0
3433,7,4,9,5,1,1,1,0,2,2,0
3434,3,4,11,4,8,4,1,1,0,2,0
3435,7,4,15,2,4,0,1,1,2,2,1
3436,4,4,9,4,3,3,1,1,1,2,0
3437,4,4,11,4,12,3,1,0,3,2,0
3438,10,4,11,2,1,0,0,1,2,2,1
3439,9,4,6,2,14,0,1,1,2,2,0
3440,9,4,11,2,3,0,1,1,2,2,1
3441,5,4,11,0,1,4,1,0,1,2,0
3442,9,5,11,2,4,0,1,1,2,2,1
3443,8,4,9,2,4,0,1,1,2,2,0
3444,11,4,15,6,4,1,1,0,2,2,0
3445,7,7,11,0,1,4,1,0,2,2,0
3446,4,6,11,4,4,4,1,0,2,2,0
3447,7,4,11,2,3,0,1,1,2,2,0
3448,5,4,15,0,12,3,1,1,1,2,0
3449,11,4,7,0,4,4,1,0,4,2,0
3450,5,4,9,4,4,1,1,0,2,2,0
3451,7,4,15,0,4,4,1,0,2,2,0
3452,5,6,11,2,1,0,1,1,2,2,0
3453,9,4,6,2,12,0,1,1,2,2,1
3454,7,4,11,4,1,1,1,0,1,2,0
3455,4,1,15,4,13,3,1,0,2,2,0
3456,5,4,11,2,14,0,1,1,2,2,1
3457,5,4,11,4,8,3,1,1,2,2,0
3458,4,6,15,4,12,3,1,1,1,2,0
3459,11,5,11,5,10,1,1,1,2,0,0
3460,6,4,0,4,8,3,0,0,1,2,0
3461,6,4,7,2,12,0,1,1,1,2,0
3462,12,4,15,4,12,1,1,0,2,2,0
3463,5,4,8,4,3,1,0,1,1,2,0
3464,3,4,11,4,14,3,0,1,1,2,0
3465,5,4,9,2,10,0,1,1,1,2,0
3466,10,4,9,0,1,4,1,0,2,2,0
3467,3,4,11,4,11,1,1,1,2,2,0
3468,3,6,11,4,5,3,1,1,1,2,0
3469,12,4,9,2,8,0,0,1,2,0,1
3470,6,4,11,2,3,0,1,1,1,2,1
3471,9,4,12,5,8,1,1,0,1,2,0
3472,8,0,15,0,0,4,1,0,2,2,0
3473,5,4,7,2,12,0,1,1,2,2,0
3474,10,2,11,2,8,5,1,0,2,2,1
3475,6,4,11,4,14,3,1,1,2,2,0
3476,12,4,15,0,4,3,1,0,2,2,0
3477,8,4,11,2,14,0,0,1,1,2,0
3478,8,4,15,0,12,1,1,0,2,2,0
3479,6,4,11,2,12,0,1,1,2,2,0
3480,10,4,11,0,6,1,1,1,1,2,0
3481,7,4,11,2,7,0,0,1,1,2,1
3482,5,4,11,6,12,1,1,1,2,2,0
3483,13,4,8,0,1,4,1,0,2,2,1
3484,6,4,9,2,1,0,1,1,2,2,1
3485,9,4,11,0,7,4,1,1,3,2,0
3486,6,1,15,2,10,0,1,1,2,2,1
3487,12,4,7,0,1,4,1,0,2,2,0
3488,3,7,14,4,10,1,1,1,2,1,0
3489,4,4,1,4,14,3,1,1,2,2,0
3490,8,4,12,0,4,2,1,1,1,2,0
3491,6,4,15,0,1,1,1,0,2,2,0
3492,5,7,11,3,1,1,1,0,2,2,0
3493,9,4,11,4,14,1,1,1,2,2,0
3494,6,4,9,4,10,1,0,1,2,2,0
3495,4,4,5,2,10,0,0,1,2,2,0
3496,8,4,11,2,12,0,1,1,2,2,1
3497,12,6,11,2,3,0,1,1,2,2,0
3498,8,4,11,2,14,0,0,1,2,2,0
3499,4,4,9,4,12,3,1,1,1,2,0
3500,9,4,15,2,8,0,0,1,2,2,0
3501,4,4,11,4,1,1,0,0,2,2,0
3502,6,4,15,5,10,2,1,0,2,2,0
3503,7,4,11,2,12,5,1,1,2,2,0
3504,3,6,11,4,5,1,1,0,2,2,0
3505,8,4,9,2,4,0,1,1,2,2,1
3506,6,5,15,4,12,3,1,0,2,2,0
3507,8,0,1,0,0,2,1,1,2,2,0
3508,14,6,11,2,8,5,0,0,0,2,0
3509,9,5,9,2,10,0,1,1,1,2,0
3510,7,4,15,4,8,1,1,1,2,2,0
3511,7,4,15,0,14,1,1,1,2,2,0
3512,10,4,11,2,1,5,1,0,2,2,1
3513,8,4,9,2,10,0,1,1,2,2,1
3514,10,4,15,2,13,0,1,1,2,2,1
3515,4,4,6,4,7,1,1,1,2,2,0
3516,8,4,9,0,4,4,1,1,2,2,0
3517,12,4,15,2,10,0,1,1,1,2,0
3518,3,4,11,4,1,1,1,0,1,2,0
3519,9,4,15,2,12,5,1,0,2,2,1
3520,7,4,1,2,3,0,1,1,3,2,1
3521,5,4,11,5,8,2,1,0,0,2,0
3522,11,4,11,2,12,0,1,1,1,2,0
3523,7,4,15,2,8,0,1,1,2,2,0
3524,7,4,11,2,10,0,1,1,2,2,0
3525,5,4,9,4,4,1,1,0,2,2,0
3526,12,2,1,0,3,2,1,1,0,2,0
3527,6,4,12,5,10,4,1,0,3,2,0
3528,6,1,11,0,1,1,1,0,1,2,0
3529,4,0,15,2,0,0,1,1,2,1,0
3530,6,1,12,4,10,1,1,0,1,4,0
3531,5,4,12,4,4,1,1,1,2,2,0
3532,8,5,0,2,3,0,0,1,2,2,0
3533,5,4,1,4,8,1,0,0,2,2,0
3534,8,1,9,2,6,0,0,1,2,2,1
3535,6,4,11,2,14,0,1,1,1,2,1
3536,8,4,15,2,8,0,0,1,2,2,0
3537,4,4,11,4,1,3,1,1,0,2,0
3538,11,4,8,2,3,3,1,1,2,2,0
3539,4,4,15,2,12,3,1,0,2,2,0
3540,8,4,11,2,3,5,1,0,2,2,0
3541,7,6,9,2,14,0,1,1,2,2,0
3542,4,4,6,4,7,1,0,1,2,2,1
3543,5,4,11,0,7,1,1,0,2,2,0
3544,5,7,9,4,4,3,1,0,2,2,0
3545,9,6,2,2,5,0,1,1,1,2,0
3546,5,4,11,4,12,1,1,1,2,2,0
3547,8,4,14,2,4,0,1,1,2,1,1
3548,8,4,0,4,1,1,1,0,2,2,0
3549,5,4,9,4,13,1,1,0,2,2,0
3550,5,4,12,4,10,2,0,0,2,2,0
3551,7,4,15,0,12,1,1,1,1,2,0
3552,9,2,11,2,14,0,0,1,2,2,1
3553,8,4,12,4,10,3,1,0,2,1,0
3554,7,7,12,0,10,1,1,0,3,2,0
3555,6,4,6,4,12,3,1,1,2,2,0
3556,4,4,11,4,3,3,1,1,0,2,0
3557,9,4,6,0,8,4,1,0,2,2,0
3558,6,6,15,4,10,3,1,1,2,2,0
3559,7,7,15,4,1,4,0,0,1,2,0
3560,8,6,12,2,10,0,1,1,1,2,0
3561,4,4,8,4,7,3,1,1,2,2,0
3562,7,6,9,4,3,3,1,1,2,2,0
3563,3,4,1,4,12,3,1,0,1,2,0
3564,6,4,11,5,3,4,1,1,2,2,0
3565,8,4,11,4,7,3,0,0,1,2,0
3566,7,4,12,2,4,0,1,1,2,2,0
3567,3,4,2,4,6,2,1,1,1,1,0
3568,5,4,5,2,5,0,1,1,2,2,1
3569,4,4,11,4,8,3,1,0,1,2,0
3570,6,4,11,4,3,1,1,1,1,2,0
3571,3,4,15,4,1,3,1,1,1,2,0
3572,13,4,11,2,8,5,1,0,1,2,1
3573,6,4,9,5,4,4,1,1,2,2,0
3574,6,4,11,0,3,1,1,1,2,2,0
3575,8,5,11,2,4,0,1,1,2,2,1
3576,10,4,1,2,3,0,1,1,1,2,1
3577,9,4,9,2,4,0,1,1,1,2,0
3578,7,4,11,2,3,0,1,1,2,2,1
3579,5,4,11,4,1,1,1,0,2,2,0
3580,6,2,11,2,3,0,1,1,2,2,0
3581,9,4,2,2,7,0,0,1,2,0,1
3582,8,2,15,4,1,1,0,0,2,2,0
3583,12,4,11,2,1,0,1,1,1,2,1
3584,7,4,11,5,14,1,1,1,2,2,0
3585,10,4,8,2,3,0,1,1,2,2,1
3586,10,1,9,2,1,0,1,1,2,2,0
3587,6,0,15,2,0,0,1,1,2,1,0
3588,3,4,11,4,12,1,1,1,1,2,1
3589,4,7,12,4,4,3,1,1,2,2,0
3590,9,4,11,0,12,2,1,1,1,2,0
3591,10,4,6,0,3,4,1,0,2,2,0
3592,7,2,12,4,10,2,1,0,2,2,0
3593,13,4,0,6,7,1,1,1,0,2,0
3594,7,4,9,2,10,0,1,1,2,2,0
3595,10,4,11,6,12,4,1,0,2,2,0
3596,7,4,15,2,1,0,1,1,2,2,0
3597,13,4,11,6,7,4,1,1,2,2,0
3598,4,4,9,4,10,1,0,0,2,2,0
3599,7,4,8,4,8,3,1,0,3,2,0
3600,13,4,11,1,12,3,1,0,0,2,0
3601,6,6,15,4,1,1,1,1,2,2,0
3602,3,4,9,4,4,1,1,0,0,2,0
3603,8,2,9,2,10,0,0,1,2,2,1
3604,5,4,8,4,1,1,1,0,3,2,1
3605,7,7,9,4,1,4,0,0,2,2,0
3606,5,4,0,4,8,4,1,0,1,2,0
3607,7,4,5,2,8,5,1,0,2,2,1
3608,10,5,15,0,12,1,1,0,2,2,1
3609,7,4,1,4,14,1,1,1,2,2,0
3610,10,4,11,2,11,0,1,1,2,1,0
3611,10,2,9,2,10,0,1,1,2,2,0
3612,8,6,12,0,10,4,0,0,2,2,0
3613,7,6,9,4,1,1,1,0,2,2,0
3614,14,0,11,2,0,0,1,1,1,2,1
3615,10,4,15,2,6,0,1,1,1,2,1
3616,8,6,15,5,3,1,0,1,2,2,0
3617,6,4,11,5,6,1,0,1,2,0,0
3618,3,4,15,4,3,1,1,1,2,2,1
3619,10,4,11,2,8,0,1,1,2,2,0
3620,10,4,7,2,7,0,1,1,2,2,0
3621,12,6,12,6,10,1,1,0,2,2,1
3622,11,6,11,2,3,5,1,0,2,2,0
3623,9,4,11,2,8,0,1,1,2,2,0
3624,5,4,1,4,8,3,0,0,2,2,0
3625,7,7,8,0,1,4,0,0,2,2,0
3626,9,4,12,2,4,0,1,1,2,2,0
3627,12,2,15,2,11,0,1,1,1,2,0
3628,6,7,15,2,10,5,1,0,2,2,0
3629,5,4,11,2,3,0,1,1,2,2,0
3630,4,4,14,4,10,1,0,0,2,2,0
3631,6,4,11,2,6,0,1,1,1,2,1
3632,6,4,15,4,7,4,1,0,2,2,0
3633,9,4,15,2,6,0,1,1,2,2,0
3634,7,4,11,0,8,4,0,0,2,4,0
3635,5,4,0,4,8,3,1,1,1,2,0
3636,4,4,11,2,7,0,0,1,3,2,0
3637,6,4,9,2,8,0,0,1,2,0,1
3638,11,4,15,2,3,0,0,1,1,2,1
3639,8,4,15,2,4,0,1,1,2,2,0
3640,5,4,14,2,10,0,1,1,2,2,0
3641,7,2,12,0,4,4,1,1,1,2,0
3642,8,6,10,4,10,3,1,0,2,2,0
3643,7,6,15,4,12,1,1,1,2,2,0
3644,6,4,11,2,8,5,1,0,2,2,1
3645,6,4,15,4,3,3,1,1,2,2,0
3646,4,4,11,4,8,3,1,0,0,2,0
3647,6,4,8,4,7,3,0,0,2,2,0
3648,6,0,2,2,0,0,1,1,2,2,1
3649,4,4,11,2,14,0,1,1,2,2,1
3650,8,4,5,0,6,1,1,1,2,2,0
3651,10,2,11,2,4,0,1,1,3,2,0
3652,5,4,11,4,8,1,1,0,2,2,0
3653,6,4,11,4,7,2,1,0,2,2,0
3654,12,4,1,6,3,1,1,1,2,2,0
3655,7,2,9,2,11,0,0,1,2,2,1
3656,4,4,0,4,6,3,1,1,2,2,0
3657,5,6,8,4,10,3,1,1,2,2,0
3658,6,4,9,0,4,1,1,1,2,2,0
3659,7,4,15,2,3,0,1,1,2,2,0
3660,7,4,7,2,8,0,1,1,1,2,0
3661,8,4,7,4,12,1,1,1,1,2,0
3662,4,4,11,2,8,5,0,0,2,2,0
3663,7,4,2,2,6,0,1,1,3,2,0
3664,9,4,15,0,3,1,0,1,2,2,0
3665,7,4,11,4,14,1,1,1,2,2,0
3666,8,4,7,4,4,1,1,0,1,2,0
3667,9,4,9,2,4,0,1,1,2,2,0
3668,9,4,1,2,3,0,0,1,1,2,0
3669,7,4,15,4,5,3,1,1,2,2,0
3670,6,4,9,0,1,4,1,0,2,2,0
3671,5,4,11,2,3,0,1,1,2,2,0
3672,4,4,15,4,12,3,1,0,1,2,0
3673,8,4,8,0,12,4,1,0,1,2,0
3674,5,4,1,2,7,0,1,1,2,2,1
3675,11,4,11,2,7,0,0,1,1,2,0
3676,12,6,11,2,3,0,1,1,2,1,1
3677,7,4,15,2,7,0,1,1,2,2,1
3678,6,4,11,4,1,3,1,0,2,2,0
3679,6,4,11,2,3,0,1,1,3,2,0
3680,9,4,11,2,6,0,1,1,2,2,1
3681,7,5,9,2,10,0,0,1,2,2,0
3682,8,4,15,0,12,1,1,0,2,2,0
3683,5,4,14,4,10,1,1,1,2,2,0
3684,11,4,11,2,3,5,0,0,2,2,0
3685,7,4,11,5,1,1,1,0,2,2,0
3686,8,4,11,0,14,1,1,1,2,2,0
3687,12,4,9,2,4,0,1,1,1,1,1
3688,10,4,9,0,1,4,0,1,2,2,0
3689,6,4,12,5,4,4,1,0,1,2,0
3690,10,1,12,2,4,0,1,1,2,2,1
3691,8,4,12,0,6,3,1,1,3,2,0
3692,5,4,9,0,4,4,1,0,3,2,0
3693,5,4,11,0,8,2,1,1,2,2,0
3694,7,2,1,2,14,0,1,1,2,2,1
3695,10,6,7,0,10,1,1,0,2,2,0
3696,9,4,15,2,12,0,1,1,0,2,0
3697,4,0,0,4,0,2,1,1,1,2,0
3698,7,4,14,2,10,0,1,1,3,2,0
3699,18,1,2,5,13,1,1,1,1,2,0
3700,6,4,7,2,12,0,1,1,3,2,1
3701,4,4,8,4,10,3,1,1,1,2,0
3702,5,4,15,0,4,4,1,0,2,2,0
3703,10,4,10,2,10,0,0,1,2,2,1
3704,8,4,11,4,8,1,1,0,3,2,0
3705,5,4,11,4,4,3,1,1,1,2,0
3706,8,4,11,2,3,0,1,1,2,2,0
3707,8,7,9,2,4,0,1,1,1,2,0
3708,15,6,8,0,3,1,1,1,0,2,0
3709,5,5,9,4,4,3,1,1,2,2,0
3710,3,4,15,4,1,1,1,0,1,2,0
3711,6,4,0,4,3,1,1,1,2,2,0
3712,6,4,6,5,12,1,1,0,2,2,0
3713,10,2,7,0,10,1,1,1,2,2,0
3714,11,4,11,2,11,0,1,1,2,2,1
3715,6,4,11,2,8,0,1,1,1,2,0
3716,5,4,11,4,14,3,1,1,2,2,0
3717,9,4,15,2,1,5,1,0,2,2,1
3718,6,2,12,4,10,3,1,1,2,2,0
3719,5,0,9,4,0,1,1,1,2,2,0
3720,8,4,12,4,10,1,1,1,3,2,0
3721,5,4,15,4,1,1,0,1,2,0,0
3722,6,4,15,0,1,4,1,0,2,2,0
3723,10,4,9,4,10,3,1,1,2,2,0
3724,3,4,1,4,3,1,1,1,1,2,0
3725,14,4,2,2,9,0,1,1,3,2,0
3726,15,4,11,0,7,1,0,1,3,2,0
3727,8,4,11,0,8,4,1,0,2,2,0
3728,7,4,11,5,7,4,1,0,2,2,0
3729,7,0,6,4,0,2,1,1,2,2,0
3730,4,7,10,4,10,3,0,1,1,2,0
3731,6,4,0,4,5,1,1,1,2,2,0
3732,8,4,11,2,4,0,1,1,3,2,0
3733,3,4,15,4,3,1,1,1,0,1,0
3734,3,4,8,4,8,1,1,0,2,2,0
3735,5,5,15,4,12,1,1,1,2,2,0
3736,10,4,12,2,10,0,1,1,2,2,1
3737,6,4,11,4,8,4,1,0,3,2,0
3738,8,4,15,2,12,0,1,1,2,2,1
3739,5,6,11,2,1,2,1,0,2,2,0
3740,10,4,10,0,10,1,1,1,2,2,0
3741,7,6,5,2,5,0,1,1,2,2,1
3742,7,4,12,0,10,4,1,0,1,2,0
3743,8,4,11,2,8,0,1,1,2,2,1
3744,7,4,2,2,13,0,1,1,4,2,1
3745,5,4,0,4,3,1,1,1,2,2,0
3746,10,6,11,0,1,1,1,0,2,2,0
3747,5,6,11,5,8,4,1,0,2,2,0
3748,8,4,9,2,10,0,1,1,2,2,1
3749,3,6,11,4,0,1,1,1,1,2,1
3750,9,2,8,2,2,0,0,1,2,0,0
3751,8,4,11,2,14,0,0,1,3,0,0
3752,13,4,9,0,11,1,1,1,1,2,1
3753,5,4,11,4,3,3,1,1,2,2,0
3754,9,4,5,2,3,0,1,1,3,2,1
3755,9,4,12,2,10,0,1,1,2,2,0
3756,11,4,15,0,8,1,1,0,2,2,0
3757,6,4,11,0,12,4,1,1,2,2,0
3758,8,4,11,2,6,0,1,1,2,2,1
3759,8,4,11,2,3,0,0,1,2,2,0
3760,5,6,9,4,12,4,1,0,2,2,0
3761,4,4,10,4,10,3,1,0,1,2,0
3762,9,4,15,4,8,1,1,1,2,2,1
3763,10,4,7,2,7,5,1,0,1,2,1
3764,13,2,9,2,10,0,1,1,0,2,1
3765,6,4,11,0,8,2,1,1,2,2,1
3766,4,4,9,2,12,0,1,1,1,2,1
3767,9,6,15,2,8,0,0,1,2,2,1
3768,4,2,9,2,10,0,1,1,2,2,1
3769,10,0,6,6,0,4,1,0,2,2,0
3770,8,2,0,2,3,0,1,1,2,2,0
3771,5,4,11,4,7,3,1,0,2,2,0
3772,8,4,9,0,1,4,1,0,2,2,0
3773,9,4,12,2,4,0,1,1,1,2,0
3774,10,4,11,0,1,2,1,0,2,2,0
3775,8,4,2,4,13,3,0,1,3,2,0
3776,13,2,9,6,8,4,1,0,2,2,0
3777,7,4,6,4,7,3,1,1,2,2,0
3778,18,4,1,2,3,0,1,1,1,2,0
3779,9,0,15,5,0,4,1,0,2,2,0
3780,5,4,11,2,3,0,1,1,2,2,0
3781,6,5,11,2,3,0,0,1,2,2,1
3782,9,4,9,2,14,0,1,1,2,2,1
3783,10,4,12,2,4,0,0,1,1,2,0
3784,7,5,11,2,5,0,1,1,2,2,0
3785,9,4,11,0,7,4,1,1,2,2,0
3786,10,2,11,2,8,0,1,1,2,2,1
3787,6,4,7,0,12,3,1,1,2,2,0
3788,6,4,11,4,3,3,1,1,3,2,0
3789,4,1,14,4,10,3,0,1,2,2,0
3790,6,4,9,4,14,1,1,1,1,2,0
3791,12,4,0,0,14,1,0,1,4,2,1
3792,6,6,12,2,10,0,0,1,1,2,0
3793,5,6,11,2,4,0,1,1,3,2,1
3794,7,4,7,4,1,3,1,1,2,2,0
3795,4,4,12,4,10,3,1,0,2,2,0
3796,11,4,9,0,12,4,1,0,2,2,0
3797,10,4,15,2,4,0,1,1,2,2,0
3798,8,4,11,0,14,1,1,1,2,2,0
3799,4,4,11,4,1,1,1,0,1,2,0
3800,4,5,9,4,4,1,1,0,0,2,0
3801,9,4,11,2,14,0,1,1,2,2,0
3802,4,4,11,4,3,1,1,1,2,2,0
3803,6,0,15,2,0,0,0,1,4,2,1
3804,7,1,9,2,4,0,1,1,2,2,0
3805,6,4,11,4,5,4,1,1,2,2,0
3806,5,4,11,4,14,1,1,1,2,2,0
3807,6,4,11,0,14,1,0,1,2,2,0
3808,4,4,2,4,6,1,1,1,2,2,0
3809,5,7,11,4,1,1,0,0,2,2,0
3810,10,4,11,2,4,0,1,1,2,2,0
3811,9,4,5,2,8,0,1,1,1,2,1
3812,8,4,12,2,10,0,1,1,2,2,0
3813,6,4,14,2,10,0,1,1,2,2,1
3814,7,2,9,2,10,0,1,1,2,2,0
3815,11,6,11,2,7,0,1,1,2,2,0
3816,10,4,6,2,9,0,1,1,2,2,1
3817,8,4,0,2,7,0,1,1,2,2,0
3818,9,2,12,2,10,0,1,1,1,2,1
3819,6,4,9,2,12,0,1,1,2,2,0
3820,9,4,7,2,3,0,1,1,1,2,0
3821,6,4,11,4,12,1,1,0,2,4,0
3822,3,4,15,4,4,4,1,1,1,2,0
3823,5,4,9,4,10,3,1,0,2,2,0
3824,9,4,11,4,4,1,1,1,0,2,0
3825,7,4,8,2,7,0,1,1,2,2,1
3826,5,4,11,2,3,0,1,1,2,2,0
3827,11,4,1,6,14,1,0,1,1,2,0
3828,4,4,8,4,7,1,1,1,0,2,0
3829,7,4,0,4,3,3,1,1,2,2,0
3830,4,4,11,4,10,1,1,0,0,2,0
3831,7,4,11,5,12,4,1,0,2,2,0
3832,9,7,11,0,8,2,1,0,2,2,0
3833,4,4,14,4,10,2,1,1,2,2,0
3834,8,4,11,0,3,1,0,1,2,2,0
3835,8,2,9,6,10,4,1,0,2,2,0
3836,7,4,15,4,12,1,1,1,2,2,0
3837,10,4,8,0,13,1,1,0,1,2,0
3838,5,4,11,4,1,3,1,1,2,2,0
3839,7,4,11,4,8,1,1,1,2,2,0
3840,5,4,15,4,3,3,1,1,2,2,0
3841,7,2,1,2,8,0,1,1,2,2,1
3842,11,4,8,2,12,0,1,1,2,2,1
3843,10,4,15,0,8,1,1,0,2,2,0
3844,4,4,1,4,7,1,1,1,1,2,0
3845,8,4,15,2,6,0,1,1,2,2,0
3846,7,4,15,4,3,2,1,1,2,2,0
3847,11,6,6,0,7,1,1,0,2,2,0
3848,7,1,8,4,1,4,1,0,2,2,0
3849,8,4,11,2,3,0,1,1,2,2,0
3850,5,5,12,2,10,0,1,1,2,2,0
3851,5,6,11,2,3,0,0,1,2,2,0
3852,6,4,11,0,5,4,1,1,1,2,0
3853,6,4,11,0,1,4,0,0,4,2,0
3854,3,4,15,4,12,3,1,1,1,2,0
3855,9,4,0,0,8,1,1,0,2,3,0
3856,13,1,7,6,1,4,1,0,0,2,0
3857,6,0,2,2,0,0,0,1,2,0,1
3858,10,5,9,5,10,1,1,0,2,2,0
3859,5,5,14,4,10,3,0,1,2,2,0
3860,7,4,9,2,4,0,1,1,2,2,0
3861,4,4,15,2,1,5,1,0,2,2,1
3862,10,4,15,2,3,0,1,1,2,2,1
3863,14,4,11,3,4,2,1,1,0,2,0
3864,9,7,9,2,1,5,1,0,1,2,0
3865,11,4,12,2,4,0,1,1,2,2,0
3866,10,6,8,0,10,4,1,0,2,2,0
3867,11,0,11,2,0,0,0,1,2,0,0
3868,4,4,11,2,3,0,0,1,2,0,0
3869,4,4,11,4,1,1,1,0,1,2,0
3870,5,4,15,2,4,5,1,0,1,2,0
3871,3,4,11,4,14,1,0,1,4,4,0
3872,4,4,15,4,1,1,1,0,1,2,0
3873,5,4,11,0,3,1,0,0,1,2,0
3874,8,6,15,0,12,1,1,0,2,2,0
3875,7,2,9,2,10,0,1,1,1,2,1
3876,7,4,11,2,3,0,1,1,2,2,0
3877,8,4,15,0,12,3,1,0,2,2,0
3878,5,6,15,4,1,1,1,0,2,2,0
3879,5,4,9,2,13,0,1,1,2,2,0
3880,8,4,11,0,6,1,1,0,2,2,1
3881,10,4,11,2,1,0,1,1,2,2,0
3882,4,4,6,4,9,1,0,1,1,2,0
3883,7,5,15,2,12,0,0,1,3,2,0
3884,9,4,15,2,7,0,0,1,2,2,0
3885,3,4,11,4,1,3,1,0,4,2,0
3886,6,4,7,4,4,1,1,0,2,4,0
3887,7,4,15,0,4,4,1,0,4,2,0
3888,9,4,11,2,7,0,1,1,2,2,0
3889,3,1,7,4,13,3,1,1,0,2,0
3890,7,4,11,2,6,0,1,1,2,2,0
3891,7,4,15,2,3,0,1,1,2,2,1
3892,6,6,1,0,8,1,1,0,1,2,0
3893,13,4,2,2,13,0,1,1,2,2,1
3894,4,4,9,4,10,2,1,1,2,2,1
3895,5,4,15,4,4,1,1,0,0,2,0
3896,5,4,11,4,8,3,1,0,2,2,0
3897,5,4,9,2,12,0,1,1,2,2,1
3898,8,5,11,2,3,0,0,1,2,2,0
3899,6,4,6,0,8,1,1,0,2,2,1
3900,6,2,9,5,10,1,1,0,2,2,0
3901,7,4,11,2,6,0,1,1,2,2,1
3902,6,1,15,2,1,0,0,1,2,0,1
3903,13,7,9,6,11,1,1,1,2,2,1
3904,6,0,11,4,0,1,0,0,2,2,1
3905,5,2,11,4,8,1,1,0,2,2,1
3906,9,4,11,2,5,0,1,1,2,2,1
3907,4,4,15,2,12,0,1,1,3,2,1
3908,5,2,12,2,4,0,1,1,2,2,1
3909,10,4,11,2,12,0,1,1,2,2,1
3910,15,7,15,6,1,4,1,0,3,2,0
3911,7,4,9,2,7,0,1,1,2,2,0
3912,12,4,12,2,5,0,1,1,2,2,1
3913,4,4,14,4,4,3,1,0,2,2,0
3914,7,4,11,2,3,0,1,1,2,2,0
3915,5,4,11,4,3,4,1,1,2,2,0
3916,4,0,11,4,3,3,1,1,2,2,0
3917,8,6,14,2,4,5,1,0,2,2,1
3918,13,4,11,2,8,5,1,0,2,2,1
3919,12,4,15,4,3,1,1,1,2,2,0
3920,15,4,15,6,13,1,1,1,3,4,1
3921,5,4,11,0,12,1,1,1,1,2,0
3922,5,4,11,4,8,1,1,0,0,2,1
3923,5,4,15,4,1,1,1,1,2,4,0
3924,5,4,11,4,7,2,1,0,2,2,0
3925,9,4,11,0,7,1,1,1,1,2,0
3926,7,4,11,4,6,1,1,1,2,2,0
3927,4,4,15,4,4,3,1,0,1,2,0
3928,8,4,15,0,12,1,1,1,2,2,0
3929,14,4,9,1,12,3,0,1,2,0,0
3930,8,4,15,0,4,1,0,1,1,2,0
3931,3,4,15,4,1,1,1,0,0,2,0
3932,5,5,15,0,4,1,1,1,2,2,0
3933,5,4,15,4,7,1,1,0,0,1,0
3934,13,4,1,2,3,0,1,1,0,2,1
3935,10,4,9,2,12,0,1,1,2,2,0
3936,6,4,11,4,14,3,1,1,2,2,0
3937,11,4,6,2,3,0,1,1,3,2,1
3938,8,4,11,0,6,1,1,1,2,2,0
3939,4,4,1,4,8,1,1,0,2,2,0
3940,7,4,11,2,14,0,1,1,1,2,0
3941,9,6,11,2,3,0,1,1,2,2,1
3942,4,4,15,4,3,3,1,1,1,2,0
3943,7,4,9,4,4,2,1,1,2,2,0
3944,8,4,11,0,6,1,1,1,2,2,0
3945,10,4,11,0,4,4,1,1,2,2,0
3946,11,4,9,2,12,0,1,1,2,2,1
3947,10,2,11,2,11,5,1,0,2,2,0
3948,5,5,11,2,12,5,1,0,2,2,1
3949,7,4,7,2,13,0,1,1,2,2,1
3950,8,4,9,0,4,4,1,0,2,2,0
3951,14,0,7,3,0,2,1,1,1,2,0
3952,9,6,11,4,8,1,1,0,2,2,0
3953,9,4,5,0,12,4,1,0,1,1,0
3954,6,4,11,2,1,0,1,1,2,2,1
3955,6,4,15,4,1,3,1,0,2,2,0
3956,5,6,8,4,12,1,1,1,2,2,1
3957,5,0,15,4,0,1,1,1,2,2,1
3958,8,4,1,2,14,0,0,1,2,2,0
3959,9,4,6,2,6,0,1,1,2,4,1
3960,18,4,15,4,1,3,1,0,1,2,0
3961,6,4,6,0,12,1,1,1,1,2,0
3962,8,6,11,2,8,5,0,0,2,2,1
3963,4,4,1,4,3,1,1,1,2,2,0
3964,10,6,9,4,4,1,1,1,2,2,0
3965,5,4,9,4,4,1,1,1,3,2,0
3966,7,4,11,2,4,0,1,1,1,2,1
3967,10,4,11,2,13,0,0,1,2,2,0
3968,4,4,9,4,12,3,1,1,2,2,0
3969,7,4,8,2,7,0,1,1,2,2,1
3970,7,4,0,2,14,0,1,1,2,2,1
3971,11,4,9,6,4,4,1,0,2,2,0
3972,11,0,1,5,0,4,1,0,2,2,0
3973,4,4,11,4,8,1,1,1,2,2,1
3974,3,4,15,4,3,3,1,1,2,2,0
3975,10,0,11,2,0,0,1,1,2,2,0
3976,6,4,0,2,8,0,1,1,1,2,1
3977,11,4,15,2,4,0,1,1,2,2,1
3978,7,7,11,2,13,0,1,1,2,2,1
3979,3,4,15,4,8,3,1,1,2,2,0
3980,9,4,11,2,3,0,0,1,1,0,1
3981,11,4,15,2,3,0,1,1,2,2,0
3982,9,4,11,2,3,0,1,1,2,4,0
3983,7,4,11,2,4,0,1,1,2,2,0
3984,9,4,15,2,14,0,1,1,2,2,0
3985,8,6,1,0,12,1,1,0,3,2,1
3986,12,4,11,0,13,1,1,0,2,2,0
3987,4,4,10,2,10,0,1,1,1,2,0
3988,5,6,11,2,5,0,1,1,2,2,0
3989,5,1,11,4,7,3,1,0,2,2,0
3990,6,6,15,2,4,0,1,1,2,2,1
3991,6,4,15,2,1,0,1,1,1,2,1
3992,4,4,15,4,12,3,1,0,2,2,0
3993,4,4,6,4,8,1,1,0,2,2,0
3994,11,6,11,2,3,0,1,1,2,2,0
3995,10,4,15,0,1,4,1,0,1,2,0
3996,6,4,11,4,8,3,0,0,2,0,0
3997,8,4,12,0,1,4,1,0,2,2,0
3998,6,4,15,4,12,1,1,1,2,2,0
3999,4,4,15,4,1,1,1,1,0,0,0
4000,8,4,11,2,3,0,1,1,2,2,0
4001,13,4,15,2,14,0,0,1,0,2,0
4002,8,5,12,2,4,0,1,1,2,2,1
4003,4,4,11,2,14,0,1,1,1,2,0
4004,4,6,11,4,12,1,1,1,0,2,0
4005,9,4,9,2,3,0,0,1,2,2,1
4006,5,5,11,6,4,1,1,1,2,2,0
4007,15,4,9,6,4,1,1,0,0,2,0
4008,5,4,15,4,13,2,1,1,2,2,0
4009,3,2,11,4,11,3,1,1,1,2,0
4010,9,4,11,2,8,0,1,1,2,2,0
4011,6,7,0,4,1,2,1,0,1,2,0
4012,16,2,11,4,1,1,1,0,1,2,0
4013,5,4,11,2,8,0,1,1,2,2,1
4014,6,4,11,4,3,3,1,1,3,2,0
4015,6,1,9,4,10,1,1,1,2,2,0
4016,10,7,9,0,13,1,1,0,2,2,0
4017,9,7,11,2,8,0,1,1,2,2,1
4018,5,6,15,2,7,5,0,0,1,2,0
4019,6,4,15,4,10,1,1,1,2,2,0
4020,6,4,2,4,9,3,1,0,1,2,0
4021,11,4,11,2,3,0,1,1,2,2,1
4022,4,4,5,2,14,0,1,1,1,2,1
4023,10,4,15,2,12,0,1,1,1,2,1
4024,6,4,15,4,1,1,1,0,1,2,0
4025,5,4,11,5,1,4,0,0,1,2,0
4026,11,4,12,2,10,5,0,0,2,0,1
4027,3,4,11,4,6,3,1,1,3,2,0
4028,5,4,7,4,1,3,0,0,2,2,0
4029,13,6,11,6,8,1,1,0,0,2,0
4030,4,7,7,4,4,3,1,0,3,2,0
4031,5,4,11,4,12,1,0,1,2,2,0
4032,6,4,9,0,10,1,1,1,2,2,0
4033,10,4,14,2,10,5,1,0,3,2,0
4034,5,2,15,6,10,4,0,0,2,2,0
4035,5,6,15,2,1,0,1,1,2,2,1
4036,6,4,12,2,10,0,1,1,2,2,1
4037,12,4,9,2,10,0,1,1,2,2,0
4038,5,4,11,4,8,2,0,1,2,2,1
4039,13,4,12,2,10,0,1,1,2,2,0
4040,4,4,15,4,1,4,1,0,2,2,0
4041,7,0,11,2,0,5,1,0,3,2,0
4042,10,4,5,2,8,0,1,1,1,2,0
4043,8,4,5,2,8,0,0,1,2,2,1
4044,10,2,9,6,10,4,1,0,2,2,0
4045,5,4,11,4,7,1,0,1,2,2,1
4046,5,4,11,4,8,1,1,1,2,2,0
4047,11,6,7,2,3,0,1,1,0,2,1
4048,5,4,11,2,4,0,1,1,2,2,0
4049,4,4,9,0,12,1,1,0,1,2,0
4050,7,4,8,0,1,2,1,0,2,2,0
4051,9,4,11,2,3,0,1,1,2,2,1
4052,13,4,9,6,13,1,1,0,2,2,0
4053,4,4,11,4,7,2,1,1,2,2,0
4054,9,2,12,2,4,0,1,1,2,2,1
4055,11,1,11,5,1,4,1,0,2,2,0
4056,7,4,10,2,10,0,1,1,2,2,1
4057,7,4,15,0,12,1,1,1,2,2,0
4058,4,4,9,4,1,4,0,0,1,2,0
4059,9,4,15,0,1,4,1,0,2,2,0
4060,3,4,8,4,1,4,0,0,1,0,0
4061,6,4,12,2,4,0,1,1,2,2,0
4062,3,0,8,4,0,1,0,0,0,2,1
4063,8,4,9,0,12,4,1,0,1,2,0
4064,9,4,11,2,14,0,1,1,3,2,1
4065,6,4,11,2,13,5,1,0,2,2,0
4066,11,4,15,2,7,0,1,1,2,2,1
4067,10,1,11,2,14,0,1,1,1,2,1
4068,10,2,15,2,10,0,1,1,3,2,1
4069,6,4,9,0,7,1,1,1,2,2,0
4070,11,6,11,2,7,0,1,1,2,2,1
4071,7,4,15,2,10,0,1,1,2,2,0
4072,9,7,11,0,8,4,1,0,2,2,0
4073,8,4,11,2,12,0,1,1,3,2,0
4074,7,4,11,4,12,3,1,1,2,2,0
4075,8,4,15,0,10,4,1,0,2,2,0
4076,6,4,11,2,12,0,1,1,2,2,1
4077,10,4,15,0,1,4,1,0,1,2,0
4078,7,4,9,0,1,1,1,0,2,2,1
4079,7,4,15,2,3,0,1,1,2,2,0
4080,9,0,11,2,0,0,0,1,3,2,1
4081,12,4,7,2,7,0,0,1,2,2,0
4082,5,4,5,2,5,0,1,1,2,2,1
4083,7,4,9,0,4,1,1,0,2,2,0
4084,12,4,15,2,7,0,0,1,2,2,1
4085,7,4,9,2,8,0,1,1,2,2,1
4086,10,4,15,2,4,0,1,1,2,2,0
4087,4,4,11,4,8,1,0,0,2,2,0
4088,10,2,15,2,11,0,1,1,1,2,1
4089,8,5,15,2,4,0,1,1,2,2,1
4090,3,4,9,4,14,1,1,0,0,2,0
4091,5,4,15,2,6,0,1,1,3,2,1
4092,7,4,1,2,3,0,0,1,2,2,1
4093,5,4,11,4,6,1,1,1,1,2,0
4094,4,2,7,4,10,1,1,0,1,2,0
4095,13,4,7,6,12,4,1,1,1,2,0
4096,8,4,11,2,4,0,1,1,1,2,0
4097,7,2,14,2,10,0,1,1,1,2,1
4098,5,6,9,4,7,1,1,0,2,1,0
4099,4,4,12,4,8,3,1,0,2,2,0
4100,14,4,5,3,6,4,1,0,1,2,0
4101,8,7,14,0,10,1,1,1,2,2,0
4102,5,4,15,2,3,0,1,1,2,2,0
4103,5,4,15,4,12,1,1,0,2,2,0
4104,6,4,11,4,13,1,1,1,3,2,0
4105,4,4,9,4,4,3,1,0,2,2,0
4106,5,7,11,5,13,4,1,0,1,2,0
4107,7,2,11,2,10,0,1,1,2,1,0
4108,10,4,15,0,1,4,1,0,2,2,0
4109,6,4,11,2,4,0,1,1,2,2,1
4110,10,4,9,0,1,1,1,0,2,2,0
4111,11,4,11,2,1,0,1,1,2,3,0
4112,5,4,11,4,12,1,0,1,1,2,0
4113,8,4,15,2,12,0,0,1,2,2,1
4114,6,4,15,4,13,3,1,1,3,2,0
4115,5,4,11,4,1,1,1,0,2,2,0
4116,5,4,11,4,7,1,0,1,2,1,0
4117,6,4,15,2,3,0,1,1,2,2,1
4118,4,4,9,4,4,3,1,0,1,2,0
4119,14,5,9,6,4,1,1,0,1,2,0
4120,6,4,5,4,14,3,1,1,2,2,0
4121,9,0,15,2,0,0,1,1,2,2,1
4122,8,4,0,2,6,0,1,1,2,2,0
4123,11,4,11,2,3,0,1,1,2,2,1
4124,7,4,15,2,1,5,1,0,2,2,0
4125,9,4,11,2,7,0,1,1,2,2,0
4126,6,0,11,4,6,4,1,1,2,2,0
4127,4,4,4,4,1,1,0,0,1,2,0
4128,4,4,15,4,8,4,0,0,1,2,1
4129,6,4,9,2,12,0,1,1,4,2,0
4130,4,4,9,4,10,3,1,1,1,2,0
4131,8,4,9,3,14,4,1,1,3,2,0
4132,6,2,9,2,4,0,1,1,2,2,1
4133,5,6,12,4,10,1,1,0,1,2,0
4134,6,5,9,2,4,0,1,1,2,2,1
4135,3,2,12,4,10,1,1,1,0,2,0
4136,7,6,12,2,8,0,1,1,2,2,0
4137,8,4,7,2,1,0,0,1,2,2,1
4138,4,4,6,4,12,1,1,1,2,2,0
4139,7,4,9,2,4,0,1,1,2,2,1
4140,10,4,12,2,6,0,1,1,2,2,1
4141,5,4,8,4,8,4,1,0,2,2,0
4142,13,4,11,2,14,0,0,1,0,2,0
4143,14,7,9,2,5,0,1,1,1,2,0
4144,4,1,0,4,6,1,1,0,2,2,0
4145,6,4,9,0,4,1,1,1,2,2,0
4146,10,4,9,2,4,0,1,1,2,2,1
4147,9,4,4,4,3,2,1,1,2,2,0
4148,6,4,9,4,10,1,1,1,1,2,0
4149,6,4,1,0,3,1,1,1,2,2,0
4150,8,7,1,2,14,0,1,1,2,2,1
4151,6,4,11,0,1,4,1,0,2,2,0
4152,6,4,0,4,8,1,0,0,2,2,0
4153,6,4,9,2,4,0,1,1,2,2,1
4154,3,6,6,4,12,1,1,1,0,2,0
4155,4,1,7,4,10,1,0,1,3,2,0
4156,6,4,8,2,5,0,1,1,3,2,1
4157,9,4,11,2,14,0,1,1,3,2,0
4158,6,4,15,4,11,1,1,1,1,2,0
4159,10,2,9,2,10,0,1,1,2,2,0
4160,3,4,11,4,3,4,1,1,1,3,0
4161,5,4,0,4,14,3,1,1,1,2,0
4162,12,4,7,2,8,0,1,1,2,2,1
4163,10,5,5,2,12,0,1,1,2,2,0
4164,3,4,2,4,5,1,1,1,1,2,0
4165,11,4,0,2,7,0,1,1,3,2,1
4166,9,4,15,2,4,0,1,1,1,2,1
4167,8,4,11,5,7,1,1,1,2,2,0
4168,5,4,0,4,14,3,1,1,2,2,0
4169,7,4,11,4,14,1,0,1,2,2,0
4170,5,5,12,4,4,1,1,1,2,2,0
4171,6,4,7,2,7,0,1,1,2,2,1
4172,5,4,9,4,1,3,0,0,2,2,0
4173,7,4,11,2,8,0,1,1,2,2,1
4174,3,4,15,4,8,1,1,0,1,2,0
4175,14,1,15,1,4,3,0,1,1,2,0
4176,6,4,9,2,4,5,1,0,2,2,0
4177,4,4,8,4,13,3,1,0,2,2,0
4178,6,2,15,2,10,0,0,1,2,2,1
4179,8,0,0,2,0,0,1,1,2,2,1
4180,4,0,11,4,0,1,1,0,1,2,0
4181,13,6,15,6,5,1,1,1,0,2,0
4182,8,4,11,4,6,2,0,1,2,2,0
4183,4,4,1,2,3,0,1,1,2,2,0
4184,10,4,15,2,8,0,1,1,2,2,1
4185,5,4,5,4,8,1,1,0,2,2,0
4186,8,4,12,2,4,0,1,1,3,2,1
4187,6,7,1,4,2,1,0,0,1,2,0
4188,6,0,15,2,0,0,1,1,4,2,1
4189,7,4,9,2,12,0,1,1,2,2,1
4190,5,4,15,3,8,1,1,1,1,2,0
4191,9,4,11,0,3,1,1,1,1,2,0
4192,5,0,11,2,0,0,0,1,2,2,0
4193,10,4,8,2,3,0,1,1,2,2,1
4194,5,4,7,0,1,1,1,1,2,2,0
4195,3,4,7,4,8,4,0,0,1,2,0
4196,6,6,11,5,4,4,1,0,2,2,0
4197,6,4,5,2,6,0,1,1,2,2,1
4198,6,1,11,4,1,3,1,0,2,2,0
4199,8,6,15,5,1,4,1,0,2,2,0
4200,10,4,11,2,12,0,1,1,2,2,1
4201,12,4,11,6,7,4,1,1,2,2,1
4202,4,4,11,4,5,3,1,1,2,3,0
4203,6,4,9,2,4,0,1,1,1,2,1
4204,7,4,9,2,12,0,1,1,2,2,0
4205,6,4,15,2,3,0,1,1,3,2,0
4206,10,7,9,2,8,0,1,1,2,2,0
4207,3,7,12,4,10,3,1,0,1,2,0
4208,6,6,15,2,4,0,1,1,2,2,1
4209,9,4,0,4,7,4,1,1,2,3,0
4210,13,4,9,2,12,0,0,1,2,2,0
4211,8,4,11,3,8,4,1,0,2,2,0
4212,6,4,11,2,3,0,1,1,2,2,0
4213,8,4,15,2,6,0,1,1,2,2,1
4214,10,4,15,2,12,0,1,1,2,2,1
4215,8,0,15,2,0,0,1,1,2,2,1
4216,6,4,12,2,8,0,0,1,2,2,0
4217,3,0,15,4,0,1,0,0,1,2,0
4218,11,4,9,0,4,1,1,0,2,2,0
4219,6,4,7,4,3,1,0,1,2,2,0
4220,4,4,15,4,12,3,1,1,2,2,0
4221,9,2,14,0,10,1,1,1,2,2,0
4222,14,7,14,0,10,1,1,1,3,2,1
4223,14,4,12,2,10,0,1,1,0,2,0
4224,11,4,11,5,1,4,1,0,2,2,0
4225,18,1,9,4,13,1,0,0,1,2,0
4226,8,4,9,2,4,0,1,1,2,2,0
4227,15,4,11,6,3,1,1,1,0,2,0
4228,7,4,15,2,4,0,1,1,2,2,0
4229,4,2,8,4,13,3,1,0,2,2,0
4230,10,7,9,2,1,0,1,1,2,2,0
4231,9,1,11,2,1,0,1,1,1,2,0
4232,5,4,11,6,7,4,1,0,2,2,0
4233,11,4,1,2,8,0,0,1,2,2,0
4234,8,0,8,2,0,5,0,0,2,2,0
4235,6,4,15,4,12,3,1,0,2,2,0
4236,8,4,9,2,3,0,1,1,2,2,1
4237,3,4,11,4,1,3,1,0,2,2,0
4238,10,7,9,0,10,1,1,1,2,2,0
4239,5,4,11,2,1,0,1,1,2,2,1
4240,3,6,10,4,10,1,1,1,3,2,0
4241,4,4,9,4,1,3,1,0,2,2,0
4242,7,4,15,0,12,4,1,1,2,2,0
4243,6,2,7,2,8,0,1,1,2,2,1
4244,9,2,12,2,10,0,1,1,2,2,1
4245,11,4,15,5,8,4,1,0,2,2,0
4246,7,1,11,2,1,5,1,0,2,2,1
4247,13,6,9,1,4,4,1,0,1,2,0
4248,9,4,11,5,1,4,1,0,2,2,0
4249,11,4,11,2,12,0,1,1,2,2,1
4250,6,4,15,0,6,1,1,1,1,2,0
4251,13,4,15,6,8,4,1,0,2,2,0
4252,9,4,15,2,4,0,1,1,2,2,0
4253,5,4,15,4,3,1,1,1,2,2,0
4254,5,4,11,2,8,0,1,1,2,2,1
4255,7,4,9,2,10,0,1,1,2,2,0
4256,8,4,9,0,12,1,1,1,3,2,0
4257,6,4,11,2,7,0,1,1,2,2,0
4258,7,4,13,2,7,0,1,1,2,2,0
4259,10,4,11,6,14,1,0,1,3,2,0
4260,8,5,11,0,3,1,1,1,3,2,0
4261,5,0,9,6,0,1,0,0,1,2,0
4262,7,4,0,2,3,0,1,1,2,2,0
4263,8,6,15,2,8,0,1,1,3,2,1
4264,6,4,11,0,4,4,1,0,1,2,0
4265,8,4,9,2,4,0,1,1,2,2,0
4266,15,4,15,6,1,4,1,0,3,2,0
4267,5,4,15,4,3,3,1,1,2,2,0
4268,6,4,11,4,12,3,1,0,2,2,0
4269,8,1,8,0,13,4,1,0,3,2,0
4270,11,4,15,2,7,0,1,1,1,2,0
4271,6,4,11,2,10,0,1,1,2,2,0
4272,8,0,15,2,0,0,1,1,2,2,1
4273,12,4,11,2,13,5,1,0,2,2,1
4274,4,2,11,4,11,1,1,0,1,2,0
4275,7,4,15,2,6,0,1,1,2,2,1
4276,11,1,11,0,4,3,1,0,2,2,0
4277,8,4,12,3,4,1,1,1,2,2,0
4278,14,4,7,5,7,4,1,0,0,2,0
4279,5,0,15,4,0,2,1,0,2,2,0
4280,3,4,14,0,10,1,0,0,1,2,0
4281,9,5,11,2,4,0,1,1,2,2,1
4282,7,7,14,0,10,1,1,0,2,2,0
4283,6,4,11,4,3,3,1,1,3,2,0
4284,11,4,15,2,12,0,1,1,2,2,0
4285,18,7,15,2,1,0,1,1,1,2,1
4286,10,4,11,2,3,0,1,1,2,2,1
4287,6,4,11,2,7,3,1,1,2,2,0
4288,9,4,11,2,6,0,1,1,2,2,1
4289,4,4,11,2,14,0,1,1,0,2,1
4290,8,4,11,2,11,0,1,1,2,2,1
4291,6,4,4,2,8,0,1,1,2,2,1
4292,4,4,11,4,8,3,1,0,2,2,0
4293,3,0,15,4,0,3,1,0,2,2,0
4294,9,4,7,0,4,4,1,0,3,2,0
4295,9,4,9,0,4,1,1,1,1,2,0
4296,11,7,11,0,8,1,0,0,2,2,0
4297,11,4,1,2,3,0,1,1,2,2,0
4298,6,4,9,2,12,0,1,1,3,2,0
4299,8,4,15,2,10,0,1,1,2,2,0
4300,7,7,15,4,10,3,1,1,2,2,0
4301,6,2,9,2,4,0,0,1,2,2,0
4302,11,4,9,2,12,0,1,1,2,2,1
4303,7,4,12,4,10,4,1,0,2,2,0
4304,9,4,8,4,3,1,1,0,2,2,0
4305,10,4,15,4,12,4,1,1,2,2,0
4306,3,0,6,4,0,4,1,0,1,2,0
4307,7,4,11,2,6,0,1,1,2,2,1
4308,9,4,9,2,12,0,1,1,2,2,0
4309,8,1,11,2,1,5,1,0,2,2,1
4310,5,4,12,4,8,1,1,1,2,2,1
4311,3,4,15,4,1,1,1,0,0,2,0
4312,5,4,8,4,8,3,1,1,2,2,0
4313,4,4,9,4,1,1,1,0,1,2,0
4314,6,2,15,0,8,4,1,0,2,2,0
4315,7,2,9,2,11,0,0,1,2,2,0
4316,5,4,0,4,13,3,1,0,1,2,0
4317,10,4,9,0,10,1,1,1,2,2,0
4318,9,4,14,2,10,0,1,1,2,2,0
4319,4,0,15,2,0,0,1,1,2,2,1
4320,7,6,12,0,5,1,1,1,2,2,0
4321,14,4,15,2,11,0,1,1,2,2,0
4322,3,4,2,4,8,1,1,0,1,2,0
4323,3,4,0,4,1,1,1,0,2,2,0
4324,9,7,9,0,10,2,1,0,1,2,0
4325,5,4,11,2,3,0,0,1,2,2,1
4326,6,4,11,4,7,3,1,1,3,2,0
4327,8,4,7,4,13,3,1,0,2,2,0
4328,6,7,11,4,10,3,1,0,2,2,0
4329,12,6,9,2,3,2,1,1,1,2,0
4330,8,2,9,2,4,0,1,1,2,2,0
4331,9,4,15,0,8,1,1,0,2,2,0
4332,8,2,12,2,10,0,1,1,1,2,1
4333,9,0,11,2,0,0,0,1,2,2,0
4334,5,4,9,4,12,2,1,1,2,2,0
4335,12,4,9,2,10,0,1,1,1,1,0
4336,4,4,8,4,1,3,1,1,1,2,0
4337,9,4,11,2,8,5,1,0,2,2,1
4338,11,4,15,2,1,2,0,0,2,2,1
4339,9,6,6,5,3,1,1,1,2,2,0
4340,6,4,8,2,4,0,1,1,2,2,1
4341,7,4,11,2,6,0,1,1,2,2,0
4342,7,4,0,2,3,0,1,1,2,2,1
4343,13,6,1,2,14,0,1,1,2,2,0
4344,9,4,15,2,14,0,1,1,2,2,1
4345,11,4,11,2,1,3,0,0,2,2,0
4346,6,4,7,4,4,3,0,0,3,2,0
4347,5,2,15,4,1,1,1,0,2,2,0
4348,5,4,11,6,1,1,1,0,2,2,0
4349,8,4,15,0,8,4,0,1,1,2,0
4350,5,1,11,4,3,1,0,1,2,2,1
4351,3,4,9,4,10,3,1,1,0,2,0
4352,7,4,15,0,1,1,1,0,2,2,0
4353,6,2,10,2,10,5,1,0,0,2,1
4354,10,4,9,2,12,0,1,1,2,2,0
4355,6,5,15,4,4,3,1,0,2,2,0
4356,4,4,9,4,4,1,1,0,2,2,0
4357,10,4,9,2,10,0,1,1,2,2,0
4358,5,0,0,2,0,0,1,1,2,2,0
4359,4,2,14,4,10,1,1,1,1,2,0
4360,8,4,11,0,7,1,1,0,2,2,0
4361,7,1,9,4,10,1,1,0,2,2,0
4362,4,4,6,4,3,3,1,1,2,2,0
4363,4,6,9,4,10,1,1,1,1,2,0
4364,5,4,0,2,8,0,1,1,2,2,1
4365,13,4,9,2,4,5,1,1,1,2,1
4366,5,3,2,2,13,0,1,1,2,2,1
4367,4,5,8,4,12,1,0,0,1,2,0
4368,5,4,9,2,8,0,1,1,1,2,1
4369,9,4,9,2,10,0,1,1,2,2,0
4370,9,4,11,2,8,5,1,0,2,2,0
4371,8,4,9,2,14,0,0,1,2,2,0
4372,10,4,9,0,10,4,1,0,3,2,0
4373,4,4,11,4,3,3,1,1,1,2,0
4374,5,0,11,4,8,2,1,0,1,2,0
4375,3,4,5,4,14,1,1,1,4,2,0
4376,9,4,15,4,1,4,0,0,2,2,0
4377,8,0,15,2,0,0,0,1,2,2,1
4378,4,4,6,4,8,4,1,0,1,2,0
4379,9,4,11,2,13,0,1,1,1,2,1
4380,4,4,7,4,4,3,1,0,2,2,0
4381,6,4,11,4,8,2,1,0,1,2,0
4382,4,6,11,4,3,3,1,1,1,2,0
4383,7,7,0,0,12,1,1,1,2,2,0
4384,8,4,14,2,4,5,0,0,2,2,1
4385,11,4,9,0,4,1,1,0,2,2,0
4386,5,4,11,4,13,3,1,1,2,2,0
4387,7,4,8,2,6,0,1,1,2,2,0
4388,13,4,11,0,6,4,1,1,1,2,0
4389,5,7,11,4,4,3,1,1,2,2,0
4390,6,4,15,0,12,4,1,0,3,2,0
4391,4,4,6,4,12,1,0,0,0,2,0
4392,6,4,1,2,7,0,1,1,2,2,1
4393,9,4,9,2,13,0,1,1,2,2,0
4394,4,4,9,4,10,1,1,1,1,2,0
4395,4,4,15,4,6,1,1,1,1,2,0
4396,5,6,11,4,8,3,1,1,0,2,0
4397,9,0,15,0,0,1,1,1,2,2,0
4398,3,4,9,4,4,3,1,0,3,2,0
4399,7,4,15,0,3,0,1,1,2,2,1
4400,6,4,2,5,8,4,1,0,2,2,0
4401,5,4,9,2,12,0,1,1,1,2,0
4402,11,5,9,0,4,1,1,1,2,2,1
4403,4,4,7,4,10,3,0,1,0,2,0
4404,9,6,11,2,3,0,1,1,1,2,1
4405,10,4,15,2,8,0,1,1,2,2,0
4406,11,4,6,4,8,3,1,0,2,2,0
4407,3,4,8,4,4,1,1,1,3,2,0
4408,7,2,14,2,10,0,1,1,2,2,1
4409,13,4,11,0,14,4,1,1,1,2,1
4410,10,4,8,0,7,1,1,0,2,2,1
4411,8,4,15,2,3,0,1,1,2,2,1
4412,5,2,1,4,8,1,1,0,2,2,0
4413,6,4,11,4,5,3,0,1,3,2,0
4414,5,4,10,4,5,3,1,1,1,2,0
4415,9,4,5,2,9,0,1,1,2,2,1
4416,5,4,11,4,3,1,1,1,2,2,0
4417,7,7,9,0,1,1,1,0,2,2,0
4418,9,4,11,4,7,1,1,1,2,2,0
4419,9,4,11,2,8,5,1,0,3,2,1
4420,4,4,15,4,14,2,1,1,1,2,0
4421,4,4,11,4,8,4,0,0,2,2,0
4422,3,1,11,4,4,1,0,1,0,2,0
4423,8,0,10,4,0,3,1,1,2,2,0
4424,5,2,11,0,8,4,1,1,2,0,0
4425,5,4,9,4,8,1,1,1,2,2,0
4426,3,4,1,4,8,4,1,0,1,2,0
4427,15,4,9,0,4,3,1,1,2,2,0
4428,6,4,11,4,3,3,1,1,2,2,0
4429,8,4,11,2,7,0,1,1,2,2,0
4430,6,4,12,4,12,1,1,1,2,2,0
4431,7,4,9,2,4,0,1,1,1,2,0
4432,9,4,1,2,14,0,1,1,2,2,1
4433,8,4,7,2,12,0,1,1,2,2,1
4434,4,4,11,4,8,1,1,0,1,2,0
4435,5,4,11,0,12,4,0,1,2,4,0
4436,10,4,11,5,8,4,1,0,2,2,0
4437,6,4,15,2,7,0,1,1,2,2,1
4438,7,4,9,2,12,0,1,1,2,2,0
4439,3,4,15,4,1,4,1,0,1,2,0
4440,7,5,11,2,4,0,1,1,3,2,1
4441,6,4,15,2,1,0,1,1,2,2,1
4442,5,2,15,2,3,0,1,1,2,2,1
4443,9,4,9,0,7,1,1,1,2,2,0
4444,6,5,11,2,12,0,1,1,1,2,0
4445,13,0,11,2,0,0,1,1,0,2,1
4446,6,4,10,2,12,0,1,1,3,2,0
4447,7,6,10,2,5,0,1,1,2,2,0
4448,12,4,11,2,6,0,1,1,4,2,0
4449,10,4,15,2,3,0,1,1,2,2,0
4450,7,4,9,2,4,0,1,1,2,2,0
4451,6,4,11,2,3,0,1,1,2,2,0
4452,4,4,9,4,8,1,1,1,2,2,0
4453,7,4,9,2,4,0,1,1,2,2,0
4454,5,4,11,4,1,3,1,0,2,2,0
4455,8,6,8,2,12,0,1,1,2,2,0
4456,11,2,15,0,4,4,1,0,0,2,0
4457,11,7,8,4,1,1,1,1,2,2,0
4458,5,4,6,4,8,1,0,0,2,2,0
4459,15,4,11,2,3,0,1,1,2,2,1
4460,5,4,2,4,9,1,1,1,2,2,0
4461,7,2,10,0,10,4,1,0,2,4,0
4462,6,4,11,0,4,1,1,1,2,2,0
4463,8,1,9,2,4,0,1,1,2,2,1
4464,11,6,11,2,7,0,0,1,2,2,0
4465,7,2,15,4,4,1,0,1,1,0,0
4466,6,4,7,4,4,1,1,1,2,2,0
4467,8,4,11,4,12,3,1,0,2,2,0
4468,6,4,11,2,11,0,1,1,2,2,1
4469,7,4,15,2,1,5,1,0,2,2,0
4470,9,4,7,0,10,1,1,1,2,2,0
4471,5,4,8,2,10,0,1,1,1,2,1
4472,12,4,15,2,1,0,1,1,4,2,0
4473,9,4,11,0,12,1,1,0,2,2,0
4474,9,4,11,2,6,0,1,1,2,2,1
4475,8,4,12,0,10,1,1,0,2,2,0
4476,3,2,11,4,8,1,1,0,1,2,0
4477,7,4,15,2,6,0,0,1,2,2,1
4478,6,4,15,2,3,0,1,1,2,2,1
4479,11,5,14,2,10,0,1,1,0,2,1
4480,4,0,15,4,0,3,1,1,2,2,0
4481,5,4,15,2,6,0,1,1,1,2,0
4482,5,4,9,4,4,4,1,1,1,2,0
4483,13,4,11,2,8,0,1,1,0,2,0
4484,8,4,9,2,4,0,1,1,1,2,0
4485,5,2,15,2,10,0,1,1,2,2,0
4486,7,0,0,4,0,1,1,1,2,1,0
4487,6,4,15,0,8,1,1,1,2,2,0
4488,7,4,11,2,3,0,1,1,2,2,0
4489,6,7,8,2,1,0,0,1,0,2,0
4490,6,4,11,4,1,4,1,0,2,2,0
4491,9,4,11,2,12,0,1,1,2,2,0
4492,6,4,5,3,10,2,1,0,2,2,0
4493,6,7,12,2,10,0,0,1,2,2,0
4494,8,4,15,2,4,0,1,1,2,2,0
4495,8,4,9,2,3,0,1,1,2,2,1
4496,6,4,9,2,10,0,0,1,2,2,0
4497,10,4,1,0,7,4,1,0,2,2,0
4498,5,7,9,4,10,1,1,0,2,2,0
4499,10,4,15,4,10,1,0,1,2,2,0
4500,7,4,11,0,3,1,1,1,2,2,0
4501,3,4,9,4,10,3,1,0,1,2,0
4502,4,4,11,4,6,3,1,1,2,2,0
4503,5,7,1,4,2,3,0,0,2,2,0
4504,7,7,7,5,1,4,1,1,1,2,0
4505,6,4,11,2,3,0,1,1,2,1,0
4506,9,4,11,2,14,0,1,1,2,2,0
4507,9,6,9,0,4,4,1,0,3,2,0
4508,9,4,11,2,14,0,1,1,2,2,0
4509,13,6,12,2,5,0,1,1,1,2,1
4510,6,6,11,4,4,3,1,0,2,2,0
4511,8,4,9,4,10,3,1,0,2,2,0
4512,6,4,9,0,8,1,1,0,2,2,0
4513,11,4,11,2,7,0,1,1,0,2,0
4514,12,7,15,6,1,4,0,0,4,4,0
4515,10,4,8,2,10,5,1,0,2,2,0
4516,8,1,7,5,13,4,1,0,2,2,0
4517,4,4,15,4,6,2,1,0,2,2,0
4518,9,4,5,0,9,4,1,0,1,2,0
4519,8,4,15,2,4,0,1,1,3,2,0
4520,5,4,12,0,4,1,1,0,2,2,0
4521,11,2,0,4,14,4,0,1,0,2,0
4522,3,4,15,4,12,1,1,1,4,2,0
4523,6,4,11,5,1,4,0,0,2,0,0
4524,6,4,12,0,10,1,1,0,2,2,0
4525,4,5,15,4,14,1,1,1,0,2,1
4526,10,2,9,2,10,0,1,1,2,2,1
4527,10,4,11,2,5,0,1,1,2,2,0
4528,9,4,15,4,12,3,1,1,2,2,0
4529,4,4,11,4,5,1,1,1,2,2,0
4530,9,4,15,2,4,0,1,1,2,2,1
4531,3,5,9,4,4,1,1,0,1,2,0
4532,9,4,11,4,13,3,1,0,2,2,0
4533,4,4,8,4,3,3,0,0,0,2,0
4534,11,4,11,2,8,0,1,1,2,2,1
4535,8,2,8,0,10,1,1,0,2,2,0
4536,12,6,15,0,10,1,1,1,2,2,0
4537,7,4,15,0,6,4,1,0,2,2,0
4538,6,2,9,4,10,1,1,1,2,2,0
4539,8,4,9,0,10,1,1,0,2,2,0
4540,4,4,11,4,6,1,1,1,2,2,0
4541,4,5,12,4,4,3,1,1,2,2,0
4542,4,4,9,4,4,4,1,0,1,2,1
4543,5,4,7,2,14,0,1,1,2,2,0
4544,4,4,11,4,7,3,1,0,2,2,0
4545,5,4,15,4,12,1,1,1,2,2,0
4546,5,4,7,4,4,3,1,1,2,2,0
4547,11,4,15,2,3,0,1,1,2,2,0
4548,8,2,11,2,14,0,1,1,2,2,0
4549,3,4,12,4,8,1,0,1,2,2,0
4550,7,4,5,2,3,0,1,1,3,2,0
4551,16,4,9,2,1,0,1,1,1,2,1
4552,9,4,7,2,3,0,1,1,2,2,0
4553,6,4,12,2,10,0,1,1,1,2,1
4554,11,4,8,2,4,5,0,0,2,2,0
4555,3,4,6,4,12,3,1,1,1,2,0
4556,8,4,11,2,8,0,1,1,1,2,0
4557,6,4,10,4,10,1,1,0,2,2,0
4558,10,4,5,2,10,0,1,1,2,2,0
4559,14,4,15,1,1,3,1,0,1,2,0
4560,12,4,11,2,6,0,1,1,2,2,0
4561,5,4,9,2,12,0,1,1,2,2,0
4562,6,4,7,2,4,0,0,1,2,4,1
4563,3,4,11,4,3,1,1,0,4,2,0
4564,6,4,12,2,10,0,1,1,2,2,1
4565,8,6,15,2,3,0,1,1,2,2,0
4566,3,4,9,2,10,0,1,1,1,2,0
4567,4,4,11,4,14,1,1,1,1,1,0
4568,4,4,9,4,12,1,1,0,2,2,1
4569,7,4,11,4,13,1,1,0,1,2,0
4570,5,4,8,4,1,3,1,0,2,2,0
4571,7,4,6,2,7,0,0,1,2,2,0
4572,8,2,11,2,14,0,1,1,1,2,1
4573,8,4,11,2,10,0,1,1,1,2,0
4574,5,4,11,2,6,0,1,1,2,2,1
4575,6,4,15,2,8,0,1,1,2,2,1
4576,5,4,11,2,12,0,1,1,2,2,0
4577,7,4,11,4,12,3,1,1,1,1,0
4578,8,4,15,2,4,0,0,1,3,2,0
4579,7,4,9,2,11,0,0,1,2,2,1
4580,3,4,15,4,12,1,0,1,0,2,0
4581,5,4,9,4,12,3,1,0,2,2,0
4582,6,6,15,4,14,3,1,1,2,2,0
4583,7,4,9,2,4,0,1,1,2,2,1
4584,4,2,9,4,10,1,1,1,3,2,0
4585,3,4,11,4,1,3,1,0,2,2,0
4586,9,1,9,4,10,3,1,1,3,2,0
4587,7,4,12,2,9,0,1,1,2,2,0
4588,4,4,15,4,13,1,1,1,2,2,0
4589,11,4,15,2,12,0,1,1,3,4,0
4590,13,2,12,2,10,0,0,1,2,2,1
4591,8,4,11,2,7,0,1,1,2,2,1
4592,3,1,15,4,1,3,1,0,2,2,0
4593,4,4,6,4,12,3,1,1,2,2,0
4594,4,4,2,4,8,1,0,0,2,2,0
4595,7,2,14,2,10,0,1,1,2,2,1
4596,7,0,15,5,0,1,1,1,2,2,0
4597,10,4,11,0,1,1,1,0,2,0,0
4598,7,4,15,4,13,1,1,0,2,2,0
4599,10,0,11,2,0,0,0,1,2,2,0
4600,18,2,11,2,4,0,1,1,1,2,0
4601,11,4,1,4,14,3,1,0,2,2,0
4602,13,4,5,2,8,5,1,0,0,2,0
4603,9,1,15,2,13,3,0,1,1,2,0
4604,7,4,9,2,10,0,1,1,2,2,1
4605,10,4,9,2,10,0,1,1,2,2,0
4606,10,4,12,2,4,0,1,1,2,2,1
4607,17,4,15,4,8,1,1,0,3,2,0
4608,8,4,11,4,1,3,1,1,2,2,0
4609,8,4,12,4,10,1,1,0,2,2,0
4610,5,4,15,2,1,5,1,0,2,2,1
4611,10,4,0,2,14,0,1,1,2,2,0
4612,8,4,8,2,8,0,1,1,3,2,1
4613,10,2,8,4,14,1,1,1,2,2,1
4614,7,6,9,4,4,3,1,1,1,2,0
4615,13,2,9,2,11,0,1,1,2,2,0
4616,5,5,11,4,4,1,1,1,3,2,0
4617,7,6,11,2,12,0,1,1,2,2,0
4618,10,4,9,2,12,0,1,1,2,2,0
4619,8,4,9,2,4,0,1,1,2,2,0
4620,8,4,12,2,10,0,1,1,3,2,1
4621,7,4,6,2,7,0,1,1,2,2,1
4622,8,4,11,2,3,0,1,1,2,2,1
4623,11,4,15,2,12,0,1,1,2,2,1
4624,6,4,8,4,1,2,1,1,2,1,0
4625,5,6,15,4,4,3,1,0,2,2,0
4626,7,4,15,4,6,3,1,1,2,2,0
4627,6,4,1,2,7,0,1,1,2,2,0
4628,7,4,11,0,1,4,1,0,2,2,0
4629,12,4,8,2,5,0,1,1,2,2,0
4630,7,4,11,2,8,0,1,1,2,2,0
4631,15,4,11,5,12,1,1,0,2,2,0
4632,5,4,7,4,10,3,1,1,2,2,0
4633,8,4,11,2,1,5,0,0,2,2,1
4634,7,4,10,2,10,0,1,1,2,2,1
4635,9,6,11,2,4,0,1,1,2,2,1
4636,6,4,12,0,4,4,1,0,2,2,0
4637,10,2,15,2,3,0,1,1,0,2,0
4638,7,6,2,4,5,4,1,1,2,2,0
4639,9,4,8,0,3,1,1,1,2,2,0
4640,4,4,11,2,3,0,1,1,1,2,0
4641,7,6,2,0,12,4,1,1,2,2,0
4642,9,4,4,2,6,0,1,1,2,2,1
4643,9,2,9,4,10,3,1,0,2,2,0
4644,5,4,11,4,1,3,0,0,2,2,0
4645,5,4,8,2,3,0,1,1,0,2,0
4646,9,4,5,2,6,0,0,1,2,2,0
4647,7,4,2,2,9,5,1,0,2,2,1
4648,9,4,11,4,4,3,1,0,2,2,0
4649,8,4,15,2,12,3,1,1,3,2,0
4650,7,4,11,2,3,0,1,1,2,2,1
4651,9,4,11,2,6,0,0,1,2,4,1
4652,4,1,9,4,10,1,1,1,2,2,0
4653,5,4,15,2,1,5,1,0,1,2,0
4654,7,4,9,2,10,0,1,1,2,2,1
4655,4,4,12,0,10,4,1,0,1,2,0
4656,11,4,9,2,1,0,0,1,2,2,1
4657,8,4,9,2,13,0,1,1,2,2,0
4658,6,5,12,2,4,0,1,1,3,2,1
4659,7,4,15,2,10,5,1,0,4,2,0
4660,5,4,15,4,4,3,1,0,2,2,0
4661,9,2,15,0,8,1,1,1,2,2,0
4662,6,4,9,2,10,5,1,0,2,1,1
4663,10,4,10,2,5,0,1,1,2,2,0
4664,6,4,15,4,1,1,1,0,2,1,0
4665,4,4,9,4,4,2,1,1,2,3,0
4666,4,4,15,4,14,1,1,0,2,2,0
4667,9,5,7,2,10,0,1,1,2,2,1
4668,7,4,11,0,4,1,1,1,2,1,0
4669,6,4,1,2,3,0,1,1,2,2,1
4670,8,4,11,4,3,1,0,1,1,4,1
4671,8,4,11,2,1,0,1,1,2,2,1
4672,6,2,9,4,10,1,0,1,1,2,0
4673,6,4,11,2,14,0,1,1,2,2,0
4674,4,2,9,0,4,4,1,0,1,2,0
4675,6,4,11,2,3,0,1,1,2,2,1
4676,4,1,12,4,10,3,1,1,2,2,0
4677,4,4,11,4,1,1,1,0,1,2,0
4678,5,1,11,4,1,3,1,0,2,2,0
4679,7,7,11,2,1,0,1,1,1,2,1
4680,15,4,15,2,11,0,1,1,3,2,0
4681,9,6,11,2,8,0,1,1,1,4,1
4682,8,4,9,2,10,0,1,1,2,2,0
4683,10,4,11,2,13,5,1,0,2,2,1
4684,7,4,7,2,14,0,1,1,1,2,0
4685,10,4,2,4,11,1,1,1,2,2,0
4686,9,7,12,0,10,1,1,0,2,2,0
4687,7,1,11,2,3,0,1,1,2,2,0
4688,4,6,14,2,4,0,1,1,2,2,0
4689,4,4,11,2,3,0,1,1,2,2,1
4690,4,4,0,4,8,1,1,0,2,2,0
4691,4,4,11,4,8,3,0,0,1,0,0
4692,9,4,11,2,7,0,1,1,2,2,1
4693,13,4,11,2,14,0,1,1,2,2,0
4694,8,4,11,2,14,3,1,1,1,2,1
4695,8,0,0,2,0,0,1,1,1,2,1
4696,9,4,7,2,10,0,1,1,3,2,1
4697,8,4,8,2,5,0,1,1,3,2,0
4698,6,4,7,2,3,0,1,1,2,2,0
4699,11,4,11,0,8,1,1,0,2,2,0
4700,9,2,15,0,14,1,1,1,2,2,1
4701,13,4,11,2,4,0,1,1,0,2,0
4702,6,4,15,2,4,0,0,1,2,2,0
4703,7,2,8,0,10,4,0,0,2,2,0
4704,7,2,9,2,11,0,1,1,2,2,0
4705,3,4,12,4,10,1,1,1,1,2,0
4706,8,4,9,0,4,4,1,0,2,2,0
4707,8,4,15,0,4,1,1,0,2,2,0
4708,10,2,9,2,10,0,1,1,2,2,0
4709,9,4,10,0,1,3,1,0,2,2,0
4710,4,6,2,4,5,3,1,1,1,2,0
4711,8,4,12,2,4,0,1,1,2,2,0
4712,7,4,11,2,3,0,1,1,2,2,1
4713,12,4,7,2,12,0,0,1,1,0,1
4714,6,4,11,0,14,1,1,1,2,2,1
4715,4,5,9,4,11,3,1,1,2,2,0
4716,6,4,11,2,3,0,1,1,2,2,1
4717,4,2,11,4,1,1,1,0,2,2,0
4718,9,4,7,2,4,0,0,1,1,2,0
4719,7,4,0,2,3,0,1,1,3,2,1
4720,6,4,8,4,1,1,1,0,3,2,0
4721,5,4,11,2,3,0,1,1,2,2,0
4722,4,4,9,4,10,3,1,0,1,2,0
4723,7,0,11,2,0,0,1,1,2,2,1
4724,6,1,8,5,4,4,1,1,2,2,0
4725,7,4,15,2,14,0,1,1,2,2,0
4726,13,4,9,2,10,0,1,1,0,2,0
4727,3,4,15,4,3,1,1,1,2,2,0
4728,4,6,15,4,12,1,1,1,2,2,0
4729,6,2,9,2,10,0,1,1,2,2,0
4730,8,4,9,2,13,5,1,0,2,2,0
4731,6,4,6,4,7,1,0,0,2,2,0
4732,9,4,9,4,10,1,1,1,3,2,0
4733,8,2,5,2,3,0,1,1,2,2,1
4734,4,4,15,2,14,0,1,1,0,2,0
4735,3,0,2,4,6,3,1,1,0,2,0
4736,7,4,9,5,7,1,1,0,2,2,0
4737,9,4,11,0,8,4,1,0,2,2,0
4738,4,2,15,4,10,1,1,1,2,2,0
4739,5,4,11,4,6,1,1,1,2,2,0
4740,13,4,15,2,6,0,1,1,2,2,1
4741,10,4,1,2,3,0,1,1,2,2,0
4742,6,4,9,0,10,1,1,0,2,2,0
4743,6,2,9,2,10,0,1,1,4,2,1
4744,8,4,15,0,9,1,1,0,1,2,0
4745,7,4,11,2,7,0,1,1,3,2,1
4746,4,4,15,4,4,3,1,1,2,2,0
4747,4,4,6,4,8,1,1,0,1,2,0
4748,9,7,8,2,4,0,1,1,2,2,0
4749,5,4,11,4,4,4,1,0,2,2,0
4750,9,4,7,5,1,1,1,0,2,2,0
4751,13,4,15,6,1,1,1,1,2,2,1
4752,6,4,15,5,1,4,1,1,2,2,0
4753,8,7,8,2,1,5,1,0,2,2,0
4754,5,3,11,4,13,3,0,1,2,2,0
4755,7,4,9,4,6,1,1,1,2,2,0
4756,9,7,9,2,1,0,1,1,2,2,0
4757,4,4,11,4,8,3,1,1,2,2,0
4758,4,4,15,4,8,1,1,0,2,2,0
4759,11,0,11,2,0,0,1,1,2,2,0
4760,6,1,11,0,4,4,1,0,2,2,0
4761,6,5,11,2,12,0,1,1,0,2,1
4762,9,5,11,2,12,0,1,1,2,2,1
4763,8,2,10,0,10,4,1,0,3,2,0
4764,6,4,15,2,5,0,1,1,2,2,0
4765,13,6,15,2,12,0,1,1,0,2,0
4766,8,4,15,2,12,0,1,1,2,2,0
4767,4,4,11,0,14,4,1,0,2,2,0
4768,9,4,11,2,3,0,1,1,2,2,0
4769,10,4,5,5,8,4,1,0,2,2,0
4770,5,4,11,4,8,3,1,0,2,2,0
4771,6,4,11,2,7,0,1,1,0,2,0
4772,7,6,12,2,5,0,1,1,2,2,0
4773,4,4,11,2,3,0,1,1,2,1,0
4774,8,4,11,2,12,0,0,1,2,2,1
4775,8,4,11,2,14,0,0,1,2,2,0
4776,7,0,11,2,0,0,1,1,3,2,0
4777,7,4,2,0,6,1,1,1,2,2,0
4778,10,1,11,0,1,4,1,0,2,2,1
4779,7,4,8,2,13,0,1,1,1,2,1
4780,8,4,11,6,7,1,1,0,2,2,0
4781,11,7,8,6,10,4,1,0,1,2,1
4782,5,4,9,2,12,0,1,1,1,2,0
4783,5,4,15,3,10,1,1,1,1,2,1
4784,11,4,7,5,4,1,1,1,2,2,0
4785,10,4,11,0,1,4,1,0,1,2,0
4786,6,4,11,2,7,0,1,1,2,2,0
4787,6,4,15,4,7,3,1,0,1,2,0
4788,14,4,9,5,12,1,0,0,1,2,0
4789,4,5,9,4,10,1,1,0,1,2,1
4790,5,2,9,4,8,3,1,0,2,2,0
4791,7,2,15,2,10,0,1,1,1,2,0
4792,8,7,13,2,2,0,0,1,2,2,1
4793,6,4,11,2,11,0,1,1,1,2,1
4794,6,7,12,2,10,0,1,1,2,2,0
4795,8,4,11,2,1,0,1,1,2,2,0
4796,8,4,0,3,3,4,1,1,2,2,0
4797,7,4,15,2,4,0,1,1,2,2,0
4798,15,4,15,2,3,0,0,1,3,2,0
4799,10,4,11,2,12,0,1,1,2,2,1
4800,8,4,11,0,12,1,1,1,2,2,0
4801,7,4,15,2,13,0,1,1,3,2,1
4802,7,4,8,2,4,0,1,1,2,2,1
4803,3,4,12,4,1,3,1,0,1,2,0
4804,13,4,2,2,11,0,1,1,2,2,0
4805,9,4,11,2,13,0,1,1,2,2,1
4806,8,5,9,4,12,3,0,1,2,2,0
4807,5,4,15,4,12,3,1,1,2,2,0
4808,10,4,15,2,10,5,0,0,2,0,1
4809,8,4,15,4,1,2,1,0,3,2,0
4810,9,4,7,2,14,0,1,1,2,2,1
4811,11,7,11,0,1,1,0,0,2,2,0
4812,5,4,5,4,8,3,1,0,2,2,0
4813,4,4,11,6,3,1,1,1,2,2,0
4814,5,4,11,4,3,1,1,1,2,2,0
4815,3,4,15,4,12,2,1,0,1,2,0
4816,11,4,9,2,12,0,1,1,2,0,0
4817,4,1,7,2,3,0,1,1,2,2,0
4818,10,4,7,6,12,4,1,1,2,2,0
4819,4,5,15,4,4,3,1,1,2,2,0
4820,9,4,15,2,10,0,1,1,2,2,0
4821,9,4,9,4,10,1,1,0,1,2,0
4822,7,4,9,2,12,0,1,1,1,2,0
4823,5,4,12,2,4,0,1,1,2,2,1
4824,6,4,11,0,12,1,1,1,0,2,0
4825,4,6,11,4,4,3,1,1,2,2,0
4826,7,4,6,4,6,1,1,1,2,2,0
4827,13,4,11,2,1,5,1,0,0,2,0
4828,7,4,11,2,3,0,0,1,2,2,0
4829,7,4,9,2,10,0,1,1,2,2,1
4830,12,6,9,2,1,0,1,1,1,2,0
4831,7,2,9,2,14,0,1,1,2,2,1
4832,5,4,11,2,12,0,1,1,2,2,1
4833,4,4,15,4,1,1,1,0,0,2,0
4834,6,0,15,4,0,1,1,1,0,2,0
4835,10,4,1,4,7,1,1,1,2,2,0
4836,3,7,11,4,14,3,1,1,1,2,0
4837,8,6,9,0,4,1,1,1,4,2,0
4838,9,4,11,2,7,0,1,1,2,2,1
4839,6,6,11,2,3,0,1,1,4,2,1
4840,7,1,11,0,1,1,0,0,2,2,0
4841,6,4,15,4,1,4,1,0,2,2,0
4842,5,4,15,2,8,0,1,1,2,2,1
4843,6,4,11,4,8,1,1,1,2,2,0
4844,4,4,9,4,4,3,1,0,2,2,0
4845,6,4,9,4,13,4,1,0,2,2,0
4846,3,4,11,4,7,3,1,1,0,2,0
4847,12,2,11,3,14,4,1,0,1,2,0
4848,5,4,15,0,10,1,1,0,2,1,0
4849,6,4,15,4,12,1,1,0,2,2,0
4850,8,4,10,2,10,0,1,1,2,2,1
4851,5,6,15,2,5,0,1,1,1,2,1
4852,9,3,5,2,5,0,1,1,1,2,1
4853,8,4,11,2,11,0,1,1,2,2,0
4854,4,1,8,4,1,4,1,0,1,2,1
4855,14,4,8,1,3,4,1,1,2,2,0
4856,13,4,9,2,11,0,0,1,0,2,0
4857,7,7,14,5,10,4,1,1,2,4,0
4858,4,4,11,4,14,1,1,0,2,2,0
4859,16,4,11,2,13,0,1,1,1,2,0
4860,4,2,11,4,8,3,1,0,1,2,0
4861,7,4,9,2,10,0,1,1,1,2,0
4862,4,5,11,4,12,3,1,1,1,2,0
4863,8,4,15,2,6,0,1,1,2,2,0
4864,9,4,2,2,13,0,1,1,2,2,0
4865,8,2,9,6,10,1,1,1,2,2,0
4866,6,4,11,2,14,0,1,1,2,2,1
4867,9,4,15,4,12,1,1,0,2,2,0
4868,3,4,15,4,8,1,1,1,2,2,0
4869,9,0,9,2,0,0,1,1,2,2,0
4870,5,4,11,2,3,0,1,1,2,2,1
4871,4,4,8,3,12,1,1,0,2,2,0
4872,4,1,13,2,13,5,1,0,2,2,1
4873,6,4,11,4,3,3,1,1,2,2,0
4874,12,4,11,4,6,3,1,0,2,2,0
4875,5,4,8,4,1,4,0,0,2,2,0
4876,8,4,15,2,8,0,1,1,2,2,1
4877,4,4,0,4,8,3,1,0,2,2,0
4878,12,1,11,2,13,0,0,1,2,2,1
4879,10,4,11,2,7,0,1,1,0,2,1
4880,4,4,15,4,1,1,0,0,0,2,0
4881,7,4,9,4,13,3,1,1,2,2,1
4882,12,4,9,2,1,0,1,1,2,2,1
4883,4,4,15,4,4,1,1,1,1,2,0
4884,11,4,1,5,6,1,1,1,2,2,0
4885,4,4,15,4,1,1,1,0,2,2,1
4886,10,4,15,2,7,0,1,1,2,2,0
4887,4,5,11,4,4,3,1,1,2,2,0
4888,5,5,9,2,10,0,1,1,2,2,0
4889,5,4,9,2,4,0,1,1,3,2,1
4890,7,4,1,2,6,0,1,1,2,2,1
4891,5,4,11,2,8,0,1,1,2,2,0
4892,9,2,7,2,4,0,1,1,2,2,0
4893,4,4,11,4,1,4,1,0,1,2,0
4894,9,4,11,6,7,1,1,1,2,2,0
4895,7,4,12,4,4,1,1,0,3,1,0
4896,6,4,11,2,7,0,1,1,1,2,0
4897,4,4,15,4,12,3,1,1,2,2,0
4898,5,4,11,2,4,0,1,1,1,2,0
4899,4,4,14,4,10,1,1,1,1,2,0
4900,5,7,10,4,10,3,1,1,2,2,1
4901,10,4,15,2,1,0,0,1,2,4,0
4902,17,2,12,4,10,4,1,0,1,2,0
4903,5,4,0,4,1,3,1,0,2,2,0
4904,7,7,9,2,10,0,0,1,2,2,1
4905,4,4,9,4,10,1,1,0,2,2,0
4906,4,6,11,4,3,3,1,1,1,2,0
4907,4,4,1,4,3,1,1,1,2,2,0
4908,8,4,11,0,3,1,1,1,2,2,1
4909,4,4,6,4,7,1,1,1,2,2,0
4910,9,4,4,2,8,0,0,1,2,2,1
4911,4,4,11,3,1,1,1,0,1,2,0
4912,13,5,15,6,4,1,0,0,1,2,0
4913,10,1,11,2,6,0,1,1,2,2,0
4914,5,4,12,2,4,0,1,1,2,2,1
4915,3,4,11,4,1,3,1,1,2,2,0
4916,8,4,14,4,10,1,0,0,3,2,0
4917,5,4,15,4,3,1,1,1,2,2,0
4918,4,4,15,4,4,1,1,1,2,2,0
4919,5,4,11,4,7,3,1,1,2,2,0
4920,4,4,11,4,8,1,1,0,0,2,0
4921,6,4,1,2,3,0,1,1,1,2,1
4922,8,6,15,3,10,1,1,0,2,2,0
4923,4,7,11,2,14,0,1,1,2,2,0
4924,6,5,9,2,4,3,1,0,2,2,0
4925,4,7,11,4,4,1,1,1,2,2,1
4926,7,4,11,4,1,3,1,0,2,2,0
4927,11,4,11,2,1,5,1,0,2,2,1
4928,12,4,15,5,1,4,1,0,0,2,0
4929,8,4,11,2,8,0,1,1,2,1,1
4930,5,6,15,4,5,1,1,1,2,2,0
4931,5,4,15,4,8,3,1,0,2,2,0
4932,8,7,9,2,4,3,1,1,2,2,0
4933,5,2,7,4,8,1,1,1,3,2,0
4934,8,4,0,2,7,5,1,0,3,2,0
4935,6,4,11,4,4,3,1,1,1,1,0
4936,10,4,2,2,3,0,1,1,2,2,1
4937,9,2,9,2,4,0,1,1,2,2,0
4938,6,4,11,2,6,5,1,0,2,4,0
4939,5,4,11,4,4,2,1,0,2,2,0
4940,4,4,15,4,3,1,1,1,1,2,0
4941,9,4,11,6,4,1,1,1,2,2,0
4942,7,6,12,2,10,0,0,1,1,2,1
4943,6,4,11,4,14,3,1,1,2,2,0
4944,13,4,11,6,1,4,1,0,1,2,0
4945,4,4,9,4,10,1,1,1,1,2,0
4946,3,4,9,4,11,3,1,1,1,2,0
4947,12,4,11,6,1,4,1,0,2,2,0
4948,4,4,15,4,1,1,1,0,2,2,0
4949,8,6,10,0,10,4,1,0,2,2,0
4950,3,6,9,4,4,3,1,0,0,2,0
4951,6,4,9,4,14,4,1,0,3,2,0
4952,3,7,15,4,10,1,1,0,1,2,0
4953,10,4,11,2,3,0,0,1,3,2,1
4954,10,7,2,2,11,0,0,1,2,2,0
4955,10,4,11,0,3,2,1,1,2,2,0
4956,5,6,9,0,12,1,1,1,2,2,0
4957,7,4,10,0,4,1,1,0,3,2,0
4958,10,0,9,0,0,1,1,1,2,2,0
4959,9,4,11,2,3,0,1,1,2,2,1
4960,5,4,15,4,12,1,1,1,2,2,0
4961,7,4,11,2,7,0,1,1,2,2,0
4962,5,4,15,4,3,3,0,0,1,2,0
4963,10,6,11,2,3,0,1,1,2,2,0
4964,6,4,11,3,10,4,1,0,2,2,0
4965,4,1,15,4,6,1,1,1,1,2,0
4966,3,4,11,2,7,0,1,1,2,2,0
4967,11,4,1,2,8,0,0,1,2,2,1
4968,4,6,4,4,3,1,1,1,0,2,0
4969,5,4,9,4,4,3,1,1,2,2,0
4970,6,7,9,4,10,3,1,1,1,2,1
4971,8,4,9,2,12,0,1,1,2,2,1
4972,6,2,12,4,4,3,1,1,2,2,0
4973,6,2,5,2,3,0,1,1,2,2,0
4974,7,5,6,2,3,0,1,1,2,2,0
4975,9,4,9,2,4,0,1,1,2,2,1
4976,9,4,15,4,1,3,1,1,2,2,0
4977,4,4,8,2,8,0,0,1,1,2,0
4978,6,7,9,0,1,4,1,0,3,2,0
4979,5,4,7,4,10,1,1,0,2,2,0
4980,5,4,9,4,3,1,1,1,2,2,1
4981,4,0,9,4,0,1,0,1,2,4,0
4982,5,4,9,4,12,3,1,1,2,2,0
4983,6,4,0,2,7,0,1,1,2,2,1
4984,9,4,15,2,3,0,1,1,2,2,1
4985,7,4,9,2,3,0,1,1,1,2,0
4986,4,4,11,4,14,3,1,1,1,2,0
4987,12,7,12,2,4,0,0,1,1,2,0
4988,4,4,11,4,7,1,1,1,2,2,0
4989,10,4,11,2,6,0,1,1,3,2,0
4990,7,1,9,4,10,1,1,1,4,2,0
4991,9,4,15,0,10,4,1,0,2,2,0
4992,12,4,15,2,1,0,1,1,2,2,0
4993,5,6,15,6,1,4,0,0,3,2,0
4994,6,6,9,0,12,4,1,0,2,2,0
4995,9,4,11,5,3,1,0,0,2,2,0
4996,7,4,0,2,7,0,1,1,1,2,0
4997,11,6,15,2,4,0,1,1,2,2,0
4998,10,2,11,2,14,0,1,1,2,2,0
4999,6,4,11,2,3,0,1,1,2,2,1
5000,6,4,6,0,12,1,1,1,2,2,0
5001,7,4,7,0,8,4,0,0,3,2,0
5002,12,7,7,6,10,4,1,1,1,2,0
5003,6,4,7,2,14,0,1,1,2,1,1
5004,5,4,15,4,7,3,1,0,2,2,1
5005,11,4,9,2,12,0,1,1,3,2,1
5006,5,7,11,4,1,1,1,0,2,2,1
5007,5,4,11,4,6,4,1,1,2,2,0
5008,6,4,11,4,6,3,1,1,2,2,0
5009,5,4,11,2,3,0,1,1,2,2,1
5010,11,7,9,2,4,0,1,1,2,2,1
5011,8,4,11,2,8,5,1,0,2,2,0
5012,7,6,11,2,12,5,1,0,2,2,0
5013,5,4,11,4,4,3,1,0,2,2,0
5014,9,4,11,0,8,1,0,0,2,2,0
5015,4,4,15,4,14,3,1,1,0,2,0
5016,10,5,12,2,4,0,1,1,2,2,0
5017,7,4,7,2,1,0,1,1,3,2,0
5018,4,0,15,4,0,3,0,0,2,2,0
5019,10,0,15,4,0,1,1,0,2,2,0
5020,9,5,8,2,4,0,1,1,2,2,1
5021,6,4,9,2,4,0,1,1,2,2,1
5022,13,6,11,6,4,4,0,0,0,0,0
5023,13,4,15,6,13,1,1,0,2,2,0
5024,16,4,11,2,12,0,1,1,1,2,0
5025,9,6,1,4,8,1,1,1,2,2,0
5026,5,4,11,2,7,0,1,1,2,2,0
5027,10,3,8,2,5,0,1,1,2,2,1
5028,7,4,1,0,8,1,1,0,3,2,0
5029,8,0,11,2,0,0,1,1,2,2,0
5030,8,4,5,2,3,0,1,1,2,2,0
5031,12,4,9,6,4,1,0,1,2,2,0
5032,13,4,11,4,1,3,0,0,1,2,0
5033,6,6,1,2,8,0,1,1,3,2,0
5034,6,4,15,0,12,1,1,0,2,2,0
5035,7,1,15,4,1,1,1,0,2,2,0
5036,9,5,8,0,4,1,1,0,1,2,0
5037,10,4,7,2,1,0,1,1,3,2,1
5038,12,4,0,0,1,3,1,1,2,2,0
5039,10,6,9,2,12,0,0,1,2,2,1
5040,3,7,11,4,8,3,1,1,2,2,0
5041,4,4,15,4,1,1,1,0,2,2,0
5042,10,4,1,0,14,1,1,1,3,2,0
5043,7,4,11,5,8,1,1,0,2,2,0
5044,8,4,15,0,3,4,1,1,2,2,0
5045,4,0,0,4,0,3,1,1,0,2,0
5046,10,7,9,0,10,4,1,1,2,2,0
5047,9,4,2,0,6,1,1,1,2,2,1
5048,10,4,15,2,4,0,1,1,1,2,1
5049,7,6,15,4,10,2,1,0,2,2,0
5050,6,4,10,2,10,0,1,1,1,2,1
5051,6,6,11,2,7,5,1,0,2,2,0
5052,4,4,0,4,14,1,1,1,2,2,0
5053,5,2,11,4,4,1,1,0,2,2,1
5054,9,4,12,0,10,1,0,1,2,4,0
5055,4,2,7,4,8,3,1,0,2,2,0
5056,6,4,5,2,9,5,1,0,1,2,1
5057,4,6,11,4,5,1,1,1,1,2,0
5058,4,4,11,4,8,1,1,1,2,2,0
5059,11,4,15,2,3,0,1,1,1,2,0
5060,6,4,11,2,12,0,0,1,2,4,1
5061,6,0,11,4,0,4,1,1,2,2,0
5062,4,4,11,2,3,0,1,1,1,2,1
5063,10,6,15,0,8,4,1,0,1,2,0
5064,4,6,15,4,1,3,1,1,1,2,0
5065,8,4,11,2,8,0,0,1,3,2,1
5066,11,4,1,4,14,3,1,0,2,2,0
5067,11,2,7,2,3,0,1,1,2,2,1
5068,5,4,11,4,3,1,1,1,2,2,0
5069,7,0,15,2,0,0,1,1,2,2,1
5070,8,4,9,0,12,1,1,1,3,2,0
5071,6,2,15,0,1,1,1,0,3,2,0
5072,4,4,15,2,5,0,1,1,0,2,0
5073,12,4,9,2,11,0,1,1,1,2,1
5074,5,7,11,2,4,0,1,1,1,2,1
5075,8,4,7,2,1,5,1,0,2,2,1
5076,4,2,10,4,10,3,1,0,1,2,0
5077,8,4,11,2,3,0,0,1,2,2,1
5078,6,4,15,2,12,0,1,1,1,2,1
5079,3,4,11,4,3,1,1,1,1,2,0
5080,9,0,15,0,0,1,1,1,2,2,0
5081,6,4,7,4,12,3,1,1,2,2,0
5082,5,4,15,2,8,0,0,1,2,2,0
5083,7,4,11,4,8,1,1,0,2,2,0
5084,6,4,15,5,12,1,1,0,2,2,0
5085,5,4,11,3,5,1,1,1,2,2,0
5086,13,2,9,6,10,4,1,0,1,2,0
5087,13,4,15,6,8,4,0,0,0,2,0
5088,7,4,11,2,3,0,1,1,2,2,1
5089,8,4,11,0,8,0,1,1,2,2,0
5090,5,4,15,3,12,5,1,0,3,2,0
5091,8,4,8,0,13,4,1,0,2,2,0
5092,10,1,11,2,4,5,1,0,3,2,1
5093,4,4,15,4,4,1,1,0,2,2,0
5094,12,4,15,6,13,1,0,1,1,2,1
5095,12,4,11,2,7,0,0,1,2,2,0
5096,9,6,11,2,3,0,1,1,1,2,1
5097,7,4,9,2,10,0,1,1,2,2,1
5098,4,4,7,4,8,1,1,0,2,2,0
5099,9,4,15,0,1,1,1,0,2,2,1
5100,4,6,11,4,3,3,1,1,1,2,0
5101,15,4,11,2,6,0,0,1,0,4,0
5102,5,6,11,2,4,0,1,1,2,2,0
5103,5,4,4,4,6,4,1,0,0,2,0
5104,6,4,15,0,8,3,1,0,2,2,0
5105,13,4,5,2,3,0,1,1,2,2,1
5106,4,4,15,4,8,1,0,0,2,2,0
5107,6,4,9,2,4,0,0,1,1,2,1
5108,7,4,6,2,7,0,1,1,2,2,1
5109,8,4,0,2,7,0,1,1,2,2,0
5110,8,4,15,2,3,0,1,1,1,2,0
5111,10,5,9,2,10,0,1,1,2,2,1
5112,5,4,11,4,7,1,1,1,1,2,0
5113,11,4,6,2,3,0,1,1,2,2,1
5114,5,2,11,4,14,1,1,1,1,2,0
5115,8,4,6,0,12,1,0,1,2,2,0
5116,5,4,2,2,7,0,0,1,2,2,1
5117,4,4,1,4,3,3,1,1,2,2,0
5118,3,4,11,4,4,2,1,0,0,2,0
5119,5,6,15,2,3,0,1,1,2,2,0
5120,4,4,1,4,3,3,1,1,1,2,0
5121,5,4,11,4,7,3,1,1,2,2,0
5122,8,4,15,2,1,0,1,1,2,2,1
5123,6,6,10,4,10,1,1,1,2,2,0
5124,6,4,11,3,8,1,1,0,2,2,0
5125,8,4,15,4,12,4,1,1,2,2,0
5126,8,0,10,2,0,0,0,1,2,2,0
5127,11,0,0,2,0,5,1,0,2,2,0
5128,7,4,15,0,10,1,1,1,2,2,0
5129,10,4,15,2,12,0,1,1,2,2,1
5130,5,4,4,4,8,4,1,1,2,2,0
5131,3,4,8,4,10,4,1,0,2,2,0
5132,5,4,9,4,10,4,1,0,2,2,1
5133,12,7,11,0,1,1,1,0,0,2,0
5134,8,6,11,4,3,3,1,1,3,2,0
5135,7,4,11,2,14,0,1,1,2,2,0
5136,5,4,15,4,1,3,1,0,1,2,0
5137,4,4,11,4,8,3,0,0,1,2,0
5138,4,4,11,4,8,3,1,0,0,2,0
5139,4,6,9,3,4,5,1,0,1,2,0
5140,7,4,15,2,7,0,1,1,2,2,1
5141,8,4,11,2,7,0,1,1,1,2,0
5142,8,0,15,2,0,0,1,1,2,4,0
5143,13,7,9,0,1,1,1,0,2,2,0
5144,4,4,2,4,8,3,1,0,1,2,0
5145,9,4,15,0,8,1,1,0,2,1,0
5146,5,6,1,2,3,0,1,1,2,2,1
5147,6,4,9,2,12,0,1,1,2,2,1
5148,8,6,0,2,5,0,1,1,2,2,1
5149,7,5,9,2,12,5,1,0,2,2,0
5150,6,4,11,0,7,1,1,1,2,2,0
5151,7,4,15,4,8,1,1,1,2,2,0
5152,12,4,1,2,6,0,0,1,2,2,0
5153,10,6,11,0,12,4,0,0,2,0,0
5154,8,4,9,0,3,1,1,1,2,2,1
5155,10,4,11,2,1,0,1,1,2,2,1
5156,7,4,11,2,12,0,1,1,1,2,1
5157,8,5,11,4,3,1,1,1,2,2,0
5158,10,4,8,0,1,4,0,0,1,2,1
5159,4,1,8,4,1,1,1,0,2,2,0
5160,8,4,15,2,12,0,1,1,2,2,0
5161,5,4,11,2,3,0,1,1,2,2,1
5162,12,4,9,4,6,3,1,1,1,2,0
5163,9,4,15,2,12,5,1,0,2,2,0
5164,10,4,15,2,12,0,1,1,2,2,0
5165,5,2,15,4,3,4,0,1,1,2,0
5166,4,6,9,4,4,3,1,1,0,2,0
5167,5,4,11,2,3,0,1,1,2,2,0
5168,3,4,11,4,8,1,1,0,2,2,0
5169,6,4,15,2,6,0,1,1,2,2,0
5170,8,6,9,0,4,1,1,0,2,2,1
5171,11,4,15,5,12,2,1,1,2,2,0
5172,6,4,11,2,8,5,1,0,1,2,0
5173,15,4,9,6,13,1,1,0,2,2,0
5174,11,2,9,2,10,0,1,1,2,2,0
5175,6,4,9,2,3,0,1,1,3,2,0
5176,4,4,11,2,6,0,1,1,2,2,0
5177,8,4,11,0,8,1,1,0,2,2,0
5178,10,2,11,3,3,1,1,1,2,2,0
5179,13,4,15,2,8,0,0,1,2,2,0
5180,10,4,15,4,12,3,0,1,2,2,0
5181,3,4,11,4,6,1,1,1,2,2,0
5182,10,4,11,2,3,0,1,1,1,2,0
5183,8,4,11,5,7,4,1,0,2,2,0
5184,10,4,15,2,6,0,1,1,2,2,0
5185,6,0,2,4,0,3,0,0,2,2,0
5186,9,4,9,2,4,0,1,1,3,2,0
5187,7,7,11,4,13,1,1,1,2,2,0
5188,5,4,11,0,12,4,1,1,2,4,0
5189,7,4,11,0,8,4,1,1,2,2,0
5190,5,4,9,4,4,3,1,0,2,2,0
5191,11,4,7,2,12,0,1,1,1,2,0
5192,5,4,11,4,7,3,1,1,2,2,0
5193,8,4,4,0,1,1,1,0,2,2,0
5194,8,4,4,2,8,0,1,1,2,2,1
5195,8,4,15,2,12,0,1,1,2,2,1
5196,7,4,9,4,1,1,1,0,3,2,0
5197,7,4,15,4,14,3,1,1,2,2,0
5198,6,4,9,5,12,4,1,0,2,2,0
5199,9,4,11,2,4,0,0,1,2,2,1
5200,16,4,15,0,1,4,0,0,1,2,0
5201,8,4,11,2,3,0,1,1,2,2,1
5202,6,6,15,2,3,0,1,1,2,2,1
5203,3,4,15,4,12,1,1,1,1,2,0
5204,5,4,15,4,4,1,0,0,2,2,1
5205,13,4,15,2,7,5,1,0,2,3,1
5206,9,4,9,2,12,0,1,1,2,2,1
5207,7,6,7,2,4,0,1,1,2,2,1
5208,15,7,15,6,1,4,0,0,0,4,0
5209,8,4,15,2,12,5,0,0,2,0,1
5210,4,4,11,4,4,3,1,1,1,4,0
5211,4,4,9,4,4,3,1,0,2,2,0
5212,5,4,4,0,1,1,1,0,2,2,0
5213,4,4,1,0,14,3,1,0,1,2,0
5214,6,4,11,2,3,0,1,1,1,2,1
5215,12,4,5,2,14,0,1,1,2,2,1
5216,6,4,9,5,10,4,1,0,2,2,0
5217,4,4,11,4,14,3,0,1,1,2,0
5218,5,4,0,2,3,0,1,1,1,2,0
5219,6,4,7,3,1,4,0,0,2,2,0
5220,6,2,9,4,4,4,1,1,2,2,0
5221,7,4,15,2,7,0,1,1,2,4,1
5222,6,4,15,4,8,1,1,0,2,2,0
5223,4,2,8,4,10,1,1,0,2,2,1
5224,7,6,15,2,5,0,1,1,2,2,1
5225,14,4,9,0,1,1,1,0,2,1,0
5226,7,1,0,2,6,0,1,1,2,2,1
5227,8,4,11,4,7,3,1,0,2,2,0
5228,8,4,5,2,8,0,0,1,2,2,0
5229,10,2,9,2,10,0,1,1,2,2,0
5230,7,4,0,0,3,1,1,1,2,2,0
5231,6,4,9,2,4,0,1,1,2,2,0
5232,4,4,15,4,1,1,1,0,2,2,0
5233,5,4,9,2,1,0,1,1,2,2,0
5234,8,4,12,2,10,0,1,1,2,2,1
5235,5,4,15,4,1,1,0,0,2,2,0
5236,10,4,11,2,8,0,0,1,2,2,0
5237,3,2,14,4,10,3,1,0,2,2,0
5238,8,4,0,4,7,1,1,0,1,2,0
5239,5,4,15,2,12,0,1,1,1,2,0
5240,10,4,15,2,13,0,1,1,2,2,1
5241,4,4,11,4,12,2,1,1,0,2,0
5242,5,4,7,4,4,1,1,0,2,2,1
5243,9,4,15,2,11,0,1,1,2,2,1
5244,5,4,11,4,8,4,1,0,2,2,0
5245,9,6,8,0,4,4,1,1,2,2,0
5246,4,7,11,4,1,1,1,1,2,2,0
5247,5,4,7,3,8,4,0,0,2,2,0
5248,8,5,11,2,4,0,0,1,2,2,1
5249,7,0,12,2,0,0,1,1,2,2,0
5250,7,4,11,4,12,1,1,0,2,2,0
5251,8,4,11,2,3,0,1,1,2,2,0
5252,10,4,11,4,12,1,1,1,2,2,0
5253,7,4,11,4,4,3,1,1,2,2,0
5254,8,2,10,6,4,1,1,1,2,2,0
5255,10,4,9,2,3,0,1,1,1,2,0
5256,8,4,8,0,1,4,1,0,2,2,0
5257,5,0,15,6,0,1,1,0,3,2,1
5258,4,6,15,4,5,2,1,1,2,2,0
5259,8,4,9,2,12,0,1,1,2,2,0
5260,6,4,11,0,3,1,1,1,2,2,0
5261,5,0,2,2,0,0,1,1,2,2,1
5262,6,4,11,2,4,0,0,1,1,0,1
5263,5,4,9,4,4,1,1,1,2,2,0
5264,7,4,9,4,4,3,0,0,3,2,0
5265,9,0,2,2,0,0,0,1,2,2,0
5266,5,4,11,2,8,0,1,1,2,2,1
5267,8,4,15,2,14,0,1,1,2,2,0
5268,7,4,8,2,14,0,1,1,2,2,0
5269,8,4,11,4,1,3,1,0,2,2,0
5270,9,6,15,2,1,0,1,1,2,4,0
5271,8,7,12,0,10,1,1,0,2,2,0
5272,4,4,7,4,12,1,1,0,2,2,0
5273,11,4,9,2,10,0,1,1,1,2,1
5274,6,4,14,2,4,0,1,1,1,2,0
5275,4,4,11,4,12,3,1,1,3,2,0
5276,10,7,15,2,10,0,1,1,2,2,1
5277,11,4,15,6,1,4,1,0,2,2,0
5278,7,4,9,2,12,0,1,1,1,2,0
5279,12,4,12,2,10,0,1,1,2,2,1
5280,4,4,14,4,10,3,0,0,2,2,0
5281,9,4,11,2,3,0,1,1,2,2,0
5282,6,4,0,0,8,1,1,0,1,2,1
5283,4,7,15,4,11,1,1,1,2,2,0
5284,10,4,11,2,6,0,1,1,1,2,0
5285,8,4,11,0,5,1,1,1,4,2,0
5286,4,4,5,2,8,5,1,0,2,2,0
5287,4,4,11,4,3,1,0,1,1,0,0
5288,3,4,11,4,1,4,0,0,0,0,0
5289,7,7,11,0,8,1,1,0,2,2,0
5290,6,4,11,4,4,3,1,1,2,2,0
5291,6,4,12,2,12,0,1,1,1,2,0
5292,10,4,15,2,4,0,0,1,2,0,0
5293,9,6,11,2,3,0,1,1,2,2,0
5294,5,4,8,6,1,4,1,0,2,2,0
5295,12,5,9,2,4,0,0,1,2,2,1
5296,10,4,15,2,1,5,1,0,2,2,1
5297,9,4,11,2,12,0,1,1,3,2,0
5298,7,4,11,2,3,0,1,1,2,2,1
5299,9,4,4,2,3,0,1,1,2,2,0
5300,7,7,11,2,4,0,1,1,2,2,1
5301,7,4,15,0,8,1,0,0,3,2,0
5302,11,4,15,2,12,5,1,0,2,2,0
5303,6,4,8,0,7,1,1,0,2,2,0
5304,5,4,9,4,10,1,1,0,2,2,1
5305,8,2,15,2,3,0,1,1,2,2,0
5306,7,4,11,2,12,2,1,0,2,2,0
5307,5,1,11,4,1,3,1,0,2,2,0
5308,7,0,2,5,8,2,0,1,1,2,0
5309,11,4,15,2,3,0,1,1,1,2,1
5310,5,6,7,4,12,1,1,0,1,2,0
5311,4,4,15,4,12,1,1,1,1,2,0
5312,3,4,11,4,3,2,1,1,1,2,0
5313,7,7,4,2,8,5,1,0,2,2,1
5314,3,4,11,4,3,3,1,1,0,2,0
5315,11,4,15,4,10,1,1,0,2,2,0
5316,12,4,15,2,7,0,1,1,1,2,0
5317,3,4,9,4,1,3,0,0,2,2,0
5318,12,4,9,2,12,0,1,1,2,2,1
5319,9,4,15,2,3,0,1,1,1,2,0
5320,8,4,11,2,3,0,0,1,2,2,0
5321,4,4,0,4,14,1,1,1,2,2,0
5322,5,2,15,2,3,0,1,1,1,2,1
5323,11,4,12,2,10,0,1,1,2,2,0
5324,6,4,11,0,14,4,1,1,4,2,0
5325,13,6,12,2,4,0,1,1,0,2,1
5326,14,7,11,1,8,3,1,0,2,2,0
5327,14,4,15,5,8,4,1,0,2,2,0
5328,4,4,11,4,3,1,1,1,2,2,0
5329,3,4,11,4,12,1,1,1,0,2,1
5330,4,0,0,4,0,1,0,1,0,2,0
5331,7,4,1,2,3,0,1,1,2,2,1
5332,5,2,11,2,11,0,1,1,1,2,1
5333,8,4,15,2,12,5,1,0,1,2,0
5334,4,2,14,4,10,3,1,1,2,2,0
5335,4,4,1,2,11,0,1,1,0,2,1
5336,5,4,12,4,10,3,1,0,2,2,0
5337,9,1,11,4,1,3,1,0,2,2,0
5338,6,4,11,2,12,0,0,1,2,2,1
5339,12,4,11,2,1,5,1,0,2,2,0
5340,5,4,11,4,1,1,1,0,2,2,0
5341,8,4,15,0,1,4,0,0,2,2,0
5342,8,4,11,2,14,0,1,1,1,2,1
5343,13,4,5,2,5,0,1,1,0,2,0
5344,7,4,11,0,12,4,1,0,2,2,0
5345,4,4,8,4,3,3,1,1,1,2,0
5346,6,4,11,4,5,1,1,1,2,2,0
5347,11,2,15,2,10,0,1,1,2,2,1
5348,6,4,11,2,8,0,1,1,1,2,0
5349,10,4,12,2,5,0,1,1,2,2,1
5350,6,6,15,2,3,0,1,1,2,2,1
5351,4,4,9,5,12,2,0,0,1,2,0
5352,4,2,9,4,14,2,0,1,1,2,0
5353,5,4,11,2,3,0,1,1,2,2,0
5354,8,6,11,2,3,0,1,1,3,2,0
5355,11,2,15,6,3,4,1,1,2,2,0
5356,9,4,15,0,8,2,1,0,2,2,0
5357,5,4,15,2,1,5,0,0,2,2,1
5358,5,4,11,2,5,0,1,1,2,2,1
5359,10,4,11,2,3,0,1,1,2,2,0
5360,9,5,12,0,4,4,1,0,2,2,0
5361,13,0,0,6,8,1,1,0,0,2,0
5362,9,4,14,0,10,4,1,0,2,2,0
5363,5,4,15,4,7,1,1,1,2,2,0
5364,13,4,15,0,12,1,1,0,0,2,0
5365,5,4,11,4,6,3,1,1,2,2,0
5366,8,4,9,0,1,4,1,0,2,2,0
5367,7,4,11,4,3,3,1,1,2,2,0
5368,5,4,11,4,7,3,0,1,2,2,0
5369,7,4,11,0,7,4,1,0,2,2,0
5370,3,4,11,4,7,3,1,1,0,2,1
5371,11,4,9,2,10,0,1,1,2,2,1
5372,7,2,9,4,4,3,1,0,2,2,0
5373,6,4,11,2,3,0,1,1,3,2,1
5374,7,4,9,2,4,0,1,1,2,2,0
5375,7,6,6,2,14,0,0,1,2,2,1
5376,5,4,10,4,10,1,1,1,2,1,0
5377,7,4,11,2,7,5,1,0,2,2,0
5378,7,0,11,0,0,1,1,0,2,2,0
5379,12,4,9,2,4,0,1,1,2,2,0
5380,3,4,11,4,13,3,1,1,1,2,0
5381,5,4,9,4,10,3,1,1,2,2,0
5382,6,4,11,0,3,3,0,1,2,2,0
5383,10,6,9,2,10,2,1,0,1,2,0
5384,7,4,11,4,1,3,1,0,2,2,0
5385,10,4,11,0,6,4,1,0,3,2,0
5386,12,4,9,0,4,4,1,1,2,2,0
5387,3,4,9,4,1,4,0,0,1,2,0
5388,4,4,0,4,8,1,1,1,0,2,0
5389,3,4,11,4,7,3,1,1,1,2,0
5390,7,1,11,2,14,0,1,1,2,2,0
5391,11,4,7,2,13,0,1,1,2,2,1
5392,5,4,15,4,4,3,1,1,2,2,0
5393,4,4,10,2,12,0,0,1,0,2,0
5394,9,4,11,2,7,0,1,1,3,2,1
5395,7,4,15,4,8,1,1,0,2,2,0
5396,9,4,6,2,12,0,1,1,1,2,0
5397,8,4,11,0,3,1,1,0,2,2,0
5398,7,5,15,2,12,5,1,0,2,2,1
5399,7,4,15,4,1,3,1,0,2,2,0
5400,3,4,1,4,6,4,1,1,1,2,0
5401,4,2,10,4,10,1,1,0,2,2,0
5402,6,6,9,2,10,0,1,1,2,2,1
5403,11,4,7,2,10,0,1,1,2,2,0
5404,6,4,11,0,8,1,1,0,2,2,0
5405,5,5,9,4,11,1,0,1,2,2,0
5406,3,4,15,2,8,5,1,0,1,2,0
5407,3,4,12,4,4,3,1,1,1,2,0
5408,15,4,9,0,13,4,1,0,3,2,0
5409,8,4,11,2,6,0,0,1,2,2,0
5410,12,4,11,2,6,0,1,1,2,2,1
5411,8,4,9,2,8,5,1,0,2,2,0
5412,6,1,15,4,1,1,1,0,2,2,0
5413,8,6,11,0,5,4,1,1,2,2,0
5414,3,4,11,4,1,3,1,0,2,2,0
5415,8,0,8,2,8,0,1,1,2,2,0
5416,7,4,15,2,14,0,0,1,2,2,1
5417,6,6,11,4,5,2,1,1,2,2,0
5418,6,7,11,2,5,0,1,1,3,2,1
5419,11,4,11,0,8,1,1,0,2,2,0
5420,9,4,9,5,12,4,1,0,2,2,0
5421,9,4,7,2,7,5,1,0,2,2,1
5422,6,4,15,2,4,0,1,1,2,2,0
5423,5,4,15,4,12,3,1,0,1,2,0
5424,7,4,15,4,8,1,1,1,2,2,0
5425,5,5,15,4,4,1,1,1,0,2,0
5426,10,0,15,2,0,0,1,1,3,2,0
5427,9,7,11,4,10,3,1,0,2,2,0
5428,8,4,11,2,4,0,1,1,2,2,0
5429,7,4,15,2,6,0,1,1,2,2,0
5430,11,4,11,5,7,4,1,0,2,2,0
5431,6,7,15,5,8,4,1,0,2,2,0
5432,3,4,9,4,10,1,1,1,1,2,0
5433,10,4,6,2,3,0,1,1,0,2,1
5434,12,4,11,2,3,0,1,1,1,2,1
5435,6,4,12,5,4,4,1,0,2,2,0
5436,8,6,2,2,5,0,1,1,2,2,0
5437,4,6,14,4,10,1,1,0,2,2,0
5438,4,4,11,4,8,2,1,1,0,2,0
5439,9,6,11,2,7,0,1,1,1,2,0
5440,4,4,15,3,8,1,0,1,0,2,0
5441,4,4,14,4,10,1,1,1,1,2,0
5442,8,4,11,2,12,0,1,1,2,2,0
5443,14,4,15,5,13,4,1,0,1,2,0
5444,15,4,1,0,3,1,1,1,2,2,0
5445,8,6,11,2,12,0,1,1,2,2,1
5446,8,4,0,4,1,1,0,0,4,2,0
5447,7,4,11,2,10,0,1,1,2,2,0
5448,5,7,12,4,10,2,1,0,2,2,0
5449,5,4,1,4,5,3,1,1,2,2,0
5450,3,6,15,4,1,1,1,0,1,2,0
5451,6,4,8,4,12,3,1,1,2,2,0
5452,6,4,11,5,4,4,1,0,2,2,0
5453,9,6,11,2,5,0,1,1,3,2,0
5454,3,4,15,4,12,3,1,0,1,2,0
5455,8,4,12,0,4,3,1,0,2,2,0
5456,9,2,2,2,11,0,1,1,2,2,1
5457,5,4,11,0,8,1,1,0,2,2,0
5458,5,4,15,4,1,1,1,0,2,2,0
5459,8,4,15,2,8,0,1,1,2,4,1
5460,7,4,11,2,1,0,1,1,2,2,0
5461,12,4,11,2,3,0,1,1,2,2,0
5462,11,4,15,2,3,0,1,1,2,2,0
5463,9,4,1,2,3,0,1,1,2,2,0
5464,8,1,9,0,1,4,0,0,2,2,0
5465,4,6,8,4,3,1,1,1,0,2,0
5466,5,4,11,2,6,0,1,1,2,2,0
5467,7,5,12,2,4,0,0,1,2,2,0
5468,13,4,11,2,7,0,0,1,0,2,0
5469,6,2,11,0,1,1,1,0,2,2,0
5470,6,7,9,4,1,1,1,0,2,2,0
5471,6,7,9,0,10,1,1,0,2,2,0
5472,9,6,9,0,10,3,0,0,1,0,0
5473,6,4,11,2,3,0,1,1,2,2,1
5474,9,4,11,2,3,0,1,1,2,2,0
5475,5,4,9,4,4,3,1,1,2,2,0
5476,7,4,15,2,8,5,1,0,2,2,0
5477,3,2,5,4,8,2,1,0,1,2,0
5478,4,4,11,0,14,4,1,0,2,2,0
5479,6,4,11,2,14,0,1,1,2,2,0
5480,5,5,11,4,12,3,1,0,2,2,0
5481,8,4,15,5,7,1,1,1,2,2,1
5482,10,4,9,2,4,0,1,1,2,2,0
5483,3,2,9,4,13,1,1,0,1,2,0
5484,5,4,9,4,4,3,0,0,0,2,0
5485,10,4,7,2,7,0,1,1,2,2,1
5486,5,4,10,3,4,1,1,0,2,2,0
5487,13,4,11,2,12,0,1,1,2,2,0
5488,8,4,11,4,1,3,1,0,2,2,0
5489,4,4,15,4,8,4,1,0,1,2,0
5490,4,0,8,4,0,1,1,1,2,2,0
5491,6,4,4,2,3,0,1,1,2,2,1
5492,13,4,9,2,12,0,1,1,1,2,0
5493,10,4,6,2,8,0,1,1,2,2,1
5494,8,4,12,0,4,1,1,1,2,2,0
5495,8,4,14,2,10,0,1,1,1,2,1
5496,8,4,6,2,12,5,1,0,2,2,1
5497,9,5,11,0,13,1,1,1,1,2,0
5498,4,6,11,2,4,0,0,1,1,4,1
5499,4,4,9,4,1,1,0,1,1,2,0
5500,3,6,15,4,4,1,1,0,0,2,0
5501,4,4,2,4,12,2,1,0,2,1,0
5502,14,2,11,2,1,0,1,1,2,2,0
5503,5,4,9,2,6,0,0,1,2,1,1
5504,7,4,0,2,8,0,0,1,2,2,0
5505,5,0,9,3,6,1,1,1,1,2,0
5506,7,6,11,2,14,0,1,1,1,2,1
5507,9,6,5,4,5,3,1,1,3,2,0
5508,9,6,11,2,4,0,1,1,2,2,0
5509,11,4,9,2,12,0,0,1,2,2,1
5510,8,4,11,3,8,1,0,0,3,2,0
5511,9,4,11,2,3,0,1,1,2,2,1
5512,3,1,15,4,3,1,1,1,2,2,0
5513,10,4,11,2,12,0,1,1,2,2,0
5514,9,4,11,2,1,0,1,1,2,2,0
5515,15,4,12,2,5,0,1,1,0,1,0
5516,7,4,15,0,8,1,0,0,1,2,0
5517,10,4,9,2,12,0,1,1,2,2,0
5518,3,2,9,4,10,3,1,0,3,2,0
5519,6,6,11,2,12,0,0,1,2,2,1
5520,6,4,9,2,12,0,1,1,2,2,0
5521,9,4,12,4,4,1,1,1,2,2,0
5522,12,4,11,6,12,4,0,1,2,4,0
5523,17,4,11,5,6,4,1,0,1,2,0
5524,5,4,1,4,3,3,1,1,0,2,0
5525,4,4,8,4,12,1,1,1,2,2,0
5526,6,4,15,4,1,3,1,0,2,2,0
5527,13,7,0,2,1,0,1,1,2,2,1
5528,10,4,7,5,12,1,1,1,2,2,0
5529,9,4,11,2,7,5,1,0,2,2,1
5530,6,4,11,2,3,0,1,1,2,2,1
5531,11,4,9,2,3,0,1,1,2,2,1
5532,9,4,9,2,10,0,1,1,2,2,0
5533,6,4,15,2,12,0,1,1,2,2,0
5534,7,5,15,0,12,4,1,0,2,2,0
5535,7,6,15,2,12,0,1,1,3,2,1
5536,6,6,11,2,14,0,1,1,2,2,1
5537,11,7,9,4,10,1,1,1,2,2,0
5538,8,4,11,0,6,4,1,1,2,2,0
5539,4,4,11,4,8,3,0,0,1,2,0
5540,9,4,9,5,4,4,0,1,3,2,0
5541,9,4,11,4,3,3,1,1,2,2,0
5542,6,4,9,4,12,1,1,0,2,2,0
5543,4,4,15,4,1,1,1,1,1,2,0
5544,10,4,14,2,10,0,0,1,2,2,1
5545,5,2,11,2,3,0,1,1,2,2,0
5546,5,4,8,4,3,3,1,1,2,2,0
5547,10,4,11,2,8,0,0,1,2,2,0
5548,8,7,9,2,11,0,1,1,2,2,1
5549,12,4,9,2,12,5,1,0,2,2,0
5550,7,4,7,2,3,0,1,1,2,2,1
5551,7,4,9,2,10,0,0,1,2,0,1
5552,12,7,7,5,4,4,1,0,2,2,0
5553,7,4,10,0,10,1,0,0,2,0,0
5554,8,4,9,2,1,5,1,0,2,2,1
5555,5,1,9,4,1,3,1,0,3,2,0
5556,5,6,11,3,3,1,1,1,2,2,0
5557,10,4,11,0,8,1,0,0,2,0,0
5558,4,4,9,4,4,1,1,0,1,2,0
5559,7,4,0,2,8,5,0,0,2,2,1
5560,8,4,11,0,7,1,1,1,2,1,0
5561,3,2,12,4,10,3,0,1,3,2,0
5562,8,6,15,2,3,0,1,1,2,2,1
5563,8,7,7,0,4,4,0,0,2,2,1
5564,6,4,5,0,8,4,1,0,2,2,0
5565,7,4,15,2,3,0,1,1,2,2,1
5566,4,4,8,4,3,3,0,0,2,0,0
5567,3,6,14,4,10,1,1,1,1,2,0
5568,5,2,10,2,10,0,1,1,1,2,1
5569,7,4,15,2,12,0,1,1,2,2,0
5570,3,4,15,4,8,1,1,0,2,2,0
5571,8,4,11,2,1,5,1,0,3,2,0
5572,11,4,11,5,8,2,1,0,2,2,0
5573,5,4,11,4,12,3,1,1,2,2,0
5574,10,4,9,2,12,0,1,1,2,2,0
5575,4,4,11,4,1,1,1,0,0,2,0
5576,7,5,11,0,4,1,1,1,3,2,0
5577,4,4,11,0,13,1,0,0,2,2,0
5578,6,4,10,2,5,0,1,1,2,1,0
5579,4,4,11,4,1,3,1,0,2,2,0
5580,5,1,9,4,13,3,1,0,2,2,0
5581,9,4,2,0,8,1,1,1,1,2,0
5582,5,4,1,4,8,3,1,1,2,2,0
5583,12,4,15,2,1,5,0,0,2,0,1
5584,3,4,0,4,8,4,1,0,0,2,0
5585,9,4,11,2,1,5,1,0,1,2,0
5586,7,4,15,4,7,1,1,0,1,2,1
5587,5,7,15,2,11,0,1,1,2,2,1
5588,12,0,1,2,0,0,1,1,2,2,1
5589,12,4,9,2,4,0,1,1,2,2,1
5590,6,4,15,4,12,3,1,1,2,2,0
5591,12,4,11,2,3,0,0,1,2,2,0
5592,4,4,9,4,4,1,1,0,2,2,0
5593,4,4,15,4,1,1,1,0,2,2,0
5594,4,4,11,4,6,2,1,0,2,2,0
5595,11,4,11,2,8,0,1,1,2,2,1
5596,8,4,9,2,12,0,1,1,2,2,0
5597,5,1,15,4,1,4,1,0,2,2,0
5598,5,4,9,4,1,1,1,0,2,2,0
5599,11,4,11,6,8,1,1,0,2,2,0
5600,9,4,6,2,7,0,0,1,2,2,1
5601,9,7,12,2,4,0,1,1,2,2,0
5602,7,4,8,2,6,0,1,1,2,2,0
5603,10,1,9,0,10,4,1,0,2,2,0
5604,8,4,11,2,7,0,1,1,1,2,1
5605,10,4,15,2,12,0,1,1,1,2,1
5606,6,4,15,4,12,1,1,1,2,2,0
5607,8,4,15,2,7,0,1,1,2,2,1
5608,7,4,15,4,4,1,1,0,3,2,0
5609,8,4,15,0,8,3,1,1,2,2,0
5610,12,2,10,0,10,3,1,1,2,2,0
5611,5,4,12,2,10,0,1,1,2,2,1
5612,4,4,11,4,8,1,1,0,2,2,0
5613,8,4,5,2,8,0,0,1,2,2,1
5614,6,4,15,0,5,1,1,1,2,2,0
5615,12,4,9,2,3,0,1,1,2,2,0
5616,7,4,9,2,11,0,1,1,2,2,0
5617,10,4,15,2,6,0,0,1,2,2,1
5618,11,4,15,5,1,1,0,0,2,2,0
5619,5,4,15,4,1,1,0,1,2,2,0
5620,5,6,11,4,3,1,1,1,2,2,0
5621,13,4,11,0,7,1,1,1,2,2,0
5622,13,4,7,2,13,0,1,1,2,2,0
5623,10,0,9,4,0,1,1,1,2,2,0
5624,5,4,9,4,13,1,1,0,3,2,0
5625,5,4,9,4,12,3,1,1,2,2,0
5626,4,4,11,4,12,1,1,1,1,2,0
5627,7,6,9,2,3,0,1,1,2,2,0
5628,6,4,1,2,14,0,1,1,3,2,0
5629,9,4,11,5,12,1,1,1,2,2,1
5630,6,6,11,3,7,2,0,1,2,2,0
5631,4,4,15,4,4,1,0,0,2,0,0
5632,9,4,15,2,14,0,1,1,1,4,0
5633,8,2,9,2,4,0,1,1,2,2,0
5634,12,7,15,4,11,1,1,1,4,2,1
5635,8,4,11,2,12,0,1,1,2,2,0
5636,8,0,11,2,0,0,1,1,3,2,0
5637,5,4,9,2,12,0,1,1,2,2,1
5638,7,6,9,2,4,0,1,1,2,1,1
5639,11,4,8,2,10,0,1,1,1,2,0
5640,8,4,5,2,3,0,1,1,3,2,1
5641,10,4,11,2,4,0,1,1,2,2,0
5642,8,4,11,3,3,4,1,1,2,2,0
5643,5,4,9,2,10,0,1,1,1,2,0
5644,8,6,9,2,1,0,1,1,2,2,0
5645,5,1,15,4,7,3,1,0,2,2,0
5646,9,2,11,2,8,0,0,1,3,2,1
5647,5,4,12,4,12,3,1,0,2,2,0
5648,5,4,9,2,1,5,1,0,2,2,1
5649,11,4,1,0,8,1,1,1,2,2,0
5650,7,4,15,2,3,0,1,1,3,2,0
5651,9,0,11,2,0,0,1,1,2,2,0
5652,4,7,15,4,10,3,1,0,2,2,0
5653,10,4,11,2,1,0,1,1,2,2,1
5654,4,7,9,4,4,1,1,0,2,2,0
5655,8,1,15,2,1,0,1,1,2,2,1
5656,8,4,11,2,3,0,1,1,2,2,1
5657,7,4,2,2,5,0,0,1,2,4,1
5658,17,4,11,0,7,3,1,1,1,2,0
5659,12,4,15,0,8,3,1,0,1,2,0
5660,8,4,0,4,8,1,1,0,2,2,0
5661,5,4,8,4,3,3,1,1,2,2,0
5662,6,4,15,2,1,2,1,0,2,2,0
5663,3,4,15,4,3,3,1,1,4,2,0
5664,8,4,2,5,6,1,1,1,2,2,0
5665,9,5,15,2,4,5,0,0,2,2,0
5666,8,4,11,2,4,0,1,1,2,2,1
5667,9,4,15,2,10,0,1,1,2,2,1
5668,5,4,11,4,14,3,1,1,2,2,0
5669,11,4,11,4,7,3,1,1,2,2,0
5670,11,5,9,2,10,0,1,1,2,2,0
5671,16,4,15,0,4,1,1,1,1,2,0
5672,9,4,11,2,5,0,1,1,2,2,0
5673,4,4,7,4,8,1,1,0,1,2,0
5674,10,7,9,2,4,0,1,1,1,1,1
5675,10,4,7,5,1,4,0,0,2,2,0
5676,4,2,9,4,10,3,0,0,1,2,0
5677,12,6,15,2,12,0,1,1,4,2,0
5678,9,4,11,0,7,0,1,1,1,2,1
5679,13,4,11,2,8,0,1,1,0,2,0
5680,11,4,11,0,8,1,0,1,2,2,0
5681,7,4,11,2,12,0,1,1,1,2,1
5682,9,4,11,0,3,1,1,0,2,2,0
5683,8,4,11,4,12,3,1,1,2,2,0
5684,4,4,9,2,4,0,1,1,1,2,0
5685,14,0,15,2,0,0,1,1,1,2,1
5686,6,4,11,2,3,0,1,1,2,2,0
5687,15,4,2,6,8,3,1,1,0,2,0
5688,7,4,11,2,8,0,1,1,2,2,1
5689,5,4,15,2,1,0,1,1,2,2,1
5690,8,4,9,2,4,2,1,1,2,2,0
5691,7,4,2,0,9,4,0,0,2,2,0
5692,7,4,8,2,6,0,1,1,2,2,0
5693,7,4,15,2,12,5,1,0,2,2,0
5694,8,1,5,2,10,0,1,1,2,2,1
5695,6,4,9,3,1,1,1,0,1,2,0
5696,3,4,5,4,6,3,1,0,2,2,0
5697,10,0,0,0,0,4,1,1,1,2,0
5698,9,4,0,2,3,0,1,1,2,2,0
5699,7,4,8,2,3,0,1,1,1,2,1
5700,9,0,11,2,0,0,0,1,2,2,1
5701,11,5,9,2,10,0,1,1,2,1,1
5702,4,4,11,4,3,1,1,1,2,2,0
5703,8,1,10,2,10,0,1,1,2,2,1
5704,6,4,11,3,5,4,1,1,2,2,0
5705,5,0,9,0,0,4,1,1,2,2,0
5706,5,4,9,4,3,3,1,1,2,2,0
5707,9,6,12,2,4,0,1,1,3,2,1
5708,5,4,9,3,6,1,1,0,2,2,0
5709,8,4,15,2,12,0,1,1,3,2,0
5710,10,5,7,2,4,0,0,1,2,2,0
5711,10,4,11,2,7,0,1,1,3,2,1
5712,5,4,15,6,8,4,1,0,2,2,0
5713,5,4,15,4,3,2,1,1,2,2,0
5714,5,4,11,4,8,1,1,0,2,2,0
5715,3,4,11,4,3,3,1,1,2,2,0
5716,9,6,9,2,12,0,1,1,2,2,1
5717,5,4,11,4,14,3,1,0,2,2,0
5718,8,4,12,2,10,5,1,0,2,2,1
5719,6,4,9,4,10,1,1,1,1,2,0
5720,8,4,9,0,4,1,1,1,2,2,0
5721,10,4,11,2,3,0,1,1,2,4,1
5722,6,4,15,4,5,1,1,1,1,2,1
5723,12,2,15,2,11,0,1,1,2,2,1
5724,7,4,11,2,1,0,1,1,2,2,0
5725,5,0,1,4,6,1,0,0,1,2,0
5726,9,7,14,2,10,0,1,1,2,2,0
5727,8,4,9,4,10,1,1,1,2,2,0
5728,7,4,15,0,8,4,1,1,2,2,0
5729,10,2,9,2,4,0,1,1,2,2,0
5730,5,7,0,5,8,4,1,0,2,2,0
5731,6,4,8,2,1,0,1,1,2,2,0
5732,4,4,15,4,3,1,1,1,2,2,0
5733,6,4,7,2,8,0,0,1,2,2,1
5734,5,1,8,2,13,0,1,1,2,2,1
5735,5,4,15,4,6,1,1,1,2,2,0
5736,14,4,11,2,11,0,1,1,1,2,0
5737,7,4,15,2,13,0,1,1,2,2,0
5738,4,4,15,4,13,1,1,1,1,0,0
5739,7,2,11,2,14,0,1,1,3,4,0
5740,12,4,0,2,3,0,1,1,1,2,0
5741,7,4,15,4,12,3,1,0,2,2,0
5742,11,2,5,2,8,5,1,0,1,2,0
5743,10,4,11,6,7,1,1,0,2,2,0
5744,14,4,9,3,4,4,1,0,1,2,0
5745,10,4,9,2,1,0,1,1,2,2,0
5746,6,4,11,0,1,4,1,0,2,2,0
5747,8,6,11,2,4,0,1,1,2,2,1
5748,9,4,8,0,12,1,1,0,2,2,1
5749,4,2,14,2,10,5,1,0,2,2,0
5750,6,4,11,2,7,0,1,1,2,2,1
5751,15,4,15,6,1,1,0,1,0,2,0
5752,8,2,11,2,3,0,1,1,2,2,1
5753,3,4,10,4,10,3,1,1,2,2,0
5754,6,4,8,2,3,0,0,1,3,2,0
5755,10,6,9,2,4,0,1,1,2,2,1
5756,8,4,9,2,10,0,1,1,2,2,1
5757,12,4,15,2,12,0,0,1,2,2,1
5758,6,6,12,2,5,0,1,1,2,2,1
5759,5,4,11,2,7,0,1,1,2,2,1
5760,11,4,9,2,10,0,0,1,2,2,1
5761,8,6,12,6,5,4,1,1,1,2,0
5762,10,4,2,0,9,4,1,0,2,2,0
5763,9,1,8,2,1,5,1,0,1,2,0
5764,4,4,0,4,3,1,1,1,2,2,0
5765,12,5,9,2,4,0,0,1,1,2,0
5766,6,2,9,4,10,4,1,0,2,2,0
5767,5,4,9,4,10,1,1,1,1,2,0
5768,9,4,11,2,3,0,1,1,2,2,0
5769,11,4,11,5,12,1,1,0,2,2,0
5770,8,4,1,2,3,0,1,1,2,2,0
5771,9,7,9,2,11,0,1,1,2,2,1
5772,11,4,4,2,6,0,1,1,2,2,0
5773,9,4,9,4,4,1,0,1,2,4,0
5774,6,4,11,4,8,3,1,0,2,2,0
5775,7,4,15,2,4,5,1,0,2,2,1
5776,8,4,11,4,7,3,1,1,1,2,0
5777,6,4,8,2,12,0,1,1,2,2,0
5778,5,4,15,4,10,1,1,1,2,2,0
5779,6,4,9,4,1,3,0,1,2,0,0
5780,12,4,12,4,8,1,1,0,2,2,0
5781,12,4,11,2,7,0,1,1,2,2,0
5782,9,5,12,2,10,0,0,1,3,2,1
5783,16,4,5,4,8,4,0,0,1,2,0
5784,11,4,0,2,8,0,1,1,2,2,1
5785,6,4,1,2,3,0,1,1,2,1,0
5786,6,4,9,0,11,3,0,1,2,2,0
5787,5,4,8,2,7,0,1,1,2,2,0
5788,11,6,11,2,10,0,0,1,2,2,0
5789,10,4,7,2,13,0,1,1,2,2,1
5790,8,7,9,6,10,4,1,0,2,2,0
5791,7,4,1,2,3,0,1,1,1,2,1
5792,5,4,11,4,4,1,1,0,2,2,0
5793,9,4,15,2,7,0,1,1,2,2,0
5794,13,4,11,6,12,1,1,0,1,2,0
5795,9,7,15,0,11,1,0,1,2,2,0
5796,10,2,11,2,11,0,1,1,2,2,1
5797,9,4,4,0,1,2,1,0,2,2,0
5798,8,4,15,6,12,1,1,0,2,2,0
5799,9,6,11,2,4,0,1,1,2,2,1
5800,11,4,15,6,1,1,1,0,2,2,0
5801,6,4,11,4,12,1,1,1,2,2,0
5802,5,4,15,4,6,3,1,0,2,2,0
5803,3,0,11,2,0,0,0,1,3,4,1
5804,17,4,11,5,1,4,1,0,1,2,0
5805,7,4,10,2,10,0,1,1,2,2,0
5806,8,4,11,2,14,0,1,1,2,2,1
5807,8,2,9,2,10,0,1,1,2,2,0
5808,8,4,9,2,4,0,1,1,3,2,1
5809,7,6,2,2,5,0,1,1,1,1,1
5810,5,4,11,0,1,3,1,1,2,2,0
5811,10,4,9,2,4,0,0,1,2,2,0
5812,6,4,9,0,4,4,1,0,2,2,0
5813,6,4,11,0,10,1,1,0,2,2,1
5814,4,4,12,4,12,1,1,0,1,2,1
5815,9,4,11,2,8,5,1,0,1,2,0
5816,12,4,15,2,3,0,1,1,2,2,0
5817,9,4,9,2,4,0,1,1,3,2,0
5818,9,4,11,2,1,2,1,0,1,2,0
5819,5,4,8,2,10,0,1,1,1,2,1
5820,11,4,12,2,4,0,1,1,2,2,0
5821,6,4,11,2,4,5,1,0,2,2,0
5822,4,4,11,4,12,3,1,1,0,2,0
5823,6,4,11,2,4,0,1,1,2,2,0
5824,8,5,11,5,14,4,1,0,1,2,0
5825,10,1,11,2,1,0,1,1,3,2,0
5826,8,4,11,0,7,1,1,1,1,2,0
5827,6,2,5,4,8,1,0,0,3,2,0
5828,8,4,7,5,12,4,1,0,2,2,0
5829,8,4,14,0,10,1,1,1,2,1,0
5830,3,4,9,4,10,1,1,1,1,2,0
5831,8,2,11,2,14,5,1,0,2,2,1
5832,5,7,10,0,10,1,1,1,1,2,0
5833,7,4,9,2,10,0,1,1,1,2,1
5834,7,4,9,2,10,0,1,1,2,2,1
5835,6,4,8,4,1,1,1,0,2,2,0
5836,12,4,11,5,6,1,1,1,2,2,0
5837,4,4,12,4,10,3,0,0,1,2,0
5838,6,2,12,4,10,3,1,0,2,2,0
5839,6,6,9,2,4,0,1,1,2,2,1
5840,6,5,14,5,4,4,1,0,2,2,0
5841,4,0,11,4,0,1,0,0,2,2,0
5842,4,0,15,4,0,3,0,0,2,2,0
5843,9,4,12,0,12,1,0,0,2,2,0
5844,10,4,11,2,4,0,1,1,1,2,0
5845,4,4,11,3,6,1,0,1,1,0,0
5846,5,4,15,2,1,0,1,1,2,2,0
5847,8,4,7,2,10,0,1,1,2,2,0
5848,11,4,8,0,3,1,0,1,2,2,1
5849,4,4,4,4,1,3,1,0,1,2,0
5850,4,6,11,0,1,4,1,0,2,2,0
5851,7,2,9,4,10,1,1,0,1,2,0
5852,6,4,11,2,8,5,0,0,4,2,0
5853,4,4,11,4,8,1,1,0,1,2,0
5854,13,4,9,0,1,4,1,0,0,2,0
5855,7,2,15,0,11,1,1,1,2,2,0
5856,8,4,15,2,4,0,1,1,2,2,1
5857,5,4,6,4,14,1,1,1,2,2,0
5858,7,0,0,2,0,0,1,1,2,2,0
5859,4,4,11,2,3,0,1,1,1,2,1
5860,10,4,14,0,10,1,1,1,2,2,0
5861,6,4,15,4,4,3,1,0,1,2,0
5862,9,2,11,2,3,0,1,1,1,1,1
5863,3,4,9,4,10,3,1,0,1,2,0
5864,4,4,11,4,8,1,1,0,1,2,0
5865,4,4,0,4,8,4,1,0,1,2,0
5866,5,4,8,4,10,3,1,0,3,2,1
5867,11,4,11,2,1,5,1,0,1,2,0
5868,5,4,11,2,7,0,1,1,2,2,1
5869,11,2,9,0,10,1,0,0,2,0,0
5870,8,4,11,0,7,4,1,0,2,2,0
5871,7,4,9,4,13,1,1,1,2,2,0
5872,11,4,12,4,6,2,1,1,2,2,0
5873,7,1,0,2,1,0,1,1,2,2,1
5874,4,2,0,4,8,3,1,1,2,2,0
5875,7,0,11,2,0,0,1,1,1,2,1
5876,5,4,12,2,10,0,1,1,3,2,1
5877,10,4,11,2,3,0,1,1,2,2,0
5878,5,5,15,4,4,1,1,0,2,2,0
5879,10,4,7,2,3,0,1,1,2,2,0
5880,9,4,11,2,8,0,1,1,3,2,0
5881,9,4,10,5,10,2,1,0,2,2,0
5882,5,4,11,5,12,1,1,1,2,2,0
5883,10,4,1,2,14,0,1,1,1,4,0
5884,4,4,9,4,13,3,1,1,1,2,0
5885,14,4,11,3,10,1,1,1,1,2,0
5886,4,4,7,4,12,3,1,0,1,2,0
5887,7,7,15,4,12,3,1,0,2,2,0
5888,11,5,8,2,4,0,1,1,0,2,1
5889,4,5,9,4,4,3,0,0,1,2,0
5890,5,4,9,4,3,3,1,1,1,2,0
5891,7,4,11,2,7,0,0,1,2,2,1
5892,3,4,15,4,11,1,1,1,1,2,0
5893,15,4,6,2,14,0,1,1,0,2,1
5894,5,4,14,3,10,1,1,1,2,2,0
5895,4,4,11,4,4,1,1,1,0,2,0
5896,4,4,11,4,3,3,1,1,1,2,0
5897,10,4,11,2,4,0,1,1,2,2,0
5898,14,7,8,6,10,1,0,0,2,2,0
5899,11,4,15,6,4,1,1,1,2,2,1
5900,5,2,8,4,1,1,1,0,2,2,0
5901,5,7,12,4,10,3,1,1,2,2,0
5902,10,4,15,2,1,0,1,1,2,2,0
5903,7,6,11,4,3,1,1,1,2,2,0
5904,5,7,9,2,10,0,1,1,2,2,1
5905,7,4,11,2,14,0,1,1,3,2,0
5906,8,4,11,4,3,3,0,1,2,2,0
5907,10,2,15,2,10,0,1,1,0,2,1
5908,9,4,15,4,3,1,1,1,2,2,0
5909,11,4,11,2,7,0,1,1,2,2,1
5910,13,4,15,2,3,0,1,1,2,2,0
5911,7,4,7,2,4,0,1,1,1,1,1
5912,7,4,11,4,4,3,1,1,2,2,0
5913,3,4,11,4,8,1,1,0,2,2,0
5914,8,4,15,4,4,3,1,0,3,2,0
5915,8,2,8,2,10,0,1,1,3,2,0
5916,5,4,11,4,14,1,1,1,3,2,0
5917,6,4,11,2,3,0,1,1,3,2,0
5918,12,4,9,5,14,1,1,1,2,2,1
5919,12,4,1,2,3,0,1,1,2,2,1
5920,10,4,11,0,1,4,1,0,2,2,0
5921,6,6,12,2,4,0,1,1,2,2,0
5922,6,4,9,4,13,4,1,0,2,2,0
5923,6,0,1,2,0,0,0,1,3,2,1
5924,9,4,11,2,7,0,1,1,2,2,1
5925,4,4,11,4,3,1,1,1,2,2,0
5926,4,4,2,4,6,1,1,0,2,2,0
5927,13,6,11,6,3,4,1,1,1,2,0
5928,4,4,11,4,7,1,1,0,1,2,0
5929,10,4,11,2,4,0,1,1,2,2,1
5930,3,4,11,4,6,3,0,1,1,2,0
5931,3,4,8,4,4,3,1,1,0,2,0
5932,4,7,15,4,1,1,1,0,0,2,0
5933,9,1,12,2,10,0,1,1,2,2,0
5934,7,6,8,4,4,3,0,1,2,4,0
5935,6,7,15,5,1,4,1,0,0,3,0
5936,9,0,11,2,0,0,1,1,1,2,1
5937,7,1,15,4,1,1,0,0,2,0,0
5938,5,4,5,4,3,1,1,1,2,2,1
5939,3,4,9,4,12,1,1,0,2,2,0
5940,4,2,0,4,8,3,1,0,2,2,0
5941,6,5,9,2,12,0,1,1,2,2,0
5942,11,1,7,0,13,1,1,0,0,2,0
5943,10,4,11,2,8,2,1,0,2,2,0
5944,8,4,15,5,8,4,1,0,2,2,0
5945,7,4,7,2,1,5,1,0,2,2,0
5946,5,4,0,4,7,1,0,1,1,2,0
5947,7,4,7,0,1,1,0,0,1,2,0
5948,4,4,15,4,1,3,1,0,2,2,0
5949,5,1,11,4,1,1,1,0,2,2,0
5950,7,4,11,2,3,0,1,1,2,2,0
5951,8,2,9,2,4,0,1,1,2,2,1
5952,9,6,7,2,4,0,1,1,2,2,0
5953,5,4,11,2,3,0,1,1,2,1,1
5954,8,2,15,2,11,0,1,1,2,2,0
5955,6,2,11,2,11,0,1,1,1,2,0
5956,5,4,11,4,12,1,1,1,2,2,0
5957,8,4,11,2,3,0,1,1,2,2,1
5958,9,4,8,0,3,1,1,0,3,2,0
5959,5,4,15,4,1,3,0,0,2,0,0
5960,9,4,0,2,8,0,0,1,2,2,0
5961,9,4,0,0,1,4,1,0,2,2,0
5962,3,4,11,4,6,1,1,0,2,1,0
5963,8,4,11,2,12,0,0,1,2,2,1
5964,9,4,11,0,10,1,1,1,2,2,0
5965,6,4,15,2,7,0,0,1,2,2,0
5966,6,4,11,2,12,0,1,1,1,2,0
5967,7,4,15,2,8,0,1,1,2,2,0
5968,5,4,7,4,8,4,1,1,3,2,0
5969,12,2,1,2,14,0,0,1,1,4,0
5970,9,4,15,2,12,0,1,1,1,2,1
5971,9,4,0,2,3,0,1,1,2,2,0
5972,13,4,15,6,1,4,1,0,1,2,0
5973,5,4,12,2,10,0,1,1,2,2,1
5974,11,6,1,2,3,0,1,1,2,2,1
5975,7,4,11,4,8,3,1,0,2,2,0
5976,7,6,10,2,5,0,1,1,2,2,0
5977,9,0,11,4,0,3,1,0,1,1,0
5978,7,4,0,2,3,0,1,1,2,2,0
5979,7,4,8,2,3,0,1,1,2,2,1
5980,6,4,15,0,8,4,1,0,2,2,1
5981,10,4,15,3,4,1,1,1,2,2,0
5982,8,6,11,0,8,1,0,0,1,2,0
5983,13,1,15,6,1,4,1,0,0,2,0
5984,8,4,9,4,10,1,1,0,2,2,0
5985,5,4,11,2,8,0,1,1,2,2,0
5986,7,4,9,2,10,0,1,1,3,2,1
5987,11,0,15,4,0,4,1,1,2,2,0
5988,9,4,11,2,3,0,1,1,2,2,1
5989,7,4,3,2,13,0,0,1,2,2,1
5990,9,4,11,2,10,5,1,0,2,2,1
5991,6,4,1,0,14,1,1,1,2,2,0
5992,5,4,9,2,12,0,1,1,2,2,1
5993,10,4,9,2,10,0,1,1,2,2,1
5994,10,4,0,2,3,0,1,1,2,2,1
5995,10,4,11,2,6,0,1,1,2,2,0
5996,9,4,9,2,6,0,1,1,2,2,0
5997,7,6,11,2,5,0,1,1,1,2,0
5998,13,4,11,2,7,0,1,1,1,2,0
5999,6,6,5,4,3,1,1,1,2,2,0
6000,13,4,12,2,10,0,1,1,1,2,0
6001,6,4,15,2,6,0,1,1,2,2,1
6002,9,6,11,5,3,1,1,1,2,2,1
6003,6,1,15,4,1,4,1,0,1,2,0
6004,7,4,14,2,10,0,1,1,2,2,1
6005,9,1,15,2,1,5,0,0,2,2,1
6006,7,4,11,2,6,0,0,1,2,2,1
6007,6,4,8,2,9,0,1,1,2,2,0
6008,8,4,15,2,12,0,1,1,3,2,0
6009,6,6,11,4,3,3,1,1,2,2,0
6010,3,4,11,4,12,4,1,0,1,2,0
6011,5,4,7,3,10,4,1,1,1,2,0
6012,6,4,11,4,12,1,1,0,0,2,0
6013,6,4,15,2,3,0,0,1,3,2,0
6014,5,4,15,4,14,3,1,1,2,2,0
6015,7,4,15,0,12,1,1,0,2,2,0
6016,8,4,5,0,9,4,1,0,1,2,0
6017,12,1,11,4,1,3,1,1,0,2,0
6018,11,4,11,5,1,4,1,0,2,2,0
6019,8,4,0,0,7,1,1,1,2,2,0
6020,10,4,8,2,8,5,1,0,2,2,0
6021,5,4,9,2,12,0,1,1,2,2,0
6022,4,4,15,4,1,4,1,0,2,2,0
6023,8,4,15,0,8,4,1,0,2,2,0
6024,10,4,11,2,7,0,0,1,3,2,0
6025,9,4,6,2,7,0,1,1,2,2,0
6026,8,4,11,2,3,0,0,1,2,2,0
6027,13,4,15,2,4,0,1,1,2,2,0
6028,6,4,15,4,1,3,1,0,3,2,0
6029,9,4,15,2,1,0,1,1,0,2,0
6030,6,2,12,2,10,0,1,1,3,2,0
6031,11,0,2,2,0,5,1,0,2,2,1
6032,5,4,0,4,14,1,1,0,2,2,0
6033,6,4,11,2,3,0,1,1,2,2,0
6034,6,4,15,3,8,1,1,1,2,2,0
6035,7,4,0,4,8,1,1,0,3,2,0
6036,7,4,9,2,14,0,1,1,4,2,1
6037,9,4,9,2,4,0,1,1,2,2,0
6038,12,5,15,2,3,0,1,1,2,2,1
6039,9,6,11,2,5,0,1,1,2,2,0
6040,17,4,15,2,8,0,0,1,1,2,1
6041,10,4,15,2,6,0,1,1,2,2,1
6042,8,4,15,2,7,0,0,1,2,2,1
6043,5,0,15,4,0,1,1,1,2,2,0
6044,11,4,9,5,12,1,1,1,2,2,0
6045,6,2,10,4,10,3,1,1,2,2,0
6046,12,4,9,2,12,5,1,0,2,2,0
6047,3,4,9,4,12,1,1,0,1,2,0
6048,8,2,9,0,4,1,1,1,1,2,0
6049,6,4,11,2,7,0,1,1,1,2,0
6050,9,6,11,2,3,0,1,1,3,2,1
6051,7,4,15,2,3,0,1,1,1,2,0
6052,8,4,11,0,3,4,1,1,2,2,1
6053,13,6,11,2,5,0,1,1,2,2,1
6054,3,0,15,4,1,1,1,0,2,2,0
6055,4,4,0,2,6,0,1,1,2,2,0
6056,5,4,15,4,8,2,1,0,2,2,0
6057,3,4,9,4,12,1,1,1,1,2,0
6058,8,0,1,2,0,0,1,1,2,2,1
6059,10,4,11,2,5,0,1,1,3,2,1
6060,7,4,11,2,12,3,1,0,2,2,0
6061,4,4,9,4,8,1,1,0,0,2,0
6062,8,2,7,2,10,5,1,0,2,2,0
6063,10,4,0,2,12,0,1,1,2,2,0
6064,6,1,9,2,10,0,1,1,2,2,0
6065,10,4,9,2,12,0,1,1,2,2,0
6066,6,4,15,4,4,3,1,1,3,4,0
6067,4,4,15,4,12,3,1,0,2,2,0
6068,5,4,7,4,12,1,1,1,1,2,0
6069,9,2,15,2,13,0,1,1,1,2,1
6070,6,4,15,0,1,3,1,0,2,2,0
6071,8,4,14,2,10,0,0,1,2,2,0
6072,9,4,15,0,12,1,1,1,2,2,0
6073,8,4,15,4,1,1,1,1,2,4,0
6074,7,4,11,0,12,1,1,0,2,2,0
6075,6,4,11,0,8,4,0,0,2,2,0
6076,6,4,7,0,1,4,1,0,2,2,0
6077,10,6,0,2,8,0,1,1,2,2,0
6078,6,4,9,4,10,3,1,0,2,2,0
6079,8,2,11,2,8,5,1,0,2,2,1
6080,11,4,11,6,8,1,1,0,1,2,0
6081,7,4,12,2,4,0,1,1,2,2,1
6082,8,4,6,0,14,1,1,1,2,2,0
6083,6,2,9,0,10,1,1,1,1,2,0
6084,5,4,15,4,3,1,1,1,1,2,0
6085,4,4,11,4,3,3,1,1,1,2,0
6086,6,4,15,2,3,0,1,1,2,2,0
6087,8,6,9,0,12,1,1,0,2,2,0
6088,5,4,5,4,12,3,1,0,2,2,0
6089,7,4,15,2,4,0,1,1,2,2,0
6090,5,4,2,4,5,3,1,1,2,2,0
6091,12,4,11,2,7,0,0,1,2,2,0
6092,5,4,9,4,4,3,1,0,3,2,0
6093,5,4,5,6,8,4,1,0,2,2,0
6094,10,2,0,0,8,4,0,0,2,2,0
6095,10,4,11,4,1,1,1,0,2,2,0
6096,12,4,0,2,12,0,1,1,4,2,0
6097,5,7,11,4,1,1,1,0,2,2,0
6098,6,6,11,4,8,4,1,0,2,2,0
6099,4,4,15,4,1,3,0,0,2,2,0
6100,5,6,9,2,10,0,1,1,2,2,1
6101,13,7,9,6,10,1,1,0,2,2,0
6102,13,2,15,2,4,0,0,1,1,2,1
6103,4,4,3,4,7,3,1,0,2,2,0
6104,3,4,15,4,4,1,1,1,2,2,0
6105,9,4,9,2,3,0,1,1,2,2,0
6106,5,4,1,0,3,4,1,1,2,2,0
6107,10,2,15,2,10,0,1,1,1,2,1
6108,11,4,15,2,4,0,1,1,1,2,1
6109,4,0,11,4,0,1,1,1,2,3,0
6110,13,4,11,2,7,0,0,1,2,2,1
6111,9,4,11,2,3,0,1,1,2,2,0
6112,9,4,12,2,10,0,1,1,2,2,1
6113,12,2,7,2,13,0,1,1,2,2,1
6114,8,5,15,3,10,4,1,0,2,2,0
6115,13,4,9,6,10,1,1,1,2,2,0
6116,10,2,9,0,4,1,0,1,3,2,0
6117,3,4,15,4,7,3,1,0,1,2,0
6118,8,4,11,2,7,5,1,0,2,2,0
6119,7,4,9,2,4,0,1,1,2,2,0
6120,6,0,1,0,0,4,1,0,1,2,0
6121,9,4,8,2,7,0,1,1,2,2,1
6122,7,4,5,2,3,0,1,1,2,2,1
6123,3,4,11,4,3,3,1,1,2,2,0
6124,5,6,14,4,10,3,1,1,2,2,0
6125,8,4,11,0,1,2,0,0,2,0,0
6126,8,5,15,6,12,1,0,1,2,2,0
6127,9,6,9,0,4,1,1,0,2,2,0
6128,13,4,9,0,12,1,1,1,2,2,0
6129,10,4,9,4,12,3,1,0,2,2,0
6130,7,6,9,4,10,1,1,1,2,2,0
6131,10,4,15,0,5,1,1,1,2,2,0
6132,4,4,9,4,10,3,1,1,2,2,0
6133,8,4,8,2,3,5,0,0,2,2,1
6134,8,4,15,4,8,3,1,1,2,2,0
6135,4,0,15,4,0,1,1,0,1,2,0
6136,5,7,15,4,1,1,1,0,2,2,0
6137,8,4,12,2,10,0,1,1,2,2,0
6138,8,4,11,2,7,0,0,1,1,2,1
6139,5,4,9,4,4,1,1,0,2,2,1
6140,6,4,9,2,10,0,1,1,2,2,1
6141,7,4,15,5,7,4,1,0,2,2,0
6142,8,1,9,2,4,0,1,1,2,2,0
6143,8,4,2,2,6,5,0,1,2,2,0
6144,8,4,11,2,7,5,1,0,2,2,1
6145,5,4,8,2,10,0,1,1,2,2,1
6146,6,4,11,2,11,0,1,1,2,2,1
6147,5,1,11,2,1,0,0,1,2,2,0
6148,9,6,11,2,5,0,1,1,2,2,0
6149,3,4,11,4,4,3,1,1,1,2,0
6150,7,4,11,2,3,0,1,1,1,2,1
6151,5,4,12,2,4,0,1,1,1,2,0
6152,7,4,15,2,13,0,1,1,2,2,0
6153,4,7,14,4,10,1,1,0,2,2,0
6154,11,7,14,2,10,0,1,1,2,2,1
6155,9,2,6,5,3,4,1,1,3,2,0
6156,9,4,11,2,8,0,1,1,2,2,0
6157,6,4,6,2,14,0,0,1,2,2,0
6158,7,4,11,0,1,4,1,0,2,2,0
6159,10,4,11,2,12,0,1,1,2,2,0
6160,4,4,15,4,8,3,1,0,0,2,0
6161,10,4,11,2,1,0,1,1,2,2,0
6162,12,2,14,2,10,0,1,1,4,2,0
6163,5,4,11,4,1,3,1,0,2,2,0
6164,11,7,12,0,10,4,1,0,4,2,0
6165,4,6,11,4,1,1,1,1,1,2,0
6166,5,4,1,4,8,1,1,0,2,2,0
6167,6,4,11,4,7,1,0,0,2,2,0
6168,12,4,9,2,12,0,0,1,2,0,0
6169,8,4,11,2,3,0,1,1,2,2,0
6170,13,4,15,2,13,0,1,1,2,2,1
6171,11,4,9,2,10,0,1,1,2,2,0
6172,10,0,11,4,0,4,1,0,0,2,0
6173,6,4,2,0,9,1,0,1,1,2,0
6174,5,4,11,4,12,3,1,1,2,2,0
6175,8,4,11,2,4,0,1,1,2,2,1
6176,7,4,9,2,4,0,1,1,2,2,0
6177,13,4,11,0,8,1,1,1,2,2,0
6178,11,0,15,6,0,1,1,0,2,2,1
6179,5,4,11,4,5,3,1,0,1,2,0
6180,11,4,11,2,1,0,1,1,2,2,1
6181,4,4,11,4,1,3,1,0,1,2,0
6182,4,4,15,4,11,1,1,1,2,2,0
6183,6,5,15,5,11,1,1,1,1,2,0
6184,5,7,11,2,4,0,1,1,2,2,1
6185,7,4,11,2,8,0,1,1,2,2,0
6186,10,4,7,2,8,0,1,1,3,2,1
6187,4,6,5,4,8,3,1,1,2,2,0
6188,6,4,11,4,8,3,1,0,2,2,0
6189,4,4,11,4,12,3,1,0,1,2,0
6190,4,7,11,2,11,0,1,1,2,2,0
6191,8,4,11,2,7,0,1,1,2,2,1
6192,4,1,8,4,1,3,1,0,2,2,0
6193,10,4,9,0,10,4,1,0,2,2,0
6194,9,4,11,0,12,2,1,1,2,2,0
6195,8,4,8,4,10,1,1,1,2,2,0
6196,17,4,12,2,4,0,1,1,1,2,0
6197,4,4,14,4,10,1,1,1,1,2,0
6198,12,4,14,2,10,0,0,1,2,4,1
6199,4,2,9,4,4,1,1,0,2,2,0
6200,5,4,4,4,8,1,1,0,2,2,0
6201,8,4,9,0,3,1,1,1,2,2,0
6202,6,4,15,2,8,0,1,1,2,2,1
6203,4,4,15,4,4,3,1,1,1,2,0
6204,5,4,11,2,3,0,1,1,2,2,0
6205,11,4,12,5,10,1,1,0,2,2,0
6206,4,4,0,4,3,3,1,1,2,2,0
6207,6,2,11,2,8,0,1,1,1,2,0
6208,5,4,11,4,8,4,1,0,2,2,0
6209,8,6,15,2,5,0,1,1,1,2,0
6210,4,5,9,4,10,1,1,1,3,2,0
6211,6,2,15,2,8,0,1,1,2,2,1
6212,14,4,9,1,4,4,1,0,2,2,0
6213,8,7,5,2,8,5,1,0,2,2,0
6214,9,7,11,2,10,0,1,1,2,2,0
6215,10,4,5,2,9,0,1,1,2,2,1
6216,7,4,15,0,12,3,1,1,2,2,0
6217,10,0,15,4,0,2,0,1,2,2,0
6218,9,4,15,2,11,0,1,1,2,2,1
6219,7,4,15,0,12,1,1,0,1,2,0
6220,4,4,0,4,7,3,1,1,1,2,0
6221,8,0,15,4,0,1,1,1,2,2,0
6222,7,0,2,2,0,0,1,1,2,2,0
6223,6,6,9,2,12,0,1,1,3,2,0
6224,7,5,11,2,4,0,1,1,1,2,1
6225,4,4,9,4,10,3,1,1,2,2,0
6226,3,4,15,4,3,1,1,1,1,4,0
6227,7,4,11,2,3,0,1,1,1,2,1
6228,5,4,15,2,7,0,1,1,1,2,1
6229,9,6,0,2,5,0,1,1,1,2,1
6230,9,4,11,5,7,4,1,0,2,2,0
6231,7,0,11,2,0,0,0,1,1,2,0
6232,11,4,11,5,7,1,1,0,2,2,0
6233,7,2,9,4,10,3,1,0,2,2,0
6234,6,4,9,5,4,2,1,0,3,2,0
6235,4,4,11,0,7,4,1,0,2,2,0
6236,12,0,11,4,0,1,1,1,2,4,0
6237,9,4,11,2,12,0,1,1,2,2,0
6238,10,2,12,2,10,0,1,1,1,2,0
6239,9,4,15,2,10,0,1,1,2,2,0
6240,11,2,9,2,11,0,1,1,1,2,1
6241,6,4,9,4,13,1,1,1,2,2,0
6242,12,4,9,2,10,0,1,1,2,2,1
6243,11,2,15,2,1,0,1,1,2,2,0
6244,7,4,15,2,12,0,0,1,2,0,1
6245,7,4,9,2,4,0,1,1,2,2,1
6246,6,4,11,2,3,0,0,1,2,2,0
6247,9,6,11,4,12,3,1,0,2,2,0
6248,9,6,11,2,3,0,1,1,2,2,0
6249,7,4,11,0,12,4,1,0,2,2,0
6250,5,4,9,4,13,3,1,1,2,2,0
6251,3,4,6,4,14,1,1,1,0,2,1
6252,7,4,11,2,1,5,1,0,2,2,1
6253,5,4,9,4,11,1,1,1,2,2,0
6254,4,4,7,0,7,4,1,1,2,2,0
6255,9,4,9,2,1,0,1,1,2,2,0
6256,4,4,15,0,13,1,0,0,2,0,0
6257,6,2,15,4,10,3,1,0,1,2,0
6258,8,7,15,5,1,4,1,0,2,2,0
6259,9,4,11,4,5,3,1,1,2,2,1
6260,5,4,1,4,8,1,1,0,2,2,0
6261,9,4,15,2,7,0,1,1,3,2,1
6262,6,4,11,0,8,4,1,0,1,2,0
6263,4,4,15,4,8,4,1,0,1,2,0
6264,6,4,15,2,10,0,1,1,4,2,0
6265,7,4,15,2,3,0,1,1,2,2,1
6266,9,4,8,2,8,0,1,1,2,2,0
6267,8,4,11,2,3,0,1,1,2,2,1
6268,3,1,15,4,4,1,0,1,0,2,0
6269,5,4,9,4,6,3,1,1,1,2,0
6270,4,4,11,2,1,0,1,1,0,2,0
6271,10,4,9,4,1,1,1,0,2,2,0
6272,12,4,8,2,13,0,1,1,2,2,0
6273,5,4,4,4,8,1,1,0,2,2,0
6274,6,4,11,2,5,0,1,1,2,2,1
6275,9,6,11,2,12,0,1,1,3,2,1
6276,11,4,8,2,13,0,1,1,0,2,0
6277,4,4,9,2,6,0,1,1,2,2,0
6278,3,4,15,4,14,1,1,1,2,2,1
6279,9,6,9,2,4,0,1,1,1,2,1
6280,13,2,15,2,13,0,1,1,2,2,0
6281,3,5,9,5,4,1,1,1,2,2,0
6282,5,0,11,2,3,0,1,1,2,2,0
6283,10,4,12,4,10,1,1,1,0,2,0
6284,12,4,15,2,8,0,1,1,2,2,1
6285,6,5,9,0,4,1,1,0,2,2,0
6286,5,4,1,0,3,3,1,1,2,2,0
6287,7,2,14,2,10,0,1,1,2,2,0
6288,11,4,6,2,14,0,1,1,1,2,1
6289,8,2,8,0,10,2,1,0,2,2,0
6290,4,4,11,4,3,3,1,1,2,1,0
6291,4,4,9,4,3,1,1,1,2,2,0
6292,6,4,0,2,4,0,1,1,2,2,1
6293,9,4,11,2,5,0,1,1,2,2,1
6294,8,6,6,2,12,5,1,0,2,2,0
6295,9,4,9,4,1,1,0,0,2,2,0
6296,3,4,9,4,8,3,1,0,0,2,0
6297,4,4,8,2,9,0,0,1,2,2,0
6298,4,4,11,2,1,0,1,1,2,2,0
6299,7,2,11,4,8,3,1,0,2,2,0
6300,4,0,12,4,0,3,1,1,2,2,0
6301,4,4,11,4,7,1,1,1,2,2,1
6302,9,4,15,0,10,1,1,0,2,2,0
6303,4,4,6,4,7,3,0,1,2,2,0
6304,4,4,0,5,5,4,1,1,2,2,0
6305,6,4,7,0,1,3,1,1,2,2,0
6306,5,1,9,4,13,3,1,1,2,2,0
6307,6,4,15,4,4,1,1,1,2,2,1
6308,8,4,11,2,1,0,1,1,2,2,0
6309,9,4,11,2,4,0,1,1,2,2,1
6310,8,4,4,2,3,0,1,1,2,4,1
6311,8,4,15,4,1,4,1,0,2,2,0
6312,13,4,11,2,6,0,0,1,2,2,1
6313,7,4,1,2,7,0,1,1,2,2,1
6314,4,4,15,2,6,0,1,1,1,2,0
6315,6,1,11,4,1,1,1,0,1,2,0
6316,11,7,2,2,5,0,1,1,2,2,0
6317,9,5,15,2,11,0,1,1,1,2,0
6318,5,4,11,4,4,3,1,0,1,2,0
6319,10,4,15,4,8,1,0,0,2,0,0
6320,8,6,11,4,12,1,1,1,2,2,0
6321,14,5,15,1,12,3,1,1,1,2,0
6322,6,4,11,4,8,3,1,0,2,2,0
6323,9,4,11,4,12,1,1,1,2,2,0
6324,9,4,15,2,3,0,1,1,2,2,1
6325,4,4,15,4,12,1,0,0,2,0,0
6326,5,6,11,4,3,3,1,1,2,2,0
6327,10,4,9,0,4,1,1,1,2,1,0
6328,12,4,11,2,1,2,1,0,4,2,0
6329,7,4,7,2,1,0,1,1,2,2,0
6330,8,4,11,2,3,0,1,1,1,2,0
6331,8,4,11,2,3,0,1,1,3,2,1
6332,9,4,11,2,12,0,0,1,2,2,1
6333,6,4,15,2,8,0,1,1,2,2,0
6334,3,4,12,4,10,3,1,1,1,2,0
6335,3,6,12,4,5,3,1,1,1,2,0
6336,7,4,11,2,4,0,0,1,1,2,1
6337,6,4,9,4,1,1,1,0,2,2,0
6338,8,4,9,4,8,3,0,1,2,2,0
6339,5,6,1,4,14,3,1,1,1,2,0
6340,12,4,15,2,14,0,1,1,2,2,1
6341,6,4,11,2,3,0,1,1,0,2,0
6342,9,4,11,2,13,0,1,1,2,2,1
6343,3,4,11,4,6,3,0,0,1,2,0
6344,8,6,12,2,10,0,1,1,2,2,0
6345,5,4,6,2,9,5,0,0,2,0,1
6346,3,4,7,4,13,3,1,1,1,2,0
6347,5,4,15,3,6,2,1,1,2,2,0
6348,5,6,14,4,10,3,0,0,2,2,0
6349,4,4,15,4,12,3,1,0,3,2,0
6350,7,0,15,2,0,5,1,0,2,2,1
6351,6,4,9,0,12,1,1,0,2,2,0
6352,4,6,9,4,10,3,1,0,2,2,0
6353,5,4,11,2,14,0,0,1,2,2,0
6354,8,4,9,4,10,3,1,1,1,1,0
6355,3,4,11,4,3,3,1,0,2,2,0
6356,5,4,11,4,5,2,1,1,2,2,1
6357,9,2,2,2,11,0,1,1,3,2,0
6358,15,4,15,2,1,5,1,0,0,2,0
6359,8,4,11,2,8,5,0,0,2,2,1
6360,8,4,11,0,8,4,1,0,3,2,0
6361,7,4,2,2,11,0,1,1,2,2,0
6362,12,4,11,2,1,0,1,1,2,2,1
6363,8,7,15,2,1,0,1,1,1,2,0
6364,12,6,1,2,8,0,1,1,1,2,0
6365,4,7,14,4,4,3,1,1,2,2,0
6366,6,0,8,2,0,0,1,1,2,2,0
6367,5,4,7,4,7,3,1,1,1,2,0
6368,7,4,10,2,10,0,1,1,2,2,1
6369,12,2,9,2,4,0,1,1,1,2,0
6370,7,4,8,2,12,0,1,1,2,2,0
6371,6,4,1,4,7,3,1,1,1,2,0
6372,11,4,9,2,3,0,1,1,2,2,0
6373,7,4,9,2,12,0,1,1,2,2,1
6374,7,7,11,2,4,0,1,1,2,2,0
6375,10,1,15,2,13,0,1,1,2,2,0
6376,5,4,1,2,7,0,1,1,2,2,0
6377,7,4,10,2,10,0,1,1,2,2,0
6378,4,1,9,4,4,3,1,1,2,2,0
6379,3,4,9,4,14,1,0,1,0,2,0
6380,6,4,11,2,6,0,1,1,2,2,0
6381,5,5,9,2,10,0,0,1,3,2,0
6382,5,4,11,4,7,3,0,1,2,2,0
6383,18,4,11,2,7,0,0,1,1,2,0
6384,3,4,12,4,12,3,1,0,1,2,0
6385,4,4,15,4,4,2,1,0,2,2,0
6386,12,4,11,2,7,0,1,1,1,2,1
6387,7,4,11,4,1,3,1,0,2,2,0
6388,8,6,11,2,14,0,1,1,2,2,1
6389,9,4,0,2,14,0,1,1,2,2,0
6390,8,4,9,4,8,4,1,0,2,2,0
6391,12,4,11,0,11,1,0,1,1,2,0
6392,4,4,8,4,3,1,1,1,2,2,0
6393,5,4,14,4,10,3,1,1,2,2,0
6394,7,4,8,2,3,0,1,1,2,2,1
6395,5,4,9,2,8,0,1,1,2,2,1
6396,3,4,1,4,14,1,1,1,4,2,0
6397,6,6,15,0,14,4,1,1,0,2,0
6398,7,6,7,2,3,0,1,1,2,2,0
6399,8,4,7,2,1,0,1,1,3,2,0
6400,5,4,15,4,7,2,1,1,2,2,0
6401,6,7,15,4,1,1,0,1,2,2,0
6402,10,2,8,2,3,0,1,1,0,2,0
6403,9,4,6,2,7,0,1,1,2,2,0
6404,7,4,11,2,3,0,1,1,2,2,1
6405,5,4,11,0,10,1,0,1,1,2,0
6406,4,4,15,3,1,1,1,0,2,2,0
6407,4,6,11,4,1,3,1,0,2,2,0
6408,6,4,11,4,1,1,1,0,2,2,0
6409,10,4,1,2,12,5,0,0,2,2,1
6410,10,6,15,2,5,0,1,1,2,2,0
6411,6,6,10,2,5,0,1,1,2,1,1
6412,5,4,15,4,1,1,1,1,2,2,0
6413,5,0,11,4,0,3,1,0,2,2,0
6414,9,4,12,0,10,1,0,1,1,0,0
6415,3,4,11,4,7,1,1,0,1,2,0
6416,9,4,11,2,3,0,0,1,2,2,0
6417,7,7,12,2,10,0,1,1,2,2,0
6418,4,4,15,4,8,1,1,0,2,2,0
6419,5,4,15,4,6,3,0,1,2,2,0
6420,10,8,11,2,5,2,1,1,2,2,0
6421,4,7,8,4,1,3,0,0,2,3,0
6422,7,4,15,2,13,0,1,1,2,2,1
6423,9,6,11,2,1,0,1,1,2,2,0
6424,8,2,8,2,3,0,0,1,2,2,1
6425,3,4,15,4,11,1,1,1,0,2,0
6426,9,6,11,2,4,0,1,1,2,2,0
6427,7,4,11,2,6,0,1,1,2,2,1
6428,10,4,11,2,13,0,1,1,2,2,1
6429,13,4,8,6,1,4,1,0,1,2,0
6430,4,4,9,4,1,4,0,0,2,2,0
6431,4,4,11,4,14,3,1,0,1,2,0
6432,6,4,9,5,10,4,1,0,3,2,0
6433,7,4,11,2,1,0,1,1,3,2,1
6434,6,4,11,4,6,1,0,1,2,2,0
6435,5,4,11,4,1,3,1,0,2,2,0
6436,4,4,11,4,12,1,0,0,1,2,0
6437,8,4,11,2,7,0,1,1,2,2,1
6438,8,4,15,0,12,4,1,0,2,2,0
6439,7,4,11,2,1,3,0,0,2,4,0
6440,5,4,15,2,1,5,1,0,2,2,0
6441,9,2,7,2,10,0,1,1,3,2,0
6442,7,4,11,2,6,0,1,1,4,2,1
6443,11,4,8,2,12,0,1,1,2,2,1
6444,7,4,15,0,3,1,1,1,2,2,0
6445,5,4,0,2,7,0,0,1,1,2,0
6446,4,4,11,2,3,0,1,1,2,2,1
6447,7,4,11,2,7,0,0,1,3,2,1
6448,10,4,11,4,1,4,1,0,2,2,0
6449,4,4,11,2,3,0,1,1,2,2,0
6450,6,4,7,0,1,4,1,0,3,2,0
6451,3,4,15,4,3,1,1,1,0,2,0
6452,6,4,11,2,3,0,1,1,2,2,1
6453,3,4,0,2,7,0,1,1,1,2,0
6454,3,6,7,4,10,1,1,1,4,2,0
6455,9,4,4,2,6,0,1,1,2,2,0
6456,6,4,9,2,7,0,0,1,1,2,0
6457,4,4,9,4,12,4,1,0,1,2,0
6458,9,7,9,5,10,1,1,1,2,2,0
6459,4,5,12,4,12,1,1,1,1,2,0
6460,7,4,15,2,12,0,1,1,2,2,1
6461,7,4,15,4,1,3,1,0,2,2,0
6462,5,4,11,4,8,1,1,0,2,2,0
6463,7,4,11,4,3,1,1,0,2,2,0
6464,8,4,15,2,1,5,0,0,2,2,1
6465,6,4,4,2,6,0,1,1,3,2,0
6466,4,4,5,4,8,3,1,1,2,2,0
6467,7,6,9,4,12,3,1,1,2,2,0
6468,7,4,11,2,14,0,1,1,2,2,0
6469,7,0,11,0,0,4,1,0,2,2,0
6470,7,6,15,2,10,5,1,0,1,2,0
6471,8,4,11,4,7,3,0,1,1,2,0
6472,7,4,11,2,3,0,0,1,1,2,0
6473,5,4,12,2,5,0,1,1,3,2,1
6474,10,4,9,2,13,0,1,1,2,2,1
6475,4,6,9,4,10,1,1,1,1,2,0
6476,5,4,5,2,6,0,1,1,2,2,1
6477,9,0,11,2,0,5,1,0,1,2,1
6478,3,4,15,2,8,0,1,1,2,2,0
6479,4,2,11,4,8,1,1,1,0,2,0
6480,14,4,15,3,7,5,1,0,1,2,0
6481,6,4,15,2,8,0,0,1,2,2,0
6482,8,7,12,2,10,0,0,1,2,2,0
6483,12,1,7,4,1,3,1,0,2,2,0
6484,5,4,5,4,6,1,1,1,2,2,0
6485,13,2,11,6,14,4,0,1,0,2,0
6486,6,4,1,2,6,0,1,1,2,2,0
6487,8,4,15,2,7,0,1,1,2,2,1
6488,4,4,11,4,1,3,1,0,1,1,0
6489,4,4,15,4,12,1,0,0,1,2,1
6490,4,6,9,4,10,3,1,1,2,2,0
6491,6,4,1,2,3,0,1,1,2,2,1
6492,7,0,0,2,0,0,1,1,3,2,1
6493,5,4,0,2,7,0,1,1,2,2,1
6494,3,4,0,4,5,3,1,1,1,2,0
6495,4,4,15,4,8,3,1,0,0,2,0
6496,5,4,0,4,3,1,1,1,2,2,1
6497,15,4,9,0,4,2,0,0,0,4,1
6498,5,4,15,2,8,0,1,1,2,2,0
6499,7,4,7,2,10,0,1,1,2,2,0
6500,4,6,14,4,10,1,1,0,2,2,0
6501,8,4,9,4,1,3,0,0,2,2,0
6502,5,7,11,2,4,0,1,1,1,2,0
6503,3,4,0,4,7,1,1,1,2,2,0
6504,13,4,11,1,14,3,1,1,2,2,0
6505,4,4,15,4,10,3,1,0,2,2,0
6506,4,2,2,4,13,1,1,0,2,2,0
6507,6,4,15,2,3,0,1,1,2,2,0
6508,11,4,9,4,12,1,1,0,2,2,0
6509,8,7,9,0,10,1,1,0,2,2,0
6510,8,4,15,2,1,0,1,1,2,1,0
6511,6,5,15,0,12,1,1,1,2,2,1
6512,4,4,9,4,4,1,1,1,2,2,1
6513,10,4,15,5,7,1,1,0,0,2,0
6514,3,5,0,4,8,4,1,0,1,2,0
6515,12,7,12,6,10,1,1,0,0,2,0
6516,7,4,15,2,8,0,1,1,2,2,0
6517,10,4,11,2,1,0,1,1,2,2,1
6518,6,4,11,2,8,5,1,0,2,2,1
6519,10,4,8,6,13,1,1,0,2,2,0
6520,8,6,11,2,8,5,1,0,1,2,1
6521,4,4,8,4,7,2,1,0,1,2,0
6522,4,7,7,4,10,3,1,1,1,2,0
6523,9,4,15,2,3,0,1,1,1,2,0
6524,6,4,11,4,7,3,1,1,2,2,0
6525,9,4,11,2,14,0,1,1,2,2,0
6526,4,4,11,4,12,3,1,1,1,2,0
6527,6,4,11,2,3,0,1,1,2,2,0
6528,11,4,15,4,12,3,1,0,2,2,0
6529,7,7,10,4,10,1,1,1,1,2,0
6530,6,4,9,4,10,3,1,0,2,2,0
6531,4,4,5,4,8,1,1,0,2,2,1
6532,7,0,10,2,0,0,1,1,2,2,1
6533,9,4,1,0,6,0,1,1,2,2,1
6534,11,0,15,0,0,4,1,0,2,2,0
6535,12,4,0,3,1,1,1,1,2,2,0
6536,6,6,11,2,12,0,1,1,2,0,1
6537,9,7,0,5,8,1,1,0,2,2,0
6538,9,4,11,2,4,0,1,1,3,2,0
6539,6,4,12,4,4,2,1,1,1,2,0
6540,9,4,9,4,12,1,0,1,2,0,0
6541,5,4,11,4,8,1,1,1,2,2,0
6542,6,4,15,4,1,1,0,1,2,2,0
6543,4,4,1,4,8,3,1,0,2,2,0
6544,10,4,11,2,3,0,1,1,2,2,0
6545,14,4,11,5,3,1,0,1,2,2,0
6546,9,4,15,2,3,0,1,1,2,2,0
6547,5,4,11,4,4,3,0,1,2,0,0
6548,10,1,9,0,10,4,1,0,2,2,0
6549,4,4,15,4,1,1,0,0,1,2,1
6550,6,1,12,2,10,0,1,1,1,2,1
6551,8,4,8,0,13,1,0,1,2,2,0
6552,9,4,9,2,4,0,1,1,2,2,0
6553,15,4,11,0,8,2,1,0,3,2,0
6554,6,4,15,2,8,0,1,1,2,2,1
6555,5,4,8,2,7,0,1,1,1,2,1
6556,5,4,9,0,4,1,1,1,2,2,0
6557,6,2,7,0,10,4,0,0,3,2,0
6558,14,2,9,1,13,4,0,0,1,0,0
6559,9,6,11,2,7,0,1,1,2,2,1
6560,13,4,6,2,12,0,1,1,1,2,1
6561,9,0,15,0,0,4,0,0,2,2,0
6562,8,4,11,2,12,0,1,1,2,2,0
6563,4,2,15,4,4,1,1,0,2,2,1
6564,8,6,11,0,5,1,1,1,2,2,0
6565,7,1,9,4,1,3,1,0,3,2,0
6566,11,4,11,2,8,0,1,1,2,2,0
6567,4,4,11,4,14,1,1,1,1,2,0
6568,6,4,1,4,8,1,1,0,2,4,0
6569,8,4,15,2,3,0,1,1,3,2,0
6570,8,0,11,2,0,0,1,1,2,2,1
6571,3,4,12,4,10,3,1,0,2,2,0
6572,6,7,9,4,10,4,1,0,2,2,0
6573,14,4,9,3,4,4,1,1,1,2,0
6574,4,4,15,4,1,4,1,0,2,2,0
6575,12,2,14,0,10,1,1,1,2,2,0
6576,7,4,15,2,3,0,1,1,2,2,0
6577,6,4,15,2,3,0,1,1,3,2,0
6578,5,4,12,0,4,1,1,1,2,2,0
6579,6,5,11,2,4,5,1,0,2,2,1
6580,8,4,11,2,4,0,1,1,2,2,0
6581,8,4,11,0,10,1,1,1,2,2,0
6582,9,4,11,2,10,0,1,1,2,2,0
6583,11,4,15,6,13,1,1,1,2,2,0
6584,7,4,11,4,6,1,1,0,1,2,0
6585,4,2,8,4,10,3,0,0,2,2,0
6586,6,4,11,2,3,0,1,1,2,2,1
6587,6,4,11,4,8,1,1,0,2,2,0
6588,7,4,15,2,10,0,0,1,2,2,0
6589,4,4,7,4,3,4,1,1,2,2,0
6590,4,4,9,4,13,3,1,0,2,2,0
6591,7,4,15,2,8,5,0,0,2,2,1
6592,13,0,0,0,0,1,1,0,0,2,0
6593,12,4,11,2,8,0,1,1,2,2,0
6594,10,4,11,0,1,1,1,1,3,2,0
6595,6,4,11,4,3,3,1,1,2,2,0
6596,7,6,11,2,5,0,1,1,1,2,1
6597,10,4,11,2,7,0,1,1,2,2,1
6598,8,4,11,4,1,3,1,0,3,2,0
6599,8,4,11,4,12,3,1,0,2,2,0
6600,5,4,11,4,3,3,1,1,2,2,0
6601,15,4,15,0,6,1,0,1,3,2,1
6602,10,4,11,2,4,0,1,1,2,2,1
6603,10,4,0,4,8,1,0,0,3,2,0
6604,10,4,15,2,10,0,1,1,0,2,1
6605,8,4,11,0,14,1,1,1,3,2,0
6606,10,4,11,2,14,0,1,1,2,2,0
6607,6,4,11,0,14,1,1,1,2,2,0
6608,5,6,0,4,14,1,1,1,2,2,0
6609,12,4,8,0,5,1,1,1,2,2,0
6610,6,6,6,4,3,4,0,1,2,2,0
6611,4,5,9,4,10,3,1,1,2,2,0
6612,11,4,11,4,12,1,1,0,3,2,0
6613,10,4,11,6,6,4,1,0,2,2,1
6614,8,4,11,2,7,0,1,1,2,2,1
6615,8,4,11,0,13,1,0,0,2,2,1
6616,7,4,11,4,12,1,1,1,2,2,1
6617,8,4,15,2,13,5,0,0,1,2,1
6618,7,4,8,0,1,1,1,0,2,2,0
6619,5,2,11,2,10,5,1,0,3,2,0
6620,10,4,9,0,14,4,1,1,2,2,0
6621,8,4,2,2,13,0,1,1,2,2,1
6622,4,2,11,4,11,3,0,1,2,2,0
6623,9,4,12,6,4,1,1,1,1,2,0
6624,5,1,9,2,10,5,1,0,3,2,0
6625,6,4,15,5,3,4,1,0,2,2,0
6626,6,4,9,2,10,0,1,1,2,2,1
6627,7,4,11,2,3,0,1,1,2,2,0
6628,6,4,1,4,6,3,1,0,2,2,0
6629,8,6,11,2,14,0,1,1,1,2,1
6630,7,7,11,4,1,3,1,0,2,2,0
6631,4,4,11,4,13,1,0,0,0,2,0
6632,8,4,1,2,7,0,0,1,1,2,1
6633,13,5,15,0,12,4,1,0,2,2,0
6634,10,0,8,0,0,1,1,1,2,2,0
6635,7,4,11,4,12,1,1,1,2,2,0
6636,9,4,11,2,14,0,1,1,2,2,1
6637,9,2,12,0,4,4,1,0,2,2,0
6638,8,4,11,2,12,0,1,1,2,2,1
6639,9,7,11,5,8,4,1,1,1,2,0
6640,9,2,11,4,3,2,1,1,2,2,0
6641,7,4,11,2,3,0,1,1,2,2,1
6642,6,4,15,2,6,0,0,1,2,0,0
6643,4,6,8,4,4,3,1,1,0,2,0
6644,3,1,7,4,1,1,1,1,0,2,0
6645,6,4,15,0,3,4,1,1,2,2,1
6646,4,4,1,4,8,1,1,0,2,2,0
6647,9,4,11,2,3,0,1,1,3,2,0
6648,6,4,15,4,12,1,1,0,3,2,0
6649,10,4,15,4,1,3,1,0,3,2,0
6650,3,4,11,4,7,1,1,1,0,2,0
6651,6,4,11,4,8,4,1,0,2,2,0
6652,9,4,8,2,13,0,0,1,2,4,1
6653,9,4,11,2,3,0,1,1,2,2,1
6654,8,6,7,4,1,1,1,0,2,2,0
6655,6,4,11,2,12,0,1,1,2,2,1
6656,10,4,4,6,8,1,1,0,2,2,0
6657,10,4,5,2,8,0,1,1,2,2,0
6658,6,4,15,0,8,4,1,0,2,2,0
6659,9,4,10,2,10,0,1,1,2,2,0
6660,7,7,15,4,1,1,1,0,2,2,0
6661,7,4,11,2,14,0,0,1,2,2,0
6662,6,4,11,2,8,0,1,1,2,2,0
6663,5,4,6,4,7,3,1,1,2,2,0
6664,5,4,14,2,10,5,1,0,2,2,1
6665,8,4,15,0,12,3,0,1,2,2,0
6666,6,4,1,4,3,3,1,1,2,2,0
6667,7,2,11,0,1,4,0,0,2,2,0
6668,4,6,6,4,12,1,1,1,2,2,0
6669,6,4,2,2,9,0,0,1,1,2,0
6670,4,4,8,4,1,3,1,1,2,2,0
6671,12,4,11,6,3,1,1,1,0,2,0
6672,9,4,11,2,10,0,1,1,1,2,0
6673,7,5,11,2,12,0,1,1,2,2,1
6674,7,4,11,4,7,1,1,1,1,2,0
6675,10,4,6,0,3,1,1,1,0,2,1
6676,3,4,9,4,1,2,0,0,1,2,0
6677,11,4,10,2,10,0,1,1,2,2,1
6678,7,4,0,2,6,0,0,1,1,2,1
6679,9,2,15,2,10,5,1,0,1,2,0
6680,5,2,12,4,10,2,1,1,2,2,0
6681,8,4,11,0,1,4,1,0,2,2,0
6682,5,4,9,2,14,0,1,1,2,4,0
6683,4,4,15,4,3,3,1,0,1,2,0
6684,3,7,9,4,10,1,1,1,1,2,0
6685,4,4,11,2,4,0,1,1,1,2,0
6686,5,4,8,2,3,0,1,1,1,2,0
6687,3,4,9,4,4,3,1,0,2,2,0
6688,6,4,15,2,3,0,1,1,1,2,0
6689,5,4,12,2,10,0,0,1,2,0,0
6690,6,4,11,2,3,0,1,1,1,2,1
6691,13,0,15,2,0,5,0,0,1,2,0
6692,9,4,15,0,11,1,1,1,3,2,0
6693,6,4,9,0,1,1,1,0,2,2,0
6694,7,4,7,2,14,0,1,1,2,2,1
6695,11,2,8,2,3,0,1,1,1,2,0
6696,7,4,11,0,3,4,1,1,2,2,0
6697,5,2,7,4,10,1,1,1,2,2,0
6698,7,0,15,5,0,1,1,0,2,2,0
6699,8,4,15,0,8,4,0,0,2,2,0
6700,4,4,15,4,8,3,1,1,2,2,0
6701,4,4,14,4,10,1,1,1,2,2,0
6702,8,4,7,2,4,0,1,1,2,2,0
6703,9,4,7,0,1,1,1,0,2,2,1
6704,4,4,11,2,6,0,1,1,1,2,0
6705,3,4,5,4,10,3,1,1,1,2,0
6706,12,4,12,2,4,0,1,1,2,1,0
6707,6,4,15,2,3,0,1,1,2,2,1
6708,17,4,15,4,6,2,1,0,1,2,0
6709,6,0,11,4,0,1,0,1,2,2,0
6710,6,4,12,2,5,0,1,1,2,2,1
6711,5,4,9,2,10,0,1,1,1,2,0
6712,9,4,2,2,5,0,1,1,2,2,0
6713,6,4,7,2,3,0,0,1,2,2,1
6714,6,6,11,5,10,4,1,0,2,2,0
6715,10,4,11,2,3,0,1,1,2,2,1
6716,4,1,15,4,4,4,1,0,2,2,0
6717,4,4,15,4,4,1,1,0,2,2,0
6718,8,4,11,2,12,0,1,1,2,2,1
6719,6,4,8,2,7,5,1,0,1,2,0
6720,8,4,9,2,12,0,1,1,2,2,0
6721,4,6,9,4,10,1,1,1,2,2,0
6722,6,4,1,5,8,4,1,0,3,2,0
6723,10,4,10,2,10,0,1,1,2,2,1
6724,4,4,2,4,6,3,1,1,2,2,0
6725,3,4,11,4,12,2,1,0,0,2,0
6726,7,4,5,2,6,0,0,1,2,0,1
6727,7,4,15,4,3,3,1,1,2,2,0
6728,4,6,11,4,3,1,1,1,2,2,0
6729,12,1,15,2,1,0,1,1,2,2,1
6730,7,2,11,4,11,1,1,1,1,2,0
6731,8,4,9,2,13,0,1,1,2,2,1
6732,4,6,8,2,10,5,1,0,2,2,1
6733,5,1,11,4,13,1,1,1,2,2,0
6734,5,4,15,4,8,2,1,1,2,2,1
6735,6,4,12,4,4,3,1,1,1,2,0
6736,5,1,15,4,4,1,1,1,1,2,0
6737,8,4,0,2,3,0,1,1,2,2,0
6738,7,6,15,2,4,0,1,1,2,2,0
6739,9,4,11,5,4,1,1,0,2,2,1
6740,12,7,15,0,8,4,1,1,2,2,0
6741,5,6,9,4,12,3,1,1,2,2,0
6742,10,4,15,0,1,1,1,0,2,2,0
6743,5,4,14,4,10,1,0,0,2,2,0
6744,10,6,11,0,5,2,1,1,2,2,1
6745,6,4,11,2,3,0,1,1,2,2,0
6746,4,4,11,4,1,3,1,0,1,2,0
6747,4,4,12,4,4,4,1,0,2,2,0
6748,7,4,11,2,3,0,1,1,2,2,0
6749,4,4,9,4,12,3,1,0,2,2,0
6750,11,5,7,5,4,1,0,0,2,2,0
6751,4,4,11,4,3,1,0,1,1,2,0
6752,7,4,1,0,3,1,1,1,2,2,0
6753,8,4,11,2,12,0,1,1,2,2,1
6754,12,4,11,2,12,0,1,1,2,2,1
6755,11,2,9,2,4,0,1,1,2,2,0
6756,8,7,11,3,5,4,1,1,2,2,1
6757,7,2,15,5,4,4,1,1,2,2,0
6758,4,4,9,4,4,1,0,0,0,2,0
6759,12,4,9,2,12,5,1,0,2,2,0
6760,5,4,9,4,4,3,1,0,2,2,0
6761,7,4,11,2,4,0,0,1,2,4,1
6762,5,4,15,4,8,3,1,1,2,2,0
6763,5,1,11,4,1,2,1,0,2,2,1
6764,9,4,11,4,3,1,1,1,2,2,1
6765,3,4,0,4,8,3,1,0,2,2,0
6766,8,4,9,2,4,0,1,1,1,2,0
6767,9,6,15,2,5,0,1,1,2,2,0
6768,5,4,15,4,1,4,1,0,2,2,0
6769,7,4,8,2,8,0,1,1,1,2,0
6770,3,4,5,4,8,1,1,0,1,2,0
6771,7,4,1,0,3,4,1,0,2,2,0
6772,6,4,15,2,12,0,1,1,2,2,1
6773,3,4,4,5,8,4,1,0,1,2,0
6774,11,4,2,2,11,0,1,1,2,2,1
6775,5,4,15,2,12,0,1,1,2,2,0
6776,8,4,15,0,8,4,1,0,1,2,0
6777,8,4,15,2,10,0,1,1,1,2,0
6778,8,6,15,2,3,0,1,1,2,2,0
6779,6,6,9,4,1,1,1,0,2,2,0
6780,11,7,9,2,4,0,1,1,2,2,0
6781,5,6,11,4,12,3,1,0,2,2,0
6782,10,4,11,2,8,0,0,1,2,2,0
6783,12,4,15,2,13,5,1,0,1,2,0
6784,9,5,9,0,4,1,1,1,2,2,0
6785,13,4,11,0,13,1,1,1,1,2,0
6786,4,4,11,2,6,0,1,1,0,2,0
6787,3,4,11,4,1,3,1,0,1,2,1
6788,13,2,14,6,10,1,1,0,2,2,0
6789,9,4,11,5,7,1,1,1,2,2,0
6790,5,4,9,4,10,3,1,0,2,2,0
6791,14,4,15,2,7,0,0,1,1,2,1
6792,6,4,9,2,10,0,1,1,1,2,0
6793,10,4,6,2,6,0,1,1,2,2,0
6794,5,7,9,2,10,0,1,1,1,2,1
6795,10,4,11,0,1,4,1,0,3,2,0
6796,6,4,11,4,3,1,1,1,2,2,0
6797,7,4,15,2,3,0,1,1,2,2,0
6798,3,3,12,4,5,3,1,1,2,2,0
6799,5,5,15,4,4,1,1,1,2,2,0
6800,9,4,11,5,3,1,0,1,2,2,0
6801,12,4,9,2,12,0,1,1,2,2,0
6802,5,4,15,2,3,0,1,1,1,2,1
6803,7,1,15,4,1,3,0,0,2,2,0
6804,7,6,9,4,12,1,1,1,2,2,0
6805,10,7,12,0,10,4,1,1,2,2,0
6806,8,0,1,2,0,0,0,1,2,0,1
6807,9,0,1,2,0,0,1,1,1,2,1
6808,7,4,11,2,10,0,0,1,2,2,0
6809,11,7,9,5,4,1,1,0,3,2,0
6810,4,4,11,4,8,3,1,1,1,2,0
6811,4,5,9,4,10,1,1,0,2,2,0
6812,9,4,15,2,3,1,0,1,1,2,1
6813,8,4,15,0,14,1,1,1,4,2,0
6814,12,7,9,6,10,4,1,0,2,2,0
6815,8,6,12,0,12,4,0,0,2,0,0
6816,8,4,11,2,8,0,1,1,2,2,1
6817,9,4,11,2,8,0,1,1,2,2,0
6818,8,6,12,2,5,0,1,1,2,2,0
6819,6,4,7,4,7,1,1,1,2,2,0
6820,14,4,8,1,14,3,1,1,2,2,0
6821,6,4,7,0,12,1,1,1,1,2,0
6822,10,4,9,2,4,0,1,1,2,2,0
6823,4,4,11,4,6,3,1,1,2,2,0
6824,5,4,9,4,3,3,1,1,1,2,0
6825,5,4,9,4,10,3,1,1,1,2,0
6826,4,4,11,4,8,3,1,0,1,2,0
6827,4,4,15,4,1,4,0,0,1,2,0
6828,9,4,11,2,3,0,1,1,2,2,0
6829,12,4,11,2,3,0,1,1,2,2,0
6830,5,4,15,0,7,1,1,1,2,2,0
6831,8,2,11,2,14,0,1,1,2,2,0
6832,12,4,1,0,3,1,1,1,4,2,0
6833,14,2,9,2,10,0,0,1,0,2,1
6834,12,4,9,2,10,0,0,1,0,2,1
6835,5,0,3,4,0,3,0,1,2,2,0
6836,10,2,14,2,10,0,1,1,3,2,1
6837,6,4,15,2,12,0,0,1,2,2,0
6838,7,5,5,2,5,0,1,1,2,2,0
6839,12,4,7,6,10,4,1,0,2,2,0
6840,6,4,15,2,3,0,1,1,3,2,0
6841,11,4,15,0,12,4,1,1,2,2,0
6842,3,4,1,4,8,1,0,0,0,2,0
6843,6,6,2,2,5,0,1,1,0,2,1
6844,5,5,9,0,4,1,1,0,2,2,0
6845,6,4,15,2,12,2,0,1,2,4,0
6846,8,4,15,5,8,1,1,0,2,2,0
6847,8,4,5,4,6,4,1,0,1,2,0
6848,4,4,9,4,13,1,0,1,2,2,0
6849,9,4,15,4,6,3,1,1,2,2,0
6850,7,4,12,2,4,0,1,1,2,2,0
6851,7,7,9,2,4,0,1,1,2,2,0
6852,7,4,15,2,13,0,1,1,2,2,0
6853,10,4,9,2,14,0,1,1,2,2,1
6854,10,4,3,2,7,0,1,1,2,2,0
6855,7,4,11,4,1,1,1,0,2,2,0
6856,6,4,1,2,8,5,1,0,2,2,0
6857,4,7,9,4,1,3,0,0,2,4,0
6858,5,4,9,2,10,0,1,1,2,2,1
6859,7,2,12,2,10,0,1,1,2,2,1
6860,10,4,9,2,12,0,1,1,3,2,0
6861,7,4,8,2,7,0,1,1,1,2,1
6862,4,4,12,4,10,1,1,0,2,1,0
6863,9,1,14,2,10,0,1,1,1,2,1
6864,11,4,11,4,14,1,1,1,1,2,0
6865,3,4,15,4,12,1,1,1,0,2,0
6866,7,1,15,0,4,1,1,1,2,2,0
6867,9,4,11,2,1,0,1,1,2,2,0
6868,7,4,14,2,10,0,1,1,2,2,0
6869,8,4,0,0,6,1,1,1,3,2,0
6870,4,4,11,4,6,3,1,1,2,2,0
6871,9,4,11,5,6,2,1,1,2,2,0
6872,10,4,1,0,3,1,0,1,2,0,0
6873,7,4,11,0,7,4,1,1,2,2,1
6874,12,1,11,0,7,1,1,1,2,2,0
6875,12,4,12,2,4,0,0,1,2,2,0
6876,10,4,15,2,3,0,1,1,2,2,0
6877,4,4,11,4,5,3,1,1,2,2,0
6878,8,4,5,2,3,0,1,1,2,2,0
6879,5,4,11,3,1,1,1,0,3,2,0
6880,5,6,12,4,5,1,1,1,1,2,0
6881,8,6,9,0,10,4,1,0,2,2,1
6882,8,1,11,2,7,0,1,1,2,2,1
6883,7,4,15,0,6,1,1,0,2,1,0
6884,6,6,1,2,3,0,1,1,2,2,0
6885,10,4,7,6,14,4,0,1,2,0,0
6886,9,0,0,4,0,1,1,0,1,2,0
6887,10,4,15,0,10,1,0,0,2,2,0
6888,6,4,15,4,1,1,1,1,1,2,0
6889,9,4,7,2,10,0,1,1,2,2,1
6890,9,4,15,2,6,0,1,1,1,2,1
6891,3,4,12,4,10,1,1,0,1,2,0
6892,5,4,9,4,10,3,1,1,2,2,0
6893,15,4,15,6,8,4,1,0,0,2,0
6894,14,4,8,2,4,0,1,1,1,1,1
6895,8,5,15,0,4,1,0,1,2,2,0
6896,10,4,15,2,3,0,1,1,2,2,0
6897,7,4,14,2,10,0,0,1,2,0,0
6898,13,2,11,0,3,1,1,1,2,2,0
6899,7,5,7,2,10,0,1,1,2,2,0
6900,11,4,11,2,3,0,1,1,2,0,1
6901,5,2,11,4,8,1,1,0,2,2,1
6902,5,4,11,4,3,3,1,1,3,2,0
6903,6,4,11,4,14,3,1,1,2,2,0
6904,6,0,0,0,0,1,0,0,1,2,0
6905,6,4,15,2,3,0,1,1,3,2,1
6906,4,4,9,4,4,3,1,1,1,2,0
6907,7,4,9,2,4,0,1,1,2,2,0
6908,12,2,14,2,10,0,1,1,2,2,0
6909,3,2,14,4,4,1,1,0,0,2,0
6910,7,0,15,2,0,0,1,1,1,2,1
6911,3,4,9,4,1,3,1,1,0,2,0
6912,8,7,11,0,1,4,1,0,2,2,0
6913,10,4,11,2,4,0,0,1,2,2,0
6914,8,0,0,0,0,4,1,0,1,2,0
6915,13,4,11,2,6,0,1,1,1,2,0
6916,5,6,7,2,10,0,0,1,2,2,0
6917,8,6,11,2,14,0,0,1,3,2,1
6918,8,2,11,2,4,0,1,1,2,2,1
6919,15,4,11,0,6,1,1,0,2,2,0
6920,5,4,11,4,12,3,1,0,2,2,0
6921,8,4,11,2,14,0,1,1,2,2,0
6922,7,4,9,4,12,1,1,0,4,2,0
6923,9,2,9,2,10,0,1,1,2,2,1
6924,6,2,9,4,10,3,1,0,2,2,0
6925,8,4,8,2,12,0,1,1,1,2,1
6926,9,6,11,2,14,0,1,1,2,2,0
6927,4,4,11,4,10,1,0,0,1,2,1
6928,9,4,11,2,12,0,1,1,2,2,0
6929,9,4,11,2,12,5,1,0,2,2,0
6930,8,6,1,2,3,0,1,1,1,2,0
6931,9,4,15,2,3,0,1,1,2,2,0
6932,5,6,11,2,5,0,1,1,2,3,1
6933,6,4,5,2,9,0,1,1,2,2,0
6934,4,4,8,4,10,1,1,1,2,2,0
6935,10,4,11,2,12,0,1,1,2,2,1
6936,7,4,11,2,14,0,1,1,2,2,0
6937,6,4,11,0,7,1,1,1,1,2,0
6938,9,6,5,2,14,0,1,1,2,2,0
6939,13,4,9,2,4,0,1,1,1,2,1
6940,4,4,9,4,3,2,1,1,1,2,0
6941,6,4,8,5,13,1,1,1,2,2,0
6942,7,4,15,2,8,0,1,1,2,2,0
6943,7,4,6,0,14,1,0,0,1,2,0
6944,7,0,11,4,0,3,1,0,1,2,0
6945,5,4,7,2,4,0,1,1,2,2,0
6946,7,4,11,4,1,4,1,0,2,2,0
6947,9,4,15,0,8,1,0,0,2,2,0
6948,11,4,11,0,14,4,1,1,1,2,0
6949,10,4,9,0,12,4,1,0,2,2,0
6950,7,4,11,2,3,0,1,1,2,2,0
6951,11,4,9,0,12,1,1,1,2,2,0
6952,6,4,8,2,13,0,0,1,2,0,1
6953,4,4,15,2,7,0,1,1,2,2,1
6954,9,4,10,0,10,4,1,0,1,2,0
6955,6,4,11,2,7,0,1,1,2,2,1
6956,11,4,9,2,4,0,1,1,2,4,1
6957,3,4,5,4,3,1,1,1,4,2,0
6958,5,4,11,4,1,1,1,0,2,2,0
6959,4,4,15,4,4,3,1,0,1,2,0
6960,8,4,15,0,1,1,1,0,2,2,0
6961,6,0,1,2,0,5,1,0,2,2,1
6962,3,7,15,2,14,0,1,1,1,2,1
6963,9,4,11,0,8,1,0,0,2,4,0
6964,7,4,15,2,3,0,0,1,2,0,0
6965,8,6,9,0,10,4,1,0,2,2,0
6966,4,4,14,4,10,3,1,0,1,2,0
6967,4,4,9,4,8,3,0,1,2,2,0
6968,9,4,15,0,10,4,0,0,3,2,0
6969,10,4,9,2,12,0,1,1,2,2,1
6970,3,4,11,4,1,4,1,1,0,2,0
6971,8,4,11,2,3,0,1,1,4,2,1
6972,7,0,15,5,0,2,1,0,4,2,0
6973,4,2,9,4,13,1,0,1,0,2,0
6974,3,4,7,4,12,3,1,1,0,2,0
6975,6,6,9,4,10,1,1,1,3,1,0
6976,4,4,15,4,14,1,1,1,2,2,0
6977,9,4,15,4,3,3,1,1,2,2,0
6978,8,1,8,2,3,0,1,1,2,2,1
6979,4,4,11,4,8,1,1,1,2,2,0
6980,10,6,8,2,5,0,1,1,2,2,1
6981,5,4,11,4,7,1,1,1,2,2,0
6982,3,6,1,4,5,3,1,1,2,2,0
6983,8,4,15,2,11,0,1,1,2,2,1
6984,12,5,15,0,12,1,1,1,2,2,0
6985,4,4,9,4,10,1,1,1,2,2,0
6986,4,6,8,2,4,0,1,1,1,2,0
6987,5,4,15,4,1,3,1,0,2,2,0
6988,5,4,11,4,3,3,1,0,1,2,0
6989,6,4,15,2,1,0,1,1,2,2,0
6990,9,2,1,4,14,1,1,1,3,2,0
6991,6,4,1,2,6,0,1,1,2,2,1
6992,9,4,12,2,4,0,1,1,2,2,1
6993,6,4,11,2,14,0,1,1,2,2,1
6994,8,4,11,2,8,5,1,0,2,2,1
6995,4,4,6,4,14,1,1,1,1,2,0
6996,10,0,11,2,0,0,1,1,2,2,0
6997,6,5,9,0,4,1,1,1,2,4,0
6998,9,0,9,0,0,1,1,0,2,2,0
6999,4,0,11,4,0,3,1,1,1,2,0
7000,11,4,9,2,10,0,1,1,2,2,0
7001,9,5,12,5,4,4,1,1,3,2,0
7002,7,4,11,4,8,4,1,0,3,2,0
7003,13,4,5,2,3,0,1,1,2,2,0
7004,6,2,11,2,11,0,0,1,0,0,0
7005,12,4,14,2,10,0,1,1,2,2,0
7006,10,4,15,2,1,5,1,0,2,2,0
7007,4,1,15,3,1,4,0,0,2,0,0
7008,3,4,15,2,10,0,1,1,1,2,0
7009,8,4,15,2,3,0,1,1,2,2,0
7010,6,4,15,4,4,1,0,1,2,2,0
7011,4,4,15,4,12,3,1,1,2,2,0
7012,4,4,12,4,10,1,1,1,2,2,0
7013,7,4,9,4,1,1,1,0,3,2,0
7014,7,2,15,2,11,0,1,1,1,2,0
7015,6,4,8,4,13,1,1,1,2,2,0
7016,5,4,11,2,4,0,1,1,3,2,0
7017,7,4,15,2,8,0,1,1,2,1,0
7018,10,4,7,0,12,4,1,0,2,2,0
7019,10,4,15,2,1,5,1,0,0,2,0
7020,8,2,7,4,10,1,1,0,1,2,0
7021,8,4,9,2,12,5,1,0,2,2,0
7022,9,2,15,4,10,3,1,1,2,2,0
7023,7,4,15,5,3,1,1,1,2,2,0
7024,6,2,11,2,3,0,1,1,2,2,1
7025,8,4,8,2,10,0,1,1,3,2,0
7026,8,4,9,0,12,4,1,0,2,2,0
7027,7,6,12,4,12,1,1,0,2,2,0
7028,11,4,15,6,12,1,1,1,2,2,1
7029,9,4,11,2,14,0,1,1,2,1,0
7030,5,4,6,2,3,0,1,1,2,2,1
7031,12,7,9,2,10,0,0,1,1,2,1
7032,12,5,11,2,13,0,1,1,2,4,0
7033,7,2,15,4,1,4,1,0,2,2,0
7034,6,0,6,5,6,1,1,1,2,2,0
7035,5,4,5,2,9,0,0,1,2,2,0
7036,5,4,9,4,13,3,1,0,2,2,0
7037,11,5,9,2,12,0,1,1,0,2,1
7038,8,4,9,2,1,5,1,0,2,2,1
7039,6,4,15,5,11,4,1,0,1,2,0
7040,12,4,11,4,5,3,1,1,2,2,0
7041,4,4,15,4,8,3,1,0,2,2,0
7042,5,5,12,4,10,3,0,0,2,2,0
7043,6,2,11,4,14,1,0,0,2,2,0
7044,4,4,11,4,7,2,1,1,1,2,0
7045,8,6,11,2,7,0,0,1,2,2,1
7046,7,4,9,0,10,3,1,1,2,2,0
7047,7,4,9,2,12,0,1,1,2,2,1
7048,6,5,9,3,10,5,1,0,2,2,0
7049,4,2,15,4,10,1,1,1,3,2,1
7050,4,4,9,4,4,1,1,1,2,4,0
7051,6,4,11,4,1,4,1,0,2,2,0
7052,5,4,11,2,6,0,1,1,2,2,1
7053,7,4,11,2,6,0,1,1,2,2,1
7054,3,4,1,4,3,3,1,1,3,2,0
7055,4,4,15,4,5,4,1,1,1,2,0
7056,3,4,0,4,3,3,1,1,0,2,0
7057,4,4,11,4,3,1,0,0,2,2,0
7058,3,7,12,4,4,2,1,1,0,2,0
7059,6,4,9,4,10,1,1,1,2,2,0
7060,13,4,12,6,10,1,1,1,0,2,0
7061,7,2,15,2,10,2,1,1,2,2,0
7062,5,0,15,4,0,3,1,1,2,2,0
7063,7,4,15,2,4,0,1,1,2,2,0
7064,4,4,9,4,12,1,1,1,1,2,0
7065,8,4,1,2,12,0,1,1,2,2,1
7066,6,4,11,2,6,0,1,1,2,2,0
7067,8,4,7,4,12,1,1,1,2,2,0
7068,5,4,11,2,3,0,1,1,2,2,1
7069,7,4,9,2,12,0,1,1,2,2,1
7070,4,4,15,4,8,2,1,0,2,2,0
7071,7,7,9,4,11,3,0,0,2,0,0
7072,6,4,11,2,14,0,1,1,2,2,0
7073,8,0,9,5,0,2,1,0,2,2,0
7074,8,0,15,2,0,0,1,1,2,2,1
7075,8,4,1,2,3,0,1,1,2,2,1
7076,7,2,15,4,4,4,1,0,3,2,0
7077,8,4,15,4,12,4,0,1,4,2,0
7078,4,7,15,4,10,3,0,1,2,2,0
7079,6,6,11,2,3,0,1,1,2,2,1
7080,5,4,6,2,3,0,1,1,2,2,0
7081,4,4,11,4,6,3,1,0,1,2,0
7082,10,4,9,2,10,0,1,1,2,2,0
7083,14,6,11,3,3,4,1,1,1,2,0
7084,6,0,11,4,0,3,1,0,2,2,0
7085,12,5,15,0,4,4,1,0,2,2,0
7086,5,4,9,4,4,1,1,1,2,2,0
7087,5,2,9,4,10,3,1,0,3,2,0
7088,6,4,15,2,8,0,1,1,3,2,0
7089,11,4,1,0,14,1,1,1,2,2,0
7090,10,4,1,2,3,0,1,1,2,2,0
7091,6,4,10,2,12,0,1,1,2,2,1
7092,10,4,15,2,3,0,1,1,1,2,1
7093,7,4,0,2,6,0,1,1,2,2,0
7094,9,6,15,4,5,3,1,1,3,2,0
7095,11,6,6,2,3,0,1,1,2,2,0
7096,12,4,11,2,5,0,1,1,2,2,0
7097,10,4,12,2,10,0,1,1,2,2,1
7098,4,4,15,2,3,0,1,1,0,2,1
7099,11,4,4,2,8,0,1,1,0,2,0
7100,9,6,8,2,3,0,1,1,1,2,0
7101,8,4,8,0,14,4,1,1,2,2,0
7102,4,4,9,2,7,0,1,1,1,2,0
7103,10,6,15,2,4,0,1,1,2,2,0
7104,4,0,11,3,0,4,1,0,1,2,0
7105,7,4,8,2,8,0,1,1,2,2,1
7106,8,4,12,0,8,4,1,1,2,2,0
7107,12,4,15,0,1,4,1,0,2,2,0
7108,10,4,15,2,13,0,0,1,2,2,1
7109,4,4,1,4,8,1,1,1,1,2,0
7110,5,4,11,4,3,1,0,1,1,2,0
7111,10,4,11,2,12,0,1,1,2,2,0
7112,7,5,15,2,4,0,1,1,3,2,1
7113,6,4,11,2,4,0,1,1,2,2,0
7114,7,4,9,0,4,4,1,0,3,2,0
7115,9,4,9,2,4,0,1,1,2,2,1
7116,7,5,15,4,5,3,1,1,2,2,0
7117,4,4,11,5,12,4,1,0,1,2,0
7118,6,4,12,2,12,0,1,1,4,2,1
7119,6,4,12,3,10,1,1,1,2,2,0
7120,8,4,15,6,12,4,1,0,2,2,0
7121,7,4,15,2,14,0,1,1,2,2,0
7122,6,4,15,4,4,3,1,1,2,2,0
7123,9,5,8,2,13,0,1,1,2,4,0
7124,4,4,8,4,14,1,1,1,2,2,0
7125,5,4,5,4,8,1,1,0,2,2,0
7126,10,4,1,2,8,0,0,1,1,0,0
7127,5,7,9,4,4,3,1,0,2,2,0
7128,10,4,15,2,3,0,1,1,2,2,1
7129,9,4,2,4,13,1,1,0,2,2,0
7130,5,4,8,2,3,0,1,1,2,2,0
7131,7,4,15,4,3,3,1,0,2,2,0
7132,3,4,15,4,4,3,1,1,1,2,0
7133,9,4,15,4,7,1,1,1,2,4,0
7134,13,4,15,2,1,0,1,1,2,2,0
7135,6,7,11,5,8,4,1,0,2,2,0
7136,8,4,11,2,1,5,1,0,2,2,1
7137,5,4,15,2,10,0,1,1,2,2,1
7138,7,0,11,4,0,4,1,0,2,2,0
7139,10,4,15,2,12,0,1,1,2,2,0
7140,5,4,11,4,3,3,1,1,2,2,0
7141,7,0,15,0,0,2,1,1,2,2,1
7142,3,5,11,2,13,0,1,1,2,2,0
7143,10,4,9,2,4,0,1,1,2,2,1
7144,7,4,11,2,3,0,1,1,2,2,1
7145,12,7,15,4,13,1,1,0,4,2,0
7146,7,4,15,2,12,5,0,1,2,2,0
7147,5,4,9,0,8,4,0,0,2,2,0
7148,4,7,11,4,1,3,1,0,3,2,0
7149,3,6,11,4,3,1,1,1,1,2,0
7150,5,6,11,4,8,3,1,0,0,2,0
7151,6,4,5,2,8,5,0,0,2,2,1
7152,8,4,9,2,12,0,0,1,1,2,1
7153,6,4,11,2,6,0,1,1,2,2,1
7154,10,4,11,2,5,0,1,1,2,2,1
7155,10,7,15,2,14,0,1,1,2,2,1
7156,7,7,10,0,10,1,1,1,2,2,0
7157,5,4,8,2,4,0,1,1,1,2,0
7158,3,4,8,4,12,1,1,0,0,2,0
7159,8,4,11,2,3,0,0,1,2,2,1
7160,4,1,12,4,1,2,1,0,0,2,0
7161,6,4,15,3,8,1,1,0,2,2,0
7162,4,4,9,4,12,1,1,1,1,2,0
7163,6,4,5,4,8,3,1,0,2,2,0
7164,6,4,11,4,8,3,1,0,2,2,0
7165,8,0,9,5,0,4,1,0,1,2,0
7166,4,4,9,4,10,1,1,0,1,2,0
7167,5,4,15,4,1,4,1,0,2,2,1
7168,10,4,10,2,10,0,1,1,2,2,0
7169,9,4,15,2,1,0,1,1,2,2,0
7170,4,4,15,2,6,0,1,1,2,2,1
7171,6,1,15,0,13,1,1,0,2,2,0
7172,5,4,8,4,4,1,1,1,2,2,0
7173,7,4,2,2,13,0,0,1,2,2,1
7174,7,2,11,2,8,0,1,1,2,2,0
7175,6,4,4,2,8,0,1,1,2,2,0
7176,12,4,11,6,12,4,1,0,2,2,0
7177,10,4,11,2,3,0,1,1,2,2,1
7178,8,2,11,2,1,0,1,1,3,2,1
7179,5,4,9,4,4,1,0,1,1,4,0
7180,5,4,9,4,8,1,0,1,3,2,0
7181,6,6,7,2,12,0,0,1,2,2,0
7182,9,2,11,2,3,0,1,1,2,2,1
7183,14,4,11,6,6,1,1,1,3,2,0
7184,7,5,1,0,12,3,1,0,2,2,0
7185,5,0,15,2,0,0,1,1,2,2,1
7186,11,4,15,5,12,4,1,1,2,2,0
7187,7,4,9,2,8,5,0,0,1,2,1
7188,9,4,7,2,3,0,1,1,2,2,1
7189,7,4,15,2,14,0,1,1,3,2,0
7190,6,4,15,4,12,3,1,1,2,2,0
7191,11,4,8,0,1,4,1,0,2,2,0
7192,8,1,7,2,10,0,1,1,2,2,0
7193,5,4,14,4,10,1,1,1,3,2,0
7194,5,4,11,2,5,0,1,1,2,2,0
7195,5,4,9,4,13,1,1,1,2,2,0
7196,5,4,15,2,4,0,1,1,1,2,0
7197,8,4,15,0,1,1,0,1,2,2,0
7198,5,4,11,2,3,0,1,1,1,2,0
7199,9,7,9,0,10,1,1,0,3,2,0
7200,10,4,11,2,3,0,0,1,2,0,1
7201,15,4,15,6,4,1,1,0,0,2,0
7202,5,1,8,4,1,3,1,0,2,2,0
7203,10,4,11,2,14,0,1,1,2,2,0
7204,6,4,9,2,10,0,1,1,2,2,0
7205,5,4,11,2,8,0,1,1,1,2,1
7206,6,4,11,2,8,0,1,1,2,2,0
7207,10,2,8,2,10,0,1,1,1,2,1
7208,5,4,15,4,1,1,1,0,2,2,0
7209,10,6,15,2,4,0,1,1,2,2,0
7210,5,4,15,4,6,3,1,1,1,2,0
7211,6,6,11,2,8,0,1,1,2,2,0
7212,8,4,7,5,4,4,1,0,0,2,0
7213,9,4,7,4,7,3,1,1,2,2,0
7214,9,1,9,2,10,0,1,1,3,2,1
7215,13,4,5,2,6,0,1,1,2,2,0
7216,7,4,15,2,4,0,1,1,2,2,1
7217,9,2,11,4,3,3,0,1,2,2,0
7218,7,4,15,0,1,1,1,0,2,2,0
7219,4,4,11,4,12,3,1,1,2,2,0
7220,5,4,0,2,14,0,1,1,2,2,1
7221,6,0,6,4,0,1,0,1,0,2,0
7222,5,4,12,4,4,2,1,0,2,2,0
7223,7,4,11,2,1,0,0,1,2,2,1
7224,4,4,11,4,7,3,1,0,2,2,0
7225,7,4,11,2,12,0,1,1,2,2,0
7226,9,4,11,0,1,1,1,0,1,2,0
7227,8,7,12,2,4,0,1,1,4,2,0
7228,7,4,11,5,7,1,1,0,2,2,0
7229,6,7,15,5,1,4,0,0,2,2,0
7230,3,4,11,4,1,1,1,0,2,2,0
7231,7,6,15,2,4,0,1,1,2,2,1
7232,5,0,1,4,0,3,0,0,1,2,0
7233,3,4,8,4,10,2,1,1,1,2,1
7234,6,4,11,5,4,4,1,0,3,2,0
7235,4,5,15,4,12,4,1,0,1,2,0
7236,6,4,15,2,12,0,1,1,2,2,1
7237,8,4,9,2,12,0,1,1,2,2,0
7238,5,4,15,4,8,1,1,0,2,2,0
7239,10,4,15,4,12,3,1,0,2,2,0
7240,6,4,9,4,4,3,1,0,2,2,0
7241,9,4,8,0,7,4,0,0,2,2,0
7242,3,7,15,5,1,1,1,0,1,2,0
7243,5,1,9,4,4,3,1,1,2,2,0
7244,8,4,15,2,12,0,1,1,2,2,1
7245,9,0,0,2,0,0,1,1,3,2,1
7246,6,4,5,4,8,3,1,0,2,2,0
7247,7,4,9,2,10,0,1,1,2,2,1
7248,7,5,15,2,12,5,1,0,2,2,0
7249,11,4,11,6,8,1,1,1,2,2,0
7250,4,4,11,4,4,3,1,1,2,1,0
7251,5,4,9,4,14,3,1,1,1,2,0
7252,6,4,9,5,1,2,1,1,2,2,0
7253,5,1,7,4,1,3,0,1,2,2,0
7254,13,4,11,6,3,1,1,1,0,2,0
7255,4,4,12,2,10,0,1,1,1,2,1
7256,8,4,8,2,6,0,1,1,2,2,1
7257,8,4,11,4,1,1,1,0,1,2,0
7258,4,4,11,4,1,1,1,1,1,2,0
7259,7,4,9,2,4,0,1,1,2,2,0
7260,9,4,0,0,3,4,0,0,2,2,0
7261,7,4,8,2,10,0,1,1,2,2,0
7262,8,4,8,4,1,3,1,0,2,2,0
7263,11,4,11,2,3,0,1,1,2,2,0
7264,8,2,8,0,13,4,1,0,2,2,0
7265,8,5,11,2,12,0,1,1,1,2,0
7266,5,4,11,4,1,4,1,0,2,2,0
7267,3,4,11,4,1,4,1,0,1,2,0
7268,7,4,11,2,14,0,1,1,2,2,0
7269,7,4,11,2,3,0,1,1,2,2,1
7270,9,2,15,0,1,1,1,0,2,2,0
7271,11,1,15,2,10,5,1,0,2,2,0
7272,9,4,9,0,12,4,1,0,2,2,0
7273,11,0,11,2,0,0,1,1,2,2,0
7274,12,4,11,2,14,5,1,1,1,2,0
7275,15,4,15,0,3,1,1,1,0,2,0
7276,8,1,11,2,14,0,1,1,2,2,0
7277,10,7,10,2,10,0,0,1,2,2,0
7278,7,6,14,2,10,0,1,1,2,2,1
7279,5,4,7,4,1,3,1,1,1,2,0
7280,10,2,14,4,10,1,1,0,2,2,0
7281,8,5,9,0,4,4,1,0,4,2,0
7282,6,6,8,4,5,3,1,1,1,2,0
7283,11,4,15,2,1,0,0,1,2,2,1
7284,4,4,11,2,6,0,1,1,2,2,1
7285,7,4,8,2,4,0,1,1,2,2,0
7286,7,6,11,0,1,1,1,0,2,2,0
7287,6,4,9,4,13,3,1,1,3,2,0
7288,10,4,11,2,3,0,1,1,2,2,1
7289,5,4,6,4,3,3,0,1,2,2,0
7290,4,5,9,2,4,0,1,1,2,2,0
7291,4,4,11,3,14,1,1,1,2,2,1
7292,7,4,1,2,8,0,1,1,2,2,0
7293,7,2,9,0,10,4,0,0,2,2,0
7294,8,4,9,2,10,0,0,1,2,2,0
7295,9,4,11,0,1,1,1,0,2,2,0
7296,8,4,9,4,1,1,1,0,2,2,0
7297,6,4,7,2,4,0,1,1,2,2,0
7298,9,4,11,2,13,0,1,1,1,2,1
7299,6,0,7,3,0,5,1,0,2,2,0
7300,9,0,7,2,0,5,1,0,2,2,1
7301,9,4,10,2,10,0,1,1,2,2,0
7302,7,4,9,0,12,1,1,1,2,2,0
7303,10,4,11,2,3,0,1,1,2,2,1
7304,11,4,11,4,14,1,1,1,3,2,0
7305,4,7,15,4,1,3,1,0,2,2,0
7306,6,1,11,4,1,1,0,0,2,0,0
7307,5,4,11,4,6,1,1,1,2,2,0
7308,5,6,9,3,12,1,1,1,2,2,0
7309,15,2,2,2,11,0,1,1,0,2,0
7310,5,2,8,4,4,3,1,0,2,2,0
7311,5,4,2,4,8,3,1,1,2,2,0
7312,5,2,12,2,10,5,1,0,1,2,1
7313,4,4,9,4,10,3,1,1,0,2,0
7314,6,4,9,2,12,0,1,1,2,2,0
7315,10,4,8,2,3,0,1,1,2,2,0
7316,7,6,1,2,8,0,1,1,2,2,0
7317,9,7,15,2,4,5,1,0,2,2,0
7318,8,4,2,2,6,0,1,1,2,2,0
7319,8,4,11,2,1,0,1,1,3,2,1
7320,6,4,15,4,12,1,1,0,2,2,0
7321,5,5,11,4,12,2,1,0,1,2,0
7322,5,7,11,2,4,0,1,1,2,2,0
7323,8,4,8,2,12,0,1,1,2,2,0
7324,7,4,11,2,7,0,1,1,2,2,0
7325,5,4,11,4,14,2,1,1,1,2,0
7326,5,4,4,5,1,1,1,0,1,2,0
7327,9,4,9,4,10,1,1,0,2,2,0
7328,5,4,7,4,7,3,1,1,1,2,0
7329,5,4,9,4,4,1,1,1,2,2,0
7330,9,4,15,2,14,0,1,1,2,2,0
7331,10,4,15,2,1,5,0,0,2,2,0
7332,9,2,11,6,3,1,0,1,1,2,0
7333,5,4,11,4,8,3,1,0,2,2,0
7334,5,4,11,4,1,1,1,0,2,2,0
7335,4,2,11,5,4,1,0,0,1,2,0
7336,8,4,14,2,10,0,1,1,2,2,0
7337,3,6,12,4,10,1,1,0,1,2,0
7338,8,7,9,2,10,0,1,1,2,2,1
7339,4,4,7,4,13,3,0,1,2,2,0
7340,4,4,11,4,8,1,1,1,1,2,0
7341,9,4,11,5,12,4,1,0,2,2,0
7342,8,4,11,0,8,4,1,0,2,2,0
7343,5,4,2,4,6,2,1,1,2,2,0
7344,3,6,15,4,8,3,1,1,0,2,0
7345,6,4,0,2,1,0,1,1,3,2,0
7346,6,6,8,0,1,1,1,1,1,2,0
7347,5,4,8,2,12,0,1,1,2,2,1
7348,10,4,15,2,12,0,1,1,2,2,0
7349,6,4,15,2,3,0,0,1,2,0,0
7350,7,4,15,2,3,0,1,1,3,2,0
7351,5,4,11,4,3,3,1,1,2,2,0
7352,10,5,15,2,12,0,1,1,2,2,0
7353,10,4,11,4,6,1,1,1,0,2,0
7354,6,6,11,4,7,3,1,1,2,2,0
7355,6,4,15,0,3,4,1,0,2,2,1
7356,9,4,11,2,14,0,1,1,2,2,1
7357,9,4,9,2,4,0,1,1,2,2,1
7358,9,0,11,4,0,1,1,0,2,2,0
7359,8,6,12,2,10,5,1,0,1,2,1
7360,13,4,15,2,12,0,1,1,0,2,0
7361,4,4,11,4,10,3,1,1,2,2,0
7362,6,4,8,0,4,4,0,0,2,2,0
7363,5,0,15,4,0,4,1,1,2,2,0
7364,4,2,7,4,4,1,1,1,2,2,0
7365,7,4,11,4,1,1,1,0,2,2,0
7366,5,4,9,4,1,1,1,0,2,2,0
7367,7,4,15,2,1,0,1,1,2,2,1
7368,8,4,15,0,8,4,1,0,2,2,0
7369,8,4,9,2,14,0,1,1,2,2,0
7370,5,4,15,4,8,2,0,1,2,2,0
7371,6,4,6,0,8,1,0,0,2,2,0
7372,6,4,11,4,14,1,0,1,2,2,0
7373,9,4,2,2,9,0,1,1,2,2,1
7374,6,6,0,0,4,1,1,0,2,2,0
7375,4,4,15,4,4,1,1,1,1,2,0
7376,4,4,15,4,1,1,1,0,1,2,0
7377,8,4,1,2,3,0,1,1,2,2,0
7378,8,4,15,0,12,1,1,0,2,2,0
7379,9,4,11,2,3,0,1,1,2,2,1
7380,5,4,11,4,3,3,1,1,2,2,0
7381,9,4,4,2,3,0,1,1,2,1,0
7382,9,4,1,2,8,0,1,1,2,2,0
7383,10,4,15,2,10,0,1,1,2,2,0
7384,9,4,11,0,1,1,1,0,2,2,0
7385,7,4,11,2,14,0,0,1,2,2,0
7386,8,0,0,0,0,1,1,0,3,2,0
7387,10,6,11,2,5,0,1,1,2,2,1
7388,5,2,12,0,10,1,1,1,2,2,0
7389,12,7,9,0,10,1,1,0,2,2,0
7390,9,2,9,4,10,4,1,0,2,2,0
7391,4,4,11,4,1,1,1,0,0,2,1
7392,10,6,11,2,3,0,1,1,0,2,0
7393,10,1,15,2,1,5,1,0,2,2,1
7394,5,6,11,4,10,3,1,1,1,2,0
7395,10,4,11,0,11,4,0,0,1,2,0
7396,10,4,2,2,9,0,1,1,2,2,0
7397,5,2,11,4,14,3,1,1,2,2,0
7398,13,7,11,6,1,4,1,0,2,2,0
7399,13,7,9,2,13,0,1,1,2,2,0
7400,8,4,11,2,3,0,1,1,2,2,0
7401,9,4,7,0,1,1,1,0,2,2,0
7402,4,4,9,4,10,1,1,0,1,2,0
7403,8,6,6,2,3,0,1,1,3,2,0
7404,6,4,1,2,8,0,0,1,2,0,1
7405,8,4,1,2,7,0,1,1,2,2,0
7406,7,5,15,2,4,0,0,1,2,2,1
7407,3,2,15,4,8,1,1,0,2,2,0
7408,6,4,15,4,8,1,0,0,2,2,0
7409,4,0,8,4,0,4,1,0,2,2,1
7410,10,4,11,2,3,0,1,1,2,2,1
7411,8,2,11,2,4,0,1,1,2,2,1
7412,5,4,9,4,8,1,1,1,2,2,0
7413,8,4,11,5,14,4,1,0,2,2,0
7414,10,4,7,0,1,1,1,0,2,2,0
7415,5,4,11,0,7,1,1,0,2,2,0
7416,5,4,15,2,5,0,1,1,1,2,0
7417,13,2,11,0,1,1,1,0,1,2,0
7418,7,4,15,4,12,1,1,1,2,2,0
7419,4,4,0,2,8,0,1,1,1,2,0
7420,5,4,11,4,8,3,1,0,2,2,0
7421,6,4,15,2,3,0,1,1,2,2,1
7422,8,4,9,2,4,0,1,1,3,2,1
7423,6,4,11,4,8,2,0,1,2,2,0
7424,5,4,11,4,8,3,1,0,2,2,0
7425,5,4,9,6,10,4,1,1,1,2,0
7426,6,4,12,2,10,0,1,1,2,2,1
7427,5,4,15,4,4,4,1,1,2,2,0
7428,6,4,11,2,14,0,1,1,2,2,1
7429,6,5,9,2,11,0,1,1,2,2,0
7430,7,4,11,4,8,1,1,0,2,2,0
7431,5,0,5,0,0,4,1,0,2,2,1
7432,7,1,7,0,4,4,1,0,2,2,0
7433,7,5,9,4,4,3,1,1,2,2,0
7434,3,4,1,4,14,1,1,1,0,2,0
7435,4,6,9,4,4,1,1,1,2,2,1
7436,4,4,7,4,3,1,1,1,2,2,0
7437,10,4,11,2,6,0,0,1,3,2,1
7438,7,4,11,2,3,0,1,1,2,2,0
7439,12,2,11,0,1,3,1,1,2,2,0
7440,4,4,11,4,14,1,1,1,2,2,0
7441,7,4,1,4,8,1,1,1,2,2,0
7442,4,4,11,4,8,1,1,1,2,2,0
7443,7,4,9,0,10,1,1,1,2,2,0
7444,8,4,7,0,12,1,1,1,2,2,1
7445,4,4,9,4,1,3,1,0,1,2,0
7446,9,4,11,0,3,1,1,1,2,2,0
7447,7,4,14,2,4,0,1,1,2,2,0
7448,4,4,11,4,7,1,1,1,2,4,0
7449,13,4,15,2,14,0,1,1,1,2,1
7450,8,1,15,5,1,1,1,1,2,2,0
7451,6,4,9,4,14,1,1,1,2,2,0
7452,9,6,15,2,12,0,1,1,2,2,0
7453,7,4,7,2,7,0,0,1,2,2,1
7454,6,4,3,4,13,1,1,0,2,2,1
7455,8,0,11,0,0,1,1,0,2,2,0
7456,10,6,14,0,10,4,1,0,2,2,0
7457,3,4,11,4,14,1,0,1,1,2,0
7458,5,4,11,4,3,1,1,1,2,2,0
7459,8,4,11,2,3,0,1,1,1,2,1
7460,5,6,8,4,8,1,1,0,2,2,0
7461,8,4,15,4,12,3,1,1,3,2,0
7462,9,4,8,4,3,1,1,0,2,2,1
7463,8,4,15,2,3,0,1,1,2,2,1
7464,7,4,5,2,12,0,1,1,2,2,0
7465,6,4,11,2,4,0,1,1,2,2,1
7466,5,2,8,0,10,4,1,0,2,2,0
7467,5,4,4,4,8,2,1,0,2,2,0
7468,5,0,11,2,6,0,1,1,3,2,0
7469,14,4,11,6,12,4,1,0,1,2,0
7470,11,4,15,0,1,1,1,0,2,2,0
7471,8,4,9,2,4,0,1,1,2,2,0
7472,4,4,15,4,11,1,1,1,2,2,0
7473,6,4,9,2,10,0,1,1,3,2,1
7474,4,4,5,4,12,1,1,1,2,2,0
7475,7,4,11,2,8,0,1,1,2,2,1
7476,3,4,0,4,7,1,1,1,1,2,0
7477,7,4,12,4,10,3,1,0,2,2,0
7478,11,1,11,2,6,0,1,1,2,2,1
7479,9,4,11,2,14,0,1,1,2,2,0
7480,6,4,11,5,1,4,1,0,1,2,0
7481,8,2,11,2,11,0,1,1,1,2,0
7482,8,4,11,0,8,4,0,0,2,0,0
7483,12,4,11,2,3,0,1,1,2,2,1
7484,7,4,15,5,7,4,1,0,2,2,0
7485,8,6,11,2,10,0,1,1,2,2,0
7486,8,4,15,2,1,0,1,1,3,2,0
7487,4,4,9,2,1,0,1,1,0,2,0
7488,5,4,9,2,10,0,0,1,2,2,1
7489,8,4,9,2,4,0,1,1,2,2,0
7490,5,6,12,4,10,3,1,0,2,1,0
7491,8,4,6,2,12,0,1,1,2,2,0
7492,5,4,15,0,1,1,1,0,2,2,0
7493,5,2,15,4,14,1,1,1,2,2,0
7494,4,6,11,4,4,3,1,0,2,2,0
7495,9,0,15,2,0,0,1,1,2,2,0
7496,10,0,2,4,0,1,1,0,2,2,0
7497,5,4,9,0,8,3,1,1,2,2,0
7498,12,4,11,6,12,1,1,0,0,2,0
7499,4,1,11,4,1,1,1,0,2,2,0
7500,12,7,15,2,13,5,1,0,1,2,1
7501,6,4,5,5,9,1,0,1,2,2,0
7502,5,4,0,2,5,0,1,1,2,2,0
7503,8,4,11,2,12,0,0,1,1,2,0
7504,7,4,9,0,10,2,1,0,2,2,0
7505,9,0,11,2,0,0,0,1,1,2,1
7506,6,7,11,4,11,3,1,1,2,2,0
7507,4,4,15,3,4,1,1,0,2,2,1
7508,10,7,15,4,4,2,1,1,2,2,0
7509,7,4,12,0,4,1,1,0,2,2,0
7510,9,2,12,2,10,0,1,1,2,2,0
7511,7,4,5,2,3,0,1,1,2,2,0
7512,3,4,11,4,11,2,1,0,0,2,0
7513,7,4,11,2,3,0,1,1,1,2,1
7514,9,7,11,0,8,4,1,0,2,2,0
7515,5,6,1,2,12,0,1,1,2,2,0
7516,6,4,9,2,3,0,1,1,2,2,0
7517,8,4,9,0,13,1,1,1,2,2,0
7518,17,4,11,2,7,0,1,1,1,2,0
7519,3,4,11,4,1,1,1,1,2,2,0
7520,9,0,15,0,0,2,1,0,2,2,0
7521,6,4,15,2,10,0,1,1,4,2,0
7522,8,4,14,2,10,5,1,0,2,2,0
7523,9,6,8,4,10,3,1,0,2,2,0
7524,12,4,9,6,4,1,1,1,1,2,0
7525,4,4,11,4,7,3,1,0,3,2,0
7526,11,4,11,0,8,1,1,0,2,2,0
7527,5,0,15,4,0,1,1,1,2,2,0
7528,5,4,1,6,11,1,1,0,2,2,0
7529,6,6,12,2,4,0,1,1,2,2,0
7530,3,4,12,4,10,1,1,1,1,2,0
7531,9,0,8,2,0,0,1,1,2,2,0
7532,7,4,12,0,10,4,1,0,2,2,0
7533,10,4,11,2,3,0,1,1,3,2,0
7534,7,4,9,4,10,3,1,1,2,2,0
7535,8,4,6,0,3,4,1,1,2,2,0
7536,7,4,11,2,8,0,1,1,2,2,1
7537,6,4,11,3,12,1,1,0,2,2,0
7538,6,4,11,2,3,0,1,1,2,2,0
7539,10,4,15,0,1,1,0,0,0,2,0
7540,3,4,11,5,1,4,1,0,2,2,0
7541,13,0,11,2,0,0,1,1,0,2,0
7542,12,4,11,2,8,0,0,1,2,2,1
7543,9,4,12,5,10,1,1,1,2,2,0
7544,3,4,15,4,3,1,1,0,2,2,0
7545,4,4,12,4,12,4,1,0,1,2,0
7546,5,4,11,4,8,1,1,1,2,2,0
7547,11,4,15,2,8,0,1,1,2,2,1
7548,11,4,11,2,3,0,0,1,2,2,0
7549,8,4,1,2,12,0,1,1,2,2,1
7550,3,4,11,4,1,1,1,0,0,2,0
7551,8,4,9,4,10,1,1,0,2,2,0
7552,12,7,5,2,8,0,1,1,2,2,0
7553,7,4,11,2,7,0,1,1,2,2,1
7554,6,4,15,4,1,1,1,0,2,2,0
7555,5,4,11,4,12,3,1,1,2,4,0
7556,6,4,7,0,10,1,1,0,4,2,0
7557,11,4,0,2,14,0,1,1,1,2,0
7558,5,4,9,4,1,1,1,0,1,2,0
7559,9,4,11,2,12,0,1,1,1,2,0
7560,9,4,15,2,3,0,1,1,2,2,0
7561,8,4,11,2,4,5,1,0,3,2,1
7562,11,4,9,2,12,0,1,1,4,2,1
7563,8,4,9,6,4,1,1,0,2,2,0
7564,6,4,14,0,10,2,1,0,2,2,0
7565,12,4,12,6,4,4,1,0,2,2,0
7566,8,4,9,5,12,4,0,0,2,2,0
7567,5,6,11,4,5,3,0,1,2,2,0
7568,7,6,11,2,12,0,1,1,2,2,1
7569,5,4,11,2,5,0,1,1,2,2,0
7570,9,4,15,2,1,0,1,1,2,2,1
7571,10,4,15,0,8,4,1,0,2,2,0
7572,8,4,1,2,6,0,1,1,2,2,1
7573,4,7,11,4,8,4,1,1,2,2,0
7574,7,4,15,4,8,3,0,0,2,2,0
7575,6,4,15,4,10,3,0,1,2,2,0
7576,5,4,15,2,1,0,0,1,2,2,0
7577,7,4,12,2,10,0,0,1,2,0,1
7578,14,0,11,2,0,0,1,1,1,2,1
7579,9,4,15,2,6,0,1,1,2,2,0
7580,5,4,12,2,4,0,1,1,2,2,1
7581,4,4,15,4,4,1,1,0,2,2,0
7582,8,4,9,2,8,0,1,1,1,2,0
7583,7,4,11,2,4,0,1,1,2,2,0
7584,6,7,9,2,11,0,1,1,2,2,1
7585,9,4,11,2,4,0,1,1,3,2,0
7586,7,4,1,4,3,1,1,1,2,2,0
7587,9,4,1,2,6,0,1,1,2,1,1
7588,10,4,12,2,8,0,1,1,2,2,0
7589,9,7,7,2,10,0,1,1,2,2,0
7590,10,0,11,2,0,0,1,1,2,2,0
7591,10,4,11,2,3,0,1,1,2,2,0
7592,13,4,11,2,7,5,1,0,0,1,1
7593,8,0,15,2,0,0,1,1,3,2,0
7594,9,4,9,4,4,3,1,1,2,2,0
7595,8,0,15,2,0,0,1,1,2,2,1
7596,6,4,11,2,6,0,0,1,2,2,0
7597,7,4,1,2,14,0,1,1,2,2,0
7598,12,4,12,6,10,4,1,0,2,2,0
7599,6,1,11,2,6,0,1,1,3,2,1
7600,11,2,9,2,11,0,1,1,2,2,0
7601,6,4,11,2,12,5,1,0,2,2,0
7602,4,1,9,4,4,3,1,0,1,2,0
7603,8,4,11,2,12,0,1,1,2,2,0
7604,7,2,0,2,3,0,1,1,2,2,0
7605,6,4,11,4,1,3,1,0,2,2,0
7606,9,6,8,2,3,0,1,1,3,2,0
7607,6,4,9,5,10,1,1,0,2,2,0
7608,12,4,11,2,4,5,1,0,1,2,1
7609,11,4,11,2,3,0,1,1,2,2,1
7610,7,4,7,2,1,0,1,1,3,2,0
7611,8,2,11,2,8,5,1,0,2,2,0
7612,8,2,9,2,10,0,1,1,2,2,0
7613,7,4,15,2,12,0,0,1,2,2,1
7614,7,5,11,4,4,3,1,1,2,2,0
7615,8,4,15,2,7,0,0,1,2,2,1
7616,5,6,15,4,3,2,1,1,2,2,0
7617,9,4,7,2,12,0,1,1,2,2,1
7618,9,4,15,2,3,0,1,1,2,2,1
7619,5,6,15,2,5,0,1,1,2,2,1
7620,5,4,11,2,12,0,1,1,1,2,1
7621,11,4,15,0,1,4,1,0,3,2,0
7622,3,4,15,4,6,3,1,0,2,2,0
7623,4,4,11,4,6,3,1,1,2,2,0
7624,3,4,8,4,6,1,0,1,1,2,0
7625,7,4,15,0,12,1,1,1,2,2,0
7626,8,4,15,2,1,5,0,0,2,2,1
7627,5,2,9,4,10,3,1,1,2,2,0
7628,10,4,1,2,14,5,1,0,2,2,0
7629,6,0,15,2,0,0,1,1,2,2,1
7630,9,4,11,2,7,0,0,1,2,2,0
7631,6,4,1,2,3,0,1,1,3,2,1
7632,7,6,1,2,3,0,1,1,3,2,0
7633,4,2,2,4,11,3,1,1,2,2,0
7634,7,4,15,2,1,0,0,1,2,2,0
7635,6,4,7,2,14,0,1,1,0,2,1
7636,4,6,1,4,14,3,1,1,2,2,0
7637,5,6,11,3,1,1,1,1,1,2,0
7638,6,4,8,0,1,1,1,0,1,2,0
7639,6,4,11,5,6,4,1,1,2,2,0
7640,5,0,0,4,0,3,1,0,2,2,0
7641,9,4,15,2,14,0,1,1,2,2,1
7642,4,4,12,4,12,3,1,1,2,2,0
7643,12,4,15,6,12,3,1,0,2,2,0
7644,9,4,11,2,3,0,1,1,2,2,0
7645,8,4,4,2,3,0,1,1,2,2,0
7646,9,0,15,0,0,1,1,1,2,2,0
7647,10,4,11,2,14,0,1,1,1,2,1
7648,9,4,9,2,1,0,0,1,1,0,0
7649,6,2,12,2,10,0,1,1,2,2,0
7650,7,0,11,4,0,3,1,0,2,2,0
7651,12,4,15,2,3,0,0,1,1,2,0
7652,7,4,1,2,3,0,0,1,2,2,0
7653,10,4,11,4,3,3,1,1,2,2,0
7654,13,2,7,6,10,4,0,0,2,2,0
7655,5,4,11,4,3,1,1,1,3,2,0
7656,4,5,8,4,13,3,1,1,2,2,0
7657,8,4,7,0,10,4,1,0,2,2,1
7658,8,4,9,2,14,0,1,1,2,2,1
7659,7,4,9,0,4,3,1,1,2,2,0
7660,4,5,15,4,12,1,1,1,2,2,0
7661,9,4,15,2,13,0,1,1,2,2,1
7662,9,4,8,2,3,0,1,1,2,2,0
7663,3,0,11,4,0,1,1,1,1,2,0
7664,4,4,8,4,3,3,1,0,1,2,0
7665,4,4,11,4,7,1,1,0,2,2,0
7666,7,4,11,4,12,1,1,1,2,2,0
7667,4,4,2,4,12,1,0,1,2,2,0
7668,8,4,11,2,3,0,1,1,2,2,1
7669,10,4,15,6,12,1,1,1,2,2,1
7670,6,1,9,0,10,1,1,1,2,2,0
7671,11,4,15,6,8,4,1,0,2,2,0
7672,5,4,0,4,8,3,1,0,2,2,0
7673,9,4,11,0,1,4,1,0,2,2,0
7674,4,4,0,4,8,1,1,1,0,2,0
7675,4,4,6,4,14,1,1,1,1,2,0
7676,6,4,8,2,13,0,1,1,2,2,0
7677,11,5,11,2,4,0,1,1,2,2,1
7678,5,4,11,2,12,0,1,1,2,2,1
7679,7,4,11,4,14,3,1,1,1,2,0
7680,4,0,12,4,0,2,1,1,2,2,0
7681,5,4,15,4,3,1,0,0,2,2,0
7682,4,7,15,4,1,1,1,0,2,2,0
7683,5,4,1,2,3,0,0,1,2,2,0
7684,4,7,9,4,1,1,1,1,2,2,0
7685,6,4,7,0,4,1,1,1,2,2,0
7686,7,4,11,2,4,0,1,1,2,2,0
7687,6,4,15,4,1,3,1,1,2,2,0
7688,11,4,9,6,10,4,1,0,2,2,0
7689,4,4,11,4,1,1,1,0,2,2,0
7690,10,4,8,4,1,3,1,0,2,2,0
7691,6,6,15,2,5,0,1,1,2,2,1
7692,9,5,8,2,4,0,1,1,2,2,1
7693,5,0,11,2,0,0,1,1,2,2,0
7694,8,4,10,2,10,0,1,1,4,2,1
7695,3,4,1,4,12,1,1,0,1,2,0
7696,7,4,6,2,7,0,1,1,2,2,1
7697,15,4,11,2,7,0,1,1,3,2,1
7698,4,6,11,4,14,3,1,1,2,2,0
7699,4,6,15,4,14,3,1,1,1,2,0
7700,13,2,9,2,11,0,1,1,0,2,0
7701,8,4,9,2,8,0,1,1,1,2,0
7702,8,4,15,2,4,0,1,1,2,2,0
7703,6,7,1,2,11,0,1,1,2,2,1
7704,5,5,9,2,4,0,1,1,2,2,0
7705,13,7,15,2,1,0,1,1,2,2,1
7706,4,4,15,4,8,3,1,0,2,2,0
7707,8,4,7,2,1,0,0,1,1,0,0
7708,6,4,4,2,3,0,1,1,2,4,1
7709,6,4,15,0,1,3,0,0,2,2,0
7710,9,4,14,2,4,0,1,1,1,2,0
7711,5,4,11,4,1,2,1,0,2,2,0
7712,9,4,0,2,5,0,1,1,2,2,0
7713,5,6,14,2,4,0,1,1,2,2,1
7714,11,4,11,0,3,0,1,1,2,2,1
7715,8,4,9,0,3,4,1,0,1,2,0
7716,6,4,9,0,12,4,1,1,2,2,0
7717,14,7,15,2,4,0,0,1,2,2,0
7718,7,4,15,2,4,0,1,1,2,2,0
7719,4,4,15,0,4,1,1,1,2,2,0
7720,11,4,6,2,3,0,1,1,2,1,0
7721,8,1,9,2,10,0,1,1,3,2,0
7722,11,4,9,2,4,0,1,1,1,2,1
7723,6,4,15,5,1,4,1,0,2,2,0
7724,3,0,11,4,0,1,1,1,1,2,0
7725,6,6,11,4,7,1,1,0,1,2,0
7726,10,2,15,2,8,5,0,0,2,0,0
7727,10,2,9,2,4,0,1,1,2,2,0
7728,9,4,15,5,3,4,1,1,3,2,0
7729,10,4,11,2,6,0,1,1,2,2,0
7730,10,4,11,2,7,0,0,1,2,2,1
7731,5,4,15,4,1,4,1,0,2,2,0
7732,9,4,15,2,8,0,1,1,1,2,1
7733,15,4,12,0,1,4,0,0,0,0,0
7734,6,0,9,0,0,1,1,0,3,2,0
7735,3,4,11,4,3,1,1,0,2,2,0
7736,9,4,9,2,12,0,1,1,2,2,0
7737,8,6,6,2,3,0,1,1,2,2,0
7738,4,4,15,4,6,1,1,1,0,2,0
7739,4,4,11,4,3,1,1,1,1,2,0
7740,8,4,15,0,7,1,0,0,3,2,0
7741,5,4,9,4,4,3,1,1,2,2,0
7742,6,4,15,2,7,5,0,0,1,2,0
7743,6,4,11,4,3,1,1,1,2,2,0
7744,9,4,5,2,8,0,1,1,2,2,0
7745,9,4,11,2,1,0,0,1,2,2,1
7746,15,0,11,4,0,1,1,0,2,2,0
7747,4,4,15,4,1,1,1,0,1,2,0
7748,6,7,9,0,10,1,1,1,3,2,1
7749,12,0,11,0,0,1,1,0,2,2,0
7750,3,7,15,4,1,1,0,0,1,2,0
7751,10,7,1,0,2,1,0,0,2,2,0
7752,3,4,9,4,10,3,1,0,0,2,0
7753,6,1,9,4,10,3,0,0,2,2,0
7754,4,1,11,4,1,3,1,0,2,2,0
7755,7,4,15,2,1,0,1,1,2,2,0
7756,4,4,11,2,3,0,1,1,2,2,1
7757,5,6,15,4,4,1,1,1,1,2,0
7758,4,4,11,4,4,1,1,1,2,2,0
7759,5,4,10,4,10,1,1,1,2,2,0
7760,4,4,8,4,6,3,1,0,3,2,0
7761,8,4,12,2,10,0,1,1,2,2,1
7762,8,4,1,2,14,0,1,1,2,2,1
7763,6,4,0,2,3,0,1,1,2,2,0
7764,5,4,9,3,4,1,1,0,2,2,1
7765,9,4,15,2,1,5,1,0,2,2,0
7766,13,4,8,2,3,0,1,1,2,2,0
7767,9,4,11,0,12,4,1,0,2,2,0
7768,6,4,11,2,3,0,0,1,2,2,1
7769,3,4,15,4,3,1,1,1,3,2,0
7770,17,4,11,5,3,4,1,1,1,2,0
7771,4,1,2,4,13,3,1,1,2,2,0
7772,3,4,9,4,1,3,1,0,0,2,0
7773,8,4,9,2,4,0,1,1,2,2,0
7774,8,4,9,2,4,0,0,1,2,1,1
7775,6,4,12,2,8,0,1,1,2,2,1
7776,12,4,11,2,3,0,1,1,1,2,1
7777,4,4,9,4,12,4,0,0,0,2,0
7778,9,6,11,2,3,0,1,1,2,4,0
7779,6,7,11,2,11,0,1,1,2,2,1
7780,7,4,8,4,7,1,1,0,2,1,0
7781,8,0,15,2,0,0,1,1,2,2,0
7782,7,6,9,2,4,0,1,1,2,2,1
7783,3,5,15,4,13,1,1,0,0,2,0
7784,8,7,9,2,4,0,1,1,1,2,0
7785,12,4,15,2,14,0,1,1,4,2,0
7786,9,4,10,2,10,0,1,1,2,2,1
7787,9,4,1,2,8,0,1,1,2,2,0
7788,4,4,11,4,12,3,1,1,2,2,0
7789,5,6,9,4,4,1,1,0,2,2,0
7790,5,4,11,4,6,1,1,1,2,2,0
7791,9,4,9,2,4,0,1,1,3,2,0
7792,9,4,15,2,4,0,0,1,3,2,0
7793,7,0,7,2,0,0,1,1,2,2,0
7794,7,4,11,2,8,0,1,1,2,2,1
7795,13,2,2,6,11,1,1,1,2,2,1
7796,7,0,11,0,0,1,1,0,2,2,0
7797,10,1,9,2,4,0,0,1,2,2,0
7798,10,5,8,5,4,4,1,0,2,2,0
7799,9,4,11,0,1,1,1,0,2,2,0
7800,11,4,7,0,12,1,1,0,2,2,0
7801,10,4,11,2,3,0,0,1,3,2,1
7802,14,4,9,1,12,3,1,0,1,2,0
7803,5,4,15,2,12,0,1,1,2,2,0
7804,4,4,15,4,7,1,1,1,1,2,0
7805,5,4,9,2,14,0,1,1,1,2,1
7806,17,4,11,2,6,0,1,1,1,2,1
7807,6,6,11,0,12,1,1,0,2,2,0
7808,6,4,12,4,12,1,1,0,2,2,0
7809,5,4,11,4,12,3,1,0,2,2,0
7810,11,4,1,2,8,0,1,1,2,2,0
7811,6,4,11,3,6,1,1,1,2,2,0
7812,6,2,11,2,3,0,1,1,2,2,1
7813,9,4,6,2,14,0,1,1,2,2,1
7814,6,4,7,2,10,5,1,0,2,2,0
7815,6,4,11,2,14,0,1,1,2,2,0
7816,8,4,15,2,10,0,1,1,1,2,1
7817,16,4,11,2,3,0,0,1,1,2,0
7818,6,4,11,2,14,0,1,1,1,2,0
7819,4,4,11,4,12,1,1,0,2,2,0
7820,6,4,15,0,8,1,1,0,2,2,0
7821,9,4,11,2,7,0,1,1,2,2,0
7822,8,4,15,0,7,4,1,1,2,2,0
7823,5,1,9,5,1,1,0,0,1,0,0
7824,5,4,8,4,3,1,1,1,2,2,0
7825,11,4,9,2,12,0,1,1,2,2,1
7826,9,5,9,2,3,0,1,1,2,2,0
7827,3,4,9,4,12,1,1,0,4,2,0
7828,10,4,5,2,12,0,1,1,1,2,1
7829,11,4,15,0,12,3,1,0,2,2,0
7830,10,0,11,2,0,0,1,1,2,2,0
7831,7,4,14,2,10,0,1,1,2,2,1
7832,5,4,8,4,1,4,1,0,1,2,0
7833,6,7,15,0,1,1,1,0,1,2,0
7834,6,1,11,4,1,2,1,0,3,0,0
7835,8,6,8,2,4,0,1,1,1,2,1
7836,4,2,11,4,14,1,1,1,1,2,0
7837,4,6,8,4,12,1,1,1,1,2,0
7838,3,7,9,4,1,1,1,0,0,2,0
7839,6,2,15,2,8,0,1,1,2,2,0
7840,7,4,11,4,6,3,1,1,2,2,0
7841,5,4,15,6,12,4,1,0,0,2,0
7842,8,4,11,2,14,0,0,1,2,2,0
7843,11,4,9,2,10,0,1,1,2,2,0
7844,6,0,1,2,0,0,1,1,1,2,1
7845,3,4,15,4,10,1,1,1,1,2,0
7846,9,4,11,2,12,0,1,1,2,2,1
7847,6,4,2,0,8,1,1,1,1,2,0
7848,7,4,15,4,1,1,1,0,2,2,0
7849,5,4,9,3,8,5,0,0,3,2,0
7850,10,6,15,2,14,0,1,1,2,2,0
7851,7,4,11,0,1,1,1,1,2,2,0
7852,12,4,11,6,1,1,1,0,0,2,0
7853,6,4,15,2,6,0,1,1,2,2,1
7854,10,4,14,2,10,0,1,1,2,2,1
7855,4,4,11,4,14,1,1,1,2,2,0
7856,4,4,7,4,12,1,0,1,2,2,0
7857,11,4,4,6,1,4,0,0,2,2,0
7858,6,4,11,4,1,1,1,1,1,2,0
7859,4,6,7,2,4,0,1,1,0,2,1
7860,6,4,9,4,10,1,1,0,2,2,0
7861,12,4,11,2,10,0,1,1,2,2,0
7862,7,4,11,4,7,4,1,0,2,2,0
7863,9,4,15,2,8,0,1,1,2,2,0
7864,9,4,11,0,5,4,1,1,2,2,0
7865,8,4,11,2,8,0,1,1,2,2,1
7866,5,0,11,0,0,1,1,1,2,2,0
7867,13,4,9,0,10,1,1,1,1,2,0
7868,16,4,11,2,7,0,1,1,1,2,1
7869,4,4,11,4,14,1,1,0,2,2,0
7870,5,4,11,4,14,1,1,1,1,2,0
7871,6,4,9,2,4,0,1,1,2,2,0
7872,3,4,11,4,3,1,1,1,0,4,0
7873,4,4,9,4,4,3,1,1,2,1,0
7874,4,4,0,4,8,3,0,0,2,2,0
7875,5,4,15,2,6,0,1,1,2,1,1
7876,7,4,10,2,4,5,1,0,2,2,0
7877,12,1,15,2,13,0,0,1,2,2,1
7878,5,4,7,4,1,1,1,1,2,2,0
7879,5,4,11,4,12,3,1,0,3,2,0
7880,10,4,6,2,14,0,1,1,1,2,0
7881,7,4,9,2,4,0,1,1,2,2,1
7882,13,4,11,2,6,0,0,1,1,0,1
7883,9,4,12,2,12,0,1,1,2,2,0
7884,12,4,15,4,8,3,0,0,0,2,0
7885,12,2,7,0,4,1,1,0,2,2,0
7886,8,4,9,3,1,1,0,1,2,2,0
7887,4,4,7,4,14,3,1,1,2,2,0
7888,12,4,15,2,12,0,1,1,4,2,1
7889,15,4,6,6,7,1,0,0,3,2,0
7890,5,1,9,4,10,3,1,1,2,2,0
7891,4,4,11,4,8,1,1,0,2,2,0
7892,9,4,11,2,4,0,1,1,3,2,1
7893,9,4,11,2,7,0,1,1,2,2,1
7894,5,4,15,4,8,1,1,0,2,2,0
7895,6,4,11,2,8,0,1,1,2,2,1
7896,18,4,11,4,4,1,1,1,1,2,1
7897,8,6,14,3,10,1,1,1,2,2,0
7898,8,4,15,2,4,0,1,1,2,2,0
7899,7,4,0,2,3,0,0,1,2,2,1
7900,6,4,8,2,5,0,1,1,3,2,0
7901,5,4,9,4,1,2,1,1,2,2,0
7902,6,2,9,0,11,1,1,0,2,2,0
7903,9,4,7,2,12,0,1,1,0,2,1
7904,4,2,15,4,8,1,1,1,2,2,0
7905,7,4,11,4,6,1,1,1,3,2,0
7906,12,6,5,3,5,1,1,1,1,2,0
7907,7,4,11,4,12,3,1,0,2,2,0
7908,10,4,11,4,1,4,1,0,2,2,0
7909,10,4,2,2,8,0,1,1,2,2,1
7910,10,4,12,2,6,0,1,1,2,2,0
7911,3,1,12,4,10,3,1,1,0,2,0
7912,4,4,14,4,10,3,1,0,0,2,0
7913,9,4,11,2,3,0,1,1,2,2,1
7914,4,4,7,4,3,1,1,1,2,1,0
7915,7,4,11,4,4,1,1,0,3,2,0
7916,7,5,15,4,4,1,1,0,3,2,0
7917,9,4,8,4,12,1,1,1,2,2,0
7918,9,6,11,2,5,0,1,1,1,2,1
7919,11,4,9,2,10,0,1,1,4,2,0
7920,8,4,12,6,10,1,1,1,2,2,0
7921,3,4,15,4,4,3,1,0,2,2,0
7922,13,4,7,2,12,0,1,1,1,2,1
7923,5,0,11,4,0,1,0,0,2,2,0
7924,7,4,0,2,7,0,1,1,2,2,0
7925,7,4,8,0,4,1,1,1,2,2,0
7926,9,6,14,0,10,1,1,0,3,2,0
7927,11,4,15,2,6,0,1,1,2,2,0
7928,4,4,8,4,6,1,1,1,2,2,0
7929,12,0,0,2,6,0,1,1,1,2,0
7930,3,4,15,4,1,1,0,0,3,2,0
7931,14,4,11,5,12,4,1,0,1,2,0
7932,8,4,15,2,12,5,1,0,2,2,1
7933,6,4,12,3,4,1,1,1,2,2,0
7934,12,4,11,6,14,4,1,1,2,2,0
7935,9,6,8,4,5,1,1,1,3,2,0
7936,7,2,12,2,10,0,1,1,2,2,1
7937,7,4,11,5,3,4,1,1,2,2,0
7938,7,5,11,2,12,0,1,1,2,2,0
7939,10,4,11,2,12,0,1,1,2,2,0
7940,6,4,11,4,8,3,0,0,2,2,0
7941,13,4,11,2,12,0,1,1,2,2,0
7942,11,0,15,2,0,0,0,1,1,2,1
7943,6,4,8,2,4,0,1,1,1,2,0
7944,9,4,15,0,3,1,1,1,2,2,0
7945,4,4,11,4,13,1,0,1,1,2,0
7946,8,4,12,0,6,1,1,0,3,2,0
7947,5,4,9,4,10,3,1,1,2,2,0
7948,6,4,15,4,1,1,1,0,2,2,0
7949,9,4,15,0,14,3,0,0,2,2,0
7950,6,0,11,4,0,3,1,1,2,2,0
7951,4,4,15,4,11,1,1,1,2,2,0
7952,6,6,14,4,10,2,1,0,2,2,0
7953,4,4,15,4,1,1,0,0,2,2,0
7954,4,4,1,3,8,4,0,0,2,2,0
7955,9,4,15,2,11,0,1,1,1,2,1
7956,11,4,10,6,10,1,1,1,2,2,0
7957,7,4,15,2,4,0,0,1,2,2,0
7958,12,4,11,5,1,4,1,0,0,2,0
7959,4,2,9,4,11,3,1,1,2,2,0
7960,4,4,11,4,4,3,1,0,2,2,0
7961,6,4,11,4,1,4,1,0,2,1,0
7962,7,4,7,4,8,3,0,1,2,2,0
7963,8,4,11,4,10,1,1,0,2,2,0
7964,7,4,5,2,6,5,1,0,2,1,0
7965,5,6,11,2,3,0,1,1,1,2,0
7966,3,2,15,4,1,2,1,0,1,2,0
7967,8,4,11,2,14,3,0,1,2,0,0
7968,6,4,11,2,12,0,1,1,2,2,1
7969,7,7,15,2,4,0,0,1,2,2,1
7970,6,5,2,2,11,0,1,1,2,2,1
7971,5,4,7,2,14,0,1,1,1,2,1
7972,7,4,9,2,8,0,1,1,2,2,0
7973,12,4,11,0,1,1,1,0,1,2,0
7974,9,4,15,2,12,0,1,1,2,2,1
7975,5,4,15,4,8,1,1,0,1,2,0
7976,7,0,9,4,0,3,1,1,1,2,0
7977,5,2,11,2,11,0,1,1,1,2,0
7978,8,6,15,0,12,1,1,1,2,2,0
7979,5,4,15,4,14,3,1,1,3,2,0
7980,4,4,11,4,12,3,1,1,2,2,0
7981,10,0,11,2,0,0,1,1,2,2,0
7982,5,7,0,0,1,1,1,0,2,2,0
7983,7,4,11,2,3,0,1,1,2,2,1
7984,9,4,15,2,3,0,1,1,2,2,1
7985,11,0,11,2,0,2,1,0,3,2,0
7986,10,4,15,2,8,0,1,1,2,4,0
7987,7,1,9,4,1,3,0,0,2,2,0
7988,7,4,9,0,4,4,1,0,2,2,0
7989,4,4,11,4,3,1,1,1,1,2,0
7990,4,6,15,2,5,0,1,1,2,2,0
7991,3,8,4,4,6,3,0,1,2,0,0
7992,8,4,1,4,7,3,1,1,2,2,0
7993,5,4,5,4,6,3,1,0,2,2,0
7994,8,4,11,2,3,0,1,1,2,2,1
7995,9,4,11,2,12,0,1,1,3,2,1
7996,6,7,9,0,10,3,1,0,2,2,0
7997,9,2,11,0,3,4,0,1,2,2,0
7998,7,2,7,4,10,3,1,1,2,2,0
7999,4,6,14,4,4,4,1,0,1,2,0
8000,6,4,11,4,8,1,0,0,2,2,0
8001,8,4,9,5,1,4,1,0,2,2,0
8002,8,4,9,2,10,0,1,1,2,2,1
8003,6,7,9,2,10,0,1,1,2,2,0
8004,3,6,11,4,5,1,1,1,0,2,0
8005,8,4,15,2,4,0,1,1,2,2,1
8006,10,2,9,2,10,0,1,1,3,2,1
8007,4,7,15,4,8,3,1,1,1,2,0
8008,6,5,9,2,4,0,1,1,1,2,1
8009,5,2,15,4,1,1,1,0,2,2,0
8010,9,5,7,2,4,0,1,1,2,4,1
8011,3,4,15,4,12,1,1,1,2,2,0
8012,10,4,15,4,14,2,1,1,3,2,0
8013,13,7,15,2,1,5,1,0,2,2,0
8014,8,2,9,0,11,1,1,1,2,2,0
8015,6,4,15,2,3,0,1,1,2,2,0
8016,7,5,14,0,10,1,1,1,2,2,0
8017,9,6,15,2,5,0,1,1,2,2,1
8018,3,4,11,4,12,2,1,1,2,2,0
8019,11,4,11,2,1,5,1,0,2,2,1
8020,10,7,14,0,4,3,1,0,1,2,0
8021,9,4,7,0,12,4,1,0,2,2,0
8022,9,4,7,5,13,4,1,0,2,2,0
8023,8,6,11,2,3,0,1,1,2,2,1
8024,6,4,0,0,8,4,1,0,2,2,0
8025,4,1,15,4,10,1,1,0,2,2,1
8026,4,4,9,4,13,3,0,0,2,2,0
8027,9,4,15,0,1,2,1,1,2,2,0
8028,6,5,15,0,4,1,1,1,2,2,0
8029,4,6,11,2,5,0,1,1,0,2,1
8030,9,2,11,2,8,0,1,1,2,4,0
8031,7,4,15,0,12,4,0,0,1,2,0
8032,9,4,11,2,1,0,1,1,2,2,1
8033,4,5,15,4,12,3,1,1,0,2,0
8034,4,4,6,4,12,3,1,1,3,2,0
8035,7,6,8,2,0,5,0,0,2,2,0
8036,4,4,9,4,1,3,1,1,2,2,0
8037,7,4,11,2,8,0,0,1,2,0,0
8038,7,4,9,2,12,5,0,0,2,2,0
8039,4,4,15,4,8,4,0,0,2,0,0
8040,7,2,11,5,1,4,1,0,2,2,0
8041,12,4,9,2,1,5,0,0,2,2,0
8042,5,4,11,2,3,0,1,1,2,2,0
8043,6,4,11,2,3,5,1,1,2,2,0
8044,6,4,15,2,1,1,0,0,2,4,0
8045,7,4,11,2,3,0,1,1,2,2,0
8046,5,4,1,0,3,1,1,1,2,2,0
8047,9,5,9,4,4,3,1,0,1,2,0
8048,11,4,7,0,8,1,1,1,1,2,0
8049,12,4,10,2,10,5,1,0,0,2,1
8050,7,6,15,0,5,1,1,1,3,2,0
8051,8,4,11,2,7,0,1,1,1,2,1
8052,9,4,11,2,5,0,1,1,1,2,0
8053,5,4,11,4,8,3,1,0,2,2,0
8054,6,4,15,2,12,0,1,1,2,2,0
8055,7,6,11,4,14,1,1,1,3,2,0
8056,8,5,9,0,4,4,1,0,2,2,0
8057,5,4,15,2,4,0,1,1,0,2,1
8058,6,4,12,4,10,1,1,1,1,2,1
8059,5,4,11,4,12,3,1,0,2,2,0
8060,7,4,9,2,10,0,1,1,2,2,0
8061,11,4,9,2,10,0,0,1,2,2,0
8062,11,4,12,2,8,0,1,1,2,2,0
8063,6,4,11,0,4,1,1,1,3,2,0
8064,4,4,15,4,13,1,1,0,2,2,0
8065,4,4,11,4,3,1,1,1,2,2,0
8066,5,4,11,4,8,1,1,1,2,2,0
8067,4,5,9,4,4,3,1,0,1,2,0
8068,6,1,12,0,4,1,1,0,2,2,1
8069,4,4,9,4,8,4,1,0,1,2,0
8070,4,4,15,4,7,1,0,0,2,2,0
8071,5,4,15,2,14,0,1,1,2,2,1
8072,6,4,11,2,4,0,1,1,2,2,0
8073,8,0,11,0,3,1,0,1,2,2,0
8074,12,6,15,6,12,1,1,1,1,2,0
8075,12,2,9,2,4,0,1,1,2,2,0
8076,6,4,11,0,14,1,1,1,2,2,0
8077,9,6,11,2,14,0,1,1,1,2,0
8078,8,4,12,0,6,1,0,1,2,2,0
8079,5,4,15,2,7,0,1,1,1,2,1
8080,8,2,8,2,3,5,1,1,2,2,0
8081,7,0,9,2,0,0,1,1,2,2,1
8082,6,2,11,2,11,0,1,1,2,2,0
8083,5,4,2,4,12,3,1,0,1,2,0
8084,11,4,15,5,4,2,1,1,2,2,0
8085,5,0,2,4,0,1,1,1,2,2,0
8086,8,4,15,2,3,0,1,1,2,2,1
8087,9,4,9,2,10,0,1,1,2,2,1
8088,4,4,2,4,9,3,1,0,2,2,0
8089,7,4,11,4,1,3,0,0,2,0,0
8090,5,4,15,4,12,3,1,1,0,2,0
8091,7,6,9,2,4,0,1,1,1,2,0
8092,4,4,11,4,7,1,1,0,2,2,0
8093,6,4,15,0,1,1,1,0,2,2,0
8094,7,6,1,2,14,0,1,1,2,2,0
8095,9,4,9,2,4,0,1,1,2,2,1
8096,13,4,11,2,3,0,1,1,1,2,1
8097,5,4,15,2,12,0,1,1,2,2,0
8098,5,6,11,4,3,1,1,1,2,2,0
8099,9,5,7,2,4,0,0,1,1,2,1
8100,11,4,14,2,4,0,1,1,2,2,0
8101,9,4,9,5,1,1,0,0,2,2,0
8102,6,4,9,2,3,0,1,1,2,2,0
8103,6,4,1,2,7,0,0,1,3,0,0
8104,7,4,11,2,8,0,1,1,2,2,1
8105,13,6,11,0,7,4,1,0,2,2,0
8106,10,4,9,4,12,1,1,1,1,2,1
8107,10,5,9,0,10,1,0,0,2,0,0
8108,15,4,11,6,1,1,1,0,3,2,0
8109,7,6,12,2,10,0,1,1,3,2,0
8110,9,7,13,0,2,1,0,0,2,2,0
8111,8,4,15,2,10,0,1,1,2,2,1
8112,3,4,15,4,8,1,1,1,1,2,1
8113,4,2,10,4,10,3,1,0,0,2,0
8114,8,4,15,0,8,1,1,0,1,2,0
8115,3,4,15,4,1,2,1,0,0,2,0
8116,13,4,15,2,4,0,1,1,1,2,0
8117,9,4,8,4,9,3,1,0,2,2,0
8118,6,7,8,0,1,4,1,0,3,2,0
8119,9,4,11,2,14,0,1,1,2,2,1
8120,7,6,7,4,4,3,1,1,3,2,0
8121,9,1,7,0,10,4,1,0,2,2,0
8122,7,2,15,2,3,0,0,1,2,2,1
8123,8,4,8,6,10,1,1,0,2,2,0
8124,7,1,15,2,4,0,1,1,2,2,1
8125,3,4,14,4,10,4,0,0,2,2,0
8126,4,4,15,0,1,1,1,0,2,2,0
8127,6,4,7,4,1,3,1,0,2,2,0
8128,7,4,11,4,1,1,1,1,2,2,0
8129,5,4,15,4,4,3,1,1,2,2,0
8130,6,4,11,4,8,1,1,0,2,2,0
8131,6,4,15,2,3,0,1,1,2,2,1
8132,11,4,15,2,6,0,0,1,2,2,1
8133,4,0,15,4,0,3,1,1,1,2,0
8134,8,0,15,2,0,0,1,1,1,2,1
8135,10,4,15,6,12,1,1,1,2,2,0
8136,6,4,11,2,1,0,1,1,2,2,0
8137,7,6,15,2,1,0,1,1,2,2,1
8138,3,4,9,4,6,1,1,1,1,2,0
8139,8,5,12,2,4,0,1,1,2,2,1
8140,11,4,6,4,14,3,1,1,2,2,0
8141,9,4,1,2,8,0,0,1,2,0,1
8142,12,4,12,2,6,0,1,1,2,2,0
8143,6,4,1,2,12,0,1,1,2,2,1
8144,12,6,12,2,4,0,0,1,1,2,0
8145,8,4,15,2,12,0,1,1,1,2,0
8146,4,4,7,4,12,1,1,1,2,2,0
8147,11,4,15,2,4,0,1,1,2,2,1
8148,6,4,9,2,12,5,1,0,2,2,1
8149,4,4,11,2,12,5,1,0,2,2,0
8150,6,4,15,4,12,3,1,1,2,2,0
8151,7,4,3,2,13,0,0,1,2,0,0
8152,5,1,8,0,10,3,1,0,2,2,0
8153,5,4,9,2,1,0,1,1,2,2,0
8154,5,4,9,4,4,3,1,0,1,2,0
8155,4,4,9,2,10,0,0,1,2,2,1
8156,4,4,11,4,8,3,1,0,2,2,0
8157,5,1,11,5,4,4,1,0,1,2,0
8158,5,4,15,2,1,0,1,1,2,2,1
8159,8,4,11,2,12,0,1,1,2,2,0
8160,6,6,11,4,8,1,0,0,2,2,0
8161,6,4,15,2,3,0,1,1,2,2,1
8162,7,4,7,2,4,0,1,1,2,2,1
8163,9,4,11,2,11,0,1,1,2,2,0
8164,6,4,11,2,3,0,1,1,2,2,1
8165,12,4,11,0,1,4,0,0,2,2,0
8166,8,6,14,0,10,1,1,1,4,2,0
8167,6,4,14,2,10,0,1,1,2,2,0
8168,10,4,15,4,4,3,1,1,2,4,0
8169,7,4,11,0,12,1,1,1,2,2,0
8170,15,4,8,6,4,1,1,1,0,2,0
8171,4,2,11,4,3,4,1,1,1,2,0
8172,5,6,14,2,4,0,1,1,2,2,0
8173,9,4,9,2,14,0,1,1,2,2,1
8174,4,4,1,4,8,3,1,0,2,2,0
8175,9,1,11,2,1,0,1,1,1,2,1
8176,6,4,11,2,12,0,1,1,2,2,1
8177,10,4,0,5,14,1,1,1,2,4,0
8178,8,4,15,2,1,5,1,0,2,2,0
8179,4,4,15,4,8,1,1,0,1,2,0
8180,7,4,7,4,10,1,1,0,2,2,0
8181,15,4,11,2,10,0,1,1,2,2,1
8182,8,4,11,0,3,1,1,1,2,2,0
8183,4,4,0,4,7,2,0,1,1,2,0
8184,9,4,0,2,8,0,0,1,2,2,1
8185,6,2,0,0,3,1,1,1,2,2,0
8186,10,5,9,2,4,0,1,1,2,2,0
8187,5,4,8,2,3,0,1,1,3,2,0
8188,7,4,15,2,13,0,1,1,3,2,0
8189,12,4,11,2,3,0,1,1,2,2,1
8190,3,4,15,4,1,1,1,1,2,2,1
8191,8,4,15,2,4,5,0,0,2,2,1
8192,5,4,9,6,12,1,1,0,2,2,1
8193,3,2,15,4,1,1,1,1,1,2,0
8194,4,2,9,4,4,1,1,1,1,2,0
8195,8,4,15,0,8,4,1,0,2,2,0
8196,9,4,11,2,12,0,1,1,0,2,1
8197,3,4,4,4,8,1,0,0,1,4,0
8198,7,5,8,2,4,0,1,1,2,2,1
8199,13,0,0,0,0,3,1,0,2,2,0
8200,4,5,8,4,13,1,1,1,2,2,0
8201,8,4,11,4,12,3,1,1,2,2,0
8202,4,7,11,4,11,2,1,1,1,2,0
8203,5,7,11,3,11,1,1,0,2,2,0
8204,3,4,11,4,8,2,1,0,2,2,0
8205,7,0,12,2,0,0,1,1,2,2,0
8206,7,4,15,2,13,0,1,1,2,2,1
8207,7,1,9,2,4,0,1,1,2,2,0
8208,6,1,11,2,4,0,1,1,2,2,1
8209,8,2,5,2,10,0,1,1,2,2,0
8210,11,6,7,6,4,1,1,0,0,2,0
8211,5,4,1,4,14,1,1,1,2,2,0
8212,7,5,9,2,12,0,1,1,2,2,1
8213,3,4,15,4,4,3,1,1,0,2,0
8214,11,4,11,2,7,0,1,1,2,2,0
8215,8,6,9,2,1,5,0,0,2,2,1
8216,11,4,8,4,9,3,1,1,2,2,0
8217,6,4,13,2,7,0,1,1,2,2,0
8218,8,4,6,4,3,1,1,1,2,2,0
8219,6,7,9,2,11,0,1,1,2,2,1
8220,5,4,9,4,8,1,1,1,2,2,0
8221,7,4,15,5,1,1,1,1,2,2,0
8222,12,5,12,2,12,0,1,1,2,2,0
8223,4,4,11,4,7,1,0,0,2,0,1
8224,9,4,5,2,3,0,1,1,2,2,1
8225,10,4,1,2,8,0,1,1,2,2,1
8226,5,4,12,4,10,1,1,0,2,1,0
8227,10,4,11,0,1,4,1,0,2,2,0
8228,4,4,15,4,6,2,1,1,1,4,0
8229,6,1,14,2,10,0,1,1,2,2,0
8230,4,4,11,4,6,1,1,0,2,2,0
8231,6,5,11,4,4,3,1,1,2,2,0
8232,10,4,15,4,1,3,1,0,3,2,0
8233,5,4,9,2,4,0,1,1,2,2,0
8234,5,4,9,4,4,1,1,1,1,2,0
8235,9,4,10,2,10,0,1,1,1,2,0
8236,6,7,8,5,1,1,1,0,2,2,0
8237,6,4,15,2,12,0,1,1,2,2,0
8238,6,4,15,4,8,1,1,0,3,2,0
8239,9,4,9,2,4,0,1,1,2,2,1
8240,4,4,15,4,11,1,1,1,1,2,0
8241,4,4,11,2,7,0,1,1,2,2,0
8242,5,4,15,2,12,0,1,1,1,2,0
8243,9,4,11,2,3,0,1,1,3,2,1
8244,9,0,11,6,0,4,1,1,2,2,0
8245,6,4,11,0,4,3,1,1,2,2,0
8246,3,4,9,4,14,2,1,1,1,2,1
8247,3,2,9,4,10,1,1,1,2,2,0
8248,7,4,11,2,1,0,1,1,2,2,0
8249,7,4,11,2,4,0,1,1,2,2,0
8250,4,4,4,4,6,1,1,1,0,2,0
8251,4,0,11,4,0,4,0,0,1,2,0
8252,6,4,15,2,4,0,1,1,2,2,0
8253,8,2,15,2,11,0,1,1,1,2,0
8254,10,7,7,2,4,5,1,0,1,2,0
8255,15,0,11,6,0,4,0,0,0,2,0
8256,6,5,12,2,10,0,1,1,2,2,0
8257,5,4,11,4,13,1,1,1,1,2,0
8258,6,4,7,0,7,1,1,1,2,2,1
8259,12,4,15,6,12,1,1,0,2,2,1
8260,7,4,15,2,1,0,0,1,2,2,0
8261,6,4,11,2,14,0,1,1,1,2,0
8262,9,4,15,4,4,3,1,0,2,2,0
8263,7,4,9,4,10,3,1,1,2,2,0
8264,4,4,15,0,12,4,1,0,2,2,0
8265,4,4,11,4,8,1,1,1,2,2,0
8266,3,5,15,4,12,3,1,0,4,2,0
8267,6,4,7,2,13,5,1,0,2,2,1
8268,7,4,8,2,7,3,1,1,2,2,0
8269,8,0,11,5,0,1,1,1,3,2,0
8270,5,2,9,2,10,0,1,1,2,2,0
8271,11,4,11,2,13,0,1,1,2,2,1
8272,5,6,11,2,14,0,1,1,1,2,0
8273,3,4,11,4,12,4,1,0,4,2,0
8274,4,4,7,4,8,1,1,0,1,2,0
8275,3,0,11,4,0,1,0,0,1,2,0
8276,5,4,15,4,3,1,1,0,1,2,1
8277,3,7,9,4,1,4,1,0,3,2,0
8278,7,4,4,2,3,0,1,1,1,2,1
8279,5,5,12,4,10,3,1,0,3,3,0
8280,3,4,7,4,8,1,1,0,1,2,0
8281,6,4,11,0,8,4,1,1,2,2,0
8282,6,4,9,2,1,0,1,1,2,4,1
8283,9,4,11,2,14,0,1,1,2,2,0
8284,10,2,12,0,10,0,1,1,2,2,0
8285,4,4,15,0,4,4,1,1,3,2,0
8286,6,4,15,2,3,0,1,1,2,2,1
8287,8,6,8,2,10,0,1,1,1,2,0
8288,5,1,11,4,1,3,1,0,1,2,0
8289,9,4,11,0,1,1,1,1,1,2,0
8290,5,4,8,2,8,0,1,1,2,2,1
8291,13,1,11,2,4,0,1,1,1,2,0
8292,5,6,11,2,14,0,1,1,2,2,1
8293,11,4,11,2,7,0,0,1,2,2,0
8294,7,4,11,2,7,0,0,1,1,2,0
8295,9,4,11,4,12,3,1,0,2,2,0
8296,4,6,7,4,10,3,1,0,1,2,0
8297,4,4,11,4,1,3,1,0,2,2,0
8298,10,2,15,2,8,0,1,1,2,2,1
8299,15,4,11,4,4,2,1,0,3,2,0
8300,10,6,11,2,3,0,1,1,2,2,0
8301,4,6,11,4,10,1,1,0,2,2,0
8302,7,0,15,4,0,3,1,1,2,2,0
8303,9,4,7,2,4,0,1,1,2,2,0
8304,5,4,11,4,4,1,1,0,0,2,0
8305,3,4,11,4,7,3,1,0,1,2,0
8306,5,4,11,2,4,0,1,1,2,2,1
8307,6,4,15,2,7,0,1,1,3,2,0
8308,7,4,15,0,4,3,1,0,2,2,0
8309,9,4,15,2,12,5,1,0,2,2,1
8310,5,4,11,4,14,4,1,0,2,2,0
8311,8,4,11,2,8,0,1,1,3,2,0
8312,7,4,11,2,6,0,0,1,2,2,0
8313,5,4,8,4,3,1,1,0,2,2,0
8314,7,4,7,0,12,4,1,0,2,2,0
8315,12,4,12,2,5,0,1,1,2,2,1
8316,7,2,0,2,3,0,1,1,2,2,0
8317,8,4,1,2,7,0,1,1,2,2,0
8318,12,4,9,2,4,0,0,1,2,2,0
8319,4,4,11,4,7,1,1,0,2,2,0
8320,9,4,11,0,3,1,1,0,2,2,0
8321,12,4,9,6,12,3,0,0,2,2,0
8322,4,4,10,4,10,2,1,0,1,2,0
8323,5,4,11,4,7,3,1,1,1,2,0
8324,6,6,15,4,4,1,1,0,2,2,1
8325,7,4,11,0,3,1,1,1,2,1,0
8326,8,4,11,0,7,4,1,1,2,2,1
8327,5,4,15,4,12,3,1,1,2,2,0
8328,8,4,9,2,8,0,1,1,2,2,1
8329,12,4,11,2,8,5,1,0,2,2,0
8330,5,2,11,4,1,3,1,0,2,2,0
8331,9,7,9,2,10,0,0,1,1,2,1
8332,3,4,2,4,6,4,0,1,0,2,0
8333,9,4,14,0,4,1,1,1,2,2,0
8334,4,2,9,4,1,3,0,0,1,2,0
8335,10,4,15,2,6,0,1,1,3,2,1
8336,11,4,7,2,14,0,1,1,2,2,1
8337,10,6,11,5,4,4,1,0,2,2,0
8338,7,4,9,2,12,0,1,1,2,2,0
8339,8,4,11,0,1,4,1,0,2,2,0
8340,5,7,7,4,10,1,1,0,2,2,1
8341,6,4,11,0,7,4,1,1,2,2,0
8342,10,4,11,2,12,0,1,1,2,2,0
8343,4,4,15,4,8,4,1,0,2,2,0
8344,3,4,15,4,8,1,1,0,1,2,1
8345,4,4,0,4,5,3,1,1,2,2,0
8346,4,1,9,4,4,3,1,1,2,2,0
8347,11,5,15,2,4,0,1,1,2,2,0
8348,6,2,2,2,11,0,1,1,2,2,1
8349,10,2,15,2,3,0,1,1,0,2,1
8350,4,7,15,4,13,3,1,0,2,2,0
8351,4,4,15,4,14,1,1,1,2,2,1
8352,7,4,11,2,12,5,1,0,2,2,0
8353,5,4,11,0,1,4,1,0,2,2,0
8354,6,4,9,2,3,0,1,1,0,2,1
8355,5,4,11,4,14,1,1,1,2,2,0
8356,8,4,11,0,1,1,1,0,2,2,0
8357,3,4,15,4,14,3,1,1,1,2,0
8358,7,4,15,4,4,3,0,1,2,2,0
8359,12,6,9,6,12,4,1,0,1,2,0
8360,10,4,15,2,7,0,1,1,2,2,1
8361,8,4,4,2,8,0,1,1,2,2,0
8362,7,4,0,2,3,0,1,1,2,2,0
8363,8,4,11,4,1,4,1,0,4,2,0
8364,5,4,11,2,10,0,0,1,2,2,1
8365,6,4,1,2,8,0,0,1,2,2,0
8366,6,4,11,0,8,4,1,0,2,2,0
8367,10,4,11,2,1,0,1,1,1,2,0
8368,12,4,12,0,10,4,1,1,2,2,0
8369,8,4,12,2,10,0,1,1,3,2,0
8370,4,4,11,4,8,3,1,1,2,2,0
8371,9,4,1,2,8,0,0,1,2,2,0
8372,12,5,9,2,12,5,1,0,2,2,1
8373,7,0,1,5,0,4,1,0,2,2,0
8374,4,2,14,4,10,3,0,0,2,2,0
8375,4,4,6,4,3,2,1,1,2,2,0
8376,9,4,9,5,1,4,1,0,2,2,0
8377,5,4,15,0,4,4,1,0,2,2,0
8378,3,4,2,4,8,4,0,0,1,2,0
8379,4,2,11,4,10,3,1,1,2,2,0
8380,7,2,15,0,4,4,1,0,2,2,0
8381,10,6,7,2,12,0,1,1,1,2,0
8382,8,4,11,0,12,1,1,0,2,2,0
8383,11,4,11,2,7,0,1,1,2,2,1
8384,4,4,11,4,7,1,1,0,1,2,0
8385,10,4,11,2,1,0,1,1,1,2,0
8386,9,4,11,6,10,4,0,0,2,2,0
8387,8,4,15,0,8,1,1,0,3,2,0
8388,12,4,15,4,1,1,1,0,2,2,0
8389,5,4,15,4,12,1,1,0,2,2,0
8390,3,4,9,4,1,1,1,0,0,2,0
8391,5,4,11,2,7,0,1,1,2,2,0
8392,7,7,15,2,4,0,1,1,2,2,1
8393,5,4,0,4,3,3,0,0,2,2,0
8394,7,4,2,2,3,0,1,1,2,2,1
8395,5,4,11,0,11,1,1,1,2,2,1
8396,3,4,15,4,3,3,1,1,0,2,0
8397,6,4,11,2,12,0,1,1,2,2,1
8398,6,4,11,0,8,4,1,0,2,2,0
8399,4,4,15,4,12,3,1,0,1,2,0
8400,4,2,11,4,1,3,1,0,1,2,0
8401,6,4,6,4,14,1,1,1,2,2,0
8402,10,4,15,2,1,5,1,0,2,2,1
8403,7,4,11,0,8,1,0,0,2,2,0
8404,4,4,15,4,4,2,1,1,2,2,0
8405,12,6,11,0,5,2,1,1,2,2,0
8406,5,7,1,4,2,1,0,0,2,2,0
8407,8,4,12,2,4,0,1,1,2,2,0
8408,7,2,12,0,10,4,1,0,2,2,0
8409,7,2,2,0,11,1,0,1,2,0,0
8410,5,4,15,0,10,1,1,1,2,2,1
8411,7,4,8,2,12,0,1,1,3,2,0
8412,4,0,11,3,0,4,1,0,0,2,0
8413,3,2,9,4,10,2,1,0,1,2,0
8414,6,4,9,2,10,0,1,1,2,2,0
8415,12,4,11,6,7,1,1,1,0,2,0
8416,6,4,1,2,7,0,1,1,1,2,1
8417,11,4,9,2,10,2,1,1,2,2,0
8418,10,6,15,2,12,0,1,1,2,2,0
8419,8,4,11,2,10,0,1,1,1,2,0
8420,7,6,12,4,4,1,1,1,2,2,1
8421,9,4,15,2,4,3,1,0,1,1,0
8422,8,4,5,2,9,0,1,1,1,2,0
8423,9,4,11,0,6,1,1,1,2,2,0
8424,6,4,9,2,4,0,1,1,2,2,0
8425,6,4,15,2,3,0,1,1,3,2,0
8426,7,4,11,2,8,0,1,1,2,2,1
8427,10,4,14,0,10,4,1,1,2,2,0
8428,7,4,11,2,3,0,1,1,2,2,0
8429,5,4,11,0,12,1,0,0,2,2,0
8430,6,5,7,0,4,1,1,1,2,2,0
8431,9,4,11,0,7,4,1,0,2,2,0
8432,10,4,5,2,3,0,1,1,2,1,1
8433,9,4,15,0,3,1,0,1,2,2,0
8434,10,4,11,2,12,0,1,1,0,2,0
8435,11,6,15,2,3,0,1,1,0,2,1
8436,7,2,15,2,5,0,1,1,3,2,0
8437,4,4,11,4,8,4,1,0,1,2,0
8438,7,4,11,2,7,0,1,1,2,2,1
8439,5,4,11,2,7,0,1,1,2,2,0
8440,4,4,12,4,4,4,1,0,2,2,0
8441,6,4,8,4,4,4,1,0,2,2,0
8442,6,4,11,2,5,0,1,1,2,2,0
8443,4,4,11,4,14,3,0,1,1,2,0
8444,4,6,11,2,5,0,1,1,2,2,1
8445,7,4,1,2,3,0,1,1,2,2,0
8446,4,4,10,4,1,3,1,0,1,2,0
8447,3,4,15,4,1,3,1,0,0,2,0
8448,7,4,6,2,3,0,0,1,2,2,1
8449,10,4,11,6,3,4,1,1,2,2,0
8450,6,4,15,4,10,3,1,1,4,2,0
8451,5,4,11,2,10,0,1,1,2,2,1
8452,5,4,11,0,8,4,1,0,2,2,0
8453,11,4,11,5,14,1,1,1,2,2,0
8454,9,4,9,5,10,1,1,0,3,2,0
8455,11,2,15,2,8,0,0,1,2,2,1
8456,9,5,9,2,4,0,1,1,2,2,0
8457,11,4,11,3,3,1,1,1,2,2,1
8458,3,4,11,4,3,4,1,1,2,2,0
8459,5,4,11,2,14,0,1,1,3,2,1
8460,5,6,0,4,5,3,1,1,2,2,0
8461,9,0,15,2,0,0,1,1,2,2,1
8462,11,4,8,2,8,5,1,0,3,2,0
8463,9,4,15,0,1,1,1,0,3,2,0
8464,10,4,9,2,13,0,1,1,2,2,0
8465,8,4,6,0,7,1,1,0,2,2,0
8466,10,4,11,2,6,0,1,1,2,2,0
8467,9,4,15,4,6,1,1,0,2,2,0
8468,4,5,15,4,3,3,1,0,1,2,0
8469,5,4,4,4,3,1,1,1,2,2,1
8470,13,4,8,2,3,0,1,1,1,2,1
8471,4,4,11,4,12,3,1,0,2,2,0
8472,4,6,15,4,12,1,1,0,2,2,0
8473,9,4,12,2,1,5,0,0,2,2,0
8474,6,1,4,2,1,0,1,1,2,2,1
8475,4,4,11,2,13,0,0,1,2,2,1
8476,5,4,15,4,12,3,1,1,2,2,0
8477,8,4,12,2,4,0,1,1,1,2,0
8478,7,2,11,0,4,1,0,1,2,2,0
8479,6,4,5,2,6,0,1,1,2,2,0
8480,5,7,14,5,10,1,1,1,2,2,0
8481,11,2,10,2,10,5,1,0,2,2,0
8482,9,4,1,2,14,0,1,1,3,2,1
8483,11,4,15,2,5,0,1,1,0,2,1
8484,8,4,12,2,4,0,1,1,2,2,1
8485,16,4,11,4,12,1,1,1,1,2,0
8486,12,4,6,2,8,0,1,1,1,2,0
8487,11,4,9,0,14,1,1,0,2,2,0
8488,15,1,11,0,1,4,1,0,3,2,0
8489,9,0,11,0,0,1,1,1,2,2,0
8490,12,4,15,0,10,1,0,0,2,0,0
8491,6,4,15,4,7,1,0,1,2,2,0
8492,3,0,11,4,0,2,0,0,1,0,0
8493,12,4,11,2,12,5,1,0,2,2,0
8494,8,6,15,2,1,5,1,0,2,2,1
8495,7,4,9,2,3,0,1,1,2,2,0
8496,7,0,11,4,0,3,1,1,2,2,0
8497,10,2,11,2,3,0,1,1,2,2,1
8498,10,7,9,2,5,0,1,1,2,2,1
8499,5,4,15,4,1,3,1,0,1,2,0
8500,10,4,5,0,9,0,1,1,2,2,1
8501,5,4,11,4,1,1,1,0,2,2,0
8502,4,4,2,4,6,1,1,0,2,2,0
8503,12,4,11,6,1,4,1,0,2,2,0
8504,4,4,15,4,12,2,1,0,2,2,0
8505,11,5,11,2,4,0,1,1,2,2,1
8506,7,7,9,2,11,0,1,1,2,2,1
8507,4,4,7,2,4,0,1,1,2,2,1
8508,6,4,11,2,3,0,0,1,2,2,1
8509,3,4,11,5,8,1,1,0,1,2,0
8510,5,4,15,4,12,1,0,1,1,2,0
8511,6,4,8,0,13,4,1,0,1,2,0
8512,3,0,1,4,0,3,1,1,2,2,0
8513,4,4,15,4,1,1,1,0,2,2,0
8514,11,6,15,2,3,0,1,1,2,2,0
8515,8,4,2,0,13,1,1,1,2,2,0
8516,12,4,15,0,1,1,0,0,2,4,0
8517,7,6,11,0,1,1,0,0,2,2,0
8518,12,5,14,2,10,0,1,1,2,2,1
8519,11,4,11,2,3,0,1,1,1,2,0
8520,9,6,5,2,5,0,1,1,3,2,0
8521,10,4,15,2,12,0,1,1,2,2,1
8522,8,6,11,2,3,0,1,1,2,2,1
8523,4,1,14,4,10,1,0,0,2,2,0
8524,4,1,9,4,10,1,1,1,3,2,0
8525,4,0,15,4,0,1,1,0,0,2,0
8526,7,6,12,0,10,4,0,1,2,2,0
8527,6,4,11,4,7,3,0,1,2,2,0
8528,9,4,15,2,1,5,1,0,2,2,1
8529,10,4,11,2,7,5,1,0,2,2,1
8530,4,4,15,4,3,3,1,1,1,2,0
8531,5,4,0,2,7,0,1,1,2,2,1
8532,12,4,15,2,6,0,1,1,2,2,0
8533,9,1,15,2,1,0,1,1,2,2,1
8534,7,4,11,2,3,0,0,1,2,1,1
8535,11,4,1,2,12,0,1,1,2,2,1
8536,3,4,9,4,12,3,1,0,0,2,0
8537,7,4,9,5,10,4,0,1,2,0,0
8538,5,4,11,4,1,3,1,0,2,2,0
8539,4,4,9,4,1,2,1,1,2,2,0
8540,5,4,11,4,3,4,1,1,2,2,0
8541,6,6,11,2,7,5,1,0,2,2,1
8542,18,4,1,2,14,0,1,1,1,4,0
8543,9,6,15,2,12,0,1,1,2,2,0
8544,7,4,4,4,1,3,0,0,2,0,0
8545,4,4,15,4,1,1,1,0,2,2,0
8546,5,4,15,4,13,3,0,1,1,2,0
8547,6,4,4,0,8,3,1,0,2,2,0
8548,4,4,15,4,1,1,1,1,2,2,0
8549,5,4,7,4,12,1,1,0,2,2,0
8550,5,4,15,4,12,3,1,0,2,2,0
8551,7,5,11,2,12,0,1,1,2,2,1
8552,3,4,9,4,1,1,1,0,1,2,0
8553,5,0,0,4,0,3,1,0,2,2,0
8554,8,4,12,0,10,2,1,1,2,2,0
8555,3,1,9,2,1,0,1,1,1,2,0
8556,10,4,9,0,4,4,1,0,2,2,0
8557,14,4,8,3,4,1,1,1,1,2,0
8558,9,0,15,0,0,1,0,1,2,2,0
8559,6,7,7,4,10,3,1,0,2,2,0
8560,3,0,9,4,0,3,1,1,0,2,0
8561,8,4,7,0,1,4,1,0,2,2,0
8562,10,4,9,2,12,0,1,1,3,2,0
8563,5,4,11,4,8,4,1,0,1,2,0
8564,6,4,9,5,12,4,1,1,3,2,0
8565,8,4,11,2,10,5,1,0,2,2,0
8566,12,4,11,2,7,0,0,1,2,2,1
8567,15,4,12,2,4,0,1,1,0,2,0
8568,3,4,9,4,10,3,1,0,2,2,0
8569,12,2,15,2,1,0,0,1,0,2,0
8570,8,4,11,0,3,4,1,1,2,2,0
8571,10,4,1,2,6,0,1,1,2,2,1
8572,10,6,9,2,10,0,0,1,1,2,0
8573,3,0,15,4,0,1,1,0,0,4,1
8574,8,4,8,0,1,3,1,0,2,2,0
8575,10,5,15,2,12,0,1,1,1,2,0
8576,10,4,9,2,1,5,1,0,2,1,1
8577,11,4,7,0,8,1,1,0,1,2,1
8578,5,4,11,4,6,3,0,0,1,2,0
8579,8,4,15,0,8,4,1,0,3,2,0
8580,10,0,6,2,6,0,0,1,2,2,0
8581,8,5,15,0,8,1,1,1,3,2,0
8582,13,4,12,0,4,4,1,0,2,2,0
8583,7,4,9,4,4,3,1,1,3,2,0
8584,6,5,9,4,4,1,1,1,2,2,0
8585,4,6,0,4,5,3,1,1,1,2,0
8586,4,4,14,4,10,1,1,1,1,2,0
8587,4,4,12,4,12,1,1,1,2,1,0
8588,8,4,11,2,3,0,1,1,2,2,0
8589,4,4,11,4,12,3,1,0,2,2,0
8590,7,4,6,4,14,1,0,1,2,2,1
8591,5,4,8,4,6,1,1,1,1,2,0
8592,4,4,11,2,12,0,1,1,2,2,0
8593,8,4,15,2,4,0,1,1,2,2,0
8594,3,4,15,4,14,1,1,1,0,2,0
8595,9,4,15,2,8,0,1,1,2,2,0
8596,4,4,15,4,6,3,1,0,1,2,0
8597,7,4,11,0,1,2,1,0,2,1,0
8598,5,6,7,4,12,4,1,0,2,2,1
8599,10,4,13,2,7,0,1,1,2,2,0
8600,7,4,15,2,3,0,1,1,1,2,1
8601,10,1,11,2,7,0,1,1,2,2,0
8602,5,4,15,4,4,1,1,1,1,2,0
8603,9,4,11,2,8,0,0,1,2,2,1
8604,6,4,8,2,10,0,0,1,4,2,1
8605,7,2,1,2,14,0,1,1,2,2,1
8606,8,6,11,2,14,0,1,1,2,2,0
8607,12,4,11,0,7,1,1,0,2,2,0
8608,4,6,11,2,3,0,1,1,2,2,1
8609,4,2,9,4,11,1,1,1,1,2,0
8610,15,4,12,6,12,1,1,1,0,2,1
8611,8,4,15,2,12,0,0,1,2,2,0
8612,10,4,15,2,14,0,0,1,1,2,0
8613,10,7,15,2,1,5,1,0,2,2,1
8614,5,1,9,4,4,1,0,1,2,4,0
8615,10,1,11,0,4,1,1,0,2,2,0
8616,7,4,9,5,3,1,0,0,2,2,0
8617,5,4,15,2,13,0,1,1,2,2,1
8618,7,4,15,2,1,0,1,1,3,2,1
8619,7,6,10,2,10,0,1,1,2,2,1
8620,10,4,15,2,13,0,1,1,2,4,1
8621,10,4,9,0,10,1,0,1,1,2,0
8622,5,4,15,4,1,2,1,0,2,2,0
8623,10,6,0,0,7,4,1,0,2,2,0
8624,7,1,12,2,10,0,1,1,2,2,0
8625,3,4,15,4,13,4,1,0,2,2,1
8626,9,2,15,2,3,0,1,1,2,2,0
8627,11,4,12,6,10,1,1,0,1,2,0
8628,5,4,1,4,3,1,1,1,2,0,0
8629,5,4,15,4,4,1,1,0,2,2,0
8630,7,4,15,4,8,1,1,0,1,2,0
8631,5,4,9,0,8,4,1,0,2,2,0
8632,7,4,8,5,10,4,1,0,2,2,0
8633,9,4,1,0,7,4,1,0,2,2,0
8634,3,4,9,4,12,3,1,1,2,2,0
8635,7,0,11,2,8,0,0,1,4,2,0
8636,9,4,9,4,13,1,0,0,2,2,0
8637,3,2,12,4,1,3,1,0,1,2,0
8638,3,4,11,4,7,1,0,1,3,2,0
8639,8,4,11,0,8,4,1,0,1,2,0
8640,4,4,1,4,8,3,1,0,2,2,0
8641,8,4,9,2,10,0,1,1,2,2,0
8642,13,4,11,2,14,0,1,1,2,2,1
8643,5,4,11,0,1,1,1,0,2,2,0
8644,5,1,11,4,1,1,1,0,2,2,0
8645,9,6,11,0,12,4,1,0,3,2,0
8646,4,2,11,4,1,1,1,0,2,2,0
8647,11,4,9,2,12,0,1,1,2,2,1
8648,8,4,15,2,12,0,1,1,2,2,0
8649,8,4,12,2,4,0,1,1,1,0,0
8650,5,4,11,4,1,3,1,0,2,2,0
8651,6,4,9,4,4,1,1,1,2,2,0
8652,4,4,11,4,3,3,0,1,2,0,0
8653,8,4,10,2,4,0,1,1,2,2,1
8654,13,4,11,6,3,4,1,0,1,2,0
8655,5,4,9,4,1,3,1,0,1,2,0
8656,7,4,15,4,7,3,1,1,2,2,0
8657,12,2,9,2,14,0,1,1,2,2,1
8658,13,4,11,2,1,0,1,1,2,2,0
8659,5,4,11,0,3,1,1,1,2,2,0
8660,5,4,11,2,3,0,1,1,2,2,0
8661,3,4,7,4,8,3,1,1,0,2,0
8662,6,4,15,0,10,1,1,0,4,2,0
8663,17,6,9,4,4,1,1,1,1,2,0
8664,4,4,15,2,3,0,1,1,2,2,0
8665,6,4,12,0,4,0,1,1,4,2,0
8666,12,4,9,2,4,0,1,1,2,2,0
8667,7,2,10,2,10,0,1,1,2,2,0
8668,8,4,8,0,1,1,1,0,2,2,0
8669,6,4,15,4,6,1,1,1,2,2,0
8670,4,4,11,2,7,0,1,1,2,2,1
8671,7,4,15,4,7,1,0,0,2,2,0
8672,8,0,11,2,0,0,1,1,2,2,0
8673,9,4,11,0,12,4,1,1,2,2,0
8674,4,4,11,4,4,3,1,1,2,2,0
8675,7,6,15,2,4,0,1,1,2,2,1
8676,6,7,11,4,1,4,1,0,2,2,0
8677,6,4,15,4,4,4,1,1,2,2,0
8678,11,4,8,2,14,0,1,1,2,2,1
8679,6,4,1,2,3,0,1,1,3,1,0
8680,9,4,7,2,3,0,1,1,2,2,1
8681,5,4,11,2,5,0,1,1,2,2,0
8682,5,6,7,4,12,3,1,1,1,2,0
8683,8,7,12,4,10,3,0,1,2,2,0
8684,7,6,9,0,4,1,1,0,2,2,0
8685,8,6,8,2,3,0,1,1,2,2,0
8686,4,6,1,4,8,3,1,1,1,2,0
8687,5,4,7,4,7,1,0,0,2,2,0
8688,8,7,8,2,10,3,1,1,2,2,0
8689,9,0,9,2,0,0,1,1,2,2,0
8690,5,4,11,4,4,2,1,0,2,2,0
8691,9,2,11,2,14,0,1,1,1,2,1
8692,6,4,9,0,14,4,1,1,2,2,0
8693,13,4,2,2,6,0,0,1,2,2,1
8694,6,4,15,2,8,5,0,0,1,2,1
8695,8,6,6,4,8,4,0,0,3,2,0
8696,7,7,9,2,10,0,1,1,2,2,0
8697,9,4,8,2,3,0,1,1,3,2,0
8698,8,4,1,4,7,1,1,0,2,2,0
8699,13,4,11,6,3,4,1,1,2,2,1
8700,5,4,1,4,8,4,1,0,2,4,0
8701,10,4,9,2,12,0,1,1,1,2,0
8702,6,4,1,0,14,1,1,1,2,2,0
8703,8,4,11,2,14,0,1,1,2,2,1
8704,8,5,12,2,4,0,1,1,1,2,1
8705,8,4,7,2,10,0,1,1,2,2,0
8706,8,4,11,4,1,4,1,0,2,2,0
8707,12,6,15,4,3,3,1,0,4,2,0
8708,7,4,15,4,13,1,1,1,2,2,0
8709,10,2,9,2,11,0,1,1,2,2,0
8710,8,4,6,2,3,0,1,1,2,2,0
8711,18,4,11,2,8,5,1,0,1,2,1
8712,7,4,11,2,12,0,1,1,2,2,0
8713,14,4,11,5,3,4,1,1,2,2,0
8714,8,4,9,2,1,0,1,1,3,2,0
8715,8,4,15,2,13,0,0,1,3,2,1
8716,8,4,9,0,10,4,1,0,2,2,0
8717,3,7,12,4,10,3,1,0,0,2,0
8718,5,4,11,0,1,1,1,0,2,2,0
8719,10,1,15,2,8,0,1,1,2,2,0
8720,9,4,7,0,1,1,0,0,2,2,0
8721,8,4,11,2,4,0,1,1,2,2,0
8722,4,7,15,4,1,2,1,0,2,2,1
8723,10,4,9,0,12,1,1,1,2,2,0
8724,12,4,11,2,1,3,1,0,2,2,0
8725,7,4,11,2,3,0,1,1,2,2,0
8726,8,6,11,2,5,0,1,1,2,2,1
8727,4,4,15,4,4,3,1,1,1,2,0
8728,7,4,12,4,4,3,1,0,2,2,0
8729,9,4,11,2,14,0,1,1,2,2,1
8730,5,6,0,4,5,1,1,1,2,2,0
8731,4,4,12,0,10,0,1,1,2,2,0
8732,9,4,11,0,3,4,1,0,1,2,0
8733,5,4,9,4,4,1,0,0,2,2,1
8734,4,4,15,4,8,1,1,0,2,2,0
8735,5,4,15,4,10,4,1,1,2,2,0
8736,5,4,11,4,8,3,1,0,2,2,0
8737,9,6,10,2,5,0,1,1,1,2,1
8738,12,4,7,2,10,0,1,1,0,2,0
8739,4,4,12,4,10,1,0,1,1,2,0
8740,5,6,15,2,10,0,1,1,2,2,1
8741,9,4,7,2,12,0,1,1,2,2,0
8742,7,7,9,4,10,1,1,0,2,2,0
8743,12,6,1,6,8,1,0,0,2,0,0
8744,7,4,9,2,4,0,1,1,1,2,0
8745,9,4,11,0,8,4,1,0,1,2,0
8746,12,4,15,0,8,4,1,0,1,2,0
8747,9,2,15,2,1,5,1,0,2,2,1
8748,4,4,9,4,1,1,1,0,2,2,1
8749,3,2,11,4,1,1,0,0,2,2,0
8750,4,0,15,4,0,4,1,0,2,2,1
8751,9,6,11,2,5,0,1,1,2,2,1
8752,10,4,15,0,3,1,1,1,1,2,0
8753,6,4,5,0,6,4,1,1,3,2,0
8754,8,7,8,2,10,0,0,1,2,2,1
8755,8,4,8,5,1,1,1,0,2,2,1
8756,9,4,7,0,1,4,1,0,2,2,0
8757,7,0,15,2,0,5,1,0,2,2,1
8758,11,6,11,2,3,0,1,1,0,2,0
8759,3,4,15,4,4,3,1,0,0,2,0
8760,5,4,11,4,1,4,1,0,2,2,0
8761,8,4,7,0,8,2,1,0,2,2,0
8762,8,4,12,2,5,0,1,1,2,2,0
8763,11,4,11,6,12,4,1,0,0,2,0
8764,4,4,8,4,1,1,1,0,2,2,0
8765,4,4,11,4,8,2,1,0,1,4,0
8766,4,4,9,4,4,1,1,0,2,2,0
8767,6,0,11,0,0,1,1,0,3,2,0
8768,5,6,9,2,3,0,1,1,2,2,0
8769,7,6,9,0,4,1,0,1,2,0,0
8770,10,4,0,4,3,2,1,1,2,2,0
8771,3,4,11,4,8,4,1,0,2,2,0
8772,8,5,9,2,4,0,1,1,2,2,0
8773,10,5,9,4,12,3,1,0,2,2,0
8774,4,7,10,4,10,4,1,0,2,2,0
8775,6,4,15,2,4,3,1,1,2,2,0
8776,5,1,11,4,10,4,0,0,1,2,0
8777,11,4,8,2,12,3,1,1,2,2,0
8778,9,4,1,2,5,0,1,1,1,2,0
8779,4,4,15,4,1,3,1,0,2,2,0
8780,4,4,15,4,3,1,1,1,2,2,0
8781,12,4,11,2,6,0,0,1,1,2,0
8782,9,4,9,5,7,1,1,0,2,2,0
8783,12,1,12,2,4,0,1,1,2,2,0
8784,8,6,9,2,4,0,1,1,2,2,1
8785,13,4,11,2,14,0,1,1,1,2,1
8786,9,2,11,2,8,0,1,1,1,2,1
8787,7,0,11,2,0,0,1,1,2,2,0
8788,9,4,15,2,4,0,1,1,2,2,1
8789,4,4,11,4,3,3,0,1,2,2,0
8790,6,4,15,2,6,0,1,1,2,2,1
8791,6,4,11,0,7,1,1,0,2,2,1
8792,3,4,11,4,6,1,1,1,2,2,0
8793,8,4,11,2,3,0,1,1,1,2,0
8794,8,4,11,3,12,4,1,1,2,2,0
8795,9,6,15,5,4,2,1,1,2,2,0
8796,10,4,2,0,13,4,1,0,2,2,0
8797,7,4,11,4,8,1,1,0,2,2,0
8798,6,4,9,4,4,3,0,0,3,2,0
8799,4,4,5,4,3,1,1,1,0,2,1
8800,8,4,11,2,6,0,1,1,2,2,1
8801,3,4,1,4,3,1,1,1,1,2,0
8802,12,2,7,4,10,1,0,1,2,2,1
8803,6,8,11,2,6,0,0,1,2,2,0
8804,9,4,12,2,4,0,1,1,2,2,0
8805,4,4,7,4,7,3,1,1,2,2,0
8806,4,4,11,4,8,3,1,0,2,2,0
8807,11,7,6,0,14,4,1,1,2,2,0
8808,8,2,9,4,11,4,0,1,2,2,0
8809,4,4,2,4,8,1,1,0,2,2,0
8810,10,0,15,2,0,0,1,1,2,2,0
8811,3,4,9,4,4,1,1,1,1,2,0
8812,11,5,8,6,4,1,1,1,2,2,0
8813,8,4,11,4,4,3,1,1,2,2,0
8814,3,4,12,4,10,3,0,1,0,2,0
8815,7,4,11,4,8,3,1,0,2,2,0
8816,4,4,14,4,4,1,1,0,1,2,0
8817,3,4,11,4,3,1,1,1,1,2,0
8818,11,4,15,6,1,4,1,0,1,2,0
8819,9,4,15,0,12,1,1,0,1,2,0
8820,6,7,12,0,10,1,1,0,2,2,0
8821,7,6,11,0,4,1,1,1,2,2,0
8822,6,5,15,2,11,0,1,1,2,2,0
8823,9,4,9,0,13,4,1,0,2,2,0
8824,7,4,0,4,8,3,1,0,2,2,0
8825,12,4,12,2,8,0,1,1,4,2,0
8826,10,5,9,2,4,0,1,1,2,2,1
8827,11,4,9,2,13,5,1,0,2,2,0
8828,7,4,14,2,10,0,1,1,1,2,0
8829,8,4,15,2,5,0,1,1,2,2,0
8830,5,6,1,0,3,1,0,1,2,2,1
8831,6,4,14,4,10,1,1,1,3,2,0
8832,8,4,15,2,14,0,1,1,3,2,1
8833,8,4,11,3,8,4,0,0,2,2,0
8834,7,4,9,2,6,0,1,1,2,2,0
8835,8,4,4,2,8,0,1,1,3,2,0
8836,9,4,15,4,8,2,1,0,2,2,0
8837,9,4,9,4,4,3,1,1,2,2,0
8838,7,4,11,2,12,0,1,1,2,2,1
8839,6,4,12,4,4,3,1,0,4,2,0
8840,5,4,9,3,10,1,0,0,2,2,0
8841,9,4,15,2,12,2,1,1,2,2,0
8842,7,4,1,2,14,0,0,1,2,0,1
8843,12,7,9,2,10,0,1,1,2,2,0
8844,6,4,5,2,3,0,1,1,2,2,0
8845,11,4,12,6,6,1,1,0,2,2,0
8846,7,4,10,0,10,1,0,0,2,2,0
8847,7,4,9,2,10,5,1,0,2,2,0
8848,6,4,11,2,3,0,1,1,2,2,0
8849,9,4,11,2,14,0,1,1,2,2,0
8850,7,1,15,4,1,3,1,0,2,2,0
8851,5,4,9,4,4,1,1,1,2,2,0
8852,8,6,9,0,4,1,1,1,2,2,0
8853,4,4,15,4,6,3,0,1,0,0,0
8854,7,4,11,4,3,3,1,1,2,2,0
8855,5,4,7,4,14,3,1,1,2,2,0
8856,13,4,11,2,14,0,0,1,2,2,1
8857,7,4,9,4,10,3,1,0,1,2,0
8858,9,4,11,0,1,1,0,0,2,2,0
8859,9,4,2,2,7,0,1,1,1,2,1
8860,6,4,11,2,14,0,0,1,2,2,1
8861,5,4,7,4,4,1,1,0,2,2,0
8862,8,2,15,2,11,0,1,1,1,2,0
8863,12,7,9,2,10,0,1,1,2,2,1
8864,7,4,15,2,1,0,1,1,2,2,0
8865,8,4,15,2,8,0,0,1,1,2,1
8866,12,1,9,0,4,1,0,1,2,4,0
8867,4,4,11,3,1,1,1,0,2,2,0
8868,10,6,11,2,10,0,1,1,2,2,1
8869,9,1,9,0,10,4,1,0,2,2,0
8870,4,4,15,4,1,3,1,0,1,2,0
8871,4,4,11,4,12,1,1,1,2,2,0
8872,4,4,11,4,12,4,1,0,1,2,1
8873,7,4,9,2,4,0,0,1,2,2,0
8874,8,4,11,0,14,3,1,1,2,2,0
8875,4,2,9,4,10,1,1,1,2,2,0
8876,6,4,15,2,3,0,1,1,2,2,1
8877,9,4,11,2,6,0,1,1,1,2,0
8878,7,4,9,2,10,0,1,1,2,4,0
8879,10,4,1,0,3,1,0,1,2,2,0
8880,7,4,15,2,12,0,1,1,2,2,1
8881,8,2,15,4,1,1,1,1,2,2,0
8882,6,4,15,4,5,3,1,1,2,2,0
8883,11,4,1,2,14,0,1,1,2,2,1
8884,6,2,9,2,10,5,1,0,3,2,0
8885,4,0,15,4,0,1,1,1,1,2,0
8886,6,4,15,4,12,1,1,1,2,2,0
8887,5,4,11,4,5,3,1,1,2,2,0
8888,10,1,15,2,13,0,0,1,2,2,0
8889,7,4,15,4,8,1,1,1,2,2,0
8890,5,4,9,4,10,3,1,1,2,2,0
8891,8,4,15,4,12,3,0,1,2,0,0
8892,7,4,15,5,7,1,0,1,2,2,0
8893,6,4,15,4,12,1,1,0,2,2,0
8894,7,7,1,4,8,1,1,0,2,2,0
8895,8,5,11,2,3,0,1,1,2,2,0
8896,8,4,15,0,8,1,1,0,2,2,1
8897,9,4,15,0,4,1,1,0,2,2,0
8898,8,4,0,4,8,3,1,0,2,2,0
8899,8,4,7,0,1,1,1,0,2,2,0
8900,10,4,11,2,12,0,1,1,2,2,1
8901,10,4,7,0,8,1,1,0,1,2,0
8902,4,4,11,2,14,0,1,1,1,2,0
8903,10,4,9,2,4,0,1,1,1,2,0
8904,8,0,11,2,0,0,1,1,1,2,0
8905,15,4,9,4,4,2,1,0,0,2,0
8906,13,7,15,0,11,1,1,1,1,2,0
8907,8,6,2,2,5,0,1,1,2,2,1
8908,7,4,11,2,4,0,0,1,2,2,1
8909,13,4,11,2,3,0,1,1,2,2,0
8910,7,4,11,5,3,1,1,1,2,2,0
8911,6,0,9,2,0,0,1,1,1,2,0
8912,4,6,9,2,4,0,1,1,1,2,0
8913,5,5,9,2,10,5,1,0,2,2,1
8914,6,4,11,2,7,0,1,1,2,2,0
8915,8,5,10,2,10,0,1,1,3,2,0
8916,5,4,13,2,7,0,1,1,2,2,0
8917,6,4,15,2,3,0,0,1,1,2,1
8918,4,4,15,4,1,1,1,0,2,2,0
8919,7,4,15,0,1,1,1,0,2,2,0
8920,8,4,11,0,4,1,1,1,2,2,0
8921,6,1,14,0,10,1,1,0,2,2,0
8922,7,2,14,2,10,5,1,0,2,2,1
8923,11,4,4,2,6,0,1,1,0,2,0
8924,4,7,11,0,1,1,1,0,2,2,0
8925,3,4,15,4,3,1,1,1,2,2,0
8926,6,4,11,2,8,0,1,1,2,2,1
8927,5,4,11,2,5,0,1,1,2,4,0
8928,7,4,15,2,5,0,1,1,2,2,0
8929,13,2,11,2,1,0,0,1,1,2,1
8930,6,4,11,5,6,1,1,1,2,2,0
8931,6,4,10,0,7,3,1,1,2,2,0
8932,7,4,15,2,8,0,1,1,2,2,1
8933,6,4,11,5,8,4,1,0,1,2,0
8934,11,4,2,2,12,0,1,1,2,2,1
8935,7,6,11,4,1,3,1,0,1,2,0
8936,4,4,9,4,12,3,1,0,2,2,0
8937,14,4,11,2,8,0,1,1,3,2,0
8938,6,4,11,2,12,0,1,1,2,2,0
8939,6,4,12,2,4,0,1,1,2,2,0
8940,7,4,11,0,4,1,1,0,2,2,0
8941,10,4,11,4,6,2,1,0,2,2,0
8942,5,4,9,4,14,3,1,0,2,4,0
8943,5,0,11,2,0,0,1,1,2,2,1
8944,8,4,0,4,3,3,1,1,2,2,0
8945,7,4,15,2,4,0,1,1,2,2,1
8946,9,2,9,5,4,4,1,0,2,2,0
8947,6,4,11,0,8,4,1,0,0,4,0
8948,7,4,15,2,6,0,1,1,3,2,1
8949,9,4,11,2,5,2,1,1,2,2,0
8950,5,4,9,2,10,0,1,1,1,2,0
8951,6,6,14,2,10,0,1,1,1,2,0
8952,6,4,11,2,14,0,1,1,2,2,1
8953,4,4,11,4,7,1,1,1,2,2,0
8954,5,4,11,4,1,4,1,1,2,2,0
8955,11,4,11,2,8,0,0,1,2,2,1
8956,10,4,11,2,12,0,1,1,1,2,0
8957,10,4,9,2,10,0,1,1,1,2,0
8958,6,4,8,4,6,1,1,1,2,2,0
8959,12,4,11,2,7,0,1,1,2,2,1
8960,7,4,15,0,12,4,0,1,3,2,0
8961,14,4,15,1,3,3,1,1,3,2,0
8962,3,4,11,4,1,3,1,0,0,2,0
8963,6,4,11,0,11,1,1,1,2,2,0
8964,6,4,9,2,10,5,1,0,2,2,0
8965,11,4,9,0,12,1,1,0,2,2,0
8966,5,2,11,4,11,1,0,1,1,2,0
8967,9,4,9,2,10,0,0,1,2,2,1
8968,12,4,15,2,10,0,1,1,1,2,1
8969,10,4,4,2,8,2,1,1,2,2,0
8970,6,4,6,2,7,0,1,1,1,2,0
8971,8,4,15,0,4,4,1,0,2,2,0
8972,6,4,11,0,8,4,1,0,2,2,0
8973,5,7,11,4,8,3,0,0,2,2,0
8974,5,4,15,4,14,1,0,1,2,2,0
8975,4,4,11,4,4,4,1,0,2,2,0
8976,5,4,1,4,12,3,1,1,2,2,0
8977,9,4,15,5,4,1,1,1,2,1,1
8978,5,4,9,4,10,1,1,0,2,2,0
8979,9,2,9,2,11,0,1,1,3,2,0
8980,9,4,15,0,12,1,1,1,2,1,0
8981,3,4,9,4,4,4,0,0,2,2,0
8982,4,4,11,2,1,0,1,1,2,2,0
8983,8,4,11,4,8,1,0,0,2,2,0
8984,3,4,15,4,3,1,1,1,1,2,0
8985,3,4,11,4,8,3,0,1,1,2,0
8986,11,2,12,2,4,0,1,1,3,2,0
8987,4,6,11,5,8,4,1,0,1,2,0
8988,9,4,15,2,8,5,1,0,2,2,1
8989,9,6,11,2,5,0,1,1,2,2,0
8990,13,4,11,2,1,0,1,1,2,2,0
8991,4,4,15,4,1,1,1,0,3,2,0
8992,12,5,7,2,12,0,1,1,1,2,1
8993,5,2,9,2,10,0,1,1,3,2,0
8994,3,7,15,4,10,2,1,0,1,2,1
8995,5,4,1,4,3,2,1,1,2,2,0
8996,10,4,15,2,3,0,1,1,3,2,0
8997,9,6,11,0,12,4,1,1,2,2,0
8998,6,2,5,2,14,0,1,1,1,4,0
8999,11,4,15,6,8,1,0,0,4,2,0
9000,6,4,7,2,4,0,1,1,3,2,1
9001,7,4,15,5,6,4,1,1,2,2,0
9002,7,4,11,2,3,0,1,1,2,2,1
9003,4,6,12,4,10,1,1,1,1,2,0
9004,10,4,15,2,12,0,1,1,2,2,0
9005,9,4,11,2,11,0,1,1,2,2,0
9006,7,7,9,2,10,0,1,1,1,2,1
9007,7,4,5,2,8,0,1,1,3,2,0
9008,6,4,12,4,10,3,1,0,1,2,0
9009,8,4,8,2,3,0,0,1,2,2,1
9010,9,4,8,4,4,4,1,0,2,2,0
9011,5,5,15,2,4,0,1,1,2,2,0
9012,8,7,11,4,1,1,1,1,2,2,0
9013,6,5,11,4,3,1,1,1,2,2,0
9014,5,4,15,4,1,1,0,0,2,2,1
9015,10,5,15,2,3,0,1,1,1,2,1
9016,4,4,11,4,3,1,1,1,2,2,0
9017,8,4,11,2,8,0,1,1,2,2,0
9018,10,4,11,2,12,0,1,1,2,4,0
9019,7,2,15,0,8,4,1,0,2,2,0
9020,9,4,14,2,4,2,1,0,2,2,0
9021,10,2,4,0,3,4,1,1,2,2,0
9022,8,4,15,2,4,5,1,0,2,2,1
9023,7,4,11,2,6,0,1,1,2,2,0
9024,9,5,15,2,8,0,1,1,2,2,1
9025,8,4,15,2,4,0,1,1,2,2,0
9026,9,4,9,2,7,0,0,1,2,2,0
9027,8,4,7,0,4,1,1,1,2,2,0
9028,9,1,15,2,13,0,0,1,2,2,1
9029,5,7,14,2,10,0,1,1,1,2,0
9030,4,4,12,4,8,1,1,0,1,2,0
9031,3,4,15,4,6,1,0,1,1,2,0
9032,6,4,15,0,8,4,1,0,2,2,0
9033,4,6,12,4,4,3,1,1,0,2,0
9034,6,7,11,4,1,3,1,0,2,2,0
9035,13,4,11,1,1,3,0,1,2,0,0
9036,9,4,11,0,7,1,1,1,2,2,0
9037,8,2,15,2,10,0,1,1,2,2,0
9038,7,1,15,4,14,1,1,1,2,2,1
9039,5,4,9,2,7,0,1,1,1,2,0
9040,9,4,9,0,12,1,1,0,2,2,0
9041,5,4,11,4,1,1,0,0,2,2,0
9042,6,4,15,2,10,5,1,0,2,2,0
9043,5,4,11,2,7,0,1,1,3,2,1
9044,4,4,15,4,1,3,1,0,1,2,0
9045,8,4,11,2,12,0,1,1,2,2,1
9046,4,6,9,4,4,1,1,1,1,2,0
9047,7,4,11,2,12,0,1,1,2,2,0
9048,8,4,15,2,4,0,1,1,2,2,1
9049,5,4,9,4,12,3,1,0,2,4,0
9050,6,4,15,4,6,1,1,1,2,2,0
9051,5,0,15,4,0,1,1,1,2,2,0
9052,5,4,15,4,12,1,1,1,1,2,0
9053,10,4,15,2,1,5,1,0,3,2,0
9054,11,4,15,4,1,1,1,0,2,2,1
9055,3,2,15,4,1,1,1,0,0,2,0
9056,11,4,12,4,4,3,1,1,2,2,0
9057,7,4,11,0,13,1,1,1,1,2,1
9058,3,4,11,4,6,1,1,1,1,2,0
9059,8,4,9,2,4,5,1,0,2,2,1
9060,7,4,15,2,12,0,1,1,2,2,1
9061,7,4,11,0,1,1,1,0,2,2,0
9062,5,4,11,0,3,1,0,1,2,2,0
9063,9,7,7,2,10,0,1,1,2,2,1
9064,7,4,11,2,1,0,1,1,2,2,0
9065,8,4,8,2,3,0,1,1,1,2,0
9066,9,1,9,2,10,0,1,1,2,2,1
9067,6,4,11,2,7,0,1,1,3,2,0
9068,6,4,7,2,13,0,0,1,0,2,0
9069,6,4,15,4,3,1,1,0,2,2,0
9070,4,4,11,2,7,5,1,0,0,2,1
9071,4,4,4,4,6,1,0,1,1,0,1
9072,12,4,11,2,8,0,1,1,1,2,0
9073,8,6,15,2,10,5,1,0,3,2,0
9074,6,2,11,4,3,2,1,1,1,2,0
9075,11,6,15,0,3,1,1,1,2,2,0
9076,10,6,9,2,8,0,1,1,2,2,0
9077,4,2,15,4,11,3,1,1,1,2,0
9078,4,4,9,4,12,3,1,1,2,2,0
9079,15,4,11,6,8,1,1,0,0,2,0
9080,11,2,15,2,1,3,1,0,1,2,0
9081,6,4,1,2,12,2,1,0,3,2,0
9082,14,6,9,2,4,0,1,1,1,2,0
9083,4,4,12,4,10,3,1,0,2,2,0
9084,5,5,11,4,5,1,1,1,1,2,0
9085,10,4,15,2,5,0,1,1,2,2,1
9086,8,6,15,2,14,0,1,1,1,2,1
9087,12,4,11,2,5,0,1,1,2,2,0
9088,8,0,15,3,0,4,0,1,2,4,0
9089,12,4,11,6,8,1,0,0,2,2,0
9090,9,4,11,2,1,0,1,1,2,2,0
9091,7,4,11,2,7,0,0,1,2,4,1
9092,4,4,11,4,8,1,1,1,2,2,0
9093,6,4,1,2,3,0,0,1,2,2,0
9094,4,2,11,4,11,3,1,1,2,2,0
9095,6,4,13,2,7,0,1,1,2,2,0
9096,5,4,15,4,8,1,0,0,2,2,0
9097,3,0,11,4,0,2,1,0,1,2,0
9098,6,2,15,0,10,4,1,1,1,2,0
9099,4,4,11,4,5,3,1,0,2,4,0
9100,5,4,9,2,10,0,1,1,1,2,1
9101,9,4,11,4,12,4,0,0,2,2,1
9102,12,4,11,0,3,3,1,1,0,2,0
9103,4,0,15,4,0,3,0,0,2,2,0
9104,7,0,11,2,6,0,1,1,2,2,1
9105,5,4,15,2,8,0,1,1,2,2,0
9106,6,4,11,2,6,0,1,1,2,2,1
9107,5,6,15,4,5,1,1,1,2,2,0
9108,10,2,7,4,10,3,1,1,2,2,0
9109,8,4,11,2,3,0,1,1,2,2,1
9110,5,4,15,2,8,0,1,1,1,2,0
9111,8,4,8,4,1,3,0,0,2,2,0
9112,3,4,15,4,14,1,1,1,1,2,0
9113,6,4,9,2,4,0,0,1,2,2,0
9114,8,4,11,2,3,0,1,1,2,2,0
9115,10,1,15,2,13,0,1,1,2,2,1
9116,9,4,11,0,8,4,0,1,1,2,0
9117,5,4,9,4,10,1,0,0,2,2,0
9118,4,4,11,4,3,1,1,1,2,2,0
9119,12,4,10,2,10,0,1,1,1,2,0
9120,9,4,15,6,4,1,1,1,2,2,0
9121,5,4,9,2,4,0,1,1,0,2,1
9122,8,1,11,2,1,0,0,1,2,2,1
9123,10,4,12,0,4,4,1,0,2,2,0
9124,9,4,14,0,10,1,1,1,2,2,0
9125,6,4,11,4,3,3,1,1,2,4,0
9126,7,4,11,2,12,0,1,1,2,2,1
9127,6,6,1,0,8,4,0,0,3,2,0
9128,6,4,11,2,4,0,1,1,3,2,0
9129,11,4,15,2,12,5,1,0,2,2,1
9130,7,4,15,2,1,0,1,1,2,2,1
9131,10,4,15,2,14,0,1,1,2,2,0
9132,6,4,11,2,12,0,1,1,2,2,0
9133,8,4,1,2,3,1,1,1,2,2,0
9134,12,4,11,2,13,0,1,1,2,2,1
9135,5,4,11,4,14,1,1,1,2,2,0
9136,5,2,11,4,11,1,1,1,2,2,0
9137,9,4,11,2,3,0,1,1,2,2,1
9138,7,4,7,4,4,3,1,1,2,2,0
9139,8,4,15,2,1,5,0,0,2,2,1
9140,11,4,15,0,3,3,1,1,1,2,0
9141,11,6,14,6,4,1,1,0,2,2,0
9142,10,4,11,2,14,0,0,1,2,2,1
9143,6,4,9,2,4,0,1,1,2,2,1
9144,6,4,8,2,12,0,1,1,2,2,1
9145,5,4,14,4,10,3,1,1,2,2,0
9146,11,4,15,2,8,5,1,0,2,2,0
9147,9,6,12,2,5,0,1,1,2,2,0
9148,6,4,14,2,4,0,1,1,2,2,1
9149,6,4,2,4,13,1,0,1,2,2,0
9150,8,4,15,6,14,4,1,1,2,2,0
9151,6,4,15,0,8,2,1,1,4,2,0
9152,11,4,8,2,8,0,1,1,2,2,0
9153,9,6,15,2,3,0,1,1,2,2,0
9154,6,1,9,4,10,1,1,1,2,2,0
9155,4,6,9,4,4,1,1,1,1,1,0
9156,4,1,11,4,8,3,1,0,1,2,0
9157,10,4,15,2,10,0,1,1,2,2,1
9158,13,1,15,1,1,4,1,0,1,2,1
9159,6,4,9,5,1,4,1,0,2,2,0
9160,14,4,6,2,12,0,1,1,1,2,0
9161,6,4,15,4,10,1,1,1,2,2,0
9162,4,4,2,2,3,0,1,1,2,2,1
9163,7,4,9,2,4,0,1,1,2,2,0
9164,7,0,1,4,0,3,1,0,2,2,0
9165,6,2,1,2,11,0,1,1,2,2,0
9166,14,2,11,2,3,2,1,1,1,2,0
9167,12,4,1,0,3,1,1,1,2,2,0
9168,6,4,11,2,6,0,1,1,2,2,1
9169,7,6,11,2,3,0,1,1,2,2,1
9170,11,4,12,2,10,0,0,1,1,2,1
9171,7,4,11,2,4,0,1,1,2,2,1
9172,6,6,0,2,7,5,1,0,2,2,0
9173,11,4,15,4,3,1,1,1,1,2,0
9174,9,4,2,0,8,1,1,1,2,2,0
9175,4,4,15,4,1,1,1,0,2,2,1
9176,8,2,15,0,10,4,0,0,2,2,0
9177,9,4,8,0,12,2,1,0,2,2,0
9178,6,1,11,4,1,4,1,0,2,2,0
9179,6,4,15,0,1,1,0,1,3,1,0
9180,6,4,2,4,13,3,1,0,2,2,0
9181,5,0,9,4,0,3,1,1,2,2,0
9182,10,0,13,4,0,3,1,0,2,2,0
9183,10,4,7,0,12,4,1,0,2,2,0
9184,8,4,9,2,4,5,0,0,2,2,1
9185,9,7,9,2,10,2,1,0,1,2,0
9186,11,4,9,2,7,0,1,1,2,2,0
9187,5,0,11,4,0,1,0,0,2,2,0
9188,6,6,14,2,10,0,1,1,2,2,1
9189,7,4,11,2,8,1,1,0,2,2,0
9190,6,5,9,2,10,0,1,1,2,2,1
9191,6,4,9,2,4,0,1,1,2,2,0
9192,13,7,9,2,11,0,1,1,0,2,0
9193,12,4,9,4,8,3,0,0,0,0,0
9194,12,4,11,2,5,0,1,1,2,2,1
9195,8,4,9,2,4,0,1,1,2,2,1
9196,13,4,9,0,4,1,1,1,1,2,0
9197,14,4,11,3,1,4,0,0,2,2,0
9198,5,4,8,2,13,0,1,1,2,2,0
9199,9,4,11,0,1,1,0,1,1,2,0
9200,6,2,9,0,10,1,1,0,3,2,0
9201,6,2,15,2,10,0,1,1,2,2,0
9202,11,4,11,2,7,0,0,1,2,2,1
9203,4,4,11,4,1,4,1,0,2,2,0
9204,12,4,11,2,3,0,1,1,1,2,0
9205,10,0,11,2,3,0,1,1,2,1,1
9206,6,4,11,4,3,3,1,1,2,0,1
9207,10,4,15,0,12,1,1,1,2,2,0
9208,14,4,9,0,10,4,1,0,1,2,0
9209,5,4,11,3,12,1,1,0,2,2,0
9210,7,4,12,2,10,0,1,1,3,2,1
9211,9,6,11,2,5,0,1,1,2,2,0
9212,9,4,11,5,1,1,1,0,2,2,0
9213,12,2,15,0,11,0,1,1,1,2,1
9214,14,0,9,6,0,4,1,0,3,2,0
9215,9,3,12,2,6,0,1,1,2,2,1
9216,8,5,15,2,4,0,1,1,2,2,0
9217,9,4,11,2,12,0,1,1,3,2,1
9218,7,6,9,2,10,0,0,1,2,2,0
9219,6,4,5,5,8,1,1,0,2,2,0
9220,8,4,0,2,3,0,1,1,2,2,0
9221,8,0,5,2,0,0,1,1,2,2,0
9222,9,4,15,2,3,0,0,1,2,2,1
9223,7,4,0,2,7,5,1,1,2,2,1
9224,6,4,4,4,8,3,1,1,2,2,0
9225,6,4,15,2,3,0,0,1,2,2,0
9226,9,4,11,4,8,3,0,0,2,2,0
9227,7,4,11,4,8,3,1,0,2,2,0
9228,6,4,9,4,10,1,1,0,2,2,1
9229,4,4,8,4,3,4,1,1,2,2,0
9230,4,4,12,4,12,3,1,0,2,2,0
9231,12,2,12,6,10,5,1,0,1,2,1
9232,8,4,15,4,4,1,1,0,4,2,1
9233,9,4,11,0,3,1,1,1,2,2,0
9234,4,4,0,4,12,1,0,0,1,2,0
9235,12,4,11,2,3,0,1,1,0,2,0
9236,13,2,15,1,11,4,1,1,1,2,0
9237,14,4,10,0,10,1,1,1,3,2,0
9238,8,4,12,0,12,1,1,1,2,2,0
9239,14,4,9,4,8,3,1,1,1,2,0
9240,7,4,15,2,3,0,1,1,2,2,0
9241,4,4,11,4,13,1,1,0,2,2,0
9242,13,7,9,2,10,0,1,1,0,2,1
9243,3,6,11,4,4,1,1,0,1,2,0
9244,5,4,12,4,10,2,1,0,2,2,0
9245,10,4,15,0,7,4,1,0,3,2,0
9246,5,6,5,4,5,1,1,1,2,2,0
9247,6,4,11,2,14,0,1,1,1,2,0
9248,8,1,11,2,6,0,1,1,2,2,1
9249,7,4,15,4,10,1,1,0,1,2,0
9250,11,4,9,2,8,0,1,1,2,2,0
9251,11,4,15,2,3,0,1,1,2,2,1
9252,4,4,11,4,7,1,1,1,3,2,0
9253,9,4,11,5,12,2,1,0,2,2,0
9254,5,6,1,4,14,3,1,1,0,2,0
9255,10,4,1,2,14,0,1,1,2,2,1
9256,4,4,7,4,7,3,1,0,1,2,0
9257,9,4,2,2,7,0,1,1,2,2,0
9258,8,4,8,0,7,4,1,0,1,2,0
9259,7,4,12,4,4,4,0,0,3,2,0
9260,8,4,11,2,12,0,1,1,2,2,0
9261,8,4,6,2,12,0,1,1,2,2,0
9262,10,4,11,2,6,0,1,1,2,1,0
9263,8,4,15,2,4,0,1,1,2,2,0
9264,5,4,15,4,8,1,1,0,2,2,0
9265,13,4,11,2,3,0,1,1,2,2,1
9266,8,2,5,4,10,3,1,1,2,2,0
9267,11,2,11,2,3,0,1,1,2,1,1
9268,9,4,15,2,12,0,1,1,2,1,1
9269,8,4,15,2,8,0,0,1,2,2,0
9270,4,4,9,2,12,0,1,1,2,1,1
9271,9,2,11,0,1,4,0,0,2,2,0
9272,7,4,15,0,4,3,1,1,1,2,0
9273,14,0,9,5,0,1,1,0,1,2,0
9274,5,4,9,6,7,1,1,0,1,2,0
9275,5,4,15,4,14,4,0,0,2,2,0
9276,5,4,6,5,8,4,1,0,3,2,0
9277,9,6,9,2,12,0,1,1,3,2,0
9278,18,1,11,5,3,4,1,1,1,2,0
9279,13,4,11,1,7,3,1,0,2,2,0
9280,10,4,9,2,14,0,1,1,2,2,0
9281,3,4,9,4,3,3,1,1,0,2,0
9282,5,5,11,4,4,1,1,1,2,2,1
9283,5,4,9,4,12,3,1,1,2,2,0
9284,7,4,15,4,7,3,1,0,2,2,0
9285,5,4,11,4,8,1,1,0,2,2,0
9286,4,4,9,4,4,3,1,1,2,2,0
9287,7,4,0,2,14,0,1,1,3,2,1
9288,5,4,9,4,12,3,1,0,2,2,0
9289,9,4,11,2,12,0,1,1,2,2,0
9290,4,4,11,4,12,1,1,0,2,2,0
9291,8,2,9,2,4,0,1,1,2,2,1
9292,15,4,9,4,4,3,1,0,3,2,0
9293,10,4,11,2,14,0,0,1,2,2,0
9294,3,5,9,4,4,3,1,0,0,2,0
9295,7,4,10,2,10,0,1,1,2,2,1
9296,13,4,11,2,12,0,1,1,0,2,1
9297,7,6,15,4,8,1,1,0,2,2,0
9298,4,6,9,4,12,3,1,0,2,2,0
9299,8,1,12,0,4,4,1,0,2,2,0
9300,8,4,9,4,1,3,1,0,2,2,0
9301,7,1,11,0,13,4,1,0,2,2,0
9302,4,4,15,4,4,3,1,1,0,2,0
9303,9,4,11,2,8,0,1,1,2,2,0
9304,4,4,11,4,8,1,1,0,0,3,0
9305,3,4,15,5,8,4,0,1,2,2,0
9306,9,4,11,5,8,4,1,0,2,2,0
9307,7,6,11,2,3,0,1,1,2,1,0
9308,8,4,0,4,5,3,1,1,2,2,0
9309,14,4,15,2,1,5,1,0,1,2,1
9310,10,4,12,0,1,1,0,0,2,0,0
9311,5,7,15,4,10,3,1,0,2,2,0
9312,4,4,5,0,9,1,1,0,2,2,0
9313,7,4,11,4,12,2,0,0,2,2,0
9314,6,4,11,0,3,1,1,1,2,1,0
9315,5,4,1,2,12,5,1,0,0,2,0
9316,8,4,15,2,12,0,1,1,2,2,0
9317,7,4,12,2,10,3,1,1,1,2,0
9318,8,2,11,2,3,0,1,1,2,2,1
9319,7,0,12,0,0,4,1,0,2,2,0
9320,11,7,1,5,2,1,0,0,2,2,1
9321,7,4,15,4,1,3,1,0,2,2,0
9322,6,4,15,4,1,1,1,0,2,2,1
9323,11,7,9,0,10,4,1,0,2,2,0
9324,10,2,12,2,10,0,1,1,2,2,0
9325,8,4,5,2,14,0,1,1,1,1,0
9326,4,4,11,4,1,3,1,0,0,2,0
9327,5,4,11,2,8,0,1,1,2,2,0
9328,6,4,9,2,12,0,1,1,4,2,1
9329,3,2,11,4,4,2,1,0,1,2,0
9330,10,4,0,2,7,0,0,1,2,2,1
9331,6,6,15,2,11,0,1,1,2,2,0
9332,4,4,15,2,12,5,1,0,1,2,0
9333,4,6,8,4,10,1,1,0,2,2,0
9334,7,7,15,2,11,0,1,1,2,2,1
9335,13,2,12,6,10,4,1,0,2,2,0
9336,6,4,11,4,8,3,1,0,3,2,0
9337,8,6,15,2,14,0,1,1,2,2,0
9338,12,4,11,6,1,1,1,1,2,2,0
9339,11,4,15,0,1,4,1,0,4,2,0
9340,9,4,8,2,12,0,1,1,2,2,0
9341,6,6,8,4,4,1,1,0,2,2,0
9342,8,4,9,2,12,0,1,1,2,2,0
9343,8,4,11,2,12,5,1,0,2,2,1
9344,6,7,10,4,10,3,1,0,2,2,0
9345,9,7,14,2,4,0,1,1,2,2,1
9346,5,4,15,6,1,4,1,0,1,2,0
9347,8,2,5,2,3,0,1,1,2,2,0
9348,8,4,15,5,10,2,0,1,1,2,0
9349,5,4,11,4,12,3,1,1,0,2,0
9350,5,4,11,4,3,1,1,1,2,2,0
9351,12,4,15,2,1,0,1,1,1,2,1
9352,10,4,15,2,4,0,1,1,2,2,1
9353,6,4,15,2,11,0,1,1,4,2,0
9354,8,4,12,0,12,1,1,1,2,2,0
9355,9,4,12,2,10,5,1,0,2,2,1
9356,9,4,9,2,8,0,0,1,1,2,0
9357,9,2,15,0,1,1,0,0,2,2,0
9358,9,4,15,5,12,4,1,0,2,2,0
9359,9,4,5,2,8,0,1,1,1,2,1
9360,7,1,7,0,1,4,1,1,2,2,0
9361,5,6,10,2,10,0,1,1,2,2,0
9362,8,4,11,2,7,0,0,1,2,2,0
9363,8,2,11,2,14,0,1,1,2,2,0
9364,4,4,7,4,10,3,1,1,2,2,0
9365,5,4,4,4,8,4,1,0,2,2,0
9366,8,5,11,2,12,5,1,0,2,2,0
9367,8,4,15,6,10,1,1,0,2,2,0
9368,4,6,11,4,12,3,1,0,2,2,0
9369,12,4,11,2,3,0,1,1,2,2,1
9370,10,4,12,0,10,4,1,0,2,2,0
9371,10,4,11,2,1,2,1,0,2,2,0
9372,7,4,15,2,12,0,1,1,3,2,1
9373,5,1,9,2,4,0,1,1,2,2,0
9374,9,2,15,0,14,1,0,0,1,2,1
9375,5,4,11,0,7,1,0,0,2,2,0
9376,5,4,15,4,1,1,0,1,2,0,0
9377,5,4,15,2,4,0,0,1,2,2,0
9378,12,2,11,2,14,5,1,0,1,2,1
9379,9,4,15,2,3,0,1,1,2,2,0
9380,6,4,9,4,10,1,1,0,1,1,0
9381,8,4,8,0,1,4,0,0,1,0,0
9382,5,4,11,2,7,0,1,1,2,2,1
9383,9,4,15,0,12,1,1,1,2,2,0
9384,10,4,12,2,4,0,1,1,2,2,0
9385,9,4,9,2,10,0,1,1,2,1,1
9386,7,4,11,0,8,1,1,1,2,2,0
9387,11,4,9,0,4,4,1,0,1,2,0
9388,12,4,10,2,10,0,1,1,2,2,0
9389,6,5,9,2,4,0,1,1,3,2,1
9390,4,4,11,4,8,3,1,0,1,2,0
9391,8,4,9,2,12,0,1,1,3,2,1
9392,5,4,8,4,4,1,1,0,2,2,1
9393,10,4,11,5,8,4,1,0,2,2,1
9394,9,6,11,0,8,1,1,0,2,2,0
9395,6,4,12,2,4,0,1,1,2,2,1
9396,6,2,9,2,14,0,1,1,2,2,0
9397,5,4,11,4,3,3,1,1,2,2,0
9398,12,6,10,0,5,1,1,1,2,2,0
9399,3,4,12,4,4,1,1,0,2,2,0
9400,10,4,9,6,4,1,1,0,2,2,0
9401,5,4,11,0,8,1,1,0,1,2,0
9402,8,0,9,0,0,1,0,0,2,2,0
9403,7,4,11,2,10,0,0,1,1,2,0
9404,10,4,15,5,8,4,1,0,2,2,0
9405,12,6,11,2,3,0,1,1,2,2,0
9406,9,2,7,2,3,0,1,1,2,2,0
9407,6,4,11,0,12,1,0,1,2,2,0
9408,6,4,15,2,3,0,1,1,2,2,1
9409,7,4,7,2,3,0,1,1,3,2,1
9410,4,4,1,4,8,3,1,1,2,2,0
9411,3,2,15,4,8,3,1,0,0,2,0
9412,5,6,15,2,5,0,1,1,2,2,1
9413,8,6,11,0,8,1,1,0,2,2,0
9414,7,4,15,0,13,1,1,0,2,2,0
9415,10,0,15,0,0,4,1,0,2,2,0
9416,9,4,7,2,14,0,1,1,2,2,1
9417,10,2,11,2,8,0,1,1,2,2,1
9418,8,4,8,2,12,0,1,1,2,2,0
9419,12,4,12,2,10,0,1,1,1,2,0
9420,5,4,15,4,1,1,1,0,2,2,0
9421,7,4,6,2,3,0,1,1,2,2,1
9422,4,4,9,4,14,1,1,1,2,2,1
9423,9,4,11,0,7,4,1,0,1,2,0
9424,5,4,15,2,1,5,1,0,2,2,0
9425,5,4,9,4,4,3,1,0,2,2,0
9426,12,4,9,2,6,0,1,1,1,2,1
9427,9,4,9,0,12,1,1,1,2,2,1
9428,6,7,8,4,4,1,1,1,2,2,0
9429,4,0,15,4,0,3,1,1,0,2,0
9430,4,4,15,4,8,1,1,0,1,2,0
9431,8,4,7,2,4,0,1,1,2,2,0
9432,4,4,14,2,10,5,1,0,1,2,1
9433,6,4,11,2,4,0,1,1,2,2,0
9434,10,0,8,2,0,0,1,1,2,2,0
9435,12,1,11,4,1,1,1,0,2,2,0
9436,5,6,11,4,12,1,1,1,2,2,0
9437,9,6,9,2,10,5,1,0,3,2,1
9438,8,4,11,4,8,3,1,0,1,2,0
9439,8,4,15,2,12,0,1,1,2,2,1
9440,7,4,15,2,8,0,1,1,2,2,0
9441,12,4,15,2,4,0,1,1,2,2,0
9442,8,4,15,4,3,2,1,1,2,2,0
9443,6,4,11,2,12,0,1,1,2,2,1
9444,4,4,11,4,8,1,1,0,2,2,0
9445,11,4,15,2,8,5,0,0,4,2,1
9446,9,7,10,2,10,0,1,1,2,2,0
9447,9,5,11,2,10,0,1,1,2,2,0
9448,4,4,9,4,10,3,1,0,1,2,0
9449,13,4,2,6,7,4,1,1,2,2,0
9450,5,4,9,2,4,0,1,1,2,2,0
9451,11,4,15,2,8,0,1,1,2,2,0
9452,11,4,11,2,3,0,1,1,2,2,1
9453,6,4,15,0,4,1,1,0,2,2,0
9454,4,4,15,4,8,1,1,0,2,2,0
9455,8,4,9,2,10,0,1,1,2,2,0
9456,6,4,12,0,12,1,1,1,2,2,0
9457,7,4,9,2,10,0,1,1,2,2,1
9458,11,2,11,2,14,0,1,1,2,2,0
9459,7,4,7,4,13,1,1,1,2,2,0
9460,4,4,7,4,1,3,1,0,2,2,1
9461,8,4,9,2,10,0,1,1,3,2,0
9462,6,6,9,2,12,0,1,1,2,2,1
9463,5,4,12,4,1,1,1,0,2,2,0
9464,9,6,11,6,12,4,1,0,2,2,0
9465,7,4,11,2,6,3,1,1,2,2,0
9466,8,6,9,2,14,0,1,1,3,2,0
9467,4,4,11,2,1,0,1,1,2,2,1
9468,10,4,9,2,3,0,0,1,2,2,0
9469,7,4,15,2,12,0,1,1,2,2,1
9470,7,4,6,2,14,0,1,1,2,2,1
9471,10,4,11,2,14,0,1,1,2,2,0
9472,5,4,9,4,1,2,1,0,2,2,0
9473,4,5,15,4,12,3,1,0,1,2,0
9474,3,4,11,4,8,3,1,0,0,2,0
9475,11,4,15,2,12,5,1,0,2,2,0
9476,9,4,8,2,1,5,0,0,2,2,0
9477,10,7,9,0,10,4,0,0,2,2,0
9478,5,4,15,2,1,5,1,0,3,2,1
9479,7,2,9,0,4,4,1,0,2,2,0
9480,8,4,11,5,12,1,1,0,2,2,0
9481,7,2,15,0,8,4,1,0,3,2,0
9482,10,4,12,2,4,0,0,1,2,2,1
9483,3,7,9,4,13,1,1,0,2,2,0
9484,5,6,9,2,12,0,1,1,1,2,1
9485,8,6,7,2,4,0,1,1,2,2,1
9486,9,4,11,2,8,5,1,0,2,2,0
9487,7,6,15,2,4,0,1,1,2,2,0
9488,9,4,11,2,7,5,0,0,2,2,0
9489,7,6,0,4,5,3,1,1,2,2,0
9490,4,4,15,4,8,3,1,0,1,2,0
9491,6,4,11,2,7,0,1,1,2,2,0
9492,6,4,11,2,12,5,1,0,1,2,0
9493,11,7,9,2,10,0,1,1,3,2,0
9494,4,4,4,4,6,3,1,1,0,2,0
9495,8,4,15,2,4,0,1,1,1,2,1
9496,6,4,11,0,1,4,1,0,2,2,0
9497,7,4,12,2,4,0,0,1,1,2,1
9498,9,4,14,6,10,1,1,0,3,2,1
9499,7,6,11,4,1,1,1,1,2,2,0
9500,5,4,15,4,7,1,1,1,2,2,0
9501,13,4,11,2,3,0,1,1,1,2,0
9502,8,4,15,2,4,0,1,1,2,2,1
9503,7,4,11,0,12,2,1,0,3,2,0
9504,8,4,9,0,10,1,1,1,2,2,0
9505,11,4,11,2,6,0,1,1,2,2,0
9506,9,1,10,0,10,1,1,1,2,2,0
9507,10,6,11,2,3,0,1,1,2,2,1
9508,6,0,8,2,0,0,0,1,0,2,0
9509,9,6,11,2,12,0,1,1,3,2,0
9510,7,4,11,4,7,4,1,0,2,2,0
9511,10,4,11,0,7,1,1,0,1,2,0
9512,5,6,15,4,3,1,1,1,2,2,0
9513,9,4,15,0,1,1,1,0,3,2,0
9514,4,4,8,4,4,1,1,1,2,2,0
9515,8,7,15,2,10,0,1,1,2,2,0
9516,6,4,8,2,1,0,1,1,0,2,1
9517,9,4,9,0,12,4,1,0,2,2,0
9518,5,4,8,4,10,1,1,0,1,2,0
9519,7,4,10,0,10,1,1,0,3,2,0
9520,7,4,12,2,6,0,1,1,2,2,0
9521,10,6,11,4,5,3,1,1,2,2,0
9522,11,2,7,2,10,0,1,1,1,2,0
9523,9,2,11,4,8,1,0,1,1,2,0
9524,11,4,8,2,10,0,1,1,1,2,1
9525,10,4,9,0,10,1,1,1,2,2,0
9526,8,1,15,6,1,4,1,0,2,2,0
9527,3,0,2,4,0,3,1,0,0,2,0
9528,5,6,12,2,8,0,1,1,2,2,1
9529,6,6,14,2,10,0,1,1,1,2,0
9530,8,4,8,2,3,0,1,1,2,2,0
9531,6,4,10,0,10,1,1,0,2,2,0
9532,9,4,9,6,10,4,1,0,3,2,0
9533,4,6,11,4,3,3,1,1,2,2,0
9534,6,4,11,0,8,4,1,0,2,2,0
9535,5,4,15,2,8,5,0,0,2,2,1
9536,10,4,15,2,1,0,1,1,2,2,0
9537,9,4,15,2,3,0,1,1,2,2,1
9538,6,4,0,2,8,0,1,1,2,2,1
9539,9,4,11,5,7,1,1,0,1,2,0
9540,14,6,11,2,3,0,0,1,2,2,1
9541,8,4,2,2,7,0,0,1,2,3,1
9542,6,4,11,4,14,3,1,1,2,2,0
9543,5,4,11,0,8,4,1,0,2,2,0
9544,8,6,7,2,4,0,1,1,2,2,0
9545,4,4,11,4,3,1,1,1,2,2,0
9546,3,4,15,4,7,4,1,0,0,2,1
9547,6,5,8,2,10,0,0,1,4,2,1
9548,7,4,0,2,7,0,1,1,2,2,0
9549,4,4,11,4,1,3,1,0,1,2,0
9550,6,5,11,2,4,0,1,1,2,2,0
9551,3,4,8,4,4,1,1,0,2,2,0
9552,6,4,5,5,10,4,1,0,2,2,0
9553,10,4,9,2,12,0,1,1,2,2,1
9554,7,4,11,2,4,5,1,0,2,2,1
9555,9,4,11,2,3,0,1,1,2,2,1
9556,7,4,11,0,14,1,1,1,2,2,0
9557,10,4,9,4,14,1,1,1,2,2,0
9558,7,0,9,2,0,0,1,1,2,3,0
9559,9,4,11,2,3,0,1,1,2,2,0
9560,10,4,9,2,7,0,1,1,2,2,1
9561,5,6,15,4,3,1,1,1,2,2,0
9562,8,1,10,2,10,0,1,1,2,2,0
9563,4,4,15,4,6,1,0,1,3,2,0
9564,9,4,15,2,13,0,1,1,2,2,1
9565,8,4,0,0,7,1,0,0,2,2,0
9566,13,4,11,2,3,0,1,1,2,2,0
9567,7,4,0,2,6,0,1,1,2,2,1
9568,4,4,15,4,14,1,1,1,2,2,0
9569,6,4,15,0,12,1,1,0,1,2,1
9570,10,4,1,2,3,0,1,1,2,2,1
9571,7,2,14,2,10,0,1,1,2,2,0
9572,3,4,15,4,1,1,1,1,1,2,0
9573,9,4,15,4,4,3,1,1,2,2,0
9574,6,4,8,2,5,0,1,1,2,2,0
9575,6,4,11,2,12,0,1,1,2,2,1
9576,4,4,15,4,8,3,1,0,2,2,0
9577,5,4,15,4,6,1,0,1,2,2,0
9578,6,4,15,5,1,4,1,0,2,2,0
9579,4,4,12,4,4,3,1,1,2,2,0
9580,9,4,11,0,4,1,1,0,3,2,0
9581,14,4,6,5,7,4,1,1,0,2,0
9582,8,6,11,4,7,3,1,1,2,2,0
9583,12,4,11,2,3,0,1,1,2,4,0
9584,4,2,15,4,4,1,1,0,1,2,0
9585,8,4,15,2,3,0,1,1,2,2,1
9586,15,4,11,4,4,3,1,1,2,2,0
9587,6,4,11,4,14,3,1,1,2,2,0
9588,5,4,11,4,1,1,0,0,2,2,0
9589,11,4,0,2,14,0,1,1,2,2,1
9590,8,4,15,4,12,3,1,0,2,2,0
9591,9,2,15,2,1,0,1,1,1,2,0
9592,8,4,9,2,6,0,1,1,2,2,0
9593,5,4,11,2,4,0,1,1,2,1,0
9594,6,4,15,2,5,0,1,1,2,2,1
9595,7,6,7,0,10,1,1,1,3,2,0
9596,9,4,9,2,4,5,1,0,2,2,1
9597,5,4,2,0,3,1,1,1,2,2,0
9598,9,4,8,0,4,1,0,1,2,2,0
9599,4,4,9,2,4,0,1,1,0,2,0
9600,10,4,15,2,13,0,1,1,1,2,1
9601,8,4,0,2,7,0,1,1,2,2,1
9602,8,4,11,2,7,0,1,1,2,2,1
9603,7,4,11,2,14,0,1,1,2,2,0
9604,5,4,11,2,6,0,1,1,2,2,1
9605,9,4,12,0,8,4,1,0,2,2,1
9606,4,4,15,4,7,1,1,1,0,2,0
9607,6,4,1,4,8,3,1,0,2,2,0
9608,7,5,9,2,12,0,1,1,2,2,1
9609,7,4,11,2,6,0,1,1,2,2,0
9610,7,4,11,4,1,3,1,0,2,2,0
9611,9,4,15,2,4,5,1,0,2,2,0
9612,5,4,11,4,8,1,1,0,2,2,0
9613,9,4,9,2,10,0,1,1,2,2,1
9614,11,4,8,2,12,0,1,1,2,2,0
9615,3,4,15,4,12,1,1,0,1,2,0
9616,9,4,11,2,7,0,0,1,2,2,0
9617,3,4,15,4,4,1,1,1,0,2,0
9618,7,4,15,2,5,0,1,1,2,2,0
9619,13,2,11,2,3,0,1,1,2,2,0
9620,9,4,15,2,3,0,1,1,3,2,1
9621,5,4,11,2,8,0,0,1,2,2,0
9622,5,4,15,4,4,1,1,1,2,2,0
9623,10,6,2,2,5,0,1,1,2,2,1
9624,6,2,11,2,11,0,1,1,2,2,0
9625,11,4,15,2,12,0,1,1,0,2,0
9626,9,2,11,6,8,1,1,0,2,2,0
9627,3,4,11,4,1,3,1,0,0,2,0
9628,4,4,7,4,8,3,1,0,1,2,0
9629,6,4,11,4,1,3,1,1,2,2,0
9630,6,4,9,2,10,0,1,1,2,2,1
9631,5,7,8,2,10,0,1,1,1,2,0
9632,4,6,11,4,14,1,1,1,2,2,0
9633,4,4,9,4,4,1,1,1,2,2,0
9634,11,6,11,2,1,0,1,1,2,2,0
9635,8,4,15,2,13,0,1,1,2,2,0
9636,4,4,11,4,3,3,1,0,2,2,0
9637,9,1,11,0,10,1,1,1,2,2,0
9638,8,2,9,0,10,1,1,1,1,2,0
9639,12,4,9,2,10,0,1,1,1,4,1
9640,4,4,11,4,3,3,1,1,2,2,0
9641,8,4,7,0,10,4,1,0,2,2,0
9642,4,4,9,4,6,3,1,1,2,2,0
9643,4,4,11,4,6,4,1,1,3,2,0
9644,4,2,9,4,10,2,1,0,1,2,0
9645,9,4,8,2,4,0,1,1,3,2,0
9646,6,4,11,2,12,0,1,1,2,2,1
9647,4,7,9,4,1,1,1,1,1,2,0
9648,16,1,0,2,4,0,1,1,1,2,1
9649,10,4,11,2,8,5,1,0,2,2,0
9650,7,4,11,2,1,0,1,1,2,2,1
9651,9,4,9,0,8,3,1,0,2,2,0
9652,8,4,15,2,1,0,0,1,1,2,1
9653,9,4,1,0,14,1,1,1,1,2,0
9654,7,6,11,4,8,3,1,0,2,1,0
9655,11,4,9,2,14,0,1,1,2,2,1
9656,9,5,11,2,4,0,1,1,2,2,1
9657,7,1,15,4,13,1,1,0,2,2,0
9658,6,4,9,2,10,0,1,1,2,2,1
9659,5,4,11,4,8,3,0,1,2,2,0
9660,9,4,11,2,4,5,1,0,2,2,0
9661,8,4,11,2,6,0,1,1,2,2,0
9662,6,4,11,2,6,0,1,1,1,2,0
9663,10,7,15,0,1,4,1,0,2,2,0
9664,6,4,11,4,8,3,1,1,2,2,0
9665,10,4,9,2,4,5,1,0,0,2,1
9666,9,4,15,0,4,1,1,0,3,2,0
9667,4,5,14,4,4,1,0,0,0,2,1
9668,6,4,11,2,1,0,1,1,2,2,1
9669,7,4,12,4,10,1,1,1,2,1,0
9670,6,4,11,4,3,3,1,1,3,2,0
9671,5,2,11,4,10,3,1,1,2,2,0
9672,9,4,15,2,4,0,1,1,2,2,1
9673,5,4,9,2,1,0,1,1,2,2,1
9674,7,4,9,2,13,0,1,1,1,2,1
9675,11,6,7,4,4,3,1,0,2,2,0
9676,12,2,8,2,10,5,1,0,1,2,1
9677,7,6,11,4,10,3,1,0,2,2,0
9678,3,7,2,4,11,1,0,1,0,2,0
9679,3,4,9,4,3,4,1,1,1,2,0
9680,12,4,12,0,12,1,1,1,2,2,0
9681,5,4,11,4,8,4,0,0,0,2,0
9682,5,0,9,4,0,1,1,0,2,2,0
9683,18,4,11,4,8,3,0,1,1,2,0
9684,7,4,0,2,5,0,1,1,2,2,0
9685,8,4,5,2,6,0,1,1,1,2,1
9686,10,4,7,6,13,1,1,0,2,2,0
9687,9,4,15,4,12,3,1,0,2,2,0
9688,4,0,5,4,6,3,1,1,2,2,0
9689,5,0,2,4,0,4,0,0,1,2,0
9690,3,4,11,4,12,1,1,1,1,2,0
9691,4,4,9,4,1,3,0,0,2,0,0
9692,6,4,8,2,13,0,1,1,2,2,1
9693,7,4,11,4,3,1,1,1,2,2,0
9694,7,4,8,4,1,3,0,0,2,2,0
9695,12,4,4,2,8,0,1,1,2,2,0
9696,10,4,11,6,12,1,1,1,3,2,0
9697,7,4,15,0,7,1,1,0,1,2,0
9698,5,1,9,0,10,1,1,0,1,2,0
9699,5,6,9,2,14,0,1,1,1,2,1
9700,5,5,9,4,10,1,1,0,2,2,0
9701,6,4,7,4,1,1,1,1,2,2,0
9702,11,4,4,2,3,0,1,1,2,2,1
9703,7,7,15,4,4,3,1,1,2,2,0
9704,8,0,11,2,0,0,1,1,0,2,0
9705,5,4,9,4,10,3,1,1,2,2,0
9706,17,7,9,2,4,0,1,1,1,2,1
9707,11,4,11,2,3,0,1,1,1,2,1
9708,6,4,11,2,6,0,1,1,2,2,1
9709,11,4,12,0,10,1,1,1,2,2,0
9710,5,4,9,4,13,1,1,0,2,2,0
9711,8,4,1,0,6,1,1,0,2,2,0
9712,10,4,11,2,3,0,1,1,2,2,1
9713,5,4,4,4,8,1,1,1,2,2,0
9714,6,6,12,4,5,1,1,1,2,2,0
9715,12,4,9,4,12,1,1,1,2,2,0
9716,5,1,11,2,1,0,1,1,1,2,1
9717,5,7,15,4,1,3,1,0,1,2,0
9718,6,7,9,0,10,4,0,0,3,2,0
9719,3,4,9,4,10,3,1,1,1,2,0
9720,8,4,0,4,7,3,0,0,2,2,0
9721,8,4,11,2,14,0,1,1,2,2,0
9722,6,4,4,2,3,0,1,1,2,2,0
9723,10,2,15,4,8,1,1,1,3,2,0
9724,4,4,11,4,14,1,1,1,2,2,1
9725,3,2,0,4,8,3,1,0,1,2,0
9726,7,4,5,2,9,0,1,1,2,2,0
9727,14,4,11,2,8,5,1,0,1,2,0
9728,8,6,15,2,12,0,1,1,3,2,0
9729,6,6,9,2,4,0,1,1,1,2,1
9730,3,4,15,4,3,3,1,1,1,2,0
9731,11,4,9,2,8,0,0,1,2,0,1
9732,4,4,9,4,4,1,1,0,1,2,0
9733,6,4,15,5,12,2,1,1,2,2,0
9734,5,4,8,0,10,4,1,0,2,2,0
9735,4,6,10,4,5,3,1,1,2,2,0
9736,10,4,15,2,12,0,1,1,2,2,1
9737,6,4,11,5,1,4,1,0,1,2,0
9738,10,4,2,2,3,0,1,1,2,2,0
9739,5,4,1,2,3,0,1,1,2,2,0
9740,4,4,15,4,1,4,0,0,2,2,1
9741,5,5,11,5,12,2,1,0,2,2,0
9742,6,4,9,4,1,1,1,0,2,2,0
9743,6,4,9,4,12,1,1,1,2,2,0
9744,11,6,11,2,14,0,1,1,2,2,1
9745,6,4,11,2,8,0,1,1,2,2,1
9746,9,4,9,2,10,0,1,1,2,2,0
9747,4,4,11,2,4,0,1,1,1,2,0
9748,4,1,15,2,10,0,1,1,2,2,0
9749,4,4,11,4,1,3,0,0,1,2,0
9750,5,4,9,4,14,2,1,0,1,2,0
9751,6,4,11,4,3,2,1,1,2,2,0
9752,6,4,15,5,12,1,1,1,2,0,0
9753,10,4,11,2,12,0,1,1,1,2,0
9754,5,4,11,2,8,0,1,1,2,2,1
9755,6,4,11,0,3,2,1,1,2,2,0
9756,4,4,7,4,7,1,1,1,2,2,0
9757,8,4,6,4,7,3,1,1,3,2,0
9758,4,4,11,4,5,1,1,1,2,2,0
9759,9,2,9,0,10,4,1,0,2,2,0
9760,4,4,15,4,8,1,0,0,2,2,0
9761,9,4,11,2,12,0,1,1,2,2,0
9762,6,4,11,2,1,0,0,1,2,4,0
9763,8,6,12,0,10,1,1,0,2,2,0
9764,5,4,15,2,12,0,1,1,2,2,1
9765,7,6,1,2,3,0,0,1,2,4,1
9766,8,0,15,2,0,0,1,1,2,2,0
9767,8,4,1,2,3,0,1,1,2,2,0
9768,8,4,9,6,10,1,1,0,2,2,0
9769,6,4,11,4,1,3,1,0,2,2,0
9770,7,4,11,0,1,4,1,0,2,2,1
9771,6,6,15,2,10,0,1,1,2,2,0
9772,10,5,9,2,12,0,0,1,2,2,1
9773,10,4,8,2,13,0,1,1,2,2,1
9774,8,4,12,2,4,0,0,1,2,2,0
9775,6,4,9,5,4,1,1,0,2,2,1
9776,11,5,15,2,4,0,1,1,2,2,0
9777,7,4,11,5,1,4,1,0,2,2,0
9778,12,4,12,2,10,5,1,0,2,2,0
9779,5,4,15,4,12,3,1,0,3,2,0
9780,3,4,9,4,4,1,1,1,0,2,0
9781,10,4,11,2,7,0,0,1,3,0,0
9782,3,4,8,4,12,3,1,1,2,2,0
9783,5,4,15,4,1,4,1,0,1,2,0
9784,4,6,11,4,5,1,1,1,1,2,0
9785,5,4,15,4,1,1,0,0,2,0,0
9786,3,4,11,4,8,3,0,0,2,2,0
9787,8,4,10,2,10,0,1,1,3,2,0
9788,9,4,11,4,8,1,1,1,1,2,0
9789,4,7,1,4,11,1,1,1,3,2,0
9790,7,4,15,2,4,0,1,1,3,2,1
9791,4,4,11,4,8,3,1,0,0,2,0
9792,11,4,0,2,5,0,1,1,2,2,0
9793,12,4,5,6,9,4,1,0,2,1,0
9794,10,4,15,2,8,5,1,0,2,2,0
9795,3,4,11,4,4,3,1,1,2,2,0
9796,13,4,1,6,12,1,1,1,2,2,0
9797,9,4,11,0,7,4,1,1,2,2,0
9798,8,4,0,2,3,0,1,1,2,2,1
9799,8,6,9,2,4,5,1,0,1,2,1
9800,5,4,1,4,3,3,1,1,1,2,0
9801,12,4,1,2,7,0,1,1,1,2,1
9802,4,4,15,4,14,1,1,1,1,2,0
9803,4,4,15,4,10,1,0,0,0,2,0
9804,4,4,12,4,10,1,1,0,1,2,0
9805,7,6,11,4,5,3,1,1,2,2,0
9806,5,4,11,4,4,1,1,0,2,2,0
9807,6,4,7,4,12,3,1,0,2,2,0
9808,6,4,15,3,10,1,1,0,2,2,0
9809,8,4,15,5,13,2,0,1,2,2,0
9810,5,4,15,2,10,0,1,1,2,2,1
9811,7,4,11,2,3,0,1,1,2,2,1
9812,4,4,15,4,13,3,0,1,1,2,0
9813,4,4,11,2,8,0,1,1,1,2,0
9814,9,2,11,2,4,0,1,1,2,2,1
9815,10,4,11,2,14,0,0,1,2,2,1
9816,5,2,1,4,11,3,1,1,1,2,0
9817,7,4,9,0,11,4,1,0,2,2,0
9818,10,1,7,2,4,0,1,1,2,2,0
9819,12,0,1,2,0,0,1,1,2,2,0
9820,13,4,11,2,3,0,1,1,1,2,1
9821,8,4,9,2,8,0,1,1,3,2,1
9822,11,4,9,0,8,4,1,0,1,2,0
9823,3,2,14,4,10,3,1,0,3,2,0
9824,9,2,9,2,10,0,1,1,2,2,1
9825,5,4,11,4,8,1,1,0,2,2,0
9826,12,4,11,6,8,1,1,0,0,2,0
9827,7,4,9,2,1,0,1,1,1,2,1
9828,4,6,15,4,7,2,1,1,2,2,0
9829,6,4,9,0,1,4,0,1,2,2,0
9830,4,4,2,4,6,1,0,1,1,2,0
9831,7,5,11,2,3,0,1,1,2,2,1
9832,10,4,11,0,14,1,1,0,2,2,0
9833,8,4,11,5,5,1,1,1,2,2,1
9834,6,4,0,0,8,1,1,0,2,2,0
9835,4,4,11,4,8,3,1,0,2,2,0
9836,8,4,11,2,1,0,1,1,2,2,0
9837,11,0,8,2,0,0,1,1,2,2,0
9838,3,4,11,4,4,1,1,1,0,2,1
9839,7,2,12,0,4,4,0,0,2,2,0
9840,8,2,15,5,8,1,1,0,2,2,0
9841,4,6,12,4,4,1,1,0,2,2,0
9842,8,7,11,4,8,1,1,0,3,2,0
9843,12,4,15,2,12,5,1,0,2,2,0
9844,8,4,12,2,10,0,1,1,1,2,1
9845,5,7,15,4,10,3,1,0,2,2,0
9846,11,4,8,2,10,0,1,1,2,4,0
9847,9,4,15,2,3,0,1,1,2,2,1
9848,7,4,11,2,12,0,1,1,2,2,0
9849,9,4,11,5,6,2,1,0,1,2,0
9850,3,4,12,4,12,4,0,0,1,0,0
9851,5,4,9,2,14,0,1,1,2,2,0
9852,3,4,11,4,12,1,1,0,0,2,0
9853,3,4,9,5,12,2,1,1,1,2,0
9854,10,4,7,2,4,0,1,1,2,0,1
9855,9,6,11,2,12,0,1,1,2,2,1
9856,8,4,8,5,10,2,1,1,2,2,0
9857,10,4,15,4,4,1,1,1,2,2,0
9858,5,4,11,4,1,1,1,0,2,2,0
9859,5,4,9,2,4,0,1,1,2,2,1
9860,6,4,15,2,12,0,1,1,3,2,0
9861,5,4,11,4,12,2,1,1,1,2,0
9862,4,4,5,2,3,0,1,1,2,2,0
9863,12,2,9,0,13,1,1,1,2,2,0
9864,3,4,12,4,10,3,1,0,0,2,0
9865,6,4,11,2,13,5,1,0,2,2,1
9866,3,4,11,4,12,1,1,1,1,2,0
9867,6,4,9,2,4,0,0,1,2,2,1
9868,6,4,9,2,12,0,1,1,2,2,1
9869,5,4,8,0,3,1,1,1,2,2,0
9870,11,4,11,2,3,0,1,1,3,2,0
9871,6,2,15,4,4,1,0,1,2,2,0
9872,7,4,15,0,8,1,1,1,3,2,0
9873,6,2,14,0,10,1,1,0,2,2,0
9874,10,0,11,2,0,0,1,1,2,2,0
9875,8,5,8,2,3,0,1,1,2,2,1
9876,6,4,11,0,12,1,1,0,2,2,0
9877,5,4,11,4,7,1,1,1,2,2,0
9878,4,2,14,4,10,4,1,0,2,2,0
9879,5,5,15,2,12,0,0,1,2,2,1
9880,7,4,9,4,13,1,1,0,2,2,0
9881,12,4,11,0,1,1,1,1,1,2,0
9882,7,4,11,2,14,0,1,1,2,2,1
9883,13,4,9,2,4,0,1,1,2,2,1
9884,7,4,9,2,4,0,1,1,2,2,0
9885,6,6,11,4,4,2,0,0,1,2,0
9886,7,4,9,2,13,0,1,1,3,2,1
9887,5,4,9,2,10,0,1,1,2,2,0
9888,4,4,11,3,4,4,1,0,2,2,0
9889,3,4,11,4,1,1,1,0,1,2,0
9890,9,4,15,2,12,0,1,1,2,2,0
9891,5,4,8,4,12,2,1,0,2,2,0
9892,3,4,8,4,13,3,1,1,1,2,0
9893,12,6,0,2,3,0,1,1,2,2,1
9894,9,4,11,0,12,2,1,0,2,2,0
9895,4,4,7,4,12,1,1,0,1,2,0
9896,8,4,9,2,1,0,0,1,2,2,1
9897,6,4,11,4,12,1,1,1,1,2,1
9898,11,4,7,2,1,0,0,1,2,2,0
9899,3,0,15,4,8,3,1,0,3,2,0
9900,10,4,11,2,8,0,0,1,3,2,1
9901,7,4,11,2,6,0,1,1,2,2,1
9902,14,4,15,0,8,1,1,0,0,2,0
9903,14,4,11,3,3,1,1,1,1,2,0
9904,5,4,11,4,12,1,1,1,2,2,0
9905,5,5,1,4,3,3,1,1,3,2,0
9906,7,1,9,4,10,4,1,0,2,2,0
9907,10,4,7,2,10,5,1,0,2,2,0
9908,9,4,11,5,7,1,1,1,2,2,0
9909,5,4,11,2,10,0,1,1,2,2,0
9910,9,4,1,2,8,0,1,1,2,2,0
9911,9,4,15,2,3,0,1,1,2,2,0
9912,6,4,10,4,10,3,1,1,3,2,0
9913,4,4,15,2,10,0,1,1,2,2,0
9914,9,4,6,0,8,1,1,1,2,1,1
9915,7,4,9,4,1,3,1,0,2,2,0
9916,7,0,9,4,0,1,1,1,2,2,0
9917,4,2,9,4,4,3,1,0,1,2,0
9918,8,4,15,0,8,1,1,0,1,2,0
9919,4,2,11,4,14,1,1,0,2,2,0
9920,6,4,12,4,4,3,1,1,2,2,0
9921,4,4,12,4,8,3,0,0,1,2,0
9922,3,4,11,4,4,1,1,1,1,2,0
9923,7,4,5,2,5,0,1,1,2,2,0
9924,5,4,11,4,6,3,1,1,2,2,0
9925,8,4,15,2,4,0,1,1,3,2,1
9926,8,4,15,2,12,0,1,1,2,2,0
9927,7,4,15,2,14,0,1,1,2,2,1
9928,6,5,15,5,4,2,1,1,1,2,1
9929,3,4,4,4,8,4,1,0,0,2,0
9930,8,4,11,2,7,0,1,1,3,2,1
9931,11,4,9,4,1,3,1,0,2,2,0
9932,12,4,11,6,1,1,0,0,2,2,0
9933,6,4,1,2,7,3,0,1,2,2,0
9934,5,4,9,4,6,1,1,0,2,2,1
9935,12,4,11,5,8,4,1,0,2,2,0
9936,4,6,15,5,12,4,1,0,0,2,0
9937,7,4,10,2,1,0,1,1,2,2,1
9938,10,4,11,2,7,0,0,1,2,2,1
9939,8,4,9,2,4,0,1,1,2,2,0
9940,12,4,11,2,7,0,1,1,1,2,1
9941,5,4,15,4,4,4,1,0,2,2,0
9942,8,4,15,2,8,0,0,1,2,2,1
9943,12,4,0,2,8,0,0,1,2,0,0
9944,11,4,10,2,10,0,0,1,2,2,0
9945,6,4,12,4,10,3,0,0,2,0,0
9946,4,4,7,4,12,3,1,0,2,2,0
9947,6,4,11,4,7,3,1,0,2,2,0
9948,9,4,9,2,4,0,0,1,2,2,1
9949,6,4,9,2,4,0,1,1,2,2,0
9950,7,4,9,2,10,0,1,1,2,2,0
9951,12,4,1,2,7,0,1,1,2,2,0
9952,4,4,2,4,13,3,1,1,2,2,0
9953,14,4,9,2,12,0,0,1,2,2,0
9954,9,4,15,0,12,4,1,0,2,2,0
9955,8,4,11,2,6,0,1,1,1,2,0
9956,4,0,15,0,0,1,1,0,2,2,1
9957,5,4,0,4,8,4,1,0,2,2,0
9958,5,6,15,2,12,0,1,1,2,2,0
9959,10,4,15,2,7,0,1,1,2,2,1
9960,10,6,7,0,12,1,1,1,2,2,0
9961,6,4,8,2,4,0,0,1,1,2,0
9962,9,2,12,4,10,1,1,0,2,2,0
9963,7,4,15,2,1,0,0,1,2,2,0
9964,4,7,9,4,10,1,1,1,2,2,0
9965,6,4,1,2,7,0,1,1,2,2,0
9966,7,4,12,2,10,0,1,1,2,2,0
9967,5,4,11,0,4,4,1,0,1,2,0
9968,6,4,15,2,10,0,1,1,2,2,1
9969,6,7,9,2,11,0,0,1,2,2,1
9970,9,4,11,2,6,0,1,1,1,2,0
9971,13,0,15,2,0,0,1,1,1,2,0
9972,11,1,7,2,10,0,1,1,3,2,1
9973,8,4,7,2,3,0,0,1,2,2,1
9974,3,4,15,4,1,4,1,0,1,2,0
9975,6,4,14,4,10,4,0,0,2,2,1
9976,5,4,9,2,4,0,1,1,2,2,0
9977,10,6,15,2,4,0,1,1,0,2,1
9978,6,4,1,2,14,0,1,1,1,2,1
9979,6,4,0,2,5,0,1,1,1,2,0
9980,11,6,11,0,3,1,1,1,2,2,0
9981,5,4,15,2,7,0,1,1,2,2,1
9982,7,4,9,2,10,0,1,1,1,2,0
9983,5,6,1,2,3,0,1,1,2,2,0
9984,5,4,8,4,3,1,1,1,0,2,0
9985,3,4,12,4,10,1,1,1,1,2,0
9986,9,4,15,2,12,0,1,1,2,2,1
9987,8,7,5,0,8,4,1,0,2,2,0
9988,12,4,15,2,6,0,1,1,1,2,0
9989,7,6,1,0,8,4,1,0,2,2,0
9990,3,4,11,4,13,1,1,0,2,2,1
9991,11,4,15,2,4,0,1,1,1,2,1
9992,8,4,11,4,3,3,0,1,2,2,0
9993,10,4,11,2,7,0,1,1,2,4,0
9994,6,4,11,4,1,2,0,0,1,0,0
9995,6,4,11,2,14,0,1,1,2,2,1
9996,4,6,9,4,4,1,1,0,1,2,0
9997,15,4,12,6,10,4,1,0,0,2,0
9998,4,4,15,4,1,1,1,0,2,2,0
9999,7,5,15,4,4,1,1,1,2,2,1
10000,5,4,11,4,3,1,1,1,2,2,0
10001,9,4,11,0,7,4,1,0,1,3,0
10002,6,6,11,2,5,0,1,1,3,2,1
10003,6,4,15,2,12,0,1,1,4,2,1
10004,15,4,15,6,10,1,1,1,3,2,0
10005,7,6,11,2,5,0,1,1,2,2,0
10006,4,4,15,4,12,3,1,0,1,2,0
10007,4,7,11,4,1,3,1,1,3,2,0
10008,6,4,7,2,12,0,1,1,2,2,0
10009,7,4,15,2,12,5,1,0,2,2,1
10010,6,4,15,2,6,0,1,1,2,2,1
10011,7,6,11,2,5,0,1,1,3,2,1
10012,3,6,5,4,8,3,1,1,2,2,0
10013,6,4,15,2,7,0,0,1,2,2,0
10014,8,0,11,4,0,2,1,0,3,2,0
10015,15,4,15,0,4,1,1,1,3,2,0
10016,7,4,7,2,12,0,1,1,3,4,0
10017,7,4,11,2,7,0,1,1,1,2,1
10018,4,4,11,4,3,1,1,1,2,2,0
10019,6,4,9,4,1,1,1,1,2,2,0
10020,11,4,15,2,8,0,1,1,2,2,1
10021,15,4,11,6,1,4,0,0,0,0,0
10022,11,4,9,2,12,5,1,0,2,2,0
10023,6,4,11,2,8,0,1,1,2,2,1
10024,4,4,15,2,7,0,1,1,2,0,0
10025,8,7,12,4,10,3,1,1,2,2,0
10026,8,4,15,2,6,0,1,1,2,2,0
10027,7,4,15,2,8,5,1,0,2,2,1
10028,4,4,1,4,3,3,1,1,2,2,0
10029,10,4,9,4,1,2,1,0,2,4,0
10030,6,4,1,4,14,1,1,0,2,2,0
10031,9,4,15,2,3,0,1,1,2,2,0
10032,11,7,8,4,2,1,0,0,2,2,0
10033,8,6,9,2,10,0,1,1,2,2,1
10034,4,6,11,4,8,1,1,0,0,2,0
10035,9,4,15,2,3,0,1,1,3,2,1
10036,13,4,11,2,5,0,1,1,1,2,1
10037,5,4,9,4,4,1,1,0,2,2,0
10038,10,4,15,2,3,5,1,0,1,1,0
10039,5,4,15,4,8,3,1,0,2,2,0
10040,10,4,9,2,12,0,1,1,2,2,0
10041,9,4,11,0,1,4,1,0,3,1,0
10042,8,4,15,6,1,1,1,0,2,2,0
10043,6,5,11,4,12,3,1,1,2,2,0
10044,11,4,9,0,10,1,1,0,1,2,0
10045,7,4,9,2,4,0,1,1,1,2,1
10046,13,4,15,2,7,0,1,1,0,2,1
10047,5,2,9,4,10,1,1,0,2,2,0
10048,10,4,9,2,13,0,1,1,2,2,1
10049,10,7,8,2,4,0,1,1,2,2,1
10050,18,0,15,4,0,3,1,1,1,2,0
10051,6,2,9,4,1,1,1,0,2,2,0
10052,6,4,15,4,1,1,0,0,2,2,0
10053,9,4,11,2,12,0,1,1,2,2,0
10054,5,7,15,2,11,0,0,1,2,2,1
10055,8,4,15,3,4,1,1,1,3,2,0
10056,4,4,12,4,4,3,1,0,2,2,0
10057,6,7,12,4,10,4,1,0,2,2,0
10058,5,4,11,4,8,1,1,0,2,2,0
10059,6,4,15,5,12,1,0,1,2,0,0
10060,4,4,11,4,1,1,0,0,2,2,0
10061,8,4,8,4,1,3,1,0,2,2,0
10062,8,4,8,0,6,4,1,1,1,2,0
10063,10,2,11,2,14,0,1,1,2,2,0
10064,4,4,15,4,10,1,1,0,1,2,0
10065,11,4,9,0,8,1,0,0,1,2,0
10066,10,4,0,6,7,4,0,0,2,2,0
10067,7,4,9,5,12,4,1,0,3,2,0
10068,6,4,11,4,8,3,1,0,2,2,0
10069,10,2,9,2,14,0,1,1,2,2,0
10070,6,4,11,2,14,0,1,1,2,2,0
10071,7,4,11,4,12,3,1,1,2,2,0
10072,9,0,15,5,0,1,1,0,2,2,0
10073,5,4,12,4,10,3,1,1,2,2,1
10074,6,4,15,2,8,0,1,1,2,2,0
10075,7,6,11,5,3,1,1,1,2,2,0
10076,7,4,11,2,3,0,1,1,2,2,0
10077,12,4,9,6,12,3,0,1,2,2,0
10078,10,0,2,2,0,0,1,1,2,2,1
10079,8,4,15,2,12,0,1,1,2,2,1
10080,10,4,8,6,12,4,1,0,2,2,0
10081,4,4,15,4,1,4,0,0,2,2,0
10082,7,4,7,5,7,2,1,1,2,2,0
10083,10,2,11,0,3,0,1,1,2,2,0
10084,7,4,5,4,6,1,1,1,2,2,0
10085,7,4,15,4,1,4,1,0,2,2,0
10086,12,4,9,2,12,0,1,1,2,2,0
10087,6,4,11,5,1,1,1,0,2,2,0
10088,10,4,11,2,7,0,1,1,2,2,0
10089,6,6,0,2,5,0,1,1,2,2,0
10090,5,4,12,4,4,1,1,0,2,2,0
10091,8,4,7,2,1,0,1,1,3,2,1
10092,5,4,11,4,7,1,1,1,1,2,0
10093,9,4,9,0,10,1,1,0,3,2,0
10094,15,4,11,6,3,1,1,1,0,2,0
10095,10,5,11,2,4,0,1,1,2,2,1
10096,5,4,11,4,1,1,0,0,2,2,0
10097,8,4,11,2,7,0,1,1,2,2,1
10098,5,4,15,4,8,1,0,0,2,2,0
10099,7,4,11,2,3,0,1,1,2,2,1
10100,6,4,11,4,8,1,1,0,2,2,0
10101,8,2,11,2,10,0,1,1,2,2,1
10102,12,4,8,2,8,0,1,1,2,2,0
10103,11,4,9,2,4,0,1,1,2,2,0
10104,7,4,15,5,6,1,1,1,2,2,0
10105,5,4,11,4,1,1,1,0,2,2,0
10106,5,4,8,2,7,0,1,1,2,2,0
10107,4,4,14,4,4,1,1,0,1,2,0
10108,4,2,15,4,1,3,1,0,1,2,0
10109,4,4,11,4,3,3,1,1,0,2,0
10110,6,4,1,5,6,4,1,1,2,2,0
10111,4,2,1,4,14,3,1,1,0,2,0
10112,14,1,15,2,13,0,1,1,1,2,1
10113,6,2,12,4,10,3,1,0,2,2,0
10114,6,4,15,2,12,0,0,1,2,2,1
10115,5,4,15,2,3,0,1,1,2,2,1
10116,4,4,15,4,8,3,1,1,2,2,0
10117,5,0,15,4,0,4,1,1,3,2,0
10118,9,4,15,2,7,0,1,1,2,0,0
10119,6,4,11,2,14,3,0,0,1,0,0
10120,9,4,3,0,13,3,1,1,2,2,0
10121,6,4,11,4,8,1,0,1,3,2,0
10122,9,4,15,2,14,0,1,1,2,2,0
10123,7,4,5,4,9,3,1,0,3,2,0
10124,6,7,9,0,1,1,1,0,2,2,0
10125,10,4,9,4,4,1,1,1,2,2,0
10126,11,5,11,2,12,0,0,1,2,2,1
10127,5,4,11,4,4,1,1,0,2,2,0
10128,4,4,15,4,12,2,1,1,1,2,0
10129,4,2,9,4,1,3,1,0,3,2,0
10130,10,5,9,2,4,0,1,1,2,2,0
10131,6,4,11,2,12,0,1,1,2,2,1
10132,8,4,1,2,3,0,0,1,3,0,1
10133,6,4,11,2,1,0,0,1,0,2,1
10134,10,2,0,2,14,0,0,1,2,2,0
10135,7,4,11,2,7,0,1,1,2,2,0
10136,3,4,11,5,7,4,1,1,0,2,0
10137,7,4,11,2,8,0,1,1,2,2,0
10138,8,4,15,6,7,1,1,0,2,2,0
10139,6,4,9,4,8,3,1,0,2,2,0
10140,7,4,9,2,10,5,1,0,2,2,1
10141,7,4,11,2,8,0,0,1,2,2,1
10142,6,4,15,4,7,1,0,1,2,0,0
10143,9,6,11,2,8,0,1,1,2,2,0
10144,5,4,9,2,4,5,1,0,2,2,0
10145,5,5,9,2,4,0,1,1,2,1,1
10146,6,4,9,2,12,0,1,1,2,2,0
10147,9,4,11,5,4,4,1,0,2,2,0
10148,4,6,9,4,12,3,1,1,1,2,0
10149,7,2,1,2,14,0,1,1,2,2,1
10150,6,4,15,4,6,1,1,1,2,2,0
10151,7,4,11,2,3,0,1,1,2,2,1
10152,11,4,8,2,6,0,1,1,1,2,1
10153,13,5,9,2,13,0,1,1,2,2,0
10154,7,4,15,4,12,3,1,1,3,2,0
10155,5,5,9,4,4,1,1,0,2,2,0
10156,8,4,15,0,8,1,1,0,2,2,0
10157,8,2,14,4,10,3,1,1,2,2,0
10158,8,4,11,6,1,4,1,0,3,2,0
10159,8,4,11,2,7,0,1,1,3,2,1
10160,12,2,15,0,1,4,1,0,2,2,0
10161,9,2,12,2,10,0,1,1,2,2,0
10162,3,6,0,4,5,3,1,1,0,2,0
10163,7,3,11,2,5,0,1,1,2,2,0
10164,8,4,11,2,3,0,1,1,2,2,1
10165,4,4,11,4,3,1,1,1,1,2,0
10166,12,5,11,2,4,0,1,1,2,2,1
10167,12,0,11,0,0,4,0,0,4,2,0
10168,9,4,7,4,1,1,1,0,2,2,0
10169,5,4,15,2,3,0,1,1,3,2,1
10170,5,7,9,4,11,3,1,1,2,2,0
10171,4,4,9,4,12,1,0,1,2,2,0
10172,7,4,11,2,14,0,1,1,1,2,0
10173,3,5,15,4,12,3,1,1,0,2,0
10174,6,4,12,5,10,1,0,1,2,2,0
10175,8,0,9,5,0,4,1,1,2,2,0
10176,4,1,14,4,10,3,1,0,2,2,0
10177,5,4,0,4,8,1,1,0,2,2,0
10178,9,4,15,2,1,0,1,1,1,2,1
10179,4,4,15,4,8,3,1,0,2,2,0
10180,12,4,15,2,8,0,1,1,2,2,1
10181,7,4,9,4,4,1,1,1,2,2,0
10182,4,4,11,4,3,1,1,0,2,2,0
10183,4,6,11,4,8,1,1,1,1,2,0
10184,3,4,1,4,3,3,1,1,1,2,0
10185,11,7,9,5,10,4,1,1,3,2,0
10186,8,4,15,2,3,0,1,1,2,2,1
10187,7,6,8,2,14,0,1,1,2,2,1
10188,8,4,11,2,12,0,1,1,2,2,0
10189,8,4,11,2,6,0,1,1,2,2,0
10190,10,4,12,4,10,1,1,0,2,2,0
10191,6,4,0,4,1,1,1,0,2,2,0
10192,8,4,11,2,14,0,1,1,3,2,1
10193,7,4,15,2,6,0,1,1,2,2,0
10194,9,4,10,2,10,0,1,1,1,2,1
10195,6,4,15,4,3,3,1,1,3,2,0
10196,9,4,11,2,7,0,0,1,2,2,0
10197,8,4,15,0,13,1,1,1,3,2,0
10198,5,4,11,0,1,1,0,1,2,2,0
10199,4,4,11,4,8,1,1,1,1,2,0
10200,4,4,11,4,1,4,1,0,1,2,0
10201,5,4,15,4,1,2,1,0,2,2,0
10202,5,1,5,4,6,3,0,0,2,0,0
10203,7,4,9,2,4,0,1,1,1,2,0
10204,6,1,9,0,10,4,1,0,2,2,0
10205,6,6,15,2,1,5,1,0,2,2,0
10206,8,4,11,4,4,2,1,1,2,2,0
10207,8,4,12,5,10,4,1,0,2,2,0
10208,11,4,11,0,14,2,1,0,1,2,0
10209,5,7,11,4,1,1,1,0,2,2,0
10210,5,2,9,4,10,1,1,1,1,2,0
10211,6,4,11,2,6,0,0,1,2,2,0
10212,9,4,9,2,1,0,1,1,3,2,0
10213,12,4,8,2,7,0,1,1,2,2,1
10214,8,4,15,2,1,0,1,1,1,2,1
10215,12,0,13,2,0,0,1,1,2,2,1
10216,10,5,11,2,4,0,1,1,2,2,0
10217,4,4,11,4,7,4,1,0,2,2,0
10218,5,4,9,4,12,3,1,1,1,2,0
10219,5,6,11,4,12,3,1,1,1,2,0
10220,8,6,5,3,5,1,1,1,2,2,0
10221,12,4,9,3,10,1,1,1,0,2,0
10222,8,6,11,2,5,0,1,1,2,2,1
10223,8,4,11,2,4,0,1,1,2,2,1
10224,8,4,9,2,12,0,1,1,2,2,0
10225,8,4,0,0,3,1,1,1,2,2,0
10226,12,4,15,2,3,0,1,1,4,2,0
10227,8,4,0,2,3,0,1,1,2,2,0
10228,4,6,7,4,4,3,0,1,2,2,0
10229,9,4,15,2,12,0,1,1,2,2,1
10230,10,4,11,4,14,1,1,1,2,2,1
10231,11,4,8,4,1,1,1,0,2,2,1
10232,9,1,15,4,10,3,1,0,1,2,0
10233,13,4,5,2,6,0,1,1,2,2,0
10234,8,6,11,2,5,0,1,1,2,2,0
10235,12,4,15,2,8,0,1,1,2,2,1
10236,3,6,15,4,10,3,1,1,1,2,0
10237,7,0,10,4,0,3,1,1,1,1,0
10238,4,4,11,4,11,3,1,1,2,2,0
10239,9,4,11,0,7,1,1,1,2,4,0
10240,9,4,11,2,1,3,1,0,2,2,0
10241,13,4,11,0,1,1,1,0,1,2,0
10242,8,4,15,2,1,0,1,1,2,4,1
10243,8,6,9,4,10,1,0,1,2,2,0
10244,5,4,15,4,3,1,1,0,2,2,0
10245,3,4,15,4,1,3,1,0,2,2,0
10246,6,4,15,4,12,1,1,0,2,2,0
10247,10,4,15,2,1,0,1,1,2,2,0
10248,8,4,15,4,8,1,1,1,1,2,1
10249,10,2,9,2,4,0,1,1,2,2,1
10250,11,6,3,2,8,5,1,0,2,2,1
10251,13,4,9,2,6,0,0,1,1,2,0
10252,17,4,6,5,8,1,1,1,1,2,0
10253,9,4,11,2,12,5,0,0,2,0,0
10254,10,4,15,2,5,0,1,1,2,2,0
10255,5,4,11,4,12,3,1,0,2,2,0
10256,10,6,5,4,5,3,1,1,0,2,0
10257,8,4,2,2,9,0,0,1,2,2,0
10258,8,1,8,2,13,5,1,0,1,2,0
10259,11,2,15,2,8,0,1,1,2,2,1
10260,10,2,8,2,1,5,1,0,2,2,1
10261,3,4,15,4,14,3,1,1,1,2,0
10262,5,6,7,4,12,3,1,1,0,2,0
10263,5,4,0,4,8,1,1,0,2,2,0
10264,4,4,11,4,6,3,1,1,2,2,0
10265,5,4,6,4,12,1,1,0,2,2,0
10266,14,6,15,2,5,0,1,1,0,2,0
10267,6,4,10,4,7,1,1,1,0,2,0
10268,4,4,11,4,1,3,0,1,2,2,0
10269,9,0,11,4,0,2,1,0,2,2,0
10270,9,4,11,2,3,0,0,1,3,2,0
10271,5,5,12,2,10,0,1,1,2,3,0
10272,11,4,11,2,8,0,0,1,2,0,1
10273,4,4,15,4,7,3,0,1,2,2,0
10274,10,4,15,2,4,0,1,1,2,0,0
10275,10,0,11,2,0,0,0,1,2,2,0
10276,4,4,11,0,4,1,1,1,2,1,0
10277,5,4,0,2,14,0,1,1,2,2,1
10278,8,4,11,2,4,0,1,1,2,2,1
10279,9,4,12,0,4,4,1,0,2,2,0
10280,9,4,11,2,14,5,1,0,2,2,1
10281,10,4,11,2,7,0,1,1,2,2,1
10282,12,4,11,2,7,0,1,1,0,4,1
10283,6,1,11,0,1,4,1,0,2,1,0
10284,4,4,9,4,4,3,1,1,2,2,0
10285,8,4,11,2,8,0,1,1,1,2,0
10286,11,4,11,2,4,0,1,1,2,2,1
10287,5,4,11,4,12,3,1,1,1,2,0
10288,8,4,9,0,4,1,1,1,2,2,0
10289,7,2,15,5,10,1,0,1,2,2,0
10290,9,4,11,2,6,0,1,1,2,2,1
10291,7,4,12,2,4,0,1,1,2,2,1
10292,4,4,9,4,4,1,1,1,2,2,0
10293,8,6,2,2,5,0,1,1,2,2,0
10294,8,4,11,2,6,0,0,1,2,2,1
10295,4,1,11,4,1,3,1,0,2,2,0
10296,9,0,11,2,0,0,1,1,1,4,1
10297,8,2,9,2,10,0,1,1,2,2,0
10298,8,4,15,5,1,4,1,0,2,2,0
10299,8,4,9,4,14,1,1,1,1,2,0
10300,11,4,15,0,6,4,1,0,1,2,0
10301,10,4,11,2,14,0,1,1,2,2,0
10302,8,4,8,0,1,4,1,0,2,2,1
10303,10,4,11,2,8,0,1,1,2,2,0
10304,5,6,11,4,12,4,0,0,1,2,0
10305,12,4,5,0,14,3,1,0,2,2,0
10306,9,4,11,2,3,5,1,1,2,2,0
10307,16,6,7,4,10,3,1,1,1,2,0
10308,13,4,9,2,12,0,1,1,0,2,1
10309,9,4,4,2,3,0,0,1,1,2,0
10310,8,4,9,2,10,0,1,1,2,2,1
10311,7,2,11,5,1,1,1,0,2,2,0
10312,8,4,15,2,1,5,1,0,2,2,1
10313,6,4,9,2,12,0,0,1,3,2,1
10314,8,4,8,4,3,3,1,0,2,2,0
10315,4,4,11,4,1,1,0,0,1,2,0
10316,4,4,11,4,3,3,1,1,2,1,0
10317,8,4,11,2,6,0,1,1,2,2,0
10318,4,5,15,3,10,4,0,0,1,2,0
10319,3,4,14,4,10,1,1,1,0,2,0
10320,6,2,11,2,11,0,1,1,3,2,1
10321,4,4,9,4,12,2,1,1,2,2,0
10322,7,8,6,2,6,0,0,1,2,2,1
10323,7,4,15,0,4,4,1,1,2,2,0
10324,3,4,9,4,8,3,0,1,3,2,0
10325,4,4,10,4,10,1,1,1,0,2,0
10326,11,2,11,2,3,0,1,1,2,2,1
10327,5,4,11,4,8,1,1,0,2,2,0
10328,4,6,11,4,3,3,1,1,2,2,0
10329,6,4,15,2,3,0,1,1,1,2,0
10330,7,4,9,2,12,0,1,1,2,2,1
10331,12,4,9,2,4,0,1,1,2,2,0
10332,14,4,11,5,5,4,1,1,1,2,0
10333,8,4,9,0,7,4,1,0,2,2,0
10334,9,4,8,0,1,0,0,1,1,0,1
10335,10,2,15,0,8,3,1,0,2,2,0
10336,6,0,11,2,0,5,1,0,1,2,1
10337,10,4,12,2,8,0,1,1,2,2,0
10338,6,4,6,0,7,2,1,1,1,2,0
10339,6,4,11,4,12,1,1,1,3,2,0
10340,3,4,1,4,3,1,1,1,1,2,0
10341,4,4,5,4,10,1,1,1,2,2,0
10342,6,4,15,5,12,4,1,0,0,2,0
10343,11,4,9,2,4,5,1,0,2,2,0
10344,6,6,15,2,4,0,1,1,0,2,0
10345,5,4,15,4,7,1,1,1,2,2,0
10346,16,4,7,4,8,4,1,0,1,2,0
10347,7,7,9,2,10,0,1,1,2,2,0
10348,8,4,12,2,12,0,1,1,2,2,0
10349,10,4,8,2,3,0,1,1,2,2,0
10350,13,7,5,2,10,0,1,1,2,2,1
10351,3,4,9,4,4,1,1,1,1,2,1
10352,4,4,15,4,3,1,1,1,2,2,0
10353,7,4,15,2,12,0,1,1,2,2,0
10354,3,4,12,4,4,1,1,0,2,2,0
10355,4,2,9,4,10,1,1,0,1,2,0
10356,9,4,15,2,1,0,1,1,2,2,1
10357,6,4,14,4,10,3,1,1,2,2,0
10358,9,4,7,4,10,3,1,0,2,2,0
10359,15,4,8,6,7,1,0,0,3,2,0
10360,5,4,15,4,1,1,1,0,1,2,0
10361,15,4,15,6,1,4,1,0,3,2,0
10362,5,6,11,4,12,1,1,1,1,2,0
10363,9,4,11,2,3,0,1,1,2,2,0
10364,4,2,9,4,8,1,0,0,2,2,1
10365,5,4,9,4,10,3,1,1,1,2,0
10366,9,4,11,2,14,0,1,1,2,2,0
10367,6,2,2,2,11,0,1,1,2,2,0
10368,11,4,7,0,4,3,1,1,2,2,0
10369,11,4,9,2,4,0,1,1,0,2,1
10370,5,4,15,4,1,1,1,0,2,2,0
10371,5,4,7,4,12,1,1,0,2,2,0
10372,7,4,11,2,4,0,1,1,2,2,0
10373,4,4,12,4,10,3,1,0,1,2,0
10374,15,5,15,2,12,0,0,1,0,2,1
10375,9,6,11,2,5,0,1,1,1,2,1
10376,5,4,15,2,3,0,1,1,3,2,0
10377,6,4,15,0,3,1,1,0,2,2,0
10378,12,4,12,2,8,5,1,0,2,2,1
10379,8,4,15,0,8,4,1,0,2,2,0
10380,5,4,15,2,10,0,1,1,2,2,0
10381,8,4,11,2,13,0,1,1,3,2,0
10382,7,4,15,2,1,0,1,1,2,2,0
10383,5,4,6,4,8,1,1,1,2,2,0
10384,5,4,9,2,7,5,1,0,2,2,0
10385,4,7,11,2,1,0,1,1,2,2,0
10386,7,4,7,2,13,0,1,1,2,2,1
10387,4,4,12,4,8,1,1,1,2,2,0
10388,8,4,1,5,12,5,1,0,1,2,0
10389,6,4,15,4,1,1,0,0,2,2,0
10390,9,4,6,0,12,1,1,1,2,2,0
10391,7,4,11,0,8,4,1,0,2,2,1
10392,6,2,12,0,10,4,1,0,2,2,0
10393,5,0,15,4,0,4,1,0,1,2,0
10394,11,4,7,0,4,1,1,0,2,2,0
10395,4,4,11,4,12,4,1,0,2,2,0
10396,12,4,7,4,10,4,0,1,2,2,0
10397,8,2,15,2,10,0,0,1,2,2,1
10398,4,6,12,4,10,1,0,1,2,2,0
10399,10,2,11,2,1,0,1,1,2,2,1
10400,4,4,1,4,6,3,1,1,1,2,0
10401,6,2,9,2,10,0,1,1,2,4,0
10402,10,0,11,2,0,0,1,1,2,2,1
10403,10,4,15,2,7,0,1,1,2,2,1
10404,7,4,11,4,1,3,1,0,2,2,0
10405,6,4,9,4,8,1,1,1,2,2,0
10406,6,2,9,5,10,4,1,1,2,2,0
10407,8,4,0,2,12,0,1,1,2,2,0
10408,5,4,9,3,1,4,1,0,2,2,0
10409,3,4,15,4,1,3,1,0,1,2,0
10410,11,4,9,5,4,1,1,0,2,2,0
10411,7,4,9,4,12,1,1,1,2,2,0
10412,6,4,11,3,12,2,1,1,2,2,0
10413,7,4,2,3,9,4,1,0,1,2,0
10414,6,4,7,4,12,1,1,1,2,2,0
10415,9,4,9,2,4,0,1,1,3,2,1
10416,9,6,15,2,12,0,1,1,2,2,0
10417,4,0,1,4,0,3,1,1,1,2,0
10418,8,4,11,0,1,1,1,0,2,2,0
10419,12,4,15,6,3,1,1,1,1,2,0
10420,9,4,15,2,13,0,1,1,2,4,0
10421,8,4,10,5,10,1,1,1,2,2,0
10422,8,4,9,2,4,0,1,1,2,2,1
10423,5,4,9,4,13,1,1,0,3,2,0
10424,4,0,15,4,0,1,1,1,2,2,1
10425,8,2,12,2,10,0,1,1,2,2,0
10426,7,4,15,2,7,5,1,0,2,2,1
10427,18,0,9,2,0,0,1,1,1,2,0
10428,10,4,11,2,14,0,1,1,2,2,1
10429,12,1,11,6,6,1,1,1,2,2,0
10430,10,4,11,2,8,0,1,1,2,2,0
10431,11,4,9,0,4,4,0,0,2,2,1
10432,5,2,15,6,8,4,1,0,2,2,0
10433,4,4,15,4,13,1,1,1,2,2,0
10434,10,1,8,2,1,0,0,1,2,2,0
10435,4,4,5,4,8,3,1,0,2,4,0
10436,11,4,11,2,3,0,1,1,0,2,0
10437,9,4,9,2,4,0,1,1,2,2,0
10438,8,6,7,2,3,0,1,1,3,2,1
10439,8,4,12,4,10,3,1,0,2,2,0
10440,11,6,15,2,10,0,1,1,2,2,1
10441,3,1,15,4,1,3,1,1,1,2,0
10442,7,4,9,0,10,4,1,0,2,2,1
10443,3,1,15,4,1,2,1,1,1,2,0
10444,8,4,7,2,4,5,1,0,2,2,1
10445,3,4,11,4,1,3,1,0,1,0,0
10446,8,6,15,4,12,3,1,0,2,2,0
10447,5,4,11,2,3,0,1,1,2,2,1
10448,6,4,11,5,7,1,0,1,3,2,0
10449,5,2,8,2,11,0,1,1,2,2,1
10450,6,4,11,5,12,4,1,0,2,2,0
10451,6,4,11,4,12,1,1,1,2,2,0
10452,8,4,11,4,1,3,0,0,2,2,0
10453,10,4,1,0,14,1,1,0,2,2,0
10454,11,7,11,0,4,1,1,0,2,4,0
10455,4,4,15,4,3,3,1,1,0,2,0
10456,7,4,12,2,10,0,1,1,2,2,0
10457,8,4,11,2,12,0,0,1,2,2,0
10458,9,4,11,0,12,4,1,0,2,2,0
10459,8,1,15,2,1,0,0,1,2,2,0
10460,8,4,11,2,6,0,1,1,2,2,0
10461,9,6,11,2,14,0,0,1,2,2,0
10462,16,2,15,0,1,1,1,0,1,2,0
10463,10,4,11,2,4,0,1,1,2,2,1
10464,9,6,0,2,3,0,1,1,1,2,0
10465,4,4,15,4,1,3,1,0,0,2,0
10466,6,6,1,4,3,3,1,1,2,2,0
10467,4,1,9,4,10,3,1,0,0,2,0
10468,6,6,11,4,3,1,0,1,1,2,0
10469,4,0,4,4,6,3,1,0,2,2,0
10470,7,6,11,2,5,0,1,1,2,2,0
10471,6,4,11,5,3,4,1,0,2,2,0
10472,6,2,12,4,10,2,1,1,2,2,0
10473,6,7,0,5,14,1,1,1,2,2,0
10474,4,4,4,4,3,3,1,1,2,2,0
10475,7,2,12,2,10,0,1,1,2,2,1
10476,5,4,15,2,1,5,0,0,1,0,0
10477,8,7,9,2,11,0,1,1,2,2,0
10478,9,4,1,2,8,0,1,1,2,2,1
10479,11,4,9,2,13,0,1,1,2,2,0
10480,4,4,15,4,1,3,0,1,0,2,0
10481,7,4,15,2,12,0,1,1,2,2,0
10482,13,4,9,6,4,1,1,0,0,2,0
10483,9,4,9,0,1,4,0,0,2,2,0
10484,6,7,9,4,4,2,1,1,2,2,0
10485,3,4,15,4,8,1,1,1,0,2,0
10486,9,4,11,2,3,0,1,1,2,2,1
10487,17,4,15,2,3,5,1,0,1,2,0
10488,12,4,11,2,3,0,1,1,2,2,1
10489,9,4,11,5,1,4,1,0,2,2,0
10490,8,4,11,2,10,0,1,1,1,2,1
10491,8,4,11,2,3,0,1,1,2,2,1
10492,7,4,11,4,14,1,1,1,2,2,1
10493,10,4,11,2,3,0,1,1,2,2,0
10494,10,4,11,2,14,0,1,1,2,2,0
10495,9,4,8,2,6,0,1,1,2,2,0
10496,8,4,11,0,12,1,0,0,2,0,0
10497,5,5,15,2,4,5,1,0,1,2,0
10498,8,4,9,0,6,1,1,1,3,2,1
10499,9,0,11,4,0,3,1,0,2,2,0
10500,8,4,15,2,3,1,1,1,2,2,0
10501,5,4,11,4,3,1,1,1,1,2,0
10502,7,4,15,0,10,1,1,0,2,2,0
10503,7,4,15,2,6,0,1,1,2,2,1
10504,5,6,9,4,12,3,1,0,2,2,0
10505,5,4,11,2,3,0,1,1,3,2,0
10506,11,4,11,2,13,0,1,1,2,2,0
10507,6,4,3,2,7,0,1,1,2,2,0
10508,5,7,15,0,13,4,1,0,2,2,0
10509,10,4,15,2,10,0,1,1,2,2,0
10510,11,2,12,0,10,1,0,1,2,2,0
10511,5,0,11,2,0,0,0,1,1,0,0
10512,8,4,8,2,1,0,1,1,2,2,1
10513,10,4,9,2,4,0,1,1,2,2,0
10514,5,4,7,4,10,3,1,1,2,2,0
10515,6,4,11,0,4,2,1,0,3,2,0
10516,5,4,9,2,10,5,0,0,1,2,0
10517,4,7,11,4,1,3,1,1,0,2,0
10518,4,6,11,4,12,2,1,0,2,2,0
10519,3,4,15,4,10,4,1,1,1,2,0
10520,8,4,11,2,1,0,0,1,2,2,1
10521,12,4,12,0,10,0,0,1,1,2,1
10522,12,6,11,6,4,1,1,1,2,2,0
10523,10,6,9,2,4,0,0,1,2,2,1
10524,10,6,11,2,3,0,1,1,2,2,1
10525,7,5,11,2,12,0,1,1,2,2,0
10526,3,4,6,4,7,1,1,1,2,2,0
10527,5,7,11,2,1,0,1,1,2,2,0
10528,5,2,14,4,10,3,1,0,2,2,0
10529,7,4,12,2,10,5,1,0,2,2,1
10530,12,4,1,2,3,0,1,1,2,2,0
10531,3,4,15,4,10,3,1,1,2,2,0
10532,5,6,15,4,3,3,1,1,1,2,0
10533,6,4,15,4,1,3,1,0,2,2,0
10534,4,4,11,4,8,1,0,0,1,2,0
10535,5,4,15,4,3,1,1,1,1,2,0
10536,4,4,7,4,10,1,1,0,2,2,1
10537,4,4,15,4,1,3,1,0,1,2,0
10538,4,4,11,4,5,3,1,1,2,2,0
10539,8,4,9,2,7,0,1,1,2,2,0
10540,10,4,15,2,7,0,1,1,2,2,0
10541,4,4,15,4,8,1,1,0,2,2,0
10542,9,4,9,0,8,4,1,0,3,2,0
10543,4,4,15,4,1,1,1,0,1,2,0
10544,11,4,11,6,8,1,1,1,2,2,0
10545,8,5,6,2,8,0,1,1,1,1,0
10546,5,4,11,4,6,3,1,1,2,2,0
10547,6,4,15,0,12,4,1,0,2,2,0
10548,6,0,9,2,0,0,1,1,2,2,1
10549,9,4,11,0,6,1,0,1,3,2,0
10550,9,6,8,2,3,0,1,1,3,2,0
10551,6,2,15,4,8,1,1,1,2,2,0
10552,8,5,11,2,10,0,1,1,1,2,0
10553,5,4,0,4,12,3,0,1,2,2,0
10554,8,6,6,2,3,0,1,1,2,2,0
10555,6,6,15,2,7,0,1,1,2,2,0
10556,3,4,15,4,1,2,1,1,0,2,1
10557,6,0,11,4,0,1,1,0,2,2,1
10558,5,4,0,2,3,0,1,1,2,2,0
10559,5,4,15,4,8,1,1,0,2,2,0
10560,5,4,12,4,10,4,1,0,2,2,0
10561,10,4,11,2,7,0,1,1,2,2,0
10562,12,2,9,2,13,5,1,0,2,2,0
10563,5,4,9,4,12,3,1,0,0,2,0
10564,10,4,11,2,4,5,1,0,2,2,0
10565,6,4,11,2,7,0,1,1,2,2,0
10566,6,4,1,4,8,1,1,0,2,2,0
10567,7,4,9,2,4,0,0,1,2,2,1
10568,10,4,11,2,14,0,1,1,2,2,0
10569,5,4,5,2,6,0,0,1,2,4,1
10570,8,7,15,0,4,1,1,1,2,2,0
10571,8,4,11,2,1,0,1,1,2,2,1
10572,11,0,15,0,0,0,1,1,3,1,1
10573,11,4,15,0,7,4,1,0,2,2,0
10574,5,5,11,2,12,0,1,1,2,2,1
10575,9,4,11,2,3,0,0,1,2,2,1
10576,3,7,11,4,1,3,0,0,0,2,0
10577,7,4,12,2,6,0,1,1,2,2,0
10578,10,4,8,4,1,1,1,1,2,1,0
10579,6,5,11,4,12,2,1,0,2,2,0
10580,6,4,7,4,14,3,1,0,2,2,0
10581,7,4,8,2,1,0,1,1,2,2,0
10582,3,0,2,4,0,3,1,1,2,2,0
10583,9,4,15,2,11,0,1,1,2,2,1
10584,9,4,15,2,3,0,1,1,2,2,0
10585,4,4,11,2,14,0,1,1,1,2,0
10586,4,4,15,3,8,1,0,0,2,2,0
10587,8,4,15,0,3,3,1,1,2,2,0
10588,6,4,8,2,4,0,1,1,2,2,0
10589,5,0,1,4,0,1,1,1,2,2,0
10590,11,4,9,0,3,3,1,1,2,2,0
10591,9,4,15,2,12,5,0,0,2,0,1
10592,4,4,9,4,14,3,0,1,2,1,0
10593,9,6,9,2,4,5,1,0,2,2,0
10594,8,2,11,5,3,1,1,1,2,2,0
10595,5,4,11,4,3,1,1,0,2,2,0
10596,7,4,7,2,4,0,1,1,2,4,1
10597,7,0,8,0,0,1,0,0,2,2,0
10598,5,0,15,4,0,3,1,1,2,2,0
10599,7,1,0,2,1,0,1,1,2,2,1
10600,5,6,11,4,7,1,1,1,2,2,0
10601,12,4,9,2,10,0,1,1,2,2,1
10602,3,4,12,4,5,3,1,1,0,2,0
10603,5,0,15,4,6,3,1,1,2,2,0
10604,7,6,9,0,4,4,1,0,1,2,0
10605,11,4,7,2,12,0,1,1,2,2,0
10606,9,4,11,0,8,4,0,0,2,2,0
10607,10,4,15,2,6,0,1,1,2,2,0
10608,4,0,2,4,0,3,0,0,0,2,0
10609,10,4,11,2,8,5,1,0,2,2,0
10610,11,5,11,2,12,0,1,1,2,2,0
10611,10,4,11,0,12,4,1,0,0,2,1
10612,11,4,11,2,12,0,1,1,2,2,0
10613,11,4,6,0,8,1,1,0,1,2,0
10614,5,4,5,4,8,1,1,0,2,2,0
10615,5,4,15,4,1,3,1,0,2,2,0
10616,8,4,6,0,12,1,1,1,2,2,0
10617,12,6,11,2,3,0,1,1,1,2,1
10618,5,4,11,0,4,1,1,1,2,2,0
10619,11,6,12,0,12,4,1,0,1,2,0
10620,6,4,1,2,7,2,1,1,2,2,0
10621,4,4,15,3,12,1,1,0,2,2,1
10622,11,4,9,2,4,0,1,1,2,2,0
10623,4,6,9,4,4,1,1,1,1,2,0
10624,8,4,0,2,14,0,1,1,2,2,0
10625,9,4,15,2,1,0,1,1,2,2,1
10626,12,4,7,6,1,1,1,0,2,2,0
10627,5,0,15,4,0,1,1,1,2,2,0
10628,7,7,9,2,1,0,1,1,2,2,1
10629,11,4,11,2,6,0,1,1,2,2,1
10630,4,4,8,4,3,1,1,1,2,2,0
10631,5,4,11,4,1,3,1,0,2,2,0
10632,5,4,9,4,10,1,1,0,2,2,0
10633,3,4,11,4,12,1,1,1,1,2,0
10634,6,4,5,4,6,3,1,1,2,2,1
10635,5,0,15,4,0,3,1,1,2,2,0
10636,10,4,11,6,8,4,1,0,1,2,0
10637,6,4,11,2,13,0,1,1,2,2,0
10638,12,4,9,0,4,4,1,0,1,2,0
10639,5,2,9,4,10,1,1,0,2,2,0
10640,7,4,9,2,11,0,1,1,1,2,0
10641,7,6,9,4,10,1,1,1,2,2,0
10642,8,4,11,0,4,1,1,1,2,2,0
10643,5,1,15,2,10,0,1,1,2,2,1
10644,9,2,11,0,14,1,1,1,1,2,0
10645,10,4,11,2,7,0,1,1,3,2,0
10646,5,4,9,0,10,1,0,0,2,2,0
10647,8,4,11,2,1,0,1,1,2,2,1
10648,8,4,11,2,8,0,1,1,1,2,1
10649,11,4,11,0,4,1,1,1,2,2,0
10650,12,4,11,6,7,1,1,1,1,2,0
10651,4,6,11,4,3,3,1,1,1,2,0
10652,7,0,6,2,3,0,1,1,2,1,1
10653,10,2,11,2,8,0,0,1,2,2,0
10654,5,4,2,4,7,1,1,1,1,2,0
10655,10,4,11,0,3,1,1,1,3,2,0
10656,8,4,9,0,12,1,1,1,2,2,0
10657,9,6,15,2,4,0,1,1,2,2,0
10658,8,4,15,2,7,0,1,1,2,2,1
10659,7,4,0,2,7,0,1,1,2,2,1
10660,6,4,8,3,8,3,1,0,2,2,0
10661,9,0,15,4,0,3,1,0,2,2,0
10662,9,2,11,2,14,0,1,1,1,2,0
10663,4,4,15,4,4,1,1,1,2,2,0
10664,6,4,9,0,10,4,1,0,2,2,0
10665,4,6,11,4,4,1,1,1,2,2,0
10666,6,4,11,4,1,3,0,0,2,2,0
10667,5,4,1,4,3,1,1,1,2,2,0
10668,10,6,1,2,12,0,1,1,2,2,1
10669,3,4,15,4,1,1,0,1,4,0,0
10670,8,4,8,2,6,0,1,1,2,2,0
10671,12,6,11,2,12,0,1,1,2,2,1
10672,7,1,2,4,7,3,0,1,1,2,0
10673,10,4,11,0,12,4,1,1,2,2,0
10674,3,4,9,5,1,4,0,0,0,2,0
10675,6,6,8,2,5,0,1,1,2,2,1
10676,11,4,15,2,10,0,1,1,0,2,0
10677,6,4,13,2,7,0,0,1,2,0,1
10678,8,0,15,2,0,0,1,1,2,2,0
10679,10,4,5,2,3,0,0,1,2,2,0
10680,3,4,11,4,3,1,1,1,2,2,0
10681,7,2,1,0,3,1,1,1,3,2,0
10682,3,0,11,4,8,3,0,1,1,2,0
10683,3,4,9,4,12,1,0,1,2,2,0
10684,5,4,11,4,1,1,1,0,1,2,0
10685,3,4,15,4,11,3,1,1,1,2,0
10686,15,4,9,6,10,1,1,1,2,2,0
10687,10,4,8,2,7,0,0,1,2,2,0
10688,9,4,2,2,13,0,1,1,2,2,0
10689,5,4,11,4,7,3,1,0,2,2,0
10690,5,4,11,2,7,0,1,1,2,2,0
10691,9,4,7,2,12,0,1,1,2,2,1
10692,7,2,1,0,8,4,1,0,2,2,0
10693,7,4,15,2,12,0,1,1,2,2,0
10694,5,4,9,2,10,0,1,1,2,2,0
10695,16,4,11,2,12,0,1,1,1,2,1
10696,13,4,9,2,13,0,1,1,2,2,1
10697,12,4,11,2,3,0,0,1,4,2,0
10698,6,4,9,4,12,2,1,1,3,2,0
10699,8,4,11,2,12,0,1,1,2,2,1
10700,9,4,9,4,10,1,1,0,2,2,1
10701,11,4,11,2,7,0,1,1,2,2,1
10702,8,2,9,0,4,4,1,1,2,2,0
10703,4,6,12,4,10,1,1,1,0,2,0
10704,11,4,15,2,1,0,1,1,2,2,1
10705,5,4,9,2,13,0,1,1,3,2,0
10706,9,4,15,2,3,0,1,1,2,2,0
10707,12,4,15,2,1,0,1,1,2,2,0
10708,9,5,12,2,4,0,1,1,2,2,0
10709,8,4,1,4,8,3,1,1,1,2,0
10710,7,4,15,2,4,5,1,1,2,2,0
10711,8,4,9,4,10,1,0,1,2,2,0
10712,8,4,15,2,3,0,1,1,1,2,0
10713,6,4,6,2,3,0,1,1,2,4,0
10714,8,4,11,2,6,0,1,1,2,2,1
10715,11,4,8,2,8,5,0,0,2,2,1
10716,4,4,1,3,8,5,1,0,2,2,1
10717,5,4,11,4,3,1,1,1,2,2,0
10718,8,4,9,4,8,3,1,1,3,2,0
10719,3,4,9,4,4,1,1,1,0,2,0
10720,9,2,8,4,10,3,1,1,2,2,0
10721,8,4,15,0,12,1,1,1,2,2,0
10722,9,2,0,4,8,1,1,0,2,2,0
10723,3,4,8,4,4,3,1,0,2,2,0
10724,11,4,15,2,14,0,1,1,1,2,1
10725,11,4,11,2,1,3,1,0,2,2,0
10726,8,2,11,2,4,0,1,1,2,2,0
10727,6,0,15,2,0,0,1,1,2,2,1
10728,11,0,11,2,0,0,1,1,2,2,1
10729,6,2,11,4,4,3,1,1,2,2,0
10730,8,4,10,0,1,4,1,0,2,2,0
10731,11,4,15,2,3,0,1,1,2,2,0
10732,9,5,9,2,4,0,1,1,2,2,0
10733,12,0,11,2,0,0,1,1,2,2,0
10734,6,1,9,2,10,0,1,1,2,2,1
10735,4,4,15,4,1,1,1,1,2,2,0
10736,9,4,15,2,14,5,1,0,2,2,1
10737,8,4,11,0,8,1,1,1,2,2,0
10738,10,6,12,2,5,0,1,1,0,2,0
10739,4,2,15,4,8,1,1,0,2,2,0
10740,6,7,2,0,8,1,0,1,2,2,0
10741,4,2,15,4,3,3,1,1,2,2,0
10742,6,4,11,4,3,1,1,1,2,2,0
10743,10,7,9,2,10,5,1,0,2,2,0
10744,7,4,15,0,8,1,1,1,2,2,0
10745,5,4,11,4,14,1,1,1,2,2,0
10746,6,4,5,0,8,4,1,0,3,2,0
10747,8,4,15,2,12,0,1,1,2,2,1
10748,12,4,9,2,8,5,1,0,2,2,1
10749,12,4,9,0,4,1,1,1,0,2,0
10750,10,4,15,2,12,5,0,1,2,2,1
10751,6,0,15,2,0,0,1,1,2,2,0
10752,6,4,11,0,6,4,1,0,2,2,0
10753,8,2,12,2,10,0,1,1,1,2,0
10754,5,4,15,2,3,0,1,1,1,2,0
10755,10,4,0,0,7,4,1,0,2,2,0
10756,6,4,9,2,8,0,1,1,2,2,0
10757,8,4,11,2,4,5,1,0,2,2,0
10758,11,4,15,4,14,1,1,1,1,2,0
10759,6,4,9,0,4,1,1,0,2,2,0
10760,8,4,11,0,1,1,0,0,3,2,1
10761,5,4,15,4,8,1,0,0,1,2,0
10762,8,4,0,0,1,4,1,0,3,2,0
10763,7,4,15,4,8,3,1,1,2,2,0
10764,5,4,11,2,1,5,1,0,2,2,0
10765,6,4,4,4,8,3,1,0,2,2,0
10766,8,7,15,4,14,3,1,1,2,2,0
10767,8,4,9,0,4,4,1,0,2,2,0
10768,4,4,9,4,4,1,0,0,2,2,1
10769,6,4,8,0,8,1,1,1,0,2,0
10770,10,4,14,0,10,1,1,1,2,2,0
10771,8,4,15,2,1,3,1,0,2,2,0
10772,15,4,15,0,12,1,1,0,0,2,0
10773,5,4,0,4,8,3,1,1,2,2,0
10774,7,2,11,2,14,0,1,1,2,2,1
10775,3,4,11,4,7,1,1,1,0,2,0
10776,12,2,11,2,3,0,1,1,0,2,0
10777,6,4,9,2,12,0,1,1,1,2,0
10778,4,4,11,2,8,0,1,1,2,2,1
10779,7,4,12,4,1,1,1,1,2,2,0
10780,6,5,9,0,12,4,1,1,2,2,0
10781,9,4,9,2,12,0,1,1,2,2,1
10782,6,4,14,2,10,0,1,1,3,2,0
10783,11,4,15,5,13,4,1,1,2,2,0
10784,7,6,11,2,1,0,1,1,2,2,1
10785,4,2,15,4,4,3,1,0,2,2,0
10786,6,4,11,2,6,0,1,1,1,2,0
10787,3,4,15,4,14,3,0,1,1,2,0
10788,11,2,12,2,10,0,1,1,0,2,1
10789,3,4,11,2,12,0,1,1,4,2,0
10790,10,4,8,2,3,0,1,1,2,2,1
10791,4,4,1,4,7,3,1,1,2,2,0
10792,11,4,0,2,7,0,1,1,2,2,1
10793,6,7,9,2,4,0,1,1,2,2,0
10794,4,4,11,4,12,1,1,0,2,2,0
10795,13,4,11,2,12,0,1,1,2,2,0
10796,8,2,12,2,4,0,1,1,2,2,1
10797,6,4,15,2,14,2,1,1,2,2,0
10798,6,7,9,4,10,1,1,0,1,2,0
10799,11,4,15,2,8,0,0,1,2,2,0
10800,10,4,15,0,1,1,1,1,2,2,0
10801,10,4,15,2,12,2,1,1,1,2,0
10802,3,4,11,4,7,3,1,0,1,2,0
10803,7,4,15,2,12,0,1,1,2,2,0
10804,13,4,15,2,1,5,1,0,2,4,0
10805,7,4,1,5,3,1,1,0,2,2,0
10806,7,4,15,2,12,0,1,1,2,2,0
10807,6,4,11,5,14,4,1,0,2,1,0
10808,7,4,9,2,4,0,1,1,2,2,0
10809,4,6,11,4,14,2,1,1,2,2,0
10810,8,2,15,5,4,4,0,1,2,0,0
10811,4,4,11,4,12,4,1,0,2,2,0
10812,6,4,11,2,8,0,1,1,2,2,0
10813,8,4,2,2,5,0,1,1,1,2,0
10814,4,4,15,4,8,1,0,1,2,2,0
10815,4,4,15,4,6,1,1,1,1,2,0
10816,4,6,15,3,8,1,1,0,2,2,0
10817,6,0,15,3,0,1,0,0,2,2,0
10818,7,4,11,2,7,0,1,1,2,2,1
10819,11,4,11,0,3,1,0,1,2,4,0
10820,6,4,9,5,12,1,1,1,2,1,0
10821,4,4,15,4,1,3,0,0,2,2,0
10822,13,4,5,2,6,0,1,1,0,2,0
10823,8,6,12,2,10,0,1,1,3,2,1
10824,7,4,9,0,12,1,1,0,3,2,0
10825,7,4,11,5,14,1,1,1,2,2,0
10826,11,4,9,2,12,0,1,1,2,2,1
10827,4,4,15,4,1,3,0,0,0,2,0
10828,7,4,9,2,1,5,0,0,1,0,1
10829,11,4,15,2,14,2,1,0,2,2,0
10830,13,4,11,6,12,1,1,0,1,2,0
10831,7,7,9,2,10,0,1,1,2,2,1
10832,10,4,15,2,12,0,1,1,2,2,1
10833,7,4,11,2,7,0,1,1,2,2,1
10834,13,4,5,6,6,1,1,1,0,2,0
10835,6,4,11,2,8,5,1,0,1,2,0
10836,10,6,12,2,12,0,1,1,2,2,1
10837,4,2,9,4,10,3,1,0,2,2,0
10838,11,4,11,2,8,0,1,1,2,2,0
10839,15,4,9,6,4,4,0,0,2,2,0
10840,5,4,11,2,3,0,1,1,2,2,0
10841,12,4,0,0,8,4,0,0,2,2,0
10842,7,6,15,4,14,3,1,1,2,2,1
10843,7,4,11,4,8,3,1,0,3,2,0
10844,8,4,9,0,10,1,1,0,2,2,0
10845,10,7,15,2,11,0,0,1,2,2,0
10846,5,2,9,2,10,0,1,1,2,2,0
10847,6,4,6,2,3,0,1,1,2,2,0
10848,12,4,11,2,4,0,1,1,1,2,0
10849,6,2,12,0,10,1,1,1,2,2,0
10850,11,0,15,0,0,4,1,0,2,2,1
10851,5,6,11,0,3,1,1,0,1,2,0
10852,9,4,11,6,14,4,1,0,2,2,0
10853,6,0,11,4,0,1,1,1,2,2,0
10854,8,6,6,2,12,0,1,1,2,2,0
10855,10,4,11,0,10,1,1,1,2,2,0
10856,3,4,15,4,1,3,1,0,0,2,0
10857,4,7,15,4,11,3,1,1,0,2,0
10858,6,4,11,4,10,1,1,1,2,2,0
10859,9,4,11,2,4,0,1,1,2,2,0
10860,6,4,11,0,8,1,0,0,1,2,0
10861,6,4,9,4,12,1,1,0,2,2,0
10862,6,7,11,2,3,0,1,1,3,2,1
10863,6,4,12,2,10,0,0,1,2,2,1
10864,5,0,11,2,0,0,1,1,0,2,1
10865,9,0,11,0,0,4,1,1,2,2,0
10866,11,4,9,2,1,0,1,1,1,2,1
10867,4,0,12,2,0,5,1,0,2,2,0
10868,9,1,11,2,14,0,1,1,3,2,0
10869,4,4,8,4,12,4,1,0,2,2,0
10870,6,4,11,2,14,0,1,1,2,2,1
10871,6,4,12,5,10,1,1,1,2,2,0
10872,7,4,12,2,12,0,1,1,2,2,1
10873,15,6,1,6,8,3,1,0,0,4,0
10874,6,4,0,2,8,0,1,1,2,2,1
10875,6,4,11,2,3,0,1,1,2,2,0
10876,3,4,9,4,1,3,1,0,1,2,0
10877,9,4,11,2,7,0,1,1,2,2,1
10878,5,6,0,2,8,0,1,1,2,2,1
10879,6,4,7,4,12,1,1,0,2,4,0
10880,7,6,15,2,4,0,1,1,2,2,1
10881,13,4,11,2,8,0,1,1,2,2,0
10882,5,4,15,0,6,1,1,1,2,2,0
10883,11,2,15,0,10,4,1,0,2,2,0
10884,6,4,15,2,1,3,1,1,2,2,0
10885,7,4,11,0,1,1,1,0,2,2,0
10886,10,4,11,2,3,0,1,1,2,1,0
10887,6,4,15,2,12,0,1,1,2,2,0
10888,6,4,11,2,14,0,1,1,2,2,1
10889,9,7,9,2,4,0,1,1,2,2,0
10890,10,4,11,2,8,0,0,1,2,2,0
10891,9,4,8,2,3,0,1,1,2,2,1
10892,5,4,12,2,5,0,1,1,2,1,0
10893,14,4,15,2,10,0,0,1,2,0,0
10894,4,4,15,4,4,1,1,1,2,2,0
10895,11,6,9,2,12,5,1,0,2,2,0
10896,10,4,11,0,3,1,1,1,2,2,0
10897,7,4,0,2,14,0,1,1,2,2,0
10898,12,4,15,2,4,0,1,1,2,2,0
10899,6,6,8,4,5,1,1,1,1,2,0
10900,4,4,11,4,7,3,1,0,2,2,0
10901,3,4,9,4,12,1,1,1,1,2,0
10902,12,4,0,6,7,1,0,0,2,2,0
10903,5,4,15,4,1,3,1,1,2,2,0
10904,10,4,11,2,8,0,0,1,2,2,1
10905,6,4,11,2,12,0,1,1,2,2,1
10906,8,4,4,0,3,3,1,1,3,2,0
10907,4,4,7,5,4,4,1,0,1,2,0
10908,6,5,8,2,3,0,1,1,2,2,0
10909,10,0,11,0,3,4,1,0,2,2,0
10910,4,5,9,4,13,3,1,0,2,2,0
10911,14,4,11,2,3,0,1,1,2,2,0
10912,5,4,11,4,3,3,1,1,1,2,0
10913,7,4,4,4,6,1,0,1,3,2,0
10914,4,2,15,4,10,2,1,1,2,2,1
10915,10,4,11,4,7,3,0,1,2,2,0
10916,8,4,9,2,1,5,1,0,3,2,1
10917,6,4,11,4,1,3,1,0,2,2,0
10918,18,4,11,0,8,4,1,0,1,2,0
10919,8,4,15,2,12,5,1,0,1,2,0
10920,9,4,9,2,4,0,1,1,3,2,0
10921,5,4,11,2,7,0,1,1,2,2,1
10922,10,5,11,0,12,1,1,0,2,1,0
10923,9,1,15,0,10,1,1,1,2,2,0
10924,6,0,2,0,0,1,1,0,2,2,0
10925,7,4,2,2,6,0,1,1,2,2,0
10926,5,5,1,2,3,0,1,1,2,2,1
10927,7,4,11,0,3,1,0,1,2,2,0
10928,13,1,9,2,1,5,1,0,1,2,0
10929,4,4,10,4,10,3,1,1,2,2,0
10930,8,4,1,2,3,0,1,1,3,2,0
10931,9,4,11,2,3,0,0,1,2,2,1
10932,7,4,0,2,7,0,1,1,1,2,0
10933,7,4,11,2,6,0,1,1,3,2,1
10934,9,2,9,2,10,0,0,1,2,2,0
10935,7,2,15,2,10,0,1,1,2,2,1
10936,4,4,11,4,1,2,0,0,1,2,0
10937,6,4,5,4,8,1,1,0,2,2,0
10938,6,4,11,5,12,5,1,0,1,2,0
10939,9,6,9,2,4,0,0,1,2,2,0
10940,9,4,9,2,4,0,1,1,2,2,0
10941,5,5,1,2,14,0,1,1,2,2,0
10942,7,4,0,0,3,1,1,1,2,2,0
10943,4,4,9,4,12,1,0,1,2,2,0
10944,5,7,11,2,1,0,1,1,2,2,0
10945,6,4,9,2,4,0,1,1,1,2,0
10946,10,4,15,2,8,5,1,0,2,2,0
10947,8,4,9,2,10,0,1,1,2,2,0
10948,13,4,15,4,1,4,0,0,2,2,0
10949,4,0,10,0,0,4,1,0,2,2,0
10950,5,4,11,2,3,0,1,1,2,2,0
10951,5,4,7,5,7,2,1,1,3,2,0
10952,3,4,15,4,7,3,1,1,0,2,0
10953,4,4,15,4,12,1,1,1,0,2,0
10954,9,4,15,2,1,0,1,1,2,2,1
10955,6,4,9,2,4,0,1,1,2,2,1
10956,5,5,9,2,4,0,1,1,2,2,0
10957,8,4,11,2,14,0,1,1,2,2,1
10958,10,4,15,2,3,0,1,1,2,2,0
10959,7,4,15,5,12,4,1,0,1,2,0
10960,3,4,8,4,3,1,0,1,0,2,1
10961,12,0,11,2,0,0,1,1,2,2,0
10962,6,2,15,2,11,0,1,1,2,2,1
10963,9,4,12,2,4,0,1,1,2,2,0
10964,8,4,11,0,4,1,1,1,2,2,0
10965,8,4,9,2,10,0,1,1,2,2,1
10966,14,4,15,2,4,0,1,1,1,2,0
10967,9,4,11,2,3,0,1,1,2,2,0
10968,8,4,10,2,10,0,1,1,2,2,1
10969,9,4,11,0,8,4,1,0,3,2,0
10970,4,2,9,4,10,3,0,1,2,2,0
10971,9,4,11,0,14,1,1,1,2,2,0
10972,7,0,15,2,0,0,1,1,2,2,0
10973,6,4,5,4,8,3,1,0,2,2,0
10974,9,2,9,2,10,0,1,1,2,2,0
10975,7,4,11,2,12,0,1,1,2,2,1
10976,7,4,15,2,3,0,1,1,1,2,1
10977,6,4,9,0,7,1,0,1,2,2,0
10978,5,6,15,4,3,1,1,1,2,2,0
10979,9,4,9,2,4,5,1,0,2,2,1
10980,7,6,11,4,5,3,1,1,1,2,0
10981,9,4,11,2,3,0,1,1,2,2,1
10982,14,2,12,1,10,3,1,0,1,4,0
10983,4,4,11,4,12,1,1,1,2,2,0
10984,10,4,11,2,7,0,1,1,2,2,0
10985,4,4,9,4,10,2,1,1,2,2,1
10986,7,4,11,0,12,1,1,1,2,2,1
10987,6,4,15,4,1,1,1,0,2,2,1
10988,5,2,11,2,14,0,1,1,2,2,1
10989,8,4,4,2,6,0,1,1,2,2,1
10990,10,4,15,2,1,0,0,1,2,2,0
10991,3,4,9,4,6,3,0,1,2,0,0
10992,10,6,5,2,5,0,1,1,2,2,0
10993,7,4,11,2,14,0,1,1,2,2,0
10994,9,6,9,2,1,5,1,0,2,2,0
10995,12,4,11,2,6,0,1,1,1,2,0
10996,10,0,8,4,0,3,1,1,3,2,0
10997,8,4,0,2,8,5,1,0,1,2,0
10998,5,4,9,4,4,1,1,1,2,2,0
10999,6,4,11,4,12,1,1,0,2,2,0
11000,9,2,15,2,3,0,1,1,2,2,0
11001,6,7,11,2,1,3,1,1,2,2,0
11002,13,2,1,2,11,0,1,1,1,2,1
11003,5,2,15,4,3,1,1,0,3,2,1
11004,4,4,11,0,1,4,1,0,3,2,0
11005,7,4,11,4,14,3,1,0,2,2,0
11006,14,4,11,5,7,2,1,0,2,2,0
11007,10,4,14,0,4,1,1,1,2,2,0
11008,9,4,11,2,6,0,1,1,2,2,0
11009,5,4,15,4,12,3,1,1,2,2,0
11010,4,4,11,4,14,3,0,1,2,2,0
11011,9,4,15,2,11,0,0,1,2,2,1
11012,15,4,0,0,3,4,1,1,0,2,0
11013,7,4,11,4,12,1,1,0,2,2,0
11014,6,4,9,4,10,3,1,1,2,2,0
11015,11,1,15,4,1,3,1,0,2,2,0
11016,10,4,1,0,8,4,1,0,1,2,0
11017,11,1,15,2,4,0,1,1,2,1,0
11018,6,4,7,2,4,0,1,1,2,2,1
11019,9,4,11,2,4,0,1,1,1,2,0
11020,13,4,1,2,3,0,1,1,2,2,1
11021,9,4,15,2,3,0,1,1,1,2,0
11022,4,4,5,4,9,3,1,0,2,2,0
11023,6,4,11,2,14,0,1,1,1,2,1
11024,10,7,15,0,8,1,1,0,2,2,1
11025,6,4,11,5,1,4,1,1,2,2,0
11026,4,2,9,4,14,3,0,1,2,1,0
11027,8,4,8,2,12,0,0,1,2,2,1
11028,9,4,15,0,8,1,1,1,2,2,0
11029,4,4,15,4,3,4,1,1,2,2,0
11030,12,4,11,4,7,1,1,1,2,2,0
11031,5,6,11,2,5,0,1,1,3,2,1
11032,11,6,15,2,3,0,1,1,1,2,0
11033,5,4,15,4,3,2,0,1,1,2,0
11034,5,0,11,4,0,3,1,1,2,2,0
11035,11,4,12,0,6,4,1,0,2,2,0
11036,7,2,15,0,4,1,0,0,1,0,0
11037,9,4,8,2,7,0,1,1,2,2,0
11038,5,4,11,2,4,0,1,1,2,2,1
11039,11,4,11,2,3,0,1,1,1,2,1
11040,11,4,9,2,12,0,1,1,2,2,0
11041,4,7,11,4,1,3,1,0,1,2,0
11042,6,4,11,2,6,0,1,1,2,1,0
11043,8,4,9,2,10,0,1,1,2,2,1
11044,6,4,11,4,7,1,1,0,2,2,1
11045,4,2,11,5,1,4,1,0,1,2,0
11046,9,4,11,5,4,1,1,1,2,2,0
11047,3,6,9,4,4,4,1,0,0,2,0
11048,10,4,5,2,5,0,1,1,2,2,0
11049,3,4,12,4,10,1,1,0,3,2,0
11050,7,2,9,4,4,3,1,0,2,2,0
11051,13,0,15,2,0,0,1,1,2,2,1
11052,10,4,2,5,13,1,1,0,2,2,0
11053,8,4,12,0,10,1,1,0,2,2,1
11054,3,4,12,4,10,3,1,0,2,2,0
11055,9,4,9,0,4,1,1,0,2,2,1
11056,5,7,11,4,14,2,0,0,2,2,0
11057,3,4,1,4,6,3,1,1,1,2,0
11058,13,0,0,2,0,0,1,1,2,2,0
11059,6,4,11,4,8,1,0,0,2,2,0
11060,10,5,11,2,12,0,1,1,2,2,1
11061,4,2,11,4,4,1,1,0,2,2,0
11062,5,4,1,2,14,0,0,1,2,2,0
11063,6,4,11,4,7,3,1,1,2,2,0
11064,7,4,15,4,1,1,1,1,2,2,0
11065,6,2,11,5,1,4,1,0,2,2,0
11066,5,1,9,0,4,1,1,0,2,0,0
11067,5,0,15,4,0,4,1,0,2,2,0
11068,3,1,11,4,4,3,1,0,0,2,0
11069,6,4,11,2,3,0,1,1,4,2,0
11070,6,5,8,2,12,0,1,1,1,2,0
11071,7,4,11,2,4,0,1,1,1,2,0
11072,8,4,15,2,12,0,1,1,2,2,1
11073,10,4,15,0,1,4,1,0,2,2,0
11074,5,0,11,4,0,3,1,0,2,2,0
11075,11,4,11,0,7,1,1,1,2,4,0
11076,11,4,7,0,3,4,1,0,2,2,0
11077,9,4,15,2,7,0,1,1,2,2,1
11078,3,4,11,4,1,4,1,0,1,2,0
11079,4,4,15,4,1,1,1,0,2,2,0
11080,8,5,8,4,10,1,1,0,3,2,0
11081,13,4,9,6,12,1,1,1,2,2,0
11082,5,4,7,4,7,3,1,1,2,2,0
11083,8,2,11,0,14,1,1,1,2,2,0
11084,5,6,9,2,10,0,1,1,2,2,1
11085,7,4,11,2,8,5,1,0,2,2,1
11086,8,5,10,2,10,0,1,1,2,2,1
11087,4,1,9,4,10,1,0,0,2,2,0
11088,8,0,1,2,0,0,1,1,2,2,1
11089,5,4,1,2,3,0,1,1,2,2,0
11090,7,4,15,4,13,1,0,1,2,0,0
11091,4,4,9,4,12,1,1,0,2,2,0
11092,7,5,9,0,4,1,1,0,2,2,0
11093,3,4,9,4,4,3,1,1,1,2,0
11094,7,4,11,0,8,1,1,0,2,2,0
11095,11,2,12,2,10,0,1,1,2,2,1
11096,4,4,9,4,10,4,1,0,2,1,0
11097,9,4,11,4,14,3,1,1,1,1,0
11098,8,1,9,2,4,0,1,1,2,2,0
11099,8,4,11,4,10,3,1,0,2,2,0
11100,5,5,14,4,10,1,1,1,2,2,0
11101,6,2,8,2,10,0,1,1,1,2,1
11102,8,4,11,4,8,1,1,0,2,2,0
11103,5,4,1,4,14,1,1,1,1,2,0
11104,11,6,11,2,10,0,1,1,2,2,0
11105,9,4,11,2,3,0,1,1,3,2,1
11106,3,4,0,4,8,1,0,0,1,2,0
11107,6,6,1,2,3,0,1,1,2,2,1
11108,13,4,15,6,1,1,0,0,2,2,0
11109,8,4,15,2,3,0,1,1,2,2,1
11110,10,5,9,0,12,1,1,1,1,2,0
11111,4,6,15,0,5,4,1,1,1,2,0
11112,4,0,0,4,0,1,1,0,2,2,0
11113,5,4,5,4,8,3,1,0,2,2,0
11114,5,5,11,4,14,3,0,0,2,2,0
11115,6,4,12,2,10,0,1,1,2,2,1
11116,5,4,15,2,4,0,1,1,2,2,1
11117,9,0,15,2,0,0,0,1,1,2,1
11118,9,4,11,2,3,0,1,1,2,2,0
11119,9,4,11,2,14,0,1,1,1,2,0
11120,4,4,11,4,1,3,1,1,2,2,0
11121,7,6,11,2,14,0,1,1,2,2,0
11122,8,7,9,2,10,0,1,1,3,2,0
11123,6,4,14,2,10,0,1,1,2,2,1
11124,9,4,11,2,10,0,1,1,3,0,0
11125,9,4,15,2,12,0,1,1,2,2,1
11126,12,4,15,4,12,3,1,0,2,2,0
11127,5,2,15,2,10,0,1,1,2,2,1
11128,7,0,0,0,0,1,1,0,2,2,0
11129,5,4,11,4,6,1,0,1,2,2,0
11130,3,4,11,4,10,1,1,1,2,0,0
11131,11,2,9,2,1,0,1,1,2,2,0
11132,8,4,11,0,1,4,1,0,2,2,0
11133,3,4,8,4,9,1,0,0,1,0,0
11134,7,4,15,0,7,1,1,1,2,2,0
11135,3,4,12,4,9,3,1,0,1,2,0
11136,3,4,2,4,9,1,1,0,0,2,0
11137,10,4,15,2,13,0,0,1,2,2,1
11138,13,6,12,2,10,0,0,1,2,0,1
11139,9,4,15,2,7,0,1,1,2,2,1
11140,8,6,8,0,8,1,1,0,2,1,0
11141,8,4,15,2,4,0,1,1,2,2,1
11142,5,2,7,4,1,4,1,0,3,2,0
11143,6,4,15,4,1,1,1,0,1,2,0
11144,4,1,15,2,1,5,1,0,2,2,1
11145,8,4,15,2,3,0,1,1,2,2,0
11146,4,4,9,4,14,1,1,1,2,2,1
11147,9,4,11,0,7,4,1,1,2,2,0
11148,8,4,15,2,3,0,1,1,1,2,1
11149,4,4,9,4,1,1,1,1,2,2,0
11150,14,1,14,2,10,0,1,1,2,2,0
11151,5,0,2,0,0,1,1,0,2,2,0
11152,8,4,11,2,12,0,1,1,1,2,0
11153,5,4,11,2,14,0,1,1,2,2,1
11154,6,6,11,0,5,3,1,1,2,2,0
11155,8,1,11,2,1,0,1,1,2,2,0
11156,9,4,15,4,12,1,0,1,2,2,0
11157,10,4,11,2,5,0,1,1,2,2,1
11158,5,4,11,2,8,0,0,1,2,2,1
11159,6,6,11,2,8,0,1,1,2,2,1
11160,15,4,12,0,4,1,0,1,3,2,0
11161,7,6,11,2,3,0,1,1,2,2,0
11162,4,4,9,4,13,3,1,1,2,2,0
11163,7,4,15,2,4,0,1,1,2,2,0
11164,4,4,8,4,10,1,1,0,2,2,0
11165,7,7,9,2,10,2,1,0,3,2,0
11166,15,7,8,4,1,3,1,0,3,2,0
11167,6,4,11,2,1,5,1,0,3,2,0
11168,5,4,15,4,10,3,1,0,1,1,0
11169,11,4,12,6,12,1,1,0,2,2,0
11170,8,4,6,2,3,0,1,1,2,2,0
11171,13,2,11,2,1,5,1,0,1,2,1
11172,4,2,7,4,3,3,1,1,3,2,0
11173,6,4,11,5,6,4,1,0,2,2,0
11174,18,4,11,2,13,0,1,1,1,2,0
11175,11,7,9,2,10,0,1,1,1,2,0
11176,8,4,11,0,1,4,1,0,2,2,0
11177,10,2,15,2,8,0,0,1,2,2,0
11178,10,4,8,6,1,4,0,0,2,2,0
11179,3,4,12,4,6,1,1,1,0,2,0
11180,4,4,9,4,12,3,1,0,1,2,0
11181,12,2,11,2,8,5,1,0,2,2,1
11182,10,6,1,4,7,1,1,0,2,2,0
11183,4,4,11,4,3,3,1,1,2,2,0
11184,9,4,0,2,3,0,1,1,2,2,0
11185,4,4,1,4,7,1,1,0,1,2,0
11186,5,4,4,0,8,4,1,0,2,2,0
11187,9,4,12,4,10,3,1,0,2,2,0
11188,11,1,14,4,10,1,1,1,2,2,0
11189,10,4,11,2,14,0,0,1,2,2,1
11190,8,0,11,5,0,1,1,1,1,2,0
11191,4,0,9,4,0,1,1,1,2,2,0
11192,5,6,11,4,5,3,1,1,2,2,0
11193,8,4,9,2,10,0,1,1,3,2,1
11194,6,4,14,4,10,4,1,0,3,2,0
11195,8,4,12,2,4,0,0,1,2,2,1
11196,5,2,9,4,4,3,0,1,2,2,0
11197,8,2,9,2,11,0,1,1,2,2,0
11198,15,4,15,0,6,1,1,1,3,2,0
11199,11,4,11,2,14,0,1,1,2,2,0
11200,10,4,12,2,6,0,1,1,2,1,1
11201,7,1,11,2,1,5,0,0,2,0,0
11202,10,4,15,2,8,5,0,0,2,2,1
11203,11,4,15,0,12,4,1,0,1,2,0
11204,11,4,15,6,3,1,1,1,2,2,0
11205,4,4,11,4,12,1,1,1,0,2,0
11206,7,4,9,2,4,5,1,0,1,2,1
11207,11,6,12,2,5,0,1,1,2,2,0
11208,6,4,11,2,8,3,1,1,2,2,0
11209,4,4,7,4,1,1,1,0,2,2,0
11210,8,4,11,2,12,5,1,0,2,2,1
11211,9,4,11,0,4,4,1,0,2,2,0
11212,12,4,0,4,4,4,1,1,1,2,0
11213,8,4,15,5,8,4,1,0,2,2,0
11214,8,4,1,2,12,0,1,1,2,2,1
11215,4,4,11,4,8,1,0,1,2,2,0
11216,3,4,15,4,12,3,1,0,2,2,0
11217,9,7,11,2,4,0,1,1,1,2,0
11218,8,4,11,2,1,5,0,0,2,2,0
11219,8,4,11,2,3,0,1,1,2,2,1
11220,7,6,1,0,3,1,0,1,2,2,0
11221,4,4,5,4,9,3,0,0,2,4,0
11222,4,4,11,4,8,1,0,1,2,2,0
11223,6,4,9,2,10,0,1,1,2,2,0
11224,7,1,11,4,1,1,1,0,1,2,1
11225,7,7,11,2,10,0,1,1,2,2,0
11226,3,2,9,4,10,3,1,1,2,2,0
11227,4,4,15,4,4,1,1,0,1,2,0
11228,4,4,15,4,1,1,0,0,0,2,0
11229,4,4,11,4,4,1,1,0,1,2,0
11230,10,4,8,2,8,0,1,1,2,1,1
11231,13,4,11,2,8,0,1,1,2,2,0
11232,7,4,1,2,3,0,1,1,1,2,0
11233,7,4,11,2,7,0,1,1,2,2,0
11234,4,5,15,4,12,3,0,0,2,2,0
11235,3,4,7,4,1,2,1,1,0,2,0
11236,3,4,9,4,4,1,1,1,1,2,0
11237,8,5,12,5,4,3,1,0,2,2,0
11238,9,4,11,0,3,1,1,1,2,2,0
11239,9,7,9,4,11,1,0,1,1,0,0
11240,5,4,11,2,11,0,1,1,1,2,0
11241,6,4,11,2,7,0,1,1,2,2,0
11242,7,4,15,2,12,5,1,0,2,2,0
11243,3,0,7,4,0,2,1,1,1,2,0
11244,9,4,9,2,14,0,1,1,1,2,1
11245,5,4,11,4,13,3,0,1,2,2,0
11246,4,6,11,2,3,0,1,1,2,2,0
11247,7,4,11,4,8,1,1,1,2,2,0
11248,3,4,0,4,3,3,0,1,2,2,0
11249,4,4,12,4,10,4,1,0,2,2,0
11250,4,4,15,4,12,1,1,0,3,2,0
11251,7,4,15,2,5,0,1,1,2,2,1
11252,5,4,15,4,1,4,1,0,2,2,0
11253,9,4,11,4,1,1,1,0,1,2,0
11254,5,4,11,6,4,4,0,0,2,2,0
11255,3,2,11,4,10,3,1,1,2,2,0
11256,8,1,15,2,1,0,1,1,2,2,1
11257,8,4,15,0,13,3,1,1,1,2,0
11258,8,4,9,6,8,1,1,1,2,2,0
11259,6,4,11,2,4,5,1,0,2,2,0
11260,11,6,9,0,10,4,1,0,1,2,0
11261,5,4,12,4,4,1,1,1,2,2,0
11262,5,4,11,4,12,1,1,0,2,2,0
11263,8,4,11,2,12,0,1,1,2,2,1
11264,7,4,15,4,3,1,1,1,2,2,0
11265,8,4,9,0,4,1,1,1,2,2,0
11266,5,4,0,2,6,0,1,1,3,2,0
11267,5,4,15,2,3,0,0,1,2,2,1
11268,4,2,9,4,10,1,1,0,2,2,0
11269,9,4,15,4,10,3,0,0,3,2,0
11270,6,6,15,2,10,0,1,1,2,2,0
11271,13,4,14,6,10,4,1,0,0,2,0
11272,9,4,5,2,9,0,0,1,2,4,1
11273,6,4,11,2,3,3,1,1,3,2,0
11274,12,4,9,2,12,0,1,1,2,4,1
11275,5,4,11,6,7,1,1,1,2,2,0
11276,3,4,11,4,1,1,1,0,2,2,0
11277,6,4,11,2,3,0,0,1,2,2,1
11278,8,4,9,2,12,0,1,1,3,2,0
11279,5,4,11,4,12,1,0,0,3,2,0
11280,9,4,9,0,12,1,1,1,2,2,0
11281,4,4,11,4,12,3,1,1,1,2,0
11282,7,4,15,4,3,3,1,1,2,2,0
11283,4,4,15,4,8,1,1,0,2,2,0
11284,10,6,15,0,1,4,1,0,2,2,0
11285,3,2,9,4,10,2,1,0,1,2,0
11286,8,4,6,0,7,1,1,1,2,2,0
11287,10,4,7,2,7,0,0,1,2,2,1
11288,6,4,14,2,10,5,1,0,3,2,1
11289,4,4,15,4,12,4,1,0,0,2,0
11290,3,2,15,4,4,1,1,0,1,2,0
11291,13,4,11,6,14,1,1,0,0,2,0
11292,6,0,7,4,0,4,1,0,2,2,0
11293,5,4,2,4,6,3,1,1,2,2,0
11294,6,4,11,5,12,2,0,1,2,2,0
11295,9,4,15,0,12,4,1,1,2,2,0
11296,6,4,15,2,1,5,1,0,2,2,1
11297,15,4,11,0,1,2,1,0,3,2,0
11298,4,4,1,4,3,1,1,1,2,2,0
11299,4,2,11,0,3,4,1,1,2,2,0
11300,7,1,9,2,1,0,1,1,3,2,0
11301,11,4,15,2,8,5,1,0,2,2,1
11302,5,0,6,4,0,1,1,0,2,2,0
11303,4,4,14,2,4,0,1,1,1,2,1
11304,11,4,9,0,1,1,1,0,4,2,0
11305,6,4,11,2,12,0,1,1,3,2,1
11306,6,4,15,5,12,4,1,0,1,2,0
11307,10,4,7,2,1,5,1,0,2,2,1
11308,12,4,11,2,14,0,1,1,2,2,0
11309,9,4,11,2,7,0,1,1,2,2,0
11310,4,4,11,4,7,1,1,0,1,2,0
11311,9,4,12,2,4,0,1,1,2,2,1
11312,12,4,15,6,13,1,1,1,1,2,0
11313,6,0,15,0,0,1,1,1,2,2,0
11314,4,0,2,4,0,4,1,0,2,2,0
11315,10,6,15,2,3,0,1,1,2,2,0
11316,6,4,15,2,7,0,1,1,2,2,0
11317,5,4,11,4,3,3,1,1,2,2,0
11318,11,4,11,2,3,0,1,1,2,2,0
11319,9,2,11,2,3,0,1,1,2,2,0
11320,4,5,1,4,6,1,0,1,2,2,0
11321,7,6,15,0,5,4,1,1,2,2,0
11322,11,4,7,6,4,3,1,0,0,2,0
11323,4,6,15,4,11,3,1,1,2,2,0
11324,4,2,15,4,4,3,1,1,2,2,0
11325,5,4,5,4,8,3,1,0,2,2,0
11326,8,4,11,5,6,1,1,1,1,2,1
11327,5,4,11,4,7,1,1,1,2,2,0
11328,5,4,9,4,4,4,1,0,2,2,0
11329,7,6,11,2,3,0,1,1,2,2,0
11330,5,4,10,2,10,5,1,0,2,2,0
11331,3,4,15,4,1,1,1,0,2,2,0
11332,7,4,15,4,4,3,1,0,2,2,0
11333,11,6,11,2,3,0,1,1,2,2,1
11334,7,4,15,2,12,0,0,1,3,2,1
11335,9,4,15,0,8,4,1,0,2,2,0
11336,9,4,15,0,3,1,1,1,2,2,0
11337,5,4,8,2,5,0,1,1,2,2,0
11338,8,4,11,0,8,4,1,0,2,2,0
11339,8,1,11,0,8,4,1,1,2,2,0
11340,13,4,1,4,8,3,1,0,1,2,0
11341,6,4,15,5,4,1,1,1,2,2,0
11342,11,4,11,2,14,0,1,1,2,2,1
11343,7,4,10,2,10,0,1,1,1,2,0
11344,10,7,12,0,10,4,1,0,2,2,0
11345,8,4,9,0,1,3,1,0,2,2,0
11346,13,4,11,6,3,4,1,1,1,2,1
11347,9,4,11,2,4,0,1,1,2,2,0
11348,5,4,8,2,7,0,1,1,2,2,0
11349,8,4,15,4,12,4,1,0,2,2,0
11350,13,4,11,6,7,4,1,1,2,2,0
11351,5,4,9,4,10,1,1,0,2,2,0
11352,13,4,15,2,3,0,1,1,0,2,1
11353,10,4,11,2,1,5,1,0,2,2,1
11354,8,2,11,2,3,0,1,1,1,2,1
11355,4,4,11,4,7,4,1,0,0,2,0
11356,18,4,11,4,6,1,0,0,1,2,0
11357,11,4,12,2,4,0,1,1,2,2,0
11358,10,4,9,2,10,5,1,0,1,2,1
11359,3,1,11,4,6,3,1,1,1,2,0
11360,8,4,9,2,4,0,0,1,2,1,1
11361,8,4,9,2,12,5,0,0,2,2,0
11362,6,4,15,2,1,0,1,1,2,2,1
11363,12,4,11,3,7,4,1,1,2,2,0
11364,9,4,9,2,10,0,1,1,2,2,1
11365,11,0,2,4,0,3,0,0,2,2,0
11366,5,5,9,4,11,1,1,1,2,2,0
11367,6,4,15,4,1,1,1,0,2,2,0
11368,4,2,11,4,1,1,1,1,2,2,0
11369,6,1,15,2,4,0,1,1,2,2,0
11370,12,4,11,2,5,0,1,1,2,2,1
11371,3,7,11,4,8,1,1,0,1,2,0
11372,4,4,11,4,3,3,1,0,2,2,0
11373,7,0,11,0,0,1,1,0,2,2,0
11374,6,4,7,0,1,1,1,0,2,2,0
11375,3,4,1,4,6,1,1,1,2,2,0
11376,3,4,11,4,4,1,1,1,1,2,0
11377,10,4,15,0,10,1,1,1,2,2,0
11378,12,4,9,2,12,0,1,1,1,2,0
11379,5,4,7,4,8,2,1,1,2,2,0
11380,9,4,12,4,10,1,1,1,2,2,0
11381,7,4,15,2,3,0,1,1,1,2,0
11382,5,4,11,4,4,3,1,0,2,2,0
11383,8,2,12,4,10,3,1,0,2,2,0
11384,7,4,11,4,1,3,1,0,2,2,0
11385,5,4,9,4,12,3,1,1,2,2,0
11386,7,4,11,0,6,1,1,0,1,2,0
11387,4,4,6,4,8,4,1,0,3,2,0
11388,11,6,15,2,3,0,1,1,2,2,0
11389,7,4,11,0,12,4,1,0,2,2,0
11390,5,4,11,2,3,0,1,1,2,2,0
11391,7,4,15,2,12,0,1,1,2,2,0
11392,13,4,11,2,1,5,1,0,2,2,0
11393,6,7,9,2,1,0,0,1,2,2,1
11394,7,4,5,2,14,0,0,1,1,2,0
11395,4,7,12,2,10,0,1,1,2,2,1
11396,3,4,15,4,1,3,1,1,2,2,0
11397,6,6,11,2,5,0,1,1,2,2,1
11398,6,2,11,4,14,1,1,1,1,2,0
11399,6,4,15,2,4,0,1,1,2,2,0
11400,7,4,7,2,8,0,1,1,2,2,1
11401,11,4,11,2,11,0,1,1,1,2,0
11402,9,4,8,4,7,1,0,1,2,2,0
11403,6,4,12,2,4,5,1,0,2,3,1
11404,7,4,0,0,1,1,0,0,2,2,1
11405,3,4,9,4,4,3,1,1,0,2,0
11406,7,2,15,2,13,5,1,0,1,2,0
11407,5,4,12,3,6,1,1,0,2,2,0
11408,6,5,12,4,4,1,1,1,1,2,0
11409,5,4,9,4,1,3,1,0,3,2,0
11410,7,5,9,5,10,1,0,1,1,2,1
11411,7,4,11,2,12,0,1,1,2,2,1
11412,11,4,9,3,1,1,1,0,0,2,0
11413,9,4,15,6,4,1,1,1,3,2,0
11414,4,1,11,4,1,4,0,0,2,2,0
11415,7,2,12,2,10,0,1,1,2,2,1
11416,5,4,11,0,12,4,1,0,2,2,0
11417,8,4,11,0,8,1,1,1,3,2,0
11418,8,4,9,0,10,2,1,0,2,2,0
11419,6,4,12,4,9,1,0,1,2,2,0
11420,12,4,11,2,8,0,1,1,2,2,0
11421,7,2,9,2,7,0,1,1,1,2,1
11422,12,4,15,2,4,0,1,1,2,2,0
11423,12,4,15,2,6,0,1,1,1,2,0
11424,5,4,11,4,1,1,1,1,1,2,0
11425,11,4,9,0,7,1,1,1,2,2,0
11426,8,1,10,0,10,4,1,1,2,4,0
11427,4,2,9,4,8,1,1,1,0,2,0
11428,8,6,11,2,7,0,1,1,2,2,0
11429,3,6,10,4,10,3,1,1,1,2,0
11430,13,4,8,6,1,4,1,0,2,2,0
11431,5,0,9,4,0,3,0,0,2,2,0
11432,13,7,14,6,10,4,1,1,1,2,0
11433,9,4,9,2,4,0,1,1,2,2,1
11434,5,4,11,4,1,4,1,0,2,2,0
11435,9,5,11,5,12,4,1,0,2,2,0
11436,12,4,11,3,7,1,0,0,0,2,1
11437,11,6,9,0,4,1,1,1,2,2,0
11438,5,2,15,4,8,1,1,0,2,2,0
11439,5,4,2,2,9,5,0,0,2,2,0
11440,7,4,15,4,1,3,1,0,2,2,0
11441,16,6,12,4,12,3,1,0,1,2,0
11442,12,4,15,2,12,5,1,0,2,4,0
11443,7,4,11,4,6,1,1,1,2,2,0
11444,5,0,0,4,0,1,1,0,3,2,0
11445,9,2,15,2,4,0,1,1,2,2,1
11446,12,4,9,0,13,4,1,1,2,2,0
11447,4,0,15,4,0,2,0,1,2,2,0
11448,6,4,12,4,4,1,1,0,2,2,0
11449,3,4,11,4,7,3,1,0,0,2,0
11450,11,7,15,0,11,1,1,1,2,2,0
11451,12,7,11,2,4,0,1,1,1,2,1
11452,12,4,8,5,8,4,1,1,2,2,0
11453,8,4,11,0,8,3,1,1,2,2,0
11454,12,4,15,2,6,5,1,0,4,2,1
11455,12,4,0,2,14,0,1,1,1,2,1
11456,10,6,11,2,1,0,1,1,2,2,0
11457,5,4,6,2,12,0,1,1,2,2,1
11458,5,4,9,3,1,4,1,0,2,2,0
11459,6,6,1,2,3,0,1,1,2,2,1
11460,13,4,0,2,6,0,1,1,2,2,0
11461,3,4,11,4,12,1,1,1,0,2,0
11462,4,4,3,2,7,0,1,1,2,2,1
11463,3,4,12,4,12,1,0,1,2,2,0
11464,11,4,8,0,1,3,1,1,2,2,0
11465,15,7,8,6,1,4,1,0,3,2,0
11466,5,4,5,4,12,3,1,1,2,2,0
11467,5,2,8,2,4,0,1,1,2,2,1
11468,4,4,11,4,8,3,1,0,1,2,0
11469,9,4,11,2,7,0,0,1,1,0,1
11470,7,5,11,4,12,1,1,1,2,2,0
11471,12,1,15,2,13,0,1,1,2,2,1
11472,5,4,11,4,6,3,1,1,2,2,0
11473,6,4,8,2,5,0,1,1,2,2,0
11474,9,4,11,2,3,0,1,1,2,2,1
11475,3,4,14,4,4,3,1,1,1,2,0
11476,9,4,11,2,3,0,1,1,2,2,1
11477,5,4,8,4,7,1,0,1,1,2,0
11478,6,4,11,2,1,0,1,1,2,2,0
11479,5,5,15,2,12,5,1,0,2,2,1
11480,13,4,15,2,10,0,1,1,1,2,0
11481,11,7,15,2,10,0,1,1,2,2,1
11482,10,4,15,6,8,4,1,0,2,2,0
11483,12,4,15,6,1,1,1,0,0,2,0
11484,11,4,9,0,12,1,1,1,2,2,0
11485,7,2,12,2,10,0,0,1,2,2,0
11486,6,4,9,2,12,0,1,1,2,2,1
11487,6,2,9,2,4,0,1,1,2,2,1
11488,7,4,11,2,8,0,1,1,2,2,0
11489,12,4,11,2,3,0,1,1,2,2,0
11490,13,4,9,2,10,0,1,1,2,2,0
11491,5,4,11,4,12,1,0,1,2,2,0
11492,11,4,14,2,4,0,1,1,2,2,0
11493,3,4,15,4,1,3,1,0,2,2,0
11494,7,4,10,4,10,1,1,0,1,2,0
11495,7,4,11,0,1,4,1,0,2,2,0
11496,11,4,10,6,10,4,1,0,2,2,0
11497,11,4,12,2,10,0,1,1,2,2,1
11498,10,4,11,2,3,0,1,1,0,2,0
11499,6,4,15,2,10,0,1,1,2,1,1
11500,7,1,11,2,4,0,1,1,2,2,0
11501,6,1,9,2,1,0,1,1,2,2,0
11502,5,4,3,4,8,1,1,0,2,4,0
11503,7,4,11,2,14,0,0,1,2,2,1
11504,7,4,0,2,6,5,1,0,2,2,0
11505,6,4,15,2,12,0,1,1,1,2,0
11506,8,4,11,4,3,1,1,1,2,2,0
11507,9,2,11,2,13,0,0,1,3,2,0
11508,4,0,11,4,0,3,1,0,1,2,0
11509,9,4,11,2,3,0,1,1,2,2,1
11510,4,4,11,2,6,0,1,1,2,2,0
11511,5,4,9,4,4,3,1,1,2,2,0
11512,5,1,9,6,10,4,1,0,2,2,0
11513,8,4,11,2,14,0,1,1,2,2,1
11514,11,4,11,2,3,0,1,1,2,2,1
11515,3,4,0,4,3,1,1,1,1,2,0
11516,9,0,11,2,0,0,1,1,2,2,1
11517,11,4,15,2,10,0,0,1,1,2,0
11518,7,2,9,2,10,0,1,1,2,2,1
11519,3,4,0,2,6,0,0,1,1,2,0
11520,10,4,15,2,12,0,1,1,2,2,1
11521,7,4,9,2,1,5,1,0,2,2,1
11522,8,4,15,6,8,1,0,0,2,2,0
11523,10,4,1,2,3,0,1,1,1,2,1
11524,4,7,9,4,10,1,0,1,1,2,0
11525,4,4,8,4,12,3,0,1,1,2,0
11526,12,4,15,6,1,1,1,0,2,2,0
11527,7,4,8,2,1,0,1,1,2,2,1
11528,14,4,7,2,12,0,1,1,2,2,1
11529,9,2,11,2,11,0,1,1,2,2,1
11530,6,4,15,2,8,0,0,1,2,2,0
11531,11,4,11,2,8,0,1,1,2,2,0
11532,9,4,15,2,3,0,1,1,2,2,0
11533,6,6,11,2,5,0,1,1,2,2,0
11534,11,4,11,2,12,0,0,1,2,2,0
11535,6,4,15,2,8,0,1,1,1,2,0
11536,6,4,11,2,3,0,1,1,2,2,0
11537,6,4,5,0,9,4,1,0,2,0,0
11538,11,4,1,2,12,0,1,1,1,2,1
11539,12,4,15,2,3,0,1,1,2,2,0
11540,7,4,15,2,8,5,1,0,2,2,1
11541,3,4,9,2,4,0,1,1,0,2,0
11542,7,4,11,2,6,0,1,1,2,2,0
11543,7,6,11,0,3,4,1,1,2,2,0
11544,6,4,15,2,14,0,1,1,2,2,1
11545,11,6,8,2,10,0,0,1,2,2,0
11546,3,4,15,4,8,1,1,1,1,2,0
11547,10,4,7,2,1,5,1,0,2,2,0
11548,10,4,9,4,4,1,1,0,2,2,0
11549,6,4,9,5,1,4,1,0,1,2,0
11550,5,4,6,2,3,0,1,1,2,1,0
11551,8,4,11,2,4,0,1,1,1,2,1
11552,4,4,1,4,8,3,1,0,1,2,0
11553,4,4,15,4,12,3,1,0,2,2,0
11554,6,6,11,2,3,0,1,1,2,2,0
11555,11,4,6,2,7,0,1,1,2,2,1
11556,9,6,15,2,4,0,1,1,2,2,0
11557,6,4,11,2,4,0,1,1,2,2,1
11558,9,0,11,2,0,0,1,1,2,2,1
11559,12,0,12,6,0,4,1,1,4,2,1
11560,11,2,15,0,1,1,1,1,2,2,0
11561,5,2,12,4,1,3,1,0,2,2,0
11562,12,4,4,2,8,0,1,1,1,2,0
11563,7,4,2,0,9,1,0,1,2,2,1
11564,7,4,9,0,4,1,0,0,1,2,1
11565,6,4,11,4,12,3,1,0,2,2,0
11566,3,4,11,4,3,1,1,0,1,2,0
11567,3,4,11,4,1,1,1,0,1,2,0
11568,6,4,1,0,7,4,0,0,2,2,0
11569,5,4,11,4,14,1,1,1,1,2,0
11570,9,4,11,2,14,0,1,1,2,2,0
11571,6,1,11,2,1,5,1,0,1,2,0
11572,5,6,12,4,4,4,1,1,2,2,0
11573,5,4,8,2,6,0,1,1,2,2,1
11574,6,2,11,2,11,0,1,1,2,2,0
11575,7,4,15,0,4,4,1,1,2,2,0
11576,9,4,8,0,1,1,1,0,2,2,0
11577,7,4,3,2,7,0,1,1,2,2,0
11578,5,0,8,4,0,3,1,0,2,2,0
11579,7,0,2,2,0,0,1,1,2,2,1
11580,11,4,5,2,9,0,0,1,2,2,1
11581,8,0,7,2,0,0,1,1,2,2,0
11582,9,2,14,0,10,1,1,1,2,2,0
11583,11,4,11,2,3,0,1,1,2,2,0
11584,5,4,6,4,12,1,1,1,1,2,0
11585,6,6,14,2,10,5,0,0,1,2,0
11586,6,4,9,2,4,0,1,1,1,2,1
11587,7,4,9,2,7,0,1,1,2,2,1
11588,5,4,15,4,8,3,0,1,2,2,0
11589,5,8,9,5,6,1,1,1,2,2,0
11590,4,4,11,4,8,1,1,0,2,2,0
11591,12,6,11,2,12,0,1,1,2,2,0
11592,4,4,11,4,3,1,1,1,0,2,0
11593,6,4,11,2,7,0,0,1,2,4,1
11594,8,4,11,2,7,0,1,1,1,2,0
11595,6,4,11,4,13,1,1,1,4,2,1
11596,5,4,15,4,12,1,1,0,2,2,1
11597,9,7,15,0,1,4,0,0,2,0,0
11598,7,4,11,2,8,0,0,1,2,2,1
11599,9,4,9,2,4,0,1,1,2,2,0
11600,9,4,11,2,8,0,1,1,1,2,1
11601,6,4,1,2,3,0,1,1,1,2,0
11602,8,4,11,5,8,4,1,0,2,2,1
11603,4,2,15,4,10,1,1,0,1,2,0
11604,12,6,12,5,10,1,0,0,4,2,0
11605,4,2,11,4,14,1,1,1,1,2,0
11606,7,4,11,2,14,0,1,1,2,2,0
11607,7,0,15,5,0,2,1,0,1,2,0
11608,3,4,11,4,6,1,0,1,1,2,0
11609,5,4,12,4,10,4,1,0,2,2,0
11610,9,4,9,2,3,2,1,1,2,2,0
11611,6,4,1,5,7,1,1,1,2,2,0
11612,7,6,7,2,7,0,1,1,2,2,0
11613,4,4,1,4,14,3,1,1,2,2,0
11614,10,4,11,2,7,0,1,1,2,2,0
11615,8,4,9,2,4,0,1,1,2,2,1
11616,17,4,15,6,1,4,1,0,1,1,0
11617,11,0,15,2,0,0,0,1,1,2,0
11618,5,4,12,2,10,0,1,1,3,2,0
11619,13,4,11,2,3,0,1,1,1,2,0
11620,5,4,15,2,10,0,1,1,2,2,0
11621,8,4,7,4,8,1,1,0,2,2,0
11622,6,4,15,2,1,5,1,0,3,2,1
11623,3,4,9,4,12,3,1,0,2,2,1
11624,10,4,15,5,8,4,1,1,2,2,1
11625,8,4,15,2,3,0,1,1,2,2,0
11626,7,6,12,0,4,1,1,1,2,2,0
11627,11,4,11,2,7,0,1,1,3,2,0
11628,5,4,11,4,8,3,0,0,2,2,0
11629,6,4,12,4,10,1,1,0,1,2,0
11630,8,7,1,2,2,0,0,1,3,0,0
11631,9,4,11,2,8,0,1,1,2,2,0
11632,4,4,9,4,12,1,1,1,0,2,0
11633,7,4,15,0,12,1,1,0,2,2,0
11634,6,6,11,2,12,0,1,1,2,2,1
11635,4,4,9,2,10,5,1,0,1,2,0
11636,11,4,15,2,4,0,1,1,2,2,0
11637,6,4,9,2,6,0,1,1,2,2,0
11638,5,4,1,4,7,3,1,1,2,2,0
11639,3,1,7,4,1,1,1,1,0,2,0
11640,7,4,15,0,1,1,1,1,2,2,0
11641,6,4,15,2,5,0,1,1,2,2,0
11642,15,4,8,6,6,1,0,1,3,2,0
11643,7,6,11,4,8,1,1,0,2,2,0
11644,10,4,1,2,3,0,1,1,2,2,0
11645,3,4,11,4,7,1,1,1,0,2,0
11646,9,6,11,2,14,0,0,1,2,2,0
11647,5,4,15,4,11,1,1,1,2,2,0
11648,8,4,11,2,12,0,1,1,2,2,1
11649,3,5,11,4,3,3,1,1,1,2,0
11650,9,4,7,2,1,5,1,0,2,2,1
11651,8,4,15,2,6,0,1,1,2,2,0
11652,11,4,12,0,4,1,1,0,2,2,1
11653,7,4,15,2,12,5,1,0,2,2,0
11654,9,4,2,0,1,3,1,0,2,2,0
11655,12,4,14,6,4,4,1,0,0,2,0
11656,8,4,5,2,10,0,1,1,2,2,0
11657,13,4,11,2,8,0,1,1,0,2,0
11658,7,4,11,4,7,3,1,1,1,2,0
11659,5,0,15,2,0,5,1,0,2,2,0
11660,5,4,15,0,4,3,1,1,2,2,0
11661,8,4,9,2,4,0,1,1,1,2,1
11662,6,4,7,2,7,0,1,1,2,2,0
11663,5,4,8,4,1,1,1,1,1,2,0
11664,7,5,11,2,12,0,1,1,2,1,1
11665,9,5,9,0,13,4,1,0,1,1,0
11666,4,4,14,0,10,4,1,0,0,2,0
11667,7,6,5,2,3,0,1,1,2,2,0
11668,6,6,8,4,1,1,1,0,2,2,0
11669,3,7,11,4,1,3,1,0,2,2,0
11670,4,4,9,4,12,3,0,1,1,2,0
11671,7,4,9,0,10,4,0,0,2,2,0
11672,12,4,15,2,7,0,1,1,2,2,1
11673,8,4,15,2,3,0,1,1,3,2,0
11674,7,4,11,0,7,1,1,1,2,2,1
11675,3,4,8,4,12,3,1,1,1,2,0
11676,10,4,11,2,6,0,1,1,3,2,1
11677,5,4,15,2,12,5,1,0,2,2,0
11678,6,1,14,2,10,0,1,1,2,2,0
11679,3,4,0,4,6,1,1,1,1,2,0
11680,7,1,1,0,14,1,1,1,3,2,0
11681,7,2,9,2,10,0,1,1,2,2,1
11682,9,4,9,2,10,0,1,1,3,2,1
11683,4,4,11,4,6,1,0,1,2,2,0
11684,7,6,1,2,3,0,1,1,2,2,1
11685,11,7,9,0,4,1,1,1,2,2,0
11686,8,4,8,2,1,5,0,0,2,4,1
11687,9,6,12,2,12,0,1,1,2,2,0
11688,8,4,9,2,1,0,1,1,2,2,0
11689,9,4,0,4,7,1,1,0,2,2,0
11690,12,4,15,2,7,3,1,1,1,2,0
11691,10,2,11,2,3,0,1,1,2,2,0
11692,6,4,15,3,3,4,1,0,2,2,0
11693,6,4,9,2,10,0,1,1,4,2,1
11694,4,4,11,4,5,3,1,1,2,2,0
11695,8,5,15,2,12,0,1,1,2,2,1
11696,5,4,11,4,3,3,1,0,1,2,0
11697,4,4,11,4,7,3,0,0,1,2,0
11698,8,4,0,2,8,0,1,1,2,2,1
11699,4,4,11,4,1,3,1,1,3,2,0
11700,8,5,9,2,10,0,1,1,3,2,0
11701,7,0,11,2,0,0,1,1,2,2,0
11702,8,4,9,4,1,1,0,0,2,2,0
11703,5,4,10,4,10,3,1,1,2,2,0
11704,13,4,15,2,6,0,1,1,2,2,1
11705,9,4,15,2,11,0,1,1,2,2,1
11706,8,4,11,2,14,0,1,1,2,2,1
11707,6,4,10,4,10,3,1,1,2,2,0
11708,9,7,10,2,5,0,1,1,2,2,1
11709,7,4,15,2,3,0,1,1,1,2,1
11710,4,4,12,4,8,1,1,0,2,2,0
11711,9,7,7,2,10,0,1,1,2,2,1
11712,12,4,15,0,1,3,1,0,2,2,0
11713,4,6,9,4,12,1,0,0,2,2,0
11714,8,4,11,2,12,0,1,1,1,2,1
11715,9,4,11,2,3,0,1,1,2,2,1
11716,4,4,10,4,10,3,1,0,2,2,0
11717,10,4,5,2,9,5,1,1,2,2,0
11718,9,4,11,2,4,0,1,1,1,2,0
11719,6,4,11,4,7,3,1,1,2,2,0
11720,7,4,1,2,6,0,0,1,2,2,0
11721,4,4,11,4,8,3,1,0,2,2,0
11722,7,4,15,0,12,4,1,1,2,2,0
11723,12,4,15,2,11,0,0,1,1,0,1
11724,5,4,9,2,4,0,1,1,2,2,0
11725,6,4,9,2,13,5,0,0,2,2,1
11726,10,4,1,2,3,0,1,1,2,2,0
11727,7,6,11,4,4,1,1,1,2,2,0
11728,5,4,15,0,10,1,1,1,2,2,0
11729,6,4,11,0,7,4,0,0,3,2,0
11730,6,2,9,2,10,0,1,1,3,2,1
11731,9,4,15,2,4,0,1,1,1,2,1
11732,3,4,11,4,14,1,1,1,2,2,0
11733,3,7,9,4,10,1,1,0,0,2,0
11734,4,4,1,4,3,1,1,0,1,2,0
11735,4,7,11,4,1,1,1,0,1,2,0
11736,9,4,11,4,6,3,1,0,2,2,0
11737,5,4,15,2,4,0,1,1,2,2,0
11738,10,4,11,2,3,0,1,1,2,2,1
11739,5,6,1,0,5,1,1,1,2,2,0
11740,4,4,15,4,5,3,1,1,0,2,0
11741,5,4,11,4,4,3,1,1,2,2,0
11742,9,4,11,2,5,0,0,1,2,2,1
11743,8,4,9,2,1,0,1,1,2,2,1
11744,3,4,14,4,4,1,1,0,1,2,0
11745,7,4,9,2,10,0,1,1,2,2,1
11746,6,4,9,2,10,0,1,1,2,2,0
11747,7,6,11,2,5,0,1,1,2,2,0
11748,11,4,9,2,6,0,1,1,2,2,1
11749,9,4,11,2,1,0,1,1,2,2,0
11750,7,5,9,2,12,0,1,1,2,2,1
11751,6,4,15,2,10,0,0,1,3,2,0
11752,12,4,11,2,3,0,1,1,2,2,1
11753,7,0,11,2,0,0,1,1,3,2,0
11754,6,4,9,0,10,4,1,1,2,2,1
11755,6,1,9,2,10,0,1,1,2,2,0
11756,5,0,15,4,0,3,1,0,2,4,0
11757,10,4,15,0,1,1,0,0,2,2,0
11758,3,4,13,4,7,3,1,0,1,2,0
11759,13,2,12,0,10,1,0,1,1,2,0
11760,8,2,9,2,4,0,1,1,2,2,1
11761,11,4,11,2,7,0,0,1,2,2,0
11762,5,4,15,0,8,1,1,0,2,2,0
11763,5,4,15,4,1,1,1,0,2,2,1
11764,7,4,11,2,3,0,1,1,2,2,1
11765,11,6,15,6,12,1,1,0,2,2,0
11766,11,4,9,0,1,1,0,0,2,2,0
11767,10,4,8,2,1,5,1,0,2,2,1
11768,10,0,11,0,3,1,1,1,1,2,0
11769,6,4,11,4,1,2,1,0,2,2,1
11770,8,1,15,4,1,1,1,0,3,2,0
11771,5,4,11,4,3,1,1,1,2,2,0
11772,9,7,15,0,1,1,1,0,2,2,0
11773,8,2,12,2,10,0,1,1,1,2,1
11774,5,4,11,4,1,1,1,0,2,2,0
11775,5,4,1,4,8,2,1,0,1,2,0
11776,3,2,9,4,4,3,1,0,1,2,0
11777,10,4,11,2,1,0,1,1,2,2,0
11778,8,4,15,0,1,1,0,1,2,2,0
11779,6,4,15,2,1,0,1,1,2,2,1
11780,8,0,9,6,0,1,1,0,2,2,0
11781,7,4,9,4,4,3,1,0,2,2,0
11782,9,0,11,4,0,2,1,1,2,2,0
11783,5,2,15,4,8,3,1,0,0,2,0
11784,4,0,10,4,0,3,1,0,2,2,0
11785,8,2,9,2,11,0,1,1,1,2,0
11786,10,4,15,2,13,5,1,0,2,2,1
11787,9,7,9,2,4,0,1,1,3,2,0
11788,10,4,11,2,12,0,1,1,2,2,0
11789,3,1,15,4,4,1,1,0,2,2,0
11790,10,4,7,2,4,0,1,1,2,2,0
11791,8,4,11,2,10,0,1,1,3,2,0
11792,6,4,15,2,14,0,0,1,2,2,0
11793,10,4,15,2,4,0,1,1,1,2,0
11794,5,1,9,2,4,0,1,1,2,2,0
11795,4,4,15,4,12,1,1,0,2,2,0
11796,4,4,15,4,8,3,1,0,1,2,0
11797,6,4,6,4,3,1,1,1,1,2,0
11798,3,5,11,4,4,3,1,1,1,2,0
11799,9,4,11,2,3,0,1,1,2,2,0
11800,8,4,15,4,3,3,1,1,2,2,0
11801,6,6,11,0,3,4,1,1,2,2,1
11802,6,0,2,2,0,0,0,1,2,2,1
11803,7,4,11,2,5,0,1,1,2,2,1
11804,6,4,9,2,10,5,1,0,2,2,0
11805,7,4,12,2,6,0,1,1,1,2,1
11806,6,2,15,2,11,0,1,1,1,2,1
11807,6,7,11,4,10,1,1,0,1,2,1
11808,8,4,11,2,6,0,1,1,3,2,0
11809,10,4,12,0,8,4,1,0,2,2,0
11810,7,4,8,2,6,0,1,1,2,2,1
11811,7,4,4,2,3,0,1,1,1,2,0
11812,10,4,1,2,8,0,0,1,2,2,0
11813,5,4,11,4,1,3,1,1,2,2,0
11814,3,4,11,4,7,1,1,1,0,2,0
11815,6,4,11,0,12,1,1,0,0,2,0
11816,7,7,9,0,1,2,0,0,1,2,0
11817,9,1,11,4,1,1,1,1,1,2,0
11818,8,4,9,4,4,1,1,0,2,2,0
11819,14,4,9,2,12,0,1,1,2,2,0
11820,10,4,11,2,3,0,1,1,3,2,0
11821,5,4,15,2,4,0,1,1,2,2,1
11822,11,5,9,2,4,5,1,0,2,2,0
11823,5,4,11,2,14,0,1,1,2,2,1
11824,11,4,15,0,10,1,1,1,2,2,0
11825,12,4,9,6,12,3,1,1,2,2,0
11826,11,0,9,2,0,0,1,1,0,2,1
11827,7,4,8,2,4,0,1,1,2,2,1
11828,6,4,11,4,3,2,1,1,4,2,1
11829,4,4,11,4,1,1,1,0,2,2,0
11830,6,4,8,4,4,1,1,0,2,2,0
11831,14,4,8,2,3,0,1,1,1,2,0
11832,5,4,5,2,3,0,0,1,2,0,0
11833,7,5,11,2,3,0,1,1,2,2,1
11834,6,0,9,4,0,1,1,0,2,2,0
11835,11,4,12,2,4,0,1,1,2,2,1
11836,10,2,15,2,8,0,1,1,2,2,0
11837,4,4,11,4,1,1,1,1,2,2,1
11838,5,4,11,4,1,1,1,0,2,2,1
11839,4,0,15,4,0,3,1,1,2,2,0
11840,8,4,15,2,8,0,1,1,2,2,0
11841,7,7,15,2,13,0,1,1,2,2,0
11842,6,5,9,4,4,1,0,1,2,0,0
11843,6,4,11,0,8,1,1,0,2,2,1
11844,7,6,12,2,5,0,1,1,2,2,0
11845,5,4,11,0,3,3,1,1,2,2,0
11846,7,4,9,4,4,3,1,1,2,2,0
11847,5,4,11,4,8,3,1,0,1,2,0
11848,5,4,15,4,1,2,1,0,2,2,0
11849,9,5,7,0,10,0,1,1,1,2,0
11850,10,4,11,2,14,0,1,1,2,2,0
11851,11,4,5,0,10,1,1,1,2,2,0
11852,6,5,15,2,4,5,1,0,2,2,1
11853,11,4,9,6,11,3,1,1,2,2,0
11854,3,4,8,4,10,4,1,0,4,2,0
11855,5,3,8,2,5,0,1,1,2,2,0
11856,3,0,15,4,0,3,1,1,2,2,0
11857,11,4,14,2,10,0,1,1,2,2,0
11858,13,4,9,2,4,0,1,1,2,2,1
11859,9,0,15,2,0,0,1,1,2,2,0
11860,12,4,11,0,7,3,1,0,2,2,0
11861,6,4,15,2,4,0,1,1,2,2,0
11862,9,4,15,2,3,0,1,1,2,2,1
11863,11,0,15,0,0,1,1,1,2,2,0
11864,4,4,11,4,14,3,1,1,1,2,0
11865,15,4,11,2,1,5,1,0,2,2,0
11866,12,4,7,2,10,0,0,1,2,2,1
11867,11,4,11,2,12,0,1,1,2,2,0
11868,7,4,12,2,4,5,1,0,3,2,0
11869,5,4,11,2,3,0,1,1,2,2,0
11870,9,4,15,4,7,3,1,0,2,2,0
11871,7,4,11,4,3,3,1,0,2,2,0
11872,11,5,15,2,4,0,1,1,2,2,0
11873,11,4,15,2,1,5,1,0,2,2,1
11874,5,4,11,4,12,3,1,1,2,2,0
11875,15,0,2,0,0,1,1,0,0,2,0
11876,7,0,15,4,0,1,1,1,2,2,1
11877,4,0,11,4,0,1,1,0,1,2,0
11878,4,5,9,4,4,3,1,1,2,2,0
11879,6,0,2,2,0,0,0,1,4,0,0
11880,6,5,9,2,4,0,1,1,4,2,0
11881,6,7,15,2,4,5,0,0,3,2,1
11882,5,4,8,2,4,0,1,1,2,2,1
11883,4,4,15,4,1,3,1,0,2,2,0
11884,5,0,10,2,0,0,1,1,2,2,0
11885,6,4,11,4,14,1,1,1,2,2,0
11886,11,4,11,2,12,5,1,0,1,2,0
11887,8,4,11,0,8,1,1,1,2,2,0
11888,4,5,9,4,4,2,0,1,0,0,0
11889,10,2,14,2,10,0,1,1,2,2,1
11890,11,4,8,2,3,0,1,1,3,2,0
11891,8,4,15,2,5,0,1,1,2,1,0
11892,7,6,12,0,12,1,1,0,3,2,0
11893,5,4,11,4,7,3,1,1,2,2,0
11894,6,4,11,2,14,0,1,1,2,1,0
11895,9,4,11,2,8,5,1,0,2,2,0
11896,8,4,9,2,12,5,1,0,2,2,0
11897,4,4,11,2,3,0,1,1,2,2,0
11898,4,4,9,2,11,5,1,1,2,2,0
11899,12,4,11,0,4,1,1,1,2,2,0
11900,10,4,11,2,7,0,1,1,3,2,1
11901,10,2,9,4,10,1,1,0,3,2,0
11902,6,5,11,2,12,0,1,1,2,2,1
11903,6,4,9,2,10,0,1,1,2,2,0
11904,8,1,9,2,1,0,1,1,2,2,0
11905,6,4,11,2,7,0,1,1,2,2,0
11906,6,5,15,4,4,1,1,1,2,2,0
11907,7,1,9,2,4,0,1,1,2,2,0
11908,4,4,11,2,1,0,1,1,2,2,1
11909,5,4,1,6,8,4,1,0,0,2,0
11910,9,4,2,2,5,0,1,1,2,2,0
11911,11,7,9,2,10,0,1,1,2,2,0
11912,10,6,15,2,3,0,1,1,1,2,1
11913,7,4,11,4,3,3,1,1,2,2,0
11914,13,4,11,2,5,0,1,1,1,2,1
11915,7,7,11,4,4,4,1,0,2,2,0
11916,7,4,15,2,12,0,1,1,2,2,1
11917,7,6,11,0,12,1,1,0,2,2,0
11918,8,4,15,4,12,1,1,0,2,2,0
11919,5,4,10,2,4,0,1,1,2,2,1
11920,6,2,9,2,10,0,1,1,2,2,0
11921,5,5,7,2,4,5,1,0,1,2,0
11922,9,4,15,2,14,0,1,1,2,2,0
11923,3,5,12,4,12,1,1,1,0,2,0
11924,5,0,15,2,0,0,1,1,2,2,0
11925,4,4,11,2,12,0,1,1,1,2,0
11926,4,4,15,4,12,3,1,1,1,1,0
11927,13,4,9,6,1,4,1,0,1,2,0
11928,4,4,15,4,8,3,1,1,2,0,0
11929,6,4,11,4,8,1,0,0,1,0,0
11930,8,4,0,2,14,0,0,1,2,2,0
11931,9,4,9,0,1,4,1,0,2,2,0
11932,5,4,11,2,7,0,1,1,1,2,1
11933,9,6,9,2,4,0,0,1,2,2,0
11934,7,4,11,2,5,0,1,1,3,2,0
11935,15,4,11,4,12,2,1,0,0,2,0
11936,7,2,15,2,11,0,1,1,2,2,0
11937,8,4,11,4,11,1,1,1,2,2,0
11938,7,4,9,2,12,0,1,1,2,2,1
11939,9,6,7,2,12,0,1,1,2,2,1
11940,8,2,9,2,10,0,1,1,1,2,0
11941,6,5,15,2,11,0,0,1,0,2,1
11942,11,4,11,6,3,1,1,1,2,2,1
11943,10,4,6,2,7,0,0,1,2,0,0
11944,3,4,15,4,1,1,1,0,3,2,0
11945,9,4,11,2,14,0,0,1,2,4,1
11946,6,4,11,0,3,1,1,1,2,2,0
11947,8,4,6,2,9,5,1,0,2,2,1
11948,12,4,15,4,8,4,1,0,1,2,0
11949,4,0,15,4,0,3,1,0,2,2,0
11950,4,1,9,4,1,1,1,0,0,2,0
11951,8,4,12,4,4,1,1,0,2,2,0
11952,10,4,11,4,7,3,1,1,1,2,0
11953,6,4,6,2,9,0,0,1,2,2,1
11954,7,1,11,2,1,0,1,1,2,2,0
11955,5,4,15,4,8,1,0,0,1,2,0
11956,7,7,9,2,10,0,1,1,2,2,1
11957,4,4,9,4,12,4,1,0,1,2,0
11958,8,4,11,6,1,4,1,0,2,2,0
11959,11,5,0,2,3,0,1,1,2,2,0
11960,5,0,1,4,0,1,1,1,1,2,0
11961,6,4,11,0,3,1,1,0,2,2,0
11962,4,4,15,2,12,0,1,1,1,2,0
11963,15,4,11,6,1,1,1,0,3,2,0
11964,4,4,8,4,1,1,1,0,2,2,0
11965,8,4,11,0,1,4,1,0,2,2,0
11966,7,4,15,0,1,1,0,0,2,2,0
11967,4,4,11,4,3,1,1,1,2,2,0
11968,4,4,9,4,1,1,1,0,2,2,0
11969,9,2,11,2,14,0,1,1,2,2,0
11970,8,4,11,2,1,0,1,1,2,2,1
11971,4,0,11,4,0,1,1,1,1,2,0
11972,6,4,15,2,10,0,1,1,3,2,0
11973,16,4,11,2,12,0,1,1,1,2,0
11974,5,4,15,4,1,1,1,0,2,2,0
11975,7,4,15,4,12,4,1,0,1,2,0
11976,13,4,9,1,10,4,1,0,2,2,0
11977,8,6,9,0,1,4,1,0,2,2,0
11978,8,4,11,0,8,3,0,0,3,3,0
11979,5,4,11,4,12,1,1,1,2,2,0
11980,8,4,0,4,8,3,1,0,2,2,0
11981,4,4,11,4,1,3,1,0,2,2,0
11982,7,4,1,4,7,1,0,1,2,2,1
11983,8,4,0,2,8,5,1,0,1,2,0
11984,5,0,2,4,0,2,1,1,1,2,0
11985,8,6,9,2,3,0,1,1,2,2,1
11986,11,4,5,2,5,0,1,1,2,2,0
11987,8,4,11,0,8,1,1,0,2,2,0
11988,6,4,9,2,12,0,1,1,2,2,1
11989,9,4,11,2,8,0,0,1,1,2,0
11990,6,4,15,2,11,0,1,1,2,2,1
11991,6,4,0,4,8,1,1,0,1,2,1
11992,6,4,11,2,5,0,1,1,3,2,1
11993,9,2,4,2,8,5,1,0,1,2,0
11994,7,4,8,2,12,0,1,1,2,2,1
11995,11,2,11,2,10,0,1,1,2,2,1
11996,5,4,1,4,7,4,1,0,2,2,0
11997,8,4,11,4,3,1,1,1,2,2,0
11998,8,4,9,2,10,0,0,1,3,2,0
11999,5,4,1,2,8,0,0,1,2,2,1
12000,7,4,9,2,10,0,1,1,1,2,1
12001,9,4,12,0,12,4,1,0,2,2,0
12002,10,2,15,0,1,4,1,0,2,2,0
12003,9,4,11,0,6,1,0,1,2,2,0
12004,7,4,1,2,3,0,0,1,2,2,1
12005,3,4,0,4,5,3,1,1,3,2,0
12006,6,4,6,2,3,0,1,1,2,2,0
12007,14,4,11,6,8,1,1,0,1,2,0
12008,4,4,9,4,4,3,1,1,2,2,0
12009,8,4,6,4,3,3,1,1,2,2,0
12010,8,0,11,2,0,0,1,1,2,2,1
12011,8,4,12,2,12,5,1,0,2,2,1
12012,4,2,14,4,10,1,1,1,2,2,0
12013,5,0,0,4,0,1,1,0,2,2,0
12014,10,6,11,2,3,0,1,1,2,2,0
12015,6,4,15,2,3,0,1,1,1,2,0
12016,11,5,15,2,11,0,1,1,2,2,1
12017,3,5,5,4,10,3,1,0,0,2,0
12018,9,4,15,2,1,5,0,0,2,2,0
12019,5,6,11,2,3,0,1,1,2,2,1
12020,4,4,11,4,12,1,0,0,2,2,0
12021,7,4,15,0,1,4,0,0,2,2,0
12022,8,4,5,2,8,0,0,1,2,2,1
12023,7,2,12,2,10,0,1,1,2,2,1
12024,12,6,11,0,12,1,1,0,2,2,0
12025,3,4,15,4,1,3,1,0,1,2,0
12026,4,4,7,4,13,3,1,0,2,2,0
12027,4,0,11,2,0,0,1,1,2,2,0
12028,4,4,5,0,9,1,1,0,1,2,0
12029,10,4,9,0,4,4,1,0,2,2,0
12030,9,4,11,5,7,4,1,1,2,2,0
12031,4,4,15,0,8,4,0,1,2,4,0
12032,8,6,11,5,8,4,1,1,2,2,0
12033,6,7,14,4,10,1,0,1,2,2,0
12034,10,4,11,2,3,0,1,1,2,2,0
12035,11,4,11,0,1,1,1,0,2,2,0
12036,6,4,11,4,1,1,1,0,2,2,0
12037,8,4,11,0,8,4,1,0,2,2,0
12038,7,5,15,4,4,1,1,1,2,2,1
12039,4,1,11,4,1,2,0,0,1,2,0
12040,6,4,15,4,13,3,0,0,2,2,0
12041,10,5,9,2,4,0,1,1,2,2,1
12042,4,5,15,0,4,4,1,0,2,2,0
12043,10,4,11,2,3,0,1,1,2,2,0
12044,6,6,11,2,3,0,1,1,1,2,0
12045,6,1,15,4,1,3,1,0,2,2,0
12046,5,4,9,4,13,1,1,1,2,2,0
12047,8,4,11,0,1,1,1,1,2,2,0
12048,12,2,11,0,3,1,1,1,2,2,0
12049,4,4,15,0,14,4,1,1,1,2,0
12050,8,4,15,2,12,0,0,1,2,2,0
12051,9,4,14,4,10,3,1,0,2,2,0
12052,7,4,11,0,12,4,1,1,3,2,0
12053,8,4,11,4,3,1,1,1,2,2,0
12054,4,6,0,0,14,1,1,1,2,2,0
12055,7,4,15,0,1,4,0,0,2,2,0
12056,8,5,9,2,4,5,1,0,3,2,1
12057,9,4,15,2,1,0,1,1,2,2,1
12058,3,4,9,0,4,1,1,1,1,2,0
12059,9,2,8,2,3,0,1,1,2,2,0
12060,9,4,8,0,1,1,1,0,2,2,0
12061,7,4,15,4,12,3,1,1,2,4,0
12062,4,4,9,4,12,4,1,0,2,2,0
12063,4,6,9,2,10,0,1,1,1,2,1
12064,5,4,5,4,3,3,1,1,2,2,0
12065,3,1,15,4,1,3,1,0,3,2,0
12066,9,4,12,2,4,0,1,1,2,2,0
12067,4,4,11,4,8,1,1,0,1,2,0
12068,4,4,11,2,3,0,1,1,2,2,0
12069,5,4,15,2,1,0,1,1,1,2,0
12070,9,4,11,2,1,5,0,0,1,2,1
12071,4,0,15,4,0,3,1,0,0,2,0
12072,9,4,6,0,7,4,0,0,2,2,0
12073,8,4,2,2,5,0,1,1,2,2,1
12074,3,5,15,4,4,4,1,0,2,2,0
12075,7,4,11,4,6,1,1,1,2,2,0
12076,10,4,11,2,3,0,1,1,2,2,0
12077,12,1,14,2,10,0,0,1,2,0,0
12078,8,4,15,2,13,0,1,1,2,3,0
12079,5,6,12,2,12,5,1,0,2,2,0
12080,5,4,11,4,8,3,1,0,0,2,0
12081,5,4,11,4,1,1,1,0,2,2,0
12082,6,4,11,2,13,0,1,1,2,2,0
12083,9,4,12,2,10,0,1,1,2,2,0
12084,5,2,15,4,1,1,1,0,2,2,0
12085,8,4,9,0,1,1,1,1,2,2,0
12086,11,4,9,0,1,1,0,0,1,2,0
12087,7,4,15,4,8,1,1,1,2,2,0
12088,6,4,11,2,3,0,1,1,2,2,0
12089,8,4,9,2,10,0,1,1,2,2,0
12090,5,4,11,4,3,1,1,1,2,2,0
12091,7,4,11,2,12,0,1,1,2,2,1
12092,6,2,9,3,10,5,1,0,2,2,1
12093,7,4,9,0,12,1,1,0,1,2,0
12094,11,4,12,5,12,1,1,1,2,2,0
12095,4,4,15,4,12,3,1,0,2,2,0
12096,5,5,11,0,3,2,1,1,2,2,0
12097,8,4,9,0,4,1,1,1,3,2,0
12098,7,4,12,4,10,1,1,0,2,2,0
12099,6,4,9,5,1,1,1,0,2,2,0
12100,13,5,1,6,3,1,1,1,0,2,0
12101,4,4,15,4,7,4,1,1,1,2,0
12102,5,4,11,2,7,0,1,1,2,2,1
12103,7,4,0,0,1,4,1,1,2,2,0
12104,6,4,11,2,8,5,1,0,2,2,0
12105,6,5,11,4,4,3,1,0,4,2,0
12106,11,4,15,2,8,0,1,1,2,1,0
12107,7,6,11,0,8,4,0,0,2,2,1
12108,4,4,11,4,7,3,1,1,1,2,0
12109,6,5,11,0,12,3,1,0,2,2,0
12110,7,4,12,2,10,0,1,1,2,2,1
12111,7,4,9,2,12,0,1,1,2,1,1
12112,9,7,11,2,11,0,1,1,2,2,1
12113,10,4,11,0,12,1,1,0,2,2,0
12114,4,7,12,4,10,1,1,0,2,2,0
12115,4,4,11,4,13,3,1,0,1,2,0
12116,7,0,2,2,0,0,0,1,2,2,1
12117,4,4,15,4,6,1,1,1,2,2,0
12118,7,4,11,2,7,0,1,1,2,2,0
12119,6,4,11,3,7,5,1,0,2,2,1
12120,7,1,5,2,8,0,1,1,2,2,1
12121,7,5,11,0,4,1,1,1,2,2,0
12122,7,5,1,2,8,0,0,1,2,2,1
12123,6,6,7,5,10,1,1,0,2,2,1
12124,8,4,11,4,12,3,0,0,3,2,0
12125,6,4,1,4,14,3,1,1,2,2,0
12126,12,2,9,2,10,0,1,1,2,2,0
12127,4,2,15,4,11,1,1,1,0,2,0
12128,4,4,7,4,4,3,1,0,0,2,0
12129,6,4,11,2,4,0,1,1,2,2,1
12130,7,4,9,2,12,0,1,1,2,2,0
12131,9,6,15,4,7,3,0,0,2,2,0
12132,10,6,11,2,8,0,1,1,2,2,0
12133,4,7,9,0,10,1,1,1,0,2,0
12134,9,4,15,4,4,3,1,1,2,2,0
12135,8,4,11,4,8,3,1,0,2,2,0
12136,5,4,12,4,12,3,1,1,3,2,0
12137,11,4,15,2,3,0,1,1,2,2,0
12138,9,4,11,2,12,0,1,1,2,2,1
12139,6,4,15,4,1,1,1,0,2,2,0
12140,6,4,11,2,1,5,0,0,1,2,1
12141,8,4,12,0,4,1,1,0,1,2,0
12142,6,4,0,2,3,0,1,1,2,2,1
12143,6,4,11,2,3,0,1,1,1,1,1
12144,7,4,5,2,3,0,0,1,2,0,1
12145,10,4,15,2,3,0,1,1,2,2,0
12146,3,4,12,4,10,2,1,1,3,2,0
12147,10,4,15,2,13,0,1,1,2,2,0
12148,5,4,9,4,12,1,0,1,2,2,0
12149,9,2,9,5,10,4,1,0,1,2,0
12150,5,6,12,2,10,0,0,1,2,2,1
12151,7,4,10,2,1,5,1,0,2,4,0
12152,9,4,11,2,3,0,1,1,2,2,1
12153,9,4,11,2,3,0,1,1,3,2,1
12154,8,2,9,2,10,5,0,0,2,2,0
12155,10,5,11,0,4,1,1,1,3,2,0
12156,8,4,9,0,4,1,1,0,2,2,0
12157,9,4,15,2,13,0,1,1,2,2,1
12158,4,0,11,4,0,3,1,0,2,2,0
12159,4,4,10,2,10,0,1,1,2,2,1
12160,9,4,15,2,1,5,1,0,1,2,0
12161,10,4,15,2,1,3,1,0,2,1,0
12162,10,4,11,2,14,0,1,1,2,2,0
12163,5,2,14,2,10,0,0,1,2,2,0
12164,6,4,11,4,12,1,1,1,2,2,0
12165,6,4,7,0,1,4,1,0,3,2,0
12166,6,4,15,2,14,0,1,1,2,2,1
12167,6,4,11,5,7,4,0,1,2,2,0
12168,4,4,6,4,7,1,1,1,2,2,0
12169,11,4,11,2,8,0,1,1,2,2,0
12170,7,4,9,0,12,4,0,0,2,2,0
12171,13,4,11,2,5,0,1,1,0,2,1
12172,8,2,12,5,4,4,1,1,2,2,0
12173,10,4,11,2,10,0,1,1,2,2,0
12174,3,6,11,4,8,1,1,0,1,2,0
12175,9,4,1,2,3,0,1,1,3,2,0
12176,9,4,15,0,3,1,1,1,2,2,0
12177,7,4,9,2,12,1,0,1,2,2,0
12178,5,4,11,4,12,3,1,0,1,2,0
12179,7,6,15,2,10,0,1,1,2,2,0
12180,11,7,9,2,11,0,0,1,2,2,0
12181,8,4,15,2,11,0,1,1,2,4,1
12182,7,4,15,0,3,1,1,0,2,2,0
12183,8,1,11,0,1,1,1,0,2,2,0
12184,8,4,11,2,3,0,1,1,2,0,0
12185,8,4,14,4,10,3,1,0,2,2,0
12186,8,2,15,2,4,0,1,1,1,2,0
12187,10,4,9,2,12,0,1,1,2,2,0
12188,8,4,9,2,4,0,1,1,2,2,0
12189,6,4,8,2,7,0,1,1,2,2,0
12190,7,4,11,4,6,1,1,0,2,2,0
12191,9,4,11,2,7,0,1,1,2,2,0
12192,6,4,11,2,6,0,1,1,2,2,0
12193,13,4,9,2,1,0,1,1,2,2,1
12194,8,4,5,2,10,0,1,1,2,2,1
12195,11,6,9,2,11,0,1,1,1,2,0
12196,4,4,15,4,1,1,1,1,1,2,0
12197,5,4,11,4,14,3,1,1,2,2,0
12198,9,5,11,4,12,3,1,1,2,2,0
12199,5,4,15,4,4,3,1,0,2,2,0
12200,12,4,11,2,7,0,1,1,1,2,1
12201,7,4,8,2,8,0,1,1,3,2,1
12202,5,4,15,2,4,0,1,1,1,2,0
12203,6,4,7,2,4,0,1,1,2,1,1
12204,5,4,11,4,4,3,1,0,2,2,0
12205,5,4,7,2,3,0,1,1,2,2,1
12206,5,6,15,4,3,3,1,1,1,2,0
12207,6,4,11,2,3,0,1,1,2,2,0
12208,10,4,15,2,13,0,1,1,2,2,0
12209,8,4,11,2,3,0,1,1,2,2,1
12210,8,4,15,2,14,0,1,1,2,2,0
12211,13,4,0,2,7,0,1,1,0,2,0
12212,11,6,15,4,12,1,0,1,2,2,0
12213,10,4,11,2,3,0,1,1,3,2,0
12214,9,5,9,4,4,1,1,1,2,2,0
12215,5,4,7,2,12,0,1,1,2,2,1
12216,6,4,15,2,13,5,1,0,2,2,0
12217,5,4,11,4,14,2,1,1,1,2,0
12218,3,4,15,4,12,1,1,0,1,2,0
12219,11,4,1,2,3,0,1,1,2,1,0
12220,4,4,15,4,8,3,1,0,2,2,0
12221,6,4,11,4,14,3,1,1,2,2,0
12222,4,4,15,2,3,0,1,1,2,2,0
12223,11,4,11,2,1,0,1,1,2,2,1
12224,9,4,11,2,12,0,1,1,1,2,1
12225,4,4,15,4,4,1,1,0,1,2,0
12226,5,4,0,4,3,1,1,1,1,2,0
12227,4,4,9,4,13,3,1,0,1,2,0
12228,7,6,11,2,4,0,1,1,2,2,0
12229,7,3,1,2,2,0,0,1,2,2,1
12230,5,4,8,4,7,3,1,1,2,2,0
12231,4,4,11,4,7,1,1,0,2,2,0
12232,4,4,11,4,8,4,1,0,2,2,0
12233,5,4,12,4,1,3,1,0,2,2,0
12234,3,2,7,4,1,1,1,1,2,2,0
12235,3,4,9,4,3,1,1,1,1,2,0
12236,3,4,11,4,1,4,1,0,1,2,0
12237,7,4,15,2,12,0,1,1,2,2,1
12238,7,4,8,2,4,0,1,1,2,2,0
12239,8,6,12,0,1,4,1,0,3,2,0
12240,7,4,11,4,10,4,1,0,2,2,0
12241,4,1,9,4,13,3,1,1,3,2,0
12242,3,6,15,4,4,4,0,1,2,2,0
12243,6,4,15,4,3,1,1,1,2,2,0
12244,10,6,9,2,4,0,1,1,2,2,1
12245,12,6,1,2,3,0,0,1,2,0,0
12246,7,4,9,4,10,3,1,0,2,2,0
12247,6,4,11,2,14,0,1,1,2,2,0
12248,12,4,15,0,12,4,1,0,1,2,0
12249,9,4,11,2,3,0,1,1,2,2,1
12250,10,4,15,0,8,1,0,1,2,2,0
12251,13,4,8,2,5,0,1,1,0,2,1
12252,4,4,15,2,4,5,1,0,1,2,1
12253,6,4,6,4,9,1,1,1,2,2,1
12254,6,5,11,2,12,0,0,1,2,2,1
12255,9,4,15,2,8,0,1,1,2,2,1
12256,10,4,11,2,8,0,1,1,2,2,0
12257,4,7,2,4,11,2,0,1,2,2,1
12258,4,4,11,2,3,0,1,1,3,2,1
12259,8,4,9,6,4,1,1,1,2,2,0
12260,10,4,11,0,1,4,1,0,2,2,0
12261,4,4,11,2,3,0,1,1,1,2,0
12262,9,2,9,2,11,0,1,1,2,2,0
12263,10,4,9,2,4,0,1,1,2,2,0
12264,5,4,15,4,4,3,1,1,2,2,0
12265,9,4,15,4,8,1,1,1,2,2,1
12266,3,4,15,2,4,0,1,1,2,2,0
12267,9,4,11,2,10,0,1,1,2,2,1
12268,5,4,11,2,14,0,1,1,2,2,0
12269,7,4,12,2,4,0,1,1,2,2,1
12270,11,5,9,2,10,0,1,1,2,2,1
12271,4,4,11,4,7,1,1,1,2,2,0
12272,15,7,7,0,4,1,0,0,0,2,0
12273,8,4,11,2,3,0,1,1,2,2,0
12274,11,4,15,2,5,0,1,1,2,2,0
12275,6,4,12,2,4,0,1,1,2,2,1
12276,3,4,15,4,6,1,1,1,4,2,0
12277,8,4,15,2,8,5,1,0,1,2,1
12278,7,4,11,0,14,1,0,1,2,2,0
12279,4,4,11,4,7,3,0,1,2,2,0
12280,9,4,11,4,8,3,1,0,2,2,0
12281,3,5,7,4,4,3,1,0,1,2,0
12282,5,4,15,4,8,3,0,0,2,0,0
12283,4,4,9,4,12,3,0,1,2,0,0
12284,5,4,9,4,10,3,1,1,1,2,0
12285,9,7,9,4,13,1,1,0,2,2,0
12286,8,4,8,2,3,0,1,1,1,2,0
12287,6,5,11,0,4,1,1,0,2,2,0
12288,9,4,15,2,3,0,0,1,2,2,1
12289,9,5,15,5,4,1,1,1,2,2,1
12290,3,4,15,4,1,1,1,0,1,2,0
12291,10,7,11,0,1,3,1,0,2,2,0
12292,6,4,11,2,3,0,1,1,2,2,1
12293,18,4,9,0,10,1,1,0,1,2,0
12294,11,4,15,2,8,5,1,0,4,2,0
12295,10,4,11,2,4,0,1,1,0,2,0
12296,9,4,15,2,12,0,1,1,2,2,0
12297,7,7,9,4,1,3,1,0,2,2,0
12298,6,4,9,4,4,1,0,1,3,2,0
12299,5,6,11,2,4,0,1,1,2,2,0
12300,9,5,11,2,12,0,1,1,1,2,1
12301,9,4,11,2,7,0,1,1,2,2,0
12302,15,7,11,2,1,0,1,1,0,2,0
12303,4,4,7,0,14,3,1,1,1,2,0
12304,6,4,15,2,6,0,0,1,2,2,1
12305,4,4,7,4,3,3,1,1,1,2,0
12306,7,6,9,2,10,0,1,1,2,2,0
12307,9,4,11,2,6,0,1,1,2,2,0
12308,9,4,9,4,13,3,0,1,2,2,0
12309,4,4,9,4,4,3,1,1,2,2,0
12310,5,6,0,4,3,3,1,1,2,2,0
12311,6,4,7,4,4,3,1,1,2,2,0
12312,11,4,9,2,10,0,1,1,2,2,0
12313,9,4,9,0,1,1,1,0,2,2,1
12314,8,5,15,0,4,1,1,1,2,2,0
12315,12,4,11,6,6,1,1,0,2,2,0
12316,7,4,15,2,3,0,0,1,2,2,1
12317,6,4,9,2,10,5,1,0,2,2,0
12318,4,4,11,4,8,1,0,0,2,2,0
12319,7,4,0,4,3,1,1,1,2,2,0
12320,7,4,0,0,8,1,0,0,2,2,0
12321,4,4,5,4,5,3,1,1,1,2,0
12322,9,4,15,4,1,1,1,0,2,2,0
12323,4,6,3,4,2,3,0,1,2,2,0
12324,4,4,9,4,13,3,1,0,2,2,0
12325,4,6,9,4,12,1,1,0,1,2,0
12326,4,2,11,4,8,3,1,0,2,2,1
12327,5,4,12,4,10,3,1,0,2,2,0
12328,4,4,8,4,7,1,1,1,2,2,0
12329,6,4,8,2,3,0,1,1,2,2,1
12330,13,4,12,2,9,0,1,1,2,2,0
12331,8,7,5,0,10,4,1,0,3,2,0
12332,9,2,6,2,14,0,0,1,2,2,0
12333,11,4,15,2,4,0,1,1,2,2,1
12334,6,4,7,2,10,0,1,1,2,2,1
12335,6,2,15,0,8,1,1,0,2,2,1
12336,4,1,11,2,4,0,1,1,2,2,1
12337,7,4,15,2,1,0,0,1,2,2,0
12338,11,4,9,2,11,0,0,1,2,0,0
12339,9,4,8,2,3,0,1,1,2,2,1
12340,11,4,15,2,12,0,1,1,2,2,1
12341,12,4,11,6,3,1,1,1,2,4,0
12342,4,4,6,4,8,1,0,0,2,2,0
12343,10,4,6,6,14,1,1,1,2,2,0
12344,8,7,11,2,4,0,1,1,2,2,1
12345,9,6,15,2,3,0,1,1,2,2,0
12346,7,4,15,2,3,0,1,1,2,1,0
12347,8,4,7,2,10,0,1,1,2,2,1
12348,5,7,14,4,10,3,1,0,2,2,0
12349,10,2,12,2,4,0,1,1,2,2,0
12350,6,4,15,2,3,0,1,1,0,2,1
12351,3,1,15,4,1,3,1,0,2,2,0
12352,4,4,11,4,14,1,1,1,2,2,0
12353,8,4,11,0,1,4,1,0,2,2,0
12354,10,4,15,2,8,0,1,1,2,2,0
12355,7,4,9,0,8,4,0,0,2,2,0
12356,8,4,11,2,1,5,1,0,2,2,1
12357,6,6,11,2,5,0,1,1,2,2,0
12358,5,4,11,2,4,0,0,1,2,2,1
12359,4,4,11,4,8,1,1,0,0,2,0
12360,4,4,11,4,6,3,1,1,2,2,0
12361,6,4,15,0,8,4,1,0,4,2,0
12362,7,0,2,2,0,0,0,1,2,2,1
12363,4,2,11,2,1,0,0,1,2,2,0
12364,10,4,12,2,4,0,1,1,3,2,1
12365,9,2,9,2,10,0,1,1,2,2,0
12366,11,4,11,2,1,5,1,0,2,2,0
12367,8,4,12,5,6,4,0,0,2,2,0
12368,14,4,1,2,7,0,1,1,1,2,1
12369,6,4,8,4,1,4,1,0,3,2,0
12370,10,4,15,2,3,0,1,1,2,0,1
12371,10,4,11,2,3,0,1,1,3,2,0
12372,6,4,11,4,4,1,1,0,3,2,0
12373,3,4,12,4,6,1,1,1,4,2,0
12374,4,4,12,2,4,0,1,1,2,2,0
12375,5,4,11,4,7,3,1,0,0,2,0
12376,4,4,0,4,1,3,1,0,2,2,0
12377,8,4,15,0,8,4,1,0,2,2,0
12378,4,5,15,4,10,3,0,0,1,2,0
12379,4,7,0,4,5,3,1,1,0,2,0
12380,4,4,15,4,7,1,0,1,1,2,0
12381,8,1,9,0,1,4,1,0,4,2,0
12382,9,4,15,2,14,0,1,1,2,2,1
12383,10,4,15,2,12,5,1,0,2,2,1
12384,7,6,11,2,12,0,1,1,1,2,1
12385,9,6,11,2,3,0,1,1,3,2,0
12386,5,2,7,2,4,0,1,1,2,2,1
12387,8,4,11,2,1,0,0,1,3,2,1
12388,10,4,11,2,3,0,1,1,2,2,1
12389,9,2,15,5,8,1,1,1,2,2,1
12390,3,6,5,4,8,4,0,0,0,2,0
12391,9,6,11,0,1,1,1,0,1,2,0
12392,9,4,15,4,12,1,1,1,2,2,0
12393,5,2,12,0,10,1,1,0,2,2,0
12394,9,4,9,2,12,0,1,1,3,2,1
12395,13,6,12,2,4,0,1,1,2,2,0
12396,12,4,15,2,1,0,1,1,2,2,0
12397,5,2,9,4,10,1,1,1,2,2,0
12398,6,4,11,4,1,3,0,0,2,2,0
12399,8,2,1,2,8,5,1,0,2,2,0
12400,8,4,15,0,8,1,0,0,2,4,0
12401,11,4,12,0,12,4,1,0,3,2,0
12402,7,4,0,2,8,5,1,0,2,2,1
12403,9,4,15,5,1,1,1,0,2,2,1
12404,7,5,7,2,12,0,1,1,2,2,0
12405,3,4,15,4,8,1,1,1,2,2,0
12406,7,4,9,2,3,0,1,1,2,2,1
12407,13,4,11,6,14,1,1,1,2,2,0
12408,6,4,15,2,8,0,1,1,2,2,0
12409,6,4,9,2,13,0,1,1,2,2,0
12410,10,4,9,2,12,0,1,1,2,2,1
12411,6,4,11,2,7,0,0,1,1,2,1
12412,8,4,11,2,14,0,1,1,2,2,0
12413,4,4,15,4,1,3,1,0,2,2,0
12414,7,4,15,4,1,3,1,0,2,2,0
12415,9,2,11,2,11,0,1,1,2,2,0
12416,6,6,9,4,10,3,0,1,1,0,0
12417,7,5,9,2,4,0,0,1,2,2,1
12418,5,4,15,2,12,0,1,1,2,2,1
12419,7,4,11,2,7,0,1,1,2,2,0
12420,8,2,10,3,10,4,1,0,2,2,0
12421,5,4,11,2,1,0,1,1,2,2,0
12422,12,6,15,2,4,0,1,1,1,2,1
12423,11,4,5,2,3,0,1,1,2,2,0
12424,12,4,9,0,10,4,1,0,2,2,0
12425,3,4,11,4,11,3,1,1,2,2,0
12426,10,6,11,4,5,1,1,1,2,2,0
12427,8,4,0,2,7,0,1,1,1,2,0
12428,4,4,9,2,1,0,1,1,1,2,1
12429,9,6,11,0,1,4,1,0,2,2,0
12430,9,1,11,2,3,0,1,1,2,2,1
12431,11,4,11,2,1,5,0,0,1,2,0
12432,6,6,15,2,1,0,1,1,2,2,0
12433,8,0,15,0,0,1,1,1,2,2,0
12434,7,5,9,0,10,1,1,1,3,2,0
12435,3,4,11,4,1,3,1,1,2,2,0
12436,4,4,11,4,8,1,1,0,2,2,0
12437,3,4,11,4,7,3,1,1,1,2,0
12438,9,4,5,2,6,5,1,1,2,2,1
12439,10,4,11,0,8,1,1,0,2,2,0
12440,5,4,2,4,6,1,1,0,2,2,0
12441,14,4,8,2,3,2,1,1,3,2,0
12442,8,4,15,2,10,0,1,1,2,2,1
12443,4,4,11,4,12,3,1,1,2,2,0
12444,4,4,15,2,3,2,0,1,1,2,0
12445,7,6,8,2,12,0,1,1,1,2,0
12446,5,7,14,4,10,1,1,0,2,2,0
12447,11,7,11,2,10,5,1,0,2,2,0
12448,8,4,15,2,4,0,1,1,2,2,1
12449,9,4,15,2,7,0,1,1,2,2,0
12450,8,0,11,2,0,0,1,1,2,2,0
12451,6,4,15,4,1,1,1,0,2,2,0
12452,6,4,15,4,1,4,1,0,2,2,0
12453,4,4,15,2,13,0,1,1,0,2,0
12454,11,4,15,2,3,0,1,1,1,2,0
12455,6,6,8,2,5,0,1,1,0,2,0
12456,7,7,15,4,1,2,1,0,2,2,0
12457,5,4,7,6,12,1,0,0,2,2,0
12458,10,2,0,2,14,0,1,1,2,2,0
12459,11,4,11,2,14,0,1,1,1,2,1
12460,4,4,12,4,4,4,1,0,2,2,0
12461,5,4,9,4,4,3,1,1,1,2,0
12462,6,4,11,2,14,0,1,1,3,2,0
12463,7,6,8,0,5,1,1,1,2,2,0
12464,5,4,15,2,12,0,1,1,2,2,0
12465,5,7,11,6,1,1,1,0,2,2,0
12466,7,4,12,2,10,0,1,1,2,2,1
12467,6,4,11,4,1,3,1,0,1,2,0
12468,13,4,12,6,4,4,1,1,2,2,0
12469,9,4,12,2,4,5,1,0,2,2,0
12470,5,7,7,2,13,0,1,1,2,2,0
12471,6,4,11,2,6,0,1,1,1,2,0
12472,8,4,15,2,12,0,1,1,2,2,1
12473,3,4,15,4,1,3,1,0,0,2,0
12474,4,4,11,4,7,1,1,1,2,2,0
12475,6,4,12,2,4,0,0,1,2,2,1
12476,3,0,15,4,0,1,1,0,0,2,0
12477,7,5,9,5,4,4,0,0,2,2,0
12478,6,6,12,4,10,1,1,0,2,2,0
12479,4,6,14,4,10,3,1,0,1,2,0
12480,9,2,10,4,10,3,1,0,3,2,0
12481,3,4,11,4,3,3,1,1,2,2,0
12482,8,6,11,2,14,0,1,1,2,2,1
12483,6,4,11,4,7,1,1,1,2,2,0
12484,9,4,15,2,3,0,1,1,2,2,0
12485,6,4,12,3,9,1,1,1,2,2,0
12486,18,2,12,2,4,0,1,1,1,2,0
12487,9,7,9,0,4,1,1,1,2,2,0
12488,6,4,11,2,7,0,1,1,1,2,0
12489,4,4,1,4,8,3,1,0,2,2,0
12490,8,2,9,2,4,0,1,1,2,2,0
12491,10,4,9,2,10,0,1,1,3,2,0
12492,4,4,1,2,6,0,1,1,1,2,0
12493,7,4,9,2,13,0,1,1,2,2,0
12494,4,4,9,4,12,3,1,0,2,2,0
12495,11,6,8,2,10,5,1,0,1,2,0
12496,6,4,9,2,14,0,1,1,2,2,0
12497,8,4,6,0,9,4,1,0,3,2,0
12498,6,4,15,2,12,0,1,1,1,2,1
12499,8,4,11,2,5,0,1,1,2,2,0
12500,8,4,7,4,1,1,1,0,2,2,1
12501,7,0,15,2,0,0,1,1,2,2,0
12502,5,6,15,2,5,0,1,1,2,2,0
12503,4,4,12,4,10,2,0,1,2,2,0
12504,5,4,11,3,1,1,1,1,2,2,0
12505,8,4,11,2,7,0,1,1,2,2,1
12506,4,4,11,4,3,1,1,1,1,2,0
12507,7,4,11,2,14,0,1,1,2,2,1
12508,5,4,11,2,5,0,1,1,2,2,0
12509,5,6,8,2,3,0,1,1,2,2,0
12510,6,4,9,5,10,4,1,0,2,2,0
12511,12,4,15,0,12,4,0,0,2,2,0
12512,4,4,8,2,4,0,1,1,2,2,0
12513,4,4,8,4,1,1,0,0,1,0,1
12514,9,4,12,6,4,1,1,0,1,4,0
12515,3,4,15,4,10,3,1,0,1,2,0
12516,6,4,12,0,8,4,1,0,2,2,0
12517,6,6,9,3,4,2,1,0,1,2,0
12518,14,4,15,2,8,0,1,1,2,2,1
12519,5,4,12,4,12,1,1,0,2,2,0
12520,3,4,11,4,8,1,1,0,0,2,0
12521,11,6,11,2,4,0,1,1,1,2,1
12522,11,4,8,0,6,4,0,1,1,0,0
12523,5,1,9,4,10,3,1,1,3,2,0
12524,10,4,7,0,1,1,1,1,2,2,1
12525,3,5,12,4,4,3,1,1,2,2,0
12526,6,4,11,4,3,3,1,1,2,2,0
12527,3,4,9,5,4,1,0,0,1,2,0
12528,4,4,11,4,10,1,1,1,2,2,0
12529,6,2,15,0,10,4,1,0,2,2,0
12530,8,2,8,2,14,0,1,1,2,2,0
12531,12,6,12,2,10,0,1,1,2,2,0
12532,8,4,10,2,12,0,1,1,2,2,0
12533,8,4,11,4,4,1,1,0,2,2,0
12534,5,4,6,2,12,0,1,1,0,2,1
12535,8,4,9,0,6,1,1,1,2,2,0
12536,3,7,9,4,4,1,1,1,3,2,0
12537,14,6,9,2,10,5,1,0,3,2,0
12538,12,6,8,6,2,4,0,0,2,4,0
12539,5,4,11,2,12,2,1,1,2,2,0
12540,10,4,15,5,8,1,1,1,1,2,0
12541,6,4,11,2,6,0,1,1,2,2,1
12542,7,2,11,2,11,0,1,1,2,2,1
12543,8,4,9,2,10,0,1,1,2,2,1
12544,6,4,11,2,8,5,1,0,2,2,1
12545,5,4,15,2,3,0,1,1,2,2,0
12546,7,4,11,2,7,0,1,1,2,2,0
12547,7,4,10,2,10,0,1,1,2,2,1
12548,4,4,11,4,3,3,1,1,2,2,0
12549,11,4,9,6,10,1,1,1,2,2,0
12550,5,1,12,4,10,4,1,0,0,1,0
12551,9,4,15,2,11,0,1,1,2,2,0
12552,5,4,11,4,3,1,1,1,0,2,0
12553,7,4,15,2,12,0,1,1,2,2,1
12554,7,4,1,2,3,0,1,1,2,2,1
12555,5,4,11,2,3,0,1,1,2,2,0
12556,6,4,11,2,6,0,1,1,2,2,0
12557,10,4,8,2,8,0,0,1,2,2,1
12558,10,4,11,0,12,4,1,1,2,2,0
12559,7,4,15,2,4,5,0,0,2,2,0
12560,7,4,15,2,1,5,1,0,2,2,0
12561,5,4,12,2,10,0,1,1,2,2,0
12562,5,4,9,4,4,1,1,1,2,2,0
12563,3,4,11,4,3,1,1,1,1,2,0
12564,4,2,14,4,10,3,1,1,2,2,0
12565,11,2,14,2,10,0,0,1,2,0,1
12566,6,4,11,5,8,4,0,0,4,2,0
12567,12,1,12,2,10,5,1,0,2,2,0
12568,8,4,15,2,1,0,1,1,2,2,0
12569,4,4,11,4,3,3,1,1,0,2,0
12570,8,4,6,2,3,0,1,1,3,2,0
12571,3,4,0,4,14,2,0,1,1,4,0
12572,5,4,11,4,4,1,1,1,2,2,0
12573,8,7,15,2,4,0,1,1,2,2,0
12574,9,2,12,2,10,0,0,1,2,0,0
12575,9,5,11,2,4,0,1,1,2,2,1
12576,13,6,11,2,3,0,0,1,2,2,1
12577,8,4,11,0,12,3,1,1,2,2,0
12578,3,4,15,4,1,3,1,0,1,2,0
12579,6,4,15,0,1,1,1,0,1,2,0
12580,9,2,15,5,11,1,1,1,2,2,0
12581,13,4,2,2,7,0,0,1,2,2,1
12582,8,4,0,2,7,0,1,1,2,2,0
12583,5,4,9,4,13,1,0,1,2,0,0
12584,13,4,15,2,11,0,1,1,2,2,1
12585,7,4,15,5,3,1,1,1,2,3,0
12586,6,1,0,0,7,1,1,1,2,2,0
12587,5,1,8,4,1,3,1,0,2,2,0
12588,12,4,11,2,8,0,1,1,2,2,0
12589,7,4,12,4,10,1,1,0,1,2,0
12590,8,4,4,4,8,1,1,1,2,2,1
12591,8,4,11,0,8,1,0,0,2,2,0
12592,7,1,10,2,10,0,1,1,2,2,0
12593,7,2,15,2,4,0,1,1,2,2,0
12594,8,4,11,2,1,0,1,1,2,2,1
12595,10,4,9,2,4,0,1,1,2,2,1
12596,9,4,11,4,7,1,1,0,2,2,0
12597,7,4,15,2,12,0,1,1,2,2,1
12598,7,2,11,4,10,1,1,0,1,2,0
12599,7,0,11,4,0,1,1,0,3,2,0
12600,6,0,9,4,0,3,1,1,1,2,0
12601,4,5,11,4,4,1,1,1,2,2,0
12602,5,2,15,4,4,1,1,1,1,2,1
12603,4,6,9,4,11,1,1,1,2,2,0
12604,6,4,9,4,13,3,1,0,2,0,0
12605,7,4,15,0,1,1,1,0,1,2,0
12606,4,4,7,4,12,1,1,1,2,2,0
12607,8,4,9,4,1,2,1,0,3,2,0
12608,9,2,11,2,1,0,0,1,2,2,1
12609,11,4,11,2,12,0,1,1,2,2,0
12610,6,5,15,4,10,3,1,1,2,2,0
12611,5,4,11,4,8,4,1,0,1,2,0
12612,10,4,1,4,7,1,1,1,3,2,0
12613,7,4,7,0,4,3,1,1,2,2,0
12614,8,0,15,0,0,1,1,1,2,2,0
12615,4,4,4,4,8,1,1,0,2,2,0
12616,7,1,15,2,1,0,0,1,2,2,0
12617,7,4,14,2,10,0,0,1,2,2,0
12618,7,6,9,4,12,1,1,1,2,2,0
12619,10,4,0,2,7,0,1,1,0,2,1
12620,6,1,9,4,1,2,0,0,2,2,0
12621,5,4,11,4,7,3,1,0,2,2,0
12622,7,4,7,2,14,0,0,1,2,0,1
12623,7,4,10,2,10,0,1,1,2,2,0
12624,8,4,9,2,1,0,1,1,2,2,0
12625,7,4,11,2,14,0,0,1,3,0,1
12626,7,5,7,5,13,1,1,0,2,2,0
12627,8,4,5,2,9,0,1,1,2,2,1
12628,10,4,9,0,12,4,1,1,3,2,0
12629,7,4,9,2,10,2,1,0,1,2,0
12630,4,4,15,4,8,3,1,0,2,2,0
12631,6,4,11,0,12,4,1,0,2,2,0
12632,4,4,15,2,10,5,1,0,2,2,1
12633,10,6,9,2,4,0,1,1,2,2,1
12634,9,6,9,2,4,0,1,1,1,2,0
12635,6,2,11,2,3,0,1,1,2,2,1
12636,3,4,11,4,12,3,1,1,1,2,0
12637,3,4,9,4,7,4,1,0,1,2,0
12638,7,7,9,2,10,0,1,1,2,2,0
12639,5,4,11,4,1,3,0,0,2,2,0
12640,4,4,11,4,3,1,0,1,2,2,0
12641,6,4,0,2,8,5,1,0,2,2,1
12642,5,4,15,2,7,0,1,1,2,2,1
12643,6,4,7,4,14,3,1,1,1,2,0
12644,7,4,6,2,9,0,1,1,2,2,0
12645,4,4,11,4,5,1,1,1,1,2,0
12646,6,5,11,2,4,5,1,0,3,2,1
12647,4,4,8,4,3,1,1,1,2,2,0
12648,5,4,15,4,4,1,1,0,2,3,0
12649,4,4,9,4,14,3,0,1,2,2,0
12650,6,4,15,2,7,0,1,1,2,2,1
12651,8,4,12,2,8,0,1,1,2,2,0
12652,13,6,12,6,10,4,1,0,2,2,0
12653,9,4,15,5,3,2,1,1,2,2,0
12654,11,4,8,2,12,0,0,1,2,2,0
12655,4,4,11,4,1,4,1,0,1,2,0
12656,10,5,15,0,12,4,1,0,2,2,0
12657,9,4,15,4,1,3,1,0,2,2,0
12658,8,4,15,2,4,0,1,1,2,2,0
12659,10,4,8,2,1,0,0,1,2,2,0
12660,10,5,8,0,4,1,1,0,2,4,0
12661,5,4,11,2,8,5,1,0,2,2,1
12662,4,1,5,4,3,3,1,1,1,2,0
12663,7,4,15,0,4,1,1,0,1,2,0
12664,10,4,11,2,12,0,1,1,2,2,0
12665,6,7,11,4,1,3,1,0,2,2,0
12666,7,2,15,2,4,5,1,0,2,2,0
12667,8,4,11,0,3,1,1,1,2,2,0
12668,4,4,11,4,1,3,1,0,2,2,0
12669,5,4,9,4,12,3,1,1,1,2,0
12670,9,2,9,2,8,2,1,0,2,2,0
12671,6,0,6,4,0,1,1,1,2,2,0
12672,8,5,9,4,10,3,1,1,1,1,0
12673,6,7,7,4,1,3,1,0,2,2,0
12674,4,4,11,4,3,3,1,1,2,2,0
12675,10,2,11,2,4,0,1,1,2,2,0
12676,12,4,11,2,7,0,1,1,2,2,0
12677,7,4,9,2,10,0,0,1,3,2,1
12678,9,4,11,2,3,0,1,1,1,2,0
12679,5,4,1,4,8,2,1,0,2,2,0
12680,3,4,15,4,10,1,1,1,0,2,0
12681,3,7,11,4,4,2,1,0,0,2,1
12682,10,4,11,2,3,0,1,1,3,2,0
12683,7,4,8,0,8,4,1,0,2,2,0
12684,7,4,15,0,4,4,1,0,2,2,0
12685,13,4,11,2,6,0,1,1,0,2,0
12686,5,4,11,4,3,3,1,1,1,2,0
12687,13,4,10,6,10,4,1,0,0,2,0
12688,9,4,15,0,1,4,0,0,3,0,0
12689,6,4,15,4,4,1,0,1,2,2,0
12690,14,6,9,0,4,1,0,1,0,2,0
12691,6,4,15,0,12,3,1,0,1,2,0
12692,4,4,9,2,12,0,1,1,2,2,1
12693,6,4,11,2,4,5,1,0,2,2,0
12694,7,4,15,2,13,5,1,0,1,2,0
12695,4,4,5,4,8,1,0,1,1,2,0
12696,6,2,9,2,4,0,1,1,2,2,0
12697,4,4,11,4,10,1,1,0,2,2,0
12698,10,2,11,2,8,0,1,1,2,2,1
12699,6,4,9,2,4,0,1,1,1,2,0
12700,5,2,9,2,10,0,1,1,1,2,0
12701,6,4,9,2,10,0,0,1,2,2,1
12702,5,2,9,0,10,1,1,0,1,2,0
12703,7,4,9,2,12,0,1,1,2,2,0
12704,6,4,13,2,7,0,0,1,1,2,1
12705,4,4,8,4,12,1,1,1,2,2,0
12706,5,1,11,0,1,4,0,0,2,2,0
12707,7,1,9,0,10,1,1,1,1,2,0
12708,8,4,8,2,3,0,1,1,2,2,0
12709,10,0,2,0,0,1,1,0,2,2,0
12710,4,4,0,4,3,1,1,1,2,2,0
12711,7,4,11,2,6,0,1,1,2,2,0
12712,8,4,5,2,3,0,1,1,1,1,0
12713,14,6,11,5,14,1,1,1,1,2,0
12714,10,4,1,2,6,0,1,1,2,2,0
12715,11,4,9,2,11,0,1,1,2,2,1
12716,13,4,15,2,7,0,1,1,2,2,1
12717,6,7,6,0,12,1,0,1,3,2,0
12718,11,4,0,2,1,0,1,1,1,2,0
12719,6,4,11,2,3,0,1,1,2,2,0
12720,8,4,15,5,12,1,1,0,2,2,0
12721,4,4,15,4,3,1,1,0,0,2,0
12722,6,4,5,2,3,0,1,1,1,2,1
12723,10,4,11,2,3,0,1,1,2,2,1
12724,7,2,11,2,14,0,1,1,2,2,0
12725,5,4,11,2,12,0,1,1,2,2,1
12726,7,4,11,4,8,1,1,1,2,2,0
12727,4,4,0,4,8,2,1,0,2,2,1
12728,8,2,15,0,11,1,1,1,2,2,0
12729,6,4,11,2,7,0,0,1,2,2,0
12730,11,4,9,2,14,0,1,1,2,2,0
12731,13,7,10,0,10,4,1,0,2,2,0
12732,14,4,9,2,1,0,0,1,1,2,1
12733,8,7,7,2,13,0,0,1,2,2,0
12734,3,4,11,4,6,3,0,1,1,2,0
12735,5,2,9,2,1,5,1,0,2,2,0
12736,7,4,11,2,3,0,1,1,2,2,0
12737,10,7,2,2,11,0,0,1,2,2,0
12738,9,4,12,2,10,0,1,1,3,2,1
12739,3,4,11,4,10,3,1,0,2,2,0
12740,10,2,1,0,3,1,1,1,2,2,0
12741,9,4,11,2,1,5,1,0,2,2,0
12742,8,4,15,0,12,1,1,1,2,2,0
12743,7,4,11,2,7,0,1,1,1,2,1
12744,4,4,4,4,8,1,1,0,0,2,0
12745,10,4,11,2,7,0,1,1,3,2,1
12746,4,4,11,2,8,0,0,1,2,2,0
12747,5,4,15,4,8,1,0,0,2,2,0
12748,13,1,9,6,10,1,1,0,2,2,0
12749,6,4,11,4,8,3,1,1,2,2,0
12750,8,6,2,2,5,0,1,1,2,2,0
12751,11,4,9,2,4,5,1,0,3,2,0
12752,6,7,15,5,1,1,1,0,2,2,0
12753,5,2,15,2,1,0,1,1,2,2,0
12754,10,5,9,0,8,1,1,1,2,2,0
12755,7,6,13,4,0,1,0,1,2,2,0
12756,4,4,15,4,13,3,1,1,2,2,0
12757,5,4,9,4,4,2,1,1,2,2,0
12758,6,6,12,4,10,3,0,1,1,2,0
12759,7,4,9,4,10,1,0,0,2,2,0
12760,4,4,13,4,7,3,0,1,1,4,0
12761,10,6,11,4,8,1,1,0,2,2,0
12762,9,4,5,5,6,1,0,1,2,2,0
12763,7,4,9,2,11,0,1,1,2,2,1
12764,7,4,11,5,1,1,1,1,2,2,0
12765,5,4,6,2,12,0,1,1,1,2,0
12766,9,4,9,2,4,0,1,1,2,2,1
12767,6,6,11,0,8,1,1,0,2,2,0
12768,4,4,11,4,6,1,1,1,2,2,0
12769,5,4,0,2,3,0,1,1,2,2,1
12770,13,4,8,2,13,0,1,1,2,4,0
12771,4,4,9,4,13,1,1,1,1,2,0
12772,6,7,15,2,4,0,1,1,2,2,0
12773,4,4,11,4,8,3,1,0,2,2,0
12774,9,6,11,2,4,0,0,1,2,2,0
12775,4,2,9,4,10,3,1,1,2,2,0
12776,8,4,9,2,10,0,1,1,2,2,1
12777,9,4,11,2,12,0,1,1,2,2,0
12778,8,0,15,2,0,0,1,1,2,2,0
12779,11,4,8,2,3,0,1,1,2,2,0
12780,7,2,11,2,8,5,0,0,2,2,0
12781,7,2,15,0,11,3,1,1,2,2,0
12782,6,2,14,2,10,0,0,1,2,2,0
12783,6,4,15,4,11,1,1,1,2,2,0
12784,7,0,11,2,0,0,1,1,3,2,1
12785,3,7,9,4,10,3,1,0,0,2,0
12786,9,4,9,2,4,0,1,1,2,2,0
12787,7,0,2,2,0,0,1,1,2,2,0
12788,7,6,11,2,4,0,1,1,2,2,1
12789,12,1,3,2,13,5,0,0,1,2,0
12790,10,4,11,4,3,4,1,0,2,2,0
12791,7,2,9,0,10,1,1,0,2,2,0
12792,10,5,12,6,4,1,1,1,2,2,0
12793,6,4,15,4,1,4,1,0,2,2,0
12794,3,4,11,4,7,3,0,1,0,2,0
12795,6,4,9,0,4,4,1,0,2,2,0
12796,5,4,8,4,1,1,1,0,3,2,0
12797,5,0,11,4,0,3,1,1,2,2,0
12798,4,4,15,4,1,3,1,0,1,2,0
12799,8,4,11,2,3,0,1,1,2,2,1
12800,3,4,4,4,1,3,1,0,1,2,0
12801,6,4,11,2,12,0,1,1,2,2,0
12802,6,4,15,2,3,0,1,1,2,2,0
12803,8,4,11,5,14,4,1,1,2,2,0
12804,7,4,11,2,5,0,1,1,2,2,0
12805,5,4,11,6,4,1,1,0,2,2,0
12806,7,0,15,0,0,1,1,0,2,2,0
12807,12,6,15,3,12,3,1,1,2,2,0
12808,3,2,11,4,8,3,1,0,2,2,0
12809,5,6,6,4,12,3,1,1,3,2,0
12810,3,4,15,5,8,4,0,0,4,2,0
12811,9,4,15,2,6,0,1,1,2,2,1
12812,9,4,15,0,7,4,0,0,2,4,0
12813,8,4,8,2,3,0,1,1,3,2,1
12814,5,4,4,2,8,0,0,1,2,2,0
12815,5,5,11,4,12,2,1,1,3,2,0
12816,7,4,11,2,13,5,1,0,2,2,0
12817,9,6,15,2,4,0,1,1,2,2,1
12818,10,1,9,2,10,0,1,1,2,2,0
12819,8,4,12,4,4,1,1,1,2,2,0
12820,6,4,11,2,7,0,1,1,2,2,1
12821,6,4,11,2,12,0,1,1,2,2,1
12822,5,0,15,4,0,1,1,0,2,2,0
12823,7,4,9,2,4,0,1,1,3,2,1
12824,11,4,15,2,10,0,1,1,2,2,0
12825,5,4,15,0,14,1,1,1,2,2,0
12826,11,5,9,2,12,0,1,1,1,2,1
12827,9,4,1,0,8,3,1,1,2,2,0
12828,5,4,15,2,3,0,1,1,1,2,0
12829,12,2,12,2,10,0,1,1,1,2,1
12830,4,4,11,4,3,3,1,1,1,2,0
12831,4,4,11,4,7,1,1,0,2,2,0
12832,9,5,9,0,4,1,1,0,2,2,0
12833,8,4,15,3,13,1,1,0,2,2,0
12834,3,4,7,4,1,2,1,0,1,2,0
12835,9,7,11,4,1,3,1,0,2,1,0
12836,8,4,11,4,12,1,1,0,1,2,0
12837,8,4,5,2,6,0,1,1,2,2,1
12838,6,4,15,0,8,4,1,0,2,2,0
12839,9,4,11,2,5,0,1,1,1,2,1
12840,7,4,11,2,4,0,1,1,2,2,0
12841,7,4,11,4,3,3,1,1,2,2,0
12842,6,2,9,2,10,0,1,1,3,1,1
12843,5,2,14,4,10,1,1,0,2,2,0
12844,10,6,8,4,3,1,1,1,0,2,0
12845,9,4,11,2,1,0,1,1,2,2,0
12846,7,4,1,4,7,1,1,1,2,2,0
12847,9,4,9,0,3,4,1,1,2,2,0
12848,9,4,9,0,10,1,1,1,1,2,0
12849,4,4,1,4,7,1,1,1,1,2,0
12850,7,6,12,2,4,0,1,1,2,2,1
12851,5,4,11,2,3,0,1,1,1,2,1
12852,5,0,9,4,0,1,0,0,2,2,0
12853,6,0,11,4,0,4,1,0,2,2,1
12854,7,4,11,2,10,0,1,1,2,2,0
12855,7,7,15,5,1,4,1,0,2,2,0
12856,5,4,13,2,7,0,1,1,2,2,0
12857,7,4,11,2,3,0,1,1,2,2,0
12858,8,4,11,2,14,0,1,1,2,2,1
12859,6,4,11,2,14,0,1,1,2,2,1
12860,4,4,1,0,8,1,1,0,2,2,0
12861,9,4,1,4,12,2,1,0,2,2,0
12862,9,4,11,4,1,1,1,0,2,0,0
12863,7,4,11,0,8,1,0,0,3,2,0
12864,6,2,7,2,14,0,1,1,2,2,0
12865,4,4,9,4,1,3,1,0,2,2,0
12866,10,4,11,2,14,0,1,1,1,0,0
12867,8,4,9,2,1,5,1,0,3,2,1
12868,10,4,15,2,6,0,0,1,2,4,0
12869,9,4,8,5,1,4,1,1,2,2,0
12870,12,4,9,2,8,5,1,0,2,2,1
12871,9,4,15,4,8,3,0,0,2,2,0
12872,11,4,11,2,7,0,1,1,2,2,0
12873,10,4,11,0,8,4,0,1,0,2,1
12874,10,7,8,0,1,4,1,0,2,2,0
12875,8,6,11,0,7,1,1,1,2,2,0
12876,6,2,14,0,10,4,1,0,2,2,0
12877,3,4,11,4,12,1,1,1,0,2,0
12878,5,6,15,4,12,1,1,1,2,2,0
12879,3,6,15,4,8,1,0,0,1,2,0
12880,6,4,15,2,12,0,0,1,1,2,1
12881,7,4,11,2,8,0,1,1,1,2,0
12882,12,7,9,2,10,0,0,1,2,2,0
12883,7,4,15,2,4,0,1,1,2,2,1
12884,5,4,11,2,14,0,0,1,2,2,0
12885,8,4,11,0,1,1,1,1,2,2,0
12886,10,4,9,3,12,1,1,1,2,2,0
12887,12,0,15,2,0,0,1,1,2,2,0
12888,7,2,8,4,10,2,1,0,2,2,0
12889,8,4,9,0,4,3,1,1,2,2,0
12890,9,4,11,2,1,0,1,1,2,2,1
12891,3,4,15,4,6,3,0,1,0,2,0
12892,6,4,15,2,7,0,1,1,2,2,0
12893,5,6,14,4,10,3,1,0,2,2,0
12894,3,4,11,4,1,1,1,1,1,2,0
12895,8,4,11,3,6,1,1,1,2,2,0
12896,9,4,11,0,8,1,1,0,1,2,0
12897,9,4,15,2,14,0,1,1,2,2,1
12898,13,4,9,2,7,2,1,1,2,2,0
12899,13,5,15,0,14,1,1,1,2,2,0
12900,11,4,9,6,4,1,1,1,2,2,0
12901,9,4,1,0,8,4,1,0,3,2,0
12902,12,4,9,2,12,0,1,1,2,2,1
12903,8,4,9,0,4,4,1,0,2,2,0
12904,6,4,15,2,8,5,1,0,2,2,0
12905,6,4,11,4,1,3,1,0,2,2,0
12906,6,7,15,0,10,4,1,0,2,2,0
12907,6,4,8,2,10,0,1,1,2,2,0
12908,12,4,9,0,8,1,0,0,1,2,0
12909,3,4,15,4,4,1,1,0,1,2,0
12910,12,0,15,6,0,3,1,1,2,2,0
12911,11,6,8,0,5,1,1,1,2,2,0
12912,5,4,15,4,8,3,1,0,2,2,0
12913,6,4,11,0,1,4,0,0,2,2,0
12914,7,4,15,0,1,1,1,0,2,2,0
12915,4,4,15,4,10,1,1,1,2,2,0
12916,5,2,7,4,10,1,1,0,2,2,0
12917,9,4,8,0,12,4,1,0,1,2,0
12918,5,4,9,4,12,1,1,1,2,2,0
12919,5,7,11,4,10,1,1,0,2,2,0
12920,7,4,11,2,12,0,0,1,2,4,1
12921,10,4,11,0,3,1,1,1,2,2,0
12922,7,6,11,2,14,0,1,1,2,2,0
12923,4,4,9,4,4,2,1,1,2,2,0
12924,11,2,9,2,11,0,1,1,2,2,1
12925,9,4,8,2,3,0,1,1,2,2,0
12926,6,4,9,2,14,0,1,1,2,2,0
12927,5,4,11,4,1,3,1,0,1,2,0
12928,11,4,9,2,1,0,1,1,2,2,0
12929,4,4,9,4,12,3,1,1,0,0,0
12930,7,4,11,0,8,4,1,0,2,2,0
12931,5,4,15,4,12,3,1,0,2,2,0
12932,8,4,7,0,13,1,1,0,3,2,0
12933,8,4,11,2,1,0,0,1,2,2,0
12934,11,4,11,2,8,0,1,1,2,0,0
12935,11,4,0,0,6,4,1,0,3,2,0
12936,5,4,11,2,4,0,1,1,1,2,0
12937,6,4,11,4,1,1,1,0,2,2,0
12938,8,4,9,4,8,3,1,0,3,2,0
12939,7,4,11,5,1,4,0,0,4,2,0
12940,11,6,11,2,4,0,1,1,2,2,0
12941,4,4,5,4,5,1,1,1,2,2,1
12942,8,4,15,2,7,0,0,1,2,2,1
12943,11,4,5,0,12,1,1,1,2,2,0
12944,10,4,2,2,13,0,1,1,2,2,0
12945,3,4,11,4,7,3,1,1,2,2,0
12946,9,6,9,2,12,0,1,1,2,2,0
12947,9,4,1,2,7,0,1,1,1,2,1
12948,7,4,0,2,8,0,1,1,1,2,0
12949,8,4,9,0,1,3,1,0,2,2,0
12950,9,4,11,2,14,0,1,1,2,2,0
12951,5,2,9,4,10,3,1,0,2,2,0
12952,6,4,8,4,1,4,1,0,2,2,0
12953,6,4,11,5,1,4,1,0,2,2,0
12954,5,4,12,4,10,1,1,1,3,2,0
12955,3,4,6,4,12,1,1,0,1,2,0
12956,9,4,11,2,4,0,1,1,1,2,0
12957,9,4,10,2,7,0,1,1,2,2,0
12958,5,4,9,0,1,1,1,0,2,2,1
12959,10,2,14,0,10,4,1,1,2,2,0
12960,7,4,15,4,8,1,1,0,3,2,1
12961,11,4,11,2,6,0,1,1,2,2,0
12962,8,5,9,0,12,4,0,1,0,2,1
12963,6,1,15,2,4,0,1,1,2,2,0
12964,7,4,11,2,8,5,1,0,2,2,1
12965,6,4,6,2,7,0,1,1,2,2,1
12966,5,4,15,2,14,0,0,1,2,2,0
12967,13,4,11,6,3,1,0,1,1,0,0
12968,4,4,4,3,1,1,1,1,2,1,0
12969,12,4,11,3,12,4,1,0,0,2,0
12970,6,4,10,0,1,1,1,0,2,2,0
12971,8,4,11,2,8,5,1,0,2,2,0
12972,4,4,11,4,5,1,1,1,1,2,0
12973,4,2,12,2,10,0,1,1,2,2,0
12974,7,4,15,4,10,3,1,1,2,2,0
12975,10,2,11,2,5,0,1,1,2,2,1
12976,7,4,12,0,12,1,1,0,1,2,0
12977,8,4,9,2,7,0,1,1,2,2,1
12978,8,4,15,0,4,2,0,1,2,2,0
12979,9,4,0,2,7,2,0,1,2,2,0
12980,9,5,15,2,4,0,1,1,2,2,0
12981,5,4,5,2,5,0,1,1,2,2,1
12982,13,4,11,2,8,0,1,1,2,2,1
12983,6,5,15,2,5,0,1,1,1,2,0
12984,10,4,15,2,10,0,1,1,2,2,0
12985,5,4,15,4,3,3,0,0,2,0,0
12986,8,4,9,2,10,0,1,1,2,2,0
12987,8,7,14,2,10,0,0,1,1,2,0
12988,9,4,15,2,6,0,0,1,2,2,1
12989,6,4,11,2,13,0,1,1,2,2,0
12990,8,4,11,2,6,0,0,1,2,0,1
12991,7,4,11,0,8,1,1,0,3,2,0
12992,8,4,15,2,4,0,1,1,2,2,1
12993,9,4,11,2,7,0,1,1,3,2,1
12994,9,4,11,2,1,5,1,0,3,2,1
12995,6,4,11,2,7,0,1,1,2,2,1
12996,9,4,9,2,4,0,1,1,2,2,0
12997,7,5,1,4,8,3,1,0,2,2,0
12998,4,4,1,4,3,1,1,1,0,2,1
12999,8,4,11,6,14,1,1,1,2,2,0
13000,5,4,15,2,3,0,1,1,1,2,1
13001,10,6,15,2,12,0,1,1,2,2,0
13002,6,7,9,4,4,3,1,0,2,2,0
13003,9,4,11,2,3,0,1,1,2,2,0
13004,9,6,11,4,14,3,1,1,2,2,0
13005,9,0,1,5,0,4,1,0,2,3,0
13006,8,4,14,2,10,0,0,1,2,2,0
13007,4,4,11,4,7,3,0,1,2,2,0
13008,12,4,8,0,4,4,1,1,2,2,0
13009,12,1,15,5,1,4,1,0,2,2,0
13010,5,4,9,4,1,1,0,1,2,2,0
13011,6,0,2,2,0,0,1,1,2,2,1
13012,12,4,12,4,10,1,1,1,2,2,0
13013,5,4,11,4,7,1,1,0,2,2,0
13014,8,4,11,0,8,1,1,1,2,2,0
13015,11,6,11,2,14,0,1,1,2,2,0
13016,8,4,11,2,6,0,1,1,2,2,0
13017,6,4,15,5,13,4,1,0,2,2,1
13018,8,4,2,2,7,0,1,1,2,2,1
13019,14,4,11,2,7,0,1,1,0,2,1
13020,6,0,15,4,1,3,1,0,2,2,0
13021,9,4,15,2,3,0,1,1,1,2,0
13022,5,4,4,2,8,0,0,1,2,2,1
13023,3,4,11,4,7,3,1,1,0,2,0
13024,4,4,11,4,8,3,1,1,1,2,0
13025,8,4,11,2,3,0,1,1,2,2,0
13026,7,7,9,0,4,1,1,0,2,2,0
13027,4,4,10,4,4,3,1,1,2,2,0
13028,6,4,11,4,3,2,1,0,2,2,1
13029,6,4,7,4,1,1,1,1,2,2,0
13030,9,4,9,0,4,1,1,0,1,2,0
13031,15,4,9,4,10,3,1,1,0,2,0
13032,10,7,11,2,11,0,1,1,2,2,0
13033,9,6,15,2,4,5,1,0,2,2,1
13034,10,2,15,2,3,0,1,1,1,2,0
13035,8,4,6,2,7,0,1,1,3,2,0
13036,13,4,7,1,10,4,1,0,0,2,1
13037,7,4,7,2,3,0,1,1,2,2,0
13038,10,4,14,2,10,0,1,1,1,2,0
13039,10,6,11,4,14,1,1,1,2,0,0
13040,6,4,11,4,3,3,1,1,2,2,0
13041,4,4,9,4,6,3,0,1,2,2,0
13042,10,4,15,0,1,1,1,1,1,2,0
13043,8,7,12,2,10,0,1,1,2,2,0
13044,13,4,15,2,10,0,1,1,1,2,0
13045,6,6,15,0,4,4,1,0,2,2,0
13046,9,4,15,5,4,1,1,0,2,2,0
13047,5,4,8,4,8,4,1,0,2,2,0
13048,5,4,15,4,12,1,1,1,2,2,1
13049,4,4,11,4,1,1,1,0,2,2,0
13050,8,4,11,0,3,1,1,1,2,2,0
13051,7,4,0,4,6,1,1,1,2,2,0
13052,5,7,7,4,1,3,0,0,2,2,0
13053,8,6,0,2,14,0,0,1,2,2,0
13054,7,2,11,2,4,0,1,1,2,2,0
13055,7,7,11,4,1,3,0,0,1,2,0
13056,4,4,15,2,6,0,1,1,1,2,0
13057,7,4,9,2,14,0,1,1,2,2,0
13058,10,4,11,4,12,3,1,1,2,2,0
13059,3,0,11,4,0,3,1,0,0,2,0
13060,3,4,1,4,7,4,1,0,2,2,0
13061,4,4,14,4,10,3,1,0,1,2,0
13062,8,0,11,3,0,4,1,1,2,2,0
13063,9,4,4,0,8,4,1,0,3,2,0
13064,6,4,1,2,8,0,1,1,2,2,0
13065,14,4,11,2,7,0,1,1,1,2,0
13066,5,4,11,4,12,3,1,0,2,2,0
13067,8,4,11,4,8,3,1,0,2,2,0
13068,11,4,5,6,9,4,1,0,2,2,0
13069,7,4,2,4,6,3,0,1,2,4,0
13070,9,4,9,2,1,0,1,1,1,2,1
13071,7,4,11,0,3,1,1,1,2,2,0
13072,7,4,9,0,12,4,1,1,2,2,0
13073,8,4,9,2,8,0,0,1,2,2,1
13074,6,7,13,2,2,5,0,0,2,2,0
13075,9,5,12,0,4,1,1,0,2,2,0
13076,10,4,11,2,14,0,0,1,1,4,1
13077,7,4,8,4,9,1,1,1,2,2,0
13078,6,8,12,2,5,0,1,1,1,2,0
13079,7,4,11,2,8,5,1,0,3,2,1
13080,6,4,15,2,12,5,1,0,2,2,1
13081,5,4,1,2,11,0,0,1,1,2,1
13082,12,1,11,2,1,5,1,0,2,2,1
13083,5,4,9,4,1,3,1,0,2,2,0
13084,11,6,11,5,12,4,1,0,3,2,0
13085,11,4,9,2,4,5,1,0,2,1,1
13086,5,1,9,4,4,3,1,0,2,2,0
13087,5,4,11,2,14,0,1,1,2,2,1
13088,8,4,8,2,6,5,1,0,1,2,0
13089,9,2,14,0,10,1,0,0,2,2,0
13090,10,4,1,2,14,0,0,1,2,2,0
13091,15,4,11,0,6,1,0,1,3,0,0
13092,9,2,12,2,10,0,1,1,1,2,0
13093,15,4,9,2,12,0,1,1,3,2,0
13094,6,4,11,4,10,4,1,0,2,2,0
13095,12,7,11,0,11,0,1,1,2,2,0
13096,10,2,11,2,3,0,1,1,3,2,0
13097,5,4,1,4,12,1,1,1,2,2,0
13098,7,1,15,2,4,5,1,1,2,2,0
13099,7,4,11,5,12,1,1,0,2,2,0
13100,5,7,11,0,1,4,1,0,2,2,0
13101,10,4,1,0,8,4,1,0,2,2,0
13102,10,4,15,2,10,0,1,1,2,2,0
13103,7,4,7,2,14,0,1,1,1,2,1
13104,6,1,9,0,10,4,1,0,2,2,0
13105,9,4,8,2,12,0,1,1,1,2,0
13106,5,4,9,2,1,0,1,1,2,2,1
13107,11,4,15,2,10,0,1,1,2,2,0
13108,6,6,15,0,4,1,1,0,2,2,0
13109,8,4,11,2,7,0,1,1,2,2,0
13110,4,4,11,4,13,1,0,0,2,2,0
13111,5,4,6,4,12,1,1,1,1,2,1
13112,12,4,11,2,3,0,0,1,2,2,0
13113,8,4,15,2,8,0,1,1,2,2,0
13114,4,4,11,4,4,3,1,0,1,2,0
13115,4,4,11,4,4,3,1,1,1,2,0
13116,12,1,12,2,4,0,1,1,2,2,1
13117,4,4,11,2,3,0,0,1,1,2,0
13118,4,4,8,4,1,3,1,1,2,2,0
13119,6,0,0,2,0,0,0,1,1,2,0
13120,4,4,15,4,12,1,1,1,1,2,0
13121,6,6,1,0,3,4,1,1,4,2,0
13122,7,6,11,2,4,0,1,1,2,2,0
13123,3,4,11,4,1,3,1,1,0,2,0
13124,6,6,5,0,3,1,1,1,3,3,0
13125,5,7,11,4,1,1,1,1,2,2,0
13126,9,4,12,2,10,0,0,1,2,2,0
13127,8,4,11,0,1,4,1,0,2,2,0
13128,6,7,11,2,1,0,1,1,2,2,1
13129,9,4,9,2,12,0,1,1,2,2,0
13130,11,2,15,0,11,1,0,0,2,2,0
13131,8,5,9,2,4,0,1,1,2,2,1
13132,7,1,11,4,1,3,1,0,2,2,0
13133,3,0,15,4,0,1,0,1,0,2,0
13134,8,4,9,2,10,0,1,1,2,2,0
13135,5,4,15,4,8,3,1,0,2,2,0
13136,12,4,11,2,3,0,0,1,2,2,0
13137,14,2,10,1,10,4,1,1,3,2,0
13138,7,7,7,2,13,0,1,1,2,2,0
13139,7,4,15,4,4,3,0,1,2,2,0
13140,4,2,9,4,4,1,1,0,0,2,0
13141,11,6,15,2,14,0,1,1,2,2,0
13142,5,2,11,2,14,0,1,1,1,2,1
13143,12,4,15,0,10,1,1,0,1,2,0
13144,9,4,12,2,4,5,1,0,2,2,0
13145,4,4,11,4,1,1,1,0,2,2,0
13146,5,4,11,4,1,3,1,0,3,2,0
13147,10,4,11,0,6,3,1,0,2,2,0
13148,5,4,8,4,6,1,1,0,2,2,0
13149,6,4,15,4,12,1,0,1,2,2,0
13150,9,4,15,0,1,4,1,0,3,2,0
13151,10,4,8,2,7,0,0,1,2,0,0
13152,6,4,4,2,6,0,1,1,2,2,0
13153,6,4,7,2,7,0,1,1,2,2,0
13154,11,4,15,5,4,4,1,0,2,2,0
13155,7,2,10,4,10,3,1,1,2,2,0
13156,8,4,11,2,3,0,1,1,2,2,1
13157,9,4,11,2,12,0,1,1,2,2,0
13158,9,4,11,2,8,0,1,1,2,2,0
13159,7,7,15,4,1,1,1,1,2,2,0
13160,6,4,7,0,13,0,1,1,2,2,0
13161,9,4,11,2,7,0,0,1,2,2,0
13162,3,5,11,4,10,2,1,1,0,2,0
13163,10,4,11,2,3,0,1,1,2,2,0
13164,7,4,11,2,11,0,0,1,2,2,1
13165,5,4,11,2,13,0,1,1,1,2,1
13166,9,2,11,2,4,0,1,1,2,2,0
13167,7,4,11,2,14,0,1,1,3,2,0
13168,4,0,8,3,0,5,1,0,1,2,0
13169,8,0,11,2,0,0,1,1,2,2,1
13170,8,6,8,2,3,5,1,0,2,2,0
13171,6,5,9,4,4,4,1,0,3,2,0
13172,4,4,15,4,12,1,1,1,2,2,0
13173,4,4,2,4,6,3,1,1,2,2,0
13174,4,4,5,2,5,0,1,1,2,2,1
13175,8,4,11,2,4,0,1,1,2,2,0
13176,4,0,0,0,0,1,1,0,2,2,0
13177,10,4,15,5,14,4,1,0,1,2,0
13178,7,4,11,2,14,0,1,1,1,2,0
13179,15,4,15,0,4,1,1,0,0,2,0
13180,7,4,15,4,12,3,0,1,2,2,0
13181,9,7,11,2,14,0,1,1,2,2,0
13182,10,6,7,2,12,0,1,1,2,2,1
13183,10,4,7,2,3,5,1,0,2,2,1
13184,5,4,9,4,12,4,1,1,2,2,0
13185,4,0,15,4,0,2,1,1,2,2,0
13186,10,4,11,2,8,0,1,1,2,2,1
13187,6,5,11,2,4,0,1,1,1,2,1
13188,4,2,11,2,14,0,1,1,1,2,0
13189,7,4,15,0,13,3,1,1,2,2,0
13190,10,4,9,2,13,0,1,1,2,2,0
13191,6,4,12,2,10,0,0,1,1,2,0
13192,12,4,11,6,14,1,0,1,2,2,0
13193,15,4,9,4,10,1,1,0,0,2,0
13194,8,6,8,4,12,4,1,0,2,2,0
13195,4,4,8,4,8,1,1,0,1,2,0
13196,9,4,8,5,7,1,1,1,1,2,1
13197,6,4,11,2,8,0,1,1,3,2,0
13198,7,0,11,0,0,1,1,1,2,2,0
13199,7,4,15,2,12,0,1,1,3,2,1
13200,10,4,10,2,10,0,1,1,2,2,0
13201,4,4,11,4,10,1,1,1,2,2,0
13202,12,6,15,6,1,1,1,1,2,2,0
13203,16,5,6,2,3,0,1,1,1,2,0
13204,9,4,11,0,8,4,1,0,2,2,0
13205,7,4,15,2,1,0,1,1,2,2,1
13206,12,1,15,2,1,0,1,1,1,2,1
13207,7,7,8,4,1,1,1,0,2,2,0
13208,5,6,11,4,3,3,1,1,2,2,0
13209,5,4,6,2,3,0,1,1,2,2,1
13210,17,4,11,4,4,3,1,0,1,2,0
13211,10,4,1,0,8,4,0,0,2,2,1
13212,12,4,5,2,8,0,1,1,2,2,0
13213,11,4,11,2,6,0,1,1,2,2,1
13214,12,4,15,2,14,0,1,1,0,2,0
13215,10,4,11,2,11,0,1,1,2,2,0
13216,6,4,15,2,8,0,1,1,2,2,1
13217,8,4,15,2,3,0,1,1,3,2,1
13218,11,4,0,2,4,0,1,1,2,2,1
13219,12,6,9,5,4,2,1,1,2,2,0
13220,6,4,9,4,10,3,1,0,1,2,0
13221,4,4,15,2,1,5,1,0,2,2,0
13222,5,4,15,4,7,3,1,1,2,2,0
13223,4,4,11,2,3,0,1,1,1,2,0
13224,9,4,8,2,1,0,1,1,2,2,1
13225,5,6,15,2,10,0,1,1,2,2,1
13226,9,4,9,2,12,0,1,1,2,2,0
13227,11,2,9,2,8,0,1,1,2,2,1
13228,9,0,15,5,0,1,1,0,2,2,0
13229,8,4,11,4,1,1,1,1,2,2,0
13230,8,4,15,2,6,0,1,1,1,2,1
13231,10,4,15,2,4,0,1,1,2,2,1
13232,4,4,12,4,12,1,0,0,2,2,0
13233,3,2,9,4,11,3,1,1,1,2,0
13234,8,1,1,2,6,0,1,1,1,2,0
13235,7,2,14,4,10,1,1,0,2,2,0
13236,3,4,15,4,4,3,1,1,2,2,0
13237,10,4,15,0,1,4,1,0,3,2,0
13238,9,0,11,2,0,0,1,1,2,2,1
13239,7,4,2,2,5,0,1,1,1,2,1
13240,9,6,11,2,3,0,0,1,2,2,1
13241,5,6,1,2,7,0,1,1,2,2,1
13242,11,4,11,0,8,4,1,0,3,2,0
13243,15,4,11,0,7,1,1,1,0,2,0
13244,10,0,15,0,0,4,1,0,2,2,1
13245,3,1,7,4,1,3,1,0,1,2,0
13246,8,4,12,0,4,1,1,0,1,2,0
13247,8,6,15,2,5,0,1,1,2,2,0
13248,13,4,9,2,12,0,1,1,2,2,1
13249,5,4,11,2,14,0,1,1,2,2,1
13250,7,4,9,4,7,3,1,0,2,2,0
13251,6,4,15,0,4,1,1,0,2,2,0
13252,11,4,15,2,1,0,1,1,0,2,1
13253,8,4,11,0,12,1,1,1,2,2,0
13254,7,4,11,2,12,0,0,1,3,2,1
13255,17,4,7,2,4,0,1,1,1,2,0
13256,3,4,15,4,3,3,1,1,0,2,0
13257,5,7,3,4,2,3,0,0,2,2,0
13258,9,4,10,2,10,0,1,1,1,0,1
13259,4,7,7,4,1,3,1,0,2,2,0
13260,9,4,8,0,1,4,1,0,2,2,1
13261,5,4,9,4,12,1,1,0,2,2,0
13262,11,4,9,0,12,1,1,0,1,2,0
13263,6,4,11,4,12,3,1,1,2,2,0
13264,5,4,15,4,8,1,1,1,2,2,0
13265,8,4,8,0,7,1,1,1,2,1,0
13266,5,4,12,4,4,1,1,0,2,2,0
13267,9,4,11,2,14,5,1,0,2,2,0
13268,9,6,15,4,5,2,1,1,2,2,0
13269,6,4,15,4,3,4,0,0,3,0,0
13270,11,4,6,2,6,0,1,1,3,2,0
13271,8,4,15,2,1,0,1,1,2,2,0
13272,12,4,7,2,10,0,1,1,1,2,0
13273,7,4,11,2,14,0,1,1,2,2,0
13274,5,4,11,2,12,0,1,1,2,2,1
13275,9,4,15,4,8,3,1,1,1,2,0
13276,11,4,15,6,12,1,0,0,2,2,0
13277,7,4,9,2,1,5,1,0,2,2,0
13278,7,0,0,2,0,0,0,1,2,0,0
13279,8,4,12,2,10,0,1,1,2,2,1
13280,5,4,0,4,7,4,0,0,2,2,1
13281,6,4,11,4,7,3,1,1,2,2,0
13282,7,4,10,0,10,4,1,1,2,2,0
13283,5,4,1,4,7,3,1,0,2,2,0
13284,10,4,11,0,12,3,1,1,1,1,0
13285,9,4,11,2,14,0,1,1,2,2,0
13286,8,4,11,4,8,1,1,1,2,2,0
13287,4,4,7,4,1,3,1,0,2,2,0
13288,5,4,15,2,1,5,1,0,2,2,1
13289,9,4,15,2,1,5,1,0,1,2,0
13290,4,4,1,4,3,3,1,1,1,2,0
13291,8,4,15,2,6,0,1,1,2,2,0
13292,9,4,1,4,7,3,1,1,2,2,0
13293,13,6,11,2,12,0,1,1,2,3,0
13294,6,4,9,2,10,0,1,1,1,2,0
13295,6,4,6,2,12,0,1,1,2,2,1
13296,6,4,8,4,5,1,1,1,0,2,0
13297,9,2,9,0,10,4,1,0,3,2,0
13298,10,4,9,2,4,0,1,1,2,2,0
13299,11,4,0,2,7,3,1,1,3,2,0
13300,7,4,15,2,3,0,1,1,2,2,0
13301,4,4,0,4,7,4,0,1,1,2,0
13302,5,6,11,4,12,3,1,1,2,2,0
13303,6,4,15,4,10,3,1,0,0,2,0
13304,4,4,1,2,14,0,1,1,2,2,0
13305,8,5,12,4,10,1,1,1,2,2,1
13306,4,4,11,4,6,3,1,1,1,2,0
13307,6,4,8,2,6,0,1,1,1,2,1
13308,5,4,11,2,6,0,1,1,2,2,0
13309,7,4,2,2,6,0,1,1,2,2,0
13310,7,6,11,0,12,4,1,0,2,2,0
13311,7,4,15,2,5,0,0,1,1,2,1
13312,15,0,11,2,6,0,1,1,2,2,0
13313,6,4,11,2,3,0,1,1,2,2,0
13314,3,4,11,4,8,1,1,0,0,2,1
13315,7,4,9,5,12,1,1,0,2,2,0
13316,5,4,15,2,7,3,1,1,1,2,0
13317,5,4,11,0,4,4,0,1,2,0,0
13318,9,4,7,4,12,1,1,1,2,2,1
13319,6,4,15,2,3,0,1,1,1,2,0
13320,8,4,11,0,8,1,0,0,2,2,0
13321,13,5,11,6,4,1,1,1,0,2,0
13322,5,6,11,2,1,0,1,1,2,2,0
13323,11,6,9,2,4,0,1,1,1,2,0
13324,6,4,15,2,10,0,0,1,2,2,0
13325,5,4,11,4,7,3,1,1,2,2,0
13326,7,2,11,2,4,0,1,1,3,2,1
13327,10,4,9,2,10,0,1,1,2,2,0
13328,4,4,15,4,10,3,1,1,2,2,0
13329,11,6,15,2,8,0,1,1,2,2,1
13330,8,4,15,0,3,1,0,1,2,2,0
13331,5,4,9,2,4,0,0,1,2,2,1
13332,6,4,11,2,3,0,1,1,2,2,0
13333,4,7,11,4,11,3,0,0,2,2,0
13334,5,2,10,4,10,1,1,1,2,2,0
13335,9,4,11,0,3,1,1,1,1,2,0
13336,4,4,12,3,10,1,1,0,1,2,0
13337,6,4,11,2,5,0,1,1,3,2,1
13338,3,4,0,4,3,4,0,1,1,0,0
13339,8,4,15,0,1,4,0,0,2,2,0
13340,10,7,11,4,1,1,1,0,2,2,0
13341,6,4,15,4,3,2,1,1,2,2,0
13342,8,4,11,2,3,0,1,1,2,2,0
13343,13,4,9,0,1,1,1,0,2,2,0
13344,7,4,9,4,1,2,1,0,3,2,0
13345,10,2,12,2,10,0,1,1,1,2,1
13346,3,2,1,4,8,4,1,0,2,2,0
13347,8,4,11,2,6,0,1,1,2,2,0
13348,7,4,15,2,3,0,1,1,2,2,0
13349,13,2,11,1,8,4,1,0,2,2,0
13350,4,1,9,4,10,3,1,1,2,2,0
13351,9,4,9,2,12,0,1,1,3,2,0
13352,9,4,0,2,7,0,1,1,2,2,0
13353,7,7,15,4,1,1,1,0,3,2,0
13354,5,4,15,2,3,0,1,1,1,2,0
13355,12,4,15,2,12,0,1,1,2,4,0
13356,8,6,15,0,12,4,1,1,2,2,0
13357,7,0,15,4,0,2,1,0,2,2,0
13358,10,4,11,2,7,0,0,1,2,2,1
13359,3,4,9,4,4,1,1,0,0,2,0
13360,3,2,15,4,1,3,1,0,0,2,0
13361,4,4,11,4,3,3,1,1,1,1,0
13362,4,4,8,4,13,3,1,1,2,2,0
13363,7,4,12,0,12,1,1,0,2,2,0
13364,11,4,11,2,14,0,1,1,0,2,1
13365,8,1,15,2,14,0,1,1,2,2,0
13366,7,4,11,2,8,5,0,0,2,2,0
13367,4,7,11,4,1,3,0,0,2,2,0
13368,8,8,11,2,6,0,1,1,1,2,1
13369,6,4,15,2,4,0,1,1,2,2,1
13370,9,4,8,0,7,1,1,1,1,2,0
13371,5,4,11,4,8,4,1,0,2,2,1
13372,6,4,0,2,3,0,1,1,2,2,1
13373,10,0,11,2,0,0,1,1,2,1,1
13374,8,4,9,5,10,1,1,0,2,2,0
13375,5,1,15,4,10,3,1,1,2,2,0
13376,3,7,11,4,1,2,1,0,3,2,0
13377,10,6,5,2,5,0,1,1,2,2,0
13378,10,4,9,4,10,1,0,1,2,2,0
13379,8,4,15,2,12,0,1,1,2,2,0
13380,5,4,9,4,4,4,0,0,2,2,0
13381,12,4,9,5,1,4,1,0,0,2,0
13382,5,4,15,4,4,3,1,0,2,2,0
13383,4,0,15,4,0,1,0,1,1,2,0
13384,11,4,11,2,7,0,1,1,0,2,1
13385,7,4,4,0,8,1,0,1,2,2,0
13386,5,4,9,2,12,5,1,0,1,2,0
13387,8,6,15,2,4,0,1,1,3,2,0
13388,6,4,15,3,11,4,1,1,1,2,0
13389,9,4,1,2,5,0,1,1,2,2,0
13390,10,4,7,2,4,0,1,1,2,4,0
13391,4,4,8,4,4,3,1,1,2,2,0
13392,14,4,15,2,4,0,1,1,1,2,1
13393,7,4,7,0,10,4,1,0,3,2,0
13394,5,4,11,4,3,3,0,1,2,2,0
13395,5,2,15,4,10,2,1,0,1,2,0
13396,8,5,15,2,11,0,1,1,2,2,1
13397,9,5,11,0,12,3,1,1,1,2,0
13398,11,4,11,0,4,3,0,1,0,2,0
13399,6,4,11,2,3,0,1,1,2,2,0
13400,12,4,15,2,8,0,1,1,2,2,0
13401,10,4,8,2,1,5,1,0,2,2,0
13402,6,4,5,4,6,1,1,1,2,2,0
13403,6,4,15,2,3,0,1,1,2,2,1
13404,7,4,8,0,8,4,1,0,2,2,0
13405,8,4,15,0,8,1,1,0,2,2,1
13406,6,4,9,0,10,1,1,0,2,2,0
13407,11,2,9,6,4,1,1,1,2,2,0
13408,10,6,1,2,3,0,1,1,2,2,0
13409,6,4,8,5,8,4,1,0,2,2,0
13410,6,2,15,4,11,1,1,1,2,2,0
13411,12,4,15,6,1,1,1,0,4,2,0
13412,8,6,15,0,12,4,1,0,2,2,0
13413,7,0,11,0,0,4,1,0,3,2,0
13414,4,7,9,4,13,1,1,1,0,2,0
13415,5,4,11,2,1,0,1,1,2,2,0
13416,10,4,7,2,13,0,1,1,2,2,0
13417,7,4,5,2,6,0,1,1,2,2,1
13418,12,2,11,6,11,1,1,1,2,2,0
13419,6,4,15,2,1,0,1,1,2,2,1
13420,12,4,11,5,3,1,1,1,1,2,0
13421,5,2,1,4,8,3,1,1,2,2,0
13422,11,4,9,2,12,0,1,1,2,2,1
13423,13,2,15,2,4,3,1,1,2,2,0
13424,4,4,11,4,12,2,1,1,2,2,0
13425,5,4,9,4,3,1,1,1,2,2,0
13426,4,7,15,4,10,3,1,1,1,2,0
13427,6,4,11,4,3,1,1,1,2,2,0
13428,6,4,15,2,8,0,1,1,2,2,1
13429,13,2,14,6,10,1,0,1,1,2,0
13430,4,4,1,4,14,1,1,1,2,2,0
13431,4,6,15,2,12,5,1,0,0,2,0
13432,7,4,11,2,7,0,1,1,2,2,1
13433,12,5,11,2,4,0,1,1,2,2,1
13434,8,4,11,4,10,3,1,1,2,2,0
13435,8,0,11,0,0,4,0,0,2,2,0
13436,9,5,9,2,12,0,1,1,2,2,0
13437,6,4,4,4,8,4,1,0,2,1,0
13438,10,4,11,6,4,1,1,1,2,2,0
13439,8,4,9,2,12,5,1,0,2,2,0
13440,9,4,7,0,3,3,1,1,2,2,0
13441,3,4,11,2,4,0,0,1,4,0,0
13442,7,4,2,2,9,0,0,1,2,2,1
13443,5,4,11,4,3,3,1,1,2,2,0
13444,7,4,11,2,4,0,1,1,2,2,0
13445,17,4,0,2,6,0,1,1,1,2,0
13446,8,4,11,2,1,5,1,0,2,2,1
13447,7,7,11,2,11,0,1,1,2,2,0
13448,7,4,15,0,1,3,1,0,2,2,0
13449,8,4,12,0,4,3,1,0,2,2,0
13450,7,4,15,2,1,0,1,1,1,2,1
13451,14,4,15,1,4,3,1,0,3,2,0
13452,4,4,5,4,9,3,1,1,2,2,0
13453,10,4,11,0,7,1,0,0,2,0,0
13454,5,4,11,4,4,3,1,0,2,4,0
13455,13,1,7,1,1,3,1,0,2,2,0
13456,6,4,11,4,3,3,0,1,2,2,0
13457,6,4,11,2,6,0,1,1,2,2,0
13458,5,4,11,2,6,0,1,1,2,2,1
13459,6,4,5,2,3,0,1,1,2,2,0
13460,7,4,12,2,4,0,1,1,2,2,1
13461,5,5,4,4,3,1,1,1,2,2,0
13462,8,4,11,2,3,0,1,1,2,2,0
13463,6,4,11,2,7,0,1,1,4,2,1
13464,6,4,15,2,12,0,1,1,0,2,0
13465,11,4,15,2,3,0,1,1,2,2,1
13466,11,4,15,2,12,0,1,1,2,2,0
13467,4,4,15,4,12,3,1,1,2,3,0
13468,5,4,11,4,7,3,1,1,2,2,0
13469,8,4,15,0,10,1,1,1,2,2,0
13470,6,1,11,0,13,1,1,0,2,2,0
13471,5,7,12,4,10,1,1,1,2,2,0
13472,10,7,12,0,1,1,1,0,2,2,0
13473,14,7,12,2,10,5,0,0,1,2,1
13474,7,4,9,2,4,0,1,1,2,2,1
13475,9,5,11,2,3,0,1,1,2,2,0
13476,10,4,0,2,7,0,1,1,3,2,1
13477,6,6,10,2,5,0,1,1,2,2,1
13478,4,4,11,4,1,1,1,1,0,2,0
13479,7,4,11,5,7,4,1,0,3,2,0
13480,3,5,15,2,14,0,1,1,4,2,0
13481,8,4,8,2,8,5,0,0,2,2,1
13482,6,4,11,4,12,3,1,1,2,2,0
13483,18,4,11,2,7,0,0,1,1,2,1
13484,5,4,0,4,13,1,1,0,2,2,1
13485,6,6,2,4,5,3,1,1,0,2,0
13486,5,4,15,0,6,1,1,1,1,2,1
13487,9,7,15,2,10,2,1,1,2,2,0
13488,8,1,8,2,10,0,1,1,2,2,0
13489,7,4,9,0,10,4,1,0,2,2,0
13490,11,4,15,0,4,4,1,0,0,2,0
13491,6,4,12,0,10,4,1,0,2,2,0
13492,7,7,9,4,11,1,1,1,2,2,0
13493,7,2,11,2,1,5,0,0,3,2,0
13494,4,0,9,2,0,0,1,1,2,2,0
13495,8,4,11,4,7,4,1,0,1,2,0
13496,9,4,11,2,3,0,1,1,2,2,0
13497,3,4,12,4,10,1,1,1,0,2,0
13498,3,7,5,4,10,1,1,0,0,2,1
13499,4,4,11,4,8,1,1,1,1,2,0
13500,8,1,7,2,14,0,1,1,3,2,0
13501,3,4,9,4,10,1,0,0,2,2,0
13502,4,4,5,4,3,1,1,1,0,2,0
13503,7,4,2,2,5,0,1,1,3,2,1
13504,5,4,8,0,10,4,1,0,2,4,0
13505,4,4,15,4,1,1,1,0,2,2,0
13506,8,4,9,2,11,0,1,1,2,2,0
13507,7,1,9,4,4,4,1,1,2,2,0
13508,10,1,11,2,4,0,1,1,2,2,1
13509,4,4,15,4,1,3,0,1,1,2,0
13510,8,4,11,2,7,0,1,1,2,2,0
13511,3,0,11,4,0,3,1,0,2,2,0
13512,5,6,15,4,10,1,0,0,2,2,0
13513,6,4,15,4,7,2,1,1,2,2,0
13514,5,7,9,4,10,3,0,1,2,2,0
13515,8,4,11,2,3,0,1,1,1,2,1
13516,17,1,11,5,4,1,1,0,1,2,0
13517,7,6,8,2,5,0,1,1,2,2,1
13518,8,0,0,4,0,3,1,1,2,2,0
13519,4,4,8,4,1,3,1,0,0,2,0
13520,5,0,2,4,0,3,1,1,2,2,0
13521,13,4,15,6,1,4,0,0,1,2,0
13522,15,4,12,2,5,0,1,1,3,2,1
13523,9,0,11,2,0,0,1,1,3,2,1
13524,7,4,11,0,7,1,1,1,2,2,0
13525,5,4,7,4,1,3,1,0,2,2,0
13526,6,4,9,4,13,1,1,0,2,2,0
13527,5,4,11,4,7,3,1,0,2,2,0
13528,14,4,15,1,8,4,0,0,1,2,0
13529,4,2,12,4,10,1,1,1,2,2,0
13530,7,7,15,2,1,0,0,1,2,2,1
13531,5,4,6,2,7,0,0,1,2,2,0
13532,6,4,9,4,12,3,1,0,1,2,0
13533,3,1,15,4,1,1,0,0,2,2,0
13534,6,4,11,2,5,0,1,1,1,2,0
13535,7,4,8,5,4,4,1,0,2,2,0
13536,13,2,2,2,8,0,1,1,2,2,1
13537,4,4,15,4,8,3,1,0,2,2,0
13538,13,4,11,2,14,0,1,1,2,2,0
13539,4,0,15,4,0,1,1,0,2,2,1
13540,4,4,11,0,1,4,1,0,1,2,0
13541,8,4,11,2,13,5,0,0,2,2,1
13542,5,4,9,4,1,4,1,0,1,2,0
13543,7,6,11,4,12,1,0,1,2,2,0
13544,4,4,11,0,7,4,1,0,2,2,0
13545,6,4,15,0,12,1,1,1,2,0,0
13546,8,2,12,4,10,1,1,1,2,2,0
13547,5,6,11,4,7,1,1,0,2,2,0
13548,6,4,15,2,5,0,1,1,2,1,1
13549,7,4,2,2,3,0,1,1,2,2,0
13550,5,4,15,6,1,4,0,0,2,2,0
13551,7,0,9,4,0,3,1,1,2,2,0
13552,14,7,12,2,4,0,1,1,0,2,1
13553,4,4,8,4,12,1,1,0,1,2,0
13554,8,4,9,0,12,1,1,1,2,2,0
13555,12,4,2,0,5,1,0,1,2,2,0
13556,6,4,15,2,4,0,1,1,2,2,1
13557,15,4,11,0,13,1,1,1,2,2,0
13558,3,4,6,4,7,1,1,1,1,2,0
13559,10,4,1,0,7,3,1,1,1,2,0
13560,12,4,15,2,3,0,1,1,2,2,1
13561,12,4,15,0,5,1,1,1,2,2,1
13562,11,4,11,4,3,3,1,1,2,2,0
13563,11,4,15,2,12,0,1,1,0,2,1
13564,3,4,15,4,13,3,1,1,3,2,0
13565,10,4,15,2,3,0,1,1,0,2,0
13566,8,6,9,2,1,0,1,1,2,2,1
13567,4,4,11,4,7,1,1,1,1,2,0
13568,8,6,15,2,3,0,1,1,2,2,0
13569,8,4,9,0,12,0,1,1,2,2,0
13570,8,4,9,2,12,0,1,1,2,2,1
13571,3,4,14,4,4,3,1,1,0,2,0
13572,4,5,0,4,12,3,1,0,2,2,0
13573,3,2,15,4,10,1,1,0,1,1,0
13574,5,2,10,4,10,3,1,1,2,4,0
13575,5,4,1,2,3,0,1,1,2,2,1
13576,5,7,15,2,11,5,1,0,2,2,1
13577,6,0,4,2,0,0,0,1,2,0,0
13578,7,4,15,2,8,0,1,1,2,2,0
13579,4,4,15,4,1,3,1,0,0,2,0
13580,12,1,11,6,1,1,1,1,2,2,0
13581,5,4,15,4,12,3,1,0,3,2,0
13582,5,6,15,2,12,0,1,1,1,2,1
13583,10,4,15,2,10,0,1,1,2,2,1
13584,8,4,11,2,8,0,0,1,2,0,0
13585,9,4,0,2,7,0,1,1,2,2,0
13586,9,2,12,2,10,0,1,1,2,2,0
13587,5,4,2,0,8,1,1,0,2,2,0
13588,3,4,9,4,7,4,1,0,2,2,0
13589,8,4,8,2,4,0,1,1,3,2,1
13590,11,4,15,2,10,0,1,1,2,2,1
13591,7,4,11,4,11,4,1,1,2,2,0
13592,3,6,11,4,12,3,1,1,0,2,0
13593,9,4,11,0,12,1,1,0,2,2,0
13594,10,4,11,2,1,0,0,1,3,2,1
13595,8,1,15,3,10,1,1,0,3,2,0
13596,4,1,9,4,4,3,1,0,0,2,0
13597,7,2,5,0,8,1,1,0,3,2,0
13598,5,4,11,4,7,4,1,1,2,2,1
13599,4,4,2,4,8,1,1,0,0,2,0
13600,6,2,14,4,10,1,1,0,2,2,0
13601,5,4,14,4,4,3,1,1,2,2,0
13602,8,4,15,2,11,0,1,1,1,2,0
13603,14,4,11,1,3,5,1,0,2,2,0
13604,7,6,12,4,5,3,1,1,1,2,0
13605,4,4,11,4,8,4,1,0,2,2,0
13606,7,4,9,2,10,5,1,0,2,2,1
13607,6,4,15,4,1,4,1,0,2,2,0
13608,12,4,12,0,12,1,1,0,2,2,0
13609,9,4,9,2,12,0,1,1,1,2,1
13610,10,2,9,2,4,0,1,1,2,2,1
13611,5,6,0,2,5,0,1,1,2,2,0
13612,4,4,9,4,1,3,1,0,1,2,0
13613,7,4,8,2,8,5,1,0,2,2,0
13614,5,4,11,4,3,1,1,1,2,2,1
13615,10,4,15,0,7,4,1,1,2,2,0
13616,6,4,15,2,6,0,1,1,2,2,0
13617,8,4,11,4,13,3,1,0,2,2,0
13618,8,2,12,2,10,0,1,1,1,2,0
13619,4,4,9,4,12,3,0,0,2,2,0
13620,7,0,9,2,0,5,1,0,2,2,0
13621,5,4,9,2,7,0,1,1,2,2,0
13622,11,4,9,2,12,5,1,0,2,2,1
13623,10,0,7,2,0,0,1,1,2,2,0
13624,5,7,10,2,10,0,0,1,2,2,0
13625,3,4,15,4,12,3,1,0,1,2,0
13626,8,4,8,0,10,1,1,1,2,2,0
13627,10,4,15,2,12,0,1,1,2,2,0
13628,8,4,11,0,7,1,0,1,3,2,0
13629,9,4,4,4,6,2,1,1,2,4,0
13630,9,4,9,2,4,0,1,1,3,2,1
13631,6,7,15,5,10,4,1,0,2,2,0
13632,12,4,8,0,8,1,1,1,1,2,0
13633,6,4,11,2,4,0,1,1,2,2,0
13634,10,4,12,2,10,3,1,0,2,2,0
13635,5,5,15,2,4,0,1,1,2,2,0
13636,5,4,11,2,3,0,1,1,0,2,1
13637,11,4,12,2,12,5,1,0,3,0,0
13638,5,4,11,3,3,1,0,1,2,2,0
13639,4,4,11,2,3,0,1,1,1,2,0
13640,8,4,9,4,12,1,1,1,3,2,0
13641,6,4,0,5,6,4,1,1,1,2,0
13642,6,4,15,2,7,5,1,0,2,2,0
13643,6,4,11,2,3,0,1,1,2,2,0
13644,7,4,15,4,10,1,0,1,2,2,0
13645,4,2,15,4,14,4,1,1,1,2,0
13646,10,4,11,2,7,5,1,0,2,2,0
13647,11,4,15,2,8,5,1,0,2,2,0
13648,9,4,15,2,4,0,1,1,2,2,0
13649,5,6,15,2,5,0,1,1,2,2,1
13650,7,4,15,2,1,0,1,1,2,2,1
13651,6,4,11,2,1,5,1,0,2,2,0
13652,6,2,9,2,10,0,1,1,2,2,1
13653,8,4,15,6,4,1,1,1,2,2,0
13654,9,4,11,2,7,0,1,1,2,2,0
13655,4,4,9,4,12,2,1,0,2,2,0
13656,8,4,11,2,8,0,1,1,2,2,1
13657,3,4,1,4,3,1,1,1,2,2,0
13658,9,4,11,4,12,3,1,1,1,2,0
13659,10,6,11,2,12,2,1,0,2,2,0
13660,13,4,13,2,13,0,1,1,2,2,1
13661,11,4,15,2,1,0,1,1,2,2,1
13662,5,4,1,2,3,0,1,1,2,2,0
13663,6,6,5,5,12,4,1,1,2,2,0
13664,8,6,11,2,5,0,1,1,2,2,0
13665,10,4,12,0,10,3,0,0,2,2,0
13666,3,4,1,4,3,3,0,1,2,2,0
13667,10,2,9,0,8,4,0,0,2,2,0
13668,12,4,7,5,13,1,1,1,2,2,0
13669,7,4,11,2,12,0,1,1,4,2,1
13670,13,4,11,2,12,0,0,1,2,0,0
13671,5,4,6,4,7,3,0,1,2,4,0
13672,10,4,15,0,1,1,1,1,2,2,0
13673,6,4,11,5,1,1,0,0,3,2,0
13674,10,4,9,2,4,5,1,0,0,2,1
13675,9,4,15,2,3,0,1,1,2,2,1
13676,6,7,11,0,8,1,1,1,2,2,0
13677,11,4,11,0,12,1,1,0,1,2,0
13678,4,4,12,4,10,3,1,1,1,2,0
13679,6,4,6,0,9,4,1,0,2,2,0
13680,14,4,11,2,14,0,1,1,2,2,1
13681,13,4,7,0,1,4,1,1,1,2,0
13682,8,4,11,2,6,0,1,1,2,2,0
13683,4,4,2,4,6,1,1,1,2,2,0
13684,11,2,9,2,11,0,1,1,3,2,1
13685,7,4,11,2,1,5,1,0,2,2,1
13686,4,4,9,4,1,4,1,0,1,2,0
13687,9,1,7,2,1,5,1,0,2,2,1
13688,7,4,9,2,4,0,1,1,2,2,1
13689,5,4,6,2,7,0,1,1,2,2,1
13690,9,4,15,4,3,3,0,1,2,2,0
13691,5,4,15,4,3,3,1,1,3,2,0
13692,7,4,10,4,7,3,1,1,2,2,0
13693,4,4,15,4,8,1,1,1,2,2,0
13694,8,4,7,4,4,4,0,0,3,2,0
13695,7,4,15,2,12,0,1,1,2,2,1
13696,10,4,15,2,4,0,1,1,2,2,1
13697,7,7,9,4,1,3,1,0,2,2,0
13698,13,0,15,2,0,5,1,0,0,2,0
13699,8,4,15,0,12,1,1,1,2,2,0
13700,5,0,0,4,0,1,1,1,2,2,0
13701,5,4,11,4,3,3,1,0,2,2,0
13702,12,1,9,2,10,0,1,1,2,2,1
13703,13,4,12,2,4,0,1,1,0,2,0
13704,7,4,9,2,4,0,1,1,2,2,0
13705,9,2,11,0,8,4,1,0,1,2,1
13706,11,0,9,4,0,3,1,1,2,2,0
13707,4,4,15,2,1,0,1,1,2,2,1
13708,8,4,11,2,1,0,1,1,2,2,1
13709,7,4,12,2,10,0,1,1,2,2,0
13710,8,4,11,0,8,1,1,1,2,2,0
13711,10,1,11,2,4,0,1,1,2,2,1
13712,5,4,11,4,8,4,1,0,2,2,0
13713,6,4,11,0,8,1,1,0,2,2,0
13714,11,4,7,2,13,0,1,1,2,2,0
13715,11,4,11,2,5,0,1,1,1,2,0
13716,7,4,15,2,1,0,1,1,2,2,1
13717,8,2,12,2,10,0,1,1,3,2,0
13718,7,7,12,2,4,0,1,1,2,2,1
13719,9,4,7,2,1,5,1,0,2,2,1
13720,4,4,9,4,10,3,1,1,2,2,0
13721,6,4,14,4,10,1,1,0,3,2,0
13722,8,0,11,2,0,0,1,1,2,2,0
13723,4,4,9,4,13,3,1,1,1,2,0
13724,5,4,15,4,1,3,1,1,2,2,0
13725,11,6,0,2,5,2,1,1,2,2,0
13726,5,4,11,2,7,0,1,1,2,2,0
13727,3,4,11,4,3,1,1,1,4,2,0
13728,7,4,11,2,8,0,1,1,2,2,0
13729,6,4,15,5,7,5,0,0,3,2,0
13730,5,4,11,2,12,0,1,1,2,2,1
13731,10,6,12,2,4,0,1,1,2,2,0
13732,14,4,15,2,14,0,1,1,1,2,0
13733,4,4,11,4,7,3,1,1,2,2,0
13734,6,4,15,2,5,0,1,1,2,2,1
13735,7,4,11,0,3,1,1,1,1,2,0
13736,4,6,12,4,4,3,1,1,2,2,0
13737,5,4,9,4,13,1,1,0,2,2,0
13738,5,4,11,2,7,0,0,1,1,2,1
13739,17,7,9,5,4,4,1,0,1,2,0
13740,7,4,9,0,13,1,1,1,2,2,0
13741,10,1,11,2,14,5,1,1,2,2,0
13742,4,4,11,4,6,2,1,1,1,2,0
13743,7,4,15,2,13,0,1,1,3,2,1
13744,6,4,11,5,8,4,1,0,2,2,0
13745,4,2,11,4,1,3,1,1,2,2,0
13746,3,4,11,4,1,3,1,1,2,1,0
13747,9,4,1,0,3,1,1,1,2,2,0
13748,7,0,10,0,0,4,1,0,2,2,0
13749,8,4,0,4,8,3,1,0,2,2,0
13750,5,1,15,0,1,4,1,0,2,2,0
13751,5,4,11,4,3,1,1,1,2,2,0
13752,8,4,15,2,4,0,0,1,4,2,0
13753,11,4,11,2,7,0,0,1,2,0,0
13754,6,4,9,5,12,4,1,1,3,2,0
13755,5,0,1,5,0,1,1,0,2,2,0
13756,8,0,9,2,0,0,1,1,2,2,0
13757,7,4,8,2,10,0,1,1,2,2,0
13758,12,4,11,2,12,0,1,1,2,2,0
13759,4,4,11,4,8,3,0,0,2,0,0
13760,5,4,15,2,3,0,1,1,2,2,0
13761,8,4,11,2,14,0,0,1,2,2,1
13762,13,4,15,2,7,0,1,1,2,2,0
13763,11,4,9,2,12,0,1,1,2,2,1
13764,4,4,9,4,1,3,1,0,1,2,0
13765,6,1,0,2,1,5,1,0,2,2,1
13766,9,4,11,4,1,1,1,0,2,2,0
13767,5,2,12,4,10,3,0,1,2,0,0
13768,7,4,10,2,10,0,1,1,2,2,0
13769,10,4,12,4,10,3,1,0,2,2,0
13770,9,4,11,2,3,0,1,1,1,2,1
13771,3,1,9,4,10,1,1,0,1,2,0
13772,9,4,1,5,7,1,0,1,2,2,0
13773,9,4,11,0,1,1,0,0,2,2,0
13774,12,5,11,6,4,1,1,0,4,2,0
13775,9,6,11,2,5,0,1,1,2,2,1
13776,12,4,9,2,10,0,1,1,2,2,1
13777,5,4,11,4,8,3,1,0,2,2,0
13778,10,6,1,2,8,0,1,1,1,2,1
13779,9,4,10,4,10,1,1,1,2,2,0
13780,8,2,11,2,3,0,0,1,2,2,1
13781,6,4,11,0,8,1,1,0,2,2,0
13782,9,4,9,0,4,1,1,0,2,2,0
13783,7,6,0,4,14,3,1,1,2,2,0
13784,13,0,9,0,0,1,0,1,2,2,1
13785,5,4,11,4,14,1,1,1,1,2,0
13786,8,4,9,0,4,4,1,1,2,2,0
13787,6,1,9,2,13,5,1,1,2,2,1
13788,4,4,0,4,5,3,1,1,1,2,0
13789,14,4,8,3,7,1,1,0,1,2,0
13790,8,4,11,2,3,0,1,1,2,2,0
13791,6,4,9,2,12,0,1,1,2,2,0
13792,5,4,6,2,7,0,0,1,2,2,0
13793,10,4,11,2,6,0,1,1,2,2,0
13794,8,6,2,3,5,1,1,1,2,2,0
13795,7,4,11,2,14,0,1,1,2,2,0
13796,4,6,11,4,3,1,1,1,1,2,0
13797,9,6,0,2,12,5,1,0,2,2,1
13798,9,4,11,0,6,3,1,1,2,2,0
13799,7,4,15,2,4,0,1,1,2,2,0
13800,10,4,12,2,10,0,1,1,0,2,1
13801,8,4,9,2,1,5,1,0,2,2,1
13802,5,4,11,4,3,1,1,1,2,2,0
13803,7,4,9,4,12,3,1,0,2,2,0
13804,8,2,0,4,8,3,1,0,2,2,0
13805,3,6,3,4,2,3,0,0,1,2,0
13806,8,1,15,2,10,0,1,1,2,2,0
13807,4,4,9,4,10,3,1,0,2,2,0
13808,6,6,12,2,10,0,1,1,2,2,0
13809,6,4,15,4,4,1,1,1,2,2,0
13810,8,5,9,2,12,0,1,1,2,2,0
13811,12,4,12,2,10,0,0,1,2,2,1
13812,8,4,15,2,13,0,1,1,2,2,1
13813,12,0,3,0,0,3,1,0,2,2,0
13814,5,4,11,2,4,0,1,1,2,2,0
13815,9,4,14,2,10,0,1,1,1,2,1
13816,3,4,11,4,12,4,1,0,3,2,0
13817,5,0,2,4,0,1,1,1,2,2,0
13818,4,4,9,4,12,4,1,0,1,2,0
13819,4,6,14,4,10,2,1,0,1,2,0
13820,6,5,11,4,12,1,1,0,2,2,0
13821,9,4,9,2,7,0,0,1,2,0,1
13822,7,2,12,2,10,0,1,1,2,2,0
13823,11,4,15,0,12,1,1,0,2,2,1
13824,9,4,11,2,6,0,1,1,2,2,1
13825,6,4,15,5,1,4,1,0,2,2,0
13826,11,7,15,2,1,0,1,1,2,2,0
13827,9,4,11,2,8,5,1,0,2,2,0
13828,6,4,11,2,3,0,1,1,2,2,1
13829,5,7,9,4,10,1,1,0,2,2,0
13830,11,4,12,5,4,4,1,0,2,2,0
13831,7,6,11,2,5,0,0,1,2,0,1
13832,11,4,15,2,12,0,1,1,2,2,1
13833,9,6,14,2,10,0,1,1,2,2,1
13834,4,4,9,4,10,3,1,0,1,2,0
13835,9,4,9,2,6,0,0,1,2,2,1
13836,7,4,4,2,3,0,1,1,3,2,0
13837,5,7,11,4,10,3,1,0,2,2,0
13838,7,2,12,2,10,0,1,1,2,2,0
13839,8,4,8,0,1,1,1,1,2,2,0
13840,6,4,15,5,12,1,1,0,2,2,0
13841,8,4,11,0,4,1,1,1,2,2,0
13842,4,4,11,4,12,3,1,1,2,2,0
13843,4,4,1,4,7,1,1,0,2,2,0
13844,11,7,15,0,1,4,1,0,2,2,0
13845,6,4,11,4,8,3,1,0,1,2,0
13846,4,4,9,4,4,4,1,1,1,2,0
13847,9,6,11,4,3,4,0,1,2,2,0
13848,5,4,11,0,8,4,0,1,2,2,0
13849,10,4,15,2,12,0,1,1,2,2,0
13850,6,1,15,2,7,0,1,1,2,2,0
13851,5,6,5,4,5,3,1,1,2,2,0
13852,11,4,11,6,14,1,1,1,2,2,0
13853,10,4,7,0,10,3,1,0,2,2,0
13854,6,4,9,4,12,3,1,1,2,2,0
13855,10,0,11,2,6,0,1,1,1,2,1
13856,8,4,0,2,6,0,1,1,2,2,0
13857,12,4,8,2,12,0,1,1,1,2,0
13858,6,4,14,4,10,1,0,1,3,0,0
13859,7,4,9,2,10,0,1,1,2,2,0
13860,6,4,2,2,9,0,0,1,2,2,1
13861,10,4,8,4,13,1,1,1,2,2,0
13862,3,6,1,4,3,3,1,1,1,2,0
13863,5,4,9,2,4,0,1,1,2,2,0
13864,11,4,15,2,13,0,1,1,2,2,0
13865,4,4,11,4,4,1,1,1,2,2,0
13866,3,4,9,4,8,4,0,0,0,2,0
13867,8,6,11,2,5,0,1,1,2,2,0
13868,12,4,4,2,6,0,1,1,2,2,1
13869,6,4,11,4,5,1,1,1,1,2,0
13870,6,4,9,2,12,0,1,1,2,2,1
13871,5,4,7,2,7,0,1,1,2,2,1
13872,5,4,8,4,1,1,1,0,1,2,0
13873,7,4,11,2,4,0,1,1,3,2,0
13874,7,4,3,5,13,4,1,0,2,2,0
13875,3,4,11,4,1,1,1,0,0,2,0
13876,6,4,11,4,8,3,0,0,2,2,0
13877,3,4,15,4,12,3,1,1,2,2,0
13878,13,4,11,2,7,0,1,1,2,2,0
13879,8,5,15,0,4,4,1,1,3,2,0
13880,8,7,9,2,10,0,1,1,1,2,1
13881,9,2,15,0,8,4,1,0,2,2,0
13882,9,6,11,0,3,4,1,1,2,2,0
13883,7,4,9,2,12,5,1,0,2,2,0
13884,7,4,1,4,7,3,1,1,2,2,0
13885,4,4,15,4,12,3,0,0,1,2,0
13886,6,4,15,2,3,0,1,1,2,2,1
13887,4,4,11,4,8,1,1,0,2,2,0
13888,7,1,7,2,10,5,0,0,2,2,0
13889,10,4,9,2,4,0,1,1,0,2,0
13890,4,4,15,4,12,4,1,1,2,2,0
13891,5,4,15,2,12,0,1,1,2,2,0
13892,5,2,1,4,11,1,0,1,3,0,0
13893,8,7,9,0,1,3,0,0,1,2,0
13894,6,4,11,4,1,1,0,0,2,2,0
13895,6,4,15,2,3,0,1,1,1,2,1
13896,6,6,14,2,10,0,1,1,2,2,0
13897,12,1,9,2,1,0,1,1,2,2,0
13898,4,4,12,4,10,3,1,0,1,2,0
13899,5,4,9,4,1,1,1,0,2,2,0
13900,7,4,11,2,1,5,1,0,3,2,0
13901,12,4,8,2,3,0,1,1,1,2,0
13902,10,2,0,2,14,0,1,1,2,2,0
13903,11,4,15,5,8,4,1,0,2,2,1
13904,6,4,15,2,12,0,1,1,1,2,0
13905,8,4,11,2,7,0,1,1,2,2,0
13906,4,2,15,4,10,1,1,1,0,2,0
13907,8,0,15,2,0,0,1,1,2,2,1
13908,11,4,11,6,3,4,1,1,2,2,0
13909,4,4,5,2,10,0,1,1,1,2,0
13910,4,4,1,4,14,1,1,1,0,2,1
13911,6,6,11,4,3,3,1,1,2,2,0
13912,5,4,11,2,8,0,1,1,2,2,0
13913,14,2,15,2,4,0,1,1,0,2,0
13914,4,4,11,2,14,0,1,1,2,2,0
13915,9,4,11,2,14,0,1,1,2,2,0
13916,4,4,11,4,3,1,1,1,0,2,0
13917,9,4,9,0,12,4,1,0,2,2,0
13918,4,6,8,4,12,1,0,1,2,2,0
13919,10,4,1,0,3,1,1,1,2,2,0
13920,6,4,15,4,1,1,1,0,2,2,0
13921,6,4,12,2,10,0,1,1,2,2,1
13922,7,2,9,2,10,0,1,1,1,2,0
13923,9,4,11,0,4,1,1,1,2,2,0
13924,12,4,15,6,1,1,1,1,1,2,0
13925,8,4,15,4,4,1,1,1,2,2,0
13926,11,3,11,2,13,0,1,1,2,2,1
13927,10,4,1,2,7,0,1,1,2,4,0
13928,11,7,9,2,10,0,1,1,2,2,0
13929,3,4,9,4,10,3,0,0,2,2,0
13930,8,4,7,2,12,0,1,1,2,2,0
13931,8,4,2,0,8,4,0,0,2,2,0
13932,13,5,9,6,4,4,1,0,1,1,0
13933,5,2,15,4,4,1,1,0,2,2,0
13934,8,4,11,2,7,0,1,1,1,2,0
13935,5,4,15,0,10,1,0,1,2,0,0
13936,4,4,4,4,8,3,1,0,2,2,0
13937,3,6,9,2,12,0,1,1,1,2,1
13938,11,4,15,2,3,0,1,1,2,2,1
13939,7,4,11,2,8,0,1,1,2,2,1
13940,4,4,9,4,1,1,1,1,2,2,0
13941,7,4,15,5,4,4,1,0,2,2,0
13942,4,4,1,4,7,1,1,0,2,2,0
13943,4,4,11,4,1,4,1,0,2,2,0
13944,6,4,11,2,7,0,1,1,2,2,1
13945,9,6,12,0,5,1,1,1,3,2,0
13946,3,7,8,4,1,1,1,0,1,2,0
13947,9,2,9,6,10,4,1,0,2,2,0
13948,4,7,8,4,5,1,1,1,2,2,0
13949,5,2,15,3,10,2,1,0,1,2,0
13950,3,1,9,4,1,3,0,0,1,2,0
13951,12,4,11,2,5,0,1,1,2,2,1
13952,10,4,11,2,3,0,1,1,2,2,0
13953,4,4,11,4,8,3,1,1,0,2,0
13954,6,4,7,2,10,3,1,1,2,2,0
13955,10,2,11,2,1,0,1,1,2,4,1
13956,4,2,15,2,10,5,1,0,2,2,0
13957,10,4,1,2,3,0,1,1,2,2,1
13958,6,4,11,4,1,3,1,1,2,2,0
13959,6,5,15,2,4,0,1,1,2,2,1
13960,4,4,11,0,7,4,1,1,1,2,0
13961,7,6,12,4,10,3,1,0,2,1,0
13962,6,4,15,4,8,1,1,0,2,2,0
13963,6,0,9,2,0,0,0,1,2,2,0
13964,8,4,5,2,3,0,1,1,2,2,0
13965,5,6,12,4,5,3,1,1,2,2,0
13966,7,4,7,2,14,0,1,1,3,2,1
13967,9,4,11,2,14,0,1,1,2,2,0
13968,7,2,9,4,11,3,1,0,2,2,0
13969,6,4,15,4,1,3,1,0,2,2,0
13970,10,4,11,2,7,0,1,1,2,2,0
13971,12,0,11,2,0,0,1,1,2,2,1
13972,6,4,11,2,5,0,1,1,1,2,1
13973,13,4,15,2,10,0,1,1,2,2,1
13974,4,4,9,4,4,1,1,1,0,2,0
13975,3,4,11,4,8,1,0,1,2,2,0
13976,14,2,12,6,10,1,0,1,0,2,0
13977,9,4,7,0,14,1,1,1,2,2,0
13978,7,4,6,2,8,0,1,1,2,2,1
13979,11,2,11,0,8,1,1,1,2,2,0
13980,6,4,9,4,1,3,1,0,2,2,0
13981,10,6,9,5,12,2,1,1,2,2,0
13982,6,2,11,2,3,0,1,1,3,2,1
13983,5,4,12,4,10,1,1,0,2,2,0
13984,5,4,4,4,1,3,1,0,2,2,0
13985,14,6,14,2,10,0,1,1,0,2,0
13986,4,4,11,4,1,1,1,0,1,2,0
13987,4,4,11,4,8,3,0,0,2,2,0
13988,14,4,11,5,6,1,1,1,1,2,0
13989,9,4,1,2,3,0,1,1,2,2,0
13990,6,1,2,5,13,4,1,0,3,2,0
13991,5,2,15,4,11,1,0,0,2,2,0
13992,4,4,15,4,10,2,1,0,2,2,0
13993,7,4,11,5,13,4,1,0,2,2,0
13994,9,4,11,0,7,1,1,0,2,2,0
13995,3,4,11,4,7,3,1,0,2,1,0
13996,3,4,11,4,14,3,1,1,1,2,0
13997,11,4,11,4,1,1,1,0,2,2,0
13998,6,4,14,0,10,1,1,1,2,2,0
13999,5,4,15,4,13,3,1,1,2,2,0
14000,5,4,11,4,8,1,1,0,2,2,0
14001,8,4,11,2,1,5,1,0,2,2,0
14002,5,4,11,4,7,4,1,1,1,2,0
14003,5,4,9,2,10,5,1,0,2,2,0
14004,12,4,11,0,14,1,1,1,2,2,0
14005,11,2,8,2,4,0,1,1,0,2,0
14006,12,4,11,2,4,0,1,1,2,3,1
14007,5,2,11,4,10,2,1,1,2,2,0
14008,14,4,9,2,3,0,1,1,1,2,1
14009,9,4,15,5,1,4,0,0,2,2,0
14010,7,4,12,2,10,0,1,1,2,2,0
14011,4,4,1,4,14,3,1,1,1,2,0
14012,9,4,15,2,13,0,1,1,2,2,0
14013,6,4,15,5,1,1,1,1,1,2,0
14014,6,7,8,4,10,2,1,1,2,2,0
14015,13,4,5,2,6,0,1,1,1,2,0
14016,4,4,10,4,10,3,1,0,0,2,0
14017,6,4,11,4,5,3,1,1,2,2,0
14018,6,4,15,2,12,0,1,1,2,2,1
14019,3,4,7,4,7,1,0,1,4,0,0
14020,4,4,15,4,10,3,1,0,1,2,0
14021,3,4,1,4,14,2,1,0,2,2,0
14022,6,4,11,2,6,0,1,1,1,2,0
14023,4,4,11,4,1,2,1,0,2,2,0
14024,6,4,15,4,12,1,1,1,1,2,1
14025,10,4,15,0,4,1,0,0,2,2,0
14026,3,4,11,4,1,2,1,0,1,1,0
14027,5,4,0,4,1,2,1,0,2,2,0
14028,5,6,0,2,5,0,1,1,2,2,0
14029,4,4,11,2,4,0,1,1,1,2,0
14030,8,2,9,4,10,3,1,0,2,2,0
14031,11,4,11,2,12,0,1,1,2,2,0
14032,6,4,8,0,1,4,1,0,2,2,0
14033,5,2,15,0,11,1,1,1,2,2,0
14034,6,5,6,4,12,1,1,0,2,2,0
14035,11,4,15,2,12,0,1,1,2,2,1
14036,8,4,11,0,12,1,1,0,2,2,0
14037,11,4,9,2,4,0,1,1,2,2,0
14038,10,4,9,2,10,0,1,1,2,2,0
14039,7,5,14,2,10,0,1,1,2,2,0
14040,12,4,11,2,8,0,1,1,1,2,1
14041,7,6,15,2,3,0,1,1,2,2,0
14042,4,4,7,4,8,3,0,1,2,0,0
14043,6,4,14,5,10,1,1,1,1,2,0
14044,6,5,12,4,4,1,1,1,1,2,0
14045,8,0,8,2,0,0,1,1,3,2,1
14046,11,2,15,2,11,0,1,1,2,2,0
14047,12,4,11,2,10,0,1,1,2,2,0
14048,3,4,11,4,4,1,1,1,2,2,0
14049,13,4,11,2,7,0,1,1,2,2,1
14050,5,6,9,0,4,4,1,0,1,2,0
14051,10,4,0,2,6,0,1,1,2,2,0
14052,5,7,3,0,2,2,0,0,2,2,1
14053,8,4,11,0,8,1,0,0,1,2,0
14054,10,4,9,6,1,4,1,0,3,2,1
14055,6,4,8,5,1,4,1,0,2,2,0
14056,8,4,15,4,1,1,1,0,2,2,1
14057,4,4,8,4,5,1,1,1,2,2,0
14058,6,4,9,2,12,0,1,1,2,2,1
14059,7,4,15,4,12,2,1,1,2,2,0
14060,5,4,15,4,3,3,1,1,2,2,0
14061,10,4,0,2,1,0,1,1,2,2,0
14062,8,4,9,2,12,0,1,1,1,2,0
14063,6,7,15,4,8,3,1,0,2,2,0
14064,7,4,15,2,3,0,0,1,2,2,1
14065,4,4,15,4,8,1,1,0,1,2,0
14066,11,4,5,2,5,0,1,1,2,2,0
14067,14,4,11,1,1,4,1,0,3,1,1
14068,10,4,9,2,12,0,1,1,0,2,1
14069,11,4,15,2,12,0,1,1,1,2,0
14070,9,6,8,2,5,0,1,1,2,2,0
14071,4,4,11,2,3,0,1,1,1,2,1
14072,11,4,11,5,14,1,1,0,2,2,0
14073,10,4,11,2,14,0,1,1,2,2,0
14074,9,4,9,0,12,1,1,1,2,2,0
14075,10,4,6,2,12,0,1,1,2,2,0
14076,9,0,11,2,0,0,1,1,2,2,1
14077,12,4,11,6,1,4,1,0,2,2,0
14078,6,7,9,4,10,3,1,0,2,2,0
14079,4,4,15,4,12,1,1,0,1,2,0
14080,8,4,11,2,7,0,1,1,1,2,1
14081,12,7,9,2,10,0,1,1,1,2,0
14082,6,4,11,4,3,1,1,1,1,2,0
14083,12,7,15,2,1,0,1,1,2,2,0
14084,8,4,11,4,10,3,1,0,4,2,0
14085,8,4,0,2,7,0,1,1,2,2,1
14086,10,4,11,2,5,0,1,1,2,2,1
14087,7,4,9,4,4,3,1,0,2,2,0
14088,12,4,5,2,3,0,0,1,4,2,0
14089,10,4,11,2,8,0,1,1,2,2,1
14090,3,4,11,4,12,3,1,1,2,2,0
14091,7,4,9,2,12,0,1,1,1,2,1
14092,11,6,11,0,12,1,1,0,2,2,0
14093,7,4,15,2,3,0,1,1,2,2,0
14094,10,7,15,0,1,1,1,0,1,2,0
14095,7,4,11,4,12,3,1,1,2,2,0
14096,3,7,9,4,10,3,1,0,1,2,0
14097,7,2,11,2,11,0,1,1,2,2,1
14098,9,4,8,2,4,0,1,1,3,2,0
14099,9,4,9,2,4,0,1,1,2,2,0
14100,8,4,15,2,3,0,1,1,2,2,0
14101,6,4,15,4,6,3,1,0,2,2,0
14102,5,4,11,4,14,1,1,1,3,2,0
14103,5,4,15,4,8,4,1,0,2,2,0
14104,9,4,11,4,3,3,1,0,2,2,0
14105,3,4,11,4,7,1,1,1,2,2,0
14106,9,4,11,0,12,1,1,1,2,2,0
14107,8,4,15,3,1,4,1,0,2,2,0
14108,6,4,11,2,8,0,1,1,2,2,0
14109,8,6,11,4,12,2,1,1,2,2,0
14110,8,2,15,2,10,0,1,1,2,2,0
14111,9,4,1,2,7,0,0,1,2,2,1
14112,11,4,15,2,8,5,0,0,3,2,0
14113,10,4,11,2,3,0,1,1,2,2,0
14114,10,4,15,0,3,4,1,1,2,2,0
14115,6,4,14,2,10,0,1,1,2,2,0
14116,4,7,12,4,10,3,1,0,2,2,0
14117,8,4,15,2,7,0,1,1,2,2,0
14118,6,4,11,2,3,0,1,1,4,2,0
14119,9,4,11,0,12,1,1,0,1,2,0
14120,8,2,11,2,11,0,1,1,3,2,0
14121,8,4,15,0,7,1,1,0,2,2,0
14122,4,2,15,4,10,1,1,1,1,2,0
14123,6,4,8,5,1,4,1,0,1,2,0
14124,4,4,11,2,7,5,1,0,2,1,0
14125,3,4,9,4,3,3,1,1,0,2,0
14126,5,7,11,4,1,3,1,1,2,2,0
14127,6,5,9,4,4,1,1,1,2,2,0
14128,9,2,12,2,8,0,1,1,2,2,0
14129,4,4,11,4,8,3,1,0,1,2,0
14130,4,4,11,2,14,0,1,1,3,2,1
14131,9,5,9,2,10,0,1,1,2,2,0
14132,9,4,11,4,1,3,1,0,2,2,0
14133,7,6,10,4,4,1,0,0,1,2,0
14134,8,4,9,4,3,2,1,1,2,2,0
14135,7,4,8,5,9,4,1,0,1,2,0
14136,7,4,15,0,1,4,1,0,2,2,0
14137,3,4,11,4,3,3,1,1,2,2,0
14138,5,7,11,2,1,0,1,1,2,2,0
14139,7,4,9,2,4,5,1,0,2,2,1
14140,4,4,12,4,4,1,1,1,1,2,0
14141,5,4,11,4,8,1,1,1,2,2,0
14142,5,4,15,4,13,3,1,0,2,2,0
14143,8,4,14,2,10,0,1,1,2,2,1
14144,6,2,6,2,14,0,1,1,2,2,1
14145,8,4,9,2,12,0,1,1,2,1,1
14146,10,4,9,2,1,5,1,0,2,2,1
14147,8,1,9,2,10,0,1,1,2,2,1
14148,12,4,9,6,10,4,1,0,2,2,0
14149,8,4,9,6,10,1,1,0,1,2,0
14150,8,4,1,2,7,0,1,1,2,2,0
14151,11,4,11,0,1,2,1,1,2,2,0
14152,5,4,11,2,3,0,1,1,3,2,1
14153,3,5,9,4,4,3,1,1,2,2,0
14154,10,4,15,4,1,1,1,0,2,1,0
14155,4,4,11,4,7,3,1,1,0,2,0
14156,7,4,11,2,12,0,1,1,2,2,1
14157,6,4,11,4,8,1,1,0,1,2,0
14158,9,4,11,0,3,3,1,1,2,4,0
14159,4,4,15,4,8,3,1,0,2,2,0
14160,8,0,9,2,0,2,1,1,2,2,0
14161,8,2,9,2,4,0,1,1,2,2,0
14162,13,4,11,2,3,0,1,1,0,2,0
14163,7,4,11,2,8,0,0,1,2,2,0
14164,5,4,1,4,3,1,1,1,2,2,0
14165,12,4,9,2,6,0,1,1,2,2,1
14166,7,4,4,0,8,1,1,0,1,2,0
14167,9,4,15,2,10,0,1,1,3,2,0
14168,14,4,15,0,6,1,1,1,2,2,1
14169,10,7,9,0,10,1,1,0,2,2,0
14170,4,0,15,4,0,2,1,1,1,2,0
14171,10,2,9,2,3,0,1,1,1,2,1
14172,10,4,6,2,7,0,0,1,2,2,0
14173,7,4,15,2,1,5,1,0,2,2,0
14174,7,4,9,4,1,1,1,0,2,2,0
14175,8,4,11,2,7,0,1,1,1,2,1
14176,5,4,7,2,10,0,1,1,2,2,1
14177,10,4,9,2,4,0,1,1,2,2,0
14178,4,2,8,4,14,3,1,1,2,2,0
14179,11,1,12,2,10,0,1,1,2,2,1
14180,13,4,9,2,12,0,1,1,0,2,0
14181,4,4,12,4,8,3,0,0,1,0,0
14182,11,4,15,2,8,0,0,1,2,2,1
14183,11,4,1,2,12,0,1,1,0,2,0
14184,11,7,11,4,13,1,1,1,2,2,0
14185,4,4,15,4,1,1,1,0,2,2,0
14186,4,0,0,4,0,1,1,1,0,2,0
14187,4,7,9,4,10,3,1,1,1,2,0
14188,14,4,9,5,10,1,1,0,0,2,0
14189,11,4,14,2,10,0,1,1,1,2,0
14190,5,4,11,4,12,1,1,0,2,2,0
14191,10,4,11,2,14,0,1,1,2,2,1
14192,5,4,1,0,3,1,1,1,2,2,0
14193,9,6,9,0,10,1,0,1,3,2,0
14194,9,6,11,2,3,0,1,1,3,2,0
14195,8,4,11,0,1,4,1,0,3,2,0
14196,8,6,9,2,12,5,0,1,2,2,1
14197,12,6,5,6,5,1,1,1,2,2,0
14198,7,4,1,2,3,0,0,1,2,2,1
14199,9,4,15,2,12,0,1,1,2,2,1
14200,11,2,15,6,4,4,1,1,1,2,0
14201,13,4,11,0,8,1,0,1,2,2,0
14202,5,4,7,2,4,2,1,0,1,2,0
14203,9,4,15,0,1,4,1,0,2,2,0
14204,9,0,11,2,0,0,1,1,2,2,1
14205,4,4,12,4,12,3,1,0,1,2,0
14206,17,4,3,4,7,1,1,1,1,2,0
14207,4,4,15,4,8,1,0,0,2,2,0
14208,7,4,9,4,1,3,1,1,1,2,0
14209,7,4,11,4,12,3,1,0,2,2,0
14210,5,6,9,4,10,3,1,0,2,2,0
14211,3,4,9,4,10,4,1,0,0,2,0
14212,8,6,12,2,5,0,0,1,2,2,1
14213,6,4,9,4,4,1,1,1,2,2,1
14214,6,4,15,5,10,1,1,0,2,2,1
14215,6,4,11,0,7,1,1,1,2,2,0
14216,4,4,11,0,3,4,1,1,2,2,1
14217,9,6,7,2,12,0,1,1,2,2,1
14218,8,4,15,2,6,0,1,1,2,2,1
14219,4,4,7,4,1,3,1,0,1,2,0
14220,7,4,9,2,10,0,1,1,2,2,0
14221,8,1,11,2,1,0,1,1,2,2,0
14222,13,4,1,2,3,0,1,1,2,2,0
14223,3,4,11,4,1,1,1,0,2,2,0
14224,6,4,11,2,10,0,1,1,1,2,1
14225,9,5,8,2,4,0,0,1,2,2,1
14226,4,4,11,4,12,3,1,1,2,2,0
14227,9,4,11,2,7,0,1,1,2,2,1
14228,5,0,5,4,8,3,1,0,1,2,0
14229,4,6,10,4,10,1,1,0,2,2,0
14230,12,4,11,2,6,0,1,1,0,2,0
14231,6,6,15,2,3,0,1,1,2,2,0
14232,7,6,15,2,7,0,1,1,2,2,1
14233,6,4,11,2,14,0,1,1,2,2,0
14234,3,4,11,4,14,3,1,1,2,2,0
14235,6,0,15,0,0,3,1,0,2,2,0
14236,13,6,11,6,1,1,1,1,0,2,0
14237,7,4,15,5,12,1,1,0,2,2,0
14238,15,7,10,6,10,1,1,0,0,2,0
14239,4,4,11,4,7,3,1,1,2,2,0
14240,10,2,10,2,10,0,1,1,2,2,1
14241,4,4,6,4,12,1,1,1,2,2,0
14242,11,4,0,2,14,0,1,1,2,2,0
14243,6,4,8,0,8,1,1,1,2,2,0
14244,7,4,11,0,7,1,1,1,1,2,0
14245,5,4,9,2,10,0,0,1,2,2,0
14246,4,4,5,4,10,1,1,1,1,2,0
14247,6,0,7,2,3,0,1,1,2,2,0
14248,5,4,11,4,1,4,1,0,2,2,0
14249,4,2,9,4,8,4,1,0,3,2,0
14250,3,4,9,4,12,1,1,1,1,2,0
14251,12,4,15,2,7,0,1,1,2,2,1
14252,5,4,15,4,6,1,1,1,2,2,1
14253,10,7,9,6,10,4,1,0,2,2,0
14254,7,4,12,4,4,1,1,0,3,2,0
14255,8,4,12,0,1,4,1,0,1,2,0
14256,6,4,15,2,14,0,1,1,2,2,0
14257,6,4,8,4,8,3,1,0,2,2,0
14258,9,5,9,2,4,0,1,1,2,2,1
14259,10,4,11,6,6,1,0,1,3,0,0
14260,8,4,11,0,12,4,1,0,2,2,0
14261,4,4,15,4,8,1,0,0,2,2,0
14262,7,4,15,2,4,0,1,1,2,2,1
14263,5,7,9,2,14,0,1,1,2,2,0
14264,3,4,7,5,10,1,1,0,2,2,0
14265,7,4,11,2,8,0,1,1,2,2,0
14266,6,4,15,2,1,0,1,1,1,2,0
14267,6,4,11,2,12,0,1,1,2,2,1
14268,12,4,9,4,6,1,1,1,1,2,0
14269,6,2,9,0,10,1,1,0,2,2,0
14270,8,4,10,2,10,2,1,1,2,2,0
14271,5,4,15,2,4,0,1,1,2,2,1
14272,5,2,12,4,10,4,1,0,2,2,0
14273,10,4,9,2,14,0,1,1,2,2,0
14274,6,4,11,4,7,3,1,1,2,2,0
14275,7,1,15,5,13,1,1,0,2,2,0
14276,6,6,11,0,7,1,1,0,3,2,0
14277,4,0,0,4,0,4,1,0,2,2,0
14278,4,4,15,4,12,1,1,1,1,2,0
14279,6,4,11,2,13,0,1,1,3,2,0
14280,13,4,12,2,10,0,1,1,1,2,1
14281,7,2,14,0,10,4,1,1,2,2,0
14282,8,4,11,2,12,0,1,1,2,2,0
14283,5,4,11,4,3,3,1,1,2,2,0
14284,12,4,11,2,3,0,1,1,2,2,1
14285,10,4,12,2,12,0,0,1,2,2,1
14286,8,2,11,2,11,0,1,1,1,2,0
14287,10,4,12,0,10,1,1,0,2,2,0
14288,5,4,15,2,8,0,1,1,2,2,0
14289,9,4,11,0,13,1,1,0,2,2,0
14290,9,4,11,2,7,0,1,1,2,2,0
14291,10,0,15,6,0,3,1,1,2,2,0
14292,12,4,1,4,7,1,1,0,1,2,0
14293,12,2,9,2,11,0,1,1,1,2,0
14294,13,1,4,2,1,0,1,1,2,2,0
14295,6,5,12,5,10,1,1,0,0,2,0
14296,9,4,15,2,10,0,1,1,2,2,0
14297,12,4,11,0,3,3,1,1,2,2,0
14298,8,6,15,2,12,0,0,1,2,2,0
14299,7,4,1,2,3,0,0,1,2,2,0
14300,6,6,15,2,5,0,1,1,1,2,0
14301,9,4,11,2,7,0,1,1,2,2,1
14302,10,4,5,0,5,1,1,1,2,2,0
14303,7,4,9,2,10,2,1,1,1,2,0
14304,4,4,15,0,8,4,1,0,1,2,0
14305,9,4,7,4,10,3,1,0,2,1,0
14306,11,4,11,4,6,1,1,1,1,2,0
14307,4,4,11,2,7,0,1,1,2,2,1
14308,4,4,11,4,8,3,1,0,2,2,0
14309,9,4,11,2,12,0,1,1,2,2,1
14310,7,4,15,0,7,1,1,0,2,2,1
14311,4,4,1,5,3,1,1,1,3,2,0
14312,3,4,6,4,7,1,1,1,2,2,0
14313,7,2,15,2,14,0,1,1,2,2,0
14314,3,4,15,4,1,1,0,0,3,2,0
14315,7,4,11,2,1,5,1,0,2,2,0
14316,4,4,11,4,6,3,1,1,1,2,0
14317,10,4,9,0,4,0,1,1,2,4,0
14318,6,4,15,2,12,5,1,0,2,2,1
14319,8,4,11,2,5,0,1,1,2,2,0
14320,3,7,9,2,10,0,1,1,1,2,1
14321,9,4,8,0,8,1,1,1,2,2,0
14322,3,4,11,4,12,1,1,0,4,4,0
14323,8,5,12,2,4,0,1,1,2,2,0
14324,11,2,11,2,10,0,1,1,2,2,0
14325,12,4,4,2,3,0,1,1,2,2,0
14326,9,4,11,2,3,0,1,1,2,2,0
14327,8,4,0,2,7,0,1,1,2,2,0
14328,10,4,15,2,6,0,0,1,2,2,0
14329,6,4,11,4,12,1,1,0,2,2,0
14330,12,4,11,0,7,4,0,1,2,2,0
14331,6,6,11,2,5,0,1,1,2,2,0
14332,3,4,11,4,3,1,1,1,0,2,0
14333,4,4,15,4,3,2,1,1,1,2,0
14334,8,4,11,2,3,0,1,1,2,2,1
14335,7,4,7,2,4,0,1,1,2,2,1
14336,3,4,1,4,3,3,1,1,0,2,0
14337,6,4,11,0,7,4,1,0,1,2,0
14338,6,4,11,2,3,0,1,1,2,2,0
14339,7,4,15,2,10,0,1,1,1,2,1
14340,9,4,8,0,3,4,0,0,2,2,0
14341,7,0,2,4,0,3,1,0,2,2,0
14342,8,6,9,4,4,1,1,0,2,2,0
14343,16,4,15,2,4,0,1,1,1,2,1
14344,11,4,9,4,3,1,1,1,2,2,0
14345,4,0,11,4,0,3,1,0,0,2,0
14346,4,6,11,4,14,1,1,1,1,2,0
14347,6,4,11,5,7,1,1,0,2,2,0
14348,10,4,8,2,13,0,1,1,2,2,1
14349,9,4,9,2,12,0,1,1,2,2,0
14350,10,6,11,2,14,0,0,1,2,2,1
14351,9,4,15,6,14,1,1,1,2,2,1
14352,9,2,15,4,1,2,1,0,1,2,0
14353,9,6,11,2,5,0,1,1,2,2,0
14354,7,4,9,4,12,1,1,1,2,2,0
14355,6,5,9,4,4,3,1,1,2,2,0
14356,7,4,12,5,4,1,1,1,2,2,0
14357,8,7,11,2,1,0,0,1,2,4,0
14358,12,4,15,2,8,0,1,1,1,2,1
14359,7,4,15,2,3,0,1,1,2,2,1
14360,5,4,1,4,8,1,0,0,2,2,0
14361,4,5,12,4,10,3,1,1,1,2,0
14362,9,0,11,4,0,1,0,0,2,2,0
14363,6,4,15,4,8,3,0,1,2,0,0
14364,7,4,11,2,6,0,1,1,2,2,1
14365,4,4,9,4,4,2,0,1,1,2,0
14366,3,0,15,4,0,2,1,1,1,1,0
14367,11,6,15,5,5,4,1,1,2,2,0
14368,5,4,15,0,1,1,0,0,0,4,0
14369,10,4,15,0,12,1,1,1,2,2,1
14370,7,4,15,0,3,1,1,1,2,2,0
14371,9,4,11,2,4,0,0,1,2,2,0
14372,7,4,9,2,4,0,1,1,2,2,1
14373,9,6,11,2,3,0,1,1,2,2,0
14374,8,4,5,2,3,0,1,1,2,2,1
14375,4,4,11,5,14,4,1,1,0,2,0
14376,7,4,15,2,12,5,1,0,2,2,0
14377,4,4,12,2,12,0,1,1,1,2,1
14378,8,2,15,2,4,0,0,1,1,2,0
14379,5,4,11,2,3,0,1,1,1,2,1
14380,11,4,15,2,8,0,1,1,0,2,0
14381,12,4,12,2,4,5,1,0,1,2,1
14382,4,2,11,4,1,1,0,1,2,0,0
14383,9,4,11,2,3,0,1,1,2,2,0
14384,5,4,12,4,4,2,1,1,2,2,0
14385,4,2,15,4,1,1,1,1,1,2,0
14386,4,4,15,4,12,3,1,0,0,2,0
14387,6,4,15,2,3,0,1,1,2,2,1
14388,7,4,11,0,7,4,0,1,2,2,0
14389,4,4,11,3,1,4,1,0,2,2,0
14390,10,4,11,4,1,3,1,0,2,2,0
14391,5,4,11,4,12,2,1,0,2,2,1
14392,6,4,11,3,13,1,1,0,2,2,0
14393,4,4,11,4,12,3,0,0,1,2,0
14394,7,4,15,4,8,1,1,0,2,2,0
14395,8,4,11,2,7,5,1,0,2,2,1
14396,9,4,11,2,7,5,1,0,2,2,1
14397,6,4,15,2,6,0,1,1,2,2,0
14398,4,4,15,2,5,0,0,1,1,2,0
14399,9,4,11,4,1,1,0,0,2,2,0
14400,8,4,11,2,12,0,1,1,2,2,1
14401,4,0,11,4,0,3,1,1,2,2,0
14402,6,4,11,5,4,1,0,0,2,2,0
14403,4,4,15,4,1,3,1,0,1,2,0
14404,8,4,15,0,1,1,1,0,2,2,0
14405,9,4,15,2,12,5,1,0,3,2,0
14406,6,2,15,2,14,0,1,1,2,2,0
14407,10,7,2,2,13,0,0,1,2,2,0
14408,3,4,8,4,4,3,1,1,1,2,0
14409,6,7,11,0,1,4,1,0,2,2,0
14410,10,4,9,2,4,0,1,1,2,2,1
14411,10,4,12,2,12,0,1,1,3,2,1
14412,4,4,11,2,4,0,1,1,2,2,1
14413,3,0,15,4,0,3,1,0,1,2,0
14414,8,4,7,2,12,0,1,1,2,2,1
14415,5,5,15,4,4,3,1,1,2,2,0
14416,5,4,9,2,13,5,1,0,2,2,0
14417,9,4,7,0,12,4,1,0,2,1,0
14418,10,4,2,2,6,0,1,1,1,2,1
14419,10,4,1,2,14,0,1,1,2,2,0
14420,5,4,11,2,3,0,1,1,2,2,0
14421,14,5,9,2,11,0,1,1,1,2,0
14422,6,2,15,2,14,0,0,1,1,2,1
14423,5,4,12,4,4,2,1,0,2,2,0
14424,7,5,1,4,11,2,0,1,2,2,0
14425,9,1,15,0,4,1,0,1,2,2,0
14426,12,4,9,2,13,0,1,1,2,2,0
14427,10,4,1,2,3,0,0,1,2,2,1
14428,9,4,10,2,10,0,0,1,2,2,1
14429,3,5,9,4,10,1,1,1,1,2,0
14430,3,5,9,4,12,1,1,0,0,2,0
14431,6,6,11,0,4,4,0,0,2,2,0
14432,7,1,9,0,1,1,1,0,2,2,0
14433,7,4,9,0,1,4,0,0,2,2,1
14434,4,1,11,4,10,1,1,0,2,2,0
14435,9,2,9,2,10,0,1,1,2,2,0
14436,10,4,11,0,8,1,1,0,1,2,0
14437,9,2,7,2,1,0,1,1,2,2,1
14438,3,4,11,4,8,1,1,1,1,2,0
14439,7,4,14,2,10,5,1,0,3,2,0
14440,6,4,11,0,3,1,1,1,2,2,1
14441,8,4,15,0,1,1,1,0,2,2,0
14442,11,0,11,2,0,0,1,1,2,2,0
14443,6,4,15,0,7,1,0,1,2,2,0
14444,9,2,15,2,4,0,1,1,2,2,1
14445,6,4,9,5,1,1,0,1,2,2,0
14446,9,7,15,4,8,3,1,0,2,2,0
14447,3,4,11,4,7,3,1,0,0,2,0
14448,13,4,9,2,14,0,1,1,2,2,0
14449,5,4,15,0,8,1,1,0,2,2,0
14450,10,7,9,2,10,0,1,1,2,2,0
14451,5,4,8,3,10,4,1,0,2,2,0
14452,8,4,1,2,14,0,1,1,2,2,1
14453,5,0,11,4,0,1,1,0,1,2,1
14454,6,4,9,4,4,1,1,1,2,3,0
14455,7,4,9,2,12,0,1,1,2,2,0
14456,6,7,0,2,1,0,1,1,1,2,0
14457,6,6,11,2,7,0,1,1,2,2,0
14458,7,4,11,4,3,3,1,1,2,2,0
14459,6,1,9,0,10,1,1,1,2,2,0
14460,6,4,11,0,1,3,1,0,2,2,0
14461,5,4,9,2,10,0,1,1,2,2,1
14462,3,4,8,4,12,1,1,0,1,2,0
14463,8,4,11,2,8,0,1,1,2,2,0
14464,5,4,15,4,12,3,1,0,2,2,0
14465,7,4,11,2,1,0,1,1,2,2,1
14466,12,5,15,6,8,1,1,1,2,2,0
14467,10,6,11,2,7,0,1,1,2,2,1
14468,10,4,1,0,7,1,0,1,2,2,0
14469,5,4,11,2,3,0,1,1,1,2,0
14470,10,6,9,0,4,1,1,1,2,2,0
14471,5,4,11,2,1,5,1,0,2,2,0
14472,6,4,11,0,12,4,1,1,2,2,0
14473,7,4,4,0,8,1,0,1,3,2,0
14474,4,4,11,4,6,3,1,1,1,2,0
14475,6,4,15,2,12,0,1,1,2,2,0
14476,4,2,9,4,4,1,1,0,1,2,0
14477,8,4,11,0,14,1,1,1,2,2,0
14478,5,7,15,4,1,3,0,0,2,2,0
14479,6,4,11,0,8,4,1,0,3,2,0
14480,10,4,2,4,13,4,1,0,3,2,0
14481,6,6,10,2,5,0,1,1,1,2,1
14482,10,4,11,2,8,0,1,1,2,2,1
14483,3,4,9,4,1,1,1,1,2,2,0
14484,12,1,9,2,10,0,1,1,2,2,0
14485,4,4,9,0,12,1,1,0,2,2,0
14486,8,0,2,0,0,3,1,0,2,2,0
14487,5,4,14,0,4,1,1,0,3,2,0
14488,4,7,15,2,1,0,1,1,2,2,0
14489,8,4,9,3,12,1,1,0,2,2,0
14490,6,4,11,4,7,1,1,1,2,2,1
14491,11,4,11,2,8,5,1,0,2,2,1
14492,9,6,11,2,5,0,1,1,2,2,0
14493,5,4,15,4,8,1,1,0,1,2,0
14494,10,4,11,2,8,0,0,1,1,2,1
14495,6,2,9,5,10,2,1,1,2,2,0
14496,8,4,11,5,7,1,1,0,2,2,0
14497,7,4,15,2,3,0,1,1,2,2,1
14498,5,0,11,6,0,4,1,0,2,2,0
14499,6,4,11,4,14,3,1,1,2,2,0
14500,11,7,11,0,10,1,1,0,2,2,0
14501,7,4,11,2,8,5,1,0,2,2,0
14502,7,4,11,2,4,0,1,1,2,2,1
14503,12,2,11,2,8,0,1,1,2,2,0
14504,3,4,11,4,14,3,1,0,0,2,0
14505,7,4,8,0,6,1,1,1,2,2,0
14506,8,6,11,2,5,0,1,1,2,2,1
14507,5,4,9,4,7,3,1,1,2,2,0
14508,6,4,11,2,3,0,1,1,2,2,0
14509,6,4,15,2,13,5,1,0,2,2,0
14510,3,5,12,4,12,3,1,1,0,2,0
14511,4,4,9,4,4,3,1,0,2,2,0
14512,10,4,11,4,12,1,1,0,3,2,0
14513,6,4,14,2,10,0,1,1,2,2,0
14514,6,2,8,5,4,1,0,0,2,2,0
14515,6,4,11,4,14,1,0,1,1,0,0
14516,5,1,8,4,13,1,0,1,2,2,1
14517,8,2,15,0,8,1,1,0,3,2,0
14518,15,4,15,0,13,1,1,1,3,2,0
14519,7,4,1,4,3,2,1,1,2,2,0
14520,9,4,8,0,4,1,1,1,2,2,1
14521,8,4,9,4,11,1,1,1,2,2,0
14522,5,4,11,2,3,0,1,1,2,2,0
14523,11,2,9,2,1,5,1,0,2,2,0
14524,8,6,0,0,5,1,1,1,2,2,0
14525,5,4,1,4,14,1,1,1,2,2,0
14526,7,4,11,2,11,0,1,1,2,2,0
14527,11,2,11,2,1,0,1,1,0,2,1
14528,9,4,12,2,10,0,1,1,2,2,1
14529,4,4,11,4,1,4,1,0,1,2,0
14530,4,2,11,4,14,3,1,1,1,2,0
14531,7,4,11,2,7,0,0,1,2,0,1
14532,8,6,11,0,10,4,1,0,1,2,0
14533,9,4,10,2,10,0,1,1,2,4,0
14534,7,4,15,2,13,0,1,1,3,2,0
14535,11,4,9,2,4,0,1,1,1,2,1
14536,11,4,9,2,4,2,1,0,2,2,0
14537,7,4,11,0,3,1,1,1,2,2,0
14538,8,4,11,2,5,0,1,1,3,2,1
14539,7,4,11,2,3,0,1,1,2,2,0
14540,12,4,11,4,3,3,1,1,1,2,0
14541,8,2,11,2,3,0,1,1,2,2,1
14542,7,6,9,2,10,0,1,1,2,2,1
14543,7,2,2,2,11,0,1,1,2,2,0
14544,12,4,11,2,5,0,1,1,1,2,1
14545,11,5,11,2,12,0,1,1,1,2,1
14546,13,1,11,2,13,0,1,1,1,2,0
14547,6,6,9,5,8,4,1,0,1,2,0
14548,8,4,7,0,12,4,0,0,2,2,0
14549,5,4,7,4,1,1,1,1,1,2,0
14550,10,6,11,0,5,1,1,1,2,2,0
14551,10,6,11,0,7,4,0,0,2,2,0
14552,4,4,2,4,5,3,1,1,2,2,0
14553,7,4,7,2,1,5,1,0,2,2,0
14554,11,4,11,2,12,0,1,1,2,2,1
14555,5,4,12,3,6,1,1,1,2,2,0
14556,8,6,11,0,8,1,1,0,2,2,0
14557,4,0,11,4,0,4,1,0,1,2,0
14558,7,7,8,2,10,0,1,1,2,2,0
14559,4,4,5,4,8,3,1,1,2,2,0
14560,6,4,9,4,8,1,0,0,2,2,1
14561,6,7,14,4,10,1,1,0,2,2,0
14562,6,6,11,3,3,1,0,1,2,0,0
14563,11,4,11,2,3,5,1,0,2,2,0
14564,3,1,15,4,1,4,1,0,1,2,0
14565,4,4,11,4,7,1,1,1,2,2,0
14566,10,4,0,4,7,1,1,0,0,2,0
14567,5,4,11,2,1,5,0,0,2,2,0
14568,11,4,11,2,3,0,1,1,0,2,1
14569,16,6,11,0,3,1,1,1,1,2,0
14570,8,7,7,0,10,4,1,1,2,2,0
14571,6,4,6,2,12,0,1,1,2,2,0
14572,7,4,8,2,9,0,1,1,1,2,1
14573,4,6,9,4,3,3,1,1,2,2,0
14574,11,7,11,6,4,4,1,1,2,2,0
14575,11,6,0,2,7,0,1,1,3,2,0
14576,9,4,11,2,3,0,1,1,3,2,1
14577,10,0,11,0,0,1,0,1,3,2,0
14578,6,4,9,4,8,3,0,0,2,2,0
14579,12,4,11,2,1,3,1,0,1,2,0
14580,12,4,11,2,8,0,1,1,2,2,0
14581,10,4,11,0,1,1,1,0,3,2,0
14582,9,4,11,2,12,0,1,1,2,2,1
14583,5,4,8,4,7,1,1,1,2,2,0
14584,6,4,1,2,3,0,1,1,2,2,1
14585,3,4,6,4,14,1,1,1,0,3,0
14586,11,2,9,2,10,0,1,1,2,4,0
14587,6,2,15,5,10,1,0,0,2,2,0
14588,8,0,9,2,0,0,0,1,2,2,0
14589,8,4,9,2,10,0,1,1,1,2,1
14590,11,4,15,0,10,1,0,1,2,2,0
14591,10,4,15,4,8,3,1,0,2,2,0
14592,13,4,9,2,12,0,1,1,2,2,1
14593,7,4,15,2,8,0,1,1,2,2,0
14594,7,4,11,4,8,1,1,0,2,2,0
14595,7,4,7,2,14,0,1,1,3,2,1
14596,8,0,11,2,0,5,1,0,2,2,0
14597,12,4,15,2,13,0,1,1,2,2,0
14598,5,4,4,4,3,1,1,1,2,2,0
14599,10,4,9,2,8,0,1,1,2,2,1
14600,5,1,11,3,1,4,0,0,2,2,0
14601,8,4,11,2,3,0,1,1,2,2,1
14602,8,4,15,0,8,4,1,0,2,2,0
14603,9,4,0,0,7,1,1,1,3,2,0
14604,6,4,6,2,7,0,1,1,2,2,1
14605,8,4,1,2,3,0,1,1,2,2,1
14606,12,6,11,2,8,0,1,1,2,2,0
14607,6,4,8,4,12,1,1,1,2,2,1
14608,7,2,7,2,10,0,1,1,2,4,0
14609,12,4,11,3,6,4,1,0,2,2,0
14610,7,4,6,4,14,3,1,1,2,1,0
14611,3,4,15,4,4,1,1,1,1,4,0
14612,4,4,9,4,10,3,1,0,0,2,0
14613,6,4,12,4,10,1,1,1,2,2,0
14614,7,7,9,4,4,3,1,1,2,2,0
14615,5,4,9,4,1,1,1,0,2,2,0
14616,4,4,9,4,1,2,1,0,1,2,0
14617,6,6,9,4,1,3,1,0,2,2,0
14618,6,2,8,2,10,0,1,1,1,2,1
14619,7,4,11,0,1,4,1,0,2,2,0
14620,8,4,15,2,12,0,1,1,2,2,1
14621,6,0,2,5,0,5,0,0,2,2,0
14622,10,4,9,0,12,4,1,0,2,2,0
14623,8,6,15,4,3,1,1,1,2,2,1
14624,7,4,9,2,10,0,1,1,2,2,0
14625,8,4,7,2,4,5,1,0,3,2,0
14626,7,4,11,2,1,5,1,0,2,2,1
14627,6,0,11,4,0,1,1,1,2,2,0
14628,3,6,15,4,4,3,0,1,0,2,0
14629,4,4,11,4,14,1,1,0,1,2,0
14630,8,4,11,0,7,1,1,1,0,2,0
14631,6,4,10,2,4,0,1,1,2,2,0
14632,14,0,8,5,0,4,1,0,1,2,0
14633,4,4,0,2,3,0,1,1,3,2,0
14634,7,4,11,2,8,0,1,1,2,2,0
14635,3,4,14,4,10,1,1,0,2,2,0
14636,12,6,15,6,8,4,0,0,2,2,0
14637,6,4,9,0,4,4,1,0,3,2,0
14638,4,4,11,4,7,3,1,1,0,2,0
14639,16,5,9,5,4,2,1,1,1,2,1
14640,11,4,9,0,13,4,1,0,2,2,0
14641,4,4,15,4,1,1,1,1,0,2,0
14642,7,4,11,4,12,1,1,0,1,2,0
14643,9,4,15,4,8,1,1,1,2,2,0
14644,6,4,7,0,10,3,1,1,2,2,0
14645,3,0,2,4,0,1,1,0,1,2,0
14646,11,4,11,2,6,0,1,1,2,2,0
14647,8,4,15,2,7,5,1,0,2,2,1
14648,9,4,15,4,13,3,1,0,1,2,0
14649,8,4,9,2,14,0,1,1,2,2,0
14650,5,4,11,4,7,3,1,1,2,2,0
14651,11,4,11,2,3,0,1,1,2,2,1
14652,10,4,15,2,7,0,1,1,2,2,1
14653,15,5,14,0,4,3,1,0,0,2,0
14654,11,7,11,2,11,0,1,1,1,2,0
14655,10,4,1,2,3,0,1,1,2,2,1
14656,6,4,15,0,6,1,0,1,2,2,0
14657,9,4,11,2,8,0,1,1,2,2,0
14658,5,2,0,3,1,1,1,0,1,2,0
14659,8,4,8,2,8,5,1,0,0,2,0
14660,4,5,9,4,12,3,1,1,2,2,0
14661,10,4,7,0,4,1,1,1,2,2,0
14662,6,4,1,4,3,1,0,1,2,2,0
14663,8,2,1,2,14,0,0,1,1,2,0
14664,7,4,15,2,12,0,1,1,2,2,0
14665,11,0,15,0,0,1,1,0,2,2,0
14666,3,4,11,2,3,0,1,1,0,2,1
14667,11,4,15,2,11,0,1,1,0,2,0
14668,4,0,1,4,0,1,0,1,2,2,0
14669,7,4,11,4,3,3,1,1,2,2,0
14670,7,5,9,4,4,3,1,0,2,1,0
14671,7,4,9,2,1,0,1,1,2,2,0
14672,6,4,9,5,13,2,1,1,2,2,0
14673,6,4,11,2,5,0,1,1,2,2,0
14674,4,4,9,0,4,1,0,0,0,2,0
14675,8,4,9,0,12,1,1,1,1,2,1
14676,5,2,1,4,8,3,1,0,2,2,0
14677,10,4,15,2,11,0,1,1,2,2,1
14678,7,4,11,2,3,0,1,1,2,2,1
14679,11,7,11,2,10,0,1,1,2,2,1
14680,10,4,2,6,12,1,0,1,2,2,1
14681,4,4,15,4,12,1,1,0,2,2,0
14682,9,4,15,2,6,0,0,1,2,2,1
14683,8,4,1,5,3,1,1,1,2,2,1
14684,3,4,10,4,10,2,1,1,1,2,0
14685,6,4,15,2,12,0,1,1,2,2,0
14686,9,4,9,4,13,1,1,1,2,2,0
14687,6,4,11,4,6,3,1,1,2,2,0
14688,9,4,11,4,7,2,1,1,2,2,0
14689,11,4,8,6,1,1,1,0,2,2,0
14690,8,4,15,0,3,4,1,1,3,1,0
14691,9,5,9,0,4,1,1,1,1,2,0
14692,7,5,15,2,4,5,1,0,2,2,0
14693,8,6,15,2,14,0,1,1,1,2,0
14694,11,4,15,2,4,0,1,1,1,2,1
14695,11,0,9,6,0,1,1,0,3,2,0
14696,6,7,15,2,13,0,1,1,2,2,0
14697,14,4,1,2,14,0,1,1,1,2,0
14698,12,6,11,2,5,0,1,1,2,2,0
14699,6,4,11,4,1,1,1,0,2,2,0
14700,10,4,9,2,10,0,1,1,2,2,1
14701,11,4,2,0,6,1,1,0,1,2,0
14702,4,4,15,4,12,3,1,0,1,2,0
14703,9,4,15,6,11,1,0,1,2,2,0
14704,4,6,12,4,5,1,1,1,1,2,0
14705,9,0,15,2,0,0,1,1,2,2,0
14706,8,4,9,2,10,0,1,1,2,2,0
14707,10,4,9,2,3,0,1,1,2,2,0
14708,5,2,5,4,10,1,1,0,1,2,1
14709,8,4,11,4,12,3,1,1,2,2,0
14710,15,4,11,2,12,0,1,1,3,2,1
14711,6,4,0,2,3,0,1,1,2,2,1
14712,5,6,11,4,12,1,1,0,2,2,0
14713,7,4,9,2,8,0,1,1,2,2,1
14714,14,4,0,5,7,4,1,0,3,2,0
14715,14,4,15,5,13,4,1,0,1,2,0
14716,6,6,15,2,12,0,1,1,2,2,1
14717,5,4,15,3,12,1,1,1,2,2,0
14718,9,4,9,2,1,0,1,1,1,2,0
14719,10,7,5,5,8,4,1,0,3,2,0
14720,4,4,11,4,3,3,1,1,3,2,0
14721,6,4,11,2,14,0,0,1,2,2,0
14722,7,4,15,4,4,3,0,1,2,2,0
14723,6,4,12,4,10,1,1,0,2,2,1
14724,7,4,9,2,4,0,1,1,1,2,1
14725,10,7,15,2,10,0,1,1,2,2,1
14726,5,2,10,4,10,1,1,1,2,2,0
14727,15,4,2,4,13,1,1,0,0,2,0
14728,9,2,15,2,11,0,1,1,2,2,0
14729,14,4,15,3,12,1,1,1,1,2,0
14730,5,4,11,0,8,1,1,0,2,2,0
14731,5,0,15,4,0,3,1,0,2,2,0
14732,7,4,11,4,7,4,1,0,2,2,0
14733,10,4,6,2,7,0,1,1,1,2,1
14734,9,6,9,2,4,0,1,1,2,2,0
14735,7,4,11,2,4,0,1,1,2,2,1
14736,6,6,9,2,4,0,1,1,1,2,0
14737,13,4,8,2,3,0,1,1,2,2,1
14738,9,6,15,2,3,0,1,1,2,2,0
14739,7,4,12,5,4,1,0,1,2,2,0
14740,12,4,11,2,4,0,1,1,4,2,1
14741,7,7,2,2,11,0,1,1,1,2,1
14742,8,4,11,6,8,4,1,1,2,2,0
14743,10,4,1,2,3,0,1,1,3,2,1
14744,4,6,15,4,5,3,1,1,2,2,0
14745,8,2,15,2,3,0,0,1,2,2,0
14746,11,4,15,4,4,1,1,0,2,2,0
14747,4,4,11,4,10,3,1,1,2,2,0
14748,12,4,11,2,3,0,1,1,2,2,0
14749,5,4,11,4,1,1,1,0,2,2,0
14750,4,4,11,4,13,1,0,1,2,2,0
14751,3,4,15,4,12,1,1,0,1,2,0
14752,6,4,11,2,14,0,1,1,2,2,0
14753,11,4,9,2,12,0,1,1,2,2,0
14754,4,4,15,0,1,4,1,0,2,2,1
14755,12,7,9,2,10,0,1,1,2,2,0
14756,7,4,11,2,12,0,1,1,2,2,1
14757,5,4,1,2,3,0,1,1,2,2,1
14758,13,7,14,6,10,1,1,1,0,2,0
14759,4,0,9,4,0,1,1,0,1,2,0
14760,5,4,11,4,12,1,1,1,1,2,0
14761,12,1,14,0,10,1,1,1,1,2,0
14762,6,4,11,2,3,0,1,1,1,2,0
14763,5,4,12,0,4,4,1,0,1,2,0
14764,9,4,5,0,6,2,1,1,1,2,0
14765,8,6,7,2,4,0,0,1,2,2,0
14766,8,4,9,6,12,4,1,0,2,2,1
14767,10,5,7,2,4,0,1,1,1,2,0
14768,3,6,12,4,10,3,1,1,2,2,0
14769,10,4,15,0,12,1,1,0,2,2,0
14770,5,4,11,2,12,0,1,1,1,2,1
14771,10,4,11,2,3,0,1,1,2,2,1
14772,6,4,0,4,1,3,1,0,1,2,0
14773,6,4,15,2,4,0,1,1,2,2,0
14774,7,4,2,4,3,1,1,1,2,2,0
14775,6,4,9,2,10,5,1,0,2,2,0
14776,13,4,7,2,14,0,1,1,2,2,0
14777,11,4,11,2,3,0,1,1,2,2,0
14778,10,4,8,2,7,0,1,1,2,2,0
14779,11,4,9,2,1,0,1,1,0,2,0
14780,9,4,15,2,4,0,1,1,1,2,1
14781,14,5,14,3,10,1,1,1,1,2,0
14782,12,4,9,6,10,4,1,0,2,2,1
14783,9,4,9,2,12,0,1,1,2,2,0
14784,7,5,11,0,4,1,0,0,2,2,0
14785,7,1,9,2,4,0,1,1,2,2,0
14786,5,1,11,2,14,0,1,1,2,2,1
14787,13,1,11,6,1,4,1,0,2,2,0
14788,7,6,11,2,12,0,1,1,1,2,0
14789,7,4,7,2,7,0,1,1,2,2,0
14790,5,6,9,4,12,1,1,0,2,2,0
14791,5,4,15,2,13,0,1,1,2,2,0
14792,6,2,9,2,10,0,1,1,2,2,1
14793,6,5,9,4,4,1,0,1,2,2,0
14794,7,2,11,0,14,1,1,1,2,2,0
14795,8,4,0,2,8,0,1,1,2,2,0
14796,5,4,8,4,1,4,0,0,2,2,0
14797,3,4,11,4,10,1,1,1,1,2,0
14798,11,6,12,2,10,0,1,1,2,2,1
14799,12,0,9,2,0,5,1,0,2,2,0
14800,6,4,9,2,4,0,1,1,2,2,0
14801,10,4,9,2,12,0,1,1,2,2,0
14802,6,1,9,2,10,0,1,1,2,2,0
14803,8,0,11,0,6,3,1,1,2,2,0
14804,6,4,1,0,14,1,1,1,2,2,0
14805,8,4,15,0,4,1,1,1,2,3,0
14806,3,4,9,4,1,3,1,0,1,2,0
14807,8,4,11,2,7,0,0,1,2,2,1
14808,5,4,15,4,1,3,1,1,1,2,0
14809,9,4,1,2,3,0,1,1,2,1,0
14810,9,4,5,2,8,0,0,1,2,2,0
14811,18,4,8,2,1,5,1,0,1,2,1
14812,5,6,10,2,10,0,1,1,2,2,1
14813,6,4,9,0,12,1,0,1,2,2,0
14814,10,7,11,0,5,1,1,1,2,2,0
14815,14,4,15,0,13,4,1,1,2,2,0
14816,5,4,9,4,12,1,1,1,2,2,0
14817,12,4,11,2,12,0,0,1,2,2,0
14818,11,4,15,2,6,0,1,1,0,2,0
14819,5,4,7,2,13,5,1,0,2,2,1
14820,9,0,9,6,0,4,1,0,2,2,0
14821,5,4,11,4,7,3,1,0,2,2,0
14822,7,4,11,2,7,0,0,1,2,0,0
14823,6,4,6,2,8,0,1,1,1,2,1
14824,18,1,15,4,4,3,1,0,1,2,0
14825,6,4,9,0,10,1,1,1,1,2,0
14826,4,4,1,4,6,1,1,1,2,2,0
14827,6,4,9,0,13,2,1,1,2,2,1
14828,3,4,9,4,14,4,1,1,3,2,0
14829,8,4,12,0,10,1,1,0,1,2,0
14830,5,7,11,0,1,1,0,1,2,2,0
14831,11,6,2,2,5,0,1,1,2,1,1
14832,9,4,11,2,3,0,1,1,2,2,1
14833,10,1,8,6,13,1,1,0,2,2,0
14834,7,4,15,2,12,0,1,1,2,2,0
14835,6,5,10,2,10,0,1,1,2,2,1
14836,10,4,15,2,14,0,1,1,2,2,0
14837,9,0,11,2,0,0,1,1,2,0,1
14838,4,4,6,4,12,2,1,0,2,2,0
14839,7,6,11,4,12,1,0,1,3,2,0
14840,11,4,11,0,3,2,1,1,2,2,0
14841,4,0,15,4,0,3,1,1,2,2,0
14842,7,4,11,2,7,0,1,1,2,2,0
14843,4,4,5,4,9,2,1,1,1,2,1
14844,8,2,12,4,10,3,1,1,2,2,0
14845,6,6,12,2,10,0,1,1,2,2,0
14846,10,4,11,2,12,0,1,1,2,2,1
14847,4,4,7,4,3,1,0,1,0,2,0
14848,6,4,12,0,4,3,1,0,2,2,0
14849,10,4,6,0,9,1,0,0,1,2,0
14850,8,4,11,2,11,0,0,1,1,2,0
14851,11,7,14,2,10,0,1,1,2,2,1
14852,9,4,11,2,7,0,1,1,1,2,0
14853,7,4,1,4,14,1,1,1,2,2,0
14854,7,4,12,2,10,5,0,0,2,2,0
14855,10,4,15,2,12,0,1,1,2,2,0
14856,9,1,9,2,10,0,1,1,2,2,0
14857,6,4,11,2,3,0,0,1,2,2,0
14858,6,4,11,4,7,3,1,1,2,2,0
14859,12,5,9,0,4,1,1,0,2,2,0
14860,9,6,8,2,4,0,0,1,2,2,1
14861,4,7,15,4,8,3,1,1,2,2,0
14862,9,7,9,2,1,5,0,0,2,2,1
14863,12,4,9,3,10,1,1,1,2,2,0
14864,5,1,15,4,4,3,1,1,2,2,0
14865,4,4,9,4,4,3,0,0,2,2,0
14866,3,4,11,4,8,3,1,1,2,2,0
14867,4,2,14,4,10,3,0,0,2,2,0
14868,4,4,1,0,7,2,0,0,1,0,0
14869,10,4,15,2,4,0,1,1,1,2,1
14870,5,4,11,4,1,2,1,0,2,2,0
14871,7,4,15,0,1,1,1,0,2,2,0
14872,4,4,15,4,7,1,1,0,2,2,0
14873,5,4,15,4,1,1,0,0,2,0,0
14874,4,4,11,4,1,3,1,0,1,1,0
14875,4,4,15,4,4,3,1,0,1,2,0
14876,6,4,9,0,10,4,1,1,2,2,0
14877,3,4,9,4,13,1,1,1,1,2,0
14878,5,2,15,2,3,0,1,1,1,2,1
14879,4,4,11,2,1,0,1,1,2,2,0
14880,13,4,15,6,7,4,0,1,1,2,0
14881,11,2,15,6,1,1,0,1,1,2,0
14882,5,4,11,4,5,3,1,1,2,2,0
14883,3,4,11,4,6,3,1,0,1,2,0
14884,5,4,11,4,1,1,1,0,2,2,0
14885,11,4,7,2,1,0,0,1,2,2,1
14886,8,4,1,0,6,1,1,1,2,2,0
14887,4,4,4,2,3,0,1,1,1,3,1
14888,6,4,9,4,3,1,1,1,2,2,0
14889,8,4,9,2,10,0,1,1,1,2,1
14890,9,2,12,0,10,4,1,0,1,2,0
14891,9,4,9,0,10,1,1,1,2,2,0
14892,4,4,11,4,12,4,1,0,2,2,0
14893,6,4,11,2,1,5,1,0,1,2,0
14894,8,4,11,2,14,0,1,1,2,2,0
14895,6,4,15,4,8,1,1,1,3,2,0
14896,14,4,6,1,8,4,1,0,2,2,0
14897,10,4,11,0,3,1,1,1,1,2,0
14898,7,5,15,0,4,1,1,1,2,3,1
14899,10,2,8,2,3,0,0,1,2,2,1
14900,9,2,11,0,3,1,1,1,2,2,0
14901,9,4,11,0,1,1,1,0,2,2,0
14902,4,4,1,4,8,2,1,0,1,2,0
14903,4,7,11,4,1,3,1,0,1,2,0
14904,4,4,9,2,14,3,1,1,0,2,0
14905,3,5,15,4,4,3,1,0,2,2,0
14906,4,4,14,4,10,3,1,1,2,2,0
14907,6,4,8,5,12,1,1,1,2,2,0
14908,5,4,15,2,3,0,1,1,2,2,0
14909,4,4,1,4,3,1,1,0,2,2,0
14910,13,4,11,4,7,3,0,1,2,0,0
14911,8,2,5,0,8,4,1,0,1,2,0
14912,6,7,12,4,1,1,1,0,2,2,1
14913,10,4,15,2,12,0,1,1,3,2,1
14914,3,4,15,4,13,1,1,1,3,2,0
14915,14,4,15,1,1,4,1,0,1,2,0
14916,4,4,15,4,7,1,1,1,3,2,0
14917,5,4,14,4,10,3,0,1,2,2,0
14918,5,4,11,2,12,0,1,1,0,2,0
14919,4,4,5,4,8,3,0,0,1,2,0
14920,7,4,11,2,7,0,1,1,2,2,1
14921,9,4,15,2,10,0,1,1,2,2,1
14922,5,4,15,2,1,0,1,1,1,2,0
14923,7,4,11,2,3,0,0,1,3,2,1
14924,10,4,15,2,7,5,1,0,2,2,1
14925,7,4,11,4,1,4,1,0,2,2,0
14926,5,4,15,0,4,2,0,1,3,2,0
14927,8,4,9,2,12,0,1,1,2,2,0
14928,7,5,15,2,12,0,1,1,2,2,1
14929,8,5,12,2,4,0,1,1,2,2,0
14930,13,2,11,2,14,0,0,1,1,2,1
14931,4,4,11,2,4,0,1,1,1,2,0
14932,5,4,14,0,10,1,1,1,1,2,0
14933,5,6,11,4,12,3,1,0,2,2,0
14934,5,4,15,4,8,3,1,0,2,1,0
14935,6,0,2,0,0,4,1,0,2,2,0
14936,4,4,11,4,3,3,1,1,1,2,0
14937,4,4,15,4,4,3,1,0,1,2,0
14938,8,2,15,2,11,0,0,1,2,2,0
14939,6,2,9,4,10,3,1,0,2,2,0
14940,6,4,9,2,4,0,1,1,2,2,0
14941,6,5,15,0,4,4,1,1,2,2,0
14942,12,4,11,2,3,0,1,1,2,2,1
14943,11,4,11,5,4,1,1,1,2,2,0
14944,7,4,6,4,14,1,1,1,2,2,0
14945,8,4,15,2,7,0,1,1,2,2,1
14946,8,1,8,0,1,1,1,0,2,2,0
14947,4,4,11,3,8,4,0,0,2,2,0
14948,5,4,9,4,1,1,1,0,2,2,0
14949,8,4,11,0,1,1,1,0,2,2,0
14950,9,2,1,2,11,0,0,1,2,2,0
14951,11,6,7,2,10,0,1,1,2,1,1
14952,11,0,8,2,0,0,1,1,2,2,1
14953,6,6,8,2,10,0,1,1,3,2,0
14954,8,4,9,4,3,1,1,1,2,2,0
14955,5,7,11,4,14,1,1,1,2,2,0
14956,9,6,11,4,3,2,1,1,2,2,0
14957,12,4,15,0,4,2,1,0,2,2,1
14958,10,4,12,2,6,0,1,1,2,2,1
14959,12,4,4,0,8,4,1,0,2,2,0
14960,3,4,4,4,1,1,1,0,0,2,0
14961,6,0,15,0,0,1,1,1,2,2,0
14962,8,6,9,3,10,1,1,0,2,2,0
14963,5,2,7,4,4,1,1,0,1,2,0
14964,8,4,9,5,4,1,1,0,2,2,0
14965,3,4,9,4,14,1,1,0,1,2,0
14966,4,4,11,4,3,1,1,1,2,2,0
14967,7,4,8,2,5,0,1,1,3,2,1
14968,9,4,4,6,8,4,0,1,2,2,0
14969,5,6,8,4,4,2,0,0,2,2,0
14970,4,4,6,2,7,0,1,1,2,2,0
14971,3,4,11,4,8,1,1,0,1,2,0
14972,11,4,11,2,14,0,0,1,2,2,0
14973,6,4,11,2,14,0,1,1,2,2,0
14974,6,4,15,2,4,0,1,1,2,2,1
14975,3,4,0,4,8,3,0,0,0,4,0
14976,4,4,11,4,8,1,1,0,2,2,0
14977,3,6,15,4,12,1,1,1,4,2,0
14978,7,4,11,2,12,0,1,1,1,2,1
14979,9,4,14,2,10,0,1,1,2,2,0
14980,10,4,15,2,14,0,1,1,3,2,0
14981,4,2,15,4,10,1,1,0,2,2,0
14982,10,0,0,2,0,0,1,1,2,2,0
14983,9,4,15,0,10,3,1,0,1,2,0
14984,7,4,1,2,14,0,0,1,1,4,0
14985,4,4,9,2,12,0,1,1,2,2,1
14986,9,4,11,0,3,1,1,1,1,2,0
14987,4,4,12,4,4,1,1,0,2,2,0
14988,15,4,15,0,13,3,0,1,0,2,0
14989,11,7,9,4,13,1,1,1,2,2,0
14990,8,5,12,2,4,0,1,1,2,2,1
14991,15,2,12,4,10,1,1,0,3,2,0
14992,13,7,15,6,10,1,1,0,2,2,0
14993,4,0,6,2,0,0,0,1,2,2,1
14994,8,7,14,2,4,0,1,1,2,2,1
14995,12,4,5,2,6,0,1,1,2,2,0
14996,7,4,11,2,7,0,1,1,2,2,0
14997,5,4,11,4,7,1,1,0,2,2,0
14998,9,4,11,0,7,1,1,0,2,2,0
14999,11,4,9,0,4,4,1,1,2,2,0
15000,3,4,15,4,14,1,1,0,1,2,0
15001,13,4,11,2,3,0,1,1,0,2,1
15002,4,2,15,2,14,0,1,1,2,2,1
15003,9,2,11,2,14,0,1,1,2,2,0
15004,5,4,15,2,4,0,1,1,2,2,1
15005,4,4,8,2,7,0,1,1,1,2,1
15006,9,4,15,2,12,0,1,1,2,2,0
15007,3,7,15,4,4,3,1,1,2,2,0
15008,9,5,7,2,12,0,1,1,2,2,1
15009,5,6,11,4,3,1,1,1,2,2,0
15010,9,6,11,2,4,0,1,1,2,2,0
15011,5,4,0,4,12,1,1,0,2,2,0
15012,9,4,6,2,3,0,1,1,2,2,1
15013,6,2,15,4,1,1,1,0,1,2,0
15014,13,7,11,2,11,0,1,1,1,2,1
15015,8,4,6,2,7,0,1,1,2,2,0
15016,7,4,11,2,7,0,1,1,3,2,0
15017,8,4,7,2,12,0,1,1,2,2,0
15018,6,4,9,4,3,1,1,0,2,2,0
15019,5,4,15,2,1,0,0,1,2,0,0
15020,3,4,9,4,12,3,1,1,0,2,0
15021,5,4,11,2,3,0,1,1,1,2,1
15022,4,5,11,4,4,1,1,1,2,2,0
15023,10,4,2,2,7,0,1,1,2,2,0
15024,6,0,2,2,0,0,1,1,2,2,0
15025,4,5,12,4,4,1,1,1,2,2,0
15026,4,4,15,4,3,1,1,1,2,2,0
15027,5,4,9,4,12,1,1,1,2,2,0
15028,6,4,15,4,11,3,1,1,2,2,0
15029,11,6,11,2,3,0,1,1,2,2,0
15030,7,4,15,4,1,1,1,0,2,2,1
15031,5,4,1,2,6,0,1,1,2,2,0
15032,5,4,11,4,3,1,1,1,2,2,0
15033,4,7,8,2,2,0,0,1,1,4,0
15034,5,7,1,4,8,4,1,0,2,2,0
15035,11,6,11,2,5,0,1,1,2,2,0
15036,10,4,11,0,10,4,1,0,2,2,0
15037,8,2,9,0,4,2,1,0,2,2,0
15038,13,4,11,0,1,1,1,0,1,2,0
15039,5,4,0,2,6,0,1,1,2,2,0
15040,7,1,15,2,1,0,1,1,2,2,0
15041,5,6,11,4,12,1,1,0,2,2,1
15042,6,0,15,5,0,4,0,0,0,2,0
15043,10,5,11,2,4,0,1,1,2,2,1
15044,7,6,15,0,4,1,1,0,2,2,0
15045,5,7,8,4,4,3,0,0,2,0,0
15046,10,0,11,2,0,0,1,1,2,2,0
15047,13,4,9,2,4,0,1,1,1,2,0
15048,7,4,11,2,8,0,1,1,2,2,1
15049,3,4,15,4,4,3,1,0,2,2,0
15050,10,2,11,2,14,0,1,1,0,2,0
15051,3,6,8,4,5,1,1,1,1,2,0
15052,5,4,9,4,12,2,1,0,2,2,0
15053,10,4,11,2,8,0,0,1,2,2,1
15054,7,4,6,2,8,5,1,0,2,2,0
15055,12,4,15,6,8,4,1,0,2,2,0
15056,6,1,12,0,10,2,1,1,2,2,1
15057,9,4,11,2,3,0,1,1,2,2,1
15058,10,4,12,6,10,4,1,0,0,2,0
15059,5,2,11,4,14,1,1,1,2,2,0
15060,3,4,9,4,4,3,1,0,0,2,0
15061,4,4,9,4,4,3,1,1,1,2,0
15062,6,6,11,2,8,0,1,1,2,1,0
15063,12,4,15,6,4,1,1,0,2,2,0
15064,7,4,8,2,10,0,1,1,2,2,1
15065,7,0,0,4,0,3,1,0,2,2,0
15066,11,4,15,0,1,4,0,0,2,2,0
15067,10,4,11,2,3,0,1,1,2,2,0
15068,4,4,15,4,8,1,1,0,2,2,0
15069,11,4,15,6,3,4,0,0,0,2,0
15070,6,4,11,4,3,1,1,1,2,2,0
15071,8,4,15,2,1,0,1,1,2,2,0
15072,12,4,1,6,8,1,0,1,2,2,0
15073,8,7,12,6,4,4,0,0,2,2,0
15074,8,1,9,0,3,3,1,1,2,2,0
15075,6,2,9,2,14,0,1,1,2,2,1
15076,14,4,1,3,3,1,1,1,1,2,0
15077,9,4,0,2,3,0,1,1,2,2,0
15078,7,0,8,2,0,0,1,1,3,1,0
15079,14,4,11,1,1,4,1,0,3,2,0
15080,6,5,11,4,3,1,1,1,4,2,0
15081,12,4,8,0,6,1,0,1,2,2,0
15082,5,4,11,4,3,3,1,1,1,2,0
15083,5,4,11,2,1,5,1,0,2,2,0
15084,6,4,1,4,3,1,1,1,2,1,0
15085,6,4,15,0,7,1,1,0,1,2,1
15086,6,6,5,0,5,1,1,1,2,4,0
15087,14,4,11,2,3,0,1,1,1,2,0
15088,7,4,15,2,1,0,1,1,1,2,0
15089,8,4,11,0,1,1,1,0,2,2,0
15090,5,4,8,4,3,3,1,0,2,2,0
15091,10,5,11,2,4,0,1,1,2,2,1
15092,8,5,7,6,10,1,1,1,1,2,0
15093,6,2,15,2,14,0,1,1,2,2,0
15094,8,6,9,0,12,4,1,1,2,2,0
15095,6,4,8,0,12,4,1,0,2,2,0
15096,7,4,11,4,1,3,1,0,3,2,0
15097,12,4,11,2,13,0,1,1,0,2,0
15098,8,4,15,2,4,0,1,1,2,2,1
15099,8,4,15,2,3,0,1,1,2,2,0
15100,10,4,12,2,10,5,0,0,2,2,0
15101,6,4,2,5,13,4,1,0,3,2,0
15102,7,2,9,2,10,5,1,0,2,2,1
15103,4,0,12,4,0,1,1,0,2,2,0
15104,4,4,5,4,8,2,1,1,2,2,0
15105,11,4,11,2,3,0,1,1,2,2,1
15106,7,6,11,4,8,3,1,1,3,2,0
15107,4,1,8,4,1,4,1,0,1,2,0
15108,7,2,2,2,11,0,1,1,2,2,0
15109,6,4,9,0,10,4,1,0,2,2,0
15110,9,2,9,2,10,5,1,0,2,2,1
15111,11,4,12,0,4,2,1,1,3,2,0
15112,5,4,15,4,8,3,1,0,2,2,0
15113,10,6,9,2,10,0,1,1,1,2,0
15114,7,4,9,2,4,0,1,1,1,2,0
15115,4,2,5,4,8,4,1,0,1,2,1
15116,6,4,9,4,4,3,1,0,3,2,0
15117,4,4,11,4,12,3,1,1,2,2,0
15118,5,4,11,0,1,1,1,0,1,2,0
15119,9,4,11,2,3,0,1,1,2,2,1
15120,6,4,11,5,3,1,1,1,2,2,0
15121,9,4,9,2,7,0,0,1,2,0,1
15122,7,4,1,0,6,4,1,0,2,2,0
15123,5,4,11,0,4,1,1,0,2,2,1
15124,4,1,9,3,1,5,1,0,2,2,0
15125,8,4,11,4,7,1,1,0,2,2,0
15126,5,0,10,2,0,1,1,0,2,2,0
15127,8,4,11,2,3,0,0,1,2,2,1
15128,7,4,5,0,8,4,1,0,2,2,0
15129,5,7,9,2,11,0,1,1,2,2,1
15130,8,1,8,0,1,4,1,0,2,2,0
15131,8,4,11,2,14,5,1,0,3,2,0
15132,7,4,12,0,6,2,1,1,3,2,0
15133,6,2,11,2,3,0,1,1,2,2,0
15134,11,0,9,6,0,1,1,0,2,2,0
15135,4,4,11,4,4,1,1,1,2,2,0
15136,8,4,15,2,4,0,0,1,2,0,1
15137,8,4,7,2,3,0,1,1,2,2,0
15138,12,2,1,4,14,4,1,1,1,2,0
15139,10,0,15,2,0,0,1,1,2,2,1
15140,7,4,15,0,3,1,1,1,2,2,0
15141,8,4,11,2,3,0,1,1,2,2,1
15142,5,4,8,6,10,4,1,0,2,2,0
15143,10,4,9,2,4,0,1,1,2,4,1
15144,4,4,15,4,12,1,1,0,2,2,0
15145,4,2,9,4,10,1,1,1,2,1,0
15146,6,6,11,4,3,1,1,1,2,2,0
15147,3,4,15,4,12,1,1,0,1,2,1
15148,3,4,15,4,12,2,1,1,3,2,1
15149,10,4,4,2,8,0,1,1,2,2,1
15150,8,0,11,6,0,1,0,1,2,2,0
15151,4,4,7,4,10,3,1,0,2,2,0
15152,5,4,11,4,8,4,1,1,2,2,0
15153,9,6,15,2,3,0,1,1,2,2,0
15154,5,4,1,4,3,1,0,1,2,2,0
15155,12,4,11,2,7,0,1,1,2,2,1
15156,7,4,11,2,12,0,0,1,1,2,0
15157,5,4,12,4,8,3,1,0,1,2,0
15158,6,4,15,4,1,1,1,0,2,2,0
15159,9,4,14,0,10,4,1,0,3,2,0
15160,9,7,9,2,10,0,0,1,3,2,0
15161,7,4,11,4,12,1,1,0,1,2,0
15162,7,4,15,5,3,2,1,1,3,2,0
15163,9,4,11,2,3,0,1,1,3,2,0
15164,8,4,15,2,3,0,1,1,1,2,1
15165,8,6,11,2,8,0,1,1,2,2,1
15166,10,4,11,2,3,0,1,1,2,2,0
15167,11,2,9,0,10,1,1,1,1,2,0
15168,5,4,0,4,7,3,1,0,2,2,0
15169,5,7,15,3,4,1,1,0,2,2,0
15170,5,1,9,2,6,0,1,1,2,2,0
15171,12,4,11,2,14,0,1,1,1,2,1
15172,7,4,9,2,8,0,1,1,2,2,0
15173,9,2,15,5,3,4,1,1,2,2,0
15174,6,4,11,2,3,0,1,1,2,2,1
15175,10,4,11,2,4,0,1,1,2,2,1
15176,6,4,11,4,14,1,1,1,2,2,0
15177,7,4,8,2,5,0,1,1,2,2,1
15178,4,0,9,4,0,1,0,0,1,2,0
15179,11,0,15,2,0,0,0,1,2,2,0
15180,4,4,10,2,10,0,1,1,1,2,0
15181,7,4,15,2,8,0,1,1,1,2,1
15182,8,4,11,2,7,0,1,1,2,2,1
15183,6,4,15,2,6,0,0,1,2,2,0
15184,10,4,9,2,7,0,1,1,2,2,0
15185,6,2,9,4,10,3,1,1,1,2,0
15186,8,6,7,4,7,4,1,0,2,2,0
15187,9,4,15,5,12,1,1,0,1,2,0
15188,4,4,11,0,7,1,1,1,2,2,0
15189,5,4,9,4,12,3,1,1,2,2,0
15190,8,4,11,0,3,4,1,1,2,2,0
15191,12,4,11,0,7,1,1,1,2,2,0
15192,5,4,11,4,1,1,1,0,0,2,0
15193,4,4,8,4,10,1,1,1,2,2,0
15194,6,4,11,4,1,4,1,0,2,2,0
15195,9,4,15,5,1,4,1,0,3,2,0
15196,14,4,11,2,3,0,1,1,0,2,1
15197,8,4,9,4,10,3,1,0,2,2,0
15198,9,5,7,2,13,5,1,0,1,2,0
15199,7,2,9,4,13,1,0,0,2,2,0
15200,3,4,9,4,12,3,1,1,2,2,0
15201,4,4,11,4,6,1,0,1,1,2,0
15202,12,4,11,2,1,0,1,1,0,2,0
15203,6,2,9,4,10,3,1,1,2,2,0
15204,7,0,11,4,0,1,0,1,1,2,0
15205,11,4,11,0,3,1,1,1,2,2,0
15206,5,4,11,4,6,4,1,1,2,2,0
15207,6,4,5,2,6,0,1,1,2,2,0
15208,8,4,9,2,13,0,0,1,2,2,0
15209,4,4,11,4,12,1,1,1,0,2,0
15210,6,4,11,2,14,0,0,1,2,2,1
15211,8,7,15,4,11,3,1,1,1,2,0
15212,6,6,1,2,8,0,1,1,2,2,1
15213,8,4,11,5,8,1,1,0,3,2,0
15214,5,4,11,4,5,1,1,1,3,2,0
15215,6,4,11,3,12,5,0,0,2,2,0
15216,7,4,15,2,10,0,0,1,1,2,1
15217,7,5,9,2,12,0,1,1,2,2,0
15218,9,5,15,0,12,1,0,1,2,2,0
15219,11,4,7,6,4,4,1,0,2,2,0
15220,7,4,12,2,4,0,1,1,1,2,0
15221,7,6,11,4,3,3,1,1,2,2,0
15222,7,4,1,2,3,0,1,1,2,2,0
15223,5,4,15,2,13,0,1,1,2,2,1
15224,6,4,11,2,7,0,1,1,2,2,0
15225,5,4,9,2,13,0,1,1,0,2,1
15226,7,0,15,4,0,3,1,0,2,2,0
15227,7,4,15,2,3,0,0,1,2,2,1
15228,6,4,15,2,4,0,0,1,1,2,0
15229,7,2,15,0,11,1,0,1,2,2,0
15230,9,4,14,4,10,3,1,0,3,2,0
15231,11,2,14,2,10,0,1,1,2,2,0
15232,12,4,1,0,7,0,0,1,1,2,1
15233,9,4,11,2,13,0,1,1,2,2,1
15234,4,4,12,4,4,1,1,1,3,2,0
15235,5,4,15,2,4,0,1,1,2,2,1
15236,7,2,11,2,1,5,1,0,1,2,1
15237,8,4,15,2,1,0,0,1,1,2,1
15238,4,6,15,4,8,4,1,0,2,2,0
15239,5,4,7,4,1,3,1,0,2,2,0
15240,4,4,15,0,6,1,0,1,2,2,1
15241,7,4,11,4,4,1,0,0,2,2,1
15242,6,4,0,2,7,0,1,1,2,2,0
15243,6,4,14,0,10,1,1,1,1,3,0
15244,6,4,8,2,8,0,1,1,2,1,0
15245,9,4,11,2,7,0,1,1,2,2,1
15246,10,4,0,2,8,0,1,1,2,1,1
15247,7,4,14,0,4,1,1,0,2,2,0
15248,9,6,14,2,4,0,1,1,2,2,0
15249,5,2,12,4,10,4,1,0,1,2,0
15250,10,4,15,0,4,4,1,0,1,2,0
15251,5,4,15,2,10,0,1,1,1,2,1
15252,9,2,1,4,8,3,1,0,2,2,0
15253,9,2,6,5,14,1,1,1,2,2,0
15254,6,4,1,5,14,1,1,1,2,2,0
15255,11,4,9,2,10,0,1,1,4,2,0
15256,6,5,12,2,4,0,1,1,2,2,1
15257,4,4,15,4,3,1,1,1,2,2,0
15258,7,4,11,2,14,0,1,1,2,2,0
15259,9,5,9,0,4,4,1,1,2,2,0
15260,4,4,15,4,6,3,1,1,1,2,0
15261,7,4,11,2,3,0,0,1,2,2,0
15262,7,5,9,2,12,0,1,1,1,2,1
15263,7,4,11,2,14,0,1,1,2,2,0
15264,8,4,11,2,7,0,1,1,2,2,1
15265,6,1,14,2,10,0,0,1,2,2,0
15266,14,0,2,5,0,4,0,0,0,2,1
15267,3,4,14,4,10,3,1,1,1,2,0
15268,4,1,15,4,1,1,1,0,2,2,0
15269,7,4,15,2,1,5,1,0,2,2,0
15270,7,6,2,2,5,0,1,1,2,2,0
15271,5,5,15,3,4,1,1,0,2,2,0
15272,5,2,15,2,4,0,0,1,2,2,1
15273,10,2,15,2,8,0,1,1,2,2,0
15274,6,4,15,4,1,3,1,0,2,2,0
15275,5,5,15,2,10,0,1,1,2,2,1
15276,6,4,15,4,1,1,1,0,1,2,0
15277,6,6,11,2,12,0,1,1,2,2,1
15278,4,4,8,4,3,3,1,0,2,2,0
15279,5,4,10,2,10,0,1,1,2,2,1
15280,5,4,4,5,8,1,1,1,2,2,0
15281,5,4,11,4,1,1,1,0,2,2,0
15282,4,0,9,4,0,1,1,0,2,2,0
15283,7,4,7,2,4,0,1,1,2,2,0
15284,14,4,9,1,4,3,1,0,1,2,0
15285,5,7,11,0,11,1,1,0,2,2,0
15286,6,4,9,2,4,2,1,1,3,2,1
15287,12,4,14,4,10,1,1,1,1,2,0
15288,10,6,11,6,1,4,1,1,0,1,0
15289,5,4,9,4,10,3,1,1,2,2,0
15290,6,0,11,5,0,4,0,0,4,2,0
15291,9,4,9,0,12,1,1,1,1,2,0
15292,9,4,9,0,10,1,1,1,2,2,0
15293,3,7,9,4,4,1,0,0,1,2,0
15294,3,6,1,4,3,1,0,1,2,2,1
15295,8,4,11,2,7,0,1,1,3,2,1
15296,9,6,11,2,5,0,1,1,2,2,0
15297,10,4,9,2,14,0,1,1,1,2,0
15298,5,4,7,2,12,0,1,1,2,2,0
15299,4,4,11,4,7,1,0,0,2,2,0
15300,5,4,11,2,1,0,1,1,2,2,1
15301,12,0,11,4,0,1,1,0,2,2,1
15302,11,1,15,0,6,1,1,1,2,4,0
15303,15,7,9,0,10,1,1,1,0,2,0
15304,5,4,15,4,7,3,0,0,2,2,0
15305,11,4,9,5,4,4,1,0,3,2,0
15306,8,6,11,2,3,0,1,1,2,2,1
15307,8,4,15,2,3,0,1,1,2,1,0
15308,6,5,9,4,4,1,1,0,2,2,1
15309,10,4,11,6,8,1,1,1,2,2,1
15310,5,4,11,4,1,3,0,0,2,2,0
15311,6,4,11,4,1,1,0,0,2,2,0
15312,8,4,14,2,4,0,1,1,2,2,1
15313,6,4,9,2,10,0,1,1,2,2,1
15314,12,4,8,2,3,0,1,1,0,2,0
15315,8,4,15,0,13,1,1,0,2,2,0
15316,10,4,11,0,12,2,1,0,2,2,0
15317,9,4,7,2,3,0,1,1,3,2,0
15318,13,6,11,0,4,2,1,0,2,2,0
15319,5,6,8,4,10,3,1,0,2,2,0
15320,12,6,11,2,5,0,1,1,2,2,1
15321,11,7,2,3,13,1,1,1,0,2,0
15322,11,4,6,2,7,0,1,1,0,2,0
15323,9,4,11,2,4,0,1,1,2,2,0
15324,9,4,15,2,3,0,1,1,2,2,0
15325,8,1,14,6,10,4,1,1,1,2,0
15326,5,4,9,0,12,3,1,0,1,2,0
15327,11,4,1,2,8,0,1,1,2,2,1
15328,7,4,11,0,1,4,0,0,2,0,0
15329,10,6,15,2,5,0,1,1,2,2,0
15330,7,4,11,2,8,0,1,1,2,2,0
15331,7,0,11,2,0,0,1,1,1,2,0
15332,10,4,11,2,14,0,1,1,2,2,0
15333,11,4,9,2,1,0,1,1,1,2,1
15334,8,4,11,2,12,0,1,1,2,2,0
15335,8,7,12,4,10,1,1,0,2,2,0
15336,6,4,12,0,10,1,1,1,2,2,0
15337,5,4,11,2,14,0,0,1,0,2,0
15338,7,4,9,4,13,4,1,0,2,2,0
15339,7,5,11,2,4,5,1,0,2,2,0
15340,8,4,11,2,12,0,1,1,1,2,0
15341,5,4,9,4,1,1,0,0,2,2,1
15342,12,1,11,2,1,5,1,0,2,2,1
15343,9,4,0,0,4,4,1,0,1,2,0
15344,5,4,11,2,3,0,1,1,2,2,1
15345,6,4,7,4,4,2,1,0,2,2,0
15346,13,2,9,2,11,0,1,1,1,2,0
15347,6,4,11,2,13,0,0,1,2,2,1
15348,9,5,15,2,5,0,1,1,2,2,1
15349,8,4,11,2,8,0,1,1,1,2,0
15350,8,4,8,5,10,1,1,0,2,2,0
15351,9,1,0,6,7,4,0,0,2,2,0
15352,3,4,15,4,3,3,1,1,1,2,0
15353,11,6,1,2,3,0,1,1,2,2,1
15354,9,4,15,2,4,0,1,1,2,2,0
15355,5,4,6,0,8,4,1,0,2,2,1
15356,5,4,11,4,1,3,1,0,2,2,0
15357,5,4,11,4,8,1,1,1,2,2,0
15358,5,4,9,0,4,1,1,0,2,2,0
15359,9,4,11,2,7,0,1,1,1,2,0
15360,10,7,9,0,10,1,1,0,2,2,0
15361,7,6,8,4,10,4,0,0,3,2,0
15362,7,4,11,2,3,0,1,1,2,2,0
15363,4,4,9,2,10,0,1,1,1,2,1
15364,4,1,11,4,4,3,1,0,2,2,0
15365,5,4,11,4,13,1,1,1,2,2,0
15366,9,4,11,5,6,4,0,1,1,2,0
15367,6,4,11,0,8,1,1,0,2,2,0
15368,7,2,11,0,3,1,1,1,2,2,0
15369,6,4,11,2,6,0,1,1,2,2,1
15370,4,4,15,0,4,4,1,0,0,2,0
15371,7,7,8,2,10,0,0,1,2,0,0
15372,8,4,11,2,4,0,1,1,2,2,1
15373,6,0,2,5,0,1,0,0,2,0,0
15374,4,4,15,4,12,3,1,1,3,2,0
15375,13,4,11,2,3,0,1,1,2,2,1
15376,7,4,12,2,8,5,1,0,1,2,1
15377,6,4,11,2,3,0,1,1,2,2,0
15378,9,4,15,2,3,0,0,1,2,2,0
15379,9,6,7,4,10,3,1,0,2,2,0
15380,13,4,11,2,12,0,1,1,2,2,1
15381,10,4,11,4,3,1,0,1,2,0,0
15382,9,4,11,2,3,0,1,1,2,2,0
15383,10,4,11,0,8,1,1,0,2,2,0
15384,5,4,9,4,1,3,0,0,2,0,0
15385,4,6,15,2,4,0,1,1,1,2,0
15386,14,2,11,3,4,1,1,0,3,2,0
15387,7,4,9,5,4,4,1,0,2,2,1
15388,5,1,7,4,1,4,1,0,2,2,0
15389,10,4,14,2,10,0,1,1,2,2,1
15390,3,4,11,4,7,3,0,0,1,2,0
15391,8,4,8,2,10,0,1,1,2,2,0
15392,6,4,15,2,8,0,1,1,2,2,1
15393,6,4,4,2,8,5,1,0,1,2,0
15394,6,0,11,2,0,0,1,1,1,2,1
15395,8,4,8,2,3,0,1,1,2,2,0
15396,12,4,9,6,4,1,1,0,2,2,0
15397,8,4,1,2,6,0,1,1,2,2,0
15398,4,4,11,4,3,1,1,1,0,2,0
15399,9,4,0,4,14,3,1,1,2,2,0
15400,8,7,12,4,10,1,1,1,3,2,0
15401,8,4,15,2,8,0,1,1,1,2,0
15402,10,4,11,0,8,1,1,0,2,2,0
15403,6,4,11,3,1,5,1,0,2,2,1
15404,8,4,11,2,3,0,0,1,2,2,0
15405,3,4,12,4,10,3,1,1,2,2,0
15406,4,4,11,4,8,2,1,1,1,2,0
15407,9,4,11,2,6,5,1,0,2,2,1
15408,13,4,11,2,6,2,0,1,2,2,0
15409,9,4,11,2,3,0,1,1,2,2,1
15410,3,4,8,4,12,3,1,0,1,2,0
15411,7,4,15,4,12,1,1,1,2,2,0
15412,5,3,2,4,5,1,1,1,2,2,0
15413,8,7,15,2,1,0,1,1,2,2,1
15414,5,4,15,4,4,2,1,0,2,2,0
15415,7,4,11,0,7,1,1,1,2,2,0
15416,6,0,10,0,0,4,1,0,2,2,0
15417,7,2,15,0,8,1,1,1,2,2,0
15418,5,4,15,2,7,0,1,1,2,2,0
15419,8,4,9,2,7,0,1,1,2,2,1
15420,8,4,11,2,12,0,1,1,1,2,1
15421,6,4,11,4,1,1,1,0,2,2,0
15422,13,4,1,2,7,0,1,1,1,2,1
15423,6,4,15,2,1,0,1,1,2,2,1
15424,4,2,10,0,10,1,1,0,1,2,0
15425,6,4,11,2,8,5,1,0,1,2,0
15426,10,6,11,2,5,0,1,1,3,2,0
15427,4,5,15,4,4,3,1,1,2,2,0
15428,13,4,7,6,12,4,1,0,1,2,0
15429,12,7,9,0,1,1,1,0,2,2,0
15430,6,4,15,2,6,0,0,1,0,2,1
15431,13,6,15,2,5,0,1,1,2,2,1
15432,7,4,8,4,4,1,1,0,3,2,0
15433,7,7,2,0,11,1,1,1,2,2,0
15434,9,4,1,2,3,0,1,1,1,2,0
15435,6,4,15,2,7,0,1,1,2,2,0
15436,10,4,15,2,12,5,1,0,1,2,0
15437,7,4,11,2,3,0,1,1,2,2,0
15438,9,4,4,2,8,0,0,1,2,2,0
15439,9,4,6,2,3,0,1,1,2,2,0
15440,11,4,14,2,10,0,1,1,2,2,0
15441,12,4,7,6,12,4,1,0,2,2,0
15442,7,1,11,2,1,0,1,1,2,2,0
15443,8,4,7,2,12,5,1,0,2,2,0
15444,15,4,15,0,1,1,1,0,3,2,0
15445,6,4,9,5,4,1,1,1,4,2,0
15446,8,6,11,2,8,0,1,1,2,2,1
15447,15,4,11,6,3,4,1,1,0,2,0
15448,4,6,14,4,10,1,1,0,2,2,0
15449,10,7,9,2,4,0,1,1,3,2,0
15450,8,6,1,4,8,3,1,1,2,2,0
15451,4,4,15,4,1,3,0,0,2,2,0
15452,8,4,11,0,1,4,0,0,2,0,0
15453,13,4,15,2,3,0,0,1,0,2,0
15454,10,4,14,2,10,5,1,0,2,2,0
15455,4,4,15,4,12,2,1,0,2,2,0
15456,4,4,15,4,1,4,1,0,1,2,0
15457,4,4,9,4,10,4,1,0,2,2,0
15458,7,4,11,4,13,1,1,0,2,2,0
15459,13,4,11,4,6,3,1,1,1,4,0
15460,10,4,11,5,1,1,1,0,2,2,1
15461,3,4,9,4,4,1,1,1,0,2,0
15462,8,4,8,2,3,0,1,1,2,2,1
15463,5,4,9,4,12,1,1,1,2,2,1
15464,4,4,11,2,6,0,1,1,1,3,1
15465,9,4,9,0,10,1,1,0,2,2,0
15466,6,4,11,0,3,1,1,0,2,2,0
15467,7,7,15,2,8,0,1,1,2,2,0
15468,7,4,15,4,1,4,1,0,3,2,0
15469,4,4,11,4,1,3,1,0,2,2,0
15470,13,4,1,2,8,0,1,1,1,2,0
15471,5,4,11,2,7,0,1,1,2,2,1
15472,10,2,1,2,14,0,1,1,3,2,0
15473,12,4,15,6,12,4,1,1,1,2,0
15474,10,4,15,0,3,1,1,1,2,2,0
15475,4,4,1,4,3,1,1,1,0,2,0
15476,5,4,8,4,9,1,0,0,2,2,0
15477,7,4,11,5,8,4,0,0,2,2,0
15478,7,4,11,2,8,5,1,0,2,2,1
15479,7,4,7,5,1,4,1,0,2,2,0
15480,7,4,11,2,8,5,1,0,2,2,1
15481,6,4,7,2,10,0,1,1,2,2,1
15482,5,4,11,3,1,4,1,0,2,2,0
15483,8,4,15,2,8,0,0,1,2,2,1
15484,8,4,9,2,4,0,1,1,1,2,0
15485,6,4,11,5,7,1,0,0,2,2,0
15486,6,4,9,4,4,1,1,1,2,2,0
15487,9,0,9,2,0,0,1,1,2,2,0
15488,6,4,11,4,4,1,0,0,2,0,0
15489,6,4,11,0,7,4,1,0,3,2,0
15490,12,4,15,4,1,3,1,0,1,2,0
15491,10,6,11,2,7,0,1,1,1,2,0
15492,9,4,11,2,3,0,1,1,2,2,0
15493,5,2,11,2,14,0,1,1,2,2,0
15494,9,4,15,2,1,0,1,1,1,2,0
15495,6,4,9,4,12,1,1,0,2,2,0
15496,8,1,10,2,10,0,1,1,1,2,0
15497,8,6,8,2,4,0,1,1,2,2,1
15498,6,4,9,2,1,5,1,0,2,2,1
15499,12,4,9,5,12,2,1,1,2,2,0
15500,11,4,11,4,12,1,0,0,2,0,1
15501,8,5,9,0,10,4,1,0,2,4,0
15502,5,4,11,2,8,0,1,1,2,2,0
15503,10,4,12,2,4,0,1,1,2,2,0
15504,4,4,8,4,12,1,1,1,1,2,0
15505,7,4,5,2,6,0,1,1,2,2,0
15506,9,4,11,5,14,1,1,1,2,2,0
15507,6,4,11,0,13,1,0,0,3,2,0
15508,6,7,15,4,11,3,1,1,3,2,0
15509,14,4,11,2,7,0,1,1,2,2,1
15510,6,4,9,4,12,3,1,0,2,2,0
15511,12,4,11,2,1,0,1,1,2,2,1
15512,9,4,14,0,10,1,0,1,2,2,1
15513,8,4,9,2,13,0,1,1,1,2,0
15514,8,1,11,0,6,4,1,1,3,2,0
15515,12,2,9,4,10,3,1,1,2,2,0
15516,3,6,15,4,10,1,1,0,1,2,0
15517,3,4,11,4,4,1,1,1,1,2,0
15518,12,6,11,4,4,4,1,1,4,2,0
15519,5,0,9,4,0,3,1,1,2,2,0
15520,6,4,15,5,1,1,1,0,2,2,0
15521,9,7,9,2,10,0,1,1,1,2,0
15522,8,6,12,2,4,5,1,1,2,2,1
15523,9,4,9,2,10,0,1,1,2,2,0
15524,8,5,9,2,12,0,1,1,2,2,0
15525,9,4,11,2,1,5,1,0,2,1,0
15526,6,1,1,0,14,1,1,1,2,2,0
15527,5,4,15,2,1,0,1,1,2,2,1
15528,5,1,15,4,1,3,1,0,2,2,0
15529,3,4,11,4,1,4,1,0,0,2,1
15530,5,4,9,2,6,0,0,1,2,0,0
15531,11,4,9,2,12,0,1,1,2,2,1
15532,7,4,11,2,4,5,1,0,2,2,0
15533,3,4,11,4,1,1,1,0,0,2,0
15534,7,4,0,2,7,0,0,1,3,2,1
15535,7,1,11,2,1,5,0,0,2,2,1
15536,7,6,15,2,1,2,1,0,2,2,0
15537,10,6,11,4,8,1,1,1,2,2,0
15538,8,4,11,0,12,1,1,1,2,2,0
15539,10,4,11,0,1,4,1,0,2,2,0
15540,13,4,11,2,12,0,1,1,1,2,0
15541,5,4,15,4,8,1,1,0,2,2,0
15542,5,4,11,4,7,3,1,1,2,2,0
15543,8,0,8,0,0,4,1,0,2,2,0
15544,7,4,15,5,1,4,1,0,2,2,0
15545,7,4,12,5,1,4,1,0,2,2,0
15546,7,4,6,0,3,1,1,1,3,2,0
15547,5,4,8,4,1,1,1,0,2,2,0
15548,8,4,11,2,3,0,1,1,2,2,1
15549,5,4,12,6,5,1,1,1,2,2,0
15550,4,4,12,4,4,4,1,1,1,2,0
15551,9,4,11,2,6,0,1,1,2,2,0
15552,11,2,12,2,10,0,1,1,2,2,1
15553,7,0,0,0,0,0,1,1,2,2,0
15554,8,4,15,2,8,0,0,1,2,2,0
15555,8,4,15,2,7,0,1,1,2,2,1
15556,7,4,15,4,8,3,0,1,2,2,0
15557,7,4,11,2,3,0,0,1,2,2,0
15558,13,4,9,2,10,5,1,0,2,2,1
15559,11,6,11,2,12,0,1,1,2,2,1
15560,8,4,11,0,8,4,1,0,3,4,0
15561,5,4,11,2,14,0,1,1,2,2,1
15562,5,4,12,2,4,0,1,1,3,2,1
15563,4,4,9,4,10,1,1,0,1,2,0
15564,4,4,11,4,12,3,1,1,2,2,0
15565,5,4,11,2,3,0,1,1,2,2,0
15566,6,5,15,4,10,3,1,1,2,2,0
15567,13,2,4,2,3,0,1,1,1,2,1
15568,11,4,11,0,3,1,1,0,0,2,0
15569,4,1,11,4,1,1,1,0,2,2,0
15570,13,1,11,2,7,0,0,1,1,2,0
15571,6,4,2,4,8,1,1,1,2,2,0
15572,7,4,11,2,3,2,1,1,3,2,1
15573,7,4,15,4,12,1,1,1,2,2,0
15574,11,4,11,2,7,0,1,1,2,2,0
15575,6,4,11,2,5,0,1,1,1,2,0
15576,6,4,11,4,1,4,1,0,1,2,0
15577,12,4,5,2,3,0,1,1,1,2,1
15578,3,4,11,4,7,1,1,1,0,2,0
15579,4,4,11,4,1,3,0,1,0,2,0
15580,7,4,7,2,13,0,1,1,2,2,0
15581,5,2,10,0,10,4,1,1,2,3,0
15582,9,6,12,2,10,0,1,1,1,2,0
15583,5,5,9,2,4,0,1,1,2,2,1
15584,5,4,15,4,8,3,1,1,2,2,0
15585,6,4,11,2,4,0,0,1,0,2,0
15586,9,7,9,4,1,2,1,1,3,2,0
15587,8,4,8,4,13,1,1,1,1,2,0
15588,9,4,15,2,12,0,1,1,3,2,0
15589,8,6,4,4,8,1,0,0,3,0,0
15590,11,4,12,2,10,0,1,1,2,2,1
15591,4,0,15,4,0,1,0,0,2,2,0
15592,7,4,11,2,3,0,1,1,2,2,0
15593,4,4,9,4,8,3,0,0,2,2,0
15594,11,4,11,2,3,0,0,1,1,4,0
15595,6,4,9,5,8,1,1,1,2,2,0
15596,8,6,11,2,12,5,0,0,3,2,1
15597,9,0,0,0,3,1,1,0,3,2,0
15598,6,7,12,2,10,0,1,1,2,2,1
15599,7,7,0,4,1,3,1,0,2,2,0
15600,5,6,11,4,14,4,1,1,1,2,0
15601,10,4,9,2,10,0,1,1,2,2,0
15602,6,4,11,2,12,0,1,1,1,2,1
15603,7,2,12,2,10,0,1,1,2,2,1
15604,4,4,10,4,10,3,1,0,1,2,0
15605,8,4,11,3,1,2,1,0,2,2,0
15606,9,4,11,0,7,4,1,0,1,2,0
15607,13,4,6,2,6,0,0,1,0,2,0
15608,9,4,15,5,4,4,1,0,2,2,0
15609,6,4,5,4,9,1,1,0,3,2,0
15610,9,5,9,0,12,3,1,0,3,2,0
15611,10,4,9,4,10,4,1,0,2,2,0
15612,9,5,7,2,10,0,1,1,1,2,1
15613,6,4,9,2,4,0,1,1,3,2,1
15614,12,1,15,2,1,5,0,0,2,2,0
15615,14,6,11,2,5,0,1,1,0,2,0
15616,8,4,1,2,6,0,1,1,1,2,0
15617,8,4,14,0,10,2,1,0,3,2,0
15618,7,4,15,4,10,1,1,1,2,2,0
15619,4,4,11,4,4,3,1,1,2,2,0
15620,5,2,9,4,8,1,1,0,2,2,0
15621,11,4,15,2,13,0,1,1,2,2,0
15622,5,6,15,4,4,1,1,0,2,4,0
15623,8,4,9,2,1,0,1,1,3,2,1
15624,6,4,12,4,4,1,1,1,2,2,0
15625,4,4,8,4,1,3,1,0,2,2,0
15626,9,4,15,2,12,0,1,1,2,2,1
15627,11,4,0,2,8,0,1,1,2,2,0
15628,6,4,11,4,6,2,1,0,2,2,0
15629,8,4,11,2,4,0,1,1,3,2,0
15630,8,4,11,2,12,0,0,1,2,2,0
15631,5,7,15,2,11,0,0,1,2,2,0
15632,5,4,9,5,10,4,0,1,2,2,0
15633,4,6,11,4,8,3,1,0,3,2,0
15634,11,0,2,2,0,0,1,1,2,2,0
15635,8,4,15,4,3,3,1,1,2,2,0
15636,10,4,9,2,10,0,1,1,2,2,1
15637,6,4,15,4,13,3,1,1,2,2,0
15638,18,4,11,2,3,0,1,1,1,2,0
15639,5,0,1,2,6,0,0,1,1,2,1
15640,3,4,11,4,4,2,1,1,2,2,0
15641,12,4,9,2,10,0,1,1,2,2,1
15642,6,5,9,0,4,4,1,0,2,4,0
15643,7,4,9,0,12,1,1,1,2,2,0
15644,4,4,15,4,1,1,1,0,2,2,0
15645,7,4,15,2,5,0,1,1,2,2,0
15646,12,4,11,2,14,0,1,1,1,2,0
15647,5,4,12,6,12,4,1,1,2,2,0
15648,8,0,2,2,0,0,0,1,2,2,1
15649,7,0,15,2,0,5,1,0,4,2,0
15650,3,4,11,4,13,4,1,1,1,2,0
15651,13,4,11,2,1,0,0,1,0,2,0
15652,6,4,11,0,8,2,1,0,2,2,0
15653,4,6,15,4,5,3,1,1,2,2,0
15654,12,7,9,2,13,0,1,1,1,2,1
15655,9,4,9,2,3,0,1,1,1,2,1
15656,8,4,11,0,4,1,1,1,1,2,0
15657,4,4,15,4,12,1,1,0,2,2,0
15658,12,4,14,2,4,0,1,1,2,2,1
15659,9,4,11,2,5,0,1,1,2,2,1
15660,6,4,6,2,8,0,1,1,3,2,1
15661,7,5,15,2,12,0,1,1,3,2,0
15662,11,4,15,2,3,0,1,1,3,2,1
15663,5,4,11,2,10,0,1,1,0,2,1
15664,7,4,5,4,3,1,1,1,2,2,0
15665,6,4,1,2,3,0,0,1,3,2,1
15666,12,4,7,6,4,1,1,0,1,2,0
15667,5,4,6,4,3,3,1,1,2,2,0
15668,6,6,11,4,12,3,1,0,1,2,0
15669,3,4,11,4,8,1,1,0,1,2,0
15670,8,4,11,2,3,0,1,1,2,4,1
15671,13,4,7,6,1,3,1,0,0,2,0
15672,5,5,9,2,4,5,1,0,2,2,0
15673,6,4,14,4,10,1,1,1,1,2,0
15674,9,2,12,2,10,5,1,0,2,2,1
15675,8,4,11,2,12,0,0,1,3,2,0
15676,8,5,12,2,10,0,1,1,2,2,1
15677,11,4,11,2,13,0,1,1,1,2,0
15678,9,4,0,6,12,4,1,0,2,2,0
15679,5,2,14,4,4,1,1,1,2,2,0
15680,5,4,15,4,10,3,1,0,2,2,0
15681,5,4,15,2,6,0,1,1,2,2,0
15682,7,4,1,2,3,5,1,0,1,2,0
15683,12,4,1,6,12,1,0,1,1,2,0
15684,6,4,8,2,4,0,1,1,2,2,0
15685,4,4,11,4,3,3,1,1,2,2,0
15686,6,2,15,4,3,4,0,1,2,2,0
15687,12,4,11,2,3,0,1,1,1,2,1
15688,6,7,15,5,1,4,0,1,2,0,0
15689,4,4,9,4,1,3,1,0,2,2,0
15690,12,2,14,5,10,4,1,0,2,2,0
15691,8,4,12,0,4,1,1,1,2,2,0
15692,5,1,15,2,10,0,0,1,2,2,1
15693,5,2,11,2,13,0,1,1,3,2,0
15694,4,4,8,0,13,1,1,0,2,2,0
15695,7,4,9,2,10,0,1,1,1,2,0
15696,11,4,8,2,8,2,1,0,2,2,0
15697,9,4,11,0,8,1,1,0,3,2,0
15698,4,4,7,4,12,1,1,0,2,2,0
15699,4,4,11,4,14,3,1,1,2,2,1
15700,9,2,9,4,11,1,1,1,2,2,0
15701,3,4,7,4,8,2,0,0,2,2,0
15702,4,4,15,2,1,5,1,0,2,2,0
15703,5,4,11,0,8,1,1,0,2,2,0
15704,3,4,15,4,13,1,1,1,2,2,0
15705,10,4,15,6,4,1,0,1,2,2,0
15706,11,4,11,0,8,1,1,0,2,2,0
15707,3,4,15,4,4,1,1,1,1,2,0
15708,4,4,8,4,3,2,1,1,2,2,0
15709,6,4,11,4,7,1,1,0,2,2,0
15710,10,4,15,2,1,0,1,1,2,2,1
15711,13,4,15,6,3,1,1,1,0,2,0
15712,8,7,9,2,4,0,1,1,2,2,1
15713,9,4,11,2,12,0,1,1,2,1,0
15714,13,7,14,6,10,1,1,0,2,2,0
15715,7,4,11,2,3,0,1,1,2,2,1
15716,6,4,9,4,10,3,1,0,2,2,0
15717,7,5,7,2,12,0,1,1,2,2,0
15718,6,5,9,0,4,4,1,0,2,2,0
15719,8,5,6,2,3,0,1,1,1,2,0
15720,6,4,11,2,3,0,1,1,0,2,0
15721,3,0,1,4,0,3,1,0,1,2,0
15722,3,4,15,4,3,3,1,1,1,2,1
15723,7,4,15,0,4,4,1,0,2,2,0
15724,7,4,12,4,10,3,0,0,2,0,0
15725,11,4,9,2,8,5,1,0,2,2,1
15726,4,5,9,4,12,1,1,0,2,2,0
15727,3,4,11,4,8,1,1,1,0,2,0
15728,7,4,8,0,8,1,1,0,3,2,0
15729,10,4,9,0,12,4,1,0,2,2,1
15730,10,4,8,2,13,0,0,1,2,2,0
15731,6,4,11,0,12,4,1,0,1,2,0
15732,6,4,9,2,1,5,0,0,2,2,1
15733,3,4,5,4,14,1,1,0,0,1,1
15734,12,4,9,0,12,4,1,1,2,2,1
15735,5,7,9,4,10,3,1,0,1,2,0
15736,6,5,8,2,4,3,1,0,2,2,0
15737,9,6,11,0,7,1,1,1,2,2,0
15738,5,4,11,4,8,1,1,1,2,2,0
15739,7,4,11,2,3,0,1,1,1,2,1
15740,6,6,14,2,10,0,1,1,1,2,0
15741,10,4,8,5,8,1,1,0,2,2,0
15742,8,6,11,0,14,4,1,0,2,2,0
15743,11,4,11,0,7,4,1,0,1,2,0
15744,3,4,9,4,13,4,0,0,1,2,0
15745,5,7,9,4,13,3,1,0,2,2,0
15746,5,4,11,4,14,1,1,1,2,2,1
15747,10,4,15,0,12,1,1,0,2,2,0
15748,9,2,9,4,1,3,1,0,2,2,0
15749,5,4,11,4,14,3,1,0,2,2,0
15750,14,4,9,2,8,0,1,1,0,2,1
15751,6,5,2,5,11,2,1,1,2,2,0
15752,5,4,8,4,8,3,1,1,2,2,0
15753,5,4,12,4,4,3,1,1,1,2,0
15754,9,4,1,0,7,4,1,0,2,2,0
15755,7,4,11,2,4,0,1,1,2,2,1
15756,9,4,11,0,12,1,1,1,1,2,0
15757,5,6,1,4,12,3,1,0,1,2,0
15758,5,0,2,4,0,1,1,0,2,2,0
15759,7,4,9,2,10,0,0,1,2,0,1
15760,6,0,15,2,0,0,1,1,2,2,0
15761,4,4,9,4,1,1,1,0,1,2,0
15762,9,4,15,0,10,1,1,1,2,2,0
15763,6,2,9,4,4,2,1,1,1,2,0
15764,5,4,11,0,12,1,1,1,2,2,0
15765,7,4,15,0,7,0,1,1,2,2,0
15766,5,5,15,2,12,0,1,1,1,2,1
15767,9,7,14,6,10,4,1,0,3,2,0
15768,6,4,11,4,1,3,1,0,2,2,0
15769,8,4,11,0,3,1,1,1,2,2,0
15770,8,6,15,2,3,0,1,1,2,2,0
15771,4,4,11,4,14,1,1,1,1,2,1
15772,10,6,8,2,5,0,1,1,2,2,1
15773,4,4,0,0,12,4,1,0,0,2,0
15774,10,4,9,2,1,5,0,0,2,2,1
15775,4,4,9,4,4,4,1,1,2,2,0
15776,10,4,11,2,8,0,1,1,2,2,1
15777,10,4,15,4,8,3,1,1,2,4,0
15778,8,4,11,3,7,1,1,1,2,2,0
15779,7,4,11,4,1,3,1,0,2,2,0
15780,7,4,11,2,3,0,1,1,2,2,1
15781,5,4,9,4,1,1,1,0,1,2,1
15782,9,4,11,2,3,0,1,1,3,2,1
15783,6,4,9,5,1,4,1,0,1,2,0
15784,12,1,15,2,1,0,1,1,2,2,1
15785,7,4,11,2,6,0,1,1,2,2,0
15786,9,4,15,4,12,3,1,0,2,2,0
15787,18,4,11,2,3,0,1,1,1,2,0
15788,11,2,10,2,10,0,1,1,2,2,1
15789,12,4,11,4,11,1,1,1,4,2,0
15790,13,1,11,6,4,1,1,1,0,4,0
15791,9,4,11,2,8,5,1,0,1,2,1
15792,7,4,15,2,1,0,1,1,3,2,0
15793,6,2,12,2,11,0,1,1,0,2,1
15794,11,4,9,0,1,1,1,0,2,2,1
15795,7,6,11,2,3,0,1,1,4,2,0
15796,7,4,7,2,4,0,1,1,2,1,0
15797,8,4,4,2,6,0,1,1,2,2,1
15798,4,4,11,4,11,1,1,1,2,2,0
15799,7,0,12,2,0,0,1,1,2,2,1
15800,5,0,9,2,0,0,1,1,1,2,0
15801,8,4,8,2,3,0,1,1,2,2,1
15802,8,4,9,2,14,0,1,1,2,2,0
15803,13,6,15,0,4,3,0,1,1,2,1
15804,6,1,12,2,4,0,0,1,2,2,0
15805,5,4,9,2,14,0,1,1,2,2,1
15806,11,4,15,5,1,1,1,0,2,2,0
15807,10,4,5,2,8,0,1,1,0,2,1
15808,9,4,12,5,10,2,1,0,2,2,0
15809,14,4,11,6,7,1,0,1,1,1,0
15810,5,4,9,4,6,3,1,1,1,2,0
15811,10,2,1,2,8,0,1,1,2,2,1
15812,9,5,15,0,4,4,1,0,2,2,0
15813,5,4,4,2,6,0,1,1,1,2,1
15814,9,7,9,2,10,0,1,1,2,2,0
15815,14,4,11,2,6,0,1,1,1,2,0
15816,6,4,9,2,4,0,1,1,2,2,0
15817,7,4,15,4,12,1,1,1,2,2,0
15818,4,4,11,3,3,3,1,1,0,2,0
15819,11,6,12,2,4,0,1,1,2,2,0
15820,8,4,15,0,8,4,1,0,2,2,0
15821,6,4,9,0,12,1,1,0,1,2,0
15822,10,4,15,0,8,4,1,0,2,2,0
15823,10,6,11,2,3,0,1,1,2,2,0
15824,6,4,15,5,3,2,1,1,2,2,1
15825,9,4,11,2,8,0,1,1,1,2,0
15826,15,4,9,6,12,1,1,0,0,2,0
15827,4,4,12,0,10,4,0,0,2,2,0
15828,5,4,15,2,3,0,1,1,2,2,1
15829,5,6,15,2,12,0,1,1,2,2,1
15830,9,0,15,5,0,2,1,0,2,2,0
15831,11,4,9,0,10,1,1,0,2,2,0
15832,7,1,11,4,7,3,1,0,2,1,0
15833,7,5,11,2,5,0,1,1,2,2,1
15834,5,4,15,2,14,0,0,1,2,2,1
15835,4,0,2,4,0,1,1,0,2,2,0
15836,10,4,15,2,4,0,1,1,2,2,0
15837,7,4,15,2,7,0,1,1,2,2,1
15838,5,5,9,4,12,1,1,1,1,2,0
15839,10,2,15,2,1,0,0,1,2,2,0
15840,9,2,8,5,8,1,1,0,1,2,0
15841,4,4,11,4,7,3,1,1,0,2,0
15842,8,6,11,2,3,0,1,1,3,2,0
15843,4,6,8,2,5,0,1,1,1,2,1
15844,7,4,11,4,1,3,1,1,2,2,0
15845,8,4,11,4,4,1,1,0,3,2,0
15846,7,4,6,2,7,0,1,1,1,2,1
15847,10,4,11,2,3,0,1,1,0,2,1
15848,11,4,9,2,14,0,1,1,1,2,0
15849,11,4,9,5,8,1,1,0,1,2,0
15850,6,4,15,4,12,4,1,1,3,2,0
15851,11,4,15,2,3,0,0,1,2,2,1
15852,9,4,9,0,1,1,0,0,2,2,0
15853,11,5,7,2,12,0,1,1,2,2,1
15854,9,0,11,0,0,1,1,1,2,2,0
15855,8,4,15,2,13,0,1,1,2,2,0
15856,12,0,1,2,0,0,1,1,1,2,1
15857,10,4,11,2,10,0,1,1,2,2,0
15858,7,4,11,2,1,0,1,1,2,2,0
15859,8,2,15,2,3,0,1,1,2,2,1
15860,8,7,4,4,8,1,1,0,2,2,0
15861,7,4,14,4,10,3,1,1,2,2,0
15862,10,4,1,2,5,0,1,1,2,2,0
15863,8,4,11,4,12,3,1,0,2,2,0
15864,5,4,15,3,12,4,1,0,1,2,1
15865,4,0,2,4,0,3,1,0,2,2,0
15866,5,4,11,2,4,0,1,1,1,2,0
15867,7,4,9,0,1,4,0,0,2,2,0
15868,7,4,9,4,10,3,1,1,1,2,0
15869,9,4,11,2,3,0,1,1,2,2,0
15870,6,1,9,4,10,4,1,0,1,2,0
15871,10,4,11,2,3,0,1,1,2,2,0
15872,7,1,15,0,1,1,1,0,2,2,0
15873,8,4,11,2,4,0,1,1,2,2,1
15874,6,4,9,2,4,0,1,1,2,2,0
15875,4,4,11,4,13,3,1,1,1,2,0
15876,18,4,7,4,1,3,1,0,1,2,0
15877,3,4,15,4,12,4,1,0,1,2,0
15878,7,4,11,2,1,5,0,0,2,2,0
15879,11,4,15,0,8,4,1,0,1,2,0
15880,5,4,11,4,12,1,1,1,1,2,0
15881,4,4,1,4,14,3,1,1,3,2,0
15882,5,4,11,4,1,3,1,1,1,2,0
15883,10,4,9,2,10,0,1,1,2,2,0
15884,7,4,15,2,8,0,1,1,2,2,0
15885,7,4,14,4,10,2,1,0,2,2,0
15886,10,4,15,2,13,0,1,1,1,2,1
15887,8,4,9,2,6,0,0,1,3,2,1
15888,4,2,7,4,14,1,1,1,2,2,0
15889,8,0,15,2,0,0,1,1,3,2,1
15890,9,7,11,5,1,4,1,0,2,2,0
15891,9,2,11,0,14,1,1,1,3,2,0
15892,6,6,14,4,10,1,1,1,1,2,0
15893,9,5,11,2,12,0,1,1,2,2,1
15894,5,4,11,4,8,3,0,0,2,2,0
15895,12,4,10,2,10,0,1,1,2,2,0
15896,6,4,15,4,12,1,1,0,2,2,0
15897,4,7,10,4,1,1,1,1,1,2,0
15898,7,7,15,4,8,4,0,0,2,2,0
15899,10,4,11,2,7,0,1,1,2,2,0
15900,8,4,1,2,14,0,1,1,2,2,1
15901,8,4,12,4,4,3,1,0,1,2,0
15902,9,4,14,0,4,4,1,0,1,2,0
15903,9,4,15,0,12,1,1,1,2,2,0
15904,9,2,9,2,13,0,1,1,1,2,0
15905,8,4,2,2,7,0,1,1,2,2,1
15906,12,2,1,2,11,0,1,1,2,2,0
15907,5,4,11,4,6,1,1,0,2,2,0
15908,4,4,15,4,8,3,1,0,2,2,0
15909,11,4,9,2,12,0,1,1,1,2,0
15910,10,4,9,2,4,0,1,1,1,2,0
15911,12,4,1,2,8,0,1,1,2,2,1
15912,6,4,12,2,10,0,1,1,2,2,1
15913,6,4,1,2,14,0,1,1,2,2,1
15914,9,4,9,2,4,0,1,1,2,2,0
15915,4,6,15,4,12,3,1,0,0,2,0
15916,7,4,12,2,6,0,1,1,2,2,1
15917,10,4,11,2,7,0,1,1,2,2,1
15918,4,1,11,4,1,1,0,0,0,0,0
15919,4,4,15,4,1,1,1,0,2,4,0
15920,9,4,11,2,14,2,1,1,2,2,0
15921,6,4,1,2,6,0,1,1,2,2,1
15922,9,4,15,2,13,0,1,1,2,2,0
15923,5,4,9,2,13,5,1,0,2,2,1
15924,5,4,9,2,1,0,0,1,2,0,1
15925,5,2,15,5,8,4,1,0,2,2,0
15926,8,2,9,0,4,1,1,0,2,2,0
15927,5,4,9,2,3,0,1,1,2,2,0
15928,4,4,15,4,4,1,1,0,2,2,1
15929,6,4,11,0,8,4,0,0,1,2,0
15930,3,4,15,4,1,1,1,0,3,2,1
15931,10,4,11,4,1,1,1,0,2,2,0
15932,7,4,9,0,1,4,1,0,2,2,0
15933,10,2,11,2,14,0,1,1,2,2,1
15934,7,4,11,2,6,0,1,1,1,2,1
15935,9,4,11,2,12,0,1,1,2,2,1
15936,6,6,1,2,14,0,0,1,2,2,0
15937,9,4,8,4,1,3,1,0,2,2,0
15938,7,4,11,2,3,5,0,0,2,0,0
15939,9,4,15,2,10,0,0,1,2,2,0
15940,7,2,14,0,10,4,1,1,3,2,0
15941,4,4,11,4,6,1,1,0,2,2,0
15942,10,4,11,2,3,0,1,1,2,2,1
15943,8,6,5,2,5,0,1,1,2,2,1
15944,11,4,11,2,12,0,1,1,2,2,0
15945,6,4,11,4,8,3,0,1,2,2,0
15946,12,6,12,2,10,0,0,1,2,2,0
15947,11,4,11,2,12,0,1,1,2,1,0
15948,12,7,14,5,10,4,1,0,2,2,0
15949,7,4,9,2,4,0,1,1,2,2,1
15950,10,4,15,2,1,0,0,1,2,4,0
15951,7,4,5,2,6,0,0,1,2,2,0
15952,5,7,5,4,10,4,1,0,2,2,0
15953,5,4,11,2,1,5,1,0,1,2,0
15954,6,4,11,5,6,4,1,0,2,2,0
15955,8,4,12,2,10,5,1,0,2,2,0
15956,8,7,15,0,11,0,0,1,1,0,0
15957,6,4,9,0,13,4,1,0,3,2,0
15958,7,4,8,0,1,4,0,0,2,2,0
15959,10,4,11,2,8,5,0,0,2,2,0
15960,4,4,7,4,4,1,1,0,2,2,0
15961,12,4,15,4,3,1,1,1,2,2,1
15962,8,4,7,2,12,0,1,1,3,2,0
15963,12,6,11,2,3,0,1,1,2,2,0
15964,9,4,11,0,14,1,1,1,2,2,1
15965,9,6,15,2,3,0,0,1,1,2,0
15966,3,4,11,4,8,1,1,0,2,2,0
15967,6,6,7,4,4,1,1,0,1,2,0
15968,4,4,11,2,8,5,1,0,2,2,1
15969,3,4,11,4,8,3,1,1,1,2,0
15970,5,4,14,4,10,4,1,0,2,2,0
15971,6,4,15,2,1,5,1,0,1,2,0
15972,4,7,2,4,11,3,0,1,2,2,0
15973,8,6,9,2,4,0,1,1,3,2,1
15974,7,4,11,2,3,0,1,1,2,2,1
15975,12,4,11,2,3,0,1,1,1,2,1
15976,5,4,15,4,12,3,1,0,2,2,0
15977,4,6,11,2,3,0,1,1,1,2,1
15978,11,4,11,0,12,4,0,0,2,2,0
15979,5,4,12,2,10,5,1,0,2,2,0
15980,4,4,7,0,4,1,1,1,1,2,0
15981,4,6,5,4,8,1,1,0,1,2,0
15982,11,4,11,2,6,0,1,1,2,2,0
15983,4,4,15,4,8,3,1,1,0,2,0
15984,11,2,9,2,4,0,1,1,2,2,1
15985,3,4,1,4,3,1,1,1,3,2,1
15986,9,5,11,2,3,0,1,1,2,2,1
15987,8,4,15,2,12,0,1,1,2,2,1
15988,5,4,11,6,8,4,1,0,2,2,1
15989,8,4,15,4,8,3,1,0,2,2,0
15990,6,5,11,4,4,1,1,0,2,2,0
15991,5,4,15,4,8,1,1,0,2,2,0
15992,7,6,15,2,12,0,1,1,3,2,1
15993,6,2,9,5,10,1,1,1,2,2,0
15994,10,0,11,2,0,0,1,1,2,2,0
15995,6,4,9,4,13,3,1,1,2,2,0
15996,5,4,11,2,8,0,0,1,2,2,1
15997,12,4,9,2,4,2,1,1,2,2,0
15998,4,4,9,4,12,1,1,1,3,2,0
15999,7,4,9,2,13,0,1,1,2,2,0
16000,6,4,14,2,10,0,0,1,2,2,0
16001,3,4,15,4,3,1,1,0,1,2,0
16002,11,4,9,6,1,1,1,0,2,2,1
16003,3,6,15,4,4,1,1,0,1,2,0
16004,12,7,15,6,1,4,0,1,2,2,0
16005,5,4,15,4,8,1,1,0,2,2,0
16006,7,4,11,2,3,0,1,1,2,2,0
16007,9,4,11,2,3,0,1,1,2,2,0
16008,6,4,15,4,1,1,1,0,2,2,0
16009,3,4,8,4,7,3,1,0,2,2,0
16010,4,6,0,2,5,0,1,1,2,2,1
16011,5,4,6,4,3,3,1,1,2,2,0
16012,3,4,10,4,1,3,1,1,1,2,0
16013,4,4,11,4,6,1,1,1,1,2,0
16014,5,6,11,4,3,1,1,1,2,2,1
16015,11,4,12,2,4,0,1,1,2,2,1
16016,7,4,1,0,8,4,1,1,1,2,0
16017,3,6,1,4,14,1,1,0,2,2,0
16018,7,4,11,2,3,0,1,1,2,2,1
16019,4,6,8,4,0,1,1,1,2,2,1
16020,5,4,15,0,12,1,1,0,2,2,0
16021,9,4,14,2,10,5,0,0,1,0,0
16022,4,4,7,4,13,1,1,0,0,2,0
16023,9,2,11,2,14,0,1,1,2,2,0
16024,8,4,11,2,4,0,1,1,2,2,0
16025,6,4,2,2,11,0,1,1,2,2,0
16026,9,4,9,2,10,0,1,1,2,2,0
16027,4,4,11,4,6,4,1,1,2,2,0
16028,3,4,15,2,1,0,0,1,0,2,1
16029,7,0,9,0,0,1,1,0,2,2,0
16030,14,7,11,1,4,3,1,0,0,2,0
16031,8,4,15,0,4,1,1,1,2,2,1
16032,8,5,9,2,12,0,1,1,2,2,0
16033,10,2,1,2,8,0,1,1,2,2,1
16034,5,4,9,2,8,0,1,1,1,2,1
16035,13,4,0,2,3,0,1,1,0,2,0
16036,5,4,9,5,10,4,1,0,2,2,1
16037,6,2,9,4,1,3,1,1,2,2,0
16038,5,4,7,2,8,0,1,1,2,2,1
16039,5,4,11,2,3,0,1,1,2,2,0
16040,7,6,8,2,12,0,1,1,2,2,1
16041,6,1,9,2,13,0,1,1,2,2,0
16042,4,4,11,4,6,1,1,1,1,2,0
16043,10,4,7,2,4,0,1,1,2,2,0
16044,7,4,8,0,1,1,1,0,2,2,0
16045,7,6,5,0,12,1,1,1,2,2,0
16046,6,4,0,5,4,4,1,0,2,2,0
16047,7,4,11,4,4,1,1,1,2,2,0
16048,5,4,14,4,4,1,1,1,2,2,0
16049,5,4,11,4,10,3,1,1,2,2,0
16050,11,4,11,0,1,4,1,0,2,2,0
16051,7,4,15,2,12,0,0,1,1,2,1
16052,6,4,11,0,3,1,1,1,1,2,0
16053,8,4,11,2,1,0,1,1,2,2,0
16054,5,4,9,4,10,3,1,0,2,2,0
16055,11,4,14,2,10,0,1,1,2,2,1
16056,8,4,8,4,6,1,1,1,2,2,0
16057,10,7,15,4,13,1,1,0,2,2,0
16058,8,4,15,5,4,1,1,1,3,2,1
16059,4,4,6,4,7,1,1,0,2,2,0
16060,7,6,15,2,4,0,1,1,2,2,1
16061,8,1,9,2,7,5,1,0,2,2,0
16062,7,4,8,2,8,0,1,1,1,2,0
16063,5,4,11,4,7,1,0,0,2,0,0
16064,17,4,11,2,3,0,1,1,1,2,0
16065,4,4,9,4,1,4,1,0,1,2,0
16066,5,4,11,2,8,0,0,1,2,2,1
16067,8,4,12,4,10,4,1,1,2,2,1
16068,12,4,11,2,4,0,0,1,0,2,1
16069,11,4,11,2,7,0,1,1,0,2,0
16070,10,5,14,0,4,4,1,0,2,2,0
16071,11,4,11,2,3,0,1,1,0,2,0
16072,5,4,9,4,4,3,1,0,1,2,0
16073,8,2,15,0,1,1,1,0,2,2,0
16074,10,4,11,2,1,0,1,1,2,2,1
16075,7,4,1,4,14,3,1,1,1,2,0
16076,9,4,15,2,3,0,0,1,2,2,0
16077,4,4,5,4,8,1,0,0,2,2,0
16078,8,4,12,2,10,0,1,1,2,2,1
16079,9,4,11,2,7,5,1,0,2,2,0
16080,4,4,12,0,4,4,1,0,1,2,0
16081,4,2,9,4,10,3,0,0,1,2,0
16082,6,4,11,2,7,5,1,0,2,2,1
16083,7,6,11,0,14,1,0,1,2,4,0
16084,6,4,11,4,4,3,1,0,4,2,0
16085,6,4,9,4,10,1,1,1,2,2,0
16086,14,2,14,2,10,5,0,0,3,2,0
16087,7,1,10,0,10,2,1,1,1,2,0
16088,7,5,12,2,4,0,1,1,2,2,0
16089,8,4,15,5,10,4,1,0,1,2,0
16090,8,4,9,0,7,1,1,0,4,2,1
16091,18,4,9,4,12,3,1,0,1,2,0
16092,3,4,15,4,1,4,1,0,1,2,0
16093,10,6,0,2,8,0,1,1,2,2,1
16094,3,4,0,4,8,3,1,0,2,2,0
16095,4,4,9,0,6,1,1,0,0,2,0
16096,7,4,15,0,6,3,1,1,2,2,0
16097,5,4,12,4,6,3,1,1,2,2,0
16098,8,5,9,2,4,0,1,1,1,2,0
16099,11,4,11,0,12,3,1,1,2,2,0
16100,6,4,11,2,3,0,0,1,2,0,0
16101,11,4,9,0,1,1,1,0,1,2,0
16102,13,5,14,2,4,0,1,1,0,2,0
16103,7,2,11,2,11,0,1,1,1,2,0
16104,10,4,9,6,12,4,1,1,2,2,0
16105,9,6,11,4,3,3,1,1,2,2,0
16106,4,4,12,4,10,3,1,0,2,2,0
16107,7,7,0,2,5,0,1,1,1,2,0
16108,11,4,11,2,12,0,1,1,2,2,1
16109,12,4,15,4,8,1,1,0,1,2,0
16110,9,5,15,2,11,0,0,1,2,2,0
16111,5,4,1,2,3,0,1,1,1,2,0
16112,10,4,15,2,3,0,1,1,2,2,0
16113,13,6,15,2,10,0,1,1,2,1,1
16114,4,6,12,4,10,4,1,0,2,2,0
16115,6,2,8,2,3,0,1,1,2,2,1
16116,5,4,12,2,10,0,1,1,1,2,1
16117,15,4,11,2,1,5,1,0,0,2,0
16118,9,6,11,0,3,4,1,1,2,2,0
16119,3,4,6,4,8,1,1,1,1,2,0
16120,9,4,9,0,12,1,1,0,2,2,0
16121,4,0,15,4,0,3,1,1,2,2,0
16122,5,4,11,2,3,0,1,1,2,2,0
16123,13,1,7,4,14,1,1,1,0,2,0
16124,7,4,7,4,1,1,1,0,2,2,0
16125,10,4,9,2,7,0,0,1,2,0,0
16126,4,4,9,4,10,3,1,1,1,2,0
16127,8,4,11,2,13,0,1,1,2,2,0
16128,5,4,11,4,3,3,0,1,1,0,0
16129,3,4,15,4,4,3,1,0,3,2,0
16130,11,4,11,2,3,0,0,1,2,2,1
16131,5,6,15,2,8,0,1,1,2,2,0
16132,4,7,15,4,13,3,1,1,2,2,0
16133,4,4,15,4,8,1,1,0,2,2,0
16134,6,4,15,3,12,5,1,1,2,2,1
16135,8,2,9,0,10,4,1,0,2,2,1
16136,10,4,1,2,8,0,1,1,2,2,0
16137,4,4,15,4,6,3,0,1,1,2,0
16138,8,4,7,2,1,0,1,1,2,2,1
16139,7,4,8,4,4,3,1,0,2,2,0
16140,14,7,11,1,11,3,1,1,1,2,0
16141,4,4,11,4,4,1,1,1,2,2,0
16142,4,4,11,4,7,3,1,0,2,2,0
16143,5,2,11,4,4,1,1,1,2,2,0
16144,5,4,12,6,4,1,1,0,2,2,0
16145,3,4,6,4,7,1,1,0,2,2,0
16146,8,1,9,2,13,0,1,1,2,2,1
16147,8,4,9,2,4,0,1,1,2,2,0
16148,7,4,7,2,12,0,1,1,2,2,0
16149,5,6,9,2,4,0,1,1,2,2,0
16150,8,6,15,0,5,4,1,1,2,2,0
16151,10,4,7,2,4,0,1,1,2,2,1
16152,6,1,12,2,10,5,0,0,2,2,0
16153,11,4,15,6,8,4,1,0,2,2,1
16154,9,4,15,2,3,0,1,1,2,2,0
16155,5,4,8,4,6,1,1,0,3,2,0
16156,9,2,11,2,3,0,1,1,1,2,0
16157,7,4,15,2,4,0,1,1,2,2,0
16158,4,4,9,4,4,3,1,1,1,2,0
16159,9,4,9,2,10,0,0,1,2,2,0
16160,5,4,15,2,12,0,1,1,2,2,1
16161,4,2,11,4,14,3,1,1,0,2,0
16162,4,4,15,4,14,1,1,0,2,2,0
16163,5,4,15,4,12,4,1,0,2,2,0
16164,10,4,12,2,8,0,0,1,1,4,1
16165,11,2,8,2,3,0,1,1,2,2,0
16166,10,6,11,2,5,0,1,1,2,2,0
16167,9,0,11,2,0,5,1,0,2,2,1
16168,11,4,15,0,12,1,1,0,2,2,0
16169,8,4,15,2,3,0,1,1,2,2,0
16170,3,4,11,4,12,1,1,1,2,2,0
16171,7,4,7,2,7,0,0,1,2,2,1
16172,8,4,9,4,10,3,0,0,2,2,0
16173,5,7,9,4,1,3,1,0,2,2,0
16174,7,5,12,2,4,0,1,1,1,2,0
16175,9,1,11,2,4,0,1,1,2,2,0
16176,6,4,12,5,8,4,1,0,2,2,0
16177,3,4,9,4,12,3,1,1,1,2,0
16178,6,6,15,2,5,0,1,1,0,2,1
16179,11,6,9,5,12,1,1,1,2,2,0
16180,7,4,9,4,4,3,1,0,2,2,0
16181,7,4,9,0,1,4,1,0,2,2,0
16182,5,4,11,4,1,1,1,0,1,2,1
16183,7,4,15,4,4,1,0,1,2,2,0
16184,3,4,15,4,12,1,1,0,1,2,1
16185,3,2,14,4,10,3,0,0,1,0,0
16186,11,4,12,2,4,0,1,1,2,2,0
16187,4,4,15,4,3,1,0,1,2,2,0
16188,13,4,15,0,10,1,1,1,1,2,0
16189,4,2,9,4,10,3,1,1,2,2,0
16190,6,4,11,2,3,0,1,1,2,2,0
16191,8,6,7,2,7,0,1,1,2,2,0
16192,10,6,11,2,4,0,1,1,2,2,1
16193,11,4,9,0,1,4,1,0,2,2,0
16194,5,4,15,4,11,1,1,1,2,2,0
16195,7,4,1,2,14,0,1,1,3,2,1
16196,5,4,11,4,4,1,1,0,2,2,0
16197,12,4,9,4,8,1,1,1,1,2,0
16198,6,4,2,2,9,0,0,1,1,2,0
16199,8,4,1,2,3,0,1,1,2,2,1
16200,9,4,15,2,12,0,1,1,2,2,0
16201,11,4,11,4,7,3,1,0,2,2,0
16202,8,4,15,2,4,0,1,1,4,2,0
16203,7,4,9,2,10,0,1,1,2,2,0
16204,8,5,9,2,10,0,1,1,2,2,0
16205,7,4,2,2,6,0,1,1,2,1,0
16206,8,4,15,3,11,4,1,1,4,2,0
16207,7,4,11,4,1,3,1,0,2,2,0
16208,13,4,11,6,1,1,1,0,2,2,0
16209,7,4,11,2,1,0,1,1,1,2,0
16210,4,6,11,4,14,1,1,1,2,2,0
16211,5,4,12,4,10,1,1,1,0,2,0
16212,8,4,15,0,10,1,1,0,2,2,0
16213,6,2,15,4,1,3,1,0,2,2,0
16214,7,4,11,2,14,0,1,1,2,2,1
16215,8,2,9,0,10,4,1,0,2,2,0
16216,4,2,15,2,14,0,1,1,1,2,0
16217,8,4,11,0,3,1,1,1,2,2,0
16218,4,4,6,4,12,1,1,1,2,2,0
16219,6,4,9,2,10,0,0,1,2,0,1
16220,14,4,9,2,4,0,1,1,0,2,1
16221,15,4,11,2,12,0,1,1,0,2,1
16222,8,4,9,0,4,4,1,0,2,1,1
16223,7,4,8,0,3,1,0,1,2,4,0
16224,5,4,11,4,1,3,1,0,2,2,0
16225,12,4,11,6,14,1,1,1,2,2,0
16226,9,4,15,2,1,0,0,1,2,0,1
16227,11,4,9,2,10,0,1,1,2,2,0
16228,7,4,11,2,14,0,1,1,2,2,1
16229,6,4,11,2,3,0,1,1,2,2,0
16230,5,4,2,2,6,0,1,1,2,2,1
16231,7,4,12,2,8,0,1,1,3,2,0
16232,4,4,9,4,4,3,1,1,2,2,0
16233,4,4,1,4,14,3,1,1,0,2,0
16234,5,4,15,4,1,1,1,0,2,2,0
16235,4,4,9,4,12,3,1,1,2,2,0
16236,8,4,15,6,8,1,1,0,2,2,1
16237,7,1,9,5,4,4,1,0,2,2,0
16238,5,4,15,2,1,5,1,0,2,2,1
16239,5,4,0,0,8,4,1,0,2,2,0
16240,5,4,8,4,1,1,1,0,2,2,0
16241,7,4,15,0,1,1,1,0,3,2,0
16242,8,4,9,2,4,0,1,1,2,2,1
16243,9,4,1,2,3,0,1,1,2,2,1
16244,9,4,15,0,12,1,1,1,2,2,0
16245,7,4,11,4,7,1,1,1,2,3,0
16246,8,4,11,2,3,0,1,1,2,0,1
16247,6,4,4,5,8,2,1,0,2,2,0
16248,7,2,15,4,11,3,1,0,2,2,0
16249,7,0,2,2,0,0,1,1,2,1,0
16250,11,4,4,2,6,0,1,1,1,2,1
16251,5,4,15,2,4,0,1,1,2,2,0
16252,4,5,11,2,3,0,1,1,2,2,1
16253,10,4,10,2,4,0,1,1,2,2,0
16254,6,6,10,4,5,3,1,1,2,2,0
16255,4,4,15,4,12,1,1,0,2,2,0
16256,3,4,6,4,3,1,1,1,2,2,0
16257,7,4,12,0,10,1,0,0,3,0,0
16258,4,4,11,4,5,1,1,1,1,2,0
16259,9,4,11,0,1,1,1,1,2,2,1
16260,5,0,11,4,0,1,1,0,2,2,0
16261,6,4,9,2,1,0,1,1,2,2,0
16262,11,4,0,2,7,0,1,1,1,2,0
16263,8,6,11,2,4,5,1,0,1,1,1
16264,6,4,11,2,7,0,0,1,3,2,1
16265,4,4,11,4,12,3,1,0,2,2,0
16266,6,4,7,0,10,1,0,0,2,2,0
16267,9,4,9,2,12,0,1,1,2,2,0
16268,11,4,8,2,5,0,1,1,2,2,1
16269,4,4,9,4,12,1,1,0,2,2,0
16270,5,4,9,4,10,3,1,0,2,2,0
16271,7,4,9,4,13,1,0,0,2,2,0
16272,11,4,11,2,13,0,1,1,2,2,1
16273,4,4,11,4,12,1,1,1,1,2,1
16274,6,4,7,4,12,1,0,0,2,2,0
16275,3,4,11,4,8,3,1,0,0,2,0
16276,6,0,0,2,0,1,0,1,4,2,0
16277,11,4,15,4,6,1,1,0,2,2,0
16278,6,4,2,2,5,0,1,1,2,2,0
16279,8,4,15,2,3,0,1,1,1,2,1
16280,5,4,15,2,3,0,1,1,3,2,1
16281,4,4,2,4,5,4,1,1,2,2,0
16282,6,0,9,2,0,0,1,1,1,2,1
16283,3,0,11,4,0,1,1,1,2,4,0
16284,8,4,11,2,3,0,1,1,2,2,1
16285,14,4,11,2,1,5,0,1,3,2,1
16286,6,4,8,2,4,0,1,1,1,0,0
16287,7,4,15,2,14,0,0,1,2,2,0
16288,4,4,9,4,12,3,1,1,1,2,0
16289,7,2,15,0,4,1,1,0,3,2,0
16290,9,4,9,2,13,5,1,0,2,2,0
16291,5,5,12,4,10,3,1,1,1,1,0
16292,12,4,11,2,8,0,1,1,2,2,1
16293,5,5,8,2,4,0,0,1,2,2,0
16294,13,4,9,2,4,0,0,1,1,2,1
16295,6,4,7,4,1,4,1,0,2,2,0
16296,10,4,11,0,3,2,0,1,2,2,0
16297,14,6,15,3,3,5,1,0,3,2,0
16298,5,4,15,4,4,1,1,0,2,2,0
16299,3,4,10,4,10,1,0,0,2,2,0
16300,7,4,15,2,3,0,1,1,2,2,1
16301,6,4,11,4,8,4,1,1,2,2,0
16302,8,0,11,4,0,3,1,0,2,2,0
16303,7,6,15,2,5,0,1,1,2,2,1
16304,9,6,15,2,3,0,0,1,2,2,0
16305,14,2,9,3,1,4,1,0,0,2,0
16306,7,4,11,2,3,0,1,1,2,2,1
16307,10,4,11,2,12,5,1,1,2,2,1
16308,9,4,11,2,1,0,1,1,2,2,1
16309,7,7,11,2,4,0,1,1,2,2,0
16310,11,4,11,2,7,0,1,1,2,2,0
16311,4,4,15,4,8,3,1,0,1,2,0
16312,5,4,12,2,10,0,1,1,2,2,0
16313,6,4,15,2,4,0,1,1,2,2,0
16314,13,4,15,2,12,5,0,0,0,2,0
16315,13,1,11,2,6,0,1,1,2,2,0
16316,12,4,9,2,12,0,1,1,2,2,0
16317,3,4,11,4,7,3,1,1,0,2,0
16318,13,5,11,2,12,0,1,1,0,2,0
16319,8,4,11,4,5,1,1,1,2,2,0
16320,5,4,9,4,10,1,0,1,2,2,0
16321,11,4,9,0,12,4,1,0,2,2,0
16322,12,4,11,2,6,0,1,1,1,2,1
16323,18,4,9,2,10,0,1,1,1,0,0
16324,12,4,15,5,1,1,0,0,2,2,0
16325,4,5,9,2,12,0,1,1,2,2,1
16326,4,4,11,4,8,3,1,0,2,2,0
16327,4,4,8,4,7,3,0,0,1,2,0
16328,8,4,11,2,14,0,0,1,2,2,1
16329,6,4,0,2,6,0,1,1,2,2,0
16330,5,4,11,4,1,3,1,0,2,2,0
16331,12,4,15,2,12,0,1,1,2,2,1
16332,12,0,15,6,0,1,1,1,1,2,0
16333,6,7,9,2,10,0,1,1,2,2,0
16334,10,4,11,2,1,0,1,1,2,2,0
16335,9,4,15,2,12,0,1,1,1,2,0
16336,13,4,11,2,12,0,1,1,2,2,1
16337,3,4,15,4,12,3,1,0,0,2,0
16338,8,4,6,5,8,1,1,0,2,2,1
16339,6,4,6,2,7,0,1,1,2,2,0
16340,6,7,15,4,1,1,1,0,2,2,0
16341,7,4,11,2,3,0,1,1,2,2,0
16342,9,4,9,2,10,0,1,1,2,4,0
16343,6,4,15,2,3,0,0,1,2,2,0
16344,5,4,11,2,6,0,0,1,2,2,0
16345,8,7,9,2,4,0,1,1,2,2,0
16346,9,4,12,2,6,0,0,1,1,2,1
16347,13,4,11,2,14,0,1,1,0,2,1
16348,5,0,11,0,0,1,1,1,2,2,0
16349,9,4,9,2,4,0,0,1,2,2,0
16350,8,4,12,2,10,0,1,1,2,2,1
16351,7,4,4,2,6,0,1,1,2,2,1
16352,11,6,5,4,10,3,0,0,2,2,0
16353,8,4,8,2,3,0,1,1,2,2,0
16354,12,4,15,2,7,0,1,1,2,2,0
16355,10,4,15,0,14,3,0,0,1,2,0
16356,5,4,11,4,12,3,1,1,2,2,0
16357,6,2,7,4,4,4,1,1,2,2,0
16358,3,4,12,4,9,3,0,1,1,2,0
16359,9,2,15,2,1,0,1,1,2,2,1
16360,3,4,0,4,5,1,1,1,3,2,0
16361,8,4,7,2,10,0,1,1,2,2,0
16362,6,1,9,2,4,0,1,1,2,2,1
16363,10,1,14,2,10,0,1,1,2,2,0
16364,5,4,9,4,4,1,1,1,2,2,0
16365,4,4,10,4,1,3,1,0,2,2,0
16366,5,4,11,4,3,1,0,1,2,4,0
16367,13,4,15,2,1,5,0,0,0,2,1
16368,12,4,14,6,10,1,1,1,2,2,0
16369,8,4,11,2,6,0,0,1,2,2,1
16370,4,4,12,4,12,1,1,0,1,2,0
16371,8,4,7,2,13,0,1,1,2,2,1
16372,4,4,11,4,7,3,1,1,0,2,0
16373,6,4,9,4,10,1,1,1,2,2,0
16374,7,6,9,2,4,0,1,1,2,2,0
16375,9,1,10,4,1,1,1,1,2,2,0
16376,8,4,12,2,10,0,1,1,2,2,1
16377,4,4,9,4,12,1,1,0,1,2,0
16378,5,6,11,4,3,3,1,1,2,2,0
16379,4,4,11,4,7,2,0,1,2,2,0
16380,6,7,11,4,4,2,1,0,2,2,0
16381,13,6,8,2,4,0,1,1,2,2,1
16382,8,4,9,4,12,1,1,1,2,2,1
16383,6,4,14,4,10,3,1,1,2,2,0
16384,4,4,1,4,3,3,1,1,0,2,0
16385,8,5,1,2,3,0,1,1,2,2,0
16386,6,2,12,2,10,0,0,1,2,2,1
16387,6,4,9,2,12,5,1,0,2,2,1
16388,12,4,11,2,7,0,1,1,2,1,1
16389,5,4,8,2,7,0,1,1,3,2,0
16390,13,4,15,6,6,1,1,1,0,2,0
16391,8,4,9,2,4,0,1,1,2,2,1
16392,8,4,11,2,7,0,0,1,2,2,1
16393,9,4,11,2,3,0,1,1,2,1,1
16394,3,4,9,4,14,3,0,0,1,2,0
16395,4,4,11,2,8,0,1,1,2,2,0
16396,5,4,11,0,7,1,1,1,2,2,0
16397,7,2,6,0,8,1,1,1,2,2,1
16398,8,4,7,0,8,4,1,0,2,2,0
16399,3,0,11,4,0,3,1,0,0,2,0
16400,3,4,6,4,12,2,1,1,3,2,0
16401,7,6,11,2,5,0,1,1,2,2,0
16402,5,4,15,4,7,1,1,1,2,2,0
16403,9,4,2,2,8,5,1,0,2,2,1
16404,6,4,9,2,1,0,1,1,2,2,0
16405,7,4,11,2,6,0,1,1,2,2,0
16406,6,4,0,2,12,0,1,1,2,2,1
16407,14,4,11,2,6,0,1,1,0,2,1
16408,8,4,11,2,3,0,1,1,2,2,0
16409,8,1,15,2,3,0,1,1,2,2,1
16410,7,4,11,2,7,0,1,1,2,2,0
16411,5,4,11,4,7,3,1,0,2,2,0
16412,10,4,15,0,12,1,1,1,2,2,0
16413,11,4,11,2,3,0,1,1,2,2,1
16414,7,0,11,2,0,0,1,1,2,2,1
16415,9,4,14,2,10,0,1,1,2,2,1
16416,6,4,8,5,1,4,0,0,1,4,1
16417,11,6,11,6,3,4,1,1,2,2,0
16418,5,4,9,0,8,4,1,0,2,2,0
16419,7,4,10,2,10,0,1,1,2,1,1
16420,5,2,9,4,1,1,0,0,2,2,0
16421,6,4,15,0,8,4,1,0,2,2,0
16422,10,4,15,5,5,1,1,1,2,2,0
16423,7,4,1,2,12,0,1,1,2,2,0
16424,5,4,15,4,12,3,1,1,2,2,0
16425,6,5,9,0,4,4,1,1,1,2,0
16426,4,4,15,4,7,3,1,0,2,2,0
16427,7,0,11,2,0,0,1,1,2,2,0
16428,12,0,2,2,0,0,1,1,2,2,1
16429,3,1,0,4,1,3,1,0,1,2,0
16430,7,6,15,2,8,0,1,1,1,2,0
16431,5,4,15,4,6,1,1,1,3,2,0
16432,6,4,11,2,3,0,1,1,2,2,1
16433,8,4,15,0,1,4,1,0,2,1,0
16434,11,4,9,6,12,1,1,0,2,2,0
16435,5,4,11,2,3,0,1,1,1,2,0
16436,11,4,11,0,12,3,1,1,2,2,0
16437,9,2,15,2,3,0,1,1,1,2,1
16438,5,6,15,4,3,1,1,1,2,2,1
16439,3,4,11,4,14,1,1,1,1,2,0
16440,9,6,15,2,12,5,1,0,2,2,1
16441,7,4,9,5,1,5,1,0,2,2,1
16442,13,6,11,2,7,0,1,1,2,2,0
16443,9,4,9,2,8,0,1,1,2,2,0
16444,5,6,8,4,1,2,0,0,1,2,1
16445,6,4,11,4,8,1,0,0,2,0,0
16446,8,4,11,2,6,0,1,1,1,2,1
16447,7,2,8,0,1,1,1,1,2,2,1
16448,12,4,14,0,4,1,1,1,2,2,0
16449,4,4,15,2,1,0,1,1,2,2,1
16450,5,4,15,2,3,0,1,1,2,2,1
16451,5,6,9,6,10,4,1,0,1,2,0
16452,8,2,9,2,10,0,1,1,2,2,0
16453,5,4,9,4,12,1,1,0,2,2,0
16454,11,4,0,2,8,0,0,1,2,2,0
16455,3,4,15,4,12,1,1,0,0,2,0
16456,6,4,11,4,6,1,0,1,2,2,1
16457,8,4,1,2,3,3,1,1,2,2,0
16458,6,4,11,0,4,1,1,1,2,4,0
16459,8,4,9,2,10,0,1,1,2,2,0
16460,4,4,8,0,7,1,1,1,2,2,0
16461,11,4,15,5,1,4,1,0,2,2,0
16462,8,4,9,2,4,0,1,1,2,2,1
16463,7,4,8,2,1,0,0,1,2,2,0
16464,5,4,8,2,8,0,0,1,1,2,0
16465,3,4,12,4,10,4,1,1,1,2,0
16466,9,4,15,0,1,1,1,0,2,2,0
16467,6,0,2,4,0,1,1,1,2,2,0
16468,14,0,11,2,1,0,1,1,3,2,0
16469,17,4,2,4,6,1,1,1,1,2,0
16470,8,6,1,2,12,0,1,1,2,2,0
16471,7,0,0,0,0,1,1,0,2,2,1
16472,6,4,11,2,8,0,1,1,2,2,0
16473,8,4,11,4,7,1,1,1,2,2,0
16474,10,4,11,4,8,1,1,0,2,2,1
16475,6,4,12,0,10,1,1,0,2,2,0
16476,3,4,9,4,12,3,1,1,1,2,0
16477,12,4,1,2,8,2,1,0,1,2,0
16478,15,4,15,6,12,1,1,0,0,2,1
16479,3,4,0,4,8,1,1,0,1,2,0
16480,9,2,9,2,10,0,1,1,1,2,0
16481,5,4,11,4,8,1,1,0,2,2,0
16482,10,4,11,2,5,0,1,1,2,2,1
16483,12,4,11,2,4,5,0,0,0,0,1
16484,7,2,14,2,10,0,1,1,2,2,1
16485,5,5,15,4,4,3,1,1,2,2,0
16486,5,4,9,0,10,1,1,1,2,2,0
16487,9,4,15,0,1,4,1,0,3,2,0
16488,8,4,11,4,12,4,1,0,2,2,0
16489,7,4,15,2,12,0,1,1,2,2,0
16490,7,4,7,2,4,0,1,1,1,2,1
16491,10,1,9,2,10,0,1,1,2,2,0
16492,9,6,9,0,10,4,1,0,3,2,0
16493,5,4,12,4,4,3,1,1,2,2,0
16494,5,4,8,4,13,1,1,0,2,2,1
16495,4,4,15,2,5,0,1,1,1,2,1
16496,11,6,1,2,14,0,1,1,2,2,1
16497,7,4,9,2,10,0,1,1,1,2,0
16498,12,4,11,6,6,4,1,0,2,2,0
16499,9,6,15,2,10,0,1,1,2,2,1
16500,11,4,5,0,12,1,0,0,2,2,0
16501,4,0,15,4,0,3,1,1,2,2,0
16502,11,4,9,2,10,0,1,1,1,2,1
16503,6,4,0,3,3,4,1,1,2,2,0
16504,14,4,15,3,1,4,1,0,1,2,0
16505,9,4,12,0,4,1,1,0,1,2,0
16506,11,4,9,2,12,0,1,1,0,2,0
16507,3,0,6,4,0,3,1,1,0,2,0
16508,5,4,6,2,14,0,0,1,2,2,1
16509,7,4,15,2,3,0,1,1,2,2,0
16510,10,4,9,2,5,0,1,1,2,2,0
16511,10,4,11,2,5,0,1,1,2,2,0
16512,5,4,15,4,3,1,1,1,2,2,0
16513,7,4,11,2,1,5,1,0,2,2,0
16514,10,4,11,0,6,1,1,1,2,2,0
16515,5,4,11,2,3,0,1,1,3,2,0
16516,9,2,11,2,14,0,1,1,2,2,0
16517,6,0,1,0,0,4,1,0,2,2,0
16518,6,6,7,4,10,1,0,0,2,2,1
16519,4,4,11,4,7,1,1,1,2,2,1
16520,5,4,7,0,1,4,1,0,1,2,1
16521,3,4,10,4,10,1,0,0,3,2,0
16522,3,4,11,4,8,3,1,1,1,2,0
16523,4,7,7,4,1,1,1,0,1,2,0
16524,7,4,11,2,8,0,1,1,1,2,1
16525,5,4,15,4,1,3,1,0,2,2,0
16526,8,4,11,2,8,5,0,0,2,0,0
16527,9,4,12,4,1,1,1,1,2,2,0
16528,9,4,11,0,8,1,1,0,2,2,1
16529,9,4,11,2,1,0,1,1,2,2,0
16530,4,4,8,4,10,4,1,0,2,2,0
16531,8,6,15,2,4,0,1,1,2,2,1
16532,10,4,15,4,4,1,1,1,1,2,0
16533,5,4,9,4,10,3,1,1,2,2,0
16534,9,6,12,0,4,4,1,0,1,2,0
16535,7,4,9,2,10,0,1,1,2,2,1
16536,7,4,8,2,4,0,1,1,1,2,1
16537,7,4,9,0,1,4,1,0,2,2,0
16538,6,4,9,2,4,0,1,1,2,2,0
16539,9,4,15,5,1,1,1,1,2,2,0
16540,11,6,15,0,12,4,1,0,2,2,0
16541,12,4,8,2,5,0,1,1,1,2,1
16542,4,6,15,2,8,0,1,1,2,2,0
16543,7,4,15,2,8,0,1,1,1,2,0
16544,12,4,9,2,4,0,1,1,1,2,0
16545,10,4,9,2,11,0,1,1,2,2,0
16546,8,4,11,2,3,0,1,1,3,2,0
16547,11,0,4,2,3,0,1,1,1,2,1
16548,7,0,11,0,0,1,1,0,2,2,0
16549,3,6,15,4,12,1,1,1,1,2,0
16550,5,2,15,4,8,3,1,1,0,1,0
16551,7,4,11,0,8,4,0,0,2,2,0
16552,12,4,8,2,3,0,1,1,2,2,0
16553,7,6,11,2,7,0,1,1,2,2,0
16554,8,4,9,4,10,1,1,1,2,2,1
16555,4,4,6,4,14,1,1,0,2,2,0
16556,6,4,9,5,4,1,1,1,0,2,0
16557,6,4,15,4,14,1,1,1,2,2,0
16558,9,4,11,0,1,4,1,0,2,2,0
16559,8,2,10,2,10,0,1,1,2,2,1
16560,6,4,11,4,1,3,1,0,2,2,0
16561,3,4,11,4,13,1,1,1,2,2,0
16562,7,4,5,2,10,0,1,1,2,2,1
16563,10,4,11,5,1,1,0,0,2,2,0
16564,5,4,11,4,7,3,1,1,2,2,0
16565,6,6,15,0,5,4,0,1,2,2,0
16566,13,4,9,6,1,1,0,0,2,4,0
16567,6,4,9,4,12,1,1,0,2,2,0
16568,4,4,11,4,3,2,1,1,1,2,0
16569,3,4,9,4,10,3,0,1,0,0,0
16570,7,6,8,4,4,1,1,0,2,2,0
16571,6,6,8,2,12,0,1,1,2,2,0
16572,10,4,12,4,10,3,1,1,2,2,0
16573,7,4,15,2,8,0,1,1,2,2,1
16574,8,7,11,2,4,0,1,1,2,2,1
16575,6,4,12,2,12,0,1,1,2,2,0
16576,5,5,11,2,12,5,1,0,2,2,0
16577,4,0,8,4,3,4,1,0,2,2,0
16578,8,4,1,2,8,0,1,1,2,2,0
16579,6,4,2,4,9,1,1,0,2,2,0
16580,8,4,9,2,4,0,1,1,2,2,0
16581,11,4,2,2,5,0,1,1,2,2,1
16582,12,4,11,2,3,0,1,1,2,2,1
16583,9,4,11,0,1,1,1,0,2,2,0
16584,8,4,9,2,12,0,1,1,2,2,1
16585,5,4,11,6,3,1,0,1,2,2,1
16586,7,4,11,2,7,0,1,1,3,2,0
16587,5,4,11,2,7,0,1,1,1,2,1
16588,4,1,11,4,13,1,1,1,1,2,0
16589,8,4,5,2,10,0,1,1,2,2,0
16590,5,4,15,2,3,0,1,1,1,2,0
16591,10,2,9,2,11,0,0,1,1,2,1
16592,9,4,15,2,1,5,1,0,1,2,0
16593,8,4,9,2,4,0,1,1,2,2,0
16594,7,4,9,4,1,3,1,1,2,2,0
16595,6,4,11,4,7,1,1,1,2,2,1
16596,9,4,9,2,10,5,1,0,2,2,1
16597,10,4,9,2,4,0,1,1,2,2,1
16598,9,4,15,2,8,0,1,1,2,2,1
16599,11,0,9,0,0,2,1,0,2,2,0
16600,9,4,15,5,8,4,0,1,2,2,0
16601,6,4,9,4,4,3,1,0,1,2,0
16602,7,4,15,4,1,1,1,0,2,2,0
16603,6,4,9,3,4,5,1,0,2,2,1
16604,7,6,0,2,8,0,1,1,1,2,0
16605,3,4,11,4,12,1,1,1,2,2,0
16606,7,4,10,2,4,5,1,0,2,2,1
16607,5,4,11,4,7,4,1,1,2,2,0
16608,4,4,15,4,1,1,0,1,2,2,0
16609,10,4,9,2,13,0,1,1,2,2,0
16610,6,4,0,0,14,3,1,1,3,2,0
16611,12,0,7,0,0,1,1,1,1,2,0
16612,12,5,11,6,4,4,1,0,2,2,0
16613,13,4,11,2,3,0,1,1,2,2,0
16614,4,4,15,4,4,1,1,1,1,2,0
16615,4,4,9,4,10,1,1,0,2,2,1
16616,4,4,8,4,13,4,1,0,2,4,0
16617,7,2,11,4,4,1,1,1,2,2,0
16618,9,4,1,4,8,3,1,1,2,2,0
16619,13,4,11,2,3,0,1,1,2,2,0
16620,8,4,1,2,3,0,1,1,2,2,0
16621,6,4,9,4,10,1,1,0,2,2,0
16622,4,4,15,4,4,1,1,0,2,2,0
16623,5,4,11,4,4,3,1,0,1,2,0
16624,10,4,15,2,12,5,1,0,1,2,0
16625,9,4,0,0,14,1,1,1,1,2,0
16626,7,6,11,2,7,0,1,1,3,2,1
16627,5,4,11,4,8,1,1,0,2,2,0
16628,4,6,15,4,5,1,1,1,0,2,1
16629,6,4,9,4,10,1,1,0,2,2,0
16630,3,5,0,4,4,1,1,1,1,2,0
16631,5,4,9,2,4,0,1,1,2,2,1
16632,8,4,15,2,7,0,1,1,2,2,0
16633,7,2,15,5,10,1,1,1,3,2,0
16634,6,4,11,2,3,5,1,0,3,2,1
16635,8,5,14,2,4,0,1,1,2,2,1
16636,5,1,9,4,1,1,1,0,2,2,0
16637,7,4,15,0,8,4,0,0,2,2,0
16638,7,4,14,2,4,0,1,1,2,2,0
16639,4,4,11,4,7,1,0,1,2,2,0
16640,9,4,15,4,8,1,0,1,3,2,0
16641,6,4,14,2,10,0,1,1,2,2,0
16642,7,4,0,2,6,0,0,1,2,2,1
16643,3,4,9,4,8,3,1,0,1,2,0
16644,6,7,15,2,10,0,1,1,2,2,1
16645,7,4,11,2,3,0,1,1,2,2,1
16646,3,7,11,4,11,3,0,1,0,2,0
16647,7,0,11,2,0,0,1,1,3,2,0
16648,8,4,5,2,3,0,1,1,2,2,1
16649,7,4,15,2,1,0,0,1,3,0,0
16650,7,1,12,2,10,0,0,1,1,2,0
16651,4,4,11,2,4,0,1,1,2,2,1
16652,3,4,1,2,12,0,1,1,2,2,0
16653,9,2,11,0,3,4,1,1,2,2,1
16654,5,4,15,3,3,1,1,1,1,2,0
16655,7,1,9,0,4,3,1,0,2,2,0
16656,11,5,15,6,12,1,1,1,2,2,0
16657,9,2,9,2,10,0,1,1,2,2,1
16658,11,4,12,2,4,0,1,1,2,2,0
16659,5,4,9,4,4,3,0,0,2,2,0
16660,13,4,11,2,4,0,0,1,0,2,1
16661,7,4,12,2,10,5,1,1,2,2,0
16662,5,4,9,4,10,3,1,0,2,2,0
16663,10,4,0,2,14,0,1,1,2,2,0
16664,12,0,15,0,6,4,1,0,4,2,0
16665,7,4,9,2,12,0,1,1,1,2,1
16666,11,4,9,3,8,5,1,0,0,2,1
16667,7,4,11,2,4,0,1,1,2,2,0
16668,6,6,11,0,5,1,1,1,2,2,0
16669,9,4,4,0,3,1,1,1,1,2,0
16670,6,4,9,0,1,4,1,0,1,2,0
16671,6,2,9,4,10,1,1,0,2,2,0
16672,8,4,11,2,14,0,0,1,2,2,0
16673,13,4,11,2,3,0,1,1,2,2,1
16674,8,0,13,0,0,1,0,0,1,2,0
16675,6,4,11,4,7,4,1,1,2,2,0
16676,4,4,4,4,8,1,0,1,1,2,0
16677,7,4,11,4,6,3,1,0,2,2,0
16678,9,4,12,2,12,0,1,1,2,2,0
16679,8,4,2,2,9,5,0,0,1,2,1
16680,5,4,15,4,1,1,1,0,3,2,0
16681,6,4,7,2,12,0,0,1,2,2,1
16682,9,4,15,4,12,1,1,0,2,2,0
16683,5,4,15,0,3,4,1,1,2,3,0
16684,4,4,5,4,8,3,1,0,2,2,0
16685,8,5,11,2,3,0,1,1,2,2,1
16686,5,4,1,2,8,0,0,1,2,2,0
16687,6,6,1,2,8,5,0,0,2,2,0
16688,13,1,15,2,1,1,0,0,0,2,1
16689,4,4,7,4,10,3,0,0,1,0,0
16690,7,4,9,2,12,0,1,1,2,2,0
16691,8,4,11,2,6,0,1,1,2,2,0
16692,3,5,9,4,12,1,1,0,1,2,0
16693,5,4,9,4,4,1,1,1,2,2,0
16694,4,0,15,4,0,3,1,1,1,2,0
16695,6,4,11,2,6,5,1,1,2,2,0
16696,4,6,11,4,5,1,1,1,2,2,0
16697,4,4,9,4,12,3,0,1,2,2,0
16698,6,4,8,2,3,0,1,1,2,2,0
16699,11,4,5,2,8,0,1,1,2,2,1
16700,5,4,11,4,3,1,1,1,2,2,0
16701,8,4,15,2,7,0,1,1,2,2,0
16702,7,4,9,2,10,0,1,1,2,2,0
16703,4,4,15,2,12,5,1,0,2,2,1
16704,12,4,15,2,11,2,0,1,1,2,0
16705,9,4,7,4,8,2,1,0,3,2,0
16706,8,6,11,0,10,3,1,1,2,2,0
16707,6,7,15,4,1,3,1,0,2,2,0
16708,6,4,8,0,7,4,1,0,2,2,0
16709,10,6,12,2,4,5,1,0,2,2,0
16710,5,4,11,4,4,4,1,1,2,2,0
16711,6,4,9,4,4,2,1,1,2,2,0
16712,9,7,3,0,2,1,0,0,1,2,0
16713,7,4,11,5,1,1,0,0,2,0,0
16714,5,4,11,6,1,1,1,0,2,2,0
16715,7,5,11,2,4,0,1,1,2,2,0
16716,7,6,15,2,10,0,1,1,2,2,0
16717,8,4,15,2,3,0,1,1,2,2,0
16718,6,4,11,4,8,1,1,0,1,2,0
16719,5,6,11,4,3,1,1,1,2,2,0
16720,10,0,11,2,3,0,1,1,3,2,0
16721,3,7,14,4,10,3,1,1,1,2,0
16722,5,4,1,2,11,0,1,1,1,2,0
16723,4,4,9,2,4,0,1,1,1,2,1
16724,7,4,15,4,4,1,1,0,2,2,0
16725,16,6,8,4,4,1,1,0,1,2,0
16726,14,4,9,3,14,4,1,0,0,2,0
16727,6,4,9,2,10,0,1,1,2,2,0
16728,7,4,11,2,3,0,1,1,2,2,1
16729,10,4,11,2,7,0,1,1,2,2,1
16730,5,4,11,2,3,0,1,1,2,2,0
16731,8,4,9,2,13,0,0,1,3,2,1
16732,5,1,15,0,1,1,1,0,1,2,1
16733,5,4,7,4,14,2,1,1,2,2,0
16734,7,2,15,2,10,5,1,0,2,2,0
16735,4,4,11,4,8,1,0,0,1,2,1
16736,6,4,4,2,6,5,1,0,2,2,1
16737,4,6,11,4,5,3,1,1,1,2,0
16738,3,2,11,4,4,3,0,0,1,2,0
16739,3,4,15,4,14,1,1,1,1,2,0
16740,5,4,12,4,8,3,1,1,1,2,0
16741,11,4,15,2,3,0,1,1,2,2,0
16742,11,4,15,0,6,4,1,0,3,2,0
16743,8,4,15,0,10,1,1,1,2,2,0
16744,10,2,9,2,10,0,1,1,2,2,0
16745,8,4,5,0,9,1,0,1,2,2,0
16746,9,4,12,2,4,5,1,0,1,2,0
16747,11,4,11,0,8,4,1,0,2,2,0
16748,7,4,11,0,7,4,1,0,2,1,0
16749,8,4,9,2,10,0,1,1,2,2,0
16750,4,4,9,4,1,1,1,1,2,2,0
16751,9,4,0,2,3,0,1,1,2,2,1
16752,10,6,7,4,10,3,1,0,2,2,0
16753,4,0,12,4,0,1,1,1,3,4,0
16754,4,2,14,4,10,3,1,0,2,2,0
16755,9,4,11,2,3,0,1,1,2,2,1
16756,6,4,9,4,4,3,1,1,2,2,0
16757,8,4,2,0,9,1,1,0,2,2,0
16758,11,2,1,2,8,0,1,1,2,2,1
16759,11,4,5,2,3,0,1,1,1,2,0
16760,4,4,11,4,8,2,0,1,2,2,0
16761,7,4,12,5,10,1,1,0,2,2,0
16762,10,4,11,2,3,0,1,1,2,2,1
16763,4,4,11,4,3,3,1,1,1,2,0
16764,8,4,11,2,3,0,1,1,2,2,0
16765,12,4,11,6,7,1,0,1,2,2,0
16766,4,7,1,4,2,3,0,1,1,2,0
16767,10,4,15,4,1,4,1,0,2,2,1
16768,8,4,12,2,10,0,0,1,2,2,0
16769,4,4,11,4,3,3,1,1,2,2,0
16770,12,2,12,2,10,0,1,1,1,2,1
16771,7,4,11,4,8,1,1,0,2,2,0
16772,9,4,11,2,8,0,1,1,2,2,1
16773,7,4,9,0,3,4,1,1,2,2,0
16774,4,4,9,5,8,2,1,0,2,2,0
16775,3,4,11,4,8,4,1,0,1,2,1
16776,3,4,11,4,7,1,0,0,0,0,0
16777,7,4,9,2,10,5,1,0,2,2,0
16778,3,6,11,4,12,3,1,1,0,2,0
16779,11,4,0,2,7,0,0,1,2,2,1
16780,3,4,11,4,3,1,1,1,1,2,0
16781,14,4,11,3,5,1,1,1,0,2,0
16782,6,4,11,4,6,1,1,1,2,2,0
16783,4,2,9,4,10,1,0,0,1,2,0
16784,9,4,7,2,10,0,1,1,2,2,0
16785,6,1,9,6,1,1,1,1,2,2,0
16786,11,4,11,6,1,1,1,0,2,2,0
16787,8,4,14,2,10,0,1,1,2,2,1
16788,5,4,15,2,6,0,1,1,2,2,0
16789,8,4,11,2,13,5,1,0,1,2,1
16790,4,0,0,4,6,1,0,1,2,2,0
16791,4,2,15,4,1,3,1,0,2,2,0
16792,4,4,5,4,8,1,1,0,1,2,0
16793,5,7,15,4,1,2,1,0,2,2,0
16794,10,4,11,2,7,5,1,0,2,2,1
16795,9,4,9,2,12,0,1,1,2,2,0
16796,7,4,5,2,5,0,1,1,2,2,1
16797,7,4,6,0,9,4,1,0,1,2,0
16798,5,4,5,4,6,1,0,1,2,2,0
16799,7,4,11,0,7,1,1,1,2,2,0
16800,4,4,6,3,3,5,1,0,2,2,0
16801,11,4,11,2,3,0,1,1,2,2,0
16802,11,4,9,0,4,4,1,0,2,2,0
16803,12,4,11,2,14,0,1,1,2,2,0
16804,8,4,12,5,4,4,1,0,2,2,0
16805,11,4,0,2,7,0,1,1,1,2,0
16806,10,4,15,2,3,0,0,1,1,2,1
16807,11,4,11,4,7,3,0,1,4,2,0
16808,7,2,11,0,8,4,1,1,2,2,0
16809,4,4,6,4,9,3,1,0,1,2,0
16810,13,4,15,1,12,3,1,1,1,2,0
16811,6,4,15,2,10,0,1,1,2,2,0
16812,4,4,9,4,10,1,1,0,1,2,1
16813,7,4,15,4,8,1,1,0,2,2,0
16814,5,4,15,4,4,1,1,1,2,2,0
16815,5,2,1,4,14,1,1,1,1,2,0
16816,8,4,15,2,1,5,1,0,2,2,1
16817,5,4,11,4,12,1,1,0,2,2,0
16818,9,4,9,5,7,4,1,0,2,2,0
16819,6,0,3,4,0,1,0,1,1,2,0
16820,8,5,11,5,12,4,1,0,2,2,0
16821,8,6,15,2,12,0,1,1,2,2,1
16822,6,4,11,2,3,0,1,1,3,2,1
16823,10,4,11,2,3,0,1,1,1,2,1
16824,7,4,15,0,1,4,1,0,2,2,1
16825,3,4,15,4,1,1,1,0,4,2,0
16826,6,4,7,0,7,4,1,0,1,2,0
16827,10,4,15,0,13,4,1,0,1,2,0
16828,5,4,9,4,10,1,1,0,2,2,0
16829,5,2,12,4,10,4,1,1,2,2,0
16830,3,6,7,4,4,3,1,1,2,2,0
16831,5,4,8,2,6,0,1,1,3,2,0
16832,7,4,9,2,12,0,1,1,2,2,0
16833,8,4,14,2,10,0,1,1,3,2,0
16834,4,4,11,4,14,3,0,1,1,2,0
16835,8,4,12,2,10,0,1,1,2,2,1
16836,4,6,7,4,14,1,1,1,2,2,0
16837,9,4,4,0,3,2,1,1,2,2,0
16838,8,4,11,2,7,0,0,1,3,0,1
16839,10,4,15,6,3,4,1,0,2,2,0
16840,7,4,4,2,1,5,1,0,2,2,0
16841,9,4,11,6,7,1,1,1,2,0,0
16842,10,2,11,2,3,0,1,1,2,2,0
16843,14,2,9,3,10,1,1,1,3,2,0
16844,7,4,0,4,1,3,1,0,2,2,0
16845,6,4,12,2,12,0,1,1,2,2,0
16846,9,7,11,2,11,0,1,1,2,2,0
16847,9,4,15,0,6,1,0,1,2,0,0
16848,15,4,11,2,6,0,1,1,3,2,1
16849,13,6,9,2,7,0,1,1,0,2,1
16850,9,0,11,0,0,1,1,1,2,2,0
16851,11,4,11,2,14,0,1,1,3,2,0
16852,9,4,11,2,13,0,0,1,1,2,1
16853,5,4,15,4,8,1,1,0,2,2,0
16854,11,1,11,2,1,0,1,1,2,2,0
16855,10,6,12,2,4,0,0,1,2,4,0
16856,10,4,9,6,4,4,1,1,2,2,0
16857,7,6,6,2,3,0,1,1,3,2,0
16858,7,4,15,0,4,1,0,1,2,2,0
16859,9,4,9,2,12,5,1,0,3,2,1
16860,5,4,12,2,12,5,1,0,2,2,1
16861,7,0,15,0,0,1,0,0,2,2,0
16862,5,4,11,4,8,4,1,0,3,2,0
16863,3,7,9,4,10,1,0,0,1,2,0
16864,7,4,10,4,10,3,1,1,2,2,0
16865,11,4,12,2,10,0,1,1,2,2,1
16866,9,4,7,2,3,0,1,1,1,2,1
16867,8,4,9,2,10,0,1,1,2,2,1
16868,4,0,0,0,0,4,0,0,1,2,0
16869,13,2,15,2,11,0,1,1,0,2,0
16870,5,4,1,4,7,3,1,1,2,2,0
16871,8,1,12,2,4,0,1,1,2,2,0
16872,8,4,9,3,13,4,1,1,1,2,0
16873,9,2,11,2,4,0,1,1,1,2,1
16874,6,6,1,0,5,1,1,1,0,2,0
16875,9,4,9,2,10,0,1,1,2,2,1
16876,5,4,9,2,12,0,0,1,2,2,1
16877,7,4,15,2,1,0,0,1,2,2,1
16878,11,4,11,0,1,4,1,0,4,2,1
16879,6,7,15,4,4,1,1,0,1,2,0
16880,4,4,11,4,3,3,0,1,2,2,0
16881,11,4,11,0,14,1,1,1,2,2,0
16882,6,4,11,2,14,0,1,1,2,2,1
16883,10,5,11,2,3,3,1,1,2,2,0
16884,6,0,11,2,0,0,1,1,2,2,0
16885,10,4,1,2,7,0,1,1,2,2,0
16886,5,4,10,2,10,0,0,1,2,2,1
16887,8,4,11,2,3,0,1,1,1,2,0
16888,5,2,7,4,1,3,1,0,2,2,0
16889,6,5,11,2,11,5,0,0,2,0,1
16890,10,4,15,0,12,1,1,0,2,2,0
16891,6,3,15,0,6,4,1,1,2,2,0
16892,12,4,11,4,1,3,1,0,2,2,0
16893,4,4,11,2,4,0,1,1,1,2,1
16894,5,6,15,4,4,3,1,1,2,2,0
16895,9,4,12,2,4,0,1,1,2,2,1
16896,9,0,7,0,0,4,1,0,2,2,0
16897,6,4,9,2,4,0,1,1,3,2,0
16898,13,4,11,2,14,0,1,1,1,2,0
16899,14,4,10,3,10,4,1,0,3,2,0
16900,11,2,12,0,10,1,1,1,2,2,0
16901,3,4,11,4,3,3,1,1,0,2,0
16902,9,0,15,2,0,0,1,1,2,2,0
16903,6,4,11,2,1,5,1,0,1,2,0
16904,7,4,11,2,14,0,1,1,2,2,1
16905,3,4,8,4,1,3,1,0,1,2,0
16906,7,4,12,0,4,4,1,0,3,2,0
16907,5,2,9,4,10,1,1,1,2,2,0
16908,10,4,9,4,10,1,1,0,2,2,0
16909,5,4,15,2,6,0,1,1,2,2,0
16910,8,4,15,2,8,0,1,1,2,2,1
16911,3,4,11,4,11,3,1,1,1,2,0
16912,7,7,15,4,4,3,1,1,1,2,0
16913,4,6,14,2,10,5,1,0,2,2,0
16914,6,4,15,2,12,0,1,1,1,2,1
16915,4,4,9,4,12,1,1,0,2,2,1
16916,8,4,15,2,3,0,0,1,1,2,1
16917,5,4,7,2,7,0,1,1,2,2,0
16918,11,4,11,2,6,0,0,1,2,2,0
16919,7,4,11,2,7,0,1,1,2,2,0
16920,8,2,9,0,10,4,1,1,2,2,0
16921,11,4,7,2,3,0,1,1,0,2,1
16922,4,4,11,4,1,1,1,0,2,2,0
16923,5,6,15,4,0,1,1,1,3,2,0
16924,8,4,15,4,3,1,1,0,4,2,0
16925,8,4,11,2,12,5,1,0,2,2,0
16926,9,4,15,4,10,2,1,1,2,2,0
16927,8,5,15,4,4,1,1,1,2,2,0
16928,8,4,11,2,14,0,1,1,0,2,0
16929,4,4,9,4,4,3,1,0,2,2,0
16930,4,4,8,4,8,3,1,1,1,2,0
16931,3,0,2,4,0,1,1,0,0,2,0
16932,7,6,9,0,10,1,1,1,2,2,0
16933,5,4,11,4,1,3,1,0,2,2,0
16934,8,4,4,0,3,1,1,1,2,2,0
16935,8,4,11,2,3,0,1,1,2,2,1
16936,11,4,11,2,4,0,0,1,2,2,0
16937,5,1,15,4,1,3,1,0,2,2,0
16938,8,6,11,4,1,1,1,0,2,2,0
16939,11,4,15,6,8,1,1,0,2,2,0
16940,5,6,1,2,12,0,1,1,2,2,0
16941,4,4,11,4,7,3,1,1,2,2,0
16942,6,4,11,2,13,0,1,1,2,2,0
16943,12,4,9,2,8,0,1,1,2,2,0
16944,14,4,9,2,12,5,1,0,3,2,1
16945,12,4,15,2,3,0,1,1,2,2,0
16946,11,4,12,2,1,0,1,1,2,2,0
16947,4,4,9,4,8,3,1,0,1,1,0
16948,7,4,15,4,1,3,1,0,2,2,0
16949,7,4,9,2,12,0,1,1,2,2,0
16950,9,1,11,4,13,3,1,1,1,2,0
16951,6,4,15,2,10,0,1,1,2,2,1
16952,6,4,8,0,1,4,1,0,3,2,0
16953,9,4,11,2,3,0,1,1,2,2,1
16954,7,0,15,0,0,4,1,1,1,2,0
16955,12,2,9,2,3,0,1,1,2,2,0
16956,5,4,9,0,4,3,1,0,2,2,0
16957,5,4,2,3,9,3,1,1,2,2,0
16958,8,4,9,4,14,3,0,1,2,2,0
16959,5,4,11,2,3,0,1,1,2,2,1
16960,4,4,11,4,3,2,1,1,2,2,0
16961,4,4,11,4,12,1,1,0,2,2,0
16962,13,0,2,2,0,0,0,1,2,2,0
16963,4,7,7,4,10,1,1,0,1,2,0
16964,4,6,11,4,8,3,1,1,2,2,0
16965,9,4,11,2,14,0,0,1,2,2,1
16966,4,4,11,4,3,1,0,1,2,2,0
16967,4,4,11,4,1,3,1,1,1,2,0
16968,8,4,12,2,4,0,0,1,2,2,1
16969,9,5,9,2,4,0,1,1,2,2,0
16970,13,4,15,6,8,1,1,0,2,2,0
16971,4,1,9,4,10,1,1,1,1,2,0
16972,6,4,11,5,7,1,1,1,2,2,0
16973,8,2,11,2,1,0,1,1,3,2,1
16974,8,4,11,2,7,0,1,1,0,2,0
16975,6,0,6,2,0,0,1,1,2,2,0
16976,7,0,0,2,0,0,1,1,2,2,0
16977,9,6,12,0,10,4,1,0,2,2,0
16978,8,4,8,4,13,1,1,1,2,2,0
16979,8,4,15,4,1,3,1,0,1,2,0
16980,7,4,15,2,10,0,1,1,2,2,0
16981,3,4,11,4,13,1,1,0,1,2,0
16982,7,5,11,2,4,0,1,1,2,2,1
16983,7,4,11,2,1,0,1,1,2,2,1
16984,4,7,9,4,4,3,1,0,2,2,0
16985,7,4,11,2,1,0,0,1,2,0,0
16986,9,6,8,2,3,0,0,1,2,2,1
16987,8,0,11,2,6,0,1,1,2,2,1
16988,11,2,11,0,14,1,0,1,2,2,0
16989,8,7,11,4,1,1,1,0,2,2,0
16990,5,4,11,4,8,4,0,0,1,2,1
16991,8,5,9,2,4,0,1,1,2,2,0
16992,6,4,10,2,10,0,1,1,2,2,0
16993,5,4,15,4,4,1,1,0,1,2,0
16994,7,4,11,0,12,1,1,1,2,2,0
16995,6,6,9,2,10,0,1,1,2,2,1
16996,4,4,9,4,8,3,1,0,0,2,0
16997,13,4,15,2,12,0,1,1,0,2,1
16998,12,4,9,2,7,0,1,1,2,2,1
16999,10,4,9,5,1,1,1,1,2,2,0
17000,8,4,11,2,3,0,1,1,2,2,0
17001,5,4,15,2,4,0,1,1,2,2,1
17002,8,4,15,6,3,1,1,1,2,2,1
17003,13,4,9,2,7,0,1,1,2,2,0
17004,5,4,9,2,10,5,1,0,2,2,1
17005,7,6,8,2,4,0,1,1,2,2,0
17006,8,4,8,2,6,0,1,1,2,2,0
17007,8,4,1,2,7,0,1,1,0,2,0
17008,6,4,15,2,3,0,1,1,2,2,0
17009,10,4,15,2,12,0,1,1,2,2,0
17010,5,4,11,2,4,0,1,1,2,2,0
17011,5,4,11,4,7,3,1,1,2,2,0
17012,9,2,15,4,11,1,1,0,2,2,0
17013,9,4,11,2,12,0,1,1,2,2,0
17014,5,4,7,2,4,0,1,1,2,2,0
17015,9,4,15,2,1,0,0,1,2,0,1
17016,7,0,11,2,0,5,1,0,2,2,1
17017,7,4,15,2,12,0,1,1,2,2,0
17018,7,4,15,2,1,5,0,0,2,2,0
17019,11,4,11,2,6,0,1,1,1,2,0
17020,15,4,8,2,13,0,1,1,0,2,1
17021,11,4,9,4,8,3,0,0,2,2,0
17022,8,4,0,4,3,3,1,1,2,1,0
17023,10,4,11,2,8,5,1,0,2,2,1
17024,7,2,9,2,8,0,0,1,2,2,0
17025,8,4,15,4,1,3,1,0,2,2,0
17026,7,4,9,2,4,0,1,1,3,2,0
17027,9,0,11,2,6,0,1,1,2,2,1
17028,5,7,15,2,1,0,1,1,2,1,0
17029,10,1,11,5,6,4,1,1,2,2,0
17030,5,4,11,4,1,1,1,1,2,2,1
17031,3,0,11,4,0,3,1,1,3,2,0
17032,7,4,9,0,10,4,1,0,1,2,0
17033,8,4,11,5,1,4,0,0,2,2,0
17034,7,2,11,2,5,0,1,1,2,2,1
17035,7,4,5,0,14,1,1,1,2,2,0
17036,6,4,11,2,3,0,1,1,2,2,0
17037,13,4,0,2,3,0,1,1,1,2,0
17038,7,1,9,2,10,0,1,1,2,2,0
17039,11,4,15,2,3,0,1,1,2,2,1
17040,12,4,15,4,1,4,1,0,1,2,0
17041,7,4,11,2,3,0,1,1,2,2,0
17042,6,4,14,5,10,1,1,1,1,2,0
17043,11,4,9,0,1,4,1,0,2,2,0
17044,9,4,15,2,12,0,1,1,2,2,1
17045,8,4,11,2,3,0,1,1,2,2,0
17046,7,4,7,4,7,3,1,1,4,2,0
17047,8,4,10,2,10,0,1,1,2,4,0
17048,7,2,8,4,10,3,1,0,2,2,0
17049,7,4,2,2,11,0,1,1,1,2,1
17050,8,0,10,2,0,0,1,1,2,2,0
17051,3,4,8,4,1,3,1,0,2,2,0
17052,7,4,11,2,4,0,1,1,2,2,0
17053,7,4,15,2,14,0,0,1,2,2,1
17054,7,4,11,5,3,1,1,1,1,2,0
17055,7,4,6,2,9,0,0,1,2,2,0
17056,10,4,9,0,4,1,1,1,2,2,0
17057,10,4,15,4,11,3,1,1,0,2,0
17058,11,4,11,6,8,1,1,1,0,2,0
17059,10,2,2,2,3,0,1,1,2,2,1
17060,3,7,11,4,1,1,1,1,1,2,0
17061,6,4,11,0,1,4,0,0,1,0,0
17062,6,4,11,2,14,5,1,0,2,2,1
17063,6,4,15,2,6,0,1,1,2,2,1
17064,6,4,15,2,4,0,1,1,2,2,0
17065,9,4,11,2,14,0,1,1,1,2,1
17066,12,4,11,0,3,3,1,1,2,2,0
17067,7,4,15,4,3,1,1,1,1,2,0
17068,6,4,9,2,12,0,1,1,2,2,0
17069,4,4,0,4,7,1,1,0,2,2,0
17070,6,4,11,0,7,1,1,0,2,2,0
17071,8,2,8,2,10,0,1,1,3,2,0
17072,4,4,15,2,13,0,1,1,2,2,1
17073,7,4,1,2,3,0,0,1,2,2,1
17074,10,4,11,4,3,3,1,1,2,2,0
17075,6,0,11,2,0,5,1,0,0,2,1
17076,6,4,15,0,3,1,1,1,2,2,0
17077,7,4,15,2,1,0,1,1,2,2,1
17078,7,4,1,0,3,4,1,0,2,2,0
17079,8,4,1,2,3,0,1,1,2,1,1
17080,7,2,11,4,3,3,1,1,2,2,0
17081,11,4,6,2,12,0,1,1,1,2,0
17082,11,4,1,2,8,5,1,0,3,2,1
17083,9,0,15,2,0,5,1,0,3,2,0
17084,4,4,11,4,8,3,1,0,1,2,0
17085,10,0,15,2,0,0,1,1,2,2,0
17086,12,5,14,2,10,5,1,0,2,2,0
17087,11,4,1,2,3,0,0,1,2,2,0
17088,6,2,9,4,10,1,1,1,2,2,0
17089,10,4,5,2,6,0,1,1,2,2,0
17090,4,4,8,4,6,4,1,1,1,2,0
17091,8,4,0,0,12,1,0,0,2,2,1
17092,9,4,11,0,3,3,1,1,2,2,0
17093,6,4,11,0,7,4,0,1,2,2,0
17094,9,4,7,2,3,0,1,1,2,2,0
17095,5,0,2,4,0,4,1,0,2,2,0
17096,7,4,9,2,12,0,1,1,2,2,0
17097,12,4,11,5,1,4,1,0,2,2,1
17098,6,4,9,2,10,0,1,1,2,2,1
17099,8,4,15,2,8,0,1,1,1,2,1
17100,10,4,9,0,1,4,1,0,2,2,0
17101,5,4,9,0,10,4,1,1,1,2,0
17102,10,4,11,2,8,0,1,1,2,2,0
17103,5,2,11,4,3,2,1,1,2,2,0
17104,5,4,11,4,3,1,1,1,1,2,0
17105,11,4,6,2,7,0,1,1,3,2,1
17106,6,5,9,2,4,0,1,1,2,2,1
17107,7,6,7,2,3,0,1,1,2,2,1
17108,9,7,9,5,4,4,1,1,2,2,0
17109,4,4,0,4,3,1,1,1,3,2,0
17110,6,4,14,2,10,0,1,1,2,2,1
17111,6,4,8,4,10,3,1,1,2,2,0
17112,3,4,11,4,6,3,1,1,1,2,0
17113,9,4,4,2,3,0,1,1,2,1,0
17114,10,1,8,0,1,1,1,1,2,2,0
17115,6,4,12,2,4,0,1,1,2,2,1
17116,7,4,11,2,5,0,1,1,3,2,0
17117,6,7,11,2,1,0,0,1,3,2,0
17118,7,4,9,4,1,1,1,1,2,2,0
17119,12,4,12,2,4,0,1,1,1,2,0
17120,7,4,9,2,10,0,1,1,2,2,1
17121,9,4,11,2,3,0,1,1,2,2,1
17122,4,6,15,4,12,4,1,0,1,2,0
17123,8,4,11,0,7,1,1,1,2,2,0
17124,6,6,15,2,4,0,1,1,2,2,0
17125,5,4,8,4,6,1,1,1,2,2,0
17126,6,2,11,2,3,0,1,1,2,2,0
17127,11,2,15,6,1,1,1,0,2,2,0
17128,5,4,9,2,1,0,0,1,1,2,1
17129,5,4,8,4,3,1,1,1,2,2,0
17130,3,4,15,4,1,4,0,0,2,2,0
17131,3,4,9,2,10,0,1,1,3,2,1
17132,5,4,9,4,7,1,1,0,2,2,0
17133,5,4,9,4,3,1,1,1,1,2,0
17134,7,4,11,2,5,0,1,1,1,2,1
17135,8,4,14,2,4,0,1,1,2,2,1
17136,4,4,15,4,3,1,1,1,2,2,0
17137,6,2,11,2,10,0,1,1,2,2,1
17138,8,5,11,2,3,0,1,1,2,2,0
17139,10,6,11,6,3,1,1,1,2,2,0
17140,3,2,9,5,8,1,1,0,0,2,0
17141,4,1,12,4,4,1,1,0,2,2,0
17142,5,0,11,4,0,3,1,0,1,2,0
17143,8,4,15,0,8,1,0,0,3,2,0
17144,7,4,14,2,10,0,1,1,2,2,0
17145,6,4,12,3,12,2,1,0,2,2,0
17146,6,0,11,2,0,0,0,1,2,2,0
17147,13,2,6,0,8,4,1,0,2,2,0
17148,6,4,12,4,10,1,1,1,2,2,0
17149,8,4,15,0,13,1,1,1,2,2,0
17150,5,4,15,0,8,1,1,0,1,2,1
17151,11,4,0,2,3,0,1,1,2,2,0
17152,10,4,11,2,8,0,1,1,2,2,1
17153,3,4,15,4,7,1,1,0,1,2,0
17154,3,4,11,4,4,1,1,1,2,2,0
17155,6,6,8,2,12,0,1,1,3,2,1
17156,4,4,5,4,9,1,0,1,1,2,0
17157,9,4,1,2,3,0,1,1,2,2,1
17158,7,4,9,4,12,1,1,1,2,2,0
17159,5,4,11,4,8,3,1,0,2,2,0
17160,7,4,11,2,3,0,0,1,2,2,0
17161,9,4,12,6,10,1,1,0,2,1,0
17162,8,1,15,2,1,0,1,1,1,2,1
17163,6,4,11,4,3,1,1,1,2,2,0
17164,4,4,1,4,3,1,1,1,2,2,0
17165,9,4,7,2,14,0,1,1,2,2,1
17166,13,4,11,2,8,0,1,1,0,2,0
17167,7,4,15,0,1,4,1,0,2,2,0
17168,6,4,9,2,1,5,1,0,2,2,0
17169,10,4,9,4,12,1,1,0,2,2,0
17170,7,0,15,2,0,0,1,1,3,2,0
17171,8,5,11,6,12,1,1,1,3,2,0
17172,8,4,11,0,4,4,1,1,2,2,0
17173,4,4,11,4,7,3,0,0,2,2,0
17174,8,4,15,2,8,5,0,0,4,2,0
17175,4,4,11,4,8,1,1,1,1,2,0
17176,6,4,11,2,12,0,1,1,2,2,0
17177,10,5,12,2,12,0,1,1,2,2,1
17178,5,4,11,2,12,0,1,1,2,2,1
17179,12,4,9,6,12,5,1,1,1,4,0
17180,4,4,7,4,12,1,0,1,0,0,0
17181,7,4,8,2,13,0,1,1,2,2,1
17182,11,4,1,2,7,2,1,0,2,2,0
17183,5,4,9,4,12,4,1,0,2,2,0
17184,7,4,7,2,10,5,1,0,2,2,1
17185,3,4,15,4,1,3,1,0,1,2,0
17186,5,4,1,4,8,2,1,0,3,2,0
17187,8,2,1,4,14,3,1,1,2,2,0
17188,4,4,11,4,1,4,1,0,2,2,0
17189,7,4,8,0,1,3,1,0,3,2,0
17190,4,4,15,4,12,3,1,1,2,2,0
17191,4,4,11,4,3,1,1,1,0,2,0
17192,5,4,11,2,4,0,1,1,0,2,1
17193,8,4,6,4,6,1,1,0,2,2,0
17194,13,4,9,2,10,5,1,0,0,2,0
17195,7,4,10,0,1,4,1,0,2,2,0
17196,11,6,10,2,10,0,1,1,2,2,1
17197,10,7,12,0,10,1,0,1,2,2,0
17198,8,4,9,0,10,1,0,1,2,2,0
17199,9,4,11,0,8,1,0,1,2,2,0
17200,4,4,2,4,7,3,1,0,1,2,0
17201,11,4,11,2,14,0,1,1,2,2,1
17202,7,4,11,2,12,0,1,1,2,2,1
17203,5,4,11,2,3,0,1,1,2,2,0
17204,5,1,9,0,11,1,0,1,2,2,1
17205,4,4,15,4,1,1,1,1,1,2,0
17206,7,4,15,2,4,5,1,0,3,2,1
17207,10,4,11,0,3,1,1,1,2,2,0
17208,7,0,15,4,0,1,1,0,2,2,1
17209,7,4,15,0,8,4,1,0,2,2,0
17210,4,4,11,4,3,3,1,1,0,2,1
17211,11,4,11,2,3,0,1,1,3,2,0
17212,12,6,15,2,5,0,1,1,2,2,1
17213,4,4,12,4,12,3,1,0,2,2,0
17214,11,6,11,2,3,0,1,1,2,2,0
17215,5,4,7,4,12,4,1,1,2,2,0
17216,5,6,8,4,4,3,1,1,1,2,0
17217,10,4,11,2,3,0,1,1,3,2,0
17218,12,4,15,2,12,0,1,1,1,1,0
17219,17,4,11,2,3,0,1,1,1,2,1
17220,6,0,0,4,0,1,1,1,2,2,0
17221,14,4,11,2,4,0,0,1,1,2,0
17222,4,5,9,4,4,1,1,0,1,2,0
17223,7,4,15,2,4,0,1,1,2,2,1
17224,7,2,9,0,11,1,0,1,2,0,0
17225,5,4,11,2,1,0,1,1,2,2,0
17226,4,4,7,4,12,1,1,1,1,2,0
17227,9,4,15,0,12,1,1,1,2,2,0
17228,7,4,7,5,3,1,1,1,2,2,0
17229,10,4,9,2,12,0,1,1,1,2,1
17230,3,4,1,4,7,1,1,0,1,2,0
17231,6,4,11,2,8,5,1,0,2,2,0
17232,5,6,9,4,10,3,1,0,2,2,0
17233,5,4,11,2,6,0,1,1,2,2,1
17234,10,4,11,2,12,0,1,1,2,2,1
17235,5,0,15,2,0,0,1,1,2,2,1
17236,9,4,11,2,1,0,1,1,2,2,0
17237,6,4,5,4,9,1,1,0,2,2,0
17238,8,6,11,4,12,2,1,0,2,2,0
17239,5,4,6,2,8,0,1,1,2,2,0
17240,5,4,9,2,8,0,1,1,2,2,0
17241,3,4,11,4,13,4,1,0,1,2,0
17242,5,4,15,5,12,1,0,1,2,2,0
17243,6,6,9,4,12,1,1,1,2,2,0
17244,13,4,7,6,12,1,0,1,2,2,1
17245,5,4,9,6,13,1,1,0,2,2,0
17246,5,4,11,6,12,3,1,0,2,2,0
17247,7,7,14,2,10,0,1,1,2,2,1
17248,9,4,11,2,3,0,1,1,2,2,1
17249,5,4,1,6,8,1,1,1,2,2,0
17250,5,2,11,4,1,2,0,1,1,2,0
17251,6,4,6,2,8,0,1,1,2,2,1
17252,10,4,15,0,4,4,1,0,2,2,0
17253,10,4,15,2,3,0,1,1,2,2,1
17254,4,4,11,4,12,3,1,0,0,2,0
17255,7,4,15,5,14,1,1,1,2,1,0
17256,8,0,11,5,0,1,0,1,2,2,0
17257,3,4,11,4,8,3,1,0,1,2,0
17258,3,4,11,4,8,3,1,0,0,2,0
17259,11,7,15,2,5,0,1,1,2,1,0
17260,8,7,15,4,11,3,1,1,2,2,0
17261,13,4,11,2,3,5,1,0,2,2,1
17262,6,4,11,2,10,0,0,1,2,2,1
17263,4,0,0,4,0,3,1,1,1,2,0
17264,8,4,9,4,4,2,1,0,2,2,0
17265,8,4,15,0,14,1,1,1,2,2,0
17266,9,4,15,2,8,5,1,0,2,2,0
17267,10,4,15,4,6,3,0,1,2,2,0
17268,3,4,1,4,6,3,1,1,1,2,1
17269,6,0,8,2,0,0,1,1,2,2,0
17270,9,6,0,2,3,0,1,1,2,2,0
17271,4,4,11,4,1,3,0,0,2,2,0
17272,7,7,15,2,1,0,1,1,3,2,0
17273,12,4,11,2,4,0,1,1,2,2,1
17274,6,5,11,2,12,0,1,1,2,2,1
17275,9,4,15,2,10,0,1,1,2,2,1
17276,11,4,11,2,4,0,1,1,0,2,1
17277,6,2,15,4,4,3,1,0,1,2,0
17278,6,4,11,2,5,0,1,1,2,2,0
17279,7,4,12,2,10,0,1,1,2,1,0
17280,5,4,11,4,7,3,1,0,2,2,0
17281,4,4,12,3,12,5,1,0,1,2,0
17282,7,4,9,2,10,0,1,1,4,2,0
17283,8,6,11,2,5,0,1,1,0,2,1
17284,3,4,14,4,4,4,1,0,2,2,0
17285,7,4,15,2,13,0,0,1,2,2,0
17286,3,4,15,4,10,3,1,1,0,2,0
17287,6,4,6,2,8,0,1,1,2,2,1
17288,5,4,11,4,12,3,1,1,3,2,0
17289,6,4,11,2,7,0,1,1,1,2,0
17290,4,5,9,2,12,0,1,1,2,2,0
17291,6,4,11,4,1,1,1,0,1,2,0
17292,5,4,7,6,1,4,1,0,2,2,0
17293,4,6,15,4,4,1,1,0,1,2,0
17294,9,0,0,4,0,1,1,0,2,2,0
17295,13,6,15,2,7,0,1,1,2,2,0
17296,11,4,9,2,4,0,1,1,3,2,1
17297,8,6,15,2,12,0,1,1,2,2,1
17298,11,5,11,2,14,0,1,1,2,2,1
17299,9,4,15,0,12,4,1,0,2,2,0
17300,9,4,8,6,13,4,1,1,1,2,0
17301,9,4,15,0,11,1,1,1,2,2,1
17302,6,6,11,0,4,4,1,1,2,2,0
17303,7,6,15,2,4,5,1,0,2,2,1
17304,11,4,2,2,6,0,1,1,3,2,0
17305,7,4,8,0,6,4,1,1,2,2,0
17306,6,2,11,2,11,0,1,1,1,2,0
17307,13,4,11,2,3,0,1,1,1,2,0
17308,7,4,11,2,14,0,1,1,2,2,0
17309,9,4,1,2,3,0,1,1,2,2,1
17310,11,4,12,2,10,0,1,1,2,2,1
17311,6,4,9,2,4,5,1,0,2,2,1
17312,5,4,11,2,8,0,0,1,2,2,0
17313,6,4,8,5,8,4,1,1,2,2,0
17314,3,6,9,5,10,1,1,0,4,2,0
17315,3,4,11,4,1,4,1,0,0,2,0
17316,5,4,11,2,3,0,1,1,2,2,1
17317,10,7,12,2,4,5,1,0,1,2,0
17318,6,4,11,2,12,0,1,1,2,2,1
17319,7,4,15,2,7,0,1,1,2,2,0
17320,8,1,11,0,1,2,1,1,0,2,0
17321,5,4,11,2,12,0,1,1,1,2,1
17322,9,4,5,2,6,0,1,1,2,2,0
17323,10,4,7,2,4,0,1,1,1,2,0
17324,10,4,15,2,1,5,1,0,2,2,0
17325,5,4,15,0,1,3,1,0,2,2,0
17326,12,4,11,2,14,5,1,0,1,2,0
17327,8,4,15,4,1,3,1,0,2,2,0
17328,7,7,15,0,13,1,1,0,2,2,0
17329,14,5,11,2,4,0,1,1,1,2,1
17330,7,0,8,5,0,1,1,1,2,1,0
17331,7,4,11,2,3,0,1,1,2,2,1
17332,5,1,11,4,10,3,1,0,2,2,0
17333,3,6,11,4,4,4,1,1,1,2,1
17334,6,4,9,0,12,1,1,1,1,4,0
17335,5,4,11,4,12,1,1,1,2,2,0
17336,8,6,11,6,4,1,1,1,2,2,0
17337,12,0,15,2,0,0,0,1,0,2,0
17338,10,4,0,2,3,0,1,1,0,2,0
17339,8,4,12,2,6,0,1,1,2,2,0
17340,10,4,11,0,8,4,0,0,2,2,0
17341,8,4,0,2,6,0,1,1,1,2,0
17342,7,4,11,2,5,0,1,1,1,2,0
17343,6,4,11,2,7,0,0,1,3,2,0
17344,5,2,11,4,4,3,1,1,2,2,0
17345,7,4,9,2,11,0,1,1,2,2,1
17346,8,4,9,0,12,1,1,1,2,2,0
17347,3,0,15,4,0,3,1,0,0,2,0
17348,7,4,9,2,3,0,1,1,3,2,0
17349,3,4,2,4,8,3,1,0,1,2,0
17350,5,4,9,4,14,1,1,1,2,2,0
17351,6,4,4,2,1,5,1,0,2,2,0
17352,4,4,6,4,14,3,1,1,2,2,0
17353,11,4,12,2,4,0,1,1,2,2,0
17354,4,5,15,4,4,1,1,1,2,2,1
17355,9,7,8,2,10,0,0,1,2,2,0
17356,4,2,9,4,10,1,1,0,2,2,0
17357,5,4,9,4,10,3,1,0,2,2,0
17358,6,4,4,2,8,0,1,1,2,2,0
17359,8,4,11,2,8,0,0,1,2,2,1
17360,6,4,14,2,10,0,1,1,2,2,0
17361,8,2,12,2,4,0,1,1,2,2,1
17362,6,4,8,2,5,0,1,1,3,2,0
17363,10,4,9,4,12,3,1,0,2,2,0
17364,8,1,9,2,1,3,1,0,2,2,0
17365,5,6,8,2,5,0,1,1,2,2,1
17366,6,4,5,2,8,0,0,1,1,2,0
17367,7,1,9,2,4,0,1,1,1,2,0
17368,9,4,15,0,1,1,1,0,2,1,0
17369,9,4,11,2,12,0,1,1,2,2,1
17370,5,4,11,0,14,1,1,0,1,2,0
17371,5,4,8,4,13,3,1,1,2,1,0
17372,6,4,9,4,1,1,0,0,1,0,0
17373,6,4,9,4,10,3,0,0,2,1,0
17374,3,4,11,4,3,1,0,1,0,2,0
17375,9,4,9,2,8,0,1,1,3,2,0
17376,5,4,9,4,12,3,1,0,1,2,0
17377,5,4,11,4,3,2,1,1,1,2,0
17378,6,4,11,0,14,1,1,1,2,2,0
17379,6,2,11,4,11,2,1,0,3,2,0
17380,11,4,8,0,8,1,1,0,2,2,0
17381,7,4,15,0,12,1,1,0,2,2,0
17382,11,4,10,2,10,5,0,0,2,2,1
17383,5,4,11,2,3,0,0,1,2,2,1
17384,5,4,1,4,7,1,1,0,2,2,0
17385,4,6,8,4,5,3,1,1,1,2,0
17386,13,1,12,2,4,5,1,0,2,2,0
17387,10,4,1,2,7,0,1,1,2,2,1
17388,10,4,11,2,5,0,1,1,2,2,0
17389,12,4,15,6,8,1,1,0,2,2,0
17390,7,4,9,2,12,0,1,1,2,2,0
17391,5,4,9,2,4,0,1,1,2,2,1
17392,8,4,10,6,10,1,1,1,2,2,0
17393,9,4,15,0,1,1,1,0,2,2,0
17394,12,4,11,2,12,0,0,1,2,2,1
17395,10,4,14,2,10,0,1,1,2,2,0
17396,6,6,11,2,3,0,1,1,2,2,0
17397,7,4,11,2,3,0,0,1,2,2,0
17398,7,2,11,0,14,1,0,1,2,2,1
17399,7,4,9,0,4,4,1,0,2,2,0
17400,3,7,9,4,10,3,1,0,1,2,0
17401,12,4,12,2,4,0,1,1,0,2,0
17402,6,4,11,2,5,0,1,1,2,2,0
17403,4,4,8,4,12,4,1,0,2,2,0
17404,9,2,11,2,3,0,1,1,2,2,1
17405,8,0,9,4,0,1,1,1,2,2,0
17406,4,4,11,4,8,4,1,0,2,2,0
17407,9,6,15,2,1,0,1,1,2,2,1
17408,8,4,15,4,8,3,0,1,2,2,0
17409,5,4,15,4,8,3,0,0,2,2,0
17410,4,4,9,4,10,1,1,0,1,2,0
17411,7,4,12,0,10,1,1,1,2,2,0
17412,8,6,2,0,8,1,1,1,2,2,0
17413,15,6,14,6,10,1,1,0,0,2,0
17414,7,6,9,4,10,2,1,0,4,2,0
17415,8,0,0,2,0,0,1,1,2,2,1
17416,7,4,11,0,6,1,1,1,2,2,0
17417,4,4,9,4,13,3,1,1,2,2,0
17418,7,1,8,2,10,0,1,1,2,2,1
17419,10,6,11,2,12,0,1,1,2,2,1
17420,7,6,12,5,10,4,1,0,2,2,0
17421,11,4,12,2,10,0,1,1,2,2,0
17422,14,4,9,2,10,0,1,1,1,1,1
17423,3,4,11,4,1,1,1,0,1,2,1
17424,4,0,15,4,0,1,1,1,1,2,0
17425,8,0,0,2,0,0,1,1,2,2,1
17426,11,6,8,2,1,0,1,1,0,2,0
17427,4,6,12,4,10,4,1,0,0,2,0
17428,8,4,15,4,14,1,1,1,2,2,0
17429,13,5,11,2,3,0,0,1,0,2,0
17430,8,4,8,2,5,0,1,1,2,2,0
17431,13,4,2,0,12,1,1,0,2,2,0
17432,8,5,11,2,3,0,1,1,2,2,0
17433,5,4,15,4,1,3,1,0,2,2,0
17434,6,4,11,2,6,0,1,1,2,2,0
17435,10,4,14,2,4,5,1,0,2,2,0
17436,9,4,15,0,6,4,1,0,2,2,0
17437,10,4,11,2,3,0,1,1,2,2,1
17438,4,4,11,4,1,3,1,0,1,2,0
17439,10,4,11,2,3,0,1,1,2,2,1
17440,8,7,14,0,4,4,1,0,2,2,0
17441,4,7,12,4,10,1,1,0,1,2,1
17442,7,4,11,2,12,0,1,1,2,2,1
17443,10,4,12,2,6,0,1,1,3,2,0
17444,5,4,11,2,12,0,1,1,2,2,1
17445,6,2,9,2,10,0,1,1,2,2,1
17446,4,4,11,4,8,3,1,0,1,2,0
17447,10,4,11,2,12,0,1,1,2,2,0
17448,10,4,11,6,1,4,1,0,2,2,0
17449,6,1,10,2,10,0,0,1,2,2,0
17450,4,4,0,0,7,1,1,0,1,2,1
17451,5,1,15,2,3,0,1,1,2,2,1
17452,7,7,14,2,10,0,1,1,2,1,1
17453,6,4,15,2,3,0,1,1,2,2,1
17454,11,4,11,2,6,0,1,1,1,2,0
17455,10,4,11,4,1,3,1,1,2,2,0
17456,6,1,9,3,1,1,1,0,2,2,0
17457,8,2,9,2,14,0,1,1,1,2,1
17458,13,4,11,6,3,4,0,1,2,4,0
17459,5,4,11,4,3,3,1,1,2,2,0
17460,18,4,15,4,1,1,1,0,1,2,0
17461,3,4,1,4,12,1,1,1,1,2,0
17462,4,4,11,4,8,3,0,1,2,0,0
17463,3,4,9,4,8,1,1,0,2,2,0
17464,5,6,12,2,5,0,1,1,2,2,0
17465,8,4,1,2,3,0,0,1,3,2,0
17466,9,4,0,2,5,0,1,1,2,2,0
17467,7,4,11,0,12,1,1,0,2,2,0
17468,12,6,11,2,5,0,1,1,2,2,1
17469,12,0,11,6,0,1,0,1,0,2,1
17470,3,4,9,4,13,3,1,1,1,2,1
17471,9,4,8,0,8,4,1,0,2,2,0
17472,4,4,7,4,3,2,1,1,1,2,1
17473,4,6,15,4,12,3,1,0,0,2,0
17474,6,4,4,0,3,1,1,1,2,2,0
17475,5,4,15,2,6,0,1,1,2,2,0
17476,12,4,10,4,7,1,1,1,2,2,0
17477,8,5,11,2,5,0,1,1,3,2,1
17478,8,4,9,2,4,0,0,1,3,2,0
17479,7,4,11,0,14,4,1,1,2,2,0
17480,15,4,9,2,10,0,0,1,3,2,1
17481,5,4,11,2,12,0,1,1,2,2,0
17482,11,4,11,2,6,0,1,1,0,2,1
17483,14,4,9,1,13,3,1,0,1,1,0
17484,8,4,9,2,13,0,1,1,1,2,1
17485,10,4,15,0,1,4,1,0,2,2,0
17486,10,4,4,2,8,0,1,1,2,2,1
17487,4,4,1,4,8,4,1,0,2,2,0
17488,7,2,15,2,14,0,1,1,2,2,0
17489,11,4,9,6,13,1,1,0,2,2,0
17490,12,4,9,0,14,4,1,1,1,2,0
17491,7,4,11,2,7,0,0,1,2,2,0
17492,7,4,11,2,1,5,1,0,2,2,1
17493,10,4,11,0,3,4,1,1,2,2,0
17494,4,2,11,5,8,4,1,0,0,2,1
17495,12,4,15,0,13,0,1,1,1,2,0
17496,4,2,12,4,10,3,1,0,1,2,0
17497,4,4,7,4,8,3,1,0,2,2,0
17498,7,4,11,2,3,0,1,1,2,2,1
17499,12,4,11,0,12,1,1,1,2,2,0
17500,8,2,11,2,14,0,1,1,2,2,1
17501,13,4,11,2,14,0,0,1,2,2,1
17502,14,4,11,2,12,0,1,1,2,2,0
17503,11,4,4,2,3,0,1,1,2,2,1
17504,8,4,1,6,8,1,0,1,2,0,0
17505,6,4,11,2,6,0,0,1,2,0,0
17506,7,4,11,2,8,0,0,1,2,2,0
17507,3,4,11,4,8,3,1,0,1,2,0
17508,11,7,7,2,8,5,1,0,1,2,1
17509,5,6,11,2,4,0,1,1,2,2,1
17510,5,4,0,0,7,1,0,0,2,2,0
17511,5,4,11,2,1,0,1,1,1,2,1
17512,6,4,7,5,1,4,1,0,1,2,0
17513,6,4,11,2,1,5,1,0,2,2,0
17514,6,4,9,2,13,0,1,1,2,2,1
17515,6,4,9,2,13,0,1,1,2,2,0
17516,6,4,11,0,8,2,1,0,1,2,0
17517,6,4,5,4,3,1,1,1,4,2,0
17518,6,6,11,0,3,4,1,1,2,2,0
17519,3,4,9,4,1,3,0,0,1,2,0
17520,3,4,9,4,12,3,0,1,2,2,0
17521,6,4,11,5,12,4,0,0,2,2,0
17522,9,4,7,2,4,0,1,1,2,2,0
17523,5,4,9,2,1,5,1,0,1,2,0
17524,11,4,11,5,8,4,1,0,2,2,0
17525,13,4,12,6,10,4,1,0,2,2,0
17526,4,4,2,4,11,3,1,1,1,2,0
17527,5,4,15,4,8,3,0,0,1,2,0
17528,8,4,11,2,3,0,1,1,2,2,1
17529,12,4,9,2,10,3,0,1,0,2,0
17530,8,4,9,2,12,0,0,1,3,2,1
17531,10,7,8,4,1,1,1,0,0,2,0
17532,3,6,11,4,14,3,1,1,1,2,1
17533,4,4,11,4,6,3,1,1,2,2,0
17534,4,4,1,4,8,3,1,1,1,2,0
17535,7,2,5,2,3,0,0,1,3,2,0
17536,8,4,2,2,8,0,1,1,3,2,1
17537,6,4,11,2,12,0,1,1,2,2,0
17538,7,4,0,2,3,0,1,1,2,2,1
17539,9,4,8,2,3,0,1,1,2,2,1
17540,7,4,8,2,1,5,1,0,2,2,1
17541,9,4,15,2,8,0,1,1,2,2,1
17542,6,4,11,2,12,5,1,0,2,2,1
17543,12,5,14,2,10,0,1,1,2,2,0
17544,7,4,14,2,10,5,1,0,2,2,1
17545,4,4,11,4,12,3,1,0,2,2,0
17546,9,4,15,2,12,0,1,1,3,2,1
17547,5,4,15,2,13,0,1,1,2,2,0
17548,8,6,11,2,5,0,1,1,1,2,0
17549,6,4,12,2,4,0,1,1,2,2,1
17550,11,4,15,2,4,0,1,1,2,2,0
17551,3,4,11,4,7,4,1,0,2,2,0
17552,6,4,15,5,8,4,1,0,2,2,0
17553,10,5,11,0,10,4,1,0,1,2,0
17554,11,1,15,2,1,0,1,1,2,2,0
17555,8,4,11,2,3,0,1,1,3,2,0
17556,7,4,11,4,7,3,1,1,2,2,0
17557,8,0,11,0,0,1,1,0,2,2,0
17558,3,2,12,4,10,1,0,0,0,2,1
17559,3,4,9,4,4,3,1,1,3,2,0
17560,7,0,0,4,0,3,1,1,2,2,0
17561,5,4,15,2,12,5,1,0,2,2,1
17562,13,4,15,6,1,1,1,1,1,2,0
17563,8,4,1,4,3,1,1,1,2,2,0
17564,5,1,15,3,1,1,1,0,2,2,0
17565,6,4,14,4,10,1,1,1,2,1,0
17566,6,4,15,5,1,4,0,0,2,0,0
17567,4,5,8,4,12,1,1,0,2,2,0
17568,9,4,11,2,7,0,0,1,2,2,1
17569,6,4,11,2,3,0,1,1,3,2,0
17570,7,4,14,4,4,1,1,0,3,2,0
17571,4,4,9,4,4,3,1,0,0,2,0
17572,4,0,12,4,6,1,1,1,0,2,0
17573,4,4,14,0,4,4,1,0,2,2,0
17574,10,4,15,2,1,0,1,1,2,2,1
17575,6,4,2,4,13,3,1,1,2,2,0
17576,5,4,9,4,4,1,1,1,2,2,1
17577,8,5,15,2,4,0,1,1,2,2,1
17578,6,4,7,5,12,4,1,0,1,2,0
17579,4,4,11,4,8,1,1,0,1,2,0
17580,13,4,11,2,12,0,0,1,2,2,0
17581,12,4,2,2,3,0,0,1,2,2,0
17582,8,6,11,4,4,1,1,0,2,2,0
17583,8,4,9,2,4,0,1,1,1,2,1
17584,8,4,11,2,14,0,1,1,4,2,1
17585,6,4,7,2,1,0,1,1,2,2,0
17586,6,4,11,2,3,0,1,1,2,2,1
17587,7,4,15,2,8,5,0,0,2,4,1
17588,10,1,14,2,10,0,0,1,2,0,0
17589,8,4,15,0,12,1,1,0,2,2,0
17590,4,4,11,4,12,1,1,0,1,2,0
17591,5,4,15,4,1,3,0,1,2,2,0
17592,5,4,5,5,3,1,1,1,2,2,0
17593,8,4,5,2,8,0,1,1,4,3,0
17594,10,2,11,2,8,0,1,1,2,2,1
17595,10,1,7,2,4,0,1,1,2,2,1
17596,10,4,15,0,5,1,1,1,3,2,0
17597,7,4,15,0,1,1,1,0,2,2,0
17598,4,0,15,4,0,2,1,0,1,2,0
17599,4,6,12,4,12,2,1,0,3,2,0
17600,12,1,11,0,1,1,1,0,2,2,0
17601,8,7,15,2,11,0,1,1,2,2,0
17602,8,7,9,2,10,0,0,1,1,2,0
17603,4,4,11,4,8,2,1,0,0,4,0
17604,5,4,11,4,7,3,1,1,2,2,0
17605,8,4,5,2,6,0,1,1,2,2,0
17606,4,4,15,4,6,1,1,1,2,2,0
17607,6,4,1,2,6,0,1,1,2,2,1
17608,13,6,9,2,14,0,1,1,1,4,1
17609,11,4,9,2,1,5,1,0,2,2,1
17610,6,4,9,4,12,1,1,1,2,2,0
17611,5,4,11,4,12,1,1,1,2,2,0
17612,3,4,15,4,4,3,1,1,1,2,0
17613,10,4,14,2,4,0,1,1,2,2,0
17614,8,4,11,2,14,0,1,1,2,2,0
17615,7,4,11,4,12,1,1,1,2,2,0
17616,12,4,11,2,5,0,1,1,2,2,1
17617,4,6,11,4,12,4,1,0,2,2,0
17618,9,5,11,2,3,0,1,1,2,2,1
17619,6,4,11,5,1,4,1,0,1,2,0
17620,5,4,14,0,10,4,1,0,2,2,0
17621,11,4,11,2,3,0,0,1,1,2,0
17622,4,4,11,4,6,3,1,1,2,2,0
17623,7,4,7,0,7,4,1,0,2,2,0
17624,4,4,11,4,7,1,1,1,2,2,0
17625,9,7,12,2,8,0,1,1,2,2,0
17626,6,4,9,2,12,0,0,1,2,2,1
17627,8,4,11,2,4,0,1,1,3,2,1
17628,13,4,11,0,4,1,0,1,1,2,1
17629,5,7,9,4,10,1,1,1,2,2,0
17630,7,4,15,2,4,0,1,1,2,2,1
17631,6,4,15,2,4,5,1,0,1,2,1
17632,6,4,0,2,3,0,1,1,2,2,1
17633,6,4,9,0,13,1,1,0,2,2,0
17634,5,1,1,2,3,0,1,1,2,2,1
17635,9,4,11,4,14,3,1,1,3,2,0
17636,7,4,9,0,1,4,1,0,1,2,0
17637,13,4,11,2,1,0,1,1,1,2,1
17638,3,4,7,4,3,3,1,0,3,2,0
17639,5,4,0,5,5,1,1,1,2,2,0
17640,9,4,15,0,13,1,1,0,2,2,0
17641,8,4,1,2,3,0,1,1,2,2,0
17642,8,4,1,0,8,4,1,0,1,2,0
17643,3,4,11,4,12,1,1,1,2,2,0
17644,6,4,15,2,7,0,1,1,2,2,1
17645,8,4,9,4,4,3,1,1,1,2,0
17646,7,4,9,2,12,0,1,1,2,2,0
17647,8,4,9,2,10,0,1,1,2,2,1
17648,12,2,9,4,11,3,1,1,2,2,0
17649,3,4,9,4,10,1,1,0,0,2,0
17650,3,2,11,4,1,1,0,1,0,2,0
17651,5,4,11,3,6,1,1,0,2,2,0
17652,10,6,15,0,4,1,0,1,1,2,0
17653,13,4,11,2,14,0,1,1,2,2,1
17654,12,4,9,0,13,4,1,1,2,2,0
17655,7,4,11,0,4,1,1,0,2,2,0
17656,6,4,11,2,12,0,1,1,3,2,1
17657,14,2,11,1,11,3,1,1,3,2,0
17658,12,4,15,4,1,3,1,0,2,2,0
17659,9,4,11,0,1,1,1,0,2,2,0
17660,4,4,15,4,7,3,1,1,2,2,0
17661,9,2,15,2,4,0,0,1,3,2,0
17662,6,4,9,2,10,5,1,0,2,2,0
17663,4,0,15,4,0,1,1,1,2,2,0
17664,9,4,11,2,3,0,1,1,2,2,1
17665,5,4,11,4,8,3,1,0,2,2,0
17666,4,2,15,4,1,3,1,0,0,2,0
17667,7,4,11,5,1,4,1,1,2,2,0
17668,9,4,8,2,3,0,1,1,2,2,0
17669,6,0,2,2,0,0,0,1,2,2,0
17670,8,5,13,0,2,1,0,1,2,2,0
17671,10,4,10,2,5,0,1,1,2,2,0
17672,10,4,15,4,12,3,1,1,1,2,0
17673,7,4,11,4,3,1,0,1,2,2,0
17674,12,4,1,2,6,0,1,1,1,2,0
17675,7,4,11,2,3,0,1,1,2,2,0
17676,9,4,14,2,10,0,1,1,2,2,1
17677,7,4,11,4,1,3,0,1,2,2,0
17678,4,4,0,4,8,3,0,0,2,2,0
17679,7,4,11,0,12,1,1,0,3,2,0
17680,7,2,12,2,10,0,1,1,1,2,1
17681,11,4,11,2,14,0,1,1,4,2,1
17682,8,4,9,4,13,3,1,0,2,2,0
17683,6,1,15,0,1,1,0,0,2,4,0
17684,9,4,11,0,1,1,1,0,2,2,0
17685,10,4,11,0,1,4,0,0,3,2,0
17686,9,4,7,2,1,0,0,1,3,2,1
17687,9,4,7,2,7,0,1,1,2,2,0
17688,4,6,11,4,7,1,1,1,2,2,0
17689,12,7,14,2,10,0,1,1,2,2,0
17690,12,4,9,2,12,0,0,1,2,2,0
17691,10,4,11,2,1,0,1,1,1,2,0
17692,5,4,6,0,7,1,1,1,2,2,0
17693,3,5,9,4,4,1,1,1,3,2,0
17694,5,2,8,2,10,0,1,1,2,2,0
17695,10,4,11,4,1,1,1,1,2,2,0
17696,4,5,8,4,4,3,1,0,0,2,0
17697,9,4,4,2,1,0,1,1,2,2,1
17698,6,4,15,0,1,1,1,0,2,2,0
17699,6,4,11,4,8,1,1,1,1,2,1
17700,8,4,15,2,3,0,0,1,2,2,0
17701,4,4,0,4,8,1,1,1,2,2,0
17702,4,4,1,2,8,0,1,1,2,2,0
17703,6,2,15,2,10,0,1,1,2,2,1
17704,7,4,15,4,8,1,1,1,2,2,1
17705,5,4,9,4,13,1,1,1,2,2,1
17706,3,4,11,4,12,1,1,0,1,2,0
17707,7,4,8,4,1,3,1,0,2,2,0
17708,5,2,9,4,4,3,1,1,1,2,0
17709,7,4,15,2,14,0,1,1,2,1,1
17710,9,1,15,2,1,0,1,1,2,2,0
17711,9,6,11,0,3,1,1,1,2,2,0
17712,6,4,12,2,5,0,1,1,2,2,1
17713,5,4,9,2,6,0,1,1,2,2,1
17714,14,0,11,2,0,0,0,1,1,2,0
17715,12,4,15,3,1,5,1,0,1,2,1
17716,7,4,7,0,14,1,1,1,2,2,0
17717,9,4,9,0,4,1,1,1,2,2,0
17718,8,4,8,2,4,0,1,1,1,1,0
17719,9,4,9,0,10,1,1,1,1,2,0
17720,13,4,6,2,7,0,1,1,1,2,0
17721,10,1,15,2,13,0,0,1,2,2,0
17722,12,6,9,2,10,0,1,1,2,2,0
17723,8,7,9,0,1,1,1,0,3,2,0
17724,6,4,15,0,3,1,1,1,2,2,1
17725,4,1,15,2,8,0,1,1,2,2,0
17726,7,4,11,4,3,3,1,1,2,2,0
17727,3,4,0,4,7,1,1,1,0,2,0
17728,4,0,9,4,0,3,1,0,2,2,0
17729,5,4,11,4,3,3,1,1,2,2,0
17730,10,4,8,0,1,1,1,0,2,2,0
17731,3,4,15,4,12,1,1,0,0,2,0
17732,10,4,15,2,13,0,1,1,2,2,0
17733,11,4,15,2,7,0,1,1,2,2,1
17734,8,4,12,0,10,4,0,0,2,2,0
17735,7,4,7,2,14,0,1,1,2,2,0
17736,4,4,9,4,12,3,1,0,1,2,0
17737,10,6,11,2,3,0,1,1,1,2,0
17738,9,2,15,2,4,0,1,1,1,2,1
17739,5,4,1,4,3,1,1,1,2,2,0
17740,7,4,1,2,12,0,1,1,2,2,0
17741,8,0,15,0,0,4,0,0,2,2,0
17742,5,4,11,4,1,1,0,0,2,2,0
17743,4,1,8,4,1,3,1,0,0,2,0
17744,10,1,11,0,1,1,0,0,2,2,0
17745,5,5,15,4,4,3,1,1,2,2,0
17746,6,4,15,4,1,1,0,0,1,0,0
17747,11,4,0,2,3,0,0,1,0,2,1
17748,5,1,9,4,10,3,1,0,2,2,0
17749,4,4,5,4,8,3,1,0,2,2,0
17750,8,4,11,2,14,0,1,1,2,2,1
17751,11,6,15,2,4,0,1,1,3,2,1
17752,9,4,15,5,3,4,1,1,2,2,0
17753,8,2,11,2,3,0,1,1,1,2,0
17754,5,4,15,5,1,4,0,0,2,2,0
17755,6,4,15,2,14,0,1,1,2,2,0
17756,7,4,11,4,7,1,1,0,2,2,0
17757,9,4,15,2,4,0,1,1,3,2,0
17758,12,4,12,4,10,3,1,1,2,2,0
17759,6,4,1,0,3,1,1,0,2,2,0
17760,6,4,11,2,3,0,1,1,2,2,1
17761,13,4,15,6,14,1,0,1,1,2,0
17762,5,4,5,4,10,3,1,0,2,2,0
17763,5,4,12,4,10,1,1,1,1,2,0
17764,7,4,15,4,1,3,1,0,2,4,0
17765,5,4,9,4,1,3,0,0,2,2,0
17766,9,4,12,2,10,0,1,1,2,2,0
17767,7,4,11,2,8,0,1,1,1,2,1
17768,8,6,7,2,3,0,1,1,2,2,0
17769,9,4,11,2,3,0,1,1,1,2,0
17770,5,4,11,3,3,2,1,1,2,2,0
17771,7,4,15,2,4,5,1,0,2,2,0
17772,8,4,11,2,12,5,1,0,2,2,0
17773,7,4,7,2,4,0,1,1,2,2,1
17774,5,4,11,4,7,1,1,1,1,2,0
17775,8,1,8,2,1,0,1,1,2,2,0
17776,4,6,15,4,4,3,1,1,1,2,0
17777,6,4,11,0,8,4,1,0,2,2,0
17778,6,4,15,0,8,1,1,1,2,2,1
17779,4,6,12,4,5,1,1,1,0,2,0
17780,6,4,11,4,1,3,0,0,2,2,0
17781,9,4,15,2,8,0,0,1,2,2,0
17782,4,4,9,4,4,1,1,0,1,2,0
17783,9,4,11,2,3,0,1,1,2,2,1
17784,4,4,11,4,12,1,1,1,2,2,0
17785,7,2,15,0,11,4,1,0,2,2,0
17786,8,5,9,4,13,1,1,1,1,2,0
17787,5,4,9,4,4,3,1,1,2,2,0
17788,3,4,8,4,10,1,0,0,1,2,0
17789,4,2,15,2,1,3,1,0,1,2,0
17790,7,4,11,2,14,0,1,1,2,2,0
17791,8,2,11,2,11,0,1,1,2,2,0
17792,6,4,12,2,10,0,1,1,2,2,1
17793,11,7,2,0,11,1,1,1,2,2,0
17794,4,4,15,4,4,1,0,1,1,2,0
17795,3,6,12,4,10,1,1,1,1,2,0
17796,10,4,11,2,14,3,1,1,2,2,0
17797,5,4,9,3,1,1,0,0,2,2,0
17798,4,4,6,4,7,1,1,1,2,2,0
17799,4,4,4,4,3,3,1,1,2,2,0
17800,5,4,9,2,12,0,1,1,1,2,1
17801,4,5,12,4,12,1,1,1,1,2,0
17802,7,4,11,4,6,3,1,1,3,2,1
17803,7,4,11,4,1,3,1,0,2,2,0
17804,11,4,11,4,12,1,1,0,2,2,0
17805,4,4,14,4,10,3,1,0,2,2,0
17806,7,4,11,4,7,3,1,1,2,2,0
17807,10,4,8,4,10,1,1,1,2,2,0
17808,7,4,11,2,3,0,0,1,1,4,1
17809,11,6,14,2,4,0,1,1,2,2,0
17810,10,5,11,2,4,0,1,1,2,2,0
17811,8,4,11,2,7,5,0,0,2,4,0
17812,3,4,11,4,1,1,1,0,2,2,0
17813,4,5,15,4,12,3,1,0,2,2,0
17814,9,6,11,2,5,0,1,1,2,2,1
17815,7,4,7,5,8,4,1,1,2,2,0
17816,13,4,15,6,3,4,1,1,1,2,0
17817,5,7,9,0,10,4,1,0,2,2,0
17818,5,4,11,4,12,3,1,1,2,2,0
17819,7,4,11,4,8,4,1,0,2,2,0
17820,6,4,0,2,7,0,0,1,2,2,1
17821,4,4,11,2,3,5,0,1,1,2,0
17822,5,4,11,2,8,5,1,0,2,2,0
17823,15,4,11,6,5,1,1,1,0,2,0
17824,5,1,9,4,4,1,1,1,2,2,0
17825,7,4,15,2,3,0,1,1,2,2,0
17826,5,4,9,4,4,3,1,0,2,2,0
17827,9,6,7,2,12,0,1,1,2,2,0
17828,10,6,15,2,7,0,1,1,2,2,1
17829,6,4,5,4,8,3,1,0,3,2,0
17830,10,4,11,4,3,1,1,1,0,2,0
17831,9,4,15,2,3,0,0,1,2,2,0
17832,11,6,15,2,12,0,1,1,2,2,1
17833,9,4,15,2,13,0,1,1,3,2,0
17834,6,4,11,4,14,3,1,1,2,2,0
17835,12,5,15,2,4,0,1,1,2,2,1
17836,11,4,11,0,12,4,1,1,2,2,0
17837,4,4,9,4,7,1,1,0,2,2,1
17838,6,4,11,4,3,1,1,1,2,2,0
17839,12,0,1,4,0,3,1,0,2,2,1
17840,5,4,15,0,3,4,1,1,2,2,0
17841,7,4,9,2,10,0,1,1,2,2,0
17842,8,6,11,2,5,0,1,1,2,2,1
17843,6,4,15,2,12,5,1,0,2,2,1
17844,7,4,8,2,1,0,1,1,2,2,1
17845,6,4,12,5,8,4,0,0,3,2,1
17846,7,4,4,2,1,5,1,0,2,2,0
17847,7,4,11,4,3,2,0,1,1,2,0
17848,4,4,4,4,3,1,1,1,2,2,0
17849,9,4,15,0,8,4,0,0,2,2,0
17850,11,4,11,2,3,0,1,1,1,1,1
17851,4,6,8,4,3,3,1,1,3,2,0
17852,3,4,15,4,8,3,1,0,1,2,0
17853,10,5,12,0,4,1,1,0,2,2,1
17854,4,4,7,4,3,2,1,1,2,2,0
17855,12,4,11,2,3,0,1,1,2,2,0
17856,13,4,11,6,1,1,1,0,0,2,0
17857,7,4,9,0,3,4,1,1,2,2,0
17858,6,4,8,0,1,1,1,0,2,2,0
17859,3,2,11,4,4,1,1,0,3,4,0
17860,9,4,15,2,3,0,0,1,1,2,1
17861,5,5,9,6,10,1,1,0,2,2,0
17862,12,5,11,0,4,1,1,1,2,2,1
17863,3,4,15,4,12,1,1,0,2,2,0
17864,9,6,11,0,12,1,1,0,2,2,1
17865,10,4,11,2,3,0,1,1,1,2,0
17866,10,4,11,2,14,0,1,1,2,2,1
17867,5,7,15,4,8,1,1,0,2,2,0
17868,8,4,0,0,14,1,1,1,2,2,0
17869,7,4,9,2,8,0,1,1,2,2,0
17870,11,4,12,0,12,1,1,0,2,2,0
17871,8,4,11,2,4,0,1,1,1,2,0
17872,5,4,9,4,4,3,1,1,2,2,0
17873,12,4,15,2,6,0,1,1,1,2,0
17874,8,6,11,2,1,0,1,1,3,2,0
17875,9,4,11,0,8,1,1,0,1,2,0
17876,5,4,10,4,12,1,1,1,2,2,0
17877,10,4,11,2,12,0,1,1,2,2,1
17878,7,4,15,2,8,0,0,1,2,0,1
17879,3,4,12,4,10,3,1,0,2,2,0
17880,8,4,15,4,1,1,1,0,2,2,0
17881,3,4,11,2,7,0,1,1,1,2,1
17882,5,7,10,4,10,2,1,0,0,2,0
17883,6,5,15,4,12,1,0,0,3,2,0
17884,8,4,11,0,7,4,0,0,2,2,0
17885,4,4,8,4,12,2,1,1,1,2,0
17886,9,4,11,2,3,0,1,1,2,2,1
17887,9,4,14,0,10,4,1,0,2,2,0
17888,7,6,6,0,8,1,1,1,1,2,0
17889,8,4,11,2,13,0,1,1,1,2,0
17890,9,4,15,2,1,0,1,1,1,2,0
17891,7,4,15,2,6,0,1,1,2,2,1
17892,5,4,11,4,7,3,1,1,2,2,0
17893,5,4,8,4,1,1,1,1,2,2,0
17894,5,2,15,4,1,1,0,0,2,0,0
17895,5,1,11,3,7,3,1,0,2,2,0
17896,13,6,9,6,3,1,1,1,2,2,0
17897,7,4,11,2,14,0,1,1,2,2,0
17898,5,4,9,4,4,3,0,0,2,2,0
17899,10,4,9,0,1,4,0,1,0,0,0
17900,5,4,15,2,8,0,1,1,2,2,1
17901,8,6,11,2,5,0,1,1,1,2,0
17902,13,4,15,6,3,4,1,1,0,2,0
17903,12,4,15,5,4,1,1,0,4,2,0
17904,9,4,1,2,3,0,1,1,1,2,0
17905,8,4,11,0,10,1,1,0,2,2,0
17906,4,4,6,2,7,0,1,1,2,2,1
17907,9,2,10,2,10,0,1,1,3,2,1
17908,12,4,1,2,8,0,0,1,2,2,1
17909,4,4,12,4,10,3,1,1,3,2,0
17910,14,4,9,1,1,3,1,1,2,2,0
17911,9,4,9,2,12,0,1,1,2,2,0
17912,5,5,12,2,10,5,0,0,2,2,1
17913,7,4,11,4,8,3,0,1,2,2,0
17914,6,4,15,2,7,0,1,1,2,2,1
17915,6,4,11,2,3,0,1,1,2,2,0
17916,4,4,12,0,10,1,1,0,0,2,0
17917,13,5,9,4,4,1,1,0,2,2,0
17918,4,4,11,4,8,1,1,0,2,2,0
17919,5,4,15,5,14,4,1,0,1,2,0
17920,11,5,15,2,11,0,1,1,2,2,1
17921,3,2,9,4,11,3,0,1,1,2,0
17922,13,4,9,6,8,3,1,1,0,2,0
17923,10,4,15,2,12,0,1,1,0,2,0
17924,5,2,15,4,1,3,1,1,0,2,0
17925,10,4,11,2,8,5,1,0,2,2,0
17926,7,4,9,4,10,3,1,1,2,2,0
17927,6,4,15,4,4,3,1,1,2,2,0
17928,5,4,12,2,4,0,1,1,2,2,0
17929,9,4,9,2,4,0,1,1,1,2,0
17930,6,2,11,2,8,0,1,1,2,2,0
17931,4,4,9,4,10,3,1,0,2,2,1
17932,10,4,10,0,10,4,0,0,2,2,0
17933,3,7,8,4,2,3,0,0,1,2,0
17934,4,7,14,4,10,3,1,1,2,2,0
17935,8,4,11,2,12,0,1,1,2,2,1
17936,8,4,15,2,8,0,0,1,2,4,0
17937,7,4,11,2,12,0,1,1,1,2,1
17938,7,4,11,0,8,4,1,0,2,2,0
17939,9,4,12,2,4,0,0,1,2,4,1
17940,5,5,11,2,8,5,0,0,2,2,0
17941,11,4,1,2,7,0,1,1,2,2,0
17942,9,4,11,4,1,1,1,0,1,2,0
17943,8,4,8,0,1,4,1,0,2,2,0
17944,6,2,14,4,10,3,1,1,3,2,0
17945,12,1,9,2,4,0,1,1,2,2,0
17946,10,6,9,0,10,1,1,1,2,2,0
17947,10,4,12,2,4,0,1,1,2,2,0
17948,7,4,1,2,14,0,0,1,2,2,0
17949,10,1,11,2,1,5,0,0,1,2,1
17950,13,6,9,2,10,2,1,1,0,2,0
17951,12,4,0,4,1,4,1,0,2,2,0
17952,6,4,6,3,12,1,1,1,2,2,0
17953,10,2,15,2,10,3,1,0,2,2,0
17954,4,6,11,4,12,1,1,0,2,2,0
17955,13,4,11,2,8,0,1,1,2,2,0
17956,14,2,0,2,8,0,1,1,1,3,1
17957,10,4,15,2,3,0,1,1,1,2,0
17958,9,6,11,2,3,0,1,1,2,1,1
17959,11,7,12,2,10,0,1,1,2,2,1
17960,7,6,12,2,4,0,1,1,2,2,0
17961,6,4,1,2,14,0,1,1,2,2,0
17962,11,4,9,2,12,0,1,1,2,2,1
17963,5,4,9,4,4,3,1,0,2,2,1
17964,8,2,9,2,11,0,0,1,2,2,0
17965,6,0,0,2,0,0,1,1,2,2,1
17966,8,4,5,2,6,0,1,1,1,2,0
17967,7,4,11,0,7,4,1,1,2,2,0
17968,7,5,15,5,5,2,1,1,2,2,0
17969,7,6,8,2,3,0,1,1,2,1,1
17970,7,0,5,5,0,2,1,1,2,2,0
17971,3,4,15,4,4,3,1,1,2,2,0
17972,4,4,9,0,4,1,1,0,0,2,0
17973,10,4,11,2,14,0,1,1,1,2,1
17974,7,4,9,2,4,0,1,1,3,2,1
17975,5,4,11,2,7,0,1,1,1,2,0
17976,11,4,11,2,3,0,1,1,2,2,0
17977,7,4,8,0,12,4,1,0,2,2,0
17978,4,4,7,4,3,4,1,1,2,2,0
17979,8,4,11,0,1,4,0,0,2,2,0
17980,8,4,11,2,3,0,1,1,2,2,1
17981,7,4,15,4,1,3,1,1,2,2,0
17982,13,4,1,6,8,4,0,0,0,2,0
17983,10,4,7,2,8,0,1,1,2,2,1
17984,10,4,8,2,6,0,1,1,2,2,1
17985,10,4,11,2,3,0,0,1,2,2,0
17986,6,4,11,4,8,1,0,0,2,2,0
17987,10,4,11,6,5,4,1,1,0,2,0
17988,6,4,9,2,4,0,1,1,2,2,0
17989,11,2,8,4,10,3,1,1,2,2,0
17990,5,4,15,2,4,0,0,1,3,2,1
17991,5,1,9,2,4,0,1,1,3,2,0
17992,8,4,11,0,1,4,0,0,2,2,0
17993,7,6,15,2,5,0,1,1,2,2,1
17994,4,4,9,4,4,2,1,1,1,2,1
17995,14,4,2,2,5,0,1,1,2,2,0
17996,9,4,11,0,14,4,1,1,2,2,0
17997,3,4,14,4,10,1,1,0,0,2,0
17998,14,4,15,2,8,0,0,1,1,2,0
17999,7,4,9,2,4,0,1,1,2,2,1
18000,8,6,11,4,12,3,1,0,2,2,0
18001,5,2,15,0,1,4,1,0,2,2,0
18002,6,4,7,2,3,5,1,0,2,2,1
18003,4,7,11,4,1,3,0,0,2,2,0
18004,6,1,9,5,10,4,1,0,2,2,0
18005,5,0,10,2,0,5,1,0,2,2,0
18006,12,7,9,2,10,0,1,1,1,2,0
18007,5,4,4,4,6,1,0,1,1,0,1
18008,4,4,9,4,4,1,1,1,1,2,0
18009,5,4,11,4,3,1,1,1,2,2,0
18010,5,4,11,2,14,0,1,1,2,2,1
18011,10,4,1,6,7,4,1,1,2,2,0
18012,5,4,8,4,1,3,1,0,2,2,0
18013,9,5,8,5,12,1,1,0,2,2,0
18014,5,4,9,0,1,4,1,0,2,2,0
18015,5,4,11,4,7,1,1,0,2,2,0
18016,6,4,11,4,12,3,0,0,3,2,0
18017,8,4,9,2,4,0,0,1,2,2,0
18018,10,2,10,4,4,3,1,0,2,2,0
18019,5,4,15,6,8,4,1,0,2,2,0
18020,9,4,15,0,12,4,1,0,1,2,0
18021,7,0,11,0,0,1,1,0,2,2,0
18022,7,2,7,0,10,4,1,0,2,2,0
18023,4,4,12,4,10,1,1,1,1,2,0
18024,7,4,15,2,10,0,1,1,2,2,0
18025,8,7,11,2,11,0,1,1,2,2,0
18026,3,4,12,4,5,1,1,1,1,2,0
18027,5,4,11,4,12,2,1,1,2,2,0
18028,3,4,12,2,10,5,1,0,1,2,0
18029,12,4,11,2,13,0,1,1,2,2,1
18030,9,4,9,2,10,0,1,1,1,2,0
18031,3,4,11,4,8,3,1,0,1,2,0
18032,8,4,0,0,3,1,0,1,1,2,0
18033,8,4,1,2,14,0,1,1,2,2,0
18034,11,7,9,2,11,0,1,1,2,2,0
18035,10,4,9,4,8,1,0,1,1,2,1
18036,3,4,11,4,3,1,1,1,2,2,0
18037,5,4,11,2,3,0,1,1,2,2,1
18038,6,7,9,4,10,2,1,0,2,2,0
18039,3,7,9,4,4,4,1,0,1,2,0
18040,7,4,15,2,7,0,1,1,2,2,0
18041,11,2,9,0,1,1,1,0,2,2,0
18042,11,4,15,6,1,1,1,0,2,2,0
18043,4,4,11,4,8,1,0,0,1,0,0
18044,6,2,2,4,11,3,1,1,2,2,0
18045,9,4,15,0,1,4,0,0,2,0,0
18046,4,4,11,4,12,3,1,1,2,2,0
18047,10,4,9,2,4,0,1,1,2,2,1
18048,14,4,11,3,8,4,1,0,2,2,0
18049,9,7,9,0,1,1,1,0,2,2,0
18050,4,4,15,4,12,2,1,0,1,2,0
18051,12,4,11,2,4,0,1,1,2,2,0
18052,7,7,15,2,4,0,1,1,2,1,0
18053,14,4,2,2,5,0,1,1,3,2,0
18054,8,4,11,5,11,1,1,1,2,2,0
18055,4,4,15,4,4,1,0,0,1,2,0
18056,6,4,11,2,7,0,1,1,2,2,1
18057,9,4,11,4,13,1,1,1,2,3,0
18058,13,4,4,2,8,0,0,1,0,0,1
18059,6,2,10,2,10,0,1,1,1,2,0
18060,6,0,12,5,0,4,1,1,2,2,0
18061,4,4,11,4,1,3,1,0,1,2,0
18062,8,4,15,2,12,0,1,1,2,2,1
18063,7,4,8,2,13,0,1,1,2,2,0
18064,6,4,11,4,8,1,0,1,2,2,0
18065,4,4,11,4,7,3,1,0,2,2,0
18066,4,4,11,4,8,3,0,0,2,2,0
18067,3,4,9,4,4,1,1,1,1,2,0
18068,8,4,12,2,12,0,1,1,2,2,1
18069,4,4,9,4,4,2,1,0,2,4,0
18070,6,4,11,2,3,0,1,1,2,2,0
18071,7,1,12,4,10,1,1,1,2,2,0
18072,9,6,14,5,10,2,1,0,2,2,0
18073,4,6,15,4,1,3,1,0,2,1,0
18074,4,7,11,4,8,3,1,0,2,2,0
18075,10,6,12,0,10,1,1,1,2,2,0
18076,11,4,11,4,8,1,1,1,2,2,1
18077,6,6,11,4,8,1,1,0,2,2,0
18078,8,6,11,0,12,1,1,0,2,2,0
18079,10,4,0,2,14,0,1,1,2,2,1
18080,5,4,15,4,13,1,1,0,1,2,0
18081,10,7,12,2,10,0,1,1,2,2,1
18082,7,4,11,0,7,1,0,1,2,2,0
18083,5,4,15,4,8,4,0,0,2,2,0
18084,8,4,5,4,3,3,1,1,2,2,0
18085,11,4,11,2,14,0,1,1,2,2,0
18086,6,7,11,5,1,4,0,0,2,2,0
18087,13,5,12,2,4,0,1,1,2,2,1
18088,7,4,11,2,4,3,0,1,2,2,0
18089,7,4,15,2,10,0,0,1,2,2,1
18090,3,2,11,4,3,1,1,1,1,2,0
18091,6,4,11,2,1,0,1,1,2,2,0
18092,6,4,7,2,8,5,1,0,2,4,1
18093,9,4,11,0,8,1,1,0,2,2,0
18094,4,4,11,4,3,3,0,1,1,2,0
18095,5,4,11,4,8,3,1,0,2,2,0
18096,6,4,11,0,7,4,1,0,1,2,0
18097,5,4,11,4,3,3,1,1,2,2,0
18098,11,4,11,2,14,0,1,1,2,2,1
18099,9,4,9,2,1,5,1,0,2,1,0
18100,7,4,9,0,8,1,1,1,2,1,0
18101,3,4,15,4,8,1,1,0,2,2,0
18102,5,4,11,4,8,3,1,1,2,2,0
18103,10,0,2,0,0,1,1,1,2,2,0
18104,4,7,15,4,1,3,1,1,1,2,0
18105,14,4,11,2,8,0,1,1,1,2,1
18106,11,4,11,2,14,0,1,1,2,2,0
18107,6,4,15,2,5,0,1,1,2,2,0
18108,9,4,10,0,4,1,1,1,2,2,0
18109,10,7,9,2,4,0,1,1,2,2,0
18110,5,5,15,3,12,5,1,0,3,2,0
18111,15,7,9,2,4,0,1,1,0,2,0
18112,10,4,9,0,12,1,1,0,2,2,0
18113,9,4,11,5,14,4,1,0,3,2,0
18114,9,1,10,2,10,5,1,0,2,2,0
18115,13,4,1,6,8,4,0,0,2,2,0
18116,8,4,0,2,5,0,1,1,2,2,1
18117,7,7,2,4,13,3,1,1,2,2,0
18118,5,4,9,4,8,1,1,0,2,2,0
18119,7,4,11,4,1,3,1,1,2,2,0
18120,11,4,1,0,3,1,1,1,3,2,0
18121,5,4,11,2,3,0,1,1,2,2,0
18122,7,4,11,2,8,0,0,1,1,2,0
18123,3,0,15,4,0,3,1,0,4,2,0
18124,6,4,8,2,8,5,1,0,1,2,1
18125,7,1,11,4,7,3,1,1,2,2,0
18126,4,4,15,4,1,1,1,0,1,2,0
18127,4,6,11,4,8,1,1,0,1,2,0
18128,4,4,8,2,4,0,1,1,1,2,1
18129,6,0,1,0,0,4,1,0,2,2,0
18130,6,4,6,2,7,0,1,1,2,2,1
18131,4,0,0,4,0,1,1,0,1,2,0
18132,9,4,15,0,8,1,1,0,2,2,0
18133,5,4,2,4,12,1,1,0,2,2,1
18134,8,4,1,2,3,0,1,1,2,2,1
18135,9,7,15,2,4,0,0,1,2,2,0
18136,9,7,11,0,8,4,1,0,2,2,0
18137,7,6,9,2,10,0,1,1,2,2,1
18138,11,4,15,4,10,1,1,1,2,2,0
18139,5,4,11,4,3,3,0,1,2,0,0
18140,5,4,11,4,3,3,1,1,2,2,0
18141,6,0,13,0,0,1,0,1,4,2,0
18142,11,6,15,2,4,0,1,1,4,2,0
18143,11,4,14,2,10,0,1,1,2,2,0
18144,5,4,12,2,10,0,1,1,2,2,1
18145,8,4,0,2,3,0,1,1,2,2,0
18146,3,4,9,4,10,3,1,1,4,2,0
18147,6,5,11,4,12,2,1,1,2,2,0
18148,11,4,11,2,10,0,1,1,1,2,0
18149,6,4,15,0,1,4,1,0,2,2,0
18150,3,4,8,4,13,1,1,0,1,2,0
18151,9,4,11,0,3,1,1,1,2,2,0
18152,4,4,11,4,7,1,1,1,2,2,0
18153,8,4,9,2,12,0,1,1,2,2,1
18154,5,4,8,2,13,0,1,1,2,2,0
18155,9,4,11,2,13,0,0,1,2,0,0
18156,4,4,15,2,6,0,1,1,2,2,0
18157,5,4,15,4,1,3,0,0,1,2,0
18158,8,0,11,4,0,4,0,0,2,2,0
18159,7,4,12,0,10,1,1,0,2,2,0
18160,5,4,11,4,12,1,0,1,2,2,0
18161,5,2,11,4,8,1,1,0,2,2,0
18162,12,4,9,0,8,4,1,0,2,2,0
18163,5,4,15,4,1,1,0,0,3,2,0
18164,4,4,7,4,1,1,1,0,2,2,1
18165,10,5,11,0,4,4,1,0,1,2,0
18166,9,4,11,2,4,0,1,1,1,2,1
18167,5,0,11,2,0,0,0,1,2,2,1
18168,10,4,15,0,1,4,1,0,2,2,0
18169,3,4,11,4,8,1,1,1,2,2,1
18170,5,4,7,4,1,3,1,1,2,2,0
18171,9,4,0,0,8,4,0,0,2,2,0
18172,8,4,15,2,3,3,1,1,2,2,0
18173,7,4,11,2,6,0,1,1,1,2,1
18174,8,4,11,6,7,1,1,0,2,2,0
18175,11,4,15,0,10,4,0,0,2,2,0
18176,7,4,15,4,12,1,1,1,2,2,0
18177,5,4,11,2,6,0,1,1,1,2,1
18178,9,4,4,0,6,1,1,0,2,2,1
18179,10,4,11,0,8,1,1,0,2,2,0
18180,4,4,9,2,10,0,1,1,2,2,0
18181,5,4,11,4,1,1,1,0,2,3,0
18182,12,4,11,6,5,1,1,1,0,2,0
18183,12,6,15,2,5,0,1,1,1,2,1
18184,9,4,9,2,4,0,1,1,2,2,0
18185,4,4,8,4,10,2,1,0,2,2,0
18186,10,4,9,2,4,0,0,1,2,2,1
18187,3,2,12,4,10,1,1,1,1,2,0
18188,12,4,15,6,3,1,1,1,0,2,1
18189,6,8,11,2,13,0,1,1,2,2,0
18190,10,4,11,2,3,0,0,1,2,2,0
18191,8,0,2,2,0,0,1,1,2,2,0
18192,9,6,15,4,4,1,0,0,2,2,0
18193,4,6,15,4,5,3,1,0,2,4,0
18194,12,4,2,6,11,4,1,0,2,2,0
18195,8,4,6,2,3,0,1,1,2,2,0
18196,4,1,15,4,1,1,1,0,2,2,0
18197,9,4,9,2,12,0,1,1,2,2,0
18198,6,2,1,2,11,5,1,0,2,2,1
18199,4,2,9,4,10,1,1,1,2,2,0
18200,4,4,15,4,12,1,1,0,1,2,1
18201,6,1,11,2,1,2,1,0,1,2,0
18202,6,7,11,4,4,1,1,0,2,2,0
18203,6,4,11,5,12,2,1,0,2,2,0
18204,9,2,7,4,14,3,1,1,2,2,0
18205,4,0,9,4,0,1,1,0,2,1,0
18206,3,4,11,4,12,1,1,1,0,2,0
18207,6,4,9,4,4,5,1,0,2,2,0
18208,10,4,9,2,10,0,0,1,2,2,1
18209,8,5,15,0,12,4,1,0,2,2,0
18210,9,4,7,2,10,0,1,1,2,2,0
18211,9,4,11,2,7,0,1,1,2,2,0
18212,6,4,11,4,6,4,1,1,2,2,0
18213,9,4,0,2,8,0,1,1,2,2,0
18214,3,5,9,4,4,1,1,1,2,2,0
18215,9,4,11,2,7,0,1,1,2,2,1
18216,10,4,9,2,12,0,1,1,2,2,1
18217,7,6,11,2,12,0,0,1,2,2,1
18218,12,4,7,2,14,0,0,1,1,0,0
18219,3,4,11,4,12,3,1,0,0,2,0
18220,6,4,12,4,4,1,1,1,2,2,0
18221,6,6,9,2,4,0,1,1,2,2,1
18222,8,4,11,2,6,0,1,1,1,2,0
18223,10,4,11,2,1,0,0,1,2,2,1
18224,4,4,12,4,10,1,1,1,2,4,0
18225,7,4,11,2,12,0,1,1,2,2,1
18226,5,1,9,4,13,3,1,1,2,2,0
18227,8,0,2,0,0,4,1,1,2,2,0
18228,12,4,9,2,10,0,1,1,2,2,0
18229,4,4,15,4,8,1,1,0,1,2,0
18230,6,4,14,0,10,1,1,0,2,2,0
18231,9,4,11,2,4,0,1,1,1,2,1
18232,11,4,2,2,7,0,1,1,1,2,1
18233,18,4,9,2,1,0,1,1,1,2,0
18234,15,4,9,4,10,1,1,0,0,2,0
18235,4,4,15,4,12,3,1,0,2,2,0
18236,10,4,15,2,3,3,1,0,2,2,0
18237,7,4,15,4,13,1,1,1,2,2,0
18238,4,4,9,4,12,3,1,1,1,2,0
18239,6,4,11,2,3,0,1,1,2,2,0
18240,7,4,15,2,1,0,1,1,2,2,1
18241,4,7,11,3,1,5,1,0,2,2,0
18242,7,4,11,4,3,1,1,1,2,2,0
18243,6,4,11,2,14,0,1,1,3,2,1
18244,6,5,11,4,11,3,0,1,2,2,0
18245,7,4,8,0,8,4,0,1,2,2,0
18246,10,4,9,2,12,3,1,1,2,2,0
18247,5,6,15,2,5,0,1,1,2,2,1
18248,10,6,2,2,5,0,1,1,2,4,0
18249,5,4,9,2,4,0,1,1,1,2,0
18250,7,4,1,2,11,0,1,1,2,2,0
18251,6,4,11,2,6,0,1,1,2,2,0
18252,6,4,7,2,12,0,1,1,2,2,0
18253,10,4,11,2,3,0,1,1,2,2,1
18254,12,4,12,2,4,0,1,1,2,2,1
18255,6,4,9,4,6,4,1,1,2,2,0
18256,11,4,15,2,12,0,1,1,2,2,1
18257,5,4,6,2,14,0,1,1,2,2,0
18258,6,4,6,2,12,0,1,1,2,2,0
18259,12,4,11,6,8,1,1,1,2,2,0
18260,4,7,11,4,8,1,1,0,1,2,0
18261,3,5,15,4,3,3,1,1,0,2,0
18262,11,4,11,0,12,0,1,1,2,2,1
18263,5,4,15,4,12,1,1,1,2,2,0
18264,6,4,11,5,8,4,1,0,2,2,0
18265,5,4,12,4,4,3,1,0,1,2,0
18266,5,4,15,4,3,1,1,1,2,2,0
18267,6,4,11,4,8,2,1,1,2,2,0
18268,11,4,11,2,7,5,1,0,2,2,1
18269,6,4,9,2,11,0,0,1,1,2,1
18270,9,4,15,2,3,0,1,1,2,2,1
18271,6,4,11,4,1,3,1,0,1,3,0
18272,3,4,15,4,10,3,1,1,2,2,0
18273,7,4,15,0,14,4,1,1,2,2,0
18274,8,4,14,2,10,0,0,1,2,2,0
18275,7,4,9,4,10,3,1,0,2,2,0
18276,4,4,11,4,1,4,1,0,2,2,0
18277,9,4,15,2,1,0,1,1,2,2,1
18278,4,5,12,4,10,3,1,1,2,2,0
18279,18,4,9,2,14,0,1,1,1,2,1
18280,3,4,6,4,12,3,0,0,0,2,0
18281,9,0,0,0,0,1,1,0,3,2,0
18282,7,4,9,2,4,0,1,1,2,4,1
18283,8,2,15,2,1,5,1,0,1,2,0
18284,10,4,9,2,14,0,1,1,2,2,1
18285,5,2,9,2,10,0,1,1,2,2,0
18286,6,4,0,2,14,0,1,1,2,2,0
18287,6,4,11,0,4,1,1,1,1,2,0
18288,8,4,11,2,8,0,1,1,2,2,0
18289,10,6,11,2,3,0,1,1,2,2,1
18290,8,0,12,2,0,0,1,1,2,2,1
18291,5,4,11,4,4,3,1,1,2,2,0
18292,10,4,11,5,7,4,1,0,2,4,0
18293,7,4,4,2,1,3,1,1,4,2,0
18294,13,0,1,2,0,0,1,1,2,2,0
18295,5,4,11,4,1,4,1,0,2,2,0
18296,6,2,11,4,10,1,1,1,2,2,0
18297,7,6,9,2,12,0,1,1,1,2,0
18298,5,4,9,4,12,4,1,0,2,2,0
18299,10,4,1,4,12,1,1,1,2,2,0
18300,10,4,15,2,4,5,1,0,3,2,0
18301,10,4,15,0,12,0,1,1,2,2,1
18302,8,4,11,2,6,0,1,1,2,2,1
18303,6,6,9,4,12,3,1,1,1,2,0
18304,5,4,11,2,14,0,1,1,2,2,1
18305,4,2,15,4,8,1,1,1,2,2,1
18306,4,4,9,4,12,3,0,0,1,0,0
18307,9,2,2,2,11,0,1,1,2,2,0
18308,15,4,11,0,1,4,1,0,3,2,0
18309,7,4,0,2,7,0,1,1,2,2,1
18310,9,6,15,2,7,0,1,1,2,0,0
18311,7,4,15,2,7,0,1,1,2,2,1
18312,10,6,7,0,12,1,1,0,1,2,0
18313,5,4,12,0,4,1,1,0,2,2,0
18314,10,1,15,0,1,4,1,0,2,2,0
18315,16,4,15,4,13,3,1,1,1,2,0
18316,5,6,7,4,4,3,1,0,2,2,0
18317,7,4,5,4,9,1,1,0,2,2,0
18318,5,2,11,4,11,1,0,1,2,2,0
18319,8,4,8,2,10,0,1,1,2,2,1
18320,7,4,9,2,13,0,1,1,2,2,0
18321,9,4,11,2,4,0,1,1,2,2,1
18322,5,4,9,4,10,3,1,0,3,2,0
18323,8,5,12,0,4,1,1,1,2,2,0
18324,4,4,11,4,10,3,1,0,1,2,0
18325,8,4,11,4,1,1,1,0,1,2,0
18326,5,0,15,4,0,1,1,0,1,2,1
18327,11,4,11,2,1,5,1,0,2,2,0
18328,8,2,15,2,11,0,1,1,2,2,0
18329,6,4,11,2,12,0,1,1,2,2,1
18330,10,2,1,2,3,0,1,1,2,2,1
18331,5,4,11,2,12,0,1,1,1,2,0
18332,9,4,11,4,1,3,1,0,2,2,0
18333,9,4,7,0,1,1,1,0,3,2,0
18334,4,4,11,4,14,3,1,1,1,2,0
18335,12,4,9,0,12,1,0,0,4,2,0
18336,3,0,15,4,0,1,1,0,0,2,0
18337,3,4,11,4,1,3,1,0,1,2,0
18338,4,4,11,4,6,3,1,1,2,2,0
18339,5,4,11,4,14,3,1,0,1,2,0
18340,11,4,15,2,12,0,0,1,2,2,0
18341,4,4,9,4,4,3,1,1,0,2,0
18342,12,6,11,2,3,0,1,1,1,2,0
18343,6,6,8,2,5,0,1,1,2,2,0
18344,6,2,15,2,11,0,1,1,2,2,1
18345,4,4,11,4,7,3,1,1,2,2,0
18346,4,4,9,4,4,1,1,1,2,2,0
18347,6,4,4,2,3,0,1,1,2,1,0
18348,10,4,7,2,12,0,1,1,2,2,1
18349,12,4,11,2,14,0,0,1,2,2,0
18350,4,4,0,4,1,1,1,1,2,2,1
18351,12,4,11,5,3,1,1,1,2,2,0
18352,6,4,9,2,4,0,1,1,2,2,0
18353,8,4,11,2,8,0,1,1,1,2,0
18354,8,4,11,2,8,0,1,1,1,2,1
18355,3,5,9,4,4,2,1,0,0,2,0
18356,9,2,12,0,10,4,1,0,2,2,0
18357,3,4,11,4,8,1,0,0,2,2,0
18358,12,4,11,2,8,0,1,1,2,2,0
18359,8,7,12,0,10,1,1,1,2,2,0
18360,6,4,9,2,12,0,1,1,2,2,1
18361,6,4,9,4,12,3,1,0,3,2,0
18362,10,2,9,2,10,0,0,1,2,2,0
18363,5,4,0,2,3,0,1,1,2,2,1
18364,12,4,11,2,14,0,1,1,1,2,0
18365,5,4,8,4,3,4,1,1,1,2,0
18366,8,5,0,0,8,4,1,1,2,2,0
18367,10,6,15,2,8,5,1,0,2,2,0
18368,5,4,11,2,1,0,1,1,1,2,0
18369,9,4,9,2,12,0,1,1,2,2,1
18370,11,6,7,6,10,1,1,1,2,2,0
18371,6,7,9,2,4,0,1,1,2,1,1
18372,12,4,9,2,7,0,1,1,2,2,1
18373,4,4,0,2,14,0,0,1,1,2,1
18374,11,7,11,6,1,4,1,0,2,2,0
18375,4,4,11,4,7,1,0,1,1,2,0
18376,7,6,14,4,4,4,1,1,2,2,0
18377,6,2,8,4,10,1,1,0,2,2,0
18378,9,4,9,4,1,1,0,0,2,2,0
18379,13,4,8,6,7,4,1,0,0,2,0
18380,8,4,9,2,4,0,1,1,2,2,1
18381,12,6,2,2,5,0,1,1,2,2,0
18382,4,4,11,4,8,2,0,0,1,2,1
18383,4,4,0,4,7,3,1,0,2,2,0
18384,8,2,11,2,14,0,1,1,1,2,1
18385,5,4,11,4,1,3,0,0,2,2,0
18386,8,4,11,0,12,1,1,0,2,2,0
18387,8,4,11,2,5,0,1,1,2,2,0
18388,6,7,15,0,1,4,0,1,2,0,0
18389,9,4,11,2,8,0,1,1,2,2,0
18390,7,4,11,4,3,1,1,1,2,2,0
18391,3,4,0,4,8,3,1,0,0,2,0
18392,7,6,1,4,3,1,0,1,2,2,0
18393,10,4,6,4,6,3,1,0,2,1,0
18394,12,4,9,0,4,1,0,1,2,2,0
18395,5,2,8,2,10,0,1,1,2,2,0
18396,4,4,9,2,10,0,0,1,2,2,0
18397,9,4,11,2,3,0,1,1,2,2,0
18398,7,4,11,2,8,0,1,1,2,2,0
18399,4,4,7,2,14,0,1,1,0,2,1
18400,4,4,15,4,4,1,1,1,2,2,0
18401,4,4,11,4,7,3,1,0,2,1,0
18402,7,2,15,2,1,0,1,1,2,2,1
18403,6,4,0,2,14,0,1,1,3,2,0
18404,11,0,15,0,0,1,0,0,1,2,0
18405,8,4,7,2,12,0,1,1,2,2,0
18406,4,4,12,4,8,1,1,1,1,2,0
18407,4,4,1,4,6,1,0,0,2,1,0
18408,4,4,11,4,3,3,1,1,2,2,0
18409,7,6,15,2,12,0,1,1,2,2,1
18410,8,4,11,2,6,0,1,1,3,2,0
18411,5,4,13,4,13,1,1,1,3,2,0
18412,6,4,8,2,13,5,0,0,2,4,0
18413,4,4,11,4,1,1,1,0,0,2,0
18414,8,4,11,2,14,0,1,1,2,2,0
18415,4,4,15,4,10,1,0,0,2,2,0
18416,7,4,11,2,3,0,1,1,2,2,1
18417,8,4,8,2,8,0,0,1,2,2,0
18418,6,4,15,0,12,1,1,1,2,2,0
18419,8,4,11,4,14,3,1,1,2,2,0
18420,8,4,11,0,3,1,1,1,2,2,0
18421,3,4,11,4,1,3,1,0,1,2,0
18422,4,4,7,4,10,1,1,1,2,2,0
18423,4,4,9,4,12,3,1,0,1,2,0
18424,7,5,9,4,12,3,1,1,2,2,0
18425,3,4,11,4,8,1,1,1,2,2,0
18426,12,0,9,0,0,4,1,0,1,2,0
18427,12,4,7,4,10,1,1,0,2,2,0
18428,3,4,11,4,8,3,0,0,0,2,0
18429,9,4,15,2,6,0,1,1,2,2,1
18430,7,2,15,4,10,3,1,1,2,2,0
18431,8,4,11,0,8,4,0,0,2,0,0
18432,5,4,9,4,13,1,1,0,2,2,0
18433,7,5,7,2,4,0,1,1,2,2,0
18434,11,1,9,0,13,4,1,0,1,4,0
18435,8,7,11,2,14,0,1,1,2,2,1
18436,15,4,7,6,12,4,1,0,0,2,0
18437,9,5,7,2,4,0,1,1,1,2,1
18438,15,4,9,0,10,1,1,1,2,2,0
18439,8,4,15,2,1,0,1,1,2,2,1
18440,12,4,11,2,6,0,1,1,2,2,0
18441,13,4,11,2,7,0,1,1,0,2,1
18442,7,4,9,4,12,1,1,0,2,2,0
18443,8,4,11,2,3,1,1,1,1,2,0
18444,6,2,9,2,8,0,0,1,2,2,0
18445,7,4,15,2,14,0,1,1,2,2,0
18446,4,7,12,4,4,2,1,1,2,2,0
18447,12,2,7,2,10,0,1,1,2,2,0
18448,4,4,15,4,13,4,1,1,2,2,0
18449,10,6,11,2,3,0,1,1,1,2,0
18450,4,4,2,4,8,2,0,1,0,2,0
18451,11,4,9,2,11,0,1,1,2,2,1
18452,6,4,15,2,1,0,0,1,2,2,0
18453,8,6,11,2,5,0,1,1,2,2,1
18454,10,4,11,4,3,1,1,1,2,2,0
18455,14,4,7,2,12,0,1,1,3,2,1
18456,6,4,15,2,8,0,1,1,2,2,0
18457,6,4,12,4,10,4,1,0,2,2,0
18458,3,1,12,4,1,1,1,0,1,2,0
18459,6,6,15,4,4,3,1,1,3,2,0
18460,8,2,9,4,10,3,1,0,3,2,0
18461,13,4,11,0,4,1,1,1,2,2,1
18462,4,4,1,4,8,1,1,0,1,2,0
18463,7,1,7,2,10,0,1,1,3,2,1
18464,9,4,0,2,8,0,1,1,2,2,1
18465,11,4,11,2,4,0,1,1,2,2,0
18466,5,4,15,4,8,3,1,0,2,2,0
18467,8,4,11,4,7,2,1,0,2,2,0
18468,7,4,11,2,12,0,1,1,2,2,1
18469,9,4,9,4,12,1,1,0,2,2,0
18470,4,4,9,4,12,4,1,0,2,2,0
18471,6,4,4,4,8,1,0,1,2,2,0
18472,15,4,15,6,4,4,1,0,0,2,0
18473,9,4,9,2,6,0,0,1,2,2,0
18474,5,4,15,4,3,3,1,1,2,2,0
18475,11,6,15,0,5,1,1,1,2,2,0
18476,7,4,1,2,3,0,1,1,2,2,0
18477,6,4,14,2,10,0,0,1,1,2,0
18478,4,6,15,4,12,1,1,0,1,2,0
18479,8,4,9,2,13,0,1,1,2,2,0
18480,4,0,1,0,0,1,1,1,1,2,0
18481,8,2,11,2,14,0,1,1,2,2,0
18482,8,2,15,2,8,0,1,1,2,2,1
18483,12,4,7,4,12,3,1,0,0,2,0
18484,3,4,11,2,3,0,1,1,2,4,0
18485,9,4,11,2,3,2,1,1,3,2,0
18486,8,7,15,4,1,3,1,1,2,2,0
18487,7,4,9,2,6,0,0,1,2,0,0
18488,4,4,11,2,3,0,1,1,2,2,0
18489,5,4,15,4,4,3,1,1,2,2,0
18490,13,6,10,2,5,0,1,1,0,2,1
18491,4,1,11,4,4,3,1,1,1,2,0
18492,6,4,15,0,1,1,1,0,4,2,0
18493,6,4,15,4,4,2,1,1,2,2,0
18494,5,4,11,4,1,3,1,0,2,2,0
18495,8,4,8,0,1,3,1,0,2,2,0
18496,4,7,11,4,1,2,1,0,1,2,0
18497,6,0,0,2,0,0,1,1,2,2,0
18498,4,7,9,3,10,1,0,1,2,2,1
18499,5,4,2,2,12,0,0,1,1,0,0
18500,10,4,11,2,3,0,1,1,2,2,1
18501,7,0,0,2,0,0,0,1,1,2,0
18502,7,4,12,2,10,0,1,1,2,2,1
18503,8,4,9,2,3,0,1,1,3,2,0
18504,9,4,9,0,12,3,1,0,2,2,0
18505,4,6,11,4,3,1,1,1,2,2,0
18506,6,4,15,2,1,5,1,0,2,2,1
18507,4,4,9,4,1,1,1,0,1,2,0
18508,9,2,14,0,10,1,1,0,2,2,0
18509,7,5,8,2,4,0,1,1,1,2,0
18510,11,0,15,4,0,1,1,1,2,2,0
18511,7,0,11,0,0,4,1,0,1,2,0
18512,7,4,11,2,3,0,1,1,2,2,1
18513,7,4,11,4,5,3,1,1,2,2,0
18514,5,4,15,4,12,2,1,0,2,2,0
18515,4,4,15,4,10,1,1,0,1,2,0
18516,9,4,12,0,10,1,0,1,2,2,0
18517,4,4,9,4,13,3,1,1,1,2,1
18518,5,4,11,4,1,4,1,0,2,2,0
18519,10,4,9,2,13,0,1,1,2,2,0
18520,4,4,15,4,1,3,1,0,2,2,0
18521,16,4,15,4,1,1,0,0,1,2,0
18522,9,4,9,2,6,0,0,1,2,2,0
18523,12,4,5,2,8,0,1,1,2,2,0
18524,4,4,11,4,1,1,1,1,2,2,0
18525,3,4,11,4,7,3,1,1,1,2,1
18526,11,4,12,2,4,0,1,1,2,2,1
18527,5,4,8,2,5,0,1,1,2,2,1
18528,5,4,15,2,12,3,1,1,2,2,0
18529,8,2,15,2,10,0,1,1,1,2,1
18530,3,4,6,2,8,0,1,1,2,2,1
18531,10,4,9,0,12,3,1,1,2,2,0
18532,10,4,11,2,3,0,1,1,1,2,0
18533,18,4,15,0,12,4,1,0,1,2,0
18534,5,6,9,0,12,1,1,1,1,2,0
18535,6,4,8,4,7,1,1,1,2,2,0
18536,11,4,5,2,6,0,1,1,1,2,1
18537,8,4,15,2,8,0,1,1,3,2,1
18538,8,4,11,0,12,1,1,0,2,2,0
18539,13,2,9,2,4,0,1,1,2,2,1
18540,10,4,11,4,1,3,0,1,2,2,0
18541,9,4,11,2,4,0,1,1,1,2,1
18542,14,4,9,2,12,0,1,1,0,2,1
18543,5,4,11,0,8,4,1,0,1,2,0
18544,8,4,15,2,8,0,1,1,1,2,0
18545,12,4,15,0,8,4,1,0,2,2,0
18546,6,4,11,2,8,2,1,1,1,2,0
18547,10,4,11,2,5,0,1,1,2,2,1
18548,4,6,8,4,4,1,1,1,0,2,0
18549,12,4,1,2,3,0,1,1,2,2,1
18550,4,4,11,4,1,2,1,1,2,2,0
18551,4,2,15,4,14,3,0,1,0,2,0
18552,12,2,8,0,4,4,1,1,2,2,0
18553,7,2,9,4,4,1,1,0,2,2,0
18554,7,4,11,2,7,0,1,1,2,2,1
18555,8,6,11,0,7,1,1,1,1,2,0
18556,14,6,11,3,14,1,0,1,2,2,0
18557,5,0,15,4,0,1,1,1,2,4,0
18558,4,7,9,4,4,3,1,1,2,2,0
18559,9,4,14,2,10,5,1,0,2,2,0
18560,9,4,6,2,12,0,0,1,2,2,0
18561,4,6,15,4,4,3,1,1,0,2,0
18562,7,4,15,2,12,0,1,1,2,2,1
18563,4,4,15,4,1,1,1,0,0,2,0
18564,8,4,9,2,4,0,1,1,2,2,0
18565,6,4,11,4,8,3,0,1,4,4,0
18566,5,4,9,2,4,0,1,1,2,2,0
18567,8,4,9,0,10,2,1,0,2,2,0
18568,7,4,9,0,3,1,1,1,2,2,0
18569,10,4,8,2,13,0,1,1,2,2,1
18570,5,5,9,4,10,2,1,0,2,2,0
18571,5,4,11,4,3,1,1,0,2,1,0
18572,13,4,8,2,10,5,1,0,2,2,0
18573,7,4,9,2,7,0,0,1,2,2,1
18574,12,4,11,0,6,1,1,1,2,2,0
18575,10,4,11,2,3,0,1,1,2,2,1
18576,8,4,15,2,14,0,1,1,2,2,0
18577,9,4,1,2,12,0,1,1,2,2,0
18578,5,6,12,2,4,0,1,1,1,2,1
18579,6,2,9,4,10,3,1,0,2,2,0
18580,6,4,15,4,12,2,1,1,2,2,0
18581,7,4,11,4,12,1,0,1,2,2,0
18582,4,4,15,4,8,3,1,0,2,2,0
18583,3,7,11,4,12,4,1,0,1,2,0
18584,4,4,11,2,7,0,0,1,2,2,1
18585,5,4,11,4,8,3,1,1,2,2,0
18586,11,4,11,2,7,0,1,1,0,2,1
18587,4,4,15,4,1,1,1,1,2,2,1
18588,7,4,9,2,3,0,1,1,2,2,1
18589,7,2,6,4,8,1,1,0,2,2,0
18590,8,4,15,0,12,4,1,1,1,2,0
18591,3,4,12,4,10,3,1,1,1,2,0
18592,5,7,11,0,4,1,1,1,2,2,0
18593,4,4,7,4,3,3,1,1,1,2,0
18594,4,4,11,4,1,3,1,1,1,2,0
18595,6,1,15,4,1,1,0,0,1,2,0
18596,3,4,9,4,10,3,1,1,1,2,0
18597,13,4,15,2,3,0,1,1,0,2,1
18598,6,6,8,2,5,0,1,1,2,2,0
18599,9,4,15,0,3,4,1,1,2,2,0
18600,4,4,4,4,3,3,1,1,1,2,0
18601,8,4,11,2,3,0,1,1,2,2,1
18602,6,4,11,4,14,4,1,0,2,1,0
18603,9,4,0,2,14,0,1,1,2,2,1
18604,10,4,15,4,3,3,1,0,2,2,0
18605,12,4,15,2,10,0,1,1,2,2,0
18606,7,7,8,2,13,0,1,1,2,2,0
18607,4,4,12,4,4,4,1,0,1,2,0
18608,9,2,11,2,10,0,1,1,2,2,0
18609,15,4,11,6,5,3,1,1,3,2,0
18610,5,4,11,2,3,0,0,1,1,2,1
18611,11,4,11,2,7,0,1,1,2,2,0
18612,11,4,12,4,10,1,1,0,2,2,0
18613,10,4,11,4,1,3,1,1,2,2,0
18614,9,4,1,5,7,4,1,0,2,2,0
18615,6,6,8,2,12,0,1,1,2,2,1
18616,5,4,9,2,4,0,1,1,2,2,1
18617,9,5,15,2,4,0,1,1,2,2,0
18618,5,6,11,2,10,0,1,1,2,2,0
18619,3,0,11,4,0,3,1,0,0,2,0
18620,7,4,11,2,3,0,1,1,2,2,0
18621,6,6,11,2,5,0,1,1,2,2,0
18622,7,4,11,2,8,0,1,1,1,2,0
18623,5,4,15,2,8,0,1,1,2,1,0
18624,12,2,11,2,14,0,1,1,1,2,1
18625,6,4,9,4,12,3,1,1,2,2,0
18626,12,4,9,2,12,0,1,1,1,2,0
18627,6,4,9,2,10,5,1,0,2,2,1
18628,4,4,9,4,14,3,1,1,1,2,0
18629,3,2,0,4,8,3,1,0,1,2,0
18630,7,4,11,4,3,3,0,0,3,2,0
18631,5,4,15,4,4,3,1,1,2,2,0
18632,10,4,11,0,8,4,1,0,2,2,0
18633,10,4,11,2,1,0,1,1,1,2,1
18634,6,4,11,5,14,4,1,1,2,2,0
18635,5,7,15,4,1,4,0,0,2,0,0
18636,4,4,11,4,3,3,1,1,2,4,0
18637,8,4,11,2,12,0,1,1,2,2,0
18638,7,2,11,2,4,0,1,1,1,2,0
18639,8,4,15,2,10,0,1,1,2,2,0
18640,13,4,11,2,14,0,1,1,1,2,0
18641,7,4,11,4,14,1,0,1,2,2,0
18642,7,0,0,2,0,0,1,1,3,2,0
18643,6,4,11,5,3,2,1,1,2,2,0
18644,5,4,11,4,3,3,1,1,2,2,0
18645,8,4,11,2,3,0,1,1,1,2,0
18646,4,4,11,4,7,3,0,0,2,2,0
18647,10,6,8,2,5,0,1,1,2,2,1
18648,10,6,11,0,8,4,1,0,2,2,0
18649,6,4,4,2,3,0,1,1,2,2,1
18650,7,5,11,2,12,5,1,0,2,2,1
18651,7,4,7,0,1,1,1,1,2,2,0
18652,8,4,11,4,3,3,1,1,2,2,0
18653,6,4,11,0,12,4,1,0,2,2,0
18654,6,4,9,4,12,2,1,1,3,2,0
18655,7,4,11,4,3,1,1,1,2,2,0
18656,9,0,11,4,0,1,1,0,3,2,0
18657,7,2,9,2,10,0,1,1,2,2,0
18658,5,4,15,4,13,1,1,0,2,2,0
18659,9,4,15,2,3,0,1,1,3,2,1
18660,11,4,15,2,3,0,1,1,2,2,0
18661,9,4,11,0,8,4,0,0,2,2,0
18662,5,2,11,4,1,4,0,0,1,2,0
18663,9,4,11,2,3,0,1,1,2,2,0
18664,7,4,15,0,12,2,1,0,2,2,0
18665,8,4,12,2,10,0,1,1,2,2,1
18666,8,4,15,0,1,4,1,0,2,2,0
18667,7,5,11,5,12,4,1,1,2,2,0
18668,5,4,9,0,10,4,1,0,2,2,0
18669,9,4,15,0,12,4,1,0,2,2,0
18670,7,4,11,0,4,4,1,0,2,2,0
18671,7,4,15,2,4,0,1,1,2,2,0
18672,6,0,15,0,0,3,1,1,3,2,0
18673,6,4,11,4,3,1,1,1,2,2,0
18674,9,4,11,0,1,4,1,0,2,2,1
18675,5,4,12,4,4,4,1,1,2,2,0
18676,5,4,15,3,1,4,1,0,1,2,0
18677,6,4,11,2,3,0,1,1,2,2,0
18678,5,4,11,4,8,3,0,0,1,0,0
18679,5,0,2,4,0,1,1,0,0,2,0
18680,4,4,1,4,14,3,0,1,2,2,0
18681,4,6,1,4,8,3,0,0,2,2,0
18682,11,4,9,2,4,0,1,1,2,2,1
18683,8,4,0,0,1,1,1,0,2,2,0
18684,5,6,11,4,12,1,1,1,1,2,0
18685,9,4,2,0,8,1,1,0,3,2,0
18686,5,4,0,2,3,0,1,1,2,2,0
18687,9,4,11,2,14,0,1,1,2,2,1
18688,6,4,11,5,8,4,0,0,1,2,0
18689,7,6,0,2,8,0,1,1,2,2,0
18690,6,4,0,2,7,5,1,0,2,2,1
18691,3,4,5,4,5,3,1,1,0,2,0
18692,7,4,15,2,3,0,1,1,2,2,0
18693,5,4,15,4,10,2,1,0,2,2,0
18694,15,4,15,6,12,1,1,0,0,2,0
18695,5,4,9,2,12,5,1,0,2,2,0
18696,10,4,9,4,4,3,1,1,2,2,0
18697,9,2,1,2,8,0,1,1,2,2,0
18698,4,6,14,4,10,1,1,1,2,2,0
18699,3,4,11,4,4,1,0,0,0,2,0
18700,5,4,11,0,7,1,1,1,2,1,0
18701,7,4,15,2,12,0,1,1,2,2,0
18702,10,2,9,2,10,5,1,1,2,2,0
18703,6,7,9,0,1,4,0,0,2,2,0
18704,6,4,11,4,7,3,1,0,0,2,0
18705,7,5,11,2,11,0,1,1,2,4,1
18706,9,5,9,2,4,0,1,1,2,2,0
18707,10,2,9,2,10,0,1,1,0,2,0
18708,10,6,15,2,3,0,1,1,3,2,1
18709,10,4,8,2,3,0,1,1,2,2,0
18710,7,4,15,5,1,4,1,0,2,2,0
18711,6,4,9,0,12,4,1,1,2,2,0
18712,6,6,9,4,10,1,1,0,2,2,0
18713,8,4,15,0,1,4,1,1,2,2,0
18714,10,4,15,4,10,1,1,0,2,2,0
18715,9,4,9,2,12,0,1,1,2,2,1
18716,7,4,9,2,14,0,1,1,2,2,0
18717,3,2,15,4,10,3,0,0,1,2,0
18718,4,4,15,4,10,1,1,1,2,2,0
18719,12,4,11,3,6,1,0,1,4,0,0
18720,6,6,11,2,12,0,1,1,2,2,1
18721,10,6,11,2,4,0,1,1,2,2,1
18722,8,2,11,4,3,1,1,1,2,2,0
18723,6,6,15,2,0,0,0,1,2,2,0
18724,6,4,11,2,4,0,1,1,0,2,0
18725,9,4,9,2,10,0,1,1,2,2,0
18726,10,4,15,2,8,0,1,1,2,2,0
18727,6,4,15,4,8,1,1,0,2,2,0
18728,4,4,7,4,3,3,1,1,0,2,0
18729,8,6,11,2,3,0,1,1,2,2,1
18730,3,4,15,4,3,1,1,1,1,2,0
18731,10,1,8,4,13,1,1,0,2,2,0
18732,4,4,11,4,12,1,1,1,1,2,0
18733,10,0,9,2,0,0,1,1,2,2,1
18734,14,4,11,1,3,3,1,1,1,2,0
18735,8,6,1,2,3,0,1,1,2,2,1
18736,6,4,11,5,1,4,1,0,0,1,0
18737,6,6,11,4,14,2,1,1,2,2,0
18738,12,2,12,2,10,0,1,1,1,2,0
18739,13,4,11,2,6,0,0,1,1,2,0
18740,9,5,9,0,12,4,1,0,2,2,0
18741,6,6,11,2,4,0,1,1,0,2,0
18742,9,4,2,2,11,0,1,1,2,2,1
18743,4,4,15,4,1,3,1,0,3,2,0
18744,4,2,11,4,11,4,1,1,2,2,0
18745,10,2,15,2,11,0,1,1,2,2,0
18746,11,7,10,2,10,0,1,1,2,2,0
18747,7,6,15,2,3,0,1,1,2,2,0
18748,7,4,11,0,1,4,0,0,2,0,0
18749,8,0,9,2,0,0,0,1,2,2,0
18750,6,6,15,4,4,1,1,0,2,2,0
18751,8,1,9,6,10,3,1,1,2,2,0
18752,4,4,12,4,10,3,1,1,0,2,0
18753,4,4,11,4,1,1,1,0,2,2,0
18754,10,4,7,0,12,1,1,0,2,2,0
18755,6,1,11,2,3,0,1,1,2,2,0
18756,4,0,2,4,6,1,0,0,0,2,0
18757,9,6,9,5,12,4,1,0,1,2,0
18758,6,6,0,2,5,0,1,1,2,2,0
18759,3,4,15,4,12,4,1,1,0,2,0
18760,7,7,2,2,11,0,1,1,2,2,0
18761,8,4,11,4,13,1,0,0,2,2,0
18762,3,5,11,4,12,1,1,1,1,2,0
18763,4,4,11,0,4,4,1,0,3,2,0
18764,7,4,9,4,4,1,1,0,2,2,0
18765,12,4,10,0,10,3,1,1,2,2,0
18766,11,4,15,0,1,2,1,0,2,2,1
18767,9,5,7,5,12,1,1,1,2,2,0
18768,9,4,11,2,4,0,1,1,3,2,1
18769,6,4,10,4,4,1,0,0,3,2,0
18770,8,0,15,2,0,0,1,1,1,2,0
18771,11,4,12,2,8,0,1,1,1,2,1
18772,10,4,12,2,10,0,1,1,2,2,0
18773,11,6,15,2,3,0,1,1,2,2,0
18774,3,1,8,4,1,3,1,0,1,2,0
18775,6,0,0,4,0,3,1,0,2,2,0
18776,13,5,11,2,12,5,0,0,0,2,1
18777,10,6,11,2,5,0,1,1,2,2,1
18778,9,4,9,0,10,1,1,0,2,2,0
18779,7,4,9,2,10,0,1,1,2,2,1
18780,6,4,9,2,10,0,1,1,2,2,1
18781,4,6,15,4,5,3,1,1,1,2,0
18782,5,4,11,4,8,1,1,1,2,2,0
18783,11,1,5,2,10,0,1,1,2,2,1
18784,5,4,9,2,1,0,1,1,2,2,0
18785,4,4,12,4,4,3,1,1,1,2,0
18786,6,6,11,4,12,1,1,0,1,2,0
18787,6,4,0,0,8,1,0,0,2,2,0
18788,17,4,12,2,9,5,0,0,1,0,0
18789,9,4,11,2,4,0,1,1,2,2,0
18790,9,4,11,2,6,0,1,1,2,2,0
18791,7,1,9,5,4,1,1,1,2,2,0
18792,6,4,11,2,3,0,1,1,2,2,1
18793,16,4,11,4,8,3,0,1,1,2,0
18794,8,4,15,2,3,0,1,1,2,2,0
18795,7,4,9,2,10,0,1,1,2,2,0
18796,5,6,9,0,4,4,1,0,2,2,0
18797,7,0,10,2,0,0,1,1,2,2,1
18798,8,4,4,2,8,0,1,1,2,2,1
18799,6,4,2,2,7,0,1,1,0,2,0
18800,5,4,9,2,10,5,1,0,1,2,1
18801,16,4,15,4,1,4,1,0,1,2,0
18802,5,4,15,4,7,1,1,1,2,2,0
18803,12,5,15,2,14,0,1,1,4,2,0
18804,7,4,7,2,14,0,1,1,2,1,0
18805,7,7,11,4,5,1,1,1,2,2,0
18806,8,4,9,4,12,3,1,1,1,2,0
18807,10,7,11,4,8,1,1,0,2,2,0
18808,5,2,9,5,10,4,1,0,2,2,0
18809,6,4,11,5,14,1,0,1,0,0,0
18810,3,6,15,4,3,4,1,0,1,1,0
18811,13,4,11,2,3,0,1,1,2,2,0
18812,4,4,15,4,12,3,1,0,2,1,0
18813,4,4,15,4,14,3,1,1,2,2,0
18814,3,4,11,4,12,1,1,0,1,2,0
18815,7,6,15,2,3,0,1,1,4,2,1
18816,7,4,11,0,8,1,0,1,3,0,0
18817,6,6,7,4,1,3,1,0,2,2,0
18818,5,2,1,2,8,0,1,1,2,2,1
18819,10,1,11,2,13,0,0,1,2,2,1
18820,8,4,12,2,12,0,1,1,2,2,1
18821,3,4,9,4,12,3,1,0,1,4,0
18822,12,4,11,2,14,0,1,1,2,2,0
18823,15,1,11,2,13,0,1,1,0,2,0
18824,4,4,5,4,8,3,1,1,1,2,0
18825,12,4,11,2,3,0,1,1,2,2,1
18826,7,4,15,2,8,0,1,1,2,2,1
18827,10,6,11,2,3,0,1,1,2,2,1
18828,12,4,11,2,14,0,0,1,1,2,0
18829,7,4,11,2,14,0,0,1,3,2,1
18830,3,4,9,4,13,1,0,1,1,2,0
18831,9,4,15,2,12,0,1,1,2,2,1
18832,10,4,1,2,7,0,1,1,2,2,1
18833,7,4,11,0,3,4,1,1,2,2,0
18834,3,6,15,4,7,3,1,0,1,2,0
18835,11,5,11,5,4,4,0,1,1,2,0
18836,7,4,11,2,8,0,1,1,2,2,1
18837,10,4,11,4,1,3,1,1,0,2,0
18838,5,7,11,0,8,1,1,1,1,2,0
18839,5,4,11,4,12,4,1,0,3,2,0
18840,7,6,12,2,4,0,1,1,1,2,1
18841,10,2,0,4,8,1,0,1,3,2,0
18842,13,4,11,2,1,0,1,1,0,4,0
18843,9,4,8,0,4,1,1,1,2,2,0
18844,7,7,2,2,8,0,1,1,2,2,0
18845,12,4,11,2,3,0,1,1,2,2,0
18846,11,4,11,2,3,0,1,1,2,2,0
18847,10,4,1,2,8,0,1,1,2,2,1
18848,6,0,15,4,0,1,1,0,2,2,0
18849,11,4,11,2,12,0,1,1,2,2,1
18850,11,4,11,2,7,0,1,1,1,2,0
18851,8,4,11,2,3,0,0,1,2,0,1
18852,3,5,8,4,4,3,1,1,0,2,0
18853,4,4,9,4,4,4,1,0,1,2,0
18854,14,4,2,3,5,1,1,1,2,2,0
18855,8,4,9,3,1,1,1,1,2,2,0
18856,4,4,11,2,7,0,1,1,2,2,1
18857,7,6,11,2,8,0,0,1,2,2,0
18858,8,0,9,2,0,0,1,1,2,2,1
18859,11,2,15,0,10,4,1,0,2,2,0
18860,11,4,12,0,4,4,1,0,0,2,0
18861,8,4,15,0,8,2,1,0,1,2,0
18862,4,4,9,4,10,3,1,1,1,2,0
18863,4,4,1,4,7,3,1,0,2,2,0
18864,4,6,9,4,4,3,1,1,1,1,0
18865,4,4,15,2,3,0,1,1,2,2,1
18866,7,4,11,2,3,0,1,1,2,2,0
18867,13,4,11,6,1,1,1,0,0,2,0
18868,9,7,9,5,1,2,1,1,2,2,0
18869,4,4,11,4,5,3,1,1,2,2,0
18870,8,4,1,2,14,0,1,1,2,2,0
18871,8,4,11,5,4,1,1,1,2,2,0
18872,6,7,9,2,10,5,0,0,3,2,0
18873,7,4,11,0,5,1,1,1,2,2,0
18874,9,4,9,0,10,2,1,0,2,2,0
18875,11,4,11,0,1,4,1,0,2,2,0
18876,5,2,15,4,10,4,1,0,2,2,0
18877,10,4,11,2,3,0,1,1,2,2,0
18878,9,4,11,2,14,0,1,1,2,2,1
18879,8,4,9,0,4,3,1,1,2,2,0
18880,5,4,9,2,4,0,1,1,2,2,0
18881,4,4,15,4,3,3,1,1,1,2,0
18882,4,4,15,4,1,1,1,0,1,2,0
18883,7,2,10,2,10,0,1,1,2,2,0
18884,8,4,11,2,1,0,1,1,2,2,0
18885,6,4,1,4,3,1,0,1,3,2,0
18886,10,6,11,2,5,0,1,1,2,2,0
18887,6,8,11,2,5,0,1,1,2,2,0
18888,7,4,1,2,12,0,1,1,1,2,1
18889,4,2,15,3,10,1,1,0,1,2,0
18890,5,4,11,2,8,0,1,1,2,2,0
18891,9,4,11,2,1,0,1,1,1,2,1
18892,12,6,11,2,14,5,0,0,0,0,1
18893,6,4,11,0,8,1,1,1,2,2,0
18894,7,4,15,4,13,1,1,0,2,2,1
18895,17,4,11,5,12,1,1,1,1,2,0
18896,8,4,11,2,14,0,1,1,1,2,0
18897,7,4,11,2,14,0,1,1,2,2,1
18898,7,6,0,0,5,4,1,1,2,2,0
18899,12,6,7,5,12,2,1,0,2,2,0
18900,3,4,7,4,1,3,1,0,1,2,0
18901,6,1,9,2,10,0,1,1,1,2,0
18902,3,4,5,4,6,1,1,1,3,2,0
18903,3,4,9,4,4,3,1,1,1,2,0
18904,7,4,11,2,7,0,0,1,2,2,0
18905,4,4,11,4,1,1,1,1,1,2,0
18906,8,2,0,4,1,2,1,0,2,2,0
18907,6,6,12,2,4,0,0,1,3,2,1
18908,7,7,9,2,10,0,1,1,2,2,1
18909,4,4,5,0,3,2,1,0,2,2,0
18910,9,5,12,2,4,0,1,1,2,2,1
18911,6,6,15,4,3,3,1,1,2,2,0
18912,7,0,15,5,0,4,1,0,1,2,0
18913,4,4,11,4,7,3,1,1,2,2,0
18914,8,4,7,0,10,1,0,0,3,0,1
18915,8,4,5,2,6,1,0,1,2,2,1
18916,9,0,2,2,0,0,1,1,2,2,0
18917,4,4,11,4,12,1,1,0,2,2,0
18918,8,4,11,2,6,0,1,1,2,2,0
18919,5,7,9,0,10,1,1,0,2,2,0
18920,11,0,2,2,0,0,1,1,2,2,0
18921,9,4,11,2,1,5,1,0,2,2,0
18922,6,6,10,4,10,1,0,1,2,2,1
18923,13,2,12,6,10,1,1,0,1,2,1
18924,11,7,11,2,1,0,1,1,2,2,0
18925,12,4,15,0,12,4,1,1,2,2,0
18926,5,4,12,4,8,1,1,0,2,2,0
18927,10,4,12,0,10,4,1,0,2,2,0
18928,5,4,11,4,4,1,1,1,2,2,0
18929,4,4,7,4,1,3,1,0,2,2,0
18930,14,4,15,2,1,5,0,0,3,2,1
18931,10,4,1,0,8,1,1,0,2,2,0
18932,8,4,7,2,14,0,1,1,2,2,0
18933,6,4,11,3,4,5,1,0,3,2,0
18934,12,2,15,0,8,4,0,0,4,2,0
18935,9,4,4,0,3,4,1,1,2,2,0
18936,6,1,11,4,1,3,0,0,4,0,0
18937,5,2,9,4,10,3,1,1,2,2,0
18938,7,4,15,2,8,0,1,1,2,2,1
18939,6,4,5,4,8,3,1,1,3,2,0
18940,7,7,15,5,4,4,1,0,2,2,0
18941,9,4,15,5,3,1,1,1,2,2,0
18942,4,5,11,4,5,1,1,1,2,2,0
18943,4,4,15,4,3,1,1,1,1,2,0
18944,11,4,1,5,5,1,1,1,1,2,1
18945,4,4,12,4,8,3,1,1,0,2,0
18946,7,1,12,2,10,0,1,1,2,2,1
18947,6,4,7,4,12,1,1,1,2,2,0
18948,7,4,9,2,7,0,1,1,2,2,1
18949,13,4,12,2,10,0,1,1,2,2,0
18950,5,4,11,4,10,3,1,0,2,0,0
18951,5,4,15,4,1,1,1,0,2,2,0
18952,11,7,12,4,10,3,1,1,2,2,0
18953,7,4,15,2,3,0,1,1,2,2,0
18954,7,4,11,4,1,3,1,0,2,2,0
18955,6,4,11,2,3,0,1,1,2,2,0
18956,11,4,9,2,1,0,1,1,2,2,1
18957,7,4,15,2,7,0,1,1,2,2,0
18958,10,4,15,2,8,0,1,1,2,2,0
18959,7,4,15,4,5,3,1,1,2,2,0
18960,4,4,7,4,12,1,1,0,2,2,0
18961,4,1,9,4,13,3,1,0,2,2,0
18962,10,6,15,2,3,0,1,1,2,2,0
18963,8,4,11,0,7,1,1,1,1,2,0
18964,7,1,8,4,1,3,1,0,2,2,0
18965,9,1,9,2,4,0,1,1,2,2,1
18966,12,4,11,2,14,0,1,1,2,2,0
18967,5,7,9,4,11,1,1,1,2,2,0
18968,8,4,9,0,8,4,1,0,2,2,0
18969,6,4,8,2,10,0,1,1,2,2,1
18970,5,4,15,2,3,0,1,1,2,2,1
18971,5,4,11,4,7,3,1,0,2,2,0
18972,8,2,11,2,14,5,1,0,2,2,0
18973,5,4,11,2,14,0,1,1,2,2,0
18974,4,4,6,4,12,1,1,0,0,2,0
18975,4,4,12,4,4,1,1,1,2,2,0
18976,7,4,9,2,4,0,1,1,2,2,1
18977,11,4,15,2,12,0,1,1,2,2,0
18978,3,4,0,4,7,3,0,1,1,2,0
18979,3,4,15,4,1,3,0,0,1,2,0
18980,13,4,15,2,3,0,1,1,1,2,0
18981,7,0,8,4,0,1,1,0,2,2,0
18982,6,4,15,4,1,1,1,0,0,2,0
18983,8,4,11,2,4,0,1,1,2,2,1
18984,9,4,0,2,3,0,1,1,2,2,0
18985,10,4,11,2,3,0,1,1,2,2,1
18986,11,4,11,0,12,4,1,0,2,2,0
18987,11,4,15,2,6,0,1,1,2,2,0
18988,11,0,12,0,0,4,0,1,2,2,0
18989,9,4,11,0,13,4,0,0,2,2,0
18990,3,6,15,4,5,1,1,1,0,2,0
18991,3,4,7,4,4,1,1,1,1,2,0
18992,10,4,15,2,4,0,1,1,2,2,0
18993,7,4,15,2,13,5,1,0,2,2,0
18994,10,4,9,0,10,4,1,0,2,2,0
18995,12,4,11,2,8,0,0,1,2,2,1
18996,9,4,11,4,7,4,1,1,2,2,0
18997,5,4,1,0,8,4,0,0,2,2,0
18998,10,7,9,4,10,3,1,0,2,2,0
18999,6,4,11,2,1,0,1,1,3,2,1
19000,11,4,11,2,8,0,1,1,3,2,0
19001,10,6,12,0,10,4,1,1,2,2,1
19002,9,2,15,2,8,0,0,1,1,0,1
19003,7,5,9,5,4,1,1,1,2,1,0
19004,9,0,11,6,0,4,1,0,2,2,0
19005,8,4,15,2,4,0,1,1,2,2,1
19006,5,4,2,4,6,3,1,0,2,2,0
19007,7,4,1,2,8,0,1,1,2,2,1
19008,5,4,1,2,3,0,1,1,2,2,1
19009,5,4,8,4,13,3,1,0,2,2,0
19010,15,2,9,0,1,2,0,0,3,2,0
19011,13,4,2,1,8,3,1,1,2,2,0
19012,7,5,11,2,3,0,1,1,2,2,0
19013,6,4,11,2,1,2,0,0,3,2,0
19014,9,6,11,2,3,0,1,1,2,2,1
19015,7,2,11,2,8,0,0,1,4,0,1
19016,13,5,9,6,4,4,1,1,2,2,0
19017,9,6,8,2,10,0,1,1,2,2,0
19018,5,4,11,4,8,1,0,0,2,4,0
19019,10,0,8,2,0,0,1,1,2,2,0
19020,8,4,15,2,12,5,1,0,2,2,0
19021,5,5,11,4,4,3,1,1,2,2,0
19022,10,4,11,0,1,4,1,1,2,2,0
19023,5,4,9,2,10,0,1,1,2,2,0
19024,11,4,9,2,4,0,1,1,2,2,1
19025,4,4,11,4,7,3,1,1,2,2,0
19026,3,4,15,4,1,1,1,0,1,2,0
19027,3,4,7,4,7,3,1,0,0,2,0
19028,9,4,9,2,4,5,0,0,2,2,1
19029,10,4,11,5,7,1,1,0,2,2,0
19030,4,4,9,4,13,3,1,0,3,2,0
19031,3,6,12,2,10,0,1,1,1,2,1
19032,8,2,9,4,4,3,1,1,1,2,0
19033,11,4,9,2,14,0,1,1,2,2,0
19034,12,4,9,4,10,1,1,0,2,2,0
19035,6,4,11,2,7,0,1,1,1,2,1
19036,6,4,5,2,6,0,1,1,2,2,1
19037,6,6,15,4,4,3,1,1,2,2,0
19038,8,6,12,2,5,0,1,1,2,2,1
19039,3,0,15,4,0,3,1,1,0,2,0
19040,10,4,11,2,3,0,1,1,0,2,1
19041,12,4,15,2,3,0,1,1,1,2,0
19042,5,4,15,4,1,1,1,0,2,2,0
19043,9,6,11,2,12,0,1,1,2,2,0
19044,12,0,11,0,0,1,1,1,2,2,0
19045,6,6,2,2,5,0,1,1,2,2,1
19046,11,4,7,0,4,1,1,1,2,2,0
19047,9,4,12,2,10,0,1,1,2,2,1
19048,6,1,9,4,1,1,1,1,2,2,0
19049,5,7,11,4,8,1,1,1,1,2,0
19050,8,4,9,0,12,2,0,0,2,2,0
19051,8,7,9,2,10,0,1,1,1,2,0
19052,6,4,1,2,8,5,1,0,2,2,0
19053,8,6,9,0,4,1,1,1,2,2,0
19054,3,4,15,4,12,1,1,1,1,3,0
19055,4,4,15,4,1,2,1,0,1,2,0
19056,4,2,9,5,10,1,1,0,1,2,1
19057,7,4,4,4,8,1,1,0,1,2,0
19058,9,5,14,2,10,0,1,1,2,2,1
19059,8,4,9,2,4,0,1,1,1,2,0
19060,7,4,8,2,6,0,1,1,2,2,0
19061,7,4,11,4,7,1,1,0,2,2,0
19062,8,4,9,0,1,1,1,1,2,2,0
19063,8,4,11,2,7,0,1,1,2,1,0
19064,4,6,9,4,12,1,1,1,2,2,1
19065,6,4,10,4,10,3,1,0,2,2,0
19066,6,4,6,0,3,1,1,1,2,2,0
19067,4,4,15,4,6,4,1,1,1,2,0
19068,8,6,1,4,8,1,1,0,3,2,0
19069,7,5,15,0,12,4,1,0,3,2,0
19070,5,4,15,5,1,4,1,1,3,2,0
19071,5,4,9,2,10,0,1,1,3,2,1
19072,6,4,11,0,4,1,1,0,2,2,0
19073,5,4,15,4,8,4,0,0,2,2,0
19074,3,4,9,4,13,1,1,0,1,2,0
19075,3,4,9,4,8,1,1,1,0,2,0
19076,4,4,11,4,6,3,1,0,2,2,0
19077,12,2,9,0,10,4,1,0,2,2,0
19078,6,1,9,0,13,1,0,1,2,2,0
19079,10,4,11,0,3,3,1,1,2,2,0
19080,7,4,11,4,8,1,1,0,2,2,0
19081,8,4,15,4,1,1,0,0,2,2,0
19082,10,0,9,0,0,2,1,0,2,2,0
19083,4,4,15,2,12,0,1,1,2,2,0
19084,10,4,15,6,1,1,0,0,2,2,0
19085,4,6,8,4,12,1,1,1,2,2,0
19086,7,4,9,0,1,4,1,0,2,2,0
19087,9,4,9,2,13,0,1,1,2,2,0
19088,7,4,11,2,6,0,1,1,2,2,0
19089,10,4,11,2,3,0,1,1,2,2,0
19090,6,4,9,5,10,4,1,0,2,2,0
19091,5,4,15,4,1,3,0,0,2,2,0
19092,7,6,15,0,5,0,1,1,2,2,0
19093,8,4,9,5,8,4,1,1,2,2,0
19094,9,6,11,2,3,0,1,1,2,2,0
19095,3,2,12,4,10,1,1,0,1,2,0
19096,10,4,1,2,8,5,1,0,2,4,0
19097,7,4,11,0,7,1,1,1,2,2,0
19098,6,0,11,0,0,1,1,1,2,2,0
19099,11,2,9,0,10,4,1,0,2,2,0
19100,7,4,11,2,4,0,1,1,2,2,0
19101,5,6,15,4,4,4,1,0,2,2,0
19102,7,2,12,4,10,1,1,1,2,2,0
19103,3,1,9,4,1,1,1,0,3,2,0
19104,4,4,11,4,3,3,0,1,2,2,0
19105,7,4,15,4,12,3,1,0,2,2,0
19106,9,4,15,2,5,0,1,1,2,2,0
19107,7,2,11,4,8,4,0,0,2,2,0
19108,10,4,11,2,3,0,1,1,2,2,0
19109,5,2,11,4,3,3,1,1,2,2,0
19110,8,6,12,4,12,1,1,0,2,2,0
19111,6,4,11,4,7,1,0,1,3,2,0
19112,7,5,15,2,12,0,1,1,2,2,0
19113,11,0,11,2,0,0,1,1,2,2,0
19114,8,7,11,4,8,3,1,1,2,2,0
19115,13,4,9,2,10,0,1,1,2,2,1
19116,11,4,15,2,1,0,1,1,2,2,0
19117,10,6,11,2,12,0,1,1,2,2,1
19118,6,5,15,0,4,0,1,1,2,2,0
19119,5,1,9,2,10,0,0,1,2,0,1
19120,4,4,14,4,10,3,1,1,0,2,0
19121,7,4,5,2,8,0,1,1,2,2,1
19122,5,4,8,4,13,1,1,1,2,2,0
19123,5,4,9,2,7,0,0,1,2,2,0
19124,12,4,15,2,7,0,0,1,2,2,1
19125,7,4,9,0,7,3,1,1,2,2,0
19126,7,4,15,2,12,0,0,1,2,2,0
19127,6,2,15,4,14,3,0,0,1,2,0
19128,5,4,9,4,11,1,1,1,2,2,0
19129,4,4,11,2,7,0,0,1,1,2,0
19130,10,4,11,0,12,4,1,1,2,2,0
19131,9,4,9,0,7,4,1,0,2,2,0
19132,11,4,8,2,7,0,0,1,2,2,0
19133,4,6,9,4,4,1,1,0,2,2,0
19134,6,4,15,2,12,0,1,1,1,2,1
19135,6,4,8,2,8,0,0,1,2,2,1
19136,6,4,11,0,14,2,0,1,3,2,0
19137,8,4,9,0,4,1,1,0,2,2,0
19138,4,5,9,4,4,1,1,0,1,2,0
19139,5,4,1,4,8,3,0,0,1,2,0
19140,8,2,11,2,3,0,1,1,2,0,1
19141,9,4,15,2,7,0,0,1,3,2,0
19142,11,4,15,2,4,0,1,1,2,2,1
19143,8,4,1,2,3,0,1,1,2,2,0
19144,8,4,12,0,8,4,0,0,3,2,0
19145,10,4,0,4,7,1,0,1,2,2,0
19146,16,4,15,5,8,1,0,0,1,2,0
19147,4,4,7,2,1,5,1,0,2,2,1
19148,5,4,11,2,11,0,0,1,2,2,1
19149,11,4,15,4,10,3,1,0,1,2,0
19150,7,4,5,2,3,5,1,0,2,2,1
19151,11,4,15,0,3,4,1,1,2,2,0
19152,9,4,15,2,10,0,1,1,2,2,1
19153,13,4,15,6,12,1,1,0,2,2,0
19154,9,4,9,2,13,0,1,1,2,2,0
19155,5,6,8,4,12,1,0,0,2,2,0
19156,8,5,11,2,12,0,1,1,2,2,0
19157,4,4,15,0,12,4,1,1,2,2,0
19158,12,4,8,2,7,0,1,1,2,2,0
19159,7,2,11,2,11,0,1,1,2,2,1
19160,4,4,9,4,4,3,1,0,1,2,0
19161,11,4,15,0,8,1,1,0,2,2,0
19162,5,0,15,4,0,1,1,0,2,2,0
19163,6,5,12,0,4,1,1,0,2,2,0
19164,4,7,9,4,10,1,1,0,0,2,1
19165,10,6,11,0,10,1,1,1,2,2,0
19166,9,4,9,2,3,0,1,1,2,2,0
19167,4,4,11,4,8,2,1,0,2,2,0
19168,4,4,8,4,1,1,1,0,1,2,0
19169,11,6,11,5,4,1,1,1,0,2,0
19170,10,2,11,2,1,0,1,1,2,2,0
19171,6,4,11,2,4,0,1,1,2,2,1
19172,11,6,11,2,8,0,1,1,2,1,1
19173,10,4,6,2,7,5,0,0,2,0,0
19174,6,6,15,4,4,3,1,1,3,2,0
19175,10,4,5,2,6,0,1,1,2,2,1
19176,9,4,11,2,3,0,1,1,2,2,0
19177,14,4,11,5,8,2,1,0,1,1,0
19178,9,4,11,0,3,1,1,1,2,2,0
19179,4,6,15,4,5,3,1,1,2,2,0
19180,7,4,11,4,12,1,1,1,3,2,0
19181,9,4,15,4,8,1,1,0,3,2,0
19182,7,4,15,2,3,0,0,1,1,0,0
19183,7,2,9,2,4,0,1,1,3,2,1
19184,10,4,11,2,4,0,1,1,2,2,1
19185,6,6,15,2,8,0,1,1,2,2,0
19186,8,4,11,6,12,4,1,0,1,2,1
19187,10,2,11,2,14,0,1,1,2,2,0
19188,6,4,8,4,6,1,1,1,2,2,0
19189,8,4,9,2,8,5,1,0,2,2,0
19190,7,4,15,2,10,0,1,1,2,2,0
19191,9,4,11,2,3,0,1,1,2,2,1
19192,13,6,11,2,8,0,0,1,2,2,1
19193,11,4,8,2,4,0,1,1,1,2,1
19194,6,4,9,2,4,3,0,1,2,2,0
19195,10,6,15,2,1,5,1,0,2,2,1
19196,6,4,11,2,4,0,1,1,2,2,1
19197,7,4,9,2,13,0,0,1,2,2,1
19198,7,4,11,2,12,0,0,1,1,2,1
19199,6,4,11,2,12,0,1,1,2,2,1
19200,4,4,0,4,3,3,1,1,1,2,0
19201,6,5,11,2,12,0,1,1,2,2,1
19202,10,4,11,0,12,4,1,0,3,2,0
19203,11,4,0,2,5,0,1,1,2,2,1
19204,6,4,9,2,12,0,1,1,2,2,1
19205,5,5,12,4,10,1,1,0,2,2,1
19206,6,1,11,4,1,1,0,0,1,2,1
19207,8,6,11,4,3,3,1,1,2,1,0
19208,4,4,15,4,12,1,1,1,1,2,0
19209,6,4,11,0,1,4,1,0,2,2,0
19210,7,4,15,2,12,0,1,1,2,2,0
19211,10,5,15,4,14,2,0,1,2,2,0
19212,6,4,15,2,4,0,1,1,2,2,0
19213,6,4,6,4,12,3,1,1,2,2,0
19214,6,4,11,2,3,0,1,1,3,2,1
19215,9,0,15,0,0,4,0,0,2,2,0
19216,12,4,0,2,3,0,1,1,4,2,0
19217,7,4,15,2,12,5,1,0,2,2,0
19218,14,4,12,2,8,0,1,1,1,2,1
19219,7,7,11,0,1,1,0,0,2,0,0
19220,9,4,11,2,1,0,1,1,1,2,0
19221,7,4,15,4,1,3,1,0,2,2,0
19222,4,4,11,4,4,3,1,0,2,2,0
19223,3,4,11,4,6,3,1,1,1,2,0
19224,5,6,1,4,3,2,1,1,2,2,0
19225,11,7,10,2,10,0,1,1,2,2,0
19226,6,4,0,4,7,1,0,0,2,2,0
19227,5,4,8,2,7,5,1,0,2,2,1
19228,12,4,9,5,1,4,1,0,2,2,0
19229,8,6,15,6,1,1,1,1,2,2,1
19230,10,4,11,0,8,1,1,0,0,2,0
19231,7,7,9,5,1,1,1,0,1,2,0
19232,8,4,15,2,7,0,0,1,2,2,1
19233,11,6,1,2,7,0,1,1,2,2,1
19234,3,4,11,4,8,1,0,0,0,2,0
19235,3,5,10,4,10,3,0,0,1,2,0
19236,5,4,9,4,10,3,1,1,1,2,0
19237,5,4,15,3,7,1,1,1,2,2,0
19238,5,4,6,4,7,3,1,1,2,2,0
19239,7,6,7,2,10,0,1,1,2,2,0
19240,9,4,11,0,3,1,1,1,2,2,0
19241,7,4,9,4,8,3,1,0,2,2,0
19242,6,4,15,2,4,0,0,1,2,2,0
19243,9,4,6,2,3,0,1,1,2,2,0
19244,5,0,11,2,0,0,1,1,2,2,0
19245,9,4,8,2,13,0,1,1,2,2,0
19246,8,0,15,4,0,1,1,0,2,2,0
19247,11,4,11,2,7,3,1,1,2,2,0
19248,9,4,15,2,3,0,1,1,2,2,0
19249,11,0,15,0,0,4,1,0,1,2,0
19250,11,4,15,2,1,5,1,0,2,2,0
19251,11,2,12,2,10,0,1,1,2,2,0
19252,7,4,11,0,8,1,1,1,2,2,0
19253,4,4,6,4,3,1,1,1,2,2,0
19254,9,4,11,4,10,3,1,1,2,2,0
19255,17,4,15,0,8,1,0,0,1,2,0
19256,14,2,11,2,3,0,1,1,3,2,0
19257,3,4,9,4,12,1,1,1,0,2,0
19258,15,2,11,6,3,4,1,1,2,2,0
19259,13,4,11,6,1,1,1,0,1,2,0
19260,6,2,9,5,10,1,1,1,2,2,0
19261,14,4,4,2,6,0,1,1,0,2,1
19262,6,2,11,2,11,0,1,1,2,2,0
19263,9,2,8,2,3,0,0,1,2,0,0
19264,6,4,11,2,4,0,1,1,1,2,0
19265,6,4,8,0,6,4,1,1,2,2,0
19266,6,4,14,0,10,2,1,1,2,2,0
19267,8,4,2,2,8,0,1,1,2,2,0
19268,4,5,7,4,4,1,1,0,2,2,0
19269,10,4,11,4,3,3,1,1,2,2,0
19270,6,2,9,2,4,3,1,1,2,2,0
19271,7,4,7,0,1,1,1,0,2,2,0
19272,7,4,9,2,4,0,1,1,2,2,1
19273,10,4,11,2,3,0,1,1,2,2,1
19274,5,4,15,4,12,1,1,1,2,2,0
19275,11,4,11,4,6,1,1,1,2,2,0
19276,5,4,15,4,3,3,1,1,2,2,0
19277,7,4,11,4,4,3,1,0,3,2,0
19278,10,6,0,2,5,0,1,1,2,2,1
19279,12,4,11,0,7,4,1,1,2,2,0
19280,8,4,15,2,10,0,1,1,2,2,0
19281,5,4,15,2,6,0,1,1,2,2,0
19282,12,4,11,6,13,1,1,0,1,2,0
19283,5,4,11,2,3,0,1,1,1,2,0
19284,7,4,11,2,14,0,1,1,2,2,1
19285,6,6,9,4,10,3,1,1,2,2,0
19286,8,0,15,0,0,1,1,0,2,2,0
19287,12,4,12,6,9,1,1,0,0,2,0
19288,6,0,15,2,0,0,0,1,2,2,1
19289,9,4,10,5,1,4,0,0,2,0,0
19290,6,4,9,2,4,0,1,1,2,2,0
19291,3,4,14,4,4,1,1,1,0,2,1
19292,12,4,8,2,6,0,1,1,2,2,0
19293,5,4,11,0,1,1,1,0,2,2,0
19294,5,4,11,4,3,1,1,1,2,2,0
19295,6,2,11,0,8,4,1,0,2,2,0
19296,8,1,9,4,10,3,1,1,3,2,0
19297,12,4,9,0,1,4,1,0,2,2,0
19298,7,2,10,4,10,3,1,0,2,2,0
19299,7,4,8,5,4,1,1,1,1,2,0
19300,12,4,9,0,4,4,1,0,1,2,0
19301,5,7,12,0,10,4,1,0,2,2,0
19302,9,4,11,4,7,2,1,1,2,2,0
19303,6,6,11,4,5,1,1,1,2,0,0
19304,3,4,6,4,7,1,1,1,0,2,0
19305,4,4,11,4,8,1,1,0,2,2,0
19306,8,4,9,2,3,0,1,1,1,2,0
19307,5,4,0,4,3,3,1,1,1,2,0
19308,4,4,11,4,8,1,0,0,2,2,0
19309,7,4,11,0,5,4,1,1,2,2,0
19310,9,4,7,2,12,5,1,0,3,2,0
19311,6,4,7,2,4,5,1,0,2,2,0
19312,4,4,10,4,10,1,1,0,1,2,0
19313,3,4,13,4,13,1,1,1,0,2,0
19314,11,1,11,2,4,0,1,1,2,2,1
19315,6,4,11,5,12,2,1,0,0,2,0
19316,5,4,11,3,7,2,1,1,2,2,0
19317,5,4,11,2,12,5,1,0,2,2,1
19318,3,6,11,4,10,4,1,0,0,2,1
19319,7,6,6,2,3,0,1,1,2,2,0
19320,11,4,11,2,3,0,1,1,2,2,0
19321,11,5,9,2,12,5,0,0,2,2,1
19322,6,4,0,2,8,5,1,0,2,2,0
19323,13,4,11,2,3,0,1,1,0,2,0
19324,9,4,15,0,1,1,1,0,2,2,0
19325,3,4,11,4,12,3,1,0,1,2,0
19326,6,4,11,2,1,0,1,1,1,2,1
19327,7,4,1,2,8,0,1,1,2,2,1
19328,13,6,11,2,3,0,1,1,1,2,0
19329,9,4,15,0,1,4,0,0,3,2,0
19330,4,2,9,4,8,3,1,0,2,2,1
19331,7,0,15,2,0,5,1,0,3,2,0
19332,13,4,11,2,4,0,1,1,2,2,1
19333,6,4,11,4,3,2,1,1,2,2,0
19334,8,4,15,2,4,0,1,1,3,2,1
19335,7,4,5,2,8,0,1,1,2,2,1
19336,3,4,1,4,7,1,0,0,2,2,0
19337,9,7,9,0,1,4,1,0,2,2,0
19338,5,4,15,6,1,4,1,0,2,2,0
19339,4,4,8,4,5,2,1,1,2,2,0
19340,12,4,11,0,3,1,1,1,0,2,0
19341,5,5,12,4,4,3,1,1,2,2,0
19342,11,0,15,4,0,3,1,1,2,2,0
19343,14,7,9,1,13,3,1,0,1,2,0
19344,9,4,6,2,14,5,1,1,2,2,1
19345,8,4,11,0,8,4,1,0,2,2,0
19346,12,4,2,2,8,0,1,1,2,2,0
19347,8,4,15,4,8,3,1,0,2,2,0
19348,7,7,1,4,5,1,1,1,2,2,1
19349,9,4,15,2,6,0,1,1,2,2,0
19350,7,5,0,2,3,0,1,1,1,2,1
19351,11,4,11,6,7,1,1,1,2,2,0
19352,5,4,11,4,8,1,1,1,2,2,0
19353,10,4,15,0,12,1,1,0,2,2,0
19354,7,4,15,4,6,1,0,1,2,2,0
19355,4,7,9,4,10,3,1,0,1,2,0
19356,6,4,11,4,12,4,1,0,4,2,0
19357,7,2,15,4,4,3,1,0,2,2,0
19358,9,4,8,2,5,0,1,1,2,2,0
19359,6,1,9,2,4,0,0,1,2,2,0
19360,4,4,11,5,12,4,1,0,2,2,0
19361,8,4,1,2,14,0,1,1,2,2,0
19362,11,4,12,6,10,1,1,1,2,2,0
19363,8,4,11,4,3,1,1,1,2,2,0
19364,7,4,11,2,4,0,1,1,2,2,1
19365,8,4,5,0,3,1,1,1,2,2,0
19366,8,4,15,2,3,0,1,1,2,2,1
19367,6,4,11,4,8,3,1,0,2,2,0
19368,10,4,15,0,13,1,1,1,3,2,0
19369,4,4,11,4,1,3,1,1,2,2,0
19370,7,4,11,4,8,1,1,0,3,2,0
19371,6,4,9,2,10,0,1,1,2,2,0
19372,10,4,11,2,6,0,1,1,2,2,0
19373,11,6,9,2,10,0,1,1,2,2,0
19374,10,2,9,2,4,0,0,1,2,0,0
19375,10,6,9,0,3,1,1,1,2,2,0
19376,4,6,11,4,12,1,1,1,2,2,0
19377,12,4,15,0,7,1,1,0,2,2,0
19378,9,7,15,0,13,4,1,0,2,2,0
19379,12,4,11,2,3,0,1,1,1,2,1
19380,7,2,12,4,10,3,1,1,2,2,0
19381,12,4,11,2,14,0,0,1,1,2,0
19382,8,4,11,2,12,5,1,0,2,2,1
19383,4,1,12,4,10,3,1,1,1,4,1
19384,8,4,6,2,7,0,1,1,1,2,1
19385,9,7,9,2,10,0,1,1,2,2,0
19386,9,4,11,0,3,2,1,1,2,2,0
19387,8,4,0,2,1,5,1,0,2,4,0
19388,5,6,11,2,5,0,1,1,1,2,1
19389,4,4,11,4,4,3,1,1,1,2,0
19390,4,4,11,4,7,1,1,1,0,2,0
19391,7,4,15,2,3,0,1,1,2,1,0
19392,15,4,15,2,12,0,1,1,0,2,1
19393,11,4,11,2,7,0,1,1,2,2,1
19394,8,4,9,2,4,0,1,1,2,1,1
19395,10,2,6,2,14,0,1,1,2,2,1
19396,9,4,8,2,1,0,0,1,2,2,0
19397,7,4,15,2,12,0,1,1,2,2,0
19398,8,4,12,2,10,5,1,0,2,2,0
19399,14,4,15,3,7,3,1,0,3,2,0
19400,7,4,8,2,12,0,1,1,2,2,1
19401,11,4,11,4,3,3,1,1,1,2,0
19402,12,4,1,2,3,0,1,1,4,2,1
19403,7,4,11,2,3,0,1,1,2,2,1
19404,5,2,15,4,14,1,1,1,2,2,0
19405,16,4,15,4,12,1,1,1,1,2,0
19406,11,4,11,2,3,0,0,1,2,2,0
19407,6,4,12,2,10,0,1,1,2,2,0
19408,6,4,15,2,7,0,0,1,2,2,0
19409,8,4,5,0,9,1,1,0,2,2,0
19410,6,4,15,2,1,0,1,1,2,2,1
19411,9,4,15,2,13,0,0,1,2,2,1
19412,5,4,11,2,14,0,1,1,1,2,0
19413,5,4,11,4,1,1,1,0,2,2,1
19414,12,4,11,2,7,0,1,1,0,2,1
19415,6,5,11,2,8,0,0,1,4,2,1
19416,10,4,14,2,10,0,1,1,1,2,0
19417,15,4,15,6,1,4,1,0,0,2,0
19418,7,4,9,4,10,3,1,1,3,2,0
19419,9,4,15,0,4,1,1,0,2,4,0
19420,9,4,11,0,7,1,1,1,2,2,0
19421,8,6,11,2,8,0,1,1,2,2,0
19422,3,4,15,4,13,1,1,1,2,2,0
19423,8,2,9,2,10,5,1,0,0,2,1
19424,9,4,11,2,7,0,1,1,2,2,1
19425,10,4,15,2,3,0,1,1,2,2,0
19426,8,4,15,5,4,4,1,0,2,2,0
19427,10,5,11,2,3,0,1,1,3,2,1
19428,10,0,15,2,0,0,1,1,2,2,0
19429,7,4,15,0,1,4,1,0,2,2,0
19430,11,4,11,2,3,0,1,1,2,2,1
19431,7,4,9,2,10,0,1,1,2,2,1
19432,5,4,11,4,14,3,0,1,2,2,0
19433,5,5,11,2,3,0,1,1,2,2,0
19434,7,4,15,4,3,1,1,1,3,2,0
19435,10,1,9,2,10,0,1,1,2,2,0
19436,4,7,11,4,5,1,1,1,2,2,0
19437,8,4,11,2,4,0,1,1,2,2,0
19438,7,4,15,2,4,0,1,1,2,2,1
19439,12,4,9,2,1,0,1,1,4,2,0
19440,7,6,1,2,3,0,1,1,2,2,1
19441,5,7,9,4,10,3,1,1,2,2,0
19442,8,6,11,4,5,1,1,1,2,2,0
19443,7,4,9,2,1,0,1,1,2,2,0
19444,3,4,8,4,12,1,1,0,4,2,0
19445,5,4,0,2,1,0,1,1,2,2,0
19446,12,4,9,2,12,0,1,1,2,2,1
19447,6,2,15,2,4,0,1,1,2,2,0
19448,9,4,11,4,12,1,1,0,2,2,0
19449,4,4,15,4,12,1,1,1,0,2,0
19450,10,0,15,2,0,0,1,1,2,2,0
19451,9,1,11,2,1,0,1,1,2,2,1
19452,11,6,15,4,3,1,1,0,1,2,0
19453,9,4,15,5,13,1,1,1,2,2,0
19454,7,4,11,2,6,0,1,1,2,2,0
19455,13,4,11,2,14,0,1,1,2,2,0
19456,4,2,12,4,10,3,1,0,1,2,0
19457,3,4,9,4,13,1,0,1,1,2,0
19458,5,4,15,4,12,3,1,1,2,2,0
19459,9,4,11,0,1,4,1,0,2,2,1
19460,5,6,15,2,10,0,1,1,2,2,1
19461,14,5,11,2,14,0,1,1,1,2,0
19462,9,4,15,2,6,0,1,1,3,2,0
19463,8,0,15,2,0,0,1,1,1,2,0
19464,8,4,11,2,8,0,1,1,2,2,0
19465,10,4,15,2,7,0,1,1,0,2,1
19466,6,4,12,2,10,0,0,1,2,0,0
19467,7,4,6,2,12,0,1,1,1,2,1
19468,5,6,11,2,8,0,1,1,2,2,0
19469,6,4,7,5,12,4,1,0,2,2,1
19470,4,2,9,2,11,0,1,1,2,2,1
19471,12,4,11,2,8,0,0,1,2,2,0
19472,12,4,6,2,8,0,1,1,2,2,1
19473,8,2,12,0,10,1,1,1,2,2,0
19474,5,4,11,4,4,3,0,1,1,2,0
19475,10,4,11,0,7,4,1,0,2,2,0
19476,7,7,11,2,8,0,0,1,2,2,0
19477,7,4,9,2,1,0,0,1,2,2,1
19478,6,4,9,0,14,1,1,1,2,2,0
19479,11,0,11,0,8,1,1,0,0,2,0
19480,8,6,9,2,4,0,1,1,3,2,0
19481,4,4,9,4,4,1,1,1,2,2,0
19482,8,4,6,2,3,0,1,1,2,2,1
19483,14,4,15,2,8,0,1,1,1,2,0
19484,8,1,15,5,10,2,1,1,1,2,0
19485,5,4,9,2,10,0,1,1,2,2,1
19486,3,7,5,4,10,2,1,1,0,2,0
19487,10,4,9,4,8,1,1,0,0,2,0
19488,5,6,9,2,12,0,1,1,2,2,0
19489,12,4,11,5,3,1,1,1,2,2,1
19490,6,0,15,2,0,0,1,1,2,2,1
19491,3,4,11,4,7,1,1,0,0,2,0
19492,13,4,15,2,3,0,0,1,2,2,0
19493,6,2,11,2,1,0,1,1,2,2,1
19494,7,4,11,2,14,0,1,1,2,2,0
19495,8,4,15,4,13,1,1,0,2,1,0
19496,7,4,15,2,12,0,1,1,1,2,0
19497,7,4,11,2,3,0,1,1,2,2,0
19498,5,4,9,4,10,1,1,1,2,2,0
19499,10,7,9,6,4,1,1,1,3,2,0
19500,4,1,11,0,1,1,1,0,2,2,1
19501,17,4,11,2,5,0,1,1,1,2,0
19502,9,4,15,0,12,4,1,1,1,2,0
19503,4,4,9,4,4,3,1,1,2,2,0
19504,10,4,15,2,1,0,1,1,2,2,1
19505,8,6,11,2,5,0,1,1,2,2,1
19506,11,4,11,2,3,0,1,1,1,2,0
19507,7,4,15,2,6,0,1,1,3,1,1
19508,11,4,11,2,3,0,1,1,2,2,0
19509,4,6,12,4,10,1,1,1,2,2,0
19510,10,6,11,2,3,0,1,1,2,2,0
19511,7,4,11,2,3,0,1,1,2,2,0
19512,14,4,2,1,8,3,1,0,2,2,0
19513,8,4,9,2,10,0,1,1,2,2,0
19514,5,4,15,4,3,3,1,1,2,2,0
19515,8,4,8,2,14,0,1,1,4,2,1
19516,6,4,15,4,1,1,1,0,2,2,0
19517,7,4,15,2,8,0,1,1,2,2,0
19518,7,4,8,2,7,0,1,1,2,2,0
19519,9,4,12,2,10,0,1,1,1,2,1
19520,8,4,9,2,12,0,1,1,2,2,0
19521,6,4,15,4,13,3,1,0,3,2,0
19522,13,4,12,2,10,0,1,1,1,2,1
19523,6,4,11,4,6,1,1,1,1,2,0
19524,4,6,11,2,5,0,1,1,1,2,1
19525,7,4,7,2,12,0,1,1,2,2,1
19526,8,4,12,2,4,0,1,1,2,2,0
19527,12,5,11,2,4,0,1,1,2,2,1
19528,7,4,15,2,10,0,1,1,2,2,0
19529,14,2,9,2,1,5,1,0,1,2,1
19530,13,4,2,2,3,0,1,1,1,2,1
19531,4,2,15,0,1,1,0,1,2,2,1
19532,4,2,15,5,10,1,1,1,1,2,0
19533,6,5,11,4,4,3,1,1,2,2,0
19534,12,4,15,2,6,0,1,1,2,2,0
19535,8,4,15,4,14,3,1,1,2,2,0
19536,5,4,7,4,10,3,1,0,2,2,0
19537,8,4,11,0,4,3,1,1,2,2,0
19538,4,2,11,4,4,3,1,0,2,2,0
19539,7,4,7,4,1,3,1,1,3,2,0
19540,6,4,15,2,1,5,1,0,2,2,1
19541,4,4,4,2,6,0,1,1,2,2,1
19542,3,6,11,4,8,2,1,0,1,2,0
19543,5,4,6,0,12,1,1,1,2,2,0
19544,5,0,9,4,0,1,1,0,2,2,0
19545,5,2,9,2,4,0,1,1,2,1,1
19546,11,4,11,2,3,0,1,1,2,2,1
19547,3,4,11,4,4,4,1,0,2,2,0
19548,8,4,15,4,8,1,1,0,2,2,0
19549,7,6,11,2,5,0,1,1,2,2,0
19550,11,5,8,0,10,4,1,0,1,0,0
19551,8,4,15,2,12,0,1,1,2,2,1
19552,6,4,12,2,10,0,1,1,2,2,1
19553,7,2,7,4,10,3,1,0,2,2,0
19554,6,4,9,0,8,1,1,0,1,2,0
19555,6,5,7,2,4,0,1,1,4,2,0
19556,6,4,8,4,12,3,1,0,2,2,0
19557,13,4,9,2,14,0,1,1,1,2,1
19558,14,4,11,2,10,5,1,0,1,2,0
19559,4,4,9,4,13,1,1,1,0,2,0
19560,4,4,15,0,1,1,0,0,1,2,0
19561,11,0,15,2,0,5,1,0,2,2,0
19562,4,4,15,4,3,1,1,1,1,2,0
19563,4,0,2,4,0,3,1,0,2,2,0
19564,7,4,4,2,6,0,1,1,2,2,1
19565,5,4,11,2,3,0,1,1,2,2,0
19566,6,6,11,2,3,0,1,1,2,2,1
19567,9,4,1,2,3,0,1,1,2,2,0
19568,8,4,9,0,4,4,1,0,2,2,0
19569,10,5,9,0,4,4,1,1,2,2,0
19570,11,4,1,2,3,0,1,1,2,2,1
19571,7,4,7,4,1,4,1,0,2,2,0
19572,6,4,11,2,6,0,1,1,1,2,0
19573,6,4,15,4,1,4,1,0,4,2,0
19574,9,4,1,2,7,0,1,1,2,2,0
19575,8,4,9,2,13,0,1,1,2,2,1
19576,8,4,11,0,8,4,1,0,2,2,0
19577,5,2,15,4,8,4,1,0,2,2,0
19578,7,4,11,4,12,1,1,1,2,2,0
19579,7,6,9,2,10,0,1,1,2,2,0
19580,5,4,9,4,10,1,1,0,2,2,0
19581,7,1,9,5,1,4,1,0,2,2,0
19582,4,0,15,0,0,4,1,0,0,2,0
19583,3,4,1,4,3,1,1,1,4,2,0
19584,10,4,0,2,1,0,1,1,2,2,0
19585,4,6,6,4,12,2,1,1,0,2,0
19586,9,6,15,0,12,4,1,0,1,2,0
19587,5,4,11,2,7,0,1,1,2,2,0
19588,11,4,15,5,8,2,1,0,2,2,0
19589,9,4,11,2,14,0,1,1,2,2,1
19590,9,4,12,0,5,1,1,1,2,2,0
19591,5,1,15,6,10,1,1,0,2,2,1
19592,7,7,11,5,5,1,1,1,2,2,0
19593,7,4,15,2,12,0,1,1,2,2,1
19594,7,4,8,2,6,0,1,1,3,2,1
19595,3,4,7,4,4,1,0,0,1,2,0
19596,9,6,11,2,5,0,1,1,1,2,1
19597,7,4,0,0,8,1,1,1,2,2,0
19598,12,4,1,2,8,0,1,1,2,2,1
19599,4,4,11,2,3,0,1,1,0,2,0
19600,5,4,11,2,10,5,1,0,1,2,0
19601,10,4,15,2,3,0,1,1,2,2,1
19602,3,4,6,4,12,1,1,1,1,2,0
19603,3,4,9,4,1,1,1,0,1,2,0
19604,3,4,15,4,7,3,1,1,2,2,0
19605,6,4,11,3,6,1,1,0,2,2,0
19606,6,7,9,2,10,5,0,0,2,4,1
19607,5,4,11,2,12,0,0,1,2,2,1
19608,7,4,11,4,8,3,0,0,2,2,0
19609,8,6,9,0,10,4,1,1,2,2,0
19610,5,2,15,4,1,1,1,0,3,2,0
19611,11,4,14,2,10,0,1,1,2,2,1
19612,7,4,11,0,1,1,0,0,2,2,0
19613,4,4,9,4,10,2,1,0,2,2,0
19614,7,7,1,2,14,0,1,1,2,2,0
19615,10,0,10,0,0,4,1,0,2,2,0
19616,10,4,9,2,12,0,1,1,2,2,1
19617,4,1,10,2,10,0,1,1,1,2,1
19618,3,4,0,4,8,3,1,0,1,2,0
19619,15,4,14,6,10,1,1,0,3,2,0
19620,9,4,9,2,3,0,1,1,2,2,1
19621,4,4,15,4,1,2,1,0,1,2,0
19622,4,4,8,4,1,1,1,0,2,2,0
19623,15,2,9,2,10,0,1,1,2,2,0
19624,13,4,11,2,12,0,1,1,2,2,0
19625,6,6,0,0,5,1,1,1,2,2,0
19626,5,1,15,4,4,3,1,1,2,2,0
19627,7,4,8,4,8,4,1,0,1,2,0
19628,9,6,11,2,5,0,1,1,2,2,1
19629,10,7,9,0,1,4,1,0,2,2,0
19630,5,4,1,4,14,1,1,0,2,2,1
19631,10,4,15,2,3,0,1,1,2,2,0
19632,6,4,15,4,7,1,1,0,1,2,0
19633,8,4,9,0,4,1,0,1,2,2,0
19634,10,4,15,0,10,1,1,0,2,2,0
19635,8,4,11,4,1,3,1,0,2,2,0
19636,4,6,7,2,3,0,0,1,2,2,1
19637,3,4,15,4,12,3,1,0,1,2,0
19638,7,6,15,2,4,0,1,1,2,2,1
19639,9,4,15,2,12,0,1,1,2,2,1
19640,11,4,5,2,3,0,1,1,2,2,1
19641,9,4,15,4,4,3,1,1,1,2,0
19642,8,4,11,2,3,0,1,1,2,2,0
19643,11,6,5,2,5,0,1,1,2,2,0
19644,5,4,15,4,12,4,1,0,1,1,0
19645,8,4,11,0,1,1,1,0,2,2,0
19646,6,7,15,2,1,0,1,1,2,2,0
19647,6,7,11,0,4,1,1,0,0,2,0
19648,11,4,11,2,7,0,1,1,2,2,0
19649,3,4,12,2,4,0,0,1,0,0,0
19650,12,4,11,5,7,1,1,0,1,1,0
19651,8,6,15,2,5,0,1,1,2,2,0
19652,4,0,0,4,0,3,1,1,2,2,0
19653,8,4,15,4,6,1,1,1,2,2,0
19654,8,5,9,3,4,4,1,0,2,1,1
19655,4,4,9,4,10,4,1,0,2,2,0
19656,7,0,2,0,0,1,1,1,1,2,1
19657,6,4,15,4,3,3,1,1,3,2,0
19658,8,7,14,0,10,4,1,0,1,2,0
19659,3,2,7,4,10,1,1,1,0,2,0
19660,5,4,0,4,12,3,1,1,0,2,0
19661,8,0,8,2,0,5,1,0,2,2,0
19662,8,4,9,2,4,0,1,1,1,2,0
19663,4,4,9,5,1,1,0,0,2,0,0
19664,5,4,11,4,12,1,1,0,2,2,0
19665,6,4,15,2,8,0,1,1,1,2,0
19666,12,4,11,2,14,0,1,1,2,2,1
19667,11,4,11,2,8,0,1,1,2,2,0
19668,9,2,9,5,4,1,1,1,2,2,0
19669,8,2,15,2,10,0,1,1,2,2,1
19670,9,4,7,2,12,5,1,0,2,2,1
19671,5,4,11,4,14,1,1,1,3,2,0
19672,6,6,11,0,7,4,1,1,2,2,0
19673,8,4,11,0,1,1,1,0,2,0,0
19674,5,4,11,4,1,4,1,0,1,2,1
19675,5,2,9,0,10,1,1,0,2,2,0
19676,3,4,11,4,6,1,1,1,1,2,0
19677,6,4,15,2,3,0,0,1,2,4,1
19678,6,4,9,2,13,0,1,1,2,2,0
19679,9,4,11,2,5,0,1,1,2,2,1
19680,8,4,15,4,8,4,1,0,2,2,0
19681,6,6,4,2,3,0,1,1,2,2,0
19682,8,4,11,2,3,0,1,1,1,4,1
19683,10,4,9,2,4,0,1,1,2,2,1
19684,6,4,7,0,1,1,1,0,2,2,0
19685,3,4,7,4,4,3,1,0,0,2,0
19686,8,4,11,4,7,3,1,0,2,2,0
19687,12,4,11,2,5,0,1,1,2,2,0
19688,7,4,9,2,10,0,0,1,2,2,0
19689,9,4,15,0,1,4,1,0,2,2,0
19690,5,4,9,2,8,5,0,0,2,2,1
19691,7,1,15,4,1,1,0,0,2,2,0
19692,8,4,11,4,7,2,1,1,2,1,0
19693,8,4,15,0,13,1,1,0,2,2,0
19694,7,2,7,0,1,4,1,0,2,2,0
19695,6,4,12,2,4,5,1,0,2,2,1
19696,7,0,15,2,0,0,1,1,2,2,1
19697,3,4,12,4,4,1,0,0,2,2,0
19698,6,2,9,4,4,3,1,1,2,2,0
19699,12,1,11,2,4,0,1,1,2,2,0
19700,4,4,8,6,13,1,1,0,1,2,0
19701,11,7,11,2,1,0,1,1,2,2,1
19702,10,4,11,2,6,0,1,1,2,2,0
19703,6,7,15,2,1,5,0,0,2,2,0
19704,10,4,0,2,4,0,1,1,2,4,0
19705,9,4,5,2,3,0,1,1,2,2,0
19706,6,2,15,2,11,0,1,1,0,2,1
19707,7,4,15,2,13,0,1,1,1,2,0
19708,18,4,9,2,12,0,1,1,1,2,1
19709,5,4,15,4,3,3,1,1,2,2,0
19710,6,4,9,2,12,0,1,1,2,2,1
19711,3,4,8,4,3,3,1,0,1,2,0
19712,5,4,12,4,10,4,0,0,2,2,0
19713,3,4,9,4,4,1,1,1,2,2,0
19714,13,1,11,6,1,4,1,0,1,2,0
19715,5,4,9,6,13,1,1,1,2,2,0
19716,11,4,7,2,12,0,0,1,2,2,0
19717,11,4,7,2,3,0,1,1,2,2,0
19718,8,4,2,2,7,0,1,1,2,1,0
19719,13,2,8,2,1,0,1,1,2,2,1
19720,12,4,1,2,14,0,1,1,2,2,1
19721,11,6,11,2,5,0,1,1,2,2,0
19722,9,6,11,2,14,0,1,1,2,2,1
19723,10,4,9,2,6,0,0,1,0,2,0
19724,6,4,11,2,7,0,1,1,3,2,0
19725,9,6,15,2,4,5,1,0,2,2,1
19726,7,0,11,2,0,5,1,0,2,2,0
19727,11,6,15,2,0,0,0,1,1,0,0
19728,3,5,15,4,11,3,1,1,1,2,0
19729,7,4,15,2,14,0,1,1,2,2,1
19730,4,6,11,4,3,1,1,1,0,2,0
19731,6,0,0,3,0,4,0,1,2,2,0
19732,16,0,0,0,0,0,1,1,1,2,1
19733,7,4,11,0,1,4,1,0,2,2,0
19734,7,6,12,2,10,0,1,1,2,2,0
19735,7,5,15,5,12,4,1,1,2,2,0
19736,4,4,15,4,1,1,1,0,2,2,0
19737,10,4,11,2,3,0,1,1,2,2,1
19738,8,4,9,2,4,0,1,1,1,2,1
19739,9,4,15,4,3,1,1,1,1,2,0
19740,5,4,11,0,4,1,1,1,2,2,0
19741,9,1,0,2,7,0,1,1,2,2,1
19742,10,4,11,2,3,0,0,1,2,0,1
19743,8,4,4,0,8,4,1,0,1,2,0
19744,12,4,11,6,1,4,1,0,4,2,1
19745,7,4,15,4,6,1,0,1,2,2,0
19746,13,2,9,2,10,0,1,1,0,2,0
19747,11,2,14,2,10,0,1,1,2,2,0
19748,5,4,11,2,3,0,1,1,2,4,1
19749,10,4,15,4,8,3,1,1,2,2,0
19750,6,0,10,2,0,0,1,1,2,2,1
19751,7,2,11,2,11,0,1,1,2,2,1
19752,4,4,11,3,4,5,1,0,2,2,1
19753,4,5,15,2,4,0,1,1,2,2,1
19754,3,4,9,4,12,1,1,0,0,2,0
19755,8,6,11,2,14,0,1,1,2,2,0
19756,8,4,10,2,10,0,1,1,4,2,1
19757,9,4,11,2,8,5,1,0,2,2,0
19758,4,4,4,4,8,1,1,0,2,2,0
19759,9,2,11,2,8,0,1,1,2,2,0
19760,4,1,15,4,4,3,0,1,2,2,0
19761,6,4,15,2,7,0,0,1,2,2,1
19762,11,4,12,0,10,4,1,0,2,2,0
19763,11,4,15,4,8,1,1,0,2,2,0
19764,6,4,12,0,4,4,1,0,2,2,0
19765,4,4,12,4,6,3,1,1,3,2,0
19766,3,4,9,4,14,3,0,1,1,2,0
19767,8,4,11,2,3,0,1,1,2,2,0
19768,9,4,8,2,1,0,1,1,2,2,0
19769,11,2,9,2,4,0,0,1,2,2,0
19770,6,4,11,2,1,0,1,1,2,2,0
19771,6,4,15,0,1,4,1,0,2,2,0
19772,8,4,14,2,10,0,1,1,2,4,0
19773,7,4,11,4,12,3,1,0,3,2,0
19774,5,4,11,2,14,0,0,1,2,2,0
19775,5,4,6,4,12,3,0,0,2,2,0
19776,3,4,9,4,8,3,1,0,1,2,0
19777,9,2,12,0,4,1,1,1,2,2,1
19778,4,4,15,4,4,3,1,0,2,2,0
19779,6,4,11,2,7,0,1,1,2,2,0
19780,8,4,15,0,1,1,1,0,2,2,0
19781,9,5,11,2,10,0,0,1,2,2,0
19782,6,0,15,4,0,3,1,1,2,2,0
19783,4,0,11,3,0,1,1,0,2,2,0
19784,14,4,11,1,7,3,1,1,1,2,0
19785,3,4,9,4,6,3,1,0,1,2,0
19786,10,4,11,2,6,0,0,1,2,2,1
19787,5,4,15,2,13,0,0,1,2,2,0
19788,5,4,12,4,8,3,1,1,0,2,0
19789,4,0,11,4,0,3,1,1,1,2,0
19790,8,4,9,2,3,0,1,1,2,2,0
19791,7,4,15,2,4,0,1,1,2,2,0
19792,5,6,15,4,5,1,1,1,2,2,0
19793,10,4,12,2,10,0,1,1,1,2,0
19794,4,4,15,4,12,1,1,0,2,2,0
19795,10,1,15,2,10,0,1,1,2,2,0
19796,8,4,15,6,4,4,1,0,2,2,0
19797,7,4,9,0,12,1,1,0,2,2,0
19798,6,4,13,0,7,1,1,0,2,2,1
19799,3,0,8,4,0,1,1,0,1,2,1
19800,6,4,12,4,10,1,1,1,2,2,0
19801,8,4,1,0,3,1,1,1,2,2,1
19802,6,4,11,2,6,0,1,1,2,2,0
19803,7,4,15,4,4,1,1,0,2,2,0
19804,4,5,9,4,4,4,1,0,2,2,0
19805,11,4,11,2,6,0,1,1,1,2,1
19806,4,4,6,4,3,3,1,1,2,2,0
19807,7,6,0,4,3,2,1,1,2,2,0
19808,4,4,9,4,10,3,1,0,0,2,0
19809,7,4,11,0,14,1,1,0,2,2,0
19810,9,4,12,2,8,0,1,1,1,2,0
19811,10,4,11,2,14,0,1,1,2,2,0
19812,7,4,11,0,3,4,1,1,2,2,0
19813,11,6,15,4,3,3,0,1,2,0,0
19814,11,4,7,2,10,0,1,1,2,2,0
19815,4,4,12,4,4,3,1,1,1,2,0
19816,8,4,8,4,8,3,0,0,1,2,0
19817,5,4,11,6,8,1,1,1,2,2,0
19818,4,5,10,2,10,0,1,1,1,2,1
19819,8,4,11,2,12,5,0,0,2,2,1
19820,6,2,8,4,8,3,0,0,2,0,0
19821,8,4,11,0,13,1,1,0,2,2,0
19822,11,4,9,3,4,1,1,1,2,2,0
19823,8,4,0,2,8,0,1,1,2,2,0
19824,4,4,11,4,3,1,1,1,1,2,0
19825,4,4,11,2,3,0,1,1,2,2,1
19826,3,4,11,4,8,1,1,1,1,2,0
19827,5,2,14,4,10,1,1,0,2,2,0
19828,8,4,9,2,12,0,1,1,1,4,0
19829,10,4,11,2,3,0,1,1,2,4,0
19830,6,2,11,2,3,0,1,1,2,2,1
19831,16,2,9,0,10,4,1,0,1,3,0
19832,8,7,9,2,10,0,1,1,2,2,1
19833,7,4,8,0,12,4,1,1,2,2,0
19834,7,4,15,4,4,1,1,0,3,0,1
19835,12,4,15,2,4,0,0,1,1,2,0
19836,8,4,11,4,1,1,1,1,2,2,0
19837,9,4,9,2,7,0,1,1,2,2,1
19838,6,4,9,5,8,1,1,0,2,2,0
19839,7,5,11,4,3,1,1,1,2,2,0
19840,4,4,15,4,4,3,1,1,2,2,0
19841,5,4,15,5,12,1,1,1,2,2,0
19842,9,4,11,2,12,5,1,0,2,2,0
19843,6,2,8,4,1,3,0,0,2,2,0
19844,4,4,9,4,4,1,1,1,2,2,0
19845,9,4,11,2,14,0,0,1,1,2,0
19846,7,2,9,2,10,5,1,1,1,2,1
19847,9,6,6,0,3,4,1,1,3,2,0
19848,7,4,11,2,14,0,1,1,1,2,0
19849,3,4,15,4,8,3,1,0,3,2,0
19850,6,4,7,4,1,1,1,1,2,2,1
19851,8,4,15,0,8,1,1,1,2,2,0
19852,7,6,11,0,3,1,1,1,3,2,0
19853,7,4,0,2,4,0,1,1,2,2,0
19854,12,1,9,2,13,0,1,1,2,2,1
19855,4,2,11,0,1,4,1,0,3,2,0
19856,7,4,15,0,7,4,1,1,2,2,0
19857,4,4,0,4,7,3,1,0,1,2,0
19858,14,4,1,2,3,0,1,1,3,2,0
19859,7,1,15,3,1,1,1,0,2,2,0
19860,7,6,9,4,11,1,0,1,2,0,0
19861,8,4,8,3,13,5,0,0,1,1,0
19862,7,4,6,2,7,2,1,0,2,2,0
19863,4,4,11,4,12,3,1,1,2,2,0
19864,10,4,9,0,3,1,1,1,3,2,0
19865,9,4,5,2,5,0,1,1,2,0,0
19866,6,4,11,2,3,0,0,1,2,2,0
19867,5,4,15,4,1,1,1,0,2,2,0
19868,4,4,8,2,3,0,1,1,2,2,0
19869,8,6,8,2,12,5,1,0,2,2,0
19870,9,6,9,0,4,4,1,1,2,2,0
19871,7,4,1,0,7,4,1,0,3,2,0
19872,4,4,9,2,12,0,1,1,0,2,0
19873,3,4,11,4,12,3,1,1,0,2,0
19874,10,4,15,2,8,0,0,1,2,2,1
19875,10,4,11,2,3,0,1,1,2,2,1
19876,11,4,15,2,10,0,1,1,2,4,0
19877,7,5,12,4,10,1,1,0,1,2,0
19878,8,4,15,2,3,0,0,1,2,2,1
19879,9,4,1,2,7,0,1,1,2,2,1
19880,7,4,11,4,1,3,0,0,2,2,0
19881,6,4,9,4,1,1,1,0,2,2,0
19882,6,4,8,2,4,0,1,1,2,2,0
19883,6,4,11,4,1,4,0,0,2,0,0
19884,6,4,11,2,6,0,1,1,4,2,0
19885,7,4,5,2,9,0,0,1,3,2,1
19886,9,4,15,2,10,5,1,0,2,2,1
19887,12,4,12,2,10,0,1,1,2,2,1
19888,3,4,15,4,5,1,1,1,1,2,0
19889,7,5,11,2,11,0,1,1,2,2,1
19890,4,6,11,4,3,1,1,1,2,2,0
19891,5,1,15,2,4,0,0,1,2,2,0
19892,10,4,15,0,8,1,1,0,2,2,0
19893,10,4,11,2,14,0,0,1,2,2,0
19894,3,4,11,4,5,3,1,1,2,2,0
19895,11,4,15,2,13,0,0,1,2,2,1
19896,7,4,15,2,14,0,1,1,2,2,0
19897,5,4,9,4,10,1,1,1,3,2,0
19898,7,4,11,2,3,0,1,1,1,2,0
19899,9,4,8,0,13,1,1,1,2,2,0
19900,6,6,15,4,10,3,1,0,2,2,0
19901,6,4,15,0,1,4,0,0,4,2,0
19902,9,4,15,2,6,0,0,1,3,2,0
19903,12,4,9,2,14,0,1,1,2,2,1
19904,4,4,12,4,10,2,1,0,2,2,0
19905,5,4,11,4,12,3,1,1,2,2,0
19906,5,4,11,2,14,0,1,1,1,2,1
19907,5,4,15,4,10,1,1,1,2,2,0
19908,4,4,11,4,1,2,1,0,1,2,0
19909,3,4,15,4,3,1,0,1,0,0,0
19910,11,1,11,2,14,0,1,1,2,2,1
19911,3,4,11,4,12,3,1,0,2,2,0
19912,6,4,9,2,6,0,1,1,2,2,1
19913,8,4,11,2,3,0,1,1,1,2,1
19914,4,6,6,4,3,3,1,1,2,2,0
19915,5,4,11,0,4,4,1,0,2,2,0
19916,10,4,2,0,3,1,1,0,2,2,0
19917,7,4,2,4,6,3,0,1,2,0,0
19918,9,4,15,4,7,1,0,0,3,2,0
19919,10,6,15,2,3,0,1,1,1,2,0
19920,4,6,15,2,3,5,1,0,1,2,1
19921,4,4,9,0,4,1,0,1,2,4,0
19922,8,4,1,0,6,1,1,1,2,2,0
19923,6,6,0,4,3,1,1,1,3,2,0
19924,7,4,15,2,1,0,1,1,2,2,1
19925,5,4,11,2,3,0,1,1,1,2,1
19926,4,4,15,4,1,1,1,0,2,2,0
19927,9,4,11,0,1,4,1,0,2,2,0
19928,8,4,12,0,10,1,1,0,2,2,0
19929,9,2,9,2,4,0,1,1,2,2,1
19930,7,4,15,2,5,0,1,1,2,2,0
19931,4,4,9,4,12,3,1,1,2,2,0
19932,7,1,14,2,10,0,1,1,2,2,1
19933,6,0,8,2,0,0,1,1,1,2,0
19934,5,4,15,2,8,5,0,0,1,2,0
19935,13,2,9,2,10,5,1,0,2,2,0
19936,5,4,0,2,3,0,1,1,3,2,0
19937,10,4,10,0,10,1,1,1,2,2,0
19938,5,5,8,4,4,1,1,0,2,2,0
19939,5,5,11,4,12,1,1,1,2,2,0
19940,8,4,5,2,3,0,0,1,2,0,1
19941,7,4,11,2,1,0,1,1,1,2,1
19942,7,4,11,0,3,1,1,1,2,2,0
19943,3,4,7,4,7,1,1,0,1,2,0
19944,12,6,11,6,5,1,1,1,1,2,0
19945,6,4,9,0,1,1,1,0,2,2,0
19946,8,2,9,5,11,1,0,1,2,2,0
19947,8,4,8,0,1,1,1,0,2,2,0
19948,4,6,8,0,5,1,1,1,2,2,0
19949,5,2,15,4,8,3,1,1,2,2,0
19950,7,2,11,0,10,4,0,0,2,2,0
19951,10,4,11,2,7,0,1,1,2,2,1
19952,8,0,9,2,0,0,1,1,2,2,0
19953,8,4,1,2,8,0,1,1,1,2,1
19954,12,4,15,2,14,0,1,1,1,2,1
19955,3,4,0,2,8,0,1,1,1,2,1
19956,6,4,9,4,4,1,1,0,2,2,0
19957,6,4,15,2,3,0,1,1,2,0,0
19958,7,4,15,0,12,4,1,1,2,2,0
19959,13,4,0,4,14,1,1,0,0,2,0
19960,4,1,9,0,1,1,1,0,1,2,0
19961,4,2,12,4,10,1,1,1,2,2,0
19962,10,4,11,2,8,0,1,1,2,2,0
19963,5,4,11,3,12,1,1,1,2,2,0
19964,5,2,15,4,8,1,1,1,3,2,0
19965,7,4,11,2,14,0,1,1,2,2,1
19966,7,4,11,2,8,3,1,0,2,2,0
19967,5,4,14,0,10,1,1,0,2,2,0
19968,7,4,9,2,12,0,1,1,2,4,0
19969,10,0,11,4,0,3,1,1,2,2,0
19970,8,4,1,2,8,0,1,1,2,2,0
19971,12,2,9,6,4,1,1,1,2,2,0
19972,9,4,9,0,4,1,1,1,2,2,0
19973,11,6,15,2,12,0,1,1,2,2,1
19974,3,4,11,4,3,3,1,1,1,2,0
19975,6,7,9,2,4,0,1,1,2,2,0
19976,16,4,11,2,5,0,1,1,1,2,1
19977,8,4,9,2,6,0,1,1,0,2,1
19978,9,4,14,4,10,2,1,1,1,2,0
19979,10,6,15,0,10,1,1,0,2,2,0
19980,13,4,0,0,8,4,0,0,2,0,0
19981,12,4,12,3,12,1,0,1,2,2,0
19982,11,4,15,2,4,0,1,1,1,2,1
19983,5,5,5,4,3,3,1,1,3,2,0
19984,10,7,11,2,10,0,1,1,3,2,1
19985,8,4,12,2,12,0,1,1,2,2,0
19986,12,4,12,2,4,0,0,1,2,0,0
19987,8,4,11,2,8,0,0,1,2,2,0
19988,6,2,9,4,4,1,1,0,3,2,0
19989,3,4,11,2,6,0,1,1,2,2,0
19990,12,2,9,2,10,0,1,1,2,2,0
19991,6,4,11,4,7,1,1,0,2,2,0
19992,8,4,10,0,4,1,1,1,2,2,0
19993,5,1,11,4,4,3,0,0,1,0,0
19994,8,4,15,2,4,0,1,1,2,2,0
19995,5,6,7,4,1,1,1,0,2,3,1
19996,7,4,9,2,12,0,1,1,2,2,0
19997,10,4,11,2,3,0,1,1,2,2,1
19998,11,4,1,2,7,0,0,1,2,0,0
19999,6,4,11,3,12,5,1,0,0,2,1
20000,6,4,11,4,14,2,1,1,2,2,0
20001,11,4,9,2,8,0,0,1,2,2,1
20002,7,7,0,2,8,5,1,0,2,2,0
20003,5,6,9,4,12,1,1,1,2,2,0
20004,5,4,9,4,12,1,1,0,1,2,0
20005,10,2,12,2,10,0,1,1,2,2,1
20006,8,4,11,0,12,4,1,0,2,2,0
20007,11,0,1,0,0,4,1,0,2,2,0
20008,9,4,0,2,6,0,1,1,1,2,0
20009,7,6,15,0,12,4,1,1,2,2,0
20010,7,4,15,2,10,0,1,1,2,1,0
20011,13,2,9,6,8,1,1,1,0,2,0
20012,13,4,1,2,8,0,1,1,1,2,1
20013,4,1,11,4,1,4,0,0,1,2,0
20014,6,6,15,0,8,1,1,0,2,2,1
20015,4,4,11,4,8,2,1,0,1,2,0
20016,9,1,7,2,3,0,0,1,2,2,0
20017,8,7,15,5,10,4,1,0,2,2,0
20018,3,4,9,4,12,1,1,0,0,2,0
20019,7,4,11,2,4,0,1,1,2,2,1
20020,6,6,15,5,5,1,1,1,2,2,0
20021,5,4,7,4,4,1,0,1,2,2,0
20022,6,4,15,4,3,3,1,1,2,2,1
20023,9,4,9,5,12,4,1,0,2,2,0
20024,5,4,9,4,12,3,1,1,2,2,0
20025,11,5,9,3,10,1,1,0,2,2,0
20026,4,4,9,4,4,3,1,0,1,2,0
20027,7,4,9,2,10,5,1,0,2,2,0
20028,8,5,11,2,12,0,1,1,2,2,1
20029,11,4,15,5,1,2,1,0,2,2,0
20030,5,4,11,2,3,0,1,1,2,2,1
20031,6,4,9,4,4,3,1,0,2,2,0
20032,7,4,9,2,13,0,1,1,2,2,0
20033,8,4,9,3,10,1,1,1,2,2,0
20034,8,2,11,0,10,1,0,1,2,2,0
20035,9,4,11,2,4,0,1,1,1,2,1
20036,13,4,15,0,1,4,1,1,2,2,0
20037,8,4,1,4,3,1,1,1,4,2,0
20038,10,4,11,2,8,0,1,1,2,2,1
20039,4,4,15,4,3,3,1,0,2,2,0
20040,9,4,15,2,13,0,1,1,2,2,1
20041,3,5,11,4,4,1,1,1,0,2,0
20042,12,6,11,0,4,4,1,0,2,2,0
20043,12,4,15,2,1,0,1,1,2,2,0
20044,11,4,12,4,4,4,1,0,3,2,0
20045,11,4,9,2,4,0,1,1,2,2,0
20046,12,4,11,6,8,1,0,1,0,2,0
20047,9,2,9,4,10,3,1,1,2,2,0
20048,9,0,11,2,0,0,1,1,2,2,1
20049,10,4,11,2,4,5,1,1,2,2,1
20050,4,4,15,4,6,3,0,1,2,2,0
20051,9,4,11,2,12,0,1,1,2,2,0
20052,9,6,1,2,8,0,0,1,1,2,0
20053,8,4,11,4,14,1,1,1,2,2,0
20054,8,1,11,2,4,0,1,1,2,2,0
20055,4,7,14,4,10,1,1,0,0,2,0
20056,6,4,9,2,10,0,1,1,1,2,0
20057,5,4,1,4,7,3,1,0,0,2,0
20058,7,4,11,0,14,1,1,1,4,2,0
20059,15,6,11,2,3,0,1,1,3,2,0
20060,5,4,15,6,12,1,1,0,0,2,0
20061,7,4,9,2,8,5,1,0,2,2,1
20062,3,4,9,4,1,1,1,0,1,1,0
20063,7,4,4,4,8,4,1,0,2,2,0
20064,6,4,11,4,14,2,0,0,1,2,0
20065,9,7,9,4,4,3,1,1,2,2,0
20066,7,4,11,4,1,4,1,0,2,2,0
20067,8,4,2,2,11,0,1,1,2,2,1
20068,6,4,11,3,8,4,0,0,2,2,0
20069,7,5,11,2,4,0,1,1,2,2,1
20070,12,1,9,2,4,0,1,1,2,2,1
20071,7,6,15,0,3,0,1,1,2,2,0
20072,6,4,8,2,6,0,1,1,2,2,0
20073,5,4,15,2,12,0,1,1,3,2,0
20074,7,4,11,2,7,0,1,1,2,2,0
20075,4,6,11,2,12,5,1,0,1,2,1
20076,7,4,1,2,14,0,1,1,2,2,1
20077,4,2,12,4,10,1,1,1,2,2,0
20078,7,6,11,2,8,0,0,1,1,2,0
20079,10,4,9,0,12,1,1,1,1,2,0
20080,13,4,11,2,3,0,1,1,0,2,1
20081,4,4,9,4,10,1,1,1,2,2,0
20082,12,4,1,2,3,0,1,1,2,2,0
20083,8,6,0,2,3,0,1,1,2,2,1
20084,4,7,9,4,1,1,1,0,2,2,0
20085,8,4,15,5,6,4,1,0,2,2,0
20086,7,4,15,2,1,0,1,1,2,2,1
20087,9,4,11,4,1,1,1,0,3,2,1
20088,5,7,12,4,10,3,0,1,2,2,0
20089,12,4,9,5,10,1,1,1,4,2,0
20090,4,0,15,4,0,2,0,1,1,2,0
20091,11,4,11,2,10,5,1,0,1,2,0
20092,11,4,7,6,7,1,1,1,2,2,0
20093,6,4,15,4,4,3,1,1,2,2,0
20094,10,2,12,2,10,0,1,1,2,2,1
20095,4,5,11,4,4,1,1,0,2,2,0
20096,4,4,5,4,8,4,0,0,2,2,0
20097,8,4,11,2,7,0,1,1,2,4,1
20098,9,4,9,2,12,2,1,1,1,2,1
20099,6,0,2,5,6,4,1,1,2,2,0
20100,12,4,1,0,7,4,1,0,2,2,0
20101,4,4,15,4,10,1,1,1,2,2,0
20102,6,2,10,2,10,0,1,1,2,2,0
20103,4,4,8,4,1,4,1,0,2,2,0
20104,10,5,11,5,14,1,1,1,2,2,0
20105,4,2,7,4,10,3,1,0,2,2,0
20106,4,4,9,2,12,0,1,1,2,2,0
20107,8,4,9,2,13,0,1,1,2,2,0
20108,7,4,9,2,4,0,1,1,1,2,0
20109,8,4,11,2,1,5,1,0,1,2,1
20110,10,4,11,2,7,0,1,1,2,2,0
20111,6,6,9,2,4,5,1,0,1,2,0
20112,9,4,0,4,14,3,1,1,1,2,0
20113,12,4,9,0,13,1,1,1,0,2,0
20114,7,6,7,2,4,0,1,1,1,2,1
20115,7,6,11,2,12,0,1,1,2,2,0
20116,9,4,12,2,10,0,1,1,2,2,1
20117,6,1,11,2,6,0,1,1,2,2,0
20118,7,4,11,4,1,2,0,0,3,2,0
20119,8,4,15,3,3,1,1,1,2,2,0
20120,8,4,7,2,12,0,1,1,1,2,0
20121,5,4,15,4,12,1,1,0,2,2,0
20122,9,4,9,2,6,0,0,1,1,2,0
20123,3,6,0,2,5,0,1,1,0,2,0
20124,11,4,15,6,4,1,1,0,2,2,0
20125,10,4,9,2,12,0,1,1,2,2,0
20126,11,0,9,2,0,0,1,1,2,2,0
20127,5,4,11,4,1,1,0,0,1,2,0
20128,10,0,13,2,0,0,1,1,2,3,0
20129,7,4,15,2,3,0,1,1,2,2,1
20130,7,4,1,2,8,5,1,0,2,2,0
20131,10,6,11,2,3,0,1,1,2,2,1
20132,7,4,7,5,12,4,1,0,2,2,0
20133,6,4,11,5,1,4,1,0,4,2,0
20134,9,6,15,2,3,0,1,1,2,2,0
20135,9,4,11,5,1,1,1,0,2,2,0
20136,7,4,15,4,1,1,1,0,2,2,0
20137,9,6,11,0,12,4,1,1,2,2,0
20138,6,5,9,2,4,0,1,1,2,2,1
20139,10,4,12,4,4,1,0,1,2,2,0
20140,8,4,9,0,10,1,0,0,2,0,0
20141,4,2,12,4,10,3,1,0,2,2,0
20142,7,4,9,4,12,1,1,0,3,2,0
20143,8,4,15,0,12,1,1,1,1,2,1
20144,3,2,5,4,10,1,0,1,1,0,1
20145,13,4,11,6,1,1,1,1,1,4,0
20146,9,2,5,5,5,4,1,1,2,2,0
20147,3,4,11,4,1,1,1,0,3,2,0
20148,8,4,12,2,4,0,1,1,2,2,1
20149,10,0,11,0,0,3,1,1,2,2,0
20150,4,5,12,4,4,3,1,0,0,2,0
20151,8,4,15,2,1,0,1,1,2,2,1
20152,4,0,9,4,0,1,1,1,2,2,0
20153,7,4,9,2,12,0,1,1,2,2,1
20154,6,4,9,2,10,0,1,1,2,2,1
20155,8,4,7,2,4,0,0,1,2,2,0
20156,4,4,15,4,1,3,1,1,2,2,0
20157,9,2,14,2,10,0,1,1,2,2,0
20158,5,4,11,2,11,0,0,1,2,0,0
20159,8,4,9,2,10,5,1,0,1,2,1
20160,13,1,7,6,13,4,1,0,0,2,0
20161,6,4,11,2,4,1,1,0,2,2,0
20162,4,6,11,4,12,3,1,1,1,2,0
20163,4,4,14,4,10,1,1,0,2,2,0
20164,5,4,11,2,3,0,1,1,2,2,0
20165,7,4,1,2,14,0,0,1,2,2,1
20166,4,1,12,4,1,1,1,0,2,2,0
20167,8,4,9,2,4,0,1,1,2,2,0
20168,13,4,15,2,1,5,1,0,2,2,1
20169,3,4,11,2,6,0,1,1,2,2,0
20170,10,4,15,4,1,1,1,0,2,2,0
20171,6,6,15,2,10,0,1,1,2,2,1
20172,5,4,9,4,10,1,0,1,1,2,0
20173,6,4,15,2,14,0,1,1,2,2,0
20174,7,4,14,2,10,0,1,1,1,2,0
20175,15,4,15,6,3,1,1,1,0,2,0
20176,7,4,11,2,12,0,1,1,2,2,0
20177,8,4,7,2,10,0,0,1,2,2,0
20178,3,7,9,4,11,1,1,1,2,2,0
20179,5,4,15,3,4,1,1,1,2,2,0
20180,8,5,9,0,10,1,0,1,1,2,0
20181,5,2,9,6,10,4,1,0,1,2,0
20182,8,4,7,2,4,0,1,1,1,2,1
20183,9,4,11,4,3,1,1,1,2,2,0
20184,5,4,14,0,4,4,1,0,2,1,0
20185,5,4,15,2,10,5,1,0,2,2,0
20186,10,4,11,2,3,0,1,1,2,2,1
20187,6,4,15,0,8,1,1,1,2,2,1
20188,3,4,11,4,7,2,0,1,1,2,0
20189,7,4,9,0,10,1,1,1,2,2,0
20190,7,4,11,0,12,4,1,0,2,2,0
20191,6,2,15,2,1,5,1,0,1,2,0
20192,7,4,11,2,7,0,1,1,2,2,1
20193,4,4,5,4,14,3,1,1,0,2,0
20194,8,8,0,2,5,0,1,1,2,2,1
20195,6,4,11,4,14,2,1,1,2,2,0
20196,6,7,9,2,10,0,1,1,2,2,0
20197,4,4,15,4,1,4,1,0,0,2,0
20198,7,4,8,2,12,0,1,1,2,2,1
20199,10,4,15,0,8,4,0,0,2,2,0
20200,9,4,12,2,5,0,1,1,2,2,0
20201,8,4,11,2,6,0,0,1,2,2,1
20202,5,4,7,4,8,1,1,1,2,2,0
20203,15,4,11,6,8,1,1,1,0,2,0
20204,7,4,11,2,8,5,0,0,2,2,1
20205,11,4,9,2,1,0,1,1,2,2,0
20206,10,0,15,2,0,0,1,1,2,2,1
20207,4,1,15,4,1,3,1,1,2,3,0
20208,11,2,12,2,10,0,1,1,1,3,1
20209,4,4,15,2,3,0,0,1,1,2,0
20210,8,4,11,0,7,1,1,1,2,2,0
20211,3,4,11,4,3,3,1,1,1,2,0
20212,6,4,11,2,1,0,1,1,3,2,1
20213,4,4,11,4,13,3,1,1,2,2,0
20214,9,4,15,2,12,0,1,1,2,2,1
20215,9,4,8,2,14,0,1,1,2,2,0
20216,7,4,0,2,3,0,1,1,2,2,0
20217,14,6,10,1,10,4,1,0,3,2,0
20218,7,4,11,2,7,0,1,1,2,2,1
20219,14,4,15,2,11,0,1,1,1,2,0
20220,7,4,11,2,12,0,1,1,2,2,1
20221,5,4,5,4,8,3,1,1,2,2,0
20222,4,4,11,4,1,3,1,0,2,2,0
20223,11,4,15,2,12,0,1,1,1,2,0
20224,3,4,1,4,3,3,1,1,1,2,0
20225,6,4,1,4,8,1,0,0,3,2,0
20226,4,6,11,4,12,3,1,1,0,2,0
20227,7,4,15,4,12,1,1,0,2,2,0
20228,5,5,9,2,12,0,1,1,2,2,0
20229,4,4,0,4,6,3,1,1,0,2,0
20230,10,4,9,2,8,5,1,0,2,2,0
20231,4,4,11,4,7,3,1,1,1,2,0
20232,5,4,11,4,3,3,1,0,2,2,0
20233,14,2,12,2,10,0,0,1,1,2,1
20234,6,4,12,0,10,4,1,0,1,2,0
20235,8,4,11,4,1,3,1,0,2,2,0
20236,10,6,15,2,10,5,1,0,2,2,1
20237,7,6,9,2,10,0,1,1,2,2,0
20238,3,4,11,4,12,1,1,1,1,2,0
20239,7,4,11,2,6,0,1,1,2,2,0
20240,6,0,9,2,0,0,1,1,1,1,0
20241,7,4,11,2,8,0,1,1,2,2,1
20242,9,4,8,2,12,0,1,1,2,2,0
20243,4,4,14,4,4,1,0,1,2,2,0
20244,11,4,11,2,6,0,0,1,1,2,0
20245,6,4,9,2,4,0,1,1,0,2,1
20246,9,4,11,4,12,3,1,1,2,2,0
20247,7,0,15,0,0,1,1,1,2,2,0
20248,11,2,10,2,10,0,1,1,2,2,1
20249,7,4,15,2,4,0,1,1,2,2,1
20250,7,4,11,2,12,0,1,1,2,2,1
20251,5,4,11,4,12,1,1,1,0,2,0
20252,5,4,1,2,3,0,1,1,2,2,1
20253,7,6,14,4,10,4,0,0,2,2,0
20254,3,4,11,4,3,3,0,1,0,4,0
20255,5,4,11,2,3,0,1,1,0,2,0
20256,4,6,11,4,8,4,1,0,0,2,0
20257,3,4,11,4,4,1,1,1,3,2,0
20258,8,2,11,2,10,0,0,1,2,2,0
20259,7,4,15,2,6,0,1,1,3,2,0
20260,7,2,11,4,11,3,1,1,2,2,0
20261,8,4,12,2,8,5,1,0,2,1,1
20262,6,4,15,2,4,0,1,1,2,2,0
20263,13,4,1,2,14,0,1,1,2,2,0
20264,6,4,0,5,1,1,1,1,3,2,0
20265,4,4,0,4,8,2,1,0,1,2,0
20266,8,4,11,0,8,4,1,1,2,2,1
20267,9,0,12,0,0,2,1,1,1,2,0
20268,12,4,11,2,1,0,0,1,2,0,1
20269,6,4,9,5,10,2,1,0,2,2,0
20270,7,7,11,2,4,0,1,1,2,2,0
20271,5,4,15,0,12,4,1,0,1,2,0
20272,6,0,15,2,0,0,1,1,2,2,0
20273,6,4,15,4,6,1,1,1,2,2,0
20274,12,4,7,2,10,0,1,1,4,2,1
20275,9,4,9,0,8,1,1,1,2,2,0
20276,13,4,9,2,10,0,1,1,1,2,1
20277,11,4,11,6,12,1,1,0,0,2,0
20278,14,4,11,2,14,0,1,1,1,2,0
20279,6,6,11,4,8,3,1,1,2,1,0
20280,5,4,9,4,10,3,1,0,2,2,0
20281,10,7,9,4,10,1,1,1,2,2,0
20282,9,6,6,2,3,0,1,1,2,2,0
20283,9,4,11,2,5,0,1,1,3,2,1
20284,7,4,9,2,4,0,1,1,2,2,0
20285,11,4,9,2,4,0,1,1,2,4,0
20286,3,0,15,4,0,1,0,1,1,2,1
20287,8,4,15,2,10,0,0,1,2,2,1
20288,8,4,11,0,1,4,1,0,2,2,0
20289,4,2,11,4,1,3,0,0,2,2,0
20290,8,7,1,2,8,0,1,1,3,2,0
20291,11,5,14,6,4,1,1,1,2,2,0
20292,9,4,11,6,14,4,1,1,2,2,0
20293,3,6,12,4,1,3,1,0,1,1,0
20294,10,4,11,2,7,0,1,1,2,2,0
20295,11,4,9,0,3,1,0,1,2,2,0
20296,7,4,6,2,3,0,1,1,2,2,0
20297,7,2,9,4,10,3,1,0,2,2,0
20298,5,4,9,4,8,3,1,0,2,2,0
20299,11,6,11,2,12,0,1,1,2,2,0
20300,5,4,11,4,4,3,1,0,2,2,0
20301,5,4,15,0,1,4,1,0,2,2,1
20302,7,4,11,2,3,0,1,1,2,2,1
20303,4,4,15,4,1,3,1,0,2,2,0
20304,9,4,15,2,10,0,1,1,2,2,1
20305,6,4,14,2,10,0,1,1,1,2,1
20306,7,5,11,4,12,3,1,0,1,2,0
20307,5,4,12,2,12,0,1,1,2,2,0
20308,10,4,11,2,1,5,1,0,2,2,1
20309,12,5,15,0,4,3,1,1,2,2,0
20310,6,4,11,2,8,0,0,1,2,0,0
20311,5,6,8,4,4,1,1,0,2,2,0
20312,10,4,12,2,4,0,1,1,2,2,1
20313,7,4,15,2,4,5,1,0,2,2,1
20314,6,4,11,2,7,0,1,1,1,2,1
20315,6,4,9,2,4,0,1,1,2,2,0
20316,7,4,6,2,3,0,0,1,2,2,0
20317,9,4,7,2,3,0,1,1,2,2,1
20318,10,6,8,2,12,5,1,0,2,2,1
20319,5,4,15,5,1,2,1,0,1,2,0
20320,9,4,11,2,12,0,1,1,2,2,0
20321,15,4,0,0,14,4,1,1,0,2,0
20322,13,4,1,0,8,4,0,0,2,0,0
20323,4,5,12,4,10,4,1,0,2,2,0
20324,12,4,9,2,14,0,1,1,2,2,1
20325,7,4,9,2,8,0,1,1,3,2,1
20326,4,7,14,4,4,3,1,1,0,2,0
20327,7,4,15,4,7,3,1,0,2,2,0
20328,4,4,9,4,10,1,1,0,0,2,0
20329,12,4,8,2,13,0,1,1,1,2,1
20330,7,4,15,2,1,3,1,0,2,2,0
20331,8,4,11,2,7,0,1,1,1,2,0
20332,9,4,15,0,1,1,0,0,2,2,1
20333,6,4,11,5,1,1,1,0,2,2,0
20334,8,4,11,2,1,0,1,1,3,2,1
20335,5,6,9,4,8,3,1,0,2,2,0
20336,4,4,11,4,8,3,1,0,0,2,0
20337,6,4,8,2,13,0,1,1,2,2,0
20338,4,4,11,4,3,1,1,1,2,2,0
20339,5,4,11,2,6,0,1,1,2,2,1
20340,11,4,8,2,10,0,0,1,2,2,1
20341,8,4,15,2,12,0,1,1,2,2,0
20342,7,6,14,4,10,1,1,1,2,2,0
20343,4,7,10,4,10,1,1,1,2,2,0
20344,6,4,15,2,14,0,1,1,2,2,1
20345,10,6,11,2,5,0,1,1,1,2,0
20346,7,4,11,2,14,0,0,1,2,2,1
20347,12,6,7,2,4,0,1,1,2,2,0
20348,6,4,11,4,10,1,0,1,2,2,0
20349,6,4,11,5,3,1,1,1,2,2,0
20350,4,4,11,4,6,4,1,0,2,2,0
20351,8,1,12,3,10,1,1,0,2,4,0
20352,3,4,11,4,11,3,1,1,1,2,0
20353,3,2,14,4,10,4,1,1,1,2,0
20354,7,4,14,2,10,0,1,1,2,2,0
20355,10,0,11,2,0,0,1,1,2,2,1
20356,10,4,11,2,6,0,1,1,2,2,1
20357,4,4,11,4,1,4,0,0,2,2,0
20358,8,4,11,2,8,0,1,1,2,4,0
20359,10,4,11,2,3,0,1,1,2,2,1
20360,4,4,11,4,1,3,0,0,1,2,0
20361,5,4,14,4,10,1,1,0,2,2,0
20362,11,2,15,0,1,1,1,1,2,2,0
20363,9,4,15,0,1,1,1,0,2,2,0
20364,4,6,0,4,8,4,0,0,1,0,0
20365,4,4,11,4,8,3,1,1,2,2,0
20366,8,4,15,2,1,0,1,1,2,2,0
20367,6,4,11,2,3,0,1,1,2,2,0
20368,13,4,11,2,8,0,1,1,0,2,0
20369,7,4,11,2,7,5,1,0,3,2,0
20370,9,4,15,2,3,0,0,1,2,2,1
20371,9,4,15,2,12,5,0,0,3,2,0
20372,5,4,9,4,14,3,1,1,2,2,0
20373,9,4,7,2,4,0,1,1,2,2,0
20374,12,4,9,2,4,0,1,1,2,2,1
20375,9,4,11,4,12,1,1,1,2,2,0
20376,8,2,12,2,10,0,1,1,1,2,0
20377,5,4,11,4,12,3,1,0,2,2,0
20378,5,4,7,4,1,3,1,1,2,2,0
20379,7,2,10,0,10,1,1,0,2,2,0
20380,5,1,11,2,4,0,1,1,2,2,0
20381,10,4,11,2,12,0,1,1,2,2,0
20382,8,4,11,2,10,0,1,1,2,2,1
20383,3,4,15,4,6,3,1,1,1,2,0
20384,4,4,9,2,3,0,1,1,2,2,0
20385,13,6,11,6,14,1,0,0,2,0,0
20386,5,0,15,4,0,1,1,1,1,2,0
20387,3,4,11,4,1,1,0,0,0,4,0
20388,4,4,15,4,13,1,0,1,2,0,0
20389,6,4,15,2,12,0,1,1,1,2,0
20390,7,4,9,4,4,1,1,1,2,2,1
20391,4,4,8,4,1,1,0,0,2,2,0
20392,7,4,7,4,4,1,1,0,2,2,0
20393,10,4,15,2,6,0,0,1,2,2,0
20394,6,4,15,0,1,4,1,0,1,2,0
20395,13,4,11,2,14,0,0,1,1,2,0
20396,9,7,8,2,13,0,1,1,1,2,1
20397,10,4,15,5,4,4,1,0,2,2,0
20398,6,4,11,4,12,3,1,0,3,2,0
20399,8,7,12,2,10,0,1,1,2,2,1
20400,12,4,9,0,10,4,0,0,2,0,0
20401,9,4,8,2,12,0,1,1,2,2,1
20402,9,7,12,4,8,3,0,1,1,0,0
20403,8,6,15,0,3,1,1,1,2,2,0
20404,6,4,15,5,13,4,1,0,2,2,0
20405,5,4,15,5,1,1,1,0,1,2,0
20406,11,2,0,2,8,0,1,1,1,2,0
20407,8,4,8,5,12,1,1,1,2,2,0
20408,9,6,15,4,12,3,0,1,2,2,0
20409,4,4,11,4,8,1,1,0,2,4,0
20410,5,4,11,4,8,1,1,0,2,2,0
20411,12,4,11,0,3,4,1,1,2,2,0
20412,13,4,12,2,10,0,1,1,2,2,0
20413,4,0,0,4,0,3,1,1,2,2,0
20414,7,4,5,2,3,0,1,1,2,2,0
20415,6,4,15,2,6,0,1,1,2,2,0
20416,10,4,11,2,4,0,1,1,2,2,0
20417,5,4,9,2,13,0,1,1,2,2,0
20418,8,2,15,2,13,0,0,1,1,2,0
20419,10,6,4,2,0,0,1,1,2,2,0
20420,9,4,11,2,12,0,0,1,2,0,1
20421,12,4,11,2,4,0,1,1,1,2,1
20422,3,4,7,4,1,1,1,0,2,2,0
20423,5,4,11,4,1,3,1,0,2,2,0
20424,8,4,9,0,12,3,1,1,2,2,0
20425,4,2,15,4,14,2,1,0,2,2,0
20426,11,4,15,2,10,0,1,1,2,2,1
20427,12,7,11,3,11,1,1,1,1,2,0
20428,7,2,11,2,11,0,1,1,2,2,0
20429,6,4,9,2,4,0,1,1,2,2,1
20430,7,4,15,2,4,0,1,1,2,2,1
20431,7,4,11,2,8,5,0,0,1,2,1
20432,6,7,12,2,10,0,1,1,2,2,0
20433,7,4,0,4,12,1,1,1,3,2,0
20434,6,2,12,2,10,0,1,1,2,2,1
20435,7,4,15,2,10,0,1,1,2,2,1
20436,7,1,9,2,10,0,1,1,3,2,1
20437,9,4,8,2,13,0,1,1,2,2,0
20438,10,4,9,2,12,0,1,1,2,2,0
20439,5,4,11,4,12,1,1,0,2,2,0
20440,10,4,15,6,4,1,1,0,3,2,0
20441,10,4,0,4,6,3,1,1,2,2,0
20442,6,4,11,2,8,5,1,0,2,2,0
20443,6,2,10,2,10,0,1,1,1,2,1
20444,5,4,9,4,1,1,1,0,2,2,0
20445,7,2,12,2,10,0,1,1,2,2,1
20446,10,6,7,6,10,4,1,0,2,2,0
20447,6,6,11,4,3,3,1,1,2,2,0
20448,6,4,10,4,10,1,1,1,1,2,0
20449,4,2,11,4,14,1,1,1,2,2,0
20450,10,4,15,2,3,0,1,1,2,2,1
20451,11,4,2,2,11,0,1,1,1,2,0
20452,4,4,11,4,3,3,1,1,2,2,0
20453,10,1,11,2,6,0,1,1,2,2,1
20454,11,4,11,2,3,0,1,1,0,2,1
20455,8,4,14,0,10,1,1,1,2,2,0
20456,3,4,11,4,6,3,1,0,1,2,0
20457,11,6,11,0,3,1,0,1,2,2,0
20458,7,4,11,0,3,0,1,1,1,2,1
20459,3,4,7,4,1,3,1,0,1,2,0
20460,5,7,7,5,4,4,1,0,2,2,0
20461,6,2,9,4,10,1,1,0,2,2,0
20462,8,4,15,2,13,0,0,1,3,2,0
20463,7,4,11,2,14,0,1,1,2,2,0
20464,9,4,1,2,3,0,1,1,1,2,0
20465,4,4,9,4,1,3,1,0,2,2,0
20466,11,4,11,2,1,0,1,1,2,2,0
20467,8,4,9,4,12,1,1,0,1,2,0
20468,8,4,11,2,1,0,1,1,2,2,0
20469,8,2,15,4,10,3,1,0,2,2,0
20470,10,6,11,2,5,0,1,1,1,2,1
20471,8,4,12,2,10,0,1,1,3,2,1
20472,5,4,7,4,3,1,1,1,2,2,0
20473,9,4,8,0,1,1,0,0,3,0,0
20474,5,4,11,4,1,1,1,0,3,2,0
20475,4,4,9,2,10,5,1,0,2,2,1
20476,5,4,9,6,4,1,1,0,2,2,0
20477,12,7,15,6,1,1,1,0,4,2,0
20478,5,4,15,2,11,0,1,1,2,2,1
20479,9,4,12,0,10,4,1,0,2,2,0
20480,4,4,15,4,1,3,1,0,2,2,0
20481,10,4,10,0,10,4,1,1,2,2,0
20482,14,4,11,2,14,0,1,1,2,2,1
20483,4,4,9,0,10,1,1,0,1,2,0
20484,5,7,2,2,5,0,1,1,2,2,0
20485,9,4,6,2,14,0,0,1,1,2,1
20486,10,4,0,0,3,1,1,1,2,2,0
20487,4,4,11,4,7,3,1,1,2,2,0
20488,7,4,12,0,4,4,1,1,3,2,0
20489,5,4,9,2,13,0,0,1,0,2,1
20490,8,4,15,2,8,0,1,1,2,2,1
20491,6,4,7,2,13,0,1,1,2,2,0
20492,9,4,11,2,3,0,1,1,2,1,1
20493,8,6,15,0,8,1,1,1,3,2,0
20494,6,4,9,4,4,3,1,0,2,2,0
20495,9,4,8,0,1,4,0,0,3,2,1
20496,9,4,9,6,4,4,0,0,2,2,0
20497,7,4,9,2,10,0,1,1,2,2,1
20498,5,4,9,2,12,2,1,0,2,2,0
20499,8,4,9,2,3,0,0,1,0,0,0
20500,7,2,11,4,8,3,1,0,1,2,0
20501,6,4,15,2,3,0,1,1,2,1,0
20502,5,1,10,2,10,0,0,1,2,0,0
20503,5,7,15,2,11,0,1,1,2,2,1
20504,6,4,15,2,3,0,0,1,2,2,0
20505,13,4,15,2,8,5,1,0,0,2,0
20506,14,4,15,2,8,3,1,0,1,2,0
20507,6,4,11,2,3,0,1,1,1,2,0
20508,4,4,11,4,8,4,1,0,2,2,0
20509,7,5,8,5,4,4,0,0,3,2,0
20510,9,4,5,2,5,0,1,1,2,2,0
20511,10,4,15,2,10,0,1,1,2,2,0
20512,6,4,11,0,6,1,1,1,2,2,0
20513,11,2,15,2,3,0,1,1,2,2,1
20514,7,6,15,0,4,1,1,1,2,2,0
20515,5,4,6,4,9,3,1,1,2,2,0
20516,9,2,15,2,14,0,1,1,2,2,1
20517,6,4,2,4,9,2,1,0,2,2,0
20518,8,4,11,0,12,4,1,0,3,2,0
20519,3,4,8,4,9,1,0,1,0,2,0
20520,8,2,11,0,10,2,1,0,3,2,0
20521,11,4,4,4,6,1,1,1,2,2,0
20522,8,4,9,2,12,0,0,1,2,2,1
20523,5,4,1,4,12,2,1,1,2,2,0
20524,4,4,9,0,8,1,0,0,1,2,0
20525,9,4,11,0,1,3,1,1,2,2,0
20526,9,4,1,2,7,0,1,1,3,2,0
20527,10,4,9,0,13,1,1,0,2,2,0
20528,10,4,11,2,6,0,1,1,1,2,0
20529,10,4,11,0,3,1,1,1,2,2,0
20530,10,2,9,2,10,5,1,0,2,2,1
20531,8,4,6,2,12,0,1,1,2,2,0
20532,7,4,6,2,12,0,1,1,2,2,1
20533,7,4,9,2,4,0,1,1,2,2,1
20534,4,6,9,4,10,2,1,0,1,2,0
20535,9,4,11,2,14,0,1,1,2,2,0
20536,9,4,11,2,6,0,1,1,2,2,1
20537,14,4,11,6,7,4,1,1,2,2,0
20538,5,6,11,4,4,1,0,1,3,2,0
20539,11,4,5,0,8,1,0,0,2,2,0
20540,5,4,9,4,12,2,1,1,1,2,1
20541,3,6,1,4,8,1,1,0,0,2,1
20542,10,4,5,2,9,5,1,0,2,2,1
20543,16,6,11,2,12,0,1,1,1,2,1
20544,6,4,5,4,9,4,1,1,2,2,0
20545,14,4,11,2,5,0,1,1,1,2,0
20546,4,0,11,4,0,1,1,1,2,2,0
20547,9,4,11,2,14,0,1,1,1,2,1
20548,8,4,15,2,4,0,1,1,3,2,1
20549,7,4,15,4,13,1,1,0,2,2,0
20550,4,4,11,3,14,1,1,0,2,2,0
20551,6,4,11,4,14,1,1,1,2,2,0
20552,7,6,10,4,10,3,1,1,3,2,0
20553,8,4,15,6,1,4,1,0,2,2,0
20554,9,4,5,5,3,1,1,1,2,2,0
20555,9,6,11,2,14,0,1,1,3,2,1
20556,3,4,11,4,6,3,1,1,1,2,0
20557,8,6,15,3,4,1,1,1,0,2,0
20558,10,4,9,5,10,1,1,0,0,2,0
20559,3,6,15,4,10,3,1,1,0,2,0
20560,8,0,11,2,6,0,1,1,2,2,0
20561,6,6,11,4,3,1,0,1,0,2,0
20562,10,6,15,2,12,0,1,1,2,1,0
20563,5,4,7,4,13,1,1,0,2,2,0
20564,6,4,9,4,6,1,0,0,2,2,1
20565,7,4,11,0,7,1,1,1,2,2,0
20566,12,4,15,2,14,0,1,1,4,2,0
20567,10,4,11,2,3,0,1,1,2,2,0
20568,12,7,11,2,4,5,1,0,2,2,0
20569,5,6,12,4,8,2,1,1,2,2,0
20570,4,6,11,4,14,1,1,1,2,2,0
20571,6,4,11,2,7,0,1,1,2,2,0
20572,4,4,15,4,1,1,1,0,1,1,0
20573,13,4,11,2,4,0,1,1,0,2,0
20574,10,4,11,2,3,0,1,1,2,2,0
20575,5,4,9,2,4,0,1,1,2,2,0
20576,10,4,15,2,3,0,1,1,1,2,0
20577,8,7,11,4,10,3,1,0,2,2,0
20578,4,4,12,4,10,3,1,1,1,2,0
20579,6,6,11,2,8,0,1,1,2,2,1
20580,11,4,11,2,4,5,0,0,2,0,1
20581,6,6,4,2,3,0,1,1,2,2,0
20582,6,4,11,4,7,1,1,1,2,2,0
20583,11,6,9,2,4,0,1,1,2,2,1
20584,8,4,6,2,3,0,1,1,2,2,0
20585,8,4,11,2,14,0,1,1,2,2,0
20586,9,4,11,2,4,0,1,1,2,2,0
20587,6,4,11,0,12,4,1,0,2,2,0
20588,7,2,15,2,8,5,1,0,2,2,0
20589,8,4,15,2,14,0,1,1,2,2,1
20590,6,4,9,2,10,0,0,1,1,2,1
20591,10,4,0,2,12,0,1,1,2,2,1
20592,7,2,12,4,10,3,1,0,3,2,0
20593,9,4,11,0,7,4,0,1,2,2,0
20594,9,6,7,2,12,0,1,1,1,2,1
20595,4,4,11,4,10,3,1,0,2,2,0
20596,12,1,14,2,10,0,1,1,0,2,1
20597,8,4,6,2,3,0,1,1,2,2,0
20598,9,4,11,2,4,0,1,1,1,2,1
20599,8,4,15,2,4,0,1,1,2,2,1
20600,13,4,15,6,12,4,1,0,2,2,0
20601,3,4,15,4,12,1,1,1,1,2,0
20602,6,2,14,2,10,0,1,1,2,2,1
20603,5,4,9,2,12,0,1,1,2,2,0
20604,4,4,15,4,6,1,1,1,2,2,0
20605,6,4,7,0,4,1,1,1,2,2,0
20606,6,4,9,5,12,1,1,1,2,2,0
20607,6,4,9,0,12,1,1,0,2,2,0
20608,5,4,15,4,12,1,1,0,2,2,0
20609,5,4,15,3,3,1,1,0,2,2,0
20610,8,4,11,2,8,0,1,1,2,2,0
20611,11,4,15,2,6,0,1,1,2,2,0
20612,3,4,11,2,11,0,1,1,1,2,1
20613,6,0,15,2,0,5,1,0,2,2,1
20614,12,4,11,4,4,3,1,1,1,2,0
20615,6,4,9,5,1,4,1,0,1,2,0
20616,6,4,15,2,13,0,1,1,1,2,1
20617,13,4,15,6,4,1,1,1,1,2,1
20618,4,0,11,4,0,3,1,1,2,2,0
20619,7,4,14,4,10,3,1,1,2,2,0
20620,7,2,9,2,1,0,0,1,2,2,0
20621,7,4,11,2,3,0,1,1,2,2,0
20622,12,4,11,2,4,5,1,0,2,2,0
20623,10,4,15,2,8,0,1,1,2,2,1
20624,4,2,12,4,10,4,1,0,1,2,0
20625,4,4,12,2,10,2,1,0,2,2,0
20626,8,4,8,0,1,4,1,0,2,2,0
20627,8,4,9,4,10,3,1,0,2,2,0
20628,17,4,8,5,8,4,0,0,1,0,0
20629,4,6,15,4,4,3,0,1,1,0,0
20630,5,4,11,4,8,3,0,0,2,2,0
20631,5,4,7,4,12,1,1,0,2,2,0
20632,6,4,11,0,8,1,0,1,2,2,0
20633,12,4,11,2,3,5,0,0,2,2,0
20634,10,4,11,0,7,4,1,0,2,2,0
20635,12,4,15,2,3,0,1,1,2,2,0
20636,9,4,2,2,11,0,1,1,2,2,1
20637,6,4,9,4,4,3,1,0,2,2,0
20638,11,4,15,2,8,0,1,1,2,2,1
20639,7,4,11,4,1,1,1,0,2,2,0
20640,4,4,11,2,8,0,0,1,2,4,1
20641,7,4,11,2,3,0,1,1,2,2,0
20642,9,4,10,2,7,0,1,1,2,2,1
20643,8,4,9,2,14,0,0,1,2,2,1
20644,10,6,11,2,14,0,1,1,2,2,1
20645,9,4,11,2,3,0,1,1,2,2,1
20646,7,4,0,2,1,0,1,1,4,2,0
20647,7,6,15,0,5,1,1,1,2,2,0
20648,9,4,2,2,3,0,1,1,3,2,0
20649,9,0,15,4,0,1,1,0,2,2,0
20650,8,1,6,2,3,0,1,1,2,3,0
20651,10,7,8,2,10,1,1,0,0,2,0
20652,4,4,15,4,7,4,1,0,2,2,0
20653,7,0,8,4,0,1,1,1,2,4,0
20654,9,4,15,4,13,1,1,1,2,2,0
20655,6,4,7,2,10,0,1,1,2,2,1
20656,11,4,11,2,3,0,1,1,2,2,0
20657,3,4,11,4,6,1,1,0,1,2,0
20658,5,4,11,4,1,3,1,0,2,2,0
20659,17,4,8,4,1,1,1,0,1,2,0
20660,4,4,11,0,12,1,1,1,2,2,0
20661,9,4,15,2,3,0,1,1,2,2,0
20662,7,0,11,2,0,0,1,1,2,2,0
20663,7,4,9,2,4,0,1,1,3,2,0
20664,8,7,8,2,1,0,1,1,1,2,0
20665,4,4,11,4,7,1,1,1,2,2,0
20666,4,4,11,4,12,1,1,0,1,2,0
20667,12,4,11,2,13,0,1,1,1,2,1
20668,4,6,11,2,5,0,1,1,2,2,1
20669,4,6,15,4,8,1,0,1,2,2,0
20670,12,7,15,2,4,0,1,1,1,2,0
20671,4,6,15,4,8,1,1,0,1,2,0
20672,10,4,11,6,8,4,1,0,2,2,0
20673,4,4,8,4,1,3,1,1,0,2,0
20674,3,4,11,4,1,1,1,0,2,2,0
20675,7,4,15,2,1,5,1,0,2,2,0
20676,4,4,11,4,6,4,1,0,1,2,0
20677,7,4,11,2,3,0,1,1,2,2,0
20678,7,4,11,5,3,1,1,1,2,2,0
20679,7,4,11,2,3,0,1,1,2,1,1
20680,9,7,2,2,11,0,1,1,2,2,0
20681,4,4,11,4,13,3,1,0,1,2,0
20682,13,4,11,2,3,0,1,1,0,2,1
20683,7,0,15,2,0,0,1,1,2,2,0
20684,7,1,11,2,6,0,1,1,2,1,0
20685,8,2,9,2,10,0,1,1,2,2,1
20686,10,4,15,2,10,0,1,1,2,2,1
20687,4,4,11,4,6,1,1,1,2,2,0
20688,8,4,11,2,14,0,1,1,2,2,1
20689,4,1,11,4,1,1,1,1,1,2,1
20690,6,6,11,2,7,0,1,1,2,2,0
20691,7,4,7,5,1,4,1,0,2,2,0
20692,9,6,1,2,3,0,1,1,2,2,1
20693,5,6,12,2,10,0,0,1,2,0,0
20694,12,4,11,2,3,0,1,1,2,2,1
20695,6,0,9,2,0,0,0,1,2,0,0
20696,4,2,9,4,10,3,1,0,2,2,0
20697,3,6,12,4,0,1,1,0,1,2,0
20698,5,4,9,4,12,1,1,0,2,2,0
20699,7,4,8,2,7,0,1,1,1,2,0
20700,5,4,9,3,4,5,1,0,1,2,1
20701,9,4,11,2,8,0,1,1,2,2,1
20702,3,4,11,4,7,3,1,1,2,2,0
20703,10,4,1,2,14,0,1,1,2,2,1
20704,9,4,11,0,12,4,1,1,2,2,0
20705,8,1,15,2,8,0,1,1,2,2,0
20706,9,4,15,2,12,0,1,1,2,2,0
20707,6,2,12,0,10,4,0,1,4,2,0
20708,7,6,9,2,4,0,1,1,2,2,1
20709,12,4,15,2,7,0,0,1,1,2,0
20710,9,4,7,2,12,0,1,1,2,2,0
20711,3,4,12,4,6,3,1,1,4,2,0
20712,7,4,2,4,12,4,1,0,2,2,0
20713,6,4,15,2,3,0,1,1,2,2,0
20714,8,4,11,2,7,2,1,0,2,2,0
20715,4,0,15,4,0,1,1,1,2,2,0
20716,7,4,1,4,7,3,1,0,2,2,0
20717,6,4,15,2,6,0,1,1,3,2,1
20718,4,4,11,4,3,1,1,1,2,2,0
20719,3,4,9,4,10,3,1,1,2,2,0
20720,5,4,11,2,8,5,0,0,2,2,0
20721,5,4,9,2,11,0,1,1,2,2,0
20722,8,1,0,0,7,4,1,0,1,2,0
20723,5,4,9,4,12,3,1,1,2,2,0
20724,5,4,11,6,3,1,1,1,2,2,0
20725,7,4,12,2,5,0,1,1,2,2,0
20726,10,4,11,2,1,5,0,0,2,2,0
20727,8,6,9,2,4,0,1,1,2,2,1
20728,9,4,15,2,12,0,1,1,2,2,0
20729,4,7,8,2,2,0,0,1,2,4,0
20730,5,4,12,4,1,2,1,0,2,2,0
20731,11,4,7,2,4,0,0,1,1,2,1
20732,5,0,5,4,6,3,1,1,2,2,0
20733,7,6,1,2,8,5,0,0,2,2,1
20734,8,7,12,4,10,3,1,0,2,2,0
20735,12,4,12,3,10,4,1,0,1,2,0
20736,4,4,9,2,4,5,1,0,1,2,0
20737,7,4,15,4,12,1,0,1,2,1,0
20738,7,4,7,2,1,0,1,1,2,2,0
20739,6,2,12,2,10,0,1,1,2,2,0
20740,6,4,1,0,14,1,1,1,2,2,0
20741,5,4,11,0,6,1,0,1,1,0,0
20742,5,4,11,2,8,0,1,1,2,2,0
20743,15,6,11,2,5,0,1,1,0,2,1
20744,8,4,9,2,10,0,1,1,2,2,1
20745,4,4,11,4,8,1,1,0,2,2,0
20746,6,4,0,4,7,1,1,1,1,2,0
20747,6,4,12,4,5,4,1,0,2,2,0
20748,8,4,11,2,1,5,1,0,2,2,1
20749,12,4,12,6,8,1,1,0,2,2,0
20750,8,6,11,2,3,0,1,1,2,2,0
20751,6,4,11,4,1,3,1,0,2,2,0
20752,11,4,5,2,6,0,1,1,2,2,0
20753,7,4,15,2,7,0,0,1,2,2,1
20754,7,0,0,4,0,1,1,1,2,2,0
20755,7,4,15,2,12,0,1,1,1,2,0
20756,7,7,9,4,10,3,1,1,2,2,0
20757,7,6,9,4,12,3,0,0,2,4,0
20758,9,4,11,2,6,0,1,1,2,2,0
20759,6,4,11,2,8,0,1,1,2,2,0
20760,5,1,9,4,10,1,1,0,3,2,0
20761,4,0,15,4,0,3,1,1,1,2,0
20762,9,4,11,2,8,5,1,0,2,2,0
20763,4,4,15,3,3,4,1,1,2,2,0
20764,4,4,11,4,8,3,1,0,1,2,0
20765,10,4,9,0,1,1,1,0,1,1,0
20766,5,7,11,4,1,3,1,0,2,2,0
20767,13,4,12,2,12,0,1,1,1,2,1
20768,4,4,9,2,10,0,1,1,2,2,1
20769,7,4,9,2,10,0,0,1,2,2,1
20770,8,7,15,2,11,0,1,1,2,2,0
20771,4,5,8,4,10,3,1,0,1,2,0
20772,6,5,11,4,4,3,1,1,2,2,0
20773,8,4,11,0,1,1,1,0,2,2,0
20774,8,4,15,2,12,5,1,0,3,2,0
20775,11,4,9,0,4,1,1,1,2,2,0
20776,5,0,0,4,0,3,1,0,2,2,0
20777,11,4,9,4,3,1,1,1,3,2,0
20778,6,4,5,2,3,0,1,1,2,2,1
20779,9,4,12,2,4,5,1,0,1,2,0
20780,10,4,9,2,12,0,1,1,1,2,0
20781,10,4,11,6,3,1,1,1,2,2,0
20782,12,0,11,6,0,4,1,0,2,2,0
20783,7,4,8,2,6,0,1,1,2,2,1
20784,3,4,15,4,10,1,1,1,1,2,0
20785,9,5,9,4,3,3,1,1,1,2,0
20786,8,6,8,2,0,0,1,1,3,2,1
20787,10,4,9,4,11,1,0,1,2,0,0
20788,8,6,11,2,12,0,0,1,2,2,1
20789,7,4,15,5,13,4,1,0,2,2,0
20790,9,6,0,2,12,0,1,1,2,2,0
20791,9,2,15,5,10,4,1,0,3,2,0
20792,6,4,6,2,7,0,0,1,2,2,0
20793,4,4,9,4,12,1,1,0,1,2,0
20794,10,4,9,0,4,1,1,1,1,2,0
20795,9,4,15,2,4,5,1,0,2,2,0
20796,10,4,15,2,12,0,1,1,2,4,0
20797,7,6,9,2,14,0,1,1,2,2,0
20798,12,4,9,6,12,3,1,0,2,2,0
20799,9,4,11,2,7,0,1,1,2,2,0
20800,5,4,15,4,13,1,1,1,2,2,1
20801,6,4,15,4,8,3,1,0,3,2,0
20802,7,4,15,2,12,0,1,1,2,2,0
20803,6,5,1,0,12,4,1,0,3,2,0
20804,4,6,11,4,4,2,1,0,1,2,1
20805,8,4,12,2,9,0,0,1,2,2,0
20806,3,7,8,4,1,1,1,0,0,2,0
20807,5,5,9,4,4,3,1,0,2,2,0
20808,4,8,1,4,5,3,1,1,2,2,0
20809,10,4,11,2,11,0,1,1,2,2,0
20810,7,1,9,2,10,0,1,1,2,2,0
20811,11,4,15,2,7,5,1,0,1,2,1
20812,4,4,15,4,13,4,1,0,2,2,0
20813,7,7,14,2,10,0,1,1,2,2,1
20814,9,4,11,2,6,0,1,1,3,2,0
20815,9,4,11,2,14,0,1,1,2,2,1
20816,7,4,9,2,4,0,1,1,3,2,1
20817,4,4,15,4,8,1,1,0,1,2,0
20818,5,4,9,4,8,3,1,0,2,2,0
20819,6,4,11,4,14,3,1,1,2,2,0
20820,4,4,11,2,4,0,1,1,0,2,0
20821,8,4,9,2,4,0,1,1,2,2,1
20822,7,4,11,2,7,0,1,1,2,2,1
20823,8,4,8,0,10,4,1,1,2,2,0
20824,6,6,11,4,4,1,1,0,1,2,0
20825,6,2,6,4,14,1,1,1,2,2,0
20826,12,4,9,0,13,1,1,0,2,2,0
20827,6,4,1,2,7,0,1,1,3,2,1
20828,11,7,11,4,11,1,1,1,1,2,0
20829,8,4,11,2,14,0,0,1,2,2,0
20830,5,4,15,2,3,0,1,1,2,2,0
20831,9,4,15,4,8,1,0,1,2,2,0
20832,10,4,15,2,12,0,1,1,2,2,0
20833,6,4,7,4,7,3,1,1,2,2,0
20834,6,4,11,0,1,1,1,0,2,2,0
20835,12,4,9,2,12,5,1,0,4,2,1
20836,11,4,0,2,14,0,0,1,2,2,0
20837,3,4,11,4,7,3,1,0,0,2,0
20838,9,1,14,5,10,4,1,0,2,2,0
20839,5,4,9,2,10,0,1,1,0,2,0
20840,8,4,11,2,14,0,1,1,2,2,1
20841,4,2,1,4,14,3,1,0,2,2,0
20842,7,4,11,2,3,0,1,1,1,2,0
20843,8,7,9,2,4,0,1,1,2,2,0
20844,7,4,15,2,7,0,1,1,1,2,0
20845,12,4,8,2,9,0,1,1,2,2,0
20846,8,2,11,2,14,0,1,1,2,2,0
20847,5,6,11,4,3,3,1,1,2,2,0
20848,10,4,4,0,1,1,1,0,2,2,1
20849,11,6,15,2,4,0,1,1,2,2,1
20850,5,5,15,4,4,1,1,1,3,2,0
20851,3,0,15,4,0,3,1,0,1,2,0
20852,5,4,4,4,8,3,1,1,2,2,0
20853,13,4,11,2,7,0,1,1,2,2,0
20854,12,5,11,6,11,4,1,0,0,2,0
20855,8,4,15,0,8,4,1,1,1,2,0
20856,4,1,7,4,4,3,1,1,2,2,0
20857,14,4,10,2,7,0,1,1,3,2,1
20858,6,2,11,2,3,0,1,1,2,2,1
20859,6,1,7,0,13,1,0,0,2,2,0
20860,8,4,15,0,10,1,1,1,3,2,0
20861,10,4,11,2,1,0,1,1,2,2,1
20862,5,6,11,2,12,0,1,1,2,2,1
20863,4,4,9,4,10,4,1,0,2,2,0
20864,8,4,5,2,12,5,1,0,2,2,1
20865,6,4,12,4,4,3,1,1,2,2,0
20866,5,4,15,2,4,5,1,0,2,2,1
20867,5,2,15,4,3,1,1,1,2,2,0
20868,8,5,11,2,4,5,1,0,2,2,1
20869,4,6,11,4,4,3,1,1,2,2,0
20870,6,4,0,2,14,0,1,1,2,2,1
20871,4,4,9,4,12,1,1,1,0,2,0
20872,11,4,12,2,8,0,1,1,3,2,0
20873,18,4,9,5,10,1,1,0,1,2,0
20874,9,4,11,2,8,5,1,0,1,4,0
20875,11,4,5,0,3,1,1,1,2,2,0
20876,3,7,9,4,10,1,1,0,1,2,0
20877,4,4,9,4,10,1,1,1,2,2,0
20878,4,4,11,4,8,1,1,1,2,2,0
20879,13,4,9,2,10,0,1,1,2,2,0
20880,11,5,15,2,4,0,1,1,2,2,0
20881,5,0,8,2,0,0,1,1,1,2,1
20882,4,7,9,2,4,0,1,1,1,2,1
20883,8,2,15,0,8,1,0,0,2,2,0
20884,10,4,7,2,8,5,1,0,2,2,1
20885,5,4,9,6,4,1,0,1,2,2,0
20886,3,4,15,4,1,3,1,1,1,2,0
20887,6,6,11,0,5,2,1,1,2,2,0
20888,11,4,9,2,12,0,1,1,2,2,0
20889,8,1,12,2,10,0,1,1,2,2,1
20890,9,4,11,2,1,0,0,1,2,1,1
20891,7,6,9,2,4,0,1,1,2,2,1
20892,4,1,15,4,1,2,0,0,2,4,0
20893,7,2,9,4,4,1,1,1,2,2,0
20894,10,7,9,2,4,0,1,1,2,2,1
20895,8,4,9,2,10,0,1,1,2,2,1
20896,8,4,12,0,12,4,1,0,2,2,0
20897,5,0,6,4,0,4,1,0,2,2,0
20898,13,4,15,0,1,4,1,0,1,2,0
20899,10,4,11,0,4,1,1,1,3,2,0
20900,8,4,15,2,4,5,1,0,2,2,1
20901,3,4,15,4,14,1,0,1,0,0,0
20902,7,6,11,2,5,0,1,1,4,2,0
20903,7,4,15,4,6,1,1,1,2,2,1
20904,4,4,15,4,1,3,1,1,2,2,0
20905,7,4,12,0,10,4,1,0,2,2,0
20906,4,4,11,4,3,1,1,1,1,2,0
20907,6,4,15,3,12,2,1,1,2,2,0
20908,4,7,9,4,10,1,1,0,2,2,0
20909,7,4,15,2,7,0,1,1,2,2,0
20910,7,1,15,2,4,0,1,1,2,2,1
20911,5,4,15,2,3,0,1,1,2,2,0
20912,7,4,11,2,3,0,1,1,2,2,1
20913,12,4,12,2,4,0,0,1,2,2,1
20914,10,0,11,6,0,1,0,1,0,2,0
20915,7,7,15,4,4,1,1,1,1,2,0
20916,5,4,7,4,1,3,1,1,2,0,0
20917,8,4,15,0,12,1,1,1,2,2,0
20918,6,4,12,2,4,0,1,1,2,2,0
20919,3,4,15,4,11,1,1,1,0,2,0
20920,13,6,11,6,3,4,1,1,2,2,0
20921,6,5,9,2,4,0,1,1,2,2,0
20922,13,4,5,2,8,0,1,1,1,2,1
20923,14,4,9,2,13,0,1,1,3,2,1
20924,5,6,12,0,10,4,0,0,0,2,0
20925,6,4,11,4,7,3,1,1,2,2,0
20926,3,6,9,4,10,3,1,1,3,2,0
20927,9,4,9,0,13,1,1,0,2,2,0
20928,7,4,15,2,12,0,1,1,2,4,1
20929,5,4,11,2,6,0,1,1,2,2,1
20930,10,4,11,2,3,0,1,1,2,2,0
20931,8,5,11,4,12,2,1,0,2,2,0
20932,8,4,11,0,3,1,1,1,1,2,0
20933,5,2,14,2,10,0,1,1,2,2,1
20934,8,6,11,2,10,0,1,1,2,2,0
20935,3,4,15,4,1,1,1,0,3,2,0
20936,7,4,6,0,3,1,1,1,3,2,0
20937,11,4,15,2,1,0,1,1,2,2,1
20938,6,4,9,0,4,1,1,1,2,2,0
20939,11,4,15,0,4,1,1,1,2,2,0
20940,10,4,8,2,3,0,1,1,3,2,0
20941,7,0,15,2,0,0,1,1,2,2,1
20942,14,6,11,1,4,4,1,0,3,2,0
20943,6,7,1,4,11,3,1,1,2,2,0
20944,4,2,11,4,1,1,1,0,2,2,0
20945,5,4,0,2,6,0,1,1,1,2,1
20946,4,4,15,4,3,1,1,1,2,2,1
20947,4,4,14,4,10,1,1,1,1,2,0
20948,4,4,1,2,7,0,1,1,1,2,0
20949,8,4,1,0,8,4,1,0,1,2,0
20950,7,5,10,4,5,1,1,1,2,2,0
20951,8,4,11,4,10,3,1,1,2,1,0
20952,7,4,11,2,3,0,0,1,1,2,0
20953,8,4,10,2,1,0,1,1,2,2,0
20954,6,4,9,2,12,0,1,1,2,2,1
20955,12,4,15,2,12,0,1,1,2,2,0
20956,10,4,11,2,14,0,0,1,2,0,0
20957,6,6,1,4,5,3,1,1,2,2,0
20958,7,6,15,2,7,0,0,1,2,2,0
20959,6,4,15,0,1,4,1,0,2,2,0
20960,4,5,10,4,10,1,1,0,2,2,0
20961,10,7,11,0,4,2,0,0,2,2,0
20962,4,4,11,2,14,0,1,1,2,2,1
20963,6,6,11,4,0,1,1,0,2,2,0
20964,11,1,11,2,14,0,1,1,2,2,1
20965,9,1,11,0,1,3,1,0,2,2,0
20966,7,4,15,4,8,3,1,0,2,2,0
20967,5,4,11,4,14,1,1,1,2,2,1
20968,5,1,9,4,10,2,1,0,2,2,0
20969,9,4,11,2,14,0,1,1,2,2,0
20970,4,4,15,4,6,4,1,0,2,2,0
20971,6,4,11,2,10,0,1,1,2,2,0
20972,4,4,8,4,4,1,1,0,2,2,0
20973,8,4,9,0,10,4,1,1,2,1,0
20974,7,6,3,2,2,0,0,1,2,2,0
20975,5,6,11,4,14,3,1,1,2,2,0
20976,5,4,11,0,7,3,0,1,2,2,0
20977,7,4,11,2,12,0,1,1,2,2,1
20978,8,2,9,2,11,0,1,1,2,2,1
20979,4,4,15,4,4,3,1,1,2,2,0
20980,9,4,11,2,3,0,1,1,2,2,1
20981,6,4,11,4,7,1,1,0,2,1,0
20982,13,4,9,2,4,0,1,1,2,2,0
20983,9,4,8,0,1,1,0,1,2,0,0
20984,4,4,8,0,7,1,0,0,2,2,0
20985,6,4,11,2,1,0,0,1,2,0,1
20986,8,4,15,0,12,4,1,0,2,2,0
20987,6,4,11,2,8,0,1,1,1,2,0
20988,5,4,9,4,4,1,1,1,2,1,0
20989,14,0,9,2,0,0,1,1,3,2,1
20990,5,2,12,4,10,3,1,1,2,2,0
20991,10,4,14,2,4,0,1,1,0,2,0
20992,5,4,8,4,1,3,1,0,2,2,0
20993,5,0,11,4,0,1,1,1,2,2,0
20994,7,4,8,0,13,4,1,1,2,2,0
20995,4,4,11,4,7,1,1,1,1,2,0
20996,4,6,11,4,5,1,0,1,2,2,0
20997,16,4,11,2,12,0,0,1,1,2,1
20998,7,4,8,2,4,0,1,1,1,2,0
20999,9,4,8,4,9,1,1,0,2,2,0
21000,9,1,15,2,10,0,1,1,2,2,0
21001,7,4,4,2,3,0,1,1,2,2,0
21002,9,4,9,4,12,1,1,0,2,2,0
21003,7,4,7,2,4,0,1,1,2,2,1
21004,8,4,15,2,14,0,1,1,2,2,1
21005,4,0,0,4,0,3,1,0,2,2,0
21006,5,4,11,5,12,4,1,1,2,2,0
21007,4,2,9,5,8,1,1,1,1,2,0
21008,8,7,11,2,14,0,1,1,2,2,1
21009,5,4,15,4,4,1,1,1,2,2,1
21010,5,4,11,2,12,0,1,1,2,2,0
21011,7,4,11,2,3,0,1,1,3,2,1
21012,4,5,11,4,8,4,0,0,2,2,0
21013,6,4,11,4,8,3,1,0,2,2,0
21014,3,4,15,4,4,1,1,1,0,2,0
21015,13,1,7,6,10,4,1,0,1,2,0
21016,7,4,0,2,14,0,1,1,3,2,1
21017,5,4,15,4,1,1,1,0,2,2,0
21018,6,4,15,5,5,4,1,1,2,2,0
21019,9,4,9,2,10,0,1,1,2,2,0
21020,6,4,11,2,3,0,1,1,2,2,0
21021,8,4,15,2,10,0,0,1,2,0,0
21022,5,2,9,2,4,0,1,1,2,2,0
21023,11,4,12,4,4,3,0,0,2,2,0
21024,10,4,15,2,12,0,1,1,2,2,1
21025,8,4,11,2,1,5,1,0,2,2,0
21026,7,4,15,2,8,5,1,0,2,2,1
21027,12,2,11,2,1,5,0,0,4,2,1
21028,5,7,9,4,4,3,1,0,0,2,0
21029,4,4,11,4,12,3,1,0,1,2,0
21030,4,4,11,4,12,1,1,1,0,2,0
21031,3,4,9,4,12,1,1,0,0,2,0
21032,8,6,9,2,4,0,1,1,2,2,1
21033,11,6,11,2,4,0,1,1,2,2,0
21034,9,4,9,2,10,0,0,1,2,0,0
21035,6,7,8,2,2,0,0,1,1,2,1
21036,5,7,9,4,10,2,1,0,2,2,0
21037,5,0,2,4,0,1,1,0,1,2,0
21038,9,4,4,2,8,0,1,1,2,2,0
21039,6,1,9,0,10,1,1,1,2,2,0
21040,3,4,9,4,10,3,1,0,2,2,0
21041,8,4,15,4,1,3,1,1,3,2,0
21042,4,6,11,4,7,1,1,1,2,2,0
21043,9,4,9,2,4,0,1,1,1,2,0
21044,8,4,15,2,8,0,1,1,2,2,1
21045,7,4,15,2,12,5,1,0,2,2,1
21046,4,7,12,0,10,1,0,1,1,2,0
21047,8,6,0,2,5,0,1,1,2,2,1
21048,7,4,11,2,7,0,1,1,2,2,0
21049,9,4,15,2,12,0,1,1,1,2,1
21050,7,4,11,4,13,3,1,0,2,2,0
21051,4,5,9,4,10,3,1,0,2,2,0
21052,4,4,8,4,3,1,1,1,2,2,0
21053,7,4,7,0,4,1,1,0,2,2,1
21054,5,4,11,4,3,1,1,1,1,2,0
21055,9,4,11,2,4,0,1,1,3,2,0
21056,9,4,14,2,10,0,1,1,2,2,1
21057,4,4,12,4,5,3,1,1,2,2,0
21058,3,4,11,4,4,1,1,1,0,2,0
21059,5,4,11,2,6,0,1,1,2,2,0
21060,11,1,11,2,4,0,1,1,2,2,1
21061,9,4,11,2,6,0,1,1,3,2,0
21062,8,4,11,4,12,3,1,0,2,2,0
21063,12,6,11,2,5,0,1,1,1,2,0
21064,9,4,1,0,7,1,1,1,3,2,0
21065,4,4,9,4,7,1,1,1,2,2,1
21066,7,7,11,0,14,4,1,0,2,2,0
21067,9,4,14,2,10,0,1,1,2,2,1
21068,8,4,15,4,4,1,1,1,2,2,0
21069,10,4,11,4,7,1,1,0,2,2,0
21070,5,2,9,2,11,0,1,1,2,2,1
21071,7,4,11,2,13,0,1,1,2,2,1
21072,8,4,15,2,4,0,1,1,2,4,1
21073,5,4,11,4,14,3,1,1,1,2,0
21074,3,5,12,4,4,3,1,0,2,2,0
21075,12,4,15,0,12,4,1,0,2,2,0
21076,13,4,9,2,12,0,1,1,2,2,0
21077,6,4,11,2,3,0,0,1,2,0,0
21078,6,4,15,4,8,3,1,0,3,4,0
21079,11,4,7,2,7,0,1,1,2,2,0
21080,9,7,12,2,4,0,1,1,2,2,1
21081,8,6,8,2,5,0,1,1,0,2,0
21082,4,4,15,5,4,1,1,0,1,2,0
21083,9,4,12,2,10,0,0,1,2,2,1
21084,5,4,9,2,10,5,1,0,2,2,0
21085,8,4,11,2,14,0,0,1,2,0,1
21086,12,2,15,2,4,0,1,1,2,2,1
21087,13,4,11,2,6,0,1,1,0,2,1
21088,6,4,11,4,1,4,1,0,2,2,0
21089,11,4,11,0,1,1,1,0,2,2,0
21090,10,7,9,2,10,0,1,1,1,2,1
21091,6,6,9,2,10,0,1,1,2,2,1
21092,8,4,11,4,8,1,1,0,2,2,0
21093,8,4,11,2,12,0,1,1,2,2,0
21094,5,4,11,4,1,4,1,0,0,2,0
21095,5,2,11,2,3,0,0,1,2,2,1
21096,7,2,9,2,1,0,1,1,3,2,1
21097,9,4,11,2,3,3,1,1,2,2,0
21098,8,4,11,4,3,1,1,1,2,2,0
21099,5,6,15,4,4,4,1,1,2,2,0
21100,3,4,1,4,3,3,1,1,2,2,0
21101,5,4,11,4,3,4,0,1,1,2,0
21102,9,4,9,4,1,3,0,0,2,2,0
21103,8,5,11,2,4,0,1,1,2,2,0
21104,13,4,11,2,3,0,1,1,0,2,0
21105,8,6,15,0,12,1,1,1,1,2,0
21106,7,4,11,4,1,3,1,0,2,2,0
21107,4,4,11,4,3,1,0,1,2,2,0
21108,3,4,15,4,12,2,1,1,1,2,0
21109,15,4,9,6,4,1,1,0,0,1,0
21110,5,4,7,2,4,0,1,1,2,2,0
21111,6,4,9,5,12,1,1,1,3,2,1
21112,9,4,12,0,4,4,0,0,2,0,0
21113,5,4,9,2,12,0,1,1,2,2,0
21114,8,6,11,0,7,4,1,0,2,2,0
21115,11,4,11,2,8,0,1,1,2,2,0
21116,5,1,9,2,11,0,1,1,2,2,0
21117,7,4,15,0,4,2,1,0,2,2,0
21118,7,4,9,0,11,3,1,1,3,2,0
21119,3,0,15,4,0,3,1,1,1,2,0
21120,5,2,14,0,10,1,1,0,2,2,0
21121,10,4,5,2,6,0,1,1,2,2,0
21122,18,4,11,4,8,1,1,1,1,2,0
21123,7,6,7,4,4,1,1,0,2,2,0
21124,12,2,11,2,14,0,1,1,2,2,1
21125,9,4,11,2,8,5,1,0,2,2,1
21126,3,4,6,4,8,4,1,0,1,2,0
21127,6,2,2,2,11,0,1,1,2,1,1
21128,4,1,15,4,1,1,0,0,2,2,1
21129,6,4,15,2,1,0,1,1,1,2,1
21130,11,4,15,0,3,1,0,1,2,2,0
21131,5,0,15,6,0,4,1,1,1,2,0
21132,13,4,9,4,8,1,1,0,2,2,0
21133,8,6,8,0,3,1,1,0,2,2,0
21134,5,4,7,3,4,1,1,0,1,2,0
21135,3,4,1,4,7,3,1,1,1,2,0
21136,4,6,9,4,10,3,1,1,1,2,0
21137,5,7,15,4,1,1,1,0,2,2,0
21138,5,4,15,4,4,3,1,0,2,2,0
21139,4,4,15,4,1,1,1,0,1,2,0
21140,3,4,9,4,12,1,1,1,1,2,0
21141,6,7,8,0,10,1,1,0,2,2,0
21142,13,4,8,2,12,0,1,1,1,2,0
21143,5,2,9,4,10,3,1,0,2,2,0
21144,4,4,15,4,3,3,1,1,0,2,0
21145,7,5,2,2,5,0,1,1,2,2,0
21146,9,4,11,5,1,2,1,0,2,4,0
21147,6,4,15,2,14,0,1,1,2,0,0
21148,5,4,7,4,13,1,1,0,2,2,0
21149,3,4,15,4,7,3,1,1,1,2,0
21150,5,4,11,2,7,0,1,1,2,2,1
21151,3,2,11,2,4,0,1,1,1,2,1
21152,8,4,11,2,6,0,1,1,2,2,0
21153,5,0,8,2,0,5,1,0,1,2,0
21154,4,4,11,4,1,1,0,0,1,2,0
21155,9,4,15,2,1,0,1,1,2,2,0
21156,3,4,15,4,1,4,1,0,1,2,0
21157,6,4,7,4,8,3,1,1,2,2,0
21158,4,1,15,4,7,3,1,1,2,2,0
21159,10,4,15,2,4,0,1,1,2,2,0
21160,9,4,11,2,8,0,1,1,3,2,0
21161,9,4,12,2,4,0,0,1,2,2,1
21162,6,4,5,2,9,5,1,0,2,2,0
21163,5,4,15,2,1,0,1,1,2,2,0
21164,10,4,11,2,3,0,1,1,2,2,0
21165,7,4,14,5,10,1,1,0,2,2,0
21166,6,6,11,4,3,1,0,1,2,2,0
21167,9,4,9,2,4,0,1,1,2,2,0
21168,4,7,9,4,1,1,1,0,2,2,0
21169,5,4,15,4,3,3,1,0,2,2,0
21170,7,4,11,2,3,0,1,1,2,2,0
21171,7,6,11,4,12,2,1,0,2,2,1
21172,8,0,7,2,0,0,1,1,2,2,1
21173,6,4,15,4,6,3,1,1,2,2,0
21174,9,4,14,5,10,4,1,0,2,2,0
21175,12,0,5,2,0,0,1,1,4,1,0
21176,13,4,1,2,3,0,1,1,2,2,0
21177,9,6,15,2,1,0,1,1,2,2,0
21178,8,4,15,2,12,0,1,1,2,2,1
21179,11,4,11,2,12,0,1,1,2,2,1
21180,11,6,11,4,3,1,1,1,1,2,0
21181,6,4,11,2,7,0,1,1,2,2,1
21182,5,0,15,4,0,3,1,1,2,2,0
21183,8,4,15,2,12,0,1,1,2,2,0
21184,8,6,11,0,3,4,1,0,2,2,0
21185,5,4,15,4,3,1,1,1,2,2,0
21186,5,6,11,4,14,3,1,1,2,2,0
21187,12,4,11,2,12,5,1,0,2,2,0
21188,4,4,15,4,4,1,1,0,0,2,0
21189,8,4,15,5,1,4,0,0,2,2,0
21190,3,4,15,4,12,3,1,0,0,2,0
21191,5,4,11,4,8,1,1,1,2,2,0
21192,12,4,11,2,7,0,1,1,2,2,1
21193,4,4,9,4,4,1,1,0,2,2,0
21194,7,2,12,0,4,1,1,0,2,2,0
21195,8,4,11,2,14,0,1,1,2,2,1
21196,9,4,11,4,10,1,1,1,2,2,1
21197,15,4,1,6,3,1,1,1,3,2,1
21198,9,0,9,2,0,0,1,1,2,2,0
21199,4,0,15,4,0,1,1,0,2,2,0
21200,5,4,11,2,7,5,1,0,1,2,0
21201,10,4,11,0,3,4,1,0,2,2,1
21202,7,4,7,4,8,4,0,0,2,2,0
21203,8,4,11,2,3,0,1,1,2,2,0
21204,9,4,11,2,14,2,1,1,2,2,0
21205,7,4,11,2,6,0,1,1,3,2,0
21206,8,4,15,2,13,0,1,1,2,2,1
21207,7,2,9,2,10,0,1,1,2,2,1
21208,4,2,11,4,1,1,0,0,2,0,1
21209,10,4,11,4,5,1,1,1,2,2,0
21210,4,0,9,0,0,4,1,0,1,2,0
21211,4,4,9,4,10,1,1,0,1,2,0
21212,6,4,8,2,14,0,1,1,3,2,0
21213,5,1,8,0,13,4,1,0,3,2,0
21214,9,4,15,4,14,1,1,1,2,2,0
21215,12,4,12,6,10,1,1,0,1,2,0
21216,11,0,0,0,0,1,1,0,2,2,0
21217,7,4,15,2,3,0,1,1,2,2,1
21218,12,1,9,0,4,1,1,0,2,2,0
21219,7,4,9,2,13,0,1,1,2,2,1
21220,7,4,11,2,3,0,1,1,2,2,1
21221,7,4,11,2,3,0,1,1,3,2,1
21222,5,6,11,4,12,1,1,1,2,2,0
21223,9,4,0,2,6,0,1,1,1,2,0
21224,8,4,11,2,3,0,1,1,3,2,1
21225,5,0,9,4,0,3,1,0,2,1,0
21226,12,4,14,0,10,1,1,0,4,1,1
21227,9,4,9,0,10,4,1,0,2,2,0
21228,10,1,10,0,10,4,0,0,3,2,0
21229,8,4,11,2,3,0,1,1,2,2,0
21230,6,4,11,2,3,5,1,0,2,2,0
21231,6,4,15,2,3,0,1,1,2,2,1
21232,10,7,9,0,1,4,1,0,2,2,0
21233,8,4,5,2,8,0,1,1,2,2,0
21234,9,4,11,0,1,4,1,0,2,2,0
21235,6,4,10,2,10,0,1,1,1,2,0
21236,10,4,9,4,10,1,1,1,1,2,1
21237,6,4,9,4,1,3,0,0,2,2,0
21238,5,4,11,2,3,0,1,1,2,2,0
21239,5,4,11,2,14,0,0,1,2,2,1
21240,3,4,15,4,6,3,1,1,0,2,0
21241,8,0,11,2,0,0,0,1,2,2,1
21242,8,0,15,4,0,1,1,1,2,2,0
21243,4,2,9,4,8,3,1,0,2,2,0
21244,9,6,8,2,4,5,0,0,2,2,1
21245,9,4,11,2,5,0,0,1,1,2,1
21246,12,4,9,5,10,1,1,1,2,2,0
21247,6,4,11,5,1,1,0,0,2,2,0
21248,9,4,11,0,1,2,0,0,1,2,0
21249,6,4,15,2,1,2,1,0,2,2,0
21250,6,5,15,2,12,0,0,1,2,2,0
21251,3,4,11,4,12,3,1,1,1,2,0
21252,9,4,15,5,12,1,1,0,2,2,1
21253,6,4,11,4,7,3,1,0,1,2,0
21254,12,2,9,2,10,5,1,0,2,2,0
21255,3,4,15,4,12,1,1,1,2,2,0
21256,8,4,1,0,14,1,1,1,3,2,0
21257,7,4,0,2,3,0,1,1,2,2,0
21258,9,4,9,2,3,0,1,1,3,2,1
21259,7,2,15,2,1,0,1,1,2,2,0
21260,4,4,11,4,8,1,1,1,1,2,0
21261,3,4,9,4,4,3,1,1,1,2,0
21262,11,4,0,2,12,0,1,1,2,2,0
21263,8,4,6,5,3,1,1,1,2,2,0
21264,8,4,9,0,10,1,1,0,2,2,0
21265,3,4,11,5,8,4,1,0,0,2,0
21266,8,4,11,2,5,0,1,1,2,2,0
21267,8,4,8,4,8,1,0,1,2,0,0
21268,4,4,11,4,14,1,1,1,2,2,0
21269,8,4,15,2,12,0,0,1,2,2,0
21270,8,0,2,2,0,0,1,1,2,2,1
21271,5,4,11,4,10,1,1,0,2,2,1
21272,6,5,11,0,12,1,1,0,3,2,0
21273,8,4,9,2,10,3,1,1,2,2,0
21274,7,4,15,2,12,0,1,1,2,2,1
21275,10,4,9,2,4,0,1,1,2,2,1
21276,7,4,9,2,4,0,1,1,2,2,1
21277,6,6,12,2,4,0,1,1,2,2,0
21278,10,4,15,2,5,0,1,1,2,2,1
21279,7,6,12,2,4,0,1,1,2,2,0
21280,14,6,0,3,7,4,1,0,2,2,0
21281,8,4,11,4,7,3,1,0,2,2,0
21282,3,4,15,4,4,3,1,0,2,2,0
21283,6,4,0,2,3,0,1,1,2,2,1
21284,3,4,15,4,3,1,1,1,1,2,0
21285,13,1,9,2,10,0,1,1,1,2,1
21286,7,6,11,4,12,4,0,1,2,2,0
21287,12,5,11,5,4,2,1,1,2,2,1
21288,5,0,9,2,0,0,1,1,2,2,0
21289,4,4,15,4,1,1,1,0,1,2,0
21290,6,4,14,5,10,4,1,1,2,2,1
21291,5,6,8,3,12,4,1,0,2,2,0
21292,6,6,12,2,10,0,1,1,2,2,1
21293,3,4,8,4,7,1,0,1,1,2,0
21294,7,4,0,2,14,0,1,1,2,2,0
21295,7,4,0,4,14,3,1,0,2,2,0
21296,11,7,9,0,8,1,0,0,2,2,0
21297,10,4,8,2,3,0,1,1,0,2,1
21298,7,4,7,2,14,0,1,1,2,2,1
21299,6,7,11,2,10,0,1,1,2,2,0
21300,5,4,11,4,8,1,1,1,3,2,0
21301,6,7,12,2,4,0,0,1,2,0,1
21302,6,5,15,4,4,3,1,1,2,2,0
21303,3,4,11,4,3,3,1,0,1,2,0
21304,6,0,9,4,0,1,1,0,1,2,0
21305,6,4,9,4,12,1,1,0,2,2,0
21306,7,4,11,0,7,4,1,0,2,2,0
21307,11,4,15,6,12,1,1,1,1,2,0
21308,7,4,11,2,3,0,1,1,2,2,1
21309,6,4,11,4,1,1,1,0,2,2,0
21310,3,4,9,4,10,1,1,0,0,2,0
21311,4,0,15,4,0,1,1,0,1,2,0
21312,18,4,9,2,4,0,1,1,1,2,0
21313,9,4,15,0,1,1,1,1,2,2,0
21314,7,4,10,4,1,3,0,0,1,2,0
21315,7,6,9,2,4,0,1,1,1,2,0
21316,5,4,9,4,12,3,1,1,1,2,0
21317,5,4,15,4,12,1,1,0,2,2,0
21318,11,0,1,2,0,0,1,1,0,2,0
21319,4,4,9,4,4,3,0,0,2,0,0
21320,13,4,9,2,10,0,1,1,1,2,0
21321,7,4,11,2,3,0,1,1,2,2,0
21322,8,4,11,5,8,4,1,0,2,2,0
21323,8,4,15,2,5,0,1,1,2,3,0
21324,9,4,12,5,10,4,1,0,1,2,0
21325,8,4,11,2,7,0,1,1,2,2,0
21326,7,4,15,2,3,0,1,1,2,2,1
21327,4,4,11,4,7,1,1,0,1,2,0
21328,3,4,11,2,7,0,1,1,1,2,0
21329,6,4,9,4,10,1,1,0,2,2,1
21330,6,4,9,0,4,1,1,1,2,2,1
21331,7,4,15,2,8,5,1,0,2,2,0
21332,6,2,15,2,11,0,0,1,2,2,1
21333,7,4,11,2,1,5,1,0,2,2,1
21334,8,4,7,2,10,5,1,0,3,2,0
21335,5,4,11,2,3,0,1,1,1,2,1
21336,6,4,9,2,10,0,1,1,1,2,0
21337,4,4,15,4,14,1,1,0,2,4,0
21338,6,6,12,4,10,1,1,1,2,2,1
21339,8,4,9,2,4,0,1,1,3,2,0
21340,7,6,6,2,3,0,1,1,1,2,1
21341,6,6,0,0,5,1,1,1,2,2,0
21342,3,2,9,4,11,1,1,0,0,2,0
21343,6,4,11,0,1,4,1,0,2,2,0
21344,6,4,15,2,7,0,0,1,2,2,0
21345,5,4,6,4,14,1,1,1,2,2,0
21346,9,7,9,5,10,4,1,0,2,2,0
21347,8,4,9,0,13,4,1,1,2,2,0
21348,4,0,11,4,3,1,1,1,1,2,0
21349,5,5,15,4,12,2,1,0,2,2,0
21350,4,4,11,4,12,3,1,0,0,1,0
21351,8,4,9,0,1,1,1,1,2,2,0
21352,5,5,11,2,4,0,1,1,2,2,0
21353,5,2,14,4,10,3,1,1,2,2,0
21354,7,4,1,2,14,0,1,1,2,2,0
21355,11,4,8,2,6,0,1,1,0,2,1
21356,7,4,9,0,12,1,1,0,2,2,0
21357,8,4,12,0,4,1,1,1,2,2,1
21358,15,4,14,6,10,4,1,1,0,2,0
21359,6,4,11,5,8,2,0,1,1,2,0
21360,5,4,1,2,12,0,1,1,2,2,0
21361,12,4,11,2,6,0,1,1,1,2,0
21362,5,4,11,4,4,1,1,0,2,2,0
21363,6,6,9,2,4,5,1,0,3,2,0
21364,4,4,12,4,9,1,1,0,1,2,0
21365,3,0,11,4,0,1,1,0,1,2,0
21366,10,0,11,2,0,0,0,1,2,2,0
21367,4,7,11,4,4,1,0,1,0,2,1
21368,3,4,15,4,1,1,0,0,2,2,0
21369,10,4,11,2,3,0,1,1,2,2,0
21370,8,1,9,0,10,4,1,0,2,2,0
21371,4,4,0,2,3,0,1,1,2,2,0
21372,12,4,15,2,1,0,1,1,2,2,1
21373,12,6,15,2,5,0,1,1,1,2,0
21374,7,4,15,4,6,3,1,1,2,2,0
21375,6,4,15,2,12,0,1,1,3,2,0
21376,3,4,9,4,4,2,1,0,2,2,0
21377,10,4,10,2,5,0,1,1,1,2,1
21378,5,4,11,4,7,1,1,1,1,2,0
21379,4,4,15,4,12,4,1,0,1,2,0
21380,3,4,5,4,8,1,1,0,1,2,0
21381,14,4,11,1,14,4,0,1,1,2,0
21382,9,4,8,2,13,0,1,1,2,2,0
21383,4,4,15,4,3,1,1,0,2,2,0
21384,13,4,11,2,14,0,1,1,1,2,0
21385,6,4,15,2,6,0,1,1,3,2,0
21386,10,4,11,4,10,3,1,1,2,2,1
21387,6,0,11,2,0,5,1,0,2,2,0
21388,7,4,0,2,3,0,1,1,2,2,0
21389,8,4,11,4,12,1,1,1,2,2,0
21390,6,0,15,0,0,4,1,1,2,1,0
21391,8,4,15,2,11,0,0,1,2,2,0
21392,9,4,15,2,12,0,1,1,2,2,0
21393,5,7,7,2,4,0,0,1,2,2,1
21394,6,4,1,2,14,0,1,1,2,2,1
21395,11,4,11,2,7,0,1,1,2,2,1
21396,7,4,11,2,7,0,1,1,2,2,0
21397,5,4,15,2,1,0,0,1,2,2,1
21398,6,6,11,2,14,0,1,1,2,0,0
21399,7,4,12,2,4,0,1,1,2,2,0
21400,6,4,8,2,4,0,1,1,2,2,1
21401,4,4,11,4,1,1,1,0,1,2,0
21402,5,4,11,2,6,0,0,1,2,0,1
21403,8,7,10,2,10,0,0,1,2,2,0
21404,7,4,11,2,3,0,1,1,2,2,0
21405,4,4,15,2,6,0,0,1,2,2,0
21406,12,4,15,2,1,0,1,1,2,2,1
21407,3,2,0,4,14,3,1,1,1,2,0
21408,6,4,15,2,3,0,0,1,2,2,0
21409,12,4,11,4,12,1,1,1,2,2,0
21410,5,4,11,0,1,1,1,1,2,2,0
21411,7,4,6,2,9,5,1,0,2,2,0
21412,6,0,15,5,0,1,1,0,2,2,0
21413,8,4,9,4,1,3,1,0,2,2,0
21414,8,4,8,0,1,2,1,1,2,2,0
21415,3,4,9,4,1,3,0,1,2,2,0
21416,6,6,6,4,3,1,1,1,3,2,1
21417,9,7,1,2,8,0,1,1,2,2,0
21418,9,4,9,2,12,0,1,1,3,2,0
21419,6,4,11,2,3,0,0,1,2,0,1
21420,11,4,7,0,7,4,1,0,2,2,0
21421,7,4,11,4,12,3,1,1,2,2,0
21422,6,5,12,2,6,0,1,1,2,2,0
21423,4,4,9,4,10,3,1,1,2,2,0
21424,6,1,11,2,3,0,1,1,2,2,0
21425,9,7,9,0,10,1,1,0,2,0,0
21426,10,4,5,2,12,0,1,1,2,2,0
21427,5,4,15,2,14,0,1,1,2,2,0
21428,10,7,11,2,10,0,1,1,2,2,1
21429,7,4,9,5,12,4,1,0,2,2,0
21430,12,7,15,0,1,4,1,0,2,2,0
21431,5,4,15,4,3,3,0,1,2,0,0
21432,8,4,12,4,12,1,1,0,4,2,0
21433,6,4,9,4,1,3,1,0,2,2,0
21434,10,4,9,2,4,0,1,1,1,2,0
21435,14,4,15,2,3,0,1,1,1,2,0
21436,6,5,12,2,4,0,1,1,3,2,1
21437,9,2,5,2,10,0,1,1,2,2,0
21438,4,4,0,4,3,1,1,1,2,2,0
21439,7,4,7,2,8,0,1,1,2,2,0
21440,10,2,9,2,4,0,1,1,3,2,1
21441,5,4,15,4,4,3,1,1,2,2,0
21442,5,6,8,4,8,3,1,1,1,2,0
21443,7,6,9,2,14,0,1,1,2,2,0
21444,5,4,15,0,4,4,0,1,3,2,0
21445,8,4,11,3,12,4,1,0,1,2,0
21446,10,2,11,0,8,4,1,0,2,2,0
21447,12,4,11,0,8,4,1,0,1,2,1
21448,4,4,9,4,4,2,1,1,2,2,0
21449,7,4,11,2,6,0,1,1,2,2,0
21450,7,2,15,0,10,1,1,1,2,2,0
21451,15,4,0,4,6,1,1,1,2,2,0
21452,8,4,15,2,4,5,1,0,3,2,0
21453,9,4,6,2,12,0,1,1,2,2,1
21454,9,4,15,0,6,4,1,1,2,2,0
21455,9,4,15,2,4,0,1,1,2,2,1
21456,6,5,11,4,12,3,1,0,3,2,0
21457,9,4,11,2,5,0,1,1,2,2,0
21458,7,2,11,0,3,4,1,0,2,2,0
21459,10,4,11,0,6,1,1,1,2,1,1
21460,11,4,11,0,1,3,1,0,3,2,0
21461,4,4,11,4,4,3,1,0,1,2,0
21462,4,4,8,2,8,5,1,0,1,2,1
21463,7,4,11,2,3,0,1,1,2,2,0
21464,9,4,15,2,12,0,1,1,2,2,0
21465,8,4,11,2,1,5,1,0,3,2,1
21466,11,4,11,2,14,0,1,1,2,2,0
21467,3,4,11,4,8,1,1,1,1,2,0
21468,7,4,11,2,7,5,1,0,2,2,1
21469,4,4,6,4,14,1,0,0,2,2,0
21470,8,4,9,2,12,0,0,1,2,2,0
21471,9,4,7,2,12,5,1,0,1,2,1
21472,8,4,11,4,3,3,1,1,2,2,0
21473,5,4,12,4,4,3,1,1,2,2,0
21474,7,4,9,2,10,0,1,1,2,2,1
21475,11,6,11,2,7,0,1,1,2,2,1
21476,9,7,14,2,10,0,1,1,2,2,0
21477,13,2,11,2,3,0,1,1,0,2,0
21478,6,4,11,0,7,4,0,0,2,2,0
21479,7,4,1,4,12,1,1,0,1,2,0
21480,10,4,8,0,3,1,1,1,2,2,0
21481,4,4,12,4,10,1,1,1,1,2,0
21482,10,4,12,2,6,0,1,1,2,2,1
21483,7,4,11,2,7,0,1,1,2,2,0
21484,12,2,11,2,8,0,0,1,2,2,0
21485,7,6,11,2,4,0,1,1,2,2,0
21486,10,4,15,2,12,0,1,1,2,2,0
21487,5,4,11,4,1,3,1,1,1,2,0
21488,9,6,15,2,12,0,1,1,2,2,0
21489,5,4,11,4,8,1,0,0,3,2,0
21490,11,4,14,2,10,0,1,1,2,2,0
21491,6,4,5,2,10,0,1,1,2,2,1
21492,6,5,11,4,12,1,0,0,1,2,0
21493,5,5,15,4,4,1,1,0,1,2,0
21494,4,6,1,4,8,3,0,0,1,2,0
21495,3,4,15,4,5,2,1,1,1,2,0
21496,5,5,9,4,4,1,1,0,2,2,0
21497,5,4,11,4,8,4,0,0,2,2,0
21498,8,7,15,0,14,1,1,1,2,2,0
21499,7,4,9,2,14,5,1,0,2,2,0
21500,6,4,11,5,8,1,1,1,2,1,0
21501,7,4,11,0,5,1,1,1,2,2,0
21502,6,4,11,2,11,0,1,1,2,2,1
21503,6,4,9,0,8,1,1,1,2,2,1
21504,11,6,9,6,4,4,1,0,2,2,0
21505,6,4,9,2,12,0,1,1,2,2,0
21506,4,4,9,4,4,3,1,1,1,2,0
21507,13,0,11,2,0,0,1,1,1,2,1
21508,6,4,9,2,1,5,1,0,2,2,1
21509,4,4,4,4,3,1,1,1,0,1,0
21510,4,6,11,2,12,0,1,1,2,2,1
21511,4,1,11,4,1,1,0,0,1,2,0
21512,8,4,9,2,4,0,1,1,2,2,1
21513,9,6,15,4,3,1,1,1,2,2,1
21514,12,4,7,2,7,0,1,1,2,2,0
21515,4,7,15,4,1,1,1,0,2,2,0
21516,8,4,5,5,8,4,0,0,2,2,0
21517,5,6,12,4,12,1,1,1,2,2,0
21518,8,4,15,2,7,5,1,0,1,3,1
21519,7,4,11,2,1,5,1,0,1,2,1
21520,9,4,9,2,4,0,1,1,2,2,0
21521,7,4,15,4,8,1,1,0,2,2,0
21522,5,7,15,6,1,4,1,0,2,2,0
21523,4,1,7,2,10,0,1,1,2,2,0
21524,8,4,9,2,4,0,1,1,2,2,0
21525,6,4,12,2,10,0,1,1,2,2,1
21526,9,0,11,2,0,0,1,1,3,2,0
21527,9,4,9,4,12,1,1,1,1,2,0
21528,5,4,11,4,8,3,1,0,2,2,0
21529,11,4,5,2,6,0,0,1,2,2,1
21530,6,2,11,2,10,0,0,1,3,2,1
21531,4,4,12,4,4,4,1,1,0,2,0
21532,6,1,8,4,1,3,1,1,2,2,0
21533,5,7,11,2,11,0,1,1,2,2,0
21534,8,4,15,2,3,0,1,1,2,2,1
21535,8,4,9,2,10,0,0,1,2,2,0
21536,11,4,8,2,3,0,1,1,4,4,0
21537,9,4,13,4,7,3,1,1,2,2,0
21538,5,0,15,0,6,1,1,0,2,2,0
21539,3,4,11,4,8,3,1,1,0,2,0
21540,7,4,11,2,3,0,1,1,2,2,1
21541,6,4,10,5,1,4,1,0,2,2,0
21542,12,7,11,2,11,0,1,1,2,2,0
21543,4,4,15,4,7,1,1,1,1,2,0
21544,4,4,15,4,8,3,1,1,2,4,0
21545,12,4,9,2,4,0,1,1,2,2,0
21546,8,2,7,2,14,0,1,1,2,2,1
21547,4,4,9,3,10,4,1,0,0,2,0
21548,3,4,15,4,10,3,0,0,1,2,0
21549,7,4,11,0,4,1,1,1,2,2,1
21550,9,0,10,0,0,2,1,0,1,2,0
21551,9,4,9,0,10,4,1,0,2,2,0
21552,8,4,11,2,3,0,1,1,1,2,0
21553,8,4,1,2,7,0,1,1,2,2,1
21554,8,5,11,2,3,0,0,1,1,2,0
21555,4,7,9,4,10,1,1,0,2,2,0
21556,5,0,15,2,0,0,1,1,1,2,0
21557,6,4,15,2,12,0,1,1,3,2,0
21558,4,4,15,4,1,3,1,0,2,2,0
21559,10,4,11,2,8,5,1,0,3,2,0
21560,5,4,1,4,8,1,1,1,2,2,1
21561,3,4,15,4,8,3,1,0,1,2,0
21562,11,4,12,2,5,0,1,1,1,2,0
21563,11,4,11,2,7,0,1,1,2,2,0
21564,7,4,2,4,7,1,1,1,2,2,0
21565,9,4,15,0,4,4,1,0,2,1,0
21566,7,4,11,2,4,0,1,1,2,0,1
21567,5,4,11,2,3,0,1,1,2,2,0
21568,4,4,11,4,10,3,1,1,2,2,0
21569,4,4,9,4,13,3,1,0,0,2,0
21570,7,4,11,2,3,0,1,1,2,2,1
21571,3,4,11,4,1,3,0,0,2,2,0
21572,6,6,11,2,4,0,1,1,2,2,0
21573,3,4,15,4,1,2,1,0,2,2,0
21574,6,6,15,4,3,3,1,1,1,2,0
21575,7,6,8,2,5,0,1,1,2,2,0
21576,8,4,6,0,3,4,1,0,3,2,0
21577,5,4,11,4,14,3,1,1,2,2,0
21578,4,6,11,4,14,3,1,1,2,2,0
21579,9,4,14,2,10,0,1,1,2,2,0
21580,9,4,1,2,7,0,1,1,2,2,0
21581,3,2,11,4,1,1,0,0,0,0,0
21582,10,4,9,2,10,0,1,1,2,2,1
21583,8,4,15,0,12,0,1,1,2,2,1
21584,6,4,15,2,12,0,1,1,2,2,0
21585,6,4,12,4,10,1,1,1,2,2,1
21586,9,2,15,0,11,3,1,1,2,2,0
21587,5,4,15,4,1,1,1,0,2,2,0
21588,4,4,14,4,10,4,1,0,2,2,0
21589,12,5,9,5,12,1,1,0,1,2,0
21590,7,4,15,4,10,3,1,0,2,2,0
21591,4,4,8,4,1,2,1,0,2,2,0
21592,11,4,11,4,7,3,1,1,2,2,0
21593,8,4,11,6,14,1,1,1,2,2,1
21594,12,4,11,6,8,1,1,0,2,2,0
21595,5,2,1,4,8,1,1,0,1,2,0
21596,7,4,11,2,3,0,1,1,3,2,0
21597,8,4,15,2,1,5,1,0,1,2,1
21598,6,4,9,4,14,1,1,1,2,2,0
21599,7,4,9,5,4,3,1,0,2,2,0
21600,12,4,11,2,4,5,1,0,2,2,1
21601,9,4,9,2,12,0,1,1,2,2,0
21602,4,4,1,4,7,3,1,0,2,2,0
21603,7,6,15,2,5,0,1,1,2,2,1
21604,12,4,7,5,12,4,0,0,2,2,0
21605,12,1,15,3,11,1,1,1,0,2,0
21606,4,4,11,2,4,0,1,1,1,2,0
21607,7,4,11,4,7,1,1,0,2,2,0
21608,5,4,14,2,10,0,1,1,1,2,1
21609,7,4,15,2,3,0,1,1,2,2,0
21610,8,4,11,0,8,1,1,0,2,2,0
21611,8,4,11,2,8,0,1,1,2,2,0
21612,8,4,8,2,5,0,1,1,1,2,0
21613,9,4,14,0,4,1,1,0,2,2,0
21614,10,2,9,2,10,0,1,1,2,2,1
21615,5,4,12,4,4,3,1,1,3,2,0
21616,7,4,15,2,12,0,1,1,2,1,1
21617,7,4,15,4,8,1,1,0,2,2,0
21618,12,4,15,2,3,0,1,1,2,2,1
21619,8,4,9,2,12,0,1,1,2,2,0
21620,11,4,15,2,8,0,1,1,2,2,0
21621,6,4,9,2,10,0,1,1,2,2,1
21622,6,4,11,0,1,1,1,0,2,2,0
21623,8,7,15,2,8,0,1,1,2,2,1
21624,10,7,15,0,1,4,0,0,2,2,0
21625,8,4,15,2,12,0,1,1,2,2,0
21626,4,7,11,4,11,1,1,1,1,2,0
21627,7,4,11,2,3,0,1,1,3,2,1
21628,12,4,9,2,7,0,1,1,2,2,1
21629,4,4,9,4,4,3,1,1,2,2,0
21630,8,4,11,2,3,0,1,1,3,2,0
21631,9,0,11,0,0,1,1,0,2,2,0
21632,8,4,11,4,3,1,1,1,3,2,1
21633,8,4,7,0,12,4,1,1,3,2,0
21634,8,4,11,2,3,0,1,1,2,2,0
21635,8,4,11,2,3,0,1,1,3,2,1
21636,7,4,11,2,3,0,1,1,2,2,0
21637,7,4,9,0,1,1,1,0,2,2,0
21638,7,4,4,4,7,3,0,1,2,2,0
21639,4,4,15,4,8,3,1,0,1,2,0
21640,4,4,15,4,10,4,1,0,2,2,0
21641,12,3,12,2,5,0,1,1,2,2,1
21642,11,0,15,2,0,0,1,1,1,2,1
21643,13,4,15,2,3,0,1,1,1,2,0
21644,5,4,8,4,3,3,1,1,1,0,0
21645,7,4,15,4,3,1,0,1,2,2,0
21646,9,5,1,2,12,0,1,1,2,2,1
21647,12,4,9,3,8,4,1,0,2,2,0
21648,7,4,11,0,12,1,1,0,2,2,0
21649,8,4,9,2,4,0,1,1,3,2,1
21650,6,4,11,2,3,0,1,1,2,2,0
21651,8,2,15,2,11,0,1,1,2,2,1
21652,6,4,15,4,12,1,1,1,2,2,1
21653,10,6,15,2,7,5,1,0,2,2,0
21654,7,8,15,2,13,5,1,0,2,2,0
21655,6,7,15,2,11,0,1,1,2,2,0
21656,9,6,15,2,12,0,1,1,2,2,0
21657,9,4,15,0,1,1,0,0,2,2,0
21658,11,4,1,2,14,0,0,1,2,2,1
21659,10,4,15,6,3,1,1,1,2,2,0
21660,4,5,15,4,4,3,1,0,1,4,0
21661,8,6,9,4,8,1,0,0,2,2,0
21662,5,0,0,4,0,3,1,0,1,2,0
21663,6,4,15,3,1,4,1,0,1,2,1
21664,10,4,11,2,4,5,1,0,2,2,1
21665,4,4,6,5,3,3,1,1,2,2,0
21666,11,4,11,2,12,0,1,1,2,2,0
21667,8,4,9,4,13,3,1,1,3,2,0
21668,11,0,11,6,0,4,0,0,1,2,1
21669,12,4,7,2,12,0,1,1,1,2,0
21670,7,4,15,2,1,0,1,1,2,4,1
21671,3,4,8,4,1,3,1,0,1,2,0
21672,9,2,10,5,10,1,1,0,2,2,0
21673,10,4,14,2,4,0,1,1,0,2,0
21674,6,0,11,4,0,4,1,0,4,2,0
21675,13,4,1,2,3,0,1,1,0,2,0
21676,12,4,11,2,1,0,1,1,2,2,0
21677,8,4,11,6,1,1,1,0,2,2,0
21678,7,4,11,2,4,0,1,1,2,2,0
21679,3,4,12,4,4,1,1,1,1,2,0
21680,3,4,11,4,12,3,0,0,2,2,0
21681,6,4,7,4,13,4,0,0,2,2,0
21682,9,4,11,4,5,2,1,1,1,2,0
21683,5,4,11,2,3,5,1,0,2,2,1
21684,10,4,11,0,3,1,1,1,2,2,0
21685,11,4,1,2,7,0,1,1,2,2,0
21686,3,2,8,4,8,4,1,0,2,2,0
21687,8,4,15,0,1,4,0,0,2,0,0
21688,6,6,11,0,1,1,1,0,2,2,0
21689,10,4,11,2,4,0,0,1,3,2,1
21690,4,4,15,4,3,3,1,1,1,2,0
21691,6,4,11,4,10,3,1,1,2,2,0
21692,9,4,11,2,3,0,1,1,1,2,1
21693,5,4,8,2,13,0,1,1,3,1,0
21694,11,4,6,2,3,0,1,1,2,2,0
21695,7,4,12,2,10,0,1,1,2,2,0
21696,10,4,11,0,3,4,1,1,1,2,0
21697,7,4,14,2,10,5,1,0,2,2,0
21698,10,4,11,6,12,4,1,1,2,2,0
21699,8,4,1,2,11,0,1,1,2,2,0
21700,4,6,5,3,5,1,1,1,1,2,0
21701,8,7,9,2,1,5,1,0,2,2,1
21702,8,4,15,0,12,1,1,0,1,2,0
21703,9,2,1,2,14,0,1,1,2,2,0
21704,9,5,2,0,11,4,1,1,2,2,0
21705,4,7,11,2,1,0,1,1,2,2,1
21706,10,4,15,2,1,5,0,0,2,0,1
21707,10,5,12,0,4,3,1,1,2,0,0
21708,9,4,9,0,8,4,1,0,1,2,0
21709,11,4,11,2,3,0,1,1,2,2,1
21710,7,4,15,2,4,5,1,0,1,2,0
21711,14,4,8,2,1,0,1,1,1,2,0
21712,15,4,7,0,4,1,1,1,2,2,0
21713,12,4,15,2,14,0,1,1,2,2,0
21714,6,4,7,2,14,0,1,1,2,2,0
21715,9,5,15,0,4,4,1,0,2,2,0
21716,10,7,2,2,13,0,0,1,2,2,0
21717,6,4,11,2,14,0,1,1,3,2,1
21718,10,4,11,4,1,3,1,0,2,2,0
21719,5,4,15,4,3,1,1,1,1,2,1
21720,11,4,15,0,12,1,1,1,2,2,1
21721,12,4,11,6,1,1,1,1,2,2,0
21722,5,4,8,4,13,3,1,1,2,2,0
21723,6,4,7,4,13,1,1,1,2,2,0
21724,5,2,11,4,3,1,1,1,2,2,0
21725,10,4,8,0,12,4,1,0,2,4,0
21726,12,2,12,2,10,5,0,1,2,2,0
21727,4,4,9,4,12,1,1,1,2,2,1
21728,6,6,11,2,14,0,1,1,2,2,0
21729,6,0,7,2,0,0,1,1,3,2,0
21730,7,4,11,2,8,0,0,1,2,2,0
21731,7,4,10,0,5,1,1,1,2,2,0
21732,13,4,11,6,1,4,1,0,1,2,0
21733,10,4,9,2,8,0,1,1,2,2,1
21734,6,4,12,2,12,5,1,0,2,2,1
21735,8,6,15,2,3,0,1,1,2,2,0
21736,11,4,9,2,4,0,1,1,2,2,0
21737,10,4,12,2,5,0,1,1,2,0,1
21738,15,4,11,0,3,4,1,0,0,2,0
21739,5,4,11,4,11,1,1,1,2,2,1
21740,4,4,7,4,10,3,1,1,0,2,0
21741,12,4,15,2,8,0,1,1,2,2,1
21742,7,2,1,2,14,0,1,1,2,2,0
21743,8,4,7,2,3,0,1,1,2,2,1
21744,5,6,0,2,14,0,1,1,2,2,1
21745,4,5,15,4,4,1,1,0,2,2,0
21746,6,4,7,4,1,4,0,0,2,2,0
21747,7,2,1,2,8,0,1,1,3,1,0
21748,10,4,11,4,8,3,1,0,3,2,0
21749,9,7,9,2,10,0,1,1,2,2,0
21750,6,6,11,4,3,1,1,1,2,2,0
21751,9,4,7,2,10,0,1,1,2,2,0
21752,11,4,11,5,8,4,1,0,2,2,0
21753,4,4,11,4,6,3,1,1,2,4,0
21754,7,7,11,4,5,3,1,1,2,2,0
21755,5,8,11,4,5,3,1,1,1,2,0
21756,7,4,12,4,5,3,1,1,3,2,0
21757,10,4,15,2,1,5,1,0,0,2,1
21758,7,4,11,2,3,0,1,1,1,2,0
21759,8,2,11,0,8,1,1,0,3,2,0
21760,7,4,9,4,4,3,1,1,2,2,0
21761,18,7,9,5,1,4,1,0,1,2,0
21762,12,4,11,6,1,1,1,1,1,2,0
21763,12,4,0,5,3,1,1,1,2,2,0
21764,3,4,5,4,8,4,1,0,2,2,0
21765,8,4,11,2,14,0,1,1,2,2,0
21766,5,4,11,0,4,3,1,0,2,2,0
21767,6,4,11,2,8,0,1,1,2,2,1
21768,4,4,15,4,14,3,0,1,0,0,0
21769,7,7,9,2,10,0,1,1,2,2,0
21770,3,4,15,4,6,4,0,1,2,2,0
21771,10,4,11,2,3,0,1,1,2,2,0
21772,5,2,15,2,10,0,1,1,2,2,0
21773,7,4,9,2,12,0,1,1,2,2,0
21774,5,4,15,4,8,1,1,0,2,2,0
21775,8,1,14,2,10,0,0,1,2,2,0
21776,6,7,15,0,1,1,1,0,2,2,0
21777,7,4,11,4,3,1,1,1,2,2,0
21778,7,4,9,2,4,0,1,1,2,2,0
21779,6,4,11,3,8,1,1,0,2,2,0
21780,5,4,1,4,12,3,1,0,2,2,0
21781,12,4,9,0,4,1,1,0,2,2,0
21782,7,4,9,4,4,3,1,0,2,2,0
21783,8,5,11,2,4,0,1,1,3,2,1
21784,5,2,15,4,8,3,1,0,2,2,0
21785,10,4,15,2,7,0,1,1,2,2,0
21786,4,4,15,4,4,3,1,0,0,2,0
21787,8,4,15,2,4,0,0,1,2,2,0
21788,7,4,11,2,7,5,1,0,1,2,1
21789,11,4,15,2,1,2,0,0,2,2,0
21790,8,4,7,2,10,0,1,1,3,2,1
21791,3,4,7,4,1,3,1,1,1,2,0
21792,4,4,15,4,1,1,1,0,1,2,0
21793,10,4,9,0,1,1,1,0,1,2,0
21794,10,4,12,6,5,1,1,1,2,2,0
21795,9,4,6,2,7,0,1,1,1,2,1
21796,10,4,5,4,10,1,1,1,2,2,0
21797,9,4,8,2,13,0,1,1,2,2,0
21798,7,4,11,2,12,0,0,1,2,2,0
21799,4,6,0,4,3,1,1,1,0,2,0
21800,5,4,9,6,6,4,1,1,1,2,0
21801,5,4,11,4,8,1,1,0,2,2,0
21802,4,4,11,4,6,3,0,1,1,0,0
21803,4,4,11,4,3,1,1,1,0,2,0
21804,7,4,11,2,4,5,1,0,2,0,1
21805,10,4,9,0,1,4,1,0,2,2,0
21806,10,5,15,2,11,0,1,1,2,2,1
21807,4,4,11,4,14,3,1,1,1,2,0
21808,4,4,15,4,12,1,1,0,2,2,0
21809,8,4,11,2,3,0,1,1,1,2,0
21810,4,4,15,4,8,1,1,1,1,2,0
21811,5,6,11,4,12,1,1,1,2,2,0
21812,6,2,12,4,10,1,1,1,2,2,0
21813,7,4,11,2,14,0,1,1,2,2,1
21814,4,4,7,4,10,1,0,1,0,2,1
21815,6,4,11,2,3,0,1,1,2,2,0
21816,13,7,9,6,8,1,1,0,2,2,0
21817,8,6,11,0,12,1,1,1,2,2,0
21818,6,6,15,2,5,0,1,1,2,2,0
21819,5,4,12,4,1,1,1,0,1,2,0
21820,4,4,15,4,10,3,1,1,1,2,0
21821,11,7,0,5,1,1,1,1,2,2,0
21822,6,6,11,2,14,2,1,1,2,2,0
21823,5,6,15,4,4,1,1,1,2,2,0
21824,11,4,1,2,14,0,1,1,2,2,0
21825,6,4,11,2,3,0,1,1,2,2,1
21826,9,5,11,4,14,3,1,1,2,2,0
21827,8,1,11,4,1,1,0,0,2,0,0
21828,6,4,11,4,8,1,1,0,2,2,0
21829,6,4,15,2,4,0,1,1,2,2,1
21830,5,2,11,5,1,2,1,0,2,2,0
21831,11,4,9,2,12,0,1,1,2,2,1
21832,4,4,9,4,13,1,1,1,2,2,0
21833,5,2,15,4,1,3,1,1,2,2,0
21834,4,4,11,4,7,1,0,0,1,2,0
21835,5,0,2,4,0,3,1,1,2,2,0
21836,11,4,11,2,14,0,1,1,1,2,0
21837,6,4,15,4,12,1,1,0,2,2,0
21838,6,6,1,4,5,3,1,1,2,2,0
21839,5,4,12,4,10,1,1,1,2,2,0
21840,8,4,11,2,12,0,1,1,4,2,0
21841,14,4,11,2,6,0,1,1,3,2,1
21842,14,4,11,2,13,0,1,1,0,2,1
21843,5,4,7,2,10,0,1,1,1,2,1
21844,11,4,8,2,4,0,1,1,2,2,0
21845,11,4,1,2,14,0,1,1,2,2,1
21846,8,6,11,2,7,5,1,0,1,2,0
21847,7,4,15,2,10,0,1,1,2,2,0
21848,7,4,11,2,3,0,0,1,3,0,0
21849,3,4,11,4,8,1,1,0,1,2,0
21850,9,4,11,2,14,0,1,1,2,2,1
21851,11,4,1,6,3,1,0,1,2,0,0
21852,5,4,11,4,10,3,0,1,1,2,0
21853,11,4,9,6,12,4,1,0,2,2,0
21854,10,7,11,2,12,0,1,1,0,2,1
21855,8,0,15,2,0,0,1,1,2,2,0
21856,12,4,9,2,3,0,1,1,2,2,0
21857,15,4,11,2,1,0,1,1,3,2,1
21858,3,4,11,4,3,3,1,1,1,2,0
21859,4,4,11,4,1,3,1,1,1,2,0
21860,10,4,11,2,3,0,1,1,1,2,0
21861,4,4,11,4,14,3,1,1,1,2,0
21862,14,1,14,2,10,0,1,1,1,2,0
21863,6,4,12,0,8,1,1,0,2,2,0
21864,7,4,15,4,12,1,1,0,3,2,0
21865,5,7,14,2,10,0,1,1,1,2,1
21866,7,0,15,0,0,1,0,0,2,2,0
21867,4,4,7,4,12,3,1,1,2,2,0
21868,12,6,11,2,14,0,1,1,2,2,0
21869,11,4,15,2,6,0,1,1,2,2,0
21870,9,5,11,2,12,3,1,0,2,2,0
21871,7,6,1,2,3,0,1,1,2,2,0
21872,8,4,15,5,1,4,0,0,2,2,0
21873,7,4,9,0,4,1,1,0,2,2,0
21874,5,5,9,4,4,1,1,0,2,2,0
21875,15,4,11,0,12,4,1,0,2,2,0
21876,5,4,15,2,13,0,1,1,2,2,1
21877,6,4,9,2,4,0,1,1,2,2,0
21878,8,4,11,2,8,0,1,1,2,2,0
21879,7,7,9,5,10,1,1,0,1,2,0
21880,5,4,15,2,3,0,1,1,2,2,0
21881,6,4,14,5,10,1,1,1,2,2,1
21882,7,4,11,0,12,1,1,1,1,2,0
21883,12,2,9,6,10,4,0,0,4,2,0
21884,10,4,11,4,8,1,1,1,2,2,0
21885,7,2,15,2,3,0,0,1,2,0,1
21886,6,2,11,4,10,3,0,1,2,2,0
21887,11,4,0,2,7,0,1,1,3,2,0
21888,7,4,7,2,8,0,1,1,1,2,1
21889,12,4,11,2,7,0,1,1,2,2,1
21890,8,5,15,2,8,5,1,0,3,2,1
21891,4,4,15,4,1,4,1,0,2,2,0
21892,15,4,15,0,1,1,1,0,0,2,0
21893,4,4,11,4,6,3,1,1,1,2,0
21894,4,6,7,4,14,4,1,1,1,2,0
21895,7,4,11,2,4,0,1,1,2,2,0
21896,4,4,15,4,8,3,0,0,2,2,0
21897,8,6,15,2,12,0,1,1,2,2,1
21898,11,4,11,2,7,0,0,1,2,2,0
21899,8,4,15,2,1,5,1,0,1,2,0
21900,5,4,11,4,4,1,1,0,1,2,0
21901,4,6,12,4,10,3,1,0,2,2,0
21902,7,4,12,4,4,1,0,1,2,2,0
21903,5,4,15,4,12,2,1,1,3,2,0
21904,4,4,15,4,1,1,1,1,2,2,1
21905,5,1,14,0,10,1,1,1,2,2,1
21906,5,4,15,2,7,0,1,1,2,2,1
21907,8,2,11,2,11,0,0,1,1,2,0
21908,4,7,12,4,10,1,1,0,2,2,0
21909,7,5,11,2,5,0,1,1,2,2,0
21910,3,4,15,4,1,3,1,0,1,2,0
21911,13,4,15,2,8,0,1,1,2,2,1
21912,10,4,11,2,3,0,1,1,2,2,1
21913,14,6,9,2,12,0,1,1,1,2,0
21914,6,4,11,4,8,1,1,0,2,2,0
21915,5,4,11,0,8,4,0,0,2,2,0
21916,8,0,11,6,0,1,1,1,2,2,0
21917,5,4,11,4,7,3,1,0,3,2,0
21918,6,4,11,0,7,4,1,0,2,2,0
21919,10,4,15,2,3,0,1,1,1,2,0
21920,11,4,12,0,10,1,1,0,2,2,0
21921,11,4,15,6,1,1,1,0,2,2,0
21922,6,2,11,0,1,1,1,0,3,2,0
21923,5,4,9,2,10,0,1,1,3,2,0
21924,5,4,9,2,8,0,1,1,2,2,1
21925,13,6,6,2,7,0,1,1,2,2,0
21926,4,4,15,2,3,0,1,1,2,2,1
21927,8,4,11,0,1,4,0,0,3,2,0
21928,12,4,11,0,4,1,1,1,2,2,0
21929,7,4,15,0,6,4,1,0,2,2,0
21930,10,4,9,2,14,0,1,1,2,2,1
21931,4,4,5,4,10,2,1,0,2,2,0
21932,6,2,9,2,10,0,1,1,4,2,1
21933,11,4,8,4,9,1,1,0,2,2,0
21934,6,4,5,2,8,0,1,1,2,2,0
21935,10,4,12,2,10,0,1,1,2,2,0
21936,6,4,6,2,3,0,1,1,2,2,1
21937,9,0,2,0,0,1,1,0,2,2,0
21938,6,2,15,0,10,1,0,0,2,2,1
21939,4,2,11,0,3,1,1,1,1,2,0
21940,3,0,9,4,0,3,0,0,1,0,0
21941,3,4,14,4,10,1,1,1,1,2,0
21942,7,5,12,2,4,0,1,1,3,2,1
21943,6,4,15,4,6,3,1,0,2,2,0
21944,9,4,11,2,7,0,1,1,2,2,0
21945,12,4,6,6,6,1,1,1,2,2,0
21946,6,4,11,2,3,0,1,1,2,2,0
21947,7,4,15,2,6,0,1,1,1,2,1
21948,3,4,15,4,12,3,1,0,2,2,0
21949,9,4,15,0,1,0,1,1,1,2,1
21950,7,4,12,4,4,1,1,0,1,2,0
21951,8,4,11,2,4,0,0,1,3,2,1
21952,7,4,5,4,3,3,1,1,2,2,0
21953,8,4,11,0,3,4,1,0,2,2,0
21954,11,6,11,2,14,0,1,1,2,2,0
21955,3,4,1,2,3,0,1,1,2,2,0
21956,10,2,15,2,14,0,1,1,2,2,0
21957,3,4,11,4,3,3,1,1,0,2,0
21958,4,4,15,2,10,0,1,1,1,2,0
21959,7,4,7,2,1,5,1,0,2,2,1
21960,4,4,1,4,3,3,1,1,2,2,0
21961,4,4,8,4,1,1,0,0,2,2,0
21962,7,0,13,2,0,5,1,0,2,2,1
21963,6,4,12,2,10,0,1,1,2,2,0
21964,7,4,9,2,13,0,0,1,2,0,1
21965,7,4,15,2,3,0,1,1,1,2,1
21966,8,4,15,2,14,0,0,1,2,0,0
21967,6,0,11,2,0,0,1,1,4,2,0
21968,8,4,9,0,12,1,1,0,2,2,0
21969,6,4,2,2,8,0,1,1,2,2,0
21970,7,4,11,4,7,3,1,0,2,2,0
21971,13,4,0,6,8,4,0,0,2,2,0
21972,7,4,15,2,4,0,1,1,2,2,1
21973,4,4,9,0,4,1,1,1,1,2,0
21974,8,4,9,2,14,0,1,1,2,2,1
21975,12,4,15,5,14,2,1,1,1,2,0
21976,13,7,10,2,10,0,1,1,2,2,0
21977,9,6,11,2,3,0,1,1,2,2,0
21978,9,4,9,2,10,5,1,0,2,2,0
21979,9,4,5,2,9,0,1,1,1,2,1
21980,4,1,7,4,13,2,1,0,2,2,0
21981,11,6,15,2,4,0,1,1,2,2,1
21982,7,1,14,4,4,3,1,0,2,2,0
21983,8,4,15,0,7,1,1,1,2,2,0
21984,4,4,11,2,8,0,1,1,2,2,0
21985,6,4,11,2,3,0,1,1,2,2,0
21986,5,4,7,4,3,3,1,1,2,2,0
21987,8,4,11,2,3,0,1,1,2,2,1
21988,4,4,15,4,13,1,1,0,2,2,0
21989,9,4,1,2,3,0,1,1,2,2,0
21990,5,2,5,2,10,0,1,1,1,2,0
21991,8,6,11,2,5,0,1,1,2,2,0
21992,7,2,9,4,10,1,1,0,2,2,1
21993,7,4,8,0,9,1,1,0,3,2,0
21994,4,6,12,4,10,3,1,0,1,2,0
21995,5,4,1,4,14,3,0,1,2,2,0
21996,8,2,15,2,11,0,0,1,3,2,1
21997,8,4,9,0,12,1,1,1,2,2,1
21998,8,6,12,2,4,0,1,1,1,2,1
21999,7,4,15,0,12,1,1,0,2,2,0
22000,5,4,11,4,14,3,1,1,2,2,0
22001,4,4,5,4,6,1,1,1,2,2,0
22002,15,4,11,0,8,4,0,1,3,2,0
22003,12,4,15,2,12,5,1,0,4,2,1
22004,7,6,9,2,10,0,0,1,2,2,1
22005,6,4,12,2,10,5,0,0,0,2,0
22006,5,4,7,5,4,4,0,0,2,2,0
22007,9,2,10,2,10,0,1,1,2,2,0
22008,12,4,9,2,1,0,1,1,1,2,1
22009,11,4,1,2,5,0,1,1,2,2,1
22010,11,5,7,2,4,5,1,0,2,2,1
22011,11,4,11,2,7,0,1,1,2,2,1
22012,9,4,15,2,8,0,1,1,2,2,1
22013,6,6,11,4,5,1,1,1,2,2,1
22014,8,4,11,4,8,1,1,0,2,2,0
22015,10,4,9,2,4,0,1,1,2,2,1
22016,6,4,9,0,1,1,1,0,2,2,0
22017,3,4,15,4,3,2,1,1,2,2,0
22018,10,0,6,2,0,0,0,1,3,2,0
22019,11,4,5,2,8,0,0,1,1,0,0
22020,3,4,11,4,7,1,1,1,0,2,0
22021,9,6,4,4,8,1,1,0,3,2,0
22022,5,5,15,2,4,0,1,1,1,2,1
22023,6,4,12,4,12,1,1,1,1,2,0
22024,7,6,9,2,10,0,0,1,2,2,0
22025,8,4,11,4,3,3,1,1,2,2,0
22026,7,5,15,0,4,4,1,1,3,2,1
22027,9,4,11,0,1,1,1,0,2,2,0
22028,8,4,6,2,8,0,1,1,2,2,0
22029,5,4,9,4,4,2,1,0,2,2,0
22030,5,4,11,4,1,3,1,0,2,2,0
22031,9,2,9,2,4,0,1,1,2,2,0
22032,4,4,11,4,14,1,1,1,2,2,1
22033,13,0,3,1,0,4,1,0,1,2,0
22034,5,4,15,0,10,1,1,0,2,2,0
22035,5,5,15,4,12,1,0,1,1,0,0
22036,6,4,5,2,3,0,1,1,2,2,1
22037,5,4,11,2,1,0,1,1,2,1,1
22038,11,6,8,5,12,1,1,1,2,2,0
22039,5,4,11,0,7,4,1,0,1,2,0
22040,6,4,9,4,10,3,1,1,2,2,0
22041,11,4,15,4,12,1,0,1,2,0,0
22042,13,4,11,2,8,0,1,1,2,2,0
22043,3,4,9,4,4,1,1,1,1,2,0
22044,9,6,12,4,12,1,1,0,1,2,0
22045,6,4,11,5,6,1,1,0,2,2,1
22046,8,1,11,5,1,1,1,1,2,2,0
22047,13,4,15,2,8,0,1,1,2,2,0
22048,7,4,10,2,10,0,1,1,2,2,1
22049,4,5,12,4,4,1,1,0,0,2,0
22050,4,4,14,4,10,3,1,0,2,2,0
22051,4,4,15,4,12,1,1,0,2,2,0
22052,9,4,8,2,8,0,1,1,2,2,0
22053,8,4,8,5,13,4,0,0,2,2,0
22054,11,4,15,2,4,5,0,0,2,2,1
22055,10,0,1,2,6,0,1,1,1,2,0
22056,9,4,11,0,12,1,1,0,2,2,0
22057,8,4,11,2,7,0,1,1,2,2,1
22058,4,7,7,3,10,5,1,0,2,2,1
22059,9,4,11,2,6,0,0,1,2,2,0
22060,6,0,15,0,0,4,1,0,2,4,0
22061,17,4,15,4,8,1,1,1,1,2,0
22062,9,4,6,2,9,0,1,1,2,2,0
22063,5,4,15,2,7,0,1,1,2,2,1
22064,8,4,8,4,1,3,1,0,3,2,0
22065,8,4,11,2,12,0,1,1,1,2,0
22066,7,4,15,2,12,0,1,1,2,2,1
22067,8,4,9,2,4,0,0,1,1,2,0
22068,6,4,9,4,3,3,1,1,2,2,0
22069,6,4,11,2,8,0,1,1,2,1,0
22070,11,4,14,0,10,1,0,0,2,2,0
22071,7,4,11,2,14,0,1,1,2,2,0
22072,10,4,11,2,7,0,1,1,2,2,1
22073,8,4,9,0,4,1,0,0,1,2,0
22074,13,4,11,2,3,0,0,1,2,2,1
22075,6,2,0,4,14,3,1,1,2,2,0
22076,10,4,15,0,3,2,1,1,2,2,0
22077,9,4,11,2,8,0,1,1,2,2,0
22078,8,4,9,2,10,0,1,1,2,2,0
22079,7,4,15,2,11,0,0,1,2,2,1
22080,10,4,6,0,7,4,0,0,2,2,0
22081,10,4,9,2,4,0,1,1,2,2,0
22082,9,2,15,2,11,0,0,1,2,0,0
22083,5,4,11,4,14,3,0,1,2,1,0
22084,9,4,5,2,3,0,1,1,1,2,1
22085,11,4,11,2,12,0,1,1,2,2,1
22086,9,1,11,2,4,0,1,1,2,2,1
22087,4,4,9,4,4,1,1,1,2,2,0
22088,12,4,9,6,1,4,1,0,4,3,0
22089,10,6,11,2,3,0,1,1,2,2,0
22090,5,4,8,0,1,1,1,0,2,2,0
22091,9,4,12,2,4,0,1,1,2,2,1
22092,9,4,1,2,8,0,1,1,2,2,0
22093,10,4,15,2,3,0,0,1,2,2,1
22094,5,4,7,2,10,0,0,1,3,4,0
22095,8,4,15,4,1,1,1,0,2,2,1
22096,6,4,12,2,12,0,1,1,2,2,0
22097,4,4,0,4,14,1,1,0,2,2,0
22098,4,4,11,0,7,1,1,0,2,2,0
22099,6,4,8,0,13,1,1,1,1,2,0
22100,3,4,11,4,12,3,0,1,1,2,0
22101,9,4,12,2,12,0,0,1,3,2,1
22102,9,4,11,0,8,1,1,1,2,2,0
22103,10,4,9,2,4,0,1,1,2,2,1
22104,6,4,11,0,7,1,1,1,2,2,0
22105,9,4,15,5,1,4,1,0,3,2,0
22106,12,6,15,0,3,1,1,1,2,2,0
22107,6,0,1,4,0,1,1,1,1,2,0
22108,6,4,9,2,10,0,1,1,2,2,0
22109,8,4,11,4,12,4,1,1,2,2,0
22110,10,4,11,2,12,0,1,1,2,2,1
22111,8,6,11,2,5,0,1,1,3,2,0
22112,5,4,11,4,4,3,1,1,1,2,0
22113,8,4,0,5,5,1,1,1,1,2,0
22114,12,6,15,2,12,0,1,1,2,2,1
22115,9,4,11,2,12,0,1,1,3,2,0
22116,12,4,11,6,3,1,1,1,2,2,0
22117,4,0,11,4,0,4,0,1,2,2,0
22118,6,6,11,2,12,0,1,1,2,2,0
22119,6,7,15,0,1,4,0,0,2,2,0
22120,11,4,11,5,1,1,1,0,2,2,0
22121,6,4,11,4,7,3,1,1,1,2,0
22122,11,4,11,2,14,0,1,1,2,2,0
22123,7,4,7,0,13,1,1,1,2,2,0
22124,13,4,10,2,10,0,1,1,2,1,1
22125,5,4,15,4,1,3,0,1,2,2,0
22126,7,4,11,4,14,1,0,1,2,0,0
22127,12,4,15,2,12,0,1,1,1,4,1
22128,5,4,11,4,4,3,1,0,2,2,0
22129,5,4,15,4,12,3,1,1,2,2,0
22130,12,4,10,0,4,1,1,1,2,2,0
22131,5,4,1,4,8,1,1,1,2,2,0
22132,11,4,15,6,14,1,1,1,2,2,1
22133,14,4,7,2,4,0,1,1,2,2,1
22134,5,1,15,2,4,0,0,1,2,2,0
22135,10,4,9,0,10,1,1,0,2,4,0
22136,11,4,11,2,13,0,1,1,2,2,0
22137,4,4,15,2,12,0,1,1,2,2,0
22138,6,4,9,2,4,0,1,1,0,2,0
22139,11,4,12,2,5,0,1,1,2,2,0
22140,11,2,9,2,10,0,1,1,1,2,1
22141,3,4,9,4,1,4,1,0,0,2,0
22142,15,4,11,0,8,1,1,0,0,2,1
22143,6,4,12,5,10,4,1,1,2,2,0
22144,10,4,11,0,8,1,1,0,1,2,0
22145,6,4,11,0,14,4,1,0,1,2,0
22146,8,4,11,2,8,5,1,0,2,2,1
22147,6,2,11,2,14,0,1,1,1,2,1
22148,11,6,11,2,10,0,1,1,2,2,0
22149,4,4,9,4,10,1,1,0,1,2,0
22150,9,4,9,0,1,4,1,0,2,2,1
22151,10,4,15,0,12,4,1,0,2,2,0
22152,11,0,2,2,0,0,1,1,2,2,1
22153,7,4,7,2,3,0,1,1,2,2,1
22154,5,4,11,2,12,0,1,1,2,2,1
22155,8,4,9,2,13,0,1,1,2,2,0
22156,10,4,11,2,3,0,1,1,1,2,1
22157,7,4,15,4,3,1,1,1,2,2,0
22158,4,4,15,0,12,4,1,0,2,2,0
22159,5,4,7,2,4,0,1,1,2,2,1
22160,7,7,11,2,1,5,1,0,2,2,1
22161,10,4,15,2,14,0,1,1,3,2,1
22162,3,4,14,4,4,3,1,1,0,2,0
22163,4,4,15,2,8,0,1,1,1,2,0
22164,9,4,11,2,5,0,1,1,2,2,1
22165,6,1,4,5,1,4,1,1,2,2,0
22166,7,4,12,4,10,4,1,0,2,2,0
22167,8,4,11,3,6,4,1,0,2,2,0
22168,8,4,11,0,7,2,0,1,2,0,0
22169,5,2,9,4,11,3,1,1,2,0,0
22170,6,4,11,0,8,3,1,1,2,2,0
22171,4,6,8,4,5,3,1,1,1,2,0
22172,5,4,15,4,8,3,1,0,1,2,0
22173,9,4,11,0,14,3,1,0,3,2,0
22174,12,4,4,2,3,0,1,1,2,2,1
22175,11,6,12,2,8,0,1,1,2,2,0
22176,4,1,10,4,10,2,1,1,2,2,0
22177,11,4,1,2,14,5,1,0,2,2,0
22178,4,4,11,4,14,1,1,1,2,2,0
22179,8,2,9,2,10,0,1,1,3,2,1
22180,12,7,11,2,14,0,1,1,2,2,1
22181,7,4,11,0,8,1,1,0,2,2,0
22182,13,2,9,6,10,4,1,0,1,2,0
22183,6,2,1,2,14,0,0,1,2,2,0
22184,7,4,15,2,14,0,1,1,1,2,0
22185,4,4,15,3,1,1,1,0,2,2,0
22186,4,4,11,0,14,1,1,1,2,2,0
22187,11,4,15,4,1,1,1,0,1,2,0
22188,10,4,15,2,3,0,0,1,2,2,1
22189,4,4,11,4,3,3,1,1,1,2,0
22190,7,4,9,2,12,0,1,1,2,2,0
22191,8,4,9,2,4,0,1,1,2,2,1
22192,6,6,9,4,12,1,1,1,2,2,0
22193,8,4,12,6,10,1,1,1,3,2,0
22194,9,4,11,2,6,0,0,1,2,2,0
22195,9,6,7,2,4,0,1,1,2,2,0
22196,9,4,7,2,3,0,1,1,2,2,0
22197,9,0,15,2,0,0,1,1,2,2,0
22198,3,6,9,4,12,2,1,1,1,2,0
22199,9,4,9,2,4,0,1,1,2,2,1
22200,6,4,11,2,1,0,1,1,2,2,1
22201,3,4,11,4,3,3,1,1,2,2,0
22202,3,4,15,4,10,1,1,0,1,2,1
22203,4,7,15,4,10,3,1,0,2,2,0
22204,7,4,15,2,6,0,0,1,1,2,0
22205,10,4,11,2,1,0,1,1,2,2,1
22206,4,4,11,4,1,3,1,1,2,2,0
22207,14,4,11,2,4,0,1,1,1,2,0
22208,8,4,11,2,13,0,1,1,2,2,1
22209,3,4,11,4,7,1,1,1,1,2,1
22210,10,4,15,0,6,1,1,1,2,2,0
22211,10,4,7,2,3,0,1,1,2,2,0
22212,6,4,6,0,3,1,1,0,2,2,0
22213,3,1,15,4,1,1,1,0,3,2,0
22214,8,4,11,0,1,4,1,0,3,2,0
22215,6,7,11,2,14,0,1,1,2,2,1
22216,8,4,11,2,1,5,1,0,2,2,1
22217,6,4,9,5,10,1,1,0,2,4,0
22218,8,4,15,6,8,1,1,0,2,2,0
22219,7,4,9,2,4,0,1,1,2,2,0
22220,10,4,9,2,14,0,0,1,2,2,1
22221,15,4,11,2,5,0,1,1,2,2,1
22222,11,4,15,6,1,4,1,0,1,2,0
22223,8,7,11,2,8,0,1,1,2,2,1
22224,9,4,0,2,5,0,1,1,2,2,0
22225,8,4,7,2,12,0,1,1,2,2,0
22226,7,4,15,4,3,3,1,1,2,2,0
22227,6,4,11,4,5,3,1,1,2,2,0
22228,11,4,11,2,3,0,1,1,1,1,0
22229,7,4,11,0,1,4,1,0,1,2,0
22230,12,4,15,2,12,5,1,0,1,2,0
22231,3,4,4,4,8,3,0,1,2,0,0
22232,9,4,11,0,5,1,1,1,2,2,0
22233,3,4,15,4,8,3,1,1,2,2,0
22234,9,4,9,2,10,0,1,1,2,2,1
22235,9,4,11,2,12,0,1,1,2,2,0
22236,6,4,11,4,7,3,1,1,2,2,0
22237,10,6,11,2,1,0,1,1,2,2,0
22238,8,7,11,4,8,2,1,0,2,2,0
22239,10,4,15,2,1,0,1,1,2,1,1
22240,8,4,15,4,14,1,1,0,1,2,0
22241,6,6,11,2,3,0,1,1,3,2,0
22242,9,4,9,2,13,0,1,1,2,2,1
22243,10,4,0,2,3,0,1,1,0,2,1
22244,7,1,11,2,13,0,1,1,2,2,1
22245,9,4,15,6,1,1,1,0,2,2,0
22246,14,6,11,2,3,0,1,1,1,2,1
22247,11,5,15,2,4,0,1,1,2,2,1
22248,8,4,7,0,12,1,1,0,3,2,0
22249,4,0,5,4,0,1,1,0,1,1,0
22250,10,5,9,2,4,0,1,1,2,2,0
22251,3,4,9,4,12,3,0,1,1,2,0
22252,13,2,10,6,10,1,1,0,2,2,0
22253,8,7,1,2,11,0,1,1,2,2,1
22254,12,6,10,2,5,0,1,1,2,2,0
22255,4,4,14,4,10,3,0,0,1,2,0
22256,8,4,0,2,4,3,0,0,2,2,0
22257,9,4,15,4,7,4,1,1,2,2,0
22258,4,4,0,3,8,4,0,0,2,2,0
22259,5,4,15,4,12,4,1,0,2,2,0
22260,6,4,15,2,3,0,1,1,2,2,0
22261,10,4,11,0,7,1,1,0,0,2,0
22262,6,0,8,4,0,1,1,0,3,2,0
22263,10,0,15,0,6,1,0,1,2,2,0
22264,8,6,11,4,1,4,0,0,3,2,0
22265,11,4,11,2,3,0,1,1,1,2,0
22266,11,4,8,2,6,0,1,1,2,2,0
22267,10,4,11,0,8,0,1,1,2,2,0
22268,4,4,11,4,1,4,1,0,1,2,0
22269,4,4,0,0,14,1,0,1,2,2,0
22270,3,4,0,4,7,1,1,1,2,2,0
22271,4,4,15,4,6,3,0,1,1,2,0
22272,5,2,8,4,1,1,0,0,1,2,0
22273,4,4,9,4,1,3,1,0,1,2,0
22274,8,7,0,2,4,0,1,1,2,2,1
22275,12,4,8,0,12,4,1,1,2,4,0
22276,6,4,0,2,3,0,1,1,2,2,0
22277,14,6,15,2,5,0,1,1,2,2,1
22278,8,5,15,0,4,2,1,1,2,2,0
22279,3,4,9,4,10,3,1,0,0,2,0
22280,6,4,11,4,3,1,1,1,3,2,0
22281,18,4,11,5,1,4,0,0,1,2,0
22282,6,4,15,2,8,0,1,1,3,2,0
22283,5,4,15,4,1,3,1,0,1,2,0
22284,12,4,2,0,3,1,1,1,1,2,0
22285,5,4,0,4,8,3,0,0,2,2,0
22286,3,4,9,4,6,1,1,1,1,2,0
22287,8,4,15,2,1,0,1,1,2,2,0
22288,8,4,15,2,7,0,1,1,2,2,1
22289,4,4,11,4,3,1,1,1,1,2,0
22290,13,4,9,2,12,0,1,1,2,2,0
22291,5,4,9,5,13,1,1,0,2,2,0
22292,9,4,4,2,8,0,1,1,2,2,0
22293,12,0,9,2,0,0,1,1,1,2,1
22294,8,4,8,2,5,0,1,1,1,2,0
22295,5,4,14,4,4,2,1,1,2,2,0
22296,5,6,15,4,3,3,1,1,2,2,0
22297,9,4,15,2,7,0,0,1,3,2,1
22298,4,4,11,2,3,3,1,1,2,2,0
22299,4,4,12,4,4,3,1,0,1,2,0
22300,6,2,15,2,11,0,1,1,4,2,1
22301,8,4,7,0,1,4,1,0,2,2,0
22302,4,2,12,4,10,1,0,0,1,2,0
22303,5,4,11,2,8,0,1,1,3,2,0
22304,8,4,11,0,8,1,0,1,2,2,0
22305,7,2,1,4,3,1,0,1,2,2,0
22306,11,4,11,2,8,5,1,0,3,2,1
22307,4,4,7,4,1,1,1,1,2,2,0
22308,9,4,2,2,8,5,1,0,2,2,1
22309,9,5,11,2,11,0,0,1,2,0,0
22310,8,4,15,0,8,1,1,0,2,4,0
22311,8,4,11,0,12,4,1,1,2,2,0
22312,8,4,11,2,3,0,1,1,2,2,0
22313,15,4,11,0,1,1,1,1,3,2,0
22314,5,4,11,4,8,3,0,0,2,0,0
22315,9,4,7,0,8,4,0,0,2,2,0
22316,6,2,15,2,11,0,1,1,2,2,0
22317,5,4,9,4,4,3,1,0,2,2,0
22318,8,4,11,2,12,0,1,1,2,2,0
22319,7,0,9,2,0,5,1,0,2,2,0
22320,7,0,8,4,0,3,1,1,2,4,0
22321,7,4,1,2,14,0,1,1,2,2,1
22322,9,4,11,2,8,0,1,1,1,2,0
22323,10,1,9,0,4,4,1,0,2,2,0
22324,10,4,6,2,8,0,1,1,2,4,0
22325,9,6,11,2,4,0,1,1,2,2,0
22326,9,4,0,0,3,1,1,1,2,2,0
22327,4,4,7,4,1,3,1,1,2,2,0
22328,5,1,11,4,14,4,1,1,3,2,0
22329,9,2,10,2,10,0,1,1,2,2,0
22330,9,4,15,2,8,0,1,1,1,2,0
22331,9,4,15,4,1,3,1,0,1,2,0
22332,5,4,15,4,3,1,1,1,1,2,0
22333,4,4,9,4,4,1,1,1,2,2,0
22334,4,4,11,4,3,3,1,1,2,2,0
22335,8,4,11,2,3,0,1,1,2,2,0
22336,7,4,15,0,4,1,1,0,2,2,0
22337,7,4,12,2,4,0,1,1,2,2,1
22338,6,4,15,2,13,5,1,0,2,2,0
22339,6,4,7,3,12,2,0,0,2,2,0
22340,6,4,15,0,8,4,1,0,2,2,0
22341,7,4,15,2,4,0,1,1,2,2,0
22342,5,4,14,4,10,4,1,1,2,2,0
22343,9,4,11,4,3,2,1,1,2,2,0
22344,11,4,2,2,9,0,1,1,2,2,0
22345,3,4,11,4,8,1,1,0,0,2,0
22346,7,4,5,2,8,0,1,1,2,2,1
22347,7,4,11,4,1,3,0,0,2,2,0
22348,4,4,11,4,7,4,1,0,2,2,0
22349,5,4,9,4,12,1,1,0,2,2,0
22350,9,4,11,5,6,1,1,1,2,2,0
22351,13,7,15,2,8,0,1,1,2,2,1
22352,9,4,7,2,1,5,1,0,2,2,0
22353,3,4,15,4,4,3,1,0,3,2,0
22354,5,4,11,2,13,0,1,1,2,2,1
22355,6,4,14,4,10,1,1,0,2,2,0
22356,10,4,1,4,11,1,1,1,2,2,1
22357,7,4,11,4,12,1,1,1,1,2,0
22358,9,4,11,2,14,0,1,1,2,2,0
22359,7,4,12,2,6,0,1,1,2,2,1
22360,5,4,11,2,8,0,1,1,2,2,1
22361,8,5,15,0,10,4,1,0,1,2,0
22362,7,4,9,4,1,1,1,1,2,2,0
22363,8,4,15,2,3,0,1,1,2,2,0
22364,11,4,11,2,3,0,1,1,2,2,1
22365,12,4,15,2,11,0,1,1,2,2,0
22366,8,4,15,2,8,0,1,1,2,2,1
22367,8,4,0,2,7,0,0,1,2,2,0
22368,11,4,2,0,9,1,1,0,2,2,0
22369,14,4,11,2,12,0,0,1,1,2,0
22370,6,4,9,0,4,1,1,0,1,2,0
22371,4,2,12,4,10,3,1,1,1,2,0
22372,11,4,11,6,8,1,0,0,2,2,0
22373,9,4,11,2,3,0,1,1,2,2,0
22374,11,1,1,2,14,0,1,1,2,2,0
22375,14,6,15,2,7,0,1,1,1,2,1
22376,6,4,7,5,1,2,0,0,2,2,0
22377,4,4,11,4,12,1,1,0,1,2,0
22378,10,4,15,2,3,0,1,1,2,3,1
22379,6,4,2,2,5,0,1,1,2,2,0
22380,3,7,7,4,1,1,1,0,1,2,0
22381,6,4,15,4,1,4,1,0,2,2,0
22382,8,4,9,2,4,0,1,1,2,2,1
22383,10,4,11,2,8,0,0,1,2,2,1
22384,6,4,9,0,4,4,1,1,2,2,0
22385,8,4,8,4,3,1,1,1,2,2,0
22386,5,4,11,4,3,1,1,1,2,2,0
22387,10,4,11,0,7,1,1,1,2,2,0
22388,11,4,7,2,14,0,1,1,2,2,1
22389,8,4,9,2,7,0,1,1,2,2,0
22390,8,4,5,2,8,0,1,1,2,2,0
22391,9,4,9,2,4,0,1,1,3,2,1
22392,5,0,9,4,0,1,1,0,2,2,0
22393,5,4,8,2,5,0,1,1,2,2,0
22394,8,7,15,0,1,4,1,0,2,2,0
22395,9,4,11,0,8,1,1,0,2,2,0
22396,6,4,5,2,8,0,1,1,1,2,1
22397,12,4,15,2,6,0,1,1,0,2,1
22398,12,1,11,5,1,4,1,0,4,2,0
22399,7,4,15,2,13,0,0,1,3,0,0
22400,11,4,12,5,1,3,0,1,3,2,0
22401,13,4,11,6,4,4,1,1,0,2,0
22402,8,4,15,2,3,0,0,1,2,0,1
22403,6,4,15,2,5,0,1,1,1,2,0
22404,8,7,9,4,10,3,1,1,2,2,0
22405,10,4,15,0,3,2,1,1,2,1,0
22406,11,4,9,2,13,0,0,1,2,2,0
22407,5,4,11,4,12,1,1,1,2,2,1
22408,8,4,11,2,8,0,1,1,2,2,0
22409,13,2,15,0,10,4,1,1,0,2,0
22410,4,4,9,4,8,1,1,0,0,1,0
22411,6,4,1,4,14,1,1,1,2,2,0
22412,12,4,11,2,12,0,1,1,2,2,0
22413,9,4,15,2,8,0,1,1,2,2,0
22414,6,4,0,0,7,4,1,0,2,2,0
22415,12,4,11,6,14,1,0,0,2,0,0
22416,9,4,7,4,10,1,0,0,2,2,0
22417,3,4,11,4,8,3,1,1,2,2,0
22418,11,4,9,2,12,0,1,1,1,2,1
22419,8,4,11,0,12,1,1,1,2,2,0
22420,7,4,15,4,3,1,1,0,3,2,0
22421,4,4,15,4,4,3,1,1,1,2,0
22422,5,4,15,2,4,0,1,1,2,2,0
22423,6,4,11,2,5,0,1,1,1,2,1
22424,8,4,15,0,5,4,1,1,2,2,0
22425,4,4,15,4,1,4,1,0,3,2,1
22426,9,4,15,0,6,1,1,1,2,2,0
22427,6,2,11,2,8,2,0,1,3,2,0
22428,6,4,11,5,1,4,1,0,2,2,1
22429,11,4,15,2,8,5,0,0,2,2,1
22430,8,7,11,2,4,0,1,1,2,2,1
22431,4,2,9,4,10,3,1,1,1,2,0
22432,8,4,11,2,4,0,1,1,2,2,0
22433,8,4,9,2,1,5,1,0,2,2,0
22434,10,4,15,4,12,3,1,0,2,2,0
22435,6,4,11,0,12,4,1,0,1,2,0
22436,6,4,11,0,3,1,1,1,2,2,0
22437,12,4,9,2,13,0,1,1,2,0,1
22438,9,1,11,6,13,1,1,1,2,2,0
22439,6,5,15,4,12,3,1,1,2,2,0
22440,5,4,11,4,1,1,1,0,2,2,0
22441,10,6,1,2,5,0,1,1,2,2,1
22442,8,4,6,2,12,5,1,0,2,2,0
22443,8,4,12,0,10,1,1,1,2,2,0
22444,7,4,11,0,1,4,1,0,2,2,0
22445,4,7,1,4,14,1,0,1,0,2,0
22446,6,4,8,2,8,5,1,0,2,2,1
22447,9,4,15,2,7,0,1,1,2,2,0
22448,7,4,5,0,8,4,1,0,2,2,0
22449,7,4,11,2,3,0,1,1,1,2,0
22450,9,5,11,2,12,0,1,1,2,2,0
22451,4,4,11,4,3,2,1,0,2,4,0
22452,7,4,12,0,4,1,1,1,2,2,1
22453,6,4,12,2,4,0,1,1,2,2,0
22454,10,4,15,2,4,0,1,1,2,2,0
22455,10,6,7,2,12,0,1,1,1,1,0
22456,5,4,15,4,13,2,1,1,2,2,0
22457,12,4,15,2,8,0,1,1,1,2,1
22458,13,6,11,2,0,0,1,1,2,2,0
22459,4,4,15,4,12,1,1,1,1,2,0
22460,7,4,1,2,3,0,1,1,2,2,1
22461,8,4,11,4,6,3,1,1,2,2,0
22462,4,2,11,3,8,1,0,0,1,3,0
22463,5,4,9,4,13,3,1,1,1,2,0
22464,8,4,12,4,10,1,1,0,1,2,0
22465,6,4,15,2,4,0,1,1,2,2,0
22466,7,4,1,4,3,3,1,0,2,2,0
22467,5,4,15,2,8,0,1,1,2,2,1
22468,6,4,9,2,4,0,1,1,2,2,0
22469,13,2,9,6,10,4,1,0,2,2,0
22470,6,4,15,0,4,1,1,0,2,2,1
22471,7,4,15,4,13,1,1,1,3,2,0
22472,7,4,11,4,1,1,1,0,2,2,0
22473,6,4,6,2,3,0,1,1,2,2,1
22474,6,4,7,2,4,0,1,1,1,2,0
22475,11,4,7,4,12,1,0,1,1,2,0
22476,8,4,11,2,3,0,1,1,2,2,1
22477,9,4,9,2,10,0,1,1,2,2,1
22478,4,4,11,4,3,4,0,1,1,2,0
22479,6,7,9,2,10,0,0,1,2,0,1
22480,6,6,7,4,10,3,1,0,2,2,0
22481,5,4,11,4,6,1,1,1,2,2,0
22482,7,4,15,2,12,0,1,1,2,2,1
22483,5,2,12,4,4,3,1,1,2,2,0
22484,11,2,9,2,10,0,1,1,1,2,1
22485,9,4,11,0,4,0,1,1,1,2,1
22486,6,5,9,5,12,2,1,0,0,2,1
22487,7,4,11,0,3,4,1,1,2,2,0
22488,4,4,11,4,3,3,1,1,2,2,0
22489,5,5,9,2,4,0,1,1,2,2,0
22490,6,0,11,4,0,1,1,1,2,2,0
22491,10,4,15,0,14,1,1,1,2,2,0
22492,6,6,12,2,10,5,1,0,2,2,1
22493,4,4,11,4,8,1,1,0,1,2,0
22494,5,4,11,2,3,0,0,1,1,2,0
22495,8,4,15,0,7,4,1,0,2,2,0
22496,4,4,12,4,10,1,1,0,2,2,0
22497,7,4,11,2,3,0,1,1,2,2,0
22498,7,4,15,0,1,4,1,0,2,2,1
22499,5,4,11,2,8,2,1,0,2,2,0
22500,11,4,1,2,3,0,1,1,2,2,0
22501,8,4,9,0,4,1,1,0,2,2,0
22502,4,4,9,4,3,1,1,1,2,2,0
22503,13,4,15,2,4,0,1,1,0,2,0
22504,3,4,15,4,4,3,1,1,1,2,0
22505,9,4,0,2,8,0,0,1,2,2,1
22506,8,4,11,2,8,0,1,1,2,2,1
22507,6,4,11,4,4,1,0,1,3,2,0
22508,8,0,11,2,0,0,1,1,2,2,1
22509,8,4,12,0,10,1,1,1,2,2,0
22510,5,4,9,4,7,1,1,1,2,2,0
22511,10,4,7,4,4,2,1,1,2,2,1
22512,9,4,11,2,8,0,1,1,2,2,0
22513,10,4,11,2,3,2,1,1,2,2,0
22514,8,4,15,4,3,1,1,1,3,2,0
22515,7,4,9,5,1,4,1,0,2,2,0
22516,4,7,10,4,4,1,1,0,0,2,0
22517,6,4,11,2,12,0,1,1,2,2,1
22518,6,0,5,0,6,4,1,1,2,2,0
22519,6,1,11,0,1,1,1,1,1,2,1
22520,4,4,15,4,8,3,1,0,1,2,0
22521,4,4,11,4,6,3,1,1,2,2,0
22522,12,4,11,3,12,1,1,1,0,2,0
22523,8,4,14,2,10,0,1,1,2,2,0
22524,6,0,9,0,0,4,0,0,2,2,0
22525,9,4,11,2,12,0,1,1,2,2,1
22526,12,4,9,0,5,1,1,1,2,2,0
22527,7,4,8,0,1,3,1,1,2,2,0
22528,7,4,12,2,12,5,1,0,1,2,1
22529,8,4,7,2,7,0,1,1,1,2,0
22530,6,4,9,4,12,3,1,1,1,2,0
22531,11,4,0,2,6,0,0,1,2,0,0
22532,9,4,15,0,1,4,1,0,1,2,0
22533,6,4,11,2,8,0,0,1,2,2,0
22534,8,4,11,0,1,4,1,1,1,2,0
22535,7,4,9,2,12,0,1,1,2,2,0
22536,9,4,7,2,10,0,1,1,2,2,0
22537,5,4,11,4,4,1,1,0,1,2,0
22538,8,4,12,4,8,3,0,0,4,2,0
22539,8,4,1,2,12,0,1,1,2,2,0
22540,5,1,15,4,1,3,1,0,2,2,0
22541,4,4,12,4,4,3,1,0,2,2,0
22542,12,0,9,6,0,1,1,0,1,2,0
22543,4,6,9,4,12,3,1,0,1,2,0
22544,8,4,11,2,8,0,1,1,3,2,0
22545,10,2,15,2,4,0,1,1,2,2,1
22546,3,4,15,4,8,1,0,1,3,0,0
22547,7,4,11,0,14,4,0,1,2,2,0
22548,6,7,11,5,1,1,1,1,3,2,1
22549,12,2,11,2,11,0,1,1,2,2,1
22550,9,4,11,2,1,1,0,0,3,0,0
22551,8,5,14,0,10,1,1,0,3,2,0
22552,5,4,9,4,4,4,1,0,2,2,0
22553,7,6,1,2,3,0,1,1,2,2,0
22554,3,4,11,4,3,3,1,1,3,1,0
22555,3,4,15,4,1,4,1,0,2,2,0
22556,6,7,12,2,10,0,1,1,2,2,0
22557,7,4,12,2,12,0,1,1,1,2,1
22558,7,2,15,4,8,3,1,1,2,2,0
22559,3,7,12,4,10,1,1,0,1,2,0
22560,11,4,11,2,3,0,1,1,2,2,1
22561,11,7,9,4,11,1,1,1,2,2,0
22562,6,4,0,0,4,4,1,0,3,2,0
22563,6,4,11,2,12,0,1,1,0,2,1
22564,4,1,8,4,1,3,1,0,1,2,0
22565,8,2,7,2,10,3,1,0,1,2,0
22566,4,4,9,4,10,3,1,0,2,2,0
22567,3,4,15,4,1,2,1,0,2,2,0
22568,7,4,15,2,3,0,1,1,2,2,1
22569,10,4,11,0,1,4,1,0,1,2,0
22570,4,4,7,4,10,1,1,0,2,2,0
22571,7,4,9,2,12,0,1,1,2,2,0
22572,3,4,11,4,14,1,1,1,3,2,0
22573,6,1,7,2,1,0,1,1,2,2,0
22574,9,4,1,2,8,5,1,0,2,2,0
22575,12,4,15,0,13,1,1,0,2,2,0
22576,3,4,1,4,8,1,1,1,0,2,0
22577,8,4,15,6,8,4,1,0,1,2,0
22578,4,4,11,4,1,4,1,0,1,1,0
22579,9,5,9,2,4,0,1,1,2,2,1
22580,3,5,15,4,4,1,1,0,2,2,1
22581,17,2,12,4,10,3,1,0,1,2,0
22582,9,4,11,2,5,0,1,1,2,2,0
22583,7,4,11,2,4,0,1,1,2,1,1
22584,13,1,7,2,13,0,1,1,1,2,0
22585,4,0,8,4,0,1,1,1,2,2,0
22586,5,7,9,4,1,3,1,0,2,2,0
22587,8,4,9,5,10,2,1,1,2,2,0
22588,4,6,6,2,7,0,1,1,3,2,0
22589,6,4,11,2,8,0,1,1,2,2,1
22590,12,4,11,2,7,0,1,1,4,2,0
22591,4,4,0,2,14,0,0,1,0,2,0
22592,7,4,11,2,7,0,1,1,2,2,0
22593,6,4,11,5,1,1,1,0,2,2,0
22594,6,4,5,2,8,0,1,1,2,2,0
22595,7,4,11,2,3,0,1,1,2,1,0
22596,6,4,9,2,4,0,1,1,2,2,0
22597,7,4,8,4,6,3,1,1,2,2,0
22598,10,4,9,2,8,5,1,0,2,2,1
22599,12,6,15,2,5,0,1,1,1,2,1
22600,6,1,15,2,1,0,1,1,2,4,0
22601,10,7,15,4,10,1,0,0,2,2,0
22602,9,4,12,2,10,0,1,1,2,1,1
22603,9,4,11,2,3,0,1,1,1,2,1
22604,8,4,9,0,4,1,1,1,2,2,0
22605,5,5,11,4,12,1,1,1,2,2,1
22606,7,4,11,4,1,1,1,0,2,2,0
22607,10,4,11,2,3,0,1,1,2,2,0
22608,3,4,15,4,1,1,1,1,0,2,1
22609,6,7,9,4,10,3,1,1,2,2,0
22610,12,2,9,2,4,0,1,1,2,2,0
22611,11,4,9,5,4,4,1,0,2,2,0
22612,5,4,15,0,8,4,0,0,2,0,1
22613,13,4,15,2,10,5,1,0,0,2,0
22614,11,4,15,0,3,1,0,1,2,2,0
22615,8,1,15,0,1,4,1,0,2,2,1
22616,11,4,15,2,3,0,1,1,2,2,1
22617,6,5,11,2,13,0,1,1,2,2,0
22618,11,4,1,0,8,1,1,1,2,2,0
22619,6,4,9,0,10,1,1,1,2,2,0
22620,8,5,15,0,12,4,1,0,2,2,0
22621,4,1,8,2,4,0,1,1,2,2,0
22622,8,1,9,2,1,0,1,1,2,2,0
22623,9,4,11,6,5,4,1,1,2,2,0
22624,5,4,12,0,10,1,1,0,2,2,0
22625,4,4,15,2,5,0,1,1,2,2,0
22626,4,2,9,2,13,5,0,0,1,2,1
22627,7,5,11,4,12,3,1,1,1,2,0
22628,5,2,9,2,10,0,1,1,0,2,0
22629,8,7,9,2,11,0,1,1,2,2,0
22630,9,4,9,0,4,4,1,0,2,2,0
22631,8,4,9,0,1,1,1,0,2,2,1
22632,11,4,11,2,12,0,1,1,2,2,1
22633,4,4,15,2,1,0,1,1,2,2,1
22634,12,4,15,2,8,0,1,1,2,2,0
22635,8,4,15,2,4,0,1,1,2,2,1
22636,11,2,14,2,10,0,1,1,2,2,1
22637,5,4,2,4,6,4,1,0,1,2,0
22638,5,4,11,4,12,1,1,1,2,2,0
22639,11,4,11,0,10,1,1,0,2,2,0
22640,12,7,9,2,4,0,1,1,2,2,0
22641,8,4,11,2,7,0,1,1,3,2,1
22642,6,2,14,2,10,0,1,1,1,2,1
22643,7,4,11,2,4,0,1,1,2,2,1
22644,6,4,15,0,8,4,0,0,2,2,0
22645,7,4,12,4,10,1,0,1,2,2,0
22646,3,6,0,4,5,4,1,1,0,2,0
22647,11,4,15,2,12,0,1,1,2,2,0
22648,6,4,8,2,13,0,1,1,2,2,0
22649,3,4,15,4,10,3,1,1,2,2,0
22650,10,2,15,2,10,0,0,1,2,2,1
22651,12,5,8,2,4,0,1,1,0,2,0
22652,6,7,11,2,4,5,1,0,2,2,0
22653,6,4,15,4,12,1,1,0,2,2,0
22654,8,4,11,2,14,0,1,1,2,2,0
22655,6,0,1,2,3,0,1,1,2,2,0
22656,4,4,11,4,7,1,1,1,2,2,0
22657,8,4,11,2,7,0,1,1,3,2,1
22658,13,4,11,6,8,4,1,0,2,2,0
22659,12,4,9,0,4,4,1,1,2,2,0
22660,16,4,15,4,12,1,1,1,1,2,0
22661,8,5,12,0,4,1,1,0,1,2,0
22662,7,2,11,2,14,0,1,1,2,2,0
22663,12,4,8,4,6,3,1,1,2,2,0
22664,5,4,11,4,7,3,0,1,2,2,0
22665,8,4,6,2,14,0,0,1,1,2,1
22666,11,4,15,0,12,1,1,0,0,2,0
22667,5,4,9,2,10,0,1,1,2,2,0
22668,11,4,11,2,12,0,1,1,2,2,1
22669,5,4,12,4,10,3,1,0,2,2,0
22670,4,7,11,4,8,3,1,0,0,2,0
22671,9,4,11,2,12,0,1,1,2,2,1
22672,4,4,0,3,14,1,0,1,1,2,0
22673,4,4,11,3,10,1,1,1,1,2,1
22674,8,2,12,3,10,1,1,0,2,2,0
22675,4,5,15,4,3,1,1,1,2,2,0
22676,8,4,15,2,12,0,1,1,2,2,0
22677,9,4,11,5,3,1,1,1,2,2,0
22678,9,5,15,2,12,0,1,1,2,2,0
22679,5,4,11,4,8,1,1,0,2,2,0
22680,8,4,12,4,10,3,1,1,3,2,0
22681,11,0,11,2,0,0,1,1,1,2,1
22682,4,4,9,4,1,3,1,0,1,2,0
22683,3,6,11,4,3,1,1,1,1,2,0
22684,6,7,12,2,10,5,1,0,2,2,0
22685,10,4,11,0,8,1,1,0,2,2,0
22686,6,4,12,2,10,0,1,1,2,2,1
22687,6,4,0,2,6,0,1,1,2,2,0
22688,8,4,15,2,3,0,1,1,3,2,1
22689,8,0,15,4,0,3,1,0,3,2,0
22690,5,4,10,4,10,2,1,0,2,2,0
22691,9,4,15,2,8,0,1,1,2,2,0
22692,6,5,9,4,12,3,1,0,2,2,0
22693,7,4,15,2,13,0,1,1,2,2,1
22694,7,4,1,2,8,0,0,1,2,2,0
22695,7,4,7,2,4,0,1,1,2,2,0
22696,14,4,15,2,3,0,1,1,1,2,0
22697,7,4,7,2,3,0,1,1,2,2,1
22698,8,6,7,4,10,3,1,1,1,1,0
22699,12,4,15,2,3,0,1,1,2,2,1
22700,8,4,15,5,4,4,1,0,1,2,0
22701,8,4,8,2,12,0,1,1,2,2,0
22702,8,6,15,2,7,0,0,1,2,2,1
22703,5,4,11,4,1,1,1,0,1,2,0
22704,8,4,15,2,12,0,1,1,2,2,1
22705,7,5,1,2,11,0,1,1,2,2,0
22706,10,6,11,2,3,0,1,1,1,2,1
22707,14,4,8,3,9,1,1,0,1,2,0
22708,7,4,9,2,4,0,1,1,3,2,1
22709,5,4,11,4,1,1,1,0,2,2,0
22710,8,4,11,4,8,1,1,0,3,2,0
22711,5,4,15,2,12,0,1,1,1,2,0
22712,5,4,11,4,8,3,1,0,1,1,0
22713,4,2,12,4,10,1,1,0,2,2,0
22714,9,6,7,5,4,1,1,1,2,2,0
22715,5,4,11,4,3,1,1,1,2,2,0
22716,9,4,11,5,8,5,0,0,2,2,0
22717,11,4,13,5,7,4,1,0,2,2,1
22718,5,1,8,4,1,1,1,1,2,2,0
22719,9,4,11,0,12,1,1,1,2,2,0
22720,8,4,11,2,3,0,1,1,2,2,1
22721,8,4,11,4,8,4,1,0,2,2,0
22722,6,4,15,4,7,3,1,1,2,2,0
22723,6,4,9,2,10,0,1,1,2,2,1
22724,6,4,9,2,10,0,0,1,2,2,0
22725,14,4,1,1,7,4,1,0,1,2,0
22726,3,4,15,4,7,3,1,1,3,2,0
22727,9,4,8,2,12,0,1,1,2,2,1
22728,6,4,9,0,8,1,1,0,0,2,1
22729,3,4,11,4,5,1,1,1,1,2,0
22730,10,4,1,2,7,0,1,1,2,2,0
22731,3,4,15,5,1,2,1,0,0,2,0
22732,3,4,11,4,1,3,1,0,1,2,0
22733,11,4,9,6,12,1,1,1,2,2,0
22734,6,4,15,0,8,4,1,0,1,2,0
22735,12,4,5,2,8,0,1,1,2,2,1
22736,7,4,14,2,10,0,1,1,2,4,1
22737,3,2,15,4,4,2,0,0,0,2,0
22738,7,4,2,4,6,3,1,0,2,2,0
22739,6,0,11,4,0,1,1,0,2,2,0
22740,10,4,6,2,3,0,1,1,2,2,0
22741,10,4,9,2,4,0,1,1,1,2,1
22742,8,4,9,2,12,0,1,1,2,2,0
22743,5,4,15,3,8,1,1,0,2,2,0
22744,8,4,9,2,4,5,1,0,2,2,1
22745,6,4,0,0,3,1,1,1,1,2,1
22746,4,5,9,2,3,0,1,1,0,2,0
22747,5,4,11,4,3,1,1,1,0,2,0
22748,8,4,2,5,6,1,1,1,2,2,0
22749,5,2,11,4,10,3,1,1,2,2,0
22750,10,4,11,2,3,0,1,1,2,2,1
22751,7,4,11,4,7,3,1,1,3,2,0
22752,9,7,15,4,1,1,1,0,2,2,0
22753,6,4,15,2,7,0,1,1,1,2,0
22754,6,6,15,2,12,0,1,1,2,2,0
22755,6,4,15,4,1,3,1,0,1,2,0
22756,6,4,11,0,12,2,1,1,2,2,0
22757,5,4,11,4,4,3,1,1,2,2,0
22758,4,4,9,4,10,3,1,0,2,2,0
22759,5,6,14,2,10,0,1,1,2,2,0
22760,7,6,11,2,4,0,1,1,2,2,0
22761,8,4,15,0,12,4,1,0,2,2,0
22762,9,0,11,0,0,0,0,1,2,2,0
22763,6,4,15,0,1,4,1,0,2,2,1
22764,7,4,11,0,7,1,1,0,3,2,0
22765,8,4,11,2,3,5,1,1,1,2,1
22766,9,7,15,2,1,0,1,1,2,2,0
22767,7,1,5,2,10,0,1,1,2,2,0
22768,8,4,11,2,6,0,1,1,2,2,1
22769,9,4,5,2,14,0,1,1,2,2,0
22770,4,4,9,4,4,3,1,0,1,2,1
22771,5,4,11,2,4,0,1,1,1,2,0
22772,7,4,9,2,4,0,0,1,2,0,1
22773,8,4,11,0,13,4,1,0,2,2,0
22774,3,4,1,4,8,1,0,0,2,2,0
22775,5,4,9,6,4,4,1,0,2,2,0
22776,11,2,15,2,14,0,0,1,2,0,1
22777,10,4,15,2,3,0,1,1,1,2,1
22778,4,4,11,2,14,0,1,1,1,2,0
22779,17,4,9,4,4,1,1,1,1,2,1
22780,5,5,7,4,12,1,1,0,2,2,1
22781,10,7,15,2,10,0,1,1,2,4,0
22782,7,4,15,2,1,0,1,1,2,2,0
22783,12,7,9,0,4,1,1,0,2,2,0
22784,9,6,15,2,5,0,1,1,2,2,1
22785,6,4,14,4,10,1,1,0,1,2,0
22786,7,4,6,4,7,3,0,1,2,2,0
22787,12,4,15,2,4,0,1,1,2,2,0
22788,6,4,8,2,8,0,1,1,2,2,0
22789,5,4,11,4,7,3,1,1,2,2,0
22790,6,4,12,2,4,0,0,1,2,2,0
22791,8,4,12,3,10,5,1,0,2,2,0
22792,5,4,11,4,1,1,1,0,2,2,0
22793,12,4,11,2,3,0,1,1,1,2,1
22794,4,4,0,4,3,3,1,1,1,2,0
22795,11,4,15,6,13,4,1,0,2,2,1
22796,9,4,11,2,4,0,1,1,2,2,1
22797,6,6,11,2,5,0,1,1,3,2,0
22798,5,4,9,0,4,1,1,1,2,2,0
22799,10,2,9,4,4,1,1,1,1,2,0
22800,6,6,14,5,10,4,0,0,3,2,0
22801,8,4,9,2,4,0,1,1,1,2,0
22802,9,4,15,2,3,0,0,1,2,2,0
22803,8,4,1,2,12,5,1,0,2,2,0
22804,16,5,9,5,12,1,1,1,1,2,1
22805,4,2,11,4,1,3,1,0,0,2,0
22806,9,4,15,0,1,1,1,1,3,2,0
22807,3,2,11,4,1,1,1,1,4,2,0
22808,9,7,12,0,10,3,1,1,2,2,0
22809,8,4,11,0,6,1,1,1,1,2,0
22810,10,4,11,2,14,0,0,1,2,2,0
22811,8,4,12,2,12,0,1,1,2,2,1
22812,8,4,5,0,6,1,1,1,3,2,1
22813,7,1,12,0,4,1,1,1,2,2,0
22814,11,4,15,0,1,1,0,0,2,2,0
22815,6,4,12,2,4,0,1,1,2,2,1
22816,12,0,8,2,0,5,1,0,2,2,1
22817,3,0,2,4,0,3,0,0,3,2,0
22818,6,4,11,0,8,1,0,1,2,2,0
22819,12,4,15,6,12,1,0,1,2,2,0
22820,9,4,9,0,4,1,0,1,1,0,0
22821,3,4,11,4,8,3,0,1,2,2,0
22822,6,4,8,2,4,0,1,1,2,2,0
22823,11,1,11,0,1,4,1,0,2,2,0
22824,10,6,9,2,4,0,1,1,2,2,0
22825,4,4,11,4,1,1,1,0,2,2,0
22826,7,4,11,0,14,4,1,1,1,2,0
22827,10,4,11,2,3,0,1,1,2,2,1
22828,7,0,2,4,0,3,1,1,1,2,0
22829,3,4,4,4,3,1,1,1,2,2,0
22830,7,4,9,2,12,0,1,1,2,2,1
22831,7,4,15,2,1,0,1,1,2,2,0
22832,4,6,15,4,1,1,0,0,1,2,0
22833,7,4,15,0,1,1,1,1,1,2,0
22834,9,6,15,2,14,5,1,0,2,2,0
22835,8,7,11,0,13,4,1,0,2,0,0
22836,6,4,10,2,10,0,1,1,4,2,1
22837,12,6,9,2,4,0,1,1,2,2,1
22838,9,1,2,4,13,3,1,0,2,2,0
22839,5,4,15,4,12,3,1,1,2,2,0
22840,5,4,15,4,1,1,0,0,2,2,0
22841,10,4,7,2,14,0,1,1,2,2,0
22842,7,4,7,2,13,0,1,1,1,2,1
22843,10,6,15,0,3,1,1,1,2,2,0
22844,4,2,11,4,8,1,0,0,2,0,0
22845,8,4,9,2,4,0,1,1,2,2,1
22846,9,4,15,4,4,4,1,0,1,4,0
22847,5,4,8,4,3,3,1,1,1,2,0
22848,3,5,8,0,4,4,1,0,1,2,0
22849,12,4,11,2,5,0,1,1,2,2,1
22850,8,4,11,2,8,0,0,1,1,0,1
22851,9,4,11,2,5,0,1,1,2,2,0
22852,6,5,15,0,12,4,1,1,1,2,0
22853,4,2,9,4,10,1,1,1,2,2,0
22854,7,1,2,2,13,0,0,1,1,2,1
22855,6,4,11,2,8,0,1,1,2,2,0
22856,15,4,9,4,1,4,1,0,0,2,0
22857,11,4,8,0,1,1,1,1,0,2,0
22858,4,5,15,4,3,3,1,1,2,2,0
22859,6,4,6,2,6,0,1,1,2,2,1
22860,4,4,11,4,12,1,1,0,2,2,0
22861,4,4,15,4,11,3,1,1,1,2,0
22862,6,4,8,4,1,3,1,0,2,2,0
22863,5,7,9,2,10,0,1,1,2,2,1
22864,10,4,2,2,5,0,1,1,1,2,0
22865,3,4,11,4,4,3,1,0,1,2,0
22866,13,4,15,0,1,4,1,1,2,2,0
22867,13,4,11,2,4,0,1,1,1,2,0
22868,4,4,8,4,12,3,1,1,2,2,0
22869,7,4,11,2,6,0,1,1,2,2,0
22870,15,4,15,2,4,0,1,1,0,2,0
22871,6,4,11,5,14,4,1,0,2,2,0
22872,9,6,11,0,3,1,1,1,2,2,0
22873,8,7,11,2,10,0,1,1,1,2,0
22874,4,4,15,0,3,1,1,1,1,2,0
22875,9,4,11,2,12,0,1,1,2,2,1
22876,4,4,15,0,1,1,1,0,2,2,0
22877,8,4,8,2,3,0,1,1,2,2,0
22878,10,4,15,0,1,3,1,0,2,2,0
22879,11,4,11,2,4,0,1,1,2,2,0
22880,8,6,11,2,12,5,1,0,1,2,1
22881,9,4,15,0,13,4,1,0,3,2,0
22882,8,4,11,2,13,0,1,1,3,0,0
22883,8,4,5,2,3,0,1,1,2,2,1
22884,6,6,11,2,3,0,1,1,2,2,0
22885,6,1,11,4,1,3,1,1,2,2,0
22886,6,4,11,2,7,0,0,1,1,4,0
22887,8,7,9,0,10,1,1,1,1,2,0
22888,6,1,9,0,1,4,1,0,2,1,0
22889,6,2,1,2,8,5,1,0,2,2,1
22890,7,7,3,2,2,0,0,1,2,1,1
22891,4,4,11,2,12,0,1,1,2,2,1
22892,6,4,11,2,12,0,1,1,2,2,1
22893,6,4,5,2,8,0,0,1,1,2,1
22894,3,4,15,4,8,2,1,0,1,2,0
22895,8,4,11,5,1,4,1,0,2,2,0
22896,3,4,11,4,12,3,1,1,3,2,0
22897,12,4,9,5,4,2,1,1,1,2,0
22898,11,4,12,6,12,4,1,0,2,2,0
22899,10,4,11,2,7,0,0,1,2,2,0
22900,4,4,11,4,3,3,0,1,2,2,0
22901,10,4,4,2,8,5,1,0,2,2,0
22902,4,4,2,4,6,3,1,1,1,2,0
22903,9,6,0,2,3,0,1,1,1,2,0
22904,7,5,15,2,12,0,1,1,2,2,0
22905,7,4,9,2,4,0,1,1,2,2,1
22906,4,4,15,4,8,3,1,0,2,2,0
22907,7,4,9,4,1,4,1,0,2,2,0
22908,8,4,9,0,10,1,0,0,2,2,0
22909,6,4,15,5,1,4,0,0,2,2,0
22910,7,6,11,2,12,0,1,1,2,2,0
22911,4,4,11,4,8,1,1,0,1,2,0
22912,9,4,0,5,12,4,1,0,1,2,0
22913,4,4,4,4,8,3,0,0,2,2,0
22914,14,4,15,1,10,4,1,0,0,2,0
22915,4,4,11,4,1,1,1,0,2,2,0
22916,6,4,15,2,12,5,1,0,3,2,0
22917,5,4,15,4,13,1,1,1,2,2,0
22918,7,4,5,2,6,0,1,1,2,2,0
22919,5,6,15,4,8,3,0,0,2,2,0
22920,3,4,11,4,8,4,1,0,1,2,0
22921,7,7,9,2,11,0,1,1,3,2,0
22922,8,4,11,2,8,5,1,0,2,2,0
22923,6,4,1,4,7,1,1,0,1,2,0
22924,8,2,1,2,11,0,1,1,2,2,1
22925,8,4,15,2,8,0,1,1,2,2,1
22926,5,4,11,4,5,4,1,1,3,2,0
22927,12,4,15,2,14,0,0,1,1,2,0
22928,7,4,12,2,4,0,1,1,2,2,1
22929,8,4,9,4,10,3,1,1,2,2,0
22930,6,2,14,4,10,1,1,0,2,2,0
22931,4,4,2,4,5,3,1,1,1,2,0
22932,12,4,8,0,10,1,1,1,1,2,0
22933,5,4,14,0,10,1,0,0,2,2,0
22934,4,4,15,4,3,1,1,1,2,2,0
22935,11,4,9,2,14,0,1,1,1,2,0
22936,7,4,0,2,5,0,1,1,2,2,0
22937,7,4,11,4,7,3,0,1,2,2,0
22938,7,4,6,2,3,0,1,1,2,2,1
22939,5,4,15,2,1,0,1,1,1,2,1
22940,7,4,15,4,3,3,0,1,2,2,0
22941,5,6,9,4,10,3,1,1,2,2,0
22942,10,4,10,2,10,0,1,1,2,2,0
22943,7,4,15,2,5,0,1,1,2,2,1
22944,3,4,9,4,12,3,1,0,1,2,0
22945,7,4,6,0,12,2,1,1,2,2,0
22946,3,6,11,4,12,1,1,1,0,2,0
22947,4,4,8,4,3,1,1,1,1,2,0
22948,11,4,9,2,4,0,1,1,2,2,0
22949,4,7,9,4,1,4,1,0,2,2,0
22950,5,4,15,4,3,3,0,1,3,2,0
22951,11,6,9,2,4,0,1,1,2,2,1
22952,8,4,15,2,10,0,1,1,3,2,0
22953,6,4,10,2,10,0,1,1,1,2,0
22954,8,3,11,0,5,3,1,1,2,2,0
22955,6,4,11,0,11,1,1,1,3,2,0
22956,4,4,15,4,10,3,1,1,1,2,0
22957,7,4,11,2,7,0,1,1,2,2,0
22958,12,4,15,2,3,0,1,1,2,2,0
22959,8,4,11,0,4,4,1,0,3,2,0
22960,3,4,6,4,3,3,1,1,2,2,0
22961,4,0,2,4,0,3,0,0,2,2,0
22962,4,4,15,4,1,3,1,0,1,2,0
22963,8,4,8,2,12,0,1,1,2,2,1
22964,4,4,11,4,3,1,1,1,0,2,0
22965,11,4,9,0,4,4,1,0,2,2,0
22966,7,4,1,2,3,0,1,1,2,2,1
22967,5,4,11,4,3,1,1,1,2,2,0
22968,13,6,11,6,3,1,1,1,0,2,0
22969,6,7,9,2,10,0,1,1,2,2,0
22970,8,4,11,2,5,0,1,1,2,2,1
22971,3,2,15,4,11,3,0,1,1,2,0
22972,9,5,11,2,4,0,1,1,2,2,0
22973,4,4,11,4,8,2,1,0,3,2,0
22974,10,2,11,2,1,0,0,1,1,0,0
22975,7,4,6,2,7,0,1,1,2,2,0
22976,11,7,15,2,4,0,1,1,2,2,0
22977,5,4,9,4,1,3,1,0,0,2,0
22978,6,4,11,0,3,1,1,1,1,2,0
22979,5,4,11,2,7,0,1,1,2,2,1
22980,12,4,8,2,1,5,1,0,0,2,0
22981,7,4,11,4,8,3,1,1,2,2,0
22982,13,7,11,2,1,0,1,1,2,2,1
22983,10,4,11,4,8,1,1,0,2,2,0
22984,3,4,15,4,8,3,1,0,2,2,0
22985,9,4,11,2,6,0,1,1,2,2,0
22986,4,4,6,2,3,0,1,1,2,2,1
22987,3,5,11,4,4,3,1,0,0,2,0
22988,10,6,11,2,5,0,1,1,2,2,1
22989,3,4,12,4,10,2,1,1,3,2,0
22990,6,4,11,4,4,3,1,0,2,2,0
22991,12,4,11,2,8,0,1,1,2,2,1
22992,8,0,15,5,0,1,1,0,1,2,0
22993,18,4,9,2,10,0,0,1,1,2,0
22994,4,4,0,4,12,1,1,1,2,4,0
22995,12,4,11,0,1,2,0,1,1,2,0
22996,7,4,12,2,10,0,0,1,2,0,1
22997,7,4,15,2,3,0,1,1,3,2,0
22998,7,4,12,4,12,3,0,0,2,0,0
22999,6,4,15,4,3,3,1,1,2,2,0
23000,5,4,11,0,1,1,1,0,2,2,0
23001,6,7,15,3,4,1,1,1,1,2,0
23002,7,4,8,2,5,0,1,1,2,2,0
23003,6,4,1,0,8,1,0,0,1,2,0
23004,10,4,15,2,3,0,1,1,2,2,0
23005,9,4,11,0,11,4,0,0,2,2,0
23006,6,4,6,2,7,0,1,1,2,2,0
23007,13,5,11,2,12,0,1,1,2,2,0
23008,4,6,10,0,10,3,1,1,2,2,0
23009,9,7,15,4,11,3,1,0,2,2,0
23010,5,4,11,4,12,1,1,1,2,2,0
23011,8,4,15,2,7,0,1,1,2,2,0
23012,7,4,11,2,7,0,1,1,3,2,0
23013,7,6,11,4,14,1,1,1,2,2,0
23014,7,4,9,2,10,0,1,1,2,2,0
23015,5,6,15,4,12,1,1,1,2,2,0
23016,5,0,15,2,0,0,1,1,1,2,1
23017,5,4,15,2,3,0,0,1,2,2,1
23018,15,4,9,0,13,1,1,1,0,2,0
23019,4,4,9,4,4,1,1,1,1,2,0
23020,9,6,9,2,4,0,1,1,2,2,1
23021,7,4,15,4,12,1,1,1,2,2,0
23022,5,6,8,2,5,0,1,1,0,2,1
23023,11,4,11,2,13,0,1,1,2,2,1
23024,10,4,9,2,10,0,0,1,2,2,0
23025,15,4,6,2,12,0,1,1,0,2,1
23026,4,4,15,4,1,3,0,0,2,0,0
23027,5,4,11,0,8,4,1,0,2,2,0
23028,13,4,1,2,3,0,1,1,2,2,0
23029,5,4,1,4,3,3,1,1,2,2,0
23030,4,7,9,0,10,1,1,0,1,2,0
23031,11,4,8,4,10,4,1,0,2,2,0
23032,4,4,12,2,10,0,1,1,2,2,1
23033,5,4,7,4,12,1,1,0,1,2,0
23034,5,4,11,4,1,1,1,0,2,2,0
23035,6,4,2,4,7,1,0,0,2,2,0
23036,6,2,11,4,3,1,1,1,2,2,0
23037,5,4,15,2,6,0,1,1,2,2,1
23038,11,5,9,2,13,0,1,1,2,2,0
23039,9,4,11,2,5,0,1,1,2,2,1
23040,8,4,10,2,10,5,1,0,2,2,0
23041,4,4,15,4,3,1,1,1,2,2,0
23042,3,4,0,4,12,3,0,1,0,2,0
23043,11,4,8,2,3,0,1,1,1,2,1
23044,4,6,15,4,3,3,0,1,0,2,0
23045,7,4,8,2,8,0,1,1,2,2,0
23046,7,2,10,4,10,1,1,1,2,2,0
23047,7,4,14,2,10,0,1,1,3,2,0
23048,6,4,11,4,4,1,1,1,2,2,0
23049,10,4,11,2,3,0,1,1,2,2,1
23050,11,4,15,5,12,1,1,1,2,2,0
23051,10,4,2,2,8,0,1,1,2,2,1
23052,10,0,2,4,0,4,1,0,2,2,0
23053,9,5,8,2,12,0,1,1,2,2,0
23054,8,4,15,5,1,4,1,0,2,3,0
23055,7,4,2,0,8,4,1,0,2,2,0
23056,7,4,15,4,3,3,1,1,2,2,0
23057,6,4,8,2,13,0,1,1,2,2,1
23058,8,4,7,2,1,0,1,1,2,2,0
23059,3,4,11,4,1,1,1,0,0,2,0
23060,6,4,11,3,3,1,1,1,2,2,0
23061,4,4,12,4,10,2,1,1,1,2,0
23062,4,4,11,4,3,1,1,1,1,2,0
23063,8,4,15,2,1,5,1,0,2,0,0
23064,5,4,11,2,6,0,1,1,1,2,0
23065,4,4,15,4,3,3,0,1,1,4,0
23066,7,4,8,4,5,3,1,1,2,2,0
23067,6,1,11,2,1,5,0,0,2,0,1
23068,6,4,15,2,4,5,1,0,0,2,0
23069,9,4,11,2,6,5,1,0,2,2,0
23070,9,2,0,2,8,0,1,1,2,2,0
23071,5,6,11,2,3,0,1,1,2,2,1
23072,5,4,11,4,6,3,1,1,0,2,0
23073,12,2,10,2,10,5,1,0,2,2,0
23074,7,4,15,2,6,0,1,1,2,2,1
23075,8,4,7,4,12,1,1,1,1,2,0
23076,3,4,11,5,7,4,1,1,0,2,0
23077,5,4,14,0,10,1,1,1,2,2,0
23078,5,4,8,2,3,3,1,0,2,2,1
23079,9,4,11,2,8,0,1,1,2,2,1
23080,11,5,10,0,10,1,0,0,2,4,0
23081,10,7,15,6,1,4,1,0,2,2,0
23082,7,2,9,2,14,0,1,1,2,2,1
23083,6,7,10,4,10,4,1,0,4,2,0
23084,15,4,10,0,5,4,1,1,0,2,0
23085,14,4,3,2,7,0,1,1,3,2,0
23086,11,4,9,2,3,0,0,1,2,2,1
23087,8,4,11,2,7,0,1,1,2,2,1
23088,12,4,15,2,1,5,1,0,2,2,1
23089,5,4,6,4,8,3,1,1,1,2,0
23090,6,2,9,2,10,5,1,0,2,2,1
23091,13,4,15,2,4,0,1,1,1,2,1
23092,5,4,9,4,8,3,1,1,1,2,0
23093,6,4,15,2,8,0,0,1,2,0,1
23094,7,4,12,4,4,1,1,1,2,2,0
23095,8,1,15,2,3,0,1,1,1,2,0
23096,10,4,8,6,4,4,1,0,1,2,0
23097,9,4,11,2,12,0,1,1,2,2,0
23098,9,4,15,0,1,1,1,0,2,2,0
23099,7,4,11,0,7,4,1,0,2,2,0
23100,11,4,11,2,3,0,1,1,2,2,0
23101,7,4,11,0,6,4,1,0,2,2,0
23102,12,4,15,2,4,0,1,1,2,2,0
23103,12,1,15,3,4,4,1,0,2,2,0
23104,7,1,11,0,14,1,1,1,2,2,0
23105,4,4,11,4,8,3,1,0,1,2,0
23106,5,4,5,4,8,1,1,0,2,2,0
23107,11,4,11,2,4,0,1,1,2,2,1
23108,3,4,15,4,6,3,1,1,1,2,0
23109,8,4,9,0,13,1,1,0,2,2,0
23110,7,4,11,0,7,4,1,0,2,2,0
23111,7,2,14,2,10,0,1,1,2,2,0
23112,6,6,9,2,4,0,1,1,2,2,0
23113,5,4,11,2,14,0,1,1,2,1,1
23114,5,4,11,4,3,3,1,1,2,2,0
23115,11,4,9,2,3,0,0,1,2,2,1
23116,9,4,11,4,8,1,1,0,2,2,1
23117,5,4,12,0,10,4,1,0,2,2,0
23118,7,4,15,4,12,1,1,0,2,2,0
23119,9,7,9,0,4,1,1,1,3,2,0
23120,3,4,12,4,6,2,1,0,0,2,0
23121,11,4,11,2,8,5,1,1,2,2,1
23122,10,4,11,2,4,0,1,1,2,2,0
23123,12,2,9,0,10,1,1,1,1,2,0
23124,4,4,15,4,12,4,0,1,3,2,1
23125,6,6,15,2,5,0,1,1,2,2,1
23126,7,4,15,0,1,4,1,0,2,1,0
23127,7,6,11,0,4,1,1,1,2,2,0
23128,6,4,15,2,5,0,1,1,2,2,1
23129,5,4,11,2,8,5,1,0,2,1,0
23130,5,4,11,4,7,1,1,0,2,2,0
23131,6,4,1,4,8,2,0,1,2,2,0
23132,8,1,9,2,10,0,1,1,2,2,1
23133,9,4,11,2,4,0,1,1,1,2,0
23134,4,4,8,4,3,1,1,1,1,2,0
23135,4,5,11,4,11,2,0,1,0,2,0
23136,7,6,14,0,10,4,1,0,2,2,0
23137,11,4,1,2,3,0,0,1,2,2,0
23138,5,2,8,4,3,3,1,1,0,2,0
23139,10,4,11,2,3,0,1,1,2,2,1
23140,4,4,9,4,4,3,1,1,2,2,0
23141,9,4,9,2,4,0,1,1,2,2,0
23142,5,6,15,4,3,3,1,1,2,2,0
23143,10,4,12,0,10,1,1,1,2,2,0
23144,10,4,15,2,11,0,0,1,2,2,0
23145,8,4,11,0,1,1,1,0,2,2,0
23146,4,4,9,4,1,3,1,1,0,2,0
23147,5,4,15,4,8,3,1,1,2,2,0
23148,5,4,12,4,10,1,1,1,1,2,0
23149,7,4,15,4,8,3,1,1,2,2,0
23150,9,4,9,2,10,0,1,1,2,2,1
23151,7,4,11,4,14,4,1,0,2,2,0
23152,8,4,11,2,3,0,1,1,1,2,0
23153,5,4,15,3,8,4,1,0,1,2,0
23154,13,4,15,2,12,0,1,1,2,4,0
23155,11,6,2,2,5,0,1,1,1,2,0
23156,11,4,11,5,1,4,1,0,2,2,0
23157,8,4,1,5,7,2,1,1,3,2,0
23158,7,4,10,2,10,0,1,1,2,2,0
23159,4,4,0,4,7,1,0,1,1,2,0
23160,8,4,15,2,12,0,0,1,2,2,1
23161,6,4,10,4,1,2,0,0,2,2,0
23162,12,7,11,2,8,0,0,1,1,2,0
23163,5,4,15,4,10,3,1,0,1,2,0
23164,5,1,9,6,1,1,1,0,1,2,0
23165,11,4,11,2,6,0,1,1,1,2,0
23166,6,4,12,2,6,0,0,1,2,2,0
23167,7,4,11,2,1,0,1,1,3,2,0
23168,9,4,11,2,1,0,1,1,3,2,1
23169,6,4,11,2,3,0,0,1,2,2,1
23170,3,4,9,4,8,1,0,1,0,2,0
23171,11,4,15,2,12,0,0,1,2,2,1
23172,9,4,9,4,12,3,1,0,2,2,0
23173,11,0,11,2,0,0,1,1,2,4,0
23174,12,0,5,0,0,1,1,1,2,2,0
23175,13,5,12,2,10,0,1,1,2,2,0
23176,12,4,11,2,3,0,1,1,2,2,1
23177,5,4,6,0,8,3,1,1,2,2,0
23178,10,5,9,4,10,3,0,0,2,2,0
23179,3,4,5,4,10,3,1,1,0,2,0
23180,8,2,15,0,10,1,1,1,2,2,0
23181,5,0,15,4,0,1,1,0,2,2,0
23182,10,4,5,0,6,4,1,1,2,2,0
23183,5,4,11,4,8,1,1,1,2,2,0
23184,9,6,11,0,3,1,0,1,2,2,0
23185,7,4,12,2,6,0,1,1,2,2,1
23186,4,6,2,4,3,2,1,1,2,2,1
23187,6,4,9,5,8,1,1,0,2,2,0
23188,6,4,9,2,10,0,1,1,2,2,0
23189,6,4,11,4,1,1,0,0,2,2,0
23190,11,5,9,2,4,0,1,1,3,2,0
23191,12,4,9,2,4,0,1,1,2,2,0
23192,4,4,9,4,8,3,0,1,2,2,0
23193,5,4,12,6,4,1,1,0,2,2,0
23194,6,4,8,2,7,0,1,1,2,2,0
23195,14,2,14,1,10,3,1,1,1,2,0
23196,4,4,11,4,7,3,1,1,2,2,0
23197,8,5,11,2,14,0,1,1,1,2,1
23198,3,4,9,4,12,3,1,0,0,2,0
23199,5,4,4,4,6,3,1,1,2,2,0
23200,12,4,1,2,7,0,0,1,2,2,0
23201,9,4,11,2,6,0,0,1,2,2,0
23202,5,4,15,0,1,4,1,1,2,2,0
23203,6,4,15,2,12,0,0,1,2,2,1
23204,8,7,9,2,4,0,1,1,2,2,0
23205,7,4,15,2,5,0,1,1,2,2,1
23206,6,6,9,2,10,5,1,0,2,2,0
23207,9,4,15,5,6,1,1,1,2,2,1
23208,4,4,11,4,3,3,0,1,2,2,0
23209,10,4,15,2,8,0,0,1,1,2,0
23210,7,2,11,2,10,0,1,1,2,2,1
23211,8,0,12,2,0,0,1,1,2,2,0
23212,7,4,12,2,4,0,1,1,4,2,0
23213,4,4,9,4,12,2,1,0,1,2,0
23214,10,2,11,2,14,0,1,1,2,2,0
23215,4,4,11,4,3,1,1,1,0,2,0
23216,10,4,11,4,7,3,1,1,2,2,0
23217,4,4,8,4,13,1,1,0,1,2,1
23218,4,1,12,4,4,1,0,0,2,2,0
23219,9,4,11,0,4,1,1,0,2,2,1
23220,7,4,1,5,14,4,1,0,2,2,0
23221,10,2,14,2,10,0,1,1,1,2,0
23222,6,2,9,4,11,2,1,1,2,2,0
23223,5,2,14,4,10,1,1,1,2,2,0
23224,6,4,9,2,12,5,1,0,1,2,1
23225,5,4,1,2,8,0,1,1,3,2,0
23226,11,4,14,2,4,0,0,1,2,2,1
23227,6,4,11,4,6,1,1,0,1,2,0
23228,10,4,15,0,8,4,1,0,2,2,1
23229,10,2,10,2,10,0,1,1,1,2,1
23230,9,4,11,2,3,0,0,1,1,2,0
23231,8,4,8,0,10,4,1,1,2,2,1
23232,5,1,15,3,1,4,0,0,2,2,0
23233,8,4,11,6,8,1,1,0,2,2,0
23234,7,4,11,0,1,1,1,0,2,2,0
23235,4,2,9,4,4,3,1,1,0,2,0
23236,12,4,8,2,10,0,1,1,2,2,1
23237,6,2,11,5,8,1,1,0,2,2,0
23238,3,6,9,4,12,4,0,0,1,2,0
23239,8,4,12,2,10,0,1,1,2,2,0
23240,11,4,15,2,12,0,1,1,1,2,1
23241,3,4,15,4,14,4,1,1,0,2,0
23242,4,4,15,4,12,3,1,0,2,2,0
23243,6,6,15,4,1,1,0,1,2,2,0
23244,9,7,9,4,8,4,1,0,2,2,1
23245,5,4,1,4,7,3,1,0,2,2,0
23246,7,7,9,2,1,5,1,0,2,2,0
23247,3,4,15,4,8,2,0,0,1,2,0
23248,4,4,14,4,10,1,1,0,2,2,0
23249,4,4,15,4,1,1,1,0,2,2,0
23250,9,4,11,2,3,0,0,1,1,2,0
23251,10,4,9,0,6,4,1,0,3,4,0
23252,9,4,9,0,8,4,1,0,3,2,0
23253,8,4,9,2,4,0,1,1,2,3,0
23254,12,1,15,2,1,0,1,1,2,2,1
23255,11,7,9,2,4,0,1,1,2,2,0
23256,10,4,9,2,10,0,0,1,2,2,0
23257,4,4,11,2,3,0,0,1,0,2,1
23258,12,4,11,2,6,0,1,1,4,2,0
23259,9,4,11,2,7,5,1,0,2,2,0
23260,8,1,9,0,4,2,1,1,2,2,0
23261,4,4,15,0,6,1,1,0,2,2,0
23262,6,4,15,2,7,0,1,1,3,2,1
23263,5,4,9,4,10,3,1,0,2,2,0
23264,8,4,11,2,3,0,1,1,2,2,1
23265,8,4,15,0,4,1,1,1,2,2,0
23266,9,4,7,2,13,0,1,1,2,2,0
23267,8,4,9,2,4,0,1,1,2,2,0
23268,8,4,11,0,3,4,1,1,2,2,0
23269,4,1,15,4,1,3,1,1,1,2,0
23270,6,4,11,0,4,4,1,1,2,2,0
23271,12,4,15,0,7,2,1,1,1,2,0
23272,7,4,9,2,8,0,1,1,2,2,0
23273,6,4,9,4,4,4,1,0,1,2,0
23274,13,4,15,2,8,5,1,0,1,2,0
23275,5,4,9,0,3,1,1,1,2,2,0
23276,5,5,15,2,12,0,1,1,2,2,1
23277,5,4,9,0,4,4,1,0,2,2,0
23278,12,4,1,2,8,0,1,1,1,2,0
23279,10,4,11,2,3,0,1,1,1,2,0
23280,9,6,11,2,5,0,1,1,2,2,1
23281,12,4,9,0,10,1,0,0,2,2,0
23282,8,4,15,2,13,0,1,1,2,2,0
23283,6,4,12,2,10,0,1,1,2,2,0
23284,11,4,8,6,8,4,1,0,4,2,0
23285,6,4,1,2,7,0,1,1,3,2,1
23286,12,7,9,2,4,0,1,1,2,2,1
23287,16,4,1,2,3,0,1,1,1,2,0
23288,9,5,9,4,4,3,1,0,3,2,0
23289,7,4,7,2,13,0,1,1,2,2,0
23290,3,4,14,4,10,3,0,0,1,2,0
23291,6,4,15,2,6,0,0,1,2,2,0
23292,7,4,15,2,12,0,1,1,2,2,1
23293,10,4,1,2,3,0,1,1,1,2,0
23294,8,4,15,4,10,1,1,0,2,2,0
23295,9,2,11,0,3,1,1,1,2,2,0
23296,6,2,11,5,1,1,1,0,3,2,0
23297,8,4,11,0,6,1,1,0,1,2,0
23298,5,4,12,2,10,0,1,1,2,2,0
23299,10,4,11,4,6,3,1,0,2,2,0
23300,4,4,11,4,8,3,1,0,2,2,0
23301,12,4,1,3,7,1,1,1,4,2,0
23302,8,4,7,0,4,1,1,0,2,2,0
23303,8,1,12,2,4,0,1,1,2,2,1
23304,4,4,15,4,3,3,1,1,2,2,0
23305,7,4,0,2,14,0,1,1,2,2,0
23306,4,4,9,2,8,0,1,1,2,2,0
23307,10,4,6,2,12,0,1,1,3,2,1
23308,5,4,11,5,7,1,0,0,2,2,0
23309,3,4,15,4,10,1,1,0,1,2,0
23310,6,4,11,2,3,0,1,1,2,2,0
23311,8,7,12,6,10,1,1,1,2,2,0
23312,4,4,1,4,12,3,1,0,2,2,0
23313,7,4,15,2,5,0,1,1,2,2,1
23314,9,6,11,4,1,1,1,1,2,2,0
23315,3,7,15,4,1,1,1,0,2,2,0
23316,7,4,5,4,8,1,1,0,2,2,0
23317,3,4,8,4,3,3,1,1,1,2,0
23318,5,6,11,4,6,3,1,1,2,2,0
23319,11,4,5,2,8,5,1,0,2,1,1
23320,7,4,11,2,7,0,1,1,3,2,1
23321,10,4,4,2,3,0,1,1,1,2,0
23322,10,6,12,2,5,0,1,1,2,2,0
23323,12,4,11,2,7,0,0,1,2,2,0
23324,8,4,8,0,1,4,1,0,2,2,0
23325,11,5,14,6,4,4,1,0,2,2,0
23326,7,4,11,4,8,4,0,0,2,2,0
23327,10,5,12,2,4,0,1,1,2,2,1
23328,8,4,11,2,7,0,0,1,2,2,0
23329,7,4,0,2,7,0,1,1,2,2,0
23330,7,4,15,4,7,1,0,1,2,2,1
23331,7,4,9,2,12,0,1,1,2,2,0
23332,3,7,9,4,10,3,1,0,0,2,0
23333,9,4,15,5,4,1,1,0,2,2,0
23334,4,4,15,4,1,1,1,0,2,2,0
23335,6,4,7,4,4,3,1,1,2,2,0
23336,7,4,11,4,4,3,1,0,2,2,0
23337,8,2,12,4,4,3,1,0,2,2,0
23338,9,4,11,2,14,0,0,1,2,2,1
23339,6,4,9,2,4,0,1,1,3,2,1
23340,10,4,11,6,12,1,1,1,2,2,0
23341,10,2,15,2,8,0,1,1,3,2,1
23342,9,2,9,2,4,0,1,1,2,2,1
23343,8,4,11,2,6,5,1,0,2,2,1
23344,4,7,9,4,14,3,1,1,1,2,0
23345,4,4,15,4,8,1,1,1,2,2,0
23346,7,4,9,2,10,0,1,1,2,2,1
23347,7,6,11,2,3,0,1,1,2,2,0
23348,6,4,7,4,10,1,1,0,1,2,0
23349,7,4,11,4,4,1,1,0,2,2,0
23350,6,4,15,2,6,0,0,1,2,2,1
23351,9,2,11,2,1,0,1,1,2,2,1
23352,7,4,11,0,7,3,1,0,2,2,0
23353,3,4,8,4,10,1,1,1,2,2,0
23354,6,2,15,0,4,1,1,1,3,2,0
23355,6,6,11,2,3,0,1,1,1,2,0
23356,4,4,11,4,8,1,1,1,2,2,0
23357,10,4,12,2,4,0,1,1,2,2,0
23358,7,5,12,2,12,0,1,1,2,2,0
23359,9,4,11,4,6,1,1,1,2,2,0
23360,5,6,11,2,14,0,1,1,2,2,0
23361,5,4,15,2,1,0,1,1,2,2,1
23362,8,4,11,2,7,0,1,1,2,2,1
23363,10,0,0,2,0,0,1,1,2,2,0
23364,7,6,15,2,3,0,1,1,2,2,0
23365,4,4,9,4,1,4,1,0,2,2,0
23366,4,2,11,2,8,5,1,0,2,2,0
23367,5,6,10,4,10,1,1,0,2,2,0
23368,5,4,9,4,10,2,1,0,2,2,0
23369,4,4,9,4,12,1,1,1,2,2,0
23370,18,4,2,4,6,3,0,1,1,4,0
23371,3,4,9,4,1,1,1,0,0,2,0
23372,10,4,7,0,12,4,1,0,2,2,0
23373,3,4,11,4,1,3,1,1,2,2,0
23374,4,4,15,0,8,1,0,1,2,0,0
23375,7,4,8,0,4,1,1,0,2,2,0
23376,4,4,15,0,14,1,1,1,2,2,0
23377,9,4,15,2,13,0,1,1,2,2,0
23378,6,4,7,4,13,3,1,1,1,2,0
23379,8,4,11,2,7,0,1,1,2,2,1
23380,10,4,8,2,4,0,1,1,3,2,1
23381,7,0,11,2,0,0,1,1,2,2,0
23382,5,4,11,2,7,0,1,1,2,2,0
23383,5,7,8,4,1,1,1,0,2,2,0
23384,8,4,11,2,3,0,1,1,2,2,0
23385,9,2,5,2,10,0,0,1,2,0,1
23386,9,4,11,2,3,0,1,1,1,2,1
23387,8,4,15,0,14,4,1,1,3,2,0
23388,7,4,7,5,4,1,1,1,2,2,0
23389,15,6,10,6,10,1,1,0,3,2,0
23390,5,4,11,4,1,4,1,0,2,2,0
23391,3,4,15,4,8,1,0,1,1,2,0
23392,15,2,12,6,8,3,1,0,0,2,0
23393,12,7,11,2,8,0,1,1,2,2,1
23394,5,6,12,4,12,1,1,1,3,2,0
23395,4,4,15,4,4,2,1,1,2,2,0
23396,5,4,11,2,13,0,1,1,2,2,1
23397,11,4,11,2,12,0,1,1,0,2,0
23398,10,4,12,0,4,4,1,0,2,2,0
23399,7,4,15,4,8,1,1,0,2,2,0
23400,6,0,11,2,0,0,1,1,2,2,0
23401,6,4,11,2,7,0,1,1,2,2,1
23402,7,6,11,2,4,0,1,1,2,2,1
23403,5,4,11,0,7,1,1,0,2,2,0
23404,9,4,14,4,10,2,1,1,2,2,0
23405,10,0,11,2,0,0,1,1,2,2,0
23406,4,4,11,4,3,3,1,1,1,2,0
23407,6,1,7,4,10,3,1,1,2,2,0
23408,8,4,12,2,9,0,1,1,3,2,1
23409,3,4,11,4,3,3,1,1,2,2,0
23410,12,4,15,4,4,3,0,0,2,2,0
23411,5,4,11,4,4,1,1,1,1,2,0
23412,11,6,11,2,3,0,1,1,2,2,0
23413,12,6,7,2,8,5,1,0,2,2,1
23414,7,4,11,2,3,0,1,1,2,2,1
23415,10,2,1,2,14,0,0,1,2,4,1
23416,6,2,11,2,14,0,1,1,2,2,0
23417,4,4,5,4,8,1,1,1,2,2,0
23418,8,0,15,4,0,1,0,0,2,2,0
23419,10,4,15,4,6,3,1,0,2,2,0
23420,3,4,6,4,3,3,0,1,3,2,0
23421,11,1,9,6,1,4,1,0,2,2,0
23422,8,4,11,2,12,0,1,1,2,2,1
23423,6,4,5,4,8,3,0,1,2,2,0
23424,7,4,9,2,10,0,1,1,2,2,0
23425,8,6,11,2,12,0,1,1,3,1,1
23426,3,4,11,4,6,4,1,1,0,0,0
23427,13,4,11,2,12,0,1,1,2,2,1
23428,5,4,11,4,4,1,1,1,2,2,0
23429,8,4,9,6,10,4,0,0,3,2,0
23430,7,4,9,2,10,5,1,0,3,2,0
23431,11,4,15,2,6,0,1,1,2,2,1
23432,8,6,0,4,8,2,1,1,2,2,0
23433,3,4,11,2,13,0,1,1,0,2,0
23434,10,4,11,2,13,0,1,1,2,2,0
23435,6,4,11,2,3,0,1,1,2,2,0
23436,9,7,15,2,4,5,1,0,2,2,1
23437,12,0,0,4,0,1,1,0,2,2,0
23438,5,2,15,2,1,0,1,1,3,2,1
23439,9,4,9,2,4,0,1,1,2,2,0
23440,6,0,15,0,0,4,1,0,2,2,0
23441,6,4,15,2,3,0,1,1,2,2,1
23442,6,7,12,2,10,0,1,1,1,2,1
23443,4,4,2,4,6,3,1,0,1,2,0
23444,17,4,11,4,3,1,1,1,1,2,0
23445,6,4,11,4,8,4,1,0,2,2,0
23446,6,6,15,5,4,2,1,1,2,2,0
23447,5,4,15,4,8,3,1,0,2,2,0
23448,8,4,8,5,3,1,1,1,2,2,1
23449,7,4,11,0,3,1,1,1,2,2,0
23450,5,4,11,4,3,1,1,1,2,2,1
23451,15,4,1,4,7,2,1,0,3,2,0
23452,7,4,12,4,4,3,1,1,2,2,0
23453,6,7,9,0,4,1,1,1,2,2,0
23454,10,4,11,2,1,0,1,1,2,2,1
23455,7,4,15,2,3,0,1,1,2,2,0
23456,11,4,11,2,4,0,1,1,2,2,0
23457,11,6,11,2,4,0,1,1,2,2,1
23458,6,4,11,4,3,1,1,1,2,2,0
23459,5,5,11,4,12,2,1,0,2,2,0
23460,13,4,15,6,12,1,1,1,1,2,0
23461,7,4,11,2,12,0,1,1,2,2,0
23462,8,4,15,2,12,5,1,0,2,2,1
23463,13,4,11,6,3,1,1,1,1,2,1
23464,8,4,7,2,4,0,1,1,2,2,0
23465,9,6,8,0,3,1,1,1,2,2,1
23466,6,5,1,2,12,0,1,1,3,2,1
23467,9,4,7,4,12,3,1,1,2,2,0
23468,4,7,15,4,10,1,1,1,2,2,0
23469,5,4,8,2,1,0,1,1,1,2,1
23470,12,4,15,2,12,5,1,0,2,2,1
23471,4,4,12,4,8,2,1,0,2,2,0
23472,4,4,11,5,1,4,1,0,0,2,0
23473,7,4,11,4,12,3,1,1,2,2,0
23474,11,4,11,2,12,5,1,0,2,2,0
23475,6,4,5,4,8,4,1,0,2,2,0
23476,8,7,11,4,4,1,1,1,2,2,0
23477,7,4,9,2,12,5,0,0,3,2,0
23478,10,4,11,0,1,4,1,0,2,2,0
23479,7,4,11,4,1,3,1,1,2,2,0
23480,10,4,15,0,10,2,1,1,3,2,0
23481,7,7,11,5,8,5,1,0,2,2,1
23482,8,1,9,2,1,0,1,1,3,2,0
23483,10,5,15,2,3,0,1,1,2,2,0
23484,4,4,8,4,13,2,1,1,1,2,0
23485,4,4,11,4,12,1,1,0,2,2,0
23486,8,4,7,2,10,0,1,1,2,2,0
23487,6,4,11,0,8,1,1,0,2,2,0
23488,4,4,11,4,3,1,1,1,2,2,0
23489,5,4,11,4,1,3,0,0,2,2,0
23490,7,4,12,2,10,0,1,1,2,2,0
23491,5,7,10,2,10,0,1,1,3,2,1
23492,13,4,8,2,3,0,1,1,1,2,1
23493,9,4,15,2,1,0,1,1,2,2,1
23494,4,4,11,4,4,1,1,1,2,2,0
23495,13,5,15,6,12,1,1,1,0,2,0
23496,8,6,9,0,10,3,1,1,2,2,0
23497,4,4,9,4,4,3,1,1,2,2,0
23498,6,4,15,0,12,1,1,1,2,2,1
23499,14,4,11,2,3,0,1,1,1,2,1
23500,7,4,2,2,5,0,1,1,2,2,1
23501,6,6,11,5,4,4,1,0,2,2,0
23502,13,4,11,6,4,4,1,1,0,2,0
23503,11,4,15,2,8,0,1,1,2,2,0
23504,8,5,12,2,4,0,1,1,2,2,1
23505,13,4,11,2,4,0,1,1,2,2,1
23506,4,4,11,4,3,3,1,1,0,2,0
23507,5,6,11,2,3,0,1,1,2,2,1
23508,8,2,9,0,10,1,1,1,1,2,0
23509,8,4,15,2,3,0,0,1,3,0,1
23510,5,4,11,0,12,4,1,0,2,2,0
23511,14,7,11,6,1,1,1,0,1,2,0
23512,3,4,11,4,12,1,0,1,0,0,0
23513,6,4,9,4,4,3,1,0,2,2,0
23514,4,2,7,4,1,3,1,0,2,2,0
23515,5,5,6,2,12,5,1,0,2,2,0
23516,9,4,9,2,12,0,1,1,2,1,0
23517,6,4,6,2,3,0,1,1,2,2,1
23518,7,1,15,0,3,1,1,0,2,2,0
23519,8,4,7,0,13,1,1,1,3,2,0
23520,9,4,12,4,10,3,1,1,2,2,0
23521,8,2,11,2,3,0,1,1,2,2,1
23522,9,6,15,0,12,4,1,0,3,2,0
23523,5,2,9,4,10,1,1,0,2,2,0
23524,6,4,7,2,12,0,1,1,2,2,1
23525,8,0,0,0,0,1,1,0,2,2,0
23526,12,5,11,2,12,0,1,1,2,2,1
23527,5,4,11,2,3,0,1,1,1,2,0
23528,6,4,15,4,12,3,1,1,2,2,0
23529,7,6,11,0,3,4,1,1,2,2,0
23530,6,4,15,4,5,3,1,1,2,2,1
23531,7,4,1,2,7,0,0,1,2,2,1
23532,6,4,8,2,6,0,1,1,2,2,1
23533,14,6,0,2,3,0,1,1,3,2,0
23534,3,5,7,4,12,1,1,0,1,3,0
23535,5,6,11,4,8,3,1,0,1,2,0
23536,5,5,11,2,12,0,1,1,2,2,0
23537,4,4,15,4,1,2,0,1,1,2,1
23538,11,4,11,3,1,5,1,0,2,2,0
23539,9,5,9,2,4,0,1,1,3,2,1
23540,9,4,9,2,10,0,1,1,2,2,0
23541,5,4,15,2,14,0,1,1,2,2,0
23542,6,4,9,2,11,0,1,1,2,2,0
23543,10,4,1,6,3,1,1,1,2,2,1
23544,6,4,12,4,8,3,1,0,2,2,0
23545,4,4,11,4,13,1,1,1,0,2,0
23546,8,4,15,2,12,0,1,1,2,2,0
23547,5,4,11,3,3,5,1,1,2,2,1
23548,12,4,15,2,8,0,1,1,2,2,1
23549,4,4,1,4,6,1,1,1,2,2,0
23550,6,0,9,2,0,0,0,1,2,0,0
23551,8,4,15,0,13,1,1,1,2,2,0
23552,11,6,5,2,3,0,1,1,2,2,0
23553,5,6,15,2,3,0,1,1,2,2,0
23554,9,4,12,6,4,4,0,0,2,0,0
23555,6,4,15,4,14,1,1,1,2,2,0
23556,14,4,6,6,6,4,1,0,1,2,0
23557,12,4,9,2,10,0,1,1,2,2,0
23558,4,4,9,4,1,1,0,0,1,2,0
23559,12,4,11,2,12,0,1,1,1,2,0
23560,7,4,9,2,13,0,1,1,2,2,1
23561,10,6,0,0,5,4,1,1,2,4,0
23562,3,6,0,4,1,3,1,1,1,2,0
23563,7,2,5,2,3,0,1,1,2,2,1
23564,6,2,9,2,1,5,0,0,2,2,0
23565,7,4,12,2,9,0,1,1,2,2,0
23566,14,7,15,2,10,0,1,1,1,2,0
23567,13,4,11,2,4,0,1,1,0,2,1
23568,11,5,15,2,11,0,1,1,2,2,0
23569,4,4,1,4,3,3,1,1,2,2,0
23570,10,7,10,2,10,0,1,1,2,2,1
23571,5,4,15,4,3,3,0,1,2,2,0
23572,6,4,15,2,3,0,1,1,2,2,0
23573,6,0,1,2,3,0,1,1,2,2,1
23574,6,4,11,2,4,0,1,1,2,2,0
23575,7,4,0,4,14,2,0,1,2,2,0
23576,7,4,9,4,12,3,1,1,2,2,0
23577,8,2,9,2,10,0,0,1,1,2,0
23578,11,4,9,2,10,0,1,1,2,2,0
23579,9,4,11,2,4,0,0,1,2,0,1
23580,5,7,11,4,13,1,1,0,2,2,1
23581,12,4,8,4,8,3,1,0,2,2,0
23582,9,0,11,2,0,0,1,1,2,2,0
23583,18,4,9,2,8,0,1,1,1,2,0
23584,7,0,11,2,0,0,1,1,3,2,1
23585,8,4,9,5,13,2,1,0,1,2,0
23586,10,4,9,4,10,1,0,1,2,0,0
23587,8,1,8,2,13,0,1,1,1,2,0
23588,5,2,9,4,4,1,1,1,3,2,0
23589,5,4,15,4,12,3,1,0,2,2,0
23590,7,0,5,2,0,0,1,1,1,2,0
23591,7,4,11,2,3,0,1,1,2,2,0
23592,9,4,15,2,8,0,0,1,1,2,0
23593,5,4,15,2,12,0,1,1,2,2,0
23594,12,2,12,2,10,0,1,1,1,2,1
23595,9,4,9,0,12,1,1,1,2,2,0
23596,8,4,9,2,1,0,1,1,2,2,0
23597,12,4,1,2,5,0,1,1,1,2,0
23598,5,4,1,4,14,1,1,1,2,2,0
23599,7,4,11,2,3,0,1,1,2,2,1
23600,5,7,15,4,4,3,1,1,2,2,0
23601,8,4,11,2,14,0,1,1,1,2,1
23602,5,1,15,4,1,1,1,0,2,2,0
23603,6,6,9,2,12,0,1,1,1,2,0
23604,5,4,11,4,6,3,1,1,2,4,0
23605,3,2,9,4,10,1,0,0,0,2,0
23606,6,4,9,4,3,3,0,1,2,2,0
23607,6,4,11,4,4,1,1,0,2,2,0
23608,6,4,6,2,14,0,1,1,2,2,0
23609,4,2,12,4,10,4,0,0,2,2,0
23610,5,4,15,4,7,1,1,1,2,2,0
23611,9,4,11,4,8,1,1,0,3,2,0
23612,8,6,11,4,4,3,1,0,2,2,0
23613,8,4,11,0,13,2,1,1,2,2,0
23614,3,1,12,4,10,1,1,0,1,2,1
23615,9,4,11,2,12,0,1,1,2,2,0
23616,10,4,12,4,4,3,1,1,2,2,0
23617,4,4,11,4,12,1,1,1,1,2,0
23618,8,4,9,2,10,0,1,1,2,2,1
23619,10,4,11,2,3,0,1,1,2,2,1
23620,8,4,12,2,10,0,1,1,1,2,0
23621,8,4,9,2,1,5,1,0,2,2,0
23622,9,4,15,2,3,0,1,1,2,2,0
23623,6,4,11,4,8,3,0,1,2,2,0
23624,5,4,11,4,8,3,0,0,2,2,0
23625,9,4,8,0,12,1,1,0,1,2,0
23626,4,1,15,4,1,4,1,0,1,2,0
23627,7,6,11,2,5,0,1,1,3,2,1
23628,12,4,15,2,12,0,1,1,2,2,0
23629,6,4,9,2,4,0,1,1,2,2,0
23630,4,2,15,4,11,1,1,1,2,2,0
23631,4,4,1,4,14,3,0,1,1,4,0
23632,9,4,15,0,12,1,0,0,2,0,0
23633,11,4,15,0,12,4,1,0,2,2,0
23634,7,4,11,2,3,0,1,1,2,2,1
23635,10,4,1,2,6,0,1,1,2,2,0
23636,6,2,11,4,8,4,1,0,2,2,0
23637,7,4,8,2,3,0,1,1,1,2,0
23638,11,4,11,2,14,0,1,1,2,2,0
23639,6,4,9,2,1,5,1,0,4,2,0
23640,4,4,11,4,7,2,1,1,2,2,0
23641,4,6,9,4,10,1,1,0,2,2,0
23642,5,4,11,4,12,3,1,1,1,2,0
23643,5,6,5,4,8,3,1,1,1,2,0
23644,10,3,11,2,5,0,1,1,2,1,0
23645,7,4,11,2,10,0,1,1,2,2,0
23646,5,4,15,0,8,4,1,0,2,2,0
23647,6,4,15,2,3,0,1,1,3,2,1
23648,9,7,15,0,4,1,0,1,2,2,0
23649,7,4,9,2,12,0,1,1,2,2,1
23650,10,4,11,0,7,1,1,1,2,2,0
23651,11,4,11,2,3,0,1,1,2,2,1
23652,14,5,9,2,12,0,0,1,1,2,0
23653,3,4,9,4,10,1,1,0,1,2,0
23654,4,4,11,5,1,1,1,0,2,2,0
23655,6,6,9,2,12,0,0,1,2,2,0
23656,9,4,2,2,9,0,1,1,3,2,1
23657,6,4,8,4,8,1,1,0,1,2,0
23658,5,4,11,4,12,2,1,0,2,2,0
23659,4,4,11,4,8,3,1,1,1,2,0
23660,4,4,11,4,8,3,1,0,2,2,0
23661,6,4,9,2,14,0,1,1,2,2,1
23662,5,4,11,2,7,0,1,1,2,2,1
23663,9,4,15,2,4,0,1,1,2,2,0
23664,4,4,11,4,5,3,1,1,2,2,0
23665,8,7,9,2,13,0,1,1,2,2,1
23666,5,4,14,4,10,1,1,0,2,2,0
23667,9,4,11,2,3,0,1,1,2,2,1
23668,4,4,11,4,8,1,1,0,2,2,0
23669,4,4,7,4,4,1,1,1,2,2,1
23670,12,4,15,0,1,4,1,0,0,2,0
23671,7,4,15,2,12,0,1,1,1,2,1
23672,9,4,1,2,3,0,1,1,3,2,0
23673,7,4,9,2,14,0,1,1,2,2,0
23674,4,4,15,4,1,1,1,0,1,2,0
23675,6,4,1,2,7,0,1,1,2,1,0
23676,10,6,12,2,12,0,1,1,2,2,0
23677,3,4,11,4,8,4,1,0,1,2,1
23678,7,4,11,2,3,0,1,1,3,2,1
23679,8,1,15,2,4,5,1,0,2,2,1
23680,4,4,11,4,1,1,0,0,2,2,0
23681,9,4,7,4,10,3,1,1,2,2,0
23682,6,4,2,2,5,0,1,1,2,2,0
23683,10,4,15,0,1,1,0,1,2,2,0
23684,9,4,11,2,5,0,1,1,2,2,0
23685,5,4,15,2,12,0,1,1,2,2,0
23686,6,1,11,2,6,0,1,1,0,2,1
23687,4,4,9,4,6,1,1,1,1,2,0
23688,10,1,9,0,10,1,1,1,1,2,0
23689,7,4,9,4,3,3,1,1,2,2,0
23690,8,4,15,4,14,3,0,1,3,2,0
23691,11,4,0,2,5,0,1,1,2,2,0
23692,13,4,9,6,12,1,1,1,2,2,1
23693,9,4,11,2,3,0,1,1,2,2,1
23694,7,2,15,2,11,0,1,1,2,1,0
23695,7,4,2,2,5,0,1,1,2,2,1
23696,7,4,12,0,10,4,1,1,1,2,0
23697,10,4,11,2,14,0,1,1,2,2,1
23698,12,5,15,0,4,1,0,0,2,2,0
23699,9,4,11,2,3,0,0,1,2,2,1
23700,8,4,11,0,12,1,1,1,2,2,1
23701,6,4,11,5,8,4,0,0,2,2,0
23702,8,4,15,2,12,0,1,1,2,2,0
23703,7,4,14,0,10,4,1,0,2,2,0
23704,8,4,15,6,4,4,1,0,2,2,0
23705,6,4,9,5,4,4,1,0,0,2,0
23706,11,4,11,2,4,0,1,1,2,2,0
23707,10,7,8,2,10,0,1,1,1,2,0
23708,4,4,9,4,10,3,1,1,2,2,0
23709,8,4,5,2,3,0,1,1,2,2,0
23710,10,7,15,2,13,0,1,1,2,2,1
23711,14,2,9,2,10,0,1,1,3,2,1
23712,9,7,14,6,10,1,1,1,2,2,0
23713,11,0,2,0,0,1,0,0,2,2,0
23714,7,4,4,2,6,0,1,1,2,2,1
23715,4,4,15,4,6,3,1,1,1,2,0
23716,5,5,10,2,10,0,1,1,2,2,0
23717,8,6,15,4,12,1,1,0,2,2,0
23718,5,4,12,4,10,1,1,0,2,2,0
23719,6,7,15,0,1,4,1,0,3,2,0
23720,12,2,11,5,8,4,0,0,2,2,0
23721,4,4,5,0,3,4,1,1,0,2,1
23722,3,4,11,4,3,1,1,1,1,2,0
23723,3,4,1,4,12,3,1,0,1,2,0
23724,8,4,11,4,4,3,1,1,2,2,0
23725,10,4,15,2,4,0,0,1,2,2,0
23726,5,4,11,4,7,1,1,1,2,2,0
23727,7,4,8,2,9,5,1,0,1,2,1
23728,9,4,5,2,3,0,1,1,1,2,0
23729,6,6,15,0,5,4,1,1,2,2,0
23730,5,4,9,0,1,4,1,0,2,2,0
23731,6,0,15,2,0,0,1,1,3,2,1
23732,7,4,11,2,8,5,1,0,3,2,0
23733,11,4,9,0,13,1,1,1,0,1,0
23734,9,0,12,2,0,5,1,0,2,2,1
23735,11,4,9,6,12,4,1,1,2,2,0
23736,5,2,8,2,14,0,1,1,2,2,1
23737,7,6,15,0,1,1,1,0,2,2,0
23738,10,4,11,2,3,0,1,1,2,2,0
23739,4,4,9,4,12,1,0,0,2,2,0
23740,8,2,1,0,8,3,1,0,2,2,0
23741,4,6,11,4,5,3,1,1,2,2,0
23742,4,4,15,4,3,1,1,1,0,2,0
23743,14,4,11,3,3,1,1,1,1,2,0
23744,6,0,11,4,0,2,1,1,2,2,0
23745,5,4,2,2,8,5,0,0,2,2,0
23746,10,4,7,4,4,1,1,0,1,2,0
23747,8,2,11,2,11,0,0,1,2,2,1
23748,6,4,9,2,12,5,1,0,1,2,1
23749,6,7,11,2,14,0,1,1,2,2,0
23750,11,5,9,4,4,1,1,0,1,2,0
23751,4,1,15,4,1,1,1,0,2,2,0
23752,7,4,15,2,14,0,1,1,2,2,0
23753,8,4,15,2,4,0,1,1,1,2,0
23754,3,4,11,4,7,1,1,0,1,2,0
23755,9,4,9,4,4,1,1,1,2,2,0
23756,4,4,1,4,14,3,1,1,1,2,0
23757,4,0,11,4,0,2,1,1,2,2,0
23758,9,4,12,4,10,4,0,1,2,2,0
23759,4,6,11,4,5,3,1,1,2,2,0
23760,3,4,11,4,7,3,1,0,3,2,0
23761,8,7,11,0,10,1,1,0,2,2,0
23762,12,4,15,2,3,0,1,1,1,2,0
23763,4,0,15,4,0,1,1,0,2,2,0
23764,11,6,11,2,14,0,1,1,2,2,0
23765,7,4,12,4,4,1,1,1,2,2,0
23766,10,6,12,0,4,4,1,0,1,2,0
23767,4,4,15,0,12,4,1,0,2,2,0
23768,10,4,4,2,8,0,1,1,2,2,1
23769,6,4,15,4,1,1,1,0,2,2,0
23770,8,4,8,0,12,4,1,1,3,2,0
23771,9,4,11,2,7,0,1,1,2,2,0
23772,13,4,7,6,8,4,0,0,2,2,0
23773,8,4,15,4,4,1,1,1,2,2,0
23774,9,4,11,2,14,0,1,1,2,2,1
23775,4,4,15,4,3,3,0,1,1,2,0
23776,4,4,12,4,10,1,0,0,2,2,0
23777,7,4,1,0,7,1,1,0,2,2,0
23778,7,4,15,5,8,1,0,0,2,2,1
23779,7,4,8,2,1,0,1,1,2,2,1
23780,7,4,11,2,4,0,1,1,3,2,0
23781,11,4,11,2,14,0,0,1,1,2,0
23782,10,4,15,0,8,1,1,0,2,2,0
23783,8,4,9,2,4,0,1,1,2,2,1
23784,5,4,15,2,12,0,1,1,1,2,1
23785,4,4,15,4,8,1,1,0,1,2,0
23786,9,4,11,2,8,5,0,0,2,2,1
23787,6,4,8,0,12,1,1,0,2,2,0
23788,11,4,7,2,7,0,1,1,0,2,1
23789,4,4,9,4,12,1,1,0,2,2,0
23790,9,6,0,2,5,0,1,1,2,2,0
23791,5,2,10,0,10,4,1,0,2,2,0
23792,11,6,11,2,14,0,1,1,2,2,0
23793,11,4,11,2,5,0,1,1,3,2,1
23794,11,4,9,2,4,0,1,1,2,2,0
23795,12,4,15,2,7,5,1,0,1,2,0
23796,9,5,9,2,10,0,0,1,2,2,1
23797,9,5,9,2,4,0,1,1,2,2,1
23798,13,6,11,0,7,4,1,1,2,2,0
23799,7,4,11,2,6,0,1,1,1,2,1
23800,12,4,9,2,6,5,1,0,2,2,1
23801,3,4,15,4,1,1,1,0,0,2,0
23802,10,4,15,2,3,0,1,1,1,2,1
23803,9,4,15,2,7,0,1,1,3,2,1
23804,4,4,11,4,6,1,1,1,0,2,0
23805,10,4,9,2,4,0,1,1,2,2,1
23806,5,4,11,4,5,3,1,1,1,2,0
23807,8,2,15,4,4,3,1,0,2,2,0
23808,6,4,9,2,1,0,1,1,2,2,1
23809,3,4,12,4,12,3,1,1,1,2,0
23810,7,7,8,2,13,0,1,1,2,2,1
23811,9,4,15,2,8,0,1,1,2,2,0
23812,8,2,15,2,10,0,1,1,2,2,0
23813,8,4,11,2,3,0,1,1,1,2,0
23814,9,2,5,4,8,3,1,0,2,3,0
23815,7,2,11,4,13,3,1,0,1,2,0
23816,8,4,11,2,3,0,1,1,2,2,0
23817,4,4,15,4,8,4,1,0,0,0,0
23818,10,6,11,6,1,1,1,0,1,2,0
23819,8,4,11,2,7,5,1,0,2,2,1
23820,8,4,1,2,3,0,1,1,2,2,1
23821,5,7,9,4,10,1,1,0,2,2,0
23822,10,2,6,2,14,0,0,1,2,0,0
23823,4,4,11,4,7,4,1,0,2,2,0
23824,4,4,15,4,12,3,1,0,1,2,0
23825,5,5,8,4,3,3,1,1,1,2,0
23826,10,4,15,0,12,1,1,1,2,2,0
23827,4,4,15,4,8,3,0,0,2,2,0
23828,6,4,0,4,3,1,1,1,3,2,0
23829,6,1,9,0,10,2,1,1,2,2,0
23830,9,4,11,6,1,1,0,0,2,2,0
23831,7,4,9,2,12,0,1,1,2,2,0
23832,8,7,11,2,1,0,1,1,2,2,1
23833,3,4,9,4,10,1,1,0,1,2,0
23834,11,6,11,2,12,0,1,1,2,2,1
23835,10,4,12,2,10,0,1,1,2,2,1
23836,11,4,11,2,8,2,1,0,1,2,0
23837,4,4,15,4,5,1,0,1,1,2,0
23838,7,7,9,2,10,0,1,1,3,2,0
23839,7,4,1,2,3,0,1,1,2,2,1
23840,4,4,15,4,4,1,1,1,2,2,0
23841,6,4,15,2,13,0,1,1,1,2,1
23842,7,7,15,4,13,1,1,0,2,1,0
23843,7,4,11,2,7,0,1,1,2,3,1
23844,7,4,11,2,1,5,1,0,2,1,0
23845,8,4,4,4,3,3,1,1,2,2,0
23846,5,4,11,2,14,0,1,1,2,2,0
23847,3,4,10,4,10,3,0,0,0,2,0
23848,3,4,11,4,14,1,1,1,3,2,0
23849,5,4,11,0,11,1,0,0,1,2,0
23850,7,4,12,2,8,0,0,1,2,2,1
23851,12,4,15,2,1,0,0,1,2,2,1
23852,7,4,11,2,14,0,1,1,2,2,1
23853,5,4,15,2,6,0,0,1,2,2,1
23854,5,4,7,0,13,4,1,0,2,2,0
23855,11,4,11,2,12,0,1,1,2,2,1
23856,10,4,5,0,8,1,0,0,2,2,0
23857,3,4,11,4,1,2,1,1,1,2,0
23858,7,6,11,2,3,0,1,1,2,2,1
23859,4,2,12,4,10,4,1,0,1,2,0
23860,11,4,1,2,3,0,1,1,2,2,1
23861,11,4,15,2,7,2,1,1,2,2,0
23862,10,4,8,0,1,4,1,1,2,2,0
23863,9,4,4,5,3,1,0,1,1,4,0
23864,4,4,11,4,7,4,1,1,2,2,0
23865,7,5,15,4,12,1,1,0,2,2,0
23866,8,4,9,4,4,4,1,0,2,2,0
23867,5,4,11,4,12,4,1,0,2,2,0
23868,6,4,5,2,5,0,1,1,0,2,1
23869,6,6,11,2,1,5,1,0,2,2,1
23870,8,4,11,3,11,3,1,1,2,2,0
23871,7,5,9,4,3,4,1,1,3,2,0
23872,7,4,15,4,12,3,1,1,2,2,0
23873,8,7,8,2,13,0,1,1,2,2,1
23874,11,4,11,5,13,4,1,0,2,2,0
23875,11,4,11,2,10,0,1,1,2,2,0
23876,3,4,11,4,1,3,1,0,2,2,0
23877,10,4,0,4,5,3,1,1,2,2,0
23878,6,4,8,2,12,0,1,1,1,2,1
23879,7,1,11,4,1,3,1,0,2,2,0
23880,9,4,11,2,3,0,0,1,1,2,0
23881,11,4,11,2,14,0,1,1,2,2,0
23882,3,4,9,4,12,1,1,0,1,2,0
23883,4,4,11,4,8,3,1,0,2,2,0
23884,7,4,11,2,14,0,1,1,2,2,1
23885,14,4,11,2,7,0,0,1,3,2,1
23886,6,6,5,4,3,3,1,1,2,2,1
23887,6,4,15,2,3,0,1,1,2,2,0
23888,5,4,9,4,1,3,1,0,2,2,0
23889,11,4,14,2,10,0,1,1,2,2,0
23890,12,4,11,6,8,4,0,1,2,2,0
23891,9,5,11,2,3,0,1,1,2,2,1
23892,12,4,15,2,3,0,1,1,1,2,0
23893,9,4,8,4,3,1,1,1,1,2,0
23894,6,2,1,2,11,0,1,1,2,2,1
23895,8,6,9,2,14,0,1,1,2,2,0
23896,8,0,2,2,0,0,1,1,2,2,1
23897,9,1,9,2,10,0,1,1,2,2,0
23898,10,4,11,2,3,0,1,1,2,2,1
23899,4,4,6,4,12,1,1,0,2,2,0
23900,8,2,9,2,10,0,1,1,2,2,1
23901,4,4,11,4,3,1,1,1,1,4,0
23902,7,7,9,4,13,1,1,0,2,2,0
23903,3,4,11,4,14,1,1,1,2,2,0
23904,6,6,1,2,8,0,1,1,1,2,0
23905,7,4,15,2,8,0,1,1,2,2,0
23906,10,2,11,0,11,4,1,1,3,2,0
23907,8,4,15,0,11,1,1,1,1,2,0
23908,5,2,7,2,10,0,1,1,2,2,1
23909,5,4,8,2,13,5,1,0,2,2,0
23910,5,0,3,4,0,1,1,0,1,2,0
23911,7,4,11,2,8,0,1,1,2,2,1
23912,4,4,11,4,3,1,1,0,2,2,0
23913,4,5,15,2,10,1,1,1,1,2,0
23914,7,5,15,5,4,4,1,0,2,2,0
23915,3,4,11,4,8,3,0,0,2,2,0
23916,7,4,15,0,3,1,1,1,2,2,0
23917,11,4,11,6,3,1,1,1,2,2,1
23918,4,4,9,4,10,1,1,1,2,2,1
23919,6,4,11,2,12,0,1,1,4,2,0
23920,5,2,9,4,10,3,0,0,2,2,0
23921,8,4,12,2,10,0,1,1,1,2,0
23922,11,4,9,2,1,0,1,1,2,2,0
23923,4,2,9,4,10,1,1,1,2,2,1
23924,6,4,11,5,1,1,0,0,2,2,0
23925,8,4,11,4,14,3,1,1,2,2,0
23926,5,1,11,4,10,1,1,1,2,2,0
23927,13,4,11,6,5,4,1,1,1,2,0
23928,6,4,11,2,5,0,1,1,2,2,0
23929,5,2,15,4,1,3,1,0,1,2,0
23930,11,7,15,0,1,1,1,0,2,2,0
23931,8,4,15,2,8,0,1,1,2,2,0
23932,11,6,3,5,2,1,0,0,1,2,0
23933,4,4,15,2,12,0,1,1,2,2,0
23934,5,4,11,0,1,1,1,0,2,2,0
23935,6,4,9,2,12,0,1,1,1,2,0
23936,6,4,15,2,4,0,1,1,2,2,0
23937,4,4,15,4,8,1,1,1,2,2,0
23938,5,4,7,4,1,1,1,1,1,2,1
23939,9,4,11,2,6,0,1,1,2,2,0
23940,12,4,11,0,13,1,1,1,2,2,0
23941,9,6,1,2,14,0,1,1,2,2,1
23942,6,4,12,2,4,0,0,1,4,2,1
23943,10,2,15,2,4,0,1,1,2,2,0
23944,6,2,11,2,14,0,1,1,2,2,1
23945,8,6,15,2,12,0,1,1,3,2,1
23946,9,6,11,4,5,1,1,1,3,2,0
23947,10,4,11,2,4,0,1,1,2,2,1
23948,5,4,5,4,9,1,1,1,2,2,0
23949,6,4,11,4,4,3,1,1,2,2,0
23950,4,4,11,4,4,1,1,0,1,2,0
23951,5,6,8,0,5,1,1,1,2,2,0
23952,4,0,15,4,0,3,1,0,2,2,0
23953,10,7,7,0,1,1,1,0,2,2,0
23954,8,1,7,2,1,3,1,0,2,2,0
23955,4,4,11,4,11,1,1,1,1,2,0
23956,11,4,11,2,6,3,1,0,2,2,0
23957,8,4,11,2,14,0,1,1,2,2,1
23958,8,4,15,0,13,2,1,0,2,2,0
23959,5,4,9,4,4,1,1,1,0,2,0
23960,10,7,12,0,10,4,1,0,2,2,0
23961,10,0,11,2,0,5,1,0,2,2,1
23962,8,2,9,2,10,0,1,1,2,2,1
23963,6,6,11,0,14,1,1,1,1,2,0
23964,7,0,12,0,0,1,1,0,2,2,0
23965,4,4,11,4,7,3,1,0,2,2,0
23966,7,4,7,2,12,0,1,1,2,1,1
23967,6,2,11,2,1,5,1,0,2,2,0
23968,8,0,11,0,0,2,0,0,2,2,0
23969,10,4,11,2,4,0,1,1,2,2,0
23970,9,4,15,2,8,5,1,0,2,2,1
23971,13,1,12,6,10,4,1,0,0,2,0
23972,4,4,15,2,3,0,1,1,2,2,1
23973,7,0,15,2,0,0,0,1,1,2,1
23974,5,4,11,2,14,0,1,1,2,2,1
23975,8,1,9,0,13,1,0,1,3,2,0
23976,6,6,6,2,12,0,1,1,2,2,0
23977,16,4,7,2,4,5,0,0,1,2,1
23978,5,4,11,4,4,1,1,0,1,2,0
23979,6,2,15,5,10,1,1,1,2,2,0
23980,8,4,9,3,4,4,1,0,2,2,0
23981,4,4,11,2,8,0,1,1,0,2,1
23982,7,4,11,2,6,0,1,1,2,2,1
23983,11,4,11,0,7,2,1,1,2,2,0
23984,6,4,9,2,10,0,1,1,2,2,1
23985,14,2,15,2,11,0,1,1,1,2,1
23986,6,7,9,4,4,1,1,1,2,2,1
23987,11,4,6,2,14,0,1,1,3,2,0
23988,6,6,11,2,12,0,0,1,2,4,1
23989,4,4,6,4,12,1,1,1,1,2,0
23990,8,4,8,4,13,1,1,0,2,2,0
23991,8,6,11,0,1,1,1,1,2,2,0
23992,5,4,15,2,3,0,1,1,2,2,1
23993,7,7,15,4,11,3,1,1,1,2,0
23994,5,0,11,2,0,0,1,1,2,2,1
23995,11,4,11,2,8,0,1,1,0,2,0
23996,15,6,11,2,3,0,1,1,0,2,0
23997,9,6,15,4,4,2,1,0,2,2,0
23998,7,4,1,2,12,0,1,1,2,2,1
23999,5,4,7,4,1,4,1,0,2,2,0
24000,8,4,12,0,10,4,1,0,2,2,0
24001,4,4,1,4,14,1,1,0,1,2,0
24002,7,7,9,4,11,3,1,1,4,2,0
24003,5,4,15,6,8,4,0,0,2,2,0
24004,11,1,15,2,3,0,1,1,2,2,0
24005,4,4,14,4,10,1,1,1,0,2,0
24006,6,4,11,2,10,0,0,1,2,2,0
24007,8,4,11,0,3,1,1,1,3,2,1
24008,14,2,10,2,10,0,1,1,3,4,0
24009,3,4,15,4,7,3,1,1,0,2,0
24010,6,4,8,0,10,1,1,1,2,2,0
24011,7,4,5,2,6,0,1,1,2,2,0
24012,9,2,12,4,10,1,1,1,2,2,0
24013,3,4,11,4,1,1,1,0,0,2,0
24014,7,4,8,0,10,4,1,0,3,2,0
24015,9,0,11,2,0,0,1,1,1,2,1
24016,5,6,7,4,14,1,1,1,2,2,0
24017,5,4,2,6,5,1,1,1,1,2,0
24018,6,0,15,5,0,1,1,1,2,2,0
24019,5,4,15,4,1,3,0,1,2,2,0
24020,5,6,15,2,12,0,1,1,2,2,1
24021,6,0,0,3,0,5,1,0,3,2,0
24022,7,6,10,2,5,0,1,1,2,2,0
24023,5,4,11,2,7,0,1,1,2,2,0
24024,5,4,1,4,8,3,1,0,2,2,0
24025,8,4,15,2,8,0,1,1,2,4,0
24026,7,4,15,0,12,3,1,1,2,2,0
24027,4,4,11,4,14,1,1,1,1,2,0
24028,11,4,11,4,12,1,1,1,2,2,0
24029,6,5,15,2,12,0,1,1,2,2,1
24030,9,4,15,2,12,0,1,1,1,2,0
24031,6,4,15,4,10,3,1,0,2,2,0
24032,10,6,11,2,5,0,1,1,2,2,1
24033,8,4,15,0,8,4,1,1,2,2,0
24034,4,4,11,4,6,3,1,0,3,2,0
24035,10,4,9,0,12,4,1,1,2,2,0
24036,7,4,15,4,10,1,0,0,3,2,0
24037,8,0,11,2,0,0,1,1,2,2,0
24038,14,2,11,2,11,0,1,1,0,2,1
24039,4,6,9,4,4,3,1,1,2,2,0
24040,11,4,1,2,3,0,1,1,1,2,0
24041,5,2,11,0,10,2,1,1,1,0,0
24042,6,6,9,4,4,3,1,0,2,2,0
24043,10,4,0,2,8,0,1,1,2,2,0
24044,11,4,11,6,12,4,1,1,2,2,0
24045,7,4,9,4,4,1,1,0,2,2,1
24046,10,1,12,0,4,1,1,1,1,2,1
24047,12,4,1,2,14,0,1,1,1,2,1
24048,6,4,9,2,1,0,1,1,2,2,0
24049,3,7,15,4,13,3,1,1,0,2,0
24050,11,4,0,0,7,1,1,0,2,2,0
24051,10,2,9,6,10,1,1,1,2,2,0
24052,4,4,11,4,1,3,1,1,2,2,0
24053,14,6,9,2,4,0,1,1,1,2,1
24054,6,4,12,4,4,3,1,0,2,2,0
24055,7,4,11,2,1,5,1,0,2,2,1
24056,6,4,11,2,3,0,1,1,2,2,0
24057,8,4,11,2,7,0,1,1,2,2,1
24058,4,4,15,4,3,1,1,1,0,2,1
24059,6,4,11,2,3,0,1,1,1,2,0
24060,7,4,7,2,13,5,1,0,2,2,0
24061,8,4,15,2,3,0,1,1,1,2,1
24062,11,4,11,2,3,0,1,1,0,2,0
24063,5,4,9,4,4,1,0,0,1,2,0
24064,8,4,5,0,9,1,0,0,2,2,0
24065,4,4,11,2,8,5,0,0,2,2,0
24066,8,4,11,4,3,3,1,1,2,2,0
24067,4,4,9,4,12,1,1,0,1,2,0
24068,7,4,9,2,1,0,1,1,2,2,1
24069,8,4,9,2,4,0,1,1,2,2,0
24070,11,4,11,2,1,5,0,0,2,4,0
24071,5,0,11,4,0,3,0,0,2,2,0
24072,9,4,15,0,1,3,1,0,2,2,0
24073,7,5,12,2,4,0,1,1,2,2,1
24074,10,7,11,6,10,1,1,0,2,2,0
24075,7,4,11,0,6,1,1,1,2,2,0
24076,9,2,2,2,11,0,1,1,2,2,0
24077,9,4,15,2,8,0,1,1,2,2,0
24078,7,4,7,4,14,1,1,1,2,2,0
24079,9,4,11,2,5,0,1,1,3,2,0
24080,5,4,11,0,4,4,1,0,0,2,0
24081,13,7,11,1,1,3,1,0,2,2,0
24082,7,4,11,5,14,4,1,0,2,2,0
24083,9,4,11,2,11,0,1,1,2,2,0
24084,5,4,15,4,3,1,1,1,1,2,0
24085,7,4,11,2,5,0,1,1,2,2,1
24086,10,6,4,2,3,0,0,1,2,2,1
24087,9,4,1,0,3,4,1,0,2,1,0
24088,10,4,12,2,10,0,1,1,2,2,0
24089,8,4,15,2,4,0,1,1,2,2,0
24090,6,4,11,0,4,4,1,0,2,2,0
24091,3,4,11,4,1,1,1,1,1,2,1
24092,9,4,9,2,4,0,1,1,2,2,0
24093,8,4,11,5,3,4,1,1,2,2,0
24094,11,4,1,2,3,0,1,1,2,2,0
24095,12,4,11,4,7,1,1,1,2,2,0
24096,10,4,11,0,6,4,1,0,1,2,0
24097,4,4,15,4,12,3,1,1,1,2,0
24098,7,4,12,4,10,3,1,0,2,2,0
24099,4,4,15,4,13,4,1,0,2,2,0
24100,7,0,11,4,0,3,1,1,1,2,0
24101,7,4,15,4,1,3,1,0,3,2,0
24102,4,4,12,0,4,2,0,1,1,2,0
24103,5,7,11,5,1,1,0,0,2,2,0
24104,11,4,9,2,12,0,1,1,2,2,0
24105,3,4,15,4,10,1,1,1,4,2,0
24106,16,4,12,2,10,0,1,1,1,2,1
24107,7,4,5,2,8,0,1,1,1,2,0
24108,3,4,9,4,4,3,1,1,1,2,0
24109,5,7,9,0,10,1,1,0,2,2,0
24110,7,4,15,2,10,0,1,1,2,2,0
24111,9,4,11,2,14,5,0,1,2,2,0
24112,9,4,5,0,6,1,1,1,1,2,0
24113,7,7,9,0,10,3,1,1,2,2,0
24114,11,4,11,2,3,0,1,1,1,2,1
24115,6,4,11,4,13,3,1,1,2,2,0
24116,9,4,11,2,3,0,1,1,1,2,0
24117,6,4,11,2,12,0,1,1,1,2,0
24118,6,4,15,2,4,0,1,1,1,2,0
24119,9,4,8,4,4,1,1,0,1,2,0
24120,11,4,15,2,11,0,1,1,2,2,1
24121,9,4,15,0,1,1,0,0,2,2,0
24122,6,4,15,2,12,0,1,1,2,2,0
24123,5,7,15,4,1,3,1,0,1,2,0
24124,4,4,15,4,4,1,1,1,2,2,0
24125,11,4,15,2,12,0,1,1,2,2,0
24126,4,4,11,4,3,3,0,1,1,0,0
24127,4,4,7,0,4,4,1,0,2,2,0
24128,3,5,15,4,10,1,0,0,0,4,0
24129,9,4,11,0,12,1,1,0,2,2,0
24130,7,4,6,2,3,0,0,1,2,2,1
24131,6,4,9,2,12,0,1,1,1,2,1
24132,11,4,12,2,10,5,1,0,2,2,1
24133,12,7,11,2,11,0,1,1,2,2,1
24134,4,4,15,2,1,5,1,0,1,2,0
24135,14,7,12,2,10,0,1,1,2,2,0
24136,4,2,11,4,13,1,1,0,2,2,0
24137,5,2,9,2,4,0,1,1,2,2,1
24138,12,4,11,2,8,0,1,1,0,2,0
24139,6,0,1,4,8,3,1,0,2,2,0
24140,7,7,12,2,10,0,1,1,2,2,1
24141,4,4,12,4,8,3,1,0,2,2,0
24142,9,4,9,2,10,0,1,1,3,2,0
24143,5,0,0,4,0,3,1,1,2,2,0
24144,4,7,15,4,8,3,0,1,1,0,0
24145,9,4,11,0,3,1,1,1,2,2,0
24146,7,7,11,4,10,1,1,0,4,2,0
24147,5,4,15,0,6,1,0,1,1,0,0
24148,7,4,9,2,10,0,0,1,2,0,0
24149,4,5,11,4,12,4,1,0,2,2,1
24150,7,6,11,2,3,0,0,1,3,2,0
24151,18,4,11,4,3,1,1,1,1,2,0
24152,7,4,11,2,14,0,1,1,2,2,1
24153,8,4,11,4,3,1,1,1,2,2,0
24154,7,4,0,5,8,2,0,0,2,2,0
24155,5,4,15,2,11,0,1,1,2,2,1
24156,6,7,9,4,10,1,0,0,1,2,0
24157,7,4,1,2,6,0,1,1,2,2,1
24158,5,4,0,4,5,1,1,1,1,2,0
24159,4,4,7,4,12,3,1,1,1,2,0
24160,5,4,6,2,7,5,1,0,2,2,1
24161,5,4,11,4,3,3,1,1,2,2,0
24162,5,4,2,2,8,0,1,1,2,2,1
24163,4,4,15,4,12,3,1,0,2,2,0
24164,6,4,15,2,14,0,1,1,2,2,1
24165,13,2,9,6,1,4,1,1,0,2,0
24166,3,0,15,4,0,3,1,1,1,2,0
24167,3,4,8,4,4,1,1,0,1,2,0
24168,9,4,11,0,8,4,1,0,2,2,0
24169,4,4,14,4,10,1,1,1,2,2,0
24170,7,4,11,2,7,0,0,1,3,2,0
24171,6,5,11,2,3,0,1,1,2,2,0
24172,8,1,9,0,4,1,1,0,2,2,0
24173,4,4,9,4,4,3,1,1,3,2,0
24174,10,4,12,2,4,0,1,1,2,2,0
24175,12,4,11,2,1,0,1,1,2,2,1
24176,10,4,12,2,4,0,1,1,2,2,0
24177,13,4,15,2,10,5,1,0,0,2,1
24178,11,4,0,5,6,2,1,1,1,2,0
24179,11,4,11,0,8,1,1,1,2,2,0
24180,6,4,11,4,14,2,1,1,2,2,0
24181,6,6,15,2,5,0,1,1,2,2,1
24182,8,7,9,2,10,0,1,1,2,2,0
24183,5,4,11,4,8,1,1,1,2,2,0
24184,4,4,9,4,10,1,0,0,2,2,0
24185,8,4,15,2,1,0,1,1,2,2,0
24186,11,4,9,0,10,1,1,0,2,2,0
24187,10,4,15,2,12,0,1,1,2,2,1
24188,6,4,15,0,12,1,1,1,3,2,0
24189,9,4,9,2,8,5,1,0,2,2,1
24190,5,4,11,4,8,1,1,1,3,2,0
24191,9,0,9,2,0,0,1,1,3,2,0
24192,5,7,11,2,14,0,1,1,2,2,1
24193,6,4,11,2,14,5,1,0,2,2,1
24194,4,1,9,4,1,1,1,1,1,2,1
24195,3,4,15,4,12,3,1,0,1,2,0
24196,7,4,12,2,12,0,1,1,2,2,0
24197,3,4,11,4,6,1,1,0,2,2,1
24198,10,6,11,2,7,0,1,1,2,2,1
24199,7,4,15,2,13,0,1,1,2,2,1
24200,4,4,11,4,1,2,0,0,1,2,0
24201,13,4,7,2,7,0,1,1,2,2,0
24202,8,7,1,2,14,0,1,1,1,2,0
24203,9,4,9,2,1,0,1,1,1,2,1
24204,10,7,11,2,5,0,1,1,2,2,0
24205,12,4,0,2,7,0,0,1,2,2,0
24206,6,6,9,2,12,0,1,1,2,2,1
24207,6,1,11,4,7,3,1,1,2,2,0
24208,5,4,11,2,4,5,1,0,2,2,1
24209,5,4,11,4,12,2,1,0,2,2,0
24210,6,4,15,2,6,5,0,0,2,0,0
24211,8,4,15,2,7,0,1,1,2,2,1
24212,7,6,15,4,8,3,1,1,2,2,0
24213,8,4,15,2,12,0,1,1,3,2,1
24214,5,4,1,4,3,1,1,1,2,2,0
24215,9,4,15,4,11,1,1,1,2,2,0
24216,5,4,11,2,3,0,1,1,2,2,1
24217,7,4,15,2,4,0,1,1,2,2,1
24218,5,4,6,4,3,3,1,1,2,2,0
24219,6,4,15,0,3,1,1,1,2,2,0
24220,4,2,11,3,1,5,0,0,2,2,0
24221,12,4,9,2,8,0,1,1,2,2,0
24222,7,0,0,2,0,0,0,1,2,2,1
24223,10,4,9,2,11,0,1,1,2,2,0
24224,4,4,11,4,6,3,1,1,1,2,0
24225,7,4,11,4,3,3,0,1,2,2,0
24226,11,4,6,0,8,1,1,0,2,2,0
24227,5,2,9,2,4,5,1,0,2,2,0
24228,8,6,15,5,12,4,1,1,2,2,0
24229,7,7,9,0,10,2,0,0,2,0,0
24230,9,4,15,2,4,0,1,1,2,2,0
24231,3,6,15,4,1,2,1,0,0,2,0
24232,5,4,2,6,6,1,0,1,2,2,0
24233,5,6,11,2,3,0,1,1,1,2,0
24234,9,1,12,2,10,0,1,1,2,2,0
24235,10,2,15,2,4,0,1,1,2,2,0
24236,5,7,15,2,13,0,0,1,2,2,1
24237,5,4,9,0,8,1,1,0,2,2,0
24238,6,4,15,0,8,1,1,0,1,2,0
24239,11,4,11,6,10,4,1,0,2,2,0
24240,4,4,11,2,11,0,1,1,0,2,0
24241,8,4,15,2,14,0,1,1,2,2,1
24242,5,4,14,2,10,5,1,0,2,2,1
24243,12,4,15,4,8,2,1,0,1,2,0
24244,7,4,9,2,1,5,1,0,2,2,1
24245,12,4,6,6,14,1,1,0,2,2,0
24246,10,4,11,0,4,1,1,1,2,2,0
24247,4,4,11,2,14,0,1,1,0,2,1
24248,6,4,15,0,12,4,1,0,2,2,0
24249,8,4,9,0,4,3,1,1,2,2,0
24250,8,4,11,2,3,0,1,1,2,2,1
24251,7,4,11,2,3,0,1,1,3,2,1
24252,8,4,11,2,3,0,1,1,2,2,0
24253,9,5,4,4,3,3,1,1,2,2,1
24254,12,4,7,2,1,5,1,0,2,2,0
24255,10,7,14,0,10,1,1,0,2,2,1
24256,9,1,11,2,1,0,1,1,2,2,0
24257,4,4,15,4,1,1,0,0,2,2,0
24258,5,4,11,4,12,1,1,1,2,2,0
24259,5,2,11,4,8,3,1,0,2,2,0
24260,9,4,6,0,8,1,1,1,3,4,0
24261,6,6,11,4,5,3,1,1,2,2,0
24262,4,4,7,4,7,1,1,1,2,2,0
24263,5,5,9,2,12,0,1,1,2,2,1
24264,6,4,15,2,13,0,1,1,2,2,0
24265,3,4,14,4,4,2,1,0,1,2,0
24266,3,6,11,4,12,4,1,0,2,2,0
24267,10,7,11,4,8,1,1,1,2,2,0
24268,7,4,6,4,12,1,0,0,2,2,0
24269,4,5,9,4,4,1,1,0,1,2,0
24270,4,4,15,4,12,3,1,1,2,2,0
24271,10,4,11,2,7,0,1,1,2,2,0
24272,6,4,15,2,12,0,1,1,2,2,0
24273,5,4,9,4,10,3,1,0,2,2,0
24274,4,6,7,4,7,1,1,1,1,2,0
24275,14,4,15,1,8,4,1,0,1,2,0
24276,7,4,15,0,12,1,1,0,2,2,0
24277,10,4,9,2,12,0,1,1,2,2,1
24278,3,5,15,4,4,1,1,1,1,2,0
24279,4,4,10,4,10,1,1,1,1,2,0
24280,6,4,15,2,1,5,1,0,2,2,0
24281,6,4,1,2,3,0,1,1,2,2,0
24282,9,0,11,2,0,0,1,1,2,2,0
24283,4,4,7,4,1,1,1,0,1,2,0
24284,9,4,9,2,12,0,1,1,2,2,1
24285,4,4,9,2,6,0,1,1,1,2,0
24286,8,6,11,2,5,0,1,1,2,2,0
24287,8,4,9,2,10,0,1,1,2,2,1
24288,10,1,11,2,6,0,0,1,2,2,0
24289,10,4,9,4,6,1,1,1,1,2,0
24290,6,4,8,2,3,0,1,1,2,2,1
24291,7,7,11,2,11,0,0,1,2,2,0
24292,11,4,14,2,10,0,1,1,3,2,1
24293,5,4,6,4,9,3,1,0,2,2,0
24294,8,4,5,2,8,0,1,1,2,2,0
24295,5,4,7,4,7,1,1,0,2,2,0
24296,9,4,11,4,1,4,1,0,2,2,0
24297,7,7,11,4,4,1,1,1,2,2,0
24298,4,4,15,4,12,1,1,0,2,2,0
24299,7,4,11,2,3,0,1,1,2,2,0
24300,6,4,15,4,12,3,1,1,1,2,0
24301,8,2,11,2,11,0,1,1,3,2,0
24302,9,4,11,2,6,0,0,1,2,2,1
24303,9,4,15,2,3,0,1,1,2,2,1
24304,3,4,5,4,8,1,1,0,1,2,0
24305,5,4,8,4,4,4,1,0,2,2,0
24306,8,4,0,2,6,0,1,1,2,2,1
24307,8,4,15,0,10,4,1,0,1,2,0
24308,6,4,9,0,6,4,1,1,2,2,0
24309,7,4,9,2,1,0,1,1,2,2,0
24310,11,2,12,0,10,2,1,0,2,2,0
24311,13,4,15,2,4,0,1,1,2,2,1
24312,11,4,9,6,10,1,1,1,2,2,1
24313,3,7,0,4,1,4,1,0,2,2,0
24314,11,4,11,2,7,5,1,0,2,2,1
24315,4,4,9,4,12,1,0,0,2,2,0
24316,8,0,15,2,0,5,1,0,1,2,0
24317,8,4,15,0,1,3,1,0,2,2,0
24318,5,2,9,4,1,1,1,0,2,2,0
24319,8,2,10,2,11,0,1,1,2,2,1
24320,5,0,2,2,0,0,1,1,1,2,0
24321,4,4,12,4,4,1,1,0,1,2,0
24322,5,4,11,4,7,3,1,0,2,2,0
24323,7,4,11,4,3,1,1,1,2,2,0
24324,6,4,15,2,12,0,1,1,2,2,1
24325,14,4,9,2,10,0,1,1,1,2,1
24326,4,4,11,4,11,2,1,1,1,2,0
24327,7,4,1,0,8,1,1,0,2,2,1
24328,3,0,8,4,0,3,1,0,0,2,0
24329,8,4,11,2,12,5,1,0,2,2,1
24330,6,4,8,2,4,0,1,1,2,2,1
24331,12,0,13,2,0,0,1,1,1,2,1
24332,7,2,9,4,8,3,1,0,2,2,0
24333,6,4,12,0,4,4,1,1,2,2,0
24334,9,4,15,6,4,1,1,0,2,2,1
24335,4,6,15,4,3,3,1,1,2,2,0
24336,9,4,11,2,12,0,1,1,2,2,0
24337,10,4,12,2,10,0,1,1,2,2,0
24338,12,4,11,2,5,0,1,1,4,2,1
24339,8,4,11,2,3,0,1,1,2,2,1
24340,4,4,11,4,3,1,1,1,1,2,0
24341,8,1,9,5,14,1,1,1,2,2,0
24342,11,4,8,6,13,1,1,1,2,2,0
24343,7,2,15,2,1,0,1,1,2,2,1
24344,9,4,9,2,12,0,0,1,2,2,0
24345,12,4,15,0,6,1,1,1,2,2,0
24346,16,4,11,2,5,0,1,1,1,2,1
24347,18,4,0,2,14,0,0,1,1,2,1
24348,11,0,11,2,0,0,1,1,1,2,1
24349,6,6,9,2,10,0,1,1,2,2,0
24350,4,4,11,4,12,1,1,1,0,1,0
24351,9,4,7,4,14,3,1,1,2,2,0
24352,8,4,12,0,10,4,1,1,2,2,0
24353,4,4,6,2,8,0,0,1,1,2,1
24354,7,4,5,2,8,0,1,1,2,2,1
24355,8,6,11,2,3,0,1,1,2,2,1
24356,7,4,8,2,1,0,1,1,2,2,0
24357,10,6,15,2,5,0,1,1,2,2,0
24358,8,4,11,4,11,3,0,1,2,2,0
24359,15,4,7,6,1,1,0,0,2,2,0
24360,7,4,9,2,1,0,1,1,3,2,0
24361,9,4,11,0,7,1,1,0,2,2,0
24362,8,4,12,4,12,1,1,0,2,2,0
24363,6,4,15,2,4,0,1,1,2,2,0
24364,10,4,8,2,9,0,1,1,2,2,0
24365,8,4,1,2,8,0,0,1,2,2,0
24366,6,4,15,4,6,1,1,1,2,2,0
24367,10,0,0,2,0,0,1,1,3,2,1
24368,9,4,0,2,13,0,0,1,3,0,1
24369,8,6,9,0,12,4,1,1,2,2,0
24370,8,4,15,5,12,4,1,0,2,2,0
24371,7,2,11,2,14,0,1,1,2,2,1
24372,9,4,9,2,4,0,1,1,0,2,1
24373,4,6,15,4,12,3,1,0,2,2,0
24374,8,4,5,2,9,0,1,1,2,2,1
24375,8,4,9,2,10,0,1,1,2,2,0
24376,5,1,9,5,4,1,1,0,2,2,1
24377,4,4,9,4,8,1,1,0,1,2,0
24378,6,4,10,0,1,4,1,0,2,2,0
24379,5,4,11,4,7,1,1,1,2,2,0
24380,5,4,11,4,12,1,1,1,2,4,0
24381,5,6,15,4,10,1,1,1,2,2,0
24382,3,4,11,4,1,1,1,1,0,2,1
24383,4,4,15,2,1,0,1,1,2,2,1
24384,6,1,11,3,1,4,1,0,2,2,0
24385,4,7,11,4,10,1,1,0,2,2,0
24386,4,4,12,2,10,0,1,1,2,2,1
24387,4,0,15,4,0,3,1,1,0,2,0
24388,8,4,8,3,8,1,1,0,2,2,0
24389,5,4,15,4,5,1,1,1,2,2,0
24390,12,4,11,0,7,4,1,0,0,2,0
24391,6,6,11,4,12,1,1,1,2,2,0
24392,9,4,15,2,1,5,1,0,2,2,0
24393,8,4,9,4,10,1,1,1,2,2,0
24394,13,4,15,4,8,2,1,0,2,2,0
24395,11,4,9,5,1,1,0,1,2,4,0
24396,6,7,12,4,8,1,1,0,2,2,0
24397,10,6,15,2,3,0,1,1,1,2,1
24398,7,4,11,0,1,1,1,1,2,2,0
24399,5,2,9,4,8,4,0,0,2,2,1
24400,6,0,15,2,0,0,1,1,2,2,0
24401,7,4,0,0,7,1,1,1,2,2,0
24402,5,6,9,2,4,0,1,1,2,2,0
24403,6,4,11,5,3,1,1,1,2,2,0
24404,8,4,11,2,3,0,1,1,2,2,1
24405,6,0,11,4,0,3,0,1,2,2,0
24406,6,3,0,4,5,3,1,1,2,2,0
24407,7,6,9,4,10,3,1,1,1,2,0
24408,4,4,11,0,8,4,1,0,1,2,0
24409,4,4,9,2,6,0,1,1,2,2,0
24410,12,4,11,2,3,0,1,1,2,2,1
24411,11,1,8,2,1,5,1,0,2,4,1
24412,4,4,1,4,8,3,1,0,2,2,0
24413,4,2,11,4,1,1,1,1,0,2,1
24414,14,4,9,5,12,4,1,1,0,2,0
24415,3,4,7,4,3,3,1,1,0,2,0
24416,7,4,15,2,3,0,1,1,2,2,0
24417,9,4,9,0,12,2,1,1,3,2,0
24418,11,6,15,2,10,0,1,1,1,2,0
24419,8,1,15,2,13,5,0,0,2,2,1
24420,6,5,9,2,4,0,1,1,1,2,0
24421,14,4,9,1,10,3,1,1,2,2,0
24422,6,2,9,4,14,1,1,1,2,2,0
24423,6,4,15,2,8,0,1,1,2,2,0
24424,9,4,11,4,6,3,1,1,2,2,0
24425,9,6,11,2,3,0,1,1,1,2,0
24426,12,4,15,0,1,1,1,0,2,2,0
24427,7,7,11,0,10,4,1,0,1,2,0
24428,8,7,11,0,1,1,1,0,2,2,0
24429,11,0,6,6,0,1,0,0,0,2,0
24430,10,4,12,2,4,0,1,1,2,2,0
24431,8,4,9,2,4,5,1,0,2,2,0
24432,10,4,6,2,14,0,1,1,3,1,0
24433,6,4,1,4,14,3,1,0,2,1,0
24434,8,5,9,2,4,0,1,1,2,2,0
24435,9,4,15,2,14,0,1,1,2,2,0
24436,8,2,9,2,4,0,0,1,2,2,0
24437,6,4,8,2,3,0,1,1,2,2,0
24438,10,4,1,2,3,0,1,1,2,2,1
24439,8,4,12,6,12,4,1,0,2,2,0
24440,3,4,11,4,14,1,1,0,0,2,0
24441,8,4,11,2,6,0,1,1,3,2,0
24442,7,4,9,0,12,4,1,0,2,2,0
24443,7,4,15,4,8,1,0,0,2,2,0
24444,6,4,9,3,4,1,1,0,4,2,1
24445,7,4,8,2,1,0,1,1,4,2,1
24446,5,4,15,0,3,4,1,1,2,2,0
24447,4,4,11,4,3,3,1,1,1,2,0
24448,5,4,12,2,6,0,1,1,2,2,0
24449,6,4,11,0,3,3,1,1,1,2,0
24450,6,4,11,2,14,0,1,1,2,2,0
24451,8,4,11,6,7,1,0,0,2,2,0
24452,4,5,12,4,8,3,1,0,2,2,0
24453,6,0,11,2,0,0,1,1,2,2,0
24454,4,7,15,4,1,3,0,1,1,2,0
24455,9,4,15,2,1,0,1,1,2,2,0
24456,12,4,0,2,8,0,1,1,1,2,0
24457,3,4,0,2,8,5,0,0,1,2,0
24458,11,4,11,2,3,0,1,1,2,2,1
24459,8,4,14,0,10,4,1,0,2,2,0
24460,8,4,11,2,12,0,1,1,1,2,0
24461,6,4,15,2,8,0,0,1,2,2,1
24462,8,4,7,2,1,5,1,0,2,2,0
24463,10,4,9,2,10,0,1,1,1,2,1
24464,7,4,9,2,4,0,0,1,2,0,0
24465,8,4,11,2,12,0,0,1,2,2,0
24466,9,4,15,2,5,0,1,1,1,2,1
24467,9,4,11,0,3,1,0,1,2,2,0
24468,6,4,11,2,1,0,0,1,2,2,0
24469,3,4,11,4,4,3,1,1,2,1,0
24470,5,4,5,2,6,0,1,1,2,2,1
24471,4,4,10,4,10,1,1,0,2,2,0
24472,7,4,15,2,3,0,1,1,2,2,1
24473,11,4,15,0,7,4,1,0,2,2,0
24474,12,4,15,2,8,0,1,1,1,2,0
24475,3,0,11,4,0,3,1,1,0,2,0
24476,4,4,9,4,12,3,1,1,1,2,0
24477,8,4,9,2,12,0,1,1,2,2,1
24478,9,4,15,2,1,0,0,1,2,2,1
24479,7,4,11,2,3,0,1,1,2,2,0
24480,6,5,9,2,4,0,1,1,2,2,0
24481,11,7,15,2,10,0,1,1,2,2,0
24482,5,2,0,2,3,0,1,1,2,2,0
24483,6,4,9,4,4,1,1,1,3,2,0
24484,6,7,11,2,1,0,0,1,4,2,1
24485,10,6,11,2,3,0,1,1,2,2,0
24486,4,7,15,4,11,3,0,0,2,4,0
24487,9,2,15,2,3,0,0,1,2,2,0
24488,11,4,9,5,7,2,1,0,2,2,0
24489,5,4,8,0,7,1,1,1,2,2,0
24490,9,4,11,2,14,0,1,1,2,2,0
24491,6,4,9,2,4,0,1,1,2,2,1
24492,3,4,11,4,4,1,1,0,1,2,0
24493,5,4,15,4,12,1,1,0,2,2,0
24494,4,1,9,4,1,4,1,0,2,4,0
24495,4,4,2,4,6,1,1,1,2,2,0
24496,9,5,15,2,12,3,1,0,2,4,0
24497,9,4,11,2,12,5,1,0,2,2,0
24498,7,2,14,2,10,0,1,1,1,2,1
24499,10,4,15,2,1,0,0,1,2,2,0
24500,7,5,12,0,4,1,1,1,2,2,0
24501,10,5,12,2,4,0,1,1,2,2,0
24502,8,4,11,4,1,3,1,0,2,2,0
24503,8,5,12,2,4,0,1,1,2,2,0
24504,6,4,9,2,8,0,1,1,2,4,0
24505,3,2,15,4,11,3,1,1,1,2,0
24506,7,7,14,2,10,0,0,1,2,2,1
24507,6,6,11,2,3,0,1,1,2,2,1
24508,7,4,11,2,8,5,0,0,2,2,1
24509,8,6,9,2,4,0,1,1,3,2,0
24510,11,4,11,2,8,0,1,1,2,2,1
24511,11,4,11,6,1,4,0,0,2,0,1
24512,11,6,11,2,10,0,1,1,1,2,1
24513,8,4,7,0,3,4,1,1,1,2,0
24514,7,2,1,4,8,1,1,1,2,2,1
24515,5,4,4,4,6,1,1,0,1,2,0
24516,4,0,7,0,0,3,1,0,1,2,0
24517,6,4,15,2,8,0,1,1,2,2,1
24518,4,4,15,4,10,3,1,0,2,2,0
24519,4,5,9,4,4,3,1,1,1,2,0
24520,3,4,15,4,8,3,1,0,1,2,0
24521,8,1,15,0,1,1,1,0,2,2,0
24522,11,4,9,0,7,1,1,0,2,2,0
24523,13,7,7,2,8,0,1,1,2,2,0
24524,4,4,11,0,5,1,1,1,2,2,1
24525,4,2,12,4,10,2,1,0,2,2,0
24526,8,4,11,2,3,0,1,1,2,2,1
24527,8,6,10,2,4,0,1,1,2,2,1
24528,5,4,1,4,14,1,1,1,2,2,0
24529,7,4,11,2,3,0,1,1,2,2,0
24530,10,2,11,0,3,1,1,1,2,2,0
24531,10,4,5,2,8,5,1,0,2,2,0
24532,8,4,11,2,1,0,1,1,2,2,1
24533,11,4,6,5,7,4,1,1,2,2,0
24534,3,2,11,4,11,3,1,1,4,2,0
24535,6,1,8,2,13,0,1,1,2,2,0
24536,5,0,15,2,0,0,0,1,2,2,0
24537,9,4,9,2,13,0,1,1,2,2,1
24538,4,0,9,4,0,3,1,0,2,2,0
24539,4,5,9,4,10,1,1,0,2,2,0
24540,7,4,8,2,12,0,1,1,2,2,0
24541,5,4,7,4,12,4,1,0,2,4,0
24542,11,4,11,2,12,0,1,1,2,2,0
24543,10,4,15,0,1,1,1,0,2,2,0
24544,9,4,11,2,14,0,1,1,2,2,0
24545,5,4,9,0,6,4,1,0,1,2,0
24546,11,4,15,0,8,1,0,0,2,2,0
24547,9,4,11,2,3,0,1,1,2,2,0
24548,9,4,11,4,14,3,0,1,1,2,0
24549,6,6,5,2,5,0,1,1,2,2,0
24550,7,4,1,2,3,0,1,1,2,2,1
24551,4,4,9,4,12,3,1,1,2,2,0
24552,7,4,9,4,13,3,1,0,2,2,0
24553,6,4,15,2,4,0,1,1,2,2,1
24554,8,4,9,2,12,0,0,1,2,2,0
24555,13,1,9,6,10,1,1,1,2,2,0
24556,7,4,15,4,3,3,1,1,1,2,0
24557,10,4,0,0,1,4,1,0,2,2,0
24558,4,4,2,3,8,5,1,0,0,2,1
24559,6,4,0,4,7,1,1,0,2,2,0
24560,6,4,11,3,8,1,1,0,3,2,0
24561,4,4,6,4,8,3,1,1,1,2,0
24562,10,6,11,2,3,0,1,1,2,2,1
24563,5,4,11,4,12,1,1,0,2,2,0
24564,15,4,11,0,6,1,1,1,0,2,0
24565,9,6,8,2,3,0,1,1,2,2,0
24566,9,2,12,2,10,5,1,0,2,2,0
24567,3,4,11,4,8,3,1,1,2,2,0
24568,6,4,15,2,3,2,1,1,3,2,0
24569,9,4,11,0,8,1,1,0,2,2,0
24570,8,4,15,2,1,0,1,1,1,2,0
24571,4,4,15,4,12,1,1,1,2,2,0
24572,10,4,2,2,3,0,1,1,2,2,1
24573,8,4,9,2,10,0,1,1,2,2,1
24574,12,4,11,0,7,4,1,0,1,2,0
24575,6,4,11,2,4,0,1,1,2,2,0
24576,4,0,9,4,0,3,1,1,2,2,0
24577,4,4,15,0,4,3,0,0,2,2,0
24578,4,4,11,3,7,4,1,1,2,2,0
24579,11,4,9,0,10,0,1,1,2,2,0
24580,8,4,9,0,4,1,1,1,2,2,0
24581,4,4,9,4,12,3,1,0,2,2,0
24582,5,4,11,2,11,0,1,1,2,2,0
24583,7,4,11,2,1,0,0,1,1,2,0
24584,5,7,9,3,10,1,1,0,2,2,0
24585,4,4,11,4,8,1,1,0,2,2,0
24586,7,4,15,2,3,0,1,1,3,2,0
24587,4,4,15,4,1,1,1,0,0,2,0
24588,4,6,15,4,12,1,1,1,2,2,0
24589,7,1,8,0,1,4,1,0,2,2,0
24590,4,4,11,4,8,3,0,1,1,0,0
24591,5,4,11,4,8,3,1,1,2,2,0
24592,7,4,2,2,9,5,1,0,2,2,1
24593,13,0,2,2,0,0,1,1,2,2,0
24594,6,4,9,2,13,0,1,1,2,2,0
24595,8,7,11,4,1,3,1,0,1,2,0
24596,4,4,11,2,3,0,1,1,1,2,0
24597,10,4,5,2,9,5,1,0,2,2,1
24598,8,0,15,2,0,0,1,1,3,2,0
24599,14,7,2,2,11,0,1,1,1,2,0
24600,4,4,11,4,6,1,1,1,0,2,0
24601,8,4,0,0,6,4,1,0,2,2,0
24602,11,4,15,2,14,0,1,1,1,2,0
24603,9,7,9,2,10,0,0,1,3,2,0
24604,6,4,8,0,7,4,1,0,2,2,0
24605,5,4,14,2,10,0,1,1,2,2,0
24606,6,4,8,4,10,1,0,0,3,2,0
24607,5,6,14,4,10,3,1,0,2,2,0
24608,12,2,11,2,3,0,0,1,4,2,0
24609,10,4,11,2,12,0,1,1,2,2,0
24610,4,4,15,4,12,1,1,0,2,2,0
24611,7,4,15,2,3,2,1,1,2,2,0
24612,12,4,0,6,6,4,0,0,2,0,0
24613,12,4,11,2,4,5,1,0,0,2,1
24614,7,4,15,0,1,4,1,0,1,2,0
24615,8,4,2,2,3,0,1,1,1,2,0
24616,6,2,9,2,10,0,1,1,2,2,0
24617,5,4,9,2,12,0,1,1,2,2,1
24618,6,4,9,2,4,0,1,1,2,2,0
24619,4,4,11,4,8,3,1,0,1,4,0
24620,6,5,11,5,12,1,1,0,3,2,0
24621,8,4,15,0,12,1,0,1,2,2,0
24622,5,6,11,4,7,3,1,1,1,2,0
24623,9,4,11,2,8,0,1,1,2,2,0
24624,7,2,9,2,10,5,1,0,2,2,1
24625,9,1,8,4,1,3,0,1,3,2,0
24626,7,6,9,2,4,0,1,1,2,2,0
24627,7,6,15,2,8,0,1,1,2,2,1
24628,7,5,12,0,4,4,1,0,2,2,0
24629,9,4,11,2,4,0,1,1,3,2,1
24630,6,7,9,2,4,0,0,1,2,2,1
24631,5,5,9,0,4,4,1,0,3,2,0
24632,4,7,15,4,4,3,1,1,2,2,0
24633,6,4,15,2,12,0,1,1,2,2,0
24634,7,4,9,0,12,1,1,0,2,2,0
24635,12,6,11,6,7,4,1,0,2,2,0
24636,9,4,11,2,14,0,1,1,2,2,0
24637,6,4,11,2,14,0,1,1,2,2,0
24638,7,4,15,2,12,0,1,1,2,2,0
24639,9,0,15,2,0,0,1,1,2,2,0
24640,6,4,9,0,12,1,1,1,2,2,0
24641,3,4,15,4,12,1,1,1,1,2,0
24642,7,4,14,2,4,0,1,1,2,2,1
24643,3,4,9,4,4,3,1,1,4,2,0
24644,3,4,15,4,10,1,1,1,3,2,0
24645,14,4,15,6,13,4,1,0,0,2,0
24646,8,4,15,2,3,0,1,1,2,2,0
24647,7,4,7,2,8,0,1,1,2,2,0
24648,8,4,10,2,4,0,1,1,2,2,0
24649,7,4,15,2,7,0,1,1,1,4,0
24650,9,4,11,2,1,0,1,1,3,2,1
24651,3,4,11,4,14,3,0,1,3,2,0
24652,6,6,7,2,4,0,0,1,4,2,1
24653,8,4,11,0,3,1,1,1,2,2,0
24654,10,4,11,2,1,5,0,0,2,0,1
24655,9,6,12,2,8,0,1,1,2,2,1
24656,8,4,15,4,8,4,1,0,1,2,0
24657,4,4,14,4,10,3,1,1,2,2,0
24658,8,4,15,2,12,5,0,0,2,2,1
24659,12,6,11,2,10,0,1,1,2,2,0
24660,4,6,11,4,3,1,1,1,0,2,0
24661,11,4,14,2,10,0,1,1,2,2,0
24662,7,5,9,0,4,1,1,0,2,2,0
24663,3,0,9,4,0,3,1,0,0,2,0
24664,7,4,8,2,13,0,0,1,2,2,1
24665,4,2,15,4,10,3,1,0,0,2,0
24666,6,4,15,4,6,3,1,1,2,2,0
24667,6,4,12,4,12,4,1,0,2,2,0
24668,9,4,8,2,5,0,1,1,2,2,1
24669,7,4,15,0,13,1,1,1,2,2,0
24670,3,5,15,4,4,3,1,0,2,2,0
24671,10,4,6,2,7,0,1,1,3,2,0
24672,10,0,11,2,0,0,1,1,2,2,1
24673,10,4,11,2,12,0,1,1,2,2,0
24674,4,4,11,4,8,3,0,1,0,0,0
24675,7,4,8,0,6,4,1,1,2,2,0
24676,9,4,7,2,7,0,0,1,1,2,0
24677,8,4,9,0,12,1,1,1,2,2,0
24678,4,5,12,5,4,1,1,0,2,2,0
24679,9,4,15,0,10,1,0,0,3,2,0
24680,4,6,9,4,12,3,1,1,2,2,0
24681,8,4,12,2,12,5,1,0,2,2,1
24682,10,4,11,2,14,0,0,1,2,0,1
24683,7,4,15,5,3,4,1,1,1,2,0
24684,7,4,9,2,4,0,1,1,2,2,1
24685,8,1,7,2,1,0,1,1,1,2,1
24686,5,4,11,4,4,3,0,0,1,2,0
24687,6,4,15,2,8,0,0,1,2,2,1
24688,6,4,15,2,12,0,1,1,2,2,0
24689,6,4,11,0,8,4,1,1,2,2,0
24690,5,7,12,4,10,1,1,1,2,2,0
24691,3,4,9,4,10,3,1,0,2,2,0
24692,8,4,11,2,7,0,1,1,1,2,0
24693,5,4,15,4,7,3,1,0,1,2,0
24694,13,4,9,2,10,5,1,0,2,2,0
24695,7,2,11,2,11,0,1,1,2,2,0
24696,7,4,8,2,1,0,1,1,2,2,1
24697,9,4,9,0,12,4,1,1,2,2,0
24698,5,4,15,4,12,1,1,0,2,2,0
24699,3,4,9,4,4,1,1,1,3,2,1
24700,13,4,9,2,12,0,1,1,1,2,0
24701,5,4,15,2,6,0,1,1,2,2,1
24702,5,4,15,4,8,3,1,0,1,2,0
24703,3,6,9,4,4,3,1,0,0,2,0
24704,9,7,15,2,10,0,1,1,2,2,0
24705,10,4,12,0,10,4,1,0,2,2,0
24706,8,4,11,2,12,0,1,1,2,2,0
24707,5,4,11,4,4,3,1,0,2,2,0
24708,10,4,9,2,7,0,1,1,2,4,0
24709,7,4,11,5,1,4,1,0,2,2,0
24710,3,4,11,4,1,3,1,1,1,2,0
24711,10,4,11,2,8,0,1,1,2,2,0
24712,5,4,9,2,10,0,1,1,2,2,1
24713,9,5,11,2,4,0,1,1,2,2,1
24714,10,4,15,2,10,5,1,0,3,2,1
24715,4,6,9,4,4,1,1,1,2,2,0
24716,13,4,15,2,11,0,1,1,0,2,1
24717,8,1,15,2,10,0,1,1,3,3,0
24718,7,4,15,4,7,3,1,1,2,2,0
24719,8,7,13,2,2,0,0,1,2,2,0
24720,3,4,11,4,12,3,1,0,0,2,0
24721,3,4,15,4,7,1,1,0,3,2,0
24722,3,2,8,4,1,3,1,0,0,2,0
24723,11,4,11,4,8,2,1,1,2,2,0
24724,6,4,15,4,12,3,1,0,3,2,0
24725,10,7,14,2,4,0,1,1,2,2,1
24726,6,0,11,2,0,0,1,1,0,2,0
24727,11,4,15,2,4,0,1,1,2,2,1
24728,12,4,5,2,6,0,1,1,2,2,1
24729,5,2,12,4,10,1,1,0,2,2,0
24730,11,4,11,2,12,0,0,1,2,2,0
24731,7,4,8,2,3,0,1,1,2,2,1
24732,6,4,11,4,7,2,1,1,1,2,0
24733,3,4,9,4,4,1,0,1,1,2,0
24734,7,4,11,2,12,0,0,1,2,2,0
24735,6,4,11,4,7,1,1,1,2,2,0
24736,5,4,9,5,4,4,1,0,1,2,0
24737,7,4,4,2,6,0,1,1,2,2,0
24738,8,1,11,2,1,5,1,0,2,2,0
24739,6,4,11,5,1,4,0,0,2,2,0
24740,9,6,7,2,12,0,1,1,2,2,0
24741,8,4,15,0,1,4,1,0,2,2,0
24742,6,6,8,2,1,5,1,0,3,2,0
24743,8,4,15,4,12,3,0,0,2,2,0
24744,8,4,7,0,12,1,1,1,2,2,0
24745,6,4,9,2,4,0,1,1,1,2,1
24746,5,2,11,4,8,3,1,0,2,2,0
24747,6,4,15,2,3,0,1,1,2,4,1
24748,9,4,1,4,8,3,1,0,2,2,0
24749,7,5,12,2,4,0,1,1,2,2,0
24750,4,4,15,4,1,3,1,0,1,2,0
24751,11,4,15,2,6,3,1,0,1,2,0
24752,5,0,7,4,0,1,1,1,2,2,0
24753,7,4,15,2,6,0,1,1,2,2,1
24754,10,6,8,2,5,0,1,1,1,2,0
24755,4,6,15,4,4,3,1,1,1,2,0
24756,11,2,9,2,10,5,1,0,3,2,0
24757,4,4,7,4,10,4,1,0,0,2,0
24758,10,4,11,2,10,0,1,1,0,2,0
24759,5,7,9,0,1,4,1,0,2,2,0
24760,3,4,9,4,10,1,1,0,3,2,0
24761,3,4,15,4,7,3,1,0,1,2,0
24762,6,4,11,2,3,0,1,1,3,2,1
24763,9,7,15,2,4,0,1,1,2,2,1
24764,4,4,15,4,12,1,0,1,1,0,0
24765,10,4,11,2,8,0,1,1,2,4,0
24766,4,4,11,4,6,1,1,1,2,2,0
24767,10,4,15,5,4,1,1,1,2,2,0
24768,5,4,15,2,5,0,1,1,1,2,1
24769,8,4,11,0,14,1,1,1,2,2,0
24770,7,4,15,4,1,3,1,0,1,2,0
24771,8,4,15,4,12,1,1,0,2,2,0
24772,5,4,15,2,10,0,0,1,2,0,1
24773,5,4,15,4,12,3,0,1,2,2,0
24774,5,6,15,4,3,1,1,1,0,2,0
24775,5,4,11,4,8,3,1,1,2,2,0
24776,4,4,11,2,3,0,1,1,1,2,0
24777,18,6,0,0,8,1,1,0,1,2,0
24778,6,4,9,0,12,1,1,0,2,2,0
24779,5,4,15,2,8,5,1,0,2,2,1
24780,6,1,15,4,1,1,1,0,2,2,0
24781,6,2,12,2,10,0,1,1,2,2,1
24782,7,2,15,4,10,4,1,1,2,2,0
24783,11,4,3,3,7,1,0,1,2,2,0
24784,8,4,9,2,4,0,0,1,2,2,0
24785,7,4,11,0,13,1,1,0,2,2,1
24786,4,4,15,4,12,1,1,1,2,2,0
24787,8,4,11,2,4,0,1,1,1,2,1
24788,4,4,11,4,3,3,1,1,1,2,0
24789,7,4,11,0,3,1,1,1,2,2,0
24790,13,4,11,2,3,0,1,1,0,2,0
24791,13,0,15,2,0,0,1,1,2,2,0
24792,8,1,8,2,10,5,1,0,1,2,1
24793,4,4,11,4,1,1,1,1,2,2,0
24794,7,4,15,0,12,1,0,0,2,0,0
24795,9,4,11,2,3,0,1,1,2,2,0
24796,15,4,11,2,1,0,1,1,0,2,1
24797,13,4,12,2,10,0,1,1,2,2,0
24798,6,4,11,2,12,0,1,1,2,2,1
24799,9,1,9,2,10,0,1,1,2,2,0
24800,8,4,15,2,12,0,1,1,2,2,0
24801,8,4,11,5,12,3,1,1,1,2,0
24802,5,4,9,4,4,3,1,1,2,2,0
24803,10,4,9,2,4,0,1,1,2,2,0
24804,8,4,15,3,4,4,1,1,2,2,0
24805,4,6,9,0,1,4,1,0,0,2,0
24806,5,4,9,4,10,3,1,1,2,2,0
24807,6,0,11,2,0,0,0,1,2,2,0
24808,8,4,15,0,12,1,0,1,2,2,0
24809,11,4,11,2,8,0,1,1,1,2,1
24810,12,6,5,2,3,0,1,1,2,1,1
24811,11,4,11,0,3,3,1,1,2,2,0
24812,13,4,11,2,3,0,1,1,1,2,0
24813,4,1,9,2,13,0,1,1,1,2,0
24814,5,4,1,4,7,1,1,1,2,2,0
24815,7,6,11,0,4,4,1,0,2,2,0
24816,4,4,6,4,7,3,1,1,1,2,0
24817,14,7,7,2,10,0,1,1,1,2,0
24818,4,0,0,4,0,3,1,1,2,2,0
24819,7,6,7,2,4,0,1,1,2,2,1
24820,4,4,11,4,12,1,1,0,2,2,0
24821,11,4,15,2,6,0,1,1,2,2,1
24822,4,4,1,2,3,0,1,1,1,2,1
24823,6,4,15,3,1,1,1,0,2,2,0
24824,5,2,15,2,4,0,1,1,2,2,0
24825,9,4,15,5,4,4,1,0,2,2,0
24826,5,4,11,0,1,1,0,1,3,0,0
24827,3,4,15,4,12,3,1,1,2,2,0
24828,10,4,11,0,4,1,1,1,2,2,0
24829,3,4,15,4,8,1,1,1,4,2,0
24830,6,6,9,2,10,5,1,0,2,2,0
24831,4,4,11,4,3,1,1,1,0,2,0
24832,15,7,11,4,1,4,1,1,3,2,0
24833,3,4,9,2,12,0,1,1,1,2,1
24834,7,7,15,2,10,0,1,1,2,3,0
24835,6,4,15,3,1,1,1,0,2,2,0
24836,8,4,15,0,4,4,1,0,1,2,0
24837,7,4,15,5,8,4,1,1,3,2,0
24838,6,4,7,4,12,3,1,1,2,2,0
24839,6,4,15,2,4,0,0,1,2,2,0
24840,4,4,11,4,12,1,1,1,1,2,1
24841,5,4,11,4,8,3,1,0,2,2,0
24842,5,0,1,4,0,3,1,1,1,2,0
24843,4,4,15,2,10,0,1,1,0,2,0
24844,8,4,0,0,1,1,1,0,2,2,0
24845,5,5,15,2,3,0,1,1,2,2,0
24846,5,6,11,4,1,4,1,0,2,2,0
24847,10,4,4,2,3,0,1,1,2,1,1
24848,5,4,11,4,1,3,0,0,2,2,0
24849,7,4,15,5,12,1,1,0,2,2,1
24850,11,7,1,2,2,0,0,1,1,4,0
24851,5,4,11,4,4,1,1,1,2,2,0
24852,4,5,11,4,5,1,1,1,1,2,0
24853,8,4,15,2,4,0,1,1,3,2,0
24854,9,4,1,2,12,1,1,1,1,2,0
24855,8,4,8,0,4,1,1,1,2,2,0
24856,7,4,6,0,8,1,1,0,2,2,0
24857,4,4,11,4,12,1,0,1,1,2,1
24858,10,4,11,0,7,1,0,1,2,2,0
24859,4,1,12,4,10,3,1,1,2,2,0
24860,4,0,11,4,0,3,1,1,1,2,1
24861,4,6,15,4,10,1,1,0,1,2,0
24862,6,4,15,2,13,0,1,1,2,4,0
24863,9,4,11,2,1,5,1,0,1,2,0
24864,3,4,9,4,12,1,1,0,0,2,1
24865,7,4,5,2,8,0,1,1,2,2,1
24866,8,4,11,2,8,0,1,1,2,2,0
24867,6,4,15,2,4,0,1,1,2,2,1
24868,12,4,11,2,4,0,1,1,2,2,1
24869,5,4,11,4,1,1,1,0,2,2,0
24870,4,4,11,4,1,1,1,0,2,2,0
24871,6,4,11,2,6,0,0,1,2,2,1
24872,5,4,11,3,8,2,1,0,2,2,0
24873,6,4,11,5,3,1,1,1,2,2,0
24874,5,4,11,4,12,1,1,0,2,2,0
24875,10,4,15,2,10,0,1,1,2,2,0
24876,9,4,9,4,10,3,1,1,2,2,0
24877,6,4,15,0,14,1,1,1,2,2,0
24878,3,4,1,4,3,3,1,1,0,2,0
24879,7,6,11,4,8,3,0,0,2,2,0
24880,9,4,11,2,14,0,0,1,2,2,0
24881,6,0,11,4,0,3,1,1,1,2,0
24882,8,4,9,2,13,0,0,1,2,2,0
24883,7,1,11,4,3,1,1,1,2,2,0
24884,3,4,6,4,14,1,1,1,0,2,0
24885,9,4,9,2,12,0,1,1,2,2,1
24886,12,4,15,6,1,4,1,0,2,2,0
24887,10,4,1,2,3,0,1,1,2,2,0
24888,5,4,15,2,4,0,1,1,2,2,1
24889,3,4,15,4,4,1,1,0,1,2,1
24890,10,4,1,2,8,0,1,1,2,2,1
24891,13,4,15,6,10,4,0,1,2,2,0
24892,7,2,9,2,1,5,1,0,2,2,0
24893,9,6,11,2,7,5,1,0,2,2,1
24894,5,6,9,4,12,4,1,0,2,2,0
24895,7,4,9,4,13,1,0,0,2,2,0
24896,10,4,15,0,6,1,1,0,2,2,0
24897,9,2,12,2,10,0,1,1,2,2,0
24898,6,4,9,4,4,3,1,0,3,2,0
24899,5,4,1,4,7,1,1,0,2,2,0
24900,5,4,11,4,11,3,1,1,2,2,0
24901,6,4,11,4,8,2,1,0,2,2,0
24902,6,4,9,5,12,4,1,0,1,2,0
24903,4,4,15,4,13,1,1,0,1,2,0
24904,6,4,11,0,7,1,0,1,2,0,0
24905,8,4,0,0,13,1,1,0,2,2,0
24906,5,4,11,2,7,5,0,0,2,2,0
24907,11,4,11,2,12,0,1,1,2,2,0
24908,6,4,11,2,1,0,1,1,2,2,1
24909,7,4,9,2,4,0,1,1,2,2,0
24910,9,4,9,2,4,0,1,1,3,2,1
24911,6,4,11,4,14,3,1,1,1,2,0
24912,3,4,9,4,12,1,1,0,3,2,0
24913,8,7,10,2,10,0,1,1,3,2,0
24914,9,4,7,2,7,0,1,1,2,2,0
24915,7,4,1,2,3,0,1,1,2,2,1
24916,8,4,15,0,13,1,0,0,3,4,0
24917,5,4,11,2,1,0,1,1,1,2,1
24918,9,4,9,2,10,0,1,1,2,2,1
24919,9,6,15,2,10,5,1,0,2,2,0
24920,5,4,11,2,6,0,1,1,2,2,0
24921,6,4,15,5,3,1,1,1,2,2,0
24922,14,4,9,1,13,3,1,0,1,2,0
24923,7,4,11,0,8,4,1,0,2,2,0
24924,5,6,11,2,4,0,1,1,2,2,1
24925,11,4,11,4,7,4,1,1,2,2,0
24926,4,4,9,2,12,0,1,1,2,2,0
24927,3,4,11,4,3,1,1,0,3,2,0
24928,5,4,15,4,10,4,1,0,3,2,0
24929,8,2,7,2,8,0,1,1,2,2,0
24930,8,0,11,2,0,0,1,1,2,2,0
24931,4,2,7,4,10,3,1,0,1,2,1
24932,5,5,7,4,10,3,1,1,2,2,0
24933,4,4,15,4,5,1,1,1,2,1,0
24934,11,4,15,2,4,0,1,1,2,2,0
24935,5,4,11,4,8,1,1,1,3,2,0
24936,11,4,15,0,4,1,1,1,2,2,0
24937,6,4,15,2,6,0,1,1,2,2,1
24938,5,4,9,4,4,1,1,0,2,2,0
24939,7,4,7,2,12,0,1,1,3,2,0
24940,8,4,15,5,11,1,1,1,2,2,0
24941,4,4,15,4,1,3,1,0,1,2,0
24942,9,4,1,2,12,0,1,1,3,2,1
24943,5,4,15,4,10,3,1,0,2,2,0
24944,4,4,12,4,10,1,1,1,1,2,0
24945,6,4,11,2,7,0,1,1,3,2,0
24946,11,4,8,0,13,1,1,0,4,2,0
24947,6,4,15,4,4,1,1,1,2,2,1
24948,6,4,15,0,1,1,1,0,2,2,0
24949,9,4,7,0,1,4,0,0,2,2,1
24950,6,4,11,4,4,1,1,1,2,2,0
24951,8,4,15,0,12,1,1,1,0,2,0
24952,7,6,9,2,10,0,1,1,2,2,1
24953,7,4,11,2,3,0,1,1,1,2,0
24954,14,4,15,2,6,0,1,1,3,2,1
24955,12,4,12,0,6,3,0,1,2,2,0
24956,10,4,15,2,4,0,1,1,2,2,0
24957,3,1,9,4,1,4,0,0,4,1,0
24958,11,4,7,0,1,4,1,0,2,2,0
24959,9,6,8,2,12,0,1,1,1,2,0
24960,8,1,15,0,1,3,1,0,3,2,0
24961,7,4,15,4,1,1,1,1,2,2,1
24962,10,4,11,0,1,1,1,0,1,2,0
24963,6,4,11,4,12,3,1,0,2,2,0
24964,4,4,6,4,12,3,1,1,0,2,0
24965,6,4,15,2,3,0,1,1,4,2,0
24966,3,4,11,4,6,3,0,1,4,0,0
24967,7,4,9,4,10,3,1,1,1,2,0
24968,6,4,11,2,8,0,1,1,0,2,0
24969,3,4,9,4,4,1,1,1,4,1,0
24970,7,2,11,2,10,0,1,1,1,2,0
24971,5,4,11,2,3,0,1,1,2,2,0
24972,4,4,11,4,8,3,1,1,0,2,0
24973,5,4,15,4,4,1,1,1,2,2,0
24974,9,4,9,4,1,4,1,0,2,2,0
24975,3,4,11,4,8,1,1,0,1,2,0
24976,3,4,9,2,4,0,1,1,2,2,1
24977,5,1,11,4,1,4,1,0,1,2,0
24978,6,4,11,4,3,1,1,1,2,2,0
24979,12,4,11,3,12,1,1,0,4,2,0
24980,7,4,0,2,3,0,1,1,2,2,0
24981,7,4,11,2,3,0,1,1,2,2,1
24982,10,4,11,2,7,0,1,1,2,2,0
24983,7,6,15,2,5,0,1,1,2,1,1
24984,4,6,9,4,8,1,1,0,2,2,0
24985,6,4,9,2,4,0,1,1,3,2,0
24986,7,4,2,4,9,1,0,1,1,0,1
24987,7,4,9,2,8,0,1,1,2,2,1
24988,6,5,9,0,12,4,0,0,2,2,0
24989,5,4,11,4,5,4,1,1,2,2,0
24990,8,0,2,0,0,4,1,0,2,2,0
24991,7,4,15,2,7,3,1,0,1,2,0
24992,6,4,0,4,14,3,1,1,2,2,0
24993,8,4,11,0,6,4,1,1,2,2,0
24994,13,4,6,2,14,0,1,1,2,2,1
24995,8,6,15,2,1,5,1,0,2,2,0
24996,4,2,1,0,3,4,0,1,1,2,0
24997,17,4,8,2,1,0,1,1,1,2,0
24998,6,5,11,5,12,4,1,0,3,2,0
24999,8,0,11,4,0,1,0,1,2,2,0
25000,6,4,12,0,4,3,1,1,2,2,0
25001,9,2,9,2,4,0,1,1,2,2,0
25002,9,2,2,5,11,4,1,1,2,2,0
25003,5,4,11,2,13,0,1,1,1,2,0
25004,8,4,8,6,1,1,1,0,2,2,0
25005,3,6,11,4,1,3,1,0,0,2,0
25006,11,6,11,2,5,0,1,1,2,2,0
25007,7,4,11,2,12,0,1,1,2,2,0
25008,12,4,9,2,4,0,1,1,2,2,1
25009,4,4,15,4,7,4,1,0,2,2,0
25010,6,4,1,4,3,1,1,1,2,1,0
25011,7,4,15,0,1,1,1,1,2,2,0
25012,7,4,15,2,3,0,1,1,2,2,1
25013,8,4,15,2,4,0,1,1,2,2,1
25014,7,4,9,4,4,1,1,0,2,2,0
25015,6,1,8,4,13,1,1,1,2,2,0
25016,7,4,11,0,8,4,1,0,1,2,0
25017,5,4,11,2,8,5,1,0,2,2,1
25018,9,4,11,0,14,1,1,1,2,2,0
25019,5,5,15,4,4,3,1,1,2,2,0
25020,6,4,12,0,12,1,1,1,1,2,0
25021,5,4,9,6,1,1,1,0,2,2,0
25022,9,4,11,2,6,0,0,1,2,3,1
25023,6,4,15,5,1,4,1,0,2,2,0
25024,6,4,9,5,10,1,1,0,2,2,0
25025,6,4,9,5,10,4,1,0,1,2,0
25026,4,4,15,2,6,0,1,1,3,2,0
25027,8,4,9,0,4,1,1,0,2,2,0
25028,14,4,9,2,4,0,1,1,2,2,1
25029,7,2,9,2,10,5,1,0,2,2,0
25030,5,5,11,2,12,0,1,1,2,2,1
25031,6,7,9,4,10,3,1,0,2,2,0
25032,5,4,11,2,6,0,1,1,2,2,0
25033,9,4,11,4,1,1,1,0,2,2,0
25034,8,4,12,2,4,0,1,1,2,2,0
25035,3,4,0,4,1,3,1,0,2,2,0
25036,9,4,12,2,4,0,1,1,3,2,0
25037,3,4,11,4,7,1,1,0,1,2,0
25038,7,6,9,2,4,0,1,1,2,2,1
25039,9,4,8,0,4,1,1,0,2,2,0
25040,10,4,9,0,7,1,0,1,2,2,0
25041,4,4,12,4,10,1,1,1,2,2,0
25042,4,4,15,4,8,3,0,0,2,2,0
25043,3,4,11,4,3,3,1,1,0,2,0
25044,7,6,9,2,10,0,0,1,2,2,0
25045,15,4,10,0,10,4,0,0,2,2,0
25046,6,2,10,2,4,0,1,1,2,2,1
25047,10,4,1,2,7,0,0,1,2,2,0
25048,10,4,11,2,8,0,1,1,2,2,0
25049,10,4,8,2,10,5,1,0,2,2,1
25050,10,2,11,0,8,1,0,0,2,2,1
25051,3,4,15,4,3,3,1,1,1,2,0
25052,5,4,11,4,7,1,1,1,2,4,0
25053,4,6,15,4,5,3,1,1,1,2,0
25054,4,5,8,4,4,4,1,1,2,2,0
25055,8,0,11,0,0,0,1,1,2,2,0
25056,6,6,15,0,8,1,1,1,1,2,0
25057,3,4,9,0,1,4,0,0,1,2,0
25058,10,4,15,4,1,1,1,0,2,2,0
25059,4,4,11,4,6,3,1,1,0,2,0
25060,5,4,12,4,4,1,1,1,2,2,0
25061,9,4,11,4,4,3,1,0,2,2,0
25062,6,4,9,2,1,0,0,1,2,2,1
25063,6,4,11,0,14,1,1,0,1,2,0
25064,4,4,9,4,1,1,1,1,0,2,1
25065,6,4,15,2,7,3,0,1,2,2,0
25066,10,6,9,2,10,0,0,1,1,2,1
25067,3,0,15,4,0,3,1,0,0,2,0
25068,8,6,9,2,12,5,1,0,2,2,1
25069,7,4,15,2,6,0,1,1,3,2,0
25070,11,2,11,0,11,1,1,1,2,2,1
25071,4,5,15,4,4,1,0,0,2,0,0
25072,9,4,11,0,1,4,1,0,2,2,0
25073,9,4,11,0,7,1,1,0,2,2,0
25074,9,2,15,2,11,0,1,1,2,2,1
25075,9,4,15,4,12,1,1,1,2,2,0
25076,6,2,9,2,3,0,1,1,2,2,0
25077,6,4,7,2,3,0,1,1,2,2,0
25078,8,0,11,2,0,0,1,1,3,2,1
25079,6,4,11,2,8,0,1,1,2,2,0
25080,8,7,9,2,10,0,0,1,2,2,0
25081,4,4,11,4,7,1,1,0,2,2,0
25082,7,4,11,2,7,5,0,0,2,2,0
25083,6,4,1,2,6,0,1,1,4,2,1
25084,6,4,15,4,13,1,1,0,2,2,0
25085,10,4,15,2,8,0,1,1,2,2,0
25086,9,2,0,2,8,0,0,1,2,2,1
25087,3,4,15,2,12,0,1,1,1,2,0
25088,7,7,15,4,8,3,1,0,2,2,0
25089,8,1,7,0,1,1,1,1,2,2,0
25090,3,4,11,4,6,3,1,1,1,2,0
25091,4,2,9,4,13,3,1,1,2,2,0
25092,6,4,9,4,12,3,1,0,2,2,0
25093,5,7,12,4,10,1,1,0,2,2,0
25094,7,0,4,2,6,0,1,1,2,2,0
25095,7,5,12,5,10,4,1,0,2,2,0
25096,4,4,9,4,10,2,1,1,2,0,0
25097,4,2,11,4,11,3,0,1,2,2,0
25098,7,4,15,2,14,0,1,1,2,2,0
25099,8,4,9,2,14,0,1,1,2,2,1
25100,8,4,11,2,8,0,1,1,1,2,0
25101,8,4,12,2,10,0,1,1,2,2,1
25102,6,4,9,4,10,1,1,0,2,2,0
25103,9,4,11,2,8,0,1,1,2,2,1
25104,15,4,15,6,12,4,1,0,3,2,0
25105,13,4,11,4,3,1,1,1,2,2,0
25106,12,4,11,2,1,0,1,1,2,2,0
25107,7,7,9,4,10,1,0,0,2,2,1
25108,6,4,11,2,7,5,1,0,2,2,0
25109,7,4,14,2,10,0,1,1,2,2,1
25110,7,2,15,2,1,5,1,0,3,2,1
25111,9,4,15,2,3,0,0,1,1,2,0
25112,5,6,1,4,5,3,1,1,1,2,0
25113,9,4,11,6,8,1,1,1,2,2,0
25114,5,4,11,4,1,3,1,0,1,2,0
25115,5,4,9,0,12,1,1,1,2,2,0
25116,8,4,9,0,12,1,1,0,3,2,0
25117,6,6,11,2,14,0,0,1,3,2,0
25118,9,4,6,4,7,1,1,1,2,1,0
25119,9,4,11,2,11,0,1,1,1,2,1
25120,7,2,9,2,11,0,1,1,2,2,1
25121,13,4,2,4,6,1,1,0,2,2,0
25122,7,4,7,2,10,0,1,1,2,2,0
25123,9,6,11,2,8,5,1,0,3,2,1
25124,7,4,15,0,1,1,1,0,2,2,0
25125,12,1,15,3,1,4,1,0,2,4,0
25126,9,4,11,2,3,0,1,1,2,2,1
25127,4,4,15,4,3,1,1,1,1,2,0
25128,3,4,15,4,8,1,1,1,1,2,0
25129,6,4,11,0,6,1,1,1,4,2,0
25130,8,4,2,2,9,0,1,1,2,2,0
25131,6,4,15,2,6,0,1,1,2,2,1
25132,14,4,9,1,10,3,1,1,3,2,0
25133,12,4,9,2,7,0,1,1,1,2,0
25134,5,4,8,4,1,1,1,0,2,2,0
25135,12,1,9,4,1,1,1,0,2,2,0
25136,5,0,15,4,0,1,0,0,2,2,0
25137,11,4,11,6,3,1,1,1,2,2,0
25138,11,4,15,2,4,0,1,1,2,1,0
25139,6,4,11,0,7,1,1,0,2,0,0
25140,4,4,11,3,10,1,1,1,2,2,0
25141,8,4,14,2,4,0,0,1,2,2,1
25142,8,6,15,2,8,5,0,0,3,2,0
25143,8,4,8,0,3,1,1,1,2,2,0
25144,10,4,2,2,6,0,1,1,3,2,1
25145,8,4,9,2,4,0,1,1,1,2,0
25146,4,4,7,4,12,3,1,0,0,2,1
25147,13,4,11,2,7,0,1,1,0,2,0
25148,6,5,15,2,5,0,1,1,2,2,0
25149,8,6,9,2,4,0,1,1,2,2,0
25150,6,4,4,4,8,1,1,1,2,2,0
25151,8,4,1,0,7,4,1,0,1,2,0
25152,5,5,11,2,10,5,1,0,2,1,0
25153,8,4,15,2,12,0,1,1,1,2,0
25154,10,4,15,4,1,3,1,0,2,2,0
25155,4,4,8,6,6,1,1,1,2,2,0
25156,10,4,12,2,4,0,1,1,2,2,0
25157,3,4,8,4,13,3,1,1,2,2,0
25158,5,4,11,4,7,4,1,0,2,2,0
25159,6,0,2,2,3,0,1,1,2,2,0
25160,9,4,1,2,12,0,1,1,1,2,1
25161,6,4,11,5,1,4,1,0,2,2,0
25162,9,4,11,2,1,0,1,1,2,2,0
25163,11,4,8,2,10,0,1,1,2,2,1
25164,8,6,5,2,5,0,1,1,2,2,1
25165,4,4,11,4,4,1,1,1,2,2,0
25166,8,4,11,0,8,1,1,0,1,2,0
25167,5,4,4,4,1,4,1,0,2,2,0
25168,11,4,9,2,1,0,0,1,2,2,0
25169,6,4,11,5,12,2,1,1,2,2,1
25170,4,1,9,4,4,3,1,0,2,2,0
25171,4,4,12,4,10,1,1,0,2,2,0
25172,6,7,10,4,10,3,1,1,2,2,0
25173,11,7,15,2,1,0,1,1,1,1,1
25174,8,4,9,4,10,4,1,1,2,2,0
25175,4,4,9,4,1,1,0,0,2,2,0
25176,6,6,15,2,3,0,1,1,2,2,0
25177,4,2,15,4,10,3,1,0,2,2,0
25178,4,4,11,4,8,1,1,1,2,2,1
25179,5,4,9,5,10,4,1,0,2,2,0
25180,6,4,11,2,1,0,1,1,3,2,0
25181,8,4,15,0,6,1,1,1,2,2,0
25182,8,4,8,0,4,1,1,0,2,2,0
25183,9,2,11,2,8,0,1,1,2,2,1
25184,12,4,15,2,4,0,1,1,1,2,1
25185,11,4,15,2,3,0,1,1,2,2,0
25186,8,4,11,2,3,0,1,1,2,2,1
25187,10,2,12,2,4,0,1,1,2,2,1
25188,6,4,15,2,8,0,1,1,2,2,1
25189,8,4,14,4,10,3,1,1,2,1,0
25190,13,4,10,2,10,0,0,1,2,2,1
25191,7,7,1,0,11,1,1,1,2,2,0
25192,7,4,9,2,4,0,1,1,2,2,0
25193,6,4,9,2,12,0,1,1,2,2,0
25194,7,4,0,0,3,1,0,1,2,0,1
25195,6,4,15,0,8,4,0,0,3,2,0
25196,9,4,8,4,1,1,1,0,2,2,0
25197,6,4,0,2,3,0,1,1,2,2,0
25198,10,4,0,2,14,0,1,1,1,2,1
25199,4,4,11,4,4,3,1,1,3,2,0
25200,11,4,11,2,1,0,1,1,2,2,1
25201,9,4,15,2,7,0,1,1,3,2,1
25202,11,4,14,0,10,1,1,1,3,1,1
25203,12,4,15,6,3,1,1,1,1,2,0
25204,5,6,1,4,8,3,1,0,2,2,0
25205,4,4,9,2,14,0,1,1,2,2,1
25206,12,5,11,6,3,1,1,1,2,2,0
25207,5,4,15,4,11,1,1,1,2,2,0
25208,16,4,11,4,12,4,1,0,1,2,0
25209,6,6,11,0,12,1,1,0,1,2,0
25210,8,4,11,2,3,0,1,1,2,2,1
25211,12,7,15,2,1,5,1,0,2,2,1
25212,6,6,11,4,5,3,1,1,3,2,0
25213,10,7,12,2,1,0,1,1,2,2,0
25214,5,4,12,4,4,1,1,1,2,2,0
25215,6,4,11,3,7,5,1,0,2,2,1
25216,10,4,11,4,3,3,1,1,2,2,0
25217,12,6,15,2,12,0,1,1,2,2,1
25218,7,4,7,0,1,4,1,1,2,2,0
25219,14,1,9,3,10,4,1,0,1,2,0
25220,12,6,11,6,5,1,1,1,1,2,0
25221,8,6,11,2,14,0,1,1,3,2,0
25222,4,4,9,4,4,1,1,1,2,2,0
25223,5,7,9,4,10,3,1,0,1,2,0
25224,4,0,11,4,0,1,1,1,1,2,0
25225,7,4,15,0,4,1,1,0,2,2,0
25226,5,2,1,2,3,0,1,1,2,2,0
25227,10,4,9,2,10,0,1,1,2,2,0
25228,11,4,15,2,5,0,1,1,2,2,0
25229,9,2,9,2,4,0,1,1,2,1,1
25230,3,4,11,4,1,2,1,0,1,2,0
25231,4,4,2,4,9,1,0,1,2,2,0
25232,9,4,9,0,4,1,1,0,2,2,0
25233,12,4,9,0,4,4,1,1,2,2,0
25234,6,4,9,0,4,4,1,0,2,1,0
25235,6,4,8,4,13,4,1,0,2,2,0
25236,5,4,7,4,3,1,1,0,2,2,0
25237,6,4,7,2,1,0,1,1,1,2,1
25238,9,4,11,0,10,1,1,0,2,2,0
25239,8,7,15,2,11,0,1,1,2,2,0
25240,7,4,9,4,12,4,1,0,2,2,0
25241,5,4,15,2,5,0,1,1,2,2,1
25242,12,4,11,6,1,1,1,0,0,0,0
25243,6,4,9,4,4,1,1,0,2,2,0
25244,5,4,8,2,7,0,1,1,2,2,1
25245,6,0,8,4,0,3,1,1,3,2,0
25246,7,4,11,2,3,0,1,1,2,2,0
25247,3,2,9,4,10,3,1,0,0,2,0
25248,14,0,0,2,0,0,1,1,1,2,0
25249,4,4,6,4,7,4,1,0,2,2,0
25250,4,0,15,4,0,3,1,0,1,4,0
25251,11,4,7,2,4,0,1,1,2,2,0
25252,9,4,1,2,3,0,1,1,2,2,1
25253,5,4,11,4,5,3,1,1,3,2,0
25254,7,4,5,2,9,0,1,1,2,2,0
25255,11,4,6,2,14,0,1,1,2,2,1
25256,11,2,11,2,14,0,1,1,1,2,1
25257,5,7,15,2,8,0,1,1,2,0,0
25258,10,4,11,2,14,0,1,1,2,2,1
25259,4,4,9,4,1,3,1,0,2,2,0
25260,5,4,8,4,4,3,1,1,2,2,0
25261,9,4,11,2,1,0,1,1,2,2,1
25262,5,2,9,4,10,2,1,1,0,2,0
25263,12,4,11,0,7,1,1,1,2,2,0
25264,6,4,11,2,14,0,0,1,2,2,0
25265,7,4,9,4,4,1,0,0,2,2,0
25266,9,4,9,2,12,0,1,1,2,2,0
25267,5,7,11,4,1,1,0,0,2,2,0
25268,4,4,1,4,8,1,1,0,2,2,0
25269,8,4,9,0,10,4,1,0,2,2,0
25270,7,4,11,2,12,5,1,0,2,2,1
25271,4,4,11,4,7,3,1,0,2,2,0
25272,11,4,11,2,3,0,1,1,2,2,0
25273,7,4,11,2,5,0,1,1,2,2,1
25274,12,4,15,2,3,0,1,1,2,2,1
25275,3,4,9,2,10,0,1,1,1,2,0
25276,6,0,8,4,0,3,1,1,2,2,0
25277,6,6,11,4,3,2,1,1,2,2,0
25278,8,2,12,2,10,0,1,1,2,2,0
25279,3,4,1,4,3,1,1,1,1,2,0
25280,13,6,11,0,7,1,1,1,1,2,0
25281,13,4,6,2,14,0,0,1,0,0,1
25282,4,4,11,4,14,1,1,1,2,2,0
25283,8,4,8,5,12,2,1,1,2,2,0
25284,10,0,15,0,0,1,1,1,2,2,0
25285,9,7,12,2,10,0,1,1,2,2,0
25286,3,0,11,4,0,3,1,0,1,2,0
25287,8,4,11,2,12,0,1,1,2,2,0
25288,7,4,15,0,13,1,1,1,2,4,0
25289,5,4,11,4,3,3,1,1,1,2,0
25290,4,6,1,4,12,1,0,0,2,2,0
25291,5,4,11,2,1,5,1,0,2,2,0
25292,5,4,11,2,3,0,0,1,3,2,0
25293,7,4,7,2,12,0,1,1,2,2,0
25294,10,4,9,2,10,0,1,1,1,2,1
25295,6,0,15,4,0,2,1,0,2,2,0
25296,7,4,11,4,1,3,0,0,2,2,0
25297,7,4,11,4,7,3,1,1,2,2,0
25298,5,2,11,2,14,0,1,1,2,2,1
25299,7,4,15,2,3,0,1,1,2,2,1
25300,3,4,15,4,1,1,1,0,1,2,0
25301,4,4,11,4,14,3,0,1,1,2,0
25302,5,4,9,4,10,1,1,1,2,2,0
25303,8,4,15,0,7,4,1,0,2,2,0
25304,8,5,15,0,13,1,1,0,2,2,0
25305,10,4,11,2,1,0,0,1,2,2,1
25306,6,4,15,2,13,5,1,0,2,2,1
25307,10,4,11,2,14,0,1,1,1,2,1
25308,10,1,11,2,1,0,0,1,2,2,0
25309,7,5,12,4,12,1,1,0,2,2,0
25310,6,4,11,4,13,1,1,1,2,2,0
25311,6,6,11,2,8,5,1,0,2,2,1
25312,10,4,11,2,1,5,0,0,3,2,0
25313,8,4,15,0,14,4,1,0,2,2,0
25314,7,7,10,2,10,0,1,1,2,2,1
25315,5,4,15,2,1,0,1,1,1,2,0
25316,4,6,11,4,4,3,1,1,1,2,0
25317,7,4,7,2,4,0,1,1,3,2,0
25318,10,4,11,2,12,0,1,1,2,2,1
25319,11,4,9,2,12,0,1,1,2,2,1
25320,10,1,0,4,1,1,1,0,1,1,0
25321,13,4,1,2,7,0,1,1,0,2,1
25322,9,4,1,2,8,0,1,1,2,2,1
25323,10,4,9,4,12,3,1,0,2,2,0
25324,7,5,1,2,12,0,1,1,1,2,0
25325,7,0,15,4,0,3,0,0,3,2,0
25326,12,6,11,2,8,5,1,0,2,2,0
25327,9,4,9,2,10,0,1,1,2,2,0
25328,4,7,9,4,4,2,1,1,1,2,0
25329,9,4,15,2,3,0,1,1,1,2,0
25330,8,4,11,2,4,0,1,1,2,2,1
25331,5,4,5,2,8,0,1,1,2,2,1
25332,7,4,11,5,7,1,0,1,2,4,0
25333,9,4,11,2,14,0,1,1,2,2,0
25334,5,4,9,4,10,1,1,1,2,2,0
25335,11,4,9,6,12,4,1,0,2,2,0
25336,12,0,5,2,0,0,1,1,0,2,0
25337,11,4,8,2,3,0,1,1,2,2,0
25338,8,4,9,4,10,1,1,1,2,2,0
25339,3,4,6,4,3,3,1,1,3,2,0
25340,9,6,11,2,3,0,1,1,2,2,0
25341,10,5,11,0,10,1,1,1,2,2,0
25342,9,4,11,4,3,2,1,1,2,2,0
25343,4,4,9,2,10,0,1,1,0,2,0
25344,11,6,9,0,4,1,1,1,2,2,0
25345,10,2,15,2,4,0,1,1,2,2,0
25346,8,4,11,2,7,0,1,1,2,2,1
25347,5,4,15,4,6,1,1,1,2,2,0
25348,5,2,9,4,10,1,1,0,2,2,0
25349,3,4,9,4,12,3,1,0,1,2,0
25350,8,0,8,2,6,0,1,1,2,2,1
25351,8,4,0,2,6,0,1,1,2,2,1
25352,8,4,11,2,3,0,1,1,2,2,1
25353,8,4,5,2,14,0,0,1,2,2,1
25354,13,4,15,6,7,4,1,0,1,2,0
25355,5,4,1,4,3,3,1,1,2,2,0
25356,4,0,7,4,0,1,1,0,2,2,1
25357,12,4,6,2,7,0,1,1,2,2,1
25358,5,4,9,5,4,1,1,1,1,2,0
25359,8,4,9,2,10,0,1,1,2,2,0
25360,4,7,15,4,1,1,1,1,2,2,0
25361,8,2,15,4,1,3,0,0,2,0,0
25362,7,4,9,2,12,0,1,1,2,2,0
25363,6,4,9,2,4,3,0,1,3,2,0
25364,6,1,11,2,1,5,1,0,2,2,1
25365,7,7,11,4,1,3,1,1,1,2,0
25366,7,2,9,2,10,0,1,1,2,2,1
25367,6,4,2,4,6,3,0,1,2,2,0
25368,11,6,9,3,4,3,1,0,2,2,0
25369,10,4,15,0,1,3,1,1,2,2,0
25370,9,6,15,2,4,0,0,1,2,2,0
25371,5,4,9,2,12,0,1,1,2,2,0
25372,4,4,9,4,12,2,0,1,2,2,0
25373,6,0,15,5,0,1,1,1,2,2,0
25374,7,4,11,2,1,5,1,0,2,2,1
25375,10,4,11,2,14,0,1,1,2,2,0
25376,14,4,9,5,12,4,1,0,0,2,0
25377,8,4,12,0,1,1,1,0,3,2,0
25378,7,4,11,4,3,3,1,0,2,2,0
25379,8,4,11,2,3,0,1,1,1,2,1
25380,8,4,9,0,10,4,1,0,2,2,0
25381,5,4,6,6,7,1,1,1,2,2,0
25382,11,4,11,0,6,4,1,1,2,2,0
25383,11,4,11,4,4,2,1,0,1,2,0
25384,8,1,9,2,4,0,1,1,2,2,1
25385,3,4,5,4,3,3,1,1,0,2,0
25386,5,4,11,4,3,1,1,1,1,2,0
25387,6,4,0,2,14,0,1,1,2,2,0
25388,5,4,15,4,12,3,1,1,2,2,0
25389,14,0,0,2,0,0,1,1,1,2,1
25390,5,4,7,4,10,1,1,1,1,2,0
25391,3,0,15,4,0,3,1,0,1,2,0
25392,5,4,11,0,5,4,1,1,2,2,0
25393,8,5,11,2,13,0,1,1,2,2,0
25394,7,4,15,0,1,4,1,0,1,2,0
25395,14,6,6,0,3,1,1,1,1,2,0
25396,5,4,9,0,10,1,1,0,1,2,0
25397,6,4,14,4,10,3,1,0,2,2,0
25398,10,2,9,2,14,0,1,1,2,2,1
25399,5,4,8,2,7,0,1,1,1,2,0
25400,9,6,15,2,12,0,1,1,2,2,1
25401,5,4,15,4,12,3,1,1,1,2,0
25402,6,4,6,4,14,3,1,0,2,1,0
25403,10,2,15,2,11,0,1,1,1,2,0
25404,6,4,7,4,1,1,1,1,1,2,0
25405,9,4,11,2,6,0,1,1,3,2,1
25406,4,6,11,4,14,3,1,1,2,2,0
25407,5,0,15,2,0,0,1,1,2,2,0
25408,6,7,15,0,1,1,1,0,1,2,0
25409,11,4,11,2,3,0,1,1,2,2,1
25410,5,4,7,5,14,1,1,0,2,2,0
25411,4,4,9,4,12,1,1,0,2,2,0
25412,6,4,14,4,4,3,1,1,2,2,0
25413,6,4,15,2,8,0,1,1,3,2,1
25414,9,5,1,4,14,3,1,1,2,2,0
25415,3,4,10,4,12,3,1,1,3,2,0
25416,5,6,11,6,12,1,1,1,2,2,0
25417,9,4,9,0,12,4,1,0,2,2,1
25418,8,4,15,2,7,0,0,1,2,2,1
25419,11,4,11,2,4,0,1,1,1,2,0
25420,5,4,8,0,7,1,1,0,2,2,0
25421,6,4,12,0,4,4,1,1,2,2,0
25422,12,4,7,6,3,4,1,1,2,2,0
25423,7,4,11,2,3,0,1,1,2,2,0
25424,4,4,8,4,12,3,1,0,1,2,0
25425,10,0,11,0,0,1,1,0,2,2,0
25426,11,5,9,6,13,1,1,1,2,2,0
25427,13,4,6,0,8,4,1,0,1,2,0
25428,5,4,11,4,1,1,0,1,1,2,0
25429,5,4,8,0,12,4,1,0,2,2,0
25430,4,0,11,4,0,3,1,0,2,2,0
25431,11,2,15,5,11,2,1,1,2,2,0
25432,9,4,1,4,3,1,1,1,2,2,0
25433,11,2,9,2,10,0,0,1,2,2,0
25434,11,4,12,6,10,1,1,1,2,2,0
25435,4,4,9,4,10,2,1,1,2,1,0
25436,3,4,9,4,1,4,1,0,1,2,0
25437,11,4,9,2,1,5,1,0,2,2,0
25438,10,5,5,2,3,0,0,1,2,0,0
25439,6,4,11,4,12,3,0,0,2,2,0
25440,7,7,12,0,10,4,1,0,2,2,1
25441,5,4,8,4,1,1,0,0,2,2,0
25442,5,6,1,4,5,3,1,1,2,2,0
25443,11,4,15,0,5,4,1,1,2,2,0
25444,7,4,11,0,14,4,1,1,2,2,0
25445,5,4,11,4,3,1,1,1,2,2,0
25446,3,4,14,4,10,3,1,1,1,2,0
25447,6,6,9,2,1,0,1,1,2,2,0
25448,4,4,11,4,12,1,1,1,2,2,0
25449,4,4,11,2,3,0,1,1,0,2,1
25450,11,4,15,0,1,1,1,0,0,2,0
25451,11,6,11,5,12,1,1,1,0,2,0
25452,10,5,2,2,11,0,0,1,2,0,0
25453,9,4,11,2,14,0,1,1,3,2,0
25454,6,4,11,2,14,0,1,1,1,2,1
25455,4,4,9,4,10,3,1,0,1,2,0
25456,11,4,11,6,1,4,0,0,2,2,0
25457,5,4,11,2,3,0,1,1,2,2,0
25458,6,4,9,2,12,0,0,1,2,1,0
25459,7,0,11,2,0,0,1,1,2,2,0
25460,9,4,1,2,7,0,1,1,2,2,0
25461,4,4,9,4,1,4,1,0,2,2,0
25462,11,4,10,2,10,0,1,1,1,2,0
25463,4,2,11,4,10,4,1,1,1,2,0
25464,4,4,15,4,1,1,1,0,2,2,0
25465,15,2,11,0,11,2,0,1,0,2,1
25466,3,4,15,4,1,1,1,0,1,2,0
25467,12,6,9,2,4,0,1,1,1,2,1
25468,10,4,9,0,12,1,1,0,2,2,0
25469,8,1,9,2,10,0,1,1,2,2,1
25470,4,2,11,4,14,1,1,1,2,2,0
25471,5,0,0,4,0,4,1,0,2,2,0
25472,9,4,9,2,1,0,1,1,2,2,1
25473,5,6,9,2,3,0,1,1,2,2,0
25474,9,4,15,2,8,0,1,1,2,2,1
25475,9,4,11,0,1,4,1,0,2,2,0
25476,7,5,9,2,4,0,1,1,2,2,0
25477,15,4,11,0,12,4,1,0,3,2,0
25478,6,4,15,2,4,0,1,1,2,2,0
25479,7,6,9,2,10,0,1,1,1,2,1
25480,10,4,11,2,3,0,1,1,2,2,0
25481,10,4,0,2,14,0,1,1,2,2,0
25482,9,4,12,2,10,0,1,1,2,2,1
25483,9,1,11,2,4,5,1,0,1,2,0
25484,5,4,9,4,4,1,1,0,3,1,0
25485,5,4,7,4,4,2,0,1,2,2,0
25486,4,4,9,4,1,1,1,1,2,2,0
25487,18,4,11,2,7,0,1,1,1,4,0
25488,8,4,1,2,12,0,1,1,1,2,0
25489,12,4,6,0,3,4,1,1,2,2,0
25490,8,4,12,2,4,0,1,1,2,2,0
25491,9,4,12,0,4,4,1,0,3,2,0
25492,7,4,2,4,6,1,1,1,2,2,0
25493,11,4,11,2,5,0,1,1,2,2,1
25494,6,4,8,2,3,0,0,1,2,2,0
25495,12,4,8,2,3,0,1,1,2,2,0
25496,9,4,11,2,7,0,1,1,2,2,0
25497,10,4,11,2,12,0,1,1,2,2,0
25498,5,4,11,4,7,3,1,1,2,2,0
25499,8,4,1,0,8,1,1,1,3,2,0
25500,14,5,8,5,4,1,1,1,1,2,0
25501,4,4,11,4,13,3,0,1,1,2,0
25502,4,0,8,4,0,1,0,1,2,2,0
25503,6,4,9,4,12,3,0,0,2,2,0
25504,7,4,9,2,4,0,1,1,2,2,1
25505,7,4,15,4,1,1,1,0,1,2,0
25506,6,7,11,2,11,0,1,1,2,2,0
25507,7,4,15,2,12,0,1,1,2,2,0
25508,8,2,9,2,10,0,1,1,2,2,0
25509,6,2,1,2,3,0,1,1,3,2,1
25510,4,6,11,4,14,3,1,1,1,2,0
25511,7,4,15,2,7,0,1,1,2,2,1
25512,10,4,15,0,1,1,1,0,2,2,1
25513,15,4,1,0,7,4,1,0,0,2,0
25514,5,2,9,2,10,0,1,1,2,2,0
25515,8,4,11,2,8,0,1,1,2,0,1
25516,5,4,9,2,12,5,1,0,2,2,0
25517,10,2,9,3,8,4,1,0,2,2,0
25518,10,4,8,2,8,0,1,1,0,2,1
25519,6,4,15,2,12,0,0,1,1,0,0
25520,8,4,11,2,5,0,1,1,2,2,0
25521,4,4,9,4,4,3,1,0,2,2,0
25522,12,4,11,2,12,0,1,1,2,2,0
25523,6,4,11,5,3,1,1,1,2,2,0
25524,10,1,11,2,3,0,1,1,3,2,0
25525,4,4,11,4,1,3,0,0,2,2,0
25526,8,6,2,2,5,0,1,1,2,2,0
25527,4,4,11,4,1,1,1,0,2,2,0
25528,6,6,9,2,4,0,1,1,3,2,1
25529,4,4,12,4,5,3,1,1,1,2,0
25530,10,4,15,2,11,0,1,1,2,4,0
25531,5,4,14,4,10,1,1,1,2,2,1
25532,6,4,15,2,1,0,1,1,2,2,1
25533,6,4,12,2,10,0,1,1,1,2,0
25534,11,4,11,2,1,5,0,0,2,2,0
25535,5,4,11,2,3,0,1,1,2,2,1
25536,13,4,14,2,10,0,1,1,2,2,1
25537,10,4,11,2,8,0,1,1,3,2,1
25538,5,1,15,2,1,0,1,1,2,2,0
25539,7,4,0,2,3,0,0,1,2,2,1
25540,10,4,11,0,1,1,1,0,2,2,0
25541,9,2,11,2,10,0,1,1,2,2,0
25542,4,4,15,3,1,2,1,1,0,2,0
25543,6,4,15,4,8,3,1,1,2,2,0
25544,5,4,11,2,4,0,1,1,2,2,1
25545,10,4,1,2,8,0,1,1,2,2,1
25546,5,4,12,2,12,0,1,1,2,2,1
25547,6,4,11,4,5,3,1,1,2,2,0
25548,9,4,11,2,3,0,0,1,2,0,0
25549,3,4,15,4,8,1,1,0,2,2,1
25550,3,4,11,4,4,1,1,0,1,2,0
25551,6,4,11,4,1,3,1,0,3,2,0
25552,13,2,4,2,3,0,1,1,0,2,0
25553,4,4,15,4,4,3,0,1,2,0,0
25554,4,4,11,4,3,3,1,1,0,2,0
25555,3,4,11,4,3,2,1,1,4,2,0
25556,8,6,11,2,7,0,1,1,3,2,0
25557,6,4,11,2,1,5,1,0,2,2,1
25558,6,4,12,4,8,3,1,0,2,2,0
25559,7,4,11,0,1,1,1,1,2,2,1
25560,9,4,15,2,12,0,1,1,2,2,1
25561,6,4,11,4,7,3,1,0,2,2,0
25562,5,4,8,3,4,1,1,0,2,2,0
25563,6,4,9,4,1,1,1,0,2,2,0
25564,7,6,4,2,3,0,1,1,2,2,0
25565,10,2,8,0,10,4,1,0,2,2,1
25566,12,7,9,0,10,1,1,0,4,2,1
25567,4,4,12,4,10,1,1,1,1,2,0
25568,10,4,15,2,12,0,1,1,3,2,0
25569,6,4,11,2,8,5,1,0,2,2,1
25570,3,4,15,4,1,3,1,1,1,2,0
25571,10,5,11,0,12,1,1,1,2,2,0
25572,4,4,9,4,12,2,1,1,1,2,0
25573,9,2,12,5,10,1,1,0,2,2,1
25574,5,4,15,6,4,1,1,1,2,2,0
25575,7,4,15,2,4,0,1,1,2,2,0
25576,6,4,15,2,13,5,1,0,1,2,1
25577,5,4,11,2,8,0,0,1,2,2,0
25578,4,4,9,4,1,3,1,0,2,2,0
25579,6,4,12,4,12,1,1,1,2,2,0
25580,8,4,15,0,8,4,1,0,2,2,0
25581,5,4,11,2,3,0,1,1,2,2,1
25582,5,4,11,4,5,1,1,1,2,2,0
25583,10,4,11,2,3,0,1,1,2,2,1
25584,5,4,11,4,3,1,1,1,2,2,0
25585,7,4,9,2,11,0,0,1,3,2,0
25586,7,4,9,2,12,0,1,1,2,2,1
25587,13,4,15,1,12,3,0,1,0,2,0
25588,5,4,15,4,1,1,1,0,2,2,0
25589,5,4,11,2,7,0,0,1,2,0,0
25590,10,4,12,2,8,0,0,1,2,0,0
25591,8,4,9,2,4,0,0,1,1,0,0
25592,8,4,7,0,10,1,1,1,2,2,0
25593,7,4,9,2,10,0,1,1,2,2,0
25594,6,4,15,0,10,2,1,0,2,2,0
25595,3,0,6,4,0,1,1,0,1,2,0
25596,7,4,11,4,7,1,1,1,2,2,0
25597,12,4,9,2,13,0,0,1,2,2,0
25598,4,4,11,4,3,1,1,1,2,2,0
25599,10,6,8,4,12,3,1,1,2,2,0
25600,8,4,15,4,10,3,1,1,2,2,0
25601,10,4,15,2,12,0,1,1,2,2,1
25602,3,4,11,4,12,1,1,1,0,2,0
25603,7,4,7,4,10,3,0,1,2,2,0
25604,9,4,15,2,8,0,1,1,2,2,1
25605,9,4,12,2,10,0,1,1,2,1,0
25606,8,4,11,0,3,1,1,1,2,2,0
25607,6,4,11,2,7,0,1,1,2,2,1
25608,8,4,11,2,3,0,1,1,1,2,1
25609,9,4,11,2,6,0,0,1,1,4,1
25610,10,6,12,2,10,0,1,1,1,2,1
25611,6,4,9,2,4,0,1,1,2,2,1
25612,5,6,9,4,12,1,0,0,2,0,0
25613,4,4,5,4,8,1,1,0,2,2,0
25614,10,4,6,2,7,5,1,0,2,2,0
25615,13,4,7,6,10,4,1,0,1,2,0
25616,7,4,1,2,7,0,1,1,2,2,1
25617,6,4,11,0,10,4,1,0,2,1,0
25618,8,4,1,2,7,0,0,1,2,2,1
25619,11,6,12,2,12,0,1,1,2,2,0
25620,12,5,11,6,4,3,1,1,2,2,0
25621,7,4,11,2,8,0,1,1,2,2,0
25622,6,2,11,0,14,1,1,1,2,2,0
25623,15,1,8,6,1,1,1,0,2,3,0
25624,15,4,8,6,4,1,1,0,0,2,0
25625,6,4,11,2,1,0,0,1,2,2,0
25626,7,4,11,2,8,0,1,1,2,2,0
25627,5,1,7,4,13,1,1,0,2,2,0
25628,10,4,9,2,3,0,0,1,2,0,1
25629,7,4,4,2,6,0,0,1,2,2,0
25630,8,4,10,0,4,1,1,0,2,2,0
25631,10,7,9,2,13,0,1,1,3,2,0
25632,3,4,12,4,4,1,1,0,0,2,0
25633,10,4,2,4,8,1,0,0,2,2,0
25634,4,4,11,4,8,1,1,0,0,2,1
25635,9,4,11,4,3,3,1,1,2,2,0
25636,9,4,11,2,12,0,0,1,2,2,1
25637,11,2,15,5,4,1,1,1,2,2,1
25638,6,6,7,2,10,0,1,1,2,2,1
25639,3,4,11,4,7,1,0,1,1,2,1
25640,7,4,14,2,10,0,1,1,3,2,0
25641,7,7,11,0,8,1,1,1,1,2,0
25642,9,4,15,2,1,5,1,0,2,2,0
25643,6,4,15,4,5,3,1,1,2,2,0
25644,3,4,11,4,3,3,1,1,1,2,0
25645,6,4,11,2,13,0,0,1,1,2,0
25646,9,6,11,0,3,1,1,1,1,2,1
25647,9,6,11,2,3,0,1,1,2,0,0
25648,9,4,15,2,1,5,1,0,2,2,0
25649,9,4,12,0,10,1,1,1,2,2,0
25650,6,4,6,2,12,5,1,0,2,2,1
25651,4,4,9,4,10,1,1,0,1,2,0
25652,12,4,11,2,6,3,0,1,1,0,0
25653,6,4,11,4,12,1,1,1,2,2,0
25654,9,4,9,2,12,0,1,1,3,2,0
25655,6,4,11,2,1,5,0,0,2,2,1
25656,11,4,11,2,11,0,1,1,2,2,0
25657,11,4,2,6,11,1,1,1,2,2,0
25658,11,4,11,2,12,0,0,1,1,2,1
25659,7,4,5,4,8,3,1,0,2,2,0
25660,4,4,15,4,13,1,1,0,1,2,0
25661,8,4,11,2,3,0,1,1,1,2,0
25662,11,4,11,2,3,0,1,1,1,2,0
25663,3,4,9,4,10,3,1,0,0,2,0
25664,10,4,15,0,4,2,1,1,2,2,0
25665,9,6,10,0,10,4,0,0,2,2,0
25666,7,4,11,2,12,0,1,1,2,2,0
25667,7,4,7,0,13,4,1,0,2,2,0
25668,6,4,1,2,8,0,1,1,1,2,1
25669,6,4,11,2,8,5,1,0,3,2,0
25670,7,1,15,2,1,0,0,1,2,2,0
25671,9,4,9,2,3,0,1,1,1,2,0
25672,11,4,11,0,3,1,1,1,2,2,0
25673,8,4,15,2,8,0,1,1,0,2,0
25674,8,2,11,2,14,0,1,1,2,2,0
25675,8,6,9,2,4,0,1,1,2,2,1
25676,6,4,6,4,9,3,1,0,2,2,0
25677,8,4,11,2,4,0,1,1,2,2,0
25678,8,0,15,6,0,4,1,1,2,2,0
25679,4,4,9,4,3,3,1,1,2,2,0
25680,8,4,11,2,12,0,1,1,3,2,0
25681,5,4,11,4,6,3,1,1,2,2,0
25682,8,4,11,5,8,1,1,0,2,2,0
25683,6,7,15,3,1,2,1,0,1,2,0
25684,6,7,7,4,1,1,1,0,2,2,0
25685,4,4,9,4,4,3,1,0,2,2,0
25686,10,0,15,2,0,0,0,1,2,2,1
25687,5,4,11,2,8,0,1,1,2,2,0
25688,8,6,9,2,4,0,1,1,2,2,0
25689,5,7,11,4,4,1,1,1,1,2,0
25690,6,4,15,4,1,1,0,0,2,2,0
25691,6,4,11,2,12,5,1,0,2,2,1
25692,6,7,11,2,1,0,1,1,2,2,0
25693,8,2,12,0,10,1,1,0,2,2,0
25694,10,7,11,4,10,1,1,0,2,2,0
25695,8,4,9,0,1,1,0,1,2,2,0
25696,6,4,9,4,7,3,1,1,1,2,0
25697,3,5,10,4,10,3,1,0,1,2,0
25698,15,4,11,0,3,1,1,1,2,2,0
25699,8,4,9,2,12,5,1,0,1,2,0
25700,4,2,15,4,1,1,0,0,1,0,0
25701,6,4,11,2,1,5,1,0,1,2,0
25702,7,4,1,2,8,0,1,1,2,2,1
25703,12,4,11,0,1,4,1,0,2,2,0
25704,4,4,11,4,1,3,0,0,1,2,0
25705,7,5,9,2,12,0,0,1,2,0,0
25706,7,4,11,4,12,1,1,1,1,2,0
25707,13,4,11,2,7,1,1,0,1,2,0
25708,7,4,4,5,1,1,0,1,2,2,0
25709,6,4,11,2,12,0,1,1,2,2,0
25710,5,4,11,4,1,3,1,1,2,2,0
25711,5,4,8,4,12,1,1,0,2,2,0
25712,9,4,15,0,7,1,0,1,2,0,0
25713,10,4,14,0,10,1,1,0,2,2,0
25714,7,4,1,2,8,5,0,0,2,2,0
25715,5,0,11,2,0,0,1,1,0,2,1
25716,7,5,11,2,3,0,1,1,1,2,0
25717,11,4,1,2,14,0,1,1,2,2,1
25718,5,4,5,2,9,0,1,1,2,2,1
25719,5,4,15,2,3,0,1,1,2,2,0
25720,9,4,1,0,5,1,1,1,2,1,0
25721,14,4,11,1,8,3,0,1,2,2,0
25722,5,4,9,4,8,4,1,0,2,2,0
25723,11,4,7,0,7,1,1,1,2,2,0
25724,9,4,11,2,3,0,1,1,2,2,1
25725,5,0,11,2,0,0,1,1,2,2,0
25726,8,4,11,2,8,5,1,0,3,2,0
25727,9,2,10,0,10,4,1,0,1,2,0
25728,8,2,9,2,10,0,1,1,3,2,1
25729,10,4,11,2,1,0,1,1,1,2,0
25730,12,4,9,2,11,0,1,1,2,2,0
25731,8,7,15,2,10,0,0,1,2,0,0
25732,4,4,15,4,10,1,1,0,1,2,0
25733,5,4,9,4,4,1,0,1,2,0,0
25734,7,4,0,2,14,0,1,1,2,2,1
25735,5,7,10,4,10,1,1,0,2,2,0
25736,3,4,7,4,4,3,1,0,4,2,0
25737,9,4,11,2,12,0,1,1,2,2,0
25738,7,4,2,2,5,0,1,1,2,2,1
25739,5,4,12,4,8,1,1,0,1,2,0
25740,4,0,11,4,0,2,1,1,2,2,0
25741,5,0,11,4,0,2,1,1,2,2,0
25742,3,4,5,4,8,3,0,1,1,2,0
25743,4,5,2,4,14,4,1,1,1,2,0
25744,4,4,15,4,3,3,1,1,2,2,0
25745,8,4,11,5,1,4,1,0,2,2,0
25746,8,4,1,2,6,0,1,1,2,2,0
25747,4,4,5,4,6,3,1,1,0,2,0
25748,3,0,11,4,0,2,1,0,1,2,0
25749,4,6,11,4,3,3,0,1,2,2,0
25750,4,2,11,5,10,2,1,0,1,2,0
25751,11,4,9,2,12,5,1,0,2,2,0
25752,9,1,15,5,1,4,1,0,2,2,0
25753,6,4,11,4,1,1,0,0,2,2,0
25754,9,4,15,2,13,0,1,1,3,2,1
25755,3,4,11,4,1,2,1,0,1,2,0
25756,15,2,11,6,4,1,0,1,3,2,1
25757,5,4,11,2,3,0,1,1,1,2,0
25758,7,4,8,4,7,4,1,1,2,2,0
25759,9,4,15,2,1,0,1,1,2,2,1
25760,9,4,11,2,3,0,1,1,2,2,0
25761,12,7,14,2,10,0,1,1,2,2,0
25762,6,4,15,2,1,0,1,1,2,2,1
25763,10,4,12,0,1,1,1,1,2,2,0
25764,10,0,11,2,0,0,1,1,2,2,1
25765,7,4,3,2,13,0,1,1,2,2,1
25766,3,4,1,4,12,3,1,1,2,2,0
25767,3,2,8,4,13,3,1,0,2,2,0
25768,6,4,15,2,7,0,1,1,3,2,0
25769,8,6,11,0,8,1,1,1,2,2,0
25770,6,4,12,2,10,0,1,1,2,2,0
25771,8,6,11,0,10,4,1,0,2,2,0
25772,12,4,9,4,12,1,1,0,2,2,0
25773,6,5,15,2,12,0,0,1,2,2,1
25774,7,4,7,2,12,0,1,1,2,2,1
25775,5,0,11,0,0,4,1,1,3,2,0
25776,6,4,1,4,7,1,1,1,2,2,0
25777,8,6,15,2,5,0,1,1,0,2,0
25778,4,4,8,0,3,4,1,1,2,2,0
25779,4,4,11,4,1,1,1,0,2,2,0
25780,5,4,11,4,5,3,1,1,2,2,0
25781,7,6,11,2,5,0,1,1,2,2,0
25782,11,4,9,4,10,1,1,0,3,2,0
25783,5,7,8,2,13,5,1,0,2,2,1
25784,6,4,11,2,8,5,0,0,2,2,0
25785,8,4,11,6,8,4,1,0,2,2,0
25786,5,4,11,4,8,3,1,0,2,2,0
25787,7,4,11,0,8,4,0,0,1,2,0
25788,4,4,15,2,12,0,1,1,0,2,1
25789,11,4,15,2,10,0,1,1,2,2,0
25790,4,4,15,4,12,1,1,0,1,2,0
25791,6,0,9,0,0,3,1,0,3,2,0
25792,9,4,15,2,4,0,1,1,2,2,0
25793,6,4,11,3,3,4,1,1,2,2,0
25794,14,2,11,5,14,4,1,0,1,2,0
25795,7,7,11,5,8,1,1,0,2,2,0
25796,11,2,9,0,11,1,1,1,1,2,0
25797,8,0,3,2,0,0,0,1,3,2,1
25798,12,6,9,2,10,0,1,1,2,2,1
25799,7,1,9,0,1,4,1,0,2,2,0
25800,14,4,11,2,1,5,1,0,1,2,0
25801,12,6,15,4,1,3,1,0,1,2,0
25802,3,4,11,4,4,1,1,1,1,2,0
25803,3,7,9,4,1,4,1,0,4,2,0
25804,10,4,1,4,3,1,1,1,2,2,0
25805,10,4,11,2,1,0,1,1,2,2,1
25806,6,4,0,4,4,1,1,1,3,2,0
25807,7,2,9,4,10,1,1,1,2,2,0
25808,8,4,11,2,3,0,1,1,2,2,0
25809,9,4,9,0,13,4,1,1,2,2,0
25810,9,4,15,0,4,1,1,1,1,2,0
25811,9,0,11,4,0,2,1,1,2,2,1
25812,5,4,4,4,3,1,1,1,2,2,0
25813,5,4,11,2,12,0,0,1,2,2,1
25814,5,4,15,4,13,1,0,1,2,2,0
25815,5,4,9,4,13,1,1,0,2,2,0
25816,8,4,15,0,1,4,1,0,2,2,0
25817,4,1,9,4,10,3,1,0,0,2,0
25818,12,4,11,0,3,3,1,0,2,2,0
25819,4,4,11,4,8,3,1,0,2,1,0
25820,6,0,15,2,0,0,1,1,2,2,1
25821,4,4,1,2,12,0,1,1,2,2,0
25822,3,6,9,4,4,3,1,1,1,2,0
25823,7,4,15,4,12,4,1,0,2,4,0
25824,7,4,9,2,12,0,1,1,2,2,1
25825,8,4,11,2,7,0,1,1,2,2,0
25826,4,4,9,4,1,4,1,0,2,2,0
25827,4,4,11,4,5,3,1,0,2,2,0
25828,3,4,15,4,6,3,1,1,4,2,0
25829,7,4,12,2,8,0,1,1,2,2,1
25830,7,4,15,5,8,2,1,0,3,2,1
25831,6,4,15,0,1,1,0,0,2,0,0
25832,7,4,9,2,4,0,1,1,2,2,0
25833,8,5,15,2,4,0,1,1,2,2,0
25834,10,4,15,2,12,5,0,0,2,0,0
25835,7,4,9,2,1,3,1,0,2,2,0
25836,9,4,9,2,12,0,0,1,2,1,0
25837,8,6,11,0,4,1,1,1,2,2,0
25838,4,5,11,4,3,1,1,1,2,1,0
25839,5,4,11,4,1,1,1,1,2,2,0
25840,12,4,15,2,1,0,1,1,1,2,0
25841,8,4,7,2,12,0,1,1,3,2,1
25842,4,4,9,4,8,1,1,0,2,2,0
25843,7,5,9,4,10,1,1,0,1,2,0
25844,8,4,11,4,8,4,1,0,2,2,0
25845,4,4,12,4,10,3,0,1,2,2,0
25846,6,4,11,4,14,1,1,1,2,2,0
25847,9,1,5,2,6,0,1,1,3,2,1
25848,7,6,11,0,8,4,1,0,2,2,0
25849,10,6,15,2,12,0,1,1,2,2,1
25850,11,4,14,2,10,0,1,1,2,2,0
25851,11,4,11,6,7,1,1,1,2,2,0
25852,8,4,11,2,6,0,1,1,2,2,0
25853,10,4,15,2,12,0,1,1,2,2,0
25854,4,1,9,4,10,3,1,0,1,2,0
25855,5,4,11,4,7,3,1,1,2,2,0
25856,7,7,15,2,11,0,1,1,2,2,0
25857,9,4,9,0,10,1,1,0,1,2,0
25858,10,7,11,5,1,4,1,0,3,2,0
25859,6,4,11,2,7,0,1,1,2,2,0
25860,9,4,15,2,7,0,1,1,2,2,1
25861,8,2,9,2,10,0,1,1,2,2,1
25862,6,4,15,0,8,1,1,0,2,2,0
25863,4,4,9,4,7,4,1,0,1,2,1
25864,6,4,9,2,13,5,0,0,2,2,0
25865,4,4,11,2,12,5,1,0,2,2,1
25866,5,4,0,4,3,3,0,1,1,2,0
25867,6,4,11,4,3,3,1,1,2,2,0
25868,12,4,12,2,4,0,1,1,1,2,0
25869,10,4,9,2,10,0,1,1,2,2,0
25870,7,4,11,4,14,1,1,1,2,2,0
25871,9,4,11,2,10,5,1,0,2,2,0
25872,7,4,9,2,12,0,1,1,2,2,1
25873,4,5,11,4,4,1,1,1,1,2,1
25874,9,4,0,0,8,4,1,0,2,2,0
25875,5,4,15,2,12,0,1,1,2,2,1
25876,7,4,15,2,7,0,1,1,2,2,1
25877,4,4,11,4,1,3,1,0,0,2,0
25878,5,4,0,2,7,0,0,1,1,2,0
25879,5,2,12,0,4,1,1,0,2,1,0
25880,13,5,9,2,11,0,0,1,0,2,1
25881,7,1,11,4,1,1,1,0,2,2,0
25882,13,6,11,2,3,0,1,1,0,2,1
25883,6,4,9,2,10,0,1,1,3,2,0
25884,12,0,15,2,0,0,1,1,2,2,1
25885,6,4,15,0,12,1,1,0,2,2,0
25886,10,4,15,4,6,3,1,1,2,2,0
25887,10,4,15,2,10,0,1,1,2,2,0
25888,9,2,8,0,10,4,1,0,1,2,0
25889,7,5,9,4,10,1,1,0,2,2,0
25890,8,4,11,2,8,0,0,1,2,0,0
25891,12,4,12,6,10,1,1,0,2,2,0
25892,6,4,12,4,4,2,1,0,3,2,0
25893,10,4,9,6,1,1,0,1,2,2,0
25894,14,4,9,2,10,0,1,1,1,2,0
25895,11,4,9,2,4,0,1,1,2,2,1
25896,6,4,12,0,1,4,1,0,2,2,0
25897,12,4,11,0,7,1,1,1,2,2,0
25898,6,4,9,4,4,1,1,1,2,2,0
25899,3,4,15,4,12,3,1,1,1,2,0
25900,14,4,5,2,3,0,1,1,1,2,1
25901,8,4,9,0,13,4,1,0,2,0,0
25902,4,4,11,4,3,3,1,1,1,2,0
25903,8,4,11,4,13,1,1,1,2,2,1
25904,4,6,9,2,10,0,1,1,1,2,0
25905,4,7,15,4,10,3,1,0,2,2,0
25906,12,4,8,2,7,0,1,1,2,2,0
25907,8,4,1,2,3,0,1,1,2,2,0
25908,7,4,2,2,3,0,1,1,2,2,1
25909,5,4,9,2,13,0,0,1,2,2,0
25910,10,4,11,2,5,0,1,1,1,2,1
25911,9,4,11,0,8,1,1,1,3,2,0
25912,11,6,9,2,4,0,1,1,2,2,1
25913,5,4,15,2,6,0,1,1,2,2,0
25914,5,4,12,4,4,4,1,0,2,2,0
25915,5,1,9,4,10,3,1,0,2,2,0
25916,4,4,2,2,12,0,1,1,1,2,0
25917,4,4,15,4,8,1,1,0,2,2,0
25918,8,4,11,4,6,3,1,1,2,2,1
25919,9,4,15,2,3,0,1,1,2,1,0
25920,10,6,11,4,12,3,1,1,2,2,0
25921,7,2,9,5,10,1,1,1,1,2,0
25922,12,6,4,2,3,0,1,1,1,2,0
25923,8,4,0,2,7,5,1,0,2,2,1
25924,9,2,9,2,10,0,1,1,2,2,1
25925,3,5,9,4,4,2,1,1,1,2,0
25926,7,4,11,2,3,0,1,1,2,2,1
25927,6,4,11,2,1,0,1,1,1,2,0
25928,4,2,9,4,10,1,1,0,1,2,0
25929,7,6,15,2,3,0,0,1,3,2,0
25930,4,4,11,4,12,3,1,1,2,2,0
25931,8,4,11,2,4,0,1,1,2,2,1
25932,4,4,15,4,8,3,1,0,1,2,0
25933,7,1,9,2,10,0,1,1,3,2,1
25934,4,4,11,2,3,0,1,1,2,2,0
25935,12,6,11,0,14,1,1,0,2,2,0
25936,3,4,11,4,7,3,1,1,1,2,0
25937,8,4,11,4,14,1,1,1,3,2,0
25938,9,4,8,0,9,4,1,0,2,2,0
25939,12,4,7,2,4,0,1,1,2,2,0
25940,7,4,1,2,3,0,1,1,2,2,0
25941,4,4,11,4,1,4,1,0,1,2,1
25942,4,4,11,0,8,4,1,0,2,2,0
25943,8,0,15,0,0,1,1,1,4,2,0
25944,6,4,11,4,8,1,1,0,2,2,0
25945,11,0,0,0,6,1,1,1,2,2,0
25946,10,5,11,2,10,0,1,1,2,2,0
25947,13,4,15,2,1,3,1,0,0,2,0
25948,9,4,11,2,7,0,1,1,2,2,1
25949,8,4,11,2,8,0,1,1,3,2,1
25950,4,6,15,4,3,3,1,0,2,2,0
25951,13,4,15,6,1,1,1,0,0,2,0
25952,5,4,7,4,10,1,1,1,1,2,0
25953,7,0,12,2,0,5,1,0,2,2,0
25954,4,2,7,4,3,3,1,1,1,2,0
25955,8,6,11,2,8,5,1,0,1,2,0
25956,7,4,15,4,1,1,0,0,1,0,0
25957,4,4,10,4,10,1,1,0,1,2,0
25958,10,5,11,2,4,0,1,1,2,2,0
25959,7,4,15,5,4,4,1,1,2,2,0
25960,10,4,15,4,4,1,1,0,2,2,0
25961,13,4,8,6,6,1,1,1,0,1,0
25962,4,4,11,3,3,1,1,1,3,2,0
25963,12,4,11,2,8,0,0,1,1,2,0
25964,5,4,11,4,4,1,1,1,3,2,0
25965,9,4,11,2,6,0,1,1,2,2,0
25966,4,4,1,4,12,3,1,1,0,2,0
25967,6,6,11,0,5,1,1,1,4,2,0
25968,7,4,11,0,3,4,1,1,2,2,0
25969,11,4,12,0,4,4,1,0,2,2,0
25970,7,0,2,5,0,1,1,0,2,2,0
25971,12,4,9,2,10,0,1,1,2,2,0
25972,6,4,11,4,3,3,0,1,2,2,0
25973,5,2,9,4,10,2,1,0,0,2,0
25974,10,4,7,2,1,5,1,0,2,2,1
25975,9,4,11,0,5,4,1,1,2,2,1
25976,5,4,9,4,13,3,1,0,2,2,0
25977,7,6,6,4,3,3,1,1,1,2,0
25978,7,4,5,2,3,0,1,1,2,2,1
25979,8,1,15,2,6,0,1,1,2,2,0
25980,5,4,11,4,7,3,1,1,2,2,0
25981,10,4,15,2,11,0,1,1,2,2,1
25982,12,4,12,2,6,0,1,1,1,2,1
25983,18,0,11,2,0,0,0,1,1,2,0
25984,3,4,9,4,1,3,1,1,2,2,0
25985,10,2,12,2,10,0,1,1,2,2,0
25986,3,6,9,4,12,1,0,1,1,2,0
25987,10,7,11,2,10,0,1,1,2,2,1
25988,7,2,9,5,1,1,1,1,2,2,0
25989,7,6,15,2,5,0,1,1,2,2,0
25990,12,0,15,2,0,0,1,1,0,2,0
25991,9,4,11,2,8,5,1,0,2,2,0
25992,3,4,1,2,8,5,1,0,0,2,1
25993,10,2,9,2,4,0,1,1,2,2,0
25994,11,4,15,2,6,0,1,1,0,2,0
25995,5,4,11,2,5,0,1,1,2,2,1
25996,10,4,15,2,10,0,1,1,1,2,1
25997,14,7,15,2,4,0,1,1,1,2,0
25998,6,1,11,0,13,1,1,1,2,2,0
25999,8,4,5,4,9,3,0,0,2,2,0
26000,8,6,8,2,2,0,0,1,2,0,0
26001,6,6,15,0,4,1,1,1,2,2,0
26002,5,4,15,4,4,1,1,0,2,2,0
26003,7,0,15,4,6,3,1,1,2,2,0
26004,5,4,15,2,4,0,1,1,2,2,1
26005,4,7,9,4,4,3,0,1,1,2,0
26006,6,4,9,0,10,1,1,1,2,3,0
26007,4,4,15,4,1,1,1,0,2,1,0
26008,11,4,8,4,1,3,1,0,2,2,0
26009,5,4,15,4,8,1,1,0,3,2,0
26010,5,0,11,2,0,0,1,1,3,2,0
26011,4,4,11,2,1,5,1,0,2,2,0
26012,9,6,9,0,12,1,1,1,2,2,0
26013,9,4,6,4,7,4,1,1,2,2,0
26014,10,4,12,2,4,0,1,1,2,2,1
26015,8,4,11,2,7,2,1,0,2,2,0
26016,15,0,15,0,0,4,1,0,0,2,0
26017,7,4,15,2,7,5,1,0,3,2,0
26018,5,4,11,4,8,1,0,0,2,2,0
26019,6,5,7,0,12,4,1,1,2,2,0
26020,6,0,0,4,0,2,1,1,2,2,0
26021,8,4,11,4,3,3,1,1,2,2,0
26022,5,4,8,2,12,0,1,1,2,2,0
26023,4,4,1,4,3,1,1,1,2,2,0
26024,5,4,11,2,8,0,1,1,2,2,1
26025,4,4,11,4,7,3,0,0,1,2,0
26026,4,0,11,4,0,1,1,0,2,2,0
26027,10,4,11,2,10,0,0,1,2,2,1
26028,5,4,11,4,8,1,1,1,2,2,0
26029,3,4,9,4,12,1,1,1,2,2,0
26030,3,4,15,4,10,1,1,0,1,2,0
26031,15,4,0,6,8,4,1,0,3,2,0
26032,9,4,11,2,5,0,1,1,1,2,1
26033,8,4,11,2,3,5,1,0,2,2,1
26034,8,4,9,0,4,4,1,0,2,2,0
26035,8,4,11,2,4,0,1,1,2,2,0
26036,4,4,4,4,8,3,0,0,1,0,0
26037,8,4,15,2,4,0,1,1,1,2,0
26038,5,4,11,2,5,0,1,1,2,2,0
26039,11,4,11,2,8,5,1,0,2,2,1
26040,4,4,12,4,8,3,0,1,0,0,0
26041,6,4,15,4,1,1,1,1,2,2,0
26042,3,4,12,4,8,1,1,1,2,2,0
26043,5,4,11,4,1,4,1,0,2,2,0
26044,4,4,0,4,7,1,1,0,2,2,1
26045,6,4,15,4,8,4,1,1,2,2,0
26046,7,6,11,4,14,3,1,1,2,2,0
26047,4,4,9,4,12,3,1,0,2,2,0
26048,3,4,11,4,7,3,0,0,1,4,0
26049,13,4,11,2,3,0,1,1,0,1,0
26050,8,4,11,2,14,0,1,1,2,2,1
26051,4,5,11,4,4,2,1,1,2,2,0
26052,9,5,9,2,10,0,1,1,2,2,0
26053,6,4,7,2,7,0,0,1,2,2,1
26054,12,4,15,2,12,0,1,1,1,2,0
26055,7,4,12,2,12,0,1,1,2,2,0
26056,5,2,8,4,8,3,1,1,2,2,0
26057,5,4,15,4,10,1,1,0,3,2,0
26058,12,4,11,2,1,5,1,0,2,2,1
26059,13,0,15,2,0,0,1,1,2,2,0
26060,6,4,7,2,12,0,1,1,2,2,1
26061,4,4,11,4,8,3,1,0,1,2,0
26062,10,4,9,2,12,0,1,1,2,2,1
26063,5,4,0,2,6,0,1,1,3,2,0
26064,11,0,12,2,0,0,0,1,2,2,0
26065,8,4,7,0,10,1,1,1,2,2,0
26066,11,4,15,2,3,0,1,1,2,2,1
26067,4,4,9,2,10,0,1,1,1,2,0
26068,7,4,15,4,10,1,1,0,2,2,0
26069,7,4,1,2,3,0,1,1,2,2,1
26070,6,0,15,4,0,1,1,1,2,2,0
26071,15,4,11,6,3,1,1,1,0,2,0
26072,6,4,11,2,1,0,1,1,2,2,0
26073,5,4,7,2,14,0,1,1,2,2,1
26074,5,1,9,4,10,2,1,1,2,2,0
26075,3,4,12,4,4,3,0,0,2,0,0
26076,9,5,15,2,4,5,1,0,2,2,1
26077,12,4,1,2,3,0,1,1,4,2,1
26078,7,4,0,2,3,0,1,1,2,2,1
26079,9,2,15,0,10,1,1,0,2,2,0
26080,12,0,12,2,0,5,0,0,2,0,1
26081,4,4,15,3,1,1,0,1,2,0,0
26082,10,2,10,2,10,5,1,1,2,2,1
26083,13,4,15,6,3,1,1,1,0,2,0
26084,7,7,15,2,1,0,1,1,2,2,0
26085,3,0,15,5,0,4,1,0,1,2,0
26086,10,4,5,2,14,0,1,1,2,2,1
26087,5,4,11,0,1,1,1,0,2,2,0
26088,8,4,0,2,6,0,1,1,2,2,1
26089,6,4,9,2,4,0,1,1,2,2,1
26090,14,4,15,2,13,5,1,0,1,2,1
26091,10,2,11,0,4,1,1,0,3,2,0
26092,8,4,11,2,4,0,1,1,2,2,1
26093,7,2,15,2,3,0,1,1,1,2,1
26094,10,4,15,4,1,1,1,0,2,1,0
26095,9,4,15,2,4,0,1,1,3,1,1
26096,5,4,11,4,14,1,1,1,2,2,0
26097,6,2,11,4,14,1,0,1,1,2,0
26098,4,4,11,4,3,1,1,1,2,2,0
26099,5,4,14,2,10,0,1,1,2,2,0
26100,3,4,12,4,5,3,1,1,2,2,0
26101,8,5,11,2,4,5,1,0,2,2,1
26102,12,4,11,2,8,0,0,1,2,2,0
26103,9,0,11,4,0,4,1,0,2,2,0
26104,5,4,11,2,3,0,0,1,3,2,0
26105,9,6,11,0,8,1,0,0,2,4,1
26106,4,2,15,4,4,1,1,0,1,2,0
26107,11,6,11,2,14,0,1,1,2,2,0
26108,9,4,15,2,3,0,1,1,3,2,0
26109,12,6,11,2,5,0,1,1,2,2,1
26110,6,4,11,4,14,3,0,1,2,2,0
26111,3,4,9,4,1,3,1,0,0,2,0
26112,7,2,6,2,8,0,0,1,2,2,1
26113,13,4,9,2,1,0,1,1,2,2,1
26114,10,2,15,3,1,2,0,1,2,0,0
26115,7,4,9,5,1,4,1,0,2,2,0
26116,3,4,9,4,8,4,1,0,1,2,0
26117,12,4,11,2,12,0,1,1,4,2,0
26118,11,4,15,2,12,0,1,1,1,2,1
26119,3,4,11,4,6,3,1,1,0,2,0
26120,8,4,15,0,8,1,0,1,2,2,0
26121,6,4,12,2,10,0,1,1,2,2,0
26122,8,4,11,2,4,0,1,1,3,0,1
26123,10,4,11,2,4,0,1,1,3,2,0
26124,5,6,0,2,5,0,1,1,2,2,1
26125,8,2,11,0,1,1,0,0,3,2,0
26126,11,4,15,4,4,1,1,0,2,2,0
26127,8,4,11,0,12,1,1,0,3,2,0
26128,5,4,1,4,8,3,1,1,1,2,0
26129,6,4,11,4,7,1,1,1,1,2,0
26130,6,6,11,2,8,0,1,1,1,2,0
26131,9,4,15,2,5,0,1,1,2,2,0
26132,9,1,9,4,10,1,0,0,3,2,0
26133,3,4,9,4,12,1,1,1,1,2,0
26134,8,6,2,4,12,2,1,0,2,2,0
26135,4,4,0,4,6,1,1,1,1,2,0
26136,9,4,11,2,7,0,0,1,2,2,0
26137,6,4,11,2,1,0,1,1,2,2,1
26138,7,4,14,2,10,0,1,1,2,2,0
26139,7,4,15,2,1,0,1,1,2,2,1
26140,6,4,11,5,1,2,1,0,1,2,0
26141,11,4,15,5,1,4,1,0,2,2,0
26142,5,5,9,5,12,1,1,0,1,2,1
26143,14,7,7,2,4,5,1,0,1,1,1
26144,9,4,11,2,8,0,1,1,2,2,0
26145,7,4,15,2,12,0,1,1,2,2,0
26146,10,1,11,2,8,0,1,1,2,2,0
26147,6,4,15,4,10,1,1,0,2,2,0
26148,6,4,11,0,7,4,1,0,2,2,0
26149,7,6,9,2,4,0,1,1,3,2,1
26150,9,4,12,4,4,1,1,1,2,2,0
26151,6,6,11,4,3,2,1,1,2,2,0
26152,6,4,8,4,5,2,1,1,2,2,0
26153,11,4,5,2,8,0,0,1,2,2,0
26154,8,4,2,3,9,5,1,0,2,3,0
26155,10,4,11,2,4,3,1,1,2,2,0
26156,7,4,9,2,4,5,1,0,2,2,0
26157,8,4,7,6,7,1,1,1,2,2,0
26158,12,2,10,2,10,0,1,1,1,2,0
26159,4,4,9,2,13,0,1,1,1,2,1
26160,6,6,11,2,14,0,0,1,2,2,1
26161,9,4,0,0,3,1,1,0,2,2,1
26162,6,2,11,2,4,0,1,1,2,2,0
26163,9,4,11,0,3,4,1,1,2,2,0
26164,8,4,11,4,12,4,1,0,2,2,0
26165,3,6,11,4,1,1,1,0,3,2,0
26166,6,7,12,0,10,1,1,1,2,2,0
26167,10,4,11,0,14,1,1,0,3,2,0
26168,13,4,15,2,3,0,1,1,0,2,1
26169,4,6,15,4,4,1,0,0,1,2,0
26170,7,2,15,5,8,5,1,0,1,2,0
26171,4,4,11,4,14,3,1,0,1,2,0
26172,8,4,15,0,1,1,1,1,2,2,1
26173,6,4,12,3,10,4,1,0,2,2,0
26174,6,4,14,4,10,1,1,1,2,2,0
26175,5,6,15,4,12,1,1,1,1,2,0
26176,5,4,11,4,7,1,1,1,2,2,0
26177,5,1,11,5,4,1,0,0,2,2,0
26178,5,4,11,4,7,4,1,1,2,2,0
26179,11,4,9,2,4,0,1,1,2,2,1
26180,5,4,11,0,14,1,1,1,1,2,0
26181,6,4,15,0,14,1,1,0,2,2,1
26182,7,2,11,2,8,0,1,1,2,2,1
26183,4,6,9,4,10,1,1,1,2,1,0
26184,6,7,10,4,10,3,1,0,1,2,0
26185,4,4,9,2,4,0,0,1,2,2,1
26186,7,2,9,4,10,3,1,1,2,2,0
26187,11,4,1,2,3,0,1,1,2,2,0
26188,3,4,15,5,1,1,1,1,0,0,0
26189,4,4,0,4,3,1,0,1,1,2,0
26190,11,4,11,2,8,5,1,0,2,2,1
26191,6,4,8,2,7,0,1,1,1,2,1
26192,3,4,5,4,8,1,1,0,0,2,0
26193,8,4,11,0,8,1,1,1,2,2,0
26194,8,4,11,2,14,0,1,1,2,2,1
26195,4,4,9,2,13,0,1,1,1,2,0
26196,6,6,8,2,5,0,1,1,2,2,1
26197,5,4,8,4,7,3,1,0,2,2,0
26198,4,4,9,4,1,1,1,0,2,2,0
26199,9,4,11,2,14,0,0,1,2,2,1
26200,13,4,15,2,10,0,0,1,2,2,1
26201,7,4,15,2,12,0,1,1,2,2,0
26202,6,4,9,0,10,4,0,1,2,2,0
26203,11,4,9,0,10,1,1,1,2,4,0
26204,7,0,15,4,0,1,0,1,2,2,0
26205,9,6,15,4,4,1,1,1,3,2,0
26206,9,4,2,2,6,0,1,1,2,2,1
26207,8,4,15,6,8,4,0,0,2,0,0
26208,5,4,5,2,3,0,1,1,2,2,1
26209,9,4,11,5,1,4,1,0,2,2,0
26210,9,4,12,2,10,0,1,1,2,2,0
26211,9,1,12,2,10,0,1,1,2,4,1
26212,11,6,9,2,8,0,1,1,2,2,0
26213,8,4,14,4,10,4,1,1,1,2,0
26214,3,4,1,4,14,1,1,1,4,2,0
26215,8,4,15,2,12,0,1,1,1,2,1
26216,4,4,9,4,4,3,1,0,0,2,0
26217,7,4,15,2,12,0,1,1,2,2,0
26218,8,7,9,4,10,3,1,1,2,2,0
26219,9,4,7,0,1,4,1,0,2,2,0
26220,6,4,15,4,1,3,1,0,2,2,0
26221,13,0,0,6,0,1,1,0,1,2,1
26222,9,4,11,4,6,3,1,1,2,2,0
26223,11,4,11,4,14,1,0,1,2,2,0
26224,11,4,9,3,12,4,1,0,2,2,0
26225,6,4,9,0,11,4,0,0,3,0,0
26226,6,6,8,0,3,1,1,1,2,2,0
26227,7,4,9,4,12,2,1,0,2,2,0
26228,9,7,11,2,1,3,1,0,1,2,0
26229,9,4,15,2,14,0,1,1,2,2,0
26230,9,4,9,2,4,0,1,1,2,2,1
26231,4,1,11,4,6,3,0,1,1,0,0
26232,5,4,9,2,10,0,1,1,2,2,1
26233,7,4,2,5,8,1,1,0,2,2,0
26234,6,2,12,2,10,0,1,1,2,2,0
26235,6,4,11,2,5,0,1,1,2,2,1
26236,9,4,15,2,11,0,1,1,2,2,1
26237,10,4,0,0,8,4,1,0,2,2,0
26238,8,4,11,4,12,1,0,0,2,4,0
26239,3,4,15,2,4,0,1,1,3,2,0
26240,5,4,11,2,3,0,1,1,2,4,1
26241,5,4,9,2,12,0,1,1,0,2,1
26242,7,4,11,2,6,0,1,1,2,2,1
26243,13,4,12,6,12,1,1,1,2,2,0
26244,7,4,9,0,10,1,1,0,2,2,0
26245,5,2,11,4,8,1,0,0,2,2,0
26246,5,4,11,4,14,1,0,1,1,2,0
26247,6,4,11,2,5,0,1,1,2,2,0
26248,5,4,11,6,12,4,0,0,1,2,0
26249,9,4,15,4,9,1,1,0,2,2,0
26250,11,4,11,4,12,2,1,0,2,2,0
26251,8,7,9,0,1,4,1,0,2,2,0
26252,6,4,0,2,3,0,1,1,2,2,0
26253,7,4,15,2,8,0,0,1,2,2,1
26254,8,4,11,2,3,0,1,1,2,2,1
26255,4,4,11,2,3,0,1,1,0,2,0
26256,6,4,15,4,4,1,1,1,3,2,0
26257,8,1,3,6,10,4,0,0,1,2,0
26258,6,0,15,4,0,3,1,0,2,2,0
26259,7,2,9,4,10,1,1,0,2,2,0
26260,9,6,11,2,11,0,1,1,2,2,1
26261,9,4,11,2,12,0,1,1,2,2,1
26262,5,4,11,4,10,1,1,0,2,2,0
26263,5,4,11,4,12,1,1,0,2,2,0
26264,9,4,11,2,3,0,0,1,2,2,0
26265,6,4,7,4,7,3,1,0,2,2,0
26266,6,4,12,4,8,1,1,0,2,2,1
26267,12,4,2,6,9,1,1,0,0,2,0
26268,7,4,11,4,12,3,1,1,2,2,0
26269,6,7,11,2,8,0,1,1,2,2,1
26270,13,4,11,2,5,0,1,1,2,2,0
26271,15,4,11,6,3,1,1,1,3,2,0
26272,8,4,11,2,8,0,1,1,2,2,1
26273,5,4,12,2,4,0,1,1,2,2,1
26274,7,4,11,2,1,5,0,0,2,0,1
26275,3,4,12,4,10,3,1,0,2,2,0
26276,10,4,1,2,6,0,1,1,2,2,0
26277,6,2,15,2,11,0,0,1,2,2,1
26278,6,4,7,2,8,5,1,0,2,2,0
26279,7,4,8,2,1,0,1,1,2,2,1
26280,11,6,5,2,5,0,1,1,2,2,0
26281,11,4,15,2,1,5,0,0,2,0,0
26282,6,4,11,0,4,1,1,1,2,2,0
26283,6,4,15,2,4,0,1,1,2,2,0
26284,8,4,9,0,1,4,0,0,0,2,0
26285,12,4,2,0,7,4,1,0,2,2,0
26286,9,2,5,2,3,0,1,1,2,2,0
26287,7,4,11,2,7,0,0,1,2,0,0
26288,13,6,11,2,3,0,1,1,2,2,0
26289,8,4,15,0,8,4,0,0,2,4,0
26290,7,4,9,2,12,5,1,0,2,2,1
26291,6,2,15,2,10,0,1,1,2,1,1
26292,10,4,11,2,7,0,1,1,2,2,1
26293,6,4,15,2,3,0,1,1,1,2,1
26294,7,4,1,2,8,0,1,1,2,2,1
26295,7,4,11,4,8,4,1,0,2,2,0
26296,10,4,2,2,11,0,1,1,1,2,0
26297,4,4,7,4,10,1,1,1,1,2,0
26298,8,4,11,2,8,0,1,1,2,2,1
26299,5,4,11,2,3,0,1,1,2,2,0
26300,9,4,11,2,8,0,1,1,2,2,0
26301,9,4,11,4,1,1,1,0,2,2,0
26302,4,5,9,4,4,3,1,1,2,2,0
26303,6,1,11,4,1,1,0,1,2,2,0
26304,9,4,9,2,4,0,1,1,2,2,0
26305,5,4,15,2,3,0,1,1,2,2,1
26306,5,0,11,0,0,4,1,0,2,2,0
26307,5,4,11,4,1,1,0,0,2,2,0
26308,10,4,11,2,1,5,1,0,2,2,1
26309,8,4,11,2,3,0,1,1,2,2,0
26310,5,7,8,4,1,3,1,0,2,2,0
26311,18,4,15,4,3,1,1,1,1,2,0
26312,8,4,15,2,1,0,1,1,1,2,1
26313,6,4,9,4,4,3,1,1,4,2,0
26314,8,4,11,2,6,0,1,1,0,2,1
26315,8,4,5,2,8,0,1,1,2,1,1
26316,8,4,7,2,1,0,1,1,2,2,1
26317,5,4,0,4,7,3,1,0,2,2,0
26318,15,0,11,0,0,1,0,1,0,2,0
26319,13,4,8,0,13,1,1,1,0,2,0
26320,10,5,10,0,10,3,1,0,2,2,0
26321,7,4,9,2,4,0,1,1,2,2,0
26322,7,4,11,2,3,0,1,1,1,2,1
26323,8,4,11,2,3,0,1,1,1,2,0
26324,10,4,11,2,7,0,1,1,2,2,1
26325,4,5,11,4,4,1,1,1,1,2,0
26326,5,4,7,4,10,1,1,0,3,2,0
26327,12,6,12,4,4,1,0,1,2,2,0
26328,6,7,12,2,10,0,1,1,2,2,1
26329,4,5,11,0,4,1,1,1,2,2,0
26330,8,4,11,2,8,2,1,1,2,2,0
26331,9,0,15,0,0,4,1,1,2,2,0
26332,10,4,9,0,3,4,1,1,2,2,0
26333,10,4,15,0,8,4,0,0,2,2,0
26334,6,2,9,0,4,1,1,0,2,2,0
26335,11,4,11,4,7,3,0,0,2,2,0
26336,7,4,2,2,6,0,1,1,2,2,0
26337,6,4,12,4,4,3,1,1,2,2,0
26338,14,4,15,0,4,1,1,1,1,2,0
26339,8,4,0,2,6,0,1,1,2,2,1
26340,6,4,11,2,8,0,1,1,2,2,0
26341,9,4,12,2,10,0,1,1,2,2,1
26342,9,4,15,2,7,0,1,1,2,2,0
26343,6,4,11,2,12,0,1,1,1,4,1
26344,5,6,0,4,5,3,1,1,1,2,0
26345,12,2,11,2,1,0,1,1,2,2,0
26346,8,4,11,6,4,1,1,0,3,2,0
26347,7,4,11,4,7,3,1,1,1,2,0
26348,3,4,15,4,8,1,1,1,0,2,0
26349,10,4,7,2,4,0,1,1,2,2,1
26350,7,4,9,2,4,0,0,1,2,2,0
26351,5,6,11,4,5,2,1,1,2,2,0
26352,4,4,11,4,8,1,1,0,2,2,0
26353,6,5,9,4,12,3,1,0,1,2,0
26354,11,4,12,2,4,0,1,1,1,2,0
26355,3,4,15,4,13,1,1,1,0,2,0
26356,4,4,11,4,1,1,1,0,1,2,1
26357,7,4,11,2,6,0,1,1,2,2,0
26358,10,7,9,2,4,0,1,1,2,2,0
26359,6,2,11,2,4,5,1,0,2,2,1
26360,5,4,15,4,3,1,1,1,1,2,0
26361,9,2,4,4,8,3,1,0,2,2,0
26362,9,0,11,2,3,0,1,1,2,2,1
26363,6,4,2,4,11,3,1,0,2,2,0
26364,12,4,11,2,3,0,1,1,2,2,1
26365,10,2,15,2,3,0,1,1,2,4,1
26366,8,4,11,2,3,0,1,1,2,4,0
26367,7,4,1,4,8,3,1,1,2,2,0
26368,7,5,12,4,10,3,1,1,2,2,0
26369,6,4,15,2,12,0,1,1,2,2,0
26370,11,4,5,6,8,4,1,0,4,2,0
26371,4,4,5,4,8,1,1,0,0,2,0
26372,9,4,11,2,6,0,1,1,2,2,1
26373,8,4,15,5,3,1,1,1,2,2,0
26374,4,0,15,4,0,3,0,1,1,2,0
26375,6,1,11,2,3,0,1,1,2,2,0
26376,9,2,12,2,10,5,1,0,2,2,0
26377,3,4,11,4,4,1,0,1,2,2,0
26378,5,4,11,4,6,3,0,1,1,2,0
26379,6,4,9,2,1,0,1,1,2,2,1
26380,6,5,12,0,12,1,1,0,1,2,0
26381,15,4,9,4,4,1,1,0,3,2,1
26382,6,4,6,2,3,0,1,1,2,2,1
26383,13,4,15,2,5,0,1,1,2,2,0
26384,5,4,0,2,8,0,1,1,2,2,1
26385,7,4,6,2,14,0,0,1,3,2,1
26386,4,4,9,4,13,1,0,0,2,2,0
26387,13,6,11,0,3,1,1,1,2,2,0
26388,11,4,11,2,11,0,1,1,2,2,0
26389,9,4,15,2,1,3,1,0,2,2,0
26390,12,2,11,0,8,1,1,1,2,2,0
26391,12,4,12,4,10,2,1,0,2,2,0
26392,15,4,8,2,1,5,1,0,3,2,1
26393,8,4,15,5,3,1,1,1,2,2,0
26394,10,4,0,2,8,0,0,1,0,2,0
26395,8,6,7,5,12,4,0,1,2,2,0
26396,10,4,9,2,8,0,1,1,2,1,1
26397,5,2,8,2,4,0,1,1,1,2,1
26398,10,6,15,2,4,0,1,1,2,2,1
26399,6,5,15,3,12,2,1,1,2,2,0
26400,5,4,9,4,10,1,1,1,1,2,0
26401,6,4,9,3,4,1,1,0,1,2,0
26402,6,5,11,2,4,0,1,1,2,2,0
26403,7,0,15,4,0,1,1,1,2,2,1
26404,11,4,1,2,3,0,1,1,1,2,1
26405,8,4,11,2,8,0,1,1,3,2,1
26406,11,4,0,2,3,0,1,1,2,2,1
26407,6,4,9,3,12,4,0,0,2,2,0
26408,6,6,11,2,5,0,0,1,1,2,0
26409,8,4,2,2,5,0,1,1,2,2,0
26410,10,4,8,4,1,3,0,1,2,0,0
26411,8,4,10,4,10,3,1,1,1,2,0
26412,7,4,15,2,6,0,1,1,2,2,0
26413,10,4,9,2,3,0,1,1,2,3,1
26414,7,0,9,2,0,0,1,1,2,2,1
26415,8,6,8,2,5,0,1,1,2,2,0
26416,5,6,15,4,12,3,1,0,1,2,0
26417,3,4,15,4,4,1,1,0,1,2,1
26418,6,4,7,2,3,0,0,1,2,2,0
26419,11,4,11,2,1,5,1,0,2,2,1
26420,5,4,11,2,12,0,1,1,2,2,0
26421,3,4,11,4,3,1,1,1,0,2,1
26422,5,2,15,4,3,3,1,1,2,2,0
26423,7,4,7,2,13,0,1,1,2,2,0
26424,6,4,11,0,3,1,1,1,2,2,0
26425,6,4,11,2,14,0,1,1,1,2,1
26426,3,4,11,4,6,3,1,1,0,2,0
26427,4,4,11,4,11,3,1,1,1,2,0
26428,4,4,15,4,1,1,1,0,1,2,0
26429,7,0,11,2,0,0,1,1,2,2,0
26430,6,4,1,4,3,1,1,1,2,2,1
26431,5,4,11,4,3,1,1,1,3,2,0
26432,11,6,11,6,3,1,1,1,2,2,0
26433,7,4,11,2,14,0,1,1,2,2,0
26434,9,4,11,0,6,1,1,0,2,2,0
26435,7,4,9,2,13,5,1,0,2,2,0
26436,3,4,11,4,10,1,1,1,4,2,0
26437,8,4,11,2,13,0,1,1,2,2,0
26438,8,4,11,2,3,0,1,1,2,2,1
26439,8,4,15,2,3,0,0,1,1,2,0
26440,5,4,15,3,7,2,1,1,1,2,0
26441,9,2,9,2,10,0,1,1,3,2,1
26442,13,4,1,2,3,0,0,1,2,2,0
26443,9,4,11,2,12,0,0,1,2,2,0
26444,11,5,9,2,12,5,0,0,2,2,1
26445,3,4,11,4,8,1,1,0,4,2,0
26446,7,4,9,0,10,1,1,0,2,1,0
26447,5,4,2,4,9,3,1,1,2,2,0
26448,10,4,1,2,3,0,1,1,2,1,1
26449,7,4,9,5,10,1,1,1,3,2,0
26450,3,4,12,4,4,3,1,0,1,2,0
26451,11,1,11,2,6,0,1,1,2,2,1
26452,4,4,11,4,7,1,1,0,0,2,1
26453,12,4,11,2,4,0,1,1,2,2,0
26454,9,4,11,2,12,0,1,1,1,2,0
26455,8,2,9,2,10,5,1,0,2,2,0
26456,12,4,10,2,10,0,1,1,2,2,0
26457,3,4,15,4,8,2,1,0,0,2,0
26458,5,4,15,4,1,4,1,0,0,2,0
26459,8,6,9,6,1,4,1,0,2,2,0
26460,4,4,11,4,3,1,1,1,1,2,0
26461,10,5,15,2,5,0,1,1,2,2,0
26462,6,4,9,2,4,5,1,0,2,2,1
26463,3,0,2,4,0,1,1,0,3,2,0
26464,5,4,15,2,13,5,1,0,2,2,1
26465,5,4,9,0,10,4,1,1,2,2,0
26466,6,4,9,2,12,0,1,1,1,2,1
26467,3,4,10,4,10,3,0,0,1,2,0
26468,4,4,12,4,5,3,1,1,3,2,0
26469,4,4,15,4,14,1,0,1,2,4,0
26470,6,6,8,4,4,2,1,1,2,2,1
26471,4,4,11,4,8,1,1,0,2,2,0
26472,11,4,11,2,6,0,1,1,2,2,0
26473,8,4,11,2,3,0,1,1,2,2,1
26474,8,4,12,6,10,1,1,1,2,2,0
26475,6,7,14,4,10,1,1,1,2,2,0
26476,8,4,8,0,1,1,1,0,2,2,0
26477,5,4,15,2,3,0,1,1,1,2,1
26478,5,4,15,4,1,3,1,0,2,2,0
26479,6,2,0,5,1,4,1,0,2,2,0
26480,7,4,9,0,4,4,1,0,2,2,0
26481,10,4,11,2,7,0,0,1,2,0,1
26482,11,4,4,2,3,0,1,1,2,2,0
26483,5,4,15,4,1,3,1,0,2,2,0
26484,5,4,6,2,8,0,1,1,2,2,1
26485,3,4,15,4,12,3,1,0,0,2,0
26486,12,6,12,0,12,1,1,1,1,2,0
26487,15,4,10,4,10,3,1,0,0,2,0
26488,8,4,15,2,4,0,1,1,2,2,1
26489,4,0,15,4,0,2,1,0,2,2,0
26490,11,4,11,2,3,0,1,1,2,2,0
26491,15,2,9,0,10,4,1,0,3,2,0
26492,10,4,0,2,1,0,1,1,1,2,0
26493,10,4,15,4,4,1,1,0,2,2,0
26494,7,4,5,4,10,3,1,0,2,2,0
26495,9,4,15,2,10,0,1,1,2,2,0
26496,4,4,15,2,5,0,1,1,2,2,1
26497,6,4,11,2,5,0,1,1,3,2,0
26498,7,1,9,0,10,4,1,0,1,2,0
26499,7,4,9,2,10,0,1,1,2,2,0
26500,6,6,11,4,12,3,1,1,2,2,0
26501,11,2,15,2,11,0,1,1,1,2,0
26502,6,4,15,2,3,0,1,1,2,2,1
26503,7,4,6,0,8,1,1,0,2,2,0
26504,8,1,11,2,1,0,1,1,2,2,0
26505,14,6,11,2,12,5,1,0,3,2,1
26506,7,4,11,2,10,0,1,1,2,2,1
26507,5,6,1,4,3,3,1,1,2,2,0
26508,8,2,15,5,11,1,0,1,2,2,0
26509,7,2,9,4,14,1,1,1,2,2,0
26510,13,4,11,2,3,0,1,1,1,1,1
26511,9,4,15,2,6,0,0,1,2,2,0
26512,4,4,9,4,12,3,1,1,2,2,0
26513,8,2,11,0,1,1,1,0,3,2,1
26514,5,4,9,4,13,3,0,0,2,2,0
26515,9,4,1,2,14,0,0,1,2,2,0
26516,5,4,6,2,6,0,1,1,1,1,0
26517,9,4,15,2,6,0,1,1,1,2,0
26518,4,0,0,2,0,0,1,1,0,2,1
26519,13,4,1,6,12,1,1,0,2,2,0
26520,5,4,12,2,4,0,1,1,2,2,1
26521,8,4,11,0,3,4,1,1,2,2,0
26522,5,4,9,4,12,1,1,0,2,2,0
26523,8,4,11,3,1,2,1,0,2,2,0
26524,7,4,11,2,6,0,1,1,2,2,1
26525,8,6,9,0,4,1,0,0,2,2,0
26526,7,4,15,2,8,5,1,0,2,2,0
26527,12,5,9,2,4,0,1,1,1,2,0
26528,3,4,15,4,14,1,0,1,0,2,1
26529,4,2,12,4,10,3,1,0,2,2,0
26530,6,4,4,4,8,1,1,0,2,2,0
26531,5,5,11,4,8,4,1,0,2,2,0
26532,5,4,8,4,1,3,1,1,2,2,0
26533,5,1,15,4,1,1,0,0,2,2,0
26534,10,4,11,2,3,0,1,1,2,2,0
26535,10,5,9,2,10,5,1,0,2,2,1
26536,8,4,14,2,4,0,1,1,2,2,1
26537,10,4,11,2,8,0,1,1,2,2,1
26538,6,4,8,0,12,4,1,0,2,2,0
26539,9,4,15,2,4,0,1,1,2,2,0
26540,3,4,9,4,1,3,1,0,0,2,0
26541,10,2,15,0,10,4,1,0,2,2,0
26542,6,4,11,2,3,2,0,1,2,2,0
26543,7,4,11,2,8,0,1,1,2,2,1
26544,5,4,8,0,1,1,1,1,1,2,0
26545,8,4,15,2,1,5,1,0,2,2,1
26546,6,4,7,2,12,5,0,0,2,2,1
26547,4,7,11,4,1,1,1,1,2,2,0
26548,10,6,4,2,1,0,1,1,2,2,0
26549,7,4,11,2,12,5,1,0,2,2,0
26550,8,1,9,0,4,1,1,1,2,2,0
26551,5,4,8,2,3,0,1,1,2,2,1
26552,10,4,9,2,4,0,1,1,2,1,0
26553,8,4,11,4,8,3,1,0,2,2,1
26554,6,5,9,5,4,5,1,0,2,2,1
26555,9,1,9,5,10,4,1,1,2,2,0
26556,11,4,15,2,1,0,1,1,0,2,1
26557,8,4,11,0,7,1,1,0,2,2,0
26558,10,4,11,2,7,0,1,1,2,2,0
26559,12,0,2,2,0,0,0,1,2,2,1
26560,5,4,11,4,3,4,1,0,2,2,0
26561,7,4,11,2,6,0,1,1,2,2,0
26562,12,4,15,2,3,0,1,1,4,2,1
26563,10,4,15,6,1,1,1,1,3,2,0
26564,10,4,9,4,10,1,1,1,2,2,1
26565,10,4,12,2,10,0,1,1,2,2,1
26566,9,4,15,2,3,0,0,1,2,0,1
26567,12,5,8,2,3,0,1,1,2,2,0
26568,3,5,7,4,4,1,1,0,0,2,0
26569,10,4,11,2,3,0,1,1,3,2,1
26570,12,0,10,2,0,0,1,1,2,2,1
26571,9,4,1,2,3,0,1,1,2,2,1
26572,18,4,0,2,1,0,0,1,1,0,1
26573,11,4,11,2,7,0,1,1,1,2,0
26574,6,4,15,4,12,1,1,0,2,2,0
26575,6,4,15,4,10,3,1,0,2,2,0
26576,14,4,11,1,12,3,1,1,1,2,0
26577,7,2,6,2,8,0,1,1,2,2,1
26578,10,4,9,0,8,2,1,0,2,2,1
26579,9,4,11,4,7,3,1,1,2,2,1
26580,8,7,15,5,10,4,1,0,2,2,0
26581,12,4,7,6,10,1,1,0,4,2,0
26582,7,6,11,2,3,0,1,1,2,2,1
26583,6,4,9,5,12,1,1,1,2,2,0
26584,6,4,11,0,3,1,1,1,3,2,0
26585,7,4,11,2,14,0,1,1,2,2,1
26586,7,5,12,5,4,4,1,1,2,2,0
26587,5,4,10,2,10,0,1,1,2,2,0
26588,7,5,9,0,12,4,1,0,2,2,0
26589,8,2,11,2,10,0,1,1,2,2,1
26590,6,4,11,2,1,0,1,1,2,2,0
26591,10,4,9,6,10,1,1,1,2,2,0
26592,6,4,15,2,8,0,1,1,2,2,0
26593,3,2,12,4,10,2,1,0,3,2,0
26594,7,6,11,4,12,3,1,0,3,2,0
26595,4,4,15,4,8,1,1,0,2,2,0
26596,11,0,15,2,0,0,1,1,2,2,0
26597,5,0,15,4,0,3,1,1,2,2,0
26598,10,4,14,0,10,1,1,1,2,2,0
26599,10,6,9,2,8,5,1,0,2,2,0
26600,14,2,15,1,1,5,1,0,2,2,0
26601,4,4,15,4,1,3,1,0,2,2,0
26602,3,2,9,4,10,3,1,0,2,2,0
26603,12,4,15,2,1,0,1,1,2,2,1
26604,9,4,15,4,1,1,1,1,2,2,1
26605,7,7,11,4,4,1,1,1,2,2,0
26606,8,4,11,2,3,0,0,1,3,2,0
26607,6,7,11,0,4,1,1,0,2,2,0
26608,7,7,12,2,4,0,1,1,1,4,0
26609,10,7,8,2,1,0,1,1,2,2,0
26610,4,6,9,4,14,1,1,0,1,2,0
26611,16,4,9,2,4,0,1,1,1,2,1
26612,10,5,12,2,4,0,1,1,2,2,1
26613,8,4,9,2,10,0,1,1,2,2,1
26614,5,6,15,4,5,1,1,1,1,2,0
26615,8,4,15,2,8,0,1,1,2,2,1
26616,10,6,12,2,12,5,1,0,2,2,0
26617,10,4,11,0,1,1,1,0,2,2,0
26618,10,4,11,6,8,1,1,0,2,2,0
26619,4,2,12,3,10,1,1,1,0,2,0
26620,10,1,11,2,4,0,1,1,2,2,1
26621,9,5,7,2,4,0,1,1,2,2,1
26622,18,2,11,5,14,4,0,1,1,2,0
26623,8,4,9,2,1,0,1,1,2,2,0
26624,6,4,15,4,1,3,0,0,2,2,0
26625,9,1,15,4,1,3,1,1,2,2,0
26626,6,4,10,2,10,0,1,1,2,2,1
26627,6,2,8,4,1,3,1,0,2,2,0
26628,5,4,11,2,5,0,1,1,2,2,0
26629,12,6,11,2,3,0,1,1,2,1,1
26630,9,2,11,0,10,1,1,1,2,2,0
26631,4,0,10,4,0,2,0,0,2,2,0
26632,3,1,9,4,10,4,1,1,2,2,0
26633,7,0,11,4,0,1,1,1,2,2,0
26634,14,4,0,1,3,3,1,1,1,2,0
26635,13,2,11,2,3,0,1,1,0,2,1
26636,5,6,5,2,8,0,0,1,0,2,0
26637,9,0,11,4,0,1,0,0,3,2,0
26638,9,4,15,5,7,4,1,0,2,2,0
26639,11,4,11,2,3,0,1,1,2,2,1
26640,10,4,11,2,7,0,0,1,2,2,1
26641,4,4,5,4,10,1,0,1,1,2,0
26642,7,4,15,4,7,1,1,0,2,2,0
26643,4,4,11,4,12,1,1,0,2,1,0
26644,4,4,11,4,3,1,1,0,2,2,0
26645,5,4,11,4,3,3,1,1,2,2,0
26646,7,4,9,2,8,0,1,1,2,2,0
26647,15,5,7,2,4,0,1,1,3,2,0
26648,5,4,11,4,12,1,1,1,2,2,0
26649,13,4,15,2,12,0,1,1,1,2,0
26650,6,6,11,2,14,0,1,1,2,2,1
26651,9,2,11,2,1,0,1,1,2,2,1
26652,10,4,12,2,4,0,1,1,2,2,0
26653,5,4,0,2,14,0,1,1,1,2,1
26654,10,2,12,2,1,0,1,1,2,2,0
26655,12,2,11,2,5,0,1,1,2,2,1
26656,7,6,2,0,8,4,1,0,2,2,0
26657,8,6,9,0,10,4,1,0,1,2,0
26658,7,4,15,2,8,0,1,1,2,2,0
26659,11,4,11,2,4,0,1,1,2,2,1
26660,9,4,11,0,12,1,1,1,2,2,0
26661,13,2,11,2,11,0,1,1,1,2,1
26662,5,5,11,4,3,1,1,1,2,2,0
26663,4,6,11,4,7,1,1,1,2,2,0
26664,9,4,11,2,6,0,0,1,3,0,1
26665,4,4,9,4,12,2,1,0,2,2,0
26666,11,0,2,2,0,0,1,1,1,2,1
26667,5,4,11,2,3,0,1,1,2,2,1
26668,5,4,15,2,3,5,1,1,2,2,1
26669,6,4,3,4,7,4,1,0,2,2,0
26670,11,6,11,2,4,0,1,1,2,2,1
26671,9,0,0,2,6,0,1,1,2,2,1
26672,8,4,11,3,14,1,1,1,1,2,0
26673,11,2,11,3,8,5,1,0,2,2,1
26674,4,0,11,4,0,1,1,0,1,2,0
26675,10,0,11,6,0,1,0,1,0,2,0
26676,13,4,7,2,14,0,1,1,2,2,0
26677,9,6,11,5,8,1,0,0,2,2,0
26678,5,4,9,4,10,3,1,1,2,2,0
26679,3,4,15,4,1,3,1,0,4,2,0
26680,5,4,12,2,10,0,1,1,2,2,0
26681,4,4,11,2,8,0,1,1,2,2,1
26682,11,4,11,2,3,0,0,1,2,4,1
26683,7,6,11,5,1,4,1,0,2,2,0
26684,10,4,9,2,8,5,1,0,2,0,0
26685,3,4,0,4,3,1,0,1,0,2,0
26686,5,6,11,2,10,0,1,1,2,2,0
26687,7,4,9,4,4,1,1,0,2,2,0
26688,5,4,15,2,12,0,0,1,1,2,1
26689,9,4,5,6,9,4,1,0,3,2,0
26690,5,6,4,4,8,1,0,1,2,2,1
26691,12,4,1,2,14,0,0,1,2,2,0
26692,8,4,11,2,3,0,1,1,2,2,1
26693,4,1,11,4,4,3,1,0,1,2,0
26694,4,1,15,4,13,1,1,1,1,2,0
26695,7,0,0,2,0,0,1,1,2,2,0
26696,16,4,11,2,8,0,1,1,1,2,0
26697,10,4,15,2,8,0,1,1,2,2,1
26698,7,4,15,0,1,1,1,0,2,2,0
26699,8,4,11,2,5,0,1,1,2,2,0
26700,5,2,8,2,1,5,1,0,0,2,1
26701,5,4,12,4,10,2,1,0,2,2,0
26702,4,4,1,4,8,3,1,0,1,2,0
26703,12,4,1,6,8,1,0,0,2,2,0
26704,9,4,2,4,5,3,1,1,2,2,0
26705,3,4,9,4,8,1,1,0,2,2,0
26706,4,4,15,4,7,4,1,0,2,2,0
26707,6,4,9,2,12,5,1,0,1,2,1
26708,4,4,11,2,8,0,1,1,2,2,0
26709,5,2,11,4,10,1,1,0,2,2,0
26710,5,2,9,2,10,5,1,0,1,2,1
26711,5,4,15,4,1,2,1,0,2,2,0
26712,6,6,9,4,4,3,1,1,0,2,0
26713,10,4,11,2,3,0,1,1,2,2,0
26714,5,6,12,4,5,3,1,1,2,2,0
26715,15,2,8,6,10,1,1,0,2,2,0
26716,5,4,0,2,3,0,1,1,2,2,1
26717,8,4,11,2,7,5,1,0,2,2,0
26718,3,5,15,4,4,1,0,0,2,2,0
26719,7,2,15,2,4,0,1,1,1,2,1
26720,8,4,15,4,12,1,1,0,2,2,0
26721,3,4,15,4,4,1,1,1,2,2,0
26722,8,4,15,2,8,5,1,0,2,2,0
26723,7,7,9,4,13,2,0,1,2,0,0
26724,12,6,15,6,5,1,1,1,2,2,0
26725,4,4,11,3,7,4,0,1,1,2,0
26726,3,4,0,4,8,4,1,0,1,1,0
26727,5,6,9,4,12,1,1,1,2,2,0
26728,5,2,5,2,8,0,1,1,2,2,0
26729,10,6,9,2,4,0,0,1,2,2,1
26730,3,7,8,4,10,3,1,1,1,2,0
26731,8,4,9,2,1,5,1,0,2,4,1
26732,4,4,12,4,1,1,1,0,2,2,0
26733,6,4,1,2,7,0,1,1,2,2,1
26734,5,4,9,4,4,1,1,1,2,2,0
26735,8,2,15,5,11,1,1,0,2,2,0
26736,9,4,11,2,12,0,1,1,2,2,0
26737,10,2,10,2,10,0,1,1,2,2,0
26738,8,4,11,2,3,3,1,1,3,2,0
26739,8,4,15,0,12,1,1,1,2,2,1
26740,8,4,11,2,7,0,1,1,2,2,1
26741,7,7,15,4,13,1,1,0,2,2,0
26742,6,4,10,2,10,0,0,1,0,2,1
26743,13,4,15,6,10,1,1,1,2,2,1
26744,8,2,11,2,8,5,0,0,3,2,0
26745,7,5,11,2,3,0,1,1,2,2,0
26746,8,0,7,2,3,0,1,1,1,2,0
26747,4,4,11,4,1,1,1,0,1,2,0
26748,5,4,10,4,10,4,1,0,2,2,0
26749,5,4,9,4,4,1,1,0,2,2,0
26750,12,4,15,2,8,0,1,1,2,2,0
26751,4,1,1,4,6,1,1,0,1,2,0
26752,6,6,11,2,14,0,0,1,2,2,1
26753,13,2,15,2,3,0,1,1,2,2,0
26754,8,4,9,2,6,0,1,1,2,2,0
26755,6,4,11,2,3,0,0,1,2,2,1
26756,4,2,11,4,4,1,1,1,2,2,1
26757,9,4,9,0,11,3,1,1,2,2,0
26758,4,2,9,4,4,1,1,0,2,2,1
26759,3,4,7,4,1,3,1,0,4,2,0
26760,6,4,11,4,8,1,1,1,2,4,0
26761,9,4,11,2,8,5,1,0,1,2,1
26762,7,0,1,0,6,1,1,1,2,2,0
26763,9,4,15,2,1,5,1,0,2,2,1
26764,9,4,12,0,6,1,1,0,2,2,0
26765,9,4,15,2,8,0,1,1,2,4,1
26766,7,4,11,2,14,0,1,1,2,2,1
26767,8,4,8,2,7,0,1,1,2,2,0
26768,5,4,1,5,7,1,1,0,0,2,0
26769,4,4,8,4,12,3,1,1,1,2,0
26770,7,5,9,2,12,0,1,1,2,4,0
26771,5,4,0,4,7,3,1,1,3,2,0
26772,5,4,7,4,7,1,1,0,1,2,0
26773,10,0,11,2,0,0,0,1,2,2,1
26774,9,4,1,2,14,0,1,1,2,2,1
26775,8,4,15,4,3,3,1,1,3,2,0
26776,12,4,11,2,10,5,1,0,2,2,0
26777,6,4,11,4,8,4,1,0,3,2,0
26778,7,2,11,4,14,1,1,1,2,2,0
26779,4,4,7,4,12,1,0,1,1,0,1
26780,9,1,9,2,13,0,1,1,2,2,0
26781,5,4,15,4,8,1,1,0,1,2,0
26782,13,4,9,2,10,0,1,1,0,2,0
26783,8,4,15,2,12,0,0,1,2,2,0
26784,5,0,0,4,0,1,1,0,1,2,0
26785,8,4,15,2,12,0,1,1,2,2,0
26786,6,4,2,2,8,5,1,0,2,2,0
26787,4,4,8,2,3,0,1,1,2,2,0
26788,6,4,7,5,1,1,1,0,1,2,0
26789,6,4,15,0,3,1,1,1,2,2,0
26790,5,4,11,0,6,1,1,1,2,2,0
26791,10,4,11,2,8,0,1,1,2,2,1
26792,5,6,7,4,14,3,1,1,2,2,0
26793,11,4,11,2,12,0,1,1,2,2,1
26794,4,5,9,2,4,0,1,1,1,2,0
26795,9,4,11,2,6,0,1,1,2,2,1
26796,8,7,9,4,4,1,1,0,2,2,0
26797,13,4,15,2,4,0,1,1,1,2,1
26798,8,4,9,2,4,0,1,1,2,2,1
26799,7,4,11,2,14,0,1,1,2,2,0
26800,5,4,5,2,6,0,1,1,2,2,1
26801,4,4,9,4,4,3,1,1,2,2,0
26802,5,7,15,2,11,0,1,1,2,2,0
26803,5,0,9,4,0,1,1,1,2,2,0
26804,7,6,9,2,12,0,1,1,2,2,0
26805,9,4,11,2,7,0,0,1,2,2,0
26806,5,4,9,2,4,0,1,1,2,2,1
26807,8,5,11,2,4,0,1,1,2,2,1
26808,10,4,15,2,12,0,1,1,2,2,0
26809,8,4,7,2,8,0,1,1,3,2,1
26810,9,6,9,2,4,0,1,1,2,2,0
26811,11,4,12,6,10,4,1,0,2,2,0
26812,5,4,7,4,14,1,1,0,0,2,0
26813,9,4,15,2,8,0,1,1,1,2,1
26814,6,4,11,2,1,5,1,0,1,2,1
26815,4,4,11,4,7,1,1,1,1,2,0
26816,4,4,11,4,13,3,1,1,0,2,0
26817,10,4,9,5,10,1,0,0,2,2,0
26818,13,4,0,2,14,0,1,1,2,2,1
26819,11,4,11,2,7,0,1,1,1,4,1
26820,10,4,11,2,3,0,1,1,2,2,0
26821,7,4,7,2,4,0,1,1,2,2,0
26822,13,1,15,2,1,0,1,1,2,2,0
26823,8,4,11,2,6,0,1,1,2,2,0
26824,14,4,7,2,14,3,1,1,3,2,0
26825,7,4,12,2,10,0,1,1,1,2,1
26826,12,4,15,2,4,0,1,1,2,2,0
26827,12,4,11,2,3,0,1,1,2,2,1
26828,5,4,14,4,10,3,1,0,2,2,0
26829,6,4,11,0,8,4,1,1,2,2,0
26830,7,5,11,2,4,0,1,1,2,2,1
26831,8,4,4,4,3,1,1,1,2,2,0
26832,5,4,15,2,10,0,1,1,2,2,1
26833,5,4,4,2,6,0,1,1,2,2,1
26834,11,0,15,6,0,4,1,0,2,2,0
26835,5,4,11,4,7,1,0,1,2,2,0
26836,7,4,11,2,14,0,0,1,3,2,0
26837,4,6,15,3,8,4,1,0,1,2,0
26838,5,1,15,4,10,3,1,0,2,2,0
26839,4,4,8,4,5,1,1,1,2,2,0
26840,8,0,15,2,0,0,1,1,2,1,0
26841,6,4,11,4,3,3,1,1,2,2,0
26842,6,2,12,4,10,3,1,0,3,2,0
26843,4,4,9,4,4,4,1,1,1,2,0
26844,8,4,11,4,1,3,0,0,2,2,0
26845,6,4,12,4,4,1,1,0,2,2,0
26846,13,4,6,6,9,1,1,0,1,2,0
26847,4,6,15,4,12,4,0,0,2,2,1
26848,3,2,15,4,1,4,0,0,1,2,0
26849,8,4,9,2,8,0,1,1,3,2,0
26850,3,0,9,4,0,1,1,1,0,2,1
26851,5,4,9,4,1,3,1,0,2,2,0
26852,14,4,11,1,7,3,1,0,1,2,0
26853,6,4,15,2,3,0,1,1,2,2,1
26854,12,4,10,4,4,3,1,1,2,4,0
26855,5,2,12,4,10,3,1,0,2,2,0
26856,7,4,15,2,4,0,1,1,2,2,1
26857,9,4,9,5,12,1,1,1,2,2,0
26858,5,4,12,4,10,3,1,1,2,1,0
26859,6,4,9,2,3,0,1,1,1,2,0
26860,10,4,9,2,10,0,1,1,2,2,1
26861,9,4,11,5,12,1,1,1,2,2,0
26862,7,4,9,2,12,5,1,0,2,2,1
26863,6,4,13,2,7,0,0,1,1,2,1
26864,6,4,11,2,8,0,1,1,2,4,0
26865,8,4,11,0,12,4,1,0,2,2,0
26866,6,4,9,2,4,0,1,1,2,2,0
26867,4,0,15,4,0,2,1,1,0,2,0
26868,11,4,15,2,3,0,1,1,2,2,1
26869,12,4,0,2,7,5,1,0,1,2,1
26870,3,1,15,4,13,4,0,1,1,2,0
26871,12,4,9,2,1,5,1,0,2,2,0
26872,13,4,15,0,1,1,1,0,2,1,0
26873,11,4,15,0,13,4,1,0,3,2,0
26874,6,4,15,0,6,1,1,1,3,2,0
26875,15,4,1,2,3,0,1,1,0,2,0
26876,9,4,9,0,12,4,0,0,2,2,0
26877,5,1,15,4,10,3,1,0,1,2,0
26878,9,4,11,2,7,0,0,1,2,2,0
26879,4,4,15,4,6,3,1,0,2,2,0
26880,4,1,15,4,13,3,1,0,2,2,0
26881,7,4,11,4,1,3,1,0,2,2,0
26882,8,4,11,2,8,0,0,1,2,2,1
26883,4,4,11,4,13,3,1,0,2,2,0
26884,9,4,11,0,1,1,1,0,3,2,0
26885,6,5,12,2,4,0,1,1,2,2,1
26886,5,1,15,3,1,4,1,0,2,2,0
26887,8,4,11,2,14,0,1,1,2,2,1
26888,5,4,9,4,8,2,0,0,2,2,0
26889,15,4,9,2,1,0,1,1,3,2,1
26890,9,4,15,2,3,0,1,1,2,2,0
26891,8,4,15,2,7,0,1,1,2,2,0
26892,7,4,9,0,1,1,0,0,3,2,0
26893,4,6,8,4,3,1,1,1,3,2,0
26894,8,4,15,5,8,4,0,0,3,2,0
26895,9,4,15,2,4,5,1,0,2,2,0
26896,3,6,1,4,3,1,1,1,2,2,0
26897,5,7,15,6,1,1,0,1,2,0,0
26898,9,6,0,0,3,4,1,1,2,2,0
26899,9,6,15,0,10,1,1,1,1,2,0
26900,5,4,8,4,9,1,0,0,1,2,0
26901,6,4,10,2,1,0,1,1,3,2,0
26902,6,0,15,0,0,4,1,0,2,2,0
26903,4,1,12,4,6,1,1,1,1,2,0
26904,5,4,0,0,3,2,1,1,1,2,0
26905,7,4,9,4,10,3,1,0,2,4,0
26906,4,0,15,4,0,3,1,0,2,2,0
26907,10,4,15,2,12,0,1,1,2,2,1
26908,11,4,9,2,4,0,1,1,2,2,1
26909,8,4,11,2,8,0,0,1,1,1,0
26910,8,4,9,2,13,5,1,0,2,2,1
26911,9,0,11,2,6,0,1,1,2,2,0
26912,10,4,15,2,11,0,1,1,1,2,0
26913,4,4,15,4,3,3,1,1,2,2,0
26914,8,4,1,2,3,0,1,1,1,2,0
26915,3,4,15,4,12,3,1,0,0,2,0
26916,8,2,8,2,13,0,1,1,3,2,0
26917,7,4,10,5,10,2,1,0,2,2,1
26918,13,4,11,4,12,1,1,1,2,2,0
26919,3,1,9,4,10,3,1,1,1,2,0
26920,12,2,0,2,8,0,1,1,1,2,1
26921,7,4,11,2,6,0,1,1,2,2,0
26922,5,5,4,4,8,1,1,0,2,2,0
26923,5,4,8,4,1,3,1,0,2,2,0
26924,8,4,15,0,7,1,1,1,2,2,0
26925,4,4,0,4,7,1,1,0,2,2,0
26926,11,4,8,0,8,1,0,1,2,0,0
26927,6,5,11,4,4,3,1,0,2,2,0
26928,8,4,10,2,1,0,1,1,3,2,0
26929,8,4,15,0,3,1,1,0,2,2,0
26930,5,4,11,2,3,0,1,1,2,2,1
26931,7,2,10,2,11,0,1,1,2,2,1
26932,13,0,15,2,0,0,1,1,2,2,0
26933,10,4,11,2,1,0,0,1,3,2,1
26934,4,4,12,0,1,4,1,0,2,2,0
26935,7,4,5,0,8,1,1,0,2,2,0
26936,8,4,11,2,14,0,1,1,2,2,1
26937,6,0,11,4,0,1,1,0,1,2,0
26938,6,4,11,4,12,3,1,1,2,2,0
26939,5,6,11,4,5,3,1,1,2,2,0
26940,8,4,11,0,8,4,1,0,2,2,0
26941,5,4,10,2,4,0,1,1,2,2,0
26942,4,6,14,4,10,3,1,0,2,2,0
26943,13,2,9,6,10,1,1,0,1,2,0
26944,3,4,15,4,4,4,1,0,1,2,0
26945,10,4,11,2,7,0,1,1,2,2,1
26946,11,4,4,2,3,0,0,1,0,2,0
26947,4,4,11,4,8,4,1,0,2,2,0
26948,4,4,12,4,4,3,1,1,2,2,0
26949,6,4,1,2,14,3,1,1,2,2,0
26950,8,4,11,2,12,0,1,1,2,2,1
26951,7,4,11,4,8,3,0,0,2,2,0
26952,8,4,11,2,12,0,0,1,2,0,0
26953,10,0,0,2,0,0,1,1,2,2,1
26954,3,4,11,4,12,3,1,1,0,2,0
26955,8,4,11,2,7,0,1,1,2,2,0
26956,8,6,9,2,12,2,1,0,2,2,0
26957,3,4,9,4,10,3,0,1,1,0,0
26958,7,4,15,4,3,1,1,1,2,2,0
26959,12,6,11,2,14,2,1,1,4,2,1
26960,3,6,15,4,12,3,1,0,1,2,0
26961,5,4,12,4,4,1,1,0,0,2,1
26962,7,4,12,2,4,0,1,1,2,2,1
26963,12,4,11,6,3,1,1,1,1,2,0
26964,12,4,1,2,8,0,1,1,2,4,0
26965,8,4,12,6,12,4,1,0,2,2,0
26966,9,4,15,0,1,0,0,1,2,0,1
26967,9,6,15,2,3,0,1,1,1,2,0
26968,6,4,9,2,12,0,1,1,2,2,0
26969,9,6,15,0,3,4,1,1,2,2,0
26970,7,1,1,2,14,0,1,1,2,2,1
26971,9,2,9,2,11,0,1,1,1,2,0
26972,14,0,9,2,0,0,1,1,3,2,0
26973,14,6,9,5,12,4,1,0,1,2,0
26974,5,4,11,5,8,4,0,0,2,2,0
26975,5,4,15,4,12,1,1,0,2,2,0
26976,9,4,15,2,4,5,1,0,2,2,1
26977,11,4,9,0,4,1,1,1,2,2,0
26978,12,4,1,2,8,0,1,1,0,2,0
26979,11,4,1,2,3,0,0,1,2,4,0
26980,7,4,11,2,12,0,1,1,3,2,0
26981,10,6,11,2,3,0,1,1,2,2,0
26982,4,4,9,4,1,3,1,0,2,2,0
26983,9,4,9,2,10,0,1,1,2,2,0
26984,7,4,15,0,12,1,1,0,2,2,0
26985,6,0,11,2,0,0,1,1,2,2,1
26986,6,4,11,2,4,0,1,1,2,2,0
26987,8,4,11,2,12,0,1,1,2,2,1
26988,5,4,11,4,8,2,1,1,2,2,0
26989,11,4,11,6,8,1,1,0,2,2,0
26990,6,4,11,2,1,5,1,0,2,2,0
26991,11,4,1,2,14,0,1,1,2,2,0
26992,9,4,9,0,10,1,0,1,2,2,1
26993,4,2,11,4,1,1,1,0,1,2,0
26994,8,4,15,2,3,0,1,1,4,2,0
26995,5,4,11,4,8,1,1,0,2,2,0
26996,5,6,15,2,4,0,1,1,2,2,0
26997,10,4,15,0,5,4,1,0,2,1,1
26998,7,4,5,2,3,5,0,1,2,2,0
26999,9,2,9,0,10,1,1,0,1,2,1
27000,8,4,15,4,1,3,1,0,2,2,0
27001,6,4,0,2,5,0,1,1,2,2,1
27002,11,7,11,4,14,1,1,1,2,2,0
27003,12,4,11,2,6,0,1,1,2,2,0
27004,10,4,1,2,6,0,1,1,2,2,1
27005,6,4,11,0,1,4,1,1,2,2,0
27006,6,4,15,2,1,5,0,0,2,2,1
27007,7,4,10,2,10,5,1,0,2,2,0
27008,7,1,15,2,10,0,1,1,2,2,1
27009,9,1,11,2,1,0,0,1,2,2,1
27010,11,4,6,2,3,0,1,1,2,2,0
27011,8,4,11,2,14,0,1,1,2,2,1
27012,4,6,11,2,3,0,1,1,0,2,0
27013,9,4,11,4,8,3,1,0,2,2,0
27014,8,1,11,2,1,0,1,1,2,2,1
27015,7,4,11,2,10,0,1,1,2,2,0
27016,7,4,11,4,10,2,1,1,2,2,0
27017,6,4,9,4,12,4,1,0,1,2,0
27018,8,5,7,2,4,0,1,1,1,2,0
27019,12,4,9,2,12,0,1,1,1,2,0
27020,6,4,15,2,4,0,1,1,3,2,0
27021,6,4,12,0,10,4,1,0,3,2,0
27022,4,4,15,4,10,1,1,0,0,2,0
27023,8,4,9,2,12,0,1,1,2,2,1
27024,8,4,15,2,6,0,0,1,2,2,1
27025,5,6,12,4,10,3,0,1,2,2,0
27026,7,4,11,2,6,2,0,1,2,4,0
27027,7,4,9,0,4,1,1,1,2,2,0
27028,6,5,8,2,4,0,1,1,2,2,0
27029,7,4,11,2,12,0,1,1,2,2,1
27030,9,4,8,0,1,4,0,0,3,0,0
27031,8,4,8,2,7,0,0,1,1,2,0
27032,7,4,15,2,13,0,1,1,1,2,0
27033,3,6,11,4,7,3,1,0,1,2,0
27034,12,4,15,3,1,4,1,0,2,2,1
27035,5,7,15,4,8,3,0,0,0,2,0
27036,12,4,0,6,8,4,1,1,1,2,0
27037,11,4,1,0,8,1,0,0,2,2,0
27038,5,1,15,4,1,3,0,0,2,2,0
27039,4,4,9,4,4,1,1,1,1,2,0
27040,7,4,15,2,1,5,1,0,2,2,1
27041,5,4,7,2,1,5,1,0,1,2,0
27042,7,4,9,2,12,0,1,1,2,2,0
27043,11,4,12,0,12,4,1,1,2,2,0
27044,4,7,8,4,10,1,1,1,1,2,0
27045,9,4,15,2,4,0,1,1,2,2,1
27046,6,4,9,0,4,4,1,0,2,2,0
27047,3,0,11,4,0,3,1,1,1,2,0
27048,3,4,12,2,12,0,1,1,2,2,0
27049,10,4,11,2,3,0,1,1,1,2,0
27050,9,4,9,2,10,0,1,1,2,2,0
27051,8,4,11,4,8,3,1,0,2,2,0
27052,7,4,11,2,8,0,1,1,2,2,1
27053,4,4,11,4,12,1,1,0,1,2,0
27054,9,5,12,2,4,5,1,0,2,2,0
27055,5,4,15,4,12,3,1,0,2,2,0
27056,6,6,15,4,3,3,1,0,2,2,0
27057,9,4,7,2,10,0,1,1,1,2,1
27058,9,4,9,2,4,0,1,1,2,2,1
27059,11,1,0,6,1,4,1,0,2,2,0
27060,5,4,9,2,12,0,1,1,2,2,1
27061,13,4,12,2,10,5,1,0,2,2,0
27062,7,4,4,0,8,1,1,0,2,2,0
27063,3,4,14,4,10,3,1,0,1,2,0
27064,5,5,9,2,4,0,1,1,2,2,1
27065,11,4,12,2,10,0,0,1,2,2,0
27066,9,4,11,2,8,0,1,1,3,2,0
27067,5,4,11,2,12,5,1,0,0,2,1
27068,9,4,11,2,14,0,1,1,2,2,0
27069,10,7,9,0,13,3,1,1,2,2,0
27070,6,4,15,2,6,0,0,1,3,2,1
27071,9,4,8,2,12,0,1,1,3,2,0
27072,4,4,9,4,7,1,1,1,1,2,0
27073,6,4,15,2,10,0,1,1,2,2,1
27074,3,4,15,4,12,3,1,0,2,2,0
27075,8,4,8,0,12,1,1,1,2,2,0
27076,14,4,9,2,4,0,1,1,1,2,0
27077,5,4,11,4,3,3,1,1,2,2,0
27078,5,4,9,4,4,3,1,0,2,2,0
27079,8,4,11,2,1,0,1,1,2,2,1
27080,9,4,9,2,10,0,1,1,2,2,1
27081,7,4,15,2,14,0,0,1,2,2,0
27082,14,4,11,2,4,0,1,1,2,2,1
27083,6,4,11,2,7,5,1,0,2,2,0
27084,10,4,15,2,7,0,1,1,2,1,0
27085,9,4,1,2,8,2,1,0,2,2,0
27086,5,4,15,2,12,0,1,1,2,2,1
27087,4,4,11,4,7,3,1,1,3,2,0
27088,6,2,11,3,1,4,1,0,1,2,0
27089,5,4,11,2,3,0,1,1,1,2,0
27090,7,4,11,2,3,0,1,1,2,2,0
27091,14,4,6,2,9,0,1,1,3,2,1
27092,13,7,8,6,10,4,1,0,2,2,0
27093,3,4,11,4,3,2,1,1,0,2,0
27094,14,4,15,2,1,0,1,1,1,2,1
27095,3,4,1,4,6,1,1,1,0,2,0
27096,6,4,15,2,5,0,1,1,4,2,1
27097,4,4,7,4,8,3,1,0,2,2,0
27098,4,4,11,4,3,1,0,1,1,2,0
27099,4,1,10,4,10,2,1,0,2,2,0
27100,3,4,11,5,7,4,1,0,1,2,0
27101,7,4,11,5,7,4,0,1,3,2,0
27102,11,4,12,2,10,0,1,1,2,2,0
27103,4,4,11,4,1,1,1,0,1,2,0
27104,4,4,15,4,10,1,1,0,2,2,0
27105,10,4,11,2,3,0,0,1,2,0,0
27106,7,4,2,2,6,5,1,0,1,2,1
27107,13,1,11,6,1,4,1,0,2,2,0
27108,5,4,7,4,12,1,1,1,2,2,0
27109,7,4,11,2,1,5,1,0,2,2,1
27110,12,6,15,2,12,0,0,1,4,2,0
27111,8,4,9,2,13,0,1,1,2,2,1
27112,10,4,12,2,10,0,1,1,3,2,0
27113,15,4,9,0,4,1,0,1,2,0,0
27114,9,4,8,0,6,4,1,0,1,2,1
27115,5,2,11,4,8,1,1,1,2,2,0
27116,4,4,8,4,3,1,1,1,1,2,0
27117,5,4,9,4,3,3,1,1,2,2,0
27118,10,6,15,2,8,0,1,1,2,2,1
27119,9,4,11,2,1,5,1,0,2,2,1
27120,5,7,8,4,10,1,1,0,2,2,0
27121,5,1,11,2,7,0,1,1,2,2,1
27122,5,7,12,2,10,0,1,1,2,2,0
27123,12,5,15,2,4,2,1,0,0,2,0
27124,10,7,15,6,1,4,0,0,2,2,0
27125,6,7,9,2,10,0,1,1,2,4,0
27126,8,4,1,2,3,0,1,1,2,2,0
27127,3,4,11,2,12,0,1,1,4,2,1
27128,7,1,7,2,4,0,1,1,2,2,1
27129,9,5,7,4,10,1,1,0,2,2,0
27130,9,4,7,2,4,0,1,1,2,2,0
27131,7,4,11,2,8,0,1,1,1,2,0
27132,6,7,12,0,4,4,1,1,2,2,0
27133,3,4,15,4,3,3,1,1,0,2,0
27134,8,4,15,0,12,1,1,0,2,2,0
27135,4,4,11,4,1,3,1,0,2,2,0
27136,10,4,11,2,8,5,0,0,2,2,0
27137,7,4,11,2,3,0,1,1,2,2,0
27138,4,4,7,4,4,3,1,1,1,2,0
27139,7,4,9,2,4,0,1,1,2,2,1
27140,7,4,8,2,4,0,1,1,2,2,1
27141,8,4,10,4,4,4,1,1,2,2,0
27142,8,4,11,2,3,0,1,1,2,2,1
27143,4,1,7,2,13,0,1,1,1,2,1
27144,5,0,11,4,0,4,1,0,2,2,0
27145,6,4,9,4,1,1,1,0,2,2,0
27146,4,4,8,4,3,3,1,1,2,2,0
27147,5,6,11,0,3,1,0,1,2,2,0
27148,7,4,9,2,10,5,1,0,1,2,0
27149,7,4,1,2,3,0,0,1,1,2,0
27150,9,4,0,0,8,1,1,1,2,2,1
27151,3,4,11,4,6,1,1,0,4,2,0
27152,7,4,11,2,7,5,1,0,2,2,0
27153,8,4,15,2,13,0,0,1,2,2,1
27154,9,4,11,4,8,4,0,0,2,2,0
27155,5,4,4,2,3,0,1,1,2,2,0
27156,4,4,8,5,9,1,0,0,2,2,0
27157,6,6,7,4,10,1,1,1,2,2,0
27158,9,4,9,0,13,1,1,1,2,2,0
27159,8,7,3,6,2,3,0,0,2,2,0
27160,6,4,9,2,11,0,1,1,2,2,1
27161,4,4,11,4,3,3,1,1,0,2,0
27162,6,4,9,4,8,3,1,0,2,2,0
27163,5,1,8,4,13,1,1,1,2,2,0
27164,8,4,11,0,8,1,1,0,3,2,0
27165,12,6,11,2,5,0,1,1,1,2,0
27166,10,7,15,0,1,4,1,0,0,2,0
27167,12,4,9,0,4,1,1,1,2,2,0
27168,9,4,9,0,12,1,1,0,2,2,1
27169,8,4,11,5,14,1,0,1,3,2,0
27170,9,4,11,2,3,0,1,1,2,2,0
27171,9,4,11,2,12,0,0,1,2,2,0
27172,8,4,11,2,5,0,1,1,3,2,1
27173,6,7,7,4,1,1,1,1,2,2,0
27174,6,4,11,4,4,1,1,0,3,2,0
27175,3,4,2,4,13,3,1,0,2,2,0
27176,5,4,9,4,12,4,1,1,1,2,0
27177,3,2,9,4,4,4,1,1,1,2,0
27178,9,4,9,4,10,2,1,1,2,2,0
27179,12,4,14,4,10,1,1,1,2,2,0
27180,5,4,11,4,3,3,1,0,3,2,0
27181,6,5,9,2,4,0,0,1,2,2,1
27182,4,6,11,4,12,3,1,1,2,2,0
27183,4,4,11,4,7,1,0,0,2,2,0
27184,5,4,11,0,7,1,1,0,2,2,0
27185,5,6,15,4,12,4,1,0,2,2,0
27186,6,6,9,2,4,0,1,1,2,2,1
27187,7,4,11,0,10,1,1,0,2,2,0
27188,14,4,8,2,5,0,1,1,1,2,0
27189,7,4,11,0,1,1,1,0,2,2,0
27190,9,6,11,0,4,3,1,0,2,2,0
27191,9,4,15,2,8,0,1,1,2,2,1
27192,7,4,8,2,5,0,1,1,2,2,0
27193,7,4,12,4,10,3,0,1,2,2,0
27194,7,4,11,2,4,0,1,1,2,2,1
27195,5,4,1,4,14,1,1,1,2,2,0
27196,4,4,11,4,1,1,1,0,2,2,0
27197,10,4,11,2,8,5,1,0,2,2,1
27198,7,2,15,2,13,0,1,1,2,2,1
27199,5,0,3,2,0,0,1,1,2,2,1
27200,5,4,11,4,14,3,1,1,3,2,0
27201,5,4,11,2,3,0,1,1,2,2,0
27202,6,4,1,2,3,0,1,1,2,2,0
27203,5,6,12,4,4,3,1,1,1,2,0
27204,7,2,14,2,10,0,1,1,2,2,1
27205,7,4,11,2,7,0,0,1,2,2,1
27206,7,4,11,2,7,0,1,1,2,2,0
27207,6,4,5,4,9,3,0,0,2,2,0
27208,5,4,15,4,10,3,1,1,2,2,0
27209,3,4,3,4,14,3,1,1,0,2,0
27210,17,4,11,2,7,3,1,1,1,2,0
27211,8,4,11,4,3,3,1,0,3,2,0
27212,7,2,11,4,1,4,1,0,3,2,0
27213,6,4,11,4,1,3,1,1,2,2,0
27214,4,2,12,4,10,1,1,0,2,2,0
27215,6,2,11,2,8,0,0,1,2,2,1
27216,5,4,15,4,12,1,1,0,2,2,0
27217,9,2,14,2,10,0,1,1,2,2,0
27218,8,4,8,0,8,1,1,0,2,2,0
27219,7,4,11,4,3,3,1,1,2,2,0
27220,3,4,11,4,6,3,0,1,0,2,0
27221,4,4,11,4,6,3,1,1,1,2,0
27222,16,4,9,2,10,0,1,1,1,2,0
27223,4,4,15,4,10,3,1,1,0,2,0
27224,4,6,15,4,12,1,1,0,2,2,0
27225,10,4,6,2,7,0,1,1,2,2,1
27226,7,4,11,4,4,2,1,0,2,2,0
27227,11,4,9,2,11,0,1,1,0,2,0
27228,6,4,11,4,1,1,1,1,2,2,0
27229,10,6,0,2,5,0,1,1,2,2,1
27230,4,4,8,4,1,1,1,0,0,2,0
27231,4,4,4,2,8,0,1,1,2,2,1
27232,7,4,10,2,10,0,1,1,2,2,1
27233,7,4,14,2,4,0,1,1,2,2,0
27234,7,4,12,4,4,1,1,1,2,2,0
27235,11,4,14,0,4,1,1,1,1,2,0
27236,10,4,9,2,4,0,1,1,3,1,1
27237,6,4,11,2,3,0,1,1,3,2,1
27238,7,4,11,2,14,0,1,1,2,2,0
27239,4,4,11,4,12,4,0,0,2,2,0
27240,5,4,11,4,6,1,1,1,1,2,0
27241,4,4,15,4,8,3,1,0,3,2,0
27242,7,4,11,0,7,4,1,0,2,2,0
27243,8,4,8,5,8,1,1,0,3,2,1
27244,4,4,1,4,3,1,1,1,2,2,1
27245,11,5,15,2,3,0,1,1,2,2,1
27246,7,4,15,0,10,1,1,0,2,2,1
27247,6,2,12,0,10,4,1,0,3,2,0
27248,4,4,11,2,7,0,0,1,1,2,1
27249,6,4,9,4,12,1,1,1,2,2,0
27250,5,7,15,0,14,1,1,1,2,2,0
27251,4,4,7,4,4,1,1,0,2,2,1
27252,8,4,15,0,1,1,1,0,2,2,0
27253,3,4,9,4,10,3,1,0,1,2,0
27254,5,4,15,4,1,1,1,1,2,2,1
27255,4,4,9,2,11,0,1,1,1,2,0
27256,5,5,15,4,12,3,1,1,2,2,0
27257,10,4,9,2,4,0,1,1,2,2,0
27258,8,4,11,4,14,4,1,0,2,2,0
27259,9,2,9,4,11,1,1,1,2,2,0
27260,7,4,11,4,7,3,1,1,2,2,0
27261,5,4,15,4,12,1,1,0,2,0,0
27262,3,0,8,4,0,3,0,0,1,2,0
27263,7,4,15,4,1,1,1,0,2,2,0
27264,5,4,12,0,8,4,1,0,2,2,0
27265,6,4,9,4,12,3,1,1,4,2,0
27266,4,7,12,4,10,3,1,0,1,2,0
27267,6,4,11,4,3,3,0,1,3,2,0
27268,13,4,0,6,6,4,1,1,2,2,0
27269,5,4,12,2,1,5,1,0,2,2,0
27270,4,4,11,4,1,1,1,0,2,2,0
27271,14,4,11,3,1,5,1,0,1,2,0
27272,5,4,9,2,10,0,0,1,2,2,0
27273,8,4,15,2,12,0,1,1,2,2,1
27274,10,4,9,2,4,0,1,1,2,2,0
27275,8,4,11,0,1,4,1,0,2,2,0
27276,7,4,15,2,13,0,1,1,3,2,0
27277,7,4,9,2,13,0,1,1,2,2,0
27278,7,4,2,0,6,4,1,1,2,2,0
27279,5,2,9,4,13,3,1,0,2,2,0
27280,4,6,7,4,10,1,1,0,2,2,0
27281,8,4,9,2,8,0,0,1,2,2,1
27282,4,4,1,4,14,5,1,0,1,2,1
27283,9,4,11,2,3,0,1,1,2,2,1
27284,10,4,7,0,10,1,1,1,2,2,0
27285,4,0,10,2,0,0,1,1,1,2,1
27286,10,4,15,4,1,1,1,0,2,2,0
27287,14,4,9,2,4,0,1,1,3,2,0
27288,11,4,11,5,8,4,1,0,2,2,0
27289,6,6,9,0,10,1,0,1,2,2,0
27290,6,4,15,2,13,5,1,0,2,2,0
27291,10,4,11,2,7,0,1,1,2,2,0
27292,8,4,12,2,5,0,1,1,2,2,0
27293,5,4,15,4,13,3,1,0,2,2,0
27294,8,4,12,2,10,0,1,1,2,2,1
27295,3,7,15,4,13,3,1,1,2,2,0
27296,7,4,11,2,8,5,1,0,2,2,1
27297,5,4,11,2,7,0,1,1,2,2,0
27298,8,4,11,2,7,2,1,0,1,2,0
27299,5,4,9,4,10,3,1,1,2,2,0
27300,12,4,15,0,10,3,0,1,2,2,0
27301,4,4,11,4,1,3,1,0,1,2,0
27302,4,4,15,4,12,3,1,0,2,2,0
27303,5,5,15,2,4,0,1,1,3,2,0
27304,11,4,15,2,12,5,1,0,2,2,0
27305,8,4,11,2,12,0,1,1,3,2,0
27306,8,7,11,6,8,1,1,0,2,2,0
27307,3,4,11,4,12,1,1,0,0,2,1
27308,5,5,11,4,11,1,1,1,0,2,0
27309,8,1,11,0,1,4,1,0,2,2,0
27310,10,4,15,2,12,0,0,1,0,2,0
27311,4,4,10,4,10,3,1,1,2,2,0
27312,10,4,11,2,7,0,1,1,2,2,1
27313,4,4,11,2,6,0,0,1,1,0,0
27314,7,4,15,3,13,1,1,1,2,2,1
27315,5,4,8,0,13,1,1,1,2,2,0
27316,9,4,9,4,12,4,1,0,2,2,0
27317,6,4,10,2,4,0,1,1,2,2,1
27318,7,4,11,0,7,3,1,0,2,2,0
27319,5,2,11,2,3,0,1,1,2,2,1
27320,5,4,1,4,8,1,0,0,2,2,1
27321,9,4,11,2,6,0,0,1,2,0,0
27322,9,4,15,4,4,3,1,1,1,2,0
27323,6,4,5,3,8,4,1,0,2,2,0
27324,9,4,13,2,7,0,1,1,2,2,0
27325,5,4,1,3,3,1,1,0,2,2,0
27326,11,1,11,4,1,1,1,1,1,2,0
27327,7,4,9,4,12,1,1,1,2,2,0
27328,12,6,1,2,3,0,1,1,1,2,0
27329,13,4,15,6,1,4,0,0,1,0,0
27330,8,4,6,3,7,1,1,1,2,2,0
27331,5,7,11,2,11,0,1,1,3,2,1
27332,12,4,11,2,3,0,1,1,1,2,0
27333,8,6,9,2,10,0,0,1,2,2,0
27334,9,6,9,2,12,0,1,1,2,2,0
27335,7,2,15,0,3,4,1,0,2,2,0
27336,8,4,15,2,12,0,1,1,2,2,0
27337,7,2,12,2,10,0,1,1,2,2,0
27338,6,4,0,2,8,5,0,0,2,2,0
27339,9,4,11,4,3,1,1,1,2,2,0
27340,15,4,11,0,12,1,1,1,3,2,0
27341,9,4,9,0,4,1,1,1,1,2,0
27342,14,4,11,2,3,0,1,1,0,2,0
27343,8,4,9,2,1,0,1,1,2,2,1
27344,11,4,8,2,8,0,1,1,2,2,0
27345,4,4,15,4,7,3,1,0,2,2,0
27346,10,4,7,5,10,4,1,0,2,2,0
27347,3,4,0,4,3,1,1,1,2,2,0
27348,3,2,11,4,14,3,1,1,0,2,0
27349,14,7,9,0,4,1,1,1,1,2,0
27350,8,4,12,0,4,4,1,1,2,2,0
27351,6,4,11,2,7,0,1,1,2,2,1
27352,10,4,6,2,8,5,1,0,2,2,1
27353,6,4,9,0,1,3,1,0,2,2,0
27354,5,4,12,2,6,0,1,1,1,2,1
27355,11,4,9,2,10,0,1,1,2,2,1
27356,6,4,6,0,3,4,1,0,2,2,0
27357,9,2,14,2,10,5,0,0,2,2,0
27358,6,4,8,2,4,0,1,1,2,2,0
27359,5,4,15,4,4,4,0,0,1,2,0
27360,7,4,11,4,4,4,1,0,1,2,0
27361,3,6,15,4,5,1,1,1,1,2,0
27362,6,4,8,2,10,5,1,0,2,2,0
27363,6,4,14,4,10,3,1,1,2,2,0
27364,5,6,7,0,14,1,0,1,2,2,0
27365,6,4,9,0,4,1,0,0,2,2,0
27366,5,6,11,4,7,2,1,1,2,1,0
27367,7,4,0,4,8,1,1,0,2,2,0
27368,5,4,9,2,4,0,1,1,2,2,0
27369,9,1,0,2,14,0,1,1,1,2,1
27370,10,4,9,0,4,1,1,0,2,2,0
27371,9,0,15,2,0,0,1,1,2,2,1
27372,5,6,15,2,3,0,1,1,2,2,1
27373,4,4,9,4,12,3,1,0,2,2,0
27374,12,4,15,2,4,0,1,1,0,2,1
27375,8,4,11,2,5,0,1,1,1,2,1
27376,5,4,9,4,12,3,1,1,2,2,0
27377,11,4,9,6,10,1,1,1,2,2,0
27378,7,6,8,4,1,3,1,0,3,2,0
27379,7,4,0,4,7,3,1,1,2,2,0
27380,14,4,11,2,7,0,0,1,2,2,0
27381,6,4,11,5,12,1,1,1,2,2,0
27382,6,4,15,2,7,0,1,1,2,2,0
27383,3,4,11,4,7,2,1,0,0,2,0
27384,5,6,15,4,12,3,1,0,3,2,0
27385,12,1,12,2,10,0,1,1,1,2,0
27386,12,4,15,2,14,0,1,1,2,2,0
27387,3,2,9,4,4,1,1,1,3,2,0
27388,10,4,15,4,8,3,0,1,0,2,0
27389,6,4,11,2,8,0,1,1,2,2,0
27390,3,2,10,4,10,1,1,0,2,2,0
27391,6,4,15,0,1,4,0,0,2,2,0
27392,12,4,11,0,8,1,1,0,1,2,1
27393,11,4,15,2,1,0,0,1,2,2,1
27394,7,4,7,4,1,4,0,0,2,2,1
27395,9,4,11,2,14,0,1,1,2,2,1
27396,7,4,11,2,7,0,1,1,3,2,0
27397,4,4,12,4,1,3,1,1,2,2,0
27398,6,4,4,2,8,0,1,1,1,2,1
27399,8,4,11,2,7,0,1,1,3,2,0
27400,12,6,11,2,14,0,0,1,1,2,0
27401,6,4,9,2,4,0,1,1,2,2,0
27402,6,5,11,4,10,1,1,1,1,2,0
27403,6,4,11,0,1,1,1,0,2,2,0
27404,5,4,15,4,1,1,1,1,2,2,0
27405,14,4,15,1,3,4,1,1,2,2,0
27406,10,4,9,4,1,1,1,0,2,2,0
27407,10,4,1,2,3,0,1,1,1,2,0
27408,8,4,9,2,12,0,1,1,2,2,1
27409,5,4,11,2,7,0,0,1,2,0,0
27410,13,4,15,6,8,4,1,0,2,2,0
27411,7,4,8,2,6,5,1,0,2,2,1
27412,7,4,11,5,3,2,1,1,1,2,0
27413,11,4,2,0,8,4,1,0,2,2,0
27414,8,4,12,4,4,1,1,1,2,2,0
27415,12,4,11,5,1,1,1,0,2,2,0
27416,4,4,11,4,12,1,1,0,0,2,0
27417,3,4,11,4,6,1,1,1,2,2,0
27418,4,4,11,4,4,1,1,0,1,2,0
27419,14,4,8,2,14,0,0,1,2,2,1
27420,12,7,8,2,1,5,1,0,2,2,1
27421,6,0,15,0,0,4,1,1,2,2,0
27422,8,4,6,2,7,5,1,0,2,2,0
27423,8,7,9,2,1,0,1,1,3,2,1
27424,7,1,1,4,14,1,1,1,1,2,0
27425,6,4,9,2,10,0,1,1,1,2,1
27426,10,0,11,2,0,5,0,0,2,2,1
27427,12,6,7,5,4,1,1,0,2,2,0
27428,6,5,11,2,11,0,1,1,1,2,1
27429,7,2,5,4,10,3,1,0,2,2,0
27430,5,7,12,4,4,1,1,1,2,2,0
27431,4,4,11,4,1,1,0,0,2,2,0
27432,4,4,9,4,4,1,1,0,3,2,0
27433,5,4,9,2,10,0,1,1,2,2,0
27434,6,0,15,2,0,0,1,1,2,2,0
27435,7,4,11,2,7,5,1,0,2,2,0
27436,7,4,11,2,7,0,1,1,1,2,0
27437,4,4,9,4,4,3,1,1,0,2,0
27438,4,4,11,4,1,3,1,0,2,2,0
27439,10,4,9,2,10,0,1,1,1,2,0
27440,7,6,11,2,3,0,0,1,2,2,1
27441,4,4,15,4,14,3,1,1,2,2,0
27442,8,5,9,2,4,0,1,1,1,2,0
27443,4,4,15,4,4,3,1,0,0,2,0
27444,7,4,0,0,3,1,1,1,2,2,0
27445,5,4,7,2,7,0,1,1,2,1,0
27446,10,6,0,2,3,0,1,1,1,2,0
27447,6,2,7,2,4,0,1,1,2,2,0
27448,12,4,7,2,3,0,1,1,2,2,0
27449,3,4,15,4,1,3,1,1,1,2,0
27450,9,2,14,2,10,0,1,1,2,4,1
27451,6,4,15,0,8,3,1,0,2,2,0
27452,10,2,11,2,8,0,1,1,2,2,0
27453,7,4,8,4,3,1,1,1,1,2,0
27454,10,7,12,0,10,3,1,1,2,2,0
27455,11,4,11,2,3,0,1,1,2,2,1
27456,9,4,15,0,8,4,0,0,2,2,0
27457,11,4,5,2,12,0,1,1,1,2,0
27458,10,5,14,4,4,4,1,1,2,2,0
27459,8,4,11,0,12,1,1,0,2,2,0
27460,8,4,9,4,7,1,0,1,1,2,0
27461,7,4,11,4,6,3,0,1,2,2,0
27462,13,4,14,6,10,1,1,0,0,2,0
27463,11,4,0,2,3,0,1,1,0,2,1
27464,5,0,2,4,0,3,1,1,2,2,0
27465,7,4,2,4,7,4,1,0,2,2,0
27466,6,6,9,4,3,4,1,1,2,2,0
27467,3,4,15,4,4,1,1,1,1,2,0
27468,4,4,11,0,13,1,1,1,0,2,0
27469,11,4,11,2,6,0,0,1,2,2,0
27470,4,4,15,2,3,0,1,1,2,2,0
27471,5,4,11,2,1,0,1,1,2,2,0
27472,13,1,15,2,1,5,1,0,2,2,1
27473,6,4,15,2,3,0,1,1,2,2,1
27474,5,4,11,4,7,2,0,0,2,4,0
27475,7,2,11,2,10,5,1,0,2,2,1
27476,4,4,9,4,1,2,1,0,2,2,0
27477,7,4,15,2,8,0,1,1,2,2,0
27478,5,4,9,2,4,0,1,1,1,2,1
27479,12,6,8,0,12,3,1,0,2,2,0
27480,12,4,11,0,6,1,1,1,1,2,0
27481,7,4,11,2,5,0,1,1,2,2,0
27482,6,7,0,5,1,1,0,0,2,2,1
27483,5,7,9,2,10,0,0,1,2,2,0
27484,10,4,15,2,8,0,1,1,1,2,0
27485,6,4,15,2,12,0,0,1,2,0,0
27486,5,4,7,2,10,0,1,1,2,2,1
27487,8,4,0,2,13,0,1,1,2,2,0
27488,3,0,2,4,0,4,0,0,0,2,0
27489,9,4,15,2,6,0,1,1,2,2,0
27490,18,4,11,2,1,0,0,1,1,0,0
27491,8,4,11,5,1,4,1,0,2,2,0
27492,5,4,15,2,14,0,1,1,2,2,0
27493,5,2,9,0,3,1,1,1,1,2,0
27494,6,4,15,4,4,1,1,1,2,2,0
27495,6,7,15,4,1,1,1,0,2,2,0
27496,4,5,15,4,1,3,0,0,2,2,0
27497,10,2,11,4,3,1,1,1,2,2,0
27498,7,4,8,4,1,3,0,0,2,2,0
27499,3,4,10,4,4,3,1,0,0,2,0
27500,5,4,8,4,1,3,1,1,1,2,0
27501,11,4,15,0,1,4,1,0,2,2,0
27502,6,4,9,4,12,2,1,1,3,2,0
27503,7,4,11,0,1,1,1,0,2,2,0
27504,10,4,15,4,3,3,1,1,2,2,0
27505,6,4,15,2,3,0,1,1,1,2,0
27506,11,4,11,0,6,4,1,0,1,2,0
27507,8,4,15,2,4,0,1,1,2,2,0
27508,11,4,9,2,10,0,1,1,2,2,0
27509,9,6,14,2,10,5,1,0,1,2,0
27510,6,6,11,4,3,3,1,0,2,2,0
27511,8,4,11,2,8,0,1,1,2,2,1
27512,8,4,9,4,12,3,1,0,2,2,0
27513,6,4,9,2,12,0,1,1,3,2,1
27514,12,7,9,2,10,0,1,1,4,2,0
27515,6,4,11,2,14,0,1,1,2,4,1
27516,10,6,15,0,5,1,1,1,2,2,0
27517,13,4,11,2,5,0,1,1,2,2,0
27518,5,6,11,2,5,0,1,1,2,2,0
27519,11,0,15,2,0,0,1,1,2,2,0
27520,5,4,8,5,9,1,0,1,2,2,0
27521,6,7,8,0,2,1,0,0,2,2,0
27522,6,4,11,2,3,0,1,1,2,2,0
27523,6,4,8,4,1,1,1,0,3,2,0
27524,10,7,15,2,11,0,1,1,2,2,1
27525,6,0,15,4,0,3,1,0,2,2,0
27526,8,4,15,0,10,1,1,0,2,2,0
27527,4,4,11,2,3,0,1,1,2,2,0
27528,13,4,5,0,9,1,1,0,2,2,0
27529,7,6,0,2,5,0,0,1,2,2,1
27530,6,4,2,2,5,0,1,1,2,2,0
27531,6,2,15,0,11,1,0,1,2,2,0
27532,7,4,11,2,14,0,0,1,2,2,1
27533,8,4,6,2,7,0,1,1,2,2,0
27534,7,7,1,2,11,0,1,1,2,2,0
27535,6,5,14,2,10,0,1,1,2,2,1
27536,9,4,11,2,12,0,1,1,1,2,1
27537,5,4,11,4,8,3,0,0,2,2,0
27538,11,4,11,2,3,0,1,1,2,1,1
27539,9,7,9,0,10,1,1,1,1,2,0
27540,5,6,9,0,12,1,1,1,2,2,0
27541,9,4,9,0,3,1,0,1,2,2,0
27542,4,0,11,2,0,0,1,1,3,2,0
27543,10,4,11,2,3,0,1,1,2,2,1
27544,14,4,3,2,7,0,1,1,0,2,0
27545,7,4,5,0,8,4,0,0,2,2,0
27546,6,2,9,4,11,1,1,0,4,4,0
27547,5,4,11,2,3,0,1,1,2,2,0
27548,7,4,9,2,7,5,1,0,1,2,0
27549,9,4,15,2,1,0,1,1,3,2,1
27550,10,4,15,2,6,0,0,1,2,0,0
27551,4,4,9,4,4,1,1,1,2,2,0
27552,8,0,11,0,0,4,1,0,2,2,0
27553,12,4,9,2,10,0,1,1,2,2,1
27554,5,4,9,4,6,3,0,0,2,2,0
27555,4,4,11,4,1,4,1,0,1,2,0
27556,6,5,11,4,4,3,1,0,1,2,0
27557,6,4,15,2,12,0,1,1,2,2,1
27558,8,5,1,0,14,4,0,0,2,2,0
27559,9,4,15,2,12,0,1,1,2,2,0
27560,3,4,15,4,8,1,1,1,1,2,0
27561,5,4,11,4,8,1,1,0,2,2,0
27562,5,4,9,2,1,0,1,1,2,2,1
27563,7,2,8,2,3,0,1,1,2,2,0
27564,12,4,11,2,12,0,1,1,2,2,0
27565,10,2,4,0,8,1,1,0,3,2,1
27566,10,4,12,2,4,0,1,1,1,2,0
27567,4,4,11,4,1,1,1,0,2,2,0
27568,4,4,10,4,10,3,1,0,2,2,0
27569,4,4,11,4,7,4,0,0,2,2,0
27570,5,4,6,2,7,0,0,1,2,2,1
27571,6,4,11,2,4,0,1,1,2,2,1
27572,8,1,12,0,4,1,1,0,2,2,0
27573,8,4,6,2,6,0,1,1,2,2,0
27574,10,6,8,2,4,5,1,0,2,2,0
27575,12,3,11,2,5,0,1,1,4,2,0
27576,5,7,15,4,1,1,1,0,1,2,0
27577,8,4,11,2,8,0,1,1,2,2,0
27578,10,7,9,2,10,0,1,1,2,2,1
27579,7,4,1,4,12,1,1,0,2,2,0
27580,5,6,12,2,5,0,1,1,2,2,0
27581,7,4,11,2,4,0,1,1,1,2,0
27582,10,4,15,2,12,0,1,1,2,2,1
27583,4,2,9,4,4,1,1,1,2,2,0
27584,6,4,11,4,3,1,1,1,2,2,0
27585,15,4,2,6,9,1,0,0,0,2,1
27586,4,4,15,2,7,0,1,1,2,2,0
27587,12,2,15,0,4,0,1,1,2,2,0
27588,10,4,9,2,11,0,1,1,2,2,0
27589,15,7,9,6,10,4,1,0,0,2,0
27590,6,4,9,2,4,0,1,1,2,2,1
27591,10,6,11,2,12,5,1,0,2,2,0
27592,8,4,10,0,7,1,1,0,2,2,0
27593,14,4,9,0,1,1,1,0,3,2,0
27594,4,4,5,4,12,3,1,1,1,2,0
27595,9,4,1,2,7,0,1,1,2,2,0
27596,6,4,9,4,1,3,1,0,2,2,0
27597,4,4,15,2,7,0,1,1,2,2,0
27598,7,6,12,0,10,4,0,0,2,2,1
27599,5,4,11,4,3,1,1,1,2,2,0
27600,12,4,8,0,1,3,0,0,0,2,0
27601,3,4,11,4,3,1,1,1,2,2,0
27602,6,6,1,2,5,0,1,1,2,2,0
27603,7,4,15,0,12,1,1,0,2,2,0
27604,7,4,15,2,12,0,0,1,2,2,0
27605,17,4,11,0,1,1,0,0,1,2,0
27606,7,4,0,2,7,0,1,1,2,2,0
27607,5,4,15,4,3,3,0,1,2,2,0
27608,9,4,1,2,8,0,1,1,2,2,0
27609,8,4,1,2,14,0,0,1,3,2,0
27610,7,4,11,2,3,0,0,1,3,2,0
27611,9,4,15,2,10,0,1,1,2,2,0
27612,9,4,15,2,1,0,1,1,2,2,0
27613,6,4,1,3,8,1,1,0,2,2,0
27614,12,7,15,2,4,0,1,1,2,2,0
27615,12,4,11,2,6,0,1,1,2,2,1
27616,10,7,15,0,1,1,0,0,2,2,0
27617,3,4,1,4,12,1,1,1,1,2,0
27618,6,4,11,2,7,0,1,1,2,2,0
27619,9,7,9,0,10,1,1,0,3,2,0
27620,7,4,11,2,4,0,1,1,2,2,1
27621,13,4,11,2,5,0,1,1,0,2,1
27622,4,4,15,4,4,3,1,0,1,2,0
27623,5,4,11,4,3,3,1,1,2,2,0
27624,5,4,8,4,13,3,1,1,2,2,0
27625,9,2,11,0,8,2,1,0,2,2,0
27626,6,4,11,0,1,1,1,0,2,2,0
27627,8,4,15,6,7,1,1,0,2,2,0
27628,5,4,15,0,1,1,1,0,1,2,0
27629,4,4,11,4,7,1,1,0,0,2,0
27630,7,4,0,2,14,0,1,1,2,2,0
27631,8,4,11,0,8,4,1,0,2,2,1
27632,7,6,9,4,4,3,1,1,2,2,0
27633,6,4,15,2,12,0,1,1,2,2,0
27634,12,4,11,2,5,0,1,1,2,2,1
27635,5,4,0,4,7,3,1,1,1,1,0
27636,10,4,15,2,3,0,1,1,1,2,1
27637,7,4,2,0,7,1,1,0,2,2,0
27638,4,4,11,4,14,1,1,1,2,2,0
27639,8,4,11,2,12,0,1,1,2,2,0
27640,9,4,11,2,12,0,1,1,2,2,1
27641,4,4,8,4,3,3,1,1,2,2,0
27642,9,4,11,2,3,0,1,1,2,2,0
27643,5,5,6,2,12,0,1,1,2,2,0
27644,10,4,9,2,4,0,1,1,3,2,0
27645,7,6,0,2,12,0,1,1,2,2,0
27646,5,4,11,4,3,4,1,0,2,2,0
27647,8,4,11,2,3,0,1,1,2,2,0
27648,5,7,15,4,13,3,1,1,2,2,0
27649,6,4,11,0,1,4,1,0,2,2,0
27650,4,4,15,4,13,3,1,1,2,2,0
27651,8,4,4,2,3,0,1,1,2,2,0
27652,11,4,8,0,3,1,1,1,1,2,0
27653,7,4,11,0,1,1,1,0,3,2,0
27654,5,1,12,2,10,0,1,1,1,1,1
27655,8,4,11,4,10,1,0,1,2,2,0
27656,13,3,11,2,6,5,1,0,0,2,0
27657,11,4,11,2,8,5,0,0,2,2,0
27658,11,4,11,2,10,0,1,1,2,2,0
27659,6,4,9,0,12,1,1,0,2,2,0
27660,18,4,15,2,12,0,0,1,1,0,1
27661,7,7,8,2,13,0,1,1,2,2,0
27662,6,4,11,4,12,3,1,0,2,2,0
27663,5,4,11,4,6,1,1,1,2,2,0
27664,8,0,11,0,0,4,1,0,2,2,0
27665,6,4,11,4,14,1,1,1,1,2,0
27666,12,2,8,6,5,4,1,1,2,2,0
27667,5,4,9,3,12,4,1,0,2,2,0
27668,8,5,11,2,4,0,1,1,1,2,0
27669,6,4,15,2,12,5,1,0,2,2,0
27670,5,1,11,4,1,3,1,0,1,2,0
27671,9,2,15,2,14,0,1,1,2,2,0
27672,9,4,15,4,1,1,0,0,2,0,0
27673,13,4,9,2,10,0,1,1,0,2,1
27674,7,4,5,0,8,2,1,1,2,2,0
27675,8,4,15,2,12,5,1,0,2,2,0
27676,6,6,8,2,3,0,1,1,2,2,1
27677,7,4,15,2,10,0,0,1,2,2,0
27678,9,4,11,2,14,0,1,1,0,2,1
27679,7,0,11,2,0,0,1,1,2,2,1
27680,4,4,7,4,14,2,1,1,2,2,0
27681,7,4,15,2,13,0,1,1,2,2,1
27682,4,6,15,4,4,1,1,1,2,2,1
27683,3,4,15,4,4,4,1,1,1,2,0
27684,6,4,11,2,6,0,0,1,2,2,1
27685,8,4,11,2,3,0,1,1,3,2,1
27686,9,4,11,0,3,1,1,1,2,2,1
27687,8,4,11,2,5,0,1,1,2,2,1
27688,9,4,7,0,1,3,1,0,2,2,0
27689,9,4,15,0,4,3,1,1,1,2,0
27690,7,4,11,2,14,0,1,1,2,2,1
27691,12,4,11,2,6,0,1,1,2,2,0
27692,9,6,1,4,14,3,1,1,2,2,0
27693,11,4,11,6,1,1,1,0,2,2,0
27694,9,4,11,2,4,0,0,1,1,2,0
27695,5,4,9,3,4,4,1,0,2,2,0
27696,11,4,9,2,4,0,0,1,2,0,0
27697,3,4,11,4,12,3,1,0,1,2,0
27698,5,4,9,4,8,4,1,0,2,2,0
27699,5,6,9,4,4,1,1,1,1,2,0
27700,9,2,11,2,10,0,0,1,2,0,0
27701,7,6,11,2,7,0,1,1,2,2,0
27702,3,4,9,4,8,3,1,1,1,2,0
27703,11,4,4,0,8,1,1,1,2,2,0
27704,12,4,15,2,3,0,1,1,2,2,0
27705,9,6,15,0,10,3,1,0,1,2,0
27706,11,6,11,2,3,0,1,1,2,2,0
27707,9,4,11,0,12,1,1,1,2,2,0
27708,4,4,8,3,8,1,1,1,2,2,0
27709,8,4,11,5,3,1,1,0,2,2,1
27710,11,4,11,5,6,4,1,1,0,2,0
27711,7,1,0,2,14,0,1,1,3,2,1
27712,7,4,11,5,6,1,1,1,2,2,0
27713,6,4,11,2,3,0,1,1,2,2,0
27714,9,4,9,5,4,4,1,1,3,2,0
27715,7,6,11,2,3,0,1,1,1,2,1
27716,4,4,9,4,12,3,0,1,2,2,0
27717,4,4,11,4,12,3,1,1,2,2,0
27718,10,4,11,2,11,0,0,1,2,3,1
27719,5,4,11,4,8,4,1,1,1,2,0
27720,5,4,8,4,7,1,1,0,2,2,0
27721,5,0,11,4,0,1,1,1,2,2,0
27722,8,7,9,4,10,1,1,1,2,2,0
27723,4,4,11,6,8,4,0,0,2,2,0
27724,10,4,15,0,7,1,1,0,2,2,0
27725,6,6,15,2,12,0,1,1,2,2,0
27726,7,4,15,4,8,4,1,0,2,1,1
27727,10,4,11,2,6,0,1,1,2,2,0
27728,11,5,11,0,4,4,1,0,2,2,0
27729,6,1,11,4,13,2,1,1,4,2,0
27730,4,4,15,4,8,1,1,1,2,2,0
27731,4,2,11,4,3,1,1,1,2,2,0
27732,8,4,9,0,8,1,1,0,2,2,0
27733,4,4,6,4,8,4,1,0,1,2,0
27734,5,4,11,2,7,0,1,1,2,2,0
27735,9,4,11,0,4,1,1,0,1,2,0
27736,9,4,8,4,12,1,1,1,3,2,0
27737,9,6,11,0,4,4,1,1,2,2,0
27738,4,1,9,4,10,3,1,0,2,2,0
27739,6,4,9,0,1,1,1,0,2,2,0
27740,7,4,11,2,3,0,1,1,2,2,1
27741,5,4,15,4,11,1,1,1,2,2,0
27742,7,4,11,2,1,0,1,1,2,2,1
27743,4,5,11,4,4,3,1,0,2,2,0
27744,7,4,9,2,1,0,1,1,2,2,1
27745,5,4,8,2,3,0,1,1,2,2,0
27746,10,4,0,4,14,1,1,1,2,2,0
27747,10,4,11,2,12,0,1,1,3,2,0
27748,4,4,5,4,10,3,1,0,2,2,0
27749,12,4,15,6,1,1,1,0,0,2,0
27750,8,5,12,2,12,0,1,1,2,2,0
27751,13,4,11,2,3,0,1,1,2,2,1
27752,4,4,11,4,14,3,0,1,1,0,0
27753,12,6,8,2,12,0,1,1,2,2,0
27754,6,4,11,0,8,1,1,0,2,2,0
27755,8,4,11,2,8,0,1,1,2,2,0
27756,5,1,15,4,1,4,0,0,0,2,0
27757,7,4,0,4,3,3,0,1,2,2,0
27758,3,4,15,4,1,2,0,0,1,2,0
27759,7,1,9,0,4,1,1,0,2,2,0
27760,3,4,11,4,12,3,1,1,2,2,0
27761,3,4,8,4,7,3,1,0,2,2,0
27762,8,2,15,2,10,0,1,1,2,2,1
27763,4,4,0,0,8,4,1,0,2,2,0
27764,9,4,11,5,7,4,1,1,2,0,0
27765,4,4,11,4,7,1,1,0,2,2,0
27766,5,2,12,2,10,0,1,1,2,2,0
27767,5,4,9,4,10,3,1,0,2,2,1
27768,6,4,11,2,1,5,1,0,1,2,1
27769,5,1,15,2,4,0,1,1,1,2,0
27770,6,1,14,2,10,5,1,0,2,2,1
27771,5,4,15,4,10,3,1,0,2,2,0
27772,3,4,2,4,5,1,1,1,1,2,0
27773,9,7,3,2,2,0,0,1,1,2,1
27774,7,6,15,2,8,0,1,1,2,2,1
27775,4,4,9,4,12,2,1,0,2,2,0
27776,9,6,15,2,1,0,1,1,1,2,0
27777,4,4,11,4,12,1,0,1,2,2,0
27778,4,6,9,4,12,1,1,0,1,2,0
27779,8,2,11,2,3,0,1,1,2,2,0
27780,3,4,9,4,1,3,0,0,1,2,0
27781,4,4,9,4,4,3,1,1,2,2,0
27782,7,4,3,2,7,0,0,1,2,0,1
27783,9,4,12,0,4,1,0,1,2,2,0
27784,5,4,7,5,4,4,1,0,2,2,0
27785,4,4,11,4,1,3,1,0,2,2,0
27786,10,4,11,2,12,2,0,0,2,2,0
27787,4,5,14,2,10,0,1,1,1,2,0
27788,10,2,14,2,10,0,1,1,2,2,0
27789,6,4,15,2,4,0,1,1,2,2,1
27790,12,4,15,2,12,0,1,1,2,2,0
27791,5,4,9,4,1,1,1,0,2,2,0
27792,7,4,6,4,14,3,1,0,2,2,1
27793,3,6,15,4,7,1,1,1,2,2,0
27794,6,4,9,4,13,4,1,0,3,2,0
27795,6,4,13,2,7,0,1,1,2,2,0
27796,5,7,15,4,4,3,1,1,2,2,0
27797,5,4,1,2,8,0,0,1,2,2,0
27798,9,4,9,5,10,4,1,0,2,2,0
27799,5,4,11,4,14,3,1,1,2,2,0
27800,5,4,15,4,1,3,1,0,1,2,0
27801,3,4,1,4,3,3,1,1,0,2,0
27802,5,4,11,4,3,3,1,0,2,2,0
27803,8,4,11,5,14,1,1,0,3,2,1
27804,6,4,9,2,4,0,1,1,2,2,1
27805,10,4,9,2,4,0,1,1,1,2,1
27806,4,4,1,4,8,3,1,1,2,2,0
27807,10,1,15,0,1,4,1,0,2,2,0
27808,8,4,11,2,8,5,1,0,1,2,1
27809,8,4,14,2,10,0,1,1,3,2,0
27810,4,4,15,4,1,1,1,1,0,2,0
27811,8,4,11,2,12,0,1,1,3,2,0
27812,7,4,9,2,4,5,1,0,2,2,0
27813,8,4,11,0,6,1,1,1,2,2,0
27814,4,4,11,4,12,3,1,0,2,2,0
27815,6,4,6,2,3,0,1,1,2,2,1
27816,4,5,15,2,4,0,1,1,2,2,0
27817,8,4,0,0,6,1,1,1,2,2,0
27818,9,4,11,2,3,0,1,1,2,2,1
27819,5,4,8,4,7,3,0,0,1,2,0
27820,10,5,9,2,4,0,1,1,2,2,0
27821,10,4,15,2,12,0,1,1,2,2,1
27822,3,4,12,4,10,3,1,1,1,2,0
27823,14,5,9,2,10,0,1,1,0,2,0
27824,5,4,12,2,4,0,0,1,2,2,1
27825,6,4,15,4,4,1,1,1,2,2,0
27826,8,4,11,4,3,1,1,1,2,2,0
27827,5,4,9,4,4,1,1,1,1,2,0
27828,8,6,9,2,4,0,1,1,2,2,0
27829,4,4,9,4,4,3,1,1,2,2,0
27830,10,4,1,2,8,0,1,1,2,2,1
27831,10,5,11,2,11,0,0,1,0,2,0
27832,6,4,15,0,1,4,0,0,2,2,0
27833,12,4,11,2,7,5,1,1,2,2,1
27834,13,4,8,0,3,1,1,1,1,2,0
27835,8,4,2,3,9,5,1,0,2,2,0
27836,5,4,0,2,7,0,1,1,2,2,0
27837,13,4,11,2,3,0,1,1,0,2,0
27838,7,4,11,2,4,0,1,1,2,2,0
27839,10,4,1,2,14,0,1,1,2,2,0
27840,8,4,15,5,1,4,1,0,2,2,0
27841,4,4,15,4,3,1,1,1,2,2,0
27842,8,4,15,2,8,0,1,1,2,2,1
27843,6,1,14,0,10,4,1,0,2,1,0
27844,5,4,1,2,12,5,1,0,2,2,0
27845,10,4,15,4,4,3,1,1,2,2,0
27846,7,4,11,4,1,1,1,0,2,2,0
27847,12,4,15,3,1,4,1,0,1,2,0
27848,4,4,11,4,12,3,1,1,1,2,0
27849,5,4,11,0,8,1,1,0,2,2,0
27850,3,4,6,4,7,3,1,1,1,2,0
27851,11,2,15,2,10,5,0,0,2,2,0
27852,12,4,15,6,12,1,1,0,2,2,0
27853,11,4,11,0,3,1,0,0,2,2,0
27854,12,6,15,2,12,0,1,1,2,2,0
27855,10,4,15,5,8,5,0,0,0,2,0
27856,11,4,0,0,8,4,1,0,2,2,0
27857,9,4,9,2,4,0,1,1,2,2,1
27858,7,4,15,4,12,1,1,0,2,2,0
27859,8,4,1,2,7,0,1,1,2,2,1
27860,9,4,11,2,8,0,1,1,2,2,0
27861,10,4,9,0,10,4,1,0,2,2,0
27862,5,4,9,4,1,3,1,0,2,2,0
27863,4,2,15,4,10,3,0,1,2,2,0
27864,5,1,12,4,10,1,1,0,2,2,0
27865,6,6,9,4,10,1,1,0,2,2,1
27866,3,4,9,4,4,2,1,1,0,2,0
27867,10,4,15,2,8,0,1,1,2,2,0
27868,8,4,7,2,7,0,1,1,2,2,0
27869,7,4,15,5,6,1,1,0,2,2,0
27870,3,5,11,4,3,2,1,1,2,2,0
27871,6,4,9,0,10,1,1,1,3,2,1
27872,6,4,15,2,1,0,1,1,2,2,0
27873,6,4,9,5,1,4,1,0,2,2,0
27874,6,4,14,4,4,3,1,0,2,2,0
27875,6,7,15,2,11,0,1,1,1,2,0
27876,7,4,15,2,3,0,1,1,2,2,0
27877,12,4,8,0,13,1,1,1,2,2,0
27878,10,4,11,2,8,0,1,1,2,2,1
27879,7,4,9,4,14,3,1,1,2,2,0
27880,6,4,7,2,7,0,1,1,2,2,1
27881,6,6,9,2,10,0,1,1,2,2,0
27882,8,4,1,0,12,1,1,0,3,2,0
27883,11,4,11,2,1,0,1,1,2,2,1
27884,8,4,15,2,12,0,1,1,2,3,0
27885,3,4,1,4,7,1,1,1,0,2,0
27886,10,4,11,2,3,0,1,1,3,2,0
27887,6,4,15,5,1,4,0,0,2,2,0
27888,4,2,12,4,10,3,1,0,1,2,0
27889,6,4,9,2,1,5,0,0,2,2,0
27890,5,4,10,2,5,0,1,1,2,4,1
27891,7,2,9,2,10,5,1,0,1,2,1
27892,9,4,15,0,12,4,0,1,1,0,0
27893,3,1,12,4,10,3,1,0,1,2,0
27894,4,7,8,4,13,1,0,1,1,2,0
27895,4,4,9,4,1,1,1,0,1,2,0
27896,8,4,9,0,1,4,1,0,2,2,0
27897,5,4,15,2,7,0,1,1,2,2,0
27898,7,4,11,2,3,0,1,1,2,2,1
27899,3,4,11,4,7,1,1,1,2,2,0
27900,8,4,15,2,3,0,1,1,1,1,1
27901,4,4,11,4,8,3,1,1,1,2,0
27902,3,4,11,4,3,3,0,1,4,2,0
27903,6,1,14,2,10,0,1,1,2,2,0
27904,8,2,9,4,11,3,1,1,2,2,0
27905,9,0,11,4,0,3,1,1,2,2,0
27906,4,4,7,4,8,3,1,0,2,2,0
27907,10,4,15,2,1,0,1,1,2,2,0
27908,5,4,11,4,6,1,1,1,2,2,0
27909,6,4,11,2,8,5,1,0,2,2,1
27910,10,0,15,0,0,1,1,1,2,2,0
27911,9,4,1,4,14,3,1,0,2,2,0
27912,6,4,9,4,4,1,0,1,2,2,1
27913,5,4,11,4,7,2,0,0,2,2,0
27914,14,4,9,4,4,2,0,1,3,2,0
27915,6,4,11,2,8,0,1,1,2,2,1
27916,5,4,11,4,1,1,1,0,2,2,0
27917,5,4,15,2,1,5,1,0,1,2,0
27918,8,4,6,0,8,4,1,0,3,2,0
27919,6,4,1,4,8,3,1,0,1,4,0
27920,10,4,5,2,6,0,1,1,2,2,0
27921,8,4,8,2,6,0,1,1,2,2,0
27922,9,4,11,2,3,0,1,1,3,2,0
27923,10,4,11,2,3,0,1,1,3,2,0
27924,9,7,15,2,1,0,1,1,2,2,1
27925,6,4,8,5,12,4,1,1,2,2,0
27926,12,6,11,2,3,0,0,1,2,0,0
27927,7,2,11,2,11,0,1,1,2,4,1
27928,6,6,12,2,10,0,1,1,2,2,0
27929,5,4,15,4,4,1,1,1,2,2,0
27930,8,4,9,4,13,1,0,1,2,2,0
27931,7,4,11,4,6,3,1,1,2,2,0
27932,4,5,11,2,12,0,1,1,2,2,0
27933,8,6,11,2,3,0,1,1,2,2,1
27934,4,4,11,4,1,1,1,0,1,2,0
27935,12,4,15,2,1,0,1,1,0,2,0
27936,5,4,6,2,6,0,1,1,2,1,1
27937,11,4,11,2,3,0,1,1,1,2,1
27938,13,4,15,6,13,1,1,1,2,2,0
27939,15,2,15,6,11,1,1,1,2,2,0
27940,5,4,1,4,8,2,1,1,1,2,0
27941,7,5,12,0,4,1,1,1,2,2,0
27942,8,4,11,0,1,1,1,1,2,4,0
27943,6,4,5,2,14,0,1,1,2,2,0
27944,5,4,11,4,8,1,1,0,3,2,0
27945,6,4,11,0,8,4,1,0,1,2,0
27946,15,4,11,0,1,4,0,0,0,0,0
27947,5,2,15,2,1,0,1,1,2,2,0
27948,13,4,11,2,3,0,1,1,0,2,0
27949,5,4,15,2,12,0,0,1,2,0,0
27950,11,4,15,0,3,4,1,1,2,2,0
27951,10,4,11,0,12,4,1,0,2,2,0
27952,5,6,9,0,7,1,1,1,2,2,0
27953,10,6,11,0,3,1,1,1,1,2,0
27954,11,4,11,6,1,4,1,0,1,2,0
27955,15,4,15,0,11,1,1,1,2,2,0
27956,5,2,9,2,4,0,1,1,2,2,0
27957,11,6,11,2,4,5,0,0,2,2,1
27958,11,4,9,0,3,1,1,1,2,2,0
27959,9,4,11,2,14,0,1,1,2,2,1
27960,6,4,15,2,10,0,1,1,2,2,0
27961,5,4,15,4,1,2,0,0,2,2,0
27962,9,2,11,2,3,0,1,1,2,2,0
27963,5,4,15,4,1,4,0,0,2,2,0
27964,6,0,13,5,0,4,1,0,1,2,0
27965,11,4,11,4,6,3,0,1,2,2,0
27966,8,4,11,2,3,0,1,1,3,2,0
27967,9,2,12,0,10,1,1,0,2,2,1
27968,6,4,15,5,1,4,1,0,2,2,0
27969,3,4,6,4,8,1,1,0,1,2,0
27970,5,4,6,3,8,2,1,0,2,2,1
27971,5,4,8,2,12,0,1,1,2,2,1
27972,11,2,11,2,3,0,1,1,2,2,0
27973,7,6,9,0,4,4,1,0,2,2,0
27974,12,4,11,6,1,1,1,1,2,2,0
27975,11,2,11,2,8,5,1,0,2,2,0
27976,10,2,15,4,11,1,1,1,2,2,0
27977,7,2,7,2,8,0,0,1,1,2,1
27978,12,4,11,2,3,0,1,1,4,2,1
27979,5,4,9,4,8,4,1,0,2,2,1
27980,7,4,9,0,10,1,1,0,1,2,0
27981,4,4,15,4,4,1,1,0,2,2,0
27982,6,4,11,2,5,0,1,1,2,2,1
27983,10,4,8,2,12,2,1,0,2,2,0
27984,3,4,15,4,4,3,1,1,1,2,0
27985,10,4,15,0,1,1,1,1,2,2,0
27986,6,4,15,4,12,1,0,0,2,2,1
27987,11,6,9,2,4,0,1,1,2,2,1
27988,6,6,11,2,5,0,1,1,2,2,0
27989,16,6,11,2,3,0,1,1,1,2,0
27990,5,0,9,0,0,4,1,0,2,2,0
27991,10,4,15,2,12,0,1,1,2,2,1
27992,12,6,13,2,2,0,0,1,2,4,1
27993,5,4,11,2,14,0,1,1,1,2,0
27994,6,4,11,4,7,1,1,0,2,2,0
27995,5,4,11,3,7,1,1,0,2,2,0
27996,12,4,0,2,7,0,1,1,2,2,0
27997,9,1,9,2,10,0,1,1,2,2,0
27998,6,4,11,0,1,4,1,0,4,4,0
27999,7,4,15,2,6,0,1,1,2,2,0
28000,7,4,10,2,5,0,1,1,2,2,0
28001,5,4,2,4,6,3,0,1,3,2,0
28002,8,4,15,2,4,0,1,1,2,2,0
28003,9,4,11,4,4,3,1,0,2,2,0
28004,5,4,9,4,4,1,1,1,2,2,1
28005,6,0,15,4,0,3,1,1,2,2,0
28006,4,4,15,4,3,1,1,1,1,2,0
28007,12,4,9,0,4,1,1,1,2,2,1
28008,7,4,9,4,12,1,0,1,3,2,0
28009,8,5,10,2,4,5,1,0,2,2,0
28010,7,6,12,4,10,3,1,1,4,2,0
28011,9,4,11,2,14,0,1,1,2,2,0
28012,7,2,8,0,10,1,1,1,2,2,0
28013,5,6,11,4,3,1,1,1,2,2,0
28014,8,7,9,2,10,5,0,0,1,2,1
28015,9,4,12,2,6,0,1,1,2,2,0
28016,8,0,0,2,0,0,1,1,1,2,0
28017,5,4,11,4,14,3,0,1,2,2,0
28018,5,4,11,4,8,3,0,0,3,2,0
28019,4,6,9,4,11,1,0,1,2,2,0
28020,13,4,15,0,1,1,1,1,0,2,0
28021,5,4,11,2,14,0,1,1,2,2,0
28022,3,0,15,4,0,4,1,0,1,2,0
28023,8,1,10,2,10,0,1,1,2,2,1
28024,5,4,15,4,13,2,1,1,2,2,0
28025,12,4,15,2,8,5,1,0,2,2,1
28026,10,6,11,4,3,3,1,1,2,2,0
28027,7,4,7,2,3,0,1,1,2,2,1
28028,7,4,15,2,12,0,1,1,2,2,1
28029,12,4,11,0,1,1,1,1,2,2,0
28030,4,4,7,2,12,0,1,1,2,2,0
28031,7,5,15,5,4,2,1,1,2,2,0
28032,12,4,15,2,14,0,1,1,2,2,0
28033,14,4,11,2,3,0,1,1,1,2,0
28034,4,1,14,2,10,0,1,1,2,2,1
28035,13,4,0,6,12,4,1,0,0,2,1
28036,10,4,10,0,10,4,1,0,2,2,0
28037,9,4,15,2,6,0,1,1,2,2,0
28038,6,4,11,2,3,0,0,1,2,2,0
28039,6,4,11,2,14,0,1,1,2,2,0
28040,8,4,8,0,1,4,1,0,1,2,0
28041,3,4,11,2,7,0,1,1,1,2,0
28042,7,4,11,2,3,0,1,1,2,2,0
28043,5,2,0,4,3,1,1,1,2,2,0
28044,10,2,6,2,14,0,1,1,2,2,0
28045,5,4,11,2,14,0,1,1,2,2,0
28046,4,4,7,4,4,3,1,1,2,1,0
28047,8,1,1,2,14,0,1,1,1,2,1
28048,6,4,15,2,12,0,1,1,2,2,1
28049,7,4,12,0,10,1,1,0,1,2,0
28050,3,0,15,4,0,1,1,1,1,2,0
28051,6,4,15,4,10,3,1,1,3,2,0
28052,6,0,3,2,0,5,1,0,2,2,0
28053,7,2,14,0,10,1,1,1,3,2,0
28054,13,4,13,2,7,0,1,1,1,2,1
28055,6,4,1,0,7,4,0,0,2,2,0
28056,9,4,11,2,4,0,1,1,2,2,1
28057,4,4,11,4,8,2,1,0,1,2,0
28058,6,0,11,4,0,3,0,0,2,2,0
28059,6,4,15,4,4,1,1,0,2,2,0
28060,5,4,10,2,10,0,1,1,2,2,1
28061,9,7,9,2,11,0,1,1,3,2,0
28062,10,4,11,2,3,0,1,1,2,2,0
28063,6,4,12,0,8,2,1,0,4,2,0
28064,4,4,11,4,1,1,0,0,1,2,0
28065,4,4,11,4,14,1,0,1,0,0,0
28066,8,6,12,0,12,1,1,1,2,2,1
28067,8,4,9,2,4,0,1,1,2,2,1
28068,4,4,11,0,3,3,0,0,0,2,0
28069,7,4,15,2,1,0,1,1,2,2,1
28070,6,4,8,4,4,1,1,0,1,2,0
28071,4,4,11,4,1,1,1,0,2,2,0
28072,7,6,11,2,5,0,1,1,1,2,1
28073,8,4,14,0,10,4,1,0,2,2,0
28074,10,4,8,2,14,0,1,1,1,2,1
28075,5,4,15,4,3,3,0,1,1,2,0
28076,8,4,8,2,7,0,1,1,2,2,0
28077,4,4,11,4,12,4,1,0,1,2,0
28078,6,6,0,0,8,1,0,1,2,2,0
28079,12,4,10,0,10,1,1,1,1,2,0
28080,11,4,11,2,7,0,1,1,2,2,0
28081,4,4,9,4,12,1,1,0,1,2,0
28082,15,2,14,0,10,1,0,0,3,2,1
28083,6,4,15,4,11,1,0,1,2,2,0
28084,4,4,15,4,1,1,0,1,2,0,0
28085,6,6,9,4,4,1,1,1,3,2,0
28086,8,4,9,2,3,0,1,1,2,2,0
28087,15,4,7,6,3,1,1,1,0,2,0
28088,8,4,9,2,3,0,1,1,2,2,0
28089,9,4,11,2,8,0,1,1,1,2,0
28090,9,2,15,2,11,0,1,1,2,2,1
28091,7,6,11,2,5,0,1,1,2,2,1
28092,5,4,0,6,3,1,1,1,2,2,0
28093,10,4,9,2,12,0,1,1,0,2,1
28094,7,4,15,2,3,5,1,0,2,2,1
28095,9,4,1,0,14,1,0,1,2,2,0
28096,6,4,12,2,4,0,1,1,2,2,0
28097,11,2,11,2,10,0,1,1,2,2,0
28098,14,6,11,2,5,0,1,1,2,2,0
28099,5,4,12,0,4,4,0,0,2,2,0
28100,10,6,5,0,3,0,1,1,2,4,0
28101,11,4,2,0,8,1,1,0,2,2,0
28102,7,4,15,2,3,0,1,1,2,2,1
28103,8,4,8,6,4,4,1,0,2,2,0
28104,8,4,15,2,1,0,1,1,2,2,0
28105,5,6,15,4,5,4,1,1,2,2,0
28106,6,4,6,2,3,0,1,1,2,2,1
28107,13,4,9,2,11,0,0,1,2,2,0
28108,3,4,11,4,1,3,1,0,3,2,0
28109,7,5,11,2,4,0,1,1,3,2,0
28110,4,4,12,4,4,1,0,1,1,2,0
28111,3,7,1,4,2,4,0,0,1,2,0
28112,7,4,11,2,3,0,1,1,2,2,1
28113,8,4,9,2,10,0,0,1,2,0,0
28114,12,6,9,2,4,0,1,1,0,2,0
28115,7,4,15,4,1,4,1,1,2,2,1
28116,6,7,14,2,4,0,1,1,2,2,0
28117,10,4,9,0,8,4,0,0,3,4,0
28118,6,4,9,2,1,0,1,1,3,2,0
28119,10,4,1,2,8,0,1,1,2,2,0
28120,8,4,8,0,1,4,0,0,2,2,0
28121,12,4,15,2,10,0,1,1,2,2,1
28122,3,0,11,4,0,3,1,1,2,2,0
28123,11,6,2,2,5,0,1,1,2,2,1
28124,5,5,15,4,12,3,1,1,2,2,0
28125,4,2,12,4,10,2,1,0,2,2,0
28126,10,4,8,4,13,1,1,1,2,2,0
28127,9,0,8,0,6,1,1,1,2,2,0
28128,11,3,11,2,13,0,1,1,2,2,0
28129,6,4,11,4,11,1,1,1,1,2,0
28130,4,4,14,4,10,4,1,0,0,2,0
28131,8,4,15,2,1,0,0,1,2,0,1
28132,6,6,15,5,8,1,1,1,2,2,0
28133,8,4,11,0,3,2,1,1,2,2,0
28134,3,6,11,4,14,1,1,1,1,2,0
28135,7,4,15,2,12,0,1,1,2,2,0
28136,6,7,7,2,10,0,1,1,3,2,0
28137,5,7,9,4,10,3,1,1,2,2,0
28138,8,6,15,2,3,0,1,1,2,2,0
28139,6,4,8,4,12,1,1,1,2,2,0
28140,12,6,7,2,10,0,1,1,1,2,1
28141,3,2,11,4,10,3,1,0,2,2,0
28142,7,2,15,2,3,0,0,1,2,2,0
28143,4,4,15,4,4,1,1,1,2,2,0
28144,4,4,8,4,3,1,1,1,2,2,0
28145,8,4,12,2,10,0,1,1,1,2,1
28146,6,5,12,2,4,0,1,1,2,2,0
28147,6,4,9,2,4,2,1,1,3,2,0
28148,7,4,15,0,12,1,1,1,1,2,1
28149,7,5,15,2,11,0,1,1,2,2,1
28150,4,4,15,4,13,1,1,1,2,2,0
28151,12,4,9,2,13,0,1,1,0,2,0
28152,6,4,11,2,12,0,1,1,2,2,0
28153,9,4,1,2,8,2,1,0,2,1,0
28154,9,4,1,0,8,1,1,0,2,2,0
28155,6,4,9,2,12,0,1,1,2,2,0
28156,7,4,15,2,10,0,1,1,1,2,0
28157,8,4,11,0,8,4,1,0,2,2,1
28158,4,4,15,4,1,3,1,0,2,2,0
28159,5,0,9,4,0,1,0,0,2,2,0
28160,4,4,11,4,8,1,1,1,2,2,0
28161,4,4,11,4,1,3,1,0,2,2,0
28162,5,6,2,2,7,0,0,1,1,0,1
28163,6,6,15,2,12,0,1,1,1,2,0
28164,7,4,11,2,7,0,1,1,2,2,0
28165,3,4,11,4,8,2,1,0,1,2,0
28166,6,4,11,0,8,4,0,0,2,4,0
28167,9,4,15,0,8,4,0,0,2,2,0
28168,10,4,15,2,12,0,1,1,2,2,0
28169,4,6,15,4,14,3,1,1,2,2,0
28170,6,4,9,0,12,4,1,0,2,2,0
28171,6,4,11,5,8,1,1,0,2,2,0
28172,7,2,11,0,14,1,1,1,3,2,0
28173,9,4,15,0,8,1,1,1,2,2,0
28174,8,6,11,0,3,1,1,1,2,2,0
28175,6,4,11,0,3,1,1,1,2,2,0
28176,4,4,11,0,3,4,1,1,0,2,0
28177,6,6,9,4,4,3,1,0,2,2,1
28178,4,4,8,4,13,3,1,1,1,2,0
28179,7,4,11,2,8,0,1,1,2,2,0
28180,11,2,11,0,8,4,1,0,2,2,0
28181,10,4,11,2,6,0,1,1,2,2,0
28182,4,2,7,4,1,1,0,0,2,2,0
28183,9,4,11,0,3,1,0,1,2,4,1
28184,6,6,12,4,8,1,0,1,2,2,0
28185,9,4,11,0,7,1,1,0,1,2,0
28186,5,7,15,2,11,0,1,1,2,2,0
28187,10,5,15,2,11,0,1,1,2,2,1
28188,4,4,11,4,1,1,1,0,2,0,0
28189,7,4,15,0,10,4,0,0,2,0,0
28190,7,6,12,4,5,3,1,1,1,2,0
28191,8,4,12,5,4,1,1,1,2,2,0
28192,7,4,15,2,13,0,1,1,1,2,0
28193,10,4,15,2,1,0,1,1,2,2,0
28194,4,5,8,4,12,1,1,1,2,2,0
28195,9,1,9,2,1,5,1,0,2,2,0
28196,6,2,11,4,1,3,1,0,0,2,0
28197,6,1,9,2,4,0,1,1,1,2,0
28198,5,4,11,4,7,1,1,0,2,2,0
28199,4,4,7,4,4,3,1,1,2,2,0
28200,5,4,11,4,8,1,1,0,2,2,0
28201,6,4,9,4,1,1,1,0,0,2,1
28202,15,4,12,0,10,4,1,0,0,2,0
28203,9,0,15,2,0,0,1,1,2,4,0
28204,8,6,5,0,8,4,1,0,2,2,0
28205,5,1,9,2,4,0,1,1,1,2,1
28206,6,4,11,4,12,1,1,1,2,2,1
28207,6,4,12,4,4,3,1,0,2,2,0
28208,11,4,15,2,3,0,1,1,2,2,1
28209,10,6,11,2,7,0,1,1,2,2,1
28210,10,4,11,0,1,2,1,0,3,2,0
28211,4,6,9,4,4,3,1,0,2,2,0
28212,4,2,1,4,11,3,1,1,2,2,0
28213,9,4,1,5,14,1,1,1,2,2,0
28214,5,4,15,2,1,0,1,1,3,2,0
28215,7,4,11,2,4,0,1,1,2,2,0
28216,6,5,14,2,10,0,1,1,2,2,0
28217,9,4,0,0,1,1,0,0,2,2,0
28218,6,2,7,0,10,1,1,1,1,2,1
28219,4,4,5,2,6,0,1,1,1,2,0
28220,6,2,11,4,10,1,1,1,2,2,0
28221,4,4,11,4,1,1,1,1,1,2,0
28222,3,6,15,2,12,5,1,0,0,2,1
28223,7,4,9,4,10,2,1,0,2,2,0
28224,10,2,11,4,11,4,1,1,0,2,0
28225,5,6,11,4,3,1,1,1,2,2,0
28226,8,4,0,2,12,0,1,1,2,2,1
28227,5,4,9,4,12,4,0,1,2,2,1
28228,11,4,11,2,1,0,0,1,1,4,1
28229,12,0,15,2,0,0,1,1,1,2,0
28230,5,2,9,2,4,0,1,1,2,2,0
28231,7,4,11,2,14,0,1,1,2,2,0
28232,7,4,4,0,8,4,1,0,2,2,0
28233,11,6,11,2,1,5,1,0,2,2,1
28234,8,4,4,0,8,4,1,0,2,2,0
28235,5,4,2,4,8,3,1,1,2,2,0
28236,5,4,9,4,4,4,1,0,2,2,0
28237,6,1,11,3,1,5,1,0,3,2,1
28238,10,4,11,2,3,0,1,1,2,2,0
28239,6,4,0,5,7,4,1,0,0,4,0
28240,6,4,15,4,4,1,1,0,2,2,1
28241,8,4,11,0,3,1,1,1,2,2,0
28242,4,0,15,4,0,3,1,0,1,2,0
28243,11,7,9,0,4,4,1,0,1,2,0
28244,5,4,11,4,3,3,1,1,2,2,0
28245,16,4,11,5,8,1,1,0,1,2,0
28246,4,7,11,4,5,1,1,1,1,2,0
28247,7,4,1,2,3,0,1,1,2,2,0
28248,6,4,8,2,4,0,1,1,2,2,0
28249,6,4,15,0,6,1,0,1,1,0,0
28250,10,4,9,2,4,5,1,0,2,2,1
28251,6,4,7,4,4,1,1,1,2,2,0
28252,9,4,9,2,4,0,1,1,2,2,0
28253,10,4,11,2,1,0,1,1,2,2,1
28254,8,6,11,4,14,1,0,1,2,2,0
28255,12,4,15,2,3,0,1,1,1,2,0
28256,6,4,11,4,8,3,1,0,2,2,0
28257,9,6,8,2,5,0,1,1,2,2,0
28258,6,4,15,0,12,1,1,1,1,2,0
28259,7,4,7,0,14,0,1,1,2,2,0
28260,7,4,11,2,5,0,1,1,2,2,1
28261,10,4,9,2,13,0,1,1,2,2,0
28262,7,0,0,2,0,0,1,1,2,2,0
28263,15,4,15,0,6,2,1,1,0,2,0
28264,6,4,11,4,12,3,1,1,3,2,0
28265,6,5,9,2,12,0,1,1,2,3,0
28266,11,4,11,2,14,0,1,1,2,2,0
28267,9,4,5,2,3,0,1,1,2,2,1
28268,6,4,11,2,3,0,1,1,2,2,1
28269,4,4,11,4,4,3,1,0,1,2,0
28270,3,4,8,4,12,3,1,0,0,2,0
28271,3,6,15,4,5,1,1,1,2,2,0
28272,6,4,11,2,14,0,1,1,3,2,0
28273,12,4,9,2,10,5,1,0,1,2,0
28274,10,4,11,2,12,5,0,0,3,2,0
28275,4,5,12,2,10,5,1,0,2,2,1
28276,11,4,1,2,8,0,0,1,2,2,1
28277,11,6,15,0,1,4,1,0,2,2,0
28278,8,5,12,4,4,1,1,0,2,2,0
28279,11,4,15,0,12,1,1,1,0,2,0
28280,9,4,7,2,1,0,1,1,2,2,0
28281,7,5,11,4,4,1,1,0,1,2,0
28282,7,4,11,0,12,1,1,0,3,2,0
28283,12,4,6,2,8,0,1,1,2,2,0
28284,10,4,15,2,5,0,1,1,1,2,1
28285,13,4,11,6,8,1,0,0,1,2,0
28286,5,4,9,4,4,1,1,0,2,2,0
28287,10,4,9,2,4,0,1,1,2,2,1
28288,8,1,10,2,10,0,0,1,2,2,1
28289,8,4,9,2,12,0,1,1,2,2,0
28290,13,4,15,6,8,1,0,0,0,0,0
28291,11,7,12,2,10,0,1,1,2,2,0
28292,10,4,15,2,3,0,1,1,2,2,1
28293,4,4,7,4,10,3,1,1,1,2,0
28294,7,2,15,4,8,3,0,1,1,2,0
28295,10,0,11,0,0,4,0,0,2,2,0
28296,8,4,14,2,10,0,0,1,2,0,1
28297,6,1,15,5,1,1,0,0,2,2,0
28298,9,7,11,2,13,0,1,1,2,2,0
28299,7,4,15,2,3,0,1,1,2,2,0
28300,11,4,4,2,6,0,1,1,2,2,0
28301,8,4,11,2,8,5,1,0,2,2,0
28302,9,4,8,2,13,0,1,1,2,2,0
28303,8,4,15,0,10,3,1,0,2,2,0
28304,4,6,11,4,5,1,1,1,1,2,0
28305,7,4,12,2,10,5,1,0,2,2,0
28306,8,2,9,2,10,0,1,1,2,2,0
28307,9,4,0,2,14,0,1,1,3,2,0
28308,7,4,11,2,1,0,1,1,2,2,0
28309,5,4,11,4,4,3,1,1,2,2,0
28310,5,4,12,4,10,2,1,0,2,2,0
28311,7,2,15,4,8,1,1,0,2,2,1
28312,8,4,5,2,9,5,1,0,2,2,0
28313,6,4,7,2,14,0,1,1,2,2,0
28314,7,6,5,2,3,0,1,1,2,2,0
28315,8,1,11,0,1,4,1,0,2,2,0
28316,9,4,11,4,3,1,1,1,2,2,0
28317,8,4,11,2,6,0,0,1,2,2,0
28318,3,4,11,4,14,1,0,1,0,2,0
28319,4,2,7,4,1,4,1,0,2,2,0
28320,3,1,11,4,14,2,1,1,1,2,0
28321,6,2,11,4,1,1,1,0,2,2,0
28322,6,6,15,2,14,0,1,1,2,2,0
28323,9,1,15,2,1,5,1,0,2,2,0
28324,11,4,9,2,6,0,1,1,1,2,1
28325,9,1,15,4,13,1,0,1,2,0,0
28326,7,2,1,4,11,1,0,1,1,2,0
28327,8,4,8,2,4,0,1,1,2,2,0
28328,11,2,11,2,8,0,0,1,2,2,0
28329,7,4,12,2,10,0,1,1,2,2,0
28330,8,4,11,2,3,0,1,1,2,2,1
28331,14,4,12,5,4,4,1,0,3,2,0
28332,5,4,15,4,12,1,1,0,2,2,1
28333,5,4,15,4,13,3,1,1,2,2,0
28334,7,2,9,2,8,0,0,1,2,2,0
28335,7,6,8,2,10,0,1,1,1,2,1
28336,7,6,15,0,12,4,1,0,3,2,0
28337,15,4,11,0,14,1,1,0,0,2,0
28338,9,4,11,2,12,0,1,1,2,2,0
28339,12,4,9,0,10,1,1,1,1,2,0
28340,10,4,1,2,14,0,1,1,2,2,0
28341,6,4,9,2,12,0,1,1,2,2,0
28342,5,4,11,6,1,1,0,1,1,2,1
28343,7,4,11,4,1,3,1,0,2,2,0
28344,7,4,11,0,1,1,0,0,1,2,0
28345,5,7,13,3,2,5,0,0,0,2,0
28346,5,4,11,4,3,3,1,1,2,4,0
28347,6,4,11,2,8,0,1,1,1,2,1
28348,10,4,15,2,5,0,1,1,1,2,1
28349,6,4,0,2,14,0,1,1,2,2,0
28350,6,0,2,4,0,1,1,0,2,2,0
28351,6,4,11,2,14,0,1,1,2,2,1
28352,9,4,12,2,6,0,1,1,1,2,0
28353,7,4,15,2,8,0,1,1,1,2,1
28354,5,6,10,4,10,3,1,1,0,2,0
28355,4,2,9,4,4,5,1,0,2,2,1
28356,10,4,12,2,10,0,1,1,2,2,0
28357,8,2,12,0,10,4,1,0,2,2,0
28358,8,7,9,5,10,4,1,0,2,2,0
28359,13,4,11,2,7,0,1,1,0,2,1
28360,15,4,8,0,10,1,1,0,3,2,0
28361,9,4,6,2,3,0,0,1,2,0,0
28362,4,4,11,0,1,4,1,0,1,2,0
28363,9,3,4,2,6,0,1,1,2,2,0
28364,8,4,11,2,14,0,0,1,3,2,1
28365,5,6,11,2,3,0,1,1,2,2,0
28366,8,4,9,0,1,1,1,1,2,2,0
28367,8,2,9,2,4,0,1,1,2,2,0
28368,10,0,11,2,0,0,1,1,2,2,0
28369,6,4,11,2,1,5,0,0,2,2,0
28370,8,4,5,2,10,0,0,1,2,0,0
28371,7,4,11,4,3,3,1,1,2,2,0
28372,6,4,11,5,6,4,1,1,2,2,0
28373,12,4,15,2,4,0,1,1,2,2,0
28374,10,4,11,0,1,4,0,0,2,2,0
28375,3,4,10,4,10,3,1,0,2,1,0
28376,8,4,14,2,10,0,1,1,2,2,0
28377,9,4,7,0,1,1,1,0,2,2,0
28378,11,4,7,6,8,1,1,1,2,2,0
28379,11,7,6,2,8,0,1,1,2,2,1
28380,7,4,11,2,8,0,1,1,2,2,0
28381,8,4,9,2,4,0,1,1,2,2,1
28382,5,0,15,4,0,1,0,0,2,0,1
28383,4,4,15,4,12,3,1,1,2,2,0
28384,13,7,15,4,1,1,1,0,2,2,0
28385,11,6,11,5,3,4,1,1,2,2,0
28386,7,4,15,4,6,2,1,1,3,2,1
28387,6,4,4,0,8,1,1,0,2,2,0
28388,6,4,9,0,8,1,1,1,1,2,0
28389,9,4,0,4,14,4,1,1,1,2,0
28390,6,4,11,0,12,1,1,1,2,4,0
28391,7,4,11,4,3,3,1,0,2,2,0
28392,9,4,0,2,7,0,0,1,2,2,0
28393,13,4,11,6,12,4,1,0,2,2,0
28394,7,4,9,2,4,0,1,1,2,2,1
28395,6,2,11,4,10,1,1,0,2,2,0
28396,9,4,11,2,11,0,1,1,2,2,0
28397,8,4,11,2,14,3,1,1,3,2,0
28398,6,4,15,2,4,0,1,1,1,2,0
28399,11,1,9,2,10,0,1,1,2,2,0
28400,6,4,11,0,12,4,1,0,2,2,0
28401,6,1,15,0,11,4,1,0,2,2,0
28402,5,4,11,4,1,1,1,0,2,2,0
28403,6,4,7,2,10,0,1,1,3,2,1
28404,4,4,11,4,12,1,1,1,1,2,0
28405,8,4,11,5,3,1,1,1,3,2,0
28406,5,4,11,0,7,1,1,1,2,2,0
28407,6,0,9,0,0,1,1,1,2,2,0
28408,5,4,11,4,7,1,1,0,2,2,0
28409,6,4,11,2,6,0,1,1,2,2,0
28410,11,4,15,6,8,1,1,1,2,2,0
28411,6,7,15,2,11,0,1,1,1,2,1
28412,6,4,7,5,13,1,1,0,2,2,0
28413,9,4,10,2,10,0,1,1,1,2,0
28414,7,6,15,2,1,5,1,0,2,4,0
28415,7,4,9,2,1,0,1,1,2,2,0
28416,6,4,7,4,4,3,1,0,2,2,0
28417,8,4,7,2,8,0,0,1,2,2,0
28418,7,4,11,4,14,1,0,1,2,2,0
28419,10,4,11,2,14,0,1,1,2,2,1
28420,6,4,11,2,7,5,1,0,2,2,0
28421,6,0,11,5,0,4,1,0,1,2,0
28422,7,6,11,2,3,0,0,1,2,2,0
28423,8,4,6,4,12,1,1,0,2,2,0
28424,12,4,11,2,14,0,1,1,2,2,0
28425,4,4,11,4,1,3,1,0,2,2,0
28426,6,4,6,4,12,2,1,1,2,2,0
28427,4,4,11,4,10,1,1,1,1,2,0
28428,11,4,9,2,12,0,1,1,2,2,1
28429,3,6,9,4,12,3,1,1,2,2,0
28430,5,4,9,2,1,0,1,1,2,2,1
28431,4,4,15,4,1,1,0,0,1,2,0
28432,6,4,11,2,7,0,1,1,3,2,1
28433,3,4,9,4,3,1,1,1,1,2,0
28434,5,4,9,2,1,0,1,1,2,2,0
28435,8,4,1,4,6,3,1,1,2,2,0
28436,11,4,11,6,12,1,1,0,1,2,0
28437,4,1,8,4,1,2,1,0,1,2,0
28438,6,0,10,5,0,1,0,0,2,2,0
28439,15,0,2,0,0,3,1,0,0,2,0
28440,9,6,11,2,4,0,1,1,2,2,1
28441,7,4,1,2,3,0,1,1,1,2,1
28442,6,4,6,2,3,0,1,1,2,2,0
28443,5,4,11,2,3,0,1,1,2,2,1
28444,9,4,11,2,3,0,1,1,1,2,1
28445,9,4,11,4,1,1,1,0,2,2,0
28446,6,6,15,2,14,0,1,1,2,2,0
28447,4,6,1,2,12,5,1,0,2,2,1
28448,7,6,5,4,3,3,1,1,1,2,0
28449,5,4,11,4,8,3,1,0,2,2,0
28450,8,4,11,5,12,1,1,0,2,2,0
28451,8,4,11,2,3,0,1,1,2,2,0
28452,4,4,10,4,10,3,0,1,2,2,0
28453,10,4,11,2,3,0,1,1,2,2,0
28454,4,4,15,4,13,1,1,0,3,2,0
28455,10,2,1,2,8,0,1,1,3,2,0
28456,6,4,11,2,7,0,1,1,3,2,1
28457,10,4,2,2,6,0,1,1,1,2,1
28458,4,4,11,4,7,1,1,0,2,2,0
28459,5,1,9,4,10,1,1,0,2,2,0
28460,7,4,15,4,1,1,1,0,2,2,0
28461,7,4,8,4,12,1,1,0,2,2,1
28462,5,4,15,4,1,1,1,1,2,2,0
28463,8,2,9,6,4,4,1,1,2,2,0
28464,5,4,5,4,8,3,1,0,2,2,0
28465,10,4,11,2,7,0,1,1,2,2,0
28466,5,7,7,2,4,0,1,1,1,2,1
28467,8,4,11,2,4,0,1,1,1,2,1
28468,11,4,9,2,10,0,1,1,2,2,0
28469,5,0,11,0,0,1,0,0,2,2,0
28470,8,4,11,2,14,0,1,1,2,2,0
28471,4,4,11,5,7,2,1,0,2,2,0
28472,9,4,11,2,3,0,1,1,2,2,0
28473,6,4,15,4,3,4,1,1,3,2,0
28474,13,4,15,2,12,0,1,1,2,2,0
28475,8,7,1,0,2,1,0,0,1,2,0
28476,10,4,15,4,5,1,1,1,2,2,1
28477,6,5,14,4,10,1,1,1,1,2,0
28478,6,4,15,4,12,1,1,1,2,2,0
28479,3,4,11,4,7,4,1,1,1,2,0
28480,7,4,9,2,12,0,0,1,2,4,0
28481,7,4,11,5,14,1,1,1,2,2,0
28482,9,4,7,0,4,1,1,1,3,2,0
28483,6,4,11,2,5,0,1,1,1,2,0
28484,10,6,15,2,5,0,1,1,1,2,0
28485,4,4,7,4,14,1,1,0,2,2,0
28486,7,4,15,2,3,0,1,1,2,2,1
28487,9,4,11,2,3,0,1,1,1,2,0
28488,4,4,0,4,8,1,0,0,0,2,0
28489,10,0,15,2,0,0,1,1,2,2,1
28490,7,4,11,2,6,0,1,1,2,2,0
28491,11,7,15,0,11,1,1,1,2,2,0
28492,7,4,15,2,3,0,1,1,3,2,0
28493,11,5,10,2,10,0,0,1,2,0,0
28494,15,4,15,2,13,0,1,1,3,2,0
28495,10,4,4,2,3,0,1,1,2,2,1
28496,8,4,15,0,10,1,1,1,3,2,0
28497,7,5,11,4,4,1,0,0,2,2,0
28498,8,4,11,0,7,1,1,0,2,2,0
28499,4,4,9,4,12,3,1,0,2,2,0
28500,3,2,12,4,10,1,1,0,2,2,0
28501,6,4,11,2,6,0,1,1,2,2,1
28502,10,4,1,0,8,1,0,0,2,2,0
28503,8,6,15,4,3,1,1,1,1,2,0
28504,7,4,11,5,7,4,0,0,2,2,0
28505,5,6,11,2,5,0,1,1,2,2,0
28506,10,5,11,2,3,0,1,1,0,2,0
28507,3,4,12,2,10,5,1,0,2,2,0
28508,7,5,9,2,11,0,1,1,2,2,1
28509,10,4,11,2,1,0,0,1,3,0,1
28510,7,2,15,2,10,0,1,1,2,2,1
28511,5,4,9,4,10,3,1,0,2,2,0
28512,3,4,11,4,7,1,1,1,0,2,0
28513,4,7,7,4,1,1,1,0,2,2,0
28514,5,2,9,2,10,5,1,0,2,2,0
28515,7,6,8,0,3,1,1,1,2,2,0
28516,7,7,11,2,10,0,1,1,2,2,0
28517,7,1,8,2,1,0,1,1,3,2,1
28518,8,4,12,2,4,5,1,0,2,3,0
28519,9,6,15,4,8,3,1,0,2,2,0
28520,9,5,8,2,13,0,1,1,2,2,0
28521,4,4,9,2,6,0,1,1,1,2,1
28522,5,4,1,2,8,0,0,1,2,2,0
28523,6,4,9,2,12,0,1,1,2,2,1
28524,4,4,11,4,1,4,1,0,2,2,0
28525,11,4,7,2,1,0,1,1,2,2,0
28526,5,1,15,4,10,3,1,1,1,2,0
28527,9,4,11,2,12,5,1,0,2,2,0
28528,4,1,9,4,1,3,0,1,2,2,0
28529,7,4,9,2,4,0,1,1,2,2,0
28530,7,4,9,0,4,4,1,0,3,2,1
28531,4,4,15,4,8,1,1,0,0,2,1
28532,7,4,11,2,4,0,1,1,2,2,1
28533,10,4,11,0,7,4,1,0,2,2,0
28534,4,5,11,4,4,3,1,1,1,2,0
28535,12,4,9,2,12,0,1,1,2,2,0
28536,8,4,4,0,8,4,0,0,2,2,0
28537,9,4,8,2,3,0,0,1,2,2,1
28538,8,0,2,5,0,2,1,0,2,2,0
28539,3,4,15,4,4,1,1,1,1,2,0
28540,10,4,11,2,3,0,1,1,2,2,1
28541,8,4,10,2,4,0,1,1,2,2,1
28542,8,4,15,0,12,4,0,0,2,2,0
28543,7,4,11,2,14,0,0,1,2,2,1
28544,13,0,15,6,0,4,1,0,2,2,0
28545,8,4,6,4,9,2,1,0,1,2,0
28546,11,4,15,2,12,0,1,1,2,2,0
28547,5,4,15,2,1,5,0,0,2,2,0
28548,8,4,11,4,3,1,1,1,2,2,0
28549,8,4,11,2,7,0,1,1,3,2,0
28550,7,4,11,2,3,0,1,1,2,2,0
28551,12,4,11,2,1,0,1,1,2,2,0
28552,9,4,0,2,7,0,1,1,2,2,0
28553,7,4,15,2,12,0,1,1,1,2,1
28554,8,4,1,2,6,0,1,1,3,2,0
28555,14,4,11,6,1,1,1,0,1,2,0
28556,3,4,11,4,14,1,1,1,1,1,0
28557,10,4,11,2,3,0,1,1,1,2,0
28558,10,4,9,2,8,0,1,1,3,2,1
28559,6,4,9,4,1,4,1,0,2,2,0
28560,6,4,11,2,4,0,1,1,2,2,1
28561,10,4,0,2,1,0,0,1,1,2,1
28562,11,0,2,2,0,0,1,1,1,2,1
28563,10,4,11,0,6,1,1,1,2,2,0
28564,6,7,14,2,10,0,1,1,2,2,1
28565,8,4,15,0,8,2,1,0,2,2,0
28566,10,4,11,2,3,0,1,1,1,2,1
28567,5,6,4,4,3,4,1,1,2,2,0
28568,6,4,12,2,8,5,1,0,2,2,1
28569,6,4,11,0,3,1,1,1,2,2,0
28570,4,4,9,4,10,2,1,0,1,2,0
28571,10,7,15,0,4,3,1,1,2,2,0
